發生年度,發生月,發生日,發生時-Hours,發生分,處理別-編號,區序,肇事地點,死亡人數,2-30日死亡人數,受傷人數,當事人序號,車種,天候,光線,道路類別,速限-速度限制,道路型態,事故位置,路面狀況1,路面狀況2,路面狀況3,道路障礙1,道路障礙2,號誌1,號誌2,車道劃分-分向,車道劃分-分道1,車道劃分-分道2,車道劃分-分道3,事故類型及型態,性別,年齡,受傷程度,主要傷處,保護裝置,行動電話,車輛用途,當事者行動狀態,駕駛資格情形,駕駛執照種類,飲酒情形,車輛撞擊部位1,車輛撞擊部位2,肇因碼-個別,肇因碼-主要,個人肇逃否,職業,旅次目的,座標-X,座標-Y
112,1,2,21,50,2,04大安區,大安區敦化南路2段與四維路170巷口,0,0,1,2,C03,6,3,5,50,4,1,1,4,4,5,7,1,1,1,4,5,2,16,1,33,2,9,1,1,7,9,1,10,1,12,,13,,1,22,9,121.5485433,25.0282421
112,1,2,22,30,2,12內湖區,內湖區康寧路1段與成功路3段口,0,0,3,1,C03,6,3,5,50,4,1,1,4,4,5,7,2,1,1,4,5,2,3,1,70,2,7,1,1,7,5,4,8,2,11,,15,,1,22,9,121.5908215,25.08076041
112,1,2,22,30,2,12內湖區,內湖區康寧路1段與成功路3段口,0,0,3,2,H01,6,3,5,50,4,1,1,4,4,5,7,2,1,1,4,5,2,3,1,49,2,9,4,5,8,16,8,20,10,16,,67,,1,22,9,121.5908215,25.08076041
112,1,2,22,30,2,12內湖區,內湖區康寧路1段與成功路3段口,0,0,3,3,H01,6,3,5,50,4,1,1,4,4,5,7,2,1,1,4,5,2,3,2,49,2,9,4,5,8,16,8,20,10,16,,67,,1,22,9,121.5908215,25.08076041
112,1,2,22,45,2,02萬華區,萬華區中華路2段與艋舺大道口,0,0,1,1,B01,8,3,5,50,3,1,1,5,4,5,7,2,1,1,5,5,2,16,1,62,3,10,1,1,7,5,1,4,1,2,,25,,1,22,9,121.5056674,25.03447643
112,1,2,22,45,2,02萬華區,萬華區中華路2段與艋舺大道口,0,0,1,2,C03,8,3,5,50,3,1,1,5,4,5,7,2,1,1,5,5,2,16,2,20,2,9,1,1,7,9,1,10,1,11,,44,,1,22,9,121.5056674,25.03447643
112,1,3,0,34,2,07信義區,信義區松山路417號,0,0,1,1,C03,6,3,5,50,14,9,1,4,4,5,7,4,4,1,4,5,2,17,2,26,2,9,3,4,7,9,1,10,1,11,,43,,1,22,9,121.577919,25.04115726
112,1,3,0,34,2,07信義區,信義區松山路417號,0,0,1,2,B03,6,3,5,50,14,9,1,4,4,5,7,4,4,1,4,5,2,17,1,47,3,10,3,4,7,13,1,8,1,7,,43,,1,22,9,121.577919,25.04115726
112,1,3,1,7,2,01大同區,大同區寧夏路32號,0,0,1,2,H01,8,1,8,0,15,22,1,5,4,5,7,4,4,7,5,5,2,3,1,45,2,8,1,1,8,17,8,20,10,16,,67,,1,22,9,121.5151693,25.05591846
112,1,3,1,7,2,01大同區,大同區寧夏路32號,0,0,1,1,C03,8,1,8,0,15,22,1,5,4,5,7,4,4,7,5,5,2,3,2,37,4,11,3,4,7,15,7,19,11,15,,43,,2,22,9,121.5151693,25.05591846
112,1,3,2,43,2,01大同區,大同區重慶北路3段236巷45弄與重慶北路3段252巷口,0,0,3,1,C03,8,3,5,30,4,1,1,5,4,5,7,4,4,10,4,5,2,15,1,33,2,9,3,4,7,9,1,10,1,11,,6,,1,22,9,121.512309,25.0713315
112,1,3,2,43,2,01大同區,大同區重慶北路3段236巷45弄與重慶北路3段252巷口,0,0,3,4,H02,8,3,5,30,4,1,1,5,4,5,7,4,4,10,4,5,2,15,1,39,2,9,3,4,7,20,8,20,10,16,,67,,1,22,9,121.512309,25.0713315
112,1,3,2,43,2,01大同區,大同區重慶北路3段236巷45弄與重慶北路3段252巷口,0,0,3,2,C03,8,3,5,30,4,1,1,5,4,5,7,4,4,10,4,5,2,15,1,29,2,9,3,4,7,9,1,10,1,12,,14,,1,22,9,121.512309,25.0713315
112,1,3,2,43,2,01大同區,大同區重慶北路3段236巷45弄與重慶北路3段252巷口,0,0,3,3,C03,8,3,5,30,4,1,1,5,4,5,7,4,4,10,4,5,2,15,2,35,3,10,3,4,7,13,1,10,11,14,,44,,1,22,9,121.512309,25.0713315
112,1,3,3,53,2,03中山區,中山區民族東路336號,0,0,1,4,B12,6,3,5,50,14,7,1,4,4,5,7,4,4,1,4,4,2,13,1,26,3,10,1,1,7,13,1,8,2,3,,38,,1,22,9,121.5372419,25.06806137
112,1,3,3,53,2,03中山區,中山區民族東路336號,0,0,1,3,B03,6,3,5,50,14,7,1,4,4,5,7,4,4,1,4,4,2,13,1,30,3,10,1,1,7,13,1,8,2,1,,38,,1,22,9,121.5372419,25.06806137
112,1,3,3,53,2,03中山區,中山區民族東路336號,0,0,1,2,B12,6,3,5,50,14,7,1,4,4,5,7,4,4,1,4,4,2,13,1,50,3,10,1,1,7,13,1,8,2,3,,38,,1,22,9,121.5372419,25.06806137
112,1,3,3,53,2,03中山區,中山區民族東路336號,0,0,1,1,B03,6,3,5,50,14,7,1,4,4,5,7,4,4,1,4,4,2,13,1,27,2,9,1,1,7,9,1,8,2,1,,23,,1,22,9,121.5372419,25.06806137
112,1,3,5,50,2,09北投區,北投區天母西路與天母西路117巷口,0,0,2,1,F01,7,2,5,50,3,1,1,5,4,5,7,1,1,5,5,5,2,17,1,85,2,9,1,1,7,1,8,20,1,16,,19,,1,22,9,121.5230187,25.1189705
112,1,3,5,50,2,09北投區,北投區天母西路與天母西路117巷口,0,0,2,2,C03,7,2,5,50,3,1,1,5,4,5,7,1,1,5,5,5,2,17,1,59,2,9,1,1,7,9,1,10,1,11,,42,,1,22,9,121.5230187,25.1189705
112,1,3,7,20,2,05中正區,中正區重慶南路3段與汀州路2段口,0,0,1,1,B11,6,1,8,50,4,1,1,4,4,5,7,1,1,1,4,5,2,16,1,59,3,10,1,1,7,6,1,8,1,2,,9,,1,22,9,121.5164808,25.0255872
112,1,3,7,20,2,05中正區,中正區重慶南路3段與汀州路2段口,0,0,1,2,C03,6,1,8,50,4,1,1,4,4,5,7,1,1,1,4,5,2,16,2,61,2,9,1,1,7,9,1,10,1,11,,44,,1,22,9,121.5164808,25.0255872
112,1,3,7,24,2,10文山區,文山區和平東路4段109號,0,0,1,3,B03,6,1,5,40,14,9,1,4,4,5,7,4,4,5,2,5,2,17,1,36,3,10,3,4,7,14,1,8,1,7,,42,,1,22,9,121.5681997,25.00492053
112,1,3,7,24,2,10文山區,文山區和平東路4段109號,0,0,1,4,C03,6,1,5,40,14,9,1,4,4,5,7,4,4,5,2,5,2,17,2,56,3,10,1,4,7,14,1,10,1,15,,44,,1,22,9,121.5681997,25.00492053
112,1,3,7,24,2,10文山區,文山區和平東路4段109號,0,0,1,1,C03,6,1,5,40,14,9,1,4,4,5,7,4,4,5,2,5,2,17,2,23,2,8,1,4,7,7,1,10,1,14,,7,,1,22,9,121.5681997,25.00492053
112,1,3,7,24,2,10文山區,文山區和平東路4段109號,0,0,1,2,A02,6,1,5,40,14,9,1,4,4,5,7,4,4,5,2,5,2,17,1,60,3,10,3,4,7,9,1,2,1,6,,42,,1,22,9,121.5681997,25.00492053
112,1,3,7,28,2,09北投區,北投區明德路與致遠一路1段口,0,0,1,1,C03,8,1,5,50,14,9,1,5,4,5,7,1,1,9,4,5,2,16,2,49,3,10,1,1,7,5,1,10,1,15,,6,,1,22,9,121.51796,25.10743168
112,1,3,7,28,2,09北投區,北投區明德路與致遠一路1段口,0,0,1,2,C03,8,1,5,50,14,9,1,5,4,5,7,1,1,9,4,5,2,16,1,61,2,8,1,1,7,9,1,10,1,11,,44,,1,22,9,121.51796,25.10743168
112,1,3,7,32,2,10文山區,文山區羅斯福路6段268號,0,0,1,1,B12,6,1,5,50,3,1,1,4,4,5,7,2,1,1,4,5,2,16,1,69,3,10,1,1,7,11,1,8,2,6,,10,,1,22,9,121.5401658,24.9915294
112,1,3,7,32,2,10文山區,文山區羅斯福路6段268號,0,0,1,2,C03,6,1,5,50,3,1,1,4,4,5,7,2,1,1,4,5,2,16,1,24,2,8,1,1,7,9,1,10,2,11,,23,,1,22,9,121.5401658,24.9915294
112,1,3,7,53,2,01大同區,大同區民權西路與蘭州街口,0,0,1,1,C03,8,2,5,50,4,1,1,5,4,5,7,1,1,1,4,5,2,16,1,59,3,10,1,1,7,5,1,10,2,12,,25,,1,22,9,121.5146846,25.0628596
112,1,3,7,53,2,01大同區,大同區民權西路與蘭州街口,0,0,1,2,C03,8,2,5,50,4,1,1,5,4,5,7,1,1,1,4,5,2,16,2,72,2,9,1,1,7,9,1,10,2,14,,44,,1,22,9,121.5146846,25.0628596
112,1,3,7,54,2,10文山區,文山區興隆路2段244巷與興隆路2段口,0,0,1,1,B12,6,1,5,50,3,1,1,4,4,5,7,4,4,5,5,5,2,17,1,60,3,10,1,1,7,6,1,8,2,15,,6,,1,22,9,121.5538534,25.0010334
112,1,3,7,54,2,10文山區,文山區興隆路2段244巷與興隆路2段口,0,0,1,2,C03,6,1,5,50,3,1,1,4,4,5,7,4,4,5,5,5,2,17,1,59,2,9,1,1,7,9,1,10,2,15,,14,,1,22,9,121.5538534,25.0010334
112,1,3,7,55,2,12內湖區,內湖區堤頂大道1段221號前,0,0,1,2,C03,6,1,5,50,14,9,1,4,4,5,7,4,4,1,4,5,2,17,1,31,2,9,1,1,7,9,1,10,1,12,,23,,1,22,9,121.5733978,25.05959508
112,1,3,7,55,2,12內湖區,內湖區堤頂大道1段221號前,0,0,1,1,B03,6,1,5,50,14,9,1,4,4,5,7,4,4,1,4,5,2,17,2,42,3,10,3,4,7,8,1,8,11,15,,7,,2,22,9,121.5733978,25.05959508
112,1,3,7,56,2,12內湖區,內湖區安康路與東湖路119巷口,0,0,2,3,F01,6,1,5,50,4,2,1,4,4,5,7,1,1,5,4,5,2,16,2,62,2,9,1,1,7,13,8,20,1,16,,44,,1,22,9,121.6160961,25.06830031
112,1,3,7,56,2,12內湖區,內湖區安康路與東湖路119巷口,0,0,2,1,B03,6,1,5,50,4,2,1,4,4,5,7,1,1,5,4,5,2,16,1,37,3,10,1,1,7,11,1,8,2,8,,10,,1,22,9,121.6160961,25.06830031
112,1,3,7,56,2,12內湖區,內湖區安康路與東湖路119巷口,0,0,2,2,C03,6,1,5,50,4,2,1,4,4,5,7,1,1,5,4,5,2,16,2,27,2,9,1,1,7,9,1,10,2,12,,23,,1,22,9,121.6160961,25.06830031
112,1,3,8,10,2,04大安區,大安區忠孝東路3段與忠孝東路3段10巷口,0,0,3,6,G06,7,1,5,50,14,9,1,5,4,5,7,4,4,1,4,5,2,12,4,0,4,11,3,4,7,15,7,19,11,15,,43,,2,22,9,121.5335981,25.04210706
112,1,3,8,10,2,04大安區,大安區忠孝東路3段與忠孝東路3段10巷口,0,0,3,1,B03,7,1,5,50,14,9,1,5,4,5,7,4,4,1,4,5,2,12,1,40,3,10,1,1,7,7,1,8,1,7,,7,,1,21,8,121.5335981,25.04210706
112,1,3,8,10,2,04大安區,大安區忠孝東路3段與忠孝東路3段10巷口,0,0,3,2,C03,7,1,5,50,14,9,1,5,4,5,7,4,4,1,4,5,2,12,2,27,2,7,1,1,7,9,1,10,1,13,,44,,1,21,8,121.5335981,25.04210706
112,1,3,8,10,2,04大安區,大安區忠孝東路3段與忠孝東路3段10巷口,0,0,3,3,C03,7,1,5,50,14,9,1,5,4,5,7,4,4,1,4,5,2,12,2,55,2,8,1,1,7,7,1,10,1,11,,7,,1,21,8,121.5335981,25.04210706
112,1,3,8,10,2,04大安區,大安區忠孝東路3段與忠孝東路3段10巷口,0,0,3,4,C03,7,1,5,50,14,9,1,5,4,5,7,4,4,1,4,5,2,12,1,34,2,7,1,1,7,9,1,10,1,11,,16,,1,21,8,121.5335981,25.04210706
112,1,3,8,10,2,04大安區,大安區忠孝東路3段與忠孝東路3段10巷口,0,0,3,5,B01,7,1,5,50,14,9,1,5,4,5,7,4,4,1,4,5,2,12,4,0,4,11,3,4,7,15,7,19,11,15,,43,,2,22,9,121.5335981,25.04210706
112,1,3,8,11,2,10文山區,文山區木新路3段與木新路3段74巷口,0,0,1,1,B03,6,1,5,30,14,9,1,4,4,3,5,4,4,5,2,5,2,16,1,47,3,10,1,1,7,6,1,8,2,8,,9,,1,22,9,121.5635275,24.98234124
112,1,3,8,11,2,10文山區,文山區木新路3段與木新路3段74巷口,0,0,1,2,C03,6,1,5,30,14,9,1,4,4,3,5,4,4,5,2,5,2,16,2,20,2,9,1,1,7,9,1,10,2,11,12,14,,1,22,9,121.5635275,24.98234124
112,1,3,8,11,2,10文山區,文山區木新路3段與木新路3段74巷口,0,0,1,3,B03,6,1,5,30,14,9,1,4,4,3,5,4,4,5,2,5,2,16,1,39,3,10,1,1,7,13,1,8,2,15,,38,,1,22,9,121.5635275,24.98234124
112,1,3,8,12,2,08士林區,士林區永平街與永平街25巷口,0,0,1,1,C03,8,1,5,30,3,2,1,5,4,3,5,4,4,9,5,5,1,17,2,42,2,8,1,1,7,5,1,10,1,11,,6,,1,22,9,121.5051069,25.09028375
112,1,3,8,12,2,08士林區,士林區永平街與永平街25巷口,0,0,1,2,B03,8,1,5,30,3,2,1,5,4,3,5,4,4,9,5,5,1,17,1,38,3,10,1,1,7,9,1,8,1,5,,23,,1,22,9,121.5051069,25.09028375
112,1,3,8,12,2,08士林區,士林區永平街與永平街25巷口,0,0,1,3,B12,8,1,5,30,3,2,1,5,4,3,5,4,4,9,5,5,1,17,1,58,3,10,3,1,7,14,1,8,11,15,,38,,2,22,9,121.5051069,25.09028375
112,1,3,8,26,2,06松山區,松山區民權東路4段與敦化北路口,0,0,2,2,C03,7,1,5,50,4,1,1,5,4,5,7,2,1,1,4,5,2,16,2,41,2,9,1,1,7,8,1,10,1,12,,7,,1,22,9,121.550862,25.0616315
112,1,3,8,26,2,06松山區,松山區民權東路4段與敦化北路口,0,0,2,1,C03,7,1,5,50,4,1,1,5,4,5,7,2,1,1,4,5,2,16,2,31,2,9,1,1,7,9,1,10,1,14,,23,,1,22,9,121.550862,25.0616315
112,1,3,8,35,2,04大安區,大安區復興南路1段與復興南路1段79巷口,0,0,1,1,B03,6,1,5,50,3,1,1,4,4,5,7,4,4,10,5,5,1,17,1,59,3,10,3,1,7,6,1,8,1,15,,6,,1,22,9,121.5440609,25.04438635
112,1,3,8,35,2,04大安區,大安區復興南路1段與復興南路1段79巷口,0,0,1,2,C03,6,1,5,50,3,1,1,4,4,5,7,4,4,10,5,5,1,17,1,45,2,9,1,1,7,9,1,10,1,14,,42,,1,22,9,121.5440609,25.04438635
112,1,3,8,37,2,03中山區,中山區農安街與松江路402巷7弄口,0,0,1,1,B03,7,1,5,50,3,1,1,5,4,5,7,4,4,9,5,5,2,12,1,39,3,10,3,4,7,11,1,8,1,4,,10,,1,22,9,121.5326217,25.0647839
112,1,3,8,37,2,03中山區,中山區農安街與松江路402巷7弄口,0,0,1,2,C03,7,1,5,50,3,1,1,5,4,5,7,4,4,9,5,5,2,12,1,56,2,8,1,1,7,9,1,9,1,11,,44,,1,22,9,121.5326217,25.0647839
112,1,3,8,40,2,07信義區,信義區忠孝東路5段113號,0,0,2,1,C03,6,1,5,50,14,9,1,4,4,5,7,4,4,9,4,5,2,12,2,40,2,9,1,1,7,9,1,10,1,12,,17,,1,22,9,121.5674974,25.041129
112,1,3,8,40,2,07信義區,信義區忠孝東路5段113號,0,0,2,2,C03,6,1,5,50,14,9,1,4,4,5,7,4,4,9,4,5,2,12,1,21,2,8,1,1,7,9,1,10,1,14,,17,,1,22,9,121.5674974,25.041129
112,1,3,8,51,2,06松山區,松山區市民大道6段與松山路口,0,0,1,1,B01,6,1,5,50,4,1,1,4,4,5,7,1,1,1,4,5,2,16,1,66,3,10,1,1,7,6,1,4,1,2,,9,,1,22,9,121.577643,25.04955495
112,1,3,8,51,2,06松山區,松山區市民大道6段與松山路口,0,0,1,2,C03,6,1,5,50,4,1,1,4,4,5,7,1,1,1,4,5,2,16,2,28,2,9,1,1,7,9,1,10,1,14,,23,,1,22,9,121.577643,25.04955495
112,1,3,8,57,2,06松山區,松山區延壽街18巷與延壽街口,0,0,1,2,C03,6,1,5,30,3,2,1,4,4,5,7,4,4,8,3,5,1,16,1,53,2,9,3,1,7,9,1,10,1,11,,44,,1,22,9,121.5686347,25.05728378
112,1,3,8,57,2,06松山區,松山區延壽街18巷與延壽街口,0,0,1,1,B12,6,1,5,30,3,2,1,4,4,5,7,4,4,8,3,5,1,16,1,63,3,10,3,1,7,5,1,8,1,5,,6,,1,22,9,121.5686347,25.05728378
112,1,3,9,3,2,04大安區,大安區忠孝東路4段10號,0,0,2,1,B01,6,1,5,50,14,9,1,4,4,5,7,4,4,1,4,5,2,17,1,48,3,10,1,1,7,1,1,4,1,4,,19,,1,22,9,121.5441976,25.0415019
112,1,3,9,3,2,04大安區,大安區忠孝東路4段10號,0,0,2,3,C03,6,1,5,50,14,9,1,4,4,5,7,4,4,1,4,5,2,17,2,24,2,8,1,1,7,9,1,10,1,12,13,44,,1,22,9,121.5441976,25.0415019
112,1,3,9,3,2,04大安區,大安區忠孝東路4段10號,0,0,2,4,C03,6,1,5,50,14,9,1,4,4,5,7,4,4,1,4,5,2,17,2,27,3,10,1,1,7,12,1,10,1,11,,44,,1,22,9,121.5441976,25.0415019
112,1,3,9,3,2,04大安區,大安區忠孝東路4段10號,0,0,2,2,C03,6,1,5,50,14,9,1,4,4,5,7,4,4,1,4,5,2,17,2,53,2,8,1,1,7,9,1,10,1,14,,44,,1,22,9,121.5441976,25.0415019
112,1,3,9,16,2,07信義區,信義區光復南路與基隆路1段364巷口口,0,0,1,2,C03,6,1,5,30,3,2,1,4,4,5,7,4,4,1,4,4,2,17,2,43,2,8,1,1,7,9,1,10,2,13,,42,,1,22,9,121.5576633,25.0351295
112,1,3,9,16,2,07信義區,信義區光復南路與基隆路1段364巷口口,0,0,1,1,B03,6,1,5,30,3,2,1,4,4,5,7,4,4,1,4,4,2,17,1,45,3,10,1,1,7,6,1,8,2,1,,23,,1,22,9,121.5576633,25.0351295
112,1,3,9,21,2,08士林區,士林區福林路與福林路100巷口,0,0,2,1,C03,8,1,5,50,3,2,1,5,4,5,7,3,1,9,5,5,1,17,1,60,2,7,1,1,7,6,1,10,1,12,,5,,1,22,9,121.5312435,25.09583387
112,1,3,9,21,2,08士林區,士林區福林路與福林路100巷口,0,0,2,2,C03,8,1,5,50,3,2,1,5,4,5,7,3,1,9,5,5,1,17,1,20,2,9,1,1,7,9,1,10,1,14,,17,,1,22,9,121.5312435,25.09583387
112,1,3,9,30,2,12內湖區,內湖區安康路25巷與安康路口,0,0,1,2,C03,6,1,5,50,4,1,1,4,4,5,7,2,1,9,4,5,2,12,1,39,3,10,1,1,7,5,1,10,2,14,,44,,1,22,9,121.5934867,25.06251643
112,1,3,9,30,2,12內湖區,內湖區安康路25巷與安康路口,0,0,1,1,C03,6,1,5,50,4,1,1,4,4,5,7,2,1,9,4,5,2,12,1,38,2,7,1,1,7,9,1,10,2,11,,4,,1,22,9,121.5934867,25.06251643
112,1,3,9,34,2,04大安區,大安區和平東路2段48號,0,0,2,2,C03,7,1,5,50,14,9,1,4,4,5,7,4,4,9,4,5,1,12,1,46,2,9,1,4,7,9,1,10,1,11,,44,,1,22,9,121.5384766,25.0254977
112,1,3,9,34,2,04大安區,大安區和平東路2段48號,0,0,2,1,C01,7,1,5,50,14,9,1,4,4,5,7,4,4,9,4,5,1,12,1,43,2,8,1,4,7,7,1,9,1,14,,7,,1,22,9,121.5384766,25.0254977
112,1,3,9,47,2,02萬華區,中正區汀州路3段46號,0,0,1,1,B02,6,1,5,50,14,9,1,4,4,5,7,4,4,5,5,5,2,12,1,58,3,10,1,1,7,6,1,8,2,15,,9,,1,22,9,121.530676,25.0160039
112,1,3,9,47,2,02萬華區,中正區汀州路3段46號,0,0,1,2,C03,6,1,5,50,14,9,1,4,4,5,7,4,4,5,5,5,2,12,1,52,2,9,1,1,7,9,1,9,2,15,,13,,1,22,9,121.530676,25.0160039
112,1,3,9,48,2,09北投區,北投區北投路1段7號前,0,0,1,2,H01,8,1,5,30,14,9,1,5,4,5,7,4,4,10,5,5,2,2,2,44,2,9,4,5,8,16,8,20,10,16,,60,,1,22,9,121.5018637,25.1220059
112,1,3,9,48,2,09北投區,北投區北投路1段7號前,0,0,1,1,B03,8,1,5,30,14,9,1,5,4,5,7,4,4,10,5,5,2,2,2,40,3,10,1,1,7,9,1,8,1,5,,23,,1,22,9,121.5018637,25.1220059
112,1,3,9,59,2,03中山區,中山區南京西路12巷3號,0,0,1,1,B12,8,1,5,30,14,9,1,5,4,5,7,4,4,10,3,5,1,17,1,45,3,10,1,1,7,13,1,8,2,1,,38,,1,22,9,121.521448,25.05204625
112,1,3,9,59,2,03中山區,中山區南京西路12巷3號,0,0,1,2,B12,8,1,5,30,14,9,1,5,4,5,7,4,4,10,3,5,1,17,1,51,2,9,1,1,7,13,1,8,2,3,,38,,1,22,9,121.521448,25.05204625
112,1,3,10,12,2,03中山區,中山區建國北路2段35號,0,0,2,1,C03,7,1,5,50,14,9,1,5,4,5,7,4,4,1,3,5,1,13,2,31,2,8,1,4,7,9,1,10,1,11,,16,,1,22,9,121.5371183,25.05527329
112,1,3,10,12,2,03中山區,中山區建國北路2段35號,0,0,2,2,C03,7,1,5,50,14,9,1,5,4,5,7,4,4,1,3,5,1,13,1,64,2,9,1,4,7,9,1,10,1,13,,44,,1,22,9,121.5371183,25.05527329
112,1,3,10,35,2,05中正區,中正區青島東路1號,0,0,1,2,C03,7,1,5,50,14,7,1,5,4,5,7,3,1,9,4,5,2,16,1,20,2,9,1,1,7,9,1,10,2,11,,25,,1,22,9,121.5210879,25.0440726
112,1,3,10,35,2,05中正區,中正區青島東路1號,0,0,1,1,B03,7,1,5,50,14,7,1,5,4,5,7,3,1,9,4,5,2,16,2,47,3,10,1,1,7,11,1,8,2,4,,10,,1,22,9,121.5210879,25.0440726
112,1,3,11,15,2,03中山區,中山區民族東路與林森北路口,0,0,1,2,B02,8,1,5,50,3,1,1,5,4,5,7,2,1,1,4,5,2,13,1,33,3,10,3,4,7,9,1,8,1,3,,44,,1,22,9,121.5257364,25.0683527
112,1,3,11,15,2,03中山區,中山區民族東路與林森北路口,0,0,1,3,B03,8,1,5,50,3,1,1,5,4,5,7,2,1,1,4,5,2,13,2,51,3,10,3,4,7,11,1,8,11,15,,25,,1,22,9,121.5257364,25.0683527
112,1,3,11,15,2,03中山區,中山區民族東路與林森北路口,0,0,1,1,C03,8,1,5,50,3,1,1,5,4,5,7,2,1,1,4,5,2,13,1,31,2,9,3,4,7,9,1,10,1,11,,23,,1,22,9,121.5257364,25.0683527
112,1,3,11,21,2,09北投區,北投區中央北路4段與大度路3段口,0,0,1,2,B03,8,1,5,50,4,2,1,5,4,5,7,1,1,10,5,5,2,11,1,63,3,10,1,1,7,14,1,8,2,8,,44,,1,22,9,121.4646181,25.1241318
112,1,3,11,21,2,09北投區,北投區中央北路4段與大度路3段口,0,0,1,1,C03,8,1,5,50,4,2,1,5,4,5,7,1,1,10,5,5,2,11,1,18,2,9,1,1,7,6,1,10,2,11,,13,,1,22,9,121.4646181,25.1241318
112,1,3,11,35,2,07信義區,信義區莊敬路264號,0,0,2,1,C03,6,1,5,40,14,7,1,4,4,5,7,4,4,5,4,4,2,17,2,40,2,9,1,1,7,7,1,10,1,14,,7,,1,22,9,121.5625531,25.0292296
112,1,3,11,35,2,07信義區,信義區莊敬路264號,0,0,2,2,C03,6,1,5,40,14,7,1,4,4,5,7,4,4,5,4,4,2,17,2,34,2,9,1,1,7,9,1,10,1,11,,44,,1,22,9,121.5625531,25.0292296
112,1,3,11,56,2,10文山區,文山區木柵路2段與木柵路2段204巷口,0,0,1,1,B12,6,1,5,30,14,9,1,4,4,5,7,4,4,5,2,5,2,17,1,55,3,10,1,1,7,14,1,8,9,1,,44,,1,22,9,121.5639,24.98869932
112,1,3,11,56,2,10文山區,文山區木柵路2段與木柵路2段204巷口,0,0,1,2,C03,6,1,5,30,14,9,1,4,4,5,7,4,4,5,2,5,2,17,2,31,2,9,1,1,7,9,1,10,2,11,12,42,,1,22,9,121.5639,24.98869932
112,1,3,12,17,2,04大安區,大安區辛亥路2段101號,0,0,2,2,B03,6,1,5,50,14,9,1,4,4,5,7,4,4,1,4,4,2,13,1,28,2,2,1,1,7,14,1,8,1,3,,44,,1,22,9,121.5386667,25.0219349
112,1,3,12,17,2,04大安區,大安區辛亥路2段101號,0,0,2,1,C03,6,1,5,50,14,9,1,4,4,5,7,4,4,1,4,4,2,13,1,25,2,9,1,1,7,9,1,10,1,11,,23,,1,22,9,121.5386667,25.0219349
112,1,3,12,22,2,09北投區,北投區文林北路80巷與文林北路80巷59弄口,0,0,2,2,C03,8,1,5,30,3,1,1,5,4,5,7,4,4,10,5,5,1,17,2,22,2,9,1,1,7,9,1,10,1,14,,43,,1,22,9,121.5197348,25.10659585
112,1,3,12,22,2,09北投區,北投區文林北路80巷與文林北路80巷59弄口,0,0,2,3,H02,8,1,5,30,3,1,1,5,4,5,7,4,4,10,5,5,1,17,2,22,2,9,4,5,7,20,8,20,1,16,,67,,1,22,9,121.5197348,25.10659585
112,1,3,12,22,2,09北投區,北投區文林北路80巷與文林北路80巷59弄口,0,0,2,1,B03,8,1,5,30,3,1,1,5,4,5,7,4,4,10,5,5,1,17,1,50,3,10,1,1,7,6,1,8,1,8,,43,,1,22,9,121.5197348,25.10659585
112,1,3,13,7,2,04大安區,大安區新生南路1段103號,0,0,1,1,B01,7,1,5,50,14,9,1,5,4,5,7,4,4,1,4,5,2,12,1,36,3,10,1,1,7,1,1,4,1,4,,19,,1,22,9,121.5329346,25.0407306
112,1,3,13,7,2,04大安區,大安區新生南路1段103號,0,0,1,2,C03,7,1,5,50,14,9,1,5,4,5,7,4,4,1,4,5,2,12,1,22,2,9,1,1,7,9,1,10,1,12,,26,,1,22,9,121.5329346,25.0407306
112,1,3,13,12,2,05中正區,中正區重慶南路1段122號,0,0,1,1,C03,8,1,5,50,14,9,1,5,4,5,7,4,4,5,4,5,2,13,1,27,2,9,1,1,7,9,1,10,2,11,,23,,1,22,9,121.5128281,25.0392096
112,1,3,13,12,2,05中正區,中正區重慶南路1段122號,0,0,1,2,B01,8,1,5,50,14,9,1,5,4,5,7,4,4,5,4,5,2,13,1,54,3,10,1,1,7,14,1,4,2,3,,44,,1,22,9,121.5128281,25.0392096
112,1,3,13,20,2,03中山區,中山區北安路630巷25弄22號,0,0,1,1,B03,8,1,5,50,14,9,1,5,4,5,7,4,4,9,4,5,2,12,1,62,3,10,3,4,7,11,3,18,1,4,,26,,1,22,9,121.5504386,25.08383925
112,1,3,13,20,2,03中山區,中山區北安路630巷25弄22號,0,0,1,2,C03,8,1,5,50,14,9,1,5,4,5,7,4,4,9,4,5,2,12,1,64,2,8,3,4,7,9,1,10,1,12,,44,,1,22,9,121.5504386,25.08383925
112,1,3,13,24,2,04大安區,大安區光復南路96巷與光復南路108巷口,0,0,1,1,C04,7,1,5,30,4,1,1,4,4,5,7,4,4,10,5,5,1,15,2,49,2,9,1,1,7,9,1,10,1,11,,6,,1,22,9,121.5571103,25.04396932
112,1,3,13,24,2,04大安區,大安區光復南路96巷與光復南路108巷口,0,0,1,2,B03,7,1,5,30,4,1,1,4,4,5,7,4,4,10,5,5,1,15,1,37,3,10,1,1,7,9,1,8,1,5,,13,,1,22,9,121.5571103,25.04396932
112,1,3,13,40,2,04大安區,大安區信義路4段138號,0,0,1,2,C03,6,1,5,50,14,9,1,4,4,5,7,4,4,1,4,5,2,12,1,22,2,8,1,4,7,9,1,9,1,14,,23,,1,22,9,121.5500288,25.0331759
112,1,3,13,40,2,04大安區,大安區信義路4段138號,0,0,1,1,B03,6,1,5,50,14,9,1,4,4,5,7,4,4,1,4,5,2,12,1,26,3,10,1,4,7,7,1,8,1,3,,7,,1,22,9,121.5500288,25.0331759