發生年度,發生月,發生日,發生時-Hours,發生分,處理別-編號,區序,肇事地點,死亡人數,2-30日死亡人數,受傷人數,當事人序號,車種,天候,光線,道路類別,速限-速度限制,道路型態,事故位置,路面狀況1,路面狀況2,路面狀況3,道路障礙1,道路障礙2,號誌1,號誌2,車道劃分-分向,車道劃分-分道1,車道劃分-分道2,車道劃分-分道3,事故類型及型態,性別,年齡,受傷程度,主要傷處,保護裝置,行動電話,車輛用途,當事者行動狀態,駕駛資格情形,駕駛執照種類,飲酒情形,車輛撞擊部位1,車輛撞擊部位2,肇因碼-個別,肇因碼-主要,個人肇逃否,職業,旅次目的,座標-X,座標-Y
112,1,5,8,40,2,12內湖區,內湖區行愛路與新湖二路口,0,0,1,1,C03,6,1,5,50,4,1,1,4,4,5,7,2,1,4,3,4,2,16,1,18,2,9,1,1,7,9,1,10,1,12,,44,,1,22,9,121.5806967,25.06334375
112,1,5,8,40,2,12內湖區,內湖區行愛路與新湖二路口,0,0,1,2,B03,6,1,5,50,4,1,1,4,4,5,7,2,1,4,3,4,2,16,1,59,3,10,1,1,7,5,1,8,1,8,,8,,1,22,9,121.5806967,25.06334375
112,1,5,8,46,2,01大同區,大同區台北橋往台北機車道,0,0,2,1,C03,8,1,5,40,8,11,1,5,4,5,7,4,4,10,4,5,2,16,1,31,3,10,1,1,7,12,1,10,1,14,,16,,1,22,9,121.5083743,25.06332407
112,1,5,8,46,2,01大同區,大同區台北橋往台北機車道,0,0,2,2,C03,8,1,5,40,8,11,1,5,4,5,7,4,4,10,4,5,2,16,1,19,2,9,1,1,7,9,1,10,1,12,,44,,1,22,9,121.5083743,25.06332407
112,1,5,8,46,2,01大同區,大同區台北橋往台北機車道,0,0,2,3,H02,8,1,5,40,8,11,1,5,4,5,7,4,4,10,4,5,2,16,2,30,2,9,1,1,7,21,8,20,10,16,,67,,1,22,9,121.5083743,25.06332407
112,1,5,8,53,2,04大安區,大安區延吉街與光復南路308巷口,0,0,1,1,B03,6,1,5,30,4,1,1,4,4,5,7,4,4,10,5,5,2,15,1,53,3,10,1,1,7,14,1,7,1,4,,6,,1,22,9,121.5551472,25.0389176
112,1,5,8,53,2,04大安區,大安區延吉街與光復南路308巷口,0,0,1,2,C03,6,1,5,30,4,1,1,4,4,5,7,4,4,10,5,5,2,15,2,26,2,9,1,1,7,9,1,10,1,11,,44,,1,22,9,121.5551472,25.0389176
112,1,5,8,58,2,07信義區,信義區松高路與基隆路1段口(基隆路一段210號),0,0,1,2,C03,6,1,8,50,14,9,1,4,4,5,7,4,4,1,4,5,2,17,1,24,3,10,1,1,7,15,1,10,1,13,,44,,1,22,9,121.5633563,25.0392252
112,1,5,8,58,2,07信義區,信義區松高路與基隆路1段口(基隆路一段210號),0,0,1,1,C03,6,1,8,50,14,9,1,4,4,5,7,4,4,1,4,5,2,17,1,56,2,9,1,1,7,9,1,10,1,11,,23,,1,22,9,121.5633563,25.0392252
112,1,5,9,3,2,02萬華區,萬華區堤外便道近華中(一)停車場,0,0,1,1,B12,7,1,8,40,14,9,1,4,4,5,7,4,4,10,5,5,1,17,1,44,3,10,1,4,7,5,1,8,1,15,,8,,1,22,9,121.4933056,25.01763982
112,1,5,9,3,2,02萬華區,萬華區堤外便道近華中(一)停車場,0,0,1,2,C03,7,1,8,40,14,9,1,4,4,5,7,4,4,10,5,5,1,17,1,50,2,9,1,4,7,9,1,10,1,12,,42,,1,22,9,121.4933056,25.01763982
112,1,5,9,16,2,11南港區,南港區忠孝東路6段442號,0,0,1,2,H02,6,1,5,40,14,9,1,4,4,5,7,4,4,1,3,5,2,9,2,86,3,10,4,1,7,21,8,20,10,16,,67,,1,22,9,121.5936622,25.0502601
112,1,5,9,16,2,11南港區,南港區忠孝東路6段442號,0,0,1,3,C03,6,1,5,40,14,9,1,4,4,5,7,4,4,1,3,5,2,9,2,29,2,9,1,1,7,9,1,10,1,14,,44,,1,22,9,121.5936622,25.0502601
112,1,5,9,16,2,11南港區,南港區忠孝東路6段442號,0,0,1,1,B01,6,1,5,40,14,9,1,4,4,5,7,4,4,1,3,5,2,9,1,66,3,10,1,1,7,14,1,8,1,2,,43,,1,22,9,121.5936622,25.0502601
112,1,5,9,18,2,12內湖區,內湖區堤頂大道2段與堤頂大道2段407巷口,0,0,2,1,B03,8,1,5,70,4,1,1,5,4,5,7,1,1,1,5,5,2,13,1,35,2,7,1,1,7,9,1,8,1,1,,16,,1,22,9,121.5630078,25.08033778
112,1,5,9,18,2,12內湖區,內湖區堤頂大道2段與堤頂大道2段407巷口,0,0,2,2,B03,8,1,5,70,4,1,1,5,4,5,7,1,1,1,5,5,2,13,1,68,3,10,1,1,7,9,1,8,1,3,,44,,1,22,9,121.5630078,25.08033778
112,1,5,9,18,2,12內湖區,內湖區堤頂大道2段與堤頂大道2段407巷口,0,0,2,3,H02,8,1,5,70,4,1,1,5,4,5,7,1,1,1,5,5,2,13,2,65,2,1,3,5,7,21,8,20,10,16,,67,,1,22,9,121.5630078,25.08033778
112,1,5,9,28,2,07信義區,信義區基隆路2段13號,0,0,2,1,C03,6,1,5,50,14,9,1,4,4,5,7,4,4,3,4,5,1,12,1,34,2,9,1,4,7,12,1,10,1,12,,23,,1,22,9,121.5599435,25.0326827
112,1,5,9,28,2,07信義區,信義區基隆路2段13號,0,0,2,2,C03,6,1,5,50,14,9,1,4,4,5,7,4,4,3,4,5,1,12,1,41,2,8,1,4,7,9,1,10,1,14,,44,,1,22,9,121.5599435,25.0326827
112,1,5,9,28,2,07信義區,信義區基隆路2段13號,0,0,2,3,C03,6,1,5,50,14,9,1,4,4,5,7,4,4,3,4,5,1,12,1,35,3,10,1,1,7,9,1,10,1,15,,44,,1,22,9,121.5599435,25.0326827
112,1,5,9,30,2,09北投區,北投區承德路7段與承德路7段344巷口,0,0,1,2,C03,8,1,5,60,4,2,1,5,4,5,7,4,4,1,4,4,2,16,2,21,3,10,1,1,7,9,1,10,1,11,,23,,1,22,9,121.5036851,25.11735411
112,1,5,9,30,2,09北投區,北投區承德路7段與承德路7段344巷口,0,0,1,1,C03,8,1,5,60,4,2,1,5,4,5,7,4,4,1,4,4,2,16,1,46,2,8,1,1,7,8,1,10,1,13,,7,,1,22,9,121.5036851,25.11735411
112,1,5,9,34,2,12內湖區,內湖區潭美街852號前,0,0,1,1,B12,6,1,5,40,14,9,1,4,4,5,7,4,4,9,4,5,2,17,1,38,3,10,1,1,7,1,1,8,2,15,,19,,1,22,9,121.6089135,25.06317774
112,1,5,9,34,2,12內湖區,內湖區潭美街852號前,0,0,1,2,C03,6,1,5,40,14,9,1,4,4,5,7,4,4,9,4,5,2,17,1,32,2,8,1,1,7,9,1,10,2,14,,13,,1,22,9,121.6089135,25.06317774
112,1,5,9,46,2,04大安區,大安區忠孝東路4段142號,0,0,1,3,B03,6,1,5,50,14,9,1,4,4,3,5,4,4,1,4,5,2,17,1,61,3,10,1,1,7,8,1,8,9,15,,44,,1,22,9,121.5493658,25.0414044
112,1,5,9,46,2,04大安區,大安區忠孝東路4段142號,0,0,1,1,C03,6,1,5,50,14,9,1,4,4,3,5,4,4,1,4,5,2,17,1,37,2,1,1,1,7,9,1,10,1,12,,23,,1,22,9,121.5493658,25.0414044
112,1,5,9,46,2,04大安區,大安區忠孝東路4段142號,0,0,1,2,B01,6,1,5,50,14,9,1,4,4,3,5,4,4,1,4,5,2,17,1,25,3,10,1,1,7,14,1,4,1,7,,38,,1,22,9,121.5493658,25.0414044
112,1,5,9,54,2,08士林區,士林區文林路與福國路口,0,0,2,1,C03,8,1,5,50,5,2,1,5,4,5,7,2,1,1,5,5,1,17,1,26,2,9,1,1,7,12,1,10,1,11,,23,,1,22,9,121.5202444,25.1023879
112,1,5,9,54,2,08士林區,士林區文林路與福國路口,0,0,2,2,C03,8,1,5,50,5,2,1,5,4,5,7,2,1,1,5,5,1,17,1,43,2,9,1,1,7,14,1,10,1,13,,44,,1,22,9,121.5202444,25.1023879
112,1,5,9,54,2,08士林區,士林區文林路與福國路口,0,0,2,3,B03,8,1,5,50,5,2,1,5,4,5,7,2,1,1,5,5,1,17,2,69,3,10,1,1,7,14,1,8,1,3,,44,,1,22,9,121.5202444,25.1023879
112,1,5,9,55,2,07信義區,信義區松勤街與松仁路口,0,0,1,1,B01,8,1,5,50,4,1,1,5,4,5,7,2,1,10,5,5,1,11,1,40,3,10,1,1,7,5,1,4,1,5,,6,,1,22,9,121.5683812,25.0319111
112,1,5,9,55,2,07信義區,信義區松勤街與松仁路口,0,0,1,2,C03,8,1,5,50,4,1,1,5,4,5,7,2,1,10,5,5,1,11,2,41,2,9,1,1,7,9,1,10,1,14,,44,,1,22,9,121.5683812,25.0319111
112,1,5,10,0,2,09北投區,北投區中央北路1段與大同街口,0,0,2,1,C03,8,1,5,50,14,9,1,5,4,5,7,1,1,9,4,5,2,16,1,31,3,10,1,1,7,6,1,10,1,14,,6,,1,22,9,121.498739,25.13524685
112,1,5,10,0,2,09北投區,北投區中央北路1段與大同街口,0,0,2,2,C03,8,1,5,50,14,9,1,5,4,5,7,1,1,9,4,5,2,16,1,26,2,8,1,1,7,11,1,10,1,12,,10,,1,22,9,121.498739,25.13524685
112,1,5,10,0,2,09北投區,北投區中央北路1段與大同街口,0,0,2,3,H02,8,1,5,50,14,9,1,5,4,5,7,1,1,9,4,5,2,16,1,50,2,8,1,1,7,20,8,20,10,16,,67,,1,22,9,121.498739,25.13524685
112,1,5,10,5,2,01大同區,大同區重慶北路3段與民族西路口,0,0,1,2,C03,8,1,5,0,4,1,1,5,4,5,7,1,1,1,4,5,2,16,2,37,2,9,1,1,7,9,1,10,1,12,,44,,1,22,9,121.5136345,25.0686427
112,1,5,10,5,2,01大同區,大同區重慶北路3段與民族西路口,0,0,1,1,C03,8,1,5,0,4,1,1,5,4,5,7,1,1,1,4,5,2,16,1,31,4,11,3,4,7,7,7,19,11,15,,7,,2,22,9,121.5136345,25.0686427
112,1,5,10,5,2,06松山區,松山區敦化北路與敦化北路313巷口,0,0,1,1,B03,8,1,5,50,3,1,1,5,4,5,7,4,4,8,3,5,2,16,2,37,3,10,3,1,7,6,1,8,1,5,,9,,1,22,9,121.5498992,25.05909966
112,1,5,10,5,2,06松山區,松山區敦化北路與敦化北路313巷口,0,0,1,2,C03,8,1,5,50,3,1,1,5,4,5,7,4,4,8,3,5,2,16,1,31,2,9,3,1,7,9,1,10,1,14,,13,,1,22,9,121.5498992,25.05909966
112,1,5,10,6,2,03中山區,中山區大佳河濱公園8號水門內,0,0,1,2,C03,8,1,5,50,14,9,1,5,4,5,7,4,4,10,3,5,1,16,2,37,2,8,1,1,7,4,1,10,2,11,,26,,1,22,9,121.5400299,25.0737595
112,1,5,10,6,2,03中山區,中山區大佳河濱公園8號水門內,0,0,1,1,B03,8,1,5,50,14,9,1,5,4,5,7,4,4,10,3,5,1,16,1,50,3,10,1,1,7,11,1,8,2,7,,10,,1,22,9,121.5400299,25.0737595
112,1,5,10,36,2,03中山區,中山區遼寧街與南京東路3段194巷口,0,0,1,2,C03,8,1,5,30,4,1,1,5,4,5,7,4,4,10,5,5,2,15,1,25,2,9,3,4,7,9,1,10,1,11,,14,,1,22,9,121.5419296,25.05091397
112,1,5,10,36,2,03中山區,中山區遼寧街與南京東路3段194巷口,0,0,1,1,B03,8,1,5,30,4,1,1,5,4,5,7,4,4,10,5,5,2,15,1,29,3,10,3,4,7,9,1,8,1,2,,6,,1,22,9,121.5419296,25.05091397
112,1,5,10,40,2,01大同區,大同區西寧北路玉泉公園旁,0,0,1,1,B03,8,1,5,50,14,9,1,5,4,5,7,4,4,5,5,5,2,17,2,43,3,10,1,1,7,9,1,8,2,15,,44,,1,22,9,121.5080213,25.04991257
112,1,5,10,40,2,01大同區,大同區西寧北路玉泉公園旁,0,0,1,2,C03,8,1,5,50,14,9,1,5,4,5,7,4,4,5,5,5,2,17,2,58,2,8,1,1,7,12,1,10,2,15,,44,,1,22,9,121.5080213,25.04991257
112,1,5,11,0,2,01大同區,大同區民生西路與民樂街口口,0,0,2,1,C03,8,1,5,50,4,1,1,5,4,5,7,2,1,8,3,5,2,11,1,63,2,8,1,1,7,5,1,10,1,12,,8,,1,22,9,121.5108371,25.0569336
112,1,5,11,0,2,01大同區,大同區民生西路與民樂街口口,0,0,2,2,C03,8,1,5,50,4,1,1,5,4,5,7,2,1,8,3,5,2,11,1,32,2,8,1,1,7,9,1,10,1,11,,44,,1,22,9,121.5108371,25.0569336
112,1,5,11,28,2,09北投區,北投區中央北路4段與中央北路4段515巷口,0,0,1,1,B12,8,1,5,50,3,1,1,5,4,5,7,1,1,4,4,5,2,17,1,65,3,10,1,1,7,5,1,8,2,2,,6,,1,22,9,121.4684162,25.1281778
112,1,5,11,28,2,09北投區,北投區中央北路4段與中央北路4段515巷口,0,0,1,2,C02,8,1,5,50,3,1,1,5,4,5,7,1,1,4,4,5,2,17,1,19,2,9,1,1,7,9,4,10,2,11,,13,,1,22,9,121.4684162,25.1281778
112,1,5,11,30,2,09北投區,北投區大業路480號,0,0,2,1,C03,8,1,5,60,14,8,1,5,4,5,7,4,4,1,4,4,2,16,1,18,2,9,1,1,7,7,1,10,1,11,,43,,1,22,9,121.4956928,25.13228604
112,1,5,11,30,2,09北投區,北投區大業路480號,0,0,2,2,C03,8,1,5,60,14,8,1,5,4,5,7,4,4,1,4,4,2,16,1,65,2,8,1,1,7,9,1,10,1,13,,43,,1,22,9,121.4956928,25.13228604
112,1,5,11,30,2,11南港區,南港區市民大道8段與市民大道8段口無名巷,0,0,1,2,C03,7,1,5,50,3,1,1,5,4,5,7,3,1,10,5,5,2,17,1,38,2,9,3,4,7,9,1,10,1,11,,13,,1,22,9,121.5996036,25.05215816
112,1,5,11,30,2,11南港區,南港區市民大道8段與市民大道8段口無名巷,0,0,1,1,B03,7,1,5,50,3,1,1,5,4,5,7,3,1,10,5,5,2,17,1,32,3,10,3,4,7,6,1,8,1,8,,6,,1,22,9,121.5996036,25.05215816
112,1,5,11,37,2,11南港區,南港區南港路2段31號,0,0,1,1,B01,8,1,5,50,14,8,1,5,4,5,6,2,1,9,4,4,2,16,1,64,3,10,1,4,7,8,1,8,1,2,,7,,1,22,9,121.6029774,25.0535182
112,1,5,11,37,2,11南港區,南港區南港路2段31號,0,0,1,3,H02,8,1,5,50,14,8,1,5,4,5,6,2,1,9,4,4,2,16,2,61,2,9,3,4,7,20,8,20,10,16,,67,,1,22,9,121.6029774,25.0535182
112,1,5,11,37,2,11南港區,南港區南港路2段31號,0,0,1,2,A02,8,1,5,50,14,8,1,5,4,5,6,2,1,9,4,4,2,16,1,58,3,10,1,4,7,1,1,2,1,8,,44,,1,22,9,121.6029774,25.0535182
112,1,5,11,48,2,09北投區,北投區石牌路2段187號,0,0,1,1,A04,8,1,5,50,14,9,1,5,4,5,7,4,4,9,4,5,2,6,1,53,3,10,1,1,7,9,1,2,2,2,,44,,1,22,9,121.5181033,25.11850001
112,1,5,11,48,2,09北投區,北投區石牌路2段187號,0,0,1,2,H01,8,1,5,50,14,9,1,5,4,5,7,4,4,9,4,5,2,6,2,72,2,9,4,1,8,18,8,20,10,16,,60,,1,22,9,121.5181033,25.11850001
112,1,5,11,54,2,07信義區,信義區虎林街164巷60弄9號,0,0,1,2,B03,8,1,5,30,14,9,1,5,4,5,7,4,4,10,5,5,2,17,2,60,3,10,3,4,7,9,1,8,1,6,,14,,1,22,9,121.5740443,25.0382518
112,1,5,11,54,2,07信義區,信義區虎林街164巷60弄9號,0,0,1,1,C03,8,1,5,30,14,9,1,5,4,5,7,4,4,10,5,5,2,17,2,57,2,8,3,4,7,1,1,10,1,14,,19,,1,22,9,121.5740443,25.0382518
112,1,5,12,0,2,01大同區,大同區庫倫街與哈密街70巷口,0,0,1,1,B02,8,1,5,50,3,1,1,5,4,5,7,4,4,5,4,2,2,16,1,19,3,10,1,1,7,5,1,8,2,4,,8,,1,22,9,121.5173774,25.0719749
112,1,5,12,0,2,01大同區,大同區庫倫街與哈密街70巷口,0,0,1,2,C03,8,1,5,50,3,1,1,5,4,5,7,4,4,5,4,2,2,16,2,48,2,9,1,1,7,9,1,10,2,12,,44,,1,22,9,121.5173774,25.0719749
112,1,5,12,40,2,01大同區,大同區承德路2段與民權西路口口,0,0,1,1,C03,8,1,5,50,4,1,1,5,4,5,7,2,1,8,3,5,2,12,1,20,3,10,1,1,7,9,1,10,1,11,,16,,1,22,9,121.51822,25.0628392
112,1,5,12,40,2,01大同區,大同區承德路2段與民權西路口口,0,0,1,2,C03,8,1,5,50,4,1,1,5,4,5,7,2,1,8,3,5,2,12,1,32,2,9,1,1,7,9,1,10,1,11,,16,,1,22,9,121.51822,25.0628392
112,1,5,12,40,2,01大同區,大同區承德路2段與民權西路口口,0,0,1,3,C03,8,1,5,50,4,1,1,5,4,5,7,2,1,8,3,5,2,12,1,32,3,10,1,1,7,9,1,10,1,13,,44,,1,22,9,121.51822,25.0628392
112,1,5,12,50,2,12內湖區,內湖區南京東路6段與行善路59巷口,0,0,2,1,C03,8,1,5,30,4,1,1,5,4,5,7,1,1,5,4,5,1,15,1,44,2,8,3,4,7,9,1,10,1,11,,43,,1,22,9,121.5788707,25.0561614
112,1,5,12,50,2,12內湖區,內湖區南京東路6段與行善路59巷口,0,0,2,2,C03,8,1,5,30,4,1,1,5,4,5,7,1,1,5,4,5,1,15,1,25,2,8,3,4,7,9,1,10,1,14,,43,,1,22,9,121.5788707,25.0561614
112,1,5,13,0,2,05中正區,中正區金山南路1段119號,0,0,1,2,C04,7,1,5,50,14,9,1,5,4,5,7,4,4,3,4,5,2,12,2,27,2,9,1,1,7,9,1,11,11,14,,44,,1,22,9,121.5278582,25.03638388
112,1,5,13,0,2,05中正區,中正區金山南路1段119號,0,0,1,1,B01,7,1,5,50,14,9,1,5,4,5,7,4,4,3,4,5,2,12,1,66,3,10,1,1,7,8,1,4,2,2,,7,,1,22,9,121.5278582,25.03638388
112,1,5,13,2,2,05中正區,中正區長沙街1段27號,0,0,1,1,B12,8,1,5,50,14,9,1,5,4,5,7,4,4,9,4,5,2,14,1,67,3,10,3,1,7,2,1,8,1,7,,12,,1,4,8,121.5098861,25.0402647
112,1,5,13,2,2,05中正區,中正區長沙街1段27號,0,0,1,2,C03,8,1,5,50,14,9,1,5,4,5,7,4,4,9,4,5,2,14,1,33,2,9,1,1,7,9,1,10,1,11,,23,,1,21,8,121.5098861,25.0402647
112,1,5,13,19,2,09北投區,北投區承德路7段401巷989弄3號,0,0,1,2,B12,8,1,5,30,14,9,1,5,4,5,7,4,4,10,5,5,2,13,1,47,3,10,1,1,7,9,1,6,1,3,,44,,1,22,9,121.4828628,25.11537651
112,1,5,13,19,2,09北投區,北投區承德路7段401巷989弄3號,0,0,1,1,C03,8,1,5,30,14,9,1,5,4,5,7,4,4,10,5,5,2,13,1,24,2,8,1,1,7,9,1,10,1,11,,16,,1,22,9,121.4828628,25.11537651
112,1,5,13,30,2,05中正區,中正區酉陽街與中華路1段口,0,0,2,3,H02,8,1,5,30,3,1,1,5,4,5,7,4,4,5,4,5,2,17,2,24,2,9,4,5,7,20,8,20,10,16,,67,,1,22,9,121.5089491,25.04380867
112,1,5,13,30,2,05中正區,中正區酉陽街與中華路1段口,0,0,2,2,C03,8,1,5,30,3,1,1,5,4,5,7,4,4,5,4,5,2,17,1,28,2,9,1,1,7,9,6,18,2,11,,23,,1,22,9,121.5089491,25.04380867
112,1,5,13,30,2,05中正區,中正區酉陽街與中華路1段口,0,0,2,1,B03,8,1,5,30,3,1,1,5,4,5,7,4,4,5,4,5,2,17,2,61,3,10,1,1,7,6,1,8,2,4,,6,,1,22,9,121.5089491,25.04380867
112,1,5,14,20,2,03中山區,中山區市民大道3段與新生北路1段62巷口,0,0,1,1,B12,8,1,5,40,4,1,1,5,4,5,7,1,1,9,4,1,2,13,1,33,3,10,1,1,7,6,1,8,1,7,,44,,1,22,9,121.5308469,25.0461398
112,1,5,14,20,2,03中山區,中山區市民大道3段與新生北路1段62巷口,0,0,1,2,C03,8,1,5,40,4,1,1,5,4,5,7,1,1,9,4,1,2,13,2,29,2,8,1,1,7,9,1,10,1,11,,17,,1,22,9,121.5308469,25.0461398
112,1,5,14,20,2,07信義區,信義區松信路78號,0,0,1,1,B03,8,1,5,50,14,9,1,5,4,5,7,4,4,5,4,5,2,17,2,68,3,10,1,1,7,13,1,8,1,4,,40,,1,22,9,121.5720751,25.0460343
112,1,5,14,20,2,07信義區,信義區松信路78號,0,0,1,2,C03,8,1,5,50,14,9,1,5,4,5,7,4,4,5,4,5,2,17,1,42,2,7,1,1,7,9,1,10,1,12,,44,,1,22,9,121.5720751,25.0460343
112,1,5,14,20,2,07信義區,信義區松信路78號,0,0,1,3,B01,8,1,5,50,14,9,1,5,4,5,7,4,4,5,4,5,2,17,1,48,3,10,1,1,7,14,1,4,1,2,,44,,1,22,9,121.5720751,25.0460343
112,1,5,14,22,2,03中山區,中山區中山北路3段與民權西路口,0,0,1,2,C03,8,1,5,50,4,1,1,5,4,5,7,2,1,5,4,5,2,16,2,25,2,9,3,4,7,9,1,10,1,12,,17,,1,22,9,121.5224289,25.0630667
112,1,5,14,22,2,03中山區,中山區中山北路3段與民權西路口,0,0,1,1,B01,8,1,5,50,4,1,1,5,4,5,7,2,1,5,4,5,2,16,1,69,3,10,3,4,7,9,1,4,1,4,,17,,1,22,9,121.5224289,25.0630667
112,1,5,14,35,2,08士林區,士林區天母東路8巷82號,0,0,1,1,B03,8,1,5,30,14,9,1,5,4,5,7,4,4,10,5,5,2,17,2,41,3,10,1,1,7,2,1,8,1,7,,12,,1,21,8,121.5307756,25.11524056
112,1,5,14,35,2,08士林區,士林區天母東路8巷82號,0,0,1,2,C03,8,1,5,30,14,9,1,5,4,5,7,4,4,10,5,5,2,17,1,26,2,8,1,1,7,14,1,10,1,12,,44,,1,21,8,121.5307756,25.11524056
112,1,5,14,39,2,04大安區,大安區辛亥路3段161號,0,0,1,1,B03,7,1,5,50,14,9,1,5,4,5,7,4,4,1,5,5,2,17,2,44,3,10,1,1,7,8,1,8,11,15,,6,,1,22,9,121.5494752,25.01685467
112,1,5,14,39,2,04大安區,大安區辛亥路3段161號,0,0,1,2,C03,7,1,5,50,14,9,1,5,4,5,7,4,4,1,5,5,2,17,1,30,3,10,1,1,7,9,1,10,1,15,,44,,1,22,9,121.5494752,25.01685467
112,1,5,14,39,2,04大安區,大安區辛亥路3段161號,0,0,1,3,C03,7,1,5,50,14,9,1,5,4,5,7,4,4,1,5,5,2,17,1,26,2,9,1,1,7,9,1,10,1,15,,44,,1,22,9,121.5494752,25.01685467
112,1,5,14,45,2,08士林區,士林區大南路227號,0,0,1,1,F03,8,1,5,40,14,9,1,5,4,5,7,4,4,5,5,5,2,17,1,73,2,9,1,1,7,9,8,20,1,16,,26,,1,22,9,121.5209834,25.08851828
112,1,5,14,45,2,08士林區,士林區大南路227號,0,0,1,2,B12,8,1,5,40,14,9,1,5,4,5,7,4,4,5,5,5,2,17,1,53,3,10,1,1,7,14,1,8,1,4,,38,,1,22,9,121.5209834,25.08851828
112,1,5,15,11,2,05中正區,中正區忠孝東路1段與林森北路口,0,0,2,1,B02,7,1,5,50,4,1,1,5,4,5,7,1,1,1,4,5,2,16,1,36,3,10,1,1,7,6,1,8,2,5,,9,,1,22,9,121.5235156,25.0448689
112,1,5,15,11,2,05中正區,中正區忠孝東路1段與林森北路口,0,0,2,2,C03,7,1,5,50,4,1,1,5,4,5,7,1,1,1,4,5,2,16,2,22,2,9,1,1,7,9,1,10,2,14,,44,,1,22,9,121.5235156,25.0448689
112,1,5,15,11,2,05中正區,中正區忠孝東路1段與林森北路口,0,0,2,3,H02,7,1,5,50,4,1,1,5,4,5,7,1,1,1,4,5,2,16,1,24,2,9,4,5,7,20,8,20,10,16,,67,,1,22,9,121.5235156,25.0448689
112,1,5,15,12,2,03中山區,中山區德惠街6-1號,0,0,2,1,B12,7,1,5,50,14,9,1,5,4,5,7,4,4,9,5,5,2,12,1,52,3,10,3,4,7,5,1,8,1,4,,8,,1,22,9,121.5233945,25.0667064
112,1,5,15,12,2,03中山區,中山區德惠街6-1號,0,0,2,2,C03,7,1,5,50,14,9,1,5,4,5,7,4,4,9,5,5,2,12,1,61,2,9,3,4,7,9,1,10,1,12,,44,,1,22,9,121.5233945,25.0667064
112,1,5,15,12,2,03中山區,中山區德惠街6-1號,0,0,2,3,H02,7,1,5,50,14,9,1,5,4,5,7,4,4,9,5,5,2,12,2,62,2,8,4,5,7,21,8,20,10,16,,67,,1,22,9,121.5233945,25.0667064
112,1,5,15,24,2,03中山區,中山區市民大道3段與八德路2段口,0,0,1,1,B03,7,1,5,40,4,1,1,5,4,5,7,1,1,9,4,1,2,16,2,42,3,10,1,1,7,6,1,8,1,2,,9,,1,22,9,121.5351476,25.0450933
112,1,5,15,24,2,03中山區,中山區市民大道3段與八德路2段口,0,0,1,2,C03,7,1,5,40,4,1,1,5,4,5,7,1,1,9,4,1,2,16,2,54,2,9,1,1,7,9,1,10,1,11,,44,,1,22,9,121.5351476,25.0450933
112,1,5,15,51,2,01大同區,大同區鄭州路與西寧北路口,0,0,1,2,F01,7,1,5,50,4,2,1,5,4,5,7,2,1,9,4,5,2,17,2,35,2,9,1,1,7,11,8,20,2,16,,26,,1,22,9,121.5079988,25.0506283
112,1,5,15,51,2,01大同區,大同區鄭州路與西寧北路口,0,0,1,1,B03,7,1,5,50,4,2,1,5,4,5,7,2,1,9,4,5,2,17,2,41,3,10,1,1,7,6,1,8,2,4,,44,,1,22,9,121.5079988,25.0506283
112,1,5,16,33,2,03中山區,中山區濱江街國道1號濱江匝道,0,0,1,3,H02,7,1,5,50,14,8,1,5,4,5,7,1,1,9,4,1,2,12,2,40,2,7,1,5,7,20,8,20,10,16,,67,,1,22,9,121.5416587,25.0725271
112,1,5,16,33,2,03中山區,中山區濱江街國道1號濱江匝道,0,0,1,1,B03,7,1,5,50,14,8,1,5,4,5,7,1,1,9,4,1,2,12,1,52,3,10,1,1,7,10,1,10,1,2,,7,,1,22,9,121.5416587,25.0725271
112,1,5,16,33,2,03中山區,中山區濱江街國道1號濱江匝道,0,0,1,2,B03,7,1,5,50,14,8,1,5,4,5,7,1,1,9,4,1,2,12,1,40,3,10,1,1,7,9,1,8,1,4,,44,,1,22,9,121.5416587,25.0725271
112,1,5,16,49,2,03中山區,中山區林森北路與中山北路1段53巷口,0,0,1,3,B12,7,1,5,50,4,2,1,5,4,3,7,4,4,5,4,5,2,12,1,29,3,10,3,4,7,14,1,2,1,15,,44,,1,22,9,121.5243838,25.0487349
112,1,5,16,49,2,03中山區,中山區林森北路與中山北路1段53巷口,0,0,1,1,C03,7,1,5,50,4,2,1,5,4,3,7,4,4,5,4,5,2,12,2,67,2,9,3,4,7,10,1,10,1,14,,6,,1,22,9,121.5243838,25.0487349
112,1,5,16,49,2,03中山區,中山區林森北路與中山北路1段53巷口,0,0,1,2,B01,7,1,5,50,4,2,1,5,4,3,7,4,4,5,4,5,2,12,1,64,3,10,3,4,7,9,1,4,1,2,,44,,1,22,9,121.5243838,25.0487349
112,1,5,16,52,2,03中山區,中山區中山北路4段與圓山涵洞口,0,0,1,1,B02,7,1,5,50,4,1,1,5,4,5,6,2,1,10,4,5,2,17,1,34,3,10,3,4,7,10,1,8,1,5,,25,,1,22,9,121.5252071,25.0768618
112,1,5,16,52,2,03中山區,中山區中山北路4段與圓山涵洞口,0,0,1,2,C03,7,1,5,50,4,1,1,5,4,5,6,2,1,10,4,5,2,17,1,38,2,9,1,1,7,9,1,10,1,12,,44,,1,22,9,121.5252071,25.0768618
112,1,5,16,55,2,09北投區,北投區承德路7段與公館路口,0,0,2,1,C03,7,1,5,60,14,9,1,5,4,5,7,4,4,1,4,4,2,13,1,35,2,8,3,4,7,9,1,10,1,11,,16,,1,22,9,121.5018641,25.1190075
112,1,5,16,55,2,09北投區,北投區承德路7段與公館路口,0,0,2,2,B03,7,1,5,60,14,9,1,5,4,5,7,4,4,1,4,4,2,13,1,33,3,10,3,4,7,12,1,8,1,3,,44,,1,22,9,121.5018641,25.1190075