發生年度,發生月,發生日,發生時-Hours,發生分,處理別-編號,區序,肇事地點,死亡人數,2-30日死亡人數,受傷人數,當事人序號,車種,天候,光線,道路類別,速限-速度限制,道路型態,事故位置,路面狀況1,路面狀況2,路面狀況3,道路障礙1,道路障礙2,號誌1,號誌2,車道劃分-分向,車道劃分-分道1,車道劃分-分道2,車道劃分-分道3,事故類型及型態,性別,年齡,受傷程度,主要傷處,保護裝置,行動電話,車輛用途,當事者行動狀態,駕駛資格情形,駕駛執照種類,飲酒情形,車輛撞擊部位1,車輛撞擊部位2,肇因碼-個別,肇因碼-主要,個人肇逃否,職業,旅次目的,座標-X,座標-Y
112,1,6,9,38,2,02萬華區,萬華區開封街2段與漢口街2段109巷口,0,0,1,3,A11,6,1,5,30,3,1,1,4,4,5,5,4,4,10,4,5,2,15,1,51,3,10,1,1,7,13,1,8,1,7,,38,,1,22,9,121.504566,25.04716524
112,1,6,9,38,2,02萬華區,萬華區開封街2段與漢口街2段109巷口,0,0,1,1,B12,6,1,5,30,3,1,1,4,4,5,5,4,4,10,4,5,2,15,1,43,3,10,1,4,7,1,1,8,1,5,,19,,1,22,9,121.504566,25.04716524
112,1,6,9,50,2,11南港區,南港區南港路2段與向陽路口,0,0,1,1,B03,7,1,5,50,4,1,1,4,4,5,7,1,1,1,3,5,2,13,1,27,3,10,1,1,7,9,1,8,2,1,,23,,1,22,9,121.5945937,25.0545372
112,1,6,9,50,2,11南港區,南港區南港路2段與向陽路口,0,0,1,2,C03,7,1,5,50,4,1,1,4,4,5,7,1,1,1,3,5,2,13,2,24,2,6,1,1,7,14,1,10,2,13,,44,,1,22,9,121.5945937,25.0545372
112,1,6,9,53,2,02萬華區,萬華區德昌街與東園街口,0,0,2,1,F01,6,1,5,30,4,1,1,4,4,5,7,2,1,10,5,5,1,15,1,70,2,9,1,1,7,9,8,20,1,16,,25,,1,22,9,121.4971591,25.0243852
112,1,6,9,53,2,02萬華區,萬華區德昌街與東園街口,0,0,2,2,C03,6,1,5,30,4,1,1,4,4,5,7,2,1,10,5,5,1,15,2,61,2,9,1,4,7,9,1,10,1,12,,44,,1,22,9,121.4971591,25.0243852
112,1,6,10,42,2,05中正區,中正區重慶南路1段與襄陽路口,0,0,1,2,C03,6,1,5,50,3,2,1,4,4,5,7,1,1,9,4,5,1,17,2,25,2,9,1,1,7,9,1,10,1,12,,44,,1,22,9,121.5131984,25.0432263
112,1,6,10,42,2,05中正區,中正區重慶南路1段與襄陽路口,0,0,1,1,B03,6,1,5,50,3,2,1,4,4,5,7,1,1,9,4,5,1,17,1,64,4,11,3,4,7,10,7,19,11,15,,7,,2,22,9,121.5131984,25.0432263
112,1,6,10,50,2,04大安區,大安區忠孝東路3段248巷13弄與仁愛路3段143巷口,0,0,1,1,B03,6,1,5,30,3,1,1,4,4,5,7,4,4,10,5,5,2,15,2,33,3,10,1,1,7,9,1,8,1,1,,6,,1,22,9,121.5430498,25.0406418
112,1,6,10,50,2,04大安區,大安區忠孝東路3段248巷13弄與仁愛路3段143巷口,0,0,1,2,C03,6,1,5,30,3,1,1,4,4,5,7,4,4,10,5,5,2,15,1,33,2,9,1,1,7,9,1,10,1,12,,44,,1,22,9,121.5430498,25.0406418
112,1,6,11,1,2,01大同區,大同區民權西路266號與民權西路口台北橋下迴轉道,0,0,1,2,C03,7,1,5,50,3,1,1,5,4,5,7,2,1,10,5,5,2,12,2,18,2,9,1,1,7,9,1,10,2,14,,23,,1,22,9,121.512172,25.06282371
112,1,6,11,1,2,01大同區,大同區民權西路266號與民權西路口台北橋下迴轉道,0,0,1,1,C03,7,1,5,50,3,1,1,5,4,5,7,2,1,10,5,5,2,12,2,65,3,10,1,1,7,5,1,10,2,12,,8,,1,22,9,121.512172,25.06282371
112,1,6,11,5,2,03中山區,中山區復興北路與遼寧街185巷口,0,0,1,1,B01,6,1,5,50,4,1,1,4,4,5,7,1,1,1,4,5,2,16,1,67,3,10,1,1,7,6,1,4,1,6,,9,,1,22,9,121.5439478,25.0533738
112,1,6,11,5,2,03中山區,中山區復興北路與遼寧街185巷口,0,0,1,2,C03,6,1,5,50,4,1,1,4,4,5,7,1,1,1,4,5,2,16,1,23,2,8,1,1,7,9,1,10,1,11,,23,,1,22,9,121.5439478,25.0533738
112,1,6,11,12,2,12內湖區,內湖區民權東路6段與瑞光路口,0,0,1,2,C03,8,1,5,50,4,2,1,5,4,5,7,1,1,5,4,5,2,13,1,45,2,9,1,1,7,9,1,10,2,13,,44,,1,22,9,121.5839737,25.06903457
112,1,6,11,12,2,12內湖區,內湖區民權東路6段與瑞光路口,0,0,1,1,B01,8,1,5,50,4,2,1,5,4,5,7,1,1,5,4,5,2,13,1,65,3,10,1,1,7,9,1,4,2,5,,23,,1,22,9,121.5839737,25.06903457
112,1,6,11,15,2,06松山區,松山區富錦街與新東街口,0,0,2,1,C03,7,1,5,50,4,1,1,4,4,5,7,1,1,9,4,5,2,3,2,36,2,7,1,1,7,9,1,10,1,11,,15,,1,22,9,121.5653717,25.0610968
112,1,6,11,15,2,06松山區,松山區富錦街與新東街口,0,0,2,2,H01,7,1,5,50,4,1,1,4,4,5,7,1,1,9,4,5,2,3,2,88,2,9,4,5,8,16,8,20,1,16,,52,,1,22,9,121.5653717,25.0610968
112,1,6,11,20,2,03中山區,中山區復興北路與民族東路口,0,0,1,2,B01,7,1,5,50,4,2,1,4,4,5,7,1,1,1,3,5,1,17,1,53,3,10,3,4,7,6,1,8,2,5,,17,,1,22,9,121.5442637,25.06616487
112,1,6,11,20,2,03中山區,中山區復興北路與民族東路口,0,0,1,1,C03,7,1,5,50,4,2,1,4,4,5,7,1,1,1,3,5,1,17,2,50,2,2,3,4,7,6,1,11,2,13,,9,,1,22,9,121.5442637,25.06616487
112,1,6,11,25,2,03中山區,中山區北安路458巷47弄與明水路口,0,0,1,1,C03,7,1,5,30,3,2,1,4,4,5,7,4,4,5,5,5,2,16,2,55,2,7,1,4,7,8,1,10,1,12,,4,,1,22,9,121.5456382,25.0770905
112,1,6,11,25,2,03中山區,中山區北安路458巷47弄與明水路口,0,0,1,2,B03,7,1,5,30,3,2,1,4,4,5,7,4,4,5,5,5,2,16,2,24,3,10,3,4,7,9,1,8,1,4,,44,,1,22,9,121.5456382,25.0770905
112,1,6,11,49,2,06松山區,松山區八德路4段與松信路口,0,0,1,1,C03,6,1,5,50,4,1,1,4,4,5,7,2,1,5,4,5,2,17,2,73,2,9,1,1,7,1,1,10,1,13,,19,,1,22,9,121.572272,25.04990451
112,1,6,11,49,2,06松山區,松山區八德路4段與松信路口,0,0,1,2,B03,6,1,5,50,4,1,1,4,4,5,7,2,1,5,4,5,2,17,1,62,3,10,1,1,7,9,1,8,1,5,,23,,1,22,9,121.572272,25.04990451
112,1,6,12,23,2,03中山區,中山區南京東路2段與松江路口,0,0,1,2,H01,6,1,5,0,15,20,1,4,4,5,7,1,1,1,3,5,1,3,2,26,2,8,4,5,8,16,8,20,10,16,,67,,1,22,9,121.5332081,25.05230558
112,1,6,12,23,2,03中山區,中山區南京東路2段與松江路口,0,0,1,1,C03,6,1,5,0,15,20,1,4,4,5,7,1,1,1,3,5,1,3,1,44,4,11,3,4,7,15,7,19,11,15,,42,,2,22,9,121.5332081,25.05230558
112,1,6,12,27,2,07信義區,信義區莊敬路與吳興街345巷口,0,0,1,2,H01,8,1,5,50,3,1,1,5,4,5,7,1,1,9,4,5,2,9,2,39,2,5,4,5,8,16,8,20,10,16,,67,,1,22,9,121.5663137,25.0271688
112,1,6,12,27,2,07信義區,信義區莊敬路與吳興街345巷口,0,0,1,1,C03,8,1,5,50,3,1,1,5,4,5,7,1,1,9,4,5,2,9,1,54,4,11,3,4,7,15,7,19,11,15,,15,,2,22,9,121.5663137,25.0271688
112,1,6,12,30,2,03中山區,中山區天祥路45號,0,0,2,2,C03,7,1,5,50,14,9,1,5,4,5,7,4,4,9,5,5,2,12,1,21,2,7,1,1,7,9,1,10,2,14,,44,,1,22,9,121.5210667,25.0620324
112,1,6,12,30,2,03中山區,中山區天祥路45號,0,0,2,7,H02,7,1,5,50,14,9,1,5,4,5,7,4,4,9,5,5,2,12,2,20,2,7,1,5,7,20,8,20,10,16,,67,,1,22,9,121.5210667,25.0620324
112,1,6,12,30,2,03中山區,中山區天祥路45號,0,0,2,6,C03,7,1,5,50,14,9,1,5,4,5,7,4,4,9,5,5,2,12,3,0,,,,,,,,,,,,67,,1,,,121.5210667,25.0620324
112,1,6,12,30,2,03中山區,中山區天祥路45號,0,0,2,5,C04,7,1,5,50,14,9,1,5,4,5,7,4,4,9,5,5,2,12,3,0,,,,,,,,,,,,67,,1,,,121.5210667,25.0620324
112,1,6,12,30,2,03中山區,中山區天祥路45號,0,0,2,4,C03,7,1,5,50,14,9,1,5,4,5,7,4,4,9,5,5,2,12,1,20,3,10,3,4,7,13,7,19,11,13,,44,,1,22,9,121.5210667,25.0620324
112,1,6,12,30,2,03中山區,中山區天祥路45號,0,0,2,1,B12,7,1,5,50,14,9,1,5,4,5,7,4,4,9,5,5,2,12,1,53,3,10,1,1,7,8,1,8,2,2,,7,,1,22,9,121.5210667,25.0620324
112,1,6,12,30,2,03中山區,中山區天祥路45號,0,0,2,3,C03,7,1,5,50,14,9,1,5,4,5,7,4,4,9,5,5,2,12,1,21,3,10,3,4,7,13,7,19,11,13,,44,,1,22,9,121.5210667,25.0620324
112,1,6,12,45,2,12內湖區,內湖區文湖街與環山路1段口口,0,0,1,2,C03,7,1,5,50,3,1,1,4,4,5,7,2,1,10,5,5,2,16,2,45,2,9,1,1,7,9,1,10,1,14,,44,,1,22,9,121.5655132,25.08636815
112,1,6,12,45,2,12內湖區,內湖區文湖街與環山路1段口口,0,0,1,1,B03,7,1,5,50,3,1,1,4,4,5,7,2,1,10,5,5,2,16,1,70,3,10,1,1,7,6,1,8,1,5,,9,,1,22,9,121.5655132,25.08636815
112,1,6,12,47,2,02萬華區,萬華區萬大路85巷20弄與西藏路口,0,0,1,2,C04,6,1,5,30,3,1,1,4,4,3,7,4,4,1,4,5,2,17,2,54,2,9,1,1,7,9,1,10,1,11,,44,,1,22,9,121.5018035,25.02970958
112,1,6,12,47,2,02萬華區,萬華區萬大路85巷20弄與西藏路口,0,0,1,3,B11,6,1,5,30,3,1,1,4,4,3,7,4,4,1,4,5,2,17,1,54,3,10,3,1,7,14,1,4,9,15,,38,,1,22,9,121.5018035,25.02970958
112,1,6,12,47,2,02萬華區,萬華區萬大路85巷20弄與西藏路口,0,0,1,1,C03,6,1,5,30,3,1,1,4,4,3,7,4,4,1,4,5,2,17,1,59,3,10,1,1,7,6,1,10,1,13,,6,,1,22,9,121.5018035,25.02970958
112,1,6,12,48,2,08士林區,士林區中山北路5段與文林路口,0,0,2,1,C03,7,1,5,50,3,1,1,5,4,5,7,2,1,1,4,5,1,17,2,45,3,10,1,1,7,7,1,10,1,13,,7,,1,22,9,121.5258808,25.0858886
112,1,6,12,48,2,08士林區,士林區中山北路5段與文林路口,0,0,2,2,C03,7,1,5,50,3,1,1,5,4,5,7,2,1,1,4,5,1,17,1,25,2,9,1,1,7,9,1,10,1,11,,44,,1,22,9,121.5258808,25.0858886
112,1,6,12,48,2,08士林區,士林區中山北路5段與文林路口,0,0,2,3,C03,7,1,5,50,3,1,1,5,4,5,7,2,1,1,4,5,1,17,1,23,2,9,1,1,7,9,1,10,1,11,,23,,1,22,9,121.5258808,25.0858886
112,1,6,13,31,2,04大安區,大安區光復南路552號,0,0,1,3,B03,7,1,5,50,14,9,1,4,4,5,7,4,4,9,4,5,1,13,1,64,3,10,3,4,7,15,1,8,11,15,,38,,2,22,9,121.5574377,25.0346423
112,1,6,13,31,2,04大安區,大安區光復南路552號,0,0,1,2,B01,7,1,5,50,14,9,1,4,4,5,7,4,4,9,4,5,1,13,1,66,3,10,1,4,7,9,1,4,1,3,,44,,1,22,9,121.5574377,25.0346423
112,1,6,13,31,2,04大安區,大安區光復南路552號,0,0,1,1,C03,7,1,5,50,14,9,1,4,4,5,7,4,4,9,4,5,1,13,2,22,2,8,1,4,7,9,1,10,1,11,,16,,1,22,9,121.5574377,25.0346423
112,1,6,13,53,2,04大安區,大安區基隆路2段172號,0,0,1,1,B03,7,1,5,50,14,9,1,5,4,5,7,4,4,3,4,5,2,12,1,67,3,10,1,1,7,6,1,8,1,2,,9,,1,22,9,121.5546024,25.02623513
112,1,6,13,53,2,04大安區,大安區基隆路2段172號,0,0,1,2,C03,7,1,5,50,14,9,1,5,4,5,7,4,4,3,4,5,2,12,1,62,2,9,1,1,7,9,1,10,1,14,,23,,1,22,9,121.5546024,25.02623513
112,1,6,14,6,2,08士林區,士林區中山北路5段與雙溪街口,0,0,1,1,B01,7,1,5,30,4,1,1,5,4,5,7,3,1,10,5,5,1,17,1,66,3,10,1,1,7,9,1,4,2,8,,6,,1,22,9,121.5262405,25.1008826
112,1,6,14,6,2,08士林區,士林區中山北路5段與雙溪街口,0,0,1,2,C03,7,1,5,30,4,1,1,5,4,5,7,3,1,10,5,5,1,17,2,49,2,9,1,1,7,5,1,10,2,12,,44,,1,22,9,121.5262405,25.1008826
112,1,6,15,33,2,11南港區,南港區忠孝東路6段與東新街口口,0,0,1,3,H02,7,1,5,50,3,1,1,5,4,5,7,2,1,1,4,5,1,16,2,49,2,8,1,5,7,20,8,20,10,16,,67,,1,22,9,121.5848585,25.048293
112,1,6,15,33,2,11南港區,南港區忠孝東路6段與東新街口口,0,0,1,2,C03,7,1,5,50,3,1,1,5,4,5,7,2,1,1,4,5,1,16,1,49,3,10,1,4,7,9,1,9,1,14,,44,,1,22,9,121.5848585,25.048293
112,1,6,15,33,2,11南港區,南港區忠孝東路6段與東新街口口,0,0,1,1,B02,7,1,5,50,3,1,1,5,4,5,7,2,1,1,4,5,1,16,2,25,3,10,3,4,7,6,1,8,1,5,,9,,1,22,9,121.5848585,25.048293
112,1,6,15,35,2,05中正區,中正區和平西路1段30號前,0,0,1,2,C03,8,1,5,50,14,9,1,5,4,5,7,4,4,1,4,5,2,11,2,35,2,9,1,1,7,9,1,10,1,11,,44,,1,22,9,121.520538,25.0266459
112,1,6,15,35,2,05中正區,中正區和平西路1段30號前,0,0,1,3,B01,8,1,5,50,14,9,1,5,4,5,7,4,4,1,4,5,2,11,1,67,3,10,1,1,7,14,1,4,1,2,,44,,1,22,9,121.520538,25.0266459
112,1,6,15,35,2,05中正區,中正區和平西路1段30號前,0,0,1,1,B03,8,1,5,50,14,9,1,5,4,5,7,4,4,1,4,5,2,11,1,52,3,10,1,1,7,14,1,8,1,4,,40,,1,22,9,121.520538,25.0266459
112,1,6,15,41,2,05中正區,中正區中華路1段與長沙街1段口,0,0,1,3,C03,7,1,5,50,4,2,1,5,4,5,7,1,1,1,4,1,2,16,1,82,2,9,1,1,7,9,1,10,2,11,,17,,1,22,9,121.5080157,25.04049043
112,1,6,15,41,2,05中正區,中正區中華路1段與長沙街1段口,0,0,1,2,B12,7,1,5,50,4,2,1,5,4,5,7,1,1,1,4,1,2,16,1,39,3,10,1,1,7,9,1,8,2,2,,17,,1,22,9,121.5080157,25.04049043
112,1,6,15,41,2,05中正區,中正區中華路1段與長沙街1段口,0,0,1,1,B01,7,1,5,50,4,2,1,5,4,5,7,1,1,1,4,1,2,16,1,65,3,10,1,1,7,9,1,4,2,4,,17,,1,22,9,121.5080157,25.04049043
112,1,6,15,48,2,04大安區,大安區辛亥路3段330號,0,0,1,2,C03,7,1,5,50,14,9,1,5,4,5,7,4,4,1,4,5,2,12,2,52,2,9,1,1,7,5,1,10,1,12,,44,,1,22,9,121.5534369,25.013619
112,1,6,15,48,2,04大安區,大安區辛亥路3段330號,0,0,1,1,A02,7,1,5,50,14,9,1,5,4,5,7,4,4,1,4,5,2,12,1,57,3,10,1,1,7,1,1,2,1,8,,19,,1,22,9,121.5534369,25.013619
112,1,6,15,54,2,02萬華區,萬華區中華路2段416巷5號,0,0,1,3,H02,7,1,5,0,14,9,1,5,4,5,7,4,4,9,5,5,2,17,2,76,2,9,4,5,7,20,8,20,1,16,,67,,1,22,9,121.5046294,25.02730464
112,1,6,15,54,2,02萬華區,萬華區中華路2段416巷5號,0,0,1,1,C03,7,1,5,0,14,9,1,5,4,5,7,4,4,9,5,5,2,17,1,36,4,11,3,4,7,15,7,19,11,15,,23,,2,22,9,121.5046294,25.02730464
112,1,6,15,54,2,02萬華區,萬華區中華路2段416巷5號,0,0,1,2,C05,7,1,5,0,14,9,1,5,4,5,7,4,4,9,5,5,2,17,1,77,3,10,1,1,7,5,1,11,1,11,,8,,1,22,9,121.5046294,25.02730464
112,1,6,16,13,2,09北投區,北投區承德路6段359號,0,0,1,2,C03,8,1,5,60,14,8,1,5,4,5,7,4,4,1,4,4,2,16,1,42,2,9,1,1,7,9,1,10,1,14,,44,,1,22,9,121.5114351,25.1064165
112,1,6,16,13,2,09北投區,北投區承德路6段359號,0,0,1,1,B03,8,1,5,60,14,8,1,5,4,5,7,4,4,1,4,4,2,16,1,52,3,10,1,1,7,6,1,8,1,5,,9,,1,22,9,121.5114351,25.1064165
112,1,6,16,18,2,04大安區,大安區市民大道4段32號,0,0,2,2,C03,7,1,5,40,14,6,1,5,4,5,7,4,4,1,4,5,2,17,2,38,2,9,1,1,7,9,1,10,1,14,,14,,1,22,9,121.5500365,25.0446468
112,1,6,16,18,2,04大安區,大安區市民大道4段32號,0,0,2,1,C03,7,1,5,40,14,6,1,5,4,5,7,4,4,1,4,5,2,17,1,18,2,9,1,1,7,5,1,10,1,12,,6,,1,22,9,121.5500365,25.0446468
112,1,6,16,30,2,05中正區,中正區中華路1段與中華路1段85巷口,0,0,1,1,B01,7,1,5,50,3,2,1,5,4,5,7,4,4,3,2,1,2,16,1,59,3,10,1,1,7,8,1,4,2,2,,7,,1,22,9,121.5074451,25.03836298
112,1,6,16,30,2,05中正區,中正區中華路1段與中華路1段85巷口,0,0,1,2,C03,7,1,5,50,3,2,1,5,4,5,7,4,4,3,2,1,2,16,1,26,2,7,1,1,7,9,1,10,2,14,,44,,1,22,9,121.5074451,25.03836298
112,1,6,16,45,2,09北投區,北投區大業路527巷,0,0,1,2,C03,7,1,5,40,14,9,1,5,4,5,7,4,4,9,4,5,1,29,2,23,2,9,1,1,7,9,1,10,1,11,,44,,1,22,9,121.4844518,25.13429378
112,1,6,16,45,2,09北投區,北投區大業路527巷,0,0,1,1,,7,1,5,40,14,9,1,5,4,5,7,4,4,9,4,5,1,29,3,0,,,,,,,,,,,,66,,1,,,121.4844518,25.13429378
112,1,6,17,16,2,03中山區,中山區合江街137號,0,0,1,1,C03,7,3,5,30,14,9,1,5,4,5,7,4,4,5,5,5,2,3,1,67,3,10,1,1,7,9,1,10,1,11,,44,,1,22,9,121.5392663,25.06160244
112,1,6,17,16,2,03中山區,中山區合江街137號,0,0,1,2,H01,7,3,5,30,14,9,1,5,4,5,7,4,4,5,5,5,2,3,2,41,2,9,4,5,8,16,8,20,10,16,,51,,1,22,9,121.5392663,25.06160244
112,1,6,17,25,2,03中山區,中山區濱江街95號,0,0,1,1,E03,8,3,5,50,14,9,1,5,4,5,7,4,4,9,4,5,2,17,1,48,3,10,1,1,7,2,1,8,2,6,,12,,1,22,9,121.533063,25.07381424
112,1,6,17,25,2,03中山區,中山區濱江街95號,0,0,1,2,C03,8,3,5,50,14,9,1,5,4,5,7,4,4,9,4,5,2,17,2,39,3,10,1,1,7,14,1,10,2,11,,38,,1,22,9,121.533063,25.07381424
112,1,6,17,25,2,03中山區,中山區濱江街95號,0,0,1,3,H02,8,3,5,50,14,9,1,5,4,5,7,4,4,9,4,5,2,17,1,6,2,1,1,1,7,20,8,20,10,16,,67,,1,22,9,121.533063,25.07381424
112,1,6,17,32,2,03中山區,中山區中山北路2段與長春路口,0,0,1,2,C03,8,3,5,50,4,2,1,5,4,5,7,2,1,1,4,5,2,16,1,24,2,7,3,4,7,9,1,10,2,11,,44,,1,22,9,121.5228108,25.0549439
112,1,6,17,32,2,03中山區,中山區中山北路2段與長春路口,0,0,1,1,B03,8,3,5,50,4,2,1,5,4,5,7,2,1,1,4,5,2,16,1,59,3,10,3,4,7,6,1,8,2,2,,44,,1,22,9,121.5228108,25.0549439
112,1,6,17,50,2,04大安區,大安區復興南路1段133號,0,0,1,1,B01,8,3,5,50,14,9,1,5,4,5,7,4,4,1,4,5,2,17,1,56,3,10,1,1,7,9,1,10,1,2,,43,,1,22,9,121.5438783,25.0428822
112,1,6,17,50,2,04大安區,大安區復興南路1段133號,0,0,1,2,C03,8,3,5,50,14,9,1,5,4,5,7,4,4,1,4,5,2,17,2,40,2,9,1,1,7,9,1,10,1,14,,43,,1,22,9,121.5438783,25.0428822
112,1,6,17,52,2,04大安區,大安區建國南路2段269號前,0,0,1,1,,7,2,5,0,14,9,1,5,4,4,6,4,4,8,3,4,1,29,3,13,,,,,,,,,,,,60,,1,,,121.5379364,25.02370483
112,1,6,17,52,2,04大安區,大安區建國南路2段269號前,0,0,1,2,C03,7,2,5,0,14,9,1,5,4,4,6,4,4,8,3,4,1,29,2,35,2,9,1,1,7,9,1,10,1,11,,44,,1,5,1,121.5379364,25.02370483
112,1,6,18,5,2,07信義區,信義區信安街與嘉興街181巷口,0,0,1,2,B03,7,3,5,50,4,1,1,5,4,5,7,1,1,9,5,5,2,12,1,49,3,10,1,1,7,9,1,8,1,4,,44,,1,22,9,121.5575677,25.0262522
112,1,6,18,5,2,07信義區,信義區信安街與嘉興街181巷口,0,0,1,1,C03,7,3,5,50,4,1,1,5,4,5,7,1,1,9,5,5,2,12,2,43,2,9,1,1,7,8,1,10,1,12,,7,,1,22,9,121.5575677,25.0262522
112,1,6,18,8,2,07信義區,信義區光復南路565號,0,0,1,2,C03,8,3,5,50,14,9,1,5,4,5,7,4,4,9,4,5,2,12,1,24,2,9,1,1,7,9,1,10,2,14,,13,,1,22,9,121.5575303,25.0308175
112,1,6,18,8,2,07信義區,信義區光復南路565號,0,0,1,1,B01,8,3,5,50,14,9,1,5,4,5,7,4,4,9,4,5,2,12,1,61,3,10,1,1,7,8,1,4,2,5,,7,,1,22,9,121.5575303,25.0308175
112,1,6,18,20,2,09北投區,北投區大業路與大度路1段口,0,0,1,2,,8,3,5,50,5,2,1,5,4,5,7,2,1,1,4,1,1,18,3,0,,,,,,,,,,,,67,,1,,,121.4983036,25.12138846
112,1,6,18,20,2,09北投區,北投區大業路與大度路1段口,0,0,1,1,C03,8,3,5,50,5,2,1,5,4,5,7,2,1,1,4,1,1,18,1,29,2,9,1,1,7,9,1,10,1,11,,43,,1,22,9,121.4983036,25.12138846
112,1,6,18,22,2,03中山區,中山區朱崙街與遼寧街口,0,0,1,1,B01,7,3,5,50,4,2,1,5,4,5,7,1,1,5,5,5,2,13,1,51,3,10,1,4,7,9,1,3,1,1,,23,,1,10,9,121.5423183,25.04997894
112,1,6,18,22,2,03中山區,中山區朱崙街與遼寧街口,0,0,1,2,C03,7,3,5,50,4,2,1,5,4,5,7,1,1,5,5,5,2,13,1,47,2,6,1,4,7,14,1,10,1,13,12,44,,1,22,9,121.5423183,25.04997894
112,1,6,18,37,2,03中山區,中山區松江路與民生東路2段口,0,0,2,2,C03,8,3,5,50,4,1,1,5,4,5,7,1,1,1,4,5,2,15,2,24,2,9,1,1,7,9,1,10,1,14,,44,,1,22,9,121.5330625,25.0578672
112,1,6,18,37,2,03中山區,中山區松江路與民生東路2段口,0,0,2,1,C03,8,3,5,50,4,1,1,5,4,5,7,1,1,1,4,5,2,15,1,50,2,8,1,1,7,9,1,9,1,11,,25,,1,22,9,121.5330625,25.0578672
112,1,6,18,37,2,07信義區,信義區基隆路1段與基隆路1段102巷口,0,0,1,1,C03,7,3,5,50,3,2,1,5,4,5,7,4,4,10,4,5,2,16,1,27,2,9,1,1,7,9,1,10,1,11,,44,,1,22,9,121.566822,25.0453471
112,1,6,18,37,2,07信義區,信義區基隆路1段與基隆路1段102巷口,0,0,1,2,B03,7,3,5,50,3,2,1,5,4,5,7,4,4,10,4,5,2,16,1,27,3,10,1,1,7,8,1,8,1,2,,7,,1,22,9,121.566822,25.0453471
112,1,6,18,44,2,12內湖區,內湖區環山路2段與環山路2段29巷口,0,0,1,1,B03,8,3,5,50,3,2,1,5,4,5,7,2,1,5,4,5,2,17,2,30,3,10,1,1,7,5,1,8,1,2,,8,,1,22,9,121.5727413,25.0856728
112,1,6,18,44,2,12內湖區,內湖區環山路2段與環山路2段29巷口,0,0,1,2,C03,8,3,5,50,3,2,1,5,4,5,7,2,1,5,4,5,2,17,1,26,2,9,1,1,7,9,1,10,1,11,,44,,1,22,9,121.5727413,25.0856728
112,1,6,19,4,2,03中山區,中山區吉林路與農安街口,0,0,1,1,B03,7,3,5,50,4,2,1,5,4,5,7,2,1,5,4,5,2,13,1,53,3,10,3,4,7,1,1,8,1,1,,23,,1,22,9,121.5303426,25.0649059
112,1,6,19,4,2,03中山區,中山區吉林路與農安街口,0,0,1,2,C03,7,3,5,50,4,2,1,5,4,5,7,2,1,5,4,5,2,13,1,26,2,8,3,4,7,5,1,10,1,13,,8,,1,22,9,121.5303426,25.0649059
112,1,6,19,4,2,03中山區,中山區吉林路與農安街口,0,0,1,3,B12,7,3,5,50,4,2,1,5,4,5,7,2,1,5,4,5,2,13,1,39,3,10,3,4,7,9,1,8,1,1,,23,,1,22,9,121.5303426,25.0649059
112,1,6,19,29,2,04大安區,大安區和平東路1段與和平東路1段113巷口,0,0,1,1,C03,7,3,5,50,3,2,1,5,3,5,7,4,4,3,4,5,2,18,1,69,2,9,1,1,7,9,1,10,1,12,,13,,1,22,9,121.5268764,25.0268235
112,1,6,19,29,2,04大安區,大安區和平東路1段與和平東路1段113巷口,0,0,1,2,,7,3,5,50,3,2,1,5,3,5,7,4,4,3,4,5,2,18,3,0,,,,,,,,,,,,67,,1,,,121.5268764,25.0268235
112,1,6,19,40,2,04大安區,大安區忠孝東路3段248巷7弄與忠孝東路3段248巷口,0,0,1,2,B01,8,3,5,30,3,2,1,5,4,5,7,4,4,9,4,5,2,16,1,64,3,10,1,1,7,9,1,4,1,4,,44,,1,22,9,121.5413026,25.041104
112,1,6,19,40,2,04大安區,大安區忠孝東路3段248巷7弄與忠孝東路3段248巷口,0,0,1,1,C03,8,3,5,30,3,2,1,5,4,5,7,4,4,9,4,5,2,16,2,32,2,9,1,1,7,5,1,10,1,12,,6,,1,22,9,121.5413026,25.041104
112,1,6,19,51,2,10文山區,文山區木新路2段與永安街6巷口,0,0,1,2,H01,8,3,5,50,3,1,1,5,4,5,7,4,4,5,4,5,2,3,2,86,2,9,4,5,8,16,8,20,10,16,,51,,1,19,8,121.5706934,24.9870279
112,1,6,19,51,2,10文山區,文山區木新路2段與永安街6巷口,0,0,1,1,B03,8,3,5,50,3,1,1,5,4,5,7,4,4,5,4,5,2,3,2,43,3,10,1,1,7,9,1,8,2,1,,23,,1,22,9,121.5706934,24.9870279
112,1,6,20,17,2,04大安區,大安區仁愛路4段與復興南路1段口,0,0,2,2,C03,8,3,5,50,4,1,1,5,4,5,7,2,1,1,4,4,2,12,1,48,2,8,1,1,7,9,1,10,1,13,,44,,1,22,9,121.543852,25.03783817
112,1,6,20,17,2,04大安區,大安區仁愛路4段與復興南路1段口,0,0,2,1,C03,8,3,5,50,4,1,1,5,4,5,7,2,1,1,4,4,2,12,2,59,2,9,1,1,7,9,1,10,1,11,,23,,1,22,9,121.543852,25.03783817
112,1,6,20,25,2,01大同區,大同區民生西路165號,0,0,1,2,C03,8,3,5,50,14,9,1,5,4,5,7,2,1,9,5,5,1,17,1,51,2,9,1,1,7,9,1,10,1,14,,44,,1,22,9,121.5175317,25.05732303
112,1,6,20,25,2,01大同區,大同區民生西路165號,0,0,1,1,B01,8,3,5,50,14,9,1,5,4,5,7,2,1,9,5,5,1,17,1,53,3,10,1,1,7,7,1,4,1,15,,7,,1,22,9,121.5175317,25.05732303
112,1,6,20,25,2,12內湖區,內湖區行善路59巷與行善路口,0,0,1,2,H01,8,3,5,50,3,1,1,5,4,5,7,3,1,5,5,5,2,3,1,67,2,2,4,5,8,16,8,20,10,16,,67,,1,22,9,121.5778653,25.05768915