發生年度,發生月,發生日,發生時-Hours,發生分,處理別-編號,區序,肇事地點,死亡人數,2-30日死亡人數,受傷人數,當事人序號,車種,天候,光線,道路類別,速限-速度限制,道路型態,事故位置,路面狀況1,路面狀況2,路面狀況3,道路障礙1,道路障礙2,號誌1,號誌2,車道劃分-分向,車道劃分-分道1,車道劃分-分道2,車道劃分-分道3,事故類型及型態,性別,年齡,受傷程度,主要傷處,保護裝置,行動電話,車輛用途,當事者行動狀態,駕駛資格情形,駕駛執照種類,飲酒情形,車輛撞擊部位1,車輛撞擊部位2,肇因碼-個別,肇因碼-主要,個人肇逃否,職業,旅次目的,座標-X,座標-Y
112,1,7,13,12,2,05中正區,中正區信義路2段161巷2弄與信義路2段161巷2弄口7號旁小巷,0,0,2,1,C03,8,1,5,30,3,1,1,5,4,5,3,4,4,10,5,5,2,17,2,70,2,8,1,1,7,6,1,10,1,11,,6,,1,22,9,121.5284162,25.03435096
112,1,7,13,18,2,07信義區,信義區市民大道5段與東興路口,0,0,1,1,B03,8,1,5,50,4,2,1,5,4,5,7,2,1,1,4,5,2,16,1,40,3,10,1,1,7,5,1,8,2,2,,6,,1,22,9,121.565816,25.0481639
112,1,7,13,18,2,07信義區,信義區市民大道5段與東興路口,0,0,1,2,C03,8,1,5,50,4,2,1,5,4,5,7,2,1,1,4,5,2,16,1,27,2,8,1,1,7,9,1,10,2,11,,44,,1,22,8,121.565816,25.0481639
112,1,7,13,45,2,07信義區,信義區松山路514號,0,0,2,3,C03,8,1,5,30,14,9,1,5,4,5,7,4,4,9,4,5,2,17,1,30,3,10,1,1,7,13,1,10,1,13,,44,,1,22,9,121.578103,25.03813308
112,1,7,13,45,2,07信義區,信義區松山路514號,0,0,2,1,C03,8,1,5,30,14,9,1,5,4,5,7,4,4,9,4,5,2,17,2,36,2,9,1,1,7,5,1,10,1,12,,8,,1,22,9,121.578103,25.03813308
112,1,7,13,45,2,07信義區,信義區松山路514號,0,0,2,2,C03,8,1,5,30,14,9,1,5,4,5,7,4,4,9,4,5,2,17,1,45,2,9,1,1,7,9,1,10,1,11,,23,,1,22,9,121.578103,25.03813308
112,1,7,13,45,2,07信義區,信義區光復南路571號,0,0,1,2,C03,8,1,5,40,14,8,1,5,4,5,7,4,4,3,4,4,2,13,1,35,3,10,1,1,7,14,1,10,1,13,,44,,1,22,9,121.5575072,25.0306189
112,1,7,13,45,2,07信義區,信義區光復南路571號,0,0,1,1,F02,8,1,5,40,14,8,1,5,4,5,7,4,4,3,4,4,2,13,2,61,2,9,1,1,7,9,8,20,1,16,,23,,1,22,9,121.5575072,25.0306189
112,1,7,14,0,2,08士林區,士林區延平北路8段157巷延平河濱139號燈桿堤防自行車道,0,0,2,1,F01,7,1,8,0,15,22,1,5,4,5,7,4,4,10,5,5,1,11,1,15,2,7,1,1,7,4,8,20,1,16,,1,,1,22,9,121.4819881,25.10337869
112,1,7,14,0,2,08士林區,士林區延平北路8段157巷延平河濱139號燈桿堤防自行車道,0,0,2,2,F01,7,1,8,0,15,22,1,5,4,5,7,4,4,10,5,5,1,11,1,53,2,7,1,1,7,9,8,20,1,16,,44,,1,22,9,121.4819881,25.10337869
112,1,7,14,11,2,05中正區,中正區重慶南路1段與衡陽路口,0,0,1,1,B03,8,1,5,50,4,1,1,5,4,5,7,1,1,9,5,5,1,12,1,60,3,10,1,1,7,6,1,8,2,5,,9,,1,22,9,121.5131412,25.04236322
112,1,7,14,11,2,05中正區,中正區重慶南路1段與衡陽路口,0,0,1,2,C03,8,1,5,50,4,1,1,5,4,5,7,1,1,9,5,5,1,12,2,23,2,9,1,1,7,9,1,10,2,14,,44,,1,22,9,121.5131412,25.04236322
112,1,7,14,26,2,02萬華區,萬華區中華路2段364巷40號,0,0,1,1,F03,8,1,5,50,14,9,1,5,4,5,7,4,4,9,5,5,2,12,2,44,2,9,1,1,7,9,8,20,1,16,,44,,1,22,9,121.5034133,25.02833434
112,1,7,14,26,2,02萬華區,萬華區中華路2段364巷40號,0,0,1,3,B03,8,1,5,50,14,9,1,5,4,5,7,4,4,9,5,5,2,12,2,46,3,10,3,1,7,13,1,8,9,7,,44,,1,22,9,121.5034133,25.02833434
112,1,7,14,26,2,02萬華區,萬華區中華路2段364巷40號,0,0,1,2,C03,8,1,5,50,14,9,1,5,4,5,7,4,4,9,5,5,2,12,2,32,3,10,1,1,7,9,1,10,1,14,,23,,1,22,9,121.5034133,25.02833434
112,1,7,14,54,2,02萬華區,萬華區西園路2段與西藏路口,0,0,1,1,B12,8,1,5,50,4,1,1,5,4,5,7,1,1,3,3,5,2,16,1,64,3,10,3,4,7,6,1,8,1,5,,44,,1,22,9,121.4956786,25.0285894
112,1,7,14,54,2,02萬華區,萬華區西園路2段與西藏路口,0,0,1,2,C03,8,1,5,50,4,1,1,5,4,5,7,1,1,3,3,5,2,16,2,29,2,9,1,4,7,9,1,10,1,13,,44,,1,22,9,121.4956786,25.0285894
112,1,7,14,54,2,02萬華區,萬華區西園路2段與西藏路口,0,0,1,3,H02,8,1,5,50,4,1,1,5,4,5,7,1,1,3,3,5,2,16,1,3,3,10,4,5,7,20,8,20,10,16,,67,,1,22,9,121.4956786,25.0285894
112,1,7,15,26,2,05中正區,中正區林森南路與忠孝東路1段口,0,0,3,1,F01,8,1,5,50,4,2,1,5,4,5,7,2,1,5,4,5,2,15,1,51,2,7,1,1,7,11,8,20,1,16,,25,,1,22,9,121.523325,25.04474746
112,1,7,15,26,2,05中正區,中正區林森南路與忠孝東路1段口,0,0,3,2,C03,8,1,5,50,4,2,1,5,4,5,7,2,1,5,4,5,2,15,2,22,2,9,1,1,7,9,1,10,1,12,,4,,1,22,9,121.523325,25.04474746
112,1,7,15,26,2,05中正區,中正區林森南路與忠孝東路1段口,0,0,3,3,H02,8,1,5,50,4,2,1,5,4,5,7,2,1,5,4,5,2,15,2,22,2,8,4,5,7,20,8,20,10,16,,67,,1,22,9,121.523325,25.04474746
112,1,7,15,47,2,05中正區,中正區永福橋下橋處(往台北市方向),0,0,2,1,C03,8,1,5,50,14,9,1,5,4,5,7,1,1,5,4,5,2,12,1,70,2,7,1,1,7,8,1,10,1,12,,7,,1,22,9,121.5298665,25.01319457
112,1,7,15,47,2,05中正區,中正區永福橋下橋處(往台北市方向),0,0,2,2,C03,8,1,5,50,14,9,1,5,4,5,7,1,1,5,4,5,2,12,2,39,2,9,1,1,7,9,1,10,1,14,,17,,1,22,9,121.5298665,25.01319457
112,1,7,15,50,2,09北投區,北投區承德路7段與承德路7段口329燈桿,0,0,2,1,C03,8,1,5,60,14,8,1,5,4,5,7,4,4,1,4,4,1,11,1,20,2,9,1,1,7,9,1,10,1,11,,16,,1,22,9,121.5027608,25.11820016
112,1,7,15,50,2,09北投區,北投區承德路7段與承德路7段口329燈桿,0,0,2,2,C03,8,1,5,60,14,8,1,5,4,5,7,4,4,1,4,4,1,11,2,35,2,9,1,1,7,9,1,10,1,13,,44,,1,22,9,121.5027608,25.11820016
112,1,7,15,50,2,09北投區,北投區承德路7段與承德路7段口329燈桿,0,0,2,3,B03,8,1,5,60,14,8,1,5,4,5,7,4,4,1,4,4,1,11,1,42,3,10,1,1,7,8,1,8,1,2,,7,,1,22,9,121.5027608,25.11820016
112,1,7,15,50,2,09北投區,北投區承德路7段與承德路7段口329燈桿,0,0,2,4,B03,8,1,5,60,14,8,1,5,4,5,7,4,4,1,4,4,1,11,2,32,3,10,1,1,7,13,1,8,1,4,,44,,1,22,9,121.5027608,25.11820016
112,1,7,16,21,2,02萬華區,萬華區莒光路153巷與中華路2段150巷口,0,0,2,1,C03,8,1,5,30,4,1,1,5,4,5,7,4,4,10,5,5,2,15,2,57,2,9,1,4,7,9,1,10,1,12,,6,,1,22,9,121.5029806,25.03042876
112,1,7,16,21,2,02萬華區,萬華區莒光路153巷與中華路2段150巷口,0,0,2,2,C03,8,1,5,30,4,1,1,5,4,5,7,4,4,10,5,5,2,15,2,40,2,9,1,4,7,9,1,10,1,11,,44,,1,22,9,121.5029806,25.03042876
112,1,7,16,36,2,10文山區,文山區秀明路1段119巷與秀明路1段口,0,0,2,1,B12,7,3,5,40,14,9,1,5,4,5,7,1,1,5,4,4,2,12,1,40,3,10,1,1,7,9,1,8,2,6,,26,,1,22,9,121.56987,24.99163204
112,1,7,16,36,2,10文山區,文山區秀明路1段119巷與秀明路1段口,0,0,2,2,C03,7,3,5,40,14,9,1,5,4,5,7,1,1,5,4,4,2,12,1,67,2,9,1,1,7,7,1,10,2,14,,7,,1,22,9,121.56987,24.99163204
112,1,7,16,36,2,10文山區,文山區秀明路1段119巷與秀明路1段口,0,0,2,3,H02,7,3,5,40,14,9,1,5,4,5,7,1,1,5,4,4,2,12,2,63,2,9,4,5,7,17,8,20,10,16,,67,,1,22,9,121.56987,24.99163204
112,1,7,16,45,2,09北投區,北投區洲美街河雙21號河濱公園（腳踏車步道）,0,0,1,1,F01,8,1,8,30,15,22,1,5,4,5,7,4,4,9,5,5,2,12,1,35,3,10,3,4,7,4,8,20,2,16,,17,,1,22,9,121.5093585,25.09731965
112,1,7,16,45,2,09北投區,北投區洲美街河雙21號河濱公園（腳踏車步道）,0,0,1,2,F01,8,1,8,30,15,22,1,5,4,5,7,4,4,9,5,5,2,12,2,62,2,9,1,1,7,9,8,20,2,16,,44,,1,22,9,121.5093585,25.09731965
112,1,7,16,55,2,08士林區,士林區中山北路5段645號,0,0,1,1,C03,8,1,5,50,14,9,1,5,4,5,7,4,4,1,4,5,2,13,1,21,3,10,1,1,7,9,1,10,1,11,,16,,1,22,9,121.5274857,25.09690923
112,1,7,16,55,2,08士林區,士林區中山北路5段645號,0,0,1,3,B03,8,1,5,50,14,9,1,5,4,5,7,4,4,1,4,5,2,13,1,36,3,10,1,1,7,13,1,8,1,3,,44,,1,22,9,121.5274857,25.09690923
112,1,7,16,55,2,08士林區,士林區中山北路5段645號,0,0,1,2,C03,8,1,5,50,14,9,1,5,4,5,7,4,4,1,4,5,2,13,1,47,2,9,1,1,7,12,1,10,1,13,,44,,1,22,9,121.5274857,25.09690923
112,1,7,16,56,2,04大安區,大安區建國南路2段與建國南路2段151巷口,0,0,1,1,C03,8,1,5,50,4,1,1,5,4,5,7,1,1,1,5,5,1,15,1,35,2,9,1,1,7,9,1,9,2,11,,44,,1,22,9,121.5369674,25.0288665
112,1,7,16,56,2,04大安區,大安區建國南路2段與建國南路2段151巷口,0,0,1,2,B01,8,1,5,50,4,1,1,5,4,5,7,1,1,1,5,5,1,15,1,68,3,10,1,1,7,9,1,4,2,4,,42,,1,22,9,121.5369674,25.0288665
112,1,7,16,58,2,06松山區,松山區八德路3段10號,0,0,1,1,B03,8,1,5,50,14,9,1,5,4,5,7,4,4,4,3,5,2,12,1,40,3,10,1,1,7,11,1,8,1,4,,10,,1,22,9,121.549582,25.04819691
112,1,7,16,58,2,06松山區,松山區八德路3段10號,0,0,1,2,C03,8,1,5,50,14,9,1,5,4,5,7,4,4,4,3,5,2,12,1,18,2,9,1,1,7,9,1,10,1,11,,23,,1,22,9,121.549582,25.04819691
112,1,7,17,2,2,04大安區,大安區仁愛路3段與建國南路1段口,0,0,1,2,C03,8,3,5,50,4,1,1,5,4,5,7,1,1,9,4,5,1,13,2,25,2,8,1,1,7,9,1,10,1,13,,44,,1,22,9,121.5378469,25.0379738
112,1,7,17,2,2,04大安區,大安區仁愛路3段與建國南路1段口,0,0,1,1,C03,8,3,5,50,4,1,1,5,4,5,7,1,1,9,4,5,1,13,1,69,3,10,3,4,7,21,1,10,9,15,,16,,2,22,9,121.5378469,25.0379738
112,1,7,17,3,2,03中山區,中山區民生東路1段與新生北路2段口,0,0,1,1,C03,8,1,5,50,4,2,1,5,4,5,7,1,1,5,4,5,2,16,2,67,2,9,1,1,7,9,1,8,1,14,,44,,1,22,9,121.5273062,25.0581054
112,1,7,17,3,2,03中山區,中山區民生東路1段與新生北路2段口,0,0,1,2,C03,8,1,5,50,4,2,1,5,4,5,7,1,1,5,4,5,2,16,1,35,3,10,1,1,7,9,1,10,1,11,,17,,1,22,9,121.5273062,25.0581054
112,1,7,17,10,2,09北投區,北投區石牌路1段166巷與西安街1段281巷口,0,0,1,1,C03,8,2,5,50,4,1,1,5,4,5,6,4,4,10,5,5,2,15,2,51,3,10,1,1,7,9,1,10,1,12,,6,,1,22,9,121.5159562,25.11120878
112,1,7,17,10,2,09北投區,北投區石牌路1段166巷與西安街1段281巷口,0,0,1,2,C03,8,2,5,50,4,1,1,5,4,5,6,4,4,10,5,5,2,15,2,57,2,9,1,1,7,9,1,10,1,11,,14,,1,22,9,121.5159562,25.11120878
112,1,7,17,10,2,05中正區,(連雲街26巷22弄5號前),0,0,1,2,C03,8,2,5,30,14,9,1,5,4,5,3,4,4,10,5,5,2,16,1,32,2,9,1,1,7,9,1,10,2,14,,44,,1,22,9,121.5304464,25.0367699
112,1,7,17,10,2,05中正區,(連雲街26巷22弄5號前),0,0,1,1,B03,8,2,5,30,14,9,1,5,4,5,3,4,4,10,5,5,2,16,1,63,3,10,1,1,7,9,1,4,2,1,,6,,1,22,9,121.5304464,25.0367699
112,1,7,17,16,2,06松山區,松山區五常街370號,0,0,1,1,C03,8,1,5,30,15,9,1,5,4,5,7,4,4,10,5,5,2,17,2,42,2,9,1,1,7,4,1,10,2,12,,14,,1,22,9,121.545264,25.0643203
112,1,7,17,16,2,06松山區,松山區五常街370號,0,0,1,2,B12,8,1,5,30,15,9,1,5,4,5,7,4,4,10,5,5,2,17,1,51,3,10,1,1,7,5,1,8,2,7,,8,,1,22,9,121.545264,25.0643203
112,1,7,17,17,2,09北投區,北投區致遠二路113巷與致遠二路口,0,0,1,1,B03,8,3,5,50,3,1,1,5,4,5,7,4,4,5,5,5,2,12,1,73,3,10,1,1,7,1,1,8,1,8,,19,,1,22,9,121.512221,25.11681781
112,1,7,17,17,2,09北投區,北投區致遠二路113巷與致遠二路口,0,0,1,2,C03,8,3,5,50,3,1,1,5,4,5,7,4,4,5,5,5,2,12,2,54,2,8,1,1,7,6,1,10,1,12,,9,,1,22,9,121.512221,25.11681781
112,1,7,17,22,2,11南港區,南港區昆陽街161-2號,0,0,1,2,C03,8,2,5,50,14,9,1,5,4,5,7,4,4,10,5,5,2,11,1,30,2,9,1,1,7,9,1,10,1,14,,23,,1,22,9,121.5943032,25.0491325
112,1,7,17,22,2,11南港區,南港區昆陽街161-2號,0,0,1,1,B03,8,2,5,50,14,9,1,5,4,5,7,4,4,10,5,5,2,11,1,31,3,10,1,1,7,5,1,8,1,1,,8,,1,22,9,121.5943032,25.0491325
112,1,7,17,27,2,04大安區,大安區和平東路1段75巷與和平東路1段口,0,0,1,2,C03,8,2,5,50,3,2,1,5,4,5,7,1,1,8,3,5,1,12,1,61,2,7,1,1,7,9,1,10,1,12,,44,,1,12,1,121.5249341,25.02698284
112,1,7,17,27,2,04大安區,大安區和平東路1段75巷與和平東路1段口,0,0,1,3,B12,8,2,5,50,3,2,1,5,4,5,7,1,1,8,3,5,1,12,2,67,3,10,1,1,7,9,1,8,1,2,,44,,1,5,5,121.5249341,25.02698284
112,1,7,17,27,2,04大安區,大安區和平東路1段75巷與和平東路1段口,0,0,1,1,C03,8,2,5,50,3,2,1,5,4,5,7,1,1,8,3,5,1,12,2,52,3,10,1,1,7,7,1,10,1,14,,7,,1,19,8,121.5249341,25.02698284
112,1,7,17,40,2,12內湖區,內湖區安康路261巷與安康路口,0,0,1,1,B02,8,3,5,50,4,1,1,5,4,5,7,4,4,9,4,5,2,16,1,48,3,10,1,1,7,5,1,4,1,1,,6,,1,22,9,121.614131,25.06626504
112,1,7,17,40,2,12內湖區,內湖區安康路261巷與安康路口,0,0,1,2,F01,8,3,5,50,4,1,1,5,4,5,7,4,4,9,4,5,2,16,1,67,2,9,1,1,7,9,8,20,1,16,,27,,1,22,9,121.614131,25.06626504
112,1,7,17,42,2,12內湖區,內湖區新明路與安康路口,0,0,1,2,C03,8,3,5,50,4,1,1,5,4,5,7,2,1,9,4,5,2,16,1,33,3,10,1,1,7,9,1,10,1,11,,44,,1,22,9,121.5912544,25.0605664
112,1,7,17,42,2,12內湖區,內湖區新明路與安康路口,0,0,1,1,C02,8,3,5,50,4,1,1,5,4,5,7,2,1,9,4,5,2,16,1,43,2,8,1,1,7,5,1,9,1,12,,6,,1,22,9,121.5912544,25.0605664
112,1,7,17,55,2,03中山區,中山區復興北路438號,0,0,1,1,A04,8,1,5,50,14,9,1,5,4,5,7,4,4,1,4,5,2,16,1,48,3,10,3,4,7,9,1,2,1,8,,23,,1,22,9,121.5441838,25.06413562
112,1,7,17,55,2,03中山區,中山區復興北路438號,0,0,1,2,C03,8,1,5,50,14,9,1,5,4,5,7,4,4,1,4,5,2,16,1,29,2,8,1,1,7,8,1,10,1,12,,7,,1,22,9,121.5441838,25.06413562
112,1,7,18,3,2,03中山區,中山區市民大道2段向西近長安東路1段30巷,0,0,1,1,C03,8,3,5,40,14,9,1,5,4,5,7,4,4,1,4,5,2,17,1,36,3,10,1,1,7,9,1,10,1,14,,23,,1,22,9,121.5267183,25.0473402
112,1,7,18,3,2,03中山區,中山區市民大道2段向西近長安東路1段30巷,0,0,1,2,C03,8,3,5,40,14,9,1,5,4,5,7,4,4,1,4,5,2,17,2,39,2,8,1,1,7,9,1,10,1,12,,44,,1,22,9,121.5267183,25.0473402
112,1,7,18,7,2,09北投區,北投區中央北路2段312號,0,0,1,2,C03,7,3,5,50,14,9,1,5,4,5,7,1,1,9,4,5,1,12,2,23,2,6,1,1,7,9,1,9,1,13,,43,,1,22,9,121.4727569,25.13089349
112,1,7,18,7,2,09北投區,北投區中央北路2段312號,0,0,1,1,C03,7,3,5,50,14,9,1,5,4,5,7,1,1,9,4,5,1,12,1,52,3,10,1,1,7,9,1,10,1,11,,17,,1,22,9,121.4727569,25.13089349
112,1,7,18,20,2,11南港區,南港區忠孝東路6段451號前(昆陽捷運站),0,0,3,3,H02,7,3,5,50,14,7,1,5,4,5,7,4,4,1,4,4,1,13,2,23,2,9,1,5,7,20,8,20,10,16,,67,,1,22,9,121.5937936,25.0504326
112,1,7,18,20,2,11南港區,南港區忠孝東路6段451號前(昆陽捷運站),0,0,3,2,C03,7,3,5,50,14,7,1,5,4,5,7,4,4,1,4,4,1,13,1,37,2,9,1,4,7,9,1,10,1,13,,44,,1,22,9,121.5937936,25.0504326
112,1,7,18,20,2,11南港區,南港區忠孝東路6段451號前(昆陽捷運站),0,0,3,1,C03,7,3,5,50,14,7,1,5,4,5,7,4,4,1,4,4,1,13,1,24,2,8,1,4,7,9,3,18,1,11,,16,,1,22,9,121.5937936,25.0504326
112,1,7,18,28,2,11南港區,南港區成福路180巷4號,0,0,1,1,B03,7,3,5,30,13,9,1,5,4,5,7,4,4,10,5,5,2,17,1,40,3,10,2,1,7,14,1,8,1,4,,40,,1,22,9,121.587698,25.0413094
112,1,7,18,28,2,11南港區,南港區成福路180巷4號,0,0,1,2,C03,7,3,5,30,13,9,1,5,4,5,7,4,4,10,5,5,2,17,2,53,2,9,1,1,7,9,1,10,1,12,,44,,1,22,9,121.587698,25.0413094
112,1,7,18,49,2,12內湖區,內湖區瑞湖街與民權東路6段15巷口,0,0,1,2,C03,8,3,5,50,4,1,1,5,4,5,7,1,1,5,5,5,1,17,2,47,2,9,1,1,7,9,1,10,1,12,,44,,1,22,9,121.5764451,25.0689879
112,1,7,18,49,2,12內湖區,內湖區瑞湖街與民權東路6段15巷口,0,0,1,1,B03,8,3,5,50,4,1,1,5,4,5,7,1,1,5,5,5,1,17,1,31,3,10,1,1,7,5,1,8,1,4,,8,,1,22,9,121.5764451,25.0689879
112,1,7,19,42,2,12內湖區,內湖區瑞光路209號,0,0,3,1,B01,8,3,5,50,14,9,1,5,4,5,7,4,4,5,4,5,2,12,1,50,3,10,1,1,7,7,1,4,2,8,,7,,1,22,9,121.5788985,25.07393809
112,1,7,19,42,2,12內湖區,內湖區瑞光路209號,0,0,3,2,C03,8,3,5,50,14,9,1,5,4,5,7,4,4,5,4,5,2,12,1,66,2,9,1,1,7,9,1,10,2,12,,44,,1,22,9,121.5788985,25.07393809
112,1,7,19,42,2,12內湖區,內湖區瑞光路209號,0,0,3,3,H02,8,3,5,50,14,9,1,5,4,5,7,4,4,5,4,5,2,12,1,11,2,9,1,5,7,20,8,20,10,16,,67,,1,22,9,121.5788985,25.07393809
112,1,7,19,42,2,12內湖區,內湖區瑞光路209號,0,0,3,4,H02,8,3,5,50,14,9,1,5,4,5,7,4,4,5,4,5,2,12,1,9,2,9,1,5,7,20,8,20,10,16,,67,,1,22,9,121.5788985,25.07393809
112,1,7,21,30,2,11南港區,南港區經貿二路與經貿二路106巷口,0,0,1,3,H02,8,3,5,50,4,2,1,5,4,5,7,1,1,9,4,5,2,17,1,41,3,10,1,5,7,17,8,20,11,15,,67,,1,22,9,121.6166876,25.0581098
112,1,7,21,30,2,11南港區,南港區經貿二路與經貿二路106巷口,0,0,1,1,B03,8,3,5,50,4,2,1,5,4,5,7,1,1,9,4,5,2,17,4,0,4,11,3,4,7,15,7,19,11,15,,43,,2,22,9,121.6166876,25.0581098
112,1,7,21,30,2,11南港區,南港區經貿二路與經貿二路106巷口,0,0,1,2,C03,8,3,5,50,4,2,1,5,4,5,7,1,1,9,4,5,2,17,2,27,2,9,1,1,7,9,1,10,1,11,,43,,1,22,9,121.6166876,25.0581098
112,1,7,21,58,2,07信義區,信義區忠孝東路5段與松仁路口,0,0,2,2,B03,8,3,5,50,4,1,1,5,4,5,7,1,1,3,4,5,2,16,1,26,3,10,1,1,7,9,1,8,1,2,,13,,1,22,9,121.5686295,25.04110834
112,1,7,21,58,2,07信義區,信義區忠孝東路5段與松仁路口,0,0,2,1,C03,8,3,5,50,4,1,1,5,4,5,7,1,1,3,4,5,2,16,1,59,2,8,1,1,7,5,1,10,1,14,,25,,2,22,9,121.5686295,25.04110834
112,1,7,21,58,2,07信義區,信義區忠孝東路5段與松仁路口,0,0,2,3,H02,8,3,5,50,4,1,1,5,4,5,7,1,1,3,4,5,2,16,2,58,2,8,1,5,7,20,8,20,10,16,,67,,1,22,9,121.5686295,25.04110834
112,1,7,22,1,2,11南港區,南港區南港路2段與南港路2段118巷口,0,0,1,1,C03,8,3,5,50,3,2,1,5,4,5,7,4,4,8,5,4,2,13,1,26,2,8,3,4,7,7,1,10,1,11,,23,,1,22,9,121.6022975,25.0534481
112,1,7,22,1,2,11南港區,南港區南港路2段與南港路2段118巷口,0,0,1,2,B03,8,3,5,50,3,2,1,5,4,5,7,4,4,8,5,4,2,13,1,39,3,10,3,4,7,14,1,8,1,6,,44,,1,22,9,121.6022975,25.0534481
112,1,7,22,43,2,04大安區,大安區復興南路1段與復興南路1段122巷口,0,0,1,1,B01,8,3,5,50,3,2,1,5,4,5,7,4,4,1,5,5,1,14,1,69,3,10,1,1,7,2,1,4,2,6,,12,,1,22,9,121.5437082,25.04330169
112,1,7,22,43,2,04大安區,大安區復興南路1段與復興南路1段122巷口,0,0,1,2,C03,8,3,5,50,3,2,1,5,4,5,7,4,4,1,5,5,1,14,1,23,2,9,1,1,7,8,1,10,2,11,,23,,1,22,9,121.5437082,25.04330169
112,1,7,22,43,2,04大安區,大安區復興南路1段與復興南路1段122巷口,0,0,1,3,B03,8,3,5,50,3,2,1,5,4,5,7,4,4,1,5,5,1,14,1,38,3,10,3,4,7,13,1,8,1,3,,44,,1,22,9,121.5437082,25.04330169
112,1,7,22,47,2,05中正區,中正區南昌路2段131號,0,0,1,1,C03,8,3,5,50,14,9,1,5,4,5,7,4,4,9,4,5,2,17,1,47,2,9,1,1,7,6,1,10,2,14,,9,,1,22,9,121.5218337,25.02626222
112,1,7,22,47,2,05中正區,中正區南昌路2段131號,0,0,1,2,B03,8,3,5,50,14,9,1,5,4,5,7,4,4,9,4,5,2,17,1,22,3,10,1,1,7,9,1,8,2,2,,44,,1,22,9,121.5218337,25.02626222
112,1,8,0,15,2,05中正區,中正區忠孝東路2段與八德路1段口,0,0,1,1,B03,8,3,5,50,3,1,1,5,4,5,7,1,1,10,5,5,2,17,1,45,3,10,1,1,7,5,1,8,2,8,,25,,1,22,9,121.5291736,25.0434236
112,1,8,0,15,2,05中正區,中正區忠孝東路2段與八德路1段口,0,0,1,2,C03,8,3,5,50,3,1,1,5,4,5,7,1,1,10,5,5,2,17,1,62,2,9,1,1,7,9,1,10,2,14,,13,,1,22,9,121.5291736,25.0434236
112,1,8,0,15,2,05中正區,中正區忠孝東路2段與八德路1段口,0,0,1,3,,8,3,5,50,3,1,1,5,4,5,7,1,1,10,5,5,2,17,3,0,,,,,,,,,,,,67,,1,,,121.5291736,25.0434236
112,1,8,0,15,2,05中正區,中正區忠孝東路2段與八德路1段口,0,0,1,4,,8,3,5,50,3,1,1,5,4,5,7,1,1,10,5,5,2,17,3,0,,,,,,,,,,,,67,,1,,,121.5291736,25.0434236
112,1,8,0,15,2,05中正區,中正區忠孝東路2段與八德路1段口,0,0,1,5,,8,3,5,50,3,1,1,5,4,5,7,1,1,10,5,5,2,17,3,0,,,,,,,,,,,,67,,1,,,121.5291736,25.0434236
112,1,8,0,32,2,07信義區,信義區忠孝東路5段與松信路口,0,0,2,2,C03,8,3,5,50,4,1,1,5,4,5,7,2,1,3,4,3,1,17,1,28,2,5,1,1,7,9,1,10,2,11,,13,,1,22,9,121.5719382,25.0410013
112,1,8,0,32,2,07信義區,信義區忠孝東路5段與松信路口,0,0,2,1,C03,8,3,5,50,4,1,1,5,4,5,7,2,1,3,4,3,1,17,1,32,2,8,1,1,7,5,1,10,8,11,,8,,1,22,9,121.5719382,25.0410013
112,1,8,0,34,2,05中正區,中正區南海路與重慶南路2段口,0,0,2,2,C03,8,3,5,50,4,1,1,5,4,5,7,1,1,10,4,5,2,17,1,25,2,9,1,1,7,5,1,10,1,14,,44,,1,22,9,121.5144042,25.03187967
112,1,8,0,34,2,05中正區,中正區南海路與重慶南路2段口,0,0,2,1,B02,8,3,5,50,4,1,1,5,4,5,7,1,1,10,4,5,2,17,2,35,3,10,1,1,7,9,1,8,1,2,,26,,1,22,9,121.5144042,25.03187967
112,1,8,0,34,2,05中正區,中正區南海路與重慶南路2段口,0,0,2,3,H02,8,3,5,50,4,1,1,5,4,5,7,1,1,10,4,5,2,17,2,23,2,9,1,5,7,20,8,20,10,16,,67,,1,22,9,121.5144042,25.03187967
112,1,8,1,20,2,03中山區,中山區中山北路2段與民權西路口,0,0,2,1,B03,7,3,5,50,3,1,1,5,4,5,7,1,1,10,4,5,2,16,2,47,3,10,1,4,7,5,1,8,2,5,,6,,1,22,9,121.5224761,25.06280727
112,1,8,1,20,2,03中山區,中山區中山北路2段與民權西路口,0,0,2,2,C03,7,3,5,50,3,1,1,5,4,5,7,1,1,10,4,5,2,16,1,19,2,9,1,4,7,9,1,10,2,11,,44,,1,22,9,121.5224761,25.06280727
112,1,8,1,20,2,03中山區,中山區中山北路2段與民權西路口,0,0,2,3,H02,7,3,5,50,3,1,1,5,4,5,7,1,1,10,4,5,2,16,2,19,2,9,1,5,7,20,8,20,10,16,,67,,1,22,9,121.5224761,25.06280727
112,1,8,1,45,2,08士林區,士林區仰德大道1段110號,0,0,1,2,,7,3,5,40,14,9,1,5,4,5,7,4,4,4,5,5,1,18,3,0,,,,,,,,,,,,67,,1,,,121.5369269,25.10789388
112,1,8,1,45,2,08士林區,士林區仰德大道1段110號,0,0,1,1,C03,7,3,5,40,14,9,1,5,4,5,7,4,4,4,5,5,1,18,2,34,2,9,1,1,7,9,1,10,1,12,,43,,1,22,9,121.5369269,25.10789388
112,1,8,2,48,2,03中山區,中山區林森北路119巷40號,0,0,1,2,H01,8,3,5,30,14,9,1,5,4,5,7,4,4,10,3,5,1,9,2,29,2,5,4,5,8,16,8,20,10,16,,60,,1,22,9,121.5264045,25.0504345