發生年度,發生月,發生日,發生時-Hours,發生分,處理別-編號,區序,肇事地點,死亡人數,2-30日死亡人數,受傷人數,當事人序號,車種,天候,光線,道路類別,速限-速度限制,道路型態,事故位置,路面狀況1,路面狀況2,路面狀況3,道路障礙1,道路障礙2,號誌1,號誌2,車道劃分-分向,車道劃分-分道1,車道劃分-分道2,車道劃分-分道3,事故類型及型態,性別,年齡,受傷程度,主要傷處,保護裝置,行動電話,車輛用途,當事者行動狀態,駕駛資格情形,駕駛執照種類,飲酒情形,車輛撞擊部位1,車輛撞擊部位2,肇因碼-個別,肇因碼-主要,個人肇逃否,職業,旅次目的,座標-X,座標-Y
112,1,8,2,48,2,03中山區,中山區林森北路119巷40號,0,0,1,1,B01,8,3,5,30,14,9,1,5,4,5,7,4,4,10,3,5,1,9,1,62,3,10,1,1,7,9,1,4,9,2,,23,,1,22,9,121.5264045,25.0504345
112,1,8,6,38,2,11南港區,南港區松河街342號,0,0,1,2,C03,8,1,5,0,14,9,1,5,4,5,7,4,4,9,5,5,2,27,1,49,2,9,1,1,7,9,1,10,1,11,,44,,1,22,9,121.584304,25.05319154
112,1,8,6,38,2,11南港區,南港區松河街342號,0,0,1,1,,8,1,5,0,14,9,1,5,4,5,7,4,4,9,5,5,2,27,3,0,,,,,,,,,,,,66,,1,,,121.584304,25.05319154
112,1,8,7,57,2,01大同區,大同區安西街與延平北路2段272巷口,0,0,1,2,C03,8,1,5,30,4,1,1,5,4,5,7,4,4,10,5,5,2,15,1,70,3,10,1,1,7,9,1,10,1,11,,14,,1,22,9,121.5097504,25.0620843
112,1,8,7,57,2,01大同區,大同區安西街與延平北路2段272巷口,0,0,1,1,C03,8,1,5,30,4,1,1,5,4,5,7,4,4,10,5,5,2,15,2,44,2,8,1,1,7,9,1,10,1,11,,6,,1,22,9,121.5097504,25.0620843
112,1,8,9,12,2,07信義區,信義區松高路與市府路口,0,0,1,2,C03,8,1,5,50,4,1,1,5,4,5,7,1,1,5,4,5,1,16,1,37,2,9,3,4,7,9,1,10,1,14,,44,,1,22,9,121.5634694,25.039074
112,1,8,9,12,2,07信義區,信義區松高路與市府路口,0,0,1,1,B03,8,1,5,50,4,1,1,5,4,5,7,1,1,5,4,5,1,16,1,55,3,10,3,4,7,6,1,8,1,5,,9,,1,22,9,121.5634694,25.039074
112,1,8,9,21,2,08士林區,士林區萬溪產業道路與萬溪產業道路口風櫃嘴,0,0,1,1,B01,8,1,5,30,3,2,1,5,4,5,7,4,4,10,5,5,1,13,1,64,3,10,1,1,7,9,1,4,2,1,,23,,1,22,9,121.6028462,25.13700863
112,1,8,9,21,2,08士林區,士林區萬溪產業道路與萬溪產業道路口風櫃嘴,0,0,1,2,F01,8,1,5,30,3,2,1,5,4,5,7,4,4,10,5,5,1,13,1,48,2,9,1,1,7,21,8,20,2,16,,44,,1,22,9,121.6028462,25.13700863
112,1,8,10,30,2,10文山區,文山區興隆路3段與興隆路3段192巷8弄口,0,0,1,2,C03,8,1,5,50,4,1,1,5,4,5,7,2,1,1,4,5,2,16,1,22,2,9,1,1,7,9,1,10,2,14,,13,,1,22,9,121.5598755,24.9967642
112,1,8,10,30,2,10文山區,文山區興隆路3段與興隆路3段192巷8弄口,0,0,1,1,B12,8,1,5,50,4,1,1,5,4,5,7,2,1,1,4,5,2,16,1,30,3,10,1,1,7,5,1,8,2,1,,6,,1,22,9,121.5598755,24.9967642
112,1,8,11,12,2,07信義區,信義區永吉路30巷與松隆路口,0,0,1,1,B03,8,1,5,50,4,2,1,5,4,5,7,2,1,1,4,5,2,11,1,37,3,10,1,1,7,5,1,8,1,2,,8,,1,22,9,121.5688824,25.0444841
112,1,8,11,12,2,07信義區,信義區永吉路30巷與松隆路口,0,0,1,2,C01,8,1,5,50,4,2,1,5,4,5,7,2,1,1,4,5,2,11,2,29,2,9,1,1,7,9,1,9,1,11,,44,,1,22,9,121.5688824,25.0444841
112,1,8,11,35,2,03中山區,中山區民生東路3段與復興北路口,0,0,2,1,B03,8,1,5,50,4,1,1,5,4,5,7,1,1,1,4,5,2,13,1,39,2,7,1,4,7,9,1,8,1,1,,23,,1,22,9,121.5440922,25.05805972
112,1,8,11,35,2,03中山區,中山區民生東路3段與復興北路口,0,0,2,2,B03,8,1,5,50,4,1,1,5,4,5,7,1,1,1,4,5,2,13,1,68,2,3,1,4,7,12,1,8,1,3,,42,,1,22,9,121.5440922,25.05805972
112,1,8,11,49,2,07信義區,信義區忠孝東路5段236巷3弄與忠孝東路5段372巷口口,0,0,1,1,C03,8,1,5,30,4,1,1,5,4,5,7,4,4,10,5,5,2,15,1,44,2,8,1,1,7,9,1,10,1,11,,6,,1,22,9,121.5740372,25.040369
112,1,8,11,49,2,07信義區,信義區忠孝東路5段236巷3弄與忠孝東路5段372巷口口,0,0,1,2,B03,8,1,5,30,4,1,1,5,4,5,7,4,4,10,5,5,2,15,2,29,3,10,1,1,7,9,1,8,1,4,,44,,1,22,9,121.5740372,25.040369
112,1,8,12,54,2,04大安區,大安區信義路2段與新生南路2段口,0,0,2,1,C03,8,1,5,50,14,9,1,5,4,5,7,4,4,10,5,5,2,12,1,42,2,9,1,1,7,7,1,10,2,14,,6,,1,22,9,121.5329905,25.0329886
112,1,8,12,54,2,04大安區,大安區信義路2段與新生南路2段口,0,0,2,2,C03,8,1,5,50,14,9,1,5,4,5,7,4,4,10,5,5,2,12,1,29,3,10,1,1,7,9,1,10,2,12,,44,,1,22,9,121.5329905,25.0329886
112,1,8,12,54,2,04大安區,大安區信義路2段與新生南路2段口,0,0,2,3,H02,8,1,5,50,14,9,1,5,4,5,7,4,4,10,5,5,2,12,2,32,2,7,1,5,7,21,8,20,10,16,,67,,1,22,9,121.5329905,25.0329886
112,1,8,13,23,2,02萬華區,萬華區廣州街與環河南路2段口,0,0,1,1,B03,8,1,5,50,4,2,1,5,4,5,7,1,1,8,3,4,2,17,2,24,3,10,1,1,7,6,1,8,2,15,,44,,1,22,9,121.4958528,25.03670951
112,1,8,13,23,2,02萬華區,萬華區廣州街與環河南路2段口,0,0,1,2,C03,8,1,5,50,4,2,1,5,4,5,7,1,1,8,3,4,2,17,1,85,2,9,1,1,7,9,1,10,2,15,,44,,1,22,9,121.4958528,25.03670951
112,1,8,13,56,2,05中正區,中正區思源街1號,0,0,2,1,C03,8,1,5,50,14,9,1,5,4,5,7,1,1,5,2,5,2,13,2,25,2,9,1,1,7,9,1,10,1,11,,42,,1,22,9,121.5303165,25.01328896
112,1,8,13,56,2,05中正區,中正區思源街1號,0,0,2,2,C03,8,1,5,50,14,9,1,5,4,5,7,1,1,5,2,5,2,13,1,54,2,9,1,1,7,14,1,10,1,13,,42,,1,22,9,121.5303165,25.01328896
112,1,8,14,0,2,01大同區,大同區重慶北路2段223號,0,0,1,1,C03,8,1,5,50,14,9,1,5,4,5,7,4,4,1,4,5,2,13,1,64,2,7,1,4,7,9,1,10,2,11,,23,,1,22,9,121.5136432,25.06143592
112,1,8,14,0,2,01大同區,大同區重慶北路2段223號,0,0,1,2,B03,8,1,5,50,14,9,1,5,4,5,7,4,4,1,4,5,2,13,1,62,3,10,3,4,7,12,1,6,2,3,,44,,1,22,9,121.5136432,25.06143592
112,1,8,14,5,2,05中正區,中正區和平西路1段與牯嶺街口,0,0,1,1,C03,8,1,5,50,4,1,1,5,4,5,7,1,1,1,4,5,2,16,2,16,2,9,1,1,7,7,2,18,2,14,,7,,1,22,9,121.519002,25.02649605
112,1,8,14,5,2,05中正區,中正區和平西路1段與牯嶺街口,0,0,1,2,B03,8,1,5,50,4,1,1,5,4,5,7,1,1,1,4,5,2,16,1,52,3,10,1,1,7,9,1,8,2,2,,44,,1,22,9,121.519002,25.02649605
112,1,8,14,28,2,08士林區,士林區忠誠路2段207巷停車場前,0,0,1,1,B03,8,1,5,30,14,9,1,5,4,5,7,4,4,9,5,5,2,17,1,46,3,10,1,1,7,1,1,8,1,8,,19,,1,22,9,121.5357253,25.11647494
112,1,8,14,28,2,08士林區,士林區忠誠路2段207巷停車場前,0,0,1,2,C03,8,1,5,30,14,9,1,5,4,5,7,4,4,9,5,5,2,17,2,19,2,8,1,1,7,9,1,10,1,11,,13,,1,22,9,121.5357253,25.11647494
112,1,8,14,31,2,02萬華區,萬華區民和街81巷與民和街口,0,0,1,1,B03,8,1,5,30,4,1,1,5,4,5,7,4,4,9,5,5,2,15,1,35,3,10,1,1,7,9,1,8,1,1,,6,,1,22,9,121.4979799,25.02556314
112,1,8,14,31,2,02萬華區,萬華區民和街81巷與民和街口,0,0,1,2,C03,8,1,5,30,4,1,1,5,4,5,7,4,4,9,5,5,2,15,1,42,2,9,1,1,7,9,1,10,1,12,,14,,1,22,9,121.4979799,25.02556314
112,1,8,14,33,2,09北投區,北投區磺港路142號,0,0,2,1,C04,8,1,5,30,3,1,1,5,4,5,7,4,4,1,5,5,2,12,2,33,2,9,1,1,7,15,1,11,2,12,,23,,1,22,9,121.5030538,25.1290915
112,1,8,14,33,2,09北投區,北投區磺港路142號,0,0,2,2,C03,8,1,5,30,3,1,1,5,4,5,7,4,4,1,5,5,2,12,2,48,2,8,1,1,7,9,1,10,2,14,,44,,1,22,9,121.5030538,25.1290915
112,1,8,14,35,2,08士林區,士林區延平北路5段272號,0,0,1,1,B03,8,1,5,50,14,9,1,5,4,3,5,4,4,1,4,5,2,17,2,38,3,10,3,4,7,9,1,8,1,5,,23,,1,22,9,121.5098114,25.08514369
112,1,8,14,35,2,08士林區,士林區延平北路5段272號,0,0,1,2,C03,8,1,5,50,14,9,1,5,4,3,5,4,4,1,4,5,2,17,1,63,2,8,1,4,7,14,1,10,1,13,,38,,1,22,9,121.5098114,25.08514369
112,1,8,14,35,2,08士林區,士林區延平北路5段272號,0,0,1,3,C03,8,1,5,50,14,9,1,5,4,3,5,4,4,1,4,5,2,17,1,47,3,10,3,4,7,13,1,10,1,12,,44,,1,22,9,121.5098114,25.08514369
112,1,8,14,45,2,05中正區,中正區詔安街92號,0,0,3,1,C03,8,1,5,50,14,9,1,5,4,5,7,4,4,10,5,5,2,12,2,53,2,7,1,4,7,1,1,10,2,11,,19,,1,22,9,121.511716,25.0254852
112,1,8,14,45,2,05中正區,中正區詔安街92號,0,0,3,3,H02,8,1,5,50,14,9,1,5,4,5,7,4,4,10,5,5,2,12,2,28,2,7,4,5,7,20,8,20,10,16,,67,,1,22,9,121.511716,25.0254852
112,1,8,14,45,2,05中正區,中正區詔安街92號,0,0,3,2,C03,8,1,5,50,14,9,1,5,4,5,7,4,4,10,5,5,2,12,2,61,2,9,1,4,7,9,1,10,2,12,,44,,1,22,9,121.511716,25.0254852
112,1,8,15,14,2,03中山區,中山區民權東路2段119號,0,0,1,1,B03,8,1,5,50,14,9,1,5,4,5,7,4,4,1,3,5,1,17,1,60,3,10,1,1,7,14,1,8,2,2,,40,,1,22,9,121.5344274,25.06258244
112,1,8,15,14,2,03中山區,中山區民權東路2段119號,0,0,1,2,C03,8,1,5,50,14,9,1,5,4,5,7,4,4,1,3,5,1,17,1,59,2,9,1,1,7,9,1,10,2,14,,44,,1,22,9,121.5344274,25.06258244
112,1,8,15,14,2,03中山區,中山區民權東路2段119號,0,0,1,3,H02,8,1,5,50,14,9,1,5,4,5,7,4,4,1,3,5,1,17,2,58,3,10,4,5,7,19,8,20,10,16,,56,,1,22,9,121.5344274,25.06258244
112,1,8,15,35,2,06松山區,松山區敦化北路238巷與敦化北路244巷6弄口,0,0,1,1,B03,8,1,5,50,4,1,1,5,4,5,7,4,4,10,5,5,2,15,1,34,3,10,1,1,7,9,1,8,2,1,,6,,1,22,9,121.5490905,25.0599837
112,1,8,15,35,2,06松山區,松山區敦化北路238巷與敦化北路244巷6弄口,0,0,1,2,C03,8,1,5,50,4,1,1,5,4,5,7,4,4,10,5,5,2,15,2,38,2,9,1,1,7,9,1,10,2,12,,23,,1,22,9,121.5490905,25.0599837
112,1,8,15,47,2,04大安區,大安區安和路2段與文昌街口,0,0,1,2,C03,8,1,5,30,5,1,1,5,4,5,7,1,1,1,4,5,2,17,1,26,2,7,1,4,7,9,1,10,1,12,,23,,1,22,9,121.5523712,25.0325433
112,1,8,15,47,2,04大安區,大安區安和路2段與文昌街口,0,0,1,1,B03,8,1,5,30,5,1,1,5,4,5,7,1,1,1,4,5,2,17,2,44,3,10,1,4,7,5,1,8,1,8,,8,,1,22,9,121.5523712,25.0325433
112,1,8,15,56,2,08士林區,士林區菁山路125巷與菁山路口,0,0,2,3,H02,8,1,5,40,14,9,1,5,4,5,7,4,4,9,5,5,1,18,2,30,2,8,1,5,7,17,8,20,10,16,,67,,1,22,9,121.5645223,25.14475695
112,1,8,15,56,2,08士林區,士林區菁山路125巷與菁山路口,0,0,2,2,,8,1,5,40,14,9,1,5,4,5,7,4,4,9,5,5,1,18,3,0,,,,,,,,,,,,67,,1,,,121.5645223,25.14475695
112,1,8,15,56,2,08士林區,士林區菁山路125巷與菁山路口,0,0,2,1,C03,8,1,5,40,14,9,1,5,4,5,7,4,4,9,5,5,1,18,1,25,2,9,1,1,7,9,1,10,2,12,,42,,1,22,9,121.5645223,25.14475695
112,1,8,15,58,2,09北投區,北投區承德路6段與文承路口,0,0,1,2,C03,8,1,5,60,4,2,1,5,4,5,7,2,1,8,3,4,2,17,1,34,2,9,1,1,7,9,1,10,1,11,,26,,1,22,9,121.5122516,25.10340091
112,1,8,15,58,2,09北投區,北投區承德路6段與文承路口,0,0,1,1,B03,8,1,5,60,4,2,1,5,4,5,7,2,1,8,3,4,2,17,1,41,3,10,1,1,7,6,1,8,1,2,,6,,1,22,9,121.5122516,25.10340091
112,1,8,16,20,2,03中山區,中山區大直街與大直街20巷口,0,0,2,2,C03,8,1,5,30,4,1,1,5,4,5,7,4,4,5,4,5,2,16,2,20,2,9,1,4,7,9,1,10,11,11,,14,,1,22,9,121.5464223,25.08143132
112,1,8,16,20,2,03中山區,中山區大直街與大直街20巷口,0,0,2,1,C03,8,1,5,30,4,1,1,5,4,5,7,4,4,5,4,5,2,16,1,26,2,9,1,4,7,5,1,10,11,14,,6,,1,22,9,121.5464223,25.08143132
112,1,8,16,26,2,01大同區,大同區通河西街1段與通河西街1段口堤外便道,0,0,1,1,B03,8,1,5,0,3,1,1,5,4,5,7,4,4,10,5,5,2,11,1,22,3,10,1,1,7,7,1,8,2,2,,7,,1,22,9,121.5177513,25.0777459
112,1,8,16,26,2,01大同區,大同區通河西街1段與通河西街1段口堤外便道,0,0,1,2,F01,8,1,5,0,3,1,1,5,4,5,7,4,4,10,5,5,2,11,1,45,2,8,1,1,7,9,8,20,2,16,,13,,1,22,9,121.5177513,25.0777459
112,1,8,16,30,2,05中正區,中正區福和橋機車道(福和011標牌處),0,0,2,2,C03,8,1,5,40,14,11,1,5,4,5,7,4,4,1,4,1,2,13,1,43,3,10,3,4,7,9,1,10,2,13,,13,,1,22,9,121.5333476,25.0094204
112,1,8,16,30,2,05中正區,中正區福和橋機車道(福和011標牌處),0,0,2,3,C03,8,1,5,40,14,11,1,5,4,5,7,4,4,1,4,1,2,13,1,45,2,9,3,4,7,9,1,10,2,11,,42,,1,22,9,121.5333476,25.0094204
112,1,8,16,30,2,05中正區,中正區福和橋機車道(福和011標牌處),0,0,2,1,C03,8,1,5,40,14,11,1,5,4,5,7,4,4,1,4,1,2,13,1,21,2,9,3,4,7,9,1,10,2,11,,16,,1,22,9,121.5333476,25.0094204
112,1,8,16,58,2,05中正區,中正區汀州路3段與汀州路3段230巷口口,0,0,1,2,C03,8,1,5,50,14,9,1,5,4,5,7,4,4,9,4,5,2,12,1,55,2,7,1,1,7,9,3,18,2,14,,26,,1,22,9,121.5359142,25.01153822
112,1,8,16,58,2,05中正區,中正區汀州路3段與汀州路3段230巷口口,0,0,1,1,B03,8,1,5,50,14,9,1,5,4,5,7,4,4,9,4,5,2,12,1,41,3,10,1,1,7,5,1,8,2,4,,42,,1,22,9,121.5359142,25.01153822
112,1,8,17,27,2,08士林區,士林區仰德大道2段與仰德大道2段41巷口,0,0,1,2,C03,8,3,5,40,3,1,1,5,4,5,7,4,4,4,5,5,2,17,1,18,2,8,1,1,7,9,1,10,1,11,,44,,1,22,9,121.5439186,25.10521266
112,1,8,17,27,2,08士林區,士林區仰德大道2段與仰德大道2段41巷口,0,0,1,1,B03,8,3,5,40,3,1,1,5,4,5,7,4,4,4,5,5,2,17,1,22,3,10,1,1,7,5,3,18,1,5,,8,,1,22,9,121.5439186,25.10521266
112,1,8,17,32,2,02萬華區,萬華區西園路2段與寶興街口,0,0,1,1,B03,8,3,5,50,4,1,1,5,4,5,7,1,1,3,3,5,2,11,1,82,3,10,3,4,7,11,1,8,1,5,,10,,1,22,9,121.493422,25.0267487
112,1,8,17,32,2,02萬華區,萬華區西園路2段與寶興街口,0,0,1,2,C03,8,3,5,50,4,1,1,5,4,5,7,1,1,3,3,5,2,11,2,30,2,9,1,4,7,9,1,10,1,14,,13,,1,22,9,121.493422,25.0267487
112,1,8,17,32,2,02萬華區,萬華區中華路2段416巷與西藏路125巷口,0,0,1,1,F01,8,3,5,0,4,1,4,5,4,4,6,1,1,9,4,5,1,29,2,60,2,9,1,1,7,9,8,20,11,16,,23,,1,22,9,121.503037,25.0268362
112,1,8,17,32,2,02萬華區,萬華區中華路2段416巷與西藏路125巷口,0,0,1,2,,8,3,5,0,4,1,4,5,4,4,6,1,1,9,4,5,1,29,3,42,,,,,,,,,,,,67,,1,,,121.503037,25.0268362
112,1,8,17,35,2,11南港區,南港區三重路與南港路1段口,0,0,1,1,B03,8,2,5,50,4,1,1,5,4,5,7,1,3,5,4,5,2,16,1,31,3,10,1,1,7,5,1,8,1,1,,6,,1,22,9,121.6139832,25.0553197
112,1,8,17,35,2,11南港區,南港區三重路與南港路1段口,0,0,1,2,C03,8,2,5,50,4,1,1,5,4,5,7,1,3,5,4,5,2,16,1,22,2,9,1,1,7,9,1,10,1,11,,13,,1,22,9,121.6139832,25.0553197
112,1,8,17,40,2,10文山區,文山區辛亥隧道北往南(往文山區方向),0,0,1,2,C03,8,1,5,50,6,9,1,5,4,5,7,4,4,1,2,5,1,12,2,20,2,9,1,1,7,9,1,10,1,12,,13,,1,22,9,121.5558525,25.0116062
112,1,8,17,40,2,10文山區,文山區辛亥隧道北往南(往文山區方向),0,0,1,1,C03,8,1,5,50,6,9,1,5,4,5,7,4,4,1,2,5,1,12,1,64,3,10,1,1,7,9,1,10,1,14,,23,,1,22,9,121.5558525,25.0116062
112,1,8,18,8,2,06松山區,松山區市民大道5段與東寧路口,0,0,1,2,C03,8,3,5,50,4,2,1,5,4,5,7,2,1,3,3,5,2,13,2,58,2,6,1,1,7,5,1,10,1,13,,8,,1,22,9,121.5628033,25.04729813
112,1,8,18,8,2,06松山區,松山區市民大道5段與東寧路口,0,0,1,1,B03,8,3,5,50,4,2,1,5,4,5,7,2,1,3,3,5,2,13,2,55,3,10,1,1,7,6,1,8,1,1,,9,,1,22,9,121.5628033,25.04729813
112,1,8,18,10,2,04大安區,大安區臨江街111號,0,0,1,2,H01,8,3,5,30,14,9,1,5,4,5,7,4,4,10,5,5,2,9,1,3,2,1,4,5,8,16,8,20,10,16,,67,,1,22,9,121.5538664,25.0304485
112,1,8,18,10,2,04大安區,大安區臨江街111號,0,0,1,1,C03,8,3,5,30,14,9,1,5,4,5,7,4,4,10,5,5,2,9,1,28,3,10,1,4,7,9,1,10,2,14,,23,,1,22,9,121.5538664,25.0304485
112,1,8,18,18,2,03中山區,中山區長安東路1段與新生北路1段口,0,0,1,1,B03,8,3,5,50,4,2,1,5,4,5,7,1,1,10,4,5,2,13,2,44,4,11,3,4,7,15,7,19,11,15,,16,,2,22,9,121.5294232,25.04821257
112,1,8,18,18,2,03中山區,中山區長安東路1段與新生北路1段口,0,0,1,2,B03,8,3,5,50,4,2,1,5,4,5,7,1,1,10,4,5,2,13,2,25,2,1,1,1,7,14,1,8,2,6,,44,,1,22,9,121.5294232,25.04821257
112,1,8,18,18,2,07信義區,信義區松德路133巷與虎林街222巷口,0,0,1,2,C03,8,3,5,30,4,1,1,5,4,5,7,4,4,5,5,5,2,17,1,66,2,8,3,4,7,6,1,10,1,15,,43,,1,22,9,121.5758742,25.0363208
112,1,8,18,18,2,07信義區,信義區松德路133巷與虎林街222巷口,0,0,1,1,B03,8,3,5,30,4,1,1,5,4,5,7,4,4,5,5,5,2,17,2,45,3,10,3,4,7,5,1,8,1,4,,43,,1,22,9,121.5758742,25.0363208
112,1,8,18,23,2,06松山區,松山區市民大道5段與東寧路口,0,0,2,2,C03,8,3,5,50,3,2,1,5,4,5,7,1,1,1,3,5,2,13,1,52,2,9,1,1,7,9,1,10,1,13,,44,,1,22,9,121.563173,25.04742032
112,1,8,18,23,2,06松山區,松山區市民大道5段與東寧路口,0,0,2,1,C03,8,3,5,50,3,2,1,5,4,5,7,1,1,1,3,5,2,13,1,49,2,9,1,1,7,9,1,10,1,11,,16,,1,22,9,121.563173,25.04742032
112,1,8,18,24,2,11南港區,南港區市民大道8段與中南街口口,0,0,3,2,C03,8,3,5,50,4,1,1,5,4,5,7,2,1,1,4,5,2,16,1,21,2,7,1,1,7,9,1,10,1,11,,44,,1,22,9,121.6152765,25.05437306
112,1,8,18,24,2,11南港區,南港區市民大道8段與中南街口口,0,0,3,3,H02,8,3,5,50,4,1,1,5,4,5,7,2,1,1,4,5,2,16,2,25,2,9,4,5,7,20,8,20,10,16,,67,,1,22,9,121.6152765,25.05437306
112,1,8,18,24,2,11南港區,南港區市民大道8段與中南街口口,0,0,3,1,C03,8,3,5,50,4,1,1,5,4,5,7,2,1,1,4,5,2,16,1,30,2,9,1,1,7,5,1,10,1,12,,6,,1,22,9,121.6152765,25.05437306
112,1,8,18,37,2,12內湖區,內湖區內湖路1段120巷與內湖路1段口,0,0,2,1,B03,8,1,5,50,4,2,1,5,4,5,7,1,1,5,5,5,1,12,1,49,2,9,1,1,7,6,1,8,1,2,,9,,1,22,9,121.5634789,25.08346717
112,1,8,18,37,2,12內湖區,內湖區內湖路1段120巷與內湖路1段口,0,0,2,2,C03,8,1,5,50,4,2,1,5,4,5,7,1,1,5,5,5,1,12,2,27,2,9,1,1,7,9,1,10,1,14,,44,,1,22,9,121.5634789,25.08346717
112,1,8,19,3,2,01大同區,大同區環河北路1段與鄭州路口往南上環河快速道路,0,0,2,1,C03,8,3,5,50,14,7,1,5,4,5,7,4,4,5,5,5,2,17,2,28,2,9,1,1,7,7,1,10,2,13,,7,,1,22,9,121.5067021,25.05045557
112,1,8,19,3,2,01大同區,大同區環河北路1段與鄭州路口往南上環河快速道路,0,0,2,2,B01,8,3,5,50,14,7,1,5,4,5,7,4,4,5,5,5,2,17,1,63,2,8,1,1,7,9,1,4,2,1,,44,,1,22,9,121.5067021,25.05045557
112,1,8,19,3,2,01大同區,大同區環河北路1段與鄭州路口往南上環河快速道路,0,0,2,3,B03,8,3,5,50,14,7,1,5,4,5,7,4,4,5,5,5,2,17,1,38,3,10,1,1,7,9,1,8,2,1,,16,,1,22,9,121.5067021,25.05045557
112,1,8,19,28,2,08士林區,士林區基河路與劍潭路口,0,0,1,3,H02,7,3,5,50,4,1,1,5,4,5,7,1,1,1,2,5,2,17,2,55,2,9,1,5,7,20,8,20,10,16,,67,,1,22,9,121.5247442,25.0842567
112,1,8,19,28,2,08士林區,士林區基河路與劍潭路口,0,0,1,2,C03,7,3,5,50,4,1,1,5,4,5,7,1,1,1,2,5,2,17,1,56,3,10,1,1,7,9,1,10,1,14,,26,,1,22,9,121.5247442,25.0842567
112,1,8,19,28,2,08士林區,士林區基河路與劍潭路口,0,0,1,1,B03,7,3,5,50,4,1,1,5,4,5,7,1,1,1,2,5,2,17,1,34,3,10,3,4,7,6,1,8,1,5,,9,,1,22,9,121.5247442,25.0842567
112,1,8,19,34,2,02萬華區,萬華區萬大路與萬大路90巷口,0,0,3,1,C03,7,3,5,50,4,1,1,5,4,5,7,1,1,1,4,5,2,12,2,52,2,7,1,1,7,5,1,10,1,14,,8,,1,22,9,121.5005071,25.0302935
112,1,8,19,34,2,02萬華區,萬華區萬大路與萬大路90巷口,0,0,3,3,H02,7,3,5,50,4,1,1,5,4,5,7,1,1,1,4,5,2,12,2,27,2,9,1,5,7,20,8,20,10,16,,67,,1,22,9,121.5005071,25.0302935
112,1,8,19,34,2,02萬華區,萬華區萬大路與萬大路90巷口,0,0,3,2,C03,7,3,5,50,4,1,1,5,4,5,7,1,1,1,4,5,2,12,1,32,2,9,1,1,7,9,1,10,1,12,,44,,1,22,9,121.5005071,25.0302935
112,1,8,20,56,2,05中正區,中正區新生南路1段168號,0,0,1,2,B03,6,3,5,50,14,9,1,4,4,5,7,4,4,1,4,5,2,17,1,59,3,10,1,1,7,9,1,8,1,6,,44,,1,2,7,121.5325506,25.0343581
112,1,8,20,56,2,05中正區,中正區新生南路1段168號,0,0,1,3,C03,6,3,5,50,14,9,1,4,4,5,7,4,4,1,4,5,2,17,1,21,3,10,1,1,7,12,1,10,1,15,,13,,1,18,5,121.5325506,25.0343581
112,1,8,20,56,2,05中正區,中正區新生南路1段168號,0,0,1,1,C03,6,3,5,50,14,9,1,4,4,5,7,4,4,1,4,5,2,17,1,30,2,9,1,1,7,12,1,10,1,14,,13,,1,22,5,121.5325506,25.0343581
112,1,8,21,23,2,05中正區,中正區愛國東路98號,0,0,1,1,B03,8,3,5,50,15,18,1,5,4,5,7,1,1,9,4,5,2,3,1,32,3,10,1,4,7,5,1,8,2,1,,15,,1,22,9,121.5203525,25.03338552
112,1,8,21,23,2,05中正區,中正區愛國東路98號,0,0,1,2,H01,8,3,5,50,15,18,1,5,4,5,7,1,1,9,4,5,2,3,1,53,2,9,4,5,8,16,8,20,10,16,,67,,1,22,9,121.5203525,25.03338552
112,1,8,21,30,2,12內湖區,內湖區五分街與安康路口,0,0,1,2,C03,8,3,5,30,4,1,1,5,4,5,7,4,4,5,4,5,2,15,1,30,2,9,1,1,7,9,1,10,1,14,,14,,1,22,9,121.6152411,25.0673306
112,1,8,21,30,2,12內湖區,內湖區五分街與安康路口,0,0,1,1,B03,8,3,5,30,4,1,1,5,4,5,7,4,4,5,4,5,2,15,1,37,3,10,1,1,7,9,1,7,1,1,,6,,1,22,9,121.6152411,25.0673306
112,1,8,21,52,2,05中正區,中正區羅斯福路3段210巷12-2號,0,0,2,2,C03,8,3,5,30,3,1,1,5,4,5,7,4,4,10,5,5,2,17,1,103,2,9,2,1,7,9,1,10,1,11,,44,,1,22,9,121.5287377,25.01822738
112,1,8,21,52,2,05中正區,中正區羅斯福路3段210巷12-2號,0,0,2,1,C03,8,3,5,30,3,1,1,5,4,5,7,4,4,10,5,5,2,17,1,29,2,9,1,1,7,5,1,10,1,12,,6,,1,22,9,121.5287377,25.01822738
112,1,8,22,1,2,04大安區,大安區復興南路1段107巷5弄與市民大道4段口,0,0,2,2,C03,8,3,5,40,3,2,1,5,4,5,7,4,4,8,3,5,1,12,2,51,2,9,1,1,7,9,1,10,1,11,,14,,1,5,1,121.5442269,25.04490296
112,1,8,22,1,2,04大安區,大安區復興南路1段107巷5弄與市民大道4段口,0,0,2,1,C03,8,3,5,40,3,2,1,5,4,5,7,4,4,8,3,5,1,12,1,22,2,8,1,1,7,15,4,8,1,12,,5,,1,21,5,121.5442269,25.04490296
112,1,8,22,5,2,05中正區,中正區中華路2段307巷與中華路2段315巷5弄口,0,0,2,1,C03,8,1,5,30,4,1,1,5,4,5,7,4,4,5,4,5,2,12,1,32,2,7,3,4,7,5,1,10,1,14,,6,,1,22,9,121.5058742,25.02919348
112,1,8,22,5,2,05中正區,中正區中華路2段307巷與中華路2段315巷5弄口,0,0,2,2,C03,8,1,5,30,4,1,1,5,4,5,7,4,4,5,4,5,2,12,2,18,3,10,3,4,7,9,1,10,1,11,,13,,1,22,9,121.5058742,25.02919348
112,1,8,22,5,2,05中正區,中正區中華路2段307巷與中華路2段315巷5弄口,0,0,2,3,H02,8,1,5,30,4,1,1,5,4,5,7,4,4,5,4,5,2,12,2,38,2,8,3,4,7,20,8,20,10,16,,67,,1,22,9,121.5058742,25.02919348