發生年度,發生月,發生日,發生時-Hours,發生分,處理別-編號,區序,肇事地點,死亡人數,2-30日死亡人數,受傷人數,當事人序號,車種,天候,光線,道路類別,速限-速度限制,道路型態,事故位置,路面狀況1,路面狀況2,路面狀況3,道路障礙1,道路障礙2,號誌1,號誌2,車道劃分-分向,車道劃分-分道1,車道劃分-分道2,車道劃分-分道3,事故類型及型態,性別,年齡,受傷程度,主要傷處,保護裝置,行動電話,車輛用途,當事者行動狀態,駕駛資格情形,駕駛執照種類,飲酒情形,車輛撞擊部位1,車輛撞擊部位2,肇因碼-個別,肇因碼-主要,個人肇逃否,職業,旅次目的,座標-X,座標-Y
112,1,9,14,35,2,08士林區,士林區中山北路5段與文林路口,0,0,1,1,C03,8,1,5,50,3,1,1,5,4,5,7,1,1,1,3,5,2,17,2,41,2,9,1,1,7,5,1,10,1,12,,8,,1,21,8,121.5256566,25.08588059
112,1,9,14,40,2,09北投區,北投區致遠二路113巷與致遠二路95巷34弄口,0,0,1,1,B01,7,1,5,30,4,1,1,5,4,3,5,4,4,10,5,5,2,15,1,67,3,10,1,1,7,9,1,4,2,1,,6,,1,22,9,121.5111581,25.1172927
112,1,9,14,40,2,09北投區,北投區致遠二路113巷與致遠二路95巷34弄口,0,0,1,2,C03,7,1,5,30,4,1,1,5,4,3,5,4,4,10,5,5,2,15,2,27,2,9,1,1,7,9,1,10,2,12,,13,,1,22,9,121.5111581,25.1172927
112,1,9,14,45,2,09北投區,北投區承德路6段483-1號,0,0,1,2,C03,7,1,5,60,3,1,1,5,4,5,7,1,1,1,4,4,2,12,1,43,2,7,1,1,7,9,1,10,1,14,,44,,1,22,9,121.5110554,25.1102163
112,1,9,14,45,2,09北投區,北投區承德路6段483-1號,0,0,1,1,B03,7,1,5,60,3,1,1,5,4,5,7,1,1,1,4,4,2,12,1,21,3,10,1,1,7,8,1,17,1,2,,7,,1,22,9,121.5110554,25.1102163
112,1,9,14,45,2,11南港區,南港區南港路1段與東南街口,0,0,1,1,A02,8,1,5,50,14,9,1,5,4,5,7,1,1,9,4,5,2,5,1,42,3,10,1,1,7,1,1,2,2,7,,36,,1,22,9,121.6127488,25.05538132
112,1,9,14,45,2,11南港區,南港區南港路1段與東南街口,0,0,1,2,H02,8,1,5,50,14,9,1,5,4,5,7,1,1,9,4,5,2,5,1,78,2,1,4,5,7,19,8,20,10,16,,56,,1,22,9,121.6127488,25.05538132
112,1,9,14,50,2,07信義區,信義區莊敬路458號,0,0,1,2,C03,7,1,5,40,14,8,1,5,4,5,7,4,4,9,5,4,2,12,2,43,2,9,1,1,7,9,1,10,1,12,,44,,1,22,9,121.5676512,25.0268348
112,1,9,14,50,2,07信義區,信義區莊敬路458號,0,0,1,1,B03,7,1,5,40,14,8,1,5,4,5,7,4,4,9,5,4,2,12,1,28,3,10,1,1,7,1,1,8,1,8,,19,,1,22,9,121.5676512,25.0268348
112,1,9,14,56,2,03中山區,中山區明水路397巷與明水路397巷19弄口,0,0,1,1,B03,7,1,5,30,4,2,1,5,4,5,7,2,1,5,5,5,2,1,2,43,3,10,3,4,7,5,1,8,2,15,,15,,1,22,9,121.5477619,25.0786704
112,1,9,14,56,2,03中山區,中山區明水路397巷與明水路397巷19弄口,0,0,1,2,H01,7,1,5,30,4,2,1,5,4,5,7,2,1,5,5,5,2,1,2,91,2,1,4,5,8,16,8,20,10,16,,67,,1,22,9,121.5477619,25.0786704
112,1,9,15,0,2,01大同區,大同區環河堤外便道第5水門往南,0,0,1,2,C03,8,1,5,40,14,9,1,5,4,5,7,4,4,10,4,5,1,12,1,44,2,9,1,1,7,9,1,10,1,11,,44,,1,22,9,121.5078418,25.05600623
112,1,9,15,0,2,01大同區,大同區環河堤外便道第5水門往南,0,0,1,1,C03,8,1,5,40,14,9,1,5,4,5,7,4,4,10,4,5,1,12,1,70,3,10,1,1,7,5,3,18,1,14,,8,,1,22,9,121.5078418,25.05600623
112,1,9,15,19,2,07信義區,信義區永吉路30巷口,0,0,1,1,B02,8,1,5,50,14,9,1,5,4,5,7,4,4,5,4,5,2,12,1,69,3,10,1,1,7,9,1,8,1,8,,17,,1,22,9,121.5686483,25.0410527
112,1,9,15,19,2,07信義區,信義區永吉路30巷口,0,0,1,2,C03,8,1,5,50,14,9,1,5,4,5,7,4,4,5,4,5,2,12,2,55,2,9,1,3,7,8,1,10,1,12,,7,,1,22,9,121.5686483,25.0410527
112,1,9,15,21,2,10文山區,文山區辛亥路6段112之1號對面,0,0,1,2,C03,7,1,5,50,14,9,1,5,4,5,7,1,1,10,5,5,2,16,1,25,2,9,1,1,7,9,1,10,1,11,,44,,1,22,9,121.5523978,24.9879119
112,1,9,15,21,2,10文山區,文山區辛亥路6段112之1號對面,0,0,1,1,B03,7,1,5,50,14,9,1,5,4,5,7,1,1,10,5,5,2,16,2,58,3,10,1,4,7,11,1,8,1,5,,10,,1,22,9,121.5523978,24.9879119
112,1,9,15,29,2,03中山區,中山區建國北路3段與農安街口,0,0,1,1,B03,8,1,5,50,4,2,1,5,4,5,7,2,1,1,4,5,2,12,1,57,3,10,3,4,7,6,1,8,1,2,,26,,1,22,9,121.5365607,25.06487884
112,1,9,15,29,2,03中山區,中山區建國北路3段與農安街口,0,0,1,2,C03,8,1,5,50,4,2,1,5,4,5,7,2,1,1,4,5,2,12,1,41,2,9,3,4,7,9,1,10,1,11,,44,,1,22,9,121.5365607,25.06487884
112,1,9,15,51,2,04大安區,大安區辛亥路3段與辛亥路3段21巷口,0,0,1,1,B03,8,2,5,50,3,2,1,5,4,5,7,4,4,9,4,5,1,16,1,25,3,10,1,4,7,6,1,8,2,5,,9,,1,22,9,121.5443921,25.0213627
112,1,9,15,51,2,04大安區,大安區辛亥路3段與辛亥路3段21巷口,0,0,1,2,C03,8,2,5,50,3,2,1,5,4,5,7,4,4,9,4,5,1,16,2,20,2,7,1,4,7,9,1,10,2,14,,14,,1,22,9,121.5443921,25.0213627
112,1,9,16,4,2,02萬華區,萬華區萬大路534巷與武成街56巷口,0,0,1,1,C03,8,1,5,30,3,1,1,5,4,5,7,4,4,10,5,5,2,17,1,26,3,10,1,1,7,5,1,9,1,11,,8,,1,22,9,121.4951637,25.01944196
112,1,9,16,4,2,02萬華區,萬華區萬大路534巷與武成街56巷口,0,0,1,2,C03,8,1,5,30,3,1,1,5,4,5,7,4,4,10,5,5,2,17,2,49,2,8,1,1,7,9,1,10,1,11,,14,,1,22,9,121.4951637,25.01944196
112,1,9,16,24,2,04大安區,大安區市民大道3段86號,0,0,1,1,C03,8,1,5,40,14,9,1,5,4,5,7,4,4,9,4,5,1,12,1,24,2,9,1,1,7,7,1,10,1,14,,7,,1,22,9,121.5333308,25.0452028
112,1,9,16,24,2,04大安區,大安區市民大道3段86號,0,0,1,2,G03,8,1,5,40,14,9,1,5,4,5,7,4,4,9,4,5,1,12,1,45,3,10,1,1,7,9,1,1,1,6,,44,,1,22,9,121.5333308,25.0452028
112,1,9,16,30,2,03中山區,中山區龍江路與龍江路271巷口,0,0,2,3,C03,8,1,5,50,4,1,1,5,4,5,7,4,4,5,5,5,2,16,1,74,3,10,1,1,7,9,1,10,1,15,,6,,1,22,9,121.5407386,25.0594664
112,1,9,16,30,2,03中山區,中山區龍江路與龍江路271巷口,0,0,2,2,C03,8,1,5,50,4,1,1,5,4,5,7,4,4,5,5,5,2,16,1,19,2,9,1,1,7,9,1,10,1,11,,44,,1,22,9,121.5407386,25.0594664
112,1,9,16,30,2,03中山區,中山區龍江路與龍江路271巷口,0,0,2,1,C03,8,1,5,50,4,1,1,5,4,5,7,4,4,5,5,5,2,16,2,47,2,9,1,1,7,15,1,10,1,14,,43,,1,22,9,121.5407386,25.0594664
112,1,9,16,44,2,02萬華區,萬華區萬大路與萬大路534巷口,0,0,3,2,C03,7,1,5,50,14,9,1,5,4,5,7,4,4,1,4,5,2,13,2,38,2,9,1,1,7,9,1,10,1,13,,44,,1,22,9,121.4968239,25.0187564
112,1,9,16,44,2,02萬華區,萬華區萬大路與萬大路534巷口,0,0,3,4,H02,7,1,5,50,14,9,1,5,4,5,7,4,4,1,4,5,2,13,1,12,2,9,4,5,7,20,8,20,10,16,,67,,1,22,9,121.4968239,25.0187564
112,1,9,16,44,2,02萬華區,萬華區萬大路與萬大路534巷口,0,0,3,1,C03,7,1,5,50,14,9,1,5,4,5,7,4,4,1,4,5,2,13,2,48,2,9,1,1,7,9,1,10,1,11,,16,,1,22,9,121.4968239,25.0187564
112,1,9,16,44,2,02萬華區,萬華區萬大路與萬大路534巷口,0,0,3,3,B03,7,1,5,50,14,9,1,5,4,5,7,4,4,1,4,5,2,13,1,52,4,11,1,1,7,10,7,19,9,15,,7,,1,22,9,121.4968239,25.0187564
112,1,9,16,50,2,10文山區,文山區光輝路與光輝路21巷口,0,0,1,1,B03,7,1,5,30,4,1,1,5,4,5,3,4,4,10,5,5,2,15,1,45,3,10,1,1,7,9,1,8,1,8,,6,,1,22,9,121.5549136,24.9858277
112,1,9,16,50,2,10文山區,文山區光輝路與光輝路21巷口,0,0,1,2,C03,7,1,5,30,4,1,1,5,4,5,3,4,4,10,5,5,2,15,1,19,2,7,1,1,7,9,1,10,1,12,,23,,1,22,9,121.5549136,24.9858277
112,1,9,16,57,2,05中正區,中正區重慶南路1段與漢口街1段口,0,0,2,1,C03,8,1,5,50,4,1,1,5,4,5,7,1,1,10,4,5,2,16,2,19,2,9,1,1,7,5,1,10,1,14,,8,,1,22,9,121.5132577,25.0452266
112,1,9,16,57,2,05中正區,中正區重慶南路1段與漢口街1段口,0,0,2,2,C03,8,1,5,50,4,1,1,5,4,5,7,1,1,10,4,5,2,16,2,21,2,9,1,1,7,9,1,10,1,11,,44,,1,22,9,121.5132577,25.0452266
112,1,9,17,29,2,02萬華區,萬華區南寧路與柳州街口,0,0,1,2,B03,8,3,5,50,5,1,1,5,4,5,7,1,1,5,2,5,2,17,1,18,3,10,1,4,7,5,1,8,1,4,,44,,1,22,9,121.5050352,25.0366218
112,1,9,17,29,2,02萬華區,萬華區南寧路與柳州街口,0,0,1,1,C03,8,3,5,50,5,1,1,5,4,5,7,1,1,5,2,5,2,17,1,51,2,8,1,4,7,5,1,10,1,12,,1,,1,22,9,121.5050352,25.0366218
112,1,9,17,40,2,03中山區,中山區吉林路107號,0,0,1,1,B03,7,1,5,40,14,8,1,5,4,5,7,4,4,9,5,4,2,16,1,20,3,10,3,4,7,1,1,8,1,8,,19,,1,22,9,121.5302049,25.0565237
112,1,9,17,40,2,03中山區,中山區吉林路107號,0,0,1,2,C03,7,1,5,40,14,8,1,5,4,5,7,4,4,9,5,4,2,16,1,50,2,9,1,1,7,6,1,10,1,12,,44,,1,22,9,121.5302049,25.0565237
112,1,9,17,53,2,04大安區,大安區安和路2段32巷與信義路4段186巷口,0,0,1,2,C03,8,3,5,30,5,1,1,5,4,5,7,4,4,9,5,5,2,15,1,32,2,8,1,4,7,9,1,10,1,11,,14,,1,22,9,121.5515896,25.0317472
112,1,9,17,53,2,04大安區,大安區安和路2段32巷與信義路4段186巷口,0,0,1,1,B03,8,3,5,30,5,1,1,5,4,5,7,4,4,9,5,5,2,15,2,47,3,10,1,4,7,9,1,8,1,5,,6,,1,22,9,121.5515896,25.0317472
112,1,9,18,0,2,04大安區,大安區辛亥路1段113號,0,0,1,2,H01,7,3,8,0,15,22,4,5,4,5,7,4,4,10,5,5,2,9,2,6,2,9,4,5,8,16,8,20,10,16,,67,,1,22,9,121.5316237,25.02213734
112,1,9,18,0,2,04大安區,大安區辛亥路1段113號,0,0,1,1,F01,7,3,8,0,15,22,4,5,4,5,7,4,4,10,5,5,2,9,2,31,3,10,1,1,7,9,8,20,2,16,,15,,1,22,9,121.5316237,25.02213734
112,1,9,18,20,2,12內湖區,內湖區瑞光路76巷與瑞光路112巷口,0,0,1,2,C03,8,3,5,50,4,1,1,5,4,5,7,2,1,5,5,4,2,17,1,52,2,9,1,1,7,9,1,10,1,11,,44,,1,22,9,121.5803483,25.07041513
112,1,9,18,20,2,12內湖區,內湖區瑞光路76巷與瑞光路112巷口,0,0,1,1,C03,8,3,5,50,4,1,1,5,4,5,7,2,1,5,5,4,2,17,1,32,3,10,1,1,7,5,5,10,1,11,,25,,1,22,9,121.5803483,25.07041513
112,1,9,18,30,2,01大同區,大同區延平北路3段與民權西路口,0,0,2,1,C03,8,3,5,50,4,1,1,5,4,5,7,2,1,1,4,5,2,16,1,22,2,5,3,4,7,5,3,18,1,14,,8,,1,22,9,121.5112282,25.06305752
112,1,9,18,30,2,01大同區,大同區延平北路3段與民權西路口,0,0,2,2,C03,8,3,5,50,4,1,1,5,4,5,7,2,1,1,4,5,2,16,1,25,2,9,3,4,7,9,1,10,1,12,,44,,1,22,9,121.5112282,25.06305752
112,1,9,19,20,2,03中山區,中山區新生北路2段62巷與新生北路2段68巷13弄口,0,0,1,2,B01,8,3,5,30,4,1,1,5,4,5,7,4,4,10,4,5,2,16,1,49,3,10,1,1,7,9,1,4,1,1,,44,,1,22,9,121.5264024,25.0561968
112,1,9,19,20,2,03中山區,中山區新生北路2段62巷與新生北路2段68巷13弄口,0,0,1,1,C03,8,3,5,30,4,1,1,5,4,5,7,4,4,10,4,5,2,16,2,22,2,7,1,1,7,9,6,18,1,12,,6,,1,22,9,121.5264024,25.0561968
112,1,9,19,25,2,10文山區,文山區興隆路4段46巷與木柵路2段54巷口,0,0,1,1,,8,3,5,0,14,9,1,5,4,5,6,4,4,9,4,5,2,29,3,33,,,,,,,,,,,,66,,1,,,121.5591871,24.98774249
112,1,9,19,25,2,10文山區,文山區興隆路4段46巷與木柵路2段54巷口,0,0,1,2,C03,8,3,5,0,14,9,1,5,4,5,6,4,4,9,4,5,2,29,2,33,2,8,1,1,7,9,1,10,1,12,,44,,1,22,9,121.5591871,24.98774249
112,1,9,19,43,2,04大安區,大安區復興南路1段與忠孝東路4段口,0,0,5,2,C03,8,3,5,50,14,9,1,5,4,5,7,2,1,1,4,4,2,17,1,20,2,8,3,4,7,1,1,10,2,14,,44,,1,22,9,121.5439431,25.0414683
112,1,9,19,43,2,04大安區,大安區復興南路1段與忠孝東路4段口,0,0,5,5,,8,3,5,50,14,9,1,5,4,5,7,2,1,1,4,4,2,17,3,0,,,,,,,,,,,,67,,1,,,121.5439431,25.0414683
112,1,9,19,43,2,04大安區,大安區復興南路1段與忠孝東路4段口,0,0,5,7,H01,8,3,5,50,14,9,1,5,4,5,7,2,1,1,4,4,2,17,2,44,2,8,4,5,8,17,8,20,10,16,,67,,1,22,9,121.5439431,25.0414683
112,1,9,19,43,2,04大安區,大安區復興南路1段與忠孝東路4段口,0,0,5,6,H01,8,3,5,50,14,9,1,5,4,5,7,2,1,1,4,4,2,17,2,51,2,1,4,4,8,17,8,20,10,16,,67,,1,22,9,121.5439431,25.0414683
112,1,9,19,43,2,04大安區,大安區復興南路1段與忠孝東路4段口,0,0,5,3,C03,8,3,5,50,14,9,1,5,4,5,7,2,1,1,4,4,2,17,1,52,2,8,3,4,7,1,1,10,2,11,,44,,1,22,9,121.5439431,25.0414683
112,1,9,19,43,2,04大安區,大安區復興南路1段與忠孝東路4段口,0,0,5,1,B03,8,3,5,50,14,9,1,5,4,5,7,2,1,1,4,4,2,17,1,81,3,10,3,4,7,8,1,8,2,1,,7,,1,22,9,121.5439431,25.0414683
112,1,9,19,43,2,04大安區,大安區復興南路1段與忠孝東路4段口,0,0,5,8,H02,8,3,5,50,14,9,1,5,4,5,7,2,1,1,4,4,2,17,2,21,2,8,4,5,7,21,8,20,10,15,,67,,1,22,9,121.5439431,25.0414683
112,1,9,19,43,2,04大安區,大安區復興南路1段與忠孝東路4段口,0,0,5,4,C03,8,3,5,50,14,9,1,5,4,5,7,2,1,1,4,4,2,17,2,31,3,10,3,4,7,1,1,10,2,14,,44,,1,22,9,121.5439431,25.0414683
112,1,9,19,44,2,07信義區,信義區和平東路3段575巷與和平東路3段口口,0,0,1,2,C03,7,3,5,40,3,1,1,5,4,5,7,4,4,9,5,5,2,17,1,19,2,8,1,1,7,9,1,10,1,11,,13,,1,22,9,121.5617485,25.01501936
112,1,9,19,44,2,07信義區,信義區和平東路3段575巷與和平東路3段口口,0,0,1,1,B03,7,3,5,40,3,1,1,5,4,5,7,4,4,9,5,5,2,17,1,53,3,10,3,4,7,5,1,8,1,6,,6,,1,22,9,121.5617485,25.01501936
112,1,9,20,6,2,10文山區,文山區木新路3段與興隆路4段口,0,0,1,1,C03,8,3,5,50,3,1,1,5,4,5,7,2,1,5,2,5,2,12,1,32,3,10,1,4,7,7,1,10,1,14,,7,,1,22,9,121.5623541,24.98209227
112,1,9,20,6,2,10文山區,文山區木新路3段與興隆路4段口,0,0,1,2,C03,8,3,5,50,3,1,1,5,4,5,7,2,1,5,2,5,2,12,1,33,2,9,1,4,7,9,1,10,1,12,,13,,1,22,9,121.5623541,24.98209227
112,1,9,20,13,2,03中山區,中山區林森北路與錦州街口,0,0,1,2,C03,7,3,5,50,4,1,1,5,4,5,7,2,1,9,5,5,2,16,1,21,2,9,3,4,7,9,3,18,1,11,,44,,1,22,9,121.5255607,25.0603052
112,1,9,20,13,2,03中山區,中山區林森北路與錦州街口,0,0,1,1,C03,7,3,5,50,4,1,1,5,4,5,7,2,1,9,5,5,2,16,1,62,3,10,3,4,7,5,1,10,1,12,,8,,1,22,9,121.5255607,25.0603052
112,1,9,20,52,2,05中正區,中正區中山南路與凱達格蘭大道口,0,0,1,2,C03,6,3,5,50,5,1,1,4,4,5,7,2,1,1,4,5,2,15,1,38,2,9,1,1,7,9,1,10,9,12,,44,,1,22,5,121.5172703,25.0390775
112,1,9,20,52,2,05中正區,中正區中山南路與凱達格蘭大道口,0,0,1,1,B03,6,3,5,50,5,1,1,4,4,5,7,2,1,1,4,5,2,15,4,0,4,11,3,4,7,15,7,19,11,15,,43,,2,22,9,121.5172703,25.0390775
112,1,9,21,10,2,10文山區,文山區木柵路2段138巷與木柵路2段口,0,0,1,1,B03,6,3,5,50,4,1,1,4,4,5,7,2,1,5,5,5,2,9,2,35,3,10,1,1,7,5,1,8,2,4,,15,,1,22,9,121.5618502,24.9888443
112,1,9,21,10,2,10文山區,文山區木柵路2段138巷與木柵路2段口,0,0,1,2,H01,6,3,5,50,4,1,1,4,4,5,7,2,1,5,5,5,2,9,2,60,2,1,4,5,8,16,8,20,10,16,,67,,1,22,9,121.5618502,24.9888443
112,1,9,21,15,2,08士林區,士林區天玉街38巷與天母西路5巷4弄口,0,0,1,2,H01,6,3,5,50,4,2,1,4,4,5,7,4,4,5,5,5,2,3,2,68,2,9,4,5,8,16,8,20,1,16,,67,,1,22,9,121.5295601,25.11945831
112,1,9,21,15,2,08士林區,士林區天玉街38巷與天母西路5巷4弄口,0,0,1,1,C03,6,3,5,50,4,2,1,4,4,5,7,4,4,5,5,5,2,3,1,21,3,10,1,1,7,9,1,10,1,11,,15,,1,22,9,121.5295601,25.11945831
112,1,9,21,40,2,05中正區,中正區館前路與信陽街口,0,0,2,2,H01,6,3,5,50,3,2,1,4,4,5,7,4,4,10,4,5,2,3,1,19,2,1,4,5,8,16,8,20,10,16,,67,,1,22,9,121.5150168,25.04464397
112,1,9,21,40,2,05中正區,中正區館前路與信陽街口,0,0,2,1,C03,6,3,5,50,3,2,1,4,4,5,7,4,4,10,4,5,2,3,1,40,2,9,1,1,7,9,1,10,2,12,,15,,1,22,9,121.5150168,25.04464397
112,1,9,22,10,2,08士林區,士林區基河路16-6號,0,0,2,2,H01,6,3,5,50,14,9,1,4,4,5,7,4,4,9,5,5,2,3,1,47,2,1,4,5,8,16,8,20,10,16,,52,,1,22,9,121.5244309,25.08289816
112,1,9,22,10,2,08士林區,士林區基河路16-6號,0,0,2,1,C03,6,3,5,50,14,9,1,4,4,5,7,4,4,9,5,5,2,3,1,19,2,8,1,1,7,9,1,10,2,11,,23,,1,22,9,121.5244309,25.08289816
112,1,9,22,45,2,03中山區,中山區中山北路3段與德惠街口,0,0,1,1,B03,6,3,5,50,4,1,1,4,4,5,7,1,1,4,4,1,2,12,1,25,3,10,1,1,7,8,1,8,1,5,,7,,1,22,9,121.5225481,25.06680643
112,1,9,22,45,2,03中山區,中山區中山北路3段與德惠街口,0,0,1,2,C03,6,3,5,50,4,1,1,4,4,5,7,1,1,4,4,1,2,12,2,25,2,9,1,1,7,9,1,10,1,14,12,13,,1,22,9,121.5225481,25.06680643
112,1,9,22,52,2,09北投區,北投區承德路6段與文林北路口,0,0,2,1,C03,6,3,5,60,3,1,1,4,4,5,7,1,1,10,5,5,2,16,1,24,2,9,1,1,7,9,1,10,2,11,,25,,1,22,9,121.5112748,25.1105406
112,1,9,22,52,2,09北投區,北投區承德路6段與文林北路口,0,0,2,2,C03,6,3,5,60,3,1,1,4,4,5,7,1,1,10,5,5,2,16,2,25,2,9,1,1,7,15,1,10,2,14,,25,,1,22,9,121.5112748,25.1105406
112,1,9,22,52,2,09北投區,北投區承德路6段與文林北路口,0,0,2,3,B03,6,3,5,60,3,1,1,4,4,5,7,1,1,10,5,5,2,16,1,37,3,10,1,1,7,9,1,8,2,8,,44,,1,22,9,121.5112748,25.1105406
112,1,9,23,20,2,12內湖區,內湖區成功路4段137號,0,0,2,2,F03,6,3,5,50,15,19,1,4,4,5,7,2,1,1,4,5,2,3,1,17,2,9,1,1,7,9,8,20,2,16,,23,,1,22,9,121.5936649,25.08301276
112,1,9,23,20,2,12內湖區,內湖區成功路4段137號,0,0,2,1,H01,6,3,5,50,15,19,1,4,4,5,7,2,1,1,4,5,2,3,1,53,2,8,4,5,8,16,8,20,10,16,,52,,1,22,9,121.5936649,25.08301276
112,1,10,0,1,2,09北投區,北投區石牌路1段與致遠一路2段口,0,0,3,2,C03,6,3,5,50,4,1,1,4,4,5,7,1,1,10,5,5,2,16,1,25,2,9,1,1,7,9,1,10,2,12,,44,,1,22,9,121.5122733,25.1140693
112,1,10,0,1,2,09北投區,北投區石牌路1段與致遠一路2段口,0,0,3,3,H02,6,3,5,50,4,1,1,4,4,5,7,1,1,10,5,5,2,16,1,36,2,9,4,5,7,20,8,20,10,16,,67,,1,22,9,121.5122733,25.1140693
112,1,10,0,1,2,09北投區,北投區石牌路1段與致遠一路2段口,0,0,3,1,C03,6,3,5,50,4,1,1,4,4,5,7,1,1,10,5,5,2,16,1,68,2,9,1,1,7,5,1,10,2,14,,8,,1,22,9,121.5122733,25.1140693
112,1,10,0,10,2,05中正區,中正區中華路1段與寶慶路口,0,0,1,2,C03,6,3,5,50,4,1,1,4,4,5,7,1,1,1,4,5,2,11,1,35,2,8,1,1,7,9,1,10,2,11,,44,,1,22,9,121.5084407,25.0420744
112,1,10,0,10,2,05中正區,中正區中華路1段與寶慶路口,0,0,1,1,B02,6,3,5,50,4,1,1,4,4,5,7,1,1,1,4,5,2,11,1,68,3,10,1,1,7,5,7,19,2,5,,25,,1,22,9,121.5084407,25.0420744
112,1,10,6,36,2,05中正區,中正區同安街與汀州路2段口口,0,0,1,1,B03,7,1,5,50,4,1,1,4,4,5,7,1,1,5,5,5,1,9,1,43,4,11,3,4,7,15,7,19,11,15,,43,,2,22,9,121.5217892,25.02413988
112,1,10,6,36,2,05中正區,中正區同安街與汀州路2段口口,0,0,1,2,H01,7,1,5,50,4,1,1,4,4,5,7,1,1,5,5,5,1,9,2,33,2,7,4,5,8,17,8,20,10,16,,67,,1,22,9,121.5217892,25.02413988
112,1,10,6,55,2,11南港區,南港區南港路1段與南港路1段277巷口,0,0,1,2,C03,7,1,5,50,3,1,1,4,4,5,6,2,1,5,4,5,2,17,1,29,2,9,1,4,7,9,1,10,2,14,,44,,1,22,9,121.614471,25.0554995
112,1,10,6,55,2,11南港區,南港區南港路1段與南港路1段277巷口,0,0,1,1,B03,7,1,5,50,3,1,1,4,4,5,6,2,1,5,4,5,2,17,1,48,3,10,1,4,7,5,1,8,2,15,,8,,1,22,9,121.614471,25.0554995
112,1,10,6,59,2,08士林區,士林區延平北路8段75號對面,0,0,1,1,C03,8,1,5,40,14,9,1,5,4,5,7,4,4,9,4,5,1,24,2,58,2,9,1,1,7,9,3,18,1,11,,23,,1,22,9,121.4846562,25.10547918
112,1,10,6,59,2,08士林區,士林區延平北路8段75號對面,0,0,1,2,B03,8,1,5,40,14,9,1,5,4,5,7,4,4,9,4,5,1,24,3,61,,,,,,,,,,,,67,,1,,,121.4846562,25.10547918
112,1,10,7,23,2,04大安區,大安區仁愛路4段與敦化南路1段口,0,0,1,2,C03,8,1,5,50,5,1,1,5,4,5,7,2,1,9,4,5,1,16,1,49,2,9,1,4,7,9,1,10,1,11,,23,,1,22,9,121.5496739,25.0378003
112,1,10,7,23,2,04大安區,大安區仁愛路4段與敦化南路1段口,0,0,1,1,B03,8,1,5,50,5,1,1,5,4,5,7,2,1,9,4,5,1,16,1,51,3,10,1,4,7,5,1,8,1,8,,8,,1,22,9,121.5496739,25.0378003
112,1,10,7,30,2,08士林區,士林區至誠路1段與雨聲街口,0,0,1,2,C03,6,1,5,50,3,1,1,4,4,5,7,2,1,5,4,5,2,17,2,21,2,9,1,1,7,9,1,10,1,12,,13,,1,21,8,121.5336485,25.10129583
112,1,10,7,30,2,08士林區,士林區至誠路1段與雨聲街口,0,0,1,1,B03,6,1,5,50,3,1,1,4,4,5,7,2,1,5,4,5,2,17,1,53,3,10,1,1,7,5,1,8,1,15,,8,,1,21,8,121.5336485,25.10129583
112,1,10,8,10,2,10文山區,文山區新光路1段32巷,0,0,1,2,,8,1,5,30,14,9,1,5,4,5,7,4,4,10,5,5,1,18,3,0,,,,,,,,,,,,67,,1,,,121.5730221,24.99044815
112,1,10,8,10,2,10文山區,文山區新光路1段32巷,0,0,1,1,C03,8,1,5,30,14,9,1,5,4,5,7,4,4,10,5,5,1,18,2,48,2,6,1,1,7,9,1,10,9,12,,13,,1,22,9,121.5730221,24.99044815
112,1,10,8,13,2,01大同區,大同區台北橋機車道54號燈桿,0,0,1,3,C03,8,1,5,0,14,11,1,5,4,5,7,4,4,1,5,3,2,13,4,0,4,11,3,4,7,15,7,19,11,15,,43,,2,22,9,121.507276,25.063434
112,1,10,8,13,2,01大同區,大同區台北橋機車道54號燈桿,0,0,1,1,C03,8,1,5,0,14,11,1,5,4,5,7,4,4,1,5,3,2,13,2,21,2,8,1,1,7,9,1,10,1,11,,43,,1,22,9,121.507276,25.063434
112,1,10,8,13,2,01大同區,大同區台北橋機車道54號燈桿,0,0,1,2,C03,8,1,5,0,14,11,1,5,4,5,7,4,4,1,5,3,2,13,1,28,3,10,1,1,7,12,1,10,1,13,,43,,1,22,9,121.507276,25.063434
112,1,10,8,15,2,07信義區,信義區基隆路2段141號,0,0,1,1,B03,8,1,5,50,14,9,1,5,4,5,7,1,1,3,4,5,2,12,1,49,3,10,3,4,7,9,1,8,1,2,,23,,1,22,9,121.5559081,25.0272705
112,1,10,8,15,2,07信義區,信義區基隆路2段141號,0,0,1,2,C03,8,1,5,50,14,9,1,5,4,5,7,1,1,3,4,5,2,12,1,26,2,9,3,4,7,9,1,10,1,14,,44,,1,22,9,121.5559081,25.0272705
112,1,10,8,16,2,12內湖區,內湖區南京東路6段171號前引道,0,0,1,1,C03,8,1,5,40,14,9,1,5,4,5,7,4,4,10,5,5,2,13,1,49,3,10,1,1,7,9,1,10,2,14,,16,,1,22,9,121.5798945,25.05660187
112,1,10,8,16,2,12內湖區,內湖區南京東路6段171號前引道,0,0,1,3,C03,8,1,5,40,14,9,1,5,4,5,7,4,4,10,5,5,2,13,2,46,2,8,1,1,7,9,1,10,2,14,,16,,1,22,9,121.5798945,25.05660187
112,1,10,8,16,2,12內湖區,內湖區南京東路6段171號前引道,0,0,1,2,C03,8,1,5,40,14,9,1,5,4,5,7,4,4,10,5,5,2,13,1,40,3,10,1,1,7,14,1,10,2,12,,44,,1,22,9,121.5798945,25.05660187
112,1,10,8,20,2,12內湖區,內湖區潭美街與安美街175巷口,0,0,1,1,C03,7,1,5,40,3,1,1,4,4,5,7,4,4,5,5,5,2,17,1,22,2,9,1,1,7,12,1,10,1,12,,13,,1,22,9,121.6009466,25.0608769