發生年度,發生月,發生日,發生時-Hours,發生分,處理別-編號,區序,肇事地點,死亡人數,2-30日死亡人數,受傷人數,當事人序號,車種,天候,光線,道路類別,速限-速度限制,道路型態,事故位置,路面狀況1,路面狀況2,路面狀況3,道路障礙1,道路障礙2,號誌1,號誌2,車道劃分-分向,車道劃分-分道1,車道劃分-分道2,車道劃分-分道3,事故類型及型態,性別,年齡,受傷程度,主要傷處,保護裝置,行動電話,車輛用途,當事者行動狀態,駕駛資格情形,駕駛執照種類,飲酒情形,車輛撞擊部位1,車輛撞擊部位2,肇因碼-個別,肇因碼-主要,個人肇逃否,職業,旅次目的,座標-X,座標-Y
112,1,10,8,20,2,12內湖區,內湖區潭美街與安美街175巷口,0,0,1,2,B03,7,1,5,40,3,1,1,4,4,5,7,4,4,5,5,5,2,17,1,52,3,10,1,1,7,14,1,8,1,15,,27,,1,22,9,121.6009466,25.0608769
112,1,10,8,24,2,04大安區,大安區和平東路2段與建國南路2段口,0,0,1,1,C03,8,1,5,50,4,2,1,5,4,5,7,2,1,9,4,5,1,12,1,30,2,9,1,4,7,9,1,10,2,11,,23,,1,22,9,121.5379839,25.0257378
112,1,10,8,24,2,04大安區,大安區和平東路2段與建國南路2段口,0,0,1,2,B03,8,1,5,50,4,2,1,5,4,5,7,2,1,9,4,5,1,12,1,41,3,10,1,4,7,6,1,8,2,7,,44,,1,22,9,121.5379839,25.0257378
112,1,10,8,30,2,09北投區,北投區新市街30號與磺港路口,0,0,1,2,B03,8,1,5,50,14,9,1,5,4,5,7,4,4,10,5,5,2,16,1,64,3,10,3,4,7,4,1,8,1,5,,1,,1,22,9,121.5028904,25.1328244
112,1,10,8,30,2,09北投區,北投區新市街30號與磺港路口,0,0,1,1,C03,8,1,5,50,14,9,1,5,4,5,7,4,4,10,5,5,2,16,2,61,2,9,3,4,7,5,4,8,1,14,,8,,1,22,9,121.5028904,25.1328244
112,1,10,8,43,2,05中正區,中正區泉州街與福州街口口,0,0,1,1,B01,8,1,5,50,14,9,1,5,4,5,7,4,4,9,4,5,2,16,1,57,3,10,1,1,7,5,1,4,1,1,,6,,1,22,9,121.5137941,25.02638495
112,1,10,8,43,2,05中正區,中正區泉州街與福州街口口,0,0,1,2,C02,8,1,5,50,14,9,1,5,4,5,7,4,4,9,4,5,2,16,1,24,2,9,1,1,7,9,4,10,1,12,,42,,1,22,9,121.5137941,25.02638495
112,1,10,8,43,2,05中正區,中正區泉州街與福州街口口,0,0,1,3,H02,8,1,5,50,14,9,1,5,4,5,7,4,4,9,4,5,2,16,1,20,4,11,4,5,7,21,8,20,10,15,,60,,1,22,9,121.5137941,25.02638495
112,1,10,8,46,2,10文山區,文山區新光路2段與文和橋口,0,0,1,1,B03,8,1,5,50,3,1,1,5,4,5,7,1,1,9,4,5,2,12,1,54,3,10,1,1,7,6,1,8,1,2,,9,,1,22,9,121.5963172,25.00131651
112,1,10,8,46,2,10文山區,文山區新光路2段與文和橋口,0,0,1,2,C03,8,1,5,50,3,1,1,5,4,5,7,1,1,9,4,5,2,12,2,33,2,9,1,1,7,9,1,10,1,14,,44,,1,22,9,121.5963172,25.00131651
112,1,10,8,48,2,03中山區,中山區中山北路3段與德惠街口,0,0,1,1,B01,8,1,5,50,3,1,1,5,4,5,7,2,1,1,4,5,2,17,1,67,3,10,3,4,7,8,1,4,1,3,,7,,1,22,9,121.5225759,25.0669809
112,1,10,8,48,2,03中山區,中山區中山北路3段與德惠街口,0,0,1,2,C03,8,1,5,50,3,1,1,5,4,5,7,2,1,1,4,5,2,17,1,29,2,9,1,4,7,9,1,10,1,11,,13,,1,22,9,121.5225759,25.0669809
112,1,10,8,52,2,05中正區,中正區中山南路與愛國東路口,0,0,3,2,,8,1,5,50,4,2,1,5,4,5,7,2,1,5,4,5,2,18,3,0,,,,,,,,,,,,67,,1,,,121.5167349,25.0352579
112,1,10,8,52,2,05中正區,中正區中山南路與愛國東路口,0,0,3,4,H02,8,1,5,50,4,2,1,5,4,5,7,2,1,5,4,5,2,18,1,10,2,9,4,5,7,20,8,20,10,16,,67,,1,22,9,121.5167349,25.0352579
112,1,10,8,52,2,05中正區,中正區中山南路與愛國東路口,0,0,3,3,H02,8,1,5,50,4,2,1,5,4,5,7,2,1,5,4,5,2,18,1,7,2,9,4,5,7,20,8,20,10,16,,67,,1,22,9,121.5167349,25.0352579
112,1,10,8,52,2,05中正區,中正區中山南路與愛國東路口,0,0,3,1,C03,8,1,5,50,4,2,1,5,4,5,7,2,1,5,4,5,2,18,2,42,2,9,1,1,7,9,1,10,2,12,,23,,1,22,9,121.5167349,25.0352579
112,1,10,9,5,2,09北投區,北投區大度路2段155號,0,0,1,2,C03,8,1,5,50,14,12,1,5,4,5,7,1,1,1,4,3,1,13,1,65,3,10,1,1,7,9,1,10,1,12,,44,,1,22,9,121.4930718,25.12143187
112,1,10,9,5,2,09北投區,北投區大度路2段155號,0,0,1,1,C03,8,1,5,50,14,12,1,5,4,5,7,1,1,1,4,3,1,13,1,32,2,9,1,1,7,9,1,10,1,14,,23,,1,22,9,121.4930718,25.12143187
112,1,10,9,10,2,03中山區,中山區堤頂大道2段15號,0,0,1,1,A12,8,1,5,70,14,9,1,5,4,5,7,4,4,1,4,5,2,13,1,34,3,10,1,1,7,9,1,7,1,1,,16,,1,22,9,121.5718651,25.07534495
112,1,10,9,10,2,03中山區,中山區堤頂大道2段15號,0,0,1,2,B03,8,1,5,70,14,9,1,5,4,5,7,4,4,1,4,5,2,13,2,58,2,9,1,1,7,9,1,8,1,3,,44,,1,22,9,121.5718651,25.07534495
112,1,10,9,15,2,03中山區,中山區八德路2段與龍江路口,0,0,1,2,C03,8,1,5,50,3,1,1,5,4,5,7,1,1,4,3,5,1,17,2,26,2,9,1,4,7,9,1,10,1,12,,13,,1,22,9,121.5404967,25.04672492
112,1,10,9,15,2,03中山區,中山區八德路2段與龍江路口,0,0,1,1,B03,8,1,5,50,3,1,1,5,4,5,7,1,1,4,3,5,1,17,1,25,3,10,3,4,7,5,1,8,1,15,,8,,1,22,9,121.5404967,25.04672492
112,1,10,9,20,2,07信義區,信義區永吉路200巷與永吉路200巷81弄口,0,0,1,1,B03,8,1,5,30,4,1,1,5,4,5,7,4,4,10,5,5,2,16,2,29,3,10,1,1,7,9,1,8,1,8,,6,,1,22,9,121.5726004,25.0434632
112,1,10,9,20,2,07信義區,信義區永吉路200巷與永吉路200巷81弄口,0,0,1,2,C03,8,1,5,30,4,1,1,5,4,5,7,4,4,10,5,5,2,16,1,49,2,8,1,1,7,9,1,10,1,11,,14,,1,22,9,121.5726004,25.0434632
112,1,10,9,21,2,08士林區,士林區中正路407號,0,0,1,1,B03,8,1,5,50,14,9,1,5,4,5,7,4,4,10,5,5,1,16,2,67,3,10,1,1,7,8,1,8,1,2,,7,,1,22,9,121.520867,25.09383751
112,1,10,9,21,2,08士林區,士林區中正路407號,0,0,1,2,C03,8,1,5,50,14,9,1,5,4,5,7,4,4,10,5,5,1,16,1,29,2,9,1,1,7,9,1,10,1,14,,44,,1,22,9,121.520867,25.09383751
112,1,10,9,30,2,01大同區,大同區民權西路與蘭州街口,0,0,2,1,C03,8,1,5,50,4,1,1,5,4,5,7,2,1,1,4,5,2,16,1,40,2,8,1,1,7,5,1,10,1,14,,8,,1,22,9,121.5147033,25.06287919
112,1,10,9,30,2,01大同區,大同區民權西路與蘭州街口,0,0,2,2,C03,8,1,5,50,4,1,1,5,4,5,7,2,1,1,4,5,2,16,1,24,2,8,1,1,7,9,1,10,1,12,,44,,1,22,9,121.5147033,25.06287919
112,1,10,9,35,2,03中山區,中山區北安路303號對面,0,0,4,5,H02,8,1,5,50,14,9,1,5,4,5,7,4,4,1,4,5,2,12,2,40,2,9,1,5,7,20,8,20,10,16,,67,,1,22,9,121.53665,25.0777908
112,1,10,9,35,2,03中山區,中山區北安路303號對面,0,0,4,2,B03,8,1,5,50,14,9,1,5,4,5,7,4,4,1,4,5,2,12,1,54,3,10,1,1,7,9,1,8,1,6,,44,,1,22,9,121.53665,25.0777908
112,1,10,9,35,2,03中山區,中山區北安路303號對面,0,0,4,6,C03,8,1,5,50,14,9,1,5,4,5,7,4,4,1,4,5,2,12,1,33,3,10,1,1,7,9,1,10,1,15,,44,,1,22,9,121.53665,25.0777908
112,1,10,9,35,2,03中山區,中山區北安路303號對面,0,0,4,4,C03,8,1,5,50,14,9,1,5,4,5,7,4,4,1,4,5,2,12,1,40,2,9,1,1,7,9,1,10,1,11,,44,,1,22,9,121.53665,25.0777908
112,1,10,9,35,2,03中山區,中山區北安路303號對面,0,0,4,1,C03,8,1,5,50,14,9,1,5,4,5,7,4,4,1,4,5,2,12,1,28,2,9,1,1,7,8,1,10,1,14,,16,,1,22,9,121.53665,25.0777908
112,1,10,9,35,2,03中山區,中山區北安路303號對面,0,0,4,3,C03,8,1,5,50,14,9,1,5,4,5,7,4,4,1,4,5,2,12,1,51,2,9,1,1,7,9,1,10,1,11,,44,,1,22,9,121.53665,25.0777908
112,1,10,9,35,2,06松山區,松山區撫遠街394巷與撫遠街口,0,0,1,1,C03,7,1,5,30,4,2,1,5,4,5,7,4,4,1,3,5,2,15,2,24,2,9,1,1,7,9,1,10,2,11,,6,,1,22,1,121.5656563,25.06489777
112,1,10,9,35,2,06松山區,松山區撫遠街394巷與撫遠街口,0,0,1,2,B12,7,1,5,30,4,2,1,5,4,5,7,4,4,1,3,5,2,15,1,26,3,10,1,1,7,9,1,8,2,5,,23,,1,3,4,121.5656563,25.06489777
112,1,10,9,48,2,04大安區,大安區羅斯福路3段247號,0,0,1,1,C03,8,1,5,50,14,9,1,5,4,5,7,4,4,9,4,5,1,13,1,20,2,7,1,4,7,9,1,10,1,11,,23,,1,22,9,121.5301781,25.0189268
112,1,10,9,48,2,04大安區,大安區羅斯福路3段247號,0,0,1,2,B03,8,1,5,50,14,9,1,5,4,5,7,4,4,9,4,5,1,13,1,36,3,10,1,4,7,9,1,8,1,3,,44,,1,22,9,121.5301781,25.0189268
112,1,10,10,32,2,12內湖區,內湖區安康路32巷與安康路32巷24弄口口,0,0,1,2,C03,8,1,5,50,4,1,1,5,4,5,7,4,4,10,5,5,2,17,1,70,2,7,1,1,7,14,6,10,1,11,,44,,1,22,9,121.5949469,25.06190892
112,1,10,10,32,2,12內湖區,內湖區安康路32巷與安康路32巷24弄口口,0,0,1,1,B02,8,1,5,50,4,1,1,5,4,5,7,4,4,10,5,5,2,17,1,46,3,10,1,1,7,5,1,8,1,8,,23,,1,22,9,121.5949469,25.06190892
112,1,10,11,10,2,05中正區,中正區重慶南路2段與寧波西街口,0,0,2,4,C03,8,1,5,50,4,2,1,2,2,1,7,1,1,10,4,5,2,29,2,24,2,9,1,1,7,6,1,10,1,14,,44,,1,22,9,121.5152486,25.0297944
112,1,10,11,10,2,05中正區,中正區重慶南路2段與寧波西街口,0,0,2,2,,8,1,5,50,4,2,1,2,2,1,7,1,1,10,4,5,2,29,3,0,,,,,,,,,,,,67,,1,,,121.5152486,25.0297944
112,1,10,11,10,2,05中正區,中正區重慶南路2段與寧波西街口,0,0,2,1,A02,8,1,5,50,4,2,1,2,2,1,7,1,1,10,4,5,2,29,1,57,3,10,1,1,7,9,1,2,1,10,,43,,1,22,9,121.5152486,25.0297944
112,1,10,11,10,2,05中正區,中正區重慶南路2段與寧波西街口,0,0,2,3,C03,8,1,5,50,4,2,1,2,2,1,7,1,1,10,4,5,2,29,1,29,2,9,1,1,7,6,1,10,1,12,,44,,1,22,9,121.5152486,25.0297944
112,1,10,11,28,2,04大安區,大安區和平東路3段與樂業街口,0,0,1,1,B03,8,1,5,50,3,4,1,5,4,5,7,1,1,1,3,5,2,13,1,40,3,10,1,1,7,9,1,8,1,1,,23,,1,22,9,121.5501337,25.0244419
112,1,10,11,28,2,04大安區,大安區和平東路3段與樂業街口,0,0,1,2,C03,8,1,5,50,3,4,1,5,4,5,7,1,1,1,3,5,2,13,1,64,2,8,1,1,7,14,1,10,1,13,,44,,1,22,9,121.5501337,25.0244419
112,1,10,11,40,2,01大同區,大同區民權西路194號,0,0,1,1,C03,8,1,5,50,14,9,1,5,4,5,7,4,4,8,3,5,2,12,2,58,2,9,1,1,7,9,1,10,1,15,,43,,1,22,9,121.5140497,25.06294372
112,1,10,11,40,2,01大同區,大同區民權西路194號,0,0,1,2,C03,8,1,5,50,14,9,1,5,4,5,7,4,4,8,3,5,2,12,1,25,4,11,1,1,7,9,1,10,1,15,,44,,1,22,9,121.5140497,25.06294372
112,1,10,11,45,2,08士林區,士林區重慶北路4段190巷與重慶北路4段口,0,0,1,1,B03,8,1,5,40,3,1,1,5,4,5,7,4,4,1,4,4,1,17,1,63,3,10,1,1,7,6,1,8,1,5,,9,,1,21,8,121.5117425,25.08469485
112,1,10,11,45,2,08士林區,士林區重慶北路4段190巷與重慶北路4段口,0,0,1,2,C03,8,1,5,40,3,1,1,5,4,5,7,4,4,1,4,4,1,17,2,42,2,9,1,1,7,9,1,10,1,11,,23,,1,21,8,121.5117425,25.08469485
112,1,10,11,50,2,05中正區,中正區重慶南路3段與汀州路2段口口,0,0,1,1,B03,8,1,5,50,14,18,1,5,4,5,7,1,1,1,4,5,2,3,2,46,3,10,1,1,7,6,1,8,1,1,,15,,1,22,9,121.5164801,25.0256667
112,1,10,11,50,2,05中正區,中正區重慶南路3段與汀州路2段口口,0,0,1,2,H01,8,1,5,50,14,18,1,5,4,5,7,1,1,1,4,5,2,3,1,47,2,9,4,5,8,16,8,20,1,16,,67,,1,22,9,121.5164801,25.0256667
112,1,10,11,58,2,12內湖區,內湖區瑞光路258巷2號,0,0,1,2,C03,8,1,5,50,14,9,1,5,4,5,7,4,4,9,5,5,2,17,1,37,2,8,1,1,7,9,1,10,1,11,,44,,1,22,9,121.5753568,25.07519779
112,1,10,11,58,2,12內湖區,內湖區瑞光路258巷2號,0,0,1,1,B03,8,1,5,50,14,9,1,5,4,5,7,4,4,9,5,5,2,17,1,61,3,10,1,1,7,11,1,8,1,5,,10,,1,22,9,121.5753568,25.07519779
112,1,10,12,0,2,10文山區,(興德路9號前),0,0,1,3,H02,8,1,5,30,3,2,1,5,4,5,7,4,4,10,5,5,2,17,1,54,3,10,4,5,7,21,8,20,10,16,,60,,1,22,9,121.5554712,25.0009773
112,1,10,12,0,2,10文山區,(興德路9號前),0,0,1,1,C03,8,1,5,30,3,2,1,5,4,5,7,4,4,10,5,5,2,17,1,70,3,10,1,1,7,6,1,10,2,15,,37,,1,22,9,121.5554712,25.0009773
112,1,10,12,0,2,10文山區,(興德路9號前),0,0,1,2,C04,8,1,5,30,3,2,1,5,4,5,7,4,4,10,5,5,2,17,2,70,2,8,1,1,7,9,1,11,2,15,,44,,1,22,9,121.5554712,25.0009773
112,1,10,12,5,2,02萬華區,萬華區忠孝西路2段與昆明街口,0,0,1,2,C03,8,1,5,50,4,1,1,5,4,5,7,1,1,9,4,5,2,17,1,30,2,9,1,4,7,9,1,10,1,12,,23,,1,22,9,121.5063341,25.0487815
112,1,10,12,5,2,02萬華區,萬華區忠孝西路2段與昆明街口,0,0,1,1,B03,8,1,5,50,4,1,1,5,4,5,7,1,1,9,4,5,2,17,1,63,3,10,1,4,7,5,1,8,1,4,,8,,1,22,9,121.5063341,25.0487815
112,1,10,12,40,2,01大同區,大同區民族西路與大龍街口,0,0,1,1,B03,8,1,5,50,4,1,1,5,4,5,7,2,1,5,5,5,2,17,1,34,3,10,3,4,7,5,1,8,2,5,,8,,1,22,9,121.5158916,25.0686139
112,1,10,12,40,2,01大同區,大同區民族西路與大龍街口,0,0,1,2,C03,8,1,5,50,4,1,1,5,4,5,7,2,1,5,5,5,2,17,1,27,2,9,1,4,7,9,1,9,2,11,,44,,1,22,9,121.5158916,25.0686139
112,1,10,12,47,2,03中山區,中山區市民大道2段與林森北路口,0,0,1,1,C03,8,1,5,50,4,1,1,5,4,5,7,1,1,4,3,5,1,16,2,32,3,10,1,4,7,6,1,10,1,12,,9,,1,22,9,121.5241238,25.0479312
112,1,10,12,47,2,03中山區,中山區市民大道2段與林森北路口,0,0,1,2,C03,8,1,5,50,4,1,1,5,4,5,7,1,1,4,3,5,1,16,1,22,2,9,1,4,7,9,1,10,1,14,,44,,1,22,9,121.5241238,25.0479312
112,1,10,12,52,2,03中山區,中山區四平街與松江路口,0,0,2,2,B01,8,1,5,50,3,1,1,5,4,5,7,1,1,1,4,5,2,16,1,48,2,9,1,1,7,9,1,4,1,2,,44,,1,22,9,121.5329468,25.0536667
112,1,10,12,52,2,03中山區,中山區四平街與松江路口,0,0,2,1,C03,8,1,5,50,3,1,1,5,4,5,7,1,1,1,4,5,2,16,2,47,2,9,1,1,7,7,1,10,1,14,,7,,1,22,9,121.5329468,25.0536667
112,1,10,14,21,2,08士林區,士林區忠誠路2段166巷29弄與忠誠路2段166巷口,0,0,1,2,B01,8,1,5,30,4,2,1,5,4,5,7,4,4,10,5,5,1,15,1,60,3,10,1,1,7,9,1,4,2,5,,14,,1,22,9,121.5323567,25.11592352
112,1,10,14,21,2,08士林區,士林區忠誠路2段166巷29弄與忠誠路2段166巷口,0,0,1,1,C03,8,1,5,30,4,2,1,5,4,5,7,4,4,10,5,5,1,15,2,29,2,9,1,1,7,9,1,10,2,14,,6,,1,22,9,121.5323567,25.11592352
112,1,10,14,30,2,01大同區,大同區環河北路2段127號,0,0,1,2,B12,8,1,5,50,14,9,1,5,4,5,7,4,4,1,4,5,2,12,1,23,3,10,3,4,7,9,1,8,2,6,,17,,1,22,9,121.5089725,25.06684162
112,1,10,14,30,2,01大同區,大同區環河北路2段127號,0,0,1,1,C03,8,1,5,50,14,9,1,5,4,5,7,4,4,1,4,5,2,12,2,57,2,9,3,4,7,9,3,18,2,14,,42,,1,22,9,121.5089725,25.06684162
112,1,10,15,2,2,05中正區,中正區市民大道3段8號,0,0,1,2,B03,8,1,5,40,14,9,1,5,4,5,7,4,4,1,4,5,2,12,1,58,3,10,1,1,7,14,1,8,2,4,,38,,1,22,9,121.5323601,25.04544704
112,1,10,15,2,2,05中正區,中正區市民大道3段8號,0,0,1,1,C03,8,1,5,40,14,9,1,5,4,5,7,4,4,1,4,5,2,12,1,22,2,7,1,1,7,9,3,18,2,12,,42,,1,22,9,121.5323601,25.04544704
112,1,10,15,22,2,04大安區,大安區文昌街231號,0,0,1,2,B02,8,1,5,30,14,9,1,5,4,5,7,4,4,10,5,5,1,13,1,56,3,10,3,4,7,14,1,4,2,3,,44,,1,22,9,121.5550179,25.03235112
112,1,10,15,22,2,04大安區,大安區文昌街231號,0,0,1,3,H02,8,1,5,30,14,9,1,5,4,5,7,4,4,10,5,5,1,13,2,73,2,9,4,5,7,20,8,20,10,16,,67,,1,22,9,121.5550179,25.03235112
112,1,10,15,22,2,04大安區,大安區文昌街231號,0,0,1,1,B11,8,1,5,30,14,9,1,5,4,5,7,4,4,10,5,5,1,13,1,51,3,10,3,4,7,9,1,8,2,1,,23,,1,22,9,121.5550179,25.03235112
112,1,10,15,37,2,08士林區,士林區至善路1段第13號停車格,0,0,1,1,C03,7,1,5,50,14,9,1,5,4,5,7,4,4,1,3,5,1,13,2,40,2,7,1,1,7,9,1,10,1,11,,23,,1,22,9,121.535969,25.0993568
112,1,10,15,37,2,08士林區,士林區至善路1段第13號停車格,0,0,1,2,A05,7,1,5,50,14,9,1,5,4,5,7,4,4,1,3,5,1,13,1,51,3,10,1,1,7,14,1,1,1,3,,38,,1,22,9,121.535969,25.0993568
112,1,10,15,43,2,02萬華區,萬華區東園街154巷與東園街154巷9弄口,0,0,2,2,C03,7,1,5,30,4,1,4,5,4,5,7,4,4,10,5,5,2,15,2,67,3,10,1,1,7,9,1,10,1,13,,4,,1,22,9,121.4971285,25.0227749
112,1,10,15,43,2,02萬華區,萬華區東園街154巷與東園街154巷9弄口,0,0,2,3,H02,7,1,5,30,4,1,4,5,4,5,7,4,4,10,5,5,2,15,2,22,2,9,1,5,7,17,8,20,10,16,,67,,1,22,9,121.4971285,25.0227749
112,1,10,15,43,2,02萬華區,萬華區東園街154巷與東園街154巷9弄口,0,0,2,1,C03,7,1,5,30,4,1,4,5,4,5,7,4,4,10,5,5,2,15,2,52,2,9,1,1,7,9,1,10,1,11,,6,,1,22,9,121.4971285,25.0227749
112,1,10,16,29,2,01大同區,大同區民族西路與承德路3段口,0,0,1,2,C03,7,1,5,50,4,1,1,5,4,5,7,2,1,5,4,5,2,12,1,27,2,9,1,1,7,9,6,18,1,14,,13,,1,22,9,121.5183416,25.06854512
112,1,10,16,29,2,01大同區,大同區民族西路與承德路3段口,0,0,1,1,B02,7,1,5,50,4,1,1,5,4,5,7,2,1,5,4,5,2,12,1,52,3,10,3,4,7,10,1,14,1,5,,7,,1,22,9,121.5183416,25.06854512
112,1,10,16,36,2,03中山區,中山區建國北路1段與建國北路1段78巷口,0,0,1,2,C03,7,1,5,50,3,2,1,5,4,5,7,4,4,1,4,5,2,12,1,19,2,9,1,1,7,9,1,10,1,14,,44,,1,22,9,121.5364406,25.0493176
112,1,10,16,36,2,03中山區,中山區建國北路1段與建國北路1段78巷口,0,0,1,1,B03,7,1,5,50,3,2,1,5,4,5,7,4,4,1,4,5,2,12,2,57,3,10,1,1,7,6,1,8,11,2,,9,,1,22,9,121.5364406,25.0493176
112,1,10,16,40,2,07信義區,信義區和平東路3段與富陽街口,0,0,1,1,C03,8,1,5,30,5,1,1,5,4,5,7,1,1,1,4,5,2,17,1,68,2,9,3,4,7,9,1,10,1,11,,44,,1,22,9,121.5565842,25.0206829
112,1,10,16,40,2,07信義區,信義區和平東路3段與富陽街口,0,0,1,2,B03,8,1,5,30,5,1,1,5,4,5,7,1,1,1,4,5,2,17,1,31,3,10,3,4,7,5,1,8,1,1,,25,,1,22,9,121.5565842,25.0206829
112,1,10,16,45,2,06松山區,松山區八德路4段245巷與南京東路5段口,0,0,1,2,C03,8,1,5,50,4,1,1,5,4,5,7,2,1,1,1,5,2,12,2,41,2,9,1,1,7,9,1,10,1,11,,44,,1,22,9,121.5639812,25.0513368
112,1,10,16,45,2,06松山區,松山區八德路4段245巷與南京東路5段口,0,0,1,1,C03,8,1,5,50,4,1,1,5,4,5,7,2,1,1,1,5,2,12,1,28,3,10,1,1,7,5,1,10,1,13,,6,,1,22,9,121.5639812,25.0513368
112,1,10,16,50,2,12內湖區,內湖區內湖路1段285巷19號前,0,0,2,1,F01,7,1,5,30,15,9,1,5,4,5,7,4,4,10,5,5,2,16,2,73,2,8,1,1,7,7,8,20,1,16,,7,,1,22,9,121.5669332,25.08283566
112,1,10,16,50,2,12內湖區,內湖區內湖路1段285巷19號前,0,0,2,2,C03,7,1,5,30,15,9,1,5,4,5,7,4,4,10,5,5,2,16,2,21,2,8,1,1,7,4,1,10,1,11,,23,,1,22,9,121.5669332,25.08283566
112,1,10,17,28,2,04大安區,大安區和平東路1段與新生南路3段口,0,0,2,1,C03,8,1,5,50,4,1,1,5,4,5,7,2,1,10,5,5,2,13,1,34,2,9,3,4,7,9,1,10,1,11,,16,,1,22,9,121.5346392,25.02598478
112,1,10,17,28,2,04大安區,大安區和平東路1段與新生南路3段口,0,0,2,2,C03,8,1,5,50,4,1,1,5,4,5,7,2,1,10,5,5,2,13,1,65,2,9,3,4,7,12,1,10,1,13,,44,,1,22,9,121.5346392,25.02598478
112,1,10,17,45,2,12內湖區,內湖區康寧路3段與康寧路3段222巷口,0,0,1,1,B03,8,3,5,50,4,1,1,5,4,5,7,2,1,1,4,5,2,17,1,57,3,10,1,1,7,9,1,8,2,6,,23,,1,22,9,121.610983,25.06584869
112,1,10,17,45,2,12內湖區,內湖區康寧路3段與康寧路3段222巷口,0,0,1,2,C03,8,3,5,50,4,1,1,5,4,5,7,2,1,1,4,5,2,17,1,70,2,9,1,1,7,9,1,10,2,14,,42,,1,22,9,121.610983,25.06584869
112,1,10,17,47,2,03中山區,中山區民生東路3段與復興北路280巷10弄口,0,0,2,1,B01,8,3,5,50,3,2,1,5,4,5,7,4,4,1,4,5,2,13,4,0,4,11,3,4,7,15,7,19,11,15,,43,,2,22,9,121.543142,25.0579299
112,1,10,17,47,2,03中山區,中山區民生東路3段與復興北路280巷10弄口,0,0,2,3,C03,8,3,5,50,3,2,1,5,4,5,7,4,4,1,4,5,2,13,1,48,2,8,1,1,7,9,1,10,1,13,,44,,1,22,9,121.543142,25.0579299
112,1,10,17,47,2,03中山區,中山區民生東路3段與復興北路280巷10弄口,0,0,2,2,C03,8,3,5,50,3,2,1,5,4,5,7,4,4,1,4,5,2,13,1,29,2,1,1,1,7,9,1,10,1,11,,16,,1,22,9,121.543142,25.0579299
112,1,10,17,50,2,06松山區,松山區復興北路與民生東路3段口,0,0,1,2,C03,8,1,5,50,4,1,1,5,4,5,7,2,1,1,4,1,1,13,1,38,2,9,1,1,7,9,1,10,1,14,,23,,1,22,9,121.5442733,25.05796755
112,1,10,17,50,2,06松山區,松山區復興北路與民生東路3段口,0,0,1,1,B03,8,1,5,50,4,1,1,5,4,5,7,2,1,1,4,1,1,13,2,52,3,10,1,1,7,9,1,8,1,3,,16,,1,22,9,121.5442733,25.05796755
112,1,10,17,50,2,06松山區,松山區復興北路與民生東路3段口,0,0,1,3,B03,8,1,5,50,4,1,1,5,4,5,7,2,1,1,4,1,1,13,2,37,3,10,1,1,7,9,1,8,1,1,,44,,1,22,9,121.5442733,25.05796755
112,1,10,17,56,2,07信義區,信義區松信路與永吉路180巷67弄口,0,0,2,1,C04,8,3,5,50,4,1,1,5,4,5,7,2,1,9,4,4,1,13,1,32,2,9,3,4,7,9,1,10,1,11,,23,,1,22,9,121.5719748,25.0434806
112,1,10,17,56,2,07信義區,信義區松信路與永吉路180巷67弄口,0,0,2,2,F01,8,3,5,50,4,1,1,5,4,5,7,2,1,9,4,4,1,13,1,53,2,9,1,1,7,9,8,20,1,16,,44,,1,22,9,121.5719748,25.0434806
112,1,10,17,59,2,03中山區,中山區復興北路320巷與民生東路3段73巷口,0,0,1,1,B02,8,3,5,30,4,1,1,5,4,5,7,4,4,10,5,5,2,15,1,57,3,10,1,1,7,9,1,8,1,8,,6,,1,22,9,121.543622,25.0594312
112,1,10,17,59,2,03中山區,中山區復興北路320巷與民生東路3段73巷口,0,0,1,2,C03,8,3,5,30,4,1,1,5,4,5,7,4,4,10,5,5,2,15,1,28,2,7,1,1,7,9,1,10,1,11,,14,,1,22,9,121.543622,25.0594312
112,1,10,18,0,2,11南港區,南港區南港路1段與研究院路1段口西往東,0,0,2,3,H02,7,3,5,50,4,4,1,5,4,5,7,2,1,5,4,4,2,13,2,65,2,9,4,5,7,20,8,20,10,16,,67,,1,22,9,121.6163625,25.05513168
112,1,10,18,0,2,11南港區,南港區南港路1段與研究院路1段口西往東,0,0,2,2,C03,7,3,5,50,4,4,1,5,4,5,7,2,1,5,4,4,2,13,1,37,2,9,1,1,7,14,1,10,2,13,,42,,1,22,9,121.6163625,25.05513168
112,1,10,18,0,2,11南港區,南港區南港路1段與研究院路1段口西往東,0,0,2,1,B03,7,3,5,50,4,4,1,5,4,5,7,2,1,5,4,4,2,13,1,27,3,10,1,1,7,9,3,18,2,1,,23,,1,22,9,121.6163625,25.05513168
112,1,10,18,5,2,10文山區,文山區景華街121巷12弄與無名巷口,0,0,2,1,C03,8,3,5,30,4,1,1,5,4,5,7,4,4,10,5,5,2,16,2,23,2,7,1,1,7,9,1,10,1,11,,6,,1,22,9,121.5467434,24.99736599
112,1,10,18,5,2,10文山區,文山區景華街121巷12弄與無名巷口,0,0,2,2,C03,8,3,5,30,4,1,1,5,4,5,7,4,4,10,5,5,2,16,2,51,2,9,1,1,7,5,1,10,1,14,,44,,1,22,9,121.5467434,24.99736599
112,1,10,18,16,2,11南港區,南港區研究院路2段與研究院路2段61巷口,0,0,1,2,B12,8,3,5,30,4,1,1,5,4,5,6,2,1,1,4,5,2,17,1,43,3,10,1,4,7,9,1,8,1,1,,26,,1,22,9,121.6161469,25.0440843