發生年度,發生月,發生日,發生時-Hours,發生分,處理別-編號,區序,肇事地點,死亡人數,2-30日死亡人數,受傷人數,當事人序號,車種,天候,光線,道路類別,速限-速度限制,道路型態,事故位置,路面狀況1,路面狀況2,路面狀況3,道路障礙1,道路障礙2,號誌1,號誌2,車道劃分-分向,車道劃分-分道1,車道劃分-分道2,車道劃分-分道3,事故類型及型態,性別,年齡,受傷程度,主要傷處,保護裝置,行動電話,車輛用途,當事者行動狀態,駕駛資格情形,駕駛執照種類,飲酒情形,車輛撞擊部位1,車輛撞擊部位2,肇因碼-個別,肇因碼-主要,個人肇逃否,職業,旅次目的,座標-X,座標-Y
112,1,11,12,5,2,05中正區,中正區臨沂街與金山南路1段67巷口,0,0,1,1,B03,7,1,5,30,4,1,1,5,4,5,7,4,4,10,5,5,2,15,1,41,3,10,1,1,7,9,1,8,1,1,,6,,1,22,9,121.5292284,25.03767536
112,1,11,12,5,2,05中正區,中正區臨沂街與金山南路1段67巷口,0,0,1,2,C03,7,1,5,30,4,1,1,5,4,5,7,4,4,10,5,5,2,15,1,38,2,8,1,1,7,9,1,10,1,12,,14,,1,22,9,121.5292284,25.03767536
112,1,11,12,30,2,07信義區,信義區吳興街220巷59弄與吳興街156巷65弄口口,0,0,1,2,C03,8,1,6,30,4,1,1,5,4,5,7,4,4,5,4,5,2,15,1,68,2,9,1,1,7,9,1,10,1,11,,6,,1,22,9,121.5591494,25.0270411
112,1,11,12,30,2,07信義區,信義區吳興街220巷59弄與吳興街156巷65弄口口,0,0,1,1,B03,8,1,6,30,4,1,1,5,4,5,7,4,4,5,4,5,2,15,1,26,3,10,1,1,7,9,1,8,1,4,,23,,1,22,9,121.5591494,25.0270411
112,1,11,12,52,2,10文山區,文山區興隆路3段與興德路口,0,0,1,2,H02,8,1,5,50,3,2,1,5,4,5,7,1,1,1,4,5,2,9,2,83,2,9,4,5,7,20,8,20,10,16,,67,,1,22,9,121.5554493,25.0006042
112,1,11,12,52,2,10文山區,文山區興隆路3段與興德路口,0,0,1,1,A02,8,1,5,50,3,2,1,5,4,5,7,1,1,1,4,5,2,9,1,53,3,10,1,1,7,15,1,2,11,15,,43,,1,22,9,121.5554493,25.0006042
112,1,11,12,55,2,03中山區,中山區民族東路與建國北路3段113巷口,0,0,1,1,B12,8,1,5,50,5,2,1,5,4,5,7,2,1,1,4,4,1,16,1,45,3,10,3,4,7,5,1,8,1,6,,8,,1,22,9,121.5366293,25.0682807
112,1,11,12,55,2,03中山區,中山區民族東路與建國北路3段113巷口,0,0,1,2,C03,8,1,5,50,5,2,1,5,4,5,7,2,1,1,4,4,1,16,1,22,2,9,1,4,7,9,1,10,1,11,,44,,1,22,9,121.5366293,25.0682807
112,1,11,13,10,2,12內湖區,內湖區康樂街61巷與康樂街111巷口口,0,0,1,1,C03,8,1,5,30,4,1,1,5,4,5,7,4,4,10,5,5,2,15,2,39,2,9,1,1,7,9,1,10,2,14,,6,,1,22,9,121.6198005,25.07068922
112,1,11,13,10,2,12內湖區,內湖區康樂街61巷與康樂街111巷口口,0,0,1,2,B03,8,1,5,30,4,1,1,5,4,5,7,4,4,10,5,5,2,15,2,52,3,10,1,1,7,9,1,8,2,5,,14,,1,22,9,121.6198005,25.07068922
112,1,11,13,25,2,08士林區,士林區葫東街與重慶北路4段口,0,0,1,1,B01,8,1,5,50,4,2,1,5,4,5,7,2,1,1,4,5,2,3,1,61,3,10,1,1,7,5,1,4,1,1,,15,,1,22,9,121.5119973,25.084046
112,1,11,13,25,2,08士林區,士林區葫東街與重慶北路4段口,0,0,1,2,H01,8,1,5,50,4,2,1,5,4,5,7,2,1,1,4,5,2,3,2,70,2,6,4,5,8,16,8,20,10,16,,67,,1,22,9,121.5119973,25.084046
112,1,11,13,30,2,06松山區,松山區南京東路5段286號,0,0,2,2,H01,7,1,5,50,14,18,1,5,4,5,7,4,4,10,5,5,2,9,2,37,2,9,4,5,8,16,8,20,10,16,,53,,1,22,9,121.5672539,25.05128076
112,1,11,13,30,2,06松山區,松山區南京東路5段286號,0,0,2,1,C03,7,1,5,50,14,18,1,5,4,5,7,4,4,10,5,5,2,9,1,20,2,7,1,1,7,6,1,10,1,15,,23,,1,22,9,121.5672539,25.05128076
112,1,11,13,45,2,07信義區,信義區光復南路419巷與光復南路口,0,0,2,2,C03,8,1,5,50,3,2,1,5,4,5,7,4,4,10,5,5,2,15,2,30,2,2,1,1,7,9,1,10,1,12,,44,,1,22,9,121.5576643,25.0372198
112,1,11,13,45,2,07信義區,信義區光復南路419巷與光復南路口,0,0,2,1,C03,8,1,5,50,3,2,1,5,4,5,7,4,4,10,5,5,2,15,1,29,2,9,1,1,7,15,1,10,1,11,,6,,1,22,9,121.5576643,25.0372198
112,1,11,13,52,2,08士林區,士林區菁山路61號,0,0,1,1,B03,8,1,5,50,14,9,1,5,4,5,7,4,4,5,5,5,1,17,2,50,3,10,1,1,7,5,1,8,1,4,,8,,1,21,8,121.5504689,25.13952263
112,1,11,13,52,2,08士林區,士林區菁山路61號,0,0,1,2,C03,8,1,5,50,14,9,1,5,4,5,7,4,4,5,5,5,1,17,1,21,2,9,1,1,7,4,1,10,1,11,,1,,1,21,8,121.5504689,25.13952263
112,1,11,14,0,2,07信義區,信義區忠孝東路5段423巷66號,0,0,1,2,B03,8,1,5,30,14,9,1,5,4,5,7,4,4,10,5,5,1,14,1,39,3,10,3,4,7,14,1,8,2,1,,38,,1,22,9,121.575365,25.0437125
112,1,11,14,0,2,07信義區,信義區忠孝東路5段423巷66號,0,0,1,3,C04,8,1,5,30,14,9,1,5,4,5,7,4,4,10,5,5,1,14,2,51,2,8,1,4,7,13,1,10,2,14,,44,,1,22,9,121.575365,25.0437125
112,1,11,14,0,2,07信義區,信義區忠孝東路5段423巷66號,0,0,1,1,B12,8,1,5,30,14,9,1,5,4,5,7,4,4,10,5,5,1,14,1,62,3,10,3,4,7,2,1,8,2,3,,12,,1,22,9,121.575365,25.0437125
112,1,11,14,12,2,03中山區,中山區建國高架道往北接國道方向,0,0,2,2,B03,8,1,5,70,14,9,1,5,4,5,7,4,4,1,3,5,1,13,1,33,2,3,1,1,7,9,1,8,2,3,,44,,1,22,9,121.5334154,25.0686445
112,1,11,14,12,2,03中山區,中山區建國高架道往北接國道方向,0,0,2,3,H02,8,1,5,70,14,9,1,5,4,5,7,4,4,1,3,5,1,13,2,26,2,7,1,5,7,20,8,20,2,16,,67,,1,22,9,121.5334154,25.0686445
112,1,11,14,12,2,03中山區,中山區建國高架道往北接國道方向,0,0,2,1,B03,8,1,5,70,14,9,1,5,4,5,7,4,4,1,3,5,1,13,1,40,3,10,1,1,7,9,1,8,2,1,,16,,1,22,9,121.5334154,25.0686445
112,1,11,14,30,2,03中山區,中山區南京東路3段與建國北路2段口,0,0,1,2,B12,7,1,5,50,4,1,1,5,4,5,7,1,1,10,4,5,2,12,1,46,3,10,1,4,7,9,1,8,1,5,,44,,1,22,9,121.5370348,25.05192962
112,1,11,14,30,2,03中山區,中山區南京東路3段與建國北路2段口,0,0,1,1,C03,7,1,5,50,4,1,1,5,4,5,7,1,1,10,4,5,2,12,1,29,2,9,1,4,7,9,1,10,1,14,,23,,1,22,9,121.5370348,25.05192962
112,1,11,14,39,2,03中山區,中山區吉林路28號,0,0,1,1,C03,8,1,5,50,14,9,1,5,4,5,7,4,4,5,4,5,2,3,1,28,4,11,3,4,7,15,7,19,11,15,,15,,2,22,9,121.5300421,25.05149226
112,1,11,14,39,2,03中山區,中山區吉林路28號,0,0,1,2,H01,8,1,5,50,14,9,1,5,4,5,7,4,4,5,4,5,2,3,1,23,2,7,4,5,8,16,8,20,10,16,,67,,1,22,9,121.5300421,25.05149226
112,1,11,15,3,2,12內湖區,內湖區江南街65巷與文德路22巷9弄口口,0,0,1,2,C03,8,1,5,50,4,1,1,5,4,5,7,4,4,10,5,5,2,16,1,45,2,9,1,1,7,9,1,10,1,11,,44,,1,22,9,121.5787318,25.07687674
112,1,11,15,3,2,12內湖區,內湖區江南街65巷與文德路22巷9弄口口,0,0,1,1,C03,8,1,5,50,4,1,1,5,4,5,7,4,4,10,5,5,2,16,1,54,3,10,1,1,7,5,1,10,1,12,,8,,1,22,9,121.5787318,25.07687674
112,1,11,15,5,2,03中山區,中山區龍江路333號,0,0,2,1,C03,8,1,5,40,14,9,1,5,4,5,7,4,4,9,5,5,2,17,1,72,2,8,1,1,7,5,3,18,2,12,,8,,1,22,9,121.5408631,25.0629791
112,1,11,15,5,2,03中山區,中山區龍江路333號,0,0,2,2,C03,8,1,5,40,14,9,1,5,4,5,7,4,4,9,5,5,2,17,1,37,2,9,1,1,7,9,1,10,2,11,,44,,1,22,9,121.5408631,25.0629791
112,1,11,15,15,2,03中山區,中山區中山北路1段與南京東路1段口,0,0,1,1,B03,8,1,5,50,4,2,1,5,4,5,7,2,1,1,4,5,2,17,2,55,3,10,3,4,7,8,1,8,1,7,,7,,1,22,9,121.5226255,25.0520975
112,1,11,15,15,2,03中山區,中山區中山北路1段與南京東路1段口,0,0,1,2,C03,8,1,5,50,4,2,1,5,4,5,7,2,1,1,4,5,2,17,1,31,2,9,3,4,7,9,1,10,1,14,,44,,1,22,9,121.5226255,25.0520975
112,1,11,15,50,2,06松山區,松山區民權東路3段與民族東路口,0,0,1,1,C03,7,1,5,50,3,1,1,5,4,5,7,4,4,1,3,5,2,12,2,19,3,10,1,1,7,6,1,10,2,12,,9,,1,6,1,121.5499385,25.06177783
112,1,11,15,50,2,06松山區,松山區民權東路3段與民族東路口,0,0,1,2,C03,7,1,5,50,3,1,1,5,4,5,7,4,4,1,3,5,2,12,1,32,3,10,1,1,7,9,1,10,2,14,,44,,1,5,7,121.5499385,25.06177783
112,1,11,15,50,2,06松山區,松山區民權東路3段與民族東路口,0,0,1,3,H02,7,1,5,50,3,1,1,5,4,5,7,4,4,1,3,5,2,12,2,32,2,9,1,5,7,17,8,20,10,16,,67,,1,5,7,121.5499385,25.06177783
112,1,11,15,55,2,05中正區,中正區新生南路1段170巷與信義路2段243巷口,0,0,1,1,C03,8,1,5,30,4,1,1,5,4,3,5,4,4,9,4,5,2,15,1,29,2,9,1,1,7,9,1,10,2,12,,6,,1,22,9,121.5311406,25.0342357
112,1,11,15,55,2,05中正區,中正區新生南路1段170巷與信義路2段243巷口,0,0,1,2,B03,8,1,5,30,4,1,1,5,4,3,5,4,4,9,4,5,2,15,1,47,3,10,1,1,7,9,1,8,1,1,,14,,1,22,9,121.5311406,25.0342357
112,1,11,16,16,2,08士林區,士林區中山北路6段與中山北路6段427巷口,0,0,1,1,B03,7,1,5,30,3,1,1,5,4,5,7,4,4,1,4,5,1,16,1,68,3,10,1,1,7,6,1,6,1,8,,6,,1,21,8,121.527073,25.11391603
112,1,11,16,16,2,08士林區,士林區中山北路6段與中山北路6段427巷口,0,0,1,2,C03,7,1,5,30,3,1,1,5,4,5,7,4,4,1,4,5,1,16,2,21,2,9,1,1,7,9,1,10,1,11,,14,,1,21,8,121.527073,25.11391603
112,1,11,16,16,2,08士林區,士林區中山北路6段與中山北路6段427巷口,0,0,1,3,B03,7,1,5,30,3,1,1,5,4,5,7,4,4,1,4,5,1,16,1,36,3,10,1,1,7,14,1,8,1,15,,38,,1,21,8,121.527073,25.11391603
112,1,11,16,22,2,04大安區,大安區基隆路4段75號,0,0,1,2,C03,8,2,5,50,14,9,1,5,4,5,7,4,4,9,4,5,1,11,2,26,2,9,1,4,7,7,1,10,9,11,,7,,1,22,9,121.5387766,25.01227242
112,1,11,16,22,2,04大安區,大安區基隆路4段75號,0,0,1,1,,8,2,5,50,14,9,1,5,4,5,7,4,4,9,4,5,1,11,4,0,4,11,3,4,7,15,7,19,11,15,,43,,2,22,9,121.5387766,25.01227242
112,1,11,16,34,2,07信義區,信義區信義路6段15巷與虎林街242巷口,0,0,2,3,H02,8,1,5,30,4,1,1,5,4,5,7,4,4,10,5,5,2,16,2,9,2,9,4,5,7,20,8,20,10,16,,67,,1,22,9,121.5751342,25.0349311
112,1,11,16,34,2,07信義區,信義區信義路6段15巷與虎林街242巷口,0,0,2,1,C03,8,1,5,30,4,1,1,5,4,5,7,4,4,10,5,5,2,16,2,44,2,9,1,1,7,9,1,10,2,11,,6,,1,22,9,121.5751342,25.0349311
112,1,11,16,34,2,07信義區,信義區信義路6段15巷與虎林街242巷口,0,0,2,2,B03,8,1,5,30,4,1,1,5,4,5,7,4,4,10,5,5,2,16,1,58,3,10,1,1,7,9,1,8,2,4,,14,,1,22,9,121.5751342,25.0349311
112,1,11,16,40,2,08士林區,士林區至誠路1段芝山岩公車站前,0,0,2,2,H01,8,1,5,50,14,9,1,5,4,5,7,4,4,5,5,5,1,3,2,76,2,9,4,5,8,16,8,20,1,16,,52,,1,22,9,121.5367575,25.10127821
112,1,11,16,40,2,08士林區,士林區至誠路1段芝山岩公車站前,0,0,2,1,C03,8,1,5,50,14,9,1,5,4,5,7,4,4,5,5,5,1,3,1,46,2,9,1,1,7,9,6,10,1,11,,44,,1,22,9,121.5367575,25.10127821
112,1,11,16,57,2,12內湖區,內湖區南京東路6段與新明路426巷口,0,0,1,3,H02,8,1,5,50,14,9,1,5,4,5,7,1,1,1,4,5,2,17,1,63,2,9,4,5,7,20,8,20,10,15,,67,,1,22,9,121.5790879,25.05572067
112,1,11,16,57,2,12內湖區,內湖區南京東路6段與新明路426巷口,0,0,1,1,B03,8,1,5,50,14,9,1,5,4,5,7,1,1,1,4,5,2,17,1,52,4,11,3,4,7,15,7,19,11,15,,7,,2,22,9,121.5790879,25.05572067
112,1,11,16,57,2,12內湖區,內湖區南京東路6段與新明路426巷口,0,0,1,2,B01,8,1,5,50,14,9,1,5,4,5,7,1,1,1,4,5,2,17,1,34,3,10,1,1,7,9,1,4,11,15,,44,,1,22,9,121.5790879,25.05572067
112,1,11,17,5,2,08士林區,士林區中正路與延平北路5段口,0,0,1,1,C03,7,1,5,0,4,2,4,5,4,5,7,4,4,1,4,5,1,9,4,0,4,11,3,4,7,15,7,19,11,15,,43,,2,22,9,121.5094147,25.0866066
112,1,11,17,5,2,08士林區,士林區中正路與延平北路5段口,0,0,1,2,H01,7,1,5,0,4,2,4,5,4,5,7,4,4,1,4,5,1,9,1,19,2,9,4,5,8,16,8,20,10,16,,67,,1,22,9,121.5094147,25.0866066
112,1,11,17,15,2,03中山區,中山區民權東路1段9號,0,0,1,2,C03,8,3,5,50,14,8,1,5,4,5,7,4,4,1,4,4,2,12,2,47,2,9,1,1,7,9,1,10,2,15,,43,,1,22,9,121.5233247,25.062875
112,1,11,17,15,2,03中山區,中山區民權東路1段9號,0,0,1,1,C03,8,3,5,50,14,8,1,5,4,5,7,4,4,1,4,4,2,12,1,39,3,10,1,1,7,9,1,9,2,15,,43,,1,22,9,121.5233247,25.062875
112,1,11,17,32,2,07信義區,信義區基隆路1段109-6號,0,0,1,1,B03,8,3,5,50,14,9,1,5,4,5,7,4,4,1,4,5,1,13,1,58,3,10,3,4,7,9,1,8,1,5,,23,,1,22,9,121.5669798,25.04515212
112,1,11,17,32,2,07信義區,信義區基隆路1段109-6號,0,0,1,2,C03,8,3,5,50,14,9,1,5,4,5,7,4,4,1,4,5,1,13,1,24,2,8,3,4,7,12,1,10,1,13,,44,,1,22,9,121.5669798,25.04515212
112,1,11,17,34,2,03中山區,中山區林森北路與雙城街7巷口,0,0,2,2,C03,7,3,5,50,3,1,1,5,4,5,7,4,4,10,5,5,2,11,1,39,2,8,1,4,7,9,1,10,1,11,,44,,1,22,9,121.5256458,25.0636961
112,1,11,17,34,2,03中山區,中山區林森北路與雙城街7巷口,0,0,2,1,B03,7,3,5,50,3,1,1,5,4,5,7,4,4,10,5,5,2,11,1,31,2,8,1,4,7,5,1,8,1,5,,8,,1,22,9,121.5256458,25.0636961
112,1,11,17,38,2,04大安區,大安區敦化南路2段與四維路101巷口,0,0,1,2,F01,8,2,5,30,3,1,1,5,4,5,7,4,4,9,4,5,1,15,2,49,2,1,3,4,7,11,8,20,1,16,,26,,1,22,9,121.548462,25.0321203
112,1,11,17,38,2,04大安區,大安區敦化南路2段與四維路101巷口,0,0,1,1,B01,8,2,5,30,3,1,1,5,4,5,7,4,4,9,4,5,1,15,1,69,3,10,1,4,7,9,1,4,1,1,,6,,1,22,9,121.548462,25.0321203
112,1,11,17,42,2,12內湖區,內湖區民權東路6段196號,0,0,1,2,C03,8,3,5,50,14,9,1,5,4,5,7,4,4,1,4,5,2,17,1,67,2,9,1,1,7,9,1,10,1,11,,44,,1,22,9,121.5949867,25.06857699
112,1,11,17,42,2,12內湖區,內湖區民權東路6段196號,0,0,1,1,B03,8,3,5,50,14,9,1,5,4,5,7,4,4,1,4,5,2,17,1,44,3,10,1,1,7,1,1,8,1,7,,19,,1,22,9,121.5949867,25.06857699
112,1,11,17,58,2,03中山區,中山區樂群二路與植福路口,0,0,2,3,H01,7,2,5,50,4,2,1,5,4,5,7,2,1,1,4,5,2,1,1,3,2,8,4,5,8,16,8,20,10,16,,67,,1,22,9,121.5618297,25.0801965
112,1,11,17,58,2,03中山區,中山區樂群二路與植福路口,0,0,2,1,B03,7,2,5,50,4,2,1,5,4,5,7,2,1,1,4,5,2,1,1,60,3,10,3,4,7,6,1,8,1,5,,15,,1,22,9,121.5618297,25.0801965
112,1,11,17,58,2,03中山區,中山區樂群二路與植福路口,0,0,2,2,H01,7,2,5,50,4,2,1,5,4,5,7,2,1,1,4,5,2,1,2,32,2,9,4,5,8,16,8,20,10,16,,67,,1,22,9,121.5618297,25.0801965
112,1,11,18,3,2,06松山區,松山區光復南路32巷與八德路3段158巷口,0,0,2,1,C03,8,3,5,30,5,1,1,5,4,5,7,2,1,5,5,5,2,17,2,65,2,9,3,4,7,6,1,10,1,14,,6,,1,22,9,121.5552952,25.0463965
112,1,11,18,3,2,06松山區,松山區光復南路32巷與八德路3段158巷口,0,0,2,2,C04,8,3,5,30,5,1,1,5,4,5,7,2,1,5,5,5,2,17,2,39,2,7,3,4,7,5,1,8,1,12,,23,,1,22,9,121.5552952,25.0463965
112,1,11,18,12,2,08士林區,士林區中正路與重慶北路4段口,0,0,1,1,B03,8,3,5,50,3,2,1,5,4,5,1,4,4,1,4,5,2,12,1,28,3,10,3,4,7,6,1,8,2,2,,9,,1,22,9,121.5101196,25.08670738
112,1,11,18,12,2,08士林區,士林區中正路與重慶北路4段口,0,0,1,2,C03,8,3,5,50,3,2,1,5,4,5,1,4,4,1,4,5,2,12,2,35,2,9,1,4,7,8,1,10,2,14,,44,,1,22,9,121.5101196,25.08670738
112,1,11,18,22,2,02萬華區,萬華區和平西路3段與和平西路3段382巷口,0,0,1,1,B03,8,3,5,50,4,1,1,5,4,5,7,1,1,10,5,5,1,16,1,37,3,10,3,4,7,5,1,6,1,4,,8,,1,22,9,121.4914839,25.03538905
112,1,11,18,22,2,02萬華區,萬華區和平西路3段與和平西路3段382巷口,0,0,1,2,C03,8,3,5,50,4,1,1,5,4,5,7,1,1,10,5,5,1,16,1,57,2,8,3,4,7,9,1,10,1,11,,44,,1,22,9,121.4914839,25.03538905
112,1,11,18,30,2,09北投區,北投區承德路7段401巷與承德路7段口,0,0,2,1,C03,8,3,5,60,14,9,1,5,4,5,7,4,4,9,4,5,2,18,1,20,2,9,1,1,7,12,1,10,1,14,,43,,1,22,9,121.500792,25.11993844
112,1,11,18,30,2,09北投區,北投區承德路7段401巷與承德路7段口,0,0,2,3,H02,8,3,5,60,14,9,1,5,4,5,7,4,4,9,4,5,2,18,1,16,2,8,1,1,7,20,8,20,10,16,,67,,1,22,9,121.500792,25.11993844
112,1,11,18,30,2,09北投區,北投區承德路7段401巷與承德路7段口,0,0,2,2,,8,3,5,60,14,9,1,5,4,5,7,4,4,9,4,5,2,18,3,0,,,,,,,,,,,,67,,1,,,121.500792,25.11993844
112,1,11,18,33,2,12內湖區,內湖區安康路420號前,0,0,1,1,C03,7,3,5,50,14,9,1,5,4,5,7,4,4,9,4,5,2,10,1,33,3,10,1,1,7,9,1,10,1,14,,4,,1,22,9,121.6143137,25.06631447
112,1,11,18,33,2,12內湖區,內湖區安康路420號前,0,0,1,2,C03,7,3,5,50,14,9,1,5,4,5,7,4,4,9,4,5,2,10,1,31,2,8,1,1,7,9,1,10,1,11,,44,,1,22,9,121.6143137,25.06631447
112,1,11,18,39,2,09北投區,北投區大業路與中央北路1段口,0,0,1,1,C03,7,3,5,50,4,1,1,5,4,5,7,1,1,10,5,5,2,13,1,60,2,9,1,1,7,9,1,10,1,11,,16,,1,22,9,121.4971504,25.1358762
112,1,11,18,39,2,09北投區,北投區大業路與中央北路1段口,0,0,1,2,B03,7,3,5,50,4,1,1,5,4,5,7,1,1,10,5,5,2,13,1,43,3,10,1,1,7,13,1,8,1,7,,44,,1,22,9,121.4971504,25.1358762
112,1,11,18,49,2,12內湖區,內湖區舊宗路1段與新湖三路口,0,0,1,2,C03,8,3,5,50,4,1,1,5,4,5,7,2,1,1,4,5,2,16,2,30,2,9,1,1,7,9,1,10,1,11,,44,,1,22,9,121.5766763,25.06353614
112,1,11,18,49,2,12內湖區,內湖區舊宗路1段與新湖三路口,0,0,1,1,B03,8,3,5,50,4,1,1,5,4,5,7,2,1,1,4,5,2,16,1,75,3,10,1,1,7,5,1,8,1,2,,25,,1,22,9,121.5766763,25.06353614
112,1,11,18,52,2,03中山區,中山區北安路與內湖路1段1巷口,0,0,1,1,B03,7,3,5,50,4,2,1,5,4,5,7,2,1,1,3,5,2,12,1,34,3,10,3,4,7,1,1,8,1,5,,17,,1,22,9,121.5582458,25.0847412
112,1,11,18,52,2,03中山區,中山區北安路與內湖路1段1巷口,0,0,1,2,B03,7,3,5,50,4,2,1,5,4,5,7,2,1,1,3,5,2,12,1,28,2,9,3,4,7,1,1,8,1,8,,17,,1,22,9,121.5582458,25.0847412
112,1,11,19,7,2,10文山區,文山區羅斯福路6段與三福街口,0,0,1,2,C03,8,3,5,50,4,1,1,5,4,5,7,2,1,1,4,5,2,12,1,69,2,9,1,1,7,9,1,10,2,14,,44,,1,22,9,121.5412296,24.99593592
112,1,11,19,7,2,10文山區,文山區羅斯福路6段與三福街口,0,0,1,1,B03,8,3,5,50,4,1,1,5,4,5,7,2,1,1,4,5,2,12,1,52,3,10,1,1,7,15,1,8,2,2,,17,,1,22,9,121.5412296,24.99593592
112,1,11,19,7,2,10文山區,文山區羅斯福路6段與三福街口,0,0,1,3,B03,8,3,5,50,4,1,1,5,4,5,7,2,1,1,4,5,2,12,1,58,3,10,1,1,7,11,1,8,2,15,,10,,1,22,9,121.5412296,24.99593592
112,1,11,19,22,2,03中山區,中山區松江路133巷與南京東路2段115巷口,0,0,1,1,B03,8,1,5,30,4,1,1,5,4,5,7,4,4,10,5,5,2,16,1,49,3,10,3,4,7,9,1,8,11,1,,6,,1,22,9,121.533639,25.0543609
112,1,11,19,22,2,03中山區,中山區松江路133巷與南京東路2段115巷口,0,0,1,2,C03,8,1,5,30,4,1,1,5,4,5,7,4,4,10,5,5,2,16,2,61,2,9,1,1,7,9,1,10,9,12,,14,,1,22,9,121.533639,25.0543609
112,1,11,19,35,2,08士林區,士林區雨農路與忠勇街口,0,0,1,2,C03,8,3,5,50,4,1,1,4,4,5,7,1,1,5,5,5,2,17,1,68,3,10,1,1,7,9,1,10,2,11,,6,,1,22,9,121.5324125,25.0983566
112,1,11,19,35,2,08士林區,士林區雨農路與忠勇街口,0,0,1,1,C03,8,3,5,50,4,1,1,4,4,5,7,1,1,5,5,5,2,17,1,36,2,9,1,1,7,5,1,10,2,14,,44,,1,22,9,121.5324125,25.0983566
112,1,11,19,36,2,05中正區,中正區中華路1段15號,0,0,1,2,B01,8,3,5,50,14,9,1,5,4,5,7,4,4,1,4,5,2,12,2,34,3,10,1,1,7,9,1,1,1,2,,44,,1,10,4,121.5098473,25.0468784
112,1,11,19,36,2,05中正區,中正區中華路1段15號,0,0,1,1,C03,8,3,5,50,14,9,1,5,4,5,7,4,4,1,4,5,2,12,2,23,2,9,1,1,7,7,1,10,1,14,,7,,1,18,5,121.5098473,25.0468784
112,1,11,19,58,2,11南港區,南港區民權橋與大坑街口,0,0,1,2,C03,8,3,5,50,4,1,1,5,4,5,7,4,4,5,4,5,2,16,1,22,2,7,1,1,7,9,1,10,2,14,,23,,1,21,8,121.6179257,25.0454753
112,1,11,19,58,2,11南港區,南港區民權橋與大坑街口,0,0,1,1,B03,8,3,5,50,4,1,1,5,4,5,7,4,4,5,4,5,2,16,1,46,3,10,1,1,7,6,1,8,2,2,,9,,1,21,8,121.6179257,25.0454753
112,1,11,20,3,2,04大安區,大安區忠孝東路4段與光復南路口,0,0,1,2,C04,7,3,5,50,4,3,1,5,4,5,7,2,2,1,4,5,2,16,2,21,3,10,3,4,7,9,1,10,1,12,,25,,1,22,9,121.5575788,25.04145796
112,1,11,20,3,2,04大安區,大安區忠孝東路4段與光復南路口,0,0,1,1,C03,7,3,5,50,4,3,1,5,4,5,7,2,2,1,4,5,2,16,2,63,2,6,3,4,7,1,1,10,1,11,,25,,1,22,9,121.5575788,25.04145796
112,1,11,20,8,2,10文山區,文山區和平東路4段81號,0,0,1,1,C03,8,3,5,50,14,9,1,5,4,5,7,1,1,4,5,5,1,12,1,49,3,10,1,1,7,9,1,10,1,12,,43,,1,22,9,121.5675326,25.00523864
112,1,11,20,8,2,10文山區,文山區和平東路4段81號,0,0,1,2,C03,8,3,5,50,14,9,1,5,4,5,7,1,1,4,5,5,1,12,1,46,2,8,1,1,7,9,1,10,1,14,,43,,1,22,9,121.5675326,25.00523864
112,1,11,20,12,2,10文山區,文山區汀州路4段271號前,0,0,1,2,C03,8,3,5,30,14,9,1,5,4,5,7,4,4,5,5,5,2,12,1,39,2,8,1,1,7,9,1,10,2,14,,17,,1,22,9,121.5354737,25.0013626
112,1,11,20,12,2,10文山區,文山區汀州路4段271號前,0,0,1,1,B03,8,3,5,30,14,9,1,5,4,5,7,4,4,5,5,5,2,12,1,51,3,10,1,1,7,9,1,8,5,2,,21,,1,22,9,121.5354737,25.0013626
112,1,11,20,15,2,03中山區,中山區新生北路1段64號,0,0,1,1,C03,8,3,5,50,14,9,1,5,4,5,7,1,1,1,4,5,2,13,1,34,3,10,1,1,7,7,1,10,1,13,,7,,1,22,9,121.5307384,25.04695187
112,1,11,20,15,2,03中山區,中山區新生北路1段64號,0,0,1,2,C03,8,3,5,50,14,9,1,5,4,5,7,1,1,1,4,5,2,13,1,60,2,9,1,1,7,9,1,10,1,14,,42,,1,22,9,121.5307384,25.04695187
112,1,11,20,30,2,09北投區,北投區承德路7段與石牌路1段口,0,0,2,1,C03,8,3,5,50,14,9,1,5,4,5,7,1,1,9,4,5,2,13,1,67,2,9,1,1,7,9,1,10,1,11,,23,,1,22,9,121.509616,25.11268634
112,1,11,20,30,2,09北投區,北投區承德路7段與石牌路1段口,0,0,2,2,C03,8,3,5,50,14,9,1,5,4,5,7,1,1,9,4,5,2,13,1,48,2,9,1,1,7,14,1,10,1,13,,44,,1,22,9,121.509616,25.11268634
112,1,11,20,39,2,03中山區,中山區松江路562號與民族東路口,0,0,1,2,C03,7,3,5,50,3,1,1,5,4,5,7,4,4,1,4,5,2,12,1,32,2,9,3,4,7,9,1,10,1,14,,42,,1,22,9,121.5326365,25.0681587
112,1,11,20,39,2,03中山區,中山區松江路562號與民族東路口,0,0,1,1,B03,7,3,5,50,3,1,1,5,4,5,7,4,4,1,4,5,2,12,1,29,3,10,3,4,7,6,1,8,1,2,,9,,1,22,9,121.5326365,25.0681587
112,1,11,20,39,2,06松山區,松山區民權東路4段與敦化北路口,0,0,1,1,C03,8,3,5,50,14,9,1,5,4,5,7,1,1,9,4,5,2,12,1,32,3,10,1,1,7,9,1,10,1,12,,23,,1,22,9,121.550464,25.06148913