發生年度,發生月,發生日,發生時-Hours,發生分,處理別-編號,區序,肇事地點,死亡人數,2-30日死亡人數,受傷人數,當事人序號,車種,天候,光線,道路類別,速限-速度限制,道路型態,事故位置,路面狀況1,路面狀況2,路面狀況3,道路障礙1,道路障礙2,號誌1,號誌2,車道劃分-分向,車道劃分-分道1,車道劃分-分道2,車道劃分-分道3,事故類型及型態,性別,年齡,受傷程度,主要傷處,保護裝置,行動電話,車輛用途,當事者行動狀態,駕駛資格情形,駕駛執照種類,飲酒情形,車輛撞擊部位1,車輛撞擊部位2,肇因碼-個別,肇因碼-主要,個人肇逃否,職業,旅次目的,座標-X,座標-Y
112,1,11,20,39,2,06松山區,松山區民權東路4段與敦化北路口,0,0,1,2,C03,8,3,5,50,14,9,1,5,4,5,7,1,1,9,4,5,2,12,1,42,2,8,1,1,7,14,1,10,1,14,,14,,1,22,9,121.550464,25.06148913
112,1,11,20,56,2,02萬華區,無名巷(長沙街二段129號前),0,0,1,1,C03,8,3,5,30,4,1,1,5,4,5,7,4,4,5,5,5,2,15,1,55,2,9,1,4,7,9,1,10,2,12,,6,,1,22,9,121.502726,25.04047258
112,1,11,20,56,2,02萬華區,無名巷(長沙街二段129號前),0,0,1,2,B01,8,3,5,30,4,1,1,5,4,5,7,4,4,5,5,5,2,15,1,39,3,10,1,4,7,9,1,4,2,8,,44,,1,22,9,121.502726,25.04047258
112,1,11,20,56,2,03中山區,中山區樂群一路與敬業三路口,0,0,1,1,B03,8,3,5,50,3,2,1,5,4,5,7,2,1,3,4,5,1,16,1,55,3,10,3,4,7,5,1,8,1,2,,25,,1,22,9,121.5563246,25.077199
112,1,11,20,56,2,03中山區,中山區樂群一路與敬業三路口,0,0,1,2,C03,8,3,5,50,3,2,1,5,4,5,7,2,1,3,4,5,1,16,1,25,2,8,3,4,7,9,1,10,1,11,,13,,1,22,9,121.5563246,25.077199
112,1,11,21,15,2,12內湖區,內湖區安康路32巷21弄19號,0,0,1,1,C03,8,1,5,30,14,9,1,3,4,5,7,4,4,10,5,5,1,17,1,34,2,9,3,4,7,9,1,10,1,12,,13,,1,22,9,121.595089,25.0622156
112,1,11,21,15,2,12內湖區,內湖區安康路32巷21弄19號,0,0,1,2,A12,8,1,5,30,14,9,1,3,4,5,7,4,4,10,5,5,1,17,1,44,3,10,3,4,7,2,1,3,1,15,,44,,1,22,9,121.595089,25.0622156
112,1,11,21,15,2,12內湖區,內湖區安康路32巷21弄19號,0,0,1,3,,8,1,5,30,14,9,1,3,4,5,7,4,4,10,5,5,1,17,3,0,,,,,,,,,,,,67,,1,,,121.595089,25.0622156
112,1,11,21,20,2,09北投區,北投區文化三路18號,0,0,1,1,B03,8,3,5,30,14,9,1,5,4,5,7,4,4,9,4,5,2,9,1,62,3,10,1,1,7,6,1,8,1,2,,15,,1,22,9,121.4979878,25.13781052
112,1,11,21,20,2,09北投區,北投區文化三路18號,0,0,1,2,H01,8,3,5,30,14,9,1,5,4,5,7,4,4,9,4,5,2,9,1,68,2,8,4,5,8,16,8,20,10,16,,67,,1,22,9,121.4979878,25.13781052
112,1,11,21,47,2,06松山區,松山區市民大道4段215號,0,0,2,2,B03,8,3,5,40,14,9,1,5,4,5,7,4,4,1,3,5,2,16,1,69,3,10,1,1,7,9,1,6,1,4,,44,,1,22,9,121.5531611,25.04455081
112,1,11,21,47,2,06松山區,松山區市民大道4段215號,0,0,2,3,H02,8,3,5,40,14,9,1,5,4,5,7,4,4,1,3,5,2,16,2,20,2,9,1,5,7,21,8,20,10,16,,67,,1,22,9,121.5531611,25.04455081
112,1,11,21,47,2,06松山區,松山區市民大道4段215號,0,0,2,1,C03,8,3,5,40,14,9,1,5,4,5,7,4,4,1,3,5,2,16,2,21,2,9,1,1,7,11,1,10,1,12,,6,,1,22,9,121.5531611,25.04455081
112,1,11,22,23,2,07信義區,信義區忠孝東路5段與松信路口,0,0,2,1,C03,7,3,5,50,4,2,1,5,4,5,7,2,1,9,4,5,1,3,1,35,2,7,3,4,7,9,1,10,1,12,,25,,1,22,9,121.5718836,25.0408126
112,1,11,22,23,2,07信義區,信義區忠孝東路5段與松信路口,0,0,2,2,H01,7,3,5,50,4,2,1,5,4,5,7,2,1,9,4,5,1,3,2,27,2,7,4,5,8,16,8,20,10,16,,67,,1,22,9,121.5718836,25.0408126
112,1,11,22,32,2,11南港區,南港區市民大道7段與向陽路口,0,0,1,1,B03,8,3,5,50,4,1,1,5,4,5,7,2,1,1,4,5,2,16,2,22,3,10,1,1,7,7,1,8,2,4,,7,,1,21,8,121.5957804,25.0515061
112,1,11,22,32,2,11南港區,南港區市民大道7段與向陽路口,0,0,1,2,C03,8,3,5,50,4,1,1,5,4,5,7,2,1,1,4,5,2,16,2,36,2,9,1,1,7,9,1,10,2,12,,44,,1,21,8,121.5957804,25.0515061
112,1,11,22,38,2,09北投區,北投區公館路與溫泉路30巷口口,0,0,3,1,C03,8,3,5,50,4,1,1,5,4,5,7,4,4,5,5,5,2,17,2,38,2,8,1,1,7,1,1,10,2,11,,19,,1,22,9,121.5030228,25.1330523
112,1,11,22,38,2,09北投區,北投區公館路與溫泉路30巷口口,0,0,3,2,C03,8,3,5,50,4,1,1,5,4,5,7,4,4,5,5,5,2,17,1,18,2,9,1,1,7,9,1,10,2,11,,13,,1,22,9,121.5030228,25.1330523
112,1,11,22,38,2,09北投區,北投區公館路與溫泉路30巷口口,0,0,3,3,H02,8,3,5,50,4,1,1,5,4,5,7,4,4,5,5,5,2,17,1,17,2,9,4,5,7,20,8,20,10,16,,67,,1,22,9,121.5030228,25.1330523
112,1,11,22,38,2,09北投區,北投區公館路與溫泉路30巷口口,0,0,3,5,C03,8,3,5,50,4,1,1,5,4,5,7,4,4,5,5,5,2,17,1,42,4,11,3,4,7,21,7,19,11,15,,44,,1,22,9,121.5030228,25.1330523
112,1,11,22,38,2,09北投區,北投區公館路與溫泉路30巷口口,0,0,3,4,C03,8,3,5,50,4,1,1,5,4,5,7,4,4,5,5,5,2,17,1,26,4,11,3,4,7,21,7,19,11,15,,44,,1,22,9,121.5030228,25.1330523
112,1,11,22,38,2,09北投區,北投區公館路與溫泉路30巷口口,0,0,3,7,C03,8,3,5,50,4,1,1,5,4,5,7,4,4,5,5,5,2,17,2,35,4,11,3,4,7,21,7,19,11,15,,44,,1,22,9,121.5030228,25.1330523
112,1,11,22,38,2,09北投區,北投區公館路與溫泉路30巷口口,0,0,3,6,C03,8,3,5,50,4,1,1,5,4,5,7,4,4,5,5,5,2,17,1,64,4,11,3,4,7,21,7,19,11,15,,44,,1,22,9,121.5030228,25.1330523
112,1,11,23,8,2,06松山區,松山區八德路2段342號,0,0,1,2,C04,8,3,8,50,15,22,1,5,4,5,7,4,4,5,4,5,2,17,1,27,2,9,3,4,7,9,1,10,2,12,,44,,1,22,9,121.5444376,25.04766682
112,1,11,23,8,2,06松山區,松山區八德路2段342號,0,0,1,1,B01,8,3,8,50,15,22,1,5,4,5,7,4,4,5,4,5,2,17,1,52,3,10,3,4,7,5,1,4,2,8,,8,,1,22,9,121.5444376,25.04766682
112,1,11,23,54,2,04大安區,大安區辛亥路2段與復興南路2段口,0,0,1,1,B03,8,3,5,50,4,1,1,5,4,5,7,2,1,9,4,5,1,16,1,27,3,10,3,4,7,9,1,8,1,2,,25,,1,22,9,121.5432996,25.0214757
112,1,11,23,54,2,04大安區,大安區辛亥路2段與復興南路2段口,0,0,1,2,C03,8,3,5,50,4,1,1,5,4,5,7,2,1,9,4,5,1,16,1,28,2,7,1,1,7,9,1,10,1,11,,23,,1,22,9,121.5432996,25.0214757
112,1,12,1,6,2,03中山區,中山區民權東路3段86號,0,0,1,2,C03,8,3,5,50,14,9,1,5,4,5,7,4,4,1,4,5,2,12,1,31,2,8,3,4,7,9,1,10,1,14,,44,,1,22,9,121.5437425,25.06223873
112,1,12,1,6,2,03中山區,中山區民權東路3段86號,0,0,1,1,B01,8,3,5,50,14,9,1,5,4,5,7,4,4,1,4,5,2,12,1,64,3,10,3,4,7,9,1,4,1,2,,23,,1,22,9,121.5437425,25.06223873
112,1,12,1,25,2,04大安區,大安區市民大道4段與復興南路1段107巷5弄口,0,0,2,1,C04,8,3,5,40,3,2,1,5,4,5,7,4,4,9,4,5,1,16,1,35,2,7,1,1,7,6,1,10,1,12,,9,,1,22,9,121.5444926,25.0448034
112,1,12,1,25,2,04大安區,大安區市民大道4段與復興南路1段107巷5弄口,0,0,2,2,C04,8,3,5,40,3,2,1,5,4,5,7,4,4,9,4,5,1,16,1,30,2,7,1,1,7,9,1,10,1,14,,23,,1,22,9,121.5444926,25.0448034
112,1,12,6,8,2,12內湖區,內湖區舊宗路2段2號對面,0,0,1,1,C03,7,3,5,50,14,9,1,5,4,5,7,1,1,1,1,4,1,12,2,67,2,9,1,1,7,8,1,10,2,12,,26,,1,22,9,121.574865,25.06610238
112,1,12,6,8,2,12內湖區,內湖區舊宗路2段2號對面,0,0,1,2,B12,7,3,5,50,14,9,1,5,4,5,7,1,1,1,1,4,1,12,1,60,3,10,1,1,7,1,1,8,2,8,,44,,1,22,9,121.574865,25.06610238
112,1,12,6,21,2,01大同區,大同區民生西路與民樂街口,0,0,1,2,B03,8,1,5,50,4,2,1,5,4,5,7,2,1,5,5,5,2,16,1,14,2,7,1,1,7,9,2,18,2,8,,23,,1,22,9,121.5109562,25.05696366
112,1,12,6,21,2,01大同區,大同區民生西路與民樂街口,0,0,1,1,B03,8,1,5,50,4,2,1,5,4,5,7,2,1,5,5,5,2,16,1,57,3,10,1,1,7,8,1,8,2,6,,7,,1,22,9,121.5109562,25.05696366
112,1,12,7,20,2,04大安區,大安區市民大道4段與大安路1段口,0,0,2,1,C03,8,1,5,40,14,9,1,5,4,5,7,4,4,1,5,5,2,13,1,24,2,8,1,1,7,9,1,10,1,11,,16,,1,22,9,121.5467777,25.04494448
112,1,12,7,20,2,04大安區,大安區市民大道4段與大安路1段口,0,0,2,2,C03,8,1,5,40,14,9,1,5,4,5,7,4,4,1,5,5,2,13,2,46,2,9,1,1,7,12,1,10,1,13,,44,,1,22,9,121.5467777,25.04494448
112,1,12,7,20,2,04大安區,大安區市民大道4段與大安路1段口,0,0,2,3,B03,8,1,5,40,14,9,1,5,4,5,7,4,4,1,5,5,2,13,1,49,3,10,1,1,7,8,1,8,9,15,,7,,1,22,9,121.5467777,25.04494448
112,1,12,7,26,2,10文山區,文山區興隆路4段第118號停車格,0,0,1,2,C03,8,1,5,50,14,9,1,5,4,5,7,4,4,1,3,5,2,12,1,52,2,7,1,1,7,9,1,10,2,15,,44,,1,22,9,121.5593272,24.99033006
112,1,12,7,26,2,10文山區,文山區興隆路4段第118號停車格,0,0,1,3,H02,8,1,5,50,14,9,1,5,4,5,7,4,4,1,3,5,2,12,1,13,3,10,4,5,7,19,8,20,10,15,,56,,1,22,9,121.5593272,24.99033006
112,1,12,7,26,2,10文山區,文山區興隆路4段第118號停車格,0,0,1,1,B03,8,1,5,50,14,9,1,5,4,5,7,4,4,1,3,5,2,12,1,52,3,10,1,1,7,14,1,8,2,2,,38,,1,22,9,121.5593272,24.99033006
112,1,12,7,41,2,04大安區,大安區辛亥路3段81號,0,0,1,1,B01,8,1,5,50,14,9,1,5,4,5,7,4,4,9,4,5,1,12,1,65,3,10,1,4,7,8,1,4,2,6,,7,,1,22,9,121.5463837,25.0197644
112,1,12,7,41,2,04大安區,大安區辛亥路3段81號,0,0,1,2,C03,8,1,5,50,14,9,1,5,4,5,7,4,4,9,4,5,1,12,1,64,2,9,1,4,7,9,6,10,8,11,,21,,1,22,9,121.5463837,25.0197644
112,1,12,7,50,2,02萬華區,萬華區忠孝橋往台北市下橋處,0,0,1,2,C03,8,1,5,50,8,9,1,5,4,5,7,4,4,1,5,5,2,16,2,51,2,9,1,1,7,9,1,10,1,12,,44,,1,22,9,121.506601,25.04882032
112,1,12,7,50,2,02萬華區,萬華區忠孝橋往台北市下橋處,0,0,1,1,C03,8,1,5,50,8,9,1,5,4,5,7,4,4,1,5,5,2,16,1,32,3,10,1,1,7,7,1,10,1,14,,7,,1,22,9,121.506601,25.04882032
112,1,12,8,6,2,05中正區,中正區貴陽街1段與懷寧街口,0,0,2,1,C03,8,1,5,50,3,1,1,5,4,5,7,4,4,9,5,5,1,12,2,49,2,9,1,1,7,5,1,10,2,14,,8,,1,22,9,121.5136827,25.0387125
112,1,12,8,6,2,05中正區,中正區貴陽街1段與懷寧街口,0,0,2,2,C03,8,1,5,50,3,1,1,5,4,5,7,4,4,9,5,5,1,12,2,36,2,9,1,1,7,9,1,10,2,11,,4,,1,22,9,121.5136827,25.0387125
112,1,12,8,7,2,04大安區,大安區和平東路3段與樂業街口,0,0,1,2,C03,8,1,5,50,3,1,1,5,4,5,7,4,4,1,4,5,1,12,1,30,2,9,3,4,7,9,1,10,1,11,,44,,1,22,9,121.5498578,25.0244367
112,1,12,8,7,2,04大安區,大安區和平東路3段與樂業街口,0,0,1,1,B01,8,1,5,50,3,1,1,5,4,5,7,4,4,1,4,5,1,12,1,65,3,10,3,4,7,6,1,1,1,7,,9,,1,22,9,121.5498578,25.0244367
112,1,12,8,8,2,03中山區,中山區濱江街152-7號,0,0,1,2,B03,8,1,5,50,14,9,1,5,4,5,7,4,4,1,4,4,2,13,2,54,3,10,3,4,7,14,1,8,1,7,,44,,1,22,9,121.5370715,25.07249643
112,1,12,8,8,2,03中山區,中山區濱江街152-7號,0,0,1,1,C03,8,1,5,50,14,9,1,5,4,5,7,4,4,1,4,4,2,13,1,45,2,9,3,4,7,9,1,10,1,11,,23,,1,22,9,121.5370715,25.07249643
112,1,12,8,14,2,09北投區,北投區承德路6段第02號停車格前,0,0,2,3,A31,8,1,5,40,14,8,1,5,4,5,7,4,4,1,4,4,1,12,1,55,3,10,1,1,7,13,1,1,1,4,,38,,1,22,9,121.5129559,25.09892835
112,1,12,8,14,2,09北投區,北投區承德路6段第02號停車格前,0,0,2,2,C03,8,1,5,40,14,8,1,5,4,5,7,4,4,1,4,4,1,12,2,69,2,9,1,1,7,9,1,10,1,12,,44,,1,22,9,121.5129559,25.09892835
112,1,12,8,14,2,09北投區,北投區承德路6段第02號停車格前,0,0,2,1,C03,8,1,5,40,14,8,1,5,4,5,7,4,4,1,4,4,1,12,1,20,2,9,1,1,7,7,1,10,1,11,,7,,1,22,9,121.5129559,25.09892835
112,1,12,8,15,2,02萬華區,萬華區東園街14巷與東園街口,0,0,1,1,C03,8,1,5,30,3,2,1,5,4,5,7,4,4,5,2,5,2,16,2,54,2,9,1,1,7,5,1,10,1,11,,6,,1,22,9,121.4956116,25.02779704
112,1,12,8,15,2,02萬華區,萬華區東園街14巷與東園街口,0,0,1,2,B03,8,1,5,30,3,2,1,5,4,5,7,4,4,5,2,5,2,16,1,67,3,10,1,1,7,9,1,8,1,7,,23,,1,22,9,121.4956116,25.02779704
112,1,12,8,17,2,01大同區,大同區民權西路與蘭州街口,0,0,1,1,C03,8,1,5,50,4,1,1,5,4,5,7,2,1,1,2,5,2,12,1,19,3,10,1,4,7,9,1,10,2,12,,17,,1,22,9,121.5146968,25.06288708
112,1,12,8,17,2,01大同區,大同區民權西路與蘭州街口,0,0,1,2,C03,8,1,5,50,4,1,1,5,4,5,7,2,1,1,2,5,2,12,2,34,2,9,1,4,7,9,1,10,2,14,,17,,1,22,9,121.5146968,25.06288708
112,1,12,8,26,2,03中山區,中山區建國北路2段17號前迴轉道,0,0,1,1,B02,8,1,5,50,3,1,1,5,4,5,7,4,4,1,3,5,1,16,1,32,3,10,3,4,7,5,1,8,1,5,,8,,1,22,9,121.5370759,25.05399931
112,1,12,8,26,2,03中山區,中山區建國北路2段17號前迴轉道,0,0,1,2,C03,8,1,5,50,3,1,1,5,4,5,7,4,4,1,3,5,1,16,1,46,2,9,3,4,7,9,1,10,1,14,,30,,1,22,9,121.5370759,25.05399931
112,1,12,8,27,2,08士林區,士林區中正路與中正路212巷口,0,0,1,2,C03,8,1,5,50,4,1,1,5,4,5,7,2,1,1,4,5,1,16,1,20,2,9,1,1,7,9,1,10,1,11,,44,,1,22,9,121.5263371,25.0953789
112,1,12,8,27,2,08士林區,士林區中正路與中正路212巷口,0,0,1,1,B03,8,1,5,50,4,1,1,5,4,5,7,2,1,1,4,5,1,16,2,31,3,10,1,1,7,5,1,8,1,2,,6,,1,22,9,121.5263371,25.0953789
112,1,12,9,6,2,04大安區,大安區信義路4段與敦化南路2段口,0,0,1,2,C03,8,1,5,50,4,2,1,5,4,5,7,1,1,10,5,5,2,13,1,34,2,8,1,1,7,12,1,10,1,13,,44,,1,22,9,121.5483216,25.0331779
112,1,12,9,6,2,04大安區,大安區信義路4段與敦化南路2段口,0,0,1,1,B03,8,1,5,50,4,2,1,5,4,5,7,1,1,10,5,5,2,13,1,58,3,10,1,1,7,12,1,8,1,1,,16,,1,22,9,121.5483216,25.0331779
112,1,12,9,8,2,07信義區,信義區基隆路2段與基隆路2段79巷口,0,0,2,1,C03,8,1,5,50,14,9,1,5,4,5,7,4,4,3,4,5,2,13,1,19,2,8,1,1,7,9,1,10,1,11,,16,,1,22,9,121.5579629,25.0302004
112,1,12,9,8,2,07信義區,信義區基隆路2段與基隆路2段79巷口,0,0,2,2,C03,8,1,5,50,14,9,1,5,4,5,7,4,4,3,4,5,2,13,2,37,2,8,1,1,7,6,1,10,1,13,,44,,1,22,9,121.5579629,25.0302004
112,1,12,9,10,2,07信義區,信義區信安街67巷81號,0,0,1,1,B03,8,1,5,50,14,8,1,5,4,5,7,4,4,9,4,4,2,12,1,60,3,10,3,4,7,6,1,8,1,5,,6,,1,22,9,121.559344,25.0259129
112,1,12,9,10,2,07信義區,信義區信安街67巷81號,0,0,1,2,C03,8,1,5,50,14,8,1,5,4,5,7,4,4,9,4,4,2,12,1,36,2,9,3,4,7,9,3,18,1,14,,23,,1,22,9,121.559344,25.0259129
112,1,12,9,10,2,07信義區,信義區基隆路1段與永吉路口,0,0,1,1,C03,8,1,5,50,14,9,1,5,4,5,7,4,4,1,3,5,1,18,2,24,2,9,1,4,7,9,1,10,1,14,,23,,1,22,9,121.5675838,25.0460572
112,1,12,9,10,2,07信義區,信義區基隆路1段與永吉路口,0,0,1,2,,8,1,5,50,14,9,1,5,4,5,7,4,4,1,3,5,1,18,3,0,,,,,,,,,,,,67,,1,,,121.5675838,25.0460572
112,1,12,9,16,2,03中山區,中山區復興北路422號,0,0,1,2,C03,8,1,5,50,15,9,1,5,4,5,7,4,4,1,4,5,1,17,1,21,2,9,1,1,7,6,1,10,1,12,,44,,1,22,9,121.5441412,25.06272726
112,1,12,9,16,2,03中山區,中山區復興北路422號,0,0,1,1,C03,8,1,5,50,15,9,1,5,4,5,7,4,4,1,4,5,1,17,2,26,3,10,1,1,7,9,1,10,1,11,,23,,1,22,9,121.5441412,25.06272726
112,1,12,9,57,2,06松山區,松山區民生東路3段158號,0,0,1,1,B01,8,1,5,50,14,9,1,5,4,5,7,4,4,3,4,5,2,12,1,52,3,10,1,1,7,8,1,4,2,2,,7,,1,22,9,121.5479641,25.05763651
112,1,12,9,57,2,06松山區,松山區民生東路3段158號,0,0,1,2,C03,8,1,5,50,14,9,1,5,4,5,7,4,4,3,4,5,2,12,2,77,2,9,1,1,7,7,1,10,2,14,,7,,1,22,9,121.5479641,25.05763651
112,1,12,10,0,2,03中山區,中山區建國北路2段3巷與建國北路2段口,0,0,1,3,F01,8,1,5,50,4,2,1,5,4,5,7,4,4,1,3,5,1,13,1,28,3,10,1,1,7,11,8,20,2,16,,25,,1,22,9,121.5370401,25.05217059
112,1,12,10,0,2,03中山區,中山區建國北路2段3巷與建國北路2段口,0,0,1,1,C03,8,1,5,50,4,2,1,5,4,5,7,4,4,1,3,5,1,13,1,23,2,9,3,4,7,9,1,10,2,11,,16,,1,22,9,121.5370401,25.05217059
112,1,12,10,0,2,03中山區,中山區建國北路2段3巷與建國北路2段口,0,0,1,2,C03,8,1,5,50,4,2,1,5,4,5,7,4,4,1,3,5,1,13,1,38,3,10,3,4,7,9,1,8,2,13,,44,,1,22,9,121.5370401,25.05217059
112,1,12,10,15,2,07信義區,信義區信義路5段與松德路口,0,0,1,2,C03,8,1,5,0,4,2,1,5,4,5,7,2,1,1,4,5,2,17,1,21,2,9,1,1,7,9,3,18,1,11,,44,,1,22,9,121.5745359,25.0334144
112,1,12,10,15,2,07信義區,信義區信義路5段與松德路口,0,0,1,1,B02,8,1,5,0,4,2,1,5,4,5,7,2,1,1,4,5,2,17,1,30,3,10,1,1,7,6,1,8,1,2,,9,,1,22,9,121.5745359,25.0334144
112,1,12,10,19,2,08士林區,士林區通河西街1段與堤外便道1段口堤外便道(百齡堤外槌球停車場),0,0,2,1,C03,8,1,5,50,3,2,1,5,4,5,7,4,4,10,5,5,1,13,1,19,2,9,3,4,7,9,1,10,1,11,,16,,1,22,9,121.51276,25.08534457
112,1,12,10,19,2,08士林區,士林區通河西街1段與堤外便道1段口堤外便道(百齡堤外槌球停車場),0,0,2,4,,8,1,5,50,3,2,1,5,4,5,7,4,4,10,5,5,1,13,3,0,,,,,,,,,,,,67,,1,,,121.51276,25.08534457
112,1,12,10,19,2,08士林區,士林區通河西街1段與堤外便道1段口堤外便道(百齡堤外槌球停車場),0,0,2,3,B03,8,1,5,50,3,2,1,5,4,5,7,4,4,10,5,5,1,13,1,66,3,10,3,4,7,9,1,8,1,15,,42,,1,22,9,121.51276,25.08534457
112,1,12,10,19,2,08士林區,士林區通河西街1段與堤外便道1段口堤外便道(百齡堤外槌球停車場),0,0,2,2,C03,8,1,5,50,3,2,1,5,4,5,7,4,4,10,5,5,1,13,1,62,2,9,3,4,7,9,1,10,1,13,,44,,1,22,9,121.51276,25.08534457
112,1,12,10,25,2,11南港區,南港區忠孝東路7段台北流行音樂中心文化館(避車彎),0,0,2,2,C04,8,1,5,40,14,11,1,5,4,5,7,4,4,9,4,5,2,13,2,23,2,8,1,1,7,6,1,10,1,12,,9,,1,22,9,121.5978164,25.05114413
112,1,12,10,25,2,11南港區,南港區忠孝東路7段台北流行音樂中心文化館(避車彎),0,0,2,1,C04,8,1,5,40,14,11,1,5,4,5,7,4,4,9,4,5,2,13,2,60,2,8,1,1,7,9,1,10,1,11,,23,,1,22,9,121.5978164,25.05114413
112,1,12,10,30,2,04大安區,大安區和平東路1段與金山南路2段口,0,0,2,1,C03,8,1,5,50,4,2,1,5,4,5,7,4,4,1,4,5,2,13,1,64,2,9,1,1,7,9,1,10,1,11,,23,,1,22,9,121.5256324,25.0267625
112,1,12,10,30,2,04大安區,大安區和平東路1段與金山南路2段口,0,0,2,3,H02,8,1,5,50,4,2,1,5,4,5,7,4,4,1,4,5,2,13,2,65,2,9,4,5,7,21,8,20,10,15,,67,,1,22,9,121.5256324,25.0267625
112,1,12,10,30,2,04大安區,大安區和平東路1段與金山南路2段口,0,0,2,2,C03,8,1,5,50,4,2,1,5,4,5,7,4,4,1,4,5,2,13,1,18,3,10,1,1,7,14,1,10,1,13,,44,,1,22,9,121.5256324,25.0267625
112,1,12,10,43,2,05中正區,中正區愛國東路與羅斯福路1段附近口,0,0,2,1,B12,8,1,5,40,4,2,1,5,4,5,7,1,1,1,4,5,1,17,1,72,3,10,1,1,7,15,1,8,1,7,,26,,1,22,9,121.5173239,25.03453786
112,1,12,10,43,2,05中正區,中正區愛國東路與羅斯福路1段附近口,0,0,2,3,C03,8,1,5,40,4,2,1,5,4,5,7,1,1,1,4,5,1,17,2,28,2,9,1,1,7,9,1,10,1,12,,44,,1,22,9,121.5173239,25.03453786
112,1,12,10,43,2,05中正區,中正區愛國東路與羅斯福路1段附近口,0,0,2,2,C03,8,1,5,40,4,2,1,5,4,5,7,1,1,1,4,5,1,17,1,25,2,8,1,1,7,9,1,10,1,12,,42,,1,22,9,121.5173239,25.03453786
112,1,12,10,50,2,06松山區,松山區延壽街與塔悠路口,0,0,1,2,C03,8,1,5,40,14,7,1,5,4,5,7,4,4,3,4,4,2,17,1,18,2,9,1,1,7,9,1,10,1,11,,13,,1,22,9,121.5694185,25.05735841
112,1,12,10,50,2,06松山區,松山區延壽街與塔悠路口,0,0,1,1,B12,8,1,5,40,14,7,1,5,4,5,7,4,4,3,4,4,2,17,1,67,3,10,1,1,7,1,1,8,1,7,,19,,1,22,9,121.5694185,25.05735841
112,1,12,11,13,2,03中山區,中山區市民大道2段與林森北路口,0,0,1,2,C03,8,1,5,40,4,2,1,5,4,5,7,2,1,10,2,5,2,16,1,39,2,9,3,4,7,9,1,9,1,14,,44,,1,22,9,121.5243577,25.0479182
112,1,12,11,13,2,03中山區,中山區市民大道2段與林森北路口,0,0,1,1,B03,8,1,5,40,4,2,1,5,4,5,7,2,1,10,2,5,2,16,1,64,3,10,3,4,7,6,1,8,1,2,,9,,1,22,9,121.5243577,25.0479182
112,1,12,11,18,2,10文山區,文山區老泉街005號燈桿,0,0,1,1,B03,8,1,5,50,11,9,1,5,4,5,7,4,4,8,5,5,2,10,2,24,3,10,1,1,7,9,1,8,11,5,,23,,1,22,9,121.567271,24.97979448
112,1,12,11,18,2,10文山區,文山區老泉街005號燈桿,0,0,1,2,C03,8,1,5,50,11,9,1,5,4,5,7,4,4,8,5,5,2,10,1,21,2,8,1,1,7,9,1,10,11,11,,23,,1,22,9,121.567271,24.97979448
112,1,12,11,20,2,08士林區,士林區福林路西向東 NO.1100205燈桿,0,0,1,1,B03,8,1,5,50,14,9,1,5,4,5,7,4,4,9,5,5,1,13,2,35,3,10,1,1,7,9,1,8,1,1,,23,,1,22,9,121.5298753,25.09490096
112,1,12,11,20,2,08士林區,士林區福林路西向東 NO.1100205燈桿,0,0,1,2,B12,8,1,5,50,14,9,1,5,4,5,7,4,4,9,5,5,1,13,1,58,3,10,1,1,7,14,1,8,1,3,,44,,1,22,9,121.5298753,25.09490096
112,1,12,11,20,2,08士林區,士林區福林路西向東 NO.1100205燈桿,0,0,1,3,H02,8,1,5,50,14,9,1,5,4,5,7,4,4,9,5,5,1,13,2,2,2,1,4,5,7,20,8,20,10,16,,67,,1,22,9,121.5298753,25.09490096
112,1,12,11,22,2,07信義區,信義區基隆路1段434號,0,0,1,1,C03,8,1,5,50,14,9,1,5,4,5,7,4,4,1,4,5,1,13,2,55,2,8,1,4,7,9,1,10,1,11,,23,,1,22,9,121.5600739,25.0340193
112,1,12,11,22,2,07信義區,信義區基隆路1段434號,0,0,1,2,B01,8,1,5,50,14,9,1,5,4,5,7,4,4,1,4,5,1,13,2,54,3,10,3,4,7,14,1,4,1,3,,44,,1,22,9,121.5600739,25.0340193
112,1,12,11,45,2,03中山區,中山區民族東路與濱江街180巷口,0,0,1,1,B03,8,1,5,50,4,1,1,5,4,5,7,1,1,1,4,4,2,12,1,31,3,10,1,1,7,6,1,8,1,2,,6,,1,22,9,121.5382123,25.0682242
112,1,12,11,45,2,03中山區,中山區民族東路與濱江街180巷口,0,0,1,2,C04,8,1,5,50,4,1,1,5,4,5,7,1,1,1,4,4,2,12,2,24,2,7,1,1,7,9,1,8,1,14,,44,,1,22,9,121.5382123,25.0682242
112,1,12,11,53,2,07信義區,信義區松智路9巷松壽廣場地下停車場出口,0,0,1,2,C03,8,1,5,30,14,9,1,5,4,5,7,4,4,10,5,5,2,10,1,43,2,8,1,1,7,9,1,10,1,12,,44,,1,22,9,121.5658455,25.0378829
112,1,12,11,53,2,07信義區,信義區松智路9巷松壽廣場地下停車場出口,0,0,1,1,B03,8,1,5,30,14,9,1,5,4,5,7,4,4,10,5,5,2,10,2,42,3,10,1,1,7,9,1,8,1,1,,6,,1,22,9,121.5658455,25.0378829
112,1,12,11,59,2,12內湖區,內湖區民權東路6段11巷與舊宗路2段口,0,0,2,1,C03,8,1,5,50,3,2,1,5,4,5,7,2,1,1,4,5,2,17,1,42,2,9,1,1,7,8,1,10,1,13,,7,,1,22,9,121.574813,25.0674047
112,1,12,11,59,2,12內湖區,內湖區民權東路6段11巷與舊宗路2段口,0,0,2,2,C03,8,1,5,50,3,2,1,5,4,5,7,2,1,1,4,5,2,17,2,21,2,9,1,1,7,9,1,10,1,11,,44,,1,22,9,121.574813,25.0674047