發生年度,發生月,發生日,發生時-Hours,發生分,處理別-編號,區序,肇事地點,死亡人數,2-30日死亡人數,受傷人數,當事人序號,車種,天候,光線,道路類別,速限-速度限制,道路型態,事故位置,路面狀況1,路面狀況2,路面狀況3,道路障礙1,道路障礙2,號誌1,號誌2,車道劃分-分向,車道劃分-分道1,車道劃分-分道2,車道劃分-分道3,事故類型及型態,性別,年齡,受傷程度,主要傷處,保護裝置,行動電話,車輛用途,當事者行動狀態,駕駛資格情形,駕駛執照種類,飲酒情形,車輛撞擊部位1,車輛撞擊部位2,肇因碼-個別,肇因碼-主要,個人肇逃否,職業,旅次目的,座標-X,座標-Y
112,1,12,12,3,2,08士林區,士林區中正路247巷捷運士林站1號口,0,0,1,1,B01,8,1,5,50,14,9,1,5,4,5,7,4,4,9,5,5,1,3,1,69,3,10,1,1,7,1,1,4,1,1,,23,,1,21,8,121.525823,25.09421664
112,1,12,12,3,2,08士林區,士林區中正路247巷捷運士林站1號口,0,0,1,2,H01,8,1,5,50,14,9,1,5,4,5,7,4,4,9,5,5,1,3,2,97,2,9,4,5,8,16,8,20,10,16,,51,,1,21,8,121.525823,25.09421664
112,1,12,12,15,2,12內湖區,內湖區安康路22巷與安康路25巷口,0,0,1,2,B03,8,1,5,50,4,1,1,5,4,5,7,1,1,9,4,5,2,16,1,50,3,10,1,1,7,11,1,8,1,7,,10,,1,22,9,121.5934709,25.0625703
112,1,12,12,15,2,12內湖區,內湖區安康路22巷與安康路25巷口,0,0,1,1,C03,8,1,5,50,4,1,1,5,4,5,7,1,1,9,4,5,2,16,1,59,2,8,1,1,7,9,1,9,1,11,,23,,1,22,9,121.5934709,25.0625703
112,1,12,12,20,2,05中正區,中正區重慶南路2段與重慶南路2段86巷口口,0,0,1,1,C03,8,1,5,50,3,2,1,5,4,5,7,4,4,1,4,5,1,17,1,32,3,10,1,1,7,9,1,10,2,13,,44,,1,22,9,121.5150697,25.03030588
112,1,12,12,20,2,05中正區,中正區重慶南路2段與重慶南路2段86巷口口,0,0,1,2,C03,8,1,5,50,3,2,1,5,4,5,7,4,4,1,4,5,1,17,2,58,2,9,1,1,7,15,1,10,2,11,,23,,1,22,9,121.5150697,25.03030588
112,1,12,12,30,2,03中山區,中山區五常街53巷與龍江路328巷口,0,0,1,2,C03,8,1,5,30,4,1,1,5,4,5,7,4,4,8,5,5,1,16,1,60,3,10,3,4,7,9,1,10,2,12,,23,,1,22,9,121.5409523,25.06515879
112,1,12,12,30,2,03中山區,中山區五常街53巷與龍江路328巷口,0,0,1,1,C03,8,1,5,30,4,1,1,5,4,5,7,4,4,8,5,5,1,16,1,79,2,7,3,4,7,9,1,10,2,11,,6,,1,22,9,121.5409523,25.06515879
112,1,12,12,32,2,09北投區,北投區大度路1段11-2號,0,0,2,1,C03,8,1,5,30,14,9,1,5,4,5,7,4,4,10,5,5,1,3,1,22,2,8,1,1,7,9,3,18,1,12,,23,,1,22,9,121.4995312,25.12108244
112,1,12,12,32,2,09北投區,北投區大度路1段11-2號,0,0,2,2,H01,8,1,5,30,14,9,1,5,4,5,7,4,4,10,5,5,1,3,1,34,2,7,4,5,8,16,8,20,1,16,,53,,1,22,9,121.4995312,25.12108244
112,1,12,12,42,2,09北投區,北投區裕民六路90巷與東陽街411巷口,0,0,2,1,C03,8,1,5,30,4,1,1,5,4,5,7,4,4,10,5,5,2,16,1,67,2,9,1,1,7,6,1,10,1,11,,6,,1,22,9,121.5182055,25.1131125
112,1,12,12,42,2,09北投區,北投區裕民六路90巷與東陽街411巷口,0,0,2,2,C03,8,1,5,30,4,1,1,5,4,5,7,4,4,10,5,5,2,16,2,41,2,9,1,1,7,9,1,10,1,12,,44,,1,22,9,121.5182055,25.1131125
112,1,12,13,17,2,09北投區,北投區竹子湖路往金山方向17.5處,0,0,1,2,,8,1,5,40,11,9,1,5,4,5,7,4,4,4,1,5,2,18,3,0,,,,,,,,,,,,67,,1,,,121.5570097,25.17758
112,1,12,13,17,2,09北投區,北投區竹子湖路往金山方向17.5處,0,0,1,1,C03,8,1,5,40,11,9,1,5,4,5,7,4,4,4,1,5,2,18,1,18,2,9,1,1,7,6,1,10,1,11,,43,,1,22,9,121.5570097,25.17758
112,1,12,13,24,2,04大安區,大安區敦化南路2段120號(鳳雛公園站),0,0,1,3,H03,8,1,5,50,14,9,1,5,4,1,7,4,4,1,5,5,1,9,3,27,,,,,,,,,9,,,67,,1,,,121.5484846,25.02638787
112,1,12,13,24,2,04大安區,大安區敦化南路2段120號(鳳雛公園站),0,0,1,2,H02,8,1,5,50,14,9,1,5,4,1,7,4,4,1,5,5,1,9,2,67,2,9,3,5,7,17,8,20,10,16,,67,,1,22,9,121.5484846,25.02638787
112,1,12,13,24,2,04大安區,大安區敦化南路2段120號(鳳雛公園站),0,0,1,1,A02,8,1,5,50,14,9,1,5,4,1,7,4,4,1,5,5,1,9,1,48,3,10,1,1,7,12,1,2,1,15,,43,,1,22,9,121.5484846,25.02638787
112,1,12,13,56,2,09北投區,北投區承德路7段393巷與承德路7段口,0,0,2,1,B03,8,1,5,50,4,1,1,5,4,5,7,2,1,2,3,2,1,16,1,46,3,10,3,1,7,5,1,8,2,2,,6,,1,22,9,121.5014286,25.1194442
112,1,12,13,56,2,09北投區,北投區承德路7段393巷與承德路7段口,0,0,2,2,C03,8,1,5,50,4,1,1,5,4,5,7,2,1,2,3,2,1,16,1,19,2,9,1,1,7,9,1,10,2,11,,44,,1,22,9,121.5014286,25.1194442
112,1,12,13,56,2,09北投區,北投區承德路7段393巷與承德路7段口,0,0,2,3,H02,8,1,5,50,4,1,1,5,4,5,7,2,1,2,3,2,1,16,2,45,2,9,3,4,7,20,8,20,1,16,,67,,1,22,9,121.5014286,25.1194442
112,1,12,13,59,2,12內湖區,內湖區舊宗路2段167號,0,0,1,1,C04,8,1,5,50,14,9,1,5,4,5,7,4,4,1,4,5,2,13,2,26,2,9,1,1,7,9,1,10,2,11,,16,,1,22,9,121.574835,25.0710531
112,1,12,13,59,2,12內湖區,內湖區舊宗路2段167號,0,0,1,2,C03,8,1,5,50,14,9,1,5,4,5,7,4,4,1,4,5,2,13,1,43,3,10,1,1,7,9,1,10,2,13,,44,,1,22,9,121.574835,25.0710531
112,1,12,14,10,2,07信義區,信義區莊敬路與吳興街269巷口口,0,0,2,2,C03,8,1,5,30,3,2,1,5,4,5,7,4,4,9,5,4,2,16,1,31,2,8,1,1,7,9,1,10,1,12,,23,,1,22,9,121.5650416,25.027611
112,1,12,14,10,2,07信義區,信義區莊敬路與吳興街269巷口口,0,0,2,1,C03,8,1,5,30,3,2,1,5,4,5,7,4,4,9,5,4,2,16,1,46,3,10,1,1,7,5,1,10,1,11,,6,,1,22,9,121.5650416,25.027611
112,1,12,14,10,2,07信義區,信義區莊敬路與吳興街269巷口口,0,0,2,3,H02,8,1,5,30,3,2,1,5,4,5,7,4,4,9,5,4,2,16,2,27,2,8,1,5,7,20,8,20,10,16,,67,,1,22,9,121.5650416,25.027611
112,1,12,14,40,2,04大安區,大安區金山南路2段與金華街口,0,0,1,1,B03,8,1,5,50,4,1,1,5,4,5,7,1,1,1,4,5,2,2,1,45,3,10,1,1,7,5,1,8,1,4,,15,,1,22,9,121.5266413,25.0301784
112,1,12,14,40,2,04大安區,大安區金山南路2段與金華街口,0,0,1,2,H01,8,1,5,50,4,1,1,5,4,5,7,1,1,1,4,5,2,2,2,73,2,9,4,5,8,16,8,20,10,16,,67,,1,22,9,121.5266413,25.0301784
112,1,12,14,45,2,09北投區,北投區大度路1段11-10號,0,0,2,1,C03,8,1,5,30,14,9,1,5,4,5,7,4,4,1,5,5,2,2,1,25,2,7,1,1,7,9,1,10,1,11,,23,,1,22,9,121.4982662,25.1210298
112,1,12,14,45,2,09北投區,北投區大度路1段11-10號,0,0,2,2,H01,8,1,5,30,14,9,1,5,4,5,7,4,4,1,5,5,2,2,2,28,2,9,4,5,8,16,8,20,10,16,,60,,1,22,9,121.4982662,25.1210298
112,1,12,14,54,2,05中正區,中正區中山南路自由廣場牌樓前,0,0,1,1,C03,8,1,5,50,14,9,1,5,4,5,7,4,4,8,4,1,1,18,1,31,2,9,1,1,7,9,1,10,2,12,,23,,1,22,9,121.5170036,25.03614833
112,1,12,14,54,2,05中正區,中正區中山南路自由廣場牌樓前,0,0,1,2,,8,1,5,50,14,9,1,5,4,5,7,4,4,8,4,1,1,18,3,0,,,,,,,,,,,,67,,1,,,121.5170036,25.03614833
112,1,12,14,55,2,05中正區,中正區羅斯福路3段316巷與羅斯福路3段口,0,0,2,1,C03,8,1,5,30,4,1,1,5,4,5,7,1,1,10,5,5,2,13,1,21,2,9,1,1,7,9,1,10,1,11,,16,,1,22,9,121.532777,25.016094
112,1,12,14,55,2,05中正區,中正區羅斯福路3段316巷與羅斯福路3段口,0,0,2,2,C03,8,1,5,30,4,1,1,5,4,5,7,1,1,10,5,5,2,13,1,68,2,9,1,1,7,15,1,10,1,13,,44,,1,22,9,121.532777,25.016094
112,1,12,14,56,2,03中山區,中山區明水路與北安路458巷47弄口,0,0,1,1,B03,8,1,5,50,3,1,1,5,4,5,7,4,4,1,3,5,1,16,1,62,3,10,3,4,7,6,1,8,2,5,,9,,1,22,9,121.5457776,25.0775083
112,1,12,14,56,2,03中山區,中山區明水路與北安路458巷47弄口,0,0,1,2,C03,8,1,5,50,3,1,1,5,4,5,7,4,4,1,3,5,1,16,2,59,2,9,3,4,7,9,1,10,2,14,,14,,1,22,9,121.5457776,25.0775083
112,1,12,14,59,2,04大安區,大安區敦化南路1段與忠孝東路4段口,0,0,1,2,B03,8,1,5,50,4,2,1,5,4,5,7,2,1,3,4,5,2,12,2,50,2,9,1,3,7,9,1,8,2,8,,44,,1,22,9,121.5486188,25.04182
112,1,12,14,59,2,04大安區,大安區敦化南路1段與忠孝東路4段口,0,0,1,1,B03,8,1,5,50,4,2,1,5,4,5,7,2,1,3,4,5,2,12,1,73,3,10,1,1,7,8,1,8,2,2,,7,,1,22,9,121.5486188,25.04182
112,1,12,16,10,2,10文山區,文山區興隆路1段183號對面,0,0,1,2,H02,8,1,5,50,14,9,1,5,4,5,7,2,1,1,4,5,2,9,2,66,2,9,2,1,7,20,8,20,10,15,,58,,1,22,9,121.5429816,25.0007603
112,1,12,16,10,2,10文山區,文山區興隆路1段183號對面,0,0,1,1,A02,8,1,5,50,14,9,1,5,4,5,7,2,1,1,4,5,2,9,1,59,3,10,1,1,7,9,1,2,1,15,,42,,1,22,9,121.5429816,25.0007603
112,1,12,16,22,2,03中山區,中山區安東街16巷與八德路2段210巷口,0,0,1,1,B03,8,1,5,30,4,1,1,5,4,5,7,4,4,10,5,5,2,15,2,33,3,10,3,4,7,9,1,8,1,1,,6,,1,22,9,121.5393924,25.04534995
112,1,12,16,22,2,03中山區,中山區安東街16巷與八德路2段210巷口,0,0,1,2,C03,8,1,5,30,4,1,1,5,4,5,7,4,4,10,5,5,2,15,1,59,2,7,3,4,7,9,1,10,1,12,,14,,1,22,9,121.5393924,25.04534995
112,1,12,16,47,2,05中正區,中正區中山南路與愛國東路口,0,0,3,3,H02,7,1,5,40,4,1,1,5,4,5,7,1,1,1,4,1,2,16,2,34,2,9,4,5,7,21,8,20,2,16,,67,,1,22,9,121.5168669,25.03481564
112,1,12,16,47,2,05中正區,中正區中山南路與愛國東路口,0,0,3,1,C03,7,1,5,40,4,1,1,5,4,5,7,1,1,1,4,1,2,16,1,58,2,9,1,1,7,9,6,10,2,12,,17,,1,22,9,121.5168669,25.03481564
112,1,12,16,47,2,05中正區,中正區中山南路與愛國東路口,0,0,3,2,C03,7,1,5,40,4,1,1,5,4,5,7,1,1,1,4,1,2,16,1,37,2,9,1,1,7,9,1,10,2,14,,23,,1,22,9,121.5168669,25.03481564
112,1,12,16,50,2,03中山區,中山區新生北路3段與濱江街口,0,0,1,1,B03,7,3,5,50,3,1,1,5,4,5,7,3,1,5,5,5,2,17,1,37,3,10,1,1,7,5,1,8,2,2,,6,,1,22,9,121.5278127,25.0706581
112,1,12,16,50,2,03中山區,中山區新生北路3段與濱江街口,0,0,1,2,B03,7,3,5,50,3,1,1,5,4,5,7,3,1,5,5,5,2,17,1,51,2,2,1,1,7,9,1,8,2,8,,44,,1,22,9,121.5278127,25.0706581
112,1,12,16,50,2,07信義區,信義區基隆路2段與信義路5段口,0,0,1,1,C03,8,1,5,50,4,1,1,5,4,5,7,2,1,1,4,5,2,16,2,57,2,9,1,1,7,9,1,10,1,11,,17,,1,22,9,121.5596192,25.0329127
112,1,12,16,50,2,07信義區,信義區基隆路2段與信義路5段口,0,0,1,2,C03,8,1,5,50,4,1,1,5,4,5,7,2,1,1,4,5,2,16,1,20,3,10,1,1,7,6,1,10,1,12,,17,,1,22,9,121.5596192,25.0329127
112,1,12,16,55,2,10文山區,文山區新光路1段164號,0,0,2,1,C03,7,1,5,50,14,9,1,5,4,5,7,4,4,5,4,4,2,13,1,23,2,7,1,1,7,9,1,10,1,11,,43,,1,22,9,121.5737127,24.9929683
112,1,12,16,55,2,10文山區,文山區新光路1段164號,0,0,2,2,B03,7,1,5,50,14,9,1,5,4,5,7,4,4,5,4,4,2,13,1,44,3,10,1,1,7,15,1,8,1,3,,43,,1,22,9,121.5737127,24.9929683
112,1,12,16,55,2,10文山區,文山區新光路1段164號,0,0,2,3,H02,7,1,5,50,14,9,1,5,4,5,7,4,4,5,4,4,2,13,2,20,2,8,1,5,7,21,8,20,10,15,,67,,1,22,9,121.5737127,24.9929683
112,1,12,17,18,2,06松山區,松山區塔悠路176號,0,0,2,2,C03,8,1,5,50,14,8,1,5,4,5,7,2,1,3,4,4,2,16,1,52,2,9,1,4,7,9,1,10,2,14,,23,,1,22,9,121.5694219,25.05636355
112,1,12,17,18,2,06松山區,松山區塔悠路176號,0,0,2,1,C03,8,1,5,50,14,8,1,5,4,5,7,2,1,3,4,4,2,16,1,19,2,9,1,4,7,8,1,10,2,12,,7,,1,22,9,121.5694219,25.05636355
112,1,12,17,21,2,02萬華區,萬華區西園路1段與桂林路口,0,0,1,2,C03,8,2,5,50,4,1,1,5,4,5,7,1,1,5,4,5,2,17,1,25,2,9,1,1,7,9,1,9,2,12,,44,,1,23,9,121.4997234,25.0384117
112,1,12,17,21,2,02萬華區,萬華區西園路1段與桂林路口,0,0,1,1,C03,8,2,5,50,4,1,1,5,4,5,7,1,1,5,4,5,2,17,1,47,3,10,1,1,7,5,1,9,2,15,,6,,1,22,9,121.4997234,25.0384117
112,1,12,17,27,2,01大同區,大同區大龍街94號,0,0,1,1,C03,7,2,5,30,14,9,1,5,4,5,7,4,4,10,4,5,2,16,2,18,3,10,1,1,7,5,1,10,1,14,,8,,1,22,9,121.5159816,25.06659301
112,1,12,17,27,2,01大同區,大同區大龍街94號,0,0,1,2,C03,7,2,5,30,14,9,1,5,4,5,7,4,4,10,4,5,2,16,1,56,2,5,1,1,7,9,1,10,1,12,,44,,1,22,9,121.5159816,25.06659301
112,1,12,17,35,2,04大安區,大安區市民大道3段與建國南路1段口,0,0,1,2,C03,8,3,5,40,4,1,1,5,4,5,7,2,1,5,4,4,2,17,1,40,2,9,1,1,7,9,1,10,1,14,,13,,1,22,9,121.5363385,25.04464
112,1,12,17,35,2,04大安區,大安區市民大道3段與建國南路1段口,0,0,1,1,B03,8,3,5,40,4,1,1,5,4,5,7,2,1,5,4,4,2,17,1,45,3,10,1,1,7,6,1,8,1,2,,9,,1,22,9,121.5363385,25.04464
112,1,12,17,42,2,12內湖區,內湖區行善路與行善路25巷口,0,0,1,2,C03,8,3,5,50,3,1,1,5,4,5,7,4,4,5,2,5,2,12,1,30,2,8,1,1,7,9,1,10,1,11,,44,,1,22,9,121.5754745,25.05647799
112,1,12,17,42,2,12內湖區,內湖區行善路與行善路25巷口,0,0,1,1,B03,8,3,5,50,3,1,1,5,4,5,7,4,4,5,2,5,2,12,2,38,3,10,1,1,7,6,1,8,1,6,,9,,1,22,9,121.5754745,25.05647799
112,1,12,18,15,2,08士林區,士林區中山北路5段與福國路口,0,0,1,2,B03,8,3,5,50,3,2,1,5,4,5,7,2,1,3,4,5,2,17,2,61,3,10,1,1,7,9,1,8,1,2,,44,,1,22,9,121.5256207,25.1024709
112,1,12,18,15,2,08士林區,士林區中山北路5段與福國路口,0,0,1,1,C03,8,3,5,50,3,2,1,5,4,5,7,2,1,3,4,5,2,17,1,48,2,9,1,1,7,7,1,10,1,14,,7,,1,22,9,121.5256207,25.1024709
112,1,12,18,40,2,03中山區,中山區大直街與北安路口,0,0,1,1,C03,8,3,5,50,4,1,1,5,4,5,7,1,1,1,4,5,2,16,1,33,2,9,1,1,7,5,1,10,1,14,,25,,1,22,9,121.5492685,25.0841428
112,1,12,18,40,2,03中山區,中山區大直街與北安路口,0,0,1,2,B03,8,3,5,50,4,1,1,5,4,5,7,1,1,1,4,5,2,16,1,58,3,10,3,4,7,9,1,8,1,8,,22,,1,22,9,121.5492685,25.0841428
112,1,12,18,40,2,06松山區,松山區民權東路4段東往西(041燈桿前),0,0,2,2,C03,8,3,5,50,14,9,1,5,4,5,7,4,4,1,4,5,2,16,2,30,2,8,1,1,7,9,1,10,1,14,,44,,1,22,9,121.5526948,25.0618081
112,1,12,18,40,2,06松山區,松山區民權東路4段東往西(041燈桿前),0,0,2,1,C03,8,3,5,50,14,9,1,5,4,5,7,4,4,1,4,5,2,16,1,34,2,9,1,1,7,8,1,10,1,12,,7,,1,22,9,121.5526948,25.0618081
112,1,12,18,46,2,06松山區,松山區敦化北路與民生東路4段口,0,0,2,1,C03,8,3,5,50,5,1,1,5,4,5,7,1,1,1,4,4,2,15,2,31,2,9,1,1,7,9,1,10,1,11,,23,,1,22,9,121.5492715,25.05766889
112,1,12,18,46,2,06松山區,松山區敦化北路與民生東路4段口,0,0,2,2,C03,8,3,5,50,5,1,1,5,4,5,7,1,1,1,4,4,2,15,1,26,2,9,1,1,7,11,1,10,1,14,,44,,1,22,9,121.5492715,25.05766889
112,1,12,18,48,2,12內湖區,內湖區民權東路6段17號停車場出入口前,0,0,1,2,H01,7,3,5,50,14,9,1,5,4,5,7,4,4,9,5,5,2,3,1,49,2,9,4,5,8,20,8,20,1,16,,51,,1,22,9,121.5811275,25.06821237
112,1,12,18,48,2,12內湖區,內湖區民權東路6段17號停車場出入口前,0,0,1,1,B03,7,3,5,50,14,9,1,5,4,5,7,4,4,9,5,5,2,3,1,48,3,10,1,1,7,9,1,8,2,1,,23,,1,22,9,121.5811275,25.06821237
112,1,12,18,49,2,07信義區,信義區嘉興街239號,0,0,1,1,C03,7,3,5,50,14,9,1,5,4,5,7,4,4,10,4,5,1,2,1,61,3,10,3,4,7,9,1,10,1,11,,23,,1,22,9,121.5559411,25.025189
112,1,12,18,49,2,07信義區,信義區嘉興街239號,0,0,1,2,H01,7,3,5,50,14,9,1,5,4,5,7,4,4,10,4,5,1,2,1,24,2,8,4,5,8,16,8,20,10,16,,67,,1,22,9,121.5559411,25.025189
112,1,12,18,50,2,02萬華區,萬華區萬大路526號,0,0,2,1,C03,8,3,5,50,14,9,1,5,4,5,7,4,4,1,2,5,2,12,1,62,2,8,1,1,7,9,1,9,1,12,,16,,1,22,9,121.4967468,25.0188139
112,1,12,18,50,2,02萬華區,萬華區萬大路526號,0,0,2,2,C03,8,3,5,50,14,9,1,5,4,5,7,4,4,1,2,5,2,12,1,39,2,5,1,1,7,9,1,10,1,14,,44,,1,22,9,121.4967468,25.0188139
112,1,12,18,58,2,07信義區,信義區松壽路與松高路20巷口,0,0,1,1,B01,8,1,5,30,4,2,1,5,4,5,7,4,4,5,4,5,2,16,1,46,2,2,1,1,7,6,1,4,1,8,,6,,1,22,8,121.5675821,25.0358445
112,1,12,18,58,2,07信義區,信義區松壽路與松高路20巷口,0,0,1,2,A02,8,1,5,30,4,2,1,5,4,5,7,4,4,5,4,5,2,16,1,26,3,10,1,1,7,9,1,2,1,6,,23,,1,22,8,121.5675821,25.0358445
112,1,12,19,49,2,08士林區,士林區中山北路6段754巷與中山北路6段口,0,0,1,1,C03,7,1,5,50,3,2,1,5,4,5,7,4,4,1,4,5,1,17,1,69,2,9,1,1,7,9,1,10,2,14,,13,,1,22,9,121.5282141,25.1158557
112,1,12,19,49,2,08士林區,士林區中山北路6段754巷與中山北路6段口,0,0,1,2,B03,7,1,5,50,3,2,1,5,4,5,7,4,4,1,4,5,1,17,1,37,3,10,1,1,7,6,1,8,2,15,,6,,1,22,9,121.5282141,25.1158557
112,1,12,19,49,2,08士林區,士林區中山北路6段754巷與中山北路6段口,0,0,1,3,B03,7,1,5,50,3,2,1,5,4,5,7,4,4,1,4,5,1,17,1,73,3,10,1,1,7,14,1,8,2,15,,38,,1,22,9,121.5282141,25.1158557
112,1,12,19,49,2,08士林區,士林區中山北路6段754巷與中山北路6段口,0,0,1,4,B11,7,1,5,50,3,2,1,5,4,5,7,4,4,1,4,5,1,17,1,38,3,10,1,1,7,14,1,4,2,15,,38,,1,22,9,121.5282141,25.1158557
112,1,12,19,56,2,07信義區,信義區光復南路102號,0,0,1,2,,8,3,5,50,14,9,1,5,4,1,7,4,4,1,5,5,1,18,3,0,,,,,,,,,,,,67,,1,,,121.5578238,25.043652
112,1,12,19,56,2,07信義區,信義區光復南路102號,0,0,1,1,C04,8,3,5,50,14,9,1,5,4,1,7,4,4,1,5,5,1,18,2,28,2,8,3,4,7,12,1,9,1,14,,42,,1,22,9,121.5578238,25.043652
112,1,12,20,19,2,12內湖區,內湖區康樂街與康樂街61巷口,0,0,1,2,C03,8,3,5,50,3,1,1,5,4,5,7,2,1,9,4,5,2,16,1,29,2,9,1,1,7,6,1,10,1,12,,44,,1,22,9,121.6183568,25.06843316
112,1,12,20,19,2,12內湖區,內湖區康樂街與康樂街61巷口,0,0,1,1,B01,8,3,5,50,3,1,1,5,4,5,7,2,1,9,4,5,2,16,1,34,3,10,1,1,7,6,1,4,1,8,,6,,1,22,9,121.6183568,25.06843316
112,1,12,20,40,2,12內湖區,內湖區瑞光路與港墘路口,0,0,1,2,C03,8,3,5,50,4,2,1,5,4,5,7,2,1,9,4,5,2,16,2,33,2,8,1,1,7,9,1,10,2,12,,44,,1,22,9,121.5748988,25.07635083
112,1,12,20,40,2,12內湖區,內湖區瑞光路與港墘路口,0,0,1,1,B03,8,3,5,50,4,2,1,5,4,5,7,2,1,9,4,5,2,16,1,43,3,10,1,1,7,6,1,8,2,15,,6,,1,22,9,121.5748988,25.07635083
112,1,12,20,45,2,12內湖區,內湖區康樂街111巷與康樂街口,0,0,1,1,B02,8,3,5,30,4,1,1,5,4,5,7,1,1,5,5,5,1,15,1,61,3,10,1,1,7,1,1,8,2,4,,6,,1,22,9,121.6191036,25.0706808
112,1,12,20,45,2,12內湖區,內湖區康樂街111巷與康樂街口,0,0,1,2,C03,8,3,5,30,4,1,1,5,4,5,7,1,1,5,5,5,1,15,1,40,2,9,1,1,7,9,1,10,2,11,,14,,1,22,9,121.6191036,25.0706808
112,1,12,20,46,2,03中山區,中山區市民大道2段與林森北路口,0,0,1,1,C03,8,3,5,40,4,2,1,5,4,5,7,1,1,1,4,5,2,16,1,19,3,10,1,1,7,8,1,10,1,13,,7,,1,22,9,121.5242697,25.04795349
112,1,12,20,46,2,03中山區,中山區市民大道2段與林森北路口,0,0,1,2,C03,8,3,5,40,4,2,1,5,4,5,7,1,1,1,4,5,2,16,2,38,2,9,1,1,7,9,1,10,1,11,,23,,1,22,9,121.5242697,25.04795349
112,1,12,21,1,2,07信義區,信義區和平東路3段435巷與和平東路3段435巷7弄口口,0,0,1,1,B03,7,3,5,30,4,2,1,5,4,5,7,4,4,10,5,5,2,15,2,29,3,10,3,4,7,9,1,8,9,5,,6,,1,22,9,121.5587056,25.0194221
112,1,12,21,1,2,07信義區,信義區和平東路3段435巷與和平東路3段435巷7弄口口,0,0,1,2,C03,7,3,5,30,4,2,1,5,4,5,7,4,4,10,5,5,2,15,2,61,2,9,3,4,7,9,1,10,9,14,,23,,1,22,9,121.5587056,25.0194221
112,1,12,21,13,2,03中山區,中山區敬業一路與樂群二路口,0,0,1,1,B01,7,3,5,50,4,1,1,5,4,5,7,1,1,3,4,5,2,16,1,56,3,10,1,1,7,5,1,4,2,8,,8,,1,22,9,121.5534032,25.0799933
112,1,12,21,13,2,03中山區,中山區敬業一路與樂群二路口,0,0,1,2,C03,7,3,5,50,4,1,1,5,4,5,7,1,1,3,4,5,2,16,1,23,2,9,1,1,7,9,1,10,2,12,,44,,1,22,9,121.5534032,25.0799933
112,1,12,21,21,2,02萬華區,萬華區中華路2段311巷與中華路2段口,0,0,2,1,C03,8,3,5,30,3,2,1,5,4,5,7,4,4,10,5,5,1,16,1,34,2,9,1,4,7,5,1,10,1,12,,4,,1,22,9,121.5056874,25.02819848
112,1,12,21,21,2,02萬華區,萬華區中華路2段311巷與中華路2段口,0,0,2,2,B03,8,3,5,30,3,2,1,5,4,5,7,4,4,10,5,5,1,16,1,53,3,10,1,4,7,9,1,8,1,8,,44,,1,22,9,121.5056874,25.02819848
112,1,12,21,21,2,02萬華區,萬華區中華路2段311巷與中華路2段口,0,0,2,3,H02,8,3,5,30,3,2,1,5,4,5,7,4,4,10,5,5,1,16,2,34,2,9,1,4,7,20,8,20,10,16,,67,,1,22,9,121.5056874,25.02819848
112,1,12,21,30,2,10文山區,文山區指南路3段與指南路3段33巷口口,0,0,1,1,B03,8,3,5,30,4,1,1,5,4,5,7,4,4,10,5,5,2,8,1,36,3,10,3,4,7,2,1,8,1,4,,12,,1,22,9,121.5803663,24.98458144
112,1,12,21,30,2,10文山區,文山區指南路3段與指南路3段33巷口口,0,0,1,2,H01,8,3,5,30,4,1,1,5,4,5,7,4,4,10,5,5,2,8,1,50,2,8,3,5,8,17,8,20,1,16,,67,,1,22,9,121.5803663,24.98458144
112,1,12,21,41,2,04大安區,大安區忠孝東路4段17巷與復興南路1段135巷口,0,0,1,1,C03,8,3,5,30,4,1,1,5,4,5,7,4,4,10,5,5,1,15,1,22,2,9,1,1,7,9,1,10,1,12,,6,,1,22,9,121.5445085,25.0425095
112,1,12,21,41,2,04大安區,大安區忠孝東路4段17巷與復興南路1段135巷口,0,0,1,2,B02,8,3,5,30,4,1,1,5,4,5,7,4,4,10,5,5,1,15,1,22,3,10,1,1,7,9,1,8,1,1,,14,,1,22,9,121.5445085,25.0425095
112,1,12,21,43,2,03中山區,中山區南京東路2段與一江街口,0,0,1,1,B03,7,3,5,50,4,1,1,5,4,5,7,1,1,10,5,5,2,2,2,49,3,10,1,4,7,5,1,8,2,8,,15,,1,22,9,121.5314213,25.05205769
112,1,12,21,43,2,03中山區,中山區南京東路2段與一江街口,0,0,1,2,H01,7,3,5,50,4,1,1,5,4,5,7,1,1,10,5,5,2,2,2,26,2,9,4,5,8,16,8,20,10,16,,67,,1,22,9,121.5314213,25.05205769
112,1,12,21,49,2,03中山區,中山區新生北路2段45巷與新生北路2段口,0,0,1,1,B01,8,3,5,50,4,1,1,5,4,5,7,4,4,5,5,5,2,1,1,54,3,10,3,4,7,9,1,4,1,1,,15,,1,22,9,121.527752,25.05546487
112,1,12,21,49,2,03中山區,中山區新生北路2段45巷與新生北路2段口,0,0,1,2,H01,8,3,5,50,4,1,1,5,4,5,7,4,4,5,5,5,2,1,2,23,2,9,4,5,8,16,8,20,10,16,,67,,1,22,9,121.527752,25.05546487
112,1,12,22,30,2,09北投區,北投區承德路7段與承德路7段口384號,0,0,2,2,C03,8,3,5,60,3,1,1,5,4,5,7,4,4,1,4,5,2,16,1,24,2,9,1,1,7,9,1,10,1,14,,44,,1,22,9,121.5022773,25.11908853
112,1,12,22,30,2,09北投區,北投區承德路7段與承德路7段口384號,0,0,2,1,C03,8,3,5,60,3,1,1,5,4,5,7,4,4,1,4,5,2,16,1,28,2,9,1,1,7,8,1,10,1,12,,7,,1,22,9,121.5022773,25.11908853