發生年度,發生月,發生日,發生時-Hours,發生分,處理別-編號,區序,肇事地點,死亡人數,2-30日死亡人數,受傷人數,當事人序號,車種,天候,光線,道路類別,速限-速度限制,道路型態,事故位置,路面狀況1,路面狀況2,路面狀況3,道路障礙1,道路障礙2,號誌1,號誌2,車道劃分-分向,車道劃分-分道1,車道劃分-分道2,車道劃分-分道3,事故類型及型態,性別,年齡,受傷程度,主要傷處,保護裝置,行動電話,車輛用途,當事者行動狀態,駕駛資格情形,駕駛執照種類,飲酒情形,車輛撞擊部位1,車輛撞擊部位2,肇因碼-個別,肇因碼-主要,個人肇逃否,職業,旅次目的,座標-X,座標-Y
112,1,12,22,35,2,12內湖區,內湖區成功路2段與安康路口,0,0,1,1,B03,8,1,5,50,3,1,1,5,4,5,7,4,4,1,4,5,1,12,2,36,3,10,3,4,7,6,1,8,1,2,,9,,1,22,9,121.5910155,25.0619653
112,1,12,22,35,2,12內湖區,內湖區成功路2段與安康路口,0,0,1,2,C03,8,1,5,50,3,1,1,5,4,5,7,4,4,1,4,5,1,12,1,28,2,9,3,4,7,9,1,10,1,11,,44,,1,22,9,121.5910155,25.0619653
112,1,12,23,43,2,03中山區,中山區中山北路2段與民權西路口,0,0,1,1,B01,8,1,5,50,4,1,1,5,4,5,7,1,1,1,4,5,2,16,1,59,3,10,1,1,7,5,1,4,1,8,,6,,1,22,9,121.52247,25.0629757
112,1,12,23,43,2,03中山區,中山區中山北路2段與民權西路口,0,0,1,2,C03,8,1,5,50,4,1,1,5,4,5,7,1,1,1,4,5,2,16,1,22,2,9,1,1,7,9,1,10,1,14,,23,,1,22,9,121.52247,25.0629757
112,1,12,23,57,2,07信義區,信義區松智路與松壽路口,0,0,1,2,C03,8,3,5,50,4,1,1,5,4,5,7,2,1,5,4,5,2,17,1,20,2,9,1,1,7,9,1,9,1,14,,42,,1,22,9,121.5655047,25.035873
112,1,12,23,57,2,07信義區,信義區松智路與松壽路口,0,0,1,1,B01,8,3,5,50,4,1,1,5,4,5,7,2,1,5,4,5,2,17,1,50,3,10,1,1,7,5,1,4,11,15,,26,,2,22,9,121.5655047,25.035873
112,1,13,0,31,2,08士林區,士林區格致路與格致路8巷口,0,0,3,1,C03,8,3,5,40,3,1,1,5,4,5,7,4,4,5,5,5,2,12,1,19,2,9,1,1,7,11,1,10,1,14,,10,,1,22,9,121.5461706,25.13596013
112,1,13,0,31,2,08士林區,士林區格致路與格致路8巷口,0,0,3,2,C03,8,3,5,40,3,1,1,5,4,5,7,4,4,5,5,5,2,12,1,19,2,8,1,1,7,9,1,10,1,11,,44,,1,22,9,121.5461706,25.13596013
112,1,13,0,31,2,08士林區,士林區格致路與格致路8巷口,0,0,3,3,H02,8,3,5,40,3,1,1,5,4,5,7,4,4,5,5,5,2,12,2,20,2,8,1,5,7,20,8,20,10,16,,67,,1,22,9,121.5461706,25.13596013
112,1,13,6,37,2,08士林區,士林區中山北路6段與福國路口,0,0,1,1,C03,7,1,5,50,3,1,1,5,4,5,7,1,1,1,5,5,2,12,2,23,2,9,1,1,7,5,1,10,1,11,,25,,1,22,9,121.5255658,25.10256401
112,1,13,6,37,2,08士林區,士林區中山北路6段與福國路口,0,0,1,2,A02,7,1,5,50,3,1,1,5,4,5,7,1,1,1,5,5,2,12,1,60,3,10,1,1,7,9,1,2,1,2,,44,,1,22,9,121.5255658,25.10256401
112,1,13,7,2,2,09北投區,北投區泉源路BB12燈桿,0,0,1,2,C03,8,1,5,30,14,9,1,5,4,5,1,4,4,10,5,5,1,11,1,68,2,9,1,1,7,9,1,10,1,11,,43,,1,22,9,121.5249385,25.14012455
112,1,13,7,2,2,09北投區,北投區泉源路BB12燈桿,0,0,1,1,B12,8,1,5,30,14,9,1,5,4,5,1,4,4,10,5,5,1,11,1,56,3,10,1,1,7,5,1,8,1,1,,43,,1,22,9,121.5249385,25.14012455
112,1,13,7,10,2,10文山區,文山區老泉街41號旁,0,0,2,1,C03,8,1,5,30,11,9,1,5,4,5,1,4,4,10,5,5,1,17,2,42,2,9,1,1,7,9,1,10,1,13,,23,,1,22,1,121.5639004,24.97866309
112,1,13,7,10,2,10文山區,文山區老泉街41號旁,0,0,2,2,C03,8,1,5,30,11,9,1,5,4,5,1,4,4,10,5,5,1,17,1,39,2,1,1,1,7,9,1,10,1,11,,16,,1,22,1,121.5639004,24.97866309
112,1,13,7,10,2,10文山區,文山區老泉街41號旁,0,0,2,3,B03,8,1,5,30,11,9,1,5,4,5,1,4,4,10,5,5,1,17,1,52,3,10,1,1,7,9,1,8,1,15,,44,,1,22,1,121.5639004,24.97866309
112,1,13,7,34,2,04大安區,大安區樂利路與安和路2段181巷口,0,0,1,2,C03,8,1,5,30,4,1,1,5,4,5,7,4,4,10,5,5,2,17,2,42,2,9,1,1,7,9,1,10,11,15,,44,,1,22,9,121.5514449,25.0274621
112,1,13,7,34,2,04大安區,大安區樂利路與安和路2段181巷口,0,0,1,1,B03,8,1,5,30,4,1,1,5,4,5,7,4,4,10,5,5,2,17,2,75,4,11,3,4,7,15,7,19,11,15,,6,,2,22,9,121.5514449,25.0274621
112,1,13,7,35,2,10文山區,文山區景福街與景福街3巷口,0,0,2,1,C03,8,1,5,30,4,2,1,5,4,3,6,4,4,10,5,5,2,6,2,44,2,9,1,1,7,9,1,10,2,11,,23,,1,22,9,121.5393089,24.9993468
112,1,13,7,35,2,10文山區,文山區景福街與景福街3巷口,0,0,2,2,H01,8,1,5,30,4,2,1,5,4,3,6,4,4,10,5,5,2,6,1,10,2,9,4,5,8,18,8,20,10,16,,51,,1,22,9,121.5393089,24.9993468
112,1,13,7,37,2,05中正區,中正區公園路與凱達格蘭大道口側附近口,0,0,1,2,C03,8,1,5,50,4,2,1,5,4,5,7,2,1,9,4,4,1,16,1,40,2,9,1,1,7,9,1,10,2,11,,23,,1,21,1,121.5153149,25.0394496
112,1,13,7,37,2,05中正區,中正區公園路與凱達格蘭大道口側附近口,0,0,1,1,B03,8,1,5,50,4,2,1,5,4,5,7,2,1,9,4,4,1,16,1,43,3,10,1,1,7,6,1,8,2,2,,9,,1,21,1,121.5153149,25.0394496
112,1,13,7,38,2,08士林區,士林區延平北路5段與中正路口,0,0,1,2,C03,8,1,5,50,5,2,1,5,4,5,7,1,1,9,4,5,2,17,1,28,2,9,1,1,7,9,1,10,1,13,,17,,1,22,9,121.5093213,25.08657641
112,1,13,7,38,2,08士林區,士林區延平北路5段與中正路口,0,0,1,1,B03,8,1,5,50,5,2,1,5,4,5,7,1,1,9,4,5,2,17,1,57,3,10,1,1,7,9,1,8,1,8,,44,,1,22,9,121.5093213,25.08657641
112,1,13,7,38,2,09北投區,北投區承德路7段95號,0,0,1,1,B03,8,1,5,60,14,8,1,5,4,5,7,4,4,1,4,4,1,16,1,42,3,10,1,1,7,6,1,8,1,6,,9,,1,22,9,121.5098271,25.1117208
112,1,13,7,38,2,09北投區,北投區承德路7段95號,0,0,1,2,C03,8,1,5,60,14,8,1,5,4,5,7,4,4,1,4,4,1,16,1,46,2,9,1,1,7,9,1,10,1,11,,23,,1,22,9,121.5098271,25.1117208
112,1,13,7,56,2,04大安區,大安區羅斯福路3段61號,0,0,1,2,B03,8,1,5,50,14,9,1,5,4,5,7,4,4,3,2,5,2,13,2,40,3,10,1,1,7,8,1,8,1,3,,7,,1,22,9,121.5256806,25.02298099
112,1,13,7,56,2,04大安區,大安區羅斯福路3段61號,0,0,1,1,C03,8,1,5,50,14,9,1,5,4,5,7,4,4,3,2,5,2,13,1,39,2,9,1,1,7,8,1,10,1,11,,23,,1,22,9,121.5256806,25.02298099
112,1,13,8,10,2,10文山區,文山區光輝路71巷與光輝路21巷口,0,0,1,2,C03,8,1,5,50,4,1,1,5,4,5,7,1,1,5,5,5,2,13,2,48,3,10,1,1,7,5,1,10,1,14,,44,,1,22,9,121.5563152,24.98618839
112,1,13,8,10,2,10文山區,文山區光輝路71巷與光輝路21巷口,0,0,1,1,C03,8,1,5,50,4,1,1,5,4,5,7,1,1,5,5,5,2,13,2,27,2,9,1,1,7,9,1,10,1,11,,23,,1,22,9,121.5563152,24.98618839
112,1,13,8,22,2,10文山區,文山區木新路2段238號,0,0,1,2,B03,8,1,5,50,14,9,1,5,4,5,7,1,1,5,3,5,2,13,1,72,3,10,1,1,7,9,1,8,1,6,,44,,1,22,9,121.5669674,24.9833722
112,1,13,8,22,2,10文山區,文山區木新路2段238號,0,0,1,1,C03,8,1,5,50,14,9,1,5,4,5,7,1,1,5,3,5,2,13,2,68,2,8,1,1,7,9,1,10,1,11,,23,,1,22,9,121.5669674,24.9833722
112,1,13,8,26,2,01大同區,大同區承德路3段與民族西路口,0,0,1,2,C03,8,1,5,50,4,1,1,5,4,5,7,2,1,1,4,5,2,17,2,25,2,8,1,4,7,9,1,10,1,11,,44,,1,22,9,121.5185002,25.0685323
112,1,13,8,26,2,01大同區,大同區承德路3段與民族西路口,0,0,1,1,B03,8,1,5,50,4,1,1,5,4,5,7,2,1,1,4,5,2,17,1,54,3,10,3,4,7,5,1,8,1,2,,8,,1,22,9,121.5185002,25.0685323
112,1,13,8,30,2,03中山區,中山區中山北路1段與南京東路1段口,0,0,1,1,C03,8,1,5,50,4,1,1,5,4,5,7,2,1,1,4,5,2,13,1,43,3,10,3,4,7,8,1,10,1,13,,7,,1,22,9,121.5226237,25.05215164
112,1,13,8,30,2,03中山區,中山區中山北路1段與南京東路1段口,0,0,1,2,C03,8,1,5,50,4,1,1,5,4,5,7,2,1,1,4,5,2,13,2,38,2,8,3,4,7,9,1,10,1,11,,23,,1,22,9,121.5226237,25.05215164
112,1,13,8,30,2,06松山區,松山區民權東路3段188號,0,0,1,1,C03,8,1,5,50,14,9,1,5,4,5,7,4,4,9,4,5,2,12,2,56,2,7,1,1,7,9,1,10,1,15,,43,,1,22,9,121.5499325,25.06157529
112,1,13,8,30,2,06松山區,松山區民權東路3段188號,0,0,1,2,B03,8,1,5,50,14,9,1,5,4,5,7,4,4,9,4,5,2,12,1,47,3,10,1,1,7,9,1,8,1,15,,43,,1,22,9,121.5499325,25.06157529
112,1,13,8,34,2,03中山區,中山區樂群一路與基湖路口,0,0,1,2,B03,8,1,5,50,3,2,1,5,4,5,7,2,1,1,4,5,2,12,1,35,3,10,3,4,7,9,1,8,1,5,,26,,1,22,9,121.5630916,25.07611843
112,1,13,8,34,2,03中山區,中山區樂群一路與基湖路口,0,0,1,1,C03,8,1,5,50,3,2,1,5,4,5,7,2,1,1,4,5,2,12,2,23,2,9,3,4,7,5,1,9,1,14,,8,,1,22,9,121.5630916,25.07611843
112,1,13,8,35,2,06松山區,松山區松河街46號前,0,0,1,1,B01,8,1,5,40,14,9,1,5,4,5,7,4,4,9,5,5,2,13,1,44,3,10,1,1,7,9,1,4,2,1,,23,,1,22,9,121.5736612,25.05079224
112,1,13,8,35,2,06松山區,松山區松河街46號前,0,0,1,2,C03,8,1,5,40,14,9,1,5,4,5,7,4,4,9,5,5,2,13,1,23,2,2,1,1,7,9,1,10,2,13,,44,,1,22,9,121.5736612,25.05079224
112,1,13,8,45,2,04大安區,大安區延吉街58-6號,0,0,2,5,,8,1,5,40,14,9,1,5,4,5,7,4,4,10,5,5,2,2,3,0,,,,,,,,,,,,67,,1,,,121.5533675,25.0440382
112,1,13,8,45,2,04大安區,大安區延吉街58-6號,0,0,2,1,C03,8,1,5,40,14,9,1,5,4,5,7,4,4,10,5,5,2,2,1,62,2,9,1,1,7,15,1,10,2,11,,13,,1,22,9,121.5533675,25.0440382
112,1,13,8,45,2,04大安區,大安區延吉街58-6號,0,0,2,2,H01,8,1,5,40,14,9,1,5,4,5,7,4,4,10,5,5,2,2,2,70,2,9,4,5,8,16,8,20,10,16,,67,,1,22,9,121.5533675,25.0440382
112,1,13,8,45,2,04大安區,大安區延吉街58-6號,0,0,2,3,C04,8,1,5,40,14,9,1,5,4,5,7,4,4,10,5,5,2,2,3,0,,,,,,,,,,,,61,,1,,,121.5533675,25.0440382
112,1,13,8,45,2,04大安區,大安區延吉街58-6號,0,0,2,4,,8,1,5,40,14,9,1,5,4,5,7,4,4,10,5,5,2,2,3,0,,,,,,,,,,,,67,,1,,,121.5533675,25.0440382
112,1,13,8,56,2,08士林區,士林區中山北路6段405巷與中山北路6段441巷口,0,0,1,1,C03,8,1,5,30,3,1,1,5,4,5,7,4,4,5,5,5,2,15,1,27,2,9,1,1,7,9,1,10,2,11,,6,,1,22,9,121.526505,25.1165294
112,1,13,8,56,2,08士林區,士林區中山北路6段405巷與中山北路6段441巷口,0,0,1,2,B03,8,1,5,30,3,1,1,5,4,5,7,4,4,5,5,5,2,15,1,79,3,10,1,1,7,9,1,8,2,8,,44,,1,22,9,121.526505,25.1165294
112,1,13,8,59,2,03中山區,中山區南京東路3段89巷5號,0,0,2,3,B03,8,1,5,30,14,9,1,5,4,5,7,4,4,10,5,5,2,11,4,0,4,11,3,4,7,15,7,19,11,15,,38,,2,22,9,121.5390343,25.0526971
112,1,13,8,59,2,03中山區,中山區南京東路3段89巷5號,0,0,2,2,B01,8,1,5,30,14,9,1,5,4,5,7,4,4,10,5,5,2,11,1,38,3,10,1,1,7,9,1,4,2,8,,44,,1,22,9,121.5390343,25.0526971
112,1,13,8,59,2,03中山區,中山區南京東路3段89巷5號,0,0,2,4,H02,8,1,5,30,14,9,1,5,4,5,7,4,4,10,5,5,2,11,2,40,2,8,1,5,7,20,8,20,10,16,,67,,1,22,9,121.5390343,25.0526971
112,1,13,8,59,2,03中山區,中山區南京東路3段89巷5號,0,0,2,1,C03,8,1,5,30,14,9,1,5,4,5,7,4,4,10,5,5,2,11,1,47,2,8,1,1,7,9,1,10,2,14,,5,,1,22,9,121.5390343,25.0526971
112,1,13,9,9,2,07信義區,信義區松智路與松勤街口,0,0,2,3,H02,8,1,5,50,4,1,1,5,4,5,7,2,1,9,4,5,2,12,2,25,2,8,1,5,7,21,8,20,10,16,,67,,1,22,9,121.5654166,25.0318876
112,1,13,9,9,2,07信義區,信義區松智路與松勤街口,0,0,2,1,B12,8,1,5,50,4,1,1,5,4,5,7,2,1,9,4,5,2,12,1,58,3,10,1,1,7,6,1,8,2,2,,6,,1,22,9,121.5654166,25.0318876
112,1,13,9,9,2,07信義區,信義區松智路與松勤街口,0,0,2,2,C03,8,1,5,50,4,1,1,5,4,5,7,2,1,9,4,5,2,12,1,25,2,8,1,1,7,9,1,10,2,14,,23,,1,22,9,121.5654166,25.0318876
112,1,13,10,4,2,09北投區,北投區致遠二路105號,0,0,1,1,B12,8,1,5,0,14,9,1,5,4,5,7,4,4,9,4,5,1,11,1,57,3,10,1,1,7,9,1,8,1,4,,4,,1,22,9,121.511819,25.1163089
112,1,13,10,4,2,09北投區,北投區致遠二路105號,0,0,1,2,F01,8,1,5,0,14,9,1,5,4,5,7,4,4,9,4,5,1,11,1,30,2,7,3,1,7,9,8,20,1,16,,43,,1,22,9,121.511819,25.1163089
112,1,13,10,32,2,04大安區,大安區瑞安街71巷與瑞安街口,0,0,2,1,F01,8,1,5,50,4,2,1,5,4,5,7,2,1,8,3,5,1,10,1,75,2,7,3,1,7,9,8,20,1,16,,4,,1,21,7,121.5413031,25.02859245
112,1,13,10,32,2,04大安區,大安區瑞安街71巷與瑞安街口,0,0,2,2,C03,8,1,5,50,4,2,1,5,4,5,7,2,1,8,3,5,1,10,1,26,2,8,1,1,7,9,1,10,1,11,,44,,1,21,8,121.5413031,25.02859245
112,1,13,10,32,2,04大安區,大安區瑞安街71巷與瑞安街口,0,0,2,3,B03,8,1,5,50,4,2,1,5,4,5,7,2,1,8,3,5,1,10,1,48,3,10,1,1,7,1,1,8,1,8,,19,,1,21,5,121.5413031,25.02859245
112,1,13,10,35,2,03中山區,中山區民生東路2段159巷與錦州街口,0,0,1,1,C03,8,1,5,50,4,1,1,5,4,5,7,4,4,5,5,5,2,16,1,45,2,8,1,1,7,1,1,10,11,11,,19,,1,22,9,121.5360761,25.0602941
112,1,13,10,35,2,03中山區,中山區民生東路2段159巷與錦州街口,0,0,1,2,B03,8,1,5,50,4,1,1,5,4,5,7,4,4,5,5,5,2,16,1,50,3,10,1,1,7,5,1,8,1,1,,26,,1,22,9,121.5360761,25.0602941
112,1,13,10,46,2,07信義區,信義區永吉路200巷24弄與永吉路200巷口,0,0,1,1,C03,8,1,5,30,4,1,1,5,4,5,7,4,4,10,5,5,1,15,2,59,2,8,1,1,7,9,1,10,2,11,,6,,1,22,9,121.5726701,25.04463
112,1,13,10,46,2,07信義區,信義區永吉路200巷24弄與永吉路200巷口,0,0,1,2,B11,8,1,5,30,4,1,1,5,4,5,7,4,4,10,5,5,1,15,1,41,3,10,3,4,7,9,1,3,2,4,,44,,1,22,9,121.5726701,25.04463
112,1,13,10,50,2,12內湖區,內湖區環山路3段與內湖路2段103巷口,0,0,1,2,C03,8,1,5,50,3,2,4,5,4,5,7,1,1,5,4,5,2,11,1,19,2,9,1,1,7,9,1,8,9,11,,44,,1,22,9,121.5809275,25.08470285
112,1,13,10,50,2,12內湖區,內湖區環山路3段與內湖路2段103巷口,0,0,1,1,B03,8,1,5,50,3,2,4,5,4,5,7,1,1,5,4,5,2,11,1,68,3,10,1,1,7,5,1,8,2,2,,6,,1,22,9,121.5809275,25.08470285
112,1,13,11,17,2,03中山區,中山區自強隧道圓環往士林,0,0,1,1,C03,8,1,5,50,16,7,1,5,4,5,7,1,1,10,4,3,2,17,1,54,2,9,1,1,7,5,1,10,2,14,,8,,1,22,9,121.5501518,25.086284
112,1,13,11,17,2,03中山區,中山區自強隧道圓環往士林,0,0,1,2,B03,8,1,5,50,16,7,1,5,4,5,7,1,1,10,4,3,2,17,2,51,3,10,1,1,7,6,1,8,2,6,,23,,1,22,9,121.5501518,25.086284
112,1,13,11,17,2,08士林區,士林區承德路4段與前港街口,0,0,1,2,C03,8,1,5,40,3,1,1,5,4,5,7,4,4,10,4,4,2,17,1,44,2,9,1,1,7,9,1,10,1,11,,13,,1,22,9,121.5233138,25.0849076
112,1,13,11,17,2,08士林區,士林區承德路4段與前港街口,0,0,1,1,C03,8,1,5,40,3,1,1,5,4,5,7,4,4,10,4,4,2,17,2,56,3,10,1,1,7,6,1,10,1,12,,9,,1,22,9,121.5233138,25.0849076
112,1,13,11,30,2,11南港區,南港區弘道橋與大坑街口,0,0,1,1,B12,8,1,5,50,3,2,1,5,4,5,7,4,4,9,5,5,2,11,2,47,3,10,1,1,7,1,1,8,1,1,,19,,1,22,9,121.6163791,25.0488148
112,1,13,11,30,2,11南港區,南港區弘道橋與大坑街口,0,0,1,2,C04,8,1,5,50,3,2,1,5,4,5,7,4,4,9,5,5,2,11,2,74,2,9,1,1,7,5,1,11,1,12,,6,,1,22,9,121.6163791,25.0488148
112,1,13,11,38,2,06松山區,松山區復興北路313巷與敦化北路222巷18弄口,0,0,1,1,C03,8,1,5,30,5,1,1,5,4,5,7,4,4,10,5,5,2,15,2,67,2,9,1,1,7,9,1,10,1,14,,23,,1,22,9,121.5474563,25.0589217
112,1,13,11,38,2,06松山區,松山區復興北路313巷與敦化北路222巷18弄口,0,0,1,2,B12,8,1,5,30,5,1,1,5,4,5,7,4,4,10,5,5,2,15,1,48,3,10,1,1,7,9,1,4,1,1,,6,,1,22,9,121.5474563,25.0589217
112,1,13,12,12,2,06松山區,松山區松河街218號,0,0,2,1,C03,8,1,5,40,14,9,1,5,4,5,7,4,4,9,5,5,2,8,1,25,2,9,1,1,7,9,1,10,1,11,,13,,1,22,9,121.5781006,25.05167728
112,1,13,12,12,2,06松山區,松山區松河街218號,0,0,2,2,H01,8,1,5,40,14,9,1,5,4,5,7,4,4,9,5,5,2,8,1,67,2,8,4,5,8,17,8,20,10,16,,51,,1,22,9,121.5781006,25.05167728
112,1,13,12,14,2,06松山區,松山區民生東路5段32號,0,0,2,1,B02,8,1,5,50,14,9,1,5,4,5,7,2,1,3,4,5,2,12,1,57,3,10,3,4,7,13,1,8,2,4,,40,,1,22,9,121.5504495,25.05778976
112,1,13,12,14,2,06松山區,松山區民生東路5段32號,0,0,2,4,H02,8,1,5,50,14,9,1,5,4,5,7,2,1,3,4,5,2,12,1,59,2,9,1,4,7,20,8,20,10,16,,67,,1,22,9,121.5504495,25.05778976
112,1,13,12,14,2,06松山區,松山區民生東路5段32號,0,0,2,3,C03,8,1,5,50,14,9,1,5,4,5,7,2,1,3,4,5,2,12,1,31,3,10,1,4,7,9,1,10,2,11,,44,,1,22,9,121.5504495,25.05778976
112,1,13,12,14,2,06松山區,松山區民生東路5段32號,0,0,2,2,C03,8,1,5,50,14,9,1,5,4,5,7,2,1,3,4,5,2,12,2,57,2,9,1,4,7,9,1,10,2,12,,44,,1,22,9,121.5504495,25.05778976
112,1,13,12,24,2,07信義區,信義區忠孝東路5段與中坡北路口口,0,0,2,1,C03,8,1,5,50,4,1,1,5,4,5,7,2,1,5,5,4,1,16,1,24,2,8,3,4,7,5,1,10,1,12,,6,,1,22,9,121.581878,25.0441872
112,1,13,12,24,2,07信義區,信義區忠孝東路5段與中坡北路口口,0,0,2,2,C03,8,1,5,50,4,1,1,5,4,5,7,2,1,5,5,4,1,16,1,46,2,8,3,4,7,9,1,9,1,11,,23,,1,22,9,121.581878,25.0441872
112,1,13,12,35,2,07信義區,信義區莊敬路423巷8弄與莊敬路423巷口,0,0,1,2,C03,8,1,5,50,3,1,1,5,4,5,7,4,4,5,5,5,1,17,2,46,2,8,3,4,7,9,1,10,1,11,,44,,1,22,9,121.5669906,25.0285376
112,1,13,12,35,2,07信義區,信義區莊敬路423巷8弄與莊敬路423巷口,0,0,1,1,C03,8,1,5,50,3,1,1,5,4,5,7,4,4,5,5,5,1,17,2,24,3,10,3,4,7,7,1,10,1,11,,7,,1,22,9,121.5669906,25.0285376
112,1,13,12,42,2,02萬華區,萬華區環河南路1段與武昌街2段口,0,0,1,1,C03,8,1,5,50,4,1,1,5,4,5,7,1,1,8,3,5,2,15,1,69,4,11,3,4,7,15,7,19,11,15,,25,,2,22,9,121.5025136,25.0457269
112,1,13,12,42,2,02萬華區,萬華區環河南路1段與武昌街2段口,0,0,1,2,C03,8,1,5,50,4,1,1,5,4,5,7,1,1,8,3,5,2,15,2,28,2,9,1,4,7,9,3,18,1,12,,44,,1,22,9,121.5025136,25.0457269
112,1,13,12,56,2,09北投區,北投區大業路157號,0,0,1,1,B03,8,1,5,60,14,9,1,5,4,5,7,4,4,1,4,5,2,17,2,29,3,10,1,1,7,6,1,8,2,2,,9,,1,22,9,121.4986522,25.1248935
112,1,13,12,56,2,09北投區,北投區大業路157號,0,0,1,2,C03,8,1,5,60,14,9,1,5,4,5,7,4,4,1,4,5,2,17,2,62,2,9,1,1,7,9,1,10,2,14,,44,,1,22,9,121.4986522,25.1248935
112,1,13,13,35,2,03中山區,中山區吉林路144巷與吉林路口口旁,0,0,1,1,B03,8,1,5,40,4,2,1,5,4,5,7,1,1,5,5,4,2,16,2,33,3,10,3,4,7,1,1,8,1,8,,19,,1,22,9,121.5301203,25.056142
112,1,13,13,35,2,03中山區,中山區吉林路144巷與吉林路口口旁,0,0,1,2,C03,8,1,5,40,4,2,1,5,4,5,7,1,1,5,5,4,2,16,1,40,2,8,1,4,7,1,1,10,1,12,,44,,1,22,9,121.5301203,25.056142
112,1,13,13,40,2,05中正區,中正區永春街200巷與水源路口,0,0,1,1,C03,8,1,5,30,3,2,1,5,4,5,7,1,1,10,5,5,2,17,1,33,2,7,1,1,7,1,1,10,11,14,,19,,2,22,9,121.5261674,25.01531332
112,1,13,13,40,2,05中正區,中正區永春街200巷與水源路口,0,0,1,2,B03,8,1,5,30,3,2,1,5,4,5,7,1,1,10,5,5,2,17,2,55,3,10,1,1,7,9,1,8,11,2,,44,,1,22,9,121.5261674,25.01531332
112,1,13,13,47,2,04大安區,大安區仁愛路4段169號,0,0,1,1,B01,8,1,5,50,14,9,1,5,4,5,7,4,4,8,3,5,2,12,1,67,3,10,1,1,7,8,1,8,1,15,,7,,1,22,9,121.5521751,25.0380048
112,1,13,13,47,2,04大安區,大安區仁愛路4段169號,0,0,1,2,C03,8,1,5,50,14,9,1,5,4,5,7,4,4,8,3,5,2,12,1,40,2,9,1,1,7,9,1,10,1,14,,44,,1,22,9,121.5521751,25.0380048
112,1,13,13,58,2,10文山區,文山區新光路1段與新光路1段66巷口,0,0,3,1,C03,8,1,5,50,14,9,1,5,4,5,7,4,4,9,4,5,2,16,1,64,2,9,1,1,7,5,4,10,2,11,14,8,,1,22,9,121.573719,24.99042732
112,1,13,13,58,2,10文山區,文山區新光路1段與新光路1段66巷口,0,0,3,2,C03,8,1,5,50,14,9,1,5,4,5,7,4,4,9,4,5,2,16,2,46,2,9,1,1,7,4,1,10,2,11,14,1,,1,22,9,121.573719,24.99042732
112,1,13,13,58,2,10文山區,文山區新光路1段與新光路1段66巷口,0,0,3,3,H02,8,1,5,50,14,9,1,5,4,5,7,4,4,9,4,5,2,16,2,53,2,9,4,5,7,20,8,20,10,16,,67,,1,22,9,121.573719,24.99042732
112,1,13,14,0,2,05中正區,中正區羅斯福路3段84巷與晉江街口口,0,0,1,2,C03,8,1,5,30,4,1,1,5,4,5,7,4,4,10,5,5,2,16,2,32,2,9,1,1,7,9,1,10,1,14,,23,,1,22,9,121.5262139,25.0216344
112,1,13,14,0,2,05中正區,中正區羅斯福路3段84巷與晉江街口口,0,0,1,1,C03,8,1,5,30,4,1,1,5,4,5,7,4,4,10,5,5,2,16,1,33,3,10,1,1,7,9,1,10,1,11,,6,,1,22,9,121.5262139,25.0216344
112,1,13,14,8,2,10文山區,文山區木新路3段74巷與興隆路4段179巷口,0,0,2,2,C03,8,1,5,50,4,1,1,5,4,5,7,4,4,5,5,5,2,15,1,54,2,7,1,1,7,9,1,10,1,11,,23,,1,22,9,121.563015,24.9837411
112,1,13,14,8,2,10文山區,文山區木新路3段74巷與興隆路4段179巷口,0,0,2,1,C03,8,1,5,50,4,1,1,5,4,5,7,4,4,5,5,5,2,15,2,27,2,9,1,1,7,9,1,10,1,11,,6,,1,22,9,121.563015,24.9837411
112,1,13,14,13,2,01大同區,大同區承德路2段與民權西路口,0,0,4,1,B03,8,1,5,50,4,2,1,5,4,5,7,2,1,1,4,5,2,13,2,58,3,10,3,4,7,9,1,8,2,1,,23,,1,22,9,121.5183684,25.06277239
112,1,13,14,13,2,01大同區,大同區承德路2段與民權西路口,0,0,4,2,B01,8,1,5,50,4,2,1,5,4,5,7,2,1,1,4,5,2,13,1,51,2,3,3,4,7,14,1,4,2,3,,42,,1,22,9,121.5183684,25.06277239
112,1,13,14,13,2,01大同區,大同區承德路2段與民權西路口,0,0,4,3,C03,8,1,5,50,4,2,1,5,4,5,7,2,1,1,4,5,2,13,1,18,2,5,3,4,7,14,1,10,2,13,,42,,1,22,9,121.5183684,25.06277239
112,1,13,14,13,2,01大同區,大同區承德路2段與民權西路口,0,0,4,4,C03,8,1,5,50,4,2,1,5,4,5,7,2,1,1,4,5,2,13,1,18,3,10,3,4,7,14,1,10,2,13,,42,,1,22,9,121.5183684,25.06277239
112,1,13,14,13,2,01大同區,大同區承德路2段與民權西路口,0,0,4,5,C03,8,1,5,50,4,2,1,5,4,5,7,2,1,1,4,5,2,13,2,54,2,9,3,4,7,14,1,10,2,13,,42,,1,22,9,121.5183684,25.06277239
112,1,13,14,13,2,01大同區,大同區承德路2段與民權西路口,0,0,4,6,H02,8,1,5,50,4,2,1,5,4,5,7,2,1,1,4,5,2,13,2,52,2,9,3,4,7,20,8,20,10,16,,67,,1,22,9,121.5183684,25.06277239
112,1,13,14,30,2,07信義區,信義區基隆路2段與嘉興街口,0,0,1,1,C03,8,1,5,50,14,9,1,5,4,5,7,4,4,10,4,5,2,16,1,22,2,9,1,1,7,4,1,10,1,11,,23,,1,22,9,121.5592107,25.0325273