發生年度,發生月,發生日,發生時-Hours,發生分,處理別-編號,區序,肇事地點,死亡人數,2-30日死亡人數,受傷人數,當事人序號,車種,天候,光線,道路類別,速限-速度限制,道路型態,事故位置,路面狀況1,路面狀況2,路面狀況3,道路障礙1,道路障礙2,號誌1,號誌2,車道劃分-分向,車道劃分-分道1,車道劃分-分道2,車道劃分-分道3,事故類型及型態,性別,年齡,受傷程度,主要傷處,保護裝置,行動電話,車輛用途,當事者行動狀態,駕駛資格情形,駕駛執照種類,飲酒情形,車輛撞擊部位1,車輛撞擊部位2,肇因碼-個別,肇因碼-主要,個人肇逃否,職業,旅次目的,座標-X,座標-Y
112,1,13,14,30,2,07信義區,信義區基隆路2段與嘉興街口,0,0,1,2,B03,8,1,5,50,14,9,1,5,4,5,7,4,4,10,4,5,2,16,1,19,3,10,1,1,7,9,1,8,1,6,,44,,1,22,9,121.5592107,25.0325273
112,1,13,14,30,2,12內湖區,內湖區環山路3段與內湖路2段103巷口,0,0,1,1,C03,8,1,5,50,3,1,1,5,4,5,7,1,1,5,4,5,2,12,2,57,2,9,1,1,7,7,4,11,1,13,,7,,1,22,9,121.5808908,25.08470324
112,1,13,14,30,2,12內湖區,內湖區環山路3段與內湖路2段103巷口,0,0,1,2,B03,8,1,5,50,3,1,1,5,4,5,7,1,1,5,4,5,2,12,1,55,3,10,1,1,7,9,1,8,1,1,,44,,1,22,9,121.5808908,25.08470324
112,1,13,14,48,2,09北投區,北投區大業路與大業路517巷口,0,0,1,1,C03,8,1,5,60,3,1,1,5,4,5,7,4,4,1,4,4,2,16,1,19,2,8,1,1,7,11,1,10,1,11,,10,,1,22,9,121.4958375,25.1336034
112,1,13,14,48,2,09北投區,北投區大業路與大業路517巷口,0,0,1,2,B01,8,1,5,60,3,1,1,5,4,5,7,4,4,1,4,4,2,16,1,57,3,10,1,1,7,9,1,4,1,4,,23,,1,10,9,121.4958375,25.1336034
112,1,13,15,3,2,02萬華區,萬華區忠孝橋往台北市,0,0,2,1,C03,8,1,5,50,8,11,1,5,4,5,7,2,1,3,2,5,2,13,1,46,2,7,1,1,7,9,6,18,1,11,,23,,1,22,9,121.5072144,25.04867322
112,1,13,15,3,2,02萬華區,萬華區忠孝橋往台北市,0,0,2,2,C03,8,1,5,50,8,11,1,5,4,5,7,2,1,3,2,5,2,13,2,28,2,8,1,1,7,14,1,10,1,13,,44,,1,22,9,121.5072144,25.04867322
112,1,13,15,21,2,03中山區,中山區四平街與一江街口,0,0,1,2,B03,7,1,5,50,4,1,1,5,4,5,7,1,1,5,5,5,2,17,1,50,3,10,1,1,7,9,1,8,1,2,,44,,1,22,9,121.5315457,25.0535963
112,1,13,15,21,2,03中山區,中山區四平街與一江街口,0,0,1,1,C03,7,1,5,50,4,1,1,5,4,5,7,1,1,5,5,5,2,17,2,24,2,7,1,1,7,5,1,10,1,14,,6,,1,22,9,121.5315457,25.0535963
112,1,13,15,50,2,05中正區,中正區中華路2段與和平西路2段口,0,0,1,1,B03,8,1,5,50,4,1,1,5,4,5,7,1,1,5,4,5,2,16,1,38,3,10,1,1,7,5,1,8,1,5,,8,,1,22,9,121.5053507,25.0333879
112,1,13,15,50,2,05中正區,中正區中華路2段與和平西路2段口,0,0,1,2,C03,8,1,5,50,4,1,1,5,4,5,7,1,1,5,4,5,2,16,1,20,2,9,1,1,7,9,3,18,1,11,,44,,1,22,9,121.5053507,25.0333879
112,1,13,15,50,2,05中正區,中正區中華路2段與和平西路2段口,0,0,1,3,H02,8,1,5,50,4,1,1,5,4,5,7,1,1,5,4,5,2,16,2,18,4,11,1,5,7,20,8,20,10,16,,67,,1,22,9,121.5053507,25.0333879
112,1,13,15,50,2,09北投區,北投區知行路與知行路316巷口,0,0,1,1,B03,8,1,5,50,3,1,1,5,4,5,7,4,4,5,4,5,2,16,1,63,3,10,1,1,7,5,1,8,2,8,,8,,1,22,9,121.4671644,25.12253742
112,1,13,15,50,2,09北投區,北投區知行路與知行路316巷口,0,0,1,2,C04,8,1,5,50,3,1,1,5,4,5,7,4,4,5,4,5,2,16,2,28,2,9,1,1,7,9,1,10,2,14,,44,,1,22,9,121.4671644,25.12253742
112,1,13,16,10,2,03中山區,中山區長安東路1段與長安東路1段77巷口,0,0,2,2,C03,7,1,5,50,4,1,1,5,4,5,7,2,1,4,3,5,2,13,1,19,2,9,3,4,7,9,1,10,11,13,,44,,1,22,9,121.5282224,25.0483279
112,1,13,16,10,2,03中山區,中山區長安東路1段與長安東路1段77巷口,0,0,2,3,H02,7,1,5,50,4,1,1,5,4,5,7,2,1,4,3,5,2,13,2,20,2,9,3,5,7,20,8,20,10,16,,67,,1,22,9,121.5282224,25.0483279
112,1,13,16,10,2,03中山區,中山區長安東路1段與長安東路1段77巷口,0,0,2,1,B02,7,1,5,50,4,1,1,5,4,5,7,2,1,4,3,5,2,13,4,0,4,11,3,4,7,15,7,19,11,15,,43,,2,22,9,121.5282224,25.0483279
112,1,13,16,33,2,12內湖區,內湖區民權東路6段與民權東路6段口與往康寧路3段引道口,0,0,1,1,B03,8,1,5,50,3,1,1,5,4,5,7,4,4,3,4,4,2,16,1,25,4,11,3,4,7,6,7,19,11,15,,9,,2,22,9,121.605506,25.07294015
112,1,13,16,33,2,12內湖區,內湖區民權東路6段與民權東路6段口與往康寧路3段引道口,0,0,1,2,F01,8,1,5,50,3,1,1,5,4,5,7,4,4,3,4,4,2,16,1,35,2,7,1,1,7,9,8,20,1,16,,44,,1,22,9,121.605506,25.07294015
112,1,13,16,38,2,02萬華區,萬華區環河南路1段與漢口街2段口,0,0,1,3,H02,8,1,5,50,3,1,1,5,4,5,7,2,1,8,3,5,1,16,1,17,2,8,3,5,7,21,8,20,10,15,,67,,1,22,9,121.5036644,25.04645271
112,1,13,16,38,2,02萬華區,萬華區環河南路1段與漢口街2段口,0,0,1,2,C03,8,1,5,50,3,1,1,5,4,5,7,2,1,8,3,5,1,16,1,21,3,10,3,4,7,9,1,10,1,14,,13,,1,22,9,121.5036644,25.04645271
112,1,13,16,38,2,02萬華區,萬華區環河南路1段與漢口街2段口,0,0,1,1,B02,8,1,5,50,3,1,1,5,4,5,7,2,1,8,3,5,1,16,1,51,3,10,3,4,7,5,1,8,1,5,,6,,1,22,9,121.5036644,25.04645271
112,1,13,16,40,2,06松山區,松山區民權東路3段與復興北路口,0,0,1,2,B03,8,2,5,50,14,9,1,5,4,5,7,4,4,3,4,5,2,13,2,51,3,10,3,4,7,9,1,8,2,7,,44,,1,22,9,121.5446907,25.0621716
112,1,13,16,40,2,06松山區,松山區民權東路3段與復興北路口,0,0,1,1,C03,8,2,5,50,14,9,1,5,4,5,7,4,4,3,4,5,2,13,2,19,2,9,3,4,7,9,1,10,2,11,,16,,1,22,9,121.5446907,25.0621716
112,1,13,16,45,2,03中山區,中山區中山北路2段與民權西路口,0,0,1,2,C03,8,1,5,50,4,1,1,5,4,5,7,1,3,1,4,5,2,15,2,33,2,9,1,1,7,9,1,10,1,11,,44,,1,22,9,121.5225703,25.06266366
112,1,13,16,45,2,03中山區,中山區中山北路2段與民權西路口,0,0,1,1,C03,8,1,5,50,4,1,1,5,4,5,7,1,3,1,4,5,2,15,1,67,4,11,3,4,7,15,7,19,11,15,,25,,2,22,9,121.5225703,25.06266366
112,1,13,16,58,2,04大安區,大安區敦化南路1段246號,0,0,1,2,C03,8,1,5,50,14,9,1,5,4,5,7,4,4,8,3,5,1,16,2,45,2,9,1,1,7,9,1,10,1,15,,44,,1,22,9,121.5485715,25.0404068
112,1,13,16,58,2,04大安區,大安區敦化南路1段246號,0,0,1,1,C03,8,1,5,50,14,9,1,5,4,5,7,4,4,8,3,5,1,16,1,57,3,10,1,1,7,8,1,10,1,15,,7,,1,22,9,121.5485715,25.0404068
112,1,13,17,0,2,04大安區,大安區新生南路2段與信義路3段口,0,0,1,1,C03,8,1,5,50,14,9,1,5,4,5,7,4,4,10,5,5,2,17,1,38,2,9,1,1,7,12,1,10,1,12,,23,,1,22,9,121.5332074,25.03345848
112,1,13,17,0,2,04大安區,大安區新生南路2段與信義路3段口,0,0,1,2,B01,8,1,5,50,14,9,1,5,4,5,7,4,4,10,5,5,2,17,1,59,3,10,1,1,7,8,1,3,1,15,,7,,1,22,9,121.5332074,25.03345848
112,1,13,17,1,2,03中山區,中山區新生北路2段與南京東路1段口,0,0,1,2,B03,7,3,5,50,4,2,1,5,4,5,7,4,4,1,4,4,2,13,2,39,3,10,1,1,7,9,1,8,2,3,,44,,1,22,9,121.5274457,25.0521862
112,1,13,17,1,2,03中山區,中山區新生北路2段與南京東路1段口,0,0,1,1,C03,7,3,5,50,4,2,1,5,4,5,7,4,4,1,4,4,2,13,1,42,2,7,1,1,7,9,1,10,2,11,,16,,1,22,9,121.5274457,25.0521862
112,1,13,17,17,2,09北投區,北投區中央北路2段與文化三路口,0,0,1,1,C03,8,1,5,50,4,1,1,5,4,5,7,1,1,4,4,5,2,13,1,31,3,10,1,1,7,9,1,10,1,11,,23,,1,22,9,121.4960151,25.1365793
112,1,13,17,17,2,09北投區,北投區中央北路2段與文化三路口,0,0,1,2,C03,8,1,5,50,4,1,1,5,4,5,7,1,1,4,4,5,2,13,1,28,2,9,1,1,7,15,1,10,1,13,,44,,1,22,9,121.4960151,25.1365793
112,1,13,17,33,2,04大安區,大安區敦化南路2段172巷與敦化南路2段172巷8弄口,0,0,2,3,H02,8,3,5,30,14,9,1,5,4,5,7,4,4,10,5,5,2,17,2,71,2,9,1,5,7,20,8,20,10,16,,67,,1,22,9,121.5477098,25.0240664
112,1,13,17,33,2,04大安區,大安區敦化南路2段172巷與敦化南路2段172巷8弄口,0,0,2,2,C03,8,3,5,30,14,9,1,5,4,5,7,4,4,10,5,5,2,17,2,44,2,9,1,1,7,9,1,10,1,12,,44,,1,22,9,121.5477098,25.0240664
112,1,13,17,33,2,04大安區,大安區敦化南路2段172巷與敦化南路2段172巷8弄口,0,0,2,1,B03,8,3,5,30,14,9,1,5,4,5,7,4,4,10,5,5,2,17,1,57,3,10,1,1,7,15,1,8,1,8,,40,,1,22,9,121.5477098,25.0240664
112,1,13,17,41,2,03中山區,中山區新生北路1段45號,0,0,2,2,B01,8,3,5,50,14,9,1,5,4,5,7,1,1,1,5,5,2,12,1,45,2,9,1,1,7,9,1,4,1,5,,44,,1,22,9,121.5297942,25.0478007
112,1,13,17,41,2,03中山區,中山區新生北路1段45號,0,0,2,1,C03,8,3,5,50,14,9,1,5,4,5,7,1,1,1,5,5,2,12,2,41,2,9,1,1,7,7,1,10,1,14,,7,,1,22,9,121.5297942,25.0478007
112,1,13,17,45,2,04大安區,大安區通化街39巷49弄與通化街口側附近39巷口,0,0,1,2,B03,8,3,5,30,4,2,1,5,4,5,7,4,4,10,5,5,2,16,1,22,3,10,1,1,7,9,1,8,1,5,2,6,,1,22,9,121.5554957,25.03091675
112,1,13,17,45,2,04大安區,大安區通化街39巷49弄與通化街口側附近39巷口,0,0,1,1,C03,8,3,5,30,4,2,1,5,4,5,7,4,4,10,5,5,2,16,2,47,2,9,1,1,7,6,1,10,1,11,,23,,1,22,9,121.5554957,25.03091675
112,1,13,17,51,2,08士林區,士林區洲美快速道路208燈桿,0,0,2,3,H02,8,3,5,50,15,9,1,5,4,5,7,4,4,1,4,5,2,13,2,52,2,1,3,5,7,20,8,20,10,16,,67,,1,22,9,121.4973532,25.0968929
112,1,13,17,51,2,08士林區,士林區洲美快速道路208燈桿,0,0,2,2,B03,8,3,5,50,15,9,1,5,4,5,7,4,4,1,4,5,2,13,1,55,2,1,3,4,7,14,1,8,1,3,,44,,1,22,9,121.4973532,25.0968929
112,1,13,17,51,2,08士林區,士林區洲美快速道路208燈桿,0,0,2,1,B12,8,3,5,50,15,9,1,5,4,5,7,4,4,1,4,5,2,13,1,62,3,10,3,4,7,9,1,8,1,1,,23,,1,22,9,121.4973532,25.0968929
112,1,13,17,53,2,04大安區,大安區安居街34巷與安居街口,0,0,1,1,C03,8,3,5,30,3,1,1,5,4,5,7,4,4,9,5,5,2,17,2,43,3,10,1,3,7,1,1,10,2,14,,19,,1,22,9,121.5545063,25.0206059
112,1,13,17,53,2,04大安區,大安區安居街34巷與安居街口,0,0,1,2,C03,8,3,5,30,3,1,1,5,4,5,7,4,4,9,5,5,2,17,1,47,2,9,1,1,7,9,1,9,2,12,,44,,1,22,9,121.5545063,25.0206059
112,1,13,17,55,2,04大安區,大安區新生南路2段32號前,0,0,1,2,F01,8,2,5,0,14,9,1,5,4,5,7,4,4,10,3,3,1,12,1,64,2,9,1,1,7,7,8,20,1,16,,7,,1,5,1,121.5332308,25.03151642
112,1,13,17,55,2,04大安區,大安區新生南路2段32號前,0,0,1,1,B02,8,2,5,0,14,9,1,5,4,5,7,4,4,10,3,3,1,12,2,27,3,10,1,1,7,9,1,8,1,2,,23,,1,5,8,121.5332308,25.03151642
112,1,13,18,17,1,03中山區,中山區中山北路2段與中山北路2段115巷口,1,0,0,2,B03,7,3,5,50,14,9,1,5,4,5,7,4,4,4,4,1,2,17,1,34,3,10,1,4,7,9,1,8,2,6,,44,,1,22,9,121.523068,25.06082245
112,1,13,18,17,1,03中山區,中山區中山北路2段與中山北路2段115巷口,1,0,0,1,C03,7,3,5,50,14,9,1,5,4,5,7,4,4,4,4,1,2,17,1,68,1,1,1,4,7,15,1,10,9,14,,42,,1,22,9,121.523068,25.06082245
112,1,13,18,17,1,03中山區,中山區中山北路2段與中山北路2段115巷口,1,0,0,3,C03,7,3,5,50,14,9,1,5,4,5,7,4,4,4,4,1,2,17,2,53,3,10,1,4,7,7,1,10,2,15,,7,,1,22,9,121.523068,25.06082245
112,1,13,18,17,2,08士林區,士林區中山北路4段往南(劍潭公車站牌前),0,0,1,1,C03,8,3,5,50,14,9,1,5,4,5,7,4,4,1,4,5,2,12,2,23,4,11,3,4,7,15,7,19,11,15,,44,,2,22,9,121.5248134,25.08171452
112,1,13,18,17,2,08士林區,士林區中山北路4段往南(劍潭公車站牌前),0,0,1,2,C03,8,3,5,50,14,9,1,5,4,5,7,4,4,1,4,5,2,12,1,19,2,9,3,4,7,9,1,10,1,14,,16,,1,22,9,121.5248134,25.08171452
112,1,13,18,22,2,06松山區,松山區民生東路5段34-1號與民生東路5段36巷口,0,0,1,2,C03,8,3,5,50,15,9,1,5,4,5,7,1,1,1,4,5,2,16,1,68,2,9,1,4,7,9,1,10,1,14,,44,,1,22,9,121.5569912,25.0583262
112,1,13,18,22,2,06松山區,松山區民生東路5段34-1號與民生東路5段36巷口,0,0,1,1,B03,8,3,5,50,15,9,1,5,4,5,7,1,1,1,4,5,2,16,2,73,3,10,1,4,7,5,1,8,1,5,,6,,1,22,9,121.5569912,25.0583262
112,1,13,18,23,2,09北投區,北投區立德路與立德路120巷口,0,0,1,1,B03,8,3,5,50,14,9,1,5,4,5,7,4,4,5,5,5,2,16,2,41,3,10,1,1,7,9,1,8,1,4,,26,,1,22,9,121.4720521,25.12666491
112,1,13,18,23,2,09北投區,北投區立德路與立德路120巷口,0,0,1,2,C03,8,3,5,50,14,9,1,5,4,5,7,4,4,5,5,5,2,16,1,29,2,9,1,1,7,1,1,10,1,12,,19,,1,22,9,121.4720521,25.12666491
112,1,13,18,38,2,05中正區,中正區羅斯福路1段與寧波西街口,0,0,1,1,C03,8,3,5,50,4,2,1,5,4,5,7,1,1,3,4,4,2,13,1,32,2,9,1,1,7,9,1,10,1,11,,16,,1,22,9,121.5189128,25.0317488
112,1,13,18,38,2,05中正區,中正區羅斯福路1段與寧波西街口,0,0,1,2,B03,8,3,5,50,4,2,1,5,4,5,7,1,1,3,4,4,2,13,1,42,3,10,1,1,7,15,1,8,1,6,,44,,1,22,9,121.5189128,25.0317488
112,1,13,18,44,2,05中正區,中正區開封街1段6號前,0,0,2,1,C03,8,3,5,50,14,9,1,5,4,5,7,4,4,9,4,5,1,3,1,28,2,9,1,1,7,9,1,10,1,11,,14,,1,21,5,121.5136296,25.04576
112,1,13,18,44,2,05中正區,中正區開封街1段6號前,0,0,2,2,H01,8,3,5,50,14,9,1,5,4,5,7,4,4,9,4,5,1,3,1,22,2,8,4,5,8,16,8,20,10,16,,51,,1,21,1,121.5136296,25.04576
112,1,13,18,47,2,09北投區,北投區大業路452巷29號,0,0,1,1,B03,8,3,5,30,14,9,1,5,4,5,7,4,4,9,4,5,2,12,2,61,3,10,1,1,7,1,1,8,1,4,,19,,1,22,9,121.4972843,25.1319569
112,1,13,18,47,2,09北投區,北投區大業路452巷29號,0,0,1,2,C03,8,3,5,30,14,9,1,5,4,5,7,4,4,9,4,5,2,12,1,66,2,9,1,1,7,9,1,10,1,12,,44,,1,22,9,121.4972843,25.1319569
112,1,13,18,50,2,12內湖區,內湖區康寧路3段189巷與康寧路3段165巷口,0,0,1,1,B03,8,3,5,30,3,1,1,5,4,5,7,4,4,10,5,5,2,14,1,51,3,10,1,1,7,2,1,8,1,7,,12,,1,22,9,121.6126791,25.07179919
112,1,13,18,50,2,12內湖區,內湖區康寧路3段189巷與康寧路3段165巷口,0,0,1,2,C03,8,3,5,30,3,1,1,5,4,5,7,4,4,10,5,5,2,14,1,20,2,8,1,1,7,14,1,9,1,12,,44,,1,22,9,121.6126791,25.07179919
112,1,13,18,55,2,05中正區,中正區中山北路1段行政院西側,0,0,1,2,C03,8,3,5,50,14,9,1,5,4,5,7,4,4,5,4,5,2,12,1,19,2,9,1,1,7,9,1,10,2,12,,44,,1,22,9,121.5201353,25.04653657
112,1,13,18,55,2,05中正區,中正區中山北路1段行政院西側,0,0,1,1,B01,8,3,5,50,14,9,1,5,4,5,7,4,4,5,4,5,2,12,1,68,3,10,1,1,7,7,1,4,2,4,,7,,1,22,9,121.5201353,25.04653657
112,1,13,18,59,2,05中正區,中正區廈門街16號,0,0,2,1,C03,8,3,5,50,4,2,1,5,4,5,7,4,4,9,4,5,2,3,1,53,2,9,1,1,7,9,1,10,2,11,,23,,1,22,9,121.5177963,25.02630961
112,1,13,18,59,2,05中正區,中正區廈門街16號,0,0,2,2,H01,8,3,5,50,4,2,1,5,4,5,7,4,4,9,4,5,2,3,1,28,2,9,4,5,8,16,8,20,1,16,,51,,1,22,9,121.5177963,25.02630961
112,1,13,19,0,2,11南港區,南港區南港路3段268巷與南港路3段口,0,0,1,1,C03,8,3,5,30,3,1,1,5,4,5,7,4,4,4,3,5,2,16,1,19,2,9,1,1,7,5,1,10,2,14,,8,,1,22,9,121.5838843,25.052112
112,1,13,19,0,2,11南港區,南港區南港路3段268巷與南港路3段口,0,0,1,2,B03,8,3,5,30,3,1,1,5,4,5,7,4,4,4,3,5,2,16,1,64,3,10,1,1,7,9,1,8,11,1,,44,,1,22,9,121.5838843,25.052112
112,1,13,19,16,2,08士林區,士林區福華路120號,0,0,1,1,C03,7,3,5,50,14,9,1,5,4,5,7,4,4,10,4,5,1,17,1,53,3,10,1,1,7,7,1,10,2,15,,7,,1,22,9,121.5228632,25.10241728
112,1,13,19,16,2,08士林區,士林區福華路120號,0,0,1,2,C03,7,3,5,50,14,9,1,5,4,5,7,4,4,10,4,5,1,17,2,65,2,9,1,1,7,9,1,10,2,12,,23,,1,22,9,121.5228632,25.10241728
112,1,13,19,16,2,07信義區,信義區松仁路與松仁路275巷口,0,0,1,2,B03,8,3,5,0,4,2,1,5,4,5,7,1,1,5,5,5,2,12,2,67,3,10,1,1,7,9,1,8,2,5,,23,,1,22,9,121.569545,25.0248559
112,1,13,19,16,2,07信義區,信義區松仁路與松仁路275巷口,0,0,1,1,F01,8,3,5,0,4,2,1,5,4,5,7,1,1,5,5,5,2,12,1,8,2,9,2,1,7,7,8,20,1,16,,7,,1,22,9,121.569545,25.0248559
112,1,13,19,20,2,05中正區,中正區羅斯福路4段72號,0,0,1,2,H01,8,3,5,50,14,18,1,5,4,5,7,2,1,10,5,5,2,3,2,72,2,9,4,5,8,18,8,20,10,16,,52,,1,22,9,121.5344817,25.01452
112,1,13,19,20,2,05中正區,中正區羅斯福路4段72號,0,0,1,1,C01,8,3,5,50,14,18,1,5,4,5,7,2,1,10,5,5,2,3,1,32,3,10,1,1,7,9,1,9,2,11,,15,,1,22,9,121.5344817,25.01452
112,1,13,19,30,2,03中山區,中山區錦州街與錦州街13巷口,0,0,1,1,C03,7,3,5,50,3,1,1,5,4,5,7,4,4,9,4,5,1,17,1,22,3,10,1,1,7,5,1,10,1,12,,8,,1,22,9,121.5243011,25.06036116
112,1,13,19,30,2,03中山區,中山區錦州街與錦州街13巷口,0,0,1,2,C03,7,3,5,50,3,1,1,5,4,5,7,4,4,9,4,5,1,17,1,64,2,8,1,1,7,9,1,10,1,11,,14,,1,22,9,121.5243011,25.06036116
112,1,13,19,55,2,06松山區,松山區市民大道4段11號,0,0,1,1,C03,8,3,5,40,14,9,1,5,4,5,7,1,1,1,3,5,2,16,1,44,2,9,1,1,7,7,1,10,1,14,,7,,1,22,9,121.5440746,25.0449975
112,1,13,19,55,2,06松山區,松山區市民大道4段11號,0,0,1,2,B01,8,3,5,40,14,9,1,5,4,5,7,1,1,1,3,5,2,16,1,52,3,10,1,1,7,9,1,4,1,2,,44,,1,22,9,121.5440746,25.0449975
112,1,13,19,55,2,06松山區,松山區市民大道4段11號,0,0,1,3,B03,8,3,5,40,14,9,1,5,4,5,7,1,1,1,3,5,2,16,1,36,3,10,1,1,7,9,1,8,1,4,,44,,1,22,9,121.5440746,25.0449975
112,1,13,20,2,2,09北投區,北投區承德路7段與承德路7段1巷口,0,0,1,1,B02,8,3,5,60,3,1,1,5,4,5,7,1,1,1,4,4,2,12,1,46,3,10,1,1,7,6,1,8,2,2,,9,,1,22,9,121.5107454,25.1107368
112,1,13,20,2,2,09北投區,北投區承德路7段與承德路7段1巷口,0,0,1,2,C03,8,3,5,60,3,1,1,5,4,5,7,1,1,1,4,4,2,12,1,42,2,9,1,1,7,9,1,10,2,14,,23,,1,22,9,121.5107454,25.1107368
112,1,13,21,30,2,04大安區,大安區光復南路與文昌街口,0,0,1,1,B03,8,1,5,50,4,1,1,5,4,5,7,2,1,1,4,4,2,16,2,22,3,10,1,4,7,5,1,8,1,6,,6,,1,22,9,121.5573751,25.0321291
112,1,13,21,30,2,04大安區,大安區光復南路與文昌街口,0,0,1,2,C03,8,1,5,50,4,1,1,5,4,5,7,2,1,1,4,4,2,16,1,28,2,9,1,4,7,9,1,10,1,11,,13,,1,22,9,121.5573751,25.0321291
112,1,13,22,0,2,03中山區,中山區長安東路2段129巷與長安東路口側附近2段口,0,0,1,2,C03,8,3,5,50,4,1,1,5,4,5,7,4,4,5,4,5,2,16,1,20,2,9,1,1,7,9,1,10,2,11,,13,,1,21,8,121.5359768,25.0484424
112,1,13,22,0,2,03中山區,中山區長安東路2段129巷與長安東路口側附近2段口,0,0,1,1,B03,8,3,5,50,4,1,1,5,4,5,7,4,4,5,4,5,2,16,1,23,3,10,1,1,7,5,1,8,2,8,,6,,1,21,8,121.5359768,25.0484424
112,1,13,22,1,2,03中山區,中山區民權東路2段與新生北路2段口,0,0,1,2,C03,8,3,5,50,4,2,1,5,4,5,7,2,1,1,4,5,2,13,1,22,2,9,1,1,7,9,1,10,1,13,,43,,1,22,9,121.5276006,25.06274
112,1,13,22,1,2,03中山區,中山區民權東路2段與新生北路2段口,0,0,1,1,,8,3,5,50,4,2,1,5,4,5,7,2,1,1,4,5,2,13,4,0,4,11,3,4,7,15,7,19,11,15,,43,,2,22,9,121.5276006,25.06274
112,1,13,22,1,2,03中山區,中山區民權東路2段與新生北路2段口,0,0,1,3,B03,8,3,5,50,4,2,1,5,4,5,7,2,1,1,4,5,2,13,1,38,3,10,1,1,7,9,1,8,1,7,,44,,1,22,9,121.5276006,25.06274
112,1,13,22,13,2,03中山區,中山區民權東路2段與吉林路口,0,0,1,1,B01,8,3,5,50,4,1,1,5,4,5,7,1,1,9,4,5,2,16,1,51,3,10,3,4,7,5,1,4,1,5,,8,,1,22,9,121.5302465,25.06267619
112,1,13,22,13,2,03中山區,中山區民權東路2段與吉林路口,0,0,1,2,C03,8,3,5,50,4,1,1,5,4,5,7,1,1,9,4,5,2,16,2,24,2,9,1,1,7,6,1,10,1,14,,23,,1,22,9,121.5302465,25.06267619
112,1,13,22,15,2,04大安區,大安區和平東路2段與復興南路2段口,0,0,2,1,C04,8,3,5,50,4,1,1,5,4,5,7,2,1,1,1,1,2,12,1,51,2,8,1,1,7,9,1,10,3,14,,44,,1,22,9,121.5433261,25.0250204
112,1,13,22,15,2,04大安區,大安區和平東路2段與復興南路2段口,0,0,2,2,C03,8,3,5,50,4,1,1,5,4,5,7,2,1,1,1,1,2,12,2,22,2,8,1,1,7,8,1,10,2,12,,7,,1,22,9,121.5433261,25.0250204
112,1,13,22,18,2,05中正區,中正區天津街與北平東路口東南角,0,0,1,1,B01,8,3,5,50,4,2,1,5,4,5,7,2,1,5,4,4,2,12,1,66,3,10,1,1,7,6,1,4,1,6,,44,,1,22,9,121.5220821,25.04676346
112,1,13,22,18,2,05中正區,中正區天津街與北平東路口東南角,0,0,1,2,C03,8,3,5,50,4,2,1,5,4,5,7,2,1,5,4,4,2,12,2,18,2,9,1,1,7,9,1,10,1,14,,25,,1,22,9,121.5220821,25.04676346
112,1,13,22,30,2,05中正區,中正區永福橋往永和,0,0,1,1,B03,8,3,5,50,8,9,1,5,4,5,7,4,4,5,4,5,2,12,2,25,3,10,1,1,7,6,1,8,1,8,,9,,1,22,9,121.5282371,25.0116823
112,1,13,22,30,2,05中正區,中正區永福橋往永和,0,0,1,2,C03,8,3,5,50,8,9,1,5,4,5,7,4,4,5,4,5,2,12,2,40,2,9,1,1,7,9,1,10,1,12,,44,,1,22,9,121.5282371,25.0116823
112,1,13,22,49,2,07信義區,信義區信安街與崇德街口,0,0,1,2,C03,7,3,5,50,4,1,1,5,4,5,7,2,1,9,4,5,2,16,1,23,3,10,1,1,7,5,1,10,1,11,,8,,1,22,9,121.5557559,25.0240496
112,1,13,22,49,2,07信義區,信義區信安街與崇德街口,0,0,1,1,C03,7,3,5,50,4,1,1,5,4,5,7,2,1,9,4,5,2,16,2,23,2,8,1,1,7,9,1,10,1,14,,6,,1,22,9,121.5557559,25.0240496
112,1,14,0,15,2,02萬華區,萬華區桂林路與梧州街口,0,0,3,2,C03,8,3,5,30,3,1,1,5,4,5,7,4,4,5,4,4,2,16,1,19,2,9,1,1,7,9,1,10,1,11,,23,,1,22,9,121.4976504,25.0385
112,1,14,0,15,2,02萬華區,萬華區桂林路與梧州街口,0,0,3,3,H02,8,3,5,30,3,1,1,5,4,5,7,4,4,5,4,4,2,16,2,20,2,8,4,5,7,20,8,20,10,16,,67,,1,22,9,121.4976504,25.0385
112,1,14,0,15,2,02萬華區,萬華區桂林路與梧州街口,0,0,3,1,C03,8,3,5,30,3,1,1,5,4,5,7,4,4,5,4,4,2,16,1,66,2,8,1,1,7,5,1,10,1,14,,6,,1,22,9,121.4976504,25.0385
112,1,14,0,18,2,10文山區,文山區羅斯福路6段與羅斯福路6段469巷口,0,0,1,1,C03,8,3,5,50,4,1,1,5,4,5,7,2,1,1,4,5,2,16,1,50,2,9,1,1,7,11,1,10,2,14,,10,,1,22,9,121.5396307,24.98999152
112,1,14,0,18,2,10文山區,文山區羅斯福路6段與羅斯福路6段469巷口,0,0,1,2,B02,8,3,5,50,4,1,1,5,4,5,7,2,1,1,4,5,2,16,1,34,3,10,1,1,7,9,1,4,2,1,,6,,1,22,9,121.5396307,24.98999152
112,1,14,0,50,2,05中正區,中正區博愛路與愛國西路口,0,0,1,1,B03,8,3,5,50,4,1,1,5,4,5,7,1,1,1,4,1,2,16,1,38,3,10,1,1,7,6,1,8,1,2,,9,,1,22,9,121.5107259,25.0354482
112,1,14,0,50,2,05中正區,中正區博愛路與愛國西路口,0,0,1,2,C03,8,3,5,50,4,1,1,5,4,5,7,1,1,1,4,1,2,16,1,53,2,9,1,1,7,9,1,10,1,11,,44,,1,22,9,121.5107259,25.0354482