發生年度,發生月,發生日,發生時-Hours,發生分,處理別-編號,區序,肇事地點,死亡人數,2-30日死亡人數,受傷人數,當事人序號,車種,天候,光線,道路類別,速限-速度限制,道路型態,事故位置,路面狀況1,路面狀況2,路面狀況3,道路障礙1,道路障礙2,號誌1,號誌2,車道劃分-分向,車道劃分-分道1,車道劃分-分道2,車道劃分-分道3,事故類型及型態,性別,年齡,受傷程度,主要傷處,保護裝置,行動電話,車輛用途,當事者行動狀態,駕駛資格情形,駕駛執照種類,飲酒情形,車輛撞擊部位1,車輛撞擊部位2,肇因碼-個別,肇因碼-主要,個人肇逃否,職業,旅次目的,座標-X,座標-Y
112,1,14,1,17,2,09北投區,北投區承德路7段第104號停車格,0,0,2,1,C03,8,3,5,60,14,9,1,5,4,5,7,4,4,1,4,4,2,18,1,19,2,9,1,1,7,9,1,10,2,11,,42,,1,22,9,121.507326,25.1140019
112,1,14,1,17,2,09北投區,北投區承德路7段第104號停車格,0,0,2,3,H02,8,3,5,60,14,9,1,5,4,5,7,4,4,1,4,4,2,18,2,30,2,9,4,5,7,20,8,20,10,16,,67,,1,22,9,121.507326,25.1140019
112,1,14,1,17,2,09北投區,北投區承德路7段第104號停車格,0,0,2,2,B03,8,3,5,60,14,9,1,5,4,5,7,4,4,1,4,4,2,18,3,0,,,,,,,,,,,,67,,1,,,121.507326,25.1140019
112,1,14,4,56,2,04大安區,大安區仁愛路4段與敦化南路1段口,0,0,2,3,H02,8,1,5,50,16,7,1,5,4,5,7,1,1,10,4,5,2,26,2,39,2,9,4,5,7,17,8,20,10,16,,60,,1,22,9,121.5485008,25.0372547
112,1,14,4,56,2,04大安區,大安區仁愛路4段與敦化南路1段口,0,0,2,1,B01,8,1,5,50,16,7,1,5,4,5,7,1,1,10,4,5,2,26,1,56,2,9,1,1,7,15,1,4,1,1,,13,,1,22,9,121.5485008,25.0372547
112,1,14,4,56,2,04大安區,大安區仁愛路4段與敦化南路1段口,0,0,2,2,,8,1,5,50,16,7,1,5,4,5,7,1,1,10,4,5,2,26,3,0,,,,,,,,,,,,67,,1,,,121.5485008,25.0372547
112,1,14,6,5,2,09北投區,北投區中和街與中和街292巷口,0,0,1,2,H01,8,2,5,50,3,2,1,5,4,5,7,4,4,5,5,5,2,3,2,87,2,9,4,5,8,16,8,20,10,16,,67,,1,22,9,121.5001821,25.14057487
112,1,14,6,5,2,09北投區,北投區中和街與中和街292巷口,0,0,1,1,B03,8,2,5,50,3,2,1,5,4,5,7,4,4,5,5,5,2,3,1,73,3,10,1,1,7,9,1,8,2,1,,15,,1,22,9,121.5001821,25.14057487
112,1,14,7,13,2,03中山區,中山區復興南路1段與市民大道3段口,0,0,1,1,B12,8,1,5,50,4,1,1,2,4,5,7,2,1,1,4,5,2,17,1,47,3,10,3,4,7,9,1,8,11,15,,34,,1,22,9,121.5437997,25.04498111
112,1,14,7,13,2,03中山區,中山區復興南路1段與市民大道3段口,0,0,1,2,C03,8,1,5,50,4,1,1,2,4,5,7,2,1,1,4,5,2,17,2,34,2,7,3,4,7,8,1,10,1,14,,14,,1,22,9,121.5437997,25.04498111
112,1,14,8,15,2,08士林區,士林區延平北路7段106巷堤外自行車道5社,0,0,3,3,F01,8,1,5,0,15,9,1,5,4,5,6,4,4,10,5,5,1,17,2,60,3,10,1,1,7,9,8,20,2,16,,23,,1,22,9,121.4961328,25.10297476
112,1,14,8,15,2,08士林區,士林區延平北路7段106巷堤外自行車道5社,0,0,3,1,F01,8,1,5,0,15,9,1,5,4,5,6,4,4,10,5,5,1,17,1,66,2,9,1,1,7,9,8,20,2,16,,5,,1,22,9,121.4961328,25.10297476
112,1,14,8,15,2,08士林區,士林區延平北路7段106巷堤外自行車道5社,0,0,3,4,F01,8,1,5,0,15,9,1,5,4,5,6,4,4,10,5,5,1,17,1,52,2,9,1,1,7,9,8,20,2,16,,23,,1,22,9,121.4961328,25.10297476
112,1,14,8,15,2,08士林區,士林區延平北路7段106巷堤外自行車道5社,0,0,3,2,F01,8,1,5,0,15,9,1,5,4,5,6,4,4,10,5,5,1,17,1,46,2,9,1,1,7,9,8,20,2,16,,44,,1,22,9,121.4961328,25.10297476
112,1,14,8,29,2,07信義區,信義區虎林街82巷,0,0,1,1,B03,8,1,5,30,14,9,1,5,4,5,7,4,4,9,4,5,2,17,1,46,3,10,1,1,7,1,1,8,2,8,,19,,1,22,9,121.57569,25.0433326
112,1,14,8,29,2,07信義區,信義區虎林街82巷,0,0,1,2,C03,8,1,5,30,14,9,1,5,4,5,7,4,4,9,4,5,2,17,2,39,2,9,1,1,7,9,1,10,2,12,,13,,1,22,9,121.57569,25.0433326
112,1,14,8,36,2,12內湖區,內湖區江南街113號,0,0,1,1,B03,8,1,5,50,14,9,1,5,4,5,7,4,4,9,5,5,2,2,1,48,3,10,1,1,7,9,1,8,2,5,,23,,1,22,9,121.5760309,25.07642097
112,1,14,8,36,2,12內湖區,內湖區江南街113號,0,0,1,2,H01,8,1,5,50,14,9,1,5,4,5,7,4,4,9,5,5,2,2,2,37,2,9,4,5,8,16,8,20,10,16,,67,,1,22,9,121.5760309,25.07642097
112,1,14,8,45,2,04大安區,大安區和平東路3段與樂業街口,0,0,1,1,B12,8,1,5,50,3,2,1,5,4,5,7,4,4,8,3,5,1,12,1,52,3,10,1,1,7,6,1,8,1,15,,44,,1,22,9,121.549942,25.0244213
112,1,14,8,45,2,04大安區,大安區和平東路3段與樂業街口,0,0,1,2,C03,8,1,5,50,3,2,1,5,4,5,7,4,4,8,3,5,1,12,1,38,2,9,1,1,7,9,1,10,1,15,,13,,1,22,9,121.549942,25.0244213
112,1,14,8,47,2,05中正區,中正區青島東路23號,0,0,1,1,B03,8,1,5,50,14,9,1,5,4,5,7,4,4,9,4,5,2,17,1,47,3,10,1,4,7,11,1,8,1,5,,10,,1,22,9,121.5242934,25.04334711
112,1,14,8,47,2,05中正區,中正區青島東路23號,0,0,1,2,C03,8,1,5,50,14,9,1,5,4,5,7,4,4,9,4,5,2,17,1,26,2,9,1,4,7,9,1,10,1,11,,44,,1,22,9,121.5242934,25.04334711
112,1,14,8,50,2,12內湖區,內湖區行善路與行愛路口口,0,0,1,1,B03,8,1,5,50,15,18,1,5,4,5,7,2,1,1,4,4,2,3,1,65,3,10,1,1,7,5,1,8,2,8,,15,,1,22,9,121.5826703,25.0606306
112,1,14,8,50,2,12內湖區,內湖區行善路與行愛路口口,0,0,1,2,H01,8,1,5,50,15,18,1,5,4,5,7,2,1,1,4,4,2,3,2,25,2,9,4,5,8,16,8,20,1,16,,51,,1,22,9,121.5826703,25.0606306
112,1,14,8,54,2,09北投區,北投區磺港路與崇仁路1段口,0,0,2,3,H02,8,1,5,50,4,2,1,5,4,5,7,1,1,5,2,5,2,16,1,24,2,9,4,5,7,21,8,20,10,16,,67,,1,22,9,121.5028829,25.12269207
112,1,14,8,54,2,09北投區,北投區磺港路與崇仁路1段口,0,0,2,1,B03,8,1,5,50,4,2,1,5,4,5,7,1,1,5,2,5,2,16,2,27,3,10,1,1,7,6,1,8,1,2,,9,,1,22,9,121.5028829,25.12269207
112,1,14,8,54,2,09北投區,北投區磺港路與崇仁路1段口,0,0,2,2,C03,8,1,5,50,4,2,1,5,4,5,7,1,1,5,2,5,2,16,2,22,2,9,1,1,7,9,1,10,1,14,,44,,1,22,9,121.5028829,25.12269207
112,1,14,9,21,2,08士林區,士林區芝玉路1段與芝玉路1段223巷口,0,0,2,1,C03,8,1,5,0,3,1,1,5,4,5,7,4,4,10,5,5,1,16,1,22,2,9,1,1,7,5,1,10,2,14,,8,,1,22,9,121.5336059,25.10892952
112,1,14,9,21,2,08士林區,士林區芝玉路1段與芝玉路1段223巷口,0,0,2,2,C03,8,1,5,0,3,1,1,5,4,5,7,4,4,10,5,5,1,16,1,51,2,9,1,1,7,9,1,10,2,14,,26,,1,22,9,121.5336059,25.10892952
112,1,14,9,40,2,03中山區,中山區敬業三路123號,0,0,1,2,F01,8,1,8,30,15,22,1,5,4,5,7,4,4,1,4,4,2,17,1,39,2,9,3,4,7,9,8,20,1,16,,42,,1,22,9,121.556155,25.080747
112,1,14,9,40,2,03中山區,中山區敬業三路123號,0,0,1,1,B12,8,1,8,30,15,22,1,5,4,5,7,4,4,1,4,4,2,17,1,23,3,10,3,4,7,1,1,8,1,1,,19,,1,22,9,121.556155,25.080747
112,1,14,9,40,2,09北投區,北投區明德路111號與東華街1段22巷口,0,0,1,2,B03,8,1,5,50,4,2,1,5,4,5,7,4,4,9,5,5,2,15,1,35,3,10,1,1,7,9,1,8,1,4,,44,,1,22,9,121.4819497,25.12585098
112,1,14,9,40,2,09北投區,北投區明德路111號與東華街1段22巷口,0,0,1,1,C03,8,1,5,50,4,2,1,5,4,5,7,4,4,9,5,5,2,15,2,32,2,9,1,3,7,15,1,10,1,12,,6,,1,22,9,121.4819497,25.12585098
112,1,14,9,40,2,08士林區,士林區至善路2段085號燈桿,0,0,1,1,C03,8,1,5,50,14,9,1,5,4,5,7,4,4,4,5,5,1,17,2,59,2,9,1,1,7,9,1,10,1,14,,23,,1,22,9,121.5549018,25.10360093
112,1,14,9,40,2,08士林區,士林區至善路2段085號燈桿,0,0,1,2,F01,8,1,5,50,14,9,1,5,4,5,7,4,4,4,5,5,1,17,2,31,3,10,1,1,7,9,8,20,1,16,,43,,1,22,9,121.5549018,25.10360093
112,1,14,10,14,2,10文山區,文山區木柵路3段與萬壽橋口,0,0,1,2,C03,8,1,5,50,4,2,1,5,4,5,7,2,1,5,4,5,1,16,1,24,3,10,1,1,7,9,1,10,2,14,,23,,1,22,9,121.5711633,24.991572
112,1,14,10,14,2,10文山區,文山區木柵路3段與萬壽橋口,0,0,1,3,H02,8,1,5,50,4,2,1,5,4,5,7,2,1,5,4,5,1,16,2,23,2,8,1,5,7,17,8,20,10,16,,67,,1,22,9,121.5711633,24.991572
112,1,14,10,14,2,10文山區,文山區木柵路3段與萬壽橋口,0,0,1,1,B12,8,1,5,50,4,2,1,5,4,5,7,2,1,5,4,5,1,16,1,47,3,10,1,1,7,6,1,8,2,5,,9,,1,21,3,121.5711633,24.991572
112,1,14,10,27,2,08士林區,士林區至善路3段245號,0,0,1,3,B03,8,1,5,50,14,9,1,5,4,5,7,4,4,9,4,5,2,17,2,54,3,10,1,1,7,13,1,8,2,7,,44,,1,22,9,121.5831676,25.11913243
112,1,14,10,27,2,08士林區,士林區至善路3段245號,0,0,1,1,B03,8,1,5,50,14,9,1,5,4,5,7,4,4,9,4,5,2,17,1,60,3,10,1,1,7,11,1,8,2,8,,10,,1,22,9,121.5831676,25.11913243
112,1,14,10,27,2,08士林區,士林區至善路3段245號,0,0,1,2,C02,8,1,5,50,14,9,1,5,4,5,7,4,4,9,4,5,2,17,1,28,2,9,1,1,7,9,1,9,2,12,,13,,1,22,9,121.5831676,25.11913243
112,1,14,10,30,2,03中山區,中山區中山北路1段135巷與天津街口,0,0,3,1,C03,8,1,5,30,4,1,1,5,4,5,7,4,4,10,5,5,2,16,1,30,2,9,1,4,7,11,1,10,2,14,,6,,1,22,9,121.5234155,25.05152414
112,1,14,10,30,2,03中山區,中山區中山北路1段135巷與天津街口,0,0,3,2,C03,8,1,5,30,4,1,1,5,4,5,7,4,4,10,5,5,2,16,2,30,2,9,1,4,7,9,1,10,2,11,,14,,1,22,9,121.5234155,25.05152414
112,1,14,10,30,2,03中山區,中山區中山北路1段135巷與天津街口,0,0,3,3,H02,8,1,5,30,4,1,1,5,4,5,7,4,4,10,5,5,2,16,2,26,2,9,1,5,7,20,8,20,10,16,,67,,1,22,9,121.5234155,25.05152414
112,1,14,10,31,2,03中山區,中山區建國北路2段與長春路口,0,0,1,3,H02,8,1,5,50,4,1,1,5,4,5,7,1,1,10,4,5,2,15,2,70,2,9,4,5,7,20,8,20,10,16,,67,,1,22,9,121.5367126,25.05470168
112,1,14,10,31,2,03中山區,中山區建國北路2段與長春路口,0,0,1,2,B03,8,1,5,50,4,1,1,5,4,5,7,1,1,10,4,5,2,15,1,71,3,10,1,1,7,9,1,8,1,1,,44,,1,22,9,121.5367126,25.05470168
112,1,14,10,31,2,03中山區,中山區建國北路2段與長春路口,0,0,1,1,B12,8,1,5,50,4,1,1,5,4,5,7,1,1,10,4,5,2,15,1,63,3,10,1,1,7,9,1,8,1,2,,25,,1,22,9,121.5367126,25.05470168
112,1,14,10,34,2,02萬華區,萬華區國興路與國興路1巷口,0,0,1,2,F01,8,1,5,30,3,1,1,5,4,5,7,2,1,5,4,5,2,17,2,68,2,9,2,1,7,15,8,20,1,15,,44,,2,22,9,121.5074479,25.02464518
112,1,14,10,34,2,02萬華區,萬華區國興路與國興路1巷口,0,0,1,1,C03,8,1,5,30,3,1,1,5,4,5,7,2,1,5,4,5,2,17,1,70,4,11,3,4,7,6,7,19,11,15,,9,,2,22,9,121.5074479,25.02464518
112,1,14,10,43,2,01大同區,大同區重慶北路3段120巷與昌吉街95巷口,0,0,1,1,B01,8,1,5,30,3,1,1,5,4,5,7,4,4,10,5,5,2,17,1,47,3,10,3,4,7,5,1,8,1,1,,6,,1,10,1,121.5131537,25.06724601
112,1,14,10,43,2,01大同區,大同區重慶北路3段120巷與昌吉街95巷口,0,0,1,2,C03,8,1,5,30,3,1,1,5,4,5,7,4,4,10,5,5,2,17,1,47,2,9,1,1,7,9,1,10,1,11,,26,,1,22,9,121.5131537,25.06724601
112,1,14,10,44,2,10文山區,文山區木柵路4段與秀明路1段口,0,0,2,2,C03,8,1,5,50,4,2,1,5,4,5,7,2,1,5,2,5,2,11,1,21,2,7,1,1,7,9,1,10,1,14,,42,,1,22,9,121.5711463,24.9917806
112,1,14,10,44,2,10文山區,文山區木柵路4段與秀明路1段口,0,0,2,3,H02,8,1,5,50,4,2,1,5,4,5,7,2,1,5,2,5,2,11,2,21,2,9,4,5,7,20,8,20,10,15,,67,,1,22,9,121.5711463,24.9917806
112,1,14,10,44,2,10文山區,文山區木柵路4段與秀明路1段口,0,0,2,1,B02,8,1,5,50,4,2,1,5,4,5,7,2,1,5,2,5,2,11,2,50,3,10,1,1,7,5,1,8,1,8,,6,,1,22,9,121.5711463,24.9917806
112,1,14,11,17,2,09北投區,北投區建民路151巷1號與建民路口,0,0,1,2,B03,8,1,5,30,4,1,1,5,4,5,7,4,4,10,5,5,2,15,1,71,3,10,1,1,7,9,1,8,1,1,,14,,1,22,9,121.5192955,25.1104979
112,1,14,11,17,2,09北投區,北投區建民路151巷1號與建民路口,0,0,1,1,C03,8,1,5,30,4,1,1,5,4,5,7,4,4,10,5,5,2,15,1,25,2,9,1,1,7,9,1,10,1,12,,6,,1,22,9,121.5192955,25.1104979
112,1,14,11,20,2,03中山區,中山區龍江路356巷與五常街53巷口,0,0,1,1,B03,8,1,5,50,4,1,1,5,4,5,7,4,4,5,4,5,2,15,1,41,3,10,3,4,7,9,1,8,1,1,,6,,1,22,9,121.5396519,25.065996
112,1,14,11,20,2,03中山區,中山區龍江路356巷與五常街53巷口,0,0,1,2,C03,8,1,5,50,4,1,1,5,4,5,7,4,4,5,4,5,2,15,1,63,2,9,1,4,7,9,1,10,1,12,,6,,1,22,9,121.5396519,25.065996
112,1,14,11,20,2,08士林區,士林區基河路與承德路4段179巷口,0,0,2,3,H01,8,1,5,50,3,2,1,5,4,5,7,1,1,10,5,5,1,17,2,75,2,9,4,5,8,17,8,20,10,16,,67,,1,22,9,121.5238613,25.08801308
112,1,14,11,20,2,08士林區,士林區基河路與承德路4段179巷口,0,0,2,4,,8,1,5,50,3,2,1,5,4,5,7,1,1,10,5,5,1,17,3,0,,,,,,,,,,,,67,,1,,,121.5238613,25.08801308
112,1,14,11,20,2,08士林區,士林區基河路與承德路4段179巷口,0,0,2,2,C03,8,1,5,50,3,2,1,5,4,5,7,1,1,10,5,5,1,17,4,48,4,11,3,4,7,13,7,19,11,15,,44,,2,22,9,121.5238613,25.08801308
112,1,14,11,20,2,08士林區,士林區基河路與承德路4段179巷口,0,0,2,1,C03,8,1,5,50,3,2,1,5,4,5,7,1,1,10,5,5,1,17,1,18,2,9,1,1,7,5,1,10,2,14,,42,,1,22,9,121.5238613,25.08801308
112,1,14,11,28,2,05中正區,中正區愛國東路與愛國東路116巷口口,0,0,1,2,B03,8,1,5,50,3,1,1,5,4,5,7,4,4,1,4,5,1,17,1,42,3,10,1,1,7,9,1,8,2,6,,44,,1,22,9,121.5215327,25.03272911
112,1,14,11,28,2,05中正區,中正區愛國東路與愛國東路116巷口口,0,0,1,1,C03,8,1,5,50,3,1,1,5,4,5,7,4,4,1,4,5,1,17,1,59,2,7,1,1,7,9,1,10,2,14,,16,,1,22,9,121.5215327,25.03272911
112,1,14,11,30,2,03中山區,中山區南京東路2段115巷與松江路123巷口口,0,0,1,1,C03,8,1,5,30,4,1,1,5,4,3,5,4,4,10,5,5,2,15,2,45,2,9,1,4,7,9,1,10,1,12,,6,,1,22,9,121.5336261,25.052916
112,1,14,11,30,2,03中山區,中山區南京東路2段115巷與松江路123巷口口,0,0,1,2,B03,8,1,5,30,4,1,1,5,4,3,5,4,4,10,5,5,2,15,1,28,3,10,3,4,7,9,1,8,1,1,,44,,1,22,9,121.5336261,25.052916
112,1,14,11,30,2,03中山區,中山區南京東路2段115巷與松江路123巷口口,0,0,1,3,B12,8,1,5,30,4,1,1,5,4,3,5,4,4,10,5,5,2,15,1,57,3,10,3,4,7,14,1,8,1,15,,38,,1,22,9,121.5336261,25.052916
112,1,14,11,35,2,03中山區,中山區民權西路與天祥路口,0,0,2,2,C03,8,1,5,50,4,2,1,5,4,5,7,2,1,1,4,5,2,16,2,23,2,9,3,4,7,6,1,9,1,11,,44,,1,22,9,121.5208199,25.06266126
112,1,14,11,35,2,03中山區,中山區民權西路與天祥路口,0,0,2,1,C03,8,1,5,50,4,2,1,5,4,5,7,2,1,1,4,5,2,16,1,23,2,8,3,4,7,11,1,10,1,12,,25,,1,22,9,121.5208199,25.06266126
112,1,14,11,49,2,12內湖區,內湖區金湖路與金湖路367巷口,0,0,1,2,C03,8,1,5,50,4,1,1,5,4,5,7,1,1,2,3,5,2,12,2,40,2,9,1,1,7,9,1,10,1,14,,23,,1,22,9,121.6030662,25.07349617
112,1,14,11,49,2,12內湖區,內湖區金湖路與金湖路367巷口,0,0,1,1,B02,8,1,5,50,4,1,1,5,4,5,7,1,1,2,3,5,2,12,1,62,3,10,1,1,7,6,1,8,1,2,,6,,1,22,9,121.6030662,25.07349617
112,1,14,11,50,2,11南港區,南港區忠孝東路6段與東新街口,0,0,2,2,C03,8,1,5,50,4,2,1,5,4,5,7,2,1,3,1,4,2,16,1,36,2,9,3,4,7,9,1,10,1,11,,44,,1,22,9,121.5861047,25.0480466
112,1,14,11,50,2,11南港區,南港區忠孝東路6段與東新街口,0,0,2,1,C03,8,1,5,50,4,2,1,5,4,5,7,2,1,3,1,4,2,16,1,37,2,9,3,4,7,5,1,10,1,12,,6,,1,22,9,121.5861047,25.0480466
112,1,14,12,11,2,09北投區,北投區承德路6段與文承路口南往北方向,0,0,1,2,C03,8,1,5,60,3,2,1,5,4,5,7,1,1,9,4,4,1,12,2,20,2,8,1,1,7,14,1,10,1,13,,44,,1,22,9,121.5119609,25.1043963
112,1,14,12,11,2,09北投區,北投區承德路6段與文承路口南往北方向,0,0,1,3,B01,8,1,5,60,3,2,1,5,4,5,7,1,1,9,4,4,1,12,1,48,3,10,1,1,7,14,1,4,1,2,,44,,1,22,9,121.5119609,25.1043963
112,1,14,12,11,2,09北投區,北投區承德路6段與文承路口南往北方向,0,0,1,1,C03,8,1,5,60,3,2,1,5,4,5,7,1,1,9,4,4,1,12,2,19,3,10,1,1,7,9,1,10,1,11,,16,,1,22,9,121.5119609,25.1043963
112,1,14,12,23,2,10文山區,文山區景美溪橋下河堤便道自行車道,0,0,2,1,F01,8,1,8,0,15,22,1,5,4,5,7,4,4,10,5,5,1,11,1,26,2,3,1,1,7,9,8,20,1,16,,5,,1,22,6,121.5451958,24.98605544
112,1,14,12,23,2,10文山區,文山區景美溪橋下河堤便道自行車道,0,0,2,2,F01,8,1,8,0,15,22,1,5,4,5,7,4,4,10,5,5,1,11,1,67,2,1,2,1,7,9,8,20,1,16,,5,,1,22,6,121.5451958,24.98605544
112,1,14,12,46,2,06松山區,松山區八德路3段與八德路3段155巷口口,0,0,1,2,C03,8,1,5,50,5,1,1,5,4,5,7,2,1,5,4,5,2,17,1,30,2,9,3,4,7,9,1,10,1,11,,44,,1,22,9,121.5550576,25.048125
112,1,14,12,46,2,06松山區,松山區八德路3段與八德路3段155巷口口,0,0,1,1,B03,8,1,5,50,5,1,1,5,4,5,7,2,1,5,4,5,2,17,2,42,3,10,3,4,7,5,1,8,1,5,,6,,1,22,9,121.5550576,25.048125
112,1,14,13,25,2,05中正區,中正區重慶北路1段與北平西路口,0,0,1,1,B02,8,1,5,50,4,1,1,5,4,5,7,1,1,5,4,5,2,17,1,26,3,10,1,1,7,6,1,8,2,2,,9,,1,22,9,121.5133237,25.04828011
112,1,14,13,25,2,05中正區,中正區重慶北路1段與北平西路口,0,0,1,2,C03,8,1,5,50,4,1,1,5,4,5,7,1,1,5,4,5,2,17,1,36,3,10,1,1,7,9,1,10,2,14,,44,,1,22,9,121.5133237,25.04828011
112,1,14,13,25,2,05中正區,中正區重慶北路1段與北平西路口,0,0,1,3,H02,8,1,5,50,4,1,1,5,4,5,7,1,1,5,4,5,2,17,2,35,2,9,1,5,7,20,8,20,10,16,,67,,1,22,9,121.5133237,25.04828011
112,1,14,13,36,2,04大安區,大安區和平東路3段與樂利路口,0,0,1,2,C03,8,1,5,40,3,2,1,5,4,5,7,3,1,8,3,5,1,17,2,78,2,8,1,1,7,6,6,10,1,14,,6,,1,21,5,121.5523368,25.02466408
112,1,14,13,36,2,04大安區,大安區和平東路3段與樂利路口,0,0,1,1,B03,8,1,5,40,3,2,1,5,4,5,7,3,1,8,3,5,1,17,1,68,3,10,1,1,7,9,1,8,1,2,,23,,1,21,5,121.5523368,25.02466408
112,1,14,13,57,2,05中正區,中正區愛國西路與延平南路口口,0,0,1,1,C03,8,1,5,50,4,1,1,5,4,5,7,1,1,1,4,4,1,17,2,57,4,11,3,4,7,8,7,19,11,15,,7,,2,22,9,121.5078733,25.03661771
112,1,14,13,57,2,05中正區,中正區愛國西路與延平南路口口,0,0,1,2,C03,8,1,5,50,4,1,1,5,4,5,7,1,1,1,4,4,1,17,1,21,3,10,1,1,7,12,6,10,2,13,,42,,1,22,9,121.5078733,25.03661771
112,1,14,13,57,2,05中正區,中正區愛國西路與延平南路口口,0,0,1,3,C02,8,1,5,50,4,1,1,5,4,5,7,1,1,1,4,4,1,17,2,25,2,8,1,1,7,9,1,9,2,11,,16,,1,22,9,121.5078733,25.03661771
112,1,14,13,57,2,05中正區,中正區愛國西路與延平南路口口,0,0,1,4,H02,8,1,5,50,4,1,1,5,4,5,7,1,1,1,4,4,1,17,2,52,4,11,1,5,7,20,8,20,10,16,,67,,1,22,9,121.5078733,25.03661771
112,1,14,14,4,2,08士林區,士林區芝玉路1段與芝玉路1段57巷口,0,0,1,2,B03,8,1,5,30,3,2,1,5,4,5,7,4,4,10,5,5,2,11,1,34,3,10,1,1,7,9,1,8,1,8,,44,,1,22,9,121.536301,25.10278261
112,1,14,14,4,2,08士林區,士林區芝玉路1段與芝玉路1段57巷口,0,0,1,1,C03,8,1,5,30,3,2,1,5,4,5,7,4,4,10,5,5,2,11,2,34,2,9,1,1,7,6,1,10,1,11,,5,,1,22,9,121.536301,25.10278261
112,1,14,14,30,2,08士林區,士林區福林路100巷士林官邸,0,0,2,3,H02,8,1,5,0,14,9,1,5,4,5,7,3,1,9,4,5,1,12,1,43,2,9,1,1,7,21,8,20,10,16,,67,,1,22,9,121.5323991,25.093071
112,1,14,14,30,2,08士林區,士林區福林路100巷士林官邸,0,0,2,1,B03,8,1,5,0,14,9,1,5,4,5,7,3,1,9,4,5,1,12,1,29,3,10,1,1,7,6,1,8,1,5,,9,,1,22,9,121.5323991,25.093071
112,1,14,14,30,2,08士林區,士林區福林路100巷士林官邸,0,0,2,2,C03,8,1,5,0,14,9,1,5,4,5,7,3,1,9,4,5,1,12,1,47,2,8,1,1,7,9,1,10,1,11,,44,,1,22,9,121.5323991,25.093071
112,1,14,14,37,2,10文山區,文山區興隆路1段與興隆路1段202巷口口,0,0,1,1,C03,8,1,5,30,3,1,1,5,4,5,7,4,4,10,5,5,2,16,1,38,3,10,1,1,7,5,1,10,1,13,,6,,1,22,9,121.5434658,25.0002461
112,1,14,14,37,2,10文山區,文山區興隆路1段與興隆路1段202巷口口,0,0,1,2,C03,8,1,5,30,3,1,1,5,4,5,7,4,4,10,5,5,2,16,1,64,2,9,1,1,7,9,1,10,1,11,,14,,1,22,9,121.5434658,25.0002461
112,1,14,14,45,2,03中山區,中山區松江路38巷與新生北路1段口,0,0,1,2,C03,8,1,5,30,3,1,1,5,4,5,7,4,4,1,5,5,2,16,1,72,2,9,3,4,7,9,1,10,1,14,,44,,1,22,9,121.5305206,25.04759597
112,1,14,14,45,2,03中山區,中山區松江路38巷與新生北路1段口,0,0,1,1,B03,8,1,5,30,3,1,1,5,4,5,7,4,4,1,5,5,2,16,1,35,3,10,3,4,7,6,1,8,1,2,,9,,1,22,9,121.5305206,25.04759597
112,1,14,15,15,2,01大同區,大同區寧夏路與歸綏街口,0,0,1,1,B03,8,1,5,50,4,1,1,5,4,5,7,4,4,5,5,5,2,16,2,39,3,10,1,1,7,11,1,8,2,4,,10,,1,22,9,121.51515,25.05841061
112,1,14,15,15,2,01大同區,大同區寧夏路與歸綏街口,0,0,1,2,C03,8,1,5,50,4,1,1,5,4,5,7,4,4,5,5,5,2,16,1,45,2,7,1,1,7,9,1,10,2,12,,23,,1,22,9,121.51515,25.05841061
112,1,14,16,20,2,07信義區,信義區忠孝東路5段與忠孝東路5段215巷口口,0,0,1,1,B12,8,1,5,50,3,1,1,5,4,5,7,2,1,1,4,5,2,17,1,70,3,10,1,1,7,5,1,8,1,6,,25,,1,21,8,121.5701721,25.0411125
112,1,14,16,20,2,07信義區,信義區忠孝東路5段與忠孝東路5段215巷口口,0,0,1,2,F01,8,1,5,50,3,1,1,5,4,5,7,2,1,1,4,5,2,17,1,57,2,9,1,1,7,9,8,20,1,16,,44,,1,21,8,121.5701721,25.0411125
112,1,14,16,33,2,05中正區,中正區臨沂街與臨沂街60巷口,0,0,2,1,C03,8,1,5,30,4,1,1,5,4,5,7,4,4,10,5,5,2,15,1,47,2,9,1,1,7,9,6,18,2,11,,6,,1,22,9,121.5279676,25.03492157
112,1,14,16,33,2,05中正區,中正區臨沂街與臨沂街60巷口,0,0,2,2,F02,8,1,5,30,4,1,1,5,4,5,7,4,4,10,5,5,2,15,2,79,2,5,1,1,7,9,8,20,2,16,,44,,1,22,9,121.5279676,25.03492157
112,1,14,16,45,2,02萬華區,萬華區西藏路與西藏路125巷口,0,0,1,2,C03,8,1,5,50,3,1,1,5,4,5,7,1,1,1,4,5,2,11,1,32,2,7,1,1,7,9,1,9,1,11,,13,,1,22,9,121.5023194,25.02962667
112,1,14,16,45,2,02萬華區,萬華區西藏路與西藏路125巷口,0,0,1,1,B03,8,1,5,50,3,1,1,5,4,5,7,1,1,1,4,5,2,11,1,63,3,10,1,1,7,5,1,8,1,6,,6,,1,22,9,121.5023194,25.02962667
112,1,14,16,46,2,03中山區,中山區八德路2段214號,0,0,1,2,C03,8,1,5,50,14,9,1,5,4,5,7,4,4,5,4,5,2,16,1,43,2,9,1,1,7,9,1,10,1,11,,44,,1,22,9,121.5396669,25.0465608
112,1,14,16,46,2,03中山區,中山區八德路2段214號,0,0,1,1,B03,8,1,5,50,14,9,1,5,4,5,7,4,4,5,4,5,2,16,1,64,3,10,1,1,7,11,1,8,1,4,,11,,1,22,9,121.5396669,25.0465608