發生年度,發生月,發生日,發生時-Hours,發生分,處理別-編號,區序,肇事地點,死亡人數,2-30日死亡人數,受傷人數,當事人序號,車種,天候,光線,道路類別,速限-速度限制,道路型態,事故位置,路面狀況1,路面狀況2,路面狀況3,道路障礙1,道路障礙2,號誌1,號誌2,車道劃分-分向,車道劃分-分道1,車道劃分-分道2,車道劃分-分道3,事故類型及型態,性別,年齡,受傷程度,主要傷處,保護裝置,行動電話,車輛用途,當事者行動狀態,駕駛資格情形,駕駛執照種類,飲酒情形,車輛撞擊部位1,車輛撞擊部位2,肇因碼-個別,肇因碼-主要,個人肇逃否,職業,旅次目的,座標-X,座標-Y
112,1,14,17,3,2,05中正區,中正區和平西路1段與廈門街口口,0,0,1,1,C03,8,1,5,50,4,2,1,5,4,5,7,1,1,1,4,5,2,13,4,0,4,11,3,4,7,15,7,19,11,15,,43,,2,22,9,121.5131278,25.02887057
112,1,14,17,3,2,05中正區,中正區和平西路1段與廈門街口口,0,0,1,3,H02,8,1,5,50,4,2,1,5,4,5,7,1,1,1,4,5,2,13,2,40,2,6,1,5,7,20,8,20,10,16,,67,,1,22,9,121.5131278,25.02887057
112,1,14,17,3,2,05中正區,中正區和平西路1段與廈門街口口,0,0,1,2,C03,8,1,5,50,4,2,1,5,4,5,7,1,1,1,4,5,2,13,1,31,3,10,1,1,7,9,1,10,1,13,,44,,1,22,9,121.5131278,25.02887057
112,1,14,17,15,2,08士林區,士林區福林路254巷與至善路1段口,0,0,1,1,B03,8,1,5,50,3,2,1,5,4,5,7,1,1,1,4,4,1,17,2,60,3,10,3,4,7,7,1,8,1,15,,7,,1,22,9,121.5376697,25.09799804
112,1,14,17,15,2,08士林區,士林區福林路254巷與至善路1段口,0,0,1,2,C03,8,1,5,50,3,2,1,5,4,5,7,1,1,1,4,4,1,17,1,24,2,9,3,4,7,9,3,18,1,12,,13,,1,22,9,121.5376697,25.09799804
112,1,14,17,16,2,07信義區,信義區信安街30號,0,0,1,1,B03,8,1,5,50,14,9,1,5,4,5,7,4,4,9,5,5,2,16,2,43,3,10,1,1,7,6,1,8,2,5,,9,,1,22,9,121.5580147,25.0278839
112,1,14,17,16,2,07信義區,信義區信安街30號,0,0,1,2,C03,8,1,5,50,14,9,1,5,4,5,7,4,4,9,5,5,2,16,1,70,2,9,1,1,7,9,1,10,2,14,,44,,1,22,9,121.5580147,25.0278839
112,1,14,17,21,2,10文山區,文山區萬芳路燈桿001號旁,0,0,1,1,B03,8,1,5,30,11,9,1,5,4,5,2,4,4,10,5,5,2,17,1,46,3,10,1,1,7,1,1,8,1,15,,19,,1,22,9,121.5709704,24.99521598
112,1,14,17,21,2,10文山區,文山區萬芳路燈桿001號旁,0,0,1,2,C03,8,1,5,30,11,9,1,5,4,5,2,4,4,10,5,5,2,17,2,48,2,9,1,1,7,15,1,10,1,15,,16,,1,22,9,121.5709704,24.99521598
112,1,14,17,22,2,04大安區,大安區安和路1段與仁愛路4段266巷口,0,0,1,1,B03,8,1,5,50,5,1,1,5,4,5,7,1,1,3,3,5,1,15,1,68,3,10,1,1,7,9,1,8,1,1,,23,,1,22,9,121.5524928,25.0362656
112,1,14,17,22,2,04大安區,大安區安和路1段與仁愛路4段266巷口,0,0,1,2,C02,8,1,5,50,5,1,1,5,4,5,7,1,1,3,3,5,1,15,1,21,2,8,1,1,7,14,1,10,1,12,,42,,1,22,9,121.5524928,25.0362656
112,1,14,17,51,2,04大安區,大安區忠孝東路4段與光復南路口,0,0,2,1,C03,7,3,5,50,4,2,1,5,4,5,7,1,1,8,3,5,2,12,1,21,2,7,1,1,7,9,1,10,1,12,,44,,1,22,9,121.5575227,25.0412332
112,1,14,17,51,2,04大安區,大安區忠孝東路4段與光復南路口,0,0,2,2,C03,7,3,5,50,4,2,1,5,4,5,7,1,1,8,3,5,2,12,2,21,2,9,1,1,7,10,1,10,1,12,,7,,1,22,9,121.5575227,25.0412332
112,1,14,18,0,2,08士林區,士林區中山北路4段往北,0,0,1,1,C03,8,3,5,50,14,9,1,5,4,5,7,4,4,7,4,5,1,13,1,78,2,1,3,4,7,9,6,10,1,11,,23,,1,22,9,121.524594,25.07950578
112,1,14,18,0,2,08士林區,士林區中山北路4段往北,0,0,1,2,B03,8,3,5,50,14,9,1,5,4,5,7,4,4,7,4,5,1,13,1,74,3,10,3,4,7,14,1,8,1,6,,44,,1,22,9,121.524594,25.07950578
112,1,14,18,10,2,12內湖區,內湖區新明路277號前,0,0,2,2,C03,8,3,5,50,14,7,1,5,4,5,7,4,4,9,4,4,2,13,1,33,2,5,1,1,7,9,1,10,1,13,,44,,1,22,9,121.5860874,25.05761467
112,1,14,18,10,2,12內湖區,內湖區新明路277號前,0,0,2,1,C03,8,3,5,50,14,7,1,5,4,5,7,4,4,9,4,4,2,13,1,19,2,8,1,1,7,9,1,10,1,11,,23,,1,22,9,121.5860874,25.05761467
112,1,14,18,40,2,10文山區,文山區木新路2段43巷與木新路2段口河堤道路口,0,0,2,1,B03,8,3,5,30,14,9,2,5,4,5,7,4,4,10,5,5,2,17,1,55,3,10,3,4,7,5,1,8,2,4,,6,,1,22,9,121.5713701,24.98594964
112,1,14,18,40,2,10文山區,文山區木新路2段43巷與木新路2段口河堤道路口,0,0,2,2,C03,8,3,5,30,14,9,2,5,4,5,7,4,4,10,5,5,2,17,1,62,2,8,1,4,7,15,1,10,2,11,,44,,1,22,9,121.5713701,24.98594964
112,1,14,18,40,2,10文山區,文山區木新路2段43巷與木新路2段口河堤道路口,0,0,2,3,H02,8,3,5,30,14,9,2,5,4,5,7,4,4,10,5,5,2,17,2,59,2,7,1,5,7,20,8,20,10,16,,67,,1,22,9,121.5713701,24.98594964
112,1,14,18,45,2,05中正區,中正區重慶南路2段與重慶南路2段6巷口口,0,0,1,2,B03,8,3,5,50,3,1,1,5,4,5,7,3,1,1,4,5,2,16,2,45,3,10,1,1,7,9,1,8,1,8,,14,,1,22,9,121.5128873,25.0343767
112,1,14,18,45,2,05中正區,中正區重慶南路2段與重慶南路2段6巷口口,0,0,1,1,C03,8,3,5,50,3,1,1,5,4,5,7,3,1,1,4,5,2,16,2,18,2,9,1,1,7,5,1,10,1,14,,8,,1,22,9,121.5128873,25.0343767
112,1,14,19,8,2,02萬華區,萬華區堤外便道自行車道(燈桿:雙園009),0,0,2,3,H01,8,3,5,30,14,9,1,5,4,5,7,4,4,10,5,5,2,11,1,31,3,10,4,5,8,18,8,20,10,16,,67,,1,22,9,121.492048,25.03818731
112,1,14,19,8,2,02萬華區,萬華區堤外便道自行車道(燈桿:雙園009),0,0,2,2,F01,8,3,5,30,14,9,1,5,4,5,7,4,4,10,5,5,2,11,1,57,2,7,3,1,7,9,8,20,1,16,,44,,1,22,9,121.492048,25.03818731
112,1,14,19,8,2,02萬華區,萬華區堤外便道自行車道(燈桿:雙園009),0,0,2,1,F01,8,3,5,30,14,9,1,5,4,5,7,4,4,10,5,5,2,11,1,45,2,9,3,1,7,4,8,20,1,16,,23,,1,22,9,121.492048,25.03818731
112,1,14,20,22,2,04大安區,大安區市民大道3段224號,0,0,2,3,H02,8,1,5,40,15,6,1,5,4,5,7,4,4,1,4,5,2,16,2,32,2,9,1,4,7,20,8,20,10,16,,67,,1,22,9,121.5410695,25.04447445
112,1,14,20,22,2,04大安區,大安區市民大道3段224號,0,0,2,1,C03,8,1,5,40,15,6,1,5,4,5,7,4,4,1,4,5,2,16,1,29,3,10,1,4,7,5,1,10,1,13,,8,,1,22,9,121.5410695,25.04447445
112,1,14,20,22,2,04大安區,大安區市民大道3段224號,0,0,2,2,C03,8,1,5,40,15,6,1,5,4,5,7,4,4,1,4,5,2,16,1,34,2,7,1,4,7,9,1,10,1,11,,13,,1,22,9,121.5410695,25.04447445
112,1,14,20,32,2,04大安區,大安區延吉街233巷8號,0,0,2,2,C03,8,3,5,30,14,9,1,5,4,5,7,4,4,10,5,5,2,17,1,45,3,10,1,1,7,15,1,10,2,13,,44,,1,22,9,121.5561287,25.036908
112,1,14,20,32,2,04大安區,大安區延吉街233巷8號,0,0,2,3,H02,8,3,5,30,14,9,1,5,4,5,7,4,4,10,5,5,2,17,2,37,2,9,4,5,7,20,8,20,10,16,,67,,1,22,9,121.5561287,25.036908
112,1,14,20,32,2,04大安區,大安區延吉街233巷8號,0,0,2,4,H02,8,3,5,30,14,9,1,5,4,5,7,4,4,10,5,5,2,17,2,5,2,1,4,5,7,20,8,20,10,16,,67,,1,22,9,121.5561287,25.036908
112,1,14,20,32,2,04大安區,大安區延吉街233巷8號,0,0,2,1,B03,8,3,5,30,14,9,1,5,4,5,7,4,4,10,5,5,2,17,2,47,3,10,1,1,7,9,1,8,2,1,,44,,1,22,9,121.5561287,25.036908
112,1,14,21,11,2,03中山區,中山區新生北路2段迴轉道,0,0,1,1,B03,7,3,5,50,14,9,1,5,4,5,7,1,1,10,4,5,1,17,1,68,3,10,1,1,7,5,1,8,1,8,,8,,1,22,9,121.5274174,25.05377446
112,1,14,21,11,2,03中山區,中山區新生北路2段迴轉道,0,0,1,2,C03,7,3,5,50,14,9,1,5,4,5,7,1,1,10,4,5,1,17,1,42,2,7,1,1,7,9,1,10,1,12,,13,,1,22,9,121.5274174,25.05377446
112,1,14,21,27,2,09北投區,北投區行義路50號燈桿,0,0,1,1,F01,7,3,5,40,11,9,1,5,4,5,7,4,4,5,5,5,1,18,2,36,2,1,2,1,7,9,8,20,2,16,,44,,1,22,9,121.5253244,25.1455459
112,1,14,21,27,2,09北投區,北投區行義路50號燈桿,0,0,1,2,,7,3,5,40,11,9,1,5,4,5,7,4,4,5,5,5,1,18,3,0,,,,,,,,,,,,67,,1,,,121.5253244,25.1455459
112,1,14,21,50,2,07信義區,信義區光復南路419號,0,0,2,2,C03,6,3,5,0,14,9,1,4,4,5,7,1,1,10,4,5,2,3,1,32,2,9,1,1,7,9,1,10,2,11,,42,,1,22,9,121.5576397,25.036448
112,1,14,21,50,2,07信義區,信義區光復南路419號,0,0,2,1,H01,6,3,5,0,14,9,1,4,4,5,7,1,1,10,4,5,2,3,1,51,2,9,4,5,8,16,8,20,7,16,,52,,1,22,9,121.5576397,25.036448
112,1,14,22,0,2,05中正區,中正區南陽街與信陽街口,0,0,1,1,B03,7,3,5,30,4,1,1,5,4,5,7,4,4,10,5,5,2,15,1,67,3,10,1,1,7,9,1,8,2,2,,6,,1,22,9,121.516116,25.04465557
112,1,14,22,0,2,05中正區,中正區南陽街與信陽街口,0,0,1,2,C03,7,3,5,30,4,1,1,5,4,5,7,4,4,10,5,5,2,15,1,29,2,9,1,1,7,9,1,10,2,11,,14,,1,22,9,121.516116,25.04465557
112,1,14,22,30,2,03中山區,中山區建國高架道與建國高架道口(南往北)(長安東路匝道),0,0,1,1,B03,6,3,5,40,10,16,1,4,4,5,7,2,1,1,4,5,2,13,1,22,3,10,3,4,7,9,1,8,1,1,,23,,1,22,9,121.5368162,25.04815271
112,1,14,22,30,2,03中山區,中山區建國高架道與建國高架道口(南往北)(長安東路匝道),0,0,1,2,B01,6,3,5,40,10,16,1,4,4,5,7,2,1,1,4,5,2,13,1,25,2,8,3,4,7,14,1,4,1,3,,44,,1,22,9,121.5368162,25.04815271
112,1,14,22,46,2,03中山區,中山區林森北路353巷與民生東路口側附近1段70巷口,0,0,1,2,B01,6,3,5,30,4,1,1,4,4,5,7,4,4,10,5,5,2,16,1,25,3,10,1,2,7,9,1,4,1,2,,13,,1,21,8,121.5264304,25.05702062
112,1,14,22,46,2,03中山區,中山區林森北路353巷與民生東路口側附近1段70巷口,0,0,1,1,C03,6,3,5,30,4,1,1,4,4,5,7,4,4,10,5,5,2,16,2,23,2,9,1,1,7,9,1,10,1,11,,6,,1,21,8,121.5264304,25.05702062
112,1,14,23,10,2,04大安區,大安區羅斯福路3段271號,0,0,1,2,C03,6,3,5,50,14,9,1,4,4,5,7,4,4,1,4,1,2,12,2,38,2,9,1,1,7,9,1,10,1,11,,44,,1,22,9,121.5308004,25.0187226
112,1,14,23,10,2,04大安區,大安區羅斯福路3段271號,0,0,1,1,C03,6,3,5,50,14,9,1,4,4,5,7,4,4,1,4,1,2,12,1,23,3,10,1,1,7,1,1,10,1,13,,19,,1,22,9,121.5308004,25.0187226
112,1,14,23,18,2,08士林區,士林區德行東路與德行東路260巷口,0,0,1,1,B01,6,3,5,50,3,2,1,4,4,5,7,4,4,5,5,5,2,17,1,67,4,11,3,4,7,1,7,19,11,15,,19,,2,22,9,121.5344865,25.109831
112,1,14,23,18,2,08士林區,士林區德行東路與德行東路260巷口,0,0,1,2,C03,6,3,5,50,3,2,1,4,4,5,7,4,4,5,5,5,2,17,1,47,2,8,1,1,7,9,1,9,9,11,,44,,1,22,9,121.5344865,25.109831
112,1,14,23,40,2,11南港區,南港區八德路4段901號,0,0,2,2,C03,6,3,5,50,14,9,1,4,4,5,7,4,4,9,4,5,2,3,2,28,2,1,1,1,7,9,1,10,2,11,,23,,1,22,9,121.5810461,25.05092031
112,1,14,23,40,2,11南港區,南港區八德路4段901號,0,0,2,1,H01,6,3,5,50,14,9,1,4,4,5,7,4,4,9,4,5,2,3,1,74,2,9,4,5,8,17,8,20,10,16,,52,,1,22,9,121.5810461,25.05092031
112,1,14,23,55,2,03中山區,中山區林森北路557巷,0,0,2,2,C03,6,3,5,50,15,9,1,4,4,5,7,4,4,10,4,5,1,17,1,22,2,8,1,1,7,9,1,10,1,12,,44,,1,22,9,121.5257438,25.0644491
112,1,14,23,55,2,03中山區,中山區林森北路557巷,0,0,2,3,H02,6,3,5,50,15,9,1,4,4,5,7,4,4,10,4,5,1,17,2,28,2,9,1,5,7,21,8,20,10,15,,67,,1,22,9,121.5257438,25.0644491
112,1,14,23,55,2,03中山區,中山區林森北路557巷,0,0,2,1,B03,6,3,5,50,15,9,1,4,4,5,7,4,4,10,4,5,1,17,2,28,3,10,1,1,7,11,1,8,1,8,,26,,1,22,9,121.5257438,25.0644491
112,1,15,0,24,2,02萬華區,萬華區長沙街2段137號,0,0,2,2,H01,6,3,5,50,14,9,1,4,4,5,7,4,4,8,5,5,2,2,1,45,2,8,4,5,8,16,8,20,10,16,,60,,1,22,9,121.5030004,25.04049002
112,1,15,0,24,2,02萬華區,萬華區長沙街2段137號,0,0,2,1,C03,6,3,5,50,14,9,1,4,4,5,7,4,4,8,5,5,2,2,1,67,2,9,1,1,7,9,1,10,1,11,,23,,1,22,9,121.5030004,25.04049002
112,1,15,0,50,2,06松山區,松山區民權東路5段34號與無名巷口(撫遠街376~400巷)口,0,0,2,4,C03,6,3,5,50,14,18,1,4,4,5,7,1,1,1,4,5,2,3,1,23,3,10,1,1,7,9,1,10,1,14,,23,,1,22,9,121.56484,25.06315737
112,1,15,0,50,2,06松山區,松山區民權東路5段34號與無名巷口(撫遠街376~400巷)口,0,0,2,1,H01,6,3,5,50,14,18,1,4,4,5,7,1,1,1,4,5,2,3,1,42,2,8,4,5,8,16,8,20,10,16,,52,,1,22,9,121.56484,25.06315737
112,1,15,0,50,2,06松山區,松山區民權東路5段34號與無名巷口(撫遠街376~400巷)口,0,0,2,3,C03,6,3,5,50,14,18,1,4,4,5,7,1,1,1,4,5,2,3,1,20,3,10,1,1,7,9,1,10,1,11,,23,,1,22,9,121.56484,25.06315737
112,1,15,0,50,2,06松山區,松山區民權東路5段34號與無名巷口(撫遠街376~400巷)口,0,0,2,2,C03,6,3,5,50,14,18,1,4,4,5,7,1,1,1,4,5,2,3,2,23,2,9,1,1,7,9,1,10,1,11,,23,,1,22,9,121.56484,25.06315737
112,1,15,1,10,2,04大安區,大安區和平東路3段66號前,0,0,1,1,B01,6,3,5,50,14,9,1,4,4,5,7,4,4,10,4,5,2,17,1,47,3,10,1,1,7,8,1,4,1,15,,7,,1,22,9,121.5501597,25.0244201
112,1,15,1,10,2,04大安區,大安區和平東路3段66號前,0,0,1,2,C03,6,3,5,50,14,9,1,4,4,5,7,4,4,10,4,5,2,17,1,34,2,9,1,1,7,9,1,10,1,14,,16,,1,22,9,121.5501597,25.0244201
112,1,15,1,19,2,02萬華區,萬華區貴陽街2段與康定路口,0,0,1,2,H01,6,3,5,50,4,1,1,4,4,5,7,2,1,5,5,5,2,3,1,45,2,9,4,5,8,16,8,20,1,16,,51,,1,22,9,121.5019931,25.04014126
112,1,15,1,19,2,02萬華區,萬華區貴陽街2段與康定路口,0,0,1,1,B01,6,3,5,50,4,1,1,4,4,5,7,2,1,5,5,5,2,3,1,59,3,10,1,1,7,5,1,4,1,4,,15,,1,22,9,121.5019931,25.04014126
112,1,15,2,8,2,06松山區,松山區延吉街9-3號,0,0,1,1,B01,6,3,5,50,14,9,1,4,4,5,7,4,4,9,5,5,2,17,1,43,3,10,1,1,7,1,1,4,9,15,,19,,2,10,9,121.5535144,25.0468069
112,1,15,2,8,2,06松山區,松山區延吉街9-3號,0,0,1,2,C03,6,3,5,50,14,9,1,4,4,5,7,4,4,9,5,5,2,17,1,29,2,9,1,1,7,12,1,10,1,14,,42,,1,5,9,121.5535144,25.0468069
112,1,15,2,25,2,01大同區,大同區華陰街與長安西路172巷口,0,0,1,2,C03,8,3,5,30,3,1,1,4,4,5,7,4,4,10,5,5,2,16,2,35,2,8,1,1,7,9,1,10,1,11,,44,,1,22,9,121.5158432,25.0501424
112,1,15,2,25,2,01大同區,大同區華陰街與長安西路172巷口,0,0,1,1,B01,8,3,5,30,3,1,1,4,4,5,7,4,4,10,5,5,2,16,1,66,3,10,1,1,7,6,1,4,1,4,,6,,1,22,9,121.5158432,25.0501424
112,1,15,4,19,2,06松山區,松山區南京東路5段250巷2弄與南京東路5段286巷口,0,0,1,1,C03,7,3,5,30,4,1,1,5,4,5,7,4,4,10,5,5,2,15,2,43,2,9,1,1,7,9,1,10,1,12,,6,,1,22,9,121.5672411,25.0506992
112,1,15,4,19,2,06松山區,松山區南京東路5段250巷2弄與南京東路5段286巷口,0,0,1,2,B03,7,3,5,30,4,1,1,5,4,5,7,4,4,10,5,5,2,15,1,45,3,10,1,1,7,9,1,8,1,1,,14,,1,22,9,121.5672411,25.0506992
112,1,15,8,17,2,01大同區,大同區塔城街與鄭州路口,0,0,3,5,C03,8,1,5,50,4,1,1,5,4,5,7,2,1,1,4,5,2,15,1,23,3,10,3,4,7,9,1,9,2,11,,13,,1,22,9,121.5104826,25.0500532
112,1,15,8,17,2,01大同區,大同區塔城街與鄭州路口,0,0,3,6,C03,8,1,5,50,4,1,1,5,4,5,7,2,1,1,4,5,2,15,1,36,3,10,3,4,7,9,1,10,2,11,,13,,1,22,9,121.5104826,25.0500532
112,1,15,8,17,2,01大同區,大同區塔城街與鄭州路口,0,0,3,3,C03,8,1,5,50,4,1,1,5,4,5,7,2,1,1,4,5,2,15,1,24,2,9,3,4,7,9,1,10,2,14,,13,,1,22,9,121.5104826,25.0500532
112,1,15,8,17,2,01大同區,大同區塔城街與鄭州路口,0,0,3,4,C03,8,1,5,50,4,1,1,5,4,5,7,2,1,1,4,5,2,15,1,29,2,8,3,4,7,9,1,10,2,11,,42,,1,22,9,121.5104826,25.0500532
112,1,15,8,17,2,01大同區,大同區塔城街與鄭州路口,0,0,3,1,B03,8,1,5,50,4,1,1,5,4,5,7,2,1,1,4,5,2,15,1,31,3,10,3,4,7,9,1,8,2,5,,25,,1,22,9,121.5104826,25.0500532
112,1,15,8,17,2,01大同區,大同區塔城街與鄭州路口,0,0,3,2,C03,8,1,5,50,4,1,1,5,4,5,7,2,1,1,4,5,2,15,1,37,2,9,3,4,7,9,1,10,2,11,,13,,1,22,9,121.5104826,25.0500532
112,1,15,8,18,2,10文山區,文山區木柵路1段125號,0,0,1,1,B03,6,1,5,50,15,9,1,4,4,5,7,1,1,5,4,5,2,17,1,57,3,10,3,4,7,1,1,8,2,7,,19,,1,22,9,121.5487602,24.98720685
112,1,15,8,18,2,10文山區,文山區木柵路1段125號,0,0,1,2,C02,6,1,5,50,15,9,1,4,4,5,7,1,1,5,4,5,2,17,1,32,2,9,3,4,7,9,1,9,9,11,,13,,2,22,9,121.5487602,24.98720685
112,1,15,8,30,2,03中山區,中山區民族東路與濱江街180巷口,0,0,1,1,B01,7,1,5,50,4,2,1,5,4,5,7,1,1,1,3,5,1,16,2,60,3,10,3,4,7,11,1,8,2,5,,26,,1,22,9,121.5380194,25.0681997
112,1,15,8,30,2,03中山區,中山區民族東路與濱江街180巷口,0,0,1,2,C03,7,1,5,50,4,2,1,5,4,5,7,1,1,1,3,5,1,16,1,75,2,9,1,4,7,9,1,10,2,14,,44,,1,22,9,121.5380194,25.0681997
112,1,15,9,59,2,03中山區,中山區北安路458巷與北安路口,0,0,1,2,C03,8,1,5,50,4,2,1,5,4,5,7,2,1,10,4,5,2,12,1,27,2,8,3,4,7,9,1,10,1,14,,44,,1,22,9,121.5446024,25.0796874
112,1,15,9,59,2,03中山區,中山區北安路458巷與北安路口,0,0,1,1,B03,8,1,5,50,4,2,1,5,4,5,7,2,1,10,4,5,2,12,1,24,3,10,3,4,7,6,1,8,1,2,,44,,1,22,9,121.5446024,25.0796874
112,1,15,10,41,2,02萬華區,萬華區萬大路186巷與萬大路口口,0,0,1,1,C03,8,1,5,30,4,2,1,5,4,5,7,1,1,10,5,5,2,9,1,53,3,10,3,4,7,5,3,18,1,15,,26,,1,22,9,121.5004231,25.0278207
112,1,15,10,41,2,02萬華區,萬華區萬大路186巷與萬大路口口,0,0,1,2,H01,8,1,5,30,4,2,1,5,4,5,7,1,1,10,5,5,2,9,2,59,2,8,4,5,8,16,8,20,10,16,,51,,1,22,9,121.5004231,25.0278207
112,1,15,10,42,2,11南港區,南港區南港路1段137巷與市民大道8段口,0,0,2,2,C03,6,1,5,30,3,1,1,4,4,5,7,4,4,10,4,5,2,15,1,21,2,8,1,1,7,9,1,10,1,12,,14,,1,22,9,121.6138416,25.05430297
112,1,15,10,42,2,11南港區,南港區南港路1段137巷與市民大道8段口,0,0,2,1,C03,6,1,5,30,3,1,1,4,4,5,7,4,4,10,4,5,2,15,2,61,2,8,1,1,7,1,1,10,1,11,,19,,1,22,9,121.6138416,25.05430297
112,1,15,11,13,2,07信義區,信義區忠孝東路5段423巷與忠孝東路5段口,0,0,1,2,B03,7,1,5,50,4,1,1,5,4,5,7,1,1,1,4,5,2,13,1,48,3,10,1,1,7,12,1,8,2,3,,44,,1,22,9,121.5754928,25.0408806
112,1,15,11,13,2,07信義區,信義區忠孝東路5段423巷與忠孝東路5段口,0,0,1,1,B02,7,1,5,50,4,1,1,5,4,5,7,1,1,1,4,5,2,13,1,24,3,10,1,1,7,9,1,8,2,1,,16,,1,22,9,121.5754928,25.0408806
112,1,15,11,13,2,07信義區,信義區忠孝東路5段423巷與忠孝東路5段口,0,0,1,3,B01,7,1,5,50,4,1,1,5,4,5,7,1,1,1,4,5,2,13,1,54,2,2,1,1,7,5,1,2,2,3,,26,,1,22,9,121.5754928,25.0408806
112,1,15,11,15,2,08士林區,士林區中正路與華聲街口,0,0,1,1,C03,7,1,5,30,3,2,1,5,4,5,7,4,4,1,5,5,2,15,2,66,3,10,1,1,7,1,4,11,1,11,,19,,1,22,9,121.5221463,25.09452881
112,1,15,11,15,2,08士林區,士林區中正路與華聲街口,0,0,1,2,C03,7,1,5,30,3,2,1,5,4,5,7,4,4,1,5,5,2,15,2,64,2,9,1,1,7,9,1,10,1,12,,14,,1,22,9,121.5221463,25.09452881
112,1,15,11,39,2,06松山區,松山區光復北路與光復北路165巷口,0,0,1,2,C03,8,1,5,50,3,1,1,5,4,5,7,2,1,4,3,5,2,15,2,28,2,9,1,1,7,9,1,10,1,11,,44,,1,22,9,121.5554933,25.05725742
112,1,15,11,39,2,06松山區,松山區光復北路與光復北路165巷口,0,0,1,1,B12,8,1,5,50,3,1,1,5,4,5,7,2,1,4,3,5,2,15,2,70,3,10,1,1,7,15,1,8,9,2,,6,,2,22,9,121.5554933,25.05725742
112,1,15,11,40,2,09北投區,北投區中央北路4段404巷與中央北路4段口,0,0,2,1,B03,8,1,8,50,15,9,1,5,4,5,7,2,1,4,1,5,1,16,1,69,3,10,3,1,7,11,1,8,1,4,,10,,1,22,9,121.4706234,25.1297603
112,1,15,11,40,2,09北投區,北投區中央北路4段404巷與中央北路4段口,0,0,2,2,C03,8,1,8,50,15,9,1,5,4,5,7,2,1,4,1,5,1,16,1,60,2,9,1,1,7,9,1,10,1,11,,44,,1,22,9,121.4706234,25.1297603
112,1,15,11,40,2,09北投區,北投區中央北路4段404巷與中央北路4段口,0,0,2,3,H02,8,1,8,50,15,9,1,5,4,5,7,2,1,4,1,5,1,16,2,59,2,9,1,1,7,20,8,20,1,16,,67,,1,22,9,121.4706234,25.1297603
112,1,15,12,5,2,12內湖區,內湖區民善街205號,0,0,1,2,C03,7,1,5,50,14,9,1,5,4,5,7,4,4,5,5,5,2,16,1,23,2,6,1,1,7,9,1,10,1,14,,13,,1,22,9,121.5744483,25.06403743
112,1,15,12,5,2,12內湖區,內湖區民善街205號,0,0,1,1,B03,7,1,5,50,14,9,1,5,4,5,7,4,4,5,5,5,2,16,1,35,3,10,1,1,7,6,1,8,1,5,,9,,1,22,9,121.5744483,25.06403743
112,1,15,12,22,2,10文山區,文山區辛亥路7段5巷口,0,0,1,1,B12,6,1,5,50,11,7,1,4,4,5,1,4,4,9,4,4,2,13,1,23,3,10,1,1,7,9,1,8,1,1,,16,,1,22,9,121.5525221,24.9871647
112,1,15,12,22,2,10文山區,文山區辛亥路7段5巷口,0,0,1,2,C03,6,1,5,50,11,7,1,4,4,5,1,4,4,9,4,4,2,13,2,41,2,9,1,1,7,9,1,10,1,13,,44,,1,22,9,121.5525221,24.9871647
112,1,15,12,41,2,05中正區,中正區汀州路3段與汀州路3段111巷口口,0,0,1,2,C03,8,1,5,50,14,9,1,5,4,5,7,1,1,9,4,5,2,11,1,47,2,9,1,1,7,9,1,10,2,11,,42,,1,22,9,121.5295139,25.0161336
112,1,15,12,41,2,05中正區,中正區汀州路3段與汀州路3段111巷口口,0,0,1,1,B03,8,1,5,50,14,9,1,5,4,5,7,1,1,9,4,5,2,11,1,35,3,10,1,1,7,11,1,8,2,4,,10,,1,22,9,121.5295139,25.0161336
112,1,15,12,42,2,10文山區,文山區秀明路1段79巷1弄與秀明路1段79巷口,0,0,3,1,B03,6,1,5,30,4,1,1,4,4,5,7,4,4,10,5,5,2,15,2,56,3,10,1,1,7,9,1,8,1,5,,6,,1,22,9,121.5657198,24.99056121
112,1,15,12,42,2,10文山區,文山區秀明路1段79巷1弄與秀明路1段79巷口,0,0,3,2,C03,6,1,5,30,4,1,1,4,4,5,7,4,4,10,5,5,2,15,2,52,2,8,1,1,7,9,1,10,1,11,,23,,1,22,9,121.5657198,24.99056121
112,1,15,12,42,2,10文山區,文山區秀明路1段79巷1弄與秀明路1段79巷口,0,0,3,3,H02,6,1,5,30,4,1,1,4,4,5,7,4,4,10,5,5,2,15,1,19,2,8,1,5,7,17,8,20,10,16,,67,,1,22,9,121.5657198,24.99056121
112,1,15,12,42,2,10文山區,文山區秀明路1段79巷1弄與秀明路1段79巷口,0,0,3,4,H02,6,1,5,30,4,1,1,4,4,5,7,4,4,10,5,5,2,15,1,60,2,3,1,5,7,17,8,20,10,16,,67,,1,22,9,121.5657198,24.99056121
112,1,15,13,27,2,10文山區,文山區木柵路1段72號,0,0,1,2,C03,6,1,5,50,14,9,1,4,4,5,7,4,4,5,4,5,2,17,1,23,2,9,3,4,7,9,1,10,1,11,,13,,1,22,9,121.5494447,24.98733776
112,1,15,13,27,2,10文山區,文山區木柵路1段72號,0,0,1,1,B12,6,1,5,50,14,9,1,4,4,5,7,4,4,5,4,5,2,17,1,65,3,10,3,4,7,11,1,8,1,5,,10,,1,22,9,121.5494447,24.98733776