發生年度,發生月,發生日,發生時-Hours,發生分,處理別-編號,區序,肇事地點,死亡人數,2-30日死亡人數,受傷人數,當事人序號,車種,天候,光線,道路類別,速限-速度限制,道路型態,事故位置,路面狀況1,路面狀況2,路面狀況3,道路障礙1,道路障礙2,號誌1,號誌2,車道劃分-分向,車道劃分-分道1,車道劃分-分道2,車道劃分-分道3,事故類型及型態,性別,年齡,受傷程度,主要傷處,保護裝置,行動電話,車輛用途,當事者行動狀態,駕駛資格情形,駕駛執照種類,飲酒情形,車輛撞擊部位1,車輛撞擊部位2,肇因碼-個別,肇因碼-主要,個人肇逃否,職業,旅次目的,座標-X,座標-Y
112,1,15,13,28,2,04大安區,大安區復興南路1段與東豐街口,0,0,1,1,B03,7,1,5,30,15,18,1,5,4,5,7,2,1,1,4,5,2,3,1,26,3,10,1,4,7,5,1,8,1,8,,15,,1,22,9,121.5436931,25.0361688
112,1,15,13,28,2,04大安區,大安區復興南路1段與東豐街口,0,0,1,2,H01,7,1,5,30,15,18,1,5,4,5,7,2,1,1,4,5,2,3,1,68,2,9,4,5,8,16,8,20,10,16,,67,,1,22,9,121.5436931,25.0361688
112,1,15,13,52,2,03中山區,中山區樂群一路與基湖路口,0,0,2,1,C04,8,1,5,50,3,2,1,5,4,5,7,1,1,1,4,5,1,13,1,22,2,9,1,1,7,9,1,10,1,11,,23,,1,22,9,121.5630818,25.07609782
112,1,15,13,52,2,03中山區,中山區樂群一路與基湖路口,0,0,2,2,C03,8,1,5,50,3,2,1,5,4,5,7,1,1,1,4,5,1,13,1,48,2,7,1,1,7,9,1,10,1,11,,44,,1,22,9,121.5630818,25.07609782
112,1,15,14,43,2,01大同區,大同區台北橋機車道(台北往三重),0,0,1,1,C03,7,1,7,50,14,11,1,5,4,5,7,4,4,9,5,5,2,13,1,23,3,10,1,1,7,7,1,10,2,13,,7,,1,22,9,121.5107005,25.06311674
112,1,15,14,43,2,01大同區,大同區台北橋機車道(台北往三重),0,0,1,2,C03,7,1,7,50,14,11,1,5,4,5,7,4,4,9,5,5,2,13,1,27,2,9,1,1,7,9,1,10,2,11,,26,,1,22,9,121.5107005,25.06311674
112,1,15,14,44,2,02萬華區,萬華區忠孝西路2段與西寧南路口,0,0,1,2,B03,7,1,5,50,4,1,1,5,4,5,7,1,1,1,4,5,2,12,1,44,3,10,1,4,7,9,1,8,1,4,,44,,1,22,9,121.5077095,25.04851548
112,1,15,14,44,2,02萬華區,萬華區忠孝西路2段與西寧南路口,0,0,1,1,C03,7,1,5,50,4,1,1,5,4,5,7,1,1,1,4,5,2,12,2,22,2,7,1,4,7,8,1,10,1,12,,7,,1,22,9,121.5077095,25.04851548
112,1,15,14,48,2,11南港區,南港區忠孝東路6段與忠孝東路6段278巷口,0,0,2,2,C03,7,1,5,40,3,2,1,5,4,5,7,4,4,1,4,4,2,12,1,21,2,8,1,1,7,9,1,10,1,13,,44,,1,22,9,121.5892163,25.04936679
112,1,15,14,48,2,11南港區,南港區忠孝東路6段與忠孝東路6段278巷口,0,0,2,1,B01,7,1,5,40,3,2,1,5,4,5,7,4,4,1,4,4,2,12,1,64,3,10,1,1,7,1,1,4,1,8,,19,,1,5,9,121.5892163,25.04936679
112,1,15,14,48,2,11南港區,南港區忠孝東路6段與忠孝東路6段278巷口,0,0,2,3,C03,7,1,5,40,3,2,1,5,4,5,7,4,4,1,4,4,2,12,1,28,2,8,1,1,7,9,1,10,1,11,,16,,1,22,9,121.5892163,25.04936679
112,1,15,15,8,2,08士林區,士林區中山北路5段與劍潭路口,0,0,2,1,B03,8,1,5,50,3,1,1,5,4,5,7,2,1,1,4,5,1,17,1,47,3,10,1,1,7,6,1,8,1,6,,9,,1,22,9,121.5253704,25.08435957
112,1,15,15,8,2,08士林區,士林區中山北路5段與劍潭路口,0,0,2,2,C03,8,1,5,50,3,1,1,5,4,5,7,2,1,1,4,5,1,17,2,20,2,8,1,1,7,9,1,10,1,11,,23,,1,22,9,121.5253704,25.08435957
112,1,15,15,8,2,08士林區,士林區中山北路5段與劍潭路口,0,0,2,3,H02,8,1,5,50,3,1,1,5,4,5,7,2,1,1,4,5,1,17,2,20,2,7,4,5,7,20,8,20,1,16,,67,,1,22,9,121.5253704,25.08435957
112,1,15,15,13,2,01大同區,大同區民生西路與寧夏路口,0,0,1,2,C01,8,1,5,50,4,1,1,5,4,5,7,2,1,5,4,5,2,17,1,24,2,8,1,1,7,9,1,9,2,14,,23,,1,22,9,121.5155451,25.05704526
112,1,15,15,13,2,01大同區,大同區民生西路與寧夏路口,0,0,1,1,B03,8,1,5,50,4,1,1,5,4,5,7,2,1,5,4,5,2,17,1,37,3,10,1,1,7,5,1,8,2,8,,6,,1,22,9,121.5155451,25.05704526
112,1,15,15,19,2,02萬華區,萬華區華中橋機車道往中和方向(華中017牌面前),0,0,1,1,C03,8,1,7,40,8,11,1,5,4,5,7,4,4,9,4,3,1,17,1,28,3,10,1,1,7,4,1,10,1,14,,17,,1,22,9,121.4954498,25.01595245
112,1,15,15,19,2,02萬華區,萬華區華中橋機車道往中和方向(華中017牌面前),0,0,1,2,C04,8,1,7,40,8,11,1,5,4,5,7,4,4,9,4,3,1,17,2,64,2,8,1,1,7,9,1,10,1,12,,44,,1,22,9,121.4954498,25.01595245
112,1,15,16,22,2,02萬華區,萬華區西寧南路與成都路口,0,0,2,3,H02,7,1,5,50,4,1,1,5,4,5,7,1,1,10,4,5,2,12,1,22,2,7,4,5,7,20,8,20,10,16,,67,,1,22,9,121.5059731,25.0428172
112,1,15,16,22,2,02萬華區,萬華區西寧南路與成都路口,0,0,2,1,C03,7,1,5,50,4,1,1,5,4,5,7,1,1,10,4,5,2,12,1,19,2,8,1,4,7,7,1,10,1,14,,7,,1,22,9,121.5059731,25.0428172
112,1,15,16,22,2,02萬華區,萬華區西寧南路與成都路口,0,0,2,2,B01,7,1,5,50,4,1,1,5,4,5,7,1,1,10,4,5,2,12,1,67,3,10,1,4,7,9,1,4,1,2,,44,,1,22,9,121.5059731,25.0428172
112,1,15,16,24,2,06松山區,松山區延吉街與八德路3段74巷3弄口,0,0,1,1,C03,8,1,5,0,4,1,1,5,4,5,7,4,4,10,5,5,2,17,2,48,4,11,3,4,7,5,7,19,11,15,,8,,2,22,9,121.5533981,25.04763316
112,1,15,16,24,2,06松山區,松山區延吉街與八德路3段74巷3弄口,0,0,1,2,C03,8,1,5,0,4,1,1,5,4,5,7,4,4,10,5,5,2,17,2,28,2,9,1,1,7,9,1,10,1,12,,42,,1,22,9,121.5533981,25.04763316
112,1,15,17,0,2,07信義區,信義區基隆路2段與嘉興街216巷口,0,0,1,1,B03,8,1,5,30,4,2,1,5,4,5,7,2,1,9,5,5,2,16,1,36,3,10,1,1,7,5,1,8,1,1,,8,,1,22,9,121.5559623,25.0273739
112,1,15,17,0,2,07信義區,信義區基隆路2段與嘉興街216巷口,0,0,1,2,C03,8,1,5,30,4,2,1,5,4,5,7,2,1,9,5,5,2,16,1,62,2,8,1,1,7,9,1,10,1,14,,44,,1,22,9,121.5559623,25.0273739
112,1,15,17,24,2,03中山區,中山區民族東路與建國北路3段口,0,0,1,1,B03,7,1,5,50,5,1,1,5,4,5,7,1,1,1,3,5,1,16,1,72,3,10,3,4,7,7,1,8,1,8,,7,,1,22,9,121.5333279,25.0683455
112,1,15,17,24,2,03中山區,中山區民族東路與建國北路3段口,0,0,1,2,B03,7,1,5,50,5,1,1,5,4,5,7,1,1,1,3,5,1,16,1,40,3,10,3,4,7,9,1,8,1,2,,26,,1,22,9,121.5333279,25.0683455
112,1,15,17,24,2,03中山區,中山區民族東路與建國北路3段口,0,0,1,3,H02,7,1,5,50,5,1,1,5,4,5,7,1,1,1,3,5,1,16,1,11,2,7,4,5,7,17,8,20,10,16,,67,,1,22,9,121.5333279,25.0683455
112,1,15,17,50,2,01大同區,大同區延平北路3段與民權西路口,0,0,1,2,C03,8,2,5,50,4,1,1,5,4,5,7,1,1,1,4,5,2,17,1,21,2,9,1,1,7,9,1,10,2,12,,23,,1,22,9,121.5111998,25.06304709
112,1,15,17,50,2,01大同區,大同區延平北路3段與民權西路口,0,0,1,1,B01,8,2,5,50,4,1,1,5,4,5,7,1,1,1,4,5,2,17,1,40,3,10,1,1,7,5,1,4,2,4,,6,,1,22,9,121.5111998,25.06304709
112,1,15,17,54,2,11南港區,南港區南港路1段171巷與市民大道8段口,0,0,1,2,B03,6,3,5,50,3,2,1,4,4,5,7,4,4,1,4,5,2,13,1,36,3,10,1,1,7,6,1,8,1,7,,44,,1,22,9,121.6128467,25.0541585
112,1,15,17,54,2,11南港區,南港區南港路1段171巷與市民大道8段口,0,0,1,1,C03,6,3,5,50,3,2,1,4,4,5,7,4,4,1,4,5,2,13,1,22,2,9,1,1,7,8,1,10,1,12,,23,,1,22,9,121.6128467,25.0541585
112,1,15,18,1,2,10文山區,文山區木柵路2段153號前,0,0,3,1,C03,6,3,5,50,14,9,1,4,4,5,7,2,1,4,3,5,2,16,1,17,2,9,1,1,7,1,2,18,2,14,,19,,1,22,9,121.5627494,24.988984
112,1,15,18,1,2,10文山區,文山區木柵路2段153號前,0,0,3,2,C03,6,3,5,50,14,9,1,4,4,5,7,2,1,4,3,5,2,16,1,66,2,9,1,1,7,9,1,10,2,11,,44,,1,22,9,121.5627494,24.988984
112,1,15,18,1,2,10文山區,文山區木柵路2段153號前,0,0,3,3,H02,6,3,5,50,14,9,1,4,4,5,7,2,1,4,3,5,2,16,2,61,2,9,1,1,7,21,8,20,10,15,,67,,1,22,9,121.5627494,24.988984
112,1,15,18,52,2,03中山區,中山區林森北路與雙城街3巷口,0,0,1,3,B03,7,3,5,50,3,1,1,5,4,5,7,4,4,5,4,5,2,16,1,63,3,10,3,4,7,9,1,8,1,6,,44,,1,22,9,121.5256442,25.06329476
112,1,15,18,52,2,03中山區,中山區林森北路與雙城街3巷口,0,0,1,1,C03,7,3,5,50,3,1,1,5,4,5,7,4,4,5,4,5,2,16,1,36,2,9,3,4,7,5,1,10,1,12,,8,,1,22,9,121.5256442,25.06329476
112,1,15,18,52,2,03中山區,中山區林森北路與雙城街3巷口,0,0,1,2,B01,7,3,5,50,3,1,1,5,4,5,7,4,4,5,4,5,2,16,1,58,3,10,3,4,7,9,1,4,1,7,,23,,1,10,9,121.5256442,25.06329476
112,1,15,18,52,2,08士林區,士林區社中街與社中街426巷口,0,0,2,1,B03,8,3,5,30,3,2,1,5,4,5,7,4,4,5,5,5,2,17,1,27,3,10,1,1,7,1,1,8,1,1,,19,,1,22,9,121.5024519,25.0917653
112,1,15,18,52,2,08士林區,士林區社中街與社中街426巷口,0,0,2,2,C03,8,3,5,30,3,2,1,5,4,5,7,4,4,5,5,5,2,17,1,47,2,8,1,1,7,9,1,10,1,12,,29,,1,22,9,121.5024519,25.0917653
112,1,15,18,52,2,08士林區,士林區社中街與社中街426巷口,0,0,2,3,H02,8,3,5,30,3,2,1,5,4,5,7,4,4,5,5,5,2,17,2,44,2,8,4,5,7,20,8,20,10,16,,67,,1,22,9,121.5024519,25.0917653
112,1,15,19,10,2,02萬華區,萬華區西園路2段281巷與西園路2段口(283號旁),0,0,2,3,H02,8,3,5,30,14,9,1,5,4,5,7,4,4,10,5,5,2,16,2,21,2,8,4,5,7,20,8,20,10,16,,67,,1,22,9,121.4916305,25.02478338
112,1,15,19,10,2,02萬華區,萬華區西園路2段281巷與西園路2段口(283號旁),0,0,2,1,C03,8,3,5,30,14,9,1,5,4,5,7,4,4,10,5,5,2,16,1,21,2,9,1,1,7,6,1,9,1,13,,9,,1,22,9,121.4916305,25.02478338
112,1,15,19,10,2,02萬華區,萬華區西園路2段281巷與西園路2段口(283號旁),0,0,2,2,C03,8,3,5,30,14,9,1,5,4,5,7,4,4,10,5,5,2,16,1,21,3,10,1,1,7,9,1,10,1,11,,23,,1,22,9,121.4916305,25.02478338
112,1,15,19,12,2,09北投區,北投區石牌路2段與天母西路130巷口,0,0,1,2,B03,7,3,5,50,3,1,1,5,4,5,7,4,4,10,5,5,2,17,1,22,3,10,1,1,7,9,1,8,2,5,,44,,1,22,9,121.5226507,25.11963132
112,1,15,19,12,2,09北投區,北投區石牌路2段與天母西路130巷口,0,0,1,1,C03,7,3,5,50,3,1,1,5,4,5,7,4,4,10,5,5,2,17,1,74,2,9,1,1,7,9,1,9,2,14,,6,,1,22,9,121.5226507,25.11963132
112,1,15,19,17,2,04大安區,大安區市民大道4段與敦化南路1段口,0,0,1,2,F01,8,3,5,40,4,1,1,5,4,5,7,2,1,9,4,5,2,16,2,46,2,8,3,1,7,9,8,20,1,16,,23,,1,22,9,121.548649,25.0446712
112,1,15,19,17,2,04大安區,大安區市民大道4段與敦化南路1段口,0,0,1,1,B01,8,3,5,40,4,1,1,5,4,5,7,2,1,9,4,5,2,16,1,63,3,10,1,1,7,6,1,4,1,1,,9,,1,22,9,121.548649,25.0446712
112,1,15,19,39,2,02萬華區,萬華區萬大路321號,0,0,1,2,B03,8,3,5,30,14,9,1,5,4,5,7,4,4,2,3,5,2,12,1,27,3,10,1,1,7,13,1,8,9,7,,38,,1,22,9,121.5003809,25.02436561
112,1,15,19,39,2,02萬華區,萬華區萬大路321號,0,0,1,1,C03,8,3,5,30,14,9,1,5,4,5,7,4,4,2,3,5,2,12,1,53,2,3,1,1,7,9,6,10,6,12,,23,,1,22,9,121.5003809,25.02436561
112,1,15,19,40,2,10文山區,文山區木柵路3段41號,0,0,1,2,,6,3,5,50,14,9,1,4,4,5,7,4,4,9,4,5,1,18,3,0,,,,,,,,,,,,67,,1,,,121.565853,24.98848703
112,1,15,19,40,2,10文山區,文山區木柵路3段41號,0,0,1,1,C03,6,3,5,50,14,9,1,4,4,5,7,4,4,9,4,5,1,18,1,25,2,9,1,1,7,9,1,10,1,14,,23,,1,22,9,121.565853,24.98848703
112,1,15,20,1,2,07信義區,信義區環東大道下基隆路匝道,0,0,1,3,B03,6,3,5,50,14,9,1,4,4,5,7,4,4,10,4,5,1,13,1,43,3,10,1,1,7,9,1,8,1,3,,44,,1,22,9,121.5678797,25.0469485
112,1,15,20,1,2,07信義區,信義區環東大道下基隆路匝道,0,0,1,2,B03,6,3,5,50,14,9,1,4,4,5,7,4,4,10,4,5,1,13,1,23,3,10,1,1,7,9,1,8,1,3,,44,,1,22,9,121.5678797,25.0469485
112,1,15,20,1,2,07信義區,信義區環東大道下基隆路匝道,0,0,1,4,H02,6,3,5,50,14,9,1,4,4,5,7,4,4,10,4,5,1,13,2,24,2,3,4,5,7,20,8,20,10,16,,67,,1,22,9,121.5678797,25.0469485
112,1,15,20,1,2,07信義區,信義區環東大道下基隆路匝道,0,0,1,1,B03,6,3,5,50,14,9,1,4,4,5,7,4,4,10,4,5,1,13,1,23,3,10,1,1,7,9,1,8,1,1,,16,,1,21,9,121.5678797,25.0469485
112,1,15,20,3,2,03中山區,中山區松江路與民族東路口,0,0,2,3,H02,7,3,5,50,5,1,1,5,4,5,7,1,1,1,4,4,2,16,2,19,2,7,4,5,7,20,8,20,10,16,,67,,1,22,9,121.5333345,25.0683362
112,1,15,20,3,2,03中山區,中山區松江路與民族東路口,0,0,2,1,B12,7,3,5,50,5,1,1,5,4,5,7,1,1,1,4,4,2,16,2,30,3,10,3,4,7,6,1,8,1,6,,9,,1,22,9,121.5333345,25.0683362
112,1,15,20,3,2,03中山區,中山區松江路與民族東路口,0,0,2,2,C03,7,3,5,50,5,1,1,5,4,5,7,1,1,1,4,4,2,16,1,20,2,9,3,4,7,9,1,10,1,11,,13,,1,22,9,121.5333345,25.0683362
112,1,15,20,23,2,09北投區,北投區光明路181號,0,0,2,1,C03,7,3,5,50,14,9,1,5,4,5,7,3,1,5,5,5,2,17,1,51,2,9,1,1,7,9,1,10,1,12,,16,,1,22,9,121.5032156,25.1357288
112,1,15,20,23,2,09北投區,北投區光明路181號,0,0,2,2,C03,7,3,5,50,14,9,1,5,4,5,7,3,1,5,5,5,2,17,1,35,2,8,1,1,7,12,1,10,1,13,,44,,1,22,9,121.5032156,25.1357288
112,1,15,20,30,2,03中山區,中山區中山北路1段71號,0,0,1,1,C03,7,3,5,50,14,9,1,5,4,5,7,4,4,1,4,5,2,12,1,48,3,10,3,4,7,7,1,10,1,14,,6,,1,22,9,121.5219629,25.05026987
112,1,15,20,30,2,03中山區,中山區中山北路1段71號,0,0,1,2,B03,7,3,5,50,14,9,1,5,4,5,7,4,4,1,4,5,2,12,1,35,3,10,3,4,7,7,1,8,1,8,,7,,1,22,9,121.5219629,25.05026987
112,1,15,20,30,2,03中山區,中山區中山北路1段71號,0,0,1,3,C03,7,3,5,50,14,9,1,5,4,5,7,4,4,1,4,5,2,12,1,29,2,8,3,4,7,9,1,10,1,12,,44,,1,22,9,121.5219629,25.05026987
112,1,15,21,31,2,08士林區,士林區忠誠路1段27號,0,0,2,1,C03,8,3,5,50,14,7,1,5,4,3,7,4,4,1,3,4,1,13,2,34,2,7,1,1,7,9,1,10,1,11,,23,,1,22,9,121.5270234,25.1042728
112,1,15,21,31,2,08士林區,士林區忠誠路1段27號,0,0,2,2,C03,8,3,5,50,14,7,1,5,4,3,7,4,4,1,3,4,1,13,1,56,3,10,1,1,7,12,1,10,1,15,,44,,1,22,9,121.5270234,25.1042728
112,1,15,21,31,2,08士林區,士林區忠誠路1段27號,0,0,2,3,B03,8,3,5,50,14,7,1,5,4,3,7,4,4,1,3,4,1,13,1,39,3,10,1,1,7,14,1,8,1,15,,38,,1,22,9,121.5270234,25.1042728
112,1,15,21,31,2,08士林區,士林區忠誠路1段27號,0,0,2,4,H02,8,3,5,50,14,7,1,5,4,3,7,4,4,1,3,4,1,13,2,36,2,7,1,5,7,17,8,20,10,16,,67,,1,22,9,121.5270234,25.1042728
112,1,15,21,58,2,05中正區,中正區羅斯福路3段與師大路口,0,0,1,1,B03,8,3,5,50,4,1,1,5,4,2,7,1,1,3,4,5,2,17,1,48,3,10,1,1,7,5,1,8,2,1,,6,,1,22,9,121.5278901,25.02108832
112,1,15,21,58,2,05中正區,中正區羅斯福路3段與師大路口,0,0,1,2,C03,8,3,5,50,4,1,1,5,4,2,7,1,1,3,4,5,2,17,1,42,2,9,1,1,7,9,1,10,2,14,,26,,1,22,9,121.5278901,25.02108832
112,1,15,22,15,2,12內湖區,內湖區堤頂大道2段與港墘路口,0,0,1,2,C03,6,3,5,50,3,1,1,4,4,5,7,1,1,1,4,1,2,16,1,42,2,9,1,1,7,9,1,10,2,11,,44,,1,22,9,121.5720886,25.0756941
112,1,15,22,15,2,12內湖區,內湖區堤頂大道2段與港墘路口,0,0,1,1,B03,6,3,5,50,3,1,1,4,4,5,7,1,1,1,4,1,2,16,2,56,3,10,1,1,7,5,1,8,2,1,,25,,1,22,9,121.5720886,25.0756941
112,1,16,1,20,2,03中山區,中山區林森北路426號,0,0,1,2,C02,7,3,5,50,14,9,1,5,4,5,7,4,4,9,5,5,2,17,1,21,2,9,3,4,7,9,1,10,2,11,,44,,1,22,9,121.5255325,25.0599582
112,1,16,1,20,2,03中山區,中山區林森北路426號,0,0,1,1,B02,7,3,5,50,14,9,1,5,4,5,7,4,4,9,5,5,2,17,1,23,3,10,3,4,7,11,1,8,2,5,,10,,1,22,9,121.5255325,25.0599582
112,1,16,5,20,2,07信義區,信義區吳興街103-1號,0,0,2,2,C03,6,3,5,50,14,9,1,4,4,5,7,4,4,10,5,5,1,17,1,40,2,9,1,1,7,9,1,10,1,11,,23,,1,22,9,121.560863,25.030436
112,1,16,5,20,2,07信義區,信義區吳興街103-1號,0,0,2,1,C03,6,3,5,50,14,9,1,4,4,5,7,4,4,10,5,5,1,17,1,62,2,9,1,1,7,5,1,10,1,11,,8,,1,22,9,121.560863,25.030436
112,1,16,5,30,2,04大安區,大安區新生南路2段與和平東路2段口,0,0,1,1,C03,8,1,5,50,4,2,1,5,4,5,7,1,1,1,4,5,2,13,1,69,3,10,1,1,7,9,1,10,1,11,,23,,1,22,9,121.5349137,25.0257693
112,1,16,5,30,2,04大安區,大安區新生南路2段與和平東路2段口,0,0,1,2,C03,8,1,5,50,4,2,1,5,4,5,7,1,1,1,4,5,2,13,2,66,2,9,1,1,7,14,1,10,1,13,,44,,1,22,9,121.5349137,25.0257693
112,1,16,7,24,2,09北投區,北投區光明路2巷與育仁路口,0,0,1,2,C03,8,1,5,50,14,9,1,5,4,5,7,2,1,4,1,5,2,16,2,30,2,9,1,1,7,9,1,10,1,12,,44,,1,22,9,121.4985821,25.1326207
112,1,16,7,24,2,09北投區,北投區光明路2巷與育仁路口,0,0,1,1,C03,8,1,5,50,14,9,1,5,4,5,7,2,1,4,1,5,2,16,1,45,3,10,1,1,7,1,1,10,1,14,,19,,1,22,9,121.4985821,25.1326207
112,1,16,7,30,2,07信義區,信義區基隆路2段127號,0,0,1,1,C03,8,1,5,50,14,9,1,5,4,5,7,4,4,1,4,5,2,18,1,45,2,8,3,4,7,9,1,10,1,12,,43,,1,22,9,121.5569647,25.0284104
112,1,16,7,30,2,07信義區,信義區基隆路2段127號,0,0,1,2,,8,1,5,50,14,9,1,5,4,5,7,4,4,1,4,5,2,18,3,0,,,,,,,,,,,,67,,1,,,121.5569647,25.0284104
112,1,16,7,35,2,04大安區,大安區安和路1段127巷,0,0,1,1,C03,7,1,5,50,14,9,1,5,4,5,7,1,1,1,5,5,2,16,2,54,4,11,3,4,7,15,7,19,11,15,,23,,2,22,9,121.5525988,25.03462319
112,1,16,7,35,2,04大安區,大安區安和路1段127巷,0,0,1,2,C03,7,1,5,50,14,9,1,5,4,5,7,1,1,1,5,5,2,16,2,66,2,9,1,1,7,9,1,10,1,14,,44,,1,22,9,121.5525988,25.03462319
112,1,16,7,45,2,06松山區,松山區饒河街與八德路4段口,0,0,1,1,C04,8,1,5,30,3,1,1,5,4,5,7,1,1,10,4,5,2,3,1,63,3,10,1,1,7,9,1,8,9,11,,15,,2,22,9,121.5775743,25.0509013
112,1,16,7,45,2,06松山區,松山區饒河街與八德路4段口,0,0,1,2,H01,8,1,5,30,3,1,1,5,4,5,7,1,1,10,4,5,2,3,1,47,2,9,4,5,8,16,8,20,10,16,,67,,1,22,9,121.5775743,25.0509013
112,1,16,8,0,2,03中山區,中山區中山北路1段與南京東路1段口,0,0,1,2,C03,7,1,5,50,4,2,1,5,4,5,7,1,1,5,4,5,2,17,2,49,2,8,1,1,7,7,1,10,1,13,,7,,1,22,9,121.5225529,25.0519488
112,1,16,8,0,2,03中山區,中山區中山北路1段與南京東路1段口,0,0,1,1,C03,7,1,5,50,4,2,1,5,4,5,7,1,1,5,4,5,2,17,1,30,3,10,1,1,7,9,1,10,1,11,,23,,1,22,9,121.5225529,25.0519488
112,1,16,8,14,2,12內湖區,內湖區康寧路1段290號前,0,0,3,3,H02,8,1,5,40,14,9,1,4,4,5,7,4,4,9,5,5,2,12,2,49,2,9,1,5,7,21,8,20,10,16,,67,,1,22,9,121.5977126,25.07860043
112,1,16,8,14,2,12內湖區,內湖區康寧路1段290號前,0,0,3,2,C03,8,1,5,40,14,9,1,4,4,5,7,4,4,9,5,5,2,12,1,45,2,9,1,1,7,5,1,9,1,14,,8,,1,22,9,121.5977126,25.07860043
112,1,16,8,14,2,12內湖區,內湖區康寧路1段290號前,0,0,3,1,C03,8,1,5,40,14,9,1,4,4,5,7,4,4,9,5,5,2,12,1,34,2,9,1,1,7,4,1,10,1,12,,1,,1,22,9,121.5977126,25.07860043
112,1,16,8,20,2,05中正區,中正區北平東路12號,0,0,1,3,C03,8,1,5,50,14,9,1,5,4,5,7,4,4,9,5,4,2,12,1,48,3,10,1,1,7,1,1,10,2,15,,19,,1,22,9,121.5240808,25.04621873
112,1,16,8,20,2,05中正區,中正區北平東路12號,0,0,1,2,C03,8,1,5,50,14,9,1,5,4,5,7,4,4,9,5,4,2,12,2,45,2,9,1,1,7,9,1,10,2,11,,23,,1,22,9,121.5240808,25.04621873
112,1,16,8,20,2,05中正區,中正區北平東路12號,0,0,1,1,C03,8,1,5,50,14,9,1,5,4,5,7,4,4,9,5,4,2,12,2,51,3,10,1,1,7,7,1,10,2,14,,7,,1,22,9,121.5240808,25.04621873
112,1,16,8,30,2,07信義區,信義區松仁路與忠孝東路5段236巷2弄口,0,0,1,2,B01,7,1,5,50,3,1,1,5,4,5,7,4,4,1,4,5,2,15,1,63,3,10,1,1,7,9,1,4,1,8,,23,,1,22,9,121.5685678,25.0404985
112,1,16,8,30,2,07信義區,信義區松仁路與忠孝東路5段236巷2弄口,0,0,1,1,F01,7,1,5,50,3,1,1,5,4,5,7,4,4,1,4,5,2,15,2,76,2,9,1,1,7,15,8,20,1,16,,26,,1,22,9,121.5685678,25.0404985
112,1,16,8,31,2,11南港區,南港區松河街與興華路口,0,0,1,2,C03,7,1,5,50,3,1,1,4,4,5,7,4,4,5,4,5,2,16,1,41,2,9,1,1,7,9,1,10,2,14,,23,,1,22,9,121.6050978,25.0587504
112,1,16,8,31,2,11南港區,南港區松河街與興華路口,0,0,1,1,A12,7,1,5,50,3,1,1,4,4,5,7,4,4,5,4,5,2,16,1,55,3,10,1,1,7,5,1,6,2,7,,6,,1,22,9,121.6050978,25.0587504
112,1,16,8,50,2,08士林區,士林區劍潭路與基河路口,0,0,1,2,B03,7,1,5,50,3,2,1,5,4,5,7,2,1,1,5,5,2,17,1,35,3,10,1,1,7,6,1,8,1,2,,9,,1,22,9,121.5247442,25.0842567
112,1,16,8,50,2,08士林區,士林區劍潭路與基河路口,0,0,1,1,C03,7,1,5,50,3,2,1,5,4,5,7,2,1,1,5,5,2,17,2,30,2,9,1,1,7,7,1,10,1,14,,7,,1,22,9,121.5247442,25.0842567
112,1,16,8,56,2,02萬華區,萬華區和平西路3段與桂林路246巷口,0,0,1,2,C03,8,1,5,0,3,1,1,5,4,5,7,3,1,10,5,5,2,17,2,64,2,9,1,4,7,9,1,10,1,12,,44,,1,22,9,121.4909373,25.0356802
112,1,16,8,56,2,02萬華區,萬華區和平西路3段與桂林路246巷口,0,0,1,1,B03,8,1,5,0,3,1,1,5,4,5,7,3,1,10,5,5,2,17,4,0,4,11,3,4,7,15,7,19,11,15,,43,,2,22,9,121.4909373,25.0356802
112,1,16,9,51,2,04大安區,大安區基隆路4段往北P15橋墩處,0,0,2,1,C03,7,1,5,50,14,7,1,4,4,5,7,4,4,9,4,4,1,17,2,38,2,7,1,1,7,9,1,10,1,14,,13,,1,22,9,121.5376568,25.0114632
112,1,16,9,51,2,04大安區,大安區基隆路4段往北P15橋墩處,0,0,2,2,C03,7,1,5,50,14,7,1,4,4,5,7,4,4,9,4,4,1,17,2,24,2,8,1,1,7,9,1,10,1,14,,44,,1,22,9,121.5376568,25.0114632
112,1,16,9,51,2,04大安區,大安區基隆路4段往北P15橋墩處,0,0,2,3,,7,1,5,50,14,7,1,4,4,5,7,4,4,9,4,4,1,17,3,0,,,,,,,,,,,,67,,1,,,121.5376568,25.0114632
112,1,16,10,1,2,05中正區,中正區中華路1段往北(西門捷運公車站前),0,0,1,1,A02,7,1,5,50,14,9,1,5,4,5,7,4,4,1,4,5,2,9,1,52,3,10,1,1,7,15,1,2,2,15,,43,,1,10,4,121.5081205,25.0407964
112,1,16,10,1,2,05中正區,中正區中華路1段往北(西門捷運公車站前),0,0,1,2,H02,7,1,5,50,14,9,1,5,4,5,7,4,4,1,4,5,2,9,2,53,2,6,4,5,7,16,8,20,10,16,,67,,1,5,1,121.5081205,25.0407964
112,1,16,10,26,2,05中正區,中正區重慶南路1段126巷2號,0,0,1,2,H01,7,1,5,30,14,9,1,5,4,5,7,4,4,10,5,5,2,3,1,58,2,9,4,5,8,16,8,20,10,16,,53,,1,22,9,121.5118309,25.03720625
112,1,16,10,26,2,05中正區,中正區重慶南路1段126巷2號,0,0,1,1,B03,7,1,5,30,14,9,1,5,4,5,7,4,4,10,5,5,2,3,1,44,3,10,1,1,7,9,1,8,2,5,,23,,1,22,9,121.5118309,25.03720625