發生年度,發生月,發生日,發生時-Hours,發生分,處理別-編號,區序,肇事地點,死亡人數,2-30日死亡人數,受傷人數,當事人序號,車種,天候,光線,道路類別,速限-速度限制,道路型態,事故位置,路面狀況1,路面狀況2,路面狀況3,道路障礙1,道路障礙2,號誌1,號誌2,車道劃分-分向,車道劃分-分道1,車道劃分-分道2,車道劃分-分道3,事故類型及型態,性別,年齡,受傷程度,主要傷處,保護裝置,行動電話,車輛用途,當事者行動狀態,駕駛資格情形,駕駛執照種類,飲酒情形,車輛撞擊部位1,車輛撞擊部位2,肇因碼-個別,肇因碼-主要,個人肇逃否,職業,旅次目的,座標-X,座標-Y
112,1,16,10,37,2,07信義區,信義區松仁路與松高路口,0,0,1,2,F01,7,1,5,50,4,1,1,4,4,5,7,2,1,1,4,5,2,16,1,28,2,8,1,1,7,9,8,20,1,16,,23,,1,22,9,121.5682766,25.0391517
112,1,16,10,37,2,07信義區,信義區松仁路與松高路口,0,0,1,1,B01,7,1,5,50,4,1,1,4,4,5,7,2,1,1,4,5,2,16,1,64,3,10,1,1,7,6,1,4,1,1,,9,,1,22,9,121.5682766,25.0391517
112,1,16,10,40,2,08士林區,士林區葫蘆街與延平北路5段口,0,0,1,1,B02,7,1,5,30,3,1,1,5,4,5,7,1,1,1,4,5,2,3,1,24,3,10,1,1,7,5,1,8,2,8,,15,,1,22,9,121.5109228,25.0800846
112,1,16,10,40,2,08士林區,士林區葫蘆街與延平北路5段口,0,0,1,2,H01,7,1,5,30,3,1,1,5,4,5,7,1,1,1,4,5,2,3,2,89,2,9,4,5,8,16,8,20,10,16,,67,,1,22,9,121.5109228,25.0800846
112,1,16,11,0,2,03中山區,中山區德惠街170巷與吉林路407巷口,0,0,1,2,C03,8,1,5,30,4,1,1,5,4,5,7,4,4,9,5,5,2,15,1,28,2,8,3,4,7,9,1,10,1,11,,14,,1,22,9,121.5317943,25.06604879
112,1,16,11,0,2,03中山區,中山區德惠街170巷與吉林路407巷口,0,0,1,1,C03,8,1,5,30,4,1,1,5,4,5,7,4,4,9,5,5,2,15,2,38,3,10,3,4,7,9,1,10,1,11,,6,,1,22,9,121.5317943,25.06604879
112,1,16,11,0,2,04大安區,大安區永康街與潮州街口,0,0,1,1,B03,8,1,5,30,4,1,1,5,4,5,7,4,4,10,5,5,2,15,1,53,3,10,3,4,7,9,1,8,1,4,,6,,1,22,9,121.5296113,25.0283591
112,1,16,11,0,2,04大安區,大安區永康街與潮州街口,0,0,1,2,C03,8,1,5,30,4,1,1,5,4,5,7,4,4,10,5,5,2,15,2,44,2,8,1,4,7,9,1,10,1,11,,14,,1,22,9,121.5296113,25.0283591
112,1,16,11,5,2,08士林區,士林區天母西路與天母西路83巷口,0,0,2,2,C03,8,1,5,50,4,1,1,5,4,5,7,4,4,10,2,5,1,16,1,53,2,3,1,1,7,9,1,10,1,11,,14,,1,22,9,121.5248584,25.11847813
112,1,16,11,5,2,08士林區,士林區天母西路與天母西路83巷口,0,0,2,1,C03,8,1,5,50,4,1,1,5,4,5,7,4,4,10,2,5,1,16,1,80,2,8,1,1,7,5,1,10,1,12,,6,,1,22,9,121.5248584,25.11847813
112,1,16,11,36,2,10文山區,文山區興隆路4段與興隆路口側附近4段105巷口,0,0,1,2,C03,6,1,5,50,4,1,1,4,4,5,7,2,1,1,2,5,2,15,2,22,2,9,1,1,7,9,3,18,1,11,,44,,1,22,9,121.5605793,24.9876351
112,1,16,11,36,2,10文山區,文山區興隆路4段與興隆路口側附近4段105巷口,0,0,1,1,B03,6,1,5,50,4,1,1,4,4,5,7,2,1,1,2,5,2,15,2,55,3,10,1,1,7,9,1,8,1,4,,25,,1,22,9,121.5605793,24.9876351
112,1,16,11,40,2,03中山區,中山區中山北路2段65巷,0,0,1,1,B03,7,1,5,50,3,1,1,5,4,5,7,4,4,5,4,1,2,12,1,57,3,10,1,1,7,6,1,10,1,5,,6,,1,22,9,121.5229911,25.05710722
112,1,16,11,40,2,03中山區,中山區中山北路2段65巷,0,0,1,2,C03,7,1,5,50,3,1,1,5,4,5,7,4,4,5,4,1,2,12,1,23,2,9,1,1,7,9,1,10,1,14,12,13,,1,22,9,121.5229911,25.05710722
112,1,16,11,47,2,02萬華區,萬華區成都路與昆明街口,0,0,1,3,H02,7,1,5,50,4,1,1,5,4,5,7,1,1,10,4,5,2,16,2,26,2,8,4,5,7,20,8,20,10,16,,67,,1,22,9,121.5047913,25.04293449
112,1,16,11,47,2,02萬華區,萬華區成都路與昆明街口,0,0,1,2,B01,7,1,5,50,4,1,1,5,4,5,7,1,1,10,4,5,2,16,1,64,3,10,1,1,7,9,1,4,1,5,,44,,1,22,9,121.5047913,25.04293449
112,1,16,11,47,2,02萬華區,萬華區成都路與昆明街口,0,0,1,1,C03,7,1,5,50,4,1,1,5,4,5,7,1,1,10,4,5,2,16,2,26,3,10,1,1,7,5,1,10,1,14,,8,,1,22,9,121.5047913,25.04293449
112,1,16,12,10,2,03中山區,中山區中山北路2段63號,0,0,1,1,B01,7,1,5,50,14,9,1,5,4,5,7,4,4,9,4,1,2,17,1,69,4,11,3,4,7,1,7,19,11,15,,19,,2,22,9,121.5229487,25.05685559
112,1,16,12,10,2,03中山區,中山區中山北路2段63號,0,0,1,2,C03,7,1,5,50,14,9,1,5,4,5,7,4,4,9,4,1,2,17,2,44,3,10,1,1,7,9,1,10,1,11,,16,,1,22,9,121.5229487,25.05685559
112,1,16,12,10,2,03中山區,中山區中山北路2段63號,0,0,1,3,C03,7,1,5,50,14,9,1,5,4,5,7,4,4,9,4,1,2,17,1,22,3,10,1,1,7,12,1,10,1,13,,44,,1,22,9,121.5229487,25.05685559
112,1,16,12,10,2,03中山區,中山區中山北路2段63號,0,0,1,4,H02,7,1,5,50,14,9,1,5,4,5,7,4,4,9,4,1,2,17,1,45,2,8,1,5,7,20,8,20,10,16,,67,,1,22,9,121.5229487,25.05685559
112,1,16,12,13,2,02萬華區,萬華區中華路2段416巷與中華路2段416巷10弄口,0,0,1,1,B03,8,1,5,50,4,1,1,5,4,5,7,1,1,5,5,5,2,15,1,71,3,10,1,1,7,9,1,8,1,4,,25,,1,22,9,121.5052209,25.0274401
112,1,16,12,13,2,02萬華區,萬華區中華路2段416巷與中華路2段416巷10弄口,0,0,1,2,C03,8,1,5,50,4,1,1,5,4,5,7,1,1,5,5,5,2,15,2,17,2,8,1,1,7,9,2,18,1,11,,25,,1,22,9,121.5052209,25.0274401
112,1,16,12,18,2,04大安區,大安區基隆路4段第031號燈桿,0,0,1,1,C03,7,1,5,40,14,8,1,5,4,5,7,4,4,9,4,4,1,13,1,25,2,8,1,1,7,9,1,10,1,11,,23,,1,22,9,121.5378356,25.01186319
112,1,16,12,18,2,04大安區,大安區基隆路4段第031號燈桿,0,0,1,3,C03,7,1,5,40,14,8,1,5,4,5,7,4,4,9,4,4,1,13,1,41,3,10,1,1,7,9,1,10,1,15,,30,,1,22,9,121.5378356,25.01186319
112,1,16,12,18,2,04大安區,大安區基隆路4段第031號燈桿,0,0,1,2,C03,7,1,5,40,14,8,1,5,4,5,7,4,4,9,4,4,1,13,1,24,3,10,1,1,7,12,1,10,1,13,,44,,1,22,9,121.5378356,25.01186319
112,1,16,13,39,2,03中山區,中山區林森北路與民生東路1段口,0,0,1,1,C03,7,1,5,50,4,1,1,5,4,5,7,2,1,4,5,5,1,12,2,41,2,7,3,4,7,6,1,10,1,12,,43,,1,22,9,121.5254247,25.0581006
112,1,16,13,39,2,03中山區,中山區林森北路與民生東路1段口,0,0,1,3,F01,7,1,5,50,4,1,1,5,4,5,7,2,1,4,5,5,1,12,4,0,4,11,3,4,7,15,8,20,11,15,,43,,2,22,9,121.5254247,25.0581006
112,1,16,13,39,2,03中山區,中山區林森北路與民生東路1段口,0,0,1,2,B03,7,1,5,50,4,1,1,5,4,5,7,2,1,4,5,5,1,12,1,22,3,10,3,4,7,14,1,8,1,3,,43,,1,22,9,121.5254247,25.0581006
112,1,16,13,44,2,10文山區,文山區萬美街1段50號,0,0,1,2,C03,7,1,5,50,14,9,1,4,4,5,7,4,4,8,4,5,1,16,1,19,2,7,1,4,7,9,1,10,2,11,,44,,1,22,9,121.5671583,25.00227836
112,1,16,13,44,2,10文山區,文山區萬美街1段50號,0,0,1,1,B01,7,1,5,50,14,9,1,4,4,5,7,4,4,8,4,5,1,16,1,41,3,10,3,4,7,11,1,4,2,2,,6,,1,22,9,121.5671583,25.00227836
112,1,16,13,55,2,10文山區,文山區指南路2段197巷與萬壽路口,0,0,1,1,B03,6,1,5,50,3,1,1,4,4,5,7,3,1,9,3,5,2,16,2,40,3,10,3,4,7,5,1,8,2,1,,6,,1,21,8,121.5776381,24.9887938
112,1,16,13,55,2,10文山區,文山區指南路2段197巷與萬壽路口,0,0,1,2,C03,6,1,5,50,3,1,1,4,4,5,7,3,1,9,3,5,2,16,2,46,2,9,3,4,7,9,1,10,2,12,,44,,1,21,8,121.5776381,24.9887938
112,1,16,14,14,2,04大安區,大安區大安路2段與四維路170巷口,0,0,1,1,B11,6,1,5,40,3,1,1,4,4,5,7,2,1,9,4,5,1,12,1,46,3,10,1,4,7,6,1,7,1,2,,9,,1,22,9,121.54611,25.0283174
112,1,16,14,14,2,04大安區,大安區大安路2段與四維路170巷口,0,0,1,2,C03,6,1,5,40,3,1,1,4,4,5,7,2,1,9,4,5,1,12,2,27,2,8,1,4,7,9,1,10,1,14,,23,,1,22,9,121.54611,25.0283174
112,1,16,14,16,2,05中正區,中正區汀州路2段與牯嶺街口,0,0,1,1,B03,7,1,5,50,4,1,1,5,4,5,7,2,1,4,4,5,1,11,1,59,3,10,1,1,7,5,1,7,2,1,,8,,1,22,9,121.5190458,25.0250289
112,1,16,14,16,2,05中正區,中正區汀州路2段與牯嶺街口,0,0,1,2,C03,7,1,5,50,4,1,1,5,4,5,7,2,1,4,4,5,1,11,1,29,2,9,1,1,7,9,1,10,2,11,,44,,1,22,9,121.5190458,25.0250289
112,1,16,14,25,2,04大安區,大安區仁愛路3段與復興南路1段口,0,0,2,2,C03,7,1,5,50,4,2,1,5,4,5,7,1,1,1,4,4,2,16,1,22,2,9,3,4,7,9,1,10,1,11,,44,,1,22,9,121.5438079,25.0376777
112,1,16,14,25,2,04大安區,大安區仁愛路3段與復興南路1段口,0,0,2,1,C03,7,1,5,50,4,2,1,5,4,5,7,1,1,1,4,4,2,16,1,19,2,7,3,4,7,8,1,10,1,13,,7,,1,22,9,121.5438079,25.0376777
112,1,16,14,35,2,02萬華區,萬華區康定路與大理街口,0,0,1,2,C03,7,1,5,50,4,1,1,5,4,5,7,1,1,9,4,5,2,16,2,24,2,8,1,1,7,9,1,10,1,14,,44,,1,22,9,121.5010561,25.03454874
112,1,16,14,35,2,02萬華區,萬華區康定路與大理街口,0,0,1,1,C03,7,1,5,50,4,1,1,5,4,5,7,1,1,9,4,5,2,16,1,31,3,10,1,1,7,5,1,10,1,11,,6,,1,22,9,121.5010561,25.03454874
112,1,16,14,53,2,03中山區,中山區林森北路與新生北路3段56巷口,0,0,2,1,C03,7,1,5,30,4,1,1,5,4,5,7,4,4,4,5,5,1,15,2,67,2,9,3,4,7,9,3,18,1,12,,6,,1,22,9,121.52568,25.06539496
112,1,16,14,53,2,03中山區,中山區林森北路與新生北路3段56巷口,0,0,2,2,C03,7,1,5,30,4,1,1,5,4,5,7,4,4,4,5,5,1,15,1,39,2,9,3,4,7,9,1,10,1,11,,44,,1,22,9,121.52568,25.06539496
112,1,16,14,54,2,07信義區,信義區仁愛路4段440號對面,0,0,1,3,H02,6,1,5,50,14,8,1,4,4,5,7,2,1,10,4,5,1,17,2,61,3,10,4,5,7,19,8,20,10,16,,56,,1,22,9,121.5580108,25.0377953
112,1,16,14,54,2,07信義區,信義區仁愛路4段440號對面,0,0,1,2,C03,6,1,5,50,14,8,1,4,4,5,7,2,1,10,4,5,1,17,1,62,2,7,3,4,7,9,1,10,1,14,,44,,1,22,9,121.5580108,25.0377953
112,1,16,14,54,2,07信義區,信義區仁愛路4段440號對面,0,0,1,1,B01,6,1,5,50,14,8,1,4,4,5,7,2,1,10,4,5,1,17,1,56,3,10,3,4,7,14,1,4,1,2,,38,,1,22,9,121.5580108,25.0377953
112,1,16,15,0,2,03中山區,中山區新生北路1段與長安東路2段口,0,0,1,1,B03,8,1,5,50,4,2,1,5,4,5,7,2,1,9,4,5,2,12,2,52,3,10,3,4,7,8,1,8,1,2,,7,,1,22,9,121.5296903,25.04828132
112,1,16,15,0,2,03中山區,中山區新生北路1段與長安東路2段口,0,0,1,2,B03,8,1,5,50,4,2,1,5,4,5,7,2,1,9,4,5,2,12,1,49,3,10,3,4,7,9,1,8,1,4,,44,,1,22,9,121.5296903,25.04828132
112,1,16,15,0,2,03中山區,中山區新生北路1段與長安東路2段口,0,0,1,3,H02,8,1,5,50,4,2,1,5,4,5,7,2,1,9,4,5,2,12,2,47,2,3,4,5,7,17,8,20,10,16,,67,,1,22,9,121.5296903,25.04828132
112,1,16,15,5,2,01大同區,大同區延平北路3段18巷與延平北路3段口,0,0,2,1,C03,8,1,5,50,3,1,1,5,4,5,7,4,4,5,4,5,2,16,2,64,2,9,1,1,7,1,1,10,2,14,,19,,1,22,9,121.5111565,25.063959
112,1,16,15,5,2,01大同區,大同區延平北路3段18巷與延平北路3段口,0,0,2,2,C03,8,1,5,50,3,1,1,5,4,5,7,4,4,5,4,5,2,16,2,46,2,9,1,1,7,9,1,10,2,11,,23,,1,22,9,121.5111565,25.063959
112,1,16,15,6,2,08士林區,士林區延平北路7段106巷堤外,0,0,1,1,C03,8,1,5,30,14,9,1,5,4,5,7,4,4,10,5,5,1,17,1,37,2,8,1,1,7,9,1,10,1,12,,13,,1,22,9,121.4961796,25.10107756
112,1,16,15,6,2,08士林區,士林區延平北路7段106巷堤外,0,0,1,2,B12,8,1,5,30,14,9,1,5,4,5,7,4,4,10,5,5,1,17,1,40,3,10,1,1,7,9,1,8,1,15,,26,,1,22,9,121.4961796,25.10107756
112,1,16,15,8,2,02萬華區,萬華區康定路156號,0,0,1,2,C03,7,1,5,50,14,9,1,5,4,5,7,4,4,5,4,5,2,17,1,23,2,8,1,4,7,9,1,10,1,12,,44,,1,22,9,121.5019179,25.03962679
112,1,16,15,8,2,02萬華區,萬華區康定路156號,0,0,1,1,B03,7,1,5,50,14,9,1,5,4,5,7,4,4,5,4,5,2,17,1,45,3,10,1,4,7,7,1,8,1,8,,7,,1,22,9,121.5019179,25.03962679
112,1,16,15,15,2,05中正區,中正區水源路與師大路口,0,0,1,1,B03,7,1,5,50,4,1,1,5,4,5,7,1,1,2,2,5,2,16,1,49,3,10,1,1,7,6,1,8,2,1,,23,,1,22,9,121.5227047,25.02024831
112,1,16,15,15,2,05中正區,中正區水源路與師大路口,0,0,1,2,C03,7,1,5,50,4,1,1,5,4,5,7,1,1,2,2,5,2,16,2,57,2,9,1,1,7,1,1,10,2,12,,23,,1,22,9,121.5227047,25.02024831
112,1,16,15,18,2,09北投區,北投區大度路3段與中央北路4段口,0,0,1,1,B02,8,1,5,50,14,9,1,5,4,5,7,1,1,1,3,5,2,12,1,20,3,10,1,1,7,7,1,8,2,8,,7,,1,22,9,121.4647697,25.123728
112,1,16,15,18,2,09北投區,北投區大度路3段與中央北路4段口,0,0,1,2,B03,8,1,5,50,14,9,1,5,4,5,7,1,1,1,3,5,2,12,1,40,2,1,1,1,7,8,1,8,2,5,,7,,1,22,9,121.4647697,25.123728
112,1,16,15,40,2,04大安區,大安區辛亥路1段與羅斯福路3段口,0,0,1,2,C03,7,1,5,50,4,1,1,4,4,5,7,1,1,1,4,5,2,16,2,18,3,10,3,4,7,9,1,10,1,12,,13,,1,22,9,121.5295019,25.0195752
112,1,16,15,40,2,04大安區,大安區辛亥路1段與羅斯福路3段口,0,0,1,1,C03,7,1,5,50,4,1,1,4,4,5,7,1,1,1,4,5,2,16,1,33,2,9,3,4,7,7,1,10,1,14,,7,,1,22,9,121.5295019,25.0195752
112,1,16,15,44,2,02萬華區,萬華區康定路60號,0,0,1,1,C03,8,1,5,50,14,9,1,5,4,5,7,4,4,8,3,5,1,17,1,18,2,7,1,1,7,12,1,10,1,12,,13,,1,22,9,121.502409,25.04254453
112,1,16,15,44,2,02萬華區,萬華區康定路60號,0,0,1,2,B11,8,1,5,50,14,9,1,5,4,5,7,4,4,8,3,5,1,17,1,47,3,10,1,1,7,8,1,4,1,15,,7,,1,22,9,121.502409,25.04254453
112,1,16,15,44,2,03中山區,中山區民權東路2段與中原街口,0,0,1,1,C03,7,1,5,50,4,1,1,5,4,5,7,1,1,10,4,5,2,13,1,23,2,9,1,4,7,9,1,10,11,11,,23,,1,22,9,121.5289692,25.0626746
112,1,16,15,44,2,03中山區,中山區民權東路2段與中原街口,0,0,1,2,B03,7,1,5,50,4,1,1,5,4,5,7,1,1,10,4,5,2,13,1,67,4,11,3,4,7,15,7,19,11,15,,44,,2,22,9,121.5289692,25.0626746
112,1,16,15,54,2,07信義區,信義區忠孝東路5段790巷25弄與忠孝東路5段790巷口口,0,0,3,2,C03,7,1,5,30,4,1,1,5,4,5,7,4,4,10,5,5,2,15,1,41,2,9,1,1,7,9,1,10,1,14,,14,,1,21,8,121.5827548,25.0423702
112,1,16,15,54,2,07信義區,信義區忠孝東路5段790巷25弄與忠孝東路5段790巷口口,0,0,3,3,H02,7,1,5,30,4,1,1,5,4,5,7,4,4,10,5,5,2,15,2,46,2,8,1,5,7,20,8,20,10,16,,67,,1,21,8,121.5827548,25.0423702
112,1,16,15,54,2,07信義區,信義區忠孝東路5段790巷25弄與忠孝東路5段790巷口口,0,0,3,1,C03,7,1,5,30,4,1,1,5,4,5,7,4,4,10,5,5,2,15,1,81,2,8,1,1,7,9,1,10,1,11,,6,,1,21,8,121.5827548,25.0423702
112,1,16,16,20,2,02萬華區,萬華區環河快速道路往北228燈桿前,0,0,1,3,H02,7,1,5,70,10,9,1,5,4,5,7,4,4,10,4,5,2,13,2,41,2,1,1,1,7,20,8,20,10,16,,67,,1,22,9,121.4996232,25.04182239
112,1,16,16,20,2,02萬華區,萬華區環河快速道路往北228燈桿前,0,0,1,2,B03,7,1,5,70,10,9,1,5,4,5,7,4,4,10,4,5,2,13,1,67,3,10,1,1,7,14,1,8,1,3,,44,,1,22,9,121.4996232,25.04182239
112,1,16,16,20,2,02萬華區,萬華區環河快速道路往北228燈桿前,0,0,1,1,B02,7,1,5,70,10,9,1,5,4,5,7,4,4,10,4,5,2,13,1,52,3,10,1,1,7,9,1,4,1,1,,16,,1,22,9,121.4996232,25.04182239
112,1,16,16,35,2,08士林區,士林區延平北路6段與社中街口,0,0,1,2,C03,7,2,5,50,5,2,1,5,4,5,7,2,1,1,4,5,1,17,1,19,2,9,1,1,7,5,1,10,1,11,,44,,1,21,8,121.5012832,25.0905023
112,1,16,16,35,2,08士林區,士林區延平北路6段與社中街口,0,0,1,1,C03,7,2,5,50,5,2,1,5,4,5,7,2,1,1,4,5,1,17,2,60,3,10,1,1,7,9,6,10,1,11,,25,,1,21,8,121.5012832,25.0905023
112,1,16,16,40,2,03中山區,中山區大佳河濱公園八號水門口,0,0,1,2,C03,7,2,5,50,14,9,1,5,4,5,7,4,4,5,5,5,2,16,1,25,2,8,1,1,7,9,1,10,1,14,,14,,1,22,9,121.5399309,25.07363922
112,1,16,16,40,2,03中山區,中山區大佳河濱公園八號水門口,0,0,1,1,B03,7,2,5,50,14,9,1,5,4,5,7,4,4,5,5,5,2,16,1,63,4,11,3,4,7,15,7,19,11,15,,6,,2,22,9,121.5399309,25.07363922
112,1,16,16,45,2,08士林區,士林區仰德大道1段101號,0,0,1,2,C03,8,1,5,40,14,9,1,5,4,5,7,1,1,4,4,5,2,17,1,20,2,9,1,1,7,9,1,10,1,11,,26,,1,22,9,121.5382322,25.1043006
112,1,16,16,45,2,08士林區,士林區仰德大道1段101號,0,0,1,1,B03,8,1,5,40,14,9,1,5,4,5,7,1,1,4,4,5,2,17,1,18,3,10,1,1,7,5,1,8,1,6,,8,,1,22,9,121.5382322,25.1043006
112,1,16,16,47,2,10文山區,文山區興隆路4段與興隆路4段105巷口,0,0,1,2,C03,6,1,5,50,4,1,1,4,4,5,7,1,1,1,4,5,2,16,1,24,2,9,1,1,7,9,1,10,2,11,,23,,1,22,9,121.5605961,24.98768941
112,1,16,16,47,2,10文山區,文山區興隆路4段與興隆路4段105巷口,0,0,1,1,C03,6,1,5,50,4,1,1,4,4,5,7,1,1,1,4,5,2,16,1,42,3,10,1,1,7,5,1,10,2,12,,8,,1,22,9,121.5605961,24.98768941
112,1,16,16,57,2,07信義區,信義區崇德街41號,0,0,1,1,C03,6,2,5,50,14,9,1,4,4,5,7,4,4,9,5,5,2,17,1,68,3,10,1,1,7,5,1,10,1,11,,8,,1,22,9,121.5542274,25.02435879
112,1,16,16,57,2,07信義區,信義區崇德街41號,0,0,1,2,C03,6,2,5,50,14,9,1,4,4,5,7,4,4,9,5,5,2,17,1,61,2,8,1,1,7,9,1,10,1,14,,44,,1,22,9,121.5542274,25.02435879
112,1,16,16,57,2,07信義區,信義區崇德街41號,0,0,1,3,B03,6,2,5,50,14,9,1,4,4,5,7,4,4,9,5,5,2,17,1,49,3,10,3,4,7,14,1,8,1,2,,44,,1,22,9,121.5542274,25.02435879
112,1,16,17,11,2,04大安區,大安區忠孝東路3段與復興南路1段口,0,0,1,1,C03,6,3,5,50,5,2,1,4,4,5,7,4,4,1,4,5,2,13,2,58,2,9,1,1,7,9,1,10,1,11,,16,,1,22,9,121.5434688,25.04172
112,1,16,17,11,2,04大安區,大安區忠孝東路3段與復興南路1段口,0,0,1,2,B01,6,3,5,50,5,2,1,4,4,5,7,4,4,1,4,5,2,13,1,49,3,10,1,1,7,9,1,2,1,3,,44,,1,22,9,121.5434688,25.04172
112,1,16,17,12,2,12內湖區,內湖區新湖三路124號,0,0,1,1,A02,6,1,5,50,14,9,1,4,4,5,7,4,4,9,4,5,2,9,1,55,3,10,1,1,7,1,1,2,1,15,,43,,1,22,9,121.5779236,25.06414716
112,1,16,17,12,2,12內湖區,內湖區新湖三路124號,0,0,1,2,H02,6,1,5,50,14,9,1,4,4,5,7,4,4,9,4,5,2,9,2,66,2,7,4,5,7,21,8,20,10,16,,67,,1,22,9,121.5779236,25.06414716
112,1,16,17,43,2,02萬華區,萬華區昆明街98-2號,0,0,1,1,C03,7,3,5,50,14,9,1,5,4,5,7,4,4,10,4,5,2,17,1,44,2,9,1,4,7,9,1,10,1,14,,23,,1,22,9,121.5052431,25.04459307
112,1,16,17,43,2,02萬華區,萬華區昆明街98-2號,0,0,1,2,B12,7,3,5,50,14,9,1,5,4,5,7,4,4,10,4,5,2,17,1,71,3,10,1,4,7,13,1,8,1,6,,42,,1,22,9,121.5052431,25.04459307
112,1,16,18,0,2,12內湖區,內湖區潭美街與成功路2段口,0,0,1,1,C03,6,3,5,40,3,2,1,4,4,5,7,1,1,5,5,5,2,13,2,34,2,9,1,1,7,9,1,10,1,11,,23,,1,22,9,121.5917764,25.06006645
112,1,16,18,0,2,12內湖區,內湖區潭美街與成功路2段口,0,0,1,2,C03,6,3,5,40,3,2,1,4,4,5,7,1,1,5,5,5,2,13,1,35,3,10,1,1,7,14,1,10,1,13,,44,,1,22,9,121.5917764,25.06006645
112,1,16,18,1,2,07信義區,信義區和平東路3段與和平東路3段406巷口口麟光站路口,0,0,1,2,C03,6,3,5,50,4,1,1,4,4,5,7,2,1,1,4,5,2,17,1,33,2,9,1,1,7,9,1,10,1,12,,43,,1,21,8,121.5584046,25.0189693
112,1,16,18,1,2,07信義區,信義區和平東路3段與和平東路3段406巷口口麟光站路口,0,0,1,1,B03,6,3,5,50,4,1,1,4,4,5,7,2,1,1,4,5,2,17,1,76,3,10,1,1,7,11,1,8,1,15,,43,,1,21,8,121.5584046,25.0189693
112,1,16,18,9,2,11南港區,南港區玉成街89號,0,0,1,2,C03,6,3,5,30,14,9,1,4,4,5,7,4,4,9,4,5,2,3,2,70,2,9,1,1,7,9,1,10,1,12,,23,,1,22,9,121.5816379,25.0475148
112,1,16,18,9,2,11南港區,南港區玉成街89號,0,0,1,1,H01,6,3,5,30,14,9,1,4,4,5,7,4,4,9,4,5,2,3,1,41,3,10,4,5,8,16,8,20,10,16,,51,,1,22,9,121.5816379,25.0475148
112,1,16,18,10,2,11南港區,南港區市民大道8段南港車站旁,0,0,2,1,C03,6,3,5,50,14,9,1,4,4,5,7,4,4,1,3,5,2,17,2,37,2,8,3,4,7,9,1,10,1,12,,44,,1,22,9,121.6037327,25.0527298
112,1,16,18,10,2,11南港區,南港區市民大道8段南港車站旁,0,0,2,3,B12,6,3,5,50,14,9,1,4,4,5,7,4,4,1,3,5,2,17,1,31,3,10,3,4,7,7,1,8,1,15,,7,,1,22,9,121.6037327,25.0527298
112,1,16,18,10,2,11南港區,南港區市民大道8段南港車站旁,0,0,2,2,C03,6,3,5,50,14,9,1,4,4,5,7,4,4,1,3,5,2,17,1,38,2,8,3,4,7,7,1,10,1,14,,7,,1,22,9,121.6037327,25.0527298
112,1,16,18,29,2,07信義區,信義區永吉路120巷81弄與永吉路120巷口,0,0,2,1,C03,6,3,5,50,4,1,1,4,4,5,7,4,4,10,5,5,2,9,1,30,2,9,1,1,7,9,1,10,2,11,,23,,1,22,9,121.5702191,25.0426851
112,1,16,18,29,2,07信義區,信義區永吉路120巷81弄與永吉路120巷口,0,0,2,2,H01,6,3,5,50,4,1,1,4,4,5,7,4,4,10,5,5,2,9,1,68,2,9,4,5,8,16,8,20,10,16,,60,,1,22,9,121.5702191,25.0426851
112,1,16,18,35,2,12內湖區,內湖區民權東路6段120巷3弄10號,0,0,1,2,C03,6,3,5,40,14,9,1,4,4,5,7,4,4,9,4,5,2,17,1,25,2,9,1,1,7,9,1,10,1,15,,44,,1,22,9,121.58779,25.06846853
112,1,16,18,35,2,12內湖區,內湖區民權東路6段120巷3弄10號,0,0,1,1,B02,6,3,5,40,14,9,1,4,4,5,7,4,4,9,4,5,2,17,1,75,3,10,1,1,7,11,1,8,1,15,,10,,1,22,9,121.58779,25.06846853
112,1,16,18,44,2,06松山區,松山區北寧路與南京東路4段52巷口,0,0,1,1,B03,7,3,5,50,3,1,1,5,4,5,7,4,4,9,4,4,2,17,1,37,3,10,1,1,7,5,1,8,1,2,,8,,1,22,9,121.5527024,25.05048167
112,1,16,18,44,2,06松山區,松山區北寧路與南京東路4段52巷口,0,0,1,2,C03,7,3,5,50,3,1,1,5,4,5,7,4,4,9,4,4,2,17,2,35,2,9,1,1,7,9,1,10,1,11,,44,,1,22,9,121.5527024,25.05048167
112,1,16,18,44,2,06松山區,松山區北寧路與南京東路4段52巷口,0,0,1,3,B02,7,3,5,50,3,1,1,5,4,5,7,4,4,9,4,4,2,17,1,68,3,10,1,1,7,5,1,4,1,15,,44,,1,22,9,121.5527024,25.05048167
112,1,16,18,51,2,04大安區,大安區忠孝東路4段223巷與敦化南路1段161巷口,0,0,1,2,H01,6,3,5,50,4,1,1,4,4,5,7,4,4,5,5,5,2,3,2,32,2,5,4,5,8,16,8,20,10,16,,67,,1,22,9,121.5529675,25.0435113
112,1,16,18,51,2,04大安區,大安區忠孝東路4段223巷與敦化南路1段161巷口,0,0,1,1,B01,6,3,5,50,4,1,1,4,4,5,7,4,4,5,5,5,2,3,1,59,3,10,3,4,7,9,1,4,1,1,,15,,1,22,9,121.5529675,25.0435113
112,1,16,19,0,2,09北投區,北投區致遠一路2段29號,0,0,1,2,C03,8,3,5,50,14,9,1,5,4,5,7,4,4,8,3,5,2,13,2,49,3,10,1,1,7,9,1,10,11,13,,44,,1,22,9,121.5140918,25.11141431
112,1,16,19,0,2,09北投區,北投區致遠一路2段29號,0,0,1,1,C03,8,3,5,50,14,9,1,5,4,5,7,4,4,8,3,5,2,13,2,46,2,7,1,1,7,9,1,10,11,11,,44,,1,22,9,121.5140918,25.11141431