發生年度,發生月,發生日,發生時-Hours,發生分,處理別-編號,區序,肇事地點,死亡人數,2-30日死亡人數,受傷人數,當事人序號,車種,天候,光線,道路類別,速限-速度限制,道路型態,事故位置,路面狀況1,路面狀況2,路面狀況3,道路障礙1,道路障礙2,號誌1,號誌2,車道劃分-分向,車道劃分-分道1,車道劃分-分道2,車道劃分-分道3,事故類型及型態,性別,年齡,受傷程度,主要傷處,保護裝置,行動電話,車輛用途,當事者行動狀態,駕駛資格情形,駕駛執照種類,飲酒情形,車輛撞擊部位1,車輛撞擊部位2,肇因碼-個別,肇因碼-主要,個人肇逃否,職業,旅次目的,座標-X,座標-Y
112,1,18,13,0,2,11南港區,南港區東新街與同德路口,0,0,2,3,H02,7,1,5,50,4,1,1,5,4,5,7,2,1,5,4,5,2,16,2,19,2,8,1,5,7,20,8,20,10,16,,67,,1,21,8,121.5869559,25.0464892
112,1,18,13,16,2,12內湖區,內湖區康樂街111巷與康樂街61巷口,0,0,1,2,C03,8,1,5,30,4,1,1,5,4,5,7,4,4,10,5,5,2,17,2,35,2,9,1,1,7,9,1,10,1,11,,44,,1,22,9,121.6197937,25.07069612
112,1,18,13,16,2,12內湖區,內湖區康樂街111巷與康樂街61巷口,0,0,1,1,B03,8,1,5,30,4,1,1,5,4,5,7,4,4,10,5,5,2,17,2,25,3,10,1,1,7,9,1,8,1,4,,6,,1,22,9,121.6197937,25.07069612
112,1,18,13,24,2,03中山區,中山區民生東路3段與民生東路3段88巷口,0,0,1,1,B03,7,1,5,50,3,1,1,5,4,5,7,4,4,1,4,5,2,16,1,67,3,10,3,4,7,6,1,8,1,2,,9,,1,22,9,121.5430141,25.0576785
112,1,18,13,24,2,03中山區,中山區民生東路3段與民生東路3段88巷口,0,0,1,2,C03,7,1,5,50,3,1,1,5,4,5,7,4,4,1,4,5,2,16,1,47,2,9,3,4,7,9,1,10,1,14,,44,,1,22,9,121.5430141,25.0576785
112,1,18,13,35,2,06松山區,松山區饒河街192號,0,0,2,1,C03,8,1,5,30,14,9,1,5,4,5,7,4,4,9,5,5,2,16,1,73,2,5,1,4,7,9,1,10,1,14,,6,,1,22,9,121.5767012,25.05076675
112,1,18,13,35,2,06松山區,松山區饒河街192號,0,0,2,2,C03,8,1,5,30,14,9,1,5,4,5,7,4,4,9,5,5,2,16,2,58,2,5,1,4,7,9,1,10,1,11,,23,,1,22,9,121.5767012,25.05076675
112,1,18,13,37,2,07信義區,信義區忠孝東路5段與松仁路口,0,0,1,3,H02,8,1,5,50,4,1,1,5,4,5,7,1,1,1,4,5,2,17,2,24,2,8,3,5,7,20,8,20,10,16,,67,,1,22,9,121.5684543,25.0411023
112,1,18,13,37,2,07信義區,信義區忠孝東路5段與松仁路口,0,0,1,1,B03,8,1,5,50,4,1,1,5,4,5,7,1,1,1,4,5,2,17,1,42,3,10,3,4,7,9,1,8,1,1,,23,,1,22,9,121.5684543,25.0411023
112,1,18,13,37,2,07信義區,信義區忠孝東路5段與松仁路口,0,0,1,2,C03,8,1,5,50,4,1,1,5,4,5,7,1,1,1,4,5,2,17,1,24,3,10,3,4,7,9,1,10,1,14,,44,,1,22,9,121.5684543,25.0411023
112,1,18,13,50,2,12內湖區,內湖區成功路2段與民權東路6段口,0,0,1,2,H02,7,1,5,50,4,1,1,5,4,5,7,2,1,1,4,5,2,9,2,65,2,1,1,1,7,20,8,20,10,15,,60,,1,22,9,121.590691,25.06894137
112,1,18,13,50,2,12內湖區,內湖區成功路2段與民權東路6段口,0,0,1,1,A02,7,1,5,50,4,1,1,5,4,5,7,2,1,1,4,5,2,9,1,56,3,10,1,1,7,12,1,1,1,15,,43,,1,22,9,121.590691,25.06894137
112,1,18,13,55,2,01大同區,大同區鄭州路137號,0,0,4,1,C03,8,1,5,40,14,9,1,5,4,5,7,4,4,1,4,1,2,13,1,38,2,9,1,1,7,12,1,10,1,11,,16,,1,22,9,121.5101047,25.0504907
112,1,18,13,55,2,01大同區,大同區鄭州路137號,0,0,4,2,B02,8,1,5,40,14,9,1,5,4,5,7,4,4,1,4,1,2,13,1,41,3,10,1,1,7,9,1,8,1,3,,44,,1,22,9,121.5101047,25.0504907
112,1,18,13,55,2,01大同區,大同區鄭州路137號,0,0,4,3,C03,8,1,5,40,14,9,1,5,4,5,7,4,4,1,4,1,2,13,2,24,2,9,1,1,7,9,1,10,1,11,,16,,1,22,9,121.5101047,25.0504907
112,1,18,13,55,2,01大同區,大同區鄭州路137號,0,0,4,4,C03,8,1,5,40,14,9,1,5,4,5,7,4,4,1,4,1,2,13,1,20,2,9,1,1,7,9,1,10,1,13,,44,,1,22,9,121.5101047,25.0504907
112,1,18,13,55,2,01大同區,大同區鄭州路137號,0,0,4,5,C03,8,1,5,40,14,9,1,5,4,5,7,4,4,1,4,1,2,13,2,23,2,9,1,1,7,9,1,10,1,11,,16,,1,22,9,121.5101047,25.0504907
112,1,18,13,55,2,01大同區,大同區鄭州路137號,0,0,4,6,B01,8,1,5,40,14,9,1,5,4,5,7,4,4,1,4,1,2,13,1,50,3,10,1,1,7,13,1,8,1,15,,38,,1,22,9,121.5101047,25.0504907
112,1,18,13,56,2,04大安區,大安區和平東路3段1巷與和平東路3段口,0,0,1,2,C03,8,1,5,50,4,1,1,5,4,5,7,1,1,1,4,5,2,16,1,18,2,9,1,1,7,9,1,10,1,11,,13,,1,22,9,121.5467041,25.0247493
112,1,18,13,56,2,04大安區,大安區和平東路3段1巷與和平東路3段口,0,0,1,1,B11,8,1,5,50,4,1,1,5,4,5,7,1,1,1,4,5,2,16,1,66,3,10,1,1,7,5,1,8,1,2,,6,,1,22,9,121.5467041,25.0247493
112,1,18,14,0,2,08士林區,士林區福港街149巷與福港街129巷10弄口,0,0,1,2,B03,7,1,5,30,3,1,1,5,4,5,7,4,4,10,5,5,2,17,1,62,3,10,1,1,7,5,1,8,1,8,,8,,1,22,9,121.5185607,25.0874387
112,1,18,14,0,2,08士林區,士林區福港街149巷與福港街129巷10弄口,0,0,1,1,C03,7,1,5,30,3,1,1,5,4,5,7,4,4,10,5,5,2,17,2,66,2,9,1,1,7,1,1,10,1,14,,19,,1,22,9,121.5185607,25.0874387
112,1,18,14,13,2,11南港區,南港區南港路1段與三重路口,0,0,2,1,B12,8,1,5,50,4,1,1,5,4,5,7,2,1,5,4,5,2,16,1,58,3,10,1,1,7,5,1,8,2,5,,8,,1,21,8,121.6139576,25.0553881
112,1,18,14,13,2,11南港區,南港區南港路1段與三重路口,0,0,2,2,C03,8,1,5,50,4,1,1,5,4,5,7,2,1,5,4,5,2,16,1,21,2,9,1,1,7,9,1,10,2,11,,44,,1,21,8,121.6139576,25.0553881
112,1,18,14,13,2,11南港區,南港區南港路1段與三重路口,0,0,2,3,H02,8,1,5,50,4,1,1,5,4,5,7,2,1,5,4,5,2,16,2,24,2,9,1,5,7,20,8,20,10,16,,67,,1,21,8,121.6139576,25.0553881
112,1,18,14,35,2,12內湖區,內湖區堤頂大道2段與堤頂大道2段407巷口,0,0,2,2,C03,8,1,5,50,5,1,1,5,4,5,7,2,1,1,4,5,2,16,1,25,2,9,1,1,7,1,1,10,1,11,,44,,1,22,9,121.562955,25.08041688
112,1,18,14,35,2,12內湖區,內湖區堤頂大道2段與堤頂大道2段407巷口,0,0,2,1,C03,8,1,5,50,5,1,1,5,4,5,7,2,1,1,4,5,2,16,2,72,2,9,1,1,7,9,1,10,1,12,,25,,1,22,9,121.562955,25.08041688
112,1,18,14,40,2,01大同區,大同區重慶北路3段377號,0,0,1,1,C03,8,1,5,50,14,9,1,5,4,5,7,4,4,1,4,5,2,17,1,78,3,10,3,4,7,8,1,10,1,13,,7,,1,22,9,121.5139393,25.0757631
112,1,18,14,40,2,01大同區,大同區重慶北路3段377號,0,0,1,2,C03,8,1,5,50,14,9,1,5,4,5,7,4,4,1,4,5,2,17,1,20,2,9,3,4,7,9,1,10,1,15,,42,,1,22,9,121.5139393,25.0757631
112,1,18,14,40,2,04大安區,大安區瑞安街與瑞安街208巷口口,0,0,1,1,B03,7,1,5,30,4,2,1,5,4,5,7,4,4,10,5,5,1,17,1,46,3,10,1,1,7,9,1,8,1,15,,44,,1,22,9,121.5405456,25.02792087
112,1,18,14,40,2,04大安區,大安區瑞安街與瑞安街208巷口口,0,0,1,2,C03,7,1,5,30,4,2,1,5,4,5,7,4,4,10,5,5,1,17,1,34,2,9,1,1,7,9,1,10,1,15,,13,,1,22,9,121.5405456,25.02792087
112,1,18,14,40,2,04大安區,大安區瑞安街與瑞安街208巷口口,0,0,1,3,B01,7,1,5,30,4,2,1,5,4,5,7,4,4,10,5,5,1,17,1,43,3,10,1,1,7,13,1,4,1,15,,38,,1,22,9,121.5405456,25.02792087
112,1,18,14,50,2,08士林區,士林區德行東路與德行東路81巷口,0,0,1,1,B03,7,1,5,50,4,1,1,5,4,5,7,4,4,5,5,5,2,16,2,37,3,10,1,1,7,1,1,8,1,1,,23,,1,22,9,121.5273747,25.107375
112,1,18,14,50,2,08士林區,士林區德行東路與德行東路81巷口,0,0,1,2,C03,7,1,5,50,4,1,1,5,4,5,7,4,4,5,5,5,2,16,1,21,2,6,1,1,7,5,6,18,1,12,,6,,1,22,9,121.5273747,25.107375
112,1,18,14,57,2,05中正區,中正區重慶南路1段與愛國西路口,0,0,2,2,C03,8,1,5,50,5,1,1,5,4,5,7,2,1,1,4,5,2,13,2,65,2,9,1,1,7,9,1,10,2,13,,44,,1,19,7,121.5125605,25.0354031
112,1,18,14,57,2,05中正區,中正區重慶南路1段與愛國西路口,0,0,2,1,C03,8,1,5,50,5,1,1,5,4,5,7,2,1,1,4,5,2,13,2,65,2,7,1,4,7,9,1,10,2,11,,23,,1,5,1,121.5125605,25.0354031
112,1,18,15,0,2,03中山區,中山區復興北路與長安東路2段口,0,0,1,1,B03,8,1,5,50,4,1,1,5,4,5,7,2,1,10,5,5,2,15,1,59,3,10,1,1,7,9,1,8,2,1,,42,,1,22,9,121.5438846,25.048267
112,1,18,15,0,2,03中山區,中山區復興北路與長安東路2段口,0,0,1,2,C03,8,1,5,50,4,1,1,5,4,5,7,2,1,10,5,5,2,15,1,21,2,9,1,1,7,9,1,10,2,12,,44,,1,22,9,121.5438846,25.048267
112,1,18,15,0,2,12內湖區,內湖區成功路2段與潭美街口,0,0,1,2,C03,8,1,5,40,3,2,1,5,4,5,7,1,1,5,5,5,2,17,1,23,2,7,1,1,7,9,1,10,1,14,,44,,1,22,9,121.591737,25.06008392
112,1,18,15,0,2,12內湖區,內湖區成功路2段與潭美街口,0,0,1,1,B02,8,1,5,40,3,2,1,5,4,5,7,1,1,5,5,5,2,17,1,37,3,10,1,1,7,6,1,8,1,2,,9,,1,22,9,121.591737,25.06008392
112,1,18,15,5,2,10文山區,文山區和平東路4段、軍功幹22桿,0,0,1,1,C03,7,1,5,40,11,9,1,5,4,5,1,4,4,5,5,5,1,18,1,19,2,7,1,1,7,5,1,10,9,11,,13,,1,22,9,121.5712579,25.0044684
112,1,18,15,5,2,10文山區,文山區和平東路4段、軍功幹22桿,0,0,1,2,,7,1,5,40,11,9,1,5,4,5,1,4,4,5,5,5,1,18,3,0,,,,,,,,,,,,67,,1,,,121.5712579,25.0044684
112,1,18,15,20,2,05中正區,中正區館前路與開封街1段口,0,0,1,1,C03,8,1,5,50,3,1,1,5,4,5,7,4,4,10,4,5,2,17,1,40,2,8,1,1,7,9,1,10,2,11,,16,,1,22,9,121.5150788,25.0459248
112,1,18,15,20,2,05中正區,中正區館前路與開封街1段口,0,0,1,2,B01,8,1,5,50,3,1,1,5,4,5,7,4,4,10,4,5,2,17,1,68,3,10,1,1,7,12,1,4,2,7,,44,,1,22,9,121.5150788,25.0459248
112,1,18,15,20,2,05中正區,中正區館前路與開封街1段口,0,0,1,3,H01,8,1,5,50,3,1,1,5,4,5,7,4,4,10,4,5,2,17,1,68,3,10,4,5,8,18,8,20,10,16,,67,,1,22,9,121.5150788,25.0459248
112,1,18,15,25,2,02萬華區,萬華區雙和街66號,0,0,1,2,C03,7,1,5,50,14,7,1,5,4,5,7,4,4,9,5,5,2,12,2,48,2,8,1,1,7,9,1,10,1,14,,44,,1,22,9,121.5018414,25.0279065
112,1,18,15,25,2,02萬華區,萬華區雙和街66號,0,0,1,1,B03,7,1,5,50,14,7,1,5,4,5,7,4,4,9,5,5,2,12,1,41,3,10,1,1,7,9,1,8,1,5,,23,,1,22,9,121.5018414,25.0279065
112,1,18,15,55,2,12內湖區,內湖區成功路2段273巷與成功路2段口,0,0,1,1,B03,7,1,5,50,3,1,1,5,4,5,7,4,4,1,2,5,2,16,2,49,3,10,1,1,7,6,1,8,1,2,,9,,1,22,9,121.5909563,25.06845736
112,1,18,15,55,2,12內湖區,內湖區成功路2段273巷與成功路2段口,0,0,1,2,C03,7,1,5,50,3,1,1,5,4,5,7,4,4,1,2,5,2,16,1,27,2,8,1,1,7,9,1,10,1,14,,44,,1,22,9,121.5909563,25.06845736
112,1,18,16,1,2,04大安區,大安區大安路1段與大安路1段106巷口,0,0,2,1,C03,7,2,5,30,4,1,1,5,4,5,7,4,4,9,4,5,1,15,1,22,2,9,1,4,7,9,1,10,1,11,,6,,1,22,9,121.5461122,25.0401953
112,1,18,16,1,2,04大安區,大安區大安路1段與大安路1段106巷口,0,0,2,2,C03,7,2,5,30,4,1,1,5,4,5,7,4,4,9,4,5,1,15,1,30,2,7,1,4,7,9,1,9,1,14,,23,,1,22,9,121.5461122,25.0401953
112,1,18,16,5,2,02萬華區,萬華區西園路2段320巷與興義街口,0,0,1,1,C03,8,2,5,30,4,1,1,5,4,5,7,4,4,10,5,5,2,15,1,46,2,8,1,1,7,9,1,9,1,11,,6,,1,22,9,121.4917468,25.02667969
112,1,18,16,5,2,02萬華區,萬華區西園路2段320巷與興義街口,0,0,1,2,B12,8,2,5,30,4,1,1,5,4,5,7,4,4,10,5,5,2,15,1,31,3,10,1,1,7,9,1,8,1,4,,44,,1,22,9,121.4917468,25.02667969
112,1,18,16,15,2,12內湖區,內湖區內湖路2段253巷與內湖路2段253巷1弄口,0,0,1,1,C04,8,1,5,30,4,1,1,5,4,5,7,4,4,10,5,5,2,16,2,67,2,9,1,1,7,9,1,11,1,12,,6,,1,22,9,121.5896791,25.0823503
112,1,18,16,15,2,12內湖區,內湖區內湖路2段253巷與內湖路2段253巷1弄口,0,0,1,2,B03,8,1,5,30,4,1,1,5,4,5,7,4,4,10,5,5,2,16,1,38,3,10,1,1,7,9,1,8,1,8,,14,,1,22,9,121.5896791,25.0823503
112,1,18,16,26,2,07信義區,信義區基隆路1段350-39號,0,0,1,2,C03,8,1,5,30,14,8,4,5,4,5,7,2,1,1,4,2,2,17,1,22,2,9,1,1,7,9,1,9,1,12,,43,,1,22,9,121.5612167,25.0360745
112,1,18,16,26,2,07信義區,信義區基隆路1段350-39號,0,0,1,1,C03,8,1,5,30,14,8,4,5,4,5,7,2,1,1,4,2,2,17,1,55,3,10,1,1,7,8,6,10,1,15,,44,,1,22,9,121.5612167,25.0360745
112,1,18,16,28,2,09北投區,北投區光明路與中山路口,0,0,1,1,B03,8,1,5,50,4,1,1,5,4,5,7,1,1,5,4,5,2,16,2,66,3,10,3,4,7,5,1,8,1,4,,8,,1,22,9,121.5042152,25.1369249
112,1,18,16,28,2,09北投區,北投區光明路與中山路口,0,0,1,2,C03,8,1,5,50,4,1,1,5,4,5,7,1,1,5,4,5,2,16,1,17,2,8,3,4,7,5,1,10,1,14,,8,,1,22,9,121.5042152,25.1369249
112,1,18,16,57,2,08士林區,士林區福國路30號,0,0,1,2,C03,7,2,5,50,14,9,1,5,4,5,7,4,4,1,4,5,2,12,1,41,2,8,1,1,7,7,1,9,1,14,,44,,1,22,9,121.5243598,25.10218952
112,1,18,16,57,2,08士林區,士林區福國路30號,0,0,1,1,B03,7,2,5,50,14,9,1,5,4,5,7,4,4,1,4,5,2,12,1,81,3,10,1,1,7,8,1,8,1,2,,7,,1,22,9,121.5243598,25.10218952
112,1,18,17,10,2,01大同區,大同區重慶北路3段與重慶北路3段334巷口,0,0,1,1,A02,8,2,5,50,3,2,1,5,4,5,7,4,4,1,4,5,2,9,1,62,3,10,1,1,7,9,1,2,2,15,,43,,1,22,9,121.5137849,25.07589152
112,1,18,17,10,2,01大同區,大同區重慶北路3段與重慶北路3段334巷口,0,0,1,2,H02,8,2,5,50,3,2,1,5,4,5,7,4,4,1,4,5,2,9,2,76,2,8,4,5,7,19,8,20,10,16,,67,,1,22,9,121.5137849,25.07589152
112,1,18,17,20,2,03中山區,中山區松江路臨609號,0,0,1,2,B03,8,2,5,50,11,9,1,5,4,5,7,4,4,1,4,5,2,13,1,53,3,10,1,1,7,14,1,8,2,6,,44,,1,22,9,121.5337197,25.07121682
112,1,18,17,20,2,03中山區,中山區松江路臨609號,0,0,1,1,C03,8,2,5,50,11,9,1,5,4,5,7,4,4,1,4,5,2,13,1,20,2,9,1,1,7,7,1,10,2,11,,23,,1,22,9,121.5337197,25.07121682
112,1,18,17,30,2,07信義區,信義區光復南路與忠孝東路4段口口,0,0,1,1,B03,7,3,5,50,4,2,1,5,4,5,7,2,1,3,4,5,2,17,2,48,3,10,1,1,7,6,1,8,1,6,,9,,1,22,9,121.557757,25.0412191
112,1,18,17,30,2,07信義區,信義區光復南路與忠孝東路4段口口,0,0,1,2,C03,7,3,5,50,4,2,1,5,4,5,7,2,1,3,4,5,2,17,1,25,2,9,1,1,7,9,1,10,1,11,,44,,1,22,9,121.557757,25.0412191
112,1,18,17,40,2,07信義區,信義區莊敬路與吳興街269巷1弄口口,0,0,2,1,C03,7,1,5,50,3,2,1,5,4,5,7,4,4,5,4,5,2,17,1,67,2,8,1,1,7,1,1,10,2,14,,19,,1,22,9,121.5639956,25.0278107
112,1,18,17,40,2,07信義區,信義區莊敬路與吳興街269巷1弄口口,0,0,2,2,C03,7,1,5,50,3,2,1,5,4,5,7,4,4,5,4,5,2,17,2,38,2,8,1,1,7,9,1,10,2,11,,14,,1,22,9,121.5639956,25.0278107
112,1,18,17,47,2,03中山區,中山區民權西路70號,0,0,1,2,C03,8,3,5,50,14,7,1,5,4,5,7,4,4,1,4,4,2,12,1,41,2,9,3,4,7,9,1,10,2,12,,44,,1,22,9,121.5197445,25.06278146
112,1,18,17,47,2,03中山區,中山區民權西路70號,0,0,1,3,B02,8,3,5,50,14,7,1,5,4,5,7,4,4,1,4,4,2,12,1,51,3,10,3,4,7,9,1,8,2,2,,44,,1,22,9,121.5197445,25.06278146
112,1,18,17,47,2,03中山區,中山區民權西路70號,0,0,1,1,C03,8,3,5,50,14,7,1,5,4,5,7,4,4,1,4,4,2,12,1,51,3,10,1,4,7,7,1,9,11,15,,7,,1,22,9,121.5197445,25.06278146
112,1,18,17,56,2,08士林區,士林區文林路與文林路594巷口,0,0,1,1,B03,7,3,5,50,4,2,1,5,4,5,7,4,4,5,4,4,2,16,1,62,3,10,1,1,7,5,1,8,1,1,,6,,1,22,9,121.5236987,25.09845126
112,1,18,17,56,2,08士林區,士林區文林路與文林路594巷口,0,0,1,2,C03,7,3,5,50,4,2,1,5,4,5,7,4,4,5,4,4,2,16,1,24,2,9,1,1,7,9,1,10,1,14,,44,,1,22,9,121.5236987,25.09845126
112,1,18,18,0,2,09北投區,北投區承德路7段73號停車格,0,0,1,1,C03,7,1,5,60,14,8,1,5,4,5,7,4,4,1,5,5,2,17,1,46,2,9,3,4,7,9,1,10,1,12,,23,,1,22,9,121.505223,25.11591007
112,1,18,18,0,2,09北投區,北投區承德路7段73號停車格,0,0,1,2,B03,7,1,5,60,14,8,1,5,4,5,7,4,4,1,5,5,2,17,2,57,3,10,3,4,7,13,1,8,1,7,,44,,1,22,9,121.505223,25.11591007
112,1,18,18,16,2,06松山區,松山區市民大道5段與八德路4段106巷口,0,0,2,2,C03,7,3,5,40,3,2,1,5,4,5,7,4,4,1,5,5,2,12,1,30,2,9,1,1,7,9,1,10,1,12,,17,,1,22,1,121.5610536,25.04657582
112,1,18,18,16,2,06松山區,松山區市民大道5段與八德路4段106巷口,0,0,2,3,B03,7,3,5,40,3,2,1,5,4,5,7,4,4,1,5,5,2,12,2,30,3,10,1,1,7,9,1,8,1,7,,17,,1,22,5,121.5610536,25.04657582
112,1,18,18,16,2,06松山區,松山區市民大道5段與八德路4段106巷口,0,0,2,1,C03,7,3,5,40,3,2,1,5,4,5,7,4,4,1,5,5,2,12,2,30,2,9,1,1,7,9,1,10,1,11,,17,,1,22,1,121.5610536,25.04657582
112,1,18,18,42,2,09北投區,北投區西安街2段與立農街1段187巷口,0,0,2,1,C03,8,3,5,50,4,1,1,5,4,5,7,2,1,5,4,5,2,11,2,63,2,9,1,1,7,5,1,10,2,11,,8,,1,22,9,121.504792,25.12088981
112,1,18,18,42,2,09北投區,北投區西安街2段與立農街1段187巷口,0,0,2,2,C03,8,3,5,50,4,1,1,5,4,5,7,2,1,5,4,5,2,11,1,54,2,9,1,1,7,9,1,10,2,11,,23,,1,22,9,121.504792,25.12088981
112,1,18,18,49,2,01大同區,大同區民族西路225巷32號,0,0,1,1,C03,8,3,5,30,14,9,1,5,4,5,7,4,4,10,5,5,2,17,2,47,3,10,1,1,7,5,1,10,1,15,,8,,1,22,9,121.512275,25.069844
112,1,18,18,49,2,01大同區,大同區民族西路225巷32號,0,0,1,2,C03,8,3,5,30,14,9,1,5,4,5,7,4,4,10,5,5,2,17,1,22,2,9,1,1,7,9,1,10,1,15,,13,,1,22,9,121.512275,25.069844
112,1,18,18,49,2,01大同區,大同區民族西路225巷32號,0,0,1,3,C03,8,3,5,30,14,9,1,5,4,5,7,4,4,10,5,5,2,17,1,65,3,10,2,1,7,13,7,19,11,13,,44,,2,22,9,121.512275,25.069844
112,1,18,18,52,2,02萬華區,萬華區民和街與西藏路199巷口,0,0,2,2,C03,7,3,5,30,5,1,1,5,4,5,7,3,1,9,4,5,2,17,2,59,3,10,1,1,7,9,1,10,1,11,,44,,1,22,9,121.4998023,25.02639089
112,1,18,18,52,2,02萬華區,萬華區民和街與西藏路199巷口,0,0,2,3,H02,7,3,5,30,5,1,1,5,4,5,7,3,1,9,4,5,2,17,1,10,2,8,1,5,7,20,8,20,10,15,,67,,1,22,9,121.4998023,25.02639089
112,1,18,18,52,2,02萬華區,萬華區民和街與西藏路199巷口,0,0,2,1,C03,7,3,5,30,5,1,1,5,4,5,7,3,1,9,4,5,2,17,2,38,2,8,1,1,7,5,1,10,1,12,,6,,1,22,9,121.4998023,25.02639089
112,1,18,19,0,2,09北投區,北投區大度路3段301巷72號,0,0,1,1,C03,8,3,5,30,14,9,1,5,4,5,7,4,4,10,5,5,2,9,2,30,3,10,1,1,7,9,1,10,2,11,,44,,1,22,9,121.4658204,25.12131205
112,1,18,19,0,2,09北投區,北投區大度路3段301巷72號,0,0,1,2,H01,8,3,5,30,14,9,1,5,4,5,7,4,4,10,5,5,2,9,1,46,2,1,4,5,8,20,8,20,10,16,,67,,1,22,9,121.4658204,25.12131205
112,1,18,19,1,2,04大安區,大安區基隆路4段台大公館平面停車場,0,0,1,1,B03,7,3,5,50,14,9,1,5,4,5,7,4,4,1,4,5,2,17,1,38,3,10,1,1,7,9,1,8,1,1,,17,,1,22,9,121.5384377,25.01239917
112,1,18,19,1,2,04大安區,大安區基隆路4段台大公館平面停車場,0,0,1,2,C03,7,3,5,50,14,9,1,5,4,5,7,4,4,1,4,5,2,17,2,26,2,9,1,1,7,9,1,10,1,13,,44,,1,22,9,121.5384377,25.01239917
112,1,18,19,8,2,12內湖區,內湖區行善路260號,0,0,1,1,B01,8,3,5,50,14,9,1,5,4,5,7,4,4,9,4,4,2,12,2,63,3,10,1,1,7,8,1,4,1,2,,7,,1,22,9,121.5806997,25.0591641
112,1,18,19,8,2,12內湖區,內湖區行善路260號,0,0,1,2,C03,8,3,5,50,14,9,1,5,4,5,7,4,4,9,4,4,2,12,1,23,2,9,1,1,7,9,1,10,1,14,,23,,1,22,9,121.5806997,25.0591641
112,1,18,19,13,2,03中山區,中山區民生東路1段與林森北路口,0,0,1,1,C03,7,3,5,50,4,2,1,5,4,5,7,1,1,5,4,5,2,12,1,35,3,10,3,4,7,9,1,10,1,14,,23,,1,22,9,121.525613,25.05804172
112,1,18,19,13,2,03中山區,中山區民生東路1段與林森北路口,0,0,1,2,C03,7,3,5,50,4,2,1,5,4,5,7,1,1,5,4,5,2,12,1,63,2,9,3,4,7,9,1,10,1,12,,44,,1,22,9,121.525613,25.05804172
112,1,18,19,47,2,01大同區,大同區民權西路與民權西路225巷口,0,0,1,1,C03,8,3,5,50,4,2,1,5,4,5,7,2,1,1,4,5,2,12,2,56,2,8,1,1,7,8,1,10,1,12,,7,,1,22,9,121.5103717,25.06324125
112,1,18,19,47,2,01大同區,大同區民權西路與民權西路225巷口,0,0,1,2,C03,8,3,5,50,4,2,1,5,4,5,7,2,1,1,4,5,2,12,1,19,3,10,1,1,7,9,1,10,1,14,,44,,1,22,9,121.5103717,25.06324125
112,1,18,20,0,2,03中山區,中山區南京西路23巷5號前,0,0,1,2,H01,7,3,5,30,14,9,1,5,4,5,7,4,4,10,5,5,2,2,2,28,2,9,4,5,8,16,8,20,10,16,,67,,1,20,9,121.5205757,25.0533427
112,1,18,20,0,2,03中山區,中山區南京西路23巷5號前,0,0,1,1,B03,7,3,5,30,14,9,1,5,4,5,7,4,4,10,5,5,2,2,2,24,3,10,3,4,7,9,1,8,1,5,,23,,1,20,9,121.5205757,25.0533427
112,1,18,20,16,2,12內湖區,內湖區康寧路3段72號,0,0,1,2,C04,8,3,5,50,14,7,1,5,4,5,7,4,4,1,4,4,2,12,2,50,2,9,1,1,7,7,1,11,1,13,,7,,1,22,9,121.6117347,25.06991212
112,1,18,20,16,2,12內湖區,內湖區康寧路3段72號,0,0,1,1,B01,8,3,5,50,14,7,1,5,4,5,7,4,4,1,4,4,2,12,1,64,3,10,1,1,7,9,1,4,1,5,,44,,1,22,9,121.6117347,25.06991212
112,1,18,20,31,2,10文山區,文山區木新路3段74巷與興隆路4段179巷口,0,0,2,2,C03,8,3,5,50,14,9,2,5,4,5,7,4,4,5,4,5,2,17,1,26,2,9,1,4,7,9,1,10,2,11,,23,,1,22,9,121.5630274,24.98373051
112,1,18,20,31,2,10文山區,文山區木新路3段74巷與興隆路4段179巷口,0,0,2,3,H02,8,3,5,50,14,9,2,5,4,5,7,4,4,5,4,5,2,17,2,24,2,6,1,5,7,17,8,20,10,16,,67,,1,22,9,121.5630274,24.98373051
112,1,18,20,31,2,10文山區,文山區木新路3段74巷與興隆路4段179巷口,0,0,2,1,B03,8,3,5,50,14,9,2,5,4,5,7,4,4,5,4,5,2,17,1,54,3,10,3,4,7,9,1,8,2,1,,6,,1,22,9,121.5630274,24.98373051
112,1,18,20,57,2,10文山區,文山區興隆路3段與興隆路3段185巷口,0,0,2,2,C03,8,3,5,50,4,1,1,5,4,5,7,3,1,1,4,5,2,16,2,31,2,9,1,1,7,9,1,10,1,11,,23,,1,22,9,121.5599893,24.9959522
112,1,18,20,57,2,10文山區,文山區興隆路3段與興隆路3段185巷口,0,0,2,1,C03,8,3,5,50,4,1,1,5,4,5,7,3,1,1,4,5,2,16,1,65,2,9,1,1,7,5,1,10,1,14,,6,,1,22,9,121.5599893,24.9959522
112,1,18,22,0,2,08士林區,士林區福國路與福華路口口,0,0,1,1,C03,8,3,5,50,4,2,1,5,4,5,7,2,1,1,2,5,1,16,1,18,3,10,1,1,7,8,3,18,2,12,,7,,1,22,9,121.5229637,25.10198347
112,1,18,22,0,2,08士林區,士林區福國路與福華路口口,0,0,1,2,C03,8,3,5,50,4,2,1,5,4,5,7,2,1,1,2,5,1,16,1,65,2,9,1,1,7,9,1,10,2,11,,16,,1,22,9,121.5229637,25.10198347