發生年度,發生月,發生日,發生時-Hours,發生分,處理別-編號,區序,肇事地點,死亡人數,2-30日死亡人數,受傷人數,當事人序號,車種,天候,光線,道路類別,速限-速度限制,道路型態,事故位置,路面狀況1,路面狀況2,路面狀況3,道路障礙1,道路障礙2,號誌1,號誌2,車道劃分-分向,車道劃分-分道1,車道劃分-分道2,車道劃分-分道3,事故類型及型態,性別,年齡,受傷程度,主要傷處,保護裝置,行動電話,車輛用途,當事者行動狀態,駕駛資格情形,駕駛執照種類,飲酒情形,車輛撞擊部位1,車輛撞擊部位2,肇因碼-個別,肇因碼-主要,個人肇逃否,職業,旅次目的,座標-X,座標-Y
112,1,18,22,5,2,09北投區,北投區大業路192號停車格,0,0,1,2,C03,8,3,5,50,14,9,1,5,4,5,7,4,4,1,4,5,2,17,1,31,2,7,1,1,7,9,1,10,1,14,,44,,1,22,9,121.497764,25.13674851
112,1,18,22,5,2,09北投區,北投區大業路192號停車格,0,0,1,1,B03,8,3,5,50,14,9,1,5,4,5,7,4,4,1,4,5,2,17,1,37,3,10,1,1,7,6,1,8,1,2,,9,,1,22,9,121.497764,25.13674851
112,1,18,22,24,2,07信義區,信義區永吉路與基隆路1段37巷口,0,0,2,2,C03,8,3,5,30,4,1,1,5,4,5,7,2,1,4,5,5,1,15,1,32,2,9,1,1,7,9,1,10,1,11,,44,,1,22,9,121.5688656,25.045779
112,1,18,22,24,2,07信義區,信義區永吉路與基隆路1段37巷口,0,0,2,1,B12,8,3,5,30,4,1,1,5,4,5,7,2,1,4,5,5,1,15,1,34,2,1,3,4,7,9,1,8,1,5,,25,,1,22,9,121.5688656,25.045779
112,1,18,22,32,2,12內湖區,內湖區康樂街與康樂街110巷口,0,0,1,2,C03,7,3,5,50,4,2,1,5,4,5,7,2,1,9,4,5,2,16,1,18,2,9,1,1,7,9,3,18,6,11,,21,,1,22,9,121.6190824,25.07067588
112,1,18,22,32,2,12內湖區,內湖區康樂街與康樂街110巷口,0,0,1,1,B11,7,3,5,50,4,2,1,5,4,5,7,2,1,9,4,5,2,16,1,39,3,10,1,1,7,5,6,18,2,8,,6,,1,22,9,121.6190824,25.07067588
112,1,18,22,37,2,08士林區,士林區文林路615巷與文林路615巷6弄口,0,0,1,1,B03,8,3,5,30,3,1,1,5,4,5,7,4,4,10,5,5,1,16,1,39,3,10,1,1,7,5,1,8,1,8,,8,,1,22,9,121.5225512,25.09934286
112,1,18,22,37,2,08士林區,士林區文林路615巷與文林路615巷6弄口,0,0,1,2,C03,8,3,5,30,3,1,1,5,4,5,7,4,4,10,5,5,1,16,1,21,2,8,1,1,7,9,1,10,1,11,,13,,1,22,9,121.5225512,25.09934286
112,1,19,1,1,2,05中正區,中正區羅斯福路1段與林森南路口,0,0,1,1,C03,8,3,5,30,5,1,1,5,4,5,7,2,1,10,4,4,2,17,2,24,2,9,1,1,7,9,1,10,1,11,,23,,1,22,9,121.5183158,25.0331169
112,1,19,1,1,2,05中正區,中正區羅斯福路1段與林森南路口,0,0,1,2,B01,8,3,5,30,5,1,1,5,4,5,7,2,1,10,4,4,2,17,1,61,3,10,1,1,7,8,1,4,1,7,,7,,1,22,9,121.5183158,25.0331169
112,1,19,2,45,2,01大同區,大同區民權西路與延平北路2段口,0,0,1,1,B03,8,3,5,50,4,1,1,5,4,5,7,2,1,1,4,5,2,12,1,30,3,10,1,1,7,7,3,18,1,2,,7,,1,22,9,121.5112205,25.0627882
112,1,19,2,45,2,01大同區,大同區民權西路與延平北路2段口,0,0,1,2,F01,8,3,5,50,4,1,1,5,4,5,7,2,1,1,4,5,2,12,1,26,2,7,2,1,7,9,8,20,1,16,,42,,1,22,9,121.5112205,25.0627882
112,1,19,5,4,2,09北投區,北投區東華街2段與東陽街口,0,0,1,1,B03,8,2,5,30,4,1,1,5,4,5,7,2,1,1,4,5,2,3,1,54,3,10,1,1,7,5,1,8,2,8,,15,,1,22,9,121.5174591,25.11227714
112,1,19,5,4,2,09北投區,北投區東華街2段與東陽街口,0,0,1,2,H01,8,2,5,30,4,1,1,5,4,5,7,2,1,1,4,5,2,3,1,71,2,9,4,5,8,16,8,20,10,16,,67,,1,22,9,121.5174591,25.11227714
112,1,19,6,17,2,05中正區,中正區金山南路1段120號,0,0,1,1,B01,8,3,5,50,14,9,1,5,4,5,7,2,1,3,4,5,2,12,2,57,3,10,1,1,7,9,1,4,2,1,,23,,1,22,9,121.5273609,25.03509277
112,1,19,6,17,2,05中正區,中正區金山南路1段120號,0,0,1,2,F01,8,3,5,50,14,9,1,5,4,5,7,2,1,3,4,5,2,12,1,76,2,9,3,4,7,5,8,20,2,16,,8,,1,22,9,121.5273609,25.03509277
112,1,19,6,22,2,03中山區,中山區長安東路2段與建國北路1段口,0,0,1,2,B12,8,2,5,50,14,9,1,5,4,5,7,4,4,10,4,5,2,12,1,79,3,10,1,1,7,10,1,8,2,8,,7,,1,22,9,121.5369565,25.04857908
112,1,19,6,22,2,03中山區,中山區長安東路2段與建國北路1段口,0,0,1,1,C03,8,2,5,50,14,9,1,5,4,5,7,4,4,10,4,5,2,12,1,60,2,9,1,3,7,8,1,10,2,12,,7,,1,22,9,121.5369565,25.04857908
112,1,19,6,54,2,04大安區,大安區信義路3段大安森林公園捷運站M2,0,0,2,1,B01,7,2,5,50,14,9,1,5,4,5,7,4,4,1,3,1,1,13,1,61,4,11,3,4,7,1,7,19,11,15,,19,,2,22,9,121.5351271,25.03350437
112,1,19,6,54,2,04大安區,大安區信義路3段大安森林公園捷運站M2,0,0,2,2,C03,7,2,5,50,14,9,1,5,4,5,7,4,4,1,3,1,1,13,2,58,2,7,1,1,7,9,1,10,1,13,,44,,1,22,9,121.5351271,25.03350437
112,1,19,6,54,2,04大安區,大安區信義路3段大安森林公園捷運站M2,0,0,2,3,C03,7,2,5,50,14,9,1,5,4,5,7,4,4,1,3,1,1,13,2,41,2,8,1,1,7,9,1,10,1,11,,16,,1,22,9,121.5351271,25.03350437
112,1,19,7,1,2,10文山區,文山區興隆路3段54號與興隆路3段口,0,0,1,2,C03,8,1,5,50,3,1,1,5,4,5,7,1,1,1,4,5,2,16,1,69,2,9,1,1,7,9,1,10,2,11,,44,,1,22,9,121.5559759,25.0002151
112,1,19,7,1,2,10文山區,文山區興隆路3段54號與興隆路3段口,0,0,1,1,B03,8,1,5,50,3,1,1,5,4,5,7,1,1,1,4,5,2,16,2,44,3,10,1,1,7,1,1,8,2,8,,19,,1,22,9,121.5559759,25.0002151
112,1,19,7,37,2,08士林區,士林區中正路與文林路口,0,0,1,2,A41,8,1,5,50,4,1,1,5,4,5,7,1,1,10,5,5,1,17,1,54,3,10,1,1,1,9,1,1,2,2,,37,,1,22,9,121.5246346,25.09496478
112,1,19,7,37,2,08士林區,士林區中正路與文林路口,0,0,1,3,,8,1,5,50,4,1,1,5,4,5,7,1,1,10,5,5,1,17,3,0,,,,,,,,,10,,,61,,1,,,121.5246346,25.09496478
112,1,19,7,37,2,08士林區,士林區中正路與文林路口,0,0,1,1,C03,8,1,5,50,4,1,1,5,4,5,7,1,1,10,5,5,1,17,1,25,2,9,1,1,7,9,1,10,2,12,,44,,1,22,9,121.5246346,25.09496478
112,1,19,7,54,2,03中山區,中山區中原街與新生北路2段45巷口,0,0,1,2,H01,8,1,5,30,13,18,1,5,4,5,7,4,4,10,5,5,2,3,2,73,2,8,4,4,8,16,8,20,10,16,,67,,1,22,8,121.5288339,25.0553407
112,1,19,7,54,2,03中山區,中山區中原街與新生北路2段45巷口,0,0,1,1,B03,8,1,5,30,13,18,1,5,4,5,7,4,4,10,5,5,2,3,1,53,3,10,1,4,7,11,1,8,1,8,,10,,1,22,8,121.5288339,25.0553407
112,1,19,7,54,2,04大安區,大安區麗水街與金華街口,0,0,1,1,C03,8,1,5,30,4,1,1,5,4,5,7,2,1,9,4,5,2,11,2,64,2,8,1,1,7,9,1,10,1,12,,23,,1,21,8,121.5285225,25.029948
112,1,19,7,54,2,04大安區,大安區麗水街與金華街口,0,0,1,2,B03,8,1,5,30,4,1,1,5,4,5,7,2,1,9,4,5,2,11,1,42,3,10,1,1,7,5,1,8,1,2,,8,,1,21,8,121.5285225,25.029948
112,1,19,8,3,2,11南港區,南港區忠孝東路6段297號,0,0,1,1,B03,8,1,5,50,4,2,1,5,4,5,7,1,1,1,3,1,1,12,1,47,3,10,3,4,7,8,1,8,2,5,,7,,1,22,9,121.5912035,25.0498765
112,1,19,8,3,2,11南港區,南港區忠孝東路6段297號,0,0,1,2,C03,8,1,5,50,4,2,1,5,4,5,7,1,1,1,3,1,1,12,1,19,2,7,1,4,7,9,1,10,2,14,,23,,1,22,9,121.5912035,25.0498765
112,1,19,8,13,2,09北投區,北投區東華街1段540號,0,0,1,1,H01,8,1,5,50,14,9,1,5,4,3,6,1,1,9,4,5,2,7,1,27,3,10,4,5,8,16,8,20,1,16,,51,,1,22,9,121.5156249,25.1148708
112,1,19,8,13,2,09北投區,北投區東華街1段540號,0,0,1,2,C03,8,1,5,50,14,9,1,5,4,3,6,1,1,9,4,5,2,7,2,71,2,9,1,1,7,9,1,10,1,12,,44,,1,22,9,121.5156249,25.1148708
112,1,19,8,15,2,08士林區,士林區承德路4段與通河街口,0,0,1,1,B03,8,1,8,50,15,22,1,5,4,5,7,1,1,3,5,5,2,16,1,64,3,10,1,1,7,1,1,8,2,1,,44,,1,22,9,121.5222033,25.08009161
112,1,19,8,15,2,08士林區,士林區承德路4段與通河街口,0,0,1,2,C03,8,1,8,50,15,22,1,5,4,5,7,1,1,3,5,5,2,16,2,54,2,9,1,4,7,7,1,10,2,13,,7,,1,22,9,121.5222033,25.08009161
112,1,19,8,16,2,03中山區,中山區民權東路2段148號,0,0,2,2,C03,8,1,5,50,14,9,1,5,4,5,7,4,4,3,4,5,2,12,1,49,2,8,1,2,7,9,1,10,1,14,,17,,1,22,9,121.5343916,25.06239463
112,1,19,8,16,2,03中山區,中山區民權東路2段148號,0,0,2,1,C03,8,1,5,50,14,9,1,5,4,5,7,4,4,3,4,5,2,12,1,74,2,8,1,1,7,9,1,10,1,12,14,17,,1,22,9,121.5343916,25.06239463
112,1,19,8,17,2,04大安區,大安區基隆路2段與敦化南路2段口,0,0,2,3,H02,8,1,5,50,3,4,1,5,4,5,7,1,1,1,4,5,2,13,2,25,2,8,4,5,7,20,8,20,10,16,,67,,1,22,9,121.5491682,25.0211956
112,1,19,8,17,2,04大安區,大安區基隆路2段與敦化南路2段口,0,0,2,2,C03,8,1,5,50,3,4,1,5,4,5,7,1,1,1,4,5,2,13,1,46,3,10,1,1,7,9,1,10,1,13,,44,,1,22,9,121.5491682,25.0211956
112,1,19,8,17,2,04大安區,大安區基隆路2段與敦化南路2段口,0,0,2,1,C04,8,1,5,50,3,4,1,5,4,5,7,1,1,1,4,5,2,13,2,28,2,8,1,1,7,9,1,10,1,11,12,23,,1,22,9,121.5491682,25.0211956
112,1,19,8,34,2,03中山區,中山區中山北路3段62號,0,0,1,1,C03,8,1,5,50,14,9,1,5,4,5,7,4,4,1,3,5,1,16,1,33,2,9,3,4,7,8,1,10,1,12,,7,,1,22,9,121.5239044,25.0728449
112,1,19,8,34,2,03中山區,中山區中山北路3段62號,0,0,1,2,B03,8,1,5,50,14,9,1,5,4,5,7,4,4,1,3,5,1,16,1,23,3,10,3,4,7,9,1,8,1,8,,44,,1,22,9,121.5239044,25.0728449
112,1,19,8,50,2,07信義區,信義區信義路5段91巷6號前,0,0,1,1,B01,8,1,5,50,14,9,1,5,4,5,7,4,4,1,4,5,2,16,1,51,3,10,3,4,7,1,1,4,9,4,,19,,1,22,9,121.5710002,25.032912
112,1,19,8,50,2,07信義區,信義區信義路5段91巷6號前,0,0,1,2,C03,8,1,5,50,14,9,1,5,4,5,7,4,4,1,4,5,2,16,2,27,2,9,3,4,7,9,1,10,1,11,,23,,1,22,9,121.5710002,25.032912
112,1,19,8,53,2,06松山區,松山區民生東路5段69巷19號,0,0,1,1,B03,7,1,5,30,15,9,1,5,4,5,7,4,4,9,4,5,2,17,2,61,2,5,1,1,7,5,1,8,1,4,,8,,1,22,9,121.558167,25.05971617
112,1,19,8,53,2,06松山區,松山區民生東路5段69巷19號,0,0,1,2,B01,7,1,5,30,15,9,1,5,4,5,7,4,4,9,4,5,2,17,1,52,3,10,1,1,7,9,1,4,1,5,,44,,1,22,9,121.558167,25.05971617
112,1,19,8,54,2,05中正區,中正區濟南路2段47-1號,0,0,1,1,B03,8,1,5,50,14,9,1,5,4,5,7,4,4,9,4,5,2,12,2,51,3,10,1,1,7,8,1,8,2,2,,7,,1,22,9,121.5307903,25.0404996
112,1,19,8,54,2,05中正區,中正區濟南路2段47-1號,0,0,1,2,C03,8,1,5,50,14,9,1,5,4,5,7,4,4,9,4,5,2,12,2,45,2,8,1,1,7,9,1,10,2,14,,44,,1,22,9,121.5307903,25.0404996
112,1,19,8,57,2,03中山區,中山區松江路85巷與松江路口,0,0,1,1,C04,8,1,5,50,14,9,1,5,4,5,7,1,1,1,3,5,1,13,1,30,3,10,3,4,7,9,1,10,2,11,,23,,1,22,9,121.5331157,25.050356
112,1,19,8,57,2,03中山區,中山區松江路85巷與松江路口,0,0,1,2,C03,8,1,5,50,14,9,1,5,4,5,7,1,1,1,3,5,1,13,2,66,2,9,3,4,7,6,1,10,2,13,,9,,1,22,9,121.5331157,25.050356
112,1,19,9,10,2,03中山區,中山區民生東路2段147巷6弄2號,0,0,1,1,B12,8,1,5,30,14,9,1,5,4,5,7,4,4,10,5,5,2,16,1,44,3,10,3,4,7,9,1,8,1,2,,23,,1,22,9,121.5346946,25.05919008
112,1,19,9,10,2,03中山區,中山區民生東路2段147巷6弄2號,0,0,1,2,C03,8,1,5,30,14,9,1,5,4,5,7,4,4,10,5,5,2,16,1,82,2,8,3,4,7,13,1,10,1,15,,44,,1,22,9,121.5346946,25.05919008
112,1,19,9,20,2,01大同區,大同區民生西路與迪化街1段口,0,0,2,1,F03,8,1,5,50,4,1,1,5,4,5,7,1,1,9,4,5,2,17,1,66,2,9,1,1,7,5,8,20,2,16,,6,,1,22,9,121.5098435,25.056911
112,1,19,9,20,2,01大同區,大同區民生西路與迪化街1段口,0,0,2,2,C02,8,1,5,50,4,1,1,5,4,5,7,1,1,9,4,5,2,17,1,31,2,9,1,1,7,9,1,9,2,11,,44,,1,22,9,121.5098435,25.056911
112,1,19,9,32,2,06松山區,松山區市民大道5段與光復南路口,0,0,2,4,H02,8,1,5,40,4,1,1,5,4,5,7,2,1,1,4,5,2,12,1,17,2,8,1,1,7,20,8,20,10,16,,67,,1,22,9,121.5576879,25.04522288
112,1,19,9,32,2,06松山區,松山區市民大道5段與光復南路口,0,0,2,3,H02,8,1,5,40,4,1,1,5,4,5,7,2,1,1,4,5,2,12,2,36,3,10,1,5,7,20,8,20,10,16,,67,,1,22,9,121.5576879,25.04522288
112,1,19,9,32,2,06松山區,松山區市民大道5段與光復南路口,0,0,2,2,C03,8,1,5,40,4,1,1,5,4,5,7,2,1,1,4,5,2,12,1,65,2,8,1,1,7,9,1,10,1,14,,44,,1,22,9,121.5576879,25.04522288
112,1,19,9,32,2,06松山區,松山區市民大道5段與光復南路口,0,0,2,1,C03,8,1,5,40,4,1,1,5,4,5,7,2,1,1,4,5,2,12,1,45,3,10,1,1,7,8,1,10,1,13,,6,,1,22,9,121.5576879,25.04522288
112,1,19,9,39,2,06松山區,松山區復興北路461號,0,0,1,2,C03,8,1,5,50,15,9,1,5,4,5,7,1,1,1,4,5,2,16,2,20,2,9,1,4,7,9,1,10,1,11,,44,,1,22,9,121.5443903,25.06425527
112,1,19,9,39,2,06松山區,松山區復興北路461號,0,0,1,1,B03,8,1,5,50,15,9,1,5,4,5,7,1,1,1,4,5,2,16,1,45,3,10,1,4,7,5,1,8,1,5,,6,,1,22,9,121.5443903,25.06425527
112,1,19,9,45,2,07信義區,信義區永吉路30巷119號,0,0,2,1,C03,8,1,5,30,14,9,1,5,4,5,7,4,4,9,5,5,2,13,1,21,2,9,3,4,7,9,1,10,1,11,,23,,1,22,9,121.5687627,25.0430951
112,1,19,9,45,2,07信義區,信義區永吉路30巷119號,0,0,2,2,C03,8,1,5,30,14,9,1,5,4,5,7,4,4,9,5,5,2,13,2,19,2,9,3,4,7,11,1,10,1,13,,10,,1,22,9,121.5687627,25.0430951
112,1,19,9,47,2,03中山區,中山區中山北路3段與民族西路口,0,0,1,1,C03,8,1,5,50,4,1,1,5,4,5,7,1,1,1,4,1,1,15,1,26,2,7,1,1,7,1,1,10,1,14,,25,,1,22,9,121.522872,25.0684716
112,1,19,9,47,2,03中山區,中山區中山北路3段與民族西路口,0,0,1,2,B01,8,1,5,50,4,1,1,5,4,5,7,1,1,1,4,1,1,15,1,30,3,10,1,1,7,9,1,4,1,1,,25,,1,22,9,121.522872,25.0684716
112,1,19,10,16,2,05中正區,中正區牯嶺街95巷9號,0,0,1,2,C03,8,1,5,50,14,9,1,5,4,5,7,4,4,10,5,5,1,12,1,22,2,9,1,1,7,9,1,10,2,12,,44,,1,22,9,121.5197437,25.0262218
112,1,19,10,16,2,05中正區,中正區牯嶺街95巷9號,0,0,1,3,H02,8,1,5,50,14,9,1,5,4,5,7,4,4,10,5,5,1,12,2,24,4,11,1,5,7,17,8,20,10,16,,67,,1,22,9,121.5197437,25.0262218
112,1,19,10,16,2,05中正區,中正區牯嶺街95巷9號,0,0,1,1,B03,8,1,5,50,14,9,1,5,4,5,7,4,4,10,5,5,1,12,1,41,3,10,1,1,7,4,1,8,2,4,,17,,1,22,9,121.5197437,25.0262218
112,1,19,10,20,2,06松山區,松山區環東大道與堤頂大道口,0,0,1,1,B03,8,1,5,50,14,9,1,5,4,5,7,3,1,1,4,5,2,13,1,35,3,10,1,1,7,8,1,8,1,3,,7,,1,22,9,121.5703226,25.05098482
112,1,19,10,20,2,06松山區,松山區環東大道與堤頂大道口,0,0,1,2,B03,8,1,5,50,14,9,1,5,4,5,7,3,1,1,4,5,2,13,1,46,3,10,1,1,7,7,1,8,1,1,,7,,1,22,9,121.5703226,25.05098482
112,1,19,10,20,2,06松山區,松山區環東大道與堤頂大道口,0,0,1,3,H02,8,1,5,50,14,9,1,5,4,5,7,3,1,1,4,5,2,13,1,0,2,1,4,5,7,20,8,20,10,16,,67,,1,22,9,121.5703226,25.05098482
112,1,19,10,30,2,07信義區,信義區林口街與福德街口,0,0,1,2,H01,8,1,5,50,4,1,1,5,4,5,7,1,1,1,4,5,2,1,2,68,2,8,4,5,8,16,8,20,10,16,,67,,1,22,9,121.5790353,25.0363802
112,1,19,10,30,2,07信義區,信義區林口街與福德街口,0,0,1,1,,8,1,5,50,4,1,1,5,4,5,7,1,1,1,4,5,2,1,4,0,4,11,3,4,7,15,7,19,11,15,,43,,2,22,9,121.5790353,25.0363802
112,1,19,10,35,2,12內湖區,內湖區康寧路3段183號,0,0,1,3,,8,1,5,50,14,7,1,5,4,5,7,4,4,1,4,4,2,13,3,0,,,,,,,,,,,,67,,1,,,121.6118441,25.0700039
112,1,19,10,35,2,12內湖區,內湖區康寧路3段183號,0,0,1,2,A02,8,1,5,50,14,7,1,5,4,5,7,4,4,1,4,4,2,13,1,55,3,10,1,1,7,14,1,2,1,7,,38,,1,22,9,121.6118441,25.0700039
112,1,19,10,35,2,12內湖區,內湖區康寧路3段183號,0,0,1,1,C03,8,1,5,50,14,7,1,5,4,5,7,4,4,1,4,4,2,13,2,37,2,9,1,1,7,9,1,10,1,11,,23,,1,22,9,121.6118441,25.0700039
112,1,19,10,40,2,04大安區,大安區仁愛路4段與復興南路1段口,0,0,1,1,B03,8,1,5,50,4,1,1,5,4,5,7,2,1,1,4,1,2,6,1,61,3,10,1,1,7,5,1,8,1,2,,,,1,22,9,121.5434717,25.0380141
112,1,19,10,40,2,04大安區,大安區仁愛路4段與復興南路1段口,0,0,1,2,H01,8,1,5,50,4,1,1,5,4,5,7,2,1,1,4,1,2,6,2,84,2,3,4,1,8,18,8,20,1,16,,,,1,22,9,121.5434717,25.0380141
112,1,19,10,43,2,12內湖區,內湖區潭美街與成功橋口下,0,0,1,2,C03,8,1,5,40,3,2,1,5,4,5,7,2,1,5,5,5,2,17,2,27,2,9,1,1,7,9,1,10,2,14,,23,,1,22,9,121.591712,25.06008835
112,1,19,10,43,2,12內湖區,內湖區潭美街與成功橋口下,0,0,1,1,B03,8,1,5,40,3,2,1,5,4,5,7,2,1,5,5,5,2,17,1,37,3,10,1,1,7,6,1,8,2,5,,9,,1,22,9,121.591712,25.06008835
112,1,19,10,57,2,06松山區,松山區南京東路5段325號,0,0,1,2,C04,8,1,5,50,14,9,1,5,4,5,7,4,4,3,4,5,2,16,1,46,2,9,1,1,7,9,1,10,1,14,,44,,1,22,9,121.5671266,25.0514066
112,1,19,10,57,2,06松山區,松山區南京東路5段325號,0,0,1,1,B02,8,1,5,50,14,9,1,5,4,5,7,4,4,3,4,5,2,16,1,64,3,10,1,1,7,6,1,8,1,2,,9,,1,22,9,121.5671266,25.0514066
112,1,19,11,10,2,01大同區,大同區承德路2段與錦西街口,0,0,1,1,C03,8,1,5,50,4,1,1,5,4,5,7,1,1,1,4,5,2,16,1,43,3,10,1,1,7,5,1,10,2,12,,8,,1,22,9,121.518291,25.0601914
112,1,19,11,10,2,01大同區,大同區承德路2段與錦西街口,0,0,1,2,C03,8,1,5,50,4,1,1,5,4,5,7,1,1,1,4,5,2,16,1,32,2,9,1,1,7,6,1,10,1,14,,9,,1,22,9,121.518291,25.0601914
112,1,19,11,10,2,10文山區,文山區萬和街(萬芳6號公園旁),0,0,1,1,C03,8,1,5,50,14,9,1,5,4,5,7,4,4,4,5,5,2,18,1,60,2,9,1,1,7,9,1,10,1,12,,43,,1,22,9,121.5691309,24.99897905
112,1,19,11,10,2,10文山區,文山區萬和街(萬芳6號公園旁),0,0,1,2,,8,1,5,50,14,9,1,5,4,5,7,4,4,4,5,5,2,18,3,0,,,,,,,,,,,,67,,1,,,121.5691309,24.99897905
112,1,19,11,11,2,02萬華區,萬華區貴陽街2段與貴陽街2段29巷口,0,0,1,2,B03,8,1,5,50,4,1,1,5,4,5,7,1,1,10,5,5,2,16,2,33,3,10,1,1,7,5,1,8,1,8,,6,,1,22,9,121.5054719,25.03953124
112,1,19,11,11,2,02萬華區,萬華區貴陽街2段與貴陽街2段29巷口,0,0,1,1,C03,8,1,5,50,4,1,1,5,4,5,7,1,1,10,5,5,2,16,1,36,2,9,1,1,7,15,1,10,1,14,,44,,1,22,9,121.5054719,25.03953124
112,1,19,11,16,2,12內湖區,內湖區民權大橋與行愛路口,0,0,1,2,C03,8,1,5,50,4,1,1,5,4,5,7,1,1,3,4,5,2,12,1,50,2,9,1,1,7,9,1,10,1,14,,44,,1,22,9,121.5784327,25.0666109
112,1,19,11,16,2,12內湖區,內湖區民權大橋與行愛路口,0,0,1,1,B03,8,1,5,50,4,1,1,5,4,5,7,1,1,3,4,5,2,12,2,35,3,10,1,1,7,6,1,8,1,2,,9,,1,22,9,121.5784327,25.0666109
112,1,19,11,30,2,05中正區,中正區汀州路1段與寧波西街口,0,0,2,1,C03,8,1,5,50,14,9,1,5,4,5,7,2,1,4,4,5,1,12,2,68,2,1,1,1,7,7,3,18,1,14,,7,,1,22,9,121.5109566,25.02708924
112,1,19,11,30,2,05中正區,中正區汀州路1段與寧波西街口,0,0,2,2,C03,8,1,5,50,14,9,1,5,4,5,7,2,1,4,4,5,1,12,1,26,2,9,1,1,7,9,1,10,1,12,,44,,1,22,9,121.5109566,25.02708924
112,1,19,11,30,2,05中正區,中正區汀州路1段與寧波西街口,0,0,2,3,H02,8,1,5,50,14,9,1,5,4,5,7,2,1,4,4,5,1,12,2,56,4,11,1,1,7,17,8,20,10,16,,67,,1,22,9,121.5109566,25.02708924
112,1,19,11,40,2,04大安區,大安區信義路2段198巷與永康街17巷口,0,0,1,1,C03,8,1,5,30,4,1,1,5,4,5,7,4,4,10,5,5,2,15,1,43,2,9,1,4,7,9,1,10,1,11,,6,,1,22,9,121.5307091,25.0323757
112,1,19,11,40,2,04大安區,大安區信義路2段198巷與永康街17巷口,0,0,1,2,B03,8,1,5,30,4,1,1,5,4,5,7,4,4,10,5,5,2,15,1,47,3,10,3,4,7,9,1,8,1,2,,14,,1,22,9,121.5307091,25.0323757
112,1,19,11,55,2,11南港區,南港區東新街170巷33號,0,0,2,2,C03,8,1,5,50,14,9,1,5,4,5,7,4,4,9,4,5,2,16,1,42,2,1,1,1,7,9,1,10,2,11,,23,,1,21,8,121.5934221,25.0411856
112,1,19,11,55,2,11南港區,南港區東新街170巷33號,0,0,2,1,C03,8,1,5,50,14,9,1,5,4,5,7,4,4,9,4,5,2,16,2,50,2,8,1,1,7,1,1,10,2,14,,42,,1,21,8,121.5934221,25.0411856
112,1,19,11,58,2,05中正區,中正區中山南路1段與仁愛路1段口,0,0,2,2,C03,8,1,5,50,5,2,1,5,4,5,7,2,1,1,4,5,2,12,2,18,2,9,1,1,7,9,1,10,1,14,,26,,1,16,5,121.5179271,25.0394625
112,1,19,11,58,2,05中正區,中正區中山南路1段與仁愛路1段口,0,0,2,4,H02,8,1,5,50,5,2,1,5,4,5,7,2,1,1,4,5,2,12,2,17,2,8,1,5,7,20,8,20,10,16,,67,,1,16,5,121.5179271,25.0394625
112,1,19,11,58,2,05中正區,中正區中山南路1段與仁愛路1段口,0,0,2,1,B03,8,1,5,50,5,2,1,5,4,5,7,2,1,1,4,5,2,12,1,42,4,11,3,4,7,15,7,19,11,15,,44,,2,22,9,121.5179271,25.0394625
112,1,19,11,58,2,05中正區,中正區中山南路1段與仁愛路1段口,0,0,2,3,C03,8,1,5,50,5,2,1,5,4,5,7,2,1,1,4,5,2,12,1,19,3,10,1,1,7,9,1,10,1,13,,13,,1,3,1,121.5179271,25.0394625
112,1,19,12,1,2,11南港區,南港區忠孝東路6段與玉成街口,0,0,1,1,C03,8,1,5,50,3,2,1,5,4,5,7,1,1,1,4,5,2,16,1,55,3,10,1,1,7,5,1,10,2,13,,26,,1,22,9,121.5831002,25.0459833
112,1,19,12,1,2,11南港區,南港區忠孝東路6段與玉成街口,0,0,1,2,C03,8,1,5,50,3,2,1,5,4,5,7,1,1,1,4,5,2,16,1,72,2,9,1,1,7,9,1,10,2,14,,44,,1,22,9,121.5831002,25.0459833
112,1,19,12,5,2,12內湖區,內湖區康寧路3段與康寧路3段16巷口,0,0,1,1,B12,8,1,5,50,4,1,1,5,4,5,7,1,1,1,5,5,2,17,1,41,3,10,1,1,7,5,1,8,1,1,,8,,1,22,9,121.6100264,25.07124506
112,1,19,12,5,2,12內湖區,內湖區康寧路3段與康寧路3段16巷口,0,0,1,2,C03,8,1,5,50,4,1,1,5,4,5,7,1,1,1,5,5,2,17,1,25,2,7,1,1,7,9,1,10,1,14,,44,,1,22,9,121.6100264,25.07124506
112,1,19,12,17,2,04大安區,大安區市民大道4段與復興南路1段口,0,0,2,1,C03,8,1,5,40,4,2,1,5,4,5,7,2,1,8,3,5,1,12,1,23,2,7,1,1,7,7,4,8,1,14,,7,,1,21,5,121.5440059,25.04475466
112,1,19,12,17,2,04大安區,大安區市民大道4段與復興南路1段口,0,0,2,3,H02,8,1,5,40,4,2,1,5,4,5,7,2,1,8,3,5,1,12,2,22,2,8,1,1,7,20,8,20,10,16,,67,,1,21,5,121.5440059,25.04475466
112,1,19,12,17,2,04大安區,大安區市民大道4段與復興南路1段口,0,0,2,2,B03,8,1,5,40,4,2,1,5,4,5,7,2,1,8,3,5,1,12,1,38,3,10,1,1,7,9,1,8,1,2,,44,,1,21,5,121.5440059,25.04475466
112,1,19,12,22,2,04大安區,大安區辛亥路3段15號,0,0,1,1,C03,8,1,5,50,14,9,1,5,4,5,7,4,4,1,4,5,2,17,1,31,2,8,3,4,7,4,1,10,1,14,,17,,1,22,9,121.5439762,25.02142165
112,1,19,12,22,2,04大安區,大安區辛亥路3段15號,0,0,1,2,B03,8,1,5,50,14,9,1,5,4,5,7,4,4,1,4,5,2,17,1,37,3,10,3,4,7,9,1,8,1,2,,44,,1,22,9,121.5439762,25.02142165