發生年度,發生月,發生日,發生時-Hours,發生分,處理別-編號,區序,肇事地點,死亡人數,2-30日死亡人數,受傷人數,當事人序號,車種,天候,光線,道路類別,速限-速度限制,道路型態,事故位置,路面狀況1,路面狀況2,路面狀況3,道路障礙1,道路障礙2,號誌1,號誌2,車道劃分-分向,車道劃分-分道1,車道劃分-分道2,車道劃分-分道3,事故類型及型態,性別,年齡,受傷程度,主要傷處,保護裝置,行動電話,車輛用途,當事者行動狀態,駕駛資格情形,駕駛執照種類,飲酒情形,車輛撞擊部位1,車輛撞擊部位2,肇因碼-個別,肇因碼-主要,個人肇逃否,職業,旅次目的,座標-X,座標-Y
112,1,20,16,30,2,12內湖區,內湖區新湖一路與舊宗路1段口,0,0,1,2,B03,8,1,5,50,4,1,1,5,4,5,7,1,1,1,3,5,1,17,1,44,3,10,3,4,7,5,1,8,1,2,,6,,1,22,9,121.5789859,25.0598147
112,1,20,16,45,2,09北投區,北投區珠海路159號對面（101號停車格）,0,0,1,1,B03,8,1,5,50,14,9,1,5,4,5,7,4,4,9,4,5,2,17,1,33,3,10,3,4,7,14,1,8,1,8,,40,,1,22,9,121.5141742,25.1430889
112,1,20,16,45,2,09北投區,北投區珠海路159號對面（101號停車格）,0,0,1,2,C03,8,1,5,50,14,9,1,5,4,5,7,4,4,9,4,5,2,17,1,69,2,9,3,4,7,5,1,10,1,12,,44,,1,22,9,121.5141742,25.1430889
112,1,20,17,34,2,03中山區,中山區中山北路3段往南過酒泉街第2支燈桿處,0,0,2,1,C03,8,3,5,50,14,8,1,5,4,5,7,4,4,4,4,1,2,12,1,42,4,11,3,4,7,15,7,19,11,15,,23,,2,22,9,121.5232061,25.07017139
112,1,20,17,34,2,03中山區,中山區中山北路3段往南過酒泉街第2支燈桿處,0,0,2,2,C03,8,3,5,50,14,8,1,5,4,5,7,4,4,4,4,1,2,12,2,54,2,9,1,1,7,9,1,10,1,14,12,44,,1,22,9,121.5232061,25.07017139
112,1,20,17,34,2,03中山區,中山區中山北路3段往南過酒泉街第2支燈桿處,0,0,2,3,C03,8,3,5,50,14,8,1,5,4,5,7,4,4,4,4,1,2,12,1,47,2,8,1,1,7,9,1,10,1,12,,44,,1,22,9,121.5232061,25.07017139
112,1,20,17,35,2,01大同區,大同區西寧北路燈桿旁,0,0,1,1,B03,7,3,5,50,14,9,1,5,4,5,7,4,4,5,4,5,2,16,1,36,3,10,1,1,7,11,1,8,1,4,,10,,1,22,9,121.5080417,25.04995486
112,1,20,17,35,2,01大同區,大同區西寧北路燈桿旁,0,0,1,2,C03,7,3,5,50,14,9,1,5,4,5,7,4,4,5,4,5,2,16,1,22,2,9,1,1,7,9,1,10,1,11,,44,,1,22,9,121.5080417,25.04995486
112,1,20,18,16,2,03中山區,中山區民族東路與濱江街180巷口,0,0,1,1,B03,7,3,5,40,4,1,1,5,4,5,7,1,1,1,4,4,2,17,1,24,4,11,3,4,7,6,7,19,11,15,,9,,2,22,9,121.5380813,25.0682314
112,1,20,18,16,2,03中山區,中山區民族東路與濱江街180巷口,0,0,1,2,C03,7,3,5,40,4,1,1,5,4,5,7,1,1,1,4,4,2,17,1,19,2,9,1,1,7,9,1,10,1,14,,13,,1,22,9,121.5380813,25.0682314
112,1,20,18,24,2,05中正區,中正區延平南路與衡陽路口,0,0,1,1,B03,7,3,5,50,4,1,1,5,4,5,7,1,1,10,4,5,2,16,1,46,3,10,1,1,7,5,1,7,2,8,,8,,1,22,9,121.5095986,25.042182
112,1,20,18,24,2,05中正區,中正區延平南路與衡陽路口,0,0,1,2,C03,7,3,5,50,4,1,1,5,4,5,7,1,1,10,4,5,2,16,1,39,2,9,1,1,7,9,3,18,2,11,,44,,1,22,9,121.5095986,25.042182
112,1,20,18,40,2,12內湖區,內湖區民權東路6段136巷與民權東路6段81巷口,0,0,2,3,H02,8,3,5,40,4,2,1,5,4,5,7,2,1,1,4,5,2,17,2,26,2,9,1,1,7,21,8,20,10,16,,67,,1,22,9,121.5877235,25.06912181
112,1,20,18,40,2,11南港區,南港區研究院路1段與富康街口,0,0,2,1,C03,7,3,5,50,4,2,1,5,4,5,7,1,1,9,5,5,2,3,1,62,2,9,1,1,7,9,1,10,1,11,,15,,1,22,9,121.615721,25.0452078
112,1,20,18,40,2,11南港區,南港區研究院路1段與富康街口,0,0,2,2,H01,7,3,5,50,4,2,1,5,4,5,7,1,1,9,5,5,2,3,1,43,2,9,4,5,8,18,8,20,10,15,,52,,1,22,9,121.615721,25.0452078
112,1,20,18,40,2,12內湖區,內湖區民權東路6段136巷與民權東路6段81巷口,0,0,2,1,C03,8,3,5,40,4,2,1,5,4,5,7,2,1,1,4,5,2,17,1,27,2,9,1,1,7,9,1,10,1,11,,23,,1,22,9,121.5877235,25.06912181
112,1,20,18,40,2,12內湖區,內湖區民權東路6段136巷與民權東路6段81巷口,0,0,2,2,B01,8,3,5,40,4,2,1,5,4,5,7,2,1,1,4,5,2,17,1,65,3,10,1,1,7,14,1,4,1,7,,38,,1,22,9,121.5877235,25.06912181
112,1,20,18,49,2,09北投區,北投區富貴一路與榮華三路口,0,0,1,1,B03,7,3,5,30,4,1,1,5,4,3,7,4,4,10,5,5,2,17,2,31,3,10,1,1,7,9,1,8,1,15,,6,,1,22,9,121.523888,25.1137543
112,1,20,18,49,2,09北投區,北投區富貴一路與榮華三路口,0,0,1,2,C03,7,3,5,30,4,1,1,5,4,3,7,4,4,10,5,5,2,17,1,26,2,8,1,1,7,9,1,10,1,14,,13,,1,22,9,121.523888,25.1137543
112,1,20,18,49,2,09北投區,北投區富貴一路與榮華三路口,0,0,1,3,A11,7,3,5,30,4,1,1,5,4,3,7,4,4,10,5,5,2,17,1,53,3,10,1,1,7,14,1,3,1,15,,38,,1,22,9,121.523888,25.1137543
112,1,20,18,57,2,07信義區,信義區吳興街281巷25號,0,0,1,2,H01,7,3,5,50,14,9,1,5,4,5,7,4,4,9,5,5,2,9,1,32,2,9,4,5,8,16,8,20,10,16,,54,,1,22,9,121.5650464,25.026524
112,1,20,18,57,2,07信義區,信義區吳興街281巷25號,0,0,1,1,B03,7,3,5,50,14,9,1,5,4,5,7,4,4,9,5,5,2,9,2,72,3,10,3,4,7,9,3,18,1,5,,23,,1,22,9,121.5650464,25.026524
112,1,20,19,35,2,07信義區,信義區信安街與嘉興街181巷口,0,0,1,1,C03,8,3,5,50,4,1,1,5,4,5,7,2,1,4,3,5,1,11,1,36,3,10,1,1,7,5,1,10,1,12,,6,,1,22,9,121.5574409,25.0260641
112,1,20,19,35,2,07信義區,信義區信安街與嘉興街181巷口,0,0,1,2,F01,8,3,5,50,4,1,1,5,4,5,7,2,1,4,3,5,1,11,2,58,2,9,2,1,7,9,8,20,1,16,,27,,1,22,9,121.5574409,25.0260641
112,1,20,19,50,2,05中正區,中正區重慶南路1段1-2號,0,0,1,2,C03,8,3,5,50,14,9,1,5,4,5,7,4,4,10,4,5,2,17,2,45,2,9,1,1,7,7,1,10,2,13,,44,,1,22,9,121.5133045,25.0465473
112,1,20,19,50,2,05中正區,中正區重慶南路1段1-2號,0,0,1,1,B03,8,3,5,50,14,9,1,5,4,5,7,4,4,10,4,5,2,17,1,45,3,10,1,1,7,9,1,8,2,5,,16,,1,22,9,121.5133045,25.0465473
112,1,20,20,11,2,08士林區,士林區仰德大道2段第101號燈桿,0,0,1,1,C02,7,3,5,40,14,9,1,5,4,5,7,4,4,4,5,5,1,17,1,32,2,9,1,1,7,9,4,10,9,11,,23,,1,21,8,121.548614,25.11054898
112,1,20,20,11,2,08士林區,士林區仰德大道2段第101號燈桿,0,0,1,2,B02,7,3,5,40,14,9,1,5,4,5,7,4,4,4,5,5,1,17,1,63,3,10,1,1,7,14,1,8,2,6,,44,,1,21,8,121.548614,25.11054898
112,1,20,20,20,2,10文山區,文山區新光路1段與新光路1段159巷口,0,0,1,2,B01,8,3,5,50,3,2,1,5,4,5,7,2,1,9,4,4,1,16,1,63,3,10,1,1,7,9,1,4,2,1,,23,,1,22,9,121.5737853,24.992634
112,1,20,20,20,2,10文山區,文山區新光路1段與新光路1段159巷口,0,0,1,1,C04,8,3,5,50,3,2,1,5,4,5,7,2,1,9,4,4,1,16,1,20,2,9,1,1,7,5,1,11,2,11,,6,,1,22,9,121.5737853,24.992634
112,1,20,21,21,2,03中山區,中山區南京東路3段與復興北路口,0,0,2,2,C03,7,3,5,50,4,2,1,5,4,5,7,1,1,3,4,4,2,12,1,27,3,10,1,1,7,9,1,10,1,12,,44,,1,22,9,121.5438245,25.05179457
112,1,20,21,21,2,03中山區,中山區南京東路3段與復興北路口,0,0,2,3,H02,7,3,5,50,4,2,1,5,4,5,7,1,1,3,4,4,2,12,2,56,2,8,4,5,7,20,8,20,10,16,,67,,1,22,9,121.5438245,25.05179457
112,1,20,21,21,2,03中山區,中山區南京東路3段與復興北路口,0,0,2,1,C03,7,3,5,50,4,2,1,5,4,5,7,1,1,3,4,4,2,12,1,58,2,8,1,1,7,7,1,10,1,14,,7,,1,22,9,121.5438245,25.05179457
112,1,20,21,58,2,10文山區,文山區興隆路2段與興隆路1段271巷4弄口,0,0,3,1,C03,8,3,5,50,3,1,1,5,4,5,7,4,4,1,4,5,2,16,1,17,2,9,1,1,7,6,2,18,1,12,,6,,1,22,9,121.5453207,24.99874805
112,1,20,21,58,2,10文山區,文山區興隆路2段與興隆路1段271巷4弄口,0,0,3,2,C03,8,3,5,50,3,1,1,5,4,5,7,4,4,1,4,5,2,16,2,21,2,9,1,1,7,9,1,10,1,14,,44,,1,22,9,121.5453207,24.99874805
112,1,20,21,58,2,10文山區,文山區興隆路2段與興隆路1段271巷4弄口,0,0,3,3,H02,8,3,5,50,3,1,1,5,4,5,7,4,4,1,4,5,2,16,2,21,2,9,1,1,7,20,8,20,10,16,,67,,1,22,9,121.5453207,24.99874805
112,1,20,23,30,2,05中正區,中正區忠孝西路1段與館前路口,0,0,2,1,B12,8,3,5,50,4,1,1,5,4,5,7,2,1,3,4,5,2,16,1,18,3,10,1,1,7,5,1,8,2,6,,25,,1,22,9,121.5150413,25.04689568
112,1,20,23,30,2,05中正區,中正區忠孝西路1段與館前路口,0,0,2,2,C03,8,3,5,50,4,1,1,5,4,5,7,2,1,3,4,5,2,16,1,25,2,9,1,1,7,9,1,10,2,11,,26,,1,22,9,121.5150413,25.04689568
112,1,20,23,30,2,05中正區,中正區忠孝西路1段與館前路口,0,0,2,3,H02,8,3,5,50,4,1,1,5,4,5,7,2,1,3,4,5,2,16,1,25,2,9,4,5,7,20,8,20,10,16,,67,,1,22,9,121.5150413,25.04689568
112,1,21,0,50,2,07信義區,信義區福德街221巷17號對面,0,0,1,2,,8,3,5,30,14,9,1,5,4,5,7,4,4,10,5,5,2,18,3,0,,,,,,,,,,,,67,,1,,,121.584916,25.03357491
112,1,21,0,50,2,07信義區,信義區福德街221巷17號對面,0,0,1,1,C03,8,3,5,30,14,9,1,5,4,5,7,4,4,10,5,5,2,18,1,68,2,9,1,1,7,9,1,10,7,14,,21,,1,22,9,121.584916,25.03357491
112,1,21,1,3,2,03中山區,中山區民權東路3段與建國北路2段口,0,0,2,1,C03,7,3,5,50,14,9,1,5,4,5,7,2,1,1,4,5,2,13,2,19,2,9,1,1,7,9,1,10,1,11,,23,,1,22,9,121.5370136,25.062319
112,1,21,1,3,2,03中山區,中山區民權東路3段與建國北路2段口,0,0,2,2,C03,7,3,5,50,14,9,1,5,4,5,7,2,1,1,4,5,2,13,1,23,2,9,1,1,7,9,1,10,1,13,,44,,1,22,9,121.5370136,25.062319
112,1,21,1,27,2,05中正區,中正區中山南路與仁愛路1段口,0,0,1,1,B01,8,3,5,50,5,1,1,5,4,5,7,1,1,1,4,5,2,12,1,64,3,10,1,1,7,9,1,2,2,2,,17,,1,22,9,121.5179424,25.0394363
112,1,21,1,27,2,05中正區,中正區中山南路與仁愛路1段口,0,0,1,2,C03,8,3,5,50,5,1,1,5,4,5,7,1,1,1,4,5,2,12,1,32,2,9,1,1,7,15,1,10,2,14,,17,,1,22,9,121.5179424,25.0394363
112,1,21,3,33,2,04大安區,大安區基隆路2段291巷25號,0,0,1,4,B12,7,3,5,30,14,9,1,5,4,5,7,4,4,10,5,5,2,17,1,68,3,10,3,4,7,13,1,7,11,1,,44,,1,22,9,121.5503283,25.0206734
112,1,21,3,33,2,04大安區,大安區基隆路2段291巷25號,0,0,1,2,B03,7,3,5,30,14,9,1,5,4,5,7,4,4,10,5,5,2,17,1,46,3,10,3,4,7,13,1,8,11,4,,44,,1,22,9,121.5503283,25.0206734
112,1,21,3,33,2,04大安區,大安區基隆路2段291巷25號,0,0,1,3,B03,7,3,5,30,14,9,1,5,4,5,7,4,4,10,5,5,2,17,1,48,3,10,3,4,7,13,1,8,11,8,,44,,1,22,9,121.5503283,25.0206734
112,1,21,3,33,2,04大安區,大安區基隆路2段291巷25號,0,0,1,1,B03,7,3,5,30,14,9,1,5,4,5,7,4,4,10,5,5,2,17,1,27,2,7,3,4,7,9,1,8,4,1,,23,,1,22,9,121.5503283,25.0206734
112,1,21,6,20,2,03中山區,中山區民族東路與松江路口,0,0,1,2,B03,6,1,5,50,5,1,1,4,4,5,7,1,1,1,4,5,2,16,1,22,3,10,1,1,7,9,1,8,2,1,,44,,1,22,9,121.5335301,25.06828935
112,1,21,6,20,2,03中山區,中山區民族東路與松江路口,0,0,1,1,C03,6,1,5,50,5,1,1,4,4,5,7,1,1,1,4,5,2,16,1,24,2,9,1,1,7,9,1,10,2,12,,23,,1,22,9,121.5335301,25.06828935
112,1,21,8,21,2,05中正區,中正區鄭州路與承德路1段口,0,0,2,1,C03,6,1,5,40,5,1,1,4,4,5,7,2,1,1,4,5,2,15,2,41,2,8,1,1,7,9,1,10,2,14,,25,,1,21,1,121.5164374,25.0486823
112,1,21,8,21,2,05中正區,中正區鄭州路與承德路1段口,0,0,2,2,C03,6,1,5,40,5,1,1,4,4,5,7,2,1,1,4,5,2,15,1,29,2,9,1,1,7,9,1,10,2,12,,13,,1,5,1,121.5164374,25.0486823
112,1,21,10,15,2,03中山區,中山區中原街與民權東路2段口,0,0,1,2,B01,6,1,5,50,4,2,1,4,4,5,7,1,1,1,4,5,1,15,1,48,3,10,1,1,7,9,1,4,1,7,,44,,1,22,9,121.5289692,25.0626746
112,1,21,10,15,2,03中山區,中山區中原街與民權東路2段口,0,0,1,1,C03,6,1,5,50,4,2,1,4,4,5,7,1,1,1,4,5,1,15,2,65,2,7,1,1,7,9,4,11,1,11,,25,,1,22,9,121.5289692,25.0626746
112,1,21,10,35,2,11南港區,南港區松河街與重陽路265巷口,0,0,3,1,C03,7,1,5,50,14,9,1,5,4,5,7,4,4,9,5,5,2,12,1,37,2,8,1,1,7,10,6,18,2,12,,7,,1,21,8,121.6055498,25.0588495
112,1,21,10,35,2,11南港區,南港區松河街與重陽路265巷口,0,0,3,2,C03,7,1,5,50,14,9,1,5,4,5,7,4,4,9,5,5,2,12,2,45,2,7,1,1,7,9,1,10,2,11,,44,,1,21,8,121.6055498,25.0588495
112,1,21,10,35,2,11南港區,南港區松河街與重陽路265巷口,0,0,3,3,H02,7,1,5,50,14,9,1,5,4,5,7,4,4,9,5,5,2,12,1,13,2,8,1,5,7,20,8,20,10,16,,67,,1,21,8,121.6055498,25.0588495
112,1,21,10,45,2,12內湖區,內湖區成功路4段61巷與成功路4段口,0,0,2,1,C03,7,1,5,50,4,1,1,5,4,5,7,1,1,1,4,4,2,12,1,20,2,9,1,1,7,9,1,10,1,12,,26,,1,22,9,121.5923869,25.0821834
112,1,21,10,45,2,12內湖區,內湖區成功路4段61巷與成功路4段口,0,0,2,2,B03,7,1,5,50,4,1,1,5,4,5,7,1,1,1,4,4,2,12,1,63,3,10,1,1,7,5,1,8,1,5,,8,,1,22,9,121.5923869,25.0821834
112,1,21,10,45,2,12內湖區,內湖區成功路4段61巷與成功路4段口,0,0,2,3,H02,7,1,5,50,4,1,1,5,4,5,7,1,1,1,4,4,2,12,2,17,2,9,1,5,7,20,8,20,10,16,,67,,1,22,9,121.5923869,25.0821834
112,1,21,11,3,2,02萬華區,萬華區艋舺大道與西園路2段11巷口,0,0,1,1,B03,6,1,5,50,3,2,1,4,4,5,7,4,4,5,5,5,2,16,1,39,3,10,1,1,7,11,1,8,1,4,,10,,1,22,9,121.4989399,25.03274201
112,1,21,11,3,2,02萬華區,萬華區艋舺大道與西園路2段11巷口,0,0,1,2,C03,6,1,5,50,3,2,1,4,4,5,7,4,4,5,5,5,2,16,2,56,2,9,1,1,7,9,1,10,1,11,,44,,1,22,9,121.4989399,25.03274201
112,1,21,11,7,2,12內湖區,內湖區民權東路6段174巷與民權東路6段口,0,0,1,1,B02,6,1,5,50,14,9,1,4,4,5,7,4,4,3,4,5,2,17,1,38,3,10,1,1,7,6,1,8,1,2,,9,,1,22,9,121.5920077,25.06883659
112,1,21,11,7,2,12內湖區,內湖區民權東路6段174巷與民權東路6段口,0,0,1,2,C03,6,1,5,50,14,9,1,4,4,5,7,4,4,3,4,5,2,17,2,26,2,9,1,1,7,9,1,10,1,11,,44,,1,22,9,121.5920077,25.06883659
112,1,21,11,22,2,10文山區,文山區忠順街1段與忠順街1段9巷口,0,0,1,1,A12,7,1,5,50,14,9,1,2,4,5,7,4,4,7,2,5,2,17,1,57,3,10,1,1,7,9,1,3,9,15,,42,,1,22,9,121.5570157,24.98356493
112,1,21,11,22,2,10文山區,文山區忠順街1段與忠順街1段9巷口,0,0,1,2,C03,7,1,5,50,14,9,1,2,4,5,7,4,4,7,2,5,2,17,1,75,2,9,1,1,7,5,1,10,9,14,,44,,1,22,9,121.5570157,24.98356493
112,1,21,11,53,2,01大同區,大同區延平北路4段15號,0,0,2,1,C03,6,1,5,50,14,9,1,4,4,5,7,4,4,9,4,5,1,16,1,74,2,9,3,4,7,1,1,10,1,14,,19,,1,22,9,121.5108892,25.06925356
112,1,21,11,53,2,01大同區,大同區延平北路4段15號,0,0,2,2,C03,6,1,5,50,14,9,1,4,4,5,7,4,4,9,4,5,1,16,2,46,2,9,3,4,7,9,1,10,1,11,,44,,1,22,9,121.5108892,25.06925356
112,1,21,12,5,2,03中山區,中山區龍江路179巷10號,0,0,1,2,H01,6,1,5,30,14,9,1,4,4,5,7,4,4,10,5,5,2,2,2,72,2,9,4,5,8,16,8,20,10,16,,67,,1,22,9,121.5407451,25.05514571
112,1,21,12,5,2,03中山區,中山區龍江路179巷10號,0,0,1,1,B03,6,1,5,30,14,9,1,4,4,5,7,4,4,10,5,5,2,2,2,59,4,11,3,4,7,15,7,19,11,15,,23,,2,22,9,121.5407451,25.05514571
112,1,21,12,41,2,08士林區,士林區中山北路7段190巷與中山北路7段232巷口,0,0,1,1,C03,8,1,8,30,15,22,1,5,4,5,7,1,1,9,5,5,2,17,1,44,2,9,1,1,7,9,1,10,1,11,,23,,1,22,9,121.5351743,25.12585201
112,1,21,12,41,2,08士林區,士林區中山北路7段190巷與中山北路7段232巷口,0,0,1,2,B12,8,1,8,30,15,22,1,5,4,5,7,1,1,9,5,5,2,17,1,22,3,10,1,1,7,5,1,8,1,4,,8,,1,22,9,121.5351743,25.12585201
112,1,21,13,5,2,04大安區,大安區仁愛路4段91巷與仁愛路4段71巷口,0,0,1,1,C03,6,1,5,30,4,1,1,4,4,5,7,4,4,10,5,5,2,15,1,34,2,9,2,1,7,9,1,10,1,11,,14,,1,22,9,121.5470456,25.0385835
112,1,21,13,5,2,04大安區,大安區仁愛路4段91巷與仁愛路4段71巷口,0,0,1,2,B03,6,1,5,30,4,1,1,4,4,5,7,4,4,10,5,5,2,15,1,37,3,10,1,1,7,9,1,8,1,4,,6,,1,22,9,121.5470456,25.0385835
112,1,21,13,11,2,03中山區,中山區南京東路1段92號,0,0,1,1,B03,7,1,5,40,14,9,1,4,4,5,7,4,4,1,4,4,2,17,1,59,3,10,3,4,7,1,1,8,2,15,,19,,1,22,9,121.5258891,25.0520257
112,1,21,13,11,2,03中山區,中山區南京東路1段92號,0,0,1,2,C03,7,1,5,40,14,9,1,4,4,5,7,4,4,1,4,4,2,17,1,56,2,9,1,1,7,9,1,10,2,14,,44,,1,22,9,121.5258891,25.0520257
112,1,21,14,16,2,09北投區,北投區石牌路2段181號,0,0,1,1,B01,7,1,5,50,14,9,1,5,4,5,7,4,4,5,2,5,2,16,1,59,3,10,1,1,7,8,1,4,2,5,,7,,1,22,9,121.5184109,25.11860705
112,1,21,14,16,2,09北投區,北投區石牌路2段181號,0,0,1,2,C03,7,1,5,50,14,9,1,5,4,5,7,4,4,5,2,5,2,16,1,67,2,9,1,1,7,9,1,10,2,14,,44,,1,22,9,121.5184109,25.11860705
112,1,21,14,40,2,03中山區,中山區中山北路2段與民生西路口,0,0,1,1,B01,8,1,5,50,4,2,1,5,4,5,7,1,1,4,4,5,2,16,1,65,3,10,3,4,7,9,1,4,1,2,,23,,1,22,9,121.5227581,25.0581088
112,1,21,14,40,2,03中山區,中山區中山北路2段與民生西路口,0,0,1,2,C03,8,1,5,50,4,2,1,5,4,5,7,1,1,4,4,5,2,16,2,57,2,9,1,4,7,9,1,10,1,14,,44,,1,22,9,121.5227581,25.0581088
112,1,21,14,40,2,12內湖區,內湖區內湖路2段175號,0,0,1,1,B12,8,1,5,0,14,9,1,5,4,5,7,4,4,9,5,5,2,17,1,30,4,11,3,4,7,11,7,19,11,15,,10,,2,22,9,121.5859299,25.08099063
112,1,21,14,40,2,12內湖區,內湖區內湖路2段175號,0,0,1,3,B01,8,1,5,0,14,9,1,5,4,5,7,4,4,9,5,5,2,17,1,65,3,10,3,4,7,13,1,4,2,6,,38,,1,22,9,121.5859299,25.08099063
112,1,21,14,40,2,12內湖區,內湖區內湖路2段175號,0,0,1,2,C03,8,1,5,0,14,9,1,5,4,5,7,4,4,9,5,5,2,17,1,23,2,9,1,1,7,9,1,10,2,11,,13,,1,22,9,121.5859299,25.08099063
112,1,21,14,45,2,09北投區,北投區復興四路101號與復興四路口,0,0,2,1,B03,8,1,5,50,3,1,1,5,4,5,7,4,4,9,4,5,2,11,1,38,3,10,3,4,7,11,1,8,2,8,,4,,1,22,9,121.501719,25.14382079
112,1,21,14,45,2,09北投區,北投區復興四路101號與復興四路口,0,0,2,3,H02,8,1,5,50,3,1,1,5,4,5,7,4,4,9,4,5,2,11,2,22,2,9,4,5,7,20,8,20,10,16,,67,,1,22,9,121.501719,25.14382079
112,1,21,14,45,2,09北投區,北投區復興四路101號與復興四路口,0,0,2,2,C03,8,1,5,50,3,1,1,5,4,5,7,4,4,9,4,5,2,11,1,50,2,9,3,4,7,9,1,9,2,11,,44,,1,22,9,121.501719,25.14382079
112,1,21,15,50,2,01大同區,大同區重慶北路2段與民生西路口,0,0,1,2,F01,8,1,5,50,4,1,1,5,4,5,7,2,1,5,4,5,2,16,1,66,2,8,3,4,7,11,8,20,1,16,,26,,1,22,9,121.5138523,25.05702912
112,1,21,15,50,2,01大同區,大同區重慶北路2段與民生西路口,0,0,1,1,B03,8,1,5,50,4,1,1,5,4,5,7,2,1,5,4,5,2,16,1,35,3,10,1,1,7,5,1,8,1,1,,8,,1,22,9,121.5138523,25.05702912
112,1,21,16,8,2,08士林區,士林區延平北路5段與延平北路5段244巷口,0,0,3,1,C03,8,1,5,50,3,1,1,5,4,5,7,2,1,1,4,5,1,16,1,50,2,9,1,1,7,7,1,10,1,14,,7,,1,21,8,121.5098323,25.0844912
112,1,21,16,8,2,08士林區,士林區延平北路5段與延平北路5段244巷口,0,0,3,2,C03,8,1,5,50,3,1,1,5,4,5,7,2,1,1,4,5,1,16,2,29,2,9,1,1,7,9,1,10,1,12,,44,,1,21,8,121.5098323,25.0844912
112,1,21,16,8,2,08士林區,士林區延平北路5段與延平北路5段244巷口,0,0,3,3,H02,8,1,5,50,3,1,1,5,4,5,7,2,1,1,4,5,1,16,2,60,2,9,1,5,7,17,8,20,10,16,,67,,1,21,8,121.5098323,25.0844912
112,1,21,16,13,2,11南港區,南港區興中路與南港路1段287巷2弄口,0,0,1,2,B03,8,1,5,50,3,2,1,4,4,5,7,4,4,5,4,5,2,3,1,23,3,10,1,1,7,9,1,8,2,8,,23,,1,22,9,121.6076192,25.0540237
112,1,21,16,13,2,11南港區,南港區興中路與南港路1段287巷2弄口,0,0,1,1,H01,8,1,5,50,3,2,1,4,4,5,7,4,4,5,4,5,2,3,2,29,2,9,4,5,8,18,8,20,10,16,,51,,1,22,9,121.6076192,25.0540237
112,1,21,17,55,1,05中正區,中正區羅斯福路2段與和平西路1段口,1,0,1,2,H01,8,3,5,50,4,2,1,5,4,5,7,1,1,1,4,5,2,3,1,80,1,9,4,5,8,18,8,20,10,16,,52,,1,22,9,121.5221581,25.0272515
112,1,21,17,55,1,05中正區,中正區羅斯福路2段與和平西路1段口,1,0,1,1,C03,8,3,5,50,4,2,1,5,4,5,7,1,1,1,4,5,2,3,2,20,2,9,1,1,7,9,1,10,2,11,,23,,1,22,9,121.5221581,25.0272515
112,1,21,20,58,2,03中山區,中山區北安路與劍南路口,0,0,3,3,C03,8,3,5,40,14,9,1,5,4,5,7,1,1,1,3,4,1,12,2,40,2,9,3,4,7,9,1,10,2,14,,44,,1,22,9,121.5537695,25.0854976
112,1,21,20,58,2,03中山區,中山區北安路與劍南路口,0,0,3,2,C03,8,3,5,40,14,9,1,5,4,5,7,1,1,1,3,4,1,12,1,37,2,9,3,4,7,9,1,10,2,12,,17,,1,22,9,121.5537695,25.0854976
112,1,21,20,58,2,03中山區,中山區北安路與劍南路口,0,0,3,1,C03,8,3,5,40,14,9,1,5,4,5,7,1,1,1,3,4,1,12,1,33,2,9,3,4,7,9,1,10,2,12,,43,,1,22,9,121.5537695,25.0854976
112,1,21,21,27,2,02萬華區,萬華區環河南路2段145-1號,0,0,1,2,B03,7,3,5,30,14,9,1,5,4,5,7,4,4,10,5,5,2,17,1,27,3,10,1,1,7,9,1,8,1,8,,23,,1,22,9,121.4932285,25.03390096
112,1,21,21,27,2,02萬華區,萬華區環河南路2段145-1號,0,0,1,1,C03,7,3,5,30,14,9,1,5,4,5,7,4,4,10,5,5,2,17,1,38,2,8,1,1,7,1,1,10,1,12,,19,,1,22,9,121.4932285,25.03390096
112,1,21,22,0,2,08士林區,士林區葫蘆街40巷與葫蘆街口,0,0,1,1,B03,8,3,5,30,4,2,1,5,4,5,7,4,4,10,5,5,2,9,1,29,3,10,1,1,7,2,1,8,1,3,,12,,1,22,9,121.5095393,25.0801353
112,1,21,22,0,2,08士林區,士林區葫蘆街40巷與葫蘆街口,0,0,1,2,H01,8,3,5,30,4,2,1,5,4,5,7,4,4,10,5,5,2,9,1,65,2,8,4,5,8,16,8,20,10,16,,67,,1,22,9,121.5095393,25.0801353
112,1,21,23,45,2,09北投區,北投區光明路與溫泉路37巷口,0,0,2,2,C03,7,1,5,50,3,1,1,5,4,5,7,1,1,9,4,5,2,11,1,63,2,8,1,1,7,5,6,18,1,11,,44,,1,22,9,121.5024036,25.1344256
112,1,21,23,45,2,09北投區,北投區光明路與溫泉路37巷口,0,0,2,3,H02,7,1,5,50,3,1,1,5,4,5,7,1,1,9,4,5,2,11,2,62,2,8,4,5,7,20,8,20,10,15,,67,,1,22,9,121.5024036,25.1344256
112,1,21,23,45,2,09北投區,北投區光明路與溫泉路37巷口,0,0,2,1,B03,7,1,5,50,3,1,1,5,4,5,7,1,1,9,4,5,2,11,1,43,3,10,1,1,7,1,1,8,1,8,,19,,1,22,9,121.5024036,25.1344256
112,1,22,5,31,2,10文山區,文山區辛亥路4段100號對面,0,0,1,2,B03,8,3,5,50,11,9,1,5,4,5,7,4,4,1,4,5,2,17,1,45,3,10,1,1,7,9,1,8,2,1,,13,,1,22,9,121.5578083,25.00584936
112,1,22,5,31,2,10文山區,文山區辛亥路4段100號對面,0,0,1,1,C03,8,3,5,50,11,9,1,5,4,5,7,4,4,1,4,5,2,17,1,48,2,9,1,1,7,9,1,10,2,14,,23,,1,22,9,121.5578083,25.00584936