發生年度,發生月,發生日,發生時-Hours,發生分,處理別-編號,區序,肇事地點,死亡人數,2-30日死亡人數,受傷人數,當事人序號,車種,天候,光線,道路類別,速限-速度限制,道路型態,事故位置,路面狀況1,路面狀況2,路面狀況3,道路障礙1,道路障礙2,號誌1,號誌2,車道劃分-分向,車道劃分-分道1,車道劃分-分道2,車道劃分-分道3,事故類型及型態,性別,年齡,受傷程度,主要傷處,保護裝置,行動電話,車輛用途,當事者行動狀態,駕駛資格情形,駕駛執照種類,飲酒情形,車輛撞擊部位1,車輛撞擊部位2,肇因碼-個別,肇因碼-主要,個人肇逃否,職業,旅次目的,座標-X,座標-Y
112,1,23,16,33,2,02萬華區,萬華區康定路與康定路25巷口,0,0,1,2,C03,7,1,5,50,4,1,1,5,4,5,7,4,4,8,3,5,1,16,1,58,2,9,3,4,7,9,1,10,1,12,,44,,1,22,9,121.5027806,25.0440477
112,1,23,16,38,2,01大同區,大同區承德路3段與民族西路口,0,0,1,1,B03,7,1,5,50,4,1,1,5,4,5,7,2,1,1,4,5,2,11,2,42,3,10,3,4,7,5,1,8,2,2,,6,,1,22,9,121.5184116,25.06846097
112,1,23,16,38,2,01大同區,大同區承德路3段與民族西路口,0,0,1,2,C03,7,1,5,50,4,1,1,5,4,5,7,2,1,1,4,5,2,11,1,41,2,9,3,4,7,9,1,10,2,11,,23,,1,22,9,121.5184116,25.06846097
112,1,23,19,2,2,07信義區,信義區忠孝東路5段790巷57弄與忠孝東路5段790巷口,0,0,1,1,B01,7,3,5,30,4,1,1,5,4,5,7,4,4,10,5,5,2,15,1,58,3,10,3,4,7,9,1,4,2,1,,6,,1,22,9,121.5834271,25.04069335
112,1,23,19,2,2,07信義區,信義區忠孝東路5段790巷57弄與忠孝東路5段790巷口,0,0,1,2,C03,7,3,5,30,4,1,1,5,4,5,7,4,4,10,5,5,2,15,1,18,2,9,1,1,7,9,1,10,2,12,,14,,1,22,9,121.5834271,25.04069335
112,1,23,19,5,2,04大安區,大安區延吉街與光復南路280巷口口,0,0,1,1,C03,8,3,5,50,4,2,1,5,4,5,7,4,4,5,5,5,2,3,1,43,3,10,1,1,7,9,1,10,2,11,,23,,1,22,9,121.5549333,25.0397491
112,1,23,19,5,2,04大安區,大安區延吉街與光復南路280巷口口,0,0,1,2,H01,8,3,5,50,4,2,1,5,4,5,7,4,4,5,5,5,2,3,2,73,2,7,4,5,8,16,8,20,10,16,,51,,1,22,9,121.5549333,25.0397491
112,1,23,21,30,2,10文山區,文山區福興路106巷28弄與福興路82巷口,0,0,1,2,C03,8,3,5,30,3,1,1,5,4,5,7,4,4,10,5,5,2,17,1,21,2,9,1,1,7,9,1,10,1,14,,13,,1,22,9,121.5501688,25.0056131
112,1,23,21,30,2,10文山區,文山區福興路106巷28弄與福興路82巷口,0,0,1,1,B03,8,3,5,30,3,1,1,5,4,5,7,4,4,10,5,5,2,17,1,46,3,10,1,1,7,5,1,8,1,8,,6,,1,22,9,121.5501688,25.0056131
112,1,23,21,48,2,10文山區,文山區新光路1段160號前,0,0,1,1,C03,8,3,5,50,14,7,1,5,4,5,7,2,1,9,4,4,2,13,1,28,2,9,1,1,7,9,6,10,1,11,,23,,1,22,9,121.5737188,24.99265203
112,1,23,21,48,2,10文山區,文山區新光路1段160號前,0,0,1,2,B03,8,3,5,50,14,7,1,5,4,5,7,2,1,9,4,4,2,13,1,28,3,10,1,1,7,14,1,8,1,6,,44,,1,22,9,121.5737188,24.99265203
112,1,23,22,5,2,04大安區,大安區辛亥路2段台大宇宙館,0,0,2,2,C03,7,3,5,50,14,8,1,4,4,5,7,3,1,10,4,4,1,15,1,26,2,9,1,1,7,9,1,10,1,11,,13,,1,22,9,121.5375224,25.0220986
112,1,23,22,5,2,04大安區,大安區辛亥路2段台大宇宙館,0,0,2,1,F01,7,3,5,50,14,8,1,4,4,5,7,3,1,10,4,4,1,15,1,39,2,9,1,1,7,9,8,20,1,16,,42,,1,22,9,121.5375224,25.0220986
112,1,23,22,10,2,03中山區,中山區北安路573巷與北安路595巷20弄口,0,0,1,2,C03,8,3,5,30,4,1,1,5,4,5,7,4,4,10,5,5,2,15,2,30,2,8,1,1,7,9,1,10,1,11,,14,,1,22,9,121.5477194,25.0813398
112,1,23,22,10,2,03中山區,中山區北安路573巷與北安路595巷20弄口,0,0,1,1,B03,8,3,5,30,4,1,1,5,4,5,7,4,4,10,5,5,2,15,1,45,3,10,1,1,7,9,1,8,1,5,,6,,1,22,9,121.5477194,25.0813398
112,1,23,22,16,2,04大安區,大安區基隆路2段與樂業街口,0,0,1,1,B01,7,3,5,50,14,9,1,5,4,5,7,2,1,9,3,5,2,16,1,57,3,10,1,1,7,8,1,4,1,6,,7,,1,22,9,121.5504455,25.02246025
112,1,23,22,16,2,04大安區,大安區基隆路2段與樂業街口,0,0,1,2,C03,7,3,5,50,14,9,1,5,4,5,7,2,1,9,3,5,2,16,1,23,2,9,1,1,7,9,1,10,1,11,,13,,1,22,9,121.5504455,25.02246025
112,1,23,22,20,2,03中山區,中山區民權東路2段69號,0,0,1,2,B03,8,3,5,50,14,9,1,5,4,5,7,4,4,1,4,5,2,29,3,43,,,,,,,,,,,,67,,1,,,121.5313348,25.0626416
112,1,23,22,20,2,03中山區,中山區民權東路2段69號,0,0,1,3,B03,8,3,5,50,14,9,1,5,4,5,7,4,4,1,4,5,2,29,3,45,,,,,,,,,,,,67,,1,,,121.5313348,25.0626416
112,1,23,22,20,2,03中山區,中山區民權東路2段69號,0,0,1,1,C03,8,3,5,50,14,9,1,5,4,5,7,4,4,1,4,5,2,29,1,20,2,9,1,4,7,9,1,10,1,15,,13,,1,22,9,121.5313348,25.0626416
112,1,23,22,37,2,10文山區,文山區羅斯福路6段48號,0,0,1,1,B01,6,3,5,50,14,9,1,4,4,5,7,4,4,1,4,5,2,12,1,68,3,10,1,1,7,8,1,4,2,3,,7,,1,22,9,121.5399208,24.9993716
112,1,23,22,37,2,10文山區,文山區羅斯福路6段48號,0,0,1,2,C03,6,3,5,50,14,9,1,4,4,5,7,4,4,1,4,5,2,12,1,22,2,9,1,1,7,9,1,10,2,11,,44,,1,22,9,121.5399208,24.9993716
112,1,23,23,45,2,09北投區,北投區中央北路3段與中央北路3段102巷口,0,0,3,3,H01,8,3,5,50,3,1,1,4,4,5,7,1,1,4,4,5,2,3,1,49,2,8,4,5,8,16,8,20,10,16,,52,,1,22,9,121.4840136,25.13761236
112,1,23,23,45,2,09北投區,北投區中央北路3段與中央北路3段102巷口,0,0,3,2,H01,8,3,5,50,3,1,1,4,4,5,7,1,1,4,4,5,2,3,1,55,2,9,4,5,8,16,8,20,10,16,,52,,1,22,9,121.4840136,25.13761236
112,1,23,23,45,2,09北投區,北投區中央北路3段與中央北路3段102巷口,0,0,3,1,C03,8,3,5,50,3,1,1,4,4,5,7,1,1,4,4,5,2,3,1,21,2,9,1,1,7,9,1,10,2,11,,23,,1,22,9,121.4840136,25.13761236
112,1,24,6,57,2,03中山區,中山區林森北路與雙城街25巷口,0,0,1,2,C03,6,1,5,50,4,2,1,4,4,5,7,4,4,5,5,5,2,16,2,28,2,7,3,4,7,9,1,10,1,11,,13,,1,22,9,121.5256869,25.0661919
112,1,24,6,57,2,03中山區,中山區林森北路與雙城街25巷口,0,0,1,1,B12,6,1,5,50,4,2,1,4,4,5,7,4,4,5,5,5,2,16,1,67,3,10,3,4,7,5,1,8,1,2,,6,,1,22,9,121.5256869,25.0661919
112,1,24,7,30,2,08士林區,士林區通河東街1段136巷12號,0,0,1,1,H01,6,1,5,30,14,9,1,4,4,3,5,4,4,10,5,5,2,7,2,64,2,9,4,5,8,16,8,20,11,16,,60,,1,22,9,121.5165386,25.08724492
112,1,24,7,30,2,08士林區,士林區通河東街1段136巷12號,0,0,1,2,B03,6,1,5,30,14,9,1,4,4,3,5,4,4,10,5,5,2,7,1,47,3,10,1,1,7,9,1,8,11,4,,44,,1,22,9,121.5165386,25.08724492
112,1,24,8,42,2,04大安區,大安區新生南路1段與信義路3段口,0,0,1,2,C03,6,1,5,50,5,1,1,4,4,5,7,1,1,3,4,5,2,17,1,19,2,8,1,4,7,9,1,10,1,11,,23,,1,22,9,121.5328466,25.0336678
112,1,24,8,42,2,04大安區,大安區新生南路1段與信義路3段口,0,0,1,1,B01,6,1,5,50,5,1,1,4,4,5,7,1,1,3,4,5,2,17,1,65,3,10,1,4,7,5,1,4,1,6,,25,,1,22,9,121.5328466,25.0336678
112,1,24,8,51,2,03中山區,中山區錦州街與合江街口,0,0,1,2,C03,6,1,5,0,4,2,1,4,4,5,7,2,1,5,5,5,2,3,2,21,2,9,1,1,7,9,1,10,1,12,,23,,1,22,9,121.5393513,25.0602634
112,1,24,8,51,2,03中山區,中山區錦州街與合江街口,0,0,1,1,H01,6,1,5,0,4,2,1,4,4,5,7,2,1,5,5,5,2,3,1,56,3,10,4,5,8,16,8,20,10,16,,51,,1,22,9,121.5393513,25.0602634
112,1,24,8,55,2,03中山區,中山區民權東路2段71巷11號,0,0,1,1,B03,6,1,5,50,14,9,1,4,4,5,7,4,4,9,5,5,2,2,1,75,3,10,1,1,7,9,1,8,2,5,,23,,1,22,9,121.5316761,25.0632224
112,1,24,8,55,2,03中山區,中山區民權東路2段71巷11號,0,0,1,2,H01,6,1,5,50,14,9,1,4,4,5,7,4,4,9,5,5,2,2,1,68,2,8,4,5,8,16,8,20,10,16,,60,,1,22,9,121.5316761,25.0632224
112,1,24,9,5,2,12內湖區,內湖區內湖路1段737巷與麗山街68巷口,0,0,1,2,C03,7,1,5,50,4,2,1,5,4,5,7,1,1,5,4,5,2,12,1,49,2,9,1,1,7,9,1,10,1,12,,44,,1,22,9,121.5792557,25.0820974
112,1,24,9,5,2,12內湖區,內湖區內湖路1段737巷與麗山街68巷口,0,0,1,1,B02,7,1,5,50,4,2,1,5,4,5,7,1,1,5,4,5,2,12,1,32,3,10,1,1,7,1,1,8,1,8,,19,,1,22,9,121.5792557,25.0820974
112,1,24,11,0,2,08士林區,士林區文昌路95號,0,0,1,2,H01,8,1,5,0,14,9,1,5,4,5,7,2,1,9,4,5,1,3,2,39,2,9,3,4,8,16,8,20,10,16,,67,,1,22,9,121.5212144,25.09608464
112,1,24,11,0,2,08士林區,士林區文昌路95號,0,0,1,1,B03,8,1,5,0,14,9,1,5,4,5,7,2,1,9,4,5,1,3,1,77,3,10,3,4,7,5,1,8,1,1,,15,,1,22,9,121.5212144,25.09608464
112,1,24,11,17,2,10文山區,文山區景興路143號前,0,0,2,3,H02,6,1,5,50,14,9,1,4,4,5,7,4,4,1,4,5,2,17,2,55,2,9,1,5,7,20,8,20,10,16,,67,,1,22,9,121.5447233,24.9941927
112,1,24,11,17,2,10文山區,文山區景興路143號前,0,0,2,1,B03,6,1,5,50,14,9,1,4,4,5,7,4,4,1,4,5,2,17,1,68,3,10,1,1,7,1,1,8,1,15,,19,,1,22,9,121.5447233,24.9941927
112,1,24,11,17,2,10文山區,文山區景興路143號前,0,0,2,2,C03,6,1,5,50,14,9,1,4,4,5,7,4,4,1,4,5,2,17,1,58,2,9,1,1,7,9,1,10,1,15,,44,,1,22,9,121.5447233,24.9941927
112,1,24,12,37,2,07信義區,信義區虎林街70巷與虎林街口,0,0,3,1,C03,7,1,5,30,4,1,1,5,4,5,7,4,4,9,5,5,2,15,1,41,2,8,1,1,7,9,1,10,2,11,,26,,1,22,9,121.5771276,25.0443367
112,1,24,12,37,2,07信義區,信義區虎林街70巷與虎林街口,0,0,3,2,C03,7,1,5,30,4,1,1,5,4,5,7,4,4,9,5,5,2,15,2,58,2,8,1,1,7,9,1,10,7,11,,21,,1,22,9,121.5771276,25.0443367
112,1,24,12,37,2,07信義區,信義區虎林街70巷與虎林街口,0,0,3,3,H02,7,1,5,30,4,1,1,5,4,5,7,4,4,9,5,5,2,15,2,38,2,8,1,1,7,21,8,20,10,16,,67,,1,22,9,121.5771276,25.0443367
112,1,24,13,14,2,08士林區,士林區延平北路5段與葫東街口,0,0,2,3,H02,7,1,5,50,4,2,1,5,4,5,7,1,1,1,5,5,1,12,2,42,2,9,1,5,7,20,8,20,10,16,,67,,1,22,9,121.5100681,25.08335196
112,1,24,13,14,2,08士林區,士林區延平北路5段與葫東街口,0,0,2,2,C03,7,1,5,50,4,2,1,5,4,5,7,1,1,1,5,5,1,12,1,45,2,9,1,1,7,9,1,10,1,11,,25,,1,22,9,121.5100681,25.08335196
112,1,24,13,14,2,08士林區,士林區延平北路5段與葫東街口,0,0,2,1,B03,7,1,5,50,4,2,1,5,4,5,7,1,1,1,5,5,1,12,1,54,3,10,1,1,7,7,1,8,1,4,,7,,1,22,9,121.5100681,25.08335196
112,1,24,14,0,2,12內湖區,內湖區民權東路6段與行愛路口,0,0,1,2,C03,7,1,5,50,4,1,1,5,4,5,7,2,1,1,4,5,2,12,1,35,2,9,1,1,7,9,1,10,2,14,,13,,1,22,9,121.5785951,25.06658927
112,1,24,14,0,2,12內湖區,內湖區民權東路6段與行愛路口,0,0,1,1,B03,7,1,5,50,4,1,1,5,4,5,7,2,1,1,4,5,2,12,1,68,3,10,1,1,7,6,1,8,2,5,,26,,1,22,9,121.5785951,25.06658927
112,1,24,14,38,2,03中山區,中山區建國北路3段85號,0,0,2,1,C03,8,3,5,50,14,9,1,5,4,5,7,4,4,1,3,5,1,16,1,42,2,9,1,1,7,7,1,10,1,14,,7,,1,22,9,121.5369049,25.0651998
112,1,24,14,38,2,03中山區,中山區建國北路3段85號,0,0,2,2,C03,8,3,5,50,14,9,1,5,4,5,7,4,4,1,3,5,1,16,2,29,2,8,1,1,7,9,1,10,1,12,,44,,1,22,9,121.5369049,25.0651998
112,1,24,15,20,2,10文山區,文山區木柵路2段與木柵路2段109巷口口,0,0,1,1,B03,7,1,5,50,3,1,1,5,4,5,7,2,1,4,3,5,1,16,1,40,3,10,3,4,7,5,1,8,1,2,,6,,1,22,9,121.5617471,24.98889798
112,1,24,15,20,2,10文山區,文山區木柵路2段與木柵路2段109巷口口,0,0,1,2,C03,7,1,5,50,3,1,1,5,4,5,7,2,1,4,3,5,1,16,1,38,2,8,1,4,7,9,1,10,1,11,,44,,1,22,9,121.5617471,24.98889798
112,1,24,15,28,2,05中正區,中正區中華路2段307巷與中華路2段315巷5弄口,0,0,2,1,C03,8,1,5,30,4,1,1,5,4,5,7,4,4,9,4,5,2,15,2,65,2,8,3,4,7,9,1,10,1,11,,42,,1,22,9,121.5058799,25.02918649
112,1,24,15,28,2,05中正區,中正區中華路2段307巷與中華路2段315巷5弄口,0,0,2,2,C03,8,1,5,30,4,1,1,5,4,5,7,4,4,9,4,5,2,15,1,41,2,8,3,4,7,9,1,10,1,13,,6,,1,22,9,121.5058799,25.02918649
112,1,24,15,28,2,05中正區,中正區中華路2段307巷與中華路2段315巷5弄口,0,0,2,3,H02,8,1,5,30,4,1,1,5,4,5,7,4,4,9,4,5,2,15,2,42,4,11,3,5,7,20,8,20,10,16,,67,,1,22,9,121.5058799,25.02918649
112,1,24,16,5,2,12內湖區,內湖區成功路3段與康寧路1段口,0,0,1,1,B03,7,1,5,50,4,1,1,5,4,5,7,1,1,1,4,5,2,17,1,54,4,11,3,4,7,15,7,19,11,15,,25,,2,22,9,121.5910482,25.08076634
112,1,24,16,5,2,12內湖區,內湖區成功路3段與康寧路1段口,0,0,1,2,A02,7,1,5,50,4,1,1,5,4,5,7,1,1,1,4,5,2,17,1,39,3,10,1,1,7,9,1,6,2,15,,44,,1,22,9,121.5910482,25.08076634
112,1,24,16,5,2,12內湖區,內湖區成功路3段與康寧路1段口,0,0,1,3,H02,7,1,5,50,4,1,1,5,4,5,7,1,1,1,4,5,2,17,2,58,2,9,4,5,7,19,8,20,10,16,,67,,1,22,9,121.5910482,25.08076634
112,1,24,16,12,2,02萬華區,萬華區昆明街58號旁無名巷,0,0,1,1,B01,7,1,5,30,13,9,1,5,4,5,7,4,4,10,5,5,2,1,1,55,3,10,3,4,7,9,1,4,2,2,,23,,1,22,9,121.5055001,25.04647742
112,1,24,16,12,2,02萬華區,萬華區昆明街58號旁無名巷,0,0,1,2,H01,7,1,5,30,13,9,1,5,4,5,7,4,4,10,5,5,2,1,2,52,2,7,3,2,8,16,8,20,10,16,,67,,1,22,9,121.5055001,25.04647742
112,1,24,16,28,2,10文山區,文山區羅斯福路5段與萬隆街口,0,0,1,2,C03,7,1,5,50,4,1,1,5,4,5,7,1,1,1,4,5,2,15,2,27,2,8,1,4,7,9,1,10,1,14,,44,,1,22,9,121.5395128,25.0005329
112,1,24,16,28,2,10文山區,文山區羅斯福路5段與萬隆街口,0,0,1,1,B03,7,1,5,50,4,1,1,5,4,5,7,1,1,1,4,5,2,15,1,28,3,10,1,4,7,9,1,8,1,5,,25,,1,22,9,121.5395128,25.0005329
112,1,24,16,34,2,07信義區,信義區松壽路與市府路口,0,0,1,2,B03,7,1,5,50,4,2,1,5,4,5,7,1,1,5,2,5,2,13,2,32,3,10,1,1,7,14,1,8,1,3,,44,,1,22,9,121.5638679,25.0359678
112,1,24,16,34,2,07信義區,信義區松壽路與市府路口,0,0,1,1,C03,7,1,5,50,4,2,1,5,4,5,7,1,1,5,2,5,2,13,1,20,2,9,1,1,7,9,3,18,1,11,,16,,1,22,9,121.5638679,25.0359678
112,1,24,18,28,2,04大安區,大安區四維路170巷與敦化南路2段口,0,0,1,1,B03,8,3,5,50,4,1,1,5,4,5,7,2,1,1,4,5,2,11,1,58,3,10,3,4,7,5,1,8,1,5,,6,,1,22,9,121.5487107,25.02805133
112,1,24,18,28,2,04大安區,大安區四維路170巷與敦化南路2段口,0,0,1,2,C03,8,3,5,50,4,1,1,5,4,5,7,2,1,1,4,5,2,11,1,20,2,7,3,4,7,9,1,10,1,11,,44,,1,22,9,121.5487107,25.02805133
112,1,24,18,30,2,03中山區,中山區民權東路2段20號,0,0,1,1,B01,7,3,5,50,14,9,1,5,4,5,7,4,4,1,4,5,2,17,1,57,3,10,1,4,7,10,1,4,1,15,,7,,1,10,9,121.5283523,25.0624038
112,1,24,18,30,2,03中山區,中山區民權東路2段20號,0,0,1,2,C03,7,3,5,50,14,9,1,5,4,5,7,4,4,1,4,5,2,17,1,34,2,9,1,4,7,9,1,10,1,12,,44,,1,22,9,121.5283523,25.0624038
112,1,24,18,51,2,09北投區,北投區中和街與大同街口,0,0,1,1,C03,7,3,5,50,4,2,1,5,4,5,7,1,1,5,5,5,2,17,2,64,2,9,1,1,7,6,1,10,1,14,,6,,1,22,9,121.499359,25.1410579
112,1,24,18,51,2,09北投區,北投區中和街與大同街口,0,0,1,2,B03,7,3,5,50,4,2,1,5,4,5,7,1,1,5,5,5,2,17,1,38,3,10,1,1,7,5,1,8,1,2,,44,,1,22,9,121.499359,25.1410579
112,1,24,20,40,2,05中正區,中正區仁愛路2段22號,0,0,1,2,C03,7,3,5,50,14,9,1,5,4,5,7,4,4,10,3,5,2,17,1,31,2,9,1,1,7,9,1,10,2,11,,23,,1,22,9,121.5267122,25.03816845
112,1,24,20,40,2,05中正區,中正區仁愛路2段22號,0,0,1,1,B03,7,3,5,50,14,9,1,5,4,5,7,4,4,10,3,5,2,17,1,54,3,10,1,1,7,7,1,8,2,7,,7,,1,22,9,121.5267122,25.03816845
112,1,24,21,22,2,08士林區,士林區承德路4段10巷與通河街323巷口,0,0,1,1,C03,8,3,5,30,3,1,1,5,4,5,1,4,4,4,5,5,1,17,1,34,2,7,1,1,7,5,1,10,1,11,,6,,1,22,9,121.5184541,25.0808443
112,1,24,21,22,2,08士林區,士林區承德路4段10巷與通河街323巷口,0,0,1,2,B03,8,3,5,30,3,1,1,5,4,5,1,4,4,4,5,5,1,17,1,47,3,10,1,1,7,9,1,8,1,5,,44,,1,22,9,121.5184541,25.0808443
112,1,24,21,30,2,09北投區,北投區承德路7段與石牌路1段口,0,0,1,1,B03,7,3,5,60,4,1,1,5,4,5,7,1,1,1,4,5,2,16,1,43,3,10,1,1,7,6,1,8,2,2,,9,,1,22,9,121.5094669,25.11249646
112,1,24,21,30,2,09北投區,北投區承德路7段與石牌路1段口,0,0,1,2,C03,7,3,5,60,4,1,1,5,4,5,7,1,1,1,4,5,2,16,2,23,2,9,1,1,7,9,1,10,2,11,,44,,1,22,9,121.5094669,25.11249646
112,1,24,21,40,2,03中山區,中山區龍江路與合江街73巷口,0,0,1,1,B03,7,3,5,30,4,1,1,5,4,5,7,4,4,10,5,5,2,16,1,23,3,10,1,4,7,9,1,8,1,8,,6,,1,22,9,121.540529,25.058891
112,1,24,21,40,2,03中山區,中山區龍江路與合江街73巷口,0,0,1,2,C03,7,3,5,30,4,1,1,5,4,5,7,4,4,10,5,5,2,16,1,46,2,8,1,4,7,9,1,10,1,11,,44,,1,22,9,121.540529,25.058891
112,1,24,22,4,2,04大安區,大安區敦化南路1段187巷與忠孝東路4段147巷口,0,0,1,2,C03,7,3,5,30,4,1,1,5,4,5,7,4,4,9,4,5,2,15,2,38,2,9,1,1,7,9,1,10,1,12,,14,,1,22,9,121.5496637,25.04257783
112,1,24,22,4,2,04大安區,大安區敦化南路1段187巷與忠孝東路4段147巷口,0,0,1,1,B01,7,3,5,30,4,1,1,5,4,5,7,4,4,9,4,5,2,15,1,57,3,10,1,1,7,9,1,4,1,1,,6,,1,22,9,121.5496637,25.04257783
112,1,24,23,10,2,03中山區,中山區林森北路485巷與新生北路2段口,0,0,1,1,B03,8,3,5,50,3,1,1,5,4,5,7,4,4,4,3,5,1,16,1,27,3,10,1,1,7,6,1,8,1,2,,9,,1,22,9,121.5273245,25.0612272
112,1,24,23,10,2,03中山區,中山區林森北路485巷與新生北路2段口,0,0,1,2,C03,8,3,5,50,3,1,1,5,4,5,7,4,4,4,3,5,1,16,1,40,2,7,1,1,7,9,1,10,1,14,,14,,1,22,9,121.5273245,25.0612272
112,1,25,0,23,2,08士林區,士林區中山北路6段與忠誠路1段口,0,0,2,1,B03,8,3,5,50,5,1,1,5,4,5,7,1,1,1,4,5,2,12,4,0,4,11,3,4,7,15,7,19,11,15,,43,,2,22,9,121.5247679,25.10394643
112,1,25,0,23,2,08士林區,士林區中山北路6段與忠誠路1段口,0,0,2,3,H02,8,3,5,50,5,1,1,5,4,5,7,1,1,1,4,5,2,12,2,43,2,8,1,5,7,20,8,20,10,16,,67,,1,22,9,121.5247679,25.10394643
112,1,25,0,23,2,08士林區,士林區中山北路6段與忠誠路1段口,0,0,2,2,C03,8,3,5,50,5,1,1,5,4,5,7,1,1,1,4,5,2,12,2,35,2,8,1,1,7,9,1,10,2,14,,17,,1,22,9,121.5247679,25.10394643
112,1,25,0,40,2,02萬華區,萬華區堤外便道與堤外便道市民桂林口機車道(中興橋底下),0,0,2,2,C03,8,4,7,40,14,11,1,5,4,5,5,4,4,8,5,5,2,12,2,35,2,9,1,1,7,9,1,10,9,11,,23,,1,22,9,121.5007948,25.04429545
112,1,25,0,40,2,02萬華區,萬華區堤外便道與堤外便道市民桂林口機車道(中興橋底下),0,0,2,1,C03,8,4,7,40,14,11,1,5,4,5,5,4,4,8,5,5,2,12,1,25,2,3,1,1,7,9,1,10,1,15,,23,,1,22,9,121.5007948,25.04429545
112,1,25,0,40,2,02萬華區,萬華區堤外便道與堤外便道市民桂林口機車道(中興橋底下),0,0,2,3,C03,8,4,7,40,14,11,1,5,4,5,5,4,4,8,5,5,2,12,1,19,3,10,1,1,7,13,1,10,1,15,,44,,1,22,9,121.5007948,25.04429545
112,1,25,0,45,2,03中山區,中山區農安街與民權東路2段135巷口,0,0,1,1,C02,7,3,5,50,4,1,1,5,4,5,7,3,1,5,4,5,2,15,1,39,2,8,1,4,7,9,1,9,1,11,,6,,1,22,9,121.5350131,25.0646495
112,1,25,0,45,2,03中山區,中山區農安街與民權東路2段135巷口,0,0,1,2,B01,7,3,5,50,4,1,1,5,4,5,7,3,1,5,4,5,2,15,1,45,3,10,3,4,7,9,1,3,1,4,,13,,1,22,9,121.5350131,25.0646495
112,1,25,1,5,2,04大安區,大安區四維路154巷與大安路2段口,0,0,1,3,B03,8,3,5,30,4,1,1,5,4,5,7,3,1,9,4,5,2,15,1,49,3,10,3,4,7,13,1,8,11,1,,44,,1,22,9,121.5460763,25.03100263
112,1,25,1,5,2,04大安區,大安區四維路154巷與大安路2段口,0,0,1,1,B03,8,3,5,30,4,1,1,5,4,5,7,3,1,9,4,5,2,15,1,31,3,10,3,4,7,9,1,8,2,1,,6,,1,22,9,121.5460763,25.03100263
112,1,25,1,5,2,04大安區,大安區四維路154巷與大安路2段口,0,0,1,2,C03,8,3,5,30,4,1,1,5,4,5,7,3,1,9,4,5,2,15,1,25,2,9,3,4,7,9,1,10,2,14,,14,,1,22,9,121.5460763,25.03100263
112,1,25,7,5,2,01大同區,大同區民權西路與民權西路144巷口,0,0,5,3,C03,7,1,5,50,4,2,1,5,4,5,7,2,1,9,2,5,1,16,2,55,2,9,1,1,7,9,1,10,2,14,,44,,1,22,9,121.5159478,25.06286458
112,1,25,7,5,2,01大同區,大同區民權西路與民權西路144巷口,0,0,5,2,C03,7,1,5,50,4,2,1,5,4,5,7,2,1,9,2,5,1,16,2,34,2,9,1,1,7,9,1,10,2,11,,44,,1,22,9,121.5159478,25.06286458
112,1,25,7,5,2,01大同區,大同區民權西路與民權西路144巷口,0,0,5,4,C03,7,1,5,50,4,2,1,5,4,5,7,2,1,9,2,5,1,16,1,35,2,9,1,1,7,9,1,10,2,14,,44,,1,22,9,121.5159478,25.06286458
112,1,25,7,5,2,01大同區,大同區民權西路與民權西路144巷口,0,0,5,5,C03,7,1,5,50,4,2,1,5,4,5,7,2,1,9,2,5,1,16,1,54,2,8,1,1,7,9,1,10,2,11,,44,,1,22,9,121.5159478,25.06286458
112,1,25,7,5,2,01大同區,大同區民權西路與民權西路144巷口,0,0,5,1,B01,7,1,5,50,4,2,1,5,4,5,7,2,1,9,2,5,1,16,1,39,2,1,1,1,7,6,1,4,2,5,,9,,1,22,9,121.5159478,25.06286458
112,1,25,8,39,2,01大同區,大同區民權西路西往東(加油站旁),0,0,2,2,C03,7,1,5,0,14,9,1,5,4,5,7,4,4,10,4,5,2,3,2,32,2,9,3,4,7,9,1,10,2,11,,23,,1,22,9,121.5143014,25.06287881
112,1,25,8,39,2,01大同區,大同區民權西路西往東(加油站旁),0,0,2,1,H01,7,1,5,0,14,9,1,5,4,5,7,4,4,10,4,5,2,3,2,77,2,9,4,5,8,18,8,20,10,16,,51,,1,22,9,121.5143014,25.06287881
112,1,25,9,58,2,11南港區,南港區重陽路與重陽路125巷口,0,0,1,1,B03,8,1,5,40,3,2,1,5,4,5,7,2,1,4,3,4,2,16,1,34,3,10,1,1,7,14,1,7,2,2,,40,,1,22,9,121.5983747,25.0563557
112,1,25,9,58,2,11南港區,南港區重陽路與重陽路125巷口,0,0,1,2,C03,8,1,5,40,3,2,1,5,4,5,7,2,1,4,3,4,2,16,1,26,2,9,1,1,7,9,1,10,2,12,,44,,1,22,9,121.5983747,25.0563557
112,1,25,11,12,2,03中山區,中山區中山北路3段與民族東路口,0,0,1,2,C03,8,1,5,50,4,1,1,5,4,5,7,1,1,1,3,1,1,16,1,35,2,9,1,1,7,9,6,18,2,11,,44,,1,22,9,121.5229717,25.0683441
112,1,25,11,12,2,03中山區,中山區中山北路3段與民族東路口,0,0,1,1,B03,8,1,5,50,4,1,1,5,4,5,7,1,1,1,3,1,1,16,1,70,3,10,1,1,7,6,1,8,2,6,,9,,1,22,9,121.5229717,25.0683441
112,1,25,12,17,2,04大安區,大安區和平東路1段與金山南路2段口,0,0,2,2,C03,8,1,5,50,5,1,1,5,4,5,7,1,1,1,5,5,2,16,1,45,2,9,1,1,7,9,1,10,2,11,,44,,1,22,9,121.5258951,25.0267143