發生年度,發生月,發生日,發生時-Hours,發生分,處理別-編號,區序,肇事地點,死亡人數,2-30日死亡人數,受傷人數,當事人序號,車種,天候,光線,道路類別,速限-速度限制,道路型態,事故位置,路面狀況1,路面狀況2,路面狀況3,道路障礙1,道路障礙2,號誌1,號誌2,車道劃分-分向,車道劃分-分道1,車道劃分-分道2,車道劃分-分道3,事故類型及型態,性別,年齡,受傷程度,主要傷處,保護裝置,行動電話,車輛用途,當事者行動狀態,駕駛資格情形,駕駛執照種類,飲酒情形,車輛撞擊部位1,車輛撞擊部位2,肇因碼-個別,肇因碼-主要,個人肇逃否,職業,旅次目的,座標-X,座標-Y
112,1,25,12,17,2,04大安區,大安區和平東路1段與金山南路2段口,0,0,2,1,C03,8,1,5,50,5,1,1,5,4,5,7,1,1,1,5,5,2,16,1,23,2,9,1,1,7,5,1,10,2,14,,25,,1,22,9,121.5258951,25.0267143
112,1,25,12,36,2,10文山區,文山區木柵路1段與木柵路1段335巷口,0,0,2,1,C03,8,1,5,50,4,1,1,5,4,5,7,1,1,5,4,5,2,16,1,61,2,9,3,4,7,5,1,10,2,11,,25,,1,21,8,121.5576815,24.98870465
112,1,25,12,36,2,10文山區,文山區木柵路1段與木柵路1段335巷口,0,0,2,2,C03,8,1,5,50,4,1,1,5,4,5,7,1,1,5,4,5,2,16,1,50,2,9,3,4,7,9,6,18,2,11,,25,,1,21,8,121.5576815,24.98870465
112,1,25,13,2,2,03中山區,中山區中山北路1段58號,0,0,1,1,B03,8,1,5,30,14,9,1,5,4,5,7,4,4,1,3,5,1,16,1,24,3,10,1,1,7,6,1,8,1,8,,9,,1,22,9,121.5207567,25.0484423
112,1,25,13,2,2,03中山區,中山區中山北路1段58號,0,0,1,2,F01,8,1,5,30,14,9,1,5,4,5,7,4,4,1,3,5,1,16,2,40,2,9,1,1,7,9,8,20,1,16,,43,,1,22,9,121.5207567,25.0484423
112,1,25,13,26,2,08士林區,士林區中正路與重慶北路4段口,0,0,1,1,B03,8,1,5,50,4,2,1,5,4,5,7,4,4,1,4,5,1,17,1,25,3,10,1,1,7,6,1,8,2,2,,9,,1,22,9,121.5098002,25.0867088
112,1,25,13,26,2,08士林區,士林區中正路與重慶北路4段口,0,0,1,2,C03,8,1,5,50,4,2,1,5,4,5,7,4,4,1,4,5,1,17,1,63,2,9,1,1,7,9,1,10,2,14,,17,,1,22,9,121.5098002,25.0867088
112,1,25,13,38,2,08士林區,士林區基河路與大南路口,0,0,2,1,B03,7,1,5,50,3,2,1,5,4,5,7,2,1,4,4,5,1,12,1,50,3,10,1,1,7,5,1,8,1,8,,8,,1,22,9,121.522631,25.0899096
112,1,25,13,38,2,08士林區,士林區基河路與大南路口,0,0,2,2,C03,7,1,5,50,3,2,1,5,4,5,7,2,1,4,4,5,1,12,2,33,2,8,1,1,7,9,1,10,1,12,,44,,1,22,9,121.522631,25.0899096
112,1,25,13,38,2,08士林區,士林區基河路與大南路口,0,0,2,3,H02,7,1,5,50,3,2,1,5,4,5,7,2,1,4,4,5,1,12,2,5,2,9,4,5,7,20,8,20,10,16,,67,,1,22,9,121.522631,25.0899096
112,1,25,14,10,2,08士林區,士林區中山北路5段與中山北路5段756巷口福林橋下,0,0,1,2,H01,8,1,5,30,3,1,1,5,4,5,3,4,4,10,5,5,2,2,2,67,2,9,4,5,8,16,8,20,10,16,,51,,1,22,9,121.5269942,25.09968488
112,1,25,14,10,2,08士林區,士林區中山北路5段與中山北路5段756巷口福林橋下,0,0,1,1,B01,8,1,5,30,3,1,1,5,4,5,3,4,4,10,5,5,2,2,1,53,3,10,3,4,7,5,1,3,2,8,,15,,1,22,9,121.5269942,25.09968488
112,1,25,14,17,2,03中山區,中山區南京東路2段與一江街口,0,0,2,2,C03,8,1,5,50,4,1,1,5,4,5,7,2,1,1,4,4,2,12,1,19,2,9,1,4,7,9,1,10,1,14,,13,,1,22,9,121.5315872,25.0521659
112,1,25,14,17,2,03中山區,中山區南京東路2段與一江街口,0,0,2,3,H02,8,1,5,50,4,1,1,5,4,5,7,2,1,1,4,4,2,12,1,17,2,9,1,5,7,20,8,20,10,16,,67,,1,22,9,121.5315872,25.0521659
112,1,25,14,17,2,03中山區,中山區南京東路2段與一江街口,0,0,2,1,B03,8,1,5,50,4,1,1,5,4,5,7,2,1,1,4,4,2,12,1,31,3,10,3,4,7,6,1,8,1,2,,9,,1,22,9,121.5315872,25.0521659
112,1,25,14,30,2,10文山區,文山區萬芳路9-1號前,0,0,3,3,H02,8,1,5,50,11,9,1,5,4,5,1,4,4,5,4,5,2,16,2,25,2,9,1,1,7,17,8,20,10,16,,67,,1,21,8,121.5707513,24.99816827
112,1,25,14,30,2,10文山區,文山區萬芳路9-1號前,0,0,3,1,C03,8,1,5,50,11,9,1,5,4,5,1,4,4,5,4,5,2,16,1,46,2,8,1,1,7,11,1,9,2,13,,11,,1,21,3,121.5707513,24.99816827
112,1,25,14,30,2,10文山區,文山區萬芳路9-1號前,0,0,3,2,C03,8,1,5,50,11,9,1,5,4,5,1,4,4,5,4,5,2,16,2,55,2,9,1,1,7,9,1,10,2,11,,23,,1,21,8,121.5707513,24.99816827
112,1,25,14,38,2,11南港區,南港區市民大道7段與東新街口,0,0,2,1,B03,8,1,5,50,4,1,1,5,4,5,7,2,1,1,3,5,2,16,1,52,2,8,3,4,7,5,1,8,2,2,,8,,1,22,9,121.5836927,25.0496606
112,1,25,14,38,2,11南港區,南港區市民大道7段與東新街口,0,0,2,2,B03,8,1,5,50,4,1,1,5,4,5,7,2,1,1,3,5,2,16,1,41,3,10,3,4,7,9,1,8,2,5,,13,,1,22,9,121.5836927,25.0496606
112,1,25,14,38,2,11南港區,南港區市民大道7段與東新街口,0,0,2,3,H02,8,1,5,50,4,1,1,5,4,5,7,2,1,1,3,5,2,16,2,41,2,8,3,4,7,21,8,20,10,16,,60,,1,22,9,121.5836927,25.0496606
112,1,25,14,50,2,09北投區,北投區承德路7段與立賢路口,0,0,1,2,C03,8,1,5,50,4,1,1,5,4,5,7,2,1,1,4,5,2,12,1,32,3,10,1,1,7,6,1,10,1,12,,44,,1,22,9,121.5049057,25.1162104
112,1,25,14,50,2,09北投區,北投區承德路7段與立賢路口,0,0,1,1,C03,8,1,5,50,4,1,1,5,4,5,7,2,1,1,4,5,2,12,2,61,2,9,1,1,7,9,1,10,1,11,,43,,1,22,9,121.5049057,25.1162104
112,1,25,14,53,2,09北投區,北投區承德路6段雙溪橋下自行車道(北)河雙河濱004燈桿,0,0,2,1,F01,8,1,8,30,15,22,1,5,4,5,7,4,4,10,5,5,1,12,1,10,2,8,3,1,7,5,8,20,1,16,,8,,1,22,9,121.5127729,25.09882904
112,1,25,14,53,2,09北投區,北投區承德路6段雙溪橋下自行車道(北)河雙河濱004燈桿,0,0,2,2,F01,8,1,8,30,15,22,1,5,4,5,7,4,4,10,5,5,1,12,1,66,2,9,3,1,7,9,8,20,1,16,,44,,1,22,9,121.5127729,25.09882904
112,1,25,15,0,2,09北投區,北投區大度路1段8.5k處,0,0,1,1,C03,7,1,5,50,14,12,1,5,4,5,7,4,4,1,4,1,1,18,1,20,2,9,1,1,7,9,1,9,1,11,,43,,1,22,9,121.4926398,25.1217162
112,1,25,15,0,2,09北投區,北投區大度路1段8.5k處,0,0,1,2,,7,1,5,50,14,12,1,5,4,5,7,4,4,1,4,1,1,18,3,0,,,,,,,,,,,,67,,1,,,121.4926398,25.1217162
112,1,25,15,17,2,09北投區,北投區立農街1段187巷10弄與立農街1段口(203號),0,0,1,2,B03,8,1,5,30,3,1,1,5,4,5,7,4,4,10,5,5,2,15,1,54,3,10,1,1,7,9,1,8,1,8,,23,,1,22,9,121.5046858,25.1198454
112,1,25,15,17,2,09北投區,北投區立農街1段187巷10弄與立農街1段口(203號),0,0,1,1,C03,8,1,5,30,3,1,1,5,4,5,7,4,4,10,5,5,2,15,2,40,2,9,1,1,7,9,1,10,1,12,,6,,1,22,9,121.5046858,25.1198454
112,1,25,16,5,2,07信義區,信義區虎林街164巷60弄與忠孝東路5段372巷29弄口,0,0,4,2,C03,8,1,5,30,4,1,1,5,4,5,7,4,4,10,5,5,2,15,1,47,2,9,1,1,7,9,1,10,1,11,,23,,1,22,9,121.5739944,25.0389422
112,1,25,16,5,2,07信義區,信義區虎林街164巷60弄與忠孝東路5段372巷29弄口,0,0,4,4,H02,8,1,5,30,4,1,1,5,4,5,7,4,4,10,5,5,2,15,2,3,2,9,4,5,7,20,8,20,10,16,,67,,1,22,9,121.5739944,25.0389422
112,1,25,16,5,2,07信義區,信義區虎林街164巷60弄與忠孝東路5段372巷29弄口,0,0,4,1,C03,8,1,5,30,4,1,1,5,4,5,7,4,4,10,5,5,2,15,2,29,2,9,1,1,7,9,1,10,1,14,,6,,1,22,9,121.5739944,25.0389422
112,1,25,16,5,2,07信義區,信義區虎林街164巷60弄與忠孝東路5段372巷29弄口,0,0,4,3,H02,8,1,5,30,4,1,1,5,4,5,7,4,4,10,5,5,2,15,2,39,2,9,4,5,7,20,8,20,10,16,,67,,1,22,9,121.5739944,25.0389422
112,1,25,16,11,2,12內湖區,內湖區港墘路82巷與港墘路口,0,0,1,2,F01,7,1,5,50,4,2,1,5,4,5,7,2,1,1,3,5,2,16,1,55,2,9,2,1,7,11,8,20,1,16,,25,,1,22,9,121.577776,25.0807389
112,1,25,16,11,2,12內湖區,內湖區港墘路82巷與港墘路口,0,0,1,1,B03,7,1,5,50,4,2,1,5,4,5,7,2,1,1,3,5,2,16,1,24,3,10,1,1,7,5,1,8,1,8,,23,,1,22,9,121.577776,25.0807389
112,1,25,17,12,2,09北投區,北投區知行路260巷與知行路口,0,0,1,1,C03,8,1,5,50,14,9,1,5,4,5,7,4,4,9,4,5,2,16,2,18,2,9,1,1,7,9,1,10,1,11,,42,,1,22,9,121.4672749,25.12100663
112,1,25,17,12,2,09北投區,北投區知行路260巷與知行路口,0,0,1,2,B03,8,1,5,50,14,9,1,5,4,5,7,4,4,9,4,5,2,16,1,55,3,10,1,1,7,5,1,8,1,4,,6,,1,22,9,121.4672749,25.12100663
112,1,25,17,33,2,04大安區,大安區仁愛路4段300巷20弄8號,0,0,1,1,C03,7,1,5,30,14,9,1,5,4,5,7,4,4,10,5,5,2,9,1,24,2,8,1,1,7,9,1,10,1,14,,13,,1,22,9,121.5541835,25.0362271
112,1,25,17,33,2,04大安區,大安區仁愛路4段300巷20弄8號,0,0,1,2,H01,7,1,5,30,14,9,1,5,4,5,7,4,4,10,5,5,2,9,1,66,3,10,4,5,8,16,8,20,10,16,,53,,1,22,9,121.5541835,25.0362271
112,1,25,17,33,2,04大安區,大安區仁愛路4段300巷20弄8號,0,0,1,3,B12,7,1,5,30,14,9,1,5,4,5,7,4,4,10,5,5,2,9,1,51,3,10,1,1,7,15,1,8,1,15,,44,,1,22,9,121.5541835,25.0362271
112,1,25,17,41,2,03中山區,中山區北安路554巷19號,0,0,1,2,C03,8,1,5,50,11,9,1,5,4,5,7,4,4,5,5,5,2,17,2,22,2,8,1,1,7,9,1,10,1,12,,44,,1,22,9,121.5489036,25.08007924
112,1,25,17,41,2,03中山區,中山區北安路554巷19號,0,0,1,1,B03,8,1,5,50,11,9,1,5,4,5,7,4,4,5,5,5,2,17,1,50,3,10,3,4,7,8,7,19,11,15,,7,,2,22,9,121.5489036,25.08007924
112,1,25,18,2,2,12內湖區,內湖區五分街與安康路口,0,0,1,1,C03,8,3,5,30,4,1,1,5,4,5,7,4,4,10,5,5,2,16,2,75,2,9,1,1,7,9,1,10,1,14,,6,,1,22,9,121.6152411,25.0673306
112,1,25,18,2,2,12內湖區,內湖區五分街與安康路口,0,0,1,2,B03,8,3,5,30,4,1,1,5,4,5,7,4,4,10,5,5,2,16,2,53,3,10,1,1,7,9,1,8,1,5,,44,,1,22,9,121.6152411,25.0673306
112,1,25,18,17,2,10文山區,文山區木柵路4段143-3號旁,0,0,3,2,C03,8,3,5,50,14,9,1,5,4,5,7,4,4,4,3,5,2,12,1,36,2,9,1,1,7,9,1,10,2,11,,44,,1,22,9,121.574287,24.9979905
112,1,25,18,17,2,10文山區,文山區木柵路4段143-3號旁,0,0,3,1,C03,8,3,5,50,14,9,1,5,4,5,7,4,4,4,3,5,2,12,1,53,2,8,1,1,7,8,1,10,2,12,,7,,1,22,9,121.574287,24.9979905
112,1,25,18,17,2,10文山區,文山區木柵路4段143-3號旁,0,0,3,3,H02,8,3,5,50,14,9,1,5,4,5,7,4,4,4,3,5,2,12,2,39,2,9,1,1,7,20,8,20,10,16,,67,,1,22,9,121.574287,24.9979905
112,1,25,18,36,2,03中山區,中山區松江路306號,0,0,2,1,F01,8,3,5,50,14,9,1,5,4,5,7,1,1,1,4,5,2,17,2,51,2,8,2,1,7,5,8,20,2,16,,42,,1,22,9,121.533039,25.0600792
112,1,25,18,36,2,03中山區,中山區松江路306號,0,0,2,2,C03,8,3,5,50,14,9,1,5,4,5,7,1,1,1,4,5,2,17,1,27,3,10,1,1,7,9,1,10,2,11,,23,,1,22,9,121.533039,25.0600792
112,1,25,18,36,2,03中山區,中山區松江路306號,0,0,2,3,H02,8,3,5,50,14,9,1,5,4,5,7,1,1,1,4,5,2,17,2,2,2,7,2,5,7,20,8,20,10,16,,67,,1,22,9,121.533039,25.0600792
112,1,25,18,42,2,08士林區,士林區中山北路7段13號,0,0,2,2,C03,8,3,5,50,15,9,1,5,4,5,7,1,1,1,4,5,1,17,1,21,2,8,1,1,7,9,1,10,1,11,,44,,1,22,9,121.530502,25.1190005
112,1,25,18,42,2,08士林區,士林區中山北路7段13號,0,0,2,1,C03,8,3,5,50,15,9,1,5,4,5,7,1,1,1,4,5,1,17,1,18,2,8,1,1,7,5,1,10,1,11,,6,,1,22,9,121.530502,25.1190005
112,1,25,19,10,2,03中山區,中山區明水路397巷與明水路397巷7弄口,0,0,1,1,B12,8,3,5,30,4,1,1,5,4,5,7,4,4,5,4,5,2,15,2,57,3,10,3,4,7,9,1,8,2,1,,6,,1,22,9,121.5477285,25.0780466
112,1,25,19,10,2,03中山區,中山區明水路397巷與明水路397巷7弄口,0,0,1,2,C03,8,3,5,30,4,1,1,5,4,5,7,4,4,5,4,5,2,15,2,25,2,9,1,4,7,9,1,10,2,12,,13,,1,22,9,121.5477285,25.0780466
112,1,25,19,40,2,12內湖區,內湖區內湖路1段411巷與內湖路1段口,0,0,2,1,C03,8,3,5,50,4,1,1,5,4,5,7,2,1,1,4,4,2,12,1,53,3,10,1,1,7,9,1,10,2,12,,44,,1,22,9,121.5708888,25.08157008
112,1,25,19,40,2,12內湖區,內湖區內湖路1段411巷與內湖路1段口,0,0,2,2,C03,8,3,5,50,4,1,1,5,4,5,7,2,1,1,4,4,2,12,2,23,2,9,1,1,7,5,1,10,2,14,,6,,1,22,9,121.5708888,25.08157008
112,1,25,19,40,2,12內湖區,內湖區內湖路1段411巷與內湖路1段口,0,0,2,3,H02,8,3,5,50,4,1,1,5,4,5,7,2,1,1,4,4,2,12,2,16,2,8,4,5,7,21,8,20,10,16,,67,,1,22,9,121.5708888,25.08157008
112,1,25,19,40,2,12內湖區,內湖區內湖路1段411巷與內湖路1段口,0,0,2,4,B03,8,3,5,50,4,1,1,5,4,5,7,2,1,1,4,4,2,12,2,56,3,10,1,1,7,5,1,8,2,8,,23,,1,22,9,121.5708888,25.08157008
112,1,25,21,37,2,09北投區,北投區承德路6段91號停車格,0,0,2,1,C03,8,3,5,40,14,8,1,5,4,5,7,4,4,1,4,4,2,16,1,18,2,8,1,1,7,9,3,18,2,11,,23,,1,22,9,121.5122088,25.104155
112,1,25,21,37,2,09北投區,北投區承德路6段91號停車格,0,0,2,2,C03,8,3,5,40,14,8,1,5,4,5,7,4,4,1,4,4,2,16,2,27,2,9,1,1,7,9,1,10,2,14,,13,,1,22,9,121.5122088,25.104155
112,1,25,22,2,2,10文山區,文山區景後街與景美街口,0,0,3,2,C03,8,3,5,50,4,1,1,5,4,5,7,4,4,9,5,5,2,16,2,20,2,9,1,4,7,9,1,10,2,11,,14,,1,22,9,121.5424888,24.9913004
112,1,25,22,2,2,10文山區,文山區景後街與景美街口,0,0,3,1,C03,8,3,5,50,4,1,1,5,4,5,7,4,4,9,5,5,2,16,1,55,2,7,1,4,7,5,1,10,2,12,,6,,1,22,9,121.5424888,24.9913004
112,1,25,22,2,2,10文山區,文山區景後街與景美街口,0,0,3,3,H02,8,3,5,50,4,1,1,5,4,5,7,4,4,9,5,5,2,16,2,27,2,9,4,5,7,21,8,20,10,16,,67,,1,22,9,121.5424888,24.9913004
112,1,25,22,50,2,07信義區,信義區忠孝東路5段71巷與忠孝東路5段口口,0,0,2,1,B03,8,3,5,50,3,2,1,5,4,5,7,4,4,10,4,5,2,16,1,26,3,10,1,1,7,6,6,18,1,1,,9,,1,22,9,121.567322,25.0411891
112,1,25,22,50,2,07信義區,信義區忠孝東路5段71巷與忠孝東路5段口口,0,0,2,3,H02,8,3,5,50,3,2,1,5,4,5,7,4,4,10,4,5,2,16,2,20,2,9,4,5,7,20,8,20,10,16,,67,,1,22,9,121.567322,25.0411891
112,1,25,22,50,2,07信義區,信義區忠孝東路5段71巷與忠孝東路5段口口,0,0,2,2,C03,8,3,5,50,3,2,1,5,4,5,7,4,4,10,4,5,2,16,1,20,2,9,1,1,7,9,1,10,1,14,,14,,1,22,9,121.567322,25.0411891
112,1,25,23,58,2,01大同區,大同區承德路1段與長安西路口,0,0,2,2,B01,8,3,5,50,4,1,1,5,4,5,7,2,1,1,2,5,2,16,1,63,3,10,1,1,7,9,1,4,2,8,,44,,1,22,9,121.5170875,25.0508715
112,1,25,23,58,2,01大同區,大同區承德路1段與長安西路口,0,0,2,3,H02,8,3,5,50,4,1,1,5,4,5,7,2,1,1,2,5,2,16,2,24,2,9,4,5,7,21,8,20,10,16,,67,,1,22,9,121.5170875,25.0508715
112,1,25,23,58,2,01大同區,大同區承德路1段與長安西路口,0,0,2,1,C03,8,3,5,50,4,1,1,5,4,5,7,2,1,1,2,5,2,16,1,24,2,9,1,1,7,5,1,10,2,11,,8,,1,22,9,121.5170875,25.0508715
112,1,26,0,20,2,02萬華區,萬華區大理街與大理街133巷口,0,0,1,2,B03,8,3,5,30,4,1,1,5,4,5,7,4,4,10,5,5,2,15,1,59,3,10,1,4,7,9,1,8,2,8,,23,,1,22,9,121.4973843,25.03417313
112,1,26,0,20,2,02萬華區,萬華區大理街與大理街133巷口,0,0,1,1,C03,8,3,5,30,4,1,1,5,4,5,7,4,4,10,5,5,2,15,1,60,2,9,1,4,7,9,1,10,2,11,,6,,1,22,9,121.4973843,25.03417313
112,1,26,1,5,2,02萬華區,萬華區環河南路2段與和平西路3段口,0,0,1,1,C03,8,3,5,50,4,1,1,5,4,5,7,2,1,10,5,5,2,13,2,28,2,9,1,1,7,7,1,10,2,13,,7,,1,22,9,121.4945495,25.0356696
112,1,26,1,5,2,02萬華區,萬華區環河南路2段與和平西路3段口,0,0,1,2,B01,8,3,5,50,4,1,1,5,4,5,7,2,1,10,5,5,2,13,1,51,3,10,1,1,7,9,1,4,2,8,,44,,1,22,9,121.4945495,25.0356696
112,1,26,3,7,2,05中正區,中正區福州街與牯嶺街口,0,0,2,2,B01,7,3,5,50,4,1,1,5,4,5,7,3,1,5,5,5,2,15,1,55,3,10,1,1,7,9,1,4,2,1,,13,,1,22,9,121.5177162,25.0282716
112,1,26,3,7,2,05中正區,中正區福州街與牯嶺街口,0,0,2,3,H02,7,3,5,50,4,1,1,5,4,5,7,3,1,5,5,5,2,15,2,62,2,9,1,1,7,20,8,20,10,16,,67,,1,22,9,121.5177162,25.0282716
112,1,26,3,7,2,05中正區,中正區福州街與牯嶺街口,0,0,2,1,B01,7,3,5,50,4,1,1,5,4,5,7,3,1,5,5,5,2,15,1,57,2,9,1,1,7,9,1,4,2,2,,6,,1,22,9,121.5177162,25.0282716
112,1,26,6,29,2,01大同區,大同區承德路2段與南京西路口,0,0,1,1,B03,8,1,5,50,4,1,1,5,4,5,7,2,1,1,4,5,2,2,1,35,4,11,3,4,7,15,7,19,11,15,,15,,2,22,9,121.5176923,25.05343282
112,1,26,6,29,2,01大同區,大同區承德路2段與南京西路口,0,0,1,2,H01,8,1,5,50,4,1,1,5,4,5,7,2,1,1,4,5,2,2,2,59,2,5,4,5,8,16,8,20,10,16,,67,,1,22,9,121.5176923,25.05343282
112,1,26,7,53,2,04大安區,大安區和平東路1段與和平東路1段74巷口,0,0,2,2,C03,8,1,5,40,3,2,1,5,4,5,7,4,4,1,4,4,2,17,1,39,2,8,1,1,7,8,1,10,2,12,,7,,1,22,9,121.5245711,25.02679156
112,1,26,7,53,2,04大安區,大安區和平東路1段與和平東路1段74巷口,0,0,2,1,C03,8,1,5,40,3,2,1,5,4,5,7,4,4,1,4,4,2,17,1,50,2,9,1,1,7,4,1,10,2,14,,13,,1,22,9,121.5245711,25.02679156
112,1,26,7,59,2,03中山區,中山區長安東路1段與新生北路1段口,0,0,1,2,H01,7,1,5,50,4,1,1,5,4,5,7,2,1,4,5,5,1,2,2,14,2,9,4,5,8,16,8,20,10,16,,67,,1,22,9,121.5294891,25.04813132
112,1,26,7,59,2,03中山區,中山區長安東路1段與新生北路1段口,0,0,1,1,C03,7,1,5,50,4,1,1,5,4,5,7,2,1,4,5,5,1,2,2,29,3,10,3,4,7,6,1,10,2,11,,15,,1,22,9,121.5294891,25.04813132
112,1,26,8,50,2,09北投區,北投區明德路與明德路口振興醫院急診室出入口,0,0,1,3,H02,8,1,5,50,3,1,1,5,4,5,7,3,1,5,4,5,2,16,2,68,2,8,1,1,7,20,8,20,10,16,,67,,1,22,9,121.5216892,25.11521311
112,1,26,8,50,2,09北投區,北投區明德路與明德路口振興醫院急診室出入口,0,0,1,2,C03,8,1,5,50,3,1,1,5,4,5,7,3,1,5,4,5,2,16,1,69,3,10,1,1,7,7,1,10,1,11,,7,,1,22,9,121.5216892,25.11521311
112,1,26,8,50,2,09北投區,北投區明德路與明德路口振興醫院急診室出入口,0,0,1,1,B03,8,1,5,50,3,1,1,5,4,5,7,3,1,5,4,5,2,16,1,61,3,10,1,1,7,5,1,8,1,8,,6,,1,22,9,121.5216892,25.11521311
112,1,26,9,10,2,02萬華區,萬華區華江橋往台北市機車道轉彎處,0,0,1,2,C03,8,1,5,40,8,11,1,5,4,5,1,4,4,10,5,3,2,13,2,23,2,9,1,1,7,9,1,10,1,11,,23,,1,22,9,121.4889955,25.03548242
112,1,26,9,10,2,02萬華區,萬華區華江橋往台北市機車道轉彎處,0,0,1,1,C03,8,1,5,40,8,11,1,5,4,5,1,4,4,10,5,3,2,13,4,0,4,11,3,4,7,15,7,19,11,15,,43,,2,22,9,121.4889955,25.03548242
112,1,26,9,31,2,09北投區,北投區尊賢街247號,0,0,1,1,C03,8,1,5,30,14,9,1,5,4,5,7,4,4,10,5,5,2,10,1,44,3,10,1,1,7,9,1,10,1,11,,23,,1,22,9,121.5069032,25.11758032
112,1,26,9,31,2,09北投區,北投區尊賢街247號,0,0,1,2,C03,8,1,5,30,14,9,1,5,4,5,7,4,4,10,5,5,2,10,2,67,2,9,1,1,7,9,1,10,1,11,,44,,1,22,9,121.5069032,25.11758032
112,1,26,9,40,2,12內湖區,內湖區康寧路3段75巷與康寧路3段口口,0,0,2,2,C02,8,1,5,50,3,1,1,5,4,4,6,1,1,1,4,5,1,17,1,35,2,9,1,1,7,9,1,9,1,11,,13,,1,22,9,121.608834,25.07193806
112,1,26,9,40,2,12內湖區,內湖區康寧路3段75巷與康寧路3段口口,0,0,2,3,B12,8,1,5,50,3,1,1,5,4,4,6,1,1,1,4,5,1,17,1,63,3,10,1,1,7,7,1,8,11,15,,26,,1,22,9,121.608834,25.07193806
112,1,26,9,40,2,12內湖區,內湖區康寧路3段75巷與康寧路3段口口,0,0,2,1,C03,8,1,5,50,3,1,1,5,4,4,6,1,1,1,4,5,1,17,1,42,2,9,1,1,7,5,1,10,1,14,,8,,1,22,9,121.608834,25.07193806
112,1,26,9,58,2,02萬華區,萬華區萬大路486巷11弄與萬大路486巷口,0,0,2,1,C03,8,1,5,30,4,1,1,5,4,5,7,4,4,10,5,5,2,15,2,70,2,6,1,1,7,9,1,10,1,11,,6,,1,22,9,121.496965,25.01988679
112,1,26,9,58,2,02萬華區,萬華區萬大路486巷11弄與萬大路486巷口,0,0,2,2,C03,8,1,5,30,4,1,1,5,4,5,7,4,4,10,5,5,2,15,2,37,2,3,1,1,7,9,1,10,1,11,,14,,1,22,9,121.496965,25.01988679
112,1,26,10,41,2,05中正區,中正區重慶南路3段63號附近,0,0,2,2,C03,8,1,5,30,14,9,1,5,4,5,7,4,4,1,4,5,1,17,2,18,2,8,1,1,7,9,1,10,1,14,,44,,1,22,9,121.5163112,25.02645485
112,1,26,10,41,2,05中正區,中正區重慶南路3段63號附近,0,0,2,1,C03,8,1,5,30,14,9,1,5,4,5,7,4,4,1,4,5,1,17,1,54,2,7,1,1,7,8,1,9,1,12,,7,,1,22,9,121.5163112,25.02645485
112,1,26,10,51,2,02萬華區,萬華區桂林路53號,0,0,1,1,C03,8,1,5,50,14,9,1,5,4,5,7,4,4,5,4,5,2,13,1,18,2,7,1,1,7,9,1,10,1,11,,23,,1,22,9,121.5033633,25.0381012
112,1,26,10,51,2,02萬華區,萬華區桂林路53號,0,0,1,2,B03,8,1,5,50,14,9,1,5,4,5,7,4,4,5,4,5,2,13,1,29,3,10,1,1,7,11,1,8,1,3,,10,,1,22,9,121.5033633,25.0381012
112,1,26,11,16,2,10文山區,文山區興隆路1段與景興路口口,0,0,1,1,C03,8,1,5,50,5,2,1,5,4,5,7,1,1,1,4,5,2,12,1,26,2,9,1,1,7,7,1,10,1,14,,7,,1,22,9,121.5447876,24.9986588
112,1,26,11,16,2,10文山區,文山區興隆路1段與景興路口口,0,0,1,2,B03,8,1,5,50,5,2,1,5,4,5,7,1,1,1,4,5,2,12,2,61,3,10,1,1,7,9,1,8,1,2,,44,,1,22,9,121.5447876,24.9986588
112,1,26,11,19,2,02萬華區,萬華區萬大路與萬大路85巷口,0,0,3,3,H02,8,1,5,50,4,1,1,5,4,5,7,1,1,10,5,5,2,15,2,72,2,9,4,5,7,20,8,20,10,16,,67,,1,22,9,121.5006016,25.03030496
112,1,26,11,19,2,02萬華區,萬華區萬大路與萬大路85巷口,0,0,3,1,C03,8,1,5,50,4,1,1,5,4,5,7,1,1,10,5,5,2,15,2,52,2,9,1,1,7,9,1,10,1,11,,25,,1,22,9,121.5006016,25.03030496
112,1,26,11,19,2,02萬華區,萬華區萬大路與萬大路85巷口,0,0,3,2,C03,8,1,5,50,4,1,1,5,4,5,7,1,1,10,5,5,2,15,1,64,2,9,1,1,7,9,1,10,2,14,,4,,1,22,9,121.5006016,25.03030496
112,1,26,12,19,2,06松山區,松山區八德路2段與八德路2段366巷口口,0,0,2,1,H01,8,1,5,0,5,2,1,5,4,5,7,1,1,10,5,5,1,3,1,23,2,9,4,1,8,16,8,20,2,16,,52,,1,22,9,121.5459035,25.0480386
112,1,26,12,19,2,06松山區,松山區八德路2段與八德路2段366巷口口,0,0,2,2,C03,8,1,5,0,5,2,1,5,4,5,7,1,1,10,5,5,1,3,2,47,2,9,1,1,7,6,1,10,2,11,,15,,1,22,9,121.5459035,25.0480386
112,1,26,12,44,2,10文山區,文山區木柵路4段與木柵路4段33巷口,0,0,1,1,B03,8,1,5,50,3,1,1,5,4,5,7,3,1,5,2,5,2,17,1,77,3,10,3,4,7,5,1,8,1,5,,6,,1,22,9,121.5716366,24.99408742
112,1,26,12,44,2,10文山區,文山區木柵路4段與木柵路4段33巷口,0,0,1,2,C03,8,1,5,50,3,1,1,5,4,5,7,3,1,5,2,5,2,17,2,21,2,8,1,4,7,9,1,10,1,11,,14,,1,22,9,121.5716366,24.99408742
112,1,26,12,50,2,09北投區,北投區大度路3段與立功街口口旁,0,0,4,1,B03,7,1,5,50,14,7,1,5,4,5,7,2,1,1,4,5,2,13,1,24,2,9,1,1,7,9,1,8,2,1,,16,,1,22,9,121.4698309,25.123047