發生年度,發生月,發生日,發生時-Hours,發生分,處理別-編號,區序,肇事地點,死亡人數,2-30日死亡人數,受傷人數,當事人序號,車種,天候,光線,道路類別,速限-速度限制,道路型態,事故位置,路面狀況1,路面狀況2,路面狀況3,道路障礙1,道路障礙2,號誌1,號誌2,車道劃分-分向,車道劃分-分道1,車道劃分-分道2,車道劃分-分道3,事故類型及型態,性別,年齡,受傷程度,主要傷處,保護裝置,行動電話,車輛用途,當事者行動狀態,駕駛資格情形,駕駛執照種類,飲酒情形,車輛撞擊部位1,車輛撞擊部位2,肇因碼-個別,肇因碼-主要,個人肇逃否,職業,旅次目的,座標-X,座標-Y
112,1,28,15,26,2,02萬華區,萬華區西園路2段140巷與雙園街67巷口,0,0,1,1,H01,8,1,5,50,3,1,1,5,4,5,7,4,4,9,4,5,2,9,1,7,2,8,4,5,8,18,8,20,10,16,,54,,1,22,9,121.4952845,25.03128442
112,1,28,15,26,2,02萬華區,萬華區西園路2段140巷與雙園街67巷口,0,0,1,2,C03,8,1,5,50,3,1,1,5,4,5,7,4,4,9,4,5,2,9,1,19,3,10,1,1,7,9,1,10,2,12,,44,,1,22,9,121.4952845,25.03128442
112,1,28,16,0,2,12內湖區,內湖區內湖路2段175號,0,0,2,1,B03,7,1,5,50,14,9,1,5,4,5,7,4,4,10,4,5,2,16,1,60,3,10,1,1,7,11,1,8,2,2,,10,,1,22,9,121.5839578,25.0802549
112,1,28,16,0,2,12內湖區,內湖區內湖路2段175號,0,0,2,2,C03,7,1,5,50,14,9,1,5,4,5,7,4,4,10,4,5,2,16,1,29,2,9,1,1,7,9,1,10,2,11,,23,,1,22,9,121.5839578,25.0802549
112,1,28,16,0,2,12內湖區,內湖區內湖路2段175號,0,0,2,3,H02,7,1,5,50,14,9,1,5,4,5,7,4,4,10,4,5,2,16,1,10,2,9,4,5,7,21,8,20,10,16,,67,,1,22,9,121.5839578,25.0802549
112,1,28,16,5,2,03中山區,中山區新生北路1段62巷,0,0,1,2,C03,8,1,5,50,14,9,1,5,4,5,7,1,1,10,3,5,1,16,1,31,3,10,1,1,7,9,1,10,1,12,,44,,1,22,9,121.5304809,25.0471655
112,1,28,16,5,2,03中山區,中山區新生北路1段62巷,0,0,1,1,C03,8,1,5,50,14,9,1,5,4,5,7,1,1,10,3,5,1,16,1,37,2,8,1,1,7,7,1,10,1,14,,7,,1,22,9,121.5304809,25.0471655
112,1,28,16,16,2,04大安區,大安區光復南路與延吉街口,0,0,1,1,C03,8,1,5,50,3,1,1,5,4,5,7,4,4,1,5,5,1,15,1,26,2,9,1,1,7,9,1,10,1,14,,14,,1,22,9,121.5569602,25.0337553
112,1,28,16,16,2,04大安區,大安區光復南路與延吉街口,0,0,1,2,B01,8,1,5,50,3,1,1,5,4,5,7,4,4,1,5,5,1,15,2,58,3,10,1,1,7,9,1,4,1,1,,6,,1,22,9,121.5569602,25.0337553
112,1,28,16,51,2,06松山區,松山區南京東路5段與塔悠路口,0,0,1,1,C03,8,1,5,50,5,1,1,5,4,5,7,1,1,1,3,5,2,16,1,40,2,9,1,1,7,7,1,10,1,14,,17,,1,22,9,121.5703824,25.051309
112,1,28,16,51,2,06松山區,松山區南京東路5段與塔悠路口,0,0,1,2,B03,8,1,5,50,5,1,1,5,4,5,7,1,1,1,3,5,2,16,1,25,3,10,1,1,7,9,1,8,1,5,,6,,1,22,9,121.5703824,25.051309
112,1,28,17,0,2,08士林區,士林區百齡橋與通河東街2段10巷口引道,0,0,1,1,B03,8,1,5,30,3,1,1,5,4,5,7,4,4,1,4,5,1,17,2,54,3,10,1,1,7,7,1,8,2,8,,7,,1,22,9,121.5153552,25.09050658
112,1,28,17,0,2,08士林區,士林區百齡橋與通河東街2段10巷口引道,0,0,1,2,C03,8,1,5,30,3,1,1,5,4,5,7,4,4,1,4,5,1,17,2,47,2,9,1,1,7,9,4,11,2,13,,44,,1,22,9,121.5153552,25.09050658
112,1,28,17,2,2,12內湖區,內湖區文湖街53號,0,0,1,2,B03,7,3,5,50,14,9,1,5,4,5,7,4,4,5,5,5,2,17,2,39,3,10,3,4,7,13,1,8,11,7,,44,,1,22,9,121.5624006,25.08676151
112,1,28,17,2,2,12內湖區,內湖區文湖街53號,0,0,1,1,C03,7,3,5,50,14,9,1,5,4,5,7,4,4,5,5,5,2,17,1,25,2,9,1,1,7,9,1,10,1,11,,23,,1,22,9,121.5624006,25.08676151
112,1,28,17,15,2,03中山區,中山區市民大道3段與八德路2段口,0,0,2,3,H02,8,3,5,50,4,2,1,5,4,5,7,2,1,5,4,5,2,16,2,59,2,9,4,5,7,20,8,20,10,16,,67,,1,22,9,121.5345957,25.0450194
112,1,28,17,15,2,03中山區,中山區市民大道3段與八德路2段口,0,0,2,1,B03,8,3,5,50,4,2,1,5,4,5,7,2,1,5,4,5,2,16,1,20,3,10,1,1,7,6,1,8,2,2,,9,,1,22,9,121.5345957,25.0450194
112,1,28,17,15,2,03中山區,中山區市民大道3段與八德路2段口,0,0,2,2,C03,8,3,5,50,4,2,1,5,4,5,7,2,1,5,4,5,2,16,1,30,2,9,1,1,7,9,1,10,2,11,,44,,1,22,9,121.5345957,25.0450194
112,1,28,17,50,2,05中正區,中正區汀州路1段與莒光路口,0,0,1,2,C03,8,3,5,50,5,1,1,5,4,5,7,1,1,5,2,5,2,17,2,27,2,9,1,1,7,9,1,10,2,12,,14,,1,22,9,121.5067407,25.03128418
112,1,28,17,50,2,05中正區,中正區汀州路1段與莒光路口,0,0,1,1,B02,8,3,5,50,5,1,1,5,4,5,7,1,1,5,2,5,2,17,2,28,3,10,1,1,7,5,1,8,2,6,,6,,1,22,9,121.5067407,25.03128418
112,1,28,18,46,2,01大同區,大同區西寧北路中興醫院前,0,0,1,1,B03,8,3,5,50,14,9,1,5,4,5,7,4,4,5,4,5,2,17,1,38,3,10,3,4,7,5,1,8,2,15,,8,,1,22,9,121.5084839,25.05147302
112,1,28,18,46,2,01大同區,大同區西寧北路中興醫院前,0,0,1,2,C03,8,3,5,50,14,9,1,5,4,5,7,4,4,5,4,5,2,17,1,18,2,9,3,4,7,9,3,18,2,12,,42,,1,22,9,121.5084839,25.05147302
112,1,28,18,50,2,05中正區,中正區汀州路3段8號,0,0,1,1,B02,8,3,5,50,16,9,1,5,4,5,7,4,4,10,4,5,2,13,1,23,3,10,1,1,7,9,1,8,1,8,,16,,1,22,9,121.5272694,25.0181466
112,1,28,18,50,2,05中正區,中正區汀州路3段8號,0,0,1,2,C03,8,3,5,50,16,9,1,5,4,5,7,4,4,10,4,5,2,13,2,57,2,8,1,1,7,9,1,10,1,13,,44,,1,22,9,121.5272694,25.0181466
112,1,28,19,29,2,12內湖區,內湖區新湖一路79號對面,0,0,1,1,B03,8,3,5,50,14,9,1,5,4,5,7,4,4,5,5,5,2,12,2,54,2,6,1,1,7,1,1,8,1,1,,19,,1,22,9,121.5752567,25.05857078
112,1,28,19,29,2,12內湖區,內湖區新湖一路79號對面,0,0,1,2,A02,8,3,5,50,14,9,1,5,4,5,7,4,4,5,5,5,2,12,1,57,3,10,1,1,7,9,1,2,1,2,,44,,1,22,9,121.5752567,25.05857078
112,1,28,19,30,2,07信義區,信義區嘉興街與嘉興街175巷口,0,0,1,1,B03,8,1,5,30,4,2,1,5,4,5,7,4,4,9,4,5,2,17,1,33,3,10,1,1,7,9,1,8,1,1,,6,,1,22,9,121.5571129,25.0277943
112,1,28,19,30,2,07信義區,信義區嘉興街與嘉興街175巷口,0,0,1,2,C03,8,1,5,30,4,2,1,5,4,5,7,4,4,9,4,5,2,17,2,49,2,9,1,1,7,9,1,10,1,12,,44,,1,22,9,121.5571129,25.0277943
112,1,28,20,2,2,01大同區,大同區鄭州路與鄭州路口東往西(太原廣場地下停車場前),0,0,1,1,B03,7,3,5,40,3,2,1,5,4,5,7,4,4,1,4,5,2,17,1,37,3,10,1,1,7,6,1,8,1,6,,9,,1,22,9,121.5153088,25.0490818
112,1,28,20,2,2,01大同區,大同區鄭州路與鄭州路口東往西(太原廣場地下停車場前),0,0,1,2,C03,7,3,5,40,3,2,1,5,4,5,7,4,4,1,4,5,2,17,1,24,2,9,1,1,7,9,1,10,1,11,,13,,1,22,9,121.5153088,25.0490818
112,1,28,20,12,2,02萬華區,萬華區青年路142號,0,0,2,3,C03,7,3,5,30,14,9,1,5,4,5,7,4,4,10,3,5,1,6,1,111,4,11,3,4,7,13,7,19,11,15,,44,,1,22,9,121.5024099,25.0215928
112,1,28,20,12,2,02萬華區,萬華區青年路142號,0,0,2,1,H01,7,3,5,30,14,9,1,5,4,5,7,4,4,10,3,5,1,6,1,9,2,1,4,5,8,18,8,20,10,16,,51,,1,22,9,121.5024099,25.0215928
112,1,28,20,12,2,02萬華區,萬華區青年路142號,0,0,2,2,C03,7,3,5,30,14,9,1,5,4,5,7,4,4,10,3,5,1,6,1,28,2,9,3,4,7,9,1,10,2,11,,13,,1,22,9,121.5024099,25.0215928
112,1,28,20,21,2,08士林區,士林區基河路14號,0,0,1,2,C03,8,3,5,0,14,9,1,5,4,5,7,4,4,9,4,5,2,17,1,33,2,8,1,1,7,9,1,10,2,12,,42,,1,22,9,121.5241409,25.08177868
112,1,28,20,21,2,08士林區,士林區基河路14號,0,0,1,1,B01,8,3,5,0,14,9,1,5,4,5,7,4,4,9,4,5,2,17,1,36,3,10,1,1,7,7,1,4,2,15,,7,,1,22,9,121.5241409,25.08177868
112,1,28,20,35,2,04大安區,大安區復興南路2段與復興南路2段125巷口,0,0,1,2,H01,7,3,5,50,3,1,1,5,4,5,7,2,1,1,4,4,2,3,2,62,2,9,4,5,8,16,8,20,10,16,,67,,1,22,9,121.5436324,25.0292379
112,1,28,20,35,2,04大安區,大安區復興南路2段與復興南路2段125巷口,0,0,1,1,F01,7,3,5,50,3,1,1,5,4,5,7,2,1,1,4,4,2,3,1,28,3,10,3,2,7,9,8,20,1,16,,15,,1,22,9,121.5436324,25.0292379
112,1,28,20,35,2,04大安區,大安區復興南路2段與復興南路2段125巷口,0,0,1,3,H01,7,3,5,50,3,1,1,5,4,5,7,2,1,1,4,4,2,3,2,29,3,10,4,5,8,16,8,20,10,16,,67,,1,22,9,121.5436324,25.0292379
112,1,28,20,40,2,08士林區,士林區延平北路5段與中正路口,0,0,1,2,C03,7,3,5,50,4,2,1,5,4,5,7,1,1,5,5,5,1,13,1,33,2,9,1,1,7,12,1,10,1,13,,44,,1,22,9,121.5092649,25.08683936
112,1,28,20,40,2,08士林區,士林區延平北路5段與中正路口,0,0,1,1,C03,7,3,5,50,4,2,1,5,4,5,7,1,1,5,5,5,1,13,1,46,3,10,1,1,7,9,1,10,2,11,,23,,1,22,9,121.5092649,25.08683936
112,1,28,20,50,2,06松山區,松山區市民大道5段145號,0,0,1,2,C03,8,3,5,30,14,9,1,5,4,5,7,4,4,1,3,5,2,17,1,26,2,9,1,1,7,9,1,10,2,11,,44,,1,22,9,121.5642827,25.04783846
112,1,28,20,50,2,06松山區,松山區市民大道5段145號,0,0,1,1,B03,8,3,5,30,14,9,1,5,4,5,7,4,4,1,3,5,2,17,1,35,3,10,3,4,7,6,1,8,2,5,,6,,1,22,9,121.5642827,25.04783846
112,1,28,21,3,2,05中正區,中正區中華路2段與寧波西街口口,0,0,2,1,C03,8,3,5,50,14,8,1,5,4,5,7,1,1,9,4,4,2,16,1,43,2,9,1,1,7,5,1,10,2,13,,6,,1,22,9,121.5101452,25.0246234
112,1,28,21,3,2,05中正區,中正區中華路2段與寧波西街口口,0,0,2,2,C03,8,3,5,50,14,8,1,5,4,5,7,1,1,9,4,4,2,16,1,25,2,9,1,1,7,9,3,18,4,11,,42,,1,22,9,121.5101452,25.0246234
112,1,28,21,16,2,03中山區,中山區南京東路2段與伊通街口,0,0,1,2,C03,7,3,5,50,4,2,1,5,4,5,7,1,1,5,5,5,2,17,1,21,2,8,1,1,7,6,1,10,1,12,,44,,1,22,9,121.5346914,25.05206397
112,1,28,21,16,2,03中山區,中山區南京東路2段與伊通街口,0,0,1,1,C03,7,3,5,50,4,2,1,5,4,5,7,1,1,5,5,5,2,17,1,28,3,10,1,1,7,5,1,10,1,12,,8,,1,22,9,121.5346914,25.05206397
112,1,28,21,26,2,06松山區,松山區八德路4段194號,0,0,2,2,C03,7,3,5,50,14,9,1,5,4,5,7,2,1,9,4,5,2,17,1,28,2,8,1,1,7,9,1,10,2,12,,44,,1,22,9,121.5639056,25.04879902
112,1,28,21,26,2,06松山區,松山區八德路4段194號,0,0,2,3,H02,7,3,5,50,14,9,1,5,4,5,7,2,1,9,4,5,2,17,2,49,2,9,1,5,7,21,8,20,10,16,,67,,1,22,9,121.5639056,25.04879902
112,1,28,21,26,2,06松山區,松山區八德路4段194號,0,0,2,1,B03,7,3,5,50,14,9,1,5,4,5,7,2,1,9,4,5,2,17,1,56,4,11,3,4,7,1,7,19,11,15,,19,,2,22,9,121.5639056,25.04879902
112,1,28,23,5,2,12內湖區,內湖區舊宗路1段與新湖三路口,0,0,1,2,B12,8,3,5,50,14,9,1,5,4,5,7,4,4,1,4,5,2,16,2,62,3,10,1,1,7,9,1,8,1,2,,44,,1,22,9,121.5768343,25.06332059
112,1,28,23,5,2,12內湖區,內湖區舊宗路1段與新湖三路口,0,0,1,1,C03,8,3,5,50,14,9,1,5,4,5,7,4,4,1,4,5,2,16,1,61,2,8,1,1,7,7,1,10,1,14,,7,,1,22,9,121.5768343,25.06332059
112,1,29,5,0,2,04大安區,大安區敦化南路1段161巷與忠孝東路4段205巷口,0,0,1,1,B01,7,3,5,30,4,1,1,5,4,5,7,4,4,9,4,5,2,15,1,58,3,10,3,4,7,9,1,4,11,5,,26,,2,22,9,121.5519437,25.0434785
112,1,29,5,0,2,04大安區,大安區敦化南路1段161巷與忠孝東路4段205巷口,0,0,1,2,C04,7,3,5,30,4,1,1,5,4,5,7,4,4,9,4,5,2,15,1,40,2,8,1,1,7,9,1,10,11,11,,14,,1,22,9,121.5519437,25.0434785
112,1,29,7,46,2,02萬華區,萬華區康定路287巷與康定路口,0,0,1,2,C03,8,1,5,50,4,1,1,5,4,5,7,1,1,8,3,5,1,17,1,47,2,8,1,1,7,1,1,10,1,13,,25,,1,22,9,121.501081,25.0340898
112,1,29,7,46,2,02萬華區,萬華區康定路287巷與康定路口,0,0,1,1,C03,8,1,5,50,4,1,1,5,4,5,7,1,1,8,3,5,1,17,2,65,3,10,1,1,7,1,1,10,1,11,,19,,1,22,9,121.501081,25.0340898
112,1,29,7,57,2,06松山區,松山區健康路325巷6弄27號,0,0,1,1,C03,8,1,5,30,14,9,1,5,4,5,7,4,4,9,4,5,2,17,1,26,2,8,1,4,7,9,1,10,1,14,,6,,1,22,9,121.568582,25.05502662
112,1,29,7,57,2,06松山區,松山區健康路325巷6弄27號,0,0,1,2,C03,8,1,5,30,14,9,1,5,4,5,7,4,4,9,4,5,2,17,1,45,3,10,1,4,7,9,1,10,1,15,,23,,1,22,9,121.568582,25.05502662
112,1,29,8,50,2,05中正區,中正區羅斯福路3段與師大路口,0,0,1,1,B12,8,2,5,50,4,1,1,5,4,5,7,1,1,1,4,5,2,16,1,47,3,10,1,1,7,5,1,8,1,5,,44,,1,22,9,121.5275799,25.0209819
112,1,29,8,50,2,05中正區,中正區羅斯福路3段與師大路口,0,0,1,2,F01,8,2,5,50,4,1,1,5,4,5,7,1,1,1,4,5,2,16,2,73,2,9,2,1,7,5,8,20,1,16,,26,,1,22,9,121.5275799,25.0209819
112,1,29,9,24,2,01大同區,大同區民權西路與重慶北路3段口,0,0,2,3,H01,8,1,5,0,4,2,1,5,4,5,7,2,1,1,4,5,2,17,2,87,2,9,4,5,8,16,8,20,10,16,,67,,1,22,9,121.5137023,25.0631393
112,1,29,9,24,2,01大同區,大同區民權西路與重慶北路3段口,0,0,2,1,B03,8,1,5,0,4,2,1,5,4,5,7,2,1,1,4,5,2,17,2,62,4,11,3,4,7,15,7,19,11,15,,25,,2,22,9,121.5137023,25.0631393
112,1,29,9,24,2,01大同區,大同區民權西路與重慶北路3段口,0,0,2,2,F01,8,1,5,0,4,2,1,5,4,5,7,2,1,1,4,5,2,17,1,66,2,1,1,4,7,9,8,20,2,16,,44,,1,22,9,121.5137023,25.0631393
112,1,29,9,35,2,07信義區,信義區基隆路1段與松隆路口,0,0,1,1,B03,8,1,5,50,3,1,1,5,4,5,7,2,1,1,4,5,1,16,1,55,3,10,3,4,7,6,6,8,1,5,,9,,1,22,9,121.565897,25.0433118
112,1,29,9,35,2,07信義區,信義區基隆路1段與松隆路口,0,0,1,2,C03,8,1,5,50,3,1,1,5,4,5,7,2,1,1,4,5,1,16,1,59,2,9,3,4,7,9,1,10,1,14,,44,,1,22,9,121.565897,25.0433118
112,1,29,9,37,2,04大安區,大安區和平東路3段與和平東路3段228巷口,0,0,1,1,B01,8,1,5,50,4,1,1,5,4,5,7,2,1,1,4,5,2,16,1,61,3,10,1,1,7,6,1,4,1,1,,6,,1,22,9,121.5545508,25.0222618
112,1,29,9,37,2,04大安區,大安區和平東路3段與和平東路3段228巷口,0,0,1,2,F01,8,1,5,50,4,1,1,5,4,5,7,2,1,1,4,5,2,16,2,45,2,7,2,1,7,5,8,20,1,16,,25,,1,22,9,121.5545508,25.0222618
112,1,29,9,47,2,09北投區,北投區中和街與中和街502巷口,0,0,2,1,C03,8,1,5,30,4,1,1,5,4,5,7,4,4,5,4,5,2,17,1,68,2,6,1,1,7,5,1,10,1,13,,6,,1,22,9,121.4942806,25.1453046
112,1,29,9,47,2,09北投區,北投區中和街與中和街502巷口,0,0,2,2,C03,8,1,5,30,4,1,1,5,4,5,7,4,4,5,4,5,2,17,1,23,2,8,1,1,7,9,1,10,1,11,,14,,1,22,9,121.4942806,25.1453046
112,1,29,10,40,2,10文山區,文山區辛亥路7段20巷12號,0,0,1,1,C03,8,1,5,30,14,9,1,5,4,5,6,4,4,10,5,5,2,10,1,28,2,9,3,4,7,9,1,10,1,11,,42,,1,22,9,121.553948,24.98669759
112,1,29,10,40,2,10文山區,文山區辛亥路7段20巷12號,0,0,1,2,B02,8,1,5,30,14,9,1,5,4,5,6,4,4,10,5,5,2,10,1,47,3,10,3,4,7,9,1,8,1,1,,42,,1,22,9,121.553948,24.98669759
112,1,29,10,50,2,03中山區,中山區新生北路2段與民權東路1段口,0,0,1,1,B02,8,1,5,50,4,2,1,5,4,5,7,2,1,1,4,5,2,13,1,75,3,10,3,4,7,9,1,8,1,1,,23,,1,22,9,121.5274067,25.06255539
112,1,29,10,50,2,03中山區,中山區新生北路2段與民權東路1段口,0,0,1,2,C03,8,1,5,50,4,2,1,5,4,5,7,2,1,1,4,5,2,13,2,49,2,9,3,4,7,14,1,10,1,13,,44,,1,22,9,121.5274067,25.06255539
112,1,29,10,59,2,09北投區,北投區懷德街與懷德街55巷口,0,0,1,1,F03,8,1,5,30,3,1,1,5,4,5,7,4,4,9,5,5,2,17,1,85,2,1,3,4,7,5,8,20,9,16,,42,,1,22,9,121.5189339,25.1129885
112,1,29,10,59,2,09北投區,北投區懷德街與懷德街55巷口,0,0,1,2,C03,8,1,5,30,3,1,1,5,4,5,7,4,4,9,5,5,2,17,1,38,3,10,3,4,7,6,1,10,9,15,,44,,1,22,9,121.5189339,25.1129885
112,1,29,11,0,2,08士林區,士林區文林路與雙溪街口,0,0,1,1,F01,8,1,5,40,4,2,1,5,4,5,7,1,1,5,4,4,2,11,2,67,2,9,2,1,7,6,8,20,1,16,,6,,1,22,9,121.5234057,25.09969738
112,1,29,11,0,2,08士林區,士林區文林路與雙溪街口,0,0,1,2,C03,8,1,5,40,4,2,1,5,4,5,7,1,1,5,4,4,2,11,2,19,3,10,1,1,7,5,1,10,1,11,,44,,1,22,9,121.5234057,25.09969738
112,1,29,11,4,2,07信義區,信義區信義路6段與松德路口,0,0,1,1,B03,8,1,5,50,4,1,1,5,4,5,7,1,1,1,4,5,1,3,1,48,3,10,3,4,7,5,1,8,2,1,,23,,1,22,9,121.5747492,25.0337071
112,1,29,11,4,2,07信義區,信義區信義路6段與松德路口,0,0,1,3,A02,8,1,5,50,4,1,1,5,4,5,7,1,1,1,4,5,1,3,1,52,3,10,3,4,7,5,1,2,2,15,,44,,1,22,9,121.5747492,25.0337071
112,1,29,11,4,2,07信義區,信義區信義路6段與松德路口,0,0,1,2,H01,8,1,5,50,4,1,1,5,4,5,7,1,1,1,4,5,1,3,2,6,2,9,4,5,8,16,8,20,10,16,,67,,1,22,9,121.5747492,25.0337071
112,1,29,11,47,2,04大安區,大安區忠孝東路4段116號,0,0,2,4,C03,8,1,5,50,14,9,1,5,4,5,7,1,1,8,3,5,2,12,1,44,3,10,1,1,7,9,1,10,1,11,,16,,1,22,9,121.5473729,25.0414759
112,1,29,11,47,2,04大安區,大安區忠孝東路4段116號,0,0,2,3,H02,8,1,5,50,14,9,1,5,4,5,7,1,1,8,3,5,2,12,2,27,2,8,4,5,7,20,8,20,10,16,,67,,1,22,9,121.5473729,25.0414759
112,1,29,11,47,2,04大安區,大安區忠孝東路4段116號,0,0,2,2,C03,8,1,5,50,14,9,1,5,4,5,7,1,1,8,3,5,2,12,2,26,2,8,1,1,7,9,1,10,1,11,,16,,1,22,9,121.5473729,25.0414759
112,1,29,11,47,2,04大安區,大安區忠孝東路4段116號,0,0,2,1,C03,8,1,5,50,14,9,1,5,4,5,7,1,1,8,3,5,2,12,1,19,3,10,1,1,7,7,1,10,1,13,,7,,1,22,9,121.5473729,25.0414759
112,1,29,11,47,2,04大安區,大安區忠孝東路4段116號,0,0,2,5,B01,8,1,5,50,14,9,1,5,4,5,7,1,1,8,3,5,2,12,1,63,4,11,3,4,7,15,7,19,11,15,,42,,2,22,9,121.5473729,25.0414759
112,1,29,12,33,2,05中正區,中正區懷寧街與漢口街1段口,0,0,1,2,C03,8,1,5,50,4,2,1,5,4,5,7,3,1,10,4,5,2,13,1,47,3,10,1,1,7,1,1,10,1,13,,19,,1,22,9,121.5142136,25.04516616
112,1,29,12,33,2,05中正區,中正區懷寧街與漢口街1段口,0,0,1,1,C03,8,1,5,50,4,2,1,5,4,5,7,3,1,10,4,5,2,13,2,23,2,8,1,1,7,9,1,10,1,11,,44,,1,22,9,121.5142136,25.04516616
112,1,29,13,5,2,12內湖區,內湖區民善街215號,0,0,1,2,B03,8,1,5,50,14,9,1,5,4,5,7,4,4,5,5,5,2,12,1,25,3,10,1,1,7,6,1,8,1,2,,9,,1,22,9,121.574427,25.06416693
112,1,29,13,5,2,12內湖區,內湖區民善街215號,0,0,1,1,C03,8,1,5,50,14,9,1,5,4,5,7,4,4,5,5,5,2,12,2,56,2,9,1,1,7,9,1,10,1,11,,23,,1,22,9,121.574427,25.06416693
112,1,29,13,25,2,09北投區,北投區中央北路1段與大同街口口,0,0,2,2,C03,8,1,5,30,14,9,1,5,4,5,7,2,1,10,5,5,2,17,1,55,2,5,1,1,7,9,1,10,1,11,,43,,1,22,9,121.4987277,25.1351943
112,1,29,13,25,2,09北投區,北投區中央北路1段與大同街口口,0,0,2,1,C03,8,1,5,30,14,9,1,5,4,5,7,2,1,10,5,5,2,17,1,26,2,9,1,1,7,15,1,10,1,11,,43,,1,22,9,121.4987277,25.1351943
112,1,29,14,11,2,10文山區,文山區木新路3段310巷與木新路3段278巷5弄口,0,0,1,1,C03,8,1,5,30,14,9,1,5,4,5,7,4,4,9,4,5,2,16,2,69,2,9,1,1,7,5,1,10,2,11,12,8,,1,22,9,121.5569853,24.9814976
112,1,29,14,11,2,10文山區,文山區木新路3段310巷與木新路3段278巷5弄口,0,0,1,2,B03,8,1,5,30,14,9,1,5,4,5,7,4,4,9,4,5,2,16,1,35,3,10,1,1,7,9,1,8,2,5,,44,,1,22,9,121.5569853,24.9814976
112,1,29,14,20,2,05中正區,中正區永福橋往永和,0,0,2,3,H02,8,1,5,50,8,9,1,5,4,5,7,4,4,5,4,5,2,12,2,22,4,11,4,5,7,20,8,20,10,16,,67,,1,22,9,121.5282322,25.01169
112,1,29,14,20,2,05中正區,中正區永福橋往永和,0,0,2,2,C03,8,1,5,50,8,9,1,5,4,5,7,4,4,5,4,5,2,12,1,25,2,9,1,1,7,6,1,10,1,14,,17,,1,22,9,121.5282322,25.01169
112,1,29,14,20,2,05中正區,中正區永福橋往永和,0,0,2,1,C03,8,1,5,50,8,9,1,5,4,5,7,4,4,5,4,5,2,12,1,30,2,9,1,1,7,9,1,10,1,12,,17,,1,22,9,121.5282322,25.01169
112,1,29,14,20,2,10文山區,文山區羅斯福路5段218巷38弄與羅斯福路5段192巷口,0,0,1,1,C03,8,1,5,30,3,2,1,5,4,5,7,4,4,10,5,5,2,17,1,30,3,10,1,4,7,5,1,10,1,15,,6,,1,22,9,121.53681,25.002518
112,1,29,14,20,2,10文山區,文山區羅斯福路5段218巷38弄與羅斯福路5段192巷口,0,0,1,2,C03,8,1,5,30,3,2,1,5,4,5,7,4,4,10,5,5,2,17,1,72,2,9,1,4,7,9,1,9,1,12,,14,,1,22,9,121.53681,25.002518
112,1,29,14,35,2,08士林區,士林區仰德大道4段與仁民路口,0,0,1,1,B03,8,1,5,40,3,2,1,5,4,5,7,4,4,5,5,5,1,17,1,35,3,10,1,1,7,6,1,8,2,6,,9,,1,22,9,121.5458059,25.1337979
112,1,29,14,35,2,08士林區,士林區仰德大道4段與仁民路口,0,0,1,2,C03,8,1,5,40,3,2,1,5,4,5,7,4,4,5,5,5,1,17,1,25,2,8,1,1,7,9,1,10,2,11,,23,,1,22,9,121.5458059,25.1337979
112,1,29,14,40,2,10文山區,文山區興隆路3段與興隆路3段192巷口口,0,0,2,2,C03,8,1,5,50,4,1,1,5,4,5,7,4,4,1,4,5,2,16,1,69,2,1,1,1,7,9,1,10,2,11,,44,,1,22,9,121.5588157,24.9980341
112,1,29,14,40,2,10文山區,文山區興隆路3段與興隆路3段192巷口口,0,0,2,1,C03,8,1,5,50,4,1,1,5,4,5,7,4,4,1,4,5,2,16,2,27,2,8,1,1,7,5,1,10,2,12,,6,,1,22,9,121.5588157,24.9980341
112,1,29,14,45,2,03中山區,中山區龍江路與龍江路口側附近55巷口,0,0,3,3,H02,8,1,5,30,4,1,1,5,4,5,7,4,4,8,3,5,1,16,2,35,2,9,1,5,7,20,8,20,10,16,,67,,1,22,9,121.5403942,25.0495767
112,1,29,14,45,2,03中山區,中山區龍江路與龍江路口側附近55巷口,0,0,3,2,C03,8,1,5,30,4,1,1,5,4,5,7,4,4,8,3,5,1,16,1,38,2,9,1,1,7,9,1,10,1,14,,44,,1,22,9,121.5403942,25.0495767
112,1,29,14,45,2,03中山區,中山區龍江路與龍江路口側附近55巷口,0,0,3,1,C03,8,1,5,30,4,1,1,5,4,5,7,4,4,8,3,5,1,16,1,50,2,9,1,1,7,9,1,10,1,11,,6,,1,22,9,121.5403942,25.0495767
112,1,29,15,0,2,12內湖區,內湖區安泰街與康樂街136巷29弄口,0,0,1,2,C03,8,1,5,30,3,1,1,5,4,5,7,4,4,9,5,5,2,17,1,29,2,9,1,1,7,9,1,10,1,14,,14,,1,22,9,121.6181943,25.07349773
112,1,29,15,0,2,12內湖區,內湖區安泰街與康樂街136巷29弄口,0,0,1,1,C03,8,1,5,30,3,1,1,5,4,5,7,4,4,9,5,5,2,17,1,34,3,10,1,1,7,6,1,10,1,15,,6,,1,22,9,121.6181943,25.07349773
112,1,29,15,37,2,03中山區,中山區市民大道3段3號,0,0,3,2,C03,8,1,5,40,14,9,1,5,4,5,7,4,4,4,3,5,1,16,2,19,2,9,1,1,7,9,1,10,1,11,,44,,1,22,9,121.531146,25.0460111
112,1,29,15,37,2,03中山區,中山區市民大道3段3號,0,0,3,1,C03,8,1,5,40,14,9,1,5,4,5,7,4,4,4,3,5,1,16,1,55,2,9,1,1,7,7,1,10,1,14,,7,,1,22,9,121.531146,25.0460111
112,1,29,15,37,2,03中山區,中山區市民大道3段3號,0,0,3,3,H02,8,1,5,40,14,9,1,5,4,5,7,4,4,4,3,5,1,16,1,18,2,9,1,5,7,20,8,20,10,16,,67,,1,22,9,121.531146,25.0460111