發生年度,發生月,發生日,發生時-Hours,發生分,處理別-編號,區序,肇事地點,死亡人數,2-30日死亡人數,受傷人數,當事人序號,車種,天候,光線,道路類別,速限-速度限制,道路型態,事故位置,路面狀況1,路面狀況2,路面狀況3,道路障礙1,道路障礙2,號誌1,號誌2,車道劃分-分向,車道劃分-分道1,車道劃分-分道2,車道劃分-分道3,事故類型及型態,性別,年齡,受傷程度,主要傷處,保護裝置,行動電話,車輛用途,當事者行動狀態,駕駛資格情形,駕駛執照種類,飲酒情形,車輛撞擊部位1,車輛撞擊部位2,肇因碼-個別,肇因碼-主要,個人肇逃否,職業,旅次目的,座標-X,座標-Y
112,1,29,16,24,2,04大安區,大安區通化街39巷與通化街39巷49弄口,0,0,2,1,C04,8,1,5,30,4,1,1,5,4,5,7,4,4,10,5,5,2,15,1,28,2,8,1,1,7,9,1,10,1,12,,6,,1,22,9,121.5554844,25.0308163
112,1,29,16,24,2,04大安區,大安區通化街39巷與通化街39巷49弄口,0,0,2,3,H02,8,1,5,30,4,1,1,5,4,5,7,4,4,10,5,5,2,15,2,29,2,8,1,5,7,17,8,20,10,16,,67,,1,22,9,121.5554844,25.0308163
112,1,29,16,24,2,04大安區,大安區通化街39巷與通化街39巷49弄口,0,0,2,2,B03,8,1,5,30,4,1,1,5,4,5,7,4,4,10,5,5,2,15,1,68,3,10,1,1,7,9,1,8,1,1,,14,,1,22,9,121.5554844,25.0308163
112,1,29,18,0,2,05中正區,中正區青島東路6-1號,0,0,1,1,C03,8,4,5,50,14,9,1,5,4,5,7,4,4,7,4,4,2,17,1,24,3,10,1,1,7,5,1,10,2,15,,8,,1,22,9,121.5218301,25.0438846
112,1,29,18,0,2,05中正區,中正區青島東路6-1號,0,0,1,2,C03,8,4,5,50,14,9,1,5,4,5,7,4,4,7,4,4,2,17,1,29,2,9,1,1,7,9,1,10,2,14,,42,,1,22,9,121.5218301,25.0438846
112,1,29,18,0,2,08士林區,士林區文林路587巷與美崙街152巷口,0,0,1,1,B03,8,3,5,50,3,1,1,5,4,5,7,4,4,10,5,5,1,3,2,31,3,10,1,1,7,11,1,8,1,1,,10,,1,22,9,121.5185689,25.09884466
112,1,29,18,0,2,08士林區,士林區文林路587巷與美崙街152巷口,0,0,1,2,H01,8,3,5,50,3,1,1,5,4,5,7,4,4,10,5,5,1,3,2,55,2,9,4,5,8,16,8,20,10,16,,67,,1,22,9,121.5185689,25.09884466
112,1,29,18,1,2,08士林區,士林區基河路15號,0,0,1,1,B03,8,3,5,50,14,9,1,5,4,5,7,4,4,5,4,5,2,16,1,43,3,10,1,1,7,11,1,8,1,4,,10,,1,22,9,121.5245438,25.08681558
112,1,29,18,1,2,08士林區,士林區基河路15號,0,0,1,2,C03,8,3,5,50,14,9,1,5,4,5,7,4,4,5,4,5,2,16,1,21,2,8,1,1,7,9,1,10,1,11,,44,,1,22,9,121.5245438,25.08681558
112,1,29,18,32,2,01大同區,大同區民權西路144巷與民權西路102巷4弄口,0,0,2,1,C03,7,3,5,30,4,1,1,5,4,5,7,3,1,10,5,5,2,15,1,35,2,9,1,4,7,9,1,10,1,11,,6,,1,22,9,121.5159286,25.0616213
112,1,29,18,32,2,01大同區,大同區民權西路144巷與民權西路102巷4弄口,0,0,2,2,C03,7,3,5,30,4,1,1,5,4,5,7,3,1,10,5,5,2,15,1,30,2,8,1,4,7,9,1,10,1,14,,14,,1,22,9,121.5159286,25.0616213
112,1,29,19,0,2,12內湖區,內湖區民權東路6段190巷與民權東路6段180巷77弄口,0,0,1,1,B12,8,3,5,30,4,1,1,5,4,5,7,4,4,5,5,5,1,15,1,67,3,10,1,1,7,9,1,8,2,2,,6,,1,22,9,121.5943185,25.06571511
112,1,29,19,0,2,12內湖區,內湖區民權東路6段190巷與民權東路6段180巷77弄口,0,0,1,2,C03,8,3,5,30,4,1,1,5,4,5,7,4,4,5,5,5,1,15,1,23,2,9,1,1,7,9,1,10,2,11,,23,,1,22,9,121.5943185,25.06571511
112,1,29,19,1,2,09北投區,北投區承德路6段359號,0,0,1,2,B03,8,3,5,60,14,12,1,5,4,5,7,4,4,1,4,4,1,17,1,32,3,10,1,1,7,6,1,8,1,7,,9,,1,22,9,121.5114685,25.1082663
112,1,29,19,1,2,09北投區,北投區承德路6段359號,0,0,1,3,C03,8,3,5,60,14,12,1,5,4,5,7,4,4,1,4,4,1,17,1,38,3,10,1,1,7,9,1,10,1,15,,44,,1,22,9,121.5114685,25.1082663
112,1,29,19,1,2,09北投區,北投區承德路6段359號,0,0,1,1,C03,8,3,5,60,14,12,1,5,4,5,7,4,4,1,4,4,1,17,1,34,2,8,1,1,7,9,1,10,1,11,,23,,1,22,9,121.5114685,25.1082663
112,1,29,19,58,2,06松山區,松山區民權東路5段68號,0,0,1,2,C03,8,3,5,50,14,9,1,5,4,5,7,1,1,1,3,5,2,13,2,43,2,9,3,4,7,14,1,10,1,13,,43,,1,22,9,121.5660858,25.06301956
112,1,29,19,58,2,06松山區,松山區民權東路5段68號,0,0,1,1,B03,8,3,5,50,14,9,1,5,4,5,7,1,1,1,3,5,2,13,1,32,3,10,3,4,7,9,1,8,1,1,,43,,1,22,9,121.5660858,25.06301956
112,1,29,19,58,2,07信義區,信義區永吉路120巷與永吉路120巷22弄口,0,0,1,1,B03,8,1,5,30,4,2,1,5,4,5,7,4,4,10,5,5,2,16,1,71,3,10,1,1,7,6,1,8,1,5,,6,,1,22,8,121.5702201,25.0446983
112,1,29,19,58,2,07信義區,信義區永吉路120巷與永吉路120巷22弄口,0,0,1,2,C03,8,1,5,30,4,2,1,5,4,5,7,4,4,10,5,5,2,16,1,48,2,8,1,1,7,9,1,10,1,14,,44,,1,22,8,121.5702201,25.0446983
112,1,29,21,10,2,02萬華區,萬華區環河南路2段與桂林路口,0,0,1,1,B03,7,3,5,50,4,1,1,5,4,5,7,1,2,8,3,5,1,16,1,21,3,10,3,4,7,6,3,18,1,5,,9,,1,22,9,121.4971238,25.038617
112,1,29,21,10,2,02萬華區,萬華區環河南路2段與桂林路口,0,0,1,2,C03,7,3,5,50,4,1,1,5,4,5,7,1,2,8,3,5,1,16,1,63,2,8,3,4,7,9,1,10,1,14,,44,,1,22,9,121.4971238,25.038617
112,1,29,21,12,2,07信義區,信義區莊敬路306號,0,0,2,2,C03,8,1,5,50,14,7,1,5,4,5,1,4,4,9,4,4,2,13,1,18,2,1,1,1,7,9,1,10,2,11,,14,,1,22,8,121.5631998,25.0283308
112,1,29,21,12,2,07信義區,信義區莊敬路306號,0,0,2,1,F01,8,1,5,50,14,7,1,5,4,5,1,4,4,9,4,4,2,13,1,51,2,1,1,1,7,11,8,20,2,16,,11,,1,22,8,121.5631998,25.0283308
112,1,29,22,6,2,02萬華區,萬華區寶興街與東園街140巷口,0,0,1,2,B01,8,3,5,30,4,1,1,5,4,5,7,3,1,9,5,5,2,15,1,43,2,1,1,4,7,9,1,4,1,4,,14,,1,22,9,121.4956535,25.0227659
112,1,29,22,6,2,02萬華區,萬華區寶興街與東園街140巷口,0,0,1,1,B01,8,3,5,30,4,1,1,5,4,5,7,3,1,9,5,5,2,15,2,65,3,10,1,4,7,9,1,4,1,1,,6,,1,22,9,121.4956535,25.0227659
112,1,29,22,10,2,08士林區,士林區忠誠路1段與中山北路6段口,0,0,1,2,C03,8,3,5,50,3,2,1,5,4,5,7,2,1,1,4,5,1,17,1,20,2,8,1,1,7,6,1,10,1,13,,44,,1,22,9,121.5250145,25.10418309
112,1,29,22,10,2,08士林區,士林區忠誠路1段與中山北路6段口,0,0,1,1,C03,8,3,5,50,3,2,1,5,4,5,7,2,1,1,4,5,1,17,2,59,3,10,1,1,7,8,1,10,1,11,,16,,1,22,9,121.5250145,25.10418309
112,1,29,22,28,2,09北投區,北投區中央北路3段40巷與中央北路3段40巷19弄口,0,0,1,1,B03,8,3,5,30,4,1,1,5,4,5,7,4,4,5,5,5,2,17,1,35,3,10,1,1,7,6,1,8,2,15,,9,,1,22,9,121.4852744,25.1388602
112,1,29,22,28,2,09北投區,北投區中央北路3段40巷與中央北路3段40巷19弄口,0,0,1,2,C03,8,3,5,30,4,1,1,5,4,5,7,4,4,5,5,5,2,17,1,20,2,9,1,1,7,9,1,10,2,14,,13,,1,22,9,121.4852744,25.1388602
112,1,29,22,35,2,05中正區,中正區羅斯福路4段24巷與羅斯福路4段口,0,0,1,1,C03,8,3,5,50,3,1,1,5,4,5,7,4,4,3,4,5,2,12,1,35,3,10,3,4,7,6,1,10,1,13,,9,,1,22,9,121.533314,25.0156316
112,1,29,22,35,2,05中正區,中正區羅斯福路4段24巷與羅斯福路4段口,0,0,1,2,C03,8,3,5,50,3,1,1,5,4,5,7,4,4,3,4,5,2,12,2,42,2,9,3,4,7,9,1,10,1,11,,44,,1,22,9,121.533314,25.0156316
112,1,29,23,2,2,12內湖區,內湖區新明路298巷與南京東路6段口,0,0,1,1,B03,8,3,5,50,4,1,1,5,4,5,7,2,1,5,4,5,2,17,1,30,3,10,1,1,7,6,1,8,2,6,,9,,1,22,9,121.5817183,25.05685497
112,1,29,23,2,2,12內湖區,內湖區新明路298巷與南京東路6段口,0,0,1,2,C03,8,3,5,50,4,1,1,5,4,5,7,2,1,5,4,5,2,17,1,22,2,9,1,1,7,9,1,10,2,11,,44,,1,22,9,121.5817183,25.05685497
112,1,29,23,10,2,06松山區,松山區八德路4段與松山路口,0,0,2,1,B03,8,3,5,50,4,1,1,5,4,5,7,1,1,1,4,4,2,16,1,49,3,10,1,1,7,6,1,8,2,2,,9,,1,22,9,121.5776431,25.05001512
112,1,29,23,10,2,06松山區,松山區八德路4段與松山路口,0,0,2,2,C03,8,3,5,50,4,1,1,5,4,5,7,1,1,1,4,4,2,16,2,23,2,9,1,1,7,9,1,10,2,14,,44,,1,22,9,121.5776431,25.05001512
112,1,29,23,10,2,06松山區,松山區八德路4段與松山路口,0,0,2,3,H02,8,3,5,50,4,1,1,5,4,5,7,1,1,1,4,4,2,16,2,23,2,9,4,5,7,17,8,20,10,16,,67,,1,22,9,121.5776431,25.05001512
112,1,30,1,4,2,12內湖區,內湖區民權東路6段298號與民權東路6段口298號旁無名巷,0,0,1,2,C03,8,3,5,30,3,2,1,5,4,5,7,4,4,3,4,4,2,17,1,24,2,9,1,1,7,9,1,10,9,11,,43,,1,22,9,121.6053824,25.07274912
112,1,30,1,4,2,12內湖區,內湖區民權東路6段298號與民權東路6段口298號旁無名巷,0,0,1,1,B03,8,3,5,30,3,2,1,5,4,5,7,4,4,3,4,4,2,17,4,0,4,11,3,4,7,15,7,19,11,15,,43,,2,22,9,121.6053824,25.07274912
112,1,30,1,57,2,08士林區,士林區延平北路7段106巷延平河濱NO.301燈桿,0,0,1,2,B03,8,3,5,30,14,9,1,5,4,5,7,4,4,10,5,5,1,10,1,29,3,10,1,1,7,9,1,8,2,8,,13,,1,22,9,121.5014979,25.09463079
112,1,30,1,57,2,08士林區,士林區延平北路7段106巷延平河濱NO.301燈桿,0,0,1,1,C03,8,3,5,30,14,9,1,5,4,5,7,4,4,10,5,5,1,10,1,19,2,9,1,1,7,9,1,10,2,11,,13,,1,22,9,121.5014979,25.09463079
112,1,30,6,55,2,02萬華區,萬華區環河快速道路往北光復橋下,0,0,2,1,B03,8,1,5,60,10,9,1,5,4,5,7,1,1,10,5,5,2,13,1,60,2,1,3,4,7,9,1,8,1,1,,13,,1,22,9,121.4908853,25.02420938
112,1,30,6,55,2,02萬華區,萬華區環河快速道路往北光復橋下,0,0,2,3,H02,8,1,5,60,10,9,1,5,4,5,7,1,1,10,5,5,2,13,2,51,2,1,4,5,7,21,8,20,10,16,,67,,1,22,9,121.4908853,25.02420938
112,1,30,6,55,2,02萬華區,萬華區環河快速道路往北光復橋下,0,0,2,2,B01,8,1,5,60,10,9,1,5,4,5,7,1,1,10,5,5,2,13,1,56,3,10,3,4,7,14,1,4,1,3,,44,,1,22,9,121.4908853,25.02420938
112,1,30,7,0,2,06松山區,松山區市民大道4段與八德路3段8巷口口,0,0,1,1,B02,8,1,5,0,14,9,1,5,4,5,7,4,4,1,4,5,2,17,1,43,3,10,3,4,7,8,1,4,1,15,,7,,1,22,9,121.5496714,25.0448745
112,1,30,7,0,2,06松山區,松山區市民大道4段與八德路3段8巷口口,0,0,1,2,C03,8,1,5,0,14,9,1,5,4,5,7,4,4,1,4,5,2,17,1,40,2,9,3,4,7,9,1,10,1,11,,23,,1,22,9,121.5496714,25.0448745
112,1,30,7,0,2,06松山區,松山區市民大道4段與八德路3段8巷口口,0,0,1,3,,8,1,5,0,14,9,1,5,4,5,7,4,4,1,4,5,2,17,3,0,,,,,,,,,,,,67,,1,,,121.5496714,25.0448745
112,1,30,7,1,2,05中正區,中正區重慶南路1段與愛國西路口,0,0,2,1,C03,8,1,5,50,4,1,1,5,4,5,7,1,1,10,5,5,2,13,2,56,2,9,1,1,7,9,1,10,2,11,,23,,1,22,9,121.512448,25.0355162
112,1,30,7,1,2,05中正區,中正區重慶南路1段與愛國西路口,0,0,2,2,C03,8,1,5,50,4,1,1,5,4,5,7,1,1,10,5,5,2,13,1,40,2,8,1,1,7,14,1,10,2,13,,44,,1,22,9,121.512448,25.0355162
112,1,30,7,2,2,02萬華區,萬華區西園路1段與艋舺大道口,0,0,1,2,B03,8,1,5,30,4,1,1,5,4,5,7,1,1,1,5,5,2,17,1,65,3,10,1,1,7,5,1,8,1,4,,44,,1,22,9,121.4977553,25.03314527
112,1,30,7,2,2,02萬華區,萬華區西園路1段與艋舺大道口,0,0,1,1,C03,8,1,5,30,4,1,1,5,4,5,7,1,1,1,5,5,2,17,2,57,2,6,1,1,7,15,4,11,1,11,,26,,1,22,9,121.4977553,25.03314527
112,1,30,7,5,2,05中正區,中正區思源街1號,0,0,1,2,C03,8,1,5,50,8,9,1,5,4,5,7,2,1,4,4,5,1,12,2,51,2,9,1,1,7,9,1,10,1,14,,44,,1,22,9,121.53027,25.01350261
112,1,30,7,5,2,05中正區,中正區思源街1號,0,0,1,1,B03,8,1,5,50,8,9,1,5,4,5,7,2,1,4,4,5,1,12,2,50,3,10,1,1,7,4,1,8,1,2,,1,,1,22,9,121.53027,25.01350261
112,1,30,7,30,2,04大安區,大安區羅斯福路4段22號對面,0,0,2,2,C03,8,1,5,50,14,9,1,5,4,5,7,4,4,1,4,5,2,17,2,70,2,8,3,4,7,9,1,10,1,14,,44,,1,22,9,121.5332777,25.01586317
112,1,30,7,30,2,04大安區,大安區羅斯福路4段22號對面,0,0,2,1,C03,8,1,5,50,14,9,1,5,4,5,7,4,4,1,4,5,2,17,1,56,2,9,3,4,7,9,1,10,1,15,,42,,1,22,9,121.5332777,25.01586317
112,1,30,8,10,2,09北投區,北投區大度路3段與關渡路口,0,0,2,1,C03,8,1,5,50,14,9,1,5,4,5,7,1,1,1,4,5,2,13,2,24,2,8,1,1,7,9,1,10,1,11,,23,,1,22,9,121.4691553,25.12292556
112,1,30,8,10,2,09北投區,北投區大度路3段與關渡路口,0,0,2,2,C03,8,1,5,50,14,9,1,5,4,5,7,1,1,1,4,5,2,13,1,63,2,7,1,1,7,9,1,10,1,13,,44,,1,22,9,121.4691553,25.12292556
112,1,30,8,17,2,11南港區,南港區南港路3段與南港路3段47巷口,0,0,3,2,C03,8,1,5,50,4,1,1,5,4,5,7,4,4,5,4,5,2,17,1,20,2,7,1,1,7,9,3,18,1,11,,13,,1,22,1,121.5901064,25.0535004
112,1,30,8,17,2,11南港區,南港區南港路3段與南港路3段47巷口,0,0,3,3,H02,8,1,5,50,4,1,1,5,4,5,7,4,4,5,4,5,2,17,2,58,2,6,4,5,7,21,8,20,10,16,,67,,1,22,9,121.5901064,25.0535004
112,1,30,8,17,2,11南港區,南港區南港路3段與南港路3段47巷口,0,0,3,1,C03,8,1,5,50,4,1,1,5,4,5,7,4,4,5,4,5,2,17,1,56,2,8,1,1,7,5,1,10,1,11,,6,,1,22,9,121.5901064,25.0535004
112,1,30,8,23,2,03中山區,中山區建國北路2段與四平街口,0,0,1,2,B03,8,1,5,50,3,1,1,5,4,5,7,4,4,1,4,5,2,12,1,49,3,10,1,1,7,9,1,8,1,2,,13,,1,22,9,121.5366147,25.0537127
112,1,30,8,23,2,03中山區,中山區建國北路2段與四平街口,0,0,1,1,C03,8,1,5,50,3,1,1,5,4,5,7,4,4,1,4,5,2,12,1,54,2,9,1,1,7,7,1,10,1,14,,7,,1,22,9,121.5366147,25.0537127
112,1,30,8,27,2,07信義區,信義區吳興街220巷35-2號,0,0,1,2,F01,8,1,5,50,14,9,1,5,4,5,7,2,1,9,4,5,2,16,1,21,2,3,2,1,7,9,8,20,1,16,,44,,1,22,9,121.5622987,25.0269919
112,1,30,8,27,2,07信義區,信義區吳興街220巷35-2號,0,0,1,1,B01,8,1,5,50,14,9,1,5,4,5,7,2,1,9,4,5,2,16,1,68,3,10,1,1,7,5,1,8,1,5,,8,,1,22,9,121.5622987,25.0269919
112,1,30,8,29,2,06松山區,松山區民權大橋東往西下橋處,0,0,3,2,C03,8,1,5,40,8,9,1,5,4,5,7,4,4,9,4,5,2,13,1,49,2,9,1,4,7,9,1,10,1,13,,23,,1,22,9,121.5662956,25.06334746
112,1,30,8,29,2,06松山區,松山區民權大橋東往西下橋處,0,0,3,1,C03,8,1,5,40,8,9,1,5,4,5,7,4,4,9,4,5,2,13,2,42,2,9,1,4,7,9,1,10,1,11,,23,,1,22,9,121.5662956,25.06334746
112,1,30,8,29,2,06松山區,松山區民權大橋東往西下橋處,0,0,3,3,C03,8,1,5,40,8,9,1,5,4,5,7,4,4,9,4,5,2,13,2,71,3,10,1,4,7,9,1,10,1,11,,23,,1,22,9,121.5662956,25.06334746
112,1,30,8,29,2,06松山區,松山區民權大橋東往西下橋處,0,0,3,5,H02,8,1,5,40,8,9,1,5,4,5,7,4,4,9,4,5,2,13,2,74,2,8,4,4,7,21,8,20,10,16,,67,,1,22,9,121.5662956,25.06334746
112,1,30,8,29,2,06松山區,松山區民權大橋東往西下橋處,0,0,3,4,C03,8,1,5,40,8,9,1,5,4,5,7,4,4,9,4,5,2,13,1,73,3,10,1,4,7,9,1,10,1,13,,42,,1,22,9,121.5662956,25.06334746
112,1,30,8,29,2,06松山區,松山區民權大橋東往西下橋處,0,0,3,6,C03,8,1,5,40,8,9,1,5,4,5,7,4,4,9,4,5,2,13,2,46,3,10,1,4,7,14,1,10,9,13,,42,,2,22,9,121.5662956,25.06334746
112,1,30,8,30,2,03中山區,中山區民權東路2段與松江路口,0,0,1,1,B03,8,1,5,50,4,2,1,5,4,5,7,1,1,3,4,5,2,12,1,21,3,10,1,1,7,9,1,8,2,2,,17,,1,22,9,121.5329256,25.0624335
112,1,30,8,30,2,03中山區,中山區民權東路2段與松江路口,0,0,1,2,C03,8,1,5,50,4,2,1,5,4,5,7,1,1,3,4,5,2,12,2,26,2,8,1,1,7,9,1,10,2,14,,44,,1,22,9,121.5329256,25.0624335
112,1,30,8,30,2,06松山區,松山區松河街3號前,0,0,2,3,H02,8,1,8,40,15,22,1,5,4,5,7,2,1,5,5,5,2,17,2,17,2,9,4,5,7,20,8,20,10,16,,67,,1,22,9,121.5721282,25.05083847
112,1,30,8,30,2,06松山區,松山區松河街3號前,0,0,2,1,C03,8,1,8,40,15,22,1,5,4,5,7,2,1,5,5,5,2,17,1,28,3,10,3,4,7,5,1,10,2,12,,8,,1,22,9,121.5721282,25.05083847
112,1,30,8,30,2,06松山區,松山區松河街3號前,0,0,2,2,C03,8,1,8,40,15,22,1,5,4,5,7,2,1,5,5,5,2,17,2,47,2,9,3,4,7,9,1,10,2,11,,44,,1,22,9,121.5721282,25.05083847
112,1,30,8,35,2,05中正區,中正區汀州路2段與重慶南路3段口,0,0,1,1,B03,8,1,5,30,4,1,1,5,4,5,7,2,1,3,4,5,2,12,2,57,3,10,1,1,7,6,1,8,1,5,,9,,1,22,9,121.5165016,25.0255453
112,1,30,8,35,2,05中正區,中正區汀州路2段與重慶南路3段口,0,0,1,2,C03,8,1,5,30,4,1,1,5,4,5,7,2,1,3,4,5,2,12,1,50,2,8,1,1,7,9,1,10,1,11,,13,,1,22,9,121.5165016,25.0255453
112,1,30,8,39,2,02萬華區,萬華區萬大路與富民路口,0,0,2,1,B03,8,1,5,50,3,1,1,5,4,5,7,4,4,8,3,5,1,17,1,59,3,10,1,1,7,6,1,8,1,6,,23,,1,22,9,121.4974621,25.0193154
112,1,30,8,39,2,02萬華區,萬華區萬大路與富民路口,0,0,2,2,C03,8,1,5,50,3,1,1,5,4,5,7,4,4,8,3,5,1,17,2,61,2,9,1,1,7,6,1,10,1,14,,44,,1,22,9,121.4974621,25.0193154
112,1,30,8,39,2,02萬華區,萬華區萬大路與富民路口,0,0,2,3,H02,8,1,5,50,3,1,1,5,4,5,7,4,4,8,3,5,1,17,2,54,2,8,4,5,7,21,8,20,10,16,,67,,1,22,9,121.4974621,25.0193154
112,1,30,8,40,2,01大同區,大同區酒泉街與承德路3段口,0,0,1,1,B03,8,1,5,50,3,2,1,5,4,5,7,2,1,9,4,5,1,16,2,80,3,10,1,1,7,5,1,8,2,1,,26,,1,22,9,121.5185785,25.07057174
112,1,30,8,40,2,01大同區,大同區酒泉街與承德路3段口,0,0,1,2,C03,8,1,5,50,3,2,1,5,4,5,7,2,1,9,4,5,1,16,1,33,2,9,1,1,7,9,1,10,2,11,,44,,1,22,9,121.5185785,25.07057174
112,1,30,8,40,2,08士林區,士林區天母西路與天母西路83巷口,0,0,2,1,C03,8,1,5,50,4,1,1,5,4,5,7,4,4,5,5,5,2,16,1,38,2,8,3,4,7,5,1,10,1,12,,8,,1,22,9,121.5249401,25.1185346
112,1,30,8,40,2,08士林區,士林區天母西路與天母西路83巷口,0,0,2,2,C03,8,1,5,50,4,1,1,5,4,5,7,4,4,5,5,5,2,16,1,27,2,8,3,4,7,9,1,10,1,11,,44,,1,22,9,121.5249401,25.1185346
112,1,30,8,45,2,05中正區,中正區汀州路1段254號,0,0,1,1,C03,8,1,5,50,14,9,1,5,4,5,7,4,4,4,4,5,1,12,1,47,3,10,1,1,7,11,1,10,2,14,,10,,1,22,9,121.5106584,25.02720705
112,1,30,8,45,2,05中正區,中正區汀州路1段254號,0,0,1,2,C03,8,1,5,50,14,9,1,5,4,5,7,4,4,4,4,5,1,12,1,26,2,9,1,1,7,9,1,10,2,11,,14,,1,22,9,121.5106584,25.02720705
112,1,30,9,2,2,09北投區,北投區承德路6段雙溪橋001燈桿,0,0,2,1,F01,8,1,5,50,8,9,1,5,4,5,7,4,4,1,4,5,2,17,1,75,2,8,3,4,7,9,8,20,2,16,,4,,1,22,9,121.5128306,25.0985912
112,1,30,9,2,2,09北投區,北投區承德路6段雙溪橋001燈桿,0,0,2,2,C03,8,1,5,50,8,9,1,5,4,5,7,4,4,1,4,5,2,17,1,57,2,9,3,4,7,9,1,10,2,12,,23,,1,22,9,121.5128306,25.0985912
112,1,30,9,5,2,12內湖區,內湖區陽光街與瑞光路口,0,0,1,2,C03,8,1,5,50,4,1,1,5,4,5,7,2,1,9,4,5,2,16,1,44,2,9,1,1,7,9,1,10,2,11,,14,,1,22,9,121.5790905,25.07371109
112,1,30,9,5,2,12內湖區,內湖區陽光街與瑞光路口,0,0,1,1,B03,8,1,5,50,4,1,1,5,4,5,7,2,1,9,4,5,2,16,2,38,3,10,1,1,7,5,1,8,2,8,,25,,1,22,9,121.5790905,25.07371109
112,1,30,9,13,2,10文山區,文山區木柵路4段35-2號,0,0,1,2,C03,8,1,5,50,3,1,1,5,4,5,7,4,4,5,2,5,2,12,1,43,2,9,1,4,7,9,1,9,2,12,,44,,1,22,9,121.5716279,24.99431421
112,1,30,9,13,2,10文山區,文山區木柵路4段35-2號,0,0,1,1,B03,8,1,5,50,3,1,1,5,4,5,7,4,4,5,2,5,2,12,1,72,3,10,3,4,7,5,1,8,2,4,,8,,1,22,9,121.5716279,24.99431421
112,1,30,9,15,2,11南港區,南港區南港路1段與興中路口,0,0,1,2,C03,8,1,5,50,4,2,1,5,4,5,7,2,1,8,3,4,2,16,1,18,2,9,3,4,7,9,1,10,1,11,,13,,1,22,9,121.6081395,25.0543837
112,1,30,9,15,2,11南港區,南港區南港路1段與興中路口,0,0,1,1,B03,8,1,5,50,4,2,1,5,4,5,7,2,1,8,3,4,2,16,2,50,3,10,3,4,7,5,1,8,1,5,,6,,1,22,9,121.6081395,25.0543837
112,1,30,9,22,2,11南港區,南港區忠孝東路6段465號與昆陽街口,0,0,1,3,A02,8,1,5,50,3,2,1,5,4,5,7,1,1,1,3,5,1,17,1,49,3,10,3,4,7,8,1,2,1,15,,44,,1,22,9,121.5940942,25.05056349
112,1,30,9,22,2,11南港區,南港區忠孝東路6段465號與昆陽街口,0,0,1,1,C03,8,1,5,50,3,2,1,5,4,5,7,1,1,1,3,5,1,17,1,27,2,9,3,4,7,12,1,10,1,11,,23,,1,22,9,121.5940942,25.05056349
112,1,30,9,22,2,11南港區,南港區忠孝東路6段465號與昆陽街口,0,0,1,2,B03,8,1,5,50,3,2,1,5,4,5,7,1,1,1,3,5,1,17,2,40,3,10,3,4,7,14,1,8,1,15,,42,,1,22,9,121.5940942,25.05056349
112,1,30,9,44,2,03中山區,中山區明水路482號,0,0,1,1,C03,8,1,5,40,11,9,1,5,4,5,7,4,4,1,3,4,1,17,2,46,2,9,1,1,7,9,1,10,2,11,,23,,1,22,9,121.5519538,25.0779309
112,1,30,9,44,2,03中山區,中山區明水路482號,0,0,1,2,B03,8,1,5,40,11,9,1,5,4,5,7,4,4,1,3,4,1,17,1,39,3,10,1,1,7,14,1,8,2,7,,38,,1,22,9,121.5519538,25.0779309
112,1,30,9,46,2,04大安區,大安區辛亥路2段與建國南路2段口,0,0,1,2,C03,8,1,5,50,3,2,1,5,4,5,7,1,1,1,3,5,1,12,2,34,2,9,3,4,7,9,1,10,1,14,,26,,1,22,9,121.536839,25.0222846
112,1,30,9,46,2,04大安區,大安區辛亥路2段與建國南路2段口,0,0,1,1,B03,8,1,5,50,3,2,1,5,4,5,7,1,1,1,3,5,1,12,2,45,3,10,3,4,7,8,1,8,1,2,,7,,1,22,9,121.536839,25.0222846
112,1,30,10,1,2,01大同區,大同區鄭州路與西寧北路口,0,0,2,1,C03,8,1,5,40,4,1,1,5,4,5,7,2,1,1,4,5,2,13,1,18,2,9,1,4,7,9,1,10,1,11,,23,,1,22,9,121.5082021,25.0506052
112,1,30,10,1,2,01大同區,大同區鄭州路與西寧北路口,0,0,2,2,C03,8,1,5,40,4,1,1,5,4,5,7,2,1,1,4,5,2,13,2,42,2,9,1,4,7,9,1,10,1,13,,44,,1,22,9,121.5082021,25.0506052
112,1,30,10,8,2,03中山區,中山區民族東路12號,0,0,2,1,C03,8,1,5,50,14,8,1,5,4,5,7,4,4,1,4,4,2,13,1,26,3,10,1,1,7,9,1,10,1,11,,23,,1,22,9,121.5239488,25.0683619
112,1,30,10,8,2,03中山區,中山區民族東路12號,0,0,2,3,H02,8,1,5,50,14,8,1,5,4,5,7,4,4,1,4,4,2,13,2,77,2,9,1,5,7,20,8,20,10,16,,67,,1,22,9,121.5239488,25.0683619
112,1,30,10,8,2,03中山區,中山區民族東路12號,0,0,2,2,C04,8,1,5,50,14,8,1,5,4,5,7,4,4,1,4,4,2,13,1,75,2,9,1,1,7,9,1,10,1,13,,44,,1,22,9,121.5239488,25.0683619
112,1,30,10,10,2,12內湖區,內湖區行善路與金豐街口,0,0,1,2,A41,8,1,5,50,4,1,1,5,4,5,7,1,1,5,4,5,2,16,1,30,3,10,1,1,7,9,1,1,2,5,,25,,1,22,9,121.5856361,25.066332
112,1,30,10,10,2,12內湖區,內湖區行善路與金豐街口,0,0,1,1,C03,8,1,5,50,4,1,1,5,4,5,7,1,1,5,4,5,2,16,2,42,2,9,1,1,7,5,1,10,2,11,,6,,1,22,9,121.5856361,25.066332