發生年度,發生月,發生日,發生時-Hours,發生分,處理別-編號,區序,肇事地點,死亡人數,2-30日死亡人數,受傷人數,當事人序號,車種,天候,光線,道路類別,速限-速度限制,道路型態,事故位置,路面狀況1,路面狀況2,路面狀況3,道路障礙1,道路障礙2,號誌1,號誌2,車道劃分-分向,車道劃分-分道1,車道劃分-分道2,車道劃分-分道3,事故類型及型態,性別,年齡,受傷程度,主要傷處,保護裝置,行動電話,車輛用途,當事者行動狀態,駕駛資格情形,駕駛執照種類,飲酒情形,車輛撞擊部位1,車輛撞擊部位2,肇因碼-個別,肇因碼-主要,個人肇逃否,職業,旅次目的,座標-X,座標-Y
112,1,30,10,13,2,10文山區,文山區景興路與景興路42巷口,0,0,1,1,B03,8,1,5,50,4,2,1,5,4,5,7,2,1,10,5,5,2,17,1,69,3,10,1,1,7,6,1,8,2,5,,23,,1,22,9,121.5446767,24.996713
112,1,30,10,13,2,10文山區,文山區景興路與景興路42巷口,0,0,1,2,F01,8,1,5,50,4,2,1,5,4,5,7,2,1,10,5,5,2,17,2,70,2,9,2,1,7,5,8,20,2,16,,8,,1,22,9,121.5446767,24.996713
112,1,30,10,57,2,10文山區,文山區忠順街2段29號,0,0,1,2,C03,8,1,5,50,14,9,1,5,4,5,7,4,4,4,5,5,2,16,2,46,2,8,1,1,7,5,1,10,1,12,,44,,1,22,9,121.5633103,24.98476621
112,1,30,10,57,2,10文山區,文山區忠順街2段29號,0,0,1,1,B03,8,1,5,50,14,9,1,5,4,5,7,4,4,4,5,5,2,16,1,64,3,10,1,1,7,1,1,8,1,4,,19,,1,22,9,121.5633103,24.98476621
112,1,30,11,3,2,08士林區,士林區承德路4段40巷與承德路4段口,0,0,1,1,B03,8,1,5,50,4,2,1,5,4,5,7,2,1,1,4,4,1,17,1,81,3,10,1,1,7,11,1,8,2,6,,25,,1,22,9,121.5223739,25.08078956
112,1,30,11,3,2,08士林區,士林區承德路4段40巷與承德路4段口,0,0,1,2,C03,8,1,5,50,4,2,1,5,4,5,7,2,1,1,4,4,1,17,1,23,2,9,1,1,7,9,1,10,2,11,,23,,1,22,9,121.5223739,25.08078956
112,1,30,11,47,2,12內湖區,內湖區民權東路6段與民權東路6段56巷口,0,0,1,1,B02,8,1,5,50,4,1,1,5,4,5,7,2,1,1,4,4,1,16,1,50,3,10,1,1,7,5,1,8,1,2,,25,,1,22,9,121.5843817,25.0687173
112,1,30,11,47,2,12內湖區,內湖區民權東路6段與民權東路6段56巷口,0,0,1,2,C03,8,1,5,50,4,1,1,5,4,5,7,2,1,1,4,4,1,16,1,27,2,8,1,1,7,9,1,10,1,11,,44,,1,22,9,121.5843817,25.0687173
112,1,30,13,5,2,12內湖區,內湖區環山路2段109巷6弄與環山路2段109巷口,0,0,1,1,C03,8,1,5,0,4,1,1,5,4,5,7,4,4,10,5,5,2,16,1,58,4,11,3,4,7,15,7,19,11,15,,14,,2,22,9,121.5758361,25.0839135
112,1,30,13,5,2,12內湖區,內湖區環山路2段109巷6弄與環山路2段109巷口,0,0,1,2,C03,8,1,5,0,4,1,1,5,4,5,7,4,4,10,5,5,2,16,1,23,2,9,1,1,7,9,1,9,2,11,,6,,1,22,9,121.5758361,25.0839135
112,1,30,13,10,2,09北投區,北投區東昇路20號燈桿,0,0,1,2,,8,1,5,50,14,9,1,5,4,5,7,4,4,4,5,5,1,20,3,0,,,,,,,,,,,,67,,1,,,121.5237641,25.14972846
112,1,30,13,10,2,09北投區,北投區東昇路20號燈桿,0,0,1,1,C03,8,1,5,50,14,9,1,5,4,5,7,4,4,4,5,5,1,20,2,39,2,9,1,1,7,9,1,10,2,12,,42,,1,22,9,121.5237641,25.14972846
112,1,30,13,14,2,07信義區,信義區信義路5段106號,0,0,1,2,H02,8,1,5,50,14,9,1,5,4,5,7,4,4,1,4,5,2,9,2,72,2,6,2,5,7,17,8,20,10,16,,58,,1,22,9,121.5675019,25.0327727
112,1,30,13,14,2,07信義區,信義區信義路5段106號,0,0,1,1,A02,8,1,5,50,14,9,1,5,4,5,7,4,4,1,4,5,2,9,1,52,3,10,1,1,7,9,1,2,9,15,,44,,1,22,9,121.5675019,25.0327727
112,1,30,13,16,2,03中山區,中山區中山北路3段與北安路口,0,0,2,2,C03,8,1,5,50,3,2,1,5,4,5,7,1,1,1,4,5,2,13,2,24,2,8,1,1,7,9,1,10,1,13,,44,,1,22,9,121.5271104,25.0763679
112,1,30,13,16,2,03中山區,中山區中山北路3段與北安路口,0,0,2,1,C03,8,1,5,50,3,2,1,5,4,5,7,1,1,1,4,5,2,13,1,52,2,9,1,1,7,9,1,10,1,11,,16,,1,22,9,121.5271104,25.0763679
112,1,30,13,19,2,04大安區,大安區羅斯福路4段107號,0,0,1,2,C03,8,1,5,50,14,9,1,5,4,5,7,4,4,1,4,5,2,16,1,76,2,7,1,1,7,9,1,10,1,11,,44,,1,22,9,121.5367486,25.01216435
112,1,30,13,19,2,04大安區,大安區羅斯福路4段107號,0,0,1,1,B03,8,1,5,50,14,9,1,5,4,5,7,4,4,1,4,5,2,16,2,43,3,10,1,1,7,6,1,8,1,2,,9,,1,22,9,121.5367486,25.01216435
112,1,30,13,32,2,05中正區,中正區中山南路與徐州路口,0,0,1,2,C03,8,1,5,50,4,2,1,5,4,5,7,2,1,5,4,5,2,17,1,50,2,9,1,1,7,15,1,10,2,14,,44,,1,22,9,121.5186243,25.04187022
112,1,30,13,32,2,05中正區,中正區中山南路與徐州路口,0,0,1,1,C03,8,1,5,50,4,2,1,5,4,5,7,2,1,5,4,5,2,17,2,23,4,11,3,4,7,15,7,19,11,15,,23,,2,22,9,121.5186243,25.04187022
112,1,30,13,40,2,02萬華區,萬華區西園路2段與西藏路口,0,0,1,1,B01,8,1,5,50,4,2,1,5,4,5,7,1,1,1,4,4,2,3,1,60,3,10,1,1,7,5,1,4,1,1,,15,,1,22,9,121.4957636,25.02850917
112,1,30,13,40,2,02萬華區,萬華區西園路2段與西藏路口,0,0,1,2,H01,8,1,5,50,4,2,1,5,4,5,7,1,1,1,4,4,2,3,1,54,2,9,4,5,8,16,8,20,10,16,,67,,1,22,9,121.4957636,25.02850917
112,1,30,13,40,2,10文山區,文山區老泉街26巷與老泉街26巷口燈桿01號旁,0,0,2,1,B03,8,1,5,30,3,1,1,5,4,5,1,4,4,10,5,5,2,11,1,65,3,10,1,1,7,5,1,8,1,8,,17,,1,22,9,121.5713472,24.96470622
112,1,30,13,40,2,10文山區,文山區老泉街26巷與老泉街26巷口燈桿01號旁,0,0,2,2,C03,8,1,5,30,3,1,1,5,4,5,1,4,4,10,5,5,2,11,1,34,2,8,1,1,7,6,1,10,1,14,,44,,1,22,9,121.5713472,24.96470622
112,1,30,13,40,2,10文山區,文山區老泉街26巷與老泉街26巷口燈桿01號旁,0,0,2,3,H02,8,1,5,30,3,1,1,5,4,5,1,4,4,10,5,5,2,11,2,62,2,8,4,5,7,20,8,20,10,15,,67,,1,22,9,121.5713472,24.96470622
112,1,30,13,50,2,03中山區,中山區長安東路1段與長安東路1段77巷口,0,0,1,1,B03,8,1,5,50,4,1,1,5,4,5,7,2,1,5,4,5,2,12,1,53,3,10,3,4,7,5,1,6,1,8,,8,,1,22,9,121.5281541,25.0483281
112,1,30,13,50,2,03中山區,中山區長安東路1段與長安東路1段77巷口,0,0,1,2,C03,8,1,5,50,4,1,1,5,4,5,7,2,1,5,4,5,2,12,1,53,2,6,1,1,7,9,1,10,1,12,,44,,1,22,9,121.5281541,25.0483281
112,1,30,14,21,2,09北投區,北投區承德路7段34號,0,0,2,1,C03,8,1,5,60,14,9,1,5,4,5,7,4,4,1,4,1,2,13,1,26,2,8,1,1,7,9,1,10,2,12,,23,,1,22,9,121.5111467,25.1109737
112,1,30,14,21,2,09北投區,北投區承德路7段34號,0,0,2,2,C03,8,1,5,60,14,9,1,5,4,5,7,4,4,1,4,1,2,13,1,53,3,10,1,1,7,9,1,10,2,13,,23,,1,22,9,121.5111467,25.1109737
112,1,30,14,21,2,09北投區,北投區承德路7段34號,0,0,2,3,H02,8,1,5,60,14,9,1,5,4,5,7,4,4,1,4,1,2,13,2,52,2,8,4,5,7,21,8,20,10,16,,67,,1,22,9,121.5111467,25.1109737
112,1,30,14,27,2,02萬華區,萬華區桂林路與西昌街口,0,0,1,1,C03,8,1,5,50,4,1,1,5,4,5,7,1,1,8,3,4,1,17,1,72,2,1,1,1,7,5,6,18,1,12,,6,,1,22,9,121.5006166,25.0384817
112,1,30,14,27,2,02萬華區,萬華區桂林路與西昌街口,0,0,1,2,C03,8,1,5,50,4,1,1,5,4,5,7,1,1,8,3,4,1,17,1,27,3,10,1,1,7,9,1,10,1,11,,44,,1,22,9,121.5006166,25.0384817
112,1,30,14,45,2,03中山區,中山區中山北路1段與市民大道1段口,0,0,1,2,A02,8,1,5,50,4,2,1,5,4,5,7,1,1,1,4,5,2,12,1,46,3,10,1,1,7,9,1,2,1,2,,50,,1,22,9,121.5207614,25.0484113
112,1,30,14,45,2,03中山區,中山區中山北路1段與市民大道1段口,0,0,1,3,B03,8,1,5,50,4,2,1,5,4,5,7,1,1,1,4,5,2,12,1,48,4,11,3,4,7,15,7,19,11,15,,23,,2,22,9,121.5207614,25.0484113
112,1,30,14,45,2,03中山區,中山區中山北路1段與市民大道1段口,0,0,1,1,C03,8,1,5,50,4,2,1,5,4,5,7,1,1,1,4,5,2,12,1,70,2,8,1,1,7,7,1,10,1,14,,7,,1,22,9,121.5207614,25.0484113
112,1,30,14,45,2,09北投區,北投區天母西路117巷12號,0,0,1,2,C03,8,1,5,30,14,9,1,5,4,5,7,4,4,10,5,5,2,14,1,53,2,8,1,1,7,9,1,10,1,11,,13,,1,22,9,121.5235763,25.11986427
112,1,30,14,45,2,09北投區,北投區天母西路117巷12號,0,0,1,1,B01,8,1,5,30,14,9,1,5,4,5,7,4,4,10,5,5,2,14,1,47,3,10,1,1,7,2,1,4,1,3,,12,,1,22,9,121.5235763,25.11986427
112,1,30,14,55,2,04大安區,大安區建國南路1段與濟南路3段口口,0,0,1,1,C03,8,1,5,50,4,2,1,5,4,5,7,1,1,1,3,4,1,17,1,20,2,9,2,1,7,9,1,10,1,12,,13,,1,22,9,121.5379686,25.0401745
112,1,30,14,55,2,04大安區,大安區建國南路1段與濟南路3段口口,0,0,1,2,B03,8,1,5,50,4,2,1,5,4,5,7,1,1,1,3,4,1,17,1,44,3,10,1,1,7,5,1,8,1,15,,8,,1,22,9,121.5379686,25.0401745
112,1,30,15,0,2,01大同區,大同區大龍街與承德路3段24巷口,0,0,1,1,B03,8,1,5,30,4,1,1,5,4,5,7,4,4,9,4,5,2,15,1,32,3,10,1,4,7,9,1,8,2,4,,6,,1,22,9,121.5160078,25.06426601
112,1,30,15,0,2,01大同區,大同區大龍街與承德路3段24巷口,0,0,1,2,C03,8,1,5,30,4,1,1,5,4,5,7,4,4,9,4,5,2,15,1,31,2,9,1,4,7,9,1,10,2,11,,13,,1,22,9,121.5160078,25.06426601
112,1,30,15,4,2,08士林區,士林區劍潭路與華齡街口,0,0,1,1,B01,8,1,5,0,14,9,1,5,4,5,7,4,4,4,5,5,1,16,1,64,3,10,1,1,7,4,1,4,2,2,,1,,1,22,9,121.5195336,25.08233682
112,1,30,15,4,2,08士林區,士林區劍潭路與華齡街口,0,0,1,2,F01,8,1,5,0,14,9,1,5,4,5,7,4,4,4,5,5,1,16,2,74,2,7,2,1,7,7,8,20,2,16,,44,,1,22,9,121.5195336,25.08233682
112,1,30,15,20,2,07信義區,信義區市民大道6段與松信路口口,0,0,1,1,B03,8,1,5,50,4,2,1,5,4,5,7,2,1,1,4,5,2,12,1,67,3,10,3,4,7,9,1,8,1,5,,13,,1,22,9,121.5722716,25.0493793
112,1,30,15,20,2,07信義區,信義區市民大道6段與松信路口口,0,0,1,2,C03,8,1,5,50,4,2,1,5,4,5,7,2,1,1,4,5,2,12,2,29,2,9,3,4,7,7,1,10,1,14,,7,,1,22,9,121.5722716,25.0493793
112,1,30,15,24,2,07信義區,(基隆路1段172巷1號前),0,0,1,1,C03,8,1,5,30,14,9,1,5,4,5,7,4,4,10,5,5,1,17,1,18,2,9,1,1,7,9,1,10,1,14,,13,,1,22,9,121.5648461,25.0432214
112,1,30,15,24,2,07信義區,(基隆路1段172巷1號前),0,0,1,2,B03,8,1,5,30,14,9,1,5,4,5,7,4,4,10,5,5,1,17,2,44,3,10,1,1,7,5,1,8,1,1,,6,,1,22,9,121.5648461,25.0432214
112,1,30,15,36,2,07信義區,信義區吳興街156巷33弄與吳興街156巷口,0,0,1,1,C03,8,1,5,30,3,1,1,5,4,5,7,4,4,10,4,5,2,17,1,59,3,10,1,1,7,6,6,18,9,15,,6,,2,22,9,121.5604452,25.0282767
112,1,30,15,36,2,07信義區,信義區吳興街156巷33弄與吳興街156巷口,0,0,1,2,C03,8,1,5,30,3,1,1,5,4,5,7,4,4,10,4,5,2,17,1,26,2,9,1,1,7,9,1,10,1,14,,13,,1,22,9,121.5604452,25.0282767
112,1,30,15,41,2,04大安區,大安區光復南路290巷與無名巷口,0,0,1,1,C03,8,1,5,30,4,1,1,5,4,5,7,4,4,10,5,5,2,15,1,19,2,8,1,1,7,9,1,10,1,12,,6,,1,22,9,121.5567389,25.0393719
112,1,30,15,41,2,04大安區,大安區光復南路290巷與無名巷口,0,0,1,2,B03,8,1,5,30,4,1,1,5,4,5,7,4,4,10,5,5,2,15,1,40,3,10,1,1,7,9,1,8,1,1,,23,,1,22,9,121.5567389,25.0393719
112,1,30,15,52,2,09北投區,北投區承德路6段與洲美街口,0,0,1,2,C03,8,1,5,60,4,1,1,5,4,5,7,2,1,1,4,4,2,16,1,32,2,9,1,1,7,9,1,10,1,14,,13,,1,22,9,121.5127277,25.09894351
112,1,30,15,52,2,09北投區,北投區承德路6段與洲美街口,0,0,1,1,B03,8,1,5,60,4,1,1,5,4,5,7,2,1,1,4,4,2,16,2,49,3,10,1,1,7,6,1,8,1,5,,9,,1,22,9,121.5127277,25.09894351
112,1,30,16,0,2,08士林區,士林區至善路3段39號,0,0,1,1,B03,8,1,5,50,14,9,1,5,4,5,7,4,4,5,4,5,2,17,1,61,3,10,1,1,7,13,1,8,1,4,,42,,1,22,9,121.5639796,25.11274587
112,1,30,16,0,2,08士林區,士林區至善路3段39號,0,0,1,2,C03,8,1,5,50,14,9,1,5,4,5,7,4,4,5,4,5,2,17,1,62,2,9,1,1,7,9,1,10,1,12,,44,,1,22,9,121.5639796,25.11274587
112,1,30,16,19,2,11南港區,南港區永吉路與忠孝東路6段口,0,0,1,1,B03,8,1,5,50,5,2,1,5,4,5,7,2,1,3,3,4,2,17,2,25,3,10,3,4,7,5,1,8,1,15,,6,,1,22,9,121.582678,25.0451933
112,1,30,16,19,2,11南港區,南港區永吉路與忠孝東路6段口,0,0,1,2,C03,8,1,5,50,5,2,1,5,4,5,7,2,1,3,3,4,2,17,2,29,2,9,3,4,7,9,1,10,1,12,,13,,1,22,9,121.582678,25.0451933
112,1,30,16,28,2,01大同區,大同區重慶北路3段76號,0,0,1,2,C02,8,1,5,50,14,9,1,5,4,5,7,4,4,1,4,5,2,17,1,33,2,9,1,4,7,9,1,9,2,14,,13,,1,22,9,121.5136024,25.06624245
112,1,30,16,28,2,01大同區,大同區重慶北路3段76號,0,0,1,1,B03,8,1,5,50,14,9,1,5,4,5,7,4,4,1,4,5,2,17,1,33,3,10,1,4,7,7,1,8,2,4,,7,,1,22,9,121.5136024,25.06624245
112,1,30,16,30,2,01大同區,大同區迪化街1段與歸綏街口,0,0,1,3,C03,8,1,5,0,4,1,1,5,4,5,7,3,1,9,4,5,2,17,1,32,2,9,1,1,7,9,1,10,1,14,,44,,1,22,9,121.5096424,25.05820301
112,1,30,16,30,2,01大同區,大同區迪化街1段與歸綏街口,0,0,1,1,B03,8,1,5,0,4,1,1,5,4,5,7,3,1,9,4,5,2,17,4,0,4,11,3,4,7,15,7,19,11,15,,43,,2,22,9,121.5096424,25.05820301
112,1,30,16,30,2,01大同區,大同區迪化街1段與歸綏街口,0,0,1,2,C03,8,1,5,0,4,1,1,5,4,5,7,3,1,9,4,5,2,17,4,0,4,11,3,4,7,15,7,19,11,15,,43,,2,22,9,121.5096424,25.05820301
112,1,30,16,36,2,12內湖區,內湖區港墘路26巷4號,0,0,1,2,C03,8,1,5,30,14,9,1,5,4,5,7,4,4,9,5,5,2,16,1,37,2,8,1,1,7,9,1,10,1,11,,44,,1,22,9,121.5778288,25.08277933
112,1,30,16,36,2,12內湖區,內湖區港墘路26巷4號,0,0,1,1,C03,8,1,5,30,14,9,1,5,4,5,7,4,4,9,5,5,2,16,1,34,3,10,1,1,7,1,1,10,1,13,,19,,1,22,9,121.5778288,25.08277933
112,1,30,16,36,2,12內湖區,內湖區港墘路26巷4號,0,0,1,3,B03,8,1,5,30,14,9,1,5,4,5,7,4,4,9,5,5,2,16,1,46,3,10,3,4,7,13,1,8,11,15,,38,,1,22,9,121.5778288,25.08277933
112,1,30,16,57,2,03中山區,中山區市民大道3段與建國南路1段口,0,0,2,3,C03,8,1,5,40,4,1,1,5,4,5,7,1,1,4,3,5,1,13,1,35,3,10,1,1,7,9,1,10,2,11,,44,,1,22,9,121.5364965,25.0448757
112,1,30,16,57,2,03中山區,中山區市民大道3段與建國南路1段口,0,0,2,1,C03,8,1,5,40,4,1,1,5,4,5,7,1,1,4,3,5,1,13,1,18,2,9,1,1,7,9,1,10,2,12,,16,,1,22,9,121.5364965,25.0448757
112,1,30,16,57,2,03中山區,中山區市民大道3段與建國南路1段口,0,0,2,2,C03,8,1,5,40,4,1,1,5,4,5,7,1,1,4,3,5,1,13,1,51,2,8,1,1,7,14,1,10,2,14,,44,,1,22,9,121.5364965,25.0448757
112,1,30,17,20,2,08士林區,士林區福國路與文林路口,0,0,1,2,C03,8,1,5,50,5,1,1,5,4,5,7,1,1,1,4,5,2,17,1,38,3,10,1,1,7,9,1,10,2,12,,44,,1,22,9,121.5216223,25.10163077
112,1,30,17,20,2,08士林區,士林區福國路與文林路口,0,0,1,1,C03,8,1,5,50,5,1,1,5,4,5,7,1,1,1,4,5,2,17,2,62,2,6,1,1,7,5,1,10,2,14,,8,,1,22,9,121.5216223,25.10163077
112,1,30,17,20,2,11南港區,南港區南港路3段268號口側附近,0,0,1,1,B12,8,1,5,50,3,1,1,5,4,5,7,4,4,5,4,5,1,17,1,29,3,10,3,4,7,5,1,8,1,2,,8,,1,22,9,121.5838095,25.0521437
112,1,30,17,20,2,11南港區,南港區南港路3段268號口側附近,0,0,1,2,C03,8,1,5,50,3,1,1,5,4,5,7,4,4,5,4,5,1,17,1,22,2,9,1,4,7,9,1,10,1,11,,14,,1,22,9,121.5838095,25.0521437
112,1,30,17,27,2,10文山區,文山區興隆路2段49號前,0,0,2,1,C03,8,1,5,50,14,18,1,5,4,5,7,4,4,1,4,5,2,3,2,45,2,8,1,1,7,9,1,10,2,11,,15,,1,22,9,121.5456048,24.9988404
112,1,30,17,27,2,10文山區,文山區興隆路2段49號前,0,0,2,2,H01,8,1,5,50,14,18,1,5,4,5,7,4,4,1,4,5,2,3,2,65,2,7,4,5,8,16,8,20,10,16,,67,,1,22,9,121.5456048,24.9988404
112,1,30,17,35,2,12內湖區,內湖區堤外便道與康寧路3段245巷口,0,0,1,1,B01,8,1,5,50,4,1,1,5,4,5,7,1,1,5,5,5,2,16,1,59,3,10,1,1,7,9,1,4,2,8,,14,,1,22,9,121.6138543,25.0654082
112,1,30,17,35,2,12內湖區,內湖區堤外便道與康寧路3段245巷口,0,0,1,2,F01,8,1,5,50,4,1,1,5,4,5,7,1,1,5,5,5,2,16,1,16,2,9,1,1,7,1,8,20,2,16,,19,,1,22,9,121.6138543,25.0654082
112,1,30,17,53,2,03中山區,中山區中山北路3段與酒泉街口,0,0,1,2,C03,8,2,5,50,14,9,1,5,4,5,7,2,1,1,4,5,2,13,1,46,3,10,3,4,7,14,1,10,2,13,,44,,1,22,9,121.5234147,25.0709268
112,1,30,17,53,2,03中山區,中山區中山北路3段與酒泉街口,0,0,1,1,C03,8,2,5,50,14,9,1,5,4,5,7,2,1,1,4,5,2,13,2,26,2,9,3,4,7,9,1,10,2,11,,16,,1,22,9,121.5234147,25.0709268
112,1,30,17,55,2,02萬華區,萬華區西園路2段77號,0,0,2,3,H02,8,1,5,50,14,9,1,5,4,5,7,4,4,3,3,5,2,13,2,45,2,9,4,5,7,20,8,20,10,16,,67,,1,22,9,121.496723,25.0307762
112,1,30,17,55,2,02萬華區,萬華區西園路2段77號,0,0,2,1,B01,8,1,5,50,14,9,1,5,4,5,7,4,4,3,3,5,2,13,1,60,3,10,3,4,7,8,1,8,1,6,,23,,1,22,9,121.496723,25.0307762
112,1,30,17,55,2,02萬華區,萬華區西園路2段77號,0,0,2,2,C03,8,1,5,50,14,9,1,5,4,5,7,4,4,3,3,5,2,13,1,27,2,9,3,4,7,9,1,10,1,11,,23,,1,22,9,121.496723,25.0307762
112,1,30,18,3,2,09北投區,北投區學園路與學園路口1號出入道路口,0,0,1,1,C03,8,3,5,40,3,1,1,5,4,5,7,1,1,5,4,5,2,12,1,32,2,9,1,1,7,9,1,9,1,11,,23,,1,22,9,121.4659822,25.12975646
112,1,30,18,3,2,09北投區,北投區學園路與學園路口1號出入道路口,0,0,1,2,B12,8,3,5,40,3,1,1,5,4,5,7,1,1,5,4,5,2,12,1,54,3,10,1,1,7,11,1,8,1,4,,10,,1,22,9,121.4659822,25.12975646
112,1,30,18,5,2,03中山區,中山區中山北路3段往南，水晶情人橋下,0,0,1,2,C03,8,2,5,50,14,9,1,2,4,5,7,2,1,1,4,5,2,13,1,44,3,10,1,4,7,12,1,10,1,13,,44,,1,22,9,121.523408,25.07088663
112,1,30,18,5,2,03中山區,中山區中山北路3段往南，水晶情人橋下,0,0,1,3,C03,8,2,5,50,14,9,1,2,4,5,7,2,1,1,4,5,2,13,1,26,2,8,1,4,7,15,1,10,1,15,,42,,1,22,9,121.523408,25.07088663
112,1,30,18,5,2,03中山區,中山區中山北路3段往南，水晶情人橋下,0,0,1,1,C03,8,2,5,50,14,9,1,2,4,5,7,2,1,1,4,5,2,13,1,28,3,10,1,4,7,9,1,9,1,14,,23,,1,22,9,121.523408,25.07088663
112,1,30,18,10,2,09北投區,北投區立德路與立功街口,0,0,1,1,B03,8,3,5,50,4,1,1,5,4,5,7,2,1,5,5,5,2,16,1,56,3,10,1,1,7,5,1,8,1,8,,8,,1,22,9,121.4716569,25.12543342
112,1,30,18,10,2,09北投區,北投區立德路與立功街口,0,0,1,2,C03,8,3,5,50,4,1,1,5,4,5,7,2,1,5,5,5,2,16,1,42,2,9,1,1,7,9,1,10,1,14,,44,,1,22,9,121.4716569,25.12543342
112,1,30,18,12,2,06松山區,松山區復興北路與民生東路3段口口,0,0,2,1,C03,7,3,5,50,4,1,1,5,4,5,7,1,1,1,5,5,2,12,2,44,2,9,1,1,7,15,1,10,1,12,,6,,1,22,9,121.5442476,25.05768784
112,1,30,18,12,2,06松山區,松山區復興北路與民生東路3段口口,0,0,2,2,C03,7,3,5,50,4,1,1,5,4,5,7,1,1,1,5,5,2,12,2,58,2,9,1,1,7,9,1,10,1,14,,23,,1,22,9,121.5442476,25.05768784
112,1,30,18,22,2,03中山區,中山區中山北路2段與民權東路1段口,0,0,3,3,C03,8,3,5,50,4,3,1,5,4,5,7,1,1,1,3,5,1,16,1,40,3,10,1,4,7,9,1,10,1,14,,44,,1,22,9,121.5227756,25.06284965
112,1,30,18,22,2,03中山區,中山區中山北路2段與民權東路1段口,0,0,3,2,C03,8,3,5,50,4,3,1,5,4,5,7,1,1,1,3,5,1,16,2,26,2,8,1,4,7,9,1,10,1,14,,44,,1,22,9,121.5227756,25.06284965
112,1,30,18,22,2,03中山區,中山區中山北路2段與民權東路1段口,0,0,3,1,C03,8,3,5,50,4,3,1,5,4,5,7,1,1,1,3,5,1,16,2,67,2,7,1,4,7,5,4,11,1,12,,23,,1,22,9,121.5227756,25.06284965
112,1,30,18,22,2,03中山區,中山區中山北路2段與民權東路1段口,0,0,3,4,H02,8,3,5,50,4,3,1,5,4,5,7,1,1,1,3,5,1,16,2,69,2,8,1,5,7,17,8,20,1,16,,67,,1,22,9,121.5227756,25.06284965
112,1,30,19,0,2,08士林區,士林區承德路5段與通河東街2段口,0,0,1,2,C03,8,3,5,50,4,1,1,5,4,5,7,1,1,1,5,5,1,12,2,45,2,8,1,1,7,9,1,10,1,14,,44,,1,22,9,121.51383,25.09608523
112,1,30,19,0,2,08士林區,士林區承德路5段與通河東街2段口,0,0,1,1,C03,8,3,5,50,4,1,1,5,4,5,7,1,1,1,5,5,1,12,1,18,3,10,1,1,7,8,1,10,1,12,,7,,1,22,9,121.51383,25.09608523
112,1,30,19,18,2,11南港區,南港區市民大道8段與南港路2段178巷口(北流前),0,0,1,1,B12,7,3,5,50,3,1,1,5,4,5,7,3,1,1,4,5,2,11,1,64,3,10,1,1,7,5,1,8,2,2,,6,,1,22,9,121.5996317,25.0521828
112,1,30,19,18,2,11南港區,南港區市民大道8段與南港路2段178巷口(北流前),0,0,1,2,C03,7,3,5,50,3,1,1,5,4,5,7,3,1,1,4,5,2,11,1,18,2,9,1,1,7,9,1,10,2,11,,44,,1,22,9,121.5996317,25.0521828
112,1,30,19,42,2,01大同區,大同區環河北路1段與南京西路口,0,0,1,2,C03,8,3,5,50,3,2,1,5,4,5,7,2,1,1,4,5,2,16,1,31,2,9,3,4,7,9,1,10,2,11,,42,,1,22,9,121.5075494,25.0537103
112,1,30,19,42,2,01大同區,大同區環河北路1段與南京西路口,0,0,1,1,C03,8,3,5,50,3,2,1,5,4,5,7,2,1,1,4,5,2,16,2,18,3,10,3,4,7,6,1,10,2,12,,9,,1,22,9,121.5075494,25.0537103
112,1,30,19,56,2,04大安區,大安區信義路2段148巷與金山南路2段13巷口,0,0,2,1,C03,8,3,5,30,4,1,1,5,4,5,7,4,4,10,5,5,2,15,1,23,2,8,1,1,7,9,1,10,2,12,,6,,1,22,9,121.5286295,25.03326975
112,1,30,19,56,2,04大安區,大安區信義路2段148巷與金山南路2段13巷口,0,0,2,2,C03,8,3,5,30,4,1,1,5,4,5,7,4,4,10,5,5,2,15,1,49,2,9,1,1,7,9,1,10,2,15,,13,,1,22,9,121.5286295,25.03326975
112,1,30,20,9,2,09北投區,北投區明德路與懷德街口,0,0,1,1,B03,7,3,5,50,4,1,1,5,4,5,7,2,1,9,5,5,2,17,1,59,3,10,1,1,7,5,1,8,2,1,,6,,1,22,9,121.5200895,25.1154986
112,1,30,20,9,2,09北投區,北投區明德路與懷德街口,0,0,1,2,C03,7,3,5,50,4,1,1,5,4,5,7,2,1,9,5,5,2,17,1,26,2,9,1,1,7,9,1,10,2,11,,44,,1,22,9,121.5200895,25.1154986
112,1,30,21,50,2,05中正區,中正區重慶南路3段56號前,0,0,1,2,C03,8,3,5,50,14,9,1,5,4,5,7,1,1,1,4,5,2,13,1,21,3,10,1,1,7,14,1,10,1,13,,44,,1,22,9,121.5158307,25.0275426
112,1,30,21,50,2,05中正區,中正區重慶南路3段56號前,0,0,1,1,C04,8,3,5,50,14,9,1,5,4,5,7,1,1,1,4,5,2,13,1,26,3,10,1,1,7,9,1,10,1,11,,23,,1,22,9,121.5158307,25.0275426
112,1,30,21,50,2,05中正區,中正區重慶南路3段56號前,0,0,1,3,H02,8,3,5,50,14,9,1,5,4,5,7,1,1,1,4,5,2,13,2,23,2,9,1,5,7,20,8,20,10,16,,67,,1,22,9,121.5158307,25.0275426
112,1,30,21,50,2,12內湖區,內湖區成功路2段與民權東路6段口引道,0,0,1,1,F01,8,3,5,50,3,1,1,5,4,5,7,4,4,1,5,5,2,16,2,35,2,9,1,1,7,11,8,20,2,16,,11,,1,22,9,121.5907289,25.06850257