發生年度,發生月,發生日,發生時-Hours,發生分,處理別-編號,區序,肇事地點,死亡人數,2-30日死亡人數,受傷人數,當事人序號,車種,天候,光線,道路類別,速限-速度限制,道路型態,事故位置,路面狀況1,路面狀況2,路面狀況3,道路障礙1,道路障礙2,號誌1,號誌2,車道劃分-分向,車道劃分-分道1,車道劃分-分道2,車道劃分-分道3,事故類型及型態,性別,年齡,受傷程度,主要傷處,保護裝置,行動電話,車輛用途,當事者行動狀態,駕駛資格情形,駕駛執照種類,飲酒情形,車輛撞擊部位1,車輛撞擊部位2,肇因碼-個別,肇因碼-主要,個人肇逃否,職業,旅次目的,座標-X,座標-Y
112,2,1,2,15,2,03中山區,中山區南京東路2段與一江街口,0,0,2,1,C03,8,3,5,40,4,2,1,5,4,5,7,1,1,1,4,4,2,13,1,26,2,9,1,1,7,9,1,10,2,11,,16,,1,22,9,121.5317415,25.0521728
112,2,1,2,15,2,03中山區,中山區南京東路2段與一江街口,0,0,2,2,C03,8,3,5,40,4,2,1,5,4,5,7,1,1,1,4,4,2,13,2,34,2,8,1,1,7,9,1,10,2,13,,44,,1,22,9,121.5317415,25.0521728
112,2,1,5,40,2,05中正區,中正區北平西路(台北車站A1),0,0,2,2,H01,7,3,5,50,14,9,1,5,4,5,7,4,4,10,3,5,2,2,2,64,2,9,4,5,8,16,8,20,10,16,,60,,1,22,9,121.5140864,25.04827065
112,2,1,5,40,2,05中正區,中正區北平西路(台北車站A1),0,0,2,1,B03,7,3,5,50,14,9,1,5,4,5,7,4,4,10,3,5,2,2,1,21,2,8,1,1,7,9,1,8,2,8,,23,,1,22,9,121.5140864,25.04827065
112,2,1,6,25,2,07信義區,信義區基隆路2段與吳興街口,0,0,1,2,F01,8,1,5,30,4,2,1,5,4,5,7,1,1,9,4,5,2,17,2,70,2,9,2,1,7,11,8,20,10,16,,26,,1,22,9,121.5589125,25.0319765
112,2,1,6,25,2,07信義區,信義區基隆路2段與吳興街口,0,0,1,1,B03,8,1,5,30,4,2,1,5,4,5,7,1,1,9,4,5,2,17,1,21,3,10,1,1,7,5,1,8,1,1,,8,,1,22,9,121.5589125,25.0319765
112,2,1,7,15,2,10文山區,文山區興隆路2段與辛亥路4段口,0,0,1,2,C03,8,1,5,50,4,1,1,5,4,5,7,2,1,1,4,5,2,15,1,61,2,1,1,1,7,9,1,10,2,12,,44,,1,22,9,121.5545516,25.0008067
112,2,1,7,15,2,10文山區,文山區興隆路2段與辛亥路4段口,0,0,1,1,B03,8,1,5,50,4,1,1,5,4,5,7,2,1,1,4,5,2,15,1,52,3,10,1,1,7,9,1,8,2,1,,25,,1,22,9,121.5545516,25.0008067
112,2,1,7,23,2,03中山區,中山區市民大道3段與建國南路1段口,0,0,3,3,H02,8,1,5,40,4,2,1,5,4,5,7,1,1,1,4,1,1,13,2,19,2,8,1,5,7,21,8,20,10,15,,67,,1,22,9,121.5370083,25.0449547
112,2,1,7,23,2,03中山區,中山區市民大道3段與建國南路1段口,0,0,3,2,C04,8,1,5,40,4,2,1,5,4,5,7,1,1,1,4,1,1,13,2,27,2,9,1,1,7,9,1,10,1,13,,44,,1,22,9,121.5370083,25.0449547
112,2,1,7,23,2,03中山區,中山區市民大道3段與建國南路1段口,0,0,3,1,C03,8,1,5,40,4,2,1,5,4,5,7,1,1,1,4,1,1,13,1,20,2,7,1,1,7,9,1,10,1,11,,23,,1,22,9,121.5370083,25.0449547
112,2,1,7,40,2,12內湖區,內湖區堤頂大道2段與港墘路口,0,0,1,2,C03,8,1,5,50,3,2,1,5,4,5,7,1,1,1,5,5,2,17,2,56,2,8,1,1,7,5,1,10,1,13,,44,,1,22,9,121.5726193,25.07466344
112,2,1,7,40,2,12內湖區,內湖區堤頂大道2段與港墘路口,0,0,1,1,B03,8,1,5,50,3,2,1,5,4,5,7,1,1,1,5,5,2,17,1,43,3,10,1,1,7,5,1,8,1,1,,23,,1,22,9,121.5726193,25.07466344
112,2,1,7,47,2,05中正區,中正區館前路與開封街1段口,0,0,1,1,C03,8,1,5,50,3,1,1,5,4,5,7,4,4,7,4,5,2,1,1,23,3,10,1,1,7,5,1,10,2,11,,15,,1,22,9,121.5149683,25.04599667
112,2,1,7,47,2,05中正區,中正區館前路與開封街1段口,0,0,1,2,H01,8,1,5,50,3,1,1,5,4,5,7,4,4,7,4,5,2,1,2,41,2,9,4,1,8,16,8,20,10,16,,67,,1,22,9,121.5149683,25.04599667
112,2,1,7,49,2,02萬華區,萬華區忠孝橋往台北市機車道(燈桿288523),0,0,2,2,C03,8,1,7,40,8,11,1,5,4,5,7,4,4,10,5,5,2,13,1,25,2,8,1,1,7,9,1,10,1,13,,43,,1,22,9,121.504457,25.0497342
112,2,1,7,49,2,02萬華區,萬華區忠孝橋往台北市機車道(燈桿288523),0,0,2,1,C03,8,1,7,40,8,11,1,5,4,5,7,4,4,10,5,5,2,13,2,37,2,8,1,1,7,9,1,10,1,11,,43,,1,22,9,121.504457,25.0497342
112,2,1,7,51,2,02萬華區,萬華區艋舺大道120巷38弄與萬大路口,0,0,1,2,C03,8,1,5,30,4,1,1,5,4,5,7,4,4,8,3,5,1,17,2,33,2,9,1,1,7,9,1,10,1,11,,23,,1,22,9,121.5005659,25.0316353
112,2,1,7,51,2,02萬華區,萬華區艋舺大道120巷38弄與萬大路口,0,0,1,1,C03,8,1,5,30,4,1,1,5,4,5,7,4,4,8,3,5,1,17,1,68,3,10,1,1,7,9,1,10,1,11,,6,,1,22,9,121.5005659,25.0316353
112,2,1,8,1,2,03中山區,中山區復興北路422號,0,0,1,1,B03,8,1,5,50,11,9,1,5,4,5,7,4,4,1,4,5,2,17,1,36,3,10,1,1,7,6,1,8,1,15,,9,,1,22,9,121.544133,25.0627202
112,2,1,8,1,2,03中山區,中山區復興北路422號,0,0,1,2,C03,8,1,5,50,11,9,1,5,4,5,7,4,4,1,4,5,2,17,1,39,2,9,1,1,7,9,1,10,1,15,,44,,1,22,9,121.544133,25.0627202
112,2,1,8,3,2,04大安區,大安區基隆路3段與長興街口,0,0,1,2,C03,8,1,5,50,4,2,1,5,4,5,7,2,1,1,4,5,1,13,2,40,2,9,1,1,7,9,1,10,1,13,,44,,1,22,9,121.5444347,25.0171993
112,2,1,8,3,2,04大安區,大安區基隆路3段與長興街口,0,0,1,1,C03,8,1,5,50,4,2,1,5,4,5,7,2,1,1,4,5,1,13,1,23,3,10,2,1,7,9,1,10,1,11,,16,,1,22,9,121.5444347,25.0171993
112,2,1,8,5,2,03中山區,中山區八德路2段與龍江路口,0,0,1,1,B01,8,1,5,50,3,1,1,5,4,5,7,2,1,5,4,5,2,12,1,64,3,10,3,4,7,5,1,4,2,8,,8,,1,22,9,121.54046,25.0467243
112,2,1,8,5,2,03中山區,中山區八德路2段與龍江路口,0,0,1,2,C03,8,1,5,50,3,1,1,5,4,5,7,2,1,5,4,5,2,12,2,34,2,9,3,4,7,9,1,10,2,12,,26,,1,22,9,121.54046,25.0467243
112,2,1,8,6,2,01大同區,大同區環河北路1段往北(未過長安西路),0,0,3,3,C04,8,1,5,50,14,9,1,5,4,5,7,4,4,10,4,5,2,12,2,41,2,8,1,4,7,9,1,11,1,14,,44,,1,22,9,121.5071619,25.05173545
112,2,1,8,6,2,01大同區,大同區環河北路1段往北(未過長安西路),0,0,3,1,C03,8,1,5,50,14,9,1,5,4,5,7,4,4,10,4,5,2,12,1,30,2,8,1,4,7,9,1,10,1,12,,23,,1,22,9,121.5071619,25.05173545
112,2,1,8,6,2,01大同區,大同區環河北路1段往北(未過長安西路),0,0,3,2,C03,8,1,5,50,14,9,1,5,4,5,7,4,4,10,4,5,2,12,1,39,2,8,1,4,7,9,1,10,1,14,,44,,1,22,9,121.5071619,25.05173545
112,2,1,8,10,2,08士林區,士林區通河西街1段堤外便道(百齡左岸088橋墩),0,0,2,2,H01,8,1,5,40,14,9,1,5,4,5,7,4,4,10,5,5,1,3,1,64,2,9,4,5,8,16,8,20,10,16,,67,,1,22,9,121.5122495,25.08804605
112,2,1,8,10,2,08士林區,士林區通河西街1段堤外便道(百齡左岸088橋墩),0,0,2,1,C03,8,1,5,40,14,9,1,5,4,5,7,4,4,10,5,5,1,3,1,35,2,9,1,1,7,9,1,10,2,11,,23,,1,22,9,121.5122495,25.08804605
112,2,1,8,12,2,11南港區,南港區南港路2段與向陽路120巷口,0,0,1,1,C03,8,1,5,50,14,9,1,5,4,5,7,4,4,4,3,5,2,12,1,31,2,7,1,1,7,10,1,10,2,13,,7,,1,22,9,121.5953519,25.0545376
112,2,1,8,12,2,11南港區,南港區南港路2段與向陽路120巷口,0,0,1,2,C03,8,1,5,50,14,9,1,5,4,5,7,4,4,4,3,5,2,12,1,29,3,10,1,1,7,9,1,10,2,14,,44,,1,22,9,121.5953519,25.0545376
112,2,1,8,12,2,05中正區,中正區南昌路2段與羅斯福路2段48巷口,0,0,1,2,H01,8,1,5,30,4,1,1,5,4,5,7,4,4,10,5,5,2,3,2,82,2,9,4,5,8,16,8,20,10,16,,67,,1,22,9,121.5205974,25.027352
112,2,1,8,12,2,05中正區,中正區南昌路2段與羅斯福路2段48巷口,0,0,1,1,B03,8,1,5,30,4,1,1,5,4,5,7,4,4,10,5,5,2,3,1,61,4,11,3,4,7,15,7,19,11,15,,15,,1,22,9,121.5205974,25.027352
112,2,1,8,13,2,04大安區,大安區和平東路3段與敦化南路2段口,0,0,3,4,H01,8,1,5,0,14,9,1,5,4,5,7,2,1,8,3,5,1,17,1,8,2,8,4,1,8,17,8,20,1,16,,67,,1,14,5,121.5484046,25.02468045
112,2,1,8,13,2,04大安區,大安區和平東路3段與敦化南路2段口,0,0,3,1,B01,8,1,5,0,14,9,1,5,4,5,7,2,1,8,3,5,1,17,4,65,4,11,3,4,7,15,7,19,11,15,,43,,2,22,9,121.5484046,25.02468045
112,2,1,8,13,2,04大安區,大安區和平東路3段與敦化南路2段口,0,0,3,2,C03,8,1,5,0,14,9,1,5,4,5,7,2,1,8,3,5,1,17,1,47,2,7,1,1,7,9,6,10,1,11,,23,,1,12,1,121.5484046,25.02468045
112,2,1,8,13,2,04大安區,大安區和平東路3段與敦化南路2段口,0,0,3,3,H01,8,1,5,0,14,9,1,5,4,5,7,2,1,8,3,5,1,17,2,38,2,7,4,1,8,17,8,20,1,16,,67,,1,19,5,121.5484046,25.02468045
112,2,1,8,20,2,04大安區,大安區杭州南路2段與愛國東路口,0,0,3,1,C03,8,1,5,50,4,1,1,5,4,5,7,2,1,10,5,5,2,16,2,51,2,8,1,4,7,1,1,10,1,14,,19,,1,22,9,121.5225738,25.0321949
112,2,1,8,20,2,04大安區,大安區杭州南路2段與愛國東路口,0,0,3,2,C03,8,1,5,50,4,1,1,5,4,5,7,2,1,10,5,5,2,16,1,37,2,8,1,4,7,1,1,10,1,12,,44,,1,22,9,121.5225738,25.0321949
112,2,1,8,20,2,04大安區,大安區杭州南路2段與愛國東路口,0,0,3,3,H02,8,1,5,50,4,1,1,5,4,5,7,2,1,10,5,5,2,16,2,38,2,8,1,5,7,20,8,20,10,16,,67,,1,22,9,121.5225738,25.0321949
112,2,1,8,30,2,03中山區,中山區中山北路2段與中山北路2段84巷口,0,0,1,2,B12,8,1,5,50,3,1,1,5,4,5,7,4,4,5,4,5,2,13,1,65,3,10,1,1,7,7,1,8,1,7,,44,,1,22,9,121.5227108,25.05753183
112,2,1,8,30,2,03中山區,中山區中山北路2段與中山北路2段84巷口,0,0,1,1,C03,8,1,5,50,3,1,1,5,4,5,7,4,4,5,4,5,2,13,1,56,2,8,1,1,7,9,1,10,1,11,,23,,1,22,9,121.5227108,25.05753183
112,2,1,8,31,2,02萬華區,萬華區華江橋往台北市與華江橋機車道口,0,0,2,1,C03,8,1,7,40,8,11,1,5,4,5,7,4,4,1,5,5,2,13,1,32,3,10,1,1,7,9,1,10,1,13,,44,,1,22,9,121.4885687,25.03552777
112,2,1,8,31,2,02萬華區,萬華區華江橋往台北市與華江橋機車道口,0,0,2,2,C03,8,1,7,40,8,11,1,5,4,5,7,4,4,1,5,5,2,13,1,34,3,10,1,1,7,9,1,10,1,11,,16,,1,22,9,121.4885687,25.03552777
112,2,1,8,31,2,02萬華區,萬華區華江橋往台北市與華江橋機車道口,0,0,2,3,C03,8,1,7,40,8,11,1,5,4,5,7,4,4,1,5,5,2,13,1,30,3,10,1,1,7,9,1,10,1,11,,16,,1,22,9,121.4885687,25.03552777
112,2,1,8,31,2,02萬華區,萬華區華江橋往台北市與華江橋機車道口,0,0,2,4,C03,8,1,7,40,8,11,1,5,4,5,7,4,4,1,5,5,2,13,1,41,2,7,1,1,7,9,1,10,1,11,,16,,1,22,9,121.4885687,25.03552777
112,2,1,8,31,2,02萬華區,萬華區華江橋往台北市與華江橋機車道口,0,0,2,5,C03,8,1,7,40,8,11,1,5,4,5,7,4,4,1,5,5,2,13,2,35,3,10,1,1,7,9,1,10,1,11,,16,,1,22,9,121.4885687,25.03552777
112,2,1,8,31,2,02萬華區,萬華區華江橋往台北市與華江橋機車道口,0,0,2,6,C03,8,1,7,40,8,11,1,5,4,5,7,4,4,1,5,5,2,13,2,26,2,8,1,1,7,9,1,10,1,11,,16,,1,22,9,121.4885687,25.03552777
112,2,1,8,31,2,06松山區,松山區復興北路427巷30號,0,0,2,1,C03,8,1,5,30,14,9,1,5,4,5,7,4,4,10,5,5,2,17,1,32,2,9,1,1,7,1,1,10,1,14,,19,,1,22,9,121.5464285,25.06333194
112,2,1,8,31,2,06松山區,松山區復興北路427巷30號,0,0,2,2,C03,8,1,5,30,14,9,1,5,4,5,7,4,4,10,5,5,2,17,1,38,2,9,1,1,7,9,1,10,1,11,,13,,1,22,9,121.5464285,25.06333194
112,2,1,8,56,2,05中正區,中正區青島東路1號,0,0,1,1,B02,8,1,5,50,4,1,1,5,4,5,7,1,1,9,5,5,2,16,1,25,3,10,1,1,7,11,1,2,1,4,,10,,1,22,9,121.5211988,25.0440619
112,2,1,8,56,2,05中正區,中正區青島東路1號,0,0,1,2,C03,8,1,5,50,4,1,1,5,4,5,7,1,1,9,5,5,2,16,1,35,2,8,1,1,7,9,1,10,1,12,,44,,1,22,9,121.5211988,25.0440619
112,2,1,9,5,2,05中正區,中正區中山南路與凱達格蘭大道口,0,0,1,1,C03,8,1,5,50,5,1,1,5,4,5,7,1,1,1,3,1,2,13,2,32,2,9,1,1,7,9,1,10,1,11,,44,,1,22,9,121.5173664,25.03868825
112,2,1,9,5,2,05中正區,中正區中山南路與凱達格蘭大道口,0,0,1,2,C03,8,1,5,50,5,1,1,5,4,5,7,1,1,1,3,1,2,13,1,22,3,10,1,1,7,12,1,10,1,13,,42,,1,22,9,121.5173664,25.03868825
112,2,1,9,10,2,04大安區,大安區忠孝東路3段與建國南路1段口,0,0,1,1,B03,8,1,5,0,4,2,1,5,4,5,7,2,1,8,3,5,1,11,1,67,4,11,3,4,7,6,7,19,11,15,,9,,2,22,9,121.5367766,25.04196095
112,2,1,9,10,2,04大安區,大安區忠孝東路3段與建國南路1段口,0,0,1,2,C03,8,1,5,0,4,2,1,5,4,5,7,2,1,8,3,5,1,11,2,19,2,7,1,1,7,9,1,10,1,11,,44,,1,18,1,121.5367766,25.04196095
112,2,1,9,25,2,06松山區,松山區復興北路311號,0,0,1,2,B03,8,1,5,50,14,9,1,5,4,5,7,4,4,2,4,5,2,13,2,42,3,10,1,1,7,9,1,8,1,3,,44,,1,22,9,121.5442818,25.05895954
112,2,1,9,25,2,06松山區,松山區復興北路311號,0,0,1,1,B03,8,1,5,50,14,9,1,5,4,5,7,4,4,2,4,5,2,13,1,72,2,7,1,1,7,9,1,8,1,1,,23,,1,22,9,121.5442818,25.05895954
112,2,1,9,47,2,12內湖區,內湖區民權東路6段與民權東路6段135巷口口,0,0,2,3,H02,8,1,5,50,3,2,1,5,4,5,7,4,4,1,4,5,2,13,1,41,2,8,4,5,7,21,8,20,10,16,,67,,1,22,9,121.5941135,25.06893789
112,2,1,9,47,2,12內湖區,內湖區民權東路6段與民權東路6段135巷口口,0,0,2,2,C02,8,1,5,50,3,2,1,5,4,5,7,4,4,1,4,5,2,13,1,32,3,10,1,1,7,14,1,9,1,13,,44,,1,22,9,121.5941135,25.06893789
112,2,1,9,47,2,12內湖區,內湖區民權東路6段與民權東路6段135巷口口,0,0,2,1,C03,8,1,5,50,3,2,1,5,4,5,7,4,4,1,4,5,2,13,2,46,2,9,1,1,7,9,1,10,1,11,,16,,1,22,9,121.5941135,25.06893789
112,2,1,10,4,2,06松山區,松山區民生東路5段36巷4弄1號,0,0,1,2,H01,8,1,5,30,14,9,1,5,4,5,7,4,4,9,4,5,2,2,2,51,2,9,4,5,8,16,8,20,10,16,,60,,1,22,9,121.5570693,25.05784452
112,2,1,10,4,2,06松山區,松山區民生東路5段36巷4弄1號,0,0,1,1,B01,8,1,5,30,14,9,1,5,4,5,7,4,4,9,4,5,2,2,1,67,3,10,1,4,7,9,1,4,1,2,,23,,1,22,9,121.5570693,25.05784452
112,2,1,10,13,2,06松山區,松山區光復北路191號,0,0,1,1,B01,8,1,5,50,14,7,1,5,4,5,7,4,4,5,2,4,2,16,1,60,3,10,1,4,7,11,1,8,1,4,,10,,1,22,9,121.5551001,25.05916568
112,2,1,10,13,2,06松山區,松山區光復北路191號,0,0,1,2,C03,8,1,5,50,14,7,1,5,4,5,7,4,4,5,2,4,2,16,2,22,2,8,1,4,7,9,1,10,1,11,,44,,1,22,9,121.5551001,25.05916568
112,2,1,10,16,1,03中山區,中山區松江路與農安街口,1,0,1,1,H01,8,1,5,50,4,2,1,5,4,5,7,2,1,5,4,5,2,3,1,71,2,9,4,1,8,16,8,20,10,16,,52,,1,22,9,121.5334171,25.06470301
112,2,1,10,16,1,03中山區,中山區松江路與農安街口,1,0,1,2,C03,8,1,5,50,4,2,1,5,4,5,7,2,1,5,4,5,2,3,1,31,1,1,1,1,7,9,1,9,9,11,,15,,1,22,9,121.5334171,25.06470301
112,2,1,10,30,2,06松山區,松山區麥帥一橋機慢車道(東往西),0,0,2,1,C03,8,1,8,40,8,11,1,5,4,5,7,4,4,1,5,5,2,12,1,29,2,9,1,1,7,4,1,10,2,12,,1,,1,22,9,121.5719834,25.05227185
112,2,1,10,30,2,06松山區,松山區麥帥一橋機慢車道(東往西),0,0,2,2,C03,8,1,8,40,8,11,1,5,4,5,7,4,4,1,5,5,2,12,1,66,2,9,1,1,7,9,1,10,2,14,,6,,1,22,9,121.5719834,25.05227185
112,2,1,10,35,2,12內湖區,內湖區內湖路1段285巷21號與環山路1段19巷口,0,0,1,2,B02,8,1,5,30,3,1,1,5,4,5,7,4,4,10,5,5,2,14,1,38,3,10,1,1,7,5,1,8,1,7,,44,,1,22,9,121.5669212,25.08306921
112,2,1,10,35,2,12內湖區,內湖區內湖路1段285巷21號與環山路1段19巷口,0,0,1,1,C03,8,1,5,30,3,1,1,5,4,5,7,4,4,10,5,5,2,14,2,61,2,9,1,1,7,2,1,10,1,13,,12,,1,22,9,121.5669212,25.08306921
112,2,1,11,36,2,10文山區,文山區興隆路3段178號,0,0,1,2,C03,8,1,5,50,14,9,1,5,4,5,7,2,1,1,4,5,2,12,2,30,2,1,1,1,7,14,1,10,2,15,,44,,1,22,9,121.5587477,24.9981156
112,2,1,11,36,2,10文山區,文山區興隆路3段178號,0,0,1,1,A12,8,1,5,50,14,9,1,5,4,5,7,2,1,1,4,5,2,12,1,31,3,10,1,1,7,9,1,3,2,5,,23,,1,22,9,121.5587477,24.9981156
112,2,1,11,45,2,06松山區,松山區敦化北路南往北0201652燈桿旁,0,0,1,2,H02,8,1,5,50,14,7,1,5,4,5,7,4,4,1,4,4,2,9,2,68,2,5,4,5,7,20,8,20,10,16,,60,,1,22,9,121.5490677,25.04961057
112,2,1,11,45,2,06松山區,松山區敦化北路南往北0201652燈桿旁,0,0,1,1,A02,8,1,5,50,14,7,1,5,4,5,7,4,4,1,4,4,2,9,1,46,3,10,1,1,7,7,1,2,1,15,,42,,1,22,9,121.5490677,25.04961057
112,2,1,13,5,2,05中正區,中正區牯嶺街與南昌路2段2巷口,0,0,1,2,C03,7,1,5,30,3,1,1,5,4,5,7,4,4,9,5,5,2,17,1,29,2,9,1,1,7,9,1,10,1,11,,44,,1,22,9,121.5178626,25.0280863
112,2,1,13,5,2,05中正區,中正區牯嶺街與南昌路2段2巷口,0,0,1,1,F03,7,1,5,30,3,1,1,5,4,5,7,4,4,9,5,5,2,17,2,56,3,10,1,1,7,5,8,20,1,16,,6,,1,22,9,121.5178626,25.0280863
112,2,1,13,8,2,07信義區,信義區基隆路汽機車混合地下道往北,0,0,1,2,,8,3,5,30,14,11,1,5,4,5,7,4,4,5,5,5,2,18,3,0,,,,,,,,,,,,67,,1,,,121.5629585,25.0386891
112,2,1,13,8,2,07信義區,信義區基隆路汽機車混合地下道往北,0,0,1,1,C03,8,3,5,30,14,11,1,5,4,5,7,4,4,5,5,5,2,18,1,30,2,9,3,4,7,9,1,10,1,14,,43,,1,22,9,121.5629585,25.0386891
112,2,1,13,10,2,05中正區,中正區中華路2段315巷5弄,0,0,2,2,C03,8,1,5,30,14,9,1,5,4,5,7,4,4,8,4,5,1,10,1,40,2,9,1,1,7,9,1,10,1,11,,44,,1,22,9,121.5065437,25.0285195
112,2,1,13,10,2,05中正區,中正區中華路2段315巷5弄,0,0,2,1,C03,8,1,5,30,14,9,1,5,4,5,7,4,4,8,4,5,1,10,1,32,2,9,1,1,7,4,3,18,1,11,,1,,1,22,9,121.5065437,25.0285195
112,2,1,13,15,2,03中山區,中山區吉林路與松江路170巷口,0,0,1,1,B03,8,1,5,50,4,2,1,5,4,5,7,1,1,9,5,5,2,3,1,28,3,10,1,1,7,5,1,8,2,8,,15,,1,22,9,121.530135,25.0559939
112,2,1,13,15,2,03中山區,中山區吉林路與松江路170巷口,0,0,1,2,H01,8,1,5,50,4,2,1,5,4,5,7,1,1,9,5,5,2,3,2,27,2,9,4,5,8,16,8,20,10,16,,67,,1,22,9,121.530135,25.0559939
112,2,1,13,16,2,03中山區,中山區渭水路與松江路口,0,0,2,1,C03,7,1,5,50,4,1,1,5,4,5,7,1,1,1,3,5,1,16,1,22,2,9,1,4,7,8,1,10,2,12,,7,,1,22,9,121.5328289,25.0459481
112,2,1,13,16,2,03中山區,中山區渭水路與松江路口,0,0,2,2,C03,7,1,5,50,4,1,1,5,4,5,7,1,1,1,3,5,1,16,2,54,2,9,1,4,7,9,1,10,2,14,,44,,1,22,9,121.5328289,25.0459481
112,2,1,13,48,2,02萬華區,萬華區華中橋機車道往北市近轉彎處,0,0,1,1,C03,8,1,5,0,11,11,1,5,4,5,7,4,4,10,3,5,2,24,1,51,2,9,3,4,7,9,1,10,1,14,,43,,1,22,9,121.4959006,25.01547273
112,2,1,13,48,2,02萬華區,萬華區華中橋機車道往北市近轉彎處,0,0,1,2,,8,1,5,0,11,11,1,5,4,5,7,4,4,10,3,5,2,24,3,0,,,,,,,,,,,,67,,1,,,121.4959006,25.01547273
112,2,1,14,16,2,02萬華區,萬華區東園街與德昌街口,0,0,1,1,B01,8,1,5,30,4,1,1,5,4,5,7,1,1,9,4,5,1,17,1,54,3,10,1,1,7,5,1,4,1,8,,8,,1,22,9,121.4972255,25.0244194
112,2,1,14,16,2,02萬華區,萬華區東園街與德昌街口,0,0,1,2,C03,8,1,5,30,4,1,1,5,4,5,7,1,1,9,4,5,1,17,2,53,2,7,1,1,7,9,1,10,1,12,,44,,1,22,9,121.4972255,25.0244194
112,2,1,14,19,2,12內湖區,內湖區成功路3段與康寧路1段口,0,0,2,1,C03,8,1,5,50,4,1,1,5,4,5,7,2,1,1,4,5,2,16,1,29,2,4,1,1,7,9,1,10,1,11,,44,,1,22,9,121.5911384,25.0807687
112,2,1,14,19,2,12內湖區,內湖區成功路3段與康寧路1段口,0,0,2,2,C03,8,1,5,50,4,1,1,5,4,5,7,2,1,1,4,5,2,16,2,57,2,8,1,1,7,9,1,10,1,15,,25,,1,22,9,121.5911384,25.0807687
112,2,1,15,7,2,07信義區,信義區信義路4段389號,0,0,1,1,B12,8,1,5,50,14,9,1,5,4,5,7,4,4,8,3,5,2,17,1,51,3,10,1,1,7,15,1,8,1,4,,40,,1,22,9,121.5586877,25.0331858
112,2,1,15,7,2,07信義區,信義區信義路4段389號,0,0,1,2,F01,8,1,5,50,14,9,1,5,4,5,7,4,4,8,3,5,2,17,1,16,2,9,2,1,7,9,8,20,1,16,,44,,1,22,9,121.5586877,25.0331858
112,2,1,15,30,2,12內湖區,內湖區文德路101巷與文德路口,0,0,1,2,B02,7,1,5,50,4,1,1,5,4,5,7,1,1,1,4,1,2,16,1,42,3,10,1,1,7,5,1,4,2,2,,25,,1,22,9,121.5836215,25.0769333
112,2,1,15,30,2,12內湖區,內湖區文德路101巷與文德路口,0,0,1,1,C03,7,1,5,50,4,1,1,5,4,5,7,1,1,1,4,1,2,16,2,45,2,9,1,1,7,9,1,10,2,11,,25,,1,22,9,121.5836215,25.0769333
112,2,1,15,35,2,12內湖區,內湖區內湖路1段與港墘路口,0,0,1,2,C03,7,1,5,50,3,2,1,5,4,5,7,4,4,1,4,5,2,13,2,62,2,9,1,1,7,9,1,10,9,13,,44,,1,22,9,121.5763078,25.07951073
112,2,1,15,35,2,12內湖區,內湖區內湖路1段與港墘路口,0,0,1,1,B12,7,1,5,50,3,2,1,5,4,5,7,4,4,1,4,5,2,13,4,0,4,11,3,4,7,15,7,19,11,15,,43,,2,22,9,121.5763078,25.07951073
112,2,1,16,4,2,05中正區,中正區愛國西路與博愛路口,0,0,1,1,H01,8,1,5,0,4,1,1,5,4,5,7,2,1,1,4,1,2,3,1,63,2,9,4,5,8,16,8,20,10,16,,52,,1,22,9,121.5108347,25.0355994
112,2,1,16,4,2,05中正區,中正區愛國西路與博愛路口,0,0,1,2,C01,8,1,5,0,4,1,1,5,4,5,7,2,1,1,4,1,2,3,1,44,3,10,3,4,7,9,1,9,2,15,,23,,1,22,9,121.5108347,25.0355994
112,2,1,16,9,2,11南港區,南港區南港路1段與經貿二路口,0,0,2,2,B03,8,1,5,50,4,1,1,5,4,5,7,2,1,10,3,5,2,15,2,64,2,3,3,4,7,9,1,8,2,1,,44,,1,22,9,121.6166553,25.0552124
112,2,1,16,9,2,11南港區,南港區南港路1段與經貿二路口,0,0,2,1,B03,8,1,5,50,4,1,1,5,4,5,7,2,1,10,3,5,2,15,2,44,2,3,3,4,7,9,1,14,2,2,,25,,1,22,9,121.6166553,25.0552124
112,2,1,16,23,2,12內湖區,內湖區文德路101巷與內湖路2段口,0,0,2,2,H01,7,1,5,50,4,1,1,5,4,5,7,1,1,5,5,5,2,1,1,49,2,9,4,1,8,16,8,20,10,16,,67,,1,22,9,121.5828175,25.0797233
112,2,1,16,23,2,12內湖區,內湖區文德路101巷與內湖路2段口,0,0,2,3,H01,7,1,5,50,4,1,1,5,4,5,7,1,1,5,5,5,2,1,2,42,2,9,4,5,8,16,8,20,10,16,,67,,1,22,9,121.5828175,25.0797233
112,2,1,16,23,2,12內湖區,內湖區文德路101巷與內湖路2段口,0,0,2,4,,7,1,5,50,4,1,1,5,4,5,7,1,1,5,5,5,2,1,3,0,,,,,,,,,,,,67,,1,,,121.5828175,25.0797233
112,2,1,16,23,2,12內湖區,內湖區文德路101巷與內湖路2段口,0,0,2,1,B02,7,1,5,50,4,1,1,5,4,5,7,1,1,5,5,5,2,1,2,47,3,10,1,1,7,5,1,8,2,1,,15,,1,22,9,121.5828175,25.0797233
112,2,1,16,31,2,12內湖區,內湖區舊宗路2段與陽光街口口,0,0,1,2,C03,8,1,5,50,3,1,1,5,4,5,7,4,4,1,4,5,2,12,1,30,2,8,1,1,7,9,1,10,1,14,,44,,1,22,9,121.5740554,25.0723261
112,2,1,16,31,2,12內湖區,內湖區舊宗路2段與陽光街口口,0,0,1,1,B01,8,1,5,50,3,1,1,5,4,5,7,4,4,1,4,5,2,12,1,67,3,10,1,1,7,6,1,4,1,5,,9,,1,22,9,121.5740554,25.0723261
112,2,1,16,46,2,06松山區,松山區東興路18號,0,0,1,1,C03,8,1,5,50,14,9,1,5,4,5,7,4,4,9,4,5,2,12,1,86,2,9,1,1,7,8,6,18,1,11,,23,,1,22,9,121.5654555,25.04934077