發生年度,發生月,發生日,發生時-Hours,發生分,處理別-編號,區序,肇事地點,死亡人數,2-30日死亡人數,受傷人數,當事人序號,車種,天候,光線,道路類別,速限-速度限制,道路型態,事故位置,路面狀況1,路面狀況2,路面狀況3,道路障礙1,道路障礙2,號誌1,號誌2,車道劃分-分向,車道劃分-分道1,車道劃分-分道2,車道劃分-分道3,事故類型及型態,性別,年齡,受傷程度,主要傷處,保護裝置,行動電話,車輛用途,當事者行動狀態,駕駛資格情形,駕駛執照種類,飲酒情形,車輛撞擊部位1,車輛撞擊部位2,肇因碼-個別,肇因碼-主要,個人肇逃否,職業,旅次目的,座標-X,座標-Y
112,2,2,11,20,2,03中山區,中山區長春路與林森北路口,0,0,1,1,C03,8,1,5,50,4,1,1,5,4,5,7,1,1,5,4,5,2,16,1,22,2,8,1,4,7,6,1,10,1,13,,8,,1,22,9,121.5254632,25.0549534
112,2,2,11,30,2,03中山區,中山區敬業一路128巷與敬業一路口,0,0,1,1,B03,8,1,5,50,4,2,1,5,4,5,7,2,1,5,4,5,1,1,2,48,3,10,1,1,7,5,1,8,2,8,,15,,1,22,9,121.5523691,25.08340951
112,2,2,11,30,2,03中山區,中山區敬業一路128巷與敬業一路口,0,0,1,2,H01,8,1,5,50,4,2,1,5,4,5,7,2,1,5,4,5,1,1,1,76,2,9,4,5,8,16,8,20,10,16,,67,,1,22,9,121.5523691,25.08340951
112,2,2,11,34,2,02萬華區,萬華區環河南路2段250巷與環河南路2段口,0,0,1,2,C03,8,1,5,50,4,1,1,5,4,5,7,2,1,1,4,5,2,17,1,22,2,9,1,1,7,9,1,10,2,11,,44,,1,22,9,121.4921135,25.03293995
112,2,2,11,34,2,02萬華區,萬華區環河南路2段250巷與環河南路2段口,0,0,1,1,B03,8,1,5,50,4,1,1,5,4,5,7,2,1,1,4,5,2,17,1,58,3,10,1,1,7,5,1,8,2,5,,6,,1,22,9,121.4921135,25.03293995
112,2,2,11,39,2,11南港區,南港區南港路3段264-2號,0,0,3,1,A41,7,1,5,50,14,9,1,5,4,5,6,2,1,5,4,5,2,17,1,41,3,10,1,4,1,9,1,1,2,1,,23,,1,22,9,121.614471,25.0554995
112,2,2,11,39,2,11南港區,南港區南港路3段264-2號,0,0,3,4,B01,7,1,5,50,14,9,1,5,4,5,6,2,1,5,4,5,2,17,1,65,2,9,1,4,7,14,1,4,2,3,,44,,1,22,9,121.614471,25.0554995
112,2,2,11,39,2,11南港區,南港區南港路3段264-2號,0,0,3,3,B03,7,1,5,50,14,9,1,5,4,5,6,2,1,5,4,5,2,17,1,53,2,9,1,4,7,14,1,8,2,3,,44,,1,22,9,121.614471,25.0554995
112,2,2,11,39,2,11南港區,南港區南港路3段264-2號,0,0,3,2,C03,7,1,5,50,14,9,1,5,4,5,6,2,1,5,4,5,2,17,1,53,2,9,1,4,7,9,1,10,2,13,,44,,1,22,9,121.614471,25.0554995
112,2,2,11,51,2,06松山區,松山區市民大道5段與東興路口,0,0,1,2,E01,8,1,5,40,4,1,1,5,4,5,7,1,1,1,4,5,2,15,1,32,3,10,1,1,7,9,1,6,2,2,,44,,1,22,9,121.5658036,25.0483737
112,2,2,11,51,2,06松山區,松山區市民大道5段與東興路口,0,0,1,1,C03,8,1,5,40,4,1,1,5,4,5,7,1,1,1,4,5,2,15,1,19,2,9,1,1,7,9,1,10,2,14,,6,,1,22,9,121.5658036,25.0483737
112,2,2,12,20,2,03中山區,中山區復興北路與南京東路3段口,0,0,2,1,B11,8,3,5,50,4,2,1,5,4,5,7,1,1,1,4,5,2,16,1,76,3,10,3,4,7,8,1,8,1,6,,6,,1,22,9,121.5439216,25.0521598
112,2,2,12,20,2,03中山區,中山區復興北路與南京東路3段口,0,0,2,2,C03,8,3,5,50,4,2,1,5,4,5,7,1,1,1,4,5,2,16,2,50,2,9,1,4,7,9,1,10,1,14,,44,,1,22,9,121.5439216,25.0521598
112,2,2,12,20,2,03中山區,中山區復興北路與南京東路3段口,0,0,2,3,H02,8,3,5,50,4,2,1,5,4,5,7,1,1,1,4,5,2,16,1,26,2,8,4,5,7,21,8,20,10,16,,67,,1,22,9,121.5439216,25.0521598
112,2,2,13,6,2,08士林區,士林區延平北路7段106巷與社子大橋口社子大橋,0,0,1,1,C03,7,1,5,40,3,2,1,5,4,5,7,1,1,5,5,5,2,16,4,0,4,11,3,4,7,15,7,19,11,15,,43,,2,22,9,121.4952835,25.10947724
112,2,2,13,6,2,08士林區,士林區延平北路7段106巷與社子大橋口社子大橋,0,0,1,2,C03,7,1,5,40,3,2,1,5,4,5,7,1,1,5,5,5,2,16,1,58,2,9,1,1,7,9,1,10,1,11,,44,,1,22,9,121.4952835,25.10947724
112,2,2,13,57,2,07信義區,信義區松高路與松仁路口口,0,0,1,1,C03,7,1,5,50,4,1,1,5,4,5,7,2,1,9,4,5,1,16,1,25,2,8,3,4,7,5,1,10,1,14,,42,,1,22,9,121.5685855,25.0390845
112,2,2,13,57,2,07信義區,信義區松高路與松仁路口口,0,0,1,2,B01,7,1,5,50,4,1,1,5,4,5,7,2,1,9,4,5,1,16,2,39,3,10,3,4,7,5,1,4,1,5,,44,,1,22,9,121.5685855,25.0390845
112,2,2,14,29,2,03中山區,中山區市民大道3段與松江路口,0,0,1,2,C03,8,1,5,40,4,1,1,5,4,5,7,1,1,4,4,1,2,12,1,20,2,9,1,1,7,9,3,18,1,14,,13,,1,22,9,121.5389718,25.07930726
112,2,2,14,29,2,03中山區,中山區市民大道3段與松江路口,0,0,1,1,B03,8,1,5,40,4,1,1,5,4,5,7,1,1,4,4,1,2,12,1,23,3,10,1,1,7,6,1,8,1,2,,9,,1,22,9,121.5389718,25.07930726
112,2,2,14,30,2,03中山區,中山區復興北路422號與民權東路3段口引道,0,0,2,2,C03,8,1,5,50,3,1,1,5,4,5,7,4,4,1,4,5,2,16,1,21,2,9,3,4,7,9,1,10,1,11,,13,,1,22,9,121.5441031,25.06276279
112,2,2,14,30,2,03中山區,中山區復興北路422號與民權東路3段口引道,0,0,2,1,C03,8,1,5,50,3,1,1,5,4,5,7,4,4,1,4,5,2,16,1,50,2,9,3,4,7,6,1,10,1,12,,9,,1,22,9,121.5441031,25.06276279
112,2,2,14,30,2,08士林區,士林區天母東路與天母東路43巷口,0,0,2,1,F01,8,1,5,30,4,1,1,5,4,5,7,2,1,1,5,5,2,11,1,13,2,7,3,4,7,5,8,20,1,16,,8,,1,22,9,121.5323213,25.11802238
112,2,2,14,30,2,08士林區,士林區天母東路與天母東路43巷口,0,0,2,2,C03,8,1,5,30,4,1,1,5,4,5,7,2,1,1,5,5,2,11,1,32,2,9,1,4,7,9,1,10,1,11,,44,,1,22,9,121.5323213,25.11802238
112,2,2,14,50,2,08士林區,士林區基河路16-8號,0,0,2,1,C03,8,1,5,50,14,9,1,5,4,5,7,4,4,10,4,5,1,12,2,41,2,5,3,4,7,5,1,10,1,14,,8,,1,22,9,121.5243869,25.08267578
112,2,2,14,50,2,08士林區,士林區基河路16-8號,0,0,2,2,C03,8,1,5,50,14,9,1,5,4,5,7,4,4,10,4,5,1,12,1,39,2,7,3,4,7,9,1,10,1,11,,44,,1,22,9,121.5243869,25.08267578
112,2,2,15,5,2,12內湖區,內湖區陽光街與文德路208巷口,0,0,3,2,C03,8,1,5,50,3,2,1,5,4,5,7,1,1,5,5,5,2,17,1,27,2,8,1,1,7,14,1,10,2,14,,44,,1,22,9,121.5835369,25.07526006
112,2,2,15,5,2,12內湖區,內湖區陽光街與文德路208巷口,0,0,3,3,C03,8,1,5,50,3,2,1,5,4,5,7,1,1,5,5,5,2,17,1,52,2,8,1,1,7,14,1,10,2,14,,44,,1,22,9,121.5835369,25.07526006
112,2,2,15,5,2,12內湖區,內湖區陽光街與文德路208巷口,0,0,3,1,B11,8,1,5,50,3,2,1,5,4,5,7,1,1,5,5,5,2,17,1,26,2,7,1,1,7,5,1,8,2,8,,42,,1,22,9,121.5835369,25.07526006
112,2,2,15,5,2,12內湖區,內湖區陽光街與文德路208巷口,0,0,3,4,,8,1,5,50,3,2,1,5,4,5,7,1,1,5,5,5,2,17,3,,,,,,,,,,,,,67,,1,,,121.5835369,25.07526006
112,2,2,15,25,2,06松山區,松山區八德路4段與松山路口,0,0,1,1,B01,7,1,5,40,4,2,1,5,4,5,7,1,1,1,3,1,2,17,1,61,3,10,3,4,7,9,1,4,1,1,,43,,1,22,9,121.577731,25.0500394
112,2,2,15,25,2,06松山區,松山區八德路4段與松山路口,0,0,1,2,C03,7,1,5,40,4,2,1,5,4,5,7,1,1,1,3,1,2,17,2,35,2,9,1,1,7,8,1,10,1,13,,43,,1,22,9,121.577731,25.0500394
112,2,2,15,30,2,09北投區,北投區泉源路No.0112燈桿,0,0,1,1,C03,8,1,5,50,11,9,1,5,4,5,7,4,4,4,5,5,1,18,1,52,2,9,1,1,7,9,1,9,1,14,,43,,1,22,9,121.5293999,25.14540014
112,2,2,15,30,2,09北投區,北投區泉源路No.0112燈桿,0,0,1,2,,8,1,5,50,11,9,1,5,4,5,7,4,4,4,5,5,1,18,3,0,,,,,,,,,,,,67,,1,,,121.5293999,25.14540014
112,2,2,15,34,2,04大安區,大安區金山南路2段188號與金山南路2段口旁無名巷口,0,0,1,1,B12,8,1,5,50,3,1,1,5,4,5,7,4,4,1,4,5,2,17,1,71,3,10,1,1,7,6,1,8,2,6,,9,,1,22,9,121.5261657,25.02830897
112,2,2,15,34,2,04大安區,大安區金山南路2段188號與金山南路2段口旁無名巷口,0,0,1,2,C03,8,1,5,50,3,1,1,5,4,5,7,4,4,1,4,5,2,17,1,28,2,9,1,1,7,9,1,10,2,11,,14,,1,22,9,121.5261657,25.02830897
112,2,2,15,37,2,05中正區,中正區重慶南路3段與汀州路2段口,0,0,1,1,C03,7,1,5,50,4,1,1,5,4,5,7,1,1,5,5,5,2,17,1,56,3,10,1,1,7,5,1,10,2,15,,6,,1,22,9,121.5163212,25.02567531
112,2,2,15,37,2,05中正區,中正區重慶南路3段與汀州路2段口,0,0,1,2,C03,7,1,5,50,4,1,1,5,4,5,7,1,1,5,5,5,2,17,1,30,2,9,1,1,7,9,1,10,2,14,,42,,1,22,9,121.5163212,25.02567531
112,2,2,15,40,2,12內湖區,內湖區成功路3段與文德路口,0,0,1,2,C03,7,1,5,50,3,2,1,5,4,5,7,4,4,1,4,5,2,16,1,59,2,9,1,1,7,9,1,10,1,14,,44,,1,22,9,121.5889344,25.07895889
112,2,2,15,40,2,12內湖區,內湖區成功路3段與文德路口,0,0,1,1,B03,7,1,5,50,3,2,1,5,4,5,7,4,4,1,4,5,2,16,1,71,3,10,1,1,7,6,1,8,1,5,,6,,1,22,9,121.5889344,25.07895889
112,2,2,16,16,2,06松山區,松山區復興北路與敦化北路4巷口,0,0,1,1,B03,7,1,5,50,4,1,1,5,4,5,7,2,1,9,4,5,2,17,1,26,3,10,1,1,7,5,1,8,1,15,,6,,1,22,9,121.5441015,25.05020352
112,2,2,16,16,2,06松山區,松山區復興北路與敦化北路4巷口,0,0,1,2,C04,7,1,5,50,4,1,1,5,4,5,7,2,1,9,4,5,2,17,2,37,2,9,1,1,7,9,1,10,1,11,,44,,1,22,9,121.5441015,25.05020352
112,2,2,16,21,2,04大安區,大安區仁愛路3段143巷與仁愛路3段123巷13弄口,0,0,2,1,B03,8,1,5,30,4,1,1,5,4,5,7,4,4,10,5,5,1,15,2,69,2,3,1,1,7,9,1,8,1,5,,26,,1,22,9,121.5430256,25.03984265
112,2,2,16,21,2,04大安區,大安區仁愛路3段143巷與仁愛路3段123巷13弄口,0,0,2,2,B12,8,1,5,30,4,1,1,5,4,5,7,4,4,10,5,5,1,15,2,25,2,9,1,1,7,9,1,8,1,8,,13,,1,22,9,121.5430256,25.03984265
112,2,2,17,5,2,04大安區,大安區和平東路2段98-1號,0,0,2,1,B01,8,1,5,50,14,9,1,5,4,5,7,4,4,1,4,5,2,16,2,62,3,10,3,4,7,8,1,4,1,5,,7,,1,22,9,121.5414338,25.02502
112,2,2,17,5,2,04大安區,大安區和平東路2段98-1號,0,0,2,3,H02,8,1,5,50,14,9,1,5,4,5,7,4,4,1,4,5,2,16,1,61,2,9,4,5,7,21,8,20,10,16,,67,,1,22,9,121.5414338,25.02502
112,2,2,17,5,2,04大安區,大安區和平東路2段98-1號,0,0,2,2,C03,8,1,5,50,14,9,1,5,4,5,7,4,4,1,4,5,2,16,2,59,2,9,3,4,7,9,1,10,1,14,,44,,1,22,9,121.5414338,25.02502
112,2,2,17,20,2,11南港區,南港區忠孝東路6段與昆陽街口,0,0,1,1,C03,8,2,5,50,4,1,1,5,4,5,7,1,1,5,4,5,2,16,1,49,3,10,1,1,7,9,1,10,1,13,,4,,1,22,9,121.5940576,25.0503108
112,2,2,17,20,2,11南港區,南港區忠孝東路6段與昆陽街口,0,0,1,2,C03,8,2,5,50,4,1,1,5,4,5,7,1,1,5,4,5,2,16,1,66,2,9,1,1,7,5,1,10,1,11,,44,,1,22,9,121.5940576,25.0503108
112,2,2,17,34,2,04大安區,大安區復興南路1段295巷與復興南路1段295巷13弄口,0,0,1,1,B03,7,3,5,30,4,1,1,5,4,5,7,4,4,10,5,5,1,15,1,26,3,10,3,1,7,9,1,8,1,5,,6,,1,22,9,121.5443239,25.03513236
112,2,2,17,34,2,04大安區,大安區復興南路1段295巷與復興南路1段295巷13弄口,0,0,1,2,C03,7,3,5,30,4,1,1,5,4,5,7,4,4,10,5,5,1,15,2,19,2,8,1,1,7,9,1,10,1,11,,14,,1,22,9,121.5443239,25.03513236
112,2,2,17,37,2,08士林區,士林區磺溪街與磺溪街50巷口,0,0,2,2,H01,8,1,5,50,14,9,1,5,4,5,7,4,4,9,4,5,2,3,2,43,2,8,4,5,8,16,8,20,1,16,,51,,1,22,9,121.5230776,25.10712667
112,2,2,17,37,2,08士林區,士林區磺溪街與磺溪街50巷口,0,0,2,1,C03,8,1,5,50,14,9,1,5,4,5,7,4,4,9,4,5,2,3,1,36,2,9,1,1,7,9,1,10,1,14,,42,,1,22,9,121.5230776,25.10712667
112,2,2,17,45,2,03中山區,中山區民權東路2段與新生北路3段口,0,0,1,1,B03,7,3,5,50,4,1,1,5,4,5,7,1,1,1,4,5,1,15,1,75,3,10,1,1,7,9,1,15,1,5,,25,,1,22,9,121.5278329,25.06268763
112,2,2,17,45,2,03中山區,中山區民權東路2段與新生北路3段口,0,0,1,2,C03,7,3,5,50,4,1,1,5,4,5,7,1,1,1,4,5,1,15,2,35,2,8,1,1,7,1,1,10,1,11,,44,,1,22,9,121.5278329,25.06268763
112,2,2,17,45,2,10文山區,文山區羅斯福路6段159巷1弄16號,0,0,1,1,B03,8,3,5,30,14,9,1,5,4,5,7,4,4,10,5,5,2,13,1,72,3,10,1,4,7,9,1,8,2,5,,23,,1,22,9,121.5408618,24.9979721
112,2,2,17,45,2,10文山區,文山區羅斯福路6段159巷1弄16號,0,0,1,2,F01,8,3,5,30,14,9,1,5,4,5,7,4,4,10,5,5,2,13,1,60,2,9,3,4,7,9,8,20,2,16,,27,,1,22,9,121.5408618,24.9979721
112,2,2,17,45,2,04大安區,大安區市民大道4段與敦化南路1段口,0,0,1,1,B03,8,2,5,40,4,1,1,5,4,5,7,2,1,1,4,5,2,17,2,53,3,10,1,1,7,6,1,8,1,2,,9,,1,22,9,121.5487114,25.044681
112,2,2,17,45,2,04大安區,大安區市民大道4段與敦化南路1段口,0,0,1,2,C03,8,2,5,40,4,1,1,5,4,5,7,2,1,1,4,5,2,17,1,28,2,9,1,1,7,6,1,10,1,14,,13,,1,22,9,121.5487114,25.044681
112,2,2,17,46,2,11南港區,南港區研究院路1段與研究院路1段101巷口,0,0,1,1,B03,8,3,5,50,4,1,1,5,4,5,7,2,1,1,4,5,2,16,1,36,3,10,1,1,7,5,1,8,1,1,,6,,1,21,8,121.6161172,25.0519522
112,2,2,17,46,2,09北投區,北投區石牌路1段39巷131弄10-1號,0,0,1,1,C03,7,3,5,50,14,9,1,5,4,5,7,4,4,10,5,5,1,3,1,35,3,10,3,1,7,9,1,10,1,11,,44,,1,22,9,121.5104253,25.11609287
112,2,2,17,46,2,09北投區,北投區石牌路1段39巷131弄10-1號,0,0,1,2,H01,7,3,5,50,14,9,1,5,4,5,7,4,4,10,5,5,1,3,1,9,2,9,4,5,8,18,8,20,10,16,,53,,1,22,9,121.5104253,25.11609287
112,2,2,17,46,2,11南港區,南港區研究院路1段與研究院路1段101巷口,0,0,1,2,C03,8,3,5,50,4,1,1,5,4,5,7,2,1,1,4,5,2,16,1,28,2,7,1,1,7,9,1,10,1,14,,44,,1,21,8,121.6161172,25.0519522
112,2,2,17,47,2,09北投區,北投區中和街與永興路2段口,0,0,1,2,C03,8,1,5,0,4,2,1,5,4,5,7,2,1,5,5,5,1,17,1,25,2,9,1,1,7,9,1,10,1,12,,44,,1,22,9,121.5012813,25.13985418
112,2,2,17,47,2,09北投區,北投區中和街與永興路2段口,0,0,1,1,H01,8,1,5,0,4,2,1,5,4,5,7,2,1,5,5,5,1,17,4,0,4,11,3,4,7,15,7,19,11,15,,43,,2,22,9,121.5012813,25.13985418
112,2,2,18,10,2,05中正區,中正區和平西路1段134號,0,0,3,1,C03,8,3,5,50,14,9,1,5,4,5,7,4,4,3,4,5,2,13,2,25,2,9,1,4,7,9,1,10,1,11,,16,,1,22,9,121.5152575,25.0273036
112,2,2,18,10,2,05中正區,中正區和平西路1段134號,0,0,3,3,C03,8,3,5,50,14,9,1,5,4,5,7,4,4,3,4,5,2,13,1,25,2,8,1,4,7,9,1,10,1,13,,16,,1,22,9,121.5152575,25.0273036
112,2,2,18,10,2,05中正區,中正區和平西路1段134號,0,0,3,4,C03,8,3,5,50,14,9,1,5,4,5,7,4,4,3,4,5,2,13,1,20,3,10,1,4,7,9,1,10,1,14,,44,,1,22,9,121.5152575,25.0273036
112,2,2,18,10,2,05中正區,中正區和平西路1段134號,0,0,3,5,C03,8,3,5,50,14,9,1,5,4,5,7,4,4,3,4,5,2,13,2,27,3,10,1,4,7,9,1,10,1,11,,44,,1,22,9,121.5152575,25.0273036
112,2,2,18,10,2,05中正區,中正區和平西路1段134號,0,0,3,6,C03,8,3,5,50,14,9,1,5,4,5,7,4,4,3,4,5,2,13,1,25,2,9,1,4,7,9,1,10,1,11,,16,,1,22,9,121.5152575,25.0273036
112,2,2,18,10,2,05中正區,中正區和平西路1段134號,0,0,3,2,C03,8,3,5,50,14,9,1,5,4,5,7,4,4,3,4,5,2,13,2,41,3,10,1,4,7,12,1,10,1,13,,44,,1,22,9,121.5152575,25.0273036
112,2,2,18,15,2,08士林區,士林區百齡橋第001號燈桿前,0,0,1,1,B01,8,3,8,30,15,22,1,5,4,5,7,4,4,3,5,5,2,16,1,68,3,10,1,1,7,7,1,4,2,8,,7,,1,22,9,121.5155031,25.09056381
112,2,2,18,15,2,08士林區,士林區百齡橋第001號燈桿前,0,0,1,2,F03,8,3,8,30,15,22,1,5,4,5,7,4,4,3,5,5,2,16,2,41,2,9,1,1,7,9,8,20,2,16,,65,,1,22,9,121.5155031,25.09056381
112,2,2,18,20,2,06松山區,松山區八德路4段319號,0,0,2,2,H01,8,3,5,50,14,9,1,5,4,5,7,4,4,5,4,5,1,3,2,63,2,9,4,5,8,16,8,20,2,16,,52,,1,22,9,121.5670121,25.04901985
112,2,2,18,20,2,06松山區,松山區八德路4段319號,0,0,2,1,C03,8,3,5,50,14,9,1,5,4,5,7,4,4,5,4,5,1,3,1,18,2,9,1,4,7,9,1,10,2,11,,23,,1,22,9,121.5670121,25.04901985
112,2,2,18,25,2,10文山區,文山區木新路3段與木新路3段183巷口,0,0,1,1,B03,7,3,5,50,3,1,1,5,4,5,7,4,4,5,4,5,2,16,1,37,3,10,1,1,7,5,1,8,1,8,,8,,1,22,9,121.560321,24.9816223
112,2,2,18,25,2,10文山區,文山區木新路3段與木新路3段183巷口,0,0,1,2,C03,7,3,5,50,3,1,1,5,4,5,7,4,4,5,4,5,2,16,1,18,2,9,1,1,7,9,1,10,1,11,,14,,1,22,9,121.560321,24.9816223
112,2,2,18,30,2,12內湖區,內湖區金龍路35號,0,0,1,3,B03,8,1,5,50,14,9,1,5,4,5,7,4,4,4,4,4,1,12,2,34,3,10,3,4,7,14,1,8,1,4,,44,,1,22,9,121.5941574,25.08470418
112,2,2,18,30,2,12內湖區,內湖區金龍路35號,0,0,1,1,C03,8,1,5,50,14,9,1,5,4,5,7,4,4,4,4,4,1,12,1,64,3,10,3,4,7,1,1,10,1,14,,19,,1,22,9,121.5941574,25.08470418
112,2,2,18,30,2,12內湖區,內湖區金龍路35號,0,0,1,2,C03,8,1,5,50,14,9,1,5,4,5,7,4,4,4,4,4,1,12,1,50,2,8,3,4,7,9,1,10,1,12,,44,,1,22,9,121.5941574,25.08470418
112,2,2,18,30,2,06松山區,松山區民權東路4段與新中街口,0,0,1,1,C03,7,3,5,50,3,1,1,5,4,5,7,1,1,1,3,4,2,15,2,22,3,10,3,4,7,9,1,10,1,11,,25,,1,22,9,121.5601733,25.06250984
112,2,2,18,30,2,06松山區,松山區民權東路4段與新中街口,0,0,1,2,C03,7,3,5,50,3,1,1,5,4,5,7,1,1,1,3,4,2,15,1,23,2,9,3,4,7,9,1,10,1,14,,23,,1,22,9,121.5601733,25.06250984
112,2,2,18,34,2,08士林區,士林區中正路715號,0,0,1,2,C03,7,3,5,50,14,9,1,5,4,5,7,4,4,1,5,5,1,17,1,56,2,7,1,1,7,9,1,9,1,14,,23,,1,21,9,121.5062104,25.08562589
112,2,2,18,34,2,08士林區,士林區中正路715號,0,0,1,1,B03,7,3,5,50,14,9,1,5,4,5,7,4,4,1,5,5,1,17,1,52,3,10,1,1,7,6,1,8,1,2,,9,,1,21,8,121.5062104,25.08562589
112,2,2,18,40,2,04大安區,大安區仁愛路4段與大安路1段口,0,0,1,1,C03,8,3,5,50,4,1,1,5,4,5,7,1,1,10,5,5,2,16,1,24,3,10,1,1,7,9,1,10,1,12,,43,,1,22,9,121.5460332,25.0376695
112,2,2,18,40,2,04大安區,大安區仁愛路4段與大安路1段口,0,0,1,2,C03,8,3,5,50,4,1,1,5,4,5,7,1,1,10,5,5,2,16,1,36,2,7,1,1,7,5,1,10,1,14,,43,,1,22,9,121.5460332,25.0376695
112,2,2,18,41,2,03中山區,中山區民生西路與民生西路66巷口,0,0,1,2,C03,8,3,5,50,14,9,1,5,4,5,7,2,1,5,4,5,2,16,1,34,2,9,1,1,7,9,6,10,1,11,,44,,1,22,9,121.5209345,25.0576523
112,2,2,18,41,2,03中山區,中山區民生西路與民生西路66巷口,0,0,1,1,C03,8,3,5,50,14,9,1,5,4,5,7,2,1,5,4,5,2,16,1,40,3,10,1,1,7,8,1,10,1,11,,7,,1,22,9,121.5209345,25.0576523
112,2,2,18,58,2,03中山區,中山區林森北路與市民大道2段口,0,0,3,1,C03,8,3,5,40,4,1,1,5,4,5,7,2,1,1,4,5,2,16,1,39,2,9,3,4,7,5,1,10,1,14,,8,,1,22,9,121.5242212,25.0478644
112,2,2,18,58,2,03中山區,中山區林森北路與市民大道2段口,0,0,3,3,H02,8,3,5,40,4,1,1,5,4,5,7,2,1,1,4,5,2,16,2,18,2,9,4,5,7,21,8,20,10,16,,67,,1,22,9,121.5242212,25.0478644
112,2,2,18,58,2,03中山區,中山區林森北路與市民大道2段口,0,0,3,2,C03,8,3,5,40,4,1,1,5,4,5,7,2,1,1,4,5,2,16,1,19,2,9,3,4,7,9,1,10,1,11,,13,,1,22,9,121.5242212,25.0478644
112,2,2,19,6,2,04大安區,大安區市民大道3段與復興南路1段口,0,0,2,2,C03,8,3,5,40,4,1,1,5,4,5,7,2,1,1,4,5,2,17,1,29,2,9,3,4,7,9,1,9,1,11,,43,,1,22,9,121.5439481,25.0447931
112,2,2,19,6,2,04大安區,大安區市民大道3段與復興南路1段口,0,0,2,3,,8,3,5,40,4,1,1,5,4,5,7,2,1,1,4,5,2,17,4,0,4,11,3,4,7,15,7,19,11,15,,43,,2,22,9,121.5439481,25.0447931
112,2,2,19,6,2,04大安區,大安區市民大道3段與復興南路1段口,0,0,2,1,C03,8,3,5,40,4,1,1,5,4,5,7,2,1,1,4,5,2,17,2,24,2,9,3,4,7,5,1,10,1,14,,43,,1,22,9,121.5439481,25.0447931
112,2,2,19,46,2,07信義區,信義區松仁路203號,0,0,1,2,F01,7,3,5,40,14,8,1,5,4,5,7,4,4,9,4,4,1,12,1,55,2,1,3,4,7,9,8,20,9,16,,27,,1,22,9,121.568426,25.0269666
112,2,2,19,46,2,07信義區,信義區松仁路203號,0,0,1,1,A02,7,3,5,40,14,8,1,5,4,5,7,4,4,9,4,4,1,12,1,45,3,10,3,4,7,1,1,2,9,8,,19,,1,22,9,121.568426,25.0269666
112,2,2,20,3,2,08士林區,士林區中正路與文林路口口,0,0,1,1,C03,8,3,5,50,4,1,1,5,4,5,7,2,1,3,2,5,1,12,1,21,3,10,1,1,7,7,1,10,1,14,,7,,1,22,9,121.524635,25.09496565
112,2,2,20,3,2,08士林區,士林區中正路與文林路口口,0,0,1,2,C03,8,3,5,50,4,1,1,5,4,5,7,2,1,3,2,5,1,12,1,53,2,9,1,1,7,9,1,10,1,11,,44,,1,22,9,121.524635,25.09496565
112,2,2,20,11,2,10文山區,文山區興隆路3段與興隆路4段1巷口,0,0,1,1,B03,7,3,5,50,3,1,1,5,4,5,7,1,1,1,4,5,2,17,2,29,3,10,3,4,7,5,1,8,2,2,,6,,1,22,9,121.5589527,24.99114768
112,2,2,20,11,2,10文山區,文山區興隆路3段與興隆路4段1巷口,0,0,1,2,C03,7,3,5,50,3,1,1,5,4,5,7,1,1,1,4,5,2,17,1,30,2,9,1,4,7,9,1,10,2,11,,42,,1,22,9,121.5589527,24.99114768
112,2,2,20,15,2,03中山區,中山區龍江路與龍江路415巷口,0,0,1,1,C03,7,3,5,30,4,1,1,5,4,5,7,4,4,5,5,5,2,15,2,28,2,8,3,4,7,9,1,10,1,11,,6,,1,22,9,121.5409598,25.0664238
112,2,2,20,15,2,03中山區,中山區龍江路與龍江路415巷口,0,0,1,2,B12,7,3,5,30,4,1,1,5,4,5,7,4,4,5,5,5,2,15,1,57,3,10,3,4,7,9,1,8,1,4,,44,,1,22,9,121.5409598,25.0664238
112,2,2,21,0,2,04大安區,大安區復興南路1段352號,0,0,1,1,C03,7,3,5,50,14,9,1,5,4,5,7,4,4,1,4,5,2,12,1,30,3,10,1,1,7,9,1,10,1,12,,16,,1,21,8,121.543548,25.03577892
112,2,2,21,0,2,04大安區,大安區復興南路1段352號,0,0,1,2,C03,7,3,5,50,14,9,1,5,4,5,7,4,4,1,4,5,2,12,1,41,3,10,1,1,7,7,1,9,1,11,,43,,1,21,8,121.543548,25.03577892
112,2,2,21,0,2,04大安區,大安區復興南路1段352號,0,0,1,3,H02,7,3,5,50,14,9,1,5,4,5,7,4,4,1,4,5,2,12,2,22,2,8,1,5,7,20,8,20,10,16,,67,,1,21,8,121.543548,25.03577892
112,2,2,21,12,2,02萬華區,萬華區桂林路與梧州街口,0,0,2,2,C03,8,3,5,50,3,1,1,5,4,5,7,4,4,10,5,5,1,3,1,48,2,9,1,4,7,9,1,10,1,11,,23,,1,22,9,121.4976337,25.0385636
112,2,2,21,12,2,02萬華區,萬華區桂林路與梧州街口,0,0,2,1,H01,8,3,5,50,3,1,1,5,4,5,7,4,4,10,5,5,1,3,1,65,2,9,4,5,8,16,8,20,10,16,,51,,1,22,9,121.4976337,25.0385636
112,2,2,21,25,2,07信義區,信義區忠孝東路5段783號,0,0,1,1,B03,7,1,5,50,14,9,1,5,4,5,7,4,4,2,4,5,2,17,2,43,3,10,1,1,7,8,1,8,1,2,,7,,1,22,9,121.5816477,25.0439719
112,2,2,21,25,2,07信義區,信義區忠孝東路5段783號,0,0,1,2,C03,7,1,5,50,14,9,1,5,4,5,7,4,4,2,4,5,2,17,1,25,2,9,1,1,7,9,1,10,1,14,,44,,1,22,9,121.5816477,25.0439719