發生年度,發生月,發生日,發生時-Hours,發生分,處理別-編號,區序,肇事地點,死亡人數,2-30日死亡人數,受傷人數,當事人序號,車種,天候,光線,道路類別,速限-速度限制,道路型態,事故位置,路面狀況1,路面狀況2,路面狀況3,道路障礙1,道路障礙2,號誌1,號誌2,車道劃分-分向,車道劃分-分道1,車道劃分-分道2,車道劃分-分道3,事故類型及型態,性別,年齡,受傷程度,主要傷處,保護裝置,行動電話,車輛用途,當事者行動狀態,駕駛資格情形,駕駛執照種類,飲酒情形,車輛撞擊部位1,車輛撞擊部位2,肇因碼-個別,肇因碼-主要,個人肇逃否,職業,旅次目的,座標-X,座標-Y
112,2,4,9,30,2,03中山區,中山區敬業二路與樂群二路口,0,0,2,4,H01,7,1,5,50,4,2,1,5,4,5,7,2,1,10,5,5,2,2,2,2,2,9,4,5,8,16,8,20,10,16,,67,,1,22,9,121.5544935,25.079925
112,2,4,9,30,2,03中山區,中山區敬業二路與樂群二路口,0,0,2,3,H01,7,1,5,50,4,2,1,5,4,5,7,2,1,10,5,5,2,2,2,5,2,9,4,5,8,16,8,20,10,16,,67,,1,22,9,121.5544935,25.079925
112,2,4,9,30,2,03中山區,中山區敬業二路與樂群二路口,0,0,2,2,H01,7,1,5,50,4,2,1,5,4,5,7,2,1,10,5,5,2,2,2,35,3,10,4,5,8,16,8,20,10,16,,67,,1,22,9,121.5544935,25.079925
112,2,4,9,30,2,03中山區,中山區敬業二路與樂群二路口,0,0,2,1,B03,7,1,5,50,4,2,1,5,4,5,7,2,1,10,5,5,2,2,1,54,3,10,3,4,7,5,1,8,2,8,,15,,1,22,9,121.5544935,25.079925
112,2,4,9,56,2,03中山區,中山區錦州街與錦州街23巷口,0,0,1,1,C03,7,1,5,50,3,1,1,5,4,5,7,4,4,10,5,5,2,16,1,26,2,9,1,1,7,1,1,10,1,12,,19,,1,22,9,121.5252084,25.06032428
112,2,4,9,56,2,03中山區,中山區錦州街與錦州街23巷口,0,0,1,2,B03,7,1,5,50,3,1,1,5,4,5,7,4,4,10,5,5,2,16,1,37,3,10,1,1,7,5,1,8,1,5,,44,,1,22,9,121.5252084,25.06032428
112,2,4,10,52,2,10文山區,文山區保儀路與保儀路13巷口,0,1,0,1,A04,8,1,5,50,4,1,1,5,4,5,7,2,1,9,4,5,2,9,1,55,3,10,1,1,7,9,1,6,2,15,,43,,1,22,9,121.5685892,24.98830872
112,2,4,10,52,2,10文山區,文山區保儀路與保儀路13巷口,0,1,0,2,H02,8,1,5,50,4,1,1,5,4,5,7,2,1,9,4,5,2,9,2,92,5,9,4,5,7,20,8,20,10,15,,67,,1,22,9,121.5685892,24.98830872
112,2,4,10,54,2,11南港區,南港區興南街64巷4弄19號與興南街180巷口,0,0,1,1,C03,8,1,5,30,4,1,1,5,4,5,7,4,4,10,5,5,2,16,1,29,3,10,1,1,7,9,1,10,1,12,,43,,1,22,9,121.6010566,25.0555749
112,2,4,10,54,2,11南港區,南港區興南街64巷4弄19號與興南街180巷口,0,0,1,2,C03,8,1,5,30,4,1,1,5,4,5,7,4,4,10,5,5,2,16,1,66,3,10,1,1,7,9,1,10,1,11,,43,,1,22,9,121.6010566,25.0555749
112,2,4,10,54,2,11南港區,南港區興南街64巷4弄19號與興南街180巷口,0,0,1,3,H02,8,1,5,30,4,1,1,5,4,5,7,4,4,10,5,5,2,16,1,29,2,8,1,1,7,21,8,20,10,16,,67,,1,22,9,121.6010566,25.0555749
112,2,4,11,34,2,10文山區,文山區溪洲街220號,0,0,2,2,C03,8,1,5,30,14,9,1,5,4,5,7,4,4,9,5,5,2,16,2,18,2,8,1,4,7,9,1,10,1,11,,44,,1,22,9,121.5353997,24.9994983
112,2,4,11,34,2,10文山區,文山區溪洲街220號,0,0,2,1,C03,8,1,5,30,14,9,1,5,4,5,7,4,4,9,5,5,2,16,1,27,2,8,1,4,7,1,1,10,1,14,,19,,1,22,9,121.5353997,24.9994983
112,2,4,12,18,2,07信義區,信義區永吉路259號,0,0,1,1,C03,8,1,5,40,14,8,1,5,4,5,7,4,4,1,4,4,1,17,1,61,2,9,3,4,7,9,1,10,1,11,,16,,1,22,9,121.5750942,25.04558713
112,2,4,12,18,2,07信義區,信義區永吉路259號,0,0,1,2,B03,8,1,5,40,14,8,1,5,4,5,7,4,4,1,4,4,1,17,1,52,3,10,3,4,7,8,1,8,1,3,,6,,1,22,9,121.5750942,25.04558713
112,2,4,12,28,2,04大安區,大安區信義路3段99巷與信義路3段111巷16弄口口,0,0,1,1,B03,7,1,5,30,4,2,1,5,4,5,7,4,4,10,5,5,1,15,2,50,3,10,1,1,7,9,1,8,1,5,,6,,1,22,9,121.5386686,25.03440813
112,2,4,12,28,2,04大安區,大安區信義路3段99巷與信義路3段111巷16弄口口,0,0,1,2,C03,7,1,5,30,4,2,1,5,4,5,7,4,4,10,5,5,1,15,1,64,2,9,1,1,7,9,1,10,1,14,,14,,1,22,9,121.5386686,25.03440813
112,2,4,12,30,2,12內湖區,內湖區港華街37號前,0,0,2,1,C03,7,1,5,50,14,9,1,5,4,5,7,4,4,9,4,5,2,16,1,41,2,9,1,1,7,1,1,10,1,13,,19,,1,22,9,121.576307,25.0827593
112,2,4,12,30,2,12內湖區,內湖區港華街37號前,0,0,2,2,C03,7,1,5,50,14,9,1,5,4,5,7,4,4,9,4,5,2,16,1,32,2,9,1,1,7,9,1,10,1,11,,44,,1,22,9,121.576307,25.0827593
112,2,4,12,35,2,03中山區,中山區明水路大直橋下,0,0,1,1,A02,7,1,5,50,14,9,1,5,4,5,7,1,1,5,4,5,2,13,1,59,3,10,1,1,7,9,1,2,1,5,,23,,1,22,9,121.5443715,25.0773714
112,2,4,12,35,2,03中山區,中山區明水路大直橋下,0,0,1,2,C03,7,1,5,50,14,9,1,5,4,5,7,1,1,5,4,5,2,13,1,40,2,9,1,1,7,15,1,10,1,13,,38,,1,22,9,121.5443715,25.0773714
112,2,4,12,41,2,12內湖區,內湖區瑞光路與瑞光路26巷口口,0,0,1,2,C03,7,1,5,50,3,1,1,5,4,5,7,2,1,5,4,5,2,12,2,30,2,9,1,1,7,9,1,10,1,14,,23,,1,22,9,121.5833097,25.06976356
112,2,4,12,41,2,12內湖區,內湖區瑞光路與瑞光路26巷口口,0,0,1,1,B03,7,1,5,50,3,1,1,5,4,5,7,2,1,5,4,5,2,12,2,39,3,10,1,1,7,6,1,8,1,6,,42,,1,22,9,121.5833097,25.06976356
112,2,4,12,54,2,08士林區,士林區通河東街1段89號,0,0,1,1,C03,8,1,5,30,14,9,1,5,4,5,7,4,4,10,5,5,1,17,1,40,3,10,1,1,7,5,1,10,2,14,,8,,1,22,9,121.5162441,25.08432409
112,2,4,12,54,2,08士林區,士林區通河東街1段89號,0,0,1,2,C04,8,1,5,30,14,9,1,5,4,5,7,4,4,10,5,5,1,17,2,25,2,9,1,1,7,9,1,10,2,11,,23,,1,22,9,121.5162441,25.08432409
112,2,4,13,0,2,01大同區,大同區延平北路2段與涼州街口,0,0,2,2,B03,7,1,5,50,4,2,1,5,4,5,7,1,1,5,2,5,2,13,2,49,3,10,1,1,7,14,1,8,2,6,,44,,1,22,9,121.5113166,25.0609265
112,2,4,13,0,2,01大同區,大同區延平北路2段與涼州街口,0,0,2,3,H02,7,1,5,50,4,2,1,5,4,5,7,1,1,5,2,5,2,13,2,19,2,7,4,5,7,21,8,20,10,16,,67,,1,22,9,121.5113166,25.0609265
112,2,4,13,0,2,01大同區,大同區延平北路2段與涼州街口,0,0,2,1,C04,7,1,5,50,4,2,1,5,4,5,7,1,1,5,2,5,2,13,2,19,2,9,1,1,7,9,1,10,2,11,,23,,1,22,9,121.5113166,25.0609265
112,2,4,13,30,2,12內湖區,內湖區潭美街與安康路22巷口,0,0,1,1,C03,6,1,5,40,3,1,1,4,4,5,7,1,1,5,5,5,2,13,1,58,2,1,1,1,7,9,4,8,2,11,,16,,1,22,9,121.5939072,25.0610215
112,2,4,13,30,2,12內湖區,內湖區潭美街與安康路22巷口,0,0,1,2,B03,6,1,5,40,3,1,1,4,4,5,7,1,1,5,5,5,2,13,1,54,3,10,1,1,7,14,1,8,2,6,,44,,1,22,9,121.5939072,25.0610215
112,2,4,13,40,2,02萬華區,萬華區康定路與康定路188巷口,0,0,1,1,C01,7,1,5,50,3,1,1,5,4,5,7,2,1,5,4,5,2,17,1,43,2,9,1,1,7,7,1,9,1,14,,7,,1,22,9,121.5018586,25.03907891
112,2,4,13,40,2,02萬華區,萬華區康定路與康定路188巷口,0,0,1,2,B02,7,1,5,50,3,1,1,5,4,5,7,2,1,5,4,5,2,17,1,18,3,10,1,1,7,9,3,18,1,5,,44,,1,22,9,121.5018586,25.03907891
112,2,4,13,40,2,02萬華區,萬華區康定路與康定路188巷口,0,0,1,3,B12,7,1,5,50,3,1,1,5,4,5,7,2,1,5,4,5,2,17,1,65,3,10,1,1,7,4,1,8,1,7,,44,,1,22,9,121.5018586,25.03907891
112,2,4,14,7,2,03中山區,中山區基湖路145巷與基湖路口口,0,0,1,1,C03,8,1,5,30,4,1,1,5,4,5,7,4,4,10,5,5,2,15,1,20,2,9,1,4,7,9,1,10,1,11,,6,,1,22,9,121.5639192,25.0783113
112,2,4,14,7,2,03中山區,中山區基湖路145巷與基湖路口口,0,0,1,2,B03,8,1,5,30,4,1,1,5,4,5,7,4,4,10,5,5,2,15,1,49,3,10,3,4,7,9,1,8,1,5,,44,,1,22,9,121.5639192,25.0783113
112,2,4,14,20,2,12內湖區,內湖區新湖三路191號前,0,0,1,2,C03,7,1,5,50,14,9,1,5,4,5,7,4,4,9,5,5,2,17,1,50,2,8,1,1,7,9,1,10,1,12,,44,,1,22,9,121.5803033,25.06526852
112,2,4,14,20,2,12內湖區,內湖區新湖三路191號前,0,0,1,1,B03,7,1,5,50,14,9,1,5,4,5,7,4,4,9,5,5,2,17,1,48,3,10,1,1,7,5,1,8,1,4,,8,,1,22,9,121.5803033,25.06526852
112,2,4,14,21,2,03中山區,中山區長安東路2段36巷與松江路46巷口,0,0,1,2,B03,7,1,5,30,4,1,1,5,4,5,7,4,4,10,5,5,2,16,2,37,3,10,3,4,7,9,1,8,2,1,,14,,1,22,9,121.5314119,25.0479636
112,2,4,14,21,2,03中山區,中山區長安東路2段36巷與松江路46巷口,0,0,1,1,C03,7,1,5,30,4,1,1,5,4,5,7,4,4,10,5,5,2,16,1,69,2,8,1,1,7,9,1,10,2,12,,6,,1,22,9,121.5314119,25.0479636
112,2,4,15,40,2,08士林區,士林區中山北路6段北往南047號燈桿,0,0,1,1,B03,7,1,5,50,14,8,1,5,4,5,7,4,4,1,5,4,2,16,2,71,3,10,3,4,7,8,1,8,1,15,,7,,1,22,9,121.5247927,25.1053079
112,2,4,15,40,2,08士林區,士林區中山北路6段北往南047號燈桿,0,0,1,2,C03,7,1,5,50,14,8,1,5,4,5,7,4,4,1,5,4,2,16,1,28,2,7,3,4,7,9,1,10,1,15,,13,,1,22,9,121.5247927,25.1053079
112,2,4,15,47,2,07信義區,信義區市民大道5段與東寧路口,0,0,1,2,,7,1,5,50,3,2,1,4,4,5,7,4,4,1,4,5,2,18,3,0,,,,,,,,,,,,67,,1,,,121.5630945,25.0472363
112,2,4,15,47,2,07信義區,信義區市民大道5段與東寧路口,0,0,1,1,C03,7,1,5,50,3,2,1,4,4,5,7,4,4,1,4,5,2,18,2,45,2,9,3,4,7,9,1,10,1,12,,42,,1,22,9,121.5630945,25.0472363
112,2,4,15,51,2,08士林區,士林區延平北路5段與葫東街口,0,0,1,2,C03,7,1,5,50,3,1,1,5,4,5,7,1,1,1,4,5,2,16,2,18,2,9,1,1,7,9,1,10,1,11,,13,,1,22,9,121.5101438,25.08338939
112,2,4,15,51,2,08士林區,士林區延平北路5段與葫東街口,0,0,1,1,B03,7,1,5,50,3,1,1,5,4,5,7,1,1,1,4,5,2,16,1,72,3,10,1,1,7,5,1,8,1,2,,6,,1,22,9,121.5101438,25.08338939
112,2,4,16,30,2,02萬華區,萬華區中華路1段與忠孝西路2段口,0,0,1,2,C03,7,1,5,0,4,1,1,5,1,5,7,1,1,1,3,1,2,12,1,19,2,9,1,1,7,7,1,10,1,14,,26,,1,22,9,121.5089656,25.0459049
112,2,4,16,30,2,02萬華區,萬華區中華路1段與忠孝西路2段口,0,0,1,1,C03,7,1,5,0,4,1,1,5,1,5,7,1,1,1,3,1,2,12,1,23,3,10,1,1,7,9,1,10,1,14,,44,,1,22,9,121.5089656,25.0459049
112,2,4,16,38,2,09北投區,北投區育仁路捷運北投站育仁,0,0,1,1,A02,7,1,5,50,14,9,1,5,4,5,7,2,1,5,5,5,2,9,1,43,3,10,1,1,7,1,1,2,1,15,,42,,1,22,9,121.498733,25.1325087
112,2,4,16,38,2,09北投區,北投區育仁路捷運北投站育仁,0,0,1,2,H02,7,1,5,50,14,9,1,5,4,5,7,2,1,5,5,5,2,9,2,64,2,3,4,5,7,19,8,20,10,15,,67,,1,22,9,121.498733,25.1325087
112,2,4,16,40,2,08士林區,士林區中山北路6段728巷2號,0,0,1,2,H01,6,1,5,30,14,9,1,4,4,5,7,4,4,10,5,5,1,2,2,70,2,9,4,5,8,16,8,20,10,16,,67,,1,22,9,121.5281114,25.11502874
112,2,4,16,40,2,08士林區,士林區中山北路6段728巷2號,0,0,1,1,B01,6,1,5,30,14,9,1,4,4,5,7,4,4,10,5,5,1,2,1,60,3,10,1,1,7,9,1,4,2,1,,23,,1,22,9,121.5281114,25.11502874
112,2,4,16,53,2,01大同區,大同區民生西路323-2號前,0,0,2,1,F01,6,3,5,50,14,9,1,4,4,5,7,4,4,5,4,5,2,16,2,59,2,9,3,4,7,1,8,20,2,16,,19,,1,22,9,121.5117482,25.05697347
112,2,4,16,53,2,01大同區,大同區民生西路323-2號前,0,0,2,2,C03,6,3,5,50,14,9,1,4,4,5,7,4,4,5,4,5,2,16,1,60,2,9,3,4,7,9,1,10,2,12,,44,,1,22,9,121.5117482,25.05697347
112,2,4,17,1,2,05中正區,中正區莒光路與大埔街口口,0,0,1,1,B12,6,1,5,30,14,9,1,4,4,5,7,4,4,3,4,5,2,12,1,64,3,10,1,1,7,6,1,8,1,7,,6,,1,22,9,121.5049119,25.0313853
112,2,4,17,1,2,05中正區,中正區莒光路與大埔街口口,0,0,1,2,C03,6,1,5,30,14,9,1,4,4,5,7,4,4,3,4,5,2,12,1,20,2,9,1,1,7,9,1,10,1,12,,14,,1,22,9,121.5049119,25.0313853
112,2,4,17,1,2,08士林區,士林區基河路與基河路251巷口,0,0,1,3,B03,7,1,5,50,4,1,1,5,4,5,7,2,1,4,3,5,1,12,1,39,3,10,3,4,7,13,1,8,11,7,,44,,1,22,9,121.5215331,25.0914163
112,2,4,17,1,2,08士林區,士林區基河路與基河路251巷口,0,0,1,2,C03,7,1,5,50,4,1,1,5,4,5,7,2,1,4,3,5,1,12,1,18,2,9,1,1,7,9,1,10,2,14,,44,,1,22,9,121.5215331,25.0914163
112,2,4,17,1,2,08士林區,士林區基河路與基河路251巷口,0,0,1,1,B03,7,1,5,50,4,1,1,5,4,5,7,2,1,4,3,5,1,12,1,35,3,10,1,1,7,5,1,8,2,8,,8,,1,22,9,121.5215331,25.0914163
112,2,4,17,50,2,07信義區,信義區永吉路209號,0,0,1,1,B02,8,3,5,50,14,9,1,5,4,5,7,4,4,1,4,5,2,17,1,54,3,10,1,1,7,13,1,3,1,4,,40,,1,22,8,121.5737802,25.04561957
112,2,4,17,50,2,07信義區,信義區永吉路209號,0,0,1,2,C04,8,3,5,50,14,9,1,5,4,5,7,4,4,1,4,5,2,17,1,52,2,8,1,1,7,9,1,10,1,12,,44,,1,22,8,121.5737802,25.04561957
112,2,4,17,50,2,12內湖區,內湖區民權東路6段56巷與民權東路6段56巷25弄口,0,0,1,1,C03,6,3,5,30,3,1,1,4,4,5,7,4,4,9,4,4,2,17,2,54,3,10,1,1,7,5,1,10,1,12,,6,,1,22,9,121.5853763,25.06741565
112,2,4,17,50,2,12內湖區,內湖區民權東路6段56巷與民權東路6段56巷25弄口,0,0,1,2,C03,6,3,5,30,3,1,1,4,4,5,7,4,4,9,4,4,2,17,2,31,2,9,1,1,7,9,1,10,1,11,,44,,1,22,9,121.5853763,25.06741565
112,2,4,18,1,2,07信義區,信義區松平路與松平路30巷口,0,0,1,1,B12,7,3,5,30,5,2,1,4,4,5,7,1,1,5,4,5,2,16,1,59,3,10,1,1,7,6,1,8,1,2,,43,,1,22,9,121.5631541,25.0301629
112,2,4,18,1,2,07信義區,信義區松平路與松平路30巷口,0,0,1,2,C03,7,3,5,30,5,2,1,4,4,5,7,1,1,5,4,5,2,16,1,48,2,8,1,1,7,9,1,10,1,14,,43,,1,22,9,121.5631541,25.0301629
112,2,4,18,9,2,03中山區,中山區明水路441號,0,0,1,1,B02,6,3,5,30,3,2,1,4,4,5,7,4,4,3,4,5,2,17,1,63,3,10,3,4,7,6,1,8,2,1,,6,,2,22,9,121.5496116,25.07736766
112,2,4,18,9,2,03中山區,中山區明水路441號,0,0,1,2,C03,6,3,5,30,3,2,1,4,4,5,7,4,4,3,4,5,2,17,1,30,2,9,3,4,7,9,1,10,2,12,,14,,1,22,9,121.5496116,25.07736766
112,2,4,18,32,2,03中山區,中山區濱江街134-2號,0,0,1,2,B02,6,3,5,50,14,9,1,4,4,5,7,4,4,8,5,5,1,12,1,49,2,2,3,4,7,9,1,4,1,5,,23,,1,22,9,121.5348824,25.07223329
112,2,4,18,32,2,03中山區,中山區濱江街134-2號,0,0,1,1,B02,6,3,5,50,14,9,1,4,4,5,7,4,4,8,5,5,1,12,1,48,3,10,3,4,7,7,1,4,1,8,,7,,1,22,9,121.5348824,25.07223329
112,2,4,18,37,2,08士林區,士林區重慶北路4段49巷與重慶北路4段口,0,0,1,3,B03,8,3,5,0,3,2,1,4,4,5,7,2,1,1,4,4,1,16,1,63,3,10,3,4,7,9,1,8,9,4,,44,,1,22,9,121.5130026,25.08102782
112,2,4,18,37,2,08士林區,士林區重慶北路4段49巷與重慶北路4段口,0,0,1,2,B01,8,3,5,0,3,2,1,4,4,5,7,2,1,1,4,4,1,16,1,33,3,10,3,4,7,9,1,8,1,1,,44,,1,22,9,121.5130026,25.08102782
112,2,4,18,37,2,08士林區,士林區重慶北路4段49巷與重慶北路4段口,0,0,1,1,C03,8,3,5,0,3,2,1,4,4,5,7,2,1,1,4,4,1,16,1,34,2,9,3,4,7,1,1,10,1,12,,19,,1,22,9,121.5130026,25.08102782
112,2,4,18,45,2,03中山區,中山區民生東路3段2號,0,0,1,1,C03,6,3,5,50,14,9,1,4,4,5,7,4,4,3,4,5,2,13,1,61,2,3,1,1,7,8,1,10,1,12,14,16,,1,22,9,121.5378583,25.05777499
112,2,4,18,45,2,03中山區,中山區民生東路3段2號,0,0,1,2,B03,6,3,5,50,14,9,1,4,4,5,7,4,4,3,4,5,2,13,1,26,3,10,1,1,7,12,1,8,1,7,,44,,1,22,9,121.5378583,25.05777499
112,2,4,18,50,2,08士林區,士林區中正路與志成街口,0,0,2,1,B02,6,3,5,50,3,2,1,4,4,5,7,2,1,1,4,5,2,17,1,42,3,10,1,1,7,11,1,8,1,15,,10,,1,21,8,121.5302805,25.09617899
112,2,4,18,50,2,08士林區,士林區中正路與志成街口,0,0,2,2,C03,6,3,5,50,3,2,1,4,4,5,7,2,1,1,4,5,2,17,1,26,2,9,1,1,7,9,1,10,1,14,,14,,1,21,8,121.5302805,25.09617899
112,2,4,18,50,2,08士林區,士林區中正路與志成街口,0,0,2,3,H02,6,3,5,50,3,2,1,4,4,5,7,2,1,1,4,5,2,17,2,29,2,9,1,5,7,20,8,20,10,16,,67,,1,21,8,121.5302805,25.09617899
112,2,4,18,54,2,01大同區,大同區民權西路與延平北路2段口,0,0,1,2,C03,6,3,5,50,4,1,1,4,4,5,7,2,1,8,5,5,1,15,1,31,2,9,1,1,7,9,1,10,11,11,,44,,1,22,9,121.5112088,25.06284171
112,2,4,18,54,2,01大同區,大同區民權西路與延平北路2段口,0,0,1,1,B03,6,3,5,50,4,1,1,4,4,5,7,2,1,8,5,5,1,15,1,78,3,10,1,1,7,1,1,8,2,1,,25,,1,22,9,121.5112088,25.06284171
112,2,4,19,0,2,07信義區,信義區松智路與松高路口,0,0,1,1,B01,6,3,5,50,3,2,1,4,4,5,7,2,1,9,4,5,1,17,1,62,3,10,3,4,7,14,1,3,1,2,,43,,1,22,9,121.5656133,25.0388975
112,2,4,19,0,2,07信義區,信義區松智路與松高路口,0,0,1,2,C03,6,3,5,50,3,2,1,4,4,5,7,2,1,9,4,5,1,17,1,27,2,7,3,4,7,9,1,10,1,12,,43,,1,23,9,121.5656133,25.0388975
112,2,4,19,0,2,07信義區,信義區松智路與松高路口,0,0,1,3,H02,6,3,5,50,3,2,1,4,4,5,7,2,1,9,4,5,1,17,1,42,3,10,3,5,7,19,8,20,10,16,,67,,1,22,9,121.5656133,25.0388975
112,2,4,19,10,2,09北投區,北投區承德路7段212號前,0,0,1,1,B03,6,3,5,50,14,9,1,4,4,5,7,4,4,9,4,5,2,16,2,33,3,10,1,1,7,1,1,8,2,4,,19,,1,22,9,121.506941,25.11504
112,2,4,19,10,2,09北投區,北投區承德路7段212號前,0,0,1,2,C03,6,3,5,50,14,9,1,4,4,5,7,4,4,9,4,5,2,16,1,35,2,9,1,1,7,9,1,10,2,11,,44,,1,22,9,121.506941,25.11504
112,2,4,19,10,2,07信義區,信義區永吉路493號,0,0,1,3,B03,6,3,5,50,14,7,1,4,4,3,7,4,4,1,4,4,2,29,1,40,3,10,1,1,7,14,1,8,11,15,,40,,1,22,9,121.579403,25.0455799
112,2,4,19,10,2,07信義區,信義區永吉路493號,0,0,1,4,H02,6,3,5,50,14,7,1,4,4,3,7,4,4,1,4,4,2,29,2,41,3,10,4,5,7,19,8,20,10,16,,56,,1,22,9,121.579403,25.0455799
112,2,4,19,10,2,07信義區,信義區永吉路493號,0,0,1,2,,6,3,5,50,14,7,1,4,4,3,7,4,4,1,4,4,2,29,3,0,,,,,,,,,,,,67,,1,,,121.579403,25.0455799
112,2,4,19,10,2,07信義區,信義區永吉路493號,0,0,1,1,C05,6,3,5,50,14,7,1,4,4,3,7,4,4,1,4,4,2,29,1,29,2,8,1,1,7,15,1,10,11,12,,42,,1,22,9,121.579403,25.0455799
112,2,4,19,20,2,04大安區,大安區仁愛路4段169號,0,0,1,2,C03,7,3,5,50,14,9,1,5,4,5,7,4,4,1,4,5,2,17,1,42,2,9,1,1,7,12,1,10,1,14,,42,,1,22,9,121.5525595,25.0379933
112,2,4,19,20,2,04大安區,大安區仁愛路4段169號,0,0,1,1,C03,7,3,5,50,14,9,1,5,4,5,7,4,4,1,4,5,2,17,1,33,3,10,1,1,7,8,1,9,9,15,,7,,1,22,9,121.5525595,25.0379933
112,2,4,19,28,2,05中正區,中正區中華路1段與愛國西路口,0,0,3,2,C03,6,3,5,50,5,2,1,4,4,5,7,2,1,1,4,5,2,12,2,47,2,8,1,1,7,9,1,10,1,11,,44,,1,19,7,121.5071998,25.0376232
112,2,4,19,28,2,05中正區,中正區中華路1段與愛國西路口,0,0,3,3,H02,6,3,5,50,5,2,1,4,4,5,7,2,1,1,4,5,2,12,2,13,2,8,1,5,7,20,8,20,10,16,,67,,1,15,7,121.5071998,25.0376232
112,2,4,19,28,2,05中正區,中正區中華路1段與愛國西路口,0,0,3,4,H02,6,3,5,50,5,2,1,4,4,5,7,2,1,1,4,5,2,12,2,8,2,8,1,1,7,20,8,20,10,16,,67,,1,22,7,121.5071998,25.0376232
112,2,4,19,28,2,05中正區,中正區中華路1段與愛國西路口,0,0,3,1,B01,6,3,5,50,5,2,1,4,4,5,7,2,1,1,4,5,2,12,1,65,3,10,1,1,7,8,1,4,1,2,,7,,1,10,4,121.5071998,25.0376232
112,2,4,19,43,2,09北投區,北投區大業路與大業路280巷口,0,0,2,1,C03,8,1,5,50,3,2,1,5,4,5,7,1,1,9,4,5,1,13,2,38,2,9,1,1,7,9,1,10,2,11,,16,,1,22,9,121.498137,25.12720395
112,2,4,19,43,2,09北投區,北投區大業路與大業路280巷口,0,0,2,3,H02,8,1,5,50,3,2,1,5,4,5,7,1,1,9,4,5,1,13,2,18,2,1,4,5,7,20,8,20,10,16,,67,,1,22,9,121.498137,25.12720395
112,2,4,19,43,2,09北投區,北投區大業路與大業路280巷口,0,0,2,2,B03,8,1,5,50,3,2,1,5,4,5,7,1,1,9,4,5,1,13,1,54,3,10,1,1,7,9,1,8,2,3,,44,,1,22,9,121.498137,25.12720395
112,2,4,19,51,2,06松山區,松山區民權東路3段與民族東路口,0,0,1,1,B03,8,3,5,50,3,1,1,5,4,5,7,4,4,3,4,5,2,16,1,42,3,10,1,1,7,6,1,8,1,6,,9,,1,22,9,121.549942,25.06176086
112,2,4,19,51,2,06松山區,松山區民權東路3段與民族東路口,0,0,1,2,C03,8,3,5,50,3,1,1,5,4,5,7,4,4,3,4,5,2,16,1,28,2,8,1,1,7,9,1,10,1,11,,14,,1,22,9,121.549942,25.06176086
112,2,4,20,20,2,01大同區,大同區鄭州路(東往西)Y17出口旁,0,0,1,2,C03,6,3,5,40,14,9,1,4,4,5,7,2,1,9,2,5,1,12,1,21,3,10,1,1,7,9,1,10,1,14,,17,,1,22,9,121.5134845,25.04950662
112,2,4,20,20,2,01大同區,大同區鄭州路(東往西)Y17出口旁,0,0,1,1,C03,6,3,5,40,14,9,1,4,4,5,7,2,1,9,2,5,1,12,2,33,2,8,1,1,7,9,1,10,1,11,,17,,1,22,9,121.5134845,25.04950662
112,2,4,20,56,2,04大安區,大安區市民大道4段與忠孝東路4段223巷口,0,0,1,1,C03,6,3,5,40,4,1,1,4,4,5,7,1,1,10,5,5,2,17,1,23,3,10,1,1,7,5,1,10,1,15,,8,,1,22,9,121.5530871,25.0443058
112,2,4,20,56,2,04大安區,大安區市民大道4段與忠孝東路4段223巷口,0,0,1,2,C03,6,3,5,40,4,1,1,4,4,5,7,1,1,10,5,5,2,17,1,34,2,9,1,1,7,12,1,10,1,11,,14,,1,22,9,121.5530871,25.0443058
112,2,4,21,2,2,02萬華區,萬華區西園路1段85號,0,0,2,1,C03,6,3,5,50,14,9,1,4,4,5,7,4,4,9,4,5,1,3,1,26,2,9,1,1,7,9,1,10,1,11,,23,,1,22,9,121.4998485,25.0388355
112,2,4,21,2,2,02萬華區,萬華區西園路1段85號,0,0,2,2,H01,6,3,5,50,14,9,1,4,4,5,7,4,4,9,4,5,1,3,2,75,2,9,4,5,8,16,8,20,1,16,,51,,1,22,9,121.4998485,25.0388355
112,2,4,21,32,2,01大同區,大同區興城街與歸綏街口,0,0,1,2,B01,6,3,5,30,4,1,1,4,4,5,7,4,4,10,5,5,1,15,1,52,3,10,1,1,7,9,1,4,1,5,,44,,1,22,9,121.51748,25.05925296
112,2,4,21,32,2,01大同區,大同區興城街與歸綏街口,0,0,1,1,C03,6,3,5,30,4,1,1,4,4,5,7,4,4,10,5,5,1,15,1,56,2,3,1,1,7,9,1,10,1,11,,26,,1,22,9,121.51748,25.05925296
112,2,4,22,4,2,10文山區,文山區木柵路4段與木柵路4段9巷口,0,0,1,1,B03,7,3,5,50,14,9,1,4,4,5,7,1,1,5,2,5,2,16,1,25,3,10,1,1,7,7,1,8,2,8,,7,,1,22,9,121.571312,24.99261661
112,2,4,22,4,2,10文山區,文山區木柵路4段與木柵路4段9巷口,0,0,1,2,B03,7,3,5,50,14,9,1,4,4,5,7,1,1,5,2,5,2,16,2,61,2,2,1,1,7,9,1,8,2,6,7,44,,1,22,9,121.571312,24.99261661
112,2,4,22,28,2,01大同區,大同區昌吉街與大龍街口,0,0,1,1,B03,7,3,5,50,4,1,1,4,4,5,7,2,1,9,4,5,2,12,1,31,3,10,3,4,7,5,1,8,1,3,,27,,1,22,9,121.5160525,25.0658987
112,2,4,22,28,2,01大同區,大同區昌吉街與大龍街口,0,0,1,2,C03,7,3,5,50,4,1,1,4,4,5,7,2,1,9,4,5,2,12,1,33,2,9,1,1,7,9,1,10,1,11,,44,,1,22,9,121.5160525,25.0658987