發生年度,發生月,發生日,發生時-Hours,發生分,處理別-編號,區序,肇事地點,死亡人數,2-30日死亡人數,受傷人數,當事人序號,車種,天候,光線,道路類別,速限-速度限制,道路型態,事故位置,路面狀況1,路面狀況2,路面狀況3,道路障礙1,道路障礙2,號誌1,號誌2,車道劃分-分向,車道劃分-分道1,車道劃分-分道2,車道劃分-分道3,事故類型及型態,性別,年齡,受傷程度,主要傷處,保護裝置,行動電話,車輛用途,當事者行動狀態,駕駛資格情形,駕駛執照種類,飲酒情形,車輛撞擊部位1,車輛撞擊部位2,肇因碼-個別,肇因碼-主要,個人肇逃否,職業,旅次目的,座標-X,座標-Y
112,2,4,22,48,2,08士林區,士林區基河路16-6號,0,0,2,3,B03,7,3,5,50,14,9,1,5,4,5,7,4,4,10,4,5,2,17,1,32,3,10,1,1,7,6,1,8,1,3,,44,,1,22,9,121.5243209,25.08246709
112,2,4,22,48,2,08士林區,士林區基河路16-6號,0,0,2,1,F01,7,3,5,50,14,9,1,5,4,5,7,4,4,10,4,5,2,17,2,32,2,9,2,1,7,8,8,20,1,16,,42,,1,22,9,121.5243209,25.08246709
112,2,4,22,48,2,08士林區,士林區基河路16-6號,0,0,2,2,C03,7,3,5,50,14,9,1,5,4,5,7,4,4,10,4,5,2,17,2,20,2,9,1,1,7,9,1,10,1,11,,44,,1,22,9,121.5243209,25.08246709
112,2,4,23,37,2,03中山區,中山區市民大道3段與松江路口,0,0,2,2,C03,6,3,5,40,4,2,1,4,4,5,7,4,4,4,4,1,2,12,1,19,2,9,1,1,7,9,1,10,1,14,,23,,1,22,9,121.5326801,25.0456476
112,2,4,23,37,2,03中山區,中山區市民大道3段與松江路口,0,0,2,3,H02,6,3,5,40,4,2,1,4,4,5,7,4,4,4,4,1,2,12,2,45,2,9,4,5,7,20,8,20,1,16,,67,,1,22,9,121.5326801,25.0456476
112,2,4,23,37,2,03中山區,中山區市民大道3段與松江路口,0,0,2,1,B01,6,3,5,40,4,2,1,4,4,5,7,4,4,4,4,1,2,12,1,63,3,10,1,1,7,8,1,4,1,6,,7,,1,22,9,121.5326801,25.0456476
112,2,4,23,45,2,03中山區,中山區市民大道3段與新生北路1段口,0,0,1,1,B03,6,3,5,40,4,1,1,4,4,5,7,2,1,1,4,5,2,12,2,19,3,10,3,4,7,6,3,18,1,2,,6,,1,22,9,121.5308846,25.0461542
112,2,4,23,45,2,03中山區,中山區市民大道3段與新生北路1段口,0,0,1,2,C03,6,3,5,40,4,1,1,4,4,5,7,2,1,1,4,5,2,12,2,21,2,8,3,4,7,9,1,10,1,14,,44,,1,22,9,121.5308846,25.0461542
112,2,5,0,28,2,10文山區,文山區興隆路3段與興隆路3段112巷口,0,0,1,1,B01,6,3,5,50,4,1,1,4,4,5,7,2,1,1,4,5,2,16,1,66,3,10,1,1,7,1,1,4,1,8,,19,,1,22,9,121.5574823,24.9993305
112,2,5,0,28,2,10文山區,文山區興隆路3段與興隆路3段112巷口,0,0,1,2,C03,6,3,5,50,4,1,1,4,4,5,7,2,1,1,4,5,2,16,1,20,2,9,1,1,7,9,1,10,1,11,,44,,1,22,9,121.5574823,24.9993305
112,2,5,1,49,2,07信義區,信義區基隆路2段17號,0,0,2,1,H01,6,1,5,50,15,9,1,4,4,5,7,2,1,1,4,5,2,9,1,40,2,9,4,5,8,21,8,20,10,16,,67,,1,22,9,121.5590527,25.0320277
112,2,5,1,49,2,07信義區,信義區基隆路2段17號,0,0,2,2,C03,6,1,5,50,15,9,1,4,4,5,7,2,1,1,4,5,2,9,2,25,2,8,1,1,7,9,1,10,2,11,,43,,1,22,9,121.5590527,25.0320277
112,2,5,3,23,2,04大安區,大安區信義路2段與金山南路2段口,0,0,2,2,C03,6,3,5,50,4,1,1,4,4,5,7,1,1,10,5,5,2,16,1,28,2,9,1,1,7,9,1,10,1,12,,44,,1,22,9,121.5271129,25.0340134
112,2,5,3,23,2,04大安區,大安區信義路2段與金山南路2段口,0,0,2,1,C03,6,3,5,50,4,1,1,4,4,5,7,1,1,10,5,5,2,16,2,43,2,9,1,1,7,6,1,10,1,13,,9,,1,22,9,121.5271129,25.0340134
112,2,5,5,30,2,09北投區,北投區中央北路3段92巷與中央北路3段口口,0,0,1,1,A11,6,3,5,50,3,1,1,4,4,5,7,4,4,9,4,5,2,16,1,58,3,10,1,3,7,11,1,7,1,4,,43,,1,22,9,121.4850882,25.1379539
112,2,5,5,30,2,09北投區,北投區中央北路3段92巷與中央北路3段口口,0,0,1,2,C03,6,3,5,50,3,1,1,4,4,5,7,4,4,9,4,5,2,16,1,22,2,9,1,1,7,11,1,10,1,12,,43,,1,22,9,121.4850882,25.1379539
112,2,5,6,12,2,03中山區,中山區林森北路50號,0,0,1,2,C03,6,1,5,50,14,9,1,4,4,5,7,4,4,4,5,5,1,17,1,19,2,8,3,4,7,9,1,10,2,14,,13,,1,22,9,121.5243478,25.04846992
112,2,5,6,12,2,03中山區,中山區林森北路50號,0,0,1,1,B01,6,1,5,50,14,9,1,4,4,5,7,4,4,4,5,5,1,17,1,52,3,10,3,4,7,11,1,3,2,15,,10,,1,22,9,121.5243478,25.04846992
112,2,5,6,15,2,01大同區,大同區南京西路與南京西路239巷口,0,0,3,1,C03,6,3,5,30,4,1,1,4,4,5,7,4,4,9,2,5,1,15,1,36,2,9,1,1,7,9,1,10,2,11,,14,,1,22,9,121.5102099,25.05378744
112,2,5,6,15,2,01大同區,大同區南京西路與南京西路239巷口,0,0,3,2,C03,6,3,5,30,4,1,1,4,4,5,7,4,4,9,2,5,1,15,1,50,2,9,1,1,7,9,6,10,2,11,,23,,1,22,9,121.5102099,25.05378744
112,2,5,6,15,2,01大同區,大同區南京西路與南京西路239巷口,0,0,3,3,H02,6,3,5,30,4,1,1,4,4,5,7,4,4,9,2,5,1,15,2,29,2,9,1,1,7,21,8,20,10,15,,67,,1,22,9,121.5102099,25.05378744
112,2,5,7,31,2,01大同區,大同區承德路2段與民權西路口,0,0,1,1,C03,6,1,5,50,4,2,1,4,4,5,7,2,1,1,5,5,2,17,2,22,2,9,1,1,7,7,1,9,1,14,,7,,1,22,9,121.5179398,25.0628353
112,2,5,7,31,2,01大同區,大同區承德路2段與民權西路口,0,0,1,2,B01,6,1,5,50,4,2,1,4,4,5,7,2,1,1,5,5,2,17,1,61,3,10,1,1,7,9,1,4,1,5,,23,,1,22,9,121.5179398,25.0628353
112,2,5,7,34,2,03中山區,中山區民權西路與天祥路口,0,0,1,1,C03,6,1,5,40,4,2,1,4,4,5,7,1,1,1,4,4,2,12,2,56,2,8,1,1,7,7,1,10,1,14,,17,,1,22,9,121.5207578,25.0629167
112,2,5,7,34,2,03中山區,中山區民權西路與天祥路口,0,0,1,2,C03,6,1,5,40,4,2,1,4,4,5,7,1,1,1,4,4,2,12,1,51,3,10,1,1,7,9,1,10,1,12,,23,,1,22,9,121.5207578,25.0629167
112,2,5,8,10,2,09北投區,北投區西安街2段259巷與西安街2段口,0,0,1,2,C03,6,1,5,50,14,9,1,4,4,5,7,1,1,7,4,5,2,17,2,45,2,8,1,1,7,9,1,10,1,14,,44,,1,22,9,121.5074079,25.120418
112,2,5,8,10,2,09北投區,北投區西安街2段259巷與西安街2段口,0,0,1,1,C03,6,1,5,50,14,9,1,4,4,5,7,1,1,7,4,5,2,17,1,24,3,10,1,1,7,5,1,10,1,15,,8,,1,22,9,121.5074079,25.120418
112,2,5,8,23,2,03中山區,中山區長安東路1段36號,0,0,1,2,C03,6,1,5,50,14,9,1,4,4,5,7,1,1,9,4,5,2,16,1,27,2,1,1,1,7,9,1,10,1,11,,44,,1,22,9,121.5264548,25.04868706
112,2,5,8,23,2,03中山區,中山區長安東路1段36號,0,0,1,3,C03,6,1,5,50,14,9,1,4,4,5,7,1,1,9,4,5,2,16,3,0,,,,,,,,,,,,67,,1,,,121.5264548,25.04868706
112,2,5,8,23,2,03中山區,中山區長安東路1段36號,0,0,1,1,B01,6,1,5,50,14,9,1,4,4,5,7,1,1,9,4,5,2,16,1,62,3,10,1,1,7,8,1,4,1,2,,7,,1,22,9,121.5264548,25.04868706
112,2,5,8,23,2,03中山區,中山區長安東路1段36號,0,0,1,4,C03,6,1,5,50,14,9,1,4,4,5,7,1,1,9,4,5,2,16,2,49,3,10,3,4,7,13,1,10,11,12,,44,,1,22,9,121.5264548,25.04868706
112,2,5,8,44,2,10文山區,文山區保儀路與永安街22巷口,0,0,2,1,C03,6,1,5,50,4,1,1,4,4,5,7,2,1,9,4,5,2,17,1,55,3,10,1,1,7,5,1,10,1,12,,8,,1,22,9,121.568409,24.9868744
112,2,5,8,44,2,10文山區,文山區保儀路與永安街22巷口,0,0,2,2,C03,6,1,5,50,4,1,1,4,4,5,7,2,1,9,4,5,2,17,1,65,2,3,1,1,7,11,1,10,1,11,,23,,1,22,9,121.568409,24.9868744
112,2,5,8,44,2,10文山區,文山區保儀路與永安街22巷口,0,0,2,3,H02,6,1,5,50,4,1,1,4,4,5,7,2,1,9,4,5,2,17,2,67,2,9,4,5,7,20,8,20,10,15,,67,,1,22,9,121.568409,24.9868744
112,2,5,8,57,2,07信義區,信義區吳興街334號,0,0,1,2,H01,6,1,5,50,13,9,1,4,4,5,7,4,4,9,5,5,2,3,2,72,2,9,3,4,8,16,8,20,10,16,,67,,1,22,9,121.5661149,25.02620745
112,2,5,8,57,2,07信義區,信義區吳興街334號,0,0,1,1,B03,6,1,5,50,13,9,1,4,4,5,7,4,4,9,5,5,2,3,1,26,3,10,3,4,7,5,1,8,9,5,,15,,1,22,9,121.5661149,25.02620745
112,2,5,9,41,2,05中正區,中正區重慶南路3段與重慶南路3段174巷口,0,0,1,2,B01,6,1,5,30,4,2,1,4,4,5,7,1,1,3,4,5,2,13,1,44,3,10,1,1,7,9,1,4,1,7,,44,,1,22,9,121.5168167,25.02315867
112,2,5,9,41,2,05中正區,中正區重慶南路3段與重慶南路3段174巷口,0,0,1,1,C03,6,1,5,30,4,2,1,4,4,5,7,1,1,3,4,5,2,13,1,24,2,9,1,1,7,9,1,10,1,11,,23,,1,22,9,121.5168167,25.02315867
112,2,5,9,41,2,05中正區,中正區重慶南路3段與重慶南路3段174巷口,0,0,1,3,B03,6,1,5,30,4,2,1,4,4,5,7,1,1,3,4,5,2,13,1,38,3,10,1,1,7,8,1,8,11,3,,7,,1,22,9,121.5168167,25.02315867
112,2,5,11,38,2,03中山區,中山區北安路與大直街口,0,0,1,1,C03,6,1,5,50,4,1,1,4,4,5,7,2,1,1,4,5,2,17,2,18,3,10,1,4,7,5,1,10,1,12,,26,,1,22,9,121.5471591,25.0798051
112,2,5,11,38,2,03中山區,中山區北安路與大直街口,0,0,1,2,C03,6,1,5,50,4,1,1,4,4,5,7,2,1,1,4,5,2,17,1,37,2,9,1,4,7,9,1,9,1,15,,13,,1,22,9,121.5471591,25.0798051
112,2,5,12,45,2,11南港區,南港區興中路與興中路68巷口,0,0,1,1,B03,6,1,5,50,3,2,1,4,4,5,7,4,4,5,5,5,2,17,1,26,3,10,1,1,7,5,1,8,1,15,,6,,1,22,9,121.6069081,25.0569989
112,2,5,12,45,2,11南港區,南港區興中路與興中路68巷口,0,0,1,2,C03,6,1,5,50,3,2,1,4,4,5,7,4,4,5,5,5,2,17,1,27,2,9,1,1,7,9,1,10,1,15,,14,,1,22,9,121.6069081,25.0569989
112,2,5,12,46,2,12內湖區,內湖區新明路300-5號,0,0,1,2,C03,6,1,5,50,14,9,1,4,4,5,7,4,4,10,4,5,1,12,2,64,2,9,1,1,7,9,1,10,2,14,,44,,1,22,9,121.5820599,25.05604634
112,2,5,12,46,2,12內湖區,內湖區新明路300-5號,0,0,1,1,B03,6,1,5,50,14,9,1,4,4,5,7,4,4,10,4,5,1,12,2,34,3,10,1,1,7,6,1,8,2,2,,9,,1,22,9,121.5820599,25.05604634
112,2,5,12,50,2,06松山區,松山區南京東路5段171號,0,0,1,1,F01,6,1,5,50,14,20,4,4,4,5,7,4,4,4,5,5,2,18,1,20,2,9,2,1,7,6,8,20,1,16,,42,,1,22,9,121.563832,25.05150766
112,2,5,12,50,2,06松山區,松山區南京東路5段171號,0,0,1,2,,6,1,5,50,14,20,4,4,4,5,7,4,4,4,5,5,2,18,3,0,,,,,,,,,,,,67,,1,,,121.563832,25.05150766
112,2,5,12,53,2,08士林區,士林區德行東路109巷110號,0,0,1,1,C04,6,1,5,30,14,9,1,4,4,5,7,4,4,9,5,5,1,17,1,55,3,10,1,1,7,1,1,10,1,11,,19,,1,22,9,121.5287464,25.11077429
112,2,5,12,53,2,08士林區,士林區德行東路109巷110號,0,0,1,2,C03,6,1,5,30,14,9,1,4,4,5,7,4,4,9,5,5,1,17,2,31,2,8,1,1,7,9,1,10,1,11,,44,,1,22,9,121.5287464,25.11077429
112,2,5,13,15,2,10文山區,文山區興隆路2段238號與興隆路2段口,0,0,1,2,C03,7,1,5,50,3,2,1,5,4,5,7,4,4,3,4,5,2,17,1,20,2,9,1,1,7,9,1,10,1,11,14,23,,1,22,9,121.553631,25.00115496
112,2,5,13,15,2,10文山區,文山區興隆路2段238號與興隆路2段口,0,0,1,1,B03,7,1,5,50,3,2,1,5,4,5,7,4,4,3,4,5,2,17,2,57,3,10,1,1,7,5,1,8,1,4,4,6,,1,22,9,121.553631,25.00115496
112,2,5,13,35,2,03中山區,中山區林森北路與林森北路310巷口,0,0,2,2,C03,6,1,5,50,4,1,1,4,4,5,7,2,1,9,5,5,2,12,1,35,2,9,3,4,7,9,1,10,1,14,,44,,1,22,9,121.5254967,25.0562059
112,2,5,13,35,2,03中山區,中山區林森北路與林森北路310巷口,0,0,2,3,H02,6,1,5,50,4,1,1,4,4,5,7,2,1,9,5,5,2,12,2,25,2,9,4,5,7,17,8,20,10,16,,67,,1,22,9,121.5254967,25.0562059
112,2,5,13,35,2,03中山區,中山區林森北路與林森北路310巷口,0,0,2,1,C03,6,1,5,50,4,1,1,4,4,5,7,2,1,9,5,5,2,12,1,22,3,10,3,4,7,5,1,10,1,14,,8,,1,22,9,121.5254967,25.0562059
112,2,5,13,38,2,08士林區,士林區中山北路5段811巷與福國路15巷口,0,0,1,2,C03,6,1,5,30,4,1,1,4,4,5,7,4,4,1,5,5,2,15,1,34,2,1,1,1,7,9,1,10,1,11,,23,,1,22,9,121.5245987,25.1009076
112,2,5,13,38,2,08士林區,士林區中山北路5段811巷與福國路15巷口,0,0,1,1,C03,6,1,5,30,4,1,1,4,4,5,7,4,4,1,5,5,2,15,1,21,3,10,1,1,7,9,1,10,1,14,,6,,1,22,9,121.5245987,25.1009076
112,2,5,13,45,2,03中山區,中山區中原街與新生北路3段3巷口,0,0,1,3,H02,7,1,5,30,4,1,1,4,4,5,7,4,4,9,4,5,2,15,2,31,2,8,1,5,7,20,8,20,10,16,,67,,1,22,9,121.5289905,25.0631653
112,2,5,13,45,2,03中山區,中山區中原街與新生北路3段3巷口,0,0,1,1,B03,7,1,5,30,4,1,1,4,4,5,7,4,4,9,4,5,2,15,1,53,3,10,3,4,7,9,1,8,1,1,,6,,1,22,9,121.5289905,25.0631653
112,2,5,13,45,2,03中山區,中山區中原街與新生北路3段3巷口,0,0,1,2,C03,7,1,5,30,4,1,1,4,4,5,7,4,4,9,4,5,2,15,1,34,3,10,1,4,7,9,1,9,1,12,,44,,1,22,9,121.5289905,25.0631653
112,2,5,14,17,2,12內湖區,內湖區洲子街78號前,0,0,3,4,H01,6,1,5,50,14,9,1,4,4,5,7,4,4,9,5,5,2,16,2,27,2,9,3,4,8,16,8,20,10,16,,67,,1,22,9,121.5718873,25.07971079
112,2,5,14,17,2,12內湖區,內湖區洲子街78號前,0,0,3,3,H01,6,1,5,50,14,9,1,4,4,5,7,4,4,9,5,5,2,16,1,27,2,9,4,1,8,16,8,20,10,16,,67,,1,22,9,121.5718873,25.07971079
112,2,5,14,17,2,12內湖區,內湖區洲子街78號前,0,0,3,2,C03,6,1,5,50,14,9,1,4,4,5,7,4,4,9,5,5,2,16,1,22,2,8,1,1,7,9,1,10,2,11,,44,,1,22,9,121.5718873,25.07971079
112,2,5,14,17,2,12內湖區,內湖區洲子街78號前,0,0,3,1,B03,6,1,5,50,14,9,1,4,4,5,7,4,4,9,5,5,2,16,1,38,3,10,1,1,7,5,1,4,2,5,,8,,1,22,9,121.5718873,25.07971079
112,2,5,15,17,2,10文山區,文山區興隆路4段與忠順街2段口,0,0,1,2,C03,7,1,5,50,4,1,1,5,4,5,7,1,1,1,4,5,2,17,1,22,2,9,1,4,7,9,1,10,2,11,,42,,1,22,9,121.5617119,24.9845166
112,2,5,15,17,2,10文山區,文山區興隆路4段與忠順街2段口,0,0,1,1,B03,7,1,5,50,4,1,1,5,4,5,7,1,1,1,4,5,2,17,1,55,3,10,3,4,7,5,1,8,2,2,,6,,1,22,9,121.5617119,24.9845166
112,2,5,15,45,2,03中山區,中山區長春路與遼寧街口,0,0,1,2,C03,7,1,5,50,4,1,1,4,4,5,7,1,1,5,4,4,2,17,2,37,2,9,1,1,7,9,1,10,11,11,,44,,1,22,9,121.542123,25.0546756
112,2,5,15,45,2,03中山區,中山區長春路與遼寧街口,0,0,1,1,B03,7,1,5,50,4,1,1,4,4,5,7,1,1,5,4,4,2,17,1,50,3,10,1,1,7,11,1,8,2,5,,10,,1,22,9,121.542123,25.0546756
112,2,5,17,0,2,03中山區,中山區天祥路與撫順街口,0,0,1,2,C03,6,2,5,30,4,1,1,4,4,5,7,4,4,5,4,5,2,15,2,73,2,8,1,4,7,9,3,18,1,12,,6,,1,22,9,121.520731,25.0636097
112,2,5,17,0,2,03中山區,中山區天祥路與撫順街口,0,0,1,1,B02,6,2,5,30,4,1,1,4,4,5,7,4,4,5,4,5,2,15,1,33,3,10,3,4,7,9,1,4,1,8,,6,,1,22,9,121.520731,25.0636097
112,2,5,17,30,2,07信義區,信義區基隆路1段53號,0,0,1,2,C03,6,3,5,50,14,9,1,4,4,5,7,4,4,1,4,5,2,17,1,29,2,9,1,1,7,9,1,10,1,14,,42,,1,22,9,121.5683166,25.0473688
112,2,5,17,30,2,07信義區,信義區基隆路1段53號,0,0,1,1,B03,6,3,5,50,14,9,1,4,4,5,7,4,4,1,4,5,2,17,1,49,3,10,1,1,7,3,1,8,1,10,,18,,1,22,9,121.5683166,25.0473688
112,2,5,17,53,1,03中山區,中山區民生西路32號,1,0,1,1,H01,6,3,5,50,14,9,1,4,4,5,7,4,4,5,4,5,2,3,2,87,1,9,4,5,8,16,8,20,10,16,,51,,1,22,9,121.5215779,25.05774638
112,2,5,17,53,1,03中山區,中山區民生西路32號,1,0,1,2,C03,6,3,5,50,14,9,1,4,4,5,7,4,4,5,4,5,2,3,1,19,2,9,1,4,7,9,1,10,2,11,,23,,1,22,9,121.5215779,25.05774638
112,2,5,17,55,2,05中正區,中正區延平南路與愛國西路口,0,0,1,1,B03,6,3,5,50,4,1,1,4,4,5,7,1,1,1,4,5,2,3,2,24,3,10,1,1,7,5,1,8,2,1,,15,,1,22,9,121.5080604,25.03664561
112,2,5,17,55,2,05中正區,中正區延平南路與愛國西路口,0,0,1,2,H01,6,3,5,50,4,1,1,4,4,5,7,1,1,1,4,5,2,3,1,34,2,9,4,5,8,16,8,20,1,16,,67,,1,22,9,121.5080604,25.03664561
112,2,5,18,2,2,01大同區,大同區市民大道1段京站停車場入口,0,0,1,2,C03,6,3,5,40,14,9,1,4,4,5,7,4,4,9,4,5,1,16,1,38,2,9,3,4,7,9,1,10,1,14,,44,,1,22,9,121.5180688,25.0486823
112,2,5,18,2,2,01大同區,大同區市民大道1段京站停車場入口,0,0,1,1,B03,6,3,5,40,14,9,1,4,4,5,7,4,4,9,4,5,1,16,2,45,3,10,3,4,7,6,1,8,1,5,,9,,1,22,9,121.5180688,25.0486823
112,2,5,18,4,1,09北投區,北投區石牌路1段與自強街5巷口,1,0,0,1,B03,6,3,5,50,5,1,1,4,4,5,7,3,1,5,4,5,1,16,1,66,3,10,1,1,7,9,1,8,2,8,,23,,1,22,9,121.5103484,25.11306867
112,2,5,18,4,1,09北投區,北投區石牌路1段與自強街5巷口,1,0,0,2,F01,6,3,5,50,5,1,1,4,4,5,7,3,1,5,4,5,1,16,1,88,1,1,2,1,7,9,8,20,9,16,,6,,1,22,9,121.5103484,25.11306867
112,2,5,18,10,2,07信義區,信義區光復南路439號,0,0,2,1,B03,6,3,5,50,14,9,1,4,4,5,7,2,1,1,4,5,2,13,2,67,3,10,1,1,7,11,1,8,1,1,,10,,1,22,8,121.5575826,25.03551583
112,2,5,18,10,2,07信義區,信義區光復南路439號,0,0,2,2,C03,6,3,5,50,14,9,1,4,4,5,7,2,1,1,4,5,2,13,1,41,3,10,1,1,7,9,1,10,1,13,,44,,1,22,8,121.5575826,25.03551583
112,2,5,18,10,2,07信義區,信義區光復南路439號,0,0,2,3,C04,6,3,5,50,14,9,1,4,4,5,7,2,1,1,4,5,2,13,1,29,2,8,1,1,7,9,1,10,1,12,,16,,1,22,8,121.5575826,25.03551583
112,2,5,18,10,2,07信義區,信義區光復南路439號,0,0,2,4,H02,6,3,5,50,14,9,1,4,4,5,7,2,1,1,4,5,2,13,2,25,2,8,1,1,7,20,8,20,10,16,,67,,1,22,8,121.5575826,25.03551583
112,2,5,18,15,2,11南港區,南港區忠孝東路6段與忠孝東路6段370巷口,0,0,2,1,B03,6,3,5,50,4,1,1,4,4,5,7,1,1,1,4,4,2,16,2,27,3,10,1,1,7,11,1,8,1,2,,10,,1,22,9,121.5910852,25.0498148
112,2,5,18,15,2,11南港區,南港區忠孝東路6段與忠孝東路6段370巷口,0,0,2,2,C03,6,3,5,50,4,1,1,4,4,5,7,1,1,1,4,4,2,16,1,56,2,9,1,1,7,9,1,10,1,12,,44,,1,22,9,121.5910852,25.0498148
112,2,5,18,15,2,11南港區,南港區忠孝東路6段與忠孝東路6段370巷口,0,0,2,3,H02,6,3,5,50,4,1,1,4,4,5,7,1,1,1,4,4,2,16,2,54,2,9,1,1,7,21,8,20,10,15,,67,,1,22,9,121.5910852,25.0498148
112,2,5,18,20,2,04大安區,大安區和平東路2段與建國南路2段口,0,0,1,1,B12,6,3,5,50,5,2,1,4,4,5,7,4,4,1,4,4,2,12,1,26,3,10,1,1,7,9,1,8,2,4,,17,,1,22,9,121.5372855,25.0257744
112,2,5,18,20,2,04大安區,大安區和平東路2段與建國南路2段口,0,0,1,2,C03,6,3,5,50,5,2,1,4,4,5,7,4,4,1,4,4,2,12,1,33,2,9,1,1,7,9,1,10,2,12,,17,,1,22,9,121.5372855,25.0257744
112,2,5,18,24,2,01大同區,大同區台北橋機慢車道往台北市(西往東第P9號橋墩),0,0,1,1,C03,6,3,7,40,8,11,1,4,4,5,7,4,4,10,5,1,1,13,1,30,2,8,3,4,7,9,1,10,1,11,,23,,1,22,9,121.5072938,25.0634887
112,2,5,18,24,2,01大同區,大同區台北橋機慢車道往台北市(西往東第P9號橋墩),0,0,1,2,C03,6,3,7,40,8,11,1,4,4,5,7,4,4,10,5,1,1,13,2,31,3,10,3,4,7,13,1,10,1,12,,38,,1,22,9,121.5072938,25.0634887
112,2,5,18,29,2,10文山區,文山區保儀路117號斜對面,0,0,1,2,H01,6,1,5,50,15,18,1,4,4,5,7,3,1,5,4,5,2,9,2,80,2,9,4,5,8,16,8,20,10,16,,67,,1,22,9,121.5673206,24.9856046
112,2,5,18,29,2,10文山區,文山區保儀路117號斜對面,0,0,1,1,B03,6,1,5,50,15,18,1,4,4,5,7,3,1,5,4,5,2,9,1,32,3,10,3,4,7,5,1,8,2,1,,15,,1,22,9,121.5673206,24.9856046
112,2,5,18,54,2,10文山區,文山區指南路2段與指南路2段45巷口,0,0,2,1,C03,6,3,5,50,3,1,1,4,4,5,7,4,4,5,2,5,2,3,1,23,2,9,1,4,7,9,1,10,2,11,,15,,1,22,9,121.574243,24.98802111
112,2,5,18,54,2,10文山區,文山區指南路2段與指南路2段45巷口,0,0,2,2,H01,6,3,5,50,3,1,1,4,4,5,7,4,4,5,2,5,2,3,1,42,2,9,4,5,8,16,8,20,10,16,,51,,1,22,9,121.574243,24.98802111
112,2,5,19,5,2,05中正區,中正區羅斯福路4段162號,0,0,1,1,C03,6,1,5,50,14,9,1,4,4,5,7,4,4,10,4,5,2,13,1,49,2,9,1,1,7,9,1,10,1,12,,23,,1,22,9,121.5362599,25.01251
112,2,5,19,5,2,05中正區,中正區羅斯福路4段162號,0,0,1,2,B03,6,1,5,50,14,9,1,4,4,5,7,4,4,10,4,5,2,13,2,46,3,10,3,4,7,13,1,8,1,7,,38,,1,22,9,121.5362599,25.01251
112,2,5,19,18,2,05中正區,中正區濟南路2段與忠孝東路2段134巷口,0,0,1,2,C03,6,3,5,50,4,1,1,4,4,5,7,4,4,10,5,5,2,16,2,41,2,8,1,1,7,14,1,10,2,12,,44,,1,22,9,121.5316352,25.0403106
112,2,5,19,18,2,05中正區,中正區濟南路2段與忠孝東路2段134巷口,0,0,1,1,B03,6,3,5,50,4,1,1,4,4,5,7,4,4,10,5,5,2,16,1,68,3,10,1,1,7,5,1,8,2,1,,23,,1,22,9,121.5316352,25.0403106
112,2,5,20,0,2,06松山區,松山區敦化北路207-2號,0,0,1,2,C03,6,3,5,50,14,9,1,4,4,5,7,4,4,9,4,5,2,12,1,23,2,9,1,1,7,9,1,10,2,11,,44,,1,22,9,121.5497114,25.05781636
112,2,5,20,0,2,06松山區,松山區敦化北路207-2號,0,0,1,1,B03,6,3,5,50,14,9,1,4,4,5,7,4,4,9,4,5,2,12,1,28,3,10,1,1,7,8,1,8,2,5,,7,,1,22,9,121.5497114,25.05781636
112,2,5,20,4,2,03中山區,中山區市民大道2段與林森北路口,0,0,3,3,H02,6,3,5,50,4,2,1,4,4,5,7,2,1,1,4,5,2,15,2,23,2,8,3,4,7,17,8,20,10,16,,67,,1,22,9,121.5242373,25.0479131
112,2,5,20,4,2,03中山區,中山區市民大道2段與林森北路口,0,0,3,2,C03,6,3,5,50,4,2,1,4,4,5,7,2,1,1,4,5,2,15,2,39,2,8,3,4,7,9,1,10,1,11,,44,,1,22,9,121.5242373,25.0479131
112,2,5,20,4,2,03中山區,中山區市民大道2段與林森北路口,0,0,3,1,C03,6,3,5,50,4,2,1,4,4,5,7,2,1,1,4,5,2,15,1,23,2,8,3,4,7,9,1,10,1,12,,25,,1,22,9,121.5242373,25.0479131
112,2,5,20,17,2,04大安區,大安區安和路2段71巷13號,0,0,1,1,B12,6,3,5,30,14,9,1,4,4,5,7,4,4,10,5,5,2,14,1,46,3,10,1,1,7,2,1,8,1,7,,12,,1,22,9,121.552901,25.0299838
112,2,5,20,17,2,04大安區,大安區安和路2段71巷13號,0,0,1,2,C03,6,3,5,30,14,9,1,4,4,5,7,4,4,10,5,5,2,14,1,46,2,8,1,1,7,14,1,10,1,11,,44,,1,22,9,121.552901,25.0299838
112,2,5,21,2,2,01大同區,大同區延平北路4段39號,0,0,1,1,C03,6,3,5,50,14,8,1,4,4,5,7,4,4,5,5,4,2,12,1,23,3,10,1,1,7,9,1,10,1,11,,23,,1,22,9,121.5108669,25.06965175
112,2,5,21,2,2,01大同區,大同區延平北路4段39號,0,0,1,2,C03,6,3,5,50,14,8,1,4,4,5,7,4,4,5,5,4,2,12,2,53,2,8,1,1,7,9,1,10,1,15,,44,,1,22,9,121.5108669,25.06965175
112,2,5,21,45,2,05中正區,中正區林森南路130號,0,0,1,2,C03,6,3,5,30,14,9,1,4,4,5,7,4,4,10,5,5,2,17,2,38,2,9,1,1,7,9,1,10,1,11,,43,,1,22,9,121.5185654,25.0333685
112,2,5,21,45,2,05中正區,中正區林森南路130號,0,0,1,1,,6,3,5,30,14,9,1,4,4,5,7,4,4,10,5,5,2,17,4,0,4,11,3,4,7,15,7,19,11,15,,43,,2,22,9,121.5185654,25.0333685
112,2,5,22,4,2,10文山區,文山區木柵路3段66巷與木柵路3段48巷口,0,0,1,1,C03,6,3,5,50,3,1,1,4,4,5,7,2,1,5,2,5,2,13,1,22,2,9,1,4,7,9,1,10,1,11,,23,,1,22,9,121.5662058,24.98700197