發生年度,發生月,發生日,發生時-Hours,發生分,處理別-編號,區序,肇事地點,死亡人數,2-30日死亡人數,受傷人數,當事人序號,車種,天候,光線,道路類別,速限-速度限制,道路型態,事故位置,路面狀況1,路面狀況2,路面狀況3,道路障礙1,道路障礙2,號誌1,號誌2,車道劃分-分向,車道劃分-分道1,車道劃分-分道2,車道劃分-分道3,事故類型及型態,性別,年齡,受傷程度,主要傷處,保護裝置,行動電話,車輛用途,當事者行動狀態,駕駛資格情形,駕駛執照種類,飲酒情形,車輛撞擊部位1,車輛撞擊部位2,肇因碼-個別,肇因碼-主要,個人肇逃否,職業,旅次目的,座標-X,座標-Y
112,2,5,22,4,2,10文山區,文山區木柵路3段66巷與木柵路3段48巷口,0,0,1,2,A12,6,3,5,50,3,1,1,4,4,5,7,2,1,5,2,5,2,13,1,42,3,10,3,4,7,14,1,5,1,3,,44,,1,22,9,121.5662058,24.98700197
112,2,6,0,2,2,08士林區,士林區福國路與福國路56巷口口,0,0,2,2,C03,6,3,5,30,3,1,1,4,4,5,7,4,4,1,2,4,1,16,1,103,2,8,1,1,7,9,1,10,1,12,,13,,1,22,9,121.5234868,25.1020331
112,2,6,0,2,2,08士林區,士林區福國路與福國路56巷口口,0,0,2,1,C03,6,3,5,30,3,1,1,4,4,5,7,4,4,1,2,4,1,16,1,20,2,8,1,1,7,6,1,10,1,14,,6,,1,22,9,121.5234868,25.1020331
112,2,6,1,35,2,05中正區,中正區重慶南路1段與襄陽路口,0,0,1,2,H01,6,3,5,50,3,1,1,4,4,5,7,1,1,5,4,5,2,1,1,22,2,9,4,5,8,16,8,20,10,16,,67,,1,22,9,121.5133613,25.0434326
112,2,6,1,35,2,05中正區,中正區重慶南路1段與襄陽路口,0,0,1,1,A12,6,3,5,50,3,1,1,4,4,5,7,1,1,5,4,5,2,1,1,51,3,10,1,1,7,5,1,6,2,8,,15,,1,22,9,121.5133613,25.0434326
112,2,6,4,32,2,05中正區,中正區中華路1段與衡陽路口,0,0,1,2,H01,6,3,5,50,5,1,1,4,4,5,7,1,1,1,4,5,2,2,1,26,2,9,4,5,8,16,8,20,3,16,,67,,1,22,9,121.5083907,25.0423579
112,2,6,4,32,2,05中正區,中正區中華路1段與衡陽路口,0,0,1,1,B01,6,3,5,50,5,1,1,4,4,5,7,1,1,1,4,5,2,2,1,61,3,10,1,1,7,5,1,4,2,1,,15,,1,22,9,121.5083907,25.0423579
112,2,6,6,14,2,10文山區,文山區木新路2段與恆光街口口,0,0,1,2,C03,6,3,5,50,4,1,1,4,4,5,7,1,1,4,5,5,2,29,1,39,2,7,1,1,7,9,1,10,1,11,,44,,1,22,9,121.5667482,24.98328332
112,2,6,6,14,2,10文山區,文山區木新路2段與恆光街口口,0,0,1,1,,6,3,5,50,4,1,1,4,4,5,7,1,1,4,5,5,2,29,3,61,,,,,,,,,,,,61,,1,,,121.5667482,24.98328332
112,2,6,6,14,2,10文山區,文山區木新路2段與恆光街口口,0,0,1,3,C03,6,3,5,50,4,1,1,4,4,5,7,1,1,4,5,5,2,29,2,55,3,10,3,1,7,13,1,10,1,12,,44,,1,22,9,121.5667482,24.98328332
112,2,6,7,15,2,04大安區,大安區基隆路3段153號,0,0,1,1,B03,7,1,5,50,14,8,1,4,4,5,7,4,4,1,4,4,2,16,1,21,3,10,3,4,7,6,1,10,1,2,,9,,1,22,9,121.5407144,25.0139647
112,2,6,7,15,2,04大安區,大安區基隆路3段153號,0,0,1,2,C03,7,1,5,50,14,8,1,4,4,5,7,4,4,1,4,4,2,16,1,24,2,8,3,4,7,9,1,10,1,14,,13,,1,22,9,121.5407144,25.0139647
112,2,6,7,24,2,04大安區,大安區基隆路2段與基隆路2段291巷口,0,0,1,1,C03,6,1,5,50,5,2,1,4,4,5,7,4,4,1,5,5,2,13,1,27,2,7,1,1,7,9,1,10,1,11,,16,,1,22,9,121.5492084,25.0212518
112,2,6,7,24,2,04大安區,大安區基隆路2段與基隆路2段291巷口,0,0,1,2,B03,6,1,5,50,5,2,1,4,4,5,7,4,4,1,5,5,2,13,1,34,3,10,1,1,7,9,1,8,1,7,,44,,1,22,9,121.5492084,25.0212518
112,2,6,7,50,2,10文山區,文山區汀州路4段126號,0,0,2,1,C03,6,1,5,50,14,9,1,4,4,5,7,4,4,9,5,5,2,16,1,69,2,8,1,1,7,11,1,10,2,11,,10,,1,22,9,121.5359945,25.00566714
112,2,6,7,50,2,10文山區,文山區汀州路4段126號,0,0,2,2,C03,6,1,5,50,14,9,1,4,4,5,7,4,4,9,5,5,2,16,1,20,2,9,1,1,7,9,1,10,2,11,,44,,1,22,9,121.5359945,25.00566714
112,2,6,8,33,2,07信義區,信義區基隆路2段與和平東路3段口,0,0,1,1,B12,6,1,5,50,5,2,1,4,4,5,7,2,1,1,4,5,2,17,1,39,3,10,3,4,7,8,1,8,2,15,,7,,1,22,9,121.5528053,25.0244881
112,2,6,8,33,2,07信義區,信義區基隆路2段與和平東路3段口,0,0,1,2,C03,6,1,5,50,5,2,1,4,4,5,7,2,1,1,4,5,2,17,2,40,2,9,3,4,7,9,1,9,2,15,,13,,1,23,9,121.5528053,25.0244881
112,2,6,8,37,2,09北投區,北投區承德路6段與承德路6段331巷口,0,0,1,3,C03,6,1,5,60,3,2,1,4,4,5,7,1,1,1,4,4,2,13,1,41,3,10,1,1,7,14,1,10,2,13,,44,,1,22,9,121.5117444,25.10571735
112,2,6,8,37,2,09北投區,北投區承德路6段與承德路6段331巷口,0,0,1,2,C03,6,1,5,60,3,2,1,4,4,5,7,1,1,1,4,4,2,13,1,47,3,10,1,1,7,9,1,10,2,13,,44,,1,22,9,121.5117444,25.10571735
112,2,6,8,37,2,09北投區,北投區承德路6段與承德路6段331巷口,0,0,1,1,C03,6,1,5,60,3,2,1,4,4,5,7,1,1,1,4,4,2,13,2,37,2,9,1,1,7,9,1,10,2,11,,16,,1,22,9,121.5117444,25.10571735
112,2,6,8,38,2,07信義區,信義區信義路5段與松仁路口,0,0,1,2,C03,6,1,5,50,14,9,1,4,4,5,7,1,1,10,4,5,2,13,1,21,2,9,1,1,7,14,1,10,1,13,,44,,1,22,9,121.5680335,25.0327955
112,2,6,8,38,2,07信義區,信義區信義路5段與松仁路口,0,0,1,1,A02,6,1,5,50,14,9,1,4,4,5,7,1,1,10,4,5,2,13,1,57,3,10,1,1,7,9,1,2,1,8,,42,,1,22,9,121.5680335,25.0327955
112,2,6,8,50,2,03中山區,中山區民權東路2段與松江路口,0,0,2,1,C03,6,1,5,50,4,2,1,4,4,5,7,2,1,1,4,5,2,16,2,80,2,1,3,4,7,9,1,10,1,11,,23,,1,22,9,121.5332894,25.06244276
112,2,6,8,50,2,03中山區,中山區民權東路2段與松江路口,0,0,2,2,C03,6,1,5,50,4,2,1,4,4,5,7,2,1,1,4,5,2,16,1,28,2,8,3,4,7,5,1,10,1,14,,26,,1,22,9,121.5332894,25.06244276
112,2,6,8,50,2,04大安區,大安區敦化南路2段172巷與敦化南路2段172巷8弄口,0,0,1,2,C03,6,1,5,30,5,2,1,4,4,5,7,4,4,10,5,5,2,17,1,80,3,10,1,1,7,9,1,10,1,12,,44,,1,22,9,121.5478128,25.0239056
112,2,6,8,50,2,04大安區,大安區敦化南路2段172巷與敦化南路2段172巷8弄口,0,0,1,3,H02,6,1,5,30,5,2,1,4,4,5,7,4,4,10,5,5,2,17,2,75,2,1,1,5,7,20,8,20,10,16,,67,,1,22,9,121.5478128,25.0239056
112,2,6,8,50,2,04大安區,大安區敦化南路2段172巷與敦化南路2段172巷8弄口,0,0,1,1,B03,6,1,5,30,5,2,1,4,4,5,7,4,4,10,5,5,2,17,1,33,3,10,1,1,7,13,1,8,1,4,,38,,1,22,9,121.5478128,25.0239056
112,2,6,8,51,2,10文山區,文山區忠順街2段22號前,0,0,1,2,C03,6,1,5,50,14,9,1,4,4,5,7,4,4,8,5,5,2,12,1,59,2,9,1,1,7,9,1,10,2,13,,42,,1,22,9,121.5629263,24.9846956
112,2,6,8,51,2,10文山區,文山區忠順街2段22號前,0,0,1,1,B12,6,1,5,50,14,9,1,4,4,5,7,4,4,8,5,5,2,12,1,47,3,10,1,1,7,9,1,2,2,5,,23,,1,22,9,121.5629263,24.9846956
112,2,6,9,9,2,03中山區,中山區市民大道2段與林森北路口,0,0,2,2,H01,6,1,5,40,4,2,1,4,4,5,7,1,1,1,4,5,2,1,1,24,2,9,4,5,8,18,8,20,10,16,,52,,1,22,9,121.5242165,25.04791594
112,2,6,9,9,2,03中山區,中山區市民大道2段與林森北路口,0,0,2,1,C03,6,1,5,40,4,2,1,4,4,5,7,1,1,1,4,5,2,1,1,59,2,9,1,1,7,9,1,10,1,11,,23,,1,22,9,121.5242165,25.04791594
112,2,6,9,16,2,04大安區,大安區市民大道4段100號,0,0,1,1,B12,6,1,5,40,15,6,1,4,4,5,7,4,4,8,3,5,2,12,1,38,3,10,1,1,7,11,1,8,9,4,,10,,1,22,9,121.5499333,25.044655
112,2,6,9,16,2,04大安區,大安區市民大道4段100號,0,0,1,2,C03,6,1,5,40,15,6,1,4,4,5,7,4,4,8,3,5,2,12,2,22,2,9,1,1,7,9,1,10,1,11,,16,,1,22,9,121.5499333,25.044655
112,2,6,9,20,2,12內湖區,內湖區南京東路6段與堤頂大道1段口,0,0,1,1,C03,6,1,5,30,4,1,1,4,4,5,7,1,1,1,5,5,2,12,1,32,3,10,1,1,7,15,1,10,1,13,,23,,1,22,9,121.5761015,25.05471111
112,2,6,9,20,2,12內湖區,內湖區南京東路6段與堤頂大道1段口,0,0,1,2,C03,6,1,5,30,4,1,1,4,4,5,7,1,1,1,5,5,2,12,2,39,2,9,1,1,7,9,1,10,1,12,,44,,1,22,9,121.5761015,25.05471111
112,2,6,9,33,2,12內湖區,內湖區新湖三路與新湖二路口,0,0,1,2,C01,6,1,5,40,4,2,1,4,4,5,7,4,4,4,4,5,1,15,1,56,2,9,1,1,7,9,1,9,1,12,,14,,1,22,9,121.5846783,25.0650208
112,2,6,9,33,2,12內湖區,內湖區新湖三路與新湖二路口,0,0,1,1,B01,6,1,5,40,4,2,1,4,4,5,7,4,4,4,4,5,1,15,1,48,3,10,1,1,7,9,1,4,1,1,,6,,1,22,9,121.5846783,25.0650208
112,2,6,10,10,2,08士林區,士林區環河北路3段機車引道42601燈桿,0,0,1,1,C03,6,1,5,50,14,11,1,4,4,5,7,4,4,10,5,5,2,13,1,28,2,9,3,4,7,9,1,10,1,12,,23,,1,22,9,121.5081827,25.08042571
112,2,6,10,10,2,08士林區,士林區環河北路3段機車引道42601燈桿,0,0,1,2,C03,6,1,5,50,14,11,1,4,4,5,7,4,4,10,5,5,2,13,1,24,3,10,3,4,7,9,1,10,1,13,,44,,1,22,9,121.5081827,25.08042571
112,2,6,10,10,2,08士林區,士林區環河北路3段機車引道42601燈桿,0,0,1,3,B03,6,1,5,50,14,11,1,4,4,5,7,4,4,10,5,5,2,13,1,58,3,10,3,4,7,14,1,8,1,15,,42,,1,22,9,121.5081827,25.08042571
112,2,6,10,50,2,01大同區,大同區民生西路與延平北路2段口,0,0,3,1,C03,6,1,5,50,4,2,1,4,4,5,7,2,1,5,4,5,2,16,1,68,2,9,3,4,7,5,1,10,2,12,,8,,1,22,9,121.5115763,25.05691561
112,2,6,10,50,2,01大同區,大同區民生西路與延平北路2段口,0,0,3,2,C03,6,1,5,50,4,2,1,4,4,5,7,2,1,5,4,5,2,16,1,33,2,9,3,4,7,9,1,10,2,11,,44,,1,22,9,121.5115763,25.05691561
112,2,6,10,50,2,01大同區,大同區民生西路與延平北路2段口,0,0,3,3,H02,6,1,5,50,4,2,1,4,4,5,7,2,1,5,4,5,2,16,2,62,2,8,3,4,7,20,8,20,10,16,,67,,1,22,9,121.5115763,25.05691561
112,2,6,10,55,2,08士林區,士林區天母西路與天母西路83巷口,0,0,1,1,B03,6,1,5,50,4,1,1,4,4,5,7,4,4,5,5,5,2,11,1,63,3,10,3,4,7,5,1,8,1,5,,8,,1,22,9,121.5249966,25.11848207
112,2,6,10,55,2,08士林區,士林區天母西路與天母西路83巷口,0,0,1,2,C03,6,1,5,50,4,1,1,4,4,5,7,4,4,5,5,5,2,11,1,38,2,9,1,1,7,9,1,10,1,11,,42,,1,22,9,121.5249966,25.11848207
112,2,6,11,29,2,03中山區,中山區濱江街95號旁,0,0,1,1,C03,7,1,5,50,11,9,1,4,4,5,7,4,4,5,5,5,2,9,2,25,2,8,1,1,7,9,1,10,2,14,,42,,1,22,9,121.5333865,25.0737408
112,2,6,11,29,2,03中山區,中山區濱江街95號旁,0,0,1,2,H01,7,1,5,50,11,9,1,4,4,5,7,4,4,5,5,5,2,9,1,31,3,10,4,5,8,17,8,20,2,16,,67,,1,22,9,121.5333865,25.0737408
112,2,6,11,34,2,07信義區,信義區富陽街55巷與崇德街146巷口口,0,0,2,2,C03,8,1,5,30,4,1,1,4,4,5,7,4,4,10,5,5,2,15,2,35,2,9,1,1,7,9,1,10,1,11,,14,,1,21,8,121.5577037,25.0227128
112,2,6,11,34,2,07信義區,信義區富陽街55巷與崇德街146巷口口,0,0,2,1,C03,8,1,5,30,4,1,1,4,4,5,7,4,4,10,5,5,2,15,1,48,2,9,1,1,7,9,1,10,1,11,,6,,1,21,8,121.5577037,25.0227128
112,2,6,11,42,2,04大安區,大安區復興南路2段與復興南路2段78巷口口,0,0,1,1,F01,6,1,5,30,4,2,1,4,4,5,7,1,1,1,1,4,1,17,1,71,3,10,1,1,7,1,8,20,1,16,,19,,1,22,9,121.5434324,25.03107081
112,2,6,11,42,2,04大安區,大安區復興南路2段與復興南路2段78巷口口,0,0,1,2,C03,6,1,5,30,4,2,1,4,4,5,7,1,1,1,1,4,1,17,1,47,2,9,1,1,7,9,1,10,1,14,,44,,1,22,9,121.5434324,25.03107081
112,2,6,11,46,2,03中山區,中山區復興北路與長安東路2段口,0,0,2,1,B03,7,1,5,50,4,1,1,5,4,5,7,1,1,1,4,5,2,17,4,0,4,11,3,4,7,15,7,19,11,15,,43,,2,22,9,121.5438737,25.0482914
112,2,6,11,46,2,03中山區,中山區復興北路與長安東路2段口,0,0,2,2,C03,7,1,5,50,4,1,1,5,4,5,7,1,1,1,4,5,2,17,1,40,2,9,1,1,7,9,1,10,11,12,,43,,1,22,9,121.5438737,25.0482914
112,2,6,11,46,2,03中山區,中山區復興北路與長安東路2段口,0,0,2,3,C03,7,1,5,50,4,1,1,5,4,5,7,1,1,1,4,5,2,17,1,35,2,9,1,1,7,9,1,10,11,11,,43,,1,22,9,121.5438737,25.0482914
112,2,6,11,55,2,06松山區,松山區新東街11巷與新東街口,0,0,1,2,C03,6,1,5,30,3,1,1,4,4,5,7,4,4,9,5,5,2,16,1,19,3,10,1,1,7,9,1,10,1,11,,23,,1,22,9,121.5660148,25.05821524
112,2,6,11,55,2,06松山區,松山區新東街11巷與新東街口,0,0,1,1,C03,6,1,5,30,3,1,1,4,4,5,7,4,4,9,5,5,2,16,1,61,2,9,1,1,7,5,1,10,1,11,,6,,1,22,9,121.5660148,25.05821524
112,2,6,12,0,2,07信義區,信義區福德街與中坡南路口,0,0,1,3,H02,6,1,5,30,3,2,1,4,4,5,7,2,1,9,4,5,2,16,2,24,2,8,1,5,7,20,8,20,10,16,,67,,1,22,9,121.5841593,25.0383209
112,2,6,12,0,2,07信義區,信義區福德街與中坡南路口,0,0,1,2,C03,6,1,5,30,3,2,1,4,4,5,7,2,1,9,4,5,2,16,1,25,3,10,1,1,7,9,1,10,2,13,,44,,1,22,9,121.5841593,25.0383209
112,2,6,12,0,2,07信義區,信義區福德街與中坡南路口,0,0,1,1,B12,6,1,5,30,3,2,1,4,4,5,7,2,1,9,4,5,2,16,1,22,3,10,1,1,7,6,1,8,2,2,,9,,1,22,9,121.5841593,25.0383209
112,2,6,12,14,2,07信義區,信義區忠孝東路5段372巷27弄2號,0,0,1,1,B02,8,1,5,30,14,9,1,5,4,5,7,4,4,9,5,5,2,16,1,65,3,10,1,1,7,11,1,8,1,5,,10,,1,22,9,121.5739991,25.03963966
112,2,6,12,14,2,07信義區,信義區忠孝東路5段372巷27弄2號,0,0,1,2,C03,8,1,5,30,14,9,1,5,4,5,7,4,4,9,5,5,2,16,1,20,2,8,1,1,7,9,1,10,1,11,,44,,1,22,9,121.5739991,25.03963966
112,2,6,12,30,2,08士林區,士林區士商路與中正路口,0,0,1,1,B01,7,1,5,50,4,1,1,5,4,5,7,2,1,5,5,5,2,2,1,57,3,10,3,4,7,5,1,4,1,8,,8,,1,22,9,121.5186016,25.09250924
112,2,6,12,30,2,08士林區,士林區士商路與中正路口,0,0,1,2,H01,7,1,5,50,4,1,1,5,4,5,7,2,1,5,5,5,2,2,2,56,2,8,4,5,8,16,8,20,10,16,,67,,1,22,9,121.5186016,25.09250924
112,2,6,12,34,2,03中山區,中山區中山北路3段與民族東路口,0,0,1,2,C03,7,1,5,50,14,9,1,4,4,5,7,1,1,1,3,5,1,16,2,33,2,9,1,4,7,7,1,10,1,11,,7,,1,22,9,121.5231001,25.06886746
112,2,6,12,34,2,03中山區,中山區中山北路3段與民族東路口,0,0,1,1,C03,7,1,5,50,14,9,1,4,4,5,7,1,1,1,3,5,1,16,1,25,3,10,1,4,7,8,1,10,1,13,,7,,1,22,9,121.5231001,25.06886746
112,2,6,12,40,2,03中山區,中山區北安路與大直街口側附近口,0,0,1,1,B03,7,1,5,50,4,1,1,5,4,5,7,1,1,1,3,5,1,16,1,24,3,10,1,1,7,5,1,8,2,2,,6,,1,22,9,121.5492723,25.0841407
112,2,6,12,40,2,03中山區,中山區北安路與大直街口側附近口,0,0,1,2,C03,7,1,5,50,4,1,1,5,4,5,7,1,1,1,3,5,1,16,1,41,2,9,1,1,7,9,1,10,2,11,,44,,1,22,9,121.5492723,25.0841407
112,2,6,12,50,2,06松山區,松山區復興北路427巷與民權東路3段103巷口,0,0,1,1,B03,8,1,5,30,4,1,1,5,4,5,7,4,4,10,5,5,2,17,1,34,4,11,3,4,7,15,7,19,11,15,,44,,2,22,9,121.5449893,25.0633584
112,2,6,12,50,2,06松山區,松山區復興北路427巷與民權東路3段103巷口,0,0,1,2,C03,8,1,5,30,4,1,1,5,4,5,7,4,4,10,5,5,2,17,2,38,2,9,1,1,7,9,1,10,2,12,,13,,1,22,9,121.5449893,25.0633584
112,2,6,12,50,2,05中正區,中正區中華路2段與和平西路2段口,0,0,1,1,B03,8,1,5,50,4,1,1,5,4,5,7,1,1,5,4,5,2,17,1,21,3,10,1,1,7,6,1,8,1,15,,9,,1,22,9,121.5052684,25.0332373
112,2,6,12,50,2,05中正區,中正區中華路2段與和平西路2段口,0,0,1,2,C03,8,1,5,50,4,1,1,5,4,5,7,1,1,5,4,5,2,17,2,44,2,9,1,1,7,9,1,8,1,15,,42,,1,22,9,121.5052684,25.0332373
112,2,6,13,10,2,12內湖區,內湖區瑞光路76巷22號,0,0,1,1,C03,8,1,5,0,14,9,1,4,4,5,5,4,4,9,4,5,1,17,1,50,2,1,1,1,7,9,1,10,1,12,,23,,1,22,9,121.5809346,25.07071557
112,2,6,13,10,2,12內湖區,內湖區瑞光路76巷22號,0,0,1,2,C03,8,1,5,0,14,9,1,4,4,5,5,4,4,9,4,5,1,17,1,36,3,10,3,4,7,13,1,10,9,13,,44,,1,22,9,121.5809346,25.07071557
112,2,6,14,9,2,03中山區,中山區中山北路2段馬偕醫院福音大樓門口,0,0,1,2,H01,7,1,5,0,15,20,1,5,4,5,7,4,4,10,5,5,1,3,2,28,2,7,4,5,8,16,8,20,10,16,,67,,1,22,9,121.5227187,25.05901732
112,2,6,14,9,2,03中山區,中山區中山北路2段馬偕醫院福音大樓門口,0,0,1,1,B03,7,1,5,0,15,20,1,5,4,5,7,4,4,10,5,5,1,3,4,0,4,11,3,4,7,15,7,19,11,15,,43,,2,22,9,121.5227187,25.05901732
112,2,6,14,30,2,11南港區,南港區忠孝東路6段81巷與忠孝東路6段口口旁,0,0,1,1,A02,8,1,5,40,3,2,1,5,4,5,7,4,4,1,4,4,2,9,1,55,3,10,1,1,7,3,1,2,11,15,,42,,1,22,9,121.5845337,25.04759806
112,2,6,14,30,2,11南港區,南港區忠孝東路6段81巷與忠孝東路6段口口旁,0,0,1,2,H02,8,1,5,40,3,2,1,5,4,5,7,4,4,1,4,4,2,9,2,66,2,5,4,5,7,19,8,20,10,16,,67,,1,22,9,121.5845337,25.04759806
112,2,6,14,39,2,03中山區,中山區南京東路2段110號,0,0,1,2,B03,8,1,5,50,14,9,1,5,4,5,7,4,4,1,4,4,2,13,2,49,3,10,3,4,7,14,1,8,1,7,,44,,1,22,9,121.5322061,25.05191827
112,2,6,14,39,2,03中山區,中山區南京東路2段110號,0,0,1,1,C03,8,1,5,50,14,9,1,5,4,5,7,4,4,1,4,4,2,13,2,18,2,9,1,4,7,9,3,18,1,11,,23,,1,22,9,121.5322061,25.05191827
112,2,6,14,54,2,05中正區,中正區市民大道1段與中山北路1段附近口,0,0,1,2,B12,8,1,5,40,4,2,1,5,4,5,7,2,1,1,2,1,2,13,1,63,3,10,1,1,7,9,1,8,2,7,,44,,1,22,9,121.520212,25.04807
112,2,6,14,54,2,05中正區,中正區市民大道1段與中山北路1段附近口,0,0,1,1,C03,8,1,5,40,4,2,1,5,4,5,7,2,1,1,2,1,2,13,1,25,2,9,1,1,7,9,1,10,2,11,,23,,1,22,9,121.520212,25.04807
112,2,6,15,4,2,03中山區,中山區林森北路與長安東路1段53巷口,0,0,1,2,C03,8,1,5,50,4,2,1,5,4,5,7,4,4,5,4,5,2,16,1,28,2,9,3,4,7,9,1,10,1,11,,44,,1,22,9,121.5243617,25.0486959
112,2,6,15,4,2,03中山區,中山區林森北路與長安東路1段53巷口,0,0,1,1,B03,8,1,5,50,4,2,1,5,4,5,7,4,4,5,4,5,2,16,1,32,3,10,3,4,7,5,1,8,1,2,,8,,1,22,9,121.5243617,25.0486959
112,2,6,15,5,2,07信義區,信義區吳興街284巷與吳興街口口,0,0,1,1,B03,8,1,5,30,3,1,1,5,4,5,7,4,4,10,5,5,2,2,1,37,3,10,1,1,7,5,1,8,1,8,,15,,1,22,9,121.5641931,25.026464
112,2,6,15,5,2,07信義區,信義區吳興街284巷與吳興街口口,0,0,1,2,H01,8,1,5,30,3,1,1,5,4,5,7,4,4,10,5,5,2,2,2,22,2,2,4,5,8,16,8,20,10,16,,67,,1,22,9,121.5641931,25.026464
112,2,6,15,37,2,07信義區,信義區和平東路3段與和平東路3段口圓環東北角,0,0,1,3,C03,8,1,5,50,4,1,1,5,4,5,7,2,1,1,4,5,2,16,1,24,2,9,1,1,7,9,1,10,2,11,,44,,1,22,9,121.552826,25.0241431
112,2,6,15,37,2,07信義區,信義區和平東路3段與和平東路3段口圓環東北角,0,0,1,2,B01,8,1,5,50,4,1,1,5,4,5,7,2,1,1,4,5,2,16,1,54,3,10,1,1,7,9,1,4,2,1,,44,,1,22,9,121.552826,25.0241431
112,2,6,15,37,2,07信義區,信義區和平東路3段與和平東路3段口圓環東北角,0,0,1,1,B03,8,1,5,50,4,1,1,5,4,5,7,2,1,1,4,5,2,16,2,46,3,10,1,1,7,5,1,8,2,6,,8,,1,22,9,121.552826,25.0241431
112,2,6,15,45,2,09北投區,北投區中和街441巷與中和街455巷11弄口口,0,0,1,2,H01,8,1,5,30,4,2,1,5,4,5,7,4,4,10,5,5,2,9,2,82,2,7,4,5,8,20,8,20,10,16,,67,,1,22,9,121.497137,25.14280108
112,2,6,15,45,2,09北投區,北投區中和街441巷與中和街455巷11弄口口,0,0,1,1,B12,8,1,5,30,4,2,1,5,4,5,7,4,4,10,5,5,2,9,1,58,3,10,1,1,7,2,1,8,1,7,,12,,1,22,9,121.497137,25.14280108
112,2,6,15,48,2,09北投區,北投區東華街2段301號,0,0,1,2,C03,8,1,5,50,14,9,1,5,4,5,7,4,4,10,4,5,1,12,1,62,2,9,1,1,7,9,1,10,1,11,,13,,1,22,9,121.5060977,25.12106809
112,2,6,15,48,2,09北投區,北投區東華街2段301號,0,0,1,1,B03,8,1,5,50,14,9,1,5,4,5,7,4,4,10,4,5,1,12,2,51,3,10,1,1,7,1,1,8,1,7,,19,,1,22,9,121.5060977,25.12106809
112,2,6,16,9,2,10文山區,文山區羅斯福路5段與羅斯福路5段211巷口,0,0,1,1,B03,8,1,5,30,4,1,1,5,4,5,7,2,1,10,5,5,2,9,1,66,3,10,1,1,7,5,1,8,2,1,,15,,1,22,9,121.5388346,25.0020796
112,2,6,16,9,2,10文山區,文山區羅斯福路5段與羅斯福路5段211巷口,0,0,1,2,H01,8,1,5,30,4,1,1,5,4,5,7,2,1,10,5,5,2,9,2,69,2,9,4,5,8,16,8,20,10,16,,67,,1,22,9,121.5388346,25.0020796
112,2,6,16,30,2,09北投區,北投區承德路7段97號,0,0,1,2,C03,8,1,5,50,14,12,5,5,4,5,7,4,4,3,5,5,2,12,1,16,2,9,3,4,7,9,2,18,2,14,,44,,1,22,9,121.5094273,25.1127524
112,2,6,16,30,2,09北投區,北投區承德路7段97號,0,0,1,1,B03,8,1,5,50,14,12,5,5,4,5,7,4,4,3,5,5,2,12,1,41,3,10,3,4,7,6,1,8,2,5,,9,,1,22,9,121.5094273,25.1127524
112,2,6,16,47,2,02萬華區,萬華區中華路1段與漢口街2段口,0,0,1,1,A02,8,1,5,40,5,1,1,5,4,5,7,1,1,1,4,5,2,9,1,46,3,10,1,1,7,9,1,2,1,15,,42,,1,22,9,121.5090195,25.045052
112,2,6,16,47,2,02萬華區,萬華區中華路1段與漢口街2段口,0,0,1,2,H02,8,1,5,40,5,1,1,5,4,5,7,1,1,1,4,5,2,9,2,79,2,1,4,1,7,20,8,20,10,16,,67,,1,22,9,121.5090195,25.045052
112,2,6,17,0,2,09北投區,北投區明德路67巷與明德路口,0,0,1,1,B03,8,1,5,50,3,1,1,5,4,5,7,4,4,9,5,5,2,12,1,35,3,10,1,1,7,11,1,8,1,1,,43,,1,22,9,121.5185844,25.10846418
112,2,6,17,0,2,09北投區,北投區明德路67巷與明德路口,0,0,1,2,C03,8,1,5,50,3,1,1,5,4,5,7,4,4,9,5,5,2,12,1,39,2,9,1,1,7,9,1,10,1,12,,43,,1,22,9,121.5185844,25.10846418
112,2,6,17,39,2,09北投區,北投區三合街2段與清江路口,0,0,1,1,B03,8,1,5,50,14,9,1,5,4,5,7,4,4,5,4,5,1,12,2,55,3,10,1,1,7,9,1,8,1,2,,17,,1,22,9,121.501578,25.12639493
112,2,6,17,39,2,09北投區,北投區三合街2段與清江路口,0,0,1,2,F01,8,1,5,50,14,9,1,5,4,5,7,4,4,5,4,5,1,12,2,45,2,8,3,1,7,9,8,20,1,16,,43,,1,22,9,121.501578,25.12639493
112,2,6,18,11,2,05中正區,中正區懷寧街與貴陽街1段口,0,0,1,2,F01,7,3,5,50,3,2,1,5,4,5,7,4,4,8,3,5,2,17,1,38,2,9,3,1,7,9,8,20,1,16,,44,,1,22,9,121.5137587,25.03870525
112,2,6,18,11,2,05中正區,中正區懷寧街與貴陽街1段口,0,0,1,1,B01,7,3,5,50,3,2,1,5,4,5,7,4,4,8,3,5,2,17,1,60,3,10,1,1,7,11,1,10,1,5,,10,,1,22,9,121.5137587,25.03870525
112,2,6,18,15,2,02萬華區,萬華區康定路與和平西路3段口,0,0,1,1,B03,8,3,5,50,4,1,1,5,4,5,7,1,1,1,4,4,2,9,1,35,3,10,1,1,7,5,1,8,1,8,,15,,1,22,9,121.5011095,25.0354131
112,2,6,18,15,2,02萬華區,萬華區康定路與和平西路3段口,0,0,1,2,H01,8,3,5,50,4,1,1,5,4,5,7,1,1,1,4,4,2,9,2,25,2,8,4,5,8,16,8,20,10,15,,67,,1,22,9,121.5011095,25.0354131
112,2,6,18,15,2,05中正區,中正區齊東街與齊東街70巷口,0,0,2,1,C03,7,3,5,30,4,1,1,5,4,5,7,4,4,10,5,5,2,15,2,34,2,8,1,1,7,9,1,10,2,11,,6,,1,22,9,121.5278563,25.0417388