發生年度,發生月,發生日,發生時-Hours,發生分,處理別-編號,區序,肇事地點,死亡人數,2-30日死亡人數,受傷人數,當事人序號,車種,天候,光線,道路類別,速限-速度限制,道路型態,事故位置,路面狀況1,路面狀況2,路面狀況3,道路障礙1,道路障礙2,號誌1,號誌2,車道劃分-分向,車道劃分-分道1,車道劃分-分道2,車道劃分-分道3,事故類型及型態,性別,年齡,受傷程度,主要傷處,保護裝置,行動電話,車輛用途,當事者行動狀態,駕駛資格情形,駕駛執照種類,飲酒情形,車輛撞擊部位1,車輛撞擊部位2,肇因碼-個別,肇因碼-主要,個人肇逃否,職業,旅次目的,座標-X,座標-Y
112,2,6,18,15,2,05中正區,中正區齊東街與齊東街70巷口,0,0,2,2,C03,7,3,5,30,4,1,1,5,4,5,7,4,4,10,5,5,2,15,1,55,2,8,1,1,7,9,6,10,2,12,,14,,1,22,9,121.5278563,25.0417388
112,2,6,18,20,2,08士林區,士林區福林橋往南方向福林016標牌前,0,0,2,2,F01,7,4,5,50,8,9,1,5,4,5,7,4,4,3,4,5,1,13,1,49,2,8,1,1,7,9,8,20,1,16,,27,,1,22,9,121.5264445,25.10066646
112,2,6,18,20,2,08士林區,士林區福林橋往南方向福林016標牌前,0,0,2,1,C03,7,4,5,50,8,9,1,5,4,5,7,4,4,3,4,5,1,13,1,102,2,7,1,1,7,9,1,10,1,11,,23,,1,22,9,121.5264445,25.10066646
112,2,6,18,45,2,05中正區,中正區中華路2段39巷與中華路2段口,0,0,1,1,C03,7,3,5,50,3,1,1,5,4,5,7,4,4,1,4,5,2,18,1,62,2,9,1,1,7,15,1,10,1,12,,43,,1,22,9,121.5062858,25.03512
112,2,6,18,45,2,05中正區,中正區中華路2段39巷與中華路2段口,0,0,1,2,,7,3,5,50,3,1,1,5,4,5,7,4,4,1,4,5,2,18,3,0,,,,,,,,,,,,67,,1,,,121.5062858,25.03512
112,2,6,18,45,2,07信義區,信義區忠孝東路5段372巷28弄與忠孝東路5段236巷口,0,0,1,2,H01,7,3,5,30,4,2,1,5,4,5,7,1,1,10,5,5,1,9,2,69,2,1,4,5,8,16,8,20,10,16,,67,,1,22,9,121.5718863,25.0389314
112,2,6,18,45,2,07信義區,信義區忠孝東路5段372巷28弄與忠孝東路5段236巷口,0,0,1,1,B03,7,3,5,30,4,2,1,5,4,5,7,1,1,10,5,5,1,9,1,60,3,10,3,4,7,5,3,18,11,15,,15,,1,22,9,121.5718863,25.0389314
112,2,6,18,56,2,06松山區,松山區光復北路與南京東路5段23巷7弄口,0,0,1,1,C03,7,3,5,30,4,1,1,5,4,5,7,4,4,5,4,5,2,17,1,43,4,11,3,4,7,15,7,19,11,15,,6,,2,22,9,121.5571518,25.05218742
112,2,6,18,56,2,06松山區,松山區光復北路與南京東路5段23巷7弄口,0,0,1,2,C03,7,3,5,30,4,1,1,5,4,5,7,4,4,5,4,5,2,17,1,25,2,9,1,1,7,9,1,10,11,12,,14,,1,22,9,121.5571518,25.05218742
112,2,6,19,0,2,10文山區,文山區羅斯福路6段210號,0,0,1,1,B01,8,3,5,50,14,9,1,5,4,5,7,2,1,1,4,5,2,13,1,61,3,10,1,1,7,9,1,4,1,5,,23,,1,22,9,121.5409356,24.9933656
112,2,6,19,0,2,10文山區,文山區羅斯福路6段210號,0,0,1,2,C03,8,3,5,50,14,9,1,5,4,5,7,2,1,1,4,5,2,13,1,38,2,9,1,1,7,14,1,9,1,13,,44,,1,22,9,121.5409356,24.9933656
112,2,6,19,0,2,07信義區,信義區忠孝東路4段捷運國館4號,0,0,1,1,B03,8,3,5,50,14,9,1,5,4,5,7,4,4,1,4,5,2,12,1,59,3,10,1,1,7,9,1,8,2,5,,23,,1,22,9,121.5585109,25.04121609
112,2,6,19,0,2,07信義區,信義區忠孝東路4段捷運國館4號,0,0,1,2,C03,8,3,5,50,14,9,1,5,4,5,7,4,4,1,4,5,2,12,2,28,2,8,1,1,7,9,1,10,2,14,,44,,1,22,9,121.5585109,25.04121609
112,2,6,19,7,2,01大同區,大同區南京西路75號,0,0,1,2,C03,8,4,5,50,14,9,1,5,4,5,7,4,4,1,4,5,2,17,1,46,2,5,1,1,7,9,1,10,1,12,,44,,1,22,9,121.518432,25.05314233
112,2,6,19,7,2,01大同區,大同區南京西路75號,0,0,1,1,B01,8,4,5,50,14,9,1,5,4,5,7,4,4,1,4,5,2,17,1,62,3,10,1,1,7,7,1,4,1,8,,7,,1,22,9,121.518432,25.05314233
112,2,6,19,7,2,09北投區,北投區大度路3段與關渡路口口,0,0,2,1,C03,8,3,5,50,3,1,1,5,4,5,7,1,1,3,3,5,2,16,1,22,2,7,1,1,7,9,3,18,11,11,,25,,2,22,9,121.4695189,25.12286142
112,2,6,19,7,2,09北投區,北投區大度路3段與關渡路口口,0,0,2,2,C03,8,3,5,50,3,1,1,5,4,5,7,1,1,3,3,5,2,16,1,56,2,7,1,1,7,6,1,10,1,12,,44,,1,22,9,121.4695189,25.12286142
112,2,6,19,30,2,10文山區,文山區興隆路2段154巷與興隆路2段口,0,0,1,1,B03,8,3,5,50,3,1,1,5,4,5,7,2,1,5,4,5,2,9,1,61,3,10,1,1,7,5,1,8,2,8,,15,,1,22,9,121.55091,25.0015232
112,2,6,19,30,2,10文山區,文山區興隆路2段154巷與興隆路2段口,0,0,1,2,H01,8,3,5,50,3,1,1,5,4,5,7,2,1,5,4,5,2,9,2,81,2,9,4,5,8,16,8,20,10,16,,67,,1,22,9,121.55091,25.0015232
112,2,6,19,44,2,03中山區,中山區民生東路2段與新生北路2段口,0,0,1,2,C03,8,3,5,50,4,2,1,5,4,5,7,2,1,5,4,5,2,11,2,26,2,9,3,4,7,9,1,10,2,11,,44,,1,21,9,121.52773,25.0580726
112,2,6,19,44,2,03中山區,中山區民生東路2段與新生北路2段口,0,0,1,1,B03,8,3,5,50,4,2,1,5,4,5,7,2,1,5,4,5,2,11,1,62,3,10,3,4,7,5,1,8,2,6,,8,,1,22,9,121.52773,25.0580726
112,2,6,20,4,2,07信義區,信義區基隆路2段19號,0,0,1,1,F01,8,3,8,30,14,20,4,5,4,5,7,4,4,10,5,5,2,9,1,54,3,10,2,1,7,9,8,20,1,16,,23,,1,22,9,121.5591317,25.031999
112,2,6,20,4,2,07信義區,信義區基隆路2段19號,0,0,1,2,H01,8,3,8,30,14,20,4,5,4,5,7,4,4,10,5,5,2,9,2,71,2,9,4,5,8,16,8,20,10,16,,67,,1,22,9,121.5591317,25.031999
112,2,6,20,27,2,05中正區,中正區中華路1段與忠孝西路1段口,0,0,2,3,,8,3,5,50,4,1,1,5,4,5,7,1,1,1,4,5,2,17,3,0,,,,,,,,,,,,67,,1,,,121.5101543,25.0478383
112,2,6,20,27,2,05中正區,中正區中華路1段與忠孝西路1段口,0,0,2,2,C03,8,3,5,50,4,1,1,5,4,5,7,1,1,1,4,5,2,17,2,49,2,9,1,1,7,9,1,10,2,12,,44,,1,22,9,121.5101543,25.0478383
112,2,6,20,27,2,05中正區,中正區中華路1段與忠孝西路1段口,0,0,2,1,C03,8,3,5,50,4,1,1,5,4,5,7,1,1,1,4,5,2,17,1,61,2,8,1,1,7,15,1,10,2,11,,23,,1,22,9,121.5101543,25.0478383
112,2,6,20,47,2,03中山區,中山區龍江路264號,0,0,3,3,H02,8,3,5,50,14,9,1,5,4,5,7,1,1,9,5,5,2,3,1,9,2,9,1,5,7,20,8,20,10,16,,67,,1,22,9,121.5407135,25.0601263
112,2,6,20,47,2,03中山區,中山區龍江路264號,0,0,3,2,C03,8,3,5,50,14,9,1,5,4,5,7,1,1,9,5,5,2,3,1,45,2,9,1,1,7,9,6,10,7,11,,23,,1,22,9,121.5407135,25.0601263
112,2,6,20,47,2,03中山區,中山區龍江路264號,0,0,3,1,H01,8,3,5,50,14,9,1,5,4,5,7,1,1,9,5,5,2,3,2,30,2,1,4,5,8,16,8,20,10,16,,51,,1,22,9,121.5407135,25.0601263
112,2,6,20,57,2,08士林區,士林區承德路5段與通河東街2段口,0,0,1,2,C03,8,3,5,0,4,1,1,5,4,5,7,1,1,10,5,4,1,16,1,27,2,9,1,1,7,9,1,10,1,14,,44,,1,22,9,121.5139267,25.0960592
112,2,6,20,57,2,08士林區,士林區承德路5段與通河東街2段口,0,0,1,1,C03,8,3,5,0,4,1,1,5,4,5,7,1,1,10,5,4,1,16,1,22,3,10,1,1,7,8,1,10,1,12,,7,,1,22,9,121.5139267,25.0960592
112,2,6,21,25,2,11南港區,南港區向陽路162巷100號對面,0,0,1,2,C04,7,3,5,50,14,9,1,5,4,5,7,4,4,8,5,5,2,16,1,43,2,9,3,4,7,9,1,2,1,11,,44,,1,22,9,121.5977237,25.0570122
112,2,6,21,25,2,11南港區,南港區向陽路162巷100號對面,0,0,1,1,B03,7,3,5,50,14,9,1,5,4,5,7,4,4,8,5,5,2,16,1,57,3,10,3,4,7,6,1,8,1,5,,9,,1,22,9,121.5977237,25.0570122
112,2,6,22,4,2,09北投區,北投區中央北路4段與中央北路4段540巷口,0,0,1,4,C03,8,3,5,50,4,2,1,5,4,5,7,2,1,8,3,5,2,17,1,51,3,10,3,1,7,13,1,10,1,14,,44,,1,22,9,121.4676223,25.12781779
112,2,6,22,4,2,09北投區,北投區中央北路4段與中央北路4段540巷口,0,0,1,1,C03,8,3,5,50,4,2,1,5,4,5,7,2,1,8,3,5,2,17,1,19,3,10,1,1,7,11,1,10,1,11,,10,,1,22,9,121.4676223,25.12781779
112,2,6,22,4,2,09北投區,北投區中央北路4段與中央北路4段540巷口,0,0,1,2,C03,8,3,5,50,4,2,1,5,4,5,7,2,1,8,3,5,2,17,1,19,2,1,1,1,7,9,1,10,1,11,,14,,1,22,9,121.4676223,25.12781779
112,2,6,22,4,2,09北投區,北投區中央北路4段與中央北路4段540巷口,0,0,1,3,A12,8,3,5,50,4,2,1,5,4,5,7,2,1,8,3,5,2,17,1,26,3,10,1,1,7,9,1,7,1,2,,44,,1,22,9,121.4676223,25.12781779
112,2,6,22,7,2,04大安區,大安區忠孝東路4段216巷27弄與忠孝東路4段216巷口,0,0,1,1,B03,8,3,5,30,4,1,1,5,4,5,7,4,4,9,4,5,2,15,2,32,3,10,3,4,7,9,1,8,2,5,,6,,1,22,9,121.5529367,25.0398863
112,2,6,22,7,2,04大安區,大安區忠孝東路4段216巷27弄與忠孝東路4段216巷口,0,0,1,2,C03,8,3,5,30,4,1,1,5,4,5,7,4,4,9,4,5,2,15,1,23,2,7,3,4,7,9,1,10,2,11,,23,,1,22,9,121.5529367,25.0398863
112,2,6,23,51,2,01大同區,大同區民權西路與承德路2段口,0,0,2,1,C03,8,3,5,50,14,9,1,5,4,5,7,2,1,1,4,5,2,13,2,17,2,8,1,1,7,9,2,18,1,11,,13,,1,22,9,121.5181996,25.06283884
112,2,6,23,51,2,01大同區,大同區民權西路與承德路2段口,0,0,2,3,B01,8,3,5,50,14,9,1,5,4,5,7,2,1,1,4,5,2,13,1,55,3,10,3,4,7,14,1,4,1,6,,44,,1,22,9,121.5181996,25.06283884
112,2,6,23,51,2,01大同區,大同區民權西路與承德路2段口,0,0,2,2,C03,8,3,5,50,14,9,1,5,4,5,7,2,1,1,4,5,2,13,2,21,2,8,1,1,7,8,1,10,1,15,,16,,1,22,9,121.5181996,25.06283884
112,2,7,0,51,2,06松山區,松山區敦化北路與長春路口,0,0,2,1,B03,8,3,5,50,5,1,1,5,4,5,7,2,1,1,4,4,2,17,1,22,3,10,1,1,7,5,1,8,2,2,,25,,1,22,9,121.5487411,25.0544379
112,2,7,0,51,2,06松山區,松山區敦化北路與長春路口,0,0,2,2,B01,8,3,5,50,5,1,1,5,4,5,7,2,1,1,4,4,2,17,1,60,2,9,1,1,7,9,1,4,2,1,,14,,1,22,9,121.5487411,25.0544379
112,2,7,0,51,2,06松山區,松山區敦化北路與長春路口,0,0,2,3,C03,8,3,5,50,5,1,1,5,4,5,7,2,1,1,4,4,2,17,1,40,3,10,1,1,7,14,1,10,2,12,,44,,1,22,9,121.5487411,25.0544379
112,2,7,0,51,2,06松山區,松山區敦化北路與長春路口,0,0,2,4,C03,8,3,5,50,5,1,1,5,4,5,7,2,1,1,4,4,2,17,1,27,3,10,1,1,7,14,1,10,2,12,,44,,1,22,9,121.5487411,25.0544379
112,2,7,0,51,2,06松山區,松山區敦化北路與長春路口,0,0,2,5,H02,8,3,5,50,5,1,1,5,4,5,7,2,1,1,4,4,2,17,2,24,2,2,1,1,7,20,8,20,10,16,,67,,1,22,9,121.5487411,25.0544379
112,2,7,6,10,2,06松山區,松山區撫遠街261巷12-1號,0,0,1,1,C03,6,2,5,30,14,9,1,4,4,5,7,4,4,10,5,5,2,29,2,79,2,9,1,1,7,9,1,10,1,14,,23,,1,22,9,121.5675738,25.06155495
112,2,7,6,10,2,06松山區,松山區撫遠街261巷12-1號,0,0,1,2,H03,6,2,5,30,14,9,1,4,4,5,7,4,4,10,5,5,2,29,3,79,,,,,,,,,,,,66,,1,,,121.5675738,25.06155495
112,2,7,6,15,2,02萬華區,萬華區中華路2段150巷與中華路2段口,0,0,1,2,F01,8,2,5,30,4,2,1,5,4,5,7,4,4,10,5,5,2,17,2,71,2,1,3,1,7,11,8,20,1,16,,11,,1,22,9,121.5040998,25.03039613
112,2,7,6,15,2,02萬華區,萬華區中華路2段150巷與中華路2段口,0,0,1,1,C03,8,2,5,30,4,2,1,5,4,5,7,4,4,10,5,5,2,17,1,74,3,10,1,1,7,6,1,10,1,11,,6,,1,22,9,121.5040998,25.03039613
112,2,7,7,0,2,08士林區,士林區雨聲街與至誠路1段口,0,0,1,1,B03,6,1,5,50,3,1,1,4,4,5,7,3,1,5,5,5,2,17,2,49,3,10,1,1,7,5,1,8,1,15,,6,,1,22,9,121.533636,25.1013491
112,2,7,7,0,2,08士林區,士林區雨聲街與至誠路1段口,0,0,1,2,C03,6,1,5,50,3,1,1,4,4,5,7,3,1,5,5,5,2,17,2,25,2,8,1,1,7,9,1,10,1,14,,14,,1,22,9,121.533636,25.1013491
112,2,7,7,39,1,04大安區,大安區新生南路2段與金華街口,1,0,1,1,C03,7,1,5,40,3,1,1,4,4,5,7,2,1,1,4,5,2,3,1,45,2,9,1,1,7,9,1,10,2,11,,15,,1,22,9,121.533866,25.0305859
112,2,7,7,39,1,04大安區,大安區新生南路2段與金華街口,1,0,1,2,H01,7,1,5,40,3,1,1,4,4,5,7,2,1,1,4,5,2,3,1,81,1,9,1,5,8,18,8,20,10,16,,52,,1,22,9,121.533866,25.0305859
112,2,7,7,50,2,07信義區,信義區基隆路2段131-24號,0,0,1,1,C03,7,1,5,50,14,9,1,5,4,5,7,4,4,9,4,5,2,17,1,38,2,9,1,1,7,9,1,10,1,11,,42,,1,22,9,121.5561238,25.027416
112,2,7,7,50,2,07信義區,信義區基隆路2段131-24號,0,0,1,3,,7,1,5,50,14,9,1,5,4,5,7,4,4,9,4,5,2,17,3,0,,,,,,,,,,,,67,,1,,,121.5561238,25.027416
112,2,7,7,50,2,07信義區,信義區基隆路2段131-24號,0,0,1,2,B03,7,1,5,50,14,9,1,5,4,5,7,4,4,9,4,5,2,17,2,47,3,10,1,1,7,9,1,8,1,2,,42,,1,22,9,121.5561238,25.027416
112,2,7,7,57,2,07信義區,信義區信安街67巷81號,0,0,1,1,B03,8,1,5,50,14,7,1,5,4,5,7,4,4,9,5,4,2,17,1,71,3,10,1,1,7,5,1,8,1,1,,8,,1,22,9,121.5593587,25.02595649
112,2,7,7,57,2,07信義區,信義區信安街67巷81號,0,0,1,2,C03,8,1,5,50,14,7,1,5,4,5,7,4,4,9,5,4,2,17,1,43,2,9,1,1,7,9,1,10,1,11,,13,,1,22,9,121.5593587,25.02595649
112,2,7,7,58,2,03中山區,中山區明水路325號往東未到大直橋,0,0,1,2,C03,7,1,5,50,14,9,1,4,4,5,7,4,4,1,4,5,2,16,1,41,2,9,1,1,7,9,1,10,1,15,,13,,1,22,9,121.5430569,25.0774531
112,2,7,7,58,2,03中山區,中山區明水路325號往東未到大直橋,0,0,1,1,B03,7,1,5,50,14,9,1,4,4,5,7,4,4,1,4,5,2,16,2,48,3,10,1,1,7,8,1,8,1,2,,7,,1,22,9,121.5430569,25.0774531
112,2,7,8,20,2,10文山區,文山區福興路4巷15弄18號,0,0,2,3,H02,7,1,5,30,11,9,1,4,4,5,7,4,4,10,5,5,2,10,1,5,2,9,1,5,7,20,8,20,10,16,,67,,1,22,9,121.5515239,25.00389154
112,2,7,8,20,2,10文山區,文山區福興路4巷15弄18號,0,0,2,1,C03,7,1,5,30,11,9,1,4,4,5,7,4,4,10,5,5,2,10,1,42,2,9,1,1,7,9,1,10,2,15,,5,,1,22,9,121.5515239,25.00389154
112,2,7,8,20,2,10文山區,文山區福興路4巷15弄18號,0,0,2,2,C03,7,1,5,30,11,9,1,4,4,5,7,4,4,10,5,5,2,10,1,28,3,10,1,1,7,9,1,10,2,11,,13,,1,22,9,121.5515239,25.00389154
112,2,7,8,26,2,05中正區,中正區羅斯福路1段與寧波西街口,0,0,1,1,B03,6,1,5,50,4,1,1,4,4,5,7,1,1,5,4,5,2,12,1,62,3,10,1,1,7,7,1,8,4,4,,7,,1,22,9,121.5190193,25.0315893
112,2,7,8,26,2,05中正區,中正區羅斯福路1段與寧波西街口,0,0,1,2,C03,6,1,5,50,4,1,1,4,4,5,7,1,1,5,4,5,2,12,2,34,2,9,2,1,7,9,1,10,2,12,,44,,1,22,9,121.5190193,25.0315893
112,2,7,8,40,2,12內湖區,內湖區新明路與新明路143巷口,0,0,1,3,C03,7,1,5,50,3,1,1,4,4,5,7,4,4,5,4,5,2,12,1,43,3,10,1,1,7,5,1,10,1,13,,6,,1,22,9,121.5893143,25.05935876
112,2,7,8,40,2,12內湖區,內湖區新明路與新明路143巷口,0,0,1,2,C03,7,1,5,50,3,1,1,4,4,5,7,4,4,5,4,5,2,12,1,41,2,6,1,1,7,9,4,8,1,14,,42,,1,22,9,121.5893143,25.05935876
112,2,7,8,40,2,12內湖區,內湖區新明路與新明路143巷口,0,0,1,1,C03,7,1,5,50,3,1,1,4,4,5,7,4,4,5,4,5,2,12,1,21,3,10,1,1,7,9,1,10,1,12,,23,,1,22,9,121.5893143,25.05935876
112,2,7,8,45,2,07信義區,信義區永吉路16號,0,0,1,1,B02,7,1,5,50,14,9,1,5,4,5,7,4,4,10,4,5,2,17,1,44,3,10,1,1,7,8,1,10,1,5,,7,,1,22,9,121.5681916,25.0456256
112,2,7,8,45,2,07信義區,信義區永吉路16號,0,0,1,2,C03,7,1,5,50,14,9,1,5,4,5,7,4,4,10,4,5,2,17,2,59,2,9,1,1,7,9,1,10,1,14,,44,,1,22,9,121.5681916,25.0456256
112,2,7,8,49,2,06松山區,松山區民權東路4段與光復北路口,0,0,1,1,C03,8,1,5,50,4,1,1,5,4,5,7,1,1,1,4,4,2,16,2,60,2,9,1,1,7,5,1,10,1,14,,8,,1,22,9,121.5545966,25.0618458
112,2,7,8,49,2,06松山區,松山區民權東路4段與光復北路口,0,0,1,2,B03,8,1,5,50,4,1,1,5,4,5,7,1,1,1,4,4,2,16,1,63,3,10,1,1,7,9,1,8,1,5,,44,,1,22,9,121.5545966,25.0618458
112,2,7,8,50,2,06松山區,松山區光復南路與光復南路46巷口,0,0,1,1,B03,8,1,5,30,3,1,1,5,4,5,7,4,4,10,5,5,2,16,1,58,3,10,1,1,7,6,1,8,1,15,,23,,1,22,9,121.5577076,25.04614971
112,2,7,8,50,2,06松山區,松山區光復南路與光復南路46巷口,0,0,1,2,F01,8,1,5,30,3,1,1,5,4,5,7,4,4,10,5,5,2,16,2,34,2,8,1,1,7,9,8,20,1,16,,42,,1,22,9,121.5577076,25.04614971
112,2,7,9,0,2,01大同區,大同區昌吉街18號,0,0,1,2,C03,7,1,5,50,14,9,1,5,4,5,7,4,4,8,3,5,2,12,2,66,2,9,1,1,7,9,1,10,1,14,,44,,1,22,9,121.5174641,25.06589193
112,2,7,9,0,2,01大同區,大同區昌吉街18號,0,0,1,1,B02,7,1,5,50,14,9,1,5,4,5,7,4,4,8,3,5,2,12,2,31,3,10,1,1,7,6,1,8,1,15,,9,,1,22,9,121.5174641,25.06589193
112,2,7,9,7,2,02萬華區,萬華區華江橋機車道往北市,0,0,2,1,C03,7,1,5,40,14,11,1,5,4,5,7,4,4,10,5,5,1,17,1,38,2,8,3,4,7,9,1,10,1,11,,16,,1,22,9,121.4886528,25.03544213
112,2,7,9,7,2,02萬華區,萬華區華江橋機車道往北市,0,0,2,2,C03,7,1,5,40,14,11,1,5,4,5,7,4,4,10,5,5,1,17,2,49,2,9,3,4,7,9,1,10,1,13,,44,,1,22,9,121.4886528,25.03544213
112,2,7,9,17,2,05中正區,中正區金山南路1段97號,0,0,1,1,C03,7,1,5,50,14,9,1,5,4,5,7,4,4,10,3,4,2,12,1,29,2,8,1,1,7,10,1,10,1,14,,7,,1,22,9,121.5281822,25.03760593
112,2,7,9,17,2,05中正區,中正區金山南路1段97號,0,0,1,2,B03,7,1,5,50,14,9,1,5,4,5,7,4,4,10,3,4,2,12,1,72,3,10,1,1,7,9,1,8,1,5,,44,,1,22,9,121.5281822,25.03760593
112,2,7,10,2,2,07信義區,信義區基隆路車行地下道南往北,0,0,1,3,B03,7,1,5,50,14,9,1,4,4,5,7,4,4,10,1,5,1,13,1,53,3,10,1,1,7,14,1,8,9,7,,44,,1,22,9,121.5654974,25.0428911
112,2,7,10,2,2,07信義區,信義區基隆路車行地下道南往北,0,0,1,1,B03,7,1,5,50,14,9,1,4,4,5,7,4,4,10,1,5,1,13,1,32,3,10,1,4,7,9,1,8,1,1,,23,,1,22,9,121.5654974,25.0428911
112,2,7,10,2,2,07信義區,信義區基隆路車行地下道南往北,0,0,1,2,C02,7,1,5,50,14,9,1,4,4,5,7,4,4,10,1,5,1,13,1,48,2,7,1,1,7,14,3,18,1,13,,44,,1,22,9,121.5654974,25.0428911
112,2,7,10,5,2,05中正區,中正區中山北路1段與市民大道1段口,0,0,1,1,C03,8,1,5,40,3,1,1,5,4,5,7,1,1,10,5,5,2,13,2,58,2,5,1,1,7,6,1,10,2,14,,9,,1,22,9,121.520526,25.0480062
112,2,7,10,5,2,05中正區,中正區中山北路1段與市民大道1段口,0,0,1,2,B03,8,1,5,40,3,1,1,5,4,5,7,1,1,10,5,5,2,13,2,19,3,10,1,1,7,11,1,8,2,1,,44,,2,22,9,121.520526,25.0480062
112,2,7,10,10,2,10文山區,文山區開元街與集英街口,0,0,1,1,C03,7,1,5,30,14,9,1,5,4,5,7,4,4,10,5,5,2,1,1,59,3,10,1,1,7,9,1,10,2,14,,23,,1,22,9,121.5693068,24.98892127
112,2,7,10,10,2,10文山區,文山區開元街與集英街口,0,0,1,2,H01,7,1,5,30,14,9,1,5,4,5,7,4,4,10,5,5,2,1,2,68,2,9,4,5,8,16,8,20,10,16,,67,,1,22,9,121.5693068,24.98892127
112,2,7,10,44,2,12內湖區,內湖區內湖路1段288巷與內湖路1段口,0,0,1,1,C03,7,1,5,50,3,1,1,5,4,5,7,1,1,1,4,4,2,12,2,18,3,10,1,1,7,8,1,10,1,15,,7,,1,22,9,121.5685465,25.082169
112,2,7,10,44,2,12內湖區,內湖區內湖路1段288巷與內湖路1段口,0,0,1,2,C03,7,1,5,50,3,1,1,5,4,5,7,1,1,1,4,4,2,12,1,46,2,8,1,1,7,9,1,10,1,12,,44,,1,22,9,121.5685465,25.082169
112,2,7,11,20,2,01大同區,大同區承德路3段58號,0,0,2,1,B03,8,1,5,50,14,9,1,5,4,5,7,4,4,1,4,5,2,17,1,60,3,10,3,4,7,1,1,8,1,7,,19,,1,22,9,121.5182858,25.06522151
112,2,7,11,20,2,01大同區,大同區承德路3段58號,0,0,2,2,C03,8,1,5,50,14,9,1,5,4,5,7,4,4,1,4,5,2,17,2,51,2,8,1,4,7,7,1,10,1,13,,44,,1,22,9,121.5182858,25.06522151
112,2,7,11,20,2,01大同區,大同區承德路3段58號,0,0,2,3,C03,8,1,5,50,14,9,1,5,4,5,7,4,4,1,4,5,2,17,2,53,2,8,1,4,7,9,1,10,1,11,,44,,1,22,9,121.5182858,25.06522151
112,2,7,11,39,2,09北投區,北投區石牌路2段與石牌路2段87巷口,0,0,1,1,A02,8,1,5,50,3,2,1,5,4,5,7,4,4,5,4,5,1,9,1,46,3,10,1,1,7,1,1,2,1,2,,36,,1,22,9,121.5162422,25.1171083
112,2,7,11,39,2,09北投區,北投區石牌路2段與石牌路2段87巷口,0,0,1,2,H02,8,1,5,50,3,2,1,5,4,5,7,4,4,5,4,5,1,9,1,96,2,9,4,5,7,19,8,20,1,16,,67,,1,22,9,121.5162422,25.1171083
112,2,7,11,46,2,07信義區,信義區崇德街與信安街口,0,0,2,1,C03,7,1,5,50,4,1,1,5,4,5,7,1,1,9,4,5,2,17,2,72,2,7,1,1,7,5,1,10,2,11,,6,,1,22,9,121.5558274,25.0240307
112,2,7,11,46,2,07信義區,信義區崇德街與信安街口,0,0,2,2,F01,7,1,5,50,4,1,1,5,4,5,7,1,1,9,4,5,2,17,2,65,2,5,3,1,7,9,8,20,2,16,,44,,1,22,9,121.5558274,25.0240307
112,2,7,12,3,2,01大同區,大同區鄭州路與環河北路1段口,0,0,1,2,B11,8,1,5,40,4,1,1,5,4,5,7,2,1,1,4,5,2,16,1,48,3,10,1,1,7,5,1,8,1,5,,44,,1,22,9,121.506975,25.05081722
112,2,7,12,3,2,01大同區,大同區鄭州路與環河北路1段口,0,0,1,1,C03,8,1,5,40,4,1,1,5,4,5,7,2,1,1,4,5,2,16,2,34,2,8,1,1,7,5,1,10,1,14,,8,,1,22,9,121.506975,25.05081722
112,2,7,12,17,2,08士林區,士林區中正路與福港街口,0,0,1,1,G06,8,1,5,50,3,1,1,5,4,5,7,2,1,1,4,4,1,16,1,73,2,9,1,1,7,5,7,19,1,15,,8,,1,22,9,121.5176972,25.09187966
112,2,7,12,17,2,08士林區,士林區中正路與福港街口,0,0,1,2,B03,8,1,5,50,3,1,1,5,4,5,7,2,1,1,4,4,1,16,2,56,3,10,1,1,7,9,1,8,1,5,,23,,1,22,9,121.5176972,25.09187966
112,2,7,12,26,2,07信義區,信義區基隆路2段與嘉興街216巷口口,0,0,1,2,C03,8,1,5,50,4,1,1,5,4,5,7,2,1,1,4,5,2,12,2,59,2,8,1,1,7,1,1,10,1,14,,19,,1,21,8,121.5559335,25.0272538
112,2,7,12,26,2,07信義區,信義區基隆路2段與嘉興街216巷口口,0,0,1,1,B01,8,1,5,50,4,1,1,5,4,5,7,2,1,1,4,5,2,12,1,56,3,10,1,1,7,1,1,4,1,5,,19,,1,21,8,121.5559335,25.0272538
112,2,7,12,42,2,01大同區,大同區重慶北路3段與民族西路口,0,0,1,2,H01,8,1,5,50,4,2,1,5,4,5,7,2,1,1,4,5,2,3,2,94,2,9,4,5,8,20,8,20,10,16,,52,,1,22,9,121.5135925,25.06869494
112,2,7,12,42,2,01大同區,大同區重慶北路3段與民族西路口,0,0,1,1,B01,8,1,5,50,4,2,1,5,4,5,7,2,1,1,4,5,2,3,1,49,3,10,3,4,7,6,1,4,2,8,,15,,1,22,9,121.5135925,25.06869494
112,2,7,13,0,2,08士林區,士林區格致路與愛富三街口,0,0,1,1,B03,7,1,5,40,3,2,1,5,4,5,1,4,4,3,5,5,2,17,1,56,4,11,3,4,7,6,7,19,11,15,,9,,2,22,9,121.5463028,25.13964979
112,2,7,13,0,2,08士林區,士林區格致路與愛富三街口,0,0,1,2,C03,7,1,5,40,3,2,1,5,4,5,1,4,4,3,5,5,2,17,1,50,2,9,1,4,7,9,1,10,9,14,,13,,1,22,9,121.5463028,25.13964979
112,2,7,13,28,2,02萬華區,萬華區萬大路與長泰街口,0,0,1,1,C03,8,1,5,50,4,1,1,5,4,5,7,2,1,1,4,5,2,17,1,82,3,10,1,1,7,5,1,10,1,14,,8,,1,22,9,121.4992928,25.0226266
112,2,7,13,28,2,02萬華區,萬華區萬大路與長泰街口,0,0,1,2,C03,8,1,5,50,4,1,1,5,4,5,7,2,1,1,4,5,2,17,1,30,2,9,1,1,7,9,1,10,1,11,,13,,1,22,9,121.4992928,25.0226266