發生年度,發生月,發生日,發生時-Hours,發生分,處理別-編號,區序,肇事地點,死亡人數,2-30日死亡人數,受傷人數,當事人序號,車種,天候,光線,道路類別,速限-速度限制,道路型態,事故位置,路面狀況1,路面狀況2,路面狀況3,道路障礙1,道路障礙2,號誌1,號誌2,車道劃分-分向,車道劃分-分道1,車道劃分-分道2,車道劃分-分道3,事故類型及型態,性別,年齡,受傷程度,主要傷處,保護裝置,行動電話,車輛用途,當事者行動狀態,駕駛資格情形,駕駛執照種類,飲酒情形,車輛撞擊部位1,車輛撞擊部位2,肇因碼-個別,肇因碼-主要,個人肇逃否,職業,旅次目的,座標-X,座標-Y
112,2,8,18,38,2,11南港區,南港區市民大道8段與興中路口口,0,0,1,2,C03,6,3,5,50,4,1,1,4,4,5,7,2,1,1,5,5,2,17,1,43,3,10,1,1,7,9,1,10,1,15,,44,,1,22,9,121.6077191,25.0534209
112,2,8,18,46,2,04大安區,大安區基隆路3段與長興街口,0,0,1,1,B03,8,1,5,50,4,1,1,5,4,5,7,1,1,9,4,5,1,16,2,34,3,10,1,1,7,6,1,8,1,5,,9,,1,22,9,121.5443463,25.0171286
112,2,8,18,46,2,04大安區,大安區基隆路3段與長興街口,0,0,1,2,C03,8,1,5,50,4,1,1,5,4,5,7,1,1,9,4,5,1,16,2,26,2,8,1,1,7,9,1,10,1,11,,44,,1,22,9,121.5443463,25.0171286
112,2,8,18,50,2,07信義區,信義區忠孝東路4段565號,0,0,1,1,C05,7,3,5,50,14,9,1,5,4,5,7,4,4,10,4,5,1,17,2,21,2,9,1,1,7,7,1,8,2,13,,7,,1,22,9,121.5646056,25.041657
112,2,8,18,50,2,07信義區,信義區忠孝東路4段565號,0,0,1,2,B03,7,3,5,50,14,9,1,5,4,5,7,4,4,10,4,5,1,17,1,66,3,10,1,1,7,9,1,8,2,5,,44,,1,22,9,121.5646056,25.041657
112,2,8,19,3,2,09北投區,北投區中和街308號,0,0,1,1,B01,8,1,5,50,14,9,1,5,4,5,7,4,4,7,4,5,1,12,1,36,3,10,1,1,7,8,1,8,2,2,,7,,1,22,9,121.4999617,25.14084013
112,2,8,19,3,2,09北投區,北投區中和街308號,0,0,1,2,C03,8,1,5,50,14,9,1,5,4,5,7,4,4,7,4,5,1,12,1,32,2,8,1,1,7,9,1,10,2,14,,44,,1,22,9,121.4999617,25.14084013
112,2,8,19,20,2,12內湖區,內湖區港墘路125號,0,0,1,2,C03,7,3,5,50,4,1,1,5,4,5,7,2,1,1,4,5,2,12,1,36,2,8,1,1,7,9,1,10,1,15,,17,,1,22,9,121.576085,25.07805378
112,2,8,19,20,2,12內湖區,內湖區港墘路125號,0,0,1,1,B03,7,3,5,50,4,1,1,5,4,5,7,2,1,1,4,5,2,12,1,50,4,11,3,4,7,15,7,19,11,15,,17,,2,22,9,121.576085,25.07805378
112,2,8,19,25,2,11南港區,南港區市民大道7段與東新街口,0,0,1,2,C03,6,3,5,50,4,1,1,4,4,5,7,1,1,1,3,5,2,12,1,39,2,8,1,4,7,9,1,10,1,14,,23,,1,22,9,121.5838709,25.0497039
112,2,8,19,25,2,11南港區,南港區市民大道7段與東新街口,0,0,1,1,B03,6,3,5,50,4,1,1,4,4,5,7,1,1,1,3,5,2,12,1,57,3,10,3,4,7,6,1,8,1,5,,5,,1,22,9,121.5838709,25.0497039
112,2,8,19,49,2,10文山區,文山區木新路3段與木新路3段278巷口,0,0,1,1,C03,8,3,5,50,3,2,1,5,4,5,7,2,1,5,4,5,2,12,1,37,3,10,3,4,7,4,3,18,3,12,,26,,1,22,9,121.5581368,24.98105054
112,2,8,19,49,2,10文山區,文山區木新路3段與木新路3段278巷口,0,0,1,2,C04,8,3,5,50,3,2,1,5,4,5,7,2,1,5,4,5,2,12,1,34,2,9,3,4,7,5,1,9,2,14,,44,,1,22,9,121.5581368,24.98105054
112,2,8,20,15,2,08士林區,士林區文林路與小北街口,0,0,2,1,B03,8,3,5,50,4,1,1,5,4,5,7,2,1,5,5,5,1,16,2,35,3,10,1,1,7,5,1,8,1,8,,8,,1,22,9,121.5269913,25.0902502
112,2,8,20,15,2,08士林區,士林區文林路與小北街口,0,0,2,2,C03,8,3,5,50,4,1,1,5,4,5,7,2,1,5,5,5,1,16,2,22,2,9,1,1,7,9,1,10,1,11,,44,,1,22,9,121.5269913,25.0902502
112,2,8,20,15,2,08士林區,士林區文林路與小北街口,0,0,2,3,H02,8,3,5,50,4,1,1,5,4,5,7,2,1,5,5,5,1,16,2,26,2,9,1,5,7,21,8,20,10,16,,67,,1,22,9,121.5269913,25.0902502
112,2,8,20,20,2,09北投區,北投區大業路與大業路280巷口,0,0,1,2,C03,8,3,5,50,3,1,1,5,4,5,7,2,1,1,4,4,2,17,2,31,2,9,1,1,7,9,1,10,1,11,,23,,1,22,9,121.4981416,25.1272163
112,2,8,20,20,2,09北投區,北投區大業路與大業路280巷口,0,0,1,1,C02,8,3,5,50,3,1,1,5,4,5,7,2,1,1,4,4,2,17,1,29,3,10,1,1,7,6,4,10,1,13,,9,,1,22,9,121.4981416,25.1272163
112,2,8,20,33,2,04大安區,大安區通化街12巷與通化街口,0,0,2,1,C03,8,3,5,50,3,2,1,5,4,5,7,4,4,9,5,5,2,17,1,38,2,9,1,1,7,4,1,9,1,11,,1,,1,22,9,121.5542802,25.0321053
112,2,8,20,33,2,04大安區,大安區通化街12巷與通化街口,0,0,2,2,C04,8,3,5,50,3,2,1,5,4,5,7,4,4,9,5,5,2,17,1,53,2,9,1,1,7,5,1,10,1,14,,44,,1,22,9,121.5542802,25.0321053
112,2,8,20,44,2,12內湖區,內湖區潭美街531號,0,0,1,1,C03,6,3,5,40,14,9,1,4,4,5,7,4,4,9,4,5,2,29,1,20,2,7,1,1,7,9,1,10,2,11,,23,,1,22,9,121.5975677,25.06046949
112,2,8,20,44,2,12內湖區,內湖區潭美街531號,0,0,1,2,B03,6,3,5,40,14,9,1,4,4,5,7,4,4,9,4,5,2,29,3,0,,,,,,,,,11,,,67,,1,,,121.5975677,25.06046949
112,2,8,20,54,2,05中正區,中正區林森南路與徐州路口,0,0,3,4,C03,8,3,5,50,4,2,1,5,4,5,7,1,1,4,4,5,2,13,1,23,2,8,1,1,7,12,1,10,2,13,,44,,1,22,9,121.5222375,25.0410038
112,2,8,20,54,2,05中正區,中正區林森南路與徐州路口,0,0,3,3,C03,8,3,5,50,4,2,1,5,4,5,7,1,1,4,4,5,2,13,1,22,2,9,1,1,7,12,1,10,2,14,,23,,1,22,9,121.5222375,25.0410038
112,2,8,20,54,2,05中正區,中正區林森南路與徐州路口,0,0,3,2,C03,8,3,5,50,4,2,1,5,4,5,7,1,1,4,4,5,2,13,2,32,3,10,1,1,7,12,1,10,2,13,,44,,1,22,9,121.5222375,25.0410038
112,2,8,20,54,2,05中正區,中正區林森南路與徐州路口,0,0,3,1,C03,8,3,5,50,4,2,1,5,4,5,7,1,1,4,4,5,2,13,1,57,2,9,1,1,7,9,1,10,2,11,,16,,1,22,9,121.5222375,25.0410038
112,2,8,20,54,2,05中正區,中正區林森南路與徐州路口,0,0,3,5,C03,8,3,5,50,4,2,1,5,4,5,7,1,1,4,4,5,2,13,2,29,3,10,1,1,7,12,1,10,2,13,,44,,1,22,9,121.5222375,25.0410038
112,2,8,21,10,2,04大安區,大安區忠孝東路4段17巷與復興南路1段135巷口,0,0,2,1,C02,8,3,5,30,5,2,1,5,4,5,7,4,4,8,3,5,1,16,1,41,2,9,1,1,7,9,1,9,1,12,,6,,1,22,9,121.5444758,25.0426784
112,2,8,21,10,2,04大安區,大安區忠孝東路4段17巷與復興南路1段135巷口,0,0,2,2,C03,8,3,5,30,5,2,1,5,4,5,7,4,4,8,3,5,1,16,1,35,2,9,1,1,7,9,1,10,1,14,,44,,1,22,9,121.5444758,25.0426784
112,2,8,21,20,2,02萬華區,萬華區中興橋機車道(往新北),0,0,1,1,C03,8,3,7,30,14,11,1,5,4,5,7,4,4,10,5,5,2,12,2,25,3,10,1,1,7,9,1,10,1,12,,44,,1,22,9,121.502142,25.04549915
112,2,8,21,20,2,02萬華區,萬華區中興橋機車道(往新北),0,0,1,2,C03,8,3,7,30,14,11,1,5,4,5,7,4,4,10,5,5,2,12,2,53,2,9,1,1,7,9,1,10,1,14,,23,,1,22,9,121.502142,25.04549915
112,2,8,21,23,2,04大安區,大安區信義路4段與信義路4段294巷口,0,0,1,1,B03,8,3,5,50,4,2,1,5,4,5,7,2,1,4,4,5,2,17,1,29,3,10,3,4,7,6,1,8,1,1,,9,,1,22,9,121.5544223,25.0330712
112,2,8,21,23,2,04大安區,大安區信義路4段與信義路4段294巷口,0,0,1,2,F01,8,3,5,50,4,2,1,5,4,5,7,2,1,4,4,5,2,17,2,24,2,9,2,1,7,11,8,20,1,16,,11,,1,22,9,121.5544223,25.0330712
112,2,8,21,38,2,05中正區,中正區仁愛路2段與金山南路1段口,0,0,2,1,C03,8,3,5,50,4,1,1,5,4,5,7,2,1,5,4,5,2,13,1,22,2,9,1,1,7,9,1,10,2,12,,23,,1,22,9,121.5284289,25.0383492
112,2,8,21,38,2,05中正區,中正區仁愛路2段與金山南路1段口,0,0,2,2,C03,8,3,5,50,4,1,1,5,4,5,7,2,1,5,4,5,2,13,1,28,2,7,1,1,7,14,1,10,2,14,,44,,1,22,9,121.5284289,25.0383492
112,2,8,21,42,2,05中正區,中正區羅斯福路4段與基隆路4段口口,0,0,1,2,B03,8,3,5,50,16,7,1,5,4,5,7,1,1,1,4,5,2,12,1,42,3,10,1,1,7,5,1,8,1,7,,42,,1,22,9,121.536938,25.01132182
112,2,8,21,42,2,05中正區,中正區羅斯福路4段與基隆路4段口口,0,0,1,1,C03,8,3,5,50,16,7,1,5,4,5,7,1,1,1,4,5,2,12,2,28,2,7,1,1,7,9,1,10,1,11,,23,,1,22,9,121.536938,25.01132182
112,2,8,21,46,2,07信義區,信義區基隆路車行地下道往南,0,0,1,1,C02,7,3,5,50,7,9,1,5,4,5,7,4,4,10,2,5,1,18,1,26,2,9,1,1,7,9,1,9,1,14,,43,,1,22,9,121.565471,25.0429212
112,2,8,21,46,2,07信義區,信義區基隆路車行地下道往南,0,0,1,2,,7,3,5,50,7,9,1,5,4,5,7,4,4,10,2,5,1,18,3,0,,,,,,,,,10,,,44,,,,,121.565471,25.0429212
112,2,8,21,49,2,05中正區,中正區忠孝東路1段與林森南路口,0,0,1,1,B01,8,3,5,50,4,1,1,5,4,5,7,1,1,1,4,5,1,15,1,63,3,10,1,1,7,9,1,4,2,1,,25,,1,22,9,121.5234001,25.0447616
112,2,8,21,49,2,05中正區,中正區忠孝東路1段與林森南路口,0,0,1,2,C03,8,3,5,50,4,1,1,5,4,5,7,1,1,1,4,5,1,15,1,49,2,9,1,1,7,9,1,10,2,14,,44,,1,22,9,121.5234001,25.0447616
112,2,8,21,54,2,07信義區,信義區永吉路180巷66弄與永吉路120巷口,0,0,1,1,B12,7,3,5,30,4,1,1,5,4,5,7,1,1,5,4,5,2,1,2,36,3,10,1,1,7,5,1,8,2,1,,15,,1,22,9,121.5702537,25.0434578
112,2,8,21,54,2,07信義區,信義區永吉路180巷66弄與永吉路120巷口,0,0,1,2,H01,7,3,5,30,4,1,1,5,4,5,7,1,1,5,4,5,2,1,2,76,2,9,4,5,8,16,8,20,10,16,,67,,1,22,9,121.5702537,25.0434578
112,2,8,22,0,2,03中山區,中山區八德路2段300巷與市民大道3段口,0,0,1,1,B03,8,3,5,40,3,2,1,5,4,5,7,4,4,1,4,5,2,17,2,32,3,10,1,1,7,6,1,8,9,15,,9,,1,22,9,121.542846,25.0449295
112,2,8,22,0,2,03中山區,中山區八德路2段300巷與市民大道3段口,0,0,1,2,C03,8,3,5,40,3,2,1,5,4,5,7,4,4,1,4,5,2,17,1,32,2,8,1,1,7,9,1,10,9,14,,14,,1,22,9,121.542846,25.0449295
112,2,8,22,5,2,02萬華區,萬華區華中橋往台北市下橋,0,0,2,3,,7,3,7,50,14,11,1,5,4,5,7,4,4,1,4,1,2,13,3,0,,,,,,,,,,,,67,,1,,,121.4968326,25.01841275
112,2,8,22,5,2,02萬華區,萬華區華中橋往台北市下橋,0,0,2,2,C03,7,3,7,50,14,11,1,5,4,5,7,4,4,1,4,1,2,13,2,43,2,9,1,1,7,14,1,10,2,13,,44,,1,22,9,121.4968326,25.01841275
112,2,8,22,5,2,02萬華區,萬華區華中橋往台北市下橋,0,0,2,1,C03,7,3,7,50,14,11,1,5,4,5,7,4,4,1,4,1,2,13,1,43,2,6,1,1,7,9,1,10,8,11,,21,,1,22,9,121.4968326,25.01841275
112,2,8,22,18,2,08士林區,士林區文林路594巷與士林橋口,0,0,1,2,C03,8,3,5,50,4,1,1,5,4,5,7,4,4,5,5,4,1,12,1,15,2,9,1,1,7,9,2,18,1,11,,23,,1,22,9,121.5237331,25.09846915
112,2,8,22,18,2,08士林區,士林區文林路594巷與士林橋口,0,0,1,1,B03,8,3,5,50,4,1,1,5,4,5,7,4,4,5,5,4,1,12,1,50,3,10,1,1,7,6,1,8,1,6,,9,,1,22,9,121.5237331,25.09846915
112,2,8,23,10,2,12內湖區,內湖區新明路460巷14號,0,0,1,1,C03,6,3,5,30,14,9,1,4,4,1,7,4,4,10,5,5,2,28,1,53,2,9,1,1,7,9,1,10,1,11,,23,,1,22,9,121.57853,25.053997
112,2,8,23,10,2,12內湖區,內湖區新明路460巷14號,0,0,1,2,,6,3,5,30,14,9,1,4,4,1,7,4,4,10,5,5,2,28,3,31,,,,,,,,,,,,61,,1,,,121.57853,25.053997
112,2,8,23,24,2,11南港區,南港區同德路87號,0,0,1,2,C03,6,3,5,50,14,9,1,4,4,5,7,4,4,5,4,5,2,16,1,26,2,8,1,1,7,9,1,10,2,11,,44,,1,21,8,121.5866929,25.04627133
112,2,8,23,24,2,11南港區,南港區同德路87號,0,0,1,1,B12,6,3,5,50,14,9,1,4,4,5,7,4,4,5,4,5,2,16,1,56,3,10,1,1,7,11,1,8,2,7,,10,,1,21,8,121.5866929,25.04627133
112,2,9,1,50,2,02萬華區,萬華區萬大路與萬大路423巷口,0,0,1,1,A12,6,3,5,30,4,1,1,4,4,5,7,2,1,1,5,5,2,16,1,46,3,10,1,1,7,11,6,4,1,4,,10,,1,22,9,121.4986726,25.02149554
112,2,9,1,50,2,02萬華區,萬華區萬大路與萬大路423巷口,0,0,1,2,C03,6,3,5,30,4,1,1,4,4,5,7,2,1,1,5,5,2,16,1,31,2,9,1,1,7,9,6,10,1,11,,13,,1,22,9,121.4986726,25.02149554
112,2,9,2,10,2,05中正區,中正區南昌路1段1號,0,0,2,1,C03,8,3,5,30,14,9,1,5,4,1,6,4,4,1,4,5,2,16,2,63,2,9,3,4,7,1,1,10,1,14,,19,,1,22,9,121.5161605,25.03273314
112,2,9,2,10,2,05中正區,中正區南昌路1段1號,0,0,2,2,C03,8,3,5,30,14,9,1,5,4,1,6,4,4,1,4,5,2,16,1,38,2,9,3,4,7,9,1,10,1,11,,13,,1,22,9,121.5161605,25.03273314
112,2,9,4,0,2,12內湖區,內湖區南京東路6段與行善路59巷口,0,0,1,2,C03,6,3,5,50,3,1,1,4,4,5,7,1,1,1,4,5,2,16,1,38,2,9,1,1,7,9,1,10,2,12,,44,,1,22,9,121.5789202,25.0559942
112,2,9,4,0,2,12內湖區,內湖區南京東路6段與行善路59巷口,0,0,1,1,B01,6,3,5,50,3,1,1,4,4,5,7,1,1,1,4,5,2,16,1,67,3,10,1,1,7,9,1,4,2,1,,25,,1,22,9,121.5789202,25.0559942
112,2,9,6,30,2,01大同區,大同區延平北路4段與酒泉街口,0,0,1,2,C03,8,1,5,50,14,9,1,5,4,5,7,1,1,9,4,5,2,12,1,41,2,9,1,4,7,9,1,10,1,12,,17,,1,22,9,121.5109159,25.0721073
112,2,9,6,30,2,01大同區,大同區延平北路4段與酒泉街口,0,0,1,1,B03,8,1,5,50,14,9,1,5,4,5,7,1,1,9,4,5,2,12,1,51,3,10,3,4,7,9,1,8,1,4,,23,,1,22,9,121.5109159,25.0721073
112,2,9,7,27,2,10文山區,文山區木柵路4段與木柵路4段9巷口,0,0,1,2,B03,7,1,5,50,3,2,1,4,4,5,7,2,1,5,3,5,2,13,1,44,3,10,1,1,7,14,1,8,1,6,,42,,1,22,1,121.5712726,24.9923774
112,2,9,7,27,2,10文山區,文山區木柵路4段與木柵路4段9巷口,0,0,1,1,C03,7,1,5,50,3,2,1,4,4,5,7,2,1,5,3,5,2,13,2,57,2,8,1,1,7,9,1,10,9,11,,23,,2,22,9,121.5712726,24.9923774
112,2,9,7,30,2,05中正區,中正區羅斯福路1段43號,0,0,1,1,A02,6,1,5,50,14,7,1,4,4,5,7,4,4,2,4,4,1,17,1,53,3,10,1,1,7,15,1,2,9,15,,44,,1,22,9,121.5188316,25.03216886
112,2,9,7,30,2,05中正區,中正區羅斯福路1段43號,0,0,1,2,C03,6,1,5,50,14,7,1,4,4,5,7,4,4,2,4,4,1,17,1,37,2,9,1,1,7,12,1,9,1,12,,42,,1,22,9,121.5188316,25.03216886
112,2,9,7,55,2,12內湖區,內湖區潭美街東向西084燈桿,0,0,2,2,H03,6,1,5,40,14,9,1,4,4,5,7,4,4,5,5,5,2,5,2,43,2,9,1,5,8,16,8,20,1,16,,67,,1,22,9,121.6050512,25.06153498
112,2,9,7,55,2,12內湖區,內湖區潭美街東向西084燈桿,0,0,2,1,C03,6,1,5,40,14,9,1,4,4,5,7,4,4,5,5,5,2,5,1,34,2,9,1,1,7,4,1,10,1,11,,23,,1,22,9,121.6050512,25.06153498
112,2,9,8,5,2,07信義區,信義區基隆路車行地下道往南,0,0,1,2,B03,8,1,5,50,14,9,1,5,4,5,7,4,4,8,3,5,2,13,2,40,3,10,1,1,7,9,1,8,1,3,,44,,1,22,9,121.5604475,25.0345901
112,2,9,8,5,2,07信義區,信義區基隆路車行地下道往南,0,0,1,1,C02,8,1,5,50,14,9,1,5,4,5,7,4,4,8,3,5,2,13,1,47,2,8,1,1,7,9,1,9,1,11,,23,,1,22,9,121.5604475,25.0345901
112,2,9,8,15,2,11南港區,南港區市民大道8段與研究院路1段口,0,0,1,1,C03,7,1,5,50,5,1,1,4,4,5,7,1,1,10,5,5,2,17,1,26,2,9,3,4,7,9,1,10,1,14,,42,,1,22,9,121.6164555,25.0544727
112,2,9,8,15,2,11南港區,南港區市民大道8段與研究院路1段口,0,0,1,2,C03,7,1,5,50,5,1,1,4,4,5,7,1,1,10,5,5,2,17,1,45,3,10,3,4,7,9,1,10,1,11,,44,,1,22,9,121.6164555,25.0544727
112,2,9,8,15,2,11南港區,南港區市民大道8段與研究院路1段口,0,0,1,3,H02,7,1,5,50,5,1,1,4,4,5,7,1,1,10,5,5,2,17,2,66,3,10,3,5,7,21,8,20,10,16,,67,,1,22,9,121.6164555,25.0544727
112,2,9,8,25,2,11南港區,南港區南港路1段2巷71燈桿,0,0,1,1,C03,8,1,5,30,14,9,1,5,4,5,6,4,4,5,4,5,2,17,2,43,2,9,1,4,7,9,1,10,1,12,,4,,1,22,9,121.614471,25.0554995
112,2,9,8,25,2,11南港區,南港區南港路1段2巷71燈桿,0,0,1,2,B03,8,1,5,30,14,9,1,5,4,5,6,4,4,5,4,5,2,17,1,31,3,10,1,4,7,5,1,8,1,4,,8,,1,22,9,121.614471,25.0554995
112,2,9,8,25,2,11南港區,南港區南港路1段2巷71燈桿,0,0,1,3,B11,8,1,5,30,14,9,1,5,4,5,6,4,4,5,4,5,2,17,1,34,3,10,1,4,7,13,1,8,1,7,,38,,1,22,9,121.614471,25.0554995
112,2,9,8,47,2,02萬華區,萬華區環河南路1段與成都路口,0,0,1,2,B03,7,1,5,30,3,2,1,5,4,5,7,4,4,10,5,5,1,13,2,32,3,10,1,4,7,14,1,8,1,7,,44,,1,22,9,121.5011797,25.04454415
112,2,9,8,47,2,02萬華區,萬華區環河南路1段與成都路口,0,0,1,1,C03,7,1,5,30,3,2,1,5,4,5,7,4,4,10,5,5,1,13,2,31,2,7,1,4,7,9,1,10,1,11,,23,,1,22,9,121.5011797,25.04454415
112,2,9,8,54,2,04大安區,大安區杭州南路2段(南往北方向，未過愛國東路),0,0,1,2,C03,8,1,5,50,14,9,1,5,4,5,7,4,4,9,3,5,2,16,1,30,2,8,1,1,7,9,1,10,2,11,,44,,1,22,9,121.5224602,25.0318036
112,2,9,8,54,2,04大安區,大安區杭州南路2段(南往北方向，未過愛國東路),0,0,1,1,C03,8,1,5,50,14,9,1,5,4,5,7,4,4,9,3,5,2,16,1,39,4,11,3,4,7,7,7,19,11,15,,7,,2,22,9,121.5224602,25.0318036
112,2,9,9,0,2,12內湖區,內湖區成美橋與新明路口口,0,0,1,1,F02,8,1,5,50,4,2,1,5,4,5,7,2,1,5,4,5,2,13,2,48,2,4,1,1,7,9,8,20,1,16,,16,,1,22,9,121.5823015,25.05548235
112,2,9,9,0,2,12內湖區,內湖區成美橋與新明路口口,0,0,1,2,B03,8,1,5,50,4,2,1,5,4,5,7,2,1,5,4,5,2,13,1,39,3,10,1,1,7,12,1,8,1,3,,44,,1,22,9,121.5823015,25.05548235
112,2,9,9,11,2,12內湖區,內湖區瑞光路392號,0,0,1,1,C03,8,1,5,50,14,9,1,5,4,5,7,4,4,5,4,5,2,17,2,44,3,10,1,1,7,8,1,10,2,13,,7,,1,22,9,121.5710807,25.07810176
112,2,9,9,11,2,12內湖區,內湖區瑞光路392號,0,0,1,2,C03,8,1,5,50,14,9,1,5,4,5,7,4,4,5,4,5,2,17,2,25,2,9,1,1,7,9,1,10,2,11,,44,,1,22,9,121.5710807,25.07810176
112,2,9,9,25,2,03中山區,中山區松江路與德惠街口,0,0,1,1,C03,8,1,5,50,4,2,1,5,4,5,7,2,1,1,4,5,2,12,2,18,2,9,1,4,7,1,1,10,1,14,,19,,1,22,9,121.5333975,25.0668545
112,2,9,9,25,2,03中山區,中山區松江路與德惠街口,0,0,1,2,A02,8,1,5,50,4,2,1,5,4,5,7,2,1,1,4,5,2,12,1,39,3,10,3,4,7,9,1,2,1,5,,44,,1,22,9,121.5333975,25.0668545
112,2,9,9,28,2,03中山區,中山區敬業二路199號,0,0,1,1,B01,7,1,5,50,14,9,1,5,4,5,7,4,4,8,3,5,1,16,1,59,3,10,1,1,7,11,1,4,2,1,,10,,1,22,9,121.5543851,25.08438382
112,2,9,9,28,2,03中山區,中山區敬業二路199號,0,0,1,2,C03,7,1,5,50,14,9,1,5,4,5,7,4,4,8,3,5,1,16,1,20,2,9,1,1,7,9,1,10,2,14,,44,,1,22,9,121.5543851,25.08438382
112,2,9,9,28,2,08士林區,士林區文林路與文昌路口,0,0,1,1,B03,8,1,5,0,5,1,1,5,4,5,7,1,1,5,4,5,2,12,1,60,3,10,1,1,7,6,1,8,2,6,,9,,1,22,9,121.5214607,25.10150312
112,2,9,9,28,2,08士林區,士林區文林路與文昌路口,0,0,1,2,C03,8,1,5,0,5,1,1,5,4,5,7,1,1,5,4,5,2,12,2,34,2,8,1,1,7,9,1,10,2,14,,44,,1,22,9,121.5214607,25.10150312
112,2,9,9,40,2,09北投區,北投區承德路7段與立賢路口,0,0,2,1,C03,8,1,5,60,4,2,1,5,4,5,7,2,1,1,4,4,2,13,2,29,2,9,1,1,7,9,1,10,1,11,,43,,1,22,9,121.5048111,25.11630056
112,2,9,9,40,2,09北投區,北投區承德路7段與立賢路口,0,0,2,2,C03,8,1,5,60,4,2,1,5,4,5,7,2,1,1,4,4,2,13,1,24,2,9,1,1,7,9,1,10,1,13,,43,,1,22,9,121.5048111,25.11630056
112,2,9,9,58,2,06松山區,松山區塔悠路99號後方堤旁便道,0,0,1,1,B03,8,1,5,30,14,9,1,5,4,5,7,4,4,10,4,5,2,13,1,30,4,11,3,4,7,15,7,19,11,15,,23,,2,22,9,121.5703788,25.0536156
112,2,9,9,58,2,06松山區,松山區塔悠路99號後方堤旁便道,0,0,1,2,F01,8,1,5,30,14,9,1,5,4,5,7,4,4,10,4,5,2,13,1,26,2,9,1,1,7,9,8,20,1,16,,43,,1,22,9,121.5703788,25.0536156
112,2,9,10,0,2,12內湖區,內湖區潭美街與新明路498巷口,0,0,3,2,C03,8,1,5,40,14,9,1,5,4,2,7,4,4,10,5,5,2,13,1,66,2,9,1,1,7,9,1,10,1,13,,44,,1,22,9,121.5776691,25.05315331
112,2,9,10,0,2,12內湖區,內湖區潭美街與新明路498巷口,0,0,3,4,H02,8,1,5,40,14,9,1,5,4,2,7,4,4,10,5,5,2,13,2,61,2,9,1,5,7,21,8,20,1,16,,67,,1,22,9,121.5776691,25.05315331
112,2,9,10,0,2,12內湖區,內湖區潭美街與新明路498巷口,0,0,3,3,H03,8,1,5,40,14,9,1,5,4,2,7,4,4,10,5,5,2,13,1,66,3,10,4,5,8,21,8,20,1,16,,60,,1,22,9,121.5776691,25.05315331
112,2,9,10,0,2,12內湖區,內湖區潭美街與新明路498巷口,0,0,3,1,C03,8,1,5,40,14,9,1,5,4,2,7,4,4,10,5,5,2,13,1,29,2,9,1,1,7,9,1,10,1,11,,16,,1,22,9,121.5776691,25.05315331
112,2,9,10,13,2,10文山區,文山區景興路85巷與景興路53巷4弄口,0,0,2,1,B01,8,1,5,30,3,1,1,5,4,5,7,4,4,10,5,5,2,16,1,52,3,10,1,1,7,11,1,4,1,8,,10,,1,22,9,121.5453377,24.9960278
112,2,9,10,13,2,10文山區,文山區景興路85巷與景興路53巷4弄口,0,0,2,2,C03,8,1,5,30,3,1,1,5,4,5,7,4,4,10,5,5,2,16,1,42,2,9,1,1,7,9,1,10,1,12,,44,,1,22,9,121.5453377,24.9960278
112,2,9,10,13,2,10文山區,文山區景興路85巷與景興路53巷4弄口,0,0,2,3,H02,8,1,5,30,3,1,1,5,4,5,7,4,4,10,5,5,2,16,2,43,2,8,1,5,7,21,8,20,10,16,,67,,1,22,9,121.5453377,24.9960278
112,2,9,10,20,2,02萬華區,萬華區中華路1段與貴陽街1段口,0,0,1,1,B03,8,1,5,50,4,2,1,5,4,5,7,2,1,5,4,5,2,2,1,51,3,10,1,1,7,5,1,8,1,8,,15,,1,22,9,121.5072167,25.03914398
112,2,9,10,20,2,02萬華區,萬華區中華路1段與貴陽街1段口,0,0,1,2,H01,8,1,5,50,4,2,1,5,4,5,7,2,1,5,4,5,2,2,2,41,2,6,4,5,8,16,8,20,10,16,,67,,1,22,9,121.5072167,25.03914398
112,2,9,10,25,2,10文山區,文山區木新路3段42號,0,0,1,1,B03,8,1,5,50,14,9,1,5,4,5,7,4,4,5,1,5,2,16,1,72,3,10,1,1,7,14,1,8,1,4,,40,,1,22,9,121.5644624,24.9826128
112,2,9,10,25,2,10文山區,文山區木新路3段42號,0,0,1,2,C03,8,1,5,50,14,9,1,5,4,5,7,4,4,5,1,5,2,16,1,23,2,9,1,1,7,9,1,10,1,12,,44,,1,22,9,121.5644624,24.9826128
112,2,9,10,47,2,08士林區,士林區延平北路6段與社中街口,0,0,2,1,F01,8,1,5,50,14,9,1,5,4,5,7,4,4,4,3,5,1,12,4,0,4,11,3,4,7,15,7,19,11,15,,43,,2,22,9,121.5016715,25.0902971
112,2,9,10,47,2,08士林區,士林區延平北路6段與社中街口,0,0,2,2,C03,8,1,5,50,14,9,1,5,4,5,7,4,4,4,3,5,1,12,1,70,2,7,1,1,7,9,1,10,1,12,,43,,1,22,9,121.5016715,25.0902971
112,2,9,10,47,2,08士林區,士林區延平北路6段與社中街口,0,0,2,3,H02,8,1,5,50,14,9,1,5,4,5,7,4,4,4,3,5,1,12,2,65,2,7,1,5,7,17,8,20,10,16,,67,,1,22,9,121.5016715,25.0902971
112,2,9,10,50,2,11南港區,南港區市民大道7段與忠孝東路6段269巷口,0,0,2,1,C03,8,1,5,50,14,9,1,5,4,5,7,1,1,10,5,5,2,13,1,30,2,9,3,4,7,9,1,10,1,11,,16,,1,22,9,121.5895957,25.05060239
112,2,9,10,50,2,11南港區,南港區市民大道7段與忠孝東路6段269巷口,0,0,2,2,C02,8,1,5,50,14,9,1,5,4,5,7,1,1,10,5,5,2,13,1,41,2,9,3,4,7,14,1,9,1,13,,44,,1,22,9,121.5895957,25.05060239