發生年度,發生月,發生日,發生時-Hours,發生分,處理別-編號,區序,肇事地點,死亡人數,2-30日死亡人數,受傷人數,當事人序號,車種,天候,光線,道路類別,速限-速度限制,道路型態,事故位置,路面狀況1,路面狀況2,路面狀況3,道路障礙1,道路障礙2,號誌1,號誌2,車道劃分-分向,車道劃分-分道1,車道劃分-分道2,車道劃分-分道3,事故類型及型態,性別,年齡,受傷程度,主要傷處,保護裝置,行動電話,車輛用途,當事者行動狀態,駕駛資格情形,駕駛執照種類,飲酒情形,車輛撞擊部位1,車輛撞擊部位2,肇因碼-個別,肇因碼-主要,個人肇逃否,職業,旅次目的,座標-X,座標-Y
112,2,10,12,16,2,06松山區,松山區八德路3段97號,0,0,1,1,B03,7,1,5,50,14,9,1,5,4,5,7,4,4,8,3,5,2,17,1,43,3,10,3,4,7,6,1,10,1,1,,43,,1,22,9,121.5534947,25.04822804
112,2,10,12,16,2,06松山區,松山區八德路3段97號,0,0,1,2,C03,7,1,5,50,14,9,1,5,4,5,7,4,4,8,3,5,2,17,1,52,2,5,1,1,7,14,1,10,1,13,,43,,1,22,9,121.5534947,25.04822804
112,2,10,12,30,2,11南港區,南港區市民大道8段與南港路2段41巷口,0,0,1,2,C03,7,1,5,50,4,2,1,5,4,5,7,1,1,9,4,5,2,11,2,44,2,9,1,1,7,9,1,10,1,11,,44,,1,22,9,121.6032982,25.0527226
112,2,10,12,30,2,11南港區,南港區市民大道8段與南港路2段41巷口,0,0,1,1,B03,7,1,5,50,4,2,1,5,4,5,7,1,1,9,4,5,2,11,1,38,3,10,1,1,7,5,1,8,1,2,,8,,1,22,9,121.6032982,25.0527226
112,2,10,12,41,2,03中山區,中山區新生北路2段與民權東路2段口下層車道新興國中後方,0,0,1,1,B03,8,1,5,50,14,9,1,5,4,5,7,4,4,9,5,5,2,16,2,53,3,10,3,4,7,1,1,8,1,4,,19,,1,22,9,121.527348,25.0615918
112,2,10,12,41,2,03中山區,中山區新生北路2段與民權東路2段口下層車道新興國中後方,0,0,1,2,C03,8,1,5,50,14,9,1,5,4,5,7,4,4,9,5,5,2,16,2,42,2,9,1,4,7,9,1,10,1,12,,44,,1,22,9,121.527348,25.0615918
112,2,10,13,25,2,04大安區,大安區忠孝東路4段77巷與敦化南路1段190巷口,0,0,1,1,C03,7,1,5,30,4,1,1,5,4,5,7,4,4,10,5,5,2,15,2,28,2,9,1,1,7,9,1,10,1,12,,6,,1,22,9,121.547207,25.0426176
112,2,10,13,25,2,04大安區,大安區忠孝東路4段77巷與敦化南路1段190巷口,0,0,1,2,B03,7,1,5,30,4,1,1,5,4,5,7,4,4,10,5,5,2,15,1,44,3,10,1,1,7,9,1,8,1,8,,23,,1,22,9,121.547207,25.0426176
112,2,10,13,44,2,01大同區,大同區民權西路與延平北路3段口,0,0,3,3,C03,7,1,5,50,4,1,1,5,4,5,7,2,1,9,4,5,2,15,1,28,2,9,1,4,7,9,1,10,1,12,,44,,1,22,9,121.5112108,25.06305769
112,2,10,13,44,2,01大同區,大同區民權西路與延平北路3段口,0,0,3,2,C03,7,1,5,50,4,1,1,5,4,5,7,2,1,9,4,5,2,15,2,48,2,9,1,4,7,9,1,10,1,12,,44,,1,22,9,121.5112108,25.06305769
112,2,10,13,44,2,01大同區,大同區民權西路與延平北路3段口,0,0,3,1,C03,7,1,5,50,4,1,1,5,4,5,7,2,1,9,4,5,2,15,1,19,2,8,1,4,7,9,1,10,1,11,,25,,1,22,9,121.5112108,25.06305769
112,2,10,14,2,2,03中山區,中山區八德路2段300巷與市民大道3段口,0,0,1,1,B01,8,1,5,40,4,2,1,5,4,5,7,4,4,10,4,5,1,17,1,41,3,10,1,1,7,6,1,4,1,5,,9,,1,22,9,121.5432824,25.0448391
112,2,10,14,2,2,03中山區,中山區八德路2段300巷與市民大道3段口,0,0,1,2,C03,8,1,5,40,4,2,1,5,4,5,7,4,4,10,4,5,1,17,2,21,2,7,1,1,7,9,1,10,1,14,,23,,1,22,9,121.5432824,25.0448391
112,2,10,14,15,2,12內湖區,內湖區行愛路與行愛路140巷口口,0,0,1,1,B02,7,1,5,50,4,1,1,5,4,5,7,2,1,5,4,4,2,11,2,41,3,10,1,1,7,5,1,8,1,6,,6,,1,22,9,121.5800357,25.06414746
112,2,10,14,15,2,12內湖區,內湖區行愛路與行愛路140巷口口,0,0,1,2,C01,7,1,5,50,4,1,1,5,4,5,7,2,1,5,4,4,2,11,1,37,2,9,1,1,7,9,1,9,1,12,,23,,1,22,9,121.5800357,25.06414746
112,2,10,14,21,2,03中山區,中山區中山北路3段與農安街口,0,0,1,1,C03,6,1,5,50,14,9,1,4,4,5,7,4,4,9,4,5,2,13,1,25,3,10,3,4,7,1,1,10,1,11,,16,,1,22,9,121.5221471,25.06483513
112,2,10,14,21,2,03中山區,中山區中山北路3段與農安街口,0,0,1,2,C03,6,1,5,50,14,9,1,4,4,5,7,4,4,9,4,5,2,13,1,39,2,1,3,4,7,9,1,10,1,13,,44,,1,22,9,121.5221471,25.06483513
112,2,10,14,54,2,08士林區,士林區至誠路1段與至誠路1段136巷口,0,0,1,2,C03,6,1,5,50,3,2,1,4,4,5,7,4,4,9,5,5,1,17,1,21,2,9,1,1,7,9,1,10,1,12,,42,,1,22,9,121.5349223,25.10144996
112,2,10,14,54,2,08士林區,士林區至誠路1段與至誠路1段136巷口,0,0,1,1,B03,6,1,5,50,3,2,1,4,4,5,7,4,4,9,5,5,1,17,1,43,3,10,1,1,7,5,1,2,1,6,,6,,1,22,9,121.5349223,25.10144996
112,2,10,15,18,2,03中山區,中山區八德路2段與遼寧街口,0,0,1,2,H01,6,1,5,50,4,1,1,4,4,5,7,1,1,4,3,5,1,3,2,32,2,8,4,5,8,16,8,20,10,16,,67,,1,22,9,121.5422204,25.04725355
112,2,10,15,18,2,03中山區,中山區八德路2段與遼寧街口,0,0,1,1,B03,6,1,5,50,4,1,1,4,4,5,7,1,1,4,3,5,1,3,1,32,3,10,3,4,7,5,1,8,2,5,,15,,1,22,9,121.5422204,25.04725355
112,2,10,15,38,2,04大安區,大安區辛亥路1段133號,0,0,1,2,C03,6,1,5,40,14,7,1,4,4,5,7,4,4,1,4,4,2,17,2,51,2,3,1,1,7,9,1,10,2,12,,44,,1,22,9,121.5321752,25.0223643
112,2,10,15,38,2,04大安區,大安區辛亥路1段133號,0,0,1,1,B03,6,1,5,40,14,7,1,4,4,5,7,4,4,1,4,4,2,17,2,30,3,10,1,1,7,1,1,8,2,4,,19,,1,22,9,121.5321752,25.0223643
112,2,10,15,40,2,01大同區,大同區民族西路與承德路3段口,0,0,1,1,B02,6,1,5,50,4,1,1,4,4,5,7,2,1,5,4,5,2,12,1,41,3,10,3,4,7,6,1,8,1,2,,9,,1,22,9,121.5183343,25.06852645
112,2,10,15,40,2,01大同區,大同區民族西路與承德路3段口,0,0,1,2,C03,6,1,5,50,4,1,1,4,4,5,7,2,1,5,4,5,2,12,2,21,2,9,1,1,7,9,1,10,1,14,,44,,1,22,9,121.5183343,25.06852645
112,2,10,15,42,2,12內湖區,內湖區環山路2段與環山路2段77巷口,0,0,1,1,B02,6,1,5,50,4,1,1,4,4,5,7,1,1,5,4,5,2,16,1,74,3,10,1,1,7,5,1,8,1,2,,6,,1,22,9,121.5746323,25.08492924
112,2,10,15,42,2,12內湖區,內湖區環山路2段與環山路2段77巷口,0,0,1,2,C03,6,1,5,50,4,1,1,4,4,5,7,1,1,5,4,5,2,16,1,18,2,9,1,1,7,9,3,18,1,11,,13,,1,22,9,121.5746323,25.08492924
112,2,10,16,36,2,04大安區,大安區師大路與龍泉街93巷口,0,0,1,2,C03,6,1,5,50,4,1,1,4,4,5,7,4,4,8,4,5,2,12,1,41,2,8,1,1,7,5,1,10,1,13,,44,,1,22,9,121.5283289,25.0221726
112,2,10,16,36,2,04大安區,大安區師大路與龍泉街93巷口,0,0,1,1,B12,6,1,5,50,4,1,1,4,4,5,7,4,4,8,4,5,2,12,1,25,3,10,1,1,7,9,1,8,1,1,,16,,1,22,9,121.5283289,25.0221726
112,2,10,16,53,2,03中山區,中山區南京東路2段與建國北路2段口,0,0,1,3,C03,6,1,5,50,4,1,1,4,4,5,7,2,1,4,5,5,1,13,1,34,3,10,3,4,7,9,1,10,1,11,,44,,1,22,9,121.5365944,25.05210534
112,2,10,16,53,2,03中山區,中山區南京東路2段與建國北路2段口,0,0,1,2,C03,6,1,5,50,4,1,1,4,4,5,7,2,1,4,5,5,1,13,1,33,3,10,3,4,7,8,1,10,1,13,,7,,1,22,9,121.5365944,25.05210534
112,2,10,16,53,2,03中山區,中山區南京東路2段與建國北路2段口,0,0,1,1,C03,6,1,5,50,4,1,1,4,4,5,7,2,1,4,5,5,1,13,2,27,2,8,3,4,7,9,1,10,1,11,,16,,1,22,9,121.5365944,25.05210534
112,2,10,17,5,2,07信義區,信義區永吉路與松山路口口,0,0,1,2,F01,6,1,5,50,4,1,1,4,4,5,7,1,1,1,4,5,2,17,2,48,2,9,2,1,7,9,8,20,2,16,,23,,1,22,9,121.5778116,25.045544
112,2,10,17,5,2,07信義區,信義區永吉路與松山路口口,0,0,1,1,B03,6,1,5,50,4,1,1,4,4,5,7,1,1,1,4,5,2,17,2,30,3,10,1,1,7,5,1,8,2,5,,8,,1,22,9,121.5778116,25.045544
112,2,10,17,15,2,04大安區,大安區和平東路2段與和平東路2段311巷口,0,0,1,1,B03,6,2,5,50,3,1,1,4,4,5,7,2,1,1,4,5,2,9,2,63,3,10,1,1,7,9,1,8,9,5,,25,,1,22,9,121.5451991,25.02476518
112,2,10,17,15,2,04大安區,大安區和平東路2段與和平東路2段311巷口,0,0,1,2,H01,6,2,5,50,3,1,1,4,4,5,7,2,1,1,4,5,2,9,2,72,2,7,4,5,8,16,8,20,10,16,,67,,1,22,9,121.5451991,25.02476518
112,2,10,17,15,2,12內湖區,內湖區瑞湖街162號前,0,0,1,1,B03,6,1,5,50,14,9,1,4,4,5,7,4,4,5,4,5,2,17,1,38,3,10,1,1,7,8,1,8,2,15,,44,,1,22,9,121.5762628,25.0715295
112,2,10,17,15,2,12內湖區,內湖區瑞湖街162號前,0,0,1,2,C03,6,1,5,50,14,9,1,4,4,5,7,4,4,5,4,5,2,17,2,25,2,9,1,1,7,9,1,10,2,12,,42,,1,22,9,121.5762628,25.0715295
112,2,10,17,30,2,12內湖區,內湖區內湖路1段49號,0,0,1,2,C03,6,1,5,50,3,2,1,4,4,5,7,4,4,1,4,5,2,12,1,25,2,9,1,1,7,9,1,10,2,11,,23,,1,22,9,121.5596265,25.08502239
112,2,10,17,30,2,12內湖區,內湖區內湖路1段49號,0,0,1,1,B01,6,1,5,50,3,2,1,4,4,5,7,4,4,1,4,5,2,12,1,64,3,10,1,1,7,9,1,4,2,6,,42,,1,22,9,121.5596265,25.08502239
112,2,10,17,40,2,11南港區,南港區市民大道7段與中坡北路口,0,0,3,3,C03,6,3,5,50,14,9,1,4,4,5,7,4,4,10,4,5,2,12,1,59,2,9,1,1,7,9,1,10,1,11,,44,,1,22,9,121.5811518,25.0491104
112,2,10,17,40,2,11南港區,南港區市民大道7段與中坡北路口,0,0,3,2,C03,6,3,5,50,14,9,1,4,4,5,7,4,4,10,4,5,2,12,1,38,2,9,1,1,7,9,1,10,1,11,,23,,1,22,9,121.5811518,25.0491104
112,2,10,17,40,2,11南港區,南港區市民大道7段與中坡北路口,0,0,3,1,C03,6,3,5,50,14,9,1,4,4,5,7,4,4,10,4,5,2,12,2,21,2,8,1,1,7,7,1,10,1,14,,7,,1,22,9,121.5811518,25.0491104
112,2,10,17,44,2,07信義區,信義區松仁路169號,0,0,1,2,C03,6,3,5,50,14,9,1,4,4,5,7,4,4,5,4,5,1,13,1,24,2,9,3,4,7,9,1,10,1,11,,13,,1,22,9,121.568325,25.0285828
112,2,10,17,44,2,07信義區,信義區松仁路169號,0,0,1,1,F01,6,3,5,50,14,9,1,4,4,5,7,4,4,5,4,5,1,13,1,64,3,10,3,4,7,11,8,20,1,16,,26,,1,22,9,121.568325,25.0285828
112,2,10,17,46,2,09北投區,北投區大業路294號,0,0,1,2,C03,8,3,5,50,14,8,1,5,4,5,7,4,4,8,3,4,2,17,1,24,2,9,1,1,7,15,1,10,1,11,,44,,1,22,9,121.4979401,25.12778988
112,2,10,17,46,2,09北投區,北投區大業路294號,0,0,1,1,B12,8,3,5,50,14,8,1,5,4,5,7,4,4,8,3,4,2,17,1,28,3,10,1,1,7,6,1,10,1,6,,9,,1,22,9,121.4979401,25.12778988
112,2,10,18,5,2,10文山區,文山區興隆路4段與興隆路4段145巷口,0,0,1,2,B03,7,3,5,50,14,9,2,4,4,5,7,4,4,1,4,5,2,17,2,42,3,10,3,4,7,15,1,8,1,6,,44,,1,22,9,121.561573,24.984946
112,2,10,18,5,2,10文山區,文山區興隆路4段與興隆路4段145巷口,0,0,1,1,C03,7,3,5,50,14,9,2,4,4,5,7,4,4,1,4,5,2,17,2,23,2,8,1,4,7,9,3,18,1,11,,23,,1,22,9,121.561573,24.984946
112,2,10,18,25,2,10文山區,文山區和平東路4段373號,0,0,1,3,C03,6,3,5,50,14,9,1,4,4,5,7,4,4,4,5,5,2,29,2,42,3,10,3,4,7,13,1,10,1,12,,44,,1,22,9,121.5735326,25.00016313
112,2,10,18,25,2,10文山區,文山區和平東路4段373號,0,0,1,2,C04,6,3,5,50,14,9,1,4,4,5,7,4,4,4,5,5,2,29,3,0,,,,,,,,,,,,67,,1,,,121.5735326,25.00016313
112,2,10,18,25,2,10文山區,文山區和平東路4段373號,0,0,1,1,C03,6,3,5,50,14,9,1,4,4,5,7,4,4,4,5,5,2,29,2,31,2,9,1,1,7,9,1,10,2,11,,23,,1,22,9,121.5735326,25.00016313
112,2,10,18,45,2,03中山區,中山區濱江街與濱江街口往西，7號水門前,0,0,1,1,B03,6,3,5,50,4,1,1,4,4,5,7,1,1,1,4,5,2,12,1,42,3,10,3,4,7,6,1,8,2,2,,9,,1,22,9,121.5515754,25.0724968
112,2,10,18,45,2,03中山區,中山區濱江街與濱江街口往西，7號水門前,0,0,1,2,C02,6,3,5,50,4,1,1,4,4,5,7,1,1,1,4,5,2,12,1,31,2,9,1,4,7,9,1,9,2,14,,13,,1,22,9,121.5515754,25.0724968
112,2,10,18,45,2,04大安區,大安區和平東路2段89號,0,0,1,3,C03,6,3,5,50,14,9,1,4,4,5,7,4,4,9,4,5,1,9,2,19,2,8,1,4,7,9,1,10,1,11,,44,,1,22,9,121.5393361,25.0255447
112,2,10,18,45,2,04大安區,大安區和平東路2段89號,0,0,1,2,H02,6,3,5,50,14,9,1,4,4,5,7,4,4,9,4,5,1,9,2,70,3,10,1,5,7,19,8,20,10,16,,56,,1,22,9,121.5393361,25.0255447
112,2,10,18,45,2,04大安區,大安區和平東路2段89號,0,0,1,1,B01,6,3,5,50,14,9,1,4,4,5,7,4,4,9,4,5,1,9,1,57,3,10,1,4,7,14,1,4,9,6,,38,,1,22,9,121.5393361,25.0255447
112,2,10,18,58,2,07信義區,信義區忠孝東路5段236巷與忠孝東路5段236巷3弄口,0,0,1,2,C03,6,3,5,50,4,2,1,4,4,5,7,4,4,9,5,5,2,12,1,60,2,9,1,1,7,14,1,10,1,12,,44,,1,22,9,121.5719946,25.0404485
112,2,10,18,58,2,07信義區,信義區忠孝東路5段236巷與忠孝東路5段236巷3弄口,0,0,1,1,B03,6,3,5,50,4,2,1,4,4,5,7,4,4,9,5,5,2,12,1,40,3,10,1,1,7,6,1,8,1,5,,9,,1,22,9,121.5719946,25.0404485
112,2,10,19,1,2,07信義區,信義區忠孝東路4段559巷與忠孝東路4段口,0,0,1,2,C03,6,3,5,50,3,2,1,4,4,5,7,4,4,1,4,4,1,12,1,24,2,8,3,4,7,9,1,8,1,12,,14,,1,22,9,121.5634799,25.0412627
112,2,10,19,1,2,07信義區,信義區忠孝東路4段559巷與忠孝東路4段口,0,0,1,1,B01,6,3,5,50,3,2,1,4,4,5,7,4,4,1,4,4,1,12,1,56,3,10,3,4,7,6,1,4,1,1,,6,,1,22,9,121.5634799,25.0412627
112,2,10,19,13,2,06松山區,松山區民生東路5段與新中街口,0,0,1,3,C03,6,3,5,50,4,1,1,4,4,5,7,2,1,1,3,5,2,15,2,19,3,10,1,1,7,1,1,10,1,15,,6,,1,22,9,121.5605058,25.0587107
112,2,10,19,13,2,06松山區,松山區民生東路5段與新中街口,0,0,1,1,C03,6,3,5,50,4,1,1,4,4,5,7,2,1,1,3,5,2,15,1,26,2,9,1,1,7,1,1,10,1,14,,23,,1,22,9,121.5605058,25.0587107
112,2,10,19,13,2,06松山區,松山區民生東路5段與新中街口,0,0,1,2,B03,6,3,5,50,4,1,1,4,4,5,7,2,1,1,3,5,2,15,1,47,3,10,1,1,7,9,1,8,1,3,,44,,1,22,9,121.5605058,25.0587107
112,2,10,19,15,2,08士林區,士林區延平北路5段與葫蘆街口,0,0,2,1,C03,7,3,5,50,3,2,1,5,4,5,7,1,1,10,4,5,2,17,1,62,2,7,1,1,7,11,1,10,2,12,,10,,1,22,9,121.5109415,25.0801451
112,2,10,19,15,2,08士林區,士林區延平北路5段與葫蘆街口,0,0,2,3,C03,7,3,5,50,3,2,1,5,4,5,7,1,1,10,4,5,2,17,1,73,2,9,1,1,7,9,1,10,2,11,,23,,1,22,9,121.5109415,25.0801451
112,2,10,19,15,2,08士林區,士林區延平北路5段與葫蘆街口,0,0,2,2,C03,7,3,5,50,3,2,1,5,4,5,7,1,1,10,4,5,2,17,2,54,3,10,1,1,7,9,1,10,2,14,,44,,1,22,9,121.5109415,25.0801451
112,2,10,19,30,2,12內湖區,內湖區內湖路1段723號,0,0,1,1,A02,6,3,5,50,14,9,1,4,4,5,7,4,4,1,4,4,2,9,1,56,3,10,1,1,7,1,1,2,2,15,,43,,1,22,9,121.5778851,25.07910242
112,2,10,19,30,2,12內湖區,內湖區內湖路1段723號,0,0,1,2,H02,6,3,5,50,14,9,1,4,4,5,7,4,4,1,4,4,2,9,2,60,2,9,4,5,7,19,8,20,10,16,,67,,1,22,9,121.5778851,25.07910242
112,2,10,20,6,2,05中正區,中正區中華路1段與中華路1段9巷口,0,0,1,2,C03,6,3,5,50,5,1,1,4,4,5,7,2,1,1,4,5,2,17,2,36,2,9,1,1,7,7,1,10,2,14,,7,,1,22,9,121.5098786,25.04701406
112,2,10,20,6,2,05中正區,中正區中華路1段與中華路1段9巷口,0,0,1,1,B01,6,3,5,50,5,1,1,4,4,5,7,2,1,1,4,5,2,17,1,57,3,10,1,1,7,9,1,4,2,15,,23,,1,22,9,121.5098786,25.04701406
112,2,10,20,13,2,12內湖區,內湖區內湖路2段103巷與麗山街37巷口,0,0,1,1,B03,6,3,5,30,3,1,1,4,4,5,7,4,4,5,5,5,2,17,1,32,4,11,3,4,7,15,7,19,11,15,,6,,2,22,9,121.5820664,25.08073156
112,2,10,20,13,2,12內湖區,內湖區內湖路2段103巷與麗山街37巷口,0,0,1,2,F03,6,3,5,30,3,1,1,4,4,5,7,4,4,5,5,5,2,17,1,40,2,9,2,1,7,9,8,20,11,16,,42,,1,22,9,121.5820664,25.08073156
112,2,10,20,28,2,07信義區,信義區基隆路2段與和平東路3段口,0,0,2,1,C03,6,3,5,50,5,1,1,4,4,5,7,1,1,1,4,5,2,11,1,36,2,9,3,4,7,5,1,10,1,12,,8,,1,22,9,121.5526108,25.0243571
112,2,10,20,28,2,07信義區,信義區基隆路2段與和平東路3段口,0,0,2,2,C03,6,3,5,50,5,1,1,4,4,5,7,1,1,1,4,5,2,11,1,19,2,9,3,4,7,9,1,10,1,11,,44,,1,22,9,121.5526108,25.0243571
112,2,10,20,34,2,01大同區,大同區民權西路(大橋頭捷運站1號出口旁),0,0,3,1,C03,7,3,5,50,14,9,1,4,4,5,7,4,4,1,4,5,2,13,1,19,2,8,1,1,7,9,1,10,1,11,,16,,1,22,9,121.5125039,25.06307483
112,2,10,20,34,2,01大同區,大同區民權西路(大橋頭捷運站1號出口旁),0,0,3,2,C03,7,3,5,50,14,9,1,4,4,5,7,4,4,1,4,5,2,13,1,21,2,9,1,1,7,9,1,9,1,13,,44,,1,22,9,121.5125039,25.06307483
112,2,10,20,34,2,01大同區,大同區民權西路(大橋頭捷運站1號出口旁),0,0,3,3,C03,7,3,5,50,14,9,1,4,4,5,7,4,4,1,4,5,2,13,1,25,2,8,1,1,7,9,1,10,1,14,,44,,1,22,9,121.5125039,25.06307483
112,2,10,20,53,2,11南港區,(成福路105號前),0,0,1,2,,6,3,5,50,3,1,1,4,4,5,7,4,4,4,5,5,2,18,3,0,,,,,,,,,,,,67,,1,,,121.5871861,25.04225
112,2,10,20,53,2,11南港區,(成福路105號前),0,0,1,1,C03,6,3,5,50,3,1,1,4,4,5,7,4,4,4,5,5,2,18,2,52,2,9,1,1,7,9,1,10,1,14,,23,,1,22,9,121.5871861,25.04225
112,2,10,20,53,2,11南港區,(成福路105號前),0,0,1,3,,6,3,5,50,3,1,1,4,4,5,7,4,4,4,5,5,2,18,4,0,4,11,3,4,7,15,7,19,11,15,,43,,2,22,9,121.5871861,25.04225
112,2,10,21,0,2,12內湖區,內湖區安康路106巷與永保街口,0,0,1,1,C03,6,3,5,50,3,1,1,4,4,5,7,4,4,10,4,5,2,16,2,20,2,9,1,1,7,9,1,10,1,11,,44,,1,22,9,121.5988258,25.0634872
112,2,10,21,0,2,12內湖區,內湖區安康路106巷與永保街口,0,0,1,2,B03,6,3,5,50,3,1,1,4,4,5,7,4,4,10,4,5,2,16,1,30,3,10,1,1,7,5,3,18,1,7,,8,,1,22,9,121.5988258,25.0634872
112,2,10,21,11,2,06松山區,松山區民生東路5段與光復北路口,0,0,1,1,B03,8,3,5,50,4,2,1,5,4,5,7,1,1,1,4,5,2,12,2,47,3,10,1,1,7,1,1,8,11,5,,,,1,22,9,121.5553907,25.0583171
112,2,10,21,11,2,06松山區,松山區民生東路5段與光復北路口,0,0,1,2,F01,8,3,5,50,4,2,1,5,4,5,7,1,1,1,4,5,2,12,2,44,2,9,1,1,7,10,8,20,11,16,,7,,1,22,9,121.5553907,25.0583171
112,2,10,21,39,2,05中正區,中正區羅斯福路1段40號,0,0,2,2,C03,6,3,5,50,14,9,1,4,4,5,7,4,4,3,4,5,2,17,1,22,2,9,1,1,7,9,1,10,2,11,,16,,1,22,9,121.5178415,25.03080065
112,2,10,21,39,2,05中正區,中正區羅斯福路1段40號,0,0,2,1,B03,6,3,5,50,14,9,1,4,4,5,7,4,4,3,4,5,2,17,1,46,3,10,1,1,7,1,1,6,2,4,,19,,1,22,9,121.5178415,25.03080065
112,2,10,21,39,2,05中正區,中正區羅斯福路1段40號,0,0,2,3,C03,6,3,5,50,14,9,1,4,4,5,7,4,4,3,4,5,2,17,1,21,2,9,1,1,7,9,1,10,2,13,,44,,1,22,9,121.5178415,25.03080065
112,2,10,21,39,2,05中正區,中正區羅斯福路1段40號,0,0,2,4,H02,6,3,5,50,14,9,1,4,4,5,7,4,4,3,4,5,2,17,2,22,4,11,1,5,7,20,8,20,10,16,,67,,1,22,9,121.5178415,25.03080065
112,2,10,21,39,2,05中正區,中正區羅斯福路1段40號,0,0,2,5,C03,6,3,5,50,14,9,1,4,4,5,7,4,4,3,4,5,2,17,4,0,4,11,3,4,7,15,7,19,11,15,,43,,2,22,9,121.5178415,25.03080065
112,2,10,21,40,2,03中山區,中山區林森北路與民權東路1段口,0,0,2,3,B03,7,3,5,50,4,1,1,5,4,5,7,2,1,5,4,5,2,12,1,33,3,10,3,4,7,14,1,8,11,15,,42,,1,22,9,121.5255809,25.0624475
112,2,10,21,40,2,03中山區,中山區林森北路與民權東路1段口,0,0,2,2,C03,7,3,5,50,4,1,1,5,4,5,7,2,1,5,4,5,2,12,1,20,2,9,1,4,7,9,1,10,1,15,,44,,1,22,9,121.5255809,25.0624475
112,2,10,21,40,2,03中山區,中山區林森北路與民權東路1段口,0,0,2,1,B03,7,3,5,50,4,1,1,5,4,5,7,2,1,5,4,5,2,12,1,66,3,10,3,4,7,7,1,8,1,4,,7,,1,22,9,121.5255809,25.0624475
112,2,10,21,40,2,03中山區,中山區林森北路與民權東路1段口,0,0,2,4,H02,7,3,5,50,4,1,1,5,4,5,7,2,1,5,4,5,2,12,2,19,2,9,1,5,7,19,8,20,10,16,,56,,1,22,9,121.5255809,25.0624475
112,2,10,22,4,2,06松山區,松山區民生東路5段137巷4弄與三民路口,0,0,1,1,F01,6,3,5,50,4,2,1,4,4,5,7,2,1,1,3,5,2,17,2,69,2,1,2,1,7,11,8,20,1,16,,4,,1,22,9,121.5633727,25.05991555
112,2,10,22,4,2,06松山區,松山區民生東路5段137巷4弄與三民路口,0,0,1,2,B03,6,3,5,50,4,2,1,4,4,5,7,2,1,1,3,5,2,17,1,40,3,10,1,1,7,5,1,8,1,1,,44,,1,22,9,121.5633727,25.05991555
112,2,10,22,59,2,03中山區,中山區北安路與明水路口,0,0,2,3,H02,8,3,5,50,3,1,1,5,4,5,7,1,1,1,3,5,1,16,2,29,2,8,1,5,7,20,8,20,10,16,,67,,1,22,9,121.5390747,25.0777912
112,2,10,22,59,2,03中山區,中山區北安路與明水路口,0,0,2,2,C03,8,3,5,50,3,1,1,5,4,5,7,1,1,1,3,5,1,16,1,29,2,9,1,1,7,9,1,10,2,11,,23,,1,22,9,121.5390747,25.0777912
112,2,10,22,59,2,03中山區,中山區北安路與明水路口,0,0,2,1,B01,8,3,5,50,3,1,1,5,4,5,7,1,1,1,3,5,1,16,1,52,3,10,1,1,7,6,1,4,2,6,,9,,1,22,9,121.5390747,25.0777912
112,2,10,23,40,2,02萬華區,萬華區青年路與西藏路125巷口,0,0,1,2,C03,8,3,5,30,3,1,1,5,4,5,7,1,1,8,5,5,2,13,2,52,3,10,1,1,7,11,4,11,1,13,,44,,1,22,9,121.5039223,25.0253328
112,2,10,23,40,2,02萬華區,萬華區青年路與西藏路125巷口,0,0,1,1,C03,8,3,5,30,3,1,1,5,4,5,7,1,1,8,5,5,2,13,1,45,2,7,1,1,7,12,1,10,1,13,,16,,1,22,9,121.5039223,25.0253328
112,2,11,0,44,2,04大安區,大安區羅斯福路4段與基隆路4段口,0,0,2,3,H02,7,3,5,50,5,1,1,5,4,5,7,2,1,1,3,5,2,16,2,28,2,9,1,5,7,20,8,20,10,16,,58,,1,22,9,121.5371414,25.0113574
112,2,11,0,44,2,04大安區,大安區羅斯福路4段與基隆路4段口,0,0,2,2,C02,7,3,5,50,5,1,1,5,4,5,7,2,1,1,3,5,2,16,1,27,2,9,1,1,7,5,3,18,1,14,,16,,1,22,9,121.5371414,25.0113574
112,2,11,0,44,2,04大安區,大安區羅斯福路4段與基隆路4段口,0,0,2,1,B01,7,3,5,50,5,1,1,5,4,5,7,2,1,1,3,5,2,16,1,37,3,10,1,1,7,8,1,4,1,5,,7,,1,22,9,121.5371414,25.0113574
112,2,11,1,25,2,05中正區,中正區重慶南路1段與愛國西路口,0,0,4,1,C03,8,3,5,50,4,1,1,5,4,5,7,1,1,1,5,5,1,11,1,18,2,8,1,1,7,8,1,10,2,11,,7,,1,22,9,121.5124511,25.0354393
112,2,11,1,25,2,05中正區,中正區重慶南路1段與愛國西路口,0,0,4,3,H02,8,3,5,50,4,1,1,5,4,5,7,1,1,1,5,5,1,11,2,17,2,9,1,5,7,20,8,20,10,16,,67,,1,22,9,121.5124511,25.0354393
112,2,11,1,25,2,05中正區,中正區重慶南路1段與愛國西路口,0,0,4,4,H02,8,3,5,50,4,1,1,5,4,5,7,1,1,1,5,5,1,11,2,34,2,8,1,5,7,20,8,20,10,16,,67,,1,22,9,121.5124511,25.0354393
112,2,11,1,25,2,05中正區,中正區重慶南路1段與愛國西路口,0,0,4,2,C03,8,3,5,50,4,1,1,5,4,5,7,1,1,1,5,5,1,11,1,39,2,9,1,1,7,9,1,9,2,11,,44,,1,22,9,121.5124511,25.0354393
112,2,11,2,0,2,03中山區,中山區長安東路1段23號,0,0,1,2,C03,7,3,5,50,14,9,1,5,4,5,7,4,4,9,4,5,2,17,1,64,2,8,3,4,7,9,1,10,1,15,,43,,1,22,9,121.5274052,25.04848189