發生年度,發生月,發生日,發生時-Hours,發生分,處理別-編號,區序,肇事地點,死亡人數,2-30日死亡人數,受傷人數,當事人序號,車種,天候,光線,道路類別,速限-速度限制,道路型態,事故位置,路面狀況1,路面狀況2,路面狀況3,道路障礙1,道路障礙2,號誌1,號誌2,車道劃分-分向,車道劃分-分道1,車道劃分-分道2,車道劃分-分道3,事故類型及型態,性別,年齡,受傷程度,主要傷處,保護裝置,行動電話,車輛用途,當事者行動狀態,駕駛資格情形,駕駛執照種類,飲酒情形,車輛撞擊部位1,車輛撞擊部位2,肇因碼-個別,肇因碼-主要,個人肇逃否,職業,旅次目的,座標-X,座標-Y
112,2,11,2,0,2,03中山區,中山區長安東路1段23號,0,0,1,3,H02,7,3,5,50,14,9,1,5,4,5,7,4,4,9,4,5,2,17,3,0,,,,,,,,,,,,67,,1,,,121.5274052,25.04848189
112,2,11,2,0,2,03中山區,中山區長安東路1段23號,0,0,1,1,B01,7,3,5,50,14,9,1,5,4,5,7,4,4,9,4,5,2,17,1,25,3,10,3,4,7,14,1,4,1,2,,38,,1,22,9,121.5274052,25.04848189
112,2,11,4,15,2,05中正區,中正區中山南路與仁愛路1段口,0,0,2,2,C03,8,3,5,50,4,2,1,5,4,5,7,1,1,10,4,1,1,11,2,23,2,9,1,1,7,9,3,18,2,13,,44,,1,22,9,121.5179425,25.0394001
112,2,11,4,15,2,05中正區,中正區中山南路與仁愛路1段口,0,0,2,3,H02,8,3,5,50,4,2,1,5,4,5,7,1,1,10,4,1,1,11,2,20,2,9,1,5,7,20,8,20,10,16,,67,,1,22,9,121.5179425,25.0394001
112,2,11,4,15,2,05中正區,中正區中山南路與仁愛路1段口,0,0,2,1,B01,8,3,5,50,4,2,1,5,4,5,7,1,1,10,4,1,1,11,1,47,3,10,1,1,7,9,1,4,2,5,,26,,1,22,9,121.5179425,25.0394001
112,2,11,4,58,2,06松山區,松山區民權東路3段與民權東路3段140巷口,0,0,2,2,C03,8,3,5,50,4,2,1,5,4,5,7,2,1,1,3,5,2,15,1,51,2,9,1,1,7,9,1,10,1,11,,43,,1,22,9,121.5465791,25.06203438
112,2,11,4,58,2,06松山區,松山區民權東路3段與民權東路3段140巷口,0,0,2,1,C04,8,3,5,50,4,2,1,5,4,5,7,2,1,1,3,5,2,15,1,66,2,9,1,1,7,21,1,11,1,15,,43,,1,22,9,121.5465791,25.06203438
112,2,11,5,20,2,06松山區,松山區南京東路5段286號,0,0,1,1,B02,8,1,5,50,14,9,1,5,4,5,7,4,4,1,3,5,2,17,4,0,4,11,3,4,7,15,7,19,11,15,,43,,2,22,9,121.5672511,25.05119961
112,2,11,5,20,2,06松山區,松山區南京東路5段286號,0,0,1,2,C03,8,1,5,50,14,9,1,5,4,5,7,4,4,1,3,5,2,17,1,35,2,9,1,1,7,9,1,10,1,14,,43,,1,22,9,121.5672511,25.05119961
112,2,11,6,17,2,04大安區,大安區敦化南路2段319號對面快車道,0,0,1,1,B01,8,3,5,50,14,7,1,5,4,5,7,1,1,1,3,1,2,3,1,65,3,10,1,4,7,9,1,4,2,5,,15,,1,22,9,121.5486682,25.0229544
112,2,11,6,17,2,04大安區,大安區敦化南路2段319號對面快車道,0,0,1,2,H01,8,3,5,50,14,7,1,5,4,5,7,1,1,1,3,1,2,3,1,73,2,1,4,5,8,16,8,20,10,16,,52,,1,22,9,121.5486682,25.0229544
112,2,11,7,19,2,03中山區,中山區松江路與德惠街口,0,0,1,1,F01,8,1,5,50,4,1,1,5,4,5,7,1,1,5,5,5,2,16,2,65,2,8,2,1,7,9,8,20,1,16,,25,,1,22,9,121.5331496,25.06654018
112,2,11,7,19,2,03中山區,中山區松江路與德惠街口,0,0,1,2,F01,8,1,5,50,4,1,1,5,4,5,7,1,1,5,5,5,2,16,1,32,3,10,2,1,7,9,8,20,1,16,,44,,1,22,9,121.5331496,25.06654018
112,2,11,7,25,2,12內湖區,內湖區康樂街125巷與康樂街口,0,0,1,1,C03,8,1,5,50,4,1,1,5,4,5,7,2,1,10,5,5,1,15,1,34,2,9,1,1,7,9,3,18,1,14,,25,,1,22,9,121.6194818,25.07336742
112,2,11,7,25,2,12內湖區,內湖區康樂街125巷與康樂街口,0,0,1,2,B12,8,1,5,50,4,1,1,5,4,5,7,2,1,10,5,5,1,15,1,62,3,10,1,1,7,9,1,8,1,2,,44,,1,22,9,121.6194818,25.07336742
112,2,11,7,25,2,12內湖區,內湖區康樂街125巷與康樂街口,0,0,1,3,,8,1,5,50,4,1,1,5,4,5,7,2,1,10,5,5,1,15,3,0,,,,,,,,,,,,67,,1,,,121.6194818,25.07336742
112,2,11,7,35,2,09北投區,北投區致遠一路2段57巷1號,0,0,1,1,B03,8,1,5,30,13,9,1,5,4,5,7,4,4,10,5,5,2,9,1,51,3,10,1,1,7,2,1,8,1,3,,12,,1,22,9,121.5132482,25.1120514
112,2,11,7,35,2,09北投區,北投區致遠一路2段57巷1號,0,0,1,2,H01,8,1,5,30,13,9,1,5,4,5,7,4,4,10,5,5,2,9,1,94,2,9,4,5,8,16,8,20,10,16,,67,,1,22,9,121.5132482,25.1120514
112,2,11,8,28,2,04大安區,大安區仁愛路4段61號,0,0,3,1,C03,8,1,5,50,14,9,1,5,4,5,7,2,1,1,4,5,2,13,2,19,2,8,3,4,7,9,1,10,1,11,,16,,1,22,9,121.5468198,25.0380933
112,2,11,8,28,2,04大安區,大安區仁愛路4段61號,0,0,3,2,C03,8,1,5,50,14,9,1,5,4,5,7,2,1,1,4,5,2,13,1,41,2,7,3,4,7,9,1,10,1,13,,44,,1,22,9,121.5468198,25.0380933
112,2,11,8,28,2,04大安區,大安區仁愛路4段61號,0,0,3,3,H02,8,1,5,50,14,9,1,5,4,5,7,2,1,1,4,5,2,13,2,40,2,5,3,4,7,21,8,20,10,16,,67,,1,22,9,121.5468198,25.0380933
112,2,11,8,44,2,02萬華區,萬華區西藏路430號旁消防通道,0,0,1,1,B12,7,1,5,30,14,9,1,5,4,5,7,4,4,10,5,5,1,8,1,50,3,10,3,4,7,2,1,8,2,3,,12,,1,22,9,121.5018854,25.0300536
112,2,11,8,44,2,02萬華區,萬華區西藏路430號旁消防通道,0,0,1,2,H01,7,1,5,30,14,9,1,5,4,5,7,4,4,10,5,5,1,8,2,82,2,8,4,5,8,17,8,20,10,16,,54,,1,22,9,121.5018854,25.0300536
112,2,11,8,52,2,06松山區,松山區敦化北路與民權東路3段口,0,0,1,2,,8,1,5,50,4,1,1,5,4,5,7,1,1,1,4,5,2,18,3,0,,,,,,,,,10,,,61,,,,,121.5492691,25.05767315
112,2,11,8,52,2,06松山區,松山區敦化北路與民權東路3段口,0,0,1,1,C03,8,1,5,50,4,1,1,5,4,5,7,1,1,1,4,5,2,18,2,29,2,9,1,1,7,9,1,10,2,12,,42,,1,22,9,121.5492691,25.05767315
112,2,11,9,31,2,06松山區,松山區民生東路4段與敦化北路口,0,0,3,1,C04,8,1,5,50,5,1,1,5,4,5,7,2,1,1,4,1,1,15,1,36,2,9,1,4,7,9,1,11,2,11,,25,,1,22,9,121.5492716,25.0576736
112,2,11,9,31,2,06松山區,松山區民生東路4段與敦化北路口,0,0,3,2,C03,8,1,5,50,5,1,1,5,4,5,7,2,1,1,4,1,1,15,1,22,2,9,1,4,7,1,1,10,2,14,,44,,1,22,9,121.5492716,25.0576736
112,2,11,9,31,2,06松山區,松山區民生東路4段與敦化北路口,0,0,3,3,H02,8,1,5,50,5,1,1,5,4,5,7,2,1,1,4,1,1,15,2,25,2,9,1,5,7,21,8,20,10,15,,67,,1,22,9,121.5492716,25.0576736
112,2,11,9,38,2,06松山區,松山區復興北路與復興北路427巷口,0,0,1,2,C03,8,1,5,50,4,2,1,5,4,5,7,1,1,1,3,5,2,17,1,20,2,9,3,4,7,9,1,10,1,11,,23,,1,22,9,121.5443613,25.06335485
112,2,11,9,38,2,06松山區,松山區復興北路與復興北路427巷口,0,0,1,1,B03,8,1,5,50,4,2,1,5,4,5,7,1,1,1,3,5,2,17,1,62,3,10,3,4,7,6,1,8,1,6,,9,,1,22,9,121.5443613,25.06335485
112,2,11,9,38,2,06松山區,松山區復興北路與復興北路427巷口,0,0,1,3,C03,8,1,5,50,4,2,1,5,4,5,7,1,1,1,3,5,2,17,1,68,3,10,1,1,7,14,1,10,1,14,,42,,1,22,9,121.5443613,25.06335485
112,2,11,9,44,2,02萬華區,萬華區環河南路1段與內江街口,0,0,2,1,C03,8,1,5,50,4,1,1,5,4,5,7,2,1,8,3,5,1,16,1,37,2,7,3,4,7,5,1,10,1,14,,8,,1,22,9,121.5001118,25.041955
112,2,11,9,44,2,02萬華區,萬華區環河南路1段與內江街口,0,0,2,2,C03,8,1,5,50,4,1,1,5,4,5,7,2,1,8,3,5,1,16,2,37,2,9,3,4,7,5,1,10,1,12,,44,,1,22,9,121.5001118,25.041955
112,2,11,10,0,2,03中山區,中山區中山北路2段與民權東路1段口,0,0,1,2,C03,8,1,5,50,14,7,1,5,4,5,7,4,4,1,4,4,2,13,1,19,3,10,1,1,7,9,1,10,1,13,,17,,1,22,9,121.5229464,25.06266112
112,2,11,10,0,2,03中山區,中山區中山北路2段與民權東路1段口,0,0,1,1,C03,8,1,5,50,14,7,1,5,4,5,7,4,4,1,4,4,2,13,1,69,2,8,1,1,7,9,1,10,1,11,,16,,1,22,9,121.5229464,25.06266112
112,2,11,10,16,2,05中正區,中正區仁愛路2段與金山南路1段口,0,0,1,2,C03,8,1,5,50,4,1,1,5,4,5,7,1,1,1,5,5,2,16,1,19,2,9,1,1,7,9,1,10,2,11,,44,,1,22,9,121.5282384,25.0381555
112,2,11,10,16,2,05中正區,中正區仁愛路2段與金山南路1段口,0,0,1,1,B03,8,1,5,50,4,1,1,5,4,5,7,1,1,1,5,5,2,16,1,67,3,10,1,1,7,5,1,8,2,4,,8,,1,22,9,121.5282384,25.0381555
112,2,11,10,23,2,08士林區,士林區中山北路4段與通河街口,0,0,1,2,F01,8,1,5,50,11,9,1,5,4,5,7,4,4,4,4,5,2,18,3,0,,,,,,,,,10,,,67,,1,,,121.5241794,25.0802057
112,2,11,10,23,2,08士林區,士林區中山北路4段與通河街口,0,0,1,3,F01,8,1,5,50,11,9,1,5,4,5,7,4,4,4,4,5,2,18,3,0,,,,,,,,,10,,,67,,1,,,121.5241794,25.0802057
112,2,11,10,23,2,08士林區,士林區中山北路4段與通河街口,0,0,1,4,F01,8,1,5,50,11,9,1,5,4,5,7,4,4,4,4,5,2,18,3,0,,,,,,,,,10,,,67,,1,,,121.5241794,25.0802057
112,2,11,10,23,2,08士林區,士林區中山北路4段與通河街口,0,0,1,1,C03,8,1,5,50,11,9,1,5,4,5,7,4,4,4,4,5,2,18,1,30,2,9,1,1,7,9,3,18,1,11,,42,,1,22,9,121.5241794,25.0802057
112,2,11,10,41,2,05中正區,中正區汀州路1段與汀州路1段口318號,0,0,1,4,C03,8,1,5,50,3,2,1,5,4,5,7,1,1,5,5,5,1,17,1,59,3,10,3,4,7,13,7,19,11,13,,44,,1,22,9,121.5119389,25.0266966
112,2,11,10,41,2,05中正區,中正區汀州路1段與汀州路1段口318號,0,0,1,1,C03,8,1,5,50,3,2,1,5,4,5,7,1,1,5,5,5,1,17,1,58,2,9,1,1,7,9,1,10,2,11,,23,,1,22,9,121.5119389,25.0266966
112,2,11,10,41,2,05中正區,中正區汀州路1段與汀州路1段口318號,0,0,1,2,C03,8,1,5,50,3,2,1,5,4,5,7,1,1,5,5,5,1,17,2,68,3,10,3,4,7,13,7,19,11,13,,44,,1,22,9,121.5119389,25.0266966
112,2,11,10,41,2,05中正區,中正區汀州路1段與汀州路1段口318號,0,0,1,3,C03,8,1,5,50,3,2,1,5,4,5,7,1,1,5,5,5,1,17,1,51,3,10,3,4,7,13,7,19,11,13,,44,,1,22,9,121.5119389,25.0266966
112,2,11,10,41,2,05中正區,中正區汀州路1段與汀州路1段口318號,0,0,1,5,C03,8,1,5,50,3,2,1,5,4,5,7,1,1,5,5,5,1,17,1,59,3,10,3,4,7,13,7,19,11,13,,44,,1,22,9,121.5119389,25.0266966
112,2,11,10,41,2,05中正區,中正區汀州路1段與汀州路1段口318號,0,0,1,6,B12,8,1,5,50,3,2,1,5,4,5,7,1,1,5,5,5,1,17,3,0,,,,,,,,,,,,67,,1,,,121.5119389,25.0266966
112,2,11,11,15,2,07信義區,信義區忠孝東路4段560號,0,0,2,1,C04,8,1,5,50,14,9,1,5,4,5,7,2,1,10,4,5,2,13,2,25,2,8,1,1,7,9,1,10,1,11,,43,,1,22,9,121.5642037,25.0410843
112,2,11,11,15,2,07信義區,信義區忠孝東路4段560號,0,0,2,2,C04,8,1,5,50,14,9,1,5,4,5,7,2,1,10,4,5,2,13,1,38,2,9,1,1,7,12,1,10,1,13,,43,,1,22,9,121.5642037,25.0410843
112,2,11,11,23,2,07信義區,信義區松隆路96號,0,0,1,2,C03,8,1,5,50,15,9,1,5,4,5,7,4,4,1,4,5,2,17,1,57,2,9,3,4,7,9,1,10,1,14,,14,,1,22,9,121.5695514,25.0448422
112,2,11,11,23,2,07信義區,信義區松隆路96號,0,0,1,1,B03,8,1,5,50,15,9,1,5,4,5,7,4,4,1,4,5,2,17,1,57,3,10,3,4,7,6,1,8,1,5,,9,,1,22,9,121.5695514,25.0448422
112,2,11,11,39,2,01大同區,大同區台北橋與台北橋口機慢車道(往台北),0,0,2,2,C03,8,1,5,40,15,11,1,5,4,5,7,1,1,9,4,5,2,17,2,39,2,8,1,1,7,9,1,10,1,12,,44,,1,22,9,121.5109583,25.0628706
112,2,11,11,39,2,01大同區,大同區台北橋與台北橋口機慢車道(往台北),0,0,2,1,C04,8,1,5,40,15,11,1,5,4,5,7,1,1,9,4,5,2,17,2,36,2,7,1,1,7,9,1,11,1,14,,17,,1,22,9,121.5109583,25.0628706
112,2,11,11,50,2,12內湖區,內湖區瑞光路360號,0,0,1,2,C03,8,1,5,50,14,9,1,5,4,5,7,4,4,4,4,5,1,12,2,46,2,9,3,4,7,9,1,10,1,12,,44,,1,22,9,121.5721863,25.0771822
112,2,11,11,50,2,12內湖區,內湖區瑞光路360號,0,0,1,1,B03,8,1,5,50,14,9,1,5,4,5,7,4,4,4,4,5,1,12,1,55,3,10,3,4,7,1,1,8,1,8,,19,,1,22,9,121.5721863,25.0771822
112,2,11,11,59,2,03中山區,中山區林森北路與民生東路1段口,0,0,1,1,B03,8,1,5,50,4,1,1,5,4,5,7,1,1,9,4,5,2,17,1,44,3,10,1,1,7,5,1,8,2,1,,8,,1,22,9,121.5255608,25.0580295
112,2,11,11,59,2,03中山區,中山區林森北路與民生東路1段口,0,0,1,2,C03,8,1,5,50,4,1,1,5,4,5,7,1,1,9,4,5,2,17,1,23,2,9,1,1,7,9,1,10,2,11,,44,,1,22,9,121.5255608,25.0580295
112,2,11,12,24,2,10文山區,文山區興隆路4段54-7號,0,0,1,2,C03,8,1,5,50,14,9,1,5,4,5,7,4,4,1,4,5,2,17,1,63,2,9,3,4,7,9,1,10,2,11,,42,,1,22,9,121.5611502,24.98582988
112,2,11,12,24,2,10文山區,文山區興隆路4段54-7號,0,0,1,1,B03,8,1,5,50,14,9,1,5,4,5,7,4,4,1,4,5,2,17,1,46,3,10,3,4,7,2,1,8,2,7,,12,,1,22,9,121.5611502,24.98582988
112,2,11,12,40,2,05中正區,中正區忠孝西路1段100號,0,0,1,1,B03,8,1,5,50,14,9,1,5,4,5,7,4,4,3,5,5,2,16,1,35,3,10,1,1,7,8,1,8,1,2,,44,,1,22,9,121.5130489,25.04718345
112,2,11,12,40,2,05中正區,中正區忠孝西路1段100號,0,0,1,2,C03,8,1,5,50,14,9,1,5,4,5,7,4,4,3,5,5,2,16,1,47,2,9,1,1,7,9,1,10,1,14,,44,,1,22,9,121.5130489,25.04718345
112,2,11,12,44,2,05中正區,中正區忠孝東路2段與八德路1段口,0,0,1,3,B02,8,1,5,50,3,1,1,5,4,5,7,1,1,1,4,5,2,16,1,66,3,10,1,1,7,9,1,8,2,5,,43,,1,22,9,121.528951,25.0434718
112,2,11,12,44,2,05中正區,中正區忠孝東路2段與八德路1段口,0,0,1,1,B03,8,1,5,50,3,1,1,5,4,5,7,1,1,1,4,5,2,16,1,18,3,10,1,1,7,7,1,8,2,8,,43,,1,22,9,121.528951,25.0434718
112,2,11,12,44,2,05中正區,中正區忠孝東路2段與八德路1段口,0,0,1,2,C03,8,1,5,50,3,1,1,5,4,5,7,1,1,1,4,5,2,16,1,29,2,9,1,1,7,9,1,10,2,12,,43,,1,22,9,121.528951,25.0434718
112,2,11,12,45,2,02萬華區,萬華區和平西路3段與艋舺大道口,0,0,1,1,C03,8,1,5,50,4,1,1,5,4,5,7,2,1,3,4,5,2,13,1,66,2,9,1,4,7,9,1,10,1,11,,16,,1,22,9,121.5048095,25.0340755
112,2,11,12,45,2,02萬華區,萬華區和平西路3段與艋舺大道口,0,0,1,2,B03,8,1,5,50,4,1,1,5,4,5,7,2,1,3,4,5,2,13,2,49,3,10,1,4,7,9,1,8,1,6,,44,,1,22,9,121.5048095,25.0340755
112,2,11,12,45,2,02萬華區,萬華區和平西路3段與艋舺大道口,0,0,1,3,C03,8,1,5,50,4,1,1,5,4,5,7,2,1,3,4,5,2,13,4,0,4,11,3,4,7,15,7,19,11,15,,43,,2,22,9,121.5048095,25.0340755
112,2,11,13,14,2,03中山區,中山區建國北路3段與農安街口,0,0,2,2,H01,8,1,5,50,4,2,1,5,4,5,7,2,1,5,4,5,2,3,2,31,2,9,3,4,8,16,8,20,10,16,,67,,1,22,9,121.5366184,25.06476145
112,2,11,13,14,2,03中山區,中山區建國北路3段與農安街口,0,0,2,3,H01,8,1,5,50,4,2,1,5,4,5,7,2,1,5,4,5,2,3,2,3,2,9,3,4,8,16,8,20,10,16,,67,,1,22,9,121.5366184,25.06476145
112,2,11,13,14,2,03中山區,中山區建國北路3段與農安街口,0,0,2,1,B03,8,1,5,50,4,2,1,5,4,5,7,2,1,5,4,5,2,3,1,51,3,10,3,4,7,5,1,8,2,1,,15,,1,22,9,121.5366184,25.06476145
112,2,11,13,15,2,03中山區,中山區長春路311號,0,0,1,1,B03,8,1,5,50,14,9,1,5,4,5,7,4,4,8,5,5,1,12,1,50,3,10,3,4,7,1,1,8,1,8,,19,,1,22,9,121.5429995,25.05461069
112,2,11,13,15,2,03中山區,中山區長春路311號,0,0,1,2,C03,8,1,5,50,14,9,1,5,4,5,7,4,4,8,5,5,1,12,1,33,2,7,3,4,7,9,1,10,1,12,,44,,1,22,9,121.5429995,25.05461069
112,2,11,13,29,2,12內湖區,內湖區康樂街85巷與康樂街61巷口,0,0,2,1,B03,8,1,5,30,4,1,1,5,4,4,3,4,4,10,4,5,1,15,1,52,3,10,1,1,7,9,1,8,2,8,,23,,1,22,9,121.6194878,25.06954998
112,2,11,13,29,2,12內湖區,內湖區康樂街85巷與康樂街61巷口,0,0,2,3,H02,8,1,5,30,4,1,1,5,4,4,3,4,4,10,4,5,1,15,2,47,2,8,1,5,7,21,8,20,10,16,,67,,1,22,9,121.6194878,25.06954998
112,2,11,13,29,2,12內湖區,內湖區康樂街85巷與康樂街61巷口,0,0,2,2,C03,8,1,5,30,4,1,1,5,4,4,3,4,4,10,4,5,1,15,1,51,2,8,1,1,7,9,1,10,2,11,,6,,1,22,9,121.6194878,25.06954998
112,2,11,13,49,2,03中山區,中山區民族東路與林森北路口,0,0,1,1,B03,8,1,5,50,3,2,1,5,4,5,7,1,1,1,4,5,2,17,2,33,3,10,1,1,7,11,1,8,1,6,,26,,1,22,9,121.5256171,25.0684474
112,2,11,13,49,2,03中山區,中山區民族東路與林森北路口,0,0,1,2,C03,8,1,5,50,3,2,1,5,4,5,7,1,1,1,4,5,2,17,1,18,2,9,1,1,7,9,1,10,1,14,,13,,1,22,9,121.5256171,25.0684474
112,2,11,14,0,2,04大安區,大安區新生南路3段86巷與羅斯福路3段283巷口,0,0,2,3,H02,8,1,5,30,4,2,1,5,4,5,7,4,4,10,5,5,2,13,2,38,2,9,1,5,7,20,8,20,10,16,,67,,1,22,9,121.5327929,25.0188029
112,2,11,14,0,2,04大安區,大安區新生南路3段86巷與羅斯福路3段283巷口,0,0,2,1,C03,8,1,5,30,4,2,1,5,4,5,7,4,4,10,5,5,2,13,2,23,2,9,1,1,7,9,1,10,1,11,,23,,1,22,9,121.5327929,25.0188029
112,2,11,14,0,2,04大安區,大安區新生南路3段86巷與羅斯福路3段283巷口,0,0,2,2,C03,8,1,5,30,4,2,1,5,4,5,7,4,4,10,5,5,2,13,1,39,3,10,1,1,7,9,1,10,1,13,,44,,1,22,9,121.5327929,25.0188029
112,2,11,14,15,2,05中正區,中正區新生南路1段6-6號,0,0,1,1,A41,8,1,5,50,14,9,1,5,4,5,7,4,4,3,4,5,2,12,1,44,3,10,1,1,7,8,1,1,2,5,,7,,1,22,9,121.5327588,25.04388795
112,2,11,14,15,2,05中正區,中正區新生南路1段6-6號,0,0,1,2,C04,8,1,5,50,14,9,1,5,4,5,7,4,4,3,4,5,2,12,2,61,2,9,1,1,7,9,1,8,2,14,,44,,1,22,9,121.5327588,25.04388795
112,2,11,14,20,2,07信義區,信義區市民大道5段與東興路口,0,0,1,1,B03,8,1,5,50,4,1,1,5,4,5,7,1,1,1,2,5,2,11,1,40,3,10,1,1,7,5,1,8,2,5,,6,,1,22,9,121.5658402,25.0482125
112,2,11,14,20,2,07信義區,信義區市民大道5段與東興路口,0,0,1,2,C03,8,1,5,50,4,1,1,5,4,5,7,1,1,1,2,5,2,11,1,22,2,9,1,1,7,9,1,10,2,11,,13,,1,22,9,121.5658402,25.0482125
112,2,11,14,24,2,03中山區,中山區民權東路3段58號,0,0,2,1,C03,8,1,5,50,14,9,1,5,4,5,7,2,1,1,1,1,1,13,1,25,2,8,3,4,7,9,1,10,1,11,,16,,1,22,9,121.5423267,25.06227266
112,2,11,14,24,2,03中山區,中山區民權東路3段58號,0,0,2,2,C03,8,1,5,50,14,9,1,5,4,5,7,2,1,1,1,1,1,13,2,30,2,8,3,4,7,9,1,10,1,13,,44,,1,22,9,121.5423267,25.06227266
112,2,11,14,41,2,04大安區,大安區辛亥路3段與辛亥路3段21巷口,0,0,1,1,B03,8,1,5,30,3,1,1,5,4,5,7,4,4,1,4,5,2,17,1,38,3,10,1,1,7,6,1,8,2,7,,6,,1,22,9,121.5443915,25.02138111
112,2,11,14,41,2,04大安區,大安區辛亥路3段與辛亥路3段21巷口,0,0,1,2,C03,8,1,5,30,3,1,1,5,4,5,7,4,4,1,4,5,2,17,1,21,2,9,1,1,7,9,1,10,2,11,,44,,1,22,9,121.5443915,25.02138111
112,2,11,15,20,2,12內湖區,內湖區內湖路1段1巷與內湖路1段1巷9弄口,0,0,1,2,C02,8,1,5,30,3,1,1,5,4,5,7,4,4,10,5,5,2,11,1,32,2,9,1,1,7,6,4,10,1,14,,44,,1,22,9,121.5579235,25.08545918
112,2,11,15,20,2,12內湖區,內湖區內湖路1段1巷與內湖路1段1巷9弄口,0,0,1,1,B03,8,1,5,30,3,1,1,5,4,5,7,4,4,10,5,5,2,11,1,51,3,10,1,1,7,5,1,8,1,4,,5,,1,22,9,121.5579235,25.08545918
112,2,11,15,23,2,02萬華區,萬華區廣州街與梧州街口,0,0,1,2,H01,8,1,5,30,4,2,1,5,4,5,7,4,4,5,5,5,2,8,1,20,2,8,4,5,8,17,8,20,1,16,,67,,1,22,9,121.4976059,25.0366639
112,2,11,15,23,2,02萬華區,萬華區廣州街與梧州街口,0,0,1,1,B03,8,1,5,30,4,2,1,5,4,5,7,4,4,5,5,5,2,8,1,111,3,10,1,1,7,6,7,19,11,2,,9,,1,22,9,121.4976059,25.0366639
112,2,11,15,36,2,04大安區,大安區信義路4段30巷22弄與瑞安街口,0,0,1,1,C03,8,1,5,30,4,1,1,5,4,5,7,4,4,9,4,5,2,15,1,32,3,10,1,1,7,9,1,10,1,12,,6,,1,22,9,121.5439698,25.03243593
112,2,11,15,36,2,04大安區,大安區信義路4段30巷22弄與瑞安街口,0,0,1,2,C03,8,1,5,30,4,1,1,5,4,5,7,4,4,9,4,5,2,15,2,24,2,7,1,1,7,9,1,10,1,11,,13,,1,22,9,121.5439698,25.03243593
112,2,11,15,42,2,08士林區,士林區福國路103號與文林路5巷口(建德橋、文林北路5巷),0,0,1,1,F01,8,1,5,0,5,2,1,5,4,5,7,4,4,5,5,5,2,17,2,56,2,9,1,1,7,1,8,20,1,16,,19,,1,22,9,121.5177942,25.1
112,2,11,15,42,2,08士林區,士林區福國路103號與文林路5巷口(建德橋、文林北路5巷),0,0,1,2,C03,8,1,5,0,5,2,1,5,4,5,7,4,4,5,5,5,2,17,1,23,3,10,1,1,7,9,1,10,1,11,,14,,1,22,9,121.5177942,25.1
112,2,11,15,48,2,07信義區,信義區吳興街500巷4號,0,0,1,1,B03,8,1,5,30,14,9,1,5,4,5,7,4,4,10,5,5,2,17,1,50,3,10,1,1,7,9,1,8,2,15,,44,,1,22,9,121.5693502,25.023078
112,2,11,15,48,2,07信義區,信義區吳興街500巷4號,0,0,1,2,C03,8,1,5,30,14,9,1,5,4,5,7,4,4,10,5,5,2,17,1,90,2,9,1,1,7,9,1,10,2,15,,42,,1,22,9,121.5693502,25.023078
112,2,11,16,10,2,12內湖區,內湖區東湖路113巷70弄與東湖路113巷口,0,0,3,4,H02,7,1,5,30,3,2,1,5,4,5,7,4,4,10,4,5,2,16,1,8,2,9,1,1,7,21,8,20,10,16,,67,,1,22,9,121.6157431,25.07135473
112,2,11,16,10,2,12內湖區,內湖區東湖路113巷70弄與東湖路113巷口,0,0,3,3,H02,7,1,5,30,3,2,1,5,4,5,7,4,4,10,4,5,2,16,2,10,2,9,1,5,7,21,8,20,10,16,,67,,1,22,9,121.6157431,25.07135473
112,2,11,16,10,2,12內湖區,內湖區東湖路113巷70弄與東湖路113巷口,0,0,3,2,C03,7,1,5,30,3,2,1,5,4,5,7,4,4,10,4,5,2,16,1,48,2,9,1,1,7,9,1,10,2,12,,23,,1,22,9,121.6157431,25.07135473
112,2,11,16,10,2,12內湖區,內湖區東湖路113巷70弄與東湖路113巷口,0,0,3,1,B03,7,1,5,30,3,2,1,5,4,5,7,4,4,10,4,5,2,16,1,46,3,10,1,1,7,6,1,8,2,4,,6,,1,22,9,121.6157431,25.07135473
112,2,11,16,23,2,12內湖區,內湖區文德路22巷與文德路22巷44弄口,0,0,2,3,H02,8,1,5,30,4,1,1,5,4,4,3,3,1,10,4,5,1,15,2,31,2,8,1,5,7,21,8,20,10,16,,67,,1,22,9,121.5800891,25.07675938
112,2,11,16,23,2,12內湖區,內湖區文德路22巷與文德路22巷44弄口,0,0,2,2,B03,8,1,5,30,4,1,1,5,4,4,3,3,1,10,4,5,1,15,1,55,3,10,1,1,7,9,1,8,2,1,,14,,1,22,9,121.5800891,25.07675938
112,2,11,16,23,2,12內湖區,內湖區文德路22巷與文德路22巷44弄口,0,0,2,1,C03,8,1,5,30,4,1,1,5,4,4,3,3,1,10,4,5,1,15,1,33,2,8,1,1,7,9,1,10,2,12,,6,,1,22,9,121.5800891,25.07675938
112,2,11,16,43,2,10文山區,文山區木柵路5段43巷074電桿,0,0,1,2,C03,8,1,5,30,11,9,1,5,4,5,1,4,4,10,5,5,1,11,1,35,2,8,1,1,7,6,1,10,1,11,,13,,1,22,9,121.5747947,25.01181586
112,2,11,16,43,2,10文山區,文山區木柵路5段43巷074電桿,0,0,1,1,B03,8,1,5,30,11,9,1,5,4,5,1,4,4,10,5,5,1,11,1,26,3,10,3,4,7,5,1,8,1,4,,5,,1,22,9,121.5747947,25.01181586
112,2,11,17,13,2,05中正區,中正區長沙街1段與延平南路口,0,0,2,1,H01,8,1,5,0,14,19,1,5,4,5,7,1,1,9,4,5,2,6,2,48,2,9,4,5,8,18,8,20,10,16,,51,,1,22,9,121.509374,25.04031105