發生年度,發生月,發生日,發生時-Hours,發生分,處理別-編號,區序,肇事地點,死亡人數,2-30日死亡人數,受傷人數,當事人序號,車種,天候,光線,道路類別,速限-速度限制,道路型態,事故位置,路面狀況1,路面狀況2,路面狀況3,道路障礙1,道路障礙2,號誌1,號誌2,車道劃分-分向,車道劃分-分道1,車道劃分-分道2,車道劃分-分道3,事故類型及型態,性別,年齡,受傷程度,主要傷處,保護裝置,行動電話,車輛用途,當事者行動狀態,駕駛資格情形,駕駛執照種類,飲酒情形,車輛撞擊部位1,車輛撞擊部位2,肇因碼-個別,肇因碼-主要,個人肇逃否,職業,旅次目的,座標-X,座標-Y
112,2,12,16,37,2,08士林區,士林區仰德大道3段與新安路口,0,0,1,1,C02,8,1,5,40,3,2,1,5,4,5,7,1,1,5,5,5,2,17,1,31,2,9,1,1,7,4,6,18,1,11,,23,,1,22,9,121.5528781,25.1189183
112,2,12,16,37,2,08士林區,士林區仰德大道3段與新安路口,0,0,1,2,B12,8,1,5,40,3,2,1,5,4,5,7,1,1,5,5,5,2,17,1,75,3,10,1,1,7,6,1,8,1,2,,44,,1,22,9,121.5528781,25.1189183
112,2,12,16,38,2,10文山區,文山區和平東路4段65巷與和平東路4段口,0,0,1,2,C04,8,1,5,50,4,1,1,5,4,5,7,2,1,5,5,5,1,17,2,70,2,8,1,1,7,5,1,8,2,13,,44,,1,22,9,121.5671587,25.0055635
112,2,12,16,38,2,10文山區,文山區和平東路4段65巷與和平東路4段口,0,0,1,1,B03,8,1,5,50,4,1,1,5,4,5,7,2,1,5,5,5,1,17,2,44,3,10,1,1,7,9,1,8,2,8,,23,,1,22,9,121.5671587,25.0055635
112,2,12,17,25,2,03中山區,中山區北安路535號,0,0,1,1,B03,8,1,5,50,14,9,1,5,4,5,7,1,1,1,4,5,2,16,1,52,3,10,1,1,7,5,1,8,1,5,,25,,1,22,9,121.5474345,25.0801062
112,2,12,17,25,2,03中山區,中山區北安路535號,0,0,1,2,C03,8,1,5,50,14,9,1,5,4,5,7,1,1,1,4,5,2,16,1,56,2,8,1,1,7,9,3,18,1,14,,13,,1,22,9,121.5474345,25.0801062
112,2,12,17,34,2,07信義區,信義區基隆路2段62號,0,0,1,1,B03,8,1,5,50,14,9,1,5,4,5,7,4,4,1,4,5,1,17,1,31,4,11,3,4,7,10,7,19,11,15,,7,,2,22,9,121.5583498,25.0311643
112,2,12,17,34,2,07信義區,信義區基隆路2段62號,0,0,1,2,C03,8,1,5,50,14,9,1,5,4,5,7,4,4,1,4,5,1,17,2,24,3,10,1,4,7,9,1,10,2,14,,44,,1,22,9,121.5583498,25.0311643
112,2,12,17,34,2,07信義區,信義區基隆路2段62號,0,0,1,3,C03,8,1,5,50,14,9,1,5,4,5,7,4,4,1,4,5,1,17,1,38,2,9,1,4,7,8,1,10,2,11,,44,,1,22,9,121.5583498,25.0311643
112,2,12,17,34,2,07信義區,信義區基隆路2段62號,0,0,1,4,B03,8,1,5,50,14,9,1,5,4,5,7,4,4,1,4,5,1,17,1,31,3,10,3,4,7,14,1,8,2,6,,44,,1,22,9,121.5583498,25.0311643
112,2,12,17,46,2,01大同區,大同區環河北路1段與鄭州路口,0,0,1,1,B03,8,1,5,40,4,1,1,5,4,5,7,2,1,1,5,5,2,16,1,59,3,10,1,1,7,5,1,1,2,5,,17,,1,22,9,121.5067572,25.0507221
112,2,12,17,46,2,01大同區,大同區環河北路1段與鄭州路口,0,0,1,2,C03,8,1,5,40,4,1,1,5,4,5,7,2,1,1,5,5,2,16,2,31,2,9,1,1,7,5,1,10,2,13,,8,,1,22,9,121.5067572,25.0507221
112,2,12,17,52,2,03中山區,中山區民族東路32號對面,0,0,2,3,H02,8,3,5,50,3,2,1,5,4,5,7,2,1,3,4,4,2,12,2,29,2,9,3,5,7,20,8,20,10,16,,67,,1,22,9,121.5246432,25.0684866
112,2,12,17,52,2,03中山區,中山區民族東路32號對面,0,0,2,1,C03,8,3,5,50,3,2,1,5,4,5,7,2,1,3,4,4,2,12,2,31,2,9,3,4,7,9,1,10,1,11,,25,,1,22,9,121.5246432,25.0684866
112,2,12,17,52,2,03中山區,中山區民族東路32號對面,0,0,2,2,B03,8,3,5,50,3,2,1,5,4,5,7,2,1,3,4,4,2,12,1,32,3,10,3,4,7,8,1,8,1,5,,7,,1,22,9,121.5246432,25.0684866
112,2,12,18,39,2,10文山區,文山區指南路3段38巷22-1號旁,0,0,2,3,H01,8,3,5,30,14,9,1,5,4,5,7,4,4,10,5,5,2,1,1,4,2,8,4,1,8,18,8,20,10,16,,67,,1,22,9,121.5874269,24.96720929
112,2,12,18,39,2,10文山區,文山區指南路3段38巷22-1號旁,0,0,2,2,H01,8,3,5,30,14,9,1,5,4,5,7,4,4,10,5,5,2,1,2,34,2,4,4,1,8,16,8,20,10,16,,67,,1,22,9,121.5874269,24.96720929
112,2,12,18,39,2,10文山區,文山區指南路3段38巷22-1號旁,0,0,2,1,B03,8,3,5,30,14,9,1,5,4,5,7,4,4,10,5,5,2,1,1,79,3,10,1,1,7,9,1,8,2,4,,23,,1,22,9,121.5874269,24.96720929
112,2,12,18,45,2,04大安區,大安區信義路4段與安和路1段口,0,0,1,2,H01,8,3,5,50,4,2,1,5,4,5,7,2,1,3,4,5,2,3,1,79,2,9,4,5,8,16,8,20,10,16,,67,,1,22,9,121.5525064,25.0333923
112,2,12,18,45,2,04大安區,大安區信義路4段與安和路1段口,0,0,1,1,B01,8,3,5,50,4,2,1,5,4,5,7,2,1,3,4,5,2,3,1,59,3,10,1,1,7,5,1,4,2,1,,15,,1,22,9,121.5525064,25.0333923
112,2,12,18,47,2,07信義區,信義區松仁路170號,0,0,2,1,B03,8,3,5,0,14,9,1,5,4,5,7,4,4,9,4,5,2,12,2,37,3,10,1,1,7,7,1,8,1,4,,7,,1,22,9,121.5683361,25.0281801
112,2,12,18,47,2,07信義區,信義區松仁路170號,0,0,2,2,C03,8,3,5,0,14,9,1,5,4,5,7,4,4,9,4,5,2,12,1,26,2,9,1,1,7,9,1,10,1,12,,44,,1,22,9,121.5683361,25.0281801
112,2,12,18,47,2,07信義區,信義區松仁路170號,0,0,2,3,H02,8,3,5,0,14,9,1,5,4,5,7,4,4,9,4,5,2,12,2,27,2,9,1,5,7,20,8,20,10,16,,67,,1,22,9,121.5683361,25.0281801
112,2,12,18,55,2,12內湖區,內湖區金龍路與內湖路3段115巷口,0,0,2,1,C03,7,3,5,50,3,1,1,5,4,5,7,2,1,9,4,4,2,16,2,22,2,8,1,1,7,5,1,10,1,12,,6,,1,22,9,121.590274,25.08583628
112,2,12,18,55,2,12內湖區,內湖區金龍路與內湖路3段115巷口,0,0,2,2,C03,7,3,5,50,3,1,1,5,4,5,7,2,1,9,4,4,2,16,2,22,2,8,1,1,7,9,1,10,1,11,,13,,1,22,9,121.590274,25.08583628
112,2,12,19,22,2,07信義區,信義區忠孝東路5段35號,0,0,1,1,C03,7,3,5,50,14,9,1,5,4,5,7,1,1,1,4,5,1,13,1,38,3,10,3,4,7,9,1,10,1,11,,23,,1,22,9,121.5661966,25.0411694
112,2,12,19,22,2,07信義區,信義區忠孝東路5段35號,0,0,1,2,C03,7,3,5,50,14,9,1,5,4,5,7,1,1,1,4,5,1,13,1,34,2,9,3,4,7,14,1,10,1,13,,44,,1,22,9,121.5661966,25.0411694
112,2,12,19,36,2,04大安區,大安區基隆路4段與基隆路4段73巷口,0,0,2,2,C03,8,3,5,50,4,1,1,5,4,5,7,2,1,9,4,4,1,12,2,52,2,9,1,4,7,9,1,10,2,11,,23,,1,22,9,121.5395831,25.01298653
112,2,12,19,36,2,04大安區,大安區基隆路4段與基隆路4段73巷口,0,0,2,1,C03,8,3,5,50,4,1,1,5,4,5,7,2,1,9,4,4,1,12,1,19,2,9,1,4,7,6,1,10,2,12,,9,,1,22,9,121.5395831,25.01298653
112,2,12,20,1,2,03中山區,中山區中山北路2段與長春路口,0,0,1,1,B03,8,3,5,50,4,2,1,5,4,5,7,1,1,5,4,4,2,17,1,38,3,10,1,1,7,5,1,8,1,1,,25,,1,22,9,121.5227396,25.0549622
112,2,12,20,1,2,03中山區,中山區中山北路2段與長春路口,0,0,1,2,C03,8,3,5,50,4,2,1,5,4,5,7,1,1,5,4,4,2,17,1,31,2,9,1,1,7,9,1,10,1,11,,25,,1,22,9,121.5227396,25.0549622
112,2,12,20,11,2,04大安區,大安區敦化南路2段63巷與敦化南路2段63巷53弄口,0,0,2,2,C03,8,3,5,30,4,1,1,5,4,5,7,2,1,9,5,5,1,15,1,36,2,9,3,4,7,9,1,10,1,11,,25,,1,22,9,121.5515272,25.03094535
112,2,12,20,11,2,04大安區,大安區敦化南路2段63巷與敦化南路2段63巷53弄口,0,0,2,1,B03,8,3,5,30,4,1,1,5,4,5,7,2,1,9,5,5,1,15,1,55,3,10,3,4,7,9,1,8,1,4,,25,,1,22,9,121.5515272,25.03094535
112,2,12,20,11,2,04大安區,大安區敦化南路2段63巷與敦化南路2段63巷53弄口,0,0,2,3,H02,8,3,5,30,4,1,1,5,4,5,7,2,1,9,5,5,1,15,2,32,2,9,3,4,7,20,8,20,10,16,,67,,1,22,9,121.5515272,25.03094535
112,2,12,20,45,2,05中正區,中正區汀州路3段與羅斯福路4段196巷口,0,0,2,2,C03,7,3,5,50,4,1,1,5,4,5,7,4,4,4,4,5,1,15,1,23,2,9,1,1,7,9,1,10,1,11,,27,,1,22,9,121.5359238,25.0115441
112,2,12,20,45,2,05中正區,中正區汀州路3段與羅斯福路4段196巷口,0,0,2,1,C03,7,3,5,50,4,1,1,5,4,5,7,4,4,4,4,5,1,15,1,63,2,9,1,1,7,9,1,10,1,12,,26,,1,22,9,121.5359238,25.0115441
112,2,12,21,10,2,12內湖區,內湖區民權大橋西往東,0,0,1,1,,8,3,5,40,14,11,1,5,4,5,7,4,4,3,5,5,2,12,4,0,4,11,3,4,7,15,7,19,11,15,,43,,2,22,9,121.5709395,25.06431419
112,2,12,21,10,2,12內湖區,內湖區民權大橋西往東,0,0,1,2,C03,8,3,5,40,14,11,1,5,4,5,7,4,4,3,5,5,2,12,1,29,2,9,1,1,7,9,1,10,1,14,,43,,1,22,9,121.5709395,25.06431419
112,2,12,21,48,2,09北投區,北投區大業路與北投路2段口,0,0,1,2,C03,8,3,5,60,4,1,1,5,4,5,7,1,1,1,2,5,2,16,1,19,2,9,1,1,7,5,1,10,1,11,,26,,1,22,9,121.4962823,25.1344194
112,2,12,21,48,2,09北投區,北投區大業路與北投路2段口,0,0,1,1,B12,8,3,5,60,4,1,1,5,4,5,7,1,1,1,2,5,2,16,1,39,3,10,1,1,7,9,1,8,1,6,,42,,1,22,9,121.4962823,25.1344194
112,2,12,21,50,2,03中山區,中山區新生北路2段32號,0,0,1,1,B03,7,3,5,50,14,9,1,5,4,5,7,4,4,10,4,5,2,16,1,48,3,10,3,4,7,6,1,8,2,2,,9,,1,22,9,121.5273393,25.0542972
112,2,12,21,50,2,03中山區,中山區新生北路2段32號,0,0,1,2,C03,7,3,5,50,14,9,1,5,4,5,7,4,4,10,4,5,2,16,2,40,2,8,1,1,7,9,1,10,2,14,,44,,1,22,9,121.5273393,25.0542972
112,2,12,22,12,2,05中正區,中正區牯嶺街與南海路口,0,0,1,1,C03,8,3,5,30,4,1,1,5,4,5,7,1,1,10,4,5,2,17,1,24,3,10,1,1,7,5,1,10,2,13,,8,,1,22,9,121.5149928,25.03198981
112,2,12,22,12,2,05中正區,中正區牯嶺街與南海路口,0,0,1,2,C03,8,3,5,30,4,1,1,5,4,5,7,1,1,10,4,5,2,17,1,19,2,9,1,1,7,9,1,10,2,14,,23,,1,22,9,121.5149928,25.03198981
112,2,13,6,29,2,03中山區,中山區龍江路356巷與龍江路口,0,0,1,2,H01,7,2,5,50,4,1,1,5,4,5,7,1,1,10,5,5,2,1,1,85,2,9,1,4,8,16,8,20,10,16,,51,,1,22,9,121.5409758,25.0659911
112,2,13,6,29,2,03中山區,中山區龍江路356巷與龍江路口,0,0,1,1,B03,7,2,5,50,4,1,1,5,4,5,7,1,1,10,5,5,2,1,1,67,3,10,1,4,7,11,1,6,2,5,,10,,1,22,9,121.5409758,25.0659911
112,2,13,6,59,2,08士林區,士林區文林路與文林路594巷口,0,0,1,1,,8,1,5,50,4,1,1,5,4,5,2,3,1,5,5,4,2,12,4,0,4,11,3,4,7,15,7,19,11,15,,43,,2,22,9,121.5237231,25.09847198
112,2,13,6,59,2,08士林區,士林區文林路與文林路594巷口,0,0,1,2,F01,8,1,5,50,4,1,1,5,4,5,2,3,1,5,5,4,2,12,1,15,2,9,3,4,7,9,8,20,9,16,,43,,1,22,9,121.5237231,25.09847198
112,2,13,7,8,2,05中正區,中正區中山南路與愛國東路口,0,0,1,1,C03,8,1,5,50,4,2,1,5,4,2,7,1,1,5,4,1,1,12,1,43,3,10,1,1,7,6,1,10,2,12,,17,,1,22,9,121.5167366,25.0353381
112,2,13,7,8,2,05中正區,中正區中山南路與愛國東路口,0,0,1,2,C03,8,1,5,50,4,2,1,5,4,2,7,1,1,5,4,1,1,12,2,18,2,9,1,1,7,6,1,10,2,11,,17,,1,22,9,121.5167366,25.0353381
112,2,13,7,22,2,02萬華區,萬華區康定路20號,0,0,1,2,C03,8,1,5,50,14,9,1,5,4,5,7,4,4,5,5,5,1,17,1,33,2,7,3,4,7,9,1,10,1,12,,44,,1,22,9,121.5030423,25.04516766
112,2,13,7,22,2,02萬華區,萬華區康定路20號,0,0,1,1,B01,8,1,5,50,14,9,1,5,4,5,7,4,4,5,5,5,1,17,1,38,3,10,3,4,7,5,1,4,1,4,,8,,1,22,9,121.5030423,25.04516766
112,2,13,7,30,2,12內湖區,內湖區文德路22巷44弄與陽光街口,0,0,1,2,C03,8,1,5,50,3,1,1,5,4,5,7,4,4,9,5,5,2,16,2,40,2,9,1,1,7,9,1,9,1,14,,23,,1,22,9,121.5815805,25.0747791
112,2,13,7,30,2,12內湖區,內湖區文德路22巷44弄與陽光街口,0,0,1,1,B03,8,1,5,50,3,1,1,5,4,5,7,4,4,9,5,5,2,16,1,69,3,10,1,1,7,6,1,8,1,2,,9,,1,22,9,121.5815805,25.0747791
112,2,13,7,31,2,12內湖區,內湖區五分街與五分街14巷口,0,0,1,1,B03,8,1,5,30,4,2,1,5,4,5,7,4,4,10,5,5,2,15,1,40,3,10,1,1,7,9,1,8,1,8,,6,,1,22,9,121.6137386,25.0674972
112,2,13,7,31,2,12內湖區,內湖區五分街與五分街14巷口,0,0,1,2,C03,8,1,5,30,4,2,1,5,4,5,7,4,4,10,5,5,2,15,2,56,2,8,1,1,7,9,1,10,1,14,,44,,1,22,9,121.6137386,25.0674972
112,2,13,7,43,2,03中山區,中山區民權東路2段與新生北路3段口,0,0,3,4,B03,8,1,5,50,4,2,1,5,4,5,7,2,1,5,4,5,2,13,4,0,4,11,3,4,7,15,7,19,11,15,,43,,2,22,9,121.5279603,25.0627042
112,2,13,7,43,2,03中山區,中山區民權東路2段與新生北路3段口,0,0,3,3,H02,8,1,5,50,4,2,1,5,4,5,7,2,1,5,4,5,2,13,2,10,2,8,3,4,7,20,8,20,10,16,,67,,1,22,9,121.5279603,25.0627042
112,2,13,7,43,2,03中山區,中山區民權東路2段與新生北路3段口,0,0,3,1,C03,8,1,5,50,4,2,1,5,4,5,7,2,1,5,4,5,2,13,1,42,2,8,3,4,7,7,1,10,1,13,,44,,1,22,9,121.5279603,25.0627042
112,2,13,7,43,2,03中山區,中山區民權東路2段與新生北路3段口,0,0,3,2,C03,8,1,5,50,4,2,1,5,4,5,7,2,1,5,4,5,2,13,1,22,2,8,3,4,7,9,1,10,1,11,,16,,1,22,9,121.5279603,25.0627042
112,2,13,7,51,2,02萬華區,萬華區堤外便道編號龍山096燈桿前,0,0,1,3,C03,8,1,7,40,14,11,1,5,4,5,7,4,4,8,5,5,2,13,4,0,4,11,3,4,7,15,7,19,11,15,,43,,2,22,9,121.5044829,25.04784444
112,2,13,7,51,2,02萬華區,萬華區堤外便道編號龍山096燈桿前,0,0,1,1,C03,8,1,7,40,14,11,1,5,4,5,7,4,4,8,5,5,2,13,2,41,2,8,1,1,7,9,1,10,1,11,,16,,1,22,9,121.5044829,25.04784444
112,2,13,7,51,2,02萬華區,萬華區堤外便道編號龍山096燈桿前,0,0,1,2,C03,8,1,7,40,14,11,1,5,4,5,7,4,4,8,5,5,2,13,1,45,3,10,1,1,7,12,1,10,1,13,,44,,1,22,9,121.5044829,25.04784444
112,2,13,7,55,2,05中正區,中正區中山南路與徐州路口,0,0,1,1,B03,8,1,5,50,4,1,1,5,4,5,7,1,1,1,4,5,2,13,2,62,3,10,1,1,7,8,1,8,2,1,,23,,1,22,9,121.5186272,25.041842
112,2,13,7,55,2,05中正區,中正區中山南路與徐州路口,0,0,1,2,C03,8,1,5,50,4,1,1,5,4,5,7,1,1,1,4,5,2,13,2,66,2,9,1,1,7,15,1,10,2,13,,44,,1,22,9,121.5186272,25.041842
112,2,13,8,0,2,10文山區,文山區溪洲街51號,0,0,2,1,H01,8,1,5,30,14,9,1,5,4,5,7,4,4,9,5,5,2,3,2,29,2,9,4,1,8,16,8,20,1,16,,60,,1,22,9,121.534483,25.00567473
112,2,13,8,0,2,10文山區,文山區溪洲街51號,0,0,2,2,C03,8,1,5,30,14,9,1,5,4,5,7,4,4,9,5,5,2,3,1,39,2,9,1,1,7,9,1,10,1,11,,43,,1,22,9,121.534483,25.00567473
112,2,13,8,10,2,05中正區,中正區汀州路3段8號,0,0,1,2,C03,8,1,5,50,16,9,1,5,4,5,7,4,4,10,4,5,2,12,1,44,2,8,1,1,7,9,1,10,2,13,,44,,1,22,9,121.5275328,25.0187584
112,2,13,8,10,2,05中正區,中正區汀州路3段8號,0,0,1,1,B03,8,1,5,50,16,9,1,5,4,5,7,4,4,10,4,5,2,12,1,73,3,10,1,1,7,9,1,8,2,5,,23,,1,22,9,121.5275328,25.0187584
112,2,13,8,10,2,05中正區,中正區汀州路3段8號,0,0,1,3,A05,8,1,5,50,16,9,1,5,4,5,7,4,4,10,4,5,2,12,1,54,3,10,1,1,7,6,1,2,2,15,,44,,1,22,9,121.5275328,25.0187584
112,2,13,8,12,2,10文山區,文山區興隆路2段與興隆路2段22巷口,0,0,4,1,C03,8,1,5,50,3,1,1,5,4,5,7,4,4,1,4,5,2,3,2,37,2,9,1,1,7,9,1,10,2,11,,15,,1,22,9,121.5456536,24.9987888
112,2,13,8,12,2,10文山區,文山區興隆路2段與興隆路2段22巷口,0,0,4,3,C03,8,1,5,50,3,1,1,5,4,5,7,4,4,1,4,5,2,3,1,21,2,7,1,1,7,9,1,10,2,11,,16,,1,22,9,121.5456536,24.9987888
112,2,13,8,12,2,10文山區,文山區興隆路2段與興隆路2段22巷口,0,0,4,2,H01,8,1,5,50,3,1,1,5,4,5,7,4,4,1,4,5,2,3,2,78,2,9,4,5,8,16,8,20,10,16,,67,,1,22,9,121.5456536,24.9987888
112,2,13,8,12,2,10文山區,文山區興隆路2段與興隆路2段22巷口,0,0,4,4,H02,8,1,5,50,3,1,1,5,4,5,7,4,4,1,4,5,2,3,1,6,2,1,1,5,7,20,8,20,10,16,,67,,1,22,9,121.5456536,24.9987888
112,2,13,8,25,2,08士林區,士林區中正路與文林路口,0,0,1,2,H03,8,1,5,50,4,1,1,5,4,5,7,2,1,5,4,5,2,5,1,38,2,9,4,5,8,17,8,20,10,16,,67,,1,23,9,121.5246187,25.09505925
112,2,13,8,25,2,08士林區,士林區中正路與文林路口,0,0,1,1,B03,8,1,5,50,4,1,1,5,4,5,7,2,1,5,4,5,2,5,1,34,3,10,3,4,7,5,1,8,2,8,,23,,1,22,9,121.5246187,25.09505925
112,2,13,8,30,2,03中山區,中山區吉林路433巷與德惠街193巷口,0,0,1,1,B03,8,1,5,30,3,2,1,5,4,5,7,4,4,10,5,5,2,8,1,67,3,10,1,4,7,2,1,8,2,15,,43,,1,22,9,121.5326894,25.0669368
112,2,13,8,30,2,03中山區,中山區吉林路433巷與德惠街193巷口,0,0,1,2,H01,8,1,5,30,3,2,1,5,4,5,7,4,4,10,5,5,2,8,2,64,2,8,4,5,8,17,8,20,10,16,,67,,1,22,9,121.5326894,25.0669368
112,2,13,8,30,2,08士林區,士林區延平北路6段511巷004燈桿,0,0,1,1,B03,8,1,5,30,14,9,1,5,4,5,7,4,4,10,5,5,2,12,1,58,3,10,1,1,7,5,1,8,1,8,,8,,1,22,9,121.497667,25.09340414
112,2,13,8,30,2,08士林區,士林區延平北路6段511巷004燈桿,0,0,1,2,C02,8,1,5,30,14,9,1,5,4,5,7,4,4,10,5,5,2,12,1,47,2,9,1,1,7,4,1,9,1,11,,1,,1,22,9,121.497667,25.09340414
112,2,13,8,31,2,03中山區,中山區復興北路與長春路口,0,0,1,1,B12,8,1,5,50,15,18,1,5,4,5,7,2,1,1,5,5,2,3,1,61,3,10,1,1,7,5,1,8,1,1,,15,,1,22,9,121.5440372,25.05454616
112,2,13,8,31,2,03中山區,中山區復興北路與長春路口,0,0,1,2,H01,8,1,5,50,15,18,1,5,4,5,7,2,1,1,5,5,2,3,1,40,2,7,4,1,8,16,8,20,1,15,,67,,1,22,9,121.5440372,25.05454616
112,2,13,8,34,2,03中山區,中山區南京東路2段與新生北路2段口,0,0,2,1,C03,8,1,5,50,4,2,1,5,4,5,7,2,1,5,4,4,2,13,2,46,2,9,3,4,7,12,1,10,1,11,,16,,1,22,9,121.5278495,25.05201781
112,2,13,8,34,2,03中山區,中山區南京東路2段與新生北路2段口,0,0,2,2,C03,8,1,5,50,4,2,1,5,4,5,7,2,1,5,4,4,2,13,1,32,3,10,3,4,7,12,1,10,1,11,,44,,1,22,9,121.5278495,25.05201781
112,2,13,8,34,2,03中山區,中山區南京東路2段與新生北路2段口,0,0,2,3,C03,8,1,5,50,4,2,1,5,4,5,7,2,1,5,4,4,2,13,1,27,2,9,3,4,7,12,1,10,1,11,,13,,1,22,9,121.5278495,25.05201781
112,2,13,8,35,2,02萬華區,萬華區堤外便道市民桂林南往北,0,0,2,2,C03,8,1,7,40,14,11,1,5,4,5,7,4,4,6,1,5,2,12,2,49,2,9,1,1,7,9,1,10,2,13,,44,,1,22,9,121.4970287,25.03974686
112,2,13,8,35,2,02萬華區,萬華區堤外便道市民桂林南往北,0,0,2,1,C04,8,1,7,40,14,11,1,5,4,5,7,4,4,6,1,5,2,12,1,36,2,8,1,1,7,9,1,10,2,14,,16,,1,22,9,121.4970287,25.03974686
112,2,13,8,50,2,09北投區,北投區中央南路1段與民權街口,0,0,2,2,B03,8,1,5,50,3,1,1,5,4,5,7,4,4,5,5,5,2,16,2,43,3,10,1,1,7,5,1,8,2,4,,44,,1,22,9,121.501102,25.1291675
112,2,13,8,50,2,09北投區,北投區中央南路1段與民權街口,0,0,2,3,H02,8,1,5,50,3,1,1,5,4,5,7,4,4,5,5,5,2,16,1,20,2,8,1,5,7,20,8,20,10,16,,67,,1,22,9,121.501102,25.1291675
112,2,13,8,50,2,09北投區,北投區中央南路1段與民權街口,0,0,2,1,C03,8,1,5,50,3,1,1,5,4,5,7,4,4,5,5,5,2,16,1,25,2,9,1,1,7,9,3,18,2,12,,4,,1,22,9,121.501102,25.1291675
112,2,13,9,40,2,08士林區,士林區至善路2段與故宮路口口,0,0,2,3,H02,8,1,5,50,4,2,1,5,4,5,7,2,1,3,4,5,1,12,2,20,2,8,1,5,7,20,8,20,10,16,,67,,1,22,9,121.5465371,25.09806845
112,2,13,9,40,2,08士林區,士林區至善路2段與故宮路口口,0,0,2,2,C03,8,1,5,50,4,2,1,5,4,5,7,2,1,3,4,5,1,12,1,22,3,10,1,1,7,6,1,10,1,14,,17,,1,22,9,121.5465371,25.09806845
112,2,13,9,40,2,08士林區,士林區至善路2段與故宮路口口,0,0,2,1,C03,8,1,5,50,4,2,1,5,4,5,7,2,1,3,4,5,1,12,2,29,2,9,1,1,7,6,1,10,1,12,,23,,1,22,9,121.5465371,25.09806845
112,2,13,9,54,2,06松山區,松山區新東街59號,0,0,1,2,H01,8,1,5,30,15,8,1,5,4,5,7,4,4,10,5,5,2,9,2,81,2,9,4,1,8,17,8,20,10,16,,67,,1,22,9,121.5650975,25.06204407
112,2,13,9,54,2,06松山區,松山區新東街59號,0,0,1,1,B01,8,1,5,30,15,8,1,5,4,5,7,4,4,10,5,5,2,9,1,57,3,10,1,1,7,5,1,4,2,8,,23,,1,22,9,121.5650975,25.06204407
112,2,13,9,55,2,03中山區,中山區明水路526巷與明水路526巷58弄口口,0,0,1,2,C03,8,1,5,30,4,1,1,5,4,5,7,4,4,5,4,5,2,16,1,32,2,9,3,4,7,9,1,10,1,11,,6,,1,22,9,121.5544262,25.0792335
112,2,13,9,55,2,03中山區,中山區明水路526巷與明水路526巷58弄口口,0,0,1,1,B03,8,1,5,30,4,1,1,5,4,5,7,4,4,5,4,5,2,16,1,59,3,10,3,4,7,9,1,8,1,1,,14,,1,22,9,121.5544262,25.0792335
112,2,13,10,0,2,03中山區,中山區南京東路2段與松江路口,0,0,1,2,E01,8,1,5,50,4,1,1,5,4,5,7,1,1,1,3,4,1,15,1,44,3,10,3,4,7,9,1,8,2,2,,44,,1,22,9,121.5331296,25.05210134
112,2,13,10,0,2,03中山區,中山區南京東路2段與松江路口,0,0,1,1,C03,8,1,5,50,4,1,1,5,4,5,7,1,1,1,3,4,1,15,1,24,2,9,1,4,7,9,1,10,2,11,,25,,1,22,9,121.5331296,25.05210134
112,2,13,10,6,2,02萬華區,萬華區中華路1段114巷與中華路1段口,0,0,2,1,C03,8,1,5,50,3,1,1,5,4,5,7,4,4,8,3,1,1,13,1,28,2,8,1,1,7,9,1,9,1,11,,23,,1,22,9,121.50913,25.04577938
112,2,13,10,6,2,02萬華區,萬華區中華路1段114巷與中華路1段口,0,0,2,2,B01,8,1,5,50,3,1,1,5,4,5,7,4,4,8,3,1,1,13,1,45,3,10,1,1,7,9,1,1,1,3,,44,,1,22,9,121.50913,25.04577938
112,2,13,10,6,2,02萬華區,萬華區中華路1段114巷與中華路1段口,0,0,2,3,H02,8,1,5,50,3,1,1,5,4,5,7,4,4,8,3,1,1,13,2,25,2,8,1,5,7,21,8,20,10,16,,67,,1,22,9,121.50913,25.04577938
112,2,13,10,10,2,11南港區,南港區研究院路2段158號,0,0,1,2,C03,8,1,5,50,14,9,1,5,4,5,7,4,4,5,4,5,2,16,2,48,3,10,1,1,7,9,1,10,1,12,,23,,1,22,9,121.6169425,25.0382259
112,2,13,10,10,2,11南港區,南港區研究院路2段158號,0,0,1,1,C03,8,1,5,50,14,9,1,5,4,5,7,4,4,5,4,5,2,16,2,67,2,9,1,1,7,5,1,10,1,14,,2,,1,22,9,121.6169425,25.0382259
112,2,13,10,30,2,03中山區,中山區民權東路2段與新生北路2段口,0,0,2,2,C03,8,1,5,50,4,1,1,5,4,5,7,1,1,1,4,5,2,16,1,22,2,9,1,1,7,9,1,10,1,14,,44,,1,22,9,121.527876,25.0625486
112,2,13,10,30,2,03中山區,中山區民權東路2段與新生北路2段口,0,0,2,1,C03,8,1,5,50,4,1,1,5,4,5,7,1,1,1,4,5,2,16,1,24,2,9,1,1,7,9,1,10,1,11,,25,,1,22,9,121.527876,25.0625486
112,2,13,10,45,2,03中山區,中山區新生北路3段41號,0,0,2,7,C03,8,1,5,50,14,9,1,5,4,5,7,4,4,10,4,5,2,12,2,27,3,10,3,4,7,13,1,10,11,12,,44,,1,22,9,121.5279535,25.06537071
112,2,13,10,45,2,03中山區,中山區新生北路3段41號,0,0,2,11,H02,8,1,5,50,14,9,1,5,4,5,7,4,4,10,4,5,2,12,2,43,2,9,3,4,7,21,8,20,10,16,,67,,1,22,9,121.5279535,25.06537071
112,2,13,10,45,2,03中山區,中山區新生北路3段41號,0,0,2,10,C03,8,1,5,50,14,9,1,5,4,5,7,4,4,10,4,5,2,12,1,33,4,11,3,4,7,15,7,19,11,15,,44,,2,22,9,121.5279535,25.06537071