發生年度,發生月,發生日,發生時-Hours,發生分,處理別-編號,區序,肇事地點,死亡人數,2-30日死亡人數,受傷人數,當事人序號,車種,天候,光線,道路類別,速限-速度限制,道路型態,事故位置,路面狀況1,路面狀況2,路面狀況3,道路障礙1,道路障礙2,號誌1,號誌2,車道劃分-分向,車道劃分-分道1,車道劃分-分道2,車道劃分-分道3,事故類型及型態,性別,年齡,受傷程度,主要傷處,保護裝置,行動電話,車輛用途,當事者行動狀態,駕駛資格情形,駕駛執照種類,飲酒情形,車輛撞擊部位1,車輛撞擊部位2,肇因碼-個別,肇因碼-主要,個人肇逃否,職業,旅次目的,座標-X,座標-Y
112,2,13,10,45,2,03中山區,中山區新生北路3段41號,0,0,2,9,C03,8,1,5,50,14,9,1,5,4,5,7,4,4,10,4,5,2,12,1,31,3,10,3,4,7,13,1,10,11,12,,44,,1,22,9,121.5279535,25.06537071
112,2,13,10,45,2,03中山區,中山區新生北路3段41號,0,0,2,6,C03,8,1,5,50,14,9,1,5,4,5,7,4,4,10,4,5,2,12,2,26,4,11,3,4,7,15,7,19,11,15,,44,,2,22,9,121.5279535,25.06537071
112,2,13,10,45,2,03中山區,中山區新生北路3段41號,0,0,2,5,C03,8,1,5,50,14,9,1,5,4,5,7,4,4,10,4,5,2,12,1,27,3,10,3,4,7,13,7,19,11,12,,44,,1,22,9,121.5279535,25.06537071
112,2,13,10,45,2,03中山區,中山區新生北路3段41號,0,0,2,4,C03,8,1,5,50,14,9,1,5,4,5,7,4,4,10,4,5,2,12,2,40,4,11,3,4,7,15,7,19,11,15,,44,,2,22,9,121.5279535,25.06537071
112,2,13,10,45,2,03中山區,中山區新生北路3段41號,0,0,2,3,C03,8,1,5,50,14,9,1,5,4,5,7,4,4,10,4,5,2,12,1,28,3,10,3,4,7,15,1,10,11,12,,44,,1,22,9,121.5279535,25.06537071
112,2,13,10,45,2,03中山區,中山區新生北路3段41號,0,0,2,2,C03,8,1,5,50,14,9,1,5,4,5,7,4,4,10,4,5,2,12,1,48,2,9,3,4,7,6,1,10,2,13,,44,,1,22,9,121.5279535,25.06537071
112,2,13,10,45,2,03中山區,中山區新生北路3段41號,0,0,2,1,B03,8,1,5,50,14,9,1,5,4,5,7,4,4,10,4,5,2,12,1,25,3,10,3,4,7,9,1,8,6,5,,23,,1,22,9,121.5279535,25.06537071
112,2,13,10,45,2,03中山區,中山區新生北路3段41號,0,0,2,8,C03,8,1,5,50,14,9,1,5,4,5,7,4,4,10,4,5,2,12,2,70,4,11,3,4,7,15,7,19,11,15,,44,,2,22,9,121.5279535,25.06537071
112,2,13,11,11,2,12內湖區,內湖區行善路與金豐街口,0,0,1,2,C03,8,1,5,50,4,2,1,5,4,5,7,1,1,1,4,5,2,12,1,36,2,9,1,1,7,9,1,10,1,14,,26,,1,22,9,121.5858911,25.06619286
112,2,13,11,11,2,12內湖區,內湖區行善路與金豐街口,0,0,1,1,B03,8,1,5,50,4,2,1,5,4,5,7,1,1,1,4,5,2,12,1,28,3,10,1,1,7,6,1,8,1,5,,9,,1,22,9,121.5858911,25.06619286
112,2,13,11,30,2,06松山區,松山區光復北路11巷與吉祥路口,0,0,1,1,B03,8,1,5,30,3,2,1,5,4,5,7,2,1,5,4,5,2,16,1,36,3,10,1,1,7,6,1,8,2,8,,6,,1,22,9,121.5625439,25.05035501
112,2,13,11,30,2,06松山區,松山區光復北路11巷與吉祥路口,0,0,1,2,C03,8,1,5,30,3,2,1,5,4,5,7,2,1,5,4,5,2,16,2,66,2,9,1,1,7,5,1,10,2,12,,23,,1,22,9,121.5625439,25.05035501
112,2,13,11,35,2,11南港區,南港區東新街與東新街77巷口,0,0,2,2,C03,8,1,5,50,3,2,1,5,4,5,7,1,1,8,3,5,2,13,1,45,2,9,1,1,7,9,1,10,1,11,,23,,1,22,9,121.5890779,25.0464596
112,2,13,11,35,2,11南港區,南港區東新街與東新街77巷口,0,0,2,3,B01,8,1,5,50,3,2,1,5,4,5,7,1,1,8,3,5,2,13,1,52,3,10,1,1,7,9,1,8,1,4,,44,,1,22,9,121.5890779,25.0464596
112,2,13,11,35,2,11南港區,南港區東新街與東新街77巷口,0,0,2,1,C03,8,1,5,50,3,2,1,5,4,5,7,1,1,8,3,5,2,13,1,27,2,9,1,1,7,11,1,10,1,13,,26,,1,22,9,121.5890779,25.0464596
112,2,13,11,49,2,11南港區,南港區松河街與重陽路187巷口,0,0,2,1,C03,8,1,5,40,3,1,1,5,4,5,7,4,4,4,5,5,2,11,2,44,2,7,1,4,7,5,1,10,1,11,,6,,1,22,9,121.5982071,25.0582741
112,2,13,11,49,2,11南港區,南港區松河街與重陽路187巷口,0,0,2,2,C03,8,1,5,40,3,1,1,5,4,5,7,4,4,4,5,5,2,11,1,28,2,8,1,4,7,9,1,10,1,11,,23,,1,22,9,121.5982071,25.0582741
112,2,13,11,53,2,11南港區,南港區八德路4段與中坡北路口,0,0,2,2,C03,8,1,5,0,5,2,1,5,4,5,7,1,1,4,3,5,1,3,1,21,2,8,3,4,7,9,1,10,1,11,,23,,1,22,9,121.5799627,25.0504446
112,2,13,11,53,2,11南港區,南港區八德路4段與中坡北路口,0,0,2,1,H01,8,1,5,0,5,2,1,5,4,5,7,1,1,4,3,5,1,3,1,72,2,2,4,5,8,16,8,20,10,16,,51,,1,22,9,121.5799627,25.0504446
112,2,13,12,8,2,02萬華區,萬華區忠孝西路2段與西寧南路口,0,0,2,2,F01,8,1,5,50,4,2,1,5,4,5,7,1,1,8,5,5,2,17,2,26,2,9,3,1,7,21,8,20,1,16,,44,,1,22,9,121.5076728,25.0484306
112,2,13,12,8,2,02萬華區,萬華區忠孝西路2段與西寧南路口,0,0,2,1,C03,8,1,5,50,4,2,1,5,4,5,7,1,1,8,5,5,2,17,1,31,2,7,1,1,7,15,1,10,1,11,,23,,1,22,9,121.5076728,25.0484306
112,2,13,12,23,2,05中正區,中正區青島東路監察院側門,0,0,1,2,C03,8,1,5,50,14,9,1,5,4,5,7,4,4,5,4,4,1,12,2,27,2,9,1,1,7,9,1,10,2,12,,44,,1,22,9,121.5201614,25.04434196
112,2,13,12,23,2,05中正區,中正區青島東路監察院側門,0,0,1,1,B03,8,1,5,50,14,9,1,5,4,5,7,4,4,5,4,4,1,12,1,71,3,10,1,1,7,1,1,8,2,8,,19,,1,22,9,121.5201614,25.04434196
112,2,13,13,0,2,06松山區,松山區民權東路4段與光復北路口,0,0,1,1,C03,8,1,5,50,4,1,1,5,4,5,7,2,1,1,1,5,2,12,2,54,2,8,1,1,7,9,4,10,1,11,,26,,1,22,9,121.554585,25.06197168
112,2,13,13,0,2,06松山區,松山區民權東路4段與光復北路口,0,0,1,2,C03,8,1,5,50,4,1,1,5,4,5,7,2,1,1,1,5,2,12,1,24,3,10,1,1,7,8,1,10,1,12,,7,,1,22,9,121.554585,25.06197168
112,2,13,13,3,2,09北投區,北投區中央北路4段266-1號,0,0,2,1,C03,8,1,5,50,14,9,1,5,4,5,7,4,4,5,4,5,1,16,1,78,2,9,1,1,7,1,1,10,2,11,,43,,1,22,9,121.4736191,25.13157892
112,2,13,13,3,2,09北投區,北投區中央北路4段266-1號,0,0,2,2,C03,8,1,5,50,14,9,1,5,4,5,7,4,4,5,4,5,1,16,2,27,2,9,1,1,7,9,1,10,2,11,,43,,1,22,9,121.4736191,25.13157892
112,2,13,13,27,2,12內湖區,內湖區文德路216號,0,0,1,1,C03,8,1,5,50,14,9,1,5,4,5,7,4,4,1,3,5,1,12,1,26,2,9,1,1,7,7,1,10,1,14,,7,,1,22,9,121.5845558,25.07848913
112,2,13,13,27,2,12內湖區,內湖區文德路216號,0,0,1,2,B01,8,1,5,50,14,9,1,5,4,5,7,4,4,1,3,5,1,12,1,48,3,10,1,1,7,9,1,4,1,2,,44,,1,22,9,121.5845558,25.07848913
112,2,13,13,28,2,09北投區,北投區大度路3段與中央北路4段口近公車站牌(東往西),0,0,2,1,C03,8,1,5,50,4,2,1,5,4,5,7,1,1,9,4,5,1,13,1,19,2,1,1,1,7,9,1,10,2,11,,23,,1,22,9,121.4644773,25.12386664
112,2,13,13,28,2,09北投區,北投區大度路3段與中央北路4段口近公車站牌(東往西),0,0,2,2,C03,8,1,5,50,4,2,1,5,4,5,7,1,1,9,4,5,1,13,1,48,2,8,1,1,7,14,1,10,2,13,,44,,1,22,9,121.4644773,25.12386664
112,2,13,14,0,2,06松山區,松山區市民大道6段與基隆路1段口,0,0,2,1,C03,7,1,5,40,4,2,1,5,4,5,7,2,1,1,4,5,2,13,1,37,2,8,1,1,7,9,1,10,2,12,,23,,1,22,9,121.5695716,25.0491598
112,2,13,14,0,2,06松山區,松山區市民大道6段與基隆路1段口,0,0,2,2,C03,7,1,5,40,4,2,1,5,4,5,7,2,1,1,4,5,2,13,1,58,2,7,1,1,7,12,1,10,2,14,,44,,1,22,9,121.5695716,25.0491598
112,2,13,14,5,2,08士林區,士林區延平北路5段與延平北路5段163巷口,0,0,3,1,C03,8,1,5,50,4,1,1,5,4,5,7,2,1,9,4,5,1,17,2,82,2,8,1,1,7,5,6,10,2,14,,8,,1,22,9,121.5102236,25.08262115
112,2,13,14,5,2,08士林區,士林區延平北路5段與延平北路5段163巷口,0,0,3,2,C03,8,1,5,50,4,1,1,5,4,5,7,2,1,9,4,5,1,17,2,59,2,9,1,1,7,9,1,10,2,11,,44,,1,22,9,121.5102236,25.08262115
112,2,13,14,5,2,08士林區,士林區延平北路5段與延平北路5段163巷口,0,0,3,3,H02,8,1,5,50,4,1,1,5,4,5,7,2,1,9,4,5,1,17,1,67,2,9,1,1,7,21,8,20,10,16,,67,,1,22,9,121.5102236,25.08262115
112,2,13,14,11,2,03中山區,中山區北安路649號,0,0,1,2,B02,7,1,5,50,14,9,1,5,4,5,7,1,1,1,3,5,1,13,2,44,3,10,3,4,7,9,1,8,1,3,,44,,1,22,9,121.5492046,25.0841092
112,2,13,14,11,2,03中山區,中山區北安路649號,0,0,1,1,C03,7,1,5,50,14,9,1,5,4,5,7,1,1,1,3,5,1,13,2,38,2,8,3,4,7,9,1,10,1,11,,16,,1,22,9,121.5492046,25.0841092
112,2,13,14,13,2,02萬華區,萬華區大理街175巷10號,0,0,1,1,H01,8,1,5,30,14,9,1,5,4,5,7,4,4,10,5,5,1,9,1,70,3,10,3,4,8,15,7,19,1,15,,67,,1,22,9,121.4946003,25.03435425
112,2,13,14,13,2,02萬華區,萬華區大理街175巷10號,0,0,1,3,B03,8,1,5,30,14,9,1,5,4,5,7,4,4,10,5,5,1,9,1,63,3,10,3,1,7,13,1,8,11,5,,44,,1,22,9,121.4946003,25.03435425
112,2,13,14,13,2,02萬華區,萬華區大理街175巷10號,0,0,1,4,B11,8,1,5,30,14,9,1,5,4,5,7,4,4,10,5,5,1,9,3,0,,,,,,,,,11,,,43,,,,,121.4946003,25.03435425
112,2,13,14,13,2,02萬華區,萬華區大理街175巷10號,0,0,1,2,H01,8,1,5,30,14,9,1,5,4,5,7,4,4,10,5,5,1,9,2,83,2,8,3,5,8,21,8,20,10,16,,67,,1,22,9,121.4946003,25.03435425
112,2,13,14,45,2,02萬華區,萬華區環河南路1段與成都路口中興橋下環河南匝道,0,0,1,2,C02,7,1,5,40,3,1,1,5,4,5,7,3,1,1,5,5,2,13,1,27,3,10,1,1,7,14,1,9,2,13,,44,,1,22,9,121.500892,25.04399348
112,2,13,14,45,2,02萬華區,萬華區環河南路1段與成都路口中興橋下環河南匝道,0,0,1,3,H02,7,1,5,40,3,1,1,5,4,5,7,3,1,1,5,5,2,13,2,24,2,6,1,1,7,20,8,20,10,16,,67,,1,22,9,121.500892,25.04399348
112,2,13,14,45,2,02萬華區,萬華區環河南路1段與成都路口中興橋下環河南匝道,0,0,1,1,B11,7,1,5,40,3,1,1,5,4,5,7,3,1,1,5,5,2,13,1,54,3,10,1,1,7,6,1,3,2,1,,16,,1,22,9,121.500892,25.04399348
112,2,13,15,4,2,03中山區,中山區民生東路1段與林森北路口,0,0,2,1,C03,8,1,5,50,4,1,1,5,4,5,7,1,1,10,4,5,2,16,1,25,2,9,1,4,7,5,1,10,2,13,,8,,1,23,9,121.5255216,25.05800925
112,2,13,15,4,2,03中山區,中山區民生東路1段與林森北路口,0,0,2,2,C03,8,1,5,50,4,1,1,5,4,5,7,1,1,10,4,5,2,16,1,29,2,9,1,4,7,15,1,10,2,11,,44,,1,22,9,121.5255216,25.05800925
112,2,13,15,25,2,01大同區,大同區民權西路與蘭州街口,0,0,1,2,B03,8,1,5,50,4,1,1,5,4,5,7,1,1,1,4,5,2,17,1,33,3,10,1,1,7,9,1,8,2,5,,25,,1,22,9,121.5147988,25.0630835
112,2,13,15,25,2,01大同區,大同區民權西路與蘭州街口,0,0,1,1,C03,8,1,5,50,4,1,1,5,4,5,7,1,1,1,4,5,2,17,2,46,2,9,1,1,7,7,4,11,2,14,,7,,1,22,9,121.5147988,25.0630835
112,2,13,16,0,2,12內湖區,內湖區星雲街161巷與金湖路47巷口,0,0,1,2,C03,7,1,5,30,4,2,1,5,4,5,7,4,4,10,5,5,2,17,2,71,2,8,1,1,7,6,4,8,1,11,,44,,1,22,9,121.5958833,25.08196
112,2,13,16,0,2,12內湖區,內湖區星雲街161巷與金湖路47巷口,0,0,1,1,B03,7,1,5,30,4,2,1,5,4,5,7,4,4,10,5,5,2,17,1,76,3,10,1,1,7,5,1,8,1,8,,5,,1,22,9,121.5958833,25.08196
112,2,13,16,20,2,11南港區,南港區向陽路21號,0,0,2,3,H02,7,1,5,50,14,9,1,5,4,5,7,4,4,1,4,5,2,16,2,19,2,9,1,5,7,20,8,20,10,16,,67,,1,22,9,121.595216,25.0523544
112,2,13,16,20,2,11南港區,南港區向陽路21號,0,0,2,2,B12,7,1,5,50,14,9,1,5,4,5,7,4,4,1,4,5,2,16,1,59,3,10,1,1,7,9,1,8,1,2,,43,,1,22,9,121.595216,25.0523544
112,2,13,16,20,2,11南港區,南港區向陽路21號,0,0,2,1,C03,7,1,5,50,14,9,1,5,4,5,7,4,4,1,4,5,2,16,1,78,2,9,1,1,7,7,1,10,1,14,,43,,1,22,9,121.595216,25.0523544
112,2,13,16,35,2,09北投區,北投區中央北路4段301號忠義捷運站前,0,0,1,1,B03,8,1,5,50,14,9,1,5,4,5,7,4,4,7,4,5,1,12,1,45,3,10,1,1,7,1,1,8,2,4,,19,,1,22,9,121.4731094,25.13109254
112,2,13,16,35,2,09北投區,北投區中央北路4段301號忠義捷運站前,0,0,1,2,C03,8,1,5,50,14,9,1,5,4,5,7,4,4,7,4,5,1,12,1,48,2,9,1,1,7,9,1,10,2,11,,44,,1,22,9,121.4731094,25.13109254
112,2,13,16,41,2,06松山區,松山區八德路4段與八德路4段333巷口,0,0,2,1,B12,8,1,5,50,4,1,1,5,4,5,7,2,1,5,4,5,2,17,2,26,2,7,1,1,7,5,1,8,2,8,,6,,1,22,9,121.5672689,25.04920411
112,2,13,16,41,2,06松山區,松山區八德路4段與八德路4段333巷口,0,0,2,2,C03,8,1,5,50,4,1,1,5,4,5,7,2,1,5,4,5,2,17,2,39,2,9,1,1,7,9,1,10,2,14,,44,,1,22,9,121.5672689,25.04920411
112,2,13,16,52,2,03中山區,中山區新生北路3段與德惠街口,0,0,1,1,C03,7,1,5,30,5,1,1,5,4,5,7,4,4,10,5,5,2,12,2,21,2,7,1,4,7,9,1,10,1,14,,6,,1,22,9,121.5274607,25.06670593
112,2,13,16,52,2,03中山區,中山區新生北路3段與德惠街口,0,0,1,2,B03,7,1,5,30,5,1,1,5,4,5,7,4,4,10,5,5,2,12,1,27,3,10,1,4,7,6,1,10,1,5,,44,,1,22,9,121.5274607,25.06670593
112,2,13,17,50,2,03中山區,中山區民權東路1段與林森北路口,0,0,1,1,B03,8,3,5,50,4,1,1,5,4,5,7,1,1,1,4,5,2,16,1,29,3,10,3,4,7,15,1,8,1,2,,42,,1,22,9,121.5255885,25.06275721
112,2,13,17,50,2,03中山區,中山區民權東路1段與林森北路口,0,0,1,2,C03,8,3,5,50,4,1,1,5,4,5,7,1,1,1,4,5,2,16,2,44,2,9,1,4,7,9,1,10,1,14,,44,,1,22,9,121.5255885,25.06275721
112,2,13,17,50,2,03中山區,中山區民權東路1段與林森北路口,0,0,1,3,B01,8,3,5,50,4,1,1,5,4,5,7,1,1,1,4,5,2,16,1,69,4,11,3,4,7,15,7,19,11,15,,42,,2,22,9,121.5255885,25.06275721
112,2,13,17,52,2,10文山區,文山區興隆路2段與辛亥路5段口,0,0,1,3,H02,6,3,5,50,4,1,1,4,4,5,7,2,1,1,4,5,2,13,1,9,2,1,1,5,7,20,8,20,10,16,,67,,1,22,9,121.5542788,25.0008928
112,2,13,17,52,2,10文山區,文山區興隆路2段與辛亥路5段口,0,0,1,1,A12,6,3,5,50,4,1,1,4,4,5,7,2,1,1,4,5,2,13,1,52,3,10,1,1,7,9,1,2,1,1,,16,,1,22,9,121.5542788,25.0008928
112,2,13,17,52,2,10文山區,文山區興隆路2段與辛亥路5段口,0,0,1,2,C03,6,3,5,50,4,1,1,4,4,5,7,2,1,1,4,5,2,13,1,46,3,10,1,1,7,14,1,10,1,13,,44,,1,22,9,121.5542788,25.0008928
112,2,13,18,5,2,05中正區,中正區思源街16號,0,0,1,2,B03,8,3,5,50,11,7,1,5,4,5,1,4,4,3,4,4,2,12,1,48,3,10,1,1,7,9,1,8,1,2,,23,,1,22,9,121.5310908,25.014186
112,2,13,18,5,2,05中正區,中正區思源街16號,0,0,1,1,C03,8,3,5,50,11,7,1,5,4,5,1,4,4,3,4,4,2,12,2,22,2,9,1,1,7,7,1,10,1,14,,7,,1,22,9,121.5310908,25.014186
112,2,13,18,10,2,05中正區,中正區和平西路1段與南昌路2段口口,0,0,1,2,C03,8,3,5,40,14,8,1,5,4,5,7,1,1,1,4,4,2,12,1,59,2,3,1,1,7,9,6,10,1,11,,23,,1,22,9,121.5210022,25.02693307
112,2,13,18,10,2,05中正區,中正區和平西路1段與南昌路2段口口,0,0,1,1,C03,8,3,5,40,14,8,1,5,4,5,7,1,1,1,4,4,2,12,1,43,3,10,1,1,7,8,1,10,1,13,,7,,1,22,9,121.5210022,25.02693307
112,2,13,18,15,2,03中山區,中山區長春路177號,0,0,1,1,C03,8,3,5,50,14,7,1,5,4,5,7,4,4,9,4,4,2,13,1,30,2,8,1,1,7,9,1,10,1,11,,16,,1,22,9,121.5374588,25.05475327
112,2,13,18,15,2,03中山區,中山區長春路177號,0,0,1,2,B03,8,3,5,50,14,7,1,5,4,5,7,4,4,9,4,4,2,13,1,32,3,10,1,1,7,9,1,8,1,6,,44,,1,22,9,121.5374588,25.05475327
112,2,13,18,17,2,03中山區,中山區中山北路3段海霸王後方無名巷,0,0,2,1,C03,8,3,5,30,14,9,1,5,4,5,7,4,4,5,4,5,2,17,1,56,2,9,1,1,7,6,1,10,1,12,,6,,1,22,9,121.5231024,25.0688945
112,2,13,18,17,2,03中山區,中山區中山北路3段海霸王後方無名巷,0,0,2,2,C03,8,3,5,30,14,9,1,5,4,5,7,4,4,5,4,5,2,17,1,34,2,9,1,1,7,9,1,10,1,11,,13,,1,22,9,121.5231024,25.0688945
112,2,13,18,18,2,07信義區,信義區吳興街220巷59弄與吳興街220巷口,0,0,2,2,C03,7,3,5,30,3,2,1,5,4,5,7,1,1,5,4,5,2,16,1,39,2,9,1,1,7,9,1,10,2,11,,44,,1,22,9,121.5615594,25.0264877
112,2,13,18,18,2,07信義區,信義區吳興街220巷59弄與吳興街220巷口,0,0,2,1,C03,7,3,5,30,3,2,1,5,4,5,7,1,1,5,4,5,2,16,1,27,2,9,1,1,7,5,1,10,2,12,,8,,1,22,9,121.5615594,25.0264877
112,2,13,18,25,2,01大同區,大同區環河北路2段與環河北路2段口往北近敦煌路,0,0,1,1,B01,8,2,5,50,15,5,1,5,4,5,7,4,4,1,4,5,2,12,1,67,3,10,1,1,7,8,1,4,2,5,,7,,1,22,9,121.5092271,25.07568191
112,2,13,18,25,2,01大同區,大同區環河北路2段與環河北路2段口往北近敦煌路,0,0,1,2,C03,8,2,5,50,15,5,1,5,4,5,7,4,4,1,4,5,2,12,1,53,2,8,1,1,7,9,1,10,2,14,,14,,1,22,9,121.5092271,25.07568191
112,2,13,19,13,2,09北投區,北投區中和街與大同街口,0,0,1,1,B03,7,3,5,50,4,1,1,5,4,5,7,2,1,5,4,5,2,17,2,45,3,10,1,1,7,5,1,8,1,1,,8,,1,22,9,121.4994587,25.14123823
112,2,13,19,13,2,09北投區,北投區中和街與大同街口,0,0,1,2,C03,7,3,5,50,4,1,1,5,4,5,7,2,1,5,4,5,2,17,1,40,2,9,1,1,7,9,1,10,1,14,,44,,1,22,9,121.4994587,25.14123823
112,2,13,19,20,2,12內湖區,內湖區民權東路6段與成功路2段口,0,0,1,1,B03,7,3,5,50,5,1,1,5,4,5,7,2,1,9,4,5,2,13,1,46,2,8,1,1,7,10,1,8,1,1,,16,,1,22,9,121.5907963,25.0690296
112,2,13,19,20,2,12內湖區,內湖區民權東路6段與成功路2段口,0,0,1,2,B03,7,3,5,50,5,1,1,5,4,5,7,2,1,9,4,5,2,13,1,27,3,10,1,1,7,9,1,8,1,3,,44,,1,22,9,121.5907963,25.0690296
112,2,13,19,35,2,07信義區,信義區忠孝東路5段與基隆路1段口,0,0,1,2,,8,3,5,50,4,2,1,5,4,5,7,2,1,3,4,5,2,18,3,0,,,,,,,,,,,,67,,1,,,121.5646332,25.0411334
112,2,13,19,35,2,07信義區,信義區忠孝東路5段與基隆路1段口,0,0,1,1,C03,8,3,5,50,4,2,1,5,4,5,7,2,1,3,4,5,2,18,1,51,2,8,1,1,7,12,1,10,1,14,,13,,1,22,9,121.5646332,25.0411334
112,2,13,19,53,2,08士林區,士林區中山北路6段270號,0,0,1,3,B12,7,3,5,50,14,9,1,5,4,5,7,4,4,10,4,5,2,17,1,27,3,10,1,1,7,9,1,8,2,2,,44,,1,22,9,121.5254694,25.1099115
112,2,13,19,53,2,08士林區,士林區中山北路6段270號,0,0,1,2,C03,7,3,5,50,14,9,1,5,4,5,7,4,4,10,4,5,2,17,1,43,2,9,1,1,7,10,1,10,2,14,,7,,1,22,9,121.5254694,25.1099115
112,2,13,19,53,2,08士林區,士林區中山北路6段270號,0,0,1,1,B01,7,3,5,50,14,9,1,5,4,5,7,4,4,10,4,5,2,17,1,70,3,10,1,1,7,1,6,4,2,15,,19,,1,22,9,121.5254694,25.1099115
112,2,13,20,14,2,05中正區,中正區羅斯福路3段74號,0,0,2,1,C03,8,3,5,50,14,12,1,5,4,5,7,1,1,1,4,5,2,12,1,42,2,7,1,1,7,8,1,10,2,12,,7,,1,22,9,121.5262196,25.0222595
112,2,13,20,14,2,05中正區,中正區羅斯福路3段74號,0,0,2,2,C03,8,3,5,50,14,12,1,5,4,5,7,1,1,1,4,5,2,12,2,33,2,8,1,1,7,9,1,10,2,14,,44,,1,22,9,121.5262196,25.0222595
112,2,13,20,30,2,05中正區,中正區羅斯福路1段與愛國東路口,0,0,2,2,C03,7,3,5,40,4,1,1,5,4,5,7,2,1,2,4,4,1,16,1,27,2,8,1,1,7,9,1,9,2,14,,43,,1,22,9,121.5166292,25.0348122
112,2,13,20,30,2,05中正區,中正區羅斯福路1段與愛國東路口,0,0,2,1,C03,7,3,5,40,4,1,1,5,4,5,7,2,1,2,4,4,1,16,2,39,2,9,1,1,7,6,1,10,2,12,,43,,1,22,9,121.5166292,25.0348122
112,2,13,20,32,2,09北投區,北投區石牌路2段與石牌路2段97巷口,0,0,1,2,B03,7,3,5,50,4,2,1,5,4,5,7,4,4,5,4,5,2,16,1,26,3,10,1,1,7,9,1,8,1,8,,44,,1,22,9,121.5167184,25.1176002
112,2,13,20,32,2,09北投區,北投區石牌路2段與石牌路2段97巷口,0,0,1,1,C03,7,3,5,50,4,2,1,5,4,5,7,4,4,5,4,5,2,16,1,19,2,9,1,1,7,5,1,10,1,12,,6,,1,22,9,121.5167184,25.1176002
112,2,13,20,39,2,11南港區,南港區松河街與成美橋口往北，平面引道,0,0,1,1,C03,8,3,5,30,3,2,1,5,4,5,7,4,4,10,5,5,2,12,1,37,2,8,1,4,7,1,1,10,2,12,,43,,1,22,9,121.5831665,25.0527807
112,2,13,20,39,2,11南港區,南港區松河街與成美橋口往北，平面引道,0,0,1,2,B03,8,3,5,30,3,2,1,5,4,5,7,4,4,10,5,5,2,12,1,47,3,10,3,4,7,5,1,8,2,7,,43,,2,22,9,121.5831665,25.0527807
112,2,13,20,54,2,06松山區,(民生東路5段253號前),0,0,1,1,B03,8,3,5,50,14,9,1,5,4,5,7,2,1,3,4,5,2,16,1,27,3,10,3,4,7,6,1,8,1,5,,9,,1,22,9,121.5684353,25.05930233
112,2,13,20,54,2,06松山區,(民生東路5段253號前),0,0,1,2,C04,8,3,5,50,14,9,1,5,4,5,7,2,1,3,4,5,2,16,1,31,2,8,1,4,7,9,1,10,1,13,,44,,1,22,9,121.5684353,25.05930233
112,2,13,21,13,2,10文山區,文山區木柵路2段與興隆路4段口,0,0,1,1,B03,6,1,5,50,4,1,1,4,4,5,7,1,1,4,4,5,2,16,1,65,3,10,1,1,7,5,1,8,2,15,,8,,1,22,9,121.5602097,24.988728
112,2,13,21,13,2,10文山區,文山區木柵路2段與興隆路4段口,0,0,1,2,C03,6,1,5,50,4,1,1,4,4,5,7,1,1,4,4,5,2,16,1,20,2,7,1,1,7,9,1,10,2,12,,23,,1,22,9,121.5602097,24.988728
112,2,14,0,21,2,03中山區,中山區松江路122號,0,0,1,1,C03,8,3,5,50,14,9,1,5,4,5,7,4,4,3,4,5,2,17,1,30,4,11,3,4,7,15,7,19,11,15,,9,,2,22,9,121.5329166,25.05245665
112,2,14,0,21,2,03中山區,中山區松江路122號,0,0,1,2,C03,8,3,5,50,14,9,1,5,4,5,7,4,4,3,4,5,2,17,1,20,2,5,1,1,7,9,1,10,1,11,,44,,1,22,9,121.5329166,25.05245665
112,2,14,5,11,1,07信義區,信義區信義路4段與光復南路口,1,0,0,1,H01,8,3,5,50,4,1,1,5,4,5,7,2,1,9,4,5,2,9,2,82,1,9,4,5,8,16,8,20,10,16,,52,,1,22,9,121.5575287,25.0332831
112,2,14,5,11,1,07信義區,信義區信義路4段與光復南路口,1,0,0,2,B03,8,3,5,50,4,1,1,5,4,5,7,2,1,9,4,5,2,9,1,39,3,10,1,1,7,9,1,4,2,5,,15,,1,22,9,121.5575287,25.0332831
112,2,14,6,8,2,07信義區,信義區富陽街與富陽街55巷口,0,1,0,1,C03,8,3,5,50,3,2,1,5,4,5,7,4,4,10,4,5,2,3,1,59,3,10,1,1,7,9,1,10,2,11,,23,,1,22,9,121.5563872,25.0221731
112,2,14,6,8,2,07信義區,信義區富陽街與富陽街55巷口,0,1,0,2,H01,8,3,5,50,3,2,1,5,4,5,7,4,4,10,4,5,2,3,2,77,5,1,3,5,8,16,8,20,10,16,,67,,1,22,9,121.5563872,25.0221731
112,2,14,7,9,2,03中山區,中山區八德路2段312號與八德路2段口,0,0,1,1,B03,7,1,5,50,3,1,1,5,4,5,7,4,4,5,4,5,2,16,2,48,3,10,1,1,7,6,1,8,1,5,,9,,1,22,9,121.5427563,25.04721267
112,2,14,7,9,2,03中山區,中山區八德路2段312號與八德路2段口,0,0,1,2,F01,7,1,5,50,3,1,1,5,4,5,7,4,4,5,4,5,2,16,1,70,2,9,3,1,7,11,8,20,1,16,,11,,1,22,9,121.5427563,25.04721267
112,2,14,7,33,2,02萬華區,萬華區華中橋機車道(北往南)華中027,0,0,2,1,C03,6,1,7,40,14,11,1,3,4,5,7,4,4,10,3,5,2,12,4,0,4,11,3,4,7,15,7,19,11,15,,43,,2,22,9,121.4954391,25.01528541