發生年度,發生月,發生日,發生時-Hours,發生分,處理別-編號,區序,肇事地點,死亡人數,2-30日死亡人數,受傷人數,當事人序號,車種,天候,光線,道路類別,速限-速度限制,道路型態,事故位置,路面狀況1,路面狀況2,路面狀況3,道路障礙1,道路障礙2,號誌1,號誌2,車道劃分-分向,車道劃分-分道1,車道劃分-分道2,車道劃分-分道3,事故類型及型態,性別,年齡,受傷程度,主要傷處,保護裝置,行動電話,車輛用途,當事者行動狀態,駕駛資格情形,駕駛執照種類,飲酒情形,車輛撞擊部位1,車輛撞擊部位2,肇因碼-個別,肇因碼-主要,個人肇逃否,職業,旅次目的,座標-X,座標-Y
112,2,14,7,33,2,02萬華區,萬華區華中橋機車道(北往南)華中027,0,0,2,2,C03,6,1,7,40,14,11,1,3,4,5,7,4,4,10,3,5,2,12,1,22,2,9,1,1,7,9,1,10,2,13,,43,,1,22,9,121.4954391,25.01528541
112,2,14,7,33,2,02萬華區,萬華區華中橋機車道(北往南)華中027,0,0,2,3,C03,6,1,7,40,14,11,1,3,4,5,7,4,4,10,3,5,2,12,1,64,2,7,1,1,7,9,1,10,2,14,,43,,1,22,9,121.4954391,25.01528541
112,2,14,7,45,2,11南港區,南港區興南街與重陽路口,0,0,1,1,H01,6,1,5,50,3,2,1,4,4,5,7,1,1,5,4,5,2,3,1,67,2,8,4,5,8,16,8,20,10,16,,51,,1,22,9,121.6040543,25.0574549
112,2,14,7,45,2,11南港區,南港區興南街與重陽路口,0,0,1,2,B03,6,1,5,50,3,2,1,4,4,5,7,1,1,5,4,5,2,3,1,45,3,10,1,1,7,5,1,8,2,4,,44,,1,22,9,121.6040543,25.0574549
112,2,14,7,46,2,10文山區,文山區興隆路3段209號,0,0,2,2,B03,6,1,5,50,14,9,1,4,4,5,7,4,4,1,4,5,2,13,1,38,2,2,1,1,7,14,1,8,2,3,,44,,1,22,9,121.559656,24.99482926
112,2,14,7,46,2,10文山區,文山區興隆路3段209號,0,0,2,1,C03,6,1,5,50,14,9,1,4,4,5,7,4,4,1,4,5,2,13,2,25,2,9,1,1,7,9,1,10,2,11,,16,,1,22,9,121.559656,24.99482926
112,2,14,7,50,2,05中正區,中正區中山北路1段與忠孝東路1段口,0,0,1,1,C03,7,1,5,50,4,2,1,5,4,5,7,1,1,1,4,5,2,12,4,0,4,11,3,4,7,15,7,19,11,15,,43,,2,22,9,121.519756,25.045729
112,2,14,7,50,2,05中正區,中正區中山北路1段與忠孝東路1段口,0,0,1,2,C03,7,1,5,50,4,2,1,5,4,5,7,1,1,1,4,5,2,12,2,23,2,9,1,1,7,9,1,10,1,12,,43,,1,22,9,121.519756,25.045729
112,2,14,7,51,2,07信義區,信義區松隆路161號,0,0,1,2,B03,6,1,8,50,15,22,1,4,4,5,7,3,1,9,4,5,2,17,2,42,3,10,1,1,7,9,1,8,1,5,,23,,1,22,9,121.5743636,25.0482239
112,2,14,7,51,2,07信義區,信義區松隆路161號,0,0,1,1,C04,6,1,8,50,15,22,1,4,4,5,7,3,1,9,4,5,2,17,2,54,2,9,1,1,7,5,1,8,1,12,,8,,1,22,9,121.5743636,25.0482239
112,2,14,8,2,2,11南港區,南港區南港路2段與向陽路口,0,0,1,1,B03,6,1,5,50,4,1,1,4,4,5,7,2,1,1,3,5,2,13,1,43,3,10,3,4,7,9,1,8,2,1,,16,,1,22,9,121.5945773,25.0546341
112,2,14,8,2,2,11南港區,南港區南港路2段與向陽路口,0,0,1,2,B03,6,1,5,50,4,1,1,4,4,5,7,2,1,1,3,5,2,13,2,53,3,10,3,4,7,9,1,8,2,2,,44,,1,22,9,121.5945773,25.0546341
112,2,14,8,2,2,11南港區,南港區南港路2段與向陽路口,0,0,1,3,B03,6,1,5,50,4,1,1,4,4,5,7,2,1,1,3,5,2,13,1,46,2,2,3,4,7,14,1,8,2,3,,44,,1,22,9,121.5945773,25.0546341
112,2,14,8,15,2,03中山區,中山區復興北路482號,0,0,1,2,C03,6,1,5,50,14,9,1,4,4,5,7,4,4,1,4,5,2,12,2,27,2,8,3,4,7,9,1,10,1,14,,44,,1,22,9,121.5441723,25.06494144
112,2,14,8,15,2,03中山區,中山區復興北路482號,0,0,1,1,B01,6,1,5,50,14,9,1,4,4,5,7,4,4,1,4,5,2,12,1,61,3,10,3,4,7,8,1,4,1,2,,7,,1,22,9,121.5441723,25.06494144
112,2,14,8,18,2,04大安區,大安區復興南路1段323號,0,0,1,2,C03,6,1,5,50,14,9,1,4,4,5,7,4,4,1,4,5,2,17,2,46,2,9,1,1,7,9,1,10,1,15,,44,,1,22,9,121.5436673,25.0338201
112,2,14,8,18,2,04大安區,大安區復興南路1段323號,0,0,1,1,C03,6,1,5,50,14,9,1,4,4,5,7,4,4,1,4,5,2,17,1,57,3,10,1,1,7,7,1,10,1,15,,7,,1,22,9,121.5436673,25.0338201
112,2,14,8,24,2,12內湖區,內湖區民權東路6段99號,0,0,1,1,B03,6,1,5,50,14,9,1,4,4,5,7,4,4,1,4,5,2,12,1,50,4,11,3,4,7,15,7,19,11,15,,26,,2,22,9,121.5889691,25.06911311
112,2,14,8,24,2,12內湖區,內湖區民權東路6段99號,0,0,1,2,C03,6,1,5,50,14,9,1,4,4,5,7,4,4,1,4,5,2,12,2,61,2,8,1,1,7,7,1,10,9,15,,7,,1,22,9,121.5889691,25.06911311
112,2,14,8,30,2,08士林區,士林區承德路5段與中正路口,0,0,2,3,H02,6,1,5,30,3,1,1,4,4,5,7,4,4,10,4,5,2,17,2,61,2,9,1,5,7,20,8,20,10,16,,67,,1,22,9,121.5154716,25.09047279
112,2,14,8,30,2,08士林區,士林區承德路5段與中正路口,0,0,2,2,C03,6,1,5,30,3,1,1,4,4,5,7,4,4,10,4,5,2,17,1,67,2,9,1,1,7,9,1,10,2,12,,44,,1,22,9,121.5154716,25.09047279
112,2,14,8,30,2,08士林區,士林區承德路5段與中正路口,0,0,2,1,B03,6,1,5,30,3,1,1,4,4,5,7,4,4,10,4,5,2,17,1,72,3,10,3,4,7,7,1,8,2,4,,6,,1,22,9,121.5154716,25.09047279
112,2,14,8,34,2,06松山區,松山區濱江街往東（燈桿0204419號）,0,0,3,3,C03,6,1,5,50,14,12,1,4,4,5,7,4,4,1,3,4,2,12,2,24,2,9,1,1,7,9,1,10,1,13,,44,,1,5,1,121.5662218,25.07046851
112,2,14,8,34,2,06松山區,松山區濱江街往東（燈桿0204419號）,0,0,3,1,B03,6,1,5,50,14,12,1,4,4,5,7,4,4,1,3,4,2,12,2,26,3,10,3,4,7,8,1,8,9,15,,7,,2,5,1,121.5662218,25.07046851
112,2,14,8,34,2,06松山區,松山區濱江街往東（燈桿0204419號）,0,0,3,4,H02,6,1,5,50,14,12,1,4,4,5,7,4,4,1,3,4,2,12,2,31,2,9,1,5,7,17,8,20,10,16,,67,,1,5,1,121.5662218,25.07046851
112,2,14,8,34,2,06松山區,松山區濱江街往東（燈桿0204419號）,0,0,3,2,C03,6,1,5,50,14,12,1,4,4,5,7,4,4,1,3,4,2,12,1,30,2,9,1,1,7,9,1,10,1,11,,23,,1,9,1,121.5662218,25.07046851
112,2,14,8,51,2,06松山區,松山區南京東路5段與東興路口,0,0,1,1,C03,6,1,5,50,3,1,1,4,4,5,7,2,1,1,3,5,2,13,1,56,2,9,1,1,7,9,1,10,1,11,,23,,1,22,9,121.5654442,25.05143608
112,2,14,8,51,2,06松山區,松山區南京東路5段與東興路口,0,0,1,2,C03,6,1,5,50,3,1,1,4,4,5,7,2,1,1,3,5,2,13,1,32,3,10,1,1,7,8,1,10,1,13,,7,,1,22,9,121.5654442,25.05143608
112,2,14,8,57,2,12內湖區,內湖區內湖路3段121號,0,0,3,1,H01,6,1,5,50,14,9,1,4,4,5,7,4,4,9,5,5,2,3,2,73,2,8,4,5,8,16,8,20,10,16,,53,,1,22,9,121.5903885,25.08669344
112,2,14,8,57,2,12內湖區,內湖區內湖路3段121號,0,0,3,2,C03,6,1,5,50,14,9,1,4,4,5,7,4,4,9,5,5,2,3,1,26,2,9,1,1,7,9,1,9,1,14,,13,,1,22,9,121.5903885,25.08669344
112,2,14,8,57,2,12內湖區,內湖區內湖路3段121號,0,0,3,3,C03,6,1,5,50,14,9,1,4,4,5,7,4,4,9,5,5,2,3,1,75,2,9,1,1,7,14,1,10,1,11,,38,,1,22,9,121.5903885,25.08669344
112,2,14,9,0,2,01大同區,大同區南京西路304號,0,0,1,1,C03,6,1,8,30,15,22,1,4,4,5,7,4,4,10,5,5,2,15,1,27,3,10,1,1,7,9,1,10,1,11,,6,,1,22,9,121.5132246,25.05414082
112,2,14,9,0,2,01大同區,大同區南京西路304號,0,0,1,2,C03,6,1,8,30,15,22,1,4,4,5,7,4,4,10,5,5,2,15,1,35,2,3,1,1,7,9,1,10,1,14,,14,,1,22,9,121.5132246,25.05414082
112,2,14,9,7,2,02萬華區,萬華區西藏路與西藏路129巷口,0,0,2,1,C03,6,1,5,50,3,1,1,4,4,5,7,4,4,3,4,5,2,17,1,63,2,8,1,1,7,9,1,10,1,11,,16,,1,22,9,121.5018049,25.02969805
112,2,14,9,7,2,02萬華區,萬華區西藏路與西藏路129巷口,0,0,2,2,C03,6,1,5,50,3,1,1,4,4,5,7,4,4,3,4,5,2,17,1,37,2,9,1,1,7,9,1,10,1,14,,42,,1,22,9,121.5018049,25.02969805
112,2,14,9,16,2,04大安區,大安區建國南路2段(南往北),0,0,1,1,C03,6,1,5,50,14,9,4,4,4,5,7,2,3,1,4,5,2,12,1,40,2,8,3,4,7,9,1,10,1,14,,42,,1,22,9,121.5379093,25.0251047
112,2,14,9,16,2,04大安區,大安區建國南路2段(南往北),0,0,1,2,C03,6,1,5,50,14,9,4,4,4,5,7,2,3,1,4,5,2,12,1,25,3,10,3,4,7,9,1,10,1,13,,44,,1,22,9,121.5379093,25.0251047
112,2,14,9,20,2,09北投區,北投區行義路與泉源路口,0,0,1,1,C03,6,1,5,40,4,1,1,4,4,5,7,1,1,10,5,3,2,18,1,18,2,8,1,1,7,5,1,10,9,14,,23,,1,22,9,121.5266987,25.1440278
112,2,14,9,20,2,09北投區,北投區行義路與泉源路口,0,0,1,2,,6,1,5,40,4,1,1,4,4,5,7,1,1,10,5,3,2,18,3,0,,,,,,,,,,,,67,,1,,,121.5266987,25.1440278
112,2,14,9,24,2,12內湖區,內湖區康樂街111巷與康樂街61巷口,0,0,2,1,B01,6,1,5,30,4,1,1,4,4,5,7,4,4,10,5,5,2,17,1,42,2,3,1,1,7,9,1,4,2,4,,6,,1,22,9,121.619794,25.07068987
112,2,14,9,24,2,12內湖區,內湖區康樂街111巷與康樂街61巷口,0,0,2,2,A11,6,1,5,30,4,1,1,4,4,5,7,4,4,10,5,5,2,17,1,26,3,10,1,1,7,9,1,2,2,1,,23,,1,22,9,121.619794,25.07068987
112,2,14,9,24,2,12內湖區,內湖區康樂街111巷與康樂街61巷口,0,0,2,3,H02,6,1,5,30,4,1,1,4,4,5,7,4,4,10,5,5,2,17,2,21,2,9,3,4,7,21,8,20,10,15,,67,,1,22,9,121.619794,25.07068987
112,2,14,9,31,2,01大同區,大同區民族西路與大龍街177巷口口,0,0,2,3,B01,6,1,5,50,4,2,1,4,4,5,7,2,1,5,5,5,2,13,1,56,3,10,1,1,7,11,1,3,1,7,,10,,1,22,9,121.5168435,25.06859242
112,2,14,9,31,2,01大同區,大同區民族西路與大龍街177巷口口,0,0,2,1,B12,6,1,5,50,4,2,1,4,4,5,7,2,1,5,5,5,2,13,1,48,2,7,1,1,7,9,1,8,1,1,,23,,1,22,9,121.5168435,25.06859242
112,2,14,9,31,2,01大同區,大同區民族西路與大龍街177巷口口,0,0,2,2,B12,6,1,5,50,4,2,1,4,4,5,7,2,1,5,5,5,2,13,1,29,2,6,1,1,7,14,1,8,1,7,1,44,,1,22,9,121.5168435,25.06859242
112,2,14,9,35,2,07信義區,信義區基隆路2段33號與基隆路2段39巷口,0,0,1,1,C04,6,1,5,50,14,9,1,4,4,5,7,4,4,9,5,5,2,13,1,18,2,8,1,1,7,9,1,10,1,11,,42,,1,22,9,121.5588824,25.0312913
112,2,14,9,35,2,07信義區,信義區基隆路2段33號與基隆路2段39巷口,0,0,1,3,C03,6,1,5,50,14,9,1,4,4,5,7,4,4,9,5,5,2,13,2,59,3,10,3,4,7,13,1,10,9,14,,44,,1,22,9,121.5588824,25.0312913
112,2,14,9,35,2,07信義區,信義區基隆路2段33號與基隆路2段39巷口,0,0,1,2,C03,6,1,5,50,14,9,1,4,4,5,7,4,4,9,5,5,2,13,2,40,3,10,3,4,7,13,1,10,9,12,,44,,1,22,9,121.5588824,25.0312913
112,2,14,9,49,2,01大同區,大同區承德路2段與民權西路口,0,0,1,1,C03,7,1,5,50,4,1,1,5,4,5,7,2,1,1,4,5,2,13,2,27,2,9,3,4,7,9,1,10,2,11,,23,,1,22,9,121.5180809,25.06297026
112,2,14,9,49,2,01大同區,大同區承德路2段與民權西路口,0,0,1,2,B01,7,1,5,50,4,1,1,5,4,5,7,2,1,1,4,5,2,13,1,68,3,10,3,4,7,12,1,8,2,4,,26,,1,22,9,121.5180809,25.06297026
112,2,14,10,16,2,04大安區,大安區復興南路2段27號,0,0,1,1,C03,6,1,5,50,14,7,1,4,4,5,7,4,4,1,4,4,1,17,2,60,2,8,1,1,7,7,1,10,1,14,,7,,1,22,9,121.5436436,25.0320025
112,2,14,10,16,2,04大安區,大安區復興南路2段27號,0,0,1,2,B03,6,1,5,50,14,7,1,4,4,5,7,4,4,1,4,4,1,17,1,38,3,10,1,1,7,9,1,8,1,5,,44,,1,22,9,121.5436436,25.0320025
112,2,14,10,33,2,08士林區,士林區忠誠路2段與德行東路口,0,0,1,3,H02,8,1,5,50,4,2,1,5,4,5,7,2,1,1,4,4,1,17,2,70,2,5,4,5,7,21,8,20,10,16,,67,,1,22,9,121.5304333,25.10845446
112,2,14,10,33,2,08士林區,士林區忠誠路2段與德行東路口,0,0,1,2,A02,8,1,5,50,4,2,1,5,4,5,7,2,1,1,4,4,1,17,1,59,3,10,1,1,7,9,1,2,2,2,,23,,1,22,9,121.5304333,25.10845446
112,2,14,10,33,2,08士林區,士林區忠誠路2段與德行東路口,0,0,1,1,B03,8,1,5,50,4,2,1,5,4,5,7,2,1,1,4,4,1,17,2,37,4,11,3,4,7,1,7,19,11,15,,19,,2,22,9,121.5304333,25.10845446
112,2,14,10,52,2,07信義區,信義區崇德街與崇德街60巷口,0,0,1,2,C03,6,1,5,50,3,1,1,4,4,5,7,4,4,8,3,5,2,17,1,25,2,9,1,1,7,9,1,10,1,11,,44,,1,22,9,121.5544244,25.02420888
112,2,14,10,52,2,07信義區,信義區崇德街與崇德街60巷口,0,0,1,1,B01,6,1,5,50,3,1,1,4,4,5,7,4,4,8,3,5,2,17,1,67,3,10,1,1,7,2,1,8,1,7,,12,,1,22,9,121.5544244,25.02420888
112,2,14,11,1,2,10文山區,文山區羅斯福路4段與基隆路4段口,0,0,1,2,B03,6,1,5,50,5,1,1,4,4,5,7,2,1,1,4,5,2,16,1,52,3,10,1,1,7,5,1,8,1,6,,27,,1,22,9,121.5369912,25.0110169
112,2,14,11,1,2,10文山區,文山區羅斯福路4段與基隆路4段口,0,0,1,1,C03,6,1,5,50,5,1,1,4,4,5,7,2,1,1,4,5,2,16,1,22,2,9,1,1,7,8,1,10,1,14,,23,,1,22,9,121.5369912,25.0110169
112,2,14,11,20,2,03中山區,中山區中山北路1段與市民大道2段口,0,0,1,2,B01,7,1,5,50,4,1,1,5,4,5,7,1,1,10,4,5,2,13,1,38,3,10,1,4,7,12,1,4,2,3,,44,,1,22,9,121.5209111,25.04826568
112,2,14,11,20,2,03中山區,中山區中山北路1段與市民大道2段口,0,0,1,1,C03,7,1,5,50,4,1,1,5,4,5,7,1,1,10,4,5,2,13,2,26,2,9,1,4,7,9,1,10,2,11,,16,,1,22,9,121.5209111,25.04826568
112,2,14,11,22,2,08士林區,士林區承德路4段與福港街口,0,0,1,2,C03,7,1,5,50,4,1,1,5,4,5,7,2,1,1,4,4,2,17,1,70,2,8,1,1,7,9,1,10,1,11,,44,,1,21,8,121.5183981,25.08995081
112,2,14,11,22,2,08士林區,士林區承德路4段與福港街口,0,0,1,1,C03,7,1,5,50,4,1,1,5,4,5,7,2,1,1,4,4,2,17,1,20,3,10,1,1,7,5,1,10,1,12,,8,,1,21,8,121.5183981,25.08995081
112,2,14,11,30,2,10文山區,文山區羅斯福路5段與羅斯福路5段53巷口口,0,0,1,1,B03,6,1,5,50,3,2,1,4,4,5,7,4,4,1,4,5,2,16,2,24,3,10,1,1,7,6,1,10,11,6,,9,,2,22,9,121.539023,25.0067607
112,2,14,11,30,2,10文山區,文山區羅斯福路5段與羅斯福路5段53巷口口,0,0,1,2,C03,6,1,5,50,3,2,1,4,4,5,7,4,4,1,4,5,2,16,2,21,2,8,1,1,7,9,1,10,1,11,14,13,,1,22,9,121.539023,25.0067607
112,2,14,12,5,2,10文山區,文山區辛亥路4段162號,0,0,1,1,B03,6,1,5,50,14,9,1,4,4,5,7,2,1,1,4,5,2,13,2,38,3,10,1,1,7,9,1,8,2,1,,16,,1,22,9,121.5563933,25.003828
112,2,14,12,5,2,10文山區,文山區辛亥路4段162號,0,0,1,2,C03,6,1,5,50,14,9,1,4,4,5,7,2,1,1,4,5,2,13,1,57,2,9,1,1,7,9,1,10,2,13,,44,,1,22,9,121.5563933,25.003828
112,2,14,12,29,2,02萬華區,萬華區長沙街2段與西寧南路口,0,0,2,1,C03,8,1,5,50,4,1,1,5,4,5,7,1,1,8,3,5,1,17,1,40,2,2,1,1,7,1,1,10,1,13,,19,,1,22,9,121.5060476,25.0406677
112,2,14,12,29,2,02萬華區,萬華區長沙街2段與西寧南路口,0,0,2,2,C03,8,1,5,50,4,1,1,5,4,5,7,1,1,8,3,5,1,17,2,51,2,7,1,1,7,9,1,10,1,11,,44,,1,22,9,121.5060476,25.0406677
112,2,14,12,40,2,07信義區,信義區基隆路1段與一之六號道路口,0,0,1,1,C03,8,1,5,50,14,9,1,5,4,5,7,4,4,1,4,5,1,18,1,35,2,9,3,4,7,9,1,9,2,14,,42,,1,22,9,121.5605042,25.0343286
112,2,14,12,40,2,07信義區,信義區基隆路1段與一之六號道路口,0,0,1,2,,8,1,5,50,14,9,1,5,4,5,7,4,4,1,4,5,1,18,3,0,,,,,,,,,,,,67,,1,,,121.5605042,25.0343286
112,2,14,12,56,2,03中山區,中山區復興北路234號,0,0,1,2,C03,7,1,5,50,14,9,1,5,4,5,7,4,4,1,4,5,2,17,1,26,2,9,1,1,7,9,6,18,11,13,,44,,1,22,9,121.5440734,25.0574199
112,2,14,12,56,2,03中山區,中山區復興北路234號,0,0,1,1,,7,1,5,50,14,9,1,5,4,5,7,4,4,1,4,5,2,17,4,0,4,11,3,4,7,15,7,19,11,15,,43,,2,22,9,121.5440734,25.0574199
112,2,14,13,2,2,12內湖區,內湖區行善路與金豐街口,0,0,1,2,C03,8,1,5,50,4,1,4,5,4,5,7,2,1,1,2,5,2,12,2,36,2,9,1,1,7,9,1,10,11,14,,43,,1,22,9,121.5858077,25.06625815
112,2,14,13,2,2,12內湖區,內湖區行善路與金豐街口,0,0,1,1,B03,8,1,5,50,4,1,4,5,4,5,7,2,1,1,2,5,2,12,1,60,3,10,3,4,7,6,6,4,11,15,,43,,1,22,9,121.5858077,25.06625815
112,2,14,13,25,2,09北投區,北投區大度路1段與大度路1段150巷口,0,0,1,2,C03,7,1,5,70,3,1,1,5,4,5,7,2,1,1,4,5,2,17,1,56,2,9,1,1,7,9,1,10,2,11,,44,,1,22,9,121.4935715,25.1217068
112,2,14,13,25,2,09北投區,北投區大度路1段與大度路1段150巷口,0,0,1,1,B11,7,1,5,70,3,1,1,5,4,5,7,2,1,1,4,5,2,17,1,43,3,10,1,1,7,6,1,8,2,2,,26,,1,22,9,121.4935715,25.1217068
112,2,14,13,30,2,03中山區,中山區樂群一路與基湖路口,0,0,1,1,B03,7,1,5,50,3,1,1,5,4,5,7,1,1,10,2,5,2,12,1,32,3,10,1,4,7,9,1,8,2,1,,42,,1,22,9,121.5631389,25.0761537
112,2,14,13,30,2,03中山區,中山區樂群一路與基湖路口,0,0,1,2,C03,7,1,5,50,3,1,1,5,4,5,7,1,1,10,2,5,2,12,1,31,2,7,1,4,7,5,1,10,2,13,,44,,1,22,9,121.5631389,25.0761537
112,2,14,13,30,2,03中山區,中山區樂群一路與基湖路口,0,0,1,3,,7,1,5,50,3,1,1,5,4,5,7,1,1,10,2,5,2,12,3,0,,,,,,,,,,,,67,,1,,,121.5631389,25.0761537
112,2,14,14,0,2,03中山區,中山區建國北路2段與民權東路3段口,0,0,1,2,C03,7,1,5,50,4,1,1,5,4,5,7,1,1,1,2,5,2,16,1,32,2,8,1,1,7,9,1,10,1,14,,42,,1,22,9,121.537305,25.0622607
112,2,14,14,0,2,03中山區,中山區建國北路2段與民權東路3段口,0,0,1,1,B02,7,1,5,50,4,1,1,5,4,5,7,1,1,1,2,5,2,16,2,49,3,10,1,1,7,6,1,4,1,5,,9,,1,22,9,121.537305,25.0622607
112,2,14,14,10,2,05中正區,中正區青島東路47號,0,0,1,1,B03,7,1,5,50,14,9,1,5,4,5,7,4,4,9,4,4,2,12,1,57,3,10,1,1,7,7,1,8,2,8,,7,,1,2,5,121.5256501,25.042964
112,2,14,14,10,2,05中正區,中正區青島東路47號,0,0,1,2,C03,7,1,5,50,14,9,1,5,4,5,7,4,4,9,4,4,2,12,2,49,2,9,1,1,7,1,1,10,2,11,,19,,1,4,8,121.5256501,25.042964
112,2,14,14,38,2,12內湖區,內湖區行愛路與新湖三路口,0,0,1,2,C03,8,1,5,50,4,1,1,5,4,5,7,2,1,5,4,4,2,17,1,24,2,9,1,1,7,9,1,10,1,14,,44,,1,22,9,121.5795502,25.0649156
112,2,14,14,38,2,12內湖區,內湖區行愛路與新湖三路口,0,0,1,1,B03,8,1,5,50,4,1,1,5,4,5,7,2,1,5,4,4,2,17,2,55,3,10,1,1,7,5,1,8,1,1,,8,,1,22,9,121.5795502,25.0649156
112,2,14,14,45,2,07信義區,信義區市民大道5段與光復南路口,0,0,2,1,B01,7,1,5,40,4,2,1,5,4,5,7,1,1,1,4,5,1,12,1,44,3,10,1,1,7,9,1,4,2,5,,26,,1,22,9,121.5578488,25.0449967
112,2,14,14,45,2,07信義區,信義區市民大道5段與光復南路口,0,0,2,2,C03,7,1,5,40,4,2,1,5,4,5,7,1,1,1,4,5,1,12,2,29,2,9,1,1,7,9,1,10,2,14,,26,,1,22,9,121.5578488,25.0449967
112,2,14,14,45,2,07信義區,信義區市民大道5段與光復南路口,0,0,2,3,H02,7,1,5,40,4,2,1,5,4,5,7,1,1,1,4,5,1,12,2,26,2,9,1,5,7,20,8,20,10,15,,67,,1,22,9,121.5578488,25.0449967
112,2,14,15,11,2,04大安區,大安區仁愛路3段123巷與仁愛路3段口,0,0,1,1,B02,8,1,5,50,3,2,1,5,4,5,7,4,4,1,4,5,2,17,1,26,3,10,1,1,7,6,1,8,1,6,,6,,1,22,9,121.5419829,25.038154
112,2,14,15,11,2,04大安區,大安區仁愛路3段123巷與仁愛路3段口,0,0,1,2,C03,8,1,5,50,3,2,1,5,4,5,7,4,4,1,4,5,2,17,2,29,2,9,1,1,7,9,1,10,1,14,,44,,1,22,9,121.5419829,25.038154
112,2,14,15,21,2,01大同區,大同區民權西路與承德路3段口,0,0,1,1,C03,8,2,5,50,14,9,1,5,4,5,7,4,4,1,4,5,2,16,1,67,2,8,1,1,7,9,1,10,1,14,,17,,1,22,9,121.5182325,25.0629867
112,2,14,15,21,2,01大同區,大同區民權西路與承德路3段口,0,0,1,2,B03,8,2,5,50,14,9,1,5,4,5,7,4,4,1,4,5,2,16,1,32,3,10,1,1,7,9,1,8,1,2,,44,,1,22,9,121.5182325,25.0629867
112,2,14,15,56,2,02萬華區,萬華區西園路2段225巷與寶興街65巷口,0,0,2,1,C03,7,1,5,30,4,1,1,5,4,5,7,4,4,10,5,5,2,15,1,30,2,7,1,4,7,9,1,10,1,11,,6,,1,22,9,121.4948738,25.0271046
112,2,14,15,56,2,02萬華區,萬華區西園路2段225巷與寶興街65巷口,0,0,2,2,C03,7,1,5,30,4,1,1,5,4,5,7,4,4,10,5,5,2,15,2,61,2,8,1,4,7,9,4,8,1,14,,14,,1,22,9,121.4948738,25.0271046
112,2,14,16,20,2,12內湖區,內湖區金湖路363巷5號,0,0,1,1,B03,7,1,5,30,3,1,1,5,4,5,7,4,4,9,5,5,2,12,1,46,3,10,1,1,7,8,1,8,1,15,,7,,1,22,9,121.6024084,25.07338558
112,2,14,16,20,2,12內湖區,內湖區金湖路363巷5號,0,0,1,2,C04,7,1,5,30,3,1,1,5,4,5,7,4,4,9,5,5,2,12,2,71,2,3,1,1,7,9,1,8,1,15,,44,,1,22,9,121.6024084,25.07338558
112,2,14,16,28,2,04大安區,大安區光復南路180巷廢鐵道口,0,0,1,2,C03,7,1,5,30,15,9,1,5,4,3,5,4,4,1,4,5,2,17,1,49,2,8,1,1,7,9,1,10,1,15,,42,,1,21,8,121.556635,25.0423558
112,2,14,16,28,2,04大安區,大安區光復南路180巷廢鐵道口,0,0,1,1,B03,7,1,5,30,15,9,1,5,4,3,5,4,4,1,4,5,2,17,1,25,3,10,1,1,7,11,1,8,1,15,,10,,1,21,8,121.556635,25.0423558
112,2,14,17,8,2,08士林區,士林區劍潭路與基河路口,0,0,1,1,B01,8,1,5,50,5,2,1,5,4,5,7,4,4,1,4,5,2,17,1,40,3,10,1,1,7,8,1,8,2,2,,7,,1,22,9,121.52473,25.08426029
112,2,14,17,8,2,08士林區,士林區劍潭路與基河路口,0,0,1,2,F01,8,1,5,50,5,2,1,5,4,5,7,4,4,1,4,5,2,17,2,63,2,9,1,1,7,9,8,20,2,16,,44,,1,22,9,121.52473,25.08426029
112,2,14,17,19,2,09北投區,北投區明德路337巷3號,0,0,1,1,C03,8,1,5,30,14,9,1,5,4,5,7,4,4,10,4,5,1,3,1,23,3,10,2,1,7,9,1,10,2,11,,23,,1,22,9,121.5202342,25.11680107
112,2,14,17,19,2,09北投區,北投區明德路337巷3號,0,0,1,2,H01,8,1,5,30,14,9,1,5,4,5,7,4,4,10,4,5,1,3,2,74,2,1,4,5,8,16,8,20,10,16,,51,,1,22,9,121.5202342,25.11680107
112,2,14,17,20,2,03中山區,中山區林森北路與錦州街口,0,0,2,1,C03,7,3,5,50,4,1,1,5,4,5,7,1,1,10,4,5,2,12,1,31,2,8,1,4,7,5,1,10,2,14,,8,,1,22,9,121.5255607,25.0603052
112,2,14,17,20,2,03中山區,中山區林森北路與錦州街口,0,0,2,2,B03,7,3,5,50,4,1,1,5,4,5,7,1,1,10,4,5,2,12,1,37,3,10,1,4,7,9,1,8,2,5,,23,,1,22,9,121.5255607,25.0603052
112,2,14,17,20,2,03中山區,中山區林森北路與錦州街口,0,0,2,3,H02,7,3,5,50,4,1,1,5,4,5,7,1,1,10,4,5,2,12,2,39,2,9,1,5,7,20,8,20,10,16,,67,,1,22,9,121.5255607,25.0603052
112,2,14,17,31,2,12內湖區,內湖區新湖一路128巷15號,0,0,1,1,B03,6,1,5,50,14,9,1,4,4,5,7,4,4,9,4,5,2,16,1,52,3,10,1,1,7,1,1,8,1,8,,19,,1,22,9,121.576944,25.06013419
112,2,14,17,31,2,12內湖區,內湖區新湖一路128巷15號,0,0,1,2,C03,6,1,5,50,14,9,1,4,4,5,7,4,4,9,4,5,2,16,2,33,2,8,1,1,7,9,1,10,1,11,,44,,1,22,9,121.576944,25.06013419
112,2,14,17,50,2,07信義區,信義區永吉路120巷與永吉路30巷119弄口,0,0,1,1,C03,7,3,5,50,4,2,1,5,4,5,7,4,4,9,5,5,1,17,1,23,4,11,3,4,7,15,7,19,11,15,,23,,2,22,9,121.5701958,25.043166