發生年度,發生月,發生日,發生時-Hours,發生分,處理別-編號,區序,肇事地點,死亡人數,2-30日死亡人數,受傷人數,當事人序號,車種,天候,光線,道路類別,速限-速度限制,道路型態,事故位置,路面狀況1,路面狀況2,路面狀況3,道路障礙1,道路障礙2,號誌1,號誌2,車道劃分-分向,車道劃分-分道1,車道劃分-分道2,車道劃分-分道3,事故類型及型態,性別,年齡,受傷程度,主要傷處,保護裝置,行動電話,車輛用途,當事者行動狀態,駕駛資格情形,駕駛執照種類,飲酒情形,車輛撞擊部位1,車輛撞擊部位2,肇因碼-個別,肇因碼-主要,個人肇逃否,職業,旅次目的,座標-X,座標-Y
112,2,15,13,3,2,09北投區,北投區石牌路1段33巷4弄與石牌路1段39巷口,0,0,2,2,C03,8,1,5,30,4,1,1,5,4,5,7,4,4,10,5,5,2,16,2,46,2,9,1,1,7,9,1,10,2,14,,23,,1,22,9,121.5100873,25.113724
112,2,15,13,3,2,09北投區,北投區石牌路1段33巷4弄與石牌路1段39巷口,0,0,2,3,B03,8,1,5,30,4,1,1,5,4,5,7,4,4,10,5,5,2,16,1,58,3,10,1,1,7,13,1,4,9,15,,42,,1,22,9,121.5100873,25.113724
112,2,15,13,32,2,03中山區,中山區長春路189號,0,0,2,2,C03,7,1,5,50,14,8,1,5,4,5,7,4,4,9,4,4,2,16,2,48,2,8,1,1,7,9,1,10,1,11,,44,,1,22,9,121.5379432,25.05474684
112,2,15,13,32,2,03中山區,中山區長春路189號,0,0,2,1,C03,7,1,5,50,14,8,1,5,4,5,7,4,4,9,4,4,2,16,2,22,2,9,1,1,7,11,1,10,1,13,,10,,1,22,9,121.5379432,25.05474684
112,2,15,13,33,2,03中山區,中山區五常街53巷與龍江路394巷口,0,0,1,2,C03,8,1,5,50,4,1,1,5,4,5,7,4,4,9,5,5,2,16,1,18,3,10,3,4,7,9,1,10,1,11,,23,,1,22,9,121.5396748,25.06722482
112,2,15,13,33,2,03中山區,中山區五常街53巷與龍江路394巷口,0,0,1,1,C03,8,1,5,50,4,1,1,5,4,5,7,4,4,9,5,5,2,16,1,53,2,9,1,1,7,9,1,10,1,14,,6,,1,22,9,121.5396748,25.06722482
112,2,15,14,22,2,02萬華區,萬華區柳州街與柳州街86巷口,0,0,1,1,B03,7,1,5,50,3,2,1,5,4,5,7,4,4,5,5,5,2,12,1,64,3,10,1,1,7,9,1,8,1,2,,23,,1,22,9,121.5049639,25.03701108
112,2,15,14,22,2,02萬華區,萬華區柳州街與柳州街86巷口,0,0,1,3,B03,7,1,5,50,3,2,1,5,4,5,7,4,4,5,5,5,2,12,1,67,3,10,1,1,7,14,1,8,1,4,,38,,1,22,9,121.5049639,25.03701108
112,2,15,14,22,2,02萬華區,萬華區柳州街與柳州街86巷口,0,0,1,2,C03,7,1,5,50,3,2,1,5,4,5,7,4,4,5,5,5,2,12,1,74,2,8,1,1,7,7,1,10,1,13,,7,,1,22,9,121.5049639,25.03701108
112,2,15,14,23,2,05中正區,中正區和平西路2段與莒光路口,0,0,1,1,C03,8,1,5,50,3,1,1,5,4,5,7,1,1,3,4,5,2,17,2,40,2,9,1,1,7,5,1,10,2,11,,8,,1,22,9,121.5079034,25.03123617
112,2,15,14,23,2,05中正區,中正區和平西路2段與莒光路口,0,0,1,2,B01,8,1,5,50,3,1,1,5,4,5,7,1,1,3,4,5,2,17,1,48,3,10,1,1,7,9,1,4,2,6,,44,,1,22,9,121.5079034,25.03123617
112,2,15,14,23,2,05中正區,中正區和平西路2段與莒光路口,0,0,1,3,H02,8,1,5,50,3,1,1,5,4,5,7,1,1,3,4,5,2,17,1,7,4,11,1,5,7,20,8,20,10,16,,67,,1,22,9,121.5079034,25.03123617
112,2,15,14,27,2,08士林區,士林區延平北路7段106巷275號燈桿,0,0,1,1,C03,8,1,5,30,14,9,1,5,4,5,7,4,4,10,5,5,1,16,1,21,2,9,1,1,7,9,1,10,1,14,,5,,1,22,9,121.4958065,25.10618136
112,2,15,14,27,2,08士林區,士林區延平北路7段106巷275號燈桿,0,0,1,2,B03,8,1,5,30,14,9,1,5,4,5,7,4,4,10,5,5,1,16,1,62,3,10,1,1,7,4,1,10,1,14,,44,,1,22,9,121.4958065,25.10618136
112,2,15,14,36,2,08士林區,士林區中山北路5段701號,0,0,1,2,B03,7,1,8,50,15,22,1,5,4,5,7,1,1,1,4,5,2,17,2,27,3,10,1,1,7,9,1,8,2,8,,44,,1,22,9,121.5272353,25.09782064
112,2,15,14,36,2,08士林區,士林區中山北路5段701號,0,0,1,1,C03,7,1,8,50,15,22,1,5,4,5,7,1,1,1,4,5,2,17,1,60,2,8,1,1,7,8,1,10,2,12,,7,,1,22,9,121.5272353,25.09782064
112,2,15,14,40,2,08士林區,士林區承德路4段與中正路口,0,0,1,1,C03,7,1,5,50,4,2,1,5,4,5,7,1,1,10,4,5,1,17,1,53,3,10,1,1,7,6,3,18,2,15,,9,,1,22,9,121.5163526,25.09085752
112,2,15,14,40,2,08士林區,士林區承德路4段與中正路口,0,0,1,2,C03,7,1,5,50,4,2,1,5,4,5,7,1,1,10,4,5,1,17,2,23,2,9,1,1,7,9,1,10,2,14,,44,,1,22,9,121.5163526,25.09085752
112,2,15,15,0,2,07信義區,信義區忠孝東路5段252號,0,0,1,1,A04,7,1,5,50,14,9,1,5,4,5,7,4,4,1,4,5,2,9,1,50,3,10,1,1,7,1,1,2,2,15,,19,,1,22,9,121.57281,25.0407615
112,2,15,15,0,2,07信義區,信義區忠孝東路5段252號,0,0,1,2,H02,7,1,5,50,14,9,1,5,4,5,7,4,4,1,4,5,2,9,2,83,2,1,4,5,7,20,8,20,10,16,,67,,1,22,9,121.57281,25.0407615
112,2,15,16,0,2,05中正區,中正區羅斯福路3段308-1號前,0,0,1,2,F01,8,1,5,50,4,1,1,5,4,5,7,1,1,1,4,5,2,12,2,53,2,9,2,1,7,5,8,20,1,16,,8,,1,22,9,121.5327328,25.01625
112,2,15,16,0,2,05中正區,中正區羅斯福路3段308-1號前,0,0,1,1,A12,8,1,5,50,4,1,1,5,4,5,7,1,1,1,4,5,2,12,1,67,3,10,1,1,7,5,1,7,1,4,,23,,1,22,9,121.5327328,25.01625
112,2,15,16,8,2,11南港區,南港區松河街玉成抽水站前,0,0,1,1,C03,8,1,5,40,14,9,1,5,4,5,7,4,4,4,3,5,2,13,1,25,2,9,3,4,7,9,1,10,1,11,,16,,1,22,9,121.5829126,25.0528204
112,2,15,16,8,2,11南港區,南港區松河街玉成抽水站前,0,0,1,2,B12,8,1,5,40,14,9,1,5,4,5,7,4,4,4,3,5,2,13,1,49,3,10,3,4,7,9,1,8,1,3,,44,,1,22,9,121.5829126,25.0528204
112,2,15,16,22,2,07信義區,信義區基隆路車行地下道,0,0,1,1,B11,7,1,5,50,14,9,1,5,4,5,7,1,1,1,3,5,2,13,1,25,3,10,1,1,7,9,1,4,1,1,,43,,1,22,9,121.5656402,25.04320052
112,2,15,16,22,2,07信義區,信義區基隆路車行地下道,0,0,1,2,B03,7,1,5,50,14,9,1,5,4,5,7,1,1,1,3,5,2,13,1,52,3,10,1,1,7,14,1,8,1,3,,43,,1,22,9,121.5656402,25.04320052
112,2,15,16,22,2,07信義區,信義區基隆路車行地下道,0,0,1,3,H02,7,1,5,50,14,9,1,5,4,5,7,1,1,1,3,5,2,13,2,44,2,2,4,5,7,20,8,20,10,16,,67,,1,22,9,121.5656402,25.04320052
112,2,15,16,38,2,04大安區,大安區市民大道3段294號前迴轉道,0,0,2,1,C03,8,1,5,40,3,1,1,5,4,5,7,4,4,1,4,5,2,17,1,23,2,8,1,1,7,5,1,10,1,14,,8,,1,22,9,121.5428085,25.0446429
112,2,15,16,38,2,04大安區,大安區市民大道3段294號前迴轉道,0,0,2,2,C03,8,1,5,40,3,1,1,5,4,5,7,4,4,1,4,5,2,17,1,20,2,8,1,1,7,9,1,10,1,12,,13,,1,22,9,121.5428085,25.0446429
112,2,15,16,56,2,05中正區,中正區忠孝東路1段與林森北路口,0,0,2,1,B03,7,1,5,50,4,1,1,5,4,5,7,1,1,1,4,5,2,15,1,58,3,10,1,1,7,1,1,8,2,8,,19,,1,22,9,121.5234317,25.0449685
112,2,15,16,56,2,05中正區,中正區忠孝東路1段與林森北路口,0,0,2,2,C03,7,1,5,50,4,1,1,5,4,5,7,1,1,1,4,5,2,15,2,36,2,9,1,1,7,9,3,18,2,12,,44,,1,22,9,121.5234317,25.0449685
112,2,15,16,56,2,05中正區,中正區忠孝東路1段與林森北路口,0,0,2,3,H02,7,1,5,50,4,1,1,5,4,5,7,1,1,1,4,5,2,15,2,8,2,9,4,5,7,20,8,20,10,16,,67,,1,22,9,121.5234317,25.0449685
112,2,15,17,1,2,04大安區,大安區復興南路2段與瑞安街23巷口,0,0,1,2,H01,7,1,5,50,5,1,1,5,4,5,7,2,1,1,4,5,2,3,2,15,2,9,4,5,8,16,8,20,10,15,,67,,1,21,8,121.5436295,25.03105022
112,2,15,17,1,2,04大安區,大安區復興南路2段與瑞安街23巷口,0,0,1,1,B02,7,1,5,50,5,1,1,5,4,5,7,2,1,1,4,5,2,3,1,31,3,10,1,1,7,5,1,4,2,8,,15,,1,21,8,121.5436295,25.03105022
112,2,15,17,12,2,10文山區,文山區木柵路1段與木柵路1段191巷口,0,0,1,1,B03,7,3,5,30,3,1,1,5,4,5,7,1,1,5,4,5,2,3,2,33,3,10,3,4,7,5,1,8,2,8,,15,,1,22,9,121.5513887,24.9876703
112,2,15,17,12,2,10文山區,文山區木柵路1段與木柵路1段191巷口,0,0,1,2,H01,7,3,5,30,3,1,1,5,4,5,7,1,1,5,4,5,2,3,2,40,2,8,4,5,8,16,8,20,10,16,,67,,1,22,9,121.5513887,24.9876703
112,2,15,17,15,2,05中正區,中正區羅斯福路2段與和平西路1段口,0,0,2,2,C03,8,1,5,50,4,2,1,5,4,5,7,1,1,1,4,4,2,13,1,66,2,9,1,1,7,14,1,10,2,13,,44,,1,22,9,121.5220025,25.0269574
112,2,15,17,15,2,05中正區,中正區羅斯福路2段與和平西路1段口,0,0,2,1,C03,8,1,5,50,4,2,1,5,4,5,7,1,1,1,4,4,2,13,2,21,2,9,1,1,7,9,1,10,2,11,,16,,1,22,9,121.5220025,25.0269574
112,2,15,17,18,2,10文山區,文山區興隆路3段與興隆路3段304巷口,0,0,2,2,C03,7,2,5,50,4,1,1,5,4,5,7,2,1,1,4,5,2,16,1,42,3,10,1,1,7,9,1,10,1,11,,44,,1,22,9,121.5587623,24.9927689
112,2,15,17,18,2,10文山區,文山區興隆路3段與興隆路3段304巷口,0,0,2,1,C03,7,2,5,50,4,1,1,5,4,5,7,2,1,1,4,5,2,16,1,20,2,8,1,1,7,5,1,10,1,12,,8,,1,22,9,121.5587623,24.9927689
112,2,15,17,18,2,10文山區,文山區興隆路3段與興隆路3段304巷口,0,0,2,3,H02,7,2,5,50,4,1,1,5,4,5,7,2,1,1,4,5,2,16,1,5,2,4,1,1,7,20,8,20,10,16,,67,,1,22,9,121.5587623,24.9927689
112,2,15,17,25,2,08士林區,士林區德行西路125號,0,0,1,1,C03,8,1,5,50,14,9,1,5,4,5,7,4,4,10,5,5,1,13,1,28,3,10,1,1,7,9,1,10,1,11,,23,,1,22,9,121.5204083,25.10373196
112,2,15,17,25,2,08士林區,士林區德行西路125號,0,0,1,2,C03,8,1,5,50,14,9,1,5,4,5,7,4,4,10,5,5,1,13,2,38,2,3,1,1,7,14,1,10,1,13,,44,,1,22,9,121.5204083,25.10373196
112,2,15,17,25,2,08士林區,士林區德行西路125號,0,0,1,3,C03,8,1,5,50,14,9,1,5,4,5,7,4,4,10,5,5,1,13,1,45,3,10,1,1,7,14,1,10,1,13,,44,,1,22,9,121.5204083,25.10373196
112,2,15,17,40,2,03中山區,中山區新生北路2段與新生北路2段33巷口,0,0,1,2,C03,8,2,5,50,3,2,1,5,4,5,7,4,4,1,4,5,2,12,2,45,2,8,1,4,7,9,1,10,2,14,,44,,1,22,9,121.5276396,25.0544172
112,2,15,17,40,2,03中山區,中山區新生北路2段與新生北路2段33巷口,0,0,1,1,B03,8,2,5,50,3,2,1,5,4,5,7,4,4,1,4,5,2,12,1,43,3,10,3,4,7,6,1,8,2,5,,9,,1,22,9,121.5276396,25.0544172
112,2,15,17,40,2,12內湖區,內湖區安泰街114巷旁無名巷斜坡,0,0,1,1,C03,8,1,5,50,12,9,1,5,4,5,7,4,4,9,5,5,2,17,2,63,2,9,1,1,7,9,1,10,1,11,,4,,1,22,9,121.6156891,25.07731403
112,2,15,17,40,2,12內湖區,內湖區安泰街114巷旁無名巷斜坡,0,0,1,2,B03,8,1,5,50,12,9,1,5,4,5,7,4,4,9,5,5,2,17,2,30,3,10,1,1,7,9,1,8,1,8,,44,,1,22,9,121.6156891,25.07731403
112,2,15,17,45,2,03中山區,中山區錦州街與松江路口,0,0,1,1,A02,8,3,5,50,14,10,1,5,4,5,7,4,4,1,3,5,2,9,1,51,3,10,3,4,7,1,1,2,1,15,,36,,1,22,4,121.5332015,25.0605115
112,2,15,17,45,2,03中山區,中山區錦州街與松江路口,0,0,1,2,H02,8,3,5,50,14,10,1,5,4,5,7,4,4,1,3,5,2,9,1,70,2,9,3,5,7,19,8,20,10,16,,67,,1,22,9,121.5332015,25.0605115
112,2,15,18,0,2,07信義區,信義區莊敬路與莊敬路404巷口,0,0,1,1,C03,7,3,5,30,3,2,1,5,4,5,7,4,4,5,5,4,1,17,2,52,2,9,1,1,7,5,1,10,1,12,,6,,1,22,9,121.5658781,25.0274312
112,2,15,18,0,2,07信義區,信義區莊敬路與莊敬路404巷口,0,0,1,3,C03,7,3,5,30,3,2,1,5,4,5,7,4,4,5,5,4,1,17,1,42,4,11,3,4,7,21,7,19,11,15,,44,,1,22,9,121.5658781,25.0274312
112,2,15,18,0,2,07信義區,信義區莊敬路與莊敬路404巷口,0,0,1,2,C03,7,3,5,30,3,2,1,5,4,5,7,4,4,5,5,4,1,17,1,19,3,10,1,1,7,9,1,10,1,11,,13,,1,22,9,121.5658781,25.0274312
112,2,15,18,0,2,07信義區,信義區莊敬路與莊敬路404巷口,0,0,1,6,B12,7,3,5,30,3,2,1,5,4,5,7,4,4,5,5,4,1,17,2,30,4,11,3,4,7,13,7,19,11,15,,38,,1,22,9,121.5658781,25.0274312
112,2,15,18,0,2,07信義區,信義區莊敬路與莊敬路404巷口,0,0,1,4,C03,7,3,5,30,3,2,1,5,4,5,7,4,4,5,5,4,1,17,2,50,4,11,3,4,7,21,7,19,11,15,,44,,1,22,9,121.5658781,25.0274312
112,2,15,18,0,2,07信義區,信義區莊敬路與莊敬路404巷口,0,0,1,5,C03,7,3,5,30,3,2,1,5,4,5,7,4,4,5,5,4,1,17,1,31,4,11,3,4,7,21,7,19,11,15,,44,,1,22,9,121.5658781,25.0274312
112,2,15,18,10,2,10文山區,文山區興隆路1段與興順街口口,0,0,1,3,H02,8,3,5,50,3,1,1,5,4,5,7,2,1,1,4,5,2,16,1,6,3,10,1,5,7,20,8,20,10,16,,67,,1,22,9,121.543255,25.0006011
112,2,15,18,10,2,10文山區,文山區興隆路1段與興順街口口,0,0,1,2,B03,8,3,5,50,3,1,1,5,4,5,7,2,1,1,4,5,2,16,2,42,3,10,1,3,7,5,1,8,1,8,,6,,1,22,9,121.543255,25.0006011
112,2,15,18,10,2,10文山區,文山區興隆路1段與興順街口口,0,0,1,1,C03,8,3,5,50,3,1,1,5,4,5,7,2,1,1,4,5,2,16,1,43,2,8,1,1,7,9,1,10,1,11,,32,,1,22,9,121.543255,25.0006011
112,2,15,18,30,2,09北投區,北投區自強街146號,0,0,1,1,C03,8,3,5,50,14,9,1,5,4,5,7,4,4,9,5,5,2,12,1,51,2,9,1,1,7,8,1,10,1,12,,7,,1,22,9,121.5163127,25.11095966
112,2,15,18,30,2,09北投區,北投區自強街146號,0,0,1,2,B03,8,3,5,50,14,9,1,5,4,5,7,4,4,9,5,5,2,12,1,43,3,10,1,1,7,9,1,8,1,4,,44,,1,22,9,121.5163127,25.11095966
112,2,15,18,32,2,07信義區,信義區光復南路427號,0,0,1,1,B01,8,3,5,50,14,9,1,5,4,5,7,4,4,1,4,5,2,12,2,67,3,10,1,1,7,7,1,4,9,15,,7,,1,22,9,121.5576511,25.03595594
112,2,15,18,32,2,07信義區,信義區光復南路427號,0,0,1,2,C03,8,3,5,50,14,9,1,5,4,5,7,4,4,1,4,5,2,12,2,42,2,9,1,1,7,9,1,10,1,12,,44,,1,22,9,121.5576511,25.03595594
112,2,15,18,50,2,01大同區,大同區延平北路4段與迪化街2段口(汙水處理廠旁),0,0,2,2,C03,8,3,5,50,14,9,1,5,4,5,7,1,1,9,4,5,2,17,2,47,2,9,1,4,7,9,1,10,2,11,,44,,1,22,9,121.5102264,25.0743921
112,2,15,18,50,2,01大同區,大同區延平北路4段與迪化街2段口(汙水處理廠旁),0,0,2,1,C03,8,3,5,50,14,9,1,5,4,5,7,1,1,9,4,5,2,17,1,76,2,9,1,4,7,5,6,10,2,12,,8,,1,22,9,121.5102264,25.0743921
112,2,15,18,50,2,10文山區,文山區羅斯福路6段與羅斯福路6段455巷口,0,0,1,1,C03,7,3,5,50,4,2,1,5,4,5,7,2,1,1,4,4,2,13,1,54,3,10,1,1,7,9,1,10,1,11,,23,,1,22,9,121.5398026,24.990137
112,2,15,18,50,2,10文山區,文山區羅斯福路6段與羅斯福路6段455巷口,0,0,1,2,C04,7,3,5,50,4,2,1,5,4,5,7,2,1,1,4,4,2,13,2,43,2,9,1,1,7,14,1,11,1,13,,44,,1,22,9,121.5398026,24.990137
112,2,15,18,55,2,03中山區,中山區民族東路與復興北路口地下道,0,0,1,1,B01,8,3,5,40,4,2,1,5,4,5,7,1,1,1,4,5,2,16,1,62,3,10,1,1,7,9,1,4,1,2,,25,,1,22,9,121.5442532,25.0666492
112,2,15,18,55,2,03中山區,中山區民族東路與復興北路口地下道,0,0,1,2,C03,8,3,5,40,4,2,1,5,4,5,7,1,1,1,4,5,2,16,1,28,2,9,1,1,7,7,1,10,1,11,,7,,1,22,9,121.5442532,25.0666492
112,2,15,18,55,2,08士林區,士林區延平北路6段與社中路口,0,0,1,1,C03,8,3,5,50,4,1,1,5,4,5,7,2,1,5,5,5,2,17,1,69,3,10,1,1,7,5,1,10,1,15,,8,,1,22,9,121.5012836,25.09050217
112,2,15,18,55,2,08士林區,士林區延平北路6段與社中路口,0,0,1,2,C03,8,3,5,50,4,1,1,5,4,5,7,2,1,5,5,5,2,17,1,65,2,8,1,1,7,9,1,10,1,12,,23,,1,22,9,121.5012836,25.09050217
112,2,15,19,25,2,10文山區,文山區景福街與景福街242巷口,0,0,2,1,C03,7,3,5,30,3,1,1,5,4,5,6,4,4,10,5,5,2,16,1,41,2,7,1,1,7,5,1,10,1,11,,6,,1,22,9,121.5397475,24.9935892
112,2,15,19,25,2,10文山區,文山區景福街與景福街242巷口,0,0,2,2,C03,7,3,5,30,3,1,1,5,4,5,6,4,4,10,5,5,2,16,2,28,2,9,1,1,7,9,1,10,1,11,,13,,1,22,9,121.5397475,24.9935892
112,2,15,19,30,2,12內湖區,內湖區民權東路6段與民權東路6段21巷口口,0,0,1,2,C03,8,3,5,50,3,1,1,5,4,5,7,4,4,1,4,4,2,16,1,20,2,9,1,1,7,9,1,10,1,14,,14,,1,22,9,121.5825543,25.06837438
112,2,15,19,30,2,12內湖區,內湖區民權東路6段與民權東路6段21巷口口,0,0,1,1,B03,8,3,5,50,3,1,1,5,4,5,7,4,4,1,4,4,2,16,1,50,3,10,1,1,7,6,1,8,1,5,,9,,1,22,9,121.5825543,25.06837438
112,2,15,20,0,2,12內湖區,內湖區江南街與瑞光路口,0,0,1,1,C03,8,1,5,50,3,2,1,5,4,5,7,1,1,5,5,5,2,17,2,60,2,9,1,1,7,4,1,10,2,12,,25,,1,22,9,121.5754454,25.07606018
112,2,15,20,0,2,12內湖區,內湖區江南街與瑞光路口,0,0,1,2,B03,8,1,5,50,3,2,1,5,4,5,7,1,1,5,5,5,2,17,1,45,3,10,1,1,7,9,1,8,2,4,,44,,1,22,9,121.5754454,25.07606018
112,2,15,20,9,2,06松山區,松山區民生東路3段121號,0,0,1,2,C03,7,3,5,50,14,9,1,5,4,5,7,4,4,1,4,5,2,17,1,42,2,9,3,4,7,7,1,10,2,14,,44,,1,22,9,121.547002,25.05781525
112,2,15,20,9,2,06松山區,松山區民生東路3段121號,0,0,1,1,B01,7,3,5,50,14,9,1,5,4,5,7,4,4,1,4,5,2,17,1,66,3,10,3,4,7,1,1,4,2,15,,19,,1,22,9,121.547002,25.05781525
112,2,15,20,40,2,10文山區,文山區和平東路4段與萬美街1段口,0,0,3,2,C03,8,1,5,50,3,2,1,5,4,5,7,4,4,4,5,5,1,10,2,21,2,9,1,1,7,9,1,10,1,11,,44,,1,22,9,121.5718937,25.0020309
112,2,15,20,40,2,10文山區,文山區和平東路4段與萬美街1段口,0,0,3,3,H02,8,1,5,50,3,2,1,5,4,5,7,4,4,4,5,5,1,10,2,21,2,9,1,5,7,17,8,20,9,16,,67,,1,22,9,121.5718937,25.0020309
112,2,15,20,40,2,10文山區,文山區和平東路4段與萬美街1段口,0,0,3,1,C03,8,1,5,50,3,2,1,5,4,5,7,4,4,4,5,5,1,10,1,18,2,9,1,1,7,9,1,10,1,11,,13,,1,22,9,121.5718937,25.0020309
112,2,15,21,33,2,02萬華區,萬華區青年路22號,0,0,2,1,H01,8,3,5,0,14,9,1,5,4,5,7,4,4,8,3,5,2,3,2,61,2,9,4,5,8,16,8,20,10,16,,51,,1,22,9,121.5055059,25.02575085
112,2,15,21,33,2,02萬華區,萬華區青年路22號,0,0,2,2,C03,8,3,5,0,14,9,1,5,4,5,7,4,4,8,3,5,2,3,2,54,2,9,1,1,7,9,1,10,2,11,,13,,1,22,9,121.5055059,25.02575085
112,2,15,21,37,2,03中山區,中山區建國北路3段62號,0,0,1,1,B03,8,3,5,50,14,9,1,5,4,5,7,3,1,1,4,5,2,16,2,24,3,10,1,1,7,6,1,8,1,2,,9,,1,22,9,121.5365371,25.06493554
112,2,15,21,37,2,03中山區,中山區建國北路3段62號,0,0,1,2,C03,8,3,5,50,14,9,1,5,4,5,7,3,1,1,4,5,2,16,2,25,2,9,1,1,7,9,1,10,1,11,,44,,1,22,9,121.5365371,25.06493554
112,2,15,21,51,2,08士林區,士林區基河路與劍潭路口,0,0,1,1,B01,8,3,5,0,4,2,1,5,4,5,7,2,1,1,5,5,2,17,1,66,4,11,3,4,7,15,7,19,11,15,,6,,2,22,9,121.524763,25.08415528
112,2,15,21,51,2,08士林區,士林區基河路與劍潭路口,0,0,1,2,C03,8,3,5,0,4,2,1,5,4,5,7,2,1,1,5,5,2,17,1,29,2,9,1,1,7,9,1,10,1,12,,14,,1,22,9,121.524763,25.08415528
112,2,15,21,57,2,09北投區,北投區行義路130巷與行義路140巷口,0,0,1,1,C03,8,3,5,30,4,1,1,5,4,5,7,4,4,10,5,5,1,15,2,49,2,9,1,1,7,9,1,10,1,11,,6,,1,22,9,121.5295818,25.12960291
112,2,15,21,57,2,09北投區,北投區行義路130巷與行義路140巷口,0,0,1,2,B01,8,3,5,30,4,1,1,5,4,5,7,4,4,10,5,5,1,15,1,48,3,10,1,1,7,9,1,4,1,4,,23,,1,22,9,121.5295818,25.12960291
112,2,15,22,36,2,04大安區,大安區基隆路高架道(北往南，羅斯上方),0,0,1,2,C02,7,3,5,60,10,9,1,5,4,5,7,4,4,5,4,5,2,13,1,21,2,8,1,1,7,9,4,10,2,11,,16,,1,21,8,121.5380457,25.01205811
112,2,15,22,36,2,04大安區,大安區基隆路高架道(北往南，羅斯上方),0,0,1,1,B03,7,3,5,60,10,9,1,5,4,5,7,4,4,5,4,5,2,13,1,51,3,10,1,1,7,12,1,8,2,3,,26,,1,21,8,121.5380457,25.01205811
112,2,15,22,49,2,07信義區,信義區松仁路153巷與松仁路口,0,0,2,3,H02,7,3,5,50,4,2,1,5,4,5,7,1,1,5,4,4,2,16,2,21,2,5,4,5,7,20,8,20,10,16,,67,,1,22,9,121.5683512,25.0286019
112,2,15,22,49,2,07信義區,信義區松仁路153巷與松仁路口,0,0,2,1,C03,7,3,5,50,4,2,1,5,4,5,7,1,1,5,4,4,2,16,2,21,2,9,1,3,7,5,1,10,2,12,,8,,1,22,9,121.5683512,25.0286019
112,2,15,22,49,2,07信義區,信義區松仁路153巷與松仁路口,0,0,2,2,B01,7,3,5,50,4,2,1,5,4,5,7,1,1,5,4,4,2,16,1,60,3,10,1,1,7,9,1,4,2,1,,23,,1,22,9,121.5683512,25.0286019
112,2,15,23,0,2,03中山區,中山區明水路與樂群二路口,0,0,2,1,C03,8,3,5,50,4,1,1,5,4,5,7,2,3,10,5,5,2,1,1,43,2,9,1,1,7,9,1,10,2,11,,44,,1,22,9,121.5522806,25.07994005
112,2,15,23,0,2,03中山區,中山區明水路與樂群二路口,0,0,2,2,H01,8,3,5,50,4,1,1,5,4,5,7,2,3,10,5,5,2,1,1,58,2,9,4,5,8,16,8,20,10,16,,52,,1,22,9,121.5522806,25.07994005
112,2,16,0,18,2,07信義區,信義區松高路20巷與松壽路口,0,0,1,2,C03,7,3,5,50,4,1,1,5,4,5,7,4,4,9,4,5,2,16,1,20,2,5,1,1,7,9,1,10,2,14,,44,,1,22,9,121.5676045,25.03581959
112,2,16,0,18,2,07信義區,信義區松高路20巷與松壽路口,0,0,1,1,B01,7,3,5,50,4,1,1,5,4,5,7,4,4,9,4,5,2,16,1,70,3,10,1,1,7,5,1,4,2,5,,8,,1,22,9,121.5676045,25.03581959
112,2,16,0,48,2,08士林區,士林區自強隧道往中山,0,0,1,2,,8,3,5,50,6,9,1,5,4,5,7,4,4,10,2,5,1,20,3,0,,,,,,,,,,,,67,,1,,,121.5487584,25.0911196
112,2,16,0,48,2,08士林區,士林區自強隧道往中山,0,0,1,1,C03,8,3,5,50,6,9,1,5,4,5,7,4,4,10,2,5,1,20,1,18,2,9,1,1,7,9,1,10,1,11,,42,,1,22,9,121.5487584,25.0911196
112,2,16,1,33,2,04大安區,大安區復興南路2段與復興南路2段148巷口,0,0,1,1,B03,7,3,5,50,4,1,1,5,4,5,7,2,1,1,4,5,2,12,1,26,3,10,1,1,7,6,1,8,1,2,,43,,1,21,8,121.5434023,25.0284476
112,2,16,1,33,2,04大安區,大安區復興南路2段與復興南路2段148巷口,0,0,1,2,C03,7,3,5,50,4,1,1,5,4,5,7,2,1,1,4,5,2,12,1,40,2,9,1,1,7,9,1,10,1,14,,43,,1,21,8,121.5434023,25.0284476
112,2,16,7,54,2,04大安區,大安區基隆路4段75號前,0,0,2,1,C03,8,1,5,50,14,7,1,5,4,5,7,1,1,10,4,4,2,17,1,74,2,8,1,1,7,9,1,10,1,11,,16,,1,22,9,121.5394249,25.01292661
112,2,16,7,54,2,04大安區,大安區基隆路4段75號前,0,0,2,2,C03,8,1,5,50,14,7,1,5,4,5,7,1,1,10,4,4,2,17,1,27,3,10,1,1,7,9,1,10,1,13,,44,,1,22,9,121.5394249,25.01292661
112,2,16,7,54,2,04大安區,大安區基隆路4段75號前,0,0,2,3,C03,8,1,5,50,14,7,1,5,4,5,7,1,1,10,4,4,2,17,2,26,2,8,1,1,7,9,1,10,1,12,,44,,1,22,9,121.5394249,25.01292661
112,2,16,8,0,2,11南港區,南港區南港路1段與南港路1段口南港展覽館捷運站3號出口前,0,0,2,2,C03,7,1,5,50,14,9,1,5,4,5,7,4,4,9,4,5,2,12,1,43,2,8,1,1,7,7,1,10,1,13,,7,,1,22,9,121.6181613,25.0549597
112,2,16,8,0,2,11南港區,南港區南港路1段與南港路1段口南港展覽館捷運站3號出口前,0,0,2,1,C03,7,1,5,50,14,9,1,5,4,5,7,4,4,9,4,5,2,12,1,19,2,8,1,1,7,9,1,10,1,12,,26,,1,22,9,121.6181613,25.0549597