發生年度,發生月,發生日,發生時-Hours,發生分,處理別-編號,區序,肇事地點,死亡人數,2-30日死亡人數,受傷人數,當事人序號,車種,天候,光線,道路類別,速限-速度限制,道路型態,事故位置,路面狀況1,路面狀況2,路面狀況3,道路障礙1,道路障礙2,號誌1,號誌2,車道劃分-分向,車道劃分-分道1,車道劃分-分道2,車道劃分-分道3,事故類型及型態,性別,年齡,受傷程度,主要傷處,保護裝置,行動電話,車輛用途,當事者行動狀態,駕駛資格情形,駕駛執照種類,飲酒情形,車輛撞擊部位1,車輛撞擊部位2,肇因碼-個別,肇因碼-主要,個人肇逃否,職業,旅次目的,座標-X,座標-Y
112,2,16,19,2,2,10文山區,文山區景華街128巷與景華街128巷2弄口,0,0,1,1,C03,8,3,5,30,4,1,1,5,4,5,7,4,4,10,5,5,2,15,2,54,2,9,1,1,7,9,1,10,2,11,,6,,1,22,9,121.5473533,24.9954233
112,2,16,19,2,2,10文山區,文山區景華街128巷與景華街128巷2弄口,0,0,1,2,C03,8,3,5,30,4,1,1,5,4,5,7,4,4,10,5,5,2,15,1,21,3,10,1,1,7,9,1,10,2,12,,44,,1,22,9,121.5473533,24.9954233
112,2,16,19,10,2,05中正區,中正區臨沂街33巷22號,0,0,3,1,C03,8,3,5,30,14,9,1,5,4,5,7,4,4,10,5,5,2,16,1,55,2,9,1,1,7,9,1,10,2,11,,6,,1,22,9,121.5309961,25.0396624
112,2,16,19,10,2,05中正區,中正區臨沂街33巷22號,0,0,3,2,C03,8,3,5,30,14,9,1,5,4,5,7,4,4,10,5,5,2,16,1,28,2,9,1,1,7,9,1,10,2,11,,14,,1,22,9,121.5309961,25.0396624
112,2,16,19,10,2,05中正區,中正區臨沂街33巷22號,0,0,3,3,H02,8,3,5,30,14,9,1,5,4,5,7,4,4,10,5,5,2,16,2,57,2,9,1,5,7,17,8,20,10,16,,67,,1,22,9,121.5309961,25.0396624
112,2,16,19,10,2,11南港區,南港區南港路1段277巷與市民大道8段口,0,0,1,1,C03,8,3,5,50,4,1,1,5,4,5,6,2,1,5,2,5,2,17,1,30,3,10,1,4,7,5,1,10,1,14,,8,,1,22,9,121.614471,25.0554995
112,2,16,19,10,2,11南港區,南港區南港路1段277巷與市民大道8段口,0,0,1,2,C03,8,3,5,50,4,1,1,5,4,5,6,2,1,5,2,5,2,17,1,18,2,9,1,4,7,9,3,18,1,11,,16,,1,22,9,121.614471,25.0554995
112,2,16,19,10,2,11南港區,南港區南港路1段277巷與市民大道8段口,0,0,1,3,B03,8,3,5,50,4,1,1,5,4,5,6,2,1,5,2,5,2,17,1,44,3,10,1,4,7,9,1,4,1,8,,44,,1,22,9,121.614471,25.0554995
112,2,16,19,28,2,11南港區,南港區忠孝東路7段528號,0,0,2,2,C03,8,3,5,40,14,8,1,5,4,5,7,4,4,10,4,4,1,17,1,72,2,9,3,4,7,9,1,10,1,11,,23,,1,22,9,121.6117442,25.05256384
112,2,16,19,28,2,11南港區,南港區忠孝東路7段528號,0,0,2,3,C03,8,3,5,40,14,8,1,5,4,5,7,4,4,10,4,4,1,17,2,41,2,8,3,4,7,9,1,10,1,13,,13,,1,22,9,121.6117442,25.05256384
112,2,16,19,28,2,11南港區,南港區忠孝東路7段528號,0,0,2,1,B03,8,3,5,40,14,8,1,5,4,5,7,4,4,10,4,4,1,17,1,38,3,10,3,4,7,1,1,8,1,15,,19,,1,22,9,121.6117442,25.05256384
112,2,16,19,32,2,02萬華區,萬華區西園路2段與西園路2段11巷口口,0,0,2,1,C03,8,1,5,50,3,1,1,5,4,5,7,4,4,10,5,5,2,16,2,25,2,9,1,4,7,8,1,10,1,12,,7,,1,22,9,121.4974686,25.03203953
112,2,16,19,32,2,02萬華區,萬華區西園路2段與西園路2段11巷口口,0,0,2,2,C02,8,1,5,50,3,1,1,5,4,5,7,4,4,10,5,5,2,16,1,43,2,9,1,4,7,9,3,18,1,14,,44,,1,22,9,121.4974686,25.03203953
112,2,16,19,32,2,06松山區,松山區健康路15巷與敦化北路155巷口口,0,0,1,2,B03,8,3,5,30,5,1,1,5,4,5,7,2,1,5,4,5,2,15,1,28,3,10,3,4,7,15,1,8,1,8,,23,,1,22,9,121.5528722,25.0542516
112,2,16,19,32,2,06松山區,松山區健康路15巷與敦化北路155巷口口,0,0,1,1,F01,8,3,5,30,5,1,1,5,4,5,7,2,1,5,4,5,2,15,1,44,2,8,3,4,7,15,8,20,1,16,,25,,1,22,9,121.5528722,25.0542516
112,2,16,20,41,2,03中山區,中山區南京東路2段與建國北路2段口,0,0,2,3,E01,8,3,5,50,4,1,1,5,4,5,7,2,1,1,1,1,1,13,1,31,3,10,3,4,7,6,1,2,11,15,,44,,1,22,9,121.5365914,25.0520878
112,2,16,20,41,2,03中山區,中山區南京東路2段與建國北路2段口,0,0,2,2,C03,8,3,5,50,4,1,1,5,4,5,7,2,1,1,1,1,1,13,1,55,2,9,3,4,7,9,1,10,1,13,,44,,1,22,9,121.5365914,25.0520878
112,2,16,20,41,2,03中山區,中山區南京東路2段與建國北路2段口,0,0,2,1,C03,8,3,5,50,4,1,1,5,4,5,7,2,1,1,1,1,1,13,1,32,2,9,3,4,7,9,1,10,1,11,,23,,1,22,9,121.5365914,25.0520878
112,2,16,20,59,2,03中山區,中山區中山北路3段與民族東路口,0,0,1,2,C03,8,3,5,50,4,1,1,5,4,5,7,1,1,1,4,5,2,16,2,25,2,9,1,1,7,9,1,10,1,11,,44,,1,22,9,121.5228005,25.0685044
112,2,16,20,59,2,03中山區,中山區中山北路3段與民族東路口,0,0,1,1,C03,8,3,5,50,4,1,1,5,4,5,7,1,1,1,4,5,2,16,1,62,3,10,1,1,7,15,6,18,1,12,,25,,1,22,9,121.5228005,25.0685044
112,2,16,21,2,2,07信義區,信義區忠孝東路5段215巷與忠孝東路5段275巷7弄口,0,0,2,1,F01,8,3,5,30,4,1,1,5,4,3,5,4,4,9,5,5,2,16,1,30,2,9,2,1,7,9,8,20,1,16,,6,,1,22,9,121.5701875,25.0415344
112,2,16,21,2,2,07信義區,信義區忠孝東路5段215巷與忠孝東路5段275巷7弄口,0,0,2,2,C03,8,3,5,30,4,1,1,5,4,3,5,4,4,9,5,5,2,16,2,52,2,9,1,1,7,9,1,10,1,11,,23,,1,22,9,121.5701875,25.0415344
112,2,16,21,5,2,10文山區,文山區興隆路4段與下崙路口口,0,0,1,2,H01,8,3,5,50,4,1,1,5,4,5,7,2,1,1,2,5,2,3,2,46,2,8,4,5,8,16,8,20,10,16,,67,,1,22,9,121.5609195,24.9866115
112,2,16,21,5,2,10文山區,文山區興隆路4段與下崙路口口,0,0,1,1,B03,8,3,5,50,4,1,1,5,4,5,7,2,1,1,2,5,2,3,1,60,3,10,3,4,7,5,1,8,2,8,,15,,1,22,9,121.5609195,24.9866115
112,2,16,21,54,2,02萬華區,萬華區萬大路與興寧街口,0,0,1,1,C03,8,3,5,50,4,1,1,5,4,5,7,3,1,8,3,5,1,16,1,28,2,9,3,4,7,5,1,10,1,12,,6,,1,22,9,121.5005425,25.03213724
112,2,16,21,54,2,02萬華區,萬華區萬大路與興寧街口,0,0,1,2,B03,8,3,5,50,4,1,1,5,4,5,7,3,1,8,3,5,1,16,1,67,3,10,3,4,7,9,1,8,1,4,,14,,1,22,9,121.5005425,25.03213724
112,2,16,21,54,2,02萬華區,萬華區萬大路與興寧街口,0,0,1,3,B03,8,3,5,50,4,1,1,5,4,5,7,3,1,8,3,5,1,16,1,42,3,10,3,4,7,9,1,8,1,1,,44,,1,22,9,121.5005425,25.03213724
112,2,16,22,5,2,08士林區,士林區士東路301號旁5號停車格,0,0,2,1,C03,8,1,5,30,14,9,1,5,4,5,7,4,4,10,5,5,2,16,2,22,2,8,3,4,7,1,1,10,1,14,,19,,1,22,9,121.5375708,25.11484118
112,2,16,22,5,2,08士林區,士林區士東路301號旁5號停車格,0,0,2,2,C03,8,1,5,30,14,9,1,5,4,5,7,4,4,10,5,5,2,16,2,23,2,8,3,4,7,9,1,10,1,11,,13,,1,22,9,121.5375708,25.11484118
112,2,16,22,5,2,08士林區,士林區士東路301號旁5號停車格,0,0,2,3,B03,8,1,5,30,14,9,1,5,4,5,7,4,4,10,5,5,2,16,1,44,3,10,3,4,7,13,1,8,9,8,,44,,1,22,9,121.5375708,25.11484118
112,2,16,22,30,2,04大安區,大安區仁愛路4段與敦化南路1段口,0,0,3,1,C03,8,3,5,50,4,1,1,5,4,5,7,1,1,1,4,5,1,16,2,38,2,9,1,1,7,6,1,10,1,12,,23,,1,22,9,121.5490852,25.0387217
112,2,16,22,30,2,04大安區,大安區仁愛路4段與敦化南路1段口,0,0,3,3,H02,8,3,5,50,4,1,1,5,4,5,7,1,1,1,4,5,1,16,1,26,2,9,1,1,7,21,8,20,1,16,,67,,1,22,9,121.5490852,25.0387217
112,2,16,22,30,2,04大安區,大安區仁愛路4段與敦化南路1段口,0,0,3,2,F01,8,3,5,50,4,1,1,5,4,5,7,1,1,1,4,5,1,16,2,56,2,9,1,1,7,9,8,20,1,16,,42,,1,22,9,121.5490852,25.0387217
112,2,16,22,32,2,12內湖區,內湖區民權東路6段298號前,0,0,1,2,H02,8,3,5,50,14,8,1,5,4,5,7,4,4,1,4,4,2,9,2,59,2,1,2,1,7,21,8,20,10,15,,67,,1,22,9,121.6054465,25.07280439
112,2,16,22,32,2,12內湖區,內湖區民權東路6段298號前,0,0,1,1,A02,8,3,5,50,14,8,1,5,4,5,7,4,4,1,4,4,2,9,1,22,3,10,1,1,7,8,1,2,1,15,,44,,1,22,9,121.6054465,25.07280439
112,2,16,22,43,2,07信義區,信義區忠孝東路4段555號,0,0,2,2,C03,7,3,5,50,14,9,1,5,4,5,7,4,4,1,4,5,1,12,1,58,2,9,1,1,7,8,1,10,2,12,,44,,1,22,9,121.5632778,25.0413022
112,2,16,22,43,2,07信義區,信義區忠孝東路4段555號,0,0,2,1,C03,7,3,5,50,14,9,1,5,4,5,7,4,4,1,4,5,1,12,1,18,2,9,1,1,7,8,1,10,2,14,,23,,1,22,9,121.5632778,25.0413022
112,2,16,22,45,2,05中正區,中正區重慶南路1段23巷與開封街1段14巷口,0,0,1,1,C03,8,3,5,30,4,1,1,5,4,5,7,4,4,10,5,5,2,17,2,58,3,10,1,1,7,5,1,10,2,12,,6,,1,22,9,121.5138103,25.04565682
112,2,16,22,45,2,05中正區,中正區重慶南路1段23巷與開封街1段14巷口,0,0,1,2,C04,8,3,5,30,4,1,1,5,4,5,7,4,4,10,5,5,2,17,2,65,2,9,1,1,7,6,1,10,2,11,,44,,1,22,9,121.5138103,25.04565682
112,2,16,23,5,2,12內湖區,內湖區內湖路2段與內湖路2段263巷口口,0,0,1,2,C03,8,3,5,30,4,1,1,5,4,5,7,3,1,10,5,5,2,15,1,36,2,9,1,1,7,9,1,10,1,11,,44,,1,22,9,121.5902987,25.08203699
112,2,16,23,5,2,12內湖區,內湖區內湖路2段與內湖路2段263巷口口,0,0,1,1,C03,8,3,5,30,4,1,1,5,4,5,7,3,1,10,5,5,2,15,1,25,3,10,1,1,7,9,1,10,1,14,,6,,1,22,9,121.5902987,25.08203699
112,2,17,0,51,2,03中山區,中山區市民大道3段與建國南路1段口,0,0,1,1,B01,8,3,5,40,14,9,1,5,4,5,7,1,1,5,4,5,2,13,4,0,4,11,3,4,7,15,7,19,11,15,,43,,2,22,9,121.5365644,25.0447776
112,2,17,0,51,2,03中山區,中山區市民大道3段與建國南路1段口,0,0,1,2,B03,8,3,5,40,14,9,1,5,4,5,7,1,1,5,4,5,2,13,1,37,2,9,1,1,7,9,1,8,1,3,,44,,1,22,9,121.5365644,25.0447776
112,2,17,0,51,2,03中山區,中山區市民大道3段與建國南路1段口,0,0,1,3,B01,8,3,5,40,14,9,1,5,4,5,7,1,1,5,4,5,2,13,1,52,3,10,1,1,7,14,1,4,1,3,,44,,1,22,9,121.5365644,25.0447776
112,2,17,6,23,2,12內湖區,內湖區康樂街與康樂街72巷口,0,0,2,1,C04,8,1,5,50,3,1,1,5,4,5,7,2,1,5,5,5,2,11,2,49,2,8,1,1,7,5,1,10,1,12,,8,,1,22,9,121.618686,25.06950019
112,2,17,6,23,2,12內湖區,內湖區康樂街與康樂街72巷口,0,0,2,2,C03,8,1,5,50,3,1,1,5,4,5,7,2,1,5,5,5,2,11,2,24,2,9,1,1,7,9,1,10,1,15,,23,,1,22,9,121.618686,25.06950019
112,2,17,6,52,2,08士林區,士林區中山北路6段405巷與中山北路6段405巷口,0,0,1,2,B03,8,1,5,30,3,2,1,5,4,5,7,4,4,5,5,5,2,17,1,59,3,10,1,1,7,15,1,8,11,15,,44,,1,22,9,121.5266305,25.1158642
112,2,17,6,52,2,08士林區,士林區中山北路6段405巷與中山北路6段405巷口,0,0,1,1,C03,8,1,5,30,3,2,1,5,4,5,7,4,4,5,5,5,2,17,2,73,2,8,1,1,7,15,1,10,11,11,,42,,1,22,9,121.5266305,25.1158642
112,2,17,7,22,2,03中山區,中山區南京東路3段188號,0,0,1,1,C03,8,1,6,50,14,7,1,5,4,5,7,1,1,1,4,4,2,13,1,31,2,9,1,1,7,9,1,10,1,11,,16,,1,22,9,121.5425588,25.0518206
112,2,17,7,22,2,03中山區,中山區南京東路3段188號,0,0,1,2,B03,8,1,6,50,14,7,1,5,4,5,7,1,1,1,4,4,2,13,1,47,3,10,1,1,7,12,1,8,1,3,,44,,1,22,9,121.5425588,25.0518206
112,2,17,7,43,2,12內湖區,內湖區成功路4段61巷32弄與成功路4段61巷口,0,0,5,4,H02,8,1,5,50,4,2,1,5,4,5,7,2,1,10,5,5,1,17,2,7,2,9,1,5,7,21,8,20,10,16,,67,,1,22,9,121.59334,25.08094697
112,2,17,7,43,2,12內湖區,內湖區成功路4段61巷32弄與成功路4段61巷口,0,0,5,5,C03,8,1,5,50,4,2,1,5,4,5,7,2,1,10,5,5,1,17,2,46,2,9,1,1,7,14,1,10,2,11,,44,,1,22,9,121.59334,25.08094697
112,2,17,7,43,2,12內湖區,內湖區成功路4段61巷32弄與成功路4段61巷口,0,0,5,3,C03,8,1,5,50,4,2,1,5,4,5,7,2,1,10,5,5,1,17,2,37,2,9,1,1,7,14,1,10,2,11,,44,,1,22,9,121.59334,25.08094697
112,2,17,7,43,2,12內湖區,內湖區成功路4段61巷32弄與成功路4段61巷口,0,0,5,2,F01,8,1,5,50,4,2,1,5,4,5,7,2,1,10,5,5,1,17,2,59,2,9,1,1,7,11,8,20,2,16,,11,,1,22,9,121.59334,25.08094697
112,2,17,7,43,2,12內湖區,內湖區成功路4段61巷32弄與成功路4段61巷口,0,0,5,1,B03,8,1,5,50,4,2,1,5,4,5,7,2,1,10,5,5,1,17,2,46,3,10,1,1,7,5,1,8,2,1,,23,,1,22,9,121.59334,25.08094697
112,2,17,7,43,2,12內湖區,內湖區成功路4段61巷32弄與成功路4段61巷口,0,0,5,6,H02,8,1,5,50,4,2,1,5,4,5,7,2,1,10,5,5,1,17,1,7,2,9,1,5,7,21,8,20,10,16,,67,,1,22,9,121.59334,25.08094697
112,2,17,7,45,2,06松山區,松山區濱江街502號,0,0,3,1,C03,8,1,5,50,14,7,1,5,4,5,7,4,4,1,4,4,2,12,1,26,2,9,1,1,7,9,1,10,1,14,,43,,1,22,9,121.5588301,25.07159092
112,2,17,7,45,2,06松山區,松山區濱江街502號,0,0,3,3,H02,8,1,5,50,14,7,1,5,4,5,7,4,4,1,4,4,2,12,2,18,2,7,1,5,7,21,8,20,1,16,,67,,1,22,9,121.5588301,25.07159092
112,2,17,7,45,2,06松山區,松山區濱江街502號,0,0,3,2,C03,8,1,5,50,14,7,1,5,4,5,7,4,4,1,4,4,2,12,1,19,2,9,1,1,7,9,1,10,1,12,,43,,1,22,9,121.5588301,25.07159092
112,2,17,7,52,2,03中山區,中山區天津街與中山北路1段53巷口,0,0,1,2,C03,8,1,5,30,4,1,1,5,4,5,7,3,1,5,5,5,2,16,2,36,2,6,1,1,7,9,4,11,1,12,,44,,1,22,9,121.5227242,25.0491052
112,2,17,7,52,2,03中山區,中山區天津街與中山北路1段53巷口,0,0,1,1,B03,8,1,5,30,4,1,1,5,4,5,7,3,1,5,5,5,2,16,2,25,3,10,3,4,7,6,1,8,1,8,,6,,1,22,9,121.5227242,25.0491052
112,2,17,8,27,2,09北投區,北投區清江路與三合街2段口,0,0,1,1,C03,8,1,5,30,4,1,1,5,4,5,7,4,4,10,5,5,2,15,2,31,2,8,1,1,7,9,1,10,1,14,,43,,1,22,9,121.5017315,25.1264076
112,2,17,8,27,2,09北投區,北投區清江路與三合街2段口,0,0,1,2,C03,8,1,5,30,4,1,1,5,4,5,7,4,4,10,5,5,2,15,1,26,3,10,1,1,7,9,1,10,1,11,,43,,1,22,9,121.5017315,25.1264076
112,2,17,8,37,2,03中山區,中山區中山北路2段與中山北路2段65巷口,0,0,1,1,C03,8,1,5,50,3,2,1,5,4,5,7,4,4,5,4,5,2,12,1,26,2,8,1,1,7,9,1,10,1,12,,16,,1,22,9,121.5229493,25.0570224
112,2,17,8,37,2,03中山區,中山區中山北路2段與中山北路2段65巷口,0,0,1,2,B03,8,1,5,50,3,2,1,5,4,5,7,4,4,5,4,5,2,12,1,48,3,10,1,1,7,6,1,8,1,7,,44,,1,22,9,121.5229493,25.0570224
112,2,17,8,40,2,05中正區,中正區重慶南路1段北一女側門,0,0,1,2,C03,8,1,5,50,14,9,1,5,4,5,7,4,4,4,3,4,2,12,1,23,3,10,1,1,7,9,1,10,1,12,,13,,1,22,9,121.5128137,25.03833535
112,2,17,8,40,2,05中正區,中正區重慶南路1段北一女側門,0,0,1,1,C03,8,1,5,50,14,9,1,5,4,5,7,4,4,4,3,4,2,12,2,23,2,8,1,1,7,7,1,10,1,14,,7,,1,22,9,121.5128137,25.03833535
112,2,17,8,55,2,03中山區,中山區民權東路2段與吉林路口,0,0,3,1,C03,8,1,5,50,4,1,1,5,4,5,7,1,1,3,4,5,2,15,1,20,2,9,1,1,7,9,1,10,1,12,,25,,1,22,9,121.5303008,25.0624603
112,2,17,8,55,2,03中山區,中山區民權東路2段與吉林路口,0,0,3,3,H02,8,1,5,50,4,1,1,5,4,5,7,1,1,3,4,5,2,15,1,20,2,7,1,5,7,20,8,20,1,16,,67,,1,22,9,121.5303008,25.0624603
112,2,17,8,55,2,03中山區,中山區民權東路2段與吉林路口,0,0,3,2,C03,8,1,5,50,4,1,1,5,4,5,7,1,1,3,4,5,2,15,1,31,2,9,1,1,7,9,1,10,1,11,,44,,1,22,9,121.5303008,25.0624603
112,2,17,8,58,2,03中山區,中山區樂群一路與基湖路口,0,0,1,1,B03,8,1,5,50,4,1,1,5,4,5,7,2,1,1,2,5,2,12,1,33,3,10,3,4,7,9,1,8,1,5,,42,,1,22,9,121.5631284,25.0760938
112,2,17,8,58,2,03中山區,中山區樂群一路與基湖路口,0,0,1,2,C03,8,1,5,50,4,1,1,5,4,5,7,2,1,1,2,5,2,12,1,26,2,9,3,4,7,5,1,10,1,14,,44,,1,22,9,121.5631284,25.0760938
112,2,17,9,21,2,06松山區,松山區塔悠路351號與觀山河濱公園口堤岸道路,0,0,3,4,H02,8,1,5,50,3,1,1,5,4,5,7,4,4,1,4,5,2,15,2,20,2,9,1,5,7,21,8,20,10,15,,67,,1,22,9,121.5685031,25.06272813
112,2,17,9,21,2,06松山區,松山區塔悠路351號與觀山河濱公園口堤岸道路,0,0,3,3,A41,8,1,5,50,3,1,1,5,4,5,7,4,4,1,4,5,2,15,1,59,3,10,1,1,1,14,1,1,1,15,,38,,1,22,9,121.5685031,25.06272813
112,2,17,9,21,2,06松山區,松山區塔悠路351號與觀山河濱公園口堤岸道路,0,0,3,1,C03,8,1,5,50,3,1,1,5,4,5,7,4,4,1,4,5,2,15,1,18,2,9,1,1,7,9,1,10,1,11,,23,,1,22,9,121.5685031,25.06272813
112,2,17,9,21,2,06松山區,松山區塔悠路351號與觀山河濱公園口堤岸道路,0,0,3,2,B03,8,1,5,50,3,1,1,5,4,5,7,4,4,1,4,5,2,15,1,45,2,6,1,1,7,15,1,8,1,2,,6,,1,22,9,121.5685031,25.06272813
112,2,17,9,30,2,03中山區,中山區民權東路2段48號,0,0,1,2,C03,8,1,5,50,14,9,1,5,4,5,7,1,1,3,4,5,2,12,1,56,3,10,1,1,7,8,1,10,1,13,,7,,1,22,9,121.5307783,25.0623682
112,2,17,9,30,2,03中山區,中山區民權東路2段48號,0,0,1,1,C03,8,1,5,50,14,9,1,5,4,5,7,1,1,3,4,5,2,12,2,25,2,9,1,1,7,15,1,10,1,11,,23,,1,22,9,121.5307783,25.0623682
112,2,17,9,30,2,12內湖區,內湖區舊宗路1段36號對面,0,0,1,2,C03,8,1,5,50,14,9,1,5,4,5,7,4,4,1,4,5,1,13,2,35,2,9,3,4,7,10,1,10,1,13,,7,,1,22,9,121.5789859,25.0598147
112,2,17,9,30,2,12內湖區,內湖區舊宗路1段36號對面,0,0,1,1,B03,8,1,5,50,14,9,1,5,4,5,7,4,4,1,4,5,1,13,1,22,3,10,3,4,7,9,4,10,1,5,,23,,1,22,9,121.5789859,25.0598147
112,2,17,9,30,2,11南港區,南港區舊莊街1段與舊莊街1段145巷2弄口,0,0,1,1,B03,8,1,5,50,3,2,1,5,4,5,7,4,4,9,5,5,2,11,1,39,3,10,1,1,7,1,1,8,2,2,,19,,1,22,9,121.6240441,25.0370335
112,2,17,9,30,2,11南港區,南港區舊莊街1段與舊莊街1段145巷2弄口,0,0,1,2,C03,8,1,5,50,3,2,1,5,4,5,7,4,4,9,5,5,2,11,1,26,2,9,1,1,7,9,1,10,2,11,,23,,1,22,9,121.6240441,25.0370335
112,2,17,9,37,2,12內湖區,內湖區星雲街161巷與金湖路65巷口,0,0,1,1,C03,8,1,5,30,4,1,1,5,4,5,7,4,4,10,5,5,2,15,1,70,2,9,1,1,7,9,1,10,2,12,,6,,1,22,9,121.5961913,25.08137034
112,2,17,9,37,2,12內湖區,內湖區星雲街161巷與金湖路65巷口,0,0,1,2,B01,8,1,5,30,4,1,1,5,4,5,7,4,4,10,5,5,2,15,1,61,3,10,1,1,7,9,1,4,2,1,,14,,1,22,9,121.5961913,25.08137034
112,2,17,9,45,2,06松山區,松山區復興北路363號,0,0,1,2,C03,8,1,5,50,14,9,1,5,4,5,7,4,4,1,4,5,2,12,1,48,2,8,1,1,7,9,1,10,1,14,,23,,1,22,9,121.5443052,25.06089763
112,2,17,9,45,2,06松山區,松山區復興北路363號,0,0,1,3,A02,8,1,5,50,14,9,1,5,4,5,7,4,4,1,4,5,2,12,1,55,3,10,1,1,7,1,1,2,1,15,,19,,1,22,9,121.5443052,25.06089763
112,2,17,9,45,2,06松山區,松山區復興北路363號,0,0,1,1,B03,8,1,5,50,14,9,1,5,4,5,7,4,4,1,4,5,2,12,1,35,3,10,1,1,7,7,1,8,1,6,,7,,1,22,9,121.5443052,25.06089763
112,2,17,10,21,2,02萬華區,萬華區桂林路與梧州街口,0,0,1,2,C03,8,1,5,30,4,1,1,5,4,5,7,4,4,5,4,4,2,15,1,31,2,9,1,1,7,9,1,10,1,11,,44,,1,22,9,121.4976628,25.0384855
112,2,17,10,21,2,02萬華區,萬華區桂林路與梧州街口,0,0,1,1,B03,8,1,5,30,4,1,1,5,4,5,7,4,4,5,4,4,2,15,1,72,3,10,1,4,7,15,1,7,1,2,,6,,1,22,9,121.4976628,25.0384855
112,2,17,10,26,2,12內湖區,內湖區港墘路與堤頂大道1段口,0,0,1,1,B03,8,1,5,50,3,1,1,5,4,5,7,1,1,1,4,5,2,16,1,63,3,10,1,1,7,9,1,8,1,2,,25,,1,22,9,121.5722823,25.07454995
112,2,17,10,26,2,12內湖區,內湖區港墘路與堤頂大道1段口,0,0,1,2,C03,8,1,5,50,3,1,1,5,4,5,7,1,1,1,4,5,2,16,1,23,3,10,1,1,7,5,1,10,1,11,,44,,1,22,9,121.5722823,25.07454995
112,2,17,10,26,2,12內湖區,內湖區港墘路與堤頂大道1段口,0,0,1,3,C03,8,1,5,50,3,1,1,5,4,5,7,1,1,1,4,5,2,16,2,45,2,9,1,1,7,5,1,10,1,14,,44,,1,22,9,121.5722823,25.07454995
112,2,17,10,34,2,03中山區,中山區松江路與長安東路2段口,0,0,1,2,B01,8,1,5,50,14,9,1,5,4,5,7,1,1,1,3,5,1,13,1,54,3,10,1,1,7,15,1,4,1,6,,42,,1,22,9,121.5330291,25.0482491
112,2,17,10,34,2,03中山區,中山區松江路與長安東路2段口,0,0,1,1,C02,8,1,5,50,14,9,1,5,4,5,7,1,1,1,3,5,1,13,1,35,2,8,1,1,7,9,1,9,1,11,,16,,1,22,9,121.5330291,25.0482491
112,2,17,10,37,2,07信義區,信義區虎林街132巷81號,0,0,1,1,B12,8,1,5,30,14,9,1,5,4,5,7,4,4,5,2,5,2,16,1,53,3,10,1,1,7,9,1,8,1,8,,6,,1,22,8,121.5740401,25.040377
112,2,17,10,37,2,07信義區,信義區虎林街132巷81號,0,0,1,2,C03,8,1,5,30,14,9,1,5,4,5,7,4,4,5,2,5,2,16,2,26,2,7,1,1,7,9,1,10,1,12,,13,,1,22,8,121.5740401,25.040377
112,2,17,10,41,2,06松山區,松山區市民大道4段與敦化南路1段口,0,0,1,2,F01,8,1,5,50,4,1,1,5,4,5,7,2,1,1,4,4,2,17,2,28,2,8,3,1,7,9,8,20,9,16,,44,,1,22,9,121.548663,25.04500959
112,2,17,10,41,2,06松山區,松山區市民大道4段與敦化南路1段口,0,0,1,1,B03,8,1,5,50,4,1,1,5,4,5,7,2,1,1,4,4,2,17,2,73,3,10,1,1,7,6,1,8,9,1,,9,,1,22,9,121.548663,25.04500959
112,2,17,10,50,2,09北投區,北投區大度路3段305號,0,0,1,1,C03,8,1,5,50,8,9,1,5,4,5,7,4,4,8,3,5,2,13,2,28,2,9,1,1,7,9,1,10,1,11,,23,,1,22,9,121.4662181,25.12322234
112,2,17,10,50,2,09北投區,北投區大度路3段305號,0,0,1,2,B03,8,1,5,50,8,9,1,5,4,5,7,4,4,8,3,5,2,13,1,71,3,10,1,1,7,14,1,8,1,3,,38,,1,22,9,121.4662181,25.12322234
112,2,17,11,0,2,09北投區,北投區紗帽路20-3號,0,0,2,1,B01,8,1,5,30,15,9,1,5,4,5,7,4,4,10,5,5,1,11,1,64,3,10,1,1,7,15,1,4,1,8,,17,,1,10,9,121.5329365,25.1416997
112,2,17,11,0,2,09北投區,北投區紗帽路20-3號,0,0,2,2,B03,8,1,5,30,15,9,1,5,4,5,7,4,4,10,5,5,1,11,1,25,3,10,1,1,7,9,1,8,1,8,,17,,1,22,9,121.5329365,25.1416997
112,2,17,11,0,2,09北投區,北投區紗帽路20-3號,0,0,2,3,H02,8,1,5,30,15,9,1,5,4,5,7,4,4,10,5,5,1,11,2,72,2,9,1,5,7,21,8,20,10,16,,67,,1,22,9,121.5329365,25.1416997
112,2,17,11,0,2,09北投區,北投區紗帽路20-3號,0,0,2,4,H02,8,1,5,30,15,9,1,5,4,5,7,4,4,10,5,5,1,11,2,51,2,9,1,5,7,21,8,20,10,16,,67,,1,22,9,121.5329365,25.1416997
112,2,17,11,16,2,10文山區,文山區恆光街與恆光街14巷口口,0,0,2,2,C03,8,1,5,30,4,1,1,5,4,5,7,4,4,5,4,5,2,16,1,19,2,9,3,4,7,9,1,10,2,11,,23,,1,22,9,121.5669074,24.9828057
112,2,17,11,16,2,10文山區,文山區恆光街與恆光街14巷口口,0,0,2,1,C03,8,1,5,30,4,1,1,5,4,5,7,4,4,5,4,5,2,16,2,23,2,9,3,4,7,5,1,10,2,12,,6,,1,22,9,121.5669074,24.9828057
112,2,17,11,18,2,03中山區,中山區雙城街晴光公園旁,0,0,1,1,B03,8,1,5,30,14,9,1,5,4,5,7,4,4,10,5,5,2,2,1,56,3,10,1,1,7,9,1,8,1,4,,23,,1,22,9,121.5243808,25.0639649
112,2,17,11,18,2,03中山區,中山區雙城街晴光公園旁,0,0,1,2,H01,8,1,5,30,14,9,1,5,4,5,7,4,4,10,5,5,2,2,2,43,2,7,4,5,8,16,8,20,10,16,,67,,1,22,9,121.5243808,25.0639649