發生年度,發生月,發生日,發生時-Hours,發生分,處理別-編號,區序,肇事地點,死亡人數,2-30日死亡人數,受傷人數,當事人序號,車種,天候,光線,道路類別,速限-速度限制,道路型態,事故位置,路面狀況1,路面狀況2,路面狀況3,道路障礙1,道路障礙2,號誌1,號誌2,車道劃分-分向,車道劃分-分道1,車道劃分-分道2,車道劃分-分道3,事故類型及型態,性別,年齡,受傷程度,主要傷處,保護裝置,行動電話,車輛用途,當事者行動狀態,駕駛資格情形,駕駛執照種類,飲酒情形,車輛撞擊部位1,車輛撞擊部位2,肇因碼-個別,肇因碼-主要,個人肇逃否,職業,旅次目的,座標-X,座標-Y
112,2,17,11,25,2,12內湖區,內湖區成功路5段450巷32號,0,0,1,2,C03,8,1,5,30,14,9,1,5,4,5,7,4,4,5,4,5,1,12,1,48,2,8,3,4,7,9,1,10,1,12,,44,,1,22,9,121.6080238,25.0746136
112,2,17,11,25,2,12內湖區,內湖區成功路5段450巷32號,0,0,1,1,B03,8,1,5,30,14,9,1,5,4,5,7,4,4,5,4,5,1,12,2,60,3,10,3,4,7,1,1,8,1,8,,19,,1,22,9,121.6080238,25.0746136
112,2,17,11,33,2,03中山區,中山區中山北路2段與錦州街口,0,0,1,1,B03,8,1,5,50,4,2,1,5,4,5,7,1,1,5,4,1,2,1,1,28,3,10,1,1,7,5,1,8,1,1,,15,,1,22,9,121.5228554,25.0601307
112,2,17,11,33,2,03中山區,中山區中山北路2段與錦州街口,0,0,1,2,H01,8,1,5,50,4,2,1,5,4,5,7,1,1,5,4,1,2,1,2,62,2,9,4,5,8,16,8,20,1,16,,67,,1,22,9,121.5228554,25.0601307
112,2,17,11,42,2,05中正區,中正區南海路與泉州街口,0,0,2,2,C03,8,1,5,50,3,1,1,5,4,5,7,3,1,10,4,5,2,17,1,39,2,9,1,1,7,9,1,10,1,11,,23,,1,22,9,121.5136439,25.0317154
112,2,17,11,42,2,05中正區,中正區南海路與泉州街口,0,0,2,1,C03,8,1,5,50,3,1,1,5,4,5,7,3,1,10,4,5,2,17,1,18,2,9,1,1,7,5,1,10,2,14,,8,,1,22,9,121.5136439,25.0317154
112,2,17,11,59,2,03中山區,中山區南京東路3段223巷口側附近,0,0,1,2,H01,8,1,5,50,14,9,1,5,4,5,7,4,4,1,3,5,1,3,2,72,2,8,4,5,8,16,8,20,10,16,,67,,1,22,9,121.5434502,25.0520269
112,2,17,11,59,2,03中山區,中山區南京東路3段223巷口側附近,0,0,1,1,B03,8,1,5,50,14,9,1,5,4,5,7,4,4,1,3,5,1,3,2,63,3,10,1,1,7,6,1,8,2,5,,15,,1,22,9,121.5434502,25.0520269
112,2,17,12,10,2,11南港區,南港區南港路2段與南港路2段38巷口,0,0,2,1,C03,8,1,5,50,3,1,1,5,4,5,7,2,1,4,3,5,2,16,1,28,2,9,1,1,7,1,1,10,1,11,,19,,1,22,9,121.6050919,25.0540719
112,2,17,12,10,2,11南港區,南港區南港路2段與南港路2段38巷口,0,0,2,2,C03,8,1,5,50,3,1,1,5,4,5,7,2,1,4,3,5,2,16,1,24,2,9,1,1,7,9,1,10,1,11,,4,,1,22,9,121.6050919,25.0540719
112,2,17,12,30,2,03中山區,中山區八德路2段與遼寧街口,0,0,1,2,B03,8,1,5,50,4,1,1,5,4,5,7,1,1,5,4,5,2,13,2,41,3,10,3,4,7,9,1,8,1,3,,42,,1,22,9,121.542121,25.0471108
112,2,17,12,30,2,03中山區,中山區八德路2段與遼寧街口,0,0,1,1,C03,8,1,5,50,4,1,1,5,4,5,7,1,1,5,4,5,2,13,1,34,2,8,1,1,7,9,1,10,1,11,,23,,1,22,9,121.542121,25.0471108
112,2,17,13,0,2,07信義區,信義區松壽路20號,0,0,1,2,C03,8,1,5,0,14,9,1,5,4,5,7,4,4,5,4,5,2,9,1,52,2,9,1,1,7,9,1,10,1,14,,44,,1,22,9,121.5673964,25.0357723
112,2,17,13,0,2,07信義區,信義區松壽路20號,0,0,1,1,H02,8,1,5,0,14,9,1,5,4,5,7,4,4,5,4,5,2,9,2,32,3,10,1,5,7,19,8,20,10,16,,56,,1,22,9,121.5673964,25.0357723
112,2,17,13,0,2,07信義區,信義區松壽路20號,0,0,1,3,B01,8,1,5,0,14,9,1,5,4,5,7,4,4,5,4,5,2,9,1,53,3,10,1,1,7,14,1,4,1,5,,42,,1,22,9,121.5673964,25.0357723
112,2,17,13,2,2,05中正區,中正區寧波西街87-3號,0,0,1,3,H02,8,1,5,50,14,9,1,5,4,5,7,4,4,10,4,5,1,17,2,35,3,10,1,1,7,20,8,20,10,16,,67,,1,22,9,121.5157027,25.02995162
112,2,17,13,2,2,05中正區,中正區寧波西街87-3號,0,0,1,1,C03,8,1,5,50,14,9,1,5,4,5,7,4,4,10,4,5,1,17,1,20,2,9,1,1,7,9,1,10,1,11,,23,,1,22,9,121.5157027,25.02995162
112,2,17,13,2,2,05中正區,中正區寧波西街87-3號,0,0,1,2,C03,8,1,5,50,14,9,1,5,4,5,7,4,4,10,4,5,1,17,1,43,3,10,1,1,7,5,1,10,1,13,,27,,1,22,9,121.5157027,25.02995162
112,2,17,13,27,2,02萬華區,萬華區和平西路3段與和平西路3段13巷口,0,0,1,1,C03,8,1,5,50,4,1,1,5,4,3,7,1,1,1,4,5,1,16,1,62,3,10,1,1,7,6,3,18,1,11,,25,,1,22,9,121.5042275,25.03451208
112,2,17,13,27,2,02萬華區,萬華區和平西路3段與和平西路3段13巷口,0,0,1,2,C03,8,1,5,50,4,1,1,5,4,3,7,1,1,1,4,5,1,16,2,29,2,8,1,1,7,9,1,10,1,11,,44,,1,22,9,121.5042275,25.03451208
112,2,17,13,30,2,12內湖區,內湖區瑞光路與瑞光路358巷口,0,0,1,1,C03,8,1,5,50,4,2,1,5,4,5,7,1,1,5,4,5,2,17,1,47,2,9,3,4,7,9,1,10,1,14,,43,,1,22,9,121.5752868,25.0763188
112,2,17,13,30,2,12內湖區,內湖區瑞光路與瑞光路358巷口,0,0,1,2,,8,1,5,50,4,2,1,5,4,5,7,1,1,5,4,5,2,17,4,0,4,11,3,4,7,15,7,19,11,15,,43,,2,22,9,121.5752868,25.0763188
112,2,17,13,45,2,03中山區,中山區中山北路4段與中山橋口圓山飯店上坡道前,0,0,1,2,C03,8,1,5,50,3,1,1,5,4,5,7,1,1,1,4,5,2,16,1,25,2,8,1,4,7,5,1,10,1,12,,25,,1,22,9,121.5260856,25.0747552
112,2,17,13,45,2,03中山區,中山區中山北路4段與中山橋口圓山飯店上坡道前,0,0,1,1,B03,8,1,5,50,3,1,1,5,4,5,7,1,1,1,4,5,2,16,2,25,3,10,3,4,7,5,1,8,1,2,,17,,1,22,9,121.5260856,25.0747552
112,2,17,13,56,2,02萬華區,萬華區萬大路277巷與萬大路237巷10弄口,0,0,2,1,C03,8,1,5,30,4,1,1,5,4,5,7,4,4,10,5,5,2,15,2,51,2,9,1,4,7,9,1,10,1,11,,6,,1,22,9,121.5010818,25.0254181
112,2,17,13,56,2,02萬華區,萬華區萬大路277巷與萬大路237巷10弄口,0,0,2,2,C03,8,1,5,30,4,1,1,5,4,5,7,4,4,10,5,5,2,15,1,39,2,8,1,4,7,9,1,10,1,11,,14,,1,22,9,121.5010818,25.0254181
112,2,17,14,23,2,07信義區,信義區忠孝東路5段1號,0,0,1,1,C04,8,1,5,50,14,9,1,5,4,5,7,2,1,3,4,5,2,13,2,44,2,8,1,1,7,9,1,10,1,11,,43,,1,22,9,121.5649411,25.0412012
112,2,17,14,23,2,07信義區,信義區忠孝東路5段1號,0,0,1,2,C03,8,1,5,50,14,9,1,5,4,5,7,2,1,3,4,5,2,13,1,43,3,10,1,1,7,12,1,10,1,13,,43,,1,22,9,121.5649411,25.0412012
112,2,17,14,36,2,06松山區,松山區八德路4段88號,0,0,1,8,C03,8,1,5,50,14,9,1,5,4,5,7,4,4,5,4,5,2,17,2,34,4,11,3,4,7,15,7,19,11,15,,44,,1,22,9,121.5604249,25.04846476
112,2,17,14,36,2,06松山區,松山區八德路4段88號,0,0,1,1,B03,8,1,5,50,14,9,1,5,4,5,7,4,4,5,4,5,2,17,1,63,3,10,1,1,7,11,1,8,2,5,,10,,1,22,9,121.5604249,25.04846476
112,2,17,14,36,2,06松山區,松山區八德路4段88號,0,0,1,2,C03,8,1,5,50,14,9,1,5,4,5,7,4,4,5,4,5,2,17,2,19,2,9,1,1,7,9,1,10,2,11,,23,,1,22,9,121.5604249,25.04846476
112,2,17,14,36,2,06松山區,松山區八德路4段88號,0,0,1,3,C03,8,1,5,50,14,9,1,5,4,5,7,4,4,5,4,5,2,17,1,37,4,11,3,4,7,15,7,19,11,15,,44,,1,22,9,121.5604249,25.04846476
112,2,17,14,36,2,06松山區,松山區八德路4段88號,0,0,1,4,C03,8,1,5,50,14,9,1,5,4,5,7,4,4,5,4,5,2,17,1,48,4,11,3,4,7,15,7,19,11,15,,44,,1,22,9,121.5604249,25.04846476
112,2,17,14,36,2,06松山區,松山區八德路4段88號,0,0,1,5,C03,8,1,5,50,14,9,1,5,4,5,7,4,4,5,4,5,2,17,1,52,4,11,3,4,7,15,7,19,11,15,,44,,1,22,9,121.5604249,25.04846476
112,2,17,14,36,2,06松山區,松山區八德路4段88號,0,0,1,6,C03,8,1,5,50,14,9,1,5,4,5,7,4,4,5,4,5,2,17,2,63,4,11,3,4,7,15,7,19,11,15,,44,,1,22,9,121.5604249,25.04846476
112,2,17,14,36,2,06松山區,松山區八德路4段88號,0,0,1,7,C03,8,1,5,50,14,9,1,5,4,5,7,4,4,5,4,5,2,17,1,33,4,11,3,4,7,15,7,19,11,15,,44,,1,22,9,121.5604249,25.04846476
112,2,17,14,48,2,12內湖區,內湖區康寧路3段與安康路口,0,0,1,2,C03,8,1,5,50,3,1,1,5,4,5,7,1,1,1,4,5,2,16,1,41,2,9,1,1,7,9,1,10,2,11,,44,,1,22,9,121.6109886,25.0649246
112,2,17,14,48,2,12內湖區,內湖區康寧路3段與安康路口,0,0,1,1,B03,8,1,5,50,3,1,1,5,4,5,7,1,1,1,4,5,2,16,1,34,3,10,1,1,7,6,1,8,2,5,,6,,1,22,9,121.6109886,25.0649246
112,2,17,14,50,2,04大安區,大安區敦化南路2段63巷與敦化南路2段81巷65弄口,0,0,1,2,C03,8,1,5,30,4,1,1,5,4,5,7,4,4,10,4,5,1,15,1,61,2,9,1,1,7,9,1,10,1,11,,44,,1,22,9,121.5506916,25.0310377
112,2,17,14,50,2,04大安區,大安區敦化南路2段63巷與敦化南路2段81巷65弄口,0,0,1,1,B12,8,1,5,30,4,1,1,5,4,5,7,4,4,10,4,5,1,15,1,42,3,10,1,1,7,9,1,8,1,8,,6,,1,22,9,121.5506916,25.0310377
112,2,17,15,0,2,07信義區,信義區莊敬路476號,0,0,1,2,H01,8,1,5,0,14,20,4,5,4,5,7,4,4,4,3,4,1,9,2,37,2,9,4,1,8,16,8,20,10,16,,67,,1,22,9,121.5681686,25.0266423
112,2,17,15,0,2,07信義區,信義區莊敬路476號,0,0,1,1,F01,8,1,5,0,14,20,4,5,4,5,7,4,4,4,3,4,1,9,2,26,3,10,3,4,7,9,8,20,1,16,,42,,1,22,9,121.5681686,25.0266423
112,2,17,15,8,2,07信義區,信義區忠孝東路5段423巷與忠孝東路5段423巷3弄口,0,0,1,1,C03,8,1,5,30,4,1,1,5,4,5,7,4,4,9,5,5,2,17,1,65,3,10,3,4,7,14,1,10,1,15,,44,,1,22,9,121.5753313,25.0414643
112,2,17,15,8,2,07信義區,信義區忠孝東路5段423巷與忠孝東路5段423巷3弄口,0,0,1,2,C03,8,1,5,30,4,1,1,5,4,5,7,4,4,9,5,5,2,17,1,47,2,9,3,4,7,9,1,10,1,14,,14,,1,22,9,121.5753313,25.0414643
112,2,17,15,13,2,09北投區,北投區紗帽路第一展望公車站旁,0,0,1,2,B12,8,1,5,30,11,9,1,5,4,5,7,4,4,4,5,5,2,17,1,54,3,10,1,1,7,9,1,8,1,8,,44,,1,22,9,121.5395886,25.1439081
112,2,17,15,13,2,09北投區,北投區紗帽路第一展望公車站旁,0,0,1,1,C03,8,1,5,30,11,9,1,5,4,5,7,4,4,4,5,5,2,17,1,19,2,9,1,1,7,6,1,10,1,11,,42,,1,22,9,121.5395886,25.1439081
112,2,17,15,17,2,03中山區,中山區大直橋與北安路口,0,0,1,2,C03,8,1,5,50,4,2,1,5,4,5,7,1,1,1,4,5,2,12,1,22,2,7,1,1,7,6,1,10,1,14,,44,,1,22,9,121.5445616,25.0794621
112,2,17,15,17,2,03中山區,中山區大直橋與北安路口,0,0,1,1,B12,8,1,5,50,4,2,1,5,4,5,7,1,1,1,4,5,2,12,1,26,3,10,1,1,7,6,1,8,1,5,,26,,1,22,9,121.5445616,25.0794621
112,2,17,15,25,2,04大安區,大安區辛亥路1段79號前,0,0,2,2,C03,8,1,5,50,14,8,1,5,4,5,7,4,4,10,4,4,2,17,1,24,2,9,1,1,7,9,1,10,1,11,,43,,1,22,9,121.5305877,25.021205
112,2,17,15,25,2,04大安區,大安區辛亥路1段79號前,0,0,2,1,C03,8,1,5,50,14,8,1,5,4,5,7,4,4,10,4,4,2,17,1,77,2,9,1,1,7,15,1,10,1,12,,43,,1,22,9,121.5305877,25.021205
112,2,17,15,30,2,05中正區,中正區金山南路1段128號,0,0,1,2,C03,8,1,5,50,14,9,1,5,4,5,7,4,4,1,4,5,2,17,1,27,3,10,1,1,7,15,1,10,2,13,,44,,1,22,9,121.5273106,25.0348758
112,2,17,15,30,2,05中正區,中正區金山南路1段128號,0,0,1,3,C03,8,1,5,50,14,9,1,5,4,5,7,4,4,1,4,5,2,17,1,30,2,9,1,1,7,9,1,10,2,14,,13,,1,22,9,121.5273106,25.0348758
112,2,17,15,30,2,05中正區,中正區金山南路1段128號,0,0,1,1,B03,8,1,5,50,14,9,1,5,4,5,7,4,4,1,4,5,2,17,1,56,3,10,1,1,7,7,1,8,2,15,,7,,1,22,9,121.5273106,25.0348758
112,2,17,15,30,2,05中正區,中正區金山南路1段128號,0,0,1,4,B03,8,1,5,50,14,9,1,5,4,5,7,4,4,1,4,5,2,17,2,54,3,10,1,1,7,1,1,8,11,15,,19,,1,22,9,121.5273106,25.0348758
112,2,17,15,49,2,09北投區,(即致遠一路二段109號旁),0,0,2,2,C03,8,1,5,50,4,2,1,5,4,5,7,4,4,5,5,5,2,17,1,58,2,8,1,1,7,5,1,10,1,14,,43,,1,22,9,121.5127063,25.113339
112,2,17,15,49,2,09北投區,(即致遠一路二段109號旁),0,0,2,1,C03,8,1,5,50,4,2,1,5,4,5,7,4,4,5,5,5,2,17,1,20,2,7,1,1,7,4,1,10,1,11,,43,,1,21,9,121.5127063,25.113339
112,2,17,15,51,2,09北投區,北投區致遠三路與致遠三路119巷口,0,0,1,1,B12,8,1,5,30,3,2,1,5,4,5,7,4,4,10,5,5,2,16,1,48,3,10,3,4,7,6,1,8,1,8,,6,,1,22,9,121.5101509,25.12172718
112,2,17,15,51,2,09北投區,北投區致遠三路與致遠三路119巷口,0,0,1,2,C03,8,1,5,30,3,2,1,5,4,5,7,4,4,10,5,5,2,16,1,27,2,9,1,1,7,9,1,10,1,14,,5,,1,22,9,121.5101509,25.12172718
112,2,17,15,51,2,09北投區,北投區致遠三路與致遠三路119巷口,0,0,1,3,B03,8,1,5,30,3,2,1,5,4,5,7,4,4,10,5,5,2,16,3,0,,,,,,,,,,,,67,,1,,,121.5101509,25.12172718
112,2,17,15,51,2,09北投區,北投區致遠三路與致遠三路119巷口,0,0,1,4,B03,8,1,5,30,3,2,1,5,4,5,7,4,4,10,5,5,2,16,3,42,,,,,,,,,,,,67,,1,,,121.5101509,25.12172718
112,2,17,15,51,2,09北投區,北投區榮華三路與榮華三路42巷口,0,0,1,2,C03,8,1,5,30,4,1,1,5,4,5,7,4,4,5,4,5,2,15,1,23,2,9,1,1,7,9,1,10,2,14,,26,,1,22,9,121.520634,25.11408848
112,2,17,15,51,2,09北投區,北投區榮華三路與榮華三路42巷口,0,0,1,1,B03,8,1,5,30,4,1,1,5,4,5,7,4,4,5,4,5,2,15,1,37,3,10,2,1,7,9,1,8,2,1,,6,,1,22,9,121.520634,25.11408848
112,2,17,16,0,2,06松山區,松山區市民大道4段與市民大道4段37巷口,0,0,2,1,B03,8,1,5,50,3,2,1,5,4,5,7,4,4,1,3,5,2,15,1,49,3,10,1,1,7,9,1,8,1,5,,6,,1,22,9,121.5452234,25.0452342
112,2,17,16,0,2,06松山區,松山區市民大道4段與市民大道4段37巷口,0,0,2,3,H02,8,1,5,50,3,2,1,5,4,5,7,4,4,1,3,5,2,15,2,22,2,9,1,1,7,17,8,20,10,16,,67,,1,22,9,121.5452234,25.0452342
112,2,17,16,0,2,06松山區,松山區市民大道4段與市民大道4段37巷口,0,0,2,2,C03,8,1,5,50,3,2,1,5,4,5,7,4,4,1,3,5,2,15,1,21,2,9,1,1,7,9,1,10,1,11,,44,,1,22,9,121.5452234,25.0452342
112,2,17,16,11,2,05中正區,中正區市民大道1段往東(國父史蹟館前),0,0,1,2,C03,8,1,5,40,14,9,1,5,4,5,7,4,4,1,4,5,2,12,2,51,2,8,1,1,7,7,4,8,1,14,,7,,1,5,1,121.5201455,25.0480651
112,2,17,16,11,2,05中正區,中正區市民大道1段往東(國父史蹟館前),0,0,1,1,B03,8,1,5,40,14,9,1,5,4,5,7,4,4,1,4,5,2,12,2,69,3,10,1,1,7,9,1,8,1,5,,42,,1,19,7,121.5201455,25.0480651
112,2,17,16,20,2,06松山區,松山區長安東路2段與復興北路口,0,0,1,1,B11,7,1,5,50,4,1,1,5,4,5,7,1,1,10,4,5,2,12,1,53,3,10,1,1,7,9,1,8,1,1,,23,,1,22,9,121.544025,25.0482283
112,2,17,16,20,2,06松山區,松山區長安東路2段與復興北路口,0,0,1,2,C03,7,1,5,50,4,1,1,5,4,5,7,1,1,10,4,5,2,12,1,35,2,7,1,1,7,8,1,10,1,13,,7,,1,22,9,121.544025,25.0482283
112,2,17,16,30,2,04大安區,大安區基隆路2段與敦化南路2段口,0,0,1,3,C03,8,1,5,50,3,2,1,5,4,5,7,4,4,1,4,5,2,17,1,71,2,8,1,1,7,9,1,10,1,14,,44,,1,22,9,121.5493403,25.0216854
112,2,17,16,30,2,04大安區,大安區基隆路2段與敦化南路2段口,0,0,1,2,C03,8,1,5,50,3,2,1,5,4,5,7,4,4,1,4,5,2,17,2,55,3,10,1,1,7,9,1,10,1,14,,44,,1,22,9,121.5493403,25.0216854
112,2,17,16,30,2,04大安區,大安區基隆路2段與敦化南路2段口,0,0,1,1,B03,8,1,5,50,3,2,1,5,4,5,7,4,4,1,4,5,2,17,1,57,4,11,3,4,7,15,7,19,11,15,,23,,2,22,9,121.5493403,25.0216854
112,2,17,16,35,2,10文山區,文山區木柵路4段96號,0,0,1,1,C03,8,1,5,50,14,9,1,5,4,5,7,4,4,4,3,5,2,13,1,24,2,9,1,1,7,9,1,10,1,14,,43,,1,22,9,121.5755506,24.9993454
112,2,17,16,35,2,10文山區,文山區木柵路4段96號,0,0,1,2,B12,8,1,5,50,14,9,1,5,4,5,7,4,4,4,3,5,2,13,1,57,3,10,1,1,7,9,1,8,1,6,,43,,1,22,9,121.5755506,24.9993454
112,2,17,16,37,2,09北投區,北投區石牌路1段與致遠一路2段口,0,0,1,1,C03,8,1,5,50,4,2,1,5,4,5,7,1,1,5,4,5,2,16,1,20,2,9,1,1,7,1,4,8,1,14,,19,,1,22,9,121.5122877,25.11405264
112,2,17,16,37,2,09北投區,北投區石牌路1段與致遠一路2段口,0,0,1,2,B03,8,1,5,50,4,2,1,5,4,5,7,1,1,5,4,5,2,16,1,48,3,10,1,1,7,9,1,8,1,2,,44,,1,22,9,121.5122877,25.11405264
112,2,17,17,20,2,10文山區,文山區興隆路3段257號,0,0,1,1,B03,8,1,5,50,14,9,1,5,4,5,7,1,1,1,4,5,2,12,1,41,3,10,1,4,7,9,1,8,2,2,,23,,1,22,9,121.5588079,24.9926273
112,2,17,17,20,2,10文山區,文山區興隆路3段257號,0,0,1,2,C03,8,1,5,50,14,9,1,5,4,5,7,1,1,1,4,5,2,12,2,70,2,8,1,4,7,7,1,10,2,14,,44,,1,22,9,121.5588079,24.9926273
112,2,17,17,21,2,08士林區,士林區承德路5段與中正路口,0,0,1,1,B03,8,1,5,50,3,1,1,5,4,5,7,1,1,1,1,5,2,12,1,41,3,10,1,1,7,9,1,8,1,8,,6,,1,22,9,121.5154749,25.09047397
112,2,17,17,21,2,08士林區,士林區承德路5段與中正路口,0,0,1,2,C03,8,1,5,50,3,1,1,5,4,5,7,1,1,1,1,5,2,12,2,68,2,1,1,1,7,9,1,10,1,11,,23,,1,22,9,121.5154749,25.09047397
112,2,17,17,23,2,08士林區,士林區故宮路9號,0,0,1,3,,8,1,5,40,14,9,1,5,4,5,7,4,4,1,5,5,1,17,3,0,,,,,,,,,,,,67,,,,,121.5468245,25.09755236
112,2,17,17,23,2,08士林區,士林區故宮路9號,0,0,1,1,B03,8,1,5,40,14,9,1,5,4,5,7,4,4,1,5,5,1,17,1,56,2,7,1,1,7,15,1,8,1,1,,23,,1,22,9,121.5468245,25.09755236
112,2,17,17,23,2,08士林區,士林區故宮路9號,0,0,1,2,B03,8,1,5,40,14,9,1,5,4,5,7,4,4,1,5,5,1,17,1,51,3,10,1,1,7,9,1,8,1,1,,44,,1,22,9,121.5468245,25.09755236
112,2,17,17,27,2,09北投區,北投區中和街與大業路口光明路多叉路口,0,0,1,1,B12,8,3,5,50,5,2,1,5,4,5,7,2,1,5,4,5,2,16,1,75,3,10,1,1,7,6,1,8,1,2,,9,,1,22,9,121.5034866,25.1373136
112,2,17,17,27,2,09北投區,北投區中和街與大業路口光明路多叉路口,0,0,1,2,C03,8,3,5,50,5,2,1,5,4,5,7,2,1,5,4,5,2,16,2,53,2,9,1,1,7,9,1,10,1,11,,44,,1,22,9,121.5034866,25.1373136
112,2,17,17,36,2,08士林區,士林區通河東街1段與大南路口口,0,0,1,1,C03,8,2,5,30,4,2,1,5,4,5,7,3,1,10,5,5,1,13,2,35,2,8,1,1,7,9,1,10,1,13,,6,,1,22,9,121.5154676,25.08940266
112,2,17,17,36,2,08士林區,士林區通河東街1段與大南路口口,0,0,1,2,B03,8,2,5,30,4,2,1,5,4,5,7,3,1,10,5,5,1,13,1,42,3,10,1,1,7,9,1,8,1,5,,13,,1,22,9,121.5154676,25.08940266
112,2,17,17,48,2,02萬華區,萬華區桂林路65巷65巷前,0,0,2,1,C03,8,2,5,50,14,9,1,5,4,5,7,4,4,5,4,5,2,13,1,47,2,9,1,1,7,9,1,10,1,11,,16,,1,22,9,121.5025489,25.03828341
112,2,17,17,48,2,02萬華區,萬華區桂林路65巷65巷前,0,0,2,2,C03,8,2,5,50,14,9,1,5,4,5,7,4,4,5,4,5,2,13,2,36,2,8,1,1,7,9,1,10,1,13,,44,,1,22,9,121.5025489,25.03828341
112,2,17,18,0,2,09北投區,北投區承德路7段188巷與尊賢街口,0,0,2,1,C03,8,1,5,30,4,1,1,5,4,5,7,4,4,10,5,5,2,15,1,60,2,9,1,1,7,9,1,10,1,11,,6,,1,22,9,121.5086312,25.11435158
112,2,17,18,0,2,09北投區,北投區承德路7段188巷與尊賢街口,0,0,2,2,C03,8,1,5,30,4,1,1,5,4,5,7,4,4,10,5,5,2,15,1,24,2,9,1,1,7,9,1,10,1,12,,6,,1,22,9,121.5086312,25.11435158
112,2,17,18,0,2,09北投區,北投區承德路7段188巷與尊賢街口,0,0,2,3,B03,8,1,5,30,4,1,1,5,4,5,7,4,4,10,5,5,2,15,1,45,3,10,3,4,7,13,7,19,11,1,,44,,1,22,9,121.5086312,25.11435158
112,2,17,18,0,2,12內湖區,內湖區金龍路與內湖路2段口口,0,0,2,1,C03,8,3,5,50,4,1,1,5,4,5,7,2,1,5,4,5,2,17,2,39,2,9,1,1,7,5,1,10,2,12,,6,,1,22,9,121.5936946,25.08476295
112,2,17,18,0,2,12內湖區,內湖區金龍路與內湖路2段口口,0,0,2,2,C03,8,3,5,50,4,1,1,5,4,5,7,2,1,5,4,5,2,17,2,51,2,9,1,1,7,9,3,18,2,14,,42,,1,22,9,121.5936946,25.08476295
112,2,17,18,16,2,09北投區,北投區承德路7段與立賢路口,0,0,1,1,B03,8,3,5,50,4,2,1,5,4,5,7,1,1,1,4,5,2,16,1,63,3,10,3,4,7,11,1,8,2,5,,10,,1,22,9,121.5048888,25.11611877
112,2,17,18,16,2,09北投區,北投區承德路7段與立賢路口,0,0,1,2,C03,8,3,5,50,4,2,1,5,4,5,7,1,1,1,4,5,2,16,1,22,2,9,3,4,7,9,1,10,2,14,,23,,1,22,9,121.5048888,25.11611877
112,2,17,18,22,2,08士林區,士林區文林路與福國路口,0,0,2,1,B02,7,3,5,50,5,2,1,5,4,5,7,1,1,9,4,5,2,17,2,35,3,10,1,1,7,5,1,8,2,4,,23,,1,22,9,121.5218767,25.10187671
112,2,17,18,22,2,08士林區,士林區文林路與福國路口,0,0,2,2,C03,7,3,5,50,5,2,1,5,4,5,7,1,1,9,4,5,2,17,1,81,2,9,1,1,7,5,1,10,2,12,,17,,1,22,9,121.5218767,25.10187671
112,2,17,18,22,2,08士林區,士林區文林路與福國路口,0,0,2,3,H02,7,3,5,50,5,2,1,5,4,5,7,1,1,9,4,5,2,17,2,15,2,9,1,5,7,20,8,20,10,16,,67,,1,22,9,121.5218767,25.10187671
112,2,17,18,26,2,11南港區,南港區市民大道8段與南港路2段41巷口,0,0,1,2,C03,7,3,5,50,4,1,1,5,4,5,7,1,1,5,4,5,2,16,1,28,2,7,1,1,7,9,1,10,1,11,,44,,1,22,9,121.6033389,25.052708
112,2,17,18,26,2,11南港區,南港區市民大道8段與南港路2段41巷口,0,0,1,1,C02,7,3,5,50,4,1,1,5,4,5,7,1,1,5,4,5,2,16,1,50,3,10,1,1,7,5,4,10,1,12,,6,,1,22,9,121.6033389,25.052708
112,2,17,18,29,2,11南港區,南港區舊莊街1段與舊莊街1段145巷口,0,0,1,2,C03,8,3,5,50,3,2,1,5,4,5,7,2,3,8,5,5,2,13,1,51,2,9,3,4,7,14,1,10,2,13,,44,,1,22,9,121.6208386,25.0398777
112,2,17,18,29,2,11南港區,南港區舊莊街1段與舊莊街1段145巷口,0,0,1,1,B03,8,3,5,50,3,2,1,5,4,5,7,2,3,8,5,5,2,13,2,58,3,10,3,4,7,9,1,8,2,8,,23,,1,22,9,121.6208386,25.0398777
112,2,17,18,40,2,11南港區,南港區南港路1段210號,0,0,1,1,C03,8,3,5,50,14,9,1,5,4,5,7,4,4,10,4,5,2,13,1,27,2,9,3,4,7,7,1,10,2,11,,23,,1,22,9,121.6108924,25.05512341
112,2,17,18,40,2,11南港區,南港區南港路1段210號,0,0,1,2,B02,8,3,5,50,14,9,1,5,4,5,7,4,4,10,4,5,2,13,1,36,3,10,3,4,7,9,1,8,2,7,,44,,1,22,9,121.6108924,25.05512341
112,2,17,18,40,2,07信義區,信義區市府路與松高路口,0,0,1,1,C03,7,3,5,50,4,1,1,5,4,5,7,2,1,9,4,5,2,16,1,33,2,9,1,1,7,5,1,10,1,14,,26,,1,22,9,121.5636079,25.0390428
112,2,17,18,40,2,07信義區,信義區市府路與松高路口,0,0,1,2,B03,7,3,5,50,4,1,1,5,4,5,7,2,1,9,4,5,2,16,2,51,3,10,1,1,7,9,1,8,1,2,,44,,1,22,9,121.5636079,25.0390428
112,2,17,18,43,2,05中正區,中正區青島東路與鎮江街口,0,0,2,2,C03,7,3,5,50,4,1,1,5,4,5,7,1,1,8,3,4,2,17,1,26,2,9,1,1,7,9,1,10,2,11,,13,,1,22,9,121.5212736,25.0440441