發生年度,發生月,發生日,發生時-Hours,發生分,處理別-編號,區序,肇事地點,死亡人數,2-30日死亡人數,受傷人數,當事人序號,車種,天候,光線,道路類別,速限-速度限制,道路型態,事故位置,路面狀況1,路面狀況2,路面狀況3,道路障礙1,道路障礙2,號誌1,號誌2,車道劃分-分向,車道劃分-分道1,車道劃分-分道2,車道劃分-分道3,事故類型及型態,性別,年齡,受傷程度,主要傷處,保護裝置,行動電話,車輛用途,當事者行動狀態,駕駛資格情形,駕駛執照種類,飲酒情形,車輛撞擊部位1,車輛撞擊部位2,肇因碼-個別,肇因碼-主要,個人肇逃否,職業,旅次目的,座標-X,座標-Y
112,2,20,12,40,2,11南港區,南港區忠孝東路6段與忠孝東路6段225巷口口,0,0,1,2,C03,7,1,5,30,3,1,1,5,4,5,7,4,4,1,4,5,2,16,1,21,2,9,1,1,7,9,1,10,1,12,,14,,1,22,9,121.588423,25.04918961
112,2,20,12,53,2,07信義區,信義區永吉路180巷與虎林街120巷口,0,0,1,2,C03,7,1,5,30,4,1,1,5,4,5,7,4,4,10,5,5,2,15,2,37,2,9,1,1,7,9,1,10,1,13,,13,,1,22,9,121.5713972,25.0422704
112,2,20,12,53,2,07信義區,信義區永吉路180巷與虎林街120巷口,0,0,1,1,C03,7,1,5,30,4,1,1,5,4,5,7,4,4,10,5,5,2,15,1,29,3,10,1,1,7,9,1,9,1,11,,6,,1,22,9,121.5713972,25.0422704
112,2,20,13,4,2,04大安區,大安區溫州街與溫州街74巷口,0,0,1,2,B01,7,1,5,30,4,1,1,5,4,5,7,4,4,10,5,5,2,15,1,41,3,10,1,1,7,9,1,4,1,8,,14,,1,21,8,121.5328893,25.0196659
112,2,20,13,4,2,04大安區,大安區溫州街與溫州街74巷口,0,0,1,1,C03,7,1,5,30,4,1,1,5,4,5,7,4,4,10,5,5,2,15,2,22,2,8,1,1,7,9,1,10,1,11,,6,,1,21,8,121.5328893,25.0196659
112,2,20,13,10,2,04大安區,大安區新生南路3段19巷與新生南路3段口,0,0,1,2,C03,8,1,5,50,3,2,1,5,4,5,7,4,4,1,4,5,2,17,1,21,2,7,1,1,7,9,1,10,1,14,,14,,1,22,9,121.5348551,25.0249074
112,2,20,13,10,2,04大安區,大安區新生南路3段19巷與新生南路3段口,0,0,1,1,B03,8,1,5,50,3,2,1,5,4,5,7,4,4,1,4,5,2,17,1,36,3,10,1,1,7,6,1,8,1,5,,9,,1,22,9,121.5348551,25.0249074
112,2,20,13,16,2,10文山區,文山區木柵路1段與木柵路1段79巷口,0,0,1,2,A12,8,1,5,50,3,2,1,5,4,5,7,4,4,9,4,5,2,12,1,47,3,10,1,1,7,9,1,3,2,2,,44,,1,22,9,121.5466335,24.98686094
112,2,20,13,16,2,10文山區,文山區木柵路1段與木柵路1段79巷口,0,0,1,1,C03,8,1,5,50,3,2,1,5,4,5,7,4,4,9,4,5,2,12,2,21,2,8,1,1,7,10,1,10,2,14,,7,,1,22,9,121.5466335,24.98686094
112,2,20,13,16,2,10文山區,文山區木柵路1段與木柵路1段79巷口,0,0,1,3,B03,8,1,5,50,3,2,1,5,4,5,7,4,4,9,4,5,2,12,1,37,3,10,1,1,7,9,1,8,2,8,,44,,1,22,9,121.5466335,24.98686094
112,2,20,13,16,2,09北投區,北投區承德路7段與承德路6段口口,0,0,1,2,B03,8,1,5,60,5,1,1,5,4,5,7,2,1,1,4,5,2,16,2,62,3,10,1,1,7,7,1,8,2,4,,44,,1,22,9,121.5109542,25.111042
112,2,20,13,16,2,09北投區,北投區承德路7段與承德路6段口口,0,0,1,1,C03,8,1,5,60,5,1,1,5,4,5,7,2,1,1,4,5,2,16,1,42,2,9,1,1,7,7,3,18,2,12,,23,,1,22,9,121.5109542,25.111042
112,2,20,13,35,2,10文山區,文山區木柵路4段與萬壽橋口,0,0,1,2,C03,8,1,5,50,4,1,1,5,4,5,7,2,1,3,4,5,2,13,1,22,2,9,1,1,7,9,1,10,1,14,,23,,1,22,9,121.5712242,24.9917558
112,2,20,13,35,2,10文山區,文山區木柵路4段與萬壽橋口,0,0,1,1,C03,8,1,5,50,4,1,1,5,4,5,7,2,1,3,4,5,2,13,2,27,3,10,1,1,7,8,1,10,1,12,,7,,1,22,9,121.5712242,24.9917558
112,2,20,13,42,2,03中山區,中山區堤頂大道2段與港墘路口,0,0,4,2,B03,7,1,5,70,3,2,1,5,4,5,7,4,4,1,4,5,2,13,2,48,2,3,1,1,7,9,1,8,2,3,,44,,1,22,9,121.5718894,25.0751477
112,2,20,13,42,2,03中山區,中山區堤頂大道2段與港墘路口,0,0,4,1,B02,7,1,5,70,3,2,1,5,4,5,7,4,4,1,4,5,2,13,2,32,2,8,1,1,7,9,1,4,8,1,,16,,1,22,9,121.5718894,25.0751477
112,2,20,13,42,2,03中山區,中山區堤頂大道2段與港墘路口,0,0,4,3,B03,7,1,5,70,3,2,1,5,4,5,7,4,4,1,4,5,2,13,1,55,2,7,1,1,7,14,5,18,2,3,,44,,1,22,9,121.5718894,25.0751477
112,2,20,13,42,2,03中山區,中山區堤頂大道2段與港墘路口,0,0,4,5,H02,7,1,5,70,3,2,1,5,4,5,7,4,4,1,4,5,2,13,2,28,2,9,1,5,7,20,8,20,7,16,,67,,1,22,9,121.5718894,25.0751477
112,2,20,13,42,2,03中山區,中山區堤頂大道2段與港墘路口,0,0,4,4,B03,7,1,5,70,3,2,1,5,4,5,7,4,4,1,4,5,2,13,1,43,3,10,1,1,7,14,1,6,2,3,,44,,1,22,9,121.5718894,25.0751477
112,2,20,13,44,2,04大安區,大安區永康街與潮州街口,0,0,1,2,C03,8,1,5,30,4,1,1,5,4,5,7,4,4,10,5,5,2,15,1,20,2,8,3,4,7,9,1,10,1,11,,14,,1,22,9,121.5296111,25.0283882
112,2,20,13,44,2,04大安區,大安區永康街與潮州街口,0,0,1,1,B03,8,1,5,30,4,1,1,5,4,5,7,4,4,10,5,5,2,15,1,33,3,10,3,4,7,9,1,8,1,4,,6,,1,22,9,121.5296111,25.0283882
112,2,20,13,45,2,03中山區,中山區市民大道2段與林森北路口,0,0,2,1,C03,8,1,5,40,4,2,1,5,4,5,7,1,1,1,4,5,2,13,1,20,2,8,1,1,7,9,1,10,1,11,,23,,1,22,9,121.5243206,25.04791679
112,2,20,13,45,2,03中山區,中山區市民大道2段與林森北路口,0,0,2,2,C03,8,1,5,40,4,2,1,5,4,5,7,1,1,1,4,5,2,13,1,54,2,8,1,1,7,14,1,10,1,13,,44,,1,22,9,121.5243206,25.04791679
112,2,20,13,51,2,10文山區,文山區試院路144巷2弄1號,0,0,1,1,C03,7,1,5,30,14,9,1,5,4,5,7,4,4,10,5,5,2,10,1,21,2,9,1,1,7,9,1,10,1,13,,13,,1,22,9,121.547288,24.99035281
112,2,20,13,51,2,10文山區,文山區試院路144巷2弄1號,0,0,1,2,B03,7,1,5,30,14,9,1,5,4,5,7,4,4,10,5,5,2,10,1,56,3,10,1,1,7,9,1,8,1,8,,44,,1,22,9,121.547288,24.99035281
112,2,20,14,11,2,03中山區,中山區民權東路1段與雙城街口口,0,0,1,1,B12,8,1,5,50,4,1,1,5,4,5,7,1,1,1,4,5,1,13,1,57,3,10,3,4,7,9,3,18,1,5,,25,,1,22,9,121.5242544,25.062815
112,2,20,14,11,2,03中山區,中山區民權東路1段與雙城街口口,0,0,1,2,C03,8,1,5,50,4,1,1,5,4,5,7,1,1,1,4,5,1,13,1,20,2,9,1,1,7,14,1,10,1,13,,44,,1,22,9,121.5242544,25.062815
112,2,20,14,23,2,03中山區,中山區民權西路79號,0,0,1,1,B03,8,1,5,40,14,8,1,5,4,5,7,1,1,1,4,4,2,12,1,46,3,10,1,1,7,14,1,8,1,8,,40,,1,22,9,121.5197187,25.06290419
112,2,20,14,23,2,03中山區,中山區民權西路79號,0,0,1,2,C03,8,1,5,40,14,8,1,5,4,5,7,1,1,1,4,4,2,12,2,23,2,9,1,1,7,9,1,10,1,14,,14,,1,22,9,121.5197187,25.06290419
112,2,20,14,55,2,07信義區,信義區忠孝東路5段790巷22弄12號,0,0,1,2,C03,8,1,5,30,14,7,1,5,4,5,7,4,4,10,5,5,2,17,2,24,3,10,3,4,7,9,1,10,1,11,,23,,1,22,9,121.5819319,25.04241192
112,2,20,14,55,2,07信義區,信義區忠孝東路5段790巷22弄12號,0,0,1,3,B03,8,1,5,30,14,7,1,5,4,5,7,4,4,10,5,5,2,17,1,32,3,10,3,4,7,13,1,8,1,8,,44,,1,22,9,121.5819319,25.04241192
112,2,20,14,55,2,07信義區,信義區忠孝東路5段790巷22弄12號,0,0,1,1,C03,8,1,5,30,14,7,1,5,4,5,7,4,4,10,5,5,2,17,1,63,2,8,3,4,7,6,1,10,1,13,,9,,1,22,9,121.5819319,25.04241192
112,2,20,15,10,2,11南港區,南港區重陽路與惠民街口,0,0,2,2,C03,7,1,5,50,3,1,1,5,4,5,7,2,1,5,4,4,2,16,1,36,2,8,1,1,7,5,1,10,1,14,,44,,1,21,8,121.6098201,25.0591099
112,2,20,15,10,2,11南港區,南港區重陽路與惠民街口,0,0,2,1,C03,7,1,5,50,3,1,1,5,4,5,7,2,1,5,4,4,2,16,1,20,2,7,1,1,7,9,1,10,1,11,,25,,1,21,8,121.6098201,25.0591099
112,2,20,15,32,2,01大同區,大同區環河北路1段73號,0,0,1,1,B12,8,1,5,50,14,9,1,5,4,5,7,4,4,10,4,5,2,12,1,53,3,10,1,1,7,9,1,8,1,2,,23,,1,22,9,121.5073917,25.05286357
112,2,20,15,32,2,01大同區,大同區環河北路1段73號,0,0,1,2,C03,8,1,5,50,14,9,1,5,4,5,7,4,4,10,4,5,2,12,1,75,2,9,1,1,7,9,1,10,1,14,,44,,1,22,9,121.5073917,25.05286357
112,2,20,15,48,2,02萬華區,萬華區西園路2段與西藏路口,0,0,2,1,C03,8,1,5,50,4,4,1,5,4,5,7,2,1,3,4,5,2,13,2,41,2,7,1,1,7,9,1,10,1,11,,16,,1,22,9,121.4956456,25.028624
112,2,20,15,48,2,02萬華區,萬華區西園路2段與西藏路口,0,0,2,3,H02,8,1,5,50,4,4,1,5,4,5,7,2,1,3,4,5,2,13,2,2,2,7,1,5,7,20,8,20,10,16,,67,,1,22,9,121.4956456,25.028624
112,2,20,15,48,2,02萬華區,萬華區西園路2段與西藏路口,0,0,2,2,C03,8,1,5,50,4,4,1,5,4,5,7,2,1,3,4,5,2,13,2,65,3,10,1,1,7,15,3,18,1,13,,44,,1,22,9,121.4956456,25.028624
112,2,20,15,53,2,07信義區,信義區松仁路與松仁路95巷口,0,0,1,1,C03,8,1,5,50,3,2,1,5,4,5,7,4,4,1,4,5,2,12,1,28,2,9,1,1,7,6,1,10,1,12,,9,,1,22,9,121.5685097,25.0365566
112,2,20,15,53,2,07信義區,信義區松仁路與松仁路95巷口,0,0,1,2,C03,8,1,5,50,3,2,1,5,4,5,7,4,4,1,4,5,2,12,1,45,3,10,1,1,7,1,1,10,1,15,,19,,1,22,9,121.5685097,25.0365566
112,2,20,15,53,2,07信義區,信義區松仁路與松仁路95巷口,0,0,1,3,A05,8,1,5,50,3,2,1,5,4,5,7,4,4,1,4,5,2,12,1,55,3,10,1,1,7,13,1,2,11,15,,38,,1,22,9,121.5685097,25.0365566
112,2,20,16,14,2,04大安區,大安區仁愛路3段與建國南路1段口,0,0,3,1,B03,8,1,5,50,4,1,1,5,4,5,7,2,1,1,3,1,2,16,1,52,3,10,1,1,7,6,1,8,1,2,,9,,1,22,9,121.5380603,25.0382014
112,2,20,16,14,2,04大安區,大安區仁愛路3段與建國南路1段口,0,0,3,2,C03,8,1,5,50,4,1,1,5,4,5,7,2,1,1,3,1,2,16,1,35,2,9,1,1,7,9,1,10,1,11,,13,,1,22,9,121.5380603,25.0382014
112,2,20,16,14,2,04大安區,大安區仁愛路3段與建國南路1段口,0,0,3,3,C03,8,1,5,50,4,1,1,5,4,5,7,2,1,1,3,1,2,16,1,37,2,7,1,1,7,9,1,10,1,13,,44,,1,22,9,121.5380603,25.0382014
112,2,20,16,14,2,04大安區,大安區仁愛路3段與建國南路1段口,0,0,3,4,C03,8,1,5,50,4,1,1,5,4,5,7,2,1,1,3,1,2,16,1,31,2,9,1,1,7,9,1,10,1,11,,16,,1,22,9,121.5380603,25.0382014
112,2,20,16,18,2,10文山區,文山區羅斯福路6段與景福街口口,0,0,1,1,C03,8,1,5,50,4,1,1,5,4,5,7,2,1,1,4,5,2,12,4,0,4,11,3,4,7,15,7,19,11,15,,43,,2,22,9,121.5407609,24.9931689
112,2,20,16,18,2,10文山區,文山區羅斯福路6段與景福街口口,0,0,1,2,C03,8,1,5,50,4,1,1,5,4,5,7,2,1,1,4,5,2,12,1,27,2,8,1,1,7,15,1,10,2,12,,44,,1,22,9,121.5407609,24.9931689
112,2,20,16,22,2,09北投區,北投區行義路與泉源路口,0,0,1,1,C03,8,1,5,40,4,2,1,5,4,5,7,1,1,10,5,5,2,29,2,40,2,9,1,1,7,9,1,10,1,11,,23,,1,22,9,121.5269259,25.1436911
112,2,20,16,22,2,09北投區,北投區行義路與泉源路口,0,0,1,2,,8,1,5,40,4,2,1,5,4,5,7,1,1,10,5,5,2,29,3,0,,,,,,,,,,,,67,,1,,,121.5269259,25.1436911
112,2,20,16,36,2,04大安區,大安區基隆路2段291巷與樂業街72巷口,0,0,1,1,C03,7,1,5,30,4,1,1,5,4,5,7,4,4,10,5,5,2,17,2,35,2,8,1,4,7,5,1,10,1,11,,8,,1,22,9,121.5497608,25.0211417
112,2,20,16,36,2,04大安區,大安區基隆路2段291巷與樂業街72巷口,0,0,1,2,C03,7,1,5,30,4,1,1,5,4,5,7,4,4,10,5,5,2,17,1,36,3,10,1,4,7,9,1,10,1,11,,44,,1,22,9,121.5497608,25.0211417
112,2,20,16,49,2,08士林區,士林區中山北路5段570號,0,0,1,1,C03,7,1,5,50,14,9,1,5,4,5,7,4,4,4,3,5,1,13,2,34,2,8,1,1,7,9,1,10,1,11,,23,,1,22,9,121.528246,25.0949772
112,2,20,16,49,2,08士林區,士林區中山北路5段570號,0,0,1,2,B03,7,1,5,50,14,9,1,5,4,5,7,4,4,4,3,5,1,13,2,44,3,10,1,1,7,14,1,8,1,7,,38,,1,22,9,121.528246,25.0949772
112,2,20,17,13,2,03中山區,中山區林森北路與雙城街17巷口,0,0,1,1,B03,8,1,5,50,4,2,1,5,4,5,7,4,4,5,5,5,2,16,1,21,3,10,1,1,7,10,1,8,1,2,,7,,1,22,9,121.5256041,25.0643698
112,2,20,17,13,2,03中山區,中山區林森北路與雙城街17巷口,0,0,1,2,C03,8,1,5,50,4,2,1,5,4,5,7,4,4,5,5,5,2,16,2,42,2,9,1,1,7,9,1,10,1,11,,44,,1,22,9,121.5256041,25.0643698
112,2,20,17,22,2,02萬華區,萬華區大理街152號,0,0,1,1,C03,8,1,5,30,14,9,1,5,4,5,7,4,4,10,5,5,2,17,2,62,3,10,1,4,7,5,1,10,1,12,,8,,1,22,9,121.4951087,25.03391737
112,2,20,17,22,2,02萬華區,萬華區大理街152號,0,0,1,2,C03,8,1,5,30,14,9,1,5,4,5,7,4,4,10,5,5,2,17,1,67,2,9,1,4,7,9,1,10,1,11,,44,,1,22,9,121.4951087,25.03391737
112,2,20,17,30,2,03中山區,中山區明水路581巷12弄與明水路581巷口口,0,0,1,1,B02,7,1,5,50,4,1,1,5,4,5,7,1,1,9,4,5,2,16,1,41,3,10,3,4,7,5,1,8,1,4,,44,,1,22,9,121.5511904,25.07998927
112,2,20,17,30,2,03中山區,中山區明水路581巷12弄與明水路581巷口口,0,0,1,2,C03,7,1,5,50,4,1,1,5,4,5,7,1,1,9,4,5,2,16,1,27,2,8,1,4,7,4,1,10,1,12,,1,,1,22,9,121.5511904,25.07998927
112,2,20,17,30,2,03中山區,中山區松江路133巷與南京東路2段115巷口,0,0,2,1,C03,8,1,5,30,4,1,1,5,4,5,7,4,4,10,4,5,1,15,1,28,2,8,1,1,7,9,1,10,1,11,,6,,1,22,9,121.5336286,25.0543499
112,2,20,17,30,2,03中山區,中山區松江路133巷與南京東路2段115巷口,0,0,2,2,C03,8,1,5,30,4,1,1,5,4,5,7,4,4,10,4,5,1,15,2,33,2,8,1,1,7,9,1,10,1,12,,14,,1,22,9,121.5336286,25.0543499
112,2,20,17,35,2,09北投區,北投區中和街396號,0,0,1,1,C03,8,3,5,50,14,9,1,5,4,5,7,3,1,9,4,5,2,16,2,53,2,9,1,1,7,1,1,10,1,12,,43,,1,22,9,121.4982234,25.14329621
112,2,20,17,35,2,09北投區,北投區中和街396號,0,0,1,2,B03,8,3,5,50,14,9,1,5,4,5,7,3,1,9,4,5,2,16,2,35,3,10,1,1,7,9,1,8,1,4,,43,,1,22,9,121.4982234,25.14329621
112,2,20,17,40,2,10文山區,文山區木柵路2段138巷61號與興隆路4段107巷口,0,0,1,2,H01,7,3,5,30,3,2,1,5,4,5,7,4,4,5,5,5,2,9,1,8,2,8,4,5,8,18,8,20,10,16,,67,,1,22,9,121.5624291,24.9872172
112,2,20,17,40,2,10文山區,文山區木柵路2段138巷61號與興隆路4段107巷口,0,0,1,1,B03,7,3,5,30,3,2,1,5,4,5,7,4,4,5,5,5,2,9,1,63,3,10,1,1,7,9,1,8,2,1,,15,,1,22,9,121.5624291,24.9872172
112,2,20,17,43,2,11南港區,南港區南港路2段86巷與南港路2段口,0,0,1,2,C03,6,3,5,50,4,1,1,4,4,5,7,1,1,8,1,4,2,11,1,20,2,8,1,4,7,9,3,18,2,11,,23,,1,22,9,121.6032863,25.05375848
112,2,20,17,43,2,11南港區,南港區南港路2段86巷與南港路2段口,0,0,1,1,B03,6,3,5,50,4,1,1,4,4,5,7,1,1,8,1,4,2,11,1,25,3,10,3,4,7,5,1,8,2,1,,6,,1,22,9,121.6032863,25.05375848
112,2,20,17,54,2,07信義區,信義區忠孝東路5段與基隆路1段口,0,0,2,1,C03,8,3,5,50,4,1,1,5,4,5,7,2,1,9,4,5,2,12,1,34,2,8,1,1,7,8,1,10,1,13,,7,,1,22,9,121.5646349,25.0411294
112,2,20,17,54,2,07信義區,信義區忠孝東路5段與基隆路1段口,0,0,2,2,C03,8,3,5,50,4,1,1,5,4,5,7,2,1,9,4,5,2,12,1,41,2,9,1,1,7,9,1,10,1,11,,23,,1,22,9,121.5646349,25.0411294
112,2,20,17,57,2,02萬華區,萬華區成都路與雅江街口,0,0,2,1,C03,8,3,5,30,4,2,1,5,4,5,7,4,4,10,5,5,2,15,2,42,2,9,1,1,7,9,4,11,1,11,,6,,1,22,9,121.5015985,25.04398204
112,2,20,17,57,2,02萬華區,萬華區成都路與雅江街口,0,0,2,2,B12,8,3,5,30,4,2,1,5,4,5,7,4,4,10,5,5,2,15,1,61,3,10,1,1,7,9,1,8,1,4,,44,,1,22,9,121.5015985,25.04398204
112,2,20,17,57,2,02萬華區,萬華區成都路與雅江街口,0,0,2,3,H02,8,3,5,30,4,2,1,5,4,5,7,4,4,10,5,5,2,15,2,9,2,9,1,5,7,20,8,20,1,16,,67,,1,22,9,121.5015985,25.04398204
112,2,20,18,10,2,08士林區,士林區重陽橋與重陽橋口機車道往三重,0,0,1,1,C03,7,3,5,50,11,9,1,5,4,5,1,4,4,10,2,5,1,18,1,59,2,9,1,1,7,6,1,10,9,14,,23,,1,22,9,121.5058418,25.0859235
112,2,20,18,10,2,08士林區,士林區重陽橋與重陽橋口機車道往三重,0,0,1,2,,7,3,5,50,11,9,1,5,4,5,1,4,4,10,2,5,1,18,3,0,,,,,,,,,10,,,67,,1,,,121.5058418,25.0859235
112,2,20,18,14,2,11南港區,南港區研究院路2段150巷與研究院路2段150巷3弄口,0,0,2,3,H02,6,1,5,30,3,1,1,4,4,5,7,4,4,10,5,5,2,16,2,11,2,8,1,5,7,20,8,20,10,16,,67,,1,21,9,121.6170072,25.0376518
112,2,20,18,14,2,11南港區,南港區研究院路2段150巷與研究院路2段150巷3弄口,0,0,2,1,C03,6,1,5,30,3,1,1,4,4,5,7,4,4,10,5,5,2,16,1,36,3,10,1,1,7,5,1,10,2,11,,8,,1,21,8,121.6170072,25.0376518
112,2,20,18,14,2,11南港區,南港區研究院路2段150巷與研究院路2段150巷3弄口,0,0,2,2,C03,6,1,5,30,3,1,1,4,4,5,7,4,4,10,5,5,2,16,2,40,2,8,1,1,7,9,1,10,2,12,,44,,1,21,8,121.6170072,25.0376518
112,2,20,18,32,2,05中正區,中正區福和橋機車道(往新北市方向),0,0,1,3,C03,8,3,5,40,14,11,1,5,4,5,7,4,4,3,4,5,1,13,2,29,3,10,1,1,7,9,1,10,1,13,,44,,1,22,9,121.5333476,25.0094204
112,2,20,18,32,2,05中正區,中正區福和橋機車道(往新北市方向),0,0,1,1,C03,8,3,5,40,14,11,1,5,4,5,7,4,4,3,4,5,1,13,1,45,2,9,1,1,7,9,1,10,1,11,,16,,1,22,9,121.5333476,25.0094204
112,2,20,18,32,2,05中正區,中正區福和橋機車道(往新北市方向),0,0,1,2,C03,8,3,5,40,14,11,1,5,4,5,7,4,4,3,4,5,1,13,1,24,3,10,1,1,7,9,1,10,1,13,,16,,1,22,9,121.5333476,25.0094204
112,2,20,18,34,2,09北投區,北投區泉源路與新民路口口,0,0,1,1,B12,8,3,5,30,5,1,1,5,4,5,1,3,1,5,5,5,2,16,1,23,3,10,1,1,7,5,1,8,2,4,,6,,1,22,9,121.5050216,25.138478
112,2,20,18,34,2,09北投區,北投區泉源路與新民路口口,0,0,1,2,C03,8,3,5,30,5,1,1,5,4,5,1,3,1,5,5,5,2,16,2,40,2,9,1,1,7,9,1,10,2,14,,44,,1,22,9,121.5050216,25.138478
112,2,20,18,37,2,03中山區,中山區北安路與北安路608巷口,0,0,1,2,C03,8,3,5,50,4,1,1,5,4,5,7,2,1,1,4,5,2,16,1,48,2,9,1,1,7,9,1,9,2,11,,44,,1,22,9,121.5488389,25.0820773
112,2,20,18,37,2,03中山區,中山區北安路與北安路608巷口,0,0,1,1,B03,8,3,5,50,4,1,1,5,4,5,7,2,1,1,4,5,2,16,1,61,3,10,1,1,7,5,1,8,2,2,,8,,1,22,9,121.5488389,25.0820773
112,2,20,18,41,2,09北投區,北投區大業路與大度路1段口,0,0,2,2,C03,8,3,5,50,5,1,1,5,4,5,7,2,1,5,4,4,2,16,1,18,2,9,1,1,7,9,1,10,2,12,,44,,1,22,9,121.4997409,25.1211965
112,2,20,18,41,2,09北投區,北投區大業路與大度路1段口,0,0,2,1,C03,8,3,5,50,5,1,1,5,4,5,7,2,1,5,4,4,2,16,1,30,2,5,1,1,7,6,1,10,2,11,,9,,1,22,9,121.4997409,25.1211965
112,2,20,18,43,2,09北投區,北投區承德路6段與福國路口,0,0,1,2,C03,8,3,5,60,4,2,1,5,4,5,7,2,1,1,4,4,1,13,2,28,2,9,1,1,7,14,1,10,1,13,,44,,1,22,9,121.5121796,25.10183714
112,2,20,18,43,2,09北投區,北投區承德路6段與福國路口,0,0,1,1,C03,8,3,5,60,4,2,1,5,4,5,7,2,1,1,4,4,1,13,1,41,3,10,1,1,7,9,1,9,1,11,,23,,1,22,9,121.5121796,25.10183714
112,2,20,18,50,2,05中正區,中正區中山南路20號前,0,0,3,3,C03,8,3,5,50,14,9,1,5,4,5,7,4,4,1,4,5,2,12,2,19,3,10,1,1,7,7,1,10,2,12,,17,,1,18,5,121.5171891,25.0377884
112,2,20,18,50,2,05中正區,中正區中山南路20號前,0,0,3,1,C03,8,3,5,50,14,9,1,5,4,5,7,4,4,1,4,5,2,12,1,20,2,9,1,1,7,9,1,10,2,12,,17,,1,18,2,121.5171891,25.0377884
112,2,20,18,50,2,05中正區,中正區中山南路20號前,0,0,3,2,C03,8,3,5,50,14,9,1,5,4,5,7,4,4,1,4,5,2,12,1,29,2,8,1,1,7,7,1,10,2,14,,17,,1,4,1,121.5171891,25.0377884
112,2,20,18,50,2,05中正區,中正區中山南路20號前,0,0,3,4,C03,8,3,5,50,14,9,1,5,4,5,7,4,4,1,4,5,2,12,1,29,2,8,1,4,7,9,1,10,2,11,,17,,1,18,1,121.5171891,25.0377884
112,2,20,18,50,2,12內湖區,內湖區成功路2段378號,0,0,1,1,C03,8,3,5,50,14,9,1,5,4,5,7,4,4,3,4,5,2,17,2,37,2,9,1,1,7,9,1,10,1,11,,16,,1,22,9,121.5905531,25.06952731
112,2,20,18,50,2,12內湖區,內湖區成功路2段378號,0,0,1,2,B03,8,3,5,50,14,9,1,5,4,5,7,4,4,3,4,5,2,17,1,47,3,10,1,1,7,14,3,18,1,7,,42,,1,22,9,121.5905531,25.06952731
112,2,20,18,50,2,12內湖區,內湖區成功路2段378號,0,0,1,3,B03,8,3,5,50,14,9,1,5,4,5,7,4,4,3,4,5,2,17,2,47,3,10,1,1,7,14,1,8,1,1,,44,,1,22,9,121.5905531,25.06952731
112,2,20,19,13,2,10文山區,文山區木柵路4段與木柵路4段111巷口,0,0,3,1,B03,8,3,5,50,14,9,1,5,4,5,7,4,4,5,2,5,2,13,1,60,3,10,1,1,7,9,1,8,2,1,,23,,1,22,9,121.5733224,24.99704385
112,2,20,19,13,2,10文山區,文山區木柵路4段與木柵路4段111巷口,0,0,3,2,C03,8,3,5,50,14,9,1,5,4,5,7,4,4,5,2,5,2,13,2,38,2,9,1,1,7,9,1,10,2,13,12,42,,1,22,9,121.5733224,24.99704385
112,2,20,19,13,2,10文山區,文山區木柵路4段與木柵路4段111巷口,0,0,3,3,B03,8,3,5,50,14,9,1,5,4,5,7,4,4,5,2,5,2,13,1,37,3,10,1,1,7,9,1,8,2,5,,44,,1,22,9,121.5733224,24.99704385
112,2,20,19,13,2,10文山區,文山區木柵路4段與木柵路4段111巷口,0,0,3,4,H02,8,3,5,50,14,9,1,5,4,5,7,4,4,5,2,5,2,13,2,8,2,7,1,5,7,20,8,20,10,16,,67,,1,22,9,121.5733224,24.99704385
112,2,20,19,13,2,10文山區,文山區木柵路4段與木柵路4段111巷口,0,0,3,5,H02,8,3,5,50,14,9,1,5,4,5,7,4,4,5,2,5,2,13,1,2,2,1,1,5,7,20,8,20,10,16,,67,,1,22,9,121.5733224,24.99704385
112,2,20,19,19,2,07信義區,信義區松隆路與松信路口,0,0,1,1,B01,8,3,5,50,4,1,1,5,4,5,7,2,1,1,4,5,2,17,1,70,3,10,1,1,7,5,1,4,11,15,,8,,1,21,8,121.5722193,25.0469856
112,2,20,19,19,2,07信義區,信義區松隆路與松信路口,0,0,1,2,C03,8,3,5,50,4,1,1,5,4,5,7,2,1,1,4,5,2,17,2,23,2,9,1,1,7,9,1,10,1,12,,14,,1,21,8,121.5722193,25.0469856
112,2,20,19,20,2,04大安區,大安區和平東路1段與金山南路2段口,0,0,1,1,B01,8,1,5,50,15,18,1,5,4,5,7,2,1,1,4,5,2,3,1,60,3,10,1,4,7,6,1,4,1,15,,15,,1,22,9,121.5257873,25.0269157
112,2,20,19,20,2,04大安區,大安區和平東路1段與金山南路2段口,0,0,1,2,H01,8,1,5,50,15,18,1,5,4,5,7,2,1,1,4,5,2,3,2,70,2,9,4,5,8,16,8,20,10,16,,67,,1,22,9,121.5257873,25.0269157
112,2,20,19,22,2,04大安區,大安區和平東路3段228巷9號前,0,0,3,3,H01,7,3,5,50,14,9,1,5,4,5,7,4,4,8,3,5,1,3,2,55,2,1,4,1,8,16,8,20,1,16,,51,,1,20,7,121.5543179,25.0219395
112,2,20,19,22,2,04大安區,大安區和平東路3段228巷9號前,0,0,3,2,H01,7,3,5,50,14,9,1,5,4,5,7,4,4,8,3,5,1,3,1,55,2,9,4,1,8,16,8,20,1,16,,51,,1,20,7,121.5543179,25.0219395
112,2,20,19,22,2,04大安區,大安區和平東路3段228巷9號前,0,0,3,1,C03,7,3,5,50,14,9,1,5,4,5,7,4,4,8,3,5,1,3,1,41,2,9,1,1,7,9,1,10,1,11,,23,,1,5,3,121.5543179,25.0219395