發生年度,發生月,發生日,發生時-Hours,發生分,處理別-編號,區序,肇事地點,死亡人數,2-30日死亡人數,受傷人數,當事人序號,車種,天候,光線,道路類別,速限-速度限制,道路型態,事故位置,路面狀況1,路面狀況2,路面狀況3,道路障礙1,道路障礙2,號誌1,號誌2,車道劃分-分向,車道劃分-分道1,車道劃分-分道2,車道劃分-分道3,事故類型及型態,性別,年齡,受傷程度,主要傷處,保護裝置,行動電話,車輛用途,當事者行動狀態,駕駛資格情形,駕駛執照種類,飲酒情形,車輛撞擊部位1,車輛撞擊部位2,肇因碼-個別,肇因碼-主要,個人肇逃否,職業,旅次目的,座標-X,座標-Y
112,2,21,22,0,2,10文山區,文山區木柵路1段233號,0,0,2,1,C03,6,3,5,50,4,1,1,4,4,5,7,2,1,1,4,5,2,12,2,54,2,7,1,4,7,5,1,10,2,14,,42,,1,22,9,121.5523383,24.98781374
112,2,21,22,0,2,10文山區,文山區木柵路1段233號,0,0,2,3,H02,6,3,5,50,4,1,1,4,4,5,7,2,1,1,4,5,2,12,2,15,2,9,1,5,7,20,8,20,10,16,,67,,1,22,9,121.5523383,24.98781374
112,2,21,22,0,2,10文山區,文山區木柵路1段233號,0,0,2,2,B01,6,3,5,50,4,1,1,4,4,5,7,2,1,1,4,5,2,12,1,51,3,10,3,4,7,9,1,4,2,5,,42,,1,22,9,121.5523383,24.98781374
112,2,21,22,4,2,06松山區,松山區健康路325巷2號,0,0,1,2,F01,6,3,5,30,14,9,1,4,4,5,7,4,4,4,5,5,2,12,2,15,2,9,3,1,7,9,8,20,1,16,,23,,1,22,9,121.5672698,25.05464382
112,2,21,22,4,2,06松山區,松山區健康路325巷2號,0,0,1,1,F01,6,3,5,30,14,9,1,4,4,5,7,4,4,4,5,5,2,12,1,55,4,11,3,1,7,8,8,20,9,16,,7,,2,22,9,121.5672698,25.05464382
112,2,21,22,35,2,09北投區,北投區公館路與北投路1段口,0,0,2,1,B03,8,3,5,50,4,1,1,5,4,5,7,1,1,9,4,5,2,21,1,27,2,8,3,4,7,9,1,8,1,1,,23,,1,22,9,121.5062101,25.1243779
112,2,21,22,35,2,09北投區,北投區公館路與北投路1段口,0,0,2,2,,8,3,5,50,4,1,1,5,4,5,7,1,1,9,4,5,2,21,3,0,,,,,,,,,,,,67,,1,,,121.5062101,25.1243779
112,2,21,22,35,2,09北投區,北投區公館路與北投路1段口,0,0,2,3,H02,8,3,5,50,4,1,1,5,4,5,7,1,1,9,4,5,2,21,2,24,2,5,4,5,7,20,8,20,10,16,,67,,1,22,9,121.5062101,25.1243779
112,2,22,0,4,2,04大安區,大安區辛亥路2段與建國南路2段口,0,0,1,2,C04,6,1,5,50,3,1,1,4,4,5,7,1,1,9,4,5,1,11,1,46,2,9,1,1,7,9,1,10,2,11,,44,,1,22,9,121.5375213,25.0227752
112,2,22,0,4,2,04大安區,大安區辛亥路2段與建國南路2段口,0,0,1,1,B03,6,1,5,50,3,1,1,4,4,5,7,1,1,9,4,5,1,11,1,34,3,10,1,1,7,5,1,8,2,2,,25,,1,22,9,121.5375213,25.0227752
112,2,22,1,25,2,02萬華區,萬華區堤外便道市民桂林,0,0,2,3,C03,8,3,5,40,14,11,1,5,4,5,7,4,4,8,3,5,1,17,1,64,2,7,3,4,7,15,3,18,1,15,,50,,1,22,9,121.5035499,25.04698263
112,2,22,1,25,2,02萬華區,萬華區堤外便道市民桂林,0,0,2,2,C03,8,3,5,40,14,11,1,5,4,5,7,4,4,8,3,5,1,17,1,59,2,9,3,4,7,9,1,10,1,11,,23,,1,22,9,121.5035499,25.04698263
112,2,22,1,25,2,02萬華區,萬華區堤外便道市民桂林,0,0,2,1,F01,8,3,5,40,14,11,1,5,4,5,7,4,4,8,3,5,1,17,1,64,3,10,3,4,7,15,8,20,11,15,,33,,1,22,9,121.5035499,25.04698263
112,2,22,2,11,2,07信義區,信義區林口街與林口街114巷口,0,0,1,2,C03,6,3,5,30,4,1,1,4,4,5,7,3,1,9,4,5,2,15,2,40,2,9,1,1,7,9,1,10,1,11,,44,,1,22,9,121.5802319,25.0399462
112,2,22,2,11,2,07信義區,信義區林口街與林口街114巷口,0,0,1,1,B03,6,3,5,30,4,1,1,4,4,5,7,3,1,9,4,5,2,15,1,21,3,10,1,1,7,9,1,8,1,4,,6,,1,22,9,121.5802319,25.0399462
112,2,22,6,0,2,03中山區,中山區中山北路1段與南京東路1段口,0,0,2,2,C03,6,2,5,50,4,1,1,4,4,1,7,2,1,1,4,5,2,17,1,49,2,8,1,4,7,9,1,10,1,13,,44,,1,22,9,121.5226176,25.05218045
112,2,22,6,0,2,03中山區,中山區中山北路1段與南京東路1段口,0,0,2,3,H03,6,2,5,50,4,1,1,4,4,1,7,2,1,1,4,5,2,17,1,47,3,10,4,5,8,20,8,20,10,16,,67,,1,22,9,121.5226176,25.05218045
112,2,22,6,0,2,03中山區,中山區中山北路1段與南京東路1段口,0,0,2,1,C03,6,2,5,50,4,1,1,4,4,1,7,2,1,1,4,5,2,17,1,22,2,7,1,4,7,9,1,10,1,15,,23,,1,22,9,121.5226176,25.05218045
112,2,22,6,0,2,03中山區,中山區中山北路1段與南京東路1段口,0,0,2,4,H03,6,2,5,50,4,1,1,4,4,1,7,2,1,1,4,5,2,17,1,40,3,10,4,5,8,20,8,20,10,16,,60,,1,22,9,121.5226176,25.05218045
112,2,22,6,17,2,08士林區,士林區中山北路4段與通河街口,0,0,2,1,C03,6,1,5,50,3,1,1,4,4,5,7,1,1,1,5,5,2,3,2,68,2,8,1,1,7,9,3,18,2,11,,23,,1,22,9,121.5244426,25.07988025
112,2,22,6,17,2,08士林區,士林區中山北路4段與通河街口,0,0,2,2,H01,6,1,5,50,3,1,1,4,4,5,7,1,1,1,5,5,2,3,2,83,2,8,4,5,8,16,8,20,10,16,,67,,1,22,9,121.5244426,25.07988025
112,2,22,6,46,2,08士林區,士林區中山北路5段與中正路口,0,0,2,1,C03,8,1,5,50,5,2,1,5,4,5,7,1,1,1,4,5,2,17,1,28,2,9,1,1,7,9,1,10,2,14,,13,,1,22,9,121.5280586,25.09574744
112,2,22,6,46,2,08士林區,士林區中山北路5段與中正路口,0,0,2,2,B01,8,1,5,50,5,2,1,5,4,5,7,1,1,1,4,5,2,17,1,38,3,10,1,1,7,6,1,4,2,15,,44,,1,22,9,121.5280586,25.09574744
112,2,22,6,46,2,08士林區,士林區中山北路5段與中正路口,0,0,2,3,H02,8,1,5,50,5,2,1,5,4,5,7,1,1,1,4,5,2,17,2,31,2,9,1,5,7,20,8,20,10,16,,67,,1,22,9,121.5280586,25.09574744
112,2,22,6,50,2,05中正區,中正區公園路與愛國西路口,0,0,2,1,F01,6,2,5,50,4,1,1,4,4,5,7,1,1,1,4,5,2,15,1,14,2,9,1,1,7,9,8,20,2,16,,25,,1,22,9,121.515297,25.0351899
112,2,22,6,50,2,05中正區,中正區公園路與愛國西路口,0,0,2,2,C03,6,2,5,50,4,1,1,4,4,5,7,1,1,1,4,5,2,15,1,28,2,9,1,1,7,9,1,10,2,11,,44,,1,22,9,121.515297,25.0351899
112,2,22,6,59,2,10文山區,文山區木柵路4段35號對面,0,0,1,1,C03,6,1,5,50,14,9,1,4,4,5,7,1,1,4,4,5,2,18,1,27,2,9,1,1,7,9,1,10,1,12,,43,,1,22,9,121.5716066,24.9939993
112,2,22,6,59,2,10文山區,文山區木柵路4段35號對面,0,0,1,2,,6,1,5,50,14,9,1,4,4,5,7,1,1,4,4,5,2,18,3,0,,,,,,,,,,,,67,,1,,,121.5716066,24.9939993
112,2,22,7,0,2,02萬華區,萬華區康定路與內江街口,0,0,1,1,B03,6,1,5,50,4,1,1,4,4,5,7,1,1,4,5,5,2,11,1,62,3,10,1,1,7,5,1,8,1,6,,8,,1,22,9,121.502281,25.0416993
112,2,22,7,0,2,02萬華區,萬華區康定路與內江街口,0,0,1,2,C03,6,1,5,50,4,1,1,4,4,5,7,1,1,4,5,5,2,11,1,20,2,8,1,1,7,9,1,10,1,12,,44,,1,22,9,121.502281,25.0416993
112,2,22,7,10,2,11南港區,南港區重陽路263巷與重陽路口,0,0,2,1,C03,6,1,5,40,4,1,1,4,4,5,7,4,4,4,4,4,2,9,2,27,2,8,1,1,7,9,1,10,1,11,,43,,1,22,9,121.6033128,25.0577311
112,2,22,7,10,2,11南港區,南港區重陽路263巷與重陽路口,0,0,2,2,H01,6,1,5,40,4,1,1,4,4,5,7,4,4,4,4,4,2,9,2,15,2,9,4,5,8,18,8,20,1,16,,67,,1,22,9,121.6033128,25.0577311
112,2,22,7,15,2,02萬華區,萬華區環河南路1段23-4號,0,0,1,1,B03,7,1,5,50,14,9,1,5,4,5,7,4,4,9,4,5,2,13,1,65,3,10,1,1,7,9,1,8,9,7,,44,,1,22,9,121.4970294,25.0262857
112,2,22,7,15,2,02萬華區,萬華區環河南路1段23-4號,0,0,1,3,B01,7,1,5,50,14,9,1,5,4,5,7,4,4,9,4,5,2,13,1,65,3,10,1,1,7,7,1,4,2,6,,44,,1,22,9,121.4970294,25.0262857
112,2,22,7,15,2,02萬華區,萬華區環河南路1段23-4號,0,0,1,2,C03,7,1,5,50,14,9,1,5,4,5,7,4,4,9,4,5,2,13,1,23,2,9,1,1,7,9,1,10,2,14,,23,,1,22,9,121.4970294,25.0262857
112,2,22,7,19,2,04大安區,大安區延吉街與光復南路346巷口,0,0,1,1,B03,6,1,5,30,4,1,1,4,4,5,7,4,4,5,4,5,2,17,2,49,3,10,1,1,7,9,1,8,2,1,,6,,1,22,9,121.5553547,25.0384385
112,2,22,7,19,2,04大安區,大安區延吉街與光復南路346巷口,0,0,1,2,C03,6,1,5,30,4,1,1,4,4,5,7,4,4,5,4,5,2,17,1,25,2,9,1,1,7,9,1,10,2,14,,23,,1,22,9,121.5553547,25.0384385
112,2,22,7,26,2,01大同區,大同區承德路3段249號,0,0,4,4,C03,6,1,5,50,14,9,1,4,4,5,7,2,1,1,1,5,2,17,1,54,2,9,1,1,7,9,1,10,1,11,,13,,1,22,9,121.5186333,25.0714394
112,2,22,7,26,2,01大同區,大同區承德路3段249號,0,0,4,5,H02,6,1,5,50,14,9,1,4,4,5,7,2,1,1,1,5,2,17,2,68,2,9,1,5,7,21,8,20,10,16,,67,,1,22,9,121.5186333,25.0714394
112,2,22,7,26,2,01大同區,大同區承德路3段249號,0,0,4,2,B03,6,1,5,50,14,9,1,4,4,5,7,2,1,1,1,5,2,17,1,50,4,11,3,4,7,15,7,19,11,15,,43,,2,22,9,121.5186333,25.0714394
112,2,22,7,26,2,01大同區,大同區承德路3段249號,0,0,4,1,C03,6,1,5,50,14,9,1,4,4,5,7,2,1,1,1,5,2,17,1,55,2,7,1,1,7,9,1,10,1,11,,16,,1,22,9,121.5186333,25.0714394
112,2,22,7,26,2,01大同區,大同區承德路3段249號,0,0,4,3,C03,6,1,5,50,14,9,1,4,4,5,7,2,1,1,1,5,2,17,1,30,2,9,1,1,7,9,1,10,1,15,,44,,1,22,9,121.5186333,25.0714394
112,2,22,7,31,2,10文山區,文山區景興路與景華街口,0,0,1,2,B03,6,1,5,50,4,1,1,4,4,5,7,2,1,1,4,5,2,16,1,50,3,10,1,1,7,9,1,8,2,1,,14,,1,22,9,121.5447243,24.9951488
112,2,22,7,31,2,10文山區,文山區景興路與景華街口,0,0,1,1,C03,6,1,5,50,4,1,1,4,4,5,7,2,1,1,4,5,2,16,1,28,2,9,1,1,7,5,1,10,2,12,,6,,1,22,9,121.5447243,24.9951488
112,2,22,7,42,2,09北投區,北投區大同街與豐年路1段口,0,0,1,1,C03,8,1,5,30,5,1,1,5,4,5,7,3,1,10,5,5,2,17,1,30,2,8,1,1,7,5,1,10,1,11,,16,,1,22,9,121.4984341,25.13390824
112,2,22,7,42,2,09北投區,北投區大同街與豐年路1段口,0,0,1,2,C03,8,1,5,30,5,1,1,5,4,5,7,3,1,10,5,5,2,17,2,44,3,10,1,1,7,9,1,10,1,13,,44,,1,22,9,121.4984341,25.13390824
112,2,22,7,43,2,03中山區,中山區民權西路70號,0,0,1,1,C03,7,1,5,50,14,9,1,5,4,5,7,2,1,1,4,5,2,13,1,23,3,10,1,1,7,9,1,9,1,11,,16,,1,22,9,121.5195173,25.0627863
112,2,22,7,43,2,03中山區,中山區民權西路70號,0,0,1,3,C03,7,1,5,50,14,9,1,5,4,5,7,2,1,1,4,5,2,13,2,44,2,8,1,1,7,9,1,10,1,11,,44,,1,22,9,121.5195173,25.0627863
112,2,22,7,43,2,03中山區,中山區民權西路70號,0,0,1,2,B03,7,1,5,50,14,9,1,5,4,5,7,2,1,1,4,5,2,13,1,38,3,10,3,4,7,9,1,8,1,7,,44,,1,22,9,121.5195173,25.0627863
112,2,22,7,50,2,08士林區,士林區福港街199巷與無名巷口,0,0,2,2,C03,8,1,5,50,3,2,1,5,4,5,7,4,4,9,4,5,2,17,2,40,2,9,1,1,7,9,1,10,2,11,,32,,1,22,9,121.5188631,25.08690491
112,2,22,7,50,2,08士林區,士林區福港街199巷與無名巷口,0,0,2,3,H02,8,1,5,50,3,2,1,5,4,5,7,4,4,9,4,5,2,17,1,5,2,9,1,5,7,20,8,20,10,16,,67,,1,22,9,121.5188631,25.08690491
112,2,22,7,50,2,08士林區,士林區福港街199巷與無名巷口,0,0,2,1,B03,8,1,5,50,3,2,1,5,4,5,7,4,4,9,4,5,2,17,1,45,3,10,1,1,7,5,1,8,2,2,,8,,1,22,9,121.5188631,25.08690491
112,2,22,7,57,2,05中正區,中正區金山南路1段53巷與臨沂街口,0,0,1,2,B01,7,1,5,30,4,1,1,4,4,5,7,4,4,10,5,5,2,15,1,52,3,10,1,1,7,9,1,4,2,1,,14,,1,22,9,121.529443,25.03897475
112,2,22,7,57,2,05中正區,中正區金山南路1段53巷與臨沂街口,0,0,1,1,C03,7,1,5,30,4,1,1,4,4,5,7,4,4,10,5,5,2,15,2,50,2,9,1,1,7,9,1,10,2,12,,6,,1,22,9,121.529443,25.03897475
112,2,22,8,6,2,12內湖區,內湖區康寧路3段與康寧路3段180巷口,0,0,1,2,C03,6,1,5,40,3,1,1,4,4,5,7,1,1,1,4,4,2,12,1,35,2,9,1,1,7,9,1,10,1,13,,44,,1,22,9,121.6120039,25.06903973
112,2,22,8,6,2,12內湖區,內湖區康寧路3段與康寧路3段180巷口,0,0,1,1,B03,6,1,5,40,3,1,1,4,4,5,7,1,1,1,4,4,2,12,1,58,3,10,1,1,7,6,1,8,1,8,,6,,1,22,9,121.6120039,25.06903973
112,2,22,8,11,2,01大同區,大同區重慶北路2段與民權西路口,0,0,1,1,C03,7,1,5,50,4,1,1,4,4,5,7,1,1,1,4,5,2,16,2,19,2,8,1,1,7,7,1,10,2,14,,17,,1,22,9,121.5136746,25.0628944
112,2,22,8,11,2,01大同區,大同區重慶北路2段與民權西路口,0,0,1,2,C03,7,1,5,50,4,1,1,4,4,5,7,1,1,1,4,5,2,16,1,25,3,10,1,1,7,9,1,10,2,12,,17,,1,22,9,121.5136746,25.0628944
112,2,22,8,20,2,10文山區,文山區新光路1段與新光路1段66巷口,0,0,1,1,B12,8,1,5,30,3,1,1,4,4,5,7,4,4,8,5,5,2,16,1,45,3,10,1,1,7,11,1,8,2,1,,10,,1,22,9,121.5736958,24.9904534
112,2,22,8,20,2,10文山區,文山區新光路1段與新光路1段66巷口,0,0,1,2,C03,8,1,5,30,3,1,1,4,4,5,7,4,4,8,5,5,2,16,2,29,2,8,1,1,7,9,1,10,2,12,,14,,1,22,9,121.5736958,24.9904534
112,2,22,8,21,2,12內湖區,內湖區瑞光路295號,0,0,1,3,B03,6,1,5,50,14,9,1,4,4,5,7,2,1,9,4,5,2,18,1,44,3,10,3,4,7,9,1,8,11,15,,44,,1,22,9,121.5761184,25.07569024
112,2,22,8,21,2,12內湖區,內湖區瑞光路295號,0,0,1,2,,6,1,5,50,14,9,1,4,4,5,7,2,1,9,4,5,2,18,3,0,,,,,,,,,,,,67,,1,,,121.5761184,25.07569024
112,2,22,8,21,2,12內湖區,內湖區瑞光路295號,0,0,1,1,C03,6,1,5,50,14,9,1,4,4,5,7,2,1,9,4,5,2,18,1,71,2,7,1,1,7,9,1,10,1,12,,42,,1,22,9,121.5761184,25.07569024
112,2,22,8,24,2,08士林區,士林區中山北路6段與忠誠路1段口,0,0,1,2,B03,8,1,5,50,5,1,1,5,4,5,7,2,1,1,5,5,1,17,2,63,3,10,1,1,7,5,1,8,1,8,,23,,1,22,9,121.5250769,25.1034419
112,2,22,8,24,2,08士林區,士林區中山北路6段與忠誠路1段口,0,0,1,1,C03,8,1,5,50,5,1,1,5,4,5,7,2,1,1,5,5,1,17,2,42,2,9,1,1,7,14,1,10,1,11,,23,,1,22,9,121.5250769,25.1034419
112,2,22,8,25,2,06松山區,松山區南京東路5段225號,0,0,1,1,C03,6,1,5,50,14,9,1,4,4,5,7,2,1,1,4,5,1,11,1,57,3,10,1,1,7,8,1,10,1,13,,7,,1,22,9,121.5644472,25.05145852
112,2,22,8,25,2,06松山區,松山區南京東路5段225號,0,0,1,2,C03,6,1,5,50,14,9,1,4,4,5,7,2,1,1,4,5,1,11,1,25,2,9,1,1,7,9,1,10,1,11,,44,,1,22,9,121.5644472,25.05145852
112,2,22,8,26,2,04大安區,大安區復興南路2段與復興南路2段308巷口,0,0,2,1,C04,6,1,5,50,3,2,1,4,4,5,7,2,1,1,3,4,1,13,2,37,2,8,1,4,7,9,1,10,1,11,,23,,1,22,9,121.5433363,25.0237731
112,2,22,8,26,2,04大安區,大安區復興南路2段與復興南路2段308巷口,0,0,2,2,C03,6,1,5,50,3,2,1,4,4,5,7,2,1,1,3,4,1,13,1,24,2,7,1,4,7,12,1,10,1,13,,44,,1,22,9,121.5433363,25.0237731
112,2,22,8,28,2,06松山區,松山區民權東路3段與復興北路口,0,0,1,2,C03,6,1,5,50,4,2,1,4,4,5,7,1,1,5,4,5,2,13,2,37,2,9,1,1,7,9,1,10,2,14,,44,,1,22,9,121.544509,25.062201
112,2,22,8,28,2,06松山區,松山區民權東路3段與復興北路口,0,0,1,1,B01,6,1,5,50,4,2,1,4,4,5,7,1,1,5,4,5,2,13,1,60,3,10,1,1,7,9,1,4,2,2,,23,,1,22,9,121.544509,25.062201
112,2,22,8,35,2,12內湖區,內湖區潭美街與新明路475巷口,0,0,1,2,C03,6,1,5,40,3,2,1,4,4,5,7,4,4,4,4,5,1,17,1,31,4,11,3,4,7,15,7,19,11,15,,6,,2,22,9,121.580179,25.05374038
112,2,22,8,35,2,12內湖區,內湖區潭美街與新明路475巷口,0,0,1,1,C03,6,1,5,40,3,2,1,4,4,5,7,4,4,4,4,5,1,17,2,30,2,9,3,4,7,9,1,10,1,14,,13,,1,22,9,121.580179,25.05374038
112,2,22,8,55,2,03中山區,中山區南京東路2段115巷與松江路133巷口,0,0,1,2,B01,7,1,5,30,4,1,1,4,4,5,7,4,4,10,5,5,2,15,1,69,3,10,3,4,7,9,1,4,1,1,,23,,1,22,9,121.5336373,25.0543531
112,2,22,8,55,2,03中山區,中山區南京東路2段115巷與松江路133巷口,0,0,1,3,,7,1,5,30,4,1,1,4,4,5,7,4,4,10,5,5,2,15,3,0,,,,,,,,,11,,,60,,,,,121.5336373,25.0543531
112,2,22,8,55,2,03中山區,中山區南京東路2段115巷與松江路133巷口,0,0,1,1,C03,7,1,5,30,4,1,1,4,4,5,7,4,4,10,5,5,2,15,2,35,2,9,1,4,7,9,1,9,1,14,,6,,1,22,9,121.5336373,25.0543531
112,2,22,8,58,2,04大安區,大安區市民大道3段與復興南路1段口,0,0,2,2,C03,7,1,5,40,4,2,1,4,4,5,7,2,1,1,4,5,2,17,1,62,2,9,1,1,7,14,1,10,2,13,,44,,1,22,9,121.5435727,25.04482248
112,2,22,8,58,2,04大安區,大安區市民大道3段與復興南路1段口,0,0,2,1,C03,7,1,5,40,4,2,1,4,4,5,7,2,1,1,4,5,2,17,1,32,2,9,1,1,7,9,1,10,2,11,,16,,1,22,9,121.5435727,25.04482248
112,2,22,9,3,2,08士林區,士林區中正路與文昌路口,0,0,1,1,C03,8,1,5,50,3,1,1,5,4,5,7,2,1,1,4,5,1,17,1,37,3,10,1,1,7,9,1,10,2,12,,25,,1,22,9,121.5219097,25.09435581
112,2,22,9,3,2,08士林區,士林區中正路與文昌路口,0,0,1,2,C03,8,1,5,50,3,1,1,5,4,5,7,2,1,1,4,5,1,17,2,47,2,9,1,1,7,1,1,10,2,14,,44,,1,22,9,121.5219097,25.09435581
112,2,22,9,4,2,03中山區,中山區新生北路2段與民權東路2段口,0,0,1,1,B12,7,1,5,50,4,1,1,5,4,5,7,1,1,5,4,5,2,13,1,58,3,10,1,1,7,9,1,8,1,5,,23,,1,22,9,121.5279344,25.06249774
112,2,22,9,4,2,03中山區,中山區新生北路2段與民權東路2段口,0,0,1,2,C03,7,1,5,50,4,1,1,5,4,5,7,1,1,5,4,5,2,13,2,24,2,9,1,1,7,14,1,10,1,13,,44,,1,22,9,121.5279344,25.06249774
112,2,22,9,7,2,06松山區,松山區吉祥路與光復北路11巷口,0,0,1,2,H01,6,1,5,50,4,1,1,4,4,5,7,2,1,9,4,5,2,2,2,79,2,7,4,1,8,16,8,20,10,16,,67,,1,22,9,121.5625601,25.05036612
112,2,22,9,7,2,06松山區,松山區吉祥路與光復北路11巷口,0,0,1,1,B01,6,1,5,50,4,1,1,4,4,5,7,2,1,9,4,5,2,2,1,64,3,10,1,1,7,5,1,4,2,8,,15,,1,22,9,121.5625601,25.05036612
112,2,22,9,10,2,10文山區,文山區興隆路1段與興隆路1段251巷口,0,0,1,2,C03,8,1,5,50,3,1,1,5,4,5,7,2,1,1,4,5,2,16,1,18,3,10,1,1,7,9,1,10,1,11,,44,,1,22,9,121.5439692,24.9994833
112,2,22,9,10,2,10文山區,文山區興隆路1段與興隆路1段251巷口,0,0,1,1,C03,8,1,5,50,3,1,1,5,4,5,7,2,1,1,4,5,2,16,1,78,2,9,1,1,7,5,1,10,1,13,,8,,1,22,9,121.5439692,24.9994833
112,2,22,9,13,2,10文山區,文山區木新路3段320號前,0,0,1,2,A02,6,1,5,50,14,9,1,4,4,5,7,4,4,8,3,5,2,12,1,41,3,10,1,1,7,14,1,2,2,15,,38,,1,22,9,121.5557023,24.9804902
112,2,22,9,13,2,10文山區,文山區木新路3段320號前,0,0,1,3,H02,6,1,5,50,14,9,1,4,4,5,7,4,4,8,3,5,2,12,2,44,2,8,4,5,7,19,8,20,10,16,,67,,1,22,9,121.5557023,24.9804902
112,2,22,9,13,2,10文山區,文山區木新路3段320號前,0,0,1,1,C03,6,1,5,50,14,9,1,4,4,5,7,4,4,8,3,5,2,12,1,23,3,10,1,1,7,9,1,10,2,11,,23,,1,22,9,121.5557023,24.9804902
112,2,22,9,53,2,07信義區,信義區永吉路與永吉路127巷11弄口,0,0,1,1,C03,8,1,5,30,4,1,1,4,4,5,7,4,4,10,5,5,2,15,2,24,2,9,3,4,7,9,1,10,1,11,,6,,1,22,9,121.5703697,25.0462194
112,2,22,9,53,2,07信義區,信義區永吉路與永吉路127巷11弄口,0,0,1,2,B12,8,1,5,30,4,1,1,4,4,5,7,4,4,10,5,5,2,15,1,43,3,10,3,4,7,9,1,8,1,7,,23,,1,22,9,121.5703697,25.0462194
112,2,22,10,3,2,02萬華區,萬華區忠孝西路2段與忠孝橋往台北市口,0,0,2,1,C03,7,1,7,50,8,9,1,5,4,5,7,4,4,1,4,4,1,12,2,32,2,9,1,1,7,14,1,10,1,12,,44,,1,22,9,121.5071676,25.04879907
112,2,22,10,3,2,02萬華區,萬華區忠孝西路2段與忠孝橋往台北市口,0,0,2,2,C03,7,1,7,50,8,9,1,5,4,5,7,4,4,1,4,4,1,12,2,18,2,9,1,1,7,9,1,10,1,14,,23,,1,22,9,121.5071676,25.04879907
112,2,22,10,15,2,08士林區,士林區仰德大道3段42號,0,0,1,1,C03,7,1,5,40,14,9,1,5,4,5,7,4,4,5,5,5,1,16,1,20,2,8,1,1,7,7,1,10,1,12,,26,,1,22,9,121.5521223,25.11794243
112,2,22,10,15,2,08士林區,士林區仰德大道3段42號,0,0,1,2,B03,7,1,5,40,14,9,1,5,4,5,7,4,4,5,5,5,1,16,2,66,3,10,1,1,7,5,1,8,1,8,,26,,1,22,9,121.5521223,25.11794243
112,2,22,10,18,2,04大安區,大安區辛亥路2段85號,0,0,1,2,B03,7,1,5,50,14,9,1,5,4,5,7,4,4,1,2,5,2,13,1,60,3,10,1,1,7,14,6,8,1,3,,44,,1,22,9,121.5383594,25.022223
112,2,22,10,18,2,04大安區,大安區辛亥路2段85號,0,0,1,1,C03,7,1,5,50,14,9,1,5,4,5,7,4,4,1,2,5,2,13,1,45,2,9,1,1,7,9,1,10,1,11,,23,,1,22,9,121.5383594,25.022223
112,2,22,10,40,2,03中山區,中山區中山北路2段96號,0,0,1,1,B01,8,1,5,50,14,9,1,5,4,5,7,4,4,1,4,5,2,17,1,37,3,10,3,4,7,14,1,4,1,6,,38,,1,22,9,121.5227864,25.05901403
112,2,22,10,40,2,03中山區,中山區中山北路2段96號,0,0,1,2,C03,8,1,5,50,14,9,1,5,4,5,7,4,4,1,4,5,2,17,1,48,2,3,1,4,7,9,1,10,1,14,,44,,1,22,9,121.5227864,25.05901403
112,2,22,10,40,2,03中山區,中山區中山北路2段96號,0,0,1,3,H02,8,1,5,50,14,9,1,5,4,5,7,4,4,1,4,5,2,17,2,56,3,10,4,5,7,19,8,20,10,16,,56,,1,22,9,121.5227864,25.05901403
112,2,22,10,58,2,04大安區,大安區市民大道4段與延吉街口,0,0,1,2,C03,7,1,5,40,4,1,1,5,4,5,7,2,1,1,4,5,2,15,1,22,2,9,1,1,7,9,1,10,1,11,,44,,1,21,8,121.5537593,25.04430553
112,2,22,10,58,2,04大安區,大安區市民大道4段與延吉街口,0,0,1,1,B03,7,1,5,40,4,1,1,5,4,5,7,2,1,1,4,5,2,15,1,63,3,10,1,1,7,9,1,8,1,2,,44,,1,21,8,121.5537593,25.04430553
112,2,22,11,0,2,12內湖區,內湖區瑞湖街193號,0,0,1,2,C03,6,1,5,50,14,9,1,4,4,5,7,4,4,8,4,5,1,12,1,43,3,10,3,4,7,9,1,10,1,11,,44,,1,22,9,121.5765998,25.0680747
112,2,22,11,0,2,12內湖區,內湖區瑞湖街193號,0,0,1,1,C03,6,1,5,50,14,9,1,4,4,5,7,4,4,8,4,5,1,12,2,43,2,9,3,4,7,5,1,10,1,14,,8,,1,22,9,121.5765998,25.0680747
112,2,22,11,10,2,08士林區,士林區大南路與大南路350巷口口前,0,0,2,1,C03,8,1,5,50,3,1,1,5,4,5,7,4,4,9,4,5,1,17,1,31,2,8,1,1,7,5,1,10,1,11,,8,,1,22,9,121.5175092,25.08902541
112,2,22,11,10,2,08士林區,士林區大南路與大南路350巷口口前,0,0,2,2,C03,8,1,5,50,3,1,1,5,4,5,7,4,4,9,4,5,1,17,2,40,2,9,1,1,7,9,1,10,1,12,,23,,1,22,9,121.5175092,25.08902541
112,2,22,11,12,2,04大安區,大安區羅斯福路4段155號與羅斯福路4段口,0,0,2,4,C03,7,1,5,50,3,1,1,5,4,5,7,4,4,10,3,5,2,17,1,56,2,7,1,1,7,9,1,10,1,11,,16,,1,22,9,121.5375243,25.0098972
112,2,22,11,12,2,04大安區,大安區羅斯福路4段155號與羅斯福路4段口,0,0,2,3,C03,7,1,5,50,3,1,1,5,4,5,7,4,4,10,3,5,2,17,1,23,2,5,1,1,7,9,1,10,1,11,,16,,1,22,9,121.5375243,25.0098972
112,2,22,11,12,2,04大安區,大安區羅斯福路4段155號與羅斯福路4段口,0,0,2,2,C03,7,1,5,50,3,1,1,5,4,5,7,4,4,10,3,5,2,17,1,50,3,10,1,1,7,9,1,10,1,13,,44,,1,22,9,121.5375243,25.0098972
112,2,22,11,12,2,04大安區,大安區羅斯福路4段155號與羅斯福路4段口,0,0,2,1,C03,7,1,5,50,3,1,1,5,4,5,7,4,4,10,3,5,2,17,2,44,3,10,1,1,7,6,1,10,1,15,,44,,1,22,9,121.5375243,25.0098972