發生年度,發生月,發生日,發生時-Hours,發生分,處理別-編號,區序,肇事地點,死亡人數,2-30日死亡人數,受傷人數,當事人序號,車種,天候,光線,道路類別,速限-速度限制,道路型態,事故位置,路面狀況1,路面狀況2,路面狀況3,道路障礙1,道路障礙2,號誌1,號誌2,車道劃分-分向,車道劃分-分道1,車道劃分-分道2,車道劃分-分道3,事故類型及型態,性別,年齡,受傷程度,主要傷處,保護裝置,行動電話,車輛用途,當事者行動狀態,駕駛資格情形,駕駛執照種類,飲酒情形,車輛撞擊部位1,車輛撞擊部位2,肇因碼-個別,肇因碼-主要,個人肇逃否,職業,旅次目的,座標-X,座標-Y
112,2,25,15,0,2,09北投區,北投區大度路1段與怡和巷口,0,0,1,2,C03,8,1,5,50,3,1,1,5,4,5,7,4,4,1,3,3,1,12,1,37,2,9,1,1,7,9,1,10,1,14,,44,,1,22,9,121.4958213,25.12157626
112,2,25,16,10,2,01大同區,大同區萬全街15號,0,0,2,2,C03,8,1,5,30,14,9,5,5,4,5,7,4,4,10,5,5,2,16,2,60,2,1,1,1,7,9,1,10,1,12,,23,,1,22,9,121.5195953,25.05860844
112,2,25,16,10,2,01大同區,大同區萬全街15號,0,0,2,1,C04,8,1,5,30,14,9,5,5,4,5,7,4,4,10,5,5,2,16,2,69,2,7,1,1,7,1,1,8,1,11,,19,,1,22,9,121.5195953,25.05860844
112,2,25,16,20,2,08士林區,士林區光華路與格致路口,0,0,1,1,B03,6,1,5,40,3,1,1,4,4,5,7,4,4,5,5,5,2,16,1,51,3,10,3,4,7,6,1,8,1,6,,9,,1,22,9,121.5463826,25.13699535
112,2,25,16,20,2,08士林區,士林區光華路與格致路口,0,0,1,2,C03,6,1,5,40,3,1,1,4,4,5,7,4,4,5,5,5,2,16,1,21,2,8,3,4,7,9,1,10,1,11,,13,,1,22,9,121.5463826,25.13699535
112,2,25,16,41,2,01大同區,大同區延平北路2段與涼州街口,0,0,1,2,C03,7,1,5,50,4,1,1,5,4,5,7,2,1,9,4,5,2,11,1,26,2,9,1,1,7,9,3,18,1,11,,23,,1,22,9,121.5113453,25.0606564
112,2,25,16,41,2,01大同區,大同區延平北路2段與涼州街口,0,0,1,1,B03,7,1,5,50,4,1,1,5,4,5,7,2,1,9,4,5,2,11,2,55,3,10,3,4,7,5,1,8,1,8,,6,,1,22,9,121.5113453,25.0606564
112,2,25,16,45,2,07信義區,信義區市民大道5段與東興路口,0,0,1,2,C03,6,1,5,50,4,2,1,4,4,5,7,2,1,1,4,5,2,17,1,30,2,5,1,1,7,9,1,10,1,14,,44,,1,22,8,121.565868,25.04821348
112,2,25,16,45,2,07信義區,信義區市民大道5段與東興路口,0,0,1,1,B03,6,1,5,50,4,2,1,4,4,5,7,2,1,1,4,5,2,17,4,0,4,11,3,4,7,15,7,19,11,15,,43,,2,22,9,121.565868,25.04821348
112,2,25,16,55,2,08士林區,士林區百齡橋上往社子,0,0,1,1,C03,7,1,5,50,8,11,1,5,4,5,7,4,4,1,4,4,2,17,1,25,3,10,1,1,7,9,1,10,2,12,,23,,1,21,8,121.5130109,25.0888148
112,2,25,16,55,2,08士林區,士林區百齡橋上往社子,0,0,1,2,C03,7,1,5,50,8,11,1,5,4,5,7,4,4,1,4,4,2,17,1,58,3,10,1,1,7,9,1,10,2,14,,32,,1,21,8,121.5130109,25.0888148
112,2,25,16,55,2,08士林區,士林區百齡橋上往社子,0,0,1,3,H02,7,1,5,50,8,11,1,5,4,5,7,4,4,1,4,4,2,17,2,41,2,8,1,5,7,20,8,20,10,16,,67,,1,21,8,121.5130109,25.0888148
112,2,25,17,0,2,07信義區,信義區信義路5段5號,0,0,2,1,C03,6,1,5,50,14,9,1,4,4,5,7,4,4,1,4,5,2,13,1,18,2,9,1,1,7,9,1,10,2,11,,16,,1,22,9,121.5622901,25.033062
112,2,25,17,0,2,07信義區,信義區信義路5段5號,0,0,2,2,C03,6,1,5,50,14,9,1,4,4,5,7,4,4,1,4,5,2,13,1,44,2,9,1,1,7,9,1,10,2,13,,44,,1,22,9,121.5622901,25.033062
112,2,25,17,9,2,06松山區,松山區塔悠路97號,0,0,1,1,C03,6,1,5,50,14,9,1,4,4,5,7,3,1,1,3,5,2,17,1,22,2,9,1,1,7,9,1,10,1,12,,23,,1,22,9,121.5703353,25.05268102
112,2,25,17,9,2,06松山區,松山區塔悠路97號,0,0,1,2,B03,6,1,5,50,14,9,1,4,4,5,7,3,1,1,3,5,2,17,1,36,3,10,1,1,7,6,1,1,1,8,,6,,1,22,9,121.5703353,25.05268102
112,2,25,17,30,2,03中山區,中山區民生東路3段與建國北路2段口,0,0,1,1,B03,8,1,5,50,4,1,1,5,4,5,7,2,1,10,5,5,2,17,1,43,3,10,1,1,7,6,1,8,9,15,,9,,1,22,9,121.5372161,25.05794746
112,2,25,17,30,2,03中山區,中山區民生東路3段與建國北路2段口,0,0,1,2,A02,8,1,5,50,4,1,1,5,4,5,7,2,1,10,5,5,2,17,1,50,3,10,1,1,7,9,1,2,1,15,,44,,1,22,9,121.5372161,25.05794746
112,2,25,17,30,2,03中山區,中山區民生東路3段與建國北路2段口,0,0,1,3,H02,8,1,5,50,4,1,1,5,4,5,7,2,1,10,5,5,2,17,2,67,2,1,4,5,7,20,8,20,10,16,,67,,1,22,9,121.5372161,25.05794746
112,2,25,17,40,2,07信義區,信義區基隆路2段與嘉興街175巷口,0,0,1,1,A02,7,3,5,50,3,2,1,5,4,5,7,4,4,5,2,5,2,16,1,47,4,11,3,4,7,15,7,19,11,15,,44,,2,22,9,121.5566603,25.0280832
112,2,25,17,40,2,07信義區,信義區基隆路2段與嘉興街175巷口,0,0,1,2,B03,7,3,5,50,3,2,1,5,4,5,7,4,4,5,2,5,2,16,1,27,2,8,1,1,7,6,1,8,1,8,,6,,1,22,9,121.5566603,25.0280832
112,2,25,17,44,2,11南港區,南港區成福路與成福路180巷口口,0,0,1,1,B01,6,3,5,50,4,1,1,4,4,5,7,4,4,5,5,5,2,11,1,48,3,10,1,1,7,5,1,4,1,8,,23,,1,22,9,121.587865,25.0414246
112,2,25,17,44,2,11南港區,南港區成福路與成福路180巷口口,0,0,1,2,F01,6,3,5,50,4,1,1,4,4,5,7,4,4,5,5,5,2,11,2,45,2,8,2,1,7,9,8,20,1,16,,44,,1,22,9,121.587865,25.0414246
112,2,25,17,44,2,07信義區,信義區崇德街與崇德街81巷口,0,0,1,1,C03,6,3,5,50,14,9,1,4,4,5,7,4,4,5,4,5,2,12,1,51,4,11,3,4,7,1,7,19,9,15,,19,,2,22,9,121.5552773,25.0242097
112,2,25,17,44,2,07信義區,信義區崇德街與崇德街81巷口,0,0,1,2,C03,6,3,5,50,14,9,1,4,4,5,7,4,4,5,4,5,2,12,1,30,2,8,1,1,7,9,1,10,1,14,,44,,1,22,8,121.5552773,25.0242097
112,2,25,17,45,2,08士林區,士林區中正路與雨農路口,0,0,1,3,B03,7,1,8,50,15,22,1,5,4,5,7,4,4,3,5,5,2,13,1,62,3,10,1,1,7,9,1,8,1,1,,44,,1,22,9,121.5320348,25.09653491
112,2,25,17,45,2,08士林區,士林區中正路與雨農路口,0,0,1,1,C03,7,1,8,50,15,22,1,5,4,5,7,4,4,3,5,5,2,13,1,66,2,8,1,1,7,9,1,10,1,12,,16,,1,22,9,121.5320348,25.09653491
112,2,25,17,45,2,08士林區,士林區中正路與雨農路口,0,0,1,2,C03,7,1,8,50,15,22,1,5,4,5,7,4,4,3,5,5,2,13,2,42,3,10,1,1,7,9,1,10,1,13,,14,,1,22,9,121.5320348,25.09653491
112,2,25,18,1,2,02萬華區,萬華區忠孝西路2段與西寧南路口,0,0,1,1,B03,8,3,5,50,4,1,1,5,4,5,7,2,1,2,4,5,1,17,2,37,3,10,1,1,7,6,1,8,1,1,,9,,1,22,9,121.5075505,25.0484909
112,2,25,18,1,2,02萬華區,萬華區忠孝西路2段與西寧南路口,0,0,1,2,C03,8,3,5,50,4,1,1,5,4,5,7,2,1,2,4,5,1,17,1,31,2,9,1,1,7,9,1,10,1,14,,44,,1,22,9,121.5075505,25.0484909
112,2,25,18,10,2,10文山區,文山區忠順街2段5號,0,0,2,1,H01,6,3,5,50,14,9,1,4,4,5,7,4,4,9,4,5,2,3,1,65,2,9,4,5,8,16,8,20,10,16,,51,,1,22,9,121.5621632,24.98457447
112,2,25,18,10,2,10文山區,文山區忠順街2段5號,0,0,2,2,C03,6,3,5,50,14,9,1,4,4,5,7,4,4,9,4,5,2,3,1,21,2,9,1,4,7,9,1,10,2,11,,23,,1,22,9,121.5621632,24.98457447
112,2,25,18,35,2,07信義區,信義區信義路5段8號,0,0,1,1,C03,6,3,5,50,14,9,1,4,4,5,7,4,4,3,4,5,2,29,1,21,2,8,1,1,7,9,1,10,1,12,,42,,1,22,9,121.5603709,25.0328947
112,2,25,18,35,2,07信義區,信義區信義路5段8號,0,0,1,2,,6,3,5,50,14,9,1,4,4,5,7,4,4,3,4,5,2,29,3,0,,,,,,,,,,,,67,,1,,,121.5603709,25.0328947
112,2,25,19,1,2,07信義區,信義區永吉路與永吉路225巷口口,0,0,1,2,C03,7,3,5,50,4,2,1,5,4,5,7,2,1,1,4,4,2,17,1,20,2,9,3,4,7,9,1,10,2,11,,23,,1,22,9,121.5740819,25.0456302
112,2,25,19,1,2,07信義區,信義區永吉路與永吉路225巷口口,0,0,1,1,B03,7,3,5,50,4,2,1,5,4,5,7,2,1,1,4,4,2,17,1,32,3,10,3,4,7,11,1,8,2,6,,10,,1,22,9,121.5740819,25.0456302
112,2,25,19,48,2,03中山區,中山區龍江路356巷與五常街53巷口,0,0,1,1,B01,8,1,5,50,4,1,1,5,4,5,7,4,4,10,5,5,2,1,1,66,3,10,3,4,7,9,1,4,1,5,,15,,1,22,9,121.5396492,25.0659972
112,2,25,19,48,2,03中山區,中山區龍江路356巷與五常街53巷口,0,0,1,2,H01,8,1,5,50,4,1,1,5,4,5,7,4,4,10,5,5,2,1,2,62,2,9,4,5,8,16,8,20,10,16,,51,,1,22,9,121.5396492,25.0659972
112,2,25,20,15,2,02萬華區,萬華區中華路1段2號靠近西門捷運站1號出口,0,0,1,1,C03,8,3,5,50,14,9,1,5,4,5,7,4,4,1,5,5,2,13,1,22,2,8,1,1,7,9,1,10,1,11,,23,,1,22,9,121.5080195,25.0419516
112,2,25,20,15,2,02萬華區,萬華區中華路1段2號靠近西門捷運站1號出口,0,0,1,2,B01,8,3,5,50,14,9,1,5,4,5,7,4,4,1,5,5,2,13,1,69,3,10,1,1,7,12,1,4,1,3,,44,,1,22,9,121.5080195,25.0419516
112,2,25,20,22,2,05中正區,中正區市民大道2段與林森北路口,0,0,3,1,C03,8,3,5,40,4,1,1,5,4,5,7,2,1,1,4,5,2,16,1,18,2,9,1,1,7,5,1,10,2,14,,8,,1,22,9,121.5241903,25.04770148
112,2,25,20,22,2,05中正區,中正區市民大道2段與林森北路口,0,0,3,2,C03,8,3,5,40,4,1,1,5,4,5,7,2,1,1,4,5,2,16,1,48,2,9,1,1,7,9,1,10,2,12,,23,,1,22,9,121.5241903,25.04770148
112,2,25,20,22,2,05中正區,中正區市民大道2段與林森北路口,0,0,3,3,H02,8,3,5,40,4,1,1,5,4,5,7,2,1,1,4,5,2,16,2,17,2,8,1,5,7,20,8,20,10,16,,67,,1,22,9,121.5241903,25.04770148
112,2,25,20,25,2,09北投區,北投區石牌路2段304號與天母西路130巷口,0,0,1,2,C03,7,1,5,0,3,2,1,4,4,5,7,4,4,9,4,5,1,12,1,60,2,2,1,1,7,9,1,10,2,12,,44,,1,22,9,121.522521,25.11948719
112,2,25,20,25,2,09北投區,北投區石牌路2段304號與天母西路130巷口,0,0,1,1,B03,7,1,5,0,3,2,1,4,4,5,7,4,4,9,4,5,1,12,2,57,3,10,1,1,7,9,1,8,2,4,,6,,1,22,9,121.522521,25.11948719
112,2,25,20,45,2,08士林區,士林區至善路2段471號,0,0,1,2,B03,6,3,5,50,14,9,1,4,4,5,7,4,4,5,4,5,1,16,1,27,3,10,3,4,7,9,1,8,1,1,,44,,1,22,9,121.5579564,25.11132857
112,2,25,20,45,2,08士林區,士林區至善路2段471號,0,0,1,1,C03,6,3,5,50,14,9,1,4,4,5,7,4,4,5,4,5,1,16,1,63,2,8,3,4,7,5,1,10,1,11,,8,,1,22,9,121.5579564,25.11132857
112,2,25,21,18,2,05中正區,中正區金山南路1段與信義路2段口口,0,0,1,3,H02,7,3,5,50,14,9,1,5,4,5,7,4,4,9,4,4,1,17,1,21,3,10,1,1,7,20,8,20,10,16,,60,,1,18,5,121.5274066,25.0343664
112,2,25,21,18,2,05中正區,中正區金山南路1段與信義路2段口口,0,0,1,2,C03,7,3,5,50,14,9,1,5,4,5,7,4,4,9,4,4,1,17,1,52,2,9,1,1,7,9,1,10,1,12,,44,,1,21,5,121.5274066,25.0343664
112,2,25,21,18,2,05中正區,中正區金山南路1段與信義路2段口口,0,0,1,1,C03,7,3,5,50,14,9,1,5,4,5,7,4,4,9,4,4,1,17,1,22,3,10,1,1,7,9,1,10,1,15,,44,,1,18,5,121.5274066,25.0343664
112,2,25,21,47,2,06松山區,松山區八德路2段與復興南路1段口,0,0,2,1,C03,7,3,5,50,14,9,1,5,4,5,7,2,1,9,4,5,2,13,1,39,2,9,1,1,7,9,1,10,1,11,,23,,1,22,9,121.5440067,25.04757762
112,2,25,21,47,2,06松山區,松山區八德路2段與復興南路1段口,0,0,2,2,C03,7,3,5,50,14,9,1,5,4,5,7,2,1,9,4,5,2,13,2,24,2,8,1,1,7,14,1,10,1,13,,44,,1,22,9,121.5440067,25.04757762
112,2,25,21,49,2,12內湖區,內湖區陽光街與陽光街321巷口,0,0,1,1,B03,7,3,5,50,3,1,1,5,4,5,7,4,4,5,4,5,2,12,1,31,3,10,1,1,7,5,1,8,2,6,,6,,1,22,9,121.5785489,25.07352338
112,2,25,21,49,2,12內湖區,內湖區陽光街與陽光街321巷口,0,0,1,2,C03,7,3,5,50,3,1,1,5,4,5,7,4,4,5,4,5,2,12,2,32,2,9,1,1,7,9,1,10,2,11,,23,,1,22,9,121.5785489,25.07352338
112,2,25,22,9,2,06松山區,松山區八德路3段233號,0,0,1,2,B01,8,3,5,50,14,9,1,5,4,5,7,4,4,9,4,5,2,13,1,50,3,10,1,1,7,9,1,4,1,3,,44,,1,22,9,121.5571418,25.04813275
112,2,25,22,9,2,06松山區,松山區八德路3段233號,0,0,1,1,C04,8,3,5,50,14,9,1,5,4,5,7,4,4,9,4,5,2,13,2,20,2,9,1,1,7,9,1,11,1,11,,23,,1,22,9,121.5571418,25.04813275
112,2,25,22,20,2,03中山區,中山區明水路與樂群二路口,0,0,1,2,C03,8,3,5,50,4,1,1,5,4,5,7,1,1,3,4,5,2,16,1,19,2,9,1,1,7,9,1,10,1,11,,13,,1,22,9,121.5521225,25.0800426
112,2,25,22,20,2,03中山區,中山區明水路與樂群二路口,0,0,1,1,B03,8,3,5,50,4,1,1,5,4,5,7,1,1,3,4,5,2,16,1,22,3,10,1,1,7,5,1,8,2,2,,8,,1,22,9,121.5521225,25.0800426
112,2,25,22,52,2,04大安區,大安區和平東路1段與金山南路2段口,0,0,2,1,C03,8,3,5,50,4,1,1,5,4,5,7,1,1,2,3,5,1,3,1,33,2,9,1,1,7,9,1,10,1,11,,15,,1,22,9,121.5257857,25.0267155
112,2,25,22,52,2,04大安區,大安區和平東路1段與金山南路2段口,0,0,2,2,H01,8,3,5,50,4,1,1,5,4,5,7,1,1,2,3,5,1,3,2,60,2,1,4,5,8,16,8,20,10,16,,52,,1,22,9,121.5257857,25.0267155
112,2,25,23,0,2,06松山區,松山區市民大道4段與敦化南路1段口,0,0,1,2,C03,7,3,5,50,5,1,1,4,4,5,7,2,1,1,4,1,1,17,2,50,2,9,1,1,7,9,1,10,2,11,,44,,1,22,9,121.5491434,25.0447401
112,2,25,23,0,2,06松山區,松山區市民大道4段與敦化南路1段口,0,0,1,1,B03,7,3,5,50,5,1,1,4,4,5,7,2,1,1,4,1,1,17,2,50,3,10,3,4,7,6,1,14,2,6,,9,,1,22,9,121.5491434,25.0447401
112,2,26,0,24,2,05中正區,中正區汀州路3段與思源街口,0,0,2,1,C04,8,3,5,50,4,1,1,5,4,5,7,1,1,5,2,5,2,16,1,46,2,8,1,1,7,9,1,10,6,11,,23,,1,22,9,121.5321837,25.0151115
112,2,26,0,24,2,05中正區,中正區汀州路3段與思源街口,0,0,2,2,C03,8,3,5,50,4,1,1,5,4,5,7,1,1,5,2,5,2,16,1,30,2,9,1,1,7,14,1,10,2,11,,44,,1,22,9,121.5321837,25.0151115
112,2,26,1,15,2,11南港區,南港區舊莊街1段91巷與舊莊街1段91巷16弄口,0,0,1,1,B03,7,3,6,30,3,1,1,5,4,5,7,4,4,10,5,5,2,16,1,19,3,10,1,1,7,11,1,8,1,8,,10,,1,22,9,121.6197301,25.04136325
112,2,26,1,15,2,11南港區,南港區舊莊街1段91巷與舊莊街1段91巷16弄口,0,0,1,2,C03,7,3,6,30,3,1,1,5,4,5,7,4,4,10,5,5,2,16,1,29,2,8,1,1,7,9,1,10,1,12,,44,,1,22,9,121.6197301,25.04136325
112,2,26,2,38,2,12內湖區,內湖區瑞光路與江南街71巷16弄口,0,0,1,1,C03,7,3,5,50,4,2,1,5,4,5,7,3,1,5,5,5,1,17,1,25,2,9,1,1,7,9,1,10,1,11,,6,,1,22,9,121.5769587,25.07516518
112,2,26,2,38,2,12內湖區,內湖區瑞光路與江南街71巷16弄口,0,0,1,2,B01,7,3,5,50,4,2,1,5,4,5,7,3,1,5,5,5,1,17,1,62,3,10,1,1,7,5,1,8,1,1,,44,,1,22,9,121.5769587,25.07516518
112,2,26,2,55,2,05中正區,中正區公園路與襄陽路口,0,0,1,1,C03,8,3,5,50,3,1,1,5,4,5,7,1,1,9,4,5,1,11,1,44,2,7,1,1,7,5,1,10,2,12,,25,,1,22,9,121.5165921,25.0433235
112,2,26,2,55,2,05中正區,中正區公園路與襄陽路口,0,0,1,2,B01,8,3,5,50,3,1,1,5,4,5,7,1,1,9,4,5,1,11,1,54,3,10,1,1,7,9,1,4,2,5,,44,,1,22,9,121.5165921,25.0433235
112,2,26,5,19,2,07信義區,信義區虎林街119巷與虎林街口,0,0,1,2,C03,8,3,5,30,4,1,1,5,4,5,7,4,4,10,5,5,2,17,1,27,3,10,1,1,7,9,1,10,2,15,,13,,1,22,9,121.5768242,25.0421211
112,2,26,5,19,2,07信義區,信義區虎林街119巷與虎林街口,0,0,1,1,C03,8,3,5,30,4,1,1,5,4,5,7,4,4,10,5,5,2,17,2,44,2,8,1,1,7,9,1,10,2,14,,6,,1,22,9,121.5768242,25.0421211
112,2,26,5,46,2,10文山區,文山區興隆路1段與興隆路2段口,0,0,2,1,B12,8,2,5,50,4,2,1,5,4,5,7,2,1,1,4,5,2,3,1,55,3,10,1,1,7,6,6,18,2,1,,15,,1,22,9,121.5444454,24.9987953
112,2,26,5,46,2,10文山區,文山區興隆路1段與興隆路2段口,0,0,2,3,H01,8,2,5,50,4,2,1,5,4,5,7,2,1,1,4,5,2,3,2,23,2,9,4,5,8,16,8,20,10,16,,67,,1,22,9,121.5444454,24.9987953
112,2,26,5,46,2,10文山區,文山區興隆路1段與興隆路2段口,0,0,2,2,H01,8,2,5,50,4,2,1,5,4,5,7,2,1,1,4,5,2,3,2,22,2,9,4,5,8,16,8,20,10,16,,67,,1,22,9,121.5444454,24.9987953
112,2,26,7,40,2,06松山區,松山區市民大道4段33號,0,0,1,2,C03,7,1,5,40,14,9,1,5,4,5,7,4,4,1,4,5,2,17,1,28,2,9,1,1,7,9,3,18,1,14,,13,,1,22,9,121.5449264,25.0450976
112,2,26,7,40,2,06松山區,松山區市民大道4段33號,0,0,1,1,B03,7,1,5,40,14,9,1,5,4,5,7,4,4,1,4,5,2,17,1,63,3,10,1,1,7,1,1,8,1,3,,19,,1,22,9,121.5449264,25.0450976
112,2,26,7,45,2,01大同區,大同區承德路3段與庫倫街口,0,0,1,1,B01,8,1,5,50,4,1,1,5,4,5,7,2,1,1,4,5,2,12,1,51,3,10,1,1,7,8,1,4,2,15,,7,,1,22,9,121.5186896,25.0718734
112,2,26,7,45,2,01大同區,大同區承德路3段與庫倫街口,0,0,1,2,C03,8,1,5,50,4,1,1,5,4,5,7,2,1,1,4,5,2,12,1,18,2,9,1,1,7,9,1,10,2,12,,13,,1,22,9,121.5186896,25.0718734
112,2,26,7,45,2,07信義區,信義區忠孝東路5段236巷3弄與忠孝東路5段372巷口,0,0,1,1,C03,8,1,5,30,4,1,1,5,4,5,7,4,4,9,5,5,2,15,2,43,2,9,1,1,7,9,1,10,1,14,,26,,1,22,9,121.5740164,25.0403478
112,2,26,7,45,2,07信義區,信義區忠孝東路5段236巷3弄與忠孝東路5段372巷口,0,0,1,2,B03,8,1,5,30,4,1,1,5,4,5,7,4,4,9,5,5,2,15,1,62,3,10,1,1,7,9,1,8,1,1,,23,,1,22,9,121.5740164,25.0403478
112,2,26,8,23,2,12內湖區,內湖區康寧路3段與安康路口口,0,0,1,1,C03,8,1,5,50,4,1,1,5,4,5,7,2,1,1,4,5,2,16,2,71,3,10,1,1,7,6,1,10,1,11,,9,,1,22,9,121.6108614,25.06479401
112,2,26,8,23,2,12內湖區,內湖區康寧路3段與安康路口口,0,0,1,2,C03,8,1,5,50,4,1,1,5,4,5,7,2,1,1,4,5,2,16,2,72,2,9,1,1,7,9,1,10,1,11,,23,,1,22,9,121.6108614,25.06479401
112,2,26,9,25,2,07信義區,信義區信安街與富陽街72巷口,0,0,1,1,B03,8,1,5,50,4,2,1,5,4,5,7,4,4,10,4,5,2,3,2,49,3,10,1,1,7,2,1,8,1,3,,12,,1,22,9,121.5551748,25.02284865
112,2,26,9,25,2,07信義區,信義區信安街與富陽街72巷口,0,0,1,2,H01,8,1,5,50,4,2,1,5,4,5,7,4,4,10,4,5,2,3,2,67,2,7,1,1,8,16,8,20,10,16,,51,,1,22,9,121.5551748,25.02284865
112,2,26,10,0,2,10文山區,文山區光輝路47巷8號,0,0,2,2,C03,8,1,5,30,14,9,1,5,4,5,7,4,4,7,4,5,2,16,2,42,2,9,1,1,7,9,1,10,1,11,,23,,1,22,9,121.5558425,24.9853059
112,2,26,10,0,2,10文山區,文山區光輝路47巷8號,0,0,2,3,H02,8,1,5,30,14,9,1,5,4,5,7,4,4,7,4,5,2,16,2,10,2,7,1,5,7,20,8,20,10,15,,67,,1,22,9,121.5558425,24.9853059
112,2,26,10,0,2,10文山區,文山區光輝路47巷8號,0,0,2,1,C03,8,1,5,30,14,9,1,5,4,5,7,4,4,7,4,5,2,16,1,34,3,10,1,1,7,5,6,10,1,14,,6,,1,22,9,121.5558425,24.9853059
112,2,26,10,11,2,04大安區,大安區忠孝東路4段181巷與敦化南路1段161巷口,0,0,1,1,A11,7,1,5,30,4,1,1,5,4,5,7,4,4,10,5,5,2,15,1,41,3,10,1,1,7,9,1,2,1,2,,6,,1,22,9,121.5507902,25.04351
112,2,26,10,11,2,04大安區,大安區忠孝東路4段181巷與敦化南路1段161巷口,0,0,1,2,B12,7,1,5,30,4,1,1,5,4,5,7,4,4,10,5,5,2,15,1,33,2,9,1,1,7,9,1,8,1,1,,13,,1,22,9,121.5507902,25.04351
112,2,26,10,30,2,05中正區,中正區杭州南路1段與徐州路口,0,0,1,2,H01,7,1,5,50,4,2,1,5,4,5,7,1,1,8,3,5,2,3,2,72,2,9,4,5,8,16,8,20,10,16,,52,,1,22,9,121.5257477,25.04020335
112,2,26,10,30,2,05中正區,中正區杭州南路1段與徐州路口,0,0,1,1,B01,7,1,5,50,4,2,1,5,4,5,7,1,1,8,3,5,2,3,1,65,3,10,1,1,7,5,1,4,2,4,,15,,1,22,9,121.5257477,25.04020335
112,2,26,10,38,2,10文山區,文山區集英街與保儀路13巷口口,0,0,1,1,C03,8,1,5,30,4,1,1,5,4,5,7,4,4,10,5,5,2,18,2,56,2,8,3,4,7,2,1,10,9,12,,22,,1,21,8,121.5693966,24.9884159
112,2,26,10,38,2,10文山區,文山區集英街與保儀路13巷口口,0,0,1,2,,8,1,5,30,4,1,1,5,4,5,7,4,4,10,5,5,2,18,3,0,,,,,,,,,,,,67,,1,,,121.5693966,24.9884159
112,2,26,10,45,2,01大同區,大同區萬全街與民生西路171巷口,0,0,2,2,C03,7,1,5,30,4,1,1,5,4,5,7,4,4,10,5,5,1,15,2,31,2,9,1,4,7,9,1,10,2,11,,14,,1,22,9,121.516703,25.0579729
112,2,26,10,45,2,01大同區,大同區萬全街與民生西路171巷口,0,0,2,1,C03,7,1,5,30,4,1,1,5,4,5,7,4,4,10,5,5,1,15,2,33,2,9,3,4,7,9,1,10,2,11,,6,,1,22,9,121.516703,25.0579729
112,2,26,11,0,2,07信義區,信義區虎林街與松山路540巷口,0,0,2,3,H02,7,1,5,30,4,1,1,5,4,5,7,4,4,10,5,5,2,16,2,66,2,9,1,5,7,20,8,20,10,16,,67,,1,22,9,121.5771591,25.03735136
112,2,26,11,0,2,07信義區,信義區虎林街與松山路540巷口,0,0,2,1,C03,7,1,5,30,4,1,1,5,4,5,7,4,4,10,5,5,2,16,1,41,2,9,1,1,7,9,1,10,2,12,,6,,1,22,9,121.5771591,25.03735136
112,2,26,11,0,2,07信義區,信義區虎林街與松山路540巷口,0,0,2,2,B01,7,1,5,30,4,1,1,5,4,5,7,4,4,10,5,5,2,16,1,62,3,10,1,1,7,9,1,4,2,1,,42,,1,22,9,121.5771591,25.03735136
112,2,26,11,43,2,09北投區,北投區中和街441巷3弄與中和街441巷口口,0,0,1,2,B03,7,1,5,30,4,1,1,5,4,5,7,4,4,10,5,5,2,15,1,59,3,10,1,1,7,9,1,8,1,8,,14,,1,22,9,121.4972752,25.1433693
112,2,26,11,43,2,09北投區,北投區中和街441巷3弄與中和街441巷口口,0,0,1,1,C03,7,1,5,30,4,1,1,5,4,5,7,4,4,10,5,5,2,15,1,70,2,9,1,1,7,9,1,10,1,11,,6,,1,22,9,121.4972752,25.1433693
112,2,26,12,25,2,07信義區,信義區基隆路1段380巷1號,0,0,1,1,C03,8,1,5,30,14,9,1,5,4,5,7,4,4,10,5,5,2,12,2,29,2,4,1,1,7,9,1,10,1,11,,43,,1,22,9,121.5600336,25.03465956
112,2,26,12,25,2,07信義區,信義區基隆路1段380巷1號,0,0,1,2,C03,8,1,5,30,14,9,1,5,4,5,7,4,4,10,5,5,2,12,1,41,3,10,1,1,7,9,1,10,1,11,,43,,1,22,9,121.5600336,25.03465956
112,2,26,12,46,2,06松山區,松山區南京東路5段250巷與東興路15巷口,0,0,2,3,C03,8,1,5,30,4,1,1,5,4,5,7,4,4,10,5,5,2,15,1,23,3,10,3,1,7,13,1,10,11,15,,42,,1,22,9,121.566097,25.0501502
112,2,26,12,46,2,06松山區,松山區南京東路5段250巷與東興路15巷口,0,0,2,1,C03,8,1,5,30,4,1,1,5,4,5,7,4,4,10,5,5,2,15,1,28,2,7,1,1,7,9,1,10,1,14,,6,,1,22,9,121.566097,25.0501502
112,2,26,12,46,2,06松山區,松山區南京東路5段250巷與東興路15巷口,0,0,2,2,C03,8,1,5,30,4,1,1,5,4,5,7,4,4,10,5,5,2,15,2,54,2,9,1,1,7,9,1,10,1,15,,42,,1,22,9,121.566097,25.0501502
112,2,26,13,27,2,07信義區,信義區信義路6段86號,0,0,3,1,C03,7,1,5,50,14,9,1,5,4,5,7,4,4,5,4,5,1,17,1,47,2,9,1,1,7,5,1,10,2,14,,26,,1,22,9,121.5772292,25.0355935
112,2,26,13,27,2,07信義區,信義區信義路6段86號,0,0,3,2,C03,7,1,5,50,14,9,1,5,4,5,7,4,4,5,4,5,1,17,2,27,2,9,1,1,7,9,1,10,2,11,,26,,1,22,9,121.5772292,25.0355935
112,2,26,13,27,2,07信義區,信義區信義路6段86號,0,0,3,3,H02,7,1,5,50,14,9,1,5,4,5,7,4,4,5,4,5,1,17,2,50,2,9,1,5,7,20,8,20,10,16,,67,,1,22,9,121.5772292,25.0355935