發生年度,發生月,發生日,發生時-Hours,發生分,處理別-編號,區序,肇事地點,死亡人數,2-30日死亡人數,受傷人數,當事人序號,車種,天候,光線,道路類別,速限-速度限制,道路型態,事故位置,路面狀況1,路面狀況2,路面狀況3,道路障礙1,道路障礙2,號誌1,號誌2,車道劃分-分向,車道劃分-分道1,車道劃分-分道2,車道劃分-分道3,事故類型及型態,性別,年齡,受傷程度,主要傷處,保護裝置,行動電話,車輛用途,當事者行動狀態,駕駛資格情形,駕駛執照種類,飲酒情形,車輛撞擊部位1,車輛撞擊部位2,肇因碼-個別,肇因碼-主要,個人肇逃否,職業,旅次目的,座標-X,座標-Y
112,2,26,13,44,2,01大同區,大同區通河西街1段與通河西街1段口堤外便道,0,0,1,1,B03,7,1,5,30,3,1,1,5,4,5,7,4,4,10,5,5,1,17,1,74,3,10,3,4,7,11,1,8,2,8,,10,,1,22,9,121.5177821,25.0777726
112,2,26,13,44,2,01大同區,大同區通河西街1段與通河西街1段口堤外便道,0,0,1,2,C03,7,1,5,30,3,1,1,5,4,5,7,4,4,10,5,5,1,17,1,22,2,9,1,4,7,9,1,10,2,11,,23,,1,22,9,121.5177821,25.0777726
112,2,26,14,5,2,03中山區,中山區新生北路2段與長春路口,0,0,2,3,C03,8,1,5,50,4,1,1,5,4,5,7,1,1,1,4,5,2,16,1,20,2,8,1,1,7,14,1,10,1,14,,44,,1,22,9,121.5273464,25.05488745
112,2,26,14,5,2,03中山區,中山區新生北路2段與長春路口,0,0,2,1,B03,8,1,5,50,4,1,1,5,4,5,7,1,1,1,4,5,2,16,1,24,3,10,1,1,7,6,1,8,1,5,,9,,1,22,9,121.5273464,25.05488745
112,2,26,14,5,2,03中山區,中山區新生北路2段與長春路口,0,0,2,2,C03,8,1,5,50,4,1,1,5,4,5,7,1,1,1,4,5,2,16,1,18,2,9,1,1,7,9,1,10,1,14,,14,,1,22,9,121.5273464,25.05488745
112,2,26,14,15,2,07信義區,信義區吳興街與松仁路228巷口,0,0,2,1,C03,8,1,5,50,4,1,1,5,4,5,7,1,1,9,4,5,2,12,1,51,2,9,1,1,7,5,1,10,1,14,,8,,1,22,9,121.5675022,25.02478911
112,2,26,14,15,2,07信義區,信義區吳興街與松仁路228巷口,0,0,2,2,C03,8,1,5,50,4,1,1,5,4,5,7,1,1,9,4,5,2,12,1,38,2,9,1,1,7,9,1,10,1,12,,44,,1,22,9,121.5675022,25.02478911
112,2,26,14,30,2,09北投區,北投區中央北路4段與學園路口,0,0,1,1,B03,8,1,5,50,4,1,1,5,4,5,7,2,1,5,4,5,1,12,1,47,3,10,1,1,7,6,1,8,1,5,,9,,1,22,9,121.4660016,25.1267115
112,2,26,14,30,2,09北投區,北投區中央北路4段與學園路口,0,0,1,2,C03,8,1,5,50,4,1,1,5,4,5,7,2,1,5,4,5,1,12,2,30,2,9,1,1,7,9,1,10,1,14,,23,,1,22,9,121.4660016,25.1267115
112,2,26,15,15,2,10文山區,文山區景後街81號對面,0,0,1,1,B12,8,1,5,50,14,9,1,5,4,5,7,4,4,9,4,5,2,17,2,41,3,10,1,1,7,1,1,8,1,1,,19,,1,22,9,121.543127,24.99243055
112,2,26,15,15,2,10文山區,文山區景後街81號對面,0,0,1,2,C03,8,1,5,50,14,9,1,5,4,5,7,4,4,9,4,5,2,17,1,70,2,9,1,1,7,9,1,10,1,12,,44,,1,22,9,121.543127,24.99243055
112,2,26,15,17,2,08士林區,士林區中正路625號前迴轉道口,0,0,1,2,C03,8,1,5,50,3,2,1,5,4,5,7,4,4,10,5,5,1,16,2,29,2,8,1,1,7,9,1,10,1,12,,44,,1,22,9,121.508787,25.08644397
112,2,26,15,17,2,08士林區,士林區中正路625號前迴轉道口,0,0,1,1,B12,8,1,5,50,3,2,1,5,4,5,7,4,4,10,5,5,1,16,1,43,3,10,1,1,7,5,1,8,1,4,,8,,1,22,9,121.508787,25.08644397
112,2,26,16,13,2,09北投區,北投區育仁路與七星街口,0,0,1,1,B03,8,1,5,30,3,2,1,5,4,5,7,4,4,10,5,5,1,17,1,33,3,10,1,1,7,9,1,8,1,1,,23,,1,22,9,121.501154,25.13664227
112,2,26,16,13,2,09北投區,北投區育仁路與七星街口,0,0,1,2,C03,8,1,5,30,3,2,1,5,4,5,7,4,4,10,5,5,1,17,2,56,2,9,1,1,7,15,1,10,1,13,,44,,1,22,9,121.501154,25.13664227
112,2,26,16,15,2,12內湖區,內湖區舊宗路2段213巷與港墘路221巷口,0,0,1,2,C03,8,1,5,50,3,1,1,5,4,5,7,4,4,5,5,5,2,17,1,51,2,9,1,1,7,9,1,10,1,15,,42,,1,22,9,121.5746047,25.07364521
112,2,26,16,15,2,12內湖區,內湖區舊宗路2段213巷與港墘路221巷口,0,0,1,1,B01,8,1,5,50,3,1,1,5,4,5,7,4,4,5,5,5,2,17,1,65,3,10,1,1,7,5,1,4,1,15,,8,,1,22,9,121.5746047,25.07364521
112,2,26,16,49,2,05中正區,中正區八德路1段43巷與八德路1段口,0,0,1,1,C03,8,1,5,30,4,1,1,5,4,5,7,2,1,9,4,5,2,2,1,38,3,10,1,1,7,9,1,10,11,11,,23,,1,22,9,121.5317333,25.0442423
112,2,26,16,49,2,05中正區,中正區八德路1段43巷與八德路1段口,0,0,1,2,H01,8,1,5,30,4,1,1,5,4,5,7,2,1,9,4,5,2,2,2,23,2,8,4,5,8,16,8,20,10,16,,60,,1,22,9,121.5317333,25.0442423
112,2,26,17,35,2,03中山區,中山區北安路與大直街口,0,0,1,1,B03,7,2,5,50,5,2,1,5,4,5,7,2,1,3,4,5,2,12,1,42,4,11,3,4,7,15,7,19,11,15,,17,,2,22,9,121.5473758,25.07995282
112,2,26,17,35,2,03中山區,中山區北安路與大直街口,0,0,1,2,C03,7,2,5,50,5,2,1,5,4,5,7,2,1,3,4,5,2,12,2,18,2,9,1,1,7,9,1,10,1,14,12,44,,1,22,9,121.5473758,25.07995282
112,2,26,18,19,2,04大安區,大安區延吉街與延吉街62巷口,0,0,2,1,C03,7,3,5,50,3,1,1,5,4,5,7,4,4,10,5,5,2,16,1,29,2,9,1,1,7,5,1,10,1,14,,44,,1,22,9,121.5539386,25.0435427
112,2,26,18,19,2,04大安區,大安區延吉街與延吉街62巷口,0,0,2,2,C03,7,3,5,50,3,1,1,5,4,5,7,4,4,10,5,5,2,16,1,64,2,8,1,1,7,9,1,10,1,12,,26,,1,22,9,121.5539386,25.0435427
112,2,26,18,23,2,08士林區,士林區中正路349巷與中正路口,0,0,1,1,C03,8,3,5,30,3,2,1,5,4,5,7,4,4,1,4,5,1,17,1,51,3,10,1,1,7,6,1,10,1,14,,6,,1,22,9,121.5223967,25.09446005
112,2,26,18,23,2,08士林區,士林區中正路349巷與中正路口,0,0,1,2,C03,8,3,5,30,3,2,1,5,4,5,7,4,4,1,4,5,1,17,1,32,2,9,1,1,7,9,1,10,1,11,,14,,1,22,9,121.5223967,25.09446005
112,2,26,18,31,2,09北投區,北投區西安街1段289號,0,0,1,2,H02,8,3,5,50,14,8,1,5,4,5,7,4,4,1,4,4,2,9,2,57,2,1,4,5,7,17,8,20,1,16,,60,,1,22,9,121.5151371,25.11463381
112,2,26,18,31,2,09北投區,北投區西安街1段289號,0,0,1,1,A02,8,3,5,50,14,8,1,5,4,5,7,4,4,1,4,4,2,9,1,40,3,10,1,1,7,12,1,2,1,15,,23,,1,22,9,121.5151371,25.11463381
112,2,26,18,31,2,09北投區,北投區西安街1段289號,0,0,1,3,B12,8,3,5,50,14,8,1,5,4,5,7,4,4,1,4,4,2,9,1,43,3,10,1,1,7,10,1,8,11,15,,7,,1,22,9,121.5151371,25.11463381
112,2,26,18,58,2,04大安區,大安區市民大道3段226號,0,0,1,1,H01,7,3,5,0,14,9,1,5,4,5,7,4,4,1,4,1,2,3,1,71,3,10,4,5,8,16,8,20,10,16,,51,,1,22,9,121.5051664,25.06064367
112,2,26,18,58,2,04大安區,大安區市民大道3段226號,0,0,1,2,C03,7,3,5,0,14,9,1,5,4,5,7,4,4,1,4,1,2,3,1,40,2,9,1,1,7,9,1,10,1,14,,13,,1,22,9,121.5051664,25.06064367
112,2,26,19,0,2,03中山區,中山區市民大道3段與建國南路1段口,0,0,1,1,C03,8,3,5,50,4,2,1,5,4,5,7,2,1,1,4,5,2,12,1,26,3,10,1,1,7,5,1,10,1,14,,8,,1,22,9,121.5363444,25.0447184
112,2,26,19,0,2,03中山區,中山區市民大道3段與建國南路1段口,0,0,1,2,C03,8,3,5,50,4,2,1,5,4,5,7,2,1,1,4,5,2,12,1,34,2,9,1,1,7,9,1,10,1,12,,13,,1,22,9,121.5363444,25.0447184
112,2,26,19,0,2,12內湖區,內湖區港墘路與港墘路82巷口,0,0,1,2,C03,8,3,5,50,4,1,1,5,4,5,7,1,1,1,4,5,1,15,1,39,2,9,3,4,7,9,1,10,1,14,,44,,1,22,9,121.5777216,25.0807638
112,2,26,19,0,2,12內湖區,內湖區港墘路與港墘路82巷口,0,0,1,1,B03,8,3,5,50,4,1,1,5,4,5,7,1,1,1,4,5,1,15,1,39,3,10,3,4,7,11,1,8,1,8,,10,,1,22,9,121.5777216,25.0807638
112,2,26,19,3,2,06松山區,松山區八德路4段110號,0,0,1,1,B01,8,3,5,50,14,9,1,5,4,5,7,1,1,4,3,5,2,17,1,60,3,10,3,4,7,11,1,4,1,7,,10,,1,22,9,121.5609403,25.04855407
112,2,26,19,3,2,06松山區,松山區八德路4段110號,0,0,1,2,C03,8,3,5,50,14,9,1,5,4,5,7,1,1,4,3,5,2,17,2,31,2,9,1,1,7,9,1,10,1,11,,42,,1,22,9,121.5609403,25.04855407
112,2,26,19,25,2,09北投區,北投區東陽街與東華街1段口口,0,0,1,2,C03,8,3,5,30,4,2,1,5,4,5,7,1,1,9,4,5,2,11,1,59,2,9,1,1,7,1,1,10,2,11,,26,,1,22,9,121.5174935,25.1122898
112,2,26,19,25,2,09北投區,北投區東陽街與東華街1段口口,0,0,1,1,B03,8,3,5,30,4,2,1,5,4,5,7,1,1,9,4,5,2,11,2,45,3,10,1,1,7,5,1,8,2,8,,8,,1,22,9,121.5174935,25.1122898
112,2,26,19,32,2,09北投區,北投區新民路與新民路1巷口,0,0,1,1,B03,8,1,5,40,3,2,1,5,4,5,7,4,4,7,4,5,1,11,1,29,3,10,1,1,7,5,1,8,1,5,,6,,1,22,9,121.5078267,25.13951742
112,2,26,19,32,2,09北投區,北投區新民路與新民路1巷口,0,0,1,2,C03,8,1,5,40,3,2,1,5,4,5,7,4,4,7,4,5,1,11,2,50,2,3,1,1,7,9,1,10,1,11,,29,,1,22,9,121.5078267,25.13951742
112,2,26,21,20,2,03中山區,中山區復興南路1段與八德路1段口,0,0,2,5,C03,8,3,5,50,4,1,1,5,4,5,7,2,1,1,4,5,2,13,1,34,2,9,1,1,7,9,1,10,1,11,,16,,1,22,9,121.5437982,25.04751844
112,2,26,21,20,2,03中山區,中山區復興南路1段與八德路1段口,0,0,2,4,C03,8,3,5,50,4,1,1,5,4,5,7,2,1,1,4,5,2,13,1,29,2,8,1,1,7,9,1,10,1,13,,44,,1,22,9,121.5437982,25.04751844
112,2,26,21,20,2,03中山區,中山區復興南路1段與八德路1段口,0,0,2,1,B01,8,3,5,50,4,1,1,5,4,5,7,2,1,1,4,5,2,13,1,58,3,10,1,1,7,7,1,4,1,15,,7,,1,22,9,121.5437982,25.04751844
112,2,26,21,20,2,03中山區,中山區復興南路1段與八德路1段口,0,0,2,2,C03,8,3,5,50,4,1,1,5,4,5,7,2,1,1,4,5,2,13,2,37,3,10,1,1,7,9,1,10,1,13,,44,,1,22,9,121.5437982,25.04751844
112,2,26,21,20,2,03中山區,中山區復興南路1段與八德路1段口,0,0,2,3,C03,8,3,5,50,4,1,1,5,4,5,7,2,1,1,4,5,2,13,2,37,3,10,1,1,7,9,1,10,1,11,,17,,1,22,9,121.5437982,25.04751844
112,2,26,21,46,2,03中山區,中山區民族東路512巷與龍江路415巷口,0,0,2,1,C03,8,3,5,30,4,1,1,5,4,5,7,4,4,10,5,5,1,15,1,18,2,9,1,4,7,9,1,10,2,11,,6,,1,22,9,121.5420276,25.0664079
112,2,26,21,46,2,03中山區,中山區民族東路512巷與龍江路415巷口,0,0,2,2,C03,8,3,5,30,4,1,1,5,4,5,7,4,4,10,5,5,1,15,1,35,2,9,1,4,7,9,1,10,2,14,,13,,1,22,9,121.5420276,25.0664079
112,2,26,22,46,2,12內湖區,內湖區內湖路1段737巷30號,0,0,2,4,C03,7,3,5,50,14,9,1,5,4,5,7,4,4,9,5,5,2,17,1,29,3,10,3,4,7,13,1,10,1,12,,44,,1,22,9,121.5786297,25.07983748
112,2,26,22,46,2,12內湖區,內湖區內湖路1段737巷30號,0,0,2,1,B03,7,3,5,50,14,9,1,5,4,5,7,4,4,9,5,5,2,17,2,23,3,10,1,1,7,9,1,8,1,5,,23,,1,22,9,121.5786297,25.07983748
112,2,26,22,46,2,12內湖區,內湖區內湖路1段737巷30號,0,0,2,3,C03,7,3,5,50,14,9,1,5,4,5,7,4,4,9,5,5,2,17,1,28,2,8,3,4,7,13,1,10,11,15,,44,,1,22,9,121.5786297,25.07983748
112,2,26,22,46,2,12內湖區,內湖區內湖路1段737巷30號,0,0,2,5,C03,7,3,5,50,14,9,1,5,4,5,7,4,4,9,5,5,2,17,1,48,3,10,3,4,7,13,1,10,11,12,,38,,1,22,9,121.5786297,25.07983748
112,2,26,22,46,2,12內湖區,內湖區內湖路1段737巷30號,0,0,2,6,H02,7,3,5,50,14,9,1,5,4,5,7,4,4,9,5,5,2,17,1,14,2,8,3,4,7,21,8,20,10,16,,67,,1,22,9,121.5786297,25.07983748
112,2,26,22,46,2,12內湖區,內湖區內湖路1段737巷30號,0,0,2,2,C03,7,3,5,50,14,9,1,5,4,5,7,4,4,9,5,5,2,17,1,29,3,10,3,4,7,13,1,10,11,15,,38,,1,22,9,121.5786297,25.07983748
112,2,26,22,55,2,03中山區,中山區市民大道3段與建國南路1段口,0,0,2,1,C03,7,3,5,40,4,1,1,5,4,5,7,1,1,5,4,5,2,12,2,20,2,1,1,4,7,15,1,10,11,14,,23,,1,22,9,121.536467,25.04495961
112,2,26,22,55,2,03中山區,中山區市民大道3段與建國南路1段口,0,0,2,2,C03,7,3,5,40,4,1,1,5,4,5,7,1,1,5,4,5,2,12,1,49,2,8,1,4,7,14,1,10,2,12,,44,,1,22,9,121.536467,25.04495961
112,2,26,23,10,2,05中正區,中正區和平西路1段與泉州街口,0,0,2,2,C03,8,3,5,50,5,1,1,5,4,5,7,1,1,1,4,5,2,13,2,21,3,10,3,4,7,5,1,9,1,13,,44,,1,22,9,121.5146463,25.02774127
112,2,26,23,10,2,05中正區,中正區和平西路1段與泉州街口,0,0,2,1,C03,8,3,5,50,5,1,1,5,4,5,7,1,1,1,4,5,2,13,1,22,2,8,3,4,7,5,1,10,1,11,,23,,1,22,9,121.5146463,25.02774127
112,2,26,23,10,2,05中正區,中正區和平西路1段與泉州街口,0,0,2,3,H02,8,3,5,50,5,1,1,5,4,5,7,1,1,1,4,5,2,13,2,21,2,9,3,5,7,20,8,20,10,16,,67,,1,22,9,121.5146463,25.02774127
112,2,26,23,34,2,01大同區,大同區承德路3段與民族西路口,0,0,1,2,C03,8,3,5,50,4,1,1,5,4,5,7,1,1,5,4,5,2,17,1,18,2,8,1,1,7,9,1,10,2,11,,44,,1,22,9,121.5184725,25.0685374
112,2,26,23,34,2,01大同區,大同區承德路3段與民族西路口,0,0,1,1,A12,8,3,5,50,4,1,1,5,4,5,7,1,1,5,4,5,2,17,1,66,3,10,1,1,7,5,1,7,2,2,,6,,1,22,9,121.5184725,25.0685374
112,2,27,0,5,2,06松山區,松山區八德路4段與八德路4段389巷口,0,0,1,2,C03,8,3,5,50,3,1,1,5,4,5,7,4,4,5,4,5,2,16,1,41,2,9,1,1,7,15,4,11,1,13,,14,,1,22,9,121.5686283,25.04931717
112,2,27,0,5,2,06松山區,松山區八德路4段與八德路4段389巷口,0,0,1,1,B12,8,3,5,50,3,1,1,5,4,5,7,4,4,5,4,5,2,16,1,33,3,10,1,1,7,5,1,4,1,5,,6,,1,22,9,121.5686283,25.04931717
112,2,27,0,46,2,02萬華區,萬華區西園路2段與西藏路口,0,0,1,2,C03,8,3,5,50,4,1,1,5,4,5,7,1,1,1,4,5,2,16,1,28,2,9,1,1,7,9,1,10,1,11,,44,,1,22,9,121.4956793,25.0286303
112,2,27,0,46,2,02萬華區,萬華區西園路2段與西藏路口,0,0,1,1,B03,8,3,5,50,4,1,1,5,4,5,7,1,1,1,4,5,2,16,1,45,3,10,1,1,7,6,1,8,1,2,,6,,1,22,9,121.4956793,25.0286303
112,2,27,1,43,2,03中山區,中山區長安東路2段與建國北路1段口,0,0,5,2,B03,7,3,5,50,4,1,1,5,4,5,7,1,1,10,4,5,2,16,1,35,2,9,1,4,7,9,3,18,2,2,,25,,1,22,9,121.5365303,25.04845326
112,2,27,1,43,2,03中山區,中山區長安東路2段與建國北路1段口,0,0,5,6,H02,7,3,5,50,4,1,1,5,4,5,7,1,1,10,4,5,2,16,1,52,2,9,3,5,7,20,8,20,11,16,,67,,1,22,9,121.5365303,25.04845326
112,2,27,1,43,2,03中山區,中山區長安東路2段與建國北路1段口,0,0,5,5,H02,7,3,5,50,4,1,1,5,4,5,7,1,1,10,4,5,2,16,1,43,2,9,3,5,7,20,8,20,11,16,,67,,1,22,9,121.5365303,25.04845326
112,2,27,1,43,2,03中山區,中山區長安東路2段與建國北路1段口,0,0,5,3,H02,7,3,5,50,4,1,1,5,4,5,7,1,1,10,4,5,2,16,1,55,2,9,3,5,7,20,8,20,11,16,,67,,1,22,9,121.5365303,25.04845326
112,2,27,1,43,2,03中山區,中山區長安東路2段與建國北路1段口,0,0,5,1,B03,7,3,5,50,4,1,1,5,4,5,7,1,1,10,4,5,2,16,2,21,3,10,1,4,7,9,1,8,2,8,,25,,1,22,9,121.5365303,25.04845326
112,2,27,1,43,2,03中山區,中山區長安東路2段與建國北路1段口,0,0,5,4,H02,7,3,5,50,4,1,1,5,4,5,7,1,1,10,4,5,2,16,1,47,2,9,3,5,7,20,8,20,11,16,,67,,1,22,9,121.5365303,25.04845326
112,2,27,3,23,2,07信義區,信義區忠孝東路4段與光復南路口,0,0,1,1,C03,8,3,5,50,4,1,1,5,4,5,7,1,1,10,4,5,1,12,1,19,2,9,1,1,7,8,1,10,2,12,,44,,1,22,9,121.5578933,25.0414451
112,2,27,3,23,2,07信義區,信義區忠孝東路4段與光復南路口,0,0,1,2,B01,8,3,5,50,4,1,1,5,4,5,7,1,1,10,4,5,1,12,1,64,3,10,1,1,7,9,1,4,2,8,,25,,1,22,9,121.5578933,25.0414451
112,2,27,5,45,2,01大同區,大同區環河北路1段與鄭州路口,0,0,1,3,C03,8,1,5,50,4,1,1,5,4,5,7,1,1,5,4,5,2,16,2,51,2,9,1,1,7,14,1,10,2,14,,44,,1,22,9,121.5069544,25.05081982
112,2,27,5,45,2,01大同區,大同區環河北路1段與鄭州路口,0,0,1,2,C03,8,1,5,50,4,1,1,5,4,5,7,1,1,5,4,5,2,16,1,69,3,10,1,1,7,14,1,10,2,14,,44,,1,22,9,121.5069544,25.05081982
112,2,27,5,45,2,01大同區,大同區環河北路1段與鄭州路口,0,0,1,1,C03,8,1,5,50,4,1,1,5,4,5,7,1,1,5,4,5,2,16,1,48,3,10,1,1,7,8,1,10,2,11,,23,,1,22,9,121.5069544,25.05081982
112,2,27,9,0,2,01大同區,大同區重慶北路2段與歸綏街口,0,0,1,4,G03,8,1,5,50,4,1,1,5,4,1,5,2,1,1,4,5,2,13,3,0,,,,,,,,,11,,,60,,1,,,121.5135844,25.0582026
112,2,27,9,0,2,01大同區,大同區重慶北路2段與歸綏街口,0,0,1,5,,8,1,5,50,4,1,1,5,4,1,5,2,1,1,4,5,2,13,3,32,,,,,,,,,,,,60,,1,,,121.5135844,25.0582026
112,2,27,9,0,2,01大同區,大同區重慶北路2段與歸綏街口,0,0,1,3,A21,8,1,5,50,4,1,1,5,4,1,5,2,1,1,4,5,2,13,1,35,3,10,1,1,7,13,1,1,11,15,,60,,1,22,9,121.5135844,25.0582026
112,2,27,9,0,2,01大同區,大同區重慶北路2段與歸綏街口,0,0,1,2,B03,8,1,5,50,4,1,1,5,4,1,5,2,1,1,4,5,2,13,1,23,3,10,1,1,7,6,1,8,1,7,,44,,1,22,9,121.5135844,25.0582026
112,2,27,9,0,2,01大同區,大同區重慶北路2段與歸綏街口,0,0,1,1,C03,8,1,5,50,4,1,1,5,4,1,5,2,1,1,4,5,2,13,1,75,2,8,1,1,7,9,3,18,1,11,,16,,1,22,9,121.5135844,25.0582026
112,2,27,10,20,2,12內湖區,內湖區新湖三路61號,0,0,1,2,C03,8,1,5,50,14,9,1,5,4,5,7,4,4,5,4,5,1,16,1,29,2,9,1,1,7,9,1,10,1,14,,44,,1,22,9,121.5759758,25.06321181
112,2,27,10,20,2,12內湖區,內湖區新湖三路61號,0,0,1,1,B03,8,1,5,50,14,9,1,5,4,5,7,4,4,5,4,5,1,16,1,81,3,10,1,1,7,1,1,8,1,15,,19,,1,22,9,121.5759758,25.06321181
112,2,27,10,20,2,10文山區,文山區指南路1段51巷與木新路1段口,0,0,1,1,B03,8,1,5,30,3,1,1,5,4,5,7,1,1,5,4,5,2,3,2,52,3,10,3,4,7,6,1,8,2,1,,15,,1,21,8,121.5706332,24.98857421
112,2,27,10,20,2,10文山區,文山區指南路1段51巷與木新路1段口,0,0,1,2,H01,8,1,5,30,3,1,1,5,4,5,7,1,1,5,4,5,2,3,1,67,2,1,4,4,8,18,8,20,6,16,,67,,1,21,8,121.5706332,24.98857421
112,2,27,10,45,2,06松山區,(市民大道4段35號前),0,0,2,3,H02,8,1,5,40,14,9,1,5,4,5,7,4,4,1,3,5,2,17,2,30,2,9,1,5,7,21,8,20,10,16,,67,,1,22,9,121.5448484,25.04509428
112,2,27,10,45,2,06松山區,(市民大道4段35號前),0,0,2,1,C03,8,1,5,40,14,9,1,5,4,5,7,4,4,1,3,5,2,17,1,24,2,8,1,1,7,9,1,10,1,11,,13,,1,22,9,121.5448484,25.04509428
112,2,27,10,45,2,06松山區,(市民大道4段35號前),0,0,2,2,C03,8,1,5,40,14,9,1,5,4,5,7,4,4,1,3,5,2,17,2,27,3,10,1,1,7,8,1,10,1,13,,7,,1,22,9,121.5448484,25.04509428
112,2,27,10,54,2,08士林區,士林區格致路與格致路55巷口,0,0,1,1,B03,8,1,5,40,5,2,1,5,4,5,7,4,4,5,5,5,2,16,1,55,3,10,1,1,7,5,1,8,1,7,,8,,1,22,9,121.5465496,25.13776289
112,2,27,10,54,2,08士林區,士林區格致路與格致路55巷口,0,0,1,2,C03,8,1,5,40,5,2,1,5,4,5,7,4,4,5,5,5,2,16,2,46,2,9,1,1,7,9,1,10,1,11,,23,,1,22,9,121.5465496,25.13776289
112,2,27,11,0,2,10文山區,文山區景美堤外便道(景美019燈桿),0,0,2,1,F01,8,1,5,0,14,9,1,5,4,5,7,4,4,9,5,5,1,2,1,65,2,8,1,1,7,9,8,20,2,16,,23,,1,22,9,121.5367127,24.98977875
112,2,27,11,0,2,10文山區,文山區景美堤外便道(景美019燈桿),0,0,2,2,H01,8,1,5,0,14,9,1,5,4,5,7,4,4,9,5,5,1,2,2,62,2,9,4,5,8,16,8,20,10,16,,67,,1,22,9,121.5367127,24.98977875
112,2,27,12,8,2,09北投區,北投區東昇路34號泉源國小前,0,0,3,3,H02,8,1,5,50,11,9,1,5,4,5,7,4,4,10,4,5,1,10,2,42,2,9,3,5,7,21,8,20,10,16,,67,,1,22,9,121.5238084,25.14940414
112,2,27,12,8,2,09北投區,北投區東昇路34號泉源國小前,0,0,3,2,B03,8,1,5,50,11,9,1,5,4,5,7,4,4,10,4,5,1,10,1,45,3,10,1,1,7,9,1,8,1,8,,43,,1,22,9,121.5238084,25.14940414
112,2,27,12,8,2,09北投區,北投區東昇路34號泉源國小前,0,0,3,4,H02,8,1,5,50,11,9,1,5,4,5,7,4,4,10,4,5,1,10,1,1,2,9,3,5,7,21,8,20,10,16,,67,,1,22,9,121.5238084,25.14940414
112,2,27,12,8,2,09北投區,北投區東昇路34號泉源國小前,0,0,3,5,H02,8,1,5,50,11,9,1,5,4,5,7,4,4,10,4,5,1,10,1,34,2,9,1,1,7,21,8,20,10,16,,67,,1,22,9,121.5238084,25.14940414
112,2,27,12,8,2,09北投區,北投區東昇路34號泉源國小前,0,0,3,1,B03,8,1,5,50,11,9,1,5,4,5,7,4,4,10,4,5,1,10,2,54,3,10,1,1,7,9,1,8,1,8,,43,,1,22,9,121.5238084,25.14940414
112,2,27,12,59,2,07信義區,信義區中坡北路與松隆路口,0,0,1,1,B03,8,1,5,50,3,1,1,5,4,5,7,1,1,1,4,5,1,16,2,24,3,10,3,4,7,6,1,8,2,5,,9,,1,22,9,121.5799273,25.0484489
112,2,27,12,59,2,07信義區,信義區中坡北路與松隆路口,0,0,1,2,F01,8,1,5,50,3,1,1,5,4,5,7,1,1,1,4,5,1,16,1,14,2,9,3,4,7,11,8,20,8,16,,11,,1,22,9,121.5799273,25.0484489
112,2,27,13,3,2,08士林區,士林區重慶北路4段49巷與重慶北路4段49巷40弄口,0,0,2,3,C03,8,1,5,30,4,1,1,5,4,5,7,4,4,10,5,5,2,15,1,46,3,10,3,4,7,13,1,9,11,12,,38,,1,22,9,121.5116984,25.08098624
112,2,27,13,3,2,08士林區,士林區重慶北路4段49巷與重慶北路4段49巷40弄口,0,0,2,2,C03,8,1,5,30,4,1,1,5,4,5,7,4,4,10,5,5,2,15,2,18,2,8,1,1,7,9,1,10,1,11,,44,,1,22,9,121.5116984,25.08098624
112,2,27,13,3,2,08士林區,士林區重慶北路4段49巷與重慶北路4段49巷40弄口,0,0,2,1,C03,8,1,5,30,4,1,1,5,4,5,7,4,4,10,5,5,2,15,2,51,2,8,1,1,7,9,1,10,1,12,,4,,1,22,9,121.5116984,25.08098624
112,2,27,13,8,2,08士林區,士林區中山北路6段與中山北路6段236巷口,0,0,1,1,C03,8,1,5,50,4,2,1,5,4,5,7,2,1,1,4,5,1,13,1,39,2,8,1,1,7,9,1,10,1,11,,16,,1,22,9,121.5253201,25.10886033
112,2,27,13,8,2,08士林區,士林區中山北路6段與中山北路6段236巷口,0,0,1,2,B03,8,1,5,50,4,2,1,5,4,5,7,2,1,1,4,5,1,13,2,51,3,10,1,1,7,9,1,8,1,6,,44,,1,22,9,121.5253201,25.10886033
112,2,27,13,14,2,01大同區,大同區歸綏街297號,0,0,1,2,C03,8,1,5,30,14,9,1,5,4,5,7,4,4,4,4,5,2,17,2,70,2,9,3,4,7,9,1,10,1,12,,44,,1,22,9,121.5090133,25.05812147
112,2,27,13,14,2,01大同區,大同區歸綏街297號,0,0,1,1,B03,8,1,5,30,14,9,1,5,4,5,7,4,4,4,4,5,2,17,1,55,3,10,3,4,7,14,1,8,1,8,,40,,1,22,9,121.5090133,25.05812147
112,2,27,13,53,2,12內湖區,內湖區堤頂大道1段與港墘路口,0,0,1,2,C03,8,1,5,70,3,1,1,5,4,5,7,2,1,1,4,5,2,17,1,57,2,9,1,1,7,5,1,10,1,14,,44,,1,22,9,121.5723047,25.07451484
112,2,27,13,53,2,12內湖區,內湖區堤頂大道1段與港墘路口,0,0,1,1,B03,8,1,5,70,3,1,1,5,4,5,7,2,1,1,4,5,2,17,2,71,3,10,1,1,7,9,1,8,1,1,,25,,1,22,9,121.5723047,25.07451484
112,2,27,14,2,2,04大安區,大安區瑞安街208巷與瑞安街208巷58弄口,0,0,3,3,H02,8,1,5,30,5,1,1,5,4,5,7,4,4,9,5,5,2,15,2,47,2,8,1,5,7,21,8,20,10,16,,67,,1,22,9,121.5405508,25.0299187