發生年度,發生月,發生日,發生時-Hours,發生分,處理別-編號,區序,肇事地點,死亡人數,2-30日死亡人數,受傷人數,當事人序號,車種,天候,光線,道路類別,速限-速度限制,道路型態,事故位置,路面狀況1,路面狀況2,路面狀況3,道路障礙1,道路障礙2,號誌1,號誌2,車道劃分-分向,車道劃分-分道1,車道劃分-分道2,車道劃分-分道3,事故類型及型態,性別,年齡,受傷程度,主要傷處,保護裝置,行動電話,車輛用途,當事者行動狀態,駕駛資格情形,駕駛執照種類,飲酒情形,車輛撞擊部位1,車輛撞擊部位2,肇因碼-個別,肇因碼-主要,個人肇逃否,職業,旅次目的,座標-X,座標-Y
112,2,28,10,25,2,09北投區,北投區光明路與七星街口,0,0,1,1,B02,8,1,5,50,5,1,1,5,4,5,7,1,1,5,4,5,2,16,1,62,3,10,1,1,7,6,1,15,1,5,,6,,1,22,9,121.5040563,25.13691456
112,2,28,10,25,2,09北投區,北投區光明路與七星街口,0,0,1,2,C03,8,1,5,50,5,1,1,5,4,5,7,1,1,5,4,5,2,16,2,19,2,9,1,1,7,9,1,10,1,14,,44,,1,22,9,121.5040563,25.13691456
112,2,28,10,54,2,12內湖區,內湖區東湖路與東湖路119巷口,0,0,1,1,C03,8,1,5,50,3,1,1,5,4,5,7,1,1,5,4,5,1,12,1,21,3,10,1,1,7,8,1,10,1,13,,27,,1,22,9,121.6162688,25.0682476
112,2,28,10,54,2,12內湖區,內湖區東湖路與東湖路119巷口,0,0,1,2,C03,8,1,5,50,3,1,1,5,4,5,7,1,1,5,4,5,1,12,1,24,2,9,1,1,7,9,1,10,1,11,,16,,1,22,9,121.6162688,25.0682476
112,2,28,11,9,2,06松山區,松山區光復南路6巷與光復南路6巷48弄口,0,0,1,2,B02,8,1,5,30,4,1,1,5,4,5,7,4,4,10,5,5,2,15,1,28,3,10,1,1,7,9,1,8,2,1,,14,,1,22,9,121.5563275,25.0474655
112,2,28,11,9,2,06松山區,松山區光復南路6巷與光復南路6巷48弄口,0,0,1,1,C03,8,1,5,30,4,1,1,5,4,5,7,4,4,10,5,5,2,15,2,55,2,9,1,1,7,9,4,8,2,14,,6,,1,22,9,121.5563275,25.0474655
112,2,28,11,30,2,08士林區,士林區中山北路5段與中山北路5段699巷口,0,0,1,1,B03,8,1,5,50,5,1,1,5,4,5,7,2,1,4,3,5,2,17,1,67,3,10,3,4,7,5,1,8,1,5,,8,,1,22,9,121.527277,25.09778
112,2,28,11,30,2,08士林區,士林區中山北路5段與中山北路5段699巷口,0,0,1,2,C03,8,1,5,50,5,1,1,5,4,5,7,2,1,4,3,5,2,17,1,23,2,9,1,4,7,9,1,10,1,11,,13,,1,22,9,121.527277,25.09778
112,2,28,11,40,2,09北投區,北投區公館路433號與公館路口,0,0,2,2,C03,8,1,5,50,3,2,1,5,4,5,7,3,1,7,4,5,2,12,2,48,2,9,1,1,7,9,1,10,1,11,,44,,1,22,9,121.5020751,25.12024658
112,2,28,11,40,2,09北投區,北投區公館路433號與公館路口,0,0,2,1,C03,8,1,5,50,3,2,1,5,4,5,7,3,1,7,4,5,2,12,1,57,2,8,1,1,7,8,1,10,1,11,,7,,1,22,9,121.5020751,25.12024658
112,2,28,11,42,2,12內湖區,內湖區康寧路3段189巷11弄與康寧路3段189巷12弄口,0,0,1,1,B03,8,1,5,30,4,1,1,5,4,5,7,4,4,10,5,5,2,17,1,91,3,10,1,1,7,9,1,8,2,1,,6,,1,22,9,121.6125846,25.0703182
112,2,28,11,42,2,12內湖區,內湖區康寧路3段189巷11弄與康寧路3段189巷12弄口,0,0,1,2,C03,8,1,5,30,4,1,1,5,4,5,7,4,4,10,5,5,2,17,2,31,2,9,1,1,7,9,1,10,2,12,,44,,1,22,9,121.6125846,25.0703182
112,2,28,11,50,2,05中正區,中正區中山南路與凱達格蘭大道口,0,0,2,1,C03,8,1,5,50,4,4,1,5,4,5,7,1,1,1,4,5,2,13,2,23,2,9,1,1,7,9,1,10,2,11,,23,,1,22,9,121.5176606,25.039598
112,2,28,11,50,2,05中正區,中正區中山南路與凱達格蘭大道口,0,0,2,2,C03,8,1,5,50,4,4,1,5,4,5,7,1,1,1,4,5,2,13,1,41,2,9,1,1,7,14,1,10,2,13,,44,,1,22,9,121.5176606,25.039598
112,2,28,11,52,2,02萬華區,萬華區西園路2段與莒光路口,0,0,1,1,B03,8,1,5,50,14,9,1,5,4,5,7,2,1,1,4,5,1,17,1,32,4,11,3,4,7,15,7,19,11,15,,23,,2,22,9,121.4968414,25.03096776
112,2,28,11,52,2,02萬華區,萬華區西園路2段與莒光路口,0,0,1,2,C03,8,1,5,50,14,9,1,5,4,5,7,2,1,1,4,5,1,17,1,44,2,8,3,4,7,9,1,10,1,12,,44,,1,22,9,121.4968414,25.03096776
112,2,28,12,0,2,03中山區,中山區新生北路2段與民生東路1段口,0,0,1,2,F01,7,1,5,0,14,9,1,5,4,1,7,4,4,1,5,5,1,28,2,63,2,9,3,4,7,9,8,20,11,16,,43,,1,22,9,121.5274293,25.058477
112,2,28,12,0,2,03中山區,中山區新生北路2段與民生東路1段口,0,0,1,1,,7,1,5,0,14,9,1,5,4,1,7,4,4,1,5,5,1,28,3,28,,,,,,,,,,,,43,,1,,,121.5274293,25.058477
112,2,28,13,20,2,05中正區,中正區汀州路1段208號,0,0,2,2,C03,8,1,5,50,14,9,1,5,4,5,7,4,4,10,4,5,1,16,2,39,2,9,1,1,7,9,1,10,1,11,,44,,1,22,9,121.5095533,25.02796195
112,2,28,13,20,2,05中正區,中正區汀州路1段208號,0,0,2,1,C03,8,1,5,50,14,9,1,5,4,5,7,4,4,10,4,5,1,16,1,69,2,9,1,1,7,5,1,10,1,11,,8,,1,22,9,121.5095533,25.02796195
112,2,28,13,40,2,04大安區,大安區基隆路3段與基隆路3段156巷口,0,0,4,1,C03,8,1,5,50,4,1,1,5,4,5,7,1,1,9,5,5,1,13,1,46,2,7,1,1,7,9,1,10,1,11,,16,,1,22,9,121.5426751,25.0159546
112,2,28,13,40,2,04大安區,大安區基隆路3段與基隆路3段156巷口,0,0,4,3,C03,8,1,5,50,4,1,1,5,4,5,7,1,1,9,5,5,1,13,2,46,2,8,1,1,7,9,1,10,1,11,,16,,1,22,9,121.5426751,25.0159546
112,2,28,13,40,2,04大安區,大安區基隆路3段與基隆路3段156巷口,0,0,4,4,C03,8,1,5,50,4,1,1,5,4,5,7,1,1,9,5,5,1,13,1,45,2,3,1,1,7,9,1,10,1,12,,16,,1,22,9,121.5426751,25.0159546
112,2,28,13,40,2,04大安區,大安區基隆路3段與基隆路3段156巷口,0,0,4,5,H02,8,1,5,50,4,1,1,5,4,5,7,1,1,9,5,5,1,13,1,14,2,8,1,1,7,20,8,20,10,16,,67,,1,22,9,121.5426751,25.0159546
112,2,28,13,40,2,04大安區,大安區基隆路3段與基隆路3段156巷口,0,0,4,2,B03,8,1,5,50,4,1,1,5,4,5,7,1,1,9,5,5,1,13,1,47,3,10,1,1,7,9,1,8,1,6,,44,,1,22,9,121.5426751,25.0159546
112,2,28,13,50,2,08士林區,士林區通河西街2段69號,0,0,4,1,B03,8,1,8,30,15,22,1,5,4,5,7,4,4,8,5,5,1,17,1,20,3,10,1,1,7,5,1,8,1,1,,10,,1,22,9,121.5100822,25.09175939
112,2,28,13,50,2,08士林區,士林區通河西街2段69號,0,0,4,5,H02,8,1,8,30,15,22,1,5,4,5,7,4,4,8,5,5,1,17,1,6,2,9,1,5,7,20,8,20,10,16,,67,,1,22,9,121.5100822,25.09175939
112,2,28,13,50,2,08士林區,士林區通河西街2段69號,0,0,4,4,H02,8,1,8,30,15,22,1,5,4,5,7,4,4,8,5,5,1,17,1,8,2,9,1,5,7,20,8,20,10,16,,67,,1,22,9,121.5100822,25.09175939
112,2,28,13,50,2,08士林區,士林區通河西街2段69號,0,0,4,2,C03,8,1,8,30,15,22,1,5,4,5,7,4,4,8,5,5,1,17,1,40,2,9,1,1,7,9,1,10,1,11,,32,,1,22,9,121.5100822,25.09175939
112,2,28,13,50,2,08士林區,士林區通河西街2段69號,0,0,4,3,H02,8,1,8,30,15,22,1,5,4,5,7,4,4,8,5,5,1,17,2,37,2,9,1,5,7,20,8,20,10,16,,67,,1,22,9,121.5100822,25.09175939
112,2,28,14,10,2,05中正區,中正區忠孝東路2段與八德路1段口,0,0,2,1,C03,8,1,5,50,3,1,1,5,4,5,7,1,1,1,4,5,2,12,2,28,2,9,1,1,7,5,1,10,2,14,,25,,1,22,9,121.528757,25.0433779
112,2,28,14,10,2,05中正區,中正區忠孝東路2段與八德路1段口,0,0,2,2,C03,8,1,5,50,3,1,1,5,4,5,7,1,1,1,4,5,2,12,1,33,2,9,1,1,7,9,1,10,2,11,,44,,1,22,9,121.528757,25.0433779
112,2,28,14,25,2,09北投區,北投區陽明路1段與陽明路1段43巷口口,0,0,2,1,B03,8,1,5,40,3,1,1,5,4,5,7,3,1,5,5,5,2,16,1,59,3,10,1,1,7,6,1,8,1,5,,9,,1,22,9,121.5493934,25.14908379
112,2,28,14,25,2,09北投區,北投區陽明路1段與陽明路1段43巷口口,0,0,2,2,C03,8,1,5,40,3,1,1,5,4,5,7,3,1,5,5,5,2,16,1,33,2,9,1,1,7,9,1,10,1,14,,23,,1,22,9,121.5493934,25.14908379
112,2,28,14,25,2,09北投區,北投區陽明路1段與陽明路1段43巷口口,0,0,2,3,H02,8,1,5,40,3,1,1,5,4,5,7,3,1,5,5,5,2,16,2,30,2,9,1,1,7,21,8,20,10,16,,67,,1,22,9,121.5493934,25.14908379
112,2,28,14,43,2,03中山區,中山區松江路133巷與南京東路2段115巷口,0,0,1,2,B12,8,1,5,30,4,1,1,5,4,5,7,4,4,10,5,5,1,16,1,62,3,10,3,4,7,9,1,8,1,5,,23,,1,22,9,121.5336415,25.0543555
112,2,28,14,43,2,03中山區,中山區松江路133巷與南京東路2段115巷口,0,0,1,1,B01,8,1,5,30,4,1,1,5,4,5,7,4,4,10,5,5,1,16,1,65,2,7,3,4,7,9,1,8,1,8,,6,,1,22,9,121.5336415,25.0543555
112,2,28,15,2,2,03中山區,中山區松江路186號,0,0,1,1,B03,8,1,5,50,14,9,1,5,4,5,7,4,4,1,4,5,2,11,1,72,3,10,3,4,7,8,1,8,1,5,,7,,1,22,9,121.5329988,25.0564299
112,2,28,15,2,2,03中山區,中山區松江路186號,0,0,1,2,C03,8,1,5,50,14,9,1,5,4,5,7,4,4,1,4,5,2,11,1,33,2,8,1,1,7,9,1,10,1,14,,44,,1,22,9,121.5329988,25.0564299
112,2,28,15,46,2,04大安區,大安區市民大道4段與敦化南路1段口,0,0,1,1,B02,8,1,5,40,4,1,1,5,4,5,7,1,1,10,5,5,2,16,1,45,3,10,1,1,7,6,1,8,1,5,,9,,1,22,9,121.5486313,25.0447573
112,2,28,15,46,2,04大安區,大安區市民大道4段與敦化南路1段口,0,0,1,2,C03,8,1,5,40,4,1,1,5,4,5,7,1,1,10,5,5,2,16,1,24,2,8,1,1,7,9,1,10,1,14,,23,,1,22,9,121.5486313,25.0447573
112,2,28,15,50,2,03中山區,中山區建國北路2段與南京東路3段口,0,0,1,2,B03,8,1,5,50,4,2,1,5,4,5,7,1,1,10,4,5,2,16,1,45,3,10,1,1,7,9,1,8,1,8,1,44,,1,22,9,121.536999,25.052239
112,2,28,15,50,2,03中山區,中山區建國北路2段與南京東路3段口,0,0,1,1,F01,8,1,5,50,4,2,1,5,4,5,7,1,1,10,4,5,2,16,1,29,2,9,1,1,7,9,8,20,1,16,,25,,1,22,9,121.536999,25.052239
112,2,28,15,54,2,07信義區,信義區忠孝東路5段423巷與虎林街120巷口,0,0,1,2,,7,1,5,30,4,1,1,5,4,5,7,4,4,10,4,5,1,18,3,0,,,,,,,,,,,,67,,1,,,121.5754119,25.042233
112,2,28,15,54,2,07信義區,信義區忠孝東路5段423巷與虎林街120巷口,0,0,1,1,C03,7,1,5,30,4,1,1,5,4,5,7,4,4,10,4,5,1,18,1,64,2,8,3,4,7,5,1,10,1,13,,48,,1,22,9,121.5754119,25.042233
112,2,28,15,59,2,10文山區,文山區指南路2段與指南路2段197巷口,0,0,1,2,C03,8,1,5,30,3,1,1,5,4,5,7,3,1,5,5,5,1,16,1,61,3,10,1,1,7,9,1,10,1,12,,44,,1,22,9,121.5782768,24.9871253
112,2,28,15,59,2,10文山區,文山區指南路2段與指南路2段197巷口,0,0,1,3,H02,8,1,5,30,3,1,1,5,4,5,7,3,1,5,5,5,1,16,2,39,2,8,1,5,7,17,8,20,10,16,,67,,1,22,9,121.5782768,24.9871253
112,2,28,15,59,2,10文山區,文山區指南路2段與指南路2段197巷口,0,0,1,1,B03,8,1,5,30,3,1,1,5,4,5,7,3,1,5,5,5,1,16,1,59,3,10,1,1,7,5,1,8,1,1,,6,,1,22,9,121.5782768,24.9871253
112,2,28,16,4,2,03中山區,中山區濱江街與建國北路3段口,0,0,1,1,B03,8,1,5,50,4,1,1,5,4,5,7,1,1,1,4,5,2,16,1,34,3,10,3,4,7,9,6,18,1,1,,25,,1,22,9,121.5315568,25.07226789
112,2,28,16,4,2,03中山區,中山區濱江街與建國北路3段口,0,0,1,2,C03,8,1,5,50,4,1,1,5,4,5,7,1,1,1,4,5,2,16,1,69,2,9,3,4,7,5,1,10,1,12,,44,,1,22,9,121.5315568,25.07226789
112,2,28,16,6,2,11南港區,南港區南港路1段277巷與市民大道8段口,0,0,1,1,B12,8,1,5,50,4,1,1,5,4,5,6,2,1,5,4,5,2,10,2,42,3,10,1,1,7,9,1,8,2,1,,23,,1,22,9,121.614471,25.0554995
112,2,28,16,6,2,11南港區,南港區南港路1段277巷與市民大道8段口,0,0,1,2,F01,8,1,5,50,4,1,1,5,4,5,6,2,1,5,4,5,2,10,1,22,2,9,1,4,7,9,8,20,2,16,,23,,1,22,9,121.614471,25.0554995
112,2,28,16,12,2,09北投區,北投區中央南路1段與中正街口,0,0,3,2,C03,8,1,5,30,4,1,1,5,4,5,7,4,4,10,5,5,1,15,1,40,2,9,1,1,7,9,1,10,1,11,,32,,1,22,9,121.5013058,25.1317358
112,2,28,16,12,2,09北投區,北投區中央南路1段與中正街口,0,0,3,3,H02,8,1,5,30,4,1,1,5,4,5,7,4,4,10,5,5,1,15,2,42,2,9,1,1,7,20,8,20,10,16,,67,,1,22,9,121.5013058,25.1317358
112,2,28,16,12,2,09北投區,北投區中央南路1段與中正街口,0,0,3,1,C03,8,1,5,30,4,1,1,5,4,5,7,4,4,10,5,5,1,15,2,64,3,10,1,1,7,9,1,10,1,14,,6,,1,22,9,121.5013058,25.1317358
112,2,28,16,12,2,09北投區,北投區中央南路1段與中正街口,0,0,3,4,H02,8,1,5,30,4,1,1,5,4,5,7,4,4,10,5,5,1,15,2,5,2,9,1,1,7,20,8,20,10,16,,67,,1,22,9,121.5013058,25.1317358
112,2,28,16,19,2,04大安區,大安區忠孝東路4段26巷與大安路1段106巷口,0,0,1,1,B03,8,1,5,30,3,1,1,5,4,5,7,4,4,10,5,5,2,12,2,41,3,10,1,1,7,1,1,8,1,5,,19,,1,22,9,121.5444351,25.040135
112,2,28,16,19,2,04大安區,大安區忠孝東路4段26巷與大安路1段106巷口,0,0,1,2,C03,8,1,5,30,3,1,1,5,4,5,7,4,4,10,5,5,2,12,1,27,2,9,1,1,7,9,1,10,1,14,,23,,1,22,9,121.5444351,25.040135
112,2,28,16,20,2,10文山區,文山區景美堤外便道第039號燈桿前,0,0,1,2,C03,8,1,5,40,11,9,1,5,4,5,1,4,4,10,5,5,2,17,2,51,2,8,1,1,7,6,1,10,1,11,,44,,1,22,9,121.558918,24.9792554
112,2,28,16,20,2,10文山區,文山區景美堤外便道第039號燈桿前,0,0,1,1,B03,8,1,5,40,11,9,1,5,4,5,1,4,4,10,5,5,2,17,2,65,3,10,1,1,7,5,1,8,1,8,,4,,1,22,9,121.558918,24.9792554
112,2,28,16,41,2,10文山區,文山區新光路2段30號公務門旁,0,0,1,2,C03,8,1,5,50,15,9,1,5,4,5,7,4,4,10,4,4,2,17,1,29,2,9,1,1,7,7,1,9,1,11,,7,,1,21,1,121.5825612,24.9999923
112,2,28,16,41,2,10文山區,文山區新光路2段30號公務門旁,0,0,1,1,B12,8,1,5,50,15,9,1,5,4,5,7,4,4,10,4,4,2,17,1,24,3,10,1,1,7,8,1,8,2,6,,7,,1,22,9,121.5825612,24.9999923
112,2,28,17,5,2,09北投區,北投區立德路1號,0,0,2,1,C03,8,1,5,50,14,18,1,5,4,5,7,3,1,9,4,5,2,3,2,29,2,1,3,4,7,9,1,10,2,11,,15,,1,22,9,121.4714292,25.12322189
112,2,28,17,5,2,09北投區,北投區立德路1號,0,0,2,2,H01,8,1,5,50,14,18,1,5,4,5,7,3,1,9,4,5,2,3,2,26,2,2,4,5,8,16,8,20,10,16,,67,,1,22,9,121.4714292,25.12322189
112,2,28,17,6,2,04大安區,大安區復興南路2段與復興南路2段78巷口,0,0,1,1,C03,8,1,5,50,4,1,1,5,4,5,7,1,1,4,5,5,2,17,2,36,2,8,1,1,7,5,1,10,1,11,,6,,1,22,9,121.5435371,25.0311054
112,2,28,17,6,2,04大安區,大安區復興南路2段與復興南路2段78巷口,0,0,1,2,C03,8,1,5,50,4,1,1,5,4,5,7,1,1,4,5,5,2,17,1,25,3,10,1,1,7,9,1,10,1,11,,44,,1,22,9,121.5435371,25.0311054
112,2,28,17,20,2,10文山區,文山區萬壽路燈桿221號旁,0,0,1,1,C03,8,1,5,30,11,9,1,5,4,5,7,4,4,9,4,5,2,12,1,23,2,8,1,1,7,9,1,10,1,11,,17,,1,22,9,121.5842841,24.99019909
112,2,28,17,20,2,10文山區,文山區萬壽路燈桿221號旁,0,0,1,2,B03,8,1,5,30,11,9,1,5,4,5,7,4,4,9,4,5,2,12,2,55,3,10,1,1,7,9,1,8,1,6,,13,,1,22,9,121.5842841,24.99019909
112,2,28,17,25,2,08士林區,士林區中山北路5段與中山北路5段699巷口,0,0,2,2,C03,8,3,5,50,4,1,1,5,4,5,7,1,1,1,5,5,2,16,2,46,2,9,1,1,7,9,1,10,1,11,,44,,1,22,9,121.5272263,25.09778116
112,2,28,17,25,2,08士林區,士林區中山北路5段與中山北路5段699巷口,0,0,2,1,C03,8,3,5,50,4,1,1,5,4,5,7,1,1,1,5,5,2,16,2,68,2,9,1,1,7,6,1,10,1,12,,6,,1,22,9,121.5272263,25.09778116
112,2,28,17,35,2,08士林區,士林區福港街與福港街149巷口,0,0,1,1,B03,8,1,5,50,4,1,1,5,4,5,7,4,4,10,5,5,1,17,1,62,3,10,1,1,7,5,1,8,1,1,,23,,1,22,9,121.5179499,25.08755728
112,2,28,17,35,2,08士林區,士林區福港街與福港街149巷口,0,0,1,2,C03,8,1,5,50,4,1,1,5,4,5,7,4,4,10,5,5,1,17,2,47,2,9,1,1,7,14,1,10,1,11,,6,,1,22,9,121.5179499,25.08755728
112,2,28,17,38,2,06松山區,(光復南路32巷34-2號旁),0,0,1,1,C03,8,3,5,30,14,9,1,5,4,5,7,3,1,9,4,5,2,17,1,22,2,9,1,1,7,9,1,10,1,12,,25,,1,22,9,121.5552952,25.0463965
112,2,28,17,38,2,06松山區,(光復南路32巷34-2號旁),0,0,1,2,B03,8,3,5,30,14,9,1,5,4,5,7,3,1,9,4,5,2,17,2,60,3,10,1,1,7,9,1,8,1,1,,26,,1,22,9,121.5552952,25.0463965
112,2,28,17,39,2,12內湖區,內湖區民權東路6段15巷與民權東路6段19巷口,0,0,2,1,B03,8,1,5,50,3,2,1,5,4,5,7,4,4,9,5,5,2,17,2,56,3,10,1,1,7,12,1,8,1,15,,42,,1,22,9,121.5771172,25.0688071
112,2,28,17,39,2,12內湖區,內湖區民權東路6段15巷與民權東路6段19巷口,0,0,2,2,C03,8,1,5,50,3,2,1,5,4,5,7,4,4,9,5,5,2,17,1,64,2,9,1,1,7,12,1,10,1,15,,42,,1,22,9,121.5771172,25.0688071
112,2,28,17,39,2,12內湖區,內湖區民權東路6段15巷與民權東路6段19巷口,0,0,2,3,H02,8,1,5,50,3,2,1,5,4,5,7,4,4,9,5,5,2,17,2,66,2,9,1,5,7,21,8,20,10,16,,67,,1,22,9,121.5771172,25.0688071
112,2,28,18,40,2,09北投區,北投區榮華三路與懷德街口,0,0,1,1,B03,8,1,5,50,4,1,1,5,4,5,7,2,1,5,4,5,2,16,1,54,3,10,1,1,7,5,1,8,1,8,,6,,1,22,9,121.5198262,25.11419106
112,2,28,18,40,2,09北投區,北投區榮華三路與懷德街口,0,0,1,2,C03,8,1,5,50,4,1,1,5,4,5,7,2,1,5,4,5,2,16,1,66,2,9,1,1,7,1,1,10,1,14,,19,,1,22,9,121.5198262,25.11419106
112,2,28,18,55,2,03中山區,中山區北安路與北安路口55號,0,0,3,1,C03,8,3,5,50,3,2,1,5,4,5,7,2,1,1,4,5,2,16,2,61,2,5,3,4,7,11,1,10,1,14,,10,,1,22,9,121.5291391,25.0778775
112,2,28,18,55,2,03中山區,中山區北安路與北安路口55號,0,0,3,2,C03,8,3,5,50,3,2,1,5,4,5,7,2,1,1,4,5,2,16,1,27,2,9,1,4,7,9,1,10,1,11,,13,,1,22,9,121.5291391,25.0778775
112,2,28,18,55,2,03中山區,中山區北安路與北安路口55號,0,0,3,3,H02,8,3,5,50,3,2,1,5,4,5,7,2,1,1,4,5,2,16,1,63,2,9,4,5,7,21,8,20,10,16,,67,,1,22,9,121.5291391,25.0778775
112,2,28,19,34,2,07信義區,信義區莊敬路452號,0,0,1,2,C03,8,3,5,40,14,20,1,5,4,5,7,4,4,10,4,4,2,17,2,29,3,10,1,1,7,13,1,10,1,13,,44,,1,22,9,121.5674508,25.02690156
112,2,28,19,34,2,07信義區,信義區莊敬路452號,0,0,1,1,C03,8,3,5,40,14,20,1,5,4,5,7,4,4,10,4,4,2,17,1,40,2,8,1,1,7,9,1,10,1,11,,42,,1,22,9,121.5674508,25.02690156
112,2,28,19,45,2,05中正區,中正區市民大道1段168號,0,0,1,1,C03,8,3,5,40,14,9,1,5,4,5,7,4,4,1,3,5,2,13,2,23,2,1,1,1,7,9,1,10,2,11,,23,,1,22,9,121.5182627,25.0483661
112,2,28,19,45,2,05中正區,中正區市民大道1段168號,0,0,1,2,B01,8,3,5,40,14,9,1,5,4,5,7,4,4,1,3,5,2,13,1,54,3,10,1,1,7,9,1,4,2,3,,44,,1,22,9,121.5182627,25.0483661
112,2,28,19,47,2,07信義區,信義區松仁路38號(大遠百旁),0,0,1,1,C03,8,3,5,50,14,9,1,5,4,5,7,2,1,8,3,5,2,13,2,20,2,8,1,1,7,9,1,10,1,11,,23,,1,22,9,121.5683285,25.03769406
112,2,28,19,47,2,07信義區,信義區松仁路38號(大遠百旁),0,0,1,2,B03,8,3,5,50,14,9,1,5,4,5,7,2,1,8,3,5,2,13,2,62,3,10,1,1,7,14,1,8,1,6,,44,,1,22,9,121.5683285,25.03769406
112,2,28,19,52,2,10文山區,文山區木柵路1段與辛亥路6段口,0,0,2,3,H02,8,3,5,50,4,1,1,5,4,5,7,2,1,9,4,5,2,17,2,27,2,9,1,5,7,20,8,20,10,15,,67,,1,22,9,121.5523243,24.98779038
112,2,28,19,52,2,10文山區,文山區木柵路1段與辛亥路6段口,0,0,2,2,C03,8,3,5,50,4,1,1,5,4,5,7,2,1,9,4,5,2,17,2,28,2,9,1,1,7,9,1,10,1,11,,23,,1,22,9,121.5523243,24.98779038
112,2,28,19,52,2,10文山區,文山區木柵路1段與辛亥路6段口,0,0,2,1,B01,8,3,5,50,4,1,1,5,4,5,7,2,1,9,4,5,2,17,1,62,3,10,1,1,7,5,1,4,1,6,,8,,1,22,9,121.5523243,24.98779038
112,2,28,20,6,2,08士林區,士林區通河西街1段堤外考照練習場,0,0,4,1,C03,8,3,5,50,14,9,1,5,4,5,7,4,4,9,4,5,1,12,1,57,2,7,3,4,7,8,1,10,1,12,,7,,1,22,9,121.5135066,25.08254535
112,2,28,20,6,2,08士林區,士林區通河西街1段堤外考照練習場,0,0,4,2,C03,8,3,5,50,14,9,1,5,4,5,7,4,4,9,4,5,1,12,1,18,2,7,3,4,7,4,1,10,1,14,,44,,1,22,9,121.5135066,25.08254535
112,2,28,20,6,2,08士林區,士林區通河西街1段堤外考照練習場,0,0,4,3,H02,8,3,5,50,14,9,1,5,4,5,7,4,4,9,4,5,1,12,2,58,2,9,3,4,7,20,8,20,10,16,,67,,1,22,9,121.5135066,25.08254535
112,2,28,20,6,2,08士林區,士林區通河西街1段堤外考照練習場,0,0,4,4,H02,8,3,5,50,14,9,1,5,4,5,7,4,4,9,4,5,1,12,2,19,2,9,3,4,7,20,8,20,10,16,,67,,1,22,9,121.5135066,25.08254535
112,2,28,20,10,2,11南港區,南港區重陽路66號,0,0,3,2,C03,8,3,5,40,14,8,1,5,4,5,7,4,4,9,4,4,2,13,2,57,2,8,1,1,7,9,1,10,1,13,,44,,1,21,8,121.5969675,25.0556675
112,2,28,20,10,2,11南港區,南港區重陽路66號,0,0,3,3,C03,8,3,5,40,14,8,1,5,4,5,7,4,4,9,4,4,2,13,1,19,2,8,1,1,7,9,1,10,1,11,,16,,1,21,8,121.5969675,25.0556675
112,2,28,20,10,2,11南港區,南港區重陽路66號,0,0,3,1,B03,8,3,5,40,14,8,1,5,4,5,7,4,4,9,4,4,2,13,1,24,3,10,1,1,7,7,1,8,1,15,,44,,1,21,8,121.5969675,25.0556675
112,2,28,20,10,2,11南港區,南港區重陽路66號,0,0,3,4,C03,8,3,5,40,14,8,1,5,4,5,7,4,4,9,4,4,2,13,1,75,2,7,1,1,7,9,1,10,1,11,,42,,1,21,8,121.5969675,25.0556675
112,2,28,20,27,2,04大安區,大安區信義路3段與復興南路2段口,0,0,3,1,C03,8,3,5,50,4,1,1,5,4,5,7,2,1,9,4,5,1,12,1,21,2,8,1,4,7,8,1,10,1,12,,7,,1,22,9,121.5434877,25.0333262
112,2,28,20,27,2,04大安區,大安區信義路3段與復興南路2段口,0,0,3,2,C03,8,3,5,50,4,1,1,5,4,5,7,2,1,9,4,5,1,12,1,23,2,9,1,4,7,9,1,10,1,11,,44,,1,22,9,121.5434877,25.0333262
112,2,28,20,27,2,04大安區,大安區信義路3段與復興南路2段口,0,0,3,3,H02,8,3,5,50,4,1,1,5,4,5,7,2,1,9,4,5,1,12,2,25,2,9,1,5,7,21,8,20,10,16,,67,,1,22,9,121.5434877,25.0333262
112,2,28,21,45,2,04大安區,大安區基隆路3段與基隆路3段4巷口,0,0,1,1,B03,7,3,5,30,3,2,1,5,4,5,7,4,4,1,4,5,2,16,2,35,3,10,3,4,7,6,1,8,1,4,,6,,1,22,9,121.5481282,25.02059368
112,2,28,21,45,2,04大安區,大安區基隆路3段與基隆路3段4巷口,0,0,1,2,C03,7,3,5,30,3,2,1,5,4,5,7,4,4,1,4,5,2,16,1,29,2,9,3,4,7,9,3,18,1,11,,13,,1,22,9,121.5481282,25.02059368
112,2,28,21,45,2,04大安區,大安區基隆路3段與基隆路3段4巷口,0,0,1,3,B01,7,3,5,30,3,2,1,5,4,5,7,4,4,1,4,5,2,16,1,45,3,10,3,4,7,14,1,4,9,15,,38,,1,22,9,121.5481282,25.02059368
112,2,28,21,53,2,05中正區,中正區忠孝東路2段40號對面,0,0,1,1,C03,8,3,5,50,14,9,1,5,4,5,7,4,4,9,4,4,2,13,1,25,2,8,1,4,7,9,1,10,1,11,,23,,1,22,9,121.528392,25.04363018
112,2,28,21,53,2,05中正區,中正區忠孝東路2段40號對面,0,0,1,2,B03,8,3,5,50,14,9,1,5,4,5,7,4,4,9,4,4,2,13,2,49,3,10,1,4,7,14,1,8,1,7,,44,,1,22,9,121.528392,25.04363018
112,2,28,22,12,2,11南港區,南港區中坡北路與市民大道7段口,0,0,2,2,C03,8,3,5,50,4,1,1,5,4,5,7,2,1,1,4,5,1,12,2,38,2,9,2,4,7,9,1,10,1,14,,44,,1,22,9,121.5802318,25.0488416