發生年度,發生月,發生日,發生時-Hours,發生分,處理別-編號,區序,肇事地點,死亡人數,2-30日死亡人數,受傷人數,當事人序號,車種,天候,光線,道路類別,速限-速度限制,道路型態,事故位置,路面狀況1,路面狀況2,路面狀況3,道路障礙1,道路障礙2,號誌1,號誌2,車道劃分-分向,車道劃分-分道1,車道劃分-分道2,車道劃分-分道3,事故類型及型態,性別,年齡,受傷程度,主要傷處,保護裝置,行動電話,車輛用途,當事者行動狀態,駕駛資格情形,駕駛執照種類,飲酒情形,車輛撞擊部位1,車輛撞擊部位2,肇因碼-個別,肇因碼-主要,個人肇逃否,職業,旅次目的,座標-X,座標-Y
112,3,3,14,30,2,10文山區,文山區羅斯福路6段142巷與景仁街口,0,0,1,2,F01,8,1,5,30,4,1,1,5,4,5,7,4,4,10,5,5,2,15,2,58,2,7,3,1,7,9,8,20,1,16,,26,,1,22,9,121.5404002,24.996277
112,3,3,14,40,2,10文山區,文山區萬芳路與萬芳路口路邊106號停車格旁,0,0,1,2,C03,8,1,5,40,11,9,1,5,4,5,7,4,4,9,4,5,2,13,1,66,2,9,1,1,7,9,1,10,1,11,,23,,1,22,9,121.5709687,24.99772879
112,3,3,14,40,2,10文山區,文山區萬芳路與萬芳路口路邊106號停車格旁,0,0,1,1,B03,8,1,5,40,11,9,1,5,4,5,7,4,4,9,4,5,2,13,1,48,3,10,1,1,7,9,1,8,1,3,,44,,1,22,9,121.5709687,24.99772879
112,3,3,14,43,2,10文山區,文山區新光路1段與秀明路2段口口,0,0,1,2,C03,8,1,5,50,4,2,1,5,4,5,7,1,1,4,3,4,2,16,1,75,2,9,1,1,7,9,4,8,2,12,,42,,1,22,9,121.5737335,24.99179093
112,3,3,14,43,2,10文山區,文山區新光路1段與秀明路2段口口,0,0,1,1,B03,8,1,5,50,4,2,1,5,4,5,7,1,1,4,3,4,2,16,1,65,3,10,1,1,7,6,1,8,2,8,,9,,1,22,9,121.5737335,24.99179093
112,3,3,15,34,2,06松山區,松山區饒河街63號,0,0,1,2,C03,8,1,5,30,14,9,1,5,4,5,7,4,4,10,5,5,2,17,2,40,3,10,1,1,7,9,1,10,1,11,,44,,1,22,9,121.5729822,25.05025708
112,3,3,15,34,2,06松山區,松山區饒河街63號,0,0,1,1,C03,8,1,5,30,14,9,1,5,4,5,7,4,4,10,5,5,2,17,1,22,2,7,1,1,7,6,3,18,1,11,,6,,1,22,9,121.5729822,25.05025708
112,3,3,15,34,2,06松山區,松山區饒河街63號,0,0,1,3,B12,8,1,5,30,14,9,1,5,4,5,7,4,4,10,5,5,2,17,1,33,3,10,1,1,7,13,1,8,11,15,,42,,1,22,9,121.5729822,25.05025708
112,3,3,15,50,2,07信義區,信義區永吉路491巷5弄14號,0,0,1,1,C03,8,1,5,30,14,9,1,5,4,5,7,4,4,10,5,5,2,2,1,27,3,10,1,1,7,9,1,10,1,14,,23,,1,22,9,121.5791516,25.0461539
112,3,3,15,50,2,07信義區,信義區永吉路491巷5弄14號,0,0,1,2,H01,8,1,5,30,14,9,1,5,4,5,7,4,4,10,5,5,2,2,2,79,2,9,4,5,8,16,8,20,1,16,,67,,1,22,9,121.5791516,25.0461539
112,3,3,15,54,2,02萬華區,萬華區康定路與長沙街2段口,0,0,1,1,C03,8,1,5,50,4,1,1,5,4,5,7,1,1,9,5,5,2,17,1,24,2,8,1,1,7,5,1,10,1,13,,8,,1,22,9,121.5021311,25.0405436
112,3,3,15,54,2,02萬華區,萬華區康定路與長沙街2段口,0,0,1,2,B01,8,1,5,50,4,1,1,5,4,5,7,1,1,9,5,5,2,17,1,68,3,10,1,1,7,5,1,4,1,1,,23,,1,22,9,121.5021311,25.0405436
112,3,3,16,0,2,02萬華區,萬華區萬大路與東園街口,0,0,1,2,C04,8,1,5,30,4,1,1,5,4,5,7,1,1,8,3,5,1,17,2,78,2,9,1,1,7,9,1,11,1,12,,44,,1,22,9,121.4986545,25.0215842
112,3,3,16,0,2,02萬華區,萬華區萬大路與東園街口,0,0,1,1,C03,8,1,5,30,4,1,1,5,4,5,7,1,1,8,3,5,1,17,2,64,3,10,1,1,7,5,3,18,1,13,,6,,1,22,9,121.4986545,25.0215842
112,3,3,16,13,2,03中山區,中山區復興北路172號,0,0,2,3,H02,7,1,5,50,14,9,1,5,4,5,7,4,4,1,4,5,2,12,2,19,2,9,1,5,7,20,8,20,10,16,,67,,1,22,9,121.5437941,25.0538403
112,3,3,16,13,2,03中山區,中山區復興北路172號,0,0,2,1,C03,7,1,5,50,14,9,1,5,4,5,7,4,4,1,4,5,2,12,1,19,2,8,1,4,7,7,1,10,1,11,,23,,1,22,9,121.5437941,25.0538403
112,3,3,16,13,2,03中山區,中山區復興北路172號,0,0,2,2,B03,7,1,5,50,14,9,1,5,4,5,7,4,4,1,4,5,2,12,1,44,3,10,1,4,7,8,1,4,1,6,,44,,1,22,9,121.5437941,25.0538403
112,3,3,16,18,2,10文山區,文山區木柵路4段111巷與木柵路4段111巷口不知名巷弄,0,0,2,3,H02,8,1,5,30,4,1,1,5,4,5,3,4,4,10,5,5,2,15,1,17,2,9,1,5,7,20,8,20,10,15,,67,,1,22,9,121.5733577,24.9978648
112,3,3,16,18,2,10文山區,文山區木柵路4段111巷與木柵路4段111巷口不知名巷弄,0,0,2,1,B03,8,1,5,30,4,1,1,5,4,5,3,4,4,10,5,5,2,15,1,18,3,10,1,1,7,9,1,8,2,1,,44,,1,22,9,121.5733577,24.9978648
112,3,3,16,18,2,10文山區,文山區木柵路4段111巷與木柵路4段111巷口不知名巷弄,0,0,2,2,C03,8,1,5,30,4,1,1,5,4,5,3,4,4,10,5,5,2,15,1,18,2,9,1,1,7,9,1,10,2,12,,6,,1,22,9,121.5733577,24.9978648
112,3,3,16,20,2,08士林區,士林區天母東路105巷35-6號,0,0,1,1,B03,8,1,5,30,12,9,1,5,4,5,2,4,4,10,5,5,2,9,1,52,3,10,3,4,7,2,1,8,2,15,,43,,1,22,9,121.534744,25.1198984
112,3,3,16,20,2,08士林區,士林區天母東路105巷35-6號,0,0,1,2,H02,8,1,5,30,12,9,1,5,4,5,2,4,4,10,5,5,2,9,1,79,2,1,3,5,7,20,8,20,10,16,,67,,1,22,9,121.534744,25.1198984
112,3,3,16,20,2,10文山區,文山區辛亥路7段與光輝路21巷口,0,0,1,1,B03,8,1,5,30,3,2,1,5,4,5,7,3,1,9,4,4,1,17,2,40,2,9,1,1,7,5,1,8,2,1,,6,,1,22,9,121.5538484,24.9854758
112,3,3,16,20,2,10文山區,文山區辛亥路7段與光輝路21巷口,0,0,1,2,B12,8,1,5,30,3,2,1,5,4,5,7,3,1,9,4,4,1,17,1,31,3,10,1,1,7,9,1,8,2,6,,14,,1,22,9,121.5538484,24.9854758
112,3,3,16,25,2,07信義區,信義區松仁路152號,0,0,1,2,,8,1,5,50,14,9,1,5,4,5,7,4,4,9,4,5,2,18,3,0,,,,,,,,,,,,67,,1,,,121.5682885,25.0310634
112,3,3,16,25,2,07信義區,信義區松仁路152號,0,0,1,1,C03,8,1,5,50,14,9,1,5,4,5,7,4,4,9,4,5,2,18,2,22,2,9,1,1,7,9,1,10,1,14,,42,,1,22,9,121.5682885,25.0310634
112,3,3,16,55,2,02萬華區,萬華區萬大路與莒光路口,0,0,2,3,H02,8,1,5,50,4,1,1,5,4,5,7,1,1,1,5,5,2,17,2,21,2,9,1,5,7,21,8,20,10,16,,67,,1,22,9,121.5005113,25.031122
112,3,3,16,55,2,02萬華區,萬華區萬大路與莒光路口,0,0,2,1,B01,8,1,5,50,4,1,1,5,4,5,7,1,1,1,5,5,2,17,1,50,3,10,1,1,7,5,1,1,2,5,,6,,1,22,9,121.5005113,25.031122
112,3,3,16,55,2,02萬華區,萬華區萬大路與莒光路口,0,0,2,2,C03,8,1,5,50,4,1,1,5,4,5,7,1,1,1,5,5,2,17,2,23,2,9,1,1,7,9,6,10,9,11,,44,,1,22,9,121.5005113,25.031122
112,3,3,17,0,2,05中正區,中正區新生南路1段與新生南路1段54巷口,0,0,1,1,B03,8,1,5,30,14,9,1,5,4,5,7,4,4,3,4,5,2,16,1,73,3,10,1,1,7,6,1,8,11,8,,6,,1,22,9,121.5327217,25.04152599
112,3,3,17,0,2,05中正區,中正區新生南路1段與新生南路1段54巷口,0,0,1,2,C03,8,1,5,30,14,9,1,5,4,5,7,4,4,3,4,5,2,16,1,29,2,9,1,1,7,9,1,10,2,12,,14,,1,22,9,121.5327217,25.04152599
112,3,3,17,12,2,06松山區,松山區觀山河濱公園六號水門內,0,0,1,1,B03,7,3,5,40,14,9,1,5,4,5,7,4,4,9,4,5,2,3,2,70,3,10,1,1,7,9,1,8,1,2,,23,,1,22,9,121.5689247,25.07061829
112,3,3,17,12,2,06松山區,松山區觀山河濱公園六號水門內,0,0,1,2,H01,7,3,5,40,14,9,1,5,4,5,7,4,4,9,4,5,2,3,2,58,2,9,4,5,8,16,8,20,10,16,,67,,1,22,9,121.5689247,25.07061829
112,3,3,17,15,2,04大安區,大安區市民大道3段206號,0,0,2,2,C03,8,1,5,40,14,9,1,5,4,5,7,2,1,1,4,5,2,17,2,19,2,9,3,4,7,9,1,10,1,11,,44,,1,22,9,121.5393904,25.04451212
112,3,3,17,15,2,04大安區,大安區市民大道3段206號,0,0,2,3,C03,8,1,5,40,14,9,1,5,4,5,7,2,1,1,4,5,2,17,4,0,4,11,3,4,7,15,7,19,11,15,,43,,2,22,9,121.5393904,25.04451212
112,3,3,17,15,2,04大安區,大安區市民大道3段206號,0,0,2,1,C03,8,1,5,40,14,9,1,5,4,5,7,2,1,1,4,5,2,17,2,39,2,8,3,4,7,15,1,10,1,13,,44,,1,22,9,121.5393904,25.04451212
112,3,3,17,30,2,07信義區,信義區吳興街281巷11弄與吳興街281巷口,0,0,1,1,C03,8,1,5,50,3,2,1,5,4,5,7,4,4,10,4,5,2,17,2,52,3,10,1,1,7,5,3,18,1,11,,6,,1,22,9,121.5646545,25.02651138
112,3,3,17,30,2,07信義區,信義區吳興街281巷11弄與吳興街281巷口,0,0,1,2,C03,8,1,5,50,3,2,1,5,4,5,7,4,4,10,4,5,2,17,2,37,2,9,1,1,7,9,4,11,1,11,,44,,1,22,9,121.5646545,25.02651138
112,3,3,17,55,2,03中山區,中山區新生北路1段與南京東路1段口,0,0,1,1,C03,8,1,5,40,14,8,1,5,4,5,7,4,4,1,4,4,2,16,1,35,3,10,3,4,7,8,1,10,1,12,,7,,1,22,9,121.5272513,25.05216956
112,3,3,17,55,2,03中山區,中山區新生北路1段與南京東路1段口,0,0,1,2,C03,8,1,5,40,14,8,1,5,4,5,7,4,4,1,4,4,2,16,1,39,2,9,3,4,7,9,1,10,1,11,,23,,1,22,9,121.5272513,25.05216956
112,3,3,17,55,2,05中正區,中正區仁愛路2段與金山南路1段口,0,0,1,2,C03,8,2,5,50,4,1,1,5,4,5,7,1,1,1,4,5,2,12,2,44,2,8,1,1,7,7,1,10,2,15,,7,,1,22,9,121.5281518,25.0380527
112,3,3,17,55,2,05中正區,中正區仁愛路2段與金山南路1段口,0,0,1,1,B03,8,2,5,50,4,1,1,5,4,5,7,1,1,1,4,5,2,12,1,46,4,11,3,4,7,15,7,19,11,15,,42,,2,22,9,121.5281518,25.0380527
112,3,3,18,3,2,11南港區,南港區南港路2段50號對面,0,0,2,1,C03,8,3,5,40,14,11,1,5,4,5,7,4,4,4,3,4,2,13,1,58,2,8,1,1,7,9,1,10,1,11,,16,,1,22,9,121.6045947,25.05396265
112,3,3,18,3,2,11南港區,南港區南港路2段50號對面,0,0,2,2,C03,8,3,5,40,14,11,1,5,4,5,7,4,4,4,3,4,2,13,2,33,2,8,1,1,7,9,1,10,1,13,,44,,1,22,9,121.6045947,25.05396265
112,3,3,18,3,2,11南港區,南港區南港路2段50號對面,0,0,2,3,C03,8,3,5,40,14,11,1,5,4,5,7,4,4,4,3,4,2,13,2,25,3,10,1,4,7,13,7,19,11,15,,44,,2,22,9,121.6045947,25.05396265
112,3,3,18,15,2,09北投區,北投區北投路1段西安橋上（32號燈桿）,0,0,1,2,B01,8,3,5,50,8,9,1,5,4,5,7,4,4,9,4,5,2,13,1,67,3,10,3,4,7,14,1,4,2,6,,44,,1,22,9,121.5012775,25.12346504
112,3,3,18,15,2,09北投區,北投區北投路1段西安橋上（32號燈桿）,0,0,1,1,C03,8,3,5,50,8,9,1,5,4,5,7,4,4,9,4,5,2,13,1,35,2,9,3,4,7,9,1,10,2,11,,16,,1,22,9,121.5012775,25.12346504
112,3,3,18,20,2,02萬華區,萬華區西園路1段123號,0,0,1,1,C03,8,3,5,50,14,9,1,5,4,5,7,4,4,8,3,5,1,13,1,21,2,9,1,1,7,12,1,10,1,11,,16,,1,22,9,121.49961,25.0377403
112,3,3,18,20,2,02萬華區,萬華區西園路1段123號,0,0,1,2,C03,8,3,5,50,14,9,1,5,4,5,7,4,4,8,3,5,1,13,1,50,3,10,1,1,7,9,1,10,1,13,,44,,1,22,9,121.49961,25.0377403
112,3,3,18,20,2,07信義區,信義區忠孝東路5段1-4號,0,0,1,2,C03,8,1,5,50,14,9,1,5,4,5,7,2,1,1,4,5,2,12,2,24,2,8,1,1,7,1,1,10,1,14,,17,,1,22,8,121.5649992,25.04119749
112,3,3,18,20,2,07信義區,信義區忠孝東路5段1-4號,0,0,1,1,B03,8,1,5,50,14,9,1,5,4,5,7,2,1,1,4,5,2,12,2,59,3,10,1,1,7,1,1,8,1,2,,17,,1,22,8,121.5649992,25.04119749
112,3,3,18,25,2,06松山區,松山區南京東路4段與南京東路4段53巷口,0,0,1,1,B03,8,3,5,50,3,1,1,5,4,5,7,4,4,1,4,4,2,12,1,47,3,10,1,1,7,9,1,8,1,5,,23,,1,22,9,121.5511279,25.0517863
112,3,3,18,25,2,06松山區,松山區南京東路4段與南京東路4段53巷口,0,0,1,2,C03,8,3,5,50,3,1,1,5,4,5,7,4,4,1,4,4,2,12,2,41,2,8,1,1,7,7,1,10,1,15,,7,,1,22,9,121.5511279,25.0517863
112,3,3,18,25,2,07信義區,信義區忠孝東路4段與逸仙路口,0,0,1,3,F06,8,3,5,50,3,1,1,5,4,5,7,1,1,1,4,5,2,13,4,0,,,,,,,,,1,,,43,,,,,121.5615444,25.0412507
112,3,3,18,25,2,07信義區,信義區忠孝東路4段與逸仙路口,0,0,1,1,C03,8,3,5,50,3,1,1,5,4,5,7,1,1,1,4,5,2,13,1,44,2,9,1,1,7,9,1,10,1,11,,43,,1,22,9,121.5615444,25.0412507
112,3,3,18,25,2,07信義區,信義區忠孝東路4段與逸仙路口,0,0,1,2,C02,8,3,5,50,3,1,1,5,4,5,7,1,1,1,4,5,2,13,1,21,3,10,1,1,7,9,1,9,1,13,,43,,1,22,9,121.5615444,25.0412507
112,3,3,18,33,2,04大安區,大安區復興南路1段與東豐街口,0,0,1,2,H01,7,1,5,50,4,1,1,5,4,5,7,2,1,1,4,5,2,3,1,57,2,8,4,5,8,16,8,20,10,16,,67,,1,22,9,121.543732,25.0361631
112,3,3,18,33,2,04大安區,大安區復興南路1段與東豐街口,0,0,1,1,B03,7,1,5,50,4,1,1,5,4,5,7,2,1,1,4,5,2,3,1,47,3,10,1,1,7,11,1,8,2,5,,15,,1,22,9,121.543732,25.0361631
112,3,3,18,33,2,07信義區,信義區吳興街與吳興街269巷口,0,0,2,1,C03,8,3,5,30,4,1,1,5,4,5,7,4,4,5,5,5,2,3,1,34,2,8,3,4,7,9,1,10,1,11,,15,,1,22,9,121.5639168,25.0268198
112,3,3,18,33,2,07信義區,信義區吳興街與吳興街269巷口,0,0,2,2,H01,8,3,5,30,4,1,1,5,4,5,7,4,4,5,5,5,2,3,1,53,2,5,4,5,8,18,8,20,1,16,,53,,1,22,9,121.5639168,25.0268198
112,3,3,18,34,2,02萬華區,萬華區民和街與德昌街132巷口,0,0,1,1,C03,8,3,5,30,4,1,1,5,4,5,7,4,4,10,5,5,2,15,2,67,2,9,1,1,7,9,1,10,1,11,,6,,1,22,9,121.4962767,25.0249073
112,3,3,18,34,2,02萬華區,萬華區民和街與德昌街132巷口,0,0,1,2,C03,8,3,5,30,4,1,1,5,4,5,7,4,4,10,5,5,2,15,1,36,3,10,1,1,7,9,1,10,1,12,,14,,1,22,9,121.4962767,25.0249073
112,3,3,18,45,2,09北投區,北投區義理街63巷2弄22號旁,0,0,1,1,C03,7,3,5,30,14,9,1,5,4,5,7,4,4,10,5,5,2,17,2,70,2,9,1,1,7,9,1,10,1,11,,23,,1,22,9,121.515995,25.11845286
112,3,3,18,45,2,09北投區,北投區義理街63巷2弄22號旁,0,0,1,2,B03,7,3,5,30,14,9,1,5,4,5,7,4,4,10,5,5,2,17,1,67,3,10,1,1,7,13,1,8,1,7,,44,,1,22,9,121.515995,25.11845286
112,3,3,18,45,2,09北投區,北投區義理街63巷2弄22號旁,0,0,1,3,B03,7,3,5,30,14,9,1,5,4,5,7,4,4,10,5,5,2,17,1,31,3,10,1,1,7,13,1,8,1,6,,44,,1,22,9,121.515995,25.11845286
112,3,3,18,53,2,03中山區,中山區北安路554巷與北安路口,0,0,1,2,C03,8,3,5,50,3,1,1,5,4,5,7,1,1,1,4,5,2,13,1,22,2,8,1,1,7,5,1,10,1,13,,8,,1,22,9,121.5481628,25.0804919
112,3,3,18,53,2,03中山區,中山區北安路554巷與北安路口,0,0,1,1,B03,8,3,5,50,3,1,1,5,4,5,7,1,1,1,4,5,2,13,1,39,3,10,1,1,7,5,1,8,1,1,,23,,1,22,9,121.5481628,25.0804919
112,3,3,18,56,2,05中正區,中正區青島東路與林森南路口,0,0,2,1,C03,8,3,5,50,4,1,1,5,4,5,7,1,1,5,4,5,2,11,2,24,2,9,1,1,7,5,1,10,2,12,,6,,1,22,9,121.5229647,25.0435853
112,3,3,18,56,2,05中正區,中正區青島東路與林森南路口,0,0,2,2,C03,8,3,5,50,4,1,1,5,4,5,7,1,1,5,4,5,2,11,1,23,2,9,1,1,7,9,1,10,2,11,,44,,1,22,9,121.5229647,25.0435853
112,3,3,19,23,2,04大安區,大安區光復南路268號,0,0,2,1,B12,8,3,5,50,14,9,1,5,4,5,7,4,4,8,3,5,1,17,1,33,4,11,3,4,7,1,7,19,11,15,,19,,2,22,9,121.5575636,25.0396715
112,3,3,19,23,2,04大安區,大安區光復南路268號,0,0,2,3,H02,8,3,5,50,14,9,1,5,4,5,7,4,4,8,3,5,1,17,2,11,2,9,1,1,7,21,8,20,10,15,,67,,1,22,9,121.5575636,25.0396715
112,3,3,19,23,2,04大安區,大安區光復南路268號,0,0,2,2,C03,8,3,5,50,14,9,1,5,4,5,7,4,4,8,3,5,1,17,2,41,2,8,1,1,7,9,1,10,11,15,,44,,1,22,9,121.5575636,25.0396715
112,3,3,19,30,2,12內湖區,內湖區行忠路(民權東路六段42號後方),0,0,1,1,B03,8,3,5,50,14,8,1,5,4,5,7,4,4,1,4,4,2,16,2,32,3,10,1,1,7,1,1,8,1,8,,19,,1,22,9,121.5818023,25.06720247
112,3,3,19,30,2,12內湖區,內湖區行忠路(民權東路六段42號後方),0,0,1,2,C03,8,3,5,50,14,8,1,5,4,5,7,4,4,1,4,4,2,16,1,41,2,9,1,1,7,9,1,10,1,12,,23,,1,22,9,121.5818023,25.06720247
112,3,3,19,36,2,03中山區,中山區長春路348-4號,0,0,1,2,C03,8,3,5,40,14,9,1,5,4,5,7,4,4,9,4,4,2,16,2,45,2,9,1,4,7,9,1,10,1,11,,44,,1,22,9,121.5415897,25.05460252
112,3,3,19,36,2,03中山區,中山區長春路348-4號,0,0,1,1,B03,8,3,5,40,14,9,1,5,4,5,7,4,4,9,4,4,2,16,1,47,3,10,3,4,7,11,1,8,1,4,,10,,1,22,9,121.5415897,25.05460252
112,3,3,19,37,2,12內湖區,內湖區民權大橋東向西,0,0,1,1,C03,7,3,5,40,8,11,1,5,4,5,7,4,4,1,4,4,2,13,1,59,3,10,1,1,7,13,6,18,1,15,,42,,1,22,9,121.5721909,25.0648832
112,3,3,19,37,2,12內湖區,內湖區民權大橋東向西,0,0,1,2,C04,7,3,5,40,8,11,1,5,4,5,7,4,4,1,4,4,2,13,1,43,2,9,1,1,7,9,1,9,1,13,,44,,1,22,9,121.5721909,25.0648832
112,3,3,19,37,2,12內湖區,內湖區民權大橋東向西,0,0,1,3,C03,7,3,5,40,8,11,1,5,4,5,7,4,4,1,4,4,2,13,1,35,3,10,1,1,7,9,1,10,1,11,,16,,1,22,9,121.5721909,25.0648832
112,3,3,19,45,2,01大同區,大同區重慶北路3段與哈密街口,0,0,1,2,C03,8,3,5,30,4,1,1,5,4,5,7,2,1,9,4,5,2,12,2,46,3,10,1,1,7,9,1,10,2,12,,17,,1,22,9,121.5138336,25.07290942
112,3,3,19,45,2,01大同區,大同區重慶北路3段與哈密街口,0,0,1,1,C03,8,3,5,30,4,1,1,5,4,5,7,2,1,9,4,5,2,12,2,62,2,9,1,1,7,10,1,10,2,14,,17,,1,22,9,121.5138336,25.07290942
112,3,3,20,0,2,07信義區,信義區松山路465巷2弄26號,0,0,2,2,H01,8,1,5,30,14,9,1,5,4,5,7,4,4,10,5,5,2,9,1,73,2,1,4,5,8,16,8,20,10,16,,53,,1,22,8,121.578395,25.0390654
112,3,3,20,0,2,07信義區,信義區松山路465巷2弄26號,0,0,2,1,C03,8,1,5,30,14,9,1,5,4,5,7,4,4,10,5,5,2,9,2,42,2,3,1,1,7,9,1,10,1,11,,23,,1,22,8,121.578395,25.0390654
112,3,3,20,38,2,04大安區,大安區敦化南路1段295巷與仁愛路4段口,0,0,1,1,C03,7,3,5,30,4,1,1,5,4,5,7,4,4,9,4,5,2,17,1,35,2,9,1,1,7,9,3,18,1,14,,6,,1,22,9,121.5496817,25.03546891
112,3,3,20,38,2,04大安區,大安區敦化南路1段295巷與仁愛路4段口,0,0,1,2,B03,7,3,5,30,4,1,1,5,4,5,7,4,4,9,4,5,2,17,2,47,3,10,1,1,7,9,1,8,1,15,,44,,1,22,9,121.5496817,25.03546891
112,3,3,20,55,2,07信義區,信義區崇德街與崇德街81巷口,0,0,2,3,H02,8,3,5,50,3,2,1,5,4,5,7,3,1,5,4,5,2,17,2,25,2,8,3,4,7,20,8,20,10,16,,67,,1,22,9,121.5553673,25.0241701
112,3,3,20,55,2,07信義區,信義區崇德街與崇德街81巷口,0,0,2,1,B01,8,3,5,50,3,2,1,5,4,5,7,3,1,5,4,5,2,17,1,55,3,10,3,4,7,5,1,4,2,5,,6,,1,22,9,121.5553673,25.0241701
112,3,3,20,55,2,07信義區,信義區崇德街與崇德街81巷口,0,0,2,2,C03,8,3,5,50,3,2,1,5,4,5,7,3,1,5,4,5,2,17,1,24,2,8,3,4,7,9,1,10,2,14,,23,,1,22,9,121.5553673,25.0241701
112,3,3,21,0,2,09北投區,北投區石牌路2段115號,0,0,3,1,C03,8,3,5,50,14,9,1,5,4,5,7,4,4,5,5,5,2,17,1,24,2,8,1,1,7,5,1,10,1,12,,26,,1,22,9,121.5174244,25.11829027
112,3,3,21,0,2,09北投區,北投區石牌路2段115號,0,0,3,2,C03,8,3,5,50,14,9,1,5,4,5,7,4,4,5,5,5,2,17,2,54,2,1,1,1,7,9,1,10,1,11,,44,,1,22,9,121.5174244,25.11829027
112,3,3,21,0,2,09北投區,北投區石牌路2段115號,0,0,3,3,H02,8,3,5,50,14,9,1,5,4,5,7,4,4,5,5,5,2,17,2,24,2,7,1,5,7,21,8,20,10,16,,67,,1,22,9,121.5174244,25.11829027
112,3,3,21,9,2,09北投區,北投區大度路2段往市區方向機車優先道,0,0,1,2,C03,7,3,5,50,14,12,1,5,4,5,7,4,4,1,4,5,1,13,1,66,3,10,1,1,7,9,6,10,2,13,,44,,1,22,9,121.4759724,25.12239836
112,3,3,21,9,2,09北投區,北投區大度路2段往市區方向機車優先道,0,0,1,1,C03,7,3,5,50,14,12,1,5,4,5,7,4,4,1,4,5,1,13,1,23,2,9,1,1,7,9,1,10,2,11,,23,,1,22,9,121.4759724,25.12239836
112,3,3,21,11,2,05中正區,中正區濟南路1段與紹興南街口,0,0,1,1,B03,7,3,5,50,4,2,1,5,4,5,7,1,1,7,3,5,2,3,1,53,3,10,1,1,7,5,1,8,2,4,,15,,1,22,9,121.5244229,25.0419861
112,3,3,21,11,2,05中正區,中正區濟南路1段與紹興南街口,0,0,1,2,H01,7,3,5,50,4,2,1,5,4,5,7,1,1,7,3,5,2,3,2,17,2,9,4,5,8,16,8,20,10,16,,67,,1,22,9,121.5244229,25.0419861
112,3,3,21,15,2,10文山區,文山區木柵路5段風動石旁,0,0,1,1,C03,8,3,5,50,14,9,1,5,4,5,7,3,1,9,4,5,2,18,1,28,2,9,1,1,7,9,1,10,9,14,,42,,1,22,9,121.581072,25.00209339
112,3,3,21,15,2,10文山區,文山區木柵路5段風動石旁,0,0,1,2,,8,3,5,50,14,9,1,5,4,5,7,3,1,9,4,5,2,18,3,0,,,,,,,,,,,,67,,1,,,121.581072,25.00209339
112,3,3,21,35,2,05中正區,中正區忠孝東路1段與中山南路口,0,0,1,1,C03,8,3,5,50,4,1,1,5,4,5,7,1,1,1,4,5,2,13,1,20,3,10,1,1,7,9,1,10,1,11,,23,,1,22,9,121.5196799,25.0453933
112,3,3,21,35,2,05中正區,中正區忠孝東路1段與中山南路口,0,0,1,2,C03,8,3,5,50,4,1,1,5,4,5,7,1,1,1,4,5,2,13,1,31,2,9,1,1,7,14,1,10,1,13,,44,,1,22,9,121.5196799,25.0453933
112,3,3,21,40,2,09北投區,北投區石牌路2段與天母西路口,0,0,1,1,C03,8,3,5,50,3,1,1,5,4,5,7,3,1,5,4,5,2,17,2,20,2,8,1,1,7,5,1,10,1,14,,8,,1,22,9,121.5220587,25.11927081
112,3,3,21,40,2,09北投區,北投區石牌路2段與天母西路口,0,0,1,2,C03,8,3,5,50,3,1,1,5,4,5,7,3,1,5,4,5,2,17,1,49,3,10,1,1,7,9,1,10,1,11,,44,,1,22,9,121.5220587,25.11927081
112,3,3,21,44,2,12內湖區,內湖區金龍路與內湖路2段口,0,0,2,3,H02,8,3,5,50,4,1,1,5,4,5,7,2,1,5,5,5,2,12,2,27,2,9,1,5,7,21,8,20,10,16,,67,,1,22,9,121.5936948,25.0847818
112,3,3,21,44,2,12內湖區,內湖區金龍路與內湖路2段口,0,0,2,1,B03,8,3,5,50,4,1,1,5,4,5,7,2,1,5,5,5,2,12,1,63,3,10,1,1,7,6,1,8,1,5,,9,,1,22,9,121.5936948,25.0847818
112,3,3,21,44,2,12內湖區,內湖區金龍路與內湖路2段口,0,0,2,2,C03,8,3,5,50,4,1,1,5,4,5,7,2,1,5,5,5,2,12,1,26,2,9,1,1,7,9,1,10,1,11,,44,,1,22,9,121.5936948,25.0847818
112,3,3,21,50,2,03中山區,中山區民生東路1段27巷與民生東路1段口,0,0,1,3,,8,3,5,50,3,2,1,5,4,5,7,4,4,5,4,5,2,16,4,0,4,11,3,4,7,15,7,19,11,15,,38,,2,22,9,121.5250376,25.05808076
112,3,3,21,50,2,03中山區,中山區民生東路1段27巷與民生東路1段口,0,0,1,2,B03,8,3,5,50,3,2,1,5,4,5,7,4,4,5,4,5,2,16,2,42,3,10,3,4,7,9,1,8,1,2,,23,,1,22,9,121.5250376,25.05808076
112,3,3,21,50,2,03中山區,中山區民生東路1段27巷與民生東路1段口,0,0,1,1,C04,8,3,5,50,3,2,1,5,4,5,7,4,4,5,4,5,2,16,2,36,2,9,1,1,7,7,1,10,1,14,,7,,1,22,9,121.5250376,25.05808076
112,3,3,22,1,2,08士林區,士林區延平北路6段與中正路口,0,0,1,1,A12,8,3,5,50,4,1,1,5,4,5,7,1,1,5,5,1,1,16,1,39,3,10,1,1,7,5,1,7,1,6,,6,,1,22,9,121.5091988,25.08683384
112,3,3,22,1,2,08士林區,士林區延平北路6段與中正路口,0,0,1,2,C03,8,3,5,50,4,1,1,5,4,5,7,1,1,5,5,1,1,16,2,56,2,9,1,1,7,9,1,10,1,11,,44,,1,22,9,121.5091988,25.08683384