發生年度,發生月,發生日,發生時-Hours,發生分,處理別-編號,區序,肇事地點,死亡人數,2-30日死亡人數,受傷人數,當事人序號,車種,天候,光線,道路類別,速限-速度限制,道路型態,事故位置,路面狀況1,路面狀況2,路面狀況3,道路障礙1,道路障礙2,號誌1,號誌2,車道劃分-分向,車道劃分-分道1,車道劃分-分道2,車道劃分-分道3,事故類型及型態,性別,年齡,受傷程度,主要傷處,保護裝置,行動電話,車輛用途,當事者行動狀態,駕駛資格情形,駕駛執照種類,飲酒情形,車輛撞擊部位1,車輛撞擊部位2,肇因碼-個別,肇因碼-主要,個人肇逃否,職業,旅次目的,座標-X,座標-Y
112,3,4,19,0,2,01大同區,大同區延平北路3段與民權西路口口,0,0,2,3,H02,8,3,5,50,4,1,1,5,4,5,7,2,1,8,3,5,2,12,1,36,2,9,1,5,7,20,8,20,10,16,,67,,1,22,9,121.5112205,25.0627882
112,3,4,19,26,2,05中正區,中正區羅斯福路1段與潮州街口,0,0,1,2,H01,8,3,5,50,5,1,1,5,4,5,7,1,1,3,4,5,2,3,2,71,2,9,4,5,8,16,8,20,1,16,,67,,1,22,9,121.5204564,25.02983546
112,3,4,19,26,2,05中正區,中正區羅斯福路1段與潮州街口,0,0,1,1,C03,8,3,5,50,5,1,1,5,4,5,7,1,1,3,4,5,2,3,1,53,3,10,1,1,7,1,1,10,2,11,,15,,1,22,9,121.5204564,25.02983546
112,3,4,20,14,2,08士林區,士林區永公路506-1號,0,0,1,1,B12,8,3,5,30,14,9,1,5,4,5,3,4,4,10,5,5,1,3,1,40,3,10,3,4,7,9,1,8,1,2,,23,,1,22,9,121.5669134,25.13902966
112,3,4,20,14,2,08士林區,士林區永公路506-1號,0,0,1,2,H01,8,3,5,30,14,9,1,5,4,5,3,4,4,10,5,5,1,3,2,52,2,9,4,5,8,16,8,20,10,16,,53,,1,22,9,121.5669134,25.13902966
112,3,4,20,37,2,09北投區,北投區稻香路與秀山路口,0,0,1,1,C03,7,3,5,50,5,1,1,5,4,5,1,3,1,10,5,5,2,18,1,21,2,9,1,1,7,9,1,10,1,12,,16,,1,22,9,121.4903431,25.1422046
112,3,4,20,37,2,09北投區,北投區稻香路與秀山路口,0,0,1,2,,7,3,5,50,5,1,1,5,4,5,1,3,1,10,5,5,2,18,3,0,,,,,,,,,,,,67,,1,,,121.4903431,25.1422046
112,3,4,20,40,2,08士林區,士林區文昌路與文昌路口文昌橋上(北向南),0,0,1,1,B03,8,3,5,50,8,9,1,5,4,5,7,4,4,1,4,5,2,17,1,33,3,10,1,1,7,7,1,8,2,6,,7,,1,21,8,121.5207487,25.09715076
112,3,4,20,40,2,08士林區,士林區文昌路與文昌路口文昌橋上(北向南),0,0,1,2,C03,8,3,5,50,8,9,1,5,4,5,7,4,4,1,4,5,2,17,1,20,2,9,1,1,7,9,1,10,2,11,,13,,1,21,8,121.5207487,25.09715076
112,3,4,21,32,2,10文山區,文山區興隆路3段與興隆路3段229巷口,0,0,1,2,H01,8,3,5,30,15,18,1,5,4,5,7,2,1,10,5,5,2,3,1,39,2,8,4,5,8,16,8,20,10,16,,67,,1,22,9,121.5590879,24.9935077
112,3,4,21,32,2,10文山區,文山區興隆路3段與興隆路3段229巷口,0,0,1,1,B12,8,3,5,30,15,18,1,5,4,5,7,2,1,10,5,5,2,3,1,33,3,10,1,1,7,5,1,8,2,1,,15,,1,22,9,121.5590879,24.9935077
112,3,4,21,39,2,09北投區,北投區承德路7段與公館路口,0,0,1,2,C03,8,3,8,50,5,1,1,5,4,5,7,2,1,2,1,2,1,17,1,27,2,9,1,1,7,5,1,10,1,12,,44,,1,22,9,121.501261,25.120271
112,3,4,21,39,2,09北投區,北投區承德路7段與公館路口,0,0,1,1,B03,8,3,8,50,5,1,1,5,4,5,7,2,1,2,1,2,1,17,2,44,3,10,3,1,7,9,1,8,1,4,,25,,1,22,9,121.501261,25.120271
112,3,4,22,0,2,05中正區,中正區中山南路與信義路1段口,0,0,1,1,C03,7,3,5,50,14,8,1,5,4,5,7,1,1,10,3,5,2,16,1,30,3,10,1,1,7,9,1,10,2,12,,23,,1,22,9,121.5176727,25.03858458
112,3,4,22,0,2,05中正區,中正區中山南路與信義路1段口,0,0,1,2,C04,7,3,5,50,14,8,1,5,4,5,7,1,1,10,3,5,2,16,1,62,2,8,1,1,7,14,1,10,2,14,,44,,1,22,9,121.5176727,25.03858458
112,3,4,22,48,2,06松山區,松山區敦化南路1段與八德路3段口,0,0,2,1,C03,8,3,5,50,4,1,1,5,4,5,7,1,1,8,3,3,1,16,2,33,2,9,3,1,7,8,1,10,1,12,,7,,1,22,9,121.5490524,25.04813212
112,3,4,22,48,2,06松山區,松山區敦化南路1段與八德路3段口,0,0,2,2,C03,8,3,5,50,4,1,1,5,4,5,7,1,1,8,3,3,1,16,2,32,2,9,3,1,7,9,1,10,1,14,,44,,1,22,9,121.5490524,25.04813212
112,3,5,0,26,2,04大安區,大安區忠孝東路3段與建國南路1段口,0,0,1,1,C03,8,3,5,50,14,9,1,5,2,5,7,2,1,8,3,3,1,29,1,26,2,9,1,1,7,9,1,10,1,14,,13,,1,5,1,121.5375579,25.04179123
112,3,5,0,26,2,04大安區,大安區忠孝東路3段與建國南路1段口,0,0,1,2,,8,3,5,50,14,9,1,5,2,5,7,2,1,8,3,3,1,29,3,0,,,,,,,,,9,,,61,,1,,,121.5375579,25.04179123
112,3,5,0,26,2,04大安區,大安區忠孝東路3段與建國南路1段口,0,0,1,3,B03,8,3,5,50,14,9,1,5,2,5,7,2,1,8,3,3,1,29,1,28,3,10,1,1,7,6,1,8,1,7,,44,,1,21,5,121.5375579,25.04179123
112,3,5,1,5,2,01大同區,大同區太原路與華陰街口,0,0,1,2,C03,8,3,5,0,4,2,1,5,4,5,7,2,1,5,5,5,2,12,1,35,2,7,1,1,7,9,6,10,1,15,,23,,1,22,9,121.5152064,25.05033813
112,3,5,1,5,2,01大同區,大同區太原路與華陰街口,0,0,1,1,B01,8,3,5,0,4,2,1,5,4,5,7,2,1,5,5,5,2,12,1,37,3,10,1,1,7,11,1,2,1,4,,10,,1,22,9,121.5152064,25.05033813
112,3,5,6,25,2,05中正區,中正區重慶南路1段與愛國西路口,0,0,2,1,C03,8,2,5,50,4,1,1,5,4,5,7,1,1,1,4,5,2,15,1,67,2,9,1,1,7,9,1,10,2,12,,25,,1,22,9,121.5125223,25.0355572
112,3,5,6,25,2,05中正區,中正區重慶南路1段與愛國西路口,0,0,2,2,C03,8,2,5,50,4,1,1,5,4,5,7,1,1,1,4,5,2,15,2,67,2,9,1,1,7,9,1,10,2,11,,44,,1,22,9,121.5125223,25.0355572
112,3,5,6,35,2,12內湖區,內湖區內湖路2段與成功路3段174巷口,0,0,1,1,C03,8,1,5,30,4,1,1,5,4,5,7,3,1,10,5,5,2,15,1,20,2,9,1,1,7,9,1,10,2,12,,6,,1,22,9,121.5901333,25.0820751
112,3,5,6,35,2,12內湖區,內湖區內湖路2段與成功路3段174巷口,0,0,1,2,B03,8,1,5,30,4,1,1,5,4,5,7,3,1,10,5,5,2,15,1,58,3,10,1,1,7,9,1,8,2,1,,14,,1,22,9,121.5901333,25.0820751
112,3,5,6,35,2,12內湖區,內湖區內湖路2段與成功路3段174巷口,0,0,1,3,,8,1,5,30,4,1,1,5,4,5,7,3,1,10,5,5,2,15,3,0,,,,,,,,,,,,67,,1,,,121.5901333,25.0820751
112,3,5,7,30,2,03中山區,中山區中山北路3段與撫順街口,0,0,1,2,C03,8,1,5,50,4,1,1,5,4,5,7,4,4,5,4,5,2,16,1,38,2,8,1,4,7,6,6,10,2,14,,44,,1,22,9,121.5220472,25.0638582
112,3,5,7,30,2,03中山區,中山區中山北路3段與撫順街口,0,0,1,1,B01,8,1,5,50,4,1,1,5,4,5,7,4,4,5,4,5,2,16,1,64,3,10,3,4,7,5,1,4,2,8,,6,,1,22,9,121.5220472,25.0638582
112,3,5,7,50,2,01大同區,大同區鄭州路與塔城街口,0,0,2,1,C03,8,1,5,50,4,1,1,5,4,5,7,1,1,1,4,5,2,15,2,18,2,9,3,4,7,9,1,10,1,14,,25,,1,22,9,121.5104912,25.05043001
112,3,5,7,50,2,01大同區,大同區鄭州路與塔城街口,0,0,2,2,C03,8,1,5,50,4,1,1,5,4,5,7,1,1,1,4,5,2,15,1,37,2,8,3,4,7,9,1,10,1,11,,44,,1,22,9,121.5104912,25.05043001
112,3,5,8,39,2,09北投區,北投區大興街與大興街23巷口,0,0,2,2,B03,8,1,5,30,4,1,1,5,4,5,7,3,1,10,5,5,1,15,1,50,3,10,1,1,7,9,1,8,2,1,,44,,1,22,9,121.4985206,25.12994548
112,3,5,8,39,2,09北投區,北投區大興街與大興街23巷口,0,0,2,1,C03,8,1,5,30,4,1,1,5,4,5,7,3,1,10,5,5,1,15,1,22,2,9,1,1,7,9,1,10,2,12,,6,,1,22,9,121.4985206,25.12994548
112,3,5,8,39,2,09北投區,北投區大興街與大興街23巷口,0,0,2,3,H02,8,1,5,30,4,1,1,5,4,5,7,3,1,10,5,5,1,15,1,28,2,9,1,5,7,20,8,20,10,16,,67,,1,22,9,121.4985206,25.12994548
112,3,5,8,54,2,02萬華區,萬華區萬大路424巷與長泰街297巷口,0,0,1,2,C03,8,1,5,30,4,1,1,5,4,5,7,4,4,9,5,5,2,15,1,45,3,10,1,4,7,9,1,10,1,14,,14,,1,22,9,121.4932434,25.02052763
112,3,5,8,54,2,02萬華區,萬華區萬大路424巷與長泰街297巷口,0,0,1,1,C03,8,1,5,30,4,1,1,5,4,5,7,4,4,9,5,5,2,15,2,61,2,9,1,4,7,9,1,10,1,11,,6,,1,22,9,121.4932434,25.02052763
112,3,5,8,54,2,02萬華區,萬華區萬大路424巷與長泰街297巷口,0,0,1,3,A12,8,1,5,30,4,1,1,5,4,5,7,4,4,9,5,5,2,15,1,58,3,10,1,4,7,14,1,7,1,15,,38,,1,22,9,121.4932434,25.02052763
112,3,5,9,4,2,05中正區,中正區金山南路1段與銅山街口,0,0,2,1,C03,8,1,5,50,4,4,1,5,4,5,7,1,1,3,4,5,1,13,1,27,2,9,1,1,7,9,1,10,2,11,,16,,1,22,9,121.5287853,25.0392967
112,3,5,9,4,2,05中正區,中正區金山南路1段與銅山街口,0,0,2,2,C03,8,1,5,50,4,4,1,5,4,5,7,1,1,3,4,5,1,13,1,56,2,9,1,1,7,9,1,10,2,13,,44,,1,22,9,121.5287853,25.0392967
112,3,5,10,0,2,02萬華區,萬華區康定路223號,0,0,1,2,C03,8,1,5,50,14,9,1,5,4,5,7,4,4,9,4,5,2,9,1,27,2,9,1,1,7,9,1,9,1,12,,42,,1,22,9,121.5013357,25.03557354
112,3,5,10,0,2,02萬華區,萬華區康定路223號,0,0,1,1,H01,8,1,5,50,14,9,1,5,4,5,7,4,4,9,4,5,2,9,1,53,3,10,4,5,8,16,8,20,10,16,,67,,1,22,9,121.5013357,25.03557354
112,3,5,10,12,2,04大安區,大安區愛國東路與杭州南路2段口,0,0,1,1,G06,8,1,5,50,4,2,1,5,4,5,7,2,1,1,4,5,2,17,1,21,2,9,3,4,7,9,7,19,1,15,,44,,1,22,9,121.5226839,25.0324189
112,3,5,10,12,2,04大安區,大安區愛國東路與杭州南路2段口,0,0,1,2,B01,8,1,5,50,4,2,1,5,4,5,7,2,1,1,4,5,2,17,1,58,4,11,3,4,7,8,7,19,11,15,,7,,2,22,9,121.5226839,25.0324189
112,3,5,10,22,2,09北投區,北投區西安街2段與石牌路1段口,0,0,2,1,C03,8,1,5,50,14,9,1,5,4,5,7,4,4,9,5,5,2,12,1,20,2,8,3,4,7,5,1,10,1,14,,43,,1,22,9,121.5092552,25.1200522
112,3,5,10,22,2,09北投區,北投區西安街2段與石牌路1段口,0,0,2,2,C03,8,1,5,50,14,9,1,5,4,5,7,4,4,9,5,5,2,12,1,27,2,8,3,4,7,9,1,10,1,11,,43,,1,22,9,121.5092552,25.1200522
112,3,5,10,30,2,08士林區,士林區社正路與社正路45巷口,0,0,1,2,C03,8,1,5,50,5,2,1,5,4,5,7,4,4,10,4,4,1,16,2,47,2,9,1,1,7,9,1,10,1,11,,44,,1,22,9,121.5096953,25.08883917
112,3,5,10,30,2,08士林區,士林區社正路與社正路45巷口,0,0,1,1,C03,8,1,5,50,5,2,1,5,4,5,7,4,4,10,4,4,1,16,1,48,3,10,1,1,7,1,1,10,1,14,,19,,1,22,9,121.5096953,25.08883917
112,3,5,11,54,2,02萬華區,萬華區萬大路618巷與武成街35巷口,0,0,1,1,C03,8,1,5,30,4,1,1,5,4,5,7,4,4,10,5,5,2,15,2,68,2,9,1,1,7,9,1,10,1,12,,6,,1,22,9,121.4947804,25.01769009
112,3,5,11,54,2,02萬華區,萬華區萬大路618巷與武成街35巷口,0,0,1,2,B12,8,1,5,30,4,1,1,5,4,5,7,4,4,10,5,5,2,15,1,46,3,10,1,1,7,9,1,8,1,1,,6,,1,22,9,121.4947804,25.01769009
112,3,5,12,0,2,10文山區,文山區景華街與景華街147巷2弄口,0,0,1,1,B02,8,1,5,50,4,2,1,5,4,5,7,2,1,5,5,5,2,3,1,39,3,10,1,1,7,5,1,8,11,8,,15,,1,22,9,121.5479124,24.9973363
112,3,5,12,0,2,10文山區,文山區景華街與景華街147巷2弄口,0,0,1,2,H01,8,1,5,50,4,2,1,5,4,5,7,2,1,5,5,5,2,3,2,82,2,8,4,5,8,16,8,20,10,16,,67,,1,22,9,121.5479124,24.9973363
112,3,5,12,2,2,09北投區,北投區中央南路2段32號與無名巷口,0,0,1,1,B03,8,1,5,30,3,1,1,5,4,5,7,4,4,9,4,5,2,17,1,25,3,10,1,1,7,5,1,8,1,8,,6,,1,22,9,121.5003461,25.12509528
112,3,5,12,2,2,09北投區,北投區中央南路2段32號與無名巷口,0,0,1,2,C03,8,1,5,30,3,1,1,5,4,5,7,4,4,9,4,5,2,17,1,67,2,9,1,1,7,9,1,10,1,11,,44,,1,22,9,121.5003461,25.12509528
112,3,5,12,15,2,12內湖區,內湖區永保街與安康路93巷口,0,0,3,3,H02,8,1,5,40,3,2,1,5,4,5,7,4,4,4,4,5,1,12,2,9,2,9,3,5,7,20,8,20,10,16,,67,,1,22,9,121.5971501,25.063169
112,3,5,12,15,2,12內湖區,內湖區永保街與安康路93巷口,0,0,3,1,C03,8,1,5,40,3,2,1,5,4,5,7,4,4,4,4,5,1,12,2,23,2,9,3,4,7,9,1,10,1,12,,23,,1,22,9,121.5971501,25.063169
112,3,5,12,15,2,12內湖區,內湖區永保街與安康路93巷口,0,0,3,2,C03,8,1,5,40,3,2,1,5,4,5,7,4,4,4,4,5,1,12,1,33,2,9,3,4,7,5,1,10,1,14,,8,,1,22,9,121.5971501,25.063169
112,3,5,12,19,2,12內湖區,內湖區內湖路1段與文湖街口口,0,0,2,3,B03,8,1,5,50,3,2,1,5,4,5,7,4,4,5,5,5,2,12,2,59,4,11,3,4,7,15,7,19,11,15,,38,,2,22,9,121.5597554,25.08500036
112,3,5,12,19,2,12內湖區,內湖區內湖路1段與文湖街口口,0,0,2,1,C03,8,1,5,50,3,2,1,5,4,5,7,4,4,5,5,5,2,12,1,26,2,9,1,1,7,6,1,9,2,11,,23,,1,22,9,121.5597554,25.08500036
112,3,5,12,19,2,12內湖區,內湖區內湖路1段與文湖街口口,0,0,2,2,C02,8,1,5,50,3,2,1,5,4,5,7,4,4,5,5,5,2,12,1,28,2,9,1,1,7,6,4,10,2,14,,42,,1,22,9,121.5597554,25.08500036
112,3,5,12,20,2,10文山區,文山區光輝路71巷與光輝路口口,0,0,1,1,B03,8,1,5,30,4,1,1,5,4,5,7,4,4,4,5,5,1,11,1,48,3,10,3,4,7,5,1,8,1,8,,6,,1,22,9,121.5566192,24.98494342
112,3,5,12,20,2,10文山區,文山區光輝路71巷與光輝路口口,0,0,1,2,F01,8,1,5,30,4,1,1,5,4,5,7,4,4,4,5,5,1,11,2,58,2,8,1,4,7,9,8,20,1,16,,44,,1,22,9,121.5566192,24.98494342
112,3,5,12,36,2,10文山區,文山區興隆路3段與興隆路3段192巷8弄口,0,0,2,1,C03,8,1,5,30,4,1,1,5,4,5,7,2,1,5,5,5,2,16,1,68,2,9,1,1,7,6,1,10,2,12,,9,,1,22,9,121.5598189,24.9967241
112,3,5,12,36,2,10文山區,文山區興隆路3段與興隆路3段192巷8弄口,0,0,2,2,C03,8,1,5,30,4,1,1,5,4,5,7,2,1,5,5,5,2,16,1,29,2,9,1,1,7,9,1,10,2,14,,13,,1,22,9,121.5598189,24.9967241
112,3,5,13,3,2,10文山區,文山區木柵路1段與光輝路口口,0,0,1,1,C03,8,1,5,50,3,2,1,5,4,5,7,1,1,4,3,5,2,16,1,43,3,10,1,1,7,5,1,10,2,12,,8,,1,22,9,121.5551622,24.9881479
112,3,5,13,3,2,10文山區,文山區木柵路1段與光輝路口口,0,0,1,2,C03,8,1,5,50,3,2,1,5,4,5,7,1,1,4,3,5,2,16,1,60,2,9,1,1,7,9,1,10,2,11,,23,,1,22,9,121.5551622,24.9881479
112,3,5,13,8,2,10文山區,文山區辛亥路4段101巷與辛亥路4段口,0,0,1,1,C03,8,1,5,50,3,2,1,5,4,5,7,1,1,5,4,5,2,12,1,61,2,8,1,4,7,9,1,10,1,14,,23,,1,22,9,121.5585364,25.0065748
112,3,5,13,8,2,10文山區,文山區辛亥路4段101巷與辛亥路4段口,0,0,1,2,B03,8,1,5,50,3,2,1,5,4,5,7,1,1,5,4,5,2,12,1,61,3,10,1,4,7,9,1,8,1,2,,26,,1,22,9,121.5585364,25.0065748
112,3,5,13,23,2,04大安區,大安區忠孝東路3段81號,0,0,1,2,,8,1,5,50,14,9,1,5,3,5,7,4,4,1,4,5,2,18,3,0,,,,,,,,,,,,61,,1,,,121.5379551,25.0417518
112,3,5,13,23,2,04大安區,大安區忠孝東路3段81號,0,0,1,1,C03,8,1,5,50,14,9,1,5,3,5,7,4,4,1,4,5,2,18,1,28,2,9,1,4,7,12,1,10,9,14,,44,,1,22,9,121.5379551,25.0417518
112,3,5,13,40,2,09北投區,北投區尊賢街302巷與吉利街142巷口,0,0,2,2,C03,8,1,5,30,4,1,1,5,4,5,7,4,4,10,5,5,2,15,2,70,2,8,1,1,7,9,1,10,1,11,,23,,1,22,9,121.5077979,25.1181267
112,3,5,13,40,2,09北投區,北投區尊賢街302巷與吉利街142巷口,0,0,2,1,C03,8,1,5,30,4,1,1,5,4,5,7,4,4,10,5,5,2,15,1,54,2,8,1,1,7,9,1,10,1,12,,6,,1,22,9,121.5077979,25.1181267
112,3,5,13,50,2,09北投區,北投區竹子湖路與無名巷口,0,0,2,3,H02,8,1,5,40,3,1,1,5,4,5,7,4,4,5,4,5,1,17,2,42,2,9,1,5,7,20,8,20,10,16,,67,,1,22,9,121.540685,25.17347708
112,3,5,13,50,2,09北投區,北投區竹子湖路與無名巷口,0,0,2,1,B03,8,1,5,40,3,1,1,5,4,5,7,4,4,5,4,5,1,17,1,35,3,10,1,1,7,11,1,8,1,8,,10,,1,22,9,121.540685,25.17347708
112,3,5,13,50,2,09北投區,北投區竹子湖路與無名巷口,0,0,2,2,C03,8,1,5,40,3,1,1,5,4,5,7,4,4,5,4,5,1,17,1,49,2,8,1,1,7,9,1,10,1,12,,23,,1,22,9,121.540685,25.17347708
112,3,5,14,15,2,05中正區,中正區重慶南路2段與南海路口口,0,0,1,2,H01,8,1,5,50,14,9,1,5,4,5,7,1,1,1,4,5,2,3,1,76,2,5,4,5,8,16,8,20,9,16,,51,,1,22,9,121.5144714,25.0319271
112,3,5,14,15,2,05中正區,中正區重慶南路2段與南海路口口,0,0,1,1,B03,8,1,5,50,14,9,1,5,4,5,7,1,1,1,4,5,2,3,2,62,3,10,1,1,7,5,1,8,9,1,,23,,1,22,9,121.5144714,25.0319271
112,3,5,14,26,2,06松山區,松山區松河街150號,0,0,2,3,C03,8,1,5,40,14,9,1,5,4,5,7,4,4,9,5,5,2,3,1,26,3,10,3,4,7,13,1,10,11,13,,44,,1,22,9,121.5759542,25.0512407
112,3,5,14,26,2,06松山區,松山區松河街150號,0,0,2,2,H01,8,1,5,40,14,9,1,5,4,5,7,4,4,9,5,5,2,3,1,78,2,1,4,5,8,16,8,20,1,16,,51,,1,22,9,121.5759542,25.0512407
112,3,5,14,26,2,06松山區,松山區松河街150號,0,0,2,1,C03,8,1,5,40,14,9,1,5,4,5,7,4,4,9,5,5,2,3,1,23,2,9,1,1,7,9,1,10,1,11,12,23,,1,22,9,121.5759542,25.0512407
112,3,5,14,30,2,07信義區,信義區吳興街600巷31號,0,0,1,2,B12,8,1,5,0,14,9,1,5,4,5,7,4,4,10,5,5,2,17,1,60,3,10,3,1,7,13,1,8,9,6,,44,,1,22,9,121.5696029,25.02084787
112,3,5,14,30,2,07信義區,信義區吳興街600巷31號,0,0,1,1,F01,8,1,5,0,14,9,1,5,4,5,7,4,4,10,5,5,2,17,1,12,2,9,2,1,7,9,8,20,1,16,,42,,1,22,9,121.5696029,25.02084787
112,3,5,14,35,2,10文山區,文山區和平東路4段與和平東路4段295巷口,0,0,2,1,C03,8,1,5,40,3,2,1,5,4,5,7,2,1,5,2,5,2,17,2,41,2,9,3,4,7,5,1,10,2,13,,44,,1,22,9,121.5731162,25.00069597
112,3,5,14,35,2,10文山區,文山區和平東路4段與和平東路4段295巷口,0,0,2,2,F01,8,1,5,40,3,2,1,5,4,5,7,2,1,5,2,5,2,17,1,29,2,9,3,4,7,9,8,20,2,16,,23,,1,22,9,121.5731162,25.00069597
112,3,5,15,0,2,03中山區,中山區堤頂大道2段與內湖路1段口,0,0,2,1,C03,8,1,5,50,3,1,1,5,4,5,1,1,1,1,4,5,2,12,1,35,2,9,3,4,7,7,1,10,1,14,,7,,1,22,9,121.5607392,25.08431575
112,3,5,15,0,2,03中山區,中山區堤頂大道2段與內湖路1段口,0,0,2,2,B03,8,1,5,50,3,1,1,5,4,5,1,1,1,1,4,5,2,12,2,41,3,10,3,4,7,9,1,8,1,2,,13,,1,22,9,121.5607392,25.08431575
112,3,5,15,0,2,03中山區,中山區堤頂大道2段與內湖路1段口,0,0,2,3,H02,8,1,5,50,3,1,1,5,4,5,1,1,1,1,4,5,2,12,2,30,2,9,3,5,7,17,8,20,10,16,,67,,1,22,9,121.5607392,25.08431575
112,3,5,15,0,2,04大安區,大安區敦化南路2段293巷附近,0,0,3,3,H02,8,1,5,50,14,9,1,5,4,5,7,4,4,1,1,5,2,17,1,15,2,7,3,4,7,20,8,20,10,16,,67,,1,22,9,121.5489867,25.02379711
112,3,5,15,0,2,04大安區,大安區敦化南路2段293巷附近,0,0,3,2,C03,8,1,5,50,14,9,1,5,4,5,7,4,4,1,1,5,2,17,2,50,2,8,3,4,7,7,1,10,1,13,,44,,1,22,9,121.5489867,25.02379711
112,3,5,15,0,2,04大安區,大安區敦化南路2段293巷附近,0,0,3,1,C03,8,1,5,50,14,9,1,5,4,5,7,4,4,1,1,5,2,17,1,23,2,9,3,4,7,9,1,9,1,15,,23,,1,22,9,121.5489867,25.02379711
112,3,5,15,3,2,03中山區,中山區八德路2段174巷與市民大道3段口,0,0,1,2,C03,8,1,5,40,3,2,1,5,4,5,7,4,4,9,4,5,2,12,1,28,2,9,1,1,7,9,1,10,1,11,,23,,1,22,9,121.5381075,25.0449298
112,3,5,15,3,2,03中山區,中山區八德路2段174巷與市民大道3段口,0,0,1,1,C03,8,1,5,40,3,2,1,5,4,5,7,4,4,9,4,5,2,12,2,24,4,11,3,4,7,8,7,19,11,15,,7,,2,22,9,121.5381075,25.0449298
112,3,5,15,5,2,08士林區,士林區天母北路與天母西路38巷口,0,0,1,1,G06,8,1,5,50,5,1,1,5,4,5,7,1,1,5,5,5,1,12,2,65,2,9,2,1,7,5,7,19,1,15,,8,,1,22,9,121.5261128,25.11840748
112,3,5,15,5,2,08士林區,士林區天母北路與天母西路38巷口,0,0,1,2,B03,8,1,5,50,5,1,1,5,4,5,7,1,1,5,5,5,1,12,1,71,3,10,1,1,7,9,1,8,1,2,,44,,1,22,9,121.5261128,25.11840748
112,3,5,15,25,2,08士林區,士林區文昌路16號與文昌路口前騎樓人行道,0,0,1,1,C03,8,1,5,5,14,20,4,5,4,5,7,4,4,5,5,5,2,9,1,30,3,10,1,1,7,9,1,10,1,11,,23,,1,22,9,121.5218015,25.09499909
112,3,5,15,25,2,08士林區,士林區文昌路16號與文昌路口前騎樓人行道,0,0,1,2,H01,8,1,5,5,14,20,4,5,4,5,7,4,4,5,5,5,2,9,1,43,2,7,4,5,8,17,8,20,1,16,,67,,1,22,9,121.5218015,25.09499909
112,3,5,15,58,2,08士林區,士林區延平北路8段200巷60號旁無名巷,0,0,2,2,C03,8,1,5,30,14,9,1,5,4,5,7,4,4,10,5,5,1,17,1,28,2,8,3,4,7,9,1,10,2,11,,44,,1,22,9,121.4925399,25.10869568
112,3,5,15,58,2,08士林區,士林區延平北路8段200巷60號旁無名巷,0,0,2,1,C03,8,1,5,30,14,9,1,5,4,5,7,4,4,10,5,5,1,17,1,80,2,7,1,4,7,1,1,10,2,14,,19,,1,22,9,121.4925399,25.10869568
112,3,5,16,0,2,12內湖區,內湖區金龍路與內湖路3段191巷口,0,0,2,1,C03,8,1,5,50,3,2,1,5,4,5,7,4,4,5,4,4,1,17,1,68,2,1,1,1,7,5,1,10,2,11,,6,,1,22,9,121.5877982,25.08733218
112,3,5,16,0,2,12內湖區,內湖區金龍路與內湖路3段191巷口,0,0,2,2,C02,8,1,5,50,3,2,1,5,4,5,7,4,4,5,4,4,1,17,1,59,2,9,1,1,7,9,1,9,2,11,,14,,1,22,9,121.5877982,25.08733218
112,3,5,16,20,2,03中山區,中山區新生北路3段(農安街南側迴轉道),0,0,1,1,F01,8,1,5,50,3,1,1,5,4,5,7,4,4,1,4,5,2,12,2,31,2,9,3,4,7,7,8,20,2,16,,7,,1,22,9,121.527624,25.06429672
112,3,5,16,20,2,03中山區,中山區新生北路3段(農安街南側迴轉道),0,0,1,2,B01,8,1,5,50,3,1,1,5,4,5,7,4,4,1,4,5,2,12,1,36,3,10,3,4,7,9,1,4,2,1,,44,,1,22,9,121.527624,25.06429672
112,3,5,16,20,2,03中山區,中山區新生北路3段(農安街南側迴轉道),0,0,1,3,B03,8,1,5,50,3,1,1,5,4,5,7,4,4,1,4,5,2,12,1,68,3,10,3,4,7,14,1,8,2,2,,44,,1,22,9,121.527624,25.06429672
112,3,5,16,23,2,03中山區,中山區南京東路2段與松江路口,0,0,1,2,C03,8,1,5,40,4,1,1,5,4,5,7,2,1,1,1,3,1,12,1,27,2,9,3,4,7,9,1,10,1,14,,44,,1,22,9,121.5331375,25.05211269
112,3,5,16,23,2,03中山區,中山區南京東路2段與松江路口,0,0,1,1,B03,8,1,5,40,4,1,1,5,4,5,7,2,1,1,1,3,1,12,2,40,3,10,3,4,7,6,1,8,1,5,,9,,1,22,9,121.5331375,25.05211269
112,3,5,16,32,2,02萬華區,萬華區環河南路1段與成都路口,0,0,2,1,C03,8,1,5,50,3,2,1,5,4,5,7,4,4,8,4,5,2,17,1,60,3,10,1,1,7,6,1,10,2,15,,6,,1,22,9,121.5012016,25.04452486
112,3,5,16,32,2,02萬華區,萬華區環河南路1段與成都路口,0,0,2,2,C03,8,1,5,50,3,2,1,5,4,5,7,4,4,8,4,5,2,17,1,59,2,9,1,1,7,9,1,10,2,14,,14,,1,22,9,121.5012016,25.04452486
112,3,5,16,32,2,02萬華區,萬華區環河南路1段與成都路口,0,0,2,3,H02,8,1,5,50,3,2,1,5,4,5,7,4,4,8,4,5,2,17,2,58,2,9,1,5,7,20,8,20,10,15,,67,,1,22,9,121.5012016,25.04452486
112,3,5,16,49,2,04大安區,大安區復興南路1段237號,0,0,1,1,C04,8,1,5,40,14,8,1,5,4,5,7,4,4,9,4,4,1,13,2,44,3,10,1,4,7,10,1,10,1,13,,7,,1,22,9,121.5437996,25.0373532
112,3,5,16,49,2,04大安區,大安區復興南路1段237號,0,0,1,3,H02,8,1,5,40,14,8,1,5,4,5,7,4,4,9,4,4,1,13,2,43,3,10,1,5,7,20,8,20,10,16,,67,,1,22,9,121.5437996,25.0373532