發生年度,發生月,發生日,發生時-Hours,發生分,處理別-編號,區序,肇事地點,死亡人數,2-30日死亡人數,受傷人數,當事人序號,車種,天候,光線,道路類別,速限-速度限制,道路型態,事故位置,路面狀況1,路面狀況2,路面狀況3,道路障礙1,道路障礙2,號誌1,號誌2,車道劃分-分向,車道劃分-分道1,車道劃分-分道2,車道劃分-分道3,事故類型及型態,性別,年齡,受傷程度,主要傷處,保護裝置,行動電話,車輛用途,當事者行動狀態,駕駛資格情形,駕駛執照種類,飲酒情形,車輛撞擊部位1,車輛撞擊部位2,肇因碼-個別,肇因碼-主要,個人肇逃否,職業,旅次目的,座標-X,座標-Y
112,3,5,16,49,2,04大安區,大安區復興南路1段237號,0,0,1,2,C03,8,1,5,40,14,8,1,5,4,5,7,4,4,9,4,4,1,13,2,26,2,8,1,4,7,9,1,10,1,11,,44,,1,22,9,121.5437996,25.0373532
112,3,5,17,9,1,02萬華區,萬華區中華路2段416巷與萬大路277巷37弄口西側行人穿越道,1,0,0,2,H01,8,1,5,30,4,2,1,5,4,5,7,1,1,7,5,5,2,3,2,80,1,9,4,5,8,16,8,20,10,16,,52,,1,22,9,121.5021588,25.02658939
112,3,5,17,9,1,02萬華區,萬華區中華路2段416巷與萬大路277巷37弄口西側行人穿越道,1,0,0,1,C03,8,1,5,30,4,2,1,5,4,5,7,1,1,7,5,5,2,3,1,75,3,10,1,1,7,9,4,8,2,11,,15,,1,22,9,121.5021588,25.02658939
112,3,5,17,10,2,02萬華區,萬華區馬場町河濱公園,0,0,1,1,,8,3,8,0,15,22,4,5,4,5,7,4,4,10,5,5,2,9,4,0,4,11,3,4,7,15,7,19,11,15,,43,,2,22,9,121.5052365,25.0197272
112,3,5,17,10,2,02萬華區,萬華區馬場町河濱公園,0,0,1,2,H01,8,3,8,0,15,22,4,5,4,5,7,4,4,10,5,5,2,9,2,9,2,7,4,5,8,20,8,20,10,16,,67,,1,22,9,121.5052365,25.0197272
112,3,5,17,15,2,04大安區,大安區基隆路4段台大公館平面停車場入口,0,0,1,1,B02,8,1,5,40,14,8,1,5,4,5,7,4,4,1,4,4,2,17,1,25,3,10,3,4,7,6,1,8,1,5,,9,,1,22,9,121.5384489,25.0124211
112,3,5,17,15,2,04大安區,大安區基隆路4段台大公館平面停車場入口,0,0,1,2,C03,8,1,5,40,14,8,1,5,4,5,7,4,4,1,4,4,2,17,2,27,2,7,3,4,7,9,1,10,1,14,,17,,1,22,9,121.5384489,25.0124211
112,3,5,17,15,2,11南港區,南港區大坑街與舊莊街1段145巷口,0,1,0,1,B03,8,1,5,40,4,1,1,5,4,5,7,2,1,4,3,5,2,2,1,49,3,10,3,4,7,5,1,8,2,8,,8,,1,22,9,121.6207621,25.04111806
112,3,5,17,15,2,11南港區,南港區大坑街與舊莊街1段145巷口,0,1,0,2,H01,8,1,5,40,4,1,1,5,4,5,7,2,1,4,3,5,2,2,2,83,5,9,3,4,8,16,8,20,10,16,,67,,1,22,9,121.6207621,25.04111806
112,3,5,17,39,2,01大同區,大同區重慶北路1段與重慶北路1段26巷口,0,0,2,2,H01,7,1,5,0,4,1,1,5,4,5,7,1,1,1,4,5,2,9,2,58,2,5,4,5,8,20,8,20,10,16,,52,,1,22,9,121.5135691,25.05061125
112,3,5,17,39,2,01大同區,大同區重慶北路1段與重慶北路1段26巷口,0,0,2,1,F01,7,1,5,0,4,1,1,5,4,5,7,1,1,1,4,5,2,9,2,47,2,9,3,4,7,9,8,20,2,15,,15,,1,22,9,121.5135691,25.05061125
112,3,5,18,35,2,09北投區,北投區大度路2段過立德路往東約650公尺處,0,0,2,3,H02,8,3,5,50,14,12,1,5,4,5,7,4,4,1,4,5,1,13,2,72,2,9,1,5,7,20,8,20,10,16,,67,,1,22,9,121.4771735,25.12235263
112,3,5,18,35,2,09北投區,北投區大度路2段過立德路往東約650公尺處,0,0,2,1,,8,3,5,50,14,12,1,5,4,5,7,4,4,1,4,5,1,13,4,0,4,11,3,4,7,15,7,19,11,15,,43,,2,22,9,121.4771735,25.12235263
112,3,5,18,35,2,09北投區,北投區大度路2段過立德路往東約650公尺處,0,0,2,2,C03,8,3,5,50,14,12,1,5,4,5,7,4,4,1,4,5,1,13,1,76,2,9,1,1,7,9,1,10,1,11,,43,,1,22,9,121.4771735,25.12235263
112,3,5,18,50,2,04大安區,大安區辛亥路3段157巷與辛亥路3段口,0,0,3,2,C03,8,3,5,50,14,9,1,5,4,5,7,2,1,9,4,5,2,12,1,23,2,8,3,4,7,9,1,10,1,13,,44,,1,22,9,121.5490504,25.0171047
112,3,5,18,50,2,04大安區,大安區辛亥路3段157巷與辛亥路3段口,0,0,3,1,C03,8,3,5,50,14,9,1,5,4,5,7,2,1,9,4,5,2,12,1,25,2,8,3,4,7,8,1,10,1,12,,7,,1,22,9,121.5490504,25.0171047
112,3,5,18,50,2,04大安區,大安區辛亥路3段157巷與辛亥路3段口,0,0,3,3,H02,8,3,5,50,14,9,1,5,4,5,7,2,1,9,4,5,2,12,1,23,2,8,3,5,7,21,8,20,10,15,,67,,1,22,9,121.5490504,25.0171047
112,3,5,18,51,2,03中山區,中山區樂群二路30巷與樂群二路口,0,0,2,1,C03,8,3,5,50,4,1,1,5,4,5,7,1,1,1,4,5,2,16,1,53,2,9,1,1,7,5,1,10,1,11,,8,,1,22,9,121.5532494,25.0799232
112,3,5,18,51,2,03中山區,中山區樂群二路30巷與樂群二路口,0,0,2,2,C03,8,3,5,50,4,1,1,5,4,5,7,1,1,1,4,5,2,16,2,34,2,9,1,1,7,9,1,10,1,14,,44,,1,22,9,121.5532494,25.0799232
112,3,5,18,55,2,05中正區,中正區重慶南路3段與重慶南路3段3巷口,0,0,1,1,B03,7,3,5,50,3,1,1,5,4,5,7,4,4,1,4,5,1,16,2,31,3,10,1,1,7,6,1,8,1,2,,9,,1,22,9,121.515559,25.02935677
112,3,5,18,55,2,05中正區,中正區重慶南路3段與重慶南路3段3巷口,0,0,1,2,F02,7,3,5,50,3,1,1,5,4,5,7,4,4,1,4,5,1,16,2,34,2,9,1,1,7,9,8,20,1,16,,42,,1,22,9,121.515559,25.02935677
112,3,5,19,12,2,05中正區,中正區八德路1段55號,0,0,1,2,C03,8,3,5,50,14,9,1,5,4,5,7,4,4,9,4,5,2,16,1,34,2,9,1,1,7,9,1,10,2,14,,44,,1,22,9,121.5323332,25.04426961
112,3,5,19,12,2,05中正區,中正區八德路1段55號,0,0,1,1,B12,8,3,5,50,14,9,1,5,4,5,7,4,4,9,4,5,2,16,1,27,3,10,1,1,7,8,1,8,2,5,,7,,1,22,9,121.5323332,25.04426961
112,3,5,19,19,2,06松山區,松山區健康路131號,0,0,1,2,H01,8,3,8,50,15,22,1,5,4,5,7,2,1,1,4,4,2,9,2,70,2,9,4,5,8,16,8,20,10,16,,67,,1,22,9,121.5576648,25.05379506
112,3,5,19,19,2,06松山區,松山區健康路131號,0,0,1,1,B03,8,3,8,50,15,22,1,5,4,5,7,2,1,1,4,4,2,9,1,45,3,10,1,1,7,5,1,8,2,5,,15,,1,22,9,121.5576648,25.05379506
112,3,5,19,24,2,04大安區,大安區和平東路2段111號,0,0,1,2,B03,7,3,5,50,14,9,1,5,4,5,7,2,1,9,3,5,2,12,2,28,3,10,1,1,7,15,1,8,1,7,,44,,1,22,9,121.5405032,25.0253626
112,3,5,19,24,2,04大安區,大安區和平東路2段111號,0,0,1,1,C03,7,3,5,50,14,9,1,5,4,5,7,2,1,9,3,5,2,12,1,22,2,9,1,1,7,9,1,10,1,11,,16,,1,22,9,121.5405032,25.0253626
112,3,5,19,41,2,04大安區,大安區和平東路3段與敦化南路2段口,0,0,2,1,C03,8,3,5,0,4,2,1,5,4,5,7,2,1,1,4,5,2,17,1,39,2,9,1,1,7,9,1,10,1,12,,23,,1,22,9,121.5491205,25.0246103
112,3,5,19,41,2,04大安區,大安區和平東路3段與敦化南路2段口,0,0,2,2,C03,8,3,5,0,4,2,1,5,4,5,7,2,1,1,4,5,2,17,1,44,2,9,1,1,7,14,1,10,1,14,,44,,1,22,9,121.5491205,25.0246103
112,3,5,19,57,2,05中正區,中正區忠孝東路2段與金山南路1段口,0,0,3,1,B03,8,3,5,50,4,1,1,5,4,5,7,1,1,1,4,5,2,15,1,68,3,10,1,1,7,9,1,8,2,8,,25,,1,22,9,121.5297775,25.0431335
112,3,5,19,57,2,05中正區,中正區忠孝東路2段與金山南路1段口,0,0,3,3,C03,8,3,5,50,4,1,1,5,4,5,7,1,1,1,4,5,2,15,1,20,2,9,1,1,7,9,1,10,2,15,,44,,1,22,9,121.5297775,25.0431335
112,3,5,19,57,2,05中正區,中正區忠孝東路2段與金山南路1段口,0,0,3,4,H02,8,3,5,50,4,1,1,5,4,5,7,1,1,1,4,5,2,15,2,50,2,9,1,5,7,17,8,20,10,16,,67,,1,22,9,121.5297775,25.0431335
112,3,5,19,57,2,05中正區,中正區忠孝東路2段與金山南路1段口,0,0,3,2,C04,8,3,5,50,4,1,1,5,4,5,7,1,1,1,4,5,2,15,2,28,2,9,1,1,7,9,1,10,2,11,,44,,1,22,9,121.5297775,25.0431335
112,3,5,20,8,2,12內湖區,內湖區東湖路43巷與東湖路43巷26弄口,0,0,1,1,B01,8,1,5,30,4,1,1,5,4,5,7,4,4,10,5,5,2,15,1,60,3,10,1,1,7,9,1,4,1,1,,6,,1,22,9,121.6136241,25.06979292
112,3,5,20,8,2,12內湖區,內湖區東湖路43巷與東湖路43巷26弄口,0,0,1,2,C03,8,1,5,30,4,1,1,5,4,5,7,4,4,10,5,5,2,15,1,19,2,9,1,1,7,9,1,10,1,12,,44,,1,22,9,121.6136241,25.06979292
112,3,5,20,40,2,08士林區,士林區延平北路6段與中正路口,0,0,1,1,B03,8,3,5,50,4,2,1,5,4,5,7,2,1,9,4,5,1,17,1,49,3,10,1,1,7,8,1,8,1,15,,7,,1,22,9,121.5091899,25.08687455
112,3,5,20,40,2,08士林區,士林區延平北路6段與中正路口,0,0,1,2,C03,8,3,5,50,4,2,1,5,4,5,7,2,1,9,4,5,1,17,2,48,2,9,1,1,7,9,1,10,1,14,,44,,1,22,9,121.5091899,25.08687455
112,3,5,21,20,2,06松山區,松山區民權東路3段與復興北路口,0,0,1,1,C03,8,3,5,50,4,1,1,5,4,5,7,2,1,1,4,5,2,12,1,20,2,9,1,1,7,9,1,10,1,11,,44,,1,22,9,121.5443333,25.06207194
112,3,5,21,20,2,06松山區,松山區民權東路3段與復興北路口,0,0,1,2,C03,8,3,5,50,4,1,1,5,4,5,7,2,1,1,4,5,2,12,1,18,3,10,1,1,7,9,1,10,1,13,,23,,1,22,9,121.5443333,25.06207194
112,3,5,21,23,2,08士林區,士林區社正路與延平北路6段口,0,0,1,2,C03,8,3,5,50,3,2,1,5,4,5,7,4,4,9,4,5,1,17,1,37,2,9,1,1,7,9,1,10,1,11,,44,,1,22,9,121.5088764,25.08796197
112,3,5,21,23,2,08士林區,士林區社正路與延平北路6段口,0,0,1,1,B03,8,3,5,50,3,2,1,5,4,5,7,4,4,9,4,5,1,17,1,29,3,10,1,1,7,5,1,8,1,8,,6,,1,22,9,121.5088764,25.08796197
112,3,5,21,51,2,06松山區,松山區松山路與市民大道6段口,0,0,1,3,H02,8,3,5,50,4,1,1,5,4,5,7,2,1,9,4,5,2,16,2,0,3,10,3,5,7,21,8,20,10,16,,67,,1,22,9,121.5778354,25.04954422
112,3,5,21,51,2,06松山區,松山區松山路與市民大道6段口,0,0,1,2,B03,8,3,5,50,4,1,1,5,4,5,7,2,1,9,4,5,2,16,1,34,3,10,1,4,7,9,1,8,1,4,,44,,1,22,9,121.5778354,25.04954422
112,3,5,21,51,2,06松山區,松山區松山路與市民大道6段口,0,0,1,1,F03,8,3,5,50,4,1,1,5,4,5,7,2,1,9,4,5,2,16,2,26,2,8,3,4,7,5,8,20,1,15,,26,,1,22,9,121.5778354,25.04954422
112,3,5,22,55,2,02萬華區,萬華區艋舺大道與和平西路2段口,0,0,2,1,C03,8,3,5,50,5,2,1,5,4,5,7,1,1,1,4,4,2,12,2,58,2,9,1,1,7,8,1,10,2,11,,7,,1,22,9,121.5045848,25.0337789
112,3,5,22,55,2,02萬華區,萬華區艋舺大道與和平西路2段口,0,0,2,2,C03,8,3,5,50,5,2,1,5,4,5,7,1,1,1,4,4,2,12,1,42,2,9,1,1,7,9,1,10,2,15,,23,,1,22,9,121.5045848,25.0337789
112,3,6,0,58,2,08士林區,士林區中山北路5段與福國路口,0,0,2,1,C03,8,3,5,50,3,2,1,5,4,5,7,2,1,3,4,5,1,16,1,20,2,9,3,4,7,5,1,10,1,13,,25,,1,22,9,121.5256257,25.10244637
112,3,6,0,58,2,08士林區,士林區中山北路5段與福國路口,0,0,2,2,C03,8,3,5,50,3,2,1,5,4,5,7,2,1,3,4,5,1,16,1,55,2,9,3,4,7,9,1,10,1,13,,25,,1,22,9,121.5256257,25.10244637
112,3,6,1,0,2,01大同區,大同區環河北路2段往北第10.11號停車格,0,0,1,3,B01,8,3,5,50,14,9,1,5,4,5,7,4,4,8,3,5,2,29,1,67,3,10,3,4,7,13,1,4,9,4,,44,,1,22,9,121.5090888,25.07344118
112,3,6,1,0,2,01大同區,大同區環河北路2段往北第10.11號停車格,0,0,1,1,C03,8,3,5,50,14,9,1,5,4,5,7,4,4,8,3,5,2,29,2,19,2,9,1,1,7,9,1,10,1,11,,22,,1,22,9,121.5090888,25.07344118
112,3,6,1,0,2,01大同區,大同區環河北路2段往北第10.11號停車格,0,0,1,2,B03,8,3,5,50,14,9,1,5,4,5,7,4,4,8,3,5,2,29,3,0,,,,,,,,,,,,67,,1,,,121.5090888,25.07344118
112,3,6,2,10,2,03中山區,中山區錦州街與民權東路2段92巷口,0,0,1,1,C03,7,3,5,30,4,1,1,5,4,5,7,4,4,10,4,5,1,15,1,54,2,8,1,1,7,9,1,10,1,11,,6,,1,22,9,121.5316972,25.0603458
112,3,6,2,10,2,03中山區,中山區錦州街與民權東路2段92巷口,0,0,1,2,B03,7,3,5,30,4,1,1,5,4,5,7,4,4,10,4,5,1,15,1,18,3,10,1,1,7,9,1,8,1,5,,13,,1,22,9,121.5316972,25.0603458
112,3,6,5,21,2,11南港區,南港區東新街80巷10弄與成福路口,0,0,1,2,B03,8,1,5,30,4,1,1,5,4,5,6,3,1,7,4,5,2,17,1,33,3,10,1,4,7,9,1,8,1,5,,44,,1,22,9,121.5866664,25.0455916
112,3,6,5,21,2,11南港區,南港區東新街80巷10弄與成福路口,0,0,1,1,C03,8,1,5,30,4,1,1,5,4,5,6,3,1,7,4,5,2,17,1,74,2,9,1,4,7,9,1,10,1,14,,6,,1,22,9,121.5866664,25.0455916
112,3,6,7,36,2,03中山區,中山區明水路325號,0,0,1,2,B03,8,1,5,50,14,9,1,5,4,5,7,4,4,1,4,5,2,13,1,47,3,10,3,4,7,14,1,8,2,6,,44,,1,22,9,121.541798,25.0775142
112,3,6,7,36,2,03中山區,中山區明水路325號,0,0,1,1,C03,8,1,5,50,14,9,1,5,4,5,7,4,4,1,4,5,2,13,1,50,2,8,1,1,7,9,1,10,2,11,,23,,1,22,9,121.541798,25.0775142
112,3,6,7,39,2,12內湖區,內湖區成功路2段與成功交流道口東北角,0,0,1,2,B03,8,1,5,50,16,7,1,5,4,5,1,1,1,10,4,4,1,11,1,82,3,10,1,1,7,7,1,8,1,7,,7,,1,22,9,121.591009,25.06500028
112,3,6,7,39,2,12內湖區,內湖區成功路2段與成功交流道口東北角,0,0,1,1,C03,8,1,5,50,16,7,1,5,4,5,1,1,1,10,4,4,1,11,1,18,2,9,1,1,7,15,1,10,1,12,,26,,1,22,9,121.591009,25.06500028
112,3,6,7,40,2,06松山區,松山區八德路2段366巷25號,0,0,1,2,H01,8,1,5,30,14,9,1,5,4,5,7,4,4,10,5,5,2,3,2,6,2,9,4,5,8,18,8,20,10,16,,67,,1,22,9,121.5459972,25.04696929
112,3,6,7,40,2,06松山區,松山區八德路2段366巷25號,0,0,1,1,C03,8,1,5,30,14,9,1,5,4,5,7,4,4,10,5,5,2,3,1,20,3,10,1,1,7,9,1,10,1,11,,4,,1,22,9,121.5459972,25.04696929
112,3,6,7,45,2,12內湖區,內湖區成功路3段方濟中學公車站前,0,0,1,1,C03,8,1,5,50,14,9,1,5,4,5,7,4,4,1,4,5,2,12,1,27,2,9,1,1,7,8,1,10,1,11,,7,,1,22,9,121.5902075,25.07684227
112,3,6,7,45,2,12內湖區,內湖區成功路3段方濟中學公車站前,0,0,1,2,C03,8,1,5,50,14,9,1,5,4,5,7,4,4,1,4,5,2,12,1,33,3,10,1,1,7,9,1,10,1,11,,42,,1,22,9,121.5902075,25.07684227
112,3,6,7,45,2,12內湖區,內湖區成功路3段方濟中學公車站前,0,0,1,3,B03,8,1,5,50,14,9,1,5,4,5,7,4,4,1,4,5,2,12,1,56,3,10,1,3,7,14,1,8,1,2,,44,,1,22,9,121.5902075,25.07684227
112,3,6,7,47,2,08士林區,士林區仰德大道1段1106006燈桿,0,0,1,1,A05,8,1,5,40,14,9,1,5,4,5,7,4,4,5,5,5,1,17,1,66,3,10,1,1,7,8,1,1,1,6,,7,,1,22,9,121.5356765,25.10638314
112,3,6,7,47,2,08士林區,士林區仰德大道1段1106006燈桿,0,0,1,2,C03,8,1,5,40,14,9,1,5,4,5,7,4,4,5,5,5,1,17,2,44,2,9,1,1,7,9,1,10,1,11,,44,,1,22,9,121.5356765,25.10638314
112,3,6,7,53,2,04大安區,大安區愛國東路與杭州南路2段口,0,0,1,2,C03,8,1,5,40,4,2,1,5,4,5,7,4,4,1,4,4,1,12,1,79,3,10,3,4,7,9,1,10,2,12,,17,,1,22,9,121.5229778,25.0321323
112,3,6,7,53,2,04大安區,大安區愛國東路與杭州南路2段口,0,0,1,1,C03,8,1,5,40,4,2,1,5,4,5,7,4,4,1,4,4,1,12,1,64,2,9,3,4,7,9,1,10,2,14,,17,,1,22,9,121.5229778,25.0321323
112,3,6,8,32,2,03中山區,中山區民族東路490號,0,0,2,1,F02,8,1,5,50,14,9,1,5,4,5,7,4,4,3,4,5,2,11,2,45,2,8,3,4,7,9,8,20,2,16,,26,,1,22,9,121.5416837,25.0679442
112,3,6,8,32,2,03中山區,中山區民族東路490號,0,0,2,2,C03,8,1,5,50,14,9,1,5,4,5,7,4,4,3,4,5,2,11,1,61,3,10,3,4,7,9,1,10,2,12,,44,,1,22,9,121.5416837,25.0679442
112,3,6,8,32,2,03中山區,中山區民族東路490號,0,0,2,3,C03,8,1,5,50,14,9,1,5,4,5,7,4,4,3,4,5,2,11,1,32,2,3,3,4,7,9,1,10,2,11,,23,,1,22,9,121.5416837,25.0679442
112,3,6,8,33,2,08士林區,士林區承德路5段80號對面,0,0,2,1,C03,8,1,5,40,14,12,1,5,4,5,7,4,4,1,4,4,2,17,2,32,2,9,1,1,7,9,1,10,1,12,,23,,1,22,9,121.5151986,25.09344139
112,3,6,8,33,2,08士林區,士林區承德路5段80號對面,0,0,2,2,C03,8,1,5,40,14,12,1,5,4,5,7,4,4,1,4,4,2,17,1,66,2,7,1,1,7,9,1,10,1,14,,44,,1,22,9,121.5151986,25.09344139
112,3,6,8,40,2,08士林區,士林區劍潭路與劍潭路55巷口,0,0,2,1,C03,8,1,5,30,4,2,1,5,4,5,7,4,4,10,5,5,2,15,1,46,2,9,1,1,7,9,1,10,1,11,,6,,1,22,9,121.5213522,25.0837281
112,3,6,8,40,2,08士林區,士林區劍潭路與劍潭路55巷口,0,0,2,2,C03,8,1,5,30,4,2,1,5,4,5,7,4,4,10,5,5,2,15,1,28,2,9,1,1,7,9,1,10,1,11,,14,,1,22,9,121.5213522,25.0837281
112,3,6,8,50,2,12內湖區,內湖區永保街與安康路228巷口,0,0,3,1,C03,8,1,5,40,3,2,1,5,4,5,7,4,4,5,5,5,2,12,1,58,2,9,1,1,7,5,1,10,1,14,,44,,1,22,9,121.6031855,25.06402106
112,3,6,8,50,2,12內湖區,內湖區永保街與安康路228巷口,0,0,3,2,C03,8,1,5,40,3,2,1,5,4,5,7,4,4,5,5,5,2,12,1,28,2,9,1,1,7,9,1,10,1,11,,26,,1,22,9,121.6031855,25.06402106
112,3,6,8,50,2,12內湖區,內湖區永保街與安康路228巷口,0,0,3,3,H02,8,1,5,40,3,2,1,5,4,5,7,4,4,5,5,5,2,12,2,27,2,9,1,5,7,21,8,20,10,15,,67,,1,22,9,121.6031855,25.06402106
112,3,6,8,50,2,10文山區,文山區萬盛街與無名巷口口,0,0,2,2,C03,8,1,5,30,3,1,1,5,4,5,7,4,4,9,5,5,2,16,2,19,2,7,1,1,7,4,1,10,1,12,,1,,1,22,9,121.539204,25.00749666
112,3,6,8,50,2,10文山區,文山區萬盛街與無名巷口口,0,0,2,1,C04,8,1,5,30,3,1,1,5,4,5,7,4,4,9,5,5,2,16,1,61,2,8,1,1,7,7,1,10,1,14,,7,,1,22,9,121.539204,25.00749666
112,3,6,8,52,2,09北投區,北投區磺港路與新市街口,0,0,1,1,C03,8,1,5,30,3,1,1,5,4,5,7,4,4,5,5,5,2,16,1,50,2,9,1,1,7,5,1,10,1,12,,8,,1,22,9,121.5025224,25.1331338
112,3,6,8,52,2,09北投區,北投區磺港路與新市街口,0,0,1,2,B01,8,1,5,30,3,1,1,5,4,5,7,4,4,5,5,5,2,16,1,57,3,10,1,1,7,9,1,4,1,8,,44,,1,22,9,121.5025224,25.1331338
112,3,6,9,3,2,12內湖區,內湖區金莊路與行善路417巷口,0,0,1,1,B03,8,1,5,50,3,1,1,5,4,5,7,1,1,5,4,5,1,17,1,57,3,10,1,1,7,5,1,8,1,8,,6,,1,22,9,121.5876233,25.06448344
112,3,6,9,3,2,12內湖區,內湖區金莊路與行善路417巷口,0,0,1,2,C03,8,1,5,50,3,1,1,5,4,5,7,1,1,5,4,5,1,17,2,60,2,8,1,1,7,9,3,18,2,14,,44,,1,22,9,121.5876233,25.06448344
112,3,6,9,4,2,10文山區,文山區羅斯福路5段218巷38弄1號,0,0,1,1,B11,8,1,5,30,14,9,1,5,4,5,7,4,4,10,5,5,2,17,1,52,2,1,1,4,7,14,1,4,1,3,,40,,1,22,9,121.5369438,25.002605
112,3,6,9,4,2,10文山區,文山區羅斯福路5段218巷38弄1號,0,0,1,2,B03,8,1,5,30,14,9,1,5,4,5,7,4,4,10,5,5,2,17,1,52,3,10,1,4,7,9,1,8,1,2,,44,,1,22,9,121.5369438,25.002605
112,3,6,9,6,2,02萬華區,萬華區華中橋往新北市機車道,0,0,3,2,C03,8,1,5,40,8,11,1,5,4,5,7,4,4,1,4,3,2,12,1,44,2,8,1,1,7,9,1,10,1,12,,44,,1,22,9,121.4954566,25.0138094
112,3,6,9,6,2,02萬華區,萬華區華中橋往新北市機車道,0,0,3,3,H02,8,1,5,40,8,11,1,5,4,5,7,4,4,1,4,3,2,12,2,57,2,9,1,5,7,21,8,20,10,16,,67,,1,22,9,121.4954566,25.0138094
112,3,6,9,6,2,02萬華區,萬華區華中橋往新北市機車道,0,0,3,1,C03,8,1,5,40,8,11,1,5,4,5,7,4,4,1,4,3,2,12,1,72,2,9,1,1,7,7,1,10,1,14,,23,,1,22,9,121.4954566,25.0138094
112,3,6,9,10,2,04大安區,大安區仁愛路4段與大安路1段口,0,0,1,1,B03,8,1,5,50,4,2,1,5,4,5,7,2,1,9,5,5,1,2,1,63,3,10,3,4,7,9,1,2,2,2,,23,,1,22,9,121.5460893,25.0375651
112,3,6,9,10,2,04大安區,大安區仁愛路4段與大安路1段口,0,0,1,2,H01,8,1,5,50,4,2,1,5,4,5,7,2,1,9,5,5,1,2,2,58,2,6,4,5,8,16,8,20,10,16,,67,,1,22,9,121.5460893,25.0375651
112,3,6,9,30,2,03中山區,中山區長春路142號,0,0,1,3,B03,8,1,5,0,14,9,1,5,4,5,7,2,1,5,4,5,2,12,1,31,3,10,3,4,7,1,1,8,1,5,,44,,1,22,9,121.5313751,25.0548095
112,3,6,9,30,2,03中山區,中山區長春路142號,0,0,1,2,C03,8,1,5,0,14,9,1,5,4,5,7,2,1,5,4,5,2,12,2,21,2,8,3,4,7,7,1,10,1,12,,23,,1,22,9,121.5313751,25.0548095
112,3,6,9,30,2,03中山區,中山區長春路142號,0,0,1,1,B12,8,1,5,0,14,9,1,5,4,5,7,2,1,5,4,5,2,12,1,50,4,11,3,4,7,15,7,19,11,15,,42,,2,22,9,121.5313751,25.0548095
112,3,6,9,32,2,07信義區,信義區信義路5段150巷68-1號,0,0,1,1,C03,8,1,5,30,14,9,1,5,4,5,7,4,4,10,5,5,2,18,1,38,2,9,1,1,7,9,1,10,1,12,,42,,1,21,8,121.5720961,25.02363175
112,3,6,9,32,2,07信義區,信義區信義路5段150巷68-1號,0,0,1,2,,8,1,5,30,14,9,1,5,4,5,7,4,4,10,5,5,2,18,3,0,,,,,,,,,,,,67,,1,,,121.5720961,25.02363175
112,3,6,9,39,2,04大安區,大安區基隆路2段188號,0,0,1,1,B03,8,1,5,50,14,9,1,5,4,5,7,4,4,1,4,5,2,12,1,46,3,10,1,1,7,8,6,8,1,3,,6,,1,22,9,121.55303,25.0249012
112,3,6,9,39,2,04大安區,大安區基隆路2段188號,0,0,1,2,C03,8,1,5,50,14,9,1,5,4,5,7,4,4,1,4,5,2,12,1,25,2,9,1,1,7,9,1,10,1,11,,44,,1,22,9,121.55303,25.0249012
112,3,6,9,45,2,03中山區,中山區北安路與北安路538巷口,0,0,1,1,B02,8,1,5,50,3,2,1,5,4,5,7,4,4,1,4,5,2,16,1,33,3,10,1,1,7,6,1,8,1,5,,9,,1,22,9,121.5476295,25.0799907
112,3,6,9,45,2,03中山區,中山區北安路與北安路538巷口,0,0,1,2,C03,8,1,5,50,3,2,1,5,4,5,7,4,4,1,4,5,2,16,1,28,2,9,1,1,7,9,1,10,1,11,,13,,1,22,9,121.5476295,25.0799907
112,3,6,9,55,2,12內湖區,內湖區堤頂大道2段與瑞光路358巷口,0,0,1,1,C02,8,1,5,50,3,1,1,5,4,5,7,4,4,1,4,5,2,17,1,38,3,10,1,1,7,6,1,9,1,12,,43,,1,22,9,121.5713314,25.07626072
112,3,6,9,55,2,12內湖區,內湖區堤頂大道2段與瑞光路358巷口,0,0,1,2,C03,8,1,5,50,3,1,1,5,4,5,7,4,4,1,4,5,2,17,1,26,2,7,1,1,7,9,1,10,1,14,,43,,1,22,9,121.5713314,25.07626072
112,3,6,10,0,2,03中山區,中山區民權東路3段與建國北路2段口,0,0,1,1,B03,8,1,5,50,4,1,1,5,4,5,7,2,1,1,4,5,2,12,1,41,3,10,3,4,7,6,1,8,1,2,,9,,1,22,9,121.5372535,25.0623015
112,3,6,10,0,2,03中山區,中山區民權東路3段與建國北路2段口,0,0,1,2,C03,8,1,5,50,4,1,1,5,4,5,7,2,1,1,4,5,2,12,1,21,2,9,3,4,7,9,1,10,1,14,,44,,1,22,9,121.5372535,25.0623015
112,3,6,10,0,2,12內湖區,內湖區安康路228巷與潭美街口,0,0,1,1,C03,8,1,5,40,3,1,1,5,4,5,7,1,1,5,5,5,2,17,1,20,2,9,1,1,7,9,1,10,1,15,,13,,1,22,9,121.6035486,25.06120285
112,3,6,10,0,2,12內湖區,內湖區安康路228巷與潭美街口,0,0,1,2,B03,8,1,5,40,3,1,1,5,4,5,7,1,1,5,5,5,2,17,1,32,3,10,1,1,7,5,1,8,1,15,,8,,1,22,9,121.6035486,25.06120285
112,3,6,10,14,2,09北投區,北投區復興二路與復興二路60巷口,0,0,1,2,C04,8,1,5,50,3,1,1,5,4,5,7,4,4,10,5,5,1,16,2,42,2,9,1,1,7,9,1,10,1,14,,44,,1,22,9,121.5032229,25.14411361
112,3,6,10,14,2,09北投區,北投區復興二路與復興二路60巷口,0,0,1,1,B03,8,1,5,50,3,1,1,5,4,5,7,4,4,10,5,5,1,16,1,79,3,10,1,1,7,5,1,8,1,8,,8,,1,22,9,121.5032229,25.14411361
112,3,6,10,30,2,05中正區,中正區中山南路與信義路1段口,0,0,1,2,G06,8,1,5,40,4,2,1,5,4,5,7,1,1,1,4,1,2,16,1,55,2,9,2,1,7,9,8,20,1,16,,44,,1,22,9,121.5180111,25.03873234