發生年度,發生月,發生日,發生時-Hours,發生分,處理別-編號,區序,肇事地點,死亡人數,2-30日死亡人數,受傷人數,當事人序號,車種,天候,光線,道路類別,速限-速度限制,道路型態,事故位置,路面狀況1,路面狀況2,路面狀況3,道路障礙1,道路障礙2,號誌1,號誌2,車道劃分-分向,車道劃分-分道1,車道劃分-分道2,車道劃分-分道3,事故類型及型態,性別,年齡,受傷程度,主要傷處,保護裝置,行動電話,車輛用途,當事者行動狀態,駕駛資格情形,駕駛執照種類,飲酒情形,車輛撞擊部位1,車輛撞擊部位2,肇因碼-個別,肇因碼-主要,個人肇逃否,職業,旅次目的,座標-X,座標-Y
112,3,6,18,24,2,06松山區,松山區寶清街與南京東路5段291巷19弄口,0,0,2,1,C03,8,3,5,50,4,1,1,5,4,5,7,2,1,1,4,5,2,17,2,42,2,9,1,1,7,5,1,10,1,11,,8,,1,22,9,121.5679855,25.05238297
112,3,6,18,45,2,11南港區,南港區福德街320號,0,0,1,1,C03,8,3,5,50,14,9,1,5,4,5,6,4,4,9,4,5,2,17,2,75,2,9,1,4,7,1,1,10,2,14,,23,,1,22,9,121.5878402,25.0394744
112,3,6,18,45,2,11南港區,南港區福德街320號,0,0,1,2,A02,8,3,5,50,14,9,1,5,4,5,6,4,4,9,4,5,2,17,1,54,3,10,1,4,7,9,1,2,2,2,,44,,1,22,9,121.5878402,25.0394744
112,3,6,18,49,2,04大安區,大安區和平東路2段134號,0,0,1,1,C03,8,3,5,50,14,9,1,5,4,5,7,1,1,1,4,5,2,13,1,22,2,7,3,4,7,7,1,10,1,12,,7,,1,22,9,121.5447758,25.0247735
112,3,6,18,49,2,04大安區,大安區和平東路2段134號,0,0,1,2,B03,8,3,5,50,14,9,1,5,4,5,7,1,1,1,4,5,2,13,1,51,3,10,3,4,7,9,1,8,1,1,,44,,1,22,9,121.5447758,25.0247735
112,3,6,19,22,2,03中山區,中山區北安路與北安路595巷口,0,0,1,1,C03,8,3,5,50,4,1,1,5,4,5,7,2,1,1,4,5,2,16,1,45,3,10,1,4,7,6,1,10,1,12,,9,,1,22,9,121.5487429,25.0821228
112,3,6,19,22,2,03中山區,中山區北安路與北安路595巷口,0,0,1,2,C03,8,3,5,50,4,1,1,5,4,5,7,2,1,1,4,5,2,16,1,29,2,9,1,4,7,9,1,10,1,11,,44,,1,22,9,121.5487429,25.0821228
112,3,6,19,40,2,01大同區,大同區承德路3段與民權西路口,0,0,1,3,C03,8,3,5,0,14,9,1,5,4,5,7,1,1,9,4,5,2,13,1,45,3,10,1,4,7,9,1,10,1,15,,44,,1,22,9,121.5182325,25.0629867
112,3,6,19,40,2,01大同區,大同區承德路3段與民權西路口,0,0,1,1,C03,8,3,5,0,14,9,1,5,4,5,7,1,1,9,4,5,2,13,1,31,2,8,1,4,7,9,1,10,1,11,,16,,1,22,9,121.5182325,25.0629867
112,3,6,19,40,2,01大同區,大同區承德路3段與民權西路口,0,0,1,2,C03,8,3,5,0,14,9,1,5,4,5,7,1,1,9,4,5,2,13,1,40,3,10,1,4,7,9,1,10,1,12,,44,,1,22,9,121.5182325,25.0629867
112,3,6,19,45,2,12內湖區,內湖區康樂街182號,0,0,1,1,H01,8,1,5,50,14,9,1,5,4,5,7,4,4,5,4,5,1,3,2,66,2,1,4,5,8,16,8,20,10,16,,51,,1,22,9,121.6202916,25.0757788
112,3,6,19,45,2,12內湖區,內湖區康樂街182號,0,0,1,2,C03,8,1,5,50,14,9,1,5,4,5,7,4,4,5,4,5,1,3,2,44,3,10,3,4,7,9,1,10,2,11,,23,,1,22,9,121.6202916,25.0757788
112,3,6,20,0,2,12內湖區,內湖區港墘路與內湖路1段口,0,0,1,1,B03,8,3,5,50,4,1,1,5,4,5,7,2,1,1,4,5,2,16,1,43,3,10,1,3,7,6,1,8,1,5,,9,,1,22,9,121.5766864,25.07899181
112,3,6,20,0,2,12內湖區,內湖區港墘路與內湖路1段口,0,0,1,2,C03,8,3,5,50,4,1,1,5,4,5,7,2,1,1,4,5,2,16,1,31,2,9,1,1,7,9,1,10,1,14,,44,,1,22,9,121.5766864,25.07899181
112,3,6,20,26,2,10文山區,文山區興隆路3段與辛亥路4段口,0,0,2,3,H02,8,3,5,50,4,1,1,5,4,5,7,2,1,1,4,5,2,17,2,22,2,9,1,5,7,20,8,20,10,16,,67,,1,22,9,121.5546748,25.0008648
112,3,6,20,26,2,10文山區,文山區興隆路3段與辛亥路4段口,0,0,2,2,C03,8,3,5,50,4,1,1,5,4,5,7,2,1,1,4,5,2,17,1,23,2,9,1,1,7,5,1,10,1,14,,44,,1,22,9,121.5546748,25.0008648
112,3,6,20,26,2,10文山區,文山區興隆路3段與辛亥路4段口,0,0,2,1,B03,8,3,5,50,4,1,1,5,4,5,7,2,1,1,4,5,2,17,1,28,3,10,1,1,7,9,1,8,1,15,,25,,1,22,9,121.5546748,25.0008648
112,3,6,20,37,2,10文山區,文山區木柵路1段57號,0,0,1,1,C03,8,3,5,50,15,18,1,5,4,5,7,1,3,7,4,5,2,3,1,43,3,10,3,4,7,6,1,10,2,11,,15,,1,22,9,121.5453751,24.9868405
112,3,6,20,37,2,10文山區,文山區木柵路1段57號,0,0,1,2,H01,8,3,5,50,15,18,1,5,4,5,7,1,3,7,4,5,2,3,1,29,2,8,4,5,8,16,8,20,10,16,,67,,1,22,9,121.5453751,24.9868405
112,3,6,20,40,2,05中正區,中正區臨沂街21號,0,0,1,1,B03,8,3,5,30,14,9,1,5,4,5,7,4,4,5,5,5,2,16,1,42,3,10,1,1,7,9,1,8,2,8,,6,,1,22,9,121.5304885,25.0419894
112,3,6,20,40,2,05中正區,中正區臨沂街21號,0,0,1,2,C03,8,3,5,30,14,9,1,5,4,5,7,4,4,5,5,5,2,16,1,17,2,9,1,1,7,9,2,18,2,11,,13,,1,22,9,121.5304885,25.0419894
112,3,6,20,45,2,01大同區,大同區環河北路2段與昌吉街口,0,0,1,1,B03,8,3,5,0,14,9,1,5,4,5,7,4,4,9,4,5,2,16,1,34,3,10,3,4,7,8,1,8,1,2,,7,,2,22,9,121.5088817,25.0658326
112,3,6,20,45,2,01大同區,大同區環河北路2段與昌吉街口,0,0,1,2,C03,8,3,5,0,14,9,1,5,4,5,7,4,4,9,4,5,2,16,1,19,2,9,1,4,7,9,1,10,1,11,,44,,1,22,9,121.5088817,25.0658326
112,3,6,20,45,2,03中山區,中山區民生東路3段與龍江路口,0,0,1,1,C04,8,3,5,50,4,1,1,5,4,5,7,2,1,1,4,5,2,12,2,30,2,8,1,4,7,8,1,10,1,13,,7,,1,22,9,121.5406769,25.0577456
112,3,6,20,45,2,03中山區,中山區民生東路3段與龍江路口,0,0,1,2,B01,8,3,5,50,4,1,1,5,4,5,7,2,1,1,4,5,2,12,2,64,3,10,3,4,7,9,1,4,1,8,,44,,1,22,9,121.5406769,25.0577456
112,3,6,20,54,2,03中山區,中山區民權東路2段與建國北路2段口,0,0,2,2,C03,8,3,5,50,4,2,1,5,4,5,7,1,1,5,4,5,2,13,2,29,2,9,1,1,7,14,1,10,1,12,,44,,1,22,9,121.5370698,25.0623193
112,3,6,20,54,2,03中山區,中山區民權東路2段與建國北路2段口,0,0,2,1,C03,8,3,5,50,4,2,1,5,4,5,7,1,1,5,4,5,2,13,2,43,2,9,1,1,7,9,1,10,1,11,,23,,1,22,9,121.5370698,25.0623193
112,3,6,21,14,2,03中山區,中山區中山北路1段與中山北路1段140巷口,0,0,1,2,C03,8,3,5,50,3,1,1,5,4,5,7,4,4,5,4,5,2,12,2,18,2,8,1,1,7,9,1,10,1,14,,14,,1,22,9,121.5221911,25.05140932
112,3,6,21,14,2,03中山區,中山區中山北路1段與中山北路1段140巷口,0,0,1,1,B03,8,3,5,50,3,1,1,5,4,5,7,4,4,5,4,5,2,12,2,48,3,10,1,1,7,6,1,8,1,5,,6,,1,22,9,121.5221911,25.05140932
112,3,6,21,51,2,10文山區,文山區辛亥路5段與辛亥路5段25巷口,0,0,1,2,C03,8,3,5,50,4,1,1,5,4,5,7,2,1,1,4,5,2,16,1,26,2,9,1,1,7,9,6,18,1,11,,13,,1,22,9,121.5540982,24.9998613
112,3,6,21,51,2,10文山區,文山區辛亥路5段與辛亥路5段25巷口,0,0,1,1,B03,8,3,5,50,4,1,1,5,4,5,7,2,1,1,4,5,2,16,1,20,3,10,1,1,7,5,1,8,1,2,,6,,1,22,9,121.5540982,24.9998613
112,3,6,22,0,2,01大同區,大同區重慶北路2段與民權西路口(西南角),0,0,1,1,C03,8,3,5,50,5,1,1,5,4,5,7,1,1,8,3,5,1,16,1,19,4,11,3,4,7,6,7,19,11,15,,9,,2,22,9,121.5135043,25.06284407
112,3,6,22,0,2,01大同區,大同區重慶北路2段與民權西路口(西南角),0,0,1,2,C03,8,3,5,50,5,1,1,5,4,5,7,1,1,8,3,5,1,16,2,49,2,9,1,1,7,9,1,10,2,14,,44,,1,22,9,121.5135043,25.06284407
112,3,6,22,0,2,01大同區,大同區重慶北路2段與民權西路口(西南角),0,0,1,3,C03,8,3,5,50,5,1,1,5,4,5,7,1,1,8,3,5,1,16,1,61,3,10,1,1,7,9,1,10,2,12,,13,,1,22,9,121.5135043,25.06284407
112,3,6,22,0,2,07信義區,信義區信義路5段與松智路口,0,0,2,2,C03,8,3,5,50,4,1,1,5,4,5,7,1,1,9,4,5,2,17,1,22,2,9,1,1,7,9,1,10,1,13,,13,,1,22,9,121.5650606,25.0329805
112,3,6,22,0,2,07信義區,信義區信義路5段與松智路口,0,0,2,1,C03,8,3,5,50,4,1,1,5,4,5,7,1,1,9,4,5,2,17,2,23,2,9,1,1,7,9,1,10,1,11,,23,,1,22,9,121.5650606,25.0329805
112,3,6,22,24,2,05中正區,中正區林森北路與林森北路5巷口,0,0,1,1,B03,8,4,5,50,3,2,1,5,4,5,7,4,4,5,4,5,2,17,1,25,3,10,1,1,7,11,1,8,2,15,,10,,1,22,9,121.5234808,25.0451976
112,3,6,22,24,2,05中正區,中正區林森北路與林森北路5巷口,0,0,1,2,C03,8,4,5,50,3,2,1,5,4,5,7,4,4,5,4,5,2,17,1,30,2,9,1,1,7,15,1,10,2,14,,44,,1,22,9,121.5234808,25.0451976
112,3,7,1,10,2,04大安區,大安區延吉街與忠孝東路4段口,0,0,1,1,B01,7,3,5,50,4,1,1,5,4,5,7,2,1,10,5,5,2,3,1,66,3,10,3,4,7,5,1,4,1,1,,15,,1,22,9,121.5545064,25.0413459
112,3,7,1,10,2,04大安區,大安區延吉街與忠孝東路4段口,0,0,1,2,H01,7,3,5,50,4,1,1,5,4,5,7,2,1,10,5,5,2,3,1,40,2,9,4,5,8,16,8,20,10,16,,67,,1,22,9,121.5545064,25.0413459
112,3,7,6,51,2,03中山區,中山區中山北路4段圓山上坡道旁,0,0,1,1,B03,8,1,5,50,14,9,1,5,4,5,7,4,4,1,4,5,2,12,1,63,3,10,1,1,7,8,1,4,1,2,,7,,1,22,9,121.5260054,25.074515
112,3,7,6,51,2,03中山區,中山區中山北路4段圓山上坡道旁,0,0,1,2,C03,8,1,5,50,14,9,1,5,4,5,7,4,4,1,4,5,2,12,2,53,2,8,1,1,7,5,1,10,1,14,,44,,1,22,9,121.5260054,25.074515
112,3,7,7,2,2,04大安區,大安區信義路4段與信義路4段294巷口,0,0,1,3,B12,8,1,5,50,4,2,1,5,4,3,7,2,1,1,4,5,1,12,1,35,4,11,3,4,7,15,7,19,11,15,,38,,2,22,9,121.5545212,25.0330611
112,3,7,7,2,2,04大安區,大安區信義路4段與信義路4段294巷口,0,0,1,2,B12,8,1,5,50,4,2,1,5,4,3,7,2,1,1,4,5,1,12,1,41,3,10,3,4,7,9,1,8,1,6,,44,,1,22,9,121.5545212,25.0330611
112,3,7,7,2,2,04大安區,大安區信義路4段與信義路4段294巷口,0,0,1,1,C03,8,1,5,50,4,2,1,5,4,3,7,2,1,1,4,5,1,12,1,96,2,3,3,4,7,7,1,10,1,14,,7,,1,22,9,121.5545212,25.0330611
112,3,7,7,30,2,07信義區,信義區永吉路278巷與永吉路278巷28弄口,0,0,1,2,C03,8,1,5,30,4,1,1,5,4,5,7,4,4,10,5,5,1,17,1,39,2,7,3,4,7,6,1,10,2,15,,44,,1,22,9,121.5740964,25.0446093
112,3,7,7,30,2,07信義區,信義區永吉路278巷與永吉路278巷28弄口,0,0,1,1,C03,8,1,5,30,4,1,1,5,4,5,7,4,4,10,5,5,1,17,1,37,3,10,3,4,7,5,1,10,2,15,,8,,1,22,9,121.5740964,25.0446093
112,3,7,7,30,2,05中正區,中正區羅斯福路3段284巷與羅斯福路3段244巷10弄口口,0,0,2,2,C03,8,1,5,30,4,1,1,5,4,5,7,4,4,10,5,5,1,15,1,27,2,9,1,1,7,9,1,10,1,14,,14,,1,22,9,121.5315733,25.01592296
112,3,7,7,30,2,05中正區,中正區羅斯福路3段284巷與羅斯福路3段244巷10弄口口,0,0,2,1,C03,8,1,5,30,4,1,1,5,4,5,7,4,4,10,5,5,1,15,1,25,2,9,1,1,7,9,1,10,1,11,,6,,1,22,9,121.5315733,25.01592296
112,3,7,7,40,2,12內湖區,內湖區民權東路6段與民權大橋口公車站,0,0,1,2,B01,8,1,5,50,14,9,1,5,4,5,7,4,4,1,4,5,2,16,1,59,3,10,1,1,7,9,1,4,1,5,,44,,1,22,9,121.5794845,25.06690965
112,3,7,7,40,2,12內湖區,內湖區民權東路6段與民權大橋口公車站,0,0,1,1,C03,8,1,5,50,14,9,1,5,4,5,7,4,4,1,4,5,2,16,2,38,2,9,1,1,7,7,1,10,1,14,,7,,1,22,9,121.5794845,25.06690965
112,3,7,7,45,2,04大安區,大安區信義路3段與建國南路2段口,0,0,1,1,C03,8,1,5,50,4,4,1,5,4,5,7,1,1,10,4,5,2,13,2,34,3,10,1,1,7,9,1,10,1,12,,23,,1,22,9,121.5380485,25.033206
112,3,7,7,45,2,04大安區,大安區信義路3段與建國南路2段口,0,0,1,3,H02,8,1,5,50,4,4,1,5,4,5,7,1,1,10,4,5,2,13,2,12,3,10,1,5,7,20,8,20,10,16,,67,,1,22,9,121.5380485,25.033206
112,3,7,7,45,2,04大安區,大安區信義路3段與建國南路2段口,0,0,1,4,H02,8,1,5,50,4,4,1,5,4,5,7,1,1,10,4,5,2,13,2,10,2,7,1,5,7,20,8,20,10,16,,67,,1,22,9,121.5380485,25.033206
112,3,7,7,45,2,04大安區,大安區信義路3段與建國南路2段口,0,0,1,2,C01,8,1,5,50,4,4,1,5,4,5,7,1,1,10,4,5,2,13,4,0,4,11,3,4,7,15,7,19,11,15,,43,,2,22,9,121.5380485,25.033206
112,3,7,8,0,1,09北投區,北投區大業路566號,1,0,0,1,C03,8,1,5,50,14,9,1,5,4,4,7,4,4,1,4,5,2,12,1,32,1,1,1,1,7,9,1,9,9,11,,16,,1,22,9,121.4967376,25.1351645
112,3,7,8,0,1,09北投區,北投區大業路566號,1,0,0,2,A41,8,1,5,50,14,9,1,5,4,4,7,4,4,1,4,5,2,12,1,63,3,10,1,1,7,9,1,1,2,6,,44,,1,22,9,121.4967376,25.1351645
112,3,7,8,0,1,09北投區,北投區大業路566號,1,0,0,3,H01,8,1,5,50,14,9,1,5,4,4,7,4,4,1,4,5,2,12,2,43,3,10,4,5,8,21,8,20,10,16,,60,,1,22,9,121.4967376,25.1351645
112,3,7,8,0,1,09北投區,北投區大業路566號,1,0,0,4,C03,8,1,5,50,14,9,1,5,4,4,7,4,4,1,4,5,2,12,1,18,3,10,1,1,7,9,1,10,2,15,,44,,1,22,9,121.4967376,25.1351645
112,3,7,8,0,1,09北投區,北投區大業路566號,1,0,0,5,C03,8,1,5,50,14,9,1,5,4,4,7,4,4,1,4,5,2,12,1,52,3,10,1,1,7,9,1,10,2,13,,44,,1,22,9,121.4967376,25.1351645
112,3,7,8,5,2,04大安區,大安區和平東路2段與建國南路2段口,0,0,1,2,C03,8,1,5,50,4,1,1,5,4,5,7,1,1,9,4,5,1,15,1,19,2,9,1,1,7,9,1,10,1,11,,44,,1,22,9,121.5374632,25.0256054
112,3,7,8,5,2,04大安區,大安區和平東路2段與建國南路2段口,0,0,1,1,B03,8,1,5,50,4,1,1,5,4,5,7,1,1,9,4,5,1,15,2,45,3,10,1,1,7,9,1,8,1,2,,25,,1,22,9,121.5374632,25.0256054
112,3,7,8,8,2,01大同區,大同區大龍街與昌吉街61巷9弄口,0,0,1,1,C03,8,1,5,30,4,1,1,5,4,5,7,4,4,10,5,5,2,15,1,51,3,10,1,1,7,9,1,10,1,11,,6,,1,22,9,121.5165358,25.0663519
112,3,7,8,8,2,01大同區,大同區大龍街與昌吉街61巷9弄口,0,0,1,2,C03,8,1,5,30,4,1,1,5,4,5,7,4,4,10,5,5,2,15,1,51,2,9,1,1,7,9,1,9,1,11,,14,,1,22,9,121.5165358,25.0663519
112,3,7,8,9,2,04大安區,大安區忠孝東路3段與新生南路1段口,0,0,2,1,B03,8,1,5,50,4,2,1,5,4,5,7,2,1,9,4,5,1,12,2,37,3,10,1,4,7,8,1,8,2,2,,7,,1,22,9,121.5329321,25.0427265
112,3,7,8,9,2,04大安區,大安區忠孝東路3段與新生南路1段口,0,0,2,2,C03,8,1,5,50,4,2,1,5,4,5,7,2,1,9,4,5,1,12,1,22,2,9,1,4,7,9,1,10,2,11,,23,,1,22,9,121.5329321,25.0427265
112,3,7,8,9,2,04大安區,大安區忠孝東路3段與新生南路1段口,0,0,2,3,C03,8,1,5,50,4,2,1,5,4,5,7,2,1,9,4,5,1,12,2,48,2,9,1,4,7,9,1,10,2,14,,44,,1,22,9,121.5329321,25.0427265
112,3,7,8,29,2,07信義區,信義區和平東路3段439號,0,0,1,2,C03,8,1,5,50,14,9,1,5,4,5,7,4,4,1,4,5,1,17,2,42,2,8,3,4,7,9,1,10,2,12,,23,,1,22,9,121.5583603,25.0190828
112,3,7,8,29,2,07信義區,信義區和平東路3段439號,0,0,1,1,B03,8,1,5,50,14,9,1,5,4,5,7,4,4,1,4,5,1,17,2,45,3,10,3,4,7,6,1,8,2,15,,44,,1,22,9,121.5583603,25.0190828
112,3,7,8,46,2,04大安區,大安區市民大道4段100號,0,0,2,5,C03,8,1,5,40,14,9,1,5,4,5,7,4,4,1,4,5,1,17,2,23,4,11,3,4,7,21,7,19,11,15,,44,,1,22,9,121.5499035,25.0446673
112,3,7,8,46,2,04大安區,大安區市民大道4段100號,0,0,2,1,C03,8,1,5,40,14,9,1,5,4,5,7,4,4,1,4,5,1,17,1,30,3,10,3,4,7,5,1,10,1,14,,44,,1,22,9,121.5499035,25.0446673
112,3,7,8,46,2,04大安區,大安區市民大道4段100號,0,0,2,2,C03,8,1,5,40,14,9,1,5,4,5,7,4,4,1,4,5,1,17,1,35,2,9,3,4,7,9,1,9,1,11,,16,,1,22,9,121.5499035,25.0446673
112,3,7,8,46,2,04大安區,大安區市民大道4段100號,0,0,2,3,C03,8,1,5,40,14,9,1,5,4,5,7,4,4,1,4,5,1,17,2,52,3,10,3,4,7,8,1,10,1,13,,7,,2,22,9,121.5499035,25.0446673
112,3,7,8,46,2,04大安區,大安區市民大道4段100號,0,0,2,4,C03,8,1,5,40,14,9,1,5,4,5,7,4,4,1,4,5,1,17,2,18,2,9,3,4,7,9,1,10,1,11,,44,,1,22,9,121.5499035,25.0446673
112,3,7,8,53,2,12內湖區,內湖區民權東路6段與舊宗路1段口,0,0,1,1,C03,8,1,5,50,5,2,1,5,4,5,7,2,1,1,2,5,2,13,1,30,2,9,1,1,7,9,1,10,1,12,,17,,1,22,9,121.5750699,25.06554264
112,3,7,8,53,2,12內湖區,內湖區民權東路6段與舊宗路1段口,0,0,1,2,B12,8,1,5,50,5,2,1,5,4,5,7,2,1,1,2,5,2,13,1,42,3,10,1,1,7,7,1,8,1,7,,7,,1,22,9,121.5750699,25.06554264
112,3,7,9,0,2,09北投區,北投區磺溪便道福佑宮前,0,0,1,2,H01,8,1,5,30,14,9,1,5,4,5,7,4,4,10,4,5,1,3,2,64,2,9,4,5,8,16,8,20,10,16,,67,,1,22,9,121.5223887,25.1104539
112,3,7,9,0,2,09北投區,北投區磺溪便道福佑宮前,0,0,1,1,C03,8,1,5,30,14,9,1,5,4,5,7,4,4,10,4,5,1,3,1,26,3,10,1,4,7,9,1,10,1,11,,15,,1,22,9,121.5223887,25.1104539
112,3,7,9,5,2,10文山區,文山區興隆路3段與興隆路3段229巷口,0,0,2,2,C03,8,1,5,50,3,1,1,5,4,5,7,1,1,1,4,5,2,16,1,34,2,9,1,1,7,9,1,10,1,11,,44,,1,22,9,121.5591422,24.9935853
112,3,7,9,5,2,10文山區,文山區興隆路3段與興隆路3段229巷口,0,0,2,1,B03,8,1,5,50,3,1,1,5,4,5,7,1,1,1,4,5,2,16,1,64,2,1,1,1,7,1,1,8,1,7,,19,,1,22,9,121.5591422,24.9935853
112,3,7,9,10,2,01大同區,大同區環河北路2段南往北(7號停車格旁),0,0,1,2,C03,8,1,5,50,14,9,1,5,4,5,7,4,4,1,4,5,2,12,1,21,2,9,1,4,7,9,1,10,2,11,,16,,1,22,9,121.5091589,25.07243376
112,3,7,9,10,2,01大同區,大同區環河北路2段南往北(7號停車格旁),0,0,1,1,C03,8,1,5,50,14,9,1,5,4,5,7,4,4,1,4,5,2,12,1,28,4,11,3,4,7,15,7,19,11,15,,42,,2,22,9,121.5091589,25.07243376
112,3,7,9,10,2,01大同區,大同區環河北路2段南往北(7號停車格旁),0,0,1,3,C03,8,1,5,50,14,9,1,5,4,5,7,4,4,1,4,5,2,12,1,36,3,10,1,4,7,9,1,10,11,15,,60,,1,22,9,121.5091589,25.07243376
112,3,7,9,12,2,12內湖區,內湖區洲子街114號,0,0,1,1,B03,8,1,5,50,14,9,1,5,4,5,7,4,4,9,5,5,1,13,1,37,3,10,1,1,7,6,1,8,1,6,,9,,1,22,9,121.5693558,25.08071111
112,3,7,9,12,2,12內湖區,內湖區洲子街114號,0,0,1,2,C03,8,1,5,50,14,9,1,5,4,5,7,4,4,9,5,5,1,13,1,40,2,9,1,1,7,9,1,10,1,11,,23,,1,22,9,121.5693558,25.08071111
112,3,7,9,42,2,04大安區,大安區仁愛路3段與建國南路1段口,0,0,1,3,B02,8,1,5,50,4,1,1,5,4,5,7,1,1,9,4,5,1,17,1,61,3,10,1,1,7,6,1,8,9,15,,25,,1,22,9,121.5376168,25.0380621
112,3,7,9,42,2,04大安區,大安區仁愛路3段與建國南路1段口,0,0,1,2,B02,8,1,5,50,4,1,1,5,4,5,7,1,1,9,4,5,1,17,1,30,3,10,1,1,7,9,1,8,1,4,,44,,1,22,9,121.5376168,25.0380621
112,3,7,9,42,2,04大安區,大安區仁愛路3段與建國南路1段口,0,0,1,1,C03,8,1,5,50,4,1,1,5,4,5,7,1,1,9,4,5,1,17,1,74,2,8,1,1,7,9,1,10,1,11,,44,,1,22,9,121.5376168,25.0380621
112,3,7,9,42,2,10文山區,文山區辛亥路7段與忠順街1段口,0,0,1,1,C04,8,1,5,50,14,9,2,5,4,5,7,1,1,5,4,5,2,17,4,0,4,11,3,4,7,15,7,19,11,15,,43,,2,22,9,121.554015,24.98320079
112,3,7,9,42,2,10文山區,文山區辛亥路7段與忠順街1段口,0,0,1,2,F01,8,1,5,50,14,9,2,5,4,5,7,1,1,5,4,5,2,17,1,17,2,9,2,1,7,1,8,20,1,16,,44,,1,22,9,121.554015,24.98320079
112,3,7,9,51,2,07信義區,信義區基隆路2段與嘉興街216巷口,0,0,1,1,B03,8,1,5,50,3,1,1,5,4,5,7,2,1,1,4,5,1,12,1,68,3,10,3,4,7,6,1,8,1,2,,9,,1,22,9,121.5559709,25.0272576
112,3,7,9,51,2,07信義區,信義區基隆路2段與嘉興街216巷口,0,0,1,2,C03,8,1,5,50,3,1,1,5,4,5,7,2,1,1,4,5,1,12,2,34,2,8,3,4,7,9,1,10,1,14,,23,,1,22,9,121.5559709,25.0272576
112,3,7,9,55,2,05中正區,中正區貴陽街1段與博愛路口,0,0,2,1,C03,8,1,5,50,4,1,1,5,4,5,7,2,1,5,4,5,2,16,2,25,2,9,1,1,7,6,1,10,2,12,,9,,1,22,9,121.5111831,25.03892669
112,3,7,9,55,2,05中正區,中正區貴陽街1段與博愛路口,0,0,2,2,C03,8,1,5,50,4,1,1,5,4,5,7,2,1,5,4,5,2,16,2,45,2,9,1,1,7,9,1,10,2,14,,44,,1,22,9,121.5111831,25.03892669
112,3,7,9,55,2,08士林區,士林區芝玉路2段84巷與芝玉路2段口,0,0,1,1,B01,8,1,5,30,4,1,1,5,4,5,7,4,4,10,5,5,2,15,1,40,3,10,3,4,7,9,1,4,1,1,,6,,1,22,9,121.5351264,25.11225625
112,3,7,9,55,2,08士林區,士林區芝玉路2段84巷與芝玉路2段口,0,0,1,3,B03,8,1,5,30,4,1,1,5,4,5,7,4,4,10,5,5,2,15,3,45,,,,,,,,,10,,,38,,1,,,121.5351264,25.11225625
112,3,7,9,55,2,08士林區,士林區芝玉路2段84巷與芝玉路2段口,0,0,1,2,C03,8,1,5,30,4,1,1,5,4,5,7,4,4,10,5,5,2,15,2,38,2,9,3,4,7,9,1,10,1,12,,23,,1,22,9,121.5351264,25.11225625
112,3,7,10,2,2,06松山區,松山區觀山河濱公園與觀山河濱公園口基5號水門口,0,0,1,1,C03,8,1,5,30,4,1,1,5,4,5,7,4,4,9,4,5,2,16,2,34,2,9,1,1,7,9,1,10,1,12,,6,,1,22,9,121.5694934,25.05893355
112,3,7,10,2,2,06松山區,松山區觀山河濱公園與觀山河濱公園口基5號水門口,0,0,1,2,B03,8,1,5,30,4,1,1,5,4,5,7,4,4,9,4,5,2,16,2,65,3,10,1,1,7,9,1,8,1,1,,23,,1,22,9,121.5694934,25.05893355
112,3,7,10,3,2,07信義區,信義區吳興街225巷6號,0,0,1,2,F01,8,1,5,30,14,9,1,5,4,5,7,4,4,9,4,5,1,6,1,31,2,9,3,4,7,9,8,20,1,16,,42,,1,22,9,121.5634043,25.0278886
112,3,7,10,3,2,07信義區,信義區吳興街225巷6號,0,0,1,1,H01,8,1,5,30,14,9,1,5,4,5,7,4,4,9,4,5,1,6,2,58,3,10,4,5,8,18,8,20,10,16,,51,,1,22,9,121.5634043,25.0278886
112,3,7,10,6,2,03中山區,中山區復興北路422號,0,0,1,1,C03,8,1,5,50,14,9,1,5,4,5,7,4,4,1,4,5,2,12,1,20,2,9,1,1,7,9,1,10,1,12,,23,,1,22,9,121.5441504,25.0628806
112,3,7,10,6,2,03中山區,中山區復興北路422號,0,0,1,3,B03,8,1,5,50,14,9,1,5,4,5,7,4,4,1,4,5,2,12,1,49,3,10,1,3,7,9,1,8,1,5,,44,,1,22,9,121.5441504,25.0628806
112,3,7,10,6,2,03中山區,中山區復興北路422號,0,0,1,2,C03,8,1,5,50,14,9,1,5,4,5,7,4,4,1,4,5,2,12,1,37,3,10,1,1,7,9,1,10,1,14,,33,,1,22,9,121.5441504,25.0628806
112,3,7,10,14,2,10文山區,文山區木柵路5段43巷富德公墓電線桿085,0,0,1,2,B03,8,1,5,30,11,9,1,5,4,5,1,4,4,10,5,5,2,10,1,54,3,10,1,1,7,9,3,18,1,1,,44,,1,22,9,121.5760362,25.01153376
112,3,7,10,14,2,10文山區,文山區木柵路5段43巷富德公墓電線桿085,0,0,1,1,C03,8,1,5,30,11,9,1,5,4,5,1,4,4,10,5,5,2,10,1,25,2,8,1,1,7,9,1,10,1,11,,5,,1,18,2,121.5760362,25.01153376
112,3,7,10,19,2,04大安區,大安區復興南路1段177巷與復興南路1段口,0,0,1,2,F01,8,1,5,30,14,20,1,5,4,1,7,4,4,10,5,5,2,16,1,40,2,7,1,1,7,9,8,20,1,16,,23,,1,22,9,121.5438881,25.04084274
112,3,7,10,19,2,04大安區,大安區復興南路1段177巷與復興南路1段口,0,0,1,1,C03,8,1,5,30,14,20,1,5,4,1,7,4,4,10,5,5,2,16,1,58,3,10,1,1,7,9,1,10,1,12,,23,,1,22,9,121.5438881,25.04084274