發生年度,發生月,發生日,發生時-Hours,發生分,處理別-編號,區序,肇事地點,死亡人數,2-30日死亡人數,受傷人數,當事人序號,車種,天候,光線,道路類別,速限-速度限制,道路型態,事故位置,路面狀況1,路面狀況2,路面狀況3,道路障礙1,道路障礙2,號誌1,號誌2,車道劃分-分向,車道劃分-分道1,車道劃分-分道2,車道劃分-分道3,事故類型及型態,性別,年齡,受傷程度,主要傷處,保護裝置,行動電話,車輛用途,當事者行動狀態,駕駛資格情形,駕駛執照種類,飲酒情形,車輛撞擊部位1,車輛撞擊部位2,肇因碼-個別,肇因碼-主要,個人肇逃否,職業,旅次目的,座標-X,座標-Y
112,3,7,10,20,2,09北投區,北投區大業路與大業路452巷口,0,0,2,3,H02,8,1,5,60,4,1,1,5,4,5,7,1,1,1,4,5,1,12,2,58,2,9,1,5,7,20,8,20,10,16,,67,,1,22,9,121.4963876,25.1313178
112,3,7,10,20,2,09北投區,北投區大業路與大業路452巷口,0,0,2,1,B03,8,1,5,60,4,1,1,5,4,5,7,1,1,1,4,5,1,12,2,55,3,10,1,1,7,6,1,8,1,5,,9,,1,22,9,121.4963876,25.1313178
112,3,7,10,20,2,09北投區,北投區大業路與大業路452巷口,0,0,2,2,C03,8,1,5,60,4,1,1,5,4,5,7,1,1,1,4,5,1,12,1,24,2,9,1,1,7,9,1,10,1,11,,44,,1,22,9,121.4963876,25.1313178
112,3,7,10,22,2,08士林區,士林區承德路5段62號前,0,0,2,1,C03,8,1,5,40,14,9,1,5,4,5,7,4,4,10,5,5,1,13,1,20,2,9,1,1,7,9,1,10,1,11,,23,,1,22,9,121.5149701,25.09316197
112,3,7,10,22,2,08士林區,士林區承德路5段62號前,0,0,2,2,C03,8,1,5,40,14,9,1,5,4,5,7,4,4,10,5,5,1,13,2,60,2,9,1,1,7,9,1,10,1,13,,44,,1,22,9,121.5149701,25.09316197
112,3,7,10,23,2,04大安區,大安區辛亥路3段310號,0,0,2,1,C03,8,1,5,0,14,9,1,5,4,5,7,1,1,10,5,5,1,12,1,28,2,8,1,1,7,15,1,10,1,14,,25,,1,22,9,121.552461,25.0144613
112,3,7,10,23,2,04大安區,大安區辛亥路3段310號,0,0,2,2,C03,8,1,5,0,14,9,1,5,4,5,7,1,1,10,5,5,1,12,2,64,2,9,1,1,7,9,1,10,1,11,,14,,1,22,9,121.552461,25.0144613
112,3,7,10,45,2,10文山區,文山區木柵路4段與木柵路4段9巷口,0,0,1,2,B03,8,1,5,50,3,2,1,5,4,5,7,2,1,9,4,5,1,17,1,46,3,10,1,1,7,9,1,8,1,2,,44,,1,22,9,121.5712648,24.9922635
112,3,7,10,45,2,10文山區,文山區木柵路4段與木柵路4段9巷口,0,0,1,1,C03,8,1,5,50,3,2,1,5,4,5,7,2,1,9,4,5,1,17,1,70,2,9,1,1,7,7,1,10,1,14,,7,,1,22,9,121.5712648,24.9922635
112,3,7,10,55,2,01大同區,大同區重慶北路1段與南京西路口,0,0,1,2,C03,8,1,5,50,4,1,1,5,4,5,7,2,1,5,4,5,2,12,1,57,2,9,1,1,7,9,1,10,1,14,,44,,1,22,9,121.5141837,25.05399581
112,3,7,10,55,2,01大同區,大同區重慶北路1段與南京西路口,0,0,1,1,B12,8,1,5,50,4,1,1,5,4,5,7,2,1,5,4,5,2,12,1,38,3,10,1,1,7,6,1,4,1,2,,9,,1,22,9,121.5141837,25.05399581
112,3,7,11,29,2,04大安區,大安區基隆路2段246號,0,0,1,1,B03,8,1,5,50,14,9,1,5,4,5,7,4,4,3,4,5,2,16,1,60,3,10,1,1,7,6,1,4,1,2,,9,,1,22,9,121.5505692,25.0226841
112,3,7,11,29,2,04大安區,大安區基隆路2段246號,0,0,1,2,C03,8,1,5,50,14,9,1,5,4,5,7,4,4,3,4,5,2,16,1,30,2,9,1,1,7,9,1,9,1,11,,23,,1,22,9,121.5505692,25.0226841
112,3,7,12,20,2,08士林區,士林區仰德大道3段1106157燈桿,0,0,2,2,H01,8,1,5,40,14,9,1,5,4,5,7,4,4,4,4,5,2,9,2,50,2,9,4,5,8,16,8,20,10,16,,67,,1,22,9,121.5515644,25.12283797
112,3,7,12,20,2,08士林區,士林區仰德大道3段1106157燈桿,0,0,2,1,C03,8,1,5,40,14,9,1,5,4,5,7,4,4,4,4,5,2,9,1,19,2,9,3,4,7,9,1,10,2,12,,13,,1,22,9,121.5515644,25.12283797
112,3,7,12,58,2,10文山區,文山區景美街10號,0,0,1,1,C03,8,1,5,30,14,9,1,5,4,5,7,4,4,10,5,5,2,16,1,21,3,10,1,1,7,5,1,10,1,14,,8,,1,22,9,121.5416512,24.99386769
112,3,7,12,58,2,10文山區,文山區景美街10號,0,0,1,2,C03,8,1,5,30,14,9,1,5,4,5,7,4,4,10,5,5,2,16,2,21,2,9,1,1,7,9,1,10,1,12,,44,,1,22,9,121.5416512,24.99386769
112,3,7,13,16,2,08士林區,士林區中正路418號前,0,0,1,2,C03,8,1,5,50,14,9,1,5,4,5,7,4,4,3,4,5,1,16,2,42,2,8,1,1,7,9,1,10,1,13,,44,,1,22,9,121.5202501,25.09358943
112,3,7,13,16,2,08士林區,士林區中正路418號前,0,0,1,1,B03,8,1,5,50,14,9,1,5,4,5,7,4,4,3,4,5,1,16,1,39,3,10,1,1,7,1,1,8,1,1,,19,,1,22,9,121.5202501,25.09358943
112,3,7,13,20,2,09北投區,北投區立農街2段陽明大學門口,0,0,1,2,H01,8,3,5,30,14,9,1,5,4,5,7,1,1,9,4,5,2,5,1,43,2,8,4,5,8,20,8,20,1,16,,59,,1,22,9,121.4778291,25.13509634
112,3,7,13,20,2,09北投區,北投區立農街2段陽明大學門口,0,0,1,1,B03,8,3,5,30,14,9,1,5,4,5,7,1,1,9,4,5,2,5,2,44,3,10,1,1,7,5,1,8,1,1,,23,,1,22,9,121.4778291,25.13509634
112,3,7,13,27,2,07信義區,信義區忠孝東路5段與忠孝東路5段790巷口,0,0,1,1,B12,8,1,5,30,3,1,1,5,4,5,7,4,4,1,4,5,2,16,1,52,3,10,1,1,7,9,1,8,2,1,,6,,1,22,9,121.581779,25.0437814
112,3,7,13,27,2,07信義區,信義區忠孝東路5段與忠孝東路5段790巷口,0,0,1,2,F01,8,1,5,30,3,1,1,5,4,5,7,4,4,1,4,5,2,16,1,58,2,9,2,1,7,9,8,20,2,16,,44,,1,22,9,121.581779,25.0437814
112,3,7,13,30,2,06松山區,松山區敦化北路199號,0,0,1,2,C03,8,1,5,30,14,8,1,5,4,5,7,1,1,9,4,1,2,12,2,64,2,9,1,1,7,9,1,10,1,11,,44,,1,22,9,121.5492151,25.0553511
112,3,7,13,30,2,06松山區,松山區敦化北路199號,0,0,1,1,B01,8,1,5,30,14,8,1,5,4,5,7,1,1,9,4,1,2,12,1,59,3,10,1,1,7,1,1,4,1,8,,19,,1,22,9,121.5492151,25.0553511
112,3,7,13,31,2,02萬華區,萬華區環河南路1段348巷與桂林路口,0,0,1,2,C03,8,1,5,50,5,2,1,5,4,5,7,1,1,9,4,5,1,14,1,38,2,7,1,1,7,12,1,10,1,11,,23,,1,22,9,121.4966949,25.0392626
112,3,7,13,31,2,02萬華區,萬華區環河南路1段348巷與桂林路口,0,0,1,1,B03,8,1,5,50,5,2,1,5,4,5,7,1,1,9,4,5,1,14,1,71,3,10,1,1,7,2,1,8,1,3,,12,,1,22,9,121.4966949,25.0392626
112,3,7,13,40,2,09北投區,北投區明德路365號,0,0,1,1,B01,8,1,5,50,14,9,1,5,4,5,7,4,4,9,4,5,2,11,1,60,3,10,1,1,7,5,1,4,1,2,,43,,1,22,9,121.5210206,25.1185042
112,3,7,13,40,2,09北投區,北投區明德路365號,0,0,1,2,C03,8,1,5,50,14,9,1,5,4,5,7,4,4,9,4,5,2,11,1,44,2,9,1,1,7,11,1,10,1,11,,43,,1,22,9,121.5210206,25.1185042
112,3,7,13,50,2,05中正區,中正區重慶南路2段與南海路口,0,0,2,2,C03,8,1,5,50,4,1,1,5,4,5,7,1,1,10,4,5,2,12,1,40,2,9,1,1,7,5,1,10,1,14,,8,,1,22,9,121.5143992,25.0319072
112,3,7,13,50,2,05中正區,中正區重慶南路2段與南海路口,0,0,2,1,B03,8,1,5,50,4,1,1,5,4,5,7,1,1,10,4,5,2,12,1,59,3,10,1,1,7,9,1,8,1,2,,44,,1,22,9,121.5143992,25.0319072
112,3,7,13,50,2,05中正區,中正區重慶南路2段與南海路口,0,0,2,3,C02,8,1,5,50,4,1,1,5,4,5,7,1,1,10,4,5,2,12,1,22,2,9,1,1,7,9,1,9,1,11,,44,,1,22,9,121.5143992,25.0319072
112,3,7,13,55,2,01大同區,大同區承德路3段與敦煌路口,0,0,1,1,B12,8,1,5,50,4,1,1,5,4,5,7,1,1,9,4,5,2,17,2,43,3,10,1,1,7,5,1,8,1,1,,6,,1,22,9,121.5200386,25.0751821
112,3,7,13,55,2,01大同區,大同區承德路3段與敦煌路口,0,0,1,2,C03,8,1,5,50,4,1,1,5,4,5,7,1,1,9,4,5,2,17,1,18,2,9,1,1,7,9,1,10,1,11,,44,,1,22,9,121.5200386,25.0751821
112,3,7,14,11,2,02萬華區,萬華區中華路2段與廣州街口,0,0,1,1,B03,8,1,5,40,4,1,1,5,4,5,7,2,1,3,4,4,2,16,1,54,3,10,1,4,7,6,1,8,1,2,,9,,1,22,9,121.5064201,25.03614292
112,3,7,14,11,2,02萬華區,萬華區中華路2段與廣州街口,0,0,1,2,C03,8,1,5,40,4,1,1,5,4,5,7,2,1,3,4,4,2,16,2,33,2,8,1,4,7,9,1,10,1,14,,44,,1,22,9,121.5064201,25.03614292
112,3,7,14,11,2,05中正區,中正區公園路與凱達格蘭大道口,0,0,1,1,B01,8,1,5,50,4,1,1,5,4,5,7,1,1,4,1,5,2,1,1,61,3,10,1,1,7,5,1,4,2,4,,15,,1,22,9,121.5155617,25.0395933
112,3,7,14,11,2,05中正區,中正區公園路與凱達格蘭大道口,0,0,1,2,H01,8,1,5,50,4,1,1,5,4,5,7,1,1,4,1,5,2,1,2,47,2,9,4,1,8,16,8,20,10,16,,67,,1,22,9,121.5155617,25.0395933
112,3,7,14,36,2,04大安區,大安區安和路2段32巷與信義路4段186巷口口,0,0,1,2,B03,8,1,5,30,4,1,1,5,4,5,7,4,4,5,5,5,2,15,2,34,3,10,3,4,7,9,1,8,1,1,,44,,1,22,9,121.5515482,25.0317282
112,3,7,14,36,2,04大安區,大安區安和路2段32巷與信義路4段186巷口口,0,0,1,1,C03,8,1,5,30,4,1,1,5,4,5,7,4,4,5,5,5,2,15,1,27,2,9,3,4,7,9,1,10,1,14,,6,,1,22,9,121.5515482,25.0317282
112,3,7,14,40,2,06松山區,松山區饒河街117號,0,0,1,2,C03,8,1,5,30,14,9,1,5,4,5,7,4,4,10,5,5,1,13,1,60,2,9,1,1,7,9,1,10,1,13,,44,,1,22,9,121.5741735,25.05042374
112,3,7,14,40,2,06松山區,松山區饒河街117號,0,0,1,3,B03,8,1,5,30,14,9,1,5,4,5,7,4,4,10,5,5,1,13,1,40,3,10,1,1,7,14,1,3,1,7,,38,,1,22,9,121.5741735,25.05042374
112,3,7,14,40,2,06松山區,松山區饒河街117號,0,0,1,1,B12,8,1,5,30,14,9,1,5,4,5,7,4,4,10,5,5,1,13,1,61,3,10,1,1,7,9,1,8,1,5,,16,,1,22,9,121.5741735,25.05042374
112,3,7,14,50,2,07信義區,信義區松仁路與忠孝東路5段236巷2弄口,0,0,1,2,C03,8,1,5,50,3,1,1,5,4,5,7,4,4,8,3,5,2,17,1,29,2,9,1,1,7,9,1,10,1,11,,23,,1,22,9,121.5685716,25.040491
112,3,7,14,50,2,07信義區,信義區松仁路與忠孝東路5段236巷2弄口,0,0,1,1,B03,8,1,5,50,3,1,1,5,4,5,7,4,4,8,3,5,2,17,2,61,3,10,1,1,7,5,1,8,1,6,,6,,1,22,9,121.5685716,25.040491
112,3,7,14,51,2,03中山區,中山區中山北路3段與民族西路口,0,0,1,1,B02,8,1,5,50,4,2,1,5,4,5,7,1,1,9,4,3,2,12,2,53,3,10,1,1,7,8,1,8,1,5,,7,,1,22,9,121.52281,25.06849394
112,3,7,14,51,2,03中山區,中山區中山北路3段與民族西路口,0,0,1,2,C03,8,1,5,50,4,2,1,5,4,5,7,1,1,9,4,3,2,12,1,52,2,8,1,1,7,9,1,10,1,14,,44,,1,22,9,121.52281,25.06849394
112,3,7,16,7,2,08士林區,士林區中山北路6段441巷口,0,0,1,3,B03,8,1,5,50,14,9,1,5,4,5,7,2,1,1,4,5,2,13,2,52,3,10,1,1,7,9,1,8,1,6,,44,,1,22,9,121.5273703,25.1145356
112,3,7,16,7,2,08士林區,士林區中山北路6段441巷口,0,0,1,1,C03,8,1,5,50,14,9,1,5,4,5,7,2,1,1,4,5,2,13,1,63,3,10,1,1,7,8,1,10,1,13,,7,,1,22,9,121.5273703,25.1145356
112,3,7,16,7,2,08士林區,士林區中山北路6段441巷口,0,0,1,2,C03,8,1,5,50,14,9,1,5,4,5,7,2,1,1,4,5,2,13,1,44,2,8,1,1,7,9,1,10,1,11,,44,,1,22,9,121.5273703,25.1145356
112,3,7,16,14,2,05中正區,中正區公園路與愛國西路口,0,0,2,2,C03,7,1,5,50,16,9,1,5,4,5,7,1,1,7,3,5,2,17,1,21,2,9,1,1,7,6,1,10,2,11,,44,,1,22,9,121.5150194,25.03554893
112,3,7,16,14,2,05中正區,中正區公園路與愛國西路口,0,0,2,1,C03,7,1,5,50,16,9,1,5,4,5,7,1,1,7,3,5,2,17,2,41,2,9,1,1,7,6,1,10,2,12,,9,,1,22,9,121.5150194,25.03554893
112,3,7,16,44,2,07信義區,信義區永吉路150巷與永吉路120巷3弄口,0,0,1,2,B02,8,1,5,30,4,1,1,5,4,5,7,4,4,10,5,5,2,15,2,37,3,10,1,1,7,9,1,8,1,8,,23,,1,22,9,121.570963,25.045247
112,3,7,16,44,2,07信義區,信義區永吉路150巷與永吉路120巷3弄口,0,0,1,1,C03,8,1,5,30,4,1,1,5,4,5,7,4,4,10,5,5,2,15,1,19,2,9,1,1,7,9,1,10,1,11,,6,,1,22,9,121.570963,25.045247
112,3,7,17,0,2,01大同區,大同區承德路3段與庫倫街口口,0,0,2,4,H03,8,3,5,50,5,1,1,5,4,5,7,2,1,8,3,5,2,12,1,30,2,9,4,5,8,20,8,20,10,16,,67,,1,22,9,121.5186718,25.07219564
112,3,7,17,0,2,01大同區,大同區承德路3段與庫倫街口口,0,0,2,3,B03,8,3,5,50,5,1,1,5,4,5,7,2,1,8,3,5,2,12,1,58,3,10,1,1,7,14,1,8,1,6,,44,,1,22,9,121.5186718,25.07219564
112,3,7,17,0,2,01大同區,大同區承德路3段與庫倫街口口,0,0,2,2,B03,8,3,5,50,5,1,1,5,4,5,7,2,1,8,3,5,2,12,1,31,3,10,1,1,7,14,1,8,1,7,,44,,1,22,9,121.5186718,25.07219564
112,3,7,17,0,2,01大同區,大同區承德路3段與庫倫街口口,0,0,2,1,C03,8,3,5,50,5,1,1,5,4,5,7,2,1,8,3,5,2,12,1,30,2,8,1,1,7,21,3,18,11,15,,25,,1,22,9,121.5186718,25.07219564
112,3,7,17,5,2,01大同區,大同區民生西路與承德路2段口,0,0,1,2,C03,8,1,5,50,4,1,1,5,4,5,7,1,1,8,3,5,1,15,1,18,2,9,1,1,7,1,1,10,1,14,,19,,1,22,9,121.5181741,25.05730203
112,3,7,17,5,2,01大同區,大同區民生西路與承德路2段口,0,0,1,1,B01,8,1,5,50,4,1,1,5,4,5,7,1,1,8,3,5,1,15,1,64,3,10,1,1,7,9,1,8,1,1,,23,,1,22,9,121.5181741,25.05730203
112,3,7,17,10,2,06松山區,松山區敦化北路230號,0,0,2,1,B03,8,1,5,50,14,9,1,5,4,5,7,4,4,1,4,4,2,13,1,46,2,7,1,1,7,7,1,8,1,7,,7,,1,22,9,121.5492039,25.0588157
112,3,7,17,10,2,06松山區,松山區敦化北路230號,0,0,2,2,C03,8,1,5,50,14,9,1,5,4,5,7,4,4,1,4,4,2,13,1,34,2,9,1,1,7,9,1,9,1,11,,44,,1,22,9,121.5492039,25.0588157
112,3,7,17,25,2,11南港區,南港區三重路與經貿二路口,0,0,1,1,B12,8,1,5,50,3,2,1,5,4,5,7,4,4,9,4,5,2,12,1,35,3,10,1,1,7,6,1,8,2,2,,9,,1,22,9,121.6143441,25.0600642
112,3,7,17,25,2,11南港區,南港區三重路與經貿二路口,0,0,1,2,C03,8,1,5,50,3,2,1,5,4,5,7,4,4,9,4,5,2,12,1,28,2,8,1,1,7,9,1,10,2,14,,13,,1,22,9,121.6143441,25.0600642
112,3,7,17,31,2,01大同區,大同區敦煌路19號,0,0,1,1,B03,8,2,5,50,14,9,1,5,4,5,7,4,4,1,4,5,2,16,1,22,3,10,1,1,7,1,1,8,2,4,,19,,1,22,9,121.5186344,25.07562204
112,3,7,17,31,2,01大同區,大同區敦煌路19號,0,0,1,2,C03,8,2,5,50,14,9,1,5,4,5,7,4,4,1,4,5,2,16,1,19,2,9,1,1,7,9,1,10,2,12,,44,,1,22,9,121.5186344,25.07562204
112,3,7,17,31,2,01大同區,大同區延平北路1段與鄭州路口,0,0,2,2,C03,8,1,5,50,4,2,1,5,4,5,7,2,1,9,5,5,2,16,1,18,2,9,1,1,7,9,1,10,2,11,,44,,1,22,9,121.5119447,25.0499824
112,3,7,17,31,2,01大同區,大同區延平北路1段與鄭州路口,0,0,2,1,C03,8,1,5,50,4,2,1,5,4,5,7,2,1,9,5,5,2,16,1,26,2,9,1,1,7,5,6,18,2,12,,8,,1,22,9,121.5119447,25.0499824
112,3,7,17,39,2,04大安區,大安區麗水街與麗水街14巷口,0,0,1,1,C03,8,1,5,30,4,1,1,5,4,5,7,4,4,10,5,5,1,15,1,60,2,9,3,4,7,9,1,10,1,11,,6,,1,22,9,121.5289318,25.03209376
112,3,7,17,39,2,04大安區,大安區麗水街與麗水街14巷口,0,0,1,2,B03,8,1,5,30,4,1,1,5,4,5,7,4,4,10,5,5,1,15,1,43,3,10,3,4,7,9,1,8,1,4,,44,,1,22,9,121.5289318,25.03209376
112,3,7,17,39,2,04大安區,大安區復興南路2段與復興南路2段210巷口,0,0,1,2,C03,8,2,5,50,4,1,1,5,4,5,7,2,1,9,4,4,1,17,2,42,2,9,1,4,7,9,1,10,2,15,,44,,1,22,9,121.543403,25.0265353
112,3,7,17,39,2,04大安區,大安區復興南路2段與復興南路2段210巷口,0,0,1,1,B03,8,2,5,50,4,1,1,5,4,5,7,2,1,9,4,4,1,17,2,46,3,10,1,4,7,5,1,8,2,15,,6,,1,22,9,121.543403,25.0265353
112,3,7,17,41,2,04大安區,大安區辛亥路3段與芳蘭路口,0,0,2,2,F01,8,2,5,50,5,1,1,5,4,5,7,4,4,5,5,5,2,16,1,55,2,9,1,1,7,11,8,20,1,16,,11,,1,22,9,121.5490395,25.016851
112,3,7,17,41,2,04大安區,大安區辛亥路3段與芳蘭路口,0,0,2,1,C03,8,2,5,50,5,1,1,5,4,5,7,4,4,5,5,5,2,16,1,22,2,8,1,1,7,5,1,10,1,11,,8,,1,22,9,121.5490395,25.016851
112,3,7,17,54,2,01大同區,大同區重慶北路1段與長安西路口,0,0,2,1,C03,7,3,5,50,4,2,1,5,4,5,7,1,1,1,4,5,2,17,1,43,2,9,1,1,7,5,3,18,1,13,,8,,1,22,9,121.5139136,25.0516394
112,3,7,17,54,2,01大同區,大同區重慶北路1段與長安西路口,0,0,2,2,B03,7,3,5,50,4,2,1,5,4,5,7,1,1,1,4,5,2,17,1,40,3,10,1,1,7,9,1,8,1,1,,44,,1,22,9,121.5139136,25.0516394
112,3,7,17,54,2,01大同區,大同區重慶北路1段與長安西路口,0,0,2,3,C03,7,3,5,50,4,2,1,5,4,5,7,1,1,1,4,5,2,17,2,39,2,9,1,1,7,9,1,10,1,11,,16,,1,22,9,121.5139136,25.0516394
112,3,7,18,10,2,12內湖區,內湖區康樂街111巷與康樂街口,0,0,1,2,H01,8,1,5,50,4,2,1,5,4,5,7,1,1,5,4,5,2,3,2,13,2,8,4,5,8,16,8,20,10,16,,52,,1,22,9,121.6191742,25.07065738
112,3,7,18,10,2,12內湖區,內湖區康樂街111巷與康樂街口,0,0,1,1,C03,8,1,5,50,4,2,1,5,4,5,7,1,1,5,4,5,2,3,1,66,4,11,3,4,7,15,7,19,11,15,,15,,2,22,9,121.6191742,25.07065738
112,3,7,18,10,2,10文山區,文山區政大二街131號,0,0,1,2,,8,1,5,30,11,9,1,5,4,5,1,4,4,5,2,5,2,18,3,0,,,,,,,,,,,,67,,1,,,121.584394,24.98959739
112,3,7,18,10,2,10文山區,文山區政大二街131號,0,0,1,1,C03,8,1,5,30,11,9,1,5,4,5,1,4,4,5,2,5,2,18,1,69,2,9,1,1,7,11,1,10,9,11,,23,,1,22,9,121.584394,24.98959739
112,3,7,18,10,2,11南港區,南港區南港路1段171巷與市民大道8段口,0,0,2,1,C03,8,3,5,50,3,2,1,5,4,5,7,1,1,9,4,5,2,12,1,52,2,9,1,1,7,1,1,10,2,14,,17,,1,22,9,121.6130631,25.0541811
112,3,7,18,10,2,11南港區,南港區南港路1段171巷與市民大道8段口,0,0,2,2,C03,8,3,5,50,3,2,1,5,4,5,7,1,1,9,4,5,2,12,2,22,2,9,1,1,7,1,1,10,2,12,,17,,1,22,9,121.6130631,25.0541811
112,3,7,18,15,2,10文山區,文山區木柵路5段與文和橋口,0,0,1,2,C03,8,3,5,50,3,1,1,5,4,5,7,2,1,5,4,5,2,16,1,18,2,9,1,1,7,9,1,10,2,11,,44,,1,16,2,121.5950151,25.0016536
112,3,7,18,15,2,10文山區,文山區木柵路5段與文和橋口,0,0,1,1,B03,8,3,5,50,3,1,1,5,4,5,7,2,1,5,4,5,2,16,1,39,3,10,1,1,7,5,1,8,2,5,,6,,1,22,1,121.5950151,25.0016536
112,3,7,18,16,2,05中正區,中正區濟南路2段與臨沂街口,0,0,2,1,C03,7,3,5,30,4,1,1,5,4,5,7,4,4,4,3,5,2,15,1,40,2,9,1,1,7,9,1,10,1,12,,6,,1,22,9,121.5300975,25.04062704
112,3,7,18,16,2,05中正區,中正區濟南路2段與臨沂街口,0,0,2,2,C03,7,3,5,30,4,1,1,5,4,5,7,4,4,4,3,5,2,15,1,30,2,9,1,1,7,9,1,10,1,11,,14,,1,22,9,121.5300975,25.04062704
112,3,7,18,20,2,06松山區,松山區民生東路5段280號,0,0,1,1,B12,8,3,5,50,14,9,1,5,4,5,7,4,4,1,3,5,2,17,1,66,3,10,1,1,7,9,1,8,1,2,,23,,1,11,1,121.5679173,25.05908414
112,3,7,18,20,2,06松山區,松山區民生東路5段280號,0,0,1,2,B02,8,3,5,50,14,9,1,5,4,5,7,4,4,1,3,5,2,17,1,56,2,7,1,1,7,14,1,8,9,15,,40,,1,5,1,121.5679173,25.05908414
112,3,7,18,20,2,12內湖區,內湖區行善路與民權東路6段56巷口,0,0,1,2,C03,8,3,5,50,4,1,1,5,4,5,7,1,1,1,4,5,1,16,2,56,2,9,3,4,7,9,1,10,9,11,,44,,1,22,9,121.5857327,25.06619902
112,3,7,18,20,2,12內湖區,內湖區行善路與民權東路6段56巷口,0,0,1,1,B03,8,3,5,50,4,1,1,5,4,5,7,1,1,1,4,5,1,16,2,47,3,10,3,4,7,5,1,8,2,2,,6,,1,22,9,121.5857327,25.06619902
112,3,7,18,31,2,04大安區,大安區忠孝東路4段與大安路1段口,0,0,1,2,B03,7,3,5,50,4,1,1,5,4,5,7,2,1,8,3,4,1,16,1,54,3,10,1,1,7,6,1,8,1,5,,23,,1,22,9,121.5462257,25.0414844
112,3,7,18,31,2,04大安區,大安區忠孝東路4段與大安路1段口,0,0,1,1,C03,7,3,5,50,4,1,1,5,4,5,7,2,1,8,3,4,1,16,1,59,2,9,1,1,7,1,1,10,1,11,,19,,1,22,9,121.5462257,25.0414844
112,3,7,18,35,2,03中山區,中山區大直橋往北下坡處,0,0,1,2,C03,8,3,5,50,14,11,1,5,4,5,7,4,4,1,4,5,2,13,1,68,3,10,1,4,7,9,3,18,1,15,,33,,1,22,9,121.5445435,25.07884008
112,3,7,18,35,2,03中山區,中山區大直橋往北下坡處,0,0,1,1,C03,8,3,5,50,14,11,1,5,4,5,7,4,4,1,4,5,2,13,1,19,2,9,1,4,7,9,1,10,1,11,,13,,1,22,9,121.5445435,25.07884008
112,3,7,18,35,2,03中山區,中山區大直橋往北下坡處,0,0,1,4,C03,8,3,5,50,14,11,1,5,4,5,7,4,4,1,4,5,2,13,1,46,3,10,1,4,7,14,1,10,1,12,,44,,1,22,9,121.5445435,25.07884008
112,3,7,18,35,2,03中山區,中山區大直橋往北下坡處,0,0,1,5,C03,8,3,5,50,14,11,1,5,4,5,7,4,4,1,4,5,2,13,1,22,3,10,1,4,7,14,1,10,1,13,,44,,1,22,9,121.5445435,25.07884008
112,3,7,18,35,2,03中山區,中山區大直橋往北下坡處,0,0,1,3,C03,8,3,5,50,14,11,1,5,4,5,7,4,4,1,4,5,2,13,1,19,3,10,1,4,7,14,1,10,1,12,,44,,1,22,9,121.5445435,25.07884008
112,3,7,18,58,2,08士林區,士林區仰德大道2段200號,0,0,1,1,C03,8,3,5,40,14,9,1,5,4,3,7,4,4,4,5,5,1,12,1,58,2,8,1,1,7,9,1,10,2,12,,23,,1,22,9,121.5490661,25.11086813
112,3,7,18,58,2,08士林區,士林區仰德大道2段200號,0,0,1,2,C03,8,3,5,40,14,9,1,5,4,3,7,4,4,4,5,5,1,12,1,25,3,10,1,1,7,13,1,10,2,14,,44,,1,22,9,121.5490661,25.11086813
112,3,7,19,0,2,07信義區,信義區永吉路與松隆路口口,0,0,1,1,B03,7,3,5,50,5,1,1,5,4,5,7,2,1,1,4,5,2,17,1,52,3,10,1,1,7,6,1,8,1,2,,9,,1,22,9,121.5700212,25.0455818
112,3,7,19,0,2,07信義區,信義區永吉路與松隆路口口,0,0,1,2,C03,7,3,5,50,5,1,1,5,4,5,7,2,1,1,4,5,2,17,1,28,2,7,1,1,7,9,1,10,1,11,,44,,1,22,9,121.5700212,25.0455818
112,3,7,19,1,2,02萬華區,萬華區大理街160巷11弄與大理街170巷口,0,0,1,2,F01,8,3,5,30,4,1,4,5,4,5,7,4,4,10,5,5,2,17,2,64,2,9,3,1,7,15,8,20,9,16,,27,,1,22,9,121.4935565,25.03349066
112,3,7,19,1,2,02萬華區,萬華區大理街160巷11弄與大理街170巷口,0,0,1,1,B12,8,3,5,30,4,1,4,5,4,5,7,4,4,10,5,5,2,17,1,49,3,10,1,1,7,5,1,8,2,8,,8,,1,22,9,121.4935565,25.03349066
112,3,7,19,9,2,04大安區,大安區杭州南路2段61巷與潮州街55巷口,0,0,1,2,C03,7,3,5,30,4,1,1,5,4,5,7,4,4,10,4,5,2,15,2,48,2,9,1,1,7,9,1,10,1,11,,6,,1,22,9,121.519043,25.03303051
112,3,7,19,9,2,04大安區,大安區杭州南路2段61巷與潮州街55巷口,0,0,1,1,B03,7,3,5,30,4,1,1,5,4,5,7,4,4,10,4,5,2,15,1,59,3,10,1,1,7,9,1,8,1,1,,14,,1,22,9,121.519043,25.03303051
112,3,7,19,20,2,04大安區,大安區大安路1段與復興南路1段219巷口,0,0,1,2,B03,8,3,5,50,4,1,1,5,4,5,7,2,1,10,4,5,2,15,1,46,3,10,3,4,7,9,1,8,1,5,,44,,1,22,9,121.5460343,25.0389988
112,3,7,19,20,2,04大安區,大安區大安路1段與復興南路1段219巷口,0,0,1,1,F01,8,3,5,50,4,1,1,5,4,5,7,2,1,10,4,5,2,15,2,32,2,9,2,1,7,9,8,20,1,16,,4,,1,22,9,121.5460343,25.0389988
112,3,7,19,20,2,09北投區,北投區承德路7段與尊賢街243巷口,0,0,2,2,C03,8,3,5,50,4,1,1,5,4,5,7,2,1,1,4,5,2,13,1,32,2,8,1,1,7,14,1,10,1,13,,44,,1,22,9,121.5053879,25.11616253
112,3,7,19,20,2,09北投區,北投區承德路7段與尊賢街243巷口,0,0,2,1,C03,8,3,5,50,4,1,1,5,4,5,7,2,1,1,4,5,2,13,2,59,2,7,1,1,7,9,1,10,1,11,,16,,1,22,9,121.5053879,25.11616253