發生年度,發生月,發生日,發生時-Hours,發生分,處理別-編號,區序,肇事地點,死亡人數,2-30日死亡人數,受傷人數,當事人序號,車種,天候,光線,道路類別,速限-速度限制,道路型態,事故位置,路面狀況1,路面狀況2,路面狀況3,道路障礙1,道路障礙2,號誌1,號誌2,車道劃分-分向,車道劃分-分道1,車道劃分-分道2,車道劃分-分道3,事故類型及型態,性別,年齡,受傷程度,主要傷處,保護裝置,行動電話,車輛用途,當事者行動狀態,駕駛資格情形,駕駛執照種類,飲酒情形,車輛撞擊部位1,車輛撞擊部位2,肇因碼-個別,肇因碼-主要,個人肇逃否,職業,旅次目的,座標-X,座標-Y
112,3,7,19,24,2,12內湖區,內湖區成功路2段與民權東路6段口,0,0,1,1,B03,7,3,5,50,3,1,1,5,4,5,7,4,4,3,4,5,2,12,1,49,3,10,1,1,7,6,1,8,1,5,,9,,1,22,9,121.5903091,25.0688694
112,3,7,19,24,2,12內湖區,內湖區成功路2段與民權東路6段口,0,0,1,2,C03,7,3,5,50,3,1,1,5,4,5,7,4,4,3,4,5,2,12,2,43,2,9,1,1,7,9,1,10,1,14,,44,,1,22,9,121.5903091,25.0688694
112,3,7,19,30,2,01大同區,大同區民權西路266號,0,0,2,2,C03,8,3,5,50,15,9,1,5,4,5,7,2,1,8,3,5,2,12,2,23,2,9,1,1,7,9,1,10,1,11,,23,,1,22,9,121.5121421,25.06287836
112,3,7,19,30,2,01大同區,大同區民權西路266號,0,0,2,1,C03,8,3,5,50,15,9,1,5,4,5,7,2,1,8,3,5,2,12,2,24,2,9,1,1,7,5,1,10,1,13,,8,,1,22,9,121.5121421,25.06287836
112,3,7,19,58,2,02萬華區,萬華區中華路2段與中華路2段416巷口,0,0,2,1,B03,8,3,5,50,4,1,1,5,4,5,7,2,1,5,4,4,2,17,1,24,3,10,1,1,7,6,1,8,1,5,,9,,1,22,9,121.5058865,25.027984
112,3,7,19,58,2,02萬華區,萬華區中華路2段與中華路2段416巷口,0,0,2,3,H02,8,3,5,50,4,1,1,5,4,5,7,2,1,5,4,4,2,17,2,20,2,9,1,5,7,20,8,20,10,16,,67,,1,22,9,121.5058865,25.027984
112,3,7,19,58,2,02萬華區,萬華區中華路2段與中華路2段416巷口,0,0,2,2,C03,8,3,5,50,4,1,1,5,4,5,7,2,1,5,4,4,2,17,1,24,2,9,1,1,7,9,1,10,1,14,,44,,1,22,9,121.5058865,25.027984
112,3,7,20,8,2,06松山區,松山區復興北路與南京東路3段口,0,0,2,1,C03,8,3,5,50,4,2,1,5,4,5,7,2,1,1,3,5,2,13,2,38,2,9,1,1,7,9,1,10,1,11,,23,,1,22,9,121.5441581,25.0517857
112,3,7,20,8,2,06松山區,松山區復興北路與南京東路3段口,0,0,2,2,C03,8,3,5,50,4,2,1,5,4,5,7,2,1,1,3,5,2,13,1,37,2,9,1,1,7,14,1,10,1,13,,44,,1,22,9,121.5441581,25.0517857
112,3,7,20,16,2,12內湖區,內湖區民權大橋機慢車專用道往東,0,0,1,2,C03,8,3,5,50,14,11,1,5,4,5,7,4,4,1,3,5,2,2,2,29,2,9,1,1,7,9,1,10,1,12,,23,,1,22,9,121.5708255,25.06429017
112,3,7,20,16,2,12內湖區,內湖區民權大橋機慢車專用道往東,0,0,1,1,H01,8,3,5,50,14,11,1,5,4,5,7,4,4,1,3,5,2,2,1,49,3,10,4,5,8,16,8,20,10,16,,51,,1,22,9,121.5708255,25.06429017
112,3,7,20,59,2,04大安區,大安區延吉街與光復南路240巷口,0,0,3,3,H02,8,3,5,50,14,9,1,5,4,5,7,4,4,9,4,5,2,12,2,24,2,8,3,5,7,21,8,20,10,16,,67,,1,22,9,121.5546761,25.0407013
112,3,7,20,59,2,04大安區,大安區延吉街與光復南路240巷口,0,0,3,1,C03,8,3,5,50,14,9,1,5,4,5,7,4,4,9,4,5,2,12,2,37,2,9,3,4,7,9,1,10,1,12,,4,,1,22,9,121.5546761,25.0407013
112,3,7,20,59,2,04大安區,大安區延吉街與光復南路240巷口,0,0,3,2,C03,8,3,5,50,14,9,1,5,4,5,7,4,4,9,4,5,2,12,1,22,2,7,3,4,7,11,1,10,1,14,,44,,1,22,9,121.5546761,25.0407013
112,3,7,20,59,2,09北投區,北投區磺港路與公館路376巷6弄口,0,0,2,1,F01,8,3,5,30,4,2,1,5,4,5,7,1,1,10,5,5,1,16,1,64,2,1,2,1,7,9,8,20,5,16,,25,,1,22,9,121.503138,25.12390038
112,3,7,20,59,2,09北投區,北投區磺港路與公館路376巷6弄口,0,0,2,2,C03,8,3,5,30,4,2,1,5,4,5,7,1,1,10,5,5,1,16,1,20,2,9,1,1,7,9,1,10,2,11,,44,,1,22,9,121.503138,25.12390038
112,3,7,21,0,2,12內湖區,內湖區江南街與瑞光路口,0,0,1,1,B12,7,3,5,50,3,1,1,5,4,5,7,2,1,9,4,5,2,16,1,31,3,10,1,1,7,5,1,8,1,6,,6,,1,22,9,121.5754618,25.07607879
112,3,7,21,0,2,12內湖區,內湖區江南街與瑞光路口,0,0,1,2,C03,7,3,5,50,3,1,1,5,4,5,7,2,1,9,4,5,2,16,1,20,2,9,1,1,7,9,1,10,1,11,,13,,1,22,9,121.5754618,25.07607879
112,3,7,21,21,2,05中正區,中正區連雲街89號,0,0,1,2,B03,8,3,5,50,14,9,1,5,4,5,7,4,4,5,5,5,1,13,2,49,2,2,1,1,7,14,1,8,1,3,,44,,1,22,9,121.5300294,25.0340454
112,3,7,21,21,2,05中正區,中正區連雲街89號,0,0,1,1,B03,8,3,5,50,14,9,1,5,4,5,7,4,4,5,5,5,1,13,1,59,3,10,1,1,7,9,1,8,1,1,,23,,1,22,9,121.5300294,25.0340454
112,3,7,21,32,2,02萬華區,萬華區西園路2段402號公園前,0,0,1,2,B03,8,3,5,50,14,9,1,5,4,5,7,4,4,1,5,5,2,13,1,41,3,10,1,1,7,12,1,8,2,7,,44,,1,22,9,121.4975367,25.03251113
112,3,7,21,32,2,02萬華區,萬華區西園路2段402號公園前,0,0,1,1,C03,8,3,5,50,14,9,1,5,4,5,7,4,4,1,5,5,2,13,2,20,2,8,1,1,7,12,1,10,2,11,,23,,1,22,9,121.4975367,25.03251113
112,3,7,22,0,2,07信義區,信義區忠孝東路5段17號,0,0,1,1,B03,8,3,5,50,14,9,1,5,4,5,7,1,1,9,4,5,2,13,1,63,3,10,1,1,7,9,1,8,1,1,,23,,1,22,9,121.5655992,25.0411501
112,3,7,22,0,2,07信義區,信義區忠孝東路5段17號,0,0,1,2,B03,8,3,5,50,14,9,1,5,4,5,7,1,1,9,4,5,2,13,1,36,2,1,1,1,7,14,1,8,1,3,,44,,1,22,9,121.5655992,25.0411501
112,3,7,22,0,2,07信義區,信義區松山路119巷9號,0,0,2,1,C03,7,3,6,30,14,9,1,5,4,5,7,4,4,10,5,5,2,10,1,25,2,9,1,1,7,9,1,10,2,14,後,26,,1,22,9,121.5788477,25.0475396
112,3,7,22,0,2,07信義區,信義區松山路119巷9號,0,0,2,2,C03,7,3,6,30,14,9,1,5,4,5,7,4,4,10,5,5,2,10,1,40,2,7,1,1,7,9,1,10,2,14,,44,,1,22,9,121.5788477,25.0475396
112,3,7,22,25,2,09北投區,北投區承德路7段與立賢路口,0,0,2,3,H02,8,3,5,50,4,1,1,5,4,5,7,2,1,9,4,5,2,13,1,18,2,9,1,5,7,21,8,20,10,15,,67,,1,22,9,121.5049632,25.11623093
112,3,7,22,25,2,09北投區,北投區承德路7段與立賢路口,0,0,2,1,C03,8,3,5,50,4,1,1,5,4,5,7,2,1,9,4,5,2,13,1,18,2,9,1,1,7,3,1,10,1,12,,23,,1,22,9,121.5049632,25.11623093
112,3,7,22,25,2,09北投區,北投區承德路7段與立賢路口,0,0,2,2,C03,8,3,5,50,4,1,1,5,4,5,7,2,1,9,4,5,2,13,1,19,3,10,1,1,7,3,1,10,1,12,,44,,1,22,9,121.5049632,25.11623093
112,3,7,22,47,2,07信義區,信義區忠孝東路5段與松信路口口,0,0,1,1,B01,7,3,5,50,4,1,1,5,4,5,7,2,1,10,5,5,2,17,1,52,3,10,1,1,7,5,1,4,1,1,,6,,1,22,9,121.5720024,25.0409807
112,3,7,22,47,2,07信義區,信義區忠孝東路5段與松信路口口,0,0,1,2,F01,7,3,5,50,4,1,1,5,4,5,7,2,1,10,5,5,2,17,1,49,2,9,2,1,7,9,8,20,1,16,,27,,1,22,9,121.5720024,25.0409807
112,3,8,2,20,2,03中山區,中山區錦州街與錦州街241巷口,0,0,1,1,C03,8,3,5,30,4,1,1,5,4,5,7,4,4,8,5,5,1,15,1,29,2,8,3,4,7,9,1,10,1,14,,6,,1,22,9,121.5337795,25.06033886
112,3,8,2,20,2,03中山區,中山區錦州街與錦州街241巷口,0,0,1,2,B03,8,3,5,30,4,1,1,5,4,5,7,4,4,8,5,5,1,15,1,41,3,10,3,4,7,9,1,8,1,1,,23,,1,22,9,121.5337795,25.06033886
112,3,8,6,35,2,07信義區,信義區信義路6段76巷2弄56號,0,0,2,1,C03,7,1,5,30,14,9,1,5,4,5,7,4,4,10,5,5,2,16,1,50,2,7,1,4,7,9,1,10,1,14,,5,,1,22,9,121.5759726,25.0332862
112,3,8,6,35,2,07信義區,信義區信義路6段76巷2弄56號,0,0,2,2,C03,7,1,5,30,14,9,1,5,4,5,7,4,4,10,5,5,2,16,1,22,2,8,1,4,7,9,1,10,1,14,,44,,1,22,9,121.5759726,25.0332862
112,3,8,7,1,2,08士林區,士林區中正路與延平北路5段口,0,0,1,1,C03,8,1,5,50,4,1,1,5,4,5,7,2,1,5,4,5,2,12,2,53,2,9,1,1,7,5,1,10,2,13,,8,,1,22,9,121.5093505,25.0866014
112,3,8,7,1,2,08士林區,士林區中正路與延平北路5段口,0,0,1,2,C03,8,1,5,50,4,1,1,5,4,5,7,2,1,5,4,5,2,12,1,51,3,10,1,1,7,9,1,10,2,11,,44,,1,22,9,121.5093505,25.0866014
112,3,8,7,35,2,04大安區,大安區基隆路3段155巷57號,0,0,1,2,C03,8,1,5,50,14,9,1,5,4,5,7,4,4,8,4,5,1,11,1,46,2,9,1,4,7,9,1,10,1,11,,44,,1,22,9,121.5429781,25.0150789
112,3,8,7,35,2,04大安區,大安區基隆路3段155巷57號,0,0,1,1,C03,8,1,5,50,14,9,1,5,4,5,7,4,4,8,4,5,1,11,1,53,3,10,1,4,7,5,1,10,1,11,,8,,1,22,9,121.5429781,25.0150789
112,3,8,7,37,2,02萬華區,萬華區華中橋機車道與華中橋往新北市口023牌面,0,0,1,1,C03,8,1,7,40,8,11,1,5,4,5,7,4,4,1,4,5,2,13,2,32,2,9,1,1,7,9,1,10,1,11,,16,,1,22,9,121.49544,25.01570356
112,3,8,7,37,2,02萬華區,萬華區華中橋機車道與華中橋往新北市口023牌面,0,0,1,2,C03,8,1,7,40,8,11,1,5,4,5,7,4,4,1,4,5,2,13,1,63,3,10,1,1,7,9,6,10,9,13,,44,,1,21,9,121.49544,25.01570356
112,3,8,7,38,2,05中正區,中正區仁愛路2段與臨沂街口,0,0,1,2,C03,8,1,5,50,4,1,1,5,4,5,7,2,1,1,4,1,2,15,2,66,2,9,1,1,7,9,1,10,1,11,,44,,1,22,9,121.5293535,25.0381076
112,3,8,7,38,2,05中正區,中正區仁愛路2段與臨沂街口,0,0,1,1,C03,8,1,5,50,4,1,1,5,4,5,7,2,1,1,4,1,2,15,1,72,4,11,3,4,7,15,7,19,11,15,,25,,2,22,9,121.5293535,25.0381076
112,3,8,7,39,2,08士林區,士林區劍潭路55巷與前港街口,0,0,3,2,C03,8,1,5,30,4,1,1,5,4,5,7,4,4,10,5,5,2,15,2,65,2,9,1,1,7,9,1,10,2,14,,23,,1,22,9,121.5213808,25.08471968
112,3,8,7,39,2,08士林區,士林區劍潭路55巷與前港街口,0,0,3,1,C03,8,1,5,30,4,1,1,5,4,5,7,4,4,10,5,5,2,15,1,69,2,8,1,1,7,9,1,10,2,11,,6,,1,22,9,121.5213808,25.08471968
112,3,8,7,39,2,08士林區,士林區劍潭路55巷與前港街口,0,0,3,3,H02,8,1,5,30,4,1,1,5,4,5,7,4,4,10,5,5,2,15,2,68,2,7,4,5,7,20,8,20,10,16,,67,,1,22,9,121.5213808,25.08471968
112,3,8,7,40,2,05中正區,中正區仁愛路2段與金山南路1段口,0,0,1,2,C03,8,1,5,50,4,1,1,5,4,5,7,1,1,1,4,5,2,17,1,42,2,9,1,1,7,9,6,18,2,14,,44,,1,22,9,121.5284233,25.038354
112,3,8,7,40,2,05中正區,中正區仁愛路2段與金山南路1段口,0,0,1,1,B03,8,1,5,50,4,1,1,5,4,5,7,1,1,1,4,5,2,17,2,52,3,10,1,1,7,6,1,8,2,2,,9,,1,22,9,121.5284233,25.038354
112,3,8,7,51,2,12內湖區,內湖區民權東路6段101號,0,0,1,1,C03,8,1,5,50,14,9,1,5,4,5,7,4,4,10,4,5,1,17,1,38,2,9,1,1,7,9,1,10,2,15,,13,,1,22,9,121.5896047,25.06909931
112,3,8,7,51,2,12內湖區,內湖區民權東路6段101號,0,0,1,3,C03,8,1,5,50,14,9,1,5,4,5,7,4,4,10,4,5,1,17,1,31,3,10,1,1,7,1,1,10,2,15,,19,,1,22,9,121.5896047,25.06909931
112,3,8,7,51,2,12內湖區,內湖區民權東路6段101號,0,0,1,2,C03,8,1,5,50,14,9,1,5,4,5,7,4,4,10,4,5,1,17,1,34,3,10,1,1,7,9,1,10,2,15,,16,,1,22,9,121.5896047,25.06909931
112,3,8,8,0,2,10文山區,文山區萬壽路與指南路2段197巷口,0,0,1,1,B03,8,1,5,50,3,1,1,5,4,5,7,3,1,9,4,5,2,17,2,42,3,10,1,1,7,5,1,8,1,8,,8,,1,22,9,121.5776245,24.98878542
112,3,8,8,0,2,10文山區,文山區萬壽路與指南路2段197巷口,0,0,1,2,C03,8,1,5,50,3,1,1,5,4,5,7,3,1,9,4,5,2,17,1,32,2,9,1,1,7,9,1,10,1,11,,23,,1,22,9,121.5776245,24.98878542
112,3,8,8,3,2,03中山區,中山區北安路忠烈祠對面,0,0,2,1,C03,8,1,5,30,14,9,1,5,4,5,7,4,4,1,4,5,2,13,1,23,2,8,3,4,7,9,1,10,1,11,,43,,1,22,9,121.5318859,25.07803589
112,3,8,8,3,2,03中山區,中山區北安路忠烈祠對面,0,0,2,3,C03,8,1,5,30,14,9,1,5,4,5,7,4,4,1,4,5,2,13,1,35,2,8,3,4,7,9,1,10,1,14,,43,,1,22,9,121.5318859,25.07803589
112,3,8,8,3,2,03中山區,中山區北安路忠烈祠對面,0,0,2,2,,8,1,5,30,14,9,1,5,4,5,7,4,4,1,4,5,2,13,4,0,4,11,3,4,7,15,7,19,11,15,,43,,2,22,9,121.5318859,25.07803589
112,3,8,8,7,2,03中山區,中山區建國北路3段28號,0,0,1,1,C03,8,1,5,50,14,9,1,5,4,5,7,4,4,10,4,5,2,13,1,25,2,8,1,1,7,9,1,10,2,11,,23,,1,22,9,121.5368044,25.0640254
112,3,8,8,7,2,03中山區,中山區建國北路3段28號,0,0,1,2,B03,8,1,5,50,14,9,1,5,4,5,7,4,4,10,4,5,2,13,1,39,3,10,3,4,7,14,1,8,2,6,,44,,1,22,9,121.5368044,25.0640254
112,3,8,8,18,2,09北投區,北投區大業路與大業路452巷口,0,0,1,1,B01,8,1,5,60,3,1,1,5,4,5,7,2,1,1,4,4,2,16,1,66,3,10,1,1,7,5,1,4,2,1,,44,,1,22,9,121.4963085,25.1314183
112,3,8,8,18,2,09北投區,北投區大業路與大業路452巷口,0,0,1,2,C03,8,1,5,60,3,1,1,5,4,5,7,2,1,1,4,4,2,16,1,31,2,8,1,1,7,9,1,10,2,14,,25,,1,22,9,121.4963085,25.1314183
112,3,8,8,23,2,10文山區,文山區羅斯福路6段與景福街口口,0,0,1,1,B12,8,1,5,50,4,1,1,5,4,5,7,2,1,1,4,5,2,17,1,69,3,10,1,1,7,5,1,8,2,15,,6,,1,22,9,121.5407433,24.9928956
112,3,8,8,23,2,10文山區,文山區羅斯福路6段與景福街口口,0,0,1,2,C03,8,1,5,50,4,1,1,5,4,5,7,2,1,1,4,5,2,17,1,27,2,9,1,1,7,9,1,10,2,12,,13,,1,22,9,121.5407433,24.9928956
112,3,8,8,23,2,10文山區,文山區羅斯福路6段與景福街口口,0,0,1,3,,8,1,5,50,4,1,1,5,4,5,7,2,1,1,4,5,2,17,3,0,,,,,,,,,,,,67,,1,,,121.5407433,24.9928956
112,3,8,8,30,2,09北投區,北投區行義路與行義路10巷口,0,0,1,1,B03,8,1,5,40,3,1,1,5,4,5,7,3,1,5,5,5,2,16,1,40,3,10,1,1,7,5,1,8,1,5,,8,,1,22,9,121.5262283,25.124682
112,3,8,8,30,2,09北投區,北投區行義路與行義路10巷口,0,0,1,2,C03,8,1,5,40,3,1,1,5,4,5,7,3,1,5,5,5,2,16,1,34,2,9,1,1,7,9,1,10,1,11,,13,,1,22,9,121.5262283,25.124682
112,3,8,8,30,2,11南港區,南港區研究院路1段與研究院路1段130巷口,0,0,1,1,B03,8,1,5,50,3,2,1,5,4,5,7,2,1,3,3,5,2,16,2,59,3,10,3,4,7,6,1,8,1,2,,6,,1,22,9,121.6152554,25.0491796
112,3,8,8,30,2,11南港區,南港區研究院路1段與研究院路1段130巷口,0,0,1,2,C03,8,1,5,50,3,2,1,5,4,5,7,2,1,3,3,5,2,16,2,39,2,8,3,4,7,9,1,10,1,14,,44,,1,22,9,121.6152554,25.0491796
112,3,8,8,42,2,03中山區,中山區北安路823號,0,0,2,1,C03,8,1,5,50,14,9,1,5,4,5,7,2,1,1,4,5,2,12,1,42,2,9,3,4,7,8,1,10,1,12,,7,,1,22,9,121.5562547,25.0847881
112,3,8,8,42,2,03中山區,中山區北安路823號,0,0,2,2,C03,8,1,5,50,14,9,1,5,4,5,7,2,1,1,4,5,2,12,1,23,2,9,3,4,7,9,1,10,1,11,,44,,1,22,9,121.5562547,25.0847881
112,3,8,8,43,2,01大同區,大同區重慶北路3段與民族西路口,0,0,1,2,B03,8,1,5,50,4,2,1,5,4,5,7,2,1,9,4,5,2,16,2,44,3,10,1,1,7,5,1,8,2,6,,8,,1,22,9,121.5135359,25.0685923
112,3,8,8,43,2,01大同區,大同區重慶北路3段與民族西路口,0,0,1,1,C03,8,1,5,50,4,2,1,5,4,5,7,2,1,9,4,5,2,16,1,42,2,8,1,1,7,9,1,10,2,11,,16,,1,22,9,121.5135359,25.0685923
112,3,8,8,45,2,05中正區,中正區博愛路172號,0,0,1,2,C03,8,1,5,50,14,9,1,5,4,5,7,4,4,8,4,5,2,16,1,27,2,9,1,1,7,9,1,10,1,11,,42,,1,22,9,121.510979,25.03740201
112,3,8,8,45,2,05中正區,中正區博愛路172號,0,0,1,1,B03,8,1,5,50,14,9,1,5,4,5,7,4,4,8,4,5,2,16,1,50,3,10,1,1,7,11,1,8,1,8,,10,,1,22,9,121.510979,25.03740201
112,3,8,8,48,2,12內湖區,內湖區康寧路3段165巷與康寧路3段口,0,0,1,2,C03,8,1,5,50,4,1,1,5,4,5,7,2,1,1,4,5,2,13,2,37,3,10,1,1,7,12,1,10,9,13,,44,,1,22,9,121.611338,25.07049376
112,3,8,8,48,2,12內湖區,內湖區康寧路3段165巷與康寧路3段口,0,0,1,1,C03,8,1,5,50,4,1,1,5,4,5,7,2,1,1,4,5,2,13,2,19,2,7,1,1,7,9,1,10,9,11,,16,,1,22,9,121.611338,25.07049376
112,3,8,9,5,2,02萬華區,萬華區環河南路1段與康定路口,0,0,1,1,C03,8,1,5,50,4,1,1,5,4,5,7,2,1,8,3,5,1,16,1,24,4,11,3,4,7,15,7,19,11,15,,23,,2,22,9,121.5032207,25.04617524
112,3,8,9,5,2,02萬華區,萬華區環河南路1段與康定路口,0,0,1,3,B03,8,1,5,50,4,1,1,5,4,5,7,2,1,8,3,5,1,16,2,30,4,11,3,4,7,15,7,19,11,15,,44,,2,22,9,121.5032207,25.04617524
112,3,8,9,5,2,02萬華區,萬華區環河南路1段與康定路口,0,0,1,2,C03,8,1,5,50,4,1,1,5,4,5,7,2,1,8,3,5,1,16,1,37,2,9,3,4,7,9,1,10,9,11,,44,,1,22,9,121.5032207,25.04617524
112,3,8,9,6,2,04大安區,大安區新生南路3段(新南停車場),0,0,1,1,B03,8,1,5,50,14,7,1,5,4,5,7,4,4,1,4,4,1,17,2,46,3,10,3,4,7,6,1,8,1,15,,9,,1,22,9,121.5338837,25.0191446
112,3,8,9,6,2,04大安區,大安區新生南路3段(新南停車場),0,0,1,2,C03,8,1,5,50,14,7,1,5,4,5,7,4,4,1,4,4,1,17,1,49,2,9,3,4,7,9,1,10,1,14,,13,,1,22,9,121.5338837,25.0191446
112,3,8,9,23,2,12內湖區,內湖區永保街涵洞,0,0,2,2,H01,8,3,5,50,9,9,1,5,4,5,7,4,4,1,5,5,2,2,1,88,2,9,4,5,8,20,8,20,1,16,,67,,1,22,9,121.6093977,25.06478808
112,3,8,9,23,2,12內湖區,內湖區永保街涵洞,0,0,2,1,C03,8,3,5,50,9,9,1,5,4,5,7,4,4,1,5,5,2,2,1,66,2,9,1,1,7,8,1,10,1,11,,23,,1,22,9,121.6093977,25.06478808
112,3,8,9,25,2,04大安區,大安區復興南路2段171巷與和平東路2段265巷口,0,0,2,2,C03,8,1,5,30,4,1,1,5,4,5,7,4,4,10,5,5,2,15,1,24,2,9,1,1,7,9,1,10,1,11,,23,,1,22,9,121.5440816,25.0277223
112,3,8,9,25,2,04大安區,大安區復興南路2段171巷與和平東路2段265巷口,0,0,2,1,C03,8,1,5,30,4,1,1,5,4,5,7,4,4,10,5,5,2,15,1,37,2,9,1,1,7,9,1,10,1,12,,6,,1,22,9,121.5440816,25.0277223
112,3,8,9,30,2,05中正區,中正區南昌路1段與南海路口,0,0,1,2,B01,8,1,5,30,4,2,1,5,4,5,7,1,1,9,4,5,2,13,1,59,3,10,1,1,7,14,1,4,1,3,,44,,1,22,9,121.5164115,25.03240223
112,3,8,9,30,2,05中正區,中正區南昌路1段與南海路口,0,0,1,1,C03,8,1,5,30,4,2,1,5,4,5,7,1,1,9,4,5,2,13,2,31,2,9,1,1,7,9,1,10,1,11,,23,,1,22,9,121.5164115,25.03240223
112,3,8,9,40,2,09北投區,北投區中央南路1段與崇仁路1段口,0,0,1,1,C03,8,1,5,50,4,1,1,5,4,5,7,3,1,9,4,5,2,18,1,22,2,9,3,4,7,4,1,10,1,14,,13,,1,22,9,121.5015469,25.1319905
112,3,8,9,40,2,09北投區,北投區中央南路1段與崇仁路1段口,0,0,1,2,,8,1,5,50,4,1,1,5,4,5,7,3,1,9,4,5,2,18,3,0,,,,,,,,,,,,67,,1,,,121.5015469,25.1319905
112,3,8,9,42,2,04大安區,大安區基隆路2段188號,0,0,1,1,C03,8,1,5,50,14,9,1,5,4,5,7,2,1,9,4,5,1,13,1,51,3,10,1,4,7,9,1,10,1,11,,16,,1,22,9,121.5529509,25.0247994
112,3,8,9,42,2,04大安區,大安區基隆路2段188號,0,0,1,2,C03,8,1,5,50,14,9,1,5,4,5,7,2,1,9,4,5,1,13,1,26,2,8,1,4,7,12,1,10,1,13,,44,,1,22,9,121.5529509,25.0247994
112,3,8,10,5,2,03中山區,中山區中山北路3段與農安街口,0,0,6,2,C03,8,1,5,50,4,2,1,5,4,5,7,2,1,5,4,5,2,13,2,20,2,9,1,1,7,9,1,10,1,14,,16,,1,22,9,121.522341,25.0649837
112,3,8,10,5,2,03中山區,中山區中山北路3段與農安街口,0,0,6,6,H02,8,1,5,50,4,2,1,5,4,5,7,2,1,5,4,5,2,13,2,20,2,8,4,5,7,17,8,20,10,16,,67,,1,22,9,121.522341,25.0649837
112,3,8,10,5,2,03中山區,中山區中山北路3段與農安街口,0,0,6,5,C03,8,1,5,50,4,2,1,5,4,5,7,2,1,5,4,5,2,13,1,25,2,8,1,1,7,9,1,10,1,11,,16,,1,22,9,121.522341,25.0649837
112,3,8,10,5,2,03中山區,中山區中山北路3段與農安街口,0,0,6,3,C03,8,1,5,50,4,2,1,5,4,5,7,2,1,5,4,5,2,13,1,35,2,8,1,1,7,9,1,10,1,14,,16,,1,22,9,121.522341,25.0649837
112,3,8,10,5,2,03中山區,中山區中山北路3段與農安街口,0,0,6,1,C03,8,1,5,50,4,2,1,5,4,5,7,2,1,5,4,5,2,13,2,18,2,7,1,1,7,9,1,10,1,14,,23,,1,22,9,121.522341,25.0649837
112,3,8,10,5,2,03中山區,中山區中山北路3段與農安街口,0,0,6,4,C03,8,1,5,50,4,2,1,5,4,5,7,2,1,5,4,5,2,13,1,27,2,9,1,1,7,9,1,10,1,11,,16,,1,22,9,121.522341,25.0649837
112,3,8,10,14,2,04大安區,大安區師大路117巷與師大路口,0,0,3,3,H02,8,1,5,50,14,9,1,5,4,5,7,4,4,4,3,5,1,16,2,66,2,8,1,1,7,20,8,20,10,16,,67,,1,20,7,121.5283289,25.0221726
112,3,8,10,14,2,04大安區,大安區師大路117巷與師大路口,0,0,3,1,C03,8,1,5,50,14,9,1,5,4,5,7,4,4,4,3,5,1,16,1,68,2,9,1,1,7,11,1,10,1,14,,6,,1,20,7,121.5283289,25.0221726
112,3,8,10,14,2,04大安區,大安區師大路117巷與師大路口,0,0,3,2,C03,8,1,5,50,14,9,1,5,4,5,7,4,4,4,3,5,1,16,1,21,2,8,1,1,7,9,1,10,1,11,,14,,1,18,2,121.5283289,25.0221726
112,3,8,10,40,2,03中山區,中山區北安路與敬業四路口,0,0,2,1,C03,8,1,5,50,4,1,1,5,4,5,7,2,1,1,4,4,2,13,1,32,2,9,1,4,7,9,1,9,1,11,,16,,1,22,9,121.5587455,25.0848537
112,3,8,10,40,2,03中山區,中山區北安路與敬業四路口,0,0,2,2,C03,8,1,5,50,4,1,1,5,4,5,7,2,1,1,4,4,2,13,1,19,3,10,1,4,7,14,1,10,1,13,,44,,1,22,9,121.5587455,25.0848537
112,3,8,10,40,2,03中山區,中山區北安路與敬業四路口,0,0,2,3,H02,8,1,5,50,4,1,1,5,4,5,7,2,1,1,4,4,2,13,2,32,2,9,4,5,7,21,8,20,10,16,,67,,1,22,9,121.5587455,25.0848537
112,3,8,10,57,2,12內湖區,內湖區康寧路3段26巷與民權東路6段296巷口,0,0,1,1,C03,8,1,5,30,4,2,1,5,4,5,7,4,4,9,5,5,2,15,2,49,2,9,1,1,7,9,1,10,2,14,,6,,1,22,9,121.6074701,25.07128023
112,3,8,10,57,2,12內湖區,內湖區康寧路3段26巷與民權東路6段296巷口,0,0,1,2,B01,8,1,5,30,4,2,1,5,4,5,7,4,4,9,5,5,2,15,1,57,3,10,1,1,7,9,1,4,2,1,,23,,1,22,9,121.6074701,25.07128023
112,3,8,11,8,2,03中山區,中山區民生東路2段115巷與吉林路口側附近161巷口,0,0,1,2,B03,8,1,5,30,4,1,1,5,4,5,7,4,4,10,5,5,2,15,1,51,3,10,3,4,7,9,1,8,1,8,,44,,1,22,9,121.5316506,25.0589176
112,3,8,11,8,2,03中山區,中山區民生東路2段115巷與吉林路口側附近161巷口,0,0,1,1,C03,8,1,5,30,4,1,1,5,4,5,7,4,4,10,5,5,2,15,1,46,2,9,3,4,7,9,1,9,1,11,,6,,1,22,9,121.5316506,25.0589176
112,3,8,11,15,2,05中正區,中正區汀州路3段93號前,0,0,2,1,C03,8,1,5,50,14,9,1,5,4,5,7,4,4,5,4,5,2,16,1,31,2,9,1,1,7,9,1,10,1,11,,23,,1,22,9,121.5287773,25.0174864
112,3,8,11,15,2,05中正區,中正區汀州路3段93號前,0,0,2,2,F01,8,1,5,50,14,9,1,5,4,5,7,4,4,5,4,5,2,16,2,65,2,9,2,1,7,7,8,20,1,16,,7,,1,22,9,121.5287773,25.0174864
112,3,8,11,17,2,06松山區,松山區敦化北路199號長庚醫院前,0,0,1,1,B03,8,1,5,50,14,9,1,5,4,5,7,1,1,9,4,5,2,17,1,75,3,10,1,1,7,9,1,8,1,1,,42,,1,22,9,121.5494947,25.05580082
112,3,8,11,17,2,06松山區,松山區敦化北路199號長庚醫院前,0,0,1,2,C03,8,1,5,50,14,9,1,5,4,5,7,1,1,9,4,5,2,17,1,75,2,9,1,1,7,8,1,10,1,13,,7,,1,22,9,121.5494947,25.05580082