發生年度,發生月,發生日,發生時-Hours,發生分,處理別-編號,區序,肇事地點,死亡人數,2-30日死亡人數,受傷人數,當事人序號,車種,天候,光線,道路類別,速限-速度限制,道路型態,事故位置,路面狀況1,路面狀況2,路面狀況3,道路障礙1,道路障礙2,號誌1,號誌2,車道劃分-分向,車道劃分-分道1,車道劃分-分道2,車道劃分-分道3,事故類型及型態,性別,年齡,受傷程度,主要傷處,保護裝置,行動電話,車輛用途,當事者行動狀態,駕駛資格情形,駕駛執照種類,飲酒情形,車輛撞擊部位1,車輛撞擊部位2,肇因碼-個別,肇因碼-主要,個人肇逃否,職業,旅次目的,座標-X,座標-Y
112,3,8,11,28,2,05中正區,中正區忠孝西路1段與館前路口,0,0,1,2,B12,8,1,5,50,14,9,1,5,4,5,7,1,1,10,4,5,2,13,1,25,3,10,1,1,7,9,1,4,2,3,,44,,1,22,9,121.5150196,25.04660847
112,3,8,11,28,2,05中正區,中正區忠孝西路1段與館前路口,0,0,1,3,B01,8,1,5,50,14,9,1,5,4,5,7,1,1,10,4,5,2,13,1,52,3,10,1,1,7,14,1,4,11,15,,44,,1,22,9,121.5150196,25.04660847
112,3,8,11,28,2,05中正區,中正區忠孝西路1段與館前路口,0,0,1,1,B01,8,1,5,50,14,9,1,5,4,5,7,1,1,10,4,5,2,13,1,61,2,3,1,1,7,9,1,4,2,1,,43,,1,22,9,121.5150196,25.04660847
112,3,8,11,34,2,03中山區,中山區龍江路183巷與龍江路口,0,0,1,4,,8,1,5,50,3,1,1,5,4,5,7,4,4,8,5,5,1,16,3,59,,,,,,,,,,,,67,,1,,,121.5405356,25.05543087
112,3,8,11,34,2,03中山區,中山區龍江路183巷與龍江路口,0,0,1,3,B12,8,1,5,50,3,1,1,5,4,5,7,4,4,8,5,5,1,16,2,49,3,10,3,4,7,13,1,8,11,15,,38,,1,22,9,121.5405356,25.05543087
112,3,8,11,34,2,03中山區,中山區龍江路183巷與龍江路口,0,0,1,2,B01,8,1,5,50,3,1,1,5,4,5,7,4,4,8,5,5,1,16,2,62,3,10,3,4,7,9,1,4,1,2,,23,,1,22,9,121.5405356,25.05543087
112,3,8,11,34,2,03中山區,中山區龍江路183巷與龍江路口,0,0,1,1,C03,8,1,5,50,3,1,1,5,4,5,7,4,4,8,5,5,1,16,2,44,2,9,3,4,7,6,1,10,1,14,,6,,1,22,9,121.5405356,25.05543087
112,3,8,11,40,2,04大安區,大安區和平東路3段228巷33號,0,0,1,1,B12,8,1,5,50,14,9,1,5,4,5,7,4,4,5,5,5,2,16,1,46,3,10,1,1,7,11,1,2,1,4,,26,,1,22,9,121.5537074,25.0210319
112,3,8,11,40,2,04大安區,大安區和平東路3段228巷33號,0,0,1,2,C03,8,1,5,50,14,9,1,5,4,5,7,4,4,5,5,5,2,16,1,58,2,8,1,1,7,9,1,10,1,11,,23,,1,22,9,121.5537074,25.0210319
112,3,8,12,10,2,08士林區,士林區通河西街1段1段堤外便道(越堤道口),0,0,2,1,C03,8,1,5,50,3,1,1,5,4,5,7,4,4,5,5,5,2,12,1,27,2,9,1,4,7,5,1,10,1,14,,8,,1,22,9,121.5127058,25.08579158
112,3,8,12,10,2,08士林區,士林區通河西街1段1段堤外便道(越堤道口),0,0,2,2,C03,8,1,5,50,3,1,1,5,4,5,7,4,4,5,5,5,2,12,1,18,2,9,1,4,7,4,3,18,1,12,,14,,1,22,9,121.5127058,25.08579158
112,3,8,12,37,2,07信義區,信義區松高路9號,0,0,1,1,B03,8,1,5,50,14,9,1,5,4,5,7,4,4,9,4,5,1,16,1,53,3,10,3,4,7,5,1,8,1,1,,8,,1,22,9,121.5650849,25.03906441
112,3,8,12,37,2,07信義區,信義區松高路9號,0,0,1,2,C03,8,1,5,50,14,9,1,5,4,5,7,4,4,9,4,5,1,16,1,29,2,9,3,4,7,9,1,10,1,14,,44,,1,22,9,121.5650849,25.03906441
112,3,8,12,52,2,04大安區,大安區建國南路1段163號,0,0,1,1,B02,8,1,5,50,14,9,1,5,4,5,7,4,4,10,5,5,1,12,2,26,4,11,3,4,7,15,7,19,11,15,,43,,2,22,9,121.5376036,25.0412697
112,3,8,12,52,2,04大安區,大安區建國南路1段163號,0,0,1,2,C03,8,1,5,50,14,9,1,5,4,5,7,4,4,10,5,5,1,12,1,39,2,9,1,1,7,9,1,10,1,14,,23,,1,22,9,121.5376036,25.0412697
112,3,8,13,1,2,08士林區,士林區文林路510號前,0,0,2,1,H01,8,1,5,50,14,9,1,5,4,5,7,4,4,5,5,5,2,6,2,65,2,9,4,5,8,18,8,20,10,16,,51,,1,22,9,121.5241458,25.09685391
112,3,8,13,1,2,08士林區,士林區文林路510號前,0,0,2,2,C03,8,1,5,50,14,9,1,5,4,5,7,4,4,5,5,5,2,6,1,38,2,9,1,1,7,9,6,18,1,11,,4,,1,22,9,121.5241458,25.09685391
112,3,8,14,0,2,08士林區,士林區美崙街天文館機車停車場入口,0,0,2,2,C03,8,1,5,50,14,9,1,5,4,5,7,4,4,9,5,5,2,17,2,50,2,9,1,1,7,9,1,10,1,11,,44,,1,22,9,121.518857,25.0955049
112,3,8,14,0,2,08士林區,士林區美崙街天文館機車停車場入口,0,0,2,1,C03,8,1,5,50,14,9,1,5,4,5,7,4,4,9,5,5,2,17,1,63,2,9,1,1,7,5,1,10,1,12,,8,,1,22,9,121.518857,25.0955049
112,3,8,14,28,2,04大安區,大安區辛亥路2段與和平東路2段76巷口,0,0,1,1,C03,8,1,5,50,3,1,1,5,4,5,7,4,4,10,4,4,2,12,1,33,3,10,1,1,7,8,1,10,1,12,,7,,1,22,9,121.5385177,25.0220795
112,3,8,14,28,2,04大安區,大安區辛亥路2段與和平東路2段76巷口,0,0,1,2,C03,8,1,5,50,3,1,1,5,4,5,7,4,4,10,4,4,2,12,2,31,2,9,1,1,7,9,1,10,1,11,,44,,1,22,9,121.5385177,25.0220795
112,3,8,14,31,2,05中正區,中正區臨沂街與臨沂街6巷口,0,0,2,2,C03,8,1,5,30,4,1,1,5,4,5,7,4,4,10,4,5,1,16,1,40,2,9,1,1,7,9,1,9,2,12,,44,,1,22,9,121.5305787,25.0424127
112,3,8,14,31,2,05中正區,中正區臨沂街與臨沂街6巷口,0,0,2,1,C03,8,1,5,30,4,1,1,5,4,5,7,4,4,10,4,5,1,16,2,19,2,9,1,1,7,5,1,10,2,11,,6,,1,22,9,121.5305787,25.0424127
112,3,8,14,37,2,03中山區,中山區民族東路177號與龍江路口,0,0,2,2,C03,8,1,5,50,3,1,1,5,4,5,7,1,1,1,4,5,2,16,2,25,2,9,1,1,7,1,1,10,1,14,,44,,1,22,9,121.5410212,25.06816501
112,3,8,14,37,2,03中山區,中山區民族東路177號與龍江路口,0,0,2,1,C03,8,1,5,50,3,1,1,5,4,5,7,1,1,1,4,5,2,16,1,20,2,8,1,4,7,9,1,10,1,12,,25,,1,22,9,121.5410212,25.06816501
112,3,8,15,13,2,06松山區,松山區三民路113巷1號,0,0,1,1,C03,8,1,5,50,14,9,1,5,4,5,7,4,4,9,4,5,2,12,1,60,2,9,1,1,7,7,1,10,1,14,,7,,1,22,9,121.5634282,25.05794178
112,3,8,15,13,2,06松山區,松山區三民路113巷1號,0,0,1,2,B01,8,1,5,50,14,9,1,5,4,5,7,4,4,9,4,5,2,12,1,61,3,10,1,4,7,9,1,4,1,2,,17,,1,22,9,121.5634282,25.05794178
112,3,8,15,15,2,08士林區,士林區仰德大道4段與仰德大道4段39巷口,0,0,1,2,C03,8,1,5,40,3,2,1,5,4,5,7,4,4,7,5,5,1,17,1,21,2,8,1,1,7,9,1,10,2,11,,44,,1,22,9,121.5482984,25.1283984
112,3,8,15,15,2,08士林區,士林區仰德大道4段與仰德大道4段39巷口,0,0,1,1,B02,8,1,5,40,3,2,1,5,4,5,7,4,4,7,5,5,1,17,1,71,3,10,1,1,7,5,1,8,2,6,,8,,1,22,9,121.5482984,25.1283984
112,3,8,15,18,2,01大同區,大同區重慶北路3段與民族西路口,0,0,3,3,H02,8,1,5,50,4,1,1,5,4,5,7,2,1,1,4,5,2,16,2,36,2,9,1,5,7,21,8,20,10,15,,67,,1,22,9,121.5136346,25.06864091
112,3,8,15,18,2,01大同區,大同區重慶北路3段與民族西路口,0,0,3,4,H02,8,1,5,50,4,1,1,5,4,5,7,2,1,1,4,5,2,16,1,10,2,9,1,5,7,21,8,20,10,15,,67,,1,22,9,121.5136346,25.06864091
112,3,8,15,18,2,01大同區,大同區重慶北路3段與民族西路口,0,0,3,1,B03,8,1,5,50,4,1,1,5,4,5,7,2,1,1,4,5,2,16,2,61,3,10,3,4,7,5,6,8,1,2,,25,,1,22,9,121.5136346,25.06864091
112,3,8,15,18,2,01大同區,大同區重慶北路3段與民族西路口,0,0,3,2,C03,8,1,5,50,4,1,1,5,4,5,7,2,1,1,4,5,2,16,1,37,2,9,1,4,7,9,1,10,1,11,,13,,1,22,9,121.5136346,25.06864091
112,3,8,15,21,2,01大同區,大同區台北橋機慢車道往三重,0,0,2,1,C03,8,1,5,0,14,11,1,5,4,5,7,4,4,1,5,5,2,17,1,68,3,10,1,1,7,9,1,10,11,13,,42,,2,22,9,121.5087105,25.0635684
112,3,8,15,21,2,01大同區,大同區台北橋機慢車道往三重,0,0,2,2,C03,8,1,5,0,14,11,1,5,4,5,7,4,4,1,5,5,2,17,1,55,2,9,1,1,7,9,1,10,1,11,,16,,1,22,9,121.5087105,25.0635684
112,3,8,15,21,2,01大同區,大同區台北橋機慢車道往三重,0,0,2,3,C03,8,1,5,0,14,11,1,5,4,5,7,4,4,1,5,5,2,17,1,63,2,9,1,1,7,9,1,10,1,11,,16,,1,22,9,121.5087105,25.0635684
112,3,8,15,24,2,07信義區,信義區林口街與松山路515巷口,0,0,1,1,F01,8,1,5,50,4,2,1,5,4,5,7,4,4,5,4,5,2,17,2,47,2,8,1,1,7,9,8,20,1,16,,42,,1,22,9,121.579258,25.03872759
112,3,8,15,24,2,07信義區,信義區林口街與松山路515巷口,0,0,1,2,C03,8,1,5,50,4,2,1,5,4,5,7,4,4,5,4,5,2,17,1,76,3,10,1,1,7,9,1,10,1,11,,44,,1,22,9,121.579258,25.03872759
112,3,8,15,50,2,05中正區,中正區公園路與信陽街口,0,0,1,2,C03,8,1,5,50,3,1,1,5,4,5,7,4,4,5,4,5,2,17,1,28,2,9,1,1,7,9,1,9,2,12,,44,,1,22,9,121.5170373,25.04462937
112,3,8,15,50,2,05中正區,中正區公園路與信陽街口,0,0,1,1,B03,8,1,5,50,3,1,1,5,4,5,7,4,4,5,4,5,2,17,1,71,3,10,1,1,7,7,1,8,2,4,,7,,1,22,9,121.5170373,25.04462937
112,3,8,15,55,2,04大安區,大安區建國南路1段與瑞安街244巷口,0,0,1,1,B03,8,1,5,50,4,1,1,5,4,5,7,4,4,1,5,5,2,15,1,73,3,10,1,1,7,9,1,8,1,2,,6,,1,22,9,121.5380006,25.0281753
112,3,8,15,55,2,04大安區,大安區建國南路1段與瑞安街244巷口,0,0,1,2,C03,8,1,5,50,4,1,1,5,4,5,7,4,4,1,5,5,2,15,1,24,2,9,1,1,7,9,1,10,1,11,,14,,1,22,9,121.5380006,25.0281753
112,3,8,16,9,2,06松山區,松山區興安街188號,0,0,2,2,C03,8,1,5,50,14,9,1,5,4,5,7,4,4,9,4,5,2,17,1,50,2,9,1,1,7,9,1,10,1,11,,26,,1,22,9,121.545221,25.05608654
112,3,8,16,9,2,06松山區,松山區興安街188號,0,0,2,1,C03,8,1,5,50,14,9,1,5,4,5,7,4,4,9,4,5,2,17,2,34,2,9,1,1,7,5,1,10,1,14,,8,,1,22,9,121.545221,25.05608654
112,3,8,16,18,2,07信義區,信義區信安街67巷與嘉興街181巷口,0,0,1,1,B03,8,1,5,50,4,1,1,5,4,5,7,2,1,8,3,5,2,15,1,35,3,10,1,1,7,15,1,8,1,7,,6,,1,22,9,121.5575428,25.026073
112,3,8,16,18,2,07信義區,信義區信安街67巷與嘉興街181巷口,0,0,1,2,C03,8,1,5,50,4,1,1,5,4,5,7,2,1,8,3,5,2,15,1,35,2,9,1,1,7,9,1,10,1,11,,44,,1,22,9,121.5575428,25.026073
112,3,8,16,20,2,11南港區,南港區昆陽街與昆陽街134巷口,0,0,3,1,C03,8,1,5,30,3,2,1,5,4,5,7,4,4,8,5,5,2,16,2,18,2,7,3,4,7,5,1,10,1,11,,6,,1,22,9,121.5945866,25.0501014
112,3,8,16,20,2,11南港區,南港區昆陽街與昆陽街134巷口,0,0,3,2,C03,8,1,5,30,3,2,1,5,4,5,7,4,4,8,5,5,2,16,1,38,2,9,3,4,7,9,1,10,1,12,,14,,1,22,9,121.5945866,25.0501014
112,3,8,16,20,2,11南港區,南港區昆陽街與昆陽街134巷口,0,0,3,3,H02,8,1,5,30,3,2,1,5,4,5,7,4,4,8,5,5,2,16,2,38,2,7,3,4,7,21,8,20,10,16,,67,,1,22,9,121.5945866,25.0501014
112,3,8,16,24,2,03中山區,中山區吉林路與新生北路2段127巷口,0,0,1,3,C03,8,1,5,50,3,1,1,5,4,5,7,4,4,9,4,4,2,13,1,20,3,10,1,1,7,12,1,10,1,13,,16,,1,22,9,121.5302399,25.05975509
112,3,8,16,24,2,03中山區,中山區吉林路與新生北路2段127巷口,0,0,1,1,C03,8,1,5,50,3,1,1,5,4,5,7,4,4,9,4,4,2,13,1,29,2,9,1,1,7,9,1,10,1,11,,16,,1,22,9,121.5302399,25.05975509
112,3,8,16,24,2,03中山區,中山區吉林路與新生北路2段127巷口,0,0,1,2,C03,8,1,5,50,3,1,1,5,4,5,7,4,4,9,4,4,2,13,2,39,3,10,1,1,7,9,1,10,1,13,,44,,1,22,9,121.5302399,25.05975509
112,3,8,16,32,2,08士林區,士林區重慶北路4段與葫東街口,0,0,1,1,B12,8,1,5,50,5,2,1,5,4,5,7,2,1,1,4,4,1,13,1,49,3,10,1,1,7,9,1,8,1,1,,42,,1,22,9,121.5117899,25.08386189
112,3,8,16,32,2,08士林區,士林區重慶北路4段與葫東街口,0,0,1,2,C03,8,1,5,50,5,2,1,5,4,5,7,2,1,1,4,4,1,13,2,60,2,9,1,1,7,14,1,10,1,13,,44,,1,22,9,121.5117899,25.08386189
112,3,8,16,50,2,07信義區,信義區信義路5段與松智路口,0,0,2,3,H02,8,1,5,50,4,2,1,5,4,5,7,2,1,1,4,5,2,17,2,22,2,7,4,5,7,21,8,20,10,16,,67,,1,22,9,121.565429,25.0328453
112,3,8,16,50,2,07信義區,信義區信義路5段與松智路口,0,0,2,1,C04,8,1,5,50,4,2,1,5,4,5,7,2,1,1,4,5,2,17,1,26,2,8,1,1,7,9,1,8,1,14,,25,,1,22,9,121.565429,25.0328453
112,3,8,16,50,2,07信義區,信義區信義路5段與松智路口,0,0,2,2,B03,8,1,5,50,4,2,1,5,4,5,7,2,1,1,4,5,2,17,2,37,3,10,1,1,7,9,1,8,1,1,,13,,1,22,9,121.565429,25.0328453
112,3,8,17,10,2,07信義區,信義區忠孝東路4段553巷北向南,0,0,1,1,B03,8,1,5,50,14,9,1,5,4,5,7,4,4,8,3,5,2,13,1,39,3,10,1,1,7,9,1,8,1,8,,43,,1,22,9,121.5627203,25.04134929
112,3,8,17,10,2,07信義區,信義區忠孝東路4段553巷北向南,0,0,1,2,C03,8,1,5,50,14,9,1,5,4,5,7,4,4,8,3,5,2,13,1,48,2,8,1,1,7,14,1,10,1,13,,43,,1,22,9,121.5627203,25.04134929
112,3,8,17,14,2,12內湖區,內湖區基湖路與基湖路3巷口,0,0,1,1,C03,8,1,5,50,4,1,1,5,4,5,7,1,1,5,4,5,1,17,1,47,2,9,1,1,7,5,6,10,1,15,,13,,1,22,9,121.5652295,25.08143038
112,3,8,17,14,2,12內湖區,內湖區基湖路與基湖路3巷口,0,0,1,2,C03,8,1,5,50,4,1,1,5,4,5,7,1,1,5,4,5,1,17,1,44,3,10,1,1,7,5,1,10,1,15,,8,,1,22,9,121.5652295,25.08143038
112,3,8,17,30,2,11南港區,南港區市民大道8段與研究院路1段口,0,0,1,2,C03,8,1,5,50,4,2,1,5,4,5,7,2,1,3,3,5,2,16,1,43,2,9,3,4,7,5,1,9,2,12,,44,,1,22,9,121.6164427,25.05442505
112,3,8,17,30,2,11南港區,南港區市民大道8段與研究院路1段口,0,0,1,1,B03,8,1,5,50,4,2,1,5,4,5,7,2,1,3,3,5,2,16,1,41,3,10,3,4,7,11,1,8,2,4,,10,,1,22,9,121.6164427,25.05442505
112,3,8,17,39,2,05中正區,中正區市民大道1段168號前迴轉道,0,0,2,1,C03,7,1,5,40,14,6,1,5,4,5,7,4,4,1,4,1,2,16,1,61,2,9,1,1,7,8,1,10,1,12,,7,,1,22,9,121.5189897,25.04824148
112,3,8,17,39,2,05中正區,中正區市民大道1段168號前迴轉道,0,0,2,2,C03,7,1,5,40,14,6,1,5,4,5,7,4,4,1,4,1,2,16,1,28,2,9,1,1,7,9,6,10,1,14,,13,,1,22,9,121.5189897,25.04824148
112,3,8,17,39,2,05中正區,中正區市民大道1段168號前迴轉道,0,0,2,4,C03,7,1,5,40,14,6,1,5,4,5,7,4,4,1,4,1,2,16,3,0,,,,,,,,,10,,,67,,1,,,121.5189897,25.04824148
112,3,8,17,39,2,05中正區,中正區市民大道1段168號前迴轉道,0,0,2,3,C03,7,1,5,40,14,6,1,5,4,5,7,4,4,1,4,1,2,16,3,0,,,,,,,,,11,,,67,,1,,,121.5189897,25.04824148
112,3,8,17,45,2,12內湖區,內湖區江南街71巷16弄40號,0,0,1,2,C03,8,1,5,50,14,9,4,5,4,5,7,4,4,8,5,5,1,11,1,23,2,9,1,1,7,9,1,10,1,11,,44,,1,22,9,121.5771969,25.07607392
112,3,8,17,45,2,12內湖區,內湖區江南街71巷16弄40號,0,0,1,1,C03,8,1,5,50,14,9,4,5,4,5,7,4,4,8,5,5,1,11,1,33,3,10,1,1,7,5,1,10,1,12,,8,,1,22,9,121.5771969,25.07607392
112,3,8,18,0,2,07信義區,信義區永吉路468巷與永吉路468巷17弄口,0,0,2,1,C03,8,1,5,30,4,1,1,5,4,5,7,4,4,10,5,5,2,15,1,25,2,9,1,1,7,9,1,10,1,11,,6,,1,22,9,121.5788708,25.0447746
112,3,8,18,0,2,07信義區,信義區永吉路468巷與永吉路468巷17弄口,0,0,2,3,B03,8,1,5,30,4,1,1,5,4,5,7,4,4,10,5,5,2,15,1,42,3,10,1,1,7,13,1,8,1,3,,38,,1,22,9,121.5788708,25.0447746
112,3,8,18,0,2,07信義區,信義區永吉路468巷與永吉路468巷17弄口,0,0,2,2,C03,8,1,5,30,4,1,1,5,4,5,7,4,4,10,5,5,2,15,1,49,2,9,1,1,7,9,1,10,1,14,,23,,1,22,9,121.5788708,25.0447746
112,3,8,18,4,2,11南港區,南港區成功橋北往南,0,0,1,1,B03,7,1,5,50,14,9,1,5,4,5,7,4,4,9,4,5,2,12,1,36,3,10,1,1,7,8,1,8,1,2,,7,,1,22,9,121.5924,25.05839821
112,3,8,18,4,2,11南港區,南港區成功橋北往南,0,0,1,2,C03,7,1,5,50,14,9,1,5,4,5,7,4,4,9,4,5,2,12,1,59,2,9,1,1,7,9,1,10,1,11,,44,,1,22,9,121.5924,25.05839821
112,3,8,18,10,2,04大安區,大安區忠孝東路4段102號,0,0,1,1,B03,8,1,5,50,14,9,1,5,4,5,7,4,4,1,4,5,2,16,1,41,3,10,3,4,7,7,1,8,1,4,,7,,1,22,9,121.5466491,25.0415697
112,3,8,18,10,2,04大安區,大安區忠孝東路4段102號,0,0,1,2,C03,8,1,5,50,14,9,1,5,4,5,7,4,4,1,4,5,2,16,1,22,2,7,3,4,7,9,1,10,1,11,,26,,1,22,9,121.5466491,25.0415697
112,3,8,18,20,2,03中山區,中山區龍江路238號55停車格,0,0,1,1,B03,8,3,5,50,14,9,1,5,4,5,7,4,4,5,5,5,2,17,1,31,3,10,1,1,7,13,1,8,1,8,,40,,1,22,9,121.5406756,25.058577
112,3,8,18,20,2,03中山區,中山區龍江路238號55停車格,0,0,1,2,C03,8,3,5,50,14,9,1,5,4,5,7,4,4,5,5,5,2,17,1,42,2,7,1,1,7,9,1,10,1,12,,44,,1,22,9,121.5406756,25.058577
112,3,8,18,24,2,03中山區,中山區新生北路2段與民生東路1段口,0,0,1,1,B03,8,3,5,50,4,1,1,5,4,5,7,1,1,1,4,5,2,12,1,71,4,11,3,4,7,15,7,19,11,15,,44,,2,22,9,121.5277608,25.05802168
112,3,8,18,24,2,03中山區,中山區新生北路2段與民生東路1段口,0,0,1,2,C03,8,3,5,50,4,1,1,5,4,5,7,1,1,1,4,5,2,12,2,28,2,8,1,1,7,7,1,10,11,14,,7,,1,22,9,121.5277608,25.05802168
112,3,8,18,29,2,12內湖區,內湖區行善路91號對面,0,0,1,1,B03,7,3,5,50,14,9,1,5,4,5,7,4,4,9,4,5,2,16,2,45,3,10,3,4,7,15,1,8,1,4,,40,,1,22,9,121.5792252,25.05848312
112,3,8,18,29,2,12內湖區,內湖區行善路91號對面,0,0,1,3,H02,7,3,5,50,14,9,1,5,4,5,7,4,4,9,4,5,2,16,2,18,2,8,1,5,7,21,8,20,10,15,,67,,1,22,9,121.5792252,25.05848312
112,3,8,18,29,2,12內湖區,內湖區行善路91號對面,0,0,1,2,C03,7,3,5,50,14,9,1,5,4,5,7,4,4,9,4,5,2,16,1,19,3,10,1,1,7,9,1,10,1,12,,44,,1,22,9,121.5792252,25.05848312
112,3,8,18,50,2,12內湖區,內湖區民權東路6段與民權東路6段123巷口,0,0,1,1,B03,8,1,5,30,4,1,1,5,4,5,7,1,1,1,5,5,2,17,1,50,3,10,1,1,7,9,1,8,1,1,,23,,1,22,9,121.592803,25.0688444
112,3,8,18,50,2,12內湖區,內湖區民權東路6段與民權東路6段123巷口,0,0,1,2,C03,8,1,5,30,4,1,1,5,4,5,7,1,1,1,5,5,2,17,1,24,2,9,1,1,7,9,1,10,1,14,,44,,1,22,9,121.592803,25.0688444
112,3,8,18,55,2,07信義區,信義區信義路5段17號,0,0,1,1,C03,7,3,7,50,14,9,1,5,4,5,7,4,4,1,5,5,2,17,1,39,2,9,1,1,7,9,1,10,1,11,,23,,1,22,9,121.5678717,25.0331431
112,3,8,18,55,2,07信義區,信義區信義路5段17號,0,0,1,2,B03,7,3,7,50,14,9,1,5,4,5,7,4,4,1,5,5,2,17,1,45,3,10,1,1,7,6,1,8,1,3,,44,,1,22,9,121.5678717,25.0331431
112,3,8,19,36,2,03中山區,中山區龍江路21巷與遼寧街口,0,0,1,1,C03,8,1,5,50,4,2,1,5,4,5,7,4,4,8,4,5,1,16,1,39,3,10,1,4,7,11,1,10,1,12,,10,,1,22,9,121.5421232,25.04775526
112,3,8,19,36,2,03中山區,中山區龍江路21巷與遼寧街口,0,0,1,2,C03,8,1,5,50,4,2,1,5,4,5,7,4,4,8,4,5,1,16,1,25,2,8,1,4,7,9,1,10,1,11,,44,,1,22,9,121.5421232,25.04775526
112,3,8,20,10,2,04大安區,大安區忠孝東路4段223巷與市民大道4段口,0,0,2,1,C03,8,1,5,40,4,2,1,5,4,5,7,1,1,1,5,5,1,15,1,29,2,9,1,1,7,9,1,10,1,12,,14,,1,22,9,121.5532266,25.0441493
112,3,8,20,10,2,04大安區,大安區忠孝東路4段223巷與市民大道4段口,0,0,2,2,F01,8,1,5,40,4,2,1,5,4,5,7,1,1,1,5,5,1,15,1,48,2,9,2,1,7,11,8,20,1,16,,25,,1,22,9,121.5532266,25.0441493
112,3,8,20,32,2,01大同區,大同區鄭州路往西(中興醫院前迴轉道),0,0,1,1,C03,7,3,5,40,14,9,1,5,4,5,7,4,4,1,4,5,1,17,2,20,2,7,1,4,7,5,1,10,2,15,,8,,1,22,9,121.5088152,25.05051089
112,3,8,20,32,2,01大同區,大同區鄭州路往西(中興醫院前迴轉道),0,0,1,2,C03,7,3,5,40,14,9,1,5,4,5,7,4,4,1,4,5,1,17,2,27,3,10,1,4,7,9,1,10,2,12,,44,,1,22,9,121.5088152,25.05051089
112,3,8,20,36,2,12內湖區,內湖區成功路2段312巷15號,0,0,2,2,C03,7,3,5,30,11,9,1,5,4,5,7,4,4,10,5,5,2,16,2,38,2,8,1,1,7,9,1,10,1,14,,44,,1,22,9,121.5896876,25.06718856
112,3,8,20,36,2,12內湖區,內湖區成功路2段312巷15號,0,0,2,1,C03,7,3,5,30,11,9,1,5,4,5,7,4,4,10,5,5,2,16,2,57,2,9,1,1,7,9,1,10,1,14,,5,,1,22,9,121.5896876,25.06718856
112,3,8,20,40,2,01大同區,大同區重慶北路1段與鄭州路口,0,0,1,4,C03,8,3,5,0,14,9,1,5,4,5,7,1,1,9,4,5,2,17,1,40,2,9,1,4,7,9,1,10,9,12,,44,,1,22,9,121.5134761,25.0512383
112,3,8,20,40,2,01大同區,大同區重慶北路1段與鄭州路口,0,0,1,1,C03,8,3,5,0,14,9,1,5,4,5,7,1,1,9,4,5,2,17,1,51,4,11,3,4,7,8,7,19,11,15,,7,,2,22,9,121.5134761,25.0512383
112,3,8,20,40,2,01大同區,大同區重慶北路1段與鄭州路口,0,0,1,2,B03,8,3,5,0,14,9,1,5,4,5,7,1,1,9,4,5,2,17,2,60,4,11,3,4,7,8,7,19,11,15,,7,,2,22,9,121.5134761,25.0512383
112,3,8,20,40,2,01大同區,大同區重慶北路1段與鄭州路口,0,0,1,3,B03,8,3,5,0,14,9,1,5,4,5,7,1,1,9,4,5,2,17,1,24,4,11,3,4,7,15,7,19,11,15,,43,,2,22,9,121.5134761,25.0512383
112,3,8,21,43,2,12內湖區,內湖區環山路1段與文湖街口,0,0,1,1,B03,8,1,5,50,3,1,1,5,4,5,7,2,1,9,4,5,2,16,1,60,3,10,3,4,7,11,1,8,1,2,,10,,1,22,9,121.5655811,25.08639357
112,3,8,21,43,2,12內湖區,內湖區環山路1段與文湖街口,0,0,1,2,C02,8,1,5,50,3,1,1,5,4,5,7,2,1,9,4,5,2,16,1,21,2,9,1,1,7,9,1,9,1,12,,44,,1,22,9,121.5655811,25.08639357
112,3,8,21,47,2,08士林區,士林區大東路與福德路口,0,0,1,2,H01,8,4,5,50,4,1,1,5,4,5,7,2,1,9,5,5,1,3,2,72,2,9,4,5,8,16,8,20,10,16,,52,,1,22,9,121.525365,25.09216778
112,3,8,21,47,2,08士林區,士林區大東路與福德路口,0,0,1,1,B03,8,4,5,50,4,1,1,5,4,5,7,2,1,9,5,5,1,3,1,32,3,10,1,1,7,1,1,8,2,1,,19,,1,22,9,121.525365,25.09216778
112,3,8,22,2,2,05中正區,中正區青島東路與林森南路口,0,0,2,2,C03,8,3,5,50,4,1,1,5,4,5,7,1,1,10,4,4,2,16,2,18,2,8,1,1,7,9,1,10,2,11,,44,,1,22,9,121.5230182,25.0436223
112,3,8,22,2,2,05中正區,中正區青島東路與林森南路口,0,0,2,1,C03,8,3,5,50,4,1,1,5,4,5,7,1,1,10,4,4,2,16,2,32,2,8,1,1,7,5,1,10,2,12,,8,,1,22,9,121.5230182,25.0436223
112,3,8,22,7,2,02萬華區,萬華區中華路1段與開封街2段口,0,0,1,1,C03,7,3,5,50,4,1,1,5,4,5,7,2,1,1,3,1,1,16,2,25,2,9,3,4,7,5,1,10,1,14,,8,,1,22,9,121.5092491,25.04602525
112,3,8,22,7,2,02萬華區,萬華區中華路1段與開封街2段口,0,0,1,2,B01,7,3,5,50,4,1,1,5,4,5,7,2,1,1,3,1,1,16,1,32,3,10,3,4,7,9,1,4,1,5,,44,,1,22,9,121.5092491,25.04602525
112,3,8,22,25,2,05中正區,中正區和平西路1段與廈門街口,0,0,2,1,C03,8,3,5,50,4,1,1,5,4,5,7,1,1,1,4,5,2,12,2,54,2,9,1,1,7,5,1,10,1,14,,8,,1,22,9,121.5179653,25.0267635
112,3,8,22,25,2,05中正區,中正區和平西路1段與廈門街口,0,0,2,2,C04,8,3,5,50,4,1,1,5,4,5,7,1,1,1,4,5,2,12,2,18,2,9,1,1,7,9,1,10,1,12,,44,,1,22,9,121.5179653,25.0267635