發生年度,發生月,發生日,發生時-Hours,發生分,處理別-編號,區序,肇事地點,死亡人數,2-30日死亡人數,受傷人數,當事人序號,車種,天候,光線,道路類別,速限-速度限制,道路型態,事故位置,路面狀況1,路面狀況2,路面狀況3,道路障礙1,道路障礙2,號誌1,號誌2,車道劃分-分向,車道劃分-分道1,車道劃分-分道2,車道劃分-分道3,事故類型及型態,性別,年齡,受傷程度,主要傷處,保護裝置,行動電話,車輛用途,當事者行動狀態,駕駛資格情形,駕駛執照種類,飲酒情形,車輛撞擊部位1,車輛撞擊部位2,肇因碼-個別,肇因碼-主要,個人肇逃否,職業,旅次目的,座標-X,座標-Y
112,3,8,22,30,2,03中山區,中山區長春路與新生北路2段口,0,0,1,1,B01,8,1,5,50,4,1,1,5,4,5,7,1,1,5,5,4,2,12,1,69,3,10,1,1,7,9,1,4,1,4,,44,,1,22,9,121.5272656,25.0549094
112,3,8,22,30,2,03中山區,中山區長春路與新生北路2段口,0,0,1,2,C03,8,1,5,50,4,1,1,5,4,5,7,1,1,5,5,4,2,12,2,45,2,9,1,1,7,11,1,10,1,12,,4,,1,22,9,121.5272656,25.0549094
112,3,8,23,18,2,04大安區,大安區金山南路2段13巷與信義路2段148巷口,0,0,1,2,B03,8,3,5,30,4,1,1,5,4,5,7,4,4,1,5,5,2,15,1,32,3,10,1,1,7,9,1,8,1,8,,14,,1,22,9,121.5286239,25.0332851
112,3,8,23,18,2,04大安區,大安區金山南路2段13巷與信義路2段148巷口,0,0,1,1,C04,8,3,5,30,4,1,1,5,4,5,7,4,4,1,5,5,2,15,1,20,2,9,1,1,7,9,1,10,1,11,,6,,1,22,9,121.5286239,25.0332851
112,3,8,23,21,2,08士林區,士林區中正路115號,0,0,1,1,C03,8,3,5,50,14,9,1,5,4,5,7,4,4,3,4,5,2,18,2,19,2,9,1,1,7,9,1,10,1,12,,13,,1,22,9,121.5291144,25.09595234
112,3,8,23,21,2,08士林區,士林區中正路115號,0,0,1,2,,8,3,5,50,14,9,1,5,4,5,7,4,4,3,4,5,2,18,3,0,,,,,,,,,,,,67,,1,,,121.5291144,25.09595234
112,3,8,23,27,2,02萬華區,萬華區西寧南路與成都路口,0,0,1,2,C04,8,3,5,50,4,1,1,5,4,5,7,2,1,10,4,5,2,12,2,51,2,9,1,1,7,9,1,11,1,12,,44,,1,22,9,121.5060179,25.0427125
112,3,8,23,27,2,02萬華區,萬華區西寧南路與成都路口,0,0,1,1,B02,8,3,5,50,4,1,1,5,4,5,7,2,1,10,4,5,2,12,2,19,3,10,1,1,7,5,1,8,1,4,,8,,1,22,9,121.5060179,25.0427125
112,3,9,1,36,2,08士林區,士林區延平北路7段106巷南向北,0,0,1,1,B03,8,3,5,40,14,9,1,5,4,5,7,4,4,10,5,5,1,11,4,0,4,11,3,4,7,15,7,19,11,15,,43,,2,22,9,121.4962454,25.10044102
112,3,9,1,36,2,08士林區,士林區延平北路7段106巷南向北,0,0,1,2,C03,8,3,5,40,14,9,1,5,4,5,7,4,4,10,5,5,1,11,2,21,2,8,1,1,7,9,3,18,1,14,,17,,1,22,9,121.4962454,25.10044102
112,3,9,5,45,2,04大安區,大安區忠孝東路4段205巷與敦化南路1段161巷口,0,0,1,1,B03,8,3,5,30,4,2,1,5,4,5,7,4,4,10,5,5,2,17,1,41,3,10,3,4,7,5,1,8,2,8,,23,,1,22,9,121.5519633,25.04346
112,3,9,5,45,2,04大安區,大安區忠孝東路4段205巷與敦化南路1段161巷口,0,0,1,2,F01,8,3,5,30,4,2,1,5,4,5,7,4,4,10,5,5,2,17,2,52,2,9,2,3,7,9,8,20,2,16,,4,,1,22,9,121.5519633,25.04346
112,3,9,5,57,2,07信義區,信義區基隆路2段64號,0,0,1,2,C03,8,2,5,50,14,9,5,5,4,1,6,4,4,10,5,5,1,13,1,29,2,5,1,1,7,14,1,10,2,13,,44,,1,22,9,121.5584136,25.0311443
112,3,9,5,57,2,07信義區,信義區基隆路2段64號,0,0,1,1,B03,8,2,5,50,14,9,5,5,4,1,6,4,4,10,5,5,1,13,1,71,3,10,1,1,7,9,1,8,2,1,,23,,1,22,9,121.5584136,25.0311443
112,3,9,5,58,2,03中山區,中山區建國北路3段與民權東路3段北口迴轉道,0,0,1,2,H01,7,2,5,50,3,2,1,5,4,5,7,2,1,1,4,5,2,2,2,79,2,8,4,5,8,16,8,20,10,16,,67,,1,22,9,121.5372625,25.0637553
112,3,9,5,58,2,03中山區,中山區建國北路3段與民權東路3段北口迴轉道,0,0,1,1,B03,7,2,5,50,3,2,1,5,4,5,7,2,1,1,4,5,2,2,1,64,3,10,1,1,7,5,1,8,2,1,,15,,1,22,9,121.5372625,25.0637553
112,3,9,7,0,2,08士林區,士林區中山北路5段與福國路口,0,0,1,2,B01,8,1,5,50,3,1,1,5,4,5,7,1,1,1,4,5,2,11,2,56,3,10,3,4,7,9,1,4,1,2,,42,,1,22,9,121.525572,25.10256813
112,3,9,7,0,2,08士林區,士林區中山北路5段與福國路口,0,0,1,1,C03,8,1,5,50,3,1,1,5,4,5,7,1,1,1,4,5,2,11,1,41,2,9,1,1,7,5,4,11,1,11,,25,,1,22,9,121.525572,25.10256813
112,3,9,7,4,2,01大同區,大同區民權西路266號前迴轉道口,0,0,2,2,C03,7,1,5,50,14,9,1,5,4,5,7,2,1,1,4,5,2,12,1,24,2,9,1,1,7,9,1,10,1,11,,44,,1,22,9,121.5121562,25.06281526
112,3,9,7,4,2,01大同區,大同區民權西路266號前迴轉道口,0,0,2,1,C03,7,1,5,50,14,9,1,5,4,5,7,2,1,1,4,5,2,12,2,25,2,9,1,1,7,5,1,10,1,14,,8,,1,22,9,121.5121562,25.06281526
112,3,9,7,38,2,11南港區,南港區南港路1段263號對面第26號停車格,0,0,1,3,A02,8,1,5,50,14,9,1,5,4,5,7,4,4,8,3,5,2,16,1,56,3,10,3,4,7,10,1,10,1,15,,7,,1,22,9,121.6088253,25.0550047
112,3,9,7,38,2,11南港區,南港區南港路1段263號對面第26號停車格,0,0,1,4,C03,8,1,5,50,14,9,1,5,4,5,7,4,4,8,3,5,2,16,1,35,3,10,3,4,7,9,1,10,1,15,,44,,1,22,9,121.6088253,25.0550047
112,3,9,7,38,2,11南港區,南港區南港路1段263號對面第26號停車格,0,0,1,2,B03,8,1,5,50,14,9,1,5,4,5,7,4,4,8,3,5,2,16,1,71,3,10,3,4,7,13,1,8,1,3,,44,,1,22,9,121.6088253,25.0550047
112,3,9,7,38,2,11南港區,南港區南港路1段263號對面第26號停車格,0,0,1,1,C03,8,1,5,50,14,9,1,5,4,5,7,4,4,8,3,5,2,16,2,27,2,9,3,4,7,9,1,10,1,12,,23,,1,22,9,121.6088253,25.0550047
112,3,9,8,27,2,01大同區,大同區承德橋往南下橋處(機慢車道)(燈桿006),0,0,1,1,C03,7,1,5,40,8,8,1,5,4,5,7,4,4,1,4,4,2,13,2,64,4,11,3,4,7,15,7,19,11,15,,43,,2,22,9,121.5200881,25.07533342
112,3,9,8,27,2,01大同區,大同區承德橋往南下橋處(機慢車道)(燈桿006),0,0,1,2,C03,7,1,5,40,8,8,1,5,4,5,7,4,4,1,4,4,2,13,1,34,2,7,1,1,7,14,1,10,1,13,,44,,1,22,9,121.5200881,25.07533342
112,3,9,8,31,2,01大同區,大同區承德橋機慢車專用道北往南(橋面編號189號),0,0,3,4,C03,8,2,7,40,14,11,1,5,4,5,7,4,4,1,4,4,2,13,1,37,3,10,1,1,7,9,1,10,1,13,,13,,1,22,9,121.5205389,25.0766983
112,3,9,8,31,2,01大同區,大同區承德橋機慢車專用道北往南(橋面編號189號),0,0,3,1,C03,8,2,7,40,14,11,1,5,4,5,7,4,4,1,4,4,2,13,2,35,2,9,1,1,7,9,1,10,1,11,,16,,1,22,9,121.5205389,25.0766983
112,3,9,8,31,2,01大同區,大同區承德橋機慢車專用道北往南(橋面編號189號),0,0,3,3,C03,8,2,7,40,14,11,1,5,4,5,7,4,4,1,4,4,2,13,1,31,2,9,1,1,7,9,1,10,1,11,,16,,1,22,9,121.5205389,25.0766983
112,3,9,8,31,2,01大同區,大同區承德橋機慢車專用道北往南(橋面編號189號),0,0,3,2,C03,8,2,7,40,14,11,1,5,4,5,7,4,4,1,4,4,2,13,1,27,2,8,1,1,7,9,1,10,1,11,,16,,1,22,9,121.5205389,25.0766983
112,3,9,8,37,2,04大安區,大安區建國南路2段269號,0,0,1,1,B03,7,1,5,40,14,8,1,5,4,5,7,4,4,1,4,4,2,16,1,36,3,10,3,4,7,6,1,8,9,6,,6,,1,22,9,121.5379253,25.0233837
112,3,9,8,37,2,04大安區,大安區建國南路2段269號,0,0,1,2,C03,7,1,5,40,14,8,1,5,4,5,7,4,4,1,4,4,2,16,1,37,2,9,3,4,7,9,1,10,9,11,,23,,1,22,9,121.5379253,25.0233837
112,3,9,8,48,2,06松山區,松山區民生東路5段27巷與民生東路5段69巷1弄口,0,0,1,1,C03,8,1,5,50,3,2,1,5,4,5,7,4,4,9,5,5,2,16,2,45,2,8,1,1,7,9,1,10,1,12,,4,,1,22,9,121.5565965,25.0588511
112,3,9,8,48,2,06松山區,松山區民生東路5段27巷與民生東路5段69巷1弄口,0,0,1,2,B03,8,1,5,50,3,2,1,5,4,5,7,4,4,9,5,5,2,16,1,36,3,10,1,1,7,5,1,8,1,8,,44,,1,22,9,121.5565965,25.0588511
112,3,9,8,56,2,03中山區,中山區中山北路2段與民生東路1段口,0,0,3,4,H02,8,1,5,50,4,2,1,5,4,5,7,1,1,1,4,5,2,17,2,30,2,9,1,5,7,17,8,20,10,16,,67,,1,22,9,121.5229742,25.0578917
112,3,9,8,56,2,03中山區,中山區中山北路2段與民生東路1段口,0,0,3,3,C03,8,1,5,50,4,2,1,5,4,5,7,1,1,1,4,5,2,17,2,57,2,9,1,1,7,9,1,10,1,11,,44,,1,22,9,121.5229742,25.0578917
112,3,9,8,56,2,03中山區,中山區中山北路2段與民生東路1段口,0,0,3,2,C03,8,1,5,50,4,2,1,5,4,5,7,1,1,1,4,5,2,17,2,51,2,9,1,1,7,9,1,10,1,12,,44,,1,22,9,121.5229742,25.0578917
112,3,9,8,56,2,03中山區,中山區中山北路2段與民生東路1段口,0,0,3,1,C03,8,1,5,50,4,2,1,5,4,5,7,1,1,1,4,5,2,17,1,26,3,10,1,1,7,9,1,10,1,11,,23,,1,22,9,121.5229742,25.0578917
112,3,9,9,6,2,04大安區,大安區忠孝東路4段280號,0,0,1,3,B02,8,1,5,50,14,9,1,5,4,5,7,4,4,1,3,5,1,17,1,49,3,10,3,4,7,14,1,2,1,8,,44,,1,22,9,121.5554069,25.0412792
112,3,9,9,6,2,04大安區,大安區忠孝東路4段280號,0,0,1,1,C03,8,1,5,50,14,9,1,5,4,5,7,4,4,1,3,5,1,17,2,36,3,10,1,4,7,8,1,10,1,15,,7,,1,22,9,121.5554069,25.0412792
112,3,9,9,6,2,04大安區,大安區忠孝東路4段280號,0,0,1,2,F02,8,1,5,50,14,9,1,5,4,5,7,4,4,1,3,5,1,17,2,48,2,9,3,4,7,9,8,20,1,16,,42,,1,22,9,121.5554069,25.0412792
112,3,9,9,20,2,06松山區,松山區光復南路6巷57號,0,0,1,1,C03,8,1,5,30,14,9,1,5,4,5,7,4,4,10,4,5,2,17,1,28,3,10,1,1,7,9,1,10,2,11,,6,,1,22,9,121.5563242,25.04745453
112,3,9,9,20,2,06松山區,松山區光復南路6巷57號,0,0,1,2,C02,8,1,5,30,14,9,1,5,4,5,7,4,4,10,4,5,2,17,1,45,2,9,1,1,7,9,1,9,2,13,,42,,1,22,9,121.5563242,25.04745453
112,3,9,9,36,2,06松山區,松山區南京東路5段162號,0,0,1,2,C03,8,1,5,50,14,7,1,5,4,5,7,4,4,9,4,4,2,17,1,23,2,9,1,1,7,9,1,10,1,14,,13,,1,22,9,121.563096,25.05137379
112,3,9,9,36,2,06松山區,松山區南京東路5段162號,0,0,1,1,B01,8,1,5,50,14,7,1,5,4,5,7,4,4,9,4,4,2,17,1,60,3,10,1,1,7,8,1,1,1,2,,7,,1,22,9,121.563096,25.05137379
112,3,9,9,37,2,01大同區,大同區台北橋機慢車道(近燈桿282594),0,0,1,1,C03,8,1,5,40,14,8,1,5,4,5,7,4,4,1,5,5,2,13,2,39,2,9,3,4,7,9,1,10,1,11,,16,,1,22,9,121.506469,25.06348587
112,3,9,9,37,2,01大同區,大同區台北橋機慢車道(近燈桿282594),0,0,1,2,C03,8,1,5,40,14,8,1,5,4,5,7,4,4,1,5,5,2,13,1,34,3,10,3,4,7,9,1,10,1,13,,44,,1,22,9,121.506469,25.06348587
112,3,9,9,39,2,06松山區,松山區民權東路5段與三民路口,0,0,2,1,C03,8,1,5,50,4,3,1,5,4,5,7,1,1,1,3,5,2,16,1,21,2,8,1,1,7,8,1,10,1,12,,7,,1,22,9,121.562994,25.06289507
112,3,9,9,39,2,06松山區,松山區民權東路5段與三民路口,0,0,2,2,C03,8,1,5,50,4,3,1,5,4,5,7,1,1,1,3,5,2,16,2,43,2,9,1,1,7,1,1,10,1,11,,44,,1,22,9,121.562994,25.06289507
112,3,9,9,40,2,03中山區,中山區吉林路與德惠街口,0,0,1,1,B03,8,1,5,50,4,1,1,5,4,5,7,1,1,5,4,5,1,17,1,39,3,10,1,1,7,5,1,8,1,1,,6,,1,22,9,121.5304146,25.0665906
112,3,9,9,40,2,03中山區,中山區吉林路與德惠街口,0,0,1,2,C03,8,1,5,50,4,1,1,5,4,5,7,1,1,5,4,5,1,17,1,61,2,9,1,1,7,9,1,10,1,11,,44,,1,22,9,121.5304146,25.0665906
112,3,9,9,44,2,10文山區,文山區道南河濱公園自行車道(第12005圓柱旁),0,0,2,2,H01,8,1,8,0,15,22,1,5,4,5,7,4,4,10,5,5,2,2,2,65,2,9,4,1,8,17,8,20,10,16,,67,,1,22,9,121.575058,24.99788644
112,3,9,9,44,2,10文山區,文山區道南河濱公園自行車道(第12005圓柱旁),0,0,2,1,F01,8,1,8,0,15,22,1,5,4,5,7,4,4,10,5,5,2,2,1,32,2,9,1,1,7,9,8,20,1,16,,26,,1,22,9,121.575058,24.99788644
112,3,9,9,47,2,04大安區,大安區敦化南路1段319號,0,0,1,2,C03,8,1,5,50,14,9,1,5,4,5,7,4,4,1,3,5,1,12,2,28,2,9,1,1,7,9,1,10,1,12,,44,,1,22,9,121.5490658,25.0337102
112,3,9,9,47,2,04大安區,大安區敦化南路1段319號,0,0,1,1,B03,8,1,5,50,14,9,1,5,4,5,7,4,4,1,3,5,1,12,1,45,3,10,1,1,7,13,1,8,1,4,,40,,1,22,9,121.5490658,25.0337102
112,3,9,10,0,2,12內湖區,內湖區陽光街68巷與陽光街68巷152弄口,0,0,1,1,C03,8,1,5,30,3,1,1,5,4,5,7,4,4,10,5,5,2,16,1,74,3,10,1,1,7,5,4,8,1,11,,6,,1,22,9,121.5829534,25.07566766
112,3,9,10,0,2,12內湖區,內湖區陽光街68巷與陽光街68巷152弄口,0,0,1,2,C03,8,1,5,30,3,1,1,5,4,5,7,4,4,10,5,5,2,16,2,27,2,8,1,1,7,9,1,10,1,12,,44,,1,22,9,121.5829534,25.07566766
112,3,9,10,2,2,03中山區,中山區北安路與大直街口,0,0,1,1,B03,8,1,5,50,4,1,1,5,4,5,7,1,1,1,4,5,2,2,2,33,3,10,3,4,7,5,1,8,1,5,,15,,1,22,9,121.5493727,25.0841861
112,3,9,10,2,2,03中山區,中山區北安路與大直街口,0,0,1,2,H01,8,1,5,50,4,1,1,5,4,5,7,1,1,1,4,5,2,2,2,35,2,6,4,5,8,16,8,20,10,16,,67,,1,19,7,121.5493727,25.0841861
112,3,9,10,15,2,08士林區,士林區士東路與士東路286巷口,0,0,1,1,B03,8,1,5,50,4,1,1,5,4,5,7,2,1,1,4,5,2,12,1,41,3,10,3,1,7,13,1,8,2,4,,40,,1,22,9,121.5372021,25.1135066
112,3,9,10,15,2,08士林區,士林區士東路與士東路286巷口,0,0,1,2,F01,8,1,5,50,4,1,1,5,4,5,7,2,1,1,4,5,2,12,1,21,2,9,1,1,7,9,8,20,2,16,,44,,1,22,9,121.5372021,25.1135066
112,3,9,10,31,2,02萬華區,萬華區西園路2段與西藏路口,0,0,1,1,B12,7,1,5,50,4,2,1,5,4,5,7,1,1,1,4,4,1,12,1,26,3,10,1,1,7,9,1,8,1,2,,17,,1,22,9,121.4958441,25.02869861
112,3,9,10,31,2,02萬華區,萬華區西園路2段與西藏路口,0,0,1,2,C03,7,1,5,50,4,2,1,5,4,5,7,1,1,1,4,4,1,12,1,73,2,9,1,1,7,9,4,8,1,14,,17,,1,22,9,121.4958441,25.02869861
112,3,9,10,35,2,12內湖區,內湖區瑞光路210號,0,0,1,2,C03,8,1,5,50,14,9,1,5,4,5,7,4,4,5,4,5,1,12,2,56,2,9,1,1,7,9,1,10,1,14,,44,,1,22,9,121.5765843,25.07532907
112,3,9,10,35,2,12內湖區,內湖區瑞光路210號,0,0,1,1,B03,8,1,5,50,14,9,1,5,4,5,7,4,4,5,4,5,1,12,2,41,3,10,1,1,7,9,1,8,1,5,,23,,1,22,9,121.5765843,25.07532907
112,3,9,10,53,2,02萬華區,萬華區西藏路與寶興街口,0,0,1,1,B03,8,1,5,50,5,1,1,5,4,5,7,1,1,10,5,5,2,12,1,56,3,10,1,1,7,9,1,8,2,2,,44,,1,22,9,121.4920334,25.0285586
112,3,9,10,53,2,02萬華區,萬華區西藏路與寶興街口,0,0,1,2,C03,8,1,5,50,5,1,1,5,4,5,7,1,1,10,5,5,2,12,2,45,2,9,1,1,7,9,1,10,2,14,,44,,1,22,9,121.4920334,25.0285586
112,3,9,12,0,2,05中正區,中正區連雲街與連雲街口側附近47巷口,0,0,1,1,B03,8,1,5,30,4,1,1,5,4,5,7,4,4,10,5,5,2,15,1,28,3,10,1,1,7,9,1,8,2,5,,6,,1,22,9,121.5308231,25.0352235
112,3,9,12,0,2,05中正區,中正區連雲街與連雲街口側附近47巷口,0,0,1,2,F01,8,1,5,30,4,1,1,5,4,5,7,4,4,10,5,5,2,15,2,47,2,9,1,1,7,9,8,20,2,16,,4,,1,22,9,121.5308231,25.0352235
112,3,9,12,10,2,08士林區,士林區大南路與承德路4段292巷口,0,0,1,1,C03,8,1,5,50,4,2,1,5,4,5,7,2,1,9,5,5,1,17,1,24,3,10,1,1,7,11,1,10,1,14,,10,,1,22,9,121.5190395,25.08877055
112,3,9,12,10,2,08士林區,士林區大南路與承德路4段292巷口,0,0,1,2,C03,8,1,5,50,4,2,1,5,4,5,7,2,1,9,5,5,1,17,2,30,2,9,1,1,7,9,1,10,1,11,,44,,1,22,9,121.5190395,25.08877055
112,3,9,12,13,2,02萬華區,萬華區貴陽街2段19號,0,0,1,2,B03,8,1,5,50,14,9,1,5,4,5,7,4,4,10,4,5,2,17,1,54,3,10,1,4,7,9,1,8,1,5,,44,,1,22,9,121.5057986,25.03946121
112,3,9,12,13,2,02萬華區,萬華區貴陽街2段19號,0,0,1,1,C03,8,1,5,50,14,9,1,5,4,5,7,4,4,10,4,5,2,17,2,41,2,9,1,4,7,7,1,10,1,13,,7,,1,22,9,121.5057986,25.03946121
112,3,9,12,13,2,12內湖區,內湖區民權東路6段與瑞光路口,0,0,1,1,C03,8,1,5,50,4,1,1,5,4,5,7,2,1,9,4,5,2,16,2,40,2,9,1,1,7,5,1,10,1,14,,8,,1,22,9,121.5843593,25.068744
112,3,9,12,13,2,12內湖區,內湖區民權東路6段與瑞光路口,0,0,1,2,B03,8,1,5,50,4,1,1,5,4,5,7,2,1,9,4,5,2,16,1,26,3,10,1,1,7,5,1,8,1,5,,26,,1,22,9,121.5843593,25.068744
112,3,9,12,20,2,04大安區,大安區師大路與和平東路1段口,0,0,1,1,B01,8,1,5,50,3,2,1,5,4,5,7,2,1,8,3,4,1,17,1,62,3,10,1,1,7,8,1,4,1,15,,7,,1,10,4,121.5287237,25.026478
112,3,9,12,20,2,04大安區,大安區師大路與和平東路1段口,0,0,1,2,C03,8,1,5,50,3,2,1,5,4,5,7,2,1,8,3,4,1,17,1,51,2,9,1,1,7,9,1,10,1,14,,42,,1,8,1,121.5287237,25.026478
112,3,9,12,47,2,06松山區,松山區基隆路1段與市民大道6段口,0,0,1,1,C03,8,1,5,40,14,9,1,5,4,5,7,1,1,10,5,5,2,13,1,29,2,9,1,1,7,9,1,10,1,11,,23,,1,22,9,121.5693917,25.04915073
112,3,9,12,47,2,06松山區,松山區基隆路1段與市民大道6段口,0,0,1,2,B01,8,1,5,40,14,9,1,5,4,5,7,1,1,10,5,5,2,13,1,60,3,10,1,1,7,14,1,4,1,3,,44,,1,22,9,121.5693917,25.04915073
112,3,9,13,19,2,05中正區,中正區汀州路1段372號,0,0,1,2,C03,8,1,5,50,14,9,1,5,4,5,7,4,4,9,4,5,2,17,1,21,2,9,1,1,7,9,1,10,2,12,,13,,1,22,9,121.5132882,25.02635445
112,3,9,13,19,2,05中正區,中正區汀州路1段372號,0,0,1,1,C03,8,1,5,50,14,9,1,5,4,5,7,4,4,9,4,5,2,17,1,72,3,10,2,1,7,5,1,10,2,12,,8,,1,22,9,121.5132882,25.02635445
112,3,9,13,30,2,02萬華區,萬華區康定路與武昌街2段口,0,0,2,1,C03,8,1,5,50,4,2,1,5,4,5,7,1,1,9,5,5,2,16,1,41,2,9,1,1,7,11,1,10,2,12,,10,,2,22,9,121.503119,25.04546278
112,3,9,13,30,2,02萬華區,萬華區康定路與武昌街2段口,0,0,2,2,C03,8,1,5,50,4,2,1,5,4,5,7,1,1,9,5,5,2,16,2,39,2,9,1,1,7,9,1,10,2,11,,44,,1,22,9,121.503119,25.04546278
112,3,9,13,34,2,08士林區,士林區承德路4段與劍潭路口,0,0,1,1,B03,8,1,5,50,4,1,1,5,4,5,7,1,1,1,4,5,1,17,2,40,3,10,1,1,7,6,1,8,1,2,,9,,1,22,9,121.5231249,25.08406311
112,3,9,13,34,2,08士林區,士林區承德路4段與劍潭路口,0,0,1,2,C03,8,1,5,50,4,1,1,5,4,5,7,1,1,1,4,5,1,17,1,41,2,9,1,1,7,9,1,10,1,12,,13,,1,22,9,121.5231249,25.08406311
112,3,9,13,48,2,03中山區,中山區長春路與伊通街口,0,0,1,2,C03,8,1,5,40,3,1,1,5,4,5,7,1,1,5,4,5,2,16,1,36,2,9,1,4,7,9,1,10,1,12,,44,,1,22,9,121.5346995,25.0547797
112,3,9,13,48,2,03中山區,中山區長春路與伊通街口,0,0,1,1,B01,8,1,5,40,3,1,1,5,4,5,7,1,1,5,4,5,2,16,1,64,3,10,3,4,7,11,1,4,1,4,,10,,1,22,9,121.5346995,25.0547797
112,3,9,14,2,2,04大安區,大安區復興南路1段390號,0,0,1,3,B03,8,1,5,50,14,9,1,5,4,5,7,4,4,1,4,5,2,12,1,66,3,10,1,4,7,14,1,8,1,3,,38,,1,22,9,121.5435528,25.0339867
112,3,9,14,2,2,04大安區,大安區復興南路1段390號,0,0,1,2,C03,8,1,5,50,14,9,1,5,4,5,7,4,4,1,4,5,2,12,1,19,2,9,1,4,7,9,1,10,1,11,,44,,1,22,9,121.5435528,25.0339867
112,3,9,14,2,2,04大安區,大安區復興南路1段390號,0,0,1,1,B03,8,1,5,50,14,9,1,5,4,5,7,4,4,1,4,5,2,12,1,40,3,10,1,4,7,8,7,19,1,5,,7,,1,22,9,121.5435528,25.0339867
112,3,9,14,3,2,07信義區,信義區虎林街132巷59號,0,0,1,2,C03,8,1,5,30,14,9,1,5,4,5,7,4,4,10,5,5,2,16,2,32,2,9,1,1,7,9,1,10,1,12,,44,,1,22,9,121.574874,25.0403615
112,3,9,14,3,2,07信義區,信義區虎林街132巷59號,0,0,1,1,B03,8,1,5,30,14,9,1,5,4,5,7,4,4,10,5,5,2,16,1,45,3,10,1,1,7,1,1,8,1,1,,19,,1,22,9,121.574874,25.0403615
112,3,9,14,10,2,04大安區,大安區基隆路3段與長興街口,0,0,1,1,C03,8,1,5,50,4,1,1,5,4,5,7,1,3,1,5,5,1,12,1,23,3,10,1,1,7,6,1,10,1,13,,6,,1,22,9,121.5443919,25.0170717
112,3,9,14,10,2,04大安區,大安區基隆路3段與長興街口,0,0,1,2,C03,8,1,5,50,4,1,1,5,4,5,7,1,3,1,5,5,1,12,1,35,2,9,1,1,7,9,1,10,1,12,,13,,1,22,9,121.5443919,25.0170717
112,3,9,14,50,2,05中正區,中正區中山南路與常德街口,0,0,1,2,A02,8,1,5,50,3,1,1,5,4,5,7,1,1,1,4,5,2,17,1,50,3,10,1,1,7,9,1,2,2,2,,44,,1,22,9,121.5180484,25.040748
112,3,9,14,50,2,05中正區,中正區中山南路與常德街口,0,0,1,1,C03,8,1,5,50,3,1,1,5,4,5,7,1,1,1,4,5,2,17,1,40,2,7,1,1,7,10,1,10,2,14,,7,,1,22,9,121.5180484,25.040748
112,3,9,14,54,2,06松山區,松山區民權東路3段178號,0,0,1,1,B03,8,1,5,50,14,9,1,5,4,5,7,4,4,1,4,5,2,16,1,48,3,10,1,1,7,8,1,8,1,5,,7,,1,22,9,121.5497864,25.06158743
112,3,9,14,54,2,06松山區,松山區民權東路3段178號,0,0,1,2,C03,8,1,5,50,14,9,1,5,4,5,7,4,4,1,4,5,2,16,2,24,2,9,1,1,7,9,1,10,1,14,,44,,1,22,9,121.5497864,25.06158743
112,3,9,15,0,2,08士林區,士林區格致路55巷18號與格致路55巷口,0,0,2,1,C03,8,1,5,30,3,1,1,5,4,5,7,4,4,10,5,5,2,17,1,19,2,8,1,1,7,9,1,10,1,12,,6,,1,22,9,121.5456355,25.137981
112,3,9,15,0,2,08士林區,士林區格致路55巷18號與格致路55巷口,0,0,2,2,C03,8,1,5,30,3,1,1,5,4,5,7,4,4,10,5,5,2,17,1,22,2,8,1,1,7,9,1,10,1,11,,44,,1,22,9,121.5456355,25.137981
112,3,9,15,24,2,11南港區,南港區忠孝東路6段310號,0,0,1,5,C03,8,1,5,40,14,8,1,5,4,5,7,4,4,1,4,4,2,13,1,46,3,10,3,4,7,13,1,10,11,15,,44,,1,22,9,121.590128,25.04943755
112,3,9,15,24,2,11南港區,南港區忠孝東路6段310號,0,0,1,1,C03,8,1,5,40,14,8,1,5,4,5,7,4,4,1,4,4,2,13,2,20,3,10,1,1,7,9,1,10,1,11,,23,,1,22,9,121.590128,25.04943755
112,3,9,15,24,2,11南港區,南港區忠孝東路6段310號,0,0,1,2,C03,8,1,5,40,14,8,1,5,4,5,7,4,4,1,4,4,2,13,2,20,2,5,1,1,7,9,1,10,1,12,,44,,1,22,9,121.590128,25.04943755
112,3,9,15,24,2,11南港區,南港區忠孝東路6段310號,0,0,1,3,B03,8,1,5,40,14,8,1,5,4,5,7,4,4,1,4,4,2,13,1,56,3,10,1,1,7,8,1,7,1,15,,7,,1,22,9,121.590128,25.04943755
112,3,9,15,24,2,11南港區,南港區忠孝東路6段310號,0,0,1,4,C03,8,1,5,40,14,8,1,5,4,5,7,4,4,1,4,4,2,13,1,43,3,10,3,4,7,13,1,10,11,15,,44,,1,22,9,121.590128,25.04943755
112,3,9,15,48,2,02萬華區,萬華區環河南路1段135號,0,0,1,2,B03,8,1,5,50,14,9,1,5,4,5,7,4,4,8,3,5,2,13,1,51,3,10,3,4,7,12,1,8,1,7,,44,,1,22,9,121.4980971,25.04375675
112,3,9,15,48,2,02萬華區,萬華區環河南路1段135號,0,0,1,3,H01,8,1,5,50,14,9,1,5,4,5,7,4,4,8,3,5,2,13,1,56,3,10,4,5,8,16,8,20,10,16,,67,,1,22,9,121.4980971,25.04375675
112,3,9,15,48,2,02萬華區,萬華區環河南路1段135號,0,0,1,1,C03,8,1,5,50,14,9,1,5,4,5,7,4,4,8,3,5,2,13,1,30,2,9,1,4,7,9,1,10,1,11,,16,,1,22,9,121.4980971,25.04375675
112,3,9,15,48,2,03中山區,中山區中山北路1段11號,0,0,1,3,B01,8,1,5,50,14,9,1,5,4,5,7,4,4,1,4,5,1,13,1,65,4,11,3,4,7,10,7,19,11,15,,7,,2,22,9,121.5228978,25.05616181