發生年度,發生月,發生日,發生時-Hours,發生分,處理別-編號,區序,肇事地點,死亡人數,2-30日死亡人數,受傷人數,當事人序號,車種,天候,光線,道路類別,速限-速度限制,道路型態,事故位置,路面狀況1,路面狀況2,路面狀況3,道路障礙1,道路障礙2,號誌1,號誌2,車道劃分-分向,車道劃分-分道1,車道劃分-分道2,車道劃分-分道3,事故類型及型態,性別,年齡,受傷程度,主要傷處,保護裝置,行動電話,車輛用途,當事者行動狀態,駕駛資格情形,駕駛執照種類,飲酒情形,車輛撞擊部位1,車輛撞擊部位2,肇因碼-個別,肇因碼-主要,個人肇逃否,職業,旅次目的,座標-X,座標-Y
112,3,9,15,48,2,03中山區,中山區中山北路1段11號,0,0,1,1,C03,8,1,5,50,14,9,1,5,4,5,7,4,4,1,4,5,1,13,2,29,2,9,1,1,7,9,1,10,1,11,,23,,1,22,9,121.5228978,25.05616181
112,3,9,15,48,2,03中山區,中山區中山北路1段11號,0,0,1,2,B03,8,1,5,50,14,9,1,5,4,5,7,4,4,1,4,5,1,13,2,40,3,10,3,4,7,14,1,8,1,3,,44,,1,22,9,121.5228978,25.05616181
112,3,9,15,54,2,10文山區,文山區景福街與景福街265巷口,0,0,1,1,B01,8,1,5,50,4,2,1,5,4,5,7,4,4,9,5,5,2,3,1,66,3,10,1,1,7,9,1,4,2,1,,15,,1,22,9,121.5401711,24.9934845
112,3,9,15,54,2,10文山區,文山區景福街與景福街265巷口,0,0,1,2,H01,8,1,5,50,4,2,1,5,4,5,7,4,4,9,5,5,2,3,2,47,2,9,4,5,8,16,8,20,10,16,,67,,1,22,9,121.5401711,24.9934845
112,3,9,16,29,2,03中山區,中山區大直橋往南第4支燈桿,0,0,1,1,B03,8,1,5,50,8,9,1,5,4,5,7,4,4,1,4,5,2,12,1,66,3,10,3,4,7,8,6,18,1,6,,7,,1,22,9,121.5442961,25.0765201
112,3,9,16,29,2,03中山區,中山區大直橋往南第4支燈桿,0,0,1,2,C03,8,1,5,50,8,9,1,5,4,5,7,4,4,1,4,5,2,12,2,21,2,9,1,4,7,9,1,10,1,11,,23,,1,22,9,121.5442961,25.0765201
112,3,9,16,29,2,03中山區,中山區大直橋往南第4支燈桿,0,0,1,3,C03,8,1,5,50,8,9,1,5,4,5,7,4,4,1,4,5,2,12,1,21,4,11,3,4,7,15,7,19,11,15,,44,,2,22,9,121.5442961,25.0765201
112,3,9,16,53,2,05中正區,中正區金山南路1段與銅山街口,0,0,1,2,B03,8,1,5,50,4,1,1,5,4,5,7,1,1,1,4,5,2,15,1,53,3,10,1,1,7,9,1,8,1,1,,44,,1,22,9,121.5288013,25.03935067
112,3,9,16,53,2,05中正區,中正區金山南路1段與銅山街口,0,0,1,1,F01,8,1,5,50,4,1,1,5,4,5,7,1,1,1,4,5,2,15,1,80,2,8,1,1,7,9,8,20,1,16,,25,,1,22,9,121.5288013,25.03935067
112,3,9,16,57,2,10文山區,文山區保儀路與保儀路142巷口口,0,0,1,2,C03,8,1,5,50,3,1,1,5,4,5,7,4,4,4,5,5,1,12,1,68,2,8,1,4,7,9,1,10,2,11,,14,,1,22,9,121.5657695,24.98343621
112,3,9,16,57,2,10文山區,文山區保儀路與保儀路142巷口口,0,0,1,1,B11,8,1,5,50,3,1,1,5,4,5,7,4,4,4,5,5,1,12,1,41,3,10,1,4,7,5,1,4,2,2,,6,,1,22,9,121.5657695,24.98343621
112,3,9,17,0,2,06松山區,松山區民權東路3段與民族東路口,0,0,1,2,C03,8,1,5,50,3,1,1,5,4,5,7,4,4,1,4,5,2,16,1,18,2,8,1,1,7,9,3,18,9,14,,44,,1,22,9,121.5499767,25.06175606
112,3,9,17,0,2,06松山區,松山區民權東路3段與民族東路口,0,0,1,1,B03,8,1,5,50,3,1,1,5,4,5,7,4,4,1,4,5,2,16,2,45,3,10,1,1,7,6,1,8,9,5,,9,,1,22,9,121.5499767,25.06175606
112,3,9,18,0,2,08士林區,士林區延平北路7段106巷西往東(台北花卉村前),0,0,2,1,C03,8,3,5,30,14,9,1,5,4,5,7,3,1,10,5,5,2,17,1,66,2,7,3,4,7,9,1,10,1,11,,6,,1,22,9,121.5003096,25.09520388
112,3,9,18,0,2,08士林區,士林區延平北路7段106巷西往東(台北花卉村前),0,0,2,2,C03,8,3,5,30,14,9,1,5,4,5,7,3,1,10,5,5,2,17,1,18,2,8,3,4,7,9,1,10,1,12,,13,,1,22,9,121.5003096,25.09520388
112,3,9,18,20,2,04大安區,大安區和平東路3段與和平東路3段1巷口,0,0,1,1,C03,8,3,5,50,4,2,1,5,4,5,7,1,1,10,4,5,2,17,1,72,3,10,1,1,7,15,1,10,1,15,,23,,1,22,9,121.5467445,25.02475503
112,3,9,18,20,2,04大安區,大安區和平東路3段與和平東路3段1巷口,0,0,1,2,C03,8,3,5,50,4,2,1,5,4,5,7,1,1,10,4,5,2,17,1,39,2,8,1,1,7,14,1,10,1,12,,42,,1,22,9,121.5467445,25.02475503
112,3,9,18,46,2,03中山區,中山區民權東路3段與復興北路口,0,0,1,1,C03,7,3,5,50,4,1,1,5,4,5,7,1,1,10,4,5,2,17,1,25,3,10,1,4,7,8,1,10,2,15,,7,,1,22,9,121.5441023,25.0623854
112,3,9,18,46,2,03中山區,中山區民權東路3段與復興北路口,0,0,1,2,C03,7,3,5,50,4,1,1,5,4,5,7,1,1,10,4,5,2,17,1,58,2,7,1,4,7,9,1,10,2,14,,44,,1,22,9,121.5441023,25.0623854
112,3,9,18,59,2,06松山區,松山區松河街258號,0,0,1,2,H01,8,3,5,40,14,9,1,5,4,5,7,4,4,9,5,5,2,9,2,79,2,3,4,5,8,16,8,20,10,16,,60,,1,22,9,121.578965,25.05190086
112,3,9,18,59,2,06松山區,松山區松河街258號,0,0,1,1,B03,8,3,5,40,14,9,1,5,4,5,7,4,4,9,5,5,2,9,1,34,3,10,1,1,7,9,1,8,11,2,,42,,1,22,9,121.578965,25.05190086
112,3,9,19,4,2,09北投區,北投區石牌路1段158號,0,0,1,2,C03,8,3,5,50,14,9,1,5,4,5,7,4,4,5,4,5,1,17,1,42,3,10,1,1,7,9,1,10,1,13,,44,,1,22,9,121.5132604,25.11443239
112,3,9,19,4,2,09北投區,北投區石牌路1段158號,0,0,1,3,B03,8,3,5,50,14,9,1,5,4,5,7,4,4,5,4,5,1,17,2,48,3,10,1,1,7,15,1,8,1,2,,42,,1,22,9,121.5132604,25.11443239
112,3,9,19,4,2,09北投區,北投區石牌路1段158號,0,0,1,1,C03,8,3,5,50,14,9,1,5,4,5,7,4,4,5,4,5,1,17,1,40,2,9,1,1,7,9,1,10,1,13,,16,,1,22,9,121.5132604,25.11443239
112,3,9,19,5,2,08士林區,士林區格致路與凱旋路口,0,0,2,1,B03,8,1,5,40,3,1,1,5,4,5,7,3,1,5,5,5,2,11,1,49,3,10,1,1,7,1,1,8,1,4,,19,,1,22,9,121.5463981,25.13700233
112,3,9,19,5,2,08士林區,士林區格致路與凱旋路口,0,0,2,2,C03,8,1,5,40,3,1,1,5,4,5,7,3,1,5,5,5,2,11,1,21,2,9,1,1,7,9,1,10,1,11,,44,,1,22,9,121.5463981,25.13700233
112,3,9,19,5,2,08士林區,士林區格致路與凱旋路口,0,0,2,3,H02,8,1,5,40,3,1,1,5,4,5,7,3,1,5,5,5,2,11,1,22,2,9,4,5,7,21,8,20,10,16,,67,,1,22,9,121.5463981,25.13700233
112,3,9,19,30,2,08士林區,士林區仰德大道2段與仰德大道2段161巷口,0,0,1,1,B03,8,3,5,40,3,1,1,5,4,5,7,4,4,4,5,5,1,16,1,19,3,10,1,1,7,5,1,8,1,6,,8,,1,22,9,121.5485371,25.11045509
112,3,9,19,30,2,08士林區,士林區仰德大道2段與仰德大道2段161巷口,0,0,1,2,C03,8,3,5,40,3,1,1,5,4,5,7,4,4,4,5,5,1,16,1,25,2,8,1,1,7,9,1,10,1,11,,13,,1,22,9,121.5485371,25.11045509
112,3,9,19,32,2,11南港區,南港區南港路1段與中南街口,0,0,2,1,C03,8,3,5,50,3,1,1,5,4,5,7,1,1,5,4,5,2,16,1,40,2,8,1,1,7,9,1,10,1,12,,44,,1,22,9,121.6153485,25.0552752
112,3,9,19,32,2,11南港區,南港區南港路1段與中南街口,0,0,2,2,C03,8,3,5,50,3,1,1,5,4,5,7,1,1,5,4,5,2,16,1,18,2,8,1,1,7,5,1,10,1,14,,8,,1,22,9,121.6153485,25.0552752
112,3,9,19,52,2,12內湖區,內湖區康寧路3段與安康路口,0,0,1,2,B03,8,3,5,50,14,9,1,5,4,5,7,4,4,5,5,5,2,12,1,31,3,10,1,1,7,7,1,8,2,4,,7,,1,22,9,121.6110143,25.06536921
112,3,9,19,52,2,12內湖區,內湖區康寧路3段與安康路口,0,0,1,1,C03,8,3,5,50,14,9,1,5,4,5,7,4,4,5,5,5,2,12,2,57,2,9,1,1,7,8,1,10,2,15,,7,,1,22,9,121.6110143,25.06536921
112,3,9,19,53,2,01大同區,大同區延平北路3段與民權西路口,0,0,2,2,C03,8,1,5,50,14,9,1,5,4,5,7,2,1,9,5,5,2,17,1,40,2,8,1,1,7,9,1,10,1,12,,17,,1,22,9,121.5112589,25.06314757
112,3,9,19,53,2,01大同區,大同區延平北路3段與民權西路口,0,0,2,1,C03,8,1,5,50,14,9,1,5,4,5,7,2,1,9,5,5,2,17,1,21,2,8,1,1,7,13,1,10,1,14,,17,,1,22,9,121.5112589,25.06314757
112,3,9,20,18,2,06松山區,松山區松河街146號,0,0,1,2,C03,8,3,5,50,14,9,1,5,4,5,7,4,4,8,3,5,1,12,1,25,2,9,1,1,7,4,1,10,1,11,,44,,1,22,9,121.5758447,25.05120746
112,3,9,20,18,2,06松山區,松山區松河街146號,0,0,1,1,C03,8,3,5,50,14,9,1,5,4,5,7,4,4,8,3,5,1,12,1,19,3,10,1,1,7,11,1,10,1,11,,10,,1,22,9,121.5758447,25.05120746
112,3,9,20,18,2,06松山區,松山區松河街146號,0,0,1,3,C03,8,3,5,50,14,9,1,5,4,5,7,4,4,8,3,5,1,12,2,25,4,11,3,4,7,21,7,19,11,15,,44,,1,22,9,121.5758447,25.05120746
112,3,9,20,20,2,07信義區,信義區仁愛路4段與逸仙路口口,0,0,2,1,F01,7,3,5,50,4,2,1,5,4,5,7,1,1,1,4,5,2,17,1,21,2,9,2,1,7,9,8,20,1,16,,17,,1,22,9,121.5612627,25.0376946
112,3,9,20,20,2,07信義區,信義區仁愛路4段與逸仙路口口,0,0,2,2,C03,7,3,5,50,4,2,1,5,4,5,7,1,1,1,4,5,2,17,1,36,3,10,1,1,7,6,1,10,1,11,,23,,1,22,9,121.5612627,25.0376946
112,3,9,20,20,2,07信義區,信義區仁愛路4段與逸仙路口口,0,0,2,3,H02,7,3,5,50,4,2,1,5,4,5,7,1,1,1,4,5,2,17,1,27,2,7,1,1,7,19,8,20,10,16,,67,,1,22,9,121.5612627,25.0376946
112,3,9,20,27,2,05中正區,中正區新生南路1段140號,0,0,1,2,C03,8,3,5,50,14,9,1,5,4,5,7,4,4,1,4,4,1,13,2,33,2,9,1,1,7,9,1,10,2,11,,23,,1,22,9,121.5326055,25.03597411
112,3,9,20,27,2,05中正區,中正區新生南路1段140號,0,0,1,1,B01,8,3,5,50,14,9,1,5,4,5,7,4,4,1,4,4,1,13,2,46,3,10,1,1,7,12,1,4,2,7,,42,,1,22,9,121.5326055,25.03597411
112,3,9,20,29,2,04大安區,大安區忠孝東路3段251巷13弄與安東街口,0,0,2,2,C03,8,1,5,30,4,1,1,5,4,5,7,4,4,10,5,5,2,15,1,30,2,9,1,1,7,9,1,10,1,14,,14,,1,22,9,121.5422187,25.04384948
112,3,9,20,29,2,04大安區,大安區忠孝東路3段251巷13弄與安東街口,0,0,2,1,C03,8,1,5,30,4,1,1,5,4,5,7,4,4,10,5,5,2,15,1,29,2,9,1,1,7,9,1,10,1,11,,6,,1,22,9,121.5422187,25.04384948
112,3,9,20,42,2,09北投區,北投區大興街與北投路2段口,0,0,1,1,C01,8,3,5,50,4,2,1,5,4,5,7,2,1,5,5,5,1,12,1,18,3,10,1,1,7,6,4,10,1,12,,9,,1,22,9,121.499645,25.1302215
112,3,9,20,42,2,09北投區,北投區大興街與北投路2段口,0,0,1,2,C03,8,3,5,50,4,2,1,5,4,5,7,2,1,5,5,5,1,12,1,32,2,9,1,1,7,9,1,10,1,14,,44,,1,22,9,121.499645,25.1302215
112,3,9,21,19,2,01大同區,大同區忠孝橋機慢車專用道(往西),0,0,2,1,C03,8,3,8,0,14,11,5,5,4,5,7,4,4,10,5,5,2,13,2,63,2,8,1,1,7,9,1,10,1,11,,16,,1,22,9,121.5059964,25.04921001
112,3,9,21,19,2,01大同區,大同區忠孝橋機慢車專用道(往西),0,0,2,2,C03,8,3,8,0,14,11,5,5,4,5,7,4,4,10,5,5,2,13,2,23,2,8,1,1,7,9,1,10,1,13,,44,,1,22,9,121.5059964,25.04921001
112,3,9,21,27,2,04大安區,大安區基隆路2段與敦化南路2段口,0,0,2,2,C03,7,3,5,0,3,2,1,5,4,5,7,4,4,10,2,5,2,12,2,19,2,9,1,1,7,9,1,10,1,11,,13,,1,22,9,121.5485715,25.0206679
112,3,9,21,27,2,04大安區,大安區基隆路2段與敦化南路2段口,0,0,2,1,F01,7,3,5,0,3,2,1,5,4,5,7,4,4,10,2,5,2,12,1,55,2,9,2,1,7,5,8,20,1,16,,8,,1,22,9,121.5485715,25.0206679
112,3,9,21,35,2,01大同區,大同區忠孝橋與忠孝橋口機慢車專用道,0,0,1,1,C03,8,3,8,0,14,11,1,5,4,5,7,4,4,10,5,5,2,13,2,27,2,8,1,1,7,9,1,10,1,11,,23,,1,22,9,121.5060481,25.04925324
112,3,9,21,35,2,01大同區,大同區忠孝橋與忠孝橋口機慢車專用道,0,0,1,2,C03,8,3,8,0,14,11,1,5,4,5,7,4,4,10,5,5,2,13,2,21,3,10,1,1,7,3,1,10,1,13,,44,,2,22,9,121.5060481,25.04925324
112,3,9,21,49,2,06松山區,松山區南京東路5段123巷2弄與南京東路5段147巷口,0,0,1,1,C03,8,3,5,30,4,1,5,5,4,5,7,4,4,10,5,5,1,15,2,58,2,9,1,1,7,9,1,10,1,13,,6,,1,22,9,121.5620117,25.05207056
112,3,9,21,49,2,06松山區,松山區南京東路5段123巷2弄與南京東路5段147巷口,0,0,1,2,B01,8,3,5,30,4,1,5,5,4,5,7,4,4,10,5,5,1,15,1,57,3,10,1,1,7,9,1,4,1,8,,14,,1,22,9,121.5620117,25.05207056
112,3,9,22,41,2,08士林區,士林區中正路與華榮街口口,0,0,1,2,C03,8,3,5,0,3,1,1,5,4,5,7,2,1,3,4,5,1,3,1,22,2,9,1,1,7,9,1,10,1,11,,15,,1,22,9,121.5236653,25.09484686
112,3,9,22,41,2,08士林區,士林區中正路與華榮街口口,0,0,1,1,H01,8,3,5,0,3,1,1,5,4,5,7,2,1,3,4,5,1,3,1,74,3,10,4,5,8,20,8,20,10,16,,52,,1,22,9,121.5236653,25.09484686
112,3,9,22,44,2,09北投區,北投區石牌路2段與天母西路口,0,0,1,1,B01,8,3,5,50,3,1,1,5,4,5,7,3,1,7,4,5,2,16,1,50,3,10,3,4,7,5,1,10,1,1,,8,,1,22,9,121.5220435,25.11923293
112,3,9,22,44,2,09北投區,北投區石牌路2段與天母西路口,0,0,1,2,C03,8,3,5,50,3,1,1,5,4,5,7,3,1,7,4,5,2,16,2,30,2,9,3,4,7,9,1,8,1,12,,43,,1,22,9,121.5220435,25.11923293
112,3,9,22,55,2,05中正區,中正區中山南路與青島西路口,0,0,2,1,C03,8,3,5,50,4,1,1,5,4,5,7,2,1,5,4,5,2,13,1,33,2,9,1,1,7,9,1,10,2,11,,23,,1,22,9,121.5191363,25.04455113
112,3,9,22,55,2,05中正區,中正區中山南路與青島西路口,0,0,2,2,C03,8,3,5,50,4,1,1,5,4,5,7,2,1,5,4,5,2,13,1,38,2,9,1,1,7,9,1,10,2,13,,44,,1,22,9,121.5191363,25.04455113
112,3,9,23,9,2,12內湖區,內湖區內湖路1段與內湖路1段737巷口,0,0,1,1,C03,8,3,5,50,4,1,1,5,4,2,7,2,1,1,4,5,2,16,1,22,3,10,1,1,7,9,1,10,1,11,,25,,1,22,9,121.5782819,25.0789552
112,3,9,23,9,2,12內湖區,內湖區內湖路1段與內湖路1段737巷口,0,0,1,2,C03,8,3,5,50,4,1,1,5,4,2,7,2,1,1,4,5,2,16,1,27,2,8,1,1,7,9,1,10,1,12,,44,,1,22,9,121.5782819,25.0789552
112,3,9,23,22,2,04大安區,大安區濟南路3段與濟南路3段5巷口,0,0,1,2,B03,8,3,5,30,4,1,1,5,4,5,7,4,4,1,5,5,2,15,1,49,2,9,1,1,7,9,1,8,2,4,,44,,1,22,9,121.5335183,25.0401602
112,3,9,23,22,2,04大安區,大安區濟南路3段與濟南路3段5巷口,0,0,1,1,B03,8,3,5,30,4,1,1,5,4,5,7,4,4,1,5,5,2,15,1,25,3,10,1,1,7,9,1,8,2,1,,6,,1,22,9,121.5335183,25.0401602
112,3,10,1,27,2,04大安區,大安區信義路4段233號,0,0,1,2,C04,8,3,5,50,14,9,1,5,4,5,7,4,4,1,4,5,2,17,2,31,2,9,1,1,7,9,1,10,1,15,,44,,1,22,9,121.5530555,25.0332883
112,3,10,1,27,2,04大安區,大安區信義路4段233號,0,0,1,1,B01,8,3,5,50,14,9,1,5,4,5,7,4,4,1,4,5,2,17,1,48,3,10,1,1,7,1,1,4,1,15,,19,,1,22,9,121.5530555,25.0332883
112,3,10,2,4,2,03中山區,中山區民權東路2段與新生北路3段口,0,0,2,1,B12,8,3,5,50,4,2,1,5,4,5,7,1,1,1,4,5,2,12,1,31,3,10,1,1,7,6,1,7,1,2,,6,,1,22,9,121.5279616,25.0627431
112,3,10,2,4,2,03中山區,中山區民權東路2段與新生北路3段口,0,0,2,3,H02,8,3,5,50,4,2,1,5,4,5,7,1,1,1,4,5,2,12,2,22,2,9,1,5,7,20,8,20,10,16,,67,,1,22,9,121.5279616,25.0627431
112,3,10,2,4,2,03中山區,中山區民權東路2段與新生北路3段口,0,0,2,2,C03,8,3,5,50,4,2,1,5,4,5,7,1,1,1,4,5,2,12,2,19,2,9,1,1,7,9,1,10,1,14,,23,,1,22,9,121.5279616,25.0627431
112,3,10,6,8,2,03中山區,中山區建國北路1段與建國北路1段11巷口,0,0,1,2,C03,8,1,5,50,4,1,1,5,4,5,7,4,4,5,4,5,2,16,1,51,2,8,1,4,7,9,1,10,2,11,,14,,1,22,9,121.5369894,25.04669199
112,3,10,6,8,2,03中山區,中山區建國北路1段與建國北路1段11巷口,0,0,1,1,C03,8,1,5,50,4,1,1,5,4,5,7,4,4,5,4,5,2,16,1,45,3,10,1,4,7,15,1,10,2,13,,6,,1,22,9,121.5369894,25.04669199
112,3,10,6,30,2,08士林區,士林區通河東街1段堤外自行車道,0,0,2,1,F01,8,1,8,0,15,22,1,5,4,5,7,4,4,10,4,5,1,2,1,56,2,8,3,4,7,9,8,20,1,16,,23,,1,22,9,121.5138891,25.0910996
112,3,10,6,30,2,08士林區,士林區通河東街1段堤外自行車道,0,0,2,2,H01,8,1,8,0,15,22,1,5,4,5,7,4,4,10,4,5,1,2,1,73,2,1,3,4,8,16,8,20,10,16,,67,,1,22,9,121.5138891,25.0910996
112,3,10,6,45,2,03中山區,中山區中山北路2段與民生東路1段口,0,0,1,2,C03,8,1,5,50,4,2,1,5,4,5,7,1,1,1,4,1,2,17,1,47,2,9,1,1,7,14,1,10,1,15,,44,,1,22,9,121.5229601,25.0576648
112,3,10,6,45,2,03中山區,中山區中山北路2段與民生東路1段口,0,0,1,1,B01,8,1,5,50,4,2,1,5,4,5,7,1,1,1,4,1,2,17,1,46,4,11,3,4,7,15,7,19,11,15,,43,,2,22,9,121.5229601,25.0576648
112,3,10,6,46,2,06松山區,松山區南京東路4段與光復北路口,0,0,1,1,C03,8,1,5,50,4,1,1,5,4,5,7,2,1,9,4,5,2,17,2,39,2,9,1,1,7,5,1,10,2,14,,42,,1,22,9,121.5573481,25.0514758
112,3,10,6,46,2,06松山區,松山區南京東路4段與光復北路口,0,0,1,2,B03,8,1,5,50,4,1,1,5,4,5,7,2,1,9,4,5,2,17,1,41,3,10,1,1,7,9,1,8,2,2,,23,,1,22,9,121.5573481,25.0514758
112,3,10,7,25,2,08士林區,士林區大東路與文林路口,0,0,1,1,C03,8,1,5,50,3,1,1,5,4,5,7,1,1,1,5,5,2,10,1,63,3,10,1,1,7,9,1,10,2,11,,44,,1,22,9,121.5249941,25.0936571
112,3,10,7,25,2,08士林區,士林區大東路與文林路口,0,0,1,3,H02,8,1,5,50,3,1,1,5,4,5,7,1,1,1,5,5,2,10,2,18,3,10,4,5,7,20,8,20,10,16,,67,,1,22,9,121.5249941,25.0936571
112,3,10,7,25,2,08士林區,士林區大東路與文林路口,0,0,1,2,F01,8,1,5,50,3,1,1,5,4,5,7,1,1,1,5,5,2,10,1,84,2,9,2,1,7,9,8,20,2,16,,6,,1,22,9,121.5249941,25.0936571
112,3,10,7,26,2,09北投區,北投區石牌路1段71巷與致遠二路61巷口,0,0,2,1,C03,8,1,5,30,4,1,1,5,4,5,7,4,4,10,5,5,2,15,2,65,2,9,1,1,7,9,1,10,1,11,,6,,1,22,9,121.5108694,25.11469976
112,3,10,7,26,2,09北投區,北投區石牌路1段71巷與致遠二路61巷口,0,0,2,2,C03,8,1,5,30,4,1,1,5,4,5,7,4,4,10,5,5,2,15,1,43,2,9,1,1,7,9,1,10,1,11,,23,,1,22,9,121.5108694,25.11469976
112,3,10,7,35,2,06松山區,松山區敦化北路262號,0,0,1,2,C03,8,1,5,50,14,9,1,5,4,5,7,2,1,1,4,1,2,13,1,67,3,10,1,1,7,9,1,10,2,13,,42,,1,22,9,121.5502798,25.06154371
112,3,10,7,35,2,06松山區,松山區敦化北路262號,0,0,1,1,C03,8,1,5,50,14,9,1,5,4,5,7,2,1,1,4,1,2,13,1,16,2,9,1,1,7,9,2,18,2,11,,23,,1,22,9,121.5502798,25.06154371
112,3,10,7,40,2,08士林區,士林區至善路2段與臨溪路口前,0,0,1,1,C03,8,1,5,50,14,7,1,5,4,5,7,4,4,9,4,4,1,17,1,50,2,9,1,1,7,7,1,10,2,14,,7,,1,22,9,121.5430428,25.09711254
112,3,10,7,40,2,08士林區,士林區至善路2段與臨溪路口前,0,0,1,2,B03,8,1,5,50,14,7,1,5,4,5,7,4,4,9,4,4,1,17,1,50,3,10,1,1,7,9,1,8,2,6,,44,,1,22,9,121.5430428,25.09711254
112,3,10,7,56,2,09北投區,北投區西安街2段349號,0,0,1,3,B01,8,1,5,50,14,9,1,5,4,5,7,4,4,10,4,5,2,17,1,57,3,10,1,1,7,9,1,4,1,2,,44,,1,22,9,121.5050262,25.1208479
112,3,10,7,56,2,09北投區,北投區西安街2段349號,0,0,1,2,B03,8,1,5,50,14,9,1,5,4,5,7,4,4,10,4,5,2,17,2,53,3,10,1,1,7,15,1,8,1,7,,44,,1,22,9,121.5050262,25.1208479
112,3,10,7,56,2,09北投區,北投區西安街2段349號,0,0,1,1,C03,8,1,5,50,14,9,1,5,4,5,7,4,4,10,4,5,2,17,2,24,2,7,1,1,7,9,1,10,1,11,,23,,1,22,9,121.5050262,25.1208479
112,3,10,8,0,2,05中正區,中正區汀州路3段172號前,0,0,1,1,B03,8,1,5,50,14,9,1,5,4,5,7,4,4,5,2,5,2,12,2,47,3,10,1,1,7,6,1,8,1,2,,9,,1,22,9,121.5347912,25.0132646
112,3,10,8,0,2,05中正區,中正區汀州路3段172號前,0,0,1,2,C03,8,1,5,50,14,9,1,5,4,5,7,4,4,5,2,5,2,12,1,38,2,9,1,1,7,9,1,9,1,11,,44,,1,22,9,121.5347912,25.0132646
112,3,10,8,5,2,11南港區,南港區忠孝東路7段南港捷運站1號出口前,0,0,1,1,C03,8,1,5,50,14,9,1,5,4,5,7,4,4,1,4,4,2,12,2,48,2,1,1,1,7,8,3,18,1,12,,20,,1,22,9,121.6063247,25.05192805
112,3,10,8,5,2,11南港區,南港區忠孝東路7段南港捷運站1號出口前,0,0,1,2,A02,8,1,5,50,14,9,1,5,4,5,7,4,4,1,4,4,2,12,1,48,3,10,1,1,7,1,1,2,1,7,,44,,1,22,9,121.6063247,25.05192805
112,3,10,8,17,2,03中山區,中山區民族西路花博園區,0,0,2,2,C03,8,1,5,50,14,9,1,5,4,5,7,4,4,5,4,5,2,13,1,20,2,9,1,1,7,9,1,10,1,12,,26,,1,22,9,121.5208566,25.06850374
112,3,10,8,17,2,03中山區,中山區民族西路花博園區,0,0,2,1,C03,8,1,5,50,14,9,1,5,4,5,7,4,4,5,4,5,2,13,1,24,2,9,1,1,7,9,1,10,1,11,,23,,1,22,9,121.5208566,25.06850374
112,3,10,8,20,2,07信義區,信義區吳興街與吳興街350巷口口,0,0,1,1,C03,8,1,5,30,4,2,1,5,4,5,7,4,4,10,4,5,2,17,1,52,3,10,3,4,7,5,1,10,1,11,,6,,1,22,9,121.5664437,25.0257794
112,3,10,8,20,2,07信義區,信義區吳興街與吳興街350巷口口,0,0,1,2,C03,8,1,5,30,4,2,1,5,4,5,7,4,4,10,4,5,2,17,2,36,2,8,3,4,7,9,1,10,1,14,,44,,1,22,9,121.5664437,25.0257794
112,3,10,8,32,2,01大同區,與無名巷口(承德路1段77巷23號前),0,0,1,2,B03,8,1,5,30,3,1,1,5,4,5,7,4,4,10,5,5,1,15,1,53,3,10,1,1,7,9,1,8,2,8,,14,,1,22,9,121.5182301,25.05209489
112,3,10,8,32,2,01大同區,與無名巷口(承德路1段77巷23號前),0,0,1,1,C03,8,1,5,30,3,1,1,5,4,5,7,4,4,10,5,5,1,15,2,36,2,8,1,1,7,1,1,10,2,12,,4,,1,22,9,121.5182301,25.05209489
112,3,10,8,34,2,10文山區,文山區木柵路1段75號,0,0,2,1,F01,8,1,5,50,14,9,1,5,4,5,7,1,1,4,4,5,2,16,1,59,2,7,2,1,7,5,8,20,2,16,,8,,1,22,9,121.5464679,24.9868451
112,3,10,8,34,2,10文山區,文山區木柵路1段75號,0,0,2,2,C03,8,1,5,50,14,9,1,5,4,5,7,1,1,4,4,5,2,16,1,23,3,10,1,1,7,9,1,10,2,11,,26,,1,22,9,121.5464679,24.9868451
112,3,10,8,34,2,10文山區,文山區木柵路1段75號,0,0,2,3,H02,8,1,5,50,14,9,1,5,4,5,7,1,1,4,4,5,2,16,2,21,2,9,1,1,7,20,8,20,10,16,,67,,1,22,9,121.5464679,24.9868451
112,3,10,8,39,2,08士林區,士林區後港街66號,0,0,1,1,C03,8,1,5,30,14,9,1,5,4,5,7,4,4,10,5,5,2,17,2,31,3,10,3,4,7,11,1,10,1,14,,10,,1,22,9,121.5213953,25.08524155
112,3,10,8,39,2,08士林區,士林區後港街66號,0,0,1,2,C03,8,1,5,30,14,9,1,5,4,5,7,4,4,10,5,5,2,17,2,24,2,9,3,4,7,11,1,10,1,11,,13,,1,22,9,121.5213953,25.08524155
112,3,10,8,42,2,02萬華區,萬華區中華路1段192巷與中華路1段口,0,0,2,2,C03,8,1,5,30,3,1,1,5,4,5,7,4,4,10,5,5,1,17,1,50,2,1,1,1,7,9,1,10,1,11,,23,,1,22,9,121.5070686,25.0387233
112,3,10,8,42,2,02萬華區,萬華區中華路1段192巷與中華路1段口,0,0,2,1,C03,8,1,5,30,3,1,1,5,4,5,7,4,4,10,5,5,1,17,1,29,2,9,1,1,7,6,1,10,2,13,,6,,1,22,9,121.5070686,25.0387233
112,3,10,8,55,2,09北投區,北投區承德路6段與文林北路5巷口,0,0,1,2,C03,8,1,5,40,4,1,1,5,4,5,7,1,1,1,4,4,1,12,2,45,2,9,1,1,7,9,1,10,1,11,,44,,1,22,9,121.5130353,25.0989599