發生年度,發生月,發生日,發生時-Hours,發生分,處理別-編號,區序,肇事地點,死亡人數,2-30日死亡人數,受傷人數,當事人序號,車種,天候,光線,道路類別,速限-速度限制,道路型態,事故位置,路面狀況1,路面狀況2,路面狀況3,道路障礙1,道路障礙2,號誌1,號誌2,車道劃分-分向,車道劃分-分道1,車道劃分-分道2,車道劃分-分道3,事故類型及型態,性別,年齡,受傷程度,主要傷處,保護裝置,行動電話,車輛用途,當事者行動狀態,駕駛資格情形,駕駛執照種類,飲酒情形,車輛撞擊部位1,車輛撞擊部位2,肇因碼-個別,肇因碼-主要,個人肇逃否,職業,旅次目的,座標-X,座標-Y
112,3,10,17,54,2,04大安區,大安區市民大道4段與光復南路口,0,0,1,2,C03,8,3,5,40,4,2,1,5,4,5,7,1,1,1,3,5,1,13,2,23,2,8,1,1,7,9,1,10,1,11,,16,,1,22,9,121.5575506,25.0449272
112,3,10,17,54,2,04大安區,大安區市民大道4段與光復南路口,0,0,1,1,B01,8,3,5,40,4,2,1,5,4,5,7,1,1,1,3,5,1,13,1,69,3,10,1,1,7,12,1,4,1,7,,44,,1,22,9,121.5575506,25.0449272
112,3,10,18,0,2,08士林區,士林區中山北路5段與福國路口,0,0,1,2,C03,8,3,5,50,3,1,1,5,4,5,7,2,1,1,4,5,1,16,2,25,2,9,1,1,7,5,1,10,1,14,,8,,1,21,8,121.5254575,25.10252817
112,3,10,18,0,2,08士林區,士林區中山北路5段與福國路口,0,0,1,1,B03,8,3,5,50,3,1,1,5,4,5,7,2,1,1,4,5,1,16,1,51,3,10,1,1,7,5,1,8,1,5,,8,,1,21,8,121.5254575,25.10252817
112,3,10,18,0,2,12內湖區,內湖區南京東路6段與舊宗路1段口,0,0,1,1,C03,8,3,5,50,14,9,1,5,4,5,7,2,1,1,4,5,2,12,1,25,2,8,1,1,7,10,1,10,1,14,,7,,1,22,9,121.581253,25.05725443
112,3,10,18,0,2,12內湖區,內湖區南京東路6段與舊宗路1段口,0,0,1,2,C03,8,3,5,50,14,9,1,5,4,5,7,2,1,1,4,5,2,12,2,48,3,10,1,1,7,9,1,10,1,11,,44,,1,22,9,121.581253,25.05725443
112,3,10,18,4,2,07信義區,信義區松仁路230號,0,0,1,2,C03,8,3,5,50,14,9,1,5,4,5,7,4,4,5,4,5,2,16,2,68,2,8,1,1,7,9,3,18,1,14,,44,,1,22,8,121.5689001,25.02546827
112,3,10,18,4,2,07信義區,信義區松仁路230號,0,0,1,1,B03,8,3,5,50,14,9,1,5,4,5,7,4,4,5,4,5,2,16,1,60,3,10,1,1,7,6,1,8,1,2,,9,,1,22,8,121.5689001,25.02546827
112,3,10,18,5,2,06松山區,松山區南京東路5段151號,0,0,1,1,B03,8,3,5,50,3,1,1,5,4,5,7,4,4,9,4,4,1,12,1,45,3,10,1,4,7,8,1,8,1,5,,7,,1,22,9,121.5619887,25.05154292
112,3,10,18,5,2,06松山區,松山區南京東路5段151號,0,0,1,2,C03,8,3,5,50,3,1,1,5,4,5,7,4,4,9,4,4,1,12,2,29,2,9,1,1,7,9,1,10,1,14,,44,,1,22,9,121.5619887,25.05154292
112,3,10,18,9,2,06松山區,松山區八德路4段245巷與八德路4段245巷32弄口,0,0,1,1,B12,8,3,5,30,15,18,1,5,4,5,7,1,1,10,5,5,2,2,1,53,3,10,1,1,7,5,1,8,2,8,,15,,1,22,9,121.5645381,25.05000522
112,3,10,18,9,2,06松山區,松山區八德路4段245巷與八德路4段245巷32弄口,0,0,1,2,H01,8,3,5,30,15,18,1,5,4,5,7,1,1,10,5,5,2,2,2,36,2,7,4,5,8,16,8,20,10,16,,67,,1,22,9,121.5645381,25.05000522
112,3,10,18,16,2,12內湖區,內湖區堤頂大道2段409號,0,0,2,1,H01,8,1,5,50,14,9,1,5,4,5,7,4,4,5,5,5,2,3,1,49,2,9,4,5,8,18,8,20,9,16,,52,,1,22,9,121.5638794,25.08096589
112,3,10,18,16,2,12內湖區,內湖區堤頂大道2段409號,0,0,2,2,C03,8,1,5,50,14,9,1,5,4,5,7,4,4,5,5,5,2,3,1,43,2,9,1,1,7,9,1,10,9,14,,44,,1,22,9,121.5638794,25.08096589
112,3,10,18,38,2,04大安區,大安區建國高架道往南仁愛路3段上方,0,0,1,2,B03,8,1,5,70,10,7,1,5,4,5,7,4,4,1,4,5,2,13,2,40,3,10,1,1,7,9,1,8,1,6,,44,,1,22,9,121.5377767,25.0337085
112,3,10,18,38,2,04大安區,大安區建國高架道往南仁愛路3段上方,0,0,1,1,C02,8,1,5,70,10,7,1,5,4,5,7,4,4,1,4,5,2,13,1,43,2,7,1,1,7,8,4,10,1,11,,7,,1,22,9,121.5377767,25.0337085
112,3,10,18,40,2,06松山區,松山區敦化北路158號,0,0,1,3,B03,8,3,5,50,14,8,1,5,4,5,7,4,4,1,4,5,1,13,1,34,3,10,1,1,7,14,1,8,1,3,,44,,1,22,9,121.5487657,25.0555507
112,3,10,18,40,2,06松山區,松山區敦化北路158號,0,0,1,4,B03,8,3,5,50,14,8,1,5,4,5,7,4,4,1,4,5,1,13,1,43,3,10,1,1,7,14,1,8,1,6,,44,,1,22,9,121.5487657,25.0555507
112,3,10,18,40,2,06松山區,松山區敦化北路158號,0,0,1,2,C03,8,3,5,50,14,8,1,5,4,5,7,4,4,1,4,5,1,13,1,27,3,10,1,1,7,3,1,10,1,13,,44,,1,22,9,121.5487657,25.0555507
112,3,10,18,40,2,06松山區,松山區敦化北路158號,0,0,1,1,C03,8,3,5,50,14,8,1,5,4,5,7,4,4,1,4,5,1,13,1,45,2,9,1,1,7,9,1,10,1,11,,23,,1,22,9,121.5487657,25.0555507
112,3,10,19,0,2,05中正區,中正區市民大道3段8號,0,0,1,3,C03,8,3,5,40,14,9,1,5,4,5,7,1,1,1,4,5,2,13,2,35,2,9,1,1,7,14,1,10,1,13,,44,,1,22,9,121.5323614,25.04552479
112,3,10,19,0,2,05中正區,中正區市民大道3段8號,0,0,1,2,C03,8,3,5,40,14,9,1,5,4,5,7,1,1,1,4,5,2,13,1,40,3,10,1,1,7,14,1,10,1,13,,44,,1,22,9,121.5323614,25.04552479
112,3,10,19,0,2,05中正區,中正區市民大道3段8號,0,0,1,1,C03,8,3,5,40,14,9,1,5,4,5,7,1,1,1,4,5,2,13,1,28,3,10,1,1,7,9,1,10,1,11,,16,,1,22,9,121.5323614,25.04552479
112,3,10,19,20,2,09北投區,北投區裕民六路與裕民二路49巷口,0,0,2,1,C03,8,3,5,50,4,1,1,5,4,5,7,2,1,5,4,5,2,16,2,61,2,9,3,4,7,5,3,18,1,14,,6,,1,22,9,121.517447,25.1145236
112,3,10,19,20,2,09北投區,北投區裕民六路與裕民二路49巷口,0,0,2,2,C03,8,3,5,50,4,1,1,5,4,5,7,2,1,5,4,5,2,16,1,61,2,9,3,4,7,9,1,10,1,14,,44,,1,22,9,121.517447,25.1145236
112,3,10,19,38,2,01大同區,大同區民權西路與重慶北路2段口口,0,0,2,4,C03,8,3,5,50,4,2,1,5,4,3,7,2,1,1,5,5,2,16,2,36,2,9,1,1,7,9,1,10,1,11,,23,,1,22,9,121.5137219,25.06291059
112,3,10,19,38,2,01大同區,大同區民權西路與重慶北路2段口口,0,0,2,1,B01,8,3,5,50,4,2,1,5,4,3,7,2,1,1,5,5,2,16,1,68,4,11,3,4,7,15,7,19,11,15,,38,,2,22,9,121.5137219,25.06291059
112,3,10,19,38,2,01大同區,大同區民權西路與重慶北路2段口口,0,0,2,3,C03,8,3,5,50,4,2,1,5,4,3,7,2,1,1,5,5,2,16,2,22,2,8,1,1,7,7,1,10,1,14,,7,,1,22,9,121.5137219,25.06291059
112,3,10,19,38,2,01大同區,大同區民權西路與重慶北路2段口口,0,0,2,2,B03,8,3,5,50,4,2,1,5,4,3,7,2,1,1,5,5,2,16,2,34,3,10,1,1,7,7,1,8,1,15,,7,,1,22,9,121.5137219,25.06291059
112,3,10,20,0,2,03中山區,中山區中山北路2段與民權東路1段口,0,0,1,4,H02,7,3,5,50,4,2,1,5,4,5,7,1,1,5,4,5,2,17,2,41,3,10,3,5,7,19,8,20,10,16,,56,,1,22,9,121.5229942,25.05817222
112,3,10,20,0,2,03中山區,中山區中山北路2段與民權東路1段口,0,0,1,2,C03,7,3,5,50,4,2,1,5,4,5,7,1,1,5,4,5,2,17,1,25,2,9,1,4,7,9,1,10,1,12,,44,,1,22,9,121.5229942,25.05817222
112,3,10,20,0,2,03中山區,中山區中山北路2段與民權東路1段口,0,0,1,1,B03,7,3,5,50,4,2,1,5,4,5,7,1,1,5,4,5,2,17,1,40,3,10,3,4,7,14,1,8,1,7,,38,,1,22,9,121.5229942,25.05817222
112,3,10,20,0,2,03中山區,中山區中山北路2段與民權東路1段口,0,0,1,3,B03,7,3,5,50,4,2,1,5,4,5,7,1,1,5,4,5,2,17,1,21,3,10,1,4,7,9,1,8,1,15,,44,,1,22,9,121.5229942,25.05817222
112,3,10,20,15,2,05中正區,中正區中山南路與仁愛路1段口,0,0,1,1,E01,8,3,5,50,5,1,1,5,4,5,7,1,3,1,3,1,2,15,1,28,3,10,1,1,7,9,1,8,2,5,,44,,1,22,9,121.5178087,25.03934528
112,3,10,20,15,2,05中正區,中正區中山南路與仁愛路1段口,0,0,1,2,C03,8,3,5,50,5,1,1,5,4,5,7,1,3,1,3,1,2,15,1,34,2,8,1,1,7,9,1,10,2,11,,25,,1,22,9,121.5178087,25.03934528
112,3,10,20,30,2,03中山區,中山區長安東路1段25號,0,0,1,2,C02,8,3,5,50,14,9,1,5,4,5,7,4,4,5,4,5,2,12,2,23,2,7,1,1,7,9,1,9,1,11,,44,,1,22,9,121.5238445,25.04937
112,3,10,20,30,2,03中山區,中山區長安東路1段25號,0,0,1,3,H02,8,3,5,50,14,9,1,5,4,5,7,4,4,5,4,5,2,12,1,38,3,10,4,5,7,19,8,20,10,16,,56,,1,22,9,121.5238445,25.04937
112,3,10,20,30,2,03中山區,中山區長安東路1段25號,0,0,1,1,B01,8,3,5,50,14,9,1,5,4,5,7,4,4,5,4,5,2,12,1,60,3,10,1,1,7,14,1,4,1,2,,38,,1,22,9,121.5238445,25.04937
112,3,10,20,45,2,09北投區,北投區明德路與致遠一路1段口,0,0,1,2,C03,8,3,5,50,4,2,1,5,4,5,7,2,1,5,4,5,2,13,1,44,2,9,3,4,7,5,1,10,2,13,,44,,1,22,9,121.5178711,25.1073574
112,3,10,20,45,2,09北投區,北投區明德路與致遠一路1段口,0,0,1,1,A04,8,3,5,50,4,2,1,5,4,5,7,2,1,5,4,5,2,13,1,38,3,10,3,4,7,9,1,2,2,8,,23,,1,22,9,121.5178711,25.1073574
112,3,10,21,18,2,03中山區,中山區松江路132巷與一江街口,0,0,1,2,F01,7,3,5,30,4,1,1,5,4,5,3,4,4,10,5,5,2,16,1,8,2,9,2,1,7,11,8,20,1,16,,11,,1,22,9,121.5314682,25.05288146
112,3,10,21,18,2,03中山區,中山區松江路132巷與一江街口,0,0,1,1,B12,7,3,5,30,4,1,1,5,4,5,3,4,4,10,5,5,2,16,1,25,4,11,3,4,7,9,7,19,11,15,,6,,2,22,9,121.5314682,25.05288146
112,3,10,21,20,2,06松山區,松山區光復北路與光復北路161巷口,0,0,1,1,B03,7,3,5,30,3,1,1,5,4,5,7,4,4,10,4,5,2,17,1,44,3,10,1,1,7,5,1,8,1,1,,6,,1,22,9,121.5556813,25.05580238
112,3,10,21,20,2,06松山區,松山區光復北路與光復北路161巷口,0,0,1,2,C03,7,3,5,30,3,1,1,5,4,5,7,4,4,10,4,5,2,17,1,19,2,9,1,1,7,9,1,10,1,14,,14,,1,22,9,121.5556813,25.05580238
112,3,10,21,30,2,11南港區,南港區舊莊街1段149號,0,0,2,2,B03,8,3,5,50,14,9,1,5,4,5,7,4,4,8,3,5,2,12,1,33,3,10,1,1,7,13,1,8,1,7,,43,,1,22,9,121.6209913,25.0397354
112,3,10,21,30,2,11南港區,南港區舊莊街1段149號,0,0,2,3,H02,8,3,5,50,14,9,1,5,4,5,7,4,4,8,3,5,2,12,2,5,2,8,1,5,7,21,8,20,10,16,,67,,1,22,9,121.6209913,25.0397354
112,3,10,21,30,2,11南港區,南港區舊莊街1段149號,0,0,2,1,C03,8,3,5,50,14,9,1,5,4,5,7,4,4,8,3,5,2,12,2,31,2,9,1,1,7,9,1,10,1,11,,43,,1,22,9,121.6209913,25.0397354
112,3,10,22,20,2,09北投區,北投區光明路218號與光明路口,0,0,3,1,C03,7,3,5,50,3,1,1,5,4,5,7,2,1,5,4,4,2,16,1,18,2,9,1,1,7,5,1,10,1,13,,8,,1,22,9,121.5043309,25.13642391
112,3,10,22,20,2,09北投區,北投區光明路218號與光明路口,0,0,3,2,C03,7,3,5,50,3,1,1,5,4,5,7,2,1,5,4,4,2,16,2,26,2,9,1,1,7,6,1,10,1,11,,6,,1,22,9,121.5043309,25.13642391
112,3,10,22,20,2,09北投區,北投區光明路218號與光明路口,0,0,3,3,H02,7,3,5,50,3,1,1,5,4,5,7,2,1,5,4,4,2,16,1,26,2,9,1,5,7,20,8,20,10,16,,67,,1,22,9,121.5043309,25.13642391
112,3,10,22,37,2,04大安區,大安區和平東路3段與和平東路3段308巷口,0,0,2,1,C03,7,3,5,50,5,2,1,5,4,5,7,1,1,8,3,5,2,3,1,45,2,9,1,1,7,6,1,10,2,14,,15,,1,22,9,121.5567236,25.0203204
112,3,10,22,37,2,04大安區,大安區和平東路3段與和平東路3段308巷口,0,0,2,2,H01,7,3,5,50,5,2,1,5,4,5,7,1,1,8,3,5,2,3,2,59,2,9,4,5,8,16,8,20,10,16,,67,,1,22,9,121.5567236,25.0203204
112,3,10,22,40,2,12內湖區,內湖區金湖路與金湖路109巷口,0,0,1,1,B03,7,3,5,50,3,1,1,5,4,5,7,1,1,3,4,5,2,11,2,53,3,10,1,1,7,5,1,8,1,2,,8,,1,22,9,121.5981664,25.0806507
112,3,10,22,40,2,12內湖區,內湖區金湖路與金湖路109巷口,0,0,1,2,C03,7,3,5,50,3,1,1,5,4,5,7,1,1,3,4,5,2,11,2,20,2,9,1,1,7,9,1,10,1,11,,44,,1,22,9,121.5981664,25.0806507
112,3,10,22,56,2,07信義區,信義區虎林街17號,0,0,1,2,,7,3,5,40,14,9,1,5,4,5,7,4,4,7,5,5,2,29,3,0,,,,,,,,,,,,67,,1,,,121.5759282,25.0487859
112,3,10,22,56,2,07信義區,信義區虎林街17號,0,0,1,1,F01,7,3,5,40,14,9,1,5,4,5,7,4,4,7,5,5,2,29,1,30,2,7,3,4,7,9,8,20,1,16,,42,,1,22,9,121.5759282,25.0487859
112,3,10,23,0,2,02萬華區,萬華區西藏路與西藏路330巷口,0,0,3,2,C03,7,3,5,50,3,2,1,5,4,5,7,4,4,9,4,5,2,17,2,27,2,9,1,1,7,9,1,10,1,11,13,16,,1,22,9,121.4999796,25.02947837
112,3,10,23,0,2,02萬華區,萬華區西藏路與西藏路330巷口,0,0,3,3,C03,7,3,5,50,3,2,1,5,4,5,7,4,4,9,4,5,2,17,2,28,2,9,1,1,7,9,1,10,1,11,13,16,,1,22,9,121.4999796,25.02947837
112,3,10,23,0,2,02萬華區,萬華區西藏路與西藏路330巷口,0,0,3,4,C03,7,3,5,50,3,2,1,5,4,5,7,4,4,9,4,5,2,17,1,38,3,10,1,1,7,9,1,10,1,13,,44,,1,22,9,121.4999796,25.02947837
112,3,10,23,0,2,02萬華區,萬華區西藏路與西藏路330巷口,0,0,3,1,C03,7,3,5,50,3,2,1,5,4,5,7,4,4,9,4,5,2,17,1,30,2,7,1,1,7,9,1,10,1,11,,16,,1,22,9,121.4999796,25.02947837
112,3,10,23,0,2,11南港區,南港區南港路1段(捷運南港展覽館6號出口前,0,0,1,1,A02,8,1,5,50,14,9,1,5,4,5,7,4,4,3,4,5,2,9,1,41,3,10,3,4,7,14,1,2,1,15,,43,,1,22,9,121.618118,25.05482665
112,3,10,23,0,2,11南港區,南港區南港路1段(捷運南港展覽館6號出口前,0,0,1,2,H02,8,1,5,50,14,9,1,5,4,5,7,4,4,3,4,5,2,9,2,51,2,7,3,4,7,19,8,20,10,15,,67,,1,22,9,121.618118,25.05482665
112,3,10,23,20,2,04大安區,大安區敦化南路2段104號,0,0,1,1,B03,8,3,5,50,14,9,1,5,4,5,7,4,4,8,3,5,2,17,1,41,3,10,1,1,7,9,1,8,8,1,,21,,1,22,9,121.5484754,25.0276783
112,3,10,23,20,2,04大安區,大安區敦化南路2段104號,0,0,1,2,B03,8,3,5,50,14,9,1,5,4,5,7,4,4,8,3,5,2,17,1,49,3,10,3,4,7,13,1,8,11,3,,44,,1,22,9,121.5484754,25.0276783
112,3,10,23,20,2,04大安區,大安區敦化南路2段104號,0,0,1,3,B03,8,3,5,50,14,9,1,5,4,5,7,4,4,8,3,5,2,17,1,43,2,8,3,4,7,15,1,8,11,3,,44,,1,22,9,121.5484754,25.0276783
112,3,10,23,42,2,01大同區,大同區太原路97巷與承德路1段口,0,0,1,2,C03,8,3,5,50,4,4,1,5,4,5,7,3,1,1,4,5,2,12,1,22,2,9,1,1,7,9,3,18,2,14,,44,,1,22,9,121.5172474,25.05193299
112,3,10,23,42,2,01大同區,大同區太原路97巷與承德路1段口,0,0,1,1,B01,8,3,5,50,4,4,1,5,4,5,7,3,1,1,4,5,2,12,1,58,3,10,1,1,7,8,1,4,2,2,,7,,1,22,9,121.5172474,25.05193299
112,3,10,23,42,2,09北投區,北投區建國街與紗帽路口,0,0,2,2,C03,8,3,5,40,3,1,1,5,4,5,7,4,4,5,4,5,2,12,1,21,2,9,1,1,7,9,1,10,1,11,,13,,1,22,9,121.5479266,25.1500813
112,3,10,23,42,2,09北投區,北投區建國街與紗帽路口,0,0,2,1,C03,8,3,5,40,3,1,1,5,4,5,7,4,4,5,4,5,2,12,1,20,2,9,1,1,7,6,1,10,1,13,,9,,1,22,9,121.5479266,25.1500813
112,3,11,5,35,2,02萬華區,萬華區萬大路與莒光路口,0,0,1,2,C03,8,3,5,50,4,4,1,5,4,5,7,2,1,3,4,5,2,17,1,31,2,7,1,1,7,14,1,10,1,13,,44,,1,22,9,121.5006178,25.0311271
112,3,11,5,35,2,02萬華區,萬華區萬大路與莒光路口,0,0,1,1,B03,8,3,5,50,4,4,1,5,4,5,7,2,1,3,4,5,2,17,1,27,4,11,3,4,7,15,7,19,11,15,,23,,2,22,9,121.5006178,25.0311271
112,3,11,5,42,2,10文山區,文山區溪洲街67號,0,0,2,1,C03,8,2,5,30,14,9,1,5,4,5,7,4,4,9,5,5,2,3,1,27,2,8,1,1,7,9,1,10,2,11,,13,,1,22,9,121.5348818,25.0052786
112,3,11,5,42,2,10文山區,文山區溪洲街67號,0,0,2,2,H01,8,2,5,30,14,9,1,5,4,5,7,4,4,9,5,5,2,3,2,78,2,9,4,1,8,16,8,20,10,16,,51,,1,22,9,121.5348818,25.0052786
112,3,11,6,47,2,02萬華區,萬華區華江橋往台北市,0,0,1,1,C03,8,1,5,40,8,9,1,5,4,5,7,4,4,10,5,5,2,12,1,26,3,10,1,1,7,4,1,10,1,13,,17,,1,22,9,121.4897297,25.03417217
112,3,11,6,47,2,02萬華區,萬華區華江橋往台北市,0,0,1,2,C03,8,1,5,40,8,9,1,5,4,5,7,4,4,10,5,5,2,12,2,44,2,8,1,1,7,9,1,10,1,13,,17,,1,22,9,121.4897297,25.03417217
112,3,11,7,20,2,04大安區,大安區信義路3段與麗水街口騎樓,0,0,1,1,F01,8,1,8,0,15,22,5,5,4,5,7,4,4,10,5,5,2,9,1,45,3,10,3,4,7,6,8,20,11,15,,23,,1,22,9,121.5292776,25.0336565
112,3,11,7,20,2,04大安區,大安區信義路3段與麗水街口騎樓,0,0,1,2,H01,8,1,8,0,15,22,5,5,4,5,7,4,4,10,5,5,2,9,1,76,2,1,4,5,8,16,8,20,10,16,,67,,1,22,9,121.5292776,25.0336565
112,3,11,7,35,2,06松山區,松山區民權大橋往東(第5隻燈桿),0,0,5,1,C03,8,1,5,40,14,11,1,5,4,5,7,4,4,9,4,5,2,17,1,72,3,10,1,1,7,9,1,10,2,15,,42,,1,22,9,121.5690178,25.06381204
112,3,11,7,35,2,06松山區,松山區民權大橋往東(第5隻燈桿),0,0,5,5,C03,8,1,5,40,14,11,1,5,4,5,7,4,4,9,4,5,2,17,1,65,2,9,1,1,7,9,1,10,2,11,,23,,1,22,9,121.5690178,25.06381204
112,3,11,7,35,2,06松山區,松山區民權大橋往東(第5隻燈桿),0,0,5,3,C03,8,1,5,40,14,11,1,5,4,5,7,4,4,9,4,5,2,17,1,59,2,9,1,1,7,12,1,10,2,13,,42,,1,22,9,121.5690178,25.06381204
112,3,11,7,35,2,06松山區,松山區民權大橋往東(第5隻燈桿),0,0,5,2,C03,8,1,5,40,14,11,1,5,4,5,7,4,4,9,4,5,2,17,1,40,2,9,1,1,7,12,1,10,2,13,,42,,1,22,9,121.5690178,25.06381204
112,3,11,7,35,2,06松山區,松山區民權大橋往東(第5隻燈桿),0,0,5,4,C03,8,1,5,40,14,11,1,5,4,5,7,4,4,9,4,5,2,17,1,43,2,9,1,1,7,12,1,10,2,15,,42,,1,22,9,121.5690178,25.06381204
112,3,11,7,35,2,06松山區,松山區民權大橋往東(第5隻燈桿),0,0,5,6,H02,8,1,5,40,14,11,1,5,4,5,7,4,4,9,4,5,2,17,2,65,2,9,1,5,7,21,8,20,10,16,,67,,1,22,9,121.5690178,25.06381204
112,3,11,8,20,2,08士林區,士林區芝玉路2段84巷與芝玉路2段口,0,0,1,2,C03,8,1,5,30,4,1,1,5,4,5,7,4,4,10,5,5,2,15,1,18,2,8,1,1,7,9,1,10,1,12,,23,,1,22,9,121.5351085,25.11223545
112,3,11,8,20,2,08士林區,士林區芝玉路2段84巷與芝玉路2段口,0,0,1,1,B01,8,1,5,30,4,1,1,5,4,5,7,4,4,10,5,5,2,15,2,55,3,10,1,1,7,9,1,4,1,1,,6,,1,22,9,121.5351085,25.11223545
112,3,11,8,46,2,09北投區,北投區承德路7段400號南往北(承德公館站牌前),0,0,1,1,C01,8,1,5,60,14,9,1,5,4,5,7,4,4,9,4,5,1,12,1,51,3,10,1,1,7,9,1,10,2,12,,43,,1,22,9,121.5011872,25.11992318
112,3,11,8,46,2,09北投區,北投區承德路7段400號南往北(承德公館站牌前),0,0,1,2,C03,8,1,5,60,14,9,1,5,4,5,7,4,4,9,4,5,1,12,1,58,2,9,1,1,7,9,1,10,9,14,,43,,1,22,9,121.5011872,25.11992318
112,3,11,8,54,2,09北投區,北投區文林北路與明德路口,0,0,1,2,C03,8,1,5,50,4,1,1,5,4,5,7,2,1,3,4,5,2,16,2,44,2,9,1,1,7,9,1,10,1,11,,44,,1,22,9,121.5166685,25.1061882
112,3,11,8,54,2,09北投區,北投區文林北路與明德路口,0,0,1,1,B03,8,1,5,50,4,1,1,5,4,5,7,2,1,3,4,5,2,16,2,61,3,10,1,1,7,5,1,8,1,2,,25,,1,22,9,121.5166685,25.1061882
112,3,11,9,23,2,09北投區,北投區文林北路與自強街口,0,0,1,1,B03,8,1,5,50,3,1,1,5,4,5,7,2,1,8,3,4,2,15,1,62,3,10,1,1,7,15,1,8,1,1,,25,,1,22,9,121.5120994,25.1098149
112,3,11,9,23,2,09北投區,北投區文林北路與自強街口,0,0,1,2,C03,8,1,5,50,3,1,1,5,4,5,7,2,1,8,3,4,2,15,1,52,2,9,1,1,7,9,1,10,1,14,,44,,1,22,9,121.5120994,25.1098149
112,3,11,9,33,2,01大同區,大同區民權西路與民權西路144巷口,0,0,1,4,C03,8,1,5,50,4,1,1,5,4,5,7,2,1,1,4,5,2,13,1,49,3,10,1,1,7,7,1,10,1,13,,44,,1,22,9,121.5159452,25.06285097
112,3,11,9,33,2,01大同區,大同區民權西路與民權西路144巷口,0,0,1,3,C03,8,1,5,50,4,1,1,5,4,5,7,2,1,1,4,5,2,13,1,58,3,10,1,1,7,9,1,10,1,11,,16,,1,22,9,121.5159452,25.06285097
112,3,11,9,33,2,01大同區,大同區民權西路與民權西路144巷口,0,0,1,2,C03,8,1,5,50,4,1,1,5,4,5,7,2,1,1,4,5,2,13,1,70,2,6,1,1,7,12,1,10,1,13,,44,,1,22,9,121.5159452,25.06285097
112,3,11,9,33,2,01大同區,大同區民權西路與民權西路144巷口,0,0,1,1,C03,8,1,5,50,4,1,1,5,4,5,7,2,1,1,4,5,2,13,1,41,3,10,1,1,7,9,1,10,1,11,,16,,1,22,9,121.5159452,25.06285097
112,3,11,9,35,2,10文山區,文山區景文街41號,0,0,1,1,A02,8,1,5,40,14,8,1,5,4,5,7,4,4,5,5,4,2,9,1,44,3,10,1,1,7,14,1,2,11,15,,42,,1,22,9,121.5413767,24.99211
112,3,11,9,35,2,10文山區,文山區景文街41號,0,0,1,2,H02,8,1,5,40,14,8,1,5,4,5,7,4,4,5,5,4,2,9,2,42,2,8,4,5,7,20,8,20,10,16,,58,,1,22,9,121.5413767,24.99211
112,3,11,10,9,2,01大同區,大同區民樂街與歸綏街口,0,0,1,2,H01,8,1,5,50,14,18,1,5,4,5,7,4,4,5,4,5,1,3,2,77,2,1,4,5,8,16,8,20,10,16,,51,,1,22,9,121.510631,25.05830023
112,3,11,10,9,2,01大同區,大同區民樂街與歸綏街口,0,0,1,1,B03,8,1,5,50,14,18,1,5,4,5,7,4,4,5,4,5,1,3,1,31,3,10,1,1,7,9,1,8,2,8,,23,,1,22,9,121.510631,25.05830023
112,3,11,10,10,2,09北投區,北投區泉源路第030號燈桿前,0,0,1,1,C03,8,1,5,50,14,9,1,5,4,5,7,4,4,4,1,5,1,13,1,81,2,9,1,1,7,9,1,10,1,11,,16,,1,22,9,121.5219284,25.14396183
112,3,11,10,10,2,09北投區,北投區泉源路第030號燈桿前,0,0,1,2,B03,8,1,5,50,14,9,1,5,4,5,7,4,4,4,1,5,1,13,2,47,3,10,1,1,7,14,1,8,1,7,,44,,1,22,9,121.5219284,25.14396183
112,3,11,10,18,2,10文山區,文山區辛亥路7段67號,0,0,2,1,C03,8,1,5,50,14,7,1,5,4,5,7,1,1,4,5,4,2,16,1,52,2,8,1,1,7,11,1,10,2,11,,10,,1,22,9,121.5541654,24.9836547
112,3,11,10,18,2,10文山區,文山區辛亥路7段67號,0,0,2,2,B03,8,1,5,50,14,7,1,5,4,5,7,1,1,4,5,4,2,16,1,33,3,10,1,1,7,9,1,8,2,8,,44,,1,22,9,121.5541654,24.9836547
112,3,11,10,18,2,10文山區,文山區辛亥路7段67號,0,0,2,3,H02,8,1,5,50,14,7,1,5,4,5,7,1,1,4,5,4,2,16,2,46,2,8,1,5,7,20,8,20,10,16,,67,,1,22,9,121.5541654,24.9836547
112,3,11,10,32,2,01大同區,大同區台北橋機慢車道往新北市,0,0,1,1,C03,8,1,7,50,14,11,1,5,4,5,7,1,1,9,4,5,1,13,1,38,2,8,3,4,7,9,1,10,1,11,,23,,1,22,9,121.5109256,25.06307881
112,3,11,10,32,2,01大同區,大同區台北橋機慢車道往新北市,0,0,1,2,B03,8,1,7,50,14,11,1,5,4,5,7,1,1,9,4,5,1,13,1,25,3,10,3,4,7,15,1,8,1,6,,26,,1,22,9,121.5109256,25.06307881
112,3,11,10,41,2,05中正區,中正區青島東路與鎮江街口,0,0,1,1,C03,8,1,5,50,4,1,1,5,4,5,7,1,1,5,4,4,2,13,1,45,4,11,3,4,7,15,7,19,11,15,,23,,2,22,9,121.5212009,25.044039
112,3,11,10,41,2,05中正區,中正區青島東路與鎮江街口,0,0,1,2,C03,8,1,5,50,4,1,1,5,4,5,7,1,1,5,4,4,2,13,2,19,2,9,1,1,7,5,1,10,11,13,,44,,1,22,9,121.5212009,25.044039
112,3,11,10,45,2,03中山區,中山區林森北路與新生北路3段84巷口,0,0,1,2,C03,8,1,5,50,4,1,1,5,4,5,7,4,4,5,5,5,2,17,2,40,2,9,1,1,7,9,1,10,1,12,,42,,1,22,9,121.5257657,25.06742507