發生年度,發生月,發生日,發生時-Hours,發生分,處理別-編號,區序,肇事地點,死亡人數,2-30日死亡人數,受傷人數,當事人序號,車種,天候,光線,道路類別,速限-速度限制,道路型態,事故位置,路面狀況1,路面狀況2,路面狀況3,道路障礙1,道路障礙2,號誌1,號誌2,車道劃分-分向,車道劃分-分道1,車道劃分-分道2,車道劃分-分道3,事故類型及型態,性別,年齡,受傷程度,主要傷處,保護裝置,行動電話,車輛用途,當事者行動狀態,駕駛資格情形,駕駛執照種類,飲酒情形,車輛撞擊部位1,車輛撞擊部位2,肇因碼-個別,肇因碼-主要,個人肇逃否,職業,旅次目的,座標-X,座標-Y
112,3,11,10,45,2,03中山區,中山區林森北路與新生北路3段84巷口,0,0,1,1,B01,8,1,5,50,4,1,1,5,4,5,7,4,4,5,5,5,2,17,1,57,3,10,1,1,7,11,1,4,1,15,,26,,1,22,9,121.5257657,25.06742507
112,3,11,11,15,2,04大安區,大安區延吉街70巷與延吉街口,0,0,1,2,C03,8,1,5,50,4,2,1,5,4,5,7,2,1,4,3,5,1,12,2,29,2,9,1,1,7,9,1,10,1,12,,23,,1,22,1,121.5541749,25.0426356
112,3,11,11,15,2,04大安區,大安區延吉街70巷與延吉街口,0,0,1,1,B03,8,1,5,50,4,2,1,5,4,5,7,2,1,4,3,5,1,12,2,31,3,10,1,1,7,11,1,8,1,4,,10,,1,21,5,121.5541749,25.0426356
112,3,11,11,38,2,04大安區,大安區基隆路3段與辛亥路3段口,0,0,1,2,C03,8,1,5,50,4,1,1,5,4,5,7,2,1,1,4,5,2,16,1,22,2,9,1,4,7,9,1,10,1,12,,44,,1,22,9,121.5470137,25.01900997
112,3,11,11,38,2,04大安區,大安區基隆路3段與辛亥路3段口,0,0,1,1,B03,8,1,5,50,4,1,1,5,4,5,7,2,1,1,4,5,2,16,1,53,3,10,3,4,7,5,1,8,1,8,,8,,1,22,9,121.5470137,25.01900997
112,3,11,11,46,2,10文山區,文山區木柵路1段17巷1號,0,0,1,1,C03,8,1,5,50,14,9,1,5,4,5,7,4,4,5,5,5,2,13,1,46,2,9,1,1,7,9,1,10,2,11,,16,,1,22,9,121.5434041,24.98862273
112,3,11,11,46,2,10文山區,文山區木柵路1段17巷1號,0,0,1,2,C03,8,1,5,50,14,9,1,5,4,5,7,4,4,5,5,5,2,13,1,30,3,10,1,1,7,14,1,10,2,13,,44,,1,22,9,121.5434041,24.98862273
112,3,11,11,46,2,10文山區,文山區木柵路1段17巷1號,0,0,1,3,C03,8,1,5,50,14,9,1,5,4,5,7,4,4,5,5,5,2,13,1,20,3,10,1,1,7,14,1,10,2,15,,43,,1,22,9,121.5434041,24.98862273
112,3,11,11,47,2,09北投區,北投區承德路6段335號與承德路6段口北往南,0,0,3,1,C03,8,1,5,50,3,2,1,5,4,5,7,1,1,9,4,4,1,16,1,46,2,9,1,1,7,1,1,10,1,14,,19,,1,22,9,121.5119029,25.10476751
112,3,11,11,47,2,09北投區,北投區承德路6段335號與承德路6段口北往南,0,0,3,2,C03,8,1,5,50,3,2,1,5,4,5,7,1,1,9,4,4,1,16,2,44,2,8,1,1,7,9,1,10,1,11,,25,,1,22,9,121.5119029,25.10476751
112,3,11,11,47,2,09北投區,北投區承德路6段335號與承德路6段口北往南,0,0,3,3,H02,8,1,5,50,3,2,1,5,4,5,7,1,1,9,4,4,1,16,2,75,2,8,4,5,7,20,8,20,10,16,,67,,1,22,9,121.5119029,25.10476751
112,3,11,11,50,2,02萬華區,萬華區萬大路452號,0,0,1,1,C03,8,1,5,30,11,9,4,5,4,1,7,4,4,1,4,5,2,29,1,39,2,1,1,1,7,9,1,9,9,11,,13,,1,22,9,121.4978788,25.02028506
112,3,11,11,50,2,02萬華區,萬華區萬大路452號,0,0,1,2,,8,1,5,30,11,9,4,5,4,1,7,4,4,1,4,5,2,29,3,0,,,,,,,,,,,,43,,1,,,121.4978788,25.02028506
112,3,11,11,56,2,10文山區,文山區木柵路5段43巷(富德公墓第062燈桿旁),0,0,2,3,H02,8,1,5,30,14,9,1,5,4,5,7,4,4,10,5,5,2,11,1,10,2,6,1,1,7,21,8,20,10,16,,67,,1,22,9,121.5718798,25.0114578
112,3,11,11,56,2,10文山區,文山區木柵路5段43巷(富德公墓第062燈桿旁),0,0,2,1,B01,8,1,5,30,14,9,1,5,4,5,7,4,4,10,5,5,2,11,1,42,3,10,1,1,7,9,1,4,2,1,,23,,1,22,9,121.5718798,25.0114578
112,3,11,11,56,2,10文山區,文山區木柵路5段43巷(富德公墓第062燈桿旁),0,0,2,2,C03,8,1,5,30,14,9,1,5,4,5,7,4,4,10,5,5,2,11,2,43,2,7,1,1,7,9,1,10,2,11,,23,,1,22,9,121.5718798,25.0114578
112,3,11,12,2,2,04大安區,大安區仁愛路3段與復興南路1段口,0,0,1,2,C03,8,1,5,40,4,1,1,5,4,5,7,2,1,1,4,5,1,16,2,63,2,5,1,1,7,9,1,10,1,11,,25,,1,22,9,121.5437856,25.0378992
112,3,11,12,2,2,04大安區,大安區仁愛路3段與復興南路1段口,0,0,1,1,B03,8,1,5,40,4,1,1,5,4,5,7,2,1,1,4,5,1,16,1,40,3,10,3,1,7,9,1,1,1,5,,25,,1,22,9,121.5437856,25.0378992
112,3,11,12,5,2,10文山區,文山區辛亥路7段與光輝路50巷口,0,0,1,2,C03,8,1,5,50,3,1,1,5,4,5,7,1,1,4,5,4,2,16,2,23,2,9,1,1,7,9,1,10,2,11,,23,,1,22,9,121.5542627,24.9848253
112,3,11,12,5,2,10文山區,文山區辛亥路7段與光輝路50巷口,0,0,1,1,C03,8,1,5,50,3,1,1,5,4,5,7,1,1,4,5,4,2,16,1,35,3,10,1,1,7,6,1,10,2,11,,9,,1,22,9,121.5542627,24.9848253
112,3,11,12,10,2,12內湖區,內湖區康寧路1段與康寧路1段156巷口,0,0,1,1,B03,8,1,5,50,3,1,1,5,4,5,7,4,4,5,4,5,1,11,1,33,3,10,3,4,7,5,1,8,1,8,,8,,1,22,9,121.5942909,25.07906439
112,3,11,12,10,2,12內湖區,內湖區康寧路1段與康寧路1段156巷口,0,0,1,2,C03,8,1,5,50,3,1,1,5,4,5,7,4,4,5,4,5,1,11,1,22,2,8,3,4,7,9,1,10,1,14,,44,,1,22,9,121.5942909,25.07906439
112,3,11,12,30,2,07信義區,信義區吳興街380號,0,0,1,2,C03,8,1,5,50,14,9,1,5,4,5,7,4,4,9,5,5,2,29,1,69,2,9,1,1,7,9,1,10,1,11,,44,,1,22,9,121.5668328,25.0252611
112,3,11,12,30,2,07信義區,信義區吳興街380號,0,0,1,1,,8,1,5,50,14,9,1,5,4,5,7,4,4,9,5,5,2,29,3,45,,,,,,,,,,,,67,,1,,,121.5668328,25.0252611
112,3,11,12,33,2,06松山區,松山區市民大道6段與基隆路1段口,0,0,1,1,C03,8,1,5,50,4,1,1,5,4,5,7,1,1,1,3,5,2,15,2,26,2,9,1,1,7,9,1,10,1,11,,43,,1,22,9,121.569141,25.04911921
112,3,11,12,33,2,06松山區,松山區市民大道6段與基隆路1段口,0,0,1,2,C04,8,1,5,50,4,1,1,5,4,5,7,1,1,1,3,5,2,15,1,36,3,10,1,1,7,9,1,10,1,14,,43,,1,22,9,121.569141,25.04911921
112,3,11,12,40,2,04大安區,大安區仁愛路4段與復興南路1段口,0,0,1,1,B03,8,1,5,50,4,2,1,5,4,5,7,2,1,8,3,5,1,12,1,52,3,10,1,1,7,5,1,8,1,8,,6,,1,21,5,121.543598,25.03767106
112,3,11,12,40,2,04大安區,大安區仁愛路4段與復興南路1段口,0,0,1,2,F01,8,1,5,50,4,2,1,5,4,5,7,2,1,8,3,5,1,12,1,13,2,9,2,1,7,9,8,20,1,16,,44,,1,15,2,121.543598,25.03767106
112,3,11,12,50,2,09北投區,北投區東華街2段與立農街1段349巷口,0,0,2,2,C03,8,1,5,50,4,1,1,5,4,5,7,1,1,1,4,5,2,16,1,19,2,9,1,1,7,9,1,10,1,11,,42,,1,22,9,121.5087419,25.1201809
112,3,11,12,50,2,09北投區,北投區東華街2段與立農街1段349巷口,0,0,2,1,C03,8,1,5,50,4,1,1,5,4,5,7,1,1,1,4,5,2,16,1,31,2,9,1,1,7,5,1,10,1,14,,23,,1,22,9,121.5087419,25.1201809
112,3,11,13,0,2,03中山區,中山區林森北路67巷115號,0,0,1,2,B03,8,1,5,50,14,9,1,5,4,5,7,4,4,5,5,5,2,17,1,47,3,10,3,4,7,9,1,8,1,15,,44,,1,22,9,121.5280016,25.04789024
112,3,11,13,0,2,03中山區,中山區林森北路67巷115號,0,0,1,1,C03,8,1,5,50,14,9,1,5,4,5,7,4,4,5,5,5,2,17,2,71,2,9,3,4,7,1,1,10,1,15,,19,,1,22,9,121.5280016,25.04789024
112,3,11,13,2,2,12內湖區,內湖區永保街與安康路106巷口(第178號車格),0,0,1,2,B12,8,1,5,40,14,9,1,5,4,5,7,4,4,5,5,5,2,13,1,44,3,10,3,1,7,13,1,8,11,7,,44,,1,22,9,121.5987388,25.06349515
112,3,11,13,2,2,12內湖區,內湖區永保街與安康路106巷口(第178號車格),0,0,1,1,C03,8,1,5,40,14,9,1,5,4,5,7,4,4,5,5,5,2,13,1,58,2,9,1,1,7,9,1,10,1,11,,23,,1,22,9,121.5987388,25.06349515
112,3,11,13,6,2,05中正區,中正區羅斯福路4段與羅斯福路4段196巷口,0,0,1,1,B03,8,1,5,50,3,1,1,5,4,5,7,4,4,1,4,5,2,16,1,28,3,10,1,1,7,6,1,8,1,2,,9,,1,22,9,121.5365878,25.0119002
112,3,11,13,6,2,05中正區,中正區羅斯福路4段與羅斯福路4段196巷口,0,0,1,2,C03,8,1,5,50,3,1,1,5,4,5,7,4,4,1,4,5,2,16,1,21,2,8,1,1,7,9,1,10,1,14,,44,,1,22,9,121.5365878,25.0119002
112,3,11,13,15,2,05中正區,中正區博愛路與衡陽路口,0,0,1,1,C03,8,1,5,50,14,9,1,5,4,5,7,1,1,10,4,5,2,13,2,51,2,9,1,1,7,9,1,10,2,11,,16,,1,22,9,121.5114986,25.0419361
112,3,11,13,15,2,05中正區,中正區博愛路與衡陽路口,0,0,1,2,B03,8,1,5,50,14,9,1,5,4,5,7,1,1,10,4,5,2,13,1,51,3,10,1,1,7,12,1,8,2,3,,44,,1,22,9,121.5114986,25.0419361
112,3,11,13,40,2,11南港區,南港區忠孝東路7段與忠孝東路7段487巷口,0,0,1,1,C03,8,1,5,40,3,2,1,5,4,5,7,4,4,1,4,4,2,17,1,21,2,9,1,1,7,9,1,10,11,15,,44,,1,22,9,121.6114258,25.052715
112,3,11,13,40,2,11南港區,南港區忠孝東路7段與忠孝東路7段487巷口,0,0,1,2,B01,8,1,5,40,3,2,1,5,4,5,7,4,4,1,4,4,2,17,1,66,3,10,1,1,7,9,1,4,11,15,,44,,1,22,9,121.6114258,25.052715
112,3,11,13,47,2,04大安區,大安區延吉街87號,0,0,1,2,C03,8,1,5,50,14,9,1,5,4,5,7,4,4,7,2,5,1,13,2,40,3,10,1,1,7,9,1,10,1,11,,23,,1,22,9,121.5539638,25.0435146
112,3,11,13,47,2,04大安區,大安區延吉街87號,0,0,1,1,C03,8,1,5,50,14,9,1,5,4,5,7,4,4,7,2,5,1,13,1,24,2,8,1,1,7,11,1,10,1,13,,10,,1,22,9,121.5539638,25.0435146
112,3,11,13,50,2,12內湖區,內湖區文德路與文德路90巷口,0,0,1,1,C03,8,1,5,30,3,1,1,5,4,5,7,4,4,1,4,4,2,17,2,42,3,10,1,4,7,15,7,19,11,15,,6,,2,22,9,121.5824783,25.07842823
112,3,11,13,50,2,12內湖區,內湖區文德路與文德路90巷口,0,0,1,2,F01,8,1,5,30,3,1,1,5,4,5,7,4,4,1,4,4,2,17,1,14,2,9,2,1,7,9,8,20,9,16,,14,,1,22,9,121.5824783,25.07842823
112,3,11,14,0,2,05中正區,中正區羅斯福路4段16號前,0,0,1,1,B12,8,1,5,50,14,9,1,5,4,5,7,4,4,2,4,5,2,13,1,52,3,10,1,1,7,9,1,8,2,1,,16,,1,22,9,121.5335147,25.0154112
112,3,11,14,0,2,05中正區,中正區羅斯福路4段16號前,0,0,1,2,C03,8,1,5,50,14,9,1,5,4,5,7,4,4,2,4,5,2,13,1,42,3,10,1,1,7,9,1,10,2,13,,44,,1,22,9,121.5335147,25.0154112
112,3,11,14,0,2,05中正區,中正區羅斯福路4段16號前,0,0,1,3,H02,8,1,5,50,14,9,1,5,4,5,7,4,4,2,4,5,2,13,2,48,2,8,1,1,7,20,8,20,10,16,,67,,1,22,9,121.5335147,25.0154112
112,3,11,14,14,2,08士林區,士林區通河街與承德橋口,0,0,2,1,F01,8,1,5,50,4,2,1,5,4,5,7,1,1,1,4,5,2,17,2,37,2,9,3,4,7,6,8,20,1,16,,25,,1,22,9,121.5223084,25.08035331
112,3,11,14,14,2,08士林區,士林區通河街與承德橋口,0,0,2,2,C03,8,1,5,50,4,2,1,5,4,5,7,1,1,1,4,5,2,17,2,23,2,9,1,1,7,9,1,10,1,12,,44,,1,22,9,121.5223084,25.08035331
112,3,11,14,16,2,11南港區,南港區興中路與興中路80巷口口,0,0,1,2,B03,8,1,5,50,3,1,1,5,4,5,7,4,4,5,5,5,2,16,1,36,3,10,1,1,7,9,1,8,1,5,,14,,1,22,9,121.6068023,25.0575462
112,3,11,14,16,2,11南港區,南港區興中路與興中路80巷口口,0,0,1,1,C03,8,1,5,50,3,1,1,5,4,5,7,4,4,5,5,5,2,16,2,30,2,9,1,1,7,6,1,10,1,11,,6,,1,22,9,121.6068023,25.0575462
112,3,11,14,25,2,04大安區,大安區信義路2段與信義路2段228巷口,0,0,1,1,B03,8,1,5,50,3,1,1,5,4,5,7,4,4,1,5,5,2,16,1,40,3,10,1,1,7,6,1,8,1,2,,44,,1,22,9,121.5315534,25.0335153
112,3,11,14,25,2,04大安區,大安區信義路2段與信義路2段228巷口,0,0,1,2,C03,8,1,5,50,3,1,1,5,4,5,7,4,4,1,5,5,2,16,1,46,2,9,1,1,7,9,1,10,1,14,,23,,1,22,9,121.5315534,25.0335153
112,3,11,14,25,2,09北投區,北投區湖底路66號與湖底路口,0,0,2,1,C03,8,1,5,30,3,1,1,5,4,5,7,4,4,10,5,5,2,16,1,66,2,9,1,1,7,5,1,10,2,11,,8,,1,22,9,121.5383182,25.15050729
112,3,11,14,25,2,09北投區,北投區湖底路66號與湖底路口,0,0,2,2,C03,8,1,5,30,3,1,1,5,4,5,7,4,4,10,5,5,2,16,1,83,2,9,1,1,7,9,1,10,2,14,,44,,1,22,9,121.5383182,25.15050729
112,3,11,14,30,2,03中山區,中山區錦州街與民生東路3段73巷口,0,0,1,1,B03,8,1,5,30,4,1,1,5,4,3,7,4,4,5,4,5,2,15,2,42,3,10,3,4,7,9,1,8,1,1,,6,,1,22,9,121.5436388,25.0601618
112,3,11,14,30,2,03中山區,中山區錦州街與民生東路3段73巷口,0,0,1,2,C03,8,1,5,30,4,1,1,5,4,3,7,4,4,5,4,5,2,15,1,46,2,9,1,4,7,9,1,9,1,12,,23,,1,22,9,121.5436388,25.0601618
112,3,11,14,30,2,03中山區,中山區錦州街與民生東路3段73巷口,0,0,1,3,B12,8,1,5,30,4,1,1,5,4,3,7,4,4,5,4,5,2,15,1,48,3,10,3,4,7,14,1,8,11,15,,38,,1,22,9,121.5436388,25.0601618
112,3,11,15,0,2,03中山區,中山區濱江街180巷往南，台北神德宮旁0107067燈桿,0,0,1,1,B03,8,1,5,50,10,9,1,5,4,5,7,4,4,9,4,5,2,26,2,24,2,7,3,4,7,9,1,8,1,2,,23,,1,22,9,121.5381262,25.06895857
112,3,11,15,0,2,03中山區,中山區濱江街180巷往南，台北神德宮旁0107067燈桿,0,0,1,2,,8,1,5,50,10,9,1,5,4,5,7,4,4,9,4,5,2,26,3,48,,,,,,,,,,,,67,,1,,,121.5381262,25.06895857
112,3,11,15,15,2,09北投區,北投區承德路7段97號,0,0,2,1,B03,8,1,5,50,14,9,1,5,4,5,7,4,4,1,5,5,2,17,1,25,3,10,1,1,7,6,1,8,1,6,,9,,1,22,9,121.5093456,25.1118704
112,3,11,15,15,2,09北投區,北投區承德路7段97號,0,0,2,2,C03,8,1,5,50,14,9,1,5,4,5,7,4,4,1,5,5,2,17,1,22,2,9,1,1,7,9,1,10,1,11,,16,,1,22,9,121.5093456,25.1118704
112,3,11,15,15,2,09北投區,北投區承德路7段97號,0,0,2,3,C03,8,1,5,50,14,9,1,5,4,5,7,4,4,1,5,5,2,17,1,18,2,8,1,1,7,9,1,10,1,11,,44,,1,22,9,121.5093456,25.1118704
112,3,11,15,16,2,08士林區,士林區至善路1段與至善路1段138巷口,0,0,5,6,H02,8,1,5,50,3,2,1,5,4,5,7,1,1,1,3,4,2,23,2,67,2,9,4,5,7,20,8,20,10,16,,67,,1,22,9,121.5396194,25.097466
112,3,11,15,16,2,08士林區,士林區至善路1段與至善路1段138巷口,0,0,5,1,B03,8,1,5,50,3,2,1,5,4,5,7,1,1,1,3,4,2,23,1,68,2,1,1,1,7,9,1,8,2,1,,23,,1,22,9,121.5396194,25.097466
112,3,11,15,16,2,08士林區,士林區至善路1段與至善路1段138巷口,0,0,5,5,H02,8,1,5,50,3,2,1,5,4,5,7,1,1,1,3,4,2,23,2,56,2,9,1,5,7,20,8,20,10,16,,67,,1,22,9,121.5396194,25.097466
112,3,11,15,16,2,08士林區,士林區至善路1段與至善路1段138巷口,0,0,5,7,H02,8,1,5,50,3,2,1,5,4,5,7,1,1,1,3,4,2,23,1,6,2,9,1,5,7,20,8,20,10,16,,67,,1,22,9,121.5396194,25.097466
112,3,11,15,16,2,08士林區,士林區至善路1段與至善路1段138巷口,0,0,5,2,,8,1,5,50,3,2,1,5,4,5,7,1,1,1,3,4,2,23,3,0,,,,,,,,,,,,67,,1,,,121.5396194,25.097466
112,3,11,15,16,2,08士林區,士林區至善路1段與至善路1段138巷口,0,0,5,3,,8,1,5,50,3,2,1,5,4,5,7,1,1,1,3,4,2,23,3,0,,,,,,,,,,,,67,,1,,,121.5396194,25.097466
112,3,11,15,16,2,08士林區,士林區至善路1段與至善路1段138巷口,0,0,5,4,H02,8,1,5,50,3,2,1,5,4,5,7,1,1,1,3,4,2,23,2,64,2,9,1,5,7,20,8,20,10,16,,67,,1,22,9,121.5396194,25.097466
112,3,11,15,16,2,10文山區,文山區木柵路4段與和平東路4段口,0,0,1,1,C03,8,1,5,0,3,2,1,5,4,5,7,2,1,5,2,5,2,17,4,0,4,11,3,4,7,15,7,19,11,15,,43,,2,22,9,121.5746026,24.9982023
112,3,11,15,16,2,10文山區,文山區木柵路4段與和平東路4段口,0,0,1,2,C03,8,1,5,0,3,2,1,5,4,5,7,2,1,5,2,5,2,17,1,62,2,8,3,4,7,1,1,10,11,11,,43,,1,22,9,121.5746026,24.9982023
112,3,11,16,11,2,10文山區,文山區木柵路1段70巷與木柵路1段58巷口,0,0,1,1,C03,8,1,5,30,14,9,2,5,4,5,7,4,4,10,5,5,2,17,2,32,2,8,1,4,7,5,1,10,1,14,,43,,1,22,9,121.5474363,24.98636524
112,3,11,16,11,2,10文山區,文山區木柵路1段70巷與木柵路1段58巷口,0,0,1,2,C03,8,1,5,30,14,9,2,5,4,5,7,4,4,10,5,5,2,17,1,25,3,10,1,4,7,9,1,10,1,11,,43,,1,22,9,121.5474363,24.98636524
112,3,11,16,45,2,06松山區,松山區南京東路3段與敦化北路口,0,0,1,2,C03,8,1,5,50,4,2,1,5,4,5,7,2,1,1,4,4,2,12,2,31,2,9,1,1,7,9,1,10,1,11,,44,,1,22,9,121.5487224,25.05182183
112,3,11,16,45,2,06松山區,松山區南京東路3段與敦化北路口,0,0,1,1,B01,8,1,5,50,4,2,1,5,4,5,7,2,1,1,4,4,2,12,1,61,3,10,1,1,7,8,1,8,1,6,,6,,1,22,9,121.5487224,25.05182183
112,3,11,16,51,2,12內湖區,內湖區潭美街與成功路2段口成功橋下,0,0,1,3,H02,8,1,5,40,3,1,1,5,4,5,7,2,1,4,5,5,2,12,2,50,2,8,1,5,7,17,8,20,10,16,,67,,1,22,9,121.5917137,25.06004942
112,3,11,16,51,2,12內湖區,內湖區潭美街與成功路2段口成功橋下,0,0,1,2,C03,8,1,5,40,3,1,1,5,4,5,7,2,1,4,5,5,2,12,1,57,3,10,1,1,7,9,1,10,2,14,,44,,1,22,9,121.5917137,25.06004942
112,3,11,16,51,2,12內湖區,內湖區潭美街與成功路2段口成功橋下,0,0,1,1,C03,8,1,5,40,3,1,1,5,4,5,7,2,1,4,5,5,2,12,1,61,3,10,1,1,7,6,3,18,2,12,,9,,1,22,9,121.5917137,25.06004942
112,3,11,16,57,2,08士林區,士林區中正路陽明高中公車站,0,0,1,1,B03,8,1,5,50,14,9,1,5,4,5,7,4,4,2,4,5,2,17,1,62,4,11,3,4,7,10,7,19,11,15,,7,,2,22,9,121.5179366,25.0921492
112,3,11,16,57,2,08士林區,士林區中正路陽明高中公車站,0,0,1,2,C03,8,1,5,50,14,9,1,5,4,5,7,4,4,2,4,5,2,17,1,49,2,7,1,1,7,9,1,10,1,11,,44,,1,22,9,121.5179366,25.0921492
112,3,11,19,0,2,11南港區,南港區南港路1段與興中路口,0,0,2,1,C03,8,1,5,50,4,1,1,5,4,5,7,2,1,5,4,4,2,16,1,30,2,9,3,4,7,5,1,9,11,11,,6,,1,22,9,121.6074743,25.05446571
112,3,11,19,0,2,11南港區,南港區南港路1段與興中路口,0,0,2,2,C03,8,1,5,50,4,1,1,5,4,5,7,2,1,5,4,4,2,16,1,46,2,9,3,4,7,9,1,10,11,11,,44,,1,22,9,121.6074743,25.05446571
112,3,11,19,6,2,05中正區,中正區市民大道1段168號,0,0,1,1,B01,8,3,5,40,14,9,1,5,4,5,7,4,4,1,4,5,1,12,1,66,3,10,1,1,7,1,1,4,2,7,,19,,2,22,9,121.5186456,25.0483284
112,3,11,19,6,2,05中正區,中正區市民大道1段168號,0,0,1,2,C03,8,3,5,40,14,9,1,5,4,5,7,4,4,1,4,5,1,12,1,31,2,9,1,1,7,9,1,10,2,11,,13,,1,22,9,121.5186456,25.0483284
112,3,11,19,19,2,07信義區,信義區永吉路30巷與永吉路30巷158弄口,0,0,2,1,C03,7,3,5,30,4,1,1,5,4,5,7,4,4,5,5,5,1,6,1,18,2,9,1,1,7,9,1,10,2,11,,23,,1,22,9,121.5687031,25.0423258
112,3,11,19,19,2,07信義區,信義區永吉路30巷與永吉路30巷158弄口,0,0,2,2,H01,7,3,5,30,4,1,1,5,4,5,7,4,4,5,5,5,1,6,1,67,2,9,4,5,8,18,8,20,10,16,,52,,1,22,9,121.5687031,25.0423258
112,3,11,20,39,2,04大安區,大安區羅斯福路3段297號,0,0,2,1,C03,7,3,5,50,14,9,1,5,4,5,7,2,1,3,4,5,2,17,1,38,2,8,3,4,7,1,1,10,1,13,,19,,1,22,9,121.5315865,25.01750427
112,3,11,20,39,2,04大安區,大安區羅斯福路3段297號,0,0,2,2,C03,7,3,5,50,14,9,1,5,4,5,7,2,1,3,4,5,2,17,1,20,2,9,3,4,7,9,1,10,1,11,,13,,1,22,9,121.5315865,25.01750427
112,3,11,21,3,2,02萬華區,萬華區環河南路1段與峨眉街口,0,0,1,1,B03,8,3,5,50,3,1,1,5,4,5,7,4,4,5,4,5,2,16,1,35,3,10,1,4,7,6,1,8,1,5,,9,,1,22,9,121.5015859,25.04488894
112,3,11,21,3,2,02萬華區,萬華區環河南路1段與峨眉街口,0,0,1,2,C03,8,3,5,50,3,1,1,5,4,5,7,4,4,5,4,5,2,16,1,21,2,9,1,4,7,9,1,10,1,14,,13,,1,22,9,121.5015859,25.04488894
112,3,11,21,45,2,06松山區,松山區八德路4段與東興路口,0,0,2,1,B03,8,3,5,50,4,1,1,5,4,5,7,1,1,5,4,5,2,17,1,31,3,10,1,1,7,5,1,8,2,1,,8,,1,22,9,121.5654253,25.0489865
112,3,11,21,45,2,06松山區,松山區八德路4段與東興路口,0,0,2,2,C03,8,3,5,50,4,1,1,5,4,5,7,1,1,5,4,5,2,17,1,19,2,9,1,1,7,9,1,10,2,11,,44,,1,22,9,121.5654253,25.0489865
112,3,11,21,45,2,06松山區,松山區八德路4段與東興路口,0,0,2,3,H02,8,3,5,50,4,1,1,5,4,5,7,1,1,5,4,5,2,17,2,19,2,9,1,5,7,20,8,20,10,16,,67,,1,22,9,121.5654253,25.0489865
112,3,11,23,5,2,12內湖區,內湖區新湖一路36巷與行善路48巷口,0,0,3,1,C03,8,1,5,50,4,1,1,5,4,5,7,4,4,5,5,5,2,15,2,20,2,8,1,1,7,9,1,10,2,14,,6,,1,22,9,121.5748371,25.05840664
112,3,11,23,5,2,12內湖區,內湖區新湖一路36巷與行善路48巷口,0,0,3,2,B03,8,1,5,50,4,1,1,5,4,5,7,4,4,5,5,5,2,15,2,46,3,10,1,1,7,9,1,8,2,1,,14,,1,22,9,121.5748371,25.05840664
112,3,11,23,5,2,12內湖區,內湖區新湖一路36巷與行善路48巷口,0,0,3,3,H02,8,1,5,50,4,1,1,5,4,5,7,4,4,5,5,5,2,15,1,17,2,9,1,5,7,20,8,20,10,16,,67,,1,22,9,121.5748371,25.05840664
112,3,11,23,5,2,12內湖區,內湖區新湖一路36巷與行善路48巷口,0,0,3,4,H02,8,1,5,50,4,1,1,5,4,5,7,4,4,5,5,5,2,15,2,17,2,7,2,5,7,20,8,20,10,16,,67,,1,22,9,121.5748371,25.05840664
112,3,11,23,8,2,08士林區,士林區基河路與承德路4段33巷口,0,0,1,1,C03,7,3,5,50,3,2,1,5,4,5,7,4,4,7,5,5,2,18,1,30,2,9,1,1,7,9,1,10,2,12,,42,,1,22,9,121.5238789,25.0802383
112,3,11,23,8,2,08士林區,士林區基河路與承德路4段33巷口,0,0,1,2,,7,3,5,50,3,2,1,5,4,5,7,4,4,7,5,5,2,18,3,0,,,,,,,,,,,,67,,1,,,121.5238789,25.0802383
112,3,12,0,26,2,04大安區,大安區信義路4段與信義路4段265巷口,0,0,2,4,H02,8,3,5,50,5,2,1,5,4,5,7,4,4,5,5,5,2,13,2,38,2,9,1,5,7,20,8,20,10,16,,67,,1,22,9,121.5542752,25.0334395
112,3,12,0,26,2,04大安區,大安區信義路4段與信義路4段265巷口,0,0,2,1,B03,8,3,5,50,5,2,1,5,4,5,7,4,4,5,5,5,2,13,1,68,3,10,1,1,7,11,1,8,2,1,,10,,1,22,9,121.5542752,25.0334395
112,3,12,0,26,2,04大安區,大安區信義路4段與信義路4段265巷口,0,0,2,2,C03,8,3,5,50,5,2,1,5,4,5,7,4,4,5,5,5,2,13,1,39,3,10,1,1,7,14,1,10,2,13,,44,,1,22,9,121.5542752,25.0334395
112,3,12,0,26,2,04大安區,大安區信義路4段與信義路4段265巷口,0,0,2,3,C03,8,3,5,50,5,2,1,5,4,5,7,4,4,5,5,5,2,13,1,40,2,8,1,1,7,14,1,10,2,13,,44,,1,22,9,121.5542752,25.0334395
112,3,12,4,57,2,05中正區,中正區公園路與貴陽街1段口,0,0,2,1,C03,8,2,5,50,4,2,1,5,4,5,7,1,1,4,3,5,2,11,2,18,2,8,1,1,7,5,1,10,1,11,,6,,1,22,9,121.5153194,25.03857263
112,3,12,4,57,2,05中正區,中正區公園路與貴陽街1段口,0,0,2,2,C03,8,2,5,50,4,2,1,5,4,5,7,1,1,4,3,5,2,11,2,24,2,9,1,1,7,9,1,10,1,14,,44,,1,22,9,121.5153194,25.03857263
112,3,12,6,5,2,05中正區,中正區羅斯福路4段與基隆路4段口口,0,0,1,2,C03,8,1,5,50,14,9,1,5,4,5,7,1,1,1,3,5,2,12,2,30,2,9,1,1,7,9,1,10,1,11,,42,,1,22,9,121.5368693,25.0113868
112,3,12,6,5,2,05中正區,中正區羅斯福路4段與基隆路4段口口,0,0,1,1,C03,8,1,5,50,14,9,1,5,4,5,7,1,1,1,3,5,2,12,1,18,3,10,1,1,7,6,1,10,1,13,,42,,1,22,9,121.5368693,25.0113868