發生年度,發生月,發生日,發生時-Hours,發生分,處理別-編號,區序,肇事地點,死亡人數,2-30日死亡人數,受傷人數,當事人序號,車種,天候,光線,道路類別,速限-速度限制,道路型態,事故位置,路面狀況1,路面狀況2,路面狀況3,道路障礙1,道路障礙2,號誌1,號誌2,車道劃分-分向,車道劃分-分道1,車道劃分-分道2,車道劃分-分道3,事故類型及型態,性別,年齡,受傷程度,主要傷處,保護裝置,行動電話,車輛用途,當事者行動狀態,駕駛資格情形,駕駛執照種類,飲酒情形,車輛撞擊部位1,車輛撞擊部位2,肇因碼-個別,肇因碼-主要,個人肇逃否,職業,旅次目的,座標-X,座標-Y
112,3,12,18,36,2,05中正區,中正區中山南路與愛國西路口,0,0,2,3,H02,6,3,5,50,4,1,1,4,4,5,7,2,1,3,4,4,2,16,2,27,2,8,1,5,7,20,8,20,10,16,,67,,1,22,9,121.5166268,25.03481352
112,3,12,18,36,2,05中正區,中正區中山南路與愛國西路口,0,0,2,1,B03,6,3,5,50,4,1,1,4,4,5,7,2,1,3,4,4,2,16,2,54,3,10,1,1,7,5,1,8,2,6,,26,,1,22,9,121.5166268,25.03481352
112,3,12,18,46,2,02萬華區,萬華區桂林路141號車道口,0,0,1,2,C03,8,3,5,50,14,7,1,5,4,5,7,4,4,5,4,4,2,16,1,51,2,8,1,4,7,9,1,10,1,12,,44,,1,22,9,121.4982575,25.03862844
112,3,12,18,46,2,02萬華區,萬華區桂林路141號車道口,0,0,1,1,B02,8,3,5,50,14,7,1,5,4,5,7,4,4,5,4,4,2,16,2,28,3,10,1,4,7,1,1,8,1,8,,19,,1,22,9,121.4982575,25.03862844
112,3,12,19,19,2,04大安區,大安區基隆路4段與羅斯福路4段口,0,0,1,1,B03,7,3,5,50,5,1,1,5,4,5,7,1,1,1,4,5,2,15,1,47,3,10,1,1,7,9,1,8,2,2,,25,,1,22,9,121.5371383,25.0114533
112,3,12,19,19,2,04大安區,大安區基隆路4段與羅斯福路4段口,0,0,1,2,C03,7,3,5,50,5,1,1,5,4,5,7,1,1,1,4,5,2,15,1,27,2,9,1,1,7,9,1,10,2,11,,44,,1,22,9,121.5371383,25.0114533
112,3,12,19,50,2,09北投區,(中央南路1段63號前),0,0,1,1,B01,7,3,5,50,14,9,1,5,4,5,7,4,4,10,4,5,1,9,1,65,3,10,1,1,7,1,1,4,1,5,,19,,1,22,9,121.5013521,25.13175749
112,3,12,19,50,2,09北投區,(中央南路1段63號前),0,0,1,2,H01,7,3,5,50,14,9,1,5,4,5,7,4,4,10,4,5,1,9,1,79,2,8,4,5,8,17,8,20,1,16,,67,,1,22,9,121.5013521,25.13175749
112,3,12,19,57,2,04大安區,大安區永康街14巷與永康街口,0,0,1,1,B03,8,1,5,0,4,2,1,5,4,5,7,4,4,10,5,5,2,2,1,77,4,11,3,4,7,15,7,19,11,15,,23,,2,22,9,121.5294779,25.0311109
112,3,12,19,57,2,04大安區,大安區永康街14巷與永康街口,0,0,1,2,H01,8,1,5,0,4,2,1,5,4,5,7,4,4,10,5,5,2,2,2,30,2,7,4,5,8,16,8,20,10,16,,67,,1,22,9,121.5294779,25.0311109
112,3,12,20,15,2,02萬華區,萬華區西藏路與莒光路291巷45弄口,0,0,1,1,B03,7,3,5,50,3,1,1,5,4,5,7,2,1,1,4,5,2,12,1,30,3,10,1,1,7,9,1,8,1,1,,23,,1,22,9,121.499182,25.02933025
112,3,12,20,15,2,02萬華區,萬華區西藏路與莒光路291巷45弄口,0,0,1,2,C03,7,3,5,50,3,1,1,5,4,5,7,2,1,1,4,5,2,12,1,42,2,9,1,1,7,14,1,9,1,13,,44,,1,22,9,121.499182,25.02933025
112,3,12,20,26,2,02萬華區,萬華區寶興街91號,0,0,1,3,H02,8,3,5,50,14,9,1,5,4,5,7,4,4,5,5,5,2,17,2,76,3,10,1,5,7,19,8,20,10,16,,56,,1,22,9,121.4944728,25.02583299
112,3,12,20,26,2,02萬華區,萬華區寶興街91號,0,0,1,2,C03,8,3,5,50,14,9,1,5,4,5,7,4,4,5,5,5,2,17,1,42,2,7,1,1,7,9,1,10,1,14,,44,,1,22,9,121.4944728,25.02583299
112,3,12,20,26,2,02萬華區,萬華區寶興街91號,0,0,1,1,B01,8,3,5,50,14,9,1,5,4,5,7,4,4,5,5,5,2,17,1,62,4,11,3,4,7,15,7,19,11,15,,38,,2,22,9,121.4944728,25.02583299
112,3,12,20,31,2,02萬華區,萬華區西藏路與艋舺大道口,0,0,1,1,C03,8,3,5,40,14,8,1,5,4,5,7,1,1,1,4,4,2,12,1,64,2,9,1,1,7,9,1,10,1,14,,17,,1,22,9,121.4916904,25.0287351
112,3,12,20,31,2,02萬華區,萬華區西藏路與艋舺大道口,0,0,1,2,B03,8,3,5,40,14,8,1,5,4,5,7,1,1,1,4,4,2,12,1,52,3,10,1,1,7,9,1,8,1,6,,17,,1,22,9,121.4916904,25.0287351
112,3,12,21,20,2,03中山區,中山區遼寧街與龍江路229巷口,0,0,1,2,C03,7,3,5,30,3,2,1,5,4,5,7,4,4,9,5,5,2,29,2,43,2,8,3,4,7,9,1,10,1,11,,44,,1,22,9,121.5421674,25.05725617
112,3,12,21,20,2,03中山區,中山區遼寧街與龍江路229巷口,0,0,1,1,,7,3,5,30,3,2,1,5,4,5,7,4,4,9,5,5,2,29,3,69,,,,,,,,,,,,66,,1,,,121.5421674,25.05725617
112,3,12,21,20,2,03中山區,中山區遼寧街與龍江路229巷口,0,0,1,3,B03,7,3,5,30,3,2,1,5,4,5,7,4,4,9,5,5,2,29,1,57,3,10,3,4,7,13,1,8,1,4,,44,,1,22,9,121.5421674,25.05725617
112,3,12,21,47,2,05中正區,中正區三元街與和平西路2段口,0,0,2,1,C03,8,3,5,50,5,1,1,5,4,5,7,1,1,1,4,5,2,17,1,20,2,9,1,1,7,5,1,10,2,11,,14,,1,22,9,121.5145002,25.02759776
112,3,12,21,47,2,05中正區,中正區三元街與和平西路2段口,0,0,2,2,F01,8,3,5,50,5,1,1,5,4,5,7,1,1,1,4,5,2,17,1,67,2,9,2,1,7,9,8,20,2,16,,25,,1,22,9,121.5145002,25.02759776
112,3,12,22,7,2,03中山區,中山區中山北路1段與南京東路1段口,0,0,1,2,B03,7,3,5,50,4,2,1,5,4,5,7,1,1,7,4,5,2,13,1,25,3,10,3,4,7,14,1,8,1,7,,44,,1,22,9,121.5226351,25.05209392
112,3,12,22,7,2,03中山區,中山區中山北路1段與南京東路1段口,0,0,1,1,C03,7,3,5,50,4,2,1,5,4,5,7,1,1,7,4,5,2,13,1,31,2,8,3,4,7,9,1,10,1,12,,17,,1,22,9,121.5226351,25.05209392
112,3,12,22,58,2,01大同區,大同區塔城街與鄭州路口,0,0,2,2,C03,7,3,5,50,4,1,1,5,4,5,7,2,1,5,4,5,2,15,2,25,2,9,3,4,7,9,1,10,2,12,,13,,1,22,9,121.5104696,25.05015635
112,3,12,22,58,2,01大同區,大同區塔城街與鄭州路口,0,0,2,1,C03,7,3,5,50,4,1,1,5,4,5,7,2,1,5,4,5,2,15,2,44,2,9,3,4,7,9,1,10,2,11,,25,,1,22,9,121.5104696,25.05015635
112,3,13,2,20,2,03中山區,中山區新生北路2段與錦州街口北側迴轉道,0,0,2,3,H02,7,3,5,50,3,1,1,5,4,5,7,4,4,1,5,5,1,12,2,22,2,8,4,5,7,20,8,20,10,16,,67,,1,22,9,121.5275184,25.06115088
112,3,13,2,20,2,03中山區,中山區新生北路2段與錦州街口北側迴轉道,0,0,2,2,B01,7,3,5,50,3,1,1,5,4,5,7,4,4,1,5,5,1,12,1,42,3,10,3,4,7,5,1,4,1,6,,6,,1,22,9,121.5275184,25.06115088
112,3,13,2,20,2,03中山區,中山區新生北路2段與錦州街口北側迴轉道,0,0,2,1,C03,7,3,5,50,3,1,1,5,4,5,7,4,4,1,5,5,1,12,1,30,2,8,3,4,7,9,1,10,1,14,,23,,1,22,9,121.5275184,25.06115088
112,3,13,5,13,2,02萬華區,萬華區西園路2段221號,0,0,4,1,B01,7,3,5,50,14,9,1,5,4,5,7,4,4,1,4,5,2,12,1,68,3,10,1,1,7,8,1,4,2,2,,7,,1,22,9,121.4932176,25.02659018
112,3,13,5,13,2,02萬華區,萬華區西園路2段221號,0,0,4,2,C03,7,3,5,50,14,9,1,5,4,5,7,4,4,1,4,5,2,12,1,63,2,9,1,1,7,9,1,10,1,14,,44,,1,22,9,121.4932176,25.02659018
112,3,13,5,13,2,02萬華區,萬華區西園路2段221號,0,0,4,3,C03,7,3,5,50,14,9,1,5,4,5,7,4,4,1,4,5,2,12,2,61,2,3,1,1,7,9,1,10,1,12,,23,,1,22,9,121.4932176,25.02659018
112,3,13,5,13,2,02萬華區,萬華區西園路2段221號,0,0,4,4,C03,7,3,5,50,14,9,1,5,4,5,7,4,4,1,4,5,2,12,2,64,2,9,1,1,7,9,1,10,1,12,,44,,1,22,9,121.4932176,25.02659018
112,3,13,5,13,2,02萬華區,萬華區西園路2段221號,0,0,4,5,H02,7,3,5,50,14,9,1,5,4,5,7,4,4,1,4,5,2,12,2,51,2,9,1,5,7,20,8,20,10,16,,67,,1,22,9,121.4932176,25.02659018
112,3,13,7,11,2,08士林區,士林區重慶北路4段113號,0,0,2,3,,7,1,5,50,14,8,1,5,4,5,7,4,4,1,4,4,2,17,3,29,,,,,,,,,,,,67,,1,,,121.5123356,25.08239234
112,3,13,7,11,2,08士林區,士林區重慶北路4段113號,0,0,2,1,B03,7,1,5,50,14,8,1,5,4,5,7,4,4,1,4,4,2,17,1,40,2,2,1,1,7,8,1,8,2,2,,7,,1,22,9,121.5123356,25.08239234
112,3,13,7,11,2,08士林區,士林區重慶北路4段113號,0,0,2,2,C03,7,1,5,50,14,8,1,5,4,5,7,4,4,1,4,4,2,17,1,47,2,1,1,1,7,9,1,10,2,11,,23,,1,22,9,121.5123356,25.08239234
112,3,13,7,49,2,10文山區,文山區忠順街1段10巷9號,0,0,1,2,H01,6,1,5,30,14,9,1,4,4,5,7,4,4,10,5,5,1,3,2,66,2,1,4,5,8,16,8,20,10,16,,51,,1,22,9,121.5585319,24.9833104
112,3,13,7,49,2,10文山區,文山區忠順街1段10巷9號,0,0,1,1,B03,6,1,5,30,14,9,1,4,4,5,7,4,4,10,5,5,1,3,1,42,3,10,1,1,7,5,1,8,1,8,,23,,1,22,9,121.5585319,24.9833104
112,3,13,7,50,2,07信義區,信義區基隆路1段333號,0,0,1,1,C02,6,1,5,50,14,9,1,4,4,5,7,4,4,1,4,5,2,18,1,24,2,9,1,1,7,9,1,9,1,14,,23,,1,22,9,121.5604028,25.0342906
112,3,13,7,50,2,07信義區,信義區基隆路1段333號,0,0,1,2,,6,1,5,50,14,9,1,4,4,5,7,4,4,1,4,5,2,18,3,0,,,,,,,,,,,,67,,1,,,121.5604028,25.0342906
112,3,13,7,57,2,09北投區,北投區知行路65號,0,0,2,2,C03,8,1,8,30,15,22,1,5,4,5,7,4,4,10,5,5,1,17,1,21,2,9,1,1,7,9,1,10,1,11,,23,,1,22,9,121.4675362,25.1182068
112,3,13,7,57,2,09北投區,北投區知行路65號,0,0,2,1,C03,8,1,8,30,15,22,1,5,4,5,7,4,4,10,5,5,1,17,1,76,2,8,1,1,7,6,1,10,1,11,,6,,1,22,9,121.4675362,25.1182068
112,3,13,8,10,2,04大安區,大安區辛亥路2段與建國南路2段口,0,0,2,1,B03,7,1,5,50,3,1,1,5,4,5,7,2,1,1,4,4,1,12,2,42,2,5,1,1,7,5,1,8,1,4,,17,,1,22,9,121.537857,25.0228351
112,3,13,8,10,2,04大安區,大安區辛亥路2段與建國南路2段口,0,0,2,2,C03,7,1,5,50,3,1,1,5,4,5,7,2,1,1,4,4,1,12,1,42,2,9,1,1,7,5,1,9,1,12,,17,,1,22,9,121.537857,25.0228351
112,3,13,8,15,2,01大同區,大同區錦西街67號,0,0,1,1,B03,7,1,5,50,14,9,1,5,4,5,7,4,4,4,3,5,1,17,1,46,3,10,1,1,7,11,1,8,1,4,,10,,1,22,9,121.5157723,25.05977409
112,3,13,8,15,2,01大同區,大同區錦西街67號,0,0,1,2,C03,7,1,5,50,14,9,1,5,4,5,7,4,4,4,3,5,1,17,1,39,2,7,1,1,7,9,1,10,1,11,,23,,1,22,9,121.5157723,25.05977409
112,3,13,8,25,2,03中山區,中山區民族東路與德惠街193巷口,0,0,1,1,C03,7,1,5,50,3,2,1,5,4,5,7,4,4,10,5,5,2,16,1,18,2,9,1,1,7,6,1,10,1,14,,6,,1,22,9,121.5325671,25.06815987
112,3,13,8,25,2,03中山區,中山區民族東路與德惠街193巷口,0,0,1,2,C03,7,1,5,50,3,2,1,5,4,5,7,4,4,10,5,5,2,16,1,39,3,10,1,1,7,9,1,10,1,12,,14,,1,22,9,121.5325671,25.06815987
112,3,13,8,40,2,02萬華區,萬華區堤外便道機車道(忠孝橋下)往北,0,0,2,1,C03,8,1,7,30,11,11,1,5,4,5,7,4,4,10,5,5,2,17,2,37,3,10,3,4,7,15,1,10,1,15,,26,,1,22,9,121.5050193,25.04830576
112,3,13,8,40,2,02萬華區,萬華區堤外便道機車道(忠孝橋下)往北,0,0,2,2,C03,8,1,7,30,11,11,1,5,4,5,7,4,4,10,5,5,2,17,1,35,2,9,3,4,7,9,1,10,1,11,,44,,1,22,9,121.5050193,25.04830576
112,3,13,8,40,2,02萬華區,萬華區堤外便道機車道(忠孝橋下)往北,0,0,2,3,C03,8,1,7,30,11,11,1,5,4,5,7,4,4,10,5,5,2,17,2,32,2,8,3,4,7,9,1,10,1,11,,44,,1,22,9,121.5050193,25.04830576
112,3,13,8,48,2,04大安區,大安區信義路3段與復興南路1段口,0,0,2,2,C03,7,1,5,50,4,2,1,5,4,5,7,4,4,1,4,5,2,13,1,62,2,9,1,1,7,14,1,10,1,13,,44,,1,22,9,121.5435216,25.033759
112,3,13,8,48,2,04大安區,大安區信義路3段與復興南路1段口,0,0,2,1,C03,7,1,5,50,4,2,1,5,4,5,7,4,4,1,4,5,2,13,2,21,2,9,1,1,7,9,1,10,1,11,,16,,1,22,9,121.5435216,25.033759
112,3,13,8,50,2,07信義區,信義區基隆路汽機車混合地下道南向北,0,0,2,2,C03,7,3,5,30,7,11,1,5,4,5,7,4,4,10,1,5,2,17,1,30,2,8,1,1,7,12,1,10,1,14,,44,,1,22,9,121.5620103,25.03663693
112,3,13,8,50,2,07信義區,信義區基隆路汽機車混合地下道南向北,0,0,2,1,C03,7,3,5,30,7,11,1,5,4,5,7,4,4,10,1,5,2,17,1,44,2,8,1,1,7,12,1,10,1,12,,16,,1,22,9,121.5620103,25.03663693
112,3,13,8,50,2,07信義區,信義區基隆路汽機車混合地下道南向北,0,0,2,3,C03,7,3,5,30,7,11,1,5,4,5,7,4,4,10,1,5,2,17,1,37,3,10,1,1,7,12,1,10,1,15,,42,,1,22,9,121.5620103,25.03663693
112,3,13,8,55,2,07信義區,信義區吳興街220巷71號對面,0,0,1,1,B03,7,1,5,50,14,9,1,5,4,5,7,4,4,5,5,5,2,12,1,54,3,10,1,1,7,5,1,8,9,4,,8,,1,22,9,121.5610853,25.0260719
112,3,13,8,55,2,07信義區,信義區吳興街220巷71號對面,0,0,1,2,C03,7,1,5,50,14,9,1,5,4,5,7,4,4,5,5,5,2,12,2,23,2,9,1,1,7,9,1,10,9,14,,42,,1,22,9,121.5610853,25.0260719
112,3,13,8,56,2,07信義區,信義區和平東路3段643號與和平東路3段636巷口,0,0,2,3,H02,8,1,5,40,3,1,1,5,4,5,7,2,1,8,3,5,2,12,2,4,2,9,2,5,7,17,8,20,10,16,,67,,1,22,9,121.5634384,25.0127521
112,3,13,8,56,2,07信義區,信義區和平東路3段643號與和平東路3段636巷口,0,0,2,1,C03,8,1,5,40,3,1,1,5,4,5,7,2,1,8,3,5,2,12,2,36,3,10,1,1,7,5,1,10,1,13,,42,,1,22,9,121.5634384,25.0127521
112,3,13,8,56,2,07信義區,信義區和平東路3段643號與和平東路3段636巷口,0,0,2,2,C03,8,1,5,40,3,1,1,5,4,5,7,2,1,8,3,5,2,12,2,37,2,9,1,1,7,9,1,10,1,11,,44,,1,22,9,121.5634384,25.0127521
112,3,13,9,0,2,03中山區,中山區中山北路2段與錦州街口,0,0,2,1,C03,7,1,5,50,4,2,1,5,4,5,7,1,1,9,4,1,2,12,1,28,2,8,1,1,7,8,1,10,1,12,,7,,1,22,9,121.5230594,25.0602276
112,3,13,9,0,2,03中山區,中山區中山北路2段與錦州街口,0,0,2,2,C03,7,1,5,50,4,2,1,5,4,5,7,1,1,9,4,1,2,12,1,41,2,8,1,1,7,9,1,10,1,11,,23,,1,22,9,121.5230594,25.0602276
112,3,13,9,22,2,03中山區,中山區建國北路1段與南京東路2段口,0,1,1,2,C03,7,1,5,50,4,1,1,5,4,5,7,1,1,1,4,5,2,12,2,56,2,9,1,1,7,9,1,10,2,14,,44,,1,22,9,121.5362573,25.051622
112,3,13,9,22,2,03中山區,中山區建國北路1段與南京東路2段口,0,1,1,3,H02,7,1,5,50,4,1,1,5,4,5,7,1,1,1,4,5,2,12,1,21,5,1,1,5,7,20,8,20,10,16,,67,,1,22,9,121.5362573,25.051622
112,3,13,9,22,2,03中山區,中山區建國北路1段與南京東路2段口,0,1,1,1,A32,7,1,5,50,4,1,1,5,4,5,7,1,1,1,4,5,2,12,1,42,3,10,1,1,7,9,1,1,2,2,,23,,1,22,9,121.5362573,25.051622
112,3,13,9,29,2,03中山區,中山區中原街與新生北路2段55巷口,0,0,2,2,C03,8,1,5,50,4,2,1,5,4,5,7,4,4,9,4,5,2,16,1,30,2,9,1,1,7,9,1,10,1,11,,23,,1,22,9,121.5288519,25.0564583
112,3,13,9,29,2,03中山區,中山區中原街與新生北路2段55巷口,0,0,2,1,C03,8,1,5,50,4,2,1,5,4,5,7,4,4,9,4,5,2,16,1,40,2,9,1,1,7,1,1,10,1,11,,19,,1,22,9,121.5288519,25.0564583
112,3,13,9,33,2,07信義區,信義區信義路4段與基隆路1段口,0,0,1,1,C03,7,1,5,50,14,9,1,5,4,5,7,2,1,1,4,5,2,12,2,24,2,9,1,1,7,7,1,10,2,13,,7,,1,22,9,121.5595963,25.0332634
112,3,13,9,33,2,07信義區,信義區信義路4段與基隆路1段口,0,0,1,2,B03,7,1,5,50,14,9,1,5,4,5,7,2,1,1,4,5,2,12,1,56,3,10,1,1,7,9,1,4,2,5,,16,,1,22,9,121.5595963,25.0332634
112,3,13,9,42,2,10文山區,文山區辛亥路4段與萬美街2段口,0,0,1,2,,7,1,5,50,3,1,1,4,4,5,7,2,1,5,2,5,2,18,3,0,,,,,,,,,,,,67,,1,,,121.5582463,25.0060851
112,3,13,9,42,2,10文山區,文山區辛亥路4段與萬美街2段口,0,0,1,1,C03,7,1,5,50,3,1,1,4,4,5,7,2,1,5,2,5,2,18,1,28,2,9,1,1,7,9,1,10,1,12,,43,,1,22,9,121.5582463,25.0060851
112,3,13,10,10,2,01大同區,大同區民權西路94巷與民權西路口,0,0,2,1,C03,8,2,5,50,3,2,1,5,4,5,7,4,4,1,4,4,2,16,1,41,2,9,1,1,7,9,1,10,1,12,,17,,1,22,9,121.5187694,25.06279574
112,3,13,10,10,2,01大同區,大同區民權西路94巷與民權西路口,0,0,2,2,C03,8,2,5,50,3,2,1,5,4,5,7,4,4,1,4,4,2,16,2,24,2,8,1,1,7,9,1,10,1,14,,44,,1,22,9,121.5187694,25.06279574
112,3,13,10,16,2,12內湖區,內湖區民權東路6段45號前,0,0,1,3,E05,6,1,5,40,14,8,1,4,4,5,7,4,4,1,4,4,2,17,1,41,3,10,1,1,7,14,1,8,1,15,,44,,1,22,9,121.5853784,25.06897343
112,3,13,10,16,2,12內湖區,內湖區民權東路6段45號前,0,0,1,2,C03,6,1,5,40,14,8,1,4,4,5,7,4,4,1,4,4,2,17,1,26,2,9,1,1,7,9,1,10,1,14,,42,,1,22,9,121.5853784,25.06897343
112,3,13,10,16,2,12內湖區,內湖區民權東路6段45號前,0,0,1,1,B03,6,1,5,40,14,8,1,4,4,5,7,4,4,1,4,4,2,17,1,47,3,10,1,1,7,14,1,8,1,15,,6,,1,22,9,121.5853784,25.06897343
112,3,13,10,21,2,01大同區,大同區民族西路與延平北路3段口,0,0,1,2,B03,7,1,5,50,4,2,1,5,4,5,7,1,1,8,3,5,1,16,1,67,3,10,1,1,7,9,1,8,2,1,,44,,1,22,9,121.5109226,25.06874022
112,3,13,10,21,2,01大同區,大同區民族西路與延平北路3段口,0,0,1,1,C03,7,1,5,50,4,2,1,5,4,5,7,1,1,8,3,5,1,16,1,33,2,9,1,1,7,5,1,10,2,12,,8,,1,22,9,121.5109226,25.06874022
112,3,13,10,27,2,10文山區,文山區景文街155號,0,0,2,1,C03,6,1,5,50,14,9,1,4,4,5,7,4,4,9,5,5,2,3,2,32,2,9,1,1,7,15,1,10,2,11,,26,,1,22,9,121.5409177,24.98960994
112,3,13,10,27,2,10文山區,文山區景文街155號,0,0,2,2,H01,6,1,5,50,14,9,1,4,4,5,7,4,4,9,5,5,2,3,2,50,2,9,4,5,8,18,8,20,10,16,,51,,1,22,9,121.5409177,24.98960994
112,3,13,10,30,2,12內湖區,內湖區康寧路3段與康寧路3段16巷口,0,0,1,1,C03,8,1,5,50,4,2,1,5,4,5,7,2,1,9,4,5,2,16,2,67,2,7,1,1,7,6,4,11,2,13,,9,,1,22,9,121.6068817,25.07274747
112,3,13,10,30,2,12內湖區,內湖區康寧路3段與康寧路3段16巷口,0,0,1,2,C03,8,1,5,50,4,2,1,5,4,5,7,2,1,9,4,5,2,16,1,24,3,10,1,1,7,9,1,10,2,11,,23,,1,22,9,121.6068817,25.07274747
112,3,13,10,43,2,03中山區,中山區南京東路2段與建國北路2段口,0,0,1,1,C03,7,1,5,50,4,2,1,5,4,5,7,1,1,9,4,5,2,18,1,58,2,9,1,1,7,8,1,10,1,11,,44,,1,22,9,121.5364451,25.0523009
112,3,13,10,43,2,03中山區,中山區南京東路2段與建國北路2段口,0,0,1,2,,7,1,5,50,4,2,1,5,4,5,7,1,1,9,4,5,2,18,3,0,,,,,,,,,,,,67,,1,,,121.5364451,25.0523009
112,3,13,10,45,2,01大同區,大同區延平北路3段與延平北路3段113巷口口,0,0,1,1,B03,7,1,5,50,4,1,1,5,4,5,7,3,1,8,3,5,2,12,1,64,3,10,1,1,7,11,1,8,1,4,,10,,1,22,9,121.5108874,25.0682353
112,3,13,10,45,2,01大同區,大同區延平北路3段與延平北路3段113巷口口,0,0,1,2,C03,7,1,5,50,4,1,1,5,4,5,7,3,1,8,3,5,2,12,1,19,2,9,1,1,7,9,1,10,1,11,,44,,1,22,9,121.5108874,25.0682353
112,3,13,10,45,2,09北投區,北投區承德路6段與軟橋街口南往北,0,0,1,1,B03,8,1,5,50,4,2,1,5,4,5,7,1,1,9,4,5,1,12,1,55,3,10,1,1,7,6,1,8,2,2,,9,,1,22,9,121.5130215,25.0990126
112,3,13,10,45,2,09北投區,北投區承德路6段與軟橋街口南往北,0,0,1,2,C03,8,1,5,50,4,2,1,5,4,5,7,1,1,9,4,5,1,12,1,19,2,7,1,1,7,9,1,10,2,14,,23,,1,22,9,121.5130215,25.0990126
112,3,13,10,55,2,03中山區,中山區松江路100巷與松江路口,0,0,1,3,A42,7,1,5,50,14,9,1,5,4,5,7,4,4,1,3,5,1,17,1,53,3,10,3,4,1,14,1,5,11,15,,38,,1,22,9,121.5329184,25.0508224
112,3,13,10,55,2,03中山區,中山區松江路100巷與松江路口,0,0,1,1,B02,7,1,5,50,14,9,1,5,4,5,7,4,4,1,3,5,1,17,1,58,3,10,3,4,7,1,1,8,2,15,,19,,1,22,9,121.5329184,25.0508224
112,3,13,10,55,2,03中山區,中山區松江路100巷與松江路口,0,0,1,2,C04,7,1,5,50,14,9,1,5,4,5,7,4,4,1,3,5,1,17,1,26,2,9,1,4,7,9,1,10,2,12,,13,,1,22,9,121.5329184,25.0508224
112,3,13,10,56,2,03中山區,中山區南京東路3段68號,0,0,2,3,H02,7,1,5,50,14,8,1,5,4,5,7,4,4,1,4,4,2,12,2,49,2,9,1,1,7,20,8,20,10,16,,67,,1,22,9,121.538618,25.0518444
112,3,13,10,56,2,03中山區,中山區南京東路3段68號,0,0,2,1,C03,7,1,5,50,14,8,1,5,4,5,7,4,4,1,4,4,2,12,1,54,3,10,1,1,7,8,4,11,1,12,,7,,1,22,9,121.538618,25.0518444
112,3,13,10,56,2,03中山區,中山區南京東路3段68號,0,0,2,2,F03,7,1,5,50,14,8,1,5,4,5,7,4,4,1,4,4,2,12,1,58,2,8,1,1,7,9,8,20,1,15,,44,,1,22,9,121.538618,25.0518444
112,3,13,12,0,2,03中山區,中山區中山北路3段與農安街口,0,0,2,2,C04,7,1,5,50,4,2,1,5,4,5,7,1,1,9,5,5,2,12,1,23,2,7,1,1,7,11,1,10,2,11,,10,,1,22,9,121.5225179,25.06493986
112,3,13,12,0,2,03中山區,中山區中山北路3段與農安街口,0,0,2,1,C04,7,1,5,50,4,2,1,5,4,5,7,1,1,9,5,5,2,12,2,42,2,7,1,1,7,5,1,11,2,11,,23,,1,22,9,121.5225179,25.06493986
112,3,13,12,5,2,08士林區,士林區至善路2段401號前,0,0,1,3,B03,8,1,5,50,14,9,1,5,4,5,7,4,4,1,4,5,2,17,1,39,3,10,1,1,7,8,1,8,11,15,,7,,1,22,9,121.5573748,25.10605509
112,3,13,12,5,2,08士林區,士林區至善路2段401號前,0,0,1,2,B03,8,1,5,50,14,9,1,5,4,5,7,4,4,1,4,5,2,17,1,73,3,10,1,1,7,15,1,8,1,7,,44,,1,22,9,121.5573748,25.10605509
112,3,13,12,5,2,08士林區,士林區至善路2段401號前,0,0,1,1,B02,8,1,5,50,14,9,1,5,4,5,7,4,4,1,4,5,2,17,1,58,2,9,1,1,7,9,1,4,1,5,,23,,1,22,9,121.5573748,25.10605509
112,3,13,12,10,2,04大安區,大安區復興南路1段219巷與忠孝東路4段26巷口,0,0,1,1,C03,7,1,5,30,4,1,1,5,4,5,7,4,4,10,5,5,1,15,2,30,2,8,1,1,7,9,1,9,1,11,,6,,1,22,9,121.5443825,25.0390403
112,3,13,12,10,2,04大安區,大安區復興南路1段219巷與忠孝東路4段26巷口,0,0,1,2,B01,7,1,5,30,4,1,1,5,4,5,7,4,4,10,5,5,1,15,1,69,3,10,3,4,7,9,1,4,1,8,,23,,1,22,9,121.5443825,25.0390403
112,3,13,12,10,2,04大安區,大安區仁愛路4段345巷與仁愛路4段345巷2弄口,0,0,1,1,B03,7,1,5,30,4,1,1,5,4,5,7,4,4,10,5,5,2,15,1,50,3,10,3,4,7,9,1,8,1,8,,6,,1,22,9,121.554059,25.0384703
112,3,13,12,10,2,04大安區,大安區仁愛路4段345巷與仁愛路4段345巷2弄口,0,0,1,2,C03,7,1,5,30,4,1,1,5,4,5,7,4,4,10,5,5,2,15,1,42,2,9,1,4,7,9,1,10,1,11,,14,,1,22,9,121.554059,25.0384703
112,3,13,13,10,2,03中山區,中山區復興北路6號,0,0,1,4,B01,7,1,5,50,14,9,1,5,4,5,7,4,4,1,4,5,2,12,1,59,3,10,1,1,7,10,1,2,11,15,,7,,1,22,9,121.5438309,25.0479942
112,3,13,13,10,2,03中山區,中山區復興北路6號,0,0,1,3,B12,7,1,5,50,14,9,1,5,4,5,7,4,4,1,4,5,2,12,1,42,3,10,1,1,7,13,1,8,1,4,,44,,1,22,9,121.5438309,25.0479942
112,3,13,13,10,2,03中山區,中山區復興北路6號,0,0,1,2,C03,7,1,5,50,14,9,1,5,4,5,7,4,4,1,4,5,2,12,1,23,2,9,1,1,7,9,1,10,1,14,,13,,1,22,9,121.5438309,25.0479942
112,3,13,13,10,2,03中山區,中山區復興北路6號,0,0,1,1,B03,7,1,5,50,14,9,1,5,4,5,7,4,4,1,4,5,2,12,1,35,3,10,1,1,7,8,1,8,1,2,,7,,1,22,9,121.5438309,25.0479942