發生年度,發生月,發生日,發生時-Hours,發生分,處理別-編號,區序,肇事地點,死亡人數,2-30日死亡人數,受傷人數,當事人序號,車種,天候,光線,道路類別,速限-速度限制,道路型態,事故位置,路面狀況1,路面狀況2,路面狀況3,道路障礙1,道路障礙2,號誌1,號誌2,車道劃分-分向,車道劃分-分道1,車道劃分-分道2,車道劃分-分道3,事故類型及型態,性別,年齡,受傷程度,主要傷處,保護裝置,行動電話,車輛用途,當事者行動狀態,駕駛資格情形,駕駛執照種類,飲酒情形,車輛撞擊部位1,車輛撞擊部位2,肇因碼-個別,肇因碼-主要,個人肇逃否,職業,旅次目的,座標-X,座標-Y
112,3,13,13,40,2,03中山區,中山區錦州街241巷1弄19-5號對面,0,0,1,1,B12,7,1,5,30,14,9,1,5,4,5,7,4,4,9,5,5,2,2,1,51,3,10,1,1,7,9,1,8,1,2,,23,,1,22,9,121.5348352,25.0608006
112,3,13,13,40,2,03中山區,中山區錦州街241巷1弄19-5號對面,0,0,1,2,H01,7,1,5,30,14,9,1,5,4,5,7,4,4,9,5,5,2,2,1,60,2,1,4,5,8,16,8,20,10,16,,67,,1,22,9,121.5348352,25.0608006
112,3,13,13,40,2,04大安區,大安區和平東路2段93號,0,0,1,2,B03,7,1,5,40,14,8,1,5,4,5,7,4,4,1,4,4,2,13,1,58,3,10,3,4,7,3,1,8,3,7,,44,,1,22,9,121.5400797,25.02543718
112,3,13,13,40,2,04大安區,大安區和平東路2段93號,0,0,1,1,C03,7,1,5,40,14,8,1,5,4,5,7,4,4,1,4,4,2,13,1,48,2,9,3,4,7,9,6,10,2,11,,23,,1,22,9,121.5400797,25.02543718
112,3,13,14,16,2,01大同區,大同區大龍街與酒泉街口,0,0,1,2,H01,7,1,5,50,4,2,1,5,4,5,7,2,1,8,3,5,1,9,1,75,2,8,4,5,8,16,8,20,10,15,,67,,1,22,9,121.5158831,25.07200079
112,3,13,14,16,2,01大同區,大同區大龍街與酒泉街口,0,0,1,1,B03,7,1,5,50,4,2,1,5,4,5,7,2,1,8,3,5,1,9,2,41,3,10,1,1,7,5,6,8,1,1,,15,,1,22,9,121.5158831,25.07200079
112,3,13,14,45,2,04大安區,大安區師大路與師大路114巷口,0,0,1,1,B01,8,1,5,50,3,1,1,5,4,5,7,4,4,9,5,5,1,12,1,51,3,10,1,1,7,5,1,4,1,4,,8,,1,22,9,121.5281914,25.0218234
112,3,13,14,45,2,04大安區,大安區師大路與師大路114巷口,0,0,1,2,C03,8,1,5,50,3,1,1,5,4,5,7,4,4,9,5,5,1,12,1,20,2,9,1,1,7,9,1,10,1,12,,23,,1,22,9,121.5281914,25.0218234
112,3,13,14,48,2,04大安區,大安區基隆路2段329號,0,0,1,1,C03,7,1,5,50,14,9,1,5,4,5,7,4,4,1,4,5,2,13,2,24,2,9,1,1,7,9,1,10,1,11,,16,,1,22,9,121.548907,25.0209647
112,3,13,14,48,2,04大安區,大安區基隆路2段329號,0,0,1,2,B01,7,1,5,50,14,9,1,5,4,5,7,4,4,1,4,5,2,13,1,42,3,10,1,1,7,14,1,4,1,6,,44,,1,22,9,121.548907,25.0209647
112,3,13,14,48,2,04大安區,大安區基隆路2段329號,0,0,1,3,B01,7,1,5,50,14,9,1,5,4,5,7,4,4,1,4,5,2,13,1,58,3,10,1,1,7,5,1,4,9,15,,26,,1,22,9,121.548907,25.0209647
112,3,13,15,2,2,07信義區,信義區莊敬路393號,0,0,1,1,B03,7,1,5,50,14,8,1,5,4,5,7,1,1,5,4,4,2,17,2,48,3,10,1,1,7,6,1,8,2,2,,6,,1,22,9,121.5656389,25.0274991
112,3,13,15,2,2,07信義區,信義區莊敬路393號,0,0,1,2,C03,7,1,5,50,14,8,1,5,4,5,7,1,1,5,4,4,2,17,2,41,2,9,1,1,7,9,1,10,2,14,,23,,1,22,9,121.5656389,25.0274991
112,3,13,15,33,2,01大同區,大同區民權西路95號,0,0,2,1,C03,7,1,5,50,15,9,1,5,4,5,7,1,1,1,4,5,2,17,2,31,2,9,1,1,7,9,1,10,2,11,,16,,1,22,9,121.5187481,25.0629743
112,3,13,15,33,2,01大同區,大同區民權西路95號,0,0,2,2,B01,7,1,5,50,15,9,1,5,4,5,7,1,1,1,4,5,2,17,1,66,3,10,1,1,7,9,1,4,2,6,,44,,1,22,9,121.5187481,25.0629743
112,3,13,15,33,2,01大同區,大同區民權西路95號,0,0,2,3,C03,7,1,5,50,15,9,1,5,4,5,7,1,1,1,4,5,2,17,1,24,2,8,1,1,7,9,1,10,2,11,,44,,1,22,9,121.5187481,25.0629743
112,3,13,16,8,2,03中山區,中山區北安路向西近自強隧道機慢車專用道,0,0,3,2,C03,7,1,5,40,14,11,1,5,4,5,7,4,4,1,5,5,1,13,1,32,2,9,1,1,7,9,1,10,1,13,,44,,1,22,9,121.5508687,25.086191
112,3,13,16,8,2,03中山區,中山區北安路向西近自強隧道機慢車專用道,0,0,3,3,H02,7,1,5,40,14,11,1,5,4,5,7,4,4,1,5,5,1,13,2,27,2,8,1,5,7,20,8,20,10,16,,67,,1,22,9,121.5508687,25.086191
112,3,13,16,8,2,03中山區,中山區北安路向西近自強隧道機慢車專用道,0,0,3,1,C03,7,1,5,40,14,11,1,5,4,5,7,4,4,1,5,5,1,13,1,42,2,9,1,1,7,9,1,10,1,11,,16,,1,22,9,121.5508687,25.086191
112,3,13,16,16,2,01大同區,大同區民族西路與重慶北路3段口,0,0,1,1,B03,7,1,5,50,4,2,1,5,4,5,7,1,1,8,3,5,1,16,1,44,3,10,1,1,7,5,1,8,2,1,,23,,1,22,9,121.5138458,25.06860939
112,3,13,16,16,2,01大同區,大同區民族西路與重慶北路3段口,0,0,1,2,C03,7,1,5,50,4,2,1,5,4,5,7,1,1,8,3,5,1,16,1,33,2,9,1,1,7,9,1,10,2,14,,23,,1,22,9,121.5138458,25.06860939
112,3,13,16,35,2,03中山區,中山區新生北路2段與新生北路2段15巷口,0,0,1,1,B12,8,1,5,50,3,2,1,5,4,3,7,4,4,1,4,5,2,17,1,33,3,10,3,4,7,13,1,8,1,15,,42,,1,22,9,121.5277871,25.05288335
112,3,13,16,35,2,03中山區,中山區新生北路2段與新生北路2段15巷口,0,0,1,2,C03,8,1,5,50,3,2,1,5,4,3,7,4,4,1,4,5,2,17,2,51,2,9,1,4,7,9,1,10,1,15,,44,,1,22,9,121.5277871,25.05288335
112,3,13,16,50,2,03中山區,中山區中山北路3段北往南、水晶情人橋,0,0,2,1,C03,7,1,5,50,14,9,1,5,4,5,7,1,1,1,3,5,1,13,1,21,2,9,3,4,7,9,1,10,1,11,,23,,1,22,9,121.5234443,25.07092985
112,3,13,16,50,2,03中山區,中山區中山北路3段北往南、水晶情人橋,0,0,2,2,C03,7,1,5,50,14,9,1,5,4,5,7,1,1,1,3,5,1,13,2,33,2,8,3,4,7,14,1,10,1,13,,44,,1,22,9,121.5234443,25.07092985
112,3,13,17,0,2,09北投區,北投區大度路3段與立德路口,0,0,1,2,C03,8,1,5,50,14,9,1,5,4,5,7,1,1,9,4,4,2,13,1,18,3,10,1,1,7,9,1,10,1,13,,44,,1,22,9,121.4714357,25.12269882
112,3,13,17,0,2,09北投區,北投區大度路3段與立德路口,0,0,1,1,C03,8,1,5,50,14,9,1,5,4,5,7,1,1,9,4,4,2,13,1,19,2,9,1,1,7,9,1,10,1,11,,16,,1,22,9,121.4714357,25.12269882
112,3,13,17,13,2,01大同區,大同區大龍街與昌吉街口,0,0,1,2,C03,7,1,5,50,4,1,1,5,4,5,7,2,1,5,2,5,2,15,1,35,2,8,1,4,7,9,1,10,1,11,,44,,1,22,9,121.5160525,25.0658987
112,3,13,17,13,2,01大同區,大同區大龍街與昌吉街口,0,0,1,1,B03,7,1,5,50,4,1,1,5,4,5,7,2,1,5,2,5,2,15,1,62,3,10,1,4,7,1,1,6,1,8,,19,,1,22,9,121.5160525,25.0658987
112,3,13,17,30,2,12內湖區,內湖區大湖山莊街與大湖山莊街219巷口口,0,0,3,3,H01,6,2,5,30,4,1,1,4,4,5,7,3,1,4,5,5,2,1,2,10,2,1,4,5,8,16,8,20,10,16,,67,,1,22,9,121.5993622,25.08808999
112,3,13,17,30,2,12內湖區,內湖區大湖山莊街與大湖山莊街219巷口口,0,0,3,1,B03,6,2,5,30,4,1,1,4,4,5,7,3,1,4,5,5,2,1,1,56,3,10,1,1,7,5,1,8,2,1,,15,,1,22,9,121.5993622,25.08808999
112,3,13,17,30,2,12內湖區,內湖區大湖山莊街與大湖山莊街219巷口口,0,0,3,4,H01,6,2,5,30,4,1,1,4,4,5,7,3,1,4,5,5,2,1,2,8,2,5,4,5,8,16,8,20,10,16,,67,,1,22,9,121.5993622,25.08808999
112,3,13,17,30,2,12內湖區,內湖區大湖山莊街與大湖山莊街219巷口口,0,0,3,2,H01,6,2,5,30,4,1,1,4,4,5,7,3,1,4,5,5,2,1,2,58,2,9,4,5,8,16,8,20,10,16,,67,,1,22,9,121.5993622,25.08808999
112,3,13,17,39,2,04大安區,大安區樂業街45號,0,0,2,2,C03,8,3,5,30,14,9,1,5,4,5,7,4,4,9,5,5,1,11,1,50,2,7,1,1,7,9,1,10,1,11,,14,,1,22,9,121.5501323,25.022498
112,3,13,17,39,2,04大安區,大安區樂業街45號,0,0,2,1,F01,8,3,5,30,14,9,1,5,4,5,7,4,4,9,5,5,1,11,1,78,2,8,2,1,7,5,8,20,1,16,,8,,1,22,9,121.5501323,25.022498
112,3,13,17,44,2,12內湖區,內湖區成功路2段250巷32號,0,0,1,1,C03,6,1,5,30,4,1,1,4,4,5,7,4,4,10,5,5,2,15,2,55,2,9,1,1,7,9,1,10,2,11,,6,,1,22,9,121.5891304,25.06615401
112,3,13,17,44,2,12內湖區,內湖區成功路2段250巷32號,0,0,1,2,B03,6,1,5,30,4,1,1,4,4,5,7,4,4,10,5,5,2,15,1,52,3,10,1,1,7,9,1,8,2,4,,44,,1,22,9,121.5891304,25.06615401
112,3,13,17,51,2,02萬華區,萬華區桂林路31號,0,0,1,2,C03,8,3,5,50,14,9,1,4,4,5,7,4,4,10,5,5,2,12,1,29,2,7,1,1,7,9,1,10,9,14,,44,,1,22,9,121.5045417,25.0379515
112,3,13,17,51,2,02萬華區,萬華區桂林路31號,0,0,1,1,A02,8,3,5,50,14,9,1,4,4,5,7,4,4,10,5,5,2,12,1,53,4,11,3,4,7,8,7,19,9,2,,7,,1,22,9,121.5045417,25.0379515
112,3,13,18,0,2,08士林區,士林區至善路1段209燈桿,0,0,1,2,B03,6,3,5,50,14,9,1,4,4,5,7,4,4,1,4,5,1,12,2,38,3,10,1,1,7,9,1,8,2,2,,23,,1,22,9,121.536907,25.0990632
112,3,13,18,0,2,08士林區,士林區至善路1段209燈桿,0,0,1,1,C03,6,3,5,50,14,9,1,4,4,5,7,4,4,1,4,5,1,12,1,25,2,9,1,1,7,9,1,10,2,14,,17,,1,22,9,121.536907,25.0990632
112,3,13,18,23,2,05中正區,中正區汀州路3段147號,0,0,2,2,C03,6,3,5,50,14,9,1,4,4,5,7,4,4,5,4,5,2,12,1,21,2,7,3,4,7,9,1,10,1,11,,13,,1,22,9,121.531248,25.0155954
112,3,13,18,23,2,05中正區,中正區汀州路3段147號,0,0,2,1,C03,6,3,5,50,14,9,1,4,4,5,7,4,4,5,4,5,2,12,1,46,2,9,3,4,7,1,1,10,1,14,,19,,1,22,9,121.531248,25.0155954
112,3,13,18,30,2,01大同區,大同區西寧北路43號,0,0,1,2,C03,7,3,5,50,14,9,1,5,4,5,7,4,4,5,2,5,2,17,1,28,2,8,1,4,7,9,1,9,1,11,,23,,1,22,9,121.5088034,25.05391045
112,3,13,18,30,2,01大同區,大同區西寧北路43號,0,0,1,1,B01,7,3,5,50,14,9,1,5,4,5,7,4,4,5,2,5,2,17,1,64,3,10,1,4,7,11,1,4,1,6,,10,,1,22,9,121.5088034,25.05391045
112,3,13,18,30,2,03中山區,中山區民族東路與松江路口向西過松江路,0,0,1,1,C03,7,3,5,50,14,9,1,5,4,5,7,4,4,3,4,5,2,12,2,32,3,10,3,4,7,6,1,10,1,12,,23,,1,22,9,121.5326987,25.0683294
112,3,13,18,30,2,03中山區,中山區民族東路與松江路口向西過松江路,0,0,1,2,F03,7,3,5,50,14,9,1,5,4,5,7,4,4,3,4,5,2,12,1,41,2,7,3,4,7,12,8,20,1,16,,44,,1,22,9,121.5326987,25.0683294
112,3,13,18,30,2,09北投區,北投區東華街2段300巷與東華街2段口,0,0,1,2,B03,8,3,5,40,14,9,1,5,4,5,7,4,4,9,4,5,2,13,1,38,3,10,1,1,7,14,1,8,1,3,,44,,1,22,9,121.5043225,25.121409
112,3,13,18,30,2,09北投區,北投區東華街2段300巷與東華街2段口,0,0,1,1,C04,8,3,5,40,14,9,1,5,4,5,7,4,4,9,4,5,2,13,1,50,2,9,1,1,7,9,1,8,1,11,,23,,1,22,9,121.5043225,25.121409
112,3,13,18,36,2,10文山區,文山區景華街與景華街52巷口,0,0,2,1,F01,8,3,5,50,4,1,1,5,4,5,7,4,4,10,5,5,2,16,1,15,2,9,3,1,7,1,8,20,1,16,,19,,1,22,9,121.5438035,24.9950678
112,3,13,18,36,2,10文山區,文山區景華街與景華街52巷口,0,0,2,2,C03,8,3,5,50,4,1,1,5,4,5,7,4,4,10,5,5,2,16,2,61,2,9,1,1,7,9,1,10,1,11,,44,,1,22,9,121.5438035,24.9950678
112,3,13,18,38,2,03中山區,中山區民族西路與玉門街口,0,0,1,1,B03,8,3,5,50,4,1,1,5,4,5,7,1,1,4,3,5,1,16,1,29,3,10,1,1,7,8,1,8,1,5,,7,,1,22,9,121.5200656,25.0685807
112,3,13,18,38,2,03中山區,中山區民族西路與玉門街口,0,0,1,2,C03,8,3,5,50,4,1,1,5,4,5,7,1,1,4,3,5,1,16,1,44,2,5,1,1,7,9,1,10,1,14,,44,,1,22,9,121.5200656,25.0685807
112,3,13,18,56,2,01大同區,大同區民族西路179號,0,0,1,1,B03,6,3,5,50,14,9,1,4,4,5,7,4,4,9,4,5,2,13,1,31,3,10,3,4,7,9,1,8,1,1,,16,,1,22,9,121.5150996,25.0686237
112,3,13,18,56,2,01大同區,大同區民族西路179號,0,0,1,2,C03,6,3,5,50,14,9,1,4,4,5,7,4,4,9,4,5,2,13,1,65,2,9,3,4,7,9,1,10,1,13,,44,,1,22,9,121.5150996,25.0686237
112,3,13,18,56,2,01大同區,大同區民族西路179號,0,0,1,3,B03,6,3,5,50,14,9,1,4,4,5,7,4,4,9,4,5,2,13,1,33,3,10,3,4,7,14,3,18,1,3,,44,,1,22,9,121.5150996,25.0686237
112,3,13,19,0,2,06松山區,松山區民生東路3段109號,0,0,1,1,A02,7,3,5,50,14,9,1,4,4,5,7,4,4,3,4,5,2,17,1,52,3,10,1,1,7,1,1,2,1,4,,19,,1,22,9,121.5451939,25.0578325
112,3,13,19,0,2,06松山區,松山區民生東路3段109號,0,0,1,2,B03,7,3,5,50,14,9,1,4,4,5,7,4,4,3,4,5,2,17,1,53,3,10,1,1,7,8,1,8,1,6,,7,,1,22,9,121.5451939,25.0578325
112,3,13,19,0,2,06松山區,松山區民生東路3段109號,0,0,1,3,H02,7,3,5,50,14,9,1,4,4,5,7,4,4,3,4,5,2,17,2,25,2,9,3,5,7,21,8,20,10,16,,67,,1,22,9,121.5451939,25.0578325
112,3,13,19,36,2,10文山區,文山區羅斯福路6段與三福街口,0,0,1,1,B03,7,3,5,50,4,1,1,5,4,5,7,2,1,1,4,5,2,16,1,45,3,10,1,1,7,5,1,5,1,5,,6,,1,22,9,121.5412295,24.9959709
112,3,13,19,36,2,10文山區,文山區羅斯福路6段與三福街口,0,0,1,2,C03,7,3,5,50,4,1,1,5,4,5,7,2,1,1,4,5,2,16,1,31,2,8,1,1,7,9,1,10,1,11,,44,,1,22,9,121.5412295,24.9959709
112,3,13,19,43,2,07信義區,信義區吳興街220巷與信安街67巷口,0,0,1,2,B03,7,3,5,50,3,1,1,5,4,5,7,1,1,5,4,4,2,12,1,28,3,10,1,1,7,6,1,8,2,5,,44,,1,22,9,121.5607994,25.0258763
112,3,13,19,43,2,07信義區,信義區吳興街220巷與信安街67巷口,0,0,1,1,C03,7,3,5,50,3,1,1,5,4,5,7,1,1,5,4,4,2,12,1,60,2,9,1,1,7,5,1,10,2,14,,8,,1,22,9,121.5607994,25.0258763
112,3,13,20,0,2,07信義區,信義區市民大道6段與中坡北路口,0,0,2,1,C03,6,3,5,40,4,1,1,4,4,5,7,1,1,10,4,5,1,17,1,28,2,9,1,1,7,5,1,10,1,14,,8,,1,22,9,121.5802926,25.0489798
112,3,13,20,0,2,07信義區,信義區市民大道6段與中坡北路口,0,0,2,2,C03,6,3,5,40,4,1,1,4,4,5,7,1,1,10,4,5,1,17,1,58,2,9,1,1,7,9,1,10,1,11,,23,,1,22,9,121.5802926,25.0489798
112,3,13,20,1,2,10文山區,文山區景隆街與羅斯福路6段159巷1弄口,0,0,1,2,B03,8,3,5,50,4,1,1,5,4,5,7,4,4,5,5,5,2,16,1,18,3,10,1,1,7,9,3,18,1,1,,14,,1,22,9,121.5402208,24.9997582
112,3,13,20,1,2,10文山區,文山區景隆街與羅斯福路6段159巷1弄口,0,0,1,1,C03,8,3,5,50,4,1,1,5,4,5,7,4,4,5,5,5,2,16,1,49,2,9,1,1,7,5,1,10,1,12,,6,,1,22,9,121.5402208,24.9997582
112,3,13,20,26,2,09北投區,北投區學園路台北藝術大學公車站,0,0,1,1,B03,7,3,5,40,14,9,1,5,4,5,7,4,4,9,5,5,1,12,1,68,3,10,1,1,7,11,1,8,1,8,,10,,1,22,9,121.4659761,25.1294608
112,3,13,20,26,2,09北投區,北投區學園路台北藝術大學公車站,0,0,1,2,C03,7,3,5,40,14,9,1,5,4,5,7,4,4,9,5,5,1,12,1,18,2,7,1,1,7,9,1,10,1,11,,43,,1,22,9,121.4659761,25.1294608
112,3,13,21,8,2,08士林區,士林區承德路4段與大南路口(百齡橋下橋處),0,0,1,1,B03,7,3,5,50,14,9,1,5,4,5,7,1,1,9,4,5,2,17,4,0,4,11,3,4,7,15,7,19,11,15,,43,,2,22,9,121.5165131,25.09059349
112,3,13,21,8,2,08士林區,士林區承德路4段與大南路口(百齡橋下橋處),0,0,1,2,C03,7,3,5,50,14,9,1,5,4,5,7,1,1,9,4,5,2,17,1,30,2,5,1,1,7,14,1,10,2,14,,44,,1,22,9,121.5165131,25.09059349
112,3,13,21,44,2,03中山區,中山區民權東路1段與中山北路2段口,0,0,2,2,C03,6,3,5,50,4,2,1,4,4,5,7,2,1,1,4,5,2,13,2,53,2,9,3,4,7,12,1,10,1,14,,44,,1,22,9,121.5229176,25.0628508
112,3,13,21,44,2,03中山區,中山區民權東路1段與中山北路2段口,0,0,2,1,C03,6,3,5,50,4,2,1,4,4,5,7,2,1,1,4,5,2,13,2,28,2,9,3,4,7,9,1,10,1,12,,16,,1,22,9,121.5229176,25.0628508
112,3,13,21,48,2,04大安區,大安區樂利路86巷與樂利路口口,0,0,1,2,C03,6,3,5,30,3,1,1,4,4,5,7,4,4,5,4,5,2,15,2,59,2,8,3,4,7,9,4,10,2,12,,44,,1,22,9,121.5518509,25.0253735
112,3,13,21,48,2,04大安區,大安區樂利路86巷與樂利路口口,0,0,1,1,B03,6,3,5,30,3,1,1,4,4,5,7,4,4,5,4,5,2,15,1,42,3,10,3,4,7,9,1,8,2,8,,6,,1,22,9,121.5518509,25.0253735
112,3,13,21,59,2,05中正區,中正區重慶南路2段10號,0,0,1,1,C03,6,3,5,50,14,9,1,4,4,5,7,4,4,1,4,5,2,13,1,23,3,10,1,1,7,9,1,10,1,11,,23,,1,22,9,121.5134156,25.03330976
112,3,13,21,59,2,05中正區,中正區重慶南路2段10號,0,0,1,2,F01,6,3,5,50,14,9,1,4,4,5,7,4,4,1,4,5,2,13,1,32,2,9,1,1,7,9,8,20,1,16,,44,,1,22,9,121.5134156,25.03330976
112,3,13,22,0,2,06松山區,松山區民權東路3段與民族東路口,0,0,2,1,B03,6,3,5,50,3,1,1,4,4,5,7,4,4,1,4,5,2,16,1,24,3,10,1,4,7,8,1,8,2,2,,7,,1,22,9,121.5499543,25.06176406
112,3,13,22,0,2,06松山區,松山區民權東路3段與民族東路口,0,0,2,2,C03,6,3,5,50,3,1,1,4,4,5,7,4,4,1,4,5,2,16,1,29,2,9,1,4,7,9,1,10,2,12,,14,,1,22,9,121.5499543,25.06176406
112,3,13,22,0,2,06松山區,松山區民權東路3段與民族東路口,0,0,2,3,H02,6,3,5,50,3,1,1,4,4,5,7,4,4,1,4,5,2,16,2,31,2,1,1,5,7,20,8,20,10,16,,67,,1,22,9,121.5499543,25.06176406
112,3,13,22,3,2,08士林區,士林區中山北路5段697號,0,0,1,1,B01,8,3,5,50,14,9,1,5,4,5,7,1,1,1,5,5,1,17,1,63,3,10,1,1,7,1,1,4,1,15,,19,,1,22,9,121.5272378,25.09775195
112,3,13,22,3,2,08士林區,士林區中山北路5段697號,0,0,1,2,C03,8,3,5,50,14,9,1,5,4,5,7,1,1,1,5,5,1,17,2,26,2,9,1,1,7,9,1,10,1,11,,23,,1,22,9,121.5272378,25.09775195
112,3,13,22,3,2,08士林區,士林區中山北路5段697號,0,0,1,4,,8,3,5,50,14,9,1,5,4,5,7,1,1,1,5,5,1,17,3,0,,,,,,,,,,,,67,,1,,,121.5272378,25.09775195
112,3,13,22,3,2,08士林區,士林區中山北路5段697號,0,0,1,3,C03,8,3,5,50,14,9,1,5,4,5,7,1,1,1,5,5,1,17,2,39,3,10,1,1,7,9,1,10,1,11,,44,,1,22,9,121.5272378,25.09775195
112,3,13,22,6,2,03中山區,中山區中原街與新生北路2段149巷口,0,0,1,1,B03,6,3,5,40,4,1,1,4,4,5,7,4,4,9,4,5,2,17,2,60,3,10,3,4,7,11,1,8,1,15,,10,,1,22,9,121.5289506,25.06204953
112,3,13,22,6,2,03中山區,中山區中原街與新生北路2段149巷口,0,0,1,2,C03,6,3,5,40,4,1,1,4,4,5,7,4,4,9,4,5,2,17,1,37,2,9,3,4,7,9,6,10,1,15,,44,,1,22,9,121.5289506,25.06204953
112,3,13,22,6,2,07信義區,信義區基隆路1段與松隆路口,0,0,1,2,B01,6,3,5,50,4,1,1,4,4,5,7,1,1,1,4,5,1,12,2,40,3,10,1,1,7,9,1,4,1,4,,44,,1,22,9,121.5658612,25.0433443
112,3,13,22,6,2,07信義區,信義區基隆路1段與松隆路口,0,0,1,1,C03,6,3,5,50,4,1,1,4,4,5,7,1,1,1,4,5,1,12,2,19,2,9,1,1,7,6,1,10,1,12,,9,,1,22,9,121.5658612,25.0433443
112,3,13,22,10,2,10文山區,文山區羅斯福路6段159巷與三福街口,0,0,1,2,C03,6,3,5,30,4,1,1,4,4,5,7,4,4,10,5,5,2,15,1,20,2,9,1,1,7,9,1,10,1,12,,13,,1,22,9,121.5423772,24.9971259
112,3,13,22,10,2,10文山區,文山區羅斯福路6段159巷與三福街口,0,0,1,1,B01,6,3,5,30,4,1,1,4,4,5,7,4,4,10,5,5,2,15,1,58,3,10,1,1,7,9,1,4,1,1,,6,,1,22,9,121.5423772,24.9971259
112,3,13,22,13,2,04大安區,大安區敦化南路1段295巷與仁愛路4段122巷口,0,0,1,1,C03,6,3,5,30,4,1,1,4,4,5,7,4,4,10,5,5,2,15,2,65,2,7,1,4,7,9,1,10,1,12,,4,,1,22,9,121.550252,25.0354769
112,3,13,22,13,2,04大安區,大安區敦化南路1段295巷與仁愛路4段122巷口,0,0,1,2,B03,6,3,5,30,4,1,1,4,4,5,7,4,4,10,5,5,2,15,1,54,3,10,3,4,7,9,1,8,1,8,,14,,1,22,9,121.550252,25.0354769
112,3,13,22,13,2,09北投區,北投區自強街31巷與自強街61巷口,0,0,1,1,C03,7,3,5,30,4,1,1,5,4,5,7,4,4,10,5,5,1,15,1,22,3,10,1,1,7,9,1,10,1,12,,6,,1,22,9,121.5126577,25.11107799
112,3,13,22,13,2,09北投區,北投區自強街31巷與自強街61巷口,0,0,1,2,F01,7,3,5,30,4,1,1,5,4,5,7,4,4,10,5,5,1,15,1,72,2,9,2,1,7,9,8,20,1,16,,44,,1,22,9,121.5126577,25.11107799
112,3,13,22,18,2,03中山區,中山區撫順街與天祥路口,0,0,1,1,C03,7,3,5,50,4,1,1,4,4,5,7,4,4,4,3,5,1,17,1,23,3,10,1,1,7,5,1,10,1,15,,6,,1,22,9,121.5207885,25.0635944
112,3,13,22,18,2,03中山區,中山區撫順街與天祥路口,0,0,1,2,C03,7,3,5,50,4,1,1,4,4,5,7,4,4,4,3,5,1,17,1,44,2,9,1,1,7,9,1,10,1,14,,6,,1,22,9,121.5207885,25.0635944
112,3,13,22,30,2,12內湖區,內湖區內湖路1段203巷與環山路1段24巷口,0,0,1,1,B03,7,3,5,50,4,2,1,4,4,5,7,4,4,5,5,5,2,12,2,28,3,10,1,1,7,11,1,8,2,8,,10,,1,22,9,121.5635521,25.08450597
112,3,13,22,30,2,12內湖區,內湖區內湖路1段203巷與環山路1段24巷口,0,0,1,2,C03,7,3,5,50,4,2,1,4,4,5,7,4,4,5,5,5,2,12,2,35,2,9,1,1,7,9,1,10,2,12,,14,,1,22,9,121.5635521,25.08450597
112,3,13,22,58,2,01大同區,大同區承德路3段與民權西路口,0,0,1,2,C03,6,3,5,50,4,1,1,4,4,5,7,1,1,1,4,1,2,17,1,25,2,9,1,1,7,9,1,10,2,11,,6,,1,22,9,121.5184074,25.06299468
112,3,13,22,58,2,01大同區,大同區承德路3段與民權西路口,0,0,1,1,E01,6,3,5,50,4,1,1,4,4,5,7,1,1,1,4,1,2,17,1,40,3,10,1,1,7,9,1,8,2,2,,44,,1,22,9,121.5184074,25.06299468
112,3,13,23,34,2,06松山區,松山區南京東路5段與南京東路5段123巷口,0,0,1,1,B01,7,3,5,50,4,1,1,5,4,5,7,1,1,1,4,4,2,3,1,52,3,10,1,1,7,6,1,4,2,1,,15,,1,22,9,121.5607792,25.05155777
112,3,13,23,34,2,06松山區,松山區南京東路5段與南京東路5段123巷口,0,0,1,2,H01,7,3,5,50,4,1,1,5,4,5,7,1,1,1,4,4,2,3,1,80,2,9,4,5,8,16,8,20,10,16,,67,,1,22,9,121.5607792,25.05155777
112,3,14,0,18,2,03中山區,中山區長春路62號,0,0,1,2,C03,8,3,5,50,14,7,1,5,4,5,7,4,4,8,3,4,1,16,1,28,2,9,1,1,7,9,1,10,1,14,,44,,1,22,9,121.5261034,25.05490506
112,3,14,0,18,2,03中山區,中山區長春路62號,0,0,1,1,B03,8,3,5,50,14,7,1,5,4,5,7,4,4,8,3,4,1,16,1,56,3,10,1,1,7,1,1,8,1,5,,19,,1,22,9,121.5261034,25.05490506
112,3,14,1,43,2,06松山區,松山區敦化北路與敦化北路199巷口,0,0,1,1,B01,7,3,5,50,4,1,1,5,4,5,7,3,1,1,4,4,2,12,1,63,3,10,1,1,7,7,1,4,1,7,,7,,1,22,9,121.5492153,25.05576526
112,3,14,1,43,2,06松山區,松山區敦化北路與敦化北路199巷口,0,0,1,2,C03,7,3,5,50,4,1,1,5,4,5,7,3,1,1,4,4,2,12,1,29,2,8,1,1,7,9,1,10,1,11,,23,,1,22,9,121.5492153,25.05576526
112,3,14,1,43,2,06松山區,松山區市民大道5段與東興路口,0,0,1,1,C03,8,3,5,40,4,1,1,5,4,5,7,2,1,1,4,5,2,11,1,19,2,9,1,4,7,9,1,10,1,11,,25,,1,22,9,121.5657847,25.04838826
112,3,14,1,43,2,06松山區,松山區市民大道5段與東興路口,0,0,1,2,B01,8,3,5,40,4,1,1,5,4,5,7,2,1,1,4,5,2,11,1,52,3,10,1,4,7,5,1,8,1,6,,44,,1,22,9,121.5657847,25.04838826