發生年度,發生月,發生日,發生時-Hours,發生分,處理別-編號,區序,肇事地點,死亡人數,2-30日死亡人數,受傷人數,當事人序號,車種,天候,光線,道路類別,速限-速度限制,道路型態,事故位置,路面狀況1,路面狀況2,路面狀況3,道路障礙1,道路障礙2,號誌1,號誌2,車道劃分-分向,車道劃分-分道1,車道劃分-分道2,車道劃分-分道3,事故類型及型態,性別,年齡,受傷程度,主要傷處,保護裝置,行動電話,車輛用途,當事者行動狀態,駕駛資格情形,駕駛執照種類,飲酒情形,車輛撞擊部位1,車輛撞擊部位2,肇因碼-個別,肇因碼-主要,個人肇逃否,職業,旅次目的,座標-X,座標-Y
112,3,14,3,20,2,11南港區,南港區南港路2段與興南街口,0,0,1,1,A41,7,3,5,40,3,2,1,5,4,5,7,1,1,9,4,5,2,13,1,60,3,10,1,1,7,13,1,1,1,3,,38,,1,22,9,121.5972984,25.0540845
112,3,14,3,20,2,11南港區,南港區南港路2段與興南街口,0,0,1,2,C03,7,3,5,40,3,2,1,5,4,5,7,1,1,9,4,5,2,13,1,20,2,1,1,1,7,9,1,10,1,11,,23,,1,22,9,121.5972984,25.0540845
112,3,14,5,39,2,02萬華區,萬華區東園街35巷與東園街口,0,0,1,2,B03,8,2,5,30,3,1,1,5,4,5,7,3,1,5,5,5,2,16,1,31,3,10,1,1,7,9,1,8,2,5,,23,,1,22,9,121.4957375,25.027528
112,3,14,5,39,2,02萬華區,萬華區東園街35巷與東園街口,0,0,1,1,C03,8,2,5,30,3,1,1,5,4,5,7,3,1,5,5,5,2,16,1,83,2,9,1,1,7,9,1,10,2,11,,6,,1,22,9,121.4957375,25.027528
112,3,14,5,47,1,08士林區,士林區百齡橋017燈桿,1,0,0,1,B03,7,2,5,50,8,7,1,5,4,5,1,4,4,3,4,5,1,3,1,61,3,10,1,1,7,6,1,8,2,5,,23,,1,22,9,121.5120005,25.0879774
112,3,14,5,47,1,08士林區,士林區百齡橋017燈桿,1,0,0,2,H01,7,2,5,50,8,7,1,5,4,5,1,4,4,3,4,5,1,3,1,90,1,9,4,5,8,18,8,20,10,16,,51,,1,22,9,121.5120005,25.0879774
112,3,14,7,15,2,09北投區,北投區天母西路與天母西路117巷口口,0,0,2,1,C03,8,1,5,50,3,1,1,5,4,5,7,2,1,5,4,5,2,16,2,68,2,9,1,1,7,5,3,18,1,12,,8,,1,22,9,121.5231833,25.11896854
112,3,14,7,15,2,09北投區,北投區天母西路與天母西路117巷口口,0,0,2,2,C03,8,1,5,50,3,1,1,5,4,5,7,2,1,5,4,5,2,16,2,43,2,9,1,1,7,9,1,10,1,11,,44,,1,22,9,121.5231833,25.11896854
112,3,14,7,19,2,05中正區,中正區中華路2段與中華路2段443巷口口,0,0,1,1,B03,8,1,5,50,5,1,1,5,4,5,7,1,1,5,5,4,1,12,2,33,3,10,1,1,7,4,1,8,2,6,,1,,1,22,9,121.5092481,25.02495425
112,3,14,7,19,2,05中正區,中正區中華路2段與中華路2段443巷口口,0,0,1,2,C03,8,1,5,50,5,1,1,5,4,5,7,1,1,5,5,4,1,12,2,48,2,9,1,1,7,9,1,10,2,14,,44,,1,22,9,121.5092481,25.02495425
112,3,14,7,36,2,03中山區,中山區建國北路3段與建國北路3段75巷口,0,0,2,1,C04,8,1,5,50,14,9,1,5,4,5,7,4,4,10,4,5,2,16,2,72,2,9,1,4,7,8,1,10,2,13,,7,,1,22,9,121.5362502,25.06581436
112,3,14,7,36,2,03中山區,中山區建國北路3段與建國北路3段75巷口,0,0,2,2,C03,8,1,5,50,14,9,1,5,4,5,7,4,4,10,4,5,2,16,1,33,2,7,1,4,7,9,1,10,2,11,,44,,1,22,9,121.5362502,25.06581436
112,3,14,7,40,2,01大同區,大同區民樂街與民生西路口,0,0,1,1,B01,8,1,5,50,4,1,1,5,4,5,7,2,1,9,4,5,2,16,1,55,3,10,1,1,7,5,1,4,2,2,,6,,1,22,9,121.5108371,25.0569336
112,3,14,7,40,2,01大同區,大同區民樂街與民生西路口,0,0,1,2,C03,8,1,5,50,4,1,1,5,4,5,7,2,1,9,4,5,2,16,1,27,2,9,1,1,7,9,1,10,2,11,,44,,1,22,9,121.5108371,25.0569336
112,3,14,7,48,2,05中正區,中正區和平西路2段國語實小前,0,0,2,1,B03,8,1,5,50,14,9,1,5,4,5,7,4,4,10,4,5,2,12,1,38,3,10,1,1,7,1,1,8,2,15,,19,,1,22,9,121.5104757,25.0299615
112,3,14,7,48,2,05中正區,中正區和平西路2段國語實小前,0,0,2,5,H02,8,1,5,50,14,9,1,5,4,5,7,4,4,10,4,5,2,12,2,9,4,11,1,1,7,20,8,20,10,16,,67,,1,22,9,121.5104757,25.0299615
112,3,14,7,48,2,05中正區,中正區和平西路2段國語實小前,0,0,2,4,C03,8,1,5,50,14,9,1,5,4,5,7,4,4,10,4,5,2,12,2,32,2,9,1,1,7,9,1,10,2,11,,44,,1,22,9,121.5104757,25.0299615
112,3,14,7,48,2,05中正區,中正區和平西路2段國語實小前,0,0,2,2,C03,8,1,5,50,14,9,1,5,4,5,7,4,4,10,4,5,2,12,2,40,2,9,1,1,7,7,1,10,2,14,,42,,1,22,9,121.5104757,25.0299615
112,3,14,7,48,2,05中正區,中正區和平西路2段國語實小前,0,0,2,3,C03,8,1,5,50,14,9,1,5,4,5,7,4,4,10,4,5,2,12,1,25,3,10,1,1,7,9,1,10,2,12,14,44,,1,22,9,121.5104757,25.0299615
112,3,14,8,18,2,05中正區,中正區忠孝東路2段101號,0,0,1,1,C03,8,1,5,50,14,9,1,5,4,5,7,4,4,1,4,5,2,13,1,34,2,9,1,1,7,9,1,10,1,11,,16,,1,22,9,121.5316069,25.0427553
112,3,14,8,18,2,05中正區,中正區忠孝東路2段101號,0,0,1,2,B03,8,1,5,50,14,9,1,5,4,5,7,4,4,1,4,5,2,13,1,64,3,10,1,1,7,12,1,8,1,7,,44,,2,22,9,121.5316069,25.0427553
112,3,14,8,22,2,10文山區,文山區木柵路1段60號,0,0,1,1,C03,8,1,5,50,14,9,1,5,4,5,7,4,4,5,4,5,2,13,1,55,3,10,3,4,7,9,1,10,1,11,,16,,1,22,9,121.5475169,24.98698757
112,3,14,8,22,2,10文山區,文山區木柵路1段60號,0,0,1,2,C03,8,1,5,50,14,9,1,5,4,5,7,4,4,5,4,5,2,13,2,48,3,10,3,4,7,9,1,10,1,11,,16,,1,22,9,121.5475169,24.98698757
112,3,14,8,22,2,10文山區,文山區木柵路1段60號,0,0,1,3,C03,8,1,5,50,14,9,1,5,4,5,7,4,4,5,4,5,2,13,2,26,2,8,3,4,7,9,1,10,1,11,,16,,1,22,9,121.5475169,24.98698757
112,3,14,8,22,2,10文山區,文山區木柵路1段60號,0,0,1,4,C03,8,1,5,50,14,9,1,5,4,5,7,4,4,5,4,5,2,13,1,51,3,10,3,4,7,15,1,10,9,13,,44,,2,22,9,121.5475169,24.98698757
112,3,14,8,22,2,10文山區,文山區木柵路1段60號,0,0,1,5,G06,8,1,5,50,14,9,1,5,4,5,7,4,4,5,4,5,2,13,4,0,4,11,3,4,7,15,7,19,9,15,,44,,2,22,9,121.5475169,24.98698757
112,3,14,8,23,2,09北投區,北投區中央南路2段33-3號,0,0,2,2,C03,8,1,5,50,14,9,1,5,4,5,7,4,4,9,4,5,2,12,2,49,2,9,1,1,7,9,1,10,1,15,,43,,1,22,9,121.500302,25.12476869
112,3,14,8,23,2,09北投區,北投區中央南路2段33-3號,0,0,2,1,F01,8,1,5,50,14,9,1,5,4,5,7,4,4,9,4,5,2,12,1,28,2,7,1,1,7,9,8,20,1,16,,43,,1,22,9,121.500302,25.12476869
112,3,14,8,40,2,10文山區,文山區指南路1段道南橋,0,0,1,2,A02,8,1,5,50,14,9,1,5,4,5,7,4,4,5,2,5,2,12,1,54,3,10,1,1,7,9,1,2,2,2,,23,,1,22,9,121.5721255,24.9877767
112,3,14,8,40,2,10文山區,文山區指南路1段道南橋,0,0,1,1,C04,8,1,5,50,14,9,1,5,4,5,7,4,4,5,2,5,2,12,2,70,2,9,1,1,7,9,1,11,9,14,,42,,1,22,9,121.5721255,24.9877767
112,3,14,8,48,2,03中山區,中山區農安街與松江路口,0,0,1,1,C03,8,1,5,50,4,1,1,5,4,5,7,2,1,10,5,5,2,16,2,36,3,10,1,1,7,6,1,10,9,12,,9,,1,22,9,121.5331374,25.06477713
112,3,14,8,48,2,03中山區,中山區農安街與松江路口,0,0,1,2,C03,8,1,5,50,4,1,1,5,4,5,7,2,1,10,5,5,2,16,1,34,2,9,1,1,7,9,3,18,9,14,,23,,1,22,9,121.5331374,25.06477713
112,3,14,8,50,2,03中山區,中山區新生北路2段96-5號,0,0,2,2,C03,8,1,5,50,14,9,1,5,4,3,5,4,4,5,4,5,2,10,1,30,2,7,1,4,7,15,1,10,1,11,,26,,1,22,9,121.5273209,25.05914219
112,3,14,8,50,2,03中山區,中山區新生北路2段96-5號,0,0,2,3,B12,8,1,5,50,14,9,1,5,4,3,5,4,4,5,4,5,2,10,1,59,3,10,3,4,7,13,1,7,11,15,,42,,1,22,9,121.5273209,25.05914219
112,3,14,8,50,2,03中山區,中山區新生北路2段96-5號,0,0,2,4,B12,8,1,5,50,14,9,1,5,4,3,5,4,4,5,4,5,2,10,1,63,3,10,3,4,7,13,1,8,11,15,,42,,1,22,9,121.5273209,25.05914219
112,3,14,8,50,2,03中山區,中山區新生北路2段96-5號,0,0,2,1,C03,8,1,5,50,14,9,1,5,4,3,5,4,4,5,4,5,2,10,1,27,2,8,1,4,7,15,1,10,1,11,,26,,1,22,9,121.5273209,25.05914219
112,3,14,8,50,2,11南港區,南港區南港路1段與研究院路1段口,0,0,1,2,C03,8,1,5,50,4,1,1,5,4,5,7,2,1,1,3,5,2,16,1,45,3,10,1,1,7,10,1,10,1,12,,17,,1,22,9,121.6167496,25.055096
112,3,14,8,50,2,11南港區,南港區南港路1段與研究院路1段口,0,0,1,3,C03,8,1,5,50,4,1,1,5,4,5,7,2,1,1,3,5,2,16,1,30,2,9,1,1,7,9,1,10,1,12,,42,,1,22,9,121.6167496,25.055096
112,3,14,8,50,2,11南港區,南港區南港路1段與研究院路1段口,0,0,1,1,C03,8,1,5,50,4,1,1,5,4,5,7,2,1,1,3,5,2,16,1,22,3,10,1,1,7,10,1,10,1,14,,17,,1,22,9,121.6167496,25.055096
112,3,14,9,3,2,05中正區,中正區寧波西街248號,0,0,1,1,C03,8,1,5,30,14,9,1,5,4,5,7,4,4,10,5,5,2,11,2,68,2,9,1,1,7,4,1,10,1,14,,17,,1,22,9,121.5106952,25.0263927
112,3,14,9,3,2,05中正區,中正區寧波西街248號,0,0,1,2,C03,8,1,5,30,14,9,1,5,4,5,7,4,4,10,5,5,2,11,1,55,3,10,1,1,7,9,1,9,1,14,,44,,1,22,9,121.5106952,25.0263927
112,3,14,9,10,2,05中正區,中正區忠孝東路2段與八德路1段口,0,0,1,3,H02,8,1,5,50,3,1,1,5,4,5,7,1,1,1,4,4,2,17,1,81,2,1,2,5,7,20,8,20,10,16,,67,,1,22,9,121.5288404,25.0434222
112,3,14,9,10,2,05中正區,中正區忠孝東路2段與八德路1段口,0,0,1,1,B02,8,1,5,50,3,1,1,5,4,5,7,1,1,1,4,4,2,17,1,28,3,10,1,1,7,11,1,8,2,7,,10,,1,22,9,121.5288404,25.0434222
112,3,14,9,10,2,05中正區,中正區忠孝東路2段與八德路1段口,0,0,1,2,B01,8,1,5,50,3,1,1,5,4,5,7,1,1,1,4,4,2,17,1,61,3,10,1,1,7,5,1,4,2,5,,23,,1,22,9,121.5288404,25.0434222
112,3,14,9,14,2,01大同區,大同區民生西路與南京西路25巷口,0,0,1,1,B01,8,1,5,50,4,2,1,5,4,5,7,1,1,4,3,5,1,16,1,65,3,10,1,1,7,11,1,10,2,6,,10,,1,22,9,121.5208208,25.05774325
112,3,14,9,14,2,01大同區,大同區民生西路與南京西路25巷口,0,0,1,2,C03,8,1,5,50,4,2,1,5,4,5,7,1,1,4,3,5,1,16,1,44,2,9,1,1,7,9,1,10,2,11,,44,,1,22,9,121.5208208,25.05774325
112,3,14,9,22,2,06松山區,松山區南京東路4段與北寧路口,0,0,1,1,B03,8,1,5,50,4,1,1,5,4,5,7,1,1,8,1,4,1,16,1,38,3,10,3,1,7,6,1,8,1,2,,9,,1,22,9,121.5526617,25.05159856
112,3,14,9,22,2,06松山區,松山區南京東路4段與北寧路口,0,0,1,2,C03,8,1,5,50,4,1,1,5,4,5,7,1,1,8,1,4,1,16,1,30,2,9,3,1,7,9,1,10,1,14,,44,,1,22,9,121.5526617,25.05159856
112,3,14,9,32,2,03中山區,中山區錦州街13號,0,0,2,1,C03,8,1,5,50,14,9,1,5,4,5,7,4,4,5,5,5,2,13,1,19,2,9,3,4,7,9,4,8,5,11,,23,,1,22,9,121.5242815,25.06035729
112,3,14,9,32,2,03中山區,中山區錦州街13號,0,0,2,2,B01,8,1,5,50,14,9,1,5,4,5,7,4,4,5,5,5,2,13,1,67,3,10,3,4,7,14,1,4,2,7,,38,,1,22,9,121.5242815,25.06035729
112,3,14,9,32,2,03中山區,中山區錦州街13號,0,0,2,3,H02,8,1,5,50,14,9,1,5,4,5,7,4,4,5,5,5,2,13,1,24,2,9,3,4,7,21,8,20,10,16,,67,,1,22,9,121.5242815,25.06035729
112,3,14,9,42,2,03中山區,中山區中山北路3段與中山北路3段55巷口,0,0,1,1,B12,8,1,5,30,3,1,1,5,4,5,7,4,4,1,5,5,2,16,1,25,3,10,3,4,7,6,1,8,1,5,,6,,1,22,9,121.5229372,25.0681325
112,3,14,9,42,2,03中山區,中山區中山北路3段與中山北路3段55巷口,0,0,1,2,F01,8,1,5,30,3,1,1,5,4,5,7,4,4,1,5,5,2,16,1,74,2,9,3,4,7,9,8,20,1,16,,42,,1,22,9,121.5229372,25.0681325
112,3,14,9,58,2,10文山區,文山區木柵路5段99號,0,0,1,1,B02,8,1,5,50,11,9,1,5,4,5,1,4,4,5,2,5,2,17,1,59,4,11,3,4,7,8,1,8,11,15,,7,,1,22,9,121.5952027,25.0028753
112,3,14,9,58,2,10文山區,文山區木柵路5段99號,0,0,1,2,C03,8,1,5,50,11,9,1,5,4,5,1,4,4,5,2,5,2,17,1,18,2,9,1,1,7,9,1,10,1,12,,42,,1,22,9,121.5952027,25.0028753
112,3,14,10,19,2,05中正區,中正區公園路與襄陽路口,0,0,1,1,C03,8,1,5,50,3,2,1,5,4,5,7,1,1,4,3,5,2,13,2,33,2,8,1,1,7,9,1,10,1,11,,23,,1,22,9,121.5166581,25.04336451
112,3,14,10,19,2,05中正區,中正區公園路與襄陽路口,0,0,1,2,B02,8,1,5,50,3,2,1,5,4,5,7,1,1,4,3,5,2,13,1,52,3,10,1,1,7,6,1,8,1,6,,44,,1,22,9,121.5166581,25.04336451
112,3,14,10,19,2,05中正區,中正區公園路與襄陽路口,0,0,1,3,C03,8,1,5,50,3,2,1,5,4,5,7,1,1,4,3,5,2,13,1,49,3,10,1,1,7,6,1,10,1,15,,42,,1,22,9,121.5166581,25.04336451
112,3,14,10,26,2,08士林區,士林區雨聲街105號,0,0,1,1,B12,8,1,5,50,14,9,1,5,4,5,7,4,4,5,5,5,2,16,1,62,3,10,1,1,7,11,1,8,1,8,,10,,1,22,9,121.5322865,25.10440601
112,3,14,10,26,2,08士林區,士林區雨聲街105號,0,0,1,2,C03,8,1,5,50,14,9,1,5,4,5,7,4,4,5,5,5,2,16,1,20,2,9,1,1,7,9,1,10,1,12,,44,,1,22,9,121.5322865,25.10440601
112,3,14,10,30,2,12內湖區,內湖區行善路168巷與新湖一路口,0,0,1,1,B03,8,1,5,50,3,1,1,5,4,5,7,4,4,10,4,5,2,17,1,54,4,11,3,4,7,5,7,19,11,15,,8,,2,22,9,121.578071,25.059621
112,3,14,10,30,2,12內湖區,內湖區行善路168巷與新湖一路口,0,0,1,2,C03,8,1,5,50,3,1,1,5,4,5,7,4,4,10,4,5,2,17,1,29,2,9,1,1,7,9,1,9,2,14,,44,,1,22,9,121.578071,25.059621
112,3,14,10,32,2,04大安區,大安區和平東路2段與新生南路3段口,0,0,2,1,C03,8,1,5,50,4,2,1,5,4,5,7,1,1,1,5,4,1,12,2,41,2,9,1,1,7,1,1,10,1,14,,19,,1,22,9,121.5353242,25.0258734
112,3,14,10,32,2,04大安區,大安區和平東路2段與新生南路3段口,0,0,2,2,C03,8,1,5,50,4,2,1,5,4,5,7,1,1,1,5,4,1,12,2,35,2,9,1,1,7,9,1,10,1,12,,44,,1,22,9,121.5353242,25.0258734
112,3,14,10,40,2,09北投區,北投區中央北路2段與新興路口,0,0,1,2,H01,8,1,5,50,4,1,1,5,4,5,7,2,1,5,4,5,2,3,2,74,2,9,4,5,8,16,8,20,10,16,,67,,1,22,9,121.4868784,25.13829153
112,3,14,10,40,2,09北投區,北投區中央北路2段與新興路口,0,0,1,1,B03,8,1,5,50,4,1,1,5,4,5,7,2,1,5,4,5,2,3,1,35,3,10,1,1,7,5,1,8,2,5,,15,,1,22,9,121.4868784,25.13829153
112,3,14,10,42,2,03中山區,中山區建國北路3段與農安街口,0,0,1,2,C03,8,1,5,50,4,1,1,5,4,5,7,1,1,1,3,5,1,16,1,32,2,9,1,4,7,9,1,10,2,14,,44,,1,22,9,121.5361104,25.0648992
112,3,14,10,42,2,03中山區,中山區建國北路3段與農安街口,0,0,1,1,B03,8,1,5,50,4,1,1,5,4,5,7,1,1,1,3,5,1,16,1,27,3,10,3,4,7,6,1,8,2,5,,9,,1,22,9,121.5361104,25.0648992
112,3,14,11,0,2,03中山區,中山區龍江路394巷與龍江路口口前,0,0,2,2,C03,8,1,5,50,4,1,1,5,4,5,7,4,4,9,5,5,2,16,1,44,2,8,1,4,7,9,1,10,1,11,,14,,1,22,9,121.5410064,25.0671771
112,3,14,11,0,2,03中山區,中山區龍江路394巷與龍江路口口前,0,0,2,1,C03,8,1,5,50,4,1,1,5,4,5,7,4,4,9,5,5,2,16,1,60,2,9,1,4,7,5,1,10,1,14,,8,,1,22,9,121.5410064,25.0671771
112,3,14,11,0,2,05中正區,中正區林森南路與濟南路1段口,0,0,1,1,B03,8,1,5,50,4,1,1,5,4,5,7,1,1,5,4,5,1,11,2,48,3,10,1,1,7,5,1,8,1,8,,6,,1,22,9,121.5227211,25.0424368
112,3,14,11,0,2,05中正區,中正區林森南路與濟南路1段口,0,0,1,2,C03,8,1,5,50,4,1,1,5,4,5,7,1,1,5,4,5,1,11,1,19,2,9,1,1,7,9,1,10,1,14,,13,,1,22,9,121.5227211,25.0424368
112,3,14,11,14,2,01大同區,大同區南京西路與民樂街口,0,0,1,1,F03,7,1,5,50,3,2,1,5,4,5,7,3,1,5,2,5,2,17,1,76,2,9,1,1,7,7,8,20,2,16,,7,,1,22,9,121.5108457,25.0538031
112,3,14,11,14,2,01大同區,大同區南京西路與民樂街口,0,0,1,2,B03,7,1,5,50,3,2,1,5,4,5,7,3,1,5,2,5,2,17,1,28,3,10,1,1,7,9,1,8,2,5,,23,,1,22,9,121.5108457,25.0538031
112,3,14,11,29,2,03中山區,中山區松江路與德惠街口,0,0,1,1,B01,8,1,5,50,4,2,1,5,4,5,7,2,1,1,4,5,2,2,1,60,3,10,1,1,7,6,1,2,1,5,,15,,1,22,9,121.5330918,25.0665615
112,3,14,11,29,2,03中山區,中山區松江路與德惠街口,0,0,1,2,H01,8,1,5,50,4,2,1,5,4,5,7,2,1,1,4,5,2,2,2,63,2,1,4,5,8,16,8,20,10,16,,67,,1,22,9,121.5330918,25.0665615
112,3,14,11,59,2,02萬華區,萬華區德昌街與德昌街10巷口,0,0,1,1,B03,8,1,5,30,4,1,1,5,4,5,7,4,4,10,5,5,2,17,1,37,3,10,1,1,7,15,6,18,1,4,,40,,1,22,9,121.4997342,25.02535671
112,3,14,11,59,2,02萬華區,萬華區德昌街與德昌街10巷口,0,0,1,2,F01,8,1,5,30,4,1,1,5,4,5,7,4,4,10,5,5,2,17,1,60,2,8,3,1,7,9,8,20,1,16,,44,,1,22,9,121.4997342,25.02535671
112,3,14,12,7,2,07信義區,信義區松隆路與中坡北路口,0,0,1,2,H01,8,1,5,50,3,1,1,5,4,5,7,1,1,1,4,5,2,3,2,71,2,9,4,5,8,16,8,20,10,16,,67,,1,22,9,121.5799367,25.0484251
112,3,14,12,7,2,07信義區,信義區松隆路與中坡北路口,0,0,1,1,C03,8,1,5,50,3,1,1,5,4,5,7,1,1,1,4,5,2,3,1,39,3,10,1,1,7,6,1,10,2,11,,15,,1,22,9,121.5799367,25.0484251
112,3,14,12,25,2,04大安區,大安區基隆路2段266號,0,0,2,1,C03,8,1,5,50,14,9,1,5,4,5,7,4,4,9,4,5,1,13,2,40,2,8,1,1,7,9,1,10,1,11,,23,,1,22,9,121.5499319,25.02218713
112,3,14,12,25,2,04大安區,大安區基隆路2段266號,0,0,2,2,C04,8,1,5,50,14,9,1,5,4,5,7,4,4,9,4,5,1,13,1,27,2,8,1,1,7,14,1,8,1,13,,44,,1,22,9,121.5499319,25.02218713
112,3,14,12,53,2,10文山區,文山區興隆路1段與景隆街口,0,0,1,1,C03,8,1,5,50,4,1,1,5,4,5,7,2,1,1,2,5,2,13,1,32,2,9,1,1,7,9,1,10,2,11,,23,,1,22,9,121.5441952,24.9988964
112,3,14,12,53,2,10文山區,文山區興隆路1段與景隆街口,0,0,1,2,C03,8,1,5,50,4,1,1,5,4,5,7,2,1,1,2,5,2,13,1,21,3,10,1,1,7,7,1,10,2,13,,26,,1,22,9,121.5441952,24.9988964
112,3,14,13,7,2,10文山區,文山區木新路2段198號,0,0,1,1,B03,8,1,5,50,14,9,1,5,4,5,7,4,4,4,5,5,2,16,1,40,3,10,1,1,7,1,1,8,1,4,,19,,1,22,9,121.5679051,24.9837206
112,3,14,13,7,2,10文山區,文山區木新路2段198號,0,0,1,2,C03,8,1,5,50,14,9,1,5,4,5,7,4,4,4,5,5,2,16,1,48,2,7,1,1,7,9,1,10,1,11,,23,,1,22,9,121.5679051,24.9837206
112,3,14,13,8,2,01大同區,大同區延平北路3段與民權西路口,0,0,1,1,B03,8,1,5,50,4,2,1,5,4,5,7,1,1,1,4,5,2,17,1,34,3,10,1,1,7,8,1,8,2,1,,7,,1,22,9,121.510967,25.0630658
112,3,14,13,8,2,01大同區,大同區延平北路3段與民權西路口,0,0,1,2,C03,8,1,5,50,4,2,1,5,4,5,7,1,1,1,4,5,2,17,2,58,2,9,1,1,7,15,1,10,2,14,,44,,1,22,9,121.510967,25.0630658
112,3,14,13,12,2,10文山區,文山區木柵路1段38號,0,0,1,1,B03,8,1,5,50,15,9,1,5,4,5,7,4,4,5,4,5,2,13,1,42,3,10,3,4,7,9,1,8,1,1,,16,,1,22,9,121.5466055,24.9868477
112,3,14,13,12,2,10文山區,文山區木柵路1段38號,0,0,1,2,B03,8,1,5,50,15,9,1,5,4,5,7,4,4,5,4,5,2,13,1,28,2,6,3,4,7,14,1,4,1,3,,44,,1,22,9,121.5466055,24.9868477
112,3,14,14,9,2,07信義區,信義區吳興街與吳興街269巷口,0,0,2,1,F01,8,1,5,30,4,1,1,5,4,5,7,4,4,5,5,5,2,12,2,20,3,10,2,1,7,5,8,20,1,16,,8,,1,22,9,121.5639135,25.0268193
112,3,14,14,9,2,07信義區,信義區吳興街與吳興街269巷口,0,0,2,2,C03,8,1,5,30,4,1,1,5,4,5,7,4,4,5,5,5,2,12,2,58,2,9,1,1,7,9,1,10,1,11,,23,,1,22,9,121.5639135,25.0268193
112,3,14,14,9,2,07信義區,信義區吳興街與吳興街269巷口,0,0,2,3,H02,8,1,5,30,4,1,1,5,4,5,7,4,4,5,5,5,2,12,1,76,2,8,1,5,7,17,8,20,10,16,,67,,1,22,9,121.5639135,25.0268193
112,3,14,15,8,2,03中山區,中山區長安東路1段56巷1弄21號,0,0,1,1,B03,8,1,5,30,14,9,1,5,4,5,7,4,4,10,5,5,2,16,2,48,3,10,3,4,7,1,1,8,1,5,,19,,1,22,9,121.5294855,25.0473458
112,3,14,15,8,2,03中山區,中山區長安東路1段56巷1弄21號,0,0,1,2,C03,8,1,5,30,14,9,1,5,4,5,7,4,4,10,5,5,2,16,2,31,2,9,3,4,7,9,1,10,1,11,,13,,1,22,9,121.5294855,25.0473458
112,3,14,15,20,2,09北投區,北投區大度路2段與大度路2段口068號燈桿,0,0,2,1,C03,8,1,5,50,14,12,1,5,4,5,7,4,4,1,4,5,2,13,2,21,2,9,1,1,7,15,1,10,1,11,,23,,1,22,9,121.4867482,25.12205869
112,3,14,15,20,2,09北投區,北投區大度路2段與大度路2段口068號燈桿,0,0,2,2,C03,8,1,5,50,14,12,1,5,4,5,7,4,4,1,4,5,2,13,2,34,2,9,1,1,7,9,1,10,1,13,,43,,1,22,9,121.4867482,25.12205869
112,3,14,15,53,2,03中山區,中山區中山北路4段與圓山涵洞口,0,0,3,1,B12,8,1,5,50,3,1,1,5,4,5,7,1,1,1,4,5,2,15,1,46,2,7,1,1,7,9,1,8,1,1,,25,,1,22,9,121.5252076,25.0768606
112,3,14,15,53,2,03中山區,中山區中山北路4段與圓山涵洞口,0,0,3,2,B01,8,1,5,50,3,1,1,5,4,5,7,1,1,1,4,5,2,15,1,54,2,7,1,1,7,9,1,4,1,2,,44,,1,22,9,121.5252076,25.0768606
112,3,14,15,53,2,03中山區,中山區中山北路4段與圓山涵洞口,0,0,3,3,H02,8,1,5,50,3,1,1,5,4,5,7,1,1,1,4,5,2,15,1,44,2,9,1,5,7,20,8,20,10,16,,67,,1,22,9,121.5252076,25.0768606
112,3,14,16,20,2,03中山區,中山區中山北路3段34號,0,0,1,1,B03,8,1,5,50,14,9,1,5,4,5,7,4,4,5,4,5,2,17,2,49,3,10,3,4,7,7,1,8,11,7,,7,,2,22,9,121.522124,25.06560312
112,3,14,16,20,2,03中山區,中山區中山北路3段34號,0,0,1,2,C03,8,1,5,50,14,9,1,5,4,5,7,4,4,5,4,5,2,17,1,71,2,9,1,4,7,15,1,10,2,11,,44,,1,22,9,121.522124,25.06560312
112,3,14,16,20,2,03中山區,中山區中山北路3段34號,0,0,1,3,B02,8,1,5,50,14,9,1,5,4,5,7,4,4,5,4,5,2,17,1,25,3,10,1,4,7,9,1,8,2,5,6,44,,1,22,9,121.522124,25.06560312
112,3,14,16,20,2,03中山區,中山區中山北路3段34號,0,0,1,4,C03,8,1,5,50,14,9,1,5,4,5,7,4,4,5,4,5,2,17,2,21,3,10,1,4,7,9,1,10,2,11,,44,,1,22,9,121.522124,25.06560312
112,3,14,16,20,2,07信義區,信義區和平東路3段590號對面,0,0,1,2,H01,8,1,5,40,14,9,1,5,4,5,7,4,4,8,5,5,2,9,2,68,2,1,4,5,8,17,8,20,9,16,,67,,1,22,9,121.562292,25.01431785
112,3,14,16,20,2,07信義區,信義區和平東路3段590號對面,0,0,1,1,A02,8,1,5,40,14,9,1,5,4,5,7,4,4,8,5,5,2,9,1,56,4,11,3,4,7,15,7,19,9,15,,23,,2,22,9,121.562292,25.01431785
112,3,14,16,38,2,03中山區,中山區民族東路與龍江路口,0,0,1,2,C03,8,1,5,50,3,2,1,5,4,5,7,2,1,1,4,4,2,17,1,22,2,9,3,4,7,9,1,10,2,12,,42,,1,22,9,121.5408959,25.0680202
112,3,14,16,38,2,03中山區,中山區民族東路與龍江路口,0,0,1,1,A12,8,1,5,50,3,2,1,5,4,5,7,2,1,1,4,4,2,17,1,58,3,10,3,4,7,6,1,3,9,15,,9,,1,22,9,121.5408959,25.0680202
112,3,14,16,45,2,08士林區,士林區大東路與文林路口,0,0,1,2,C03,8,1,5,30,4,1,1,5,4,5,7,4,4,5,4,5,2,16,1,61,2,7,3,4,7,1,1,10,1,13,,19,,1,22,9,121.5254938,25.08654994
112,3,14,16,45,2,08士林區,士林區大東路與文林路口,0,0,1,1,B03,8,1,5,30,4,1,1,5,4,5,7,4,4,5,4,5,2,16,1,44,3,10,3,4,7,6,1,8,1,1,,23,,1,22,9,121.5254938,25.08654994