發生年度,發生月,發生日,發生時-Hours,發生分,處理別-編號,區序,肇事地點,死亡人數,2-30日死亡人數,受傷人數,當事人序號,車種,天候,光線,道路類別,速限-速度限制,道路型態,事故位置,路面狀況1,路面狀況2,路面狀況3,道路障礙1,道路障礙2,號誌1,號誌2,車道劃分-分向,車道劃分-分道1,車道劃分-分道2,車道劃分-分道3,事故類型及型態,性別,年齡,受傷程度,主要傷處,保護裝置,行動電話,車輛用途,當事者行動狀態,駕駛資格情形,駕駛執照種類,飲酒情形,車輛撞擊部位1,車輛撞擊部位2,肇因碼-個別,肇因碼-主要,個人肇逃否,職業,旅次目的,座標-X,座標-Y
112,3,15,8,11,2,12內湖區,內湖區民權東路6段210巷與民權東路6段口,0,0,1,1,B03,8,1,5,50,4,1,1,5,4,5,7,2,1,9,4,4,2,16,1,54,3,10,1,1,7,5,1,8,1,2,,6,,1,22,9,121.5977467,25.06734245
112,3,15,8,11,2,12內湖區,內湖區民權東路6段210巷與民權東路6段口,0,0,1,2,C03,8,1,5,50,4,1,1,5,4,5,7,2,1,9,4,4,2,16,1,26,2,9,1,1,7,9,1,9,1,11,,26,,1,22,9,121.5977467,25.06734245
112,3,15,8,13,2,04大安區,大安區基隆路4段與羅斯福路4段口,0,0,1,1,C03,8,1,5,50,4,1,1,5,4,5,7,1,1,10,4,5,2,16,2,55,2,9,1,1,7,7,1,10,1,13,,7,,1,22,9,121.5373542,25.0112105
112,3,15,8,13,2,04大安區,大安區基隆路4段與羅斯福路4段口,0,0,1,2,B03,8,1,5,50,4,1,1,5,4,5,7,1,1,10,4,5,2,16,1,42,3,10,1,1,7,9,1,8,1,2,,23,,1,22,9,121.5373542,25.0112105
112,3,15,8,20,2,03中山區,中山區大直街33巷3號,0,0,1,1,C03,8,1,5,30,14,9,1,5,4,5,7,4,4,10,5,5,2,17,1,36,3,10,1,1,7,1,1,10,1,15,,19,,1,22,9,121.5467417,25.08212236
112,3,15,8,20,2,03中山區,中山區大直街33巷3號,0,0,1,2,C03,8,1,5,30,14,9,1,5,4,5,7,4,4,10,5,5,2,17,2,31,2,8,1,1,7,9,1,10,1,12,,13,,1,22,9,121.5467417,25.08212236
112,3,15,8,24,2,08士林區,士林區社正路72號,0,0,1,1,B03,8,1,5,50,14,9,1,5,4,5,7,4,4,9,5,5,2,16,1,40,3,10,1,1,7,5,1,8,2,1,,6,,1,22,9,121.5113573,25.0890351
112,3,15,8,24,2,08士林區,士林區社正路72號,0,0,1,2,C03,8,1,5,50,14,9,1,5,4,5,7,4,4,9,5,5,2,16,2,78,2,9,1,1,7,9,1,10,2,12,,4,,1,22,9,121.5113573,25.0890351
112,3,15,8,35,2,06松山區,松山區南京東路5段296號,0,0,1,1,C03,8,1,5,30,15,9,1,5,4,5,7,4,4,1,5,5,2,16,2,42,2,8,1,1,7,6,1,10,1,14,,9,,1,22,9,121.5673299,25.0511954
112,3,15,8,35,2,06松山區,松山區南京東路5段296號,0,0,1,2,C03,8,1,5,30,15,9,1,5,4,5,7,4,4,1,5,5,2,16,2,48,3,10,1,1,7,6,1,10,1,12,,44,,1,22,9,121.5673299,25.0511954
112,3,15,8,36,2,09北投區,士林區延平北路6段與延平北路6段176巷口,0,0,1,2,C03,8,1,5,50,3,1,1,5,4,5,7,4,4,5,5,5,2,13,1,36,3,10,1,1,7,9,1,9,2,13,,44,,1,22,9,121.5062074,25.08950092
112,3,15,8,36,2,09北投區,士林區延平北路6段與延平北路6段176巷口,0,0,1,1,C03,8,1,5,50,3,1,1,5,4,5,7,4,4,5,5,5,2,13,1,40,2,9,1,1,7,9,1,10,2,11,,42,,1,22,9,121.5062074,25.08950092
112,3,15,8,40,2,05中正區,中正區貴陽街1段2號,0,0,1,1,B03,8,1,5,50,14,9,1,5,4,5,7,4,4,10,5,5,2,17,2,54,3,10,1,1,7,5,1,8,2,4,,44,,1,22,9,121.5166734,25.03825429
112,3,15,8,40,2,05中正區,中正區貴陽街1段2號,0,0,1,2,C03,8,1,5,50,14,9,1,5,4,5,7,4,4,10,5,5,2,17,1,29,2,9,1,1,7,9,1,10,2,12,,23,,1,22,9,121.5166734,25.03825429
112,3,15,8,49,2,07信義區,信義區景雲街(祥雲街23號旁),0,0,1,1,B02,8,1,5,30,11,9,1,5,4,5,7,4,4,10,5,5,2,11,2,37,3,10,3,4,7,9,1,8,1,8,,5,,1,22,9,121.5748791,25.0193738
112,3,15,8,49,2,07信義區,信義區景雲街(祥雲街23號旁),0,0,1,2,C03,8,1,5,30,11,9,1,5,4,5,7,4,4,10,5,5,2,11,1,46,2,9,3,1,7,9,1,10,1,14,,23,,1,22,9,121.5748791,25.0193738
112,3,15,9,3,2,06松山區,松山區光復北路5號,0,0,1,1,C03,8,1,5,50,14,9,1,5,4,5,7,4,4,9,4,5,2,13,2,71,2,9,1,1,7,9,1,10,1,11,,23,,1,22,9,121.5579369,25.04913423
112,3,15,9,3,2,06松山區,松山區光復北路5號,0,0,1,2,B03,8,1,5,50,14,9,1,5,4,5,7,4,4,9,4,5,2,13,1,26,3,10,1,1,7,14,1,8,1,3,,44,,1,22,9,121.5579369,25.04913423
112,3,15,9,4,2,04大安區,大安區市民大道3段與復興南路1段口,0,0,1,2,C03,8,1,5,40,4,2,1,5,4,5,7,2,1,9,3,5,2,17,2,73,2,9,1,1,7,14,1,10,11,12,,43,,1,22,9,121.5435198,25.0446558
112,3,15,9,4,2,04大安區,大安區市民大道3段與復興南路1段口,0,0,1,1,,8,1,5,40,4,2,1,5,4,5,7,2,1,9,3,5,2,17,4,0,4,11,3,4,7,15,7,19,11,15,,43,,2,22,9,121.5435198,25.0446558
112,3,15,9,9,2,02萬華區,萬華區中華路2段與西藏路口,0,0,2,2,C03,8,1,5,50,4,1,1,5,1,5,7,1,1,1,1,1,2,17,2,34,2,7,1,4,7,9,1,10,1,15,,44,,1,22,9,121.5040581,25.02997814
112,3,15,9,9,2,02萬華區,萬華區中華路2段與西藏路口,0,0,2,3,C03,8,1,5,50,4,1,1,5,1,5,7,1,1,1,1,1,2,17,1,27,2,9,1,4,7,9,1,10,1,14,,16,,1,22,9,121.5040581,25.02997814
112,3,15,9,9,2,02萬華區,萬華區中華路2段與西藏路口,0,0,2,1,B03,8,1,5,50,4,1,1,5,1,5,7,1,1,1,1,1,2,17,1,39,3,10,1,4,7,6,1,8,1,6,,9,,1,22,9,121.5040581,25.02997814
112,3,15,9,15,2,08士林區,士林區中山北路5段250號銘傳大學前,0,0,1,2,A02,8,1,5,50,3,2,1,5,4,5,7,2,1,1,5,5,1,13,1,59,3,10,1,1,7,9,1,6,1,3,,44,,1,22,9,121.5268424,25.08732108
112,3,15,9,15,2,08士林區,士林區中山北路5段250號銘傳大學前,0,0,1,1,C03,8,1,5,50,3,2,1,5,4,5,7,2,1,1,5,5,1,13,2,63,2,7,1,1,7,9,1,10,1,11,,23,,1,22,9,121.5268424,25.08732108
112,3,15,9,15,2,08士林區,士林區中山北路5段250號銘傳大學前,0,0,1,3,B03,8,1,5,50,3,2,1,5,4,5,7,2,1,1,5,5,1,13,1,58,3,10,1,1,7,3,1,8,1,15,,25,,1,22,9,121.5268424,25.08732108
112,3,15,9,25,2,05中正區,中正區市民大道1段168號,0,0,3,1,C03,8,1,5,40,15,9,1,5,4,5,7,4,4,1,4,5,1,12,1,57,2,9,1,1,7,5,1,10,2,14,,44,,1,22,9,121.5186273,25.0483427
112,3,15,9,25,2,05中正區,中正區市民大道1段168號,0,0,3,2,C03,8,1,5,40,15,9,1,5,4,5,7,4,4,1,4,5,1,12,2,59,2,9,1,1,7,9,1,10,2,11,,44,,1,22,9,121.5186273,25.0483427
112,3,15,9,25,2,05中正區,中正區市民大道1段168號,0,0,3,3,H02,8,1,5,40,15,9,1,5,4,5,7,4,4,1,4,5,1,12,2,30,2,9,1,5,7,21,8,20,10,16,,67,,1,22,9,121.5186273,25.0483427
112,3,15,9,30,2,04大安區,大安區仁愛路4段122巷與敦化南路1段295巷口,0,0,1,2,B02,8,1,5,0,4,2,1,5,4,5,7,4,4,10,5,5,1,16,2,34,3,10,1,1,7,9,1,8,1,1,,23,,1,5,3,121.5502575,25.03550213
112,3,15,9,30,2,04大安區,大安區仁愛路4段122巷與敦化南路1段295巷口,0,0,1,1,F02,8,1,5,0,4,2,1,5,4,5,7,4,4,10,5,5,1,16,2,60,2,8,2,1,7,9,8,20,1,16,,6,,1,19,5,121.5502575,25.03550213
112,3,15,9,37,2,04大安區,大安區仁愛路4段345巷4弄與仁愛路4段151巷口,0,0,1,1,C03,8,1,5,30,4,1,1,5,4,5,5,4,4,10,5,5,1,15,1,22,3,10,1,1,7,9,1,10,2,11,,6,,1,22,9,121.5517847,25.0389981
112,3,15,9,37,2,04大安區,大安區仁愛路4段345巷4弄與仁愛路4段151巷口,0,0,1,2,C03,8,1,5,30,4,1,1,5,4,5,5,4,4,10,5,5,1,15,2,35,2,7,1,1,7,9,1,10,2,11,,23,,1,22,9,121.5517847,25.0389981
112,3,15,9,37,2,04大安區,大安區仁愛路4段345巷4弄與仁愛路4段151巷口,0,0,1,3,B12,8,1,5,30,4,1,1,5,4,5,5,4,4,10,5,5,1,15,1,51,3,10,1,1,7,13,1,8,11,15,,38,,2,22,9,121.5517847,25.0389981
112,3,15,9,40,2,09北投區,北投區承德路6段與文承路口,0,0,2,3,C03,8,1,5,40,3,1,1,5,4,5,7,2,1,1,4,4,1,13,1,27,3,10,1,1,7,9,1,10,2,13,,44,,1,22,9,121.5117062,25.10607442
112,3,15,9,40,2,09北投區,北投區承德路6段與文承路口,0,0,2,1,C03,8,1,5,40,3,1,1,5,4,5,7,2,1,1,4,4,1,13,2,38,2,9,1,1,7,9,1,10,2,11,,23,,1,22,9,121.5117062,25.10607442
112,3,15,9,40,2,09北投區,北投區承德路6段與文承路口,0,0,2,2,C03,8,1,5,40,3,1,1,5,4,5,7,2,1,1,4,4,1,13,1,19,2,8,1,1,7,9,1,10,2,13,,44,,1,22,9,121.5117062,25.10607442
112,3,15,9,42,2,03中山區,中山區北安路與敬業二路口,0,0,1,1,B03,8,1,5,50,3,2,1,5,4,5,7,4,4,1,4,5,2,16,1,35,3,10,1,1,7,6,1,8,1,2,,9,,1,22,9,121.5543506,25.0851038
112,3,15,9,42,2,03中山區,中山區北安路與敬業二路口,0,0,1,2,C03,8,1,5,50,3,2,1,5,4,5,7,4,4,1,4,5,2,16,1,31,2,8,1,1,7,9,1,10,1,11,,23,,1,22,9,121.5543506,25.0851038
112,3,15,9,56,2,08士林區,士林區天母北路70號,0,0,1,1,B03,8,1,5,50,14,9,1,5,4,5,7,4,4,9,5,5,2,12,2,46,3,10,3,4,7,11,1,8,1,8,,10,,1,22,9,121.5266453,25.12282194
112,3,15,9,56,2,08士林區,士林區天母北路70號,0,0,1,2,C03,8,1,5,50,14,9,1,5,4,5,7,4,4,9,5,5,2,12,2,27,2,9,3,4,7,4,1,10,1,12,,42,,1,22,9,121.5266453,25.12282194
112,3,15,10,6,2,02萬華區,萬華區和平西路3段166號,0,0,2,1,B03,8,1,5,50,14,8,1,5,4,5,7,4,4,1,4,4,2,17,2,47,3,10,1,1,7,1,1,8,1,4,,19,,1,22,9,121.4982244,25.035248
112,3,15,10,6,2,02萬華區,萬華區和平西路3段166號,0,0,2,3,C03,8,1,5,50,14,8,1,5,4,5,7,4,4,1,4,4,2,17,1,53,2,8,1,1,7,9,1,10,1,13,12,44,,1,22,9,121.4982244,25.035248
112,3,15,10,6,2,02萬華區,萬華區和平西路3段166號,0,0,2,2,C03,8,1,5,50,14,8,1,5,4,5,7,4,4,1,4,4,2,17,2,50,2,9,1,1,7,9,1,10,1,11,11,16,,1,22,9,121.4982244,25.035248
112,3,15,10,12,2,04大安區,大安區基隆路2段與敦化南路2段口,0,0,1,2,C03,8,1,5,50,3,1,1,5,4,5,7,1,1,10,5,5,2,17,1,36,3,10,1,1,7,12,1,10,1,15,,44,,1,22,9,121.549004,25.0213602
112,3,15,10,12,2,04大安區,大安區基隆路2段與敦化南路2段口,0,0,1,1,C03,8,1,5,50,3,1,1,5,4,5,7,1,1,10,5,5,2,17,1,43,2,9,1,1,7,12,1,10,1,14,,23,,1,22,9,121.549004,25.0213602
112,3,15,10,30,2,07信義區,信義區松信路115號,0,0,1,1,C03,8,1,5,50,14,8,1,5,4,5,7,2,1,5,5,4,2,17,2,18,3,10,3,4,7,6,1,10,2,12,,9,,1,22,9,121.5721235,25.0446256
112,3,15,10,30,2,07信義區,信義區松信路115號,0,0,1,2,C03,8,1,5,50,14,8,1,5,4,5,7,2,1,5,5,4,2,17,2,50,2,9,3,4,7,9,1,10,2,11,,44,,1,22,9,121.5721235,25.0446256
112,3,15,10,40,2,12內湖區,內湖區康樂街111巷與康樂街61巷口,0,0,1,1,B12,8,1,5,30,4,1,1,5,4,5,7,4,4,9,5,5,2,16,1,56,3,10,1,1,7,9,1,8,1,5,,6,,1,22,9,121.619792,25.07069614
112,3,15,10,40,2,12內湖區,內湖區康樂街111巷與康樂街61巷口,0,0,1,2,B03,8,1,5,30,4,1,1,5,4,5,7,4,4,9,5,5,2,16,2,35,2,1,1,1,7,9,1,8,1,8,,14,,1,22,9,121.619792,25.07069614
112,3,15,10,50,2,03中山區,中山區八德路2段210巷與八德路口側附近2段174巷11弄口,0,0,1,1,F01,8,1,5,30,4,1,1,5,4,5,7,4,4,10,5,5,2,15,2,68,2,8,3,4,7,9,8,20,1,16,,42,,1,19,9,121.5393467,25.0453644
112,3,15,10,50,2,03中山區,中山區八德路2段210巷與八德路口側附近2段174巷11弄口,0,0,1,2,C03,8,1,5,30,4,1,1,5,4,5,7,4,4,10,5,5,2,15,1,26,3,10,2,4,7,9,1,10,1,11,,23,,1,22,9,121.5393467,25.0453644
112,3,15,10,50,2,07信義區,信義區吳興街361巷與吳興街口,0,0,2,1,C04,8,1,5,50,4,1,1,5,4,5,7,4,4,10,5,5,2,17,1,44,2,8,1,1,7,9,1,11,1,11,,23,,1,22,9,121.566489,25.0257813
112,3,15,10,50,2,07信義區,信義區吳興街361巷與吳興街口,0,0,2,2,F01,8,1,5,50,4,1,1,5,4,5,7,4,4,10,5,5,2,17,2,64,2,9,2,1,7,9,8,20,1,16,,6,,1,22,9,121.566489,25.0257813
112,3,15,10,51,2,10文山區,文山區興德路37號,0,0,1,1,C03,8,1,5,30,14,9,1,5,4,5,7,4,4,10,5,5,1,9,1,38,2,9,1,1,7,9,1,10,1,11,,44,,1,22,9,121.5563606,25.00128806
112,3,15,10,51,2,10文山區,文山區興德路37號,0,0,1,2,H03,8,1,5,30,14,9,1,5,4,5,7,4,4,10,5,5,1,9,2,63,3,10,4,5,8,20,8,20,10,16,,60,,1,22,9,121.5563606,25.00128806
112,3,15,10,54,2,07信義區,信義區吳興街106巷與吳興街118巷16弄口口,0,0,3,2,C03,8,1,5,30,3,1,1,5,4,5,7,4,4,9,4,5,1,16,2,19,2,9,3,4,7,9,1,10,1,11,,14,,1,22,9,121.5604683,25.03028033
112,3,15,10,54,2,07信義區,信義區吳興街106巷與吳興街118巷16弄口口,0,0,3,4,B11,8,1,5,30,3,1,1,5,4,5,7,4,4,9,4,5,1,16,1,52,3,10,3,4,7,13,1,3,9,15,,38,,1,22,9,121.5604683,25.03028033
112,3,15,10,54,2,07信義區,信義區吳興街106巷與吳興街118巷16弄口口,0,0,3,3,H02,8,1,5,30,3,1,1,5,4,5,7,4,4,9,4,5,1,16,2,19,2,1,3,5,7,20,8,20,10,16,,67,,1,22,9,121.5604683,25.03028033
112,3,15,10,54,2,07信義區,信義區吳興街106巷與吳興街118巷16弄口口,0,0,3,1,C03,8,1,5,30,3,1,1,5,4,5,7,4,4,9,4,5,1,16,1,49,2,9,3,4,7,5,1,10,1,11,,6,,1,22,9,121.5604683,25.03028033
112,3,15,10,58,1,09北投區,北投區石牌路1段39巷100號石牌運動中心停車場出入口,1,0,1,4,B03,8,1,5,30,14,9,1,5,4,5,7,4,4,10,5,5,2,16,1,47,3,10,1,1,7,13,1,8,11,7,,44,,1,22,9,121.5096128,25.11607287
112,3,15,10,58,1,09北投區,北投區石牌路1段39巷100號石牌運動中心停車場出入口,1,0,1,3,,8,1,5,30,14,9,1,5,4,5,7,4,4,10,5,5,2,16,3,0,,,,,,,,,,,,67,,1,,,121.5096128,25.11607287
112,3,15,10,58,1,09北投區,北投區石牌路1段39巷100號石牌運動中心停車場出入口,1,0,1,1,B02,8,1,5,30,14,9,1,5,4,5,7,4,4,10,5,5,2,16,2,39,2,1,1,1,7,1,1,8,2,1,,19,,1,22,9,121.5096128,25.11607287
112,3,15,10,58,1,09北投區,北投區石牌路1段39巷100號石牌運動中心停車場出入口,1,0,1,2,C03,8,1,5,30,14,9,1,5,4,5,7,4,4,10,5,5,2,16,2,44,1,9,1,1,7,9,1,10,11,12,,44,,1,22,9,121.5096128,25.11607287
112,3,15,11,0,2,07信義區,信義區松仁路123號,0,0,1,1,B01,8,1,5,50,14,9,1,5,4,5,7,4,4,1,4,5,2,12,1,62,3,10,1,1,7,10,1,4,1,2,,7,,1,22,9,121.5684598,25.034495
112,3,15,11,0,2,07信義區,信義區松仁路123號,0,0,1,2,C03,8,1,5,50,14,9,1,5,4,5,7,4,4,1,4,5,2,12,1,36,2,8,1,1,7,9,1,10,1,14,,44,,1,22,9,121.5684598,25.034495
112,3,15,11,1,2,07信義區,信義區忠孝東路4段547號,0,0,1,2,C03,8,1,5,50,14,9,1,5,4,5,7,4,4,1,4,5,2,17,1,27,2,9,3,4,7,9,1,10,2,14,,16,,1,22,9,121.5618853,25.0413066
112,3,15,11,1,2,07信義區,信義區忠孝東路4段547號,0,0,1,1,B02,8,1,5,50,14,9,1,5,4,5,7,4,4,1,4,5,2,17,1,45,3,10,3,4,7,9,1,4,9,15,,44,,2,22,9,121.5618853,25.0413066
112,3,15,11,30,2,09北投區,北投區石牌路2段201號,0,0,1,2,B03,8,1,5,50,14,9,1,5,4,5,7,4,4,5,4,5,2,13,1,59,3,10,1,1,7,9,1,8,1,6,,44,,1,22,9,121.5209111,25.11882205
112,3,15,11,30,2,09北投區,北投區石牌路2段201號,0,0,1,1,C03,8,1,5,50,14,9,1,5,4,5,7,4,4,5,4,5,2,13,1,29,2,8,1,1,7,9,1,10,1,11,,16,,1,22,9,121.5209111,25.11882205
112,3,15,11,30,2,05中正區,中正區重慶南路1段124號(司法院前),0,0,1,2,F01,8,1,5,50,14,13,1,5,4,5,7,4,4,10,5,5,2,16,2,32,2,9,3,1,7,9,8,20,9,16,,60,,1,22,9,121.5127315,25.03810265
112,3,15,11,30,2,05中正區,中正區重慶南路1段124號(司法院前),0,0,1,1,B03,8,1,5,50,14,13,1,5,4,5,7,4,4,10,5,5,2,16,2,57,4,11,3,4,7,1,7,19,9,15,,19,,2,22,9,121.5127315,25.03810265
112,3,15,11,46,2,08士林區,士林區延平北路7段106巷與延平北路7段106巷口河濱便道,0,0,1,1,B12,8,1,5,30,3,1,1,5,4,5,7,4,4,10,5,5,2,17,1,57,3,10,3,4,7,7,1,7,2,1,,7,,1,22,9,121.496096,25.10247103
112,3,15,11,46,2,08士林區,士林區延平北路7段106巷與延平北路7段106巷口河濱便道,0,0,1,2,C03,8,1,5,30,3,1,1,5,4,5,7,4,4,10,5,5,2,17,1,24,2,8,3,4,7,9,1,10,2,12,,44,,1,22,9,121.496096,25.10247103
112,3,15,12,0,2,03中山區,中山區北安路與自強隧道口圓環前,0,0,1,1,B12,8,1,5,50,5,1,1,5,4,5,7,1,1,1,4,5,2,12,1,34,3,10,3,4,7,9,1,8,1,2,,23,,1,10,9,121.5495999,25.0854508
112,3,15,12,0,2,03中山區,中山區北安路與自強隧道口圓環前,0,0,1,2,C03,8,1,5,50,5,1,1,5,4,5,7,1,1,1,4,5,2,12,2,42,2,9,3,4,7,9,1,10,1,14,,44,,1,2,9,121.5495999,25.0854508
112,3,15,12,2,2,07信義區,信義區忠孝東路5段68號前,0,0,1,2,C03,8,1,5,50,14,9,1,5,4,5,7,4,4,1,4,5,1,17,2,23,2,9,3,4,7,12,1,10,1,12,,42,,1,22,9,121.5669235,25.0410531
112,3,15,12,2,2,07信義區,信義區忠孝東路5段68號前,0,0,1,1,A02,8,1,5,50,14,9,1,5,4,5,7,4,4,1,4,5,1,17,1,63,3,10,3,4,7,1,1,2,1,15,,19,,1,22,9,121.5669235,25.0410531
112,3,15,12,8,2,09北投區,北投區文林北路與自強街5巷口,0,0,1,1,B02,8,1,5,30,3,1,1,5,4,5,7,4,4,1,4,5,2,16,2,31,3,10,1,1,7,6,1,4,1,1,,6,,1,22,9,121.511989,25.11022814
112,3,15,12,8,2,09北投區,北投區文林北路與自強街5巷口,0,0,1,2,C03,8,1,5,30,3,1,1,5,4,5,7,4,4,1,4,5,2,16,2,20,2,8,1,1,7,9,1,10,1,12,,14,,1,22,9,121.511989,25.11022814
112,3,15,12,17,2,12內湖區,內湖區內湖路2段與金龍路口,0,0,1,2,H01,8,1,5,50,4,1,1,5,4,5,7,2,1,5,4,5,2,3,2,29,2,7,4,5,8,16,8,20,10,16,,67,,1,22,9,121.5936964,25.08477189
112,3,15,12,17,2,12內湖區,內湖區內湖路2段與金龍路口,0,0,1,1,B03,8,1,5,50,4,1,1,5,4,5,7,2,1,5,4,5,2,3,1,55,3,10,1,1,7,5,6,8,9,4,,15,,1,22,9,121.5936964,25.08477189
112,3,15,12,53,2,06松山區,松山區八德路3段12巷57弄39-1號,0,0,1,1,B03,8,1,5,30,14,9,1,5,4,5,7,4,4,10,5,5,2,2,1,84,4,11,3,4,7,15,7,19,11,15,,23,,2,22,9,121.5520057,25.04512272
112,3,15,12,53,2,06松山區,松山區八德路3段12巷57弄39-1號,0,0,1,2,H01,8,1,5,30,14,9,1,5,4,5,7,4,4,10,5,5,2,2,1,26,2,7,1,1,8,16,8,20,10,16,,67,,1,22,9,121.5520057,25.04512272
112,3,15,13,0,2,12內湖區,內湖區康寧路3段99巷與康寧路3段99巷12弄口,0,0,1,2,C03,8,1,5,30,4,1,1,5,4,5,7,4,4,10,5,5,2,15,2,59,2,8,1,1,7,9,1,10,1,12,,23,,1,22,9,121.6106636,25.07268874
112,3,15,13,0,2,12內湖區,內湖區康寧路3段99巷與康寧路3段99巷12弄口,0,0,1,1,B03,8,1,5,30,4,1,1,5,4,5,7,4,4,10,5,5,2,15,2,27,3,10,1,1,7,9,1,8,1,1,,6,,1,22,9,121.6106636,25.07268874
112,3,15,13,16,2,12內湖區,內湖區新明路298巷與新明路298巷14弄口,0,0,1,3,B03,8,1,5,50,3,2,1,5,4,5,7,4,4,5,4,5,2,12,1,54,3,10,1,1,7,14,1,8,1,6,,44,,1,22,9,121.5818006,25.05651293
112,3,15,13,16,2,12內湖區,內湖區新明路298巷與新明路298巷14弄口,0,0,1,2,C03,8,1,5,50,3,2,1,5,4,5,7,4,4,5,4,5,2,12,2,28,2,9,1,1,7,14,1,10,1,13,,44,,1,22,9,121.5818006,25.05651293
112,3,15,13,16,2,12內湖區,內湖區新明路298巷與新明路298巷14弄口,0,0,1,1,C03,8,1,5,50,3,2,1,5,4,5,7,4,4,5,4,5,2,12,2,23,3,10,1,1,7,9,1,10,1,11,,23,,1,22,9,121.5818006,25.05651293
112,3,15,13,28,2,07信義區,信義區虎林街120巷與忠孝東路5段275巷口,0,0,2,1,C04,8,1,5,30,4,1,1,5,4,5,7,4,4,10,5,5,2,16,2,28,2,9,1,1,7,9,1,8,2,14,,6,,1,22,9,121.5713899,25.0422688
112,3,15,13,28,2,07信義區,信義區虎林街120巷與忠孝東路5段275巷口,0,0,2,2,C03,8,1,5,30,4,1,1,5,4,5,7,4,4,10,5,5,2,16,1,31,2,9,1,1,7,9,1,10,2,11,,13,,1,22,9,121.5713899,25.0422688
112,3,15,13,33,2,12內湖區,內湖區星雲街138巷與星雲街口,0,0,1,2,H01,8,1,5,50,3,2,1,5,4,5,7,2,1,5,5,5,1,9,1,7,2,9,4,5,8,16,8,20,10,16,,67,,1,22,9,121.595016,25.07990759
112,3,15,13,33,2,12內湖區,內湖區星雲街138巷與星雲街口,0,0,1,1,B03,8,1,5,50,3,2,1,5,4,5,7,2,1,5,5,5,1,9,1,42,3,10,1,1,7,9,1,8,2,2,,25,,1,22,9,121.595016,25.07990759
112,3,15,14,28,2,04大安區,大安區和平東路2段與復興南路2段口,0,0,1,3,B01,8,1,5,50,14,9,1,5,4,5,7,2,1,8,3,5,2,16,1,67,3,10,1,1,7,9,1,8,2,4,,44,,1,22,9,121.5437765,25.0249172
112,3,15,14,28,2,04大安區,大安區和平東路2段與復興南路2段口,0,0,1,2,B11,8,1,5,50,14,9,1,5,4,5,7,2,1,8,3,5,2,16,1,38,3,10,1,1,7,9,1,4,2,2,,44,,1,22,9,121.5437765,25.0249172
112,3,15,14,28,2,04大安區,大安區和平東路2段與復興南路2段口,0,0,1,1,C03,8,1,5,50,14,9,1,5,4,5,7,2,1,8,3,5,2,16,1,18,2,9,1,1,7,9,1,10,2,14,,23,,1,22,9,121.5437765,25.0249172
112,3,15,14,55,2,08士林區,士林區士東路286巷與德行東路331巷口,0,0,1,1,B03,8,1,5,50,3,1,1,5,4,5,7,4,4,9,5,5,2,17,2,61,3,10,1,1,7,6,1,8,1,8,,6,,1,22,9,121.5375462,25.11162919
112,3,15,14,55,2,08士林區,士林區士東路286巷與德行東路331巷口,0,0,1,2,C03,8,1,5,50,3,1,1,5,4,5,7,4,4,9,5,5,2,17,2,41,2,9,1,1,7,9,1,10,1,11,,44,,1,22,9,121.5375462,25.11162919
112,3,15,15,2,2,08士林區,士林區克強路15巷與中山北路6段195巷口,0,0,1,1,B03,8,1,5,30,4,1,1,5,4,5,7,4,4,10,5,5,1,16,1,37,3,10,1,1,7,9,1,8,2,1,,6,,1,22,9,121.5243272,25.10779581
112,3,15,15,2,2,08士林區,士林區克強路15巷與中山北路6段195巷口,0,0,1,2,C03,8,1,5,30,4,1,1,5,4,5,7,4,4,10,5,5,1,16,2,57,2,9,1,1,7,9,1,10,2,12,,14,,1,22,9,121.5243272,25.10779581
112,3,15,15,29,2,03中山區,中山區濱江街136號,0,0,2,1,B01,8,1,5,50,14,9,1,5,4,5,7,4,4,10,4,5,2,12,1,57,3,10,3,4,7,6,1,4,1,2,,9,,1,22,9,121.5356845,25.0722582
112,3,15,15,29,2,03中山區,中山區濱江街136號,0,0,2,2,C03,8,1,5,50,14,9,1,5,4,5,7,4,4,10,4,5,2,12,1,25,2,9,3,4,7,9,1,10,1,14,,44,,1,22,9,121.5356845,25.0722582
112,3,15,15,29,2,03中山區,中山區濱江街136號,0,0,2,3,H02,8,1,5,50,14,9,1,5,4,5,7,4,4,10,4,5,2,12,2,23,2,9,3,4,7,21,8,20,10,16,,67,,1,22,9,121.5356845,25.0722582
112,3,15,15,44,2,02萬華區,萬華區中華路2段與和平西路2段口,0,0,1,1,B01,7,1,5,50,4,1,1,5,4,5,7,1,1,8,3,5,1,16,2,66,3,10,3,4,7,9,1,4,1,1,,23,,1,22,9,121.5052997,25.0335159
112,3,15,15,44,2,02萬華區,萬華區中華路2段與和平西路2段口,0,0,1,2,C03,7,1,5,50,4,1,1,5,4,5,7,1,1,8,3,5,1,16,1,25,2,9,3,4,7,9,1,10,1,14,,44,,1,22,9,121.5052997,25.0335159
112,3,15,15,44,2,02萬華區,萬華區國興路與國興路1巷口,0,0,1,1,B03,8,1,5,50,3,2,1,5,4,5,7,1,1,4,3,5,2,12,1,67,3,10,1,1,7,6,1,8,1,8,,9,,1,22,9,121.508286,25.024568
112,3,15,15,44,2,02萬華區,萬華區國興路與國興路1巷口,0,0,1,2,C03,8,1,5,50,3,2,1,5,4,5,7,1,1,4,3,5,2,12,2,72,2,9,1,1,7,5,1,10,1,12,,8,,1,22,9,121.508286,25.024568