發生年度,發生月,發生日,發生時-Hours,發生分,處理別-編號,區序,肇事地點,死亡人數,2-30日死亡人數,受傷人數,當事人序號,車種,天候,光線,道路類別,速限-速度限制,道路型態,事故位置,路面狀況1,路面狀況2,路面狀況3,道路障礙1,道路障礙2,號誌1,號誌2,車道劃分-分向,車道劃分-分道1,車道劃分-分道2,車道劃分-分道3,事故類型及型態,性別,年齡,受傷程度,主要傷處,保護裝置,行動電話,車輛用途,當事者行動狀態,駕駛資格情形,駕駛執照種類,飲酒情形,車輛撞擊部位1,車輛撞擊部位2,肇因碼-個別,肇因碼-主要,個人肇逃否,職業,旅次目的,座標-X,座標-Y
112,3,16,10,25,2,10文山區,文山區溪口街85巷與溪口街85巷10弄口,0,0,2,2,C03,8,1,5,30,4,1,1,5,4,5,7,4,4,10,5,5,2,15,2,51,2,7,1,1,7,9,1,10,1,11,,14,,1,22,9,121.5381882,24.99501516
112,3,16,11,5,2,01大同區,大同區民權西路102巷33弄與承德路2段口,0,0,2,4,B01,8,1,5,0,4,2,1,5,4,5,7,4,4,9,4,5,2,17,1,67,3,10,1,1,7,9,1,4,1,2,,44,,1,22,9,121.5181736,25.06162077
112,3,16,11,5,2,01大同區,大同區民權西路102巷33弄與承德路2段口,0,0,2,1,A02,8,1,5,0,4,2,1,5,4,5,7,4,4,9,4,5,2,17,1,43,3,10,1,1,7,1,1,2,1,15,,19,,1,22,9,121.5181736,25.06162077
112,3,16,11,5,2,01大同區,大同區民權西路102巷33弄與承德路2段口,0,0,2,2,C04,8,1,5,0,4,2,1,5,4,5,7,4,4,9,4,5,2,17,1,21,2,9,1,1,7,9,1,11,1,14,,42,,1,22,9,121.5181736,25.06162077
112,3,16,11,5,2,01大同區,大同區民權西路102巷33弄與承德路2段口,0,0,2,3,C03,8,1,5,0,4,2,1,5,4,5,7,4,4,9,4,5,2,17,1,40,2,9,1,1,7,9,1,10,1,12,,23,,1,22,9,121.5181736,25.06162077
112,3,16,11,9,2,04大安區,大安區復興南路2段65號,0,0,1,1,B03,8,1,5,50,14,9,1,5,4,5,7,4,4,8,3,5,2,17,1,44,3,10,1,1,7,15,1,8,1,4,,43,,1,22,9,121.5436454,25.0304607
112,3,16,11,9,2,04大安區,大安區復興南路2段65號,0,0,1,2,C03,8,1,5,50,14,9,1,5,4,5,7,4,4,8,3,5,2,17,2,39,2,9,1,1,7,9,1,10,1,12,,43,,1,22,9,121.5436454,25.0304607
112,3,16,11,19,2,02萬華區,萬華區堤外便道與桂林路水門口口,0,0,1,2,C03,8,1,5,50,4,1,1,5,4,5,7,1,1,9,4,5,2,17,2,56,2,7,1,1,7,9,1,10,1,11,14,44,,1,22,9,121.4958157,25.03903228
112,3,16,11,19,2,02萬華區,萬華區堤外便道與桂林路水門口口,0,0,1,1,C03,8,1,5,50,4,1,1,5,4,5,7,1,1,9,4,5,2,17,1,55,3,10,1,1,7,5,1,9,1,11,,25,,1,22,9,121.4958157,25.03903228
112,3,16,11,46,2,11南港區,南港區南港路1段180號,0,0,2,2,C03,8,1,5,50,14,9,1,5,4,5,7,4,4,5,4,5,2,16,2,59,2,9,1,1,7,9,1,10,1,14,,44,,1,22,9,121.6115609,25.05522789
112,3,16,11,46,2,11南港區,南港區南港路1段180號,0,0,2,1,C03,8,1,5,50,14,9,1,5,4,5,7,4,4,5,4,5,2,16,1,43,2,9,1,1,7,9,1,10,1,12,,23,,1,22,9,121.6115609,25.05522789
112,3,16,11,50,2,10文山區,文山區羅斯福路6段與景中街口,0,0,2,1,C03,8,1,5,50,4,2,1,5,4,5,7,1,1,1,4,5,2,17,2,53,2,9,1,4,7,9,1,10,2,11,,16,,1,22,9,121.5409342,24.9934685
112,3,16,11,50,2,10文山區,文山區羅斯福路6段與景中街口,0,0,2,2,B01,8,1,5,50,4,2,1,5,4,5,7,1,1,1,4,5,2,17,1,61,3,10,1,4,7,9,1,4,2,1,,16,,1,22,9,121.5409342,24.9934685
112,3,16,11,50,2,10文山區,文山區羅斯福路6段與景中街口,0,0,2,3,C03,8,1,5,50,4,2,1,5,4,5,7,1,1,1,4,5,2,17,2,24,2,9,1,4,7,9,1,10,2,13,,44,,1,22,9,121.5409342,24.9934685
112,3,16,12,10,2,06松山區,松山區光復北路與南京東路5段23巷7弄口,0,0,2,1,C03,8,1,5,30,4,1,1,5,4,5,7,4,4,9,4,5,2,16,2,32,2,8,1,1,7,9,1,10,1,12,,6,,1,22,9,121.557169,25.05217216
112,3,16,12,10,2,06松山區,松山區光復北路與南京東路5段23巷7弄口,0,0,2,2,B03,8,1,5,30,4,1,1,5,4,5,7,4,4,9,4,5,2,16,1,66,3,10,1,1,7,9,1,8,1,1,,23,,1,22,9,121.557169,25.05217216
112,3,16,12,10,2,06松山區,松山區光復北路與南京東路5段23巷7弄口,0,0,2,3,H02,8,1,5,30,4,1,1,5,4,5,7,4,4,9,4,5,2,16,2,4,2,4,3,5,7,20,8,20,10,16,,67,,1,22,9,121.557169,25.05217216
112,3,16,12,37,2,09北投區,北投區懷德街與振華街口,0,0,1,1,B12,8,1,5,50,4,1,1,5,4,5,7,2,1,5,4,5,2,3,1,38,3,10,1,1,7,5,1,8,2,1,,15,,1,22,9,121.5200107,25.11554612
112,3,16,12,37,2,09北投區,北投區懷德街與振華街口,0,0,1,2,H01,8,1,5,50,4,1,1,5,4,5,7,2,1,5,4,5,2,3,2,71,2,9,4,5,8,16,8,20,10,16,,67,,1,22,9,121.5200107,25.11554612
112,3,16,12,40,2,01大同區,大同區民權西路與承德路3段口,0,0,1,1,B01,8,1,5,50,4,2,1,5,4,5,7,2,1,1,4,5,2,16,1,70,3,10,3,4,7,6,4,8,2,1,,9,,1,22,9,121.5183939,25.06303359
112,3,16,12,40,2,01大同區,大同區民權西路與承德路3段口,0,0,1,2,F01,8,1,5,50,4,2,1,5,4,5,7,2,1,1,4,5,2,16,2,43,2,9,3,4,7,11,8,20,2,16,,11,,1,22,9,121.5183939,25.06303359
112,3,16,13,4,2,02萬華區,(中華路一段192號前),0,0,1,1,B03,8,1,5,50,3,2,1,5,4,5,7,4,4,1,5,5,2,17,1,20,3,10,1,1,7,6,1,8,1,7,,6,,1,22,9,121.5070561,25.03866918
112,3,16,13,4,2,02萬華區,(中華路一段192號前),0,0,1,2,C03,8,1,5,50,3,2,1,5,4,5,7,4,4,1,5,5,2,17,1,22,2,9,1,1,7,9,1,9,1,11,12,14,,1,22,9,121.5070561,25.03866918
112,3,16,13,9,2,08士林區,士林區中山北路6段318號對面,0,0,1,1,C03,8,1,5,50,11,9,1,5,4,5,7,4,4,1,4,5,1,12,1,79,2,9,1,1,7,9,1,10,1,14,,44,,1,22,9,121.5257288,25.11138716
112,3,16,13,9,2,08士林區,士林區中山北路6段318號對面,0,0,1,2,B02,8,1,5,50,11,9,1,5,4,5,7,4,4,1,4,5,1,12,1,76,3,10,1,1,7,9,1,8,1,2,,23,,1,22,9,121.5257288,25.11138716
112,3,16,13,45,2,08士林區,士林區至善路2段與至善路2段1巷口口,0,0,2,2,C03,8,1,5,50,3,2,1,5,4,5,7,4,4,3,4,4,1,16,1,22,2,8,1,1,7,8,1,9,1,13,,7,,1,22,9,121.5432129,25.09724017
112,3,16,13,45,2,08士林區,士林區至善路2段與至善路2段1巷口口,0,0,2,1,C03,8,1,5,50,3,2,1,5,4,5,7,4,4,3,4,4,1,16,1,33,2,9,1,1,7,9,1,10,1,11,,23,,1,22,9,121.5432129,25.09724017
112,3,16,14,30,2,10文山區,文山區景福街242巷與萬慶街口,0,0,2,2,C03,8,1,5,30,4,1,1,5,4,5,7,4,4,10,5,5,2,15,2,47,2,9,1,4,7,9,1,10,2,11,,23,,1,22,9,121.5394033,24.9927299
112,3,16,14,30,2,10文山區,文山區景福街242巷與萬慶街口,0,0,2,1,C03,8,1,5,30,4,1,1,5,4,5,7,4,4,10,5,5,2,15,2,52,2,8,1,4,7,9,1,10,2,14,,6,,1,22,9,121.5394033,24.9927299
112,3,16,15,0,2,08士林區,士林區延平北路5段與延平北路5段136巷口,0,0,1,2,B12,8,1,5,50,3,1,1,5,4,5,7,1,1,1,4,5,2,13,1,54,3,10,3,4,7,11,1,8,1,7,,10,,1,22,9,121.5103361,25.08207589
112,3,16,15,0,2,08士林區,士林區延平北路5段與延平北路5段136巷口,0,0,1,1,C03,8,1,5,50,3,1,1,5,4,5,7,1,1,1,4,5,2,13,1,29,2,9,1,1,7,9,1,10,1,11,,13,,1,22,9,121.5103361,25.08207589
112,3,16,15,10,2,12內湖區,內湖區內湖路1段與基湖路口,0,0,1,2,C03,8,1,5,50,4,1,1,5,4,5,7,2,1,1,4,4,2,16,2,21,2,9,1,1,7,9,1,10,1,11,,44,,1,22,9,121.5654938,25.0823195
112,3,16,15,10,2,12內湖區,內湖區內湖路1段與基湖路口,0,0,1,1,B03,8,1,5,50,4,1,1,5,4,5,7,2,1,1,4,4,2,16,2,27,3,10,1,1,7,9,1,8,1,2,,25,,1,22,9,121.5654938,25.0823195
112,3,16,15,42,2,08士林區,士林區至誠路1段與雨聲街口,0,0,1,1,B03,8,1,5,50,3,1,1,5,4,5,7,3,1,5,5,5,2,12,1,63,3,10,3,4,7,6,1,8,1,2,,42,,1,22,9,121.533646,25.10126594
112,3,16,15,42,2,08士林區,士林區至誠路1段與雨聲街口,0,0,1,2,C03,8,1,5,50,3,1,1,5,4,5,7,3,1,5,5,5,2,12,2,40,2,8,1,1,7,9,1,10,1,14,,42,,1,22,9,121.533646,25.10126594
112,3,16,15,47,2,04大安區,大安區新生南路1段141-8號,0,0,1,1,,8,1,5,50,14,9,1,4,4,5,7,4,4,9,3,5,2,29,3,44,,,,,,,,,,,,61,,1,,,121.5329622,25.03622834
112,3,16,15,47,2,04大安區,大安區新生南路1段141-8號,0,0,1,2,C03,8,1,5,50,14,9,1,4,4,5,7,4,4,9,3,5,2,29,1,24,3,10,1,1,7,9,1,10,1,11,,23,,1,22,9,121.5329622,25.03622834
112,3,16,15,47,2,04大安區,大安區新生南路1段141-8號,0,0,1,3,C03,8,1,5,50,14,9,1,4,4,5,7,4,4,9,3,5,2,29,2,27,2,8,1,1,7,9,1,10,1,11,,44,,1,22,9,121.5329622,25.03622834
112,3,16,15,54,2,01大同區,大同區台北橋機慢車道往東第三根燈桿,0,0,2,2,C03,8,1,5,50,14,11,1,5,4,5,7,4,4,1,4,5,2,13,1,26,2,8,1,1,7,9,1,10,1,13,,44,,1,22,9,121.5078354,25.06329224
112,3,16,15,54,2,01大同區,大同區台北橋機慢車道往東第三根燈桿,0,0,2,3,H01,8,1,5,50,14,11,1,5,4,5,7,4,4,1,4,5,2,13,4,0,4,11,3,4,7,15,7,19,11,15,,43,,2,22,9,121.5078354,25.06329224
112,3,16,15,54,2,01大同區,大同區台北橋機慢車道往東第三根燈桿,0,0,2,1,C03,8,1,5,50,14,11,1,5,4,5,7,4,4,1,4,5,2,13,2,32,2,8,1,1,7,9,1,8,1,11,,23,,1,22,9,121.5078354,25.06329224
112,3,16,16,1,2,10文山區,文山區景後街與景中街30巷口,0,0,2,2,C03,8,1,5,30,4,1,1,5,4,5,7,3,1,10,5,5,2,15,1,27,2,9,1,1,7,9,1,10,2,11,,23,,1,22,9,121.5428763,24.99208415
112,3,16,16,1,2,10文山區,文山區景後街與景中街30巷口,0,0,2,1,C03,8,1,5,30,4,1,1,5,4,5,7,3,1,10,5,5,2,15,1,72,2,9,1,1,7,9,1,10,2,12,,6,,1,22,9,121.5428763,24.99208415
112,3,16,16,22,2,06松山區,松山區民權東路3段103巷5弄40號,0,0,2,1,B03,8,1,5,30,15,9,1,5,4,5,7,4,4,10,5,5,2,17,1,52,2,2,1,1,7,11,1,8,2,8,,10,,1,22,9,121.5466975,25.06281992
112,3,16,16,22,2,06松山區,松山區民權東路3段103巷5弄40號,0,0,2,2,C03,8,1,5,30,15,9,1,5,4,5,7,4,4,10,5,5,2,17,1,52,2,9,1,4,7,9,1,9,2,11,,13,,1,22,9,121.5466975,25.06281992
112,3,16,16,40,2,07信義區,信義區忠孝東路5段524巷與忠孝東路5段524巷3弄口口,0,0,2,1,F01,8,1,5,30,4,2,1,5,4,5,7,4,4,5,5,5,2,17,2,55,2,9,2,1,7,5,8,20,2,16,,6,,1,22,9,121.5797528,25.0407133
112,3,16,16,40,2,07信義區,信義區忠孝東路5段524巷與忠孝東路5段524巷3弄口口,0,0,2,2,C03,8,1,5,30,4,2,1,5,4,5,7,4,4,5,5,5,2,17,1,19,2,8,1,1,7,9,1,10,2,14,,17,,1,22,9,121.5797528,25.0407133
112,3,16,16,55,2,10文山區,文山區景福街與景福街3巷口,0,0,2,1,F01,8,1,5,50,4,1,1,5,4,5,7,4,4,9,5,5,2,12,2,74,2,7,2,1,7,5,8,20,2,16,,8,,1,22,9,121.539291,24.99947932
112,3,16,16,55,2,10文山區,文山區景福街與景福街3巷口,0,0,2,2,C03,8,1,5,50,4,1,1,5,4,5,7,4,4,9,5,5,2,12,1,33,2,7,1,1,7,9,1,10,2,12,,44,,1,22,9,121.539291,24.99947932
112,3,16,16,55,2,09北投區,北投區中和街453號,0,0,1,1,C03,8,1,5,50,11,9,1,5,4,5,7,4,4,9,5,5,2,16,1,18,2,7,1,1,7,5,1,10,1,12,,13,,1,22,9,121.4972939,25.14455109
112,3,16,16,55,2,09北投區,北投區中和街453號,0,0,1,2,B01,8,1,5,50,11,9,1,5,4,5,7,4,4,9,5,5,2,16,1,57,3,10,1,1,7,13,1,4,1,4,,44,,1,22,9,121.4972939,25.14455109
112,3,16,17,0,2,10文山區,文山區木柵路5段71-1號,0,0,1,2,,8,1,5,40,14,9,1,5,4,5,7,4,4,10,5,5,2,27,3,0,,,,,,,,,,,,66,,1,,,121.5901677,25.0014707
112,3,16,17,0,2,10文山區,文山區木柵路5段71-1號,0,0,1,1,C03,8,1,5,40,14,9,1,5,4,5,7,4,4,10,5,5,2,27,1,25,2,9,3,4,7,9,1,10,2,12,,13,,1,21,8,121.5901677,25.0014707
112,3,16,17,0,2,12內湖區,內湖區瑞湖街186號,0,0,1,2,C03,8,1,5,50,14,9,1,5,4,5,7,4,4,4,4,5,1,12,2,28,3,10,3,4,7,9,1,10,1,14,,43,,1,22,9,121.5763443,25.0691802
112,3,16,17,0,2,12內湖區,內湖區瑞湖街186號,0,0,1,1,C03,8,1,5,50,14,9,1,5,4,5,7,4,4,4,4,5,1,12,1,63,2,9,3,4,7,14,1,10,1,13,,43,,1,22,9,121.5763443,25.0691802
112,3,16,17,19,2,08士林區,士林區士東路252號對面,0,0,1,1,F01,8,1,5,50,14,9,1,5,4,5,7,4,4,1,4,5,2,17,1,70,2,9,2,1,7,9,8,20,1,16,,23,,1,22,9,121.5357285,25.11312486
112,3,16,17,19,2,08士林區,士林區士東路252號對面,0,0,1,2,B03,8,1,5,50,14,9,1,5,4,5,7,4,4,1,4,5,2,17,2,32,3,10,3,1,7,13,1,8,1,4,,40,,1,22,9,121.5357285,25.11312486
112,3,16,17,30,2,01大同區,大同區環河北路2段與環河北路2段123巷口,0,0,1,1,B03,8,1,5,30,3,1,1,5,4,5,7,4,4,1,4,5,2,15,1,51,3,10,3,4,7,1,1,8,1,8,,6,,1,22,9,121.5089808,25.06665917
112,3,16,17,30,2,01大同區,大同區環河北路2段與環河北路2段123巷口,0,0,1,2,C03,8,1,5,30,3,1,1,5,4,5,7,4,4,1,4,5,2,15,1,18,2,9,3,4,7,9,1,10,1,11,,14,,1,22,9,121.5089808,25.06665917
112,3,16,17,30,2,02萬華區,萬華區西園路1段158號,0,0,2,2,C03,8,1,5,50,14,9,1,5,4,5,7,4,4,5,5,5,2,12,1,20,2,7,1,1,7,9,1,10,1,13,,44,,1,22,9,121.4994441,25.03731442
112,3,16,17,30,2,02萬華區,萬華區西園路1段158號,0,0,2,1,C03,8,1,5,50,14,9,1,5,4,5,7,4,4,5,5,5,2,12,1,41,2,9,1,1,7,11,6,18,1,11,,23,,1,22,9,121.4994441,25.03731442
112,3,16,18,2,2,12內湖區,內湖區內湖路3段18巷與內湖路3段口,0,0,1,1,B03,7,1,5,30,4,1,1,5,4,5,7,4,4,5,5,5,2,16,2,35,3,10,1,1,7,9,1,8,1,1,,6,,1,22,9,121.5927405,25.0845684
112,3,16,18,2,2,12內湖區,內湖區內湖路3段18巷與內湖路3段口,0,0,1,2,C03,7,1,5,30,4,1,1,5,4,5,7,4,4,5,5,5,2,16,1,31,2,8,1,1,7,9,1,10,1,12,,44,,1,22,9,121.5927405,25.0845684
112,3,16,18,27,2,04大安區,大安區羅斯福路4段與羅斯福路4段119巷口,0,0,1,2,C03,8,3,5,50,5,1,1,5,4,5,7,2,1,1,4,5,2,17,1,56,2,8,1,1,7,10,1,10,1,14,,7,,1,22,9,121.5374446,25.01116827
112,3,16,18,27,2,04大安區,大安區羅斯福路4段與羅斯福路4段119巷口,0,0,1,1,B03,8,3,5,50,5,1,1,5,4,5,7,2,1,1,4,5,2,17,1,67,3,10,1,1,7,15,1,8,1,5,,44,,1,22,9,121.5374446,25.01116827
112,3,16,18,40,2,12內湖區,內湖區港墘路250號,0,0,2,1,B03,8,1,5,50,14,9,1,5,4,5,7,4,4,1,5,5,2,17,1,22,2,8,1,1,7,9,1,8,1,1,,16,,1,22,9,121.5728237,25.07487846
112,3,16,18,40,2,12內湖區,內湖區港墘路250號,0,0,2,4,H02,8,1,5,50,14,9,1,5,4,5,7,4,4,1,5,5,2,17,2,23,2,8,1,5,7,20,8,20,10,16,,67,,1,22,9,121.5728237,25.07487846
112,3,16,18,40,2,12內湖區,內湖區港墘路250號,0,0,2,3,B03,8,1,5,50,14,9,1,5,4,5,7,4,4,1,5,5,2,17,1,32,3,10,1,1,7,15,1,8,1,3,,44,,1,22,9,121.5728237,25.07487846
112,3,16,18,40,2,12內湖區,內湖區港墘路250號,0,0,2,2,B03,8,1,5,50,14,9,1,5,4,5,7,4,4,1,5,5,2,17,1,45,3,10,1,1,7,9,1,8,1,3,,16,,1,22,9,121.5728237,25.07487846
112,3,16,18,47,2,12內湖區,內湖區內湖路1段285巷北往南,0,0,1,2,B03,8,3,5,30,14,9,1,5,4,5,7,4,4,10,5,5,2,11,1,46,3,10,1,1,7,9,1,8,1,4,,44,,1,22,9,121.566928,25.08532078
112,3,16,18,47,2,12內湖區,內湖區內湖路1段285巷北往南,0,0,1,1,C03,8,3,5,30,14,9,1,5,4,5,7,4,4,10,5,5,2,11,1,58,2,7,1,1,7,9,1,10,1,11,,17,,1,22,9,121.566928,25.08532078
112,3,16,18,55,2,05中正區,中正區南昌路2段112號前,0,0,1,1,C03,8,3,5,50,14,9,1,5,4,5,7,4,4,9,5,5,2,16,1,22,3,10,1,1,7,11,1,10,1,14,,10,,1,22,9,121.52209,25.02599525
112,3,16,18,55,2,05中正區,中正區南昌路2段112號前,0,0,1,2,C03,8,3,5,50,14,9,1,5,4,5,7,4,4,9,5,5,2,16,1,27,2,8,1,1,7,9,1,10,1,12,,44,,1,22,9,121.52209,25.02599525
112,3,16,19,15,2,01大同區,大同區延平北路4段與敦煌路口,0,0,3,3,H02,8,3,5,50,5,1,1,5,4,5,7,2,1,5,4,5,2,11,2,6,2,9,2,5,7,21,8,20,10,15,,67,,1,22,9,121.5120338,25.07652529
112,3,16,19,15,2,01大同區,大同區延平北路4段與敦煌路口,0,0,3,2,C03,8,3,5,50,5,1,1,5,4,5,7,2,1,5,4,5,2,11,1,18,2,3,1,1,7,9,3,18,1,11,,44,,1,22,9,121.5120338,25.07652529
112,3,16,19,15,2,01大同區,大同區延平北路4段與敦煌路口,0,0,3,1,C03,8,3,5,50,5,1,1,5,4,5,7,2,1,5,4,5,2,11,2,47,2,9,1,1,7,5,1,10,1,12,,8,,1,22,9,121.5120338,25.07652529
112,3,16,19,27,2,03中山區,中山區民族東路與濱江街180巷口,0,0,1,2,C03,7,3,5,50,4,1,1,5,4,5,7,2,1,1,3,4,2,13,2,26,2,9,3,4,7,9,1,10,2,13,,26,,1,22,9,121.538121,25.0681636
112,3,16,19,27,2,03中山區,中山區民族東路與濱江街180巷口,0,0,1,1,B03,7,3,5,50,4,1,1,5,4,5,7,2,1,1,3,4,2,13,1,50,3,10,3,4,7,9,1,8,2,1,,44,,1,22,9,121.538121,25.0681636
112,3,16,19,46,2,12內湖區,內湖區金湖路57號前,0,0,1,1,C03,8,3,5,50,14,9,1,5,4,5,7,4,4,1,4,5,2,17,1,30,3,10,1,1,7,9,1,10,1,15,,42,,1,22,9,121.5969868,25.0819266
112,3,16,19,46,2,12內湖區,內湖區金湖路57號前,0,0,1,2,C03,8,3,5,50,14,9,1,5,4,5,7,4,4,1,4,5,2,17,1,51,2,9,1,1,7,9,1,10,1,12,,23,,1,22,9,121.5969868,25.0819266
112,3,16,19,46,2,12內湖區,內湖區金湖路57號前,0,0,1,3,C03,8,3,5,50,14,9,1,5,4,5,7,4,4,1,4,5,2,17,2,27,3,10,1,1,7,9,1,10,1,14,,44,,1,22,9,121.5969868,25.0819266
112,3,16,19,51,2,04大安區,大安區和平東路1段與和平東路1段41巷口,0,0,1,1,B12,8,3,5,50,3,1,1,5,4,5,7,2,1,1,4,5,2,17,2,65,3,10,1,1,7,11,1,8,1,15,,25,,1,22,9,121.5238677,25.0270599
112,3,16,19,51,2,04大安區,大安區和平東路1段與和平東路1段41巷口,0,0,1,2,C03,8,3,5,50,3,1,1,5,4,5,7,2,1,1,4,5,2,17,1,32,2,7,1,1,7,9,1,10,1,11,,44,,1,22,9,121.5238677,25.0270599
112,3,16,20,19,2,01大同區,大同區環河北路1段與環河北路1段413巷口,0,0,2,3,C03,8,3,5,50,3,1,1,5,4,5,7,4,4,1,4,5,2,29,2,62,2,9,1,1,7,9,1,10,1,11,,23,,1,22,9,121.5086491,25.0621394
112,3,16,20,19,2,01大同區,大同區環河北路1段與環河北路1段413巷口,0,0,2,2,C03,8,3,5,50,3,1,1,5,4,5,7,4,4,1,4,5,2,29,1,41,2,4,1,1,7,9,1,10,1,11,,23,,1,22,9,121.5086491,25.0621394
112,3,16,20,19,2,01大同區,大同區環河北路1段與環河北路1段413巷口,0,0,2,1,,8,3,5,50,3,1,1,5,4,5,7,4,4,1,4,5,2,29,3,0,,,,,,,,,,,,66,,1,,,121.5086491,25.0621394
112,3,16,20,27,2,10文山區,文山區木柵路1段148號前,0,0,1,1,B02,8,3,5,50,14,9,1,5,4,5,7,2,1,4,3,5,2,16,1,22,3,10,1,1,7,7,1,8,2,5,,23,,1,22,9,121.5517274,24.9876898
112,3,16,20,27,2,10文山區,文山區木柵路1段148號前,0,0,1,2,A02,8,3,5,50,14,9,1,5,4,5,7,2,1,4,3,5,2,16,1,45,3,10,1,1,7,14,1,2,2,7,,38,,1,22,9,121.5517274,24.9876898
112,3,16,20,27,2,10文山區,文山區木柵路1段148號前,0,0,1,3,C03,8,3,5,50,14,9,1,5,4,5,7,2,1,4,3,5,2,16,2,44,2,9,1,1,7,9,1,10,2,11,,44,,1,22,9,121.5517274,24.9876898
112,3,16,20,42,2,09北投區,北投區大興街與磺港路口口,0,0,1,2,C03,8,1,5,50,14,9,1,5,4,5,7,4,4,5,5,5,2,16,2,51,2,9,1,1,7,9,1,10,2,11,,44,,1,22,9,121.5037665,25.13051177
112,3,16,20,42,2,09北投區,北投區大興街與磺港路口口,0,0,1,1,B03,8,1,5,50,14,9,1,5,4,5,7,4,4,5,5,5,2,16,1,65,3,10,1,1,7,1,1,8,2,4,,19,,1,22,9,121.5037665,25.13051177
112,3,16,21,0,2,12內湖區,內湖區南京東路6段79號,0,0,2,2,C03,8,1,5,30,14,9,1,5,4,5,7,4,4,1,5,5,2,17,2,43,2,9,1,1,7,9,1,10,4,11,,21,,1,22,9,121.5769751,25.05515383
112,3,16,21,0,2,12內湖區,內湖區南京東路6段79號,0,0,2,1,C03,8,1,5,30,14,9,1,5,4,5,7,4,4,1,5,5,2,17,2,30,2,5,1,1,7,1,1,10,2,13,,19,,1,22,9,121.5769751,25.05515383
112,3,16,21,8,2,05中正區,中正區汀州路2段與廈門街口,0,0,1,2,C03,8,3,5,50,4,1,1,5,4,5,7,1,1,5,4,5,2,16,1,33,2,1,1,1,7,9,1,10,9,14,,44,,1,22,9,121.5174675,25.0254038
112,3,16,21,8,2,05中正區,中正區汀州路2段與廈門街口,0,0,1,1,C03,8,3,5,50,4,1,1,5,4,5,7,1,1,5,4,5,2,16,1,48,3,10,1,1,7,5,1,10,2,12,,6,,1,22,9,121.5174675,25.0254038
112,3,16,21,18,2,12內湖區,內湖區文德路46號,0,0,1,1,C03,8,3,5,40,14,8,1,5,4,5,7,4,4,1,4,4,2,13,1,30,2,8,1,1,7,9,1,10,1,12,,23,,1,22,9,121.5806498,25.07842069
112,3,16,21,18,2,12內湖區,內湖區文德路46號,0,0,1,2,C03,8,3,5,40,14,8,1,5,4,5,7,4,4,1,4,4,2,13,1,19,3,10,1,1,7,9,1,10,1,13,,44,,1,22,9,121.5806498,25.07842069
112,3,16,21,49,2,03中山區,中山區北安路269號,0,0,2,2,C03,8,3,5,50,14,9,1,5,4,5,7,2,1,1,4,5,2,16,2,29,2,9,1,1,7,9,1,10,1,12,,44,,1,22,9,121.5350487,25.0780028
112,3,16,21,49,2,03中山區,中山區北安路269號,0,0,2,1,C03,8,3,5,50,14,9,1,5,4,5,7,2,1,1,4,5,2,16,1,35,2,8,1,1,7,1,1,8,1,11,,19,,1,22,9,121.5350487,25.0780028
112,3,16,22,15,2,03中山區,中山區天津街與長安東路1段口,0,0,3,2,C03,7,3,5,50,4,1,1,5,4,5,7,1,1,5,4,5,1,17,2,23,2,8,1,1,7,9,1,10,2,11,,13,,1,22,9,121.5228305,25.04958771
112,3,16,22,15,2,03中山區,中山區天津街與長安東路1段口,0,0,3,1,C03,7,3,5,50,4,1,1,5,4,5,7,1,1,5,4,5,1,17,2,19,2,7,1,3,7,5,1,10,2,12,,8,,1,22,9,121.5228305,25.04958771
112,3,16,22,15,2,03中山區,中山區天津街與長安東路1段口,0,0,3,3,H02,7,3,5,50,4,1,1,5,4,5,7,1,1,5,4,5,1,17,2,20,2,9,1,1,7,20,8,20,10,16,,67,,1,22,9,121.5228305,25.04958771
112,3,16,23,15,2,04大安區,大安區羅斯福路4段與基隆路4段口,0,0,1,2,C03,7,3,5,50,4,1,1,5,4,5,7,2,1,8,3,5,2,16,1,20,2,9,1,1,7,11,1,10,1,12,,23,,1,22,9,121.5372821,25.0114974
112,3,16,23,15,2,04大安區,大安區羅斯福路4段與基隆路4段口,0,0,1,1,C03,7,3,5,50,4,1,1,5,4,5,7,2,1,8,3,5,2,16,1,19,3,10,1,1,7,6,1,10,1,12,,9,,1,22,9,121.5372821,25.0114974
112,3,16,23,26,2,04大安區,大安區和平東路1段與和平東路1段104巷口口,0,0,1,2,C03,7,3,5,40,3,1,1,5,4,5,7,4,4,1,3,4,1,12,1,46,3,10,1,1,7,8,1,10,1,13,,7,,1,22,9,121.5249639,25.02679078
112,3,16,23,26,2,04大安區,大安區和平東路1段與和平東路1段104巷口口,0,0,1,1,C04,7,3,5,40,3,1,1,5,4,5,7,4,4,1,3,4,1,12,2,19,2,9,1,1,7,9,1,10,1,11,,44,,1,22,9,121.5249639,25.02679078
112,3,17,0,20,2,09北投區,北投區洲美快速道路,0,0,2,1,B03,8,3,5,60,10,7,1,5,4,5,7,1,1,8,3,5,1,13,1,45,3,10,1,1,7,9,1,4,1,1,,44,,1,22,9,121.4985852,25.12552588
112,3,17,0,20,2,09北投區,北投區洲美快速道路,0,0,2,2,B01,8,3,5,60,10,7,1,5,4,5,7,1,1,8,3,5,1,13,1,32,2,9,1,1,7,14,1,4,1,3,,44,,1,22,9,121.4985852,25.12552588