發生年度,發生月,發生日,發生時-Hours,發生分,處理別-編號,區序,肇事地點,死亡人數,2-30日死亡人數,受傷人數,當事人序號,車種,天候,光線,道路類別,速限-速度限制,道路型態,事故位置,路面狀況1,路面狀況2,路面狀況3,道路障礙1,道路障礙2,號誌1,號誌2,車道劃分-分向,車道劃分-分道1,車道劃分-分道2,車道劃分-分道3,事故類型及型態,性別,年齡,受傷程度,主要傷處,保護裝置,行動電話,車輛用途,當事者行動狀態,駕駛資格情形,駕駛執照種類,飲酒情形,車輛撞擊部位1,車輛撞擊部位2,肇因碼-個別,肇因碼-主要,個人肇逃否,職業,旅次目的,座標-X,座標-Y
112,3,17,0,20,2,09北投區,北投區洲美快速道路,0,0,2,3,H02,8,3,5,60,10,7,1,5,4,5,7,1,1,8,3,5,1,13,2,25,2,9,1,5,7,20,8,20,10,16,,67,,1,22,9,121.4985852,25.12552588
112,3,17,2,50,2,04大安區,大安區忠孝東路4段223巷與忠孝東路4段223巷20弄口,0,0,3,1,B03,8,3,5,50,4,1,1,5,4,5,7,4,4,10,4,5,1,15,1,24,2,7,1,1,7,4,6,8,2,5,,1,,1,22,9,121.553019,25.0425021
112,3,17,2,50,2,04大安區,大安區忠孝東路4段223巷與忠孝東路4段223巷20弄口,0,0,3,2,C03,8,3,5,50,4,1,1,5,4,5,7,4,4,10,4,5,1,15,1,27,2,9,1,1,7,9,1,10,2,11,,6,,1,22,9,121.553019,25.0425021
112,3,17,2,50,2,04大安區,大安區忠孝東路4段223巷與忠孝東路4段223巷20弄口,0,0,3,3,H02,8,3,5,50,4,1,1,5,4,5,7,4,4,10,4,5,1,15,2,26,2,9,1,1,7,21,8,20,10,16,,67,,1,22,9,121.553019,25.0425021
112,3,17,4,42,2,05中正區,中正區寧波西街與牯嶺街口,0,0,1,2,C03,8,3,5,50,4,1,1,5,4,5,7,3,1,5,4,5,2,17,1,51,2,9,1,1,7,9,1,10,1,14,,42,,1,22,9,121.5164484,25.0300389
112,3,17,4,42,2,05中正區,中正區寧波西街與牯嶺街口,0,0,1,1,B01,8,3,5,50,4,1,1,5,4,5,7,3,1,5,4,5,2,17,1,48,3,10,1,1,7,15,1,4,1,15,,6,,1,22,9,121.5164484,25.0300389
112,3,17,6,5,2,12內湖區,內湖區文德路22巷與陽光街口,0,0,2,2,C03,8,1,5,50,4,2,1,5,4,5,7,2,1,5,5,5,2,17,1,55,2,9,1,1,7,5,1,10,2,14,,44,,1,22,9,121.5811737,25.07456921
112,3,17,6,5,2,12內湖區,內湖區文德路22巷與陽光街口,0,0,2,1,C03,8,1,5,50,4,2,1,5,4,5,7,2,1,5,5,5,2,17,2,33,2,9,1,1,7,9,1,10,2,11,,26,,1,22,9,121.5811737,25.07456921
112,3,17,6,26,1,11南港區,南港區市民大道8段與興華路口,1,0,0,1,B03,8,1,5,50,3,1,1,5,4,5,7,1,1,1,3,5,2,16,1,81,3,10,3,4,7,1,1,8,2,1,,6,,1,22,9,121.6064873,25.05320217
112,3,17,6,26,1,11南港區,南港區市民大道8段與興華路口,1,0,0,2,C03,8,1,5,50,3,1,1,5,4,5,7,1,1,1,3,5,2,16,1,18,1,3,1,4,7,9,1,10,9,11,,13,,1,22,9,121.6064873,25.05320217
112,3,17,6,46,2,05中正區,中正區林森南路33號,0,0,1,1,B01,8,1,5,50,14,9,1,5,4,5,7,4,4,9,5,5,2,13,1,51,3,10,1,1,7,9,1,4,2,1,,23,,1,22,9,121.5225434,25.0422315
112,3,17,6,46,2,05中正區,中正區林森南路33號,0,0,1,2,C03,8,1,5,50,14,9,1,5,4,5,7,4,4,9,5,5,2,13,1,28,2,9,1,1,7,12,1,10,2,13,,14,,1,22,9,121.5225434,25.0422315
112,3,17,7,10,2,08士林區,士林區中山北路5段426燈桿前,0,0,1,1,B03,8,1,5,50,14,7,1,5,4,5,7,4,4,1,4,5,1,10,1,48,3,10,1,1,7,9,1,8,1,4,,26,,1,22,9,121.5274771,25.08877133
112,3,17,7,10,2,08士林區,士林區中山北路5段426燈桿前,0,0,1,2,C02,8,1,5,50,14,7,1,5,4,5,7,4,4,1,4,5,1,10,1,56,2,9,1,1,7,9,1,9,1,11,,13,,1,22,9,121.5274771,25.08877133
112,3,17,7,34,2,03中山區,中山區北安路811號,0,0,1,2,C03,8,1,5,50,14,9,1,5,4,5,7,4,4,1,3,5,1,17,1,44,2,9,1,1,7,9,1,10,1,14,,43,,1,22,9,121.5547662,25.08524688
112,3,17,7,34,2,03中山區,中山區北安路811號,0,0,1,1,B01,8,1,5,50,14,9,1,5,4,5,7,4,4,1,3,5,1,17,1,57,3,10,1,1,7,9,1,4,11,15,,44,,1,22,9,121.5547662,25.08524688
112,3,17,7,35,2,05中正區,中正區寧波西街與重慶南路3段口口,0,0,2,1,B03,8,1,5,50,4,1,1,5,4,5,7,1,1,1,4,5,1,17,1,65,4,11,3,4,7,15,7,19,11,15,,16,,2,22,9,121.5153597,25.02979951
112,3,17,7,35,2,05中正區,中正區寧波西街與重慶南路3段口口,0,0,2,3,H02,8,1,5,50,4,1,1,5,4,5,7,1,1,1,4,5,1,17,2,32,2,9,1,5,7,20,8,20,10,16,,67,,1,22,9,121.5153597,25.02979951
112,3,17,7,35,2,05中正區,中正區寧波西街與重慶南路3段口口,0,0,2,2,C03,8,1,5,50,4,1,1,5,4,5,7,1,1,1,4,5,1,17,2,57,2,9,1,1,7,6,1,10,1,13,,9,,1,22,9,121.5153597,25.02979951
112,3,17,7,38,2,04大安區,大安區大安路1段101巷與大安路1段口,0,0,1,2,C04,8,1,5,30,4,1,1,5,4,5,7,4,4,10,5,5,2,15,1,81,2,7,1,4,7,9,1,8,1,11,,23,,1,22,9,121.5461092,25.0401953
112,3,17,7,38,2,04大安區,大安區大安路1段101巷與大安路1段口,0,0,1,1,B03,8,1,5,30,4,1,1,5,4,5,7,4,4,10,5,5,2,15,1,46,3,10,3,4,7,9,1,2,1,6,,6,,1,22,9,121.5461092,25.0401953
112,3,17,7,39,2,05中正區,中正區和平西路1段與廈門街口口,0,0,2,1,B12,8,1,5,50,14,9,1,5,4,5,7,1,1,1,4,5,2,12,1,50,3,10,1,1,7,8,6,8,2,2,,7,,1,22,9,121.5178044,25.026726
112,3,17,7,39,2,05中正區,中正區和平西路1段與廈門街口口,0,0,2,2,C03,8,1,5,50,14,9,1,5,4,5,7,1,1,1,4,5,2,12,1,22,2,9,1,1,7,9,1,10,2,14,,44,,1,22,9,121.5178044,25.026726
112,3,17,7,39,2,05中正區,中正區和平西路1段與廈門街口口,0,0,2,3,C03,8,1,5,50,14,9,1,5,4,5,7,1,1,1,4,5,2,12,1,71,2,9,1,1,7,9,1,10,2,13,,44,,1,22,9,121.5178044,25.026726
112,3,17,7,41,2,08士林區,士林區延平北路5段與延平北路5段1巷口,0,0,2,3,C03,8,1,5,50,4,1,1,5,4,5,7,1,1,1,5,5,2,13,1,59,2,7,1,1,7,9,1,10,1,13,,16,,1,22,9,121.5112658,25.0790102
112,3,17,7,41,2,08士林區,士林區延平北路5段與延平北路5段1巷口,0,0,2,2,C03,8,1,5,50,4,1,1,5,4,5,7,1,1,1,5,5,2,13,2,29,3,10,1,1,7,9,1,10,1,13,,44,,1,22,9,121.5112658,25.0790102
112,3,17,7,41,2,08士林區,士林區延平北路5段與延平北路5段1巷口,0,0,2,1,C03,8,1,5,50,4,1,1,5,4,5,7,1,1,1,5,5,2,13,1,58,2,8,1,1,7,9,1,10,1,11,,16,,1,22,9,121.5112658,25.0790102
112,3,17,7,44,2,04大安區,大安區信義路2段230號,0,0,1,3,C03,8,1,5,50,14,9,1,5,4,5,7,4,4,1,4,5,2,17,1,39,2,7,1,4,7,9,1,10,1,13,,44,,1,22,9,121.5321182,25.0335577
112,3,17,7,44,2,04大安區,大安區信義路2段230號,0,0,1,2,B01,8,1,5,50,14,9,1,5,4,5,7,4,4,1,4,5,2,17,1,62,3,10,1,4,7,9,1,4,1,1,,16,,1,22,9,121.5321182,25.0335577
112,3,17,7,44,2,04大安區,大安區信義路2段230號,0,0,1,1,B03,8,1,5,50,14,9,1,5,4,5,7,4,4,1,4,5,2,17,1,56,3,10,1,4,7,7,1,8,1,15,,7,,1,22,9,121.5321182,25.0335577
112,3,17,7,50,2,03中山區,中山區民權東路2段145號,0,0,1,1,B03,8,1,5,50,14,9,1,5,4,5,7,4,4,1,4,5,2,13,1,35,3,10,3,4,7,15,1,8,1,5,,16,,1,22,9,121.5360258,25.06251532
112,3,17,7,50,2,03中山區,中山區民權東路2段145號,0,0,1,2,B01,8,1,5,50,14,9,1,5,4,5,7,4,4,1,4,5,2,13,1,44,2,1,3,4,7,9,1,4,11,7,,44,,1,22,9,121.5360258,25.06251532
112,3,17,7,50,2,10文山區,文山區羅斯福路6段239號,0,0,1,3,C03,8,1,5,50,14,9,1,5,4,5,7,4,4,1,4,5,2,12,1,20,2,9,1,1,7,12,1,10,2,14,,16,,1,22,9,121.541231,24.99543073
112,3,17,7,50,2,10文山區,文山區羅斯福路6段239號,0,0,1,1,B01,8,1,5,50,14,9,1,5,4,5,7,4,4,1,4,5,2,12,1,69,3,10,1,1,7,7,1,4,2,7,,7,,1,22,9,121.541231,24.99543073
112,3,17,7,50,2,10文山區,文山區羅斯福路6段239號,0,0,1,4,B03,8,1,5,50,14,9,1,5,4,5,7,4,4,1,4,5,2,12,1,36,3,10,1,1,7,9,1,8,2,5,,44,,1,22,9,121.541231,24.99543073
112,3,17,7,50,2,10文山區,文山區羅斯福路6段239號,0,0,1,2,C03,8,1,5,50,14,9,1,5,4,5,7,4,4,1,4,5,2,12,1,25,3,10,1,1,7,12,1,10,2,11,,16,,1,22,9,121.541231,24.99543073
112,3,17,8,27,2,07信義區,信義區松信路與永吉路口口,0,0,1,2,C03,8,1,5,50,4,1,1,5,4,5,7,2,1,1,4,5,2,17,2,20,2,9,1,1,7,9,1,10,1,14,,14,,1,21,8,121.5720687,25.0456029
112,3,17,8,27,2,07信義區,信義區松信路與永吉路口口,0,0,1,1,B03,8,1,5,50,4,1,1,5,4,5,7,2,1,1,4,5,2,17,1,38,3,10,1,1,7,5,1,8,1,8,,8,,1,21,8,121.5720687,25.0456029
112,3,17,8,37,2,04大安區,大安區敦化南路2段63巷18號,0,0,1,2,H03,8,1,5,30,14,9,1,5,4,1,7,4,4,8,5,5,1,20,3,0,,,,,,,,,10,,,44,,,,,121.5500866,25.03094829
112,3,17,8,37,2,04大安區,大安區敦化南路2段63巷18號,0,0,1,3,H01,8,1,5,30,14,9,1,5,4,1,7,4,4,8,5,5,1,20,1,45,2,9,4,5,8,16,8,20,1,16,,67,,1,22,9,121.5500866,25.03094829
112,3,17,8,37,2,04大安區,大安區敦化南路2段63巷18號,0,0,1,1,A11,8,1,5,30,14,9,1,5,4,1,7,4,4,8,5,5,1,20,1,46,3,10,1,1,7,9,1,3,9,6,,23,,1,22,9,121.5500866,25.03094829
112,3,17,8,40,2,04大安區,大安區忠孝東路4段200號,0,0,1,5,H02,8,1,5,50,14,9,1,5,4,5,7,4,4,1,4,5,2,17,1,111,4,11,1,4,7,20,8,20,11,16,,60,,2,22,9,121.5521933,25.040964
112,3,17,8,40,2,04大安區,大安區忠孝東路4段200號,0,0,1,4,C03,8,1,5,50,14,9,1,5,4,5,7,4,4,1,4,5,2,17,1,33,3,10,1,4,7,12,1,10,1,13,,44,,1,22,9,121.5521933,25.040964
112,3,17,8,40,2,04大安區,大安區忠孝東路4段200號,0,0,1,3,C03,8,1,5,50,14,9,1,5,4,5,7,4,4,1,4,5,2,17,1,18,3,10,1,4,7,12,1,10,1,15,,44,,1,22,9,121.5521933,25.040964
112,3,17,8,40,2,04大安區,大安區忠孝東路4段200號,0,0,1,1,C03,8,1,5,50,14,9,1,5,4,5,7,4,4,1,4,5,2,17,2,35,2,8,1,4,7,9,1,10,1,11,,16,,1,22,9,121.5521933,25.040964
112,3,17,8,40,2,04大安區,大安區忠孝東路4段200號,0,0,1,2,C03,8,1,5,50,14,9,1,5,4,5,7,4,4,1,4,5,2,17,1,63,4,11,3,4,7,15,7,19,11,15,,42,,2,22,9,121.5521933,25.040964
112,3,17,8,50,2,10文山區,文山區秀明路2段118巷與萬壽路25巷口,0,0,1,2,B03,8,1,5,30,4,1,1,5,4,5,3,4,4,10,5,5,2,17,1,37,3,10,1,1,7,9,1,8,2,8,,14,,1,22,9,121.5761196,24.9891296
112,3,17,8,50,2,10文山區,文山區秀明路2段118巷與萬壽路25巷口,0,0,1,1,C03,8,1,5,30,4,1,1,5,4,5,3,4,4,10,5,5,2,17,1,48,2,9,1,1,7,9,1,10,2,11,,6,,1,22,9,121.5761196,24.9891296
112,3,17,8,50,2,12內湖區,內湖區環山路2段109巷與環山路2段109巷3弄口,0,0,2,4,C03,8,1,5,30,4,1,1,5,4,5,7,4,4,10,5,5,1,16,4,0,4,11,3,4,7,15,7,19,11,15,,44,,2,22,9,121.5758361,25.0839135
112,3,17,8,50,2,12內湖區,內湖區環山路2段109巷與環山路2段109巷3弄口,0,0,2,3,C03,8,1,5,30,4,1,1,5,4,5,7,4,4,10,5,5,1,16,4,0,4,11,3,4,7,15,7,19,11,15,,44,,2,22,9,121.5758361,25.0839135
112,3,17,8,50,2,12內湖區,內湖區環山路2段109巷與環山路2段109巷3弄口,0,0,2,1,C03,8,1,5,30,4,1,1,5,4,5,7,4,4,10,5,5,1,16,1,33,2,9,3,4,7,9,1,10,1,12,,26,,1,22,9,121.5758361,25.0839135
112,3,17,8,50,2,12內湖區,內湖區環山路2段109巷與環山路2段109巷3弄口,0,0,2,2,C03,8,1,5,30,4,1,1,5,4,5,7,4,4,10,5,5,1,16,1,25,2,9,3,4,7,9,1,10,1,14,,23,,1,22,9,121.5758361,25.0839135
112,3,17,9,5,1,07信義區,信義區松隆路與松隆路329巷口口,1,0,0,1,B12,8,1,5,50,4,1,1,5,4,5,7,2,1,1,4,5,2,16,1,48,3,10,1,1,7,5,1,8,2,8,,8,,1,22,9,121.5793124,25.0481235
112,3,17,9,5,1,07信義區,信義區松隆路與松隆路329巷口口,1,0,0,2,F01,8,1,5,50,4,1,1,5,4,5,7,2,1,1,4,5,2,16,1,70,1,1,2,1,7,11,8,20,9,16,,11,,1,22,9,121.5793124,25.0481235
112,3,17,9,10,2,08士林區,士林區福華路128巷好庭車停車場前,0,0,1,2,C03,8,1,5,30,14,9,1,5,4,5,7,4,4,10,5,5,1,12,2,39,2,9,1,1,7,9,1,10,1,11,,5,,1,22,9,121.5239342,25.10317559
112,3,17,9,10,2,08士林區,士林區福華路128巷好庭車停車場前,0,0,1,1,B03,8,1,5,30,14,9,1,5,4,5,7,4,4,10,5,5,1,12,2,40,3,10,1,1,7,5,1,8,1,4,,8,,1,22,9,121.5239342,25.10317559
112,3,17,9,18,2,07信義區,信義區大道路與忠孝東路5段790巷70弄口,0,0,2,1,C03,8,1,5,50,3,2,1,5,4,5,7,4,4,5,5,5,2,13,1,21,2,9,3,4,7,9,1,10,2,11,,16,,1,22,9,121.58275,25.0401881
112,3,17,9,18,2,07信義區,信義區大道路與忠孝東路5段790巷70弄口,0,0,2,2,A11,8,1,5,50,3,2,1,5,4,5,7,4,4,5,5,5,2,13,1,68,3,10,3,4,7,9,1,3,2,6,,44,,1,22,9,121.58275,25.0401881
112,3,17,9,18,2,07信義區,信義區大道路與忠孝東路5段790巷70弄口,0,0,2,4,H02,8,1,5,50,3,2,1,5,4,5,7,4,4,5,5,5,2,13,2,25,2,7,4,5,7,20,8,20,10,16,,67,,1,22,9,121.58275,25.0401881
112,3,17,9,18,2,07信義區,信義區大道路與忠孝東路5段790巷70弄口,0,0,2,3,F01,8,1,5,50,3,2,1,5,4,5,7,4,4,5,5,5,2,13,1,17,3,10,3,4,7,1,8,20,2,16,,42,,1,22,9,121.58275,25.0401881
112,3,17,9,19,2,11南港區,南港區向陽路北往南,0,0,1,1,B03,8,1,5,50,14,9,1,5,4,5,7,4,4,9,4,5,2,12,1,31,3,10,1,1,7,8,1,8,2,5,,7,,1,22,9,121.5935576,25.05652025
112,3,17,9,19,2,11南港區,南港區向陽路北往南,0,0,1,2,C03,8,1,5,50,14,9,1,5,4,5,7,4,4,9,4,5,2,12,1,29,2,9,1,1,7,9,1,10,2,14,,17,,1,22,9,121.5935576,25.05652025
112,3,17,9,19,2,11南港區,南港區向陽路北往南,0,0,1,3,B03,8,1,5,50,14,9,1,5,4,5,7,4,4,9,4,5,2,12,2,56,3,10,1,1,7,10,1,8,11,4,,7,,1,22,9,121.5935576,25.05652025
112,3,17,9,44,2,09北投區,北投區承德路6段359號對面,0,0,1,2,B03,8,1,5,40,14,8,1,5,4,5,7,4,4,1,4,4,2,17,2,44,3,10,3,4,7,13,1,8,11,4,,44,,1,22,9,121.5120048,25.10622582
112,3,17,9,44,2,09北投區,北投區承德路6段359號對面,0,0,1,1,C03,8,1,5,40,14,8,1,5,4,5,7,4,4,1,4,4,2,17,1,83,2,9,1,4,7,9,1,10,1,12,,23,,1,22,9,121.5120048,25.10622582
112,3,17,9,49,2,04大安區,大安區基隆路3段與長興街口,0,0,1,1,C03,8,1,5,50,5,1,1,5,4,5,7,4,4,1,5,5,2,16,1,21,3,10,1,1,7,6,1,10,2,12,,44,,1,22,9,121.5442446,25.0173577
112,3,17,9,49,2,04大安區,大安區基隆路3段與長興街口,0,0,1,2,C03,8,1,5,50,5,1,1,5,4,5,7,4,4,1,5,5,2,16,1,70,2,9,1,1,7,9,1,10,2,11,,44,,1,22,9,121.5442446,25.0173577
112,3,17,9,56,2,07信義區,信義區松智路與松智路口側附近9巷口,0,0,1,1,C03,8,1,5,50,3,2,1,5,4,5,7,4,4,10,4,5,2,12,1,21,3,10,1,1,7,6,1,10,2,13,,9,,1,22,9,121.5655885,25.037872
112,3,17,9,56,2,07信義區,信義區松智路與松智路口側附近9巷口,0,0,1,2,C03,8,1,5,50,3,2,1,5,4,5,7,4,4,10,4,5,2,12,2,48,2,9,1,1,7,9,1,10,2,11,,44,,1,22,9,121.5655885,25.037872
112,3,17,10,14,2,03中山區,中山區中山北路3段11號,0,0,1,2,C03,8,1,5,50,14,9,1,5,4,5,7,4,4,1,3,5,1,17,2,18,2,8,1,1,7,9,1,10,1,12,,44,,1,22,9,121.5224664,25.0641679
112,3,17,10,14,2,03中山區,中山區中山北路3段11號,0,0,1,1,B01,8,1,5,50,14,9,1,5,4,5,7,4,4,1,3,5,1,17,1,64,3,10,1,1,7,8,1,4,1,15,,7,,1,22,9,121.5224664,25.0641679
112,3,17,10,18,2,08士林區,士林區光華路與光華路26巷口,0,0,1,2,B03,8,1,8,30,4,1,1,5,4,5,7,4,4,10,5,5,2,17,2,51,3,10,1,1,7,9,1,8,1,2,,14,,1,22,9,121.5425258,25.13693396
112,3,17,10,18,2,08士林區,士林區光華路與光華路26巷口,0,0,1,1,C03,8,1,8,30,4,1,1,5,4,5,7,4,4,10,5,5,2,17,2,20,2,8,1,1,7,6,1,10,1,14,,9,,1,22,9,121.5425258,25.13693396
112,3,17,10,20,2,12內湖區,內湖區康寧路3段與成功路5段口口,0,0,1,2,C03,8,1,5,50,3,2,1,5,4,5,7,2,1,1,4,4,2,16,1,18,2,8,1,1,7,9,1,10,1,14,,44,,1,22,9,121.606311,25.07315397
112,3,17,10,20,2,12內湖區,內湖區康寧路3段與成功路5段口口,0,0,1,1,B03,8,1,5,50,3,2,1,5,4,5,7,2,1,1,4,4,2,16,2,57,3,10,1,1,7,6,1,8,1,5,,9,,1,22,9,121.606311,25.07315397
112,3,17,10,25,2,12內湖區,內湖區江南街65巷與江南街71巷65弄口,0,0,1,1,C03,8,1,5,50,4,1,1,5,4,5,7,4,4,5,5,5,2,17,2,74,2,9,1,1,7,15,1,10,1,12,,6,,1,22,9,121.5792223,25.07629628
112,3,17,10,25,2,12內湖區,內湖區江南街65巷與江南街71巷65弄口,0,0,1,2,C03,8,1,5,50,4,1,1,5,4,5,7,4,4,5,5,5,2,17,2,33,3,10,1,1,7,9,1,10,1,14,,44,,1,22,9,121.5792223,25.07629628
112,3,17,10,32,2,03中山區,中山區建國北路1段與長安東路2段口,0,0,1,1,B03,8,1,5,50,4,1,1,5,4,5,7,2,1,5,4,5,2,16,1,32,3,10,3,4,7,6,1,8,2,2,,9,,1,22,9,121.5364615,25.0483617
112,3,17,10,32,2,03中山區,中山區建國北路1段與長安東路2段口,0,0,1,2,C03,8,1,5,50,4,1,1,5,4,5,7,2,1,5,4,5,2,16,1,24,2,9,3,4,7,9,1,10,2,11,,26,,1,22,9,121.5364615,25.0483617
112,3,17,10,34,2,10文山區,文山區木新路3段310巷與木新路3段口,0,0,1,1,B02,8,1,5,50,4,1,1,5,4,5,7,2,1,5,4,5,2,17,1,46,3,10,1,1,7,6,1,8,1,2,,9,,1,22,9,121.5572291,24.9808837
112,3,17,10,34,2,10文山區,文山區木新路3段310巷與木新路3段口,0,0,1,2,C03,8,1,5,50,4,1,1,5,4,5,7,2,1,5,4,5,2,17,1,18,2,7,1,1,7,9,1,10,1,14,,13,,1,22,9,121.5572291,24.9808837
112,3,17,10,39,2,11南港區,南港區忠孝東路7段525號對面,0,0,1,1,A03,8,1,5,50,14,9,1,5,4,5,7,2,1,1,4,5,2,9,1,62,3,10,3,4,7,9,1,2,1,15,,26,,1,22,9,121.6124158,25.05267877
112,3,17,10,39,2,11南港區,南港區忠孝東路7段525號對面,0,0,1,2,H02,8,1,5,50,14,9,1,5,4,5,7,2,1,1,4,5,2,9,2,66,2,9,1,1,7,20,8,20,10,16,,67,,1,22,9,121.6124158,25.05267877
112,3,17,10,42,2,04大安區,大安區羅斯福路3段與羅斯福路3段269巷口,0,0,1,1,B01,8,1,5,50,3,1,1,5,4,5,7,4,4,1,4,1,2,13,1,57,3,10,1,1,7,6,1,4,1,7,,44,,1,22,9,121.5304521,25.0186337
112,3,17,10,42,2,04大安區,大安區羅斯福路3段與羅斯福路3段269巷口,0,0,1,2,C03,8,1,5,50,3,1,1,5,4,5,7,4,4,1,4,1,2,13,1,18,2,9,1,1,7,9,1,10,1,11,,16,,1,22,9,121.5304521,25.0186337
112,3,17,11,15,2,08士林區,士林區菁山路101巷冷水坑0+700,0,0,1,1,C03,8,1,5,50,11,9,1,5,4,5,7,4,4,5,5,5,1,18,1,18,2,9,1,1,7,15,1,10,9,14,,13,,1,22,9,121.561443,25.1565147
112,3,17,11,15,2,08士林區,士林區菁山路101巷冷水坑0+700,0,0,1,2,,8,1,5,50,11,9,1,5,4,5,7,4,4,5,5,5,1,18,3,0,,,,,,,,,,,,67,,1,,,121.561443,25.1565147
112,3,17,11,16,2,04大安區,大安區新生南路1段113號,0,0,1,3,H03,8,1,5,50,14,9,1,5,4,1,7,4,4,1,3,5,2,16,1,47,3,10,3,5,8,21,8,20,10,15,,60,,1,22,9,121.5329316,25.0396838
112,3,17,11,16,2,04大安區,大安區新生南路1段113號,0,0,1,1,C03,8,1,5,50,14,9,1,5,4,1,7,4,4,1,3,5,2,16,2,18,3,10,3,4,7,9,1,10,1,14,,23,,1,22,9,121.5329316,25.0396838
112,3,17,11,16,2,04大安區,大安區新生南路1段113號,0,0,1,2,F01,8,1,5,50,14,9,1,5,4,1,7,4,4,1,3,5,2,16,2,35,2,9,3,4,7,9,8,20,1,16,,17,,1,22,9,121.5329316,25.0396838
112,3,17,11,45,2,04大安區,大安區基隆路3段153號,0,0,2,3,H02,8,1,5,30,14,9,1,5,4,5,7,4,4,9,5,5,2,16,2,34,2,8,1,5,7,21,8,20,10,16,,67,,1,22,9,121.5428312,25.01548254
112,3,17,11,45,2,04大安區,大安區基隆路3段153號,0,0,2,1,C03,8,1,5,30,14,9,1,5,4,5,7,4,4,9,5,5,2,16,1,53,3,10,1,1,7,11,1,10,2,13,,10,,1,22,9,121.5428312,25.01548254
112,3,17,11,45,2,04大安區,大安區基隆路3段153號,0,0,2,2,C03,8,1,5,30,14,9,1,5,4,5,7,4,4,9,5,5,2,16,1,39,2,8,1,1,7,9,1,10,2,11,,44,,1,22,9,121.5428312,25.01548254
112,3,17,11,55,2,12內湖區,內湖區瑞光路423號,0,0,1,1,B03,8,1,5,50,14,9,1,5,4,5,7,1,1,4,4,5,1,12,1,48,3,10,3,4,7,11,1,8,1,8,,10,,1,22,9,121.5711559,25.0782999
112,3,17,11,55,2,12內湖區,內湖區瑞光路423號,0,0,1,2,C03,8,1,5,50,14,9,1,5,4,5,7,1,1,4,4,5,1,12,1,29,2,9,3,4,7,9,1,10,1,12,,44,,1,22,9,121.5711559,25.0782999
112,3,17,12,1,2,08士林區,士林區社中街352號,0,0,1,1,B12,8,1,5,50,14,9,1,5,4,5,7,4,4,9,4,5,2,13,1,26,3,10,1,1,7,9,1,8,1,1,,16,,1,22,9,121.5043637,25.09232759
112,3,17,12,1,2,08士林區,士林區社中街352號,0,0,1,2,C03,8,1,5,50,14,9,1,5,4,5,7,4,4,9,4,5,2,13,1,47,2,3,1,1,7,9,1,10,1,13,,44,,1,22,9,121.5043637,25.09232759
112,3,17,12,1,2,08士林區,士林區社中街352號,0,0,1,3,B03,8,1,5,50,14,9,1,5,4,5,7,4,4,9,4,5,2,13,3,0,,,,,,,,,,,,67,,1,,,121.5043637,25.09232759
112,3,17,12,11,2,05中正區,中正區忠孝東路2段30號,0,0,2,3,A12,8,1,5,40,15,8,1,5,4,5,7,4,4,3,4,4,2,16,1,38,3,10,1,1,7,14,1,3,9,15,,38,,1,22,9,121.5276762,25.04364
112,3,17,12,11,2,05中正區,中正區忠孝東路2段30號,0,0,2,1,C03,8,1,5,40,15,8,1,5,4,5,7,4,4,3,4,4,2,16,1,24,2,8,1,1,7,8,1,10,2,12,,7,,1,22,9,121.5276762,25.04364
112,3,17,12,11,2,05中正區,中正區忠孝東路2段30號,0,0,2,2,C03,8,1,5,40,15,8,1,5,4,5,7,4,4,3,4,4,2,16,2,29,2,8,1,1,7,9,1,10,2,11,,13,,1,22,9,121.5276762,25.04364
112,3,17,12,12,2,03中山區,中山區南京東路1段與新生北路1段口,0,0,1,2,C03,8,1,5,50,4,1,1,5,4,5,7,1,1,1,4,5,2,16,1,57,2,9,1,1,7,9,1,10,1,11,,43,,1,22,9,121.5275734,25.05196103
112,3,17,12,12,2,03中山區,中山區南京東路1段與新生北路1段口,0,0,1,3,B12,8,1,5,50,4,1,1,5,4,5,7,1,1,1,4,5,2,16,1,53,3,10,3,4,7,9,1,8,1,8,,43,,1,22,9,121.5275734,25.05196103
112,3,17,12,12,2,03中山區,中山區南京東路1段與新生北路1段口,0,0,1,1,C03,8,1,5,50,4,1,1,5,4,5,7,1,1,1,4,5,2,16,4,0,4,11,3,4,7,15,7,19,11,15,,43,,2,22,9,121.5275734,25.05196103
112,3,17,12,35,2,05中正區,中正區汀州路2段130號前,0,0,1,2,C03,8,1,5,50,14,9,1,5,4,5,7,4,4,5,4,5,2,16,1,22,2,9,1,1,7,9,1,10,1,11,,44,,1,22,9,121.5205368,25.0246545
112,3,17,12,35,2,05中正區,中正區汀州路2段130號前,0,0,1,1,C03,8,1,5,50,14,9,1,5,4,5,7,4,4,5,4,5,2,16,1,45,3,10,1,1,7,5,1,10,1,11,,8,,1,22,9,121.5205368,25.0246545
112,3,17,12,35,2,05中正區,中正區汀州路2段130號前,0,0,1,13,H03,8,1,5,50,14,9,1,5,4,5,7,4,4,5,4,5,2,16,2,17,4,11,1,5,8,20,8,20,10,16,,67,,1,22,9,121.5205368,25.0246545
112,3,17,12,45,2,06松山區,松山區八德路4段306號後方,0,0,1,1,C03,8,1,5,40,15,9,1,5,4,5,7,3,1,9,4,5,2,12,2,29,2,9,1,1,7,9,1,10,1,14,,6,,1,22,9,121.5674269,25.04876136
112,3,17,12,45,2,06松山區,松山區八德路4段306號後方,0,0,1,2,B03,8,1,5,40,15,9,1,5,4,5,7,3,1,9,4,5,2,12,2,31,3,10,1,1,7,9,1,8,1,2,,44,,1,22,9,121.5674269,25.04876136