發生年度,發生月,發生日,發生時-Hours,發生分,處理別-編號,區序,肇事地點,死亡人數,2-30日死亡人數,受傷人數,當事人序號,車種,天候,光線,道路類別,速限-速度限制,道路型態,事故位置,路面狀況1,路面狀況2,路面狀況3,道路障礙1,道路障礙2,號誌1,號誌2,車道劃分-分向,車道劃分-分道1,車道劃分-分道2,車道劃分-分道3,事故類型及型態,性別,年齡,受傷程度,主要傷處,保護裝置,行動電話,車輛用途,當事者行動狀態,駕駛資格情形,駕駛執照種類,飲酒情形,車輛撞擊部位1,車輛撞擊部位2,肇因碼-個別,肇因碼-主要,個人肇逃否,職業,旅次目的,座標-X,座標-Y
112,3,17,21,48,2,09北投區,北投區立農街2段301號,0,0,1,1,C03,8,3,5,30,14,9,1,5,4,5,7,4,4,10,5,5,2,12,2,44,2,9,1,3,7,7,1,10,2,14,,7,,1,22,9,121.5171978,25.1188666
112,3,17,21,48,2,09北投區,北投區立農街2段301號,0,0,1,2,A05,8,3,5,30,14,9,1,5,4,5,7,4,4,10,5,5,2,12,1,44,3,10,1,1,7,9,1,2,2,5,,23,,1,22,9,121.5171978,25.1188666
112,3,17,21,59,2,09北投區,北投區珠海路與珠海路107巷口,0,0,1,2,C03,8,3,5,50,3,1,1,5,4,5,7,4,4,9,4,5,2,11,1,16,2,9,3,4,7,9,2,18,2,11,,23,,1,22,9,121.5041998,25.1414653
112,3,17,21,59,2,09北投區,北投區珠海路與珠海路107巷口,0,0,1,1,B03,8,3,5,50,3,1,1,5,4,5,7,4,4,9,4,5,2,11,1,54,3,10,3,4,7,5,1,8,2,6,,8,,1,22,9,121.5041998,25.1414653
112,3,17,22,45,2,03中山區,中山區民權東路3段2號,0,0,1,1,C03,7,3,5,50,14,9,1,5,4,3,7,4,4,1,4,5,1,13,1,24,2,9,1,1,7,9,1,10,1,12,,23,,1,22,9,121.5378283,25.0620442
112,3,17,22,45,2,03中山區,中山區民權東路3段2號,0,0,1,2,B03,7,3,5,50,14,9,1,5,4,3,7,4,4,1,4,5,1,13,2,63,3,10,1,1,7,14,1,8,1,7,,38,,1,22,9,121.5378283,25.0620442
112,3,17,22,56,2,08士林區,士林區中正路606號與中正路口迴轉道前,0,0,1,1,C03,8,3,5,0,3,2,1,5,4,5,7,4,4,10,5,5,1,16,1,19,3,10,1,1,7,5,1,10,1,13,,6,,1,22,9,121.5095114,25.08694407
112,3,17,22,56,2,08士林區,士林區中正路606號與中正路口迴轉道前,0,0,1,2,C03,8,3,5,0,3,2,1,5,4,5,7,4,4,10,5,5,1,16,1,61,2,9,1,1,7,9,1,10,1,11,,23,,1,22,9,121.5095114,25.08694407
112,3,17,23,30,2,03中山區,中山區中山北路2段與中山北路2段44巷口,0,0,2,3,C03,7,3,5,50,4,1,1,5,4,5,7,2,1,1,4,5,2,16,1,18,2,7,3,4,7,14,1,10,1,14,,44,,1,22,9,121.5225894,25.05500112
112,3,17,23,30,2,03中山區,中山區中山北路2段與中山北路2段44巷口,0,0,2,1,B03,7,3,5,50,4,1,1,5,4,5,7,2,1,1,4,5,2,16,2,23,3,10,3,4,7,5,1,8,1,1,,8,,1,22,9,121.5225894,25.05500112
112,3,17,23,30,2,03中山區,中山區中山北路2段與中山北路2段44巷口,0,0,2,2,C03,7,3,5,50,4,1,1,5,4,5,7,2,1,1,4,5,2,16,2,20,2,9,3,4,7,9,1,10,1,14,,44,,1,22,9,121.5225894,25.05500112
112,3,18,0,46,2,08士林區,士林區延平北路6段與社子街口,0,0,1,2,H01,8,3,5,50,4,1,1,5,4,5,7,2,1,5,5,5,2,9,2,20,2,9,4,5,8,16,8,20,10,16,,67,,1,22,9,121.5089398,25.08766444
112,3,18,0,46,2,08士林區,士林區延平北路6段與社子街口,0,0,1,1,B01,8,3,5,50,4,1,1,5,4,5,7,2,1,5,5,5,2,9,1,60,4,11,3,4,7,15,7,19,11,15,,15,,2,22,9,121.5089398,25.08766444
112,3,18,1,14,2,01大同區,大同區承德路3段與承德路3段254巷口,0,0,2,2,C03,8,3,5,50,4,1,1,5,4,5,7,1,1,1,4,5,2,13,1,32,2,9,1,1,7,14,1,10,2,13,,44,,1,22,9,121.5190839,25.07308331
112,3,18,1,14,2,01大同區,大同區承德路3段與承德路3段254巷口,0,0,2,1,C03,8,3,5,50,4,1,1,5,4,5,7,1,1,1,4,5,2,13,1,24,2,9,1,1,7,9,1,10,2,11,,23,,1,22,9,121.5190839,25.07308331
112,3,18,1,49,2,09北投區,北投區中央南路1段39號,0,0,1,2,B01,8,3,5,50,14,9,1,5,4,5,7,4,4,9,5,5,2,13,1,60,3,10,1,1,7,14,1,4,2,3,,38,,1,10,9,121.5014031,25.1322546
112,3,18,1,49,2,09北投區,北投區中央南路1段39號,0,0,1,1,C03,8,3,5,50,14,9,1,5,4,5,7,4,4,9,5,5,2,13,1,18,2,9,1,1,7,9,1,10,2,11,,23,,1,22,9,121.5014031,25.1322546
112,3,18,6,55,2,10文山區,文山區木柵路3段169巷與木柵路3段口,0,0,1,1,C03,8,1,5,30,3,1,1,5,4,5,7,4,4,5,2,5,2,17,1,52,4,11,3,4,7,15,7,19,11,15,,6,,2,22,9,121.5691939,24.9893596
112,3,18,6,55,2,10文山區,文山區木柵路3段169巷與木柵路3段口,0,0,1,2,C03,8,1,5,30,3,1,1,5,4,5,7,4,4,5,2,5,2,17,1,25,2,9,1,4,7,9,1,10,1,12,,44,,1,22,9,121.5691939,24.9893596
112,3,18,8,12,2,09北投區,北投區承德路7段98號,0,0,1,1,C03,8,1,5,60,14,9,1,5,4,5,7,4,4,9,4,4,2,13,1,25,2,8,1,1,7,9,1,10,1,11,,23,,1,22,9,121.5101589,25.11188304
112,3,18,8,12,2,09北投區,北投區承德路7段98號,0,0,1,2,B03,8,1,5,60,14,9,1,5,4,5,7,4,4,9,4,4,2,13,2,53,3,10,1,1,7,14,1,8,1,3,,44,,1,22,9,121.5101589,25.11188304
112,3,18,8,48,2,11南港區,南港區福德街373巷21號,0,0,1,1,B03,6,1,8,30,15,22,1,4,4,5,6,4,4,5,4,5,2,17,2,47,3,10,1,4,7,1,1,4,1,3,,19,,1,22,9,121.5918003,25.0395896
112,3,18,8,48,2,11南港區,南港區福德街373巷21號,0,0,1,2,C03,6,1,8,30,15,22,1,4,4,5,6,4,4,5,4,5,2,17,1,19,2,9,1,4,7,9,1,10,1,11,,23,,1,22,9,121.5918003,25.0395896
112,3,18,9,20,2,07信義區,信義區福德街與大道路口,0,0,1,2,,8,1,5,30,4,1,1,5,4,1,7,2,1,1,4,5,2,18,3,0,,,,,,,,,10,,,44,,,,,121.5835484,25.0380134
112,3,18,9,20,2,07信義區,信義區福德街與大道路口,0,0,1,1,C03,8,1,5,30,4,1,1,5,4,1,7,2,1,1,4,5,2,18,1,63,2,9,3,4,7,6,1,10,11,12,,13,,1,22,9,121.5835484,25.0380134
112,3,18,10,9,2,03中山區,中山區中山北路2段92號,0,0,1,2,C03,8,1,5,50,14,9,1,5,4,5,7,4,4,5,4,1,2,17,1,23,2,9,1,1,7,9,1,10,1,12,,44,,1,22,9,121.5227762,25.05904651
112,3,18,10,9,2,03中山區,中山區中山北路2段92號,0,0,1,1,B12,8,1,5,50,14,9,1,5,4,5,7,4,4,5,4,1,2,17,1,60,4,11,3,4,7,7,7,19,11,15,,7,,2,22,9,121.5227762,25.05904651
112,3,18,10,10,2,07信義區,信義區永吉路與松山路口口,0,0,1,1,B01,7,1,5,50,4,1,1,5,4,5,7,2,1,1,4,4,2,17,1,68,3,10,1,1,7,5,1,4,1,5,,8,,1,22,9,121.577772,25.0453877
112,3,18,10,10,2,07信義區,信義區永吉路與松山路口口,0,0,1,2,C03,7,1,5,50,4,1,1,5,4,5,7,2,1,1,4,4,2,17,1,24,2,9,1,1,7,9,1,10,1,14,,44,,1,22,9,121.577772,25.0453877
112,3,18,10,21,2,08士林區,士林區承德路5段與承德路5段150巷口,0,0,1,2,C03,8,1,5,50,14,9,1,5,4,5,7,1,1,1,4,5,1,13,1,68,2,9,1,1,7,9,1,10,1,11,,44,,1,22,9,121.5132251,25.0977649
112,3,18,10,21,2,08士林區,士林區承德路5段與承德路5段150巷口,0,0,1,1,C05,8,1,5,50,14,9,1,5,4,5,7,1,1,1,4,5,1,13,2,35,3,10,1,1,7,8,1,10,1,13,,7,,1,22,9,121.5132251,25.0977649
112,3,18,11,9,2,09北投區,北投區公館路與公館路161巷口,0,0,1,2,C03,8,1,5,30,4,1,1,5,4,5,7,4,4,10,5,5,2,16,2,29,2,9,1,1,7,9,1,10,2,12,,6,,1,22,9,121.5062576,25.1290376
112,3,18,11,9,2,09北投區,北投區公館路與公館路161巷口,0,0,1,1,B03,8,1,5,30,4,1,1,5,4,5,7,4,4,10,5,5,2,16,1,27,3,10,1,1,7,9,1,8,2,8,,23,,1,22,9,121.5062576,25.1290376
112,3,18,11,17,2,04大安區,大安區辛亥路3段與敦南街76巷口,0,0,1,2,C03,8,1,5,50,3,1,1,5,4,5,7,4,4,1,5,5,2,16,2,23,2,9,1,1,7,9,1,10,2,11,,44,,1,22,9,121.5461263,25.0200445
112,3,18,11,17,2,04大安區,大安區辛亥路3段與敦南街76巷口,0,0,1,1,B03,8,1,5,50,3,1,1,5,4,5,7,4,4,1,5,5,2,16,1,36,3,10,1,1,7,6,1,8,2,6,,44,,1,22,9,121.5461263,25.0200445
112,3,18,11,46,2,04大安區,大安區信義路3段與復興南路1段口,0,0,2,1,C03,7,1,5,50,4,1,1,5,4,5,1,2,1,1,4,5,2,3,1,31,2,8,1,1,7,9,1,10,1,11,,15,,1,22,9,121.5438527,25.0334766
112,3,18,11,46,2,04大安區,大安區信義路3段與復興南路1段口,0,0,2,2,H01,7,1,5,50,4,1,1,5,4,5,1,2,1,1,4,5,2,3,1,83,2,9,4,5,8,18,8,20,10,16,,52,,1,22,9,121.5438527,25.0334766
112,3,18,11,50,2,09北投區,北投區大業路與三合街2段口,0,0,1,2,F01,8,1,5,30,14,9,1,5,4,5,7,4,4,9,5,5,2,16,2,76,2,9,3,1,7,9,8,20,1,16,,16,,1,22,9,121.4983768,25.12569724
112,3,18,11,50,2,09北投區,北投區大業路與三合街2段口,0,0,1,1,B03,8,1,5,30,14,9,1,5,4,5,7,4,4,9,5,5,2,16,1,33,3,10,1,1,7,6,1,8,1,2,,6,,1,22,9,121.4983768,25.12569724
112,3,18,12,3,2,11南港區,南港區市民大道7段與東新街口,0,0,2,2,C03,8,1,5,50,4,1,1,5,4,5,7,2,1,1,3,5,2,12,1,20,2,9,3,4,7,9,1,10,2,11,,44,,1,22,9,121.5838149,25.0497044
112,3,18,12,3,2,11南港區,南港區市民大道7段與東新街口,0,0,2,3,H02,8,1,5,50,4,1,1,5,4,5,7,2,1,1,3,5,2,12,2,21,2,9,3,4,7,21,8,20,10,16,,60,,1,22,9,121.5838149,25.0497044
112,3,18,12,3,2,11南港區,南港區市民大道7段與東新街口,0,0,2,1,B03,8,1,5,50,4,1,1,5,4,5,7,2,1,1,3,5,2,12,1,44,3,10,3,4,7,6,1,8,2,6,,9,,1,22,9,121.5838149,25.0497044
112,3,18,12,10,2,10文山區,文山區新光路2段8號旁迴轉道,0,0,1,2,C03,7,1,5,50,14,9,1,5,4,5,7,4,4,3,4,5,2,16,2,51,2,7,1,1,7,11,1,10,1,12,14,44,,1,22,9,121.5744766,24.9953006
112,3,18,12,10,2,10文山區,文山區新光路2段8號旁迴轉道,0,0,1,1,B03,7,1,5,50,14,9,1,5,4,5,7,4,4,3,4,5,2,16,1,30,3,10,1,1,7,11,1,8,1,8,,23,,1,22,9,121.5744766,24.9953006
112,3,18,12,22,2,06松山區,松山區光復北路與民權東路4段口,0,0,2,1,B03,8,1,5,50,4,1,1,5,4,5,7,1,1,1,4,4,1,17,1,52,3,10,1,1,7,6,1,8,2,2,,9,,1,22,9,121.5545446,25.0620209
112,3,18,12,22,2,06松山區,松山區光復北路與民權東路4段口,0,0,2,2,C03,8,1,5,50,4,1,1,5,4,5,7,1,1,1,4,4,1,17,1,28,2,9,1,1,7,9,1,10,2,11,,42,,1,22,9,121.5545446,25.0620209
112,3,18,12,22,2,06松山區,松山區光復北路與民權東路4段口,0,0,2,3,H02,8,1,5,50,4,1,1,5,4,5,7,1,1,1,4,4,1,17,2,61,2,9,1,5,7,20,8,20,10,16,,67,,1,22,9,121.5545446,25.0620209
112,3,18,12,24,2,09北投區,北投區大同街與中央北路1段口,0,0,2,1,C03,8,1,5,50,4,2,1,5,4,5,7,2,1,5,5,5,1,13,2,44,2,9,1,1,7,9,1,10,1,11,,23,,1,22,9,121.4988673,25.1352292
112,3,18,12,24,2,09北投區,北投區大同街與中央北路1段口,0,0,2,2,C03,8,1,5,50,4,2,1,5,4,5,7,2,1,5,5,5,1,13,1,48,3,10,1,1,7,9,1,10,1,13,,44,,1,22,9,121.4988673,25.1352292
112,3,18,12,24,2,09北投區,北投區大同街與中央北路1段口,0,0,2,3,H02,8,1,5,50,4,2,1,5,4,5,7,2,1,5,5,5,1,13,2,11,2,9,1,5,7,20,8,20,1,16,,67,,1,22,9,121.4988673,25.1352292
112,3,18,12,37,2,04大安區,大安區羅斯福路4段21號,0,0,1,2,C03,7,1,5,50,14,9,1,5,4,5,7,4,4,1,5,5,2,17,2,20,2,9,1,1,7,9,1,10,2,11,,44,,1,22,9,121.5358471,25.0134743
112,3,18,12,37,2,04大安區,大安區羅斯福路4段21號,0,0,1,1,B03,7,1,5,50,14,9,1,5,4,5,7,4,4,1,5,5,2,17,1,63,3,10,1,1,7,1,1,7,2,8,,19,,1,22,9,121.5358471,25.0134743
112,3,18,12,51,2,02萬華區,萬華區艋舺大道與艋舺大道86巷口,0,0,1,1,C03,8,1,5,50,3,2,1,5,4,5,7,4,4,1,4,5,2,17,1,61,2,9,1,1,7,8,1,10,1,12,,7,,1,22,9,121.5027124,25.03404992
112,3,18,12,51,2,02萬華區,萬華區艋舺大道與艋舺大道86巷口,0,0,1,2,C03,8,1,5,50,3,2,1,5,4,5,7,4,4,1,4,5,2,17,1,32,3,10,1,1,7,9,1,10,1,14,,13,,1,22,9,121.5027124,25.03404992
112,3,18,13,21,2,03中山區,中山區建國高架道往北、民權東路上方,0,0,2,3,H02,7,1,5,70,10,9,1,5,4,5,7,4,4,1,3,5,1,13,1,15,2,1,3,5,7,17,8,20,10,16,,67,,1,22,9,121.5370477,25.06219811
112,3,18,13,21,2,03中山區,中山區建國高架道往北、民權東路上方,0,0,2,4,H02,7,1,5,70,10,9,1,5,4,5,7,4,4,1,3,5,1,13,2,16,2,1,3,5,7,17,8,20,10,16,,67,,1,22,9,121.5370477,25.06219811
112,3,18,13,21,2,03中山區,中山區建國高架道往北、民權東路上方,0,0,2,2,B03,7,1,5,70,10,9,1,5,4,5,7,4,4,1,3,5,1,13,2,40,3,10,3,4,7,9,1,8,1,3,,44,,1,22,9,121.5370477,25.06219811
112,3,18,13,21,2,03中山區,中山區建國高架道往北、民權東路上方,0,0,2,1,B03,7,1,5,70,10,9,1,5,4,5,7,4,4,1,3,5,1,13,2,28,3,10,3,4,7,9,1,8,1,1,,16,,1,22,9,121.5370477,25.06219811
112,3,18,13,30,2,05中正區,中正區長沙街1段與桃源街口,0,0,2,1,B03,8,1,5,50,4,2,1,5,4,5,7,1,1,9,5,5,1,12,1,45,3,10,1,1,7,11,1,8,2,8,,10,,1,22,9,121.510395,25.0401938
112,3,18,13,30,2,05中正區,中正區長沙街1段與桃源街口,0,0,2,2,C03,8,1,5,50,4,2,1,5,4,5,7,1,1,9,5,5,1,12,2,28,2,9,1,1,7,9,1,10,2,12,,44,,1,22,9,121.510395,25.0401938
112,3,18,13,30,2,05中正區,中正區長沙街1段與桃源街口,0,0,2,3,H02,8,1,5,50,4,2,1,5,4,5,7,1,1,9,5,5,1,12,2,26,2,9,1,5,7,20,8,20,10,16,,67,,1,22,9,121.510395,25.0401938
112,3,18,13,36,2,10文山區,文山區新光路2段臺北市動物園公務門,0,0,2,1,C03,8,1,5,50,3,1,1,5,4,5,7,4,4,1,4,5,2,12,1,28,2,9,3,4,7,7,1,9,1,15,,7,,1,22,9,121.5829904,24.99995377
112,3,18,13,36,2,10文山區,文山區新光路2段臺北市動物園公務門,0,0,2,3,H02,8,1,5,50,3,1,1,5,4,5,7,4,4,1,4,5,2,12,2,32,2,9,3,5,7,20,8,20,10,16,,67,,1,22,9,121.5829904,24.99995377
112,3,18,13,36,2,10文山區,文山區新光路2段臺北市動物園公務門,0,0,2,2,C03,8,1,5,50,3,1,1,5,4,5,7,4,4,1,4,5,2,12,1,58,3,10,3,4,7,15,1,10,1,15,,42,,1,22,9,121.5829904,24.99995377
112,3,18,13,38,2,02萬華區,萬華區萬大路486巷與萬大路424巷口口,0,0,1,1,B03,7,1,5,30,3,2,1,5,4,5,7,4,4,10,3,5,1,16,1,75,3,10,3,4,7,5,3,18,1,1,,6,,1,22,9,121.4952424,25.0212468
112,3,18,13,38,2,02萬華區,萬華區萬大路486巷與萬大路424巷口口,0,0,1,2,C03,7,1,5,30,3,2,1,5,4,5,7,4,4,10,3,5,1,16,1,34,3,10,3,4,7,9,1,10,1,12,,23,,1,22,9,121.4952424,25.0212468
112,3,18,13,38,2,02萬華區,萬華區萬大路486巷與萬大路424巷口口,0,0,1,3,H02,7,1,5,30,3,2,1,5,4,5,7,4,4,10,3,5,1,16,1,10,2,8,3,5,7,20,8,20,10,16,,67,,1,22,9,121.4952424,25.0212468
112,3,18,13,38,2,02萬華區,萬華區萬大路486巷與萬大路424巷口口,0,0,1,4,B03,7,1,5,30,3,2,1,5,4,5,7,4,4,10,3,5,1,16,1,32,3,10,3,4,7,15,1,8,11,15,,38,,1,22,9,121.4952424,25.0212468
112,3,18,14,15,2,12內湖區,內湖區瑞光路548巷與基湖路35巷口,0,0,1,1,C03,8,1,5,50,4,1,1,5,4,5,7,3,1,5,4,5,1,16,2,21,2,9,3,4,7,9,1,10,1,11,,6,,1,22,9,121.5670966,25.0790617
112,3,18,14,15,2,12內湖區,內湖區瑞光路548巷與基湖路35巷口,0,0,1,2,B12,8,1,5,50,4,1,1,5,4,5,7,3,1,5,4,5,1,16,1,34,3,10,3,4,7,9,1,8,1,4,,14,,1,22,9,121.5670966,25.0790617
112,3,18,14,54,2,04大安區,大安區信義路3段31巷10號與新生南路1段161巷口,0,0,1,1,B01,8,1,5,30,4,2,1,5,4,5,7,4,4,10,5,5,2,15,1,47,3,10,3,4,7,9,1,4,1,7,,6,,1,22,9,121.5345873,25.0346224
112,3,18,14,54,2,04大安區,大安區信義路3段31巷10號與新生南路1段161巷口,0,0,1,2,C03,8,1,5,30,4,2,1,5,4,5,7,4,4,10,5,5,2,15,2,31,2,8,3,4,7,9,1,10,1,11,,14,,1,22,9,121.5345873,25.0346224
112,3,18,14,56,2,06松山區,松山區新東街30巷40號,0,0,1,2,C03,7,1,5,30,14,9,1,5,4,5,7,4,4,10,5,5,2,17,2,36,2,8,1,4,7,9,1,10,1,11,,44,,1,22,9,121.5676742,25.05976971
112,3,18,14,56,2,06松山區,松山區新東街30巷40號,0,0,1,1,B03,7,1,5,30,14,9,1,5,4,5,7,4,4,10,5,5,2,17,2,40,3,10,1,4,7,1,1,8,1,1,,19,,1,22,9,121.5676742,25.05976971
112,3,18,15,10,2,09北投區,北投區承德路7段166號,0,0,2,3,B03,8,1,5,60,14,8,1,5,4,5,7,4,4,1,4,4,2,13,1,43,3,10,1,1,7,8,1,8,1,3,,44,,1,22,9,121.5079995,25.11379786
112,3,18,15,10,2,09北投區,北投區承德路7段166號,0,0,2,2,C03,8,1,5,60,14,8,1,5,4,5,7,4,4,1,4,4,2,13,1,60,2,8,1,1,7,9,1,10,1,13,,44,,1,22,9,121.5079995,25.11379786
112,3,18,15,10,2,09北投區,北投區承德路7段166號,0,0,2,1,B12,8,1,5,60,14,8,1,5,4,5,7,4,4,1,4,4,2,13,1,33,3,10,1,1,7,9,1,8,1,1,,16,,1,22,9,121.5079995,25.11379786
112,3,18,15,10,2,09北投區,北投區承德路7段166號,0,0,2,4,H02,8,1,5,60,14,8,1,5,4,5,7,4,4,1,4,4,2,13,2,60,2,9,1,5,7,20,8,20,10,16,,67,,1,22,9,121.5079995,25.11379786
112,3,18,15,36,2,01大同區,大同區大稻埕堤外便道附近自行車道南往北(延平139號燈桿),0,0,1,2,F01,7,1,5,0,14,9,1,5,4,5,7,4,4,10,5,5,2,17,2,65,2,9,3,4,7,9,8,20,1,16,,44,,1,22,9,121.5073219,25.05593794
112,3,18,15,36,2,01大同區,大同區大稻埕堤外便道附近自行車道南往北(延平139號燈桿),0,0,1,1,F01,7,1,5,0,14,9,1,5,4,5,7,4,4,10,5,5,2,17,1,12,3,10,3,4,7,6,8,20,1,16,,9,,1,22,9,121.5073219,25.05593794
112,3,18,15,41,2,08士林區,士林區通河街16號,0,0,1,1,C03,8,1,5,30,14,9,1,5,4,5,7,4,4,9,4,5,1,12,1,27,3,10,1,1,7,9,1,10,1,11,,26,,1,22,9,121.5230037,25.0799144
112,3,18,15,41,2,08士林區,士林區通河街16號,0,0,1,2,C03,8,1,5,30,14,9,1,5,4,5,7,4,4,9,4,5,1,12,1,21,2,7,1,1,7,7,1,10,1,14,,44,,1,22,9,121.5230037,25.0799144
112,3,18,15,43,2,07信義區,信義區松仁路2號與松仁路口,0,0,1,2,C03,8,1,5,50,3,1,1,5,4,5,7,4,4,1,4,5,2,12,1,23,2,9,1,1,7,9,1,10,2,11,,23,,1,22,9,121.5683582,25.04023371
112,3,18,15,43,2,07信義區,信義區松仁路2號與松仁路口,0,0,1,1,B03,8,1,5,50,3,1,1,5,4,5,7,4,4,1,4,5,2,12,1,49,3,10,1,1,7,1,1,8,2,8,,19,,1,22,9,121.5683582,25.04023371
112,3,18,15,44,2,05中正區,中正區中華路2段與南海路口,0,0,2,2,C03,8,1,5,50,4,1,1,5,4,5,7,1,1,5,4,4,2,11,1,26,2,9,3,4,7,9,1,10,2,11,,44,,1,22,9,121.507451,25.0266296
112,3,18,15,44,2,05中正區,中正區中華路2段與南海路口,0,0,2,1,C03,8,1,5,50,4,1,1,5,4,5,7,1,1,5,4,4,2,11,2,54,2,9,3,4,7,5,1,10,2,11,,26,,1,22,9,121.507451,25.0266296
112,3,18,16,50,2,08士林區,士林區通河西街2段40號與無名巷口旁,0,0,1,1,B03,8,1,5,40,3,1,1,5,4,5,7,4,4,9,4,5,1,14,1,36,3,10,1,1,7,2,1,8,11,15,,12,,1,22,9,121.51126,25.09025547
112,3,18,16,50,2,08士林區,士林區通河西街2段40號與無名巷口旁,0,0,1,2,C03,8,1,5,40,3,1,1,5,4,5,7,4,4,9,4,5,1,14,1,72,2,9,1,1,7,9,1,10,11,11,,44,,1,22,9,121.51126,25.09025547
112,3,18,17,9,2,03中山區,中山區北安路與明水路口,0,0,1,2,C03,7,1,5,50,14,9,1,5,4,5,7,4,4,10,4,5,2,12,1,44,2,6,1,1,7,9,6,18,2,12,,23,,1,22,9,121.5520444,25.0859008
112,3,18,17,9,2,03中山區,中山區北安路與明水路口,0,0,1,1,B03,7,1,5,50,14,9,1,5,4,5,7,4,4,10,4,5,2,12,1,36,3,10,3,1,7,7,1,8,2,4,,7,,1,22,9,121.5520444,25.0859008
112,3,18,17,37,2,04大安區,大安區金山南路2段141巷與金山南路2段口,0,0,1,1,B03,7,1,5,50,3,1,1,5,4,5,7,4,4,1,4,5,2,17,1,32,3,10,3,4,7,8,1,8,1,5,,6,,1,22,9,121.5265195,25.0296431
112,3,18,17,37,2,04大安區,大安區金山南路2段141巷與金山南路2段口,0,0,1,2,C03,7,1,5,50,3,1,1,5,4,5,7,4,4,1,4,5,2,17,2,26,2,8,1,4,7,9,1,10,11,14,,44,,1,22,9,121.5265195,25.0296431
112,3,18,17,40,2,03中山區,中山區濱江街357號,0,0,1,1,B01,7,2,5,50,14,9,1,5,4,5,7,4,4,1,4,4,2,16,1,55,3,10,1,1,7,8,1,4,1,7,,26,,1,22,9,121.5508732,25.0729584
112,3,18,17,40,2,03中山區,中山區濱江街357號,0,0,1,2,C01,7,2,5,50,14,9,1,5,4,5,7,4,4,1,4,4,2,16,1,21,2,9,1,1,7,9,1,9,1,11,12,13,,1,22,9,121.5508732,25.0729584
112,3,18,17,48,2,12內湖區,內湖區環山路3段與內湖路1段737巷口口,0,0,1,2,C03,7,1,5,50,14,9,1,5,4,5,7,4,4,5,4,5,2,16,1,19,2,9,1,1,7,9,1,10,1,11,,23,,1,22,9,121.5789908,25.08446521
112,3,18,17,48,2,12內湖區,內湖區環山路3段與內湖路1段737巷口口,0,0,1,1,B03,7,1,5,50,14,9,1,5,4,5,7,4,4,5,4,5,2,16,2,43,3,10,1,1,7,11,1,8,1,2,,10,,1,22,9,121.5789908,25.08446521
112,3,18,17,52,2,09北投區,北投區石牌路1段174號,0,0,1,1,B03,8,1,5,50,14,9,1,5,4,5,7,4,4,5,4,5,2,17,1,43,3,10,1,1,7,8,1,8,1,2,,7,,1,22,9,121.5138608,25.11463412
112,3,18,17,52,2,09北投區,北投區石牌路1段174號,0,0,1,2,C03,8,1,5,50,14,9,1,5,4,5,7,4,4,5,4,5,2,17,1,38,2,9,1,1,7,9,1,9,1,12,,44,,1,22,9,121.5138608,25.11463412
112,3,18,17,55,2,08士林區,士林區百齡左岸河濱公園百齡左岸074燈桿,0,0,1,1,C03,7,3,5,50,14,9,1,5,4,5,7,4,4,5,5,5,2,12,1,49,3,10,1,1,7,11,1,10,1,14,,10,,1,22,9,121.5127259,25.08560671
112,3,18,17,55,2,08士林區,士林區百齡左岸河濱公園百齡左岸074燈桿,0,0,1,2,C03,7,3,5,50,14,9,1,5,4,5,7,4,4,5,5,5,2,12,1,21,2,9,1,1,7,9,1,10,1,11,,44,,1,22,9,121.5127259,25.08560671
112,3,18,18,15,2,07信義區,信義區基隆路1段與永吉路口,0,0,1,2,C03,7,3,5,50,4,1,1,5,4,5,7,1,1,1,4,5,2,16,1,19,2,9,1,1,7,1,1,10,1,11,,44,,1,22,9,121.5672988,25.04580086
112,3,18,18,15,2,07信義區,信義區基隆路1段與永吉路口,0,0,1,1,B03,7,3,5,50,4,1,1,5,4,5,7,1,1,1,4,5,2,16,1,41,3,10,1,1,7,9,1,8,1,2,,25,,1,22,9,121.5672988,25.04580086
112,3,18,18,22,2,05中正區,中正區南昌路1段與寧波西街口,0,0,1,2,C03,8,3,5,50,4,1,1,5,4,5,7,1,1,10,4,5,2,17,1,25,2,9,1,1,7,9,1,10,1,14,,44,,1,22,9,121.5175527,25.03068748
112,3,18,18,22,2,05中正區,中正區南昌路1段與寧波西街口,0,0,1,1,B03,8,3,5,50,4,1,1,5,4,5,7,1,1,10,4,5,2,17,1,54,3,10,1,3,7,6,1,8,1,6,,9,,1,22,9,121.5175527,25.03068748
112,3,18,18,30,2,09北投區,北投區中央北路4段479號,0,0,1,2,C03,8,1,5,50,14,9,1,5,4,5,7,4,4,5,4,5,2,17,2,58,2,9,1,1,7,9,1,10,11,13,,43,,1,22,9,121.4693374,25.12856339
112,3,18,18,30,2,09北投區,北投區中央北路4段479號,0,0,1,1,C03,8,1,5,50,14,9,1,5,4,5,7,4,4,5,4,5,2,17,4,0,4,11,3,4,7,15,7,19,11,15,,43,,2,22,9,121.4693374,25.12856339
112,3,18,18,46,2,04大安區,大安區基隆路2段與和平東路3段口,0,0,1,1,C03,8,3,5,50,5,1,1,5,4,5,7,4,4,1,4,5,2,12,2,45,2,9,1,1,7,8,1,10,1,14,,7,,1,22,9,121.5520563,25.0240134
112,3,18,18,46,2,04大安區,大安區基隆路2段與和平東路3段口,0,0,1,2,B03,8,3,5,50,5,1,1,5,4,5,7,4,4,1,4,5,2,12,1,53,3,10,1,1,7,9,1,8,1,2,,44,,1,22,9,121.5520563,25.0240134