發生年度,發生月,發生日,發生時-Hours,發生分,處理別-編號,區序,肇事地點,死亡人數,2-30日死亡人數,受傷人數,當事人序號,車種,天候,光線,道路類別,速限-速度限制,道路型態,事故位置,路面狀況1,路面狀況2,路面狀況3,道路障礙1,道路障礙2,號誌1,號誌2,車道劃分-分向,車道劃分-分道1,車道劃分-分道2,車道劃分-分道3,事故類型及型態,性別,年齡,受傷程度,主要傷處,保護裝置,行動電話,車輛用途,當事者行動狀態,駕駛資格情形,駕駛執照種類,飲酒情形,車輛撞擊部位1,車輛撞擊部位2,肇因碼-個別,肇因碼-主要,個人肇逃否,職業,旅次目的,座標-X,座標-Y
112,3,18,19,7,2,12內湖區,內湖區舊宗路2段121巷與瑞湖街口,0,0,1,1,B02,6,3,5,50,4,1,1,4,4,5,7,2,1,5,5,5,1,16,1,28,3,10,1,1,7,5,1,8,2,2,,6,,1,22,9,121.5764356,25.06898867
112,3,18,19,7,2,12內湖區,內湖區舊宗路2段121巷與瑞湖街口,0,0,1,2,C03,6,3,5,50,4,1,1,4,4,5,7,2,1,5,5,5,1,16,1,17,2,9,1,1,7,9,2,18,3,11,,42,,1,22,9,121.5764356,25.06898867
112,3,18,19,22,2,09北投區,北投區復興一路與永興路2段口,0,0,2,2,C03,8,3,5,30,4,1,1,5,4,5,7,3,1,10,5,5,2,15,1,23,2,9,1,1,7,9,1,10,2,11,,4,,1,22,9,121.5027716,25.1403136
112,3,18,19,22,2,09北投區,北投區復興一路與永興路2段口,0,0,2,1,C03,8,3,5,30,4,1,1,5,4,5,7,3,1,10,5,5,2,15,1,58,2,9,1,1,7,9,1,10,2,14,,6,,1,22,9,121.5027716,25.1403136
112,3,18,19,45,2,05中正區,中正區牯嶺街與廈門街113巷口,0,0,2,1,C03,7,3,5,30,4,2,1,5,4,5,7,1,1,10,5,5,2,3,2,26,2,9,1,1,7,9,1,10,1,11,,13,,1,22,9,121.5189065,25.0233998
112,3,18,19,45,2,05中正區,中正區牯嶺街與廈門街113巷口,0,0,2,2,H01,7,3,5,30,4,2,1,5,4,5,7,1,1,10,5,5,2,3,2,62,2,9,4,5,8,16,8,20,10,16,,51,,1,22,9,121.5189065,25.0233998
112,3,18,19,51,2,08士林區,士林區百齡橋與百齡橋口引道往社子,0,0,1,2,C03,8,3,5,50,3,1,1,5,4,5,1,4,4,3,4,5,2,12,1,63,2,9,1,4,7,9,1,10,1,12,,44,,1,22,9,121.5151974,25.09038174
112,3,18,19,51,2,08士林區,士林區百齡橋與百齡橋口引道往社子,0,0,1,1,B03,8,3,5,50,3,1,1,5,4,5,1,4,4,3,4,5,2,12,1,52,3,10,3,4,7,7,1,7,1,4,,7,,1,22,9,121.5151974,25.09038174
112,3,18,20,43,2,11南港區,南港區忠孝東路7段東往西方向第214號停車格,0,0,2,1,C03,8,3,5,50,14,12,1,5,4,5,7,4,4,1,3,4,2,12,2,38,2,6,1,4,7,7,1,10,2,14,,23,,1,22,9,121.6026966,25.0516851
112,3,18,20,43,2,11南港區,南港區忠孝東路7段東往西方向第214號停車格,0,0,2,2,C03,8,3,5,50,14,12,1,5,4,5,7,4,4,1,3,4,2,12,2,60,2,8,1,4,7,9,1,10,1,11,,23,,1,22,9,121.6026966,25.0516851
112,3,18,20,43,2,11南港區,南港區忠孝東路7段東往西方向第214號停車格,0,0,2,3,B01,8,3,5,50,14,12,1,5,4,5,7,4,4,1,3,4,2,12,1,40,3,10,3,4,7,1,1,4,2,15,,19,,1,22,9,121.6026966,25.0516851
112,3,18,21,30,2,08士林區,士林區百齡橋與中正路口,0,0,2,1,C03,7,3,5,50,14,9,1,5,4,5,7,4,4,10,4,5,2,17,1,26,3,10,1,1,7,10,1,10,2,15,,7,,1,22,9,121.5154589,25.090594
112,3,18,21,30,2,08士林區,士林區百齡橋與中正路口,0,0,2,2,C03,7,3,5,50,14,9,1,5,4,5,7,4,4,10,4,5,2,17,1,18,2,9,1,1,7,9,1,10,2,11,,44,,1,22,9,121.5154589,25.090594
112,3,18,21,30,2,08士林區,士林區百齡橋與中正路口,0,0,2,3,H02,7,3,5,50,14,9,1,5,4,5,7,4,4,10,4,5,2,17,2,27,3,10,1,1,7,17,8,20,10,16,,67,,1,22,9,121.5154589,25.090594
112,3,18,21,30,2,08士林區,士林區百齡橋與中正路口,0,0,2,4,H02,7,3,5,50,14,9,1,5,4,5,7,4,4,10,4,5,2,17,1,17,2,9,1,5,7,17,8,20,10,16,,67,,1,22,9,121.5154589,25.090594
112,3,18,21,45,2,12內湖區,內湖區康樂街116-3號號前,0,0,1,2,C03,6,3,5,50,14,9,1,4,4,5,7,4,4,9,5,5,2,16,2,55,2,9,1,1,7,9,1,10,1,14,,44,,1,22,9,121.619184,25.07120064
112,3,18,21,45,2,12內湖區,內湖區康樂街116-3號號前,0,0,1,1,C03,6,3,5,50,14,9,1,4,4,5,7,4,4,9,5,5,2,16,1,62,3,10,1,1,7,5,1,10,1,11,,8,,1,22,9,121.619184,25.07120064
112,3,18,22,9,2,10文山區,文山區木柵路1段233號,0,0,2,1,C03,8,3,5,50,14,9,1,5,4,5,7,1,1,5,2,5,2,12,1,59,2,9,1,1,7,5,6,18,2,12,,8,,1,22,9,121.5521429,24.9878378
112,3,18,22,9,2,10文山區,文山區木柵路1段233號,0,0,2,2,C03,8,3,5,50,14,9,1,5,4,5,7,1,1,5,2,5,2,12,1,19,3,10,1,1,7,6,1,10,2,14,,42,,1,22,9,121.5521429,24.9878378
112,3,18,22,9,2,10文山區,文山區木柵路1段233號,0,0,2,3,H02,8,3,5,50,14,9,1,5,4,5,7,1,1,5,2,5,2,12,2,55,2,2,1,5,7,20,8,20,10,15,,67,,1,22,9,121.5521429,24.9878378
112,3,18,22,50,2,01大同區,大同區延平北路3段與民權西路口,0,0,1,1,C03,7,3,5,50,4,1,1,5,4,5,7,1,1,1,4,5,2,13,2,18,3,10,1,1,7,8,1,10,1,13,,7,,1,22,9,121.5111804,25.06307198
112,3,18,22,50,2,01大同區,大同區延平北路3段與民權西路口,0,0,1,2,C03,7,3,5,50,4,1,1,5,4,5,7,1,1,1,4,5,2,13,1,23,2,8,1,1,7,9,1,10,1,11,,44,,1,22,9,121.5111804,25.06307198
112,3,18,23,10,2,12內湖區,內湖區瑞光路與基湖路口,0,0,2,2,C03,8,3,5,40,3,2,1,5,4,5,7,2,1,5,4,4,2,17,1,45,2,9,1,1,7,5,1,10,2,11,,23,,1,22,9,121.5650276,25.08084411
112,3,18,23,10,2,12內湖區,內湖區瑞光路與基湖路口,0,0,2,1,F06,8,3,5,40,3,2,1,5,4,5,7,2,1,5,4,4,2,17,2,29,2,9,2,1,7,5,8,20,2,16,,42,,1,22,9,121.5650276,25.08084411
112,3,18,23,39,2,07信義區,信義區忠孝東路5段236巷與忠孝東路5段236巷3弄口,0,0,1,1,C03,7,3,5,30,4,1,1,5,4,5,7,4,4,5,4,5,1,15,1,57,3,10,1,4,7,9,6,10,2,14,,6,,1,22,9,121.5719427,25.0404208
112,3,18,23,39,2,07信義區,信義區忠孝東路5段236巷與忠孝東路5段236巷3弄口,0,0,1,2,C02,7,3,5,30,4,1,1,5,4,5,7,4,4,5,4,5,1,15,1,46,2,9,1,4,7,9,1,9,2,11,,14,,1,22,9,121.5719427,25.0404208
112,3,19,1,57,2,01大同區,大同區延平北路3段與昌吉街口,0,0,1,1,B03,7,3,5,50,4,1,1,5,4,5,7,1,1,5,4,5,2,16,1,33,3,10,1,1,7,11,1,8,2,4,,11,,1,22,9,121.5110342,25.06604068
112,3,19,1,57,2,01大同區,大同區延平北路3段與昌吉街口,0,0,1,2,C03,7,3,5,50,4,1,1,5,4,5,7,1,1,5,4,5,2,16,1,19,2,9,1,1,7,9,1,10,2,11,,23,,1,22,9,121.5110342,25.06604068
112,3,19,2,48,2,05中正區,中正區水源路與重慶南路3段174巷口,0,0,1,1,C03,7,3,5,30,3,1,1,5,4,5,7,4,4,10,4,5,2,13,1,58,3,10,1,1,7,6,1,10,1,13,,6,,1,22,9,121.5163509,25.0230936
112,3,19,2,48,2,05中正區,中正區水源路與重慶南路3段174巷口,0,0,1,2,C03,7,3,5,30,3,1,1,5,4,5,7,4,4,10,4,5,2,13,1,27,2,9,1,1,7,9,1,9,1,11,,13,,1,22,9,121.5163509,25.0230936
112,3,19,5,33,1,03中山區,中山區建國北路2段13號,1,0,1,3,H02,8,3,5,50,14,9,1,5,4,5,7,4,4,10,3,5,1,13,2,19,1,1,1,5,7,20,8,20,10,16,,67,,1,22,9,121.5371056,25.05375791
112,3,19,5,33,1,03中山區,中山區建國北路2段13號,1,0,1,2,C03,8,3,5,50,14,9,1,5,4,5,7,4,4,10,3,5,1,13,1,18,2,1,1,1,7,9,3,18,2,11,,13,,1,22,9,121.5371056,25.05375791
112,3,19,5,33,1,03中山區,中山區建國北路2段13號,1,0,1,1,B01,8,3,5,50,14,9,1,5,4,5,7,4,4,10,3,5,1,13,1,59,3,10,1,1,7,8,1,4,2,3,,7,,1,22,9,121.5371056,25.05375791
112,3,19,5,34,2,08士林區,士林區中正路與重慶北路4段口,0,0,1,1,B03,7,3,5,0,4,1,1,5,4,5,7,4,4,1,2,5,1,12,1,23,4,11,3,4,7,8,7,19,11,15,,7,,2,22,9,121.5098506,25.0867268
112,3,19,5,34,2,08士林區,士林區中正路與重慶北路4段口,0,0,1,2,C03,7,3,5,0,4,1,1,5,4,5,7,4,4,1,2,5,1,12,2,55,2,9,1,1,7,9,1,10,1,11,,13,,1,22,9,121.5098506,25.0867268
112,3,19,6,48,2,05中正區,中正區中山南路與青島西路口,0,0,1,1,C03,8,1,5,50,4,1,1,5,4,5,7,1,1,9,4,5,2,17,1,68,2,8,1,4,7,5,1,10,1,11,,8,,1,22,9,121.5191657,25.0445734
112,3,19,6,48,2,05中正區,中正區中山南路與青島西路口,0,0,1,2,B01,8,1,5,50,4,1,1,5,4,5,7,1,1,9,4,5,2,17,1,49,3,10,1,4,7,9,1,4,1,1,,44,,1,22,9,121.5191657,25.0445734
112,3,19,7,30,2,01大同區,大同區歸綏街與民樂街口,0,0,1,1,C03,8,1,5,50,14,9,1,5,4,5,7,4,4,9,5,5,2,17,2,46,2,9,1,4,7,9,1,10,1,14,,6,,1,22,9,121.5107176,25.0583381
112,3,19,7,30,2,01大同區,大同區歸綏街與民樂街口,0,0,1,2,B12,8,1,5,50,14,9,1,5,4,5,7,4,4,9,5,5,2,17,1,49,3,10,3,4,7,9,1,8,1,1,,14,,1,22,9,121.5107176,25.0583381
112,3,19,7,40,2,12內湖區,內湖區康寧路3段與康寧路3段245巷口,0,0,1,1,B03,8,1,5,50,3,1,1,5,4,5,7,4,4,1,4,5,2,3,1,40,3,10,1,1,7,6,1,8,1,2,,9,,1,22,9,121.6113986,25.06694322
112,3,19,7,40,2,12內湖區,內湖區康寧路3段與康寧路3段245巷口,0,0,1,2,H01,8,1,5,50,3,1,1,5,4,5,7,4,4,1,4,5,2,3,1,18,2,9,4,1,8,16,8,20,10,16,,67,,1,22,9,121.6113986,25.06694322
112,3,19,8,42,2,09北投區,北投區大業路629號,0,0,2,1,C03,8,1,5,50,14,9,1,5,4,5,7,4,4,1,4,5,2,17,1,28,2,9,1,1,7,9,1,10,2,11,,16,,1,22,9,121.4980301,25.1368188
112,3,19,8,42,2,09北投區,北投區大業路629號,0,0,2,2,C03,8,1,5,50,14,9,1,5,4,5,7,4,4,1,4,5,2,17,2,20,2,9,1,1,7,9,1,10,2,13,,44,,1,22,9,121.4980301,25.1368188
112,3,19,9,18,2,09北投區,北投區光明路168號,0,0,2,2,C03,8,1,5,50,14,9,1,5,4,5,7,4,4,9,4,5,2,16,1,38,2,9,1,1,7,9,1,10,1,11,,44,,1,22,9,121.5027187,25.13531981
112,3,19,9,18,2,09北投區,北投區光明路168號,0,0,2,1,C03,8,1,5,50,14,9,1,5,4,5,7,4,4,9,4,5,2,16,1,60,2,7,1,1,7,8,1,10,1,12,,7,,1,22,9,121.5027187,25.13531981
112,3,19,9,30,2,06松山區,松山區健康路114號,0,0,2,1,F01,8,1,5,50,14,9,1,5,4,5,7,4,4,9,4,5,2,12,1,69,2,9,3,1,7,5,8,20,1,16,,8,,1,22,9,121.5561668,25.05354511
112,3,19,9,30,2,06松山區,松山區健康路114號,0,0,2,2,C03,8,1,5,50,14,9,1,5,4,5,7,4,4,9,4,5,2,12,1,45,2,9,1,1,7,9,1,10,1,11,,44,,1,22,9,121.5561668,25.05354511
112,3,19,10,11,2,09北投區,北投區大業路527巷055號燈桿,0,0,1,2,B03,8,1,5,40,14,9,1,5,4,5,7,4,4,9,4,5,2,16,1,44,3,10,1,1,7,9,1,8,1,4,,44,,1,22,9,121.4810258,25.13325016
112,3,19,10,11,2,09北投區,北投區大業路527巷055號燈桿,0,0,1,1,C03,8,1,5,40,14,9,1,5,4,5,7,4,4,9,4,5,2,16,1,18,2,9,1,1,7,9,1,10,1,11,,16,,1,22,9,121.4810258,25.13325016
112,3,19,10,12,2,05中正區,中正區市民大道1段與中山北路1段口,0,0,2,1,C03,7,1,5,40,4,2,1,5,4,5,7,1,1,1,2,5,1,13,1,25,2,9,1,1,7,9,1,10,2,11,,16,,1,22,9,121.5203151,25.0480542
112,3,19,10,12,2,05中正區,中正區市民大道1段與中山北路1段口,0,0,2,2,C03,7,1,5,40,4,2,1,5,4,5,7,1,1,1,2,5,1,13,2,33,2,9,1,1,7,9,1,10,2,13,,44,,1,22,9,121.5203151,25.0480542
112,3,19,10,12,2,05中正區,中正區市民大道1段與中山北路1段口,0,0,2,3,B03,7,1,5,40,4,2,1,5,4,5,7,1,1,1,2,5,1,13,1,41,3,10,1,1,7,9,1,8,2,5,,44,,1,22,9,121.5203151,25.0480542
112,3,19,10,14,2,05中正區,中正區重慶南路1段與衡陽路口,0,0,1,1,B03,8,1,5,50,4,2,1,5,4,5,7,1,3,5,4,5,2,12,1,53,3,10,1,1,7,9,1,8,2,2,,44,,1,22,9,121.5131729,25.04240726
112,3,19,10,14,2,05中正區,中正區重慶南路1段與衡陽路口,0,0,1,2,C03,8,1,5,50,4,2,1,5,4,5,7,1,3,5,4,5,2,12,1,50,2,9,1,1,7,7,1,10,2,14,,7,,1,22,9,121.5131729,25.04240726
112,3,19,10,41,2,10文山區,文山區木柵路5段(08號停車格旁),0,0,2,1,C03,7,1,5,50,14,9,1,5,4,5,7,4,4,4,3,5,2,13,1,18,2,9,1,1,7,7,1,10,1,11,,43,,1,22,9,121.5787383,25.000802
112,3,19,10,41,2,10文山區,文山區木柵路5段(08號停車格旁),0,0,2,2,B03,7,1,5,50,14,9,1,5,4,5,7,4,4,4,3,5,2,13,1,82,3,10,1,1,7,9,1,8,1,3,,43,,1,22,9,121.5787383,25.000802
112,3,19,10,41,2,10文山區,文山區木柵路5段(08號停車格旁),0,0,2,3,C03,7,1,5,50,14,9,1,5,4,5,7,4,4,4,3,5,2,13,2,19,2,9,1,1,7,9,7,19,11,11,,44,,1,22,9,121.5787383,25.000802
112,3,19,10,52,2,09北投區,北投區承德路6段335號,0,0,4,4,H02,7,1,5,50,14,12,1,5,4,5,7,2,1,1,4,5,2,13,2,59,2,9,1,1,7,21,8,20,10,16,,67,,1,22,9,121.5118286,25.10492834
112,3,19,10,52,2,09北投區,北投區承德路6段335號,0,0,4,3,C03,7,1,5,50,14,12,1,5,4,5,7,2,1,1,4,5,2,13,1,60,2,7,1,1,7,14,1,10,1,13,,44,,1,22,9,121.5118286,25.10492834
112,3,19,10,52,2,09北投區,北投區承德路6段335號,0,0,4,2,C03,7,1,5,50,14,12,1,5,4,5,7,2,1,1,4,5,2,13,1,70,2,9,1,1,7,9,1,10,1,11,,16,,1,22,9,121.5118286,25.10492834
112,3,19,10,52,2,09北投區,北投區承德路6段335號,0,0,4,1,C03,7,1,5,50,14,12,1,5,4,5,7,2,1,1,4,5,2,13,1,63,2,9,1,1,7,9,1,10,1,11,,16,,1,22,9,121.5118286,25.10492834
112,3,19,11,8,2,10文山區,文山區和平東路4段與和平東路4段356巷口,0,0,1,1,B03,8,1,5,50,14,9,1,5,4,5,7,1,1,5,2,5,2,13,1,23,3,10,1,1,7,15,1,8,1,1,,16,,1,22,9,121.5741215,24.99922971
112,3,19,11,8,2,10文山區,文山區和平東路4段與和平東路4段356巷口,0,0,1,2,C03,8,1,5,50,14,9,1,5,4,5,7,1,1,5,2,5,2,13,2,32,2,7,1,1,7,14,1,10,1,13,,44,,1,22,9,121.5741215,24.99922971
112,3,19,11,45,2,03中山區,中山區龍江路與龍江路298巷口,0,0,1,1,B02,8,1,5,50,3,1,1,5,4,5,7,4,4,9,5,5,2,16,2,29,3,10,3,4,7,1,1,8,1,5,,19,,1,22,9,121.5407608,25.06178913
112,3,19,11,45,2,03中山區,中山區龍江路與龍江路298巷口,0,0,1,2,C03,8,1,5,50,3,1,1,5,4,5,7,4,4,9,5,5,2,16,1,39,2,3,3,4,7,9,1,10,1,11,,44,,1,22,9,121.5407608,25.06178913
112,3,19,11,45,2,03中山區,中山區龍江路與龍江路298巷口,0,0,1,3,B03,8,1,5,50,3,1,1,5,4,5,7,4,4,9,5,5,2,16,1,58,3,10,3,4,7,14,1,8,1,15,,38,,1,22,9,121.5407608,25.06178913
112,3,19,11,55,2,02萬華區,萬華區堤外便道富民疏散門,0,0,1,1,B03,8,1,5,30,3,1,1,5,4,5,7,4,4,8,3,5,1,16,1,47,3,10,3,4,7,6,1,8,1,8,,6,,1,22,9,121.500622,25.01725728
112,3,19,11,55,2,02萬華區,萬華區堤外便道富民疏散門,0,0,1,2,C03,8,1,5,30,3,1,1,5,4,5,7,4,4,8,3,5,1,16,2,34,2,9,3,4,7,9,1,10,1,11,,14,,1,22,9,121.500622,25.01725728
112,3,19,11,56,2,09北投區,北投區社子大橋自行車道(142號燈桿),0,0,1,2,F01,8,1,8,0,15,22,1,5,4,5,7,4,4,9,5,5,2,16,1,12,3,10,3,1,7,9,8,20,1,16,,44,,1,22,9,121.4985288,25.11294009
112,3,19,11,56,2,09北投區,北投區社子大橋自行車道(142號燈桿),0,0,1,1,F01,8,1,8,0,15,22,1,5,4,5,7,4,4,9,5,5,2,16,2,58,2,9,3,1,7,6,8,20,1,16,,9,,1,22,9,121.4985288,25.11294009
112,3,19,12,10,2,04大安區,大安區和平東路2段與建國南路2段口,0,0,3,1,C04,8,1,5,50,4,1,1,5,4,5,7,2,1,1,4,5,2,12,2,37,2,8,1,1,7,6,1,10,1,12,,44,,1,22,9,121.5379966,25.0257343
112,3,19,12,10,2,04大安區,大安區和平東路2段與建國南路2段口,0,0,3,2,C03,8,1,5,50,4,1,1,5,4,5,7,2,1,1,4,5,2,12,1,37,2,9,1,1,7,9,1,10,1,11,,44,,1,22,9,121.5379966,25.0257343
112,3,19,12,10,2,04大安區,大安區和平東路2段與建國南路2段口,0,0,3,3,H02,8,1,5,50,4,1,1,5,4,5,7,2,1,1,4,5,2,12,2,37,2,9,1,5,7,21,8,20,10,15,,67,,1,22,9,121.5379966,25.0257343
112,3,19,12,10,2,04大安區,大安區和平東路2段與建國南路2段口,0,0,3,4,H02,8,1,5,50,4,1,1,5,4,5,7,2,1,1,4,5,2,12,1,2,3,10,1,5,7,21,8,20,10,15,,67,,1,22,9,121.5379966,25.0257343
112,3,19,12,10,2,04大安區,大安區八德路2段與市民大道3段口,0,0,1,1,B01,7,1,5,40,4,1,1,5,4,5,7,1,1,1,4,5,2,16,1,63,3,10,3,4,7,6,1,2,1,2,,9,,1,22,9,121.534273,25.0449187
112,3,19,12,10,2,04大安區,大安區八德路2段與市民大道3段口,0,0,1,2,C03,7,1,5,40,4,1,1,5,4,5,7,1,1,1,4,5,2,16,2,27,2,8,3,4,7,9,1,10,1,14,,23,,1,22,9,121.534273,25.0449187
112,3,19,12,55,2,07信義區,信義區福德街221巷與福德街221巷3弄口,0,0,1,1,B03,8,1,5,30,4,1,1,5,4,5,7,4,4,8,5,5,2,17,1,46,3,10,1,1,7,5,1,8,1,7,,43,,1,22,9,121.5850513,25.03815976
112,3,19,12,55,2,07信義區,信義區福德街221巷與福德街221巷3弄口,0,0,1,2,C01,8,1,5,30,4,1,1,5,4,5,7,4,4,8,5,5,2,17,1,58,2,8,1,1,7,14,1,9,1,15,,44,,1,22,9,121.5850513,25.03815976
112,3,19,13,9,2,03中山區,中山區北安路645號,0,0,1,2,C03,7,1,5,50,14,9,1,5,4,5,7,4,4,1,5,5,1,12,2,32,2,8,3,4,7,9,1,10,1,14,,13,,1,22,9,121.5492062,25.08390969
112,3,19,13,9,2,03中山區,中山區北安路645號,0,0,1,1,B02,7,1,5,50,14,9,1,5,4,5,7,4,4,1,5,5,1,12,1,29,3,10,3,4,7,8,1,8,1,6,,7,,1,22,9,121.5492062,25.08390969
112,3,19,14,5,2,08士林區,士林區中山北路7段與天母西路口,0,0,1,2,B03,8,1,5,50,4,1,1,5,4,5,7,1,1,5,4,5,2,17,1,39,3,10,1,1,7,9,1,8,2,5,,44,,1,22,9,121.529964,25.1183236
112,3,19,14,5,2,08士林區,士林區中山北路7段與天母西路口,0,0,1,1,C03,8,1,5,50,4,1,1,5,4,5,7,1,1,5,4,5,2,17,1,70,2,9,1,1,7,5,1,10,2,14,,8,,1,22,9,121.529964,25.1183236
112,3,19,14,5,2,06松山區,松山區三民路與三民路102巷口,0,0,1,1,B03,7,1,5,30,4,2,1,5,4,5,7,2,1,1,4,5,1,12,1,43,3,10,1,1,7,6,1,8,1,8,,9,,1,22,9,121.5635787,25.05753053
112,3,19,14,5,2,06松山區,松山區三民路與三民路102巷口,0,0,1,2,C03,7,1,5,30,4,2,1,5,4,5,7,2,1,1,4,5,1,12,2,40,2,9,1,1,7,5,1,10,1,13,,44,,1,22,9,121.5635787,25.05753053
112,3,19,15,0,2,08士林區,士林區文昌路與美崙街口,0,0,2,2,C03,8,1,5,50,4,1,1,5,4,5,7,1,1,10,5,5,1,16,2,55,2,9,1,1,7,9,1,10,1,14,,44,,1,22,9,121.5209396,25.09680623
112,3,19,15,0,2,08士林區,士林區文昌路與美崙街口,0,0,2,1,C03,8,1,5,50,4,1,1,5,4,5,7,1,1,10,5,5,1,16,1,22,2,7,1,1,7,6,1,10,1,12,,9,,1,22,9,121.5209396,25.09680623
112,3,19,15,18,2,09北投區,北投區大度路3段與關渡路口,0,0,1,1,B01,8,1,5,50,3,1,1,5,4,5,7,2,1,3,4,5,1,12,1,68,3,10,1,1,7,6,1,4,1,2,,43,,1,22,9,121.469495,25.12288015
112,3,19,15,18,2,09北投區,北投區大度路3段與關渡路口,0,0,1,2,C03,8,1,5,50,3,1,1,5,4,5,7,2,1,3,4,5,1,12,1,20,2,9,1,1,7,9,1,10,1,14,,43,,1,22,9,121.469495,25.12288015
112,3,19,15,22,2,01大同區,大同區延平北路3段與昌吉街口,0,0,1,1,B03,8,1,5,50,4,1,1,5,4,5,7,1,1,9,4,5,2,17,1,53,3,10,1,1,7,5,1,8,2,4,,6,,1,22,9,121.5110595,25.06597796
112,3,19,15,22,2,01大同區,大同區延平北路3段與昌吉街口,0,0,1,2,C03,8,1,5,50,4,1,1,5,4,5,7,1,1,9,4,5,2,17,2,18,2,9,1,1,7,9,1,10,2,11,,44,,1,22,9,121.5110595,25.06597796
112,3,19,15,37,2,03中山區,中山區民權東路2段與建國北路2段口,0,0,3,3,C03,8,1,5,50,14,9,1,5,4,5,7,2,1,9,4,5,2,12,1,22,2,9,3,4,7,9,3,18,2,11,,23,,1,22,9,121.5373048,25.0623076
112,3,19,15,37,2,03中山區,中山區民權東路2段與建國北路2段口,0,0,3,2,B03,8,1,5,50,14,9,1,5,4,5,7,2,1,9,4,5,2,12,2,48,3,10,3,4,7,12,1,8,2,2,,44,,1,22,9,121.5373048,25.0623076
112,3,19,15,37,2,03中山區,中山區民權東路2段與建國北路2段口,0,0,3,1,C03,8,1,5,50,14,9,1,5,4,5,7,2,1,9,4,5,2,12,1,21,2,9,3,4,7,9,1,10,2,14,,23,,1,22,9,121.5373048,25.0623076
112,3,19,15,37,2,03中山區,中山區民權東路2段與建國北路2段口,0,0,3,5,H02,8,1,5,50,14,9,1,5,4,5,7,2,1,9,4,5,2,12,1,22,3,10,3,4,7,21,8,20,10,16,,67,,1,22,9,121.5373048,25.0623076
112,3,19,15,37,2,03中山區,中山區民權東路2段與建國北路2段口,0,0,3,4,H01,8,1,5,50,14,9,1,5,4,5,7,2,1,9,4,5,2,12,1,51,2,9,3,4,8,20,8,20,2,16,,67,,1,22,9,121.5373048,25.0623076
112,3,19,17,9,2,03中山區,中山區復興南路1段18號,0,0,1,2,F06,7,1,5,50,14,20,1,5,4,5,7,4,4,1,5,5,1,16,2,44,2,9,4,5,7,21,8,20,1,16,,44,,1,22,9,121.543754,25.0467033
112,3,19,17,9,2,03中山區,中山區復興南路1段18號,0,0,1,1,B03,7,1,5,50,14,20,1,5,4,5,7,4,4,1,5,5,1,16,1,44,3,10,3,4,7,1,1,8,1,5,,19,,1,22,9,121.543754,25.0467033
112,3,19,17,15,2,05中正區,中正區羅斯福路2段與福州街口口,0,0,1,1,C03,8,1,5,50,5,1,1,5,4,5,7,1,1,1,4,4,1,17,1,18,2,9,1,1,7,9,1,10,1,11,,23,,1,22,9,121.5204415,25.02973536
112,3,19,17,15,2,05中正區,中正區羅斯福路2段與福州街口口,0,0,1,2,B12,8,1,5,50,5,1,1,5,4,5,7,1,1,1,4,4,1,17,1,56,3,10,1,1,7,14,1,2,1,7,,38,,1,22,9,121.5204415,25.02973536
112,3,19,17,23,2,12內湖區,內湖區成功路2段312巷與民權東路6段136巷39弄口,0,0,2,1,B03,7,1,5,30,3,1,1,5,4,5,7,4,4,10,5,5,2,16,1,41,3,10,1,1,7,1,1,8,1,5,,19,,1,22,9,121.5882183,25.0664401
112,3,19,17,23,2,12內湖區,內湖區成功路2段312巷與民權東路6段136巷39弄口,0,0,2,2,C04,7,1,5,30,3,1,1,5,4,5,7,4,4,10,5,5,2,16,2,30,2,9,1,1,7,9,1,9,1,14,,44,,1,22,9,121.5882183,25.0664401
112,3,19,17,23,2,12內湖區,內湖區成功路2段312巷與民權東路6段136巷39弄口,0,0,2,3,H02,7,1,5,30,3,1,1,5,4,5,7,4,4,10,5,5,2,16,2,31,2,9,1,1,7,20,8,20,10,16,,67,,1,22,9,121.5882183,25.0664401
112,3,19,17,30,2,02萬華區,萬華區大理街175巷與和平西路3段286巷1弄口,0,0,2,1,F01,8,1,5,30,4,1,1,5,4,5,7,4,4,10,5,5,1,11,1,61,2,1,2,4,7,5,8,20,8,16,,26,,1,22,9,121.4945145,25.0348044
112,3,19,17,30,2,02萬華區,萬華區大理街175巷與和平西路3段286巷1弄口,0,0,2,2,C03,8,1,5,30,4,1,1,5,4,5,7,4,4,10,5,5,1,11,1,60,2,3,1,4,7,9,1,10,2,11,,44,,1,22,9,121.4945145,25.0348044
112,3,19,18,10,2,03中山區,中山區復興北路與長安東路2段口,0,0,1,1,C03,8,1,5,50,4,1,1,5,4,5,7,2,1,1,4,5,2,13,1,19,2,9,1,4,7,9,1,10,1,11,,16,,1,22,9,121.5438888,25.0484088
112,3,19,18,10,2,03中山區,中山區復興北路與長安東路2段口,0,0,1,2,C03,8,1,5,50,4,1,1,5,4,5,7,2,1,1,4,5,2,13,1,39,3,10,1,4,7,9,1,10,1,13,,44,,1,22,9,121.5438888,25.0484088
112,3,19,18,16,2,06松山區,松山區塔悠路基五號水門口,0,0,1,1,B03,8,1,5,30,14,9,1,5,4,5,7,4,4,9,4,5,2,15,1,44,3,10,3,4,7,9,1,8,2,4,,6,,1,22,9,121.5694948,25.05893157
112,3,19,18,16,2,06松山區,松山區塔悠路基五號水門口,0,0,1,2,F01,8,1,5,30,14,9,1,5,4,5,7,4,4,9,4,5,2,15,1,56,2,9,1,4,7,9,8,20,2,16,,6,,1,22,9,121.5694948,25.05893157