發生年度,發生月,發生日,發生時-Hours,發生分,處理別-編號,區序,肇事地點,死亡人數,2-30日死亡人數,受傷人數,當事人序號,車種,天候,光線,道路類別,速限-速度限制,道路型態,事故位置,路面狀況1,路面狀況2,路面狀況3,道路障礙1,道路障礙2,號誌1,號誌2,車道劃分-分向,車道劃分-分道1,車道劃分-分道2,車道劃分-分道3,事故類型及型態,性別,年齡,受傷程度,主要傷處,保護裝置,行動電話,車輛用途,當事者行動狀態,駕駛資格情形,駕駛執照種類,飲酒情形,車輛撞擊部位1,車輛撞擊部位2,肇因碼-個別,肇因碼-主要,個人肇逃否,職業,旅次目的,座標-X,座標-Y
112,3,20,13,21,2,10文山區,文山區木柵路1段與無名巷口口,0,0,1,1,B12,8,1,5,50,3,1,1,5,4,5,7,4,4,10,3,5,2,14,1,59,3,10,1,1,7,2,1,8,2,7,,12,,1,22,9,121.5464411,24.9867833
112,3,20,13,21,2,10文山區,文山區木柵路1段與無名巷口口,0,0,1,2,B03,8,1,5,50,3,1,1,5,4,5,7,4,4,10,3,5,2,14,1,30,2,4,1,1,7,9,1,8,2,5,,44,,1,22,9,121.5464411,24.9867833
112,3,20,13,30,2,10文山區,文山區木新路3段78號,0,0,1,2,C03,8,1,5,50,14,9,1,5,4,5,7,4,4,4,3,5,1,12,2,67,2,8,1,1,7,9,1,10,2,11,,44,,1,22,9,121.5634585,24.98233455
112,3,20,13,30,2,10文山區,文山區木新路3段78號,0,0,1,1,C03,8,1,5,50,14,9,1,5,4,5,7,4,4,4,3,5,1,12,1,22,3,10,1,4,7,1,3,18,2,14,,19,,1,22,9,121.5634585,24.98233455
112,3,20,14,15,2,09北投區,北投區泉源路(東昇路11號旁),0,0,1,1,C03,8,1,5,40,14,9,1,5,4,5,7,4,4,7,4,5,1,12,1,18,3,10,1,1,7,4,1,10,11,12,,23,,2,16,9,121.521818,25.1439543
112,3,20,14,15,2,09北投區,北投區泉源路(東昇路11號旁),0,0,1,2,C03,8,1,5,40,14,9,1,5,4,5,7,4,4,7,4,5,1,12,2,52,2,8,1,1,7,9,1,10,9,14,,44,,1,22,9,121.521818,25.1439543
112,3,20,14,30,2,02萬華區,萬華區貴陽街2段96巷與永福街口,0,0,1,1,C03,8,1,5,30,4,1,1,5,4,5,7,4,4,10,5,5,1,15,1,80,3,10,1,1,7,9,1,10,1,14,,6,,1,22,9,121.5030465,25.0387464
112,3,20,14,30,2,02萬華區,萬華區貴陽街2段96巷與永福街口,0,0,1,2,C03,8,1,5,30,4,1,1,5,4,5,7,4,4,10,5,5,1,15,1,46,2,8,1,1,7,9,1,10,1,11,,14,,1,22,9,121.5030465,25.0387464
112,3,20,14,50,2,03中山區,中山區新生北路1段與長安東路2段口,0,0,1,1,B03,7,1,5,50,3,1,1,5,4,5,7,1,1,1,5,5,2,16,1,39,3,10,3,4,7,6,1,8,1,5,,25,,1,22,9,121.5299927,25.04807872
112,3,20,14,50,2,03中山區,中山區新生北路1段與長安東路2段口,0,0,1,2,C03,7,1,5,50,3,1,1,5,4,5,7,1,1,1,5,5,2,16,1,43,2,9,3,4,7,9,6,10,1,14,,44,,1,22,9,121.5299927,25.04807872
112,3,20,15,0,2,09北投區,北投區榮華三路與榮華三路41巷口,0,0,1,2,C03,8,1,5,30,4,1,1,5,4,5,7,4,4,10,5,5,2,16,2,32,2,8,1,1,7,9,1,10,1,14,,6,,1,22,9,121.5206751,25.1140621
112,3,20,15,0,2,09北投區,北投區榮華三路與榮華三路41巷口,0,0,1,1,B03,8,1,5,30,4,1,1,5,4,5,7,4,4,10,5,5,2,16,1,51,3,10,1,1,7,9,1,8,1,5,,6,,1,22,9,121.5206751,25.1140621
112,3,20,15,30,2,03中山區,中山區樂群一路與敬業三路口,0,0,1,2,C03,8,1,5,50,3,1,1,5,4,5,7,1,1,1,4,5,2,12,2,70,2,9,1,1,7,5,1,10,1,13,,8,,1,22,9,121.5562602,25.0771958
112,3,20,15,30,2,03中山區,中山區樂群一路與敬業三路口,0,0,1,1,B03,8,1,5,50,3,1,1,5,4,5,7,1,1,1,4,5,2,12,1,66,3,10,1,1,7,9,1,8,1,5,,23,,1,22,9,121.5562602,25.0771958
112,3,20,15,55,2,01大同區,大同區延平北路3段17巷與民權西路225巷口,0,0,1,1,C03,8,1,5,30,3,1,1,5,4,5,7,4,4,10,4,5,2,17,1,18,3,10,1,1,7,8,1,10,1,13,,7,,1,22,9,121.512117,25.06387129
112,3,20,15,55,2,01大同區,大同區延平北路3段17巷與民權西路225巷口,0,0,1,2,C03,8,1,5,30,3,1,1,5,4,5,7,4,4,10,4,5,2,17,1,18,2,9,1,1,7,9,1,10,1,11,,23,,1,22,9,121.512117,25.06387129
112,3,20,15,59,2,01大同區,大同區承德路1段70號,0,0,1,2,C03,7,1,5,50,15,9,1,5,4,5,7,4,4,1,4,5,2,17,1,38,2,9,1,1,7,9,1,10,2,15,,44,,1,22,9,121.5173145,25.0521927
112,3,20,15,59,2,01大同區,大同區承德路1段70號,0,0,1,1,B12,7,1,5,50,15,9,1,5,4,5,7,4,4,1,4,5,2,17,1,60,3,10,1,1,7,7,1,8,2,15,,7,,1,22,9,121.5173145,25.0521927
112,3,20,16,0,2,11南港區,南港區研究院路2段12巷14弄與研究院路2段34巷口,0,0,2,1,B12,7,1,5,30,4,2,1,5,4,5,7,4,4,9,5,5,2,16,1,67,3,10,1,1,7,9,1,8,2,1,,6,,1,22,9,121.6147058,25.0469721
112,3,20,16,0,2,11南港區,南港區研究院路2段12巷14弄與研究院路2段34巷口,0,0,2,2,C03,7,1,5,30,4,2,1,5,4,5,7,4,4,9,5,5,2,16,1,34,2,3,1,1,7,9,1,10,2,12,,44,,1,22,9,121.6147058,25.0469721
112,3,20,16,0,2,11南港區,南港區研究院路2段12巷14弄與研究院路2段34巷口,0,0,2,3,H02,7,1,5,30,4,2,1,5,4,5,7,4,4,9,5,5,2,16,2,34,2,9,1,5,7,17,8,20,10,15,,67,,1,22,9,121.6147058,25.0469721
112,3,20,16,8,2,07信義區,信義區信義路5段與松仁路口,0,0,1,1,B02,7,1,5,50,4,2,1,5,4,5,7,2,1,1,4,1,1,16,1,54,3,10,3,4,7,6,1,8,1,5,,9,,1,22,9,121.5682756,25.0326504
112,3,20,16,8,2,07信義區,信義區信義路5段與松仁路口,0,0,1,2,F02,7,1,5,50,4,2,1,5,4,5,7,2,1,1,4,1,1,16,1,77,2,7,3,4,7,9,8,20,1,16,,26,,1,22,9,121.5682756,25.0326504
112,3,20,17,8,2,03中山區,中山區龍江路與錦州街口,0,0,1,1,B03,8,1,5,50,4,2,1,5,4,5,7,2,1,9,5,5,2,12,1,49,3,10,3,4,7,1,1,8,1,1,,23,,1,22,9,121.5408677,25.0605635
112,3,20,17,8,2,03中山區,中山區龍江路與錦州街口,0,0,1,2,C04,8,1,5,50,4,2,1,5,4,5,7,2,1,9,5,5,2,12,2,22,2,9,3,4,7,6,1,10,1,13,,44,,1,22,9,121.5408677,25.0605635
112,3,20,17,25,2,03中山區,中山區中山北路1段與華陰街口,0,0,1,1,B03,8,1,5,50,3,1,1,5,4,5,7,4,4,1,4,5,2,16,2,29,3,10,1,1,7,6,1,8,1,2,,9,,1,22,9,121.5210248,25.04894701
112,3,20,17,25,2,03中山區,中山區中山北路1段與華陰街口,0,0,1,2,C03,8,1,5,50,3,1,1,5,4,5,7,4,4,1,4,5,2,16,2,46,2,9,1,1,7,9,1,10,1,14,,23,,1,22,9,121.5210248,25.04894701
112,3,20,17,30,2,11南港區,南港區研究院路2段66號,0,0,1,1,C03,8,1,5,50,11,9,1,5,4,5,7,4,4,1,4,5,2,12,1,69,2,7,1,1,7,9,1,10,1,15,,23,,1,22,9,121.6150715,25.0460073
112,3,20,17,30,2,11南港區,南港區研究院路2段66號,0,0,1,2,B03,8,1,5,50,11,9,1,5,4,5,7,4,4,1,4,5,2,12,2,39,3,10,3,1,7,13,1,8,1,4,,40,,1,22,9,121.6150715,25.0460073
112,3,20,17,55,2,01大同區,大同區環河北路2段與敦煌路口,0,0,1,1,B02,8,2,5,50,4,1,1,5,4,5,7,1,1,1,4,5,2,16,1,34,3,10,1,1,7,6,1,8,2,2,,9,,1,22,9,121.5088912,25.07609323
112,3,20,17,55,2,01大同區,大同區環河北路2段與敦煌路口,0,0,1,2,C03,8,2,5,50,4,1,1,5,4,5,7,1,1,1,4,5,2,16,1,36,2,9,1,1,7,9,1,10,2,14,,26,,1,22,9,121.5088912,25.07609323
112,3,20,18,24,2,06松山區,松山區松河街28號,0,0,1,1,C03,8,3,5,40,14,9,1,5,4,5,7,4,4,9,4,5,2,16,1,18,3,10,1,4,7,11,1,10,1,13,,10,,1,22,9,121.5728969,25.05076953
112,3,20,18,24,2,06松山區,松山區松河街28號,0,0,1,2,C03,8,3,5,40,14,9,1,5,4,5,7,4,4,9,4,5,2,16,1,23,2,9,1,4,7,9,1,10,1,11,,44,,1,22,9,121.5728969,25.05076953
112,3,20,18,39,2,12內湖區,內湖區舊宗路1段88號,0,0,1,2,C03,7,3,5,50,14,8,1,5,4,5,6,4,4,1,4,5,1,12,2,29,2,9,1,1,7,4,1,10,1,13,,17,,1,22,9,121.5796162,25.05959785
112,3,20,18,39,2,12內湖區,內湖區舊宗路1段88號,0,0,1,1,B03,7,3,5,50,14,8,1,5,4,5,6,4,4,1,4,5,1,12,1,23,3,10,1,1,7,9,1,8,1,5,,23,,1,22,9,121.5796162,25.05959785
112,3,20,18,54,2,07信義區,信義區松仁路與信義路5段150巷14弄口,0,0,2,1,C03,8,3,5,50,4,1,1,5,4,5,7,1,1,5,4,5,2,3,1,27,2,9,1,1,7,9,1,10,2,11,,14,,1,22,9,121.5683557,25.0286187
112,3,20,18,54,2,07信義區,信義區松仁路與信義路5段150巷14弄口,0,0,2,2,H01,8,3,5,50,4,1,1,5,4,5,7,1,1,5,4,5,2,3,2,14,2,9,4,5,8,18,8,20,10,16,,52,,1,22,9,121.5683557,25.0286187
112,3,20,18,54,2,07信義區,信義區松仁路與信義路5段150巷14弄口,0,0,2,3,A02,8,3,5,50,4,1,1,5,4,5,7,1,1,5,4,5,2,3,1,42,3,10,1,1,7,14,1,2,2,3,,44,,1,22,9,121.5683557,25.0286187
112,3,20,19,7,2,03中山區,中山區林森北路與市民大道2段口,0,0,2,1,H01,8,3,5,0,4,2,1,5,4,5,7,2,1,5,4,5,2,3,1,58,2,9,4,5,8,18,8,20,10,16,,52,,1,22,9,121.5243447,25.047963
112,3,20,19,7,2,03中山區,中山區林森北路與市民大道2段口,0,0,2,2,C03,8,3,5,0,4,2,1,5,4,5,7,2,1,5,4,5,2,3,1,24,2,9,1,1,7,9,1,10,1,14,,15,,1,22,9,121.5243447,25.047963
112,3,20,19,10,2,09北投區,北投區光明路213號車道口,0,0,2,2,C03,8,3,5,50,14,9,1,5,4,5,7,4,4,9,4,5,2,14,2,45,2,9,1,1,7,9,1,10,1,11,,23,,1,22,9,121.5038134,25.1362436
112,3,20,19,10,2,09北投區,北投區光明路213號車道口,0,0,2,1,C03,8,3,5,50,14,9,1,5,4,5,7,4,4,9,4,5,2,14,1,21,2,9,1,1,7,2,1,10,1,13,,12,,1,22,9,121.5038134,25.1362436
112,3,20,19,15,2,05中正區,中正區北平東路30號,0,0,1,1,B03,7,3,5,50,3,2,1,5,4,5,7,1,1,10,5,5,2,13,2,55,3,10,1,1,7,1,1,8,2,1,,23,,1,22,9,121.5249345,25.0465553
112,3,20,19,15,2,05中正區,中正區北平東路30號,0,0,1,2,C03,7,3,5,50,3,2,1,5,4,5,7,1,1,10,5,5,2,13,1,80,2,8,1,1,7,1,1,10,2,13,,44,,1,22,9,121.5249345,25.0465553
112,3,20,19,28,2,04大安區,大安區大安路1段130號,0,0,1,2,C03,8,1,5,50,14,9,1,5,4,5,7,4,4,10,4,5,2,16,2,43,2,8,1,1,7,9,1,10,1,12,,44,,1,22,9,121.5460445,25.0392555
112,3,20,19,28,2,04大安區,大安區大安路1段130號,0,0,1,1,B03,8,1,5,50,14,9,1,5,4,5,7,4,4,10,4,5,2,16,1,44,3,10,1,1,7,7,1,8,1,4,,7,,1,22,9,121.5460445,25.0392555
112,3,20,19,36,2,12內湖區,內湖區金龍路與內湖路2段口,0,0,1,1,C03,8,3,5,50,3,2,1,5,4,5,7,2,1,5,4,4,2,6,1,19,3,10,1,1,7,5,1,10,2,11,,43,,1,22,9,121.5936912,25.08475764
112,3,20,19,36,2,12內湖區,內湖區金龍路與內湖路2段口,0,0,1,2,H01,8,3,5,50,3,2,1,5,4,5,7,2,1,5,4,4,2,6,1,24,2,3,4,5,8,18,8,20,10,16,,67,,1,22,9,121.5936912,25.08475764
112,3,20,19,41,2,03中山區,中山區市民大道3段1號與新生北路1段62巷口,0,0,1,1,B01,7,3,5,40,4,1,1,5,4,5,7,1,1,1,3,5,1,16,1,54,3,10,3,4,7,6,1,8,2,5,,9,,1,22,9,121.5309102,25.0461271
112,3,20,19,41,2,03中山區,中山區市民大道3段1號與新生北路1段62巷口,0,0,1,2,C03,7,3,5,40,4,1,1,5,4,5,7,1,1,1,3,5,1,16,2,49,2,9,1,4,7,9,1,10,1,14,,13,,1,22,9,121.5309102,25.0461271
112,3,20,19,43,2,02萬華區,萬華區桂林路水門口,0,0,1,2,C03,8,3,8,40,15,22,1,5,4,5,7,1,1,10,5,5,2,17,1,36,3,10,1,4,7,5,1,10,1,13,,44,,1,22,9,121.495699,25.0387266
112,3,20,19,43,2,02萬華區,萬華區桂林路水門口,0,0,1,1,C03,8,3,8,40,15,22,1,5,4,5,7,1,1,10,5,5,2,17,1,24,2,9,1,4,7,5,1,10,1,11,,42,,1,22,9,121.495699,25.0387266
112,3,20,19,48,2,08士林區,士林區承德路5段與通河東街2段口,0,0,1,2,B03,8,4,5,50,4,1,1,5,4,5,7,2,3,1,4,5,2,16,1,25,3,10,3,4,7,9,1,8,1,2,,13,,1,22,9,121.5139539,25.0959006
112,3,20,19,48,2,08士林區,士林區承德路5段與通河東街2段口,0,0,1,1,C03,8,4,5,50,4,1,1,5,4,5,7,2,3,1,4,5,2,16,1,56,2,7,3,4,7,7,1,10,1,14,,7,,1,22,9,121.5139539,25.0959006
112,3,20,20,58,2,03中山區,中山區民生東路1段25號,0,0,1,2,C03,8,3,5,50,14,9,1,5,4,5,7,2,1,5,4,5,2,12,1,41,2,9,1,1,7,9,1,10,2,12,,44,,1,22,9,121.5241761,25.0581051
112,3,20,20,58,2,03中山區,中山區民生東路1段25號,0,0,1,1,B01,8,3,5,50,14,9,1,5,4,5,7,2,1,5,4,5,2,12,1,57,3,10,3,4,7,11,1,4,2,4,,10,,1,22,9,121.5241761,25.0581051
112,3,20,21,8,2,09北投區,北投區大度路3段與立德路口,0,0,2,3,E01,7,3,5,50,3,1,1,5,4,5,7,1,1,1,4,1,1,13,1,24,3,10,1,1,7,5,1,8,2,5,,44,,1,22,9,121.471641,25.1229643
112,3,20,21,8,2,09北投區,北投區大度路3段與立德路口,0,0,2,1,C03,7,3,5,50,3,1,1,5,4,5,7,1,1,1,4,1,1,13,2,39,2,9,1,1,7,9,1,10,2,11,,23,,1,22,9,121.471641,25.1229643
112,3,20,21,8,2,09北投區,北投區大度路3段與立德路口,0,0,2,2,C03,7,3,5,50,3,1,1,5,4,5,7,1,1,1,4,1,1,13,2,21,2,9,1,1,7,9,1,10,2,13,,44,,1,22,9,121.471641,25.1229643
112,3,20,21,41,2,08士林區,士林區仰德大道3段與新安街口,0,0,2,1,C03,8,3,5,40,3,2,1,5,4,5,7,2,1,5,5,5,2,16,1,32,2,9,1,1,7,1,1,10,1,11,,19,,1,22,9,121.5528381,25.11892191
112,3,20,21,41,2,08士林區,士林區仰德大道3段與新安街口,0,0,2,2,C03,8,3,5,40,3,2,1,5,4,5,7,2,1,5,5,5,2,16,1,19,2,9,1,1,7,9,1,10,1,11,,13,,1,22,9,121.5528381,25.11892191
112,3,20,21,45,2,04大安區,大安區忠孝東路4段與忠孝東路4段147巷口,0,0,1,1,C03,8,3,5,30,3,2,1,5,4,5,7,4,4,1,4,5,2,16,1,67,2,9,1,1,7,7,1,10,1,14,,7,,1,22,9,121.5495198,25.0416002
112,3,20,21,45,2,04大安區,大安區忠孝東路4段與忠孝東路4段147巷口,0,0,1,2,B01,8,3,5,30,3,2,1,5,4,5,7,4,4,1,4,5,2,16,1,46,3,10,1,1,7,9,1,1,1,2,,14,,1,22,9,121.5495198,25.0416002
112,3,20,22,22,2,07信義區,信義區忠孝東路4段(仁愛路四段505號後方),0,0,2,3,H02,8,3,5,50,14,9,1,5,4,5,7,4,4,1,4,5,2,17,1,27,2,9,1,5,7,17,8,20,10,16,,67,,1,22,9,121.5599209,25.041175
112,3,20,22,22,2,07信義區,信義區忠孝東路4段(仁愛路四段505號後方),0,0,2,2,C03,8,3,5,50,14,9,1,5,4,5,7,4,4,1,4,5,2,17,1,39,3,10,1,1,7,14,1,10,1,15,,38,,1,22,9,121.5599209,25.041175
112,3,20,22,22,2,07信義區,信義區忠孝東路4段(仁愛路四段505號後方),0,0,2,1,C03,8,3,5,50,14,9,1,5,4,5,7,4,4,1,4,5,2,17,1,28,2,9,1,1,7,9,1,10,1,12,,42,,1,22,9,121.5599209,25.041175
112,3,21,0,18,2,12內湖區,內湖區大湖山莊街與大湖山莊街176巷口,0,0,1,2,C03,7,3,5,30,4,2,1,5,4,4,3,3,1,5,4,5,1,17,1,19,2,9,1,1,7,9,1,10,1,14,,14,,1,22,9,121.599352,25.0880888
112,3,21,0,18,2,12內湖區,內湖區大湖山莊街與大湖山莊街176巷口,0,0,1,1,B03,7,3,5,30,4,2,1,5,4,4,3,3,1,5,4,5,1,17,1,33,4,11,3,4,7,15,7,19,11,15,,6,,2,22,9,121.599352,25.0880888
112,3,21,1,36,2,01大同區,大同區環河北路1段與涼州街口,0,0,1,2,C03,8,3,5,50,3,2,1,5,4,5,7,4,4,1,4,5,2,16,1,23,2,9,1,1,7,9,1,10,2,11,,23,,1,22,9,121.5085371,25.06043165
112,3,21,1,36,2,01大同區,大同區環河北路1段與涼州街口,0,0,1,1,B03,8,3,5,50,3,2,1,5,4,5,7,4,4,1,4,5,2,16,1,52,3,10,1,1,7,6,1,8,2,6,,9,,1,22,9,121.5085371,25.06043165
112,3,21,2,35,2,03中山區,中山區林森北路與南京東路1段口,0,0,2,2,B02,8,3,5,50,4,1,1,5,4,5,7,1,1,1,4,5,2,16,1,30,2,8,1,1,7,9,1,8,2,1,,13,,1,22,9,121.5254466,25.0521003
112,3,21,2,35,2,03中山區,中山區林森北路與南京東路1段口,0,0,2,1,B02,8,3,5,50,4,1,1,5,4,5,7,1,1,1,4,5,2,16,2,23,3,10,1,1,7,5,1,8,2,5,,8,,1,22,9,121.5254466,25.0521003
112,3,21,2,35,2,03中山區,中山區林森北路與南京東路1段口,0,0,2,3,H02,8,3,5,50,4,1,1,5,4,5,7,1,1,1,4,5,2,16,2,22,2,7,1,5,7,20,8,20,10,16,,67,,1,22,9,121.5254466,25.0521003
112,3,21,5,45,2,03中山區,中山區民族東路12號,0,0,2,1,H01,8,3,5,40,14,8,1,5,4,5,7,4,4,3,4,4,2,5,1,52,2,5,4,5,8,20,8,20,10,16,,60,,1,22,9,121.5238141,25.0683539
112,3,21,5,45,2,03中山區,中山區民族東路12號,0,0,2,2,C03,8,3,5,40,14,8,1,5,4,5,7,4,4,3,4,4,2,5,1,64,2,9,1,1,7,9,1,10,1,11,,23,,1,22,9,121.5238141,25.0683539
112,3,21,6,45,2,07信義區,信義區莊敬路325巷6號,0,0,1,2,F01,8,1,8,30,15,22,1,5,4,5,7,4,4,5,4,5,2,17,2,60,2,9,2,1,7,9,8,20,2,16,,44,,1,22,9,121.5639285,25.0282848
112,3,21,6,45,2,07信義區,信義區莊敬路325巷6號,0,0,1,1,B03,8,1,8,30,15,22,1,5,4,5,7,4,4,5,4,5,2,17,1,80,3,10,1,1,7,8,1,8,2,2,,7,,1,22,9,121.5639285,25.0282848
112,3,21,7,26,2,08士林區,士林區忠誠路2段40巷14弄與德行東路109巷102弄口,0,0,1,1,C03,8,1,5,30,4,1,1,5,4,5,7,4,4,9,5,5,1,15,2,41,2,9,1,1,7,9,1,10,2,14,,6,,1,22,9,121.5296227,25.11080547
112,3,21,7,26,2,08士林區,士林區忠誠路2段40巷14弄與德行東路109巷102弄口,0,0,1,2,B12,8,1,5,30,4,1,1,5,4,5,7,4,4,9,5,5,1,15,2,47,3,10,1,1,7,9,1,8,2,5,,23,,1,22,9,121.5296227,25.11080547
112,3,21,7,36,2,04大安區,大安區基隆路4段往南(台大公館平面停車場前),0,0,1,2,C03,8,1,5,50,14,9,1,5,4,5,7,4,4,8,3,5,2,13,1,18,2,9,1,1,7,9,1,10,1,11,,16,,1,22,9,121.5383949,25.0122246
112,3,21,7,36,2,04大安區,大安區基隆路4段往南(台大公館平面停車場前),0,0,1,1,B03,8,1,5,50,14,9,1,5,4,5,7,4,4,8,3,5,2,13,1,31,3,10,1,1,7,15,1,8,1,7,,42,,1,22,9,121.5383949,25.0122246
112,3,21,7,51,2,09北投區,北投區光明路168號,0,1,0,2,C04,7,1,5,50,11,9,1,5,4,5,7,4,4,5,5,5,2,16,2,77,5,1,1,1,7,9,3,18,2,14,,44,,1,22,9,121.5028245,25.13536508
112,3,21,7,51,2,09北投區,北投區光明路168號,0,1,0,1,A02,7,1,5,50,11,9,1,5,4,5,7,4,4,5,5,5,2,16,1,47,3,10,1,1,7,9,1,2,2,2,,23,,1,22,9,121.5028245,25.13536508
112,3,21,7,53,2,09北投區,北投區石牌路1段166巷69弄與西安街1段313巷16弄口口,0,0,2,1,C03,8,1,5,30,4,1,1,5,4,4,6,4,4,10,5,5,2,15,1,24,2,8,1,1,7,9,1,10,1,11,,6,,1,22,9,121.5151241,25.11313755
112,3,21,7,53,2,09北投區,北投區石牌路1段166巷69弄與西安街1段313巷16弄口口,0,0,2,2,C03,8,1,5,30,4,1,1,5,4,4,6,4,4,10,5,5,2,15,1,59,2,9,1,1,7,9,1,10,1,14,,14,,1,22,9,121.5151241,25.11313755
112,3,21,8,1,2,07信義區,信義區福德街251巷與福德街口,0,0,1,2,C03,8,1,5,30,4,1,1,5,4,5,7,1,1,10,5,5,1,11,1,65,2,9,1,1,7,9,1,10,2,14,,44,,1,22,9,121.5886724,25.0349204
112,3,21,8,1,2,07信義區,信義區福德街251巷與福德街口,0,0,1,1,B01,8,1,5,30,4,1,1,5,4,5,7,1,1,10,5,5,1,11,1,66,3,10,1,1,7,5,1,8,2,1,,8,,1,22,9,121.5886724,25.0349204
112,3,21,8,10,2,04大安區,大安區建國南路2段與建國南路2段69巷口,0,0,1,1,B03,8,1,5,30,3,1,1,5,4,5,7,4,4,1,4,5,2,16,2,35,3,10,1,1,7,6,1,4,1,4,,6,,1,22,9,121.5380108,25.0312452
112,3,21,8,10,2,04大安區,大安區建國南路2段與建國南路2段69巷口,0,0,1,2,C03,8,1,5,30,3,1,1,5,4,5,7,4,4,1,4,5,2,16,1,44,2,9,1,1,7,9,1,10,1,11,,13,,1,22,9,121.5380108,25.0312452
112,3,21,8,14,2,09北投區,北投區行義路130巷與行義路口,0,0,1,1,B03,8,1,5,40,14,9,1,5,4,5,7,1,1,9,4,5,2,16,1,74,3,10,1,1,7,1,1,8,1,5,,19,,1,22,9,121.5284855,25.12882694
112,3,21,8,14,2,09北投區,北投區行義路130巷與行義路口,0,0,1,2,C03,8,1,5,40,14,9,1,5,4,5,7,1,1,9,4,5,2,16,1,69,2,8,1,1,7,10,1,10,1,14,,17,,1,22,9,121.5284855,25.12882694
112,3,21,8,30,2,03中山區,中山區新生北路3段與民族東路口,0,0,1,1,C03,8,1,5,50,4,2,1,5,4,5,7,1,1,5,4,5,1,17,2,25,2,7,1,1,7,8,1,10,1,12,,7,,1,22,9,121.5274961,25.06836482
112,3,21,8,30,2,03中山區,中山區新生北路3段與民族東路口,0,0,1,3,A12,8,1,5,50,4,2,1,5,4,5,7,1,1,5,4,5,1,17,1,54,3,10,1,1,7,14,1,8,1,3,,44,,1,22,9,121.5274961,25.06836482
112,3,21,8,30,2,03中山區,中山區新生北路3段與民族東路口,0,0,1,2,B02,8,1,5,50,4,2,1,5,4,5,7,1,1,5,4,5,1,17,1,33,3,10,1,1,7,9,1,8,1,4,,44,,1,22,9,121.5274961,25.06836482
112,3,21,8,35,2,06松山區,松山區健康路131號與健康路口,0,0,1,1,B12,8,1,5,50,3,1,1,5,4,5,7,1,1,9,4,4,1,16,1,73,3,10,1,4,7,5,1,8,1,5,,8,,1,22,9,121.5577033,25.05378261
112,3,21,8,35,2,06松山區,松山區健康路131號與健康路口,0,0,1,2,C03,8,1,5,50,3,1,1,5,4,5,7,1,1,9,4,4,1,16,2,25,2,9,1,1,7,9,1,10,1,11,,44,,1,22,9,121.5577033,25.05378261
112,3,21,8,43,2,07信義區,信義區崇德街10號,0,0,1,2,C03,8,1,5,30,15,9,1,5,4,5,7,4,4,7,4,5,2,17,2,22,2,9,1,1,7,9,1,10,1,14,,23,,1,22,9,121.5534675,25.0243593
112,3,21,8,43,2,07信義區,信義區崇德街10號,0,0,1,1,B03,8,1,5,30,15,9,1,5,4,5,7,4,4,7,4,5,2,17,1,30,3,10,1,1,7,1,1,8,1,15,,19,,1,22,9,121.5534675,25.0243593
112,3,21,8,45,2,06松山區,松山區民權東路3段116號,0,0,1,1,C03,8,1,5,50,14,9,1,5,4,5,7,4,4,9,4,5,1,12,1,46,3,10,1,1,7,9,3,18,1,12,,17,,1,22,9,121.5454731,25.06193721
112,3,21,8,45,2,06松山區,松山區民權東路3段116號,0,0,1,2,C03,8,1,5,50,14,9,1,5,4,5,7,4,4,9,4,5,1,12,2,46,2,8,1,1,7,9,1,10,1,14,,44,,1,22,9,121.5454731,25.06193721
112,3,21,8,46,2,03中山區,中山區建國北路2段19巷11號,0,0,1,1,B03,8,1,5,30,14,9,1,5,4,5,7,4,4,10,5,5,2,16,1,39,3,10,1,1,7,1,1,8,1,8,,19,,1,22,9,121.5374016,25.0542991
112,3,21,8,46,2,03中山區,中山區建國北路2段19巷11號,0,0,1,2,C03,8,1,5,30,14,9,1,5,4,5,7,4,4,10,5,5,2,16,1,55,2,9,1,1,7,9,1,10,1,11,,44,,1,22,9,121.5374016,25.0542991
112,3,21,8,46,2,03中山區,中山區建國北路2段19巷11號,0,0,1,3,B03,8,1,5,30,14,9,1,5,4,5,7,4,4,10,5,5,2,16,1,34,3,10,1,1,7,13,1,8,11,15,,42,,1,22,9,121.5374016,25.0542991
112,3,21,9,8,2,10文山區,文山區興隆路4段與下崙路口,0,0,2,3,H02,8,1,5,50,14,9,1,5,4,1,7,1,1,1,3,5,2,2,1,24,2,7,1,1,7,20,8,20,10,16,,67,,1,22,9,121.5609425,24.9865779
112,3,21,9,8,2,10文山區,文山區興隆路4段與下崙路口,0,0,2,1,C03,8,1,5,50,14,9,1,5,4,1,7,1,1,1,3,5,2,2,1,35,2,9,1,1,7,8,1,10,11,11,,23,,1,22,9,121.5609425,24.9865779
112,3,21,9,8,2,10文山區,文山區興隆路4段與下崙路口,0,0,2,2,H01,8,1,5,50,14,9,1,5,4,1,7,1,1,1,3,5,2,2,1,70,3,10,4,1,8,20,8,20,11,16,,51,,1,22,9,121.5609425,24.9865779
112,3,21,9,9,2,06松山區,松山區民權東路3段與民權東路3段160巷口,0,0,1,2,C03,8,1,5,50,4,2,1,5,4,5,7,2,1,1,3,5,2,13,2,43,2,8,1,1,7,12,1,10,1,13,,44,,1,22,9,121.5479171,25.06196174
112,3,21,9,9,2,06松山區,松山區民權東路3段與民權東路3段160巷口,0,0,1,1,B12,8,1,5,50,4,2,1,5,4,5,7,2,1,1,3,5,2,13,2,36,3,10,1,1,7,9,1,8,1,1,,23,,1,22,9,121.5479171,25.06196174