發生年度,發生月,發生日,發生時-Hours,發生分,處理別-編號,區序,肇事地點,死亡人數,2-30日死亡人數,受傷人數,當事人序號,車種,天候,光線,道路類別,速限-速度限制,道路型態,事故位置,路面狀況1,路面狀況2,路面狀況3,道路障礙1,道路障礙2,號誌1,號誌2,車道劃分-分向,車道劃分-分道1,車道劃分-分道2,車道劃分-分道3,事故類型及型態,性別,年齡,受傷程度,主要傷處,保護裝置,行動電話,車輛用途,當事者行動狀態,駕駛資格情形,駕駛執照種類,飲酒情形,車輛撞擊部位1,車輛撞擊部位2,肇因碼-個別,肇因碼-主要,個人肇逃否,職業,旅次目的,座標-X,座標-Y
112,3,23,7,49,2,11南港區,南港區南港路3段與南港路3段16巷口,0,0,1,1,C04,8,1,5,50,3,2,1,5,4,5,7,4,4,5,4,5,2,16,1,33,3,10,1,1,7,5,1,10,2,15,,6,,1,22,9,121.5927164,25.0543328
112,3,23,7,49,2,11南港區,南港區南港路3段與南港路3段16巷口,0,0,1,2,C03,8,1,5,50,3,2,1,5,4,5,7,4,4,5,4,5,2,16,1,28,2,9,1,1,7,9,1,10,2,14,,14,,1,22,9,121.5927164,25.0543328
112,3,23,7,49,2,11南港區,南港區南港路3段與南港路3段16巷口,0,0,1,3,B01,8,1,5,50,3,2,1,5,4,5,7,4,4,5,4,5,2,16,1,63,3,10,1,1,7,9,1,4,2,8,,44,,1,22,9,121.5927164,25.0543328
112,3,23,7,49,2,11南港區,南港區南港路3段與南港路3段16巷口,0,0,1,4,C03,8,1,5,50,3,2,1,5,4,5,7,4,4,5,4,5,2,16,1,54,3,10,1,1,7,9,1,10,2,14,,23,,1,22,9,121.5927164,25.0543328
112,3,23,7,49,2,11南港區,南港區南港路3段與南港路3段16巷口,0,0,1,5,B12,8,1,5,50,3,2,1,5,4,5,7,4,4,5,4,5,2,16,1,61,3,10,1,1,7,14,1,8,2,4,,38,,1,22,9,121.5927164,25.0543328
112,3,23,7,53,2,06松山區,松山區三民路126號,0,0,1,2,C03,8,1,5,50,14,8,1,5,4,5,7,2,1,1,4,5,2,12,1,22,2,9,1,1,7,7,1,10,1,13,,7,,1,22,9,121.56348,25.05961689
112,3,23,7,53,2,06松山區,松山區三民路126號,0,0,1,1,B03,8,1,5,50,14,8,1,5,4,5,7,2,1,1,4,5,2,12,2,52,3,10,1,1,7,9,1,8,1,5,,23,,1,22,9,121.56348,25.05961689
112,3,23,8,4,2,04大安區,大安區和平東路3段602號,0,0,1,2,C03,8,1,5,50,15,9,1,5,4,5,7,4,4,8,3,5,2,17,1,52,2,9,1,1,7,9,1,11,1,11,,44,,1,22,9,121.5626932,25.0136123
112,3,23,8,4,2,04大安區,大安區和平東路3段602號,0,0,1,1,B12,8,1,5,50,15,9,1,5,4,5,7,4,4,8,3,5,2,17,1,67,3,10,1,1,7,6,1,8,1,15,,9,,1,22,9,121.5626932,25.0136123
112,3,23,8,6,2,09北投區,北投區福國路與承信路口,0,0,1,2,C03,8,1,5,50,3,1,1,5,4,5,7,3,1,5,4,5,1,16,2,38,2,9,1,1,7,9,1,10,1,11,,44,,1,22,9,121.5131491,25.1017216
112,3,23,8,6,2,09北投區,北投區福國路與承信路口,0,0,1,1,,8,1,5,50,3,1,1,5,4,5,7,3,1,5,4,5,1,16,4,0,4,11,3,4,7,15,7,19,11,15,,43,,2,22,9,121.5131491,25.1017216
112,3,23,8,8,2,05中正區,中正區重慶南路3段與和平西路2段口,0,0,1,3,B03,8,1,5,50,5,2,1,5,4,5,7,1,1,1,4,4,2,17,1,61,3,10,3,4,7,14,1,8,1,2,,44,,1,22,9,121.51501,25.0272054
112,3,23,8,8,2,05中正區,中正區重慶南路3段與和平西路2段口,0,0,1,1,C03,8,1,5,50,5,2,1,5,4,5,7,1,1,1,4,4,2,17,1,26,2,8,3,4,7,12,1,9,1,13,,43,,1,22,9,121.51501,25.0272054
112,3,23,8,8,2,05中正區,中正區重慶南路3段與和平西路2段口,0,0,1,2,C03,8,1,5,50,5,2,1,5,4,5,7,1,1,1,4,4,2,17,1,46,3,10,3,4,7,7,1,10,1,11,,7,,1,22,9,121.51501,25.0272054
112,3,23,8,12,2,04大安區,大安區基隆路2段與敦化南路2段口,0,0,1,2,C03,8,1,5,50,14,9,1,5,4,5,7,4,4,1,5,5,2,17,1,35,3,10,1,1,7,7,4,8,2,15,,7,,1,22,9,121.549413,25.0216675
112,3,23,8,12,2,04大安區,大安區基隆路2段與敦化南路2段口,0,0,1,1,C03,8,1,5,50,14,9,1,5,4,5,7,4,4,1,5,5,2,17,1,55,2,1,1,1,7,9,1,10,2,15,,23,,1,22,9,121.549413,25.0216675
112,3,23,8,13,2,01大同區,大同區長安西路與長安西路52巷口,0,0,1,1,B12,8,1,5,50,4,2,1,5,4,5,7,2,1,5,4,5,2,12,2,43,3,10,3,4,7,6,1,8,1,2,,9,,1,22,9,121.5201539,25.0501295
112,3,23,8,13,2,01大同區,大同區長安西路與長安西路52巷口,0,0,1,2,C03,8,1,5,50,4,2,1,5,4,5,7,2,1,5,4,5,2,12,1,36,2,7,1,4,7,9,1,10,1,11,,23,,1,22,9,121.5201539,25.0501295
112,3,23,8,14,2,08士林區,士林區美崙街21號前,0,0,1,1,C03,8,1,5,50,14,9,1,5,4,5,7,4,4,10,4,5,1,17,1,47,3,10,1,1,7,1,1,10,1,15,,19,,1,22,9,121.5232482,25.09718631
112,3,23,8,14,2,08士林區,士林區美崙街21號前,0,0,1,2,C03,8,1,5,50,14,9,1,5,4,5,7,4,4,10,4,5,1,17,2,25,2,9,1,1,7,9,1,10,1,14,,44,,1,22,9,121.5232482,25.09718631
112,3,23,8,30,2,05中正區,中正區羅斯福路4段與基隆路4段口,0,0,1,1,C03,8,1,5,50,5,1,1,5,4,5,7,2,1,1,4,5,2,12,2,27,2,8,1,1,7,9,1,10,1,11,,23,,1,22,9,121.5368591,25.01139
112,3,23,8,30,2,05中正區,中正區羅斯福路4段與基隆路4段口,0,0,1,2,C03,8,1,5,50,5,1,1,5,4,5,7,2,1,1,4,5,2,12,1,22,3,10,1,1,7,6,1,10,1,13,,9,,1,22,9,121.5368591,25.01139
112,3,23,8,35,2,05中正區,中正區重慶南路1段30號與開封街1段口,0,0,1,2,C03,8,1,5,50,14,9,1,5,4,5,7,4,4,10,4,5,2,16,2,64,2,9,1,1,7,9,1,10,2,12,,44,,1,22,9,121.5127875,25.045994
112,3,23,8,35,2,05中正區,中正區重慶南路1段30號與開封街1段口,0,0,1,1,C03,8,1,5,50,14,9,1,5,4,5,7,4,4,10,4,5,2,16,1,27,3,10,1,1,7,5,1,10,2,14,,8,,1,22,9,121.5127875,25.045994
112,3,23,8,37,2,12內湖區,內湖區金莊路(台灣聯通停車場出入口),0,0,1,2,C03,8,1,5,50,14,9,1,5,4,5,7,4,4,5,5,5,2,16,2,23,2,9,1,1,7,9,1,10,2,14,,23,,1,22,9,121.5876673,25.06505109
112,3,23,8,37,2,12內湖區,內湖區金莊路(台灣聯通停車場出入口),0,0,1,1,B03,8,1,5,50,14,9,1,5,4,5,7,4,4,5,5,5,2,16,1,45,3,10,1,1,7,6,1,8,2,5,,9,,1,22,9,121.5876673,25.06505109
112,3,23,8,40,2,06松山區,松山區民權大橋西往東松山端,0,0,2,2,C03,8,1,5,40,8,8,1,5,4,5,7,4,4,1,2,4,1,13,1,31,2,9,1,1,7,9,1,10,2,11,,44,,1,22,9,121.5680562,25.06352133
112,3,23,8,40,2,06松山區,松山區民權大橋西往東松山端,0,0,2,3,C03,8,1,5,40,8,8,1,5,4,5,7,4,4,1,2,4,1,13,2,41,2,9,1,1,7,9,1,10,2,11,,44,,1,22,9,121.5680562,25.06352133
112,3,23,8,40,2,06松山區,松山區民權大橋西往東松山端,0,0,2,1,C03,8,1,5,40,8,8,1,5,4,5,7,4,4,1,2,4,1,13,2,25,3,10,1,1,7,9,1,10,2,11,,16,,1,22,9,121.5680562,25.06352133
112,3,23,8,43,2,02萬華區,萬華區西園路1段與和平西路3段口,0,0,3,1,C03,8,1,5,50,5,1,1,5,4,5,7,2,1,1,4,5,2,17,2,57,2,9,1,1,7,9,1,10,1,14,,26,,1,22,9,121.4993725,25.03515579
112,3,23,8,43,2,02萬華區,萬華區西園路1段與和平西路3段口,0,0,3,2,C03,8,1,5,50,5,1,1,5,4,5,7,2,1,1,4,5,2,17,2,45,2,5,1,1,7,6,1,10,1,12,,44,,1,22,9,121.4993725,25.03515579
112,3,23,8,43,2,02萬華區,萬華區西園路1段與和平西路3段口,0,0,3,3,H02,8,1,5,50,5,1,1,5,4,5,7,2,1,1,4,5,2,17,2,26,2,9,1,5,7,20,8,20,10,16,,67,,1,22,9,121.4993725,25.03515579
112,3,23,8,44,2,08士林區,士林區文昌路與美崙街口,0,0,2,2,C03,8,1,5,50,4,2,1,5,4,5,7,1,1,5,5,5,2,17,1,21,2,9,1,1,7,9,1,10,1,12,,44,,1,22,9,121.5208573,25.096815
112,3,23,8,44,2,08士林區,士林區文昌路與美崙街口,0,0,2,1,C03,8,1,5,50,4,2,1,5,4,5,7,1,1,5,5,5,2,17,2,46,2,9,1,1,7,15,1,10,1,14,,26,,1,22,9,121.5208573,25.096815
112,3,23,8,54,2,05中正區,中正區杭州南路1段與丹陽街口,0,0,1,1,B01,8,1,5,50,3,2,1,5,4,5,7,4,4,10,4,5,2,17,1,61,3,10,1,1,7,5,1,4,1,8,,23,,1,22,9,121.5253099,25.0390425
112,3,23,8,54,2,05中正區,中正區杭州南路1段與丹陽街口,0,0,1,2,C03,8,1,5,50,3,2,1,5,4,5,7,4,4,10,4,5,2,17,2,29,2,9,1,1,7,14,1,10,1,11,,44,,1,22,9,121.5253099,25.0390425
112,3,23,8,54,2,10文山區,文山區木柵路1段與辛亥路7段口,0,0,1,2,B03,8,1,5,50,14,9,2,5,4,5,7,1,1,5,4,5,2,17,1,59,3,10,3,4,7,9,1,8,1,5,,44,,1,22,9,121.5523154,24.98778507
112,3,23,8,54,2,10文山區,文山區木柵路1段與辛亥路7段口,0,0,1,1,C03,8,1,5,50,14,9,2,5,4,5,7,1,1,5,4,5,2,17,2,24,2,9,3,4,7,7,1,10,1,14,,7,,1,22,9,121.5523154,24.98778507
112,3,23,9,4,2,12內湖區,內湖區成功路5段與康湖路口口,0,0,2,1,C03,8,1,5,50,14,9,1,5,4,5,7,2,1,5,2,5,2,12,1,23,2,8,1,1,7,11,1,9,2,14,,10,,1,22,9,121.6066854,25.08197964
112,3,23,9,4,2,12內湖區,內湖區成功路5段與康湖路口口,0,0,2,2,C03,8,1,5,50,14,9,1,5,4,5,7,2,1,5,2,5,2,12,2,58,2,9,1,1,7,5,1,10,2,11,,23,,1,22,9,121.6066854,25.08197964
112,3,23,9,15,2,02萬華區,萬華區萬大路424巷與武成街125巷6弄口,0,0,1,1,B12,8,1,5,30,4,1,1,5,4,5,7,4,4,9,5,5,1,15,1,42,3,10,3,4,7,9,1,8,1,5,,6,,1,22,9,121.4932673,25.02047559
112,3,23,9,15,2,02萬華區,萬華區萬大路424巷與武成街125巷6弄口,0,0,1,2,C03,8,1,5,30,4,1,1,5,4,5,7,4,4,9,5,5,1,15,1,49,2,9,3,4,7,9,1,10,1,11,,44,,1,22,9,121.4932673,25.02047559
112,3,23,9,15,2,04大安區,大安區市民大道4段與復興南路1段口,0,0,1,1,C03,8,1,5,40,4,1,1,5,4,5,7,1,1,10,3,5,2,17,1,69,4,11,3,4,7,15,7,19,11,15,,23,,2,22,9,121.5435357,25.0447084
112,3,23,9,15,2,04大安區,大安區市民大道4段與復興南路1段口,0,0,1,2,C03,8,1,5,40,4,1,1,5,4,5,7,1,1,10,3,5,2,17,2,24,2,8,1,1,7,14,1,10,9,15,,44,,1,22,9,121.5435357,25.0447084
112,3,23,9,18,2,07信義區,信義區永吉路321巷與永吉路225巷3弄口,0,0,2,1,C03,8,1,5,30,3,1,1,5,4,5,7,4,4,10,5,5,2,15,2,58,2,9,1,1,7,9,1,10,1,14,,6,,1,22,9,121.5756985,25.0461077
112,3,23,9,18,2,07信義區,信義區永吉路321巷與永吉路225巷3弄口,0,0,2,2,C03,8,1,5,30,3,1,1,5,4,5,7,4,4,10,5,5,2,15,2,25,2,9,1,1,7,9,1,10,1,12,,14,,1,22,9,121.5756985,25.0461077
112,3,23,9,20,2,07信義區,信義區信安街與嘉興街181巷口,0,0,1,1,C03,8,1,5,50,4,1,1,5,4,5,7,2,1,9,4,5,1,12,1,35,2,8,3,4,7,9,1,10,1,12,,23,,1,22,9,121.5573891,25.0259945
112,3,23,9,20,2,07信義區,信義區信安街與嘉興街181巷口,0,0,1,2,B03,8,1,5,50,4,1,1,5,4,5,7,2,1,9,4,5,1,12,1,59,3,10,3,4,7,5,1,8,1,4,,27,,1,22,9,121.5573891,25.0259945
112,3,23,9,43,2,02萬華區,萬華區西園路2段與西園路2段96巷口,0,0,1,1,B12,8,1,5,50,3,1,1,5,4,5,7,4,4,3,4,5,2,16,1,60,3,10,1,4,7,6,1,8,1,7,,6,,1,22,9,121.4965554,25.03062951
112,3,23,9,43,2,02萬華區,萬華區西園路2段與西園路2段96巷口,0,0,1,2,C03,8,1,5,50,3,1,1,5,4,5,7,4,4,3,4,5,2,16,1,22,2,9,1,1,7,9,3,18,1,12,,14,,1,22,9,121.4965554,25.03062951
112,3,23,9,50,2,09北投區,北投區大業路與承德路7段口,0,0,1,1,B03,8,1,5,60,5,1,1,5,4,5,7,2,1,3,4,5,1,12,2,58,3,10,1,1,7,6,1,8,1,2,,26,,1,22,9,121.4998265,25.12111268
112,3,23,9,50,2,09北投區,北投區大業路與承德路7段口,0,0,1,2,C03,8,1,5,60,5,1,1,5,4,5,7,2,1,3,4,5,1,12,1,21,2,9,1,1,7,5,1,10,1,11,,44,,1,22,9,121.4998265,25.12111268
112,3,23,9,51,2,10文山區,文山區新光路2段路燈0707675號,0,0,1,1,C03,8,1,5,50,14,9,1,5,4,5,7,4,4,9,4,5,1,13,2,19,2,9,1,1,7,9,1,10,1,11,,23,,1,22,9,121.590203,24.99836318
112,3,23,9,51,2,10文山區,文山區新光路2段路燈0707675號,0,0,1,2,F01,8,1,5,50,14,9,1,5,4,5,7,4,4,9,4,5,1,13,4,0,4,11,3,4,7,15,7,19,11,15,,43,,2,22,9,121.590203,24.99836318
112,3,23,10,0,2,03中山區,中山區南京東路2段111號,0,0,1,1,B03,8,1,5,40,14,7,1,5,4,5,7,2,1,1,4,4,2,17,2,63,4,11,3,4,7,7,1,6,9,15,,7,,1,22,9,121.5331718,25.05210331
112,3,23,10,0,2,03中山區,中山區南京東路2段111號,0,0,1,2,C02,8,1,5,40,14,7,1,5,4,5,7,2,1,1,4,4,2,17,1,47,2,9,3,4,7,9,1,9,1,12,,44,,1,22,9,121.5331718,25.05210331
112,3,23,10,1,2,03中山區,中山區市民大道2段與長安東路口側附近1段52巷口,0,0,1,2,C03,8,1,5,40,14,9,1,5,4,5,7,1,1,1,3,5,1,13,2,56,2,9,1,1,7,14,1,10,2,13,,44,,1,22,9,121.5280555,25.0469623
112,3,23,10,1,2,03中山區,中山區市民大道2段與長安東路口側附近1段52巷口,0,0,1,1,B03,8,1,5,40,14,9,1,5,4,5,7,1,1,1,3,5,1,13,1,53,3,10,1,1,7,9,1,8,2,1,,23,,1,22,9,121.5280555,25.0469623
112,3,23,10,5,2,10文山區,文山區新光路2段路燈0707675號,0,0,2,1,C03,8,1,5,40,14,9,1,5,4,5,7,4,4,9,4,5,1,13,1,20,2,8,1,1,7,9,1,10,1,11,,16,,1,22,9,121.5900791,24.99844726
112,3,23,10,5,2,10文山區,文山區新光路2段路燈0707675號,0,0,2,2,C03,8,1,5,40,14,9,1,5,4,5,7,4,4,9,4,5,1,13,1,61,2,9,1,1,7,9,1,10,1,13,,44,,1,22,9,121.5900791,24.99844726
112,3,23,10,7,2,08士林區,士林區至善路1段與福林路254巷口,0,0,1,1,B02,8,1,5,50,3,1,1,5,4,5,7,1,1,1,5,5,1,21,1,54,2,7,1,1,7,9,1,8,1,1,,23,,1,22,9,121.5377998,25.09804776
112,3,23,10,7,2,08士林區,士林區至善路1段與福林路254巷口,0,0,1,2,,8,1,5,50,3,1,1,5,4,5,7,1,1,1,5,5,1,21,3,0,,,,,,,,,,,,67,,1,,,121.5377998,25.09804776
112,3,23,10,39,2,01大同區,大同區民權西路與重慶北路2段口,0,0,1,1,C03,8,1,5,50,14,9,1,5,4,5,7,2,1,9,4,5,1,13,2,25,2,8,1,1,7,9,1,10,11,11,,16,,1,22,9,121.5136851,25.0628093
112,3,23,10,39,2,01大同區,大同區民權西路與重慶北路2段口,0,0,1,2,B03,8,1,5,50,14,9,1,5,4,5,7,2,1,9,4,5,1,13,1,43,3,10,1,1,7,12,1,8,11,7,,44,,1,22,9,121.5136851,25.0628093
112,3,23,10,49,2,04大安區,大安區辛亥路3段81號,0,0,2,1,C03,8,1,5,50,14,9,1,5,4,5,7,4,4,9,4,5,2,12,1,26,2,9,1,1,7,9,1,10,1,11,,16,,1,22,9,121.5465304,25.0195836
112,3,23,10,49,2,04大安區,大安區辛亥路3段81號,0,0,2,2,C03,8,1,5,50,14,9,1,5,4,5,7,4,4,9,4,5,2,12,1,22,2,9,1,1,7,12,1,10,1,13,,44,,1,22,9,121.5465304,25.0195836
112,3,23,10,49,2,04大安區,大安區辛亥路3段81號,0,0,2,3,B12,8,1,5,50,14,9,1,5,4,5,7,4,4,9,4,5,2,12,1,64,3,10,1,1,7,5,1,8,1,15,,6,,1,22,9,121.5465304,25.0195836
112,3,23,10,50,2,12內湖區,內湖區港墘路與港華街口,0,0,1,1,B03,8,1,5,50,4,2,1,5,4,5,7,1,1,10,4,5,2,13,1,65,3,10,1,1,7,1,6,8,1,1,,16,,1,22,9,121.5780348,25.08219007
112,3,23,10,50,2,12內湖區,內湖區港墘路與港華街口,0,0,1,2,C03,8,1,5,50,4,2,1,5,4,5,7,1,1,10,4,5,2,13,1,32,2,9,1,1,7,9,1,10,1,13,,44,,1,22,9,121.5780348,25.08219007
112,3,23,11,15,2,10文山區,文山區興隆路1段70巷與羅斯福路5段211巷26弄口,0,0,2,1,B03,8,1,5,30,4,1,1,5,4,5,7,4,4,10,5,5,2,17,2,39,3,10,1,1,7,1,1,8,2,1,,19,,1,22,9,121.5399183,25.00157931
112,3,23,11,15,2,10文山區,文山區興隆路1段70巷與羅斯福路5段211巷26弄口,0,0,2,2,C03,8,1,5,30,4,1,1,5,4,5,7,4,4,10,5,5,2,17,2,62,2,8,1,1,7,6,1,10,2,12,,44,,1,22,9,121.5399183,25.00157931
112,3,23,11,15,2,10文山區,文山區興隆路1段70巷與羅斯福路5段211巷26弄口,0,0,2,3,H02,8,1,5,30,4,1,1,5,4,5,7,4,4,10,5,5,2,17,2,63,2,9,1,1,7,21,8,20,10,16,,67,,1,22,9,121.5399183,25.00157931
112,3,23,11,16,2,04大安區,大安區基隆路2段與和平東路3段口口,0,0,1,1,B01,8,1,5,50,4,1,1,5,4,5,7,1,1,1,3,4,1,12,1,52,3,10,1,1,7,6,1,4,1,5,,9,,1,22,9,121.5527747,25.02467002
112,3,23,11,16,2,04大安區,大安區基隆路2段與和平東路3段口口,0,0,1,2,C03,8,1,5,50,4,1,1,5,4,5,7,1,1,1,3,4,1,12,2,66,2,8,1,1,7,9,1,10,1,14,,44,,1,22,9,121.5527747,25.02467002
112,3,23,11,18,2,04大安區,大安區延吉街與仁愛路4段口,0,0,1,2,B01,8,1,5,50,4,1,1,5,4,5,7,2,1,8,3,5,1,12,1,30,2,7,3,4,7,9,1,4,1,5,,44,,1,22,9,121.5554032,25.0379731
112,3,23,11,18,2,04大安區,大安區延吉街與仁愛路4段口,0,0,1,1,B12,8,1,5,50,4,1,1,5,4,5,7,2,1,8,3,5,1,12,1,63,4,11,3,4,7,5,7,19,11,15,,8,,2,22,9,121.5554032,25.0379731
112,3,23,11,30,2,06松山區,松山區民權東路4段與光復北路口口,0,0,1,2,C03,8,1,5,50,5,1,1,5,4,5,7,2,1,1,4,4,2,13,1,67,2,7,3,4,7,15,1,10,1,13,,44,,1,22,9,121.5544542,25.0618068
112,3,23,11,30,2,06松山區,松山區民權東路4段與光復北路口口,0,0,1,1,C03,8,1,5,50,5,1,1,5,4,5,7,2,1,1,4,4,2,13,1,26,3,10,3,4,7,9,1,10,1,11,,16,,1,22,9,121.5544542,25.0618068
112,3,23,12,16,2,07信義區,信義區松山路與松山路541巷口口,0,0,1,1,C03,8,1,5,50,4,1,1,5,4,5,7,2,1,5,5,5,2,12,1,33,3,10,1,1,7,9,1,10,1,14,,23,,1,22,9,121.5782098,25.037727
112,3,23,12,16,2,07信義區,信義區松山路與松山路541巷口口,0,0,1,2,C03,8,1,5,50,4,1,1,5,4,5,7,2,1,5,5,5,2,12,2,40,2,7,1,1,7,9,1,10,1,12,,17,,1,22,9,121.5782098,25.037727
112,3,23,12,17,2,05中正區,中正區齊東街與杭州南路1段11巷口,0,0,1,1,C03,8,1,5,30,4,1,1,5,4,5,7,4,4,10,5,5,1,16,1,38,2,9,1,1,7,9,1,10,2,12,,6,,1,22,9,121.5293237,25.0425734
112,3,23,12,17,2,05中正區,中正區齊東街與杭州南路1段11巷口,0,0,1,2,B03,8,1,5,30,4,1,1,5,4,5,7,4,4,10,5,5,1,16,2,45,3,10,1,1,7,9,1,8,2,8,,44,,1,22,9,121.5293237,25.0425734
112,3,23,12,27,2,07信義區,信義區莊敬路與吳興街345巷口,0,0,1,2,C03,8,1,5,50,3,1,1,5,4,5,7,2,1,9,4,4,1,12,1,61,2,8,3,4,7,9,1,10,1,14,,44,,1,22,9,121.5663142,25.0272018
112,3,23,12,27,2,07信義區,信義區莊敬路與吳興街345巷口,0,0,1,1,B03,8,1,5,50,3,1,1,5,4,5,7,2,1,9,4,4,1,12,1,71,3,10,3,4,7,6,1,8,1,5,,9,,1,22,9,121.5663142,25.0272018
112,3,23,12,53,2,07信義區,信義區福德街84巷與林口街38巷口,0,0,1,2,B03,8,1,5,50,4,2,1,5,4,5,7,4,4,9,5,5,2,17,1,56,3,10,3,4,7,9,1,4,1,7,,23,,1,22,9,121.5809,25.0384093
112,3,23,12,53,2,07信義區,信義區福德街84巷與林口街38巷口,0,0,1,1,C03,8,1,5,50,4,2,1,5,4,5,7,4,4,9,5,5,2,17,2,32,2,9,3,4,7,5,1,10,1,11,,6,,1,22,9,121.5809,25.0384093
112,3,23,12,55,2,12內湖區,內湖區港墘路與堤頂大道2段口,0,0,1,1,C03,8,1,5,50,3,1,1,5,4,5,7,1,1,10,5,5,2,16,2,50,2,9,1,1,7,7,1,10,1,14,,7,,1,22,9,121.5724187,25.07461291
112,3,23,12,55,2,12內湖區,內湖區港墘路與堤頂大道2段口,0,0,1,2,B03,8,1,5,50,3,1,1,5,4,5,7,1,1,10,5,5,2,16,1,65,3,10,1,1,7,9,1,8,1,5,,23,,1,22,9,121.5724187,25.07461291
112,3,23,13,0,2,12內湖區,內湖區康寧路3段與康寧路3段16巷口,0,0,2,1,C03,8,1,5,50,4,2,1,5,4,5,7,2,1,1,4,5,2,17,1,18,2,9,1,1,7,5,1,10,2,12,,8,,1,22,9,121.6100834,25.07124299
112,3,23,13,0,2,12內湖區,內湖區康寧路3段與康寧路3段16巷口,0,0,2,2,C03,8,1,5,50,4,2,1,5,4,5,7,2,1,1,4,5,2,17,1,31,2,9,1,1,7,9,1,10,2,11,,44,,1,22,9,121.6100834,25.07124299
112,3,23,13,4,2,09北投區,北投區西安街2段與公館路口口,0,0,1,1,C03,8,1,5,50,4,1,1,5,4,5,7,2,1,5,2,5,2,17,1,54,2,9,1,1,7,9,1,10,1,14,,14,,1,22,9,121.5027402,25.12150514
112,3,23,13,4,2,09北投區,北投區西安街2段與公館路口口,0,0,1,2,C03,8,1,5,50,4,1,1,5,4,5,7,2,1,5,2,5,2,17,2,28,3,10,1,1,7,5,1,10,1,15,,6,,1,22,9,121.5027402,25.12150514
112,3,23,13,5,2,09北投區,北投區承德路7段3號,0,0,2,3,H02,8,1,5,60,14,9,1,5,4,5,7,2,1,8,3,5,2,17,2,18,2,9,1,5,7,20,8,20,10,16,,67,,1,22,9,121.5106601,25.11100498
112,3,23,13,5,2,09北投區,北投區承德路7段3號,0,0,2,2,C03,8,1,5,60,14,9,1,5,4,5,7,2,1,8,3,5,2,17,1,19,2,9,1,1,7,9,1,10,1,11,,44,,1,22,9,121.5106601,25.11100498
112,3,23,13,5,2,09北投區,北投區承德路7段3號,0,0,2,1,B12,8,1,5,60,14,9,1,5,4,5,7,2,1,8,3,5,2,17,1,58,3,10,1,1,7,6,1,8,1,2,,9,,1,22,9,121.5106601,25.11100498
112,3,23,13,17,2,03中山區,中山區南京東路3段與復興北路口,0,0,2,2,C03,8,1,5,50,4,2,1,5,4,5,7,2,1,1,4,4,1,13,2,34,2,8,3,4,7,9,1,10,1,13,,44,,1,22,9,121.5439001,25.05177677
112,3,23,13,17,2,03中山區,中山區南京東路3段與復興北路口,0,0,2,1,C03,8,1,5,50,4,2,1,5,4,5,7,2,1,1,4,4,1,13,1,23,2,7,3,4,7,9,1,10,1,11,,16,,1,22,9,121.5439001,25.05177677
112,3,23,13,39,2,03中山區,中山區民生東路2段141號,0,0,1,2,C03,8,1,5,50,14,9,1,5,4,5,7,4,4,1,4,5,2,16,1,51,2,9,1,1,7,9,1,8,1,11,,44,,1,22,9,121.5340986,25.0580512
112,3,23,13,39,2,03中山區,中山區民生東路2段141號,0,0,1,1,B03,8,1,5,50,14,9,1,5,4,5,7,4,4,1,4,5,2,16,2,62,3,10,1,1,7,1,1,8,1,8,,19,,1,22,9,121.5340986,25.0580512
112,3,23,14,12,2,11南港區,南港區忠孝東路7段510號,0,0,1,1,B12,7,1,5,40,14,8,1,5,4,5,7,4,4,1,4,4,2,16,1,22,3,10,1,1,7,1,1,8,1,8,,19,,1,22,9,121.6102904,25.05240642
112,3,23,14,12,2,11南港區,南港區忠孝東路7段510號,0,0,1,2,C03,7,1,5,40,14,8,1,5,4,5,7,4,4,1,4,4,2,16,1,63,2,7,1,1,7,9,1,10,1,11,,44,,1,22,9,121.6102904,25.05240642
112,3,23,14,21,2,07信義區,信義區吳興街156巷與吳興街156巷7弄口,0,0,1,2,C03,7,1,5,30,4,2,1,5,4,5,7,4,4,5,5,5,2,17,2,56,2,9,3,4,7,9,1,10,1,11,,44,,1,22,9,121.5615017,25.0289974
112,3,23,14,21,2,07信義區,信義區吳興街156巷與吳興街156巷7弄口,0,0,1,1,C03,7,1,5,30,4,2,1,5,4,5,7,4,4,5,5,5,2,17,1,48,3,10,3,4,7,6,1,10,1,12,,9,,1,22,9,121.5615017,25.0289974
112,3,23,14,26,2,01大同區,大同區重慶北路3段與民權西路口,0,0,2,2,C03,8,1,5,50,4,1,1,5,4,5,7,1,1,1,4,5,2,12,2,28,2,9,1,1,7,9,1,10,1,14,,44,,1,22,9,121.5136684,25.06312706
112,3,23,14,26,2,01大同區,大同區重慶北路3段與民權西路口,0,0,2,1,C03,8,1,5,50,4,1,1,5,4,5,7,1,1,1,4,5,2,12,1,63,2,9,1,1,7,8,1,10,1,12,,7,,1,22,9,121.5136684,25.06312706
112,3,23,14,29,2,04大安區,大安區和平東路1段與金山南路2段口,0,0,1,1,C03,8,1,5,50,5,2,1,5,4,5,7,4,4,1,5,5,2,13,1,34,2,9,1,1,7,5,1,9,1,11,,16,,1,22,9,121.5259585,25.02711
112,3,23,14,29,2,04大安區,大安區和平東路1段與金山南路2段口,0,0,1,2,B03,8,1,5,50,5,2,1,5,4,5,7,4,4,1,5,5,2,13,1,71,3,10,1,1,7,5,1,8,1,6,,44,,1,22,9,121.5259585,25.02711
112,3,23,14,37,2,03中山區,中山區吉林路265號,0,0,1,1,C03,8,1,5,30,14,9,1,5,4,5,7,4,4,8,3,4,1,16,2,26,2,9,1,1,7,6,1,10,2,14,,6,,1,22,9,121.5303454,25.0620348
112,3,23,14,37,2,03中山區,中山區吉林路265號,0,0,1,2,B03,8,1,5,30,14,9,1,5,4,5,7,4,4,8,3,4,1,16,2,57,3,10,1,1,7,9,1,8,2,5,,44,,1,22,9,121.5303454,25.0620348