發生年度,發生月,發生日,發生時-Hours,發生分,處理別-編號,區序,肇事地點,死亡人數,2-30日死亡人數,受傷人數,當事人序號,車種,天候,光線,道路類別,速限-速度限制,道路型態,事故位置,路面狀況1,路面狀況2,路面狀況3,道路障礙1,道路障礙2,號誌1,號誌2,車道劃分-分向,車道劃分-分道1,車道劃分-分道2,車道劃分-分道3,事故類型及型態,性別,年齡,受傷程度,主要傷處,保護裝置,行動電話,車輛用途,當事者行動狀態,駕駛資格情形,駕駛執照種類,飲酒情形,車輛撞擊部位1,車輛撞擊部位2,肇因碼-個別,肇因碼-主要,個人肇逃否,職業,旅次目的,座標-X,座標-Y
112,3,23,14,41,2,08士林區,士林區基河路255號前152停車格,0,0,1,3,B01,8,1,5,50,14,9,1,5,4,5,7,4,4,5,4,5,2,17,1,57,3,10,1,1,7,14,1,4,1,15,,38,,1,22,9,121.5214814,25.09150677
112,3,23,14,41,2,08士林區,士林區基河路255號前152停車格,0,0,1,2,C03,8,1,5,50,14,9,1,5,4,5,7,4,4,5,4,5,2,17,2,49,2,8,1,1,7,9,1,10,1,15,,44,,1,22,9,121.5214814,25.09150677
112,3,23,14,41,2,08士林區,士林區基河路255號前152停車格,0,0,1,1,B03,8,1,5,50,14,9,1,5,4,5,7,4,4,5,4,5,2,17,1,26,3,10,1,1,7,1,1,8,1,15,,19,,1,22,9,121.5214814,25.09150677
112,3,23,15,28,2,06松山區,松山區敦化南路1段7-1號,0,0,1,2,C03,8,1,5,50,14,8,1,5,4,5,7,4,4,9,4,4,2,17,1,25,2,9,1,1,7,9,1,10,1,14,,42,,1,22,9,121.5491769,25.04691166
112,3,23,15,28,2,06松山區,松山區敦化南路1段7-1號,0,0,1,1,B03,8,1,5,50,14,8,1,5,4,5,7,4,4,9,4,4,2,17,1,41,4,11,3,4,7,10,7,19,11,15,,7,,2,22,9,121.5491769,25.04691166
112,3,23,15,50,2,01大同區,大同區承德路3段與民族西路口,0,0,1,2,C03,8,1,5,50,4,1,1,5,4,5,7,1,1,5,4,5,2,17,1,59,2,9,1,1,7,9,1,10,1,14,,44,,1,22,9,121.5183417,25.06852293
112,3,23,15,50,2,01大同區,大同區承德路3段與民族西路口,0,0,1,1,B03,8,1,5,50,4,1,1,5,4,5,7,1,1,5,4,5,2,17,1,33,3,10,1,1,7,6,1,8,1,2,,6,,1,22,9,121.5183417,25.06852293
112,3,23,15,50,2,08士林區,士林區芝玉路1段22巷與芝玉路1段口,0,0,2,1,C03,8,1,5,30,4,1,1,5,4,5,7,4,4,10,5,5,2,13,1,26,2,9,1,1,7,9,3,18,2,11,,23,,1,22,9,121.5368034,25.1021417
112,3,23,15,50,2,08士林區,士林區芝玉路1段22巷與芝玉路1段口,0,0,2,2,C03,8,1,5,30,4,1,1,5,4,5,7,4,4,10,5,5,2,13,1,25,2,9,1,1,7,15,1,10,2,13,,44,,1,22,9,121.5368034,25.1021417
112,3,23,15,53,2,08士林區,士林區百齡左岸河濱公園停車場南方出入口,0,0,2,4,H02,8,1,8,30,4,1,1,5,4,5,7,4,4,10,5,5,1,13,1,1,2,1,2,5,7,20,8,20,10,16,,67,,1,22,9,121.5126136,25.08590039
112,3,23,15,53,2,08士林區,士林區百齡左岸河濱公園停車場南方出入口,0,0,2,1,C03,8,1,8,30,4,1,1,5,4,5,7,4,4,10,5,5,1,13,1,32,2,9,1,1,7,9,1,10,1,11,,16,,1,22,9,121.5126136,25.08590039
112,3,23,15,53,2,08士林區,士林區百齡左岸河濱公園停車場南方出入口,0,0,2,2,B12,8,1,8,30,4,1,1,5,4,5,7,4,4,10,5,5,1,13,1,65,3,10,1,1,7,9,1,8,1,6,,23,,1,22,9,121.5126136,25.08590039
112,3,23,15,53,2,08士林區,士林區百齡左岸河濱公園停車場南方出入口,0,0,2,3,C04,8,1,8,30,4,1,1,5,4,5,7,4,4,10,5,5,1,13,1,85,3,10,1,1,7,7,1,10,1,15,,7,,1,22,9,121.5126136,25.08590039
112,3,23,16,29,2,08士林區,士林區大南路386號,0,0,1,2,H01,8,1,5,50,14,9,1,5,4,5,7,4,4,9,5,5,2,2,2,67,2,9,4,5,8,16,8,20,10,16,,67,,1,22,9,121.5162411,25.0892755
112,3,23,16,29,2,08士林區,士林區大南路386號,0,0,1,1,B03,8,1,5,50,14,9,1,5,4,5,7,4,4,9,5,5,2,2,1,27,3,10,1,1,7,9,1,8,1,1,,23,,1,22,9,121.5162411,25.0892755
112,3,23,16,30,2,12內湖區,內湖區環山路1段24巷與環山路1段口,0,0,1,1,C03,8,1,5,30,4,2,1,5,4,5,7,1,1,5,5,5,2,16,2,50,2,8,1,1,7,4,1,10,1,12,,26,,1,22,9,121.565497,25.08457039
112,3,23,16,30,2,12內湖區,內湖區環山路1段24巷與環山路1段口,0,0,1,2,B03,8,1,5,30,4,2,1,5,4,5,7,1,1,5,5,5,2,16,1,49,3,10,1,1,7,1,1,4,1,8,,44,,1,22,9,121.565497,25.08457039
112,3,23,16,35,2,02萬華區,萬華區西園路2段278號前,0,0,5,6,H02,8,1,5,50,14,9,1,5,4,5,7,4,4,10,5,5,2,13,2,23,2,9,3,5,7,21,8,20,10,16,,67,,1,22,9,121.4943276,25.02751257
112,3,23,16,35,2,02萬華區,萬華區西園路2段278號前,0,0,5,5,C03,8,1,5,50,14,9,1,5,4,5,7,4,4,10,5,5,2,13,1,38,2,8,3,4,7,9,1,10,1,11,,16,,1,22,9,121.4943276,25.02751257
112,3,23,16,35,2,02萬華區,萬華區西園路2段278號前,0,0,5,2,C03,8,1,5,50,14,9,1,5,4,5,7,4,4,10,5,5,2,13,2,26,2,8,3,4,7,14,1,10,1,13,,44,,1,22,9,121.4943276,25.02751257
112,3,23,16,35,2,02萬華區,萬華區西園路2段278號前,0,0,5,4,C03,8,1,5,50,14,9,1,5,4,5,7,4,4,10,5,5,2,13,2,19,2,9,3,4,7,9,1,10,1,11,,16,,1,22,9,121.4943276,25.02751257
112,3,23,16,35,2,02萬華區,萬華區西園路2段278號前,0,0,5,1,C03,8,1,5,50,14,9,1,5,4,5,7,4,4,10,5,5,2,13,1,74,3,10,3,4,7,15,1,10,1,13,,42,,1,22,9,121.4943276,25.02751257
112,3,23,16,35,2,02萬華區,萬華區西園路2段278號前,0,0,5,3,C03,8,1,5,50,14,9,1,5,4,5,7,4,4,10,5,5,2,13,1,21,2,9,3,4,7,9,1,10,1,11,,16,,1,22,9,121.4943276,25.02751257
112,3,23,16,42,2,05中正區,中正區福州街與牯嶺街口口,0,0,2,2,C03,8,1,5,50,4,1,1,5,4,5,7,1,1,5,5,5,1,16,1,39,2,9,1,1,7,9,1,10,2,11,,44,,1,22,9,121.5177706,25.02830021
112,3,23,16,42,2,05中正區,中正區福州街與牯嶺街口口,0,0,2,1,C04,8,1,5,50,4,1,1,5,4,5,7,1,1,5,5,5,1,16,1,68,2,9,1,1,7,5,1,10,2,11,,6,,1,22,9,121.5177706,25.02830021
112,3,23,17,26,2,04大安區,大安區浦城街與師大路80巷口,0,0,2,1,C03,8,2,5,30,5,1,1,5,4,5,7,4,4,10,5,5,2,15,1,56,2,9,1,1,7,9,1,10,2,11,,6,,1,22,9,121.5268149,25.023431
112,3,23,17,26,2,04大安區,大安區浦城街與師大路80巷口,0,0,2,2,C03,8,2,5,30,5,1,1,5,4,5,7,4,4,10,5,5,2,15,2,23,2,9,1,1,7,9,1,10,2,11,,14,,1,22,9,121.5268149,25.023431
112,3,23,17,30,2,08士林區,士林區延平北路5段312號,0,0,1,1,C03,8,1,5,50,14,9,1,5,4,5,7,4,4,1,4,5,2,12,1,60,3,10,1,1,7,9,1,10,2,12,,23,,1,22,9,121.5095343,25.08601841
112,3,23,17,30,2,08士林區,士林區延平北路5段312號,0,0,1,2,C03,8,1,5,50,14,9,1,5,4,5,7,4,4,1,4,5,2,12,1,62,2,8,1,1,7,7,1,10,2,14,,7,,1,22,9,121.5095343,25.08601841
112,3,23,17,30,2,08士林區,士林區延平北路5段312號,0,0,1,3,B03,8,1,5,50,14,9,1,5,4,5,7,4,4,1,4,5,2,12,1,39,3,10,1,1,7,7,1,8,9,4,,7,,1,22,9,121.5095343,25.08601841
112,3,23,17,35,2,01大同區,大同區環河北路1段347號,0,0,1,1,C03,8,1,5,50,3,1,1,5,4,5,7,4,4,9,4,5,2,17,1,80,4,11,3,4,7,6,7,19,11,15,,9,,2,22,9,121.5084844,25.06041816
112,3,23,17,35,2,01大同區,大同區環河北路1段347號,0,0,1,2,C04,8,1,5,50,3,1,1,5,4,5,7,4,4,9,4,5,2,17,2,59,2,9,1,1,7,9,1,8,1,14,,44,,1,22,9,121.5084844,25.06041816
112,3,23,17,40,2,03中山區,中山區建國北路3段與民權東路3段口,0,0,1,2,C03,8,3,5,50,4,2,1,5,4,5,7,2,1,1,4,5,2,12,1,22,2,9,1,1,7,9,3,18,1,14,,44,,1,22,9,121.5373746,25.062474
112,3,23,17,40,2,03中山區,中山區建國北路3段與民權東路3段口,0,0,1,1,,8,3,5,50,4,2,1,5,4,5,7,2,1,1,4,5,2,12,4,0,4,11,3,4,7,15,7,19,11,15,,43,,2,22,9,121.5373746,25.062474
112,3,23,17,59,2,10文山區,文山區景華街176巷25弄與仙岩路16巷口,0,0,2,1,B03,8,1,5,30,5,2,1,5,4,5,7,4,4,10,5,5,2,13,1,32,3,10,1,1,7,5,1,8,2,1,,23,,1,22,9,121.5497014,24.9975761
112,3,23,17,59,2,10文山區,文山區景華街176巷25弄與仙岩路16巷口,0,0,2,2,C03,8,1,5,30,5,2,1,5,4,5,7,4,4,10,5,5,2,13,2,44,2,9,1,1,7,5,1,10,2,13,,6,,1,22,9,121.5497014,24.9975761
112,3,23,17,59,2,10文山區,文山區景華街176巷25弄與仙岩路16巷口,0,0,2,3,H02,8,1,5,30,5,2,1,5,4,5,7,4,4,10,5,5,2,13,2,11,2,9,1,5,7,20,8,20,10,16,,67,,1,22,9,121.5497014,24.9975761
112,3,23,18,0,2,03中山區,中山區堤頂大道2段與樂群一路口,0,0,1,1,B02,7,1,5,50,5,2,1,5,4,5,7,1,1,1,3,5,1,13,2,45,2,2,3,4,7,9,1,8,9,1,,16,,1,22,9,121.5689471,25.07720915
112,3,23,18,0,2,03中山區,中山區堤頂大道2段與樂群一路口,0,0,1,2,B03,7,1,5,50,5,2,1,5,4,5,7,1,1,1,3,5,1,13,1,53,3,10,3,4,7,14,1,8,9,3,,44,,1,22,9,121.5689471,25.07720915
112,3,23,18,0,2,06松山區,松山區南京東路5段與光復北路口口,0,0,1,1,B03,8,2,5,50,4,2,1,5,4,5,7,2,1,1,5,5,2,12,1,53,3,10,1,1,7,8,1,8,1,2,,7,,1,22,9,121.557323,25.05146154
112,3,23,18,0,2,06松山區,松山區南京東路5段與光復北路口口,0,0,1,2,C02,8,2,5,50,4,2,1,5,4,5,7,2,1,1,5,5,2,12,1,29,2,9,1,1,7,9,1,9,1,11,,23,,1,22,9,121.557323,25.05146154
112,3,23,18,5,2,12內湖區,內湖區內湖路1段與內湖路1段600巷口,0,0,2,1,C03,8,3,5,50,3,2,1,5,4,5,7,2,1,1,4,5,2,12,2,27,2,9,1,1,7,7,1,10,1,14,,23,,1,22,9,121.5782422,25.07887839
112,3,23,18,5,2,08士林區,士林區重慶北路4段1巷福德宮前,0,0,2,3,H02,8,3,5,30,14,9,1,5,4,5,7,4,4,10,5,5,1,11,2,10,2,8,1,5,7,20,8,20,10,16,,67,,1,21,8,121.5123866,25.07962249
112,3,23,18,5,2,08士林區,士林區重慶北路4段1巷福德宮前,0,0,2,1,B03,8,3,5,30,14,9,1,5,4,5,7,4,4,10,5,5,1,11,4,0,4,11,3,4,7,15,7,19,11,15,,43,,2,22,9,121.5123866,25.07962249
112,3,23,18,5,2,08士林區,士林區重慶北路4段1巷福德宮前,0,0,2,2,C03,8,3,5,30,14,9,1,5,4,5,7,4,4,10,5,5,1,11,2,36,2,8,1,1,7,14,1,10,1,14,,44,,1,21,8,121.5123866,25.07962249
112,3,23,18,5,2,12內湖區,內湖區內湖路1段與內湖路1段600巷口,0,0,2,3,H02,8,3,5,50,3,2,1,5,4,5,7,2,1,1,4,5,2,12,2,28,2,9,1,5,7,21,8,20,10,15,,67,,1,22,9,121.5782422,25.07887839
112,3,23,18,5,2,12內湖區,內湖區內湖路1段與內湖路1段600巷口,0,0,2,4,A02,8,3,5,50,3,2,1,5,4,5,7,2,1,1,4,5,2,12,1,54,3,10,1,1,7,14,1,1,11,15,,44,,1,22,9,121.5782422,25.07887839
112,3,23,18,5,2,12內湖區,內湖區內湖路1段與內湖路1段600巷口,0,0,2,2,A11,8,3,5,50,3,2,1,5,4,5,7,2,1,1,4,5,2,12,1,30,3,10,1,1,7,9,1,3,1,5,,44,,1,22,9,121.5782422,25.07887839
112,3,23,18,15,2,09北投區,北投區大度路1段與大業路口,0,0,1,1,C03,8,1,5,50,5,2,1,5,4,5,7,2,1,8,3,5,2,18,1,56,2,9,1,1,7,6,1,10,11,12,,44,,1,22,9,121.4995712,25.12096104
112,3,23,18,15,2,09北投區,北投區大度路1段與大業路口,0,0,1,2,,8,1,5,50,5,2,1,5,4,5,7,2,1,8,3,5,2,18,3,0,,,,,,,,,,,,67,,1,,,121.4995712,25.12096104
112,3,23,18,28,2,03中山區,中山區民權東路2段與中原街口,0,0,1,1,B02,8,2,5,50,4,1,1,5,4,5,7,2,1,10,5,5,2,15,1,45,4,11,3,4,7,15,7,19,11,15,,25,,2,22,9,121.5289613,25.06268538
112,3,23,18,28,2,03中山區,中山區民權東路2段與中原街口,0,0,1,2,C03,8,2,5,50,4,1,1,5,4,5,7,2,1,10,5,5,2,15,2,50,2,9,1,1,7,1,1,10,1,11,,44,,1,22,9,121.5289613,25.06268538
112,3,23,18,30,2,03中山區,中山區錦州街與民生東路2段159巷口,0,0,1,3,C04,7,3,5,50,4,2,1,5,4,5,7,4,4,5,4,5,1,17,2,42,3,10,3,1,7,13,1,10,9,12,,44,,1,22,9,121.5359754,25.0602227
112,3,23,18,30,2,03中山區,中山區錦州街與民生東路2段159巷口,0,0,1,2,B03,7,3,5,50,4,2,1,5,4,5,7,4,4,5,4,5,1,17,1,70,3,10,1,1,7,9,1,8,11,15,,6,,1,22,9,121.5359754,25.0602227
112,3,23,18,30,2,03中山區,中山區錦州街與民生東路2段159巷口,0,0,1,1,C03,7,3,5,50,4,2,1,5,4,5,7,4,4,5,4,5,1,17,2,33,2,7,1,1,7,9,1,10,9,11,,23,,1,22,9,121.5359754,25.0602227
112,3,23,18,43,2,10文山區,文山區木新路3段與興隆路4段口,0,0,1,2,B02,8,3,5,50,3,2,1,5,4,5,7,2,1,5,4,5,2,12,2,50,3,10,1,1,7,9,1,8,2,8,,44,,1,22,9,121.562381,24.9820516
112,3,23,18,43,2,10文山區,文山區木新路3段與興隆路4段口,0,0,1,1,C03,8,3,5,50,3,2,1,5,4,5,7,2,1,5,4,5,2,12,2,19,2,9,1,1,7,8,1,10,2,13,,7,,1,22,9,121.562381,24.9820516
112,3,23,18,45,2,08士林區,士林區德行西路與福華路口,0,0,1,1,B03,8,3,5,50,4,2,1,5,4,5,7,1,1,5,5,5,2,3,2,50,3,10,3,4,7,5,1,8,2,1,,15,,1,22,9,121.5219964,25.10456402
112,3,23,18,45,2,08士林區,士林區德行西路與福華路口,0,0,1,2,H01,8,3,5,50,4,2,1,5,4,5,7,1,1,5,5,5,2,3,2,58,2,9,4,5,8,16,8,20,10,16,,67,,1,22,9,121.5219964,25.10456402
112,3,23,19,14,2,10文山區,文山區興隆路4段與忠順街1段口,0,0,2,2,C03,7,3,5,50,4,2,1,5,4,5,7,2,1,1,4,5,2,17,2,26,2,9,1,1,7,9,1,10,1,11,,42,,1,22,9,121.5616982,24.9844343
112,3,23,19,14,2,10文山區,文山區興隆路4段與忠順街1段口,0,0,2,1,B03,7,3,5,50,4,2,1,5,4,5,7,2,1,1,4,5,2,17,1,41,3,10,1,1,7,11,1,8,1,7,,10,,1,22,9,121.5616982,24.9844343
112,3,23,19,14,2,10文山區,文山區興隆路4段與忠順街1段口,0,0,2,3,H02,7,3,5,50,4,2,1,5,4,5,7,2,1,1,4,5,2,17,2,25,2,7,1,5,7,21,8,20,10,15,,67,,1,22,9,121.5616982,24.9844343
112,3,23,19,35,2,03中山區,中山區民族東路與新生北路3段口,0,0,1,1,B03,8,3,5,50,4,1,1,5,4,5,7,1,1,3,4,5,2,16,1,29,3,10,1,1,7,5,1,8,1,2,,6,,1,22,9,121.528038,25.06837207
112,3,23,19,35,2,03中山區,中山區民族東路與新生北路3段口,0,0,1,2,C03,8,3,5,50,4,1,1,5,4,5,7,1,1,3,4,5,2,16,1,19,2,9,1,1,7,9,1,10,1,11,14,13,,1,22,9,121.528038,25.06837207
112,3,23,19,35,2,05中正區,中正區福和橋往永和機車道,0,0,1,1,C03,8,3,5,40,8,11,1,5,4,5,7,4,4,1,4,1,2,13,2,23,2,9,1,1,7,9,1,10,1,11,,23,,1,22,9,121.5333724,25.00951251
112,3,23,19,35,2,05中正區,中正區福和橋往永和機車道,0,0,1,2,C03,8,3,5,40,8,11,1,5,4,5,7,4,4,1,4,1,2,13,1,32,3,10,1,1,7,9,1,10,1,13,,44,,1,22,9,121.5333724,25.00951251
112,3,23,20,24,2,05中正區,中正區中華路2段與西藏路口,0,0,1,3,H02,8,3,5,30,4,1,1,5,4,5,7,1,1,5,4,4,2,17,2,28,2,7,1,5,7,20,8,20,10,16,,67,,1,22,9,121.5042097,25.02991143
112,3,23,20,24,2,05中正區,中正區中華路2段與西藏路口,0,0,1,2,C03,8,3,5,30,4,1,1,5,4,5,7,1,1,5,4,4,2,17,1,54,3,10,1,1,7,9,1,10,1,14,,23,,1,22,9,121.5042097,25.02991143
112,3,23,20,24,2,05中正區,中正區中華路2段與西藏路口,0,0,1,1,C03,8,3,5,30,4,1,1,5,4,5,7,1,1,5,4,4,2,17,2,29,3,10,1,1,7,6,1,10,1,12,,9,,1,22,9,121.5042097,25.02991143
112,3,23,20,41,2,09北投區,北投區大度路1段與怡和巷口,0,0,2,4,C03,8,3,5,50,3,1,1,5,4,5,7,4,4,1,4,5,2,13,1,22,3,10,1,1,7,9,1,10,1,15,,44,,1,22,9,121.4958245,25.12157545
112,3,23,20,41,2,09北投區,北投區大度路1段與怡和巷口,0,0,2,3,C03,8,3,5,50,3,1,1,5,4,5,7,4,4,1,4,5,2,13,1,18,2,9,1,1,7,9,1,10,1,15,,23,,1,22,9,121.4958245,25.12157545
112,3,23,20,41,2,09北投區,北投區大度路1段與怡和巷口,0,0,2,2,C03,8,3,5,50,3,1,1,5,4,5,7,4,4,1,4,5,2,13,1,29,3,10,1,1,7,9,1,10,1,13,,44,,1,22,9,121.4958245,25.12157545
112,3,23,20,41,2,09北投區,北投區大度路1段與怡和巷口,0,0,2,1,C03,8,3,5,50,3,1,1,5,4,5,7,4,4,1,4,5,2,13,2,26,2,9,1,1,7,9,1,10,1,11,,16,,1,22,9,121.4958245,25.12157545
112,3,23,20,52,2,06松山區,松山區八德路4段292號,0,0,1,1,A02,8,3,5,50,14,9,1,5,4,5,7,4,4,9,4,5,2,9,1,53,3,10,1,1,7,1,1,1,2,2,,36,,1,22,9,121.5669148,25.04910879
112,3,23,20,52,2,06松山區,松山區八德路4段292號,0,0,1,2,H02,8,3,5,50,14,9,1,5,4,5,7,4,4,9,4,5,2,9,2,87,2,9,4,5,7,19,8,20,10,16,,67,,1,22,9,121.5669148,25.04910879
112,3,23,21,0,2,03中山區,中山區建國北路2段151巷與建國北路2段口,0,0,1,2,C03,8,3,5,30,3,1,1,5,4,5,7,4,4,10,4,5,2,16,1,23,2,9,1,1,7,9,1,10,1,12,,14,,1,22,9,121.5372698,25.06182067
112,3,23,21,0,2,03中山區,中山區建國北路2段151巷與建國北路2段口,0,0,1,1,B03,8,3,5,30,3,1,1,5,4,5,7,4,4,10,4,5,2,16,2,57,3,10,1,1,7,6,1,8,1,8,,6,,1,22,9,121.5372698,25.06182067
112,3,23,21,5,2,12內湖區,內湖區康寧路3段43號,0,0,1,1,B03,8,3,5,50,14,9,1,5,4,5,7,4,4,1,4,4,2,17,1,43,3,10,1,1,7,7,1,8,1,3,,44,,1,22,9,121.6078585,25.07251289
112,3,23,21,5,2,12內湖區,內湖區康寧路3段43號,0,0,1,2,C03,8,3,5,50,14,9,1,5,4,5,7,4,4,1,4,4,2,17,1,36,2,7,1,1,7,9,1,10,1,11,,23,,1,22,9,121.6078585,25.07251289
112,3,23,21,8,2,12內湖區,內湖區舊宗路1段與新湖三路口,0,0,1,1,B03,8,3,5,50,4,1,1,5,4,5,7,2,1,1,4,5,2,3,2,41,3,10,1,1,7,5,1,8,2,8,,15,,1,22,9,121.5767669,25.06357904
112,3,23,21,8,2,12內湖區,內湖區舊宗路1段與新湖三路口,0,0,1,2,H01,8,3,5,50,4,1,1,5,4,5,7,2,1,1,4,5,2,3,2,82,2,9,4,5,8,16,8,20,10,16,,67,,1,22,9,121.5767669,25.06357904
112,3,23,21,25,2,10文山區,文山區指南路3段73號,0,0,2,1,H01,7,3,5,30,14,9,1,5,4,5,7,4,4,10,5,5,2,9,2,41,2,9,4,5,8,16,8,20,10,16,,51,,1,22,9,121.5800761,24.983048
112,3,23,21,25,2,10文山區,文山區指南路3段73號,0,0,2,2,C03,7,3,5,30,14,9,1,5,4,5,7,4,4,10,5,5,2,9,1,26,2,2,1,1,7,9,1,9,1,11,,23,,1,22,9,121.5800761,24.983048
112,3,23,21,28,2,02萬華區,萬華區康定路與桂林路口,0,0,1,1,C03,8,3,5,50,4,1,1,5,4,5,7,2,1,5,4,5,2,11,1,29,3,10,1,1,7,5,1,10,1,12,,6,,1,22,9,121.5017348,25.0383894
112,3,23,21,28,2,02萬華區,萬華區康定路與桂林路口,0,0,1,2,C03,8,3,5,50,4,1,1,5,4,5,7,2,1,5,4,5,2,11,1,53,2,9,1,1,7,9,1,10,1,14,,13,,1,22,9,121.5017348,25.0383894
112,3,23,21,33,2,09北投區,北投區中和街474巷與中和街502巷8弄口,0,0,1,1,C03,8,3,5,30,3,1,1,5,4,5,7,4,4,10,5,5,2,16,2,59,2,9,3,4,7,5,1,10,1,14,,6,,1,22,9,121.4951639,25.14637297
112,3,23,21,33,2,09北投區,北投區中和街474巷與中和街502巷8弄口,0,0,1,2,C03,8,3,5,30,3,1,1,5,4,5,7,4,4,10,5,5,2,16,1,56,3,10,3,4,7,9,1,10,1,11,,13,,1,22,9,121.4951639,25.14637297
112,3,23,22,15,2,12內湖區,內湖區康寧路1段與星雲街口,0,0,1,1,B03,8,3,5,30,4,1,1,5,4,5,7,2,1,5,4,5,2,1,1,20,3,10,1,1,7,5,1,8,2,8,,15,,1,22,9,121.5937107,25.07943743
112,3,23,22,15,2,12內湖區,內湖區康寧路1段與星雲街口,0,0,1,2,H01,8,3,5,30,4,1,1,5,4,5,7,2,1,5,4,5,2,1,1,64,2,1,4,5,8,16,8,20,10,16,,67,,1,22,9,121.5937107,25.07943743
112,3,23,23,20,2,03中山區,中山區錦州街16號,0,0,1,1,C03,7,3,5,50,14,9,1,5,4,5,7,4,4,5,2,5,1,17,1,21,2,9,1,1,7,4,1,10,1,11,,1,,2,22,9,121.5239856,25.0602424
112,3,23,23,20,2,03中山區,中山區錦州街16號,0,0,1,2,B01,7,3,5,50,14,9,1,5,4,5,7,4,4,5,2,5,1,17,1,56,3,10,1,1,7,9,1,4,1,8,,44,,1,22,9,121.5239856,25.0602424
112,3,23,23,35,2,03中山區,中山區北安路839-1號,0,0,1,2,C03,8,3,5,50,14,9,1,5,4,5,7,4,4,1,4,5,2,12,1,30,2,9,1,1,7,9,1,9,2,12,,13,,1,22,9,121.5575067,25.08459223
112,3,23,23,35,2,03中山區,中山區北安路839-1號,0,0,1,1,B01,8,3,5,50,14,9,1,5,4,5,7,4,4,1,4,5,2,12,1,49,3,10,1,1,7,8,1,4,2,3,,7,,1,22,9,121.5575067,25.08459223
112,3,23,23,55,2,08士林區,士林區東山路25巷81弄50號,0,0,4,7,H02,8,3,5,30,11,9,1,5,4,5,7,4,4,10,5,5,2,17,2,20,2,9,1,5,7,20,8,20,10,16,,67,,1,22,9,121.540738,25.12567102
112,3,23,23,55,2,08士林區,士林區東山路25巷81弄50號,0,0,4,6,H02,8,3,5,30,11,9,1,5,4,5,7,4,4,10,5,5,2,17,1,20,2,9,1,5,7,20,8,20,1,16,,67,,1,22,9,121.540738,25.12567102
112,3,23,23,55,2,08士林區,士林區東山路25巷81弄50號,0,0,4,5,H02,8,3,5,30,11,9,1,5,4,5,7,4,4,10,5,5,2,17,1,22,2,9,1,5,7,20,8,20,10,16,,67,,1,22,9,121.540738,25.12567102
112,3,23,23,55,2,08士林區,士林區東山路25巷81弄50號,0,0,4,4,H02,8,3,5,30,11,9,1,5,4,5,7,4,4,10,5,5,2,17,2,19,2,9,1,5,7,20,8,20,10,16,,67,,1,22,9,121.540738,25.12567102
112,3,23,23,55,2,08士林區,士林區東山路25巷81弄50號,0,0,4,3,,8,3,5,30,11,9,1,5,4,5,7,4,4,10,5,5,2,17,3,0,,,,,,,,,,,,67,,1,,,121.540738,25.12567102
112,3,23,23,55,2,08士林區,士林區東山路25巷81弄50號,0,0,4,2,B03,8,3,5,30,11,9,1,5,4,5,7,4,4,10,5,5,2,17,1,21,3,10,1,1,7,9,3,18,1,4,,44,,1,22,9,121.540738,25.12567102
112,3,23,23,55,2,08士林區,士林區東山路25巷81弄50號,0,0,4,1,B03,8,3,5,30,11,9,1,5,4,5,7,4,4,10,5,5,2,17,1,20,3,10,1,1,7,9,1,8,1,1,,42,,1,22,9,121.540738,25.12567102
112,3,24,0,31,2,01大同區,大同區台北橋機慢車道往西第五根燈桿,0,0,2,1,C03,8,3,5,50,14,11,1,5,4,5,7,4,4,1,4,5,2,13,1,31,2,7,1,1,7,9,1,10,1,11,,23,,1,22,9,121.5105022,25.0630729
112,3,24,0,31,2,01大同區,大同區台北橋機慢車道往西第五根燈桿,0,0,2,2,C03,8,3,5,50,14,11,1,5,4,5,7,4,4,1,4,5,2,13,2,55,2,3,1,1,7,14,1,10,1,13,,30,,1,22,9,121.5105022,25.0630729
112,3,24,0,40,2,05中正區,中正區汀州路3段與辛亥車行地下道口,0,0,4,1,B03,8,3,5,50,7,9,1,5,4,5,7,4,4,1,4,5,2,10,1,47,3,10,1,1,7,9,1,8,1,1,,4,,1,22,9,121.5277739,25.01840025
112,3,24,0,40,2,05中正區,中正區汀州路3段與辛亥車行地下道口,0,0,4,2,B03,8,3,5,50,7,9,1,5,4,5,7,4,4,1,4,5,2,10,1,28,2,9,1,1,7,9,1,8,1,1,,13,,1,22,9,121.5277739,25.01840025
112,3,24,0,40,2,05中正區,中正區汀州路3段與辛亥車行地下道口,0,0,4,3,H02,8,3,5,50,7,9,1,5,4,5,7,4,4,1,4,5,2,10,2,61,2,1,1,5,7,20,8,20,10,16,,67,,1,22,9,121.5277739,25.01840025
112,3,24,0,40,2,05中正區,中正區汀州路3段與辛亥車行地下道口,0,0,4,4,H02,8,3,5,50,7,9,1,5,4,5,7,4,4,1,4,5,2,10,2,44,2,9,1,5,7,20,8,20,10,16,,67,,1,22,9,121.5277739,25.01840025
112,3,24,0,40,2,05中正區,中正區汀州路3段與辛亥車行地下道口,0,0,4,5,H02,8,3,5,50,7,9,1,5,4,5,7,4,4,1,4,5,2,10,2,57,2,9,1,5,7,20,8,20,1,16,,67,,1,22,9,121.5277739,25.01840025
112,3,24,2,0,2,12內湖區,內湖區成美橋與新明路口,0,0,1,2,C03,8,3,5,50,4,1,1,5,4,5,7,2,1,5,4,5,2,16,1,26,2,9,1,1,7,9,1,10,1,11,,44,,1,22,9,121.5822322,25.05576604