發生年度,發生月,發生日,發生時-Hours,發生分,處理別-編號,區序,肇事地點,死亡人數,2-30日死亡人數,受傷人數,當事人序號,車種,天候,光線,道路類別,速限-速度限制,道路型態,事故位置,路面狀況1,路面狀況2,路面狀況3,道路障礙1,道路障礙2,號誌1,號誌2,車道劃分-分向,車道劃分-分道1,車道劃分-分道2,車道劃分-分道3,事故類型及型態,性別,年齡,受傷程度,主要傷處,保護裝置,行動電話,車輛用途,當事者行動狀態,駕駛資格情形,駕駛執照種類,飲酒情形,車輛撞擊部位1,車輛撞擊部位2,肇因碼-個別,肇因碼-主要,個人肇逃否,職業,旅次目的,座標-X,座標-Y
112,3,27,11,51,2,07信義區,信義區基隆路2段與信義路4段450巷口,0,0,1,1,C03,8,1,5,50,3,2,1,5,4,5,7,1,1,1,4,5,1,13,1,39,2,9,1,1,7,9,1,10,1,11,,16,,1,22,9,121.5589111,25.0320877
112,3,27,11,51,2,07信義區,信義區基隆路2段與信義路4段450巷口,0,0,1,2,C03,8,1,5,50,3,2,1,5,4,5,7,1,1,1,4,5,1,13,1,26,3,10,1,1,7,8,6,10,1,13,,7,,1,22,9,121.5589111,25.0320877
112,3,27,12,28,2,04大安區,大安區信義路3段134巷與瑞安街208巷70弄口,0,0,3,1,C03,8,1,5,30,3,1,1,5,4,5,7,4,4,9,5,5,2,16,1,30,2,9,1,1,7,5,1,10,1,11,,6,,1,22,9,121.5394027,25.0303591
112,3,27,12,28,2,04大安區,大安區信義路3段134巷與瑞安街208巷70弄口,0,0,3,2,C03,8,1,5,30,3,1,1,5,4,5,7,4,4,9,5,5,2,16,1,37,2,9,1,1,7,9,1,10,1,11,,13,,1,22,9,121.5394027,25.0303591
112,3,27,12,28,2,04大安區,大安區信義路3段134巷與瑞安街208巷70弄口,0,0,3,3,H02,8,1,5,30,3,1,1,5,4,5,7,4,4,9,5,5,2,16,2,37,2,9,1,5,7,20,8,20,10,16,,67,,1,22,9,121.5394027,25.0303591
112,3,27,13,13,2,11南港區,南港區南港路1段與三重路口,0,0,1,1,C03,8,1,5,50,4,2,1,5,4,5,7,2,1,1,3,5,2,13,2,53,2,7,1,1,7,9,1,10,1,11,,16,,1,22,9,121.6141551,25.0553405
112,3,27,13,13,2,11南港區,南港區南港路1段與三重路口,0,0,1,2,B01,8,1,5,50,4,2,1,5,4,5,7,2,1,1,3,5,2,13,1,47,3,10,2,1,7,1,1,4,1,6,,44,,1,22,9,121.6141551,25.0553405
112,3,27,13,21,2,08士林區,士林區中山北路5段470巷前,0,0,1,2,C03,8,1,5,50,14,9,1,5,4,5,7,4,4,9,4,5,1,17,2,36,2,7,1,1,7,9,1,10,1,14,,44,,1,22,9,121.5290239,25.09442162
112,3,27,13,21,2,08士林區,士林區中山北路5段470巷前,0,0,1,1,B03,8,1,5,50,14,9,1,5,4,5,7,4,4,9,4,5,1,17,1,39,3,10,1,1,7,8,1,8,1,5,,7,,1,22,9,121.5290239,25.09442162
112,3,27,13,32,2,03中山區,中山區長春路與南京東路2段115巷口,0,0,1,3,B03,8,1,5,50,4,2,1,5,4,5,7,2,1,5,4,4,2,16,1,45,3,10,3,4,7,9,1,8,1,1,,44,,1,22,9,121.5339203,25.0546639
112,3,27,13,32,2,03中山區,中山區長春路與南京東路2段115巷口,0,0,1,2,B03,8,1,5,50,4,2,1,5,4,5,7,2,1,5,4,4,2,16,1,57,3,10,3,4,7,5,1,8,1,6,,44,,1,22,9,121.5339203,25.0546639
112,3,27,13,32,2,03中山區,中山區長春路與南京東路2段115巷口,0,0,1,1,C03,8,1,5,50,4,2,1,5,4,5,7,2,1,5,4,4,2,16,1,33,2,9,3,4,7,9,1,10,1,11,,23,,1,22,9,121.5339203,25.0546639
112,3,27,13,36,2,02萬華區,萬華區中華路1段與成都路口,0,0,1,1,C03,8,1,5,50,4,1,1,5,4,5,7,1,1,8,3,1,1,17,1,26,2,7,1,1,7,4,1,10,1,11,,16,,1,22,9,121.5081234,25.0422804
112,3,27,13,36,2,02萬華區,萬華區中華路1段與成都路口,0,0,1,2,B03,8,1,5,50,4,1,1,5,4,5,7,1,1,8,3,1,1,17,1,60,3,10,1,1,7,15,1,8,1,6,,44,,1,22,9,121.5081234,25.0422804
112,3,27,13,40,2,08士林區,士林區福華路與德行西路93巷2弄口口,0,0,1,2,C03,7,1,5,50,3,2,1,5,4,5,7,4,4,1,4,5,1,12,1,25,3,10,1,1,7,7,1,10,1,13,,7,,1,22,9,121.5218636,25.10482777
112,3,27,13,40,2,08士林區,士林區福華路與德行西路93巷2弄口口,0,0,1,1,C03,7,1,5,50,3,2,1,5,4,5,7,4,4,1,4,5,1,12,1,43,2,9,1,1,7,9,1,10,1,12,,13,,1,22,9,121.5218636,25.10482777
112,3,27,13,49,2,03中山區,中山區林森北路442-1號,0,0,1,2,C03,7,1,5,50,14,9,1,5,4,5,7,4,4,8,5,5,1,16,1,33,2,9,1,4,7,9,1,8,1,14,,23,,1,22,9,121.5255275,25.06062945
112,3,27,13,49,2,03中山區,中山區林森北路442-1號,0,0,1,1,B01,7,1,5,50,14,9,1,5,4,5,7,4,4,8,5,5,1,16,1,55,3,10,3,4,7,11,1,8,1,5,,10,,1,22,9,121.5255275,25.06062945
112,3,27,14,16,2,04大安區,大安區泰順街與雲和街口,0,0,1,2,C03,8,1,5,30,4,1,1,5,4,5,7,4,4,8,3,5,2,15,1,33,2,9,1,1,7,9,1,10,1,11,,23,,1,22,9,121.5312581,25.0232888
112,3,27,14,16,2,04大安區,大安區泰順街與雲和街口,0,0,1,1,B01,8,1,5,30,4,1,1,5,4,5,7,4,4,8,3,5,2,15,1,68,3,10,1,1,7,9,1,8,1,4,,6,,1,22,9,121.5312581,25.0232888
112,3,27,14,20,2,01大同區,大同區承德路2段與南京西路口,0,0,1,2,H02,8,1,5,50,14,9,1,5,4,5,7,4,4,9,4,5,2,9,1,41,3,10,1,5,7,17,8,20,10,16,,67,,1,22,9,121.5176414,25.05332421
112,3,27,14,20,2,01大同區,大同區承德路2段與南京西路口,0,0,1,3,H02,8,1,5,50,14,9,1,5,4,5,7,4,4,9,4,5,2,9,2,74,2,9,1,5,7,17,8,20,10,16,,67,,1,22,9,121.5176414,25.05332421
112,3,27,14,20,2,01大同區,大同區承德路2段與南京西路口,0,0,1,4,F03,8,1,5,50,14,9,1,5,4,5,7,4,4,9,4,5,2,9,4,0,4,11,3,4,7,15,7,19,9,15,,43,,2,22,9,121.5176414,25.05332421
112,3,27,14,20,2,01大同區,大同區承德路2段與南京西路口,0,0,1,1,A02,8,1,5,50,14,9,1,5,4,5,7,4,4,9,4,5,2,9,1,53,3,10,1,1,7,9,1,2,9,15,,43,,1,22,9,121.5176414,25.05332421
112,3,27,14,47,2,09北投區,北投區東華街2段與義理街口,0,0,1,2,B03,7,1,5,50,14,9,1,5,4,5,7,4,4,10,4,5,2,13,2,46,3,10,1,1,7,15,1,8,1,6,,44,,1,22,9,121.5147569,25.115994
112,3,27,14,47,2,09北投區,北投區東華街2段與義理街口,0,0,1,1,C03,7,1,5,50,14,9,1,5,4,5,7,4,4,10,4,5,2,13,1,44,2,8,1,1,7,9,1,10,1,11,,16,,1,22,9,121.5147569,25.115994
112,3,27,15,5,2,10文山區,文山區試院路80號與無名巷口,0,0,2,1,B03,7,1,5,50,3,2,1,5,4,5,7,4,4,9,5,5,2,17,1,20,3,10,1,1,7,1,1,8,2,4,,19,,1,22,9,121.5490073,24.9896629
112,3,27,15,5,2,10文山區,文山區試院路80號與無名巷口,0,0,2,2,C03,7,1,5,50,3,2,1,5,4,5,7,4,4,9,5,5,2,17,1,21,2,7,1,1,7,9,1,10,2,11,,44,,1,22,9,121.5490073,24.9896629
112,3,27,15,5,2,10文山區,文山區試院路80號與無名巷口,0,0,2,3,H02,7,1,5,50,3,2,1,5,4,5,7,4,4,9,5,5,2,17,2,20,2,7,1,1,7,21,8,20,10,15,,67,,1,22,9,121.5490073,24.9896629
112,3,27,15,15,2,09北投區,北投區大度路2段4號燈桿,0,0,1,1,C03,8,1,5,50,14,12,1,5,4,5,7,4,4,3,4,3,2,13,1,41,2,9,3,4,7,9,1,10,1,13,,43,,1,22,9,121.478369,25.122366
112,3,27,15,15,2,09北投區,北投區大度路2段4號燈桿,0,0,1,2,C03,8,1,5,50,14,12,1,5,4,5,7,4,4,3,4,3,2,13,1,27,3,10,3,4,7,15,1,10,1,13,,43,,1,22,9,121.478369,25.122366
112,3,27,15,30,2,05中正區,中正區中山南路與青島西路口,0,0,1,2,C03,7,1,5,50,4,1,1,5,4,5,7,1,1,9,5,5,2,17,1,56,2,9,1,1,7,9,1,10,2,14,,23,,1,22,9,121.5191519,25.0445991
112,3,27,15,30,2,05中正區,中正區中山南路與青島西路口,0,0,1,1,C03,7,1,5,50,4,1,1,5,4,5,7,1,1,9,5,5,2,17,1,46,3,10,1,1,7,7,1,10,2,15,,7,,1,22,9,121.5191519,25.0445991
112,3,27,15,35,2,12內湖區,內湖區舊宗路1段與行忠路口口,0,0,2,2,C03,7,1,5,50,3,2,1,5,4,5,7,4,4,1,4,5,2,12,1,20,2,9,1,1,7,9,1,10,1,11,,44,,1,22,9,121.575834,25.06490428
112,3,27,15,35,2,12內湖區,內湖區舊宗路1段與行忠路口口,0,0,2,3,H02,7,1,5,50,3,2,1,5,4,5,7,4,4,1,4,5,2,12,2,20,2,9,1,5,7,21,8,20,10,15,,67,,1,22,9,121.575834,25.06490428
112,3,27,15,35,2,12內湖區,內湖區舊宗路1段與行忠路口口,0,0,2,1,B03,7,1,5,50,3,2,1,5,4,5,7,4,4,1,4,5,2,12,1,61,3,10,1,1,7,6,1,8,1,6,,9,,1,22,9,121.575834,25.06490428
112,3,27,15,58,2,07信義區,信義區松仁路89號,0,0,1,2,A02,8,1,5,50,14,9,1,5,4,5,7,4,4,1,4,5,1,9,1,51,3,10,3,4,7,14,1,2,9,15,,38,,1,22,9,121.5685483,25.03714061
112,3,27,15,58,2,07信義區,信義區松仁路89號,0,0,1,3,H02,8,1,5,50,14,9,1,5,4,5,7,4,4,1,4,5,1,9,2,19,2,8,4,5,8,16,8,20,10,16,,67,,1,22,9,121.5685483,25.03714061
112,3,27,15,58,2,07信義區,信義區松仁路89號,0,0,1,1,C03,8,1,5,50,14,9,1,5,4,5,7,4,4,1,4,5,1,9,1,57,4,11,3,4,7,15,7,19,9,15,,23,,2,22,9,121.5685483,25.03714061
112,3,27,16,10,2,09北投區,北投區大同街與大業路口,0,0,1,1,F01,8,1,5,50,4,1,1,5,4,5,7,1,1,9,4,5,2,16,1,17,2,5,3,1,7,5,8,20,2,16,,8,,1,22,9,121.4990938,25.1369683
112,3,27,16,10,2,09北投區,北投區大同街與大業路口,0,0,1,2,B03,8,1,5,50,4,1,1,5,4,5,7,1,1,9,4,5,2,16,1,67,3,10,3,4,7,9,1,8,2,8,,44,,1,22,9,121.4990938,25.1369683
112,3,27,16,36,2,10文山區,文山區指南路2段與指南路2段197巷口,0,0,1,2,H01,7,1,5,50,3,1,1,5,4,5,7,1,1,5,5,5,2,2,2,13,2,9,4,2,8,16,8,20,10,16,,67,,1,23,8,121.5782749,24.9871211
112,3,27,16,36,2,10文山區,文山區指南路2段與指南路2段197巷口,0,0,1,1,B01,7,1,5,50,3,1,1,5,4,5,7,1,1,5,5,5,2,2,1,63,3,10,3,4,7,6,1,4,2,2,,15,,1,21,8,121.5782749,24.9871211
112,3,27,16,39,2,05中正區,中正區汀州路3段與汀州路3段230巷口,0,0,1,2,C03,7,1,5,50,4,1,1,5,4,5,7,4,4,5,4,5,2,17,2,44,2,9,1,1,7,9,1,10,1,14,,44,,1,22,9,121.5358974,25.01156783
112,3,27,16,39,2,05中正區,中正區汀州路3段與汀州路3段230巷口,0,0,1,1,B01,7,1,5,50,4,1,1,5,4,5,7,4,4,5,4,5,2,17,1,69,3,10,2,1,7,6,1,4,1,5,,9,,1,22,9,121.5358974,25.01156783
112,3,27,17,27,2,02萬華區,萬華區忠孝西路2段16巷與忠孝西路2段口,0,0,1,1,B03,6,1,5,50,3,1,1,4,4,5,7,4,4,1,4,4,2,12,1,36,3,10,1,1,7,6,1,8,1,5,,44,,1,22,9,121.5085803,25.04824327
112,3,27,17,27,2,02萬華區,萬華區忠孝西路2段16巷與忠孝西路2段口,0,0,1,2,C03,6,1,5,50,3,1,1,4,4,5,7,4,4,1,4,4,2,12,2,20,2,9,1,1,7,9,1,10,1,14,,23,,1,22,9,121.5085803,25.04824327
112,3,27,17,30,2,07信義區,信義區虎林街164巷與松德路168巷12弄口,0,0,1,2,F02,6,1,5,50,3,1,1,4,4,5,7,4,4,5,5,5,2,12,2,74,2,9,2,1,7,5,8,20,2,16,,8,,1,22,9,121.5736234,25.0375703
112,3,27,17,30,2,07信義區,信義區虎林街164巷與松德路168巷12弄口,0,0,1,1,B03,6,1,5,50,3,1,1,4,4,5,7,4,4,5,5,5,2,12,1,48,3,10,1,1,7,4,1,8,2,2,,17,,1,22,9,121.5736234,25.0375703
112,3,27,17,30,2,07信義區,信義區忠孝東路5段與虎林街口,0,0,1,2,C03,6,3,5,50,4,1,1,4,4,5,7,1,1,1,4,5,2,12,1,54,2,9,3,4,7,9,1,10,2,14,,44,,1,22,9,121.5768044,25.0407676
112,3,27,17,30,2,07信義區,信義區忠孝東路5段與虎林街口,0,0,1,1,B03,6,3,5,50,4,1,1,4,4,5,7,1,1,1,4,5,2,12,2,61,3,10,3,4,7,9,1,8,2,2,,17,,1,22,9,121.5768044,25.0407676
112,3,27,17,40,2,01大同區,大同區民族西路與民族西路187巷口,0,0,2,2,C03,6,1,5,0,4,1,1,4,4,5,7,2,1,9,4,5,2,15,1,26,2,9,1,1,7,9,1,10,2,14,,44,,1,22,9,121.5149087,25.06861624
112,3,27,17,40,2,01大同區,大同區民族西路與民族西路187巷口,0,0,2,1,C03,6,1,5,0,4,1,1,4,4,5,7,2,1,9,4,5,2,15,2,65,2,9,1,1,7,9,1,10,2,11,,25,,1,22,9,121.5149087,25.06861624
112,3,27,17,50,2,03中山區,中山區南京東路2段196號,0,0,1,1,B03,6,3,5,0,15,20,1,4,4,5,7,4,4,10,5,5,2,16,1,58,3,10,1,1,7,1,1,4,1,1,,19,,1,22,9,121.5355539,25.0518653
112,3,27,17,50,2,03中山區,中山區南京東路2段196號,0,0,1,2,F01,6,3,5,0,15,20,1,4,4,5,7,4,4,10,5,5,2,16,2,68,2,9,1,1,7,9,8,20,1,16,,42,,1,22,9,121.5355539,25.0518653
112,3,27,17,50,2,10文山區,文山區福興路與福興路21巷口口,0,0,1,1,B12,6,3,5,30,4,1,1,4,4,5,7,3,1,5,5,5,2,16,1,78,3,10,1,1,7,5,1,8,2,8,,23,,1,22,9,121.5513567,25.00270721
112,3,27,17,50,2,10文山區,文山區福興路與福興路21巷口口,0,0,1,2,C03,6,3,5,30,4,1,1,4,4,5,7,3,1,5,5,5,2,16,1,19,2,8,1,1,7,14,1,10,2,11,,6,,1,22,9,121.5513567,25.00270721
112,3,27,17,51,2,06松山區,松山區光復北路與富錦街口,0,0,1,2,C03,6,3,5,50,14,9,1,4,4,5,7,1,1,4,5,5,2,16,2,24,2,8,1,1,7,6,1,10,2,14,,44,,1,22,9,121.5549869,25.0603082
112,3,27,17,51,2,06松山區,松山區光復北路與富錦街口,0,0,1,1,C03,6,3,5,50,14,9,1,4,4,5,7,1,1,4,5,5,2,16,1,28,4,11,3,4,7,15,7,19,11,15,,4,,2,22,9,121.5549869,25.0603082
112,3,27,18,0,2,04大安區,大安區信義路3段與新生南路2段口,0,0,1,1,C03,6,3,5,50,4,1,1,4,4,5,7,1,1,3,4,5,1,15,1,35,3,10,1,1,7,9,1,10,1,11,,44,,1,22,9,121.532874,25.0335209
112,3,27,18,0,2,04大安區,大安區信義路3段與新生南路2段口,0,0,1,2,C03,6,3,5,50,4,1,1,4,4,5,7,1,1,3,4,5,1,15,2,55,2,8,1,1,7,9,1,10,1,11,,25,,1,22,9,121.532874,25.0335209
112,3,27,18,15,2,11南港區,南港區重陽路與重陽路57巷口,0,0,1,1,B03,6,3,5,50,3,2,1,4,4,5,7,4,4,8,5,4,2,16,1,54,3,10,3,4,7,5,1,10,1,5,,6,,1,22,9,121.5964957,25.05554018
112,3,27,18,15,2,11南港區,南港區重陽路與重陽路57巷口,0,0,1,2,C03,6,3,5,50,3,2,1,4,4,5,7,4,4,8,5,4,2,16,1,36,2,9,3,4,7,14,1,10,1,14,,44,,1,22,9,121.5964957,25.05554018
112,3,27,18,23,2,01大同區,大同區環河北路1段與民生西路口,0,0,1,2,C03,6,3,5,50,4,2,1,4,4,5,7,1,1,1,4,5,2,17,2,42,2,8,1,1,7,14,1,10,1,12,,43,,1,22,9,121.5084296,25.0568709
112,3,27,18,23,2,01大同區,大同區環河北路1段與民生西路口,0,0,1,1,A04,6,3,5,50,4,2,1,4,4,5,7,1,1,1,4,5,2,17,1,47,3,10,1,1,7,6,1,1,1,15,,43,,1,22,9,121.5084296,25.0568709
112,3,27,18,25,2,01大同區,大同區延平北路4段189號,0,0,1,1,B03,6,3,5,50,14,9,1,4,4,5,7,1,1,8,3,5,1,12,1,45,3,10,1,1,7,9,1,8,2,2,,17,,1,22,9,121.5115419,25.07407195
112,3,27,18,25,2,01大同區,大同區延平北路4段189號,0,0,1,2,C03,6,3,5,50,14,9,1,4,4,5,7,1,1,8,3,5,1,12,2,46,2,9,1,1,7,9,1,10,2,14,,17,,1,22,9,121.5115419,25.07407195
112,3,27,18,30,2,05中正區,中正區新生南路1段6號,0,0,1,1,C03,6,3,5,50,14,9,1,4,4,5,7,4,4,1,4,5,2,18,2,26,2,8,1,1,7,9,1,10,1,14,,42,,1,3,1,121.5327714,25.0440168
112,3,27,18,30,2,05中正區,中正區新生南路1段6號,0,0,1,2,,6,3,5,50,14,9,1,4,4,5,7,4,4,1,4,5,2,18,3,0,,,,,,,,,10,,,67,,1,,,121.5327714,25.0440168
112,3,27,18,37,2,07信義區,信義區松山路與松隆路口,0,0,2,1,F01,6,3,5,50,4,1,1,4,4,5,7,2,1,1,4,5,1,17,1,57,2,7,3,4,7,5,8,20,1,16,,42,,1,22,9,121.5778101,25.0480277
112,3,27,18,37,2,07信義區,信義區松山路與松隆路口,0,0,2,2,C03,6,3,5,50,4,1,1,4,4,5,7,2,1,1,4,5,1,17,1,36,2,7,3,4,7,9,1,10,1,11,,44,,1,22,9,121.5778101,25.0480277
112,3,27,18,40,2,01大同區,大同區環河北路1段與鄭州路口,0,0,1,1,C03,6,3,5,30,5,2,1,4,4,5,7,2,1,4,4,5,1,9,1,36,2,8,1,4,7,15,1,10,2,12,,13,,1,22,9,121.5067161,25.05079126
112,3,27,18,40,2,01大同區,大同區環河北路1段與鄭州路口,0,0,1,2,H03,6,3,5,30,5,2,1,4,4,5,7,2,1,4,4,5,1,9,1,65,3,10,4,5,8,18,8,20,10,16,,53,,1,22,9,121.5067161,25.05079126
112,3,27,18,53,2,10文山區,文山區木柵路5段99號對面,0,0,3,1,H01,6,3,5,50,14,9,1,4,4,5,7,4,4,4,3,5,1,1,2,76,2,5,3,5,8,16,8,20,1,16,,60,,1,22,9,121.5953357,25.00430393
112,3,27,18,53,2,10文山區,文山區木柵路5段99號對面,0,0,3,2,C03,6,3,5,50,14,9,1,4,4,5,7,4,4,4,3,5,1,1,1,28,2,7,1,4,7,9,1,10,2,11,,23,,1,22,9,121.5953357,25.00430393
112,3,27,18,53,2,10文山區,文山區木柵路5段99號對面,0,0,3,3,H02,6,3,5,50,14,9,1,4,4,5,7,4,4,4,3,5,1,1,2,26,2,7,1,5,7,21,8,20,10,16,,67,,1,22,9,121.5953357,25.00430393
112,3,27,19,0,2,09北投區,北投區學園路第1207023燈桿,0,0,1,1,B12,6,3,5,40,14,9,1,4,4,5,7,4,4,9,4,5,2,3,1,50,3,10,1,1,7,9,1,8,1,4,,23,,1,22,9,121.4661882,25.13177988
112,3,27,19,0,2,09北投區,北投區學園路第1207023燈桿,0,0,1,2,H01,6,3,5,40,14,9,1,4,4,5,7,4,4,9,4,5,2,3,2,20,2,6,4,1,8,16,8,20,10,16,,51,,1,22,9,121.4661882,25.13177988
112,3,27,19,13,2,03中山區,中山區八德路2段與遼寧街口,0,0,2,2,C03,6,3,5,50,4,2,1,4,4,5,7,2,1,9,4,5,2,16,2,44,2,9,3,4,7,9,1,10,2,11,,44,,1,22,9,121.5422109,25.0471439
112,3,27,19,13,2,03中山區,中山區八德路2段與遼寧街口,0,0,2,1,C02,6,3,5,50,4,2,1,4,4,5,7,2,1,9,4,5,2,16,1,23,2,9,3,4,7,5,1,9,2,12,,8,,1,22,9,121.5422109,25.0471439
112,3,27,19,17,2,01大同區,大同區重慶北路2段與民權西路口,0,0,2,2,C03,6,3,5,50,4,2,1,4,4,5,7,1,1,1,4,5,2,13,2,32,2,9,1,1,7,12,1,10,2,13,,44,,1,22,9,121.5136845,25.0627157
112,3,27,19,17,2,01大同區,大同區重慶北路2段與民權西路口,0,0,2,1,C03,6,3,5,50,4,2,1,4,4,5,7,1,1,1,4,5,2,13,1,24,2,9,1,1,7,9,1,10,2,11,,42,,1,22,9,121.5136845,25.0627157
112,3,27,19,40,2,09北投區,北投區中央北路4段與中央北路4段583巷口,0,0,1,1,B03,6,3,5,50,4,1,1,4,4,5,7,2,1,5,4,5,2,13,2,77,3,10,1,1,7,9,1,8,1,15,,44,,1,22,9,121.4655561,25.12589915
112,3,27,19,40,2,09北投區,北投區中央北路4段與中央北路4段583巷口,0,0,1,2,C03,6,3,5,50,4,1,1,4,4,5,7,2,1,5,4,5,2,13,2,40,2,9,1,1,7,5,1,10,1,15,,44,,1,22,9,121.4655561,25.12589915
112,3,27,19,40,2,05中正區,中正區延平南路與衡陽路口口,0,0,2,1,C03,6,3,5,50,3,2,1,4,4,5,7,2,1,9,4,5,1,16,1,23,2,9,1,1,7,5,1,10,1,14,,8,,1,18,2,121.5097621,25.0421492
112,3,27,19,40,2,05中正區,中正區延平南路與衡陽路口口,0,0,2,2,C03,6,3,5,50,3,2,1,4,4,5,7,2,1,9,4,5,1,16,1,68,2,9,1,1,7,9,1,10,1,11,,44,,1,19,5,121.5097621,25.0421492
112,3,27,20,0,2,12內湖區,內湖區成功路2段與安康路口,0,0,1,1,A02,6,3,5,50,4,1,1,4,4,5,7,2,1,1,4,5,2,12,1,51,3,10,1,1,7,5,1,2,2,5,,44,,1,22,9,121.5913205,25.06044137
112,3,27,20,0,2,12內湖區,內湖區成功路2段與安康路口,0,0,1,2,C03,6,3,5,50,4,1,1,4,4,5,7,2,1,1,4,5,2,12,1,37,2,8,1,1,7,5,1,10,2,13,,26,,1,22,9,121.5913205,25.06044137
112,3,27,20,2,2,04大安區,大安區忠孝東路4段295號,0,0,1,2,C03,6,3,5,50,14,9,1,4,4,5,7,4,4,1,4,5,2,12,1,28,2,8,1,4,7,9,1,10,9,14,,44,,1,22,9,121.5549617,25.0414571
112,3,27,20,2,2,04大安區,大安區忠孝東路4段295號,0,0,1,1,B03,6,3,5,50,14,9,1,4,4,5,7,4,4,1,4,5,2,12,1,72,4,11,3,4,7,9,1,8,9,2,,23,,1,22,9,121.5549617,25.0414571
112,3,27,20,40,2,03中山區,中山區南京東路2段與新生北路1段口,0,0,1,2,B01,6,3,5,50,4,2,1,4,4,5,7,1,1,10,4,5,2,17,1,60,3,10,1,4,7,3,6,4,1,15,,44,,1,10,9,121.5279655,25.05182022
112,3,27,20,40,2,03中山區,中山區南京東路2段與新生北路1段口,0,0,1,1,C03,6,3,5,50,4,2,1,4,4,5,7,1,1,10,4,5,2,17,2,29,2,8,1,4,7,9,1,10,1,14,,42,,1,22,9,121.5279655,25.05182022
112,3,27,21,47,2,05中正區,中正區衡陽路與重慶南路1段口口,0,0,1,1,B01,6,3,5,50,4,2,1,4,4,5,7,2,1,9,4,5,1,17,1,41,3,10,1,1,7,5,1,4,2,15,,26,,1,10,1,121.5131342,25.0422659
112,3,27,21,47,2,05中正區,中正區衡陽路與重慶南路1段口口,0,0,1,2,C03,6,3,5,50,4,2,1,4,4,5,7,2,1,9,4,5,1,17,2,24,2,9,1,1,7,9,1,10,2,12,,14,,1,21,1,121.5131342,25.0422659
112,3,27,21,48,2,09北投區,北投區中央北路3段與新興路口,0,0,2,1,C03,6,3,8,50,15,22,1,4,4,5,7,2,1,5,2,5,1,16,1,57,2,9,1,1,7,5,1,10,1,12,,6,,1,22,9,121.4867717,25.1383035
112,3,27,21,48,2,09北投區,北投區中央北路3段與新興路口,0,0,2,2,C03,6,3,8,50,15,22,1,4,4,5,7,2,1,5,2,5,1,16,1,22,2,9,1,1,7,9,1,10,1,11,,23,,1,22,9,121.4867717,25.1383035
112,3,27,22,9,2,02萬華區,萬華區環河南路2段與桂林路口口,0,0,2,3,H02,6,3,5,50,4,2,1,4,4,5,7,1,1,10,5,5,2,17,2,22,2,9,3,5,7,21,8,20,10,15,,67,,1,22,9,121.4970018,25.03849921
112,3,27,22,9,2,02萬華區,萬華區環河南路2段與桂林路口口,0,0,2,1,B03,6,3,5,50,4,2,1,4,4,5,7,1,1,10,5,5,2,17,1,36,3,10,3,4,7,6,6,18,1,15,,9,,1,22,9,121.4970018,25.03849921
112,3,27,22,9,2,02萬華區,萬華區環河南路2段與桂林路口口,0,0,2,2,C03,6,3,5,50,4,2,1,4,4,5,7,1,1,10,5,5,2,17,1,26,2,9,3,4,7,9,1,10,1,15,,44,,1,22,9,121.4970018,25.03849921
112,3,27,22,13,2,11南港區,南港區南港路1段與經貿一路口,0,0,1,1,B03,6,3,5,50,3,2,1,4,4,5,7,1,1,10,5,5,2,12,1,44,3,10,3,4,7,8,1,8,2,5,,6,,1,22,9,121.6186562,25.05478254
112,3,27,22,13,2,11南港區,南港區南港路1段與經貿一路口,0,0,1,2,C03,6,3,5,50,3,2,1,4,4,5,7,1,1,10,5,5,2,12,1,21,2,8,3,4,7,9,1,10,2,14,,44,,1,22,9,121.6186562,25.05478254
112,3,27,22,22,2,06松山區,松山區民權東路5段14號,0,0,1,2,B03,6,3,5,50,14,9,1,4,4,5,7,4,4,1,5,5,2,12,1,52,3,10,3,4,7,9,1,8,1,6,,44,,1,22,9,121.5638075,25.06294884
112,3,27,22,22,2,06松山區,松山區民權東路5段14號,0,0,1,1,C03,6,3,5,50,14,9,1,4,4,5,7,4,4,1,5,5,2,12,2,36,2,9,1,1,7,9,1,10,1,14,,42,,1,22,9,121.5638075,25.06294884
112,3,27,22,26,2,09北投區,北投區中央北路4段與大度路3段口聖景路口,0,0,1,3,B03,8,1,5,50,5,1,1,5,4,5,7,2,1,1,4,5,2,15,1,21,3,10,1,1,7,14,1,8,2,8,,44,,1,22,9,121.4644517,25.1238925
112,3,27,22,26,2,09北投區,北投區中央北路4段與大度路3段口聖景路口,0,0,1,1,B03,8,1,5,50,5,1,1,5,4,5,7,2,1,1,4,5,2,15,2,24,3,10,1,1,7,9,1,8,2,5,,25,,1,22,9,121.4644517,25.1238925
112,3,27,22,26,2,09北投區,北投區中央北路4段與大度路3段口聖景路口,0,0,1,2,C03,8,1,5,50,5,1,1,5,4,5,7,2,1,1,4,5,2,15,1,19,2,9,1,1,7,9,1,10,2,13,,44,,1,22,9,121.4644517,25.1238925
112,3,27,22,28,2,07信義區,信義區吳興街486號與吳興街口,0,0,2,1,C03,6,3,5,50,4,1,1,4,4,5,7,3,1,5,5,5,2,9,2,37,2,9,1,1,7,9,1,10,1,11,,15,,1,21,8,121.5698043,25.0233386
112,3,27,22,28,2,07信義區,信義區吳興街486號與吳興街口,0,0,2,2,H01,6,3,5,50,4,1,1,4,4,5,7,3,1,5,5,5,2,9,2,14,2,9,4,5,8,16,8,20,10,16,,67,,1,21,8,121.5698043,25.0233386