發生年度,發生月,發生日,發生時-Hours,發生分,處理別-編號,區序,肇事地點,死亡人數,2-30日死亡人數,受傷人數,當事人序號,車種,天候,光線,道路類別,速限-速度限制,道路型態,事故位置,路面狀況1,路面狀況2,路面狀況3,道路障礙1,道路障礙2,號誌1,號誌2,車道劃分-分向,車道劃分-分道1,車道劃分-分道2,車道劃分-分道3,事故類型及型態,性別,年齡,受傷程度,主要傷處,保護裝置,行動電話,車輛用途,當事者行動狀態,駕駛資格情形,駕駛執照種類,飲酒情形,車輛撞擊部位1,車輛撞擊部位2,肇因碼-個別,肇因碼-主要,個人肇逃否,職業,旅次目的,座標-X,座標-Y
112,3,27,22,35,2,08士林區,士林區中山北路7段14巷19號,0,0,1,2,C03,6,3,5,30,15,9,1,4,4,5,7,4,4,10,5,5,2,17,1,26,2,8,1,1,7,9,1,9,2,12,,42,,1,22,9,121.5323513,25.1187133
112,3,27,22,35,2,08士林區,士林區中山北路7段14巷19號,0,0,1,1,C03,6,3,5,30,15,9,1,4,4,5,7,4,4,10,5,5,2,17,1,39,3,10,1,1,7,1,1,10,2,14,,19,,1,22,9,121.5323513,25.1187133
112,3,27,23,19,2,07信義區,信義區松山路186號,0,0,1,2,C04,6,3,5,0,14,9,1,4,4,5,7,4,4,1,4,5,2,1,2,24,2,9,1,1,7,8,1,10,1,12,,44,,1,22,9,121.5777053,25.0457282
112,3,27,23,19,2,07信義區,信義區松山路186號,0,0,1,1,H01,6,3,5,0,14,9,1,4,4,5,7,4,4,1,4,5,2,1,1,46,3,10,3,5,8,16,8,20,10,15,,51,,1,22,9,121.5777053,25.0457282
112,3,28,2,17,2,07信義區,信義區松山路與松山路465巷口,0,0,1,1,C03,6,3,5,50,4,1,1,4,4,5,7,1,1,1,4,5,2,17,4,0,4,11,3,4,7,15,7,19,11,15,,43,,2,22,9,121.5779595,25.039557
112,3,28,2,17,2,07信義區,信義區松山路與松山路465巷口,0,0,1,2,C03,6,3,5,50,4,1,1,4,4,5,7,1,1,1,4,5,2,17,2,23,2,8,3,4,7,9,1,10,1,14,,43,,1,22,9,121.5779595,25.039557
112,3,28,6,36,2,03中山區,中山區民族東路336號,0,0,1,1,B03,6,1,5,50,4,1,1,4,4,5,7,1,1,1,4,5,2,16,1,65,3,10,1,1,7,5,1,8,1,2,,8,,1,22,9,121.5363276,25.0681489
112,3,28,6,36,2,03中山區,中山區民族東路336號,0,0,1,2,C03,6,1,5,50,4,1,1,4,4,5,7,1,1,1,4,5,2,16,1,35,2,9,1,1,7,9,1,10,1,11,,13,,1,22,9,121.5363276,25.0681489
112,3,28,6,40,2,12內湖區,內湖區康寧路1段與成功路3段口,0,0,1,2,H01,7,1,5,50,4,1,1,5,4,5,7,1,1,1,4,5,2,3,1,79,2,9,4,5,8,18,8,20,11,16,,67,,1,22,9,121.5909491,25.08063944
112,3,28,6,40,2,12內湖區,內湖區康寧路1段與成功路3段口,0,0,1,1,B03,7,1,5,50,4,1,1,5,4,5,7,1,1,1,4,5,2,3,1,61,3,10,1,1,7,5,1,8,11,1,,15,,1,22,9,121.5909491,25.08063944
112,3,28,7,28,2,09北投區,北投區中央北路4段與大度路3段口,0,0,1,2,C03,7,1,5,50,4,1,1,5,4,5,7,2,1,1,4,5,2,16,1,34,2,9,1,1,7,9,1,10,2,14,,44,,1,22,9,121.4641073,25.1238036
112,3,28,7,28,2,09北投區,北投區中央北路4段與大度路3段口,0,0,1,1,B01,7,1,5,50,4,1,1,5,4,5,7,2,1,1,4,5,2,16,1,63,3,10,1,1,7,6,1,4,2,5,,9,,1,22,9,121.4641073,25.1238036
112,3,28,7,49,2,02萬華區,萬華區長沙街2段與西昌街口,0,0,2,1,C03,7,1,5,50,4,1,1,4,4,5,7,1,1,5,5,5,2,16,2,40,2,8,1,1,7,5,1,10,1,11,,8,,1,22,9,121.5007906,25.04092161
112,3,28,7,49,2,02萬華區,萬華區長沙街2段與西昌街口,0,0,2,2,C03,7,1,5,50,4,1,1,4,4,5,7,1,1,5,5,5,2,16,1,39,2,9,1,1,7,9,1,10,1,11,,44,,1,22,9,121.5007906,25.04092161
112,3,28,7,49,2,11南港區,南港區昆陽街157巷與向陽路口,0,0,2,1,F02,6,1,5,50,5,1,1,4,4,5,7,1,1,1,4,5,2,15,1,71,2,3,1,1,7,9,8,20,1,16,,25,,1,22,9,121.5956967,25.05073167
112,3,28,7,49,2,11南港區,南港區昆陽街157巷與向陽路口,0,0,2,2,C03,6,1,5,50,5,1,1,4,4,5,7,1,1,1,4,5,2,15,1,77,2,8,1,1,7,1,1,10,1,14,,44,,1,22,9,121.5956967,25.05073167
112,3,28,7,51,2,12內湖區,內湖區民權東路6段280巷與民權東路6段280巷25弄口,0,0,1,1,C03,6,1,5,30,4,2,1,4,4,5,7,4,4,10,5,5,2,17,2,38,2,9,1,1,7,9,1,10,1,12,,26,,1,22,9,121.6059607,25.07147039
112,3,28,7,51,2,12內湖區,內湖區民權東路6段280巷與民權東路6段280巷25弄口,0,0,1,2,B03,6,1,5,30,4,2,1,4,4,5,7,4,4,10,5,5,2,17,1,39,3,10,1,1,7,9,1,8,1,1,,44,,1,22,9,121.6059607,25.07147039
112,3,28,7,58,2,01大同區,大同區民生西路雙連捷運站1號出口(西往東),0,0,1,2,F03,6,1,5,50,14,9,1,4,4,5,7,2,1,9,4,5,1,16,2,57,2,9,1,1,7,9,8,20,2,16,,44,,1,22,9,121.5207139,25.05760884
112,3,28,7,58,2,01大同區,大同區民生西路雙連捷運站1號出口(西往東),0,0,1,1,C03,6,1,5,50,14,9,1,4,4,5,7,2,1,9,4,5,1,16,2,58,3,10,1,1,7,15,1,10,2,12,,6,,1,22,9,121.5207139,25.05760884
112,3,28,8,10,2,12內湖區,內湖區民權東路6段56巷與民權東路6段56巷1弄口口,0,0,1,1,B03,6,1,5,50,3,2,1,4,4,5,7,4,4,10,4,4,2,17,1,25,3,10,1,1,7,5,3,18,1,1,,8,,1,22,9,121.5847196,25.06838517
112,3,28,8,10,2,12內湖區,內湖區民權東路6段56巷與民權東路6段56巷1弄口口,0,0,1,2,C03,6,1,5,50,3,2,1,4,4,5,7,4,4,10,4,4,2,17,2,39,2,9,1,1,7,14,1,10,1,11,,44,,1,22,9,121.5847196,25.06838517
112,3,28,8,15,2,07信義區,信義區吳興街257號,0,0,2,2,C03,7,1,5,30,14,9,1,5,4,5,7,4,4,8,5,5,1,3,2,39,2,9,1,1,7,9,1,10,1,11,,23,,1,22,9,121.5636756,25.0271049
112,3,28,8,15,2,07信義區,信義區吳興街257號,0,0,2,1,H01,7,1,5,30,14,9,1,5,4,5,7,4,4,8,5,5,1,3,2,66,2,9,4,5,8,16,8,20,10,16,,51,,1,22,9,121.5636756,25.0271049
112,3,28,8,26,2,12內湖區,內湖區金湖路363巷與金湖路363巷51弄口口,0,0,1,2,C03,6,1,5,30,3,1,1,4,4,5,7,4,4,10,5,5,2,17,1,44,3,10,1,1,7,9,1,10,1,12,,14,,1,22,9,121.6008253,25.07319398
112,3,28,8,26,2,12內湖區,內湖區金湖路363巷與金湖路363巷51弄口口,0,0,1,3,H02,6,1,5,30,3,1,1,4,4,5,7,4,4,10,5,5,2,17,2,43,2,8,1,5,7,21,8,20,1,15,,67,,1,22,9,121.6008253,25.07319398
112,3,28,8,26,2,12內湖區,內湖區金湖路363巷與金湖路363巷51弄口口,0,0,1,1,B03,6,1,5,30,3,1,1,4,4,5,7,4,4,10,5,5,2,17,1,40,3,10,1,1,7,5,1,8,1,5,,6,,1,22,9,121.6008253,25.07319398
112,3,28,8,40,2,02萬華區,萬華區西昌街111號,0,0,1,2,C03,7,1,5,50,14,9,1,5,4,5,7,4,4,10,5,5,1,12,1,27,2,9,1,4,7,9,1,10,1,12,,44,,1,22,9,121.500685,25.04057641
112,3,28,8,40,2,02萬華區,萬華區西昌街111號,0,0,1,3,B03,7,1,5,50,14,9,1,5,4,5,7,4,4,10,5,5,1,12,1,82,3,10,1,4,7,9,1,8,1,3,,44,,1,22,9,121.500685,25.04057641
112,3,28,8,40,2,02萬華區,萬華區西昌街111號,0,0,1,4,C03,7,1,5,50,14,9,1,5,4,5,7,4,4,10,5,5,1,12,1,31,3,10,1,4,7,9,1,10,1,11,,42,,1,22,9,121.500685,25.04057641
112,3,28,8,40,2,02萬華區,萬華區西昌街111號,0,0,1,1,B12,7,1,5,50,14,9,1,5,4,5,7,4,4,10,5,5,1,12,1,38,3,10,1,4,7,15,1,8,1,4,,40,,1,22,9,121.500685,25.04057641
112,3,28,8,40,2,12內湖區,內湖區文德路90巷與文德路66巷53弄口,0,0,1,2,C03,7,1,5,30,3,1,1,5,4,5,7,4,4,5,5,5,2,17,2,57,2,9,1,1,7,9,1,10,2,11,,14,,1,22,9,121.5824619,25.07709334
112,3,28,8,40,2,12內湖區,內湖區文德路90巷與文德路66巷53弄口,0,0,1,1,B03,7,1,5,30,3,1,1,5,4,5,7,4,4,5,5,5,2,17,1,49,3,10,1,1,7,5,1,8,2,4,,8,,1,22,9,121.5824619,25.07709334
112,3,28,8,49,2,09北投區,北投區溫泉路72號,0,0,1,1,C03,8,1,5,30,14,9,1,5,4,5,7,4,4,10,5,5,2,17,1,45,3,10,1,1,7,5,1,10,11,15,,1,,2,22,9,121.5047891,25.13530934
112,3,28,8,49,2,09北投區,北投區溫泉路72號,0,0,1,2,C03,8,1,5,30,14,9,1,5,4,5,7,4,4,10,5,5,2,17,1,28,2,8,1,1,7,9,1,10,1,14,,44,,1,22,9,121.5047891,25.13530934
112,3,28,8,49,2,09北投區,北投區溫泉路72號,0,0,1,3,B03,8,1,5,30,14,9,1,5,4,5,7,4,4,10,5,5,2,17,1,64,3,10,1,1,7,9,1,4,1,4,,44,,1,22,9,121.5047891,25.13530934
112,3,28,8,55,2,12內湖區,內湖區瑞湖街62號,0,0,1,2,C03,6,1,5,50,14,9,1,4,4,5,7,4,4,5,5,5,2,17,2,40,2,9,1,1,7,9,1,10,1,11,,44,,1,22,9,121.5759067,25.07359893
112,3,28,8,55,2,12內湖區,內湖區瑞湖街62號,0,0,1,1,C03,6,1,5,50,14,9,1,4,4,5,7,4,4,5,5,5,2,17,2,40,3,10,1,1,7,5,1,10,1,12,,8,,1,22,9,121.5759067,25.07359893
112,3,28,9,0,2,12內湖區,內湖區潭美街與安康路32巷口,0,0,1,1,A12,6,1,5,40,14,9,1,4,4,5,7,4,4,8,5,5,2,13,1,60,3,10,1,1,7,9,1,7,2,1,,16,,1,22,9,121.5949958,25.06106013
112,3,28,9,0,2,12內湖區,內湖區潭美街與安康路32巷口,0,0,1,2,C03,6,1,5,40,14,9,1,4,4,5,7,4,4,8,5,5,2,13,1,61,2,9,1,1,7,3,1,10,2,13,,44,,1,22,9,121.5949958,25.06106013
112,3,28,9,15,2,12內湖區,內湖區環山路1段與環山路1段136巷口口,0,0,1,1,C03,7,1,5,50,4,4,1,4,4,5,7,2,1,5,4,5,2,13,2,26,2,9,1,1,7,9,1,10,2,11,,23,,1,22,9,121.5691649,25.08645068
112,3,28,9,15,2,12內湖區,內湖區環山路1段與環山路1段136巷口口,0,0,1,2,C03,7,1,5,50,4,4,1,4,4,5,7,2,1,5,4,5,2,13,1,35,3,10,1,1,7,14,1,10,2,13,,44,,1,22,9,121.5691649,25.08645068
112,3,28,9,25,2,03中山區,中山區堤頂大道2段與樂群二路口,0,0,1,1,B03,7,1,5,50,4,1,1,5,4,5,7,1,1,1,4,5,2,16,1,63,3,10,1,1,7,6,1,8,1,5,,9,,1,22,9,121.5626883,25.0803932
112,3,28,9,25,2,03中山區,中山區堤頂大道2段與樂群二路口,0,0,1,2,C03,7,1,5,50,4,1,1,5,4,5,7,1,1,1,4,5,2,16,1,33,2,9,1,1,7,9,1,10,1,14,,42,,1,22,9,121.5626883,25.0803932
112,3,28,9,47,2,05中正區,中正區市民大道1段與中山北路1段口,0,0,2,1,C03,7,1,5,40,4,1,1,5,4,5,7,1,1,1,4,5,2,16,1,28,2,8,1,1,7,8,1,10,1,12,,7,,1,22,9,121.5205466,25.0479785
112,3,28,9,47,2,05中正區,中正區市民大道1段與中山北路1段口,0,0,2,2,C03,7,1,5,40,4,1,1,5,4,5,7,1,1,1,4,5,2,16,1,30,2,9,1,1,7,9,1,10,1,11,,44,,1,22,9,121.5205466,25.0479785
112,3,28,9,50,2,08士林區,士林區士商路57號與士商路74巷口,0,0,1,1,C03,7,1,5,50,3,1,1,5,4,5,7,4,4,5,5,5,1,13,2,28,2,9,1,1,7,9,1,10,1,11,,23,,1,22,9,121.5198341,25.09102263
112,3,28,9,50,2,08士林區,士林區士商路57號與士商路74巷口,0,0,1,2,B12,7,1,5,50,3,1,1,5,4,5,7,4,4,5,5,5,1,13,1,52,3,10,1,1,7,14,1,8,1,6,,44,,1,22,9,121.5198341,25.09102263
112,3,28,10,15,2,02萬華區,萬華區和平西路3段與康定路口,0,0,1,1,C03,8,1,5,50,4,1,1,5,4,5,7,2,1,5,4,4,2,16,1,19,2,9,1,1,7,9,1,10,1,11,,44,,1,22,9,121.5012607,25.03528265
112,3,28,10,15,2,02萬華區,萬華區和平西路3段與康定路口,0,0,1,2,F01,8,1,5,50,4,1,1,5,4,5,7,2,1,5,4,4,2,16,1,41,3,10,2,1,7,5,8,20,1,16,,26,,1,22,9,121.5012607,25.03528265
112,3,28,10,15,2,02萬華區,萬華區華江橋機車道與和平西路3段口,0,0,1,1,C03,7,1,5,40,3,1,1,5,4,5,7,1,1,10,5,5,1,13,2,35,3,10,1,1,7,12,1,10,1,11,,16,,1,22,9,121.4910233,25.03574859
112,3,28,10,15,2,02萬華區,萬華區華江橋機車道與和平西路3段口,0,0,1,3,C03,7,1,5,40,3,1,1,5,4,5,7,1,1,10,5,5,1,13,2,41,3,10,1,1,7,15,1,10,1,13,,44,,1,22,9,121.4910233,25.03574859
112,3,28,10,15,2,02萬華區,萬華區華江橋機車道與和平西路3段口,0,0,1,2,C03,7,1,5,40,3,1,1,5,4,5,7,1,1,10,5,5,1,13,1,19,2,9,1,1,7,12,1,10,1,13,11,44,,1,22,9,121.4910233,25.03574859
112,3,28,10,20,2,04大安區,大安區復興南路2段195號前(人行道),0,0,1,2,H01,7,1,5,0,15,20,2,5,4,5,7,4,4,10,5,5,2,9,1,51,2,8,4,5,8,16,8,20,10,16,,67,,1,22,9,121.5436523,25.0264638
112,3,28,10,20,2,04大安區,大安區復興南路2段195號前(人行道),0,0,1,1,C03,7,1,5,0,15,20,2,5,4,5,7,4,4,10,5,5,2,9,1,33,3,10,1,1,7,2,1,10,11,15,,42,,1,22,9,121.5436523,25.0264638
112,3,28,11,2,2,07信義區,信義區基隆路1段與松壽路口,0,0,1,2,C03,7,1,5,50,4,2,1,4,4,5,7,1,1,1,4,5,2,17,1,43,2,9,3,4,7,9,1,10,1,11,,44,,1,22,9,121.5614798,25.035888
112,3,28,11,2,2,07信義區,信義區基隆路1段與松壽路口,0,0,1,1,B12,7,1,5,50,4,2,1,4,4,5,7,1,1,1,4,5,2,17,1,36,3,10,3,4,7,6,1,8,1,2,,9,,1,22,9,121.5614798,25.035888
112,3,28,11,5,2,12內湖區,內湖區潭美街第505車格,0,0,1,1,B12,6,1,5,40,14,9,1,4,4,5,7,4,4,5,5,5,2,17,1,22,3,10,1,1,7,1,1,8,1,15,,19,,1,22,9,121.5756377,25.05301139
112,3,28,11,5,2,12內湖區,內湖區潭美街第505車格,0,0,1,2,C03,6,1,5,40,14,9,1,4,4,5,7,4,4,5,5,5,2,17,1,30,2,9,1,1,7,12,1,10,1,15,,13,,1,22,9,121.5756377,25.05301139
112,3,28,11,11,2,03中山區,中山區民權東路1段31號,0,0,1,1,C03,7,1,5,40,14,8,1,5,4,5,7,4,4,1,3,4,2,12,1,29,3,10,1,1,7,9,1,10,1,14,,23,,1,22,9,121.5241387,25.0628381
112,3,28,11,11,2,03中山區,中山區民權東路1段31號,0,0,1,2,C03,7,1,5,40,14,8,1,5,4,5,7,4,4,1,3,4,2,12,1,43,2,9,1,1,7,9,1,10,1,12,,44,,1,22,9,121.5241387,25.0628381
112,3,28,11,17,2,01大同區,大同區環河堤外便道玉泉疏散門旁,0,0,2,1,C03,7,1,5,40,14,9,1,5,4,5,7,2,1,10,5,5,1,16,1,83,2,9,1,1,7,9,1,10,1,12,,6,,1,22,9,121.5072272,25.05376293
112,3,28,11,17,2,01大同區,大同區環河堤外便道玉泉疏散門旁,0,0,2,2,C03,7,1,5,40,14,9,1,5,4,5,7,2,1,10,5,5,1,16,2,63,2,9,1,1,7,9,4,8,1,14,,23,,1,22,9,121.5072272,25.05376293
112,3,28,11,45,2,09北投區,北投區光明路與中央北路1段口,0,0,1,2,C03,7,1,5,50,5,1,1,5,4,5,7,3,1,1,4,5,2,15,1,41,2,9,1,1,7,9,1,10,2,12,,23,,1,22,9,121.5015261,25.1332246
112,3,28,11,45,2,09北投區,北投區光明路與中央北路1段口,0,0,1,1,B03,7,1,5,50,5,1,1,5,4,5,7,3,1,1,4,5,2,15,1,63,3,10,1,1,7,9,1,8,2,1,,6,,1,22,9,121.5015261,25.1332246
112,3,28,12,6,2,01大同區,大同區西寧北路與鄭州路口,0,0,1,2,C03,7,1,5,40,4,1,1,5,4,5,7,2,1,1,4,5,2,12,2,24,2,8,1,1,7,5,1,10,1,14,,8,,1,22,9,121.5082021,25.0506052
112,3,28,12,6,2,01大同區,大同區西寧北路與鄭州路口,0,0,1,1,B12,7,1,5,40,4,1,1,5,4,5,7,2,1,1,4,5,2,12,1,27,3,10,1,1,7,9,1,8,1,5,,26,,1,22,9,121.5082021,25.0506052
112,3,28,12,10,2,07信義區,信義區信義路5段17號,0,0,1,1,C03,6,1,5,50,14,9,1,4,4,5,7,4,4,1,4,5,2,18,1,71,2,9,1,1,7,9,1,10,1,12,,43,,1,22,9,121.5676171,25.0327834
112,3,28,12,10,2,07信義區,信義區信義路5段17號,0,0,1,2,,6,1,5,50,14,9,1,4,4,5,7,4,4,1,4,5,2,18,3,0,,,,,,,,,10,,,67,,1,,,121.5676171,25.0327834
112,3,28,12,21,2,02萬華區,萬華區中華路2段416巷與萬大路237巷13弄口,0,0,1,1,C03,7,1,5,30,4,1,1,5,4,5,7,4,4,9,5,5,2,16,2,54,2,9,1,1,7,5,1,10,1,11,,6,,1,22,9,121.5010951,25.02638372
112,3,28,12,21,2,02萬華區,萬華區中華路2段416巷與萬大路237巷13弄口,0,0,1,2,C03,7,1,5,30,4,1,1,5,4,5,7,4,4,9,5,5,2,16,1,50,3,10,1,1,7,9,1,10,1,12,,44,,1,22,9,121.5010951,25.02638372
112,3,28,13,5,2,05中正區,中正區汀州路3段與羅斯福路3段108巷口口,0,0,2,1,C03,8,1,5,50,3,2,1,5,4,5,7,4,4,5,5,5,2,12,1,21,2,9,1,1,7,8,1,10,1,12,,7,,1,22,9,121.5350114,25.0129975
112,3,28,13,5,2,05中正區,中正區汀州路3段與羅斯福路3段108巷口口,0,0,2,2,C03,8,1,5,50,3,2,1,5,4,5,7,4,4,5,5,5,2,12,2,44,2,9,1,1,7,9,1,10,1,14,,23,,1,22,9,121.5350114,25.0129975
112,3,28,13,20,2,01大同區,大同區延平北路3段與民權西路口,0,0,1,1,B03,7,1,5,50,14,9,1,5,4,5,7,2,1,9,4,5,1,13,1,45,3,10,1,1,7,8,1,8,1,7,,44,,1,22,9,121.5111445,25.06307626
112,3,28,13,20,2,01大同區,大同區延平北路3段與民權西路口,0,0,1,2,C03,7,1,5,50,14,9,1,5,4,5,7,2,1,9,4,5,1,13,1,21,2,8,1,1,7,9,1,10,1,11,,23,,1,22,9,121.5111445,25.06307626
112,3,28,13,28,2,11南港區,南港區大坑街與研究院路2段61巷口,0,0,1,1,B03,6,1,5,50,4,2,1,4,4,5,7,1,1,9,4,5,1,13,1,30,3,10,1,1,7,9,1,8,2,1,,23,,1,22,9,121.6179262,25.0454713
112,3,28,13,28,2,11南港區,南港區大坑街與研究院路2段61巷口,0,0,1,2,C03,6,1,5,50,4,2,1,4,4,5,7,1,1,9,4,5,1,13,2,26,2,1,1,1,7,14,1,10,2,13,,44,,1,22,9,121.6179262,25.0454713
112,3,28,13,35,2,11南港區,南港區南港路1段西向東捷運南展館6號出口,0,0,1,2,C03,6,1,5,50,14,9,1,4,4,5,7,4,4,1,4,5,1,17,2,32,2,9,1,4,7,9,1,10,1,11,,42,,1,22,9,121.6182952,25.05486875
112,3,28,13,35,2,11南港區,南港區南港路1段西向東捷運南展館6號出口,0,0,1,1,B01,6,1,5,50,14,9,1,4,4,5,7,4,4,1,4,5,1,17,1,56,3,10,3,4,7,1,1,3,1,8,,19,,1,22,9,121.6182952,25.05486875
112,3,28,14,1,2,01大同區,大同區台北橋機慢車道往新北市,0,0,1,1,B03,8,1,7,50,14,11,1,5,4,5,7,4,4,9,4,5,1,13,2,30,3,10,3,4,7,8,1,8,1,3,,7,,1,22,9,121.5108376,25.06308845
112,3,28,14,1,2,01大同區,大同區台北橋機慢車道往新北市,0,0,1,2,C03,8,1,7,50,14,11,1,5,4,5,7,4,4,9,4,5,1,13,1,70,2,9,3,4,7,11,1,10,1,11,,44,,1,22,9,121.5108376,25.06308845
112,3,28,14,5,2,03中山區,中山區民族東路57號,0,0,1,1,B03,8,1,5,50,14,8,1,5,4,5,7,4,4,1,4,4,2,16,1,65,3,10,3,4,7,7,1,8,1,7,,7,,1,22,9,121.5346814,25.0683785
112,3,28,14,5,2,03中山區,中山區民族東路57號,0,0,1,2,C03,8,1,5,50,14,8,1,5,4,5,7,4,4,1,4,4,2,16,1,32,2,9,1,1,7,9,1,10,1,11,,23,,1,22,9,121.5346814,25.0683785
112,3,28,14,23,2,08士林區,士林區福林路279號,0,0,1,1,B02,7,1,5,50,14,9,1,5,4,5,7,4,4,9,4,5,1,16,2,39,3,10,3,4,7,7,1,8,1,8,,7,,1,22,9,121.5356754,25.0987964
112,3,28,14,23,2,08士林區,士林區福林路279號,0,0,1,2,C03,7,1,5,50,14,9,1,5,4,5,7,4,4,9,4,5,1,16,1,20,2,9,3,4,7,9,1,10,1,12,,26,,1,22,9,121.5356754,25.0987964
112,3,28,14,45,2,12內湖區,內湖區文德路149號,0,0,2,2,A02,6,1,5,40,14,7,1,4,4,5,7,4,4,1,4,4,2,17,1,48,3,10,1,1,7,14,1,2,1,7,,44,,1,22,9,121.584605,25.07858608
112,3,28,14,45,2,12內湖區,內湖區文德路149號,0,0,2,1,C03,6,1,5,40,14,7,1,4,4,5,7,4,4,1,4,4,2,17,1,29,2,8,1,1,7,7,1,10,1,11,,23,,1,22,9,121.584605,25.07858608
112,3,28,14,45,2,12內湖區,內湖區文德路149號,0,0,2,3,C03,6,1,5,40,14,7,1,4,4,5,7,4,4,1,4,4,2,17,2,19,2,9,1,1,7,9,1,10,1,11,,23,,1,22,9,121.584605,25.07858608
112,3,28,14,55,2,09北投區,北投區承德路6段427號加油站入口處(北往南),0,0,1,2,C03,8,1,5,60,14,8,1,5,4,5,7,4,4,9,4,4,1,12,1,71,2,8,1,1,7,9,1,10,2,13,,44,,1,22,9,121.5115206,25.10807053
112,3,28,14,55,2,09北投區,北投區承德路6段427號加油站入口處(北往南),0,0,1,1,B03,8,1,5,60,14,8,1,5,4,5,7,4,4,9,4,4,1,12,2,29,3,10,1,1,7,6,1,8,2,5,,9,,1,22,9,121.5115206,25.10807053
112,3,28,15,0,2,10文山區,文山區新光路2段國五甲,0,0,1,1,C03,6,1,5,50,14,9,1,4,4,5,1,4,4,9,4,5,1,13,1,18,2,9,1,1,7,9,1,10,1,11,,23,,1,22,9,121.5994265,25.00227084
112,3,28,15,0,2,10文山區,文山區新光路2段國五甲,0,0,1,2,C03,6,1,5,50,14,9,1,4,4,5,1,4,4,9,4,5,1,13,1,22,3,10,1,1,7,13,1,10,1,12,,44,,1,22,9,121.5994265,25.00227084
112,3,28,15,10,2,06松山區,松山區民生東路4段80巷與民生東路4段80巷1弄口,0,0,1,1,B11,7,1,5,30,4,1,1,5,4,5,7,4,4,9,5,5,2,15,1,29,3,10,1,1,7,9,1,4,1,15,,6,,1,22,9,121.5529931,25.05761774
112,3,28,15,10,2,06松山區,松山區民生東路4段80巷與民生東路4段80巷1弄口,0,0,1,2,C03,7,1,5,30,4,1,1,5,4,5,7,4,4,9,5,5,2,15,1,60,2,9,1,1,7,9,1,10,1,12,,44,,1,22,9,121.5529931,25.05761774
112,3,28,15,13,2,07信義區,信義區吳興街與吳興街467巷口,0,0,2,2,C03,6,1,5,30,4,1,1,4,4,5,7,4,4,9,5,5,1,15,2,26,2,9,1,1,7,9,1,10,1,11,,6,,1,22,9,121.5691107,25.0237189
112,3,28,15,13,2,07信義區,信義區吳興街與吳興街467巷口,0,0,2,1,C04,6,1,5,30,4,1,1,4,4,5,7,4,4,9,5,5,1,15,2,70,2,9,1,1,7,9,1,11,1,11,,44,,1,22,9,121.5691107,25.0237189
112,3,28,15,36,2,06松山區,松山區健康路與塔悠路口,0,0,1,1,B01,8,1,5,50,4,1,1,4,4,5,7,1,1,1,4,4,2,16,1,64,3,10,1,1,7,8,1,4,1,2,,7,,1,22,9,121.5697309,25.0544282
112,3,28,15,36,2,06松山區,松山區健康路與塔悠路口,0,0,1,2,C03,8,1,5,50,4,1,1,4,4,5,7,1,1,1,4,4,2,16,1,37,2,9,1,1,7,9,1,10,1,14,,13,,1,22,9,121.5697309,25.0544282
112,3,28,16,0,2,02萬華區,萬華區西園路2段與西藏路口,0,0,1,1,B12,6,1,5,50,4,2,1,4,4,5,7,2,1,1,4,5,2,17,4,0,4,11,3,4,7,15,7,19,11,15,,43,,2,22,9,121.4960177,25.02874124
112,3,28,16,0,2,02萬華區,萬華區西園路2段與西藏路口,0,0,1,2,C01,6,1,5,50,4,2,1,4,4,5,7,2,1,1,4,5,2,17,1,52,2,8,1,1,7,14,1,9,1,13,,43,,1,22,9,121.4960177,25.02874124
112,3,28,16,6,2,09北投區,北投區建民路129巷與致遠一路1段46巷口,0,0,1,2,C03,7,1,5,30,4,1,1,5,4,5,7,4,4,10,5,5,2,15,1,29,2,7,1,1,7,9,1,10,1,11,,44,,1,22,9,121.5175852,25.1101439
112,3,28,16,6,2,09北投區,北投區建民路129巷與致遠一路1段46巷口,0,0,1,1,C03,7,1,5,30,4,1,1,5,4,5,7,4,4,10,5,5,2,15,1,14,3,10,1,1,7,9,2,18,1,14,,6,,1,15,9,121.5175852,25.1101439
112,3,28,16,54,2,07信義區,信義區基隆路2段與嘉興街127巷口,0,0,1,2,C03,6,1,5,50,3,1,1,4,4,5,7,1,1,1,4,5,2,12,2,21,2,9,1,1,7,9,1,10,1,14,,23,,1,22,9,121.5573129,25.0290919
112,3,28,16,54,2,07信義區,信義區基隆路2段與嘉興街127巷口,0,0,1,1,B12,6,1,5,50,3,1,1,4,4,5,7,1,1,1,4,5,2,12,1,34,3,10,1,1,7,6,1,8,1,6,,9,,1,22,9,121.5573129,25.0290919
112,3,28,16,54,2,10文山區,文山區景隆街與景隆街1巷口口,0,0,1,1,C03,6,3,5,30,4,1,1,4,4,5,7,4,4,5,5,5,2,16,1,30,2,8,1,1,7,5,1,10,2,12,,8,,1,22,9,121.5401889,24.99978331
112,3,28,16,54,2,10文山區,文山區景隆街與景隆街1巷口口,0,0,1,2,B03,6,3,5,30,4,1,1,4,4,5,7,4,4,5,5,5,2,16,1,36,3,10,1,1,7,9,1,8,2,8,,14,,1,22,9,121.5401889,24.99978331
112,3,28,17,0,2,12內湖區,內湖區內湖路2段與內湖路2段355巷口口,0,0,1,1,B03,7,2,5,50,4,1,1,5,4,5,7,2,1,10,5,5,2,16,1,21,3,10,1,1,7,5,1,8,1,4,8,8,,1,22,9,121.5918038,25.0838208
112,3,28,17,0,2,12內湖區,內湖區內湖路2段與內湖路2段355巷口口,0,0,1,2,C03,7,2,5,50,4,1,1,5,4,5,7,2,1,10,5,5,2,16,1,23,2,9,1,1,7,9,1,10,1,12,,44,,1,22,9,121.5918038,25.0838208