發生年度,發生月,發生日,發生時-Hours,發生分,處理別-編號,區序,肇事地點,死亡人數,2-30日死亡人數,受傷人數,當事人序號,車種,天候,光線,道路類別,速限-速度限制,道路型態,事故位置,路面狀況1,路面狀況2,路面狀況3,道路障礙1,道路障礙2,號誌1,號誌2,車道劃分-分向,車道劃分-分道1,車道劃分-分道2,車道劃分-分道3,事故類型及型態,性別,年齡,受傷程度,主要傷處,保護裝置,行動電話,車輛用途,當事者行動狀態,駕駛資格情形,駕駛執照種類,飲酒情形,車輛撞擊部位1,車輛撞擊部位2,肇因碼-個別,肇因碼-主要,個人肇逃否,職業,旅次目的,座標-X,座標-Y
112,3,29,8,3,2,08士林區,士林區延平北路8段2巷56弄延平幹114燈桿,0,0,1,2,B03,7,1,5,30,11,12,1,5,4,5,7,4,4,10,5,5,2,10,1,29,3,10,1,1,7,9,1,8,2,8,,44,,1,22,9,121.4934297,25.10736601
112,3,29,8,3,2,08士林區,士林區延平北路8段2巷56弄延平幹114燈桿,0,0,1,3,B12,7,1,5,30,11,12,1,5,4,5,7,4,4,10,5,5,2,10,1,48,3,10,3,1,7,13,1,8,9,4,,44,,1,22,9,121.4934297,25.10736601
112,3,29,8,5,2,08士林區,士林區文林路與雙溪街口,0,0,2,3,H02,8,1,5,50,4,2,1,5,4,5,7,1,1,10,5,4,2,17,2,27,2,9,1,1,7,17,8,20,10,16,,67,,1,22,9,121.5233945,25.0997453
112,3,29,8,5,2,08士林區,士林區文林路與雙溪街口,0,0,2,2,A02,8,1,5,50,4,2,1,5,4,5,7,1,1,10,5,4,2,17,1,52,3,10,1,1,7,9,1,2,2,1,,44,,1,22,9,121.5233945,25.0997453
112,3,29,8,5,2,08士林區,士林區文林路與雙溪街口,0,0,2,1,C03,8,1,5,50,4,2,1,5,4,5,7,1,1,10,5,4,2,17,1,25,2,9,1,1,7,5,1,10,2,12,,8,,1,22,9,121.5233945,25.0997453
112,3,29,8,15,2,12內湖區,內湖區環山路2段53巷1弄與環山路2段53巷口,0,0,1,2,F01,8,1,5,30,4,1,1,5,4,5,7,4,4,10,5,5,2,17,2,65,2,9,2,1,7,9,8,20,1,16,,44,,1,22,9,121.5735646,25.0848875
112,3,29,8,15,2,12內湖區,內湖區環山路2段53巷1弄與環山路2段53巷口,0,0,1,1,B03,8,1,5,30,4,1,1,5,4,5,7,4,4,10,5,5,2,17,1,40,3,10,1,1,7,5,1,8,1,4,,6,,1,22,9,121.5735646,25.0848875
112,3,29,8,33,2,03中山區,中山區民族東路與龍江路口,0,0,1,1,B03,7,1,5,50,3,1,1,5,4,5,7,2,1,1,5,5,1,13,1,62,3,10,3,4,7,11,1,8,1,7,,10,,1,22,9,121.5409502,25.0680923
112,3,29,8,33,2,03中山區,中山區民族東路與龍江路口,0,0,1,2,C03,7,1,5,50,3,1,1,5,4,5,7,2,1,1,5,5,1,13,1,30,2,9,3,4,7,9,1,10,1,11,,23,,1,22,9,121.5409502,25.0680923
112,3,29,8,50,2,12內湖區,內湖區陽光街與陽光街68巷102弄口,0,0,1,1,C03,8,1,5,50,3,2,1,5,4,5,7,4,4,5,5,5,2,17,1,31,2,8,1,1,7,9,1,10,1,11,,16,,1,22,9,121.5838028,25.0749984
112,3,29,8,50,2,12內湖區,內湖區陽光街與陽光街68巷102弄口,0,0,1,2,B03,8,1,5,50,3,2,1,5,4,5,7,4,4,5,5,5,2,17,2,38,3,10,1,1,7,14,1,8,1,3,,44,,1,22,9,121.5838028,25.0749984
112,3,29,8,50,2,12內湖區,內湖區陽光街與陽光街68巷102弄口,0,0,1,3,B03,8,1,5,50,3,2,1,5,4,5,7,4,4,5,5,5,2,17,1,47,3,10,1,1,7,5,1,8,1,15,,44,,1,22,9,121.5838028,25.0749984
112,3,29,8,52,2,04大安區,大安區仁愛路4段345巷5弄與延吉街口,0,0,1,1,B01,7,1,5,30,4,1,1,5,4,5,7,4,4,10,5,5,1,15,1,55,3,10,3,4,7,9,1,2,1,7,,6,,1,22,9,121.5552274,25.0384592
112,3,29,8,52,2,04大安區,大安區仁愛路4段345巷5弄與延吉街口,0,0,1,2,C03,7,1,5,30,4,1,1,5,4,5,7,4,4,10,5,5,1,15,2,23,2,8,1,1,7,9,1,10,1,11,,14,,1,22,9,121.5552274,25.0384592
112,3,29,9,0,2,12內湖區,內湖區民權東路6段129號前,0,0,1,1,B01,7,3,5,50,14,9,1,5,4,5,7,4,4,1,4,5,2,12,1,66,3,10,1,1,7,1,1,4,1,8,,19,,1,22,9,121.5937226,25.06891691
112,3,29,9,0,2,12內湖區,內湖區民權東路6段129號前,0,0,1,2,C03,7,3,5,50,14,9,1,5,4,5,7,4,4,1,4,5,2,12,2,60,2,9,1,1,7,9,1,10,1,11,,44,,1,22,9,121.5937226,25.06891691
112,3,29,9,22,2,06松山區,松山區三民路3巷5號,0,0,1,2,H01,7,1,8,30,15,20,4,5,4,5,7,4,4,10,5,5,2,9,2,71,2,9,4,4,8,16,8,20,10,16,,67,,1,22,9,121.5633001,25.05199233
112,3,29,9,22,2,06松山區,松山區三民路3巷5號,0,0,1,1,B03,7,1,8,30,15,20,4,5,4,5,7,4,4,10,5,5,2,9,1,69,3,10,3,4,7,2,1,8,1,3,,12,,1,22,9,121.5633001,25.05199233
112,3,29,9,28,2,04大安區,大安區市民大道4段190-1號與市民大道4段口,0,0,2,2,C03,8,1,5,40,3,2,1,5,4,5,7,4,4,1,4,5,2,17,1,19,2,7,1,1,7,9,1,10,1,11,,13,,1,22,9,121.554121,25.0443323
112,3,29,9,28,2,04大安區,大安區市民大道4段190-1號與市民大道4段口,0,0,2,1,C03,8,1,5,40,3,2,1,5,4,5,7,4,4,1,4,5,2,17,1,60,2,7,1,1,7,6,1,10,1,14,,9,,1,22,9,121.554121,25.0443323
112,3,29,9,46,2,05中正區,中正區忠孝東路2段與杭州南路1段口,0,0,1,1,C03,7,1,5,50,4,1,1,5,4,5,7,1,1,1,4,5,1,12,1,25,2,9,1,1,7,5,1,10,2,14,,44,,1,22,9,121.5268371,25.0440567
112,3,29,9,46,2,05中正區,中正區忠孝東路2段與杭州南路1段口,0,0,1,2,B03,7,1,5,50,4,1,1,5,4,5,7,1,1,1,4,5,1,12,2,49,3,10,1,1,7,9,1,8,2,5,,44,,1,22,9,121.5268371,25.0440567
112,3,29,9,52,2,09北投區,北投區承德路7段往北第1205081號燈桿,0,0,2,2,C03,7,1,5,60,14,9,1,5,4,5,7,4,4,1,4,5,2,12,1,19,2,9,1,1,7,9,1,10,2,12,,42,,1,18,9,121.5006228,25.1204434
112,3,29,9,52,2,09北投區,北投區承德路7段往北第1205081號燈桿,0,0,2,1,C03,7,1,5,60,14,9,1,5,4,5,7,4,4,1,4,5,2,12,1,67,2,8,1,1,7,7,1,10,2,14,,7,,1,22,9,121.5006228,25.1204434
112,3,29,10,4,2,08士林區,士林區仁民路10號,0,0,1,2,C03,8,1,5,30,11,9,1,5,4,5,1,4,4,10,5,5,1,16,1,22,2,9,1,1,7,6,1,10,1,11,,23,,1,22,9,121.5438938,25.13395654
112,3,29,10,4,2,08士林區,士林區仁民路10號,0,0,1,1,B03,8,1,5,30,11,9,1,5,4,5,1,4,4,10,5,5,1,16,1,26,3,10,1,1,7,9,1,8,1,1,,5,,1,22,9,121.5438938,25.13395654
112,3,29,10,5,2,08士林區,士林區大西路與福德路口,0,0,1,2,C03,7,1,5,30,3,1,1,5,4,5,7,4,4,5,5,5,2,29,1,32,2,9,1,1,7,9,1,10,1,12,,43,,1,22,9,121.5249397,25.09205786
112,3,29,10,5,2,08士林區,士林區大西路與福德路口,0,0,1,1,F01,7,1,5,30,3,1,1,5,4,5,7,4,4,5,5,5,2,29,3,0,3,10,2,1,7,5,8,20,11,16,,43,,1,22,9,121.5249397,25.09205786
112,3,29,10,5,1,08士林區,士林區福港街與福港街129巷口,1,0,0,1,B03,8,1,5,50,3,1,1,5,4,5,7,4,4,9,5,5,1,3,1,61,3,10,1,1,7,2,1,8,2,3,,12,,1,22,9,121.5181356,25.0886297
112,3,29,10,5,1,08士林區,士林區福港街與福港街129巷口,1,0,0,2,H01,8,1,5,50,3,1,1,5,4,5,7,4,4,9,5,5,1,3,2,79,1,9,4,5,8,16,8,20,10,16,,67,,1,22,9,121.5181356,25.0886297
112,3,29,10,15,2,08士林區,士林區中山北路5段470巷口,0,0,2,2,C03,7,1,8,50,15,22,1,5,4,5,7,4,4,1,3,1,2,17,1,20,2,9,1,1,7,9,1,10,1,11,,6,,1,22,9,121.5278743,25.09219552
112,3,29,10,15,2,08士林區,士林區中山北路5段470巷口,0,0,2,3,B02,7,1,8,50,15,22,1,5,4,5,7,4,4,1,3,1,2,17,2,59,2,2,1,1,7,14,1,8,1,4,,44,,1,22,9,121.5278743,25.09219552
112,3,29,10,15,2,08士林區,士林區中山北路5段470巷口,0,0,2,1,B03,7,1,8,50,15,22,1,5,4,5,7,4,4,1,3,1,2,17,1,53,3,10,1,1,7,6,1,8,1,2,,9,,1,22,9,121.5278743,25.09219552
112,3,29,10,20,2,04大安區,大安區忠孝東路4段170巷6弄4號,0,0,1,1,C03,7,1,5,30,14,9,1,5,4,5,7,4,4,10,5,5,2,13,2,41,2,7,1,4,7,9,1,10,1,11,,23,,1,22,9,121.5502432,25.04084233
112,3,29,10,20,2,04大安區,大安區忠孝東路4段170巷6弄4號,0,0,1,2,B03,7,1,5,30,14,9,1,5,4,5,7,4,4,10,5,5,2,13,1,34,3,10,3,4,7,6,1,8,1,6,,44,,1,22,9,121.5502432,25.04084233
112,3,29,10,28,2,05中正區,中正區北平西路與重慶北路1段口,0,0,1,1,B02,7,1,5,50,4,1,1,5,4,5,7,1,1,10,5,5,2,16,1,42,3,10,1,1,7,6,1,8,1,2,,43,,1,22,9,121.5132712,25.04826848
112,3,29,10,28,2,05中正區,中正區北平西路與重慶北路1段口,0,0,1,2,C03,7,1,5,50,4,1,1,5,4,5,7,1,1,10,5,5,2,16,1,34,2,8,1,1,7,9,1,10,1,11,,43,,1,22,9,121.5132712,25.04826848
112,3,29,11,5,2,04大安區,大安區和平東路3段208號前人行道,0,0,1,1,C03,8,1,5,50,14,20,1,5,4,5,7,4,4,10,5,5,2,1,1,58,3,10,1,1,7,9,6,10,1,11,,2,,1,22,9,121.5538682,25.0229541
112,3,29,11,5,2,04大安區,大安區和平東路3段208號前人行道,0,0,1,2,H01,8,1,5,50,14,20,1,5,4,5,7,4,4,10,5,5,2,1,1,30,2,9,4,5,8,16,8,20,1,16,,67,,1,22,9,121.5538682,25.0229541
112,3,29,11,27,2,04大安區,大安區敦化南路1段161巷與忠孝東路4段205巷口,0,0,1,1,B03,7,1,5,30,4,1,1,5,4,5,7,4,4,10,5,5,2,15,1,26,3,10,1,1,7,9,1,8,1,4,,6,,1,22,9,121.5519471,25.04348139
112,3,29,11,27,2,04大安區,大安區敦化南路1段161巷與忠孝東路4段205巷口,0,0,1,2,C03,7,1,5,30,4,1,1,5,4,5,7,4,4,10,5,5,2,15,1,33,2,9,1,1,7,9,1,10,1,11,,23,,1,22,9,121.5519471,25.04348139
112,3,29,11,58,2,12內湖區,內湖區新湖一路361號前,0,0,1,1,C03,7,1,5,40,14,9,1,4,4,5,7,4,4,9,5,5,2,29,1,26,2,8,1,1,7,11,1,10,1,14,,10,,1,22,9,121.5842483,25.06380883
112,3,29,11,58,2,12內湖區,內湖區新湖一路361號前,0,0,1,2,,7,1,5,40,14,9,1,4,4,5,7,4,4,9,5,5,2,29,3,0,,,,,,,,,,,,67,,1,,,121.5842483,25.06380883
112,3,29,11,58,2,12內湖區,內湖區新湖一路361號前,0,0,1,3,B03,7,1,5,40,14,9,1,4,4,5,7,4,4,9,5,5,2,29,1,59,3,10,1,1,7,11,1,8,1,15,,10,,1,22,9,121.5842483,25.06380883
112,3,29,12,0,2,10文山區,文山區汀州路4段與羅斯福路5段170巷口,0,0,2,2,C03,7,1,5,50,3,1,1,5,4,5,7,2,1,5,5,5,2,16,1,76,2,9,1,1,7,9,1,10,2,11,,44,,1,22,9,121.5357506,25.00483194
112,3,29,12,0,2,10文山區,文山區汀州路4段與羅斯福路5段170巷口,0,0,2,1,F01,7,1,5,50,3,1,1,5,4,5,7,2,1,5,5,5,2,16,1,26,2,8,2,1,7,5,8,20,2,16,,8,,1,22,9,121.5357506,25.00483194
112,3,29,12,28,2,04大安區,大安區仁愛路3段與仁愛路3段143巷口,0,0,1,1,B03,7,1,5,50,3,1,1,5,4,5,7,4,4,1,4,5,2,16,1,34,3,10,1,1,7,6,1,8,1,2,,9,,1,22,9,121.5429988,25.0381991
112,3,29,12,28,2,04大安區,大安區仁愛路3段與仁愛路3段143巷口,0,0,1,2,C03,7,1,5,50,3,1,1,5,4,5,7,4,4,1,4,5,2,16,1,40,2,9,1,1,7,9,1,10,1,14,,44,,1,22,9,121.5429988,25.0381991
112,3,29,12,54,2,07信義區,信義區松山路與松山路292巷口口,0,0,1,1,B03,8,1,5,50,4,2,1,5,4,5,7,1,1,10,5,5,2,13,1,66,3,10,1,1,7,5,1,8,1,1,,23,,1,22,9,121.5777344,25.0432497
112,3,29,12,54,2,07信義區,信義區松山路與松山路292巷口口,0,0,1,2,C03,8,1,5,50,4,2,1,5,4,5,7,1,1,10,5,5,2,13,1,23,2,9,1,1,7,5,1,10,1,13,,44,,1,22,9,121.5777344,25.0432497
112,3,29,13,15,2,05中正區,中正區公園路與貴陽街1段口,0,0,2,1,C03,7,1,5,50,4,2,1,5,4,5,7,1,1,5,5,5,2,17,2,43,2,9,1,1,7,5,1,10,2,12,,8,,1,22,9,121.5154108,25.0385312
112,3,29,13,15,2,05中正區,中正區公園路與貴陽街1段口,0,0,2,2,C03,7,1,5,50,4,2,1,5,4,5,7,1,1,5,5,5,2,17,1,56,2,9,1,1,7,9,1,10,2,14,,13,,1,22,9,121.5154108,25.0385312
112,3,29,13,19,2,02萬華區,萬華區中華路1段與成都路口,0,0,1,2,C03,8,1,5,50,4,1,1,5,4,5,7,1,1,1,1,3,2,11,1,26,2,9,1,1,7,9,1,10,2,11,,44,,1,22,9,121.5044234,25.0430974
112,3,29,13,19,2,02萬華區,萬華區中華路1段與成都路口,0,0,1,1,B03,8,1,5,50,4,1,1,5,4,5,7,1,1,1,1,3,2,11,1,20,3,10,2,1,7,5,6,18,2,8,,25,,1,22,9,121.5044234,25.0430974
112,3,29,13,20,2,02萬華區,萬華區永福街1號,0,0,1,1,C03,7,1,5,30,14,9,1,5,4,5,7,4,4,10,5,5,2,16,1,89,2,8,1,4,7,11,1,10,9,11,,42,,1,22,9,121.5062056,25.038137
112,3,29,13,20,2,02萬華區,萬華區永福街1號,0,0,1,2,B03,7,1,5,30,14,9,1,5,4,5,7,4,4,10,5,5,2,16,1,42,3,10,1,1,7,13,1,8,1,4,,44,,1,22,9,121.5062056,25.038137
112,3,29,13,44,2,03中山區,中山區吉林路與錦州街口,0,0,1,1,C03,7,1,5,50,4,2,1,5,4,5,7,2,1,9,4,5,2,16,1,27,2,8,3,4,7,7,1,10,1,14,,7,,1,22,9,121.5302197,25.06035801
112,3,29,13,44,2,03中山區,中山區吉林路與錦州街口,0,0,1,2,C03,7,1,5,50,4,2,1,5,4,5,7,2,1,9,4,5,2,16,1,23,3,10,3,4,7,9,1,10,1,11,,44,,1,22,9,121.5302197,25.06035801
112,3,29,13,51,2,02萬華區,萬華區寶興街80巷20號,0,0,1,1,C04,6,1,5,30,14,9,1,4,4,5,7,4,4,9,5,5,1,17,2,80,3,10,3,4,7,7,1,11,1,15,,7,,1,22,9,121.4938721,25.02571821
112,3,29,13,51,2,02萬華區,萬華區寶興街80巷20號,0,0,1,2,C03,6,1,5,30,14,9,1,4,4,5,7,4,4,9,5,5,1,17,1,59,2,9,3,4,7,9,1,10,1,15,,44,,1,22,9,121.4938721,25.02571821
112,3,29,13,56,2,10文山區,文山區興隆路3段113號,0,0,1,2,C03,6,1,5,50,14,9,1,4,4,5,7,4,4,1,4,5,2,17,2,39,2,9,1,1,7,9,1,10,2,12,,44,,1,22,9,121.5572889,24.99950021
112,3,29,13,56,2,10文山區,文山區興隆路3段113號,0,0,1,1,B01,6,1,5,50,14,9,1,4,4,5,7,4,4,1,4,5,2,17,1,53,3,10,1,1,7,1,1,4,2,4,,19,,1,22,9,121.5572889,24.99950021
112,3,29,14,0,2,03中山區,中山區敬業一路與樂群二路口,0,0,1,2,C03,8,1,5,50,4,2,1,5,4,5,7,1,1,1,4,5,1,17,2,52,2,9,1,1,7,9,1,10,2,14,,44,,1,22,9,121.5533156,25.08002755
112,3,29,14,0,2,03中山區,中山區敬業一路與樂群二路口,0,0,1,1,B12,8,1,5,50,4,2,1,5,4,5,7,1,1,1,4,5,1,17,1,36,3,10,1,1,7,6,1,8,2,5,,9,,1,22,9,121.5533156,25.08002755
112,3,29,14,5,2,08士林區,士林區延平北路5段與重慶北路4段1巷口,0,0,1,3,B03,6,1,5,50,4,2,1,4,4,5,7,1,1,1,4,5,1,16,1,44,3,10,1,1,7,13,1,8,1,8,,38,,1,22,9,121.5112979,25.07913206
112,3,29,14,5,2,08士林區,士林區延平北路5段與重慶北路4段1巷口,0,0,1,2,C03,6,1,5,50,4,2,1,4,4,5,7,1,1,1,4,5,1,16,1,44,2,7,1,1,7,9,1,10,1,14,,17,,1,22,9,121.5112979,25.07913206
112,3,29,14,5,2,08士林區,士林區延平北路5段與重慶北路4段1巷口,0,0,1,1,B12,6,1,5,50,4,2,1,4,4,5,7,1,1,1,4,5,1,16,1,22,3,10,1,1,7,9,1,8,1,2,,17,,1,22,9,121.5112979,25.07913206
112,3,29,14,50,2,03中山區,中山區中山北路3段與民族西路口,0,0,1,2,C03,7,1,5,50,4,2,1,5,4,5,7,2,1,1,4,5,2,16,1,27,2,8,3,4,7,9,1,10,1,11,,13,,1,22,9,121.522806,25.0684751
112,3,29,14,50,2,03中山區,中山區中山北路3段與民族西路口,0,0,1,1,B03,7,1,5,50,4,2,1,5,4,5,7,2,1,1,4,5,2,16,1,34,3,10,3,4,7,6,1,8,2,2,,9,,1,22,9,121.522806,25.0684751
112,3,29,15,5,2,12內湖區,內湖區內湖路1段與內湖路1段591巷口口,0,0,1,1,C03,8,1,5,50,4,1,1,5,2,5,7,2,1,1,1,4,2,9,1,32,3,10,1,1,7,9,1,10,1,15,,42,,1,22,9,121.5731129,25.08080686
112,3,29,15,5,2,12內湖區,內湖區內湖路1段與內湖路1段591巷口口,0,0,1,3,,8,1,5,50,4,1,1,5,2,5,7,2,1,1,1,4,2,9,3,0,,,,,,,,,11,,,42,,1,,,121.5731129,25.08080686
112,3,29,15,5,2,12內湖區,內湖區內湖路1段與內湖路1段591巷口口,0,0,1,2,H02,8,1,5,50,4,1,1,5,2,5,7,2,1,1,1,4,2,9,2,25,2,9,1,5,7,21,8,20,10,16,,67,,1,22,9,121.5731129,25.08080686
112,3,29,15,26,2,06松山區,松山區光復北路103巷26號,0,0,1,2,C03,7,1,5,30,14,9,1,5,4,5,7,4,4,10,5,5,2,17,1,33,2,9,1,1,7,9,1,10,2,11,,44,,1,22,9,121.5591664,25.05091737
112,3,29,15,26,2,06松山區,松山區光復北路103巷26號,0,0,1,1,B03,7,1,5,30,14,9,1,5,4,5,7,4,4,10,5,5,2,17,1,20,3,10,1,1,7,9,1,8,2,2,,6,,1,22,1,121.5591664,25.05091737
112,3,29,15,42,2,02萬華區,萬華區中華路2段與廣州街口,0,0,2,2,C03,8,1,5,50,4,2,1,5,4,5,7,2,1,1,4,4,2,17,2,40,2,9,1,1,7,9,3,18,2,11,14,13,,1,22,9,121.5062908,25.03615624
112,3,29,15,42,2,02萬華區,萬華區中華路2段與廣州街口,0,0,2,3,H02,8,1,5,50,4,2,1,5,4,5,7,2,1,1,4,4,2,17,1,57,2,9,1,5,7,20,8,20,10,15,,67,,1,22,9,121.5062908,25.03615624
112,3,29,15,42,2,02萬華區,萬華區中華路2段與廣州街口,0,0,2,1,B02,8,1,5,50,4,2,1,5,4,5,7,2,1,1,4,4,2,17,2,19,3,10,1,1,7,6,1,8,2,2,,5,,1,22,9,121.5062908,25.03615624
112,3,29,15,42,2,05中正區,中正區重慶南路3段與汀州路2段口口,0,0,2,2,C03,8,1,5,30,4,1,1,5,4,5,7,1,1,1,4,5,1,16,1,20,2,9,1,1,7,9,1,10,2,11,,42,,1,22,9,121.5165177,25.02565787
112,3,29,15,42,2,05中正區,中正區重慶南路3段與汀州路2段口口,0,0,2,3,H02,8,1,5,30,4,1,1,5,4,5,7,1,1,1,4,5,1,16,1,19,2,9,1,5,7,20,8,20,10,16,,67,,1,22,9,121.5165177,25.02565787
112,3,29,15,42,2,05中正區,中正區重慶南路3段與汀州路2段口口,0,0,2,1,B03,8,1,5,30,4,1,1,5,4,5,7,1,1,1,4,5,1,16,2,50,3,10,1,1,7,5,1,8,2,2,,6,,1,22,9,121.5165177,25.02565787
112,3,29,15,56,2,12內湖區,內湖區基湖路與瑞光路口口,0,0,1,1,C03,7,1,5,50,3,1,1,5,4,5,7,2,1,5,3,4,2,12,1,34,2,9,1,1,7,7,1,10,2,14,,7,,1,22,9,121.5650299,25.0808439
112,3,29,15,56,2,12內湖區,內湖區基湖路與瑞光路口口,0,0,1,2,B03,7,1,5,50,3,1,1,5,4,5,7,2,1,5,3,4,2,12,1,56,3,10,1,1,7,5,1,8,2,2,,44,,1,22,9,121.5650299,25.0808439
112,3,29,16,20,2,03中山區,中山區北安路538巷1弄與北安路554巷口,0,0,1,1,B03,8,1,5,50,4,1,1,5,4,5,7,1,1,5,4,5,1,17,2,45,3,10,1,1,7,5,1,8,2,15,,6,,1,22,9,121.5486282,25.08013554
112,3,29,16,20,2,03中山區,中山區北安路538巷1弄與北安路554巷口,0,0,1,2,C03,8,1,5,50,4,1,1,5,4,5,7,1,1,5,4,5,1,17,1,48,2,9,1,1,7,9,6,18,2,12,,44,,1,22,9,121.5486282,25.08013554
112,3,29,16,32,2,12內湖區,內湖區舊宗路1段與行善路口,0,0,1,1,B12,8,1,5,50,4,1,1,5,4,5,7,1,1,1,4,5,2,16,1,36,3,10,1,1,7,5,1,2,1,6,,25,,1,22,9,121.5804817,25.05889724
112,3,29,16,32,2,12內湖區,內湖區舊宗路1段與行善路口,0,0,1,2,C03,8,1,5,50,4,1,1,5,4,5,7,1,1,1,4,5,2,16,1,48,2,9,1,1,7,1,1,10,1,11,,25,,1,22,9,121.5804817,25.05889724
112,3,29,16,35,2,07信義區,信義區松仁路182號,0,0,2,1,C03,7,1,5,40,14,7,1,5,4,5,7,4,4,9,4,4,2,17,1,72,2,8,1,1,7,7,1,10,1,14,,43,,1,22,9,121.5683832,25.0275819
112,3,29,16,35,2,07信義區,信義區松仁路182號,0,0,2,2,C03,7,1,5,40,14,7,1,5,4,5,7,4,4,9,4,4,2,17,1,26,2,9,1,1,7,9,3,18,1,11,,43,,1,22,9,121.5683832,25.0275819
112,3,29,16,58,2,12內湖區,內湖區金湖路與金湖路347巷口口,0,0,2,2,C03,8,1,5,50,4,1,1,5,4,5,7,2,1,1,4,5,2,16,1,34,2,9,1,1,7,9,1,10,1,11,,13,,1,22,9,121.6018016,25.07409538
112,3,29,16,58,2,12內湖區,內湖區金湖路與金湖路347巷口口,0,0,2,1,C03,8,1,5,50,4,1,1,5,4,5,7,2,1,1,4,5,2,16,1,37,2,9,1,1,7,5,1,9,1,13,,8,,1,22,9,121.6018016,25.07409538
112,3,29,17,4,2,12內湖區,內湖區康樂街61巷與康樂街111巷口,0,0,3,2,C03,6,1,5,30,4,1,1,4,4,5,7,4,4,10,5,5,2,16,2,36,2,9,1,1,7,9,1,10,1,12,,23,,1,22,9,121.6198035,25.0706909
112,3,29,17,4,2,12內湖區,內湖區康樂街61巷與康樂街111巷口,0,0,3,3,H02,6,1,5,30,4,1,1,4,4,5,7,4,4,10,5,5,2,16,2,6,2,8,1,5,7,21,8,20,10,16,,67,,1,22,9,121.6198035,25.0706909
112,3,29,17,4,2,12內湖區,內湖區康樂街61巷與康樂街111巷口,0,0,3,1,C03,6,1,5,30,4,1,1,4,4,5,7,4,4,10,5,5,2,16,1,64,2,9,1,1,7,9,1,10,1,11,,6,,1,22,9,121.6198035,25.0706909
112,3,29,17,19,2,10文山區,文山區羅斯福路5段218巷與汀州路4段口,0,0,1,1,B03,8,1,5,50,4,1,1,5,4,5,7,4,4,5,5,5,2,16,1,61,3,10,1,1,7,1,1,8,1,1,,19,,1,22,9,121.5365073,25.0020726
112,3,29,17,19,2,10文山區,文山區羅斯福路5段218巷與汀州路4段口,0,0,1,2,C03,8,1,5,50,4,1,1,5,4,5,7,4,4,5,5,5,2,16,1,18,2,5,1,1,7,9,1,10,1,11,,14,,1,22,9,121.5365073,25.0020726
112,3,29,17,20,2,08士林區,士林區中正路與延平北路6段口,0,0,1,2,C03,8,1,5,50,4,2,1,5,4,5,7,2,1,1,4,5,1,17,1,49,2,8,1,1,7,14,1,10,11,12,,44,,1,22,9,121.509325,25.08689821
112,3,29,17,20,2,08士林區,士林區中正路與延平北路6段口,0,0,1,1,C03,8,1,5,50,4,2,1,5,4,5,7,2,1,1,4,5,1,17,1,48,3,10,1,1,7,9,7,19,11,15,,23,,1,22,9,121.509325,25.08689821
112,3,29,17,22,2,10文山區,文山區木柵路3段67號,0,0,1,1,H01,8,1,5,0,14,9,1,5,4,5,7,4,4,9,4,5,2,3,2,64,2,9,4,5,8,16,8,20,10,16,,51,,1,22,9,121.5666699,24.98858134
112,3,29,17,22,2,10文山區,文山區木柵路3段67號,0,0,1,2,C03,8,1,5,0,14,9,1,5,4,5,7,4,4,9,4,5,2,3,1,46,3,10,1,4,7,9,1,10,2,11,,23,,1,22,9,121.5666699,24.98858134
112,3,29,17,26,2,06松山區,松山區復興北路地下道北向南,0,0,2,2,C03,8,3,5,40,7,9,1,5,4,5,7,4,4,9,4,5,2,13,2,21,2,9,1,1,7,9,1,10,1,13,,42,,1,22,9,121.5442361,25.0691614
112,3,29,17,26,2,06松山區,松山區復興北路地下道北向南,0,0,2,1,C03,8,3,5,40,7,9,1,5,4,5,7,4,4,9,4,5,2,13,1,19,2,9,1,1,7,9,1,10,1,11,,16,,1,22,9,121.5442361,25.0691614
112,3,29,17,46,2,01大同區,大同區重慶北路3段往北高公橋下機車優先道,0,0,1,2,C03,8,1,5,30,14,12,1,5,4,5,7,4,4,10,5,5,2,16,2,48,2,9,1,1,7,9,1,10,2,14,,43,,1,22,9,121.515717,25.07787256
112,3,29,17,46,2,01大同區,大同區重慶北路3段往北高公橋下機車優先道,0,0,1,1,C03,8,1,5,30,14,12,1,5,4,5,7,4,4,10,5,5,2,16,1,49,3,10,1,4,7,4,1,10,2,15,,43,,1,22,9,121.515717,25.07787256
112,3,29,18,0,2,09北投區,北投區北投路1段與中央南路2段口,0,0,1,1,B03,8,1,5,50,3,1,1,5,4,5,7,4,4,9,4,5,2,16,1,51,3,10,1,1,7,5,1,8,1,8,,8,,1,22,9,121.5002427,25.1242763
112,3,29,18,0,2,09北投區,北投區北投路1段與中央南路2段口,0,0,1,2,C03,8,1,5,50,3,1,1,5,4,5,7,4,4,9,4,5,2,16,1,72,2,9,1,1,7,9,1,10,1,11,,44,,1,22,9,121.5002427,25.1242763
112,3,29,18,5,2,11南港區,南港區忠孝東路7段與忠孝東路7段596巷口,0,0,1,1,B03,8,3,5,30,3,1,1,5,4,5,7,2,1,10,5,5,2,12,2,43,3,10,1,1,7,6,1,8,2,5,,17,,1,21,8,121.6150329,25.0529358
112,3,29,18,5,2,11南港區,南港區忠孝東路7段與忠孝東路7段596巷口,0,0,1,2,C03,8,3,5,30,3,1,1,5,4,5,7,2,1,10,5,5,2,12,1,55,2,8,1,1,7,6,1,10,2,14,,17,,1,21,8,121.6150329,25.0529358
112,3,29,18,11,2,12內湖區,內湖區內湖路2段192號對面,0,0,1,1,B12,6,3,5,50,14,9,1,4,4,5,7,4,4,9,5,5,2,12,1,63,2,7,1,1,7,13,1,8,1,4,,40,,1,22,9,121.5857384,25.08092945