發生年度,發生月,發生日,發生時-Hours,發生分,處理別-編號,區序,肇事地點,死亡人數,2-30日死亡人數,受傷人數,當事人序號,車種,天候,光線,道路類別,速限-速度限制,道路型態,事故位置,路面狀況1,路面狀況2,路面狀況3,道路障礙1,道路障礙2,號誌1,號誌2,車道劃分-分向,車道劃分-分道1,車道劃分-分道2,車道劃分-分道3,事故類型及型態,性別,年齡,受傷程度,主要傷處,保護裝置,行動電話,車輛用途,當事者行動狀態,駕駛資格情形,駕駛執照種類,飲酒情形,車輛撞擊部位1,車輛撞擊部位2,肇因碼-個別,肇因碼-主要,個人肇逃否,職業,旅次目的,座標-X,座標-Y
112,3,30,10,52,2,10文山區,文山區三福街4巷與景興路46巷口口,0,0,1,1,C03,8,1,5,30,4,1,1,5,4,5,7,3,1,10,5,5,2,15,2,48,2,9,1,1,7,9,1,10,1,11,,6,,1,22,9,121.5428367,24.9960187
112,3,30,11,2,2,05中正區,中正區忠孝西路1段與中山南路口口(中山南路2巷旁),0,0,1,2,C03,8,1,5,50,14,8,1,5,4,5,7,4,4,1,4,1,2,16,2,21,2,9,1,1,7,9,1,10,1,14,,25,,1,22,9,121.5192595,25.04503089
112,3,30,11,2,2,05中正區,中正區忠孝西路1段與中山南路口口(中山南路2巷旁),0,0,1,1,B01,8,1,5,50,14,8,1,5,4,5,7,4,4,1,4,1,2,16,1,67,3,10,1,1,7,9,1,4,1,5,,44,,1,22,9,121.5192595,25.04503089
112,3,30,11,32,2,07信義區,信義區基隆路2段與光復南路口,0,0,1,2,C03,8,1,5,50,4,1,1,5,4,5,7,1,1,1,4,5,2,12,1,45,2,9,1,1,7,6,1,10,1,14,,17,,1,22,9,121.5576345,25.0299374
112,3,30,11,32,2,07信義區,信義區基隆路2段與光復南路口,0,0,1,1,B01,8,1,5,50,4,1,1,5,4,5,7,1,1,1,4,5,2,12,1,59,3,10,1,1,7,6,1,4,1,6,,17,,1,22,9,121.5576345,25.0299374
112,3,30,12,26,2,04大安區,大安區仁愛路3段123巷13弄與復興南路1段口,0,0,1,1,B12,7,1,5,50,4,2,1,5,4,5,7,2,1,1,4,5,2,12,1,26,3,10,3,4,7,6,1,8,1,2,,9,,1,22,9,121.5436066,25.0399981
112,3,30,12,26,2,04大安區,大安區仁愛路3段123巷13弄與復興南路1段口,0,0,1,2,C03,7,1,5,50,4,2,1,5,4,5,7,2,1,1,4,5,2,12,1,26,2,9,1,4,7,9,1,10,1,11,,44,,1,22,9,121.5436066,25.0399981
112,3,30,12,30,2,09北投區,北投區大業路與大度路1段口承德路7段,0,0,1,2,C03,8,1,5,50,5,1,1,5,4,5,7,1,1,9,4,5,2,17,1,47,2,7,1,1,7,11,1,10,1,11,,44,,1,22,9,121.5054245,25.1158207
112,3,30,12,30,2,09北投區,北投區大業路與大度路1段口承德路7段,0,0,1,1,C03,8,1,5,50,5,1,1,5,4,5,7,1,1,9,4,5,2,17,1,86,3,10,1,1,7,9,3,18,1,15,,37,,1,22,9,121.5054245,25.1158207
112,3,30,12,40,2,09北投區,北投區承德路6段與福國路口,0,0,1,1,B12,7,1,5,60,4,1,1,5,4,5,7,2,1,1,4,5,2,17,1,38,3,10,1,1,7,6,1,8,2,15,,6,,1,22,9,121.5122545,25.10174132
112,3,30,12,40,2,09北投區,北投區承德路6段與福國路口,0,0,1,2,C03,7,1,5,60,4,1,1,5,4,5,7,2,1,1,4,5,2,17,1,35,2,9,1,1,7,9,1,10,3,14,,13,,1,22,9,121.5122545,25.10174132
112,3,30,12,49,2,07信義區,信義區忠孝東路4段與逸仙路口,0,0,1,1,C03,8,1,5,50,3,2,1,5,4,5,7,2,1,3,4,5,1,16,2,43,3,10,3,4,7,12,1,10,1,11,,25,,1,22,9,121.5625916,25.0414612
112,3,30,12,49,2,07信義區,信義區忠孝東路4段與逸仙路口,0,0,1,2,C03,8,1,5,50,3,2,1,5,4,5,7,2,1,3,4,5,1,16,1,25,2,8,3,4,7,9,1,10,1,14,,16,,1,22,9,121.5625916,25.0414612
112,3,30,13,3,2,06松山區,松山區松河街與塔悠路口,0,0,1,1,B02,7,1,5,50,4,2,1,5,4,5,7,1,1,1,4,5,2,13,1,44,3,10,1,4,7,6,1,8,1,1,,23,,1,22,9,121.5707581,25.05115847
112,3,30,13,3,2,06松山區,松山區松河街與塔悠路口,0,0,1,2,C03,7,1,5,50,4,2,1,5,4,5,7,1,1,1,4,5,2,13,2,36,2,5,1,4,7,14,1,10,1,13,,44,,1,22,9,121.5707581,25.05115847
112,3,30,13,5,2,08士林區,士林區東山路25巷81弄,0,0,2,2,C03,7,1,5,30,14,9,1,5,4,5,6,1,1,10,5,5,1,10,1,25,2,9,1,1,7,9,1,10,1,11,,43,,1,22,9,121.5413608,25.12195888
112,3,30,13,5,2,08士林區,士林區東山路25巷81弄,0,0,2,1,C03,7,1,5,30,14,9,1,5,4,5,6,1,1,10,5,5,1,10,1,22,2,9,1,1,7,9,1,10,1,11,,43,,1,22,9,121.5413608,25.12195888
112,3,30,13,5,2,12內湖區,內湖區康樂街61巷與康樂街85巷口,0,0,2,1,C03,7,1,5,30,4,1,1,5,4,5,7,4,4,10,5,5,2,16,2,69,2,9,1,1,7,9,1,10,1,11,,6,,1,22,9,121.6195273,25.06956682
112,3,30,13,5,2,12內湖區,內湖區康樂街61巷與康樂街85巷口,0,0,2,2,C03,7,1,5,30,4,1,1,5,4,5,7,4,4,10,5,5,2,16,1,62,2,9,1,1,7,9,1,10,1,11,,6,,1,22,9,121.6195273,25.06956682
112,3,30,13,9,2,02萬華區,萬華區環河南路1段與峨眉街口,0,0,2,2,C03,8,1,5,30,3,1,1,5,4,5,7,4,4,4,3,5,2,12,1,31,2,9,1,1,7,9,1,10,1,14,,23,,1,22,9,121.501479,25.0447566
112,3,30,13,9,2,02萬華區,萬華區環河南路1段與峨眉街口,0,0,2,1,C03,8,1,5,30,3,1,1,5,4,5,7,4,4,4,3,5,2,12,1,20,2,7,1,1,7,6,1,10,1,12,,9,,1,22,9,121.501479,25.0447566
112,3,30,13,29,2,10文山區,文山區木新路2段211巷6弄與木新路2段211巷口,0,0,2,2,B01,7,1,5,30,4,1,1,5,4,5,3,4,4,10,5,5,2,15,1,63,3,10,3,4,7,9,1,4,1,8,,44,,1,22,9,121.5679814,24.9831789
112,3,30,13,29,2,10文山區,文山區木新路2段211巷6弄與木新路2段211巷口,0,0,2,1,C03,7,1,5,30,4,1,1,5,4,5,3,4,4,10,5,5,2,15,1,49,2,9,1,4,7,9,1,10,1,14,,6,,1,22,9,121.5679814,24.9831789
112,3,30,13,29,2,10文山區,文山區木新路2段211巷6弄與木新路2段211巷口,0,0,2,3,H02,7,1,5,30,4,1,1,5,4,5,3,4,4,10,5,5,2,15,2,48,2,9,3,5,7,20,8,20,1,16,,67,,1,22,9,121.5679814,24.9831789
112,3,30,13,42,2,01大同區,大同區鄭州路與西寧北路口,0,0,1,1,B03,8,1,5,40,4,1,1,5,4,5,7,1,1,1,4,5,2,17,2,34,3,10,1,1,7,9,1,8,1,5,,42,,1,22,9,121.5082021,25.0506052
112,3,30,13,42,2,01大同區,大同區鄭州路與西寧北路口,0,0,1,2,C03,8,1,5,40,4,1,1,5,4,5,7,1,1,1,4,5,2,17,2,27,2,9,1,1,7,5,1,10,1,14,,6,,1,22,9,121.5082021,25.0506052
112,3,30,14,1,2,07信義區,信義區松仁路158號,0,0,1,1,B03,8,1,5,50,14,9,1,5,4,5,7,4,4,5,4,5,2,13,2,52,3,10,3,4,7,8,1,8,1,6,,7,,1,22,9,121.568232,25.0288031
112,3,30,14,1,2,07信義區,信義區松仁路158號,0,0,1,2,C03,8,1,5,50,14,9,1,5,4,5,7,4,4,5,4,5,2,13,1,21,2,7,3,4,7,9,1,10,1,11,,16,,1,22,9,121.568232,25.0288031
112,3,30,14,20,2,08士林區,士林區中正路與中正路212巷口,0,0,1,1,B03,8,1,5,50,4,1,1,5,4,5,7,1,1,10,5,5,1,16,4,0,4,11,3,4,7,15,7,19,11,15,,43,,2,22,9,121.5263185,25.09545543
112,3,30,14,20,2,08士林區,士林區中正路與中正路212巷口,0,0,1,2,C03,8,1,5,50,4,1,1,5,4,5,7,1,1,10,5,5,1,16,1,18,2,8,1,1,7,9,1,10,9,14,,43,,1,22,9,121.5263185,25.09545543
112,3,30,14,53,2,02萬華區,萬華區環河南路2段與桂林路口,0,0,2,3,H02,8,1,5,50,5,2,1,5,4,5,7,1,1,1,5,5,2,12,1,29,2,9,1,5,7,21,8,20,10,16,,67,,1,22,9,121.4970191,25.0385045
112,3,30,14,53,2,02萬華區,萬華區環河南路2段與桂林路口,0,0,2,1,B02,8,1,5,50,5,2,1,5,4,5,7,1,1,1,5,5,2,12,1,32,3,10,1,1,7,6,1,7,1,5,,26,,1,22,9,121.4970191,25.0385045
112,3,30,14,53,2,02萬華區,萬華區環河南路2段與桂林路口,0,0,2,2,C03,8,1,5,50,5,2,1,5,4,5,7,1,1,1,5,5,2,12,1,30,2,9,1,1,7,9,1,10,1,11,,44,,1,22,9,121.4970191,25.0385045
112,3,30,15,2,2,05中正區,中正區中山南路與信義路1段口,0,0,1,2,B01,7,1,5,50,5,2,1,5,4,5,7,1,1,1,4,1,2,16,1,40,3,10,1,1,7,9,1,4,1,2,,44,,1,22,9,121.5179099,25.03865994
112,3,30,15,2,2,05中正區,中正區中山南路與信義路1段口,0,0,1,1,C03,7,1,5,50,5,2,1,5,4,5,7,1,1,1,4,1,2,16,2,22,2,9,1,1,7,5,1,10,1,14,,8,,1,22,9,121.5179099,25.03865994
112,3,30,15,22,2,04大安區,大安區師大路100號,0,0,1,2,C03,8,1,5,50,14,9,1,5,4,5,7,4,4,5,5,5,2,12,1,57,2,7,3,4,7,9,1,10,1,15,,44,,1,22,9,121.5283407,25.02224635
112,3,30,15,22,2,04大安區,大安區師大路100號,0,0,1,1,B03,8,1,5,50,14,9,1,5,4,5,7,4,4,5,5,5,2,12,1,49,3,10,3,4,7,9,1,8,1,2,,17,,1,22,9,121.5283407,25.02224635
112,3,30,16,8,2,08士林區,士林區中山北路6段與中山北路6段776巷口,0,0,1,2,B03,8,1,5,50,3,1,1,5,4,5,7,1,1,1,5,5,1,17,2,74,3,10,1,1,7,5,1,8,1,1,,6,,1,22,9,121.5285881,25.11638749
112,3,30,16,8,2,08士林區,士林區中山北路6段與中山北路6段776巷口,0,0,1,1,C03,8,1,5,50,3,1,1,5,4,5,7,1,1,1,5,5,1,17,1,30,2,9,1,1,7,9,1,10,1,14,,13,,1,22,9,121.5285881,25.11638749
112,3,30,16,20,2,05中正區,中正區承德路1段與北平西路口行人穿越道,0,0,1,2,H01,8,2,5,50,4,2,1,5,4,5,7,4,4,10,4,5,2,3,2,67,2,9,1,5,8,16,8,20,10,16,,51,,1,22,9,121.5160836,25.0474641
112,3,30,16,20,2,05中正區,中正區承德路1段與北平西路口行人穿越道,0,0,1,1,B01,8,2,5,50,4,2,1,5,4,5,7,4,4,10,4,5,2,3,1,69,3,10,1,1,7,5,1,4,2,1,,15,,1,22,9,121.5160836,25.0474641
112,3,30,16,24,2,03中山區,中山區市民高架道往西384燈桿處(八德路上方),0,0,1,1,B01,7,1,5,80,14,9,1,5,4,5,7,4,4,1,4,5,2,17,1,55,3,10,3,4,7,9,1,4,2,5,,23,,1,22,9,121.5348975,25.0449677
112,3,30,16,24,2,03中山區,中山區市民高架道往西384燈桿處(八德路上方),0,0,1,2,C02,7,1,5,80,14,9,1,5,4,5,7,4,4,1,4,5,2,17,1,54,2,8,1,1,7,14,1,9,2,15,,44,,1,22,9,121.5348975,25.0449677
112,3,30,16,38,2,12內湖區,內湖區康樂街85巷與康樂街61巷口,0,0,2,1,C03,8,1,5,30,4,2,1,5,4,5,7,4,4,10,5,5,2,17,1,19,2,9,1,1,7,9,1,10,2,11,,6,,1,22,9,121.6194843,25.06955763
112,3,30,16,38,2,12內湖區,內湖區康樂街85巷與康樂街61巷口,0,0,2,2,C03,8,1,5,30,4,2,1,5,4,5,7,4,4,10,5,5,2,17,2,56,2,9,1,1,7,9,1,10,2,14,,26,,1,22,9,121.6194843,25.06955763
112,3,30,17,10,2,07信義區,信義區忠孝東路5段與基隆路1段口,0,0,2,1,C03,7,1,5,30,4,2,1,5,4,5,7,1,1,1,4,4,2,13,1,78,2,9,1,1,7,9,1,10,2,11,,16,,1,22,9,121.5644613,25.0408952
112,3,30,17,10,2,07信義區,信義區忠孝東路5段與基隆路1段口,0,0,2,2,C03,7,1,5,30,4,2,1,5,4,5,7,1,1,1,4,4,2,13,2,60,2,7,1,1,7,14,1,10,2,13,,44,,1,22,9,121.5644613,25.0408952
112,3,30,17,16,2,06松山區,松山區八德路3段229號,0,0,1,2,B03,8,1,5,50,14,9,1,5,4,5,7,4,4,9,4,5,2,16,2,49,3,10,1,4,7,11,1,8,1,1,,10,,1,22,9,121.5572235,25.04813754
112,3,30,17,16,2,06松山區,松山區八德路3段229號,0,0,1,1,C03,8,1,5,50,14,9,1,5,4,5,7,4,4,9,4,5,2,16,1,44,2,9,1,4,7,9,1,10,1,11,,23,,1,22,9,121.5572235,25.04813754
112,3,30,17,29,2,03中山區,中山區吉林路與長春路口,0,0,2,2,F03,7,1,5,50,4,2,1,5,4,5,7,1,1,5,4,5,2,17,2,38,2,9,1,1,7,5,8,20,1,16,,8,,1,22,9,121.5301208,25.05498209
112,3,30,17,29,2,03中山區,中山區吉林路與長春路口,0,0,2,1,C04,7,1,5,50,4,2,1,5,4,5,7,1,1,5,4,5,2,17,2,33,2,9,1,1,7,9,1,8,1,11,,23,,1,22,9,121.5301208,25.05498209
112,3,30,17,32,2,03中山區,中山區長春路與復興北路口,0,0,1,1,B03,7,2,5,50,4,1,1,5,4,5,7,2,1,1,4,5,2,16,2,25,3,10,3,4,7,11,1,8,1,5,,10,,1,22,9,121.5439751,25.0546289
112,3,30,17,32,2,03中山區,中山區長春路與復興北路口,0,0,1,2,C03,7,2,5,50,4,1,1,5,4,5,7,2,1,1,4,5,2,16,1,22,2,8,1,4,7,9,3,18,1,14,,44,,1,22,9,121.5439751,25.0546289
112,3,30,17,38,2,11南港區,南港區市民大道8段335號,0,0,1,1,B03,7,3,5,50,14,9,1,5,4,5,7,4,4,9,4,5,2,11,1,41,3,10,1,1,7,6,1,8,1,5,,9,,1,22,9,121.6042347,25.05287938
112,3,30,17,38,2,11南港區,南港區市民大道8段335號,0,0,1,2,C03,7,3,5,50,14,9,1,5,4,5,7,4,4,9,4,5,2,11,1,26,2,9,1,1,7,9,1,10,1,14,,44,,1,22,9,121.6042347,25.05287938
112,3,30,17,41,2,02萬華區,萬華區寶興街160號,0,0,1,2,H01,8,3,5,50,14,9,1,5,4,5,7,4,4,5,5,5,2,8,1,33,2,8,4,5,8,17,8,20,10,16,,54,,1,22,9,121.495115,25.0243015
112,3,30,17,41,2,02萬華區,萬華區寶興街160號,0,0,1,1,B03,8,3,5,50,14,9,1,5,4,5,7,4,4,5,5,5,2,8,1,21,3,10,1,1,7,9,1,8,1,8,,23,,1,22,9,121.495115,25.0243015
112,3,30,17,52,2,05中正區,中正區金山南路1段73巷與金山南路1段口,0,0,1,2,C01,6,3,5,50,14,9,1,4,4,5,7,4,4,1,4,1,2,16,1,57,2,7,1,1,7,9,1,9,1,11,,14,,1,22,9,121.528061,25.03714458
112,3,30,17,52,2,05中正區,中正區金山南路1段73巷與金山南路1段口,0,0,1,1,B03,6,3,5,50,14,9,1,4,4,5,7,4,4,1,4,1,2,16,1,35,4,11,3,4,7,6,7,19,11,15,,9,,2,22,9,121.528061,25.03714458
112,3,30,18,2,2,07信義區,信義區和平東路3段與崇德街口,0,0,2,2,C03,6,3,5,50,5,2,1,4,4,5,7,2,1,1,4,5,2,16,1,21,2,7,1,1,7,9,1,10,1,11,,44,,1,22,9,121.5529161,25.024163
112,3,30,18,2,2,07信義區,信義區和平東路3段與崇德街口,0,0,2,1,C03,6,3,5,50,5,2,1,4,4,5,7,2,1,1,4,5,2,16,1,41,2,6,1,1,7,6,1,10,1,12,,9,,1,22,9,121.5529161,25.024163
112,3,30,18,42,2,02萬華區,萬華區漢口街2段117號,0,0,2,1,H01,7,3,5,0,14,9,1,5,4,5,7,4,4,10,3,5,2,3,1,57,2,7,4,5,8,16,8,20,10,16,,51,,1,22,9,121.5041007,25.0463748
112,3,30,18,42,2,02萬華區,萬華區漢口街2段117號,0,0,2,2,C03,7,3,5,0,14,9,1,5,4,5,7,4,4,10,3,5,2,3,2,28,2,9,1,1,7,9,1,10,1,11,,23,,1,22,9,121.5041007,25.0463748
112,3,30,18,56,2,05中正區,中正區師大路212號,0,0,1,2,C02,8,3,5,50,14,9,1,5,4,5,7,4,4,1,4,5,2,12,1,28,2,9,1,4,7,9,1,9,1,14,,44,,1,22,9,121.5226367,25.0205922
112,3,30,18,56,2,05中正區,中正區師大路212號,0,0,1,1,B02,8,3,5,50,14,9,1,5,4,5,7,4,4,1,4,5,2,12,1,61,3,10,3,4,7,9,1,8,1,5,,23,,1,22,9,121.5226367,25.0205922
112,3,30,19,5,2,03中山區,中山區中山北路4段與新生高架道口匝道口,0,0,1,1,C03,8,3,5,30,4,1,1,5,4,5,7,1,1,1,3,5,1,16,2,49,2,9,1,1,7,9,1,10,1,11,,25,,1,22,9,121.5251311,25.0768317
112,3,30,19,5,2,03中山區,中山區中山北路4段與新生高架道口匝道口,0,0,1,2,B03,8,3,5,30,4,1,1,5,4,5,7,1,1,1,3,5,1,16,1,48,3,10,1,1,7,9,1,8,1,6,,44,,1,22,9,121.5251311,25.0768317
112,3,30,19,12,2,06松山區,松山區民權大橋往松山方向下橋處,0,0,1,1,B01,8,3,5,50,14,9,1,5,4,5,7,4,4,8,3,4,1,13,1,70,3,10,3,1,7,9,1,4,1,1,,23,,1,22,9,121.5691437,25.06400168
112,3,30,19,12,2,06松山區,松山區民權大橋往松山方向下橋處,0,0,1,2,B03,8,3,5,50,14,9,1,5,4,5,7,4,4,8,3,4,1,13,1,63,2,9,3,1,7,14,1,8,1,7,,44,,1,22,9,121.5691437,25.06400168
112,3,30,19,20,2,04大安區,大安區延吉街與延吉街137巷口,0,0,2,1,C03,8,3,5,50,3,1,1,5,4,5,7,4,4,9,4,5,1,12,2,54,2,8,3,4,7,9,1,10,1,11,,4,,1,22,9,121.5543112,25.0420603
112,3,30,19,20,2,04大安區,大安區延吉街與延吉街137巷口,0,0,2,2,C03,8,3,5,50,3,1,1,5,4,5,7,4,4,9,4,5,1,12,1,28,2,8,3,4,7,5,1,10,1,14,,26,,1,22,9,121.5543112,25.0420603
112,3,30,20,45,2,07信義區,信義區林口街80巷與大道路口口,0,0,1,2,C03,8,3,5,30,4,1,1,5,4,5,7,4,4,9,4,5,2,15,2,52,2,8,1,1,7,9,1,10,1,11,,44,,1,22,9,121.5826234,25.04043458
112,3,30,20,45,2,07信義區,信義區林口街80巷與大道路口口,0,0,1,1,C03,8,3,5,30,4,1,1,5,4,5,7,4,4,9,4,5,2,15,1,21,3,10,1,1,7,9,1,10,1,11,,6,,1,22,9,121.5826234,25.04043458
112,3,30,20,47,2,08士林區,士林區通河西街1段與通河西街1段口堤外道路,0,0,1,1,B03,8,1,5,30,4,1,1,5,4,5,7,4,4,10,5,5,2,17,1,27,3,10,1,1,7,5,1,8,1,4,,6,,1,22,9,121.5026996,25.09399193
112,3,30,20,47,2,08士林區,士林區通河西街1段與通河西街1段口堤外道路,0,0,1,2,C03,8,1,5,30,4,1,1,5,4,5,7,4,4,10,5,5,2,17,1,20,2,9,1,1,7,9,1,10,1,11,,14,,1,22,9,121.5026996,25.09399193
112,3,30,20,55,2,09北投區,北投區公館路432號,0,0,1,2,B03,8,3,5,50,14,9,1,5,4,5,7,4,4,9,4,5,2,12,1,65,3,10,1,1,7,9,1,8,1,2,,44,,1,22,9,121.5025646,25.12115792
112,3,30,20,55,2,09北投區,北投區公館路432號,0,0,1,1,C03,8,3,5,50,14,9,1,5,4,5,7,4,4,9,4,5,2,12,2,50,2,9,1,1,7,7,1,10,1,14,,7,,1,22,9,121.5025646,25.12115792
112,3,30,22,0,2,04大安區,大安區和平東路2段與復興南路2段口,0,0,1,1,F01,8,3,5,50,4,2,1,5,4,5,7,2,1,1,4,5,1,12,1,25,2,8,3,4,7,9,8,20,2,16,,53,,1,22,9,121.5433671,25.0247092
112,3,30,22,0,2,04大安區,大安區和平東路2段與復興南路2段口,0,0,1,2,B03,8,3,5,50,4,2,1,5,4,5,7,2,1,1,4,5,1,12,1,24,3,10,3,4,7,6,1,8,2,5,,9,,1,22,9,121.5433671,25.0247092
112,3,30,22,40,2,12內湖區,內湖區康寧路3段與康寧路3段16巷口,0,0,1,1,B03,8,3,5,50,4,1,1,5,4,5,7,2,1,1,4,4,1,16,1,33,3,10,1,1,7,5,1,8,2,1,,8,,1,22,9,121.6100653,25.07125432
112,3,30,22,40,2,12內湖區,內湖區康寧路3段與康寧路3段16巷口,0,0,1,2,C03,8,3,5,50,4,1,1,5,4,5,7,2,1,1,4,4,1,16,2,41,2,9,1,1,7,9,1,10,2,14,,44,,1,22,9,121.6100653,25.07125432
112,3,30,22,50,2,01大同區,大同區環河北路2段207號,0,0,1,1,C03,8,3,5,50,14,9,1,5,4,5,7,4,4,1,4,5,2,17,1,25,3,10,3,4,7,9,1,10,1,15,,42,,1,22,9,121.5093279,25.0693081
112,3,30,22,50,2,01大同區,大同區環河北路2段207號,0,0,1,3,B12,8,3,5,50,14,9,1,5,4,5,7,4,4,1,4,5,2,17,3,45,,,,,,,,,10,,,67,,1,,,121.5093279,25.0693081
112,3,30,22,50,2,01大同區,大同區環河北路2段207號,0,0,1,2,C04,8,3,5,50,14,9,1,5,4,5,7,4,4,1,4,5,2,17,1,27,2,8,3,4,7,9,1,10,1,12,,42,,1,22,9,121.5093279,25.0693081
112,3,30,23,11,2,03中山區,中山區南京東路1段與林森北路口,0,0,1,2,C03,7,3,5,40,14,8,1,5,4,5,7,4,4,3,4,4,2,12,1,38,3,10,1,1,7,11,1,10,1,14,,44,,1,22,9,121.5252378,25.0522275
112,3,30,23,11,2,03中山區,中山區南京東路1段與林森北路口,0,0,1,1,C03,7,3,5,40,14,8,1,5,4,5,7,4,4,3,4,4,2,12,2,36,2,7,1,1,7,8,1,10,1,12,,7,,1,22,9,121.5252378,25.0522275
112,3,31,0,39,2,04大安區,大安區忠孝東路4段77巷與敦化南路1段190巷口,0,0,1,2,B01,8,3,5,30,4,1,1,5,4,5,7,4,4,10,5,5,2,15,1,61,3,10,3,4,7,9,1,4,5,1,,23,,1,22,9,121.5472127,25.04263018
112,3,31,0,39,2,04大安區,大安區忠孝東路4段77巷與敦化南路1段190巷口,0,0,1,1,B01,8,3,5,30,4,1,1,5,4,5,7,4,4,10,5,5,2,15,1,61,2,2,3,4,7,9,1,4,2,2,,6,,1,22,9,121.5472127,25.04263018
112,3,31,1,52,2,04大安區,大安區仁愛路4段與忠孝東路4段216巷口,0,0,1,1,B01,6,3,5,50,4,2,1,4,4,5,7,2,1,1,4,5,2,17,1,55,3,10,1,1,7,9,1,2,1,15,,43,,1,21,8,121.5529216,25.0380197
112,3,31,1,52,2,04大安區,大安區仁愛路4段與忠孝東路4段216巷口,0,0,1,2,C03,6,3,5,50,4,2,1,4,4,5,7,2,1,1,4,5,2,17,1,34,2,9,1,1,7,9,1,10,1,15,,43,,1,21,8,121.5529216,25.0380197
112,3,31,2,20,2,03中山區,中山區中山北路2段與民生西路口,0,0,1,1,C03,6,3,5,50,4,1,1,4,4,5,7,2,1,1,1,1,1,12,1,19,3,10,3,4,7,5,1,10,1,14,,26,,1,22,9,121.5228956,25.05785062
112,3,31,2,20,2,03中山區,中山區中山北路2段與民生西路口,0,0,1,2,B01,6,3,5,50,4,1,1,4,4,5,7,2,1,1,1,1,1,12,1,53,3,10,3,4,7,9,1,1,1,2,,13,,1,22,9,121.5228956,25.05785062
112,3,31,2,20,2,03中山區,中山區中山北路2段與民生西路口,0,0,1,3,H02,6,3,5,50,4,1,1,4,4,5,7,2,1,1,1,1,1,12,1,22,2,1,4,5,7,20,8,20,1,16,,67,,1,22,9,121.5228956,25.05785062
112,3,31,2,52,2,07信義區,信義區忠孝東路4段與逸仙路口,0,0,1,1,B01,6,3,5,50,3,1,1,4,4,5,7,2,1,3,4,5,2,17,1,32,3,10,1,1,7,9,1,4,1,4,,25,,1,22,9,121.5616247,25.0412087
112,3,31,2,52,2,07信義區,信義區忠孝東路4段與逸仙路口,0,0,1,2,B01,6,3,5,50,3,1,1,4,4,5,7,2,1,3,4,5,2,17,1,54,3,10,1,1,7,5,1,4,1,1,,44,,1,22,9,121.5616247,25.0412087
112,3,31,2,52,2,07信義區,信義區忠孝東路4段與逸仙路口,0,0,1,3,H02,6,3,5,50,3,1,1,4,4,5,7,2,1,3,4,5,2,17,1,22,2,1,2,5,7,20,8,20,10,16,,67,,1,22,9,121.5616247,25.0412087
112,3,31,5,18,2,05中正區,中正區林森南路與徐州路口,0,0,1,1,B11,6,3,5,50,4,2,1,4,4,5,7,2,1,5,4,5,2,17,1,26,3,10,1,1,7,6,1,4,2,6,,9,,1,22,9,121.5221598,25.0409893
112,3,31,5,18,2,05中正區,中正區林森南路與徐州路口,0,0,1,2,C03,6,3,5,50,4,2,1,4,4,5,7,2,1,5,4,5,2,17,1,59,2,9,1,1,7,9,1,10,2,11,,44,,1,22,9,121.5221598,25.0409893
112,3,31,6,50,2,04大安區,大安區市民大道3段與安東街40巷口,0,0,2,2,C03,8,1,5,40,3,2,1,5,4,5,7,4,4,10,4,5,2,13,2,56,2,9,1,1,7,14,1,10,1,13,,44,,1,22,9,121.5405402,25.0444656
112,3,31,6,50,2,04大安區,大安區市民大道3段與安東街40巷口,0,0,2,1,C03,8,1,5,40,3,2,1,5,4,5,7,4,4,10,4,5,2,13,1,39,2,9,1,1,7,9,1,10,1,11,,16,,1,22,9,121.5405402,25.0444656
112,3,31,6,54,2,12內湖區,內湖區潭美街223號,0,0,3,3,C03,8,1,5,40,14,9,1,5,4,5,7,4,4,9,5,5,2,13,1,26,2,9,1,1,7,6,1,10,1,13,,44,,1,22,9,121.5856745,25.0562117
112,3,31,6,54,2,12內湖區,內湖區潭美街223號,0,0,3,2,C03,8,1,5,40,14,9,1,5,4,5,7,4,4,9,5,5,2,13,1,47,2,9,1,1,7,12,1,10,1,13,,44,,1,22,9,121.5856745,25.0562117
112,3,31,6,54,2,12內湖區,內湖區潭美街223號,0,0,3,1,C03,8,1,5,40,14,9,1,5,4,5,7,4,4,9,5,5,2,13,2,41,2,7,1,1,7,9,1,10,1,11,,16,,1,22,9,121.5856745,25.0562117
112,3,31,7,11,2,05中正區,中正區寧波西街252號前,0,0,2,1,C03,7,1,5,30,14,9,1,4,4,3,5,4,4,10,5,5,1,17,1,75,2,8,1,1,7,1,6,10,1,14,,19,,1,22,9,121.510716,25.02641726
112,3,31,7,11,2,05中正區,中正區寧波西街252號前,0,0,2,2,C03,7,1,5,30,14,9,1,4,4,3,5,4,4,10,5,5,1,17,1,27,2,9,1,1,7,9,1,10,1,11,,14,,1,22,9,121.510716,25.02641726
112,3,31,7,15,2,07信義區,信義區基隆路1段129號對面,0,0,2,2,C03,8,1,5,50,14,9,1,5,4,5,7,4,4,9,4,5,2,13,1,28,2,8,1,1,7,9,1,10,1,11,,16,,1,22,9,121.5659748,25.0438535
112,3,31,7,15,2,07信義區,信義區基隆路1段129號對面,0,0,2,3,C03,8,1,5,50,14,9,1,5,4,5,7,4,4,9,4,5,2,13,1,45,2,8,1,1,7,9,1,10,1,13,,13,,1,22,9,121.5659748,25.0438535
112,3,31,7,15,2,07信義區,信義區基隆路1段129號對面,0,0,2,1,A04,8,1,5,50,14,9,1,5,4,5,7,4,4,9,4,5,2,13,4,0,4,11,3,4,7,15,7,19,11,15,,43,,2,22,9,121.5659748,25.0438535