發生年度,發生月,發生日,發生時-Hours,發生分,處理別-編號,區序,肇事地點,死亡人數,2-30日死亡人數,受傷人數,當事人序號,車種,天候,光線,道路類別,速限-速度限制,道路型態,事故位置,路面狀況1,路面狀況2,路面狀況3,道路障礙1,道路障礙2,號誌1,號誌2,車道劃分-分向,車道劃分-分道1,車道劃分-分道2,車道劃分-分道3,事故類型及型態,性別,年齡,受傷程度,主要傷處,保護裝置,行動電話,車輛用途,當事者行動狀態,駕駛資格情形,駕駛執照種類,飲酒情形,車輛撞擊部位1,車輛撞擊部位2,肇因碼-個別,肇因碼-主要,個人肇逃否,職業,旅次目的,座標-X,座標-Y
112,3,31,7,23,2,09北投區,北投區承德路6段與福國路口,0,0,1,1,C03,7,1,5,60,14,12,1,5,4,5,7,4,4,8,3,5,2,13,1,18,2,1,1,1,7,9,1,10,1,11,,43,,1,22,9,121.5122135,25.10175654
112,3,31,7,23,2,09北投區,北投區承德路6段與福國路口,0,0,1,2,C03,7,1,5,60,14,12,1,5,4,5,7,4,4,8,3,5,2,13,1,51,3,10,1,1,7,9,1,10,1,13,,43,,1,22,9,121.5122135,25.10175654
112,3,31,7,38,2,03中山區,中山區民權東路1段56號,0,0,2,1,C03,8,1,5,40,14,8,1,5,4,5,7,4,4,1,4,4,2,13,2,38,2,9,1,1,7,9,1,10,1,11,,23,,2,22,9,121.5245417,25.0626106
112,3,31,7,38,2,03中山區,中山區民權東路1段56號,0,0,2,2,C03,8,1,5,40,14,8,1,5,4,5,7,4,4,1,4,4,2,13,2,43,2,9,1,1,7,9,1,10,1,13,,44,,1,22,9,121.5245417,25.0626106
112,3,31,7,54,2,02萬華區,萬華區和平西路3段與和平西路3段286巷口,0,0,2,2,H01,8,1,5,50,4,1,1,5,4,5,7,4,4,1,5,5,2,3,1,71,2,9,4,5,8,18,8,20,1,16,,51,,1,22,9,121.4949783,25.03533717
112,3,31,7,54,2,02萬華區,萬華區和平西路3段與和平西路3段286巷口,0,0,2,1,C03,8,1,5,50,4,1,1,5,4,5,7,4,4,1,5,5,2,3,1,23,2,9,1,1,7,9,1,10,1,11,,23,,1,22,9,121.4949783,25.03533717
112,3,31,8,0,2,05中正區,中正區鄭州路與重慶北路1段口,0,0,1,2,C03,8,1,5,40,14,9,1,5,4,5,7,1,1,1,4,1,2,16,1,47,3,10,1,1,7,9,1,10,1,12,,17,,1,22,9,121.5133528,25.04924507
112,3,31,8,0,2,05中正區,中正區鄭州路與重慶北路1段口,0,0,1,1,C03,8,1,5,40,14,9,1,5,4,5,7,1,1,1,4,1,2,16,1,16,2,8,1,1,7,9,2,18,1,14,,17,,1,22,9,121.5133528,25.04924507
112,3,31,8,2,2,10文山區,文山區保儀路與永安街22巷口,0,0,1,1,C03,8,1,8,50,15,22,1,5,4,5,7,4,4,9,5,5,2,16,1,20,2,9,3,4,7,1,1,10,1,11,,19,,1,22,9,121.5682435,24.9866859
112,3,31,8,2,2,10文山區,文山區保儀路與永安街22巷口,0,0,1,2,C03,8,1,8,50,15,22,1,5,4,5,7,4,4,9,5,5,2,16,1,24,3,10,2,4,7,9,1,10,1,13,,42,,1,22,9,121.5682435,24.9866859
112,3,31,8,5,2,03中山區,中山區民族東路與新生北路3段口,0,0,2,1,C03,7,1,5,50,4,1,1,5,4,5,7,1,1,9,4,5,2,12,1,30,2,7,1,1,7,5,1,10,2,12,,8,,1,22,9,121.5279878,25.06834359
112,3,31,8,5,2,03中山區,中山區民族東路與新生北路3段口,0,0,2,2,C03,7,1,5,50,4,1,1,5,4,5,7,1,1,9,4,5,2,12,2,37,2,9,1,1,7,9,1,10,2,11,,13,,1,22,9,121.5279878,25.06834359
112,3,31,8,9,2,07信義區,信義區市民大道5段277號對面,0,0,2,3,H02,8,1,5,40,14,9,1,5,4,5,7,4,4,9,4,5,2,13,2,26,2,9,1,5,7,20,8,20,10,16,,67,,1,22,9,121.5677055,25.04871824
112,3,31,8,9,2,07信義區,信義區市民大道5段277號對面,0,0,2,1,C03,8,1,5,40,14,9,1,5,4,5,7,4,4,9,4,5,2,13,2,27,2,9,1,1,7,9,1,10,1,11,,16,,1,22,9,121.5677055,25.04871824
112,3,31,8,9,2,07信義區,信義區市民大道5段277號對面,0,0,2,2,C03,8,1,5,40,14,9,1,5,4,5,7,4,4,9,4,5,2,13,1,25,3,10,1,1,7,9,1,10,1,13,,44,,1,22,9,121.5677055,25.04871824
112,3,31,8,13,2,04大安區,大安區基隆路3段155巷50號,0,0,2,2,C03,8,1,5,30,14,9,1,5,4,5,7,4,4,9,3,5,1,13,2,23,2,8,1,1,7,5,1,10,1,14,,44,,1,22,9,121.5437631,25.0122035
112,3,31,8,13,2,04大安區,大安區基隆路3段155巷50號,0,0,2,1,C03,8,1,5,30,14,9,1,5,4,5,7,4,4,9,3,5,1,13,2,21,2,8,1,1,7,9,1,10,1,11,,23,,1,22,9,121.5437631,25.0122035
112,3,31,8,17,2,04大安區,大安區市民大道3段206號,0,0,1,1,C03,8,1,5,40,14,9,1,5,4,5,7,4,4,1,3,5,2,12,2,23,3,10,1,4,7,9,1,10,11,13,,44,,1,22,9,121.5401194,25.0444751
112,3,31,8,17,2,04大安區,大安區市民大道3段206號,0,0,1,2,C03,8,1,5,40,14,9,1,5,4,5,7,4,4,1,3,5,2,12,2,25,2,9,1,4,7,9,1,10,11,11,,23,,1,22,9,121.5401194,25.0444751
112,3,31,8,31,2,10文山區,文山區景華街與景華街52巷口,0,0,1,1,F01,8,1,5,50,3,1,1,5,4,5,7,4,4,9,5,5,2,16,2,78,2,9,2,1,7,5,8,20,9,16,,8,,1,22,9,121.5438115,24.9950931
112,3,31,8,31,2,10文山區,文山區景華街與景華街52巷口,0,0,1,2,C03,8,1,5,50,3,1,1,5,4,5,7,4,4,9,5,5,2,16,1,21,3,10,1,1,7,9,1,10,2,11,,23,,1,22,9,121.5438115,24.9950931
112,3,31,8,32,2,04大安區,大安區信義路4段與復興南路1段口,0,0,2,1,C03,7,1,5,50,5,2,1,5,4,5,7,4,4,1,4,5,2,12,1,28,2,7,1,1,7,9,1,10,1,11,,17,,1,22,9,121.5437033,25.0336932
112,3,31,8,32,2,04大安區,大安區信義路4段與復興南路1段口,0,0,2,2,C03,7,1,5,50,5,2,1,5,4,5,7,4,4,1,4,5,2,12,2,51,2,9,1,1,7,9,1,10,1,11,,44,,1,22,9,121.5437033,25.0336932
112,3,31,8,33,2,11南港區,南港區忠孝東路7段512號,0,0,2,1,C03,7,1,5,40,14,8,1,5,4,5,6,4,4,5,4,4,2,17,2,30,2,9,1,4,7,9,1,10,1,12,,23,,1,22,9,121.6105099,25.0523073
112,3,31,8,33,2,11南港區,南港區忠孝東路7段512號,0,0,2,2,C03,7,1,5,40,14,8,1,5,4,5,6,4,4,5,4,4,2,17,1,44,2,9,1,4,7,15,1,10,1,13,,44,,1,22,9,121.6105099,25.0523073
112,3,31,8,39,2,11南港區,南港區同德路與東新街80巷口,0,0,1,1,B01,8,1,5,50,4,1,1,5,4,5,7,2,1,4,5,5,2,16,1,54,3,10,1,1,7,6,1,1,1,2,,9,,1,22,9,121.5870478,25.0464239
112,3,31,8,39,2,11南港區,南港區同德路與東新街80巷口,0,0,1,2,C03,8,1,5,50,4,1,1,5,4,5,7,2,1,4,5,5,2,16,1,26,2,7,1,3,7,9,1,10,1,14,,44,,1,22,9,121.5870478,25.0464239
112,3,31,8,55,2,03中山區,中山區建國北路1段與長安東路2段口,0,0,2,1,C03,7,1,5,40,4,1,1,5,4,5,7,1,1,1,3,5,1,16,2,28,2,9,1,4,7,8,1,10,2,13,,7,,1,22,9,121.5369962,25.0484607
112,3,31,8,55,2,03中山區,中山區建國北路1段與長安東路2段口,0,0,2,2,A02,7,1,5,40,4,1,1,5,4,5,7,1,1,1,3,5,1,16,1,47,3,10,3,4,7,9,1,6,2,8,,44,,1,22,9,121.5369962,25.0484607
112,3,31,8,55,2,03中山區,中山區建國北路1段與長安東路2段口,0,0,2,3,H02,7,1,5,40,4,1,1,5,4,5,7,1,1,1,3,5,1,16,2,41,2,9,4,5,7,17,8,20,10,16,,67,,1,22,9,121.5369962,25.0484607
112,3,31,9,4,2,04大安區,大安區新生南路3段76巷與溫州街口,0,0,1,2,H01,8,1,5,30,14,9,1,5,4,5,7,4,4,10,5,5,2,2,1,65,2,6,4,5,8,16,8,20,10,16,,60,,1,22,9,121.5329842,25.0192305
112,3,31,9,4,2,04大安區,大安區新生南路3段76巷與溫州街口,0,0,1,1,B03,8,1,5,30,14,9,1,5,4,5,7,4,4,10,5,5,2,2,1,39,3,10,3,4,7,9,1,7,2,4,,23,,1,22,9,121.5329842,25.0192305
112,3,31,9,6,2,01大同區,大同區重慶北路2段與民權西路口,0,0,1,2,C03,7,1,5,50,4,2,1,5,4,5,7,1,1,8,3,5,1,12,2,35,2,9,1,1,7,9,1,10,1,14,,44,,1,22,9,121.5136959,25.06294327
112,3,31,9,6,2,01大同區,大同區重慶北路2段與民權西路口,0,0,1,1,C03,7,1,5,50,4,2,1,5,4,5,7,1,1,8,3,5,1,12,1,70,4,11,3,4,7,15,7,19,11,15,,17,,2,22,9,121.5136959,25.06294327
112,3,31,9,20,2,05中正區,中正區愛國西路與南昌路1段口,0,0,1,2,C03,7,1,5,50,5,1,1,5,4,5,7,2,1,1,3,1,1,16,1,23,2,9,1,1,7,9,1,10,1,14,,13,,1,22,9,121.5146578,25.03476384
112,3,31,9,20,2,05中正區,中正區愛國西路與南昌路1段口,0,0,1,1,B12,7,1,5,50,5,1,1,5,4,5,7,2,1,1,3,1,1,16,1,46,3,10,1,1,7,6,1,8,1,5,,9,,1,22,9,121.5146578,25.03476384
112,3,31,9,27,2,08士林區,士林區通河西街2段(福安里電桿),0,0,1,1,B03,7,1,8,0,15,22,1,5,4,5,7,4,4,5,5,5,1,10,1,68,3,10,1,1,7,15,1,8,1,1,,6,,1,22,9,121.5026739,25.09396923
112,3,31,9,27,2,08士林區,士林區通河西街2段(福安里電桿),0,0,1,2,C03,7,1,8,0,15,22,1,5,4,5,7,4,4,5,5,5,1,10,1,27,2,9,1,1,7,9,1,10,1,11,,6,,1,22,9,121.5026739,25.09396923
112,3,31,9,32,2,12內湖區,內湖區成功路2段與成功路2段426巷口,0,0,1,1,C03,8,1,5,50,4,2,1,5,4,5,7,2,1,10,4,5,1,12,2,60,2,9,1,1,7,9,1,10,1,14,,44,,1,22,9,121.5897165,25.07150851
112,3,31,9,32,2,12內湖區,內湖區成功路2段與成功路2段426巷口,0,0,1,2,C03,8,1,5,50,4,2,1,5,4,5,7,2,1,10,4,5,1,12,2,22,3,10,1,1,7,6,1,10,1,13,,9,,1,22,9,121.5897165,25.07150851
112,3,31,9,49,2,04大安區,大安區忠孝東路3段與建國南路1段口,0,0,1,1,F01,8,1,5,50,14,9,1,5,4,5,7,2,1,1,4,5,2,17,1,26,2,6,3,4,7,9,8,20,1,16,,25,,1,22,9,121.536948,25.0415591
112,3,31,9,49,2,04大安區,大安區忠孝東路3段與建國南路1段口,0,0,1,2,B03,8,1,5,50,14,9,1,5,4,5,7,2,1,1,4,5,2,17,2,47,3,10,3,4,7,9,1,8,1,8,,44,,1,22,9,121.536948,25.0415591
112,3,31,9,52,2,01大同區,大同區台北橋往北市機車道下橋第一燈桿,0,0,1,1,C03,8,1,5,40,14,11,1,5,4,5,7,4,4,9,4,5,2,16,1,42,3,10,1,1,7,9,1,10,1,14,,17,,1,22,9,121.5083794,25.06336245
112,3,31,9,52,2,01大同區,大同區台北橋往北市機車道下橋第一燈桿,0,0,1,2,C03,8,1,5,40,14,11,1,5,4,5,7,4,4,9,4,5,2,16,1,39,2,9,1,1,7,9,1,10,1,12,,23,,1,22,9,121.5083794,25.06336245
112,3,31,10,1,2,01大同區,大同區環河北路2段65號,0,0,3,1,B03,7,1,5,50,14,9,1,5,4,5,7,4,4,8,3,5,1,12,1,44,3,10,1,1,7,9,1,8,2,2,,17,,1,22,9,121.5088962,25.06529544
112,3,31,10,1,2,01大同區,大同區環河北路2段65號,0,0,3,2,C03,7,1,5,50,14,9,1,5,4,5,7,4,4,8,3,5,1,12,2,36,2,9,1,1,7,7,1,10,2,11,,7,,1,22,9,121.5088962,25.06529544
112,3,31,10,1,2,01大同區,大同區環河北路2段65號,0,0,3,3,C03,7,1,5,50,14,9,1,5,4,5,7,4,4,8,3,5,1,12,2,48,2,9,1,1,7,9,3,18,2,14,,44,,1,22,9,121.5088962,25.06529544
112,3,31,10,1,2,01大同區,大同區環河北路2段65號,0,0,3,4,H02,7,1,5,50,14,9,1,5,4,5,7,4,4,8,3,5,1,12,2,64,2,7,1,1,7,21,8,20,10,16,,67,,1,22,9,121.5088962,25.06529544
112,3,31,10,35,2,08士林區,士林區中山北路5段與福國路口,0,0,3,1,C03,8,1,5,50,3,1,1,5,4,5,7,1,1,1,4,5,1,12,1,25,2,9,1,1,7,5,1,10,1,14,,25,,1,22,9,121.525553,25.10241861
112,3,31,10,35,2,08士林區,士林區中山北路5段與福國路口,0,0,3,2,C03,8,1,5,50,3,1,1,5,4,5,7,1,1,1,4,5,1,12,1,52,2,9,1,1,7,9,1,10,1,12,,44,,1,22,9,121.525553,25.10241861
112,3,31,10,35,2,08士林區,士林區中山北路5段與福國路口,0,0,3,3,H02,8,1,5,50,3,1,1,5,4,5,7,1,1,1,4,5,1,12,1,35,2,9,1,5,7,21,8,20,10,16,,67,,1,22,9,121.525553,25.10241861
112,3,31,10,38,2,02萬華區,萬華區西園路1段與西園路1段34巷口,0,0,1,1,C03,7,1,5,30,3,1,1,5,4,5,7,4,4,9,5,5,2,16,1,20,3,10,1,1,7,11,1,10,1,13,,6,,1,22,9,121.4999315,25.04074102
112,3,31,10,38,2,02萬華區,萬華區西園路1段與西園路1段34巷口,0,0,1,2,C03,7,1,5,30,3,1,1,5,4,5,7,4,4,9,5,5,2,16,2,23,2,8,1,1,7,9,1,10,1,11,,14,,1,22,9,121.4999315,25.04074102
112,3,31,11,19,2,09北投區,北投區明德路與東華街1段口,0,0,2,1,C03,8,1,5,50,4,1,1,5,4,5,7,1,1,9,4,5,2,16,2,51,2,9,3,4,7,1,1,10,2,11,,19,,1,22,9,121.5202909,25.1084596
112,3,31,11,19,2,09北投區,北投區明德路與東華街1段口,0,0,2,2,C03,8,1,5,50,4,1,1,5,4,5,7,1,1,9,4,5,2,16,2,58,2,9,3,4,7,9,1,10,2,12,,44,,1,22,9,121.5202909,25.1084596
112,3,31,11,30,2,03中山區,中山區新生北路2段96號與新生北路2段口,0,0,2,3,B01,8,1,5,50,3,2,1,5,4,5,7,4,4,1,4,5,2,16,1,69,3,10,3,4,7,13,1,4,11,4,,44,,1,22,9,121.527437,25.05882142
112,3,31,11,30,2,03中山區,中山區新生北路2段96號與新生北路2段口,0,0,2,4,H03,8,1,5,50,3,2,1,5,4,5,7,4,4,1,4,5,2,16,1,34,3,10,3,5,8,17,8,20,10,16,,59,,1,22,9,121.527437,25.05882142
112,3,31,11,30,2,03中山區,中山區新生北路2段96號與新生北路2段口,0,0,2,2,C03,8,1,5,50,3,2,1,5,4,5,7,4,4,1,4,5,2,16,1,36,2,8,1,4,7,9,1,10,2,13,,44,,1,22,9,121.527437,25.05882142
112,3,31,11,30,2,03中山區,中山區新生北路2段96號與新生北路2段口,0,0,2,1,C03,8,1,5,50,3,2,1,5,4,5,7,4,4,1,4,5,2,16,1,26,2,1,1,4,7,9,1,10,2,11,,16,,1,22,9,121.527437,25.05882142
112,3,31,11,30,2,10文山區,文山區忠順街1段與興隆路4段口,0,0,1,2,B12,7,1,5,50,4,2,1,5,4,5,7,1,1,5,5,5,2,16,1,44,3,10,3,4,7,5,1,4,2,2,,17,,1,21,8,121.5616502,24.98447709
112,3,31,11,30,2,10文山區,文山區忠順街1段與興隆路4段口,0,0,1,1,C03,7,1,5,50,4,2,1,5,4,5,7,1,1,5,5,5,2,16,2,63,2,9,3,4,7,5,1,10,2,14,,17,,1,21,8,121.5616502,24.98447709
112,3,31,11,32,2,04大安區,大安區忠孝東路3段與安東街口,0,0,1,1,B03,7,1,5,50,3,2,1,5,4,5,7,4,4,1,4,5,2,12,1,60,3,10,3,4,7,6,1,8,1,2,,9,,1,22,9,121.5430301,25.0417475
112,3,31,11,32,2,04大安區,大安區忠孝東路3段與安東街口,0,0,1,2,C03,7,1,5,50,3,2,1,5,4,5,7,4,4,1,4,5,2,12,2,58,2,9,1,1,7,9,4,10,1,11,,44,,1,22,9,121.5430301,25.0417475
112,3,31,11,35,2,03中山區,中山區民權東路2段與中原街口,0,0,1,1,C03,7,1,5,50,4,2,1,5,4,5,7,1,1,1,4,5,2,13,1,56,2,8,1,1,7,9,1,10,2,11,,23,,1,22,9,121.5291027,25.0627003
112,3,31,11,35,2,03中山區,中山區民權東路2段與中原街口,0,0,1,2,C02,7,1,5,50,4,2,1,5,4,5,7,1,1,1,4,5,2,13,1,23,3,10,1,1,7,9,1,9,2,13,,44,,1,22,9,121.5291027,25.0627003
112,3,31,11,37,2,03中山區,中山區民族東路與林森北路口,0,0,2,1,C01,7,1,5,50,3,2,1,5,4,5,7,1,1,1,3,5,1,16,1,22,2,7,1,4,7,6,1,9,1,14,,9,,1,22,9,121.5259014,25.0683722
112,3,31,11,37,2,03中山區,中山區民族東路與林森北路口,0,0,2,2,C03,7,1,5,50,3,2,1,5,4,5,7,1,1,1,3,5,1,16,1,87,2,9,1,4,7,5,1,10,1,12,,8,,1,22,9,121.5259014,25.0683722
112,3,31,11,43,2,02萬華區,萬華區開封街2段與漢中街口,0,0,1,2,C03,7,1,5,30,3,1,1,5,4,5,7,4,4,10,5,5,2,12,2,36,2,9,1,1,7,9,4,11,9,11,,14,,1,22,9,121.50807,25.04644585
112,3,31,11,43,2,02萬華區,萬華區開封街2段與漢中街口,0,0,1,1,B12,7,1,5,30,3,1,1,5,4,5,7,4,4,10,5,5,2,12,1,56,4,11,3,4,7,15,7,19,11,15,,8,,2,22,9,121.50807,25.04644585
112,3,31,11,50,2,03中山區,中山區南京西路1-1號,0,0,2,1,B02,8,1,5,50,14,9,1,5,4,5,7,4,4,1,4,5,2,12,2,43,3,10,3,4,7,9,1,8,2,2,,44,,1,22,9,121.5218058,25.05237865
112,3,31,11,50,2,03中山區,中山區南京西路1-1號,0,0,2,2,C03,8,1,5,50,14,9,1,5,4,5,7,4,4,1,4,5,2,12,1,78,2,9,3,4,7,7,6,10,2,14,,7,,1,22,9,121.5218058,25.05237865
112,3,31,11,50,2,03中山區,中山區南京西路1-1號,0,0,2,3,H02,8,1,5,50,14,9,1,5,4,5,7,4,4,1,4,5,2,12,2,73,2,9,1,5,7,20,8,20,10,16,,67,,1,22,9,121.5218058,25.05237865
112,3,31,11,50,2,09北投區,北投區立農街1段與立農街1段257巷口,0,0,1,1,B11,7,1,5,30,3,1,1,5,4,5,7,4,4,10,4,5,1,14,1,42,3,10,1,1,7,2,1,3,1,3,,12,,1,22,9,121.5053871,25.1195532
112,3,31,11,50,2,09北投區,北投區立農街1段與立農街1段257巷口,0,0,1,2,C03,7,1,5,30,3,1,1,5,4,5,7,4,4,10,4,5,1,14,1,37,2,9,1,1,7,14,1,10,1,11,,23,,1,22,9,121.5053871,25.1195532
112,3,31,11,55,2,08士林區,士林區美崙街20號,0,0,1,2,H01,8,1,5,30,14,9,1,5,4,5,7,4,4,10,5,5,1,2,2,71,2,8,4,5,8,16,8,20,10,16,,67,,1,22,9,121.5231477,25.09718711
112,3,31,11,55,2,08士林區,士林區美崙街20號,0,0,1,1,B03,8,1,5,30,14,9,1,5,4,5,7,4,4,10,5,5,1,2,1,40,3,10,1,1,7,9,1,8,2,5,,23,,1,22,9,121.5231477,25.09718711
112,3,31,12,5,2,11南港區,南港區向陽路與重陽路口口,0,0,1,1,C03,7,1,5,50,4,1,1,5,4,5,7,2,1,1,4,5,2,13,1,76,2,9,1,3,7,9,1,10,1,11,,16,,1,22,9,121.5943884,25.0549947
112,3,31,12,5,2,11南港區,南港區向陽路與重陽路口口,0,0,1,2,C03,7,1,5,50,4,1,1,5,4,5,7,2,1,1,4,5,2,13,2,39,3,10,1,1,7,9,1,10,1,13,,44,,1,22,9,121.5943884,25.0549947
112,3,31,12,22,2,10文山區,文山區興隆路4段120號,0,0,2,4,,8,1,8,50,15,22,1,5,4,5,7,1,1,1,3,5,2,17,3,0,,,,,,,,,,,,67,,1,,,121.5623294,24.9826986
112,3,31,12,22,2,10文山區,文山區興隆路4段120號,0,0,2,3,H02,8,1,8,50,15,22,1,5,4,5,7,1,1,1,3,5,2,17,2,6,2,9,3,5,7,20,8,20,10,16,,67,,1,22,9,121.5623294,24.9826986
112,3,31,12,22,2,10文山區,文山區興隆路4段120號,0,0,2,2,C03,8,1,8,50,15,22,1,5,4,5,7,1,1,1,3,5,2,17,1,46,2,9,3,4,7,14,1,10,2,13,,42,,1,22,9,121.5623294,24.9826986
112,3,31,12,22,2,10文山區,文山區興隆路4段120號,0,0,2,1,B02,8,1,8,50,15,22,1,5,4,5,7,1,1,1,3,5,2,17,2,23,3,10,3,4,7,7,1,8,2,1,,42,,1,22,9,121.5623294,24.9826986
112,3,31,12,32,2,01大同區,大同區太原路與南京西路口,0,0,1,1,B12,7,1,5,50,4,1,1,5,4,5,7,2,1,1,4,5,2,16,2,21,3,10,1,4,7,5,1,10,2,2,,8,,1,22,9,121.5161045,25.0535851
112,3,31,12,32,2,01大同區,大同區太原路與南京西路口,0,0,1,2,C03,7,1,5,50,4,1,1,5,4,5,7,2,1,1,4,5,2,16,1,21,2,9,1,4,7,9,1,9,2,11,,44,,1,22,9,121.5161045,25.0535851
112,3,31,12,32,2,10文山區,文山區景興路43號前,0,0,1,8,C03,8,1,5,50,14,9,1,5,4,5,7,4,4,1,4,5,2,17,2,42,3,10,3,1,7,13,1,10,11,13,,44,,1,22,9,121.5447547,24.99711136
112,3,31,12,32,2,10文山區,文山區景興路43號前,0,0,1,1,C03,8,1,5,50,14,9,1,5,4,5,7,4,4,1,4,5,2,17,1,51,2,9,1,1,7,9,1,10,2,11,,23,,1,22,9,121.5447547,24.99711136
112,3,31,12,32,2,10文山區,文山區景興路43號前,0,0,1,2,C03,8,1,5,50,14,9,1,5,4,5,7,4,4,1,4,5,2,17,1,19,3,10,3,1,7,13,1,10,11,13,,44,,1,22,9,121.5447547,24.99711136
112,3,31,12,32,2,10文山區,文山區景興路43號前,0,0,1,3,C03,8,1,5,50,14,9,1,5,4,5,7,4,4,1,4,5,2,17,2,30,3,10,3,1,7,13,1,10,11,13,,44,,1,22,9,121.5447547,24.99711136
112,3,31,12,32,2,10文山區,文山區景興路43號前,0,0,1,4,C03,8,1,5,50,14,9,1,5,4,5,7,4,4,1,4,5,2,17,1,22,3,10,3,1,7,13,1,10,11,13,,44,,1,22,9,121.5447547,24.99711136
112,3,31,12,32,2,10文山區,文山區景興路43號前,0,0,1,5,C03,8,1,5,50,14,9,1,5,4,5,7,4,4,1,4,5,2,17,2,41,3,10,3,1,7,13,1,10,11,13,,44,,1,22,9,121.5447547,24.99711136
112,3,31,12,32,2,10文山區,文山區景興路43號前,0,0,1,6,C03,8,1,5,50,14,9,1,5,4,5,7,4,4,1,4,5,2,17,1,34,3,10,3,1,7,13,1,10,11,13,,44,,1,22,9,121.5447547,24.99711136
112,3,31,12,32,2,10文山區,文山區景興路43號前,0,0,1,7,C03,8,1,5,50,14,9,1,5,4,5,7,4,4,1,4,5,2,17,1,45,3,10,3,1,7,13,1,10,11,13,,44,,1,22,9,121.5447547,24.99711136
112,3,31,12,59,2,05中正區,中正區台北車站西側門往北,0,0,1,1,B01,7,1,5,50,14,9,1,5,4,5,7,4,4,10,4,5,2,17,1,60,3,10,1,1,7,9,1,4,2,5,,44,,1,10,4,121.516264,25.0483324
112,3,31,12,59,2,05中正區,中正區台北車站西側門往北,0,0,1,2,C03,7,1,5,50,14,9,1,5,4,5,7,4,4,10,4,5,2,17,2,63,2,8,1,1,7,7,1,10,2,14,,7,,1,19,7,121.516264,25.0483324
112,3,31,12,59,2,05中正區,中正區台北車站西側門往北,0,0,1,3,A04,7,1,5,50,14,9,1,5,4,5,7,4,4,10,4,5,2,17,1,50,3,10,1,1,7,14,1,2,2,7,,44,,1,10,4,121.516264,25.0483324
112,3,31,13,3,2,10文山區,文山區木柵路1段116號,0,0,1,1,C03,8,1,5,50,14,9,1,5,4,5,7,4,4,5,2,5,2,12,1,18,2,9,1,1,7,8,1,10,1,14,,23,,1,22,9,121.551072,24.9876013
112,3,31,13,3,2,10文山區,文山區木柵路1段116號,0,0,1,2,B03,8,1,5,50,14,9,1,5,4,5,7,4,4,5,2,5,2,12,1,53,3,10,1,1,7,9,1,8,1,6,,44,,1,22,9,121.551072,24.9876013
112,3,31,13,30,2,08士林區,士林區文林路與文林路714巷口,0,0,2,2,C03,8,1,5,40,3,1,1,5,4,5,7,1,1,1,5,5,2,17,2,57,2,2,1,1,7,9,1,10,1,11,,23,,1,22,9,121.5208883,25.1023295
112,3,31,13,30,2,08士林區,士林區文林路與文林路714巷口,0,0,2,1,C03,8,1,5,40,3,1,1,5,4,5,7,1,1,1,5,5,2,17,1,71,2,2,1,1,7,6,1,10,1,12,,6,,1,22,9,121.5208883,25.1023295
112,3,31,14,10,2,12內湖區,內湖區民權東路6段與民權東路6段190巷口口,0,0,1,1,F02,7,1,5,50,3,1,1,5,4,5,7,4,4,1,4,5,2,16,2,57,2,9,2,1,7,9,8,20,1,16,,6,,1,22,9,121.5943901,25.06864161
112,3,31,14,10,2,12內湖區,內湖區民權東路6段與民權東路6段190巷口口,0,0,1,2,B03,7,1,5,50,3,1,1,5,4,5,7,4,4,1,4,5,2,16,1,53,3,10,1,1,7,6,1,8,1,2,6,6,,1,22,9,121.5943901,25.06864161
112,3,31,14,19,2,09北投區,北投區公館路與公館路187巷口,0,0,2,1,C03,8,1,5,40,4,1,1,5,4,5,7,4,4,9,4,5,2,16,2,51,2,9,1,1,7,1,1,10,1,14,,19,,1,22,9,121.5072708,25.12837085
112,3,31,14,19,2,09北投區,北投區公館路與公館路187巷口,0,0,2,2,C03,8,1,5,40,4,1,1,5,4,5,7,4,4,9,4,5,2,16,1,20,2,9,1,1,7,9,1,10,1,11,,13,,1,22,9,121.5072708,25.12837085
112,3,31,14,20,2,01大同區,大同區鄭州路與太原路11巷口口,0,0,1,2,B02,8,1,5,40,3,1,1,5,4,5,7,4,4,8,3,5,2,12,1,68,3,10,1,1,7,9,1,8,1,8,,44,,1,22,9,121.5157175,25.0490161
112,3,31,14,20,2,01大同區,大同區鄭州路與太原路11巷口口,0,0,1,1,C03,8,1,5,40,3,1,1,5,4,5,7,4,4,8,3,5,2,12,2,29,2,9,1,1,7,10,1,10,1,13,,7,,1,22,9,121.5157175,25.0490161
112,3,31,14,25,2,03中山區,中山區八德路2段199巷與建國北路1段33巷口,0,0,2,1,C03,7,1,5,30,4,1,1,5,4,5,7,4,4,10,5,5,2,15,1,38,2,8,1,1,7,9,1,10,1,12,,6,,1,22,9,121.539064,25.0477767
112,3,31,14,25,2,03中山區,中山區八德路2段199巷與建國北路1段33巷口,0,0,2,2,C03,7,1,5,30,4,1,1,5,4,5,7,4,4,10,5,5,2,15,1,42,2,7,1,1,7,9,1,10,1,11,,14,,1,22,9,121.539064,25.0477767
112,3,31,14,25,2,03中山區,中山區八德路2段199巷與建國北路1段33巷口,0,0,2,3,B03,7,1,5,30,4,1,1,5,4,5,7,4,4,10,5,5,2,15,1,41,3,10,1,1,7,13,1,8,1,7,,38,,1,22,9,121.539064,25.0477767
112,3,31,14,28,2,03中山區,中山區民族東路410巷2弄上引水產前,0,0,1,1,B01,7,1,5,50,14,9,1,5,4,5,7,4,4,8,5,5,1,16,1,69,3,10,3,4,7,11,1,8,2,8,,10,,1,22,9,121.5371827,25.0668433