發生年度,發生月,發生日,發生時-Hours,發生分,處理別-編號,區序,肇事地點,死亡人數,2-30日死亡人數,受傷人數,當事人序號,車種,天候,光線,道路類別,速限-速度限制,道路型態,事故位置,路面狀況1,路面狀況2,路面狀況3,道路障礙1,道路障礙2,號誌1,號誌2,車道劃分-分向,車道劃分-分道1,車道劃分-分道2,車道劃分-分道3,事故類型及型態,性別,年齡,受傷程度,主要傷處,保護裝置,行動電話,車輛用途,當事者行動狀態,駕駛資格情形,駕駛執照種類,飲酒情形,車輛撞擊部位1,車輛撞擊部位2,肇因碼-個別,肇因碼-主要,個人肇逃否,職業,旅次目的,座標-X,座標-Y
112,3,31,23,58,2,02萬華區,萬華區中興橋往新北市機車道,0,0,1,1,C03,7,3,5,40,10,11,1,5,4,5,7,4,4,10,5,5,2,17,4,37,4,11,3,4,7,15,7,19,11,15,,42,,2,22,9,121.4996485,25.04553891
112,4,1,0,0,2,04大安區,大安區建國南路2段與辛亥路2段口,0,0,1,1,B01,7,3,5,50,5,2,1,5,4,5,7,2,1,1,4,5,2,17,1,48,3,10,1,1,7,6,1,2,1,2,,25,,1,21,8,121.5376464,25.02252
112,4,1,0,0,2,04大安區,大安區建國南路2段與辛亥路2段口,0,0,1,2,C03,7,3,5,50,5,2,1,5,4,5,7,2,1,1,4,5,2,17,1,51,2,9,1,1,7,5,1,10,1,14,,44,,1,21,8,121.5376464,25.02252
112,4,1,0,10,2,03中山區,中山區南京西路15號,0,0,1,5,B11,8,3,5,50,14,9,1,5,4,5,7,4,4,1,3,5,1,29,1,45,3,10,3,4,7,13,1,4,11,15,,43,,1,22,9,121.520974,25.0525701
112,4,1,0,10,2,03中山區,中山區南京西路15號,0,0,1,1,C03,8,3,5,50,14,9,1,5,4,5,7,4,4,1,3,5,1,29,2,54,2,9,1,1,7,9,1,10,1,11,,43,,1,22,9,121.520974,25.0525701
112,4,1,0,10,2,03中山區,中山區南京西路15號,0,0,1,4,H03,8,3,5,50,14,9,1,5,4,5,7,4,4,1,3,5,1,29,3,0,,,,,,,,,,,,67,,1,,,121.520974,25.0525701
112,4,1,0,10,2,03中山區,中山區南京西路15號,0,0,1,6,B11,8,3,5,50,14,9,1,5,4,5,7,4,4,1,3,5,1,29,1,48,3,10,3,4,7,13,1,4,11,15,,43,,1,22,9,121.520974,25.0525701
112,4,1,0,10,2,03中山區,中山區南京西路15號,0,0,1,2,,8,3,5,50,14,9,1,5,4,5,7,4,4,1,3,5,1,29,3,0,,,,,,,,,,,,67,,1,,,121.520974,25.0525701
112,4,1,0,10,2,03中山區,中山區南京西路15號,0,0,1,3,B12,8,3,5,50,14,9,1,5,4,5,7,4,4,1,3,5,1,29,3,0,,,,,,,,,,,,67,,1,,,121.520974,25.0525701
112,4,1,2,15,2,09北投區,北投區大度路3段與關渡路口,0,0,1,1,C03,8,3,5,50,3,2,1,5,4,5,7,2,1,5,4,5,2,18,1,18,2,9,3,4,7,6,1,10,2,12,,42,,1,22,9,121.4696686,25.1227713
112,4,1,2,15,2,09北投區,北投區大度路3段與關渡路口,0,0,1,2,,8,3,5,50,3,2,1,5,4,5,7,2,1,5,4,5,2,18,3,0,,,,,,,,,,,,61,,1,,,121.4696686,25.1227713
112,4,1,7,10,2,03中山區,中山區民權東路2段與吉林路口,0,0,1,2,B03,6,1,5,50,4,2,1,4,4,5,7,2,1,1,4,5,2,17,2,35,3,10,3,4,7,14,1,8,1,3,,44,,1,22,9,121.5302267,25.06247442
112,4,1,7,10,2,03中山區,中山區民權東路2段與吉林路口,0,0,1,1,C03,6,1,5,50,4,2,1,4,4,5,7,2,1,1,4,5,2,17,1,55,2,9,3,4,7,9,6,10,1,14,,23,,1,22,9,121.5302267,25.06247442
112,4,1,7,25,2,04大安區,大安區忠孝東路4段與敦化南路1段口,0,0,1,2,H01,6,1,5,50,4,1,1,4,4,5,7,1,1,10,4,5,2,3,2,26,2,9,4,5,8,16,8,20,10,16,,52,,1,22,9,121.5486306,25.0413318
112,4,1,7,25,2,04大安區,大安區忠孝東路4段與敦化南路1段口,0,0,1,1,B03,6,1,5,50,4,1,1,4,4,5,7,1,1,10,4,5,2,3,1,43,3,10,1,1,7,6,1,8,1,1,,15,,1,22,9,121.5486306,25.0413318
112,4,1,8,8,2,05中正區,中正區信義路1段與林森南路口口,0,0,1,2,B03,6,1,5,50,3,1,1,4,4,5,7,1,1,1,4,1,1,16,1,48,3,10,1,1,7,9,1,8,2,5,,44,,1,22,9,121.5210027,25.0372045
112,4,1,8,8,2,05中正區,中正區信義路1段與林森南路口口,0,0,1,1,F01,6,1,5,50,3,1,1,4,4,5,7,1,1,1,4,1,1,16,1,74,2,1,1,1,7,9,8,20,2,16,,25,,1,22,9,121.5210027,25.0372045
112,4,1,8,20,2,07信義區,信義區忠孝東路5段與忠孝東路5段743巷口,0,0,1,1,B03,6,1,5,50,5,2,1,4,4,5,7,2,1,9,4,5,2,12,1,55,3,10,1,1,7,6,1,8,2,2,,27,,1,22,9,121.5813972,25.0436444
112,4,1,8,20,2,07信義區,信義區忠孝東路5段與忠孝東路5段743巷口,0,0,1,2,C03,6,1,5,50,5,2,1,4,4,5,7,2,1,9,4,5,2,12,2,72,2,9,1,1,7,4,1,10,2,14,,1,,1,22,9,121.5813972,25.0436444
112,4,1,9,18,2,12內湖區,內湖區行愛路與行忠路口,0,0,1,2,C03,6,1,5,50,4,2,1,4,4,5,7,1,1,4,4,5,1,16,2,28,2,9,1,1,7,9,1,10,1,12,,44,,1,22,9,121.5788455,25.06588585
112,4,1,9,18,2,12內湖區,內湖區行愛路與行忠路口,0,0,1,1,B12,6,1,5,50,4,2,1,4,4,5,7,1,1,4,4,5,1,16,1,81,3,10,1,1,7,11,1,8,1,4,,26,,1,22,9,121.5788455,25.06588585
112,4,1,9,21,2,04大安區,大安區新生南路1段與濟南路3段口,0,0,1,1,B03,6,1,5,50,4,1,1,4,4,5,7,2,1,8,3,4,1,16,1,55,3,10,1,1,7,6,1,8,1,2,,9,,1,22,9,121.532953,25.0400865
112,4,1,9,21,2,04大安區,大安區新生南路1段與濟南路3段口,0,0,1,2,C03,6,1,5,50,4,1,1,4,4,5,7,2,1,8,3,4,1,16,1,51,2,9,1,1,7,9,1,10,1,12,,44,,1,22,9,121.532953,25.0400865
112,4,1,9,37,2,03中山區,中山區民族東路336號與民族東路口,0,0,1,1,B03,6,1,5,50,4,1,1,4,4,5,7,1,1,1,4,4,2,16,1,70,3,10,3,4,7,1,1,8,1,8,,19,,1,22,9,121.5380845,25.06812398
112,4,1,9,37,2,03中山區,中山區民族東路336號與民族東路口,0,0,1,3,B12,6,1,5,50,4,1,1,4,4,5,7,1,1,1,4,4,2,16,1,60,3,10,3,4,7,14,1,8,1,3,,44,,1,22,9,121.5380845,25.06812398
112,4,1,9,37,2,03中山區,中山區民族東路336號與民族東路口,0,0,1,2,C03,6,1,5,50,4,1,1,4,4,5,7,1,1,1,4,4,2,16,2,23,2,9,1,1,7,9,1,10,1,12,,44,,1,22,9,121.5380845,25.06812398
112,4,1,10,0,2,12內湖區,內湖區民權大橋,0,0,1,2,C03,6,1,5,40,8,8,1,4,4,4,7,4,4,1,4,4,1,17,1,23,2,9,1,1,7,9,1,10,1,11,,13,,1,22,9,121.5748943,25.06928286
112,4,1,10,0,2,12內湖區,內湖區民權大橋,0,0,1,1,C03,6,1,5,40,8,8,1,4,4,4,7,4,4,1,4,4,1,17,1,49,3,10,1,1,7,15,1,10,1,15,,30,,1,22,9,121.5748943,25.06928286
112,4,1,10,0,2,09北投區,北投區自強街141巷25號,0,0,1,1,C03,6,1,5,50,14,9,1,4,4,5,7,4,4,5,5,5,2,18,2,68,2,8,1,1,7,15,1,10,1,14,,42,,1,22,9,121.5168775,25.1114687
112,4,1,10,0,2,09北投區,北投區自強街141巷25號,0,0,1,2,,6,1,5,50,14,9,1,4,4,5,7,4,4,5,5,5,2,18,3,0,,,,,,,,,,,,67,,1,,,121.5168775,25.1114687
112,4,1,11,11,2,03中山區,中山區龍江路342巷與龍江路口,0,0,2,1,B01,7,1,5,50,4,1,1,5,4,5,7,4,4,8,5,5,1,14,1,57,3,10,3,4,7,2,1,4,1,3,,12,,1,22,9,121.5409108,25.0654916
112,4,1,11,11,2,03中山區,中山區龍江路342巷與龍江路口,0,0,2,2,C03,7,1,5,50,4,1,1,5,4,5,7,4,4,8,5,5,1,14,2,46,2,8,3,4,7,9,1,11,1,12,,44,,1,22,9,121.5409108,25.0654916
112,4,1,11,11,2,03中山區,中山區龍江路342巷與龍江路口,0,0,2,3,H02,7,1,5,50,4,1,1,5,4,5,7,4,4,8,5,5,1,14,1,15,2,7,4,5,7,20,8,20,1,16,,67,,1,22,9,121.5409108,25.0654916
112,4,1,11,15,2,10文山區,文山區樟新街9號,0,0,1,1,B03,6,1,5,30,14,9,1,4,4,3,5,4,4,9,5,5,2,17,2,53,3,10,1,1,7,1,1,8,1,1,,43,,1,22,9,121.5551178,24.9794982
112,4,1,11,15,2,10文山區,文山區樟新街9號,0,0,1,2,C03,6,1,5,30,14,9,1,4,4,3,5,4,4,9,5,5,2,17,1,35,2,8,1,1,7,9,1,10,1,12,,43,,1,22,9,121.5551178,24.9794982
112,4,1,11,23,2,10文山區,文山區興隆路1段251巷與景豐街37巷7弄口,0,0,3,3,H02,6,1,5,30,4,1,1,4,4,5,7,4,4,10,5,5,2,15,2,18,2,9,1,5,7,21,8,20,10,16,,67,,1,22,9,121.5454862,25.0000029
112,4,1,11,23,2,10文山區,文山區興隆路1段251巷與景豐街37巷7弄口,0,0,3,1,C03,6,1,5,30,4,1,1,4,4,5,7,4,4,10,5,5,2,15,2,54,2,9,1,1,7,9,1,10,11,12,,6,,1,22,9,121.5454862,25.0000029
112,4,1,11,23,2,10文山區,文山區興隆路1段251巷與景豐街37巷7弄口,0,0,3,2,C03,6,1,5,30,4,1,1,4,4,5,7,4,4,10,5,5,2,15,1,71,2,9,1,1,7,9,1,10,11,11,,14,,1,22,9,121.5454862,25.0000029
112,4,1,11,37,2,06松山區,松山區南京東路5段3號,0,0,2,2,B03,6,1,5,50,14,9,1,4,4,5,7,2,1,9,4,1,2,12,1,46,3,10,1,1,7,8,1,8,1,2,,7,,1,22,9,121.5574206,25.05162274
112,4,1,11,37,2,06松山區,松山區南京東路5段3號,0,0,2,3,H02,6,1,5,50,14,9,1,4,4,5,7,2,1,9,4,1,2,12,2,14,2,9,1,5,7,20,8,20,10,16,,67,,1,22,9,121.5574206,25.05162274
112,4,1,11,37,2,06松山區,松山區南京東路5段3號,0,0,2,1,C04,6,1,5,50,14,9,1,4,4,5,7,2,1,9,4,1,2,12,2,18,2,9,1,1,7,9,1,10,1,14,,23,,1,22,9,121.5574206,25.05162274
112,4,1,11,40,2,06松山區,松山區八德路3段71巷9弄與八德路3段99巷口,0,0,1,1,B03,6,1,5,30,4,1,1,4,4,5,7,4,4,10,5,5,2,15,1,33,3,10,1,1,7,9,1,8,1,1,,6,,1,22,9,121.5535691,25.0486484
112,4,1,11,40,2,06松山區,松山區八德路3段71巷9弄與八德路3段99巷口,0,0,1,2,C03,6,1,5,30,4,1,1,4,4,5,7,4,4,10,5,5,2,15,2,60,2,8,1,1,7,9,1,10,1,14,,23,,1,22,9,121.5535691,25.0486484
112,4,1,11,59,2,05中正區,中正區長沙街1段與桃源街口,0,0,5,3,,7,1,5,50,4,1,1,5,4,5,7,1,1,10,1,5,2,15,3,0,,,,,,,,,,,,67,,1,,,121.5102775,25.04017125
112,4,1,11,59,2,05中正區,中正區長沙街1段與桃源街口,0,0,5,2,B01,7,1,5,50,4,1,1,5,4,5,7,1,1,10,1,5,2,15,1,70,3,10,1,1,7,9,1,4,2,1,,25,,1,22,9,121.5102775,25.04017125
112,4,1,11,59,2,05中正區,中正區長沙街1段與桃源街口,0,0,5,4,H02,7,1,5,50,4,1,1,5,4,5,7,1,1,10,1,5,2,15,1,1,2,9,3,5,7,20,8,20,10,16,,67,,1,22,9,121.5102775,25.04017125
112,4,1,11,59,2,05中正區,中正區長沙街1段與桃源街口,0,0,5,5,H02,7,1,5,50,4,1,1,5,4,5,7,1,1,10,1,5,2,15,1,39,2,7,1,5,7,20,8,20,10,16,,67,,1,22,9,121.5102775,25.04017125
112,4,1,11,59,2,05中正區,中正區長沙街1段與桃源街口,0,0,5,6,H02,7,1,5,50,4,1,1,5,4,5,7,1,1,10,1,5,2,15,2,37,2,9,1,1,7,20,8,20,10,16,,67,,1,22,9,121.5102775,25.04017125
112,4,1,11,59,2,05中正區,中正區長沙街1段與桃源街口,0,0,5,7,H02,7,1,5,50,4,1,1,5,4,5,7,1,1,10,1,5,2,15,2,1,2,9,3,5,7,20,8,20,10,16,,67,,1,22,9,121.5102775,25.04017125
112,4,1,11,59,2,05中正區,中正區長沙街1段與桃源街口,0,0,5,1,B03,7,1,5,50,4,1,1,5,4,5,7,1,1,10,1,5,2,15,1,45,2,8,1,1,7,9,1,8,2,2,,44,,1,22,9,121.5102775,25.04017125
112,4,1,12,1,2,04大安區,大安區羅斯福路2段41號,0,0,1,1,C03,7,1,5,50,14,9,1,5,4,5,7,4,4,1,4,5,2,17,1,47,3,10,1,4,7,1,1,10,1,15,,19,,1,22,9,121.5222343,25.02745096
112,4,1,12,1,2,04大安區,大安區羅斯福路2段41號,0,0,1,2,C03,7,1,5,50,14,9,1,5,4,5,7,4,4,1,4,5,2,17,1,19,2,7,1,4,7,9,1,10,1,15,,44,,1,22,9,121.5222343,25.02745096
112,4,1,13,0,2,12內湖區,內湖區內湖路1段518巷內,0,0,1,2,C03,6,1,5,50,14,9,1,4,4,5,7,4,4,9,5,5,2,12,1,44,2,7,1,1,7,9,1,9,1,12,,23,,1,22,9,121.5738315,25.0797995
112,4,1,13,0,2,12內湖區,內湖區內湖路1段518巷內,0,0,1,1,B03,6,1,5,50,14,9,1,4,4,5,7,4,4,9,5,5,2,12,1,33,3,10,1,1,7,5,1,8,1,4,,8,,1,22,9,121.5738315,25.0797995
112,4,1,13,40,2,04大安區,大安區信義路3段與建國南路1段口,0,0,1,1,C03,6,1,5,50,4,1,1,4,4,5,7,2,1,1,4,5,1,15,1,57,2,9,1,1,7,9,1,10,1,14,,25,,1,22,9,121.5380474,25.033616
112,4,1,13,40,2,04大安區,大安區信義路3段與建國南路1段口,0,0,1,2,B12,6,1,5,50,4,1,1,4,4,5,7,2,1,1,4,5,1,15,1,46,3,10,1,1,7,9,1,8,1,1,,44,,1,22,9,121.5380474,25.033616
112,4,1,14,31,2,09北投區,北投區西安街2段與明德路口,0,0,1,1,F03,6,1,5,50,14,9,1,4,4,5,7,4,4,1,4,5,1,12,1,16,3,10,1,1,7,4,8,20,11,15,,23,,1,22,9,121.5194285,25.10885593
112,4,1,14,31,2,09北投區,北投區西安街2段與明德路口,0,0,1,2,C03,6,1,5,50,14,9,1,4,4,5,7,4,4,1,4,5,1,12,2,18,2,9,1,1,7,9,1,10,11,14,,44,,1,22,9,121.5194285,25.10885593
112,4,1,16,1,2,03中山區,中山區民生東路3段45號,0,0,1,1,C03,6,1,5,50,14,9,1,4,4,5,7,4,4,1,3,5,1,13,1,20,2,9,1,4,7,9,1,10,1,14,,23,,1,22,9,121.5396939,25.05795735
112,4,1,16,1,2,03中山區,中山區民生東路3段45號,0,0,1,2,B03,6,1,5,50,14,9,1,4,4,5,7,4,4,1,3,5,1,13,1,61,3,10,3,4,7,14,1,8,1,3,,44,,1,22,9,121.5396939,25.05795735
112,4,1,16,20,2,02萬華區,萬華區萬大路442號,0,0,1,2,C03,6,1,5,30,14,9,1,4,4,5,7,4,4,8,3,5,1,16,1,68,3,10,3,4,7,9,1,10,1,12,,43,,1,22,9,121.4979752,25.02059128
112,4,1,16,20,2,02萬華區,萬華區萬大路442號,0,0,1,1,C03,6,1,5,30,14,9,1,4,4,5,7,4,4,8,3,5,1,16,1,29,2,9,3,4,7,9,1,9,1,14,,43,,1,22,9,121.4979752,25.02059128
112,4,1,16,21,2,06松山區,松山區民生東路5段與三民路口,0,0,1,2,C03,6,1,5,50,16,17,1,4,4,5,7,2,1,9,4,5,2,12,2,19,2,9,1,4,7,9,1,10,1,14,,6,,1,22,9,121.563029,25.05901143
112,4,1,16,21,2,06松山區,松山區民生東路5段與三民路口,0,0,1,1,B03,6,1,5,50,16,17,1,4,4,5,7,2,1,9,4,5,2,12,1,43,3,10,3,4,7,8,1,4,1,2,,7,,1,22,9,121.563029,25.05901143
112,4,1,16,39,2,07信義區,(松德路66號),0,0,1,1,C03,6,1,5,30,14,8,1,4,4,5,7,2,1,1,4,4,2,18,2,21,2,9,1,1,7,9,1,10,1,12,,44,,1,22,9,121.5760195,25.0383908
112,4,1,16,39,2,07信義區,(松德路66號),0,0,1,3,B03,6,1,5,30,14,8,1,4,4,5,7,2,1,1,4,4,2,18,1,64,3,10,1,1,7,6,1,8,1,15,,9,,1,22,9,121.5760195,25.0383908
112,4,1,16,39,2,07信義區,(松德路66號),0,0,1,2,,6,1,5,30,14,8,1,4,4,5,7,2,1,1,4,4,2,18,3,0,,,,,,,,,,,,67,,1,,,121.5760195,25.0383908
112,4,1,17,0,2,05中正區,中正區重慶南路3段與重慶南路3段146巷口,0,0,1,3,,6,1,5,30,3,1,1,4,4,5,7,4,4,3,4,5,2,12,4,0,4,11,3,4,7,15,7,19,11,15,,43,,2,22,9,121.5167352,25.02391361
112,4,1,17,0,2,05中正區,中正區重慶南路3段與重慶南路3段146巷口,0,0,1,1,B03,6,1,5,30,3,1,1,4,4,5,7,4,4,3,4,5,2,12,1,43,3,10,1,1,7,9,1,8,1,5,,23,,1,22,9,121.5167352,25.02391361
112,4,1,17,0,2,05中正區,中正區重慶南路3段與重慶南路3段146巷口,0,0,1,2,C03,6,1,5,30,3,1,1,4,4,5,7,4,4,3,4,5,2,12,1,18,2,9,1,1,7,7,1,10,1,14,,7,,1,22,9,121.5167352,25.02391361
112,4,1,17,5,2,07信義區,信義區松德路182號,0,0,2,1,C03,6,1,5,40,14,8,1,4,4,5,7,4,4,1,4,4,2,17,1,69,2,8,1,1,7,1,1,10,1,11,,19,,1,22,9,121.5744972,25.0354604
112,4,1,17,5,2,07信義區,信義區松德路182號,0,0,2,2,C03,6,1,5,40,14,8,1,4,4,5,7,4,4,1,4,4,2,17,1,28,2,9,1,1,7,9,1,10,1,11,,13,,1,22,9,121.5744972,25.0354604
112,4,1,17,10,2,08士林區,士林區德行西路33號,0,0,1,1,B03,6,1,5,50,14,9,1,4,4,5,7,4,4,5,4,5,2,17,1,34,3,10,1,1,7,11,1,8,1,8,,10,,1,22,9,121.5234965,25.1058109
112,4,1,17,10,2,08士林區,士林區德行西路33號,0,0,1,2,C03,6,1,5,50,14,9,1,4,4,5,7,4,4,5,4,5,2,17,2,29,2,9,1,1,7,9,1,10,1,12,,44,,1,22,9,121.5234965,25.1058109
112,4,1,17,34,2,04大安區,大安區敦化南路1段187巷與忠孝東路4段147巷口,0,0,1,4,B01,6,1,5,30,4,1,1,4,4,5,5,4,4,10,5,5,2,15,1,36,3,10,1,1,7,14,1,4,11,15,,38,,1,22,9,121.5496732,25.04258013
112,4,1,17,34,2,04大安區,大安區敦化南路1段187巷與忠孝東路4段147巷口,0,0,1,3,B03,6,1,5,30,4,1,1,4,4,5,5,4,4,10,5,5,2,15,2,50,3,10,1,1,7,14,1,8,11,15,,38,,1,22,9,121.5496732,25.04258013
112,4,1,17,34,2,04大安區,大安區敦化南路1段187巷與忠孝東路4段147巷口,0,0,1,1,B03,6,1,5,30,4,1,1,4,4,5,5,4,4,10,5,5,2,15,2,49,3,10,1,1,7,9,1,8,1,8,,6,,1,22,9,121.5496732,25.04258013
112,4,1,17,34,2,04大安區,大安區敦化南路1段187巷與忠孝東路4段147巷口,0,0,1,2,C03,6,1,5,30,4,1,1,4,4,5,5,4,4,10,5,5,2,15,1,18,2,9,1,1,7,9,3,18,1,12,,14,,1,22,9,121.5496732,25.04258013
112,4,1,18,9,2,03中山區,中山區錦州街與松江路口,0,0,2,2,H01,6,3,5,50,4,1,1,4,4,5,7,2,1,1,5,5,2,9,1,38,2,9,4,5,8,18,8,20,1,16,,51,,1,22,9,121.5331053,25.06033
112,4,1,18,9,2,03中山區,中山區錦州街與松江路口,0,0,2,1,C03,6,3,5,50,4,1,1,4,4,5,7,2,1,1,5,5,2,9,1,62,2,8,3,4,7,5,1,10,1,14,,15,,1,22,9,121.5331053,25.06033
112,4,1,18,35,2,08士林區,士林區天母西路與天母西路83巷口,0,0,1,2,C03,6,3,5,50,4,1,1,4,4,5,7,4,4,5,5,5,2,16,1,40,2,9,1,1,7,9,1,10,1,11,,14,,1,22,9,121.524898,25.11847594
112,4,1,18,35,2,08士林區,士林區天母西路與天母西路83巷口,0,0,1,1,B03,6,3,5,50,4,1,1,4,4,5,7,4,4,5,5,5,2,16,1,39,3,10,1,1,7,5,1,8,1,2,,6,,1,22,9,121.524898,25.11847594
112,4,1,19,0,2,06松山區,松山區八德路4段651號,0,0,1,2,C04,7,3,5,40,14,9,1,4,4,5,7,4,4,9,4,4,1,12,2,64,2,9,1,1,7,9,1,10,2,11,,23,,1,22,9,121.575466,25.05006575
112,4,1,19,0,2,06松山區,松山區八德路4段651號,0,0,1,1,B01,7,3,5,40,14,9,1,4,4,5,7,4,4,9,4,4,1,12,1,54,3,10,1,4,7,14,1,4,2,4,,40,,1,22,9,121.575466,25.05006575
112,4,1,19,30,2,09北投區,北投區榮華三路與磺溪便道口,0,0,1,1,B03,8,3,5,30,5,1,1,4,4,5,7,4,4,9,4,5,2,16,2,24,3,10,3,4,7,5,1,8,2,8,,8,,1,22,9,121.5253,25.1137587
112,4,1,19,30,2,09北投區,北投區榮華三路與磺溪便道口,0,0,1,2,C03,8,3,5,30,5,1,1,4,4,5,7,4,4,9,4,5,2,16,1,36,2,9,3,4,7,14,1,10,2,11,,44,,1,22,9,121.5253,25.1137587
112,4,1,20,32,2,07信義區,信義區松山路與松山路292巷口,0,0,1,1,C03,6,3,5,50,3,1,1,4,4,5,7,1,1,10,4,5,1,17,1,16,3,10,1,1,7,11,2,18,2,13,,10,,1,22,9,121.5777833,25.0431514
112,4,1,20,32,2,07信義區,信義區松山路與松山路292巷口,0,0,1,3,H02,6,3,5,50,3,1,1,4,4,5,7,1,1,10,4,5,1,17,1,16,3,10,1,5,7,20,8,20,10,16,,67,,1,22,9,121.5777833,25.0431514
112,4,1,20,32,2,07信義區,信義區松山路與松山路292巷口,0,0,1,2,C03,6,3,5,50,3,1,1,4,4,5,7,1,1,10,4,5,1,17,1,34,2,9,1,1,7,9,1,10,2,11,,44,,1,22,9,121.5777833,25.0431514
112,4,1,21,12,2,04大安區,大安區通化街170巷與通化街口,0,0,2,2,H01,6,3,5,30,4,1,1,4,4,5,7,2,1,10,5,5,2,3,1,76,2,5,4,5,8,16,8,20,10,16,,52,,1,22,9,121.5535105,25.0281206
112,4,1,21,12,2,04大安區,大安區通化街170巷與通化街口,0,0,2,1,B01,6,3,5,30,4,1,1,4,4,5,7,2,1,10,5,5,2,3,1,52,2,3,1,1,7,9,1,4,1,8,,43,,1,22,9,121.5535105,25.0281206
112,4,1,22,19,2,12內湖區,內湖區潭美街291號,0,0,2,2,C03,7,3,5,40,14,9,1,5,4,5,7,4,4,9,5,5,2,10,2,22,2,9,1,1,7,1,1,10,1,11,,13,,1,22,9,121.5885934,25.0577748
112,4,1,22,19,2,12內湖區,內湖區潭美街291號,0,0,2,1,C03,7,3,5,40,14,9,1,5,4,5,7,4,4,9,5,5,2,10,1,69,2,9,1,1,7,1,1,10,1,11,,19,,1,22,9,121.5885934,25.0577748
112,4,1,22,46,2,07信義區,信義區吳興街與莊敬路口,0,0,1,1,B01,8,3,5,50,4,2,1,5,4,5,7,2,1,9,4,5,2,16,1,50,3,10,1,1,7,5,1,4,1,1,,8,,1,22,9,121.5631443,25.0276723
112,4,1,22,46,2,07信義區,信義區吳興街與莊敬路口,0,0,1,2,F01,8,3,5,50,4,2,1,5,4,5,7,2,1,9,4,5,2,16,2,75,2,9,2,1,7,9,8,20,1,16,,44,,1,22,9,121.5631443,25.0276723
112,4,2,7,27,2,11南港區,南港區興南街80號,0,0,1,1,H01,8,1,5,30,14,9,1,5,4,5,7,4,4,8,5,5,2,9,2,76,2,8,4,1,8,16,8,20,1,16,,67,,1,22,9,121.6010676,25.0559558
112,4,2,7,27,2,11南港區,南港區興南街80號,0,0,1,2,B03,8,1,5,30,14,9,1,5,4,5,7,4,4,8,5,5,2,9,1,67,3,10,1,1,7,9,1,8,1,2,,23,,1,22,9,121.6010676,25.0559558
112,4,2,7,33,2,05中正區,中正區中山北路1段與市民大道1段口口,0,0,1,1,B03,7,1,5,50,4,2,1,5,4,5,7,2,1,9,4,5,1,16,1,42,3,10,1,1,7,6,1,8,2,6,,9,,1,21,5,121.5208199,25.0479267
112,4,2,7,33,2,05中正區,中正區中山北路1段與市民大道1段口口,0,0,1,2,C03,7,1,5,50,4,2,1,5,4,5,7,2,1,9,4,5,1,16,1,20,2,8,1,1,7,9,1,10,2,11,,13,,1,18,1,121.5208199,25.0479267
112,4,2,7,35,2,12內湖區,內湖區成功路2段與成功路2段320巷口,0,0,1,1,B01,7,1,5,50,3,1,4,5,4,5,7,1,1,1,4,5,2,12,1,59,3,10,1,1,7,15,1,4,1,7,,6,,1,22,9,121.5906389,25.06765874
112,4,2,7,35,2,12內湖區,內湖區成功路2段與成功路2段320巷口,0,0,1,2,B03,7,1,5,50,3,1,4,5,4,5,7,1,1,1,4,5,2,12,1,20,2,1,1,1,7,9,1,8,1,5,,14,,1,22,9,121.5906389,25.06765874
112,4,2,7,41,2,12內湖區,內湖區民善街與舊宗路1段150巷口,0,0,1,1,B03,7,1,5,50,4,1,1,5,4,5,7,4,4,5,4,5,2,16,1,63,3,10,1,1,7,6,1,8,1,2,,9,,1,22,9,121.5751588,25.06164565
112,4,2,7,41,2,12內湖區,內湖區民善街與舊宗路1段150巷口,0,0,1,2,C03,7,1,5,50,4,1,1,5,4,5,7,4,4,5,4,5,2,16,1,18,2,7,1,1,7,9,1,10,1,14,,13,,1,22,9,121.5751588,25.06164565
112,4,2,7,50,2,07信義區,信義區基隆路1段398號,0,0,1,1,B11,7,1,5,50,14,9,1,5,4,5,7,4,4,1,2,5,2,17,1,58,3,10,3,4,7,8,1,4,1,15,,7,,1,22,9,121.5601342,25.0342259
112,4,2,7,50,2,07信義區,信義區基隆路1段398號,0,0,1,2,C03,7,1,5,50,14,9,1,5,4,5,7,4,4,1,2,5,2,17,1,61,2,9,3,4,7,9,1,10,1,12,,44,,1,22,9,121.5601342,25.0342259
112,4,2,10,21,2,03中山區,中山區民權東路2段152巷與建國北路2段258巷口,0,0,2,1,C03,7,1,5,30,4,1,1,5,4,5,7,4,4,8,5,5,1,15,2,74,2,1,3,4,7,9,1,10,1,14,,6,,1,22,9,121.5348736,25.0617933
112,4,2,10,21,2,03中山區,中山區民權東路2段152巷與建國北路2段258巷口,0,0,2,2,C03,7,1,5,30,4,1,1,5,4,5,7,4,4,8,5,5,1,15,1,40,2,8,3,4,7,9,1,9,1,12,,23,,1,22,9,121.5348736,25.0617933
112,4,2,11,11,2,01大同區,大同區台北橋機慢車道下橋處(往台北),0,0,1,2,C03,7,1,5,40,15,11,1,5,4,5,7,1,1,1,4,5,2,17,1,27,3,10,1,1,7,14,1,10,2,13,,42,,1,22,9,121.5109841,25.0628769
112,4,2,11,11,2,01大同區,大同區台北橋機慢車道下橋處(往台北),0,0,1,1,C03,7,1,5,40,15,11,1,5,4,5,7,1,1,1,4,5,2,17,2,19,2,9,1,1,7,9,1,10,2,11,,16,,1,22,9,121.5109841,25.0628769
112,4,2,11,46,2,02萬華區,萬華區西園路2段與東園街口(240號旁),0,0,2,2,B12,8,1,5,50,3,1,1,5,4,5,7,2,1,1,4,5,2,17,2,49,3,10,1,1,7,9,1,8,1,2,,44,,1,22,9,121.4951289,25.02818402