發生年度,發生月,發生日,發生時-Hours,發生分,處理別-編號,區序,肇事地點,死亡人數,2-30日死亡人數,受傷人數,當事人序號,車種,天候,光線,道路類別,速限-速度限制,道路型態,事故位置,路面狀況1,路面狀況2,路面狀況3,道路障礙1,道路障礙2,號誌1,號誌2,車道劃分-分向,車道劃分-分道1,車道劃分-分道2,車道劃分-分道3,事故類型及型態,性別,年齡,受傷程度,主要傷處,保護裝置,行動電話,車輛用途,當事者行動狀態,駕駛資格情形,駕駛執照種類,飲酒情形,車輛撞擊部位1,車輛撞擊部位2,肇因碼-個別,肇因碼-主要,個人肇逃否,職業,旅次目的,座標-X,座標-Y
112,4,3,8,46,2,01大同區,大同區歸綏街233號對面,0,0,1,1,B12,8,1,5,50,14,9,1,5,4,5,7,4,4,5,5,5,2,14,1,67,3,10,1,1,7,2,1,7,1,6,,12,,1,22,9,121.5110319,25.05825596
112,4,3,8,46,2,01大同區,大同區歸綏街233號對面,0,0,1,2,B01,8,1,5,50,14,9,1,5,4,5,7,4,4,5,5,5,2,14,1,48,2,2,1,1,7,14,1,4,1,6,,38,,1,22,9,121.5110319,25.05825596
112,4,3,9,30,2,04大安區,大安區忠孝東路3段305號旁,0,0,1,1,C03,8,1,5,50,14,9,1,5,4,5,7,4,4,1,1,5,2,18,2,55,2,7,1,1,7,9,1,10,9,12,,23,,1,22,9,121.5432602,25.0417811
112,4,3,9,30,2,04大安區,大安區忠孝東路3段305號旁,0,0,1,2,,8,1,5,50,14,9,1,5,4,5,7,4,4,1,1,5,2,18,3,0,,,,,,,,,,,,67,,1,,,121.5432602,25.0417811
112,4,3,9,30,2,07信義區,信義區松仁路與吳興街口,0,0,1,2,C03,8,1,5,50,5,1,1,5,4,5,7,1,1,5,5,5,2,16,1,26,2,9,1,1,7,9,1,10,2,11,,44,,1,22,9,121.569893,25.0240031
112,4,3,9,30,2,07信義區,信義區松仁路與吳興街口,0,0,1,1,B01,8,1,5,50,5,1,1,5,4,5,7,1,1,5,5,5,2,16,1,49,3,10,1,1,7,11,1,4,2,2,,10,,1,22,9,121.569893,25.0240031
112,4,3,9,46,2,02萬華區,萬華區西藏路與西藏路125巷口,0,0,1,1,H01,8,1,5,50,3,1,1,5,4,5,7,1,1,1,3,4,2,3,1,89,2,9,4,5,8,20,8,20,2,16,,52,,1,22,9,121.502304,25.0296378
112,4,3,9,46,2,02萬華區,萬華區西藏路與西藏路125巷口,0,0,1,2,B01,8,1,5,50,3,1,1,5,4,5,7,1,1,1,3,4,2,3,1,61,3,10,1,1,7,9,1,4,2,1,,44,,1,22,9,121.502304,25.0296378
112,4,3,9,56,2,01大同區,大同區延平北路3段與民權西路口,0,0,1,1,C03,8,1,5,50,4,1,1,5,4,5,7,2,1,5,4,5,2,16,2,65,2,9,1,1,7,5,3,18,1,14,,8,,1,22,9,121.5112086,25.0630193
112,4,3,9,56,2,01大同區,大同區延平北路3段與民權西路口,0,0,1,2,B01,8,1,5,50,4,1,1,5,4,5,7,2,1,5,4,5,2,16,1,67,3,10,3,4,7,9,1,4,1,1,,44,,1,22,9,121.5112086,25.0630193
112,4,3,9,57,2,12內湖區,內湖區舊宗路1段2號,0,0,1,2,B03,8,1,5,50,15,9,1,5,4,5,7,1,1,1,4,5,2,12,1,30,3,10,1,1,7,1,1,8,1,1,,44,,1,22,9,121.5811082,25.05746945
112,4,3,9,57,2,12內湖區,內湖區舊宗路1段2號,0,0,1,1,C03,8,1,5,50,15,9,1,5,4,5,7,1,1,1,4,5,2,12,2,31,2,9,1,1,7,10,1,10,1,14,,7,,1,22,9,121.5811082,25.05746945
112,4,3,10,10,2,09北投區,北投區大度路3段155號與大度路3段口西往東方向,0,0,2,2,C03,8,1,5,50,3,2,1,5,4,5,7,4,4,9,4,5,1,12,2,18,2,7,1,1,7,9,1,10,2,11,,23,,1,22,9,121.4714094,25.12275214
112,4,3,10,10,2,09北投區,北投區大度路3段155號與大度路3段口西往東方向,0,0,2,1,C03,8,1,5,50,3,2,1,5,4,5,7,4,4,9,4,5,1,12,1,34,2,7,1,1,7,12,1,10,2,13,,44,,1,22,9,121.4714094,25.12275214
112,4,3,10,15,2,04大安區,大安區愛國東路210巷與愛國東路口,0,0,1,1,C03,8,1,5,50,4,2,1,5,4,5,7,3,1,1,4,5,2,3,1,25,3,10,1,1,7,9,1,10,1,11,,15,,1,22,9,121.5241543,25.0321004
112,4,3,10,15,2,04大安區,大安區愛國東路210巷與愛國東路口,0,0,1,2,H01,8,1,5,50,4,2,1,5,4,5,7,3,1,1,4,5,2,3,2,76,2,8,4,5,8,16,8,20,10,16,,67,,1,22,9,121.5241543,25.0321004
112,4,3,10,18,2,01大同區,大同區歸綏街與民樂街口,0,0,1,1,B03,8,1,5,50,4,2,1,5,4,5,7,4,4,5,2,5,2,14,1,57,3,10,1,1,7,2,1,8,1,3,,12,,1,22,9,121.5107037,25.0582015
112,4,3,10,18,2,01大同區,大同區歸綏街與民樂街口,0,0,1,2,B03,8,1,5,50,4,2,1,5,4,5,7,4,4,5,2,5,2,14,2,72,2,8,1,1,7,13,1,8,1,1,,26,,1,22,9,121.5107037,25.0582015
112,4,3,11,37,2,09北投區,北投區實踐街82巷與實踐街口,0,0,2,2,C03,8,1,5,30,4,1,1,5,4,5,7,4,4,9,5,5,2,15,2,44,2,9,1,1,7,9,1,10,1,11,,23,,1,22,9,121.5108272,25.1148979
112,4,3,11,37,2,09北投區,北投區實踐街82巷與實踐街口,0,0,2,1,C03,8,1,5,30,4,1,1,5,4,5,7,4,4,9,5,5,2,15,1,22,2,9,1,1,7,9,1,10,1,14,,23,,1,22,9,121.5108272,25.1148979
112,4,3,11,37,2,12內湖區,內湖區東湖路與東湖路43巷口,0,0,3,3,H02,8,1,5,50,4,1,1,5,4,5,7,2,1,5,4,5,2,11,2,60,2,7,1,5,7,21,8,20,10,16,,67,,1,22,9,121.6138711,25.0688986
112,4,3,11,37,2,12內湖區,內湖區東湖路與東湖路43巷口,0,0,3,2,C03,8,1,5,50,4,1,1,5,4,5,7,2,1,5,4,5,2,11,1,18,2,9,1,1,7,9,1,10,1,11,,44,,1,22,9,121.6138711,25.0688986
112,4,3,11,37,2,12內湖區,內湖區東湖路與東湖路43巷口,0,0,3,1,C03,8,1,5,50,4,1,1,5,4,5,7,2,1,5,4,5,2,11,1,64,2,7,1,1,7,5,1,10,1,11,,6,,1,22,9,121.6138711,25.0688986
112,4,3,11,50,2,12內湖區,內湖區內湖路2段181號,0,0,3,3,H02,8,1,5,50,3,1,1,5,4,5,7,4,4,9,5,5,2,12,2,33,2,7,1,5,7,21,8,20,10,16,,67,,1,22,9,121.5878498,25.08142118
112,4,3,11,50,2,12內湖區,內湖區內湖路2段181號,0,0,3,1,C03,8,1,5,50,3,1,1,5,4,5,7,4,4,9,5,5,2,12,1,55,2,7,1,1,7,6,1,10,1,12,,9,,1,22,9,121.5878498,25.08142118
112,4,3,11,50,2,12內湖區,內湖區內湖路2段181號,0,0,3,2,C03,8,1,5,50,3,1,1,5,4,5,7,4,4,9,5,5,2,12,1,29,2,8,1,1,7,9,1,10,1,14,,23,,1,22,9,121.5878498,25.08142118
112,4,3,11,53,2,12內湖區,內湖區康寧路3段與康寧路3段16巷口,0,0,1,2,B03,8,1,5,50,4,1,1,5,4,5,7,1,1,1,4,5,2,13,2,53,3,10,1,1,7,6,1,8,2,3,,9,,1,22,9,121.6099557,25.07127681
112,4,3,11,53,2,12內湖區,內湖區康寧路3段與康寧路3段16巷口,0,0,1,1,C03,8,1,5,50,4,1,1,5,4,5,7,1,1,1,4,5,2,13,1,33,2,9,1,1,7,9,1,10,2,11,,23,,1,22,9,121.6099557,25.07127681
112,4,3,11,54,2,09北投區,北投區稻香路與石仙路口,0,0,2,2,B12,8,1,5,30,4,1,1,5,4,5,6,1,1,10,5,5,2,17,1,41,3,10,1,1,7,6,1,8,1,5,,9,,1,22,9,121.4895609,25.1411154
112,4,3,11,54,2,09北投區,北投區稻香路與石仙路口,0,0,2,1,C03,8,1,5,30,4,1,1,5,4,5,6,1,1,10,5,5,2,17,2,34,2,8,1,1,7,15,1,10,1,11,,23,,1,22,9,121.4895609,25.1411154
112,4,3,11,54,2,09北投區,北投區稻香路與石仙路口,0,0,2,3,H02,8,1,5,30,4,1,1,5,4,5,6,1,1,10,5,5,2,17,2,6,2,9,1,5,7,21,8,20,10,16,,67,,1,13,9,121.4895609,25.1411154
112,4,3,12,7,2,12內湖區,內湖區堤外便道與堤外便道口西往東(南湖右016路燈桿),0,0,1,1,B12,8,1,5,50,14,9,1,5,4,5,7,4,4,7,4,5,2,12,1,45,3,10,1,1,7,9,1,8,1,6,,23,,1,22,9,121.6125579,25.06499489
112,4,3,12,7,2,12內湖區,內湖區堤外便道與堤外便道口西往東(南湖右016路燈桿),0,0,1,2,C03,8,1,5,50,14,9,1,5,4,5,7,4,4,7,4,5,2,12,1,18,2,7,1,1,7,9,3,18,1,14,,44,,1,22,9,121.6125579,25.06499489
112,4,3,12,20,2,03中山區,中山區錦州街與龍江路口,0,0,1,2,B01,8,1,5,50,4,1,1,5,4,5,7,1,1,5,5,5,2,16,1,61,3,10,1,1,7,9,1,4,1,2,,44,,1,22,9,121.5407412,25.0602275
112,4,3,12,20,2,03中山區,中山區錦州街與龍江路口,0,0,1,1,C04,8,1,5,50,4,1,1,5,4,5,7,1,1,5,5,5,2,16,1,75,2,7,1,1,7,5,1,11,1,11,,25,,1,22,9,121.5407412,25.0602275
112,4,3,12,20,2,09北投區,北投區致遠一路2段與致遠一路2段35巷口,0,0,1,1,C03,8,1,5,50,4,2,1,5,4,5,7,4,4,7,4,5,1,12,1,47,3,10,1,1,7,1,1,10,2,14,,19,,1,22,9,121.5139923,25.11159003
112,4,3,12,20,2,09北投區,北投區致遠一路2段與致遠一路2段35巷口,0,0,1,2,C03,8,1,5,50,4,2,1,5,4,5,7,4,4,7,4,5,1,12,1,29,2,8,1,1,7,9,1,10,2,12,,44,,1,22,9,121.5139923,25.11159003
112,4,3,12,32,2,03中山區,中山區北安路與明水路口,0,0,3,1,C03,8,1,5,50,3,2,1,5,4,5,7,1,1,1,2,5,2,13,1,48,2,9,1,1,7,7,1,10,2,13,,7,,1,22,9,121.5385419,25.0777084
112,4,3,12,32,2,03中山區,中山區北安路與明水路口,0,0,3,2,C03,8,1,5,50,3,2,1,5,4,5,7,1,1,1,2,5,2,13,1,31,2,9,1,1,7,9,1,10,2,11,,44,,1,22,9,121.5385419,25.0777084
112,4,3,12,32,2,03中山區,中山區北安路與明水路口,0,0,3,3,H02,8,1,5,50,3,2,1,5,4,5,7,1,1,1,2,5,2,13,2,21,2,9,1,1,7,20,8,20,10,16,,67,,1,22,9,121.5385419,25.0777084
112,4,3,12,48,2,10文山區,文山區新光路2段動物園旁(電燈桿136),0,0,1,3,B02,8,1,5,50,14,9,1,5,4,5,7,4,4,9,4,5,2,16,1,44,3,10,3,4,7,8,1,8,9,15,,7,,1,22,9,121.581973,24.99970584
112,4,3,12,48,2,10文山區,文山區新光路2段動物園旁(電燈桿136),0,0,1,2,B03,8,1,5,50,14,9,1,5,4,5,7,4,4,9,4,5,2,16,1,55,3,10,1,1,7,12,1,8,2,6,,44,,1,22,9,121.581973,24.99970584
112,4,3,12,48,2,10文山區,文山區新光路2段動物園旁(電燈桿136),0,0,1,1,C03,8,1,5,50,14,9,1,5,4,5,7,4,4,9,4,5,2,16,1,29,2,9,1,1,7,9,1,10,2,14,,23,,1,22,9,121.581973,24.99970584
112,4,3,12,56,2,02萬華區,萬華區環河南路1段與貴陽街2段口,0,0,1,1,C03,8,1,5,50,4,1,1,5,4,5,7,1,1,1,5,5,2,12,1,30,3,10,1,1,7,5,1,10,1,12,,23,,1,22,9,121.4978742,25.0401217
112,4,3,12,56,2,02萬華區,萬華區環河南路1段與貴陽街2段口,0,0,1,2,C03,8,1,5,50,4,1,1,5,4,5,7,1,1,1,5,5,2,12,2,45,2,9,1,1,7,9,1,10,1,12,,44,,1,22,9,121.4978742,25.0401217
112,4,3,12,56,2,04大安區,大安區建國南路1段與建國南路1段341巷口,0,0,1,1,C03,8,1,5,30,4,1,1,5,4,5,7,2,1,1,4,5,2,15,2,48,2,9,3,4,7,9,1,10,1,14,,25,,1,22,9,121.5379845,25.0344303
112,4,3,12,56,2,04大安區,大安區建國南路1段與建國南路1段341巷口,0,0,1,2,B03,8,1,5,30,4,1,1,5,4,5,7,2,1,1,4,5,2,15,1,64,3,10,3,4,7,9,1,8,1,1,,44,,1,22,9,121.5379845,25.0344303
112,4,3,13,3,2,07信義區,信義區永吉路與松隆路口,0,0,1,1,B01,8,1,5,50,5,2,1,5,4,5,7,1,1,1,4,5,1,3,1,65,3,10,1,1,7,5,1,4,1,1,,15,,1,22,9,121.5701344,25.0456851
112,4,3,13,3,2,07信義區,信義區永吉路與松隆路口,0,0,1,2,H01,8,1,5,50,5,2,1,5,4,5,7,1,1,1,4,5,1,3,2,48,2,9,4,5,8,16,8,20,10,16,,67,,1,22,9,121.5701344,25.0456851
112,4,3,13,35,2,10文山區,文山區木新路2段79巷12弄16號與無名巷口,0,0,2,1,B03,8,1,5,50,3,2,1,5,4,3,5,4,4,9,5,5,2,17,1,31,3,10,3,1,7,13,1,8,2,4,,40,,1,22,9,121.5711593,24.9845108
112,4,3,13,35,2,10文山區,文山區木新路2段79巷12弄16號與無名巷口,0,0,2,2,C03,8,1,5,50,3,2,1,5,4,3,5,4,4,9,5,5,2,17,1,61,2,7,1,1,7,9,1,9,2,12,,44,,1,22,9,121.5711593,24.9845108
112,4,3,13,35,2,10文山區,文山區木新路2段79巷12弄16號與無名巷口,0,0,2,3,H02,8,1,5,50,3,2,1,5,4,3,5,4,4,9,5,5,2,17,2,56,2,8,1,5,7,21,8,20,10,15,,67,,1,22,9,121.5711593,24.9845108
112,4,3,14,20,2,09北投區,北投區磺港路202號,0,0,2,2,C03,8,1,5,30,14,9,1,5,4,5,7,4,4,10,5,5,2,16,1,66,2,9,1,1,7,8,1,9,1,12,,43,,1,22,9,121.5032401,25.12719252
112,4,3,14,20,2,09北投區,北投區磺港路202號,0,0,2,1,C03,8,1,5,30,14,9,1,5,4,5,7,4,4,10,5,5,2,16,2,35,2,9,1,1,7,9,1,10,1,11,,43,,1,22,9,121.5032401,25.12719252
112,4,3,17,30,2,01大同區,大同區台北橋機慢車道往新北市,0,0,1,3,F01,8,1,7,0,14,11,1,5,4,5,7,4,4,9,4,5,1,16,1,64,3,10,2,4,7,9,8,20,1,16,,44,,1,22,9,121.5084315,25.06352482
112,4,3,17,30,2,01大同區,大同區台北橋機慢車道往新北市,0,0,1,1,C03,8,1,7,0,14,11,1,5,4,5,7,4,4,9,4,5,1,16,1,26,3,10,1,4,7,9,1,10,1,15,,44,,1,22,9,121.5084315,25.06352482
112,4,3,17,30,2,01大同區,大同區台北橋機慢車道往新北市,0,0,1,2,C03,8,1,7,0,14,11,1,5,4,5,7,4,4,9,4,5,1,16,2,18,2,9,1,4,7,9,3,18,1,15,,23,,1,22,9,121.5084315,25.06352482
112,4,3,17,54,2,01大同區,大同區延平北路2段與涼州街口,0,0,4,1,C04,8,1,5,50,4,1,1,5,4,5,7,2,1,5,4,5,2,17,1,19,2,8,1,4,7,5,1,10,2,12,,8,,1,22,9,121.511326,25.0606428
112,4,3,17,54,2,01大同區,大同區延平北路2段與涼州街口,0,0,4,2,C03,8,1,5,50,4,1,1,5,4,5,7,2,1,5,4,5,2,17,1,33,2,3,1,4,7,9,1,10,2,11,,44,,1,22,9,121.511326,25.0606428
112,4,3,17,54,2,01大同區,大同區延平北路2段與涼州街口,0,0,4,3,H02,8,1,5,50,4,1,1,5,4,5,7,2,1,5,4,5,2,17,1,22,2,9,1,5,7,20,8,20,10,16,,67,,1,22,9,121.511326,25.0606428
112,4,3,17,54,2,01大同區,大同區延平北路2段與涼州街口,0,0,4,4,H02,8,1,5,50,4,1,1,5,4,5,7,2,1,5,4,5,2,17,2,30,2,9,1,5,7,20,8,20,10,16,,67,,1,22,9,121.511326,25.0606428
112,4,3,18,9,2,05中正區,中正區中華路1段與貴陽街1段口口,0,0,2,3,B12,8,3,5,50,4,1,1,5,4,5,7,2,1,9,4,4,1,16,1,61,3,10,1,1,7,14,1,8,2,4,,44,,1,21,1,121.5076112,25.0391999
112,4,3,18,9,2,05中正區,中正區中華路1段與貴陽街1段口口,0,0,2,1,B03,8,3,5,50,4,1,1,5,4,5,7,2,1,9,4,4,1,16,1,36,2,2,1,1,7,5,1,8,2,6,,25,,1,21,1,121.5076112,25.0391999
112,4,3,18,9,2,05中正區,中正區中華路1段與貴陽街1段口口,0,0,2,2,C03,8,3,5,50,4,1,1,5,4,5,7,2,1,9,4,4,1,16,1,66,2,9,1,1,7,9,1,10,2,11,,25,,1,19,5,121.5076112,25.0391999
112,4,3,18,28,2,10文山區,文山區木柵路4段與木柵路4段149巷口,0,0,1,1,C03,8,3,5,50,3,1,1,5,4,5,7,1,1,4,3,5,2,13,1,26,3,10,1,1,7,5,1,10,2,13,,8,,1,22,9,121.5750009,24.9986206
112,4,3,18,28,2,10文山區,文山區木柵路4段與木柵路4段149巷口,0,0,1,2,C02,8,3,5,50,3,1,1,5,4,5,7,1,1,4,3,5,2,13,1,21,2,9,1,1,7,9,1,9,2,11,,23,,1,22,9,121.5750009,24.9986206
112,4,3,18,35,2,09北投區,北投區知行路39號燈桿,0,0,1,1,C03,8,3,5,50,14,9,1,5,4,5,7,4,4,9,5,5,2,13,1,51,2,9,1,1,7,9,1,10,1,11,,23,,1,22,9,121.4623543,25.12140482
112,4,3,18,35,2,09北投區,北投區知行路39號燈桿,0,0,1,2,B12,8,3,5,50,14,9,1,5,4,5,7,4,4,9,5,5,2,13,1,49,3,10,1,1,7,13,1,8,1,7,,38,,1,22,9,121.4623543,25.12140482
112,4,3,18,50,2,03中山區,中山區農安街15號,0,0,3,3,H02,8,3,5,0,14,9,1,5,4,5,7,4,4,9,4,5,2,3,2,25,2,9,1,1,7,21,8,20,10,16,,67,,1,22,9,121.5237841,25.064952
112,4,3,18,50,2,03中山區,中山區農安街15號,0,0,3,2,C03,8,3,5,0,14,9,1,5,4,5,7,4,4,9,4,5,2,3,1,26,2,9,1,1,7,9,1,10,1,11,,23,,1,22,9,121.5237841,25.064952
112,4,3,18,50,2,03中山區,中山區農安街15號,0,0,3,1,H01,8,3,5,0,14,9,1,5,4,5,7,4,4,9,4,5,2,3,2,56,2,9,4,5,8,18,8,20,10,16,,51,,1,22,9,121.5237841,25.064952
112,4,3,18,55,2,06松山區,松山區撫遠街423號與撫遠街口,0,0,1,1,B03,8,3,5,40,4,1,1,5,4,5,7,1,1,1,4,4,2,17,1,51,3,10,1,1,7,6,1,8,1,15,,9,,1,22,9,121.5682074,25.06826646
112,4,3,18,55,2,06松山區,松山區撫遠街423號與撫遠街口,0,0,1,2,C03,8,3,5,40,4,1,1,5,4,5,7,1,1,1,4,4,2,17,1,25,2,9,1,1,7,9,1,10,1,12,,16,,1,22,9,121.5682074,25.06826646
112,4,3,18,58,2,08士林區,士林區中山北路5段699巷與中山北路5段口,0,0,2,3,H02,8,3,5,50,4,1,1,5,4,5,7,2,1,4,3,5,1,12,2,74,2,8,1,1,7,17,8,20,10,16,,67,,1,22,9,121.5272823,25.0975791
112,4,3,18,58,2,08士林區,士林區中山北路5段699巷與中山北路5段口,0,0,2,1,B01,8,3,5,50,4,1,1,5,4,5,7,2,1,4,3,5,1,12,1,54,3,10,1,1,7,9,1,4,2,4,,44,,1,22,9,121.5272823,25.0975791
112,4,3,18,58,2,08士林區,士林區中山北路5段699巷與中山北路5段口,0,0,2,2,C03,8,3,5,50,4,1,1,5,4,5,7,2,1,4,3,5,1,12,1,73,2,8,1,1,7,8,1,10,2,12,,7,,1,22,9,121.5272823,25.0975791
112,4,3,20,50,2,08士林區,士林區社中街346巷與社中街346巷2弄口,0,0,1,1,C03,8,3,5,30,4,1,1,5,4,5,7,4,4,10,5,5,1,15,1,15,3,10,1,1,7,9,2,18,1,14,,6,,1,22,9,121.5045563,25.0925843
112,4,3,20,50,2,08士林區,士林區社中街346巷與社中街346巷2弄口,0,0,1,2,C03,8,3,5,30,4,1,1,5,4,5,7,4,4,10,5,5,1,15,2,42,2,7,1,1,7,9,1,10,1,11,,44,,1,22,9,121.5045563,25.0925843
112,4,3,20,54,2,11南港區,南港區市民大道8段與中南街口,0,0,1,2,C03,8,3,5,50,4,2,1,5,4,5,7,1,1,9,5,5,2,12,1,55,2,8,1,1,7,9,1,10,2,12,,44,,1,22,9,121.6151746,25.0543209
112,4,3,20,54,2,11南港區,南港區市民大道8段與中南街口,0,0,1,1,B03,8,3,5,50,4,2,1,5,4,5,7,1,1,9,5,5,2,12,1,21,3,10,1,1,7,11,1,8,2,4,,26,,1,22,9,121.6151746,25.0543209
112,4,3,21,39,2,11南港區,南港區忠孝東路5段與中坡南路口,0,0,2,1,C03,7,3,5,50,4,2,1,5,4,5,7,2,1,3,3,4,2,16,1,54,3,10,3,4,7,9,1,10,1,13,,25,,1,22,9,121.582794,25.0443568
112,4,3,21,39,2,11南港區,南港區忠孝東路5段與中坡南路口,0,0,2,2,C03,7,3,5,50,4,2,1,5,4,5,7,2,1,3,3,4,2,16,1,32,2,8,3,4,7,1,1,10,1,13,,44,,1,22,9,121.582794,25.0443568
112,4,3,21,39,2,11南港區,南港區忠孝東路5段與中坡南路口,0,0,2,3,H02,7,3,5,50,4,2,1,5,4,5,7,2,1,3,3,4,2,16,2,37,2,9,3,5,7,21,8,20,1,15,,67,,1,22,9,121.582794,25.0443568
112,4,3,21,48,2,08士林區,士林區中正路與承德路5段口,0,0,1,1,B03,8,3,5,50,4,1,1,5,4,5,7,2,1,1,4,5,1,17,2,44,3,10,1,1,7,6,1,8,2,2,,9,,1,22,9,121.5164985,25.09120802
112,4,3,21,48,2,08士林區,士林區中正路與承德路5段口,0,0,1,2,C03,8,3,5,50,4,1,1,5,4,5,7,2,1,1,4,5,1,17,2,22,2,9,1,1,7,9,1,10,2,11,,44,,1,22,9,121.5164985,25.09120802
112,4,3,22,30,2,05中正區,中正區信義路1段與林森南路口,0,0,2,2,C03,8,3,5,50,3,1,1,5,4,5,7,1,1,1,4,5,2,3,1,25,2,9,1,1,7,9,1,10,2,12,,44,,1,22,9,121.5209455,25.0372343
112,4,3,22,30,2,05中正區,中正區信義路1段與林森南路口,0,0,2,1,H01,8,3,5,50,3,1,1,5,4,5,7,1,1,1,4,5,2,3,1,25,2,1,4,5,8,16,8,20,10,16,,52,,1,22,9,121.5209455,25.0372343
112,4,3,23,32,2,03中山區,中山區林森北路119巷20號,0,0,1,3,H02,8,3,5,30,14,9,1,5,4,5,7,4,4,10,5,5,2,16,1,36,3,10,3,5,7,20,8,20,10,16,,67,,1,22,9,121.5259664,25.05052786
112,4,3,23,32,2,03中山區,中山區林森北路119巷20號,0,0,1,1,B01,8,3,5,30,14,9,1,5,4,5,7,4,4,10,5,5,2,16,4,0,4,11,3,4,7,15,7,19,11,15,,43,,2,22,9,121.5259664,25.05052786
112,4,3,23,32,2,03中山區,中山區林森北路119巷20號,0,0,1,2,C03,8,3,5,30,14,9,1,5,4,5,7,4,4,10,5,5,2,16,1,44,2,7,1,1,7,9,1,10,1,11,,43,,1,22,9,121.5259664,25.05052786
112,4,4,0,59,2,02萬華區,萬華區環河南路1段與武昌街2段口,0,0,2,1,C03,8,3,5,50,4,2,1,5,4,5,7,1,1,10,5,5,1,13,1,18,2,9,1,4,7,9,1,10,1,11,,16,,1,22,9,121.5034593,25.04648294
112,4,4,0,59,2,02萬華區,萬華區環河南路1段與武昌街2段口,0,0,2,2,C03,8,3,5,50,4,2,1,5,4,5,7,1,1,10,5,5,1,13,1,25,2,7,1,4,7,12,1,10,1,13,,42,,1,22,9,121.5034593,25.04648294
112,4,4,5,11,2,01大同區,大同區民權西路與承德路2段口,0,0,2,2,C03,8,2,5,50,4,1,1,5,4,5,7,2,1,1,4,5,2,13,1,40,2,9,1,1,7,14,1,10,1,12,,44,,1,22,9,121.5182093,25.06283727
112,4,4,5,11,2,01大同區,大同區民權西路與承德路2段口,0,0,2,1,C03,8,2,5,50,4,1,1,5,4,5,7,2,1,1,4,5,2,13,1,56,2,9,1,1,7,9,1,10,1,11,,23,,1,22,9,121.5182093,25.06283727
112,4,4,6,45,2,02萬華區,萬華區光復橋往新北市,0,0,1,1,B03,8,1,5,50,8,9,1,5,4,5,7,4,4,1,2,5,2,12,1,60,3,10,1,1,7,8,1,8,1,2,,7,,1,22,9,121.488643,25.0235019
112,4,4,6,45,2,02萬華區,萬華區光復橋往新北市,0,0,1,2,C03,8,1,5,50,8,9,1,5,4,5,7,4,4,1,2,5,2,12,1,20,2,9,1,1,7,6,1,10,1,14,,13,,1,22,9,121.488643,25.0235019
112,4,4,8,10,2,09北投區,北投區泉源路硫磺谷,0,0,3,1,B03,8,1,8,30,15,22,1,5,4,5,7,4,4,5,2,5,1,17,2,47,2,5,3,1,7,4,1,8,1,2,,1,,1,22,9,121.5175551,25.1420304
112,4,4,8,10,2,09北投區,北投區泉源路硫磺谷,0,0,3,2,C03,8,1,8,30,15,22,1,5,4,5,7,4,4,5,2,5,1,17,2,59,2,9,1,1,7,9,1,10,1,14,,44,,1,22,9,121.5175551,25.1420304
112,4,4,8,10,2,09北投區,北投區泉源路硫磺谷,0,0,3,3,H03,8,1,8,30,15,22,1,5,4,5,7,4,4,5,2,5,1,17,2,78,2,9,1,1,8,20,8,20,1,16,,67,,1,22,9,121.5175551,25.1420304
112,4,4,9,2,2,09北投區,北投區復興四路8巷與復興四路口口,0,0,1,1,C03,8,3,5,50,3,1,1,5,4,5,7,4,4,9,4,5,2,6,1,18,2,9,1,1,7,9,1,10,1,14,,23,,1,22,9,121.499826,25.141465
112,4,4,9,2,2,09北投區,北投區復興四路8巷與復興四路口口,0,0,1,2,H01,8,3,5,50,3,1,1,5,4,5,7,4,4,9,4,5,2,6,1,65,3,10,4,5,8,18,8,20,11,16,,53,,1,22,9,121.499826,25.141465
112,4,4,9,20,2,10文山區,文山區木新路2段109號,0,0,1,2,C03,8,1,5,50,11,9,1,5,4,5,7,1,1,5,2,5,2,13,1,54,3,10,1,1,7,1,1,10,2,13,,44,,1,22,9,121.5697777,24.98439011
112,4,4,9,20,2,10文山區,文山區木新路2段109號,0,0,1,1,C03,8,1,5,50,11,9,1,5,4,5,7,1,1,5,2,5,2,13,1,47,2,9,1,1,7,9,1,10,2,14,,16,,1,22,9,121.5697777,24.98439011
112,4,4,9,40,2,02萬華區,萬華區西藏路萬華國中地下停車場出入口,0,0,1,2,B03,8,1,8,50,15,22,1,5,4,5,7,4,4,10,5,5,2,17,1,62,3,10,3,4,7,1,1,8,2,1,,19,,1,22,9,121.4995602,25.02928105
112,4,4,9,40,2,02萬華區,萬華區西藏路萬華國中地下停車場出入口,0,0,1,1,C03,8,1,8,50,15,22,1,5,4,5,7,4,4,10,5,5,2,17,2,57,2,8,3,4,7,9,4,8,2,14,,42,,1,22,9,121.4995602,25.02928105
112,4,4,9,47,2,07信義區,信義區市民大道6段與松信路口,0,0,1,2,C03,8,1,5,50,4,1,1,5,4,5,7,1,1,1,4,5,2,17,1,19,2,8,1,1,7,5,1,10,1,14,,8,,1,22,9,121.5722131,25.0493145
112,4,4,9,47,2,07信義區,信義區市民大道6段與松信路口,0,0,1,1,C03,8,1,5,50,4,1,1,5,4,5,7,1,1,1,4,5,2,17,1,61,4,11,3,4,7,15,7,19,11,15,,42,,2,22,9,121.5722131,25.0493145
112,4,4,11,0,2,08士林區,士林區芝玉路2段與芝玉路2段20巷口,0,0,2,1,C04,7,1,5,30,4,1,1,5,4,5,7,4,4,10,5,5,1,15,2,23,2,9,1,1,7,9,1,11,1,11,,6,,1,22,9,121.5346431,25.11106214
112,4,4,11,0,2,08士林區,士林區芝玉路2段與芝玉路2段20巷口,0,0,2,2,F02,7,1,5,30,4,1,1,5,4,5,7,4,4,10,5,5,1,15,2,48,2,9,1,1,7,21,8,20,1,16,,23,,1,22,9,121.5346431,25.11106214