發生年度,發生月,發生日,發生時-Hours,發生分,處理別-編號,區序,肇事地點,死亡人數,2-30日死亡人數,受傷人數,當事人序號,車種,天候,光線,道路類別,速限-速度限制,道路型態,事故位置,路面狀況1,路面狀況2,路面狀況3,道路障礙1,道路障礙2,號誌1,號誌2,車道劃分-分向,車道劃分-分道1,車道劃分-分道2,車道劃分-分道3,事故類型及型態,性別,年齡,受傷程度,主要傷處,保護裝置,行動電話,車輛用途,當事者行動狀態,駕駛資格情形,駕駛執照種類,飲酒情形,車輛撞擊部位1,車輛撞擊部位2,肇因碼-個別,肇因碼-主要,個人肇逃否,職業,旅次目的,座標-X,座標-Y
112,4,4,11,5,2,12內湖區,內湖區康寧路3段245巷與康寧路3段265巷口,0,0,1,2,B03,8,1,5,50,3,1,1,5,4,5,7,4,4,5,5,5,2,13,1,61,3,10,1,1,7,12,1,8,1,3,,44,,1,22,9,121.6127931,25.0666703
112,4,4,11,5,2,12內湖區,內湖區康寧路3段245巷與康寧路3段265巷口,0,0,1,1,C03,8,1,5,50,3,1,1,5,4,5,7,4,4,5,5,5,2,13,2,70,2,8,1,1,7,9,1,10,1,11,,23,,1,22,9,121.6127931,25.0666703
112,4,4,11,20,2,04大安區,大安區大安路1段與大安路1段84巷口,0,0,1,1,B03,8,1,5,30,4,1,1,5,4,5,7,4,4,10,4,5,2,15,2,32,3,10,3,4,7,9,1,8,1,1,,6,,1,22,9,121.5461366,25.040982
112,4,4,11,20,2,04大安區,大安區大安路1段與大安路1段84巷口,0,0,1,2,C03,8,1,5,30,4,1,1,5,4,5,7,4,4,10,4,5,2,15,1,26,2,9,3,4,7,9,1,10,1,14,,44,,1,22,9,121.5461366,25.040982
112,4,4,11,34,2,05中正區,中正區金山南路1段63巷與金山南路1段口,0,0,2,2,C03,7,1,5,50,3,2,1,5,4,5,7,4,4,1,4,1,2,16,1,21,3,10,1,1,7,9,1,10,2,13,,44,,1,22,9,121.5285443,25.03862688
112,4,4,11,34,2,05中正區,中正區金山南路1段63巷與金山南路1段口,0,0,2,5,B01,7,1,5,50,3,2,1,5,4,5,7,4,4,1,4,1,2,16,1,58,3,10,1,1,7,13,1,4,9,1,,38,,1,22,9,121.5285443,25.03862688
112,4,4,11,34,2,05中正區,中正區金山南路1段63巷與金山南路1段口,0,0,2,3,C03,7,1,5,50,3,2,1,5,4,5,7,4,4,1,4,1,2,16,1,20,2,9,1,1,7,9,1,10,2,11,,23,,1,22,9,121.5285443,25.03862688
112,4,4,11,34,2,05中正區,中正區金山南路1段63巷與金山南路1段口,0,0,2,1,B01,7,1,5,50,3,2,1,5,4,5,7,4,4,1,4,1,2,16,1,56,3,10,1,1,7,6,1,4,2,15,,9,,1,22,9,121.5285443,25.03862688
112,4,4,11,34,2,05中正區,中正區金山南路1段63巷與金山南路1段口,0,0,2,6,B03,7,1,5,50,3,2,1,5,4,5,7,4,4,1,4,1,2,16,1,41,3,10,1,1,7,14,1,8,9,15,,38,,1,22,9,121.5285443,25.03862688
112,4,4,11,34,2,05中正區,中正區金山南路1段63巷與金山南路1段口,0,0,2,4,H02,7,1,5,50,3,2,1,5,4,5,7,4,4,1,4,1,2,16,2,22,2,9,1,5,7,21,8,20,10,16,,67,,1,22,9,121.5285443,25.03862688
112,4,4,11,42,2,07信義區,信義區信義路5段與莊敬路口,0,0,1,1,C03,8,1,5,50,4,1,1,5,4,5,7,2,1,4,3,5,1,12,1,55,2,9,1,1,7,5,1,10,1,14,,8,,1,22,9,121.5613697,25.0330753
112,4,4,11,42,2,07信義區,信義區信義路5段與莊敬路口,0,0,1,2,B12,8,1,5,50,4,1,1,5,4,5,7,2,1,4,3,5,1,12,1,22,3,10,3,4,7,9,1,8,1,5,,44,,1,22,9,121.5613697,25.0330753
112,4,4,13,2,2,06松山區,松山區敦化北路88-1號,0,0,1,1,F01,8,1,8,40,15,22,1,5,4,5,7,1,1,1,3,4,2,17,2,16,2,9,2,1,7,5,8,20,1,16,,43,,1,22,9,121.5486496,25.05151811
112,4,4,13,2,2,06松山區,松山區敦化北路88-1號,0,0,1,2,B01,8,1,8,40,15,22,1,5,4,5,7,1,1,1,3,4,2,17,1,62,3,10,3,4,7,6,1,4,1,1,,43,,1,22,9,121.5486496,25.05151811
112,4,4,13,18,2,07信義區,信義區和平東路3段與富陽街口口,0,0,1,2,F01,8,1,5,50,3,2,1,5,4,5,7,4,4,1,4,5,1,16,1,57,2,9,3,4,7,9,8,20,1,16,,44,,1,22,9,121.5560507,25.0211937
112,4,4,13,18,2,07信義區,信義區和平東路3段與富陽街口口,0,0,1,1,B03,8,1,5,50,3,2,1,5,4,5,7,4,4,1,4,5,1,16,2,66,3,10,3,4,7,6,1,8,1,8,,9,,1,22,9,121.5560507,25.0211937
112,4,4,13,30,2,09北投區,北投區泉源路與東昇路口行義路,0,0,1,2,C03,8,1,5,50,3,2,1,5,4,5,7,4,4,9,4,5,2,12,1,59,2,9,1,1,7,9,1,10,1,14,,43,,1,22,9,121.523551,25.1459971
112,4,4,13,30,2,09北投區,北投區泉源路與東昇路口行義路,0,0,1,1,B03,8,1,5,50,3,2,1,5,4,5,7,4,4,9,4,5,2,12,1,51,3,10,1,1,7,9,1,8,1,6,,43,,1,22,9,121.523551,25.1459971
112,4,4,13,31,2,09北投區,北投區石牌路2段201號前,0,0,1,1,B03,8,1,5,50,14,9,1,5,4,5,7,1,1,10,5,5,2,12,1,30,3,10,1,1,7,9,1,1,2,6,,44,,1,22,9,121.5201437,25.1186698
112,4,4,13,31,2,09北投區,北投區石牌路2段201號前,0,0,1,2,C03,8,1,5,50,14,9,1,5,4,5,7,1,1,10,5,5,2,12,1,23,2,9,1,1,7,7,1,10,2,14,,7,,1,22,9,121.5201437,25.1186698
112,4,4,13,44,2,09北投區,北投區中央北路1段8號,0,0,1,2,C03,8,1,5,50,14,9,1,5,4,5,7,4,4,9,4,5,2,16,1,44,2,9,1,1,7,9,1,10,2,11,,44,,1,22,9,121.5011275,25.13375958
112,4,4,13,44,2,09北投區,北投區中央北路1段8號,0,0,1,1,B02,8,1,5,50,14,9,1,5,4,5,7,4,4,9,4,5,2,16,1,67,3,10,1,1,7,11,1,8,2,4,,10,,1,22,9,121.5011275,25.13375958
112,4,4,14,27,2,07信義區,信義區永吉路30巷95號,0,0,1,1,C03,8,1,5,30,14,9,1,5,4,5,7,4,4,5,5,5,2,17,2,62,2,9,3,4,7,7,1,10,1,14,,7,,1,22,9,121.5688049,25.0437659
112,4,4,14,27,2,07信義區,信義區永吉路30巷95號,0,0,1,2,B03,8,1,5,30,14,9,1,5,4,5,7,4,4,5,5,5,2,17,1,53,3,10,3,4,7,9,1,8,1,5,,23,,1,22,9,121.5688049,25.0437659
112,4,4,14,27,2,07信義區,信義區永吉路30巷95號,0,0,1,3,C03,8,1,5,30,14,9,1,5,4,5,7,4,4,5,5,5,2,17,1,35,3,10,3,4,7,14,6,10,9,15,,38,,1,22,9,121.5688049,25.0437659
112,4,4,14,33,2,05中正區,中正區市民大道1段與承德路1段口,0,0,4,4,H02,8,1,5,50,4,1,1,5,4,5,7,1,1,1,4,5,1,15,2,27,2,9,1,5,7,20,8,20,10,16,,67,,1,22,9,121.5164206,25.0486775
112,4,4,14,33,2,05中正區,中正區市民大道1段與承德路1段口,0,0,4,3,H03,8,1,5,50,4,1,1,5,4,5,7,1,1,1,4,5,1,15,1,77,2,1,4,5,8,20,8,20,10,16,,67,,1,22,9,121.5164206,25.0486775
112,4,4,14,33,2,05中正區,中正區市民大道1段與承德路1段口,0,0,4,2,C03,8,1,5,50,4,1,1,5,4,5,7,1,1,1,4,5,1,15,1,30,2,9,1,1,7,9,1,10,2,12,,13,,1,22,9,121.5164206,25.0486775
112,4,4,14,33,2,05中正區,中正區市民大道1段與承德路1段口,0,0,4,1,C03,8,1,5,50,4,1,1,5,4,5,7,1,1,1,4,5,1,15,1,26,2,9,1,1,7,1,1,10,2,11,,25,,1,22,9,121.5164206,25.0486775
112,4,4,14,47,2,09北投區,北投區中央北路2段與文化三路口,0,0,1,2,C03,8,1,5,50,3,1,1,5,4,5,7,1,1,10,5,5,2,13,2,39,2,8,1,1,7,7,1,10,1,11,,44,,1,22,9,121.4959885,25.136568
112,4,4,14,47,2,09北投區,北投區中央北路2段與文化三路口,0,0,1,1,C03,8,1,5,50,3,1,1,5,4,5,7,1,1,10,5,5,2,13,1,30,3,10,1,1,7,5,1,10,1,13,,8,,1,22,9,121.4959885,25.136568
112,4,4,14,47,2,07信義區,信義區福德街268巷與福德街268巷7弄口,0,0,2,2,C03,8,1,5,30,5,1,1,5,4,5,7,4,4,9,5,5,2,15,1,42,2,9,1,1,7,9,1,10,1,11,,14,,1,22,9,121.5857127,25.0396757
112,4,4,14,47,2,07信義區,信義區福德街268巷與福德街268巷7弄口,0,0,2,1,C03,8,1,5,30,5,1,1,5,4,5,7,4,4,9,5,5,2,15,1,66,2,9,1,1,7,9,1,10,1,14,,6,,1,22,9,121.5857127,25.0396757
112,4,4,15,30,2,05中正區,中正區中華路2段311巷與中華路2段315巷5弄口口,0,0,1,1,C03,8,1,5,30,14,9,1,5,4,5,7,4,4,10,5,5,2,15,2,43,3,10,1,1,7,9,1,10,1,11,,6,,1,22,9,121.506231,25.02872278
112,4,4,15,30,2,05中正區,中正區中華路2段311巷與中華路2段315巷5弄口口,0,0,1,2,C03,8,1,5,30,14,9,1,5,4,5,7,4,4,10,5,5,2,15,2,36,2,7,1,1,7,9,1,10,1,14,,44,,1,22,9,121.506231,25.02872278
112,4,4,15,36,2,04大安區,大安區信義路4段與安和路1段口,0,0,1,2,C03,7,1,5,50,4,1,1,5,4,5,7,1,1,10,3,5,2,17,2,66,2,9,1,1,7,9,1,10,1,11,,44,,1,22,9,121.5525092,25.0333016
112,4,4,15,36,2,04大安區,大安區信義路4段與安和路1段口,0,0,1,1,B02,7,1,5,50,4,1,1,5,4,5,7,1,1,10,3,5,2,17,1,22,3,10,1,1,7,5,1,8,1,4,,8,,1,22,9,121.5525092,25.0333016
112,4,4,15,39,2,11南港區,南港區舊莊街1段與舊莊街1段3巷口口,0,0,1,2,C03,7,1,5,40,3,1,1,5,4,5,7,4,4,5,5,5,2,13,1,22,2,9,1,1,7,9,1,10,1,13,,44,,1,22,9,121.6175491,25.04191714
112,4,4,15,39,2,11南港區,南港區舊莊街1段與舊莊街1段3巷口口,0,0,1,1,B12,7,1,5,40,3,1,1,5,4,5,7,4,4,5,5,5,2,13,1,42,3,10,1,1,7,9,1,8,1,8,,23,,1,22,9,121.6175491,25.04191714
112,4,4,15,45,2,04大安區,大安區信義路3段134巷與信義路3段134巷45弄口,0,0,1,1,C03,8,1,5,50,3,1,1,5,4,5,7,4,4,9,5,5,2,17,1,25,3,10,3,4,7,6,1,10,1,14,,9,,1,22,9,121.539414,25.0299694
112,4,4,15,45,2,04大安區,大安區信義路3段134巷與信義路3段134巷45弄口,0,0,1,2,C03,8,1,5,50,3,1,1,5,4,5,7,4,4,9,5,5,2,17,2,27,2,8,3,4,7,9,1,10,1,11,,23,,1,22,9,121.539414,25.0299694
112,4,4,16,15,2,12內湖區,內湖區瑞光路307號,0,0,2,2,H01,8,1,5,0,15,20,4,5,4,5,7,4,4,10,5,5,2,1,2,67,2,5,4,5,8,16,8,20,10,16,,67,,1,22,9,121.575818,25.0758847
112,4,4,16,15,2,12內湖區,內湖區瑞光路307號,0,0,2,1,F01,8,1,5,0,15,20,4,5,4,5,7,4,4,10,5,5,2,1,2,32,2,8,2,1,7,9,8,20,1,16,,26,,1,22,9,121.575818,25.0758847
112,4,4,16,29,2,01大同區,大同區台北橋機慢車專用道,0,0,1,1,C03,8,1,5,50,8,11,1,5,4,5,7,4,4,1,4,5,2,17,1,15,3,10,1,4,7,7,2,18,2,13,,7,,1,22,9,121.5085895,25.06352064
112,4,4,16,29,2,01大同區,大同區台北橋機慢車專用道,0,0,1,2,C03,8,1,5,50,8,11,1,5,4,5,7,4,4,1,4,5,2,17,2,25,2,9,1,4,7,9,1,10,2,12,,44,,1,22,9,121.5085895,25.06352064
112,4,4,16,30,2,12內湖區,內湖區內湖路2段103巷與環山路3段口,0,0,2,2,C03,8,1,5,50,3,2,1,5,4,5,7,2,1,5,4,5,2,17,1,31,2,9,1,1,7,9,1,10,2,11,,44,,1,22,9,121.5808984,25.0847075
112,4,4,16,30,2,12內湖區,內湖區內湖路2段103巷與環山路3段口,0,0,2,3,H02,8,1,5,50,3,2,1,5,4,5,7,2,1,5,4,5,2,17,2,34,2,9,4,5,7,20,8,20,10,16,,67,,1,22,9,121.5808984,25.0847075
112,4,4,16,30,2,12內湖區,內湖區內湖路2段103巷與環山路3段口,0,0,2,1,B03,8,1,5,50,3,2,1,5,4,5,7,2,1,5,4,5,2,17,1,68,3,10,1,1,7,5,1,8,2,5,,8,,1,22,9,121.5808984,25.0847075
112,4,4,17,3,2,04大安區,大安區師大路129號,0,0,2,1,C03,8,1,5,50,4,2,1,5,4,5,7,4,4,5,5,5,2,3,1,39,2,9,1,1,7,9,1,10,1,11,,23,,1,22,9,121.5282807,25.0216936
112,4,4,17,3,2,04大安區,大安區師大路129號,0,0,2,2,H01,8,1,5,50,4,2,1,5,4,5,7,4,4,5,5,5,2,3,2,72,2,9,4,5,8,16,8,20,10,16,,67,,1,22,9,121.5282807,25.0216936
112,4,4,17,6,2,08士林區,士林區美崙街49巷,0,0,1,1,B03,8,1,5,30,14,9,1,5,4,5,7,4,4,10,5,5,1,2,1,58,3,10,1,1,7,9,1,8,2,2,,23,,1,22,9,121.5225024,25.09697272
112,4,4,17,6,2,08士林區,士林區美崙街49巷,0,0,1,2,H01,8,1,5,30,14,9,1,5,4,5,7,4,4,10,5,5,1,2,1,59,2,7,4,5,8,16,8,20,10,16,,67,,1,22,9,121.5225024,25.09697272
112,4,4,17,30,2,08士林區,士林區中山北路5段470巷與福林路口,0,0,1,1,C03,8,1,5,50,3,1,4,5,4,1,7,4,4,9,4,5,1,15,1,20,2,8,1,1,7,9,1,10,2,11,,6,,1,22,9,121.529175,25.0944642
112,4,4,17,30,2,08士林區,士林區中山北路5段470巷與福林路口,0,0,1,2,B03,8,1,5,50,3,1,4,5,4,1,7,4,4,9,4,5,1,15,1,33,3,10,1,1,7,9,1,8,2,1,,44,,1,22,9,121.529175,25.0944642
112,4,4,17,49,2,11南港區,南港區松河街340號,0,0,1,1,C03,8,1,5,50,14,9,1,5,4,5,7,4,4,9,4,5,2,11,1,46,2,9,1,1,7,9,1,8,1,11,,4,,1,22,9,121.5856722,25.0536111
112,4,4,17,49,2,11南港區,南港區松河街340號,0,0,1,2,B03,8,1,5,50,14,9,1,5,4,5,7,4,4,9,4,5,2,11,1,53,3,10,1,1,7,9,1,8,1,8,,44,,1,22,9,121.5856722,25.0536111
112,4,4,18,30,2,09北投區,北投區承德路7段401巷1208519燈桿,0,0,3,1,C03,7,1,5,30,11,9,1,5,4,5,7,4,4,10,5,5,1,10,1,22,2,9,1,1,7,4,1,10,2,11,,5,,1,22,9,121.5002067,25.1180963
112,4,4,18,30,2,09北投區,北投區承德路7段401巷1208519燈桿,0,0,3,2,C03,7,1,5,30,11,9,1,5,4,5,7,4,4,10,5,5,1,10,1,48,2,9,1,1,7,9,1,10,2,11,,13,,1,22,9,121.5002067,25.1180963
112,4,4,18,30,2,09北投區,北投區承德路7段401巷1208519燈桿,0,0,3,3,C03,7,1,5,30,11,9,1,5,4,5,7,4,4,10,5,5,1,10,1,30,2,9,1,1,7,9,1,10,2,14,,44,,1,22,9,121.5002067,25.1180963
112,4,4,18,35,2,10文山區,文山區興隆路4段與興隆路4段96巷口,0,0,2,2,H01,8,3,5,50,3,1,1,5,4,5,7,4,4,3,4,5,2,3,1,86,2,9,4,5,8,16,8,20,10,16,,51,,1,22,9,121.5620365,24.98339108
112,4,4,18,35,2,10文山區,文山區興隆路4段與興隆路4段96巷口,0,0,2,1,C03,8,3,5,50,3,1,1,5,4,5,7,4,4,3,4,5,2,3,1,20,2,7,1,1,7,9,1,10,2,11,,23,,1,22,9,121.5620365,24.98339108
112,4,4,18,45,2,12內湖區,內湖區瑞光路235巷與瑞光路口,0,0,1,1,A02,8,3,5,50,4,1,1,5,4,5,7,2,1,9,4,5,2,13,1,44,3,10,1,1,7,9,1,2,1,1,,16,,1,22,9,121.5780872,25.07444504
112,4,4,18,45,2,12內湖區,內湖區瑞光路235巷與瑞光路口,0,0,1,3,H02,8,3,5,50,4,1,1,5,4,5,7,2,1,9,4,5,2,13,1,50,2,4,1,5,7,21,8,20,10,16,,67,,1,22,9,121.5780872,25.07444504
112,4,4,18,45,2,12內湖區,內湖區瑞光路235巷與瑞光路口,0,0,1,2,B03,8,3,5,50,4,1,1,5,4,5,7,2,1,9,4,5,2,13,1,54,3,10,1,1,7,5,1,8,1,3,,44,,1,22,9,121.5780872,25.07444504
112,4,4,20,26,2,04大安區,大安區辛亥路1段與羅斯福路3段口,0,0,1,1,B01,8,3,5,50,4,4,1,5,4,5,7,2,1,1,4,5,2,17,1,55,3,10,3,4,7,10,1,4,1,2,,25,,1,22,9,121.5291485,25.01991
112,4,4,20,26,2,04大安區,大安區辛亥路1段與羅斯福路3段口,0,0,1,2,C03,8,3,5,50,4,4,1,5,4,5,7,2,1,1,4,5,2,17,1,24,2,7,3,4,7,14,1,10,1,15,,44,,1,22,9,121.5291485,25.01991
112,4,4,21,14,2,10文山區,文山區萬美街2段與萬寧街口,0,0,1,2,B03,8,3,5,50,3,2,1,5,4,5,7,2,1,5,5,5,1,16,1,50,3,10,1,1,7,9,1,8,2,8,,13,,1,22,9,121.5627442,25.0035076
112,4,4,21,14,2,10文山區,文山區萬美街2段與萬寧街口,0,0,1,1,C03,8,3,5,50,3,2,1,5,4,5,7,2,1,5,5,5,1,16,1,19,2,9,1,1,7,5,1,10,2,11,,8,,1,22,9,121.5627442,25.0035076
112,4,4,21,15,2,08士林區,士林區格致路與凱旋路口,0,0,1,1,B03,8,3,5,40,3,1,1,5,4,5,7,4,4,5,5,5,1,12,1,29,3,10,1,1,7,6,1,8,1,2,,9,,1,22,9,121.5463673,25.1369937
112,4,4,21,15,2,08士林區,士林區格致路與凱旋路口,0,0,1,2,C03,8,3,5,40,3,1,1,5,4,5,7,4,4,5,5,5,1,12,1,30,2,8,1,1,7,9,1,10,1,11,,14,,1,22,9,121.5463673,25.1369937
112,4,4,21,20,2,09北投區,北投區大業路527巷與大業路527巷口便橋,0,0,1,2,C03,7,3,5,30,3,1,1,5,4,5,7,4,4,10,5,5,1,16,1,57,3,10,1,1,7,9,1,10,1,11,,13,,1,22,9,121.4757602,25.13254706
112,4,4,21,20,2,09北投區,北投區大業路527巷與大業路527巷口便橋,0,0,1,1,C03,7,3,5,30,3,1,1,5,4,5,7,4,4,10,5,5,1,16,2,67,2,9,1,1,7,5,1,10,1,14,,8,,1,22,9,121.4757602,25.13254706
112,4,4,22,9,2,04大安區,大安區辛亥路3段157巷與芳蘭路口,0,0,1,2,B03,7,3,5,50,4,2,1,5,4,5,7,1,1,10,4,5,2,17,2,49,3,10,1,1,7,6,1,8,1,4,,23,,1,22,9,121.5490335,25.0168097
112,4,4,22,9,2,04大安區,大安區辛亥路3段157巷與芳蘭路口,0,0,1,1,C03,7,3,5,50,4,2,1,5,4,5,7,1,1,10,4,5,2,17,2,18,2,9,1,1,7,5,1,10,1,11,,6,,1,22,9,121.5490335,25.0168097
112,4,4,22,49,2,07信義區,信義區松仁路與松高路口,0,0,1,2,B03,8,3,5,50,4,1,1,5,4,5,7,2,1,1,4,5,1,12,1,68,3,10,3,4,7,6,1,8,1,5,,9,,2,22,9,121.5685712,25.0390061
112,4,4,22,49,2,07信義區,信義區松仁路與松高路口,0,0,1,1,C01,8,3,5,50,4,1,1,5,4,5,7,2,1,1,4,5,1,12,1,22,2,8,3,4,7,4,1,9,1,14,,17,,1,22,9,121.5685712,25.0390061
112,4,4,23,26,2,08士林區,士林區中山北路5段與劍潭路口,0,0,3,1,C03,8,3,5,40,4,1,1,5,4,5,7,1,1,1,4,5,2,12,2,19,3,10,3,4,7,6,1,10,1,15,,9,,1,22,9,121.5255843,25.0839489
112,4,4,23,26,2,08士林區,士林區中山北路5段與劍潭路口,0,0,3,2,C03,8,3,5,40,4,1,1,5,4,5,7,1,1,1,4,5,2,12,2,23,2,9,1,1,7,9,1,10,1,11,,44,,1,22,9,121.5255843,25.0839489
112,4,4,23,26,2,08士林區,士林區中山北路5段與劍潭路口,0,0,3,3,C03,8,3,5,40,4,1,1,5,4,5,7,1,1,1,4,5,2,12,1,32,2,9,1,1,7,9,1,9,1,11,,16,,1,22,9,121.5255843,25.0839489
112,4,4,23,26,2,08士林區,士林區中山北路5段與劍潭路口,0,0,3,4,H02,8,3,5,40,4,1,1,5,4,5,7,1,1,1,4,5,2,12,2,37,2,1,1,5,7,20,8,20,10,16,,67,,1,22,9,121.5255843,25.0839489
112,4,4,23,48,2,07信義區,信義區忠孝東路5段與中坡南路口,0,0,1,1,B03,8,3,5,50,4,1,1,5,4,5,7,2,1,9,4,5,1,17,4,0,4,11,3,4,7,15,7,19,11,15,,42,,2,22,9,121.5819976,25.0441476
112,4,4,23,48,2,07信義區,信義區忠孝東路5段與中坡南路口,0,0,1,2,C03,8,3,5,50,4,1,1,5,4,5,7,2,1,9,4,5,1,17,1,47,2,9,3,4,7,9,1,10,2,12,,43,,1,22,9,121.5819976,25.0441476
112,4,5,0,8,2,03中山區,中山區市民大道3段與八德路2段300巷口,0,0,2,3,H02,8,3,5,40,4,2,1,5,4,5,7,4,4,1,4,5,2,15,1,31,2,9,4,5,7,21,8,20,10,16,,67,,1,22,9,121.5428436,25.0448187
112,4,5,0,8,2,03中山區,中山區市民大道3段與八德路2段300巷口,0,0,2,2,C03,8,3,5,40,4,2,1,5,4,5,7,4,4,1,4,5,2,15,1,23,2,9,1,1,7,9,1,10,2,11,,13,,1,22,9,121.5428436,25.0448187
112,4,5,0,8,2,03中山區,中山區市民大道3段與八德路2段300巷口,0,0,2,1,B01,8,3,5,40,4,2,1,5,4,5,7,4,4,1,4,5,2,15,1,41,3,10,1,1,7,1,1,4,2,2,,19,,1,22,9,121.5428436,25.0448187
112,4,5,0,11,2,09北投區,北投區天母西路與天母西路117巷口,0,0,3,1,B03,8,3,5,50,3,1,1,5,4,5,7,2,1,5,5,5,2,16,1,32,3,10,1,1,7,5,1,8,2,6,,8,,1,22,9,121.5231252,25.1189357
112,4,5,0,11,2,09北投區,北投區天母西路與天母西路117巷口,0,0,3,4,H02,8,3,5,50,3,1,1,5,4,5,7,2,1,5,5,5,2,16,1,7,2,9,1,5,7,20,8,20,10,15,,67,,1,22,9,121.5231252,25.1189357
112,4,5,0,11,2,09北投區,北投區天母西路與天母西路117巷口,0,0,3,2,C03,8,3,5,50,3,1,1,5,4,5,7,2,1,5,5,5,2,16,1,20,2,9,1,1,7,9,1,10,2,11,,23,,1,22,9,121.5231252,25.1189357
112,4,5,0,11,2,09北投區,北投區天母西路與天母西路117巷口,0,0,3,3,H02,8,3,5,50,3,1,1,5,4,5,7,2,1,5,5,5,2,16,1,3,2,9,1,5,7,20,8,20,10,15,,67,,1,22,9,121.5231252,25.1189357
112,4,5,0,27,2,07信義區,信義區忠孝東路5段147號,0,0,1,1,B01,8,3,5,50,14,9,1,5,4,5,7,2,1,1,4,5,1,12,1,74,3,10,3,4,7,8,1,8,1,3,,7,,1,22,9,121.5682722,25.0411426
112,4,5,0,27,2,07信義區,信義區忠孝東路5段147號,0,0,1,2,C03,8,3,5,50,14,9,1,5,4,5,7,2,1,1,4,5,1,12,2,25,2,8,3,4,7,9,1,10,1,11,,14,,1,22,9,121.5682722,25.0411426
112,4,5,0,55,2,10文山區,文山區木新路2段94號,0,0,1,2,,8,3,5,50,14,9,1,5,4,5,7,4,4,5,2,5,2,18,3,0,,,,,,,,,,,,67,,1,,,121.5704173,24.9851289
112,4,5,0,55,2,10文山區,文山區木新路2段94號,0,0,1,1,C03,8,3,5,50,14,9,1,5,4,5,7,4,4,5,2,5,2,18,1,22,2,9,1,1,7,9,1,10,1,14,,42,,1,22,9,121.5704173,24.9851289
112,4,5,5,5,2,04大安區,大安區忠孝東路4段與延吉街口,0,0,1,2,C03,7,1,5,50,4,2,1,5,4,5,7,1,1,1,4,5,2,16,1,18,2,9,1,1,7,9,1,10,1,14,,44,,1,22,9,121.5543584,25.0415317
112,4,5,5,5,2,04大安區,大安區忠孝東路4段與延吉街口,0,0,1,1,B01,7,1,5,50,4,2,1,5,4,5,7,1,1,1,4,5,2,16,1,67,3,10,1,1,7,6,1,4,1,1,,9,,1,22,9,121.5543584,25.0415317
112,4,5,9,3,2,07信義區,信義區信義路6段42號,0,0,1,2,C03,8,1,5,50,14,9,1,5,4,5,7,4,4,9,4,5,2,16,1,18,2,9,1,1,7,9,1,10,1,11,,13,,1,22,9,121.5760876,25.0346827
112,4,5,9,3,2,07信義區,信義區信義路6段42號,0,0,1,1,B03,8,1,5,50,14,9,1,5,4,5,7,4,4,9,4,5,2,16,1,75,3,10,1,1,7,1,1,8,1,4,,19,,1,22,9,121.5760876,25.0346827
112,4,5,10,0,2,12內湖區,內湖區成功路4段323巷3弄與成功路4段323巷口,0,0,1,1,C03,8,1,5,30,3,1,1,5,4,5,7,4,4,10,5,5,2,15,2,50,3,10,1,1,7,1,4,4,2,11,,19,,1,22,9,121.5989174,25.0840531
112,4,5,10,0,2,12內湖區,內湖區成功路4段323巷3弄與成功路4段323巷口,0,0,1,2,C04,8,1,5,30,3,1,1,5,4,5,7,4,4,10,5,5,2,15,2,58,2,9,1,1,7,9,1,10,2,15,,14,,1,22,9,121.5989174,25.0840531
112,4,5,10,3,2,02萬華區,萬華區堤外便道(光復橋下),0,0,2,1,C04,8,1,5,40,14,9,1,5,4,5,7,1,1,10,5,5,2,13,2,35,2,9,1,4,7,9,1,11,1,11,,23,,1,22,9,121.4903266,25.02437948
112,4,5,10,3,2,02萬華區,萬華區堤外便道(光復橋下),0,0,2,2,C03,8,1,5,40,14,9,1,5,4,5,7,1,1,10,5,5,2,13,2,30,2,8,1,4,7,9,1,10,1,13,,44,,1,22,9,121.4903266,25.02437948
112,4,5,10,6,2,07信義區,信義區市民大道6段與基隆路1段35巷口,0,0,1,2,F01,8,1,5,30,3,2,1,5,4,5,7,4,4,1,4,5,1,16,1,50,2,9,3,4,7,9,8,20,2,16,,44,,1,22,9,121.5704812,25.04916558
112,4,5,10,6,2,07信義區,信義區市民大道6段與基隆路1段35巷口,0,0,1,1,C03,8,1,5,30,3,2,1,5,4,5,7,4,4,1,4,5,1,16,1,46,3,10,3,4,7,6,1,10,2,11,,23,,1,22,9,121.5704812,25.04916558
112,4,5,10,44,2,01大同區,大同區承德路3段與民權西路口,0,0,1,2,B03,8,1,5,50,4,2,1,5,4,5,7,2,1,1,4,5,2,17,1,38,3,10,3,4,7,9,1,7,1,5,,44,,1,22,9,121.5182264,25.06325
112,4,5,10,44,2,01大同區,大同區承德路3段與民權西路口,0,0,1,1,C03,8,1,5,50,4,2,1,5,4,5,7,2,1,1,4,5,2,17,2,18,2,9,1,4,7,7,1,10,1,14,,7,,1,22,9,121.5182264,25.06325
112,4,5,10,58,2,04大安區,大安區基隆路2段與和平東路3段口,0,0,1,1,B03,8,1,5,50,4,1,1,5,4,5,7,2,1,1,4,5,2,17,1,69,3,10,1,1,7,6,1,8,2,6,,44,,1,22,9,121.5528047,25.02468589
112,4,5,10,58,2,04大安區,大安區基隆路2段與和平東路3段口,0,0,1,2,C03,8,1,5,50,4,1,1,5,4,5,7,2,1,1,4,5,2,17,2,33,2,9,1,1,7,9,1,10,2,11,,44,,1,22,9,121.5528047,25.02468589
112,4,5,11,20,2,03中山區,中山區新生北路3段與德惠街口,0,0,1,1,B03,7,1,5,50,4,1,1,5,4,5,7,1,1,1,5,5,1,15,1,62,3,10,3,4,7,9,1,8,1,1,,25,,1,22,9,121.5276585,25.06698988
112,4,5,11,20,2,03中山區,中山區新生北路3段與德惠街口,0,0,1,2,C03,7,1,5,50,4,1,1,5,4,5,7,1,1,1,5,5,1,15,1,69,2,8,3,4,7,9,1,10,1,12,,44,,1,22,9,121.5276585,25.06698988