發生年度,發生月,發生日,發生時-Hours,發生分,處理別-編號,區序,肇事地點,死亡人數,2-30日死亡人數,受傷人數,當事人序號,車種,天候,光線,道路類別,速限-速度限制,道路型態,事故位置,路面狀況1,路面狀況2,路面狀況3,道路障礙1,道路障礙2,號誌1,號誌2,車道劃分-分向,車道劃分-分道1,車道劃分-分道2,車道劃分-分道3,事故類型及型態,性別,年齡,受傷程度,主要傷處,保護裝置,行動電話,車輛用途,當事者行動狀態,駕駛資格情形,駕駛執照種類,飲酒情形,車輛撞擊部位1,車輛撞擊部位2,肇因碼-個別,肇因碼-主要,個人肇逃否,職業,旅次目的,座標-X,座標-Y
112,4,6,9,0,2,06松山區,松山區市民大道5段東往西0204586燈桿,0,0,1,1,C03,8,2,5,40,14,9,1,5,4,5,7,4,4,1,4,5,2,13,1,25,2,9,1,1,7,9,1,10,1,11,,44,,1,22,9,121.5681686,25.04892702
112,4,6,9,0,2,06松山區,松山區市民大道5段東往西0204586燈桿,0,0,1,2,C03,8,2,5,40,14,9,1,5,4,5,7,4,4,1,4,5,2,13,1,27,3,10,1,1,7,4,1,10,1,13,,42,,1,22,9,121.5681686,25.04892702
112,4,6,9,5,2,12內湖區,內湖區新明路174巷1-1號與新明路174巷6弄口,0,0,2,2,H01,7,1,5,30,3,2,1,5,4,3,7,4,4,10,5,5,2,2,2,38,2,9,4,5,8,16,8,20,10,16,,60,,1,22,9,121.5853102,25.05784582
112,4,6,9,5,2,12內湖區,內湖區新明路174巷1-1號與新明路174巷6弄口,0,0,2,3,H01,7,1,5,30,3,2,1,5,4,3,7,4,4,10,5,5,2,2,2,43,2,7,4,5,8,16,8,20,10,16,,60,,1,22,9,121.5853102,25.05784582
112,4,6,9,5,2,12內湖區,內湖區新明路174巷1-1號與新明路174巷6弄口,0,0,2,4,B03,7,1,5,30,3,2,1,5,4,3,7,4,4,10,5,5,2,2,2,51,3,10,1,1,7,14,1,8,9,7,,38,,1,22,9,121.5853102,25.05784582
112,4,6,9,5,2,12內湖區,內湖區新明路174巷1-1號與新明路174巷6弄口,0,0,2,1,B03,7,1,5,30,3,2,1,5,4,3,7,4,4,10,5,5,2,2,2,36,3,10,1,1,7,9,1,8,8,2,,21,,1,22,9,121.5853102,25.05784582
112,4,6,9,14,2,09北投區,北投區石牌路2段與天母西路口口,0,0,1,2,C03,8,1,5,50,3,1,1,5,4,5,7,3,1,5,4,5,2,15,1,18,2,9,3,4,7,9,1,10,1,14,,44,,1,22,9,121.5219221,25.11929219
112,4,6,9,14,2,09北投區,北投區石牌路2段與天母西路口口,0,0,1,1,B03,8,1,5,50,3,1,1,5,4,5,7,3,1,5,4,5,2,15,1,64,3,10,3,4,7,9,1,8,1,5,,6,,1,22,9,121.5219221,25.11929219
112,4,6,9,21,2,09北投區,北投區中央南路1段與民權街口,0,0,2,2,C03,8,1,5,50,3,1,1,5,4,5,7,4,4,5,4,5,2,16,1,23,2,8,1,1,7,9,1,10,1,11,,14,,1,22,9,121.5010824,25.12911607
112,4,6,9,21,2,09北投區,北投區中央南路1段與民權街口,0,0,2,1,F01,8,1,5,50,3,1,1,5,4,5,7,4,4,5,4,5,2,16,2,75,2,9,3,1,7,9,8,20,1,16,,6,,1,22,9,121.5010824,25.12911607
112,4,6,9,26,2,04大安區,大安區信義路4段與大安路1段口,0,0,2,1,C03,7,1,5,50,4,1,1,5,4,5,7,2,1,1,4,5,2,13,2,39,2,9,1,4,7,9,1,10,1,11,,16,,1,22,9,121.5457838,25.0334372
112,4,6,9,26,2,04大安區,大安區信義路4段與大安路1段口,0,0,2,2,C03,7,1,5,50,4,1,1,5,4,5,7,2,1,1,4,5,2,13,1,76,2,8,1,4,7,5,1,10,1,13,,8,,1,22,9,121.5457838,25.0334372
112,4,6,9,27,2,05中正區,中正區福和橋往新北機車道,0,0,1,1,C03,8,1,5,40,8,11,1,5,4,5,7,4,4,3,4,3,2,13,2,27,2,8,1,1,7,9,1,10,1,11,,23,,1,22,9,121.5321245,25.00876107
112,4,6,9,27,2,05中正區,中正區福和橋往新北機車道,0,0,1,2,C03,8,1,5,40,8,11,1,5,4,5,7,4,4,3,4,3,2,13,1,34,3,10,1,1,7,9,1,10,1,13,,44,,1,22,9,121.5321245,25.00876107
112,4,6,9,27,2,05中正區,中正區福和橋往新北機車道,0,0,1,3,C03,8,1,5,40,8,11,1,5,4,5,7,4,4,3,4,3,2,13,2,35,3,10,1,1,7,9,1,10,1,15,,44,,1,22,9,121.5321245,25.00876107
112,4,6,9,46,2,01大同區,大同區環河北路1段427號,0,0,2,2,C03,7,1,5,50,14,9,1,5,4,5,7,4,4,1,4,5,2,17,1,48,2,8,1,1,7,9,1,10,2,13,,44,,1,22,9,121.5086219,25.0618133
112,4,6,9,46,2,01大同區,大同區環河北路1段427號,0,0,2,1,C03,7,1,5,50,14,9,1,5,4,5,7,4,4,1,4,5,2,17,1,21,2,9,1,1,7,9,1,10,2,11,,23,,1,22,9,121.5086219,25.0618133
112,4,6,9,50,2,04大安區,大安區芳蘭路49號旁,0,0,1,1,B03,7,1,5,50,14,9,1,5,4,5,7,4,4,9,5,5,2,16,1,23,3,10,1,1,7,5,1,8,1,2,,8,,1,22,9,121.5468914,25.0141475
112,4,6,9,50,2,04大安區,大安區芳蘭路49號旁,0,0,1,2,C03,7,1,5,50,14,9,1,5,4,5,7,4,4,9,5,5,2,16,2,31,2,9,1,1,7,11,1,10,1,11,,44,,1,22,9,121.5468914,25.0141475
112,4,6,9,51,2,05中正區,中正區中山南路與濟南路1段口,0,0,5,7,H02,8,1,5,50,4,2,1,5,4,5,7,2,1,1,1,1,2,11,1,27,2,1,1,5,7,20,8,20,10,16,,67,,1,22,9,121.518997,25.0434942
112,4,6,9,51,2,05中正區,中正區中山南路與濟南路1段口,0,0,5,8,H02,8,1,5,50,4,2,1,5,4,5,7,2,1,1,1,1,2,11,1,38,2,2,1,5,7,20,8,20,10,16,,67,,1,22,9,121.518997,25.0434942
112,4,6,9,51,2,05中正區,中正區中山南路與濟南路1段口,0,0,5,6,B01,8,1,5,50,4,2,1,5,4,5,7,2,1,1,1,1,2,11,1,67,3,10,1,1,7,9,1,4,2,8,,44,,1,22,9,121.518997,25.0434942
112,4,6,9,51,2,05中正區,中正區中山南路與濟南路1段口,0,0,5,5,B01,8,1,5,50,4,2,1,5,4,5,7,2,1,1,1,1,2,11,1,61,2,1,1,1,7,9,1,4,2,4,,44,,1,22,9,121.518997,25.0434942
112,4,6,9,51,2,05中正區,中正區中山南路與濟南路1段口,0,0,5,2,B03,8,1,5,50,4,2,1,5,4,5,7,2,1,1,1,1,2,11,2,51,2,3,1,1,7,8,1,8,2,8,,7,,1,22,9,121.518997,25.0434942
112,4,6,9,51,2,05中正區,中正區中山南路與濟南路1段口,0,0,5,3,E05,8,1,5,50,4,2,1,5,4,5,7,2,1,1,1,1,2,11,1,49,3,10,1,1,7,9,1,8,2,7,,44,,1,22,9,121.518997,25.0434942
112,4,6,9,51,2,05中正區,中正區中山南路與濟南路1段口,0,0,5,1,B01,8,1,5,50,4,2,1,5,4,5,7,2,1,1,1,1,2,11,1,60,2,1,1,1,7,7,1,4,2,4,,7,,1,22,9,121.518997,25.0434942
112,4,6,9,51,2,05中正區,中正區中山南路與濟南路1段口,0,0,5,4,B12,8,1,5,50,4,2,1,5,4,5,7,2,1,1,1,1,2,11,1,57,3,10,1,1,7,11,1,8,2,8,,44,,1,22,9,121.518997,25.0434942
112,4,6,9,55,2,04大安區,大安區忠孝東路4段與敦化南路1段口,0,0,2,1,B03,7,1,5,50,5,1,1,5,4,5,7,2,1,1,4,1,2,17,1,69,3,10,1,1,7,6,1,8,2,2,,25,,1,21,8,121.5490974,25.0414275
112,4,6,9,55,2,04大安區,大安區忠孝東路4段與敦化南路1段口,0,0,2,2,C03,7,1,5,50,5,1,1,5,4,5,7,2,1,1,4,1,2,17,2,33,2,9,1,1,7,9,1,10,2,11,,44,,1,21,8,121.5490974,25.0414275
112,4,6,9,55,2,04大安區,大安區忠孝東路4段與敦化南路1段口,0,0,2,3,C03,7,1,5,50,5,1,1,5,4,5,7,2,1,1,4,1,2,17,2,43,2,9,1,1,7,9,1,9,2,11,,44,,1,21,8,121.5490974,25.0414275
112,4,6,10,33,2,05中正區,中正區新生南路1段150巷與新生南路1段口,0,0,1,1,C03,7,1,5,50,14,9,1,5,4,5,7,4,4,10,3,5,2,17,1,59,2,9,1,1,7,9,1,10,2,15,,23,,1,22,9,121.5325866,25.03506951
112,4,6,10,33,2,05中正區,中正區新生南路1段150巷與新生南路1段口,0,0,1,2,B01,7,1,5,50,14,9,1,5,4,5,7,4,4,10,3,5,2,17,1,61,3,10,1,1,7,9,1,4,2,15,,44,,1,22,9,121.5325866,25.03506951
112,4,6,10,41,2,09北投區,北投區立賢路與承德路7段口,0,0,1,1,A42,8,1,5,50,4,2,1,5,4,5,7,1,1,1,4,5,2,3,1,70,3,10,3,4,1,5,1,5,1,1,,15,,1,22,9,121.5050616,25.11635137
112,4,6,10,41,2,09北投區,北投區立賢路與承德路7段口,0,0,1,2,H01,8,1,5,50,4,2,1,5,4,5,7,1,1,1,4,5,2,3,2,43,2,8,4,5,8,16,8,20,10,16,,67,,1,22,9,121.5050616,25.11635137
112,4,6,11,0,2,04大安區,大安區延吉街與仁愛路4段300巷9弄口,0,0,1,2,H01,8,1,5,50,15,9,1,5,4,5,7,3,1,10,5,5,2,3,2,86,2,1,4,5,8,16,8,20,10,16,,67,,1,22,9,121.5555544,25.0369553
112,4,6,11,0,2,04大安區,大安區延吉街與仁愛路4段300巷9弄口,0,0,1,3,B03,8,1,5,50,15,9,1,5,4,5,7,3,1,10,5,5,2,3,1,51,3,10,3,4,7,14,1,8,9,3,,50,,1,22,9,121.5555544,25.0369553
112,4,6,11,0,2,04大安區,大安區延吉街與仁愛路4段300巷9弄口,0,0,1,1,B01,8,1,5,50,15,9,1,5,4,5,7,3,1,10,5,5,2,3,1,48,3,10,1,1,7,6,1,4,1,5,,44,,1,22,9,121.5555544,25.0369553
112,4,6,11,38,2,07信義區,信義區吳興街與吳興街583巷口,0,0,2,3,H02,8,1,5,50,4,1,1,5,4,5,7,4,4,9,4,5,2,12,2,58,2,9,1,5,7,20,8,20,10,16,,67,,1,22,9,121.5691888,25.02240274
112,4,6,11,38,2,07信義區,信義區吳興街與吳興街583巷口,0,0,2,1,C03,8,1,5,50,4,1,1,5,4,5,7,4,4,9,4,5,2,12,1,23,2,9,1,1,7,5,1,10,1,14,,44,,1,22,9,121.5691888,25.02240274
112,4,6,11,38,2,07信義區,信義區吳興街與吳興街583巷口,0,0,2,2,B03,8,1,5,50,4,1,1,5,4,5,7,4,4,9,4,5,2,12,2,34,3,10,1,1,7,4,1,8,1,2,,1,,1,22,9,121.5691888,25.02240274
112,4,6,11,48,2,06松山區,松山區延壽街與延壽街330巷口,0,0,1,1,C03,8,1,5,50,3,1,1,5,4,5,7,4,4,1,5,5,2,13,2,65,2,9,1,1,7,9,1,10,1,12,,23,,1,22,9,121.5602328,25.0566027
112,4,6,11,48,2,06松山區,松山區延壽街與延壽街330巷口,0,0,1,2,B03,8,1,5,50,3,1,1,5,4,5,7,4,4,1,5,5,2,13,2,48,3,10,1,1,7,5,1,8,1,4,,27,,1,22,9,121.5602328,25.0566027
112,4,6,11,55,2,12內湖區,內湖區成功路2段與南京東路6段口,0,0,1,2,C03,8,1,5,50,3,1,1,5,4,5,7,4,4,1,4,5,2,12,2,63,2,9,1,1,7,9,3,18,1,14,,44,,1,22,9,121.5909129,25.06303999
112,4,6,11,55,2,12內湖區,內湖區成功路2段與南京東路6段口,0,0,1,1,B02,8,1,5,50,3,1,1,5,4,5,7,4,4,1,4,5,2,12,1,19,3,10,3,4,7,8,1,8,1,5,,7,,1,22,9,121.5909129,25.06303999
112,4,6,12,20,2,03中山區,中山區新生北路2段與民生東路1段口,0,0,1,2,F01,7,1,5,50,4,1,1,5,4,5,7,1,1,5,4,5,2,16,2,59,2,8,3,4,7,9,8,20,10,16,,44,,1,19,9,121.5273614,25.05807078
112,4,6,12,20,2,03中山區,中山區新生北路2段與民生東路1段口,0,0,1,1,B01,7,1,5,50,4,1,1,5,4,5,7,1,1,5,4,5,2,16,1,51,3,10,3,4,7,11,1,4,1,8,,11,,1,10,9,121.5273614,25.05807078
112,4,6,12,43,2,02萬華區,萬華區萬大路與萬大路449巷口,0,0,1,1,B03,7,1,5,30,3,1,1,5,4,5,7,4,4,1,4,5,2,16,1,22,3,10,1,1,7,6,3,18,1,2,,9,,1,22,9,121.4983357,25.02087246
112,4,6,12,43,2,02萬華區,萬華區萬大路與萬大路449巷口,0,0,1,2,C03,7,1,5,30,3,1,1,5,4,5,7,4,4,1,4,5,2,16,1,25,2,9,1,1,7,9,1,10,1,14,,44,,1,22,9,121.4983357,25.02087246
112,4,6,12,52,2,07信義區,信義區忠孝東路5段與松仁路口,0,0,1,2,C03,8,1,5,50,4,1,1,5,4,5,7,2,1,9,4,5,2,11,1,28,2,9,1,1,7,9,1,10,1,11,,13,,1,22,9,121.5683761,25.0411058
112,4,6,12,52,2,07信義區,信義區忠孝東路5段與松仁路口,0,0,1,1,B03,8,1,5,50,4,1,1,5,4,5,7,2,1,9,4,5,2,11,1,68,3,10,1,1,7,11,1,8,1,2,,10,,1,22,9,121.5683761,25.0411058
112,4,6,12,55,2,04大安區,大安區和平東路1段8-1號,0,0,1,1,B03,8,1,5,40,14,8,1,5,4,5,7,4,4,1,4,4,2,9,1,29,3,10,1,1,7,2,1,8,9,3,,12,,1,22,9,121.523027,25.02700547
112,4,6,12,55,2,04大安區,大安區和平東路1段8-1號,0,0,1,2,H01,8,1,5,40,14,8,1,5,4,5,7,4,4,1,4,4,2,9,1,79,2,9,4,5,8,17,8,20,10,16,,60,,1,22,9,121.523027,25.02700547
112,4,6,12,55,2,08士林區,士林區中正路與重慶北路4段口旁迴轉道,0,0,2,1,C03,7,1,8,50,15,22,1,5,4,5,7,4,4,1,3,5,1,17,2,21,2,9,1,1,7,5,1,10,1,11,,6,,1,22,9,121.5098818,25.08673817
112,4,6,12,55,2,08士林區,士林區中正路與重慶北路4段口旁迴轉道,0,0,2,2,C03,7,1,8,50,15,22,1,5,4,5,7,4,4,1,3,5,1,17,1,18,2,9,1,1,7,9,1,10,1,11,,13,,1,22,9,121.5098818,25.08673817
112,4,6,13,29,2,09北投區,北投區北投路1段西安橋,0,0,1,2,,8,1,5,50,14,9,1,5,4,5,7,4,4,4,4,4,2,18,3,0,,,,,,,,,,,,67,,1,,,121.5009582,25.1250168
112,4,6,13,29,2,09北投區,北投區北投路1段西安橋,0,0,1,1,C03,8,1,5,50,14,9,1,5,4,5,7,4,4,4,4,4,2,18,1,18,2,9,1,1,7,9,1,10,1,11,,43,,1,22,9,121.5009582,25.1250168
112,4,6,13,33,2,04大安區,大安區大安路1段與復興南路1段107巷口,0,0,2,1,C03,7,1,5,30,4,1,1,5,4,5,7,4,4,10,5,5,2,15,2,49,2,8,1,1,7,9,1,10,1,12,,6,,1,22,9,121.5461967,25.0435886
112,4,6,13,33,2,04大安區,大安區大安路1段與復興南路1段107巷口,0,0,2,2,C03,7,1,5,30,4,1,1,5,4,5,7,4,4,10,5,5,2,15,2,28,2,8,1,1,7,9,1,10,1,11,,14,,1,22,9,121.5461967,25.0435886
112,4,6,13,43,2,09北投區,北投區石牌路1段174號,0,0,2,1,C03,7,1,5,50,14,9,1,5,4,5,7,4,4,5,4,5,2,29,1,69,2,3,1,1,7,15,1,10,9,12,,43,,1,22,9,121.5140016,25.11469049
112,4,6,13,43,2,09北投區,北投區石牌路1段174號,0,0,2,2,,7,1,5,50,14,9,1,5,4,5,7,4,4,5,4,5,2,29,3,0,,,,,,,,,9,,,67,,,,,121.5140016,25.11469049
112,4,6,13,43,2,09北投區,北投區石牌路1段174號,0,0,2,3,H02,7,1,5,50,14,9,1,5,4,5,7,4,4,5,4,5,2,29,2,69,2,7,1,5,7,20,8,20,10,15,,67,,1,22,9,121.5140016,25.11469049
112,4,6,13,52,2,06松山區,松山區南京東路5段250巷36弄與八德路4段389巷口,0,0,1,1,C03,7,1,5,30,4,1,1,5,4,5,7,4,4,1,5,5,2,15,1,23,2,9,1,1,7,9,1,10,2,11,,6,,1,22,9,121.5684841,25.04983962
112,4,6,13,52,2,06松山區,松山區南京東路5段250巷36弄與八德路4段389巷口,0,0,1,2,B12,7,1,5,30,4,1,1,5,4,5,7,4,4,1,5,5,2,15,1,32,3,10,1,1,7,9,1,8,2,2,,14,,1,22,9,121.5684841,25.04983962
112,4,6,13,55,2,06松山區,松山區三民路與民生東路5段137巷6弄口,0,0,1,2,C03,6,1,5,30,4,1,1,4,4,5,7,4,4,9,4,1,2,17,1,27,2,9,1,1,7,9,1,10,1,11,,13,,1,22,9,121.5632302,25.06041422
112,4,6,13,55,2,06松山區,松山區三民路與民生東路5段137巷6弄口,0,0,1,1,B03,6,1,5,30,4,1,1,4,4,5,7,4,4,9,4,1,2,17,1,62,3,10,1,1,7,9,1,8,1,2,,6,,1,22,9,121.5632302,25.06041422
112,4,6,14,0,2,01大同區,大同區赤峰街53巷與赤峰街口口,0,0,1,2,C03,8,1,5,40,4,1,1,5,4,5,7,4,4,8,5,5,2,15,1,50,3,10,1,1,7,9,1,10,1,11,,44,,1,22,9,121.5196774,25.0561873
112,4,6,14,0,2,01大同區,大同區赤峰街53巷與赤峰街口口,0,0,1,1,C03,8,1,5,40,4,1,1,5,4,5,7,4,4,8,5,5,2,15,2,38,2,9,1,1,7,9,6,18,1,11,,6,,1,22,9,121.5196774,25.0561873
112,4,6,14,10,2,03中山區,(濱江街163-3號前),0,0,2,2,C03,7,1,5,50,14,9,1,5,4,5,7,1,1,1,4,5,2,16,1,38,2,1,3,4,7,1,1,10,1,11,,19,,1,11,9,121.5380479,25.072575
112,4,6,14,10,2,03中山區,(濱江街163-3號前),0,0,2,3,H02,7,1,5,50,14,9,1,5,4,5,7,1,1,1,4,5,2,16,1,24,2,7,3,5,7,20,8,20,10,16,,67,,1,11,9,121.5380479,25.072575
112,4,6,14,10,2,03中山區,(濱江街163-3號前),0,0,2,1,B03,7,1,5,50,14,9,1,5,4,5,7,1,1,1,4,5,2,16,1,46,3,10,3,4,7,5,1,8,1,5,,23,,1,22,9,121.5380479,25.072575
112,4,6,14,10,2,07信義區,信義區嘉興街181巷與嘉興街口,0,0,1,2,C03,8,1,5,50,3,1,1,5,4,5,7,2,1,9,4,5,2,17,1,29,2,8,1,1,7,14,1,10,1,11,,44,,1,22,9,121.5565874,25.0263373
112,4,6,14,10,2,07信義區,信義區嘉興街181巷與嘉興街口,0,0,1,1,B01,8,1,5,50,3,1,1,5,4,5,7,2,1,9,4,5,2,17,1,53,3,10,1,1,7,5,1,4,1,1,,4,,1,22,9,121.5565874,25.0263373
112,4,6,14,32,2,10文山區,文山區秀明路1段129巷23號,0,0,1,2,B03,7,1,5,0,14,9,1,5,4,5,7,4,4,10,5,5,2,3,1,71,3,10,3,4,7,9,1,8,2,8,,23,,1,22,9,121.5670551,24.99212718
112,4,6,14,32,2,10文山區,文山區秀明路1段129巷23號,0,0,1,1,H01,7,1,5,0,14,9,1,5,4,5,7,4,4,10,5,5,2,3,2,49,2,8,3,4,8,16,8,20,10,16,,53,,1,22,9,121.5670551,24.99212718
112,4,6,14,33,2,12內湖區,內湖區民權東路6段與行忠路171巷口,0,0,1,1,B01,8,1,5,50,3,1,1,5,4,5,7,4,4,1,4,5,2,12,1,50,3,10,3,4,7,8,1,4,1,2,,7,,1,22,9,121.5810021,25.0676237
112,4,6,14,33,2,12內湖區,內湖區民權東路6段與行忠路171巷口,0,0,1,2,C03,8,1,5,50,3,1,1,5,4,5,7,4,4,1,4,5,2,12,1,47,2,9,1,1,7,9,1,10,1,14,,44,,1,22,9,121.5810021,25.0676237
112,4,6,14,50,2,02萬華區,萬華區忠孝橋往台北市,0,0,3,2,C03,7,1,5,50,8,11,1,5,4,5,7,2,1,1,4,5,2,12,1,23,2,8,1,1,7,9,1,10,1,14,,44,,1,22,9,121.5069569,25.04853714
112,4,6,14,50,2,02萬華區,萬華區忠孝橋往台北市,0,0,3,1,C03,7,1,5,50,8,11,1,5,4,5,7,2,1,1,4,5,2,12,2,58,2,9,1,1,7,8,1,10,1,12,,7,,1,22,9,121.5069569,25.04853714
112,4,6,14,50,2,02萬華區,萬華區忠孝橋往台北市,0,0,3,3,H02,7,1,5,50,8,11,1,5,4,5,7,2,1,1,4,5,2,12,1,64,2,9,1,5,7,21,8,20,10,16,,67,,1,22,9,121.5069569,25.04853714
112,4,6,15,2,2,05中正區,中正區汀州路3段與汀州路3段60巷口,0,0,1,1,B02,8,1,5,50,4,1,1,5,4,5,7,1,1,5,4,5,2,3,1,52,3,10,2,1,7,5,1,4,2,8,,15,,1,22,9,121.5313532,25.01572364
112,4,6,15,2,2,05中正區,中正區汀州路3段與汀州路3段60巷口,0,0,1,2,H01,8,1,5,50,4,1,1,5,4,5,7,1,1,5,4,5,2,3,2,67,2,9,4,5,8,16,8,20,1,16,,67,,1,22,9,121.5313532,25.01572364
112,4,6,15,33,2,09北投區,北投區磺港路與磺港路口No.52停車格,0,0,1,1,C03,8,1,5,50,11,9,1,5,4,5,7,4,4,1,5,5,1,12,1,36,3,10,1,1,7,10,1,9,1,13,,42,,1,22,9,121.5031375,25.12564841
112,4,6,15,33,2,09北投區,北投區磺港路與磺港路口No.52停車格,0,0,1,2,C03,8,1,5,50,11,9,1,5,4,5,7,4,4,1,5,5,1,12,1,43,2,9,1,1,7,9,1,10,1,11,,42,,1,22,9,121.5031375,25.12564841
112,4,6,15,51,2,03中山區,中山區北安路往東未到七海園區,0,0,1,1,C03,7,1,5,50,14,9,1,5,4,5,7,3,1,1,4,5,2,13,1,71,2,9,1,1,7,9,1,10,2,11,,16,,1,22,9,121.5348877,25.0779169
112,4,6,15,51,2,03中山區,中山區北安路往東未到七海園區,0,0,1,2,B12,7,1,5,50,14,9,1,5,4,5,7,3,1,1,4,5,2,13,1,39,3,10,1,1,7,12,1,8,2,3,,44,,1,22,9,121.5348877,25.0779169
112,4,6,15,52,2,07信義區,信義區忠孝東路4段與光復南路口口,0,0,1,2,H01,7,1,5,50,4,2,1,5,4,5,7,2,1,1,4,5,2,2,1,29,2,9,3,4,8,16,8,20,10,16,,67,,1,22,9,121.5579314,25.0412362
112,4,6,15,52,2,07信義區,信義區忠孝東路4段與光復南路口口,0,0,1,1,B01,7,1,5,50,4,2,1,5,4,5,7,2,1,1,4,5,2,2,1,60,3,10,3,4,7,6,1,4,1,1,,15,,1,22,9,121.5579314,25.0412362
112,4,6,16,8,2,09北投區,北投區公館路334巷與公館路228巷口,0,0,1,2,C03,8,1,5,30,4,1,1,5,4,5,7,4,4,10,5,5,2,15,2,21,2,9,1,1,7,9,1,10,2,11,,23,,1,22,9,121.5047458,25.1246287
112,4,6,16,8,2,09北投區,北投區公館路334巷與公館路228巷口,0,0,1,1,B01,8,1,5,30,4,1,1,5,4,5,7,4,4,10,5,5,2,15,1,36,3,10,1,1,7,9,1,4,2,8,,6,,1,22,9,121.5047458,25.1246287
112,4,6,16,51,2,04大安區,大安區師大路39巷1號,0,0,1,1,B12,7,1,5,30,14,9,1,5,4,5,7,4,4,10,5,5,2,12,1,56,3,10,3,4,7,9,1,8,1,2,,17,,2,22,9,121.5287651,25.024655
112,4,6,16,51,2,04大安區,大安區師大路39巷1號,0,0,1,2,C03,7,1,5,30,14,9,1,5,4,5,7,4,4,10,5,5,2,12,1,38,2,8,1,4,7,1,1,10,1,14,,19,,1,22,9,121.5287651,25.024655
112,4,6,17,7,2,12內湖區,內湖區康樂街150號,0,0,1,2,B01,7,1,5,50,14,9,1,5,4,5,7,4,4,8,5,5,2,12,1,47,3,10,1,1,7,9,1,4,2,2,,44,,1,22,9,121.6193984,25.0727687
112,4,6,17,7,2,12內湖區,內湖區康樂街150號,0,0,1,1,C03,7,1,5,50,14,9,1,5,4,5,7,4,4,8,5,5,2,12,2,63,2,9,1,1,7,1,1,10,2,14,,19,,1,22,9,121.6193984,25.0727687
112,4,6,17,13,2,09北投區,北投區大興街與磺港路口,0,0,1,2,B03,8,1,5,50,14,9,1,5,4,5,7,2,1,5,5,5,2,13,1,72,3,10,1,1,7,6,1,8,2,7,,44,,1,22,9,121.5035744,25.1308936
112,4,6,17,13,2,09北投區,北投區大興街與磺港路口,0,0,1,1,C03,8,1,5,50,14,9,1,5,4,5,7,2,1,5,5,5,2,13,2,79,2,9,1,1,7,9,1,10,2,11,,23,,1,22,9,121.5035744,25.1308936
112,4,6,17,18,2,05中正區,中正區羅斯福路3段與羅斯福路3段210巷口,0,0,1,2,C03,8,1,5,50,3,1,1,5,4,5,7,4,4,3,4,5,2,17,1,20,2,9,1,1,7,9,1,10,1,11,,16,,1,22,9,121.5295307,25.01925773
112,4,6,17,18,2,05中正區,中正區羅斯福路3段與羅斯福路3段210巷口,0,0,1,1,C03,8,1,5,50,3,1,1,5,4,5,7,4,4,3,4,5,2,17,1,69,3,10,1,1,7,9,6,10,1,13,,44,,1,22,9,121.5295307,25.01925773
112,4,6,17,19,2,01大同區,大同區塔城街(南往北)(北門捷運站1號出口對面),0,0,1,2,C03,8,1,5,50,14,9,1,5,4,5,7,4,4,5,4,5,2,12,2,69,2,9,1,1,7,7,1,10,1,14,,7,,1,22,9,121.5101477,25.04874108
112,4,6,17,19,2,01大同區,大同區塔城街(南往北)(北門捷運站1號出口對面),0,0,1,1,B12,8,1,5,50,14,9,1,5,4,5,7,4,4,5,4,5,2,12,1,48,3,10,3,4,7,9,1,8,1,5,,23,,1,22,9,121.5101477,25.04874108
112,4,6,18,10,2,04大安區,大安區和平東路3段131號,0,0,1,3,C03,8,1,5,50,14,9,1,5,4,5,7,1,1,9,4,5,1,17,1,44,3,10,1,1,7,9,1,10,1,12,,44,,1,22,9,121.5522708,25.0246359
112,4,6,18,10,2,04大安區,大安區和平東路3段131號,0,0,1,1,B12,8,1,5,50,14,9,1,5,4,5,7,1,1,9,4,5,1,17,1,42,3,10,1,1,7,9,1,8,1,8,,44,,1,22,9,121.5522708,25.0246359
112,4,6,18,10,2,04大安區,大安區和平東路3段131號,0,0,1,2,C03,8,1,5,50,14,9,1,5,4,5,7,1,1,9,4,5,1,17,2,29,2,9,1,1,7,8,1,10,1,12,,7,,1,22,9,121.5522708,25.0246359
112,4,6,18,23,2,03中山區,中山區南京東路2段與吉林路口,0,0,2,1,C03,8,3,5,50,14,9,1,5,4,5,7,1,1,1,3,4,1,13,1,45,3,10,1,1,7,9,1,10,1,11,,16,,1,22,9,121.5302542,25.052149
112,4,6,18,23,2,03中山區,中山區南京東路2段與吉林路口,0,0,2,2,C03,8,3,5,50,14,9,1,5,4,5,7,1,1,1,3,4,1,13,1,30,3,10,1,1,7,9,1,10,1,13,,44,,1,22,9,121.5302542,25.052149
112,4,6,18,23,2,03中山區,中山區南京東路2段與吉林路口,0,0,2,3,C03,8,3,5,50,14,9,1,5,4,5,7,1,1,1,3,4,1,13,2,42,2,7,1,1,7,9,1,10,1,11,,16,,1,22,9,121.5302542,25.052149
112,4,6,18,23,2,03中山區,中山區南京東路2段與吉林路口,0,0,2,5,H02,8,3,5,50,14,9,1,5,4,5,7,1,1,1,3,4,1,13,2,7,2,8,1,1,7,20,8,20,10,16,,67,,1,22,9,121.5302542,25.052149
112,4,6,18,23,2,03中山區,中山區南京東路2段與吉林路口,0,0,2,4,B03,8,3,5,50,14,9,1,5,4,5,7,1,1,1,3,4,1,13,1,28,3,10,1,1,7,9,1,8,1,2,,44,,1,22,9,121.5302542,25.052149
112,4,6,18,42,2,04大安區,大安區忠孝東路4段295號,0,0,1,1,C03,8,1,5,50,14,9,1,5,4,5,7,4,4,1,4,5,2,13,1,29,2,9,1,4,7,9,1,10,2,11,,16,,1,22,9,121.5551327,25.041463
112,4,6,18,42,2,04大安區,大安區忠孝東路4段295號,0,0,1,3,B02,8,1,5,50,14,9,1,5,4,5,7,4,4,1,4,5,2,13,1,46,3,10,1,4,7,9,1,8,2,8,,44,,1,22,9,121.5551327,25.041463