發生年度,發生月,發生日,發生時-Hours,發生分,處理別-編號,區序,肇事地點,死亡人數,2-30日死亡人數,受傷人數,當事人序號,車種,天候,光線,道路類別,速限-速度限制,道路型態,事故位置,路面狀況1,路面狀況2,路面狀況3,道路障礙1,道路障礙2,號誌1,號誌2,車道劃分-分向,車道劃分-分道1,車道劃分-分道2,車道劃分-分道3,事故類型及型態,性別,年齡,受傷程度,主要傷處,保護裝置,行動電話,車輛用途,當事者行動狀態,駕駛資格情形,駕駛執照種類,飲酒情形,車輛撞擊部位1,車輛撞擊部位2,肇因碼-個別,肇因碼-主要,個人肇逃否,職業,旅次目的,座標-X,座標-Y
112,4,6,18,42,2,04大安區,大安區忠孝東路4段295號,0,0,1,2,B03,8,1,5,50,14,9,1,5,4,5,7,4,4,1,4,5,2,13,1,68,3,10,1,4,7,9,1,4,2,6,,44,,1,22,9,121.5551327,25.041463
112,4,6,19,4,2,10文山區,文山區辛亥路4段與萬美街2段口口,0,0,1,1,C03,6,3,5,50,3,2,1,4,4,5,7,1,1,1,4,5,2,13,1,34,2,9,1,1,7,9,1,10,2,11,,16,,1,22,9,121.558082,25.0060333
112,4,6,19,4,2,10文山區,文山區辛亥路4段與萬美街2段口口,0,0,1,2,C03,6,3,5,50,3,2,1,4,4,5,7,1,1,1,4,5,2,13,2,24,3,10,1,1,7,12,1,10,2,13,,44,,1,22,9,121.558082,25.0060333
112,4,6,19,4,2,10文山區,文山區辛亥路4段與萬美街2段口口,0,0,1,3,C03,6,3,5,50,3,2,1,4,4,5,7,1,1,1,4,5,2,13,1,31,3,10,1,1,7,5,1,10,11,15,,25,,1,22,9,121.558082,25.0060333
112,4,6,19,18,2,08士林區,士林區士東路91巷與士東路91巷26弄口,0,0,1,1,B03,8,3,5,30,4,1,1,5,4,5,7,4,4,9,5,5,2,16,1,56,3,10,1,1,7,5,1,8,1,1,,8,,1,22,9,121.529549,25.1131805
112,4,6,19,18,2,08士林區,士林區士東路91巷與士東路91巷26弄口,0,0,1,2,C03,8,3,5,30,4,1,1,5,4,5,7,4,4,9,5,5,2,16,1,20,3,10,1,1,7,9,1,10,1,14,,14,,1,22,9,121.529549,25.1131805
112,4,6,19,18,2,08士林區,士林區士東路91巷與士東路91巷26弄口,0,0,1,3,H02,8,3,5,30,4,1,1,5,4,5,7,4,4,9,5,5,2,16,2,55,2,8,1,5,7,20,8,20,10,15,,67,,1,22,9,121.529549,25.1131805
112,4,6,19,26,2,04大安區,大安區敦化南路1段與仁愛路4段口,0,0,1,2,B01,7,3,5,50,4,2,1,5,4,5,7,2,1,8,3,5,1,17,1,30,3,10,1,1,7,9,1,4,1,2,,44,,1,10,4,121.5485578,25.03692961
112,4,6,19,26,2,04大安區,大安區敦化南路1段與仁愛路4段口,0,0,1,1,C03,7,3,5,50,4,2,1,5,4,5,7,2,1,8,3,5,1,17,2,53,2,2,1,1,7,6,1,10,1,14,,6,,1,5,1,121.5485578,25.03692961
112,4,6,19,37,2,03中山區,中山區中原街與新生北路2段149巷口,0,0,1,2,B03,8,1,5,30,4,1,1,5,4,5,7,4,4,8,5,5,2,16,2,57,3,10,3,4,7,9,1,8,1,4,,44,,1,22,9,121.5289411,25.0620458
112,4,6,19,37,2,03中山區,中山區中原街與新生北路2段149巷口,0,0,1,1,B03,8,1,5,30,4,1,1,5,4,5,7,4,4,8,5,5,2,16,1,32,2,2,3,4,7,9,1,8,1,1,,6,,1,22,9,121.5289411,25.0620458
112,4,6,19,45,2,05中正區,中正區重慶南路2段7巷與南昌路1段口,0,0,1,2,C03,8,3,5,50,4,1,1,5,4,5,7,4,4,5,4,5,2,15,2,32,2,9,1,1,7,9,1,10,2,11,,14,,1,22,9,121.5149012,25.0342958
112,4,6,19,45,2,05中正區,中正區重慶南路2段7巷與南昌路1段口,0,0,1,1,B03,8,3,5,50,4,1,1,5,4,5,7,4,4,5,4,5,2,15,1,20,3,10,1,1,7,9,1,8,2,4,,6,,1,22,9,121.5149012,25.0342958
112,4,6,20,19,2,04大安區,大安區市民大道3段與八德路2段口,0,0,1,2,F01,7,3,5,40,5,2,1,5,4,5,7,2,1,9,4,5,2,16,2,40,2,9,2,1,7,9,8,20,1,16,,43,,1,21,8,121.5347919,25.04485523
112,4,6,20,19,2,04大安區,大安區市民大道3段與八德路2段口,0,0,1,1,C03,7,3,5,40,5,2,1,5,4,5,7,2,1,9,4,5,2,16,1,70,3,10,1,1,7,6,1,10,1,11,,43,,1,21,8,121.5347919,25.04485523
112,4,6,20,22,2,03中山區,中山區林森北路與林森北路399巷口,0,0,2,1,C03,7,3,5,50,4,1,1,5,4,5,7,1,1,5,4,5,2,17,2,28,2,9,1,1,7,5,1,10,1,14,,8,,1,22,9,121.5255414,25.05905781
112,4,6,20,22,2,03中山區,中山區林森北路與林森北路399巷口,0,0,2,2,C03,7,3,5,50,4,1,1,5,4,5,7,1,1,5,4,5,2,17,2,28,2,9,1,1,7,9,1,10,1,11,,44,,1,22,9,121.5255414,25.05905781
112,4,6,20,40,2,09北投區,北投區公館路與光明路口,0,0,1,1,C03,8,1,5,50,3,2,1,5,4,5,7,3,1,5,4,5,2,16,2,67,3,10,3,4,7,6,1,10,1,11,,43,,1,22,9,121.5021415,25.13372318
112,4,6,20,40,2,09北投區,北投區公館路與光明路口,0,0,1,2,C03,8,1,5,50,3,2,1,5,4,5,7,3,1,5,4,5,2,16,1,28,3,10,3,4,7,9,1,10,1,12,,43,,1,22,9,121.5021415,25.13372318
112,4,6,20,40,2,09北投區,北投區公館路與光明路口,0,0,1,3,H02,8,1,5,50,3,2,1,5,4,5,7,3,1,5,4,5,2,16,2,28,2,5,3,4,7,20,8,20,10,16,,67,,1,22,9,121.5021415,25.13372318
112,4,6,20,55,2,03中山區,中山區市民大道3段與建國南路1段口,0,0,1,2,C03,8,3,5,40,4,1,1,5,4,5,7,1,1,1,3,5,1,16,1,27,2,9,1,4,7,9,1,10,2,14,,44,,1,22,9,121.5375131,25.0449284
112,4,6,20,55,2,03中山區,中山區市民大道3段與建國南路1段口,0,0,1,1,B03,8,3,5,40,4,1,1,5,4,5,7,1,1,1,3,5,1,16,1,31,3,10,3,4,7,8,1,8,2,5,,7,,1,22,9,121.5375131,25.0449284
112,4,6,21,0,2,10文山區,文山區辛亥路4段與興隆路2段口口,0,0,1,2,B03,8,3,5,50,4,1,1,5,4,5,7,2,1,1,4,5,2,16,1,57,3,10,1,1,7,9,1,8,1,1,,44,,1,22,9,121.5545717,25.0008546
112,4,6,21,0,2,10文山區,文山區辛亥路4段與興隆路2段口口,0,0,1,1,C03,8,3,5,50,4,1,1,5,4,5,7,2,1,1,4,5,2,16,2,21,2,9,1,1,7,5,1,10,1,13,,8,,1,22,9,121.5545717,25.0008546
112,4,6,21,3,2,09北投區,北投區中央南路1段與中央南路1段25巷口,0,0,2,2,H01,7,4,5,50,3,1,1,5,4,5,7,4,4,9,4,5,1,3,1,76,2,9,4,1,8,16,8,20,10,16,,51,,1,22,9,121.5014488,25.1325754
112,4,6,21,3,2,09北投區,北投區中央南路1段與中央南路1段25巷口,0,0,2,1,C03,7,4,5,50,3,1,1,5,4,5,7,4,4,9,4,5,1,3,1,38,2,9,1,1,7,9,1,10,1,11,,23,,1,22,9,121.5014488,25.1325754
112,4,6,21,5,2,09北投區,北投區承德路6段427號對面,0,0,2,3,H02,8,3,5,50,14,8,1,5,4,5,7,4,4,1,4,4,2,12,2,22,2,9,1,5,7,20,8,20,10,15,,67,,1,22,9,121.5117138,25.1089005
112,4,6,21,5,2,09北投區,北投區承德路6段427號對面,0,0,2,1,C03,8,3,5,50,14,8,1,5,4,5,7,4,4,1,4,4,2,12,1,68,3,10,1,1,7,9,1,10,2,12,,43,,1,22,9,121.5117138,25.1089005
112,4,6,21,5,2,09北投區,北投區承德路6段427號對面,0,0,2,2,C04,8,3,5,50,14,8,1,5,4,5,7,4,4,1,4,4,2,12,2,22,2,9,1,1,7,9,1,10,2,14,,43,,1,22,9,121.5117138,25.1089005
112,4,6,21,43,2,04大安區,大安區市民大道4段與復興南路1段口,0,0,1,2,C03,7,3,5,40,4,1,1,5,4,5,7,2,1,1,4,5,2,15,2,31,2,8,1,1,7,9,1,10,1,11,,23,,1,21,8,121.5439602,25.04470741
112,4,6,21,43,2,04大安區,大安區市民大道4段與復興南路1段口,0,0,1,1,C03,7,3,5,40,4,1,1,5,4,5,7,2,1,1,4,5,2,15,2,47,3,10,1,1,7,9,1,10,1,11,,23,,1,21,8,121.5439602,25.04470741
112,4,6,21,46,2,04大安區,大安區忠孝東路4段147巷與敦化南路1段187巷口,0,0,2,2,C03,8,3,5,30,4,1,1,5,4,5,7,4,4,10,5,5,1,15,2,26,2,9,1,1,7,9,1,10,1,12,,14,,1,22,9,121.5496572,25.0425962
112,4,6,21,46,2,04大安區,大安區忠孝東路4段147巷與敦化南路1段187巷口,0,0,2,1,C03,8,3,5,30,4,1,1,5,4,5,7,4,4,10,5,5,1,15,1,25,2,9,1,1,7,9,1,10,1,11,,6,,1,22,9,121.5496572,25.0425962
112,4,6,21,57,2,12內湖區,內湖區瑞光路513巷與瑞光路478巷口,0,0,1,2,H01,8,3,5,50,4,2,1,5,4,5,7,1,1,5,4,5,2,3,1,46,2,9,4,5,8,16,8,20,10,16,,67,,1,22,9,121.569472,25.07883698
112,4,6,21,57,2,12內湖區,內湖區瑞光路513巷與瑞光路478巷口,0,0,1,1,B03,8,3,5,50,4,2,1,5,4,5,7,1,1,5,4,5,2,3,2,39,3,10,1,1,7,5,1,8,2,1,,15,,1,22,9,121.569472,25.07883698
112,4,6,22,0,2,09北投區,北投區立農街1段與立農街1段320巷口,0,0,2,2,C03,8,3,5,30,4,1,1,5,4,5,7,4,4,10,5,5,2,15,1,55,2,9,1,1,7,9,1,9,2,11,,14,,1,22,9,121.5067294,25.1194902
112,4,6,22,0,2,09北投區,北投區立農街1段與立農街1段320巷口,0,0,2,1,F01,8,3,5,30,4,1,1,5,4,5,7,4,4,10,5,5,2,15,1,44,2,9,2,1,7,9,8,20,2,16,,6,,1,22,9,121.5067294,25.1194902
112,4,6,22,5,2,04大安區,大安區安和路1段113號前,0,0,1,2,B01,8,3,5,50,14,9,1,5,4,5,7,4,4,8,3,5,1,13,1,54,3,10,1,1,7,1,1,4,1,3,,44,,1,10,4,121.5525891,25.03517397
112,4,6,22,5,2,04大安區,大安區安和路1段113號前,0,0,1,1,C04,8,3,5,50,14,9,1,5,4,5,7,4,4,8,3,5,1,13,1,18,2,1,1,1,7,9,3,18,1,11,,16,,1,5,1,121.5525891,25.03517397
112,4,6,22,46,2,02萬華區,萬華區西園路2段51號,0,0,1,1,B01,7,3,5,50,14,9,1,5,4,5,7,4,4,3,5,5,1,12,1,63,3,10,1,4,7,9,1,8,2,2,,17,,1,22,9,121.4970803,25.03137943
112,4,6,22,46,2,02萬華區,萬華區西園路2段51號,0,0,1,2,C03,7,3,5,50,14,9,1,5,4,5,7,4,4,3,5,5,1,12,2,31,2,9,1,4,7,9,1,10,2,14,,17,,1,22,9,121.4970803,25.03137943
112,4,6,23,10,2,06松山區,松山區市民大道4段81號,0,0,2,1,F01,8,3,5,40,14,9,1,5,4,5,7,4,4,9,4,5,2,13,1,78,2,5,3,1,7,9,8,20,1,16,,27,,1,22,9,121.547331,25.04516926
112,4,6,23,10,2,06松山區,松山區市民大道4段81號,0,0,2,2,C03,8,3,5,40,14,9,1,5,4,5,7,4,4,9,4,5,2,13,1,19,2,9,1,4,7,8,1,10,1,11,,16,,1,22,9,121.547331,25.04516926
112,4,7,0,48,2,08士林區,士林區中正路345號,0,0,1,2,H01,6,3,5,50,15,18,1,4,4,5,7,3,1,3,4,5,2,3,2,21,2,8,4,5,8,16,8,20,10,16,,67,,1,22,9,121.5225795,25.09452029
112,4,7,0,48,2,08士林區,士林區中正路345號,0,0,1,1,,6,3,5,50,15,18,1,4,4,5,7,3,1,3,4,5,2,3,4,0,4,11,3,4,7,15,7,19,11,15,,43,,2,22,9,121.5225795,25.09452029
112,4,7,1,20,2,10文山區,文山區新光路2段(第28號大客車停車格),0,0,2,3,H02,6,3,5,50,14,9,1,4,4,3,7,4,4,5,2,5,2,13,2,24,2,9,1,5,7,20,8,20,10,16,,67,,1,22,9,121.5850455,24.99992397
112,4,7,1,20,2,10文山區,文山區新光路2段(第28號大客車停車格),0,0,2,1,C03,6,3,5,50,14,9,1,4,4,3,7,4,4,5,2,5,2,13,1,27,2,9,1,4,7,9,1,10,2,11,,23,,1,22,9,121.5850455,24.99992397
112,4,7,1,20,2,10文山區,文山區新光路2段(第28號大客車停車格),0,0,2,2,A41,6,3,5,50,14,9,1,4,4,3,7,4,4,5,2,5,2,13,1,39,3,10,3,4,7,13,1,1,2,7,,42,,1,22,9,121.5850455,24.99992397
112,4,7,2,15,2,06松山區,松山區八德路4段686號,0,0,1,1,C03,7,3,5,40,14,8,1,4,4,5,7,4,4,9,4,4,1,12,1,70,2,9,1,1,7,9,1,10,1,11,,23,,1,22,9,121.5767625,25.04999712
112,4,7,2,15,2,06松山區,松山區八德路4段686號,0,0,1,2,A12,7,3,5,40,14,8,1,4,4,5,7,4,4,9,4,4,1,12,1,52,3,10,1,1,7,14,1,1,1,4,,38,,1,22,9,121.5767625,25.04999712
112,4,7,5,13,2,07信義區,信義區永吉路321巷26號,0,0,2,1,C04,6,3,5,30,14,9,1,4,4,5,7,4,4,5,1,5,2,16,1,62,2,9,1,1,7,9,1,11,11,11,,6,,1,22,8,121.5755259,25.04653437
112,4,7,5,13,2,07信義區,信義區永吉路321巷26號,0,0,2,2,C03,6,3,5,30,14,9,1,4,4,5,7,4,4,5,1,5,2,16,1,42,2,7,1,1,7,9,1,9,1,14,,14,,1,22,8,121.5755259,25.04653437
112,4,7,6,31,2,09北投區,北投區關渡路與知行路316巷口,0,0,1,1,C03,6,1,5,50,3,2,1,4,4,5,7,3,1,4,1,5,2,18,1,57,2,9,1,1,7,5,1,10,11,14,,42,,1,22,9,121.4695346,25.12232898
112,4,7,6,31,2,09北投區,北投區關渡路與知行路316巷口,0,0,1,2,,6,1,5,50,3,2,1,4,4,5,7,3,1,4,1,5,2,18,3,0,,,,,,,,,,,,67,,1,,,121.4695346,25.12232898
112,4,7,6,49,2,10文山區,文山區木柵路3段47號對面,0,0,1,1,B03,6,1,5,50,14,9,2,4,4,5,7,4,4,5,4,5,2,17,1,46,3,10,3,4,7,6,1,8,1,2,,9,,1,22,9,121.565846,24.98843695
112,4,7,6,49,2,10文山區,文山區木柵路3段47號對面,0,0,1,2,C03,6,1,5,50,14,9,2,4,4,5,7,4,4,5,4,5,2,17,2,24,2,9,1,4,7,9,1,10,1,11,,44,,1,22,9,121.565846,24.98843695
112,4,7,6,56,2,02萬華區,萬華區內江街與環河南路1段口,0,0,2,3,C03,6,1,5,50,3,1,1,4,4,5,7,2,1,4,4,5,2,12,2,65,2,9,1,1,7,9,1,10,1,15,,44,,1,22,9,121.5000505,25.0418265
112,4,7,6,56,2,02萬華區,萬華區內江街與環河南路1段口,0,0,2,1,C03,6,1,5,50,3,1,1,4,4,5,7,2,1,4,4,5,2,12,1,52,3,10,1,1,7,9,1,10,1,15,,35,,1,22,9,121.5000505,25.0418265
112,4,7,6,56,2,02萬華區,萬華區內江街與環河南路1段口,0,0,2,2,C03,6,1,5,50,3,1,1,4,4,5,7,2,1,4,4,5,2,12,1,24,2,9,1,1,7,9,1,10,1,11,,23,,1,22,9,121.5000505,25.0418265
112,4,7,7,45,2,11南港區,南港區成福路與玉成街口,0,0,1,1,B01,6,1,5,50,3,2,1,4,4,5,7,4,4,10,5,5,2,17,1,68,3,10,3,4,7,5,1,4,1,2,,6,,1,22,9,121.5867643,25.0431169
112,4,7,7,45,2,11南港區,南港區成福路與玉成街口,0,0,1,2,C03,6,1,5,50,3,2,1,4,4,5,7,4,4,10,5,5,2,17,1,26,2,9,3,4,7,9,1,10,1,11,,44,,1,22,9,121.5867643,25.0431169
112,4,7,7,50,2,05中正區,中正區羅斯福路3段與辛亥路1段口口,0,0,1,2,F01,6,1,5,50,4,1,1,4,4,5,7,1,1,1,4,5,1,17,2,75,2,9,3,1,7,15,8,20,2,16,,25,,1,22,9,121.529244,25.01945459
112,4,7,7,50,2,05中正區,中正區羅斯福路3段與辛亥路1段口口,0,0,1,1,B03,6,1,5,50,4,1,1,4,4,5,7,1,1,1,4,5,1,17,1,39,3,10,1,1,7,9,1,8,2,1,,25,,1,22,9,121.529244,25.01945459
112,4,7,7,52,2,07信義區,信義區崇德街35號與崇德街口,0,0,2,2,C03,6,1,5,30,13,9,1,4,4,5,7,4,4,9,5,5,2,16,2,54,2,9,1,1,7,9,4,11,2,11,,14,,1,22,9,121.5539459,25.0243321
112,4,7,7,52,2,07信義區,信義區崇德街35號與崇德街口,0,0,2,1,C03,6,1,5,30,13,9,1,4,4,5,7,4,4,9,5,5,2,16,1,47,3,10,1,1,7,5,1,10,2,11,,6,,1,22,9,121.5539459,25.0243321
112,4,7,7,52,2,07信義區,信義區崇德街35號與崇德街口,0,0,2,3,H02,6,1,5,30,13,9,1,4,4,5,7,4,4,9,5,5,2,16,2,17,2,9,1,5,7,20,8,20,10,16,,67,,1,22,9,121.5539459,25.0243321
112,4,7,8,1,2,12內湖區,內湖區康寧路3段220號,0,0,2,1,C03,6,1,5,50,14,9,1,4,4,5,7,4,4,1,4,5,2,16,2,62,2,7,1,1,7,8,1,10,2,13,,7,,1,22,9,121.6109611,25.06641501
112,4,7,8,1,2,12內湖區,內湖區康寧路3段220號,0,0,2,2,C03,6,1,5,50,14,9,1,4,4,5,7,4,4,1,4,5,2,16,2,25,2,9,1,1,7,9,1,10,2,11,,44,,1,22,9,121.6109611,25.06641501
112,4,7,8,15,2,08士林區,士林區中山北路5段台電公車站(往南),0,0,1,2,C03,6,1,5,40,14,9,1,4,4,5,7,4,4,10,5,5,2,13,2,36,2,7,1,1,7,9,1,10,1,11,,23,,1,22,9,121.5273767,25.0905602
112,4,7,8,15,2,08士林區,士林區中山北路5段台電公車站(往南),0,0,1,1,C03,6,1,5,40,14,9,1,4,4,5,7,4,4,10,5,5,2,13,2,24,4,11,3,4,7,15,7,19,11,15,,42,,2,22,9,121.5273767,25.0905602
112,4,7,8,32,2,01大同區,大同區長安西路與塔城街口,0,0,2,1,C03,6,1,5,50,4,1,1,4,4,5,7,1,1,5,2,5,2,17,2,42,2,8,1,1,7,5,1,10,1,12,,8,,1,22,9,121.5104493,25.0519882
112,4,7,8,32,2,01大同區,大同區長安西路與塔城街口,0,0,2,2,C03,6,1,5,50,4,1,1,4,4,5,7,1,1,5,2,5,2,17,1,35,2,9,1,1,7,9,1,10,1,14,,13,,1,22,9,121.5104493,25.0519882
112,4,7,8,38,2,08士林區,士林區通河街76巷與承德路4段2巷口,0,0,1,2,C03,6,1,5,30,3,1,1,4,4,5,7,4,4,10,5,5,2,15,1,47,2,9,1,1,7,9,1,10,1,11,,23,,1,22,9,121.5197698,25.07948348
112,4,7,8,38,2,08士林區,士林區通河街76巷與承德路4段2巷口,0,0,1,1,B03,6,1,5,30,3,1,1,4,4,5,7,4,4,10,5,5,2,15,2,57,3,10,1,1,7,15,1,8,1,2,,6,,1,22,9,121.5197698,25.07948348
112,4,7,8,45,2,05中正區,中正區懷寧街與貴陽街1段口,0,0,1,2,C03,6,1,5,50,3,2,1,4,4,5,7,4,4,10,4,5,2,16,1,30,2,8,1,1,7,9,1,10,2,11,,44,,1,22,9,121.5137455,25.03869128
112,4,7,8,45,2,05中正區,中正區懷寧街與貴陽街1段口,0,0,1,1,C03,6,1,5,50,3,2,1,4,4,5,7,4,4,10,4,5,2,16,1,27,3,10,1,1,7,5,1,10,2,13,,8,,1,22,9,121.5137455,25.03869128
112,4,7,8,50,2,07信義區,信義區市民大道6段312號,0,0,2,1,C03,6,1,5,40,14,9,1,4,4,5,7,4,4,10,4,5,2,16,2,27,2,8,1,1,7,9,1,10,1,11,,16,,1,22,9,121.579513,25.0489171
112,4,7,8,50,2,07信義區,信義區市民大道6段312號,0,0,2,2,C03,6,1,5,40,14,9,1,4,4,5,7,4,4,10,4,5,2,16,2,29,2,9,1,1,7,9,1,10,1,13,,44,,1,22,9,121.579513,25.0489171
112,4,7,8,50,2,07信義區,信義區市民大道6段312號,0,0,2,3,B01,6,1,5,40,14,9,1,4,4,5,7,4,4,10,4,5,2,16,1,66,3,10,1,1,7,8,1,4,9,15,,7,,1,22,9,121.579513,25.0489171
112,4,7,8,53,2,08士林區,士林區百齡左岸河濱公園堤外道064燈桿,0,0,2,1,C03,6,1,8,50,15,22,1,4,4,5,7,4,4,9,5,5,2,17,1,73,2,9,3,4,7,5,1,10,1,13,,23,,1,22,9,121.5103447,25.09205708
112,4,7,8,53,2,08士林區,士林區百齡左岸河濱公園堤外道064燈桿,0,0,2,2,C03,6,1,8,50,15,22,1,4,4,5,7,4,4,9,5,5,2,17,1,23,2,9,3,4,7,9,1,10,1,11,,23,,1,22,9,121.5103447,25.09205708
112,4,7,9,4,2,07信義區,信義區基隆路1段與基隆路1段35巷口口,0,0,1,2,C03,7,1,5,50,14,9,1,4,4,5,7,2,1,1,4,5,2,17,1,25,2,8,1,1,7,9,1,10,1,14,,44,,1,21,8,121.5686557,25.04787226
112,4,7,9,4,2,07信義區,信義區基隆路1段與基隆路1段35巷口口,0,0,1,1,B03,7,1,5,50,14,9,1,4,4,5,7,2,1,1,4,5,2,17,2,51,3,10,1,1,7,8,1,8,1,6,,7,,1,21,8,121.5686557,25.04787226
112,4,7,9,15,2,06松山區,松山區塔悠路138號,0,0,1,2,B03,6,1,5,40,14,7,1,4,4,5,7,4,4,1,4,4,2,12,2,60,3,10,1,1,7,9,1,8,1,5,,42,,1,22,9,121.5695741,25.05553661
112,4,7,9,15,2,06松山區,松山區塔悠路138號,0,0,1,1,C03,6,1,5,40,14,7,1,4,4,5,7,4,4,1,4,4,2,12,1,22,2,9,1,1,7,7,1,10,1,14,,7,,1,22,9,121.5695741,25.05553661
112,4,7,9,35,2,05中正區,中正區林森北路與林森北路9巷口,0,0,1,2,C03,6,1,5,50,3,2,1,4,4,5,7,4,4,8,3,4,2,17,1,46,2,8,1,1,7,9,1,10,1,14,,44,,1,22,9,121.5236399,25.04584353
112,4,7,9,35,2,05中正區,中正區林森北路與林森北路9巷口,0,0,1,1,B01,6,1,5,50,3,2,1,4,4,5,7,4,4,8,3,4,2,17,1,50,3,10,1,1,7,11,1,4,1,7,,10,,1,22,9,121.5236399,25.04584353
112,4,7,10,0,2,05中正區,中正區羅斯福路4段130號前,0,0,1,1,B12,6,1,5,50,14,9,1,4,4,5,7,4,4,1,4,5,2,17,1,54,3,10,1,1,7,1,1,8,1,15,,19,,1,22,9,121.5358885,25.0130494
112,4,7,10,0,2,05中正區,中正區羅斯福路4段130號前,0,0,1,2,C03,6,1,5,50,14,9,1,4,4,5,7,4,4,1,4,5,2,17,1,20,2,9,1,1,7,9,1,10,1,15,,13,,1,22,9,121.5358885,25.0130494
112,4,7,10,5,2,03中山區,中山區中山北路3段與農安街口,0,0,1,2,H01,6,1,5,50,15,18,1,4,4,5,7,2,1,4,3,1,2,3,1,30,2,9,4,1,8,16,8,20,10,16,,67,,1,22,9,121.5221336,25.06491567
112,4,7,10,5,2,03中山區,中山區中山北路3段與農安街口,0,0,1,1,B12,6,1,5,50,15,18,1,4,4,5,7,2,1,4,3,1,2,3,1,21,3,10,3,4,7,5,1,8,1,8,,15,,1,22,9,121.5221336,25.06491567
112,4,7,10,22,2,06松山區,松山區光復南路35-1號,0,0,1,3,C03,6,1,5,50,14,9,1,4,4,5,7,1,1,1,3,5,2,17,1,38,3,10,1,1,7,9,1,10,1,12,,44,,1,22,9,121.5578947,25.04656801
112,4,7,10,22,2,06松山區,松山區光復南路35-1號,0,0,1,1,C03,6,1,5,50,14,9,1,4,4,5,7,1,1,1,3,5,2,17,2,39,2,9,1,1,7,9,1,10,1,12,,23,,1,22,9,121.5578947,25.04656801
112,4,7,10,22,2,06松山區,松山區光復南路35-1號,0,0,1,2,C03,6,1,5,50,14,9,1,4,4,5,7,1,1,1,3,5,2,17,2,27,3,10,3,4,7,13,7,19,11,13,,42,,1,22,9,121.5578947,25.04656801
112,4,7,10,22,2,09北投區,北投區尊賢街302巷與吉利街142巷口,0,0,1,1,C03,6,1,5,30,4,1,1,4,4,5,7,4,4,10,5,5,2,17,2,18,3,10,1,1,7,9,1,10,1,11,,6,,1,22,9,121.5077883,25.11813384
112,4,7,10,22,2,09北投區,北投區尊賢街302巷與吉利街142巷口,0,0,1,2,C03,6,1,5,30,4,1,1,4,4,5,7,4,4,10,5,5,2,17,1,62,2,8,1,1,7,9,1,10,1,14,,23,,1,22,9,121.5077883,25.11813384
112,4,7,10,29,2,12內湖區,內湖區民權東路6段123巷21弄與民權東路6段135巷口,0,0,1,2,C03,6,1,5,30,4,1,1,4,4,5,7,4,4,9,5,5,2,15,2,45,2,9,1,1,7,9,1,10,2,11,,23,,1,22,9,121.5941164,25.06965481
112,4,7,10,29,2,12內湖區,內湖區民權東路6段123巷21弄與民權東路6段135巷口,0,0,1,1,C03,6,1,5,30,4,1,1,4,4,5,7,4,4,9,5,5,2,15,1,22,3,10,1,1,7,9,1,10,2,12,,6,,1,22,9,121.5941164,25.06965481
112,4,7,10,48,2,05中正區,中正區寧波西街與牯嶺街口,0,0,1,1,B01,6,1,5,50,4,1,1,4,4,5,7,1,1,5,4,5,2,3,1,58,3,10,1,1,7,5,1,4,1,1,,15,,1,22,9,121.5164217,25.0300559
112,4,7,10,48,2,05中正區,中正區寧波西街與牯嶺街口,0,0,1,2,H01,6,1,5,50,4,1,1,4,4,5,7,1,1,5,4,5,2,3,2,54,2,9,4,5,8,16,8,20,1,16,,52,,1,22,9,121.5164217,25.0300559
112,4,7,10,55,2,11南港區,南港區松河街與成功路1段36巷口,0,0,2,2,C03,6,1,5,50,3,1,1,4,4,5,7,4,4,10,5,5,2,15,1,25,2,8,3,4,7,9,1,10,1,11,,14,,1,22,9,121.5913992,25.0573075
112,4,7,10,55,2,11南港區,南港區松河街與成功路1段36巷口,0,0,2,1,C03,6,1,5,50,3,1,1,4,4,5,7,4,4,10,5,5,2,15,2,42,2,8,3,4,7,1,1,10,1,14,,19,,1,22,9,121.5913992,25.0573075
112,4,7,11,2,2,06松山區,松山區塔悠路201號,0,0,1,1,C03,6,1,5,40,14,8,1,4,4,5,7,4,4,9,4,4,2,17,1,29,2,8,1,1,7,9,1,10,1,11,,23,,1,22,9,121.5692944,25.05803909
112,4,7,11,2,2,06松山區,松山區塔悠路201號,0,0,1,2,B03,6,1,5,40,14,8,1,4,4,5,7,4,4,9,4,4,2,17,1,45,3,10,1,1,7,8,1,8,1,6,,7,,1,22,9,121.5692944,25.05803909
112,4,7,11,18,2,05中正區,中正區羅斯福路1段與愛國西路口,0,0,1,2,C03,6,1,5,50,4,2,1,4,4,5,7,1,1,1,4,1,2,17,1,21,2,9,1,1,7,9,1,10,1,15,,44,,1,22,9,121.5165607,25.0345967
112,4,7,11,18,2,05中正區,中正區羅斯福路1段與愛國西路口,0,0,1,1,B11,6,1,5,50,4,2,1,4,4,5,7,1,1,1,4,1,2,17,1,36,4,11,3,4,7,10,7,19,11,15,,7,,2,22,9,121.5165607,25.0345967
112,4,7,11,28,2,01大同區,大同區長安西路與西寧北路口,0,0,1,2,C03,6,1,5,50,4,1,1,4,4,5,7,1,1,5,2,5,2,17,1,21,2,9,1,1,7,9,1,10,2,11,,44,,1,22,9,121.5085931,25.051996
112,4,7,11,28,2,01大同區,大同區長安西路與西寧北路口,0,0,1,1,B03,6,1,5,50,4,1,1,4,4,5,7,1,1,5,2,5,2,17,2,64,3,10,1,1,7,5,1,8,2,4,,6,,1,22,9,121.5085931,25.051996
112,4,7,11,30,2,01大同區,大同區忠孝西路2段與西寧北路口,0,0,1,2,C03,6,1,5,50,4,2,1,4,4,5,7,2,1,4,4,5,2,13,2,28,2,8,3,4,7,14,1,10,1,13,,44,,1,22,9,121.5076411,25.04883078