發生年度,發生月,發生日,發生時-Hours,發生分,處理別-編號,區序,肇事地點,死亡人數,2-30日死亡人數,受傷人數,當事人序號,車種,天候,光線,道路類別,速限-速度限制,道路型態,事故位置,路面狀況1,路面狀況2,路面狀況3,道路障礙1,道路障礙2,號誌1,號誌2,車道劃分-分向,車道劃分-分道1,車道劃分-分道2,車道劃分-分道3,事故類型及型態,性別,年齡,受傷程度,主要傷處,保護裝置,行動電話,車輛用途,當事者行動狀態,駕駛資格情形,駕駛執照種類,飲酒情形,車輛撞擊部位1,車輛撞擊部位2,肇因碼-個別,肇因碼-主要,個人肇逃否,職業,旅次目的,座標-X,座標-Y
112,4,8,18,42,2,08士林區,士林區文林路與文林路594巷口,0,0,4,2,H01,8,1,5,40,4,2,1,5,4,5,7,3,1,4,3,4,1,3,1,66,2,8,4,5,8,16,8,20,10,16,,51,,1,22,9,121.5237193,25.0985415
112,4,8,18,45,2,05中正區,中正區濟南路2段與新生南路1段口,0,0,2,1,C03,8,3,5,50,4,1,1,5,4,5,7,2,1,3,4,5,2,16,1,18,3,10,1,1,7,5,1,10,2,12,,6,,1,22,9,121.5328244,25.04018454
112,4,8,18,45,2,05中正區,中正區濟南路2段與新生南路1段口,0,0,2,2,C03,8,3,5,50,4,1,1,5,4,5,7,2,1,3,4,5,2,16,2,41,2,9,1,1,7,9,1,10,2,11,,32,,1,22,9,121.5328244,25.04018454
112,4,8,18,45,2,05中正區,中正區濟南路2段與新生南路1段口,0,0,2,3,H02,8,3,5,50,4,1,1,5,4,5,7,2,1,3,4,5,2,16,1,8,2,9,1,5,7,20,8,20,10,16,,67,,1,22,9,121.5328244,25.04018454
112,4,8,19,24,2,02萬華區,萬華區康定路與康定路372巷口,0,0,3,1,C03,8,3,5,50,4,2,1,5,4,5,7,2,1,5,4,5,2,17,1,68,2,9,1,1,7,5,1,10,1,11,,6,,1,22,9,121.5010129,25.0340844
112,4,8,19,24,2,02萬華區,萬華區康定路與康定路372巷口,0,0,3,2,C03,8,3,5,50,4,2,1,5,4,5,7,2,1,5,4,5,2,17,1,51,2,7,1,1,7,9,1,10,1,11,,13,,1,22,9,121.5010129,25.0340844
112,4,8,19,24,2,02萬華區,萬華區康定路與康定路372巷口,0,0,3,3,H02,8,3,5,50,4,2,1,5,4,5,7,2,1,5,4,5,2,17,2,66,2,8,1,1,7,20,8,20,10,16,,67,,1,22,9,121.5010129,25.0340844
112,4,8,19,44,2,04大安區,大安區仁愛路3段24巷與仁愛路3段口,0,0,1,1,B03,7,3,5,50,3,2,1,5,4,5,7,4,4,10,2,5,1,16,2,62,3,10,3,1,7,5,1,8,1,2,,6,,1,22,9,121.5356221,25.0377572
112,4,8,19,44,2,04大安區,大安區仁愛路3段24巷與仁愛路3段口,0,0,1,2,C04,7,3,5,50,3,2,1,5,4,5,7,4,4,10,2,5,1,16,1,45,2,9,1,1,7,9,1,11,1,11,,23,,1,22,9,121.5356221,25.0377572
112,4,8,19,46,2,07信義區,信義區信安街與信安街67巷口,0,0,1,1,B01,8,3,5,30,4,2,1,5,4,5,7,2,1,5,5,5,2,11,1,54,3,10,1,1,7,11,1,4,1,1,,10,,1,22,9,121.5575179,25.026178
112,4,8,19,46,2,07信義區,信義區信安街與信安街67巷口,0,0,1,2,C03,8,3,5,30,4,2,1,5,4,5,7,2,1,5,5,5,2,11,2,36,2,9,1,1,7,9,1,10,1,12,,23,,1,22,9,121.5575179,25.026178
112,4,8,20,2,2,05中正區,中正區延平南路與愛國西路口,0,0,2,2,B01,7,3,5,50,4,1,1,5,4,5,7,1,1,1,4,5,1,11,1,65,2,7,1,1,7,9,1,4,2,8,,23,,1,22,9,121.5080551,25.0370406
112,4,8,20,2,2,05中正區,中正區延平南路與愛國西路口,0,0,2,1,C03,7,3,5,50,4,1,1,5,4,5,7,1,1,1,4,5,1,11,1,33,2,9,1,1,7,5,1,10,2,12,,8,,1,22,9,121.5080551,25.0370406
112,4,8,20,4,2,08士林區,士林區社正路39號與社正路口,0,0,1,2,C03,8,1,5,50,3,2,1,5,4,5,7,4,4,9,5,5,1,17,2,21,2,9,1,1,7,9,1,10,1,12,,23,,1,22,9,121.5091743,25.0887587
112,4,8,20,4,2,08士林區,士林區社正路39號與社正路口,0,0,1,1,B03,8,1,5,50,3,2,1,5,4,5,7,4,4,9,5,5,1,17,1,32,3,10,1,1,7,9,1,8,1,1,,23,,1,22,9,121.5091743,25.0887587
112,4,8,20,56,2,12內湖區,內湖區成功路3段61號前,0,0,1,1,C03,8,3,5,50,14,9,1,5,4,5,7,4,4,1,4,5,2,17,1,43,2,9,1,1,7,9,1,10,1,11,,23,,1,22,9,121.5903068,25.07657861
112,4,8,20,56,2,12內湖區,內湖區成功路3段61號前,0,0,1,2,B03,8,3,5,50,14,9,1,5,4,5,7,4,4,1,4,5,2,17,2,49,3,10,3,4,7,13,1,8,11,7,,44,,1,22,9,121.5903068,25.07657861
112,4,8,21,24,2,05中正區,中正區金山南路1段63巷與金山南路1段口,0,0,1,1,B03,8,3,5,30,3,1,1,5,4,4,3,4,4,3,4,5,2,17,1,50,3,10,1,1,7,6,1,8,2,8,,26,,1,22,9,121.528544,25.03865693
112,4,8,21,24,2,05中正區,中正區金山南路1段63巷與金山南路1段口,0,0,1,2,C03,8,3,5,30,3,1,1,5,4,4,3,4,4,3,4,5,2,17,2,28,2,9,1,1,7,9,1,10,2,11,,44,,1,22,9,121.528544,25.03865693
112,4,8,21,48,2,03中山區,中山區大直橋往北(橋上),0,0,3,1,C03,8,3,5,50,8,9,1,5,4,5,7,4,4,1,1,5,2,12,1,41,2,7,1,4,7,9,1,10,1,12,,23,,1,22,9,121.5444498,25.0760885
112,4,8,21,48,2,03中山區,中山區大直橋往北(橋上),0,0,3,2,C04,8,3,5,50,8,9,1,5,4,5,7,4,4,1,1,5,2,12,1,28,2,9,3,4,7,9,1,10,1,14,,42,,1,22,9,121.5444498,25.0760885
112,4,8,21,48,2,03中山區,中山區大直橋往北(橋上),0,0,3,3,H02,8,3,5,50,8,9,1,5,4,5,7,4,4,1,1,5,2,12,2,24,2,8,3,5,7,20,8,20,10,16,,67,,1,22,9,121.5444498,25.0760885
112,4,8,22,35,2,02萬華區,萬華區西園路2段278號,0,0,2,2,C03,8,3,5,50,14,9,1,5,4,5,7,3,1,3,4,5,2,9,2,68,2,9,1,4,7,9,4,8,1,11,,15,,1,22,9,121.4944592,25.02762686
112,4,8,22,35,2,02萬華區,萬華區西園路2段278號,0,0,2,1,H01,8,3,5,50,14,9,1,5,4,5,7,3,1,3,4,5,2,9,1,48,2,9,4,5,8,18,8,20,1,16,,52,,1,22,9,121.4944592,25.02762686
112,4,8,22,40,2,09北投區,北投區學園路與中央北路4段口,0,0,1,1,B01,8,3,5,50,15,18,1,5,4,5,7,2,1,5,2,5,2,3,1,57,3,10,1,1,7,5,1,4,2,8,,15,,1,10,9,121.4660462,25.1266791
112,4,8,22,40,2,09北投區,北投區學園路與中央北路4段口,0,0,1,2,H01,8,3,5,50,15,18,1,5,4,5,7,2,1,5,2,5,2,3,2,19,2,9,4,5,8,16,8,20,10,16,,67,,1,18,9,121.4660462,25.1266791
112,4,9,0,21,2,04大安區,大安區敦化南路1段190巷與忠孝東路4段77巷口,0,0,2,2,C03,8,3,5,30,5,1,1,5,4,5,7,4,4,10,5,5,2,15,1,28,2,8,1,4,7,9,1,10,1,11,,23,,1,22,9,121.5472039,25.0426477
112,4,9,0,21,2,04大安區,大安區敦化南路1段190巷與忠孝東路4段77巷口,0,0,2,1,B01,8,3,5,30,5,1,1,5,4,5,7,4,4,10,5,5,2,15,1,45,2,2,1,4,7,9,1,4,1,8,,6,,1,22,9,121.5472039,25.0426477
112,4,9,0,27,2,04大安區,大安區忠孝東路3段248巷13弄與復興南路1段口,0,0,1,1,B03,8,3,5,30,3,1,1,5,4,5,7,4,4,9,2,5,1,16,1,21,3,10,1,4,7,9,1,8,1,1,,23,,1,22,9,121.5435701,25.0406344
112,4,9,0,27,2,04大安區,大安區忠孝東路3段248巷13弄與復興南路1段口,0,0,1,2,F01,8,3,5,30,3,1,1,5,4,5,7,4,4,9,2,5,1,16,1,37,2,1,1,4,7,11,8,20,1,16,,11,,1,22,9,121.5435701,25.0406344
112,4,9,0,52,2,01大同區,大同區環河北路1段157號,0,0,1,2,C03,7,3,5,50,14,9,1,5,4,5,7,4,4,10,4,5,2,16,1,20,2,9,1,1,7,9,1,10,2,11,,13,,1,22,9,121.5077916,25.05486359
112,4,9,0,52,2,01大同區,大同區環河北路1段157號,0,0,1,1,B03,7,3,5,50,14,9,1,5,4,5,7,4,4,10,4,5,2,16,1,71,3,10,1,1,7,1,1,8,2,4,,19,,1,22,9,121.5077916,25.05486359
112,4,9,4,5,2,04大安區,大安區基隆路3段155巷與基隆路3段口,0,0,3,1,B03,7,3,5,50,4,2,1,5,4,5,7,2,1,1,4,4,2,17,1,31,2,1,3,4,7,9,1,8,11,1,,23,,2,22,9,121.5426669,25.0156454
112,4,9,4,5,2,04大安區,大安區基隆路3段155巷與基隆路3段口,0,0,3,2,B01,7,3,5,50,4,2,1,5,4,5,7,2,1,1,4,4,2,17,1,52,2,1,3,4,7,14,1,4,1,3,,44,,1,22,9,121.5426669,25.0156454
112,4,9,4,5,2,04大安區,大安區基隆路3段155巷與基隆路3段口,0,0,3,3,B01,7,3,5,50,4,2,1,5,4,5,7,2,1,1,4,4,2,17,2,47,2,9,3,4,7,14,1,4,1,3,,44,,1,22,9,121.5426669,25.0156454
112,4,9,4,42,2,02萬華區,萬華區水源快速道路往南第096號燈桿前,0,0,2,1,B03,8,3,5,60,14,7,1,5,4,5,7,4,4,9,5,5,2,12,1,47,3,10,1,1,7,9,1,8,1,5,,23,,1,22,9,121.5034001,25.0194556
112,4,9,4,42,2,02萬華區,萬華區水源快速道路往南第096號燈桿前,0,0,2,2,B03,8,3,5,60,14,7,1,5,4,5,7,4,4,9,5,5,2,12,1,28,2,9,1,1,7,11,1,8,1,4,,44,,1,22,9,121.5034001,25.0194556
112,4,9,4,42,2,02萬華區,萬華區水源快速道路往南第096號燈桿前,0,0,2,3,H02,8,3,5,60,14,7,1,5,4,5,7,4,4,9,5,5,2,12,2,29,2,9,1,1,7,21,8,20,10,16,,67,,1,22,9,121.5034001,25.0194556
112,4,9,7,36,2,02萬華區,萬華區艋舺大道與西藏路口,0,0,1,1,C03,8,1,5,50,4,1,1,5,4,5,7,2,1,1,4,4,2,17,1,61,2,9,1,3,7,9,1,10,1,14,,44,,1,22,9,121.4916546,25.02920903
112,4,9,7,36,2,02萬華區,萬華區艋舺大道與西藏路口,0,0,1,2,B03,8,1,5,50,4,1,1,5,4,5,7,2,1,1,4,4,2,17,1,76,3,10,1,1,7,8,1,8,1,2,,7,,1,22,9,121.4916546,25.02920903
112,4,9,7,47,2,04大安區,大安區仁愛路4段與敦化南路1段口,0,0,1,2,B01,8,1,5,50,5,1,1,5,4,5,7,2,1,1,4,5,2,15,1,68,3,10,3,4,7,9,1,4,1,1,,44,,1,22,9,121.5479077,25.0380103
112,4,9,7,47,2,04大安區,大安區仁愛路4段與敦化南路1段口,0,0,1,1,C03,8,1,5,50,5,1,1,5,4,5,7,2,1,1,4,5,2,15,1,82,2,9,3,4,7,9,1,10,1,14,,25,,1,22,9,121.5479077,25.0380103
112,4,9,7,48,2,03中山區,中山區北安路759巷與劍南路口,0,0,1,1,C03,7,1,5,30,3,1,1,5,4,5,7,4,4,10,5,5,2,17,1,30,3,10,1,1,7,1,1,10,1,14,,19,,1,22,9,121.5540213,25.08573636
112,4,9,7,48,2,03中山區,中山區北安路759巷與劍南路口,0,0,1,2,F01,7,1,5,30,3,1,1,5,4,5,7,4,4,10,5,5,2,17,2,70,2,9,1,1,7,9,8,20,1,16,,44,,1,22,9,121.5540213,25.08573636
112,4,9,8,5,2,11南港區,南港區南港路1段176號,0,0,1,1,B03,8,1,5,50,14,9,1,5,4,5,7,4,4,8,3,5,2,12,1,61,3,10,1,1,7,11,1,8,1,7,,43,,1,22,9,121.6123641,25.0555454
112,4,9,8,5,2,11南港區,南港區南港路1段176號,0,0,1,2,C03,8,1,5,50,14,9,1,5,4,5,7,4,4,8,3,5,2,12,1,19,2,9,1,1,7,9,3,18,1,11,,43,,1,22,9,121.6123641,25.0555454
112,4,9,8,55,2,09北投區,北投區立農街1段256號前,0,0,1,2,F01,8,1,5,30,14,9,1,5,4,5,7,4,4,10,5,5,2,17,2,71,2,9,1,1,7,9,8,20,2,16,,44,,1,22,9,121.5056959,25.1193945
112,4,9,8,55,2,09北投區,北投區立農街1段256號前,0,0,1,1,B03,8,1,5,30,14,9,1,5,4,5,7,4,4,10,5,5,2,17,1,61,3,10,1,1,7,13,1,8,2,4,,40,,1,22,9,121.5056959,25.1193945
112,4,9,9,3,2,02萬華區,萬華區青年路與青年路152巷口,0,0,1,1,C03,8,1,5,30,3,2,1,5,4,5,7,2,1,5,5,5,2,3,1,55,3,10,1,1,7,15,6,18,2,11,,25,,1,22,9,121.5025356,25.02133024
112,4,9,9,3,2,02萬華區,萬華區青年路與青年路152巷口,0,0,1,2,H01,8,1,5,30,3,2,1,5,4,5,7,2,1,5,5,5,2,3,2,82,2,9,4,5,8,16,8,20,10,16,,52,,1,22,9,121.5025356,25.02133024
112,4,9,9,5,2,10文山區,文山區道南橋南往北方向,0,0,1,2,,7,1,5,50,14,9,1,5,4,5,7,4,4,9,4,5,2,18,3,0,,,,,,,,,,,,67,,1,,,121.5724079,24.98792242
112,4,9,9,5,2,10文山區,文山區道南橋南往北方向,0,0,1,1,C03,7,1,5,50,14,9,1,5,4,5,7,4,4,9,4,5,2,18,1,22,2,9,1,1,7,9,1,10,1,11,,43,,1,22,9,121.5724079,24.98792242
112,4,9,9,13,2,05中正區,中正區仁愛路2段12號,0,0,1,1,B03,7,1,5,50,14,9,1,5,4,5,7,4,4,1,4,5,2,12,2,53,3,10,1,1,7,1,1,8,2,5,,19,,1,2,5,121.5256993,25.0381865
112,4,9,9,13,2,05中正區,中正區仁愛路2段12號,0,0,1,2,C03,7,1,5,50,14,9,1,5,4,5,7,4,4,1,4,5,2,12,1,57,2,9,1,1,7,7,1,10,2,14,,7,,1,21,5,121.5256993,25.0381865
112,4,9,9,30,2,04大安區,大安區基隆路4段與羅斯福路4段口,0,0,2,2,C03,8,1,5,50,5,1,1,5,4,5,7,2,1,1,4,5,2,17,1,37,2,9,1,1,7,9,1,9,2,11,,44,,1,22,9,121.5374368,25.01119832
112,4,9,9,30,2,04大安區,大安區基隆路4段與羅斯福路4段口,0,0,2,1,C03,8,1,5,50,5,1,1,5,4,5,7,2,1,1,4,5,2,17,2,18,2,9,1,1,7,5,1,10,2,15,,8,,1,22,9,121.5374368,25.01119832
112,4,9,9,33,2,04大安區,大安區和平東路3段與臥龍街口,0,0,1,2,H01,8,1,5,30,4,2,1,5,4,5,7,2,1,1,4,5,1,3,2,19,2,9,4,5,8,16,8,20,10,16,,67,,1,22,9,121.5467354,25.0245397
112,4,9,9,33,2,04大安區,大安區和平東路3段與臥龍街口,0,0,1,1,C03,8,1,5,30,4,2,1,5,4,5,7,2,1,1,4,5,1,3,2,54,3,10,1,4,7,9,1,10,11,11,,25,,1,22,9,121.5467354,25.0245397
112,4,9,9,34,2,10文山區,文山區羅斯福路6段與羅斯福路6段469巷口,0,0,1,1,B03,8,1,5,50,4,2,1,5,4,5,7,1,1,1,4,5,2,12,1,48,3,10,1,1,7,8,1,8,1,6,,7,,1,22,9,121.5396835,24.9898149
112,4,9,9,34,2,10文山區,文山區羅斯福路6段與羅斯福路6段469巷口,0,0,1,2,C03,8,1,5,50,4,2,1,5,4,5,7,1,1,1,4,5,2,12,1,22,2,5,1,1,7,9,1,10,1,14,,44,,1,22,9,121.5396835,24.9898149
112,4,9,9,50,2,03中山區,中山區民權東路3段39巷與民權東路3段口,0,0,3,3,H02,7,1,5,50,4,1,1,5,4,5,7,1,1,3,4,5,2,12,2,26,2,9,1,5,7,20,8,20,1,16,,67,,1,22,9,121.542536,25.06246195
112,4,9,9,50,2,03中山區,中山區民權東路3段39巷與民權東路3段口,0,0,3,1,C03,7,1,5,50,4,1,1,5,4,5,7,1,1,3,4,5,2,12,1,55,2,8,1,1,7,8,1,10,1,12,,7,,1,22,9,121.542536,25.06246195
112,4,9,9,50,2,03中山區,中山區民權東路3段39巷與民權東路3段口,0,0,3,2,C03,7,1,5,50,4,1,1,5,4,5,7,1,1,3,4,5,2,12,2,25,2,8,1,1,7,9,1,10,1,14,,17,,1,22,9,121.542536,25.06246195
112,4,9,10,9,2,08士林區,士林區至善路2段274號,0,0,3,2,C03,8,1,5,50,14,9,1,5,4,5,7,4,4,1,5,5,2,13,2,53,2,6,1,1,7,1,1,10,1,13,,19,,1,22,9,121.5512344,25.10071596
112,4,9,10,9,2,08士林區,士林區至善路2段274號,0,0,3,1,C03,8,1,5,50,14,9,1,5,4,5,7,4,4,1,5,5,2,13,1,20,2,1,1,1,7,9,1,10,1,11,,13,,1,22,9,121.5512344,25.10071596
112,4,9,10,9,2,08士林區,士林區至善路2段274號,0,0,3,3,C03,8,1,5,50,14,9,1,5,4,5,7,4,4,1,5,5,2,13,1,24,3,10,1,1,7,13,1,10,11,13,,38,,1,22,9,121.5512344,25.10071596
112,4,9,10,9,2,08士林區,士林區至善路2段274號,0,0,3,4,H02,8,1,5,50,14,9,1,5,4,5,7,4,4,1,5,5,2,13,2,27,2,9,1,5,7,20,8,20,10,16,,67,,1,22,9,121.5512344,25.10071596
112,4,9,10,34,2,03中山區,中山區中山北路3段與撫順街口,0,0,2,1,C03,8,1,5,50,4,2,1,5,4,5,7,4,4,1,4,5,2,13,2,23,2,9,1,1,7,9,1,10,1,14,,13,,1,22,9,121.5222098,25.0640458
112,4,9,10,34,2,03中山區,中山區中山北路3段與撫順街口,0,0,2,2,C03,8,1,5,50,4,2,1,5,4,5,7,4,4,1,4,5,2,13,2,36,2,9,1,1,7,9,1,10,1,11,,16,,1,22,9,121.5222098,25.0640458
112,4,9,11,30,2,12內湖區,內湖區內湖路2段103巷8號前,0,0,1,1,B03,8,1,5,30,14,9,1,5,4,5,7,4,4,5,5,5,2,17,1,29,3,10,1,1,7,11,1,8,1,15,,10,,1,22,9,121.5824173,25.08023035
112,4,9,11,30,2,12內湖區,內湖區內湖路2段103巷8號前,0,0,1,2,C03,8,1,5,30,14,9,1,5,4,5,7,4,4,5,5,5,2,17,1,33,2,9,1,1,7,9,1,10,1,14,,44,,1,22,9,121.5824173,25.08023035
112,4,9,11,43,2,09北投區,北投區竹子湖路111號與竹子湖路口前,0,0,2,3,H02,8,1,5,50,3,1,1,5,4,5,7,4,4,9,4,5,2,16,2,23,2,9,1,1,7,21,8,20,1,15,,67,,1,22,9,121.5292519,25.1826542
112,4,9,11,43,2,09北投區,北投區竹子湖路111號與竹子湖路口前,0,0,2,1,B03,8,1,5,50,3,1,1,5,4,5,7,4,4,9,4,5,2,16,1,52,3,10,1,1,7,11,1,8,1,8,,43,,1,22,9,121.5292519,25.1826542
112,4,9,11,43,2,09北投區,北投區竹子湖路111號與竹子湖路口前,0,0,2,2,C03,8,1,5,50,3,1,1,5,4,5,7,4,4,9,4,5,2,16,1,24,2,9,1,1,7,9,1,9,1,11,,43,,1,22,9,121.5292519,25.1826542
112,4,9,11,53,2,07信義區,信義區忠孝東路5段423巷33號,0,0,2,3,H02,8,1,5,30,14,9,1,5,4,5,7,4,4,9,5,5,1,16,1,10,2,9,3,5,7,20,8,20,10,16,,67,,1,22,9,121.5753361,25.04237923
112,4,9,11,53,2,07信義區,信義區忠孝東路5段423巷33號,0,0,2,1,C03,8,1,5,30,14,9,1,5,4,5,7,4,4,9,5,5,1,16,1,46,3,10,3,4,7,1,1,9,1,14,,19,,1,22,9,121.5753361,25.04237923
112,4,9,11,53,2,07信義區,信義區忠孝東路5段423巷33號,0,0,2,2,C03,8,1,5,30,14,9,1,5,4,5,7,4,4,9,5,5,1,16,2,42,2,9,3,4,7,9,1,10,1,12,,44,,1,22,9,121.5753361,25.04237923
112,4,9,12,11,2,07信義區,信義區基隆路2段149-28號,0,0,1,1,C04,8,1,5,50,14,9,1,5,4,5,7,4,4,1,4,5,2,13,1,28,2,7,1,1,7,9,1,10,1,11,,16,,1,22,9,121.5554199,25.0268383
112,4,9,12,11,2,07信義區,信義區基隆路2段149-28號,0,0,1,2,B03,8,1,5,50,14,9,1,5,4,5,7,4,4,1,4,5,2,13,1,79,3,10,1,1,7,14,1,6,1,3,,44,,1,22,9,121.5554199,25.0268383
112,4,9,13,5,2,05中正區,中正區辛亥路1段19號前,0,0,1,2,H01,8,1,5,50,14,9,1,5,4,5,7,4,4,1,4,5,2,1,2,58,2,1,4,5,8,16,8,20,10,16,,60,,1,22,9,121.5279348,25.0189421
112,4,9,13,5,2,05中正區,中正區辛亥路1段19號前,0,0,1,1,C03,8,1,5,50,14,9,1,5,4,5,7,4,4,1,4,5,2,1,1,35,3,10,1,1,7,9,1,10,1,11,,23,,1,22,9,121.5279348,25.0189421
112,4,9,13,15,2,07信義區,信義區信義路4段460號,0,0,1,2,C03,8,1,5,50,14,9,1,5,4,5,7,4,4,1,4,5,2,12,1,28,2,9,3,4,7,9,1,10,1,12,,23,,1,22,9,121.5586325,25.032956
112,4,9,13,15,2,07信義區,信義區信義路4段460號,0,0,1,1,C03,8,1,5,50,14,9,1,5,4,5,7,4,4,1,4,5,2,12,2,39,3,10,3,4,7,9,1,10,1,15,,44,,1,22,9,121.5586325,25.032956
112,4,9,13,20,2,03中山區,中山區民族東路與吉林路口,0,0,1,1,C03,8,1,5,50,3,1,1,5,4,5,7,2,1,1,4,5,2,16,1,43,2,9,3,4,7,9,1,10,1,12,,25,,1,22,9,121.5304526,25.0682413
112,4,9,13,20,2,03中山區,中山區民族東路與吉林路口,0,0,1,2,B03,8,1,5,50,3,1,1,5,4,5,7,2,1,1,4,5,2,16,1,54,3,10,3,4,7,9,1,8,1,8,,44,,1,22,9,121.5304526,25.0682413
112,4,9,13,34,2,02萬華區,萬華區環河南路2段與環河南路2段50巷口,0,0,1,2,C03,8,1,5,50,4,1,1,5,4,5,7,2,1,8,3,5,1,15,2,41,2,7,3,4,7,9,1,10,1,11,,44,,1,22,9,121.4963216,25.0377099
112,4,9,13,34,2,02萬華區,萬華區環河南路2段與環河南路2段50巷口,0,0,1,1,B03,8,1,5,50,4,1,1,5,4,5,7,2,1,8,3,5,1,15,2,54,3,10,3,4,7,9,1,8,1,2,,25,,1,22,9,121.4963216,25.0377099
112,4,9,13,44,2,07信義區,信義區松壽路與松壽路20巷口,0,0,2,1,C03,8,1,5,50,4,1,1,5,4,5,7,4,4,5,4,5,2,16,1,28,2,9,1,1,7,5,1,10,2,12,,8,,1,22,9,121.567339,25.0358595
112,4,9,13,44,2,07信義區,信義區松壽路與松壽路20巷口,0,0,2,2,B01,8,1,5,50,4,1,1,5,4,5,7,4,4,5,4,5,2,16,1,56,2,2,1,1,7,9,1,4,2,8,,23,,1,22,9,121.567339,25.0358595
112,4,9,14,16,2,04大安區,大安區臨江街110號,0,0,1,1,B12,8,1,5,30,14,9,1,5,4,5,7,4,4,10,5,5,1,17,2,65,3,10,3,4,7,13,1,8,1,8,,40,,1,22,9,121.5544951,25.03017677
112,4,9,14,16,2,04大安區,大安區臨江街110號,0,0,1,2,F01,8,1,5,30,14,9,1,5,4,5,7,4,4,10,5,5,1,17,2,62,2,7,3,4,7,9,8,20,1,16,,44,,1,22,9,121.5544951,25.03017677
112,4,9,14,27,2,08士林區,士林區中正路與志成街口,0,0,2,2,C03,8,1,5,50,3,1,1,5,4,5,7,3,1,1,4,4,2,16,1,71,2,4,3,4,7,9,1,10,2,14,,44,,1,22,9,121.5301976,25.0962565
112,4,9,14,27,2,08士林區,士林區中正路與志成街口,0,0,2,1,B03,8,1,5,50,3,1,1,5,4,5,7,3,1,1,4,4,2,16,1,30,3,10,3,4,7,11,1,8,2,5,,10,,1,22,9,121.5301976,25.0962565
112,4,9,14,27,2,08士林區,士林區中正路與志成街口,0,0,2,3,H02,8,1,5,50,3,1,1,5,4,5,7,3,1,1,4,4,2,16,2,61,2,8,3,4,7,20,8,20,10,16,,67,,1,22,9,121.5301976,25.0962565
112,4,9,14,34,2,10文山區,文山區木新路3段與木新路3段232巷口,0,0,3,1,C03,8,1,5,50,14,9,2,5,4,5,7,1,1,5,4,5,2,17,1,51,2,8,1,4,7,5,1,10,2,12,,6,,1,22,9,121.5591422,24.98133507
112,4,9,14,34,2,10文山區,文山區木新路3段與木新路3段232巷口,0,0,3,2,C03,8,1,5,50,14,9,2,5,4,5,7,1,1,5,4,5,2,17,2,45,2,9,1,4,7,9,1,10,2,14,,44,,1,22,9,121.5591422,24.98133507
112,4,9,14,34,2,10文山區,文山區木新路3段與木新路3段232巷口,0,0,3,3,B03,8,1,5,50,14,9,2,5,4,5,7,1,1,5,4,5,2,17,1,48,3,10,3,1,7,13,1,8,1,3,,44,,1,22,9,121.5591422,24.98133507
112,4,9,14,34,2,10文山區,文山區木新路3段與木新路3段232巷口,0,0,3,4,H02,8,1,5,50,14,9,2,5,4,5,7,1,1,5,4,5,2,17,2,76,2,7,1,5,7,17,8,20,10,16,,67,,1,22,9,121.5591422,24.98133507
112,4,9,14,49,2,01大同區,大同區承德路3段與敦煌路口,0,0,2,1,C03,7,1,5,50,4,1,1,5,4,5,7,2,1,9,4,5,1,16,1,49,2,8,1,1,7,8,1,10,1,12,,7,,1,22,9,121.5200699,25.07532753
112,4,9,14,49,2,01大同區,大同區承德路3段與敦煌路口,0,0,2,2,C03,7,1,5,50,4,1,1,5,4,5,7,2,1,9,4,5,1,16,2,22,2,9,1,1,7,9,1,10,1,14,,44,,1,22,9,121.5200699,25.07532753
112,4,9,15,5,2,12內湖區,內湖區成功路5段450巷23弄與成功路5段450巷21弄口,0,0,1,1,B02,8,1,5,30,3,1,1,5,4,5,7,4,4,9,5,5,2,12,1,27,3,10,1,1,7,11,1,8,1,8,,10,,1,22,9,121.6085249,25.07305867
112,4,9,15,5,2,12內湖區,內湖區成功路5段450巷23弄與成功路5段450巷21弄口,0,0,1,2,C03,8,1,5,30,3,1,1,5,4,5,7,4,4,9,5,5,2,12,1,39,2,9,1,1,7,9,1,10,1,12,,13,,1,22,9,121.6085249,25.07305867
112,4,9,15,17,2,07信義區,信義區松信路158號,0,0,2,2,C03,8,1,5,40,14,8,1,5,4,5,7,4,4,5,4,4,2,17,2,21,3,10,1,1,7,14,1,10,1,13,,44,,1,22,9,121.5719767,25.0433213
112,4,9,15,17,2,07信義區,信義區松信路158號,0,0,2,3,C03,8,1,5,40,14,8,1,5,4,5,7,4,4,5,4,4,2,17,1,52,2,9,1,1,7,9,1,10,1,11,,13,,1,22,9,121.5719767,25.0433213
112,4,9,15,17,2,07信義區,信義區松信路158號,0,0,2,1,C03,8,1,5,40,14,8,1,5,4,5,7,4,4,5,4,4,2,17,2,32,2,8,1,1,7,9,1,10,1,11,,16,,1,22,9,121.5719767,25.0433213
112,4,9,15,17,2,07信義區,信義區松信路158號,0,0,2,4,C03,8,1,5,40,14,8,1,5,4,5,7,4,4,5,4,4,2,17,1,34,3,10,1,1,7,6,1,10,1,15,,9,,1,22,9,121.5719767,25.0433213
112,4,9,15,25,2,06松山區,松山區八德路4段389巷與南京東路5段250巷36弄口,0,0,1,1,C03,8,1,5,30,4,2,1,5,4,5,7,4,4,10,5,5,2,17,2,25,2,7,1,1,7,5,1,10,1,11,,23,,1,22,9,121.5684639,25.04981054
112,4,9,15,25,2,06松山區,松山區八德路4段389巷與南京東路5段250巷36弄口,0,0,1,2,C03,8,1,5,30,4,2,1,5,4,5,7,4,4,10,5,5,2,17,1,19,3,10,1,1,7,9,1,10,1,11,,23,,1,22,9,121.5684639,25.04981054
112,4,9,15,31,2,09北投區,北投區立農街2段與立農街2段273巷口,0,0,2,2,C03,7,1,5,50,4,1,1,5,4,5,7,1,1,10,5,5,1,16,1,24,2,9,1,1,7,9,1,10,1,11,,23,,1,22,9,121.514274,25.1188441