發生年度,發生月,發生日,發生時-Hours,發生分,處理別-編號,區序,肇事地點,死亡人數,2-30日死亡人數,受傷人數,當事人序號,車種,天候,光線,道路類別,速限-速度限制,道路型態,事故位置,路面狀況1,路面狀況2,路面狀況3,道路障礙1,道路障礙2,號誌1,號誌2,車道劃分-分向,車道劃分-分道1,車道劃分-分道2,車道劃分-分道3,事故類型及型態,性別,年齡,受傷程度,主要傷處,保護裝置,行動電話,車輛用途,當事者行動狀態,駕駛資格情形,駕駛執照種類,飲酒情形,車輛撞擊部位1,車輛撞擊部位2,肇因碼-個別,肇因碼-主要,個人肇逃否,職業,旅次目的,座標-X,座標-Y
112,4,10,10,30,2,12內湖區,內湖區民權東路6段296巷與民權東路6段口,0,0,1,2,C03,8,1,5,50,3,1,1,5,4,5,7,2,1,1,4,5,2,12,2,20,2,9,1,1,7,9,1,10,2,11,,44,,1,22,9,121.6052522,25.07250862
112,4,10,10,50,2,07信義區,信義區林口街39號,0,0,2,1,C03,8,1,5,30,14,9,1,5,4,5,7,4,4,9,5,4,2,16,2,67,2,9,1,1,7,8,1,10,2,14,,7,,1,22,9,121.5792898,25.0377675
112,4,10,10,50,2,07信義區,信義區林口街39號,0,0,2,2,C03,8,1,5,30,14,9,1,5,4,5,7,4,4,9,5,4,2,16,1,32,2,9,1,1,7,9,1,10,2,14,,44,,1,22,9,121.5792898,25.0377675
112,4,10,10,51,2,07信義區,信義區嘉興街與嘉興街175巷口口,0,0,2,2,C03,8,1,5,30,4,1,1,5,4,5,7,4,4,10,4,5,1,15,1,30,2,9,3,4,7,9,1,10,2,12,,44,,1,22,9,121.5571111,25.0277752
112,4,10,10,51,2,07信義區,信義區嘉興街與嘉興街175巷口口,0,0,2,3,H02,8,1,5,30,4,1,1,5,4,5,7,4,4,10,4,5,1,15,1,47,2,9,3,5,7,20,8,20,10,16,,67,,1,22,9,121.5571111,25.0277752
112,4,10,10,51,2,07信義區,信義區嘉興街與嘉興街175巷口口,0,0,2,1,B01,8,1,5,30,4,1,1,5,4,5,7,4,4,10,4,5,1,15,1,63,3,10,3,4,7,9,1,4,2,8,,6,,1,22,9,121.5571111,25.0277752
112,4,10,10,58,2,03中山區,中山區錦西街與民生西路3巷口,0,0,2,2,C03,8,1,5,50,4,1,1,5,4,5,7,4,4,5,4,5,2,16,2,47,2,9,1,1,7,5,1,10,1,11,,6,,1,22,9,121.5217682,25.0603625
112,4,10,10,58,2,03中山區,中山區錦西街與民生西路3巷口,0,0,2,3,H02,8,1,5,50,4,1,1,5,4,5,7,4,4,5,4,5,2,16,2,75,2,1,1,5,7,21,8,20,10,16,,67,,1,22,9,121.5217682,25.0603625
112,4,10,10,58,2,03中山區,中山區錦西街與民生西路3巷口,0,0,2,1,B03,8,1,5,50,4,1,1,5,4,5,7,4,4,5,4,5,2,16,1,72,4,11,3,4,7,15,7,19,11,15,,42,,2,22,9,121.5217682,25.0603625
112,4,10,11,10,2,02萬華區,萬華區萬大路424巷141號,0,0,2,2,C03,8,1,5,50,14,9,1,5,4,5,7,4,4,9,5,5,2,16,1,32,2,8,1,4,7,4,1,10,1,11,,1,,1,22,9,121.494411,25.02090851
112,4,10,11,10,2,02萬華區,萬華區萬大路424巷141號,0,0,2,1,C03,8,1,5,50,14,9,1,5,4,5,7,4,4,9,5,5,2,16,1,29,2,7,1,4,7,5,1,10,1,11,,44,,1,22,9,121.494411,25.02090851
112,4,10,11,47,2,09北投區,北投區稻香路020號燈桿,0,0,1,1,C03,8,1,5,40,14,9,1,5,4,5,7,4,4,9,4,5,2,13,1,73,2,8,1,1,7,12,1,10,1,13,,44,,1,22,9,121.4860737,25.14391355
112,4,10,11,47,2,09北投區,北投區稻香路020號燈桿,0,0,1,2,B03,8,1,5,40,14,9,1,5,4,5,7,4,4,9,4,5,2,13,1,55,3,10,1,1,7,9,1,8,1,1,,23,,1,22,9,121.4860737,25.14391355
112,4,10,12,9,2,09北投區,北投區中央北路4段380號對面,0,0,1,1,C03,8,1,5,50,14,9,1,5,4,5,7,4,4,4,4,5,2,27,2,36,2,9,1,1,7,9,1,10,2,11,,44,,1,22,9,121.4713601,25.1297028
112,4,10,12,9,2,09北投區,北投區中央北路4段380號對面,0,0,1,2,,8,1,5,50,14,9,1,5,4,5,7,4,4,4,4,5,2,27,3,43,,,,,,,,,,,,66,,1,,,121.4713601,25.1297028
112,4,10,12,16,2,08士林區,士林區中山北路5段與福國路口,0,0,2,1,C03,8,1,5,50,5,1,1,5,4,5,7,1,1,1,5,5,2,17,2,34,2,8,1,1,7,5,1,10,1,11,,25,,1,22,9,121.525568,25.10257025
112,4,10,12,16,2,08士林區,士林區中山北路5段與福國路口,0,0,2,2,C03,8,1,5,50,5,1,1,5,4,5,7,1,1,1,5,5,2,17,1,63,3,10,1,1,7,9,1,10,1,12,,44,,1,22,9,121.525568,25.10257025
112,4,10,12,16,2,08士林區,士林區中山北路5段與福國路口,0,0,2,3,H02,8,1,5,50,5,1,1,5,4,5,7,1,1,1,5,5,2,17,2,29,2,9,1,1,7,20,8,20,1,16,,67,,1,22,9,121.525568,25.10257025
112,4,10,12,24,2,07信義區,信義區松仁路與松勤街口,0,0,2,2,C03,8,1,5,50,4,1,1,5,4,5,7,1,1,5,4,5,2,12,1,63,2,9,1,1,7,9,1,10,1,14,,44,,1,22,9,121.5683923,25.031855
112,4,10,12,24,2,07信義區,信義區松仁路與松勤街口,0,0,2,3,H02,8,1,5,50,4,1,1,5,4,5,7,1,1,5,4,5,2,12,2,61,2,9,1,5,7,17,8,20,10,16,,67,,1,22,9,121.5683923,25.031855
112,4,10,12,24,2,07信義區,信義區松仁路與松勤街口,0,0,2,1,C03,8,1,5,50,4,1,1,5,4,5,7,1,1,5,4,5,2,12,1,23,3,10,1,1,7,6,1,10,1,12,,9,,1,22,9,121.5683923,25.031855
112,4,10,12,30,2,08士林區,士林區重慶北路4段43號,0,0,1,3,H02,8,1,8,50,15,22,1,5,4,5,7,4,4,2,5,5,1,13,2,59,2,9,1,1,7,21,8,20,10,16,,67,,1,22,9,121.5131112,25.08084539
112,4,10,12,30,2,08士林區,士林區重慶北路4段43號,0,0,1,4,B03,8,1,8,50,15,22,1,5,4,5,7,4,4,2,5,5,1,13,1,50,3,10,1,1,7,9,1,8,1,1,,44,,1,22,9,121.5131112,25.08084539
112,4,10,12,30,2,08士林區,士林區重慶北路4段43號,0,0,1,2,B03,8,1,8,50,15,22,1,5,4,5,7,4,4,2,5,5,1,13,1,31,3,10,1,1,7,9,1,8,1,1,,44,,1,22,9,121.5131112,25.08084539
112,4,10,12,30,2,08士林區,士林區重慶北路4段43號,0,0,1,1,B03,8,1,8,50,15,22,1,5,4,5,7,4,4,2,5,5,1,13,2,26,3,10,1,1,7,9,1,8,1,1,,16,,1,22,9,121.5131112,25.08084539
112,4,10,13,2,2,08士林區,士林區光華路與長春街口,0,0,2,4,C03,8,1,5,30,3,2,1,5,4,5,7,4,4,10,5,5,2,11,2,22,3,10,3,4,7,12,1,10,1,11,,23,,1,22,9,121.5453983,25.13738287
112,4,10,13,2,2,08士林區,士林區光華路與長春街口,0,0,2,1,C03,8,1,5,30,3,2,1,5,4,5,7,4,4,10,5,5,2,11,1,18,2,8,3,4,7,4,1,10,1,14,,1,,1,22,9,121.5453983,25.13738287
112,4,10,13,2,2,08士林區,士林區光華路與長春街口,0,0,2,2,C03,8,1,5,30,3,2,1,5,4,5,7,4,4,10,5,5,2,11,1,20,2,7,3,4,7,9,1,10,1,14,,13,,1,22,9,121.5453983,25.13738287
112,4,10,13,2,2,08士林區,士林區光華路與長春街口,0,0,2,3,B03,8,1,5,30,3,2,1,5,4,5,7,4,4,10,5,5,2,11,2,64,3,10,3,4,7,12,1,8,1,6,,44,,1,22,9,121.5453983,25.13738287
112,4,10,13,3,2,06松山區,松山區市民大道6段與松山路口,0,0,1,1,H01,8,1,5,40,4,2,1,5,4,5,7,2,1,10,4,5,2,3,1,69,3,10,4,5,8,16,8,20,1,16,,52,,1,22,9,121.5778778,25.04897625
112,4,10,13,3,2,06松山區,松山區市民大道6段與松山路口,0,0,1,2,C03,8,1,5,40,4,2,1,5,4,5,7,2,1,10,4,5,2,3,2,56,2,9,1,1,7,9,1,10,1,15,,15,,1,22,9,121.5778778,25.04897625
112,4,10,13,11,2,06松山區,松山區塔悠路與撫遠街395巷口,0,0,1,1,C03,8,1,5,30,3,1,1,5,4,5,7,4,4,1,4,5,2,17,1,67,2,9,1,1,7,6,1,10,2,11,,6,,1,22,9,121.5678319,25.06548325
112,4,10,13,11,2,06松山區,松山區塔悠路與撫遠街395巷口,0,0,1,2,C03,8,1,5,30,3,1,1,5,4,5,7,4,4,1,4,5,2,17,1,56,3,10,1,1,7,9,6,10,2,12,,44,,1,22,9,121.5678319,25.06548325
112,4,10,13,45,2,05中正區,中正區汀州路3段與師大路口,0,0,1,1,C03,8,1,5,50,5,1,1,5,4,5,7,2,1,10,4,5,1,16,2,57,2,9,1,1,7,1,1,10,1,14,,9,,1,22,9,121.5254669,25.02075783
112,4,10,13,45,2,05中正區,中正區汀州路3段與師大路口,0,0,1,2,B03,8,1,5,50,5,1,1,5,4,5,7,2,1,10,4,5,1,16,2,60,3,10,1,1,7,6,1,8,1,2,,44,,1,22,9,121.5254669,25.02075783
112,4,10,14,0,2,08士林區,士林區承德路4段6巷與承德路4段2巷口,0,0,1,1,B01,8,1,8,30,15,22,1,5,4,5,7,4,4,10,5,5,2,16,1,54,3,10,1,1,7,5,1,1,2,4,,8,,1,22,9,121.518778,25.0802168
112,4,10,14,0,2,08士林區,士林區承德路4段6巷與承德路4段2巷口,0,0,1,2,F01,8,1,8,30,15,22,1,5,4,5,7,4,4,10,5,5,2,16,1,72,2,9,1,1,7,9,8,20,2,16,,5,,1,22,9,121.518778,25.0802168
112,4,10,14,20,2,09北投區,北投區建民路151巷與明德路113巷口,0,0,2,2,C03,8,1,5,30,4,1,1,5,4,5,7,4,4,10,5,5,2,16,2,69,2,9,3,4,7,9,4,11,2,11,,44,,1,22,9,121.5192994,25.11042198
112,4,10,14,20,2,09北投區,北投區建民路151巷與明德路113巷口,0,0,2,1,C03,8,1,5,30,4,1,1,5,4,5,7,4,4,10,5,5,2,16,1,46,2,9,3,4,7,5,1,10,2,12,,2,,1,22,9,121.5192994,25.11042198
112,4,10,14,25,2,08士林區,士林區至善路1段138巷84號,0,0,2,1,C03,8,1,5,0,14,9,1,5,4,5,7,4,4,10,5,5,1,10,2,21,2,9,3,4,7,9,1,10,1,11,,43,,1,22,9,121.5555851,25.1036391
112,4,10,14,25,2,08士林區,士林區至善路1段138巷84號,0,0,2,2,C03,8,1,5,0,14,9,1,5,4,5,7,4,4,10,5,5,1,10,2,21,2,9,3,4,7,9,1,10,1,11,,43,,1,22,9,121.5555851,25.1036391
112,4,10,14,28,2,09北投區,北投區石牌路2段與石牌路2段90巷口,0,0,1,2,C03,8,1,5,30,3,1,1,5,4,5,7,4,4,5,4,5,1,16,2,35,2,9,1,1,7,5,1,10,1,13,,44,,1,22,9,121.5164347,25.1172053
112,4,10,14,28,2,09北投區,北投區石牌路2段與石牌路2段90巷口,0,0,1,1,B03,8,1,5,30,3,1,1,5,4,5,7,4,4,5,4,5,1,16,1,51,3,10,1,1,7,5,1,8,1,8,,23,,1,22,9,121.5164347,25.1172053
112,4,10,14,30,2,03中山區,中山區吉林路與吉林路393巷口,0,0,1,2,C03,8,1,5,50,4,1,1,5,4,5,7,4,4,5,4,4,2,12,1,28,2,9,1,4,7,4,1,10,2,12,,23,,1,22,9,121.5303882,25.0656663
112,4,10,14,30,2,03中山區,中山區吉林路與吉林路393巷口,0,0,1,1,B11,8,1,5,50,4,1,1,5,4,5,7,4,4,5,4,4,2,12,1,34,3,10,3,4,7,11,1,4,2,8,,10,,1,22,9,121.5303882,25.0656663
112,4,10,14,40,2,03中山區,中山區新生北路3段與民族東路口,0,0,1,3,H02,8,1,5,50,14,9,1,5,4,5,7,4,4,1,4,5,2,17,1,40,3,10,3,4,7,19,8,20,10,15,,56,,1,22,9,121.527677,25.0689871
112,4,10,14,40,2,03中山區,中山區新生北路3段與民族東路口,0,0,1,2,C03,8,1,5,50,14,9,1,5,4,5,7,4,4,1,4,5,2,17,1,34,2,9,3,4,7,9,1,9,1,14,,44,,1,22,9,121.527677,25.0689871
112,4,10,14,40,2,03中山區,中山區新生北路3段與民族東路口,0,0,1,1,B03,8,1,5,50,14,9,1,5,4,5,7,4,4,1,4,5,2,17,2,81,3,10,3,4,7,14,1,15,1,2,,40,,1,22,9,121.527677,25.0689871
112,4,10,14,50,2,06松山區,松山區南京東路5段66巷22弄與八德路4段口,0,0,1,1,B03,8,1,5,30,3,1,1,5,4,5,7,4,4,4,5,5,2,13,1,56,3,10,1,1,7,5,1,8,2,1,,23,,1,22,9,121.5594472,25.04835975
112,4,10,14,50,2,06松山區,松山區南京東路5段66巷22弄與八德路4段口,0,0,1,2,C03,8,1,5,30,3,1,1,5,4,5,7,4,4,4,5,5,2,13,1,62,2,9,1,1,7,9,1,10,2,13,,44,,1,22,9,121.5594472,25.04835975
112,4,10,15,0,2,12內湖區,內湖區民權東路6段往堤頂大道一段,0,0,2,2,B03,8,1,5,50,14,9,1,5,4,5,7,1,3,1,4,5,2,13,1,47,2,9,1,1,7,14,1,8,1,3,,44,,1,22,9,121.5725474,25.06517421
112,4,10,15,0,2,12內湖區,內湖區民權東路6段往堤頂大道一段,0,0,2,1,B12,8,1,5,50,14,9,1,5,4,5,7,1,3,1,4,5,2,13,1,45,3,10,1,1,7,9,1,8,1,1,,23,,1,22,9,121.5725474,25.06517421
112,4,10,15,0,2,12內湖區,內湖區民權東路6段往堤頂大道一段,0,0,2,3,H02,8,1,5,50,14,9,1,5,4,5,7,1,3,1,4,5,2,13,2,37,2,9,1,5,7,21,8,20,10,16,,67,,1,22,9,121.5725474,25.06517421
112,4,10,15,10,2,12內湖區,內湖區南京東路6段350號,0,0,2,2,C03,8,1,5,30,14,9,1,5,4,5,7,4,4,10,5,5,2,12,1,22,2,9,1,1,7,9,1,10,1,11,,23,,1,22,9,121.58588,25.05905695
112,4,10,15,10,2,12內湖區,內湖區南京東路6段350號,0,0,2,1,C03,8,1,5,30,14,9,1,5,4,5,7,4,4,10,5,5,2,12,2,72,2,9,1,1,7,6,1,10,1,12,,9,,1,22,9,121.58588,25.05905695
112,4,10,15,58,2,03中山區,中山區中山北路1段105巷與天津街口,0,0,1,1,C03,7,1,5,30,4,1,1,5,4,5,7,4,4,8,5,5,1,15,1,35,2,9,3,4,7,9,1,10,1,12,,6,,1,22,9,121.523191,25.05077432
112,4,10,15,58,2,03中山區,中山區中山北路1段105巷與天津街口,0,0,1,2,B02,7,1,5,30,4,1,1,5,4,5,7,4,4,8,5,5,1,15,1,59,3,10,3,4,7,9,1,8,1,1,,23,,1,22,9,121.523191,25.05077432
112,4,10,15,58,2,03中山區,中山區中山北路1段105巷與天津街口,0,0,1,3,B11,7,1,5,30,4,1,1,5,4,5,7,4,4,8,5,5,1,15,1,42,3,10,3,4,7,13,1,3,1,15,,38,,1,22,9,121.523191,25.05077432
112,4,10,16,14,2,04大安區,大安區和平東路2段與復興南路2段口,0,0,1,1,H01,8,1,5,0,4,2,1,5,4,5,7,2,1,1,4,5,2,3,1,94,2,9,4,5,8,16,8,20,10,16,,52,,1,22,9,121.5434905,25.0250434
112,4,10,16,14,2,04大安區,大安區和平東路2段與復興南路2段口,0,0,1,2,C03,8,1,5,0,4,2,1,5,4,5,7,2,1,1,4,5,2,3,1,18,3,10,3,4,7,9,1,10,1,11,,13,,1,22,9,121.5434905,25.0250434
112,4,10,17,26,2,01大同區,大同區忠孝橋往西機慢車道(台北新北轄養牌處)(燈288677前),0,0,1,2,C03,8,1,5,50,8,11,1,5,4,5,7,4,4,5,5,5,2,12,2,54,2,8,1,1,7,9,1,10,1,12,,17,,1,22,9,121.5055279,25.04951655
112,4,10,17,26,2,01大同區,大同區忠孝橋往西機慢車道(台北新北轄養牌處)(燈288677前),0,0,1,1,C03,8,1,5,50,8,11,1,5,4,5,7,4,4,5,5,5,2,12,1,21,3,10,1,1,7,9,1,10,1,14,,17,,1,22,9,121.5055279,25.04951655
112,4,10,17,30,2,12內湖區,內湖區南京東路6段386號,0,0,1,1,B03,8,1,5,30,14,9,1,5,4,5,7,4,4,1,5,5,2,17,2,42,3,10,1,1,7,1,1,8,1,2,,19,,1,22,9,121.5880525,25.0602657
112,4,10,17,30,2,12內湖區,內湖區南京東路6段386號,0,0,1,2,C03,8,1,5,30,14,9,1,5,4,5,7,4,4,1,5,5,2,17,1,58,2,9,1,1,7,9,1,10,1,14,,13,,1,22,9,121.5880525,25.0602657
112,4,10,17,45,2,06松山區,松山區塔悠路與撫遠街389巷口,0,0,1,1,C03,8,1,5,50,4,2,1,5,4,5,7,2,1,1,3,5,2,13,1,19,2,9,1,1,7,9,3,18,1,11,,23,,1,22,9,121.5678803,25.06524156
112,4,10,17,45,2,06松山區,松山區塔悠路與撫遠街389巷口,0,0,1,2,B03,8,1,5,50,4,2,1,5,4,5,7,2,1,1,3,5,2,13,1,72,3,10,1,1,7,6,1,8,1,3,,44,,1,22,9,121.5678803,25.06524156
112,4,10,18,10,2,06松山區,松山區市民高架道往西建國匝道出口牌面,0,0,1,1,C02,8,1,5,80,10,7,1,5,4,5,7,4,4,9,4,5,2,17,1,37,2,9,1,1,7,9,1,9,1,12,,23,,1,22,9,121.5456473,25.04525969
112,4,10,18,10,2,06松山區,松山區市民高架道往西建國匝道出口牌面,0,0,1,2,B03,8,1,5,80,10,7,1,5,4,5,7,4,4,9,4,5,2,17,1,42,3,10,2,1,7,8,1,8,1,8,,44,,1,22,9,121.5456473,25.04525969
112,4,10,18,14,2,09北投區,北投區立德路與立功街口,0,0,1,1,C03,7,3,5,50,4,1,1,5,4,5,7,1,1,10,5,5,1,16,2,26,2,9,1,1,7,5,1,10,1,14,,8,,1,22,9,121.4716689,25.1253484
112,4,10,18,14,2,09北投區,北投區立德路與立功街口,0,0,1,2,B03,7,3,5,50,4,1,1,5,4,5,7,1,1,10,5,5,1,16,1,52,3,10,1,1,7,9,1,8,1,2,,44,,1,22,9,121.4716689,25.1253484
112,4,10,18,30,2,06松山區,松山區敦化北路120巷78-2號,0,0,1,1,B02,8,3,5,30,14,9,1,5,4,5,7,4,4,10,5,5,2,9,1,40,3,10,1,4,7,9,1,8,1,8,,23,,1,22,9,121.5462174,25.0541896
112,4,10,18,30,2,06松山區,松山區敦化北路120巷78-2號,0,0,1,2,H01,8,3,5,30,14,9,1,5,4,5,7,4,4,10,5,5,2,9,2,47,2,8,4,5,8,20,8,20,10,16,,60,,1,22,9,121.5462174,25.0541896
112,4,10,18,45,2,03中山區,中山區松江路與長安東路2段口,0,0,1,1,C03,8,3,5,50,4,1,1,5,4,5,7,1,1,1,4,5,2,13,2,44,2,8,3,4,7,9,1,10,1,11,,16,,1,22,1,121.532861,25.0485386
112,4,10,18,45,2,03中山區,中山區松江路與長安東路2段口,0,0,1,2,B03,8,3,5,50,4,1,1,5,4,5,7,1,1,1,4,5,2,13,1,46,3,10,3,4,7,9,1,8,1,6,,44,,1,22,1,121.532861,25.0485386
112,4,10,18,50,2,05中正區,中正區中山北路1段與市民大道1段口,0,0,4,1,C03,8,3,5,50,4,1,1,5,4,5,7,1,1,5,4,5,2,17,1,61,2,8,1,1,7,9,1,10,2,11,,16,,1,22,9,121.520625,25.0480831
112,4,10,18,50,2,05中正區,中正區中山北路1段與市民大道1段口,0,0,4,2,C03,8,3,5,50,4,1,1,5,4,5,7,1,1,5,4,5,2,17,1,55,2,9,1,1,7,14,1,10,2,13,,44,,1,22,9,121.520625,25.0480831
112,4,10,18,50,2,05中正區,中正區中山北路1段與市民大道1段口,0,0,4,3,C03,8,3,5,50,4,1,1,5,4,5,7,1,1,5,4,5,2,17,1,37,2,9,1,1,7,9,1,9,2,15,,25,,1,22,9,121.520625,25.0480831
112,4,10,18,50,2,05中正區,中正區中山北路1段與市民大道1段口,0,0,4,4,H02,8,3,5,50,4,1,1,5,4,5,7,1,1,5,4,5,2,17,2,48,2,9,1,5,7,20,8,20,10,16,,67,,1,22,9,121.520625,25.0480831
112,4,10,18,54,2,10文山區,文山區木新路3段174號,0,0,3,1,C03,8,3,5,50,14,9,1,5,4,5,7,4,4,5,4,5,2,16,1,46,2,5,1,1,7,5,1,10,1,12,,8,,1,22,9,121.5607097,24.9817408
112,4,10,18,54,2,10文山區,文山區木新路3段174號,0,0,3,2,C03,8,3,5,50,14,9,1,5,4,5,7,4,4,5,4,5,2,16,1,63,2,9,1,1,7,9,1,10,1,11,,44,,1,22,9,121.5607097,24.9817408
112,4,10,18,54,2,10文山區,文山區木新路3段174號,0,0,3,3,B03,8,3,5,50,14,9,1,5,4,5,7,4,4,5,4,5,2,16,1,76,3,10,1,1,7,14,1,8,1,7,,38,,1,22,9,121.5607097,24.9817408
112,4,10,18,54,2,10文山區,文山區木新路3段174號,0,0,3,4,H02,8,3,5,50,14,9,1,5,4,5,7,4,4,5,4,5,2,16,2,60,2,9,1,1,7,20,8,20,10,16,,67,,1,22,9,121.5607097,24.9817408
112,4,10,19,0,2,05中正區,中正區重慶南路3段62號,0,0,2,2,C03,8,3,5,50,14,9,1,5,4,1,7,4,4,1,4,5,2,12,1,25,2,7,1,1,7,9,1,10,2,11,,16,,1,22,9,121.5159263,25.0267677
112,4,10,19,0,2,05中正區,中正區重慶南路3段62號,0,0,2,3,C03,8,3,5,50,14,9,1,5,4,1,7,4,4,1,4,5,2,12,2,40,2,7,1,1,7,9,1,10,2,14,,44,,1,22,9,121.5159263,25.0267677
112,4,10,19,0,2,05中正區,中正區重慶南路3段62號,0,0,2,1,B03,8,3,5,50,14,9,1,5,4,1,7,4,4,1,4,5,2,12,1,50,3,10,1,1,7,9,1,8,2,6,,44,,1,22,9,121.5159263,25.0267677
112,4,10,19,5,2,09北投區,北投區中央北路4段與學園路口,0,0,2,1,C03,8,3,5,50,3,1,1,5,4,5,7,1,1,4,4,5,2,16,1,21,2,6,1,1,7,6,1,9,1,12,,9,,1,18,9,121.4659979,25.1267181
112,4,10,19,5,2,09北投區,北投區中央北路4段與學園路口,0,0,2,2,C03,8,3,5,50,3,1,1,5,4,5,7,1,1,4,4,5,2,16,2,27,2,9,1,1,7,9,1,10,1,11,,23,,1,22,9,121.4659979,25.1267181
112,4,10,20,15,2,10文山區,文山區辛亥路6段與辛亥路6段86巷口,0,0,2,1,C03,8,3,5,50,14,9,1,5,4,5,7,3,1,3,4,5,2,17,2,49,2,8,1,1,7,7,1,10,2,12,,7,,1,22,9,121.5523561,24.98893649
112,4,10,20,15,2,10文山區,文山區辛亥路6段與辛亥路6段86巷口,0,0,2,2,C03,8,3,5,50,14,9,1,5,4,5,7,3,1,3,4,5,2,17,1,42,2,8,1,1,7,14,1,10,2,12,,44,,1,22,9,121.5523561,24.98893649
112,4,10,20,22,2,12內湖區,內湖區港墘路與內湖路1段口口,0,0,1,2,C03,8,3,5,50,3,1,1,5,4,5,7,2,1,1,4,5,2,12,1,35,2,8,1,1,7,9,1,10,1,14,,44,,1,22,9,121.5766955,25.07898614
112,4,10,20,22,2,12內湖區,內湖區港墘路與內湖路1段口口,0,0,1,1,B03,8,3,5,50,3,1,1,5,4,5,7,2,1,1,4,5,2,12,1,69,3,10,1,1,7,6,1,8,1,2,,9,,1,22,9,121.5766955,25.07898614
112,4,10,20,45,2,03中山區,中山區大直街與大直街94巷口口,0,0,1,2,C03,8,3,5,30,4,1,1,5,4,5,7,4,4,9,4,5,2,16,1,38,2,9,3,4,7,9,1,10,1,12,,44,,1,3,1,121.5476248,25.0841515
112,4,10,20,45,2,03中山區,中山區大直街與大直街94巷口口,0,0,1,1,B01,8,3,5,30,4,1,1,5,4,5,7,4,4,9,4,5,2,16,1,66,3,10,3,4,7,11,1,4,1,4,,11,,1,10,4,121.5476248,25.0841515
112,4,10,20,50,2,07信義區,信義區福德街300巷與福德街268巷26弄口口,0,0,1,2,C03,7,3,6,30,4,1,1,5,4,5,7,4,4,10,5,5,2,15,2,53,2,9,1,1,7,9,4,8,1,12,,44,,1,22,9,121.5868067,25.0400081
112,4,10,20,50,2,07信義區,信義區福德街300巷與福德街268巷26弄口口,0,0,1,1,C03,7,3,6,30,4,1,1,5,4,5,7,4,4,10,5,5,2,15,1,42,3,10,1,1,7,9,1,10,1,11,,6,,1,22,9,121.5868067,25.0400081
112,4,10,20,58,2,07信義區,信義區信安街67巷與嘉興街181巷口,0,0,3,1,C03,8,3,5,50,4,2,1,5,4,5,7,2,1,10,4,5,2,11,2,58,2,5,1,1,7,5,3,18,1,11,,8,,1,22,9,121.5575243,25.02607
112,4,10,20,58,2,07信義區,信義區信安街67巷與嘉興街181巷口,0,0,3,2,C03,8,3,5,50,4,2,1,5,4,5,7,2,1,10,4,5,2,11,1,15,2,9,1,1,7,9,2,18,1,11,,13,,1,22,9,121.5575243,25.02607
112,4,10,20,58,2,07信義區,信義區信安街67巷與嘉興街181巷口,0,0,3,3,H02,8,3,5,50,4,2,1,5,4,5,7,2,1,10,4,5,2,11,1,16,2,9,1,5,7,17,8,20,10,16,,67,,1,22,9,121.5575243,25.02607
112,4,10,22,15,2,03中山區,中山區錦西街與民生西路3巷口,0,0,1,1,C03,8,3,5,30,4,1,1,5,4,5,7,4,4,10,5,5,2,3,2,43,3,10,3,4,7,6,1,10,1,12,,15,,1,4,1,121.5218689,25.06028077
112,4,10,22,15,2,03中山區,中山區錦西街與民生西路3巷口,0,0,1,3,H01,8,3,5,30,4,1,1,5,4,5,7,4,4,10,5,5,2,3,2,68,2,9,4,5,8,20,8,20,10,16,,67,,1,22,5,121.5218689,25.06028077
112,4,10,22,15,2,03中山區,中山區錦西街與民生西路3巷口,0,0,1,2,H01,8,3,5,30,4,1,1,5,4,5,7,4,4,10,5,5,2,3,2,70,3,10,4,5,8,16,8,20,10,16,,67,,1,5,5,121.5218689,25.06028077
112,4,10,22,29,2,09北投區,北投區石牌路2段與石牌路2段97巷口,0,0,2,3,H02,8,1,5,0,3,2,1,5,4,5,7,4,4,9,5,5,1,16,2,65,2,9,4,1,7,20,8,20,10,16,,67,,1,22,9,121.5165671,25.11758664
112,4,10,22,29,2,09北投區,北投區石牌路2段與石牌路2段97巷口,0,0,2,2,C03,8,1,5,0,3,2,1,5,4,5,7,4,4,9,5,5,1,16,1,69,2,9,1,1,7,9,1,10,2,13,,44,,1,22,9,121.5165671,25.11758664
112,4,10,22,29,2,09北投區,北投區石牌路2段與石牌路2段97巷口,0,0,2,1,A02,8,1,5,0,3,2,1,5,4,5,7,4,4,9,5,5,1,16,2,37,3,10,1,1,7,9,1,2,2,8,,6,,1,22,9,121.5165671,25.11758664
112,4,10,22,33,2,03中山區,中山區南京西路5號,0,0,1,2,C03,8,3,5,40,14,11,1,5,4,5,7,4,4,1,4,1,1,12,2,37,2,8,1,1,7,9,1,10,1,14,,23,,1,22,9,121.5213318,25.0526162
112,4,10,22,33,2,03中山區,中山區南京西路5號,0,0,1,3,B03,8,3,5,40,14,11,1,5,4,5,7,4,4,1,4,1,1,12,1,25,3,10,1,1,7,9,1,8,1,2,,44,,1,22,9,121.5213318,25.0526162
112,4,10,22,33,2,03中山區,中山區南京西路5號,0,0,1,1,B01,8,3,5,40,14,11,1,5,4,5,7,4,4,1,4,1,1,12,1,26,3,10,1,1,7,9,1,4,1,6,,44,,1,22,9,121.5213318,25.0526162
112,4,10,22,33,2,03中山區,中山區南京西路5號,0,0,1,4,C03,8,3,5,40,14,11,1,5,4,5,7,4,4,1,4,1,1,12,2,26,3,10,1,1,7,9,1,10,1,14,,23,,1,22,9,121.5213318,25.0526162