發生年度,發生月,發生日,發生時-Hours,發生分,處理別-編號,區序,肇事地點,死亡人數,2-30日死亡人數,受傷人數,當事人序號,車種,天候,光線,道路類別,速限-速度限制,道路型態,事故位置,路面狀況1,路面狀況2,路面狀況3,道路障礙1,道路障礙2,號誌1,號誌2,車道劃分-分向,車道劃分-分道1,車道劃分-分道2,車道劃分-分道3,事故類型及型態,性別,年齡,受傷程度,主要傷處,保護裝置,行動電話,車輛用途,當事者行動狀態,駕駛資格情形,駕駛執照種類,飲酒情形,車輛撞擊部位1,車輛撞擊部位2,肇因碼-個別,肇因碼-主要,個人肇逃否,職業,旅次目的,座標-X,座標-Y
112,4,12,0,5,2,07信義區,信義區莊敬路423巷8弄與松仁路口,0,0,1,1,C03,8,1,5,50,4,2,1,5,4,5,7,2,1,9,4,5,2,17,1,44,2,8,1,1,7,5,1,10,1,13,,8,,1,22,9,121.5683529,25.0284253
112,4,12,0,6,2,10文山區,文山區興隆路3段53號,0,0,2,1,F06,8,3,5,50,15,18,1,5,4,5,7,2,1,1,4,5,2,3,1,47,2,9,4,1,7,9,8,20,9,16,,25,,1,22,9,121.5559952,25.0002935
112,4,12,0,6,2,10文山區,文山區興隆路3段53號,0,0,2,2,H01,8,3,5,50,15,18,1,5,4,5,7,2,1,1,4,5,2,3,1,70,2,9,4,5,8,16,8,20,10,16,,67,,1,22,9,121.5559952,25.0002935
112,4,12,0,59,2,01大同區,大同區南京西路85號,0,0,1,1,B01,8,3,5,50,14,9,1,5,4,5,7,4,4,1,4,5,2,13,1,52,3,10,1,1,7,9,1,4,1,1,,23,,1,22,9,121.5186556,25.05310393
112,4,12,0,59,2,01大同區,大同區南京西路85號,0,0,1,2,B03,8,3,5,50,14,9,1,5,4,5,7,4,4,1,4,5,2,13,1,31,2,2,1,1,7,9,1,8,1,3,,44,,1,22,9,121.5186556,25.05310393
112,4,12,2,5,2,07信義區,信義區松仁路2號,0,0,1,2,C03,8,1,5,50,14,9,1,5,4,5,7,4,4,9,4,5,2,17,1,32,2,9,1,1,7,9,6,18,1,11,,43,,1,22,9,121.5683323,25.0401518
112,4,12,2,5,2,07信義區,信義區松仁路2號,0,0,1,1,B03,8,1,5,50,14,9,1,5,4,5,7,4,4,9,4,5,2,17,1,43,3,10,1,1,7,6,1,8,1,2,,43,,1,22,9,121.5683323,25.0401518
112,4,12,6,30,2,04大安區,大安區辛亥隧道內(西往東),0,0,1,2,,8,1,5,50,6,9,1,5,4,5,7,4,4,1,1,5,1,20,3,0,,,,,,,,,,,,67,,1,,,121.5541595,25.012856
112,4,12,6,30,2,04大安區,大安區辛亥隧道內(西往東),0,0,1,1,C03,8,1,5,50,6,9,1,5,4,5,7,4,4,1,1,5,1,20,1,52,2,9,1,1,7,9,1,10,1,12,,42,,1,22,9,121.5541595,25.012856
112,4,12,6,53,2,12內湖區,內湖區成美橋南向北,0,0,1,3,,7,2,5,50,8,9,1,5,4,5,7,4,4,5,4,5,2,17,3,0,,,,,,,,,,,,61,,1,,,121.5827865,25.05360293
112,4,12,6,53,2,12內湖區,內湖區成美橋南向北,0,0,1,2,C03,7,2,5,50,8,9,1,5,4,5,7,4,4,5,4,5,2,17,1,36,2,1,1,1,7,9,1,10,11,15,,43,,1,22,9,121.5827865,25.05360293
112,4,12,6,53,2,12內湖區,內湖區成美橋南向北,0,0,1,1,,7,2,5,50,8,9,1,5,4,5,7,4,4,5,4,5,2,17,4,0,4,11,3,4,7,15,7,19,11,15,,43,,2,22,9,121.5827865,25.05360293
112,4,12,7,12,2,12內湖區,內湖區康寧路3段與康寧路3段222巷口,0,0,1,2,B03,8,1,5,30,4,1,1,5,4,5,7,1,1,10,5,5,1,12,2,37,3,10,1,1,7,9,1,8,1,2,,44,,1,22,9,121.6109691,25.0657788
112,4,12,7,12,2,12內湖區,內湖區康寧路3段與康寧路3段222巷口,0,0,1,1,C03,8,1,5,30,4,1,1,5,4,5,7,1,1,10,5,5,1,12,1,49,2,9,1,1,7,5,1,10,1,14,,8,,1,22,9,121.6109691,25.0657788
112,4,12,7,43,2,08士林區,士林區中正路與中正路349巷口,0,0,1,3,B03,8,1,5,50,3,1,1,5,4,5,7,4,4,1,4,5,2,12,1,57,3,10,3,4,7,9,1,8,2,4,,42,,1,22,9,121.5222209,25.09442555
112,4,12,7,43,2,08士林區,士林區中正路與中正路349巷口,0,0,1,1,C03,8,1,5,50,3,1,1,5,4,5,7,4,4,1,4,5,2,12,1,72,2,9,1,1,7,7,1,10,2,14,,7,,1,22,9,121.5222209,25.09442555
112,4,12,7,43,2,08士林區,士林區中正路與中正路349巷口,0,0,1,2,A11,8,1,5,50,3,1,1,5,4,5,7,4,4,1,4,5,2,12,1,38,3,10,3,4,7,9,1,3,2,6,,42,,1,22,9,121.5222209,25.09442555
112,4,12,7,50,2,02萬華區,萬華區青年路188號與水源路口上,0,0,2,1,C03,8,1,5,50,14,9,1,5,4,5,7,4,4,3,5,5,1,12,1,41,2,9,3,4,7,9,1,10,2,14,,23,,1,22,9,121.5040746,25.01985089
112,4,12,7,50,2,02萬華區,萬華區青年路188號與水源路口上,0,0,2,2,F01,8,1,5,50,14,9,1,5,4,5,7,4,4,3,5,5,1,12,1,67,2,9,3,4,7,9,8,20,2,16,,42,,1,22,9,121.5040746,25.01985089
112,4,12,7,50,2,04大安區,大安區市民大道4段與敦化南路1段161巷5弄口口,0,0,1,2,C03,8,1,5,40,3,1,1,5,4,5,7,4,4,1,4,5,2,17,1,25,2,9,3,4,7,9,1,10,1,11,,44,,1,22,9,121.5496368,25.0446383
112,4,12,7,50,2,04大安區,大安區市民大道4段與敦化南路1段161巷5弄口口,0,0,1,1,B03,8,1,5,40,3,1,1,5,4,5,7,4,4,1,4,5,2,17,2,57,3,10,3,4,7,6,1,8,1,6,,9,,1,22,9,121.5496368,25.0446383
112,4,12,8,9,2,05中正區,中正區重慶南路1段與貴陽街1段口,0,0,1,1,B03,8,1,5,50,4,2,1,5,4,5,7,1,1,10,5,5,2,12,2,33,3,10,1,1,7,7,1,8,2,4,,7,,1,22,9,121.5128377,25.03871991
112,4,12,8,9,2,05中正區,中正區重慶南路1段與貴陽街1段口,0,0,1,2,C03,8,1,5,50,4,2,1,5,4,5,7,1,1,10,5,5,2,12,2,18,2,9,1,1,7,9,1,10,2,12,,44,,1,22,9,121.5128377,25.03871991
112,4,12,8,30,2,06松山區,松山區民生東路4段80巷與民生東路4段80巷1弄口,0,0,3,2,C04,8,1,5,30,4,1,1,5,4,5,7,4,4,9,4,5,2,15,2,36,2,9,1,1,7,9,1,10,1,12,,32,,1,22,9,121.5529924,25.05761795
112,4,12,8,30,2,06松山區,松山區民生東路4段80巷與民生東路4段80巷1弄口,0,0,3,4,H02,8,1,5,30,4,1,1,5,4,5,7,4,4,9,4,5,2,15,2,4,2,9,1,5,7,21,8,20,10,16,,67,,1,22,9,121.5529924,25.05761795
112,4,12,8,30,2,06松山區,松山區民生東路4段80巷與民生東路4段80巷1弄口,0,0,3,3,B12,8,1,5,30,4,1,1,5,4,5,7,4,4,9,4,5,2,15,1,61,3,10,1,1,7,13,1,7,1,15,,42,,1,22,9,121.5529924,25.05761795
112,4,12,8,30,2,06松山區,松山區民生東路4段80巷與民生東路4段80巷1弄口,0,0,3,1,C03,8,1,5,30,4,1,1,5,4,5,7,4,4,9,4,5,2,15,1,30,2,7,1,1,7,9,1,10,1,11,,6,,1,22,9,121.5529924,25.05761795
112,4,12,8,30,2,12內湖區,內湖區五分街72巷與安康路414巷口,0,0,2,2,C03,8,1,5,40,3,1,1,5,4,5,7,4,4,4,4,5,1,16,1,52,2,9,3,4,7,5,1,10,1,14,,6,,1,22,9,121.6163409,25.06621394
112,4,12,8,30,2,12內湖區,內湖區五分街72巷與安康路414巷口,0,0,2,1,C03,8,1,5,40,3,1,1,5,4,5,7,4,4,4,4,5,1,16,1,52,2,9,3,4,7,9,1,10,1,11,,23,,1,22,9,121.6163409,25.06621394
112,4,12,8,39,2,12內湖區,內湖區行愛路與新湖二路口,0,0,1,2,C03,8,1,5,50,4,1,1,5,4,5,7,1,1,4,3,4,2,11,1,20,2,9,1,1,7,9,1,10,2,11,,13,,1,22,9,121.5806755,25.06333953
112,4,12,8,39,2,12內湖區,內湖區行愛路與新湖二路口,0,0,1,1,B03,8,1,5,50,4,1,1,5,4,5,7,1,1,4,3,4,2,11,1,36,3,10,1,1,7,14,1,8,2,5,,6,,1,22,9,121.5806755,25.06333953
112,4,12,8,50,2,07信義區,信義區信義路3段147巷與信義路3段口,0,0,1,1,A02,8,1,5,40,14,10,1,5,4,5,7,4,4,5,4,5,1,9,1,61,3,10,1,1,7,9,1,2,9,15,,43,,1,22,9,121.5423344,25.0334184
112,4,12,8,50,2,07信義區,信義區信義路3段147巷與信義路3段口,0,0,1,2,H02,8,1,5,40,14,10,1,5,4,5,7,4,4,5,4,5,1,9,2,25,2,9,2,5,7,20,8,20,9,16,,43,,1,22,9,121.5423344,25.0334184
112,4,12,8,56,2,08士林區,士林區通河街與通河街1巷口,0,0,1,1,C02,8,1,5,30,4,1,1,5,4,5,7,3,1,10,5,5,1,17,1,35,2,2,1,1,7,5,1,9,1,14,,44,,1,22,9,121.5237445,25.07988728
112,4,12,8,56,2,08士林區,士林區通河街與通河街1巷口,0,0,1,2,B03,8,1,5,30,4,1,1,5,4,5,7,3,1,10,5,5,1,17,1,45,3,10,1,1,7,5,1,8,1,5,,23,,1,22,9,121.5237445,25.07988728
112,4,12,9,0,2,04大安區,大安區忠孝東路3段220號對面,0,0,2,3,B01,8,1,5,50,14,9,1,5,4,5,7,4,4,1,4,5,2,17,1,60,3,10,3,4,7,8,1,4,1,6,,42,,1,22,9,121.540518,25.0417617
112,4,12,9,0,2,04大安區,大安區忠孝東路3段220號對面,0,0,2,2,C03,8,1,5,50,14,9,1,5,4,5,7,4,4,1,4,5,2,17,2,31,2,9,3,4,7,9,1,10,1,13,,27,,1,22,9,121.540518,25.0417617
112,4,12,9,0,2,04大安區,大安區忠孝東路3段220號對面,0,0,2,1,C03,8,1,5,50,14,9,1,5,4,5,7,4,4,1,4,5,2,17,1,19,2,9,3,4,7,8,1,10,1,11,,23,,1,22,9,121.540518,25.0417617
112,4,12,9,1,2,11南港區,南港區研究院路1段與富康街口,0,0,1,1,B03,8,1,5,50,4,1,1,5,4,5,7,1,1,1,4,5,2,16,1,63,3,10,1,1,7,5,1,8,2,2,,6,,1,22,9,121.6164759,25.05428007
112,4,12,9,1,2,11南港區,南港區研究院路1段與富康街口,0,0,1,2,C02,8,1,5,50,4,1,1,5,4,5,7,1,1,1,4,5,2,16,1,26,2,9,1,1,7,9,1,10,2,11,,13,,1,22,9,121.6164759,25.05428007
112,4,12,9,12,2,05中正區,中正區林森南路與青島東路口,0,0,1,2,C03,8,1,5,50,4,1,1,5,4,5,7,2,1,9,4,5,2,15,1,19,2,7,1,1,7,9,1,10,9,14,,44,,1,18,2,121.5229318,25.0436025
112,4,12,9,12,2,05中正區,中正區林森南路與青島東路口,0,0,1,1,C04,8,1,5,50,4,1,1,5,4,5,7,2,1,9,4,5,2,15,2,85,4,11,3,4,7,15,7,19,11,15,,25,,2,22,9,121.5229318,25.0436025
112,4,12,9,30,2,04大安區,大安區羅斯福路3段與無名巷口,0,0,3,3,C03,8,1,5,50,3,1,1,5,4,5,7,4,4,1,4,5,2,13,1,19,2,9,1,1,7,12,1,10,1,13,11,43,,1,22,9,121.5274646,25.0214735
112,4,12,9,30,2,04大安區,大安區羅斯福路3段與無名巷口,0,0,3,2,C03,8,1,5,50,3,1,1,5,4,5,7,4,4,1,4,5,2,13,1,36,2,9,1,1,7,12,1,10,1,11,13,43,,1,22,9,121.5274646,25.0214735
112,4,12,9,30,2,04大安區,大安區羅斯福路3段與無名巷口,0,0,3,1,C03,8,1,5,50,3,1,1,5,4,5,7,4,4,1,4,5,2,13,4,0,4,11,3,4,7,15,7,19,11,15,,43,,2,22,9,121.5274646,25.0214735
112,4,12,9,30,2,04大安區,大安區羅斯福路3段與無名巷口,0,0,3,5,H02,8,1,5,50,3,1,1,5,4,5,7,4,4,1,4,5,2,13,2,37,2,8,1,5,7,20,8,20,10,16,,67,,1,22,9,121.5274646,25.0214735
112,4,12,9,30,2,04大安區,大安區羅斯福路3段與無名巷口,0,0,3,4,C03,8,1,5,50,3,1,1,5,4,5,7,4,4,1,4,5,2,13,1,23,3,10,1,1,7,12,1,10,1,13,,44,,1,22,9,121.5274646,25.0214735
112,4,12,9,57,2,12內湖區,內湖區陽光街242號旁,0,0,1,2,C03,8,1,5,50,14,9,1,5,4,5,7,4,4,5,5,5,2,16,1,34,2,8,1,1,7,9,1,10,1,11,,44,,1,22,9,121.5782159,25.07341772
112,4,12,9,57,2,12內湖區,內湖區陽光街242號旁,0,0,1,1,B03,8,1,5,50,14,9,1,5,4,5,7,4,4,5,5,5,2,16,2,44,3,10,1,1,7,5,1,8,1,6,,26,,1,22,9,121.5782159,25.07341772
112,4,12,9,57,2,07信義區,信義區基隆路2段48號,0,0,1,1,C02,8,1,5,50,14,9,1,5,4,5,7,4,4,1,4,5,2,17,1,20,2,9,3,4,7,9,1,9,1,11,,23,,1,22,9,121.5587965,25.0318808
112,4,12,9,57,2,07信義區,信義區基隆路2段48號,0,0,1,2,A02,8,1,5,50,14,9,1,5,4,5,7,4,4,1,4,5,2,17,1,43,3,10,3,4,7,14,1,2,1,4,,38,,1,22,9,121.5587965,25.0318808
112,4,12,9,57,2,07信義區,信義區基隆路2段48號,0,0,1,3,A11,8,1,5,50,14,9,1,5,4,5,7,4,4,1,4,5,2,17,1,28,3,10,3,4,7,9,1,3,1,2,,44,,1,22,9,121.5587965,25.0318808
112,4,12,10,0,2,07信義區,信義區市府路與松高路口,0,0,1,2,C03,8,1,5,50,4,1,1,5,4,5,7,2,1,10,4,5,2,17,1,35,2,9,1,1,7,9,1,10,1,14,,23,,1,22,9,121.563465,25.0392379
112,4,12,10,0,2,07信義區,信義區市府路與松高路口,0,0,1,1,B03,8,1,5,50,4,1,1,5,4,5,7,2,1,10,4,5,2,17,1,27,3,10,1,1,7,6,1,8,1,5,,9,,1,22,9,121.563465,25.0392379
112,4,12,10,20,2,03中山區,中山區南京東路3段109巷與龍江路106巷口,0,0,1,3,B11,8,1,5,30,4,1,1,5,4,5,5,4,4,10,5,5,2,15,1,49,3,10,1,1,7,13,1,3,11,15,,42,,1,22,9,121.539853,25.052846
112,4,12,10,20,2,03中山區,中山區南京東路3段109巷與龍江路106巷口,0,0,1,2,C03,8,1,5,30,4,1,1,5,4,5,5,4,4,10,5,5,2,15,1,54,2,8,1,1,7,9,1,10,1,11,,44,,1,22,9,121.539853,25.052846
112,4,12,10,20,2,03中山區,中山區南京東路3段109巷與龍江路106巷口,0,0,1,1,B12,8,1,5,30,4,1,1,5,4,5,5,4,4,10,5,5,2,15,1,58,3,10,1,1,7,9,1,8,1,7,,6,,1,22,9,121.539853,25.052846
112,4,12,10,25,2,08士林區,士林區延平北路8段2巷150號,0,0,1,1,A11,8,1,5,30,14,9,1,5,4,5,7,4,4,10,5,5,2,17,1,60,4,11,3,4,7,15,7,19,11,15,,23,,2,22,9,121.4865051,25.1089251
112,4,12,10,25,2,08士林區,士林區延平北路8段2巷150號,0,0,1,2,F01,8,1,5,30,14,9,1,5,4,5,7,4,4,10,5,5,2,17,2,72,2,7,1,1,7,15,8,20,11,16,,44,,1,22,9,121.4865051,25.1089251
112,4,12,10,43,2,05中正區,中正區和平西路1段與牯嶺街口口,0,0,3,1,G03,8,1,5,50,4,1,1,5,4,5,7,1,1,1,4,5,1,17,1,49,3,10,1,1,7,9,1,5,9,10,,50,,1,22,9,121.5190257,25.02649329
112,4,12,10,43,2,05中正區,中正區和平西路1段與牯嶺街口口,0,0,3,2,C03,8,1,5,50,4,1,1,5,4,5,7,1,1,1,4,5,1,17,1,26,2,9,1,1,7,9,1,10,1,14,,44,,1,22,9,121.5190257,25.02649329
112,4,12,10,43,2,05中正區,中正區和平西路1段與牯嶺街口口,0,0,3,3,C03,8,1,5,50,4,1,1,5,4,5,7,1,1,1,4,5,1,17,1,76,2,9,1,1,7,9,1,10,1,14,,44,,1,22,9,121.5190257,25.02649329
112,4,12,10,43,2,05中正區,中正區和平西路1段與牯嶺街口口,0,0,3,4,C03,8,1,5,50,4,1,1,5,4,5,7,1,1,1,4,5,1,17,2,27,2,9,1,1,7,9,1,10,1,14,,44,,1,22,9,121.5190257,25.02649329
112,4,12,11,39,2,02萬華區,萬華區青年路58號（中正新城）,0,0,1,2,C03,8,1,5,30,14,9,1,5,4,5,7,3,1,5,2,5,2,16,1,28,2,9,1,4,7,9,1,10,1,12,,44,,1,22,9,121.5030768,25.02460546
112,4,12,11,39,2,02萬華區,萬華區青年路58號（中正新城）,0,0,1,1,B01,8,1,5,30,14,9,1,5,4,5,7,3,1,5,2,5,2,16,1,47,3,10,1,4,7,1,1,4,1,8,,19,,1,22,9,121.5030768,25.02460546
112,4,12,11,56,2,01大同區,大同區延平北路1段與延平北路1段66巷口,0,0,1,2,F01,8,1,5,30,3,1,1,5,4,5,7,4,4,10,5,5,2,15,2,61,2,8,3,4,7,1,8,20,1,16,,19,,1,22,9,121.5119165,25.05156866
112,4,12,11,56,2,01大同區,大同區延平北路1段與延平北路1段66巷口,0,0,1,1,C03,8,1,5,30,3,1,1,5,4,5,7,4,4,10,5,5,2,15,2,67,3,10,1,1,7,9,1,10,1,15,,44,,1,22,9,121.5119165,25.05156866
112,4,12,12,0,2,03中山區,中山區中山北路2段44巷與南京西路23巷口,0,0,1,2,H01,8,1,5,30,3,1,1,5,4,5,7,4,4,10,5,5,2,2,2,60,2,9,3,5,8,16,8,20,10,16,,53,,1,22,9,121.5206864,25.0551681
112,4,12,12,0,2,03中山區,中山區中山北路2段44巷與南京西路23巷口,0,0,1,1,B01,8,1,5,30,3,1,1,5,4,5,7,4,4,10,5,5,2,2,2,48,3,10,3,4,7,9,1,4,1,5,,23,,1,22,9,121.5206864,25.0551681
112,4,12,12,1,2,11南港區,南港區三重路與園區街口,0,0,1,2,B03,8,1,5,30,14,9,1,5,4,5,7,4,4,4,1,5,2,13,1,46,3,10,3,4,7,1,1,8,1,3,,19,,1,22,9,121.6140107,25.0590578
112,4,12,12,1,2,11南港區,南港區三重路與園區街口,0,0,1,1,C03,8,1,5,30,14,9,1,5,4,5,7,4,4,4,1,5,2,13,1,61,2,8,1,1,7,9,1,10,1,11,,23,,1,22,9,121.6140107,25.0590578
112,4,12,12,9,2,07信義區,信義區光復南路271號,0,0,1,2,B03,8,1,5,50,14,9,1,5,4,5,7,4,4,1,4,5,2,13,1,53,3,10,1,1,7,9,1,8,1,7,,43,,1,22,9,121.5577007,25.040851
112,4,12,12,9,2,07信義區,信義區光復南路271號,0,0,1,1,C03,8,1,5,50,14,9,1,5,4,5,7,4,4,1,4,5,2,13,1,20,2,8,1,1,7,7,1,10,1,11,,43,,1,22,9,121.5577007,25.040851
112,4,12,12,16,2,09北投區,北投區石牌路1段與西安街1段口,0,0,1,1,C03,8,1,5,50,4,1,1,5,4,5,7,2,1,9,4,5,2,16,1,58,2,9,1,1,7,5,1,10,1,14,,8,,1,22,9,121.5149011,25.1150418
112,4,12,12,16,2,09北投區,北投區石牌路1段與西安街1段口,0,0,1,2,B12,8,1,5,50,4,1,1,5,4,5,7,2,1,9,4,5,2,16,1,47,3,10,1,1,7,1,1,8,1,1,,44,,1,22,9,121.5149011,25.1150418
112,4,12,12,27,2,10文山區,文山區木柵路1段與和興路口,0,0,1,1,B03,8,1,5,50,4,1,1,5,4,5,7,1,1,5,4,5,2,16,2,72,3,10,1,1,7,5,1,8,1,8,,26,,1,22,9,121.5459542,24.98675742
112,4,12,12,27,2,10文山區,文山區木柵路1段與和興路口,0,0,1,2,C03,8,1,5,50,4,1,1,5,4,5,7,1,1,5,4,5,2,16,1,59,2,9,1,1,7,9,1,10,1,11,,23,,1,22,9,121.5459542,24.98675742
112,4,12,12,32,2,09北投區,北投區新民路1號,0,0,1,3,A12,8,1,5,30,12,9,1,5,4,3,7,4,4,9,4,5,2,11,1,62,3,10,1,1,7,14,1,3,2,15,,38,,1,22,9,121.5063355,25.13889436
112,4,12,12,32,2,09北投區,北投區新民路1號,0,0,1,2,B12,8,1,5,30,12,9,1,5,4,3,7,4,4,9,4,5,2,11,1,43,3,10,1,1,7,9,1,8,2,8,,44,,1,22,9,121.5063355,25.13889436
112,4,12,12,32,2,09北投區,北投區新民路1號,0,0,1,1,C03,8,1,5,30,12,9,1,5,4,3,7,4,4,9,4,5,2,11,1,19,2,9,1,1,7,4,1,10,2,11,,4,,1,22,9,121.5063355,25.13889436
112,4,12,12,34,2,06松山區,松山區塔悠路與延壽街口,0,0,1,2,H02,8,1,8,40,15,22,1,5,4,5,7,2,1,1,4,4,2,9,2,70,2,8,4,1,7,19,8,20,10,16,,67,,1,22,9,121.5694499,25.0575296
112,4,12,12,34,2,06松山區,松山區塔悠路與延壽街口,0,0,1,1,A04,8,1,8,40,15,22,1,5,4,5,7,2,1,1,4,4,2,9,1,55,3,10,1,1,7,14,1,2,1,5,,42,,1,22,9,121.5694499,25.0575296
112,4,12,12,47,2,01大同區,大同區環河北路2段與酒泉街口,0,0,1,1,A41,8,1,5,50,3,2,1,5,4,5,7,2,1,1,4,5,2,13,1,63,3,10,3,4,7,9,1,1,1,1,,16,,1,22,9,121.509181,25.0721035
112,4,12,12,47,2,01大同區,大同區環河北路2段與酒泉街口,0,0,1,2,B03,8,1,5,50,3,2,1,5,4,5,7,2,1,1,4,5,2,13,1,62,2,1,3,4,7,14,1,8,1,3,,42,,1,22,9,121.509181,25.0721035
112,4,12,12,54,2,11南港區,南港區市民大道7段與玉成街口,0,0,1,2,B03,8,1,5,50,4,1,1,5,4,5,7,1,1,1,3,5,1,13,1,58,3,10,3,4,7,7,1,14,2,3,,27,,1,22,9,121.5813564,25.0490635
112,4,12,12,54,2,11南港區,南港區市民大道7段與玉成街口,0,0,1,1,C03,8,1,5,50,4,1,1,5,4,5,7,1,1,1,3,5,1,13,1,17,2,4,3,4,7,9,2,18,2,11,,42,,1,22,9,121.5813564,25.0490635
112,4,12,13,5,2,05中正區,中正區重慶南路1段與貴陽街1段口,0,0,2,2,C03,8,1,5,50,4,1,1,5,4,5,7,1,1,10,5,5,2,13,1,27,2,9,1,1,7,12,1,10,1,14,,44,,1,22,9,121.5128242,25.03879126
112,4,12,13,5,2,05中正區,中正區重慶南路1段與貴陽街1段口,0,0,2,1,C03,8,1,5,50,4,1,1,5,4,5,7,1,1,10,5,5,2,13,1,23,2,9,1,1,7,9,1,10,1,12,,23,,1,22,9,121.5128242,25.03879126
112,4,12,14,0,2,04大安區,大安區辛亥路2段與建國南路2段口,0,0,1,1,B02,8,1,5,50,5,2,1,5,4,5,7,4,4,1,3,5,2,12,1,33,3,10,3,4,7,8,1,8,2,2,,7,,1,22,9,121.5369107,25.0222977
112,4,12,14,0,2,04大安區,大安區辛亥路2段與建國南路2段口,0,0,1,2,C03,8,1,5,50,5,2,1,5,4,5,7,4,4,1,3,5,2,12,1,47,2,9,1,4,7,7,1,10,2,14,,44,,1,22,9,121.5369107,25.0222977
112,4,12,14,29,2,05中正區,中正區羅斯福路1段與南海路口,0,0,1,1,C03,8,1,5,50,5,1,1,5,4,5,7,1,1,1,4,4,2,12,1,33,3,10,3,4,7,5,1,10,2,13,,6,,1,22,9,121.5176428,25.0324329
112,4,12,14,29,2,05中正區,中正區羅斯福路1段與南海路口,0,0,1,2,C03,8,1,5,50,5,1,1,5,4,5,7,1,1,1,4,4,2,12,2,24,2,9,3,4,7,9,1,10,2,11,,44,,1,22,9,121.5176428,25.0324329
112,4,12,14,30,2,03中山區,中山區松江路406號,0,0,1,1,C03,8,1,5,50,14,9,1,5,4,5,7,4,4,1,4,5,2,17,1,44,3,10,1,4,7,9,1,10,1,15,,30,,1,22,9,121.533155,25.0643132
112,4,12,14,30,2,03中山區,中山區松江路406號,0,0,1,2,C03,8,1,5,50,14,9,1,5,4,5,7,4,4,1,4,5,2,17,2,33,2,9,1,4,7,9,1,10,1,14,,44,,1,22,9,121.533155,25.0643132
112,4,12,14,47,2,03中山區,中山區伊通街與松江路63巷口,0,0,2,2,C03,8,1,5,30,3,1,1,5,4,5,7,4,4,8,3,5,1,16,2,41,2,9,1,1,7,9,1,10,1,11,,44,,1,22,9,121.5347601,25.0489367
112,4,12,14,47,2,03中山區,中山區伊通街與松江路63巷口,0,0,2,1,C03,8,1,5,30,3,1,1,5,4,5,7,4,4,8,3,5,1,16,2,39,2,9,1,1,7,9,1,10,1,13,,6,,1,22,9,121.5347601,25.0489367
112,4,12,14,55,2,12內湖區,內湖區瑞光路337號,0,0,1,1,B11,6,1,5,50,14,9,1,4,4,5,7,4,4,5,3,5,2,16,1,50,3,10,1,1,7,1,1,4,2,5,,19,,1,22,9,121.5753704,25.07834917
112,4,12,14,55,2,12內湖區,內湖區瑞光路337號,0,0,1,2,C03,6,1,5,50,14,9,1,4,4,5,7,4,4,5,3,5,2,16,1,24,2,9,1,1,7,9,1,10,2,11,,44,,1,22,9,121.5753704,25.07834917
112,4,12,14,56,2,05中正區,中正區臨沂街6巷與金山南路1段口,0,0,1,2,C03,7,1,5,50,4,1,1,5,4,5,7,4,4,8,3,5,2,15,1,34,2,9,1,1,7,9,1,10,2,11,,14,,1,22,9,121.5298327,25.04260713
112,4,12,14,56,2,05中正區,中正區臨沂街6巷與金山南路1段口,0,0,1,1,B03,7,1,5,50,4,1,1,5,4,5,7,4,4,8,3,5,2,15,1,30,3,10,1,1,7,9,1,8,2,2,,6,,1,22,9,121.5298327,25.04260713
112,4,12,15,18,2,12內湖區,內湖區民權東路6段19巷27號前,0,0,1,3,B12,6,1,5,50,14,9,1,4,4,5,7,4,4,9,5,5,2,16,1,42,3,10,1,1,7,13,1,8,2,15,,38,,1,22,9,121.5784868,25.06915276
112,4,12,15,18,2,12內湖區,內湖區民權東路6段19巷27號前,0,0,1,1,C03,6,1,5,50,14,9,1,4,4,5,7,4,4,9,5,5,2,16,2,27,2,9,1,1,7,1,1,10,2,14,,19,,1,22,9,121.5784868,25.06915276
112,4,12,15,18,2,12內湖區,內湖區民權東路6段19巷27號前,0,0,1,2,B03,6,1,5,50,14,9,1,4,4,5,7,4,4,9,5,5,2,16,1,54,3,10,1,1,7,9,1,8,2,8,,44,,1,22,9,121.5784868,25.06915276
112,4,12,15,24,2,02萬華區,萬華區西園路2段320巷36弄13號,0,0,1,1,B03,8,1,5,30,14,9,1,5,4,5,7,4,4,10,5,5,1,17,2,38,3,10,1,1,7,1,1,8,1,1,,19,,1,22,9,121.4921013,25.02636736
112,4,12,15,24,2,02萬華區,萬華區西園路2段320巷36弄13號,0,0,1,2,C03,8,1,5,30,14,9,1,5,4,5,7,4,4,10,5,5,1,17,2,34,2,9,1,1,7,9,1,10,1,12,,44,,1,22,9,121.4921013,25.02636736
112,4,12,15,24,2,03中山區,中山區長安東路1段56巷口側附近,0,0,1,2,C03,8,1,5,30,14,9,1,5,4,5,7,4,4,4,3,5,1,17,1,21,2,8,1,1,7,9,1,10,1,14,,44,,1,22,9,121.5290524,25.0481128
112,4,12,15,24,2,03中山區,中山區長安東路1段56巷口側附近,0,0,1,1,C03,8,1,5,30,14,9,1,5,4,5,7,4,4,4,3,5,1,17,2,63,3,10,1,1,7,15,3,18,9,15,,6,,1,22,9,121.5290524,25.0481128
112,4,12,15,32,2,07信義區,信義區松智路與松高路口,0,0,2,3,H02,7,1,5,50,3,2,1,5,4,5,7,2,1,4,3,5,1,17,2,20,2,9,1,5,7,20,8,20,10,16,,67,,1,22,9,121.5654792,25.0389893
112,4,12,15,32,2,07信義區,信義區松智路與松高路口,0,0,2,1,B03,7,1,5,50,3,2,1,5,4,5,7,2,1,4,3,5,1,17,1,51,3,10,3,4,7,6,1,8,2,8,,6,,1,22,9,121.5654792,25.0389893