發生年度,發生月,發生日,發生時-Hours,發生分,處理別-編號,區序,肇事地點,死亡人數,2-30日死亡人數,受傷人數,當事人序號,車種,天候,光線,道路類別,速限-速度限制,道路型態,事故位置,路面狀況1,路面狀況2,路面狀況3,道路障礙1,道路障礙2,號誌1,號誌2,車道劃分-分向,車道劃分-分道1,車道劃分-分道2,車道劃分-分道3,事故類型及型態,性別,年齡,受傷程度,主要傷處,保護裝置,行動電話,車輛用途,當事者行動狀態,駕駛資格情形,駕駛執照種類,飲酒情形,車輛撞擊部位1,車輛撞擊部位2,肇因碼-個別,肇因碼-主要,個人肇逃否,職業,旅次目的,座標-X,座標-Y
112,4,12,15,32,2,07信義區,信義區松智路與松高路口,0,0,2,2,C03,7,1,5,50,3,2,1,5,4,5,7,2,1,4,3,5,1,17,2,19,2,9,1,1,7,9,1,10,2,12,,44,,1,22,9,121.5654792,25.0389893
112,4,12,15,52,2,02萬華區,萬華區西園路2段與東園街口口,0,0,2,2,C03,8,1,5,50,5,1,1,5,4,5,7,1,1,10,5,5,2,17,1,59,2,9,3,4,7,9,1,10,2,11,,42,,1,22,9,121.495202,25.0282229
112,4,12,15,52,2,02萬華區,萬華區西園路2段與東園街口口,0,0,2,1,C03,8,1,5,50,5,1,1,5,4,5,7,1,1,10,5,5,2,17,2,64,2,9,3,4,7,15,1,10,2,14,,42,,1,22,9,121.495202,25.0282229
112,4,12,16,0,2,12內湖區,內湖區內湖路1段101號,0,0,1,1,C03,6,1,5,50,14,9,1,4,4,5,7,4,4,1,4,5,2,12,2,18,2,9,1,1,7,7,1,10,9,14,,7,,1,22,9,121.5615662,25.0842932
112,4,12,16,0,2,12內湖區,內湖區內湖路1段101號,0,0,1,2,A12,6,1,5,50,14,9,1,4,4,5,7,4,4,1,4,5,2,12,1,54,3,10,1,1,7,9,1,5,1,15,,44,,1,22,9,121.5615662,25.0842932
112,4,12,16,5,2,02萬華區,萬華區萬大路424巷與武成街169巷口,0,0,1,2,B03,8,1,5,30,4,1,1,5,4,5,7,4,4,9,5,5,2,15,1,56,3,10,1,1,7,9,1,8,1,8,,44,,1,22,9,121.4932721,25.02053104
112,4,12,16,5,2,02萬華區,萬華區萬大路424巷與武成街169巷口,0,0,1,3,B01,8,1,5,30,4,1,1,5,4,5,7,4,4,9,5,5,2,15,1,45,3,10,1,1,7,13,1,4,11,15,,38,,1,22,9,121.4932721,25.02053104
112,4,12,16,5,2,02萬華區,萬華區萬大路424巷與武成街169巷口,0,0,1,1,C03,8,1,5,30,4,1,1,5,4,5,7,4,4,9,5,5,2,15,2,70,2,9,1,1,7,9,1,10,1,11,,6,,1,22,9,121.4932721,25.02053104
112,4,12,16,10,2,02萬華區,萬華區西寧南路與成都路口,0,0,1,2,B03,7,1,5,50,4,1,1,5,4,5,7,1,1,10,4,5,2,16,2,35,3,10,1,1,7,9,1,8,1,1,,44,,1,22,9,121.5059755,25.0427255
112,4,12,16,10,2,02萬華區,萬華區西寧南路與成都路口,0,0,1,1,C03,7,1,5,50,4,1,1,5,4,5,7,1,1,10,4,5,2,16,2,38,2,9,1,1,7,5,1,10,1,13,,8,,1,22,9,121.5059755,25.0427255
112,4,12,16,20,2,03中山區,中山區市民大道3段與建國南路1段口,0,0,2,1,C03,7,1,5,40,4,2,1,5,4,5,7,1,1,9,4,5,2,13,2,20,2,7,1,1,7,9,1,10,1,11,,16,,1,22,9,121.5365115,25.0448487
112,4,12,16,20,2,03中山區,中山區市民大道3段與建國南路1段口,0,0,2,2,C03,7,1,5,40,4,2,1,5,4,5,7,1,1,9,4,5,2,13,1,20,2,7,1,1,7,12,1,10,1,13,,44,,1,22,9,121.5365115,25.0448487
112,4,12,16,20,2,08士林區,士林區至善路1段與福林路254巷口,0,0,1,2,B02,7,1,5,30,3,2,1,5,4,5,1,3,1,1,3,4,2,17,1,22,3,10,3,4,7,9,1,8,1,6,,44,,1,22,9,121.5377331,25.0981109
112,4,12,16,20,2,08士林區,士林區至善路1段與福林路254巷口,0,0,1,1,C03,7,1,5,30,3,2,1,5,4,5,1,3,1,1,3,4,2,17,1,18,2,9,1,4,7,9,1,10,1,12,,6,,1,22,9,121.5377331,25.0981109
112,4,12,16,43,2,10文山區,文山區老泉街(河堤018燈桿),0,0,1,1,C03,8,1,5,40,14,9,2,5,4,5,7,4,4,9,4,5,2,17,2,17,2,8,1,4,7,9,2,18,2,11,,23,,1,22,9,121.5584409,24.97851105
112,4,12,16,43,2,10文山區,文山區老泉街(河堤018燈桿),0,0,1,2,B03,8,1,5,40,14,9,2,5,4,5,7,4,4,9,4,5,2,17,2,52,3,10,3,4,7,14,1,8,2,6,,44,,1,22,9,121.5584409,24.97851105
112,4,12,16,43,2,10文山區,文山區老泉街(河堤018燈桿),0,0,1,3,B12,8,1,5,40,14,9,2,5,4,5,7,4,4,9,4,5,2,17,1,53,3,10,3,1,7,13,1,4,1,15,,42,,1,22,9,121.5584409,24.97851105
112,4,12,17,0,2,01大同區,大同區重慶北路1段與長安西路口,0,0,1,2,C03,8,3,5,50,4,2,1,5,4,5,7,1,1,1,4,5,2,16,1,18,2,9,1,1,7,9,1,10,1,14,,13,,1,22,9,121.513956,25.05145343
112,4,12,17,0,2,01大同區,大同區重慶北路1段與長安西路口,0,0,1,1,C03,8,3,5,50,4,2,1,5,4,5,7,1,1,1,4,5,2,16,1,65,4,11,3,4,7,5,7,19,11,15,,8,,2,22,9,121.513956,25.05145343
112,4,12,17,8,2,03中山區,中山區長安東路2段218號,0,0,1,2,C03,8,1,5,50,14,9,1,5,4,5,7,4,4,4,3,5,1,17,1,60,2,9,1,1,7,9,1,10,1,11,,44,,1,22,9,121.5423997,25.0482497
112,4,12,17,8,2,03中山區,中山區長安東路2段218號,0,0,1,1,C03,8,1,5,50,14,9,1,5,4,5,7,4,4,4,3,5,1,17,1,41,3,10,1,1,7,1,1,10,1,13,,19,,1,22,9,121.5423997,25.0482497
112,4,12,17,15,2,03中山區,中山區敬業一路與北安路770巷口,0,0,3,3,H02,7,1,5,50,4,1,1,5,4,5,7,4,4,5,4,5,2,17,2,53,2,7,1,5,7,20,8,20,10,16,,67,,1,22,9,121.5532772,25.0841321
112,4,12,17,15,2,03中山區,中山區敬業一路與北安路770巷口,0,0,3,2,C03,7,1,5,50,4,1,1,5,4,5,7,4,4,5,4,5,2,17,1,27,2,9,1,1,7,9,6,10,1,11,,14,,1,22,9,121.5532772,25.0841321
112,4,12,17,15,2,03中山區,中山區敬業一路與北安路770巷口,0,0,3,1,C03,7,1,5,50,4,1,1,5,4,5,7,4,4,5,4,5,2,17,1,55,2,9,1,1,7,5,1,10,1,11,,8,,1,22,9,121.5532772,25.0841321
112,4,12,17,33,2,01大同區,大同區忠孝橋機慢車專用道往三重第二根燈桿,0,0,1,2,C03,8,1,5,40,8,11,1,5,4,5,7,4,4,1,4,5,2,13,2,27,2,5,1,1,7,9,1,10,11,13,,44,,1,22,9,121.5055077,25.0493443
112,4,12,17,33,2,01大同區,大同區忠孝橋機慢車專用道往三重第二根燈桿,0,0,1,1,C03,8,1,5,40,8,11,1,5,4,5,7,4,4,1,4,5,2,13,2,44,3,10,1,1,7,9,1,10,11,11,,16,,1,22,9,121.5055077,25.0493443
112,4,12,17,35,2,01大同區,大同區承德路3段與民權西路口,0,0,1,1,C03,8,1,5,50,4,1,1,5,4,5,7,1,1,1,4,5,2,17,2,57,3,10,1,1,7,15,1,10,11,15,,43,,1,22,9,121.518378,25.06298153
112,4,12,17,35,2,01大同區,大同區承德路3段與民權西路口,0,0,1,2,C03,8,1,5,50,4,1,1,5,4,5,7,1,1,1,4,5,2,17,1,43,2,9,1,1,7,9,1,10,1,12,,43,,1,22,9,121.518378,25.06298153
112,4,12,17,37,2,06松山區,松山區光復北路138號,0,0,1,1,B03,8,1,5,50,14,18,1,5,4,5,7,4,4,5,4,5,2,3,2,40,3,10,1,1,7,9,1,8,2,1,,15,,1,22,9,121.5570846,25.05225032
112,4,12,17,37,2,06松山區,松山區光復北路138號,0,0,1,2,H01,8,1,5,50,14,18,1,5,4,5,7,4,4,5,4,5,2,3,2,34,2,9,4,1,8,16,8,20,10,16,,67,,1,22,9,121.5570846,25.05225032
112,4,12,17,40,2,06松山區,松山區民權東路3段178號對面,0,0,1,1,C03,6,1,5,50,14,9,1,4,4,5,7,4,4,8,3,5,1,12,1,40,2,9,1,1,7,9,1,10,1,12,,44,,1,22,9,121.5493343,25.06188198
112,4,12,17,40,2,06松山區,松山區民權東路3段178號對面,0,0,1,2,C03,6,1,5,50,14,9,1,4,4,5,7,4,4,8,3,5,1,12,1,44,3,10,1,1,7,4,1,10,1,14,,23,,1,22,9,121.5493343,25.06188198
112,4,12,17,42,2,03中山區,中山區復興北路376號,0,0,1,2,C03,7,1,5,50,14,9,1,5,4,5,7,4,4,1,5,5,1,13,2,20,2,7,3,4,7,9,1,10,1,11,,44,,1,22,9,121.544125,25.0615348
112,4,12,17,42,2,03中山區,中山區復興北路376號,0,0,1,1,B01,7,1,5,50,14,9,1,5,4,5,7,4,4,1,5,5,1,13,1,57,3,10,3,4,7,8,1,4,1,3,,7,,1,22,9,121.544125,25.0615348
112,4,12,17,43,2,06松山區,松山區濱江街373號與濱江街口,0,0,1,1,B03,6,1,5,50,4,2,1,4,4,5,7,2,1,1,4,4,2,16,2,50,3,10,1,1,7,6,1,8,1,6,,9,,1,22,9,121.5516987,25.0724758
112,4,12,17,43,2,06松山區,松山區濱江街373號與濱江街口,0,0,1,2,C03,6,1,5,50,4,2,1,4,4,5,7,2,1,1,4,4,2,16,2,52,2,9,1,1,7,9,1,10,1,11,,42,,1,22,9,121.5516987,25.0724758
112,4,12,17,57,2,11南港區,南港區忠孝東路7段與中南街口,0,0,1,1,B03,6,1,5,50,4,2,1,4,4,5,7,1,1,1,4,4,2,3,2,42,3,10,1,1,7,11,1,8,2,8,,23,,1,22,9,121.6152848,25.0530919
112,4,12,17,57,2,11南港區,南港區忠孝東路7段與中南街口,0,0,1,2,H01,6,1,5,50,4,2,1,4,4,5,7,1,1,1,4,4,2,3,2,19,2,8,4,5,8,16,8,20,10,16,,51,,1,22,9,121.6152848,25.0530919
112,4,12,18,0,2,08士林區,士林區中正路404號,0,0,1,1,B03,8,2,5,50,14,9,1,5,4,5,7,4,4,1,4,5,1,17,1,78,3,10,1,1,7,1,7,19,1,1,,19,,1,21,8,121.5208739,25.09398654
112,4,12,18,0,2,08士林區,士林區中正路404號,0,0,1,2,C03,8,2,5,50,14,9,1,5,4,5,7,4,4,1,4,5,1,17,1,23,2,9,1,1,7,9,1,10,1,12,,44,,1,21,8,121.5208739,25.09398654
112,4,12,18,20,2,06松山區,松山區延壽街35號,0,0,1,1,B03,6,4,5,50,14,9,1,4,4,5,7,4,4,8,3,5,2,12,1,33,3,10,1,1,7,11,1,8,1,4,,10,,1,3,1,121.5681903,25.05729901
112,4,12,18,20,2,06松山區,松山區延壽街35號,0,0,1,2,C03,6,4,5,50,14,9,1,4,4,5,7,4,4,8,3,5,2,12,1,52,2,9,1,1,7,9,1,10,1,11,,16,,1,4,1,121.5681903,25.05729901
112,4,12,18,33,2,02萬華區,萬華區東園街與東園街35巷口,0,0,1,1,C03,6,3,5,50,3,1,1,4,4,5,7,2,1,5,5,5,2,17,1,35,3,10,1,1,7,5,1,10,9,15,,8,,1,22,9,121.4957622,25.02749171
112,4,12,18,33,2,02萬華區,萬華區東園街與東園街35巷口,0,0,1,2,C03,6,3,5,50,3,1,1,4,4,5,7,2,1,5,5,5,2,17,1,22,2,9,1,1,7,9,1,10,1,14,,42,,1,22,9,121.4957622,25.02749171
112,4,12,18,41,2,03中山區,中山區北安路與北安路595巷口,0,0,1,1,B03,6,3,5,50,4,1,1,4,4,5,7,1,1,1,3,5,1,17,2,40,3,10,3,4,7,5,1,8,1,1,,6,,1,22,9,121.548729,25.0820709
112,4,12,18,41,2,03中山區,中山區北安路與北安路595巷口,0,0,1,2,C03,6,3,5,50,4,1,1,4,4,5,7,1,1,1,3,5,1,17,1,27,2,9,3,4,7,9,1,10,1,12,,44,,1,22,9,121.548729,25.0820709
112,4,12,18,43,2,02萬華區,萬華區中華路1段108號,0,0,1,2,H02,6,3,5,50,14,9,1,4,4,5,7,4,4,3,3,5,2,9,2,71,2,9,4,5,7,20,8,20,10,16,,67,,1,22,9,121.5086458,25.0439781
112,4,12,18,43,2,02萬華區,萬華區中華路1段108號,0,0,1,1,A02,6,3,5,50,14,9,1,4,4,5,7,4,4,3,3,5,2,9,1,50,3,10,3,4,7,12,1,8,1,15,,44,,1,22,9,121.5086458,25.0439781
112,4,12,18,43,2,02萬華區,萬華區中華路1段108號,0,0,1,3,B03,6,3,5,50,14,9,1,4,4,5,7,4,4,3,3,5,2,9,1,46,3,10,3,4,7,7,1,8,9,15,,7,,1,22,9,121.5086458,25.0439781
112,4,12,18,45,2,12內湖區,內湖區成功路2段與民權東路6段口,0,0,1,2,C03,6,3,5,50,3,2,1,4,4,5,7,4,4,1,4,5,2,12,1,38,2,9,1,1,7,9,1,10,1,14,,44,,1,22,9,121.5907469,25.06945634
112,4,12,18,45,2,12內湖區,內湖區成功路2段與民權東路6段口,0,0,1,1,B01,6,3,5,50,3,2,1,4,4,5,7,4,4,1,4,5,2,12,1,69,3,10,1,1,7,8,1,4,1,2,,23,,1,22,9,121.5907469,25.06945634
112,4,12,18,59,2,05中正區,中正區愛國西路與延平南路口,0,0,1,2,C03,6,3,5,50,4,1,1,4,4,5,7,1,1,3,4,1,1,12,1,42,2,9,1,1,7,9,1,10,2,14,,44,,1,22,9,121.5079863,25.0370515
112,4,12,18,59,2,05中正區,中正區愛國西路與延平南路口,0,0,1,1,C03,6,3,5,50,4,1,1,4,4,5,7,1,1,3,4,1,1,12,1,53,3,10,1,1,7,5,1,10,2,14,,8,,1,22,9,121.5079863,25.0370515
112,4,12,19,0,2,08士林區,士林區文林路與德行西路口,0,0,1,1,A02,7,3,5,50,3,1,1,5,4,5,7,1,1,10,4,5,2,9,1,59,3,10,1,1,7,12,1,2,2,15,,44,,1,22,9,121.519743,25.10331
112,4,12,19,0,2,08士林區,士林區文林路與德行西路口,0,0,1,2,H02,7,3,5,50,3,1,1,5,4,5,7,1,1,10,4,5,2,9,2,52,2,1,3,5,7,17,8,20,10,16,,67,,1,22,9,121.519743,25.10331
112,4,12,19,2,2,08士林區,士林區承德路4段235號,0,0,1,4,C03,7,3,5,50,14,9,1,4,4,5,7,4,4,1,3,5,2,17,1,39,2,9,1,1,7,9,1,10,1,11,,16,,1,21,8,121.5219129,25.0884827
112,4,12,19,2,2,08士林區,士林區承德路4段235號,0,0,1,3,B12,7,3,5,50,14,9,1,4,4,5,7,4,4,1,3,5,2,17,1,50,3,10,1,1,7,12,1,8,1,1,,16,,1,21,8,121.5219129,25.0884827
112,4,12,19,2,2,08士林區,士林區承德路4段235號,0,0,1,2,B12,7,3,5,50,14,9,1,4,4,5,7,4,4,1,3,5,2,17,1,58,3,10,1,1,7,12,1,8,1,3,,44,,1,21,8,121.5219129,25.0884827
112,4,12,19,2,2,08士林區,士林區承德路4段235號,0,0,1,1,B03,7,3,5,50,14,9,1,4,4,5,7,4,4,1,3,5,2,17,1,54,3,10,1,1,7,10,1,8,1,15,,7,,1,21,8,121.5219129,25.0884827
112,4,12,19,3,2,05中正區,中正區林森北路9巷,0,0,2,1,C03,6,3,5,50,14,9,1,4,4,5,7,4,4,9,4,5,1,3,1,48,2,1,1,1,7,9,1,10,2,11,,23,,1,22,9,121.5236832,25.045734
112,4,12,19,3,2,05中正區,中正區林森北路9巷,0,0,2,2,H01,6,3,5,50,14,9,1,4,4,5,7,4,4,9,4,5,1,3,1,79,2,9,4,5,8,16,8,20,11,16,,51,,2,22,9,121.5236832,25.045734
112,4,12,19,3,2,12內湖區,內湖區新明路56號,0,0,1,1,B03,6,3,5,50,14,9,1,4,4,5,7,4,4,5,4,5,2,17,1,67,4,11,3,4,7,15,7,19,11,15,,10,,2,22,9,121.5904693,25.06008551
112,4,12,19,3,2,12內湖區,內湖區新明路56號,0,0,1,2,C03,6,3,5,50,14,9,1,4,4,5,7,4,4,5,4,5,2,17,2,30,2,9,1,1,7,9,1,10,1,14,,44,,1,22,9,121.5904693,25.06008551
112,4,12,19,23,2,12內湖區,內湖區新明路298巷6號,0,0,1,3,B03,6,3,5,50,14,9,1,4,4,5,7,4,4,5,4,5,1,17,1,43,3,10,1,1,7,14,1,8,2,3,,44,,1,22,9,121.5819602,25.05633034
112,4,12,19,23,2,12內湖區,內湖區新明路298巷6號,0,0,1,2,B12,6,3,5,50,14,9,1,4,4,5,7,4,4,5,4,5,1,17,1,25,3,10,1,1,7,9,1,8,2,5,,14,,1,22,9,121.5819602,25.05633034
112,4,12,19,23,2,12內湖區,內湖區新明路298巷6號,0,0,1,1,C02,6,3,5,50,14,9,1,4,4,5,7,4,4,5,4,5,1,17,1,33,2,9,1,1,7,1,1,9,2,14,,19,,1,22,9,121.5819602,25.05633034
112,4,12,19,37,2,05中正區,中正區羅斯福路4段196巷與汀州路3段口,0,0,1,2,C03,6,3,5,50,4,1,1,4,4,5,7,4,4,10,4,5,2,17,1,49,2,9,1,1,7,9,1,10,1,12,,23,,1,22,9,121.5359238,25.0115441
112,4,12,19,37,2,05中正區,中正區羅斯福路4段196巷與汀州路3段口,0,0,1,1,B01,6,3,5,50,4,1,1,4,4,5,7,4,4,10,4,5,2,17,1,60,3,10,1,1,7,9,1,4,1,1,,6,,1,22,9,121.5359238,25.0115441
112,4,12,20,2,2,02萬華區,萬華區成都路75號,0,0,2,2,C03,6,3,5,50,14,9,1,4,4,5,7,4,4,10,3,5,2,3,2,34,2,9,3,4,7,9,1,10,1,12,,44,,1,22,9,121.5054089,25.0429631
112,4,12,20,2,2,02萬華區,萬華區成都路75號,0,0,2,1,H01,6,3,5,50,14,9,1,4,4,5,7,4,4,10,3,5,2,3,1,79,2,9,4,5,8,16,8,20,10,16,,52,,1,22,9,121.5054089,25.0429631
112,4,12,20,13,2,05中正區,中正區忠孝東路2段與新生南路1段口口,0,0,1,1,C04,6,3,5,50,4,2,1,4,4,5,7,2,1,9,4,4,1,12,2,44,2,9,1,1,7,8,1,10,1,12,,17,,1,21,1,121.5327418,25.0422519
112,4,12,20,13,2,05中正區,中正區忠孝東路2段與新生南路1段口口,0,0,1,2,C03,6,3,5,50,4,2,1,4,4,5,7,2,1,9,4,4,1,12,1,20,3,10,1,1,7,9,1,10,1,14,,23,,1,21,1,121.5327418,25.0422519
112,4,12,20,40,2,05中正區,中正區延平南路與漢口街1段口,0,0,1,1,C03,8,3,5,50,4,1,1,5,4,5,7,1,1,10,4,5,1,13,1,28,2,9,1,1,7,9,1,10,1,11,,16,,1,22,9,121.5103964,25.0451492
112,4,12,20,40,2,05中正區,中正區延平南路與漢口街1段口,0,0,1,2,B01,8,3,5,50,4,1,1,5,4,5,7,1,1,10,4,5,1,13,1,56,3,10,1,1,7,6,1,4,1,7,,44,,1,22,9,121.5103964,25.0451492
112,4,12,21,15,2,08士林區,士林區福國路與文林路口文林橋,0,0,1,2,B03,7,3,5,50,5,2,1,5,4,5,7,1,1,10,4,5,2,17,1,42,3,10,1,1,7,9,1,8,2,2,,44,,1,22,9,121.5213975,25.1019157
112,4,12,21,15,2,08士林區,士林區福國路與文林路口文林橋,0,0,1,1,C03,7,3,5,50,5,2,1,5,4,5,7,1,1,10,4,5,2,17,2,19,2,9,1,1,7,7,1,10,2,14,,7,,1,22,9,121.5213975,25.1019157
112,4,12,21,40,2,08士林區,士林區中正路與延平北路5段口,0,0,1,1,C03,8,3,5,50,4,1,1,5,4,5,7,2,1,1,5,5,2,17,2,20,2,8,1,1,7,5,1,10,1,13,,8,,1,21,8,121.5092363,25.08665109
112,4,12,21,40,2,08士林區,士林區中正路與延平北路5段口,0,0,1,2,B03,8,3,5,50,4,1,1,5,4,5,7,2,1,1,5,5,2,17,1,29,3,10,1,1,7,9,3,18,1,1,,23,,1,21,8,121.5092363,25.08665109
112,4,12,21,52,2,04大安區,大安區金山南路2段與金華街口,0,0,1,2,C03,6,3,5,50,4,1,1,4,4,5,7,1,1,1,4,5,2,16,1,19,2,9,1,1,7,9,1,10,1,11,,13,,1,22,9,121.5266236,25.0301762
112,4,12,21,52,2,04大安區,大安區金山南路2段與金華街口,0,0,1,1,B03,6,3,5,50,4,1,1,4,4,5,7,1,1,1,4,5,2,16,1,34,3,10,1,1,7,5,1,8,1,6,,6,,1,22,9,121.5266236,25.0301762
112,4,12,21,52,2,04大安區,大安區建國南路1段與建國南路1段212巷口,0,0,1,2,C03,6,3,5,50,14,9,1,4,4,5,7,4,4,10,5,5,2,12,2,72,2,9,1,1,7,9,1,10,1,12,,44,,1,22,9,121.5375113,25.039581
112,4,12,21,52,2,04大安區,大安區建國南路1段與建國南路1段212巷口,0,0,1,1,B01,6,3,5,50,14,9,1,4,4,5,7,4,4,10,5,5,2,12,1,61,4,11,3,4,7,10,7,19,11,15,,7,,2,22,9,121.5375113,25.039581
112,4,12,22,0,2,05中正區,中正區重慶南路3段與汀州路2段口,0,0,1,1,B03,8,3,5,50,4,1,1,5,4,5,7,1,1,5,4,5,2,11,1,52,3,10,1,1,7,5,1,8,1,1,,8,,1,22,9,121.516268,25.0257337
112,4,12,22,0,2,05中正區,中正區重慶南路3段與汀州路2段口,0,0,1,2,C03,8,3,5,50,4,1,1,5,4,5,7,1,1,5,4,5,2,11,1,24,2,9,1,1,7,9,1,10,1,11,,44,,1,22,9,121.516268,25.0257337
112,4,12,22,2,2,07信義區,信義區忠孝東路4段與逸仙路口,0,0,2,1,C03,6,1,5,50,3,2,1,4,4,5,7,2,1,5,2,5,1,13,2,60,2,9,1,4,7,9,4,8,2,11,,23,,1,22,9,121.5617442,25.0413352
112,4,12,22,2,2,07信義區,信義區忠孝東路4段與逸仙路口,0,0,2,2,C03,6,1,5,50,3,2,1,4,4,5,7,2,1,5,2,5,1,13,1,47,2,9,1,4,7,14,1,10,2,13,,44,,1,22,9,121.5617442,25.0413352
112,4,12,22,2,2,07信義區,信義區忠孝東路4段與逸仙路口,0,0,2,3,H02,6,1,5,50,3,2,1,4,4,5,7,2,1,5,2,5,1,13,1,62,3,10,1,5,7,20,8,20,10,15,,67,,1,22,9,121.5617442,25.0413352
112,4,12,22,34,2,11南港區,南港區東新街108巷與東新街80巷口口,0,0,1,3,B03,7,4,5,0,3,1,1,4,4,5,5,3,1,5,5,5,2,16,1,21,3,10,1,1,7,14,1,8,1,15,,42,,1,22,9,121.5874772,25.04499918
112,4,12,22,34,2,11南港區,南港區東新街108巷與東新街80巷口口,0,0,1,2,C03,7,4,5,0,3,1,1,4,4,5,5,3,1,5,5,5,2,16,2,45,2,9,1,1,7,9,1,10,1,12,,44,,1,22,9,121.5874772,25.04499918
112,4,12,22,34,2,11南港區,南港區東新街108巷與東新街80巷口口,0,0,1,4,B01,7,4,5,0,3,1,1,4,4,5,5,3,1,5,5,5,2,16,1,51,3,10,2,1,7,13,1,4,11,15,,42,,1,22,9,121.5874772,25.04499918
112,4,12,22,34,2,11南港區,南港區東新街108巷與東新街80巷口口,0,0,1,1,B03,7,4,5,0,3,1,1,4,4,5,5,3,1,5,5,5,2,16,1,28,3,10,1,1,7,1,1,8,1,1,,19,,1,22,9,121.5874772,25.04499918
112,4,12,23,45,2,04大安區,大安區新生南路3段98巷與新生南路3段口,0,0,1,2,F01,8,3,5,50,14,9,1,5,4,5,7,3,1,10,5,5,2,17,2,20,3,10,1,1,7,9,8,20,1,15,,6,,1,22,9,121.5374444,25.03496368
112,4,12,23,45,2,04大安區,大安區新生南路3段98巷與新生南路3段口,0,0,1,1,C03,8,3,5,50,14,9,1,5,4,5,7,3,1,10,5,5,2,17,2,35,2,9,1,1,7,12,1,10,1,11,,14,,1,22,9,121.5374444,25.03496368
112,4,12,23,53,2,08士林區,士林區天母西路與天母西路83巷口,0,0,1,2,C03,8,3,5,50,4,1,1,5,4,5,7,4,4,5,5,5,2,17,2,35,2,7,1,1,7,9,1,10,1,11,,44,,1,22,9,121.5249961,25.11847949
112,4,12,23,53,2,08士林區,士林區天母西路與天母西路83巷口,0,0,1,1,B03,8,3,5,50,4,1,1,5,4,5,7,4,4,5,5,5,2,17,1,47,3,10,1,1,7,1,1,8,1,4,,19,,1,22,9,121.5249961,25.11847949
112,4,13,1,11,2,04大安區,大安區敦化南路1段161巷與忠孝東路4段205巷口,0,0,1,2,C03,7,3,5,30,4,1,1,5,4,5,7,4,4,9,5,5,1,15,1,23,2,8,1,1,7,9,1,10,1,12,,14,,1,22,9,121.5519538,25.0434882
112,4,13,1,11,2,04大安區,大安區敦化南路1段161巷與忠孝東路4段205巷口,0,0,1,1,B03,7,3,5,30,4,1,1,5,4,5,7,4,4,9,5,5,1,15,1,45,3,10,1,1,7,9,1,8,1,1,,6,,1,22,9,121.5519538,25.0434882
112,4,13,3,27,2,02萬華區,萬華區中興橋機車道(往台北市方向),0,0,2,2,C03,7,3,7,40,12,11,1,5,4,5,7,4,4,10,5,5,1,17,1,66,2,9,1,1,7,15,1,10,1,14,,42,,1,22,9,121.5002657,25.04328595
112,4,13,3,27,2,02萬華區,萬華區中興橋機車道(往台北市方向),0,0,2,1,C03,7,3,7,40,12,11,1,5,4,5,7,4,4,10,5,5,1,17,1,18,2,7,1,1,7,9,3,18,1,11,12,23,,1,22,9,121.5002657,25.04328595
112,4,13,5,33,2,08士林區,士林區延平北路5段與延平北路5段285巷口,0,0,2,1,C03,8,1,5,50,14,9,1,5,4,5,7,1,1,1,4,5,2,17,2,22,2,1,1,1,7,1,1,10,1,14,,19,,1,22,9,121.5095653,25.08573678
112,4,13,5,33,2,08士林區,士林區延平北路5段與延平北路5段285巷口,0,0,2,2,C03,8,1,5,50,14,9,1,5,4,5,7,1,1,1,4,5,2,17,1,18,2,8,1,1,7,9,1,10,1,11,,44,,1,22,9,121.5095653,25.08573678
112,4,13,6,8,2,12內湖區,內湖區內湖路1段520號,0,0,1,2,C03,8,1,5,50,3,2,1,5,4,5,7,4,4,10,4,5,1,12,2,57,2,9,1,1,7,9,1,10,2,11,,13,,1,22,9,121.5763242,25.07947014
112,4,13,6,8,2,12內湖區,內湖區內湖路1段520號,0,0,1,1,B03,8,1,5,50,3,2,1,5,4,5,7,4,4,10,4,5,1,12,1,69,3,10,1,1,7,6,1,8,2,2,,9,,1,22,9,121.5763242,25.07947014
112,4,13,6,43,2,03中山區,中山區中山北路3段與民族東路口,0,0,1,1,C03,7,1,5,50,4,2,1,5,4,5,7,1,1,9,4,1,2,17,1,23,3,10,1,1,7,9,1,10,11,15,,43,,1,22,9,121.5229218,25.06823833
112,4,13,6,43,2,03中山區,中山區中山北路3段與民族東路口,0,0,1,2,C03,7,1,5,50,4,2,1,5,4,5,7,1,1,9,4,1,2,17,1,37,2,7,1,1,7,12,1,10,1,14,,43,,1,22,9,121.5229218,25.06823833
112,4,13,7,25,2,05中正區,中正區同安街與牯嶺街95巷口口,0,0,1,1,C03,8,1,5,40,3,1,1,5,4,5,7,4,4,10,5,5,1,17,2,43,2,9,1,1,7,5,1,10,2,14,,42,,1,22,9,121.5220214,25.02455799
112,4,13,7,25,2,05中正區,中正區同安街與牯嶺街95巷口口,0,0,1,2,C03,8,1,5,40,3,1,1,5,4,5,7,4,4,10,5,5,1,17,1,29,3,10,1,1,7,9,1,10,2,12,,23,,1,22,9,121.5220214,25.02455799
112,4,13,7,35,2,03中山區,中山區林森北路與長春路口,0,0,1,2,C03,8,1,5,50,4,1,1,5,4,5,7,2,1,5,4,5,2,16,1,22,2,8,3,4,7,9,1,10,1,11,,44,,1,22,9,121.5254137,25.0549014
112,4,13,7,35,2,03中山區,中山區林森北路與長春路口,0,0,1,1,B03,8,1,5,50,4,1,1,5,4,5,7,2,1,5,4,5,2,16,2,49,3,10,3,4,7,5,1,8,1,2,,8,,1,22,9,121.5254137,25.0549014