發生年度,發生月,發生日,發生時-Hours,發生分,處理別-編號,區序,肇事地點,死亡人數,2-30日死亡人數,受傷人數,當事人序號,車種,天候,光線,道路類別,速限-速度限制,道路型態,事故位置,路面狀況1,路面狀況2,路面狀況3,道路障礙1,道路障礙2,號誌1,號誌2,車道劃分-分向,車道劃分-分道1,車道劃分-分道2,車道劃分-分道3,事故類型及型態,性別,年齡,受傷程度,主要傷處,保護裝置,行動電話,車輛用途,當事者行動狀態,駕駛資格情形,駕駛執照種類,飲酒情形,車輛撞擊部位1,車輛撞擊部位2,肇因碼-個別,肇因碼-主要,個人肇逃否,職業,旅次目的,座標-X,座標-Y
112,4,13,19,30,2,12內湖區,內湖區康寧路3段與康寧路3段16巷口,0,0,1,2,C03,8,3,5,50,4,1,1,5,4,5,7,1,1,1,4,5,2,16,2,39,2,9,1,1,7,9,1,10,1,14,,42,,1,22,9,121.6080643,25.07222296
112,4,13,19,30,2,12內湖區,內湖區康寧路3段與康寧路3段16巷口,0,0,1,1,B03,8,3,5,50,4,1,1,5,4,5,7,1,1,1,4,5,2,16,1,24,3,10,1,1,7,5,1,8,1,1,,6,,1,22,9,121.6080643,25.07222296
112,4,13,19,35,2,08士林區,士林區中山北路5段378巷與中山北路5段口,0,0,1,1,C03,8,3,5,50,4,2,1,5,4,5,7,2,1,8,4,5,1,16,1,30,2,9,3,4,7,5,1,10,1,13,,8,,1,22,9,121.5275625,25.09024812
112,4,13,19,35,2,08士林區,士林區中山北路5段378巷與中山北路5段口,0,0,1,2,B03,8,3,5,50,4,2,1,5,4,5,7,2,1,8,4,5,1,16,1,39,3,10,3,4,7,6,1,8,1,8,,9,,1,22,9,121.5275625,25.09024812
112,4,13,19,50,2,01大同區,大同區通河西街1段與通河西街1段口堤外便道,0,0,2,1,C03,8,3,5,30,3,1,1,5,4,5,7,4,4,10,5,5,2,10,2,19,2,8,1,1,7,9,1,10,1,11,,23,,1,22,9,121.5188806,25.07739274
112,4,13,19,50,2,01大同區,大同區通河西街1段與通河西街1段口堤外便道,0,0,2,2,C03,8,3,5,30,3,1,1,5,4,5,7,4,4,10,5,5,2,10,1,39,2,8,1,1,7,9,1,10,1,11,,23,,1,22,9,121.5188806,25.07739274
112,4,13,20,30,2,11南港區,南港區松河街618號,0,0,1,2,C03,8,3,5,0,14,9,1,5,4,5,7,4,4,5,4,5,2,19,2,55,2,9,1,1,7,9,1,10,1,11,,44,,1,22,9,121.6011156,25.05835612
112,4,13,20,30,2,11南港區,南港區松河街618號,0,0,1,1,,8,3,5,0,14,9,1,5,4,5,7,4,4,5,4,5,2,19,3,53,,,,,,,,,,,,66,,1,,,121.6011156,25.05835612
112,4,13,20,37,2,07信義區,信義區忠孝東路4段與逸仙路口,0,0,2,2,F01,8,3,5,50,4,1,1,5,4,5,7,1,1,1,4,5,2,12,1,38,2,9,1,1,7,9,8,20,1,16,,44,,1,22,9,121.5616201,25.04131875
112,4,13,20,37,2,07信義區,信義區忠孝東路4段與逸仙路口,0,0,2,1,C03,8,3,5,50,4,1,1,5,4,5,7,1,1,1,4,5,2,12,1,58,2,9,1,1,7,8,1,10,1,12,,7,,1,22,9,121.5616201,25.04131875
112,4,13,21,0,2,09北投區,北投區大度路3段165號,0,0,2,2,C03,8,3,5,50,14,9,1,5,4,5,7,1,1,8,3,5,1,16,2,23,2,9,1,1,7,9,1,10,1,14,,44,,1,22,9,121.4709241,25.1227495
112,4,13,21,0,2,09北投區,北投區大度路3段165號,0,0,2,3,H02,8,3,5,50,14,9,1,5,4,5,7,1,1,8,3,5,1,16,2,24,2,9,1,1,7,20,8,20,10,16,,67,,1,22,9,121.4709241,25.1227495
112,4,13,21,0,2,09北投區,北投區大度路3段165號,0,0,2,1,B03,8,3,5,50,14,9,1,5,4,5,7,1,1,8,3,5,1,16,2,25,3,10,1,1,7,6,1,8,1,5,,44,,1,22,9,121.4709241,25.1227495
112,4,13,21,19,2,07信義區,信義區忠孝東路5段與忠孝東路5段703巷口,0,0,1,1,B03,8,3,5,30,3,2,1,5,4,5,7,4,4,1,4,5,1,16,2,31,3,10,3,4,7,6,1,8,2,1,,9,,1,22,9,121.5795913,25.0419583
112,4,13,21,19,2,07信義區,信義區忠孝東路5段與忠孝東路5段703巷口,0,0,1,2,C03,8,3,5,30,3,2,1,5,4,5,7,4,4,1,4,5,1,16,1,24,2,9,1,4,7,9,1,10,2,11,,14,,1,22,9,121.5795913,25.0419583
112,4,13,21,20,2,09北投區,北投區承德路7段308號,0,0,1,1,B01,8,3,8,50,15,9,1,5,4,5,7,4,4,2,3,2,1,17,1,63,3,10,3,1,7,9,1,4,1,2,,43,,1,22,9,121.5048162,25.1169381
112,4,13,21,20,2,09北投區,北投區承德路7段308號,0,0,1,2,C03,8,3,8,50,15,9,1,5,4,5,7,4,4,2,3,2,1,17,1,22,2,9,1,1,7,9,1,10,1,14,,43,,1,22,9,121.5048162,25.1169381
112,4,13,21,23,2,08士林區,士林區國泰街與光華路口,0,0,2,2,C01,7,1,5,30,4,1,1,5,4,5,7,4,4,10,5,5,2,15,1,23,2,8,1,1,7,9,1,9,2,12,,14,,1,22,9,121.5425519,25.1369321
112,4,13,21,23,2,08士林區,士林區國泰街與光華路口,0,0,2,1,C03,7,1,5,30,4,1,1,5,4,5,7,4,4,10,5,5,2,15,2,22,2,9,1,1,7,9,1,10,2,11,,6,,1,22,9,121.5425519,25.1369321
112,4,13,21,46,2,07信義區,信義區基隆路2段與嘉興街127巷口,0,0,1,3,B03,7,3,5,50,3,2,1,5,4,5,7,4,4,1,4,5,1,17,1,54,3,10,3,4,7,14,1,8,2,7,,43,,1,22,9,121.5573292,25.0291996
112,4,13,21,46,2,07信義區,信義區基隆路2段與嘉興街127巷口,0,0,1,1,A02,7,3,5,50,3,2,1,5,4,5,7,4,4,1,4,5,1,17,1,30,3,10,3,4,7,8,1,2,2,15,,43,,1,22,9,121.5573292,25.0291996
112,4,13,21,46,2,07信義區,信義區基隆路2段與嘉興街127巷口,0,0,1,2,C03,7,3,5,50,3,2,1,5,4,5,7,4,4,1,4,5,1,17,1,25,2,9,1,1,7,8,1,10,2,14,,43,,1,22,9,121.5573292,25.0291996
112,4,13,22,19,2,01大同區,大同區鄭州路與塔城街口,0,0,1,1,B03,8,3,5,40,4,1,1,5,4,5,7,2,1,1,4,5,2,17,1,49,3,10,3,4,7,15,1,8,11,15,,42,,1,22,9,121.5105405,25.05000891
112,4,13,22,19,2,01大同區,大同區鄭州路與塔城街口,0,0,1,2,C02,8,3,5,40,4,1,1,5,4,5,7,2,1,1,4,5,2,17,1,43,2,9,3,4,7,6,1,9,1,12,,23,,1,22,9,121.5105405,25.05000891
112,4,13,22,43,2,09北投區,北投區中央北路3段55號,0,0,3,3,H02,8,3,5,50,14,9,1,5,4,5,7,4,4,5,4,5,2,13,2,48,2,7,3,5,7,21,8,20,10,15,,67,,1,22,9,121.4849652,25.13803975
112,4,13,22,43,2,09北投區,北投區中央北路3段55號,0,0,3,2,C03,8,3,5,50,14,9,1,5,4,5,7,4,4,5,4,5,2,13,2,54,2,9,3,4,7,9,1,10,1,13,,44,,1,22,9,121.4849652,25.13803975
112,4,13,22,43,2,09北投區,北投區中央北路3段55號,0,0,3,1,C03,8,3,5,50,14,9,1,5,4,5,7,4,4,5,4,5,2,13,1,18,2,8,3,4,7,9,3,18,1,11,,13,,1,22,9,121.4849652,25.13803975
112,4,13,22,51,2,05中正區,中正區中華路1段89號,0,0,2,3,C03,8,3,5,50,14,8,1,5,4,5,7,1,1,9,4,1,2,17,1,26,2,6,1,4,7,9,1,10,1,11,,44,,1,22,9,121.50749,25.03859293
112,4,13,22,51,2,05中正區,中正區中華路1段89號,0,0,2,1,B01,8,3,5,50,14,8,1,5,4,5,7,1,1,9,4,1,2,17,1,68,3,10,1,4,7,8,1,4,1,15,,7,,1,22,9,121.50749,25.03859293
112,4,13,22,51,2,05中正區,中正區中華路1段89號,0,0,2,2,C03,8,3,5,50,14,8,1,5,4,5,7,1,1,9,4,1,2,17,2,42,2,8,1,4,7,9,1,10,1,11,,16,,1,22,9,121.50749,25.03859293
112,4,13,23,14,2,04大安區,大安區仁愛路3段與建國南路1段口,0,0,2,3,C03,8,3,5,50,4,2,1,5,4,5,7,1,1,8,3,5,1,17,1,21,2,7,1,1,7,9,1,10,1,15,,23,,1,22,9,121.5375939,25.0382543
112,4,13,23,14,2,04大安區,大安區仁愛路3段與建國南路1段口,0,0,2,1,B03,8,3,5,50,4,2,1,5,4,5,7,1,1,8,3,5,1,17,1,20,3,10,1,1,7,6,1,8,1,6,,25,,1,22,9,121.5375939,25.0382543
112,4,13,23,14,2,04大安區,大安區仁愛路3段與建國南路1段口,0,0,2,2,C03,8,3,5,50,4,2,1,5,4,5,7,1,1,8,3,5,1,17,1,21,2,1,1,1,7,9,1,10,1,11,,13,,1,22,9,121.5375939,25.0382543
112,4,13,23,49,2,01大同區,大同區涼州街與民權西路184巷口,0,0,2,2,C03,7,3,5,30,4,1,1,5,4,5,7,4,4,9,4,5,2,17,2,22,2,9,1,1,7,9,1,10,2,12,,6,,1,22,9,121.5148061,25.0608753
112,4,13,23,49,2,01大同區,大同區涼州街與民權西路184巷口,0,0,2,4,H02,7,3,5,30,4,1,1,5,4,5,7,4,4,9,4,5,2,17,1,21,2,9,1,1,7,21,8,20,10,16,,67,,1,22,9,121.5148061,25.0608753
112,4,13,23,49,2,01大同區,大同區涼州街與民權西路184巷口,0,0,2,3,B01,7,3,5,30,4,1,1,5,4,5,7,4,4,9,4,5,2,17,1,41,3,10,3,4,7,13,1,4,11,8,,38,,1,22,9,121.5148061,25.0608753
112,4,13,23,49,2,01大同區,大同區涼州街與民權西路184巷口,0,0,2,1,B03,7,3,5,30,4,1,1,5,4,5,7,4,4,9,4,5,2,17,1,25,3,10,1,1,7,9,1,8,2,1,,42,,1,22,9,121.5148061,25.0608753
112,4,14,1,50,2,07信義區,信義區信義路5段150巷360號,0,0,1,2,C03,8,3,5,30,14,9,1,5,4,5,7,4,4,10,5,5,1,10,1,22,2,9,1,1,7,9,1,10,9,11,,5,,1,22,9,121.5704272,25.0258337
112,4,14,1,50,2,07信義區,信義區信義路5段150巷360號,0,0,1,1,C03,8,3,5,30,14,9,1,5,4,5,7,4,4,10,5,5,1,10,1,45,4,11,3,4,7,15,7,19,11,15,,44,,2,22,9,121.5704272,25.0258337
112,4,14,1,57,2,05中正區,中正區金山南路1段迴轉道,0,0,1,2,C03,8,3,5,50,15,6,1,5,4,5,7,4,4,10,5,5,1,16,2,19,2,9,1,1,7,9,1,10,2,14,,44,,1,22,9,121.5295879,25.0426756
112,4,14,1,57,2,05中正區,中正區金山南路1段迴轉道,0,0,1,1,B01,8,3,5,50,15,6,1,5,4,5,7,4,4,10,5,5,1,16,1,61,3,10,1,1,7,9,1,4,2,1,,6,,1,22,9,121.5295879,25.0426756
112,4,14,4,59,2,06松山區,松山區南京東路5段66巷與南京東路5段66巷3弄口,0,0,1,1,B03,8,3,5,30,5,1,1,5,4,5,7,4,4,10,5,5,2,15,1,42,3,10,3,4,7,9,1,8,1,1,,6,,1,22,9,121.560808,25.05085245
112,4,14,4,59,2,06松山區,松山區南京東路5段66巷與南京東路5段66巷3弄口,0,0,1,2,C03,8,3,5,30,5,1,1,5,4,5,7,4,4,10,5,5,2,15,1,19,2,9,3,4,7,9,1,10,1,12,,23,,1,22,9,121.560808,25.05085245
112,4,14,5,35,2,03中山區,中山區錦州街與林森北路口,0,0,1,1,B03,8,1,5,50,14,9,1,5,4,5,7,4,4,10,5,5,2,16,1,44,3,10,1,1,7,11,1,8,1,4,,10,,1,22,9,121.5255607,25.0603052
112,4,14,5,35,2,03中山區,中山區錦州街與林森北路口,0,0,1,2,C03,8,1,5,50,14,9,1,5,4,5,7,4,4,10,5,5,2,16,2,23,2,5,1,1,7,9,1,10,1,12,,44,,1,22,9,121.5255607,25.0603052
112,4,14,7,35,2,12內湖區,內湖區成功路2段426巷31號前,0,0,3,1,C03,8,1,5,30,14,9,1,5,4,5,7,4,4,10,5,5,2,11,2,70,2,9,1,1,7,7,1,10,1,11,,42,,1,22,9,121.588641,25.07067646
112,4,14,7,35,2,12內湖區,內湖區成功路2段426巷31號前,0,0,3,2,C03,8,1,5,30,14,9,1,5,4,5,7,4,4,10,5,5,2,11,1,44,2,9,1,1,7,9,3,18,1,14,,42,,1,22,9,121.588641,25.07067646
112,4,14,7,35,2,12內湖區,內湖區成功路2段426巷31號前,0,0,3,3,H02,8,1,5,30,14,9,1,5,4,5,7,4,4,10,5,5,2,11,1,47,2,9,1,5,7,20,8,20,10,15,,67,,1,22,9,121.588641,25.07067646
112,4,14,7,50,2,12內湖區,內湖區永保街188號,0,0,1,1,B03,7,1,5,30,3,1,1,5,4,5,7,4,4,9,5,5,2,16,2,37,3,10,1,1,7,5,1,8,2,4,,6,,1,22,9,121.6031608,25.06400585
112,4,14,7,50,2,12內湖區,內湖區永保街188號,0,0,1,2,C03,7,1,5,30,3,1,1,5,4,5,7,4,4,9,5,5,2,16,2,53,2,9,1,1,7,9,1,10,2,14,,26,,1,22,9,121.6031608,25.06400585
112,4,14,7,51,2,05中正區,中正區詔安街64號,0,0,1,1,C03,8,1,5,30,14,9,1,5,4,5,7,4,4,10,5,5,2,14,2,22,2,8,3,4,7,2,1,10,1,13,,42,,1,22,9,121.5136292,25.0253916
112,4,14,7,51,2,05中正區,中正區詔安街64號,0,0,1,2,B03,8,1,5,30,14,9,1,5,4,5,7,4,4,10,5,5,2,14,1,43,3,10,3,4,7,9,1,8,1,5,,44,,1,22,9,121.5136292,25.0253916
112,4,14,7,51,2,10文山區,文山區新光路2段木柵機廠旁,0,0,1,2,C03,8,1,5,50,14,9,1,5,4,5,7,3,1,10,4,5,2,13,1,51,2,8,1,1,7,15,1,10,1,13,,42,,1,22,9,121.5835993,25.0002646
112,4,14,7,51,2,10文山區,文山區新光路2段木柵機廠旁,0,0,1,1,C03,8,1,5,50,14,9,1,5,4,5,7,3,1,10,4,5,2,13,1,46,3,10,1,1,7,9,1,10,1,11,,23,,1,22,9,121.5835993,25.0002646
112,4,14,7,55,2,07信義區,信義區松仁路164號,0,0,1,6,C03,7,1,5,40,14,8,1,5,4,5,7,4,4,9,4,4,2,13,2,43,3,10,1,1,7,13,7,19,11,12,,44,,1,22,9,121.5682828,25.0283713
112,4,14,7,55,2,07信義區,信義區松仁路164號,0,0,1,5,C03,7,1,5,40,14,8,1,5,4,5,7,4,4,9,4,4,2,13,2,52,3,10,1,1,7,13,7,19,11,12,,44,,1,22,9,121.5682828,25.0283713
112,4,14,7,55,2,07信義區,信義區松仁路164號,0,0,1,4,C03,7,1,5,40,14,8,1,5,4,5,7,4,4,9,4,4,2,13,1,45,3,10,1,1,7,13,7,19,11,12,,44,,1,22,9,121.5682828,25.0283713
112,4,14,7,55,2,07信義區,信義區松仁路164號,0,0,1,2,C03,7,1,5,40,14,8,1,5,4,5,7,4,4,9,4,4,2,13,2,33,2,9,1,1,7,15,1,10,1,13,,44,,1,22,9,121.5682828,25.0283713
112,4,14,7,55,2,07信義區,信義區松仁路164號,0,0,1,3,C03,7,1,5,40,14,8,1,5,4,5,7,4,4,9,4,4,2,13,1,26,3,10,1,1,7,13,7,19,11,12,,44,,1,22,9,121.5682828,25.0283713
112,4,14,7,55,2,07信義區,信義區松仁路164號,0,0,1,1,C03,7,1,5,40,14,8,1,5,4,5,7,4,4,9,4,4,2,13,1,23,3,10,1,1,7,9,1,10,1,11,,16,,1,22,9,121.5682828,25.0283713
112,4,14,8,20,2,12內湖區,內湖區康寧路3段60號,0,0,1,3,B03,8,1,5,50,14,7,1,5,4,5,7,4,4,1,4,5,1,16,2,50,3,10,1,1,7,9,1,8,1,4,,44,,1,22,9,121.6107377,25.07075923
112,4,14,8,20,2,12內湖區,內湖區康寧路3段60號,0,0,1,1,C03,8,1,5,50,14,7,1,5,4,5,7,4,4,1,4,5,1,16,1,64,2,7,1,1,7,7,1,10,1,14,,7,,1,22,9,121.6107377,25.07075923
112,4,14,8,20,2,12內湖區,內湖區康寧路3段60號,0,0,1,2,B03,8,1,5,50,14,7,1,5,4,5,7,4,4,1,4,5,1,16,2,57,3,10,1,1,7,9,1,8,1,2,,44,,1,22,9,121.6107377,25.07075923
112,4,14,8,22,2,05中正區,中正區辛亥路1段22號,0,0,2,2,C03,8,1,5,50,14,9,1,5,4,5,7,4,4,1,4,5,2,12,1,43,2,7,1,1,7,9,1,10,1,11,,42,,1,22,9,121.5290815,25.01932738
112,4,14,8,22,2,05中正區,中正區辛亥路1段22號,0,0,2,1,C03,8,1,5,50,14,9,1,5,4,5,7,4,4,1,4,5,2,12,2,54,2,7,1,1,7,6,1,10,1,12,,9,,1,22,9,121.5290815,25.01932738
112,4,14,8,35,2,03中山區,中山區龍江路185號,0,0,1,1,B03,8,1,5,50,14,9,1,5,4,5,7,4,4,9,4,5,1,17,1,63,4,11,3,4,7,15,7,19,11,15,,43,,2,22,9,121.5405799,25.05566235
112,4,14,8,35,2,03中山區,中山區龍江路185號,0,0,1,3,H02,8,1,5,50,14,9,1,5,4,5,7,4,4,9,4,5,1,17,2,63,4,11,3,4,7,15,7,19,10,15,,43,,2,22,9,121.5405799,25.05566235
112,4,14,8,35,2,03中山區,中山區龍江路185號,0,0,1,2,F01,8,1,5,50,14,9,1,5,4,5,7,4,4,9,4,5,1,17,2,45,2,9,3,4,7,15,8,20,11,15,,,,1,22,9,121.5405799,25.05566235
112,4,14,8,49,2,01大同區,大同區長安西路與長安西路145巷口,0,0,2,1,B01,7,1,5,50,4,1,1,5,4,5,7,1,1,5,5,5,2,17,1,67,3,10,3,4,7,8,1,4,1,2,,17,,1,22,9,121.5147226,25.05143561
112,4,14,8,49,2,01大同區,大同區長安西路與長安西路145巷口,0,0,2,2,C03,7,1,5,50,4,1,1,5,4,5,7,1,1,5,5,5,2,17,2,45,2,9,3,4,7,9,1,10,1,14,,44,,1,22,9,121.5147226,25.05143561
112,4,14,8,49,2,01大同區,大同區長安西路與長安西路145巷口,0,0,2,3,H02,7,1,5,50,4,1,1,5,4,5,7,1,1,5,5,5,2,17,1,48,2,8,3,5,7,21,8,20,10,16,,67,,1,22,9,121.5147226,25.05143561
112,4,14,8,50,2,04大安區,大安區復興南路2段82號,0,0,2,2,C03,8,1,5,50,14,9,1,5,4,5,7,4,4,1,3,5,2,17,1,60,2,9,1,1,7,9,1,10,1,13,,44,,1,22,9,121.543449,25.0309806
112,4,14,8,50,2,04大安區,大安區復興南路2段82號,0,0,2,3,B12,8,1,5,50,14,9,1,5,4,5,7,4,4,1,3,5,2,17,2,49,3,10,1,1,7,13,1,8,1,7,,38,,1,22,9,121.543449,25.0309806
112,4,14,8,50,2,04大安區,大安區復興南路2段82號,0,0,2,1,C03,8,1,5,50,14,9,1,5,4,5,7,4,4,1,3,5,2,17,1,22,2,9,1,1,7,9,1,10,1,11,,13,,1,22,9,121.543449,25.0309806
112,4,14,9,3,2,01大同區,大同區民生西路287號,0,0,2,3,B03,8,1,5,50,14,9,1,5,4,5,7,4,4,9,4,5,2,16,1,28,3,10,3,4,7,13,1,8,11,4,,44,,1,22,9,121.5133573,25.05699921
112,4,14,9,3,2,01大同區,大同區民生西路287號,0,0,2,1,C04,8,1,5,50,14,9,1,5,4,5,7,4,4,9,4,5,2,16,1,73,2,9,1,1,7,5,3,18,1,12,,8,,1,22,9,121.5133573,25.05699921
112,4,14,9,3,2,01大同區,大同區民生西路287號,0,0,2,2,C03,8,1,5,50,14,9,1,5,4,5,7,4,4,9,4,5,2,16,1,30,2,9,1,1,7,9,1,10,1,11,,44,,1,22,9,121.5133573,25.05699921
112,4,14,9,3,2,12內湖區,內湖區舊宗路2段與舊宗路2段135巷口,0,0,1,2,B02,8,1,5,50,14,9,1,5,4,5,7,4,4,3,4,5,2,12,1,55,3,10,1,1,7,8,1,8,1,7,,17,,1,22,9,121.5748164,25.0702241
112,4,14,9,3,2,12內湖區,內湖區舊宗路2段與舊宗路2段135巷口,0,0,1,3,B03,8,1,5,50,14,9,1,5,4,5,7,4,4,3,4,5,2,12,1,41,3,10,1,1,7,6,1,8,9,15,,6,,1,22,9,121.5748164,25.0702241
112,4,14,9,3,2,12內湖區,內湖區舊宗路2段與舊宗路2段135巷口,0,0,1,1,C03,8,1,5,50,14,9,1,5,4,5,7,4,4,3,4,5,2,12,1,43,2,9,1,1,7,7,1,10,1,12,,23,,1,22,9,121.5748164,25.0702241
112,4,14,9,4,2,04大安區,大安區羅斯福路4段21號旁,0,0,1,2,C03,8,1,5,50,14,9,1,5,4,5,7,1,1,1,4,5,2,17,2,37,3,10,1,1,7,12,1,10,9,13,,44,,2,22,9,121.5357263,25.0135917
112,4,14,9,4,2,04大安區,大安區羅斯福路4段21號旁,0,0,1,1,C03,8,1,5,50,14,9,1,5,4,5,7,1,1,1,4,5,2,17,2,25,2,9,1,1,7,12,1,10,1,11,,16,,1,22,9,121.5357263,25.0135917
112,4,14,9,25,2,12內湖區,內湖區洲子街62號旁,0,0,1,2,C03,8,1,5,50,14,9,1,5,4,5,7,4,4,9,5,5,2,16,1,46,2,9,1,1,7,9,1,10,2,14,,44,,1,22,9,121.572539,25.07945794
112,4,14,9,25,2,12內湖區,內湖區洲子街62號旁,0,0,1,1,B03,8,1,5,50,14,9,1,5,4,5,7,4,4,9,5,5,2,16,1,53,3,10,1,1,7,5,1,8,2,1,,8,,1,22,9,121.572539,25.07945794
112,4,14,9,37,2,04大安區,大安區忠孝東路4段231號與忠孝東路4段223巷口,0,0,1,1,B03,8,1,5,50,3,2,1,5,4,5,7,4,4,10,5,5,1,16,1,42,3,10,3,1,7,1,1,8,1,1,,,,1,22,9,121.5530095,25.0418349
112,4,14,9,37,2,04大安區,大安區忠孝東路4段231號與忠孝東路4段223巷口,0,0,1,2,F02,8,1,5,50,3,2,1,5,4,5,7,4,4,10,5,5,1,16,2,66,2,9,3,1,7,9,8,20,1,16,,,,1,22,9,121.5530095,25.0418349
112,4,14,9,37,2,04大安區,大安區忠孝東路4段231號與忠孝東路4段223巷口,0,0,1,3,B11,8,1,5,50,3,2,1,5,4,5,7,4,4,10,5,5,1,16,1,53,3,10,3,4,7,14,1,8,1,15,,,,1,22,9,121.5530095,25.0418349
112,4,14,9,50,2,05中正區,中正區市民大道2段與林森北路口,0,0,1,1,B01,8,1,5,50,4,1,1,5,4,5,7,1,1,5,4,5,2,17,1,59,3,10,1,1,7,9,1,2,2,6,,17,,1,22,9,121.5241451,25.0476647
112,4,14,9,50,2,05中正區,中正區市民大道2段與林森北路口,0,0,1,2,C03,8,1,5,50,4,1,1,5,4,5,7,1,1,5,4,5,2,17,1,39,2,9,1,1,7,9,1,9,2,14,,23,,1,22,9,121.5241451,25.0476647
112,4,14,9,50,2,05中正區,中正區市民大道2段與林森北路口,0,0,1,3,B12,8,1,5,50,4,1,1,5,4,5,7,1,1,5,4,5,2,17,1,32,3,10,1,1,7,9,1,8,2,4,,44,,1,22,9,121.5241451,25.0476647
112,4,14,9,59,2,03中山區,中山區北安路與大直街口,0,0,3,2,B02,8,1,5,50,4,1,1,5,4,5,7,1,1,3,4,5,2,17,2,59,2,9,1,1,7,9,1,8,1,8,,44,,1,22,9,121.5470919,25.07992493
112,4,14,9,59,2,03中山區,中山區北安路與大直街口,0,0,3,3,H02,8,1,5,50,4,1,1,5,4,5,7,1,1,3,4,5,2,17,1,79,2,9,1,5,7,20,8,20,10,16,,67,,1,22,9,121.5470919,25.07992493
112,4,14,9,59,2,03中山區,中山區北安路與大直街口,0,0,3,4,H02,8,1,5,50,4,1,1,5,4,5,7,1,1,3,4,5,2,17,2,87,2,9,1,5,7,20,8,20,10,16,,67,,1,22,9,121.5470919,25.07992493
112,4,14,9,59,2,03中山區,中山區北安路與大直街口,0,0,3,1,B03,8,1,5,50,4,1,1,5,4,5,7,1,1,3,4,5,2,17,1,38,3,10,1,1,7,5,3,18,1,1,,25,,1,22,9,121.5470919,25.07992493
112,4,14,10,4,2,12內湖區,內湖區民善街與新湖一路口,0,0,1,2,H01,8,1,5,50,4,1,1,5,4,5,7,1,1,5,5,5,2,3,2,27,2,7,4,5,8,16,8,20,10,16,,67,,1,22,9,121.5762509,25.0588317
112,4,14,10,4,2,12內湖區,內湖區民善街與新湖一路口,0,0,1,1,A05,8,1,5,50,4,1,1,5,4,5,7,1,1,5,5,5,2,3,1,41,3,10,3,4,7,5,1,2,11,8,,15,,2,22,9,121.5762509,25.0588317
112,4,14,10,10,2,09北投區,北投區中央北路2段333號,0,0,1,1,B03,8,1,5,50,14,9,1,5,4,5,7,2,1,9,4,5,2,12,2,58,3,10,1,1,7,5,1,8,1,2,,8,,1,22,9,121.4892379,25.13846257
112,4,14,10,10,2,09北投區,北投區中央北路2段333號,0,0,1,2,C03,8,1,5,50,14,9,1,5,4,5,7,2,1,9,4,5,2,12,2,66,2,9,1,1,7,9,1,10,1,11,,44,,1,22,9,121.4892379,25.13846257
112,4,14,10,18,2,03中山區,中山區中山北路4段與北安路口往北機車專用道,0,0,2,2,F01,8,1,5,50,14,11,1,5,4,5,7,4,4,1,5,5,2,13,2,43,2,9,1,1,7,9,8,20,1,16,,44,,1,22,9,121.5264884,25.0768232
112,4,14,10,18,2,03中山區,中山區中山北路4段與北安路口往北機車專用道,0,0,2,1,C03,8,1,5,50,14,11,1,5,4,5,7,4,4,1,5,5,2,13,1,39,2,9,1,1,7,9,1,10,1,11,,16,,1,22,9,121.5264884,25.0768232
112,4,14,10,22,2,04大安區,大安區忠孝東路3段10巷與新生南路1段97巷口,0,0,1,1,C03,8,1,5,30,4,1,1,5,4,5,7,4,4,10,5,5,1,15,1,20,2,8,3,4,7,9,1,10,1,11,,4,,1,22,9,121.5334748,25.0411254
112,4,14,10,22,2,04大安區,大安區忠孝東路3段10巷與新生南路1段97巷口,0,0,1,2,B02,8,1,5,30,4,1,1,5,4,5,7,4,4,10,5,5,1,15,1,26,3,10,3,4,7,9,1,8,1,5,,44,,1,22,9,121.5334748,25.0411254
112,4,14,10,26,2,06松山區,松山區光復北路與光復北路190巷口,0,0,1,1,C03,8,1,5,50,4,2,1,5,4,5,7,2,1,9,4,5,2,13,1,22,2,7,1,1,7,9,1,10,1,11,,16,,1,22,9,121.555901,25.05466922
112,4,14,10,26,2,06松山區,松山區光復北路與光復北路190巷口,0,0,1,2,B02,8,1,5,50,4,2,1,5,4,5,7,2,1,9,4,5,2,13,1,46,3,10,1,1,7,14,1,8,1,7,,44,,1,22,9,121.555901,25.05466922
112,4,14,10,32,2,09北投區,北投區中央北路4段與中央北路4段515巷口,0,0,1,2,C03,8,1,5,50,3,1,1,5,4,5,7,2,1,5,4,5,1,16,1,76,2,9,1,1,7,9,1,10,1,14,,44,,1,22,9,121.4683661,25.12818552
112,4,14,10,32,2,09北投區,北投區中央北路4段與中央北路4段515巷口,0,0,1,1,B12,8,1,5,50,3,1,1,5,4,5,7,2,1,5,4,5,1,16,1,55,3,10,1,1,7,5,6,18,1,1,,6,,1,22,9,121.4683661,25.12818552
112,4,14,10,41,2,02萬華區,萬華區中華路2段416巷與萬大路277巷33弄口,0,0,1,1,C03,8,1,5,30,4,1,1,5,4,5,7,2,1,10,5,5,2,16,1,67,3,10,1,1,7,5,1,10,1,13,,44,,1,22,9,121.5017357,25.02649363
112,4,14,10,41,2,02萬華區,萬華區中華路2段416巷與萬大路277巷33弄口,0,0,1,2,C03,8,1,5,30,4,1,1,5,4,5,7,2,1,10,5,5,2,16,1,56,2,7,1,1,7,9,1,10,1,11,,23,,1,22,9,121.5017357,25.02649363