發生年度,發生月,發生日,發生時-Hours,發生分,處理別-編號,區序,肇事地點,死亡人數,2-30日死亡人數,受傷人數,當事人序號,車種,天候,光線,道路類別,速限-速度限制,道路型態,事故位置,路面狀況1,路面狀況2,路面狀況3,道路障礙1,道路障礙2,號誌1,號誌2,車道劃分-分向,車道劃分-分道1,車道劃分-分道2,車道劃分-分道3,事故類型及型態,性別,年齡,受傷程度,主要傷處,保護裝置,行動電話,車輛用途,當事者行動狀態,駕駛資格情形,駕駛執照種類,飲酒情形,車輛撞擊部位1,車輛撞擊部位2,肇因碼-個別,肇因碼-主要,個人肇逃否,職業,旅次目的,座標-X,座標-Y
112,4,14,18,38,2,04大安區,大安區仁愛路4段與敦化南路1段口,0,0,1,1,B03,8,3,5,50,4,1,1,5,4,5,7,1,1,1,4,5,2,16,1,45,3,10,3,4,7,5,1,8,2,7,,8,,1,22,9,121.5486306,25.03737
112,4,14,18,45,2,05中正區,中正區和平西路2段與延平南路口,0,0,1,2,C03,8,3,5,50,3,1,1,5,4,5,7,1,1,2,4,4,2,16,2,38,2,8,1,1,7,9,1,10,1,13,,44,,1,22,9,121.5069608,25.0319247
112,4,14,18,45,2,05中正區,中正區和平西路2段與延平南路口,0,0,1,1,B03,8,3,5,50,3,1,1,5,4,5,7,1,1,2,4,4,2,16,1,43,3,10,1,1,7,5,1,8,1,1,,23,,1,22,9,121.5069608,25.0319247
112,4,14,18,47,2,08士林區,士林區重慶北路4段37號,0,0,1,1,B03,8,3,5,50,14,7,1,5,4,5,7,4,4,1,4,4,2,13,1,42,3,10,1,1,7,9,1,8,1,1,,23,,1,21,8,121.5127532,25.08161914
112,4,14,18,47,2,08士林區,士林區重慶北路4段37號,0,0,1,2,B03,8,3,5,50,14,7,1,5,4,5,7,4,4,1,4,4,2,13,2,49,2,5,1,1,7,14,1,8,1,3,,44,,1,21,8,121.5127532,25.08161914
112,4,14,19,2,2,04大安區,大安區四維路與四維路236巷口,0,0,1,2,H01,8,1,5,30,3,1,1,5,4,5,7,4,4,10,5,5,1,3,1,56,2,5,4,5,8,16,8,20,10,16,,67,,1,22,9,121.5478633,25.0251987
112,4,14,19,2,2,04大安區,大安區四維路與四維路236巷口,0,0,1,1,B03,8,1,5,30,3,1,1,5,4,5,7,4,4,10,5,5,1,3,1,59,3,10,3,4,7,5,1,8,1,8,,23,,1,22,9,121.5478633,25.0251987
112,4,14,19,9,2,04大安區,大安區市民大道4段與無名巷口,0,0,1,1,B03,8,3,5,40,3,1,1,5,4,5,7,1,1,9,4,5,1,12,1,42,3,10,1,4,7,6,1,8,1,5,,9,,1,22,9,121.5546451,25.0443695
112,4,14,19,9,2,04大安區,大安區市民大道4段與無名巷口,0,0,1,2,C03,8,3,5,40,3,1,1,5,4,5,7,1,1,9,4,5,1,12,1,23,2,9,1,4,7,9,1,10,1,11,,14,,1,22,9,121.5546451,25.0443695
112,4,14,19,16,2,06松山區,松山區市民大道6段往西(近基隆路1段),0,0,1,2,B03,8,3,5,0,14,9,1,5,4,5,7,4,4,3,5,5,2,13,1,24,3,10,3,4,7,9,1,8,1,2,,44,,1,22,9,121.5694438,25.04917024
112,4,14,19,16,2,06松山區,松山區市民大道6段往西(近基隆路1段),0,0,1,1,C03,8,3,5,0,14,9,1,5,4,5,7,4,4,3,5,5,2,13,1,49,2,8,3,4,7,9,1,10,1,15,,16,,1,22,9,121.5694438,25.04917024
112,4,14,19,20,2,12內湖區,內湖區文德路與內湖路2段76巷口,0,0,3,1,C03,8,3,5,50,4,1,1,5,4,5,7,1,1,1,4,4,1,12,1,55,2,9,1,1,7,8,1,10,1,13,,7,,1,22,9,121.5842069,25.07857
112,4,14,19,20,2,12內湖區,內湖區文德路與內湖路2段76巷口,0,0,3,2,C03,8,3,5,50,4,1,1,5,4,5,7,1,1,1,4,4,1,12,1,65,2,9,1,1,7,9,1,10,1,11,,44,,1,22,9,121.5842069,25.07857
112,4,14,19,20,2,12內湖區,內湖區文德路與內湖路2段76巷口,0,0,3,3,H02,8,3,5,50,4,1,1,5,4,5,7,1,1,1,4,4,1,12,2,61,2,9,1,1,7,20,8,20,10,16,,67,,1,22,9,121.5842069,25.07857
112,4,14,19,52,2,01大同區,大同區民生西路與環河北路1段口口,0,0,2,1,B03,8,3,5,50,5,2,1,5,4,5,7,2,1,5,5,5,2,12,1,50,3,10,1,1,7,9,1,8,2,2,,23,,1,22,9,121.5084575,25.05689648
112,4,14,19,52,2,01大同區,大同區民生西路與環河北路1段口口,0,0,2,2,C03,8,3,5,50,5,2,1,5,4,5,7,2,1,5,5,5,2,12,1,43,2,7,1,1,7,7,1,10,2,14,,7,,1,22,9,121.5084575,25.05689648
112,4,14,19,52,2,01大同區,大同區民生西路與環河北路1段口口,0,0,2,3,H02,8,3,5,50,5,2,1,5,4,5,7,2,1,5,5,5,2,12,2,49,2,9,1,5,7,20,8,20,10,15,,67,,1,22,9,121.5084575,25.05689648
112,4,14,19,55,2,04大安區,大安區敦化南路1段191號,0,0,1,2,H01,7,3,5,0,15,20,4,5,4,5,7,4,4,1,4,5,2,1,2,35,2,7,4,5,8,16,8,20,10,15,,67,,1,22,9,121.5492037,25.0422267
112,4,14,19,55,2,04大安區,大安區敦化南路1段191號,0,0,1,1,F01,7,3,5,0,15,20,4,5,4,5,7,4,4,1,4,5,2,1,1,33,3,10,3,4,7,9,8,20,2,16,,23,,1,22,9,121.5492037,25.0422267
112,4,14,20,7,2,05中正區,中正區青島西路11號,0,0,1,1,C03,8,3,5,50,14,9,1,5,4,5,7,4,4,5,3,5,2,12,2,24,3,10,1,1,7,7,1,10,2,14,,7,,1,22,9,121.5176151,25.0449159
112,4,14,20,7,2,05中正區,中正區青島西路11號,0,0,1,2,C03,8,3,5,50,14,9,1,5,4,5,7,4,4,5,3,5,2,12,2,61,2,9,1,1,7,9,1,10,2,12,,44,,1,22,9,121.5176151,25.0449159
112,4,14,20,10,2,07信義區,信義區永吉路與永吉路225巷口,0,0,1,1,B01,8,3,5,40,4,2,1,5,4,5,7,1,1,1,4,4,2,12,1,61,3,10,1,1,7,1,1,4,2,8,,19,,1,22,9,121.5742808,25.0456208
112,4,14,20,10,2,07信義區,信義區永吉路與永吉路225巷口,0,0,1,2,C04,8,3,5,40,4,2,1,5,4,5,7,1,1,1,4,4,2,12,2,27,2,9,1,1,7,9,1,10,2,12,,44,,1,22,9,121.5742808,25.0456208
112,4,14,20,38,2,05中正區,中正區市民大道1段168號與市民大道口迴轉道旁,0,0,1,2,C03,8,3,5,40,3,2,1,5,4,5,7,4,4,9,4,5,1,16,1,20,2,9,1,1,7,9,1,10,2,11,,14,,1,21,5,121.51899,25.0482575
112,4,14,20,38,2,05中正區,中正區市民大道1段168號與市民大道口迴轉道旁,0,0,1,1,B03,8,3,5,40,3,2,1,5,4,5,7,4,4,9,4,5,1,16,2,36,3,10,1,1,7,11,1,8,2,5,,6,,1,21,5,121.51899,25.0482575
112,4,14,20,41,2,09北投區,北投區裕民一路41巷2弄與無名巷口,0,0,3,1,C03,8,3,5,30,4,1,1,5,4,5,7,4,4,10,5,5,2,15,1,71,2,7,3,4,7,9,1,10,1,12,,6,,1,22,9,121.5186561,25.11672365
112,4,14,20,41,2,09北投區,北投區裕民一路41巷2弄與無名巷口,0,0,3,2,C03,8,3,5,30,4,1,1,5,4,5,7,4,4,10,5,5,2,15,2,20,2,9,3,4,7,9,1,10,1,14,,14,,1,22,9,121.5186561,25.11672365
112,4,14,20,41,2,09北投區,北投區裕民一路41巷2弄與無名巷口,0,0,3,3,H02,8,3,5,30,4,1,1,5,4,5,7,4,4,10,5,5,2,15,2,25,2,8,3,5,7,21,8,20,10,15,,67,,1,22,9,121.5186561,25.11672365
112,4,14,21,7,2,09北投區,北投區西安街1段與致遠一路1段46巷口,0,0,3,1,C03,8,3,5,50,4,1,1,5,4,5,7,2,1,5,4,5,2,16,1,74,2,9,1,1,7,5,1,9,2,11,,6,,1,22,9,121.5181755,25.11048546
112,4,14,21,7,2,09北投區,北投區西安街1段與致遠一路1段46巷口,0,0,3,2,C03,8,3,5,50,4,1,1,5,4,5,7,2,1,5,4,5,2,16,1,73,2,9,1,1,7,9,1,10,2,14,,44,,1,22,9,121.5181755,25.11048546
112,4,14,21,7,2,09北投區,北投區西安街1段與致遠一路1段46巷口,0,0,3,3,H02,8,3,5,50,4,1,1,5,4,5,7,2,1,5,4,5,2,16,2,71,2,9,1,5,7,20,8,20,10,16,,67,,1,22,9,121.5181755,25.11048546
112,4,14,21,14,2,01大同區,大同區承德橋北往南,0,0,1,3,H02,8,3,5,50,8,7,1,5,4,5,7,4,4,5,2,4,2,16,2,13,2,8,1,5,7,20,8,20,10,15,,67,,1,22,9,121.520272,25.07582043
112,4,14,21,14,2,01大同區,大同區承德橋北往南,0,0,1,1,B03,8,3,5,50,8,7,1,5,4,5,7,4,4,5,2,4,2,16,1,24,3,10,1,1,7,7,1,8,2,8,,7,,1,22,9,121.520272,25.07582043
112,4,14,21,14,2,01大同區,大同區承德橋北往南,0,0,1,2,C02,8,3,5,50,8,7,1,5,4,5,7,4,4,5,2,4,2,16,1,39,3,10,1,1,7,9,1,9,2,12,,44,,1,22,9,121.520272,25.07582043
112,4,14,21,21,2,10文山區,文山區羅斯福路4段與基隆路4段口口,0,0,2,1,C03,8,3,5,50,4,1,1,5,4,5,7,1,1,1,4,5,2,12,1,20,2,7,1,4,7,5,1,10,11,14,,26,,1,22,9,121.5354727,25.0135213
112,4,14,21,21,2,10文山區,文山區羅斯福路4段與基隆路4段口口,0,0,2,2,C03,8,3,5,50,4,1,1,5,4,5,7,1,1,1,4,5,2,12,2,36,2,9,1,4,7,9,1,10,11,12,,44,,1,22,9,121.5354727,25.0135213
112,4,14,22,10,2,09北投區,北投區大度路2段往淡水078燈桿,0,0,1,1,B03,8,1,5,50,14,9,1,5,4,5,7,4,4,1,4,5,1,12,1,63,3,10,3,4,7,8,1,8,2,2,,7,,1,22,9,121.4723833,25.12291989
112,4,14,22,10,2,09北投區,北投區大度路2段往淡水078燈桿,0,0,1,2,C03,8,1,5,50,14,9,1,5,4,5,7,4,4,1,4,5,1,12,1,38,2,9,3,4,7,9,1,10,2,14,,13,,1,22,9,121.4723833,25.12291989
112,4,14,22,20,2,04大安區,大安區忠孝東路4段205巷與敦化南路1段187巷口,0,0,1,2,C03,8,3,5,30,4,1,1,5,4,5,7,4,4,10,5,5,1,15,2,23,2,9,1,4,7,9,1,10,1,11,,23,,1,22,9,121.5519277,25.0425558
112,4,14,22,20,2,04大安區,大安區忠孝東路4段205巷與敦化南路1段187巷口,0,0,1,1,B01,8,3,5,30,4,1,1,5,4,5,7,4,4,10,5,5,1,15,1,40,3,10,1,4,7,9,1,4,1,2,,6,,1,22,9,121.5519277,25.0425558
112,4,14,22,30,2,05中正區,中正區中華路2段與和平西路2段口,0,0,2,1,C03,7,3,8,50,15,22,1,5,4,5,7,2,1,2,4,5,1,16,2,52,2,9,1,1,7,9,6,18,1,14,,23,,1,22,9,121.5054286,25.03347943
112,4,14,22,30,2,05中正區,中正區中華路2段與和平西路2段口,0,0,2,2,F01,7,3,8,50,15,22,1,5,4,5,7,2,1,2,4,5,1,16,1,47,2,7,2,1,7,9,8,20,1,16,,23,,1,22,9,121.5054286,25.03347943
112,4,14,22,35,2,04大安區,大安區和平東路2段365號,0,0,1,1,B01,8,3,5,50,15,9,1,5,4,5,7,1,1,1,4,5,2,17,1,56,3,10,1,1,7,11,1,4,1,2,,10,,1,22,9,121.5466395,25.024737
112,4,14,22,35,2,04大安區,大安區和平東路2段365號,0,0,1,3,C03,8,3,5,50,15,9,1,5,4,5,7,1,1,1,4,5,2,17,1,20,3,10,1,1,7,9,1,10,1,11,,13,,1,22,9,121.5466395,25.024737
112,4,14,22,35,2,04大安區,大安區和平東路2段365號,0,0,1,2,C03,8,3,5,50,15,9,1,5,4,5,7,1,1,1,4,5,2,17,1,19,2,9,1,1,7,12,3,18,1,11,,13,,1,22,9,121.5466395,25.024737
112,4,14,22,47,2,11南港區,南港區重陽路63號,0,0,1,1,B03,8,3,5,50,14,8,1,5,4,5,6,4,4,7,4,4,2,17,2,37,3,10,1,4,7,5,1,8,2,5,,8,,1,22,9,121.5970642,25.0559845
112,4,14,22,47,2,11南港區,南港區重陽路63號,0,0,1,2,C03,8,3,5,50,14,8,1,5,4,5,6,4,4,7,4,4,2,17,1,18,2,9,1,4,7,9,1,10,2,11,,44,,1,22,9,121.5970642,25.0559845
112,4,14,22,58,2,07信義區,信義區永吉路120巷與松隆路口,0,0,1,1,C03,8,3,5,50,14,9,1,5,4,5,7,2,1,5,4,5,2,16,1,25,3,10,1,1,7,5,1,9,1,14,,6,,1,22,8,121.5703272,25.04553229
112,4,14,22,58,2,07信義區,信義區永吉路120巷與松隆路口,0,0,1,2,C03,8,3,5,50,14,9,1,5,4,5,7,2,1,5,4,5,2,16,1,25,2,7,1,1,7,9,1,10,1,11,,44,,1,22,8,121.5703272,25.04553229
112,4,15,0,24,2,07信義區,信義區信義路5段與松仁路口口,0,0,1,1,C04,7,1,5,50,4,2,1,5,2,5,7,2,1,1,4,5,2,18,2,27,2,9,1,1,7,9,1,8,1,14,,13,,1,22,9,121.5680142,25.032938
112,4,15,0,24,2,07信義區,信義區信義路5段與松仁路口口,0,0,1,2,,7,1,5,50,4,2,1,5,2,5,7,2,1,1,4,5,2,18,3,0,,,,,,,,,,,,61,,1,,,121.5680142,25.032938
112,4,15,0,44,2,04大安區,大安區敦化南路1段187巷與忠孝東路4段147巷口,0,0,1,1,B03,8,3,5,30,4,1,1,5,4,5,7,4,4,10,5,5,2,15,1,30,3,10,1,1,7,9,1,8,1,1,,6,,1,22,9,121.5496019,25.0426024
112,4,15,0,44,2,04大安區,大安區敦化南路1段187巷與忠孝東路4段147巷口,0,0,1,3,H02,8,3,5,30,4,1,1,5,4,5,7,4,4,10,5,5,2,15,2,33,2,2,1,5,7,20,8,20,10,16,,67,,1,22,9,121.5496019,25.0426024
112,4,15,0,44,2,04大安區,大安區敦化南路1段187巷與忠孝東路4段147巷口,0,0,1,2,B01,8,3,5,30,4,1,1,5,4,5,7,4,4,10,5,5,2,15,1,35,3,10,1,1,7,9,1,4,1,5,,14,,1,22,9,121.5496019,25.0426024
112,4,15,1,50,2,01大同區,大同區忠孝西路2段與西寧北路口,0,0,3,1,C03,8,3,5,50,4,2,1,5,4,5,7,1,1,9,4,5,2,11,1,18,2,9,1,4,7,5,1,10,1,12,,25,,1,22,9,121.5075505,25.0484909
112,4,15,1,50,2,01大同區,大同區忠孝西路2段與西寧北路口,0,0,3,2,C03,8,3,5,50,4,2,1,5,4,5,7,1,1,9,4,5,2,11,2,27,2,9,1,4,7,9,1,10,1,14,,44,,1,22,9,121.5075505,25.0484909
112,4,15,1,50,2,01大同區,大同區忠孝西路2段與西寧北路口,0,0,3,3,H02,8,3,5,50,4,2,1,5,4,5,7,1,1,9,4,5,2,11,1,19,2,9,1,5,7,21,8,20,10,16,,67,,1,22,9,121.5075505,25.0484909
112,4,15,5,27,2,02萬華區,萬華區中華路1段與開封街2段口,0,0,1,1,B12,8,1,5,50,4,1,1,5,4,5,7,2,1,1,4,1,2,11,1,78,3,10,1,1,7,5,1,8,1,1,,25,,1,22,9,121.5092347,25.0460407
112,4,15,5,27,2,02萬華區,萬華區中華路1段與開封街2段口,0,0,1,2,C03,8,1,5,50,4,1,1,5,4,5,7,2,1,1,4,1,2,11,2,40,2,9,1,1,7,9,1,10,1,14,,44,,1,22,9,121.5092347,25.0460407
112,4,15,5,47,2,03中山區,中山區市民大道3段143號,0,1,0,2,H01,8,1,5,0,14,9,1,5,4,5,7,3,1,1,3,5,1,9,1,60,5,1,4,5,8,21,8,20,10,16,,43,,1,22,9,121.539476,25.04484252
112,4,15,5,47,2,03中山區,中山區市民大道3段143號,0,1,0,1,B01,8,1,5,0,14,9,1,5,4,5,7,3,1,1,3,5,1,9,1,55,3,10,1,1,7,9,1,4,2,1,,43,,1,22,9,121.539476,25.04484252
112,4,15,6,56,2,02萬華區,萬華區桂林路與西昌街口,0,0,2,1,C04,6,1,5,40,4,1,1,4,4,5,7,2,1,5,4,4,2,17,1,69,3,10,1,1,7,7,1,10,11,15,,7,,2,22,9,121.500602,25.0384562
112,4,15,6,56,2,02萬華區,萬華區桂林路與西昌街口,0,0,2,2,C03,6,1,5,40,4,1,1,4,4,5,7,2,1,5,4,4,2,17,1,37,2,9,1,1,7,9,1,10,1,15,,44,,1,22,9,121.500602,25.0384562
112,4,15,6,56,2,02萬華區,萬華區桂林路與西昌街口,0,0,2,3,H02,6,1,5,40,4,1,1,4,4,5,7,2,1,5,4,4,2,17,2,33,2,9,1,5,7,21,8,20,10,15,,67,,1,22,9,121.500602,25.0384562
112,4,15,7,22,2,11南港區,南港區研究院路2段研究幹32對面(胡適公園),0,0,2,2,C03,6,1,5,40,14,9,1,4,4,5,7,4,4,8,5,5,2,16,1,33,2,8,3,4,7,13,1,10,1,15,,38,,1,22,9,121.6180728,25.0399594
112,4,15,7,22,2,11南港區,南港區研究院路2段研究幹32對面(胡適公園),0,0,2,1,C03,6,1,5,40,14,9,1,4,4,5,7,4,4,8,5,5,2,16,1,37,2,9,3,4,7,9,1,10,1,11,,23,,1,22,9,121.6180728,25.0399594
112,4,15,7,35,2,04大安區,大安區和平東路3段與基隆路2段口,0,0,1,1,C03,6,1,5,50,5,2,1,4,4,5,7,2,1,8,3,5,1,16,1,64,2,3,1,1,7,7,1,10,1,14,,7,,1,22,9,121.5530201,25.0238466
112,4,15,7,35,2,04大安區,大安區和平東路3段與基隆路2段口,0,0,1,2,B03,6,1,5,50,5,2,1,4,4,5,7,2,1,8,3,5,1,16,1,58,3,10,1,1,7,9,1,8,1,2,,23,,1,22,9,121.5530201,25.0238466
112,4,15,8,10,2,03中山區,中山區建國北路3段與建國北路3段93巷口,0,0,1,1,C03,6,1,5,50,3,1,1,4,4,5,7,4,4,10,4,5,2,17,1,63,3,10,1,1,7,1,1,8,2,15,,19,,1,22,9,121.5366106,25.06570335
112,4,15,8,10,2,03中山區,中山區建國北路3段與建國北路3段93巷口,0,0,1,2,C03,6,1,5,50,3,1,1,4,4,5,7,4,4,10,4,5,2,17,1,73,2,7,1,1,7,9,1,10,2,12,,42,,1,22,9,121.5366106,25.06570335
112,4,15,8,39,2,02萬華區,萬華區中華路1段與忠孝西路2段口,0,0,1,2,A05,8,1,5,50,4,1,1,5,4,5,7,2,1,3,3,5,2,17,1,39,3,10,1,4,7,9,1,2,1,5,,44,,1,22,9,121.5098115,25.04807007
112,4,15,8,39,2,02萬華區,萬華區中華路1段與忠孝西路2段口,0,0,1,1,C02,8,1,5,50,4,1,1,5,4,5,7,2,1,3,3,5,2,17,1,44,2,9,1,4,7,9,1,9,1,14,,16,,1,22,9,121.5098115,25.04807007
112,4,15,8,45,2,12內湖區,內湖區內湖路1段737巷與內湖路1段737巷19弄口口,0,0,1,1,C03,6,1,5,50,4,1,1,4,4,5,7,4,4,9,5,5,2,17,2,69,3,10,1,1,7,9,1,10,2,14,,44,,1,22,9,121.5784857,25.07936948
112,4,15,8,45,2,12內湖區,內湖區內湖路1段737巷與內湖路1段737巷19弄口口,0,0,1,2,C03,6,1,5,50,4,1,1,4,4,5,7,4,4,9,5,5,2,17,2,59,2,7,1,1,7,9,1,10,2,12,,42,,1,22,9,121.5784857,25.07936948
112,4,15,8,49,2,03中山區,中山區中山北路3段與民族西路口,0,0,1,1,C03,7,1,5,40,14,8,1,4,4,5,7,2,1,4,1,1,1,12,2,41,2,9,1,1,7,9,1,10,1,14,,23,,1,22,9,121.5226338,25.06837952
112,4,15,8,49,2,03中山區,中山區中山北路3段與民族西路口,0,0,1,2,C03,7,1,5,40,14,8,1,4,4,5,7,2,1,4,1,1,1,12,1,55,3,10,1,1,7,14,1,10,1,13,,44,,1,22,9,121.5226338,25.06837952
112,4,15,9,15,2,04大安區,大安區復興南路2段與復興南路2段78巷口口,0,0,1,1,B01,6,1,5,50,4,1,1,4,4,5,7,1,1,1,3,4,2,17,1,36,3,10,1,1,7,5,1,4,1,2,,6,,1,22,9,121.5434636,25.0311097
112,4,15,9,15,2,04大安區,大安區復興南路2段與復興南路2段78巷口口,0,0,1,2,C04,6,1,5,50,4,1,1,4,4,5,7,1,1,1,3,4,2,17,2,61,2,9,1,1,7,9,1,11,1,11,,44,,1,22,9,121.5434636,25.0311097
112,4,15,10,19,2,10文山區,文山區萬安街16巷8號附近,0,0,1,3,C03,6,1,5,30,14,9,1,4,4,5,7,4,4,9,5,5,2,16,1,34,3,10,3,4,7,13,1,10,11,12,,44,,1,22,9,121.5694968,25.0007934
112,4,15,10,19,2,10文山區,文山區萬安街16巷8號附近,0,0,1,2,C03,6,1,5,30,14,9,1,4,4,5,7,4,4,9,5,5,2,16,2,67,2,9,1,1,7,4,1,10,2,13,,23,,1,22,9,121.5694968,25.0007934
112,4,15,10,19,2,10文山區,文山區萬安街16巷8號附近,0,0,1,4,C03,6,1,5,30,14,9,1,4,4,5,7,4,4,9,5,5,2,16,2,47,3,10,3,4,7,13,1,10,11,12,,44,,1,22,9,121.5694968,25.0007934
112,4,15,10,19,2,10文山區,文山區萬安街16巷8號附近,0,0,1,5,C04,6,1,5,30,14,9,1,4,4,5,7,4,4,9,5,5,2,16,1,111,3,10,3,4,7,13,7,19,11,14,,44,,1,22,9,121.5694968,25.0007934
112,4,15,10,19,2,10文山區,文山區萬安街16巷8號附近,0,0,1,1,B12,6,1,5,30,14,9,1,4,4,5,7,4,4,9,5,5,2,16,1,38,3,10,1,1,7,5,1,8,2,8,,8,,1,22,9,121.5694968,25.0007934
112,4,15,10,44,2,10文山區,文山區興隆路4段113-1號,0,0,1,1,C03,6,1,5,50,15,20,4,4,4,5,7,4,4,1,4,5,2,18,2,60,2,9,3,4,7,6,1,10,2,12,,43,,1,22,9,121.5611835,24.9861309
112,4,15,10,44,2,10文山區,文山區興隆路4段113-1號,0,0,1,2,,6,1,5,50,15,20,4,4,4,5,7,4,4,1,4,5,2,18,3,0,,,,,,,,,,,,67,,1,,,121.5611835,24.9861309
112,4,15,10,48,2,03中山區,中山區市民大道3段與八德路2段300巷口,0,0,1,1,B03,6,1,5,40,3,1,1,4,4,5,7,4,4,1,4,5,2,12,2,53,3,10,1,1,7,6,1,8,2,2,,6,,1,22,9,121.5428979,25.0448726
112,4,15,10,48,2,03中山區,中山區市民大道3段與八德路2段300巷口,0,0,1,2,C03,6,1,5,40,3,1,1,4,4,5,7,4,4,1,4,5,2,12,1,22,2,9,1,1,7,9,1,10,2,14,,13,,1,22,9,121.5428979,25.0448726
112,4,15,11,32,2,06松山區,松山區敦化南路1段102-1號,0,0,1,2,C03,6,1,5,50,14,9,1,4,4,5,7,4,4,8,3,5,2,17,2,26,2,9,1,1,7,9,1,10,1,14,,44,,1,22,9,121.548649,25.04577312
112,4,15,11,32,2,06松山區,松山區敦化南路1段102-1號,0,0,1,1,B01,6,1,5,50,14,9,1,4,4,5,7,4,4,8,3,5,2,17,1,60,3,10,3,4,7,8,1,4,1,5,,7,,1,22,9,121.548649,25.04577312
112,4,15,11,39,2,10文山區,文山區木柵路5段與文和橋口,0,0,2,1,B03,6,1,5,50,4,1,1,4,4,5,7,2,1,10,5,5,2,16,1,66,2,9,1,1,7,5,1,8,2,5,,42,,1,22,9,121.5949863,25.0016916
112,4,15,11,39,2,10文山區,文山區木柵路5段與文和橋口,0,0,2,2,B12,6,1,5,50,4,1,1,4,4,5,7,2,1,10,5,5,2,16,1,30,2,9,1,1,7,9,1,8,2,1,,25,,1,22,9,121.5949863,25.0016916
112,4,15,11,44,2,05中正區,中正區中山北路1段與北平西路口,0,0,1,1,C03,6,1,5,50,5,1,1,4,4,5,7,2,1,1,4,5,2,12,1,70,2,7,3,1,7,8,1,10,9,12,,7,,1,4,5,121.520199,25.047251
112,4,15,11,44,2,05中正區,中正區中山北路1段與北平西路口,0,0,1,2,B01,6,1,5,50,5,1,1,4,4,5,7,2,1,1,4,5,2,12,1,47,3,10,1,1,7,9,1,4,9,8,,44,,1,10,4,121.520199,25.047251
112,4,15,12,5,2,03中山區,中山區中山北路2段44巷與中山北路2段44巷口2號旁無名巷,0,0,1,2,B03,6,1,5,30,4,1,1,4,4,5,7,4,4,10,5,5,2,15,1,50,3,10,1,1,7,9,1,8,2,4,,6,,1,22,9,121.5216887,25.0550365
112,4,15,12,5,2,03中山區,中山區中山北路2段44巷與中山北路2段44巷口2號旁無名巷,0,0,1,1,C03,6,1,5,30,4,1,1,4,4,5,7,4,4,10,5,5,2,15,2,26,2,9,1,1,7,9,1,10,2,11,,6,,1,22,9,121.5216887,25.0550365
112,4,15,12,30,2,08士林區,士林區中山北路5段與中山北路5段470巷口,0,0,1,1,B01,7,1,5,50,3,2,1,4,4,5,7,4,4,4,4,5,2,10,1,62,3,10,1,1,7,9,1,4,2,8,,26,,1,22,9,121.5277853,25.09229211
112,4,15,12,30,2,08士林區,士林區中山北路5段與中山北路5段470巷口,0,0,1,3,H02,7,1,5,50,3,2,1,4,4,5,7,4,4,4,4,5,2,10,1,61,2,8,1,5,7,21,8,20,10,16,,67,,1,22,9,121.5277853,25.09229211
112,4,15,12,30,2,08士林區,士林區中山北路5段與中山北路5段470巷口,0,0,1,2,B01,7,1,5,50,3,2,1,4,4,5,7,4,4,4,4,5,2,10,1,55,3,10,1,1,7,9,1,4,2,7,,44,,1,22,9,121.5277853,25.09229211
112,4,15,12,48,2,01大同區,大同區環河北路1段與民生西路245巷27弄口,0,0,1,1,C03,7,1,5,50,3,1,1,4,4,5,7,4,4,8,3,5,1,17,1,43,2,9,1,1,7,9,1,10,2,14,,42,,1,22,9,121.5085505,25.05774105
112,4,15,12,48,2,01大同區,大同區環河北路1段與民生西路245巷27弄口,0,0,1,2,B03,7,1,5,50,3,1,1,4,4,5,7,4,4,8,3,5,1,17,2,63,3,10,1,1,7,14,1,8,2,15,,6,,1,22,9,121.5085505,25.05774105
112,4,15,12,55,2,08士林區,士林區天玉街5-1號,0,0,1,1,B03,7,1,5,30,15,9,1,4,4,5,7,4,4,5,4,5,2,12,1,65,3,10,1,1,7,15,1,8,1,6,,44,,1,22,9,121.5269584,25.11988026
112,4,15,12,55,2,08士林區,士林區天玉街5-1號,0,0,1,2,C03,7,1,5,30,15,9,1,4,4,5,7,4,4,5,4,5,2,12,1,42,2,9,1,1,7,6,1,10,1,11,,16,,1,22,9,121.5269584,25.11988026
112,4,15,13,3,2,03中山區,中山區民族西路與中山北路3段口,0,0,1,2,C03,6,1,5,50,4,2,1,4,4,5,7,1,1,5,4,5,2,17,2,28,2,9,1,1,7,9,1,10,1,12,,44,,1,22,9,121.5225457,25.0684334
112,4,15,13,3,2,03中山區,中山區民族西路與中山北路3段口,0,0,1,1,B03,6,1,5,50,4,2,1,4,4,5,7,1,1,5,4,5,2,17,2,22,3,10,1,1,7,8,1,8,1,2,,7,,1,22,9,121.5225457,25.0684334
112,4,15,13,7,2,05中正區,中正區林森北路與市民大道2段口,0,0,1,1,B03,7,1,5,50,4,1,1,4,4,4,6,2,1,1,4,5,2,15,1,28,3,10,1,1,7,9,1,8,2,2,,25,,1,22,9,121.5241571,25.04769726
112,4,15,13,7,2,05中正區,中正區林森北路與市民大道2段口,0,0,1,2,C03,7,1,5,50,4,1,1,4,4,4,6,2,1,1,4,5,2,15,1,23,2,9,1,1,7,9,1,10,9,11,,13,,1,22,9,121.5241571,25.04769726
112,4,15,13,21,2,04大安區,大安區敦化南路1段222號,0,0,1,2,B01,7,1,5,50,14,9,1,4,4,5,7,4,4,10,3,5,1,17,1,40,3,10,3,4,7,1,1,4,1,7,,19,,1,22,9,121.5486112,25.0411302
112,4,15,13,21,2,04大安區,大安區敦化南路1段222號,0,0,1,1,C03,7,1,5,50,14,9,1,4,4,5,7,4,4,10,3,5,1,17,1,32,2,9,1,1,7,9,1,10,1,15,,44,,1,22,9,121.5486112,25.0411302