發生年度,發生月,發生日,發生時-Hours,發生分,處理別-編號,區序,肇事地點,死亡人數,2-30日死亡人數,受傷人數,當事人序號,車種,天候,光線,道路類別,速限-速度限制,道路型態,事故位置,路面狀況1,路面狀況2,路面狀況3,道路障礙1,道路障礙2,號誌1,號誌2,車道劃分-分向,車道劃分-分道1,車道劃分-分道2,車道劃分-分道3,事故類型及型態,性別,年齡,受傷程度,主要傷處,保護裝置,行動電話,車輛用途,當事者行動狀態,駕駛資格情形,駕駛執照種類,飲酒情形,車輛撞擊部位1,車輛撞擊部位2,肇因碼-個別,肇因碼-主要,個人肇逃否,職業,旅次目的,座標-X,座標-Y
112,4,15,13,34,2,06松山區,松山區八德路2段與敦化北路口,0,0,1,2,C03,7,1,5,50,4,1,1,4,4,5,7,1,1,8,3,3,2,17,1,39,2,9,1,1,7,9,1,10,2,11,,44,,1,22,9,121.5486625,25.04823325
112,4,15,13,34,2,06松山區,松山區八德路2段與敦化北路口,0,0,1,1,B03,7,1,5,50,4,1,1,4,4,5,7,1,1,8,3,3,2,17,1,58,3,10,3,4,7,5,1,8,2,2,,8,,1,22,9,121.5486625,25.04823325
112,4,15,15,13,2,02萬華區,萬華區環河南路3段101號,0,0,1,1,C03,6,1,5,0,15,9,1,4,4,5,7,4,4,10,5,5,2,18,1,29,2,7,1,4,7,6,1,10,3,14,,43,,1,22,9,121.4907297,25.0250924
112,4,15,15,13,2,02萬華區,萬華區環河南路3段101號,0,0,1,2,,6,1,5,0,15,9,1,4,4,5,7,4,4,10,5,5,2,18,3,0,,,,,,,,,,,,67,,1,,,121.4907297,25.0250924
112,4,15,15,44,2,05中正區,中正區中山南路與濟南路1段口,0,0,1,1,C03,8,1,5,50,3,1,1,5,4,5,7,2,1,9,4,5,2,13,1,22,2,9,1,1,7,9,1,10,2,12,,23,,1,18,1,121.5190172,25.0431675
112,4,15,15,44,2,05中正區,中正區中山南路與濟南路1段口,0,0,1,2,B03,8,1,5,50,3,1,1,5,4,5,7,2,1,9,4,5,2,13,2,53,3,10,1,1,7,14,1,8,2,7,,44,,1,19,7,121.5190172,25.0431675
112,4,15,16,15,2,08士林區,士林區延平北路8段2巷200弄與延平北路7段106巷口北向南,0,0,2,1,C01,8,2,5,0,3,1,1,5,4,5,7,4,4,10,5,5,1,18,1,27,2,9,1,1,7,9,1,9,2,11,,42,,1,22,9,121.4951757,25.10968023
112,4,15,16,15,2,08士林區,士林區延平北路8段2巷200弄與延平北路7段106巷口北向南,0,0,2,2,,8,2,5,0,3,1,1,5,4,5,7,4,4,10,5,5,1,18,3,0,,,,,,,,,,,,67,,1,,,121.4951757,25.10968023
112,4,15,16,15,2,08士林區,士林區延平北路8段2巷200弄與延平北路7段106巷口北向南,0,0,2,3,H02,8,2,5,0,3,1,1,5,4,5,7,4,4,10,5,5,1,18,1,22,2,9,1,5,7,20,8,20,10,16,,67,,1,22,9,121.4951757,25.10968023
112,4,15,16,20,2,06松山區,松山區光復南路55號,0,0,2,2,B03,8,1,5,50,14,9,1,5,4,5,7,4,4,1,3,5,2,12,2,43,3,10,1,1,7,1,1,8,1,4,,19,,1,22,9,121.5578687,25.04583609
112,4,15,16,20,2,06松山區,松山區光復南路55號,0,0,2,3,C03,8,1,5,50,14,9,1,5,4,5,7,4,4,1,3,5,2,12,1,67,2,9,1,1,7,9,1,10,1,12,,44,,1,22,9,121.5578687,25.04583609
112,4,15,16,20,2,06松山區,松山區光復南路55號,0,0,2,1,C03,8,1,5,50,14,9,1,5,4,5,7,4,4,1,3,5,2,12,1,33,2,9,1,1,7,9,1,10,1,12,,23,,1,22,9,121.5578687,25.04583609
112,4,15,16,24,2,04大安區,大安區忠孝東路3段248巷13弄與仁愛路3段123巷口,0,0,1,2,C03,8,1,5,30,3,1,1,5,4,5,7,4,4,10,4,5,2,17,1,22,2,9,1,1,7,9,1,10,1,12,,26,,1,22,9,121.5419695,25.0406737
112,4,15,16,24,2,04大安區,大安區忠孝東路3段248巷13弄與仁愛路3段123巷口,0,0,1,1,B03,8,1,5,30,3,1,1,5,4,5,7,4,4,10,4,5,2,17,1,48,3,10,1,1,7,5,1,8,1,1,,44,,1,22,9,121.5419695,25.0406737
112,4,15,16,51,2,06松山區,松山區吉祥路與八德路4段245巷56弄口口,0,0,1,3,B12,8,1,5,30,4,1,1,5,4,3,7,4,4,5,4,5,2,15,3,52,,,,,,,,,,,,67,,1,,,121.5625713,25.0508082
112,4,15,16,51,2,06松山區,松山區吉祥路與八德路4段245巷56弄口口,0,0,1,1,B03,8,1,5,30,4,1,1,5,4,3,7,4,4,5,4,5,2,15,1,58,3,10,1,1,7,9,1,8,1,8,,6,,1,22,9,121.5625713,25.0508082
112,4,15,16,51,2,06松山區,松山區吉祥路與八德路4段245巷56弄口口,0,0,1,2,C04,8,1,5,30,4,1,1,5,4,3,7,4,4,5,4,5,2,15,1,39,2,9,1,1,7,9,1,10,1,12,,14,,1,22,9,121.5625713,25.0508082
112,4,15,16,54,2,03中山區,中山區市民大道3段與八德路2段210巷口,0,0,1,2,C03,7,1,5,40,3,2,1,5,4,5,7,2,1,1,4,5,2,17,1,40,2,9,3,4,7,9,6,18,2,14,,44,,1,22,9,121.5395439,25.04475819
112,4,15,16,54,2,03中山區,中山區市民大道3段與八德路2段210巷口,0,0,1,1,B12,7,1,5,40,3,2,1,5,4,5,7,2,1,1,4,5,2,17,1,53,3,10,3,4,7,6,1,8,2,5,,9,,1,22,9,121.5395439,25.04475819
112,4,15,17,16,2,09北投區,北投區磺港路與清江路25巷口,0,0,1,1,C03,7,1,5,50,3,1,1,5,4,5,7,1,1,5,5,5,1,12,2,62,2,9,1,1,7,5,1,10,1,11,,8,,1,22,9,121.5034795,25.131683
112,4,15,17,16,2,09北投區,北投區磺港路與清江路25巷口,0,0,1,2,C03,7,1,5,50,3,1,1,5,4,5,7,1,1,5,5,5,1,12,2,26,3,10,1,1,7,9,1,10,1,11,,44,,1,22,9,121.5034795,25.131683
112,4,15,17,23,2,04大安區,大安區安和路2段與安和路2段209巷口,0,0,2,2,C03,8,1,5,50,3,1,1,5,4,5,7,1,1,1,3,5,2,17,2,21,2,9,1,1,7,11,1,10,2,11,,11,,1,22,9,121.5499565,25.0261204
112,4,15,17,23,2,04大安區,大安區安和路2段與安和路2段209巷口,0,0,2,1,C03,8,1,5,50,3,1,1,5,4,5,7,1,1,1,3,5,2,17,1,30,2,9,1,1,7,9,1,10,2,11,,25,,1,22,9,121.5499565,25.0261204
112,4,15,18,0,2,06松山區,松山區八德路4段114號,0,0,1,2,C03,8,1,5,50,14,9,1,5,4,5,7,4,4,4,3,5,2,9,1,45,2,9,1,1,7,9,1,10,1,11,,44,,1,22,9,121.5612475,25.04853571
112,4,15,18,0,2,06松山區,松山區八德路4段114號,0,0,1,1,H03,8,1,5,50,14,9,1,5,4,5,7,4,4,4,3,5,2,9,1,10,3,10,4,5,8,17,8,20,1,16,,60,,1,22,9,121.5612475,25.04853571
112,4,15,18,0,2,06松山區,松山區敦化南路1段57號,0,0,1,1,B03,8,2,5,50,14,7,1,5,4,5,7,4,4,1,4,1,2,17,1,26,4,11,3,4,7,10,7,19,11,15,,7,,2,22,9,121.5491258,25.04583364
112,4,15,18,0,2,06松山區,松山區敦化南路1段57號,0,0,1,2,C03,8,2,5,50,14,7,1,5,4,5,7,4,4,1,4,1,2,17,2,29,2,9,1,4,7,9,1,10,1,14,,44,,1,22,9,121.5491258,25.04583364
112,4,15,18,0,2,11南港區,南港區南港路2段與南港路2段178巷口,0,0,3,1,C03,8,1,5,50,4,1,1,5,4,5,7,1,1,5,5,4,2,16,1,29,2,8,1,1,7,5,1,10,1,14,,6,,1,22,9,121.5997107,25.0534431
112,4,15,18,0,2,11南港區,南港區南港路2段與南港路2段178巷口,0,0,3,2,C03,8,1,5,50,4,1,1,5,4,5,7,1,1,5,5,4,2,16,2,49,2,5,1,1,7,9,1,9,1,12,,44,,1,22,9,121.5997107,25.0534431
112,4,15,18,0,2,11南港區,南港區南港路2段與南港路2段178巷口,0,0,3,3,H02,8,1,5,50,4,1,1,5,4,5,7,1,1,5,5,4,2,16,2,14,2,8,1,5,7,21,8,20,10,16,,67,,1,22,9,121.5997107,25.0534431
112,4,15,18,7,2,09北投區,北投區明德路與明德路3巷口,0,0,2,2,C03,8,2,5,50,3,1,1,5,4,5,7,4,4,5,5,5,2,16,2,44,2,1,1,1,7,9,1,10,1,11,,44,,1,22,9,121.5169737,25.1065227
112,4,15,18,7,2,09北投區,北投區明德路與明德路3巷口,0,0,2,1,C03,8,2,5,50,3,1,1,5,4,5,7,4,4,5,5,5,2,16,1,66,2,9,1,1,7,5,1,10,1,11,,6,,1,22,9,121.5169737,25.1065227
112,4,15,18,14,2,07信義區,信義區基隆路1段420號對面,0,0,1,2,C03,7,3,5,50,14,9,1,5,4,5,7,1,1,1,4,5,2,17,1,31,2,9,1,1,7,9,1,10,1,11,,13,,1,22,9,121.5598995,25.0334128
112,4,15,18,14,2,07信義區,信義區基隆路1段420號對面,0,0,1,1,B03,7,3,5,50,14,9,1,5,4,5,7,1,1,1,4,5,2,17,1,34,3,10,1,1,7,7,1,8,1,7,,7,,1,22,9,121.5598995,25.0334128
112,4,15,19,2,2,06松山區,松山區光復南路32巷16弄與光復南路46巷口,0,0,1,1,C03,8,3,5,30,5,1,1,5,4,5,7,4,4,10,5,5,2,15,1,21,2,9,3,4,7,9,1,10,1,11,,13,,1,22,9,121.5565445,25.0460158
112,4,15,19,2,2,06松山區,松山區光復南路32巷16弄與光復南路46巷口,0,0,1,2,B01,8,3,5,30,5,1,1,5,4,5,7,4,4,10,5,5,2,15,1,68,3,10,3,4,7,9,1,4,1,2,,23,,1,22,9,121.5565445,25.0460158
112,4,15,19,7,2,05中正區,中正區鄭州路與重慶北路1段口,0,0,3,1,B02,8,3,5,40,4,1,1,5,4,5,7,1,1,7,3,5,2,17,1,29,3,10,1,1,7,5,1,8,2,2,,25,,1,22,9,121.5133012,25.04931206
112,4,15,19,7,2,05中正區,中正區鄭州路與重慶北路1段口,0,0,3,2,C03,8,3,5,40,4,1,1,5,4,5,7,1,1,7,3,5,2,17,1,40,2,9,1,1,7,9,1,8,2,11,,44,,1,22,9,121.5133012,25.04931206
112,4,15,19,7,2,05中正區,中正區鄭州路與重慶北路1段口,0,0,3,3,H02,8,3,5,40,4,1,1,5,4,5,7,1,1,7,3,5,2,17,2,24,2,7,1,5,7,21,8,20,10,16,,67,,1,22,9,121.5133012,25.04931206
112,4,15,19,7,2,05中正區,中正區鄭州路與重慶北路1段口,0,0,3,4,H02,8,3,5,40,4,1,1,5,4,5,7,1,1,7,3,5,2,17,2,29,2,7,1,5,7,21,8,20,10,16,,67,,1,22,9,121.5133012,25.04931206
112,4,15,19,10,2,08士林區,士林區中正路與重慶北路4段口,0,0,1,2,C03,8,3,5,50,3,1,1,5,4,5,7,4,4,1,2,5,2,17,2,25,2,7,1,1,7,7,1,10,1,14,,7,,1,22,9,121.5098516,25.08672532
112,4,15,19,10,2,08士林區,士林區中正路與重慶北路4段口,0,0,1,1,B02,8,3,5,50,3,1,1,5,4,5,7,4,4,1,2,5,2,17,1,22,3,10,1,1,7,6,1,6,1,2,,9,,1,22,9,121.5098516,25.08672532
112,4,15,19,25,2,12內湖區,內湖區江南街65巷與文德路22巷27弄口,0,0,1,2,C03,7,3,5,30,4,1,1,5,4,5,7,4,4,5,5,5,2,16,1,58,3,10,1,1,7,9,1,10,1,11,,6,,1,22,9,121.5791368,25.07629337
112,4,15,19,25,2,12內湖區,內湖區江南街65巷與文德路22巷27弄口,0,0,1,1,C03,7,3,5,30,4,1,1,5,4,5,7,4,4,5,5,5,2,16,2,51,3,10,1,1,7,9,1,10,1,12,,44,,1,22,9,121.5791368,25.07629337
112,4,15,19,25,2,12內湖區,內湖區江南街65巷與文德路22巷27弄口,0,0,1,3,H02,7,3,5,30,4,1,1,5,4,5,7,4,4,5,5,5,2,16,2,21,2,9,1,5,7,21,8,20,10,16,,67,,1,22,9,121.5791368,25.07629337
112,4,15,19,35,2,10文山區,文山區木柵路4段33巷12號,0,0,1,1,C03,8,3,5,30,14,9,1,5,4,5,7,4,4,10,4,5,1,18,2,24,2,9,1,1,7,9,1,10,1,12,,42,,1,22,9,121.5710422,24.9944205
112,4,15,19,35,2,10文山區,文山區木柵路4段33巷12號,0,0,1,2,,8,3,5,30,14,9,1,5,4,5,7,4,4,10,4,5,1,18,3,0,,,,,,,,,,,,66,,1,,,121.5710422,24.9944205
112,4,15,19,42,2,10文山區,文山區羅斯福路5段214-1號,0,0,1,3,H02,8,3,5,50,14,20,4,5,4,5,7,4,4,1,4,5,2,17,1,16,3,10,1,5,7,19,8,20,10,16,,56,,1,22,9,121.5386825,25.00237938
112,4,15,19,42,2,10文山區,文山區羅斯福路5段214-1號,0,0,1,2,B03,8,3,5,50,14,20,4,5,4,5,7,4,4,1,4,5,2,17,1,48,3,10,1,1,7,14,1,8,1,6,,40,,1,22,9,121.5386825,25.00237938
112,4,15,19,42,2,10文山區,文山區羅斯福路5段214-1號,0,0,1,1,C03,8,3,5,50,14,20,4,5,4,5,7,4,4,1,4,5,2,17,2,57,2,9,1,1,7,9,1,10,1,14,,42,,1,22,9,121.5386825,25.00237938
112,4,15,19,48,2,04大安區,大安區泰順街45號,0,0,1,1,B03,8,3,5,30,14,9,1,5,4,5,7,4,4,9,4,5,2,12,1,73,3,10,1,1,7,14,1,8,1,4,,38,,1,22,9,121.5312194,25.0224933
112,4,15,19,48,2,04大安區,大安區泰順街45號,0,0,1,2,F01,8,3,5,30,14,9,1,5,4,5,7,4,4,9,4,5,2,12,2,85,2,9,3,1,7,9,8,20,1,16,,44,,1,22,9,121.5312194,25.0224933
112,4,15,21,0,2,10文山區,文山區木柵路1段59號與木柵路1段口,0,0,2,1,B01,8,1,5,50,4,1,1,5,4,5,7,2,1,9,4,5,1,17,1,57,3,10,1,1,7,7,1,4,1,5,,6,,1,22,9,121.5459887,24.9868277
112,4,15,21,0,2,10文山區,文山區木柵路1段59號與木柵路1段口,0,0,2,3,H02,8,1,5,50,4,1,1,5,4,5,7,2,1,9,4,5,1,17,2,21,2,9,1,1,7,21,8,20,10,16,,67,,1,22,9,121.5459887,24.9868277
112,4,15,21,0,2,10文山區,文山區木柵路1段59號與木柵路1段口,0,0,2,2,C03,8,1,5,50,4,1,1,5,4,5,7,2,1,9,4,5,1,17,1,22,2,8,1,1,7,9,1,10,1,11,,13,,1,22,9,121.5459887,24.9868277
112,4,15,21,29,2,03中山區,中山區北安路與大直街口,0,0,3,2,C03,8,3,5,50,4,1,1,5,4,5,7,1,1,1,3,5,1,11,1,34,2,7,1,1,7,9,1,10,1,14,,44,,1,22,9,121.5471736,25.0797869
112,4,15,21,29,2,03中山區,中山區北安路與大直街口,0,0,3,1,C03,8,3,5,50,4,1,1,5,4,5,7,1,1,1,3,5,1,11,1,33,2,9,1,1,7,5,1,10,1,11,,23,,1,22,9,121.5471736,25.0797869
112,4,15,21,29,2,03中山區,中山區北安路與大直街口,0,0,3,3,C03,8,3,5,50,4,1,1,5,4,5,7,1,1,1,3,5,1,11,1,32,2,9,1,1,7,9,1,10,1,11,,44,,1,22,9,121.5471736,25.0797869
112,4,15,21,35,2,04大安區,大安區市民大道4段與忠孝東路4段101巷口,0,0,2,1,B03,7,3,5,30,3,2,1,5,4,5,7,4,4,1,4,5,2,16,1,55,3,10,3,4,7,6,1,8,1,5,,6,,1,22,9,121.5481801,25.044803
112,4,15,21,35,2,04大安區,大安區市民大道4段與忠孝東路4段101巷口,0,0,2,2,C03,7,3,5,30,3,2,1,5,4,5,7,4,4,1,4,5,2,16,1,34,2,9,3,4,7,9,1,10,1,12,,44,,1,22,9,121.5481801,25.044803
112,4,15,21,35,2,04大安區,大安區市民大道4段與忠孝東路4段101巷口,0,0,2,3,H02,7,3,5,30,3,2,1,5,4,5,7,4,4,1,4,5,2,16,2,24,2,9,4,5,7,21,8,20,10,15,,67,,1,22,9,121.5481801,25.044803
112,4,15,22,24,2,02萬華區,萬華區西園路2段320巷9弄與西園路2段294巷口,0,0,2,1,C03,8,3,5,30,3,1,1,5,4,5,7,4,4,10,5,5,2,17,1,44,2,9,1,1,7,9,3,18,1,11,,6,,1,22,9,121.4925728,25.0266756
112,4,15,22,24,2,02萬華區,萬華區西園路2段320巷9弄與西園路2段294巷口,0,0,2,2,C03,8,3,5,30,3,1,1,5,4,5,7,4,4,10,5,5,2,17,2,29,2,9,1,1,7,9,1,10,1,11,,44,,1,22,9,121.4925728,25.0266756
112,4,15,23,35,2,01大同區,大同區承德路3段49號,0,0,1,2,B01,8,3,5,50,14,9,1,5,4,5,7,4,4,1,4,5,2,13,1,69,3,10,1,1,7,14,1,4,2,3,,38,,1,22,9,121.5184583,25.06489413
112,4,15,23,35,2,01大同區,大同區承德路3段49號,0,0,1,1,C03,8,3,5,50,14,9,1,5,4,5,7,4,4,1,4,5,2,13,2,34,2,8,1,1,7,9,1,10,2,11,,23,,1,22,9,121.5184583,25.06489413
112,4,15,23,56,2,12內湖區,內湖區南京東路6段與新明路426巷口,0,0,1,1,B03,8,1,5,50,4,1,1,5,4,5,7,2,1,1,5,5,1,16,1,34,3,10,1,1,7,9,1,8,1,8,,25,,1,22,9,121.5790116,25.05587867
112,4,15,23,56,2,12內湖區,內湖區南京東路6段與新明路426巷口,0,0,1,2,C03,8,1,5,50,4,1,1,5,4,5,7,2,1,1,5,5,1,16,2,56,2,9,1,1,7,9,1,10,1,12,,44,,1,22,9,121.5790116,25.05587867
112,4,16,0,5,2,05中正區,中正區和平西路2段與南海路口,0,0,1,1,B03,7,3,5,50,4,1,1,5,4,5,7,2,1,1,4,5,1,16,1,42,3,10,1,1,7,6,1,8,2,6,,9,,1,22,9,121.5091385,25.03038796
112,4,16,0,5,2,05中正區,中正區和平西路2段與南海路口,0,0,1,2,C03,7,3,5,50,4,1,1,5,4,5,7,2,1,1,4,5,1,16,1,20,2,9,1,1,7,9,1,10,2,14,,14,,1,22,9,121.5091385,25.03038796
112,4,16,0,54,2,06松山區,松山區南京東路3段與南京東路3段256巷口口,0,0,1,1,B01,8,3,5,50,3,1,1,5,4,5,7,4,4,1,4,5,2,17,1,69,3,10,1,4,7,6,1,8,2,2,,9,,1,22,9,121.5447458,25.05174613
112,4,16,0,54,2,06松山區,松山區南京東路3段與南京東路3段256巷口口,0,0,1,2,C03,8,3,5,50,3,1,1,5,4,5,7,4,4,1,4,5,2,17,1,28,2,9,1,4,7,9,1,10,2,13,,13,,1,22,9,121.5447458,25.05174613
112,4,16,2,15,2,03中山區,中山區錦州街與吉林路口,0,0,1,1,C03,8,3,5,30,4,1,1,5,4,5,7,2,1,10,5,5,2,15,1,27,2,1,1,1,7,9,1,10,2,11,,25,,1,22,9,121.5302572,25.06037087
112,4,16,2,15,2,03中山區,中山區錦州街與吉林路口,0,0,1,2,E01,8,3,5,30,4,1,1,5,4,5,7,2,1,10,5,5,2,15,1,32,3,10,1,1,7,9,1,8,2,8,,44,,1,22,9,121.5302572,25.06037087
112,4,16,2,24,2,05中正區,中正區懷寧街與漢口街1段口,0,0,1,2,B01,7,3,5,50,4,1,1,5,4,5,7,3,2,9,4,5,2,15,1,57,3,10,1,1,7,9,1,4,2,7,,44,,1,22,9,121.5141612,25.045144
112,4,16,2,24,2,05中正區,中正區懷寧街與漢口街1段口,0,0,1,1,C03,7,3,5,50,4,1,1,5,4,5,7,3,2,9,4,5,2,15,1,24,2,9,1,1,7,9,1,10,2,11,,6,,1,22,9,121.5141612,25.045144
112,4,16,4,25,2,08士林區,士林區中正路與士商路口,0,0,1,1,B12,7,3,5,50,4,2,1,5,4,5,7,1,1,10,4,5,2,17,1,62,3,10,1,1,7,6,1,8,2,15,,9,,1,22,9,121.5185953,25.0922608
112,4,16,4,25,2,08士林區,士林區中正路與士商路口,0,0,1,2,C03,7,3,5,50,4,2,1,5,4,5,7,1,1,10,4,5,2,17,2,60,2,8,1,1,7,9,1,10,2,12,,44,,1,22,9,121.5185953,25.0922608
112,4,16,5,40,2,08士林區,士林區通河西街2段與社正路口,0,0,1,1,B12,8,1,5,30,4,1,1,5,4,5,7,1,1,5,5,5,2,11,1,50,3,10,1,1,7,5,1,8,2,1,,8,,1,22,9,121.5116484,25.0890684
112,4,16,5,40,2,08士林區,士林區通河西街2段與社正路口,0,0,1,2,C03,8,1,5,30,4,1,1,5,4,5,7,1,1,5,5,5,2,11,1,42,2,9,1,1,7,9,1,10,2,11,,44,,1,22,9,121.5116484,25.0890684
112,4,16,6,37,2,02萬華區,萬華區康定路252號,0,0,1,1,C02,8,1,5,50,14,9,1,5,4,5,7,4,4,5,4,5,2,16,1,53,3,10,1,1,7,8,1,9,1,12,,7,,1,22,9,121.5015895,25.03754638
112,4,16,6,37,2,02萬華區,萬華區康定路252號,0,0,1,2,C03,8,1,5,50,14,9,1,5,4,5,7,4,4,5,4,5,2,16,1,34,2,8,1,1,7,9,1,10,1,14,,44,,1,22,9,121.5015895,25.03754638
112,4,16,7,29,2,01大同區,大同區重慶北路3段324號,0,0,1,2,C03,8,1,5,50,14,9,1,5,4,5,7,4,4,1,4,5,2,12,1,26,2,9,1,1,7,9,1,10,1,15,,42,,1,22,9,121.5138018,25.07559316
112,4,16,7,29,2,01大同區,大同區重慶北路3段324號,0,0,1,1,B01,8,1,5,50,14,9,1,5,4,5,7,4,4,1,4,5,2,12,1,62,3,10,3,4,7,8,1,4,1,15,,7,,1,22,9,121.5138018,25.07559316
112,4,16,7,45,2,07信義區,信義區松高路與松仁路口,0,0,2,2,C03,8,1,5,50,4,1,1,5,4,5,7,2,1,8,3,5,2,13,1,49,2,8,1,1,7,9,1,10,2,11,,43,,1,22,9,121.5683416,25.0386647
112,4,16,7,45,2,07信義區,信義區松高路與松仁路口,0,0,2,1,C03,8,1,5,50,4,1,1,5,4,5,7,2,1,8,3,5,2,13,2,55,2,8,1,1,7,9,1,10,2,11,,43,,1,22,9,121.5683416,25.0386647
112,4,16,8,25,2,12內湖區,內湖區成功路4段61巷與成功路4段61巷19弄口,0,0,1,1,B03,8,1,5,50,4,1,1,5,4,5,7,4,4,9,5,5,2,12,2,41,3,10,1,1,7,13,1,8,1,4,,40,,1,22,9,121.5929473,25.0812502
112,4,16,8,25,2,12內湖區,內湖區成功路4段61巷與成功路4段61巷19弄口,0,0,1,2,C03,8,1,5,50,4,1,1,5,4,5,7,4,4,9,5,5,2,12,1,46,2,9,1,1,7,9,1,10,1,12,,44,,1,22,9,121.5929473,25.0812502
112,4,16,8,28,2,02萬華區,萬華區環河南路1段23-4號,0,0,1,1,B01,8,1,5,50,14,9,1,5,4,5,7,4,4,10,5,5,1,12,1,61,3,10,1,4,7,1,1,4,1,8,,19,,1,22,9,121.5039382,25.04673761
112,4,16,8,28,2,02萬華區,萬華區環河南路1段23-4號,0,0,1,2,C03,8,1,5,50,14,9,1,5,4,5,7,4,4,10,5,5,1,12,1,29,2,9,1,4,7,9,1,10,1,12,,44,,1,22,9,121.5039382,25.04673761
112,4,16,9,28,2,03中山區,中山區北安路與明水路口,0,0,1,2,C03,8,1,5,50,5,1,1,5,4,5,7,2,1,1,1,1,1,12,2,26,2,8,3,4,7,9,1,10,1,14,,23,,1,22,9,121.5526059,25.08569806
112,4,16,9,28,2,03中山區,中山區北安路與明水路口,0,0,1,1,B02,8,1,5,50,5,1,1,5,4,5,7,2,1,1,1,1,1,12,1,42,3,10,3,4,7,6,1,8,1,6,,9,,1,22,9,121.5526059,25.08569806
112,4,16,10,11,2,06松山區,松山區觀山河濱公園第191號燈桿前,0,0,1,1,F01,8,1,7,40,14,9,1,5,4,5,7,4,4,10,5,5,2,11,1,56,3,10,3,1,7,9,8,20,1,16,,23,,1,22,9,121.5688547,25.07066713
112,4,16,10,11,2,06松山區,松山區觀山河濱公園第191號燈桿前,0,0,1,2,F01,8,1,7,40,14,9,1,5,4,5,7,4,4,10,5,5,2,11,1,54,2,7,3,1,7,9,8,20,1,16,,23,,1,22,9,121.5688547,25.07066713
112,4,16,10,40,2,12內湖區,內湖區內湖路3段143巷與金龍路213巷口口,0,0,2,2,H01,8,1,5,30,3,2,1,5,4,5,7,4,4,10,5,5,2,3,1,32,2,8,4,5,8,16,8,20,10,16,,53,,1,22,9,121.5877665,25.08838703
112,4,16,10,40,2,12內湖區,內湖區內湖路3段143巷與金龍路213巷口口,0,0,2,1,C03,8,1,5,30,3,2,1,5,4,5,7,4,4,10,5,5,2,3,2,64,2,8,1,1,7,5,1,10,1,11,,23,,1,22,9,121.5877665,25.08838703
112,4,16,11,27,2,02萬華區,萬華區中華路1段與開封街2段口,0,0,1,1,B01,8,1,5,50,4,1,1,5,4,5,7,2,1,1,5,5,2,9,1,58,3,10,1,1,7,5,1,4,1,8,,15,,1,22,9,121.5093166,25.045931
112,4,16,11,27,2,02萬華區,萬華區中華路1段與開封街2段口,0,0,1,2,H01,8,1,5,50,4,1,1,5,4,5,7,2,1,1,5,5,2,9,2,75,2,8,4,5,8,16,8,20,10,16,,67,,1,22,9,121.5093166,25.045931
112,4,16,11,50,2,02萬華區,萬華區西藏路萬華國中停車場出入口前,0,0,1,1,B03,8,1,8,0,15,22,1,5,4,5,7,4,4,10,5,5,2,16,1,63,3,10,3,4,7,1,1,8,1,5,,19,,1,22,9,121.4996009,25.02920501
112,4,16,11,50,2,02萬華區,萬華區西藏路萬華國中停車場出入口前,0,0,1,2,F01,8,1,8,0,15,22,1,5,4,5,7,4,4,10,5,5,2,16,2,82,2,9,3,4,7,15,8,20,1,16,,44,,1,22,9,121.4996009,25.02920501
112,4,16,11,51,2,04大安區,大安區龍泉街與泰順街38巷口,0,0,2,2,C03,8,1,5,30,4,1,1,5,4,5,3,4,4,10,5,5,1,15,2,37,2,9,1,4,7,9,1,10,1,11,,23,,1,22,9,121.5293672,25.0235537
112,4,16,11,51,2,04大安區,大安區龍泉街與泰順街38巷口,0,0,2,1,C03,8,1,5,30,4,1,1,5,4,5,3,4,4,10,5,5,1,15,2,43,2,9,1,4,7,9,1,10,1,11,,25,,1,22,9,121.5293672,25.0235537
112,4,16,11,53,2,07信義區,信義區信義路5段與莊敬路口,0,0,1,1,C03,8,1,5,50,4,1,1,5,4,5,7,2,1,1,4,5,2,16,1,63,4,11,3,4,7,15,7,19,11,15,,42,,2,22,9,121.5613095,25.0330578
112,4,16,11,53,2,07信義區,信義區信義路5段與莊敬路口,0,0,1,2,C03,8,1,5,50,4,1,1,5,4,5,7,2,1,1,4,5,2,16,2,21,2,9,1,1,7,9,1,10,1,11,,44,,1,22,9,121.5613095,25.0330578
112,4,16,11,55,2,03中山區,中山區建國北路3段113巷15號,0,0,1,1,B03,8,3,5,50,14,9,1,5,4,5,7,4,4,9,4,5,2,16,1,76,3,10,3,4,7,1,1,8,1,1,,19,,1,22,7,121.5363094,25.0671591
112,4,16,11,55,2,03中山區,中山區建國北路3段113巷15號,0,0,1,2,C03,8,3,5,50,14,9,1,5,4,5,7,4,4,9,4,5,2,16,1,37,2,7,3,4,7,9,1,10,1,12,,14,,1,22,1,121.5363094,25.0671591
112,4,16,11,55,2,03中山區,中山區建國北路3段113巷15號,0,0,1,3,B03,8,3,5,50,14,9,1,5,4,5,7,4,4,9,4,5,2,16,1,20,3,10,3,4,7,14,1,8,1,3,,44,,1,18,9,121.5363094,25.0671591
112,4,16,11,55,2,07信義區,信義區忠孝東路5段35號,0,0,2,1,B03,8,1,5,50,14,9,1,5,4,5,7,2,1,1,4,5,1,13,2,33,3,10,3,4,7,1,1,8,1,8,,19,,1,22,9,121.5661098,25.0411672
112,4,16,11,55,2,07信義區,信義區忠孝東路5段35號,0,0,2,2,C03,8,1,5,50,14,9,1,5,4,5,7,2,1,1,4,5,1,13,1,35,2,8,3,4,7,9,1,10,1,13,,44,,1,22,9,121.5661098,25.0411672