發生年度,發生月,發生日,發生時-Hours,發生分,處理別-編號,區序,肇事地點,死亡人數,2-30日死亡人數,受傷人數,當事人序號,車種,天候,光線,道路類別,速限-速度限制,道路型態,事故位置,路面狀況1,路面狀況2,路面狀況3,道路障礙1,道路障礙2,號誌1,號誌2,車道劃分-分向,車道劃分-分道1,車道劃分-分道2,車道劃分-分道3,事故類型及型態,性別,年齡,受傷程度,主要傷處,保護裝置,行動電話,車輛用途,當事者行動狀態,駕駛資格情形,駕駛執照種類,飲酒情形,車輛撞擊部位1,車輛撞擊部位2,肇因碼-個別,肇因碼-主要,個人肇逃否,職業,旅次目的,座標-X,座標-Y
112,4,17,7,0,2,12內湖區,內湖區內湖路2段103巷與麗山街61巷口,0,0,1,1,F01,8,1,5,50,3,1,1,5,4,5,7,4,4,9,2,5,2,16,2,64,3,10,3,4,7,5,8,20,1,15,,8,,1,22,9,121.5808006,25.08188629
112,4,17,7,0,2,12內湖區,內湖區內湖路2段103巷與麗山街61巷口,0,0,1,2,C03,8,1,5,50,3,1,1,5,4,5,7,4,4,9,2,5,2,16,2,25,2,9,1,4,7,9,1,10,1,11,,14,,1,22,9,121.5808006,25.08188629
112,4,17,7,10,2,04大安區,大安區信義路4段與仁愛路4段122巷口,0,0,1,1,B03,8,1,5,30,3,2,1,5,4,5,7,4,4,9,4,5,1,17,2,53,3,10,1,1,7,5,1,8,1,5,,6,,1,22,9,121.5502561,25.0333429
112,4,17,7,10,2,04大安區,大安區信義路4段與仁愛路4段122巷口,0,0,1,2,C03,8,1,5,30,3,2,1,5,4,5,7,4,4,9,4,5,1,17,2,58,2,9,1,1,7,9,4,11,1,11,,44,,1,22,9,121.5502561,25.0333429
112,4,17,7,20,2,01大同區,大同區延平北路2段與民權西路口,0,0,1,1,C03,8,1,5,40,4,1,1,5,4,5,7,1,1,1,1,5,2,17,1,15,4,11,3,4,7,15,7,19,11,15,,23,,2,22,9,121.5112205,25.0627882
112,4,17,7,20,2,01大同區,大同區延平北路2段與民權西路口,0,0,1,2,C03,8,1,5,40,4,1,1,5,4,5,7,1,1,1,1,5,2,17,2,40,2,8,1,1,7,9,1,10,1,13,,44,,1,22,9,121.5112205,25.0627882
112,4,17,7,25,2,07信義區,信義區信義路汽機車混合地下道,0,0,1,2,C04,8,1,5,0,14,9,1,5,4,5,7,4,4,10,3,5,2,12,2,33,2,9,1,1,7,9,1,11,1,12,,43,,1,22,9,121.5746425,25.0335466
112,4,17,7,25,2,07信義區,信義區信義路汽機車混合地下道,0,0,1,1,C03,8,1,5,0,14,9,1,5,4,5,7,4,4,10,3,5,2,12,1,45,4,11,3,4,7,15,7,19,11,15,,43,,2,22,9,121.5746425,25.0335466
112,4,17,7,35,2,06松山區,松山區民權東路3段119號,0,0,2,1,B02,8,1,5,50,14,9,1,5,4,5,7,4,4,9,5,5,2,17,1,52,3,10,1,1,7,14,1,8,1,4,,40,,1,22,9,121.5454441,25.06217291
112,4,17,7,35,2,06松山區,松山區民權東路3段119號,0,0,2,2,C03,8,1,5,50,14,9,1,5,4,5,7,4,4,9,5,5,2,17,1,43,2,9,1,1,7,9,1,10,1,12,,44,,1,22,9,121.5454441,25.06217291
112,4,17,7,35,2,06松山區,松山區民權東路3段119號,0,0,2,3,H02,8,1,5,50,14,9,1,5,4,5,7,4,4,9,5,5,2,17,2,7,2,9,1,5,7,20,8,20,10,16,,67,,1,22,9,121.5454441,25.06217291
112,4,17,7,44,2,10文山區,文山區木柵路1段144號前,0,0,1,1,C03,8,1,5,50,14,9,1,5,4,5,7,2,1,5,4,5,2,16,1,31,2,9,1,1,7,7,1,10,2,11,,7,,1,22,9,121.5516295,24.98768631
112,4,17,7,44,2,10文山區,文山區木柵路1段144號前,0,0,1,2,B03,8,1,5,50,14,9,1,5,4,5,7,2,1,5,4,5,2,16,2,54,3,10,1,1,7,9,1,8,2,5,,44,,1,22,9,121.5516295,24.98768631
112,4,17,7,53,2,08士林區,士林區延平北路6段與社中街口口,0,0,1,1,B03,8,1,5,50,5,1,1,5,4,5,7,2,1,10,5,5,2,16,1,26,3,10,1,1,7,5,1,8,1,8,,8,,1,22,9,121.5013872,25.09055591
112,4,17,7,53,2,08士林區,士林區延平北路6段與社中街口口,0,0,1,2,C03,8,1,5,50,5,1,1,5,4,5,7,2,1,10,5,5,2,16,1,45,2,9,1,1,7,9,1,10,1,14,,25,,1,22,9,121.5013872,25.09055591
112,4,17,7,54,2,05中正區,中正區思源街1號與永福橋口口,0,0,1,1,,8,1,5,50,3,1,1,5,4,5,7,1,1,5,4,5,1,17,4,0,4,11,3,4,7,15,7,19,11,15,,43,,2,22,9,121.53021,25.01348282
112,4,17,7,54,2,05中正區,中正區思源街1號與永福橋口口,0,0,1,2,C03,8,1,5,50,3,1,1,5,4,5,7,1,1,5,4,5,1,17,1,19,2,8,1,1,7,15,1,10,9,12,,42,,1,22,9,121.53021,25.01348282
112,4,17,7,55,2,12內湖區,內湖區內湖路1段與內湖路1段39巷口口,0,0,2,1,C03,8,1,5,40,14,9,1,5,4,5,7,4,4,1,4,4,2,12,2,31,2,8,1,1,7,8,1,10,1,12,,7,,1,22,9,121.5590799,25.0851227
112,4,17,7,55,2,12內湖區,內湖區內湖路1段與內湖路1段39巷口口,0,0,2,2,C03,8,1,5,40,14,9,1,5,4,5,7,4,4,1,4,4,2,12,2,25,2,6,1,1,7,9,1,10,1,14,,44,,1,22,9,121.5590799,25.0851227
112,4,17,8,1,2,10文山區,文山區興隆路2段與福興路口,0,0,1,1,C03,8,1,5,50,3,1,1,5,4,5,7,1,3,1,4,5,2,16,1,44,2,8,1,1,7,5,1,10,2,12,,6,,1,22,9,121.5517546,25.0018555
112,4,17,8,1,2,10文山區,文山區興隆路2段與福興路口,0,0,1,2,B03,8,1,5,50,3,1,1,5,4,5,7,1,3,1,4,5,2,16,1,24,3,10,1,1,7,9,3,18,2,5,,44,,1,22,9,121.5517546,25.0018555
112,4,17,8,9,2,10文山區,文山區新光路2段東往西(第0707697燈桿),0,0,2,1,C03,8,1,5,50,11,9,1,5,4,5,7,4,4,9,4,5,2,11,1,35,2,8,3,4,7,6,1,10,7,11,,4,,1,21,8,121.5983992,25.0023591
112,4,17,8,9,2,10文山區,文山區新光路2段東往西(第0707697燈桿),0,0,2,3,B03,8,1,5,50,11,9,1,5,4,5,7,4,4,9,4,5,2,11,1,64,3,10,3,4,7,14,1,8,2,8,,44,,1,21,8,121.5983992,25.0023591
112,4,17,8,9,2,10文山區,文山區新光路2段東往西(第0707697燈桿),0,0,2,2,C03,8,1,5,50,11,9,1,5,4,5,7,4,4,9,4,5,2,11,1,45,2,7,3,4,7,6,1,10,2,14,,44,,1,21,8,121.5983992,25.0023591
112,4,17,8,20,2,12內湖區,內湖區成功路4段與成功路4段182巷6弄口,0,0,2,1,C03,8,1,5,50,3,1,1,5,4,5,7,4,4,1,4,4,1,16,1,27,2,9,1,1,7,6,1,10,1,12,,9,,1,22,9,121.5934158,25.08308145
112,4,17,8,20,2,12內湖區,內湖區成功路4段與成功路4段182巷6弄口,0,0,2,2,C03,8,1,5,50,3,1,1,5,4,5,7,4,4,1,4,4,1,16,1,26,2,9,1,1,7,9,1,10,1,11,,13,,1,22,9,121.5934158,25.08308145
112,4,17,8,22,2,04大安區,大安區臥龍街與樂業街口口,0,0,2,1,C03,8,1,5,30,4,1,1,5,4,5,7,1,1,9,4,5,1,11,1,19,2,1,1,1,7,6,1,10,2,11,,9,,1,22,9,121.5545561,25.0187981
112,4,17,8,22,2,04大安區,大安區臥龍街與樂業街口口,0,0,2,2,C03,8,1,5,30,4,1,1,5,4,5,7,1,1,9,4,5,1,11,1,23,2,1,1,1,7,5,1,10,2,12,,8,,1,22,9,121.5545561,25.0187981
112,4,17,8,30,2,09北投區,北投區立農街1段257巷與立農街1段27巷12弄口,0,0,3,2,C03,8,1,5,30,4,1,1,5,4,5,7,4,4,10,5,5,2,16,2,38,2,7,3,4,7,9,1,10,1,11,,43,,1,22,9,121.5055811,25.12036107
112,4,17,8,30,2,09北投區,北投區立農街1段257巷與立農街1段27巷12弄口,0,0,3,3,H02,8,1,5,30,4,1,1,5,4,5,7,4,4,10,5,5,2,16,1,10,2,7,3,5,7,20,8,20,10,16,,67,,1,22,9,121.5055811,25.12036107
112,4,17,8,30,2,09北投區,北投區立農街1段257巷與立農街1段27巷12弄口,0,0,3,1,C03,8,1,5,30,4,1,1,5,4,5,7,4,4,10,5,5,2,16,1,57,2,8,3,4,7,9,1,10,1,14,,43,,1,22,9,121.5055811,25.12036107
112,4,17,8,30,2,11南港區,南港區研究院路4段159號對面,0,0,2,1,C03,8,1,6,30,11,9,1,5,4,5,1,4,4,5,5,5,1,10,1,55,2,8,1,1,7,9,1,10,1,11,,4,,1,22,9,121.5939163,25.01888147
112,4,17,8,30,2,11南港區,南港區研究院路4段159號對面,0,0,2,2,C03,8,1,6,30,11,9,1,5,4,5,1,4,4,5,5,5,1,10,2,20,2,5,1,1,7,9,1,10,1,14,,13,,1,17,9,121.5939163,25.01888147
112,4,17,8,40,2,05中正區,中正區貴陽街1段1號旁,0,0,1,2,B03,8,1,5,50,14,9,1,5,4,5,7,4,4,9,4,5,1,12,1,49,3,10,1,1,7,9,1,8,2,7,,44,,1,4,1,121.5163936,25.038313
112,4,17,8,40,2,05中正區,中正區貴陽街1段1號旁,0,0,1,1,C03,8,1,5,50,14,9,1,5,4,5,7,4,4,9,4,5,1,12,2,32,2,9,1,1,7,4,1,10,2,12,,4,,1,21,1,121.5163936,25.038313
112,4,17,8,45,2,05中正區,中正區寧波東街與金華街口,0,0,1,1,B03,8,1,5,50,4,1,1,5,4,5,7,1,1,10,4,5,2,12,2,26,3,10,1,1,7,6,1,8,1,5,,23,,1,22,9,121.5198187,25.0319494
112,4,17,8,45,2,05中正區,中正區寧波東街與金華街口,0,0,1,2,F01,8,1,5,50,4,1,1,5,4,5,7,1,1,10,4,5,2,12,2,63,2,9,2,1,7,9,8,20,1,16,,26,,1,22,9,121.5198187,25.0319494
112,4,17,8,45,2,07信義區,信義區忠孝東路4段547號,0,0,1,1,B03,8,1,5,50,14,9,1,5,4,5,7,4,4,1,4,5,2,17,1,41,3,10,1,1,7,7,1,8,5,7,,7,,1,22,9,121.5620781,25.0412756
112,4,17,8,45,2,07信義區,信義區忠孝東路4段547號,0,0,1,2,C03,8,1,5,50,14,9,1,5,4,5,7,4,4,1,4,5,2,17,1,27,2,9,1,1,7,9,1,10,2,14,,44,,1,22,9,121.5620781,25.0412756
112,4,17,8,50,2,12內湖區,內湖區舊宗路2段與舊宗路1段121巷口,0,0,1,2,C03,8,1,5,50,4,1,1,5,4,5,7,1,1,1,4,5,2,13,2,45,3,10,1,1,7,14,1,10,1,13,,44,,1,22,9,121.5748178,25.06910539
112,4,17,8,50,2,12內湖區,內湖區舊宗路2段與舊宗路1段121巷口,0,0,1,1,C04,8,1,5,50,4,1,1,5,4,5,7,1,1,1,4,5,2,13,2,33,2,9,1,1,7,9,1,10,1,11,,23,,1,22,9,121.5748178,25.06910539
112,4,17,9,12,2,05中正區,中正區杭州南路1段25號,0,0,2,2,C03,8,1,5,50,14,9,1,5,4,5,7,4,4,10,4,5,2,12,2,54,2,9,1,1,7,9,1,10,2,12,,44,,1,22,9,121.5264601,25.04256205
112,4,17,9,12,2,05中正區,中正區杭州南路1段25號,0,0,2,1,C03,8,1,5,50,14,9,1,5,4,5,7,4,4,10,4,5,2,12,2,23,2,9,1,1,7,7,1,10,2,14,,7,,1,22,9,121.5264601,25.04256205
112,4,17,9,34,2,12內湖區,內湖區民權東路6段12號前,0,0,1,1,B01,8,1,5,50,15,6,1,5,4,5,7,4,4,1,4,5,2,17,1,67,3,10,1,1,7,5,1,4,2,1,,8,,1,22,9,121.5756836,25.06579124
112,4,17,9,34,2,12內湖區,內湖區民權東路6段12號前,0,0,1,2,C03,8,1,5,50,15,6,1,5,4,5,7,4,4,1,4,5,2,17,2,19,2,9,1,1,7,5,1,10,2,13,,8,,1,22,9,121.5756836,25.06579124
112,4,17,9,35,2,12內湖區,內湖區潭美街785號,0,0,1,2,C03,8,1,5,50,14,9,1,5,4,5,7,2,1,5,5,5,1,16,1,38,2,9,1,1,7,9,1,10,1,12,,13,,1,22,9,121.6094579,25.06334005
112,4,17,9,35,2,12內湖區,內湖區潭美街785號,0,0,1,1,B03,8,1,5,50,14,9,1,5,4,5,7,2,1,5,5,5,1,16,2,42,3,10,1,1,7,5,1,8,1,4,,8,,1,22,9,121.6094579,25.06334005
112,4,17,10,2,2,05中正區,中正區寧波西街與寧波西街66巷口,0,0,2,1,C03,8,1,5,50,4,1,1,5,4,5,7,4,4,10,4,5,2,12,1,22,2,9,3,4,7,5,1,10,1,11,,8,,1,22,9,121.5172598,25.0306961
112,4,17,10,2,2,05中正區,中正區寧波西街與寧波西街66巷口,0,0,2,2,C03,8,1,5,50,4,1,1,5,4,5,7,4,4,10,4,5,2,12,1,19,2,9,3,4,7,9,1,10,1,11,,13,,1,22,9,121.5172598,25.0306961
112,4,17,10,2,2,05中正區,中正區寧波西街與寧波西街66巷口,0,0,2,3,B03,8,1,5,50,4,1,1,5,4,5,7,4,4,10,4,5,2,12,1,54,3,10,3,4,7,13,1,8,9,2,,44,,1,22,9,121.5172598,25.0306961
112,4,17,10,12,2,04大安區,大安區和平東路3段228巷與安居街8巷口,0,0,1,2,C03,8,1,5,30,4,1,1,5,4,5,7,4,4,10,5,5,2,15,2,33,2,9,1,1,7,9,1,10,1,11,,44,,1,22,9,121.5543138,25.0218847
112,4,17,10,12,2,04大安區,大安區和平東路3段228巷與安居街8巷口,0,0,1,1,B03,8,1,5,30,4,1,1,5,4,5,7,4,4,10,5,5,2,15,1,74,3,10,1,1,7,15,1,8,1,5,,6,,1,22,9,121.5543138,25.0218847
112,4,17,10,17,2,02萬華區,萬華區華江橋機車道與和平西路3段口,0,0,1,1,C03,8,1,5,40,3,1,1,5,4,5,7,1,1,10,5,5,1,17,1,54,3,10,1,1,7,10,1,10,1,12,,7,,1,22,9,121.4910602,25.03575967
112,4,17,10,17,2,02萬華區,萬華區華江橋機車道與和平西路3段口,0,0,1,2,C03,8,1,5,40,3,1,1,5,4,5,7,1,1,10,5,5,1,17,2,44,2,7,1,1,7,9,1,10,1,14,,44,,1,22,9,121.4910602,25.03575967
112,4,17,10,28,2,06松山區,松山區民生東路3段110巷與興安街口,0,0,2,1,B01,8,1,5,30,4,1,1,5,4,5,7,4,4,9,5,5,2,15,1,57,3,10,1,1,7,9,1,4,1,5,,6,,1,22,9,121.5447944,25.05609168
112,4,17,10,28,2,06松山區,松山區民生東路3段110巷與興安街口,0,0,2,2,C03,8,1,5,30,4,1,1,5,4,5,7,4,4,9,5,5,2,15,1,25,2,9,1,1,7,9,6,10,1,14,,44,,1,22,9,121.5447944,25.05609168
112,4,17,10,28,2,06松山區,松山區民生東路3段110巷與興安街口,0,0,2,3,H02,8,1,5,30,4,1,1,5,4,5,7,4,4,9,5,5,2,15,1,25,2,9,1,5,7,20,8,20,10,16,,67,,1,22,9,121.5447944,25.05609168
112,4,17,10,43,2,09北投區,北投區西安街1段明德國中旁機車格,0,0,1,4,C03,8,1,5,50,14,9,1,5,4,5,7,4,4,10,5,5,1,16,2,42,3,10,3,1,7,13,1,10,9,12,,44,,1,22,9,121.5193043,25.10865498
112,4,17,10,43,2,09北投區,北投區西安街1段明德國中旁機車格,0,0,1,3,C03,8,1,5,50,14,9,1,5,4,5,7,4,4,10,5,5,1,16,2,42,3,10,3,1,7,13,1,10,9,12,,44,,1,22,9,121.5193043,25.10865498
112,4,17,10,43,2,09北投區,北投區西安街1段明德國中旁機車格,0,0,1,2,C03,8,1,5,50,14,9,1,5,4,5,7,4,4,10,5,5,1,16,2,75,2,9,1,1,7,9,1,10,1,12,,44,,1,22,9,121.5193043,25.10865498
112,4,17,10,43,2,09北投區,北投區西安街1段明德國中旁機車格,0,0,1,1,C03,8,1,5,50,14,9,1,5,4,5,7,4,4,10,5,5,1,16,1,75,3,10,1,1,7,3,1,10,1,13,,18,,1,22,9,121.5193043,25.10865498
112,4,17,10,52,2,04大安區,大安區羅斯福路3段301號,0,0,1,2,C03,8,1,5,50,14,8,1,5,4,5,7,2,1,8,3,5,1,17,2,20,2,9,3,4,7,15,1,10,1,11,,16,,1,22,9,121.5318514,25.0174476
112,4,17,10,52,2,04大安區,大安區羅斯福路3段301號,0,0,1,3,B11,8,1,5,50,14,8,1,5,4,5,7,2,1,8,3,5,1,17,1,54,3,10,3,4,7,15,7,19,11,15,,38,,2,22,9,121.5318514,25.0174476
112,4,17,10,52,2,04大安區,大安區羅斯福路3段301號,0,0,1,1,B03,8,1,5,50,14,8,1,5,4,5,7,2,1,8,3,5,1,17,2,62,3,10,3,4,7,6,1,8,1,3,,9,,1,22,9,121.5318514,25.0174476
112,4,17,11,25,2,03中山區,中山區松江路133巷與南京東路2段115巷口口,0,0,2,2,C03,8,1,5,30,4,1,1,5,4,5,7,4,4,10,5,5,2,16,1,44,2,7,1,4,7,9,1,9,1,12,,23,,1,22,4,121.5336441,25.0543599
112,4,17,11,25,2,03中山區,中山區松江路133巷與南京東路2段115巷口口,0,0,2,1,C03,8,1,5,30,4,1,1,5,4,5,7,4,4,10,5,5,2,16,2,24,2,7,1,4,7,9,1,10,1,11,,6,,1,22,9,121.5336441,25.0543599
112,4,17,11,37,2,03中山區,中山區基湖路112巷,0,0,1,1,B01,8,1,5,30,14,9,1,5,4,5,7,4,4,10,5,5,2,17,1,68,3,10,1,1,7,1,1,4,1,8,,19,,1,22,9,121.5635553,25.07857272
112,4,17,11,37,2,03中山區,中山區基湖路112巷,0,0,1,2,C03,8,1,5,30,14,9,1,5,4,5,7,4,4,10,5,5,2,17,1,43,2,9,1,1,7,9,1,10,1,12,,13,,1,22,9,121.5635553,25.07857272
112,4,17,11,51,2,04大安區,大安區信義路4段與通化街口口,0,0,1,1,B01,8,1,5,50,4,2,1,5,4,5,7,2,1,8,3,5,1,17,1,65,3,10,3,4,7,10,1,4,1,7,,7,,1,22,9,121.5539837,25.0331074
112,4,17,11,51,2,04大安區,大安區信義路4段與通化街口口,0,0,1,2,C03,8,1,5,50,4,2,1,5,4,5,7,2,1,8,3,5,1,17,2,104,2,9,3,4,7,15,1,10,1,12,,44,,1,22,9,121.5539837,25.0331074
112,4,17,11,52,2,09北投區,北投區重三路與新興路口,0,0,1,2,B03,8,1,5,30,4,1,1,5,4,5,1,4,4,10,5,5,2,10,1,68,3,10,3,4,7,9,1,8,2,1,,44,,1,22,9,121.4883083,25.14030172
112,4,17,11,52,2,09北投區,北投區重三路與新興路口,0,0,1,1,C03,8,1,5,30,4,1,1,5,4,5,1,4,4,10,5,5,2,10,1,20,2,9,3,4,7,9,1,10,2,11,,42,,1,22,9,121.4883083,25.14030172
112,4,17,11,54,2,06松山區,松山區健康路與塔悠路口往西迴轉道,0,1,0,1,C03,8,1,5,50,15,6,1,5,4,5,7,4,4,1,3,5,2,17,1,80,5,1,1,1,7,11,1,10,11,11,,6,,1,22,9,121.5693472,25.05441769
112,4,17,11,54,2,06松山區,松山區健康路與塔悠路口往西迴轉道,0,1,0,2,B03,8,1,5,50,15,6,1,5,4,5,7,4,4,1,3,5,2,17,1,26,3,10,1,1,7,9,1,8,2,4,,14,,1,22,9,121.5693472,25.05441769
112,4,17,11,55,2,08士林區,士林區中正路與中正路399巷口,0,0,1,1,B03,8,1,5,50,3,1,1,5,4,5,7,4,4,1,4,5,1,17,1,31,4,11,3,4,7,1,7,19,11,15,,19,,2,22,9,121.5211081,25.09412648
112,4,17,11,55,2,08士林區,士林區中正路與中正路399巷口,0,0,1,2,B12,8,1,5,50,3,1,1,5,4,5,7,4,4,1,4,5,1,17,1,31,2,8,1,1,7,9,1,8,1,8,,14,,1,21,8,121.5211081,25.09412648
112,4,17,12,5,2,03中山區,中山區北安路與大直街口,0,0,1,2,B03,8,3,5,50,5,1,1,5,4,5,7,1,1,1,4,5,2,16,1,31,3,10,3,4,7,9,1,8,1,6,,17,,1,6,9,121.5472758,25.0799053
112,4,17,12,5,2,03中山區,中山區北安路與大直街口,0,0,1,1,C03,8,3,5,50,5,1,1,5,4,5,7,1,1,1,4,5,2,16,1,26,2,8,1,4,7,9,1,10,1,11,,17,,1,7,9,121.5472758,25.0799053
112,4,17,12,12,2,06松山區,松山區麥帥一橋往市區機車道,0,0,2,1,C03,8,1,5,40,10,11,1,5,4,5,7,4,4,1,4,5,2,12,1,37,2,7,1,1,7,9,1,10,1,14,,17,,1,22,9,121.5706278,25.05153535
112,4,17,12,12,2,06松山區,松山區麥帥一橋往市區機車道,0,0,2,2,C03,8,1,5,40,10,11,1,5,4,5,7,4,4,1,4,5,2,12,2,49,2,9,1,1,7,9,1,10,1,12,,17,,1,22,9,121.5706278,25.05153535
112,4,17,12,32,2,03中山區,中山區濱江街136號,0,0,2,1,B01,8,1,5,50,14,9,1,5,4,5,7,4,4,10,4,5,1,17,1,48,3,10,1,1,7,6,1,4,2,2,,9,,1,22,9,121.5356845,25.0722582
112,4,17,12,32,2,03中山區,中山區濱江街136號,0,0,2,3,H02,8,1,5,50,14,9,1,5,4,5,7,4,4,10,4,5,1,17,2,25,2,9,1,5,7,20,8,20,10,16,,67,,1,22,9,121.5356845,25.0722582
112,4,17,12,32,2,03中山區,中山區濱江街136號,0,0,2,2,C03,8,1,5,50,14,9,1,5,4,5,7,4,4,10,4,5,1,17,1,25,2,9,1,1,7,9,1,10,9,14,,44,,1,22,9,121.5356845,25.0722582
112,4,17,13,5,2,05中正區,中正區汀州路2段與汀州路2段182巷口口,0,0,1,1,B03,8,1,5,30,4,2,1,5,4,5,7,4,4,5,5,5,2,12,2,47,3,10,1,1,7,6,1,8,1,2,,9,,1,22,9,121.5229735,25.0230959
112,4,17,13,5,2,05中正區,中正區汀州路2段與汀州路2段182巷口口,0,0,1,2,C03,8,1,5,30,4,2,1,5,4,5,7,4,4,5,5,5,2,12,1,23,2,9,1,1,7,9,1,10,1,14,,23,,1,22,9,121.5229735,25.0230959
112,4,17,13,5,2,05中正區,中正區汀州路2段與汀州路2段182巷口口,0,0,1,3,B03,8,1,5,30,4,2,1,5,4,5,7,4,4,5,5,5,2,12,1,66,3,10,1,1,7,14,1,8,1,4,,44,,1,22,9,121.5229735,25.0230959
112,4,17,14,2,2,12內湖區,內湖區文德路46號前,0,0,1,1,C03,8,1,5,40,14,8,1,5,4,5,7,4,4,1,4,4,2,16,1,56,2,9,1,1,7,1,1,10,2,14,,19,,1,22,9,121.5821474,25.0784044
112,4,17,14,2,2,12內湖區,內湖區文德路46號前,0,0,1,2,C03,8,1,5,40,14,8,1,5,4,5,7,4,4,1,4,4,2,16,1,37,3,10,1,1,7,9,1,10,2,12,,23,,1,22,9,121.5821474,25.0784044
112,4,17,14,13,2,09北投區,北投區大度路3段與知行路口,0,0,1,1,B03,8,1,5,50,4,2,1,5,4,5,7,2,1,8,3,5,2,17,2,76,3,10,1,1,7,5,1,8,1,8,,44,,1,22,9,121.46694,25.12326255
112,4,17,14,13,2,09北投區,北投區大度路3段與知行路口,0,0,1,2,C03,8,1,5,50,4,2,1,5,4,5,7,2,1,8,3,5,2,17,2,35,2,9,1,1,7,14,1,10,1,11,,44,,1,22,9,121.46694,25.12326255
112,4,17,14,15,2,03中山區,中山區民權東路2段與新生北路3段口,0,0,2,1,C03,8,1,5,50,4,2,1,5,4,5,7,1,1,5,4,5,2,13,1,41,2,9,1,1,7,9,1,10,1,12,,16,,1,22,9,121.5275533,25.06270029
112,4,17,14,15,2,03中山區,中山區民權東路2段與新生北路3段口,0,0,2,2,C03,8,1,5,50,4,2,1,5,4,5,7,1,1,5,4,5,2,13,1,45,2,9,1,1,7,12,1,10,1,14,,44,,1,22,9,121.5275533,25.06270029
112,4,17,14,38,2,12內湖區,內湖區文湖街與文湖街21巷口口,0,0,1,1,B01,8,1,5,30,3,2,1,5,4,5,7,2,1,5,5,5,2,12,2,68,3,10,1,1,7,6,1,4,1,2,,43,,1,22,9,121.5606961,25.08610589
112,4,17,14,38,2,12內湖區,內湖區文湖街與文湖街21巷口口,0,0,1,2,F01,8,1,5,30,3,2,1,5,4,5,7,2,1,5,5,5,2,12,2,65,2,9,2,1,7,9,8,20,1,16,,43,,1,22,9,121.5606961,25.08610589
112,4,17,14,46,2,05中正區,中正區羅斯福路3段與師大路口,0,0,2,2,C03,8,1,5,50,4,1,1,5,4,5,7,1,1,1,4,5,2,12,1,18,2,9,3,4,7,9,1,10,2,11,,13,,1,22,9,121.5279253,25.0206303
112,4,17,14,46,2,05中正區,中正區羅斯福路3段與師大路口,0,0,2,3,H02,8,1,5,50,4,1,1,5,4,5,7,1,1,1,4,5,2,12,1,18,2,9,3,5,7,20,8,20,10,16,,67,,1,22,9,121.5279253,25.0206303
112,4,17,14,46,2,05中正區,中正區羅斯福路3段與師大路口,0,0,2,1,B03,8,1,5,50,4,1,1,5,4,5,7,1,1,1,4,5,2,12,1,41,3,10,3,4,7,8,1,8,2,5,,7,,1,22,9,121.5279253,25.0206303
112,4,17,14,52,2,02萬華區,萬華區昆明街98-1號與西寧南路50巷口,0,0,2,1,C03,8,1,5,50,3,1,1,5,4,5,7,4,4,9,4,5,2,17,2,63,2,8,1,1,7,9,1,10,1,11,,16,,1,22,9,121.50519,25.0446712
112,4,17,14,52,2,02萬華區,萬華區昆明街98-1號與西寧南路50巷口,0,0,2,3,C03,8,1,5,50,3,1,1,5,4,5,7,4,4,9,4,5,2,17,2,34,3,10,1,1,7,12,1,10,1,15,,42,,1,22,9,121.50519,25.0446712
112,4,17,14,52,2,02萬華區,萬華區昆明街98-1號與西寧南路50巷口,0,0,2,2,C03,8,1,5,50,3,1,1,5,4,5,7,4,4,9,4,5,2,17,1,42,3,10,1,1,7,9,1,10,1,13,,44,,1,22,9,121.50519,25.0446712
112,4,17,14,52,2,02萬華區,萬華區昆明街98-1號與西寧南路50巷口,0,0,2,4,H02,8,1,5,50,3,1,1,5,4,5,7,4,4,9,4,5,2,17,2,33,2,8,1,1,7,21,8,20,10,15,,67,,1,22,9,121.50519,25.0446712
112,4,17,14,55,2,01大同區,大同區鄭州路與鄭州路29巷口,0,0,1,3,C03,8,1,5,40,3,2,1,5,4,5,7,1,1,5,4,5,2,16,1,45,3,10,1,1,7,9,1,10,1,14,,44,,1,22,9,121.5141701,25.0493406
112,4,17,14,55,2,01大同區,大同區鄭州路與鄭州路29巷口,0,0,1,1,B03,8,1,5,40,3,2,1,5,4,5,7,1,1,5,4,5,2,16,1,59,3,10,1,1,7,8,1,8,1,5,,7,,1,22,9,121.5141701,25.0493406
112,4,17,14,55,2,01大同區,大同區鄭州路與鄭州路29巷口,0,0,1,2,C03,8,1,5,40,3,2,1,5,4,5,7,1,1,5,4,5,2,16,2,21,2,8,1,1,7,9,1,10,1,14,,44,,1,22,9,121.5141701,25.0493406
112,4,17,15,4,2,10文山區,文山區羅斯福路5段201號,0,0,1,2,C03,8,1,5,50,14,9,1,5,4,5,7,4,4,1,4,5,2,17,2,104,4,11,3,4,7,15,7,19,11,15,,44,,2,22,9,121.5388802,25.00238274
112,4,17,15,4,2,10文山區,文山區羅斯福路5段201號,0,0,1,3,C04,8,1,5,50,14,9,1,5,4,5,7,4,4,1,4,5,2,17,2,36,3,10,3,4,7,13,7,19,11,12,,44,,1,22,9,121.5388802,25.00238274
112,4,17,15,4,2,10文山區,文山區羅斯福路5段201號,0,0,1,4,C03,8,1,5,50,14,9,1,5,4,5,7,4,4,1,4,5,2,17,1,59,3,10,3,4,7,13,1,10,11,12,,44,,1,22,9,121.5388802,25.00238274
112,4,17,15,4,2,10文山區,文山區羅斯福路5段201號,0,0,1,1,C03,8,1,5,50,14,9,1,5,4,5,7,4,4,1,4,5,2,17,2,19,2,9,1,1,7,9,1,10,2,11,,23,,1,22,9,121.5388802,25.00238274