發生年度,發生月,發生日,發生時-Hours,發生分,處理別-編號,區序,肇事地點,死亡人數,2-30日死亡人數,受傷人數,當事人序號,車種,天候,光線,道路類別,速限-速度限制,道路型態,事故位置,路面狀況1,路面狀況2,路面狀況3,道路障礙1,道路障礙2,號誌1,號誌2,車道劃分-分向,車道劃分-分道1,車道劃分-分道2,車道劃分-分道3,事故類型及型態,性別,年齡,受傷程度,主要傷處,保護裝置,行動電話,車輛用途,當事者行動狀態,駕駛資格情形,駕駛執照種類,飲酒情形,車輛撞擊部位1,車輛撞擊部位2,肇因碼-個別,肇因碼-主要,個人肇逃否,職業,旅次目的,座標-X,座標-Y
112,4,18,0,4,2,07信義區,信義區仁愛路4段505號,0,0,1,2,B03,7,3,5,50,14,10,1,5,4,5,7,1,1,1,4,5,2,13,1,26,2,5,1,1,7,14,1,8,2,3,,44,,1,22,9,121.5607965,25.0377049
112,4,18,1,18,2,03中山區,中山區林森北路與長春路口,0,0,2,2,C03,8,3,5,50,4,1,1,5,4,5,7,1,1,5,4,5,2,11,2,19,2,9,1,1,7,9,1,10,1,11,12,44,,1,22,9,121.5254534,25.0549376
112,4,18,1,18,2,03中山區,中山區林森北路與長春路口,0,0,2,1,B03,8,3,5,50,4,1,1,5,4,5,7,1,1,5,4,5,2,11,2,45,3,10,1,1,7,5,3,18,1,1,,6,,1,22,9,121.5254534,25.0549376
112,4,18,1,18,2,03中山區,中山區林森北路與長春路口,0,0,2,3,H02,8,3,5,50,4,1,1,5,4,5,7,1,1,5,4,5,2,11,1,23,2,9,1,5,7,20,8,20,1,16,,67,,1,22,9,121.5254534,25.0549376
112,4,18,4,25,2,02萬華區,萬華區水源路187號,0,0,1,2,B03,8,3,5,50,14,9,1,5,4,5,7,4,4,1,3,5,1,12,1,62,3,10,3,4,7,13,1,8,9,7,,44,,1,22,9,121.5107444,25.02347004
112,4,18,4,25,2,02萬華區,萬華區水源路187號,0,0,1,3,B03,8,3,5,50,14,9,1,5,4,5,7,4,4,1,3,5,1,12,1,56,3,10,3,4,7,13,1,8,9,3,,44,,1,22,9,121.5107444,25.02347004
112,4,18,4,25,2,02萬華區,萬華區水源路187號,0,0,1,1,B03,8,3,5,50,14,9,1,5,4,5,7,4,4,1,3,5,1,12,1,35,2,9,3,4,7,9,1,8,2,1,,22,,1,22,9,121.5107444,25.02347004
112,4,18,5,0,2,02萬華區,萬華區西寧南路與洛陽街口,0,0,2,1,C03,8,3,5,50,4,1,1,5,4,5,7,2,1,5,4,5,2,17,2,60,2,9,1,1,7,5,1,10,1,11,,8,,1,22,9,121.5072915,25.0476124
112,4,18,5,0,2,02萬華區,萬華區西寧南路與洛陽街口,0,0,2,2,C03,8,3,5,50,4,1,1,5,4,5,7,2,1,5,4,5,2,17,1,29,2,9,1,1,7,9,1,10,1,14,,44,,1,22,9,121.5072915,25.0476124
112,4,18,6,34,2,09北投區,北投區北投路2段與大業路452巷口,0,0,2,1,C03,8,1,5,50,4,1,1,5,4,5,7,1,1,5,4,5,2,3,1,28,2,9,1,1,7,15,3,18,2,14,,13,,1,22,9,121.4975131,25.1328384
112,4,18,6,34,2,09北投區,北投區北投路2段與大業路452巷口,0,0,2,2,H01,8,1,5,50,4,1,1,5,4,5,7,1,1,5,4,5,2,3,1,64,2,1,4,5,8,16,8,20,10,16,,67,,1,22,9,121.4975131,25.1328384
112,4,18,6,45,2,01大同區,大同區承德路2段與民權西路口,0,0,1,2,B11,8,2,5,50,4,4,1,5,4,5,7,1,1,1,4,5,2,13,1,25,3,10,1,1,7,8,1,8,1,7,,44,,1,22,9,121.5179281,25.06277986
112,4,18,6,45,2,01大同區,大同區承德路2段與民權西路口,0,0,1,1,C03,8,2,5,50,4,4,1,5,4,5,7,1,1,1,4,5,2,13,1,26,2,9,1,1,7,7,1,10,1,11,,23,,1,22,9,121.5179281,25.06277986
112,4,18,7,0,2,03中山區,中山區北安路111號福西營區對面,0,0,2,1,C03,8,1,5,50,14,9,1,5,4,5,7,4,4,1,4,5,2,13,1,36,2,7,1,1,7,9,1,10,2,11,,16,,1,22,9,121.5313009,25.0780852
112,4,18,7,0,2,03中山區,中山區北安路111號福西營區對面,0,0,2,3,H03,8,1,5,50,14,9,1,5,4,5,7,4,4,1,4,5,2,13,1,26,3,10,4,5,8,17,8,20,10,16,,67,,1,22,9,121.5313009,25.0780852
112,4,18,7,0,2,03中山區,中山區北安路111號福西營區對面,0,0,2,2,C03,8,1,5,50,14,9,1,5,4,5,7,4,4,1,4,5,2,13,1,25,2,7,1,1,7,14,1,10,2,13,,44,,1,22,9,121.5313009,25.0780852
112,4,18,7,4,2,10文山區,文山區木新路3段95巷與木新路3段95巷7弄口,0,0,1,2,C03,8,1,5,30,13,9,1,5,4,5,7,4,4,10,5,5,2,16,1,35,2,8,1,1,7,9,1,10,2,14,,44,,1,22,9,121.5630618,24.98147267
112,4,18,7,4,2,10文山區,文山區木新路3段95巷與木新路3段95巷7弄口,0,0,1,1,B03,8,1,5,30,13,9,1,5,4,5,7,4,4,10,5,5,2,16,2,41,3,10,1,1,7,9,1,8,2,5,,6,,1,22,9,121.5630618,24.98147267
112,4,18,7,31,2,03中山區,中山區復興北路422號,0,0,2,2,C03,8,1,5,50,14,9,1,5,4,5,7,4,4,1,4,5,2,12,2,53,2,9,1,1,7,9,1,10,1,14,,44,,1,22,9,121.54413,25.0627701
112,4,18,7,31,2,03中山區,中山區復興北路422號,0,0,2,3,H02,8,1,5,50,14,9,1,5,4,5,7,4,4,1,4,5,2,12,2,17,2,9,1,5,7,20,8,20,10,16,,67,,1,22,9,121.54413,25.0627701
112,4,18,7,31,2,03中山區,中山區復興北路422號,0,0,2,1,C03,8,1,5,50,14,9,1,5,4,5,7,4,4,1,4,5,2,12,1,29,3,10,1,1,7,6,1,10,1,12,,6,,1,22,9,121.54413,25.0627701
112,4,18,7,40,2,06松山區,松山區麥帥一橋東往西,0,0,1,1,B12,8,1,5,60,14,9,1,5,4,5,7,4,4,1,3,5,2,13,1,56,3,10,1,1,7,9,1,8,1,1,,16,,1,22,9,121.5725953,25.05248191
112,4,18,7,40,2,06松山區,松山區麥帥一橋東往西,0,0,1,2,B03,8,1,5,60,14,9,1,5,4,5,7,4,4,1,3,5,2,13,2,55,2,5,1,1,7,12,1,8,1,3,,44,,1,22,9,121.5725953,25.05248191
112,4,18,7,40,2,09北投區,北投區大興街與清江路口,0,0,1,1,C03,8,1,5,30,4,2,1,5,4,5,7,1,1,10,5,5,1,2,1,52,3,10,1,1,7,6,1,10,1,11,,9,,1,22,9,121.5020553,25.13082065
112,4,18,7,40,2,09北投區,北投區大興街與清江路口,0,0,1,2,H01,8,1,5,30,4,2,1,5,4,5,7,1,1,10,5,5,1,2,2,73,2,9,4,5,8,16,8,20,1,16,,67,,1,22,9,121.5020553,25.13082065
112,4,18,7,51,2,08士林區,士林區文林路與福國路口口,0,0,1,3,B01,8,1,5,50,5,2,1,5,4,5,7,2,1,1,4,5,1,9,1,44,3,10,1,1,7,3,1,4,1,2,,18,,1,22,9,121.520972,25.10193949
112,4,18,7,51,2,08士林區,士林區文林路與福國路口口,0,0,1,2,C03,8,1,5,50,5,2,1,5,4,5,7,2,1,1,4,5,1,9,2,54,2,7,1,1,7,9,1,10,1,11,,44,,1,22,9,121.520972,25.10193949
112,4,18,7,51,2,08士林區,士林區文林路與福國路口口,0,0,1,1,H02,8,1,5,50,5,2,1,5,4,5,7,2,1,1,4,5,1,9,1,52,3,10,4,5,7,20,8,20,10,15,,60,,1,22,9,121.520972,25.10193949
112,4,18,8,15,2,03中山區,中山區建國北路1段與長安東路2段口,0,0,1,2,B03,8,1,5,40,4,1,1,5,4,5,7,2,1,1,4,5,2,12,2,38,3,10,3,4,7,15,1,8,1,4,,25,,1,22,9,121.536974,25.0482737
112,4,18,8,15,2,03中山區,中山區建國北路1段與長安東路2段口,0,0,1,1,C03,8,1,5,40,4,1,1,5,4,5,7,2,1,1,4,5,2,12,1,29,2,9,1,4,7,8,1,10,1,12,,44,,1,22,9,121.536974,25.0482737
112,4,18,8,22,2,02萬華區,萬華區和平西路2段與艋舺大道口,0,0,1,2,C03,8,1,5,50,4,1,1,5,4,5,7,2,1,3,5,5,1,16,2,32,2,8,1,4,7,9,1,10,1,11,,44,,1,22,9,121.504733,25.03382132
112,4,18,8,22,2,02萬華區,萬華區和平西路2段與艋舺大道口,0,0,1,1,B12,8,1,5,50,4,1,1,5,4,5,7,2,1,3,5,5,1,16,1,64,3,10,1,4,7,6,3,18,1,6,,9,,1,22,9,121.504733,25.03382132
112,4,18,8,35,2,06松山區,松山區民權東路3段140巷與敦化北路222巷口,0,0,1,1,B03,8,1,5,30,4,1,1,5,4,5,7,4,4,10,5,5,2,1,1,31,3,10,1,1,7,6,1,8,2,1,,15,,1,22,9,121.5466608,25.0604865
112,4,18,8,35,2,06松山區,松山區民權東路3段140巷與敦化北路222巷口,0,0,1,2,H01,8,1,5,30,4,1,1,5,4,5,7,4,4,10,5,5,2,1,2,54,2,9,4,5,8,16,8,20,10,16,,67,,1,22,9,121.5466608,25.0604865
112,4,18,8,55,2,07信義區,信義區松仁路與松壽路口口,0,0,1,1,B12,8,1,5,50,3,1,1,5,4,5,7,2,1,1,4,5,1,16,1,37,3,10,3,4,7,9,1,8,1,5,,17,,1,22,9,121.5684765,25.0358001
112,4,18,8,55,2,07信義區,信義區松仁路與松壽路口口,0,0,1,2,C03,8,1,5,50,3,1,1,5,4,5,7,2,1,1,4,5,1,16,1,24,2,9,3,4,7,7,1,10,1,14,,7,,1,22,9,121.5684765,25.0358001
112,4,18,9,0,2,03中山區,中山區農安街與農安街227巷口,0,0,1,1,B01,8,1,5,30,4,1,1,5,4,5,7,4,4,10,5,5,2,16,1,64,3,10,1,1,7,5,1,4,1,1,,6,,1,22,9,121.5339001,25.0647155
112,4,18,9,0,2,03中山區,中山區農安街與農安街227巷口,0,0,1,2,C03,8,1,5,30,4,1,1,5,4,5,7,4,4,10,5,5,2,16,1,79,2,8,1,1,7,9,6,10,1,12,,44,,1,22,9,121.5339001,25.0647155
112,4,18,9,1,2,03中山區,中山區松江路377號,0,0,2,1,C03,8,1,5,50,14,9,1,5,4,5,7,4,4,1,3,5,1,13,2,45,2,9,1,4,7,9,1,10,2,11,,16,,1,22,9,121.5334615,25.06528933
112,4,18,9,1,2,03中山區,中山區松江路377號,0,0,2,2,C03,8,1,5,50,14,9,1,5,4,5,7,4,4,1,3,5,1,13,2,25,2,9,1,4,7,9,1,10,2,13,,44,,1,22,9,121.5334615,25.06528933
112,4,18,9,1,2,03中山區,中山區松江路377號,0,0,2,3,C03,8,1,5,50,14,9,1,5,4,5,7,4,4,1,3,5,1,13,2,24,3,10,1,4,7,8,1,10,2,15,,7,,1,22,9,121.5334615,25.06528933
112,4,18,9,1,2,03中山區,中山區松江路377號,0,0,2,4,B03,8,1,5,50,14,9,1,5,4,5,7,4,4,1,3,5,1,13,1,66,3,10,3,4,7,14,1,8,2,15,,38,,1,22,9,121.5334615,25.06528933
112,4,18,9,13,2,03中山區,中山區濱江街與大直橋口,0,0,1,1,B03,8,1,5,50,4,2,1,5,4,5,7,1,1,5,4,5,2,12,1,43,3,10,1,1,7,6,1,8,1,2,,6,,1,22,9,121.5444689,25.072425
112,4,18,9,13,2,03中山區,中山區濱江街與大直橋口,0,0,1,2,C03,8,1,5,50,4,2,1,5,4,5,7,1,1,5,4,5,2,12,2,34,2,8,1,1,7,9,1,10,1,14,,23,,1,22,9,121.5444689,25.072425
112,4,18,9,30,2,11南港區,南港區重陽路263巷與松河街口旁,0,0,2,2,C03,8,1,5,40,3,1,1,5,4,5,7,4,4,10,5,5,2,13,1,30,2,8,1,4,7,5,1,10,1,13,,44,,1,22,9,121.602639,25.05844563
112,4,18,9,30,2,11南港區,南港區重陽路263巷與松河街口旁,0,0,2,1,C03,8,1,5,40,3,1,1,5,4,5,7,4,4,10,5,5,2,13,1,21,2,8,1,4,7,9,1,10,1,11,,23,,1,22,9,121.602639,25.05844563
112,4,18,9,40,2,04大安區,大安區敦化南路1段247巷與敦化南路1段口,0,0,1,1,B01,8,1,5,50,14,9,1,5,4,5,7,4,4,9,4,5,1,17,1,68,3,10,1,1,7,8,1,4,1,5,,7,,1,22,9,121.5490903,25.03910968
112,4,18,9,40,2,04大安區,大安區敦化南路1段247巷與敦化南路1段口,0,0,1,2,C03,8,1,5,50,14,9,1,5,4,5,7,4,4,9,4,5,1,17,1,28,2,9,1,1,7,15,1,10,1,13,,44,,1,22,9,121.5490903,25.03910968
112,4,18,9,48,2,11南港區,南港區八德路4段與玉成街口口,0,0,1,2,C03,8,1,5,50,4,1,1,5,4,5,7,2,1,5,4,5,2,16,1,28,2,9,1,1,7,9,6,10,1,12,,42,,1,22,9,121.5815803,25.051179
112,4,18,9,48,2,11南港區,南港區八德路4段與玉成街口口,0,0,1,1,B03,8,1,5,50,4,1,1,5,4,5,7,2,1,5,4,5,2,16,1,71,3,10,1,1,7,5,1,8,1,8,,8,,1,22,9,121.5815803,25.051179
112,4,18,10,57,2,06松山區,松山區光復北路與光復北路11巷口,0,0,1,2,C03,8,1,5,50,4,1,1,5,4,5,7,2,1,1,4,5,2,17,1,48,2,9,1,4,7,9,1,10,1,11,,44,,1,22,9,121.5579699,25.04916396
112,4,18,10,57,2,06松山區,松山區光復北路與光復北路11巷口,0,0,1,1,B12,8,1,5,50,4,1,1,5,4,5,7,2,1,1,4,5,2,17,1,36,3,10,1,4,7,5,1,8,1,2,,8,,1,22,9,121.5579699,25.04916396
112,4,18,11,12,2,04大安區,大安區羅斯福路3段與師大路口,0,0,1,1,C03,8,1,5,50,4,2,1,5,4,5,7,1,1,3,4,5,2,17,2,20,2,9,1,1,7,15,1,10,1,11,,16,,1,22,9,121.5275656,25.0213939
112,4,18,11,12,2,04大安區,大安區羅斯福路3段與師大路口,0,0,1,2,C03,8,1,5,50,4,2,1,5,4,5,7,1,1,3,4,5,2,17,1,29,3,10,1,1,7,8,1,10,1,13,,7,,1,22,9,121.5275656,25.0213939
112,4,18,11,15,2,02萬華區,萬華區中華路2段56號,0,0,1,2,C03,8,1,5,50,14,9,1,5,4,5,7,1,1,8,3,5,2,16,1,74,2,9,1,1,7,7,1,10,2,12,,7,,1,22,9,121.5048285,25.03253477
112,4,18,11,15,2,02萬華區,萬華區中華路2段56號,0,0,1,1,B12,8,1,5,50,14,9,1,5,4,5,7,1,1,8,3,5,2,16,1,64,4,11,3,4,7,15,7,19,11,15,,44,,2,22,9,121.5048285,25.03253477
112,4,18,11,22,2,05中正區,中正區中山南路與濟南路1段口,0,0,1,2,C03,8,1,5,50,3,2,1,5,4,5,7,1,1,9,4,1,1,17,2,67,3,10,1,1,7,12,1,10,2,13,,14,,1,22,9,121.5189801,25.043044
112,4,18,11,22,2,05中正區,中正區中山南路與濟南路1段口,0,0,1,1,C04,8,1,5,50,3,2,1,5,4,5,7,1,1,9,4,1,1,17,2,38,2,9,1,1,7,9,1,11,2,12,,42,,1,22,9,121.5189801,25.043044
112,4,18,12,9,2,04大安區,大安區建國南路1段163號,0,0,1,2,B01,8,1,5,50,14,8,1,5,4,5,7,4,4,5,3,5,1,17,1,47,3,10,3,4,7,15,1,4,1,4,,17,,1,22,9,121.5372832,25.0228567
112,4,18,12,9,2,04大安區,大安區建國南路1段163號,0,0,1,1,C03,8,1,5,50,14,8,1,5,4,5,7,4,4,5,3,5,1,17,1,76,2,9,3,4,7,15,1,10,1,12,,17,,1,22,9,121.5372832,25.0228567
112,4,18,12,10,2,07信義區,信義區忠孝東路5段372巷與虎林街164巷60弄口,0,0,2,1,B03,8,1,5,30,4,2,1,5,4,5,7,4,4,10,5,5,2,17,2,51,3,10,1,1,7,15,1,8,1,4,,40,,1,22,9,121.5739725,25.0388094
112,4,18,12,10,2,07信義區,信義區忠孝東路5段372巷與虎林街164巷60弄口,0,0,2,2,C03,8,1,5,30,4,2,1,5,4,5,7,4,4,10,5,5,2,17,1,41,2,8,1,1,7,9,1,10,1,11,,44,,1,22,9,121.5739725,25.0388094
112,4,18,12,10,2,07信義區,信義區忠孝東路5段372巷與虎林街164巷60弄口,0,0,2,3,H02,8,1,5,30,4,2,1,5,4,5,7,4,4,10,5,5,2,17,1,36,2,9,1,5,7,20,8,20,10,16,,67,,1,22,9,121.5739725,25.0388094
112,4,18,12,15,2,03中山區,中山區市民大道3段與八德路2段300巷口,0,0,1,1,B01,8,1,5,40,3,1,1,5,4,5,7,4,4,1,4,5,2,16,1,50,3,10,3,4,7,6,1,4,1,2,,9,,1,22,9,121.5429363,25.0449716
112,4,18,12,15,2,03中山區,中山區市民大道3段與八德路2段300巷口,0,0,1,2,C03,8,1,5,40,3,1,1,5,4,5,7,4,4,1,4,5,2,16,1,30,2,8,1,4,7,9,1,10,1,14,,13,,1,22,9,121.5429363,25.0449716
112,4,18,12,50,2,03中山區,中山區民權東路3段75巷與復興北路430巷口口,0,0,1,1,C03,8,1,5,30,4,1,1,5,4,5,7,3,1,7,3,5,2,16,1,36,2,8,3,4,7,9,1,10,1,11,,6,,1,22,9,121.543682,25.0633821
112,4,18,12,50,2,03中山區,中山區民權東路3段75巷與復興北路430巷口口,0,0,1,2,B01,8,1,5,30,4,1,1,5,4,5,7,3,1,7,3,5,2,16,1,60,3,10,3,4,7,9,1,4,1,8,,44,,1,10,9,121.543682,25.0633821
112,4,18,12,53,2,12內湖區,內湖區港墘路與港墘路37巷口,0,0,1,1,C03,8,1,5,50,4,2,1,5,4,5,7,2,1,1,4,5,1,12,2,21,2,9,1,1,7,5,1,10,1,12,,23,,1,22,9,121.5782513,25.08214089
112,4,18,12,53,2,12內湖區,內湖區港墘路與港墘路37巷口,0,0,1,2,B03,8,1,5,50,4,2,1,5,4,5,7,2,1,1,4,5,1,12,1,48,3,10,1,1,7,11,1,8,1,4,,10,,1,22,9,121.5782513,25.08214089
112,4,18,12,55,2,05中正區,中正區中華路1段與貴陽街1段口,0,0,1,1,C03,8,1,5,50,4,1,1,5,4,5,7,1,1,1,4,1,1,13,1,41,2,9,1,1,7,9,1,10,2,11,,23,,1,22,9,121.5076321,25.0392592
112,4,18,12,55,2,05中正區,中正區中華路1段與貴陽街1段口,0,0,1,2,B03,8,1,5,50,4,1,1,5,4,5,7,1,1,1,4,1,1,13,1,33,3,10,1,1,7,9,1,8,2,7,,44,,1,22,9,121.5076321,25.0392592
112,4,18,13,9,2,10文山區,文山區興隆路3段192巷8弄19號附近,0,0,1,1,B03,8,1,5,30,11,9,1,5,4,5,7,4,4,9,5,5,2,11,1,62,3,10,1,1,7,9,1,8,2,4,,17,,1,22,9,121.5566218,24.9982178
112,4,18,13,9,2,10文山區,文山區興隆路3段192巷8弄19號附近,0,0,1,2,C02,8,1,5,30,11,9,1,5,4,5,7,4,4,9,5,5,2,11,1,23,2,9,1,1,7,9,1,9,2,14,,13,,2,22,9,121.5566218,24.9982178
112,4,18,13,13,2,04大安區,大安區臥龍街24號,0,0,1,2,B02,8,1,5,0,14,9,1,5,4,5,7,2,1,10,5,5,2,17,1,47,3,10,1,2,7,9,1,4,1,8,,44,,1,22,9,121.5468557,25.0229416
112,4,18,13,13,2,04大安區,大安區臥龍街24號,0,0,1,1,F01,8,1,5,0,14,9,1,5,4,5,7,2,1,10,5,5,2,17,2,49,2,9,1,1,7,9,8,20,1,16,,25,,1,22,9,121.5468557,25.0229416
112,4,18,13,33,2,04大安區,大安區羅斯福路4段與基隆路4段口,0,0,2,2,C03,8,1,5,50,16,8,1,5,4,5,7,2,1,8,3,5,1,17,1,45,2,9,3,4,7,5,1,10,2,14,,8,,1,22,9,121.5373447,25.0110725
112,4,18,13,33,2,04大安區,大安區羅斯福路4段與基隆路4段口,0,0,2,1,C03,8,1,5,50,16,8,1,5,4,5,7,2,1,8,3,5,1,17,1,28,2,9,3,4,7,15,1,10,2,12,,44,,1,22,9,121.5373447,25.0110725
112,4,18,13,40,2,12內湖區,內湖區瑞光路與瑞光路478巷口,0,0,1,1,B03,8,1,5,50,4,1,1,5,4,5,7,2,1,10,5,5,2,16,1,46,3,10,1,3,7,5,1,8,1,5,,6,,1,22,9,121.5695178,25.07880267
112,4,18,13,40,2,12內湖區,內湖區瑞光路與瑞光路478巷口,0,0,1,2,C03,8,1,5,50,4,1,1,5,4,5,7,2,1,10,5,5,2,16,1,20,2,9,1,1,7,9,1,10,1,11,,13,,1,22,9,121.5695178,25.07880267
112,4,18,13,50,2,07信義區,(忠孝東路5段372巷29弄21號前),0,0,1,1,C03,7,1,5,30,13,9,1,5,4,5,7,4,4,10,5,5,2,17,1,32,3,10,3,4,7,9,1,10,2,14,,14,,1,22,9,121.5744913,25.0389126
112,4,18,13,50,2,07信義區,(忠孝東路5段372巷29弄21號前),0,0,1,2,F01,7,1,5,30,13,9,1,5,4,5,7,4,4,10,5,5,2,17,2,61,2,9,3,4,7,9,8,20,2,16,,4,,1,22,9,121.5744913,25.0389126
112,4,18,13,50,2,07信義區,(忠孝東路5段372巷29弄21號前),0,0,1,3,B01,7,1,5,30,13,9,1,5,4,5,7,4,4,10,5,5,2,17,1,37,3,10,3,4,7,14,1,4,2,15,,38,,1,22,9,121.5744913,25.0389126
112,4,18,14,10,2,01大同區,大同區昌吉街與昌吉街81巷口,0,0,1,1,B12,8,1,5,50,4,2,1,5,4,5,7,4,4,5,2,5,2,17,1,65,4,11,3,4,7,15,7,19,11,15,,10,,2,22,9,121.5142267,25.0659432
112,4,18,14,10,2,01大同區,大同區昌吉街與昌吉街81巷口,0,0,1,2,C03,8,1,5,50,4,2,1,5,4,5,7,4,4,5,2,5,2,17,1,44,2,9,1,1,7,9,1,10,11,11,,44,,1,22,9,121.5142267,25.0659432
112,4,18,15,47,2,09北投區,北投區石牌路1段90號,0,0,1,3,H02,8,1,5,50,14,9,1,5,4,5,7,4,4,5,4,5,2,13,2,37,2,1,1,5,7,20,8,20,10,16,,67,,1,22,9,121.5119168,25.1139021
112,4,18,15,47,2,09北投區,北投區石牌路1段90號,0,0,1,2,B12,8,1,5,50,14,9,1,5,4,5,7,4,4,5,4,5,2,13,1,44,3,10,1,1,7,9,1,2,1,6,,44,,1,22,9,121.5119168,25.1139021
112,4,18,15,47,2,09北投區,北投區石牌路1段90號,0,0,1,1,B03,8,1,5,50,14,9,1,5,4,5,7,4,4,5,4,5,2,13,2,39,3,10,1,1,7,9,1,8,1,8,,16,,1,22,9,121.5119168,25.1139021
112,4,18,15,50,2,08士林區,士林區延平北路6段與延平北路6段368巷口,0,0,1,1,B02,8,1,5,40,3,2,1,5,4,5,7,4,4,1,4,4,2,16,1,40,3,10,1,1,7,1,1,8,1,4,,19,,1,22,9,121.5009045,25.09092824
112,4,18,15,50,2,08士林區,士林區延平北路6段與延平北路6段368巷口,0,0,1,2,C03,8,1,5,40,3,2,1,5,4,5,7,4,4,1,4,4,2,16,1,65,2,9,1,1,7,9,1,10,1,12,,23,,1,22,9,121.5009045,25.09092824
112,4,18,15,55,2,03中山區,中山區敬業二路195號,0,0,1,1,B03,7,1,5,50,14,9,1,5,4,5,7,4,4,5,5,5,2,17,1,32,3,10,1,1,7,13,1,8,1,4,,40,,1,22,9,121.554263,25.0840036
112,4,18,15,55,2,03中山區,中山區敬業二路195號,0,0,1,2,F01,7,1,5,50,14,9,1,5,4,5,7,4,4,5,5,5,2,17,1,84,2,9,2,1,7,9,8,20,1,16,,44,,1,22,9,121.554263,25.0840036
112,4,18,16,4,2,04大安區,大安區市民大道4段28號,0,0,1,1,C03,8,1,5,40,15,6,1,5,4,5,7,4,4,1,4,5,2,17,1,50,3,10,1,4,7,1,1,10,1,13,,19,,1,22,9,121.5450707,25.0448983
112,4,18,16,4,2,04大安區,大安區市民大道4段28號,0,0,1,2,C03,8,1,5,40,15,6,1,5,4,5,7,4,4,1,4,5,2,17,1,60,2,9,1,4,7,9,1,10,1,11,,13,,1,22,9,121.5450707,25.0448983
112,4,18,16,8,2,08士林區,士林區美崙街152巷與文林路587巷口,0,0,1,1,C03,8,1,5,30,3,1,1,5,4,5,7,4,4,10,5,5,2,17,2,71,2,9,1,1,7,5,3,18,2,12,,6,,1,22,9,121.5185252,25.09884567
112,4,18,16,8,2,08士林區,士林區美崙街152巷與文林路587巷口,0,0,1,2,B03,8,1,5,30,3,1,1,5,4,5,7,4,4,10,5,5,2,17,1,36,3,10,3,4,7,9,1,8,2,5,,23,,1,22,9,121.5185252,25.09884567
112,4,18,16,15,2,03中山區,中山區龍江路370巷與五常街53巷口(五常街53巷37號前),0,0,2,1,B03,8,1,5,30,14,9,1,5,4,5,7,4,4,10,5,5,2,17,1,71,3,10,3,4,7,13,1,8,1,8,,44,,1,22,9,121.5398718,25.0664156
112,4,18,16,15,2,03中山區,中山區龍江路370巷與五常街53巷口(五常街53巷37號前),0,0,2,2,B01,8,1,5,30,14,9,1,5,4,5,7,4,4,10,5,5,2,17,1,50,2,1,3,4,7,9,1,4,1,5,,13,,1,22,9,121.5398718,25.0664156
112,4,18,16,15,2,03中山區,中山區龍江路370巷與五常街53巷口(五常街53巷37號前),0,0,2,3,H03,8,1,5,30,14,9,1,5,4,5,7,4,4,10,5,5,2,17,1,47,2,7,4,5,8,20,8,20,10,16,,60,,1,22,9,121.5398718,25.0664156
112,4,18,16,25,2,01大同區,大同區民權西路108號人行道,0,0,1,2,C03,8,1,8,0,15,20,4,5,4,5,7,4,4,10,5,5,2,16,1,44,2,9,1,1,7,1,1,10,1,12,,19,,1,22,9,121.517131,25.06281703
112,4,18,16,25,2,01大同區,大同區民權西路108號人行道,0,0,1,1,C03,8,1,8,0,15,20,4,5,4,5,7,4,4,10,5,5,2,16,1,78,4,11,3,4,7,15,7,19,11,15,,42,,2,22,9,121.517131,25.06281703
112,4,18,16,35,2,04大安區,大安區和平東路1段與青田街口,0,0,1,1,B03,8,1,5,50,5,1,1,5,4,5,7,1,1,1,4,4,1,17,2,34,3,10,1,4,7,11,1,8,1,6,,25,,1,22,9,121.5321454,25.026249
112,4,18,16,35,2,04大安區,大安區和平東路1段與青田街口,0,0,1,2,C02,8,1,5,50,5,1,1,5,4,5,7,1,1,1,4,4,1,17,1,39,2,7,1,4,7,9,1,9,1,11,,25,,1,22,9,121.5321454,25.026249
112,4,18,17,0,2,12內湖區,內湖區港墘路與內湖路1段口,0,0,1,1,B02,8,1,5,50,4,1,1,5,4,5,7,4,4,1,4,5,2,12,1,50,3,10,3,4,7,6,1,8,2,2,,9,,1,22,9,121.5767197,25.07898839
112,4,18,17,0,2,12內湖區,內湖區港墘路與內湖路1段口,0,0,1,2,C03,8,1,5,50,4,1,1,5,4,5,7,4,4,1,4,5,2,12,2,63,2,9,1,1,7,9,1,10,2,14,,44,,1,22,9,121.5767197,25.07898839
112,4,18,17,10,2,02萬華區,萬華區中華路2段400號,0,0,1,1,A02,8,1,5,50,14,7,1,5,4,5,7,4,4,5,4,4,2,9,1,45,3,10,1,1,7,9,1,2,1,15,,44,,1,22,9,121.5054158,25.0285002
112,4,18,17,10,2,02萬華區,萬華區中華路2段400號,0,0,1,2,H02,8,1,5,50,14,7,1,5,4,5,7,4,4,5,4,4,2,9,2,66,2,9,4,5,7,20,8,20,10,16,,67,,1,22,9,121.5054158,25.0285002
112,4,18,17,10,2,10文山區,文山區羅斯福路6段112號,0,0,1,1,C03,8,1,5,50,14,9,1,5,4,5,7,4,4,1,4,5,2,13,2,21,2,9,1,4,7,9,1,10,1,11,,23,,1,22,9,121.5406904,24.9973596
112,4,18,17,10,2,10文山區,文山區羅斯福路6段112號,0,0,1,2,B03,8,1,5,50,14,9,1,5,4,5,7,4,4,1,4,5,2,13,1,66,3,10,1,4,7,14,1,8,1,3,,44,,1,22,9,121.5406904,24.9973596
112,4,18,17,25,2,03中山區,中山區南京東路1段與南京東路1段31巷口,0,0,1,2,F01,8,2,5,30,3,1,1,5,4,5,7,4,4,1,4,4,2,16,2,24,2,8,3,4,7,15,8,20,1,16,,44,,1,22,9,121.5244082,25.0523473