發生年度,發生月,發生日,發生時-Hours,發生分,處理別-編號,區序,肇事地點,死亡人數,2-30日死亡人數,受傷人數,當事人序號,車種,天候,光線,道路類別,速限-速度限制,道路型態,事故位置,路面狀況1,路面狀況2,路面狀況3,道路障礙1,道路障礙2,號誌1,號誌2,車道劃分-分向,車道劃分-分道1,車道劃分-分道2,車道劃分-分道3,事故類型及型態,性別,年齡,受傷程度,主要傷處,保護裝置,行動電話,車輛用途,當事者行動狀態,駕駛資格情形,駕駛執照種類,飲酒情形,車輛撞擊部位1,車輛撞擊部位2,肇因碼-個別,肇因碼-主要,個人肇逃否,職業,旅次目的,座標-X,座標-Y
112,4,18,17,25,2,03中山區,中山區南京東路1段與南京東路1段31巷口,0,0,1,1,B12,8,2,5,30,3,1,1,5,4,5,7,4,4,1,4,4,2,16,1,34,3,10,3,4,7,6,1,8,1,8,,9,,1,22,9,121.5244082,25.0523473
112,4,18,17,26,2,02萬華區,萬華區青年路176號,0,0,1,1,B03,8,1,5,50,14,9,1,5,4,5,7,4,4,8,3,5,2,16,1,72,3,10,3,4,7,1,1,8,1,4,,19,,1,22,9,121.5028756,25.02093651
112,4,18,17,26,2,02萬華區,萬華區青年路176號,0,0,1,2,C03,8,1,5,50,14,9,1,5,4,5,7,4,4,8,3,5,2,16,1,23,2,9,1,4,7,9,1,10,1,11,,44,,1,22,9,121.5028756,25.02093651
112,4,18,17,28,2,03中山區,中山區民權東路3段與民權東路3段75巷口,0,0,1,1,B12,7,1,5,50,3,1,1,5,4,5,7,4,4,1,3,5,1,16,1,44,3,10,3,4,7,6,1,8,2,5,,9,,1,22,9,121.5436734,25.06243482
112,4,18,17,28,2,03中山區,中山區民權東路3段與民權東路3段75巷口,0,0,1,2,C03,7,1,5,50,3,1,1,5,4,5,7,4,4,1,3,5,1,16,2,23,2,9,3,4,7,9,1,10,2,14,,44,,1,22,9,121.5436734,25.06243482
112,4,18,17,40,2,05中正區,中正區中山南路與愛國西路口,0,0,1,1,C03,8,1,5,50,14,8,1,5,4,5,7,1,1,4,4,1,1,12,1,32,2,9,1,1,7,7,1,10,2,14,,7,,1,22,9,121.5164641,25.035189
112,4,18,17,40,2,05中正區,中正區中山南路與愛國西路口,0,0,1,2,B01,8,1,5,50,14,8,1,5,4,5,7,1,1,4,4,1,1,12,1,42,3,10,1,1,7,9,1,4,2,2,,44,,1,22,9,121.5164641,25.035189
112,4,18,17,48,2,03中山區,中山區民生東路1段13號,0,0,1,1,B03,7,3,5,50,14,9,1,5,4,5,7,4,4,5,4,5,2,12,1,27,3,10,1,1,7,6,1,2,1,2,,9,,1,22,9,121.5238054,25.0581105
112,4,18,17,48,2,03中山區,中山區民生東路1段13號,0,0,1,2,C03,7,3,5,50,14,9,1,5,4,5,7,4,4,5,4,5,2,12,1,25,2,9,1,1,7,9,1,9,1,14,,44,,1,22,9,121.5238054,25.0581105
112,4,18,17,50,2,01大同區,大同區環河北路1段與南京西路口口,0,0,1,1,B12,8,1,5,40,3,1,1,5,4,5,7,2,1,8,3,5,2,12,1,51,3,10,1,1,7,6,1,8,1,5,,25,,1,22,9,121.5075686,25.0537242
112,4,18,17,50,2,01大同區,大同區環河北路1段與南京西路口口,0,0,1,2,C03,8,1,5,40,3,1,1,5,4,5,7,2,1,8,3,5,2,12,1,48,2,9,1,1,7,9,1,10,1,14,,13,,1,22,9,121.5075686,25.0537242
112,4,18,17,56,2,03中山區,中山區市民大道2段與林森北路口,0,0,1,2,B02,8,1,5,40,4,2,1,5,4,5,7,2,1,1,4,5,2,16,2,39,3,10,3,4,7,9,1,8,1,1,,23,,1,22,9,121.5241129,25.0478813
112,4,18,17,56,2,03中山區,中山區市民大道2段與林森北路口,0,0,1,1,C03,8,1,5,40,4,2,1,5,4,5,7,2,1,1,4,5,2,16,1,64,2,7,3,4,7,5,1,10,1,14,,8,,1,22,9,121.5241129,25.0478813
112,4,18,18,5,2,09北投區,北投區立農街2段278巷與義理街63巷4弄口,0,0,2,2,C03,8,1,5,30,4,1,1,5,4,5,7,4,4,10,5,5,2,15,1,38,2,9,1,1,7,9,1,10,1,11,,44,,1,22,9,121.5155616,25.1183578
112,4,18,18,5,2,09北投區,北投區立農街2段278巷與義理街63巷4弄口,0,0,2,1,C03,8,1,5,30,4,1,1,5,4,5,7,4,4,10,5,5,2,15,1,68,2,9,1,1,7,9,1,10,1,12,,6,,1,22,9,121.5155616,25.1183578
112,4,18,18,10,2,03中山區,中山區八德路2段進安公園地下停車場入口,0,0,1,2,C03,7,3,5,50,14,9,1,5,4,5,7,4,4,5,4,5,2,17,1,41,2,9,1,1,7,9,1,10,1,14,,44,,1,22,9,121.5377132,25.04623226
112,4,18,18,10,2,03中山區,中山區八德路2段進安公園地下停車場入口,0,0,1,1,B03,7,3,5,50,14,9,1,5,4,5,7,4,4,5,4,5,2,17,2,37,3,10,1,1,7,6,1,8,1,5,,9,,1,22,9,121.5377132,25.04623226
112,4,18,18,18,2,12內湖區,內湖區行善路與石潭路口,0,0,1,1,C03,8,3,5,50,3,2,1,5,4,5,7,2,1,3,4,5,2,17,1,34,3,10,1,1,7,5,1,10,2,11,,8,,1,22,9,121.5850229,25.0630443
112,4,18,18,18,2,12內湖區,內湖區行善路與石潭路口,0,0,1,2,C03,8,3,5,50,3,2,1,5,4,5,7,2,1,3,4,5,2,17,1,38,2,9,1,1,7,9,1,10,2,11,,44,,1,22,9,121.5850229,25.0630443
112,4,18,18,20,2,03中山區,中山區市民大道3段與金山北路,0,0,1,2,C03,7,3,5,40,4,2,1,5,4,5,7,1,1,1,4,5,2,17,1,32,2,9,1,1,7,12,1,10,1,14,,44,,1,22,9,121.5308723,25.04613074
112,4,18,18,20,2,03中山區,中山區市民大道3段與金山北路,0,0,1,1,C03,7,3,5,40,4,2,1,5,4,5,7,1,1,1,4,5,2,17,2,18,3,10,1,1,7,9,1,10,1,14,,23,,1,22,9,121.5308723,25.04613074
112,4,18,18,39,2,04大安區,大安區辛亥隧道(西往東方向),0,0,2,3,B03,8,3,5,50,14,9,1,5,4,5,7,4,4,9,3,5,2,16,1,45,3,10,1,1,7,9,1,8,1,5,,44,,1,22,9,121.5558525,25.0116062
112,4,18,18,39,2,04大安區,大安區辛亥隧道(西往東方向),0,0,2,1,C04,8,3,5,50,14,9,1,5,4,5,7,4,4,9,3,5,2,16,2,20,2,9,1,3,7,9,1,11,1,12,,23,,1,22,9,121.5558525,25.0116062
112,4,18,18,39,2,04大安區,大安區辛亥隧道(西往東方向),0,0,2,2,F01,8,3,5,50,14,9,1,5,4,5,7,4,4,9,3,5,2,16,2,44,2,8,3,1,7,9,8,20,1,16,,44,,1,22,9,121.5558525,25.0116062
112,4,18,19,15,2,09北投區,北投區石牌路1段與承德路7段口,0,0,2,1,C03,8,3,5,60,14,9,1,5,4,5,7,1,1,9,4,4,2,18,2,43,2,9,1,1,7,5,1,10,11,14,,42,,1,22,9,121.5094522,25.11208988
112,4,18,19,15,2,09北投區,北投區石牌路1段與承德路7段口,0,0,2,3,H02,8,3,5,60,14,9,1,5,4,5,7,1,1,9,4,4,2,18,2,11,2,9,1,1,7,20,8,20,10,16,,67,,1,22,9,121.5094522,25.11208988
112,4,18,19,15,2,09北投區,北投區石牌路1段與承德路7段口,0,0,2,2,,8,3,5,60,14,9,1,5,4,5,7,1,1,9,4,4,2,18,3,0,,,,,,,,,,,,67,,1,,,121.5094522,25.11208988
112,4,18,19,26,2,10文山區,文山區新光路1段106-1號,0,0,2,1,C04,8,3,5,50,14,9,1,5,4,5,7,1,1,5,5,5,2,16,1,23,2,9,1,1,7,7,1,11,1,14,,7,,1,22,9,121.5736856,24.99152744
112,4,18,19,26,2,10文山區,文山區新光路1段106-1號,0,0,2,2,C03,8,3,5,50,14,9,1,5,4,5,7,1,1,5,5,5,2,16,2,23,2,9,1,1,7,9,1,10,1,12,,26,,1,22,9,121.5736856,24.99152744
112,4,18,20,15,2,06松山區,松山區復興南路1段與市民大道4段口,0,0,2,2,C03,8,3,5,40,4,1,1,5,4,5,7,1,1,1,4,5,2,16,2,27,2,7,1,1,7,9,1,10,1,14,,44,,1,22,9,121.5439305,25.04497666
112,4,18,20,15,2,06松山區,松山區復興南路1段與市民大道4段口,0,0,2,1,B02,8,3,5,40,4,1,1,5,4,5,7,1,1,1,4,5,2,16,1,23,2,8,1,1,7,6,1,8,1,2,,9,,1,22,9,121.5439305,25.04497666
112,4,18,20,20,2,05中正區,中正區中山南路與徐州路口,0,0,2,2,C03,8,3,5,50,3,1,1,5,4,5,7,1,1,1,4,5,2,13,1,55,2,9,1,1,7,9,1,10,2,13,,44,,1,22,9,121.5186237,25.0418999
112,4,18,20,20,2,05中正區,中正區中山南路與徐州路口,0,0,2,1,C03,8,3,5,50,3,1,1,5,4,5,7,1,1,1,4,5,2,13,1,22,2,9,1,1,7,9,3,18,2,12,,23,,1,22,9,121.5186237,25.0418999
112,4,18,20,30,2,07信義區,信義區松仁路與松平路口,0,0,1,2,B03,8,3,5,50,4,1,1,5,4,5,7,1,1,4,3,5,1,15,1,46,3,10,3,4,7,9,1,8,2,1,,44,,1,22,9,121.5682321,25.0304408
112,4,18,20,30,2,07信義區,信義區松仁路與松平路口,0,0,1,1,F06,8,3,5,50,4,1,1,5,4,5,7,1,1,4,3,5,1,15,1,27,2,9,1,1,7,9,8,20,2,15,,25,,1,22,9,121.5682321,25.0304408
112,4,18,20,48,2,07信義區,信義區永吉路與基隆路1段口,0,0,1,1,C03,8,3,5,50,5,2,1,5,4,5,7,2,1,10,4,5,2,16,1,21,3,10,1,1,7,7,1,10,1,14,,7,,1,22,9,121.5672055,25.0458431
112,4,18,20,48,2,07信義區,信義區永吉路與基隆路1段口,0,0,1,3,H02,8,3,5,50,5,2,1,5,4,5,7,2,1,10,4,5,2,16,2,21,2,8,1,5,7,17,8,20,10,16,,67,,1,22,9,121.5672055,25.0458431
112,4,18,20,48,2,07信義區,信義區永吉路與基隆路1段口,0,0,1,2,C03,8,3,5,50,5,2,1,5,4,5,7,2,1,10,4,5,2,16,1,26,3,10,1,1,7,9,1,10,1,12,,44,,1,22,9,121.5672055,25.0458431
112,4,18,21,10,2,07信義區,信義區信安街116號,0,0,1,1,F01,8,3,5,50,14,9,1,5,4,5,7,4,4,4,5,5,1,12,1,27,3,10,1,1,7,4,8,20,1,15,,23,,1,22,9,121.5565809,25.02548582
112,4,18,21,10,2,07信義區,信義區信安街116號,0,0,1,2,F01,8,3,5,50,14,9,1,5,4,5,7,4,4,4,5,5,1,12,2,59,2,9,3,1,7,9,8,20,1,16,,44,,1,22,9,121.5565809,25.02548582
112,4,18,22,4,2,03中山區,中山區建國北路1段與南京東路3段口,0,0,1,2,C03,8,3,5,50,4,1,1,5,4,5,7,1,1,1,3,3,1,16,1,22,2,9,1,1,7,9,1,10,2,11,,44,,1,22,9,121.5370429,25.0518843
112,4,18,22,4,2,03中山區,中山區建國北路1段與南京東路3段口,0,0,1,1,B02,8,3,5,50,4,1,1,5,4,5,7,1,1,1,3,3,1,16,1,34,3,10,1,1,7,6,1,8,2,6,,9,,1,22,9,121.5370429,25.0518843
112,4,18,22,15,2,12內湖區,內湖區民權東路6段298號,0,0,1,1,C04,8,3,5,40,11,8,1,5,4,5,7,4,4,1,4,4,1,12,2,22,2,9,3,4,7,9,1,11,1,11,,16,,1,22,9,121.6054584,25.072704
112,4,18,22,15,2,12內湖區,內湖區民權東路6段298號,0,0,1,2,B03,8,3,5,40,11,8,1,5,4,5,7,4,4,1,4,4,1,12,1,60,3,10,3,4,7,8,1,8,1,7,,44,,1,22,9,121.6054584,25.072704
112,4,18,22,17,2,05中正區,中正區博愛路與寶慶路口,0,0,1,3,H02,8,3,5,50,4,1,1,5,4,5,7,2,1,10,4,5,2,12,2,27,2,8,1,5,7,20,8,20,10,16,,67,,1,5,7,121.5113089,25.0411781
112,4,18,22,17,2,05中正區,中正區博愛路與寶慶路口,0,0,1,1,B03,8,3,5,50,4,1,1,5,4,5,7,2,1,10,4,5,2,12,2,71,3,10,1,1,7,6,1,8,1,5,,9,,1,2,5,121.5113089,25.0411781
112,4,18,22,17,2,05中正區,中正區博愛路與寶慶路口,0,0,1,2,C03,8,3,5,50,4,1,1,5,4,5,7,2,1,10,4,5,2,12,1,25,3,10,1,1,7,9,1,10,1,15,,44,,1,5,7,121.5113089,25.0411781
112,4,18,22,23,2,06松山區,松山區光復北路與南京東路5段23巷15弄口,0,0,2,2,H01,8,3,5,50,4,1,1,5,4,5,7,4,4,5,4,5,2,3,1,31,2,9,4,1,8,16,8,20,10,16,,60,,1,22,9,121.5568228,25.05307307
112,4,18,22,23,2,06松山區,松山區光復北路與南京東路5段23巷15弄口,0,0,2,1,C03,8,3,5,50,4,1,1,5,4,5,7,4,4,5,4,5,2,3,1,41,2,9,1,1,7,9,1,10,2,15,,15,,1,22,9,121.5568228,25.05307307
112,4,18,22,30,2,12內湖區,內湖區康寧路3段16巷與康寧路3段16巷口,0,0,1,1,B03,7,3,5,30,4,1,1,5,4,5,7,4,4,10,5,5,2,3,1,61,3,10,1,1,7,5,1,8,9,4,,15,,1,22,9,121.6067424,25.0726342
112,4,18,22,30,2,12內湖區,內湖區康寧路3段16巷與康寧路3段16巷口,0,0,1,2,H01,7,3,5,30,4,1,1,5,4,5,7,4,4,10,5,5,2,3,2,27,2,9,1,1,8,16,8,20,10,16,,67,,1,22,9,121.6067424,25.0726342
112,4,18,23,19,2,03中山區,中山區林森北路358號,0,0,1,1,B12,7,3,5,50,14,9,1,5,4,5,7,4,4,8,5,5,1,17,1,37,3,10,3,4,7,5,1,8,2,15,,6,,1,22,9,121.5254917,25.0574412
112,4,18,23,19,2,03中山區,中山區林森北路358號,0,0,1,2,C03,7,3,5,50,14,9,1,5,4,5,7,4,4,8,5,5,1,17,2,20,2,8,3,4,7,9,1,10,2,14,,44,,1,22,9,121.5254917,25.0574412
112,4,18,23,19,2,03中山區,中山區林森北路358號,0,0,1,3,B12,7,3,5,50,14,9,1,5,4,5,7,4,4,8,5,5,1,17,3,54,,,,,,,,,,,,67,,1,,,121.5254917,25.0574412
112,4,19,0,44,2,09北投區,北投區公館路423巷與公館路口,0,0,1,1,B03,8,3,5,50,3,2,1,5,4,5,7,4,4,5,4,5,2,11,1,62,3,10,1,1,7,9,1,8,11,4,,4,,2,22,9,121.5025657,25.12095295
112,4,19,0,44,2,09北投區,北投區公館路423巷與公館路口,0,0,1,2,C03,8,3,5,50,3,2,1,5,4,5,7,4,4,5,4,5,2,11,1,28,2,9,1,1,7,9,1,10,1,14,,44,,1,22,9,121.5025657,25.12095295
112,4,19,0,45,2,09北投區,北投區承德路7段與承德路7段393巷口,0,0,1,1,C03,8,3,5,60,4,1,1,5,4,5,7,1,1,1,4,5,2,16,1,27,2,9,1,1,7,9,1,10,2,12,,25,,1,22,9,121.5014002,25.11939976
112,4,19,0,45,2,09北投區,北投區承德路7段與承德路7段393巷口,0,0,1,2,B03,8,3,5,60,4,1,1,5,4,5,7,1,1,1,4,5,2,16,1,43,3,10,1,1,7,9,1,8,2,8,,13,,1,22,9,121.5014002,25.11939976
112,4,19,1,11,2,03中山區,中山區民生東路1段70巷與林森北路353巷口,0,0,1,1,C03,8,3,5,30,4,1,1,5,4,5,7,4,4,10,3,5,1,16,2,61,2,9,1,1,7,9,1,10,2,11,,6,,1,22,9,121.5264196,25.05703
112,4,19,1,11,2,03中山區,中山區民生東路1段70巷與林森北路353巷口,0,0,1,2,B01,8,3,5,30,4,1,1,5,4,5,7,4,4,10,3,5,1,16,1,42,3,10,1,1,7,9,1,4,2,5,,23,,1,22,9,121.5264196,25.05703
112,4,19,1,47,2,04大安區,大安區建國高架道085燈桿往北方向,0,0,1,1,B03,8,3,5,70,14,9,1,5,4,5,7,4,4,8,3,5,1,13,1,31,4,11,1,1,7,9,1,8,1,1,,16,,1,21,5,121.537777,25.02833781
112,4,19,1,47,2,04大安區,大安區建國高架道085燈桿往北方向,0,0,1,2,B03,8,3,5,70,14,9,1,5,4,5,7,4,4,8,3,5,1,13,1,37,2,2,1,1,7,9,1,4,1,3,,13,,1,5,3,121.537777,25.02833781
112,4,19,4,27,2,04大安區,(快車道，敦化南路一段295巷口),0,0,1,1,B02,8,3,5,50,14,7,1,5,4,5,7,2,1,9,3,4,2,13,1,23,3,10,1,1,7,9,1,8,2,1,,23,,1,22,9,121.5488714,25.03555523
112,4,19,4,27,2,04大安區,(快車道，敦化南路一段295巷口),0,0,1,2,B03,8,3,5,50,14,7,1,5,4,5,7,2,1,9,3,4,2,13,2,58,2,9,1,3,7,14,1,8,2,3,,44,,1,22,9,121.5488714,25.03555523
112,4,19,5,35,2,03中山區,中山區吉林路與吉林路144巷口,0,0,1,1,B03,8,1,5,50,4,2,1,5,4,5,7,2,1,5,5,4,2,13,1,44,3,10,3,4,7,9,1,8,1,1,,23,,1,22,9,121.5301187,25.0558863
112,4,19,5,35,2,03中山區,中山區吉林路與吉林路144巷口,0,0,1,2,C03,8,1,5,50,4,2,1,5,4,5,7,2,1,5,5,4,2,13,1,60,2,8,3,4,7,14,1,10,1,13,,44,,2,22,9,121.5301187,25.0558863
112,4,19,6,1,2,02萬華區,萬華區堤外便道北往南(DSR264牌面前),0,0,2,1,C03,8,1,5,40,14,9,1,5,4,5,7,4,4,10,5,5,1,11,1,59,2,7,1,1,7,5,3,18,7,14,,21,,1,22,9,121.4959509,25.03883528
112,4,19,6,1,2,02萬華區,萬華區堤外便道北往南(DSR264牌面前),0,0,2,2,C03,8,1,5,40,14,9,1,5,4,5,7,4,4,10,5,5,1,11,1,38,2,7,1,1,7,12,1,10,2,14,,44,,1,22,9,121.4959509,25.03883528
112,4,19,6,28,2,05中正區,中正區中山南路7號臺大醫院前,0,0,1,1,C03,8,1,5,50,14,9,1,5,4,5,7,4,4,1,4,5,2,12,1,28,2,9,1,1,7,10,1,10,2,14,,7,,1,22,9,121.5179653,25.0396818
112,4,19,6,28,2,05中正區,中正區中山南路7號臺大醫院前,0,0,1,2,A04,8,1,5,50,14,9,1,5,4,5,7,4,4,1,4,5,2,12,1,62,3,10,1,1,7,9,1,2,2,5,,44,,1,22,9,121.5179653,25.0396818
112,4,19,6,30,2,04大安區,大安區敦化南路1段295巷與仁愛路4段112巷口,0,0,3,3,H02,8,1,5,30,4,1,1,5,4,5,7,4,4,10,5,5,1,15,2,49,2,9,1,5,7,21,8,20,10,16,,67,,1,22,9,121.5496711,25.0354876
112,4,19,6,30,2,04大安區,大安區敦化南路1段295巷與仁愛路4段112巷口,0,0,3,1,C03,8,1,5,30,4,1,1,5,4,5,7,4,4,10,5,5,1,15,2,43,2,9,1,4,7,9,1,10,1,14,,23,,1,22,9,121.5496711,25.0354876
112,4,19,6,30,2,04大安區,大安區敦化南路1段295巷與仁愛路4段112巷口,0,0,3,2,C03,8,1,5,30,4,1,1,5,4,5,7,4,4,10,5,5,1,15,1,63,2,9,1,4,7,9,1,10,1,11,,6,,1,22,9,121.5496711,25.0354876
112,4,19,7,0,2,05中正區,中正區忠孝東路2段64巷與杭州南路1段11巷口,0,0,1,2,B12,8,1,5,30,4,1,1,5,4,5,7,4,4,10,5,5,2,15,1,46,3,10,1,1,7,9,6,18,2,7,,14,,1,22,9,121.5285098,25.0429355
112,4,19,7,0,2,05中正區,中正區忠孝東路2段64巷與杭州南路1段11巷口,0,0,1,1,C03,8,1,5,30,4,1,1,5,4,5,7,4,4,10,5,5,2,15,2,51,2,9,1,1,7,9,1,10,2,11,,6,,1,22,9,121.5285098,25.0429355
112,4,19,7,37,2,11南港區,南港區經貿二路157巷48號,0,0,1,1,B03,8,1,5,50,14,9,1,5,4,5,7,4,4,4,3,5,2,16,2,36,3,10,3,1,7,6,1,8,1,6,,9,,1,21,8,121.6175361,25.0606597
112,4,19,7,37,2,11南港區,南港區經貿二路157巷48號,0,0,1,2,C03,8,1,5,50,14,9,1,5,4,5,7,4,4,4,3,5,2,16,2,53,2,8,1,1,7,9,1,10,1,11,,23,,1,21,8,121.6175361,25.0606597
112,4,19,7,41,2,04大安區,大安區和平東路1段與羅斯福路2段口,0,0,2,1,C03,8,1,5,50,5,1,1,5,4,5,7,1,1,3,4,5,2,13,2,43,2,8,1,4,7,9,1,10,1,11,,23,,1,22,9,121.5225825,25.0271486
112,4,19,7,41,2,04大安區,大安區和平東路1段與羅斯福路2段口,0,0,2,2,C03,8,1,5,50,5,1,1,5,4,5,7,1,1,3,4,5,2,13,1,28,2,8,1,4,7,14,1,10,1,13,,44,,1,22,9,121.5225825,25.0271486
112,4,19,7,50,2,07信義區,信義區松智路40號,0,0,1,1,C03,8,1,5,50,14,9,1,5,4,5,7,4,4,9,4,5,2,13,1,36,2,8,1,1,7,9,1,10,1,11,,23,,1,22,8,121.5652139,25.0295326
112,4,19,7,50,2,07信義區,信義區松智路40號,0,0,1,2,C03,8,1,5,50,14,9,1,5,4,5,7,4,4,9,4,5,2,13,1,44,3,10,1,1,7,12,1,10,1,13,,44,,1,22,8,121.5652139,25.0295326
112,4,19,7,52,2,12內湖區,內湖區金龍路與金龍路13巷口,0,0,1,1,B03,8,1,5,50,3,1,1,5,4,5,7,4,4,5,4,4,1,16,1,38,3,10,1,1,7,5,1,8,1,2,,6,,1,22,9,121.594773,25.08448104
112,4,19,7,52,2,12內湖區,內湖區金龍路與金龍路13巷口,0,0,1,2,C03,8,1,5,50,3,1,1,5,4,5,7,4,4,5,4,4,1,16,1,28,2,9,1,1,7,9,1,9,1,14,,13,,1,22,9,121.594773,25.08448104
112,4,19,8,5,2,10文山區,文山區辛亥路7段與光輝路21巷口,0,0,1,1,C03,8,1,5,50,3,1,1,5,4,5,7,2,1,9,4,4,1,15,2,57,2,9,1,1,7,9,1,10,2,11,,44,,1,22,9,121.5538049,24.9855096
112,4,19,8,5,2,10文山區,文山區辛亥路7段與光輝路21巷口,0,0,1,2,B03,8,1,5,50,3,1,1,5,4,5,7,2,1,9,4,4,1,15,1,35,3,10,1,1,7,9,1,8,2,4,,25,,1,22,9,121.5538049,24.9855096
112,4,19,8,7,2,08士林區,士林區延平北路5段與中正路口,0,0,2,3,H02,8,1,5,50,4,2,1,5,4,5,7,2,1,10,4,5,1,16,2,75,2,9,1,5,7,20,8,20,10,16,,67,,1,22,9,121.5093161,25.08656349
112,4,19,8,7,2,08士林區,士林區延平北路5段與中正路口,0,0,2,2,A11,8,1,5,50,4,2,1,5,4,5,7,2,1,10,4,5,1,16,1,26,3,10,1,1,7,9,1,1,1,2,,44,,1,22,9,121.5093161,25.08656349
112,4,19,8,7,2,08士林區,士林區延平北路5段與中正路口,0,0,2,1,C03,8,1,5,50,4,2,1,5,4,5,7,2,1,10,4,5,1,16,1,67,2,7,1,1,7,7,1,10,1,14,,7,,1,22,9,121.5093161,25.08656349
112,4,19,8,25,2,05中正區,中正區重慶南路3段101號附近,0,0,1,1,C03,8,1,5,50,14,9,1,5,4,5,7,4,4,1,4,5,1,13,2,41,2,8,1,1,7,9,1,10,2,11,,16,,1,22,9,121.5167847,25.02467081
112,4,19,8,25,2,05中正區,中正區重慶南路3段101號附近,0,0,1,2,B03,8,1,5,50,14,9,1,5,4,5,7,4,4,1,4,5,1,13,1,31,3,10,1,1,7,9,1,8,2,6,,44,,1,22,9,121.5167847,25.02467081
112,4,19,8,27,2,03中山區,中山區八德路2段201號,0,0,1,1,B03,8,1,5,50,14,9,1,5,4,5,7,4,4,5,4,5,2,13,1,53,3,10,3,4,7,8,1,4,1,6,,7,,1,22,9,121.539357,25.0465778
112,4,19,8,27,2,03中山區,中山區八德路2段201號,0,0,1,2,C03,8,1,5,50,14,9,1,5,4,5,7,4,4,5,4,5,2,13,1,41,2,8,3,4,7,9,1,10,1,11,,44,,1,22,9,121.539357,25.0465778
112,4,19,8,27,2,03中山區,中山區八德路2段201號,0,0,1,3,B01,8,1,5,50,14,9,1,5,4,5,7,4,4,5,4,5,2,13,1,69,3,10,3,4,7,14,1,4,1,8,,44,,1,22,9,121.539357,25.0465778
112,4,19,8,30,2,10文山區,文山區指南路3段34巷51-1號前,0,0,1,2,F01,8,1,5,30,11,9,1,5,4,5,7,4,4,10,5,5,2,16,1,38,2,8,1,1,7,9,8,20,2,16,,44,,1,22,9,121.5822043,24.96628975
112,4,19,8,30,2,10文山區,文山區指南路3段34巷51-1號前,0,0,1,1,B02,8,1,5,30,11,9,1,5,4,5,7,4,4,10,5,5,2,16,1,40,3,10,1,1,7,9,1,8,2,8,,5,,1,22,9,121.5822043,24.96628975
112,4,19,8,38,2,02萬華區,萬華區昆明街與漢口街2段口,0,0,1,1,C03,8,1,5,50,4,1,1,5,4,5,7,1,1,5,5,5,2,17,1,38,3,10,1,1,7,7,1,10,1,14,,7,,1,22,9,121.5056887,25.0459594
112,4,19,8,38,2,02萬華區,萬華區昆明街與漢口街2段口,0,0,1,2,C03,8,1,5,50,4,1,1,5,4,5,7,1,1,5,5,5,2,17,1,37,2,9,1,1,7,9,1,10,1,12,,44,,1,22,9,121.5056887,25.0459594
112,4,19,8,42,2,04大安區,大安區羅斯福路2段83-5號,0,0,1,1,B03,8,1,5,50,14,9,1,5,4,5,7,4,4,9,5,5,1,13,1,70,3,10,1,1,7,9,1,8,1,1,,16,,1,22,9,121.523592,25.0255915
112,4,19,8,42,2,04大安區,大安區羅斯福路2段83-5號,0,0,1,2,B03,8,1,5,50,14,9,1,5,4,5,7,4,4,9,5,5,1,13,2,50,2,3,1,1,7,14,1,8,1,3,,44,,1,22,9,121.523592,25.0255915
112,4,19,8,43,2,11南港區,南港區市民大道8段與興中路口,0,0,1,1,B12,8,1,5,50,4,1,1,5,4,5,7,2,1,1,4,5,2,16,1,42,3,10,1,1,7,5,1,8,1,6,,8,,1,21,8,121.6076684,25.05338261
112,4,19,8,43,2,11南港區,南港區市民大道8段與興中路口,0,0,1,2,C03,8,1,5,50,4,1,1,5,4,5,7,2,1,1,4,5,2,16,2,32,2,8,1,1,7,9,1,10,1,11,,23,,1,21,8,121.6076684,25.05338261
112,4,19,8,45,2,07信義區,信義區基隆路2段131號,0,0,1,2,A02,8,1,5,50,14,9,1,5,4,5,7,4,4,1,4,4,2,16,1,36,3,10,3,3,7,9,1,2,2,2,,44,,1,22,8,121.5565137,25.0278281
112,4,19,8,45,2,07信義區,信義區基隆路2段131號,0,0,1,1,C03,8,1,5,50,14,9,1,5,4,5,7,4,4,1,4,4,2,16,1,59,2,8,1,1,7,7,1,10,2,11,14,7,,1,22,9,121.5565137,25.0278281
112,4,19,8,46,2,09北投區,北投區清江路25巷與磺港路口,0,0,3,1,C03,8,1,5,50,3,1,1,5,4,5,7,1,1,5,5,5,2,16,1,74,2,9,1,1,7,11,1,10,2,11,,10,,1,22,9,121.503451,25.1318509
112,4,19,8,46,2,09北投區,北投區清江路25巷與磺港路口,0,0,3,2,C03,8,1,5,50,3,1,1,5,4,5,7,1,1,5,5,5,2,16,2,25,2,9,1,1,7,9,1,10,2,14,,44,,1,22,9,121.503451,25.1318509
112,4,19,8,46,2,09北投區,北投區清江路25巷與磺港路口,0,0,3,3,H02,8,1,5,50,3,1,1,5,4,5,7,1,1,5,5,5,2,16,2,71,2,9,1,5,7,21,8,20,10,16,,67,,1,22,9,121.503451,25.1318509
112,4,19,8,50,2,04大安區,大安區忠孝東路3段251巷與忠孝東路3段251巷5弄口,0,0,1,2,B03,8,1,5,30,4,1,1,5,4,1,7,4,4,10,5,5,1,16,1,31,3,10,3,4,7,9,1,8,2,4,,44,,1,22,9,121.5416448,25.042573
112,4,19,8,50,2,04大安區,大安區忠孝東路3段251巷與忠孝東路3段251巷5弄口,0,0,1,1,C03,8,1,5,30,4,1,1,5,4,1,7,4,4,10,5,5,1,16,1,55,2,9,1,4,7,5,1,10,2,12,,6,,1,22,9,121.5416448,25.042573