發生年度,發生月,發生日,發生時-Hours,發生分,處理別-編號,區序,肇事地點,死亡人數,2-30日死亡人數,受傷人數,當事人序號,車種,天候,光線,道路類別,速限-速度限制,道路型態,事故位置,路面狀況1,路面狀況2,路面狀況3,道路障礙1,道路障礙2,號誌1,號誌2,車道劃分-分向,車道劃分-分道1,車道劃分-分道2,車道劃分-分道3,事故類型及型態,性別,年齡,受傷程度,主要傷處,保護裝置,行動電話,車輛用途,當事者行動狀態,駕駛資格情形,駕駛執照種類,飲酒情形,車輛撞擊部位1,車輛撞擊部位2,肇因碼-個別,肇因碼-主要,個人肇逃否,職業,旅次目的,座標-X,座標-Y
112,4,19,9,0,2,04大安區,大安區和平東路1段與師大路口,0,0,1,2,C03,8,1,5,50,5,1,1,5,4,5,7,1,1,1,4,4,2,17,1,19,2,8,1,4,7,9,1,10,1,11,,44,,1,22,9,121.5283109,25.026692
112,4,19,9,0,2,04大安區,大安區和平東路1段與師大路口,0,0,1,1,B01,8,1,5,50,5,1,1,5,4,5,7,1,1,1,4,4,2,17,1,65,3,10,1,4,7,11,1,4,1,6,,10,,1,22,9,121.5283109,25.026692
112,4,19,9,9,2,03中山區,中山區長安東路2段148號,0,0,1,1,C03,8,1,5,50,14,9,1,5,4,5,7,4,4,5,4,5,2,13,2,27,2,9,3,4,7,9,1,10,1,11,,23,,1,22,9,121.5379295,25.04834972
112,4,19,9,9,2,03中山區,中山區長安東路2段148號,0,0,1,2,C03,8,1,5,50,14,9,1,5,4,5,7,4,4,5,4,5,2,13,1,26,3,10,3,4,7,9,1,10,1,13,,44,,1,22,9,121.5379295,25.04834972
112,4,19,9,13,2,04大安區,大安區羅斯福路4段85號,0,0,1,3,C03,8,1,5,50,14,9,1,5,4,5,7,4,4,3,4,5,2,13,2,43,3,10,1,1,7,7,1,10,11,15,,7,,1,22,9,121.5364692,25.01262134
112,4,19,9,13,2,04大安區,大安區羅斯福路4段85號,0,0,1,2,B03,8,1,5,50,14,9,1,5,4,5,7,4,4,3,4,5,2,13,1,32,3,10,1,1,7,7,1,8,1,7,,44,,1,22,9,121.5364692,25.01262134
112,4,19,9,13,2,04大安區,大安區羅斯福路4段85號,0,0,1,1,C03,8,1,5,50,14,9,1,5,4,5,7,4,4,3,4,5,2,13,2,20,2,9,1,1,7,12,1,10,1,11,,16,,1,22,9,121.5364692,25.01262134
112,4,19,9,15,2,04大安區,大安區建國南路1段與濟南路3段口南側迴轉道,0,0,2,1,C03,8,1,5,50,3,1,1,5,4,5,7,4,4,1,4,4,2,16,1,36,2,9,1,1,7,5,1,10,1,13,,8,,1,22,9,121.5380449,25.0399044
112,4,19,9,15,2,04大安區,大安區建國南路1段與濟南路3段口南側迴轉道,0,0,2,2,C03,8,1,5,50,3,1,1,5,4,5,7,4,4,1,4,4,2,16,1,23,2,9,1,1,7,9,1,9,1,11,,26,,1,22,9,121.5380449,25.0399044
112,4,19,9,16,2,07信義區,信義區崇德街與崇德街31巷口口,0,0,1,1,F01,8,1,5,30,4,2,1,5,4,5,7,4,4,9,5,5,2,18,1,66,2,8,3,1,7,6,8,20,1,16,,44,,1,22,9,121.553942,25.0244517
112,4,19,9,16,2,07信義區,信義區崇德街與崇德街31巷口口,0,0,1,2,,8,1,5,30,4,2,1,5,4,5,7,4,4,9,5,5,2,18,3,0,,,,,,,,,,,,67,,1,,,121.553942,25.0244517
112,4,19,9,27,2,03中山區,中山區建國北路3段85號,0,0,1,3,G03,8,1,5,50,14,9,1,5,4,5,7,4,4,9,4,5,2,16,1,64,3,10,1,4,7,14,1,1,1,15,,61,,1,22,9,121.5367798,25.06548752
112,4,19,9,27,2,03中山區,中山區建國北路3段85號,0,0,1,1,B03,8,1,5,50,14,9,1,5,4,5,7,4,4,9,4,5,2,16,1,65,3,10,3,4,7,9,1,8,1,5,,23,,1,22,9,121.5367798,25.06548752
112,4,19,9,27,2,03中山區,中山區建國北路3段85號,0,0,1,2,C03,8,1,5,50,14,9,1,5,4,5,7,4,4,9,4,5,2,16,1,22,2,9,1,1,7,7,1,10,1,14,,7,,1,22,9,121.5367798,25.06548752
112,4,19,9,40,2,09北投區,北投區石牌路2段與振興街口,0,0,1,2,C03,8,1,5,50,4,1,1,5,4,5,7,2,1,10,5,5,1,16,1,22,2,9,1,1,7,9,1,10,1,14,,44,,1,22,9,121.5213156,25.1189762
112,4,19,9,40,2,09北投區,北投區石牌路2段與振興街口,0,0,1,1,B01,8,1,5,50,4,1,1,5,4,5,7,2,1,10,5,5,1,16,1,67,3,10,1,1,7,11,1,4,1,1,,10,,1,22,9,121.5213156,25.1189762
112,4,19,9,51,2,12內湖區,內湖區民權東路6段與民權東路6段289巷口,0,0,1,1,C04,8,1,5,50,14,8,1,5,4,5,7,4,4,1,1,3,1,13,1,42,3,10,1,1,7,9,1,10,1,11,,16,,1,22,9,121.601946,25.06830844
112,4,19,9,51,2,12內湖區,內湖區民權東路6段與民權東路6段289巷口,0,0,1,2,C03,8,1,5,50,14,8,1,5,4,5,7,4,4,1,1,3,1,13,1,63,2,9,1,1,7,9,1,10,1,13,,44,,1,22,9,121.601946,25.06830844
112,4,19,10,13,2,09北投區,北投區中央北路3段40巷38弄22號與無名巷口,0,0,2,1,C03,8,1,5,30,3,1,1,5,4,3,7,4,4,10,5,5,2,16,1,23,2,9,1,1,7,6,1,10,1,11,,9,,1,22,9,121.4855845,25.14033158
112,4,19,10,13,2,09北投區,北投區中央北路3段40巷38弄22號與無名巷口,0,0,2,2,C03,8,1,5,30,3,1,1,5,4,3,7,4,4,10,5,5,2,16,2,45,2,9,1,1,7,9,1,10,1,14,,23,,1,22,9,121.4855845,25.14033158
112,4,19,10,13,2,09北投區,北投區中央北路3段40巷38弄22號與無名巷口,0,0,2,3,B03,8,1,5,30,3,1,1,5,4,3,7,4,4,10,5,5,2,16,2,73,3,10,3,1,7,13,3,18,9,15,,38,,1,22,9,121.4855845,25.14033158
112,4,19,10,14,2,07信義區,(永吉路443巷46號前),0,0,2,2,C03,8,1,5,30,14,9,1,5,4,5,7,4,4,10,5,5,2,16,2,27,2,8,1,1,7,9,1,10,1,11,,14,,1,22,8,121.5783213,25.0466166
112,4,19,10,14,2,07信義區,(永吉路443巷46號前),0,0,2,1,C03,8,1,5,30,14,9,1,5,4,5,7,4,4,10,5,5,2,16,1,63,2,8,1,1,7,9,1,10,1,12,,6,,1,22,8,121.5783213,25.0466166
112,4,19,10,16,2,04大安區,大安區永康街2巷與麗水街口,0,0,1,1,B03,8,1,5,30,4,1,1,5,4,5,7,4,4,8,3,5,1,15,1,64,3,10,1,1,7,9,1,8,1,1,,6,,1,22,9,121.5291444,25.0332313
112,4,19,10,16,2,04大安區,大安區永康街2巷與麗水街口,0,0,1,2,F01,8,1,5,30,4,1,1,5,4,5,7,4,4,8,3,5,1,15,2,33,2,5,3,1,7,9,8,20,1,16,,44,,1,22,9,121.5291444,25.0332313
112,4,19,10,30,2,12內湖區,內湖區安泰街114巷19號與安泰街114巷口,0,0,1,1,B03,7,1,5,30,3,2,1,5,4,5,7,4,4,10,5,5,2,16,2,71,3,10,1,1,7,1,1,8,1,5,,19,,1,22,9,121.6165635,25.0777196
112,4,19,10,30,2,12內湖區,內湖區安泰街114巷19號與安泰街114巷口,0,0,1,2,C03,7,1,5,30,3,2,1,5,4,5,7,4,4,10,5,5,2,16,1,65,2,9,1,1,7,9,1,10,1,14,,23,,1,22,9,121.6165635,25.0777196
112,4,19,10,50,2,05中正區,中正區汀州路3段與基隆路4段口,0,0,1,2,C03,8,1,5,50,5,1,1,5,4,5,7,2,1,1,3,4,1,16,1,40,2,9,1,1,7,9,1,10,2,14,,13,,1,22,9,121.5362709,25.0110025
112,4,19,10,50,2,05中正區,中正區汀州路3段與基隆路4段口,0,0,1,1,B12,8,1,5,50,5,1,1,5,4,5,7,2,1,1,3,4,1,16,1,67,3,10,1,1,7,5,1,8,2,5,,26,,1,22,9,121.5362709,25.0110025
112,4,19,10,59,2,03中山區,中山區長春路與建國北路2段口,0,0,1,1,B03,8,1,5,50,4,1,1,5,4,5,7,1,1,5,4,5,2,17,1,43,3,10,1,1,7,5,1,1,1,2,,6,,1,22,9,121.5370724,25.0547964
112,4,19,10,59,2,03中山區,中山區長春路與建國北路2段口,0,0,1,2,C03,8,1,5,50,4,1,1,5,4,5,7,1,1,5,4,5,2,17,1,28,2,7,1,1,7,9,1,10,1,11,,44,,1,22,9,121.5370724,25.0547964
112,4,19,11,15,2,07信義區,信義區忠孝東路5段71巷與永吉路30巷148弄口,0,0,1,2,C03,7,1,5,30,4,1,1,5,4,5,7,4,4,10,5,5,2,15,1,23,3,10,1,1,7,9,1,10,1,12,,14,,2,22,9,121.5673595,25.0427651
112,4,19,11,15,2,07信義區,信義區忠孝東路5段71巷與永吉路30巷148弄口,0,0,1,1,C03,7,1,5,30,4,1,1,5,4,5,7,4,4,10,5,5,2,15,2,28,2,9,1,1,7,9,1,10,1,11,,6,,1,22,9,121.5673595,25.0427651
112,4,19,11,17,2,10文山區,文山區木新路3段與木新路3段310巷口,0,0,2,2,C03,8,1,5,50,14,9,1,5,4,5,7,1,1,5,2,5,2,16,1,27,2,9,1,1,7,9,1,9,2,12,14,13,,1,22,9,121.5571823,24.98089128
112,4,19,11,17,2,10文山區,文山區木新路3段與木新路3段310巷口,0,0,2,1,F01,8,1,5,50,14,9,1,5,4,5,7,1,1,5,2,5,2,16,1,80,2,9,1,1,7,7,8,20,2,16,,7,,1,22,9,121.5571823,24.98089128
112,4,19,11,29,2,10文山區,文山區木新路2段161巷與木新路2段161巷6弄口,0,0,1,1,C03,8,1,5,30,4,1,1,5,4,5,7,4,4,10,5,5,2,15,1,24,2,9,1,1,7,9,1,10,1,11,,6,,1,22,9,121.5690468,24.98352023
112,4,19,11,29,2,10文山區,文山區木新路2段161巷與木新路2段161巷6弄口,0,0,1,2,B12,8,1,5,30,4,1,1,5,4,5,7,4,4,10,5,5,2,15,1,28,3,10,1,1,7,9,1,6,1,4,,14,,1,22,9,121.5690468,24.98352023
112,4,19,11,34,2,10文山區,文山區忠順街1段113號前,0,0,2,2,C03,8,1,5,50,14,9,1,5,4,5,7,4,4,9,5,5,2,16,2,59,2,8,1,1,7,9,1,10,2,12,,44,,1,22,9,121.5595434,24.9841531
112,4,19,11,34,2,10文山區,文山區忠順街1段113號前,0,0,2,1,F01,8,1,5,50,14,9,1,5,4,5,7,4,4,9,5,5,2,16,2,76,2,7,2,1,7,7,8,20,2,16,,7,,1,22,9,121.5595434,24.9841531
112,4,19,12,4,2,05中正區,中正區中華路2段與中華路2段307巷口口,0,0,1,1,B12,8,1,5,50,3,1,1,5,4,5,7,1,1,5,5,4,1,17,1,21,3,10,1,1,7,6,1,8,2,6,,9,,1,22,9,121.5053552,25.02866052
112,4,19,12,4,2,05中正區,中正區中華路2段與中華路2段307巷口口,0,0,1,2,F02,8,1,5,50,3,1,1,5,4,5,7,1,1,5,5,4,1,17,1,73,2,9,1,1,7,9,8,20,2,16,,44,,1,22,9,121.5053552,25.02866052
112,4,19,12,23,2,09北投區,北投區致遠一路2段與致遠一路2段45巷口,0,0,2,2,C03,8,1,5,50,3,2,1,5,4,5,7,4,4,7,4,5,1,12,1,69,2,8,1,1,7,9,1,10,1,14,,16,,1,22,9,121.5137871,25.11185846
112,4,19,12,23,2,09北投區,北投區致遠一路2段與致遠一路2段45巷口,0,0,2,1,C03,8,1,5,50,3,2,1,5,4,5,7,4,4,7,4,5,1,12,2,65,2,7,1,1,7,5,1,10,1,14,,8,,1,22,9,121.5137871,25.11185846
112,4,19,13,0,2,04大安區,大安區金山南路2段PH04桿,0,0,1,1,B12,7,1,5,50,14,9,1,5,4,5,7,4,4,3,3,5,1,13,1,47,3,10,1,1,7,9,1,4,1,1,,16,,1,22,9,121.5268374,25.0320884
112,4,19,13,0,2,04大安區,大安區金山南路2段PH04桿,0,0,1,2,B01,7,1,5,50,14,9,1,5,4,5,7,4,4,3,3,5,1,13,1,58,2,2,1,1,7,14,1,4,1,3,,44,,1,22,9,121.5268374,25.0320884
112,4,19,13,2,2,03中山區,中山區北安路573巷與北安路口,0,0,3,1,C03,7,1,5,50,4,1,1,5,4,5,7,1,1,1,4,5,1,16,2,23,2,9,1,4,7,6,1,10,1,12,,9,,1,22,9,121.5485289,25.0812716
112,4,19,13,2,2,03中山區,中山區北安路573巷與北安路口,0,0,3,2,C03,7,1,5,50,4,1,1,5,4,5,7,1,1,1,4,5,1,16,1,46,2,9,1,4,7,9,1,10,1,11,,23,,1,22,9,121.5485289,25.0812716
112,4,19,13,2,2,03中山區,中山區北安路573巷與北安路口,0,0,3,3,H02,7,1,5,50,4,1,1,5,4,5,7,1,1,1,4,5,1,16,2,21,2,9,1,5,7,17,8,20,10,16,,67,,1,22,9,121.5485289,25.0812716
112,4,19,13,8,2,07信義區,信義區林口街10巷40號,0,0,1,2,H01,7,1,5,30,14,9,1,5,4,5,7,4,4,10,5,5,2,9,1,3,2,8,4,5,8,20,8,20,10,16,,67,,1,22,9,121.5809195,25.03751254
112,4,19,13,8,2,07信義區,信義區林口街10巷40號,0,0,1,1,C03,7,1,5,30,14,9,1,5,4,5,7,4,4,10,5,5,2,9,2,23,3,10,1,1,7,9,1,10,1,11,,44,,1,22,9,121.5809195,25.03751254
112,4,19,13,23,2,10文山區,文山區景仁街20巷與羅斯福路6段92巷口,0,0,2,1,C03,7,1,5,30,4,1,1,5,4,5,7,4,4,10,5,5,2,15,2,26,2,9,1,1,7,9,1,10,1,11,,6,,1,22,9,121.5398562,24.9981392
112,4,19,13,23,2,10文山區,文山區景仁街20巷與羅斯福路6段92巷口,0,0,2,2,B12,7,1,5,30,4,1,1,5,4,5,7,4,4,10,5,5,2,15,1,56,3,10,1,1,7,9,1,8,1,7,,23,,1,22,9,121.5398562,24.9981392
112,4,19,13,23,2,10文山區,文山區景仁街20巷與羅斯福路6段92巷口,0,0,2,3,H02,7,1,5,30,4,1,1,5,4,5,7,4,4,10,5,5,2,15,2,28,2,8,1,5,7,21,8,20,10,16,,67,,1,22,9,121.5398562,24.9981392
112,4,19,13,42,2,05中正區,中正區水源路175號前,0,0,1,1,B03,6,1,5,50,14,9,1,4,4,5,7,4,4,1,4,5,1,17,1,50,3,10,1,1,7,8,1,8,2,5,,26,,1,22,9,121.5137406,25.02412076
112,4,19,13,42,2,05中正區,中正區水源路175號前,0,0,1,2,C03,6,1,5,50,14,9,1,4,4,5,7,4,4,1,4,5,1,17,1,64,2,9,1,1,7,9,1,10,2,14,,44,,1,22,9,121.5137406,25.02412076
112,4,19,13,44,2,03中山區,中山區南京東路3段與遼寧街口,0,0,1,1,B03,7,1,5,50,4,1,1,5,4,5,7,1,1,1,3,4,1,16,1,47,3,10,1,1,7,8,1,8,1,2,,7,,1,22,9,121.5420806,25.051792
112,4,19,13,44,2,03中山區,中山區南京東路3段與遼寧街口,0,0,1,2,C03,7,1,5,50,4,1,1,5,4,5,7,1,1,1,3,4,1,16,2,73,2,9,1,1,7,9,1,10,1,14,,44,,1,22,9,121.5420806,25.051792
112,4,19,14,40,2,01大同區,大同區重慶北路3段與哈密街口,0,0,1,2,C03,6,2,5,50,4,2,1,4,4,5,7,1,1,1,4,5,2,16,1,57,2,9,1,1,7,9,1,10,2,14,,44,,1,22,9,121.513714,25.07295528
112,4,19,14,40,2,01大同區,大同區重慶北路3段與哈密街口,0,0,1,3,B01,6,2,5,50,4,2,1,4,4,5,7,1,1,1,4,5,2,16,1,63,3,10,1,1,7,3,1,4,2,7,,18,,1,22,9,121.513714,25.07295528
112,4,19,14,40,2,01大同區,大同區重慶北路3段與哈密街口,0,0,1,1,A12,6,2,5,50,4,2,1,4,4,5,7,1,1,1,4,5,2,16,1,34,3,10,1,1,7,9,1,7,2,5,,16,,1,22,9,121.513714,25.07295528
112,4,19,14,56,2,03中山區,中山區中山北路2段62巷2號,0,0,1,1,B03,7,1,5,30,14,9,1,5,4,5,7,4,4,10,5,5,1,2,1,65,3,10,3,4,7,9,1,8,2,5,,23,,1,22,9,121.5223681,25.05670094
112,4,19,14,56,2,03中山區,中山區中山北路2段62巷2號,0,0,1,2,H01,7,1,5,30,14,9,1,5,4,5,7,4,4,10,5,5,1,2,2,60,2,9,4,5,8,16,8,20,10,16,,67,,1,22,9,121.5223681,25.05670094
112,4,19,15,2,2,01大同區,大同區延平北路2段43巷與南京西路185巷口,0,0,2,1,C03,6,1,5,30,4,1,1,4,4,5,7,4,4,10,5,5,2,15,1,61,2,9,1,1,7,9,1,10,1,11,,6,,1,22,9,121.5122308,25.0551603
112,4,19,15,2,2,01大同區,大同區延平北路2段43巷與南京西路185巷口,0,0,2,2,C03,6,1,5,30,4,1,1,4,4,5,7,4,4,10,5,5,2,15,1,26,2,9,1,1,7,9,1,10,1,11,,23,,1,22,9,121.5122308,25.0551603
112,4,19,15,14,2,05中正區,中正區中華路2段與中華路2段409巷口,0,0,3,1,C03,6,1,5,40,3,1,1,4,4,5,7,1,1,5,5,4,2,16,1,78,2,8,1,1,7,5,1,10,1,14,,8,,1,22,9,121.5082013,25.0258395
112,4,19,15,14,2,05中正區,中正區中華路2段與中華路2段409巷口,0,0,3,2,C02,6,1,5,40,3,1,1,4,4,5,7,1,1,5,5,4,2,16,1,38,2,9,1,1,7,9,1,9,1,11,,44,,1,22,9,121.5082013,25.0258395
112,4,19,15,14,2,05中正區,中正區中華路2段與中華路2段409巷口,0,0,3,3,H02,6,1,5,40,3,1,1,4,4,5,7,1,1,5,5,4,2,16,2,79,2,8,1,1,7,20,8,20,10,16,,67,,1,22,9,121.5082013,25.0258395
112,4,19,15,15,2,08士林區,士林區福德路與大西路口,0,0,1,2,C03,6,1,5,30,3,1,1,4,4,5,7,4,4,5,5,5,2,17,2,26,2,9,1,1,7,9,1,10,1,12,,14,,1,21,8,121.5249161,25.09204001
112,4,19,15,15,2,08士林區,士林區福德路與大西路口,0,0,1,1,B11,6,1,5,30,3,1,1,4,4,5,7,4,4,5,5,5,2,17,2,39,3,10,1,1,7,5,1,8,1,15,,6,,1,21,8,121.5249161,25.09204001
112,4,19,15,27,2,09北投區,北投區西安街2段與西安街2段275巷口,0,0,1,1,B03,6,1,5,50,3,1,1,4,4,5,7,4,4,10,4,5,2,11,1,48,3,10,1,1,7,1,1,8,1,4,,19,,1,22,9,121.5070062,25.1204632
112,4,19,15,27,2,09北投區,北投區西安街2段與西安街2段275巷口,0,0,1,2,C03,6,1,5,50,3,1,1,4,4,5,7,4,4,10,4,5,2,11,1,27,2,9,1,1,7,9,1,10,1,11,,44,,1,22,9,121.5070062,25.1204632
112,4,19,15,37,2,08士林區,士林區中正路606號,0,0,1,2,B03,6,1,5,50,14,9,1,4,4,5,7,4,4,9,4,5,2,17,1,27,3,10,1,1,7,9,1,8,1,5,,44,,1,22,9,121.5095692,25.08695609
112,4,19,15,37,2,08士林區,士林區中正路606號,0,0,1,1,C03,6,1,5,50,14,9,1,4,4,5,7,4,4,9,4,5,2,17,2,65,2,7,1,1,7,7,1,10,1,14,,7,,1,22,9,121.5095692,25.08695609
112,4,19,15,39,2,02萬華區,萬華區漢口街2段與漢口街2段83巷口,0,0,1,1,C03,6,1,5,30,3,1,1,4,4,5,7,4,4,10,5,5,2,17,1,58,2,9,1,1,7,15,6,18,1,14,12,42,,1,22,9,121.5049788,25.04621633
112,4,19,15,39,2,02萬華區,萬華區漢口街2段與漢口街2段83巷口,0,0,1,2,B01,6,1,5,30,3,1,1,4,4,5,7,4,4,10,5,5,2,17,1,32,3,10,1,1,7,9,1,2,1,5,,44,,1,22,9,121.5049788,25.04621633
112,4,19,15,45,2,09北投區,北投區大業路701號,0,0,1,2,C03,6,1,8,50,15,22,1,4,4,5,7,4,4,2,4,2,1,17,2,54,2,8,1,1,7,9,1,10,1,14,,17,,1,22,9,121.5005448,25.1372238
112,4,19,15,45,2,09北投區,北投區大業路701號,0,0,1,1,B03,6,1,8,50,15,22,1,4,4,5,7,4,4,2,4,2,1,17,1,61,3,10,3,1,7,9,1,8,1,5,,17,,1,22,9,121.5005448,25.1372238
112,4,19,15,54,2,02萬華區,萬華區東園街與東園街35巷口,0,0,2,1,C03,6,1,5,50,3,1,1,4,4,5,7,1,1,5,5,5,2,11,1,35,2,9,1,1,7,5,1,10,1,12,,6,,1,22,9,121.4957771,25.02749471
112,4,19,15,54,2,02萬華區,萬華區東園街與東園街35巷口,0,0,2,2,C03,6,1,5,50,3,1,1,4,4,5,7,1,1,5,5,5,2,11,2,45,2,9,1,1,7,9,1,10,1,11,,44,,1,22,9,121.4957771,25.02749471
112,4,19,16,57,2,10文山區,文山區木新路2段與木新路2段299巷口,0,0,1,2,C03,6,1,5,50,3,2,1,4,4,5,7,1,1,4,3,5,2,17,1,22,2,9,1,1,7,9,1,10,2,12,,17,,1,22,9,121.5652859,24.9827145
112,4,19,16,57,2,10文山區,文山區木新路2段與木新路2段299巷口,0,0,1,1,B03,6,1,5,50,3,2,1,4,4,5,7,1,1,4,3,5,2,17,2,62,3,10,1,1,7,6,1,8,2,15,,9,,1,22,9,121.5652859,24.9827145
112,4,19,17,4,2,01大同區,大同區承德路3段與敦煌路口,0,0,1,1,C03,6,1,5,50,4,2,1,4,4,5,7,1,1,1,5,5,2,17,1,48,2,8,1,1,7,9,1,9,1,14,,16,,1,22,9,121.5200474,25.0754445
112,4,19,17,4,2,01大同區,大同區承德路3段與敦煌路口,0,0,1,2,C03,6,1,5,50,4,2,1,4,4,5,7,1,1,1,5,5,2,17,1,18,3,10,1,1,7,9,1,10,1,13,,44,,1,22,9,121.5200474,25.0754445
112,4,19,17,35,2,04大安區,大安區市民大道3段與安東街40巷口,0,0,1,1,B03,6,1,5,40,5,1,1,4,4,5,7,4,4,1,4,5,2,17,2,65,3,10,1,4,7,6,1,8,1,5,,9,,1,22,9,121.5406157,25.0441056
112,4,19,17,35,2,04大安區,大安區市民大道3段與安東街40巷口,0,0,1,2,C03,6,1,5,40,5,1,1,4,4,5,7,4,4,1,4,5,2,17,1,29,2,7,1,4,7,9,1,10,1,12,,14,,1,22,9,121.5406157,25.0441056
112,4,19,17,55,2,04大安區,大安區愛國東路216號,0,0,2,1,C03,6,1,5,40,14,8,1,4,4,5,7,4,4,1,4,4,2,17,1,33,2,8,3,4,7,9,1,10,1,15,,23,,1,22,9,121.5243466,25.03187309
112,4,19,17,55,2,04大安區,大安區愛國東路216號,0,0,2,2,B03,6,1,5,40,14,8,1,4,4,5,7,4,4,1,4,4,2,17,1,52,2,8,3,4,7,13,1,8,1,4,,40,,1,22,9,121.5243466,25.03187309
112,4,19,18,20,2,03中山區,中山區市民大道3段與八德路2段口,0,0,1,1,B03,6,3,5,40,4,1,1,4,4,5,7,1,1,1,4,5,2,12,1,64,3,10,1,1,7,9,1,8,1,5,,17,,1,22,9,121.5348146,25.04505199
112,4,19,18,20,2,03中山區,中山區市民大道3段與八德路2段口,0,0,1,2,C03,6,3,5,40,4,1,1,4,4,5,7,1,1,1,4,5,2,12,1,25,2,7,1,1,7,9,1,10,1,14,,17,,1,22,9,121.5348146,25.04505199
112,4,19,18,21,2,07信義區,信義區林口街與林口街52巷口,0,0,1,1,C03,6,3,5,40,4,1,1,4,4,5,7,4,4,5,5,4,1,17,2,63,2,9,1,1,7,11,1,10,1,14,,10,,1,22,9,121.5793982,25.038333
112,4,19,18,21,2,07信義區,信義區林口街與林口街52巷口,0,0,1,2,F01,6,3,5,40,4,1,1,4,4,5,7,4,4,5,5,4,1,17,1,18,3,10,3,1,7,9,8,20,1,16,,44,,1,22,9,121.5793982,25.038333
112,4,19,18,25,2,07信義區,信義區信安街67巷81號,0,0,1,1,C03,6,3,5,50,14,8,1,4,4,5,7,4,4,5,4,4,2,17,2,40,3,10,1,1,7,1,1,10,1,14,,19,,1,22,9,121.5593718,25.02592008
112,4,19,18,25,2,07信義區,信義區信安街67巷81號,0,0,1,2,C03,6,3,5,50,14,8,1,4,4,5,7,4,4,5,4,4,2,17,1,53,2,9,1,1,7,9,1,10,1,11,,44,,1,22,9,121.5593718,25.02592008
112,4,19,18,30,2,04大安區,大安區羅斯福路4段113巷與羅斯福路4段113巷19弄口口,0,0,2,2,C03,6,3,5,30,3,2,1,4,4,5,7,4,4,8,3,5,1,17,1,20,2,9,3,4,7,15,1,10,9,11,,42,,1,22,9,121.5395705,25.0113287
112,4,19,18,30,2,04大安區,大安區羅斯福路4段113巷與羅斯福路4段113巷19弄口口,0,0,2,1,C03,6,3,5,30,3,2,1,4,4,5,7,4,4,8,3,5,1,17,1,54,2,9,3,4,7,5,1,10,9,14,,8,,1,22,9,121.5395705,25.0113287
112,4,19,18,43,2,09北投區,北投區光明路226號,0,0,1,2,H01,6,3,5,50,14,9,1,4,4,5,7,4,4,9,5,5,2,3,1,67,2,9,4,5,8,16,8,20,10,16,,51,,1,22,9,121.5055271,25.13612603
112,4,19,18,43,2,09北投區,北投區光明路226號,0,0,1,1,C03,6,3,5,50,14,9,1,4,4,5,7,4,4,9,5,5,2,3,1,46,3,10,1,1,7,9,1,10,2,12,,23,,1,22,9,121.5055271,25.13612603
112,4,19,18,48,2,06松山區,松山區八德路4段478號,0,0,1,1,H01,1,3,5,50,15,9,1,4,4,5,7,2,1,9,4,5,2,3,1,61,2,1,4,5,8,16,8,20,10,16,,51,,1,22,9,121.569932,25.0495945
112,4,19,18,48,2,06松山區,松山區八德路4段478號,0,0,1,2,C03,1,3,5,50,15,9,1,4,4,5,7,2,1,9,4,5,2,3,1,55,3,10,1,1,7,6,1,10,2,11,,15,,1,22,9,121.569932,25.0495945
112,4,19,18,54,2,04大安區,大安區和平東路3段93-1號,0,0,1,1,A02,6,3,5,50,14,9,1,4,4,5,7,4,4,1,4,5,2,12,1,29,3,10,3,4,7,1,1,2,1,5,,19,,1,22,9,121.5507194,25.0245494
112,4,19,18,54,2,04大安區,大安區和平東路3段93-1號,0,0,1,2,C03,6,3,5,50,14,9,1,4,4,5,7,4,4,1,4,5,2,12,2,30,2,8,3,4,7,8,1,10,1,13,,7,,1,22,9,121.5507194,25.0245494
112,4,19,19,0,2,05中正區,中正區北平東路30號,0,0,2,2,C03,6,3,5,50,14,9,1,4,4,5,7,4,4,10,4,5,2,16,1,29,2,9,1,1,7,9,1,10,2,12,,44,,1,22,9,121.5259718,25.0458669
112,4,19,19,0,2,05中正區,中正區北平東路30號,0,0,2,1,C03,6,3,5,50,14,9,1,4,4,5,7,4,4,10,4,5,2,16,1,37,2,9,1,1,7,1,1,10,2,14,,19,,1,22,9,121.5259718,25.0458669
112,4,19,19,11,2,08士林區,士林區福國路與福華路口,0,0,1,1,C03,6,3,5,50,4,1,1,4,4,5,7,1,1,1,4,5,2,12,1,46,2,8,1,1,7,6,1,10,2,11,,17,,1,22,9,121.5229515,25.10198954
112,4,19,19,11,2,08士林區,士林區福國路與福華路口,0,0,1,2,B03,6,3,5,50,4,1,1,4,4,5,7,1,1,1,4,5,2,12,1,35,3,10,1,1,7,6,1,8,2,5,,17,,1,22,9,121.5229515,25.10198954
112,4,19,19,12,2,10文山區,文山區羅斯福路5段與羅斯福路5段218巷口口,0,0,1,1,B03,6,3,5,50,4,1,1,4,4,5,7,2,1,1,4,5,2,16,2,47,3,10,1,1,7,11,1,8,2,1,,10,,1,22,9,121.5388362,25.00216047
112,4,19,19,12,2,10文山區,文山區羅斯福路5段與羅斯福路5段218巷口口,0,0,1,2,C03,6,3,5,50,4,1,1,4,4,5,7,2,1,1,4,5,2,16,2,58,2,9,1,1,7,9,1,10,2,11,,44,,1,22,9,121.5388362,25.00216047
112,4,19,19,13,2,03中山區,中山區龍江路328巷與民族東路口,0,0,1,1,C03,6,3,5,30,4,2,1,4,4,5,7,4,4,9,5,5,2,3,1,26,3,10,3,4,7,8,1,10,2,11,,15,,1,22,9,121.5387878,25.0652131