發生年度,發生月,發生日,發生時-Hours,發生分,處理別-編號,區序,肇事地點,死亡人數,2-30日死亡人數,受傷人數,當事人序號,車種,天候,光線,道路類別,速限-速度限制,道路型態,事故位置,路面狀況1,路面狀況2,路面狀況3,道路障礙1,道路障礙2,號誌1,號誌2,車道劃分-分向,車道劃分-分道1,車道劃分-分道2,車道劃分-分道3,事故類型及型態,性別,年齡,受傷程度,主要傷處,保護裝置,行動電話,車輛用途,當事者行動狀態,駕駛資格情形,駕駛執照種類,飲酒情形,車輛撞擊部位1,車輛撞擊部位2,肇因碼-個別,肇因碼-主要,個人肇逃否,職業,旅次目的,座標-X,座標-Y
112,4,19,19,13,2,03中山區,中山區龍江路328巷與民族東路口,0,0,1,2,H01,6,3,5,30,4,2,1,4,4,5,7,4,4,9,5,5,2,3,1,53,2,5,3,4,8,16,8,20,10,16,,67,,1,22,9,121.5387878,25.0652131
112,4,19,19,18,2,06松山區,松山區光復北路與南京東路4段133巷9弄口,0,0,1,1,H01,6,3,5,50,4,1,1,4,4,5,7,4,4,9,4,5,2,1,2,67,2,9,4,5,8,16,8,20,10,16,,52,,1,22,9,121.5568021,25.05311134
112,4,19,19,18,2,06松山區,松山區光復北路與南京東路4段133巷9弄口,0,0,1,2,B03,6,3,5,50,4,1,1,4,4,5,7,4,4,9,4,5,2,1,1,46,3,10,1,1,7,9,1,8,11,8,,23,,1,22,9,121.5568021,25.05311134
112,4,19,19,19,2,01大同區,大同區重慶北路1段與長安西路口,0,0,1,1,B03,6,3,5,50,4,2,1,4,4,5,7,2,1,1,4,5,2,3,2,41,3,10,2,1,7,5,1,8,2,8,,15,,1,22,9,121.5139942,25.0516929
112,4,19,19,19,2,01大同區,大同區重慶北路1段與長安西路口,0,0,1,2,H01,6,3,5,50,4,2,1,4,4,5,7,2,1,1,4,5,2,3,1,60,2,9,4,5,8,16,8,20,1,16,,67,,1,22,9,121.5139942,25.0516929
112,4,19,19,20,2,10文山區,文山區興隆路1段與興隆路1段251巷口,0,0,1,1,H01,6,3,5,50,3,2,1,4,4,5,7,2,1,1,4,5,2,17,4,0,4,11,3,4,7,15,7,19,11,15,,43,,2,22,9,121.5439927,24.9995553
112,4,19,19,20,2,10文山區,文山區興隆路1段與興隆路1段251巷口,0,0,1,2,C03,6,3,5,50,3,2,1,4,4,5,7,2,1,1,4,5,2,17,1,35,2,9,1,1,7,9,1,10,1,12,,43,,1,22,9,121.5439927,24.9995553
112,4,19,19,21,2,01大同區,大同區鄭州路Y23出口,0,0,1,1,B03,6,3,5,40,14,9,1,4,4,5,7,4,4,10,4,5,2,16,1,65,3,10,3,4,7,9,1,8,1,5,,44,,1,22,9,121.5117328,25.05004847
112,4,19,19,21,2,01大同區,大同區鄭州路Y23出口,0,0,1,2,C03,6,3,5,40,14,9,1,4,4,5,7,4,4,10,4,5,2,16,2,38,2,9,3,4,7,7,1,10,1,13,,7,,1,22,9,121.5117328,25.05004847
112,4,19,19,30,2,04大安區,大安區和平東路3段228巷與安居街8巷口口,0,0,2,2,C03,6,3,5,50,3,2,1,4,4,5,7,4,4,8,5,5,1,15,1,48,2,9,1,1,7,9,1,10,1,11,,44,,1,22,9,121.5542552,25.02188458
112,4,19,19,30,2,04大安區,大安區和平東路3段228巷與安居街8巷口口,0,0,2,1,F01,6,3,5,50,3,2,1,4,4,5,7,4,4,8,5,5,1,15,1,27,2,9,3,1,7,5,8,20,1,16,,8,,1,22,9,121.5542552,25.02188458
112,4,19,20,17,2,03中山區,中山區吉林路與長安東路2段口,0,0,1,2,H01,6,3,5,50,5,2,1,4,4,5,7,2,1,5,4,5,2,3,1,12,2,7,3,4,8,16,8,20,10,16,,51,,1,22,9,121.5305232,25.0484765
112,4,19,20,17,2,03中山區,中山區吉林路與長安東路2段口,0,0,1,1,B03,6,3,5,50,5,2,1,4,4,5,7,2,1,5,4,5,2,3,2,32,3,10,3,4,7,5,1,8,2,1,,15,,1,22,9,121.5305232,25.0484765
112,4,19,20,42,2,12內湖區,內湖區港墘路與內湖路1段口,0,0,1,1,B03,6,3,5,50,3,1,1,4,4,5,7,1,1,1,4,5,2,12,1,23,3,10,1,1,7,6,1,8,1,2,,9,,1,22,9,121.5765866,25.07894636
112,4,19,20,42,2,12內湖區,內湖區港墘路與內湖路1段口,0,0,1,2,C03,6,3,5,50,3,1,1,4,4,5,7,1,1,1,4,5,2,12,1,50,2,9,1,1,7,9,1,10,1,14,,44,,1,22,9,121.5765866,25.07894636
112,4,19,21,30,2,12內湖區,內湖區金龍路150號,0,0,1,1,B03,6,3,5,50,14,9,1,4,4,5,7,4,4,9,4,4,2,16,1,21,3,10,1,1,7,5,1,8,2,4,,8,,1,22,9,121.5894844,25.08612185
112,4,19,21,30,2,12內湖區,內湖區金龍路150號,0,0,1,2,C03,6,3,5,50,14,9,1,4,4,5,7,4,4,9,4,4,2,16,1,39,2,1,1,1,7,9,6,18,2,11,,44,,1,22,9,121.5894844,25.08612185
112,4,19,22,2,2,10文山區,文山區萬美街1段91號,0,0,2,2,C03,6,3,5,40,14,9,1,4,4,5,7,4,4,9,5,5,2,16,1,20,2,9,1,1,7,5,1,10,1,11,,8,,1,22,9,121.5659286,25.00096405
112,4,19,22,2,2,10文山區,文山區萬美街1段91號,0,0,2,1,C03,6,3,5,40,14,9,1,4,4,5,7,4,4,9,5,5,2,16,2,22,2,9,1,1,7,9,1,10,1,11,,27,,1,22,9,121.5659286,25.00096405
112,4,19,22,15,2,09北投區,北投區義理街與東華街2段口口,0,0,2,1,C03,6,3,5,50,3,2,1,4,4,5,7,4,4,9,4,5,2,16,1,23,2,9,1,1,7,7,1,10,1,13,,6,,1,22,9,121.5147665,25.1159783
112,4,19,22,15,2,09北投區,北投區義理街與東華街2段口口,0,0,2,2,C03,6,3,5,50,3,2,1,4,4,5,7,4,4,9,4,5,2,16,1,21,2,9,1,1,7,9,1,10,1,11,,23,,1,22,9,121.5147665,25.1159783
112,4,19,22,15,2,12內湖區,內湖區環東大道西往東過麥帥一橋,0,0,1,2,B03,6,3,5,80,10,7,1,4,4,5,7,4,4,1,3,5,1,13,1,39,3,10,1,1,7,9,1,8,2,8,,23,,1,22,9,121.5780452,25.05519564
112,4,19,22,15,2,12內湖區,內湖區環東大道西往東過麥帥一橋,0,0,1,1,B03,6,3,5,80,10,7,1,4,4,5,7,4,4,1,3,5,1,13,1,52,2,1,1,1,7,8,1,8,2,6,,7,,1,22,9,121.5780452,25.05519564
112,4,19,22,57,2,03中山區,中山區民權西路與天祥路口,0,0,1,1,B03,6,3,5,50,4,2,1,4,4,5,7,2,1,3,4,5,2,12,1,23,3,10,3,4,7,8,1,8,2,2,,7,,1,22,9,121.5211486,25.062653
112,4,19,22,57,2,03中山區,中山區民權西路與天祥路口,0,0,1,2,C03,6,3,5,50,4,2,1,4,4,5,7,2,1,3,4,5,2,12,1,25,2,9,3,4,7,9,1,10,2,11,,13,,1,22,9,121.5211486,25.062653
112,4,19,23,5,2,04大安區,大安區基隆路2段136號,0,0,1,2,C03,6,3,5,50,14,9,1,4,4,5,7,4,4,1,4,5,2,13,1,31,2,8,1,4,7,14,1,10,2,13,,44,,1,22,9,121.5567532,25.028451
112,4,19,23,5,2,04大安區,大安區基隆路2段136號,0,0,1,1,B03,6,3,5,50,14,9,1,4,4,5,7,4,4,1,4,5,2,13,1,21,3,10,1,4,7,9,1,8,2,1,,23,,1,22,9,121.5567532,25.028451
112,4,20,1,59,2,08士林區,士林區福國路與文昌路口,0,0,1,1,B03,6,3,5,50,5,2,1,4,4,5,7,1,1,1,4,5,2,17,2,70,3,10,1,1,7,6,1,8,1,4,,6,,1,22,9,121.521305,25.1018987
112,4,20,1,59,2,08士林區,士林區福國路與文昌路口,0,0,1,2,C03,6,3,5,50,5,2,1,4,4,5,7,1,1,1,4,5,2,17,2,26,2,7,1,1,7,5,1,10,1,12,,44,,1,22,9,121.521305,25.1018987
112,4,20,2,10,2,02萬華區,萬華區華中橋往台北市下橋處,0,0,1,1,B03,6,3,5,50,14,9,1,4,4,5,7,4,4,3,3,5,2,16,1,49,3,10,3,4,7,7,1,8,1,4,,7,,1,22,9,121.4960091,25.01733213
112,4,20,2,10,2,02萬華區,萬華區華中橋往台北市下橋處,0,0,1,2,C03,6,3,5,50,14,9,1,4,4,5,7,4,4,3,3,5,2,16,2,62,2,9,1,4,7,9,1,10,1,12,,44,,1,22,9,121.4960091,25.01733213
112,4,20,5,25,2,09北投區,北投區大度路3段與關渡路口,0,0,1,1,B12,6,3,5,30,3,1,1,4,4,5,7,1,1,1,4,5,2,16,1,24,3,10,1,1,7,9,1,8,1,8,,25,,1,22,9,121.4695181,25.12286797
112,4,20,5,25,2,09北投區,北投區大度路3段與關渡路口,0,0,1,2,C03,6,3,5,30,3,1,1,4,4,5,7,1,1,1,4,5,2,16,2,59,2,6,1,1,7,6,1,10,1,12,,44,,1,22,9,121.4695181,25.12286797
112,4,20,5,33,2,12內湖區,內湖區安康路300號,0,0,2,1,C03,6,1,5,50,14,9,1,4,4,5,7,4,4,9,5,5,2,13,1,45,2,8,1,1,7,9,1,10,2,11,,23,,1,22,9,121.6076667,25.06459029
112,4,20,5,33,2,12內湖區,內湖區安康路300號,0,0,2,2,F01,6,1,5,50,14,9,1,4,4,5,7,4,4,9,5,5,2,13,2,56,2,9,2,1,7,9,8,20,2,16,,44,,1,22,9,121.6076667,25.06459029
112,4,20,6,52,2,11南港區,南港區南港路3段與昆陽街口,0,0,1,2,C03,6,1,5,50,3,1,1,4,4,5,7,2,1,4,3,5,2,17,1,22,2,9,1,1,7,9,1,9,1,12,,13,,1,22,9,121.5922542,25.0541487
112,4,20,6,52,2,11南港區,南港區南港路3段與昆陽街口,0,0,1,1,B01,6,1,5,50,3,1,1,4,4,5,7,2,1,4,3,5,2,17,1,67,3,10,1,1,7,5,6,18,1,15,,6,,1,22,9,121.5922542,25.0541487
112,4,20,7,26,2,04大安區,大安區仁愛路3段22號,0,0,1,2,C03,6,1,5,40,14,9,1,4,4,5,7,4,4,1,4,5,1,12,1,25,2,8,3,4,7,9,1,10,1,14,,44,,1,22,9,121.5349656,25.03776693
112,4,20,7,26,2,04大安區,大安區仁愛路3段22號,0,0,1,1,B03,6,1,5,40,14,9,1,4,4,5,7,4,4,1,4,5,1,12,2,57,3,10,3,4,7,9,1,8,1,6,,23,,1,22,9,121.5349656,25.03776693
112,4,20,7,26,2,12內湖區,內湖區康寧路3段與康寧路3段245巷口,0,0,1,2,B03,6,1,5,50,3,2,1,4,4,5,7,4,4,1,4,5,2,13,2,46,3,10,1,1,7,14,1,8,1,3,,44,,1,22,9,121.6114668,25.06706123
112,4,20,7,26,2,12內湖區,內湖區康寧路3段與康寧路3段245巷口,0,0,1,1,C03,6,1,5,50,3,2,1,4,4,5,7,4,4,1,4,5,2,13,1,20,2,8,1,1,7,9,1,10,1,11,,42,,1,22,9,121.6114668,25.06706123
112,4,20,7,36,2,10文山區,文山區辛亥路4段與萬美街2段口,0,0,1,2,F03,6,1,5,50,3,1,1,4,4,5,7,2,1,1,4,5,2,16,2,48,2,9,1,1,7,9,8,20,2,16,,44,,1,22,9,121.5581023,25.0060455
112,4,20,7,36,2,10文山區,文山區辛亥路4段與萬美街2段口,0,0,1,1,B03,6,1,5,50,3,1,1,4,4,5,7,2,1,1,4,5,2,16,1,29,3,10,1,1,7,6,1,8,2,2,,6,,1,22,9,121.5581023,25.0060455
112,4,20,7,50,2,05中正區,中正區羅斯福路2段30巷與羅斯福路2段48巷口,0,0,1,1,B03,6,1,5,30,4,1,1,4,4,5,3,4,4,10,5,5,2,17,2,41,3,10,1,1,7,6,1,8,1,8,,6,,1,22,9,121.5209906,25.0275429
112,4,20,7,50,2,05中正區,中正區羅斯福路2段30巷與羅斯福路2段48巷口,0,0,1,2,C03,6,1,5,30,4,1,1,4,4,5,3,4,4,10,5,5,2,17,1,51,2,8,1,1,7,9,1,10,1,12,,14,,1,22,9,121.5209906,25.0275429
112,4,20,8,17,2,07信義區,信義區忠孝東路5段295巷與虎林街120巷口,0,0,1,1,B03,6,1,5,30,4,2,1,4,4,5,7,4,4,10,5,5,2,15,1,42,3,10,1,1,7,9,1,8,2,1,,6,,1,22,8,121.5725725,25.042227
112,4,20,8,17,2,07信義區,信義區忠孝東路5段295巷與虎林街120巷口,0,0,1,2,C03,6,1,5,30,4,2,1,4,4,5,7,4,4,10,5,5,2,15,1,35,2,8,1,1,7,9,1,10,2,12,,44,,1,22,8,121.5725725,25.042227
112,4,20,8,35,2,02萬華區,萬華區民和街與德昌街132巷口,0,0,2,2,C03,6,1,5,30,4,1,1,4,4,5,7,4,4,10,5,5,2,15,2,24,2,9,1,1,7,9,1,10,1,11,,23,,1,22,9,121.4962731,25.02495226
112,4,20,8,35,2,02萬華區,萬華區民和街與德昌街132巷口,0,0,2,1,C03,6,1,5,30,4,1,1,4,4,5,7,4,4,10,5,5,2,15,2,33,2,9,1,1,7,9,1,10,1,12,,6,,1,22,9,121.4962731,25.02495226
112,4,20,8,35,2,02萬華區,萬華區民和街與德昌街132巷口,0,0,2,3,B03,6,1,5,30,4,1,1,4,4,5,7,4,4,10,5,5,2,15,1,56,3,10,1,1,7,13,1,8,1,3,,44,,1,22,9,121.4962731,25.02495226
112,4,20,8,55,2,05中正區,中正區汀州路2段與金門街口,0,0,3,1,C03,6,1,5,50,4,1,1,4,4,5,7,1,1,5,5,5,2,16,1,61,2,8,1,1,7,5,1,10,1,12,,6,,1,22,9,121.5239491,25.0222416
112,4,20,8,55,2,05中正區,中正區汀州路2段與金門街口,0,0,3,2,C03,6,1,5,50,4,1,1,4,4,5,7,1,1,5,5,5,2,16,2,28,2,8,1,1,7,9,1,10,1,11,,44,,1,22,9,121.5239491,25.0222416
112,4,20,8,55,2,05中正區,中正區汀州路2段與金門街口,0,0,3,3,H02,6,1,5,50,4,1,1,4,4,5,7,1,1,5,5,5,2,16,2,61,2,9,1,1,7,20,8,20,10,16,,67,,1,22,9,121.5239491,25.0222416
112,4,20,9,5,2,04大安區,大安區師大路145號,0,0,1,1,B12,7,1,5,50,14,9,1,4,4,5,7,4,4,10,5,5,1,12,1,52,3,10,1,4,7,1,1,8,1,4,,19,,1,22,9,121.5278913,25.0214194
112,4,20,9,5,2,04大安區,大安區師大路145號,0,0,1,2,C03,7,1,5,50,14,9,1,4,4,5,7,4,4,10,5,5,1,12,1,22,2,7,1,4,7,9,1,10,1,11,,23,,1,22,9,121.5278913,25.0214194
112,4,20,9,8,2,03中山區,中山區北安路往大直,0,0,1,1,C03,6,1,5,50,14,9,1,4,4,5,7,4,4,10,4,5,1,18,2,37,2,1,1,1,7,9,1,10,2,11,,42,,1,22,9,121.54934,25.08604813
112,4,20,9,8,2,03中山區,中山區北安路往大直,0,0,1,2,G06,6,1,5,50,14,9,1,4,4,5,7,4,4,10,4,5,1,18,3,0,,,,,,,,,,,,67,,1,,,121.54934,25.08604813
112,4,20,9,17,2,07信義區,信義區基隆路2段62號,0,0,1,1,C03,6,1,5,50,14,9,1,4,4,5,7,4,4,1,4,5,2,18,2,36,2,7,1,1,7,9,1,10,1,14,,42,,1,22,8,121.5583799,25.03121482
112,4,20,9,17,2,07信義區,信義區基隆路2段62號,0,0,1,2,,6,1,5,50,14,9,1,4,4,5,7,4,4,1,4,5,2,18,3,0,,,,,,,,,,,,67,,1,,,121.5583799,25.03121482
112,4,20,9,28,2,06松山區,松山區市民大道4段與八德路3段12巷口,0,0,1,2,C03,6,1,5,30,3,1,1,4,4,5,7,4,4,8,3,5,1,15,1,23,2,9,1,1,7,9,1,10,1,11,,14,,1,22,9,121.5507009,25.04482125
112,4,20,9,28,2,06松山區,松山區市民大道4段與八德路3段12巷口,0,0,1,1,A11,6,1,5,30,3,1,1,4,4,5,7,4,4,8,3,5,1,15,1,51,3,10,1,1,7,9,1,3,1,4,,6,,1,22,9,121.5507009,25.04482125
112,4,20,9,32,2,10文山區,文山區木新路2段242號,0,0,1,3,C03,6,1,5,50,14,9,1,4,4,5,7,1,1,5,4,5,2,16,2,35,3,10,3,1,7,21,7,19,11,12,,44,,1,22,9,121.5666417,24.9832762
112,4,20,9,32,2,10文山區,文山區木新路2段242號,0,0,1,1,B01,6,1,5,50,14,9,1,4,4,5,7,1,1,5,4,5,2,16,1,45,3,10,1,1,7,11,1,4,2,2,,10,,1,22,9,121.5666417,24.9832762
112,4,20,9,32,2,10文山區,文山區木新路2段242號,0,0,1,2,C03,6,1,5,50,14,9,1,4,4,5,7,1,1,5,4,5,2,16,1,29,2,7,1,1,7,9,1,10,2,11,,44,,1,22,9,121.5666417,24.9832762
112,4,20,10,4,2,09北投區,北投區中央北路4段601巷與聖景路口,0,0,1,1,B03,7,1,5,50,4,1,1,4,4,5,7,4,4,10,4,5,1,12,1,40,3,10,1,1,7,11,1,8,1,8,,10,,1,22,9,121.4639377,25.123235
112,4,20,10,4,2,09北投區,北投區中央北路4段601巷與聖景路口,0,0,1,2,C03,7,1,5,50,4,1,1,4,4,5,7,4,4,10,4,5,1,12,2,20,2,9,1,1,7,9,1,10,1,11,,44,,1,22,9,121.4639377,25.123235
112,4,20,10,23,2,01大同區,大同區重慶北路3段與民權西路口,0,0,1,1,H01,8,1,5,50,4,2,1,5,4,5,7,2,1,1,4,5,2,9,1,48,2,8,4,5,8,18,8,20,10,16,,51,,2,22,9,121.5137614,25.0632071
112,4,20,10,23,2,01大同區,大同區重慶北路3段與民權西路口,0,0,1,2,B02,8,1,5,50,4,2,1,5,4,5,7,2,1,1,4,5,2,9,2,48,3,10,1,1,7,6,1,8,1,2,,23,,1,22,9,121.5137614,25.0632071
112,4,20,10,26,2,12內湖區,內湖區新湖二路295巷與新湖一路339巷口,0,0,1,2,H01,8,1,5,30,4,1,1,5,4,5,7,2,1,5,5,5,2,3,2,47,2,9,4,5,8,16,8,20,10,16,,67,,1,22,9,121.5839591,25.06341199
112,4,20,10,26,2,12內湖區,內湖區新湖二路295巷與新湖一路339巷口,0,0,1,1,B01,8,1,5,30,4,1,1,5,4,5,7,2,1,5,5,5,2,3,1,51,3,10,1,1,7,11,1,4,2,8,,15,,1,22,9,121.5839591,25.06341199
112,4,20,11,0,2,01大同區,大同區台北橋往北市機車道第3燈桿,0,0,1,1,C03,7,1,7,40,14,11,1,5,4,5,7,4,4,8,3,5,2,12,2,36,2,9,1,1,7,9,1,10,1,11,,23,,1,22,9,121.5074566,25.06338238
112,4,20,11,0,2,01大同區,大同區台北橋往北市機車道第3燈桿,0,0,1,2,C03,7,1,7,40,14,11,1,5,4,5,7,4,4,8,3,5,2,12,1,59,3,10,1,1,7,15,1,10,1,13,,23,,1,22,9,121.5074566,25.06338238
112,4,20,11,10,2,03中山區,中山區中山北路4段與北安路口前 機車專用道,0,0,1,1,C03,6,1,5,40,14,11,1,4,4,5,7,4,4,1,4,5,2,17,1,21,2,9,1,4,7,9,1,10,1,14,,13,,1,22,9,121.5270431,25.0762229
112,4,20,11,10,2,03中山區,中山區中山北路4段與北安路口前 機車專用道,0,0,1,2,C03,6,1,5,40,14,11,1,4,4,5,7,4,4,1,4,5,2,17,1,20,3,10,1,4,7,9,1,10,1,13,,44,,1,22,9,121.5270431,25.0762229
112,4,20,11,10,2,05中正區,中正區和平西路1段與南昌路2段口,0,0,1,1,B03,6,1,5,50,5,1,1,4,4,5,7,1,1,1,4,4,2,16,2,34,3,10,1,1,7,5,1,10,1,2,,6,,1,22,9,121.521046,25.0268628
112,4,20,11,10,2,05中正區,中正區和平西路1段與南昌路2段口,0,0,1,2,C03,6,1,5,50,5,1,1,4,4,5,7,1,1,1,4,4,2,16,1,24,2,9,1,1,7,9,1,9,1,11,,13,,1,22,9,121.521046,25.0268628
112,4,20,11,31,2,03中山區,中山區建國北路3段與建國北路3段86巷口,0,0,1,1,B03,7,1,5,50,3,1,1,5,4,1,7,3,1,1,4,5,2,12,2,41,3,10,1,1,7,6,1,8,1,2,,9,,1,22,9,121.5353958,25.0661271
112,4,20,11,31,2,03中山區,中山區建國北路3段與建國北路3段86巷口,0,0,1,2,C03,7,1,5,50,3,1,1,5,4,1,7,3,1,1,4,5,2,12,2,27,2,9,1,1,7,9,1,10,1,14,,44,,1,22,9,121.5353958,25.0661271
112,4,20,11,35,2,07信義區,信義區忠孝東路5段345巷與忠孝東路5段423巷5弄口口,0,0,1,1,B01,6,1,5,30,4,1,1,4,4,5,7,4,4,10,5,5,2,15,1,66,3,10,1,1,7,9,1,4,1,8,,6,,1,21,8,121.5740783,25.0418036
112,4,20,11,35,2,07信義區,信義區忠孝東路5段345巷與忠孝東路5段423巷5弄口口,0,0,1,2,C03,6,1,5,30,4,1,1,4,4,5,7,4,4,10,5,5,2,15,1,35,2,8,1,1,7,9,1,10,1,11,,14,,1,21,8,121.5740783,25.0418036
112,4,20,12,25,2,02萬華區,萬華區環河南路1段71號,0,0,1,2,F01,7,1,5,30,14,9,1,5,4,5,7,4,4,8,3,5,2,12,2,80,2,9,3,1,7,9,8,20,2,16,,44,,1,22,9,121.5021632,25.04538112
112,4,20,12,25,2,02萬華區,萬華區環河南路1段71號,0,0,1,1,C03,7,1,5,30,14,9,1,5,4,5,7,4,4,8,3,5,2,12,1,65,3,10,2,1,7,9,6,10,2,12,,23,,1,22,9,121.5021632,25.04538112
112,4,20,12,43,2,02萬華區,萬華區環河南路1段與漢口街2段口,0,0,1,2,C03,7,1,5,50,3,1,1,5,4,5,7,3,1,5,4,5,2,12,1,21,2,9,1,1,7,9,1,10,1,14,,14,,1,22,9,121.5036894,25.0464762
112,4,20,12,43,2,02萬華區,萬華區環河南路1段與漢口街2段口,0,0,1,1,B03,7,1,5,50,3,1,1,5,4,5,7,3,1,5,4,5,2,12,1,59,3,10,1,1,7,6,1,8,1,5,,6,,1,22,9,121.5036894,25.0464762
112,4,20,12,43,2,02萬華區,萬華區環河南路1段與漢口街2段口,0,0,1,3,B01,7,1,5,50,3,1,1,5,4,5,7,3,1,5,4,5,2,12,1,55,3,10,1,1,7,11,1,4,1,7,,4,,1,22,9,121.5036894,25.0464762
112,4,20,12,54,2,02萬華區,萬華區東園街140巷與寶興街口,0,0,1,1,B03,8,1,5,30,4,1,1,5,4,5,7,3,1,8,3,5,1,15,2,53,3,10,1,1,7,9,1,8,1,8,,6,,1,22,9,121.4956951,25.0227745
112,4,20,12,54,2,02萬華區,萬華區東園街140巷與寶興街口,0,0,1,2,C03,8,1,5,30,4,1,1,5,4,5,7,3,1,8,3,5,1,15,2,43,2,8,1,1,7,9,1,10,1,12,,23,,1,22,9,121.4956951,25.0227745
112,4,20,12,54,2,07信義區,信義區信安街與崇德街口,0,0,1,1,B03,6,1,5,50,4,2,1,4,4,5,7,1,1,10,4,5,2,3,1,28,3,10,1,1,7,5,1,8,2,4,,15,,1,22,9,121.5558181,25.0240977
112,4,20,12,54,2,07信義區,信義區信安街與崇德街口,0,0,1,2,H01,6,1,5,50,4,2,1,4,4,5,7,1,1,10,4,5,2,3,2,67,2,9,4,5,8,16,8,20,10,16,,67,,1,22,9,121.5558181,25.0240977
112,4,20,13,4,2,03中山區,中山區民生西路3巷2-1號前,0,0,1,2,H01,7,1,5,30,14,9,1,5,4,5,7,4,4,10,5,5,2,2,2,30,2,8,3,5,8,16,8,20,10,16,,67,,1,22,9,121.5217667,25.05820296
112,4,20,13,4,2,03中山區,中山區民生西路3巷2-1號前,0,0,1,1,B03,7,1,5,30,14,9,1,5,4,5,7,4,4,10,5,5,2,2,4,0,4,11,3,4,7,15,7,19,11,15,,23,,2,22,9,121.5217667,25.05820296
112,4,20,13,53,2,12內湖區,內湖區內湖路1段91巷,0,0,1,1,B01,7,1,5,50,4,2,1,5,4,5,7,1,1,1,4,4,2,13,1,64,3,10,1,1,7,6,1,4,1,15,,9,,1,22,9,121.5614159,25.0842281
112,4,20,13,53,2,12內湖區,內湖區內湖路1段91巷,0,0,1,2,C03,7,1,5,50,4,2,1,5,4,5,7,1,1,1,4,4,2,13,2,66,2,9,1,1,7,9,1,10,1,11,,23,,1,22,9,121.5614159,25.0842281
112,4,20,13,53,2,12內湖區,內湖區內湖路1段91巷,0,0,1,3,C03,7,1,5,50,4,2,1,5,4,5,7,1,1,1,4,4,2,13,1,23,3,10,1,1,7,9,1,10,1,13,,44,,1,22,9,121.5614159,25.0842281
112,4,20,14,23,2,02萬華區,萬華區西園路2段與西藏路口,0,0,1,2,C03,8,1,5,50,4,1,1,5,4,5,7,1,1,3,3,5,2,13,1,40,3,10,1,4,7,12,1,10,1,13,,44,,1,22,9,121.4957927,25.0287708
112,4,20,14,23,2,02萬華區,萬華區西園路2段與西藏路口,0,0,1,1,C03,8,1,5,50,4,1,1,5,4,5,7,1,1,3,3,5,2,13,1,32,2,9,1,4,7,9,1,10,1,11,,16,,1,22,9,121.4957927,25.0287708
112,4,20,14,38,2,02萬華區,萬華區中興橋(機車道),0,0,1,2,C03,7,1,5,30,14,11,1,2,4,5,7,4,4,9,5,5,2,18,1,18,3,10,3,4,7,21,7,19,11,15,,,,1,22,9,121.5006027,25.04428089
112,4,20,14,38,2,02萬華區,萬華區中興橋(機車道),0,0,1,1,C03,7,1,5,30,14,11,1,2,4,5,7,4,4,9,5,5,2,18,1,20,2,9,1,1,7,8,1,10,1,14,,,,1,22,9,121.5006027,25.04428089
112,4,20,14,50,2,05中正區,中正區羅斯福路2段與和平西路1段口,0,0,1,2,C03,7,1,5,40,4,1,1,5,4,5,7,1,1,2,4,5,2,17,2,25,2,9,1,1,7,9,1,10,1,15,,42,,1,22,9,121.5224741,25.0269933
112,4,20,14,50,2,05中正區,中正區羅斯福路2段與和平西路1段口,0,0,1,1,C03,7,1,5,40,4,1,1,5,4,5,7,1,1,2,4,5,2,17,2,31,3,10,1,1,7,8,1,10,1,15,,7,,1,22,9,121.5224741,25.0269933
112,4,20,14,57,2,07信義區,信義區光復南路與光復南路口國父紀念館西側,0,0,2,1,C03,7,1,5,50,4,1,1,5,4,5,7,1,1,1,4,5,2,13,1,34,2,9,1,1,7,9,1,10,2,11,,23,,1,22,9,121.5577132,25.03946108
112,4,20,14,57,2,07信義區,信義區光復南路與光復南路口國父紀念館西側,0,0,2,2,C03,7,1,5,50,4,1,1,5,4,5,7,1,1,1,4,5,2,13,1,40,2,9,1,1,7,8,1,10,2,13,,7,,1,22,9,121.5577132,25.03946108
112,4,20,15,5,2,05中正區,中正區仁愛路2段71號前人行道,0,0,2,2,H01,8,1,5,0,15,20,4,5,4,5,7,4,4,10,5,5,2,9,1,29,2,9,4,5,8,16,8,20,10,16,,67,,1,22,9,121.5308038,25.03832431
112,4,20,15,5,2,05中正區,中正區仁愛路2段71號前人行道,0,0,2,1,F01,8,1,5,0,15,20,4,5,4,5,7,4,4,10,5,5,2,9,1,76,2,8,3,1,7,9,8,20,1,16,,42,,1,22,9,121.5308038,25.03832431
112,4,20,15,14,2,09北投區,北投區致遠一路1段124巷與自強街120巷口,0,0,1,2,C04,8,1,5,30,4,1,1,5,4,5,7,4,4,10,5,5,2,15,2,60,2,8,1,1,7,9,1,8,1,11,,23,,1,22,9,121.5158834,25.11033224
112,4,20,15,14,2,09北投區,北投區致遠一路1段124巷與自強街120巷口,0,0,1,1,C03,8,1,5,30,4,1,1,5,4,5,7,4,4,10,5,5,2,15,1,21,3,10,1,1,7,9,1,10,1,12,,6,,1,22,9,121.5158834,25.11033224
112,4,20,15,16,2,08士林區,士林區愛富一街1號,0,0,1,1,B03,7,1,5,30,11,9,1,5,4,5,1,4,4,10,5,5,1,11,1,19,3,10,1,1,7,5,1,8,1,4,,17,,1,22,9,121.5459972,25.1382355
112,4,20,15,16,2,08士林區,士林區愛富一街1號,0,0,1,2,C03,7,1,5,30,11,9,1,5,4,5,1,4,4,10,5,5,1,11,2,20,2,8,1,1,7,6,1,10,1,14,,17,,1,22,9,121.5459972,25.1382355
112,4,20,15,30,2,03中山區,中山區民族東路410巷與建國北路3段75巷口,0,0,1,1,B03,8,1,5,30,4,1,1,5,4,5,7,4,4,9,4,5,1,15,1,38,3,10,1,1,7,9,1,8,1,5,,6,,1,22,9,121.5383167,25.06517378