發生年度,發生月,發生日,發生時-Hours,發生分,處理別-編號,區序,肇事地點,死亡人數,2-30日死亡人數,受傷人數,當事人序號,車種,天候,光線,道路類別,速限-速度限制,道路型態,事故位置,路面狀況1,路面狀況2,路面狀況3,道路障礙1,道路障礙2,號誌1,號誌2,車道劃分-分向,車道劃分-分道1,車道劃分-分道2,車道劃分-分道3,事故類型及型態,性別,年齡,受傷程度,主要傷處,保護裝置,行動電話,車輛用途,當事者行動狀態,駕駛資格情形,駕駛執照種類,飲酒情形,車輛撞擊部位1,車輛撞擊部位2,肇因碼-個別,肇因碼-主要,個人肇逃否,職業,旅次目的,座標-X,座標-Y
112,4,20,15,30,2,03中山區,中山區民族東路410巷與建國北路3段75巷口,0,0,1,2,C03,8,1,5,30,4,1,1,5,4,5,7,4,4,9,4,5,1,15,1,52,2,8,1,1,7,9,1,10,1,11,,44,,1,22,9,121.5383167,25.06517378
112,4,20,15,31,2,10文山區,文山區木柵路4段與和平東路4段口,0,0,2,1,C03,7,1,5,50,3,2,1,5,4,5,7,1,1,5,4,5,2,17,1,19,3,10,1,4,7,6,3,18,11,15,,9,,2,22,9,121.5746273,24.9983038
112,4,20,15,31,2,10文山區,文山區木柵路4段與和平東路4段口,0,0,2,2,C03,7,1,5,50,3,2,1,5,4,5,7,1,1,5,4,5,2,17,2,54,2,8,3,4,7,9,1,10,2,11,,42,,1,22,9,121.5746273,24.9983038
112,4,20,15,31,2,10文山區,文山區木柵路4段與和平東路4段口,0,0,2,3,H02,7,1,5,50,3,2,1,5,4,5,7,1,1,5,4,5,2,17,2,25,2,8,3,5,7,20,8,20,10,16,,67,,1,22,9,121.5746273,24.9983038
112,4,20,15,45,2,03中山區,中山區建國北路2段116巷與民生東路2段159巷口,0,0,1,1,B03,7,1,5,30,4,1,1,5,4,5,7,4,4,10,5,5,2,15,1,71,3,10,1,1,7,9,1,8,1,1,,6,,1,22,9,121.5360349,25.0588135
112,4,20,15,45,2,03中山區,中山區建國北路2段116巷與民生東路2段159巷口,0,0,1,2,C03,7,1,5,30,4,1,1,5,4,5,7,4,4,10,5,5,2,15,1,47,2,9,1,1,7,9,1,10,1,12,,14,,1,22,9,121.5360349,25.0588135
112,4,20,15,48,2,11南港區,南港區東新街108巷與東新街118巷口,0,0,1,2,H01,8,1,5,30,4,1,1,5,4,5,7,2,1,10,5,5,2,1,2,78,2,8,4,5,8,16,8,20,10,16,,67,,1,22,9,121.587964,25.0459266
112,4,20,15,48,2,11南港區,南港區東新街108巷與東新街118巷口,0,0,1,1,B03,8,1,5,30,4,1,1,5,4,5,7,2,1,10,5,5,2,1,1,41,3,10,1,1,7,11,1,8,2,1,,15,,1,22,9,121.587964,25.0459266
112,4,20,16,18,2,08士林區,士林區承德路4段與中正路口,0,0,1,2,B03,7,1,5,50,4,1,1,5,4,5,7,2,1,3,4,5,1,13,2,52,3,10,1,1,7,12,1,8,1,6,,44,,1,22,9,121.516554,25.0912389
112,4,20,16,18,2,08士林區,士林區承德路4段與中正路口,0,0,1,1,C03,7,1,5,50,4,1,1,5,4,5,7,2,1,3,4,5,1,13,1,22,2,8,1,1,7,9,1,10,1,11,,16,,1,22,9,121.516554,25.0912389
112,4,20,16,32,2,09北投區,北投區光明路230號,0,0,1,2,H01,8,1,5,50,14,20,1,5,4,5,7,4,4,10,5,5,2,8,2,48,2,6,4,5,8,17,8,20,10,16,,67,,1,22,9,121.5060911,25.13595192
112,4,20,16,32,2,09北投區,北投區光明路230號,0,0,1,1,B03,8,1,5,50,14,20,1,5,4,5,7,4,4,10,5,5,2,8,1,68,3,10,3,4,7,2,6,4,1,3,,12,,1,22,9,121.5060911,25.13595192
112,4,20,16,37,2,02萬華區,萬華區康定路與和平西路3段口,0,0,1,1,A12,8,1,5,50,4,1,1,5,4,5,7,2,1,1,4,4,2,17,1,52,3,10,1,1,7,6,1,3,2,5,,9,,1,22,9,121.5011443,25.03528338
112,4,20,16,37,2,02萬華區,萬華區康定路與和平西路3段口,0,0,1,2,C03,8,1,5,50,4,1,1,5,4,5,7,2,1,1,4,4,2,17,1,68,2,8,1,1,7,6,1,10,2,14,12,44,,1,22,9,121.5011443,25.03528338
112,4,20,16,50,2,09北投區,北投區裕民一路19號,0,0,1,1,B03,8,1,5,30,14,9,1,5,4,5,7,4,4,10,5,5,1,2,1,19,3,10,1,1,7,9,1,8,2,1,,42,,1,22,9,121.5168024,25.11666948
112,4,20,16,50,2,09北投區,北投區裕民一路19號,0,0,1,2,H01,8,1,5,30,14,9,1,5,4,5,7,4,4,10,5,5,1,2,2,67,2,7,4,5,8,16,8,20,10,16,,67,,1,22,9,121.5168024,25.11666948
112,4,20,16,59,2,02萬華區,萬華區內江街與雅江街口,0,0,1,2,B03,8,1,5,30,4,1,1,5,4,5,7,4,4,10,3,5,2,15,1,64,3,10,3,4,7,9,1,8,2,2,,44,,1,22,9,121.5015741,25.0417639
112,4,20,16,59,2,02萬華區,萬華區內江街與雅江街口,0,0,1,3,H02,8,1,5,30,4,1,1,5,4,5,7,4,4,10,3,5,2,15,1,35,3,10,1,5,7,20,8,20,10,16,,67,,1,22,9,121.5015741,25.0417639
112,4,20,16,59,2,02萬華區,萬華區內江街與雅江街口,0,0,1,1,C03,8,1,5,30,4,1,1,5,4,5,7,4,4,10,3,5,2,15,1,67,2,9,1,4,7,9,1,10,2,11,,6,,1,22,9,121.5015741,25.0417639
112,4,20,17,5,2,09北投區,、大度路9號道路,0,0,1,1,C03,8,1,5,50,5,1,1,5,4,5,7,1,1,9,4,5,2,16,2,44,2,9,1,1,7,1,1,10,2,11,,44,,1,22,9,121.5054245,25.1158207
112,4,20,17,5,2,09北投區,、大度路9號道路,0,0,1,2,C03,8,1,5,50,5,1,1,5,4,5,7,1,1,9,4,5,2,16,1,18,3,10,1,1,7,6,1,10,2,13,,9,,1,22,9,121.5054245,25.1158207
112,4,20,17,16,2,08士林區,士林區中山北路6段與忠誠路1段口,0,0,2,2,C03,8,1,5,50,3,1,1,5,4,5,7,1,1,1,5,5,1,13,1,51,2,9,1,1,7,9,1,10,2,13,,44,,1,22,9,121.5247643,25.10412761
112,4,20,17,16,2,08士林區,士林區中山北路6段與忠誠路1段口,0,0,2,1,C02,8,1,5,50,3,1,1,5,4,5,7,1,1,1,5,5,1,13,1,29,2,9,1,1,7,9,1,10,2,11,,16,,1,22,9,121.5247643,25.10412761
112,4,20,17,30,2,12內湖區,內湖區成功路5段450巷與成功路5段420巷口,0,0,2,3,H02,7,1,5,30,3,1,1,5,4,5,7,3,1,5,5,5,2,17,1,17,2,9,1,5,7,20,8,20,10,16,,67,,1,22,9,121.6085249,25.07425906
112,4,20,17,30,2,12內湖區,內湖區成功路5段450巷與成功路5段420巷口,0,0,2,2,C03,7,1,5,30,3,1,1,5,4,5,7,3,1,5,5,5,2,17,1,18,2,9,1,1,7,9,1,10,1,14,,23,,1,22,9,121.6085249,25.07425906
112,4,20,17,30,2,12內湖區,內湖區成功路5段450巷與成功路5段420巷口,0,0,2,1,B03,7,1,5,30,3,1,1,5,4,5,7,3,1,5,5,5,2,17,1,75,3,10,1,1,7,11,1,8,1,1,,10,,1,22,9,121.6085249,25.07425906
112,4,20,17,32,2,12內湖區,內湖區金湖路與康寧路3段口,0,0,2,1,A01,7,1,5,50,4,1,1,5,4,5,7,1,1,3,4,4,2,12,1,62,3,10,1,1,7,1,1,2,1,8,,44,,1,22,9,121.605996,25.073297
112,4,20,17,32,2,12內湖區,內湖區金湖路與康寧路3段口,0,0,2,2,C03,7,1,5,50,4,1,1,5,4,5,7,1,1,3,4,4,2,12,2,18,2,9,1,1,7,1,1,10,1,13,,23,,1,22,9,121.605996,25.073297
112,4,20,17,32,2,12內湖區,內湖區金湖路與康寧路3段口,0,0,2,3,H02,7,1,5,50,4,1,1,5,4,5,7,1,1,3,4,4,2,12,2,18,2,9,1,1,7,20,8,20,10,16,,67,,1,22,9,121.605996,25.073297
112,4,20,17,36,2,12內湖區,內湖區內湖路1段411巷19弄13號,0,0,2,1,C03,8,1,5,50,14,9,1,5,4,5,7,4,4,9,5,5,2,3,1,31,2,9,1,1,7,9,5,10,2,11,,23,,1,22,9,121.5715325,25.08256807
112,4,20,17,36,2,12內湖區,內湖區內湖路1段411巷19弄13號,0,0,2,3,B03,8,1,5,50,14,9,1,5,4,5,7,4,4,9,5,5,2,3,2,40,3,10,3,4,7,13,1,8,11,4,,44,,1,22,9,121.5715325,25.08256807
112,4,20,17,36,2,12內湖區,內湖區內湖路1段411巷19弄13號,0,0,2,2,H01,8,1,5,50,14,9,1,5,4,5,7,4,4,9,5,5,2,3,2,70,2,9,4,5,8,16,8,20,2,16,,51,,1,22,9,121.5715325,25.08256807
112,4,20,17,54,2,10文山區,文山區興隆路1段55巷27弄與萬盛街156巷2弄口,0,0,1,1,B03,7,1,5,30,3,1,1,5,4,5,7,4,4,10,5,5,2,9,1,40,3,10,1,4,7,2,1,8,2,8,,12,,1,22,9,121.5422024,25.0045744
112,4,20,17,54,2,10文山區,文山區興隆路1段55巷27弄與萬盛街156巷2弄口,0,0,1,2,H01,7,1,5,30,3,1,1,5,4,5,7,4,4,10,5,5,2,9,1,59,2,9,4,5,8,16,8,20,10,16,,60,,1,22,9,121.5422024,25.0045744
112,4,20,18,15,2,12內湖區,內湖區瑞湖街與民權東路6段15巷口,0,0,3,1,C03,6,1,5,50,4,2,1,4,4,5,7,2,1,10,5,5,1,9,1,24,2,9,1,1,7,5,1,10,1,13,,6,,1,22,9,121.5764638,25.06896857
112,4,20,18,15,2,12內湖區,內湖區瑞湖街與民權東路6段15巷口,0,0,3,3,C03,6,1,5,50,4,2,1,4,4,5,7,2,1,10,5,5,1,9,1,35,2,9,1,1,7,9,1,10,1,11,,44,,1,22,9,121.5764638,25.06896857
112,4,20,18,15,2,12內湖區,內湖區瑞湖街與民權東路6段15巷口,0,0,3,2,H02,6,1,5,50,4,2,1,4,4,5,7,2,1,10,5,5,1,9,2,24,2,9,3,5,7,21,8,20,11,15,,67,,1,22,9,121.5764638,25.06896857
112,4,20,18,34,2,10文山區,文山區興隆路3段207巷與興隆路3段207巷6弄口口,0,0,2,1,C03,8,3,5,30,4,1,1,5,4,5,7,4,4,10,5,5,2,15,1,55,2,9,1,1,7,9,1,10,2,12,,6,,1,22,9,121.5602153,24.9949985
112,4,20,18,34,2,10文山區,文山區興隆路3段207巷與興隆路3段207巷6弄口口,0,0,2,2,C03,8,3,5,30,4,1,1,5,4,5,7,4,4,10,5,5,2,15,1,36,2,9,1,1,7,9,1,10,2,11,,13,,1,22,9,121.5602153,24.9949985
112,4,20,18,38,2,03中山區,中山區吉林路461巷與吉林路口,0,0,1,2,C03,7,3,5,50,4,2,1,5,4,5,7,4,4,10,5,4,2,12,2,56,2,7,1,1,7,5,1,10,1,12,,6,,1,22,9,121.5304451,25.0677469
112,4,20,18,38,2,03中山區,中山區吉林路461巷與吉林路口,0,0,1,1,B03,7,3,5,50,4,2,1,5,4,5,7,4,4,10,5,4,2,12,1,47,3,10,1,1,7,9,1,8,1,4,,23,,1,22,9,121.5304451,25.0677469
112,4,20,19,20,2,01大同區,大同區重慶北路2段與民生西路口,0,0,1,1,B03,8,3,5,50,4,1,1,5,4,5,7,2,1,4,4,4,2,16,1,63,3,10,3,4,7,5,1,8,1,1,,6,,1,22,9,121.5138343,25.05697789
112,4,20,19,20,2,01大同區,大同區重慶北路2段與民生西路口,0,0,1,2,C03,8,3,5,50,4,1,1,5,4,5,7,2,1,4,4,4,2,16,1,25,2,9,3,4,7,9,1,10,1,11,,42,,1,22,9,121.5138343,25.05697789
112,4,20,19,35,2,04大安區,大安區忠孝東路4段205巷7弄與忠孝東路4段223巷口,0,0,1,2,C03,7,3,5,30,4,1,1,5,4,5,7,4,4,8,3,5,1,16,1,28,2,8,1,1,7,9,1,10,1,12,,23,,1,22,9,121.5529479,25.0420696
112,4,20,19,35,2,04大安區,大安區忠孝東路4段205巷7弄與忠孝東路4段223巷口,0,0,1,1,B02,7,3,5,30,4,1,1,5,4,5,7,4,4,8,3,5,1,16,1,42,3,10,1,1,7,1,1,2,1,1,,6,,1,22,9,121.5529479,25.0420696
112,4,20,19,35,2,12內湖區,內湖區潭美街第29車格,0,0,2,3,H02,8,3,5,40,14,9,1,5,4,5,7,4,4,5,5,5,2,10,1,15,2,8,1,5,7,20,8,20,10,16,,67,,1,22,9,121.6064037,25.0621358
112,4,20,19,35,2,12內湖區,內湖區潭美街第29車格,0,0,2,1,B03,8,3,5,40,14,9,1,5,4,5,7,4,4,5,5,5,2,10,1,56,3,10,1,1,7,9,1,8,1,8,,26,,1,22,9,121.6064037,25.0621358
112,4,20,19,35,2,12內湖區,內湖區潭美街第29車格,0,0,2,2,C03,8,3,5,40,14,9,1,5,4,5,7,4,4,5,5,5,2,10,2,47,2,9,1,1,7,9,4,8,1,14,,44,,1,22,9,121.6064037,25.0621358
112,4,20,19,39,2,11南港區,南港區同德路59號,0,0,1,3,H02,7,3,5,50,14,9,1,5,4,5,7,4,4,8,3,5,2,16,1,4,3,10,3,5,7,21,8,20,10,16,,60,,1,22,9,121.5850993,25.0456904
112,4,20,19,39,2,11南港區,南港區同德路59號,0,0,1,1,B03,7,3,5,50,14,9,1,5,4,5,7,4,4,8,3,5,2,16,2,36,3,10,3,4,7,11,1,8,2,8,,10,,1,22,9,121.5850993,25.0456904
112,4,20,19,39,2,11南港區,南港區同德路59號,0,0,1,2,C03,7,3,5,50,14,9,1,5,4,5,7,4,4,8,3,5,2,16,2,39,2,8,3,4,7,9,1,10,2,12,,44,,1,22,9,121.5850993,25.0456904
112,4,20,20,15,2,07信義區,信義區莊敬路190-1號對面,0,0,1,2,H02,8,3,5,50,14,9,1,4,4,5,7,4,4,9,4,5,2,9,2,28,2,9,2,1,7,20,8,20,10,15,,67,,1,22,9,121.5612985,25.0309703
112,4,20,20,15,2,07信義區,信義區莊敬路190-1號對面,0,0,1,1,A02,8,3,5,50,14,9,1,4,4,5,7,4,4,9,4,5,2,9,1,53,3,10,1,1,7,12,1,2,2,15,,43,,1,22,9,121.5612985,25.0309703
112,4,20,21,52,2,08士林區,士林區中正路238號,0,0,1,1,B01,8,3,5,50,14,9,1,5,4,5,7,4,4,3,4,5,2,17,1,60,3,10,1,1,7,7,1,4,1,15,,7,,1,22,9,121.5252893,25.0952008
112,4,20,21,52,2,08士林區,士林區中正路238號,0,0,1,2,C03,8,3,5,50,14,9,1,5,4,5,7,4,4,3,4,5,2,17,1,21,2,8,1,1,7,9,1,10,1,11,,44,,1,22,9,121.5252893,25.0952008
112,4,20,22,23,2,12內湖區,內湖區陽光街與文德路208巷口,0,0,2,2,C03,7,3,5,50,3,1,1,5,4,5,7,2,1,9,4,5,2,16,1,23,2,9,1,1,7,9,1,10,2,11,,16,,1,22,9,121.583562,25.07501239
112,4,20,22,23,2,12內湖區,內湖區陽光街與文德路208巷口,0,0,2,1,C03,7,3,5,50,3,1,1,5,4,5,7,2,1,9,4,5,2,16,2,26,2,8,1,1,7,5,1,10,2,13,,44,,1,22,9,121.583562,25.07501239
112,4,20,22,55,2,07信義區,信義區忠孝東路5段與忠孝東路5段423巷口,0,0,1,2,C03,8,3,5,50,4,1,1,5,4,5,7,1,1,1,4,5,2,11,2,21,2,9,3,4,7,9,1,10,9,11,,27,,1,22,9,121.575366,25.0409168
112,4,20,22,55,2,07信義區,信義區忠孝東路5段與忠孝東路5段423巷口,0,0,1,1,B03,8,3,5,50,4,1,1,5,4,5,7,1,1,1,4,5,2,11,1,42,3,10,3,4,7,5,1,8,9,2,,6,,1,22,9,121.575366,25.0409168
112,4,20,23,16,2,10文山區,文山區木新路3段與興隆路4段口,0,0,1,2,B01,6,3,5,50,3,1,1,4,4,5,7,1,1,1,4,5,2,17,1,55,3,10,3,4,7,9,1,4,1,7,,42,,1,22,9,121.5624585,24.9821265
112,4,20,23,16,2,10文山區,文山區木新路3段與興隆路4段口,0,0,1,1,C03,6,3,5,50,3,1,1,4,4,5,7,1,1,1,4,5,2,17,1,21,2,8,1,4,7,5,3,18,1,11,,6,,1,22,9,121.5624585,24.9821265
112,4,21,0,53,2,04大安區,大安區敦化南路1段187巷與忠孝東路4段147巷口,0,0,1,2,B02,7,3,5,30,4,1,1,5,4,5,7,4,4,10,5,5,2,15,1,18,3,10,3,4,7,9,1,8,1,5,,23,,1,22,9,121.5496558,25.0425911
112,4,21,0,53,2,04大安區,大安區敦化南路1段187巷與忠孝東路4段147巷口,0,0,1,1,B01,7,3,5,30,4,1,1,5,4,5,7,4,4,10,5,5,2,15,1,43,2,1,3,4,7,9,1,4,1,8,,6,,1,22,9,121.5496558,25.0425911
112,4,21,1,17,2,02萬華區,萬華區環河南路2段與和平西路3段口,0,0,1,2,,7,3,5,50,4,2,1,5,4,5,7,2,1,1,4,5,2,18,3,0,,,,,,,,,,,,67,,1,,,121.4948315,25.03553336
112,4,21,1,17,2,02萬華區,萬華區環河南路2段與和平西路3段口,0,0,1,1,F01,7,3,5,50,4,2,1,5,4,5,7,2,1,1,4,5,2,18,1,53,2,9,2,1,7,15,8,20,9,15,,21,,1,22,9,121.4948315,25.03553336
112,4,21,2,25,2,03中山區,中山區民權東路2段與民權東路2段71巷口,0,0,1,2,C03,6,3,5,50,4,2,1,4,4,5,7,2,1,1,3,5,2,12,2,27,2,9,3,4,7,9,1,10,2,11,,44,,1,22,9,121.531761,25.06262
112,4,21,2,25,2,03中山區,中山區民權東路2段與民權東路2段71巷口,0,0,1,1,B02,6,3,5,50,4,2,1,4,4,5,7,2,1,1,3,5,2,12,2,20,3,10,3,4,7,8,1,8,2,6,,7,,1,22,9,121.531761,25.06262
112,4,21,2,37,2,04大安區,大安區辛亥路2段與復興南路2段口口,0,0,2,2,C02,6,3,5,50,3,2,1,4,4,5,7,2,1,1,4,5,2,15,1,42,2,7,3,4,7,9,1,9,2,11,,23,,1,22,9,121.543469,25.0212212
112,4,21,2,37,2,04大安區,大安區辛亥路2段與復興南路2段口口,0,0,2,1,F01,6,3,5,50,3,2,1,4,4,5,7,2,1,1,4,5,2,15,1,28,2,9,3,4,7,9,8,20,5,16,,25,,1,22,9,121.543469,25.0212212
112,4,21,3,28,2,03中山區,中山區林森北路409號,0,0,2,3,B03,6,3,5,50,14,9,1,4,4,5,7,4,4,5,5,5,2,12,1,25,3,10,3,4,7,13,1,8,1,7,,44,,1,22,9,121.525559,25.05948071
112,4,21,3,28,2,03中山區,中山區林森北路409號,0,0,2,2,B01,6,3,5,50,14,9,1,4,4,5,7,4,4,5,5,5,2,12,1,63,2,3,3,4,7,14,1,4,2,7,,38,,1,22,9,121.525559,25.05948071
112,4,21,3,28,2,03中山區,中山區林森北路409號,0,0,2,1,B03,6,3,5,50,14,9,1,4,4,5,7,4,4,5,5,5,2,12,1,29,2,1,3,4,7,9,1,8,8,5,,21,,1,22,9,121.525559,25.05948071
112,4,21,4,29,2,07信義區,信義區松仁路31號,0,0,2,2,C03,6,3,5,0,14,18,1,4,4,5,7,3,1,1,4,5,2,3,2,26,2,9,1,1,7,9,1,10,2,11,,15,,1,22,9,121.5684704,25.0374298
112,4,21,4,29,2,07信義區,信義區松仁路31號,0,0,2,1,H01,6,3,5,0,14,18,1,4,4,5,7,3,1,1,4,5,2,3,1,19,2,9,3,5,8,16,8,20,10,16,,52,,1,22,9,121.5684704,25.0374298
112,4,21,5,7,2,06松山區,松山區塔悠路351號,0,0,1,3,H03,1,3,5,50,14,9,1,4,4,5,7,4,4,1,4,5,2,20,1,33,3,10,4,5,8,21,8,20,10,16,,67,,1,22,9,121.5685066,25.0623181
112,4,21,5,7,2,06松山區,松山區塔悠路351號,0,0,1,1,B03,1,3,5,50,14,9,1,4,4,5,7,4,4,1,4,5,2,20,1,27,2,8,1,1,7,9,1,8,11,8,,23,,1,22,9,121.5685066,25.0623181
112,4,21,5,7,2,06松山區,松山區塔悠路351號,0,0,1,2,,1,3,5,50,14,9,1,4,4,5,7,4,4,1,4,5,2,20,3,0,,,,,,,,,,,,67,,1,,,121.5685066,25.0623181
112,4,21,5,20,2,08士林區,士林區重陽橋轉彎處往士林方向,0,0,1,1,C03,7,1,5,25,11,11,1,4,4,5,7,4,4,5,5,5,1,29,1,62,2,9,1,1,7,15,1,10,6,11,,21,,1,22,9,121.5054974,25.08534578
112,4,21,5,20,2,08士林區,士林區重陽橋轉彎處往士林方向,0,0,1,2,,7,1,5,25,11,11,1,4,4,5,7,4,4,5,5,5,1,29,3,0,,,,,,,,,11,,,67,,1,,,121.5054974,25.08534578
112,4,21,5,51,2,05中正區,中正區中華路1段與寶慶路口,0,0,1,2,C03,6,2,5,50,5,1,1,4,4,5,7,1,1,10,5,5,2,17,1,24,2,8,1,1,7,9,1,10,1,12,,43,,1,22,9,121.5084665,25.04213263
112,4,21,5,51,2,05中正區,中正區中華路1段與寶慶路口,0,0,1,1,B01,6,2,5,50,5,1,1,4,4,5,7,1,1,10,5,5,2,17,1,62,3,10,1,1,7,5,1,4,1,15,,43,,1,22,9,121.5084665,25.04213263
112,4,21,5,55,2,08士林區,士林區中山北路5段與中正路口,0,0,1,2,H01,6,2,5,50,4,2,1,4,4,5,7,2,1,1,4,5,2,3,2,83,2,5,3,4,8,16,8,20,10,16,,67,,1,22,9,121.5276821,25.09576975
112,4,21,5,55,2,08士林區,士林區中山北路5段與中正路口,0,0,1,1,B01,6,2,5,50,4,2,1,4,4,5,7,2,1,1,4,5,2,3,1,65,3,10,3,4,7,6,1,4,1,1,,15,,1,22,9,121.5276821,25.09576975
112,4,21,6,10,2,12內湖區,內湖區內湖路2段261號前,0,0,1,2,C03,6,1,5,50,4,1,1,4,4,5,7,3,1,10,5,5,2,18,1,68,2,9,2,1,7,9,1,10,2,12,,23,,1,22,9,121.5901333,25.0820751
112,4,21,6,10,2,12內湖區,內湖區內湖路2段261號前,0,0,1,3,B03,6,1,5,50,4,1,1,4,4,5,7,3,1,10,5,5,2,18,1,65,4,11,3,4,7,15,7,19,11,15,,6,,2,22,9,121.5901333,25.0820751
112,4,21,6,10,2,12內湖區,內湖區內湖路2段261號前,0,0,1,1,,6,1,5,50,4,1,1,4,4,5,7,3,1,10,5,5,2,18,3,0,,,,,,,,,1,,,44,,,,,121.5901333,25.0820751
112,4,21,7,0,2,07信義區,信義區市民大道5段與光復南路口,0,0,3,1,C03,8,1,5,50,14,9,1,5,4,5,7,1,1,9,4,5,2,13,1,59,2,8,1,1,7,9,1,10,1,11,,16,,1,22,9,121.5580129,25.0450827
112,4,21,7,0,2,07信義區,信義區市民大道5段與光復南路口,0,0,3,2,C03,8,1,5,50,14,9,1,5,4,5,7,1,1,9,4,5,2,13,1,30,2,8,1,1,7,9,1,10,1,11,,44,,1,22,9,121.5580129,25.0450827
112,4,21,7,0,2,07信義區,信義區市民大道5段與光復南路口,0,0,3,3,C03,8,1,5,50,14,9,1,5,4,5,7,1,1,9,4,5,2,13,1,62,2,8,1,1,7,9,1,10,1,13,,44,,1,22,9,121.5580129,25.0450827
112,4,21,7,38,2,10文山區,文山區萬芳路18號,0,0,1,1,B03,8,1,5,40,14,9,1,5,4,5,7,4,4,5,5,5,2,3,1,29,3,10,1,1,7,9,1,8,2,1,,23,,1,22,9,121.5706871,24.9958197
112,4,21,7,38,2,10文山區,文山區萬芳路18號,0,0,1,2,H01,8,1,5,40,14,9,1,5,4,5,7,4,4,5,5,5,2,3,1,58,2,9,4,5,8,17,8,20,10,16,,67,,1,22,9,121.5706871,24.9958197
112,4,21,7,40,2,12內湖區,(潭美街359號前),0,0,1,1,C03,7,1,5,40,3,1,1,4,4,5,7,1,1,5,5,5,2,17,2,25,2,9,1,1,7,9,1,10,1,14,,23,,1,22,9,121.5914799,25.0598102
112,4,21,7,40,2,12內湖區,(潭美街359號前),0,0,1,2,C03,7,1,5,40,3,1,1,4,4,5,7,1,1,5,5,5,2,17,2,28,3,10,1,1,7,14,1,10,1,15,,44,,1,22,9,121.5914799,25.0598102
112,4,21,7,56,2,03中山區,中山區民權東路2段與建國北路2段口,0,0,1,1,C03,7,1,5,50,14,9,1,5,4,5,7,1,1,1,4,5,2,13,1,26,2,9,1,1,7,9,1,10,1,11,,16,,1,22,9,121.5365064,25.0623247
112,4,21,7,56,2,03中山區,中山區民權東路2段與建國北路2段口,0,0,1,2,C03,7,1,5,50,14,9,1,5,4,5,7,1,1,1,4,5,2,13,1,62,3,10,1,1,7,14,1,10,1,14,,44,,1,22,9,121.5365064,25.0623247
112,4,21,8,0,2,11南港區,南港區研究院路2段7號,0,0,2,2,B03,8,1,5,50,14,9,1,5,4,5,7,2,1,1,3,5,2,16,1,37,3,10,1,1,7,9,1,8,1,1,,44,,1,22,9,121.6154757,25.0469293
112,4,21,8,0,2,11南港區,南港區研究院路2段7號,0,0,2,3,H02,8,1,5,50,14,9,1,5,4,5,7,2,1,1,3,5,2,16,2,26,2,9,1,1,7,20,8,20,1,16,,67,,1,22,9,121.6154757,25.0469293
112,4,21,8,0,2,11南港區,南港區研究院路2段7號,0,0,2,1,C03,8,1,5,50,14,9,1,5,4,5,7,2,1,1,3,5,2,16,1,33,2,9,1,1,7,7,1,10,1,13,,7,,1,22,9,121.6154757,25.0469293
112,4,21,8,2,2,07信義區,信義區莊敬路與莊敬路197巷口,0,0,1,2,C03,6,1,5,50,4,2,1,4,4,5,7,2,1,9,4,4,2,18,1,56,2,8,1,1,7,9,1,10,1,14,,42,,1,22,9,121.5612634,25.030771
112,4,21,8,2,2,07信義區,信義區莊敬路與莊敬路197巷口,0,0,1,1,,6,1,5,50,4,2,1,4,4,5,7,2,1,9,4,4,2,18,3,0,,,,,,,,,,,,67,,1,,,121.5612634,25.030771
112,4,21,8,5,2,12內湖區,內湖區新明路460巷與新明路口,0,0,1,1,B03,6,1,5,30,4,2,1,4,4,5,7,2,1,10,5,5,2,3,1,24,3,10,1,1,7,5,1,8,2,1,,15,,1,22,9,121.5785368,25.0542241
112,4,21,8,5,2,12內湖區,內湖區新明路460巷與新明路口,0,0,1,2,H01,6,1,5,30,4,2,1,4,4,5,7,2,1,10,5,5,2,3,1,68,2,8,4,5,8,16,8,20,10,16,,67,,1,22,9,121.5785368,25.0542241
112,4,21,8,12,2,02萬華區,萬華區堤外便道與長順街口水門交岔口,0,0,1,1,C03,6,1,5,40,3,1,1,4,4,5,7,2,1,8,3,5,1,9,2,39,2,8,1,1,7,9,1,10,1,12,,44,,1,22,9,121.4886436,25.03245299
112,4,21,8,12,2,02萬華區,萬華區堤外便道與長順街口水門交岔口,0,0,1,2,H01,6,1,5,40,3,1,1,4,4,5,7,2,1,8,3,5,1,9,1,42,3,10,4,5,8,16,8,20,10,16,,51,,1,22,9,121.4886436,25.03245299
112,4,21,8,18,2,10文山區,文山區恆光街恆光橋北往南,0,0,2,1,C03,7,1,5,50,14,9,1,5,4,5,7,4,4,4,5,5,2,13,2,52,2,8,1,4,7,9,1,10,1,11,,23,,1,22,9,121.5674878,24.98079008
112,4,21,8,18,2,10文山區,文山區恆光街恆光橋北往南,0,0,2,2,F01,7,1,5,50,14,9,1,5,4,5,7,4,4,4,5,5,2,13,2,69,2,7,1,4,7,9,8,20,1,16,,44,,1,22,9,121.5674878,24.98079008
112,4,21,8,30,2,12內湖區,內湖區內湖路2段179巷25號,0,0,1,2,C03,7,1,5,50,14,9,1,4,4,5,7,4,4,9,5,5,2,16,2,37,2,9,1,1,7,9,1,10,1,11,,44,,1,22,9,121.5866051,25.08343269
112,4,21,8,30,2,12內湖區,內湖區內湖路2段179巷25號,0,0,1,1,B12,7,1,5,50,14,9,1,4,4,5,7,4,4,9,5,5,2,16,1,54,3,10,1,1,7,11,1,8,1,8,,10,,1,22,9,121.5866051,25.08343269
112,4,21,8,41,2,08士林區,士林區文林路與德行西路口,0,0,1,1,C03,8,1,5,40,4,1,1,5,4,5,7,1,1,1,4,4,2,12,2,43,4,11,3,4,7,15,7,19,11,15,,43,,2,22,9,121.5195417,25.10324046