發生年度,發生月,發生日,發生時-Hours,發生分,處理別-編號,區序,肇事地點,死亡人數,2-30日死亡人數,受傷人數,當事人序號,車種,天候,光線,道路類別,速限-速度限制,道路型態,事故位置,路面狀況1,路面狀況2,路面狀況3,道路障礙1,道路障礙2,號誌1,號誌2,車道劃分-分向,車道劃分-分道1,車道劃分-分道2,車道劃分-分道3,事故類型及型態,性別,年齡,受傷程度,主要傷處,保護裝置,行動電話,車輛用途,當事者行動狀態,駕駛資格情形,駕駛執照種類,飲酒情形,車輛撞擊部位1,車輛撞擊部位2,肇因碼-個別,肇因碼-主要,個人肇逃否,職業,旅次目的,座標-X,座標-Y
112,4,21,19,30,2,12內湖區,內湖區文德路208巷與陽光街68巷口,0,0,1,2,C03,8,3,5,30,4,1,1,5,4,5,7,3,1,10,5,5,2,15,2,31,2,8,1,1,7,9,1,10,1,11,,44,,1,22,9,121.583581,25.0758648
112,4,21,19,30,2,12內湖區,內湖區文德路208巷與陽光街68巷口,0,0,1,1,C03,8,3,5,30,4,1,1,5,4,5,7,3,1,10,5,5,2,15,1,25,3,10,1,1,7,1,1,10,1,14,,6,,1,22,9,121.583581,25.0758648
112,4,21,19,50,2,09北投區,北投區承德路6段與文承路口,0,0,1,1,B03,8,3,5,50,3,2,1,5,4,5,7,1,1,1,4,4,2,13,1,47,3,10,1,1,7,9,1,8,1,1,,16,,1,22,9,121.5121574,25.10468107
112,4,21,19,50,2,09北投區,北投區承德路6段與文承路口,0,0,1,2,C03,8,3,5,50,3,2,1,5,4,5,7,1,1,1,4,4,2,13,1,28,2,8,1,1,7,14,1,10,1,13,,43,,1,22,9,121.5121574,25.10468107
112,4,21,19,58,2,03中山區,中山區中山北路2段與中山北路2段116巷口,0,0,1,2,C03,8,3,5,50,3,2,1,5,4,5,7,4,4,1,5,1,2,12,2,38,2,9,1,1,7,9,1,10,1,14,,44,,1,22,9,121.5228212,25.0610821
112,4,21,19,58,2,03中山區,中山區中山北路2段與中山北路2段116巷口,0,0,1,1,B01,8,3,5,50,3,2,1,5,4,5,7,4,4,1,5,1,2,12,1,61,3,10,1,1,7,14,1,4,1,2,,42,,1,22,9,121.5228212,25.0610821
112,4,21,19,58,2,03中山區,中山區中山北路2段與中山北路2段116巷口,0,0,1,3,H02,8,3,5,50,3,2,1,5,4,5,7,4,4,1,5,1,2,12,2,23,3,10,1,3,7,19,8,20,10,16,,56,,1,22,9,121.5228212,25.0610821
112,4,21,20,21,2,09北投區,北投區中央北路1段6號前,0,0,2,1,C03,7,3,5,50,14,9,1,5,4,5,7,4,4,9,4,5,2,16,2,18,2,8,1,1,7,11,1,10,2,11,,10,,1,22,9,121.5010999,25.13373975
112,4,21,20,21,2,09北投區,北投區中央北路1段6號前,0,0,2,2,C03,7,3,5,50,14,9,1,5,4,5,7,4,4,9,4,5,2,16,1,54,2,9,1,1,7,9,1,9,2,11,,23,,1,22,9,121.5010999,25.13373975
112,4,21,20,39,2,04大安區,大安區基隆路4段與羅斯福路4段口,0,0,1,1,B03,8,3,5,50,14,9,1,5,4,5,7,2,1,1,4,5,2,12,2,33,3,10,3,4,7,6,1,8,1,5,,9,,1,22,9,121.5372314,25.0114668
112,4,21,20,39,2,04大安區,大安區基隆路4段與羅斯福路4段口,0,0,1,2,C03,8,3,5,50,14,9,1,5,4,5,7,2,1,1,4,5,2,12,1,23,2,8,3,4,7,9,1,10,1,14,,44,,1,22,9,121.5372314,25.0114668
112,4,21,21,20,2,03中山區,中山區市民大道1段與林森北路口,0,0,2,2,C03,8,3,5,40,4,2,1,5,4,5,7,1,1,1,3,5,1,12,1,23,2,7,1,1,7,9,1,10,1,11,,13,,1,22,9,121.524267,25.04770318
112,4,21,21,20,2,03中山區,中山區市民大道1段與林森北路口,0,0,2,1,C03,8,3,5,40,4,2,1,5,4,5,7,1,1,1,3,5,1,12,1,28,2,7,1,1,7,5,1,10,1,14,,8,,1,22,9,121.524267,25.04770318
112,4,21,21,24,2,01大同區,大同區民權西路與延平北路3段口,0,0,2,1,C03,8,3,5,50,4,1,1,5,4,5,7,2,1,9,4,5,1,12,1,20,2,9,1,1,7,5,1,10,1,14,,8,,1,22,9,121.5111964,25.06288264
112,4,21,21,24,2,01大同區,大同區民權西路與延平北路3段口,0,0,2,2,C03,8,3,5,50,4,1,1,5,4,5,7,2,1,9,4,5,1,12,1,22,2,9,1,1,7,9,1,10,1,11,,23,,1,22,9,121.5111964,25.06288264
112,4,21,21,29,2,02萬華區,萬華區西寧南路與內江街口,0,0,2,2,C03,8,3,5,50,4,1,1,5,4,5,7,1,1,9,3,5,2,13,1,40,2,8,1,1,7,11,1,10,1,14,,43,,1,22,9,121.5059819,25.0416523
112,4,21,21,29,2,02萬華區,萬華區西寧南路與內江街口,0,0,2,1,C03,8,3,5,50,4,1,1,5,4,5,7,1,1,9,3,5,2,13,1,52,2,9,1,1,7,9,1,10,1,14,,43,,1,22,9,121.5059819,25.0416523
112,4,21,21,49,2,05中正區,中正區重慶南路2段與寧波西街口口,0,0,2,1,C03,8,3,5,50,14,9,1,5,4,5,7,1,1,9,4,5,2,12,2,23,2,9,1,1,7,5,1,10,1,14,,8,,1,22,9,121.5152241,25.0298134
112,4,21,21,49,2,05中正區,中正區重慶南路2段與寧波西街口口,0,0,2,2,C04,8,3,5,50,14,9,1,5,4,5,7,1,1,9,4,5,2,12,1,25,2,8,1,1,7,9,1,10,1,12,,44,,1,22,9,121.5152241,25.0298134
112,4,21,21,55,2,05中正區,中正區博愛路與長沙街1段口,0,0,2,3,C03,7,3,5,50,3,1,1,5,4,5,7,4,4,10,5,5,2,16,2,28,2,1,1,1,7,9,1,10,2,11,,13,,1,22,9,121.5112609,25.04006775
112,4,21,21,55,2,05中正區,中正區博愛路與長沙街1段口,0,0,2,2,C03,7,3,5,50,3,1,1,5,4,5,7,4,4,10,5,5,2,16,1,48,2,9,1,1,7,5,1,10,2,12,,6,,1,22,9,121.5112609,25.04006775
112,4,21,21,55,2,05中正區,中正區博愛路與長沙街1段口,0,0,2,1,C03,7,3,5,50,3,1,1,5,4,5,7,4,4,10,5,5,2,16,1,23,3,10,1,1,7,5,1,10,2,15,,13,,1,22,9,121.5112609,25.04006775
112,4,21,22,21,2,01大同區,大同區重慶北路2段與重慶北路2段64巷口,0,0,2,1,C03,8,3,5,50,4,1,1,5,4,5,7,2,1,9,4,5,1,15,1,20,2,9,1,1,7,9,1,10,2,11,,25,,1,22,9,121.5139041,25.0559488
112,4,21,22,21,2,01大同區,大同區重慶北路2段與重慶北路2段64巷口,0,0,2,2,C03,8,3,5,50,4,1,1,5,4,5,7,2,1,9,4,5,1,15,1,29,2,9,1,1,7,9,1,10,2,12,,44,,1,22,9,121.5139041,25.0559488
112,4,21,22,35,2,03中山區,中山區龍江路257巷10號,0,0,2,1,C03,7,3,8,30,15,22,1,5,4,5,7,4,4,10,5,5,1,17,1,22,2,2,1,1,7,9,1,10,1,11,,6,,1,22,9,121.5413197,25.05909339
112,4,21,22,35,2,03中山區,中山區龍江路257巷10號,0,0,2,2,C03,7,3,8,30,15,22,1,5,4,5,7,4,4,10,5,5,1,17,1,19,2,7,1,1,7,9,1,10,1,14,,14,,1,22,9,121.5413197,25.05909339
112,4,21,23,5,2,05中正區,中正區仁愛路1段50號,0,0,1,1,B01,8,3,5,50,14,9,1,5,4,5,7,4,4,1,4,5,2,17,1,45,3,10,1,1,7,9,1,4,2,5,,23,,1,22,9,121.5247978,25.0382694
112,4,21,23,5,2,05中正區,中正區仁愛路1段50號,0,0,1,2,C03,8,3,5,50,14,9,1,5,4,5,7,4,4,1,4,5,2,17,2,40,2,9,1,1,7,7,1,10,2,13,,7,,1,22,9,121.5247978,25.0382694
112,4,21,23,8,2,04大安區,大安區羅斯福路4段與新生南路3段口,0,0,2,2,F01,7,3,5,50,4,1,1,5,4,5,7,2,1,9,4,5,1,12,1,55,2,9,3,1,7,9,8,20,1,16,,44,,1,22,9,121.5328501,25.016288
112,4,21,23,8,2,04大安區,大安區羅斯福路4段與新生南路3段口,0,0,2,1,C03,7,3,5,50,4,1,1,5,4,5,7,2,1,9,4,5,1,12,1,44,2,8,1,1,7,9,1,10,1,14,,23,,1,22,9,121.5328501,25.016288
112,4,21,23,17,2,05中正區,中正區泉州街與福州街口口,0,0,2,1,C03,8,3,5,50,14,9,1,5,4,5,7,4,4,9,4,5,2,15,1,19,2,9,1,1,7,9,1,10,1,11,,6,,1,22,9,121.5139975,25.0266649
112,4,21,23,17,2,05中正區,中正區泉州街與福州街口口,0,0,2,2,B01,8,3,5,50,14,9,1,5,4,5,7,4,4,9,4,5,2,15,1,43,2,2,1,1,7,9,1,4,1,5,,42,,1,22,9,121.5139975,25.0266649
112,4,22,0,10,2,03中山區,中山區復興北路50號,0,0,2,2,C03,8,3,5,50,14,9,1,5,4,5,7,4,4,1,4,5,2,13,1,46,2,9,1,4,7,14,1,10,1,13,,44,,1,22,9,121.5438644,25.04955998
112,4,22,0,10,2,03中山區,中山區復興北路50號,0,0,2,3,B01,8,3,5,50,14,9,1,5,4,5,7,4,4,1,4,5,2,13,1,61,3,10,3,4,7,9,1,4,1,15,,44,,1,22,9,121.5438644,25.04955998
112,4,22,0,10,2,03中山區,中山區復興北路50號,0,0,2,1,C03,8,3,5,50,14,9,1,5,4,5,7,4,4,1,4,5,2,13,2,18,2,8,1,4,7,9,1,10,1,11,,23,,1,22,9,121.5438644,25.04955998
112,4,22,1,21,2,05中正區,中正區忠孝東路2段與金山南路1段口,0,0,2,1,B12,8,3,5,50,4,1,1,5,4,5,7,2,1,1,4,5,2,12,1,27,3,10,1,1,7,6,1,8,1,6,,9,,1,5,5,121.5300101,25.043221
112,4,22,1,21,2,05中正區,中正區忠孝東路2段與金山南路1段口,0,0,2,3,H02,8,3,5,50,4,1,1,5,4,5,7,2,1,1,4,5,2,12,2,17,2,9,1,5,7,20,8,20,10,16,,67,,1,16,5,121.5300101,25.043221
112,4,22,1,21,2,05中正區,中正區忠孝東路2段與金山南路1段口,0,0,2,2,C03,8,3,5,50,4,1,1,5,4,5,7,2,1,1,4,5,2,12,1,19,2,9,1,1,7,9,1,10,1,14,,42,,1,3,4,121.5300101,25.043221
112,4,22,2,19,2,04大安區,大安區通化街38巷與通安街口,0,0,1,2,B03,7,3,5,30,4,1,1,5,4,5,7,3,1,10,5,5,1,16,1,51,3,10,3,4,7,9,1,8,1,1,,14,,1,22,9,121.5532656,25.0309234
112,4,22,2,19,2,04大安區,大安區通化街38巷與通安街口,0,0,1,1,C03,7,3,5,30,4,1,1,5,4,5,7,3,1,10,5,5,1,16,1,22,2,9,1,1,7,9,1,10,1,12,,6,,1,22,9,121.5532656,25.0309234
112,4,22,7,14,2,02萬華區,萬華區青年路42號,0,0,2,1,C03,8,1,5,30,14,11,1,5,4,5,7,4,4,9,5,5,2,3,1,22,2,9,1,1,7,9,1,10,1,12,,13,,1,22,9,121.5044325,25.02542911
112,4,22,7,14,2,02萬華區,萬華區青年路42號,0,0,2,2,H01,8,1,5,30,14,11,1,5,4,5,7,4,4,9,5,5,2,3,1,74,2,8,4,5,8,16,8,20,10,16,,51,,1,22,9,121.5044325,25.02542911
112,4,22,7,20,2,12內湖區,內湖區文德路22巷與文德路22巷44弄口,0,0,1,2,C03,7,1,5,30,4,1,1,5,4,4,3,3,1,10,5,5,2,15,1,54,2,7,1,1,7,9,1,10,1,11,,14,,1,22,9,121.5800398,25.07673413
112,4,22,7,20,2,12內湖區,內湖區文德路22巷與文德路22巷44弄口,0,0,1,1,B12,7,1,5,30,4,1,1,5,4,4,3,3,1,10,5,5,2,15,1,45,3,10,1,1,7,9,1,8,1,4,,6,,1,22,9,121.5800398,25.07673413
112,4,22,7,41,2,05中正區,中正區重慶南路2段與南海路口,0,0,1,2,C03,8,1,5,50,4,1,1,5,4,5,7,1,1,1,4,5,2,16,1,44,2,9,3,4,7,9,1,9,1,11,,13,,1,22,9,121.5144,25.0315804
112,4,22,7,41,2,05中正區,中正區重慶南路2段與南海路口,0,0,1,1,B03,8,1,5,50,4,1,1,5,4,5,7,1,1,1,4,5,2,16,1,53,3,10,3,4,7,5,1,8,1,2,,6,,1,22,9,121.5144,25.0315804
112,4,22,8,31,2,07信義區,信義區基隆路2段151-6號,0,0,1,3,,7,1,5,50,14,13,1,5,4,5,7,4,4,1,4,5,2,17,3,0,,,,,,,,,,,,67,,1,,,121.5554779,25.0268145
112,4,22,8,31,2,07信義區,信義區基隆路2段151-6號,0,0,1,1,B03,7,1,5,50,14,13,1,5,4,5,7,4,4,1,4,5,2,17,2,51,3,10,1,1,7,8,1,8,1,15,,7,,1,22,9,121.5554779,25.0268145
112,4,22,8,31,2,07信義區,信義區基隆路2段151-6號,0,0,1,2,C03,7,1,5,50,14,13,1,5,4,5,7,4,4,1,4,5,2,17,2,29,2,9,1,1,7,9,1,10,1,12,,17,,1,22,9,121.5554779,25.0268145
112,4,22,8,32,2,08士林區,士林區重陽橋43路標,0,0,1,2,C03,7,1,5,25,11,11,1,5,4,5,1,4,4,4,4,5,1,12,2,63,2,8,1,1,7,6,6,18,2,14,,26,,1,22,9,121.5055178,25.0854773
112,4,22,8,32,2,08士林區,士林區重陽橋43路標,0,0,1,1,C03,7,1,5,25,11,11,1,5,4,5,1,4,4,4,4,5,1,12,1,25,3,10,1,1,7,6,1,10,2,12,,44,,1,22,9,121.5055178,25.0854773
112,4,22,9,25,2,08士林區,士林區忠誠路2段21巷與士東路200巷口,0,0,2,1,C03,8,1,5,30,4,2,1,5,4,5,7,4,4,9,5,5,1,16,1,42,3,10,1,1,7,5,1,10,1,14,,6,,1,22,9,121.5340693,25.11020916
112,4,22,9,25,2,08士林區,士林區忠誠路2段21巷與士東路200巷口,0,0,2,3,H02,8,1,5,30,4,2,1,5,4,5,7,4,4,9,5,5,1,16,1,34,2,8,1,5,7,20,8,20,10,16,,67,,1,22,9,121.5340693,25.11020916
112,4,22,9,25,2,08士林區,士林區忠誠路2段21巷與士東路200巷口,0,0,2,2,C03,8,1,5,30,4,2,1,5,4,5,7,4,4,9,5,5,1,16,2,64,2,8,1,1,7,9,1,10,1,11,,13,,1,22,9,121.5340693,25.11020916
112,4,22,9,50,2,03中山區,中山區敬業二路91號,0,0,1,2,C03,8,1,5,50,14,9,1,5,4,5,7,4,4,5,4,5,2,16,2,21,2,9,1,4,7,9,1,10,2,12,,44,,1,22,9,121.5543763,25.0823565
112,4,22,9,50,2,03中山區,中山區敬業二路91號,0,0,1,1,B03,8,1,5,50,14,9,1,5,4,5,7,4,4,5,4,5,2,16,2,40,3,10,3,4,7,7,1,8,2,8,,7,,1,22,9,121.5543763,25.0823565
112,4,22,10,21,2,08士林區,士林區萬溪產業道路右線105燈桿,0,0,1,1,B01,7,1,5,30,11,9,1,5,4,5,1,4,4,10,5,5,1,11,1,54,3,10,1,1,7,9,1,4,2,8,,5,,1,22,9,121.5990691,25.1342383
112,4,22,10,21,2,08士林區,士林區萬溪產業道路右線105燈桿,0,0,1,2,F01,7,1,5,30,11,9,1,5,4,5,1,4,4,10,5,5,1,11,1,16,2,9,1,1,7,9,8,20,2,16,,44,,1,22,9,121.5990691,25.1342383
112,4,22,10,22,2,07信義區,信義區忠孝東路4段與逸仙路口,0,0,1,1,C03,8,1,5,50,14,9,1,5,4,5,7,1,1,9,4,5,2,18,2,33,2,9,1,1,7,9,1,10,1,15,,43,,1,22,9,121.5613128,25.0411265
112,4,22,10,22,2,07信義區,信義區忠孝東路4段與逸仙路口,0,0,1,2,,8,1,5,50,14,9,1,5,4,5,7,1,1,9,4,5,2,18,3,0,,,,,,,,,,,,67,,1,,,121.5613128,25.0411265
112,4,22,10,23,2,10文山區,文山區和平東路4段與萬美街1段口口,0,0,1,1,C03,8,1,5,50,3,1,1,5,4,5,7,2,1,4,5,5,1,12,2,47,3,10,1,4,7,9,1,10,1,14,,43,,1,22,9,121.571929,25.00220488
112,4,22,10,23,2,10文山區,文山區和平東路4段與萬美街1段口口,0,0,1,2,C03,8,1,5,50,3,1,1,5,4,5,7,2,1,4,5,5,1,12,2,26,2,8,1,4,7,9,1,10,1,12,,43,,1,22,9,121.571929,25.00220488
112,4,22,10,37,2,04大安區,大安區市民大道3段與復興南路1段口,0,0,1,2,C03,8,1,5,40,4,1,1,5,4,5,7,1,1,1,5,5,1,13,1,28,2,8,1,1,7,14,1,10,1,13,,44,,1,22,9,121.5436848,25.0446831
112,4,22,10,37,2,04大安區,大安區市民大道3段與復興南路1段口,0,0,1,1,C03,8,1,5,40,4,1,1,5,4,5,7,1,1,1,5,5,1,13,2,54,3,10,3,4,7,15,1,10,11,11,,16,,1,22,9,121.5436848,25.0446831
112,4,22,11,15,2,03中山區,中山區明水路439巷與明水路397巷7弄口,0,0,1,1,C04,8,1,5,30,4,1,1,5,4,5,7,4,4,10,5,5,2,15,2,36,2,8,1,1,7,9,1,8,1,11,,6,,1,22,9,121.5494307,25.0781431
112,4,22,11,15,2,03中山區,中山區明水路439巷與明水路397巷7弄口,0,0,1,2,B03,8,1,5,30,4,1,1,5,4,5,7,4,4,10,5,5,2,15,1,60,3,10,1,1,7,9,1,8,1,5,,14,,1,22,9,121.5494307,25.0781431
112,4,22,11,24,2,05中正區,中正區忠孝西路1段與重慶南路1段口,0,0,1,1,C03,7,1,5,50,4,1,1,5,4,5,7,1,1,3,4,5,1,12,1,22,2,9,1,1,7,6,1,10,2,12,,9,,1,22,9,121.5130732,25.0471791
112,4,22,11,24,2,05中正區,中正區忠孝西路1段與重慶南路1段口,0,0,1,2,B03,7,1,5,50,4,1,1,5,4,5,7,1,1,3,4,5,1,12,2,39,3,10,1,1,7,9,1,8,2,8,,44,,1,22,9,121.5130732,25.0471791
112,4,22,11,25,2,05中正區,中正區重慶南路3段150號,0,0,1,1,C03,7,1,5,50,14,9,1,5,4,5,7,4,4,3,4,5,2,13,1,60,2,9,1,1,7,8,1,10,7,11,,7,,1,22,9,121.5168164,25.0234992
112,4,22,11,25,2,05中正區,中正區重慶南路3段150號,0,0,1,2,C03,7,1,5,50,14,9,1,5,4,5,7,4,4,3,4,5,2,13,1,57,3,10,1,1,7,9,1,10,2,13,,44,,1,22,9,121.5168164,25.0234992
112,4,22,11,29,2,04大安區,大安區信義路2段148巷與金山南路2段13巷口,0,0,1,2,B01,8,1,5,30,4,2,1,5,4,5,7,4,4,10,4,5,2,15,1,51,3,10,1,1,7,9,1,10,1,4,,44,,1,22,9,121.5286223,25.0332852
112,4,22,11,29,2,04大安區,大安區信義路2段148巷與金山南路2段13巷口,0,0,1,1,C03,8,1,5,30,4,2,1,5,4,5,7,4,4,10,4,5,2,15,1,35,2,9,1,1,7,9,1,10,1,11,,6,,1,22,9,121.5286223,25.0332852
112,4,22,12,20,2,12內湖區,內湖區港墘路127巷與江南街口,0,0,1,1,H01,8,1,5,50,4,2,1,5,4,5,7,1,1,4,4,5,1,9,1,44,2,8,4,5,8,20,8,20,1,16,,54,,1,22,9,121.5785356,25.0756562
112,4,22,12,20,2,12內湖區,內湖區港墘路127巷與江南街口,0,0,1,2,B01,8,1,5,50,4,2,1,5,4,5,7,1,1,4,4,5,1,9,1,57,3,10,3,4,7,9,1,4,1,4,,43,,1,22,9,121.5785356,25.0756562
112,4,22,13,29,2,05中正區,中正區新生南路1段132巷與連雲街口,0,0,1,1,B03,7,1,5,30,4,1,1,5,4,5,7,4,4,10,5,5,2,17,1,74,3,10,1,1,7,9,1,8,2,15,,6,,1,22,9,121.5318944,25.03702445
112,4,22,13,29,2,05中正區,中正區新生南路1段132巷與連雲街口,0,0,1,2,F01,7,1,5,30,4,1,1,5,4,5,7,4,4,10,5,5,2,17,2,72,2,9,3,1,7,5,8,20,2,16,,44,,1,22,9,121.5318944,25.03702445
112,4,22,13,36,2,03中山區,中山區北安路578巷8弄與北安路588巷口,0,0,1,1,B01,8,1,5,30,4,1,1,5,4,5,7,4,4,10,4,5,2,16,1,60,3,10,3,4,7,9,1,4,1,2,,26,,1,22,9,121.549177,25.08108032
112,4,22,13,36,2,03中山區,中山區北安路578巷8弄與北安路588巷口,0,0,1,2,C03,8,1,5,30,4,1,1,5,4,5,7,4,4,10,4,5,2,16,2,21,2,9,1,1,7,9,1,10,1,11,,26,,1,22,9,121.549177,25.08108032
112,4,22,13,40,2,05中正區,中正區金山南路1段與臨沂街6巷口迴轉道,0,0,2,1,C03,8,1,5,50,4,1,1,5,4,5,7,4,4,10,5,5,2,16,2,63,2,9,1,1,7,9,1,10,2,12,,6,,1,22,9,121.5298393,25.0426016
112,4,22,13,40,2,05中正區,中正區金山南路1段與臨沂街6巷口迴轉道,0,0,2,2,C03,8,1,5,50,4,1,1,5,4,5,7,4,4,10,5,5,2,16,1,27,2,9,1,1,7,9,1,10,2,11,,14,,1,22,9,121.5298393,25.0426016
112,4,22,13,47,2,01大同區,大同區承德路3段與民權西路口,0,0,1,3,C03,8,1,5,50,14,9,1,5,4,5,7,2,1,9,4,5,2,13,2,76,2,8,1,4,7,9,1,10,1,14,,44,,1,22,9,121.5182325,25.0629867
112,4,22,13,47,2,01大同區,大同區承德路3段與民權西路口,0,0,1,1,B03,8,1,5,50,14,9,1,5,4,5,7,2,1,9,4,5,2,13,1,68,3,10,3,4,7,8,1,8,1,1,,16,,1,22,9,121.5182325,25.0629867
112,4,22,13,47,2,01大同區,大同區承德路3段與民權西路口,0,0,1,2,B03,8,1,5,50,14,9,1,5,4,5,7,2,1,9,4,5,2,13,1,34,3,10,3,4,7,9,1,8,1,3,,44,,1,22,9,121.5182325,25.0629867
112,4,22,13,57,2,10文山區,文山區興隆路2段與興隆路2段96巷口,0,0,1,2,C03,8,1,5,50,4,1,1,5,4,5,7,2,1,1,4,5,2,16,1,20,2,9,1,1,7,9,1,10,2,14,,13,,1,22,9,121.5498206,25.0007516
112,4,22,13,57,2,10文山區,文山區興隆路2段與興隆路2段96巷口,0,0,1,1,B01,8,1,5,50,4,1,1,5,4,5,7,2,1,1,4,5,2,16,1,47,3,10,1,1,7,5,1,4,2,1,,6,,1,22,9,121.5498206,25.0007516
112,4,22,14,0,2,03中山區,中山區松江路50號,0,0,1,2,C03,8,1,5,50,14,9,1,5,4,5,7,4,4,3,4,5,2,12,2,73,2,9,1,1,7,9,1,10,2,14,,44,,1,22,9,121.5327639,25.0481704
112,4,22,14,0,2,03中山區,中山區松江路50號,0,0,1,1,B03,8,1,5,50,14,9,1,5,4,5,7,4,4,3,4,5,2,12,1,39,3,10,1,1,7,7,1,8,2,2,,23,,1,22,9,121.5327639,25.0481704
112,4,22,14,0,2,05中正區,中正區中山北路1段與市民大道1段口,0,0,2,2,C02,8,1,5,40,4,1,1,5,4,5,7,1,1,1,5,5,1,13,1,37,2,9,1,1,7,9,1,9,2,13,,44,,1,22,9,121.5205674,25.0480294
112,4,22,14,0,2,05中正區,中正區中山北路1段與市民大道1段口,0,0,2,1,C03,8,1,5,40,4,1,1,5,4,5,7,1,1,1,5,5,1,13,1,24,2,9,1,1,7,9,1,10,2,11,,16,,1,22,9,121.5205674,25.0480294
112,4,22,14,12,2,12內湖區,內湖區民權東路6段180巷77弄與民權東路6段190巷口,0,0,1,1,B03,7,1,5,30,4,1,1,5,4,5,7,4,4,9,4,5,2,15,2,38,3,10,1,1,7,9,1,8,1,4,,6,,1,22,9,121.5943125,25.06573874
112,4,22,14,12,2,12內湖區,內湖區民權東路6段180巷77弄與民權東路6段190巷口,0,0,1,2,C03,7,1,5,30,4,1,1,5,4,5,7,4,4,9,4,5,2,15,2,24,2,9,1,1,7,9,1,10,1,11,,13,,1,22,9,121.5943125,25.06573874
112,4,22,14,22,2,03中山區,中山區民生東路1段與林森北路口,0,0,1,1,B03,7,1,5,50,4,1,1,5,4,5,7,2,1,4,5,5,1,12,1,50,3,10,3,4,7,6,1,8,1,2,,6,,1,22,9,121.5255362,25.05805843
112,4,22,14,22,2,03中山區,中山區民生東路1段與林森北路口,0,0,1,2,C03,7,1,5,50,4,1,1,5,4,5,7,2,1,4,5,5,1,12,1,41,2,9,3,4,7,9,1,10,1,14,,13,,1,22,9,121.5255362,25.05805843
112,4,22,14,29,2,06松山區,松山區敦化北路與南京東路3段口,0,0,3,3,H02,7,1,5,50,4,2,1,5,4,5,7,2,1,1,4,4,2,16,2,33,2,9,1,5,7,20,8,20,10,16,,67,,1,22,9,121.5487398,25.05206121
112,4,22,14,29,2,06松山區,松山區敦化北路與南京東路3段口,0,0,3,2,B01,7,1,5,50,4,2,1,5,4,5,7,2,1,1,4,4,2,16,1,64,3,10,1,4,7,7,1,8,1,5,,44,,1,22,9,121.5487398,25.05206121
112,4,22,14,29,2,06松山區,松山區敦化北路與南京東路3段口,0,0,3,1,C03,7,1,5,50,4,2,1,5,4,5,7,2,1,1,4,4,2,16,1,43,2,9,1,4,7,7,1,10,1,14,,7,,1,22,9,121.5487398,25.05206121
112,4,22,14,29,2,06松山區,松山區敦化北路與南京東路3段口,0,0,3,4,H02,7,1,5,50,4,2,1,5,4,5,7,2,1,1,4,4,2,16,1,9,2,7,1,5,7,20,8,20,10,16,,67,,1,22,9,121.5487398,25.05206121
112,4,22,14,40,2,05中正區,中正區忠孝東路1段與鎮江街口,0,0,1,2,C03,8,1,5,50,4,1,1,5,4,5,7,1,1,10,5,5,2,17,1,21,3,10,1,1,7,6,1,9,2,12,,44,,1,22,9,121.5217559,25.0451
112,4,22,14,40,2,05中正區,中正區忠孝東路1段與鎮江街口,0,0,1,1,C03,8,1,5,50,4,1,1,5,4,5,7,1,1,10,5,5,2,17,2,50,2,8,1,1,7,6,1,10,2,14,,23,,1,22,9,121.5217559,25.0451
112,4,22,14,50,2,07信義區,信義區松勤街60號,0,0,1,2,C03,8,1,5,30,14,9,1,5,4,5,7,3,1,9,5,5,2,16,2,42,2,9,3,4,7,9,1,10,1,14,,13,,1,22,9,121.5631812,25.0320561
112,4,22,14,50,2,07信義區,信義區松勤街60號,0,0,1,1,B01,8,1,5,30,14,9,1,5,4,5,7,3,1,9,5,5,2,16,1,56,3,10,3,4,7,11,1,4,1,5,,10,,1,22,9,121.5631812,25.0320561
112,4,22,14,56,2,12內湖區,內湖區內湖路3段326巷與內湖路3段343巷口,0,0,1,1,B03,8,1,5,30,4,1,1,5,4,5,7,4,4,10,5,5,2,15,2,23,3,10,1,1,7,9,1,8,1,1,,6,,1,22,9,121.5845627,25.0891549
112,4,22,14,56,2,12內湖區,內湖區內湖路3段326巷與內湖路3段343巷口,0,0,1,2,C03,8,1,5,30,4,1,1,5,4,5,7,4,4,10,5,5,2,15,2,44,2,9,1,1,7,9,1,10,1,12,,23,,1,22,9,121.5845627,25.0891549
112,4,22,14,56,2,12內湖區,內湖區內湖路3段326巷與內湖路3段343巷口,0,0,1,3,B03,8,1,5,30,4,1,1,5,4,5,7,4,4,10,5,5,2,15,1,58,3,10,3,4,7,13,1,8,9,15,,38,,1,22,9,121.5845627,25.0891549
112,4,22,15,17,2,08士林區,士林區愛富二街與愛富一街口,0,0,2,2,C03,8,1,5,30,3,1,1,5,4,5,7,4,4,9,5,5,1,16,2,23,2,9,1,1,7,9,1,10,1,11,,44,,1,21,8,121.5455035,25.13893471
112,4,22,15,17,2,08士林區,士林區愛富二街與愛富一街口,0,0,2,3,H02,8,1,5,30,3,1,1,5,4,5,7,4,4,9,5,5,1,16,2,21,2,8,1,1,7,20,8,20,10,16,,67,,1,21,8,121.5455035,25.13893471
112,4,22,15,17,2,08士林區,士林區愛富二街與愛富一街口,0,0,2,1,B03,8,1,5,30,3,1,1,5,4,5,7,4,4,9,5,5,1,16,1,36,3,10,1,1,7,5,1,8,1,1,,8,,1,21,8,121.5455035,25.13893471
112,4,22,15,35,2,03中山區,中山區美堤河濱公園道路自行車道西往東，未過大直橋,0,0,1,2,F01,7,1,5,50,14,9,1,5,4,5,7,4,4,9,4,5,2,12,2,34,2,9,3,4,7,4,8,20,1,16,,1,,1,22,9,121.5435203,25.0772749