發生年度,發生月,發生日,發生時-Hours,發生分,處理別-編號,區序,肇事地點,死亡人數,2-30日死亡人數,受傷人數,當事人序號,車種,天候,光線,道路類別,速限-速度限制,道路型態,事故位置,路面狀況1,路面狀況2,路面狀況3,道路障礙1,道路障礙2,號誌1,號誌2,車道劃分-分向,車道劃分-分道1,車道劃分-分道2,車道劃分-分道3,事故類型及型態,性別,年齡,受傷程度,主要傷處,保護裝置,行動電話,車輛用途,當事者行動狀態,駕駛資格情形,駕駛執照種類,飲酒情形,車輛撞擊部位1,車輛撞擊部位2,肇因碼-個別,肇因碼-主要,個人肇逃否,職業,旅次目的,座標-X,座標-Y
112,4,23,14,11,2,09北投區,北投區承德路6段與文林北路口,0,0,3,4,H02,8,1,5,60,14,9,1,5,4,5,7,1,1,9,4,4,2,16,2,25,2,7,1,1,7,20,8,20,10,16,,67,,1,22,9,121.5112253,25.11055382
112,4,23,14,11,2,09北投區,北投區承德路6段與文林北路口,0,0,3,3,C04,8,1,5,60,14,9,1,5,4,5,7,1,1,9,4,4,2,16,2,48,2,9,1,1,7,9,1,10,1,14,,44,,1,22,9,121.5112253,25.11055382
112,4,23,14,20,2,05中正區,中正區羅斯福路4段與新生南路3段口,0,0,1,2,C03,8,1,5,50,5,1,1,5,4,5,7,1,1,1,4,5,2,12,2,44,2,9,3,4,7,5,1,10,1,12,,44,,1,22,9,121.5319997,25.0166778
112,4,23,14,20,2,05中正區,中正區羅斯福路4段與新生南路3段口,0,0,1,1,B01,8,1,5,50,5,1,1,5,4,5,7,1,1,1,4,5,2,12,1,58,3,10,3,4,7,5,1,4,1,8,,23,,1,22,9,121.5319997,25.0166778
112,4,23,14,22,2,10文山區,文山區保儀路109巷3弄22號,0,0,1,1,F01,8,1,5,30,14,9,2,5,4,5,7,4,4,10,5,5,2,17,1,13,2,9,2,2,7,9,8,20,1,16,,23,,1,22,9,121.568716,24.98625608
112,4,23,14,22,2,10文山區,文山區保儀路109巷3弄22號,0,0,1,2,B12,8,1,5,30,14,9,2,5,4,5,7,4,4,10,5,5,2,17,1,49,3,10,1,1,7,13,6,4,1,1,,38,,1,22,9,121.568716,24.98625608
112,4,23,14,28,2,07信義區,信義區和平東路3段與信安街口,0,0,2,1,C03,8,1,5,50,4,2,1,5,4,5,7,2,1,1,4,5,2,17,1,65,2,9,1,1,7,5,1,10,2,12,,6,,1,22,8,121.5546693,25.0224451
112,4,23,14,28,2,07信義區,信義區和平東路3段與信安街口,0,0,2,2,C03,8,1,5,50,4,2,1,5,4,5,7,2,1,1,4,5,2,17,1,27,2,9,1,1,7,9,1,10,2,11,,44,,1,22,9,121.5546693,25.0224451
112,4,23,14,52,2,09北投區,北投區北投路1段與中央南路2段口,0,0,2,1,C03,8,1,5,40,3,1,1,5,4,5,7,4,4,5,5,4,2,17,1,57,2,9,1,1,7,5,1,10,1,14,,6,,1,22,9,121.5004802,25.1273898
112,4,23,14,52,2,09北投區,北投區北投路1段與中央南路2段口,0,0,2,2,C03,8,1,5,40,3,1,1,5,4,5,7,4,4,5,5,4,2,17,1,64,2,9,1,1,7,9,1,10,1,11,,42,,1,22,9,121.5004802,25.1273898
112,4,23,15,46,2,07信義區,信義區忠孝東路5段與松山路287巷口,0,0,3,3,H02,8,1,5,50,14,9,1,5,4,5,7,4,4,3,4,5,2,16,2,31,2,9,3,4,7,21,8,20,10,16,,67,,1,22,9,121.5807351,25.0428741
112,4,23,15,46,2,07信義區,信義區忠孝東路5段與松山路287巷口,0,0,3,2,C03,8,1,5,50,14,9,1,5,4,5,7,4,4,3,4,5,2,16,1,42,2,9,3,4,7,6,1,10,1,13,,44,,1,22,9,121.5807351,25.0428741
112,4,23,15,46,2,07信義區,信義區忠孝東路5段與松山路287巷口,0,0,3,1,C03,8,1,5,50,14,9,1,5,4,5,7,4,4,3,4,5,2,16,1,25,2,8,3,4,7,9,1,10,1,11,,23,,1,22,9,121.5807351,25.0428741
112,4,23,15,49,2,12內湖區,內湖區金湖路363巷3號,0,0,1,1,B03,8,1,5,30,14,9,1,5,4,5,7,4,4,5,5,5,2,17,2,51,3,10,1,1,7,5,1,8,1,8,,8,,1,22,9,121.6022079,25.07339781
112,4,23,15,49,2,12內湖區,內湖區金湖路363巷3號,0,0,1,2,C03,8,1,5,30,14,9,1,5,4,5,7,4,4,5,5,5,2,17,1,18,2,9,1,1,7,9,1,10,1,11,,44,,1,22,9,121.6022079,25.07339781
112,4,23,15,50,2,09北投區,北投區文林北路與明德路口,0,0,1,2,C03,8,1,5,50,4,1,1,5,4,5,7,2,1,1,4,5,2,16,2,37,2,9,1,1,7,9,1,9,2,14,,44,,1,22,9,121.5167085,25.10622867
112,4,23,15,50,2,09北投區,北投區文林北路與明德路口,0,0,1,1,B01,8,1,5,50,4,1,1,5,4,5,7,2,1,1,4,5,2,16,1,65,3,10,1,1,7,6,1,4,2,5,,9,,1,22,9,121.5167085,25.10622867
112,4,23,16,6,2,10文山區,文山區木柵路4段與萬芳路口,0,0,1,2,B03,8,1,5,50,14,9,1,5,4,5,7,1,1,5,2,5,2,13,1,34,2,5,1,1,7,14,1,8,2,3,,44,,1,22,9,121.571739,24.99506709
112,4,23,16,6,2,10文山區,文山區木柵路4段與萬芳路口,0,0,1,1,B01,8,1,5,50,14,9,1,5,4,5,7,1,1,5,2,5,2,13,1,58,3,10,1,1,7,9,1,4,2,1,,23,,1,22,9,121.571739,24.99506709
112,4,23,16,9,2,06松山區,松山區長春路與敦化北路120巷7弄口,0,0,1,1,B03,8,1,5,30,4,1,1,5,4,5,7,4,4,4,3,5,2,17,1,44,3,10,1,1,7,5,1,8,1,7,,6,,1,22,9,121.5480224,25.0544629
112,4,23,16,9,2,06松山區,松山區長春路與敦化北路120巷7弄口,0,0,1,2,C03,8,1,5,30,4,1,1,5,4,5,7,4,4,4,3,5,2,17,1,25,2,9,1,1,7,9,1,10,1,11,,44,,1,22,9,121.5480224,25.0544629
112,4,23,16,42,2,04大安區,大安區新生南路3段與新生南路3段56巷口口,0,0,2,2,C03,8,1,5,50,3,2,1,5,4,5,6,2,1,8,3,4,1,17,2,36,2,9,3,4,7,15,1,10,1,13,,44,,1,22,9,121.5337011,25.018436
112,4,23,16,42,2,04大安區,大安區新生南路3段與新生南路3段56巷口口,0,0,2,1,C03,8,1,5,50,3,2,1,5,4,5,6,2,1,8,3,4,1,17,2,24,2,9,3,4,6,15,1,10,1,11,,23,,1,22,9,121.5337011,25.018436
112,4,23,18,2,2,07信義區,信義區吳興街220巷83號,0,0,1,1,B03,7,1,5,50,14,9,1,5,4,5,7,4,4,9,4,4,1,17,1,22,3,10,1,1,7,8,1,8,1,15,,7,,1,22,9,121.5604266,25.0259655
112,4,23,18,2,2,07信義區,信義區吳興街220巷83號,0,0,1,2,C03,7,1,5,50,14,9,1,5,4,5,7,4,4,9,4,4,1,17,2,44,2,9,1,1,7,9,1,10,1,14,,44,,1,22,9,121.5604266,25.0259655
112,4,23,18,4,2,01大同區,大同區萬全街與萬全街40巷口,0,0,2,2,C03,8,3,5,30,4,1,1,5,4,5,7,4,4,10,5,5,2,15,1,46,2,5,1,1,7,9,1,10,1,11,,14,,1,22,9,121.5201011,25.0586583
112,4,23,18,4,2,01大同區,大同區萬全街與萬全街40巷口,0,0,2,1,F03,8,3,5,30,4,1,1,5,4,5,7,4,4,10,5,5,2,15,1,20,2,6,1,1,7,9,8,20,1,16,,4,,1,22,9,121.5201011,25.0586583
112,4,23,18,13,2,06松山區,松山區南京東路4段6號台北體育館停車場出入口,0,0,1,1,F01,7,1,5,40,15,8,1,5,4,5,7,4,4,10,5,5,2,17,1,34,2,9,3,1,7,9,8,20,1,16,,42,,1,22,9,121.5517578,25.05160972
112,4,23,18,13,2,06松山區,松山區南京東路4段6號台北體育館停車場出入口,0,0,1,2,B03,7,1,5,40,15,8,1,5,4,5,7,4,4,10,5,5,2,17,2,50,3,10,1,1,7,14,1,8,11,15,,42,,1,22,9,121.5517578,25.05160972
112,4,23,18,26,2,06松山區,松山區敦化北路6號,0,0,1,1,B03,8,3,5,30,14,9,1,5,4,5,7,4,4,10,5,5,2,16,1,48,3,10,1,1,7,5,1,15,2,4,,8,,1,22,9,121.5484444,25.05012771
112,4,23,18,26,2,06松山區,松山區敦化北路6號,0,0,1,2,C03,8,3,5,30,14,9,1,5,4,5,7,4,4,10,5,5,2,16,2,48,2,9,1,1,7,9,6,10,2,12,,23,,1,22,9,121.5484444,25.05012771
112,4,23,18,33,2,03中山區,中山區林森北路259巷與林森北路口,0,0,1,1,C03,8,3,5,50,4,1,1,5,4,5,7,1,1,4,3,5,1,16,1,66,2,8,1,1,7,7,1,10,2,14,,7,,1,22,9,121.5254843,25.0542338
112,4,23,18,33,2,03中山區,中山區林森北路259巷與林森北路口,0,0,1,2,B03,8,3,5,50,4,1,1,5,4,5,7,1,1,4,3,5,1,16,1,27,3,10,1,1,7,9,1,8,2,2,,44,,1,22,9,121.5254843,25.0542338
112,4,23,18,36,2,08士林區,士林區百齡堤外停車場(槌球場停車場出入口),0,0,2,3,H02,8,3,5,40,15,9,1,5,4,5,7,4,4,10,5,5,2,12,1,18,2,7,1,5,7,21,8,20,10,16,,67,,1,22,9,121.5126483,25.0858864
112,4,23,18,36,2,08士林區,士林區百齡堤外停車場(槌球場停車場出入口),0,0,2,1,B03,8,3,5,40,15,9,1,5,4,5,7,4,4,10,5,5,2,12,1,26,3,10,1,1,7,6,1,8,1,5,,6,,1,22,9,121.5126483,25.0858864
112,4,23,18,36,2,08士林區,士林區百齡堤外停車場(槌球場停車場出入口),0,0,2,2,C03,8,3,5,40,15,9,1,5,4,5,7,4,4,10,5,5,2,12,1,20,2,8,1,1,7,9,1,10,1,14,,14,,1,22,9,121.5126483,25.0858864
112,4,23,18,38,2,08士林區,士林區仰德大道1段國安局旁,0,0,1,1,C03,7,3,5,40,11,9,1,5,4,5,7,4,4,5,5,5,1,18,2,27,2,9,1,1,7,9,1,10,1,12,,13,,1,22,9,121.5372876,25.1076535
112,4,23,18,38,2,08士林區,士林區仰德大道1段國安局旁,0,0,1,2,,7,3,5,40,11,9,1,5,4,5,7,4,4,5,5,5,1,18,3,0,,,,,,,,,,,,67,,1,,,121.5372876,25.1076535
112,4,23,18,55,2,12內湖區,內湖區民權東路6段與民權東路6段180巷口,0,0,1,2,,8,3,5,50,4,1,1,5,4,5,7,1,1,4,4,4,1,23,3,0,,,,,,,,,,,,67,,1,,,121.555941,25.08526083
112,4,23,18,55,2,12內湖區,內湖區民權東路6段與民權東路6段180巷口,0,0,1,1,B03,8,3,5,50,4,1,1,5,4,5,7,1,1,4,4,4,1,23,1,24,2,9,3,4,7,5,1,8,2,8,,23,,1,22,9,121.555941,25.08526083
112,4,23,19,11,2,06松山區,松山區三民路與三民路29巷口,0,0,1,1,B03,8,3,5,30,4,1,1,5,4,5,7,4,4,9,4,5,2,17,1,24,3,10,1,1,7,5,1,8,1,8,,8,,1,22,9,121.563787,25.05504522
112,4,23,19,11,2,06松山區,松山區三民路與三民路29巷口,0,0,1,2,C03,8,3,5,30,4,1,1,5,4,5,7,4,4,9,4,5,2,17,1,63,2,9,1,1,7,5,1,10,1,14,,23,,1,22,9,121.563787,25.05504522
112,4,23,19,45,2,08士林區,士林區東山路與忠誠路2段207巷口,0,0,3,1,C03,7,3,5,30,4,1,1,5,4,5,7,3,1,1,4,5,1,15,2,20,2,9,1,1,7,9,1,10,2,14,,6,,1,22,9,121.5390158,25.1163892
112,4,23,19,45,2,08士林區,士林區東山路與忠誠路2段207巷口,0,0,3,2,C03,7,3,5,30,4,1,1,5,4,5,7,3,1,1,4,5,1,15,2,27,2,9,1,1,7,9,1,10,2,11,,14,,1,22,9,121.5390158,25.1163892
112,4,23,19,45,2,08士林區,士林區東山路與忠誠路2段207巷口,0,0,3,3,H02,7,3,5,30,4,1,1,5,4,5,7,3,1,1,4,5,1,15,2,20,2,9,1,5,7,17,8,20,10,16,,67,,1,22,9,121.5390158,25.1163892
112,4,23,19,47,2,03中山區,中山區復興北路與南京東路3段口,0,0,2,2,C03,7,3,5,50,4,1,1,5,4,5,7,1,1,1,4,5,2,16,1,59,2,9,1,1,7,9,1,10,1,11,,44,,1,22,9,121.5439638,25.051671
112,4,23,19,47,2,03中山區,中山區復興北路與南京東路3段口,0,0,2,1,F01,7,3,5,50,4,1,1,5,4,5,7,1,1,1,4,5,2,16,2,52,2,9,1,1,7,5,8,20,1,16,,8,,1,22,9,121.5439638,25.051671
112,4,23,19,47,2,07信義區,信義區松智路與松勤街口口,0,0,1,1,C03,8,3,5,30,4,1,1,5,4,5,7,2,1,9,5,5,1,16,1,24,3,10,3,4,7,5,1,10,1,14,,8,,1,22,9,121.5652844,25.0319604
112,4,23,19,47,2,07信義區,信義區松智路與松勤街口口,0,0,1,2,C03,8,3,5,30,4,1,1,5,4,5,7,2,1,9,5,5,1,16,2,37,2,9,3,4,7,9,1,10,1,11,,13,,1,22,9,121.5652844,25.0319604
112,4,23,19,55,2,08士林區,士林區天母西路與天母東路口,0,0,3,2,C03,7,3,5,50,4,2,1,5,4,5,7,1,1,10,4,5,2,17,1,52,2,9,1,1,7,9,1,10,2,11,,44,,1,22,9,121.5306584,25.1183549
112,4,23,19,55,2,08士林區,士林區天母西路與天母東路口,0,0,3,1,C03,7,3,5,50,4,2,1,5,4,5,7,1,1,10,4,5,2,17,2,22,2,8,1,1,7,11,1,10,2,12,,10,,1,22,9,121.5306584,25.1183549
112,4,23,19,55,2,08士林區,士林區天母西路與天母東路口,0,0,3,3,H02,7,3,5,50,4,2,1,5,4,5,7,1,1,10,4,5,2,17,2,21,2,9,1,5,7,17,8,20,10,16,,67,,1,22,9,121.5306584,25.1183549
112,4,23,20,44,2,09北投區,北投區西安街1段與建民路116巷口,0,0,1,1,C04,8,3,5,50,3,1,1,5,4,5,7,4,4,1,4,5,1,18,2,25,2,9,1,1,7,9,1,10,1,12,,42,,1,22,9,121.5183475,25.1100043
112,4,23,20,44,2,09北投區,北投區西安街1段與建民路116巷口,0,0,1,2,,8,3,5,50,3,1,1,5,4,5,7,4,4,1,4,5,1,18,3,0,,,,,,,,,,,,67,,1,,,121.5183475,25.1100043
112,4,23,21,0,2,05中正區,中正區仁愛路2段與新生南路1段口,0,0,1,2,C03,8,3,5,50,4,1,1,5,4,5,7,2,1,5,4,3,2,16,1,33,2,9,1,1,7,9,1,10,2,12,,44,,1,22,9,121.532731,25.0380198
112,4,23,21,0,2,05中正區,中正區仁愛路2段與新生南路1段口,0,0,1,1,B03,8,3,5,50,4,1,1,5,4,5,7,2,1,5,4,3,2,16,1,45,3,10,1,1,7,5,1,8,2,4,,8,,1,22,9,121.532731,25.0380198
112,4,23,21,6,2,04大安區,大安區仁愛路4段27巷與大安路1段126巷口,0,0,1,1,B02,7,3,5,30,4,1,1,5,4,3,5,4,4,10,5,5,2,15,1,29,3,10,1,1,7,9,1,8,1,6,,6,,1,22,9,121.5451951,25.0394082
112,4,23,21,6,2,04大安區,大安區仁愛路4段27巷與大安路1段126巷口,0,0,1,2,C03,7,3,5,30,4,1,1,5,4,3,5,4,4,10,5,5,2,15,1,27,2,9,1,1,7,9,1,10,1,11,,13,,1,22,9,121.5451951,25.0394082
112,4,23,21,6,2,04大安區,大安區仁愛路4段27巷與大安路1段126巷口,0,0,1,3,B03,7,3,5,30,4,1,1,5,4,3,5,4,4,10,5,5,2,15,2,56,3,10,1,1,7,14,1,8,1,15,,38,,1,22,9,121.5451951,25.0394082
112,4,23,21,51,2,02萬華區,萬華區桂林路與康定路口,0,0,1,2,C03,8,4,5,50,4,1,1,5,4,5,7,1,1,9,4,5,2,17,2,37,2,8,1,4,7,9,1,10,1,11,,23,,1,22,9,121.5017633,25.038392
112,4,23,21,51,2,02萬華區,萬華區桂林路與康定路口,0,0,1,1,B01,8,4,5,50,4,1,1,5,4,5,7,1,1,9,4,5,2,17,1,63,3,10,1,4,7,5,1,4,1,6,,6,,1,22,9,121.5017633,25.038392
112,4,23,22,0,2,10文山區,文山區秀明路1段與木柵路3段169巷口,0,0,1,1,B03,7,3,5,30,3,2,1,5,4,5,3,3,1,1,3,4,2,17,1,49,3,10,3,4,7,6,1,8,2,4,,6,,1,22,9,121.5687851,24.9915662
112,4,23,22,0,2,10文山區,文山區秀明路1段與木柵路3段169巷口,0,0,1,2,C03,7,3,5,30,3,2,1,5,4,5,3,3,1,1,3,4,2,17,1,36,2,9,3,4,7,9,1,10,2,11,,13,,1,22,9,121.5687851,24.9915662
112,4,23,23,39,2,02萬華區,萬華區中華路1段與成都路口,0,0,2,1,C03,8,3,5,50,14,9,1,5,4,5,7,2,1,1,3,5,1,13,2,31,2,9,3,4,7,9,1,10,1,11,,23,,1,22,9,121.508142,25.04228443
112,4,23,23,39,2,02萬華區,萬華區中華路1段與成都路口,0,0,2,2,C03,8,3,5,50,14,9,1,5,4,5,7,2,1,1,3,5,1,13,2,33,2,5,3,4,7,9,1,10,1,13,,44,,1,22,9,121.508142,25.04228443
112,4,24,4,21,2,02萬華區,萬華區萬大路71巷8號對面,0,0,1,2,C03,8,3,5,30,14,9,1,5,4,5,7,4,4,10,5,5,2,17,1,20,3,10,1,1,7,13,1,10,9,13,,44,,1,22,9,121.5009312,25.03067395
112,4,24,4,21,2,02萬華區,萬華區萬大路71巷8號對面,0,0,1,1,C03,8,3,5,30,14,9,1,5,4,5,7,4,4,10,5,5,2,17,2,41,2,8,1,1,7,9,1,10,9,11,,42,,1,22,9,121.5009312,25.03067395
112,4,24,7,31,2,09北投區,北投區石牌路2段201號榮總一公車站牌對面,0,0,2,1,C03,8,1,5,50,14,9,1,5,4,5,7,4,4,9,4,5,1,12,1,18,2,8,1,1,7,9,1,10,1,12,,23,,1,22,9,121.5205788,25.11864489
112,4,24,7,31,2,09北投區,北投區石牌路2段201號榮總一公車站牌對面,0,0,2,2,B03,8,1,5,50,14,9,1,5,4,5,7,4,4,9,4,5,1,12,1,59,3,10,1,1,7,9,1,8,1,4,,44,,1,22,9,121.5205788,25.11864489
112,4,24,7,31,2,09北投區,北投區石牌路2段201號榮總一公車站牌對面,0,0,2,3,H02,8,1,5,50,14,9,1,5,4,5,7,4,4,9,4,5,1,12,1,18,2,8,4,5,7,20,8,20,10,16,,67,,1,22,9,121.5205788,25.11864489
112,4,24,7,50,2,03中山區,中山區濱江街5號與濱江街口無名巷,0,0,3,1,C03,7,1,5,50,3,1,1,4,4,5,7,1,1,10,4,4,2,12,1,21,2,8,1,1,7,5,1,10,1,14,,8,,1,22,9,121.5300022,25.07148846
112,4,24,7,50,2,03中山區,中山區濱江街5號與濱江街口無名巷,0,0,3,2,C03,7,1,5,50,3,1,1,4,4,5,7,1,1,10,4,4,2,12,2,20,2,8,1,1,7,9,1,10,1,12,,44,,1,22,9,121.5300022,25.07148846
112,4,24,7,50,2,03中山區,中山區濱江街5號與濱江街口無名巷,0,0,3,3,H02,7,1,5,50,3,1,1,4,4,5,7,1,1,10,4,4,2,12,2,31,2,7,1,1,7,21,8,20,1,16,,67,,1,22,9,121.5300022,25.07148846
112,4,24,7,55,2,03中山區,中山區復興北路338號,0,0,1,1,F03,7,1,5,50,14,11,1,5,4,5,7,4,4,1,4,5,2,12,2,57,2,8,1,1,7,9,8,20,1,16,,17,,1,22,9,121.5440756,25.0595816
112,4,24,7,55,2,03中山區,中山區復興北路338號,0,0,1,2,C03,7,1,5,50,14,11,1,5,4,5,7,4,4,1,4,5,2,12,2,21,3,10,1,1,7,9,1,10,1,12,,44,,1,22,9,121.5440756,25.0595816
112,4,24,7,58,2,01大同區,大同區台北橋機慢車道往台北第八根燈桿,0,0,1,2,C03,7,1,5,40,14,11,1,5,4,5,7,4,4,1,4,5,2,12,1,46,2,7,1,1,7,9,1,10,1,12,,17,,1,22,9,121.5088441,25.063282
112,4,24,7,58,2,01大同區,大同區台北橋機慢車道往台北第八根燈桿,0,0,1,1,C03,7,1,5,40,14,11,1,5,4,5,7,4,4,1,4,5,2,12,1,25,3,10,1,1,7,9,1,10,1,14,,17,,1,22,9,121.5088441,25.063282
112,4,24,7,59,2,03中山區,中山區崇實路與北安路口,0,0,1,1,B03,6,1,5,50,4,2,1,4,4,5,7,2,1,3,4,5,2,12,1,56,3,10,3,4,7,6,1,8,2,2,,9,,1,22,9,121.544322,25.079811
112,4,24,7,59,2,03中山區,中山區崇實路與北安路口,0,0,1,2,C03,6,1,5,50,4,2,1,4,4,5,7,2,1,3,4,5,2,12,2,22,2,8,3,4,7,9,1,10,2,14,,44,,1,22,9,121.544322,25.079811
112,4,24,8,44,2,01大同區,大同區塔城街與長安西路口,0,0,2,3,H02,6,1,5,50,4,1,1,4,4,5,7,4,4,5,5,5,2,16,2,50,2,9,1,5,7,20,8,20,10,16,,67,,1,22,9,121.5105079,25.0519695
112,4,24,8,44,2,01大同區,大同區塔城街與長安西路口,0,0,2,1,C03,6,1,5,50,4,1,1,4,4,5,7,4,4,5,5,5,2,16,1,31,3,10,1,1,7,6,1,9,1,11,,44,,1,22,9,121.5105079,25.0519695
112,4,24,8,44,2,01大同區,大同區塔城街與長安西路口,0,0,2,2,C03,6,1,5,50,4,1,1,4,4,5,7,4,4,5,5,5,2,16,1,42,2,8,1,1,7,9,3,18,1,15,,44,,1,22,9,121.5105079,25.0519695
112,4,24,8,45,2,11南港區,南港區南港路2段與南港路2段60巷口口,0,0,1,1,B03,6,1,5,50,3,1,1,4,4,5,7,2,1,5,4,5,2,16,1,55,3,10,1,1,7,5,1,8,1,5,,6,,1,22,9,121.6041289,25.0538962
112,4,24,8,45,2,11南港區,南港區南港路2段與南港路2段60巷口口,0,0,1,2,C03,6,1,5,50,3,1,1,4,4,5,7,2,1,5,4,5,2,16,1,25,2,9,1,1,7,9,1,10,1,11,,44,,1,22,9,121.6041289,25.0538962
112,4,24,8,55,2,01大同區,大同區承德路1段30號,0,0,1,3,C03,6,1,5,50,14,9,1,4,4,5,7,4,4,1,4,5,2,9,2,35,2,8,3,4,7,9,1,10,1,11,,44,,1,22,9,121.5174775,25.0504956
112,4,24,8,55,2,01大同區,大同區承德路1段30號,0,0,1,2,H02,6,1,5,50,14,9,1,4,4,5,7,4,4,1,4,5,2,9,2,38,3,10,4,5,7,19,8,20,10,16,,56,,1,22,9,121.5174775,25.0504956
112,4,24,8,55,2,01大同區,大同區承德路1段30號,0,0,1,1,B01,6,1,5,50,14,9,1,4,4,5,7,4,4,1,4,5,2,9,1,60,3,10,3,4,7,14,6,4,1,6,,40,,1,22,9,121.5174775,25.0504956
112,4,24,9,10,2,06松山區,松山區南京東路5段250巷與東興路口,0,0,1,2,H01,6,1,5,30,3,2,1,4,4,5,7,4,4,10,5,5,2,3,2,52,2,9,4,5,8,18,8,20,1,16,,53,,1,22,9,121.5656833,25.05072776
112,4,24,9,10,2,06松山區,松山區南京東路5段250巷與東興路口,0,0,1,1,C04,6,1,5,30,3,2,1,4,4,5,7,4,4,10,5,5,2,3,2,63,3,10,1,1,7,9,1,8,1,11,,23,,1,22,9,121.5656833,25.05072776
112,4,24,9,16,2,07信義區,信義區信義路5段150巷與松平路口,0,0,1,1,B03,6,1,5,30,3,1,1,4,4,5,7,4,4,10,5,5,2,11,2,67,3,10,1,1,7,5,1,8,1,6,,8,,1,22,9,121.5696805,25.0304134
112,4,24,9,16,2,07信義區,信義區信義路5段150巷與松平路口,0,0,1,2,C03,6,1,5,30,3,1,1,4,4,5,7,4,4,10,5,5,2,11,1,45,2,9,1,1,7,9,1,10,1,11,,44,,1,22,9,121.5696805,25.0304134
112,4,24,9,40,2,01大同區,大同區忠孝西路1段與塔城街口口,0,0,1,2,C03,6,1,5,50,4,1,1,4,4,5,7,2,1,8,3,5,2,12,2,58,2,9,1,1,7,9,4,8,1,13,,44,,1,22,9,121.5100366,25.04848686
112,4,24,9,40,2,01大同區,大同區忠孝西路1段與塔城街口口,0,0,1,1,C03,6,1,5,50,4,1,1,4,4,5,7,2,1,8,3,5,2,12,1,50,3,10,1,1,7,9,1,10,1,11,,16,,1,22,9,121.5100366,25.04848686
112,4,24,9,50,2,10文山區,文山區辛亥路4段與辛亥路4段166巷口,0,0,1,2,C03,6,1,5,50,3,1,1,4,4,5,7,1,1,1,4,5,2,17,2,19,2,8,1,4,7,9,1,10,1,11,,44,,1,22,9,121.5574305,25.0056069
112,4,24,9,50,2,10文山區,文山區辛亥路4段與辛亥路4段166巷口,0,0,1,1,B01,6,1,5,50,3,1,1,4,4,5,7,1,1,1,4,5,2,17,1,56,3,10,1,4,7,11,1,4,1,6,,10,,1,22,9,121.5574305,25.0056069
112,4,24,10,25,2,02萬華區,萬華區艋舺大道70號,0,0,1,1,C03,6,1,5,50,14,7,1,4,4,5,7,4,4,1,3,5,2,12,1,32,3,10,1,1,7,9,1,10,1,14,,43,,1,22,9,121.5035234,25.0333222
112,4,24,10,25,2,02萬華區,萬華區艋舺大道70號,0,0,1,2,C03,6,1,5,50,14,7,1,4,4,5,7,4,4,1,3,5,2,12,2,24,2,9,1,1,7,9,1,10,1,12,,43,,1,22,9,121.5035234,25.0333222
112,4,24,10,34,2,04大安區,大安區大安路1段116巷與仁愛路4段27巷口,0,0,1,1,B01,6,1,5,30,4,1,1,4,4,5,7,2,1,5,4,5,2,3,1,65,3,10,1,4,7,5,1,4,1,5,,15,,1,22,9,121.5452577,25.0397682
112,4,24,10,34,2,04大安區,大安區大安路1段116巷與仁愛路4段27巷口,0,0,1,2,H01,6,1,5,30,4,1,1,4,4,5,7,2,1,5,4,5,2,3,1,72,2,9,4,5,8,16,8,20,10,16,,51,,1,22,9,121.5452577,25.0397682
112,4,24,10,59,2,12內湖區,內湖區康寧路1段與康寧路1段156巷口,0,0,2,1,C03,6,1,5,50,3,1,1,4,4,5,7,4,4,9,4,5,2,16,1,30,2,8,1,1,7,5,1,10,1,14,,27,,1,22,9,121.5943536,25.07912008
112,4,24,10,59,2,12內湖區,內湖區康寧路1段與康寧路1段156巷口,0,0,2,2,C03,6,1,5,50,3,1,1,4,4,5,7,4,4,9,4,5,2,16,2,25,2,9,1,1,7,9,1,10,1,11,,13,,1,22,9,121.5943536,25.07912008
112,4,24,11,5,2,12內湖區,內湖區民權東路6段123巷13號,0,0,1,1,B03,6,1,5,30,14,9,1,4,4,5,7,4,4,9,5,5,2,2,4,0,4,11,3,4,7,15,7,19,11,15,,43,,2,22,9,121.5929044,25.0694249
112,4,24,11,5,2,12內湖區,內湖區民權東路6段123巷13號,0,0,1,2,H01,6,1,5,30,14,9,1,4,4,5,7,4,4,9,5,5,2,2,2,60,2,6,4,5,8,16,8,20,10,16,,67,,1,22,9,121.5929044,25.0694249
112,4,24,11,20,2,12內湖區,內湖區金湖路289號,0,0,1,1,B03,6,1,5,50,14,9,1,4,4,5,7,4,4,3,4,4,1,12,1,24,3,10,3,4,7,1,1,17,1,8,,19,,1,22,9,121.6011837,25.07536798
112,4,24,11,20,2,12內湖區,內湖區金湖路289號,0,0,1,2,C03,6,1,5,50,14,9,1,4,4,5,7,4,4,3,4,4,1,12,1,23,2,9,3,4,7,9,1,10,1,14,,44,,1,22,9,121.6011837,25.07536798
112,4,24,11,50,2,07信義區,信義區忠孝東路5段與中坡南路口,0,0,2,1,B03,6,1,5,50,14,9,1,4,4,5,7,2,1,1,4,5,2,13,1,25,3,10,1,1,7,9,1,8,1,1,,16,,1,22,8,121.5819238,25.04413263
112,4,24,11,50,2,07信義區,信義區忠孝東路5段與中坡南路口,0,0,2,2,B03,6,1,5,50,14,9,1,4,4,5,7,2,1,1,4,5,2,13,1,75,2,1,1,1,7,9,1,8,1,3,,44,,1,22,8,121.5819238,25.04413263
112,4,24,11,50,2,07信義區,信義區忠孝東路5段與中坡南路口,0,0,2,3,H02,6,1,5,50,14,9,1,4,4,5,7,2,1,1,4,5,2,13,2,53,2,1,1,5,7,20,8,20,10,16,,67,,1,22,8,121.5819238,25.04413263
112,4,24,12,0,2,07信義區,信義區忠孝東路5段210號,0,0,1,1,C04,6,1,5,50,14,9,1,4,4,5,7,4,4,10,4,5,2,13,2,24,2,8,1,1,7,9,1,10,1,11,,43,,1,22,9,121.5706321,25.0409146