發生年度,發生月,發生日,發生時-Hours,發生分,處理別-編號,區序,肇事地點,死亡人數,2-30日死亡人數,受傷人數,當事人序號,車種,天候,光線,道路類別,速限-速度限制,道路型態,事故位置,路面狀況1,路面狀況2,路面狀況3,道路障礙1,道路障礙2,號誌1,號誌2,車道劃分-分向,車道劃分-分道1,車道劃分-分道2,車道劃分-分道3,事故類型及型態,性別,年齡,受傷程度,主要傷處,保護裝置,行動電話,車輛用途,當事者行動狀態,駕駛資格情形,駕駛執照種類,飲酒情形,車輛撞擊部位1,車輛撞擊部位2,肇因碼-個別,肇因碼-主要,個人肇逃否,職業,旅次目的,座標-X,座標-Y
112,4,26,9,35,2,05中正區,中正區中華路1段93號,0,0,3,3,C03,7,1,5,50,14,9,1,5,4,5,7,4,4,1,4,5,2,13,1,40,2,8,1,1,7,12,1,10,2,13,,44,,1,3,3,121.5072476,25.0377437
112,4,26,9,36,2,04大安區,大安區和平東路2段與新生南路2段口,0,0,1,2,C03,6,1,5,50,4,2,1,4,4,5,7,1,1,3,3,5,1,17,1,20,3,10,1,1,7,8,1,10,1,15,,7,,1,22,9,121.5349782,25.0260611
112,4,26,9,36,2,04大安區,大安區和平東路2段與新生南路2段口,0,0,1,1,C03,6,1,5,50,4,2,1,4,4,5,7,1,1,3,3,5,1,17,1,46,2,8,1,1,7,9,1,10,1,15,,42,,1,22,9,121.5349782,25.0260611
112,4,26,9,40,2,08士林區,士林區重陽橋往士林,0,0,2,1,C03,8,1,5,25,8,11,1,5,4,5,7,4,4,3,2,5,1,16,1,35,2,9,1,1,7,7,1,10,1,14,,7,,1,22,9,121.523542,25.094049
112,4,26,9,40,2,08士林區,士林區重陽橋往士林,0,0,2,2,C03,8,1,5,25,8,11,1,5,4,5,7,4,4,3,2,5,1,16,2,26,2,9,1,1,7,9,1,10,1,12,,44,,1,22,9,121.523542,25.094049
112,4,26,9,41,2,12內湖區,內湖區內湖路2段342號,0,0,2,1,C03,6,1,5,50,14,9,1,4,4,4,7,4,4,5,5,5,1,16,2,47,2,8,1,1,7,9,1,10,1,11,,44,,1,22,9,121.5895025,25.08182057
112,4,26,9,41,2,12內湖區,內湖區內湖路2段342號,0,0,2,2,C03,6,1,5,50,14,9,1,4,4,4,7,4,4,5,5,5,1,16,2,27,2,8,1,1,7,5,1,10,1,14,,8,,1,22,9,121.5895025,25.08182057
112,4,26,9,45,2,02萬華區,萬華區桂林路246巷與桂林路228巷11弄口,0,0,2,1,C03,6,1,5,0,3,1,1,4,4,5,7,1,1,1,2,5,2,12,1,22,2,9,1,1,7,9,1,10,1,12,,17,,1,22,9,121.5015758,25.0384072
112,4,26,9,45,2,02萬華區,萬華區桂林路246巷與桂林路228巷11弄口,0,0,2,2,C03,6,1,5,0,3,1,1,4,4,5,7,1,1,1,2,5,2,12,1,26,2,9,1,3,7,7,1,10,1,14,,17,,1,22,9,121.5015758,25.0384072
112,4,26,9,48,2,10文山區,文山區木柵路3段與木新路1段口,0,0,1,1,B03,6,1,5,50,3,1,1,4,4,5,7,2,1,9,4,5,2,17,1,60,3,10,1,1,7,11,1,8,1,15,,44,,1,22,9,121.5708668,24.99060436
112,4,26,9,48,2,10文山區,文山區木柵路3段與木新路1段口,0,0,1,2,C03,6,1,5,50,3,1,1,4,4,5,7,2,1,9,4,5,2,17,1,28,2,8,1,1,7,9,1,10,1,15,,42,,1,22,9,121.5708668,24.99060436
112,4,26,10,15,2,08士林區,士林區中山北路5段與文林路口,0,0,2,1,C03,8,1,5,50,3,2,1,5,4,5,7,1,1,4,1,5,1,16,2,48,2,9,1,1,7,7,1,10,1,14,,6,,1,22,9,121.5257481,25.0855256
112,4,26,10,15,2,08士林區,士林區中山北路5段與文林路口,0,0,2,2,C03,8,1,5,50,3,2,1,5,4,5,7,1,1,4,1,5,1,16,2,20,2,7,1,1,7,9,1,10,1,11,,23,,1,22,9,121.5257481,25.0855256
112,4,26,11,7,2,12內湖區,內湖區內湖路1段與堤頂大道2段口,0,0,1,1,C03,7,1,5,50,4,1,1,5,4,5,7,2,1,9,4,4,2,16,2,31,2,8,1,1,7,5,1,10,2,14,,26,,1,22,9,121.5611479,25.08436608
112,4,26,11,7,2,12內湖區,內湖區內湖路1段與堤頂大道2段口,0,0,1,2,B03,7,1,5,50,4,1,1,5,4,5,7,2,1,9,4,4,2,16,1,63,3,10,1,1,7,9,1,8,2,1,,44,,1,22,9,121.5611479,25.08436608
112,4,26,11,15,2,07信義區,信義區逸仙路42巷1號,0,0,1,1,B03,8,1,5,30,14,9,1,5,4,5,7,4,4,10,5,5,2,13,1,64,3,10,1,1,7,9,1,8,1,1,,43,,1,22,9,121.5619071,25.0402219
112,4,26,11,15,2,07信義區,信義區逸仙路42巷1號,0,0,1,2,C03,8,1,5,30,14,9,1,5,4,5,7,4,4,10,5,5,2,13,1,59,2,9,1,1,7,14,1,10,1,13,,43,,1,22,9,121.5619071,25.0402219
112,4,26,11,45,2,08士林區,士林區延平北路5段235號,0,0,1,1,B01,7,1,5,50,14,9,1,5,4,5,7,2,1,1,4,5,1,17,1,66,3,10,1,1,7,8,1,4,1,3,,6,,1,21,8,121.5098134,25.08450463
112,4,26,11,45,2,08士林區,士林區延平北路5段235號,0,0,1,2,C03,7,1,5,50,14,9,1,5,4,5,7,2,1,1,4,5,1,17,2,21,2,5,1,1,7,12,1,10,1,11,,44,,1,21,8,121.5098134,25.08450463
112,4,26,12,5,2,07信義區,信義區信義路5段106號,0,0,1,1,B11,7,1,5,50,14,9,1,4,4,5,7,4,4,1,4,5,2,17,1,24,3,10,1,1,7,14,1,4,1,4,,40,,1,22,8,121.5678101,25.0327756
112,4,26,12,5,2,07信義區,信義區信義路5段106號,0,0,1,2,C03,7,1,5,50,14,9,1,4,4,5,7,4,4,1,4,5,2,17,1,43,2,7,1,1,7,9,1,10,1,12,,44,,1,22,8,121.5678101,25.0327756
112,4,26,12,5,2,07信義區,信義區信義路5段106號,0,0,1,3,B01,7,1,5,50,14,9,1,4,4,5,7,4,4,1,4,5,2,17,1,62,3,10,1,1,7,9,1,4,1,2,,44,,1,22,8,121.5678101,25.0327756
112,4,26,12,15,2,06松山區,松山區民權大橋東向西,0,0,1,1,B01,8,1,5,50,14,9,1,5,4,5,7,4,4,1,3,5,2,16,1,63,3,10,1,1,7,8,1,2,1,6,,6,,1,22,9,121.5687147,25.06385182
112,4,26,12,15,2,06松山區,松山區民權大橋東向西,0,0,1,2,C03,8,1,5,50,14,9,1,5,4,5,7,4,4,1,3,5,2,16,1,18,2,9,1,1,7,9,1,10,1,11,,13,,1,22,9,121.5687147,25.06385182
112,4,26,12,30,2,12內湖區,內湖區金湖路342號,0,0,2,2,C03,7,1,5,40,14,8,1,5,4,5,7,4,4,1,4,4,2,13,1,55,2,9,1,1,7,9,1,10,1,13,,44,,1,22,9,121.6034967,25.07353788
112,4,26,12,30,2,12內湖區,內湖區金湖路342號,0,0,2,1,C03,7,1,5,40,14,8,1,5,4,5,7,4,4,1,4,4,2,13,1,42,2,9,1,1,7,9,1,10,1,11,,23,,1,22,9,121.6034967,25.07353788
112,4,26,12,42,2,12內湖區,內湖區五分街與東湖路160巷10弄口,0,0,1,1,B12,8,1,5,30,4,1,1,5,4,5,7,4,4,5,5,5,2,12,1,67,3,10,1,1,7,5,1,8,1,4,,27,,1,22,9,121.6163844,25.06719086
112,4,26,12,42,2,12內湖區,內湖區五分街與東湖路160巷10弄口,0,0,1,2,C03,8,1,5,30,4,1,1,5,4,5,7,4,4,5,5,5,2,12,2,39,2,6,1,1,7,9,1,10,1,11,,1,,1,22,9,121.6163844,25.06719086
112,4,26,13,30,2,05中正區,中正區汀州路3段2巷,0,0,1,1,B12,8,1,5,30,14,9,1,5,4,5,7,4,4,10,5,5,2,12,2,36,2,9,3,4,7,1,1,8,2,8,,19,,1,22,9,121.5262062,25.0182484
112,4,26,13,30,2,05中正區,中正區汀州路3段2巷,0,0,1,2,B03,8,1,5,30,14,9,1,5,4,5,7,4,4,10,5,5,2,12,1,33,3,10,3,4,7,9,1,8,2,5,,13,,1,22,9,121.5262062,25.0182484
112,4,26,13,30,2,05中正區,中正區汀州路3段2巷,0,0,1,3,B03,8,1,5,30,14,9,1,5,4,5,7,4,4,10,5,5,2,12,2,71,3,10,3,4,7,13,1,8,9,4,,44,,1,22,9,121.5262062,25.0182484
112,4,26,13,41,2,08士林區,士林區故宮路9號,0,0,1,1,B03,7,1,5,50,14,9,1,5,4,5,7,4,4,1,4,5,2,17,1,43,3,10,1,1,7,6,1,8,1,5,,9,,1,21,8,121.5469185,25.09743959
112,4,26,13,41,2,08士林區,士林區故宮路9號,0,0,1,2,C03,7,1,5,50,14,9,1,5,4,5,7,4,4,1,4,5,2,17,1,18,2,9,1,1,7,9,1,10,1,14,,13,,1,21,8,121.5469185,25.09743959
112,4,26,14,6,2,12內湖區,內湖區瑞湖街與陽光街321巷口,0,0,1,1,B03,7,1,5,50,4,1,1,5,4,5,7,2,1,9,4,5,2,16,2,65,3,10,1,1,7,5,1,8,2,1,,6,,1,22,9,121.5764094,25.07123711
112,4,26,14,6,2,12內湖區,內湖區瑞湖街與陽光街321巷口,0,0,1,2,C03,7,1,5,50,4,1,1,5,4,5,7,2,1,9,4,5,2,16,1,58,2,9,1,1,7,9,1,10,2,14,,44,,1,22,9,121.5764094,25.07123711
112,4,26,15,0,2,03中山區,中山區南京東路3段89巷與南京東路3段89巷5弄口,0,0,2,2,B03,8,1,5,30,3,2,1,5,4,5,7,4,4,10,4,5,1,15,1,44,3,10,1,1,7,9,1,8,1,8,,14,,1,22,9,121.5390339,25.05283486
112,4,26,15,0,2,03中山區,中山區南京東路3段89巷與南京東路3段89巷5弄口,0,0,2,3,H02,8,1,5,30,3,2,1,5,4,5,7,4,4,10,4,5,1,15,2,9,2,8,1,5,7,21,8,20,10,16,,67,,1,22,9,121.5390339,25.05283486
112,4,26,15,0,2,03中山區,中山區南京東路3段89巷與南京東路3段89巷5弄口,0,0,2,1,C03,8,1,5,30,3,2,1,5,4,5,7,4,4,10,4,5,1,15,2,77,2,9,1,1,7,9,1,10,1,11,,6,,1,22,9,121.5390339,25.05283486
112,4,26,15,20,2,09北投區,北投區實踐街與尊賢街口,0,0,1,1,C03,8,1,5,30,4,1,1,5,4,5,7,4,4,10,5,5,2,1,2,57,3,10,1,1,7,6,1,10,2,11,,15,,1,22,9,121.5081631,25.1150015
112,4,26,15,20,2,09北投區,北投區實踐街與尊賢街口,0,0,1,2,H01,8,1,5,30,4,1,1,5,4,5,7,4,4,10,5,5,2,1,2,85,2,9,4,5,8,16,8,20,10,16,,67,,1,22,9,121.5081631,25.1150015
112,4,26,15,20,2,11南港區,南港區福德街373巷21號,0,0,1,1,C03,7,1,5,30,15,9,1,5,4,5,6,4,4,5,4,5,2,17,2,20,2,9,1,4,7,1,1,10,2,11,,19,,1,22,9,121.5913869,25.0393837
112,4,26,15,20,2,11南港區,南港區福德街373巷21號,0,0,1,2,B12,7,1,5,30,15,9,1,5,4,5,6,4,4,5,4,5,2,17,1,42,3,10,1,4,7,9,1,8,2,2,,23,,1,22,9,121.5913869,25.0393837
112,4,26,15,29,2,09北投區,北投區中央南路2段85號前,0,0,1,2,C03,8,1,5,50,14,9,1,5,4,5,7,4,4,9,4,5,2,16,1,38,2,9,1,1,7,9,1,9,2,12,,44,,1,22,9,121.5001134,25.12257457
112,4,26,15,29,2,09北投區,北投區中央南路2段85號前,0,0,1,1,B02,8,1,5,50,14,9,1,5,4,5,7,4,4,9,4,5,2,16,1,27,3,10,1,1,7,1,1,8,2,8,,19,,1,22,9,121.5001134,25.12257457
112,4,26,15,31,2,07信義區,信義區福德街115號,0,0,1,2,B02,8,1,5,30,14,9,1,5,4,5,7,4,4,9,4,5,2,13,2,22,3,10,1,1,7,9,1,8,2,6,,44,,1,22,9,121.5821956,25.03731771
112,4,26,15,31,2,07信義區,信義區福德街115號,0,0,1,1,C03,8,1,5,30,14,9,1,5,4,5,7,4,4,9,4,5,2,13,1,33,2,8,1,1,7,9,1,10,2,14,,23,,1,22,9,121.5821956,25.03731771
112,4,26,15,35,2,06松山區,松山區敦化北路與南京東路4段口,0,0,1,1,B03,8,1,5,40,4,1,1,5,4,5,7,2,1,1,4,4,2,15,1,61,3,10,1,1,7,9,1,2,2,6,,42,,1,22,9,121.5491838,25.051662
112,4,26,15,35,2,06松山區,松山區敦化北路與南京東路4段口,0,0,1,2,C03,8,1,5,40,4,1,1,5,4,5,7,2,1,1,4,4,2,15,1,74,2,9,1,1,7,9,3,18,2,11,,44,,1,22,9,121.5491838,25.051662
112,4,26,16,0,2,08士林區,士林區承德路4段與劍潭路口,0,0,1,1,B03,7,1,5,50,4,1,1,5,4,5,7,2,1,3,3,4,1,17,2,54,3,10,1,1,7,5,1,8,2,2,,6,,1,22,9,121.5233699,25.0837658
112,4,26,16,0,2,08士林區,士林區承德路4段與劍潭路口,0,0,1,2,F01,7,1,5,50,4,1,1,5,4,5,7,2,1,3,3,4,1,17,1,30,2,8,2,1,7,9,8,20,2,16,,23,,1,22,9,121.5233699,25.0837658
112,4,26,16,19,2,08士林區,士林區格致路196號,0,0,2,1,C03,8,1,5,40,14,9,1,5,4,5,7,4,4,5,5,5,1,13,1,20,2,9,3,4,7,12,1,10,1,11,,16,,1,22,9,121.5495251,25.14211776
112,4,26,16,19,2,08士林區,士林區格致路196號,0,0,2,3,B03,8,1,5,40,14,9,1,5,4,5,7,4,4,5,5,5,1,13,2,29,3,10,3,4,7,9,1,8,1,2,,44,,1,22,9,121.5495251,25.14211776
112,4,26,16,19,2,08士林區,士林區格致路196號,0,0,2,2,C04,8,1,5,40,14,9,1,5,4,5,7,4,4,5,5,5,1,13,2,52,2,9,3,4,7,9,1,10,1,13,,44,,1,22,9,121.5495251,25.14211776
112,4,26,16,41,2,02萬華區,萬華區成都路與內江街55巷口,0,0,1,2,C03,8,1,5,30,3,1,1,5,4,5,7,4,4,10,4,5,2,16,1,19,2,9,1,4,7,9,1,10,1,14,,44,,1,22,9,121.5053386,25.04280433
112,4,26,16,41,2,02萬華區,萬華區成都路與內江街55巷口,0,0,1,1,B03,8,1,5,30,3,1,1,5,4,5,7,4,4,10,4,5,2,16,1,39,3,10,1,4,7,5,1,8,1,1,,8,,1,22,9,121.5053386,25.04280433
112,4,26,16,47,2,08士林區,士林區延平北路7段106巷與延平北路7段106巷94弄口,0,0,1,1,B03,7,1,5,30,3,1,1,5,4,5,7,4,4,10,5,5,1,16,1,34,3,10,1,1,7,5,1,8,2,1,,8,,1,22,9,121.4962398,25.099101
112,4,26,16,47,2,08士林區,士林區延平北路7段106巷與延平北路7段106巷94弄口,0,0,1,2,C03,7,1,5,30,3,1,1,5,4,5,7,4,4,10,5,5,1,16,1,37,2,9,1,1,7,9,1,10,2,14,,13,,1,22,9,121.4962398,25.099101
112,4,26,16,48,2,07信義區,信義區松仁路與松仁路253巷口,0,0,1,1,B03,7,1,5,50,4,1,1,5,4,5,7,3,1,5,4,5,2,16,1,23,3,10,1,1,7,5,1,8,2,4,,8,,1,22,9,121.5690238,25.0254861
112,4,26,16,48,2,07信義區,信義區松仁路與松仁路253巷口,0,0,1,2,C03,7,1,5,50,4,1,1,5,4,5,7,3,1,5,4,5,2,16,2,26,2,9,1,1,7,9,1,10,2,11,,14,,1,22,9,121.5690238,25.0254861
112,4,26,16,50,2,03中山區,中山區北安路與北安路573巷口口,0,0,1,2,C02,8,1,5,50,4,1,1,5,4,5,7,1,1,1,4,5,2,13,1,26,2,9,3,4,7,9,1,9,1,11,,44,,1,2,9,121.5484436,25.0812821
112,4,26,16,50,2,03中山區,中山區北安路與北安路573巷口口,0,0,1,1,B12,8,1,5,50,4,1,1,5,4,5,7,1,1,1,4,5,2,13,1,39,3,10,3,4,7,6,1,8,1,6,,9,,1,10,9,121.5484436,25.0812821
112,4,26,16,55,2,04大安區,大安區基隆路4段與基隆路4段73巷口,0,0,1,1,B12,7,1,5,40,4,1,1,5,4,5,7,2,1,1,4,4,2,16,1,64,3,10,1,1,7,6,1,7,1,5,,9,,1,22,9,121.5395412,25.0129655
112,4,26,16,55,2,04大安區,大安區基隆路4段與基隆路4段73巷口,0,0,1,2,C03,7,1,5,40,4,1,1,5,4,5,7,2,1,1,4,4,2,16,1,20,2,9,1,1,7,9,1,10,1,14,,23,,1,22,9,121.5395412,25.0129655
112,4,26,17,24,2,06松山區,松山區民權東路4段與光復北路口,0,0,1,1,B03,8,1,5,40,4,1,1,5,4,1,7,1,1,1,4,4,2,16,1,34,3,10,1,1,7,6,1,8,1,7,,9,,1,22,9,121.5545998,25.06184389
112,4,26,17,24,2,06松山區,松山區民權東路4段與光復北路口,0,0,1,2,C03,8,1,5,40,4,1,1,5,4,1,7,1,1,1,4,4,2,16,2,21,2,9,1,1,7,9,1,10,1,14,,44,,1,22,9,121.5545998,25.06184389
112,4,26,17,30,2,11南港區,南港區研究院路2段胡適公園前,0,0,1,1,B12,8,1,5,40,14,9,1,5,4,5,7,4,4,10,5,5,2,12,1,42,3,10,3,4,7,8,1,8,1,4,,7,,1,22,9,121.6175782,25.04005554
112,4,26,17,30,2,11南港區,南港區研究院路2段胡適公園前,0,0,1,2,C03,8,1,5,40,14,9,1,5,4,5,7,4,4,10,5,5,2,12,1,26,2,5,3,4,7,9,1,10,1,14,,44,,1,22,9,121.6175782,25.04005554
112,4,26,17,43,2,10文山區,文山區木柵路3段與木柵路3段49巷口,0,0,2,1,C03,7,1,5,50,14,9,1,5,4,5,7,4,4,5,2,5,2,3,1,48,2,9,1,1,7,9,1,10,2,12,,15,,1,22,9,121.5662191,24.98849796
112,4,26,17,43,2,10文山區,文山區木柵路3段與木柵路3段49巷口,0,0,2,2,H01,7,1,5,50,14,9,1,5,4,5,7,4,4,5,2,5,2,3,1,64,2,9,4,5,8,16,8,20,2,16,,51,,1,22,9,121.5662191,24.98849796
112,4,26,17,45,2,02萬華區,萬華區民和街與民和街80巷口,0,0,1,1,C03,8,3,5,30,4,1,1,5,4,5,7,4,4,10,4,5,2,17,1,62,2,7,1,4,7,5,1,10,1,11,,6,,1,22,9,121.4979443,25.02559934
112,4,26,17,45,2,02萬華區,萬華區民和街與民和街80巷口,0,0,1,2,B03,8,3,5,30,4,1,1,5,4,5,7,4,4,10,4,5,2,17,2,30,3,10,1,4,7,9,1,8,1,2,,44,,1,22,9,121.4979443,25.02559934
112,4,26,17,45,2,08士林區,士林區仰德大道1段6巷與芝玉路1段口,0,0,1,2,B03,7,1,8,30,15,22,1,5,4,5,7,2,1,4,5,5,1,17,1,56,3,10,1,1,7,9,1,8,1,1,,44,,1,22,9,121.5375933,25.10080891
112,4,26,17,45,2,08士林區,士林區仰德大道1段6巷與芝玉路1段口,0,0,1,1,C03,7,1,8,30,15,22,1,5,4,5,7,2,1,4,5,5,1,17,2,27,2,9,1,1,7,5,1,10,1,12,,23,,1,22,9,121.5375933,25.10080891
112,4,26,17,55,2,09北投區,北投區大度路1段往淡水,0,0,2,3,H02,8,3,5,50,14,12,1,5,4,5,7,4,4,9,4,4,2,13,2,21,2,7,1,1,7,20,8,20,10,16,,67,,1,22,9,121.4896644,25.12190928
112,4,26,17,55,2,09北投區,北投區大度路1段往淡水,0,0,2,2,C03,8,3,5,50,14,12,1,5,4,5,7,4,4,9,4,4,2,13,2,42,3,10,1,1,7,9,1,10,1,13,,43,,1,22,9,121.4896644,25.12190928
112,4,26,17,55,2,09北投區,北投區大度路1段往淡水,0,0,2,1,C03,8,3,5,50,14,12,1,5,4,5,7,4,4,9,4,4,2,13,2,21,2,7,1,1,7,9,1,10,1,11,,43,,1,22,9,121.4896644,25.12190928
112,4,26,18,0,2,02萬華區,(中華路北站公車站),0,0,1,1,A02,8,3,7,40,14,10,1,5,4,5,7,4,4,1,3,5,1,9,1,54,3,10,3,4,7,9,1,2,9,15,,43,,2,22,9,121.5091292,25.04544323
112,4,26,18,0,2,02萬華區,(中華路北站公車站),0,0,1,2,H02,8,3,7,40,14,10,1,5,4,5,7,4,4,1,3,5,1,9,2,44,2,9,3,4,7,21,8,20,9,16,,67,,1,22,9,121.5091292,25.04544323
112,4,26,18,13,2,12內湖區,內湖區五分街51號,0,0,1,1,B03,8,3,5,30,14,9,1,5,4,5,7,4,4,7,5,5,1,14,2,63,3,10,1,1,7,2,1,8,1,6,,12,,1,22,9,121.6145202,25.0674319
112,4,26,18,13,2,12內湖區,內湖區五分街51號,0,0,1,2,C03,8,3,5,30,14,9,1,5,4,5,7,4,4,7,5,5,1,14,2,38,2,8,1,1,7,14,1,10,1,11,,44,,1,22,9,121.6145202,25.0674319
112,4,26,18,40,2,03中山區,中山區錦州街30巷與錦州街口,0,0,1,2,C03,8,3,5,50,3,1,1,5,4,5,7,4,4,5,5,5,2,13,2,50,2,9,1,1,7,14,1,10,1,13,,44,,1,22,9,121.5248433,25.06032324
112,4,26,18,40,2,03中山區,中山區錦州街30巷與錦州街口,0,0,1,1,B03,8,3,5,50,3,1,1,5,4,5,7,4,4,5,5,5,2,13,1,54,3,10,3,4,7,9,1,8,1,1,,16,,1,22,9,121.5248433,25.06032324
112,4,26,19,15,2,12內湖區,內湖區成功路2段233號,0,0,1,1,C04,7,3,5,50,14,9,1,5,4,5,7,4,4,1,4,5,1,13,1,23,2,9,1,1,7,9,1,10,1,11,,23,,1,22,9,121.5908204,25.06772222
112,4,26,19,15,2,12內湖區,內湖區成功路2段233號,0,0,1,2,B03,7,3,5,50,14,9,1,5,4,5,7,4,4,1,4,5,1,13,1,34,3,10,1,1,7,14,1,8,1,7,,44,,1,22,9,121.5908204,25.06772222
112,4,26,19,50,2,07信義區,信義區基隆路1段與永吉路口,0,0,3,1,F01,7,3,5,50,4,2,1,5,4,5,7,2,1,1,4,5,2,16,2,67,2,1,2,1,7,6,8,20,1,16,,9,,1,22,9,121.5675155,25.0459713
112,4,26,19,50,2,07信義區,信義區基隆路1段與永吉路口,0,0,3,4,H02,7,3,5,50,4,2,1,5,4,5,7,2,1,1,4,5,2,16,2,22,2,8,1,5,7,20,8,20,10,16,,67,,1,22,9,121.5675155,25.0459713
112,4,26,19,50,2,07信義區,信義區基隆路1段與永吉路口,0,0,3,2,C03,7,3,5,50,4,2,1,5,4,5,7,2,1,1,4,5,2,16,2,29,2,9,1,1,7,9,1,10,2,11,,23,,1,22,9,121.5675155,25.0459713
112,4,26,19,50,2,07信義區,信義區基隆路1段與永吉路口,0,0,3,3,C03,7,3,5,50,4,2,1,5,4,5,7,2,1,1,4,5,2,16,1,22,3,10,1,1,7,9,1,10,2,12,,23,,1,22,9,121.5675155,25.0459713
112,4,26,20,9,2,01大同區,大同區鄭州路與西寧北路口,0,0,1,1,B02,7,3,5,50,4,1,1,5,4,5,7,2,1,5,5,5,2,16,2,23,3,10,1,1,7,5,1,8,2,1,,6,,1,22,9,121.5081774,25.0504336
112,4,26,20,9,2,01大同區,大同區鄭州路與西寧北路口,0,0,1,2,C03,7,3,5,50,4,1,1,5,4,5,7,2,1,5,5,5,2,16,2,47,2,9,1,1,7,9,1,10,2,14,,44,,1,22,9,121.5081774,25.0504336
112,4,26,20,17,2,02萬華區,萬華區忠孝西路2段與昆明街口,0,0,1,1,B02,8,3,5,50,4,1,4,5,4,5,7,1,1,9,5,5,2,15,1,31,3,10,1,1,7,9,1,8,1,1,,25,,1,22,9,121.5064266,25.0487633
112,4,26,20,17,2,02萬華區,萬華區忠孝西路2段與昆明街口,0,0,1,3,H02,8,3,5,50,4,1,4,5,4,5,7,1,1,9,5,5,2,15,2,76,2,9,1,5,7,20,8,20,10,16,,67,,1,22,9,121.5064266,25.0487633
112,4,26,20,17,2,02萬華區,萬華區忠孝西路2段與昆明街口,0,0,1,2,B03,8,3,5,50,4,1,4,5,4,5,7,1,1,9,5,5,2,15,2,41,3,10,1,1,7,9,1,8,1,4,,44,,1,22,9,121.5064266,25.0487633
112,4,26,21,16,2,06松山區,松山區麥帥一橋102燈桿,0,0,2,1,C04,8,3,5,40,14,11,1,5,4,5,7,4,4,1,3,5,2,18,2,18,2,9,3,4,7,9,1,10,1,14,,43,,1,22,9,121.5701039,25.0514337
112,4,26,21,16,2,06松山區,松山區麥帥一橋102燈桿,0,0,2,3,H02,8,3,5,40,14,11,1,5,4,5,7,4,4,1,3,5,2,18,2,18,2,9,3,4,7,20,8,20,10,16,,67,,1,22,9,121.5701039,25.0514337
112,4,26,21,16,2,06松山區,松山區麥帥一橋102燈桿,0,0,2,2,,8,3,5,40,14,11,1,5,4,5,7,4,4,1,3,5,2,18,3,0,,,,,,,,,,,,67,,1,,,121.5701039,25.0514337
112,4,26,21,30,2,09北投區,北投區大度路2段055燈桿,0,0,4,1,C03,8,4,5,0,14,12,1,5,4,5,7,4,4,1,4,3,1,13,1,21,2,9,1,1,7,9,1,10,1,11,,16,,1,22,9,121.478369,25.122366
112,4,26,21,30,2,09北投區,北投區大度路2段055燈桿,0,0,4,2,C03,8,4,5,0,14,12,1,5,4,5,7,4,4,1,4,3,1,13,1,21,2,9,1,1,7,9,1,10,1,13,,44,,1,22,9,121.478369,25.122366
112,4,26,21,30,2,09北投區,北投區大度路2段055燈桿,0,0,4,4,H02,8,4,5,0,14,12,1,5,4,5,7,4,4,1,4,3,1,13,2,21,2,9,1,5,7,21,8,20,9,16,,67,,1,22,9,121.478369,25.122366
112,4,26,21,30,2,09北投區,北投區大度路2段055燈桿,0,0,4,3,C03,8,4,5,0,14,12,1,5,4,5,7,4,4,1,4,3,1,13,1,27,2,9,1,1,7,9,3,18,1,13,,44,,1,22,9,121.478369,25.122366
112,4,26,22,0,2,07信義區,信義區松德路245號,0,0,2,2,C03,7,3,5,30,14,8,1,5,4,5,7,4,4,1,4,4,2,16,1,34,2,8,1,1,7,9,1,9,2,11,,43,,1,22,9,121.5746262,25.0340793
112,4,26,22,0,2,07信義區,信義區松德路245號,0,0,2,1,C03,7,3,5,30,14,8,1,5,4,5,7,4,4,1,4,4,2,16,2,61,2,8,1,1,7,1,1,10,2,13,,43,,1,22,9,121.5746262,25.0340793
112,4,26,22,31,2,06松山區,松山區健康路與寶清街口,0,0,1,1,B03,8,3,5,50,4,1,1,5,4,5,7,1,1,8,3,5,1,16,1,25,3,10,3,1,7,6,1,8,1,5,,9,,1,22,9,121.5673752,25.05428208
112,4,26,22,31,2,06松山區,松山區健康路與寶清街口,0,0,1,2,C03,8,3,5,50,4,1,1,5,4,5,7,1,1,8,3,5,1,16,1,21,2,9,3,1,7,9,1,10,1,14,,44,,1,22,9,121.5673752,25.05428208
112,4,26,23,3,2,03中山區,中山區市民大道2段與林森北路口,0,0,2,1,C03,8,3,5,40,4,1,1,5,4,5,7,2,1,1,4,5,2,16,2,22,2,5,3,4,7,5,1,10,1,14,,44,,1,22,9,121.5242218,25.04794122
112,4,26,23,3,2,03中山區,中山區市民大道2段與林森北路口,0,0,2,2,C03,8,3,5,40,4,1,1,5,4,5,7,2,1,1,4,5,2,16,1,23,2,8,3,4,7,9,1,10,1,11,,16,,1,22,9,121.5242218,25.04794122
112,4,26,23,16,2,03中山區,中山區民生東路1段與新生北路2段口,0,0,1,2,C03,8,3,5,50,4,1,1,5,4,5,7,1,1,5,4,5,2,16,2,58,2,9,1,1,7,9,1,10,1,11,,44,,1,22,9,121.5274055,25.05800106
112,4,26,23,16,2,03中山區,中山區民生東路1段與新生北路2段口,0,0,1,1,C03,8,3,5,50,4,1,1,5,4,5,7,1,1,5,4,5,2,16,2,20,3,10,1,1,7,6,1,10,1,13,,9,,1,22,9,121.5274055,25.05800106
112,4,26,23,23,2,08士林區,士林區中山北路6段9號,0,0,1,1,C03,7,3,5,50,14,9,1,5,4,5,7,4,4,1,4,5,2,13,1,25,2,7,1,1,7,9,1,10,1,11,,23,,1,22,9,121.5252314,25.10298232