發生年度,發生月,發生日,發生時-Hours,發生分,處理別-編號,區序,肇事地點,死亡人數,2-30日死亡人數,受傷人數,當事人序號,車種,天候,光線,道路類別,速限-速度限制,道路型態,事故位置,路面狀況1,路面狀況2,路面狀況3,道路障礙1,道路障礙2,號誌1,號誌2,車道劃分-分向,車道劃分-分道1,車道劃分-分道2,車道劃分-分道3,事故類型及型態,性別,年齡,受傷程度,主要傷處,保護裝置,行動電話,車輛用途,當事者行動狀態,駕駛資格情形,駕駛執照種類,飲酒情形,車輛撞擊部位1,車輛撞擊部位2,肇因碼-個別,肇因碼-主要,個人肇逃否,職業,旅次目的,座標-X,座標-Y
112,4,26,23,23,2,08士林區,士林區中山北路6段9號,0,0,1,2,B12,7,3,5,50,14,9,1,5,4,5,7,4,4,1,4,5,2,13,1,67,3,10,1,1,7,9,1,8,1,7,,44,,1,22,9,121.5252314,25.10298232
112,4,27,3,0,2,07信義區,信義區福德街與林口街口,0,0,1,2,,8,3,5,50,4,1,1,5,4,5,7,2,1,1,4,5,2,21,3,0,,,,,,,,,,,,67,,1,,,121.5789648,25.0363483
112,4,27,3,0,2,07信義區,信義區福德街與林口街口,0,0,1,1,B02,8,3,5,50,4,1,1,5,4,5,7,2,1,1,4,5,2,21,2,47,2,1,1,1,7,9,1,8,2,1,,23,,1,22,9,121.5789648,25.0363483
112,4,27,3,41,2,02萬華區,萬華區中華路1段與洛陽街口,0,0,1,2,B01,8,3,5,50,4,1,1,5,4,5,7,1,1,1,5,5,2,17,1,63,3,10,1,1,7,8,1,4,1,3,,7,,1,22,9,121.5094662,25.04700674
112,4,27,3,41,2,02萬華區,萬華區中華路1段與洛陽街口,0,0,1,1,C03,8,3,5,50,4,1,1,5,4,5,7,1,1,1,5,5,2,17,1,27,2,9,1,1,7,9,1,10,1,11,,23,,1,22,9,121.5094662,25.04700674
112,4,27,4,20,2,05中正區,中正區永福橋往永和,0,0,1,2,F01,8,3,5,50,14,9,1,5,4,5,7,4,4,5,4,5,2,13,1,41,2,1,2,1,7,9,8,20,2,16,,44,,1,22,9,121.5274609,25.0110265
112,4,27,4,20,2,05中正區,中正區永福橋往永和,0,0,1,1,B12,8,3,5,50,14,9,1,5,4,5,7,4,4,5,4,5,2,13,1,43,3,10,1,1,7,9,1,8,2,1,,23,,1,22,9,121.5274609,25.0110265
112,4,27,6,0,2,11南港區,南港區舊莊街2段10巷1號,0,0,1,2,,8,1,5,30,11,9,1,5,4,5,7,4,4,10,5,5,2,18,3,0,,,,,,,,,,,,67,,1,,,121.6254101,25.0374666
112,4,27,6,0,2,11南港區,南港區舊莊街2段10巷1號,0,0,1,1,C03,8,1,5,30,11,9,1,5,4,5,7,4,4,10,5,5,2,18,1,17,2,9,1,1,7,9,2,18,1,12,,42,,1,22,9,121.6254101,25.0374666
112,4,27,6,31,2,05中正區,中正區中華路1段9巷與中華路口側附近1段口口,0,0,1,1,B03,8,1,5,50,4,2,1,5,4,5,7,1,1,1,4,5,1,12,2,34,3,10,1,1,7,9,1,8,2,2,,44,,1,22,9,121.5098765,25.0470099
112,4,27,6,31,2,05中正區,中正區中華路1段9巷與中華路口側附近1段口口,0,0,1,2,C03,8,1,5,50,4,2,1,5,4,5,7,1,1,1,4,5,1,12,2,33,2,9,1,1,7,7,1,10,2,14,,7,,1,22,9,121.5098765,25.0470099
112,4,27,6,54,2,11南港區,南港區南港路1段與經貿一路口,0,0,1,2,B03,8,1,5,50,5,2,1,5,4,5,7,2,1,1,4,5,2,12,1,56,3,10,1,1,7,9,1,8,2,5,,23,,1,22,9,121.6189258,25.054859
112,4,27,6,54,2,11南港區,南港區南港路1段與經貿一路口,0,0,1,1,C03,8,1,5,50,5,2,1,5,4,5,7,2,1,1,4,5,2,12,2,44,2,9,1,1,7,9,1,10,2,14,,44,,1,22,9,121.6189258,25.054859
112,4,27,7,15,2,12內湖區,內湖區舊宗路1段與新湖一路口,0,0,1,1,B03,6,1,5,50,4,1,1,4,4,5,7,1,1,1,4,5,1,11,2,59,3,10,3,4,7,5,1,8,1,1,,44,,1,22,9,121.58089,25.0579335
112,4,27,7,15,2,12內湖區,內湖區舊宗路1段與新湖一路口,0,0,1,2,C03,6,1,5,50,4,1,1,4,4,5,7,1,1,1,4,5,1,11,1,38,2,9,3,4,7,9,1,10,1,14,,25,,1,22,9,121.58089,25.0579335
112,4,27,7,24,2,06松山區,松山區復興北路57號,0,0,1,1,C03,7,1,5,50,14,9,1,5,4,5,7,4,4,3,5,5,2,13,2,38,2,9,1,4,7,9,1,10,1,12,,23,,1,22,9,121.5441136,25.05046992
112,4,27,7,24,2,06松山區,松山區復興北路57號,0,0,1,2,B01,7,1,5,50,14,9,1,5,4,5,7,4,4,3,5,5,2,13,1,49,3,10,3,4,7,9,1,8,1,7,,44,,1,22,9,121.5441136,25.05046992
112,4,27,7,56,2,04大安區,大安區羅斯福路4段21號,0,0,1,1,C03,8,1,5,50,14,9,1,5,4,5,7,4,4,1,4,5,2,12,1,45,3,10,1,1,7,7,1,10,1,14,,7,,1,22,9,121.5348959,25.0143944
112,4,27,7,56,2,04大安區,大安區羅斯福路4段21號,0,0,1,2,B03,8,1,5,50,14,9,1,5,4,5,7,4,4,1,4,5,2,12,1,58,3,10,1,1,7,8,1,8,1,5,,7,,1,22,9,121.5348959,25.0143944
112,4,27,7,56,2,04大安區,大安區羅斯福路4段21號,0,0,1,3,H02,8,1,5,50,14,9,1,5,4,5,7,4,4,1,4,5,2,12,2,33,2,8,1,5,7,20,8,20,10,16,,67,,1,22,9,121.5348959,25.0143944
112,4,27,8,3,2,08士林區,士林區中山北路6段161號,0,0,1,2,C03,8,1,5,50,14,9,1,5,4,5,7,4,4,1,5,5,1,13,1,53,2,8,1,1,7,9,1,10,2,11,,23,,1,22,9,121.5249189,25.10700926
112,4,27,8,3,2,08士林區,士林區中山北路6段161號,0,0,1,1,C03,8,1,5,50,14,9,1,5,4,5,7,4,4,1,5,5,1,13,2,28,3,10,1,1,7,14,1,10,2,13,,16,,1,22,9,121.5249189,25.10700926
112,4,27,8,4,2,12內湖區,內湖區瑞光路26巷與瑞光路口,0,0,2,2,C03,8,1,5,50,3,1,1,5,4,5,7,2,1,1,4,5,2,13,1,35,2,5,1,1,7,5,1,10,2,13,,44,,1,22,9,121.5833546,25.06977531
112,4,27,8,4,2,12內湖區,內湖區瑞光路26巷與瑞光路口,0,0,2,1,F03,8,1,5,50,3,1,1,5,4,5,7,2,1,1,4,5,2,13,2,60,2,9,1,1,7,9,8,20,9,16,,23,,2,22,9,121.5833546,25.06977531
112,4,27,8,5,2,11南港區,南港區南港路3段49號,0,0,2,1,C03,8,1,5,50,14,9,1,5,4,5,7,4,4,10,5,5,2,17,2,35,2,9,3,4,7,9,1,10,1,11,,23,,1,22,9,121.590142,25.0535104
112,4,27,8,5,2,11南港區,南港區南港路3段49號,0,0,2,2,B01,8,1,5,50,14,9,1,5,4,5,7,4,4,10,5,5,2,17,1,61,3,10,3,4,7,14,1,4,1,3,,44,,1,22,9,121.590142,25.0535104
112,4,27,8,5,2,11南港區,南港區南港路3段49號,0,0,2,3,C03,8,1,5,50,14,9,1,5,4,5,7,4,4,10,5,5,2,17,1,41,2,9,3,4,7,9,1,10,1,11,,44,,1,22,9,121.590142,25.0535104
112,4,27,8,8,2,07信義區,信義區忠孝東路5段372巷28弄,0,0,1,3,H02,7,1,5,30,14,9,1,5,4,5,7,4,4,10,5,5,1,17,2,47,3,10,3,5,7,19,8,20,1,16,,56,,1,22,9,121.5723768,25.0389974
112,4,27,8,8,2,07信義區,信義區忠孝東路5段372巷28弄,0,0,1,2,F01,7,1,5,30,14,9,1,5,4,5,7,4,4,10,5,5,1,17,1,29,2,9,3,1,7,9,8,20,1,16,,44,,1,22,9,121.5723768,25.0389974
112,4,27,8,8,2,07信義區,信義區忠孝東路5段372巷28弄,0,0,1,1,B12,7,1,5,30,14,9,1,5,4,5,7,4,4,10,5,5,1,17,1,51,3,10,3,4,7,14,1,8,1,6,,40,,1,22,9,121.5723768,25.0389974
112,4,27,8,33,2,04大安區,大安區通化街171巷與通化街170巷口,0,0,1,2,B03,8,1,5,50,4,1,1,5,4,5,7,1,1,10,5,5,2,11,1,49,3,10,1,1,7,9,1,8,1,1,,44,,1,22,9,121.5535445,25.0281181
112,4,27,8,33,2,04大安區,大安區通化街171巷與通化街170巷口,0,0,1,1,C03,8,1,5,50,4,1,1,5,4,5,7,1,1,10,5,5,2,11,1,38,2,9,1,1,7,5,1,10,1,14,,6,,1,22,9,121.5535445,25.0281181
112,4,27,8,38,2,08士林區,士林區至善路2段與故宮前道路,0,0,1,2,C03,7,1,5,50,3,1,1,5,4,5,7,3,1,1,4,5,2,17,2,23,2,9,1,1,7,9,1,10,1,11,,44,,1,22,9,121.5500452,25.10004039
112,4,27,8,38,2,08士林區,士林區至善路2段與故宮前道路,0,0,1,1,B03,7,1,5,50,3,1,1,5,4,5,7,3,1,1,4,5,2,17,1,76,3,10,1,1,7,5,1,8,1,2,,8,,1,22,9,121.5500452,25.10004039
112,4,27,8,42,2,02萬華區,萬華區艋舺大道167號,0,0,1,3,C03,7,1,5,50,14,8,1,5,4,5,7,4,4,9,4,5,2,17,1,42,3,10,1,1,7,9,1,10,1,12,,17,,1,22,9,121.4992515,25.03305152
112,4,27,8,42,2,02萬華區,萬華區艋舺大道167號,0,0,1,2,C03,7,1,5,50,14,8,1,5,4,5,7,4,4,9,4,5,2,17,1,22,2,9,1,1,7,7,1,10,1,14,12,7,,1,22,9,121.4992515,25.03305152
112,4,27,8,42,2,02萬華區,萬華區艋舺大道167號,0,0,1,1,B03,7,1,5,50,14,8,1,5,4,5,7,4,4,9,4,5,2,17,1,66,3,10,1,1,7,9,1,8,1,15,,42,,1,22,9,121.4992515,25.03305152
112,4,27,8,43,2,03中山區,中山區民權東路1段往東中山國小捷運站4號出口對面,0,0,3,4,,8,1,5,50,14,9,1,5,4,5,7,4,4,2,4,5,2,12,3,0,,,,,,,,,,,,67,,1,,,121.5267875,25.06259334
112,4,27,8,43,2,03中山區,中山區民權東路1段往東中山國小捷運站4號出口對面,0,0,3,2,C03,8,1,5,50,14,9,1,5,4,5,7,4,4,2,4,5,2,12,1,34,2,9,1,1,7,9,1,10,1,14,12,44,,1,22,9,121.5267875,25.06259334
112,4,27,8,43,2,03中山區,中山區民權東路1段往東中山國小捷運站4號出口對面,0,0,3,1,C03,8,1,5,50,14,9,1,5,4,5,7,4,4,2,4,5,2,12,1,20,2,9,1,1,7,7,1,10,1,12,14,7,,1,22,9,121.5267875,25.06259334
112,4,27,8,43,2,03中山區,中山區民權東路1段往東中山國小捷運站4號出口對面,0,0,3,3,H02,8,1,5,50,14,9,1,5,4,5,7,4,4,2,4,5,2,12,2,34,2,9,1,5,7,20,8,20,10,16,,67,,1,22,9,121.5267875,25.06259334
112,4,27,8,48,2,04大安區,大安區市民大道4段138-1號,0,0,1,2,B12,8,1,5,40,14,9,1,5,4,5,7,4,4,10,4,5,2,13,1,64,3,10,1,1,7,13,1,8,1,3,,38,,1,22,9,121.5515928,25.04441409
112,4,27,8,48,2,04大安區,大安區市民大道4段138-1號,0,0,1,1,C03,8,1,5,40,14,9,1,5,4,5,7,4,4,10,4,5,2,13,1,43,2,9,1,1,7,9,1,10,1,11,,23,,1,22,9,121.5515928,25.04441409
112,4,27,8,50,2,01大同區,大同區錦西街與雙連街口,0,0,3,1,C03,6,1,5,30,3,1,1,4,4,5,7,3,1,5,5,5,2,16,1,76,2,9,1,1,7,5,1,10,2,11,,8,,1,22,9,121.5188024,25.0602178
112,4,27,8,50,2,01大同區,大同區錦西街與雙連街口,0,0,3,2,C03,6,1,5,30,3,1,1,4,4,5,7,3,1,5,5,5,2,16,1,26,2,9,1,1,7,9,1,10,2,12,,14,,1,22,9,121.5188024,25.0602178
112,4,27,8,50,2,01大同區,大同區錦西街與雙連街口,0,0,3,3,H02,6,1,5,30,3,1,1,4,4,5,7,3,1,5,5,5,2,16,1,30,2,7,1,5,7,20,8,20,10,15,,67,,1,22,9,121.5188024,25.0602178
112,4,27,8,58,2,10文山區,文山區指南路1段118號,0,0,1,1,C03,8,1,5,30,14,9,1,5,4,5,7,4,4,10,5,5,2,17,2,38,3,10,1,1,7,4,1,10,2,15,,1,,1,22,9,121.5717473,24.9871902
112,4,27,8,58,2,10文山區,文山區指南路1段118號,0,0,1,2,C03,8,1,5,30,14,9,1,5,4,5,7,4,4,10,5,5,2,17,1,37,2,8,1,1,7,9,1,10,2,12,,42,,1,22,9,121.5717473,24.9871902
112,4,27,9,0,2,12內湖區,內湖區民權大橋自內湖端始至第7之燈桿處,0,0,1,2,C03,6,1,5,50,8,11,1,4,4,5,7,4,4,1,4,5,1,12,2,39,3,10,3,4,7,9,1,10,1,14,,44,,1,22,9,121.5736472,25.06529806
112,4,27,9,0,2,12內湖區,內湖區民權大橋自內湖端始至第7之燈桿處,0,0,1,1,C03,6,1,5,50,8,11,1,4,4,5,7,4,4,1,4,5,1,12,2,23,2,9,3,4,7,7,1,10,1,12,,23,,1,22,9,121.5736472,25.06529806
112,4,27,9,4,2,07信義區,信義區林口街38巷23號,0,0,1,2,B03,7,1,5,30,14,9,1,5,4,5,7,4,4,10,5,5,2,16,1,46,3,10,1,1,7,9,1,8,1,5,,44,,1,22,9,121.580254,25.038313
112,4,27,9,4,2,07信義區,信義區林口街38巷23號,0,0,1,3,B02,7,1,5,30,14,9,1,5,4,5,7,4,4,10,5,5,2,16,3,0,,,,,,,,,,,,67,,1,,,121.580254,25.038313
112,4,27,9,4,2,07信義區,信義區林口街38巷23號,0,0,1,1,C03,7,1,5,30,14,9,1,5,4,5,7,4,4,10,5,5,2,16,2,34,2,8,1,1,7,1,1,10,1,11,,19,,1,22,9,121.580254,25.038313
112,4,27,9,5,2,03中山區,中山區新生北路3段42號,0,0,2,2,H01,7,1,5,50,14,9,1,5,4,5,7,4,4,1,4,5,2,3,1,66,2,9,4,5,8,16,8,20,10,16,,51,,1,22,9,121.5275649,25.06428163
112,4,27,9,5,2,03中山區,中山區新生北路3段42號,0,0,2,1,C03,7,1,5,50,14,9,1,5,4,5,7,4,4,1,4,5,2,3,1,18,2,7,1,1,7,9,1,10,1,11,,23,,1,22,9,121.5275649,25.06428163
112,4,27,9,26,2,01大同區,大同區承德路2段104號,0,0,2,2,C03,8,1,5,50,14,9,1,5,4,5,7,2,1,1,4,5,2,12,1,63,2,7,3,4,7,8,1,10,1,12,,7,,1,22,9,121.5180877,25.05854054
112,4,27,9,26,2,01大同區,大同區承德路2段104號,0,0,2,1,C03,8,1,5,50,14,9,1,5,4,5,7,2,1,1,4,5,2,12,1,21,2,9,3,4,7,9,1,10,1,11,,13,,1,22,9,121.5180877,25.05854054
112,4,27,9,31,2,12內湖區,內湖區東湖路135號,0,0,2,1,C03,8,1,5,50,14,9,1,5,4,5,7,4,4,5,4,5,2,13,1,30,2,7,1,1,7,9,1,10,1,11,,16,,1,22,9,121.6168222,25.06813069
112,4,27,9,31,2,12內湖區,內湖區東湖路135號,0,0,2,2,C03,8,1,5,50,14,9,1,5,4,5,7,4,4,5,4,5,2,13,1,27,2,8,1,1,7,9,1,10,1,13,,44,,1,22,9,121.6168222,25.06813069
112,4,27,9,33,2,04大安區,大安區東豐街與敦化南路1段口,0,0,1,2,C03,8,1,5,50,3,1,1,5,4,5,7,4,4,1,4,5,2,17,1,25,2,9,1,1,7,7,1,10,1,14,,13,,1,22,9,121.5485873,25.0359547
112,4,27,9,33,2,04大安區,大安區東豐街與敦化南路1段口,0,0,1,1,B03,8,1,5,50,3,1,1,5,4,5,7,4,4,1,4,5,2,17,1,63,4,11,3,4,7,15,7,19,11,15,,6,,2,22,9,121.5485873,25.0359547
112,4,27,9,45,2,09北投區,北投區承德路6段與福國路口,0,0,1,2,C03,8,1,5,50,4,1,1,5,4,5,7,2,1,1,4,5,2,15,1,32,2,9,1,1,7,9,1,9,1,11,,44,,1,22,9,121.5121943,25.10159403
112,4,27,9,45,2,09北投區,北投區承德路6段與福國路口,0,0,1,1,B03,8,1,5,50,4,1,1,5,4,5,7,2,1,1,4,5,2,15,1,38,3,10,1,1,7,9,1,8,1,6,,25,,1,22,9,121.5121943,25.10159403
112,4,27,9,53,2,10文山區,文山區萬寧街燈桿0708317號,0,0,2,1,C03,7,1,5,40,11,9,1,4,4,5,7,4,4,5,5,5,2,17,1,20,2,9,3,4,7,15,1,10,2,14,,44,,1,22,9,121.570933,25.00408198
112,4,27,9,53,2,10文山區,文山區萬寧街燈桿0708317號,0,0,2,3,H02,7,1,5,40,11,9,1,4,4,5,7,4,4,5,5,5,2,17,2,22,2,9,3,5,7,21,8,20,10,16,,67,,1,22,9,121.570933,25.00408198
112,4,27,9,53,2,10文山區,文山區萬寧街燈桿0708317號,0,0,2,2,A12,7,1,5,40,11,9,1,4,4,5,7,4,4,5,5,5,2,17,1,58,3,10,3,4,7,15,1,7,9,15,,37,,1,22,9,121.570933,25.00408198
112,4,27,10,24,2,03中山區,中山區大佳河濱公園公共廁所前,0,0,2,1,F01,7,1,8,0,15,22,1,5,4,5,7,4,4,9,5,5,2,9,1,69,2,9,1,1,7,9,8,20,1,15,,23,,1,22,9,121.5430949,25.0754958
112,4,27,10,24,2,03中山區,中山區大佳河濱公園公共廁所前,0,0,2,2,H01,7,1,8,0,15,22,1,5,4,5,7,4,4,9,5,5,2,9,2,6,2,9,4,5,8,16,8,20,10,16,,53,,1,22,9,121.5430949,25.0754958
112,4,27,10,46,2,03中山區,中山區復興北路與興安街口,0,0,1,2,B03,8,1,5,50,4,2,1,5,4,5,7,2,1,1,4,5,2,13,1,50,3,10,1,1,7,9,1,8,1,6,,44,,1,22,9,121.5440576,25.0563858
112,4,27,10,46,2,03中山區,中山區復興北路與興安街口,0,0,1,1,C03,8,1,5,50,4,2,1,5,4,5,7,2,1,1,4,5,2,13,2,28,2,9,1,1,7,9,1,10,1,11,,23,,1,22,9,121.5440576,25.0563858
112,4,27,11,0,2,03中山區,中山區中山北路1段與長安西路口,0,0,2,2,C03,8,1,5,50,4,2,1,5,4,5,7,1,1,5,4,5,2,16,2,34,2,7,1,4,7,9,1,10,1,14,,44,,1,22,9,121.521411,25.0498387
112,4,27,11,0,2,03中山區,中山區中山北路1段與長安西路口,0,0,2,1,C03,8,1,5,50,4,2,1,5,4,5,7,1,1,5,4,5,2,16,1,29,2,8,1,4,7,6,1,10,1,12,,9,,1,22,9,121.521411,25.0498387
112,4,27,11,10,2,09北投區,北投區自強街31巷與自強街61巷口,0,0,1,1,C03,8,1,5,30,14,9,1,5,4,5,7,4,4,9,4,5,2,16,1,50,3,10,1,1,7,9,1,10,1,12,,6,,1,22,9,121.5227203,25.11625671
112,4,27,11,10,2,09北投區,北投區自強街31巷與自強街61巷口,0,0,1,2,C03,8,1,5,30,14,9,1,5,4,5,7,4,4,9,4,5,2,16,2,76,2,9,1,1,7,9,1,10,1,14,,44,,1,22,9,121.5227203,25.11625671
112,4,27,11,21,2,05中正區,中正區中山北路1段與北平西路口,0,0,2,1,B01,7,1,5,50,4,2,1,5,4,5,7,1,1,1,4,5,2,17,1,36,2,6,1,4,7,7,1,4,1,6,,26,,1,10,9,121.519991,25.0473256
112,4,27,11,21,2,05中正區,中正區中山北路1段與北平西路口,0,0,2,2,B01,7,1,5,50,4,2,1,5,4,5,7,1,1,1,4,5,2,17,1,63,2,3,1,4,7,9,1,4,1,8,,23,,1,10,9,121.519991,25.0473256
112,4,27,11,30,2,03中山區,中山區松江路115號,0,0,2,1,C03,7,1,5,50,14,9,1,5,4,5,7,4,4,3,4,5,2,16,2,30,2,7,1,1,7,9,1,10,1,11,,44,,1,22,9,121.5331233,25.05161649
112,4,27,11,30,2,03中山區,中山區松江路115號,0,0,2,2,C03,7,1,5,50,14,9,1,5,4,5,7,4,4,3,4,5,2,16,1,36,2,7,1,1,7,6,1,10,1,13,,6,,1,22,9,121.5331233,25.05161649
112,4,27,11,30,2,09北投區,北投區承德路7段393巷與公館路口,0,0,1,1,C03,8,1,5,50,4,1,1,5,4,5,7,2,1,1,4,4,2,18,2,26,2,9,1,1,7,12,1,10,1,12,,42,,1,22,9,121.5014286,25.1194442
112,4,27,11,30,2,09北投區,北投區承德路7段393巷與公館路口,0,0,1,2,,8,1,5,50,4,1,1,5,4,5,7,2,1,1,4,4,2,18,3,0,,,,,,,,,,,,67,,1,,,121.5014286,25.1194442
112,4,27,12,17,2,03中山區,中山區林森北路與長春路口,0,0,1,1,B03,7,1,5,50,4,2,1,5,4,5,7,2,1,5,4,5,2,16,1,66,3,10,3,4,7,11,1,8,1,5,,10,,1,22,9,121.5254083,25.0548508
112,4,27,12,17,2,03中山區,中山區林森北路與長春路口,0,0,1,2,C03,7,1,5,50,4,2,1,5,4,5,7,2,1,5,4,5,2,16,1,26,2,9,1,4,7,9,1,10,1,11,,44,,1,22,9,121.5254083,25.0548508
112,4,27,13,13,2,08士林區,士林區凱旋路61巷4弄文大籃球場旁,0,0,1,2,C03,8,1,5,50,14,9,1,5,4,5,7,4,4,5,5,5,1,16,1,21,2,8,1,1,7,5,1,10,9,15,,8,,1,21,8,121.540178,25.13481094
112,4,27,13,13,2,08士林區,士林區凱旋路61巷4弄文大籃球場旁,0,0,1,1,C03,8,1,5,50,14,9,1,5,4,5,7,4,4,5,5,5,1,16,1,58,4,11,3,4,7,15,7,19,11,15,,1,,2,22,9,121.540178,25.13481094
112,4,27,13,40,2,08士林區,士林區中山北路5段與劍潭路口,0,0,2,2,C03,8,1,5,50,3,1,1,5,4,5,7,4,4,1,4,5,1,17,1,46,3,10,1,1,7,13,1,10,1,14,,38,,1,22,9,121.5253488,25.08377861
112,4,27,13,40,2,08士林區,士林區中山北路5段與劍潭路口,0,0,2,3,C03,8,1,5,50,3,1,1,5,4,5,7,4,4,1,4,5,1,17,1,43,3,10,1,1,7,8,1,10,1,12,,17,,1,22,9,121.5253488,25.08377861
112,4,27,13,40,2,08士林區,士林區中山北路5段與劍潭路口,0,0,2,4,C03,8,1,5,50,3,1,1,5,4,5,7,4,4,1,4,5,1,17,2,25,2,9,1,1,7,9,1,10,1,14,,44,,1,22,9,121.5253488,25.08377861
112,4,27,13,40,2,08士林區,士林區中山北路5段與劍潭路口,0,0,2,1,C03,8,1,5,50,3,1,1,5,4,5,7,4,4,1,4,5,1,17,1,34,2,9,1,1,7,9,1,10,1,12,,23,,1,22,9,121.5253488,25.08377861
112,4,27,14,7,2,09北投區,北投區吉利街與承德路7段口,0,0,1,1,C03,8,1,5,60,14,9,1,5,4,5,7,4,4,9,4,4,2,12,2,18,2,8,1,1,7,7,1,10,1,14,,7,,1,22,9,121.5037262,25.11771437
112,4,27,14,7,2,09北投區,北投區吉利街與承德路7段口,0,0,1,2,B03,8,1,5,60,14,9,1,5,4,5,7,4,4,9,4,4,2,12,1,24,3,10,1,1,7,9,1,8,1,2,,44,,1,22,9,121.5037262,25.11771437
112,4,27,14,7,2,09北投區,北投區吉利街與承德路7段口,0,0,1,3,B03,8,1,5,60,14,9,1,5,4,5,7,4,4,9,4,4,2,12,1,43,3,10,1,1,7,8,1,8,11,15,,44,,2,22,9,121.5037262,25.11771437
112,4,27,14,16,2,02萬華區,萬華區西寧南路與成都路口,0,0,1,1,B12,7,1,5,50,4,1,1,5,4,5,7,2,1,8,3,5,1,1,2,46,3,10,3,4,7,5,1,8,1,1,,15,,1,22,9,121.5059293,25.0426743
112,4,27,14,16,2,02萬華區,萬華區西寧南路與成都路口,0,0,1,2,H01,7,1,5,50,4,1,1,5,4,5,7,2,1,8,3,5,1,1,2,84,2,9,4,5,8,16,8,20,10,16,,67,,1,22,9,121.5059293,25.0426743
112,4,27,14,36,2,01大同區,大同區重慶北路3段與敦煌路口,0,0,1,1,C03,7,1,5,0,3,1,1,5,4,5,7,4,4,1,4,5,2,17,1,18,2,9,3,4,7,6,3,18,1,14,,6,,1,22,9,121.5137705,25.07625385
112,4,27,14,36,2,01大同區,大同區重慶北路3段與敦煌路口,0,0,1,2,B03,7,1,5,0,3,1,1,5,4,5,7,4,4,1,4,5,2,17,1,52,3,10,3,4,7,7,1,8,1,2,,13,,1,22,9,121.5137705,25.07625385
112,4,27,14,43,2,02萬華區,萬華區忠孝橋下橋處(往台北市方向),0,0,2,1,C03,8,1,5,50,14,11,1,5,4,5,7,4,4,3,2,3,2,17,1,63,2,9,1,1,7,9,1,10,2,11,12,23,,1,22,9,121.5069713,25.0488669
112,4,27,14,43,2,02萬華區,萬華區忠孝橋下橋處(往台北市方向),0,0,2,2,C03,8,1,5,50,14,11,1,5,4,5,7,4,4,3,2,3,2,17,1,30,2,9,1,1,7,14,1,10,2,13,12,44,,1,22,9,121.5069713,25.0488669
112,4,27,14,44,2,05中正區,中正區重慶南路3段與重慶南路3段174巷附近口,0,0,2,1,C03,8,1,5,30,4,1,1,5,4,5,7,1,1,1,4,5,1,17,1,28,2,8,1,1,7,9,1,10,1,11,,16,,1,22,9,121.5167528,25.0231005
112,4,27,14,44,2,05中正區,中正區重慶南路3段與重慶南路3段174巷附近口,0,0,2,2,C03,8,1,5,30,4,1,1,5,4,5,7,1,1,1,4,5,1,17,1,47,2,9,1,1,7,12,1,9,1,12,,42,,1,22,9,121.5167528,25.0231005
112,4,27,14,44,2,05中正區,中正區重慶南路1段與忠孝西路1段口,0,0,1,1,B12,8,3,5,50,4,1,1,5,4,5,7,1,1,10,4,5,2,13,1,43,3,10,1,1,7,12,1,8,2,1,,25,,1,22,9,121.5132682,25.0474537
112,4,27,14,44,2,05中正區,中正區重慶南路1段與忠孝西路1段口,0,0,1,2,C03,8,3,5,50,4,1,1,5,4,5,7,1,1,10,4,5,2,13,1,33,2,9,1,1,7,12,1,10,2,13,,44,,1,22,9,121.5132682,25.0474537
112,4,27,14,52,2,03中山區,中山區松江路133巷與南京東路2段115巷口,0,0,1,1,B03,8,3,5,30,4,2,1,5,4,5,7,4,4,10,5,5,2,15,1,48,3,10,1,1,7,9,1,8,1,1,,6,,1,22,9,121.5336424,25.0543629
112,4,27,14,52,2,03中山區,中山區松江路133巷與南京東路2段115巷口,0,0,1,2,C03,8,3,5,30,4,2,1,5,4,5,7,4,4,10,5,5,2,15,1,106,2,9,1,1,7,9,1,10,1,12,,23,,1,22,9,121.5336424,25.0543629
112,4,27,15,2,2,05中正區,中正區和平西路1段與廈門街口口,0,0,1,1,B01,8,1,5,50,4,1,1,5,4,5,7,1,1,1,4,5,2,17,2,65,3,10,1,1,7,11,1,4,1,5,,10,,1,22,9,121.5180239,25.02666447
112,4,27,15,2,2,05中正區,中正區和平西路1段與廈門街口口,0,0,1,2,C03,8,1,5,50,4,1,1,5,4,5,7,1,1,1,4,5,2,17,2,20,2,9,1,1,7,9,3,18,1,14,,23,,1,22,9,121.5180239,25.02666447
112,4,27,15,16,2,08士林區,士林區百齡左岸河濱公園與通河西街2段口堤外便道停車場出入口處,0,0,1,1,B03,8,1,5,0,3,2,1,5,4,5,7,4,4,10,5,5,2,16,2,66,3,10,1,1,7,1,1,8,1,1,,19,,1,22,9,121.511395,25.09083216
112,4,27,15,16,2,08士林區,士林區百齡左岸河濱公園與通河西街2段口堤外便道停車場出入口處,0,0,1,2,C03,8,1,5,0,3,2,1,5,4,5,7,4,4,10,5,5,2,16,1,18,2,9,1,1,7,9,1,10,1,12,,13,,1,22,9,121.511395,25.09083216
112,4,27,15,28,2,01大同區,大同區長安西路43號,0,0,1,2,H01,8,1,5,50,3,2,1,5,4,5,7,2,1,9,4,5,2,9,2,27,2,9,4,5,8,17,8,20,1,16,,67,,1,22,9,121.5182085,25.05064011
112,4,27,15,28,2,01大同區,大同區長安西路43號,0,0,1,1,B11,8,1,5,50,3,2,1,5,4,5,7,2,1,9,4,5,2,9,1,33,3,10,3,4,7,11,1,4,1,2,,26,,1,22,9,121.5182085,25.05064011
112,4,27,15,40,2,01大同區,大同區鄭州路與西寧北路口,0,0,2,1,C03,8,1,5,50,4,1,1,5,4,5,7,2,1,1,5,5,2,15,1,45,2,8,1,1,7,9,1,10,1,13,,23,,1,22,9,121.5081134,25.05032149