發生年度,發生月,發生日,發生時-Hours,發生分,處理別-編號,區序,肇事地點,死亡人數,2-30日死亡人數,受傷人數,當事人序號,車種,天候,光線,道路類別,速限-速度限制,道路型態,事故位置,路面狀況1,路面狀況2,路面狀況3,道路障礙1,道路障礙2,號誌1,號誌2,車道劃分-分向,車道劃分-分道1,車道劃分-分道2,車道劃分-分道3,事故類型及型態,性別,年齡,受傷程度,主要傷處,保護裝置,行動電話,車輛用途,當事者行動狀態,駕駛資格情形,駕駛執照種類,飲酒情形,車輛撞擊部位1,車輛撞擊部位2,肇因碼-個別,肇因碼-主要,個人肇逃否,職業,旅次目的,座標-X,座標-Y
112,4,27,15,40,2,01大同區,大同區鄭州路與西寧北路口,0,0,2,2,C03,8,1,5,50,4,1,1,5,4,5,7,2,1,1,5,5,2,15,1,31,2,9,1,1,7,9,1,10,1,11,,44,,1,22,9,121.5081134,25.05032149
112,4,27,15,42,2,04大安區,大安區羅斯福路3段241號,0,0,3,1,C03,8,1,5,50,14,9,1,5,4,5,7,4,4,1,4,5,2,12,1,20,2,9,1,1,7,7,3,18,1,12,,23,,1,22,9,121.5299116,25.01914171
112,4,27,15,42,2,04大安區,大安區羅斯福路3段241號,0,0,3,2,C03,8,1,5,50,14,9,1,5,4,5,7,4,4,1,4,5,2,12,1,21,2,9,1,1,7,7,1,10,1,14,,7,,1,22,9,121.5299116,25.01914171
112,4,27,15,42,2,04大安區,大安區羅斯福路3段241號,0,0,3,3,H02,8,1,5,50,14,9,1,5,4,5,7,4,4,1,4,5,2,12,2,22,2,9,1,5,7,20,8,20,1,15,,67,,1,22,9,121.5299116,25.01914171
112,4,27,15,45,2,06松山區,松山區南京東路4段52巷與寧安街52巷口,0,0,1,1,B03,8,1,5,30,4,1,1,5,4,5,7,4,4,10,5,5,2,15,2,52,3,10,1,1,7,9,1,8,1,8,,6,,1,22,9,121.5536459,25.05047405
112,4,27,15,45,2,06松山區,松山區南京東路4段52巷與寧安街52巷口,0,0,1,2,C03,8,1,5,30,4,1,1,5,4,5,7,4,4,10,5,5,2,15,1,62,2,9,1,1,7,9,1,10,1,11,,14,,1,22,9,121.5536459,25.05047405
112,4,27,16,14,2,02萬華區,萬華區堤外便道往南龍山005號燈桿,0,0,1,1,,8,1,5,40,14,11,1,5,4,5,7,4,4,5,5,5,2,12,4,0,4,11,3,4,7,15,7,19,11,15,,,,2,22,9,121.4982081,25.04057252
112,4,27,16,14,2,02萬華區,萬華區堤外便道往南龍山005號燈桿,0,0,1,2,C03,8,1,5,40,14,11,1,5,4,5,7,4,4,5,5,5,2,12,2,42,2,9,1,1,7,9,1,10,1,11,,,,1,22,9,121.4982081,25.04057252
112,4,27,16,33,2,02萬華區,萬華區西園路1段與艋舺大道口,0,0,1,1,B01,8,1,5,50,4,1,1,5,4,5,7,2,1,3,4,5,2,16,1,66,3,10,1,4,7,6,1,4,2,5,,9,,1,22,9,121.4981792,25.03626044
112,4,27,16,33,2,02萬華區,萬華區西園路1段與艋舺大道口,0,0,1,2,C03,8,1,5,50,4,1,1,5,4,5,7,2,1,3,4,5,2,16,1,35,2,9,1,4,7,9,1,10,2,14,,44,,1,22,9,121.4981792,25.03626044
112,4,27,16,35,2,07信義區,信義區松仁路,0,0,1,1,B01,8,1,5,50,14,9,1,5,4,5,7,4,4,9,4,5,2,12,1,63,3,10,1,1,7,8,1,4,1,2,,27,,1,22,9,121.568383,25.0323702
112,4,27,16,35,2,07信義區,信義區松仁路,0,0,1,2,C03,8,1,5,50,14,9,1,5,4,5,7,4,4,9,4,5,2,12,2,64,2,9,1,1,7,8,1,10,1,14,,7,,1,22,9,121.568383,25.0323702
112,4,27,17,17,2,07信義區,信義區莊敬路325巷1號與莊敬路289巷4弄口,0,0,4,1,C03,7,1,5,30,3,2,1,5,4,5,7,4,4,9,4,5,2,13,1,80,2,9,1,1,7,5,6,18,1,13,,8,,1,22,9,121.5639685,25.0283388
112,4,27,17,17,2,07信義區,信義區莊敬路325巷1號與莊敬路289巷4弄口,0,0,4,2,C03,7,1,5,30,3,2,1,5,4,5,7,4,4,9,4,5,2,13,1,19,2,9,1,1,7,9,1,10,1,11,,23,,1,22,9,121.5639685,25.0283388
112,4,27,17,17,2,07信義區,信義區莊敬路325巷1號與莊敬路289巷4弄口,0,0,4,3,H02,7,1,5,30,3,2,1,5,4,5,7,4,4,9,4,5,2,13,2,77,2,9,1,1,7,20,8,20,10,15,,67,,1,22,9,121.5639685,25.0283388
112,4,27,17,17,2,07信義區,信義區莊敬路325巷1號與莊敬路289巷4弄口,0,0,4,4,H02,7,1,5,30,3,2,1,5,4,5,7,4,4,9,4,5,2,13,2,18,2,9,1,1,7,20,8,20,10,16,,67,,1,22,9,121.5639685,25.0283388
112,4,27,17,20,2,03中山區,中山區市民大道3段與建國南路1段口,0,0,1,1,C03,7,2,5,50,4,1,1,5,4,5,7,1,1,5,4,5,2,16,1,25,3,10,3,4,7,5,6,10,1,14,,8,,1,12,9,121.5368772,25.0447331
112,4,27,17,20,2,03中山區,中山區市民大道3段與建國南路1段口,0,0,1,2,C03,7,2,5,50,4,1,1,5,4,5,7,1,1,5,4,5,2,16,2,37,2,9,3,4,7,9,1,10,1,11,,44,,1,22,9,121.5368772,25.0447331
112,4,27,17,32,2,02萬華區,萬華區和平西路3段與華江橋口下迴轉道,0,0,2,1,C03,8,1,5,50,4,1,1,5,4,5,7,4,4,8,3,5,2,13,1,27,2,9,3,4,7,5,1,10,1,13,,6,,1,22,9,121.4949752,25.0353468
112,4,27,17,32,2,02萬華區,萬華區和平西路3段與華江橋口下迴轉道,0,0,2,2,C03,8,1,5,50,4,1,1,5,4,5,7,4,4,8,3,5,2,13,1,43,2,9,3,4,7,9,1,10,1,11,,44,,1,22,9,121.4949752,25.0353468
112,4,27,17,40,2,12內湖區,內湖區內湖路2段103巷34號前,0,0,1,1,B02,8,1,5,30,14,9,1,5,4,5,7,4,4,9,4,5,2,16,1,30,3,10,1,1,7,11,1,8,2,4,,10,,1,22,9,121.5813316,25.0815522
112,4,27,17,40,2,12內湖區,內湖區內湖路2段103巷34號前,0,0,1,2,C03,8,1,5,30,14,9,1,5,4,5,7,4,4,9,4,5,2,16,1,40,2,9,1,1,7,9,1,10,2,11,,44,,1,22,9,121.5813316,25.0815522
112,4,27,17,45,2,11南港區,南港區昆陽街與昆陽街80巷口,0,0,2,2,F01,8,1,5,50,3,1,1,5,4,5,7,4,4,10,5,5,2,16,1,12,2,9,3,4,7,5,8,20,2,16,,6,,1,22,9,121.5933467,25.05207479
112,4,27,17,45,2,11南港區,南港區昆陽街與昆陽街80巷口,0,0,2,1,C03,8,1,5,50,3,1,1,5,4,5,7,4,4,10,5,5,2,16,1,73,2,9,3,4,7,9,1,10,2,11,,44,,1,22,9,121.5933467,25.05207479
112,4,27,18,0,2,04大安區,大安區師大路31號,0,0,1,1,C03,8,2,5,50,14,9,1,5,4,5,7,4,4,5,5,5,2,17,1,34,2,9,3,4,7,9,1,10,1,11,,42,,1,22,9,121.528573,25.0248579
112,4,27,18,0,2,04大安區,大安區師大路31號,0,0,1,2,B03,8,2,5,50,14,9,1,5,4,5,7,4,4,5,5,5,2,17,1,21,3,10,3,4,7,3,1,8,1,15,,6,,1,22,9,121.528573,25.0248579
112,4,27,18,7,2,04大安區,大安區敦化南路2段與四維路154巷口,0,0,1,1,B03,8,1,5,50,4,2,1,5,4,5,7,1,1,1,4,5,2,9,1,39,3,10,1,1,7,5,1,8,11,1,,15,,2,22,9,121.5485183,25.0308894
112,4,27,18,7,2,04大安區,大安區敦化南路2段與四維路154巷口,0,0,1,2,H01,8,1,5,50,4,2,1,5,4,5,7,1,1,1,4,5,2,9,1,54,2,9,4,5,8,16,8,20,10,16,,67,,1,22,9,121.5485183,25.0308894
112,4,27,18,7,2,06松山區,松山區八德路3段與八德路3段106巷口,0,0,1,1,C03,8,3,5,50,3,1,1,5,4,5,7,2,1,9,4,5,2,11,1,48,3,10,1,1,7,11,1,10,1,12,,10,,1,22,9,121.5535789,25.04819521
112,4,27,18,7,2,06松山區,松山區八德路3段與八德路3段106巷口,0,0,1,2,C03,8,3,5,50,3,1,1,5,4,5,7,2,1,9,4,5,2,11,1,35,2,9,1,1,7,9,6,10,1,11,,42,,1,22,9,121.5535789,25.04819521
112,4,27,18,10,2,11南港區,南港區忠孝東路6段481號,0,0,2,1,C03,8,1,5,40,14,8,1,5,4,5,7,4,4,1,4,4,2,13,1,39,2,9,1,1,7,9,6,10,1,11,,23,,1,22,9,121.5949861,25.0507459
112,4,27,18,10,2,11南港區,南港區忠孝東路6段481號,0,0,2,2,F01,8,1,5,40,14,8,1,5,4,5,7,4,4,1,4,4,2,13,2,33,2,9,2,1,7,9,8,20,1,16,,44,,1,22,9,121.5949861,25.0507459
112,4,27,18,24,2,10文山區,文山區木新路3段與木新路3段310巷口,0,0,1,2,C03,8,3,5,50,4,1,1,5,4,5,7,1,1,7,4,5,2,16,1,22,2,9,3,4,7,9,1,8,2,11,,44,,1,21,8,121.5571883,24.98079924
112,4,27,18,24,2,10文山區,文山區木新路3段與木新路3段310巷口,0,0,1,1,B03,8,3,5,50,4,1,1,5,4,5,7,1,1,7,4,5,2,16,1,71,3,10,3,4,7,1,1,8,2,4,,19,,1,21,8,121.5571883,24.98079924
112,4,27,18,50,2,08士林區,士林區延平北路8段與延平北路8段157巷口,0,0,1,1,C03,8,3,5,30,3,1,1,5,4,5,7,4,4,5,5,5,2,17,1,80,2,9,3,4,7,5,3,18,1,13,,8,,1,22,9,121.4819985,25.10593165
112,4,27,18,50,2,08士林區,士林區延平北路8段與延平北路8段157巷口,0,0,1,2,C03,8,3,5,30,3,1,1,5,4,5,7,4,4,5,5,5,2,17,1,23,3,10,3,4,7,4,1,10,1,11,,23,,1,22,9,121.4819985,25.10593165
112,4,27,18,50,2,07信義區,信義區市民大道6段與松信路口,0,0,1,2,C03,7,3,5,50,4,2,1,5,4,5,7,2,1,9,4,5,2,16,1,65,2,9,1,1,7,9,1,10,2,12,,23,,1,22,9,121.572246,25.0494007
112,4,27,18,50,2,07信義區,信義區市民大道6段與松信路口,0,0,1,1,B03,7,3,5,50,4,2,1,5,4,5,7,2,1,9,4,5,2,16,2,55,3,10,1,1,7,5,1,8,2,8,,8,,1,22,9,121.572246,25.0494007
112,4,27,18,54,2,05中正區,中正區西藏路118號,0,0,1,1,C03,8,3,5,30,14,9,1,5,4,5,7,4,4,1,4,5,2,13,1,30,3,10,1,4,7,9,1,10,1,11,,16,,1,22,9,121.5051513,25.0304103
112,4,27,18,54,2,05中正區,中正區西藏路118號,0,0,1,2,C03,8,3,5,30,14,9,1,5,4,5,7,4,4,1,4,5,2,13,2,41,2,9,1,4,7,14,1,10,1,13,,44,,1,22,9,121.5051513,25.0304103
112,4,27,19,3,2,09北投區,北投區育仁路與大同街口,0,0,2,1,C03,8,3,5,30,5,1,1,5,4,5,7,3,1,10,5,5,2,16,1,51,2,9,1,1,7,5,1,10,1,14,,8,,1,22,9,121.4984263,25.1338343
112,4,27,19,3,2,09北投區,北投區育仁路與大同街口,0,0,2,2,C03,8,3,5,30,5,1,1,5,4,5,7,3,1,10,5,5,2,16,1,37,2,9,1,1,7,4,1,10,1,12,,23,,1,22,9,121.4984263,25.1338343
112,4,27,19,20,2,05中正區,中正區濟南路1段9號,0,0,1,1,C03,8,3,5,40,14,8,1,5,4,5,7,4,4,10,5,4,2,3,1,27,2,8,1,1,7,11,1,10,1,14,14,23,,1,22,9,121.5194463,25.04322346
112,4,27,19,20,2,05中正區,中正區濟南路1段9號,0,0,1,2,H01,8,3,5,40,14,8,1,5,4,5,7,4,4,10,5,4,2,3,1,64,3,10,1,5,8,16,8,20,1,16,16,51,,1,22,9,121.5194463,25.04322346
112,4,27,19,20,2,12內湖區,內湖區新明路與新明路143巷口,0,0,1,1,B12,8,3,5,30,3,1,1,5,4,5,7,4,4,10,5,5,2,3,1,62,3,10,1,1,7,6,1,8,2,5,,15,,1,22,9,121.5893779,25.05928938
112,4,27,19,20,2,12內湖區,內湖區新明路與新明路143巷口,0,0,1,2,H01,8,3,5,30,3,1,1,5,4,5,7,4,4,10,5,5,2,3,2,52,2,1,4,5,8,16,8,20,10,16,,51,,1,22,9,121.5893779,25.05928938
112,4,27,19,25,2,08士林區,士林區葫東街29號與無名巷口,0,0,1,1,B02,8,3,5,50,4,1,1,5,4,5,7,4,4,5,5,5,2,17,1,23,3,10,1,1,7,1,1,8,1,5,,19,,1,22,9,121.5111016,25.08410233
112,4,27,19,25,2,08士林區,士林區葫東街29號與無名巷口,0,0,1,2,C03,8,3,5,50,4,1,1,5,4,5,7,4,4,5,5,5,2,17,2,52,2,9,1,1,7,9,1,10,1,11,,14,,1,22,9,121.5111016,25.08410233
112,4,27,20,2,2,05中正區,中正區羅斯福路3段與羅斯福路3段210巷口,0,0,2,2,C03,8,3,5,50,3,1,1,5,4,5,7,4,4,10,4,5,2,13,2,52,2,9,1,1,7,6,1,10,1,13,,43,,1,22,9,121.5295182,25.0192748
112,4,27,20,2,2,05中正區,中正區羅斯福路3段與羅斯福路3段210巷口,0,0,2,3,H02,8,3,5,50,3,1,1,5,4,5,7,4,4,10,4,5,2,13,2,25,4,11,4,5,7,20,8,20,10,16,,67,,1,22,9,121.5295182,25.0192748
112,4,27,20,2,2,05中正區,中正區羅斯福路3段與羅斯福路3段210巷口,0,0,2,1,C03,8,3,5,50,3,1,1,5,4,5,7,4,4,10,4,5,2,13,2,53,2,9,1,1,7,9,1,10,1,11,,43,,1,22,9,121.5295182,25.0192748
112,4,27,20,20,2,01大同區,大同區西寧北路32號,0,0,1,2,C03,8,3,5,50,14,9,1,5,4,5,7,4,4,9,4,5,2,16,1,39,2,9,1,1,7,9,1,10,2,11,,44,,1,22,9,121.5083782,25.05124682
112,4,27,20,20,2,01大同區,大同區西寧北路32號,0,0,1,1,B03,8,3,5,50,14,9,1,5,4,5,7,4,4,9,4,5,2,16,1,66,3,10,1,1,7,1,1,8,2,4,,19,,1,22,9,121.5083782,25.05124682
112,4,27,20,40,2,08士林區,士林區環河北路3段堤外道路,0,0,1,1,F01,8,3,7,0,14,9,1,5,4,5,7,4,4,9,4,5,2,11,4,0,4,11,3,4,7,15,7,19,11,15,,43,,2,22,9,121.4989434,25.09161399
112,4,27,20,40,2,08士林區,士林區環河北路3段堤外道路,0,0,1,2,F01,8,3,7,0,14,9,1,5,4,5,7,4,4,9,4,5,2,11,2,40,2,7,3,4,7,9,8,20,11,16,,44,,1,22,9,121.4989434,25.09161399
112,4,27,20,55,2,08士林區,士林區中正路278號,0,0,1,2,C03,8,3,5,50,14,9,1,5,4,5,7,4,4,1,4,5,2,17,2,37,2,9,1,1,7,9,1,10,2,14,,13,,1,22,9,121.5239414,25.09494107
112,4,27,20,55,2,08士林區,士林區中正路278號,0,0,1,1,B03,8,3,5,50,14,9,1,5,4,5,7,4,4,1,4,5,2,17,1,53,3,10,3,4,7,1,1,8,2,15,,19,,1,22,9,121.5239414,25.09494107
112,4,27,20,57,2,12內湖區,內湖區舊宗路2段135巷與瑞湖街口口,0,0,1,1,B03,8,3,5,30,3,1,1,5,4,5,7,4,4,5,5,5,2,12,1,28,3,10,1,1,7,6,1,8,1,5,,42,,1,22,9,121.5764315,25.0696884
112,4,27,20,57,2,12內湖區,內湖區舊宗路2段135巷與瑞湖街口口,0,0,1,2,C03,8,3,5,30,3,1,1,5,4,5,7,4,4,5,5,5,2,12,1,46,2,9,1,1,7,9,1,10,1,14,,44,,1,22,9,121.5764315,25.0696884
112,4,27,21,5,2,05中正區,中正區八德路1段與八德路1段82巷口,0,0,2,1,B03,8,3,5,50,4,1,1,5,4,5,7,2,1,9,5,5,1,3,1,70,3,10,1,1,7,9,1,8,2,1,,23,,1,22,9,121.531803,25.0440892
112,4,27,21,5,2,05中正區,中正區八德路1段與八德路1段82巷口,0,0,2,2,H01,8,3,5,50,4,1,1,5,4,5,7,2,1,9,5,5,1,3,2,65,2,9,4,5,8,16,8,20,10,16,,52,,1,22,9,121.531803,25.0440892
112,4,27,21,5,2,05中正區,中正區八德路1段與八德路1段82巷口,0,0,2,3,H01,8,3,5,50,4,1,1,5,4,5,7,2,1,9,5,5,1,3,2,89,2,1,4,5,8,16,8,20,10,16,,52,,1,22,9,121.531803,25.0440892
112,4,27,21,13,2,05中正區,中正區重慶南路2段與南海路口,0,0,1,1,C03,8,3,5,30,4,1,1,5,4,5,7,1,1,1,4,5,2,12,1,19,3,10,3,4,7,9,1,10,1,12,,23,,1,22,9,121.5149233,25.0318623
112,4,27,21,13,2,05中正區,中正區重慶南路2段與南海路口,0,0,1,2,C03,8,3,5,30,4,1,1,5,4,5,7,1,1,1,4,5,2,12,2,28,2,9,3,4,7,5,1,10,1,14,,17,,1,22,9,121.5149233,25.0318623
112,4,27,21,50,2,03中山區,中山區中山北路2段與民生東路1段口,0,0,1,1,B03,8,3,5,50,4,1,1,5,4,5,7,1,1,1,4,5,2,13,1,22,3,10,3,4,7,9,1,10,1,1,,23,,1,22,9,121.5229871,25.05785903
112,4,27,21,50,2,03中山區,中山區中山北路2段與民生東路1段口,0,0,1,2,C03,8,3,5,50,4,1,1,5,4,5,7,1,1,1,4,5,2,13,1,35,2,9,1,1,7,14,1,10,1,13,,44,,1,22,9,121.5229871,25.05785903
112,4,27,22,3,2,04大安區,大安區復興南路2段151巷與復興南路2段151巷35弄口,0,0,2,1,B03,7,3,5,30,3,1,1,5,4,5,7,4,4,7,5,5,2,17,2,29,3,10,3,4,7,6,1,8,11,8,,6,,1,22,9,121.5450562,25.02832149
112,4,27,22,3,2,04大安區,大安區復興南路2段151巷與復興南路2段151巷35弄口,0,0,2,2,C03,7,3,5,30,3,1,1,5,4,5,7,4,4,7,5,5,2,17,1,22,2,9,1,4,7,9,1,10,11,11,,44,,1,22,9,121.5450562,25.02832149
112,4,27,22,3,2,04大安區,大安區復興南路2段151巷與復興南路2段151巷35弄口,0,0,2,3,H02,7,3,5,30,3,1,1,5,4,5,7,4,4,7,5,5,2,17,2,23,2,9,3,4,7,17,8,20,10,16,,67,,1,22,9,121.5450562,25.02832149
112,4,27,22,50,2,03中山區,中山區林森北路379號,0,0,2,2,C03,8,3,5,50,14,9,1,5,4,5,7,4,4,5,5,5,2,14,1,25,2,7,1,1,7,14,1,10,1,14,,44,,1,22,9,121.5255461,25.05840619
112,4,27,22,50,2,03中山區,中山區林森北路379號,0,0,2,3,H02,8,3,5,50,14,9,1,5,4,5,7,4,4,5,5,5,2,14,2,21,2,8,1,5,7,17,8,20,10,16,,67,,1,22,9,121.5255461,25.05840619
112,4,27,22,50,2,03中山區,中山區林森北路379號,0,0,2,1,B03,8,3,5,50,14,9,1,5,4,5,7,4,4,5,5,5,2,14,1,40,3,10,3,4,7,2,1,8,1,6,,12,,1,22,9,121.5255461,25.05840619
112,4,27,22,57,2,04大安區,大安區忠孝東路3段10巷與新生南路1段103巷口,0,0,1,1,C03,8,3,5,30,4,1,1,5,4,5,7,4,4,10,5,5,2,15,1,29,2,9,3,4,7,9,1,10,1,12,,6,,1,22,9,121.5334048,25.0406578
112,4,27,22,57,2,04大安區,大安區忠孝東路3段10巷與新生南路1段103巷口,0,0,1,2,B03,8,3,5,30,4,1,1,5,4,5,7,4,4,10,5,5,2,15,1,38,3,10,3,4,7,9,1,8,1,1,,44,,1,22,9,121.5334048,25.0406578
112,4,27,23,0,2,01大同區,大同區民生西路199號,0,0,1,1,C03,8,3,5,50,14,9,1,5,4,5,7,4,4,5,5,5,2,13,1,32,2,9,1,1,7,7,1,10,2,12,,23,,1,22,9,121.5165313,25.0571746
112,4,27,23,0,2,01大同區,大同區民生西路199號,0,0,1,2,B12,8,3,5,50,14,9,1,5,4,5,7,4,4,5,5,5,2,13,1,53,3,10,1,1,7,9,6,18,2,7,,44,,1,22,9,121.5165313,25.0571746
112,4,27,23,3,2,04大安區,大安區市民大道4段與延吉街口,0,0,1,1,B03,8,3,5,40,4,1,1,5,4,5,7,2,1,1,4,5,2,16,1,20,3,10,1,1,7,5,1,8,1,1,,8,,1,22,9,121.5537685,25.0442783
112,4,27,23,3,2,04大安區,大安區市民大道4段與延吉街口,0,0,1,2,C03,8,3,5,40,4,1,1,5,4,5,7,2,1,1,4,5,2,16,1,34,2,9,1,1,7,9,1,10,1,14,,44,,1,22,9,121.5537685,25.0442783
112,4,28,0,43,2,01大同區,大同區鄭州路與環河北路1段口,0,0,1,1,B02,8,3,5,40,4,1,1,5,4,5,7,2,1,1,5,5,2,16,1,27,4,11,3,4,7,5,7,19,11,15,,8,,2,22,9,121.5067722,25.0507967
112,4,28,0,43,2,01大同區,大同區鄭州路與環河北路1段口,0,0,1,2,C03,8,3,5,40,4,1,1,5,4,5,7,2,1,1,5,5,2,16,1,22,2,7,1,1,7,9,1,10,1,15,,44,,1,22,9,121.5067722,25.0507967
112,4,28,1,11,2,08士林區,士林區中山北路5段與福國路口,0,0,1,2,B03,7,3,5,50,3,2,1,5,4,5,7,2,1,1,4,5,1,13,1,41,3,10,1,1,7,9,1,8,1,8,,23,,1,22,9,121.525643,25.1023956
112,4,28,1,11,2,08士林區,士林區中山北路5段與福國路口,0,0,1,1,C03,7,3,5,50,3,2,1,5,4,5,7,2,1,1,4,5,1,13,2,19,2,9,1,1,7,7,1,10,1,13,,7,,1,22,9,121.525643,25.1023956
112,4,28,1,12,2,06松山區,松山區市民大道4段與復興南路1段口,0,0,1,2,C03,8,3,5,40,4,2,1,5,4,5,7,2,1,1,4,5,2,13,1,20,3,10,1,1,7,9,1,10,1,13,,44,,1,22,9,121.5439477,25.04497848
112,4,28,1,12,2,06松山區,松山區市民大道4段與復興南路1段口,0,0,1,1,C03,8,3,5,40,4,2,1,5,4,5,7,2,1,1,4,5,2,13,1,19,2,9,1,1,7,9,1,10,1,11,,23,,1,22,9,121.5439477,25.04497848
112,4,28,1,52,2,10文山區,文山區恆光街(恆光橋上),0,0,1,2,C03,8,3,5,50,8,9,1,5,4,5,7,4,4,5,2,5,2,13,1,19,3,10,3,4,7,15,1,10,2,13,,44,,1,22,9,121.5676328,24.98044509
112,4,28,1,52,2,10文山區,文山區恆光街(恆光橋上),0,0,1,1,C03,8,3,5,50,8,9,1,5,4,5,7,4,4,5,2,5,2,13,1,19,2,8,3,4,7,9,1,10,2,11,,23,,1,22,9,121.5676328,24.98044509
112,4,28,3,28,2,08士林區,士林區通河西街1段堤外便道百齡038燈桿,0,0,1,1,C03,8,3,5,50,11,9,1,5,4,5,1,4,4,9,5,5,2,20,2,21,2,9,1,4,7,9,3,18,1,11,,13,,1,22,9,121.5160643,25.07917991
112,4,28,3,28,2,08士林區,士林區通河西街1段堤外便道百齡038燈桿,0,0,1,2,,8,3,5,50,11,9,1,5,4,5,1,4,4,9,5,5,2,20,3,0,,,,,,,,,,,,67,,1,,,121.5160643,25.07917991
112,4,28,5,5,2,03中山區,中山區松江路與民族東路口,0,0,2,1,C03,8,3,5,50,5,2,1,5,4,5,7,1,1,3,4,5,1,15,1,30,2,9,1,1,7,9,1,10,2,11,,25,,1,22,9,121.5329703,25.06830998
112,4,28,5,5,2,03中山區,中山區松江路與民族東路口,0,0,2,2,B01,8,3,5,50,5,2,1,5,4,5,7,1,1,3,4,5,1,15,1,56,2,5,1,1,7,9,1,4,2,8,,44,,1,22,9,121.5329703,25.06830998
112,4,28,6,47,2,10文山區,文山區羅斯福路5段170巷與羅斯福路5段170巷3弄口,0,0,1,6,B03,8,1,5,30,3,1,1,5,4,3,5,4,4,10,5,5,2,16,1,32,3,10,3,4,7,13,1,10,11,15,,38,,1,22,9,121.5381261,25.0046226
112,4,28,6,47,2,10文山區,文山區羅斯福路5段170巷與羅斯福路5段170巷3弄口,0,0,1,1,B03,8,1,5,30,3,1,1,5,4,3,5,4,4,10,5,5,2,16,2,49,3,10,1,1,7,6,1,8,2,8,,6,,1,22,9,121.5381261,25.0046226
112,4,28,6,47,2,10文山區,文山區羅斯福路5段170巷與羅斯福路5段170巷3弄口,0,0,1,3,C03,8,1,5,30,3,1,1,5,4,3,5,4,4,10,5,5,2,16,1,23,3,10,3,4,7,13,1,10,11,14,,44,,1,22,9,121.5381261,25.0046226
112,4,28,6,47,2,10文山區,文山區羅斯福路5段170巷與羅斯福路5段170巷3弄口,0,0,1,5,C03,8,1,5,30,3,1,1,5,4,3,5,4,4,10,5,5,2,16,1,55,3,10,3,4,7,13,1,10,11,14,,44,,1,22,9,121.5381261,25.0046226
112,4,28,6,47,2,10文山區,文山區羅斯福路5段170巷與羅斯福路5段170巷3弄口,0,0,1,4,C03,8,1,5,30,3,1,1,5,4,3,5,4,4,10,5,5,2,16,2,24,3,10,3,4,7,13,1,10,11,14,,44,,1,22,9,121.5381261,25.0046226
112,4,28,6,47,2,10文山區,文山區羅斯福路5段170巷與羅斯福路5段170巷3弄口,0,0,1,2,C03,8,1,5,30,3,1,1,5,4,3,5,4,4,10,5,5,2,16,2,67,2,9,1,1,7,9,1,10,2,11,,44,,1,22,9,121.5381261,25.0046226
112,4,28,6,50,2,03中山區,中山區民權東路2段與民權東路2段71巷口,0,0,2,2,B03,8,1,5,50,4,2,1,5,4,5,7,2,1,1,4,5,2,17,1,55,2,9,3,4,7,13,1,8,1,7,,38,,1,22,9,121.5314323,25.0626495
112,4,28,6,50,2,03中山區,中山區民權東路2段與民權東路2段71巷口,0,0,2,1,C03,8,1,5,50,4,2,1,5,4,5,7,2,1,1,4,5,2,17,1,32,2,9,1,4,7,15,1,10,1,15,,23,,1,22,9,121.5314323,25.0626495
112,4,28,7,0,2,04大安區,大安區基隆路2段與敦化南路2段口,0,0,2,2,C03,8,1,5,50,4,2,1,5,4,5,7,2,1,8,3,1,1,12,2,40,2,8,1,1,7,15,1,10,1,13,,44,,1,5,1,121.5490356,25.0213996
112,4,28,7,0,2,04大安區,大安區基隆路2段與敦化南路2段口,0,0,2,1,C03,8,1,5,50,4,2,1,5,4,5,7,2,1,8,3,1,1,12,1,31,2,8,1,1,7,12,1,10,1,11,,23,,1,5,1,121.5490356,25.0213996
112,4,28,7,17,2,11南港區,南港區市民大道8段584號,0,0,3,1,C03,8,1,5,50,14,9,1,5,4,5,7,4,4,1,3,5,2,12,1,20,2,7,1,1,7,9,3,18,2,12,,23,,1,22,9,121.6143857,25.05413938
112,4,28,7,17,2,11南港區,南港區市民大道8段584號,0,0,3,2,C03,8,1,5,50,14,9,1,5,4,5,7,4,4,1,3,5,2,12,1,59,2,7,1,1,7,9,1,10,2,14,,44,,1,22,9,121.6143857,25.05413938
112,4,28,7,17,2,11南港區,南港區市民大道8段584號,0,0,3,3,H02,8,1,5,50,14,9,1,5,4,5,7,4,4,1,3,5,2,12,1,22,2,7,1,1,7,21,8,20,10,15,,67,,1,22,9,121.6143857,25.05413938
112,4,28,7,27,2,05中正區,中正區汀州路2段與師大路口,0,0,1,1,C03,8,1,5,50,5,1,1,5,4,5,7,1,3,5,4,5,2,17,1,58,2,9,1,1,7,5,1,10,2,14,,8,,1,22,9,121.5254344,25.0210144
112,4,28,7,27,2,05中正區,中正區汀州路2段與師大路口,0,0,1,2,B12,8,1,5,50,5,1,1,5,4,5,7,1,3,5,4,5,2,17,1,53,3,10,1,1,7,9,1,8,2,5,,44,,1,22,9,121.5254344,25.0210144
112,4,28,7,54,2,08士林區,士林區福國路與福華路口,0,0,1,2,C03,8,1,5,50,4,2,1,5,4,5,7,2,1,1,4,5,1,17,1,45,3,10,1,1,7,8,1,10,1,13,,7,,1,22,9,121.5230233,25.1019777
112,4,28,7,54,2,08士林區,士林區福國路與福華路口,0,0,1,3,B03,8,1,5,50,4,2,1,5,4,5,7,2,1,1,4,5,1,17,1,43,3,10,1,1,7,9,1,8,1,5,,44,,1,22,9,121.5230233,25.1019777