發生年度,發生月,發生日,發生時-Hours,發生分,處理別-編號,區序,肇事地點,死亡人數,2-30日死亡人數,受傷人數,當事人序號,車種,天候,光線,道路類別,速限-速度限制,道路型態,事故位置,路面狀況1,路面狀況2,路面狀況3,道路障礙1,道路障礙2,號誌1,號誌2,車道劃分-分向,車道劃分-分道1,車道劃分-分道2,車道劃分-分道3,事故類型及型態,性別,年齡,受傷程度,主要傷處,保護裝置,行動電話,車輛用途,當事者行動狀態,駕駛資格情形,駕駛執照種類,飲酒情形,車輛撞擊部位1,車輛撞擊部位2,肇因碼-個別,肇因碼-主要,個人肇逃否,職業,旅次目的,座標-X,座標-Y
112,4,28,14,44,2,04大安區,大安區市民大道4段與復興南路1段107巷5弄口,0,0,2,2,C03,8,1,5,40,3,1,1,5,4,5,7,4,4,1,5,5,1,12,1,20,2,9,1,1,7,6,1,10,1,14,,17,,1,22,9,121.5444896,25.0447626
112,4,28,14,44,2,04大安區,大安區市民大道4段與復興南路1段107巷5弄口,0,0,2,1,C03,8,1,5,40,3,1,1,5,4,5,7,4,4,1,5,5,1,12,1,54,4,11,3,4,7,15,7,19,11,15,,17,,2,22,9,121.5444896,25.0447626
112,4,28,14,50,2,05中正區,中正區重慶南路1段與漢口街1段口,0,0,1,1,C03,8,1,5,50,4,1,1,5,4,5,7,1,1,10,5,5,2,16,2,31,2,8,1,1,7,5,1,10,1,14,,44,,1,22,9,121.5132548,25.04519103
112,4,28,14,50,2,05中正區,中正區重慶南路1段與漢口街1段口,0,0,1,2,C03,8,1,5,50,4,1,1,5,4,5,7,1,1,10,5,5,2,16,2,20,3,10,1,1,7,9,1,10,1,12,,44,,1,22,9,121.5132548,25.04519103
112,4,28,15,4,2,03中山區,中山區建國北路3段與農安街口,0,0,1,2,C03,8,1,5,50,14,9,1,5,4,5,7,4,4,4,5,5,1,12,2,34,2,9,3,4,7,9,1,10,1,14,,23,,1,22,9,121.5368176,25.06491665
112,4,28,15,4,2,03中山區,中山區建國北路3段與農安街口,0,0,1,1,B03,8,1,5,50,14,9,1,5,4,5,7,4,4,4,5,5,1,12,1,40,3,10,3,4,7,6,1,8,1,5,,9,,1,22,9,121.5368176,25.06491665
112,4,28,15,7,2,04大安區,大安區延吉街137巷與延吉街口,0,0,1,1,B12,8,1,5,0,3,2,1,5,4,5,7,4,4,8,3,5,1,12,1,34,3,10,1,1,7,5,1,8,1,4,,42,,1,5,3,121.5543372,25.0420028
112,4,28,15,7,2,04大安區,大安區延吉街137巷與延吉街口,0,0,1,2,C03,8,1,5,0,3,2,1,5,4,5,7,4,4,8,3,5,1,12,1,38,2,7,1,1,7,9,1,10,1,12,,4,,1,5,1,121.5543372,25.0420028
112,4,28,15,17,2,07信義區,信義區吳興街156巷65弄與信安街15巷口口,0,0,1,1,B03,8,1,5,30,4,1,1,5,4,5,7,4,4,5,5,4,2,15,1,41,3,10,3,4,7,9,1,8,1,1,,6,,1,22,9,121.559115,25.0278239
112,4,28,15,17,2,07信義區,信義區吳興街156巷65弄與信安街15巷口口,0,0,1,2,C03,8,1,5,30,4,1,1,5,4,5,7,4,4,5,5,4,2,15,2,32,2,9,3,4,7,9,1,10,1,12,,13,,1,22,9,121.559115,25.0278239
112,4,28,15,22,2,10文山區,文山區萬壽橋與秀明路2段口,0,0,1,1,B12,8,1,5,50,14,9,2,5,4,5,7,1,1,1,4,5,2,17,1,33,3,10,3,4,7,5,1,2,1,2,,6,,1,22,9,121.5736487,24.99171266
112,4,28,15,22,2,10文山區,文山區萬壽橋與秀明路2段口,0,0,1,2,C03,8,1,5,50,14,9,2,5,4,5,7,1,1,1,4,5,2,17,1,24,2,9,1,1,7,9,1,10,1,11,,44,,1,22,9,121.5736487,24.99171266
112,4,28,15,32,2,06松山區,松山區敦化北路199巷與民生東路4段56巷口,0,0,1,2,C03,8,1,5,30,3,2,1,5,4,5,7,4,4,9,4,5,2,17,2,57,2,9,1,1,7,9,1,10,1,11,,42,,1,22,9,121.5516537,25.05664372
112,4,28,15,32,2,06松山區,松山區敦化北路199巷與民生東路4段56巷口,0,0,1,1,B02,8,1,5,30,3,2,1,5,4,5,7,4,4,9,4,5,2,17,1,52,3,10,1,1,7,6,1,8,1,4,,6,,1,22,9,121.5516537,25.05664372
112,4,28,15,55,2,05中正區,中正區忠孝西路1段與重慶南路1段口,0,0,1,1,B03,8,1,5,50,4,2,1,5,4,5,7,1,1,1,4,5,2,3,2,51,3,10,1,1,7,5,1,8,2,8,,15,,1,22,9,121.5134425,25.0471452
112,4,28,15,55,2,05中正區,中正區忠孝西路1段與重慶南路1段口,0,0,1,2,H01,8,1,5,50,4,2,1,5,4,5,7,1,1,1,4,5,2,3,2,61,2,9,4,5,8,16,8,20,10,16,,67,,1,22,9,121.5134425,25.0471452
112,4,28,16,25,2,03中山區,中山區民族東路158號,0,0,1,1,B01,8,1,5,50,14,9,1,5,4,5,7,4,4,1,4,5,2,14,1,60,3,10,1,1,7,2,1,4,1,3,,12,,1,22,9,121.5288831,25.0682686
112,4,28,16,25,2,03中山區,中山區民族東路158號,0,0,1,2,C03,8,1,5,50,14,9,1,5,4,5,7,4,4,1,4,5,2,14,1,44,2,9,1,1,7,9,1,10,1,11,,23,,1,22,9,121.5288831,25.0682686
112,4,28,16,32,2,12內湖區,內湖區成功路2段325號前,0,0,2,1,C03,8,1,5,50,14,9,1,5,4,5,7,2,1,1,4,5,2,17,2,49,2,9,1,1,7,9,1,10,1,14,,17,,1,22,9,121.5898385,25.07174665
112,4,28,16,32,2,12內湖區,內湖區成功路2段325號前,0,0,2,3,H02,8,1,5,50,14,9,1,5,4,5,7,2,1,1,4,5,2,17,1,46,2,9,1,1,7,21,8,20,10,16,,67,,1,22,9,121.5898385,25.07174665
112,4,28,16,32,2,12內湖區,內湖區成功路2段325號前,0,0,2,2,B03,8,1,5,50,14,9,1,5,4,5,7,2,1,1,4,5,2,17,2,32,3,10,1,1,7,9,1,8,1,2,,17,,1,22,9,121.5898385,25.07174665
112,4,28,16,36,2,11南港區,南港區南港路2段221號,0,0,1,2,C03,8,1,5,50,14,9,1,5,4,5,7,4,4,8,3,5,2,14,1,34,2,7,1,1,7,14,1,10,1,11,,44,,1,22,9,121.5928948,25.05431156
112,4,28,16,36,2,11南港區,南港區南港路2段221號,0,0,1,1,B03,8,1,5,50,14,9,1,5,4,5,7,4,4,8,3,5,2,14,1,75,3,10,1,1,7,2,1,8,1,3,,12,,1,22,9,121.5928948,25.05431156
112,4,28,16,40,2,10文山區,文山區景興路218號附近側附近,0,0,1,1,B03,8,1,5,50,14,9,1,5,4,5,7,3,1,5,5,5,2,16,1,75,3,10,1,4,7,11,1,8,1,2,,10,,1,22,9,121.543468,24.9910107
112,4,28,16,40,2,10文山區,文山區景興路218號附近側附近,0,0,1,2,C03,8,1,5,50,14,9,1,5,4,5,7,3,1,5,5,5,2,16,1,21,2,8,1,4,7,9,1,10,1,11,,14,,1,22,9,121.543468,24.9910107
112,4,28,17,13,2,02萬華區,萬華區西寧南路與西寧南路82巷口,0,0,2,1,C03,8,1,5,50,3,1,1,5,4,5,7,4,4,10,5,5,1,11,1,44,2,7,1,4,7,1,1,10,1,12,,19,,1,22,9,121.5059275,25.04239492
112,4,28,17,13,2,02萬華區,萬華區西寧南路與西寧南路82巷口,0,0,2,2,C03,8,1,5,50,3,1,1,5,4,5,7,4,4,10,5,5,1,11,1,31,2,9,1,4,7,9,1,10,1,11,,13,,1,22,9,121.5059275,25.04239492
112,4,28,17,35,2,07信義區,信義區忠孝東路5段236巷與忠孝東路5段236巷3弄口口,0,0,1,1,C03,8,1,5,50,4,1,1,5,4,5,7,4,4,5,4,5,2,16,1,34,3,10,1,1,7,5,1,10,1,12,,8,,1,22,9,121.5719826,25.0404763
112,4,28,17,35,2,07信義區,信義區忠孝東路5段236巷與忠孝東路5段236巷3弄口口,0,0,1,2,C03,8,1,5,50,4,1,1,5,4,5,7,4,4,5,4,5,2,16,2,31,2,9,1,1,7,9,1,10,1,11,,14,,1,22,9,121.5719826,25.0404763
112,4,28,17,41,2,08士林區,士林區仰德大道1段與至誠路1段口口,0,0,1,1,B12,8,1,5,50,5,1,1,5,4,5,7,2,1,5,4,5,1,12,1,29,3,10,1,1,7,9,1,8,1,2,,23,,1,22,9,121.5375538,25.1008455
112,4,28,17,41,2,08士林區,士林區仰德大道1段與至誠路1段口口,0,0,1,2,C03,8,1,5,50,5,1,1,5,4,5,7,2,1,5,4,5,1,12,2,21,2,9,1,1,7,9,1,10,1,14,,17,,1,22,9,121.5375538,25.1008455
112,4,28,17,44,2,05中正區,中正區中山北路1段與忠孝東路1段口,0,0,5,4,H02,8,1,5,50,4,1,1,5,4,5,7,1,1,1,4,4,1,12,2,85,2,8,4,5,7,21,8,20,10,16,,67,,1,22,9,121.5196261,25.0458031
112,4,28,17,44,2,05中正區,中正區中山北路1段與忠孝東路1段口,0,0,5,7,H02,8,1,5,50,4,1,1,5,4,5,7,1,1,1,4,4,1,12,2,53,2,9,4,5,7,20,8,20,10,16,,67,,1,22,9,121.5196261,25.0458031
112,4,28,17,44,2,05中正區,中正區中山北路1段與忠孝東路1段口,0,0,5,5,H02,8,1,5,50,4,1,1,5,4,5,7,1,1,1,4,4,1,12,2,85,2,1,4,5,7,21,8,20,10,16,,67,,1,22,9,121.5196261,25.0458031
112,4,28,17,44,2,05中正區,中正區中山北路1段與忠孝東路1段口,0,0,5,3,H02,8,1,5,50,4,1,1,5,4,5,7,1,1,1,4,4,1,12,1,60,2,9,4,5,7,21,8,20,10,16,,67,,1,22,9,121.5196261,25.0458031
112,4,28,17,44,2,05中正區,中正區中山北路1段與忠孝東路1段口,0,0,5,2,A02,8,1,5,50,4,1,1,5,4,5,7,1,1,1,4,4,1,12,1,47,3,10,1,1,7,9,1,2,2,8,,44,,1,22,9,121.5196261,25.0458031
112,4,28,17,44,2,05中正區,中正區中山北路1段與忠孝東路1段口,0,0,5,1,B03,8,1,5,50,4,1,1,5,4,5,7,1,1,1,4,4,1,12,1,19,3,10,1,1,7,8,1,8,2,2,,7,,1,22,9,121.5196261,25.0458031
112,4,28,17,44,2,05中正區,中正區中山北路1段與忠孝東路1段口,0,0,5,6,H02,8,1,5,50,4,1,1,5,4,5,7,1,1,1,4,4,1,12,2,31,2,9,4,5,7,20,8,20,10,16,,67,,1,22,9,121.5196261,25.0458031
112,4,28,17,44,2,11南港區,南港區南港路2段266號,0,0,1,3,H02,8,1,5,50,14,7,1,5,4,5,7,4,4,4,3,4,2,13,2,34,2,1,3,1,7,21,8,20,10,15,,67,,1,22,9,121.5966321,25.05430779
112,4,28,17,44,2,11南港區,南港區南港路2段266號,0,0,1,2,B01,8,1,5,50,14,7,1,5,4,5,7,4,4,4,3,4,2,13,1,60,3,10,1,1,7,14,1,4,1,3,,44,,1,22,9,121.5966321,25.05430779
112,4,28,17,44,2,11南港區,南港區南港路2段266號,0,0,1,1,B03,8,1,5,50,14,7,1,5,4,5,7,4,4,4,3,4,2,13,1,51,3,10,1,1,7,9,1,8,1,1,,23,,1,22,9,121.5966321,25.05430779
112,4,28,17,48,2,06松山區,松山區敦化北路100號,0,0,2,1,B03,8,3,5,50,14,8,1,5,4,5,7,4,4,1,4,4,2,12,1,59,3,10,1,1,7,6,1,8,1,2,,9,,1,22,9,121.548739,25.05263192
112,4,28,17,48,2,06松山區,松山區敦化北路100號,0,0,2,2,C03,8,3,5,50,14,8,1,5,4,5,7,4,4,1,4,4,2,12,1,23,2,9,1,1,7,9,1,10,1,14,,23,,1,22,9,121.548739,25.05263192
112,4,28,17,48,2,06松山區,松山區敦化北路100號,0,0,2,3,H02,8,3,5,50,14,8,1,5,4,5,7,4,4,1,4,4,2,12,2,24,2,9,1,5,7,20,8,20,10,16,,67,,1,22,9,121.548739,25.05263192
112,4,28,18,10,2,09北投區,北投區中央北路4段與中央北路4段541巷口,0,0,2,3,H02,8,1,5,50,4,1,1,5,4,5,7,2,1,5,4,5,1,16,2,19,2,9,1,5,7,20,8,20,1,16,,67,,1,22,9,121.4676636,25.1278178
112,4,28,18,10,2,09北投區,北投區中央北路4段與中央北路4段541巷口,0,0,2,1,C03,8,1,5,50,4,1,1,5,4,5,7,2,1,5,4,5,1,16,2,19,2,9,1,1,7,9,1,10,1,11,,25,,1,22,9,121.4676636,25.1278178
112,4,28,18,10,2,09北投區,北投區中央北路4段與中央北路4段541巷口,0,0,2,2,B03,8,1,5,50,4,1,1,5,4,5,7,2,1,5,4,5,1,16,1,41,3,10,1,1,7,5,1,8,1,2,,44,,1,22,9,121.4676636,25.1278178
112,4,28,18,25,2,04大安區,大安區仁愛路3段143巷與仁愛路3段129巷9弄口,0,0,1,2,B01,7,3,5,30,4,1,1,5,4,5,7,4,4,10,5,5,2,15,2,66,3,10,3,4,7,9,1,4,1,1,,23,,1,22,9,121.5430123,25.0390426
112,4,28,18,25,2,04大安區,大安區仁愛路3段143巷與仁愛路3段129巷9弄口,0,0,1,1,F01,7,3,5,30,4,1,1,5,4,5,7,4,4,10,5,5,2,15,2,58,2,7,3,1,7,9,8,20,1,16,,6,,1,22,9,121.5430123,25.0390426
112,4,28,18,45,2,05中正區,中正區忠孝西路1段6號,0,0,1,1,B01,8,3,5,50,14,9,1,5,4,5,7,4,4,1,4,5,2,17,1,47,3,10,1,1,7,1,1,4,2,4,,19,,1,22,9,121.5177981,25.0459609
112,4,28,18,45,2,05中正區,中正區忠孝西路1段6號,0,0,1,2,C03,8,3,5,50,14,9,1,5,4,5,7,4,4,1,4,5,2,17,1,34,2,8,1,1,7,15,1,10,2,11,,44,,1,22,9,121.5177981,25.0459609
112,4,28,18,45,2,12內湖區,內湖區成功路5段420巷與成功路5段450巷口,0,0,1,2,B03,8,3,5,30,3,1,1,5,4,5,7,3,1,5,5,5,2,12,1,39,3,10,1,1,7,11,1,8,2,15,,26,,1,22,9,121.6085529,25.07424651
112,4,28,18,45,2,12內湖區,內湖區成功路5段420巷與成功路5段450巷口,0,0,1,1,B03,8,3,5,30,3,1,1,5,4,5,7,3,1,5,5,5,2,12,2,67,3,10,1,1,7,5,1,8,2,7,,8,,2,22,9,121.6085529,25.07424651
112,4,28,18,45,2,12內湖區,內湖區成功路5段420巷與成功路5段450巷口,0,0,1,3,C03,8,3,5,30,3,1,1,5,4,5,7,3,1,5,5,5,2,12,1,65,2,9,1,1,7,9,1,10,1,14,,44,,1,22,9,121.6085529,25.07424651
112,4,28,18,58,2,03中山區,中山區中山北路1段與長安東路1段口,0,0,2,3,C03,8,3,5,50,4,1,1,5,4,5,7,1,1,5,4,1,2,12,2,29,2,9,1,1,7,9,1,10,1,12,,44,,1,22,9,121.5216695,25.0496721
112,4,28,18,58,2,03中山區,中山區中山北路1段與長安東路1段口,0,0,2,2,B03,8,3,5,50,4,1,1,5,4,5,7,1,1,5,4,1,2,12,1,28,3,10,1,1,7,9,1,8,1,8,,44,,1,22,9,121.5216695,25.0496721
112,4,28,18,58,2,03中山區,中山區中山北路1段與長安東路1段口,0,0,2,1,C04,8,3,5,50,4,1,1,5,4,5,7,1,1,5,4,1,2,12,2,23,2,9,1,1,7,8,1,10,1,12,14,7,,1,22,9,121.5216695,25.0496721
112,4,28,19,33,2,09北投區,北投區稻香路第1204087號燈桿前,0,0,2,2,C03,8,3,5,50,11,9,1,5,4,5,7,4,4,9,5,5,2,16,2,49,2,5,1,1,7,9,1,10,1,11,,44,,1,22,9,121.4896146,25.13986806
112,4,28,19,33,2,09北投區,北投區稻香路第1204087號燈桿前,0,0,2,1,F01,8,3,5,50,11,9,1,5,4,5,7,4,4,9,5,5,2,16,2,31,2,8,1,1,7,5,8,20,1,16,,8,,1,22,9,121.4896146,25.13986806
112,4,28,19,36,2,05中正區,中正區中華路1段81巷與中華路1段口口,0,0,1,1,B01,8,3,5,50,14,9,1,5,4,5,7,4,4,9,4,5,1,17,1,47,3,10,1,1,7,8,1,4,1,15,,7,,1,21,1,121.5074762,25.0385437
112,4,28,19,36,2,05中正區,中正區中華路1段81巷與中華路1段口口,0,0,1,2,C03,8,3,5,50,14,9,1,5,4,5,7,4,4,9,4,5,1,17,1,18,2,9,1,1,7,9,1,10,1,12,,23,,1,21,1,121.5074762,25.0385437
112,4,28,19,38,2,03中山區,中山區錦州街與錦州街30巷口,0,0,1,1,B01,8,3,5,50,3,1,1,5,4,5,7,4,4,5,5,5,2,16,1,50,4,11,3,4,7,15,7,19,11,15,,6,,2,22,9,121.5248251,25.0602927
112,4,28,19,38,2,03中山區,中山區錦州街與錦州街30巷口,0,0,1,2,C03,8,3,5,50,3,1,1,5,4,5,7,4,4,5,5,5,2,16,2,53,2,9,1,1,7,9,1,10,1,11,,44,,1,22,9,121.5248251,25.0602927
112,4,28,19,58,2,09北投區,北投區承德路6段與福國路口,0,0,3,2,C03,8,3,5,50,4,4,1,5,4,5,7,2,1,1,4,5,2,13,1,58,2,9,1,1,7,14,1,10,2,13,,44,,1,22,9,121.5119293,25.1015655
112,4,28,19,58,2,09北投區,北投區承德路6段與福國路口,0,0,3,3,C03,8,3,5,50,4,4,1,5,4,5,7,2,1,1,4,5,2,13,1,47,2,9,1,1,7,14,1,10,2,13,,44,,1,22,9,121.5119293,25.1015655
112,4,28,19,58,2,09北投區,北投區承德路6段與福國路口,0,0,3,1,C03,8,3,5,50,4,4,1,5,4,5,7,2,1,1,4,5,2,13,1,29,2,9,1,1,7,9,1,9,2,11,,23,,1,22,9,121.5119293,25.1015655
112,4,28,20,5,2,09北投區,北投區大度路1段與大業路口,0,0,2,1,C03,7,3,5,50,3,1,1,5,4,5,7,1,1,1,4,5,1,13,2,31,2,9,1,1,7,3,1,10,1,11,,42,,1,22,9,121.4991795,25.1215054
112,4,28,20,5,2,09北投區,北投區大度路1段與大業路口,0,0,2,2,C03,7,3,5,50,3,1,1,5,4,5,7,1,1,1,4,5,1,13,1,64,3,10,1,1,7,14,1,10,1,13,,44,,1,22,9,121.4991795,25.1215054
112,4,28,20,5,2,09北投區,北投區大度路1段與大業路口,0,0,2,3,H02,7,3,5,50,3,1,1,5,4,5,7,1,1,1,4,5,1,13,2,50,2,9,1,5,7,20,8,20,10,16,,67,,1,22,9,121.4991795,25.1215054
112,4,28,20,24,2,10文山區,文山區萬利街2巷11號,0,0,1,1,B03,8,3,5,30,14,9,2,5,4,5,7,4,4,10,5,5,2,9,1,64,4,11,3,4,7,15,7,19,11,15,,44,,2,22,9,121.567027,24.99941619
112,4,28,20,24,2,10文山區,文山區萬利街2巷11號,0,0,1,2,H01,8,3,5,30,14,9,2,5,4,5,7,4,4,10,5,5,2,9,2,75,2,9,4,5,8,16,8,20,10,16,,67,,1,22,9,121.567027,24.99941619
112,4,28,21,0,2,12內湖區,內湖區麥帥一橋機車道往內湖,0,0,2,2,C03,8,3,5,40,8,11,1,5,4,5,7,4,4,1,4,5,2,16,1,43,2,9,1,1,7,9,1,10,2,12,,13,,1,22,9,121.5739498,25.05291478
112,4,28,21,0,2,12內湖區,內湖區麥帥一橋機車道往內湖,0,0,2,1,C03,8,3,5,40,8,11,1,5,4,5,7,4,4,1,4,5,2,16,1,57,2,9,1,1,7,7,1,10,2,14,,7,,1,22,9,121.5739498,25.05291478
112,4,28,21,31,2,05中正區,中正區重慶南路2段7巷與南昌路1段口,0,0,1,1,C03,8,3,5,50,4,1,1,5,4,5,7,4,4,5,5,5,2,17,1,28,2,9,1,1,7,9,1,10,1,12,,6,,1,22,9,121.5150121,25.0343936
112,4,28,21,31,2,05中正區,中正區重慶南路2段7巷與南昌路1段口,0,0,1,2,B03,8,3,5,50,4,1,1,5,4,5,7,4,4,5,5,5,2,17,1,32,3,10,1,1,7,6,1,8,1,8,,14,,1,22,9,121.5150121,25.0343936
112,4,28,21,36,2,04大安區,大安區市民大道4段66號,0,0,1,1,B01,7,3,5,40,14,9,1,5,4,5,7,4,4,1,3,5,2,17,1,48,3,10,1,1,7,11,1,4,1,2,,6,,1,22,9,121.5470599,25.0449376
112,4,28,21,36,2,04大安區,大安區市民大道4段66號,0,0,1,2,C03,7,3,5,40,14,9,1,5,4,5,7,4,4,1,3,5,2,17,1,22,2,8,1,1,7,9,1,10,1,14,,13,,1,22,9,121.5470599,25.0449376
112,4,28,22,5,2,08士林區,士林區承德路4段與承德路4段77巷口,0,0,1,1,B02,8,3,5,50,5,1,1,5,4,5,7,1,1,1,4,5,2,17,2,20,3,10,1,1,7,5,1,8,2,1,,8,,1,22,9,121.5231743,25.08213314
112,4,28,22,5,2,08士林區,士林區承德路4段與承德路4段77巷口,0,0,1,2,C03,8,3,5,50,5,1,1,5,4,5,7,1,1,1,4,5,2,17,1,33,2,8,1,1,7,9,1,8,2,14,,44,,1,22,9,121.5231743,25.08213314
112,4,28,22,15,2,04大安區,大安區通化街與臨江街口,0,0,1,2,H01,7,3,5,30,4,2,1,5,4,5,7,2,1,9,5,5,2,8,2,49,2,8,3,4,8,17,8,20,1,15,,67,,1,22,9,121.5542033,25.0301073
112,4,28,22,15,2,04大安區,大安區通化街與臨江街口,0,0,1,1,B02,7,3,5,30,4,2,1,5,4,5,7,2,1,9,5,5,2,8,2,35,3,10,3,4,7,1,1,8,1,5,,19,,1,22,9,121.5542033,25.0301073
112,4,28,22,20,2,07信義區,信義區忠孝東路5段372巷與忠孝東路5段236巷3弄口口,0,0,2,2,C03,8,3,5,30,4,1,1,5,4,5,7,4,4,5,5,5,2,15,1,30,2,7,1,1,7,9,1,10,1,11,,13,,1,21,8,121.5740088,25.0403566
112,4,28,22,20,2,07信義區,信義區忠孝東路5段372巷與忠孝東路5段236巷3弄口口,0,0,2,1,C03,8,3,5,30,4,1,1,5,4,5,7,4,4,5,5,5,2,15,1,30,2,9,1,1,7,9,1,10,1,14,,6,,1,21,8,121.5740088,25.0403566
112,4,28,22,30,2,08士林區,士林區中山北路4段南往北3952-JS-MS-0014工程牌面,0,0,1,1,C03,8,1,5,40,14,9,1,5,4,5,7,4,4,1,4,5,2,17,2,18,2,9,3,4,7,9,1,10,1,15,,23,,1,22,9,121.5243583,25.08076735
112,4,28,22,30,2,08士林區,士林區中山北路4段南往北3952-JS-MS-0014工程牌面,0,0,1,4,H02,8,1,5,40,14,9,1,5,4,5,7,4,4,1,4,5,2,17,2,31,3,10,3,5,7,20,8,20,10,16,,60,,1,22,9,121.5243583,25.08076735
112,4,28,22,30,2,08士林區,士林區中山北路4段南往北3952-JS-MS-0014工程牌面,0,0,1,3,C03,8,1,5,40,14,9,1,5,4,5,7,4,4,1,4,5,2,17,1,20,3,10,3,4,7,9,1,10,1,15,,44,,1,22,9,121.5243583,25.08076735
112,4,28,22,30,2,08士林區,士林區中山北路4段南往北3952-JS-MS-0014工程牌面,0,0,1,2,C03,8,1,5,40,14,9,1,5,4,5,7,4,4,1,4,5,2,17,1,24,3,10,3,4,7,9,1,10,1,15,,37,,1,22,9,121.5243583,25.08076735
112,4,28,22,40,2,03中山區,中山區南京東路2段與南京東路2段21巷口,0,0,1,2,B01,8,3,5,50,3,1,1,5,4,5,7,2,1,1,4,4,2,12,1,59,3,10,3,4,7,9,1,4,1,6,,44,,1,22,9,121.5287487,25.05215436
112,4,28,22,40,2,03中山區,中山區南京東路2段與南京東路2段21巷口,0,0,1,1,C03,8,3,5,50,3,1,1,5,4,5,7,2,1,1,4,4,2,12,1,19,2,7,1,4,7,7,1,10,1,14,,7,,1,22,9,121.5287487,25.05215436
112,4,28,22,50,2,03中山區,中山區市民大道2段與林森北路口,0,0,4,1,C03,7,3,5,40,4,1,1,5,4,5,7,1,1,1,4,5,1,13,2,22,2,9,1,1,7,9,1,10,2,11,,23,,1,22,9,121.5241945,25.0476987
112,4,28,22,50,2,03中山區,中山區市民大道2段與林森北路口,0,0,4,2,C03,7,3,5,40,4,1,1,5,4,5,7,1,1,1,4,5,1,13,1,26,2,7,1,1,7,5,1,10,2,14,,44,,1,22,9,121.5241945,25.0476987
112,4,28,22,50,2,03中山區,中山區市民大道2段與林森北路口,0,0,4,3,H02,7,3,5,40,4,1,1,5,4,5,7,1,1,1,4,5,1,13,1,20,2,5,1,5,7,20,8,20,10,15,,67,,1,22,9,121.5241945,25.0476987
112,4,28,22,50,2,03中山區,中山區市民大道2段與林森北路口,0,0,4,4,H02,7,3,5,40,4,1,1,5,4,5,7,1,1,1,4,5,1,13,2,24,2,7,1,5,7,21,8,20,10,15,,67,,1,22,9,121.5241945,25.0476987
112,4,29,1,3,2,02萬華區,萬華區西寧南路與長沙街2段口,0,0,1,1,B03,8,3,5,50,3,1,1,5,4,5,7,1,1,4,3,5,2,16,1,22,3,10,1,1,7,9,1,8,1,5,,25,,1,22,9,121.5059423,25.0427667
112,4,29,1,3,2,02萬華區,萬華區西寧南路與長沙街2段口,0,0,1,2,C03,8,3,5,50,3,1,1,5,4,5,7,1,1,4,3,5,2,16,1,40,2,9,1,1,7,9,1,10,1,14,,44,,1,22,9,121.5059423,25.0427667
112,4,29,2,7,2,09北投區,北投區承德路6段339號,0,0,1,2,A41,8,3,5,50,14,12,1,5,4,3,7,4,4,3,4,2,2,13,1,54,3,10,3,4,7,14,1,1,2,7,,38,,1,22,9,121.4819562,25.11936035
112,4,29,2,7,2,09北投區,北投區承德路6段339號,0,0,1,1,C03,8,3,5,50,14,12,1,5,4,3,7,4,4,3,4,2,2,13,1,34,2,9,3,4,7,9,1,10,2,11,,23,,1,22,9,121.4819562,25.11936035
112,4,29,8,30,2,08士林區,士林區萬溪產業道路至善幹105燈桿,0,0,1,2,B01,8,1,5,30,11,9,1,5,4,5,7,4,4,10,5,5,2,17,1,62,3,10,1,1,7,9,1,4,2,4,,42,,1,22,9,121.5929144,25.12617045
112,4,29,8,30,2,08士林區,士林區萬溪產業道路至善幹105燈桿,0,0,1,1,F01,8,1,5,30,11,9,1,5,4,5,7,4,4,10,5,5,2,17,2,44,2,9,1,1,7,9,8,20,2,16,,17,,1,22,9,121.5929144,25.12617045
112,4,29,8,30,2,08士林區,士林區社中街與社中街156巷口,0,0,2,1,C03,8,1,5,30,4,1,1,5,4,3,5,4,4,5,5,5,1,16,1,68,2,8,1,1,7,9,1,10,1,14,,6,,1,22,9,121.5096711,25.0904909
112,4,29,8,30,2,08士林區,士林區社中街與社中街156巷口,0,0,2,2,C03,8,1,5,30,4,1,1,5,4,3,5,4,4,5,5,5,1,16,1,32,2,9,1,1,7,9,3,18,1,11,,44,,1,22,9,121.5096711,25.0904909
112,4,29,8,30,2,08士林區,士林區社中街與社中街156巷口,0,0,2,3,B03,8,1,5,30,4,1,1,5,4,3,5,4,4,5,5,5,1,16,1,59,3,10,3,4,7,13,1,4,11,15,,38,,1,22,9,121.5096711,25.0904909
112,4,29,8,52,2,04大安區,大安區基隆路3段往北060燈桿近長興街,0,0,1,2,C03,8,1,5,50,14,9,1,5,4,5,7,4,4,1,4,5,2,13,1,22,2,9,1,4,7,9,1,10,1,14,,44,,1,22,9,121.5438766,25.0167304
112,4,29,8,52,2,04大安區,大安區基隆路3段往北060燈桿近長興街,0,0,1,1,B02,8,1,5,50,14,9,1,5,4,5,7,4,4,1,4,5,2,13,2,30,3,10,1,4,7,9,1,8,1,2,,23,,1,22,9,121.5438766,25.0167304
112,4,29,8,53,2,02萬華區,萬華區中華路2段504巷與中華路2段口,0,0,2,2,C03,8,1,5,30,3,1,1,5,4,5,7,4,4,5,4,4,2,15,2,35,2,9,1,1,7,9,1,10,1,12,,44,,1,22,9,121.5078569,25.02604132
112,4,29,8,53,2,02萬華區,萬華區中華路2段504巷與中華路2段口,0,0,2,3,H02,8,1,5,30,3,1,1,5,4,5,7,4,4,5,4,4,2,15,2,23,2,9,1,5,7,21,8,20,10,16,,67,,1,22,9,121.5078569,25.02604132
112,4,29,8,53,2,02萬華區,萬華區中華路2段504巷與中華路2段口,0,0,2,1,B03,8,1,5,30,3,1,1,5,4,5,7,4,4,5,4,4,2,15,1,38,3,10,1,1,7,1,1,8,1,8,,19,,1,22,9,121.5078569,25.02604132