發生年度,發生月,發生日,發生時-Hours,發生分,處理別-編號,區序,肇事地點,死亡人數,2-30日死亡人數,受傷人數,當事人序號,車種,天候,光線,道路類別,速限-速度限制,道路型態,事故位置,路面狀況1,路面狀況2,路面狀況3,道路障礙1,道路障礙2,號誌1,號誌2,車道劃分-分向,車道劃分-分道1,車道劃分-分道2,車道劃分-分道3,事故類型及型態,性別,年齡,受傷程度,主要傷處,保護裝置,行動電話,車輛用途,當事者行動狀態,駕駛資格情形,駕駛執照種類,飲酒情形,車輛撞擊部位1,車輛撞擊部位2,肇因碼-個別,肇因碼-主要,個人肇逃否,職業,旅次目的,座標-X,座標-Y
112,5,1,17,17,2,06松山區,松山區八德路3段20號,0,0,2,1,C03,8,1,5,50,14,9,1,4,4,5,7,4,4,5,5,5,2,13,1,15,2,9,3,4,7,9,2,18,1,11,,13,,1,22,9,121.5509843,25.04812505
112,5,1,18,15,2,08士林區,士林區忠勇街9號,0,0,1,1,C03,8,1,5,30,14,9,1,5,4,5,7,4,4,10,5,5,1,17,1,26,2,8,1,1,7,9,3,18,1,14,,23,,1,22,9,121.5341991,25.09804682
112,5,1,18,15,2,08士林區,士林區忠勇街9號,0,0,1,2,B03,8,1,5,30,14,9,1,5,4,5,7,4,4,10,5,5,1,17,1,64,3,10,1,1,7,14,1,8,1,2,,44,,1,22,9,121.5341991,25.09804682
112,5,1,18,19,2,04大安區,大安區和平東路3段與敦化南路2段口,0,0,1,2,C01,8,2,5,50,4,1,1,5,4,5,7,1,1,1,1,3,2,16,1,28,2,9,1,1,7,9,1,9,1,11,,44,,1,22,9,121.5490075,25.02454281
112,5,1,18,19,2,04大安區,大安區和平東路3段與敦化南路2段口,0,0,1,1,B03,8,2,5,50,4,1,1,5,4,5,7,1,1,1,1,3,2,16,1,26,3,10,1,1,7,6,1,8,1,5,,9,,1,22,9,121.5490075,25.02454281
112,5,1,19,1,2,07信義區,信義區信義路5段與基隆路2段口口,0,0,2,3,,7,3,5,50,4,2,1,5,4,5,7,2,1,1,4,5,2,9,3,,,,,,,,,,,,,67,,1,,,121.5595527,25.03295987
112,5,1,19,1,2,07信義區,信義區信義路5段與基隆路2段口口,0,0,2,2,H02,7,3,5,50,4,2,1,5,4,5,7,2,1,1,4,5,2,9,1,20,2,9,3,4,7,21,8,20,10,16,,67,,1,22,9,121.5595527,25.03295987
112,5,1,19,1,2,07信義區,信義區信義路5段與基隆路2段口口,0,0,2,1,C03,7,3,5,50,4,2,1,5,4,5,7,2,1,1,4,5,2,9,1,20,2,9,3,4,7,9,1,10,1,12,,17,,1,22,9,121.5595527,25.03295987
112,5,1,19,1,2,07信義區,信義區信義路5段與基隆路2段口口,,,2,1,C03,,,,50,,,,,,,,,,,,,,,1,,,,,,,,,,1,,,,,,,,121.5471039,25.04804993
112,5,1,19,1,2,07信義區,信義區信義路5段與基隆路2段口口,,,2,2,,,,,50,,,,,,,,,,,,,,,1,,,,,,,,,,10,,,,,,,,121.5471039,25.04804993
112,5,1,19,1,2,07信義區,信義區信義路5段與基隆路2段口口,,,2,3,,,,,50,,,,,,,,,,,,,,,3,,,,,,,,,,,,,,,,,,121.5471039,25.04804993
112,5,1,19,2,2,01大同區,大同區長安西路與西寧北路口,0,0,1,1,C03,7,3,5,50,4,1,4,5,4,5,7,1,1,9,4,5,1,16,1,21,2,7,3,4,7,5,1,10,1,11,,6,,1,22,9,121.5085536,25.052032
112,5,1,19,2,2,01大同區,大同區長安西路與西寧北路口,0,0,1,2,C03,7,3,5,50,4,1,4,5,4,5,7,1,1,9,4,5,1,16,1,45,3,10,3,4,7,9,1,10,1,11,,44,,1,22,9,121.5085536,25.052032
112,5,1,19,10,2,05中正區,中正區中山南路與青島東路口,0,0,1,2,B02,8,3,5,50,4,1,1,5,4,5,7,1,1,1,4,5,2,17,4,39,4,11,3,4,7,15,7,19,11,15,,44,,2,22,9,121.5193677,25.0445034
112,5,1,19,10,2,05中正區,中正區中山南路與青島東路口,0,0,1,4,H02,8,3,5,50,4,1,1,5,4,5,7,1,1,1,4,5,2,17,2,48,2,1,4,5,7,20,8,20,10,16,,67,,1,22,9,121.5193677,25.0445034
112,5,1,19,10,2,05中正區,中正區中山南路與青島東路口,0,0,1,1,B03,8,3,5,50,4,1,1,5,4,5,7,1,1,1,4,5,2,17,4,0,4,11,3,4,7,10,7,19,11,15,,7,,2,22,9,121.5193677,25.0445034
112,5,1,19,10,2,05中正區,中正區中山南路與青島東路口,0,0,1,3,A04,8,3,5,50,4,1,1,5,4,5,7,1,1,1,4,5,2,17,1,26,3,10,1,1,7,9,1,2,2,15,,44,,1,22,9,121.5193677,25.0445034
112,5,1,19,29,2,07信義區,信義區松智路與松壽路口,0,0,2,3,H02,8,3,5,50,4,2,1,5,4,5,7,1,1,4,3,4,2,17,2,51,2,8,1,1,7,21,8,20,10,15,,67,,1,22,9,121.5653116,25.0358106
112,5,1,19,29,2,07信義區,信義區松智路與松壽路口,0,0,2,2,B01,8,3,5,50,4,2,1,5,4,5,7,1,1,4,3,4,2,17,1,51,3,10,1,1,7,9,1,4,1,4,,44,,1,22,9,121.5653116,25.0358106
112,5,1,19,29,2,07信義區,信義區松智路與松壽路口,0,0,2,1,C03,8,3,5,50,4,2,1,5,4,5,7,1,1,4,3,4,2,17,1,46,2,8,1,1,7,6,1,10,1,11,,9,,1,22,9,121.5653116,25.0358106
112,5,1,19,30,2,11南港區,南港區市民大道7段與中坡北路口口,0,0,2,2,C03,7,3,5,0,4,1,1,5,4,5,7,2,1,1,4,5,2,3,1,27,2,9,1,1,7,9,4,8,2,11,,15,,1,22,9,121.5799988,25.0495051
112,5,1,19,30,2,11南港區,南港區市民大道7段與中坡北路口口,0,0,2,1,H01,7,3,5,0,4,1,1,5,4,5,7,2,1,1,4,5,2,3,2,68,2,9,4,5,8,16,8,20,10,16,,52,,1,22,9,121.5799988,25.0495051
112,5,1,20,0,2,10文山區,文山區木新路3段243巷與木新路3段口,0,0,2,2,C03,8,3,5,50,3,2,1,5,4,5,7,4,4,9,4,5,1,17,1,62,2,9,1,1,7,9,1,10,1,11,,14,,1,22,9,121.5587007,24.9811792
112,5,1,20,0,2,10文山區,文山區木新路3段243巷與木新路3段口,0,0,2,3,H02,8,3,5,50,3,2,1,5,4,5,7,4,4,9,4,5,1,17,2,58,2,9,1,1,7,21,8,20,10,15,,67,,1,22,9,121.5587007,24.9811792
112,5,1,20,0,2,10文山區,文山區木新路3段243巷與木新路3段口,0,0,2,1,C03,8,3,5,50,3,2,1,5,4,5,7,4,4,9,4,5,1,17,1,26,3,10,1,1,7,5,1,10,1,11,,6,,1,22,9,121.5587007,24.9811792
112,5,1,20,29,2,03中山區,中山區八德路2段332巷與八德路2段口,0,0,2,2,C03,8,3,5,50,3,1,1,5,4,5,7,2,1,5,2,5,1,12,1,42,2,9,1,1,7,9,1,10,1,11,,26,,1,22,9,121.543364,25.04744545
112,5,1,20,29,2,03中山區,中山區八德路2段332巷與八德路2段口,0,0,2,1,C03,8,3,5,50,3,1,1,5,4,5,7,2,1,5,2,5,1,12,1,33,2,9,1,1,7,7,1,10,1,14,,7,,1,22,9,121.543364,25.04744545
112,5,1,20,50,2,11南港區,南港區重陽路2號,0,0,1,1,B03,7,3,5,50,14,9,1,5,4,5,7,4,4,5,4,5,2,13,1,66,3,10,1,1,7,11,1,8,2,4,,10,,1,22,9,121.5953609,25.05499611
112,5,1,20,50,2,11南港區,南港區重陽路2號,0,0,1,2,C03,7,3,5,50,14,9,1,5,4,5,7,4,4,5,4,5,2,13,1,21,2,9,1,1,7,9,1,10,2,11,,44,,1,22,9,121.5953609,25.05499611
112,5,1,21,13,2,06松山區,松山區市民大道4段與八德路3段12巷57弄口,0,0,1,1,B03,8,3,5,30,3,1,1,5,4,5,7,4,4,9,4,5,2,16,2,28,3,10,1,1,7,6,1,8,1,8,,6,,1,22,9,121.5519216,25.04455668
112,5,1,21,13,2,06松山區,松山區市民大道4段與八德路3段12巷57弄口,0,0,1,2,C03,8,3,5,30,3,1,1,5,4,5,7,4,4,9,4,5,2,16,1,33,2,9,1,1,7,9,1,10,1,11,,23,,1,22,9,121.5519216,25.04455668
112,5,1,21,45,2,01大同區,大同區民權西路與重慶北路2段口,0,0,1,2,C03,7,3,5,50,4,2,1,5,4,5,7,1,1,1,4,5,2,17,2,20,2,8,1,1,7,9,1,10,1,11,,23,,1,22,9,121.5134794,25.0628817
112,5,1,21,45,2,01大同區,大同區民權西路與重慶北路2段口,0,0,1,1,C03,7,3,5,50,4,2,1,5,4,5,7,1,1,1,4,5,2,17,1,26,3,10,1,1,7,6,1,10,1,12,,9,,1,22,9,121.5134794,25.0628817
112,5,1,21,45,2,06松山區,松山區光復北路與延壽街口,0,0,1,1,B03,8,3,5,50,4,1,1,5,4,5,7,2,1,5,4,5,2,16,1,28,3,10,1,1,7,5,1,8,1,8,,25,,1,22,9,121.5555643,25.0561999
112,5,1,21,45,2,06松山區,松山區光復北路與延壽街口,0,0,1,2,C03,8,3,5,50,4,1,1,5,4,5,7,2,1,5,4,5,2,16,2,56,2,9,1,1,7,9,3,18,1,14,,14,,1,22,9,121.5555643,25.0561999
112,5,1,21,56,2,03中山區,中山區民族東路向西過松江路,0,0,1,1,C03,8,3,5,50,14,9,1,5,4,5,7,4,4,1,4,5,2,17,1,19,2,9,1,1,7,9,1,10,2,14,,44,,1,22,9,121.532714,25.068315
112,5,1,21,56,2,03中山區,中山區民族東路向西過松江路,0,0,1,2,C03,8,3,5,50,14,9,1,5,4,5,7,4,4,1,4,5,2,17,1,20,3,10,1,1,7,8,1,10,2,15,,7,,1,22,9,121.532714,25.068315
112,5,1,22,40,2,07信義區,信義區基隆路1段與松隆路口,0,0,1,3,B03,8,3,5,50,5,1,1,5,4,5,7,2,1,1,4,5,1,16,2,24,3,10,3,4,7,9,1,8,1,5,,44,,1,22,9,121.5659527,25.043344
112,5,1,22,40,2,07信義區,信義區基隆路1段與松隆路口,0,0,1,1,B03,8,3,5,50,5,1,1,5,4,5,7,2,1,1,4,5,1,16,1,55,3,10,3,4,7,6,3,18,1,5,,9,,1,22,9,121.5659527,25.043344
112,5,1,22,40,2,07信義區,信義區基隆路1段與松隆路口,0,0,1,2,C03,8,3,5,50,5,1,1,5,4,5,7,2,1,1,4,5,1,16,1,25,2,9,3,4,7,6,1,10,1,14,,9,,1,22,9,121.5659527,25.043344
112,5,1,22,50,2,12內湖區,內湖區安康路與東湖路口,0,0,2,3,B12,8,3,5,50,4,1,1,5,4,5,7,1,1,5,5,5,2,16,1,57,3,10,1,1,7,14,1,8,9,15,,38,,1,22,9,121.59036,25.080734
112,5,1,22,50,2,12內湖區,內湖區安康路與東湖路口,0,0,2,2,F01,8,3,5,50,4,1,1,5,4,5,7,1,1,5,5,5,2,16,1,18,2,9,2,1,7,9,8,20,9,16,,42,,1,22,9,121.59036,25.080734
112,5,1,22,50,2,12內湖區,內湖區安康路與東湖路口,0,0,2,1,C02,8,3,5,50,4,1,1,5,4,5,7,1,1,5,5,5,2,16,1,29,2,9,1,3,7,6,1,9,9,11,,23,,1,22,9,121.59036,25.080734
112,5,1,23,1,2,08士林區,士林區仰德大道4段75號,0,0,2,1,B03,8,3,5,40,14,9,1,5,4,5,7,2,1,4,3,5,1,12,2,61,3,10,1,1,7,6,1,8,1,5,,9,,1,22,9,121.5469634,25.1310259
112,5,1,23,1,2,08士林區,士林區仰德大道4段75號,0,0,2,3,H02,8,3,5,40,14,9,1,5,4,5,7,2,1,4,3,5,1,12,1,20,2,8,1,5,7,17,8,20,10,16,,67,,1,22,9,121.5469634,25.1310259
112,5,1,23,1,2,08士林區,士林區仰德大道4段75號,0,0,2,2,C03,8,3,5,40,14,9,1,5,4,5,7,2,1,4,3,5,1,12,2,20,2,8,1,1,7,9,1,10,1,14,,44,,1,22,9,121.5469634,25.1310259
112,5,1,23,29,2,04大安區,大安區金山南路2段與愛國東路口口,0,0,3,2,C03,7,1,5,50,4,2,1,5,4,5,7,1,1,1,3,4,1,12,1,19,2,7,1,1,7,9,1,10,1,14,,44,,1,22,9,121.5268762,25.03155123
112,5,1,23,29,2,04大安區,大安區金山南路2段與愛國東路口口,0,0,3,3,F03,7,1,5,50,4,2,1,5,4,5,7,1,1,1,3,4,1,12,1,64,2,7,1,1,7,14,8,20,1,16,,32,,1,22,9,121.5268762,25.03155123
112,5,1,23,29,2,04大安區,大安區金山南路2段與愛國東路口口,0,0,3,4,H02,7,1,5,50,4,2,1,5,4,5,7,1,1,1,3,4,1,12,2,64,2,7,1,5,7,20,8,20,10,16,,67,,1,22,9,121.5268762,25.03155123
112,5,1,23,29,2,04大安區,大安區金山南路2段與愛國東路口口,0,0,3,1,C03,7,1,5,50,4,2,1,5,4,5,7,1,1,1,3,4,1,12,2,22,3,10,1,1,7,8,1,10,1,12,,7,,1,22,9,121.5268762,25.03155123
112,5,1,23,31,2,05中正區,中正區汀州路3段與師大路口口,0,0,1,1,C03,8,3,5,50,14,9,1,5,4,5,7,1,1,1,4,5,2,13,1,56,2,8,1,1,7,9,1,10,1,11,,16,,1,22,9,121.5245273,25.0207379
112,5,1,23,31,2,05中正區,中正區汀州路3段與師大路口口,0,0,1,2,B02,8,3,5,50,14,9,1,5,4,5,7,1,1,1,4,5,2,13,2,30,3,10,1,1,7,9,1,8,1,3,,42,,1,22,9,121.5245273,25.0207379
112,5,1,23,32,2,02萬華區,萬華區華江橋往新北市機車道引道,0,0,1,1,C03,8,3,7,40,14,11,1,5,4,5,7,4,4,10,5,5,2,17,2,62,2,9,1,1,7,9,1,10,1,11,,16,,1,22,9,121.4957709,25.0388149
112,5,1,23,32,2,02萬華區,萬華區華江橋往新北市機車道引道,0,0,1,2,C03,8,3,7,40,14,11,1,5,4,5,7,4,4,10,5,5,2,17,2,59,3,10,1,1,7,12,1,10,1,13,,42,,1,22,9,121.4957709,25.0388149
112,5,1,23,34,2,07信義區,信義區信義路6段15巷與信義路6段15巷12弄口,0,0,2,1,C03,8,3,5,30,4,1,1,5,4,5,7,4,4,10,5,5,1,15,1,28,2,9,3,4,7,9,1,10,1,12,,6,,1,22,9,121.5751338,25.0349281
112,5,1,23,34,2,07信義區,信義區信義路6段15巷與信義路6段15巷12弄口,0,0,2,2,C03,8,3,5,30,4,1,1,5,4,5,7,4,4,10,5,5,1,15,1,31,2,9,3,4,7,9,1,10,1,11,,13,,1,22,9,121.5751338,25.0349281
112,5,1,23,51,2,07信義區,信義區林口街52巷與福德街84巷口口,0,0,1,1,B03,8,3,5,30,3,1,1,5,4,5,7,4,4,9,4,5,1,16,1,32,3,10,3,4,7,5,1,8,1,4,,6,,1,22,9,121.5807011,25.038813
112,5,1,23,51,2,07信義區,信義區林口街52巷與福德街84巷口口,0,0,1,2,C03,8,3,5,30,3,1,1,5,4,5,7,4,4,9,4,5,1,16,1,20,2,9,3,4,7,9,1,10,1,11,,13,,1,22,9,121.5807011,25.038813
112,5,2,0,30,2,07信義區,信義區吳興街與吳興街225巷口口,0,0,2,1,C03,8,3,5,50,4,1,1,5,4,5,7,2,1,5,5,5,1,16,1,43,2,9,3,4,7,5,1,9,1,11,,6,,1,22,9,121.5631259,25.0277305
112,5,2,0,30,2,07信義區,信義區吳興街與吳興街225巷口口,0,0,2,2,C03,8,3,5,50,4,1,1,5,4,5,7,2,1,5,5,5,1,16,1,20,2,9,3,4,7,9,1,10,1,11,,23,,1,22,9,121.5631259,25.0277305
112,5,2,5,55,2,01大同區,大同區民權西路與承德路3段口,0,0,2,1,C03,8,1,5,50,4,2,1,5,4,5,7,1,1,1,4,5,2,17,1,19,2,7,1,1,7,9,1,10,1,11,,16,,1,22,9,121.5185901,25.062975
112,5,2,5,55,2,01大同區,大同區民權西路與承德路3段口,0,0,2,2,C03,8,1,5,50,4,2,1,5,4,5,7,1,1,1,4,5,2,17,1,61,2,8,1,1,7,12,1,10,1,13,,42,,1,22,9,121.5185901,25.062975
112,5,2,6,36,2,02萬華區,萬華區西藏路285號,0,0,1,1,A02,8,1,5,50,14,9,1,5,4,5,7,4,4,1,4,5,2,17,1,28,3,10,1,1,7,9,1,2,2,5,,23,,1,22,9,121.4928749,25.0283785
112,5,2,6,36,2,02萬華區,萬華區西藏路285號,0,0,1,3,B02,8,1,5,50,14,9,1,5,4,5,7,4,4,1,4,5,2,17,1,56,3,10,1,1,7,13,1,8,1,7,,44,,1,22,9,121.4928749,25.0283785
112,5,2,6,36,2,02萬華區,萬華區西藏路285號,0,0,1,2,B12,8,1,5,50,14,9,1,5,4,5,7,4,4,1,4,5,2,17,1,32,2,9,1,1,7,15,1,8,2,7,,38,,1,22,9,121.4928749,25.0283785
112,5,2,7,40,2,04大安區,大安區和平東路2段311巷與和平東路2段口對面,0,0,1,1,C03,8,1,5,50,3,2,1,5,4,5,7,2,1,1,4,5,2,17,2,20,2,9,1,4,7,9,1,10,1,14,,16,,1,22,9,121.5448942,25.0247648
112,5,2,7,40,2,04大安區,大安區和平東路2段311巷與和平東路2段口對面,0,0,1,2,B03,8,1,5,50,3,2,1,5,4,5,7,2,1,1,4,5,2,17,2,42,3,10,3,4,7,12,1,8,1,6,,44,,1,22,9,121.5448942,25.0247648
112,5,2,8,9,2,05中正區,中正區忠孝東路1段7號前,0,0,2,1,C03,8,1,5,50,14,9,1,5,4,5,7,4,4,9,4,4,1,16,1,42,2,9,1,1,7,6,1,10,2,12,,9,,1,21,1,121.5222306,25.0451928
112,5,2,8,9,2,05中正區,中正區忠孝東路1段7號前,0,0,2,2,C03,8,1,5,50,14,9,1,5,4,5,7,4,4,9,4,4,1,16,1,22,2,9,1,1,7,9,1,10,2,11,,16,,1,21,1,121.5222306,25.0451928
112,5,2,8,15,2,12內湖區,內湖區成功路3段與文德路口,0,0,1,2,C03,8,1,5,50,3,1,1,5,4,5,7,1,1,1,4,5,2,13,2,39,2,9,1,1,7,12,1,10,1,13,,42,,1,22,9,121.5895115,25.07928444
112,5,2,8,15,2,12內湖區,內湖區成功路3段與文德路口,0,0,1,1,C03,8,1,5,50,3,1,1,5,4,5,7,1,1,1,4,5,2,13,1,52,3,10,1,1,7,9,1,10,11,11,,23,,1,22,9,121.5895115,25.07928444
112,5,2,8,18,2,05中正區,中正區忠孝東路2段與金山南路1段口,0,0,1,2,B03,8,1,5,50,4,1,1,5,4,5,7,1,1,1,4,5,1,12,2,66,3,10,1,1,7,9,1,8,2,5,,44,,1,22,9,121.5297376,25.0430798
112,5,2,8,18,2,05中正區,中正區忠孝東路2段與金山南路1段口,0,0,1,1,C03,8,1,5,50,4,1,1,5,4,5,7,1,1,1,4,5,1,12,2,19,2,9,1,1,7,5,1,10,2,12,,8,,1,22,9,121.5297376,25.0430798
112,5,2,8,21,2,02萬華區,萬華區桂林路與昆明街口,0,0,2,1,C03,8,1,5,50,4,2,1,5,4,5,7,2,1,5,4,4,2,17,1,40,2,9,1,1,7,8,1,10,1,13,,7,,1,22,9,121.5038377,25.0380071
112,5,2,8,21,2,02萬華區,萬華區桂林路與昆明街口,0,0,2,2,C03,8,1,5,50,4,2,1,5,4,5,7,2,1,5,4,4,2,17,1,28,2,9,1,1,7,9,1,10,1,11,,13,,1,22,9,121.5038377,25.0380071
112,5,2,8,21,2,02萬華區,萬華區桂林路與昆明街口,0,0,2,3,H02,8,1,5,50,4,2,1,5,4,5,7,2,1,5,4,4,2,17,2,39,4,11,1,5,7,20,8,20,10,16,,67,,1,22,9,121.5038377,25.0380071
112,5,2,8,30,2,09北投區,北投區承德路6段與文承路口,0,0,2,2,C03,8,1,5,60,14,9,1,5,4,5,7,4,4,9,4,4,2,13,1,22,2,9,1,1,7,9,1,10,1,13,,44,,1,22,9,121.5124096,25.10568141
112,5,2,8,30,2,09北投區,北投區承德路6段與文承路口,0,0,2,1,C03,8,1,5,60,14,9,1,5,4,5,7,4,4,9,4,4,2,13,2,44,2,9,1,1,7,9,1,10,1,11,,16,,1,22,9,121.5124096,25.10568141
112,5,2,8,30,2,05中正區,中正區汀州路1段237巷與泉州街20巷口,0,0,1,2,C03,8,1,5,30,4,1,1,5,4,5,3,4,4,10,5,5,2,17,2,52,2,2,1,1,7,9,1,10,11,11,,6,,1,22,9,121.512766,25.0267592
112,5,2,8,30,2,05中正區,中正區汀州路1段237巷與泉州街20巷口,0,0,1,1,B03,8,1,5,30,4,1,1,5,4,5,3,4,4,10,5,5,2,17,2,53,4,11,3,4,7,15,7,19,11,15,,14,,2,22,9,121.512766,25.0267592
112,5,2,8,35,2,05中正區,中正區林森南路地下道往南,0,0,2,1,C03,8,1,5,50,14,9,1,5,4,5,7,4,4,10,2,5,2,13,1,19,2,8,1,1,7,9,1,10,1,11,,16,,1,22,9,121.5202287,25.03557712
112,5,2,8,35,2,05中正區,中正區林森南路地下道往南,0,0,2,2,C03,8,1,5,50,14,9,1,5,4,5,7,4,4,10,2,5,2,13,2,31,2,9,1,1,7,9,1,10,1,11,,16,,1,22,9,121.5202287,25.03557712
112,5,2,8,35,2,05中正區,中正區林森南路地下道往南,0,0,2,3,C03,8,1,5,50,14,9,1,5,4,5,7,4,4,10,2,5,2,13,1,31,3,10,1,1,7,9,1,10,11,13,,44,,1,22,9,121.5202287,25.03557712
112,5,2,8,35,2,05中正區,中正區林森南路地下道往南,0,0,2,4,C03,8,1,5,50,14,9,1,5,4,5,7,4,4,10,2,5,2,13,2,56,3,10,1,1,7,14,1,10,11,15,,42,,1,22,9,121.5202287,25.03557712
112,5,2,8,50,2,09北投區,北投區承德路7段380號前,0,0,2,2,C03,8,1,5,60,14,9,1,5,4,5,7,4,4,1,4,5,2,12,1,31,2,7,1,1,7,9,1,10,1,12,,23,,1,22,9,121.5024329,25.1188718
112,5,2,8,50,2,09北投區,北投區承德路7段380號前,0,0,2,1,C03,8,1,5,60,14,9,1,5,4,5,7,4,4,1,4,5,2,12,1,70,2,9,1,1,7,7,1,10,1,14,,7,,1,22,9,121.5024329,25.1188718
112,5,2,8,50,2,12內湖區,內湖區民權東路6段2號,0,0,1,2,C03,8,1,5,40,14,9,1,5,4,5,7,4,4,10,4,5,1,12,1,44,2,9,1,1,7,9,1,10,1,14,,44,,1,22,9,121.5729737,25.0646555
112,5,2,8,50,2,12內湖區,內湖區民權東路6段2號,0,0,1,1,B11,8,1,5,40,14,9,1,5,4,5,7,4,4,10,4,5,1,12,1,53,3,10,1,1,7,6,1,8,1,2,,9,,1,22,9,121.5729737,25.0646555
112,5,2,8,51,2,01大同區,台北橋機慢車道(往東),0,0,1,3,H02,8,1,5,40,8,8,1,5,4,5,7,4,4,1,5,5,2,13,2,34,2,5,1,5,7,20,8,20,10,16,,67,,1,22,9,121.5083873,25.0633205
112,5,2,8,51,2,01大同區,台北橋機慢車道(往東),0,0,1,1,C03,8,1,5,40,8,8,1,5,4,5,7,4,4,1,5,5,2,13,2,35,3,10,1,1,7,9,1,10,1,11,,23,,1,22,9,121.5083873,25.0633205
112,5,2,8,51,2,01大同區,台北橋機慢車道(往東),0,0,1,2,C03,8,1,5,40,8,8,1,5,4,5,7,4,4,1,5,5,2,13,1,34,3,10,1,1,7,9,1,10,1,13,,44,,1,22,9,121.5083873,25.0633205
112,5,2,8,59,2,03中山區,中山區中山北路4段往北過酒泉街第4支燈桿,0,0,1,2,C03,8,1,5,50,14,9,1,5,4,5,7,4,4,2,4,5,2,17,1,43,2,9,1,1,7,9,1,10,1,12,,13,,1,22,9,121.5236452,25.07087386
112,5,2,8,59,2,03中山區,中山區中山北路4段往北過酒泉街第4支燈桿,0,0,1,1,C03,8,1,5,50,14,9,1,5,4,5,7,4,4,2,4,5,2,17,2,39,3,10,1,1,7,8,1,10,1,13,,7,,1,22,9,121.5236452,25.07087386
112,5,2,9,0,2,12內湖區,內湖區環東大道東向西,0,0,3,3,B03,8,1,5,80,10,7,1,5,4,5,7,4,4,1,4,5,2,13,2,47,3,10,1,1,7,12,1,8,2,3,,44,,1,22,9,121.5840012,25.05856183
112,5,2,9,0,2,12內湖區,內湖區環東大道東向西,0,0,3,7,H02,8,1,5,80,10,7,1,5,4,5,7,4,4,1,4,5,2,13,2,30,2,2,1,5,7,21,8,20,10,16,,67,,1,22,9,121.5840012,25.05856183
112,5,2,9,0,2,12內湖區,內湖區環東大道東向西,0,0,3,6,B03,8,1,5,80,10,7,1,5,4,5,7,4,4,1,4,5,2,13,1,32,3,10,1,1,7,9,1,8,2,1,,16,,1,22,9,121.5840012,25.05856183
112,5,2,9,0,2,12內湖區,內湖區環東大道東向西,0,0,3,4,B03,8,1,5,80,10,7,1,5,4,5,7,4,4,1,4,5,2,13,1,32,2,5,1,1,7,12,1,8,2,3,,44,,1,22,9,121.5840012,25.05856183
112,5,2,9,0,2,12內湖區,內湖區環東大道東向西,0,0,3,2,B03,8,1,5,80,10,7,1,5,4,5,7,4,4,1,4,5,2,13,1,48,3,10,1,1,7,9,1,8,2,1,,16,,1,22,9,121.5840012,25.05856183
112,5,2,9,0,2,12內湖區,內湖區環東大道東向西,0,0,3,1,B03,8,1,5,80,10,7,1,5,4,5,7,4,4,1,4,5,2,13,1,44,3,10,1,1,7,12,1,8,2,3,,44,,1,22,9,121.5840012,25.05856183
112,5,2,9,0,2,12內湖區,內湖區環東大道東向西,0,0,3,5,B03,8,1,5,80,10,7,1,5,4,5,7,4,4,1,4,5,2,13,2,46,2,7,1,1,7,9,1,8,2,1,,16,,1,22,9,121.5840012,25.05856183
112,5,2,9,20,2,07信義區,信義區光復南路與光復南路419巷口,0,0,2,2,F01,8,1,5,30,3,2,1,5,4,5,7,4,4,10,5,5,1,17,2,74,2,9,2,1,7,1,8,20,1,16,,19,,1,22,9,121.5576927,25.03686825
112,5,2,9,20,2,07信義區,信義區光復南路與光復南路419巷口,0,0,2,1,C03,8,1,5,30,3,2,1,5,4,5,7,4,4,10,5,5,1,17,1,24,2,8,1,1,7,6,1,10,1,12,,6,,1,22,9,121.5576927,25.03686825
112,5,2,9,30,2,09北投區,北投區學園路1號,0,0,2,1,C03,8,1,5,40,14,9,1,5,4,5,7,1,1,9,1,5,2,16,1,21,2,9,1,1,7,9,1,10,2,12,,23,,1,22,9,121.4659743,25.12964648
112,5,2,9,30,2,09北投區,北投區學園路1號,0,0,2,2,B03,8,1,5,40,14,9,1,5,4,5,7,1,1,9,1,5,2,16,1,39,2,7,1,1,7,11,1,8,2,4,,10,,1,22,9,121.4659743,25.12964648
112,5,2,9,33,2,10文山區,文山區忠順街1段與木新路3段310巷口,0,0,2,1,C03,8,1,5,30,3,2,1,5,4,5,7,3,1,5,5,5,2,3,1,68,2,9,1,4,7,9,1,10,2,11,,15,,1,22,9,121.5564546,24.9833626
112,5,2,9,33,2,10文山區,文山區忠順街1段與木新路3段310巷口,0,0,2,2,H01,8,1,5,30,3,2,1,5,4,5,7,3,1,5,5,5,2,3,2,72,2,9,4,5,8,16,8,20,10,16,,60,,1,22,9,121.5564546,24.9833626
112,5,2,9,38,2,06松山區,松山區敦化北路3號,0,0,1,2,C03,8,1,8,50,15,22,1,5,4,5,7,4,4,1,4,4,2,13,1,56,2,9,3,4,7,12,1,10,2,13,,44,,1,22,9,121.5491615,25.04977115
112,5,2,9,38,2,06松山區,松山區敦化北路3號,0,0,1,1,B12,8,1,8,50,15,22,1,5,4,5,7,4,4,1,4,4,2,13,1,32,3,10,3,4,7,9,1,8,2,1,,16,,1,22,9,121.5491615,25.04977115
112,5,2,9,48,2,07信義區,信義區大道路103號,0,0,2,3,B03,8,1,5,50,14,9,1,5,4,3,5,4,4,4,4,5,2,13,1,64,4,11,3,4,7,15,7,19,11,15,,38,,2,22,9,121.5829104,25.039957
112,5,2,9,48,2,07信義區,信義區大道路103號,0,0,2,1,F01,8,1,5,50,14,9,1,5,4,3,5,4,4,4,4,5,2,13,1,66,2,9,2,1,7,9,8,20,1,16,,23,,1,21,8,121.5829104,25.039957
112,5,2,9,48,2,07信義區,信義區大道路103號,0,0,2,2,C03,8,1,5,50,14,9,1,5,4,3,5,4,4,4,4,5,2,13,2,24,2,9,1,1,7,9,1,10,1,11,14,23,,1,21,8,121.5829104,25.039957