發生年度,發生月,發生日,發生時-Hours,發生分,處理別-編號,區序,肇事地點,死亡人數,2-30日死亡人數,受傷人數,當事人序號,車種,天候,光線,道路類別,速限-速度限制,道路型態,事故位置,路面狀況1,路面狀況2,路面狀況3,道路障礙1,道路障礙2,號誌1,號誌2,車道劃分-分向,車道劃分-分道1,車道劃分-分道2,車道劃分-分道3,事故類型及型態,性別,年齡,受傷程度,主要傷處,保護裝置,行動電話,車輛用途,當事者行動狀態,駕駛資格情形,駕駛執照種類,飲酒情形,車輛撞擊部位1,車輛撞擊部位2,肇因碼-個別,肇因碼-主要,個人肇逃否,職業,旅次目的,座標-X,座標-Y
112,5,4,0,5,2,02萬華區,萬華區桂林路64號,0,0,1,2,B12,8,3,5,50,14,9,1,5,4,5,7,1,1,5,4,5,2,13,1,37,3,10,1,4,7,14,1,8,1,3,,44,,1,22,9,121.5027072,25.03815359
112,5,4,0,5,2,02萬華區,萬華區桂林路64號,0,0,1,1,C03,8,3,5,50,14,9,1,5,4,5,7,1,1,5,4,5,2,13,1,21,2,7,1,4,7,9,1,10,1,11,,23,,1,22,9,121.5027072,25.03815359
112,5,4,0,19,2,01大同區,大同區民權西路137號,0,0,1,1,B01,8,3,5,0,14,9,1,5,4,5,7,4,4,9,4,5,2,12,1,69,3,10,3,4,7,8,1,4,1,6,,7,,1,22,9,121.5169005,25.0630918
112,5,4,0,19,2,01大同區,大同區民權西路137號,0,0,1,2,C03,8,3,5,0,14,9,1,5,4,5,7,4,4,9,4,5,2,12,2,21,2,9,1,4,7,9,1,10,1,14,,44,,1,22,9,121.5169005,25.0630918
112,5,4,0,23,2,02萬華區,萬華區中華路1段與武昌街2段口,0,0,1,2,C03,8,3,5,50,4,4,1,5,4,5,7,1,1,1,4,5,2,12,1,25,2,8,1,4,7,14,1,9,1,14,,44,,1,22,9,121.5087769,25.04446617
112,5,4,0,23,2,02萬華區,萬華區中華路1段與武昌街2段口,0,0,1,1,,8,3,5,50,4,4,1,5,4,5,7,1,1,1,4,5,2,12,4,0,4,11,3,4,7,15,7,19,11,15,,43,,2,22,9,121.5087769,25.04446617
112,5,4,0,43,2,05中正區,中正區汀州路2段與重慶南路3段口,0,0,1,1,B01,8,3,5,30,4,1,1,5,4,5,7,1,1,3,4,5,2,17,1,55,3,10,1,1,7,5,1,4,2,2,,6,,1,22,9,121.5164801,25.0256667
112,5,4,0,43,2,05中正區,中正區汀州路2段與重慶南路3段口,0,0,1,2,C03,8,3,5,30,4,1,1,5,4,5,7,1,1,3,4,5,2,17,1,33,2,9,1,1,7,9,1,9,1,11,,45,,1,22,9,121.5164801,25.0256667
112,5,4,1,30,2,01大同區,大同區鄭州路與西寧北路口口,0,0,1,2,C03,8,3,5,40,4,1,1,5,4,5,7,2,1,8,3,5,2,12,1,17,3,10,1,1,7,9,2,18,1,11,,26,,1,22,9,121.5082021,25.0506052
112,5,4,1,30,2,01大同區,大同區鄭州路與西寧北路口口,0,0,1,1,C03,8,3,5,40,4,1,1,5,4,5,7,2,1,8,3,5,2,12,2,27,2,9,1,1,7,5,1,10,1,13,,8,,1,22,9,121.5082021,25.0506052
112,5,4,7,20,2,05中正區,中正區南海路與泉州街口,0,0,1,2,B03,8,1,5,30,3,2,1,5,4,5,7,1,1,10,4,5,2,13,1,58,3,10,3,4,7,9,1,8,1,8,,16,,1,22,9,121.5132619,25.0317757
112,5,4,7,20,2,05中正區,中正區南海路與泉州街口,0,0,1,1,C03,8,1,5,30,3,2,1,5,4,5,7,1,1,10,4,5,2,13,2,57,2,9,3,4,7,12,1,10,1,13,,44,,1,22,9,121.5132619,25.0317757
112,5,4,7,30,2,03中山區,中山區濱江街與濱江街口西向東，林安泰古厝前,0,0,1,3,B03,8,1,5,50,3,1,1,5,4,5,7,2,1,10,4,4,2,13,1,25,3,10,3,4,7,9,1,8,2,2,,44,,1,22,9,121.5301032,25.071455
112,5,4,7,30,2,03中山區,中山區濱江街與濱江街口西向東，林安泰古厝前,0,0,1,2,B03,8,1,5,50,3,1,1,5,4,5,7,2,1,10,4,4,2,13,1,40,3,10,3,4,7,14,1,8,2,7,,44,,1,22,9,121.5301032,25.071455
112,5,4,7,30,2,03中山區,中山區濱江街與濱江街口西向東，林安泰古厝前,0,0,1,1,C03,8,1,5,50,3,1,1,5,4,5,7,2,1,10,4,4,2,13,1,64,2,9,1,4,4,7,1,10,2,12,,23,,1,22,9,121.5301032,25.071455
112,5,4,7,36,2,03中山區,中山區中山北路3段59號與中山北路3段口無名巷,0,0,1,1,B03,8,1,5,30,3,2,1,5,4,5,7,4,4,5,4,5,2,16,1,45,3,10,3,4,7,6,1,8,2,4,,6,,2,22,9,121.5235207,25.06887
112,5,4,7,36,2,03中山區,中山區中山北路3段59號與中山北路3段口無名巷,0,0,1,2,C03,8,1,5,30,3,2,1,5,4,5,7,4,4,5,4,5,2,16,1,18,2,9,3,4,7,9,1,10,2,11,,44,,1,22,9,121.5235207,25.06887
112,5,4,7,36,2,03中山區,中山區市民大道3段167號,0,0,1,3,B01,8,1,5,40,14,9,1,5,4,5,7,4,4,1,4,5,2,16,1,55,3,10,3,4,7,14,1,4,11,15,,38,,1,22,9,121.5405424,25.04486789
112,5,4,7,36,2,03中山區,中山區市民大道3段167號,0,0,1,2,C03,8,1,5,40,14,9,1,5,4,5,7,4,4,1,4,5,2,16,1,18,2,9,1,1,7,9,1,10,1,11,,44,,1,22,9,121.5405424,25.04486789
112,5,4,7,36,2,03中山區,中山區市民大道3段167號,0,0,1,1,B03,8,1,5,40,14,9,1,5,4,5,7,4,4,1,4,5,2,16,1,49,3,10,1,1,7,5,1,8,1,4,,8,,1,22,9,121.5405424,25.04486789
112,5,4,7,39,2,07信義區,信義區莊敬路與莊敬路6巷口,0,0,1,1,B03,8,1,5,50,3,1,1,5,4,5,7,4,4,9,4,5,2,16,2,69,3,10,1,1,7,5,1,8,1,8,,8,,1,22,9,121.5612795,25.0324893
112,5,4,7,39,2,07信義區,信義區莊敬路與莊敬路6巷口,0,0,1,2,C03,8,1,5,50,3,1,1,5,4,5,7,4,4,9,4,5,2,16,2,27,2,9,1,1,7,9,1,10,1,14,,44,,1,22,9,121.5612795,25.0324893
112,5,4,7,43,2,05中正區,中正區中山南路與徐州路口,0,0,2,1,C03,8,1,5,50,4,2,1,5,4,5,7,1,1,9,4,1,1,12,1,32,2,9,1,1,7,7,1,10,2,14,,7,,1,22,9,121.5184804,25.0414514
112,5,4,7,43,2,05中正區,中正區中山南路與徐州路口,0,0,2,2,C03,8,1,5,50,4,2,1,5,4,5,7,1,1,9,4,1,1,12,1,20,2,9,1,1,7,9,1,10,2,12,,44,,1,22,9,121.5184804,25.0414514
112,5,4,8,1,2,01大同區,大同區台北橋與延平北路2段口,0,0,1,1,C03,8,1,5,40,5,2,1,5,4,5,7,2,1,1,4,5,2,12,1,36,3,10,3,4,7,6,1,10,1,12,,9,,1,22,9,121.510621,25.0627451
112,5,4,8,1,2,01大同區,大同區台北橋與延平北路2段口,0,0,1,2,C03,8,1,5,40,5,2,1,5,4,5,7,2,1,1,4,5,2,12,1,64,2,9,3,4,7,9,1,10,1,11,,26,,1,22,9,121.510621,25.0627451
112,5,4,8,3,2,07信義區,信義區基隆路2段111號,0,0,1,3,A02,8,1,5,50,14,9,1,5,4,5,7,4,4,9,4,5,2,12,1,60,4,11,3,4,7,15,7,19,9,15,,,,2,22,9,121.5571415,25.02888302
112,5,4,8,3,2,07信義區,信義區基隆路2段111號,0,0,1,2,B03,8,1,5,50,14,9,1,5,4,5,7,4,4,9,4,5,2,12,1,48,3,10,1,1,7,9,1,8,2,2,,,,1,22,9,121.5571415,25.02888302
112,5,4,8,3,2,07信義區,信義區基隆路2段111號,0,0,1,1,C03,8,1,5,50,14,9,1,5,4,5,7,4,4,9,4,5,2,12,2,23,2,9,1,1,7,7,1,10,2,14,,,,1,22,9,121.5571415,25.02888302
112,5,4,8,3,2,06松山區,松山區八德路3段157號,0,0,1,1,B01,8,1,5,50,14,9,1,5,4,5,7,2,1,9,4,5,2,16,1,53,3,10,1,1,7,6,1,3,2,6,,9,,1,22,9,121.5551437,25.04812969
112,5,4,8,3,2,06松山區,松山區八德路3段157號,0,0,1,2,C03,8,1,5,50,14,9,1,5,4,5,7,2,1,9,4,5,2,16,1,56,2,9,1,1,7,9,1,10,2,11,,23,,1,22,9,121.5551437,25.04812969
112,5,4,8,5,2,03中山區,中山區南京東路2段與建國北路1段口,0,0,2,1,C03,8,1,5,50,4,2,1,5,4,5,7,1,1,1,4,5,1,13,1,44,2,9,1,1,7,9,1,10,2,11,,16,,1,22,9,121.5363432,25.0519201
112,5,4,8,5,2,03中山區,中山區南京東路2段與建國北路1段口,0,0,2,2,C03,8,1,5,50,4,2,1,5,4,5,7,1,1,1,4,5,1,13,1,34,2,7,1,1,7,14,1,10,2,13,,44,,1,22,9,121.5363432,25.0519201
112,5,4,8,10,2,03中山區,中山區民生西路3巷與錦西街口,0,0,1,2,C03,8,1,5,30,4,1,1,5,4,5,7,4,4,10,5,5,2,15,1,28,2,9,1,1,7,9,1,10,1,12,,44,,1,22,9,121.5218618,25.060319
112,5,4,8,10,2,03中山區,中山區民生西路3巷與錦西街口,0,0,1,1,B03,8,1,5,30,4,1,1,5,4,5,7,4,4,10,5,5,2,15,1,46,3,10,1,1,7,9,1,8,1,1,,6,,1,22,9,121.5218618,25.060319
112,5,4,8,22,2,01大同區,大同區民權西路與民權西路102巷口口,0,0,2,1,F01,8,1,8,0,15,18,1,5,4,5,7,4,4,10,3,5,1,3,1,35,2,7,2,1,7,9,8,20,1,16,,15,,1,22,9,121.5177373,25.06290936
112,5,4,8,22,2,01大同區,大同區民權西路與民權西路102巷口口,0,0,2,2,H01,8,1,8,0,15,18,1,5,4,5,7,4,4,10,3,5,1,3,1,24,2,9,4,5,8,18,8,20,10,16,,67,,1,22,9,121.5177373,25.06290936
112,5,4,8,24,2,01大同區,大同區重慶北路1段與鄭州路口,0,0,1,1,C03,8,1,5,50,4,1,1,5,4,5,7,2,1,9,4,5,1,16,2,26,2,9,1,1,7,6,1,10,1,14,,25,,1,22,9,121.5132556,25.0495932
112,5,4,8,24,2,01大同區,大同區重慶北路1段與鄭州路口,0,0,1,2,C03,8,1,5,50,4,1,1,5,4,5,7,2,1,9,4,5,1,16,1,35,3,10,1,1,7,9,1,10,1,12,,44,,1,22,9,121.5132556,25.0495932
112,5,4,8,30,2,03中山區,中山區吉林路與吉林路461巷口,0,0,1,2,C03,8,1,5,50,4,1,1,5,4,5,7,4,4,5,4,4,2,16,1,23,2,9,1,4,7,4,1,10,1,12,,23,,1,22,9,121.5304325,25.0677903
112,5,4,8,30,2,03中山區,中山區吉林路與吉林路461巷口,0,0,1,1,B01,8,1,5,50,4,1,1,5,4,5,7,4,4,5,4,4,2,16,2,59,3,10,3,4,7,11,1,2,1,8,,10,,1,22,9,121.5304325,25.0677903
112,5,4,8,42,2,07信義區,信義區嘉興街175巷與嘉興街口,0,0,1,1,C03,8,1,5,30,4,1,1,5,4,5,7,4,4,9,4,5,2,15,1,27,2,9,1,1,7,9,1,10,2,12,,26,,1,22,9,121.5571107,25.0277607
112,5,4,8,42,2,07信義區,信義區嘉興街175巷與嘉興街口,0,0,1,2,B11,8,1,5,30,4,1,1,5,4,5,7,4,4,9,4,5,2,15,2,27,3,10,1,1,7,9,1,4,2,8,,14,,1,22,9,121.5571107,25.0277607
112,5,4,8,45,2,10文山區,文山區景文街88號,0,0,1,1,C03,8,1,5,50,14,7,1,5,4,5,7,4,4,5,5,4,2,17,2,45,3,10,1,4,7,9,1,10,1,15,,37,,1,22,9,121.540983,24.99045
112,5,4,8,45,2,10文山區,文山區景文街88號,0,0,1,2,C03,8,1,5,50,14,7,1,5,4,5,7,4,4,5,5,4,2,17,2,28,2,9,1,4,7,9,1,10,1,11,,44,,1,22,9,121.540983,24.99045
112,5,4,8,52,2,12內湖區,內湖區港墘路221巷與舊宗路2段213巷口,0,0,1,1,B01,8,1,5,50,3,1,1,5,4,5,7,4,4,5,5,5,2,13,1,49,3,10,1,1,7,5,1,4,1,8,,23,,1,22,9,121.5745607,25.0736862
112,5,4,8,52,2,12內湖區,內湖區港墘路221巷與舊宗路2段213巷口,0,0,1,2,C03,8,1,5,50,3,1,1,5,4,5,7,4,4,5,5,5,2,13,1,30,2,9,1,1,7,14,1,10,1,13,,42,,1,22,9,121.5745607,25.0736862
112,5,4,8,56,2,01大同區,大同區承德路3段與民族西路口,0,0,1,1,C03,8,1,5,50,4,2,1,5,4,5,7,2,1,1,4,5,2,15,1,34,2,9,3,4,7,9,1,10,1,11,,,,1,22,9,121.5176543,25.0687459
112,5,4,8,56,2,01大同區,大同區承德路3段與民族西路口,0,0,1,2,E01,8,1,5,50,4,2,1,5,4,5,7,2,1,1,4,5,2,15,1,37,3,10,3,4,7,9,1,4,1,7,,,,1,22,9,121.5176543,25.0687459
112,5,4,9,6,2,03中山區,中山區民生東路2段與建國北路2段口,0,0,1,1,B01,8,1,5,50,4,2,1,5,4,5,7,2,1,3,4,5,2,12,1,36,3,10,1,1,7,6,1,4,1,8,,23,,1,22,9,121.5365592,25.05791316
112,5,4,9,6,2,03中山區,中山區民生東路2段與建國北路2段口,0,0,1,2,C03,8,1,5,50,4,2,1,5,4,5,7,2,1,3,4,5,2,12,2,28,2,9,1,1,7,6,1,10,1,12,,44,,1,22,9,121.5365592,25.05791316
112,5,4,9,10,2,03中山區,中山區中山北路3段62號對面,0,0,1,1,C03,8,1,5,50,14,9,1,5,4,5,7,4,4,3,4,5,2,12,1,31,2,9,3,4,7,9,1,10,1,14,,23,,1,22,9,121.5236835,25.0711864
112,5,4,9,10,2,03中山區,中山區中山北路3段62號對面,0,0,1,2,B02,8,1,5,50,14,9,1,5,4,5,7,4,4,3,4,5,2,12,1,59,3,10,3,4,7,14,1,8,1,6,,44,,1,22,9,121.5236835,25.0711864
112,5,4,9,18,2,03中山區,中山區民權東路2段與松江路口,0,0,2,1,C03,8,1,5,50,4,2,1,5,4,5,7,1,1,1,4,5,1,17,1,82,2,8,1,1,7,6,1,10,1,12,,43,,1,22,9,121.5329788,25.06245877
112,5,4,9,18,2,03中山區,中山區民權東路2段與松江路口,0,0,2,2,C03,8,1,5,50,4,2,1,5,4,5,7,1,1,1,4,5,1,17,2,49,3,10,1,1,7,9,1,10,1,14,,43,,1,22,9,121.5329788,25.06245877
112,5,4,9,18,2,03中山區,中山區民權東路2段與松江路口,0,0,2,3,H02,8,1,5,50,4,2,1,5,4,5,7,1,1,1,4,5,1,17,2,77,2,7,1,5,7,21,8,20,10,16,,67,,1,22,9,121.5329788,25.06245877
112,5,4,9,46,2,03中山區,中山區敬業三路161巷與樂群二路116巷口,0,0,2,1,B03,8,1,5,30,4,2,1,5,4,5,7,4,4,4,5,5,2,15,2,68,2,7,3,4,7,9,1,8,1,1,,6,,1,22,9,121.5553483,25.0792228
112,5,4,9,46,2,03中山區,中山區敬業三路161巷與樂群二路116巷口,0,0,2,2,C02,8,1,5,30,4,2,1,5,4,5,7,4,4,4,5,5,2,15,1,39,2,9,3,4,7,9,1,9,1,14,,13,,1,22,9,121.5553483,25.0792228
112,5,4,9,50,2,04大安區,大安區和平東路2段108號,0,0,1,1,C03,8,1,5,50,14,9,1,5,4,5,7,4,4,1,4,5,2,17,1,23,3,10,1,1,7,9,1,10,1,15,,44,,1,22,9,121.5421237,25.0249918
112,5,4,9,50,2,04大安區,大安區和平東路2段108號,0,0,1,3,B03,8,1,5,50,14,9,1,5,4,5,7,4,4,1,4,5,2,17,1,64,3,10,1,1,7,9,1,6,1,15,,44,,1,22,9,121.5421237,25.0249918
112,5,4,9,50,2,04大安區,大安區和平東路2段108號,0,0,1,2,C03,8,1,5,50,14,9,1,5,4,5,7,4,4,1,4,5,2,17,2,26,2,9,1,1,7,9,1,10,1,15,,23,,1,22,9,121.5421237,25.0249918
112,5,4,9,51,2,08士林區,士林區至善路2段與至善路2段1巷口,0,0,2,1,C03,8,1,5,40,3,1,1,5,4,5,7,4,4,1,4,4,2,17,1,22,2,9,1,1,7,6,1,10,1,12,,9,,1,22,9,121.5432097,25.09723441
112,5,4,9,51,2,08士林區,士林區至善路2段與至善路2段1巷口,0,0,2,2,C03,8,1,5,40,3,1,1,5,4,5,7,4,4,1,4,4,2,17,1,19,2,9,1,1,7,9,1,10,1,11,,44,,1,22,9,121.5432097,25.09723441
112,5,4,10,4,2,01大同區,大同區延平北路2段與民權西路口,0,0,2,1,C03,8,1,5,50,4,1,1,5,4,5,7,2,1,5,4,5,2,15,1,41,2,9,1,1,7,1,1,9,2,14,,19,,1,22,9,121.5112543,25.06282718
112,5,4,10,4,2,01大同區,大同區延平北路2段與民權西路口,0,0,2,2,C03,8,1,5,50,4,1,1,5,4,5,7,2,1,5,4,5,2,15,2,20,2,9,1,1,7,9,1,10,2,11,,23,,1,22,9,121.5112543,25.06282718
112,5,4,10,7,2,08士林區,士林區文林路5巷與福國路口(文林北路5巷),0,0,1,1,B03,8,1,5,30,3,2,1,5,4,5,2,4,4,10,5,5,2,17,1,77,3,10,3,4,7,9,1,8,1,2,,23,,1,22,9,121.5180712,25.10178179
112,5,4,10,7,2,08士林區,士林區文林路5巷與福國路口(文林北路5巷),0,0,1,2,C03,8,1,5,30,3,2,1,5,4,5,2,4,4,10,5,5,2,17,1,41,2,9,1,4,7,9,1,10,1,12,,23,,1,22,9,121.5180712,25.10178179
112,5,4,10,24,2,02萬華區,萬華區和平西路3段382巷12弄與環河南路2段250巷56弄口,0,0,2,1,C03,8,1,5,30,3,1,1,5,4,5,7,4,4,10,5,5,2,16,1,20,2,9,1,1,7,6,1,10,1,11,,42,,1,22,9,121.490901,25.03461837
112,5,4,10,24,2,02萬華區,萬華區和平西路3段382巷12弄與環河南路2段250巷56弄口,0,0,2,2,B01,8,1,5,30,3,1,1,5,4,5,7,4,4,10,5,5,2,16,1,51,2,3,1,1,7,9,1,4,1,8,,44,,1,22,9,121.490901,25.03461837
112,5,4,10,35,2,08士林區,士林區中山北路5段465號,0,0,1,1,C03,8,1,6,40,14,8,1,5,4,5,7,4,4,1,5,5,2,13,1,22,2,9,1,1,7,9,1,10,1,11,,16,,1,22,9,121.5276977,25.092617
112,5,4,10,35,2,08士林區,士林區中山北路5段465號,0,0,1,2,C03,8,1,6,40,14,8,1,5,4,5,7,4,4,1,5,5,2,13,1,22,3,10,1,1,7,9,1,10,1,13,,44,,1,22,9,121.5276977,25.092617
112,5,4,10,37,2,08士林區,士林區通河西街1段與堤外便道口機車練習場旁,0,0,1,1,C01,8,1,5,50,14,9,1,5,4,5,7,4,4,9,5,5,1,13,1,36,3,10,1,1,7,9,1,9,2,11,,23,,1,22,9,121.5134829,25.082602
112,5,4,10,37,2,08士林區,士林區通河西街1段與堤外便道口機車練習場旁,0,0,1,2,C03,8,1,5,50,14,9,1,5,4,5,7,4,4,9,5,5,1,13,1,61,2,9,1,1,7,5,1,10,2,13,,44,,1,22,9,121.5134829,25.082602
112,5,4,10,39,2,09北投區,北投區中山路2號,0,0,1,2,H01,8,1,5,40,14,9,1,5,4,1,6,4,4,7,4,5,2,9,2,10,2,9,4,5,8,18,8,20,10,16,,60,,1,22,9,121.5059667,25.13696738
112,5,4,10,39,2,09北投區,北投區中山路2號,0,0,1,1,C04,8,1,5,40,14,9,1,5,4,1,6,4,4,7,4,5,2,9,2,42,3,10,1,1,7,9,1,10,1,11,,23,,1,22,9,121.5059667,25.13696738
112,5,4,10,48,2,04大安區,大安區市民大道3段與建國南路1段口,0,0,2,2,C03,8,1,5,40,4,1,1,5,4,5,7,2,1,9,4,4,2,16,1,25,2,7,1,1,7,9,1,10,2,14,,23,,1,22,9,121.536353,25.0446353
112,5,4,10,48,2,04大安區,大安區市民大道3段與建國南路1段口,0,0,2,1,C03,8,1,5,40,4,1,1,5,4,5,7,2,1,9,4,4,2,16,2,29,2,9,1,1,7,6,1,10,2,12,,9,,1,22,9,121.536353,25.0446353
112,5,4,11,22,2,08士林區,士林區延平北路7段106巷南往北,0,0,1,1,B03,8,1,5,30,14,9,1,5,4,5,7,4,4,10,5,5,1,11,1,63,3,10,1,1,7,9,1,8,2,4,,17,,1,22,9,121.4962443,25.09985468
112,5,4,11,22,2,08士林區,士林區延平北路7段106巷南往北,0,0,1,2,C03,8,1,5,30,14,9,1,5,4,5,7,4,4,10,5,5,1,11,1,70,2,9,1,1,7,9,4,8,2,14,,17,,1,22,9,121.4962443,25.09985468
112,5,4,11,33,2,02萬華區,萬華區華中橋(水快匝道),0,0,1,1,C02,8,1,5,40,10,17,1,5,4,5,7,4,4,1,5,5,2,13,1,25,2,7,1,1,7,9,1,9,1,11,,16,,1,22,9,121.5012664,25.01820337
112,5,4,11,33,2,02萬華區,萬華區華中橋(水快匝道),0,0,1,2,B03,8,1,5,40,10,17,1,5,4,5,7,4,4,1,5,5,2,13,1,38,3,10,1,1,7,9,1,8,1,3,,44,,1,22,9,121.5012664,25.01820337
112,5,4,11,56,2,04大安區,大安區和平東路3段與敦化南路2段口,0,0,1,1,B01,8,1,5,50,4,1,1,5,4,5,7,2,1,1,4,5,2,15,1,66,3,10,1,1,7,11,1,4,1,1,,10,,1,22,9,121.5489766,25.0246206
112,5,4,11,56,2,04大安區,大安區和平東路3段與敦化南路2段口,0,0,1,2,C03,8,1,5,50,4,1,1,5,4,5,7,2,1,1,4,5,2,15,1,33,2,9,1,1,7,9,1,10,1,11,,44,,1,22,9,121.5489766,25.0246206
112,5,4,12,6,2,03中山區,中山區市民大道2段與林森北路口,0,0,1,1,B02,8,1,5,50,4,1,1,5,4,1,7,2,1,1,4,5,2,16,1,32,3,10,3,4,7,6,1,8,1,2,,9,,1,22,9,121.5242204,25.04791739
112,5,4,12,6,2,03中山區,中山區市民大道2段與林森北路口,0,0,1,2,C04,8,1,5,50,4,1,1,5,4,1,7,2,1,1,4,5,2,16,1,46,2,7,3,4,7,9,1,10,1,14,,44,,1,22,9,121.5242204,25.04791739
112,5,4,12,11,2,05中正區,中正區羅斯福路1段10號,0,0,1,2,C03,8,1,5,40,14,7,1,5,4,5,7,4,4,1,4,4,2,17,1,48,2,9,3,4,7,9,1,10,1,11,,44,,1,22,9,121.5186797,25.0317161
112,5,4,12,11,2,05中正區,中正區羅斯福路1段10號,0,0,1,1,A11,8,1,5,40,14,7,1,5,4,5,7,4,4,1,4,4,2,17,1,50,3,10,3,4,7,13,1,3,9,15,,38,,1,22,9,121.5186797,25.0317161
112,5,4,12,20,2,11南港區,南港區松河街與重陽路125巷口,0,0,2,1,C03,8,1,5,40,4,2,1,5,4,5,7,1,1,9,4,5,2,11,1,34,2,9,1,1,7,5,1,10,2,11,,8,,1,22,9,121.5974075,25.0584322
112,5,4,12,20,2,11南港區,南港區松河街與重陽路125巷口,0,0,2,2,C03,8,1,5,40,4,2,1,5,4,5,7,1,1,9,4,5,2,11,1,37,2,8,1,1,7,9,1,10,2,11,,44,,1,22,9,121.5974075,25.0584322
112,5,4,12,40,2,08士林區,士林區承德路4段60號,0,0,2,2,C03,8,1,5,50,14,8,1,5,4,5,7,4,4,1,4,4,1,13,1,66,2,1,3,4,7,9,1,10,1,11,,23,,1,22,9,121.5227425,25.08160028
112,5,4,12,40,2,08士林區,士林區承德路4段60號,0,0,2,1,C03,8,1,5,50,14,8,1,5,4,5,7,4,4,1,4,4,1,13,2,70,2,1,3,4,7,12,1,10,1,13,,42,,1,22,9,121.5227425,25.08160028
112,5,4,12,45,2,10文山區,文山區萬和街與萬樂街口,0,0,2,1,C03,8,1,5,40,14,9,1,5,4,5,7,4,4,5,2,5,2,16,2,49,2,9,1,1,7,5,1,10,2,12,,8,,1,22,9,121.5690394,24.99944823
112,5,4,12,45,2,10文山區,文山區萬和街與萬樂街口,0,0,2,2,C03,8,1,5,40,14,9,1,5,4,5,7,4,4,5,2,5,2,16,2,37,2,9,1,1,7,9,1,10,2,11,,14,,1,22,9,121.5690394,24.99944823
112,5,4,12,51,2,09北投區,北投區大度路3段與關渡路口,0,0,1,1,B03,8,1,5,50,3,1,1,5,4,5,7,1,1,1,4,5,1,11,1,58,3,10,1,1,7,6,1,8,1,2,,9,,1,22,9,121.4695086,25.12287306
112,5,4,12,51,2,09北投區,北投區大度路3段與關渡路口,0,0,1,2,C03,8,1,5,50,3,1,1,5,4,5,7,1,1,1,4,5,1,11,1,25,2,9,1,1,7,9,1,10,1,14,,44,,1,22,9,121.4695086,25.12287306
112,5,4,13,30,2,09北投區,北投區承德路7段389號,0,0,2,2,C03,8,1,5,60,14,8,1,5,4,5,7,2,1,1,4,4,2,12,1,36,2,9,1,1,7,8,1,10,1,13,,23,,1,22,9,121.5015945,25.1191994
112,5,4,13,30,2,09北投區,北投區承德路7段389號,0,0,2,1,C03,8,1,5,60,14,8,1,5,4,5,7,2,1,1,4,4,2,12,1,19,2,9,1,1,7,8,1,10,1,11,,7,,1,22,9,121.5015945,25.1191994
112,5,4,13,40,2,11南港區,南港區南港路2段16號,0,0,2,3,H02,8,1,5,50,14,7,1,5,4,5,7,4,4,4,3,4,2,12,2,56,2,9,3,5,7,21,8,20,10,16,,67,,1,22,9,121.6055896,25.0541734
112,5,4,13,40,2,11南港區,南港區南港路2段16號,0,0,2,4,H02,8,1,5,50,14,7,1,5,4,5,7,4,4,4,3,4,2,12,1,6,2,9,3,4,7,21,8,20,10,16,,67,,1,22,9,121.6055896,25.0541734
112,5,4,13,40,2,11南港區,南港區南港路2段16號,0,0,2,2,A02,8,1,5,50,14,7,1,5,4,5,7,4,4,4,3,4,2,12,1,54,3,10,3,4,7,9,1,2,11,2,,44,,1,22,9,121.6055896,25.0541734
112,5,4,13,40,2,11南港區,南港區南港路2段16號,0,0,2,1,B12,8,1,5,50,14,7,1,5,4,5,7,4,4,4,3,4,2,12,1,48,3,10,3,4,7,1,1,8,11,4,,19,,1,22,9,121.6055896,25.0541734
112,5,4,14,8,2,05中正區,中正區貴陽街1段與中華路1段口,0,0,1,3,C03,8,1,5,50,4,2,1,5,4,5,7,2,1,9,4,5,1,16,1,58,2,9,1,1,7,9,1,10,1,11,,16,,1,21,1,121.5076265,25.0391065
112,5,4,14,8,2,05中正區,中正區貴陽街1段與中華路1段口,0,0,1,1,C03,8,1,5,50,4,2,1,5,4,5,7,2,1,9,4,5,1,16,1,22,3,10,1,1,7,6,1,10,1,13,,9,,1,21,1,121.5076265,25.0391065
112,5,4,14,8,2,05中正區,中正區貴陽街1段與中華路1段口,0,0,1,2,C03,8,1,5,50,4,2,1,5,4,5,7,2,1,9,4,5,1,16,1,27,3,10,1,1,7,9,1,10,1,13,,44,,1,21,1,121.5076265,25.0391065
112,5,4,14,13,2,10文山區,文山區辛亥路7段與辛亥路7段5巷口,0,0,1,1,C03,8,1,5,50,14,9,1,2,4,5,7,4,4,5,2,4,2,29,1,38,2,9,1,1,7,9,1,10,1,11,12,43,,1,22,9,121.5524938,24.98731527
112,5,4,14,13,2,10文山區,文山區辛亥路7段與辛亥路7段5巷口,0,0,1,2,,8,1,5,50,14,9,1,2,4,5,7,4,4,5,2,4,2,29,3,0,,,,,,,,,,,,43,,1,,,121.5524938,24.98731527
112,5,4,14,24,2,09北投區,北投區文林北路與文承路口,0,0,1,1,B03,8,1,5,50,4,1,1,5,4,5,7,2,1,1,4,4,2,16,1,29,3,10,1,1,7,6,1,8,2,2,,9,,1,22,9,121.516423,25.1061024
112,5,4,14,24,2,09北投區,北投區文林北路與文承路口,0,0,1,2,C03,8,1,5,50,4,1,1,5,4,5,7,2,1,1,4,4,2,16,1,24,2,9,1,1,7,9,1,10,2,14,,44,,1,22,9,121.516423,25.1061024
112,5,4,15,0,2,04大安區,大安區和平東路1段與金山南路2段口口,0,0,1,1,C03,8,1,5,50,3,1,1,5,4,5,7,2,1,1,2,5,2,16,2,64,2,9,3,4,7,9,1,10,1,14,,26,,1,22,9,121.5261427,25.0271693
112,5,4,15,0,2,04大安區,大安區和平東路1段與金山南路2段口口,0,0,1,2,B03,8,1,5,50,3,1,1,5,4,5,7,2,1,1,2,5,2,16,1,56,3,10,3,4,7,6,1,8,1,5,,26,,1,22,9,121.5261427,25.0271693