發生年度,發生月,發生日,發生時-Hours,發生分,處理別-編號,區序,肇事地點,死亡人數,2-30日死亡人數,受傷人數,當事人序號,車種,天候,光線,道路類別,速限-速度限制,道路型態,事故位置,路面狀況1,路面狀況2,路面狀況3,道路障礙1,道路障礙2,號誌1,號誌2,車道劃分-分向,車道劃分-分道1,車道劃分-分道2,車道劃分-分道3,事故類型及型態,性別,年齡,受傷程度,主要傷處,保護裝置,行動電話,車輛用途,當事者行動狀態,駕駛資格情形,駕駛執照種類,飲酒情形,車輛撞擊部位1,車輛撞擊部位2,肇因碼-個別,肇因碼-主要,個人肇逃否,職業,旅次目的,座標-X,座標-Y
112,5,5,10,25,2,06松山區,松山區塔悠路97-2號與無名巷口,0,0,2,2,C03,8,1,5,50,3,1,1,5,4,5,7,4,4,1,4,5,2,16,1,20,2,9,1,1,7,9,1,10,1,11,,23,,1,22,9,121.5703154,25.05267648
112,5,5,10,25,2,06松山區,松山區塔悠路97-2號與無名巷口,0,0,2,1,C03,8,1,5,50,3,1,1,5,4,5,7,4,4,1,4,5,2,16,2,27,2,9,1,1,7,6,1,10,1,12,,9,,1,22,9,121.5703154,25.05267648
112,5,5,10,43,2,02萬華區,萬華區貴陽街2段33號,0,0,2,2,B03,8,1,5,0,15,13,1,5,4,5,7,4,4,10,4,5,2,16,1,33,2,7,1,1,7,9,1,8,1,8,,44,,1,22,9,121.5053233,25.0396492
112,5,5,10,43,2,02萬華區,萬華區貴陽街2段33號,0,0,2,1,C03,8,1,5,0,15,13,1,5,4,5,7,4,4,10,4,5,2,16,1,46,2,9,1,1,7,9,1,10,1,12,,42,,1,22,9,121.5053233,25.0396492
112,5,5,10,44,2,03中山區,中山區民生東路1段54號,0,0,1,1,B03,8,1,5,50,14,9,1,5,4,5,7,4,4,5,4,5,2,16,1,39,3,10,1,1,7,15,1,8,1,5,,44,,1,22,9,121.5245185,25.05825298
112,5,5,10,44,2,03中山區,中山區民生東路1段54號,0,0,1,2,C03,8,1,5,50,14,9,1,5,4,5,7,4,4,5,4,5,2,16,1,30,2,9,1,1,7,9,1,10,1,14,,17,,1,22,9,121.5245185,25.05825298
112,5,5,10,50,2,12內湖區,內湖區民權東路6段67號,0,0,4,3,C03,8,1,5,40,14,8,1,5,4,5,7,4,4,1,4,4,1,13,1,34,2,7,3,4,7,9,1,10,1,11,,16,,1,22,9,121.5874961,25.0692276
112,5,5,10,50,2,12內湖區,內湖區民權東路6段67號,0,0,4,4,H02,8,1,5,40,14,8,1,5,4,5,7,4,4,1,4,4,1,13,2,28,2,9,3,5,7,20,8,20,10,16,,67,,1,22,9,121.5874961,25.0692276
112,5,5,10,50,2,12內湖區,內湖區民權東路6段67號,0,0,4,1,C03,8,1,5,40,14,8,1,5,4,5,7,4,4,1,4,4,1,13,2,31,2,9,3,4,7,9,1,10,1,11,,23,,1,22,9,121.5874961,25.0692276
112,5,5,10,50,2,12內湖區,內湖區民權東路6段67號,0,0,4,2,F01,8,1,5,40,14,8,1,5,4,5,7,4,4,1,4,4,1,13,2,58,2,9,3,4,7,9,8,20,1,16,,44,,1,22,9,121.5874961,25.0692276
112,5,5,10,55,2,07信義區,(福德街91號),0,0,1,1,C03,8,1,8,30,15,22,1,5,4,5,7,1,1,1,4,5,2,17,2,60,3,10,1,1,7,6,1,10,1,11,,25,,1,22,9,121.581598,25.0370813
112,5,5,10,55,2,07信義區,(福德街91號),0,0,1,2,F01,8,1,8,30,15,22,1,5,4,5,7,1,1,1,4,5,2,17,2,76,2,8,2,1,7,15,8,20,1,16,,26,,1,22,9,121.581598,25.0370813
112,5,5,11,19,2,05中正區,中正區林森南路與青島東路口,0,0,2,2,C03,8,1,5,50,4,1,1,5,4,5,6,2,1,5,4,5,2,16,1,19,2,9,1,1,7,9,1,10,1,11,,44,,1,22,9,121.5230122,25.04362281
112,5,5,11,19,2,05中正區,中正區林森南路與青島東路口,0,0,2,1,C04,8,1,5,50,4,1,1,5,4,5,6,2,1,5,4,5,2,16,1,29,2,9,1,1,7,5,1,11,1,12,,8,,1,22,9,121.5230122,25.04362281
112,5,5,11,41,2,06松山區,松山區市民大道4段35號,0,0,1,3,B12,8,1,5,40,14,9,1,5,4,5,7,4,4,1,4,1,2,13,1,61,3,10,1,1,7,9,1,8,1,15,,6,,1,22,9,121.5451091,25.04512351
112,5,5,11,41,2,06松山區,松山區市民大道4段35號,0,0,1,2,C03,8,1,5,40,14,9,1,5,4,5,7,4,4,1,4,1,2,13,2,43,2,9,1,1,7,14,1,10,1,13,,44,,1,22,9,121.5451091,25.04512351
112,5,5,11,41,2,06松山區,松山區市民大道4段35號,0,0,1,1,C03,8,1,5,40,14,9,1,5,4,5,7,4,4,1,4,1,2,13,1,28,3,10,1,1,7,9,1,10,1,11,,23,,1,22,9,121.5451091,25.04512351
112,5,5,11,51,2,07信義區,信義區信安街67巷城市停車場,0,0,2,1,C03,8,1,5,50,14,9,1,5,4,5,7,4,4,9,4,4,2,16,2,35,2,9,1,1,7,5,1,10,2,12,,8,,1,22,9,121.5602708,25.02590959
112,5,5,11,51,2,07信義區,信義區信安街67巷城市停車場,0,0,2,2,C03,8,1,5,50,14,9,1,5,4,5,7,4,4,9,4,4,2,16,1,34,2,9,1,1,7,9,1,10,2,11,,44,,1,22,9,121.5602708,25.02590959
112,5,5,12,0,2,09北投區,北投區建民路150巷與建民路151巷口,0,0,1,2,B03,8,1,5,30,4,1,1,5,4,5,7,4,4,10,4,5,1,16,1,25,3,10,1,1,7,9,1,8,1,7,,44,,1,22,9,121.5192793,25.110429
112,5,5,12,0,2,09北投區,北投區建民路150巷與建民路151巷口,0,0,1,1,C03,8,1,5,30,4,1,1,5,4,5,7,4,4,10,4,5,1,16,1,49,2,9,1,1,7,9,1,10,1,11,,6,,1,22,9,121.5192793,25.110429
112,5,5,12,15,2,03中山區,中山區松江路與四平街口,0,0,1,1,B03,8,1,5,50,3,1,1,5,4,5,7,1,1,1,4,5,2,16,1,21,3,10,3,4,7,6,1,8,1,5,,9,,1,22,9,121.53292,25.05365977
112,5,5,12,15,2,03中山區,中山區松江路與四平街口,0,0,1,2,C03,8,1,5,50,3,1,1,5,4,5,7,1,1,1,4,5,2,16,1,40,2,7,1,4,7,9,1,10,1,14,,23,,1,22,9,121.53292,25.05365977
112,5,5,12,21,2,08士林區,士林區中正路與中正路212巷口,0,0,1,1,B03,8,1,5,50,5,2,1,5,4,5,7,1,1,1,4,5,2,17,1,61,3,10,1,1,7,11,1,8,1,5,,10,,1,22,9,121.5263211,25.095445
112,5,5,12,21,2,08士林區,士林區中正路與中正路212巷口,0,0,1,2,C03,8,1,5,50,5,2,1,5,4,5,7,1,1,1,4,5,2,17,1,70,2,9,1,1,7,9,1,10,1,11,,42,,1,22,9,121.5263211,25.095445
112,5,5,12,21,2,04大安區,大安區和平東路3段與和平東路3段70巷口,0,0,1,1,B12,8,1,5,30,4,2,1,5,4,5,7,2,1,10,5,5,2,16,1,68,3,10,1,1,7,9,1,8,1,1,,44,,1,22,9,121.5503228,25.0243725
112,5,5,12,21,2,04大安區,大安區和平東路3段與和平東路3段70巷口,0,0,1,2,F01,8,1,5,30,4,2,1,5,4,5,7,2,1,10,5,5,2,16,2,51,2,8,3,1,7,9,8,20,1,16,,25,,1,22,9,121.5503228,25.0243725
112,5,5,12,27,2,05中正區,中正區重慶南路1段122號,0,0,1,1,C03,8,1,5,50,14,9,1,5,4,5,7,4,4,5,4,5,2,12,2,56,2,8,1,1,7,7,1,10,1,13,,7,,1,22,9,121.5128876,25.03935294
112,5,5,12,27,2,05中正區,中正區重慶南路1段122號,0,0,1,2,B03,8,1,5,50,14,9,1,5,4,5,7,4,4,5,4,5,2,12,1,54,3,10,1,1,7,9,1,8,1,5,,44,,1,22,9,121.5128876,25.03935294
112,5,5,12,30,2,06松山區,松山區延壽街330巷7弄20號,0,0,1,1,C03,8,1,5,30,14,9,1,5,4,5,7,4,4,10,5,5,2,17,2,25,2,9,1,1,7,1,1,10,1,14,,19,,1,22,9,121.5619556,25.05540991
112,5,5,12,30,2,06松山區,松山區延壽街330巷7弄20號,0,0,1,2,C03,8,1,5,30,14,9,1,5,4,5,7,4,4,10,5,5,2,17,2,31,3,10,1,1,7,9,1,10,1,12,,42,,1,22,9,121.5619556,25.05540991
112,5,5,12,40,2,08士林區,士林區中山北路6段與德行東路口,0,0,2,3,H02,8,1,5,50,4,1,1,5,4,5,7,1,1,10,4,5,2,13,2,19,2,8,1,5,7,17,8,20,10,16,,67,,1,22,9,121.5250524,25.1067832
112,5,5,12,40,2,08士林區,士林區中山北路6段與德行東路口,0,0,2,1,C03,8,1,5,50,4,1,1,5,4,5,7,1,1,10,4,5,2,13,2,18,2,8,1,1,7,9,1,10,2,11,,23,,1,22,9,121.5250524,25.1067832
112,5,5,12,40,2,08士林區,士林區中山北路6段與德行東路口,0,0,2,2,B12,8,1,5,50,4,1,1,5,4,5,7,1,1,10,4,5,2,13,1,52,3,10,1,1,7,12,1,3,2,7,,44,,1,22,9,121.5250524,25.1067832
112,5,5,12,47,2,01大同區,大同區民權西路與迪化街2段口口,0,0,1,1,C03,8,1,5,50,4,1,1,5,4,5,3,4,4,1,5,5,2,17,1,40,2,9,1,1,7,9,1,10,2,12,,14,,1,22,9,121.5094248,25.06338635
112,5,5,12,47,2,01大同區,大同區民權西路與迪化街2段口口,0,0,1,2,C03,8,1,5,50,4,1,1,5,4,5,3,4,4,1,5,5,2,17,1,71,3,10,1,1,7,9,1,10,2,15,,6,,1,22,9,121.5094248,25.06338635
112,5,5,13,9,2,01大同區,大同區市民高架道往西440號燈桿,0,0,3,6,H02,8,1,5,60,14,7,1,5,4,5,7,4,4,1,5,5,2,13,2,58,2,1,1,5,7,21,8,20,10,16,,67,,1,22,9,121.5186873,25.04858055
112,5,5,13,9,2,01大同區,大同區市民高架道往西440號燈桿,0,0,3,1,B12,8,1,5,60,14,7,1,5,4,5,7,4,4,1,5,5,2,13,1,31,2,7,1,1,7,9,1,7,2,1,,16,,1,22,9,121.5186873,25.04858055
112,5,5,13,9,2,01大同區,大同區市民高架道往西440號燈桿,0,0,3,2,B01,8,1,5,60,14,7,1,5,4,5,7,4,4,1,5,5,2,13,1,53,2,3,1,1,7,14,1,4,2,3,,44,,1,22,9,121.5186873,25.04858055
112,5,5,13,9,2,01大同區,大同區市民高架道往西440號燈桿,0,0,3,3,B01,8,1,5,60,14,7,1,5,4,5,7,4,4,1,5,5,2,13,1,43,3,10,1,1,7,14,1,4,2,3,,44,,1,22,9,121.5186873,25.04858055
112,5,5,13,9,2,01大同區,大同區市民高架道往西440號燈桿,0,0,3,4,B03,8,1,5,60,14,7,1,5,4,5,7,4,4,1,5,5,2,13,1,58,3,10,1,1,7,14,1,8,2,3,,44,,1,22,9,121.5186873,25.04858055
112,5,5,13,9,2,01大同區,大同區市民高架道往西440號燈桿,0,0,3,5,B03,8,1,5,60,14,7,1,5,4,5,7,4,4,1,5,5,2,13,1,44,3,10,1,1,7,9,1,8,2,8,,23,,1,22,9,121.5186873,25.04858055
112,5,5,13,10,2,09北投區,北投區光明路與中山路口,0,0,2,1,C03,8,1,5,50,4,2,1,5,4,5,7,1,1,5,4,5,2,17,1,30,2,8,3,4,7,11,1,10,2,12,,11,,1,22,9,121.5043572,25.13661794
112,5,5,13,10,2,09北投區,北投區光明路與中山路口,0,0,2,2,C03,8,1,5,50,4,2,1,5,4,5,7,1,1,5,4,5,2,17,2,56,2,9,3,4,7,9,1,10,2,11,,44,,1,22,9,121.5043572,25.13661794
112,5,5,13,10,2,12內湖區,內湖區內湖路3段與內湖路2段355巷口,0,0,1,1,C03,8,1,5,30,4,1,1,5,4,5,7,4,4,10,5,5,2,16,1,19,2,9,1,1,7,9,1,10,1,12,,6,,1,22,9,121.5927249,25.08456932
112,5,5,13,10,2,12內湖區,內湖區內湖路3段與內湖路2段355巷口,0,0,1,2,B03,8,1,5,30,4,1,1,5,4,5,7,4,4,10,5,5,2,16,2,38,3,10,1,1,7,9,1,8,1,8,,44,,1,22,9,121.5927249,25.08456932
112,5,5,13,14,2,08士林區,士林區福國路與文林路口,0,0,2,1,C03,8,1,5,50,5,2,1,5,4,5,7,1,1,1,4,5,2,17,1,23,2,9,1,1,7,15,1,10,1,12,,17,,1,22,9,121.5215873,25.1014974
112,5,5,13,14,2,08士林區,士林區福國路與文林路口,0,0,2,2,C03,8,1,5,50,5,2,1,5,4,5,7,1,1,1,4,5,2,17,1,66,2,9,1,1,7,15,1,10,1,13,,17,,1,22,9,121.5215873,25.1014974
112,5,5,13,34,2,04大安區,大安區辛亥路3段161號,0,0,1,1,B03,8,1,5,50,14,9,1,5,4,5,7,4,4,1,4,5,2,12,1,68,3,10,1,1,7,8,1,8,1,6,,7,,1,22,9,121.5495196,25.0167941
112,5,5,13,34,2,04大安區,大安區辛亥路3段161號,0,0,1,2,C03,8,1,5,50,14,9,1,5,4,5,7,4,4,1,4,5,2,12,2,19,2,8,1,1,7,9,1,10,1,14,,13,,1,22,9,121.5495196,25.0167941
112,5,5,13,39,2,05中正區,中正區忠孝東路1段13號,0,0,1,2,C03,8,1,5,50,14,9,1,5,4,5,7,4,4,1,4,5,2,17,1,28,2,9,1,1,7,9,1,10,2,12,,44,,1,22,9,121.5240813,25.04470784
112,5,5,13,39,2,05中正區,中正區忠孝東路1段13號,0,0,1,1,C03,8,1,5,50,14,9,1,5,4,5,7,4,4,1,4,5,2,17,1,56,3,10,1,1,7,8,1,10,2,15,,7,,1,22,9,121.5240813,25.04470784
112,5,5,13,43,2,05中正區,中正區羅斯福路1段與羅斯福路1段58巷口口,0,0,1,1,B12,8,1,5,50,14,9,1,5,4,1,7,4,4,1,4,5,2,12,1,56,3,10,1,1,7,6,1,8,1,2,,9,,1,22,9,121.5193858,25.03104367
112,5,5,13,43,2,05中正區,中正區羅斯福路1段與羅斯福路1段58巷口口,0,0,1,2,C03,8,1,5,50,14,9,1,5,4,1,7,4,4,1,4,5,2,12,1,27,2,8,1,1,7,9,1,10,1,11,,14,,1,22,9,121.5193858,25.03104367
112,5,5,13,43,2,07信義區,信義區永吉路326巷與虎林街66巷口,0,0,2,1,C03,8,1,5,30,4,1,1,5,4,5,7,4,4,9,5,5,1,3,2,35,2,7,1,1,7,9,1,10,1,12,,15,,1,22,9,121.5754902,25.0449673
112,5,5,13,43,2,07信義區,信義區永吉路326巷與虎林街66巷口,0,0,2,2,H01,8,1,5,30,4,1,1,5,4,5,7,4,4,9,5,5,1,3,2,39,2,9,4,5,8,16,8,20,10,16,,51,,1,22,9,121.5754902,25.0449673
112,5,5,13,44,2,07信義區,信義區市民高架永吉路匝道,0,0,1,3,B11,8,1,5,40,14,9,1,5,4,5,7,1,1,9,4,5,2,13,1,51,3,10,3,4,7,14,1,4,1,3,,44,,1,22,9,121.5686523,25.045669
112,5,5,13,44,2,07信義區,信義區市民高架永吉路匝道,0,0,1,2,B02,8,1,5,40,14,9,1,5,4,5,7,1,1,9,4,5,2,13,1,59,2,1,3,4,7,14,1,8,1,3,,44,,1,22,9,121.5686523,25.045669
112,5,5,13,44,2,07信義區,信義區市民高架永吉路匝道,0,0,1,1,B03,8,1,5,40,14,9,1,5,4,5,7,1,1,9,4,5,2,13,1,20,3,10,3,4,7,9,3,18,1,1,,23,,1,22,9,121.5686523,25.045669
112,5,5,13,58,2,01大同區,大同區重慶北路2段與重慶北路2段64巷口,0,0,1,1,A11,8,1,5,50,4,1,1,5,4,5,7,1,1,9,4,5,2,12,1,56,4,11,3,4,7,15,7,19,11,15,,42,,2,22,9,121.5139214,25.05600136
112,5,5,13,58,2,01大同區,大同區重慶北路2段與重慶北路2段64巷口,0,0,1,2,C03,8,1,5,50,4,1,1,5,4,5,7,1,1,9,4,5,2,12,2,65,2,7,1,1,7,7,1,10,1,15,,7,,1,22,9,121.5139214,25.05600136
112,5,5,14,6,2,04大安區,大安區復興南路1段219巷與仁愛路4段27巷口,0,0,1,1,B01,8,1,5,30,4,1,1,5,4,5,7,4,4,10,5,5,2,15,1,58,3,10,1,1,7,9,1,4,1,8,,6,,1,22,9,121.54519,25.03899141
112,5,5,14,6,2,04大安區,大安區復興南路1段219巷與仁愛路4段27巷口,0,0,1,2,F01,8,1,5,30,4,1,1,5,4,5,7,4,4,10,5,5,2,15,2,68,2,9,3,1,7,21,8,20,1,16,,44,,1,22,9,121.54519,25.03899141
112,5,5,14,8,2,04大安區,(文昌街39號旁),0,0,1,1,B03,7,1,5,30,4,1,1,5,4,5,7,1,1,10,5,5,2,15,2,35,3,10,1,1,7,9,1,8,1,8,,25,,1,22,9,121.5501509,25.03286607
112,5,5,14,8,2,04大安區,(文昌街39號旁),0,0,1,2,C03,7,1,5,30,4,1,1,5,4,5,7,1,1,10,5,5,2,15,1,36,2,8,1,1,7,9,1,10,1,11,,25,,1,22,9,121.5501509,25.03286607
112,5,5,14,37,2,09北投區,北投區石牌路2段201號榮總前,0,0,1,1,A04,8,1,5,50,15,9,1,5,4,3,7,4,4,9,4,5,2,8,1,55,3,10,3,4,7,9,1,2,2,5,,43,,1,22,9,121.5210654,25.1188824
112,5,5,14,37,2,09北投區,北投區石牌路2段201號榮總前,0,0,1,3,B03,8,1,5,50,15,9,1,5,4,3,7,4,4,9,4,5,2,8,3,0,,,,,,,,,11,,,43,,1,,,121.5210654,25.1188824
112,5,5,14,37,2,09北投區,北投區石牌路2段201號榮總前,0,0,1,2,H01,8,1,5,50,15,9,1,5,4,3,7,4,4,9,4,5,2,8,1,58,2,9,4,5,8,20,8,20,2,16,,67,,1,22,9,121.5210654,25.1188824
112,5,5,14,40,2,03中山區,中山區民權東路2段73號,0,0,1,1,B02,8,1,5,50,14,9,1,5,4,5,7,4,4,1,4,5,2,12,1,23,3,10,1,1,7,1,1,4,1,4,,19,,1,22,9,121.5318126,25.06263332
112,5,5,14,40,2,03中山區,中山區民權東路2段73號,0,0,1,2,C03,8,1,5,50,14,9,1,5,4,5,7,4,4,1,4,5,2,12,2,27,2,8,1,1,7,9,1,10,1,11,,44,,1,22,9,121.5318126,25.06263332
112,5,5,14,46,2,03中山區,中山區民生東路1段84號前迴轉道,0,0,1,2,F01,8,1,5,30,11,9,1,5,4,5,7,2,1,4,3,5,1,17,1,22,2,9,3,1,7,9,8,20,1,16,,44,,1,22,9,121.5262596,25.05808278
112,5,5,14,46,2,03中山區,中山區民生東路1段84號前迴轉道,0,0,1,1,B03,8,1,5,30,11,9,1,5,4,5,7,2,1,4,3,5,1,17,1,51,3,10,1,1,7,6,1,8,1,5,,23,,1,22,9,121.5262596,25.05808278
112,5,5,14,54,2,07信義區,信義區松仁路7號,0,0,1,1,B01,7,1,5,50,14,9,1,5,4,5,7,2,1,1,4,5,1,12,1,62,3,10,3,4,7,14,1,4,1,4,,40,,1,22,9,121.5685109,25.0386912
112,5,5,14,54,2,07信義區,信義區松仁路7號,0,0,1,2,C03,7,1,5,50,14,9,1,5,4,5,7,2,1,1,4,5,1,12,1,30,2,7,3,4,7,9,1,10,1,14,,44,,1,22,9,121.5685109,25.0386912
112,5,5,14,54,2,07信義區,信義區松仁路7號,0,0,1,3,B01,7,1,5,50,14,9,1,5,4,5,7,2,1,1,4,5,1,12,1,69,3,10,3,4,7,14,1,4,1,2,,44,,1,22,9,121.5685109,25.0386912
112,5,5,15,5,2,08士林區,士林區格致路與凱旋路口,0,0,2,2,C03,8,1,5,30,4,1,1,5,4,5,7,3,1,5,4,5,2,15,1,47,2,9,1,1,7,9,1,10,2,11,,14,,1,22,9,121.546372,25.1367025
112,5,5,15,5,2,08士林區,士林區格致路與凱旋路口,0,0,2,1,C03,8,1,5,30,4,1,1,5,4,5,7,3,1,5,4,5,2,15,1,19,2,8,1,1,7,9,1,10,2,12,,6,,1,22,9,121.546372,25.1367025
112,5,5,15,13,2,09北投區,北投區北投路1段與北投路1段89巷口,0,0,2,4,H02,8,1,5,40,3,2,1,5,4,5,7,4,4,5,4,5,1,13,2,30,2,9,1,5,7,20,8,20,10,16,,67,,1,22,9,121.500107,25.12914692
112,5,5,15,13,2,09北投區,北投區北投路1段與北投路1段89巷口,0,0,2,1,C04,8,1,5,40,3,2,1,5,4,5,7,4,4,5,4,5,1,13,2,33,2,9,1,1,7,9,4,8,1,11,,23,,1,22,9,121.500107,25.12914692
112,5,5,15,13,2,09北投區,北投區北投路1段與北投路1段89巷口,0,0,2,3,B03,8,1,5,40,3,2,1,5,4,5,7,4,4,5,4,5,1,13,1,59,3,10,1,1,7,6,1,8,1,15,,9,,1,22,9,121.500107,25.12914692
112,5,5,15,13,2,09北投區,北投區北投路1段與北投路1段89巷口,0,0,2,2,C04,8,1,5,40,3,2,1,5,4,5,7,4,4,5,4,5,1,13,2,36,3,10,1,1,7,9,1,10,1,13,,44,,1,22,9,121.500107,25.12914692
112,5,5,15,40,2,01大同區,大同區鄭州路中興醫院前,0,0,1,2,C03,8,1,5,40,14,9,1,5,4,5,7,4,4,9,4,5,1,16,1,43,2,9,3,4,7,9,1,10,1,11,,23,,1,22,9,121.509042,25.05050404
112,5,5,15,40,2,01大同區,大同區鄭州路中興醫院前,0,0,1,1,C03,8,1,5,40,14,9,1,5,4,5,7,4,4,9,4,5,1,16,1,33,3,10,3,4,7,5,1,9,1,15,,8,,1,22,9,121.509042,25.05050404
112,5,5,15,51,2,04大安區,大安區和平東路1段與龍泉街口,0,0,2,1,B03,8,1,5,50,3,2,1,5,4,5,7,4,4,9,4,4,1,12,1,45,3,10,1,4,7,6,1,8,1,2,,9,,1,22,9,121.5293105,25.0264202
112,5,5,15,51,2,04大安區,大安區和平東路1段與龍泉街口,0,0,2,2,C03,8,1,5,50,3,2,1,5,4,5,7,4,4,9,4,4,1,12,2,23,2,8,1,4,7,9,1,10,1,14,,44,,1,22,9,121.5293105,25.0264202
112,5,5,15,51,2,04大安區,大安區和平東路1段與龍泉街口,0,0,2,3,H02,8,1,5,50,3,2,1,5,4,5,7,4,4,9,4,4,1,12,2,22,2,9,1,5,7,20,8,20,10,16,,67,,1,22,9,121.5293105,25.0264202
112,5,5,15,52,2,10文山區,文山區和平東路4段與萬美街1段口,0,0,2,1,C03,8,1,5,50,3,1,1,5,4,5,7,2,1,4,4,5,1,16,2,41,2,9,1,1,7,5,1,10,2,12,,6,,1,22,9,121.5718299,25.00229279
112,5,5,15,52,2,10文山區,文山區和平東路4段與萬美街1段口,0,0,2,2,C03,8,1,5,50,3,1,1,5,4,5,7,2,1,4,4,5,1,16,1,47,2,7,1,1,7,9,1,10,1,11,,44,,1,22,9,121.5718299,25.00229279
112,5,5,16,23,2,01大同區,大同區民權西路266號,0,0,2,1,C03,7,1,5,50,14,9,1,5,4,5,7,2,1,1,4,5,2,12,1,16,2,9,1,1,7,5,2,18,1,14,,8,,1,22,9,121.5121997,25.06282142
112,5,5,16,23,2,01大同區,大同區民權西路266號,0,0,2,2,C03,7,1,5,50,14,9,1,5,4,5,7,2,1,1,4,5,2,12,2,19,2,5,1,1,7,9,1,10,1,11,,23,,1,22,9,121.5121997,25.06282142
112,5,5,16,24,2,05中正區,中正區仁愛路2段92巷(88號旁),0,0,1,2,B03,8,1,5,50,14,9,1,5,4,5,7,4,4,9,5,5,2,5,1,73,3,10,1,1,7,9,1,8,2,5,,44,,1,22,9,121.5312405,25.03792379
112,5,5,16,24,2,05中正區,中正區仁愛路2段92巷(88號旁),0,0,1,1,H01,8,1,5,50,14,9,1,5,4,5,7,4,4,9,5,5,2,5,1,59,2,9,4,5,8,20,8,20,10,16,,60,,1,22,9,121.5312405,25.03792379
112,5,5,16,39,2,12內湖區,內湖區康樂街111巷與康樂街61巷口,0,0,1,2,C03,7,1,5,30,4,1,1,4,4,5,7,4,4,10,5,5,2,16,1,19,2,9,1,1,7,9,1,10,1,11,,44,,1,22,9,121.6197956,25.07069306
112,5,5,16,39,2,12內湖區,內湖區康樂街111巷與康樂街61巷口,0,0,1,1,B03,7,1,5,30,4,1,1,4,4,5,7,4,4,10,5,5,2,16,1,48,3,10,1,1,7,9,1,8,1,4,,6,,1,22,9,121.6197956,25.07069306
112,5,5,16,48,2,10文山區,文山區汀州路4段與汀州路4段140巷口,0,0,2,1,C03,8,1,5,30,15,18,1,5,4,5,7,4,4,5,5,5,2,3,2,20,2,9,1,1,7,9,1,10,2,11,,15,,1,22,9,121.5349598,25.0048169
112,5,5,16,48,2,10文山區,文山區汀州路4段與汀州路4段140巷口,0,0,2,2,H01,8,1,5,30,15,18,1,5,4,5,7,4,4,5,5,5,2,3,1,75,2,9,4,5,8,16,8,20,10,16,,67,,1,22,9,121.5349598,25.0048169
112,5,5,18,0,2,10文山區,文山區羅斯福路5段97巷與萬盛街口,0,0,2,1,G03,8,1,5,30,4,1,1,5,4,5,7,2,1,5,5,5,2,16,2,46,2,9,1,1,7,5,7,19,1,15,,8,,1,22,9,121.540939,25.005448
112,5,5,18,0,2,10文山區,文山區羅斯福路5段97巷與萬盛街口,0,0,2,2,C03,8,1,5,30,4,1,1,5,4,5,7,2,1,5,5,5,2,16,2,31,2,9,1,1,7,9,1,10,1,11,,13,,1,22,9,121.540939,25.005448
112,5,5,18,10,2,08士林區,士林區文昌路155巷與文昌路口,0,0,2,2,C03,8,2,5,30,4,1,1,5,4,5,7,4,4,10,5,5,2,17,1,48,2,9,1,1,7,9,1,10,1,11,,6,,1,22,9,121.5204124,25.09772255
112,5,5,18,10,2,08士林區,士林區文昌路155巷與文昌路口,0,0,2,1,C03,8,2,5,30,4,1,1,5,4,5,7,4,4,10,5,5,2,17,2,62,2,9,1,1,7,9,1,10,1,11,,23,,1,22,9,121.5204124,25.09772255
112,5,5,18,30,2,04大安區,"大安區新生南路3段(南往北,臺灣大學綜合體育館旁)",0,0,1,2,B03,8,2,5,50,14,9,1,5,4,5,7,4,4,1,4,4,2,12,1,52,3,10,1,1,7,9,1,8,1,2,,44,,1,22,9,121.5343868,25.0217288
112,5,5,18,30,2,04大安區,"大安區新生南路3段(南往北,臺灣大學綜合體育館旁)",0,0,1,1,C03,8,2,5,50,14,9,1,5,4,5,7,4,4,1,4,4,2,12,2,55,2,9,1,1,7,9,1,10,1,14,,23,,1,22,9,121.5343868,25.0217288
112,5,5,19,1,2,12內湖區,內湖區康寧路3段與康寧路3段16巷口,0,0,1,1,C03,8,3,5,50,3,2,1,5,4,5,7,2,1,1,4,4,2,17,1,31,2,7,1,1,7,8,3,18,1,12,,7,,1,22,9,121.6069619,25.07280981
112,5,5,19,1,2,12內湖區,內湖區康寧路3段與康寧路3段16巷口,0,0,1,2,A02,8,3,5,50,3,2,1,5,4,5,7,2,1,1,4,4,2,17,1,47,3,10,1,1,7,9,1,2,1,4,,44,,1,22,9,121.6069619,25.07280981
112,5,5,19,1,2,12內湖區,內湖區康寧路3段與康寧路3段16巷口,0,0,1,4,B02,8,3,5,50,3,2,1,5,4,5,7,2,1,1,4,4,2,17,2,51,3,10,1,1,7,14,1,6,1,2,,44,,1,22,9,121.6069619,25.07280981
112,5,5,19,1,2,12內湖區,內湖區康寧路3段與康寧路3段16巷口,0,0,1,3,B03,8,3,5,50,3,2,1,5,4,5,7,2,1,1,4,4,2,17,1,23,3,10,1,1,7,14,1,8,1,2,,44,,1,22,9,121.6069619,25.07280981
112,5,5,19,21,2,07信義區,信義區松山路465巷29弄13號,0,0,1,1,C03,8,3,5,30,14,9,1,5,4,5,7,4,4,10,5,5,2,17,2,51,2,9,1,1,7,9,1,10,1,12,,23,,1,22,9,121.5790705,25.0406758
112,5,5,19,21,2,07信義區,信義區松山路465巷29弄13號,0,0,1,2,B03,8,3,5,30,14,9,1,5,4,5,7,4,4,10,5,5,2,17,1,50,3,10,1,1,7,13,1,8,1,5,,38,,1,22,9,121.5790705,25.0406758
112,5,5,19,30,2,05中正區,中正區南海路與牯嶺街口,0,0,2,1,C03,7,3,5,30,4,1,2,5,4,5,7,2,1,10,4,5,1,16,1,22,2,9,1,1,7,6,1,10,1,12,,9,,1,22,9,121.5149579,25.0320293