發生年度,發生月,發生日,發生時-Hours,發生分,處理別-編號,區序,肇事地點,死亡人數,2-30日死亡人數,受傷人數,當事人序號,車種,天候,光線,道路類別,速限-速度限制,道路型態,事故位置,路面狀況1,路面狀況2,路面狀況3,道路障礙1,道路障礙2,號誌1,號誌2,車道劃分-分向,車道劃分-分道1,車道劃分-分道2,車道劃分-分道3,事故類型及型態,性別,年齡,受傷程度,主要傷處,保護裝置,行動電話,車輛用途,當事者行動狀態,駕駛資格情形,駕駛執照種類,飲酒情形,車輛撞擊部位1,車輛撞擊部位2,肇因碼-個別,肇因碼-主要,個人肇逃否,職業,旅次目的,座標-X,座標-Y
112,5,6,15,35,2,09北投區,北投區大度路1段150號燈桿,0,0,3,5,H02,8,1,5,50,14,12,1,5,4,5,7,4,4,3,4,3,2,17,1,18,2,9,3,5,7,20,8,20,10,16,,67,,1,22,9,121.515018,25.1151759
112,5,6,15,35,2,09北投區,北投區大度路1段150號燈桿,0,0,3,1,C03,8,1,5,50,14,12,1,5,4,5,7,4,4,3,4,3,2,17,1,35,3,10,3,4,7,9,1,10,2,11,,16,,1,22,9,121.515018,25.1151759
112,5,6,15,40,2,05中正區,中正區水源快速道路與中正橋口匝道處,0,0,1,1,B03,8,1,5,60,3,1,1,5,4,5,7,4,4,2,4,5,1,17,1,53,3,10,1,3,7,10,1,8,2,4,,7,,1,22,9,121.5183996,25.02111103
112,5,6,15,40,2,05中正區,中正區水源快速道路與中正橋口匝道處,0,0,1,2,B12,8,1,5,60,3,1,1,5,4,5,7,4,4,2,4,5,1,17,1,53,2,9,1,1,7,9,1,8,2,5,,23,,1,22,9,121.5183996,25.02111103
112,5,6,15,40,2,05中正區,中正區水源快速道路與中正橋口匝道處,0,0,1,3,,8,1,5,60,3,1,1,5,4,5,7,4,4,2,4,5,1,17,3,0,,,,,,,,,,,,67,,1,,,121.5183996,25.02111103
112,5,6,16,3,2,12內湖區,內湖區民權東路6段與成功路2段口西南角,0,0,1,1,B03,8,1,5,50,3,2,1,5,4,5,7,4,4,1,3,5,2,12,1,52,3,10,1,1,7,6,1,8,1,2,,6,,1,22,9,121.5903894,25.06888761
112,5,6,16,3,2,12內湖區,內湖區民權東路6段與成功路2段口西南角,0,0,1,2,C03,8,1,5,50,3,2,1,5,4,5,7,4,4,1,3,5,2,12,1,53,2,9,1,1,7,9,1,10,1,11,,23,,1,22,9,121.5903894,25.06888761
112,5,6,16,19,2,03中山區,中山區合江街與合江街93巷口,0,0,2,2,C03,8,1,5,50,14,9,1,5,4,5,7,4,4,9,4,5,1,12,1,36,2,9,1,1,7,9,1,10,1,12,,44,,1,22,9,121.5392391,25.05960956
112,5,6,16,19,2,03中山區,中山區合江街與合江街93巷口,0,0,2,1,C03,8,1,5,50,14,9,1,5,4,5,7,4,4,9,4,5,1,12,2,30,2,9,1,1,7,11,1,10,1,11,,10,,1,22,9,121.5392391,25.05960956
112,5,6,16,21,2,08士林區,士林區通河西街2段堤外,0,0,2,2,C03,8,1,5,30,14,9,1,5,4,5,7,4,4,10,5,5,2,10,1,63,2,9,1,1,7,9,1,10,1,11,,,,1,22,9,121.5053077,25.0932239
112,5,6,16,21,2,08士林區,士林區通河西街2段堤外,0,0,2,1,C03,8,1,5,30,14,9,1,5,4,5,7,4,4,10,5,5,2,10,2,52,2,9,1,1,7,9,1,10,1,11,,,,1,22,9,121.5053077,25.0932239
112,5,6,16,40,2,08士林區,士林區中山北路5段與中正路口,0,0,2,2,C03,8,1,5,50,4,1,1,5,4,5,7,1,1,1,5,5,2,17,1,17,2,9,1,1,7,9,2,18,1,11,,44,,1,22,9,121.5277942,25.0958058
112,5,6,16,40,2,08士林區,士林區中山北路5段與中正路口,0,0,2,1,C03,8,1,5,50,4,1,1,5,4,5,7,1,1,1,5,5,2,17,1,20,2,9,1,1,7,7,1,10,1,13,,6,,1,22,9,121.5277942,25.0958058
112,5,6,17,0,2,09北投區,北投區大度路1段與承德路7段口,0,0,1,1,B03,8,1,5,50,5,1,1,5,4,5,7,2,1,8,1,5,2,17,2,57,3,10,1,1,7,6,1,8,1,5,,43,,1,22,9,121.4995989,25.12095793
112,5,6,17,0,2,09北投區,北投區大度路1段與承德路7段口,0,0,1,2,C03,8,1,5,50,5,1,1,5,4,5,7,2,1,8,1,5,2,17,1,19,2,9,1,1,7,9,1,10,1,11,,43,,1,22,9,121.4995989,25.12095793
112,5,6,17,22,2,08士林區,士林區百齡右岸河濱公園自行車道(編號百齡右岸206燈桿前),0,0,2,2,F01,8,1,5,0,11,9,1,5,4,5,7,4,4,5,5,5,2,10,1,41,2,7,3,4,7,4,8,20,1,16,,1,,1,22,9,121.510636,25.09631468
112,5,6,17,22,2,08士林區,士林區百齡右岸河濱公園自行車道(編號百齡右岸206燈桿前),0,0,2,1,F01,8,1,5,0,11,9,1,5,4,5,7,4,4,5,5,5,2,10,1,59,2,7,3,4,7,9,8,20,1,16,,23,,1,22,9,121.510636,25.09631468
112,5,6,17,25,2,08士林區,士林區社中街231巷與社中街231巷12弄口,0,0,1,1,C03,8,1,5,30,3,1,1,5,4,5,7,4,4,10,5,5,2,17,2,76,2,9,1,1,7,6,1,10,1,14,,44,,1,22,9,121.5076553,25.09091453
112,5,6,17,25,2,08士林區,士林區社中街231巷與社中街231巷12弄口,0,0,1,2,B03,8,1,5,30,3,1,1,5,4,5,7,4,4,10,5,5,2,17,1,36,3,10,1,1,7,5,1,10,1,4,,8,,1,22,9,121.5076553,25.09091453
112,5,6,17,29,2,10文山區,文山區興隆路4段58巷與興隆路4段口,0,0,1,1,B03,8,1,5,50,3,1,1,5,4,5,7,2,1,1,4,5,2,11,1,55,3,10,1,1,7,5,1,6,2,5,,8,,1,22,9,121.5612655,24.98557362
112,5,6,17,29,2,10文山區,文山區興隆路4段58巷與興隆路4段口,0,0,1,2,C03,8,1,5,50,3,1,1,5,4,5,7,2,1,1,4,5,2,11,1,53,2,9,1,1,7,9,1,10,2,11,,44,,1,22,9,121.5612655,24.98557362
112,5,6,17,30,2,07信義區,信義區永吉路與永吉路187巷口口,0,0,1,1,B12,8,1,6,30,3,2,1,5,4,5,7,4,4,10,4,5,2,17,1,48,3,10,1,1,7,6,1,4,5,2,,6,,1,22,9,121.572666,25.0457083
112,5,6,17,30,2,07信義區,信義區永吉路與永吉路187巷口口,0,0,1,2,F01,8,1,6,30,3,2,1,5,4,5,7,4,4,10,4,5,2,17,2,41,2,9,1,1,7,1,8,20,2,16,,19,,1,22,9,121.572666,25.0457083
112,5,6,17,40,2,10文山區,文山區萬芳路3號,0,0,2,3,H02,8,1,5,50,14,9,1,5,4,5,7,4,4,5,4,5,2,16,2,25,2,9,1,5,7,17,8,20,1,16,,67,,1,22,9,121.5709752,24.99797079
112,5,6,17,40,2,10文山區,文山區萬芳路3號,0,0,2,1,B03,8,1,5,50,14,9,1,5,4,5,7,4,4,5,4,5,2,16,1,49,3,10,1,1,7,7,1,8,1,5,,7,,1,22,9,121.5709752,24.99797079
112,5,6,17,40,2,10文山區,文山區萬芳路3號,0,0,2,2,C03,8,1,5,50,14,9,1,5,4,5,7,4,4,5,4,5,2,16,1,25,2,9,1,1,7,9,1,10,1,12,,44,,1,22,9,121.5709752,24.99797079
112,5,6,17,47,2,09北投區,北投區建民路與建民路150巷口,0,0,3,1,C03,8,1,5,30,4,1,1,5,4,5,7,4,4,10,5,5,2,15,1,19,2,9,1,1,7,9,1,10,1,11,,6,,1,22,9,121.5192829,25.1104314
112,5,6,17,47,2,09北投區,北投區建民路與建民路150巷口,0,0,3,3,H02,8,1,5,30,4,1,1,5,4,5,7,4,4,10,5,5,2,15,2,18,2,9,1,5,7,20,8,20,10,16,,67,,1,22,9,121.5192829,25.1104314
112,5,6,17,47,2,09北投區,北投區建民路與建民路150巷口,0,0,3,2,C03,8,1,5,30,4,1,1,5,4,5,7,4,4,10,5,5,2,15,1,38,2,9,1,1,7,9,1,10,1,11,,14,,1,22,9,121.5192829,25.1104314
112,5,6,17,48,2,06松山區,松山區民權東路4段與光復北路口,0,0,3,1,C03,8,1,5,50,4,1,1,5,4,5,7,2,1,1,4,5,2,16,1,40,2,9,1,1,7,8,1,10,2,12,,44,,1,22,9,121.5545756,25.06198599
112,5,6,17,48,2,06松山區,松山區民權東路4段與光復北路口,0,0,3,2,C03,8,1,5,50,4,1,1,5,4,5,7,2,1,1,4,5,2,16,2,36,2,9,1,1,7,9,1,10,2,11,,26,,1,22,9,121.5545756,25.06198599
112,5,6,17,48,2,06松山區,松山區民權東路4段與光復北路口,0,0,3,3,H02,8,1,5,50,4,1,1,5,4,5,7,2,1,1,4,5,2,16,2,38,2,9,1,5,7,21,8,20,10,16,,67,,1,22,9,121.5545756,25.06198599
112,5,6,18,28,2,12內湖區,內湖區新明路321巷與新明路321巷10弄口,0,0,2,1,B03,8,1,5,30,3,2,1,5,4,3,5,4,4,9,5,5,2,17,1,50,3,10,1,1,7,1,1,8,1,8,,19,,1,22,9,121.5846257,25.05655714
112,5,6,18,28,2,12內湖區,內湖區新明路321巷與新明路321巷10弄口,0,0,2,2,C04,8,1,5,30,3,2,1,5,4,3,5,4,4,9,5,5,2,17,1,38,2,8,1,1,7,9,1,10,1,12,,44,,1,22,9,121.5846257,25.05655714
112,5,6,18,28,2,12內湖區,內湖區新明路321巷與新明路321巷10弄口,0,0,2,3,B03,8,1,5,30,3,2,1,5,4,3,5,4,4,9,5,5,2,17,1,55,3,10,1,1,7,14,1,8,1,15,,38,,1,22,9,121.5846257,25.05655714
112,5,6,18,28,2,12內湖區,內湖區新明路321巷與新明路321巷10弄口,0,0,2,4,H02,8,1,5,30,3,2,1,5,4,3,5,4,4,9,5,5,2,17,2,29,2,9,1,5,7,20,8,20,10,16,,67,,1,22,9,121.5846257,25.05655714
112,5,6,18,38,2,02萬華區,萬華區中華路2段與中華路2段504巷口,0,0,2,1,C03,8,3,5,50,3,1,1,5,4,5,7,4,4,8,3,4,1,11,2,32,2,9,3,4,7,5,1,10,1,12,,6,,1,22,9,121.5078907,25.02609856
112,5,6,18,38,2,02萬華區,萬華區中華路2段與中華路2段504巷口,0,0,2,2,C03,8,3,5,50,3,1,1,5,4,5,7,4,4,8,3,4,1,11,1,30,2,9,3,4,7,9,1,10,1,11,,44,,1,22,9,121.5078907,25.02609856
112,5,6,20,38,2,08士林區,士林區承德路5段與中正路口,0,0,4,1,B03,6,3,5,50,4,1,1,4,4,5,7,2,1,1,2,5,1,17,1,27,2,9,1,1,7,9,1,8,2,1,,6,,1,21,8,121.5164145,25.09092574
112,5,6,20,38,2,08士林區,士林區承德路5段與中正路口,0,0,4,2,E01,6,3,5,50,4,1,1,4,4,5,7,2,1,1,2,5,1,17,1,25,2,5,1,1,7,9,1,4,2,5,,42,,1,21,8,121.5164145,25.09092574
112,5,6,20,38,2,08士林區,士林區承德路5段與中正路口,0,0,4,3,H02,6,3,5,50,4,1,1,4,4,5,7,2,1,1,2,5,1,17,2,27,2,9,4,5,7,20,8,20,10,16,,67,,1,21,8,121.5164145,25.09092574
112,5,6,20,38,2,08士林區,士林區承德路5段與中正路口,0,0,4,4,H02,6,3,5,50,4,1,1,4,4,5,7,2,1,1,2,5,1,17,2,23,2,9,1,5,7,20,8,20,10,16,,67,,1,21,8,121.5164145,25.09092574
112,5,6,21,10,2,08士林區,士林區承德路4段與士商路口,0,0,2,1,B01,6,3,5,50,3,2,1,4,4,5,7,4,4,10,5,5,2,17,1,65,3,10,1,1,7,6,1,4,1,7,,6,,1,22,9,121.5210931,25.08924564
112,5,6,21,10,2,08士林區,士林區承德路4段與士商路口,0,0,2,3,H02,6,3,5,50,3,2,1,4,4,5,7,4,4,10,5,5,2,17,2,26,2,9,1,1,7,21,8,20,10,16,,67,,1,22,9,121.5210931,25.08924564
112,5,6,21,10,2,08士林區,士林區承德路4段與士商路口,0,0,2,2,C03,6,3,5,50,3,2,1,4,4,5,7,4,4,10,5,5,2,17,1,39,2,9,1,1,7,9,1,10,1,11,,44,,1,22,9,121.5210931,25.08924564
112,5,6,21,18,2,05中正區,中正區羅斯福路4段與羅斯福路4段90巷口,0,0,1,4,B02,6,3,5,50,3,1,1,4,4,5,7,1,1,2,4,5,2,17,1,56,3,10,1,1,7,14,1,8,11,15,,38,,1,22,9,121.5350373,25.0139144
112,5,6,21,18,2,05中正區,中正區羅斯福路4段與羅斯福路4段90巷口,0,0,1,1,C03,6,3,5,50,3,1,1,4,4,5,7,1,1,2,4,5,2,17,4,0,4,11,3,4,7,15,7,19,11,15,,43,,2,22,9,121.5350373,25.0139144
112,5,6,21,18,2,05中正區,中正區羅斯福路4段與羅斯福路4段90巷口,0,0,1,2,C03,6,3,5,50,3,1,1,4,4,5,7,1,1,2,4,5,2,17,2,21,2,9,1,1,7,9,1,10,2,14,,42,,1,22,9,121.5350373,25.0139144
112,5,6,21,18,2,05中正區,中正區羅斯福路4段與羅斯福路4段90巷口,0,0,1,3,B03,6,3,5,50,3,1,1,4,4,5,7,1,1,2,4,5,2,17,3,0,,,,,,,,,11,,,43,,,,,121.5350373,25.0139144
112,5,6,21,20,2,03中山區,中山區復興北路174號,0,0,1,2,C03,6,3,5,50,14,9,1,4,4,5,7,4,4,1,4,5,2,12,1,20,2,9,1,1,7,9,1,10,2,11,,23,,1,22,9,121.54399,25.05402777
112,5,6,21,20,2,03中山區,中山區復興北路174號,0,0,1,1,B03,6,3,5,50,14,9,1,4,4,5,7,4,4,1,4,5,2,12,2,74,3,10,1,1,7,1,1,8,2,8,,19,,1,22,9,121.54399,25.05402777
112,5,6,21,52,2,03中山區,中山區吉林路與吉林路315巷口口,0,0,1,2,C03,6,3,5,30,4,2,1,4,4,5,7,4,4,9,4,4,2,16,2,57,2,9,3,4,7,9,1,10,1,11,,44,,1,22,9,121.5303582,25.06352023
112,5,6,21,52,2,03中山區,中山區吉林路與吉林路315巷口口,0,0,1,1,B01,6,3,5,30,4,2,1,4,4,5,7,4,4,9,4,4,2,16,1,68,3,10,3,4,7,9,1,4,1,5,,6,,1,10,9,121.5303582,25.06352023
112,5,6,22,2,2,09北投區,北投區泉源路49號,0,0,1,1,C03,6,3,5,30,14,9,1,4,4,5,7,4,4,10,5,5,2,18,1,30,2,9,1,1,7,9,1,10,1,15,,44,,1,22,9,121.5111126,25.141149
112,5,6,22,2,2,09北投區,北投區泉源路49號,0,0,1,2,,6,3,5,30,14,9,1,4,4,5,7,4,4,10,5,5,2,18,3,0,,,,,,,,,,,,67,,1,,,121.5111126,25.141149
112,5,6,22,2,2,09北投區,北投區泉源路49號,0,0,1,1,C03,6,3,5,30,14,9,1,4,4,5,7,4,4,10,5,5,2,17,2,21,2,9,1,1,7,9,1,10,2,15,,,,1,22,9,121.511136,25.14118143
112,5,6,22,2,2,09北投區,北投區泉源路49號,0,0,1,2,C03,6,3,5,30,14,9,1,4,4,5,7,4,4,10,5,5,2,17,1,53,3,10,3,1,7,13,1,10,9,13,,,,1,22,9,121.511136,25.14118143
112,5,6,22,6,2,05中正區,中正區中山南路與徐州路口,0,0,1,1,C03,6,3,5,50,4,2,1,4,4,5,7,1,1,4,4,1,1,12,1,54,4,11,3,4,7,15,7,19,11,15,,6,,2,22,9,121.518593,25.0416704
112,5,6,22,6,2,05中正區,中正區中山南路與徐州路口,0,0,1,2,C03,6,3,5,50,4,2,1,4,4,5,7,1,1,4,4,1,1,12,1,18,2,9,1,1,7,12,1,10,1,15,,44,,1,22,9,121.518593,25.0416704
112,5,6,22,7,2,03中山區,中山區中山北路3段59號與中山北路3段口旁無名巷,0,0,3,3,H02,7,3,5,30,3,2,1,5,4,5,7,4,4,10,4,5,2,16,2,43,2,9,1,5,7,20,8,20,10,16,,67,,1,22,9,121.5230989,25.06893798
112,5,6,22,7,2,03中山區,中山區中山北路3段59號與中山北路3段口旁無名巷,0,0,3,1,C03,7,3,5,30,3,2,1,5,4,5,7,4,4,10,4,5,2,16,1,63,2,9,1,1,7,6,1,10,1,13,12,6,,1,22,9,121.5230989,25.06893798
112,5,6,22,7,2,03中山區,中山區中山北路3段59號與中山北路3段口旁無名巷,0,0,3,2,C03,7,3,5,30,3,2,1,5,4,5,7,4,4,10,4,5,2,16,1,49,2,9,1,1,7,9,1,10,1,11,12,14,,1,22,9,121.5230989,25.06893798
112,5,6,23,0,2,03中山區,中山區林森北路385號,0,0,1,2,C03,8,3,5,50,14,9,1,5,4,5,7,4,4,5,5,5,2,16,2,19,2,9,1,1,7,9,1,10,2,11,,13,,1,22,9,121.5255726,25.05864875
112,5,6,23,0,2,03中山區,中山區林森北路385號,0,0,1,1,B03,8,3,5,50,14,9,1,5,4,5,7,4,4,5,5,5,2,16,1,24,3,10,1,1,7,1,1,8,2,8,,19,,1,22,9,121.5255726,25.05864875
112,5,6,23,21,2,02萬華區,萬華區桂林路與貴陽街2段164巷口,0,0,2,1,C03,8,3,5,50,3,1,1,5,4,5,7,4,4,5,4,4,2,13,1,47,2,9,1,1,7,9,1,10,1,11,,23,,1,22,9,121.501101,25.0384279
112,5,6,23,21,2,02萬華區,萬華區桂林路與貴陽街2段164巷口,0,0,2,2,B01,8,3,5,50,3,1,1,5,4,5,7,4,4,5,4,4,2,13,1,61,3,10,1,1,7,11,1,4,1,3,,44,,1,22,9,121.501101,25.0384279
112,5,6,23,21,2,02萬華區,萬華區桂林路與貴陽街2段164巷口,0,0,2,3,H02,8,3,5,50,3,1,1,5,4,5,7,4,4,5,4,4,2,13,2,42,2,9,1,5,7,20,8,20,10,16,,67,,1,22,9,121.501101,25.0384279
112,5,6,23,25,2,08士林區,士林區中正路與承德路5段口口,0,0,1,1,B03,6,3,5,50,4,2,1,4,4,5,7,2,1,3,4,5,2,16,1,30,3,10,1,1,7,6,1,8,2,6,,9,,1,22,9,121.5165341,25.09118479
112,5,6,23,25,2,08士林區,士林區中正路與承德路5段口口,0,0,1,2,C03,6,3,5,50,4,2,1,4,4,5,7,2,1,3,4,5,2,16,1,29,2,9,1,1,7,9,1,10,5,14,,21,,1,22,9,121.5165341,25.09118479
112,5,6,23,47,2,05中正區,中正區汀州路3段與羅斯福路3段284巷口,0,0,1,2,C03,6,3,5,50,4,1,1,4,4,5,7,1,1,5,5,5,2,16,1,34,2,9,1,1,7,9,1,10,1,11,,44,,1,22,9,121.5313146,25.0157322
112,5,6,23,47,2,05中正區,中正區汀州路3段與羅斯福路3段284巷口,0,0,1,1,A12,6,3,5,50,4,1,1,4,4,5,7,1,1,5,5,5,2,16,1,23,3,10,1,1,7,11,1,7,1,5,,6,,1,22,9,121.5313146,25.0157322
112,5,7,4,2,2,08士林區,士林區延平北路7段106巷與延平北路7段106巷94弄口,0,0,1,2,C03,8,3,5,30,3,1,1,5,4,5,7,4,4,9,5,5,1,16,1,59,2,9,1,1,7,9,1,10,2,12,,13,,1,22,9,121.4962352,25.099137
112,5,7,4,2,2,08士林區,士林區延平北路7段106巷與延平北路7段106巷94弄口,0,0,1,1,B12,8,3,5,30,3,1,1,5,4,5,7,4,4,9,5,5,1,16,1,48,3,10,1,1,7,6,1,4,2,8,,6,,1,22,9,121.4962352,25.099137
112,5,7,4,45,2,12內湖區,內湖區瑞光路與陽光街口,0,0,2,1,B03,8,1,5,50,4,1,1,5,4,5,7,3,1,5,4,5,2,15,1,31,2,8,1,1,7,9,1,8,2,7,,6,,1,22,9,121.5792063,25.07373792
112,5,7,4,45,2,12內湖區,內湖區瑞光路與陽光街口,0,0,2,2,B02,8,1,5,50,4,1,1,5,4,5,7,3,1,5,4,5,2,15,1,66,3,10,1,1,7,9,1,4,2,5,,14,,1,22,9,121.5792063,25.07373792
112,5,7,4,45,2,12內湖區,內湖區瑞光路與陽光街口,0,0,2,3,H02,8,1,5,50,4,1,1,5,4,5,7,3,1,5,4,5,2,15,2,37,2,1,1,5,7,20,8,20,10,16,,67,,1,22,9,121.5792063,25.07373792
112,5,7,4,45,2,12內湖區,內湖區瑞光路與陽光街口,0,0,2,4,,8,1,5,50,4,1,1,5,4,5,7,3,1,5,4,5,2,15,3,0,,,,,,,,,,,,67,,1,,,121.5792063,25.07373792
112,5,7,7,30,2,02萬華區,萬華區環河南路2段與長順街口口,0,0,2,1,C03,7,1,5,50,4,1,1,5,4,5,7,1,1,10,5,5,2,17,1,38,3,10,3,4,7,5,1,10,1,11,,8,,1,22,9,121.4907011,25.03135837
112,5,7,7,30,2,02萬華區,萬華區環河南路2段與長順街口口,0,0,2,2,C03,7,1,5,50,4,1,1,5,4,5,7,1,1,10,5,5,2,17,1,38,2,7,3,4,7,9,1,10,1,14,,42,,1,22,9,121.4907011,25.03135837
112,5,7,7,30,2,02萬華區,萬華區環河南路2段與長順街口口,0,0,2,3,H02,7,1,5,50,4,1,1,5,4,5,7,1,1,10,5,5,2,17,2,64,2,9,3,5,7,21,8,20,10,15,,67,,1,22,9,121.4907011,25.03135837
112,5,7,8,35,2,11南港區,南港區研究院路2段與研究院路2段102巷口,0,0,2,2,C03,8,1,5,50,4,1,1,5,4,5,7,2,1,1,4,5,2,16,1,41,2,8,1,1,7,9,1,10,1,11,,44,,1,21,8,121.6161073,25.0438651
112,5,7,8,35,2,11南港區,南港區研究院路2段與研究院路2段102巷口,0,0,2,3,H02,8,1,5,50,4,1,1,5,4,5,7,2,1,1,4,5,2,16,1,39,2,7,1,5,7,20,8,20,10,16,,67,,1,21,8,121.6161073,25.0438651
112,5,7,8,35,2,11南港區,南港區研究院路2段與研究院路2段102巷口,0,0,2,1,B03,8,1,5,50,4,1,1,5,4,5,7,2,1,1,4,5,2,16,1,39,3,10,1,1,7,6,1,8,1,2,,9,,1,21,8,121.6161073,25.0438651
112,5,7,9,15,2,04大安區,大安區大安路2段與大安路2段27巷口,0,0,1,2,H01,7,1,5,50,4,1,1,5,4,5,7,4,4,9,4,5,2,3,2,57,2,9,3,4,8,16,8,20,10,15,,67,,1,22,9,121.5460916,25.0320287
112,5,7,9,15,2,04大安區,大安區大安路2段與大安路2段27巷口,0,0,1,1,B01,7,1,5,50,4,1,1,5,4,5,7,4,4,9,4,5,2,3,1,49,3,10,3,4,7,2,1,4,2,3,,12,,1,22,9,121.5460916,25.0320287
112,5,7,9,28,2,03中山區,中山區南京東路2段50號,0,0,1,2,B03,8,1,5,50,14,7,1,5,4,5,7,4,4,1,4,4,2,17,1,70,3,10,1,1,7,15,1,4,1,7,,44,,1,22,9,121.5296907,25.05203774
112,5,7,9,28,2,03中山區,中山區南京東路2段50號,0,0,1,1,C03,8,1,5,50,14,7,1,5,4,5,7,4,4,1,4,4,2,17,1,28,2,9,1,1,7,9,1,10,1,11,,16,,1,22,9,121.5296907,25.05203774
112,5,7,9,34,2,03中山區,中山區民族東路與松江路口,0,0,1,2,C03,8,1,5,50,5,2,1,5,4,5,7,2,1,1,4,5,2,12,2,31,2,9,1,1,7,9,1,10,2,14,,44,,1,22,9,121.5331293,25.068175
112,5,7,9,34,2,03中山區,中山區民族東路與松江路口,0,0,1,1,B03,8,1,5,50,5,2,1,5,4,5,7,2,1,1,4,5,2,12,1,38,3,10,1,1,7,6,1,8,2,2,,9,,1,22,9,121.5331293,25.068175
112,5,7,10,0,2,06松山區,松山區撫遠街350號,0,0,1,1,C03,7,1,5,40,14,8,1,5,4,5,7,4,4,9,4,4,2,13,1,46,3,10,1,1,7,9,1,10,1,11,,16,,1,22,9,121.5660794,25.06264541
112,5,7,10,0,2,06松山區,松山區撫遠街350號,0,0,1,2,C03,7,1,5,40,14,8,1,5,4,5,7,4,4,9,4,4,2,13,1,63,3,10,1,1,7,12,1,10,1,13,,42,,1,22,9,121.5660794,25.06264541
112,5,7,10,0,2,06松山區,松山區撫遠街350號,0,0,1,3,H02,7,1,5,40,14,8,1,5,4,5,7,4,4,9,4,4,2,13,2,26,2,5,1,5,7,21,8,20,10,16,,67,,1,22,9,121.5660794,25.06264541
112,5,7,10,59,2,06松山區,松山區敦化北路347號,0,0,1,2,B03,8,1,5,30,14,8,1,4,4,5,7,4,4,1,4,1,2,13,1,30,3,10,3,4,7,14,1,8,1,3,,44,,1,22,9,121.550318,25.06006817
112,5,7,10,59,2,06松山區,松山區敦化北路347號,0,0,1,1,C03,8,1,5,30,14,8,1,4,4,5,7,4,4,1,4,1,2,13,1,23,2,9,3,4,7,8,1,10,1,11,,23,,1,22,9,121.550318,25.06006817
112,5,7,11,33,2,08士林區,士林區美崙街與文林路口,0,0,1,2,H01,8,1,5,50,4,2,1,5,4,5,7,4,4,5,5,5,2,9,2,76,2,9,4,5,8,16,8,20,10,16,,51,,1,22,9,121.5238527,25.0973001
112,5,7,11,33,2,08士林區,士林區美崙街與文林路口,0,0,1,1,F01,8,1,5,50,4,2,1,5,4,5,7,4,4,5,5,5,2,9,1,24,4,11,3,4,7,15,8,20,11,15,,23,,2,22,9,121.5238527,25.0973001
112,5,7,11,35,2,11南港區,南港區研究院路1段與中南街123巷口,0,0,1,1,C03,7,1,5,50,4,2,1,5,4,5,7,2,1,9,4,5,2,12,2,33,2,9,1,1,7,9,1,10,2,11,,16,,1,22,9,121.6159243,25.05177659
112,5,7,11,35,2,11南港區,南港區研究院路1段與中南街123巷口,0,0,1,2,C03,7,1,5,50,4,2,1,5,4,5,7,2,1,9,4,5,2,12,1,47,3,10,1,1,7,12,1,10,2,13,,17,,1,22,9,121.6159243,25.05177659
112,5,7,11,35,2,11南港區,南港區研究院路1段與中南街123巷口,0,0,1,3,B03,7,1,5,50,4,2,1,5,4,5,7,2,1,9,4,5,2,12,1,44,3,10,1,1,7,9,1,8,2,5,,16,,1,22,9,121.6159243,25.05177659
112,5,7,11,36,2,11南港區,南港區研究院路1段與中南街123巷口口,0,0,1,2,C03,7,1,5,50,4,1,1,5,4,5,7,2,1,1,4,5,2,17,1,27,2,9,1,1,7,9,1,10,1,11,,44,,1,22,9,121.6159951,25.05193139
112,5,7,11,36,2,11南港區,南港區研究院路1段與中南街123巷口口,0,0,1,3,B03,7,1,5,50,4,1,1,5,4,5,7,2,1,1,4,5,2,17,1,61,3,10,2,1,7,13,1,3,1,3,,38,,1,22,9,121.6159951,25.05193139
112,5,7,11,36,2,11南港區,南港區研究院路1段與中南街123巷口口,0,0,1,1,B12,7,1,5,50,4,1,1,5,4,5,7,2,1,1,4,5,2,17,1,45,3,10,1,1,7,5,1,8,1,15,,6,,1,22,9,121.6159951,25.05193139
112,5,7,11,53,2,12內湖區,內湖區港墘路127巷與港墘路127巷6弄口,0,0,1,1,B03,7,1,5,30,4,1,1,5,4,5,7,4,4,9,4,5,2,16,1,47,3,10,1,1,7,5,1,8,1,1,,6,,1,22,9,121.5765717,25.07786875
112,5,7,11,53,2,12內湖區,內湖區港墘路127巷與港墘路127巷6弄口,0,0,1,2,C03,7,1,5,30,4,1,1,5,4,5,7,4,4,9,4,5,2,16,2,20,2,9,1,1,7,9,1,10,1,14,,13,,1,22,9,121.5765717,25.07786875
112,5,7,12,0,2,06松山區,松山區八德路3段158巷與八德路3段口,0,0,1,1,C03,7,1,5,50,4,1,1,5,4,5,7,1,1,8,3,5,2,17,1,37,3,10,1,1,7,5,1,10,1,12,,8,,1,22,9,121.5550992,25.04812912
112,5,7,12,0,2,06松山區,松山區八德路3段158巷與八德路3段口,0,0,1,2,C03,7,1,5,50,4,1,1,5,4,5,7,1,1,8,3,5,2,17,2,27,2,9,1,1,7,9,1,10,1,11,,23,,1,22,9,121.5550992,25.04812912
112,5,7,12,33,2,12內湖區,內湖區瑞湖街與陽光街321巷口,0,0,1,1,B03,8,1,5,50,4,1,1,5,4,5,7,2,1,4,5,5,2,11,1,49,3,10,1,1,7,5,1,8,2,5,,6,,1,22,9,121.5764149,25.07122901
112,5,7,12,33,2,12內湖區,內湖區瑞湖街與陽光街321巷口,0,0,1,2,C03,8,1,5,50,4,1,1,5,4,5,7,2,1,4,5,5,2,11,1,28,2,9,3,4,7,9,3,18,9,11,,44,,1,22,9,121.5764149,25.07122901
112,5,7,12,49,2,06松山區,松山區三民路與三民路62巷口,0,0,2,3,H02,8,1,5,30,5,1,1,4,4,5,7,4,4,10,5,5,2,15,1,7,2,9,3,1,7,21,8,20,10,16,,67,,1,22,9,121.5638136,25.05463907