發生年度,發生月,發生日,發生時-Hours,發生分,處理別-編號,區序,肇事地點,死亡人數,2-30日死亡人數,受傷人數,當事人序號,車種,天候,光線,道路類別,速限-速度限制,道路型態,事故位置,路面狀況1,路面狀況2,路面狀況3,道路障礙1,道路障礙2,號誌1,號誌2,車道劃分-分向,車道劃分-分道1,車道劃分-分道2,車道劃分-分道3,事故類型及型態,性別,年齡,受傷程度,主要傷處,保護裝置,行動電話,車輛用途,當事者行動狀態,駕駛資格情形,駕駛執照種類,飲酒情形,車輛撞擊部位1,車輛撞擊部位2,肇因碼-個別,肇因碼-主要,個人肇逃否,職業,旅次目的,座標-X,座標-Y
112,5,7,12,49,2,06松山區,松山區三民路與三民路62巷口,0,0,2,2,F01,8,1,5,30,5,1,1,4,4,5,7,4,4,10,5,5,2,15,2,79,2,9,3,4,7,1,8,20,1,16,,19,,1,22,9,121.5638136,25.05463907
112,5,7,12,49,2,06松山區,松山區三民路與三民路62巷口,0,0,2,1,C03,8,1,5,30,5,1,1,4,4,5,7,4,4,10,5,5,2,15,1,52,3,10,1,4,7,9,1,10,1,12,,23,,1,22,9,121.5638136,25.05463907
112,5,7,13,0,2,03中山區,中山區中山北路3段與酒泉街口往南未到酒泉街,0,0,1,1,B03,7,1,5,50,14,9,1,5,4,5,7,1,1,3,4,5,2,12,1,39,3,10,1,1,7,9,1,8,1,2,,17,,1,22,9,121.5235023,25.07123423
112,5,7,13,0,2,03中山區,中山區中山北路3段與酒泉街口往南未到酒泉街,0,0,1,2,C03,7,1,5,50,14,9,1,5,4,5,7,1,1,3,4,5,2,12,1,61,2,9,1,1,7,7,1,10,1,14,,7,,1,22,9,121.5235023,25.07123423
112,5,7,13,0,2,05中正區,中正區漢口街1段與懷寧街口,0,0,1,3,B01,7,1,5,50,4,1,1,5,4,5,7,3,1,10,4,5,2,3,1,55,3,10,3,4,7,13,1,4,11,2,,38,,1,10,9,121.5142225,25.0451714
112,5,7,13,0,2,05中正區,中正區漢口街1段與懷寧街口,0,0,1,2,H01,7,1,5,50,4,1,1,5,4,5,7,3,1,10,4,5,2,3,1,74,2,9,4,5,8,16,8,20,10,16,,67,,1,22,9,121.5142225,25.0451714
112,5,7,13,0,2,05中正區,中正區漢口街1段與懷寧街口,0,0,1,1,C03,7,1,5,50,4,1,1,5,4,5,7,3,1,10,4,5,2,3,1,34,3,10,1,4,7,9,1,10,2,11,,15,,1,22,9,121.5142225,25.0451714
112,5,7,13,10,2,05中正區,中正區水源快速道路往北,0,0,1,1,B12,6,1,5,50,10,9,1,4,4,5,7,4,4,10,5,5,2,13,1,48,3,10,1,1,7,9,1,8,1,1,,16,,1,22,9,121.5279791,25.01210963
112,5,7,13,10,2,05中正區,中正區水源快速道路往北,0,0,1,2,B03,6,1,5,50,10,9,1,4,4,5,7,4,4,10,5,5,2,13,2,21,3,10,1,1,7,9,1,8,1,3,,44,,1,22,9,121.5279791,25.01210963
112,5,7,13,10,2,05中正區,中正區水源快速道路往北,0,0,1,3,H02,6,1,5,50,10,9,1,4,4,5,7,4,4,10,5,5,2,13,2,76,2,1,3,5,8,20,8,20,10,16,,67,,1,22,9,121.5279791,25.01210963
112,5,7,13,41,2,07信義區,信義區松山路與虎林街121巷口,0,0,1,2,B03,6,1,5,30,3,2,1,4,4,5,7,4,4,3,4,5,2,16,1,38,3,10,3,4,7,8,1,8,1,6,,7,,1,22,9,121.5777532,25.0402137
112,5,7,13,41,2,07信義區,信義區松山路與虎林街121巷口,0,0,1,1,C03,6,1,5,30,3,2,1,4,4,5,7,4,4,3,4,5,2,16,1,18,2,9,3,4,7,6,1,10,1,11,,6,,1,22,9,121.5777532,25.0402137
112,5,7,14,28,2,02萬華區,萬華區中華路1段與長沙街2段口,0,0,2,1,B01,6,1,5,50,4,1,1,4,4,5,7,1,1,3,3,5,2,15,1,46,2,9,3,4,7,9,1,4,1,2,,44,,1,22,9,121.5077599,25.0405638
112,5,7,14,28,2,02萬華區,萬華區中華路1段與長沙街2段口,0,0,2,2,B01,6,1,5,50,4,1,1,4,4,5,7,1,1,3,3,5,2,15,1,67,2,9,3,4,7,9,1,4,1,1,,25,,1,22,9,121.5077599,25.0405638
112,5,7,14,28,2,05中正區,中正區師大路與汀州路3段口,0,0,1,1,B03,6,1,5,50,5,1,1,4,4,5,7,1,1,1,4,5,2,12,2,41,3,10,3,4,7,6,1,8,1,5,,9,,1,22,9,121.5261259,25.0201842
112,5,7,14,28,2,05中正區,中正區師大路與汀州路3段口,0,0,1,2,C03,6,1,5,50,5,1,1,4,4,5,7,1,1,1,4,5,2,12,2,19,2,9,3,4,7,9,1,10,1,11,,23,,1,22,9,121.5261259,25.0201842
112,5,7,14,30,2,01大同區,大同區承德路2段與萬全街口,0,0,1,1,B03,6,1,5,50,4,1,1,4,4,5,7,2,1,1,4,5,2,15,1,39,3,10,1,1,7,9,1,8,1,8,,43,,1,22,9,121.5182787,25.0584574
112,5,7,14,30,2,01大同區,大同區承德路2段與萬全街口,0,0,1,2,C03,6,1,5,50,4,1,1,4,4,5,7,2,1,1,4,5,2,15,2,49,2,8,1,1,7,9,1,10,1,11,,43,,1,22,9,121.5182787,25.0584574
112,5,7,14,57,2,02萬華區,萬華區桂林路與昆明街口,0,0,1,2,C03,6,1,5,50,4,1,1,4,4,5,7,2,1,9,4,4,2,17,1,26,2,9,1,1,7,9,1,10,2,12,,13,,1,22,9,121.503747,25.03804955
112,5,7,14,57,2,02萬華區,萬華區桂林路與昆明街口,0,0,1,1,B03,6,1,5,50,4,1,1,4,4,5,7,2,1,9,4,4,2,17,1,81,3,10,1,1,7,5,6,8,2,6,,6,,1,22,9,121.503747,25.03804955
112,5,7,15,6,2,03中山區,中山區堤頂大道2段370號,0,0,2,1,B03,6,1,5,70,14,9,1,4,4,5,7,4,4,1,4,5,2,13,1,55,3,10,1,1,7,9,1,8,1,1,,23,,1,22,9,121.5630683,25.0799339
112,5,7,15,6,2,03中山區,中山區堤頂大道2段370號,0,0,2,2,B03,6,1,5,70,14,9,1,4,4,5,7,4,4,1,4,5,2,13,2,51,3,10,1,1,7,14,1,8,1,3,,44,,1,22,9,121.5630683,25.0799339
112,5,7,15,6,2,03中山區,中山區堤頂大道2段370號,0,0,2,3,H02,6,1,5,70,14,9,1,4,4,5,7,4,4,1,4,5,2,13,2,63,2,8,1,5,7,20,8,20,10,16,,67,,1,22,9,121.5630683,25.0799339
112,5,7,15,6,2,03中山區,中山區堤頂大道2段370號,0,0,2,4,H02,6,1,5,70,14,9,1,4,4,5,7,4,4,1,4,5,2,13,2,83,2,1,1,5,7,20,8,20,10,16,,67,,1,22,9,121.5630683,25.0799339
112,5,7,15,20,2,05中正區,中正區仁愛路1段與紹興南街口,0,0,1,2,C03,6,1,5,50,4,2,1,4,4,5,7,1,1,1,4,5,2,17,1,31,2,9,1,1,7,9,1,10,2,11,,44,,1,22,9,121.5232285,25.0386786
112,5,7,15,20,2,05中正區,中正區仁愛路1段與紹興南街口,0,0,1,1,B03,6,1,5,50,4,2,1,4,4,5,7,1,1,1,4,5,2,17,1,54,3,10,1,1,7,1,1,8,2,7,,19,,1,22,9,121.5232285,25.0386786
112,5,7,15,42,2,05中正區,中正區重慶南路3段135號,0,0,1,1,C03,6,1,5,30,14,9,1,4,4,5,7,4,4,3,4,5,2,17,1,60,3,10,1,1,7,9,1,10,2,13,,30,,1,22,9,121.516945,25.02375868
112,5,7,15,42,2,05中正區,中正區重慶南路3段135號,0,0,1,4,C03,6,1,5,30,14,9,1,4,4,5,7,4,4,3,4,5,2,17,1,19,2,9,1,1,7,9,1,10,2,13,,44,,1,22,9,121.516945,25.02375868
112,5,7,15,42,2,05中正區,中正區重慶南路3段135號,0,0,1,3,C03,6,1,5,30,14,9,1,4,4,5,7,4,4,3,4,5,2,17,2,19,3,10,1,1,7,9,1,10,2,11,,16,,1,22,9,121.516945,25.02375868
112,5,7,15,42,2,05中正區,中正區重慶南路3段135號,0,0,1,2,B03,6,1,5,30,14,9,1,4,4,5,7,4,4,3,4,5,2,17,1,35,3,10,1,1,7,9,1,8,2,3,,44,,1,22,9,121.516945,25.02375868
112,5,7,15,46,2,12內湖區,內湖區康樂街與康樂街20巷口,0,0,1,2,H01,6,3,5,30,3,2,1,4,4,5,7,2,1,10,5,5,2,3,2,71,2,9,4,5,8,16,8,20,10,16,,67,,1,22,9,121.618175,25.06834413
112,5,7,15,46,2,12內湖區,內湖區康樂街與康樂街20巷口,0,0,1,1,B03,6,3,5,30,3,2,1,4,4,5,7,2,1,10,5,5,2,3,1,39,3,10,1,1,7,6,1,8,2,5,,15,,1,22,9,121.618175,25.06834413
112,5,7,16,5,2,01大同區,大同區承德路1段與華陰街口,0,0,1,1,C03,6,1,5,50,4,1,1,4,4,5,7,2,1,1,4,5,2,3,2,22,3,10,1,1,7,5,1,10,1,11,,15,,1,22,9,121.5168329,25.04991755
112,5,7,16,5,2,01大同區,大同區承德路1段與華陰街口,0,0,1,2,H01,6,1,5,50,4,1,1,4,4,5,7,2,1,1,4,5,2,3,1,30,2,7,4,5,8,16,8,20,10,16,,67,,1,22,9,121.5168329,25.04991755
112,5,7,16,8,2,02萬華區,萬華區德昌街104號,0,0,2,1,C03,6,1,5,30,14,9,1,4,4,5,7,4,4,10,5,5,2,17,1,70,2,8,3,4,7,7,1,10,1,13,,7,,1,22,9,121.4973207,25.0244921
112,5,7,16,8,2,02萬華區,萬華區德昌街104號,0,0,2,2,B03,6,1,5,30,14,9,1,4,4,5,7,4,4,10,5,5,2,17,1,43,3,10,3,4,7,9,1,8,1,5,,42,,1,22,9,121.4973207,25.0244921
112,5,7,16,8,2,02萬華區,萬華區德昌街104號,0,0,2,3,H02,6,1,5,30,14,9,1,4,4,5,7,4,4,10,5,5,2,17,2,67,2,5,3,5,7,21,8,20,10,15,,67,,1,22,9,121.4973207,25.0244921
112,5,7,16,25,2,05中正區,中正區金門街11巷與金門街口,0,0,1,2,C03,6,1,5,30,4,1,1,4,4,5,7,4,4,10,5,5,2,15,2,72,2,9,3,4,7,9,1,10,1,11,,14,,1,22,9,121.5237828,25.0217094
112,5,7,16,25,2,05中正區,中正區金門街11巷與金門街口,0,0,1,3,H02,6,1,5,30,4,1,1,4,4,5,7,4,4,10,5,5,2,15,2,39,4,11,3,4,7,20,8,20,10,16,,67,,1,22,9,121.5237828,25.0217094
112,5,7,16,25,2,05中正區,中正區金門街11巷與金門街口,0,0,1,1,B03,6,1,5,30,4,1,1,4,4,5,7,4,4,10,5,5,2,15,2,47,3,10,3,4,7,9,1,8,1,1,,6,,1,22,9,121.5237828,25.0217094
112,5,7,16,30,2,03中山區,中山區民族東路與松江路口,0,0,1,1,B03,6,1,5,50,5,2,1,4,4,5,7,2,1,1,4,5,2,17,2,48,4,11,3,4,7,5,7,19,11,15,,8,,2,22,9,121.5332974,25.0683037
112,5,7,16,30,2,03中山區,中山區民族東路與松江路口,0,0,1,2,C03,6,1,5,50,5,2,1,4,4,5,7,2,1,1,4,5,2,17,2,21,2,9,1,1,7,9,1,10,1,12,,13,,1,22,9,121.5332974,25.0683037
112,5,7,16,32,2,07信義區,信義區松智路與松平路口,0,0,1,1,B02,6,1,5,30,4,2,1,4,4,5,7,2,1,8,3,5,2,15,2,25,3,10,1,1,7,1,1,8,1,8,,23,,1,22,9,121.5653924,25.0305503
112,5,7,16,32,2,07信義區,信義區松智路與松平路口,0,0,1,2,F01,6,1,5,30,4,2,1,4,4,5,7,2,1,8,3,5,2,15,1,30,2,3,3,1,7,1,8,20,1,16,,23,,1,22,9,121.5653924,25.0305503
112,5,7,17,0,2,01大同區,大同區延平北路3段53號,0,0,1,1,C03,6,1,5,50,14,9,1,4,4,5,7,4,4,8,3,5,2,12,1,74,2,9,1,1,7,8,1,10,1,11,,7,,1,22,9,121.5111835,25.0653373
112,5,7,17,0,2,01大同區,大同區延平北路3段53號,0,0,1,2,C03,6,1,5,50,14,9,1,4,4,5,7,4,4,8,3,5,2,12,1,22,3,10,1,1,7,9,1,9,1,14,,44,,1,22,9,121.5111835,25.0653373
112,5,7,17,2,2,07信義區,信義區松德路116號,0,0,1,1,B01,6,2,5,30,11,12,1,4,4,5,7,2,1,1,4,4,2,17,1,57,3,10,3,4,7,6,1,4,1,6,,9,,1,22,9,121.5748141,25.0375116
112,5,7,17,2,2,07信義區,信義區松德路116號,0,0,1,2,C03,6,2,5,30,11,12,1,4,4,5,7,2,1,1,4,4,2,17,1,25,2,9,3,4,7,9,1,10,1,11,,23,,1,22,9,121.5748141,25.0375116
112,5,7,17,10,2,04大安區,大安區市民大道3段與八德路2段口,0,0,1,2,C03,6,1,5,50,4,1,1,4,4,5,7,1,1,5,4,5,2,16,2,27,2,9,3,4,7,9,1,10,1,14,,44,,1,22,9,121.5346378,25.0448404
112,5,7,17,10,2,04大安區,大安區市民大道3段與八德路2段口,0,0,1,1,B03,6,1,5,50,4,1,1,4,4,5,7,1,1,5,4,5,2,16,1,44,3,10,3,4,7,6,1,8,1,2,,6,,1,22,9,121.5346378,25.0448404
112,5,7,17,26,2,05中正區,中正區中山北路1段與北平西路口,0,0,1,1,B03,6,1,5,50,4,1,1,4,4,5,7,1,1,8,4,1,1,16,1,57,3,10,1,1,7,5,6,8,2,6,,25,,1,22,9,121.5202132,25.0472122
112,5,7,17,26,2,05中正區,中正區中山北路1段與北平西路口,0,0,1,2,C03,6,1,5,50,4,1,1,4,4,5,7,1,1,8,4,1,1,16,1,31,2,9,1,1,7,9,1,8,2,11,,13,,1,22,9,121.5202132,25.0472122
112,5,7,18,1,2,08士林區,士林區通河街11號,0,0,1,2,,6,3,5,40,14,9,1,4,4,5,7,4,4,5,5,5,2,18,3,0,,,,,,,,,,,,67,,1,,,121.5234571,25.07995361
112,5,7,18,1,2,08士林區,士林區通河街11號,0,0,1,1,C03,6,3,5,40,14,9,1,4,4,5,7,4,4,5,5,5,2,18,2,65,2,9,1,1,7,21,1,10,1,12,,42,,1,22,9,121.5234571,25.07995361
112,5,7,18,51,2,10文山區,文山區羅斯福路6段與萬慶街口,0,0,1,1,B03,6,3,5,30,15,18,1,4,4,5,7,2,1,10,5,5,2,1,1,24,3,10,1,1,7,5,1,8,2,1,,15,,1,22,9,121.5405903,24.9921589
112,5,7,18,51,2,10文山區,文山區羅斯福路6段與萬慶街口,0,0,1,2,H01,6,3,5,30,15,18,1,4,4,5,7,2,1,10,5,5,2,1,2,72,2,9,4,5,8,16,8,20,10,16,,67,,1,22,9,121.5405903,24.9921589
112,5,7,18,55,2,04大安區,大安區延吉街160巷與延吉街口,0,0,2,2,H01,6,3,5,50,4,1,1,4,4,5,7,1,1,4,5,5,2,3,2,19,2,9,4,4,8,16,8,20,1,16,,,,1,22,9,121.5549692,25.0394515
112,5,7,18,55,2,04大安區,大安區延吉街160巷與延吉街口,0,0,2,1,C03,6,3,5,50,4,1,1,4,4,5,7,1,1,4,5,5,2,3,1,56,2,9,1,1,7,9,1,10,2,11,,,,1,22,9,121.5549692,25.0394515
112,5,7,19,0,2,03中山區,中山區北安路588巷30弄與明水路581巷口,0,0,1,2,C03,6,3,5,50,4,1,1,4,4,5,7,1,1,5,5,5,2,17,1,61,2,9,1,1,7,9,1,10,1,12,,44,,1,22,9,121.5503112,25.0800054
112,5,7,19,0,2,03中山區,中山區北安路588巷30弄與明水路581巷口,0,0,1,1,B03,6,3,5,50,4,1,1,4,4,5,7,1,1,5,5,5,2,17,1,43,3,10,1,1,7,11,1,8,1,4,,10,,1,22,9,121.5503112,25.0800054
112,5,7,19,7,2,05中正區,中正區汀州路1段與南海路口,0,0,1,1,B03,6,3,5,50,4,2,1,4,4,5,7,1,1,5,4,5,2,12,1,73,3,10,1,1,7,9,1,8,1,2,,23,,1,22,9,121.5086293,25.0291434
112,5,7,19,7,2,05中正區,中正區汀州路1段與南海路口,0,0,1,2,C03,6,3,5,50,4,2,1,4,4,5,7,1,1,5,4,5,2,12,1,71,2,9,1,1,7,9,1,10,1,14,,17,,1,22,9,121.5086293,25.0291434
112,5,7,19,42,2,03中山區,中山區民權東路2段135巷與民權東路2段口,0,0,1,1,B03,6,3,5,50,4,1,1,4,4,5,7,1,1,1,4,5,2,2,1,35,3,10,3,4,7,5,1,8,1,1,,15,,1,22,9,121.5349818,25.06251614
112,5,7,19,42,2,03中山區,中山區民權東路2段135巷與民權東路2段口,0,0,1,2,H01,6,3,5,50,4,1,1,4,4,5,7,1,1,1,4,5,2,2,1,46,2,7,4,5,8,16,8,20,10,16,,67,,1,22,9,121.5349818,25.06251614
112,5,7,20,38,2,01大同區,大同區大龍街與民族西路口,0,0,1,2,B03,6,3,5,0,4,1,1,4,4,5,7,1,1,5,4,5,2,11,1,33,3,10,3,4,7,1,1,8,2,1,,,,1,22,9,121.5158653,25.0685862
112,5,7,20,38,2,01大同區,大同區大龍街與民族西路口,0,0,1,1,C03,6,3,5,0,4,1,1,4,4,5,7,1,1,5,4,5,2,11,1,35,2,9,3,4,7,5,1,8,2,12,,,,1,22,9,121.5158653,25.0685862
112,5,7,20,40,2,01大同區,大同區民權西路與民權西路225巷口口,0,0,1,2,B01,6,3,5,50,4,1,1,4,4,5,7,2,1,8,3,5,2,17,1,63,4,11,3,4,7,15,7,19,11,15,,27,,2,22,9,121.5121765,25.0630554
112,5,7,20,40,2,01大同區,大同區民權西路與民權西路225巷口口,0,0,1,1,C03,6,3,5,50,4,1,1,4,4,5,7,2,1,8,3,5,2,17,1,42,4,11,3,4,7,15,7,19,11,15,,44,,2,22,9,121.5121765,25.0630554
112,5,7,20,40,2,01大同區,大同區民權西路與民權西路225巷口口,0,0,1,3,C03,6,3,5,50,4,1,1,4,4,5,7,2,1,8,3,5,2,17,1,34,2,9,1,1,7,9,1,10,1,15,,23,,1,22,9,121.5121765,25.0630554
112,5,7,20,51,2,12內湖區,內湖區港墘路72號,0,0,1,2,C03,6,3,5,50,14,9,1,4,4,5,7,4,4,1,4,5,2,17,1,44,2,7,1,1,7,9,1,10,1,15,,16,,1,22,9,121.5779551,25.08101688
112,5,7,20,51,2,12內湖區,內湖區港墘路72號,0,0,1,1,B03,6,3,5,50,14,9,1,4,4,5,7,4,4,1,4,5,2,17,1,68,4,11,3,4,7,15,7,19,11,15,,43,,2,22,9,121.5779551,25.08101688
112,5,7,21,17,2,07信義區,信義區莊敬路391巷1弄8號,0,0,1,4,H02,6,3,5,30,13,9,1,4,4,5,7,4,4,10,5,5,2,12,2,50,3,10,3,1,7,19,8,20,10,16,,56,,1,21,8,121.5653756,25.0280077
112,5,7,21,17,2,07信義區,信義區莊敬路391巷1弄8號,0,0,1,1,B03,6,3,5,30,13,9,1,4,4,5,7,4,4,10,5,5,2,12,1,60,3,10,1,1,7,14,1,8,1,6,,40,,1,21,8,121.5653756,25.0280077
112,5,7,21,17,2,07信義區,信義區莊敬路391巷1弄8號,0,0,1,3,B03,6,3,5,30,13,9,1,4,4,5,7,4,4,10,5,5,2,12,2,50,3,10,3,4,7,13,1,8,9,4,,44,,1,21,8,121.5653756,25.0280077
112,5,7,21,17,2,07信義區,信義區莊敬路391巷1弄8號,0,0,1,2,C03,6,3,5,30,13,9,1,4,4,5,7,4,4,10,5,5,2,12,1,65,2,9,1,1,7,9,1,10,1,14,12,44,,1,21,8,121.5653756,25.0280077
112,5,7,21,32,2,03中山區,中山區民權西路與民權西路70巷口,0,0,1,2,C03,6,3,5,50,14,8,1,4,4,5,7,4,4,3,4,4,2,17,1,62,2,9,1,1,7,9,1,10,1,12,,44,,1,22,9,121.5197185,25.06276962
112,5,7,21,32,2,03中山區,中山區民權西路與民權西路70巷口,0,0,1,1,B01,6,3,5,50,14,8,1,4,4,5,7,4,4,3,4,4,2,17,1,66,3,10,1,1,7,8,1,4,1,2,,7,,1,22,9,121.5197185,25.06276962
112,5,7,21,35,2,01大同區,大同區萬全街與民生西路171巷口,0,0,1,1,B03,6,3,5,30,4,1,1,4,4,5,7,4,4,10,5,5,1,15,1,44,3,10,3,4,7,9,1,8,1,1,,6,,1,22,9,121.5167065,25.0579722
112,5,7,21,35,2,01大同區,大同區萬全街與民生西路171巷口,0,0,1,2,C02,6,3,5,30,4,1,1,4,4,5,7,4,4,10,5,5,1,15,1,34,2,8,1,4,7,9,1,9,1,12,,14,,1,22,9,121.5167065,25.0579722
112,5,7,21,55,2,04大安區,大安區敦化南路1段295巷與敦化南路1段口,0,0,1,2,H01,6,3,5,50,3,1,1,4,4,5,7,1,1,10,3,5,2,2,2,61,2,9,4,1,8,16,8,20,1,16,,67,,1,22,9,121.5490726,25.0355796
112,5,7,21,55,2,04大安區,大安區敦化南路1段295巷與敦化南路1段口,0,0,1,1,B03,6,3,5,50,3,1,1,4,4,5,7,1,1,10,3,5,2,2,1,35,3,10,1,1,7,6,1,8,1,8,,15,,1,22,9,121.5490726,25.0355796
112,5,7,22,5,2,05中正區,中正區羅斯福路1段與南海路口,0,0,2,1,C03,6,3,5,30,5,1,1,4,4,5,7,1,1,10,4,5,2,12,2,17,2,9,1,1,7,5,2,18,1,14,,8,,1,22,9,121.5180693,25.0328675
112,5,7,22,5,2,05中正區,中正區羅斯福路1段與南海路口,0,0,2,2,C03,6,3,5,30,5,1,1,4,4,5,7,1,1,10,4,5,2,12,2,32,2,9,1,1,7,9,1,10,1,12,,13,,1,22,9,121.5180693,25.0328675
112,5,7,22,5,2,05中正區,中正區羅斯福路1段與南海路口,0,0,2,3,H02,6,3,5,30,5,1,1,4,4,5,7,1,1,10,4,5,2,12,2,28,4,11,1,5,7,20,8,20,10,16,,67,,1,22,9,121.5180693,25.0328675
112,5,7,22,33,2,09北投區,北投區西安街1段與西安街1段281巷口,0,0,1,1,B03,6,1,5,50,4,2,1,4,4,5,7,1,1,9,4,5,1,3,1,38,3,10,1,1,7,5,1,8,2,1,,43,,1,22,9,121.5168743,25.11195904
112,5,7,22,33,2,09北投區,北投區西安街1段與西安街1段281巷口,0,0,1,2,H01,6,1,5,50,4,2,1,4,4,5,7,1,1,9,4,5,1,3,1,67,2,7,4,5,8,16,8,20,10,16,,67,,1,22,9,121.5168743,25.11195904
112,5,7,23,4,2,06松山區,松山區南京東路3段與敦化北路口,0,0,1,1,B01,6,3,5,50,4,2,1,4,4,5,7,2,1,1,4,4,2,12,1,59,3,10,1,1,7,1,1,4,1,15,,19,,1,22,9,121.5483443,25.05182931
112,5,7,23,4,2,06松山區,松山區南京東路3段與敦化北路口,0,0,1,2,C03,6,3,5,50,4,2,1,4,4,5,7,2,1,1,4,4,2,12,1,18,2,9,2,1,7,9,1,10,1,14,,44,,1,22,9,121.5483443,25.05182931
112,5,7,23,20,2,08士林區,士林區重陽橋機車道往西,0,0,2,1,C03,6,3,5,50,14,11,1,4,4,5,7,4,4,1,4,5,1,13,1,18,2,7,3,4,7,9,1,10,1,11,,23,,1,22,9,121.5060037,25.08599334
112,5,7,23,20,2,08士林區,士林區重陽橋機車道往西,0,0,2,2,C03,6,3,5,50,14,11,1,4,4,5,7,4,4,1,4,5,1,13,2,32,2,7,3,4,7,9,1,10,1,13,,44,,1,22,9,121.5060037,25.08599334
112,5,8,6,25,2,08士林區,士林區延平北路8段2巷55弄6號,0,0,1,1,F01,6,1,5,30,14,9,1,4,4,5,7,4,4,10,5,5,1,18,1,66,2,9,2,1,7,15,8,20,1,16,,42,,1,22,9,121.4866017,25.10545061
112,5,8,6,25,2,08士林區,士林區延平北路8段2巷55弄6號,0,0,1,2,,6,1,5,30,14,9,1,4,4,5,7,4,4,10,5,5,1,18,3,0,,,,,,,,,,,,67,,1,,,121.4866017,25.10545061
112,5,8,7,20,2,07信義區,信義區永吉路225巷與永吉路225巷52弄口,0,0,2,2,C03,6,1,5,30,3,1,1,4,4,5,7,4,4,9,5,5,2,16,2,20,2,9,1,1,7,9,1,10,2,11,,14,,1,22,9,121.5742395,25.0473599
112,5,8,7,20,2,07信義區,信義區永吉路225巷與永吉路225巷52弄口,0,0,2,1,C03,6,1,5,30,3,1,1,4,4,5,7,4,4,9,5,5,2,16,1,46,2,9,1,1,7,5,1,10,2,14,,6,,1,22,9,121.5742395,25.0473599
112,5,8,7,35,2,11南港區,南港區向陽路與重陽路口,0,0,1,2,C03,6,1,5,50,4,2,1,4,4,5,7,2,1,9,4,5,2,16,2,42,2,9,1,1,7,1,3,18,2,11,,42,,1,22,9,121.5945388,25.05471072
112,5,8,7,35,2,11南港區,南港區向陽路與重陽路口,0,0,1,1,B03,6,1,5,50,4,2,1,4,4,5,7,2,1,9,4,5,2,16,1,31,3,10,1,1,7,9,1,8,2,6,,23,,1,22,9,121.5945388,25.05471072
112,5,8,7,45,2,12內湖區,內湖區成功路2段325號,0,0,1,1,B03,6,1,5,50,14,9,1,4,4,5,7,4,4,1,4,5,2,17,2,58,3,10,1,1,7,13,1,8,2,8,,40,,1,22,9,121.5898899,25.07247636
112,5,8,7,45,2,12內湖區,內湖區成功路2段325號,0,0,1,2,C03,6,1,5,50,14,9,1,4,4,5,7,4,4,1,4,5,2,17,2,43,2,9,1,1,7,9,1,10,2,12,,44,,1,22,9,121.5898899,25.07247636
112,5,8,7,47,2,04大安區,大安區和平東路1段162號0500615燈桿,0,0,1,1,B03,6,1,5,50,14,9,1,4,4,5,7,4,4,1,4,5,2,17,1,50,3,10,1,4,7,8,1,8,1,15,,7,,1,22,9,121.5271874,25.0265924
112,5,8,7,47,2,04大安區,大安區和平東路1段162號0500615燈桿,0,0,1,2,C03,6,1,5,50,14,9,1,4,4,5,7,4,4,1,4,5,2,17,2,20,2,8,1,4,7,9,1,10,1,12,,44,,1,22,9,121.5271874,25.0265924
112,5,8,8,0,2,06松山區,松山區市民大道6段與虎林街口,0,0,2,1,C03,6,1,5,40,4,1,1,4,4,5,7,2,1,1,4,5,2,17,2,33,2,9,1,1,7,5,1,10,9,14,,6,,1,22,9,121.576038,25.0494054
112,5,8,8,0,2,06松山區,松山區市民大道6段與虎林街口,0,0,2,2,C03,6,1,5,40,4,1,1,4,4,5,7,2,1,1,4,5,2,17,2,37,2,9,1,1,7,9,1,10,9,11,,23,,1,22,9,121.576038,25.0494054
112,5,8,8,0,2,09北投區,北投區承德路7段與承德路7段344巷口,0,0,2,1,C03,6,1,5,60,3,2,1,4,4,5,7,2,1,1,4,4,2,13,1,42,2,9,1,1,7,9,1,10,1,13,,23,,1,22,9,121.5037309,25.11737436
112,5,8,8,0,2,09北投區,北投區承德路7段與承德路7段344巷口,0,0,2,2,C03,6,1,5,60,3,2,1,4,4,5,7,2,1,1,4,4,2,13,1,34,2,9,1,1,7,9,1,10,1,13,,44,,1,22,9,121.5037309,25.11737436
112,5,8,8,4,2,08士林區,士林區中正路與重慶北路4段口,0,0,1,1,C03,6,1,5,50,3,2,1,4,4,5,7,4,4,10,4,5,1,3,1,31,2,7,1,1,7,9,1,10,2,11,,23,,1,22,9,121.510061,25.08666262
112,5,8,8,4,2,08士林區,士林區中正路與重慶北路4段口,0,0,1,2,H01,6,1,5,50,3,2,1,4,4,5,7,4,4,10,4,5,1,3,1,64,3,10,4,5,8,16,8,20,10,16,,51,,1,22,9,121.510061,25.08666262
112,5,8,8,5,2,06松山區,松山區市民大道4段與八德路3段8巷口,0,0,1,1,B03,6,1,5,30,14,9,1,4,4,5,7,4,4,9,4,5,2,17,1,37,3,10,1,1,7,6,1,8,2,8,,6,,1,22,9,121.5496677,25.04487288
112,5,8,8,5,2,06松山區,松山區市民大道4段與八德路3段8巷口,0,0,1,2,C03,6,1,5,30,14,9,1,4,4,5,7,4,4,9,4,5,2,17,1,27,2,9,1,1,7,9,1,10,2,12,,42,,1,22,9,121.5496677,25.04487288
112,5,8,8,10,2,04大安區,大安區仁愛路3段與復興南路1段口,0,0,2,1,C03,6,1,5,50,4,1,1,4,4,5,7,2,1,1,4,5,2,12,1,34,2,9,1,1,7,6,1,10,1,12,,9,,1,22,9,121.5435873,25.0378512
112,5,8,8,10,2,04大安區,大安區仁愛路3段與復興南路1段口,0,0,2,2,C03,6,1,5,50,4,1,1,4,4,5,7,2,1,1,4,5,2,12,1,27,2,9,1,1,7,9,1,8,1,11,,44,,1,22,9,121.5435873,25.0378512