發生年度,發生月,發生日,發生時-Hours,發生分,處理別-編號,區序,肇事地點,死亡人數,2-30日死亡人數,受傷人數,當事人序號,車種,天候,光線,道路類別,速限-速度限制,道路型態,事故位置,路面狀況1,路面狀況2,路面狀況3,道路障礙1,道路障礙2,號誌1,號誌2,車道劃分-分向,車道劃分-分道1,車道劃分-分道2,車道劃分-分道3,事故類型及型態,性別,年齡,受傷程度,主要傷處,保護裝置,行動電話,車輛用途,當事者行動狀態,駕駛資格情形,駕駛執照種類,飲酒情形,車輛撞擊部位1,車輛撞擊部位2,肇因碼-個別,肇因碼-主要,個人肇逃否,職業,旅次目的,座標-X,座標-Y
112,5,8,8,36,2,08士林區,士林區福林路與福林路100巷口,0,0,1,1,B03,6,1,5,50,3,1,1,4,4,5,7,2,1,10,2,5,1,16,2,34,3,10,1,1,7,6,1,8,2,2,,6,,1,22,9,121.5312437,25.095845
112,5,8,8,36,2,08士林區,士林區福林路與福林路100巷口,0,0,1,2,C03,6,1,5,50,3,1,1,4,4,5,7,2,1,10,2,5,1,16,2,26,2,9,1,1,7,9,1,10,2,14,,44,,1,22,9,121.5312437,25.095845
112,5,8,8,41,2,04大安區,大安區羅斯福路1段119巷與杭州南路2段口,0,0,3,1,C03,6,1,5,30,4,1,1,4,4,5,7,4,4,5,4,5,2,15,1,72,2,8,1,4,7,9,1,10,1,12,,6,,1,22,9,121.5221877,25.030319
112,5,8,8,41,2,04大安區,大安區羅斯福路1段119巷與杭州南路2段口,0,0,3,2,C03,6,1,5,30,4,1,1,4,4,5,7,4,4,5,4,5,2,15,2,34,2,9,1,4,7,9,1,10,1,14,,14,,1,22,9,121.5221877,25.030319
112,5,8,8,41,2,04大安區,大安區羅斯福路1段119巷與杭州南路2段口,0,0,3,3,H02,6,1,5,30,4,1,1,4,4,5,7,4,4,5,4,5,2,15,2,65,2,8,1,4,7,20,8,20,10,16,,67,,1,22,9,121.5221877,25.030319
112,5,8,8,43,2,01大同區,大同區重慶北路3段與民族西路口,0,0,2,1,C03,6,1,5,50,4,1,1,4,4,5,7,1,1,1,4,5,2,13,1,43,2,9,1,1,7,9,1,10,1,11,,16,,1,22,9,121.5136345,25.0686427
112,5,8,8,43,2,01大同區,大同區重慶北路3段與民族西路口,0,0,2,2,C03,6,1,5,50,4,1,1,4,4,5,7,1,1,1,4,5,2,13,2,55,2,3,1,1,7,9,1,10,1,13,,44,,1,22,9,121.5136345,25.0686427
112,5,8,9,0,2,07信義區,信義區忠孝東路5段1號,0,0,2,1,C03,6,1,5,50,14,9,1,4,4,5,7,4,4,1,4,5,1,18,1,28,2,9,3,4,7,9,1,10,1,12,,43,,1,22,9,121.5648053,25.0414038
112,5,8,9,0,2,07信義區,信義區忠孝東路5段1號,0,0,2,2,,6,1,5,50,14,9,1,4,4,5,7,4,4,1,4,5,1,18,3,0,,,,,,,,,,,,67,,1,,,121.5648053,25.0414038
112,5,8,9,0,2,07信義區,信義區忠孝東路5段1號,0,0,2,3,H02,6,1,5,50,14,9,1,4,4,5,7,4,4,1,4,5,1,18,2,28,2,9,3,5,7,20,8,20,10,16,,67,,1,22,9,121.5648053,25.0414038
112,5,8,9,10,2,03中山區,中山區復興北路與長安東路2段口,0,0,2,1,B02,6,1,5,50,4,1,1,4,4,5,7,2,1,1,4,5,2,12,1,28,3,10,3,4,7,8,1,8,1,6,,7,,1,22,9,121.5438421,25.04805479
112,5,8,9,10,2,03中山區,中山區復興北路與長安東路2段口,0,0,2,2,C03,6,1,5,50,4,1,1,4,4,5,7,2,1,1,4,5,2,12,1,31,2,8,1,4,7,9,1,10,1,14,,44,,1,22,9,121.5438421,25.04805479
112,5,8,9,10,2,03中山區,中山區復興北路與長安東路2段口,0,0,2,3,H02,6,1,5,50,4,1,1,4,4,5,7,2,1,1,4,5,2,12,2,32,2,8,1,5,7,20,8,20,10,16,,67,,1,22,9,121.5438421,25.04805479
112,5,8,9,32,2,02萬華區,萬華區環河南路1段與忠孝西路2段口,0,0,1,1,B03,6,1,5,50,3,1,1,4,4,5,7,1,1,10,5,5,1,12,1,50,3,10,1,4,7,9,1,8,1,2,,17,,1,22,9,121.5061254,25.04885636
112,5,8,9,32,2,02萬華區,萬華區環河南路1段與忠孝西路2段口,0,0,1,2,C03,6,1,5,50,3,1,1,4,4,5,7,1,1,10,5,5,1,12,2,18,2,9,1,4,7,9,1,10,1,14,,17,,1,22,9,121.5061254,25.04885636
112,5,8,9,50,2,05中正區,中正區金山北路迴轉道,0,0,1,1,B01,6,1,5,50,15,9,1,4,4,5,7,4,4,1,4,5,2,16,2,62,3,10,1,1,7,5,1,4,2,5,,6,,1,22,9,121.5306926,25.0454531
112,5,8,9,50,2,05中正區,中正區金山北路迴轉道,0,0,1,2,B12,6,1,5,50,15,9,1,4,4,5,7,4,4,1,4,5,2,16,1,27,2,2,1,1,7,9,1,8,2,7,,44,,1,22,9,121.5306926,25.0454531
112,5,8,10,3,2,04大安區,大安區光復南路116巷與延吉街131巷口與廢鐵道交叉,0,0,1,2,B01,6,1,5,30,4,1,1,4,4,4,7,4,4,1,3,5,1,16,1,40,3,10,1,1,7,9,1,4,1,4,,14,,1,22,9,121.5562279,25.0429968
112,5,8,10,3,2,04大安區,大安區光復南路116巷與延吉街131巷口與廢鐵道交叉,0,0,1,1,C03,6,1,5,30,4,1,1,4,4,4,7,4,4,1,3,5,1,16,2,60,2,9,1,1,7,5,3,18,1,11,,8,,1,22,9,121.5562279,25.0429968
112,5,8,11,26,2,06松山區,松山區南京東路5段389巷11弄與塔悠路口,0,0,1,1,B01,6,1,5,50,3,2,1,4,4,5,7,4,4,1,3,5,2,17,1,67,3,10,3,4,7,6,1,4,1,15,,9,,1,22,9,121.5700804,25.05233605
112,5,8,11,26,2,06松山區,松山區南京東路5段389巷11弄與塔悠路口,0,0,1,2,C03,6,1,5,50,3,2,1,4,4,5,7,4,4,1,3,5,2,17,2,22,2,9,1,1,7,9,1,10,1,12,,23,,1,22,9,121.5700804,25.05233605
112,5,8,11,33,2,07信義區,信義區忠孝東路4段553巷24號,0,0,1,1,B03,6,1,5,30,3,2,1,4,4,5,7,4,4,9,5,5,2,17,1,43,3,10,1,1,7,5,1,2,1,15,,6,,1,22,9,121.5627911,25.0432369
112,5,8,11,33,2,07信義區,信義區忠孝東路4段553巷24號,0,0,1,2,C03,6,1,5,30,3,2,1,4,4,5,7,4,4,9,5,5,2,17,2,35,2,7,1,1,7,12,1,10,1,14,,14,,1,22,9,121.5627911,25.0432369
112,5,8,11,39,2,11南港區,南港區中坡南路29號與中坡南路31巷口,0,0,2,1,C03,6,1,5,30,4,1,1,4,4,5,6,4,4,9,4,4,2,10,1,33,2,9,1,4,7,9,1,10,2,14,,6,,1,22,9,121.5829969,25.0431247
112,5,8,11,39,2,11南港區,南港區中坡南路29號與中坡南路31巷口,0,0,2,2,C03,6,1,5,30,4,1,1,4,4,5,6,4,4,9,4,4,2,10,1,65,2,9,1,4,7,9,1,10,2,11,,14,,1,22,9,121.5829969,25.0431247
112,5,8,11,45,2,05中正區,中正區重慶北路1段與鄭州路口,0,0,1,1,B03,6,1,5,50,4,2,1,4,4,5,7,1,1,5,4,5,2,17,1,71,3,10,1,1,7,8,3,18,2,6,,7,,1,22,9,121.5132862,25.0491418
112,5,8,11,45,2,05中正區,中正區重慶北路1段與鄭州路口,0,0,1,2,C03,6,1,5,50,4,2,1,4,4,5,7,1,1,5,4,5,2,17,2,34,2,9,1,1,7,9,1,10,2,12,,42,,1,22,9,121.5132862,25.0491418
112,5,8,12,5,2,01大同區,大同區民生西路與環河北路1段口,0,0,1,1,B03,6,1,5,50,4,1,1,4,4,5,7,2,1,1,4,5,2,16,1,82,3,10,1,1,7,6,6,18,1,5,,9,,1,22,9,121.5083031,25.05687353
112,5,8,12,5,2,01大同區,大同區民生西路與環河北路1段口,0,0,1,2,C03,6,1,5,50,4,1,1,4,4,5,7,2,1,1,4,5,2,16,2,35,2,9,1,1,7,9,1,10,1,11,,26,,1,22,9,121.5083031,25.05687353
112,5,8,12,14,2,01大同區,大同區鄭州路與西寧北路口,0,0,1,1,C03,6,1,5,40,4,1,1,4,4,5,7,2,1,1,4,5,2,3,1,38,3,10,1,1,7,9,1,10,2,11,,15,,1,22,9,121.5083711,25.05036941
112,5,8,12,14,2,01大同區,大同區鄭州路與西寧北路口,0,0,1,2,H01,6,1,5,40,4,1,1,4,4,5,7,2,1,1,4,5,2,3,2,69,2,9,4,5,8,16,8,20,10,16,,67,,1,22,9,121.5083711,25.05036941
112,5,8,12,26,2,01大同區,大同區延平北路2段與延平北路2段61巷口,0,0,2,3,C03,6,1,5,50,4,1,1,4,4,5,7,1,1,5,4,5,2,17,1,31,2,8,1,1,7,9,1,10,1,11,,23,,1,22,9,121.5116882,25.0554584
112,5,8,12,26,2,01大同區,大同區延平北路2段與延平北路2段61巷口,0,0,2,1,C03,6,1,5,50,4,1,1,4,4,5,7,1,1,5,4,5,2,17,1,26,3,10,1,4,7,15,1,10,11,11,,44,,2,22,9,121.5116882,25.0554584
112,5,8,12,26,2,01大同區,大同區延平北路2段與延平北路2段61巷口,0,0,2,2,F01,6,1,5,50,4,1,1,4,4,5,7,1,1,5,4,5,2,17,1,63,2,9,3,1,7,15,8,20,1,16,,44,,1,22,9,121.5116882,25.0554584
112,5,8,12,35,2,06松山區,松山區八德路3段10號,0,0,1,2,,7,1,5,50,14,9,1,4,4,5,7,4,4,9,5,5,2,18,3,0,,,,,,,,,,,,67,,1,,,121.5503638,25.04821007
112,5,8,12,35,2,06松山區,松山區八德路3段10號,0,0,1,1,C04,7,1,5,50,14,9,1,4,4,5,7,4,4,9,5,5,2,18,1,81,2,9,1,4,7,9,1,8,2,12,,23,,1,22,9,121.5503638,25.04821007
112,5,8,12,47,2,02萬華區,萬華區中華路2段與艋舺大道口,0,0,2,2,C03,6,1,5,50,3,2,1,4,4,5,7,1,1,1,4,5,2,17,2,33,2,7,1,4,7,5,1,10,1,13,,26,,1,22,9,121.5056492,25.03468474
112,5,8,12,47,2,02萬華區,萬華區中華路2段與艋舺大道口,0,0,2,1,C03,6,1,5,50,3,2,1,4,4,5,7,1,1,1,4,5,2,17,1,22,2,7,1,4,7,9,1,10,1,11,,25,,1,22,9,121.5056492,25.03468474
112,5,8,13,8,2,02萬華區,萬華區寶興街與東園街154巷口,0,0,1,2,C03,6,1,5,50,4,1,1,4,4,5,7,2,1,5,4,5,2,17,1,23,2,9,1,1,7,9,1,10,2,12,,44,,1,22,9,121.4958378,25.02229383
112,5,8,13,8,2,02萬華區,萬華區寶興街與東園街154巷口,0,0,1,1,B03,6,1,5,50,4,1,1,4,4,5,7,2,1,5,4,5,2,17,1,56,3,10,1,1,7,11,1,8,2,8,,26,,1,22,9,121.4958378,25.02229383
112,5,8,13,15,2,01大同區,大同區民權西路194號,0,0,1,2,C03,6,1,5,50,14,9,1,4,4,5,7,4,4,8,3,5,2,12,1,28,3,10,1,1,7,9,1,10,1,13,,43,,1,22,9,121.5141564,25.06291334
112,5,8,13,15,2,01大同區,大同區民權西路194號,0,0,1,1,C03,6,1,5,50,14,9,1,4,4,5,7,4,4,8,3,5,2,12,1,41,2,9,1,1,7,9,1,10,1,11,,43,,1,22,9,121.5141564,25.06291334
112,5,8,14,30,2,02萬華區,萬華區萬大路與富民路口,0,0,1,1,C03,7,1,5,50,3,1,1,4,4,5,7,4,4,3,3,5,2,16,1,87,2,9,1,4,7,6,1,10,1,14,,17,,1,22,9,121.4976317,25.0192716
112,5,8,14,30,2,02萬華區,萬華區萬大路與富民路口,0,0,1,2,B03,7,1,5,50,3,1,1,4,4,5,7,4,4,3,3,5,2,16,1,63,3,10,3,4,7,6,1,8,1,2,,17,,1,22,9,121.4976317,25.0192716
112,5,8,14,48,2,07信義區,信義區基隆路1段139號,0,0,1,1,B12,7,1,5,50,14,9,1,4,4,5,7,2,1,3,4,5,2,17,1,46,3,10,1,1,7,9,1,8,1,1,,16,,1,22,9,121.5658129,25.0431667
112,5,8,14,48,2,07信義區,信義區基隆路1段139號,0,0,1,2,B01,7,1,5,50,14,9,1,4,4,5,7,2,1,3,4,5,2,17,1,50,3,10,1,1,7,14,1,4,1,3,,25,,1,22,9,121.5658129,25.0431667
112,5,8,14,48,2,07信義區,信義區基隆路1段139號,0,0,1,3,H02,7,1,5,50,14,9,1,4,4,5,7,2,1,3,4,5,2,17,2,59,2,3,1,5,7,20,8,20,10,16,,67,,1,22,9,121.5658129,25.0431667
112,5,8,14,52,2,04大安區,大安區復興南路2段與復興南路2段171巷口,0,0,2,3,C03,6,1,5,50,4,2,1,4,4,3,7,2,1,1,4,4,2,13,4,0,4,11,3,4,7,15,7,19,11,15,,43,,2,22,9,121.5435986,25.0275666
112,5,8,14,52,2,04大安區,大安區復興南路2段與復興南路2段171巷口,0,0,2,2,C03,6,1,5,50,4,2,1,4,4,3,7,2,1,1,4,4,2,13,2,47,2,9,1,4,7,9,1,10,1,13,,43,,1,22,9,121.5435986,25.0275666
112,5,8,14,52,2,04大安區,大安區復興南路2段與復興南路2段171巷口,0,0,2,1,C03,6,1,5,50,4,2,1,4,4,3,7,2,1,1,4,4,2,13,2,65,2,9,1,4,7,9,3,18,1,15,,44,,1,22,9,121.5435986,25.0275666
112,5,8,15,30,2,05中正區,中正區中山南路與信義路1段口,0,0,1,1,C03,6,1,5,50,16,9,1,4,4,5,7,1,1,1,4,5,2,12,1,23,2,9,1,1,7,5,1,10,1,14,,8,,1,22,9,121.5179355,25.0387019
112,5,8,15,30,2,05中正區,中正區中山南路與信義路1段口,0,0,1,2,B03,6,1,5,50,16,9,1,4,4,5,7,1,1,1,4,5,2,12,1,26,3,10,1,1,7,9,1,8,1,5,,44,,1,22,9,121.5179355,25.0387019
112,5,8,15,46,2,09北投區,北投區明德路365號(台北健康護理大學大門出入口),0,0,1,4,B03,8,1,5,0,14,9,1,5,4,5,7,3,1,7,5,5,1,13,1,42,3,10,1,1,7,14,1,8,1,3,,44,,1,22,9,121.5214226,25.11736289
112,5,8,15,46,2,09北投區,北投區明德路365號(台北健康護理大學大門出入口),0,0,1,3,B03,8,1,5,0,14,9,1,5,4,5,7,3,1,7,5,5,1,13,1,50,3,10,1,1,7,14,1,8,1,1,,44,,1,22,9,121.5214226,25.11736289
112,5,8,15,46,2,09北投區,北投區明德路365號(台北健康護理大學大門出入口),0,0,1,2,B03,8,1,5,0,14,9,1,5,4,5,7,3,1,7,5,5,1,13,2,41,2,2,1,1,7,14,1,8,1,1,,44,,1,22,9,121.5214226,25.11736289
112,5,8,15,46,2,09北投區,北投區明德路365號(台北健康護理大學大門出入口),0,0,1,1,B03,8,1,5,0,14,9,1,5,4,5,7,3,1,7,5,5,1,13,2,67,3,10,1,1,7,9,1,8,1,1,,16,,1,22,9,121.5214226,25.11736289
112,5,8,15,54,2,01大同區,大同區台北橋機慢車道(往台北，燈桿7010743),0,0,1,2,C03,7,1,7,40,14,11,1,5,4,5,7,4,4,8,3,5,2,12,2,19,2,8,1,1,7,9,1,10,1,12,,17,,1,22,9,121.5101753,25.06302276
112,5,8,15,54,2,01大同區,大同區台北橋機慢車道(往台北，燈桿7010743),0,0,1,1,C03,7,1,7,40,14,11,1,5,4,5,7,4,4,8,3,5,2,12,2,69,3,10,1,1,7,9,1,10,1,14,,17,,1,22,9,121.5101753,25.06302276
112,5,8,16,10,2,12內湖區,內湖區康寧路3段與成功路5段450巷23弄口,0,0,1,1,B12,7,1,5,50,3,2,1,5,4,5,7,1,1,1,3,4,2,16,1,25,3,10,1,1,7,9,1,8,2,5,,44,,1,22,9,121.6081681,25.07234864
112,5,8,16,10,2,12內湖區,內湖區康寧路3段與成功路5段450巷23弄口,0,0,1,2,C03,7,1,5,50,3,2,1,5,4,5,7,1,1,1,3,4,2,16,1,45,2,9,1,1,7,7,1,10,2,13,,7,,1,22,9,121.6081681,25.07234864
112,5,8,16,49,2,02萬華區,萬華區和平西路3段120號,0,0,2,2,C03,8,1,5,50,14,9,1,5,4,5,7,4,4,3,3,5,2,17,1,65,3,10,1,4,7,12,1,10,1,15,,44,,1,22,9,121.4998918,25.03516779
112,5,8,16,49,2,02萬華區,萬華區和平西路3段120號,0,0,2,3,H02,8,1,5,50,14,9,1,5,4,5,7,4,4,3,3,5,2,17,2,61,2,9,4,5,7,20,8,20,10,16,,67,,1,22,9,121.4998918,25.03516779
112,5,8,16,49,2,02萬華區,萬華區和平西路3段120號,0,0,2,4,H02,8,1,5,50,14,9,1,5,4,5,7,4,4,3,3,5,2,17,2,66,2,9,4,5,7,20,8,20,10,16,,67,,1,22,9,121.4998918,25.03516779
112,5,8,16,49,2,02萬華區,萬華區和平西路3段120號,0,0,2,1,A02,8,1,5,50,14,9,1,5,4,5,7,4,4,3,3,5,2,17,1,26,3,10,3,4,7,12,1,2,1,15,,16,,1,22,9,121.4998918,25.03516779
112,5,8,17,50,2,12內湖區,內湖區康寧路3段16巷與康寧路3段口,0,0,1,1,C03,6,1,5,50,3,1,1,4,4,5,7,1,1,1,4,4,2,17,1,20,2,9,1,1,7,9,1,10,2,15,,23,,1,22,9,121.6078529,25.0716451
112,5,8,17,50,2,12內湖區,內湖區康寧路3段16巷與康寧路3段口,0,0,1,2,C03,6,1,5,50,3,1,1,4,4,5,7,1,1,1,4,4,2,17,2,23,3,10,1,1,7,9,1,10,2,15,,44,,1,22,9,121.6078529,25.0716451
112,5,8,17,56,2,03中山區,中山區北安路與大直街口,0,0,1,1,B03,7,3,5,50,4,1,1,5,4,5,7,2,1,3,4,5,2,2,2,55,3,10,3,4,7,6,1,8,1,2,,15,,1,22,9,121.5491948,25.084176
112,5,8,17,56,2,03中山區,中山區北安路與大直街口,0,0,1,2,H01,7,3,5,50,4,1,1,5,4,5,7,2,1,3,4,5,2,2,1,31,2,9,4,4,8,16,8,20,10,16,,67,,1,22,9,121.5491948,25.084176
112,5,8,18,0,2,10文山區,文山區寶橋西往東方向,0,0,1,1,A04,8,1,5,50,8,9,1,5,4,5,7,1,1,9,4,5,2,9,1,55,3,10,1,1,7,15,1,6,9,15,,44,,1,22,9,121.5537487,24.97991635
112,5,8,18,0,2,10文山區,文山區寶橋西往東方向,0,0,1,2,H02,8,1,5,50,8,9,1,5,4,5,7,1,1,9,4,5,2,9,2,56,2,3,4,5,7,20,8,20,10,16,,67,,1,22,9,121.5537487,24.97991635
112,5,8,18,8,2,03中山區,中山區明水路與明水路397巷口,0,0,1,1,B01,7,2,5,50,3,1,1,5,4,5,7,2,1,1,4,5,2,12,1,64,3,10,3,4,7,6,1,4,1,2,,9,,1,22,9,121.5477527,25.0774457
112,5,8,18,8,2,03中山區,中山區明水路與明水路397巷口,0,0,1,2,C03,7,2,5,50,3,1,1,5,4,5,7,2,1,1,4,5,2,12,1,44,2,9,1,4,7,9,1,10,1,11,,44,,1,22,9,121.5477527,25.0774457
112,5,8,18,20,2,04大安區,大安區東豐街5號,0,0,1,1,C03,7,3,5,40,14,8,1,5,4,5,7,4,4,5,5,4,1,9,1,23,3,10,1,1,7,9,1,10,1,12,,23,,1,22,9,121.5436255,25.0362409
112,5,8,18,20,2,04大安區,大安區東豐街5號,0,0,1,2,H01,7,3,5,40,14,8,1,5,4,5,7,4,4,5,5,4,1,9,1,24,2,7,4,5,8,16,8,20,1,16,,53,,1,22,9,121.5436255,25.0362409
112,5,8,18,53,2,08士林區,士林區中山北路5段250號銘傳大學前,0,0,1,2,C03,7,1,5,50,14,9,1,5,4,5,7,1,1,5,4,5,2,13,2,41,2,9,1,1,7,14,1,10,1,13,,44,,1,22,9,121.526688,25.0871162
112,5,8,18,53,2,08士林區,士林區中山北路5段250號銘傳大學前,0,0,1,1,C03,7,1,5,50,14,9,1,5,4,5,7,1,1,5,4,5,2,13,1,38,3,10,1,1,7,9,1,10,1,11,,23,,1,22,9,121.526688,25.0871162
112,5,8,19,4,2,10文山區,文山區羅斯福路5段218巷與羅斯福路5段218巷9弄口,0,0,1,1,B03,8,3,5,50,4,1,1,5,4,5,7,4,4,5,5,5,2,2,2,53,3,10,1,1,7,1,1,8,2,4,,19,,1,22,9,121.5381785,25.0021289
112,5,8,19,4,2,10文山區,文山區羅斯福路5段218巷與羅斯福路5段218巷9弄口,0,0,1,2,H01,8,3,5,50,4,1,1,5,4,5,7,4,4,5,5,5,2,2,2,57,2,9,4,5,8,16,8,20,10,16,,67,,1,22,9,121.5381785,25.0021289
112,5,8,19,13,2,03中山區,中山區長春路與合江街口,0,0,1,1,B03,7,3,5,50,4,1,1,5,4,5,7,2,1,4,5,4,1,11,1,53,3,10,3,4,7,5,1,8,1,6,,8,,1,22,9,121.5390771,25.0547593
112,5,8,19,13,2,03中山區,中山區長春路與合江街口,0,0,1,2,C03,7,3,5,50,4,1,1,5,4,5,7,2,1,4,5,4,1,11,1,29,2,9,3,4,7,9,1,10,1,11,,23,,1,22,9,121.5390771,25.0547593
112,5,8,19,28,2,03中山區,中山區林森北路與民權東路1段口,0,0,1,1,C04,8,3,5,50,4,2,1,5,4,5,7,2,1,3,4,4,2,13,1,21,3,10,3,4,7,9,1,10,1,11,,44,,1,22,9,121.5252331,25.062882
112,5,8,19,28,2,03中山區,中山區林森北路與民權東路1段口,0,0,1,2,C03,8,3,5,50,4,2,1,5,4,5,7,2,1,3,4,4,2,13,2,32,2,8,3,4,7,9,1,10,1,13,,44,,1,22,9,121.5252331,25.062882
112,5,8,19,30,2,03中山區,中山區民權東路2段152巷與民權東路2段口,0,0,2,2,C03,7,3,5,30,4,1,1,5,4,5,7,2,1,4,5,5,1,11,1,56,2,7,3,4,7,9,1,9,1,11,,44,,1,22,9,121.534879,25.06253848
112,5,8,19,30,2,03中山區,中山區民權東路2段152巷與民權東路2段口,0,0,2,1,C03,7,3,5,30,4,1,1,5,4,5,7,2,1,4,5,5,1,11,1,30,2,7,3,4,7,5,1,10,1,11,,8,,1,22,9,121.534879,25.06253848
112,5,8,19,32,2,03中山區,中山區建國北路1段與長安東路2段口,0,0,1,1,B03,8,3,5,40,4,1,1,5,4,5,7,1,1,1,4,5,2,16,2,55,3,10,1,1,7,6,1,8,1,2,,9,,1,22,9,121.5369795,25.0483576
112,5,8,19,32,2,03中山區,中山區建國北路1段與長安東路2段口,0,0,1,2,C03,8,3,5,40,4,1,1,5,4,5,7,1,1,1,4,5,2,16,1,43,2,9,1,1,7,9,1,10,1,11,,44,,1,22,9,121.5369795,25.0483576
112,5,8,19,33,2,04大安區,大安區基隆路4段與基隆路4段口台科大前,0,0,2,2,C03,7,3,5,50,3,1,1,5,4,5,7,1,1,1,3,4,2,17,1,32,3,10,1,1,7,15,1,10,1,13,,44,,1,22,9,121.5404594,25.0138195
112,5,8,19,33,2,04大安區,大安區基隆路4段與基隆路4段口台科大前,0,0,2,3,C03,7,3,5,50,3,1,1,5,4,5,7,1,1,1,3,4,2,17,1,22,2,9,1,1,7,9,1,10,1,11,,16,,1,22,9,121.5404594,25.0138195
112,5,8,19,33,2,04大安區,大安區基隆路4段與基隆路4段口台科大前,0,0,2,4,H02,7,3,5,50,3,1,1,5,4,5,7,1,1,1,3,4,2,17,2,22,2,9,1,5,7,20,8,20,10,16,,67,,1,22,9,121.5404594,25.0138195
112,5,8,19,33,2,04大安區,大安區基隆路4段與基隆路4段口台科大前,0,0,2,1,C03,7,3,5,50,3,1,1,5,4,5,7,1,1,1,3,4,2,17,1,22,3,10,1,1,7,8,1,10,1,15,,7,,1,22,9,121.5404594,25.0138195
112,5,8,20,6,2,06松山區,松山區南京東路4段與敦化北路口,0,0,1,2,C03,7,3,5,50,4,1,1,5,4,5,7,2,1,1,4,5,2,16,1,27,2,9,1,4,7,9,1,10,2,12,,16,,1,22,9,121.5491166,25.05182603
112,5,8,20,6,2,06松山區,松山區南京東路4段與敦化北路口,0,0,1,1,C03,7,3,5,50,4,1,1,5,4,5,7,2,1,1,4,5,2,16,1,24,3,10,1,4,7,7,1,10,2,14,,7,,1,22,9,121.5491166,25.05182603
112,5,8,22,30,2,09北投區,北投區承德路7段與承德路7段344巷口,0,0,1,1,B01,8,3,5,60,3,1,1,5,4,5,7,2,1,1,2,5,2,13,1,31,3,10,1,1,7,14,1,8,2,3,,44,,1,22,9,121.5040357,25.11727603
112,5,8,22,30,2,09北投區,北投區承德路7段與承德路7段344巷口,0,0,1,2,C03,8,3,5,60,3,1,1,5,4,5,7,2,1,1,2,5,2,13,1,21,2,1,1,1,7,9,1,10,2,11,,23,,1,22,9,121.5040357,25.11727603
112,5,8,23,20,2,07信義區,信義區信義路5段象山捷運站1號出口,0,0,2,1,F01,8,3,5,50,14,8,1,5,4,5,7,2,1,1,3,4,2,13,1,60,2,6,2,1,7,7,8,20,1,16,,42,,1,22,9,121.5689052,25.0329306
112,5,8,23,20,2,07信義區,信義區信義路5段象山捷運站1號出口,0,0,2,2,C03,8,3,5,50,14,8,1,5,4,5,7,2,1,1,3,4,2,13,2,20,2,8,1,1,7,9,1,10,1,11,,13,,1,22,9,121.5689052,25.0329306
112,5,8,23,50,2,10文山區,(木柵路1段366號前),0,0,3,2,C03,6,3,5,50,4,1,1,4,4,5,7,2,1,5,2,5,2,3,1,18,2,8,1,4,7,9,1,10,2,11,,25,,1,22,9,121.5540443,24.98807635
112,5,8,23,50,2,10文山區,(木柵路1段366號前),0,0,3,1,H01,6,3,5,50,4,1,1,4,4,5,7,2,1,5,2,5,2,3,1,72,2,9,4,5,8,20,8,20,10,16,,52,,1,22,9,121.5540443,24.98807635
112,5,8,23,50,2,10文山區,(木柵路1段366號前),0,0,3,3,H02,6,3,5,50,4,1,1,4,4,5,7,2,1,5,2,5,2,3,2,17,2,8,1,5,7,20,8,20,10,16,,67,,1,22,9,121.5540443,24.98807635
112,5,9,1,9,2,08士林區,士林區中山北路4段北向南,0,0,2,1,F03,8,3,5,30,14,11,1,5,4,1,7,4,4,10,4,5,1,13,1,61,2,9,1,1,7,9,8,20,1,16,,23,,1,22,9,121.5244661,25.07901544
112,5,9,1,9,2,08士林區,士林區中山北路4段北向南,0,0,2,3,H03,8,3,5,30,14,11,1,5,4,1,7,4,4,10,4,5,1,13,1,35,3,10,4,5,8,20,8,20,10,16,,67,,1,22,9,121.5244661,25.07901544
112,5,9,1,9,2,08士林區,士林區中山北路4段北向南,0,0,2,2,C03,8,3,5,30,14,11,1,5,4,1,7,4,4,10,4,5,1,13,2,61,2,5,1,1,7,12,1,10,1,13,,44,,1,22,9,121.5244661,25.07901544
112,5,9,4,39,2,03中山區,中山區興安街78-13號,0,0,1,1,B12,8,3,5,50,14,9,1,5,4,5,7,4,4,9,5,4,2,12,1,25,3,10,3,4,7,11,1,8,2,4,,10,,1,22,9,121.5408375,25.0560149
112,5,9,4,39,2,03中山區,中山區興安街78-13號,0,0,1,2,C03,8,3,5,50,14,9,1,5,4,5,7,4,4,9,5,4,2,12,1,53,2,9,3,4,7,9,1,10,2,11,,44,,1,22,9,121.5408375,25.0560149
112,5,9,5,36,2,04大安區,大安區忠孝東路3段1號,0,0,2,1,B03,8,1,5,50,14,11,1,5,4,5,7,2,1,8,3,5,1,13,1,36,3,10,1,1,7,10,1,8,9,1,,7,,2,22,9,121.5339994,25.0422416
112,5,9,5,36,2,04大安區,大安區忠孝東路3段1號,0,0,2,2,B12,8,1,5,50,14,11,1,5,4,5,7,2,1,8,3,5,1,13,1,59,2,9,1,1,7,9,1,8,1,3,,44,,1,22,9,121.5339994,25.0422416
112,5,9,5,36,2,04大安區,大安區忠孝東路3段1號,0,0,2,3,H02,8,1,5,50,14,11,1,5,4,5,7,2,1,8,3,5,1,13,1,56,2,9,1,1,7,21,8,20,10,16,,67,,1,22,9,121.5339994,25.0422416
112,5,9,6,50,2,05中正區,中正區信義路1段與林森南路口,0,0,2,1,H01,7,1,5,50,3,1,1,5,4,5,7,1,1,1,4,5,2,6,1,35,2,9,1,1,8,18,8,20,10,16,,52,,1,22,9,121.5208743,25.0370073