發生年度,發生月,發生日,發生時-Hours,發生分,處理別-編號,區序,肇事地點,死亡人數,2-30日死亡人數,受傷人數,當事人序號,車種,天候,光線,道路類別,速限-速度限制,道路型態,事故位置,路面狀況1,路面狀況2,路面狀況3,道路障礙1,道路障礙2,號誌1,號誌2,車道劃分-分向,車道劃分-分道1,車道劃分-分道2,車道劃分-分道3,事故類型及型態,性別,年齡,受傷程度,主要傷處,保護裝置,行動電話,車輛用途,當事者行動狀態,駕駛資格情形,駕駛執照種類,飲酒情形,車輛撞擊部位1,車輛撞擊部位2,肇因碼-個別,肇因碼-主要,個人肇逃否,職業,旅次目的,座標-X,座標-Y
112,5,9,6,50,2,05中正區,中正區信義路1段與林森南路口,0,0,2,2,C03,7,1,5,50,3,1,1,5,4,5,7,1,1,1,4,5,2,6,1,33,2,9,1,1,7,9,1,9,2,14,,15,,1,22,9,121.5208743,25.0370073
112,5,9,7,1,2,01大同區,大同區民權西路與民權西路144巷口,0,0,2,2,C03,7,1,5,50,4,2,1,5,4,5,7,2,1,1,5,5,2,16,2,69,2,9,1,1,7,9,1,10,2,11,,44,,1,22,9,121.5159104,25.062831
112,5,9,7,1,2,01大同區,大同區民權西路與民權西路144巷口,0,0,2,1,C03,7,1,5,50,4,2,1,5,4,5,7,2,1,1,5,5,2,16,1,32,2,2,1,1,7,6,1,10,2,13,,6,,1,22,9,121.5159104,25.062831
112,5,9,7,34,2,10文山區,文山區木柵路2段與木柵路2段2巷口,0,0,1,2,C03,7,1,5,50,14,9,2,5,4,5,7,1,1,5,4,5,2,17,1,49,2,8,1,4,7,5,1,10,1,14,,43,,1,22,9,121.5577698,24.98871321
112,5,9,7,34,2,10文山區,文山區木柵路2段與木柵路2段2巷口,0,0,1,1,C03,7,1,5,50,14,9,2,5,4,5,7,1,1,5,4,5,2,17,1,18,3,10,1,4,7,9,1,10,1,11,,43,,1,22,9,121.5577698,24.98871321
112,5,9,7,53,2,05中正區,中正區寶慶路67號,0,0,1,1,C03,7,1,5,50,14,9,1,5,4,5,7,4,4,10,4,5,2,12,2,21,2,9,1,4,7,7,1,10,2,13,,7,,1,22,9,121.5091359,25.04181772
112,5,9,7,53,2,05中正區,中正區寶慶路67號,0,0,1,2,B03,7,1,5,50,14,9,1,5,4,5,7,4,4,10,4,5,2,12,2,61,3,10,1,4,7,9,1,8,2,5,,23,,1,22,9,121.5091359,25.04181772
112,5,9,8,11,2,02萬華區,萬華區青年路68巷與青年路口,0,0,1,2,C03,8,1,5,30,3,1,1,5,4,5,7,1,1,8,3,5,1,17,2,50,2,8,1,1,7,14,1,10,1,13,,44,,1,22,9,121.5027415,25.0239098
112,5,9,8,11,2,02萬華區,萬華區青年路68巷與青年路口,0,0,1,1,C03,8,1,5,30,3,1,1,5,4,5,7,1,1,8,3,5,1,17,1,48,3,10,1,1,7,9,1,10,1,11,,23,,1,22,9,121.5027415,25.0239098
112,5,9,8,11,2,10文山區,文山區木柵路1段與辛亥路7段口,0,0,1,1,B03,8,1,5,50,4,2,1,5,4,5,7,2,1,9,4,5,2,16,1,51,3,10,1,1,7,8,1,8,3,6,,7,,1,22,9,121.5522852,24.98777301
112,5,9,8,11,2,10文山區,文山區木柵路1段與辛亥路7段口,0,0,1,2,C03,8,1,5,50,4,2,1,5,4,5,7,2,1,9,4,5,2,16,1,29,2,9,1,1,7,9,1,10,2,14,,23,,1,22,9,121.5522852,24.98777301
112,5,9,8,15,2,05中正區,中正區重慶南路1段與漢口街1段口,0,0,3,6,C03,8,1,5,50,4,2,1,5,4,5,7,1,1,10,4,5,2,17,1,25,4,11,3,4,7,15,7,19,11,15,,44,,2,22,9,121.5132523,25.0451288
112,5,9,8,15,2,05中正區,中正區重慶南路1段與漢口街1段口,0,0,3,1,C03,8,1,5,50,4,2,1,5,4,5,7,1,1,10,4,5,2,17,2,46,2,8,1,1,7,9,1,10,2,14,,44,,1,22,9,121.5132523,25.0451288
112,5,9,8,15,2,05中正區,中正區重慶南路1段與漢口街1段口,0,0,3,2,C03,8,1,5,50,4,2,1,5,4,5,7,1,1,10,4,5,2,17,1,84,2,8,1,1,7,9,1,10,2,12,,44,,1,22,9,121.5132523,25.0451288
112,5,9,8,15,2,05中正區,中正區重慶南路1段與漢口街1段口,0,0,3,3,C03,8,1,5,50,4,2,1,5,4,5,7,1,1,10,4,5,2,17,4,0,4,11,3,4,7,15,7,19,11,15,,43,,2,22,9,121.5132523,25.0451288
112,5,9,8,15,2,05中正區,中正區重慶南路1段與漢口街1段口,0,0,3,4,C03,8,1,5,50,4,2,1,5,4,5,7,1,1,10,4,5,2,17,1,59,2,9,1,1,7,9,1,10,2,12,,13,,1,22,9,121.5132523,25.0451288
112,5,9,8,15,2,05中正區,中正區重慶南路1段與漢口街1段口,0,0,3,5,C03,8,1,5,50,4,2,1,5,4,5,7,1,1,10,4,5,2,17,1,54,4,11,3,4,7,15,7,19,11,15,,44,,2,22,9,121.5132523,25.0451288
112,5,9,8,27,2,10文山區,文山區景興路85巷與景興路85巷口9號,0,0,2,2,F01,8,1,5,30,3,1,1,5,4,5,7,4,4,10,5,5,2,17,1,47,2,9,1,1,7,7,8,20,1,16,,7,,1,22,9,121.5453507,24.99596008
112,5,9,8,27,2,10文山區,文山區景興路85巷與景興路85巷口9號,0,0,2,3,B03,8,1,5,30,3,1,1,5,4,5,7,4,4,10,5,5,2,17,1,47,3,10,3,4,7,13,1,8,11,8,,44,,1,22,9,121.5453507,24.99596008
112,5,9,8,27,2,10文山區,文山區景興路85巷與景興路85巷口9號,0,0,2,1,C04,8,1,5,30,3,1,1,5,4,5,7,4,4,10,5,5,2,17,1,41,2,9,1,1,7,9,1,11,1,11,,23,,1,22,9,121.5453507,24.99596008
112,5,9,8,47,2,06松山區,松山區市民大道4段與復興南路1段口,0,0,1,1,B03,8,1,5,40,4,1,1,5,4,5,7,1,1,1,4,5,2,16,1,52,3,10,1,1,7,6,1,8,1,6,,9,,1,22,9,121.5440371,25.0449901
112,5,9,8,47,2,06松山區,松山區市民大道4段與復興南路1段口,0,0,1,2,C03,8,1,5,40,4,1,1,5,4,5,7,1,1,1,4,5,2,16,1,43,2,9,1,1,7,9,1,10,1,14,,44,,1,22,9,121.5440371,25.0449901
112,5,9,8,48,2,12內湖區,內湖區江南街與江南街65巷口,0,0,1,1,C03,8,1,5,50,4,2,1,5,4,5,7,2,1,5,5,5,1,11,4,0,4,11,3,4,7,15,7,19,11,15,,43,,2,22,9,121.5776717,25.07737557
112,5,9,8,48,2,12內湖區,內湖區江南街與江南街65巷口,0,0,1,2,C03,8,1,5,50,4,2,1,5,4,5,7,2,1,5,5,5,1,11,1,23,2,9,1,1,7,5,1,10,11,15,,43,,1,22,9,121.5776717,25.07737557
112,5,9,8,50,2,07信義區,信義區基隆路2段151-6號,0,0,1,1,C03,8,1,5,50,14,9,1,5,4,5,7,4,4,3,4,5,2,16,1,44,3,10,1,1,7,8,1,10,1,14,,7,,1,22,9,121.5553978,25.0267981
112,5,9,8,50,2,07信義區,信義區基隆路2段151-6號,0,0,1,2,C03,8,1,5,50,14,9,1,5,4,5,7,4,4,3,4,5,2,16,1,36,2,9,1,1,7,9,1,10,1,11,,44,,1,22,9,121.5553978,25.0267981
112,5,9,8,50,2,07信義區,信義區基隆路2段151-6號,0,0,1,3,B03,8,1,5,50,14,9,1,5,4,5,7,4,4,3,4,5,2,16,2,28,3,10,1,1,7,9,1,8,1,2,,44,,1,22,9,121.5553978,25.0267981
112,5,9,8,54,2,05中正區,中正區水源路與同安街口,0,0,1,1,C03,7,1,5,30,3,1,1,5,4,5,7,4,4,10,4,2,2,16,2,69,2,9,1,1,7,6,1,10,2,14,,6,,1,22,9,121.5201438,25.02092714
112,5,9,8,54,2,05中正區,中正區水源路與同安街口,0,0,1,2,B03,7,1,5,30,3,1,1,5,4,5,7,4,4,10,4,2,2,16,2,39,3,10,1,1,7,9,1,8,2,5,,14,,1,22,9,121.5201438,25.02092714
112,5,9,9,0,2,12內湖區,內湖區新明路280號旁,0,0,1,1,C03,7,1,5,50,14,9,1,5,4,5,7,4,4,5,4,5,2,17,2,39,3,10,1,1,7,4,1,10,2,11,,23,,1,22,9,121.5826042,25.0562136
112,5,9,9,0,2,12內湖區,內湖區新明路280號旁,0,0,1,3,H02,7,1,5,50,14,9,1,5,4,5,7,4,4,5,4,5,2,17,2,25,2,8,4,1,7,19,8,20,10,16,,56,,1,22,9,121.5826042,25.0562136
112,5,9,9,0,2,12內湖區,內湖區新明路280號旁,0,0,1,2,A04,7,1,5,50,14,9,1,5,4,5,7,4,4,5,4,5,2,17,1,57,3,10,1,1,7,14,1,2,11,15,,38,,1,22,9,121.5826042,25.0562136
112,5,9,9,34,2,05中正區,中正區鄭州路與重慶北路1段口往東捷運Y12出口,0,0,1,1,C03,7,1,5,40,14,9,1,5,4,5,7,4,4,1,4,5,2,12,1,46,3,10,1,4,7,7,1,10,1,14,,13,,1,22,9,121.5152553,25.0488782
112,5,9,9,34,2,05中正區,中正區鄭州路與重慶北路1段口往東捷運Y12出口,0,0,1,2,C03,7,1,5,40,14,9,1,5,4,5,7,4,4,1,4,5,2,12,1,28,2,8,1,4,7,9,1,9,1,12,,16,,1,22,9,121.5152553,25.0488782
112,5,9,9,40,2,12內湖區,內湖區內湖路1段217巷27號前(環山路一段上),0,0,1,1,C01,8,1,5,50,14,7,1,5,4,5,7,4,4,5,4,4,2,17,1,26,2,9,1,1,7,12,1,9,2,11,,42,,1,22,9,121.5655206,25.08340118
112,5,9,9,40,2,12內湖區,內湖區內湖路1段217巷27號前(環山路一段上),0,0,1,2,B01,8,1,5,50,14,7,1,5,4,5,7,4,4,5,4,4,2,17,1,57,3,10,1,1,7,14,1,8,2,4,,44,,1,22,9,121.5655206,25.08340118
112,5,9,10,0,2,12內湖區,內湖區新明路236號前,0,0,1,1,C03,7,1,5,50,14,9,1,5,4,5,7,1,1,5,4,5,2,16,2,25,2,9,1,1,7,9,1,10,2,14,,44,,1,22,9,121.58388,25.05687
112,5,9,10,0,2,12內湖區,內湖區新明路236號前,0,0,1,6,C03,7,1,5,50,14,9,1,5,4,5,7,1,1,5,4,5,2,16,2,28,3,10,1,1,7,13,1,10,11,12,,44,,1,22,9,121.58388,25.05687
112,5,9,10,0,2,12內湖區,內湖區新明路236號前,0,0,1,5,C03,7,1,5,50,14,9,1,5,4,5,7,1,1,5,4,5,2,16,1,40,3,10,1,1,7,13,1,10,11,12,,44,,1,22,9,121.58388,25.05687
112,5,9,10,0,2,12內湖區,內湖區新明路236號前,0,0,1,4,C03,7,1,5,50,14,9,1,5,4,5,7,1,1,5,4,5,2,16,1,38,3,10,1,1,7,13,1,10,11,12,,44,,1,22,9,121.58388,25.05687
112,5,9,10,0,2,12內湖區,內湖區新明路236號前,0,0,1,3,C03,7,1,5,50,14,9,1,5,4,5,7,1,1,5,4,5,2,16,1,29,3,10,1,1,7,13,1,10,11,12,,44,,1,22,9,121.58388,25.05687
112,5,9,10,0,2,12內湖區,內湖區南京東路6段與新明路426巷口,0,0,2,2,H01,8,1,5,50,4,2,1,5,4,5,7,1,1,1,5,5,2,9,1,35,2,7,4,5,8,20,8,20,1,16,,67,,1,22,9,121.5792302,25.05552249
112,5,9,10,0,2,12內湖區,內湖區南京東路6段與新明路426巷口,0,0,2,3,B12,8,1,5,50,4,2,1,5,4,5,7,1,1,1,5,5,2,9,1,35,4,11,3,4,7,14,7,19,1,15,,38,,1,22,9,121.5792302,25.05552249
112,5,9,10,0,2,12內湖區,內湖區南京東路6段與新明路426巷口,0,0,2,1,C03,8,1,5,50,4,2,1,5,4,5,7,1,1,1,5,5,2,9,1,29,2,7,1,1,7,9,1,10,1,12,,23,,1,22,9,121.5792302,25.05552249
112,5,9,10,0,2,12內湖區,內湖區新明路236號前,0,0,1,2,B03,7,1,5,50,14,9,1,5,4,5,7,1,1,5,4,5,2,16,1,63,3,10,1,1,7,8,1,8,2,2,,7,,1,22,9,121.58388,25.05687
112,5,9,10,3,2,08士林區,士林區仰德大道3段與仰德大道3段5巷口,0,0,2,3,H02,8,1,5,40,3,1,1,5,4,5,7,1,1,5,5,5,2,16,2,21,2,9,3,5,7,20,8,20,10,16,,67,,1,22,9,121.5504376,25.11418672
112,5,9,10,3,2,08士林區,士林區仰德大道3段與仰德大道3段5巷口,0,0,2,1,B03,8,1,5,40,3,1,1,5,4,5,7,1,1,5,5,5,2,16,2,53,3,10,3,4,7,6,1,8,1,2,,6,,1,22,9,121.5504376,25.11418672
112,5,9,10,3,2,08士林區,士林區仰德大道3段與仰德大道3段5巷口,0,0,2,2,C03,8,1,5,40,3,1,1,5,4,5,7,1,1,5,5,5,2,16,2,20,2,9,3,4,7,9,1,10,1,14,,23,,1,22,9,121.5504376,25.11418672
112,5,9,10,13,2,02萬華區,萬華區內江街110巷與內江街口人行道,0,0,1,1,C03,8,1,5,50,3,1,1,5,4,5,7,3,1,8,3,5,1,3,2,33,3,10,1,1,7,12,1,10,1,11,,15,,1,22,9,121.5035409,25.0415994
112,5,9,10,13,2,02萬華區,萬華區內江街110巷與內江街口人行道,0,0,1,2,H01,8,1,5,50,3,1,1,5,4,5,7,3,1,8,3,5,1,3,2,72,2,1,4,5,8,16,8,20,10,16,,67,,1,22,9,121.5035409,25.0415994
112,5,9,11,15,2,05中正區,(中華路1段89號前),0,0,1,1,B12,7,1,5,50,14,9,1,5,4,5,7,4,4,1,4,5,2,12,1,60,3,10,1,1,7,6,1,8,2,5,,9,,1,22,9,121.5073332,25.03800186
112,5,9,11,15,2,05中正區,(中華路1段89號前),0,0,1,2,C03,7,1,5,50,14,9,1,5,4,5,7,4,4,1,4,5,2,12,1,27,2,9,1,1,7,9,1,10,2,14,,23,,1,22,9,121.5073332,25.03800186
112,5,9,12,6,2,02萬華區,萬華區長沙街2段133號,0,0,1,2,B01,8,1,5,50,14,9,1,5,4,5,7,4,4,10,5,5,2,17,1,67,3,10,3,4,7,9,1,4,1,2,,44,,1,22,9,121.5026187,25.040504
112,5,9,12,6,2,02萬華區,萬華區長沙街2段133號,0,0,1,1,F01,8,1,5,50,14,9,1,5,4,5,7,4,4,10,5,5,2,17,1,62,2,9,3,4,7,7,8,20,1,16,,7,,1,22,9,121.5026187,25.040504
112,5,9,12,30,2,09北投區,北投區立德路157-1號,0,0,1,1,B03,8,1,5,50,15,9,1,5,4,5,7,4,4,9,4,5,2,17,1,59,3,10,3,4,7,5,1,8,1,15,,8,,1,22,9,121.47271,25.1287193
112,5,9,12,30,2,09北投區,北投區立德路157-1號,0,0,1,2,C03,8,1,5,50,15,9,1,5,4,5,7,4,4,9,4,5,2,17,1,27,2,9,3,4,7,9,1,10,1,14,,44,,1,22,9,121.47271,25.1287193
112,5,9,13,27,2,03中山區,中山區錦州街與錦州街30巷口,0,0,1,1,B03,8,1,5,50,3,1,1,5,4,5,7,4,4,5,5,5,2,17,1,58,3,10,3,4,7,5,6,8,2,4,,8,,1,22,9,121.5247908,25.06030582
112,5,9,13,27,2,03中山區,中山區錦州街與錦州街30巷口,0,0,1,2,C03,8,1,5,50,3,1,1,5,4,5,7,4,4,5,5,5,2,17,2,32,2,9,3,4,7,9,1,10,2,14,,44,,1,22,9,121.5247908,25.06030582
112,5,9,13,29,2,05中正區,中正區北平東路與林森北路口口,0,0,1,1,C03,8,1,5,50,4,2,1,5,4,5,7,2,1,9,4,4,1,16,1,34,3,10,1,1,7,8,1,10,1,12,,7,,1,21,1,121.5238289,25.0463036
112,5,9,13,29,2,05中正區,中正區北平東路與林森北路口口,0,0,1,2,C03,8,1,5,50,4,2,1,5,4,5,7,2,1,9,4,4,1,16,2,53,2,9,1,1,7,9,1,10,1,14,,44,,1,21,1,121.5238289,25.0463036
112,5,9,13,35,2,03中山區,中山區市民大道2段與長安東路1段52巷口,0,0,1,2,C03,8,1,5,40,5,2,1,5,4,5,7,1,1,1,4,5,1,17,1,18,2,7,1,1,7,9,1,10,1,14,,14,,1,22,9,121.5277666,25.0471279
112,5,9,13,35,2,03中山區,中山區市民大道2段與長安東路1段52巷口,0,0,1,1,B03,8,1,5,40,5,2,1,5,4,5,7,1,1,1,4,5,1,17,1,68,3,10,1,1,7,1,1,8,1,2,,19,,1,22,9,121.5277666,25.0471279
112,5,9,13,47,2,06松山區,松山區南京東路4段77號,0,0,1,1,B03,8,1,5,50,14,7,1,5,4,5,7,4,4,1,4,4,2,12,1,31,3,10,1,1,7,9,1,15,1,2,,23,,1,22,9,121.5499417,25.05181829
112,5,9,13,47,2,06松山區,松山區南京東路4段77號,0,0,1,2,C03,8,1,5,50,14,7,1,5,4,5,7,4,4,1,4,4,2,12,1,75,2,9,1,1,7,9,1,10,1,14,,17,,1,22,9,121.5499417,25.05181829
112,5,9,14,3,2,12內湖區,內湖區安康路與安美街口,0,0,1,2,C03,8,1,5,50,4,1,1,5,4,5,7,2,1,5,4,5,2,17,1,31,2,9,1,1,7,9,1,10,2,11,,44,,1,22,9,121.5964107,25.0621794
112,5,9,14,3,2,12內湖區,內湖區安康路與安美街口,0,0,1,1,C03,8,1,5,50,4,1,1,5,4,5,7,2,1,5,4,5,2,17,1,38,3,10,1,1,7,5,1,10,2,14,,8,,1,22,9,121.5964107,25.0621794
112,5,9,14,5,2,04大安區,大安區辛亥路3段330號,0,0,1,1,C03,8,1,5,50,14,9,1,5,4,5,7,4,4,1,4,5,2,17,1,64,2,7,1,1,7,7,1,10,1,14,,7,,1,22,9,121.5529825,25.0141395
112,5,9,14,5,2,04大安區,大安區辛亥路3段330號,0,0,1,2,B03,8,1,5,50,14,9,1,5,4,5,7,4,4,1,4,5,2,17,1,58,3,10,1,1,7,9,1,8,1,5,,44,,1,22,9,121.5529825,25.0141395
112,5,9,14,25,2,08士林區,士林區東山路25巷81弄、1108353燈桿,0,0,2,2,C03,8,1,5,30,12,9,1,5,4,5,2,4,4,10,5,5,2,17,2,73,2,9,1,4,7,9,1,10,2,14,,44,,1,22,9,121.5366542,25.13264949
112,5,9,14,25,2,08士林區,士林區東山路25巷81弄、1108353燈桿,0,0,2,3,B12,8,1,5,30,12,9,1,5,4,5,2,4,4,10,5,5,2,17,1,68,3,10,3,4,7,9,6,8,2,2,,17,,1,22,9,121.5366542,25.13264949
112,5,9,14,25,2,08士林區,士林區東山路25巷81弄、1108353燈桿,0,0,2,1,C03,8,1,5,30,12,9,1,5,4,5,2,4,4,10,5,5,2,17,1,19,2,9,1,4,7,9,1,10,2,14,,17,,1,22,9,121.5366542,25.13264949
112,5,9,14,29,2,03中山區,中山區北安路自強隧道往南,0,0,1,1,C03,8,1,5,50,14,9,1,5,4,5,7,4,4,10,3,5,1,13,1,35,2,9,1,4,7,9,1,10,1,11,,23,,1,22,9,121.5491828,25.08672954
112,5,9,14,29,2,03中山區,中山區北安路自強隧道往南,0,0,1,2,B01,8,1,5,50,14,9,1,5,4,5,7,4,4,10,3,5,1,13,1,65,3,10,1,4,7,9,1,4,1,6,,44,,1,22,9,121.5491828,25.08672954
112,5,9,14,55,2,03中山區,中山區北安路588巷與北安路608巷4弄口口,0,0,1,2,B03,8,1,5,30,4,1,1,5,4,5,7,4,4,10,5,5,2,15,2,44,3,10,3,4,7,9,1,8,1,5,,14,,1,22,9,121.5491384,25.0811055
112,5,9,14,55,2,03中山區,中山區北安路588巷與北安路608巷4弄口口,0,0,1,1,C03,8,1,5,30,4,1,1,5,4,5,7,4,4,10,5,5,2,15,2,58,2,9,1,4,7,9,4,8,1,14,,26,,1,22,9,121.5491384,25.0811055
112,5,9,15,20,2,05中正區,中正區重慶南路2段16號前,0,0,2,1,C03,7,1,5,50,14,9,1,5,4,5,7,4,4,1,4,5,2,13,1,26,2,9,1,1,7,9,1,10,1,11,,44,,1,22,9,121.5132029,25.0337017
112,5,9,15,20,2,05中正區,中正區重慶南路2段16號前,0,0,2,2,C03,7,1,5,50,14,9,1,5,4,5,7,4,4,1,4,5,2,13,1,42,2,9,1,1,7,9,1,10,1,13,,30,,1,22,9,121.5132029,25.0337017
112,5,9,15,20,2,12內湖區,內湖區舊宗路2段135巷與舊宗路2段口,0,0,1,1,B12,7,1,5,50,3,1,1,5,4,5,7,4,4,1,5,5,2,16,1,62,3,10,1,1,7,1,1,8,1,1,,23,,1,22,9,121.5749064,25.07002758
112,5,9,15,20,2,12內湖區,內湖區舊宗路2段135巷與舊宗路2段口,0,0,1,2,F01,7,1,5,50,3,1,1,5,4,5,7,4,4,1,5,5,2,16,1,62,2,9,3,1,7,9,8,20,1,16,,44,,1,22,9,121.5749064,25.07002758
112,5,9,15,32,2,02萬華區,萬華區萬大路329巷與萬青街口,0,0,1,3,F01,8,1,5,30,4,1,1,5,4,5,7,3,1,5,5,5,2,15,1,62,4,11,1,1,7,9,8,20,9,16,,6,,1,22,9,121.5015843,25.02355013
112,5,9,15,32,2,02萬華區,萬華區萬大路329巷與萬青街口,0,0,1,1,B03,8,1,5,30,4,1,1,5,4,5,7,3,1,5,5,5,2,15,1,79,3,10,1,1,7,9,1,8,1,1,,6,,1,22,9,121.5015843,25.02355013
112,5,9,15,32,2,02萬華區,萬華區萬大路329巷與萬青街口,0,0,1,2,C03,8,1,5,30,4,1,1,5,4,5,7,3,1,5,5,5,2,15,2,54,2,9,1,1,7,9,1,10,1,14,,14,,1,22,9,121.5015843,25.02355013
112,5,9,16,14,2,02萬華區,萬華區萬大路158號,0,0,1,1,H01,8,1,5,0,14,9,1,5,4,5,7,4,4,10,3,5,2,5,1,43,3,10,4,5,8,20,8,20,10,16,,67,,1,22,9,121.5004219,25.02857117
112,5,9,16,14,2,02萬華區,萬華區萬大路158號,0,0,1,2,C03,8,1,5,0,14,9,1,5,4,5,7,4,4,10,3,5,2,5,2,40,2,9,1,4,7,9,1,10,1,14,,44,,1,22,9,121.5004219,25.02857117
112,5,9,16,15,2,07信義區,信義區松仁路238號,0,0,1,2,C03,8,1,5,50,14,9,1,5,4,5,7,1,1,4,5,5,2,12,2,24,2,7,1,1,7,9,1,10,1,11,,26,,1,22,9,121.5693613,25.0249306
112,5,9,16,15,2,07信義區,信義區松仁路238號,0,0,1,1,A02,8,1,5,50,14,9,1,5,4,5,7,1,1,4,5,5,2,12,1,61,3,10,1,1,7,9,1,2,1,7,,44,,1,10,4,121.5693613,25.0249306
112,5,9,16,20,2,06松山區,松山區撫遠街與撫遠街389巷口,0,0,1,1,B03,8,1,5,30,4,1,1,5,4,5,7,4,4,1,4,5,2,15,1,46,3,10,1,1,7,9,1,8,1,1,,6,,1,22,9,121.5657132,25.06494276
112,5,9,16,20,2,06松山區,松山區撫遠街與撫遠街389巷口,0,0,1,2,C03,8,1,5,30,4,1,1,5,4,5,7,4,4,1,4,5,2,15,2,33,2,9,1,1,7,9,1,10,1,12,,14,,1,22,9,121.5657132,25.06494276
112,5,9,17,9,2,10文山區,文山區興隆路4段54-3號,0,0,1,1,A02,7,1,5,50,14,9,1,5,4,5,7,4,4,1,4,5,2,17,1,50,3,10,3,4,7,9,1,2,1,8,,43,,1,22,9,121.5610344,24.9862094
112,5,9,17,9,2,10文山區,文山區興隆路4段54-3號,0,0,1,2,B03,7,1,5,50,14,9,1,5,4,5,7,4,4,1,4,5,2,17,1,62,3,10,3,4,7,9,1,8,1,6,,43,,1,22,9,121.5610344,24.9862094
112,5,9,17,9,2,10文山區,文山區興隆路4段54-3號,0,0,1,3,H02,7,1,5,50,14,9,1,5,4,5,7,4,4,1,4,5,2,17,2,63,2,2,3,4,7,20,8,20,10,16,,67,,1,22,9,121.5610344,24.9862094
112,5,9,17,10,2,08士林區,士林區中山北路5段378巷口,0,0,1,2,A02,8,1,5,40,14,9,1,5,4,5,7,2,1,10,5,5,2,17,1,55,3,10,1,1,7,9,1,2,11,15,,44,,1,22,9,121.5273674,25.09027508
112,5,9,17,10,2,08士林區,士林區中山北路5段378巷口,0,0,1,1,B03,8,1,5,40,14,9,1,5,4,5,7,2,1,10,5,5,2,17,1,62,4,11,3,4,7,10,7,19,11,15,,7,,2,22,9,121.5273674,25.09027508
112,5,9,17,10,2,08士林區,士林區中山北路5段378巷口,0,0,1,3,H02,8,1,5,40,14,9,1,5,4,5,7,2,1,10,5,5,2,17,2,47,2,9,4,5,7,20,8,20,10,16,,67,,1,22,9,121.5273674,25.09027508
112,5,9,17,14,2,12內湖區,內湖區民權東路6段13-15號前,0,0,1,3,A11,7,1,5,50,14,9,1,5,4,5,7,4,4,1,4,5,2,16,1,53,3,10,1,1,7,13,1,1,1,4,,38,,1,22,9,121.5793003,25.0670093
112,5,9,17,14,2,12內湖區,內湖區民權東路6段13-15號前,0,0,1,2,C03,7,1,5,50,14,9,1,5,4,5,7,4,4,1,4,5,2,16,1,54,2,9,1,1,7,9,1,10,1,14,,44,,1,22,9,121.5793003,25.0670093
112,5,9,17,14,2,12內湖區,內湖區民權東路6段13-15號前,0,0,1,1,A02,7,1,5,50,14,9,1,5,4,5,7,4,4,1,4,5,2,16,1,59,3,10,1,1,7,8,1,2,1,2,,6,,1,22,9,121.5793003,25.0670093
112,5,9,17,18,2,12內湖區,內湖區民權東路6段與民善街口,0,0,1,1,B02,8,1,5,50,4,2,1,5,4,5,7,1,1,10,4,5,1,12,2,61,3,10,1,1,7,6,1,8,2,2,,9,,1,22,9,121.5740775,25.06514182
112,5,9,17,18,2,12內湖區,內湖區民權東路6段與民善街口,0,0,1,2,C03,8,1,5,50,4,2,1,5,4,5,7,1,1,10,4,5,1,12,2,40,2,9,1,1,7,9,1,10,2,14,,44,,1,22,9,121.5740775,25.06514182
112,5,9,17,33,2,12內湖區,內湖區內湖路2段與內湖路2段253巷口,0,0,1,2,C03,8,1,5,50,3,1,1,5,4,5,7,4,4,9,5,5,2,17,1,54,2,9,1,1,7,9,1,10,2,11,,44,,1,22,9,121.5898184,25.08189529
112,5,9,17,33,2,12內湖區,內湖區內湖路2段與內湖路2段253巷口,0,0,1,1,B03,8,1,5,50,3,1,1,5,4,5,7,4,4,9,5,5,2,17,2,64,3,10,1,1,7,5,1,8,2,5,,8,,1,22,9,121.5898184,25.08189529
112,5,9,18,1,2,07信義區,信義區松仁路172號,0,0,1,2,C03,8,1,5,40,14,7,1,5,4,5,7,4,4,9,4,4,2,12,2,43,2,9,1,1,7,9,1,10,1,12,,44,,1,22,9,121.5683347,25.0279641
112,5,9,18,1,2,07信義區,信義區松仁路172號,0,0,1,1,B01,8,1,5,40,14,7,1,5,4,5,7,4,4,9,4,4,2,12,1,67,3,10,1,1,7,11,1,8,1,4,,19,,1,22,9,121.5683347,25.0279641
112,5,9,18,5,2,11南港區,南港區市民大道7段與向陽路口,0,0,2,1,C03,8,1,5,50,4,1,1,5,4,5,7,1,1,10,5,5,2,16,1,25,2,9,3,4,7,7,1,10,1,11,,7,,1,22,9,121.595437,25.0514615
112,5,9,18,5,2,11南港區,南港區市民大道7段與向陽路口,0,0,2,2,C03,8,1,5,50,4,1,1,5,4,5,7,1,1,10,5,5,2,16,1,32,2,9,3,4,7,9,1,10,1,11,,13,,1,22,9,121.595437,25.0514615
112,5,9,18,7,2,03中山區,中山區北安路與北安路841巷口,0,0,1,1,C03,8,3,5,50,3,1,1,5,4,5,7,4,4,1,4,5,2,16,1,35,3,10,1,1,7,6,1,10,1,12,,9,,1,22,9,121.5575891,25.08463237
112,5,9,18,7,2,03中山區,中山區北安路與北安路841巷口,0,0,1,2,C03,8,3,5,50,3,1,1,5,4,5,7,4,4,1,4,5,2,16,2,67,2,9,1,1,7,9,1,10,1,11,,44,,1,22,9,121.5575891,25.08463237
112,5,9,18,8,2,09北投區,北投區秀山路28號,0,0,1,2,C03,8,1,5,30,14,9,1,5,4,5,7,4,4,9,4,5,2,16,1,62,2,9,1,1,7,9,1,10,2,12,,23,,1,22,9,121.4907687,25.1436443
112,5,9,18,8,2,09北投區,北投區秀山路28號,0,0,1,1,B03,8,1,5,30,14,9,1,5,4,5,7,4,4,9,4,5,2,16,2,69,3,10,1,1,7,11,1,8,2,8,,10,,1,22,9,121.4907687,25.1436443