發生年度,發生月,發生日,發生時-Hours,發生分,處理別-編號,區序,肇事地點,死亡人數,2-30日死亡人數,受傷人數,當事人序號,車種,天候,光線,道路類別,速限-速度限制,道路型態,事故位置,路面狀況1,路面狀況2,路面狀況3,道路障礙1,道路障礙2,號誌1,號誌2,車道劃分-分向,車道劃分-分道1,車道劃分-分道2,車道劃分-分道3,事故類型及型態,性別,年齡,受傷程度,主要傷處,保護裝置,行動電話,車輛用途,當事者行動狀態,駕駛資格情形,駕駛執照種類,飲酒情形,車輛撞擊部位1,車輛撞擊部位2,肇因碼-個別,肇因碼-主要,個人肇逃否,職業,旅次目的,座標-X,座標-Y
112,5,9,18,21,2,02萬華區,萬華區華江橋機車道(往新北市方向),0,0,2,1,C03,7,2,5,40,14,11,1,5,4,5,7,4,4,3,4,3,1,17,2,53,2,9,1,1,7,9,1,10,1,11,14,16,,1,22,9,121.4870044,25.03584254
112,5,9,18,21,2,02萬華區,萬華區華江橋機車道(往新北市方向),0,0,2,2,C03,7,2,5,40,14,11,1,5,4,5,7,4,4,3,4,3,1,17,2,31,2,9,1,1,7,12,1,10,1,13,14,13,,1,22,9,121.4870044,25.03584254
112,5,9,18,50,2,04大安區,大安區敦化南路1段294號,0,0,2,2,C03,8,3,5,50,14,9,1,5,4,5,7,4,4,9,4,5,1,17,2,53,2,9,1,1,7,7,1,10,1,12,,7,,1,22,9,121.5485794,25.03589057
112,5,9,18,50,2,04大安區,大安區敦化南路1段294號,0,0,2,3,H02,8,3,5,50,14,9,1,5,4,5,7,4,4,9,4,5,1,17,2,27,2,7,1,5,7,20,8,20,10,16,,67,,1,22,9,121.5485794,25.03589057
112,5,9,18,50,2,04大安區,大安區敦化南路1段294號,0,0,2,1,C02,8,3,5,50,14,9,1,5,4,5,7,4,4,9,4,5,1,17,1,31,3,10,1,1,7,9,4,10,1,13,,17,,1,22,9,121.5485794,25.03589057
112,5,9,18,51,2,07信義區,信義區永吉路18號,0,0,1,1,B03,8,1,5,50,14,9,1,5,4,5,7,2,1,1,3,5,2,13,1,41,3,10,1,1,7,9,1,8,1,5,,16,,1,22,9,121.5687759,25.04562127
112,5,9,18,51,2,07信義區,信義區永吉路18號,0,0,1,2,C03,8,1,5,50,14,9,1,5,4,5,7,2,1,1,3,5,2,13,2,49,2,8,1,1,7,7,1,10,1,13,,7,,1,22,8,121.5687759,25.04562127
112,5,9,18,53,2,12內湖區,內湖區內湖路1段與內湖路1段360巷口,0,0,1,1,C03,7,3,5,50,4,1,1,5,4,5,7,1,1,1,4,5,2,12,1,35,3,10,1,1,7,8,1,10,1,14,,7,,1,22,9,121.5707694,25.08151815
112,5,9,18,53,2,12內湖區,內湖區內湖路1段與內湖路1段360巷口,0,0,1,2,C03,7,3,5,50,4,1,1,5,4,5,7,1,1,1,4,5,2,12,1,44,2,9,1,1,7,9,1,10,1,11,,44,,1,22,9,121.5707694,25.08151815
112,5,9,18,58,2,10文山區,文山區辛亥路7段與辛亥路7段84巷口,0,0,1,2,C03,7,3,5,50,3,1,1,5,4,5,7,4,4,5,4,5,2,16,1,32,2,9,3,4,7,5,1,10,2,12,,44,,1,21,8,121.5536273,24.98146055
112,5,9,18,58,2,10文山區,文山區辛亥路7段與辛亥路7段84巷口,0,0,1,1,B03,7,3,5,50,3,1,1,5,4,5,7,4,4,5,4,5,2,16,1,66,3,10,3,4,7,1,1,8,2,8,,19,,1,21,8,121.5536273,24.98146055
112,5,9,19,15,2,10文山區,文山區木柵路1段與試院路口(雙號),0,0,2,2,C03,8,3,5,50,4,1,1,5,4,5,7,2,1,5,2,5,2,17,1,23,3,10,1,4,7,9,1,10,1,14,,42,,1,22,9,121.5497319,24.98743147
112,5,9,19,15,2,10文山區,文山區木柵路1段與試院路口(雙號),0,0,2,3,C03,8,3,5,50,4,1,1,5,4,5,7,2,1,5,2,5,2,17,2,39,2,8,1,4,7,9,1,10,1,14,,42,,1,22,9,121.5497319,24.98743147
112,5,9,19,15,2,10文山區,文山區木柵路1段與試院路口(雙號),0,0,2,4,H02,8,3,5,50,4,1,1,5,4,5,7,2,1,5,2,5,2,17,1,18,2,8,1,5,7,20,8,20,10,16,,67,,1,22,9,121.5497319,24.98743147
112,5,9,19,15,2,10文山區,文山區木柵路1段與試院路口(雙號),0,0,2,1,C03,8,3,5,50,4,1,1,5,4,5,7,2,1,5,2,5,2,17,1,18,3,10,1,4,7,8,1,10,1,12,,7,,1,22,9,121.5497319,24.98743147
112,5,9,19,16,2,09北投區,北投區明德路293號,0,0,1,1,C03,8,3,5,50,14,9,1,5,4,5,7,2,1,9,4,5,2,3,1,35,3,10,1,1,7,5,3,18,2,14,,15,,1,22,9,121.5216799,25.11516728
112,5,9,19,16,2,09北投區,北投區明德路293號,0,0,1,2,H01,8,3,5,50,14,9,1,5,4,5,7,2,1,9,4,5,2,3,2,48,2,8,3,1,8,16,8,20,10,16,,51,,1,22,9,121.5216799,25.11516728
112,5,9,19,19,2,03中山區,中山區民權東路2段與建國北路2段口,0,0,1,1,B03,8,3,5,50,4,1,1,5,4,5,7,1,1,1,4,5,2,16,4,0,4,11,3,4,7,15,7,19,11,15,,43,,2,22,9,121.5368042,25.0622417
112,5,9,19,19,2,03中山區,中山區民權東路2段與建國北路2段口,0,0,1,2,F01,8,3,5,50,4,1,1,5,4,5,7,1,1,1,4,5,2,16,1,44,2,9,1,1,7,9,8,20,1,16,,44,,1,22,9,121.5368042,25.0622417
112,5,9,19,58,2,05中正區,中正區中山北路1段與市民大道2段口,0,0,2,1,C03,8,3,5,50,4,2,1,5,4,5,7,2,1,5,4,5,2,13,1,29,2,9,1,1,7,9,1,10,1,11,,16,,1,22,9,121.5207995,25.04792944
112,5,9,19,58,2,05中正區,中正區中山北路1段與市民大道2段口,0,0,2,2,C03,8,3,5,50,4,2,1,5,4,5,7,2,1,5,4,5,2,13,2,25,2,9,1,1,7,9,1,10,1,13,,44,,1,22,9,121.5207995,25.04792944
112,5,9,20,40,2,07信義區,信義區基隆路1段與市民大道5段口口,0,0,2,1,C03,7,3,5,50,4,1,1,5,4,5,7,2,1,1,4,5,2,15,1,44,2,7,1,1,7,9,1,10,1,11,,25,,1,22,9,121.5693644,25.0490947
112,5,9,20,40,2,07信義區,信義區基隆路1段與市民大道5段口口,0,0,2,2,C03,7,3,5,50,4,1,1,5,4,5,7,2,1,1,4,5,2,15,1,34,2,9,1,1,7,9,1,10,1,12,,44,,1,22,9,121.5693644,25.0490947
112,5,9,20,59,2,03中山區,中山區濱江街與濱江街口7號水門,0,0,1,1,C03,8,3,5,50,4,1,1,5,4,5,7,1,1,5,4,5,2,16,1,19,2,9,1,1,7,5,1,10,1,11,,8,,1,22,9,121.5508684,25.0724256
112,5,9,20,59,2,03中山區,中山區濱江街與濱江街口7號水門,0,0,1,2,B03,8,3,5,50,4,1,1,5,4,5,7,1,1,5,4,5,2,16,2,33,3,10,1,1,7,6,1,4,1,8,,9,,1,22,9,121.5508684,25.0724256
112,5,9,21,10,2,12內湖區,內湖區堤外便道西向東PU16A柱前,0,0,1,2,F01,7,3,5,0,14,9,1,5,4,5,7,4,4,9,5,5,2,12,2,28,2,9,1,1,7,9,8,20,2,16,,44,,1,22,9,121.6146477,25.06513581
112,5,9,21,10,2,12內湖區,內湖區堤外便道西向東PU16A柱前,0,0,1,1,B01,7,3,5,0,14,9,1,5,4,5,7,4,4,9,5,5,2,12,1,46,4,11,3,4,7,15,7,19,11,15,,23,,2,22,9,121.6146477,25.06513581
112,5,9,21,15,2,07信義區,信義區松壽路22號,0,0,1,2,C03,8,1,5,50,14,9,1,5,4,5,7,2,1,5,4,5,2,12,1,28,2,7,1,1,7,5,1,10,1,12,,44,,1,22,8,121.5681714,25.035834
112,5,9,21,15,2,07信義區,信義區松壽路22號,0,0,1,1,B01,8,1,5,50,14,9,1,5,4,5,7,2,1,5,4,5,2,12,1,53,3,10,1,1,7,11,1,4,1,4,,10,,1,22,8,121.5681714,25.035834
112,5,9,22,0,2,11南港區,南港區東新街38停車格旁號,0,0,1,3,C03,8,3,5,50,14,9,1,5,4,5,7,4,4,8,3,5,2,17,2,61,2,9,3,4,7,9,1,10,2,11,,44,,1,22,9,121.5919443,25.0460118
112,5,9,22,0,2,11南港區,南港區東新街38停車格旁號,0,0,1,1,C03,8,3,5,50,14,9,1,5,4,5,7,4,4,8,3,5,2,17,1,23,3,10,3,4,7,6,1,10,2,15,,9,,1,22,9,121.5919443,25.0460118
112,5,9,22,0,2,11南港區,南港區東新街38停車格旁號,0,0,1,2,C03,8,3,5,50,14,9,1,5,4,5,7,4,4,8,3,5,2,17,1,31,3,10,3,4,7,9,1,10,2,13,,44,,1,22,9,121.5919443,25.0460118
112,5,9,22,2,2,01大同區,大同區鄭州路與西寧北路口,0,0,1,2,B01,7,3,5,40,4,1,1,5,4,5,7,1,1,1,4,5,2,17,1,48,3,10,3,4,7,12,1,4,2,6,,44,,1,22,9,121.5082358,25.05073641
112,5,9,22,2,2,01大同區,大同區鄭州路與西寧北路口,0,0,1,1,C03,7,3,5,40,4,1,1,5,4,5,7,1,1,1,4,5,2,17,1,27,2,9,3,4,7,15,1,10,2,11,,23,,1,22,9,121.5082358,25.05073641
112,5,9,22,12,2,01大同區,大同區大稻埕堤外便道,0,0,3,3,C03,8,3,5,40,14,9,1,5,4,5,7,4,4,10,4,5,2,12,1,21,2,9,1,1,7,9,1,10,1,11,,23,,1,22,9,121.5079999,25.05662584
112,5,9,22,12,2,01大同區,大同區大稻埕堤外便道,0,0,3,2,C03,8,3,5,40,14,9,1,5,4,5,7,4,4,10,4,5,2,12,1,18,2,8,1,1,7,9,1,10,1,12,,14,,1,22,9,121.5079999,25.05662584
112,5,9,22,12,2,01大同區,大同區大稻埕堤外便道,0,0,3,1,C03,8,3,5,40,14,9,1,5,4,5,7,4,4,10,4,5,2,12,1,17,2,8,1,3,7,5,2,18,1,11,,8,,1,22,9,121.5079999,25.05662584
112,5,9,22,25,2,01大同區,大同區民權西路93號,0,0,1,1,C03,7,3,5,50,14,9,1,5,4,5,7,4,4,1,4,5,2,11,1,35,3,10,3,4,7,8,1,10,1,13,,7,,1,22,9,121.5188261,25.06298414
112,5,9,22,25,2,01大同區,大同區民權西路93號,0,0,1,2,C03,7,3,5,50,14,9,1,5,4,5,7,4,4,1,4,5,2,11,2,57,2,9,3,4,7,9,1,10,1,11,,44,,1,22,9,121.5188261,25.06298414
112,5,9,22,47,2,12內湖區,內湖區內湖路1段667巷港墘公園旁,0,0,2,1,C03,8,3,5,30,13,9,1,5,4,5,7,4,4,10,5,5,2,16,1,52,2,9,1,1,7,5,1,10,1,14,,8,,1,22,9,121.5761772,25.08073561
112,5,9,22,47,2,12內湖區,內湖區內湖路1段667巷港墘公園旁,0,0,2,2,C03,8,3,5,30,13,9,1,5,4,5,7,4,4,10,5,5,2,16,2,28,2,9,1,1,7,9,1,10,1,11,,44,,1,22,9,121.5761772,25.08073561
112,5,9,22,49,2,09北投區,北投區承德路7段162-1號,0,0,2,2,C03,8,3,5,60,14,7,1,5,4,5,7,4,4,1,4,4,2,16,2,31,2,9,1,1,7,9,1,10,2,11,,44,,1,22,9,121.5088643,25.1129978
112,5,9,22,49,2,09北投區,北投區承德路7段162-1號,0,0,2,1,C03,8,3,5,60,14,7,1,5,4,5,7,4,4,1,4,4,2,16,1,25,3,10,1,1,7,8,1,10,2,12,,7,,1,22,9,121.5088643,25.1129978
112,5,9,22,49,2,09北投區,北投區承德路7段162-1號,0,0,2,3,H02,8,3,5,60,14,7,1,5,4,5,7,4,4,1,4,4,2,16,2,40,2,8,1,5,7,20,8,20,10,16,,67,,1,22,9,121.5088643,25.1129978
112,5,9,23,41,2,06松山區,松山區八德路4段與松山路口,0,0,2,1,C03,8,3,5,30,4,2,1,5,4,5,7,2,1,8,3,5,1,12,2,39,2,9,1,1,7,5,1,10,1,13,,8,,1,22,9,121.5776981,25.0501433
112,5,9,23,41,2,06松山區,松山區八德路4段與松山路口,0,0,2,2,C03,8,3,5,30,4,2,1,5,4,5,7,2,1,8,3,5,1,12,2,27,2,9,1,1,7,9,1,10,1,11,,44,,1,22,9,121.5776981,25.0501433
112,5,10,0,45,2,04大安區,大安區忠孝東路4段與忠孝東路4段223巷口,0,0,1,1,B01,7,3,5,50,4,1,1,5,4,5,7,2,1,1,4,5,2,3,1,40,4,11,3,4,7,15,7,19,11,15,,15,,2,22,9,121.5530389,25.041383
112,5,10,0,45,2,04大安區,大安區忠孝東路4段與忠孝東路4段223巷口,0,0,1,2,H01,7,3,5,50,4,1,1,5,4,5,7,2,1,1,4,5,2,3,2,27,2,8,4,5,8,16,8,20,10,16,,67,,1,22,9,121.5530389,25.041383
112,5,10,1,0,2,03中山區,中山區中山北路1段與長安東路1段口,0,0,1,2,C03,8,3,5,50,4,1,1,5,4,5,7,1,1,5,4,1,2,16,1,19,2,9,1,1,7,9,1,10,2,11,,13,,1,22,9,121.5217292,25.0498097
112,5,10,1,0,2,03中山區,中山區中山北路1段與長安東路1段口,0,0,1,1,B01,8,3,5,50,4,1,1,5,4,5,7,1,1,5,4,1,2,16,1,58,3,10,1,1,7,5,1,4,2,2,,8,,1,22,9,121.5217292,25.0498097
112,5,10,1,10,2,05中正區,中正區福州街與牯嶺街口,0,0,1,2,A12,8,3,5,50,4,1,1,5,4,5,7,3,1,5,4,5,2,16,1,46,3,10,3,4,7,9,1,6,2,4,,14,,1,22,9,121.5173412,25.0282017
112,5,10,1,10,2,05中正區,中正區福州街與牯嶺街口,0,0,1,1,C03,8,3,5,50,4,1,1,5,4,5,7,3,1,5,4,5,2,16,1,37,2,7,3,4,7,9,1,10,2,11,,6,,1,22,9,121.5173412,25.0282017
112,5,10,1,30,2,08士林區,士林區延平北路6段與社正路口,0,0,1,1,C03,7,3,5,50,3,1,1,5,4,5,7,4,4,10,5,5,1,17,1,20,2,9,1,1,7,5,1,10,1,11,,8,,1,21,8,121.5088178,25.08800102
112,5,10,1,30,2,08士林區,士林區延平北路6段與社正路口,0,0,1,2,B12,7,3,5,50,3,1,1,5,4,5,7,4,4,10,5,5,1,17,1,41,3,10,1,1,7,9,1,8,1,8,,14,,1,21,8,121.5088178,25.08800102
112,5,10,2,12,2,12內湖區,內湖區康樂街72巷與康樂街口,0,0,3,2,C03,8,3,5,50,4,1,1,5,4,5,7,2,1,5,5,5,2,16,1,54,2,9,1,1,7,9,1,10,1,11,,44,,1,22,9,121.6186743,25.06945892
112,5,10,2,12,2,12內湖區,內湖區康樂街72巷與康樂街口,0,0,3,3,H02,8,3,5,50,4,1,1,5,4,5,7,2,1,5,5,5,2,16,2,33,2,1,1,5,7,20,8,20,10,16,,67,,1,22,9,121.6186743,25.06945892
112,5,10,2,12,2,12內湖區,內湖區康樂街72巷與康樂街口,0,0,3,1,C03,8,3,5,50,4,1,1,5,4,5,7,2,1,5,5,5,2,16,2,24,2,9,1,1,7,9,1,10,1,11,,25,,1,22,9,121.6186743,25.06945892
112,5,10,6,46,2,03中山區,中山區中山北路2段與中山北路2段59巷口,0,0,1,1,C03,8,1,5,30,3,1,1,5,4,5,7,4,4,10,5,5,2,15,1,42,3,10,1,1,7,9,1,10,11,11,,6,,1,22,9,121.522932,25.0558836
112,5,10,6,46,2,03中山區,中山區中山北路2段與中山北路2段59巷口,0,0,1,2,F01,8,1,5,30,3,1,1,5,4,5,7,4,4,10,5,5,2,15,2,21,2,9,2,1,7,9,8,20,11,16,,42,,1,22,9,121.522932,25.0558836
112,5,10,7,21,2,12內湖區,內湖區康寧路3段222巷與安康路口,0,0,1,3,A05,8,1,5,50,4,1,1,5,4,5,7,1,1,5,4,5,2,16,3,0,,,,,,,,,11,,,67,,1,,,121.6108416,25.06578694
112,5,10,7,21,2,12內湖區,內湖區康寧路3段222巷與安康路口,0,0,1,1,C03,8,1,5,50,4,1,1,5,4,5,7,1,1,5,4,5,2,16,1,50,3,10,1,1,7,5,1,10,2,12,,42,,1,22,9,121.6108416,25.06578694
112,5,10,7,21,2,12內湖區,內湖區康寧路3段222巷與安康路口,0,0,1,2,C03,8,1,5,50,4,1,1,5,4,5,7,1,1,5,4,5,2,16,2,33,2,9,1,1,7,5,1,10,2,14,,44,,1,22,9,121.6108416,25.06578694
112,5,10,7,27,2,07信義區,信義區逸仙路50巷12號,0,0,1,3,B03,8,1,5,30,14,9,1,5,4,5,7,4,4,10,5,5,2,15,2,44,3,10,1,1,7,13,1,8,9,1,,44,,1,22,9,121.5625635,25.0406269
112,5,10,7,27,2,07信義區,信義區逸仙路50巷12號,0,0,1,2,B03,8,1,5,30,14,9,1,5,4,5,7,4,4,10,5,5,2,15,2,70,3,10,1,1,7,9,1,8,2,1,,6,,1,22,9,121.5625635,25.0406269
112,5,10,7,27,2,07信義區,信義區逸仙路50巷12號,0,0,1,1,F03,8,1,5,30,14,9,1,5,4,5,7,4,4,10,5,5,2,15,1,43,2,9,1,1,7,9,8,20,2,16,,6,,1,22,9,121.5625635,25.0406269
112,5,10,7,40,2,08士林區,士林區承德路4段與前港街口,0,0,1,1,C03,8,1,8,40,15,22,1,5,4,5,7,4,4,3,4,4,2,13,1,38,2,9,1,1,7,9,6,8,1,11,,16,,1,22,9,121.5233199,25.0848411
112,5,10,7,40,2,08士林區,士林區承德路4段與前港街口,0,0,1,2,B03,8,1,8,40,15,22,1,5,4,5,7,4,4,3,4,4,2,13,1,51,3,10,1,1,7,9,1,8,1,7,,44,,1,22,9,121.5233199,25.0848411
112,5,10,7,43,2,01大同區,大同區南京西路325-2號(堤外便道，延平宮旁),0,0,2,2,C03,8,1,5,40,14,9,1,5,4,5,7,3,1,10,5,5,1,16,2,23,2,9,1,1,7,9,1,10,2,11,,23,,1,22,9,121.5072029,25.05366096
112,5,10,7,43,2,01大同區,大同區南京西路325-2號(堤外便道，延平宮旁),0,0,2,1,C03,8,1,5,40,14,9,1,5,4,5,7,3,1,10,5,5,1,16,1,62,2,8,1,1,7,1,1,10,2,14,,19,,1,22,9,121.5072029,25.05366096
112,5,10,7,43,2,01大同區,大同區南京西路325-2號(堤外便道，延平宮旁),0,0,2,3,C03,8,1,5,40,14,9,1,5,4,5,7,3,1,10,5,5,1,16,1,27,3,10,3,4,7,13,1,10,11,12,,44,,1,22,9,121.5072029,25.05366096
112,5,10,7,55,2,09北投區,北投區石牌路2段與石牌路2段97巷口,0,0,1,2,H01,8,1,5,50,3,1,1,5,4,5,7,4,4,5,4,5,2,3,1,56,2,9,4,5,8,16,8,20,10,16,,67,,1,22,9,121.5165217,25.11758919
112,5,10,7,55,2,09北投區,北投區石牌路2段與石牌路2段97巷口,0,0,1,1,C03,8,1,5,50,3,1,1,5,4,5,7,4,4,5,4,5,2,3,2,44,3,10,1,1,7,9,1,10,11,11,,23,,1,22,9,121.5165217,25.11758919
112,5,10,8,0,2,05中正區,中正區永福橋下橋處,0,0,1,1,C03,8,1,5,50,14,9,1,5,4,5,7,2,1,4,4,5,1,16,2,74,2,9,1,1,7,6,1,10,1,12,,17,,1,22,9,121.5298553,25.01323207
112,5,10,8,0,2,05中正區,中正區永福橋下橋處,0,0,1,2,C03,8,1,5,50,14,9,1,5,4,5,7,2,1,4,4,5,1,16,1,29,3,10,1,1,7,9,1,10,1,14,,17,,1,22,9,121.5298553,25.01323207
112,5,10,8,2,2,04大安區,大安區羅斯福路2段75號,0,0,1,1,C03,8,1,5,50,14,9,1,5,4,5,7,4,4,8,4,5,2,12,2,44,2,9,1,1,7,7,1,10,2,12,,7,,1,22,9,121.5230906,25.0265208
112,5,10,8,2,2,04大安區,大安區羅斯福路2段75號,0,0,1,2,B03,8,1,5,50,14,9,1,5,4,5,7,4,4,8,4,5,2,12,1,73,3,10,1,1,7,14,1,8,2,7,,44,,1,22,9,121.5230906,25.0265208
112,5,10,8,5,2,12內湖區,內湖區東湖路94巷內,0,0,1,2,H01,8,1,5,30,14,9,1,5,4,5,7,4,4,10,5,5,2,3,2,16,2,9,4,5,8,18,8,20,10,16,,51,,1,22,9,121.6149139,25.06843527
112,5,10,8,5,2,12內湖區,內湖區東湖路94巷內,0,0,1,1,C03,8,1,5,30,14,9,1,5,4,5,7,4,4,10,5,5,2,3,1,38,4,11,1,1,7,9,1,10,11,11,,42,,2,22,9,121.6149139,25.06843527
112,5,10,8,15,2,03中山區,中山區堤頂大道2段566號,0,0,1,1,B03,8,1,5,50,14,9,1,5,4,5,7,2,1,1,4,5,2,12,1,48,3,10,1,1,7,9,1,8,2,2,,44,,1,22,9,121.5601665,25.0846292
112,5,10,8,15,2,03中山區,中山區堤頂大道2段566號,0,0,1,2,C03,8,1,5,50,14,9,1,5,4,5,7,2,1,1,4,5,2,12,1,66,2,9,1,1,7,7,1,10,2,14,,7,,1,22,9,121.5601665,25.0846292
112,5,10,8,20,2,05中正區,中正區市民大道2段與林森北路口,0,0,2,2,C03,8,1,5,40,4,1,1,5,4,5,7,1,1,10,5,5,2,13,2,31,2,9,1,1,7,12,1,10,2,13,,44,,1,22,9,121.5241945,25.0476987
112,5,10,8,20,2,05中正區,中正區市民大道2段與林森北路口,0,0,2,3,C03,8,1,5,40,4,1,1,5,4,5,7,1,1,10,5,5,2,13,1,48,3,10,1,1,7,5,1,10,2,15,,44,,1,22,9,121.5241945,25.0476987
112,5,10,8,20,2,05中正區,中正區市民大道2段與林森北路口,0,0,2,1,C03,8,1,5,40,4,1,1,5,4,5,7,1,1,10,5,5,2,13,1,52,2,9,2,1,7,9,1,10,2,11,,16,,1,22,9,121.5241945,25.0476987
112,5,10,8,30,2,06松山區,松山區南京東路5段339號,0,0,2,1,C03,8,1,5,40,14,11,1,5,4,5,7,4,4,1,3,1,2,17,2,55,2,9,3,4,7,7,1,10,2,14,,7,,1,22,9,121.5675632,25.0514083
112,5,10,8,30,2,06松山區,松山區南京東路5段339號,0,0,2,2,C03,8,1,5,40,14,11,1,5,4,5,7,4,4,1,3,1,2,17,1,43,2,9,3,4,7,9,1,10,2,12,,17,,1,22,9,121.5675632,25.0514083
112,5,10,8,40,2,05中正區,中正區衡陽路7號,0,0,1,2,C03,8,1,5,50,14,9,1,5,4,5,7,1,1,9,4,5,2,12,1,49,2,9,1,1,7,5,1,10,2,12,,8,,1,22,9,121.5138311,25.0423341
112,5,10,8,40,2,05中正區,中正區衡陽路7號,0,0,1,1,B01,8,1,5,50,14,9,1,5,4,5,7,1,1,9,4,5,2,12,1,67,3,10,1,1,7,6,1,4,2,4,,9,,1,22,9,121.5138311,25.0423341
112,5,10,8,45,2,03中山區,中山區龍江路309號,0,0,1,2,B01,8,1,5,50,14,9,1,5,4,5,7,4,4,9,5,5,2,14,1,66,3,10,1,1,7,9,1,4,1,5,,44,,1,22,9,121.5407948,25.0612258
112,5,10,8,45,2,03中山區,中山區龍江路309號,0,0,1,1,C04,8,1,5,50,14,9,1,5,4,5,7,4,4,9,5,5,2,14,2,26,2,5,1,1,7,2,1,10,1,13,,12,,1,22,9,121.5407948,25.0612258
112,5,10,8,46,2,12內湖區,內湖區新明路298巷與南京東路6段口,0,0,1,2,C03,8,1,5,50,4,1,1,5,4,5,7,1,1,1,5,5,2,12,1,23,2,8,1,1,7,10,1,10,11,12,,7,,1,22,9,121.581462,25.05714762
112,5,10,8,46,2,12內湖區,內湖區新明路298巷與南京東路6段口,0,0,1,1,,8,1,5,50,4,1,1,5,4,5,7,1,1,1,5,5,2,12,4,0,4,11,3,4,7,15,7,19,11,15,,43,,2,22,9,121.581462,25.05714762
112,5,10,8,51,2,04大安區,大安區敦南街與辛亥路3段21巷口,0,0,1,2,B02,8,1,5,30,4,1,1,5,4,5,7,4,4,10,5,5,2,15,1,53,3,10,3,4,7,9,1,4,1,8,,23,,1,22,9,121.546651,25.0224006
112,5,10,8,51,2,04大安區,大安區敦南街與辛亥路3段21巷口,0,0,1,1,C03,8,1,5,30,4,1,1,5,4,5,7,4,4,10,5,5,2,15,2,29,2,9,1,1,7,9,1,10,1,11,,6,,1,22,9,121.546651,25.0224006
112,5,10,8,57,2,03中山區,中山區復興北路與興安街口,0,0,2,3,B12,8,1,5,50,4,1,1,5,4,5,7,1,1,1,4,5,2,13,1,21,3,10,1,1,7,7,1,8,11,15,,7,,1,22,9,121.5440745,25.0564778
112,5,10,8,57,2,03中山區,中山區復興北路與興安街口,0,0,2,1,C03,8,1,5,50,4,1,1,5,4,5,7,1,1,1,4,5,2,13,2,24,2,9,1,1,7,9,1,10,1,11,,16,,1,22,9,121.5440745,25.0564778
112,5,10,8,57,2,03中山區,中山區復興北路與興安街口,0,0,2,2,C03,8,1,5,50,4,1,1,5,4,5,7,1,1,1,4,5,2,13,2,27,2,9,1,1,7,9,1,10,1,13,,26,,1,22,9,121.5440745,25.0564778
112,5,10,8,58,2,02萬華區,萬華區環河南路1段78號,0,0,2,1,C03,8,1,5,50,14,9,1,5,4,5,7,4,4,9,5,5,2,10,1,24,2,7,1,1,7,9,1,10,1,11,,26,,1,22,9,121.5049355,25.04784941
112,5,10,8,58,2,02萬華區,萬華區環河南路1段78號,0,0,2,2,C02,8,1,5,50,14,9,1,5,4,5,7,4,4,9,5,5,2,10,1,51,2,8,1,1,7,9,1,9,1,11,,44,,1,22,9,121.5049355,25.04784941
112,5,10,9,1,2,08士林區,士林區承德路4段40巷與通河街179巷口,0,0,1,1,F01,8,1,8,50,15,22,1,5,4,5,7,4,4,9,5,5,1,17,2,64,3,10,3,1,7,6,8,20,2,16,,9,,1,22,9,121.5196635,25.0819568
112,5,10,9,1,2,08士林區,士林區承德路4段40巷與通河街179巷口,0,0,1,2,F01,8,1,8,50,15,22,1,5,4,5,7,4,4,9,5,5,1,17,1,89,2,9,3,1,7,9,8,20,2,15,,44,,1,22,9,121.5196635,25.0819568
112,5,10,9,30,2,12內湖區,內湖區瑞湖街與舊宗路2段135巷口,0,0,1,1,B02,8,1,5,30,3,1,1,5,4,5,7,4,4,5,5,5,2,12,2,42,3,10,1,1,7,6,1,8,1,5,,9,,1,22,9,121.5764315,25.0696884
112,5,10,9,30,2,12內湖區,內湖區瑞湖街與舊宗路2段135巷口,0,0,1,2,C03,8,1,5,30,3,1,1,5,4,5,7,4,4,5,5,5,2,12,1,25,2,8,1,1,7,9,1,10,1,14,,14,,1,22,9,121.5764315,25.0696884
112,5,10,9,38,2,08士林區,士林區延平北路5段59巷與延平北路5段口,0,0,2,2,C04,8,1,5,30,3,1,1,5,4,5,7,4,4,2,4,5,2,16,2,70,2,9,3,4,7,9,1,11,1,12,,44,,1,22,9,121.5106991,25.08057955
112,5,10,9,38,2,08士林區,士林區延平北路5段59巷與延平北路5段口,0,0,2,1,C03,8,1,5,30,3,1,1,5,4,5,7,4,4,2,4,5,2,16,1,37,2,9,3,4,7,6,1,10,1,14,,6,,1,22,9,121.5106991,25.08057955
112,5,10,9,39,2,03中山區,中山區農安街與雙城街口,0,0,1,2,C03,8,1,5,50,3,2,1,5,4,5,7,2,1,5,5,5,2,16,1,17,2,9,3,4,7,9,2,18,2,11,,44,,1,22,9,121.5238853,25.065007
112,5,10,9,39,2,03中山區,中山區農安街與雙城街口,0,0,1,1,B12,8,1,5,50,3,2,1,5,4,5,7,2,1,5,5,5,2,16,1,60,3,10,3,4,7,5,1,8,2,8,,6,,1,22,9,121.5238853,25.065007
112,5,10,9,51,2,10文山區,文山區指南路2段197巷與萬壽路口,0,0,1,1,B03,8,1,5,50,3,2,1,5,4,5,7,3,1,9,4,5,1,17,1,45,3,10,1,1,7,6,1,8,9,6,,6,,1,22,9,121.5775994,24.9887586
112,5,10,9,51,2,10文山區,文山區指南路2段197巷與萬壽路口,0,0,1,2,C03,8,1,5,50,3,2,1,5,4,5,7,3,1,9,4,5,1,17,2,49,2,9,1,1,7,9,4,11,9,11,,23,,1,22,9,121.5775994,24.9887586
112,5,10,9,55,2,03中山區,中山區撫順街2號與中山北路3段口,0,0,2,2,C03,8,1,5,50,3,2,1,5,4,5,7,4,4,5,5,5,2,16,1,19,2,9,1,4,7,9,1,10,9,14,,44,,1,22,9,121.5220033,25.06380608