發生年度,發生月,發生日,發生時-Hours,發生分,處理別-編號,區序,肇事地點,死亡人數,2-30日死亡人數,受傷人數,當事人序號,車種,天候,光線,道路類別,速限-速度限制,道路型態,事故位置,路面狀況1,路面狀況2,路面狀況3,道路障礙1,道路障礙2,號誌1,號誌2,車道劃分-分向,車道劃分-分道1,車道劃分-分道2,車道劃分-分道3,事故類型及型態,性別,年齡,受傷程度,主要傷處,保護裝置,行動電話,車輛用途,當事者行動狀態,駕駛資格情形,駕駛執照種類,飲酒情形,車輛撞擊部位1,車輛撞擊部位2,肇因碼-個別,肇因碼-主要,個人肇逃否,職業,旅次目的,座標-X,座標-Y
112,5,14,0,48,2,03中山區,中山區龍江路與龍江路397巷口,0,0,1,2,C03,8,3,5,30,4,1,1,5,4,5,7,4,4,9,5,5,2,17,1,42,2,9,1,1,7,6,1,9,1,12,,44,,1,22,9,121.5410309,25.06554376
112,5,14,1,5,2,04大安區,大安區大安路2段與信義路4段30巷21弄口,0,0,2,1,C03,8,3,5,50,3,1,1,5,4,5,7,4,4,9,5,5,2,17,1,21,2,8,1,1,7,8,1,10,1,13,,7,,1,22,9,121.5459842,25.03243397
112,5,14,1,5,2,04大安區,大安區大安路2段與信義路4段30巷21弄口,0,0,2,2,C03,8,3,5,50,3,1,1,5,4,5,7,4,4,9,5,5,2,17,1,25,2,9,1,1,7,9,1,10,1,11,,23,,1,22,9,121.5459842,25.03243397
112,5,14,5,56,2,04大安區,大安區復興南路2段151巷與大安路2段口,0,0,1,2,C03,8,1,5,40,4,2,1,5,4,5,7,2,1,9,5,5,1,12,1,22,2,9,3,4,7,9,1,10,2,14,,13,,1,22,9,121.545824,25.0283488
112,5,14,5,56,2,04大安區,大安區復興南路2段151巷與大安路2段口,0,0,1,1,B03,8,1,5,40,4,2,1,5,4,5,7,2,1,9,5,5,1,12,1,57,3,10,3,4,7,8,1,2,8,2,,21,,1,22,9,121.545824,25.0283488
112,5,14,6,14,2,08士林區,士林區承德路4段與通河街口,0,0,1,1,C03,8,1,5,50,4,2,1,5,4,5,7,1,1,1,4,4,1,16,1,49,4,11,3,4,7,15,7,19,11,15,,25,,2,22,9,121.5221786,25.08041242
112,5,14,6,14,2,08士林區,士林區承德路4段與通河街口,0,0,1,2,C04,8,1,5,50,4,2,1,5,4,5,7,1,1,1,4,4,1,16,1,42,2,9,1,1,7,9,1,10,1,14,,23,,1,22,9,121.5221786,25.08041242
112,5,14,6,37,2,04大安區,大安區建國南路1段與市民大道3段口,0,0,1,1,C03,7,1,5,50,4,1,1,5,4,5,7,2,1,1,4,5,2,17,1,64,3,10,1,1,7,5,1,10,1,15,,8,,1,22,9,121.5368854,25.0446878
112,5,14,6,37,2,04大安區,大安區建國南路1段與市民大道3段口,0,0,1,2,C03,7,1,5,50,4,1,1,5,4,5,7,2,1,1,4,5,2,17,1,27,2,9,1,1,7,9,1,10,1,14,,44,,1,22,9,121.5368854,25.0446878
112,5,14,9,31,2,08士林區,士林區中山北路6段與士東路口,0,0,1,1,C03,8,1,5,50,3,1,1,5,4,5,7,1,1,1,2,5,2,12,1,60,2,9,1,1,7,5,1,10,1,13,,8,,1,22,9,121.5259897,25.1118313
112,5,14,9,31,2,08士林區,士林區中山北路6段與士東路口,0,0,1,2,B03,8,1,5,50,3,1,1,5,4,5,7,1,1,1,2,5,2,12,1,30,3,10,3,4,7,9,1,8,1,5,,23,,1,22,9,121.5259897,25.1118313
112,5,14,9,35,2,04大安區,大安區潮州街與金山南路2段口,0,0,1,1,F01,8,1,5,0,4,2,1,5,4,5,7,2,1,1,3,5,2,15,1,87,2,9,3,4,7,9,8,20,1,16,,25,,1,22,9,121.526329,25.0288423
112,5,14,9,35,2,04大安區,大安區潮州街與金山南路2段口,0,0,1,2,B03,8,1,5,0,4,2,1,5,4,5,7,2,1,1,3,5,2,15,2,53,3,10,3,4,7,1,1,8,1,8,,44,,1,22,9,121.526329,25.0288423
112,5,14,9,57,2,10文山區,文山區指南路1段23號前,0,0,1,2,C03,8,1,5,50,14,9,1,5,4,5,7,4,4,8,5,5,2,12,2,52,2,9,1,1,7,9,1,10,2,12,,44,,1,22,9,121.5692941,24.98768134
112,5,14,9,57,2,10文山區,文山區指南路1段23號前,0,0,1,1,B02,8,1,5,50,14,9,1,5,4,5,7,4,4,8,5,5,2,12,1,46,3,10,1,1,7,14,3,18,3,4,,40,,1,22,9,121.5692941,24.98768134
112,5,14,10,1,2,10文山區,文山區木柵路5段43巷247號燈桿,0,0,2,1,C03,8,1,5,30,14,9,1,5,4,5,7,4,4,8,5,5,2,26,1,71,2,9,1,1,7,9,1,10,1,11,,22,,1,22,9,121.5907589,25.01238987
112,5,14,10,1,2,10文山區,文山區木柵路5段43巷247號燈桿,0,0,2,2,,8,1,5,30,14,9,1,5,4,5,7,4,4,8,5,5,2,26,3,0,,,,,,,,,,,,67,,1,,,121.5907589,25.01238987
112,5,14,10,1,2,10文山區,文山區木柵路5段43巷247號燈桿,0,0,2,3,H02,8,1,5,30,14,9,1,5,4,5,7,4,4,8,5,5,2,26,2,40,2,9,1,1,7,20,8,20,10,15,,67,,1,22,9,121.5907589,25.01238987
112,5,14,10,21,2,04大安區,大安區敦化南路1段與敦化南路1段190巷口,0,0,2,2,C03,8,1,5,50,4,2,1,5,4,5,7,2,1,9,3,5,2,17,1,29,2,8,1,1,7,8,6,10,1,13,,44,,1,22,9,121.5486171,25.0427575
112,5,14,10,21,2,04大安區,大安區敦化南路1段與敦化南路1段190巷口,0,0,2,3,B01,8,1,5,50,4,2,1,5,4,5,7,2,1,9,3,5,2,17,1,62,3,10,1,1,7,1,1,4,1,15,,19,,1,22,9,121.5486171,25.0427575
112,5,14,10,21,2,04大安區,大安區敦化南路1段與敦化南路1段190巷口,0,0,2,1,C03,8,1,5,50,4,2,1,5,4,5,7,2,1,9,3,5,2,17,1,21,2,9,1,1,7,9,1,10,1,12,,23,,1,22,9,121.5486171,25.0427575
112,5,14,10,57,2,05中正區,中正區博愛路與沅陵街口,0,0,1,1,A02,8,1,5,50,3,2,1,5,4,5,7,4,4,10,4,5,2,12,1,50,3,10,1,1,7,8,1,2,9,6,,7,,1,22,9,121.5115129,25.04279654
112,5,14,10,57,2,05中正區,中正區博愛路與沅陵街口,0,0,1,2,C03,8,1,5,50,3,2,1,5,4,5,7,4,4,10,4,5,2,12,1,57,2,7,1,1,7,9,1,10,9,14,,30,,1,22,9,121.5115129,25.04279654
112,5,14,11,42,2,04大安區,大安區信義路3段與復興南路2段口,0,0,1,3,B03,7,1,5,50,4,1,1,5,4,5,7,2,1,1,4,5,2,17,1,50,3,10,3,4,7,14,1,8,1,7,,44,,1,22,9,121.5437761,25.0332987
112,5,14,11,42,2,04大安區,大安區信義路3段與復興南路2段口,0,0,1,2,B01,7,1,5,50,4,1,1,5,4,5,7,2,1,1,4,5,2,17,1,64,3,10,3,4,7,9,1,4,1,2,,44,,1,22,9,121.5437761,25.0332987
112,5,14,11,42,2,04大安區,大安區信義路3段與復興南路2段口,0,0,1,1,C03,7,1,5,50,4,1,1,5,4,5,7,2,1,1,4,5,2,17,1,18,2,9,1,4,7,15,1,10,1,14,,23,,1,22,9,121.5437761,25.0332987
112,5,14,11,51,2,02萬華區,萬華區富民路119號,0,0,1,1,B12,7,1,5,50,14,9,1,5,4,5,7,4,4,10,3,5,2,2,1,58,3,10,3,4,7,9,6,18,1,15,,23,,1,22,9,121.4996243,25.01818666
112,5,14,11,51,2,02萬華區,萬華區富民路119號,0,0,1,2,H01,7,1,5,50,14,9,1,5,4,5,7,4,4,10,3,5,2,2,2,53,2,9,4,5,8,16,8,20,10,16,,67,,1,22,9,121.4996243,25.01818666
112,5,14,11,52,2,05中正區,中正區市民大道1段台北車站北二門,0,0,1,1,B03,8,1,5,40,14,9,1,5,4,5,7,4,4,1,4,1,2,13,1,36,3,10,1,1,7,9,1,8,1,7,,44,,1,22,9,121.5171147,25.04851992
112,5,14,11,52,2,05中正區,中正區市民大道1段台北車站北二門,0,0,1,2,B11,8,1,5,40,14,9,1,5,4,5,7,4,4,1,4,1,2,13,1,39,3,10,1,1,7,9,1,8,1,1,,16,,1,22,9,121.5171147,25.04851992
112,5,14,11,52,2,05中正區,中正區市民大道1段台北車站北二門,0,0,1,3,C03,8,1,5,40,14,9,1,5,4,5,7,4,4,1,4,1,2,13,1,34,2,7,1,1,7,9,1,10,1,11,,16,,1,22,9,121.5171147,25.04851992
112,5,14,12,14,2,08士林區,士林區華齡街與華齡街185巷口,0,0,1,1,B03,8,1,5,30,4,1,1,5,4,5,7,4,4,10,2,5,1,16,1,53,3,10,1,1,7,5,1,8,1,4,,44,,1,22,9,121.5196694,25.08758692
112,5,14,12,14,2,08士林區,士林區華齡街與華齡街185巷口,0,0,1,2,C03,8,1,5,30,4,1,1,5,4,5,7,4,4,10,2,5,1,16,2,53,2,3,1,1,7,9,1,10,1,12,,1,,1,22,9,121.5196694,25.08758692
112,5,14,12,32,2,07信義區,信義區吳興街252號,0,0,1,1,H01,8,1,5,50,14,9,1,5,4,5,7,4,4,9,4,5,2,3,2,36,2,9,4,5,8,16,8,20,1,16,,53,,1,22,9,121.5636121,25.0271233
112,5,14,12,32,2,07信義區,信義區吳興街252號,0,0,1,2,F01,8,1,5,50,14,9,1,5,4,5,7,4,4,9,4,5,2,3,2,59,3,10,1,1,7,9,8,20,1,16,,23,,1,22,9,121.5636121,25.0271233
112,5,14,12,46,2,10文山區,文山區忠順街2段與興隆路4段145巷22弄口口,0,0,1,2,B03,8,1,5,50,4,1,1,5,4,5,7,4,4,4,5,5,2,16,2,52,3,10,1,1,7,9,1,8,2,8,,44,,1,22,9,121.5628056,24.9846631
112,5,14,12,46,2,10文山區,文山區忠順街2段與興隆路4段145巷22弄口口,0,0,1,1,F01,8,1,5,50,4,1,1,5,4,5,7,4,4,4,5,5,2,16,1,7,2,8,1,1,7,9,8,20,1,15,,6,,1,22,9,121.5628056,24.9846631
112,5,14,12,46,2,12內湖區,內湖區成功路3段與成功路3段76巷口,0,0,1,4,C03,7,1,5,50,3,2,1,5,4,5,7,4,4,1,4,5,2,12,1,29,4,11,3,4,7,15,7,19,11,15,,44,,1,22,9,121.5897263,25.07802274
112,5,14,12,46,2,12內湖區,內湖區成功路3段與成功路3段76巷口,0,0,1,5,C03,7,1,5,50,3,2,1,5,4,5,7,4,4,1,4,5,2,12,1,53,3,10,1,1,7,13,1,10,11,12,,44,,1,22,9,121.5897263,25.07802274
112,5,14,12,46,2,12內湖區,內湖區成功路3段與成功路3段76巷口,0,0,1,3,C03,7,1,5,50,3,2,1,5,4,5,7,4,4,1,4,5,2,12,1,36,4,11,3,4,7,13,7,19,11,15,,44,,1,22,9,121.5897263,25.07802274
112,5,14,12,46,2,12內湖區,內湖區成功路3段與成功路3段76巷口,0,0,1,2,A02,7,1,5,50,3,2,1,5,4,5,7,4,4,1,4,5,2,12,1,62,3,10,1,1,7,9,1,2,1,2,,44,,1,22,9,121.5897263,25.07802274
112,5,14,12,46,2,12內湖區,內湖區成功路3段與成功路3段76巷口,0,0,1,1,C03,7,1,5,50,3,2,1,5,4,5,7,4,4,1,4,5,2,12,1,47,2,9,1,1,7,9,1,10,1,14,,23,,1,22,9,121.5897263,25.07802274
112,5,14,12,51,2,12內湖區,內湖區潭美街與無名巷口,0,0,1,2,C03,8,1,5,50,3,2,1,5,4,5,7,4,4,5,5,5,2,17,2,25,2,9,1,1,7,9,1,10,1,12,,44,,1,22,9,121.576153,25.05296985
112,5,14,12,51,2,12內湖區,內湖區潭美街與無名巷口,0,0,1,1,B03,8,1,5,50,3,2,1,5,4,5,7,4,4,5,5,5,2,17,1,22,3,10,1,1,7,6,1,8,1,15,,6,,1,22,9,121.576153,25.05296985
112,5,14,13,40,2,11南港區,南港區向陽路80號,0,0,4,1,C03,7,1,5,50,14,9,1,5,4,5,7,2,1,1,3,5,2,13,1,27,2,8,3,4,7,14,1,10,1,11,,17,,1,22,9,121.595294,25.0525271
112,5,14,13,40,2,11南港區,南港區向陽路80號,0,0,4,3,H02,7,1,5,50,14,9,1,5,4,5,7,2,1,1,3,5,2,13,2,39,2,8,3,4,7,21,8,20,10,16,,67,,1,22,9,121.595294,25.0525271
112,5,14,13,40,2,11南港區,南港區向陽路80號,0,0,4,4,H02,7,1,5,50,14,9,1,5,4,5,7,2,1,1,3,5,2,13,2,30,2,8,3,4,7,21,8,20,10,16,,67,,1,22,9,121.595294,25.0525271
112,5,14,13,40,2,11南港區,南港區向陽路80號,0,0,4,2,C03,7,1,5,50,14,9,1,5,4,5,7,2,1,1,3,5,2,13,1,39,2,8,3,4,7,9,1,10,1,13,,44,,1,22,9,121.595294,25.0525271
112,5,14,13,48,2,02萬華區,萬華區萬大路237巷10弄與萬大路277巷口,0,0,3,1,C04,7,1,5,30,4,1,1,5,4,5,7,4,4,10,5,5,2,15,2,69,2,9,1,4,7,9,5,10,9,11,,6,,1,22,9,121.5010776,25.0254019
112,5,14,13,48,2,02萬華區,萬華區萬大路237巷10弄與萬大路277巷口,0,0,3,3,H02,7,1,5,30,4,1,1,5,4,5,7,4,4,10,5,5,2,15,2,29,2,9,1,5,7,20,8,20,10,16,,67,,1,22,9,121.5010776,25.0254019
112,5,14,13,48,2,02萬華區,萬華區萬大路237巷10弄與萬大路277巷口,0,0,3,4,C03,7,1,5,30,4,1,1,5,4,5,7,4,4,10,5,5,2,15,1,55,3,10,3,4,7,13,7,19,9,14,,44,,1,22,9,121.5010776,25.0254019
112,5,14,13,48,2,02萬華區,萬華區萬大路237巷10弄與萬大路277巷口,0,0,3,2,C03,7,1,5,30,4,1,1,5,4,5,7,4,4,10,5,5,2,15,1,28,2,9,1,4,7,9,1,10,1,12,,13,,1,22,9,121.5010776,25.0254019
112,5,14,14,27,2,06松山區,松山區八德路3段12巷與八德路3段12巷51弄口,0,0,1,2,C03,8,1,5,30,4,1,1,5,4,5,7,4,4,9,5,5,2,15,2,22,2,9,1,1,7,9,1,10,2,12,,23,,1,22,9,121.5507158,25.04617612
112,5,14,14,27,2,06松山區,松山區八德路3段12巷與八德路3段12巷51弄口,0,0,1,1,B03,8,1,5,30,4,1,1,5,4,5,7,4,4,9,5,5,2,15,1,31,3,10,1,1,7,9,1,8,2,1,,6,,1,22,9,121.5507158,25.04617612
112,5,14,14,30,2,05中正區,中正區中華路1段與愛國西路口,0,0,1,4,H02,8,1,5,50,5,1,1,5,4,5,7,1,1,10,5,5,2,13,2,41,2,8,1,5,7,21,8,20,10,16,,67,,1,22,9,121.5072004,25.0377616
112,5,14,14,30,2,05中正區,中正區中華路1段與愛國西路口,0,0,1,1,C03,8,1,5,50,5,1,1,5,4,5,7,1,1,10,5,5,2,13,1,57,3,10,1,1,7,9,1,10,2,11,,16,,1,22,9,121.5072004,25.0377616
112,5,14,14,30,2,05中正區,中正區中華路1段與愛國西路口,0,0,1,2,C03,8,1,5,50,5,1,1,5,4,5,7,1,1,10,5,5,2,13,1,56,3,10,1,3,7,12,1,10,2,13,,44,,1,22,9,121.5072004,25.0377616
112,5,14,14,30,2,05中正區,中正區中華路1段與愛國西路口,0,0,1,3,B02,8,1,5,50,5,1,1,5,4,5,7,1,1,10,5,5,2,13,1,42,3,10,1,1,7,8,1,8,2,15,,7,,1,22,9,121.5072004,25.0377616
112,5,14,14,40,2,07信義區,信義區松仁路240巷13號,0,0,2,3,H02,8,1,5,30,14,9,1,5,4,5,7,4,4,10,5,5,2,16,2,58,2,7,1,1,7,20,8,20,10,16,,67,,1,22,8,121.5689783,25.0246182
112,5,14,14,40,2,07信義區,信義區松仁路240巷13號,0,0,2,2,C03,8,1,5,30,14,9,1,5,4,5,7,4,4,10,5,5,2,16,2,24,2,7,1,1,7,9,1,10,1,12,,14,,1,22,9,121.5689783,25.0246182
112,5,14,14,40,2,07信義區,信義區松仁路240巷13號,0,0,2,1,B12,8,1,5,30,14,9,1,5,4,5,7,4,4,10,5,5,2,16,1,57,3,10,1,1,7,1,1,8,1,8,,19,,1,22,8,121.5689783,25.0246182
112,5,14,14,45,2,09北投區,北投區光明路174-2號,0,0,1,1,C03,8,1,5,50,14,9,1,5,4,5,7,4,4,9,4,5,2,9,1,56,2,8,1,1,7,9,1,10,11,15,,6,,1,22,9,121.5030673,25.1355944
112,5,14,14,45,2,09北投區,北投區光明路174-2號,0,0,1,2,H01,8,1,5,50,14,9,1,5,4,5,7,4,4,9,4,5,2,9,2,49,3,10,4,1,8,16,8,20,10,16,,51,,1,22,9,121.5030673,25.1355944
112,5,14,14,45,2,10文山區,文山區興隆路3段112巷與興隆路3段口,0,0,1,2,C03,7,1,5,50,4,1,1,5,4,5,7,1,1,1,4,5,2,16,2,65,2,9,1,4,7,9,1,10,1,11,,44,,1,22,9,121.5574226,24.9993992
112,5,14,14,45,2,10文山區,文山區興隆路3段112巷與興隆路3段口,0,0,1,1,B03,7,1,5,50,4,1,1,5,4,5,7,1,1,1,4,5,2,16,1,61,3,10,1,4,7,11,1,8,1,5,,25,,1,22,9,121.5574226,24.9993992
112,5,14,14,47,2,08士林區,士林區中正路與士商路口,0,0,1,1,B03,8,1,5,50,4,1,1,5,4,5,7,1,1,1,3,4,2,17,2,61,3,10,3,4,7,6,1,8,1,8,,9,,1,22,9,121.5187079,25.0923822
112,5,14,14,47,2,08士林區,士林區中正路與士商路口,0,0,1,2,C03,8,1,5,50,4,1,1,5,4,5,7,1,1,1,3,4,2,17,1,29,2,9,1,1,7,5,1,10,1,12,,8,,1,22,9,121.5187079,25.0923822
112,5,14,14,52,2,02萬華區,萬華區萬大路與萬大路344巷口,0,0,2,2,C03,7,1,5,30,3,1,1,5,4,5,7,4,4,1,4,5,2,16,1,20,2,8,1,4,7,9,1,10,1,14,,13,,1,22,9,121.4999419,25.0237531
112,5,14,14,52,2,02萬華區,萬華區萬大路與萬大路344巷口,0,0,2,3,H02,7,1,5,30,3,1,1,5,4,5,7,4,4,1,4,5,2,16,2,22,2,8,1,4,7,20,8,20,10,16,,67,,1,22,9,121.4999419,25.0237531
112,5,14,14,52,2,02萬華區,萬華區萬大路與萬大路344巷口,0,0,2,1,B03,7,1,5,30,3,1,1,5,4,5,7,4,4,1,4,5,2,16,2,49,3,10,1,4,7,6,1,8,1,5,,9,,1,22,9,121.4999419,25.0237531
112,5,14,14,54,2,12內湖區,內湖區民權東路6段與瑞光路口,0,0,1,1,B03,8,1,5,50,4,1,1,5,4,5,7,2,1,1,4,5,2,17,1,81,4,11,3,4,7,15,7,19,9,15,,25,,2,22,9,121.584372,25.06868674
112,5,14,14,54,2,12內湖區,內湖區民權東路6段與瑞光路口,0,0,1,2,C03,8,1,5,50,4,1,1,5,4,5,7,2,1,1,4,5,2,17,2,47,2,9,1,1,7,9,4,10,2,15,,42,,1,22,9,121.584372,25.06868674
112,5,14,15,3,2,09北投區,北投區大度路1段機慢車優先道往淡水方向,0,0,3,3,C03,8,1,5,50,14,12,1,5,4,5,7,4,4,1,4,5,1,12,1,28,2,9,1,1,7,9,1,10,2,11,,43,,1,22,9,121.4952363,25.12161697
112,5,14,15,3,2,09北投區,北投區大度路1段機慢車優先道往淡水方向,0,0,3,1,F01,8,1,5,50,14,12,1,5,4,5,7,4,4,1,4,5,1,12,1,59,2,9,2,1,7,7,8,20,2,16,,43,,1,22,9,121.4952363,25.12161697
112,5,14,15,3,2,09北投區,北投區大度路1段機慢車優先道往淡水方向,0,0,3,2,C03,8,1,5,50,14,12,1,5,4,5,7,4,4,1,4,5,1,12,1,27,2,9,1,1,7,9,1,9,2,11,,43,,1,22,9,121.4952363,25.12161697
112,5,14,15,11,2,04大安區,大安區羅斯福路3段333巷與羅斯福路3段口,0,0,2,3,H03,8,1,5,50,3,1,1,5,4,5,7,4,4,10,5,5,2,13,2,16,2,9,1,5,8,21,8,20,1,16,,67,,1,22,9,121.532353,25.0168394
112,5,14,15,11,2,04大安區,大安區羅斯福路3段333巷與羅斯福路3段口,0,0,2,1,C03,8,1,5,50,3,1,1,5,4,5,7,4,4,10,5,5,2,13,1,35,3,10,1,1,7,6,1,10,1,13,,44,,1,22,9,121.532353,25.0168394
112,5,14,15,11,2,04大安區,大安區羅斯福路3段333巷與羅斯福路3段口,0,0,2,2,C03,8,1,5,50,3,1,1,5,4,5,7,4,4,10,5,5,2,13,1,19,2,9,1,1,7,9,1,10,1,11,,16,,1,22,9,121.532353,25.0168394
112,5,14,15,15,1,09北投區,北投區竹子湖路60-3號,1,0,2,1,B03,7,1,5,30,11,9,1,5,4,5,7,4,4,10,5,5,2,29,1,68,2,7,1,1,7,9,1,8,2,1,,43,,1,22,9,121.5354369,25.17807
112,5,14,15,15,1,09北投區,北投區竹子湖路60-3號,1,0,2,2,,7,1,5,30,11,9,1,5,4,5,7,4,4,10,5,5,2,29,3,0,,,,,,,,,,,,67,,1,,,121.5354369,25.17807
112,5,14,15,15,1,09北投區,北投區竹子湖路60-3號,1,0,2,3,H02,7,1,5,30,11,9,1,5,4,5,7,4,4,10,5,5,2,29,2,67,1,9,2,5,7,20,8,20,10,15,,67,,1,22,9,121.5354369,25.17807
112,5,14,15,15,1,09北投區,北投區竹子湖路60-3號,1,0,2,4,H02,7,1,5,30,11,9,1,5,4,5,7,4,4,10,5,5,2,29,2,4,2,8,2,5,7,20,8,20,10,15,,67,,1,22,9,121.5354369,25.17807
112,5,14,15,20,2,02萬華區,萬華區中華路2段與和平西路2段口,0,0,1,1,A04,7,1,5,50,4,1,1,5,4,5,7,2,1,4,3,5,1,13,1,64,3,10,3,4,7,9,1,2,1,1,,23,,1,22,9,121.505411,25.0337163
112,5,14,15,20,2,02萬華區,萬華區中華路2段與和平西路2段口,0,0,1,2,C03,7,1,5,50,4,1,1,5,4,5,7,2,1,4,3,5,1,13,1,65,2,9,3,4,7,9,1,10,1,13,,44,,1,22,9,121.505411,25.0337163
112,5,14,15,20,2,02萬華區,萬華區中華路2段與和平西路2段口,0,0,1,3,B03,7,1,5,50,4,1,1,5,4,5,7,2,1,4,3,5,1,13,1,30,3,10,3,4,7,6,1,1,1,3,,44,,1,22,9,121.505411,25.0337163
112,5,14,15,30,2,03中山區,中山區復興北路510號口側附近,0,0,1,1,C04,8,1,5,50,14,9,1,5,4,5,7,4,4,1,3,5,2,12,1,28,2,5,1,1,7,7,1,11,1,14,,7,,1,22,9,121.5442188,25.06615393
112,5,14,15,30,2,03中山區,中山區復興北路510號口側附近,0,0,1,2,B03,8,1,5,50,14,9,1,5,4,5,7,4,4,1,3,5,2,12,1,71,3,10,1,1,7,9,1,8,1,2,,44,,1,22,8,121.5442188,25.06615393
112,5,14,15,30,2,05中正區,中正區銅山街與銅山街11巷口,0,0,1,2,C03,7,1,5,30,4,1,1,5,4,5,7,4,4,10,5,5,2,16,2,31,2,9,1,1,7,9,1,10,1,12,,14,,1,22,9,121.5267513,25.0399631
112,5,14,15,30,2,05中正區,中正區銅山街與銅山街11巷口,0,0,1,1,B03,7,1,5,30,4,1,1,5,4,5,7,4,4,10,5,5,2,16,1,81,3,10,1,1,7,9,1,8,1,1,,6,,1,22,9,121.5267513,25.0399631
112,5,14,16,20,2,03中山區,中山區林森北路與農安街口,0,0,1,1,B03,8,1,5,50,4,1,1,5,4,5,7,2,1,10,5,5,2,16,1,36,3,10,1,1,7,5,1,8,1,8,,6,,1,22,9,121.5256777,25.0649087
112,5,14,16,20,2,03中山區,中山區林森北路與農安街口,0,0,1,2,C03,8,1,5,50,4,1,1,5,4,5,7,2,1,10,5,5,2,16,1,36,2,9,1,1,7,9,1,10,1,11,,44,,1,22,9,121.5256777,25.0649087
112,5,14,16,39,2,08士林區,士林區文昌路155巷與文昌路155巷口10號旁無名巷,0,0,1,1,F01,7,2,5,30,4,1,1,5,4,5,7,4,4,10,5,5,1,17,1,49,2,9,1,1,7,9,8,20,1,16,,6,,1,21,8,121.51979,25.09752377
112,5,14,16,39,2,08士林區,士林區文昌路155巷與文昌路155巷口10號旁無名巷,0,0,1,2,B03,7,2,5,30,4,1,1,5,4,5,7,4,4,10,5,5,1,17,1,30,3,10,1,1,7,9,1,8,1,4,,14,,1,21,8,121.51979,25.09752377
112,5,14,16,39,2,08士林區,士林區文昌路155巷與文昌路155巷口10號旁無名巷,0,0,1,3,B03,7,2,5,30,4,1,1,5,4,5,7,4,4,10,5,5,1,17,1,24,3,10,3,4,7,13,1,8,1,15,,38,,1,21,8,121.51979,25.09752377
112,5,14,17,0,2,08士林區,士林區中山北路6段與中山北路6段195巷口,0,0,1,1,B03,8,1,5,50,3,1,1,5,4,5,7,2,1,1,4,5,2,12,1,81,3,10,3,4,7,6,1,8,1,2,,9,,1,22,9,121.5250643,25.1078958
112,5,14,17,0,2,08士林區,士林區中山北路6段與中山北路6段195巷口,0,0,1,2,C03,8,1,5,50,3,1,1,5,4,5,7,2,1,1,4,5,2,12,1,22,2,9,1,4,7,9,1,10,1,14,,44,,1,22,9,121.5250643,25.1078958
112,5,14,17,40,2,05中正區,中正區重慶南路2段88-1號,0,0,1,1,C03,8,1,5,50,14,9,1,5,4,5,7,4,4,1,4,5,2,12,1,38,2,8,1,1,7,1,1,10,1,14,,19,,1,22,9,121.5151129,25.0300072
112,5,14,17,40,2,05中正區,中正區重慶南路2段88-1號,0,0,1,2,C03,8,1,5,50,14,9,1,5,4,5,7,4,4,1,4,5,2,12,2,57,3,10,1,1,7,9,1,10,1,12,,44,,1,22,9,121.5151129,25.0300072
112,5,14,17,43,2,02萬華區,萬華區桂林路244巷16號,0,0,1,1,B03,8,1,5,30,14,9,1,5,4,5,7,4,4,10,5,5,2,12,1,65,3,10,1,1,7,1,1,8,1,5,,19,,1,22,9,121.4950206,25.0381351
112,5,14,17,43,2,02萬華區,萬華區桂林路244巷16號,0,0,1,2,C03,8,1,5,30,14,9,1,5,4,5,7,4,4,10,5,5,2,12,2,54,2,9,1,1,7,9,1,10,1,14,,13,,1,22,9,121.4950206,25.0381351
112,5,14,18,23,2,03中山區,中山區北安路與通北街口,0,0,1,2,H01,8,1,5,50,3,2,1,5,4,5,7,1,1,1,4,5,2,7,2,34,2,7,4,5,8,17,8,20,10,16,,67,,1,22,9,121.5412102,25.079661
112,5,14,18,23,2,03中山區,中山區北安路與通北街口,0,0,1,1,B01,8,1,5,50,3,2,1,5,4,5,7,1,1,1,4,5,2,7,1,66,3,10,3,4,7,2,1,8,11,6,,12,,2,22,9,121.5412102,25.079661
112,5,14,18,26,2,08士林區,士林區堤外便道與堤外便道口自行車文林北路5巷,0,0,1,1,F02,7,3,5,30,14,9,1,5,4,5,7,4,4,10,5,5,1,18,2,49,2,9,2,1,7,9,8,20,2,16,,23,,1,22,9,121.5185808,25.0999357
112,5,14,18,26,2,08士林區,士林區堤外便道與堤外便道口自行車文林北路5巷,0,0,1,2,,7,3,5,30,14,9,1,5,4,5,7,4,4,10,5,5,1,18,3,0,,,,,,,,,,,,67,,1,,,121.5185808,25.0999357
112,5,14,18,35,2,01大同區,大同區酒泉街與酒泉街103巷口,0,0,1,1,B03,6,3,5,0,3,1,1,4,4,5,7,4,4,5,4,5,2,16,1,65,3,10,3,4,7,11,1,8,2,8,,10,,1,22,9,121.5148739,25.07208894
112,5,14,18,35,2,01大同區,大同區酒泉街與酒泉街103巷口,0,0,1,2,C03,6,3,5,0,3,1,1,4,4,5,7,4,4,5,4,5,2,16,1,20,2,9,3,4,7,9,1,10,2,12,,44,,1,22,9,121.5148739,25.07208894
112,5,14,20,5,2,06松山區,(敦化北路167號前),0,0,1,2,H01,8,1,5,50,15,18,1,5,4,5,7,2,1,1,4,1,2,3,2,25,2,8,4,5,8,16,8,20,10,16,,67,,1,22,9,121.5492007,25.05433863
112,5,14,20,5,2,06松山區,(敦化北路167號前),0,0,1,1,B01,8,1,5,50,15,18,1,5,4,5,7,2,1,1,4,1,2,3,1,67,3,10,1,4,7,5,1,4,1,8,,15,,1,22,9,121.5492007,25.05433863