發生年度,發生月,發生日,發生時-Hours,發生分,處理別-編號,區序,肇事地點,死亡人數,2-30日死亡人數,受傷人數,當事人序號,車種,天候,光線,道路類別,速限-速度限制,道路型態,事故位置,路面狀況1,路面狀況2,路面狀況3,道路障礙1,道路障礙2,號誌1,號誌2,車道劃分-分向,車道劃分-分道1,車道劃分-分道2,車道劃分-分道3,事故類型及型態,性別,年齡,受傷程度,主要傷處,保護裝置,行動電話,車輛用途,當事者行動狀態,駕駛資格情形,駕駛執照種類,飲酒情形,車輛撞擊部位1,車輛撞擊部位2,肇因碼-個別,肇因碼-主要,個人肇逃否,職業,旅次目的,座標-X,座標-Y
112,5,16,9,12,2,10文山區,文山區景華街與景華街52巷口,0,0,1,5,C03,8,1,5,50,3,1,1,5,4,5,7,4,4,5,5,5,2,16,2,38,3,10,1,1,7,13,1,10,11,14,,44,,1,22,9,121.5438015,24.995073
112,5,16,9,12,2,10文山區,文山區景華街與景華街52巷口,0,0,1,1,B03,8,1,5,50,3,1,1,5,4,5,7,4,4,5,5,5,2,16,1,28,3,10,1,1,7,5,1,8,2,8,,8,,1,22,9,121.5438015,24.995073
112,5,16,9,12,2,10文山區,文山區景華街與景華街52巷口,0,0,1,2,C03,8,1,5,50,3,1,1,5,4,5,7,4,4,5,5,5,2,16,1,33,2,9,1,1,7,9,6,10,2,12,,44,,1,22,9,121.5438015,24.995073
112,5,16,9,12,2,10文山區,文山區景華街與景華街52巷口,0,0,1,3,C03,8,1,5,50,3,1,1,5,4,5,7,4,4,5,5,5,2,16,2,34,3,10,3,1,7,13,1,10,11,13,,44,,1,22,9,121.5438015,24.995073
112,5,16,9,12,2,10文山區,文山區景華街與景華街52巷口,0,0,1,4,C03,8,1,5,50,3,1,1,5,4,5,7,4,4,5,5,5,2,16,2,45,3,10,1,1,7,13,1,10,11,14,,44,,1,22,9,121.5438015,24.995073
112,5,16,9,25,2,09北投區,北投區懷德街與懷德街99巷口,0,0,1,2,C03,8,1,5,50,4,1,1,5,4,5,7,4,4,5,5,5,2,15,2,64,2,9,1,1,7,9,1,10,2,14,,44,,1,22,9,121.519933,25.1148488
112,5,16,9,25,2,09北投區,北投區懷德街與懷德街99巷口,0,0,1,1,A05,8,1,5,50,4,1,1,5,4,5,7,4,4,5,5,5,2,15,1,64,3,10,1,1,7,9,1,1,2,1,,6,,1,10,9,121.519933,25.1148488
112,5,16,9,36,2,12內湖區,內湖區瑞光路513巷與瑞光路478巷口,0,0,1,1,B03,8,1,5,50,4,1,1,5,4,5,7,2,1,7,4,5,2,17,1,48,3,10,1,1,7,5,1,8,1,6,,8,,1,22,9,121.5694682,25.07883965
112,5,16,9,36,2,12內湖區,內湖區瑞光路513巷與瑞光路478巷口,0,0,1,2,C03,8,1,5,50,4,1,1,5,4,5,7,2,1,7,4,5,2,17,1,56,2,9,1,1,7,9,1,10,1,11,,23,,1,22,9,121.5694682,25.07883965
112,5,16,9,37,2,02萬華區,萬華區西寧南路與漢口街2段口,0,0,2,2,C03,8,1,5,50,4,1,1,5,4,5,7,1,3,9,5,5,2,13,2,62,2,9,1,1,7,9,1,10,2,13,,44,,1,22,9,121.5067756,25.04571019
112,5,16,9,37,2,02萬華區,萬華區西寧南路與漢口街2段口,0,0,2,1,C04,8,1,5,50,4,1,1,5,4,5,7,1,3,9,5,5,2,13,2,45,2,9,1,1,7,9,1,11,2,11,,23,,1,22,9,121.5067756,25.04571019
112,5,16,9,47,2,07信義區,信義區信義路5段5號,0,0,1,1,C03,8,1,5,50,14,9,1,5,4,5,7,4,4,10,4,5,2,13,1,22,2,9,1,1,7,9,1,10,1,11,,,,1,22,9,121.5617509,25.03297682
112,5,16,9,47,2,07信義區,信義區信義路5段5號,0,0,1,2,C03,8,1,5,50,14,9,1,5,4,5,7,4,4,10,4,5,2,13,1,59,3,10,1,1,7,9,1,10,1,13,,,,1,22,9,121.5617509,25.03297682
112,5,16,9,47,2,07信義區,信義區信義路5段5號,0,0,1,3,C02,8,1,5,50,14,9,1,5,4,5,7,4,4,10,4,5,2,13,1,40,4,11,3,4,7,15,4,9,9,15,,,,2,22,9,121.5617509,25.03297682
112,5,16,10,0,2,08士林區,士林區中山北路5段380號,0,0,1,2,B12,8,1,5,50,14,9,1,5,4,5,7,4,4,1,4,5,1,13,1,48,3,10,3,4,7,9,1,8,1,6,,44,,1,22,9,121.527628,25.09080664
112,5,16,10,0,2,08士林區,士林區中山北路5段380號,0,0,1,1,C03,8,1,5,50,14,9,1,5,4,5,7,4,4,1,4,5,1,13,2,22,2,1,3,4,7,9,1,10,1,11,,23,,1,22,9,121.527628,25.09080664
112,5,16,10,6,2,09北投區,北投區承德路6段359號,0,0,1,1,C03,8,1,5,60,14,12,1,5,4,5,7,4,4,8,3,5,2,18,1,20,2,9,1,1,7,9,1,10,1,12,,43,,1,22,9,121.5117075,25.10645052
112,5,16,10,6,2,09北投區,北投區承德路6段359號,0,0,1,2,,8,1,5,60,14,12,1,5,4,5,7,4,4,8,3,5,2,18,3,0,,,,,,,,,,,,67,,1,,,121.5117075,25.10645052
112,5,16,10,55,2,11南港區,南港區重陽路39巷與向陽路162巷口,0,0,1,1,C03,8,1,5,40,4,1,1,5,4,5,7,4,4,10,5,5,2,15,1,42,2,9,3,4,7,9,1,10,1,11,,6,,1,22,9,121.5953548,25.0560315
112,5,16,10,55,2,11南港區,南港區重陽路39巷與向陽路162巷口,0,0,1,2,B01,8,1,5,40,4,1,1,5,4,5,7,4,4,10,5,5,2,15,1,70,3,10,3,4,7,9,1,4,1,8,,6,,1,22,9,121.5953548,25.0560315
112,5,16,11,57,2,05中正區,中正區懷寧街17號,0,0,1,1,B03,8,1,5,50,14,9,1,5,4,5,7,4,4,10,4,5,2,16,1,41,3,10,1,1,7,1,1,8,2,5,,19,,1,22,9,121.5142078,25.04562318
112,5,16,11,57,2,05中正區,中正區懷寧街17號,0,0,1,2,C03,8,1,5,50,14,9,1,5,4,5,7,4,4,10,4,5,2,16,1,28,2,9,1,1,7,9,1,10,2,14,,44,,1,22,9,121.5142078,25.04562318
112,5,16,12,25,2,05中正區,中正區羅斯福路2段48巷與羅斯福路2段30巷口口,0,0,1,3,H02,8,1,5,30,4,1,1,5,4,5,7,4,4,10,5,5,2,16,2,30,4,11,1,5,7,20,8,20,10,16,,67,,1,22,9,121.5210111,25.02757151
112,5,16,12,25,2,05中正區,中正區羅斯福路2段48巷與羅斯福路2段30巷口口,0,0,1,1,B01,8,1,5,30,4,1,1,5,4,5,7,4,4,10,5,5,2,16,1,32,3,10,1,1,7,6,1,4,1,1,,6,,1,22,9,121.5210111,25.02757151
112,5,16,12,25,2,05中正區,中正區羅斯福路2段48巷與羅斯福路2段30巷口口,0,0,1,2,C03,8,1,5,30,4,1,1,5,4,5,7,4,4,10,5,5,2,16,1,42,2,9,1,1,7,9,1,10,1,12,,14,,1,22,9,121.5210111,25.02757151
112,5,16,12,38,2,01大同區,大同區民權西路228號,0,0,2,1,C03,8,1,5,50,14,9,4,5,4,5,7,1,1,9,4,5,2,12,1,68,2,9,1,4,7,7,1,10,1,14,,7,,1,22,9,121.5131295,25.0627807
112,5,16,12,38,2,01大同區,大同區民權西路228號,0,0,2,2,C03,8,1,5,50,14,9,4,5,4,5,7,1,1,9,4,5,2,12,1,26,2,9,1,4,7,9,1,10,1,11,,13,,1,22,9,121.5131295,25.0627807
112,5,16,12,44,2,09北投區,北投區稻香路與秀山路口,0,0,1,1,C03,8,1,5,50,14,9,1,5,4,5,7,3,1,9,4,5,2,16,1,19,2,7,1,1,7,5,1,10,2,11,,6,,1,22,9,121.4903078,25.14198375
112,5,16,12,44,2,09北投區,北投區稻香路與秀山路口,0,0,1,2,B01,8,1,5,50,14,9,1,5,4,5,7,3,1,9,4,5,2,16,1,63,3,10,1,1,7,9,1,4,2,5,,44,,1,22,9,121.4903078,25.14198375
112,5,16,13,1,2,08士林區,士林區格致路與菁山路口,0,0,1,1,C03,8,1,5,40,4,2,1,5,4,5,7,1,1,4,3,5,1,12,2,19,2,8,1,1,7,7,1,10,1,14,,7,,1,22,9,121.5465733,25.1377976
112,5,16,13,1,2,08士林區,士林區格致路與菁山路口,0,0,1,2,B03,8,1,5,40,4,2,1,5,4,5,7,1,1,4,3,5,1,12,1,57,3,10,1,1,7,9,1,8,1,5,,44,,1,22,9,121.5465733,25.1377976
112,5,16,14,20,2,07信義區,信義區信安街49號,0,0,1,2,C03,8,1,5,40,14,8,1,5,4,5,7,4,4,5,5,4,2,12,1,53,2,9,3,4,7,9,1,10,1,11,,13,,1,22,9,121.5589915,25.02598887
112,5,16,14,20,2,07信義區,信義區信安街49號,0,0,1,1,B03,8,1,5,40,14,8,1,5,4,5,7,4,4,5,5,4,2,12,1,38,3,10,3,4,7,6,1,8,1,2,,9,,1,22,9,121.5589915,25.02598887
112,5,16,14,40,2,09北投區,北投區中央北路4段與大度路3段口,0,0,2,1,B12,8,1,5,50,14,9,1,5,4,5,7,1,1,9,4,5,2,16,1,66,3,10,1,1,7,9,1,8,2,2,,25,,1,22,9,121.4648437,25.12425086
112,5,16,14,40,2,09北投區,北投區中央北路4段與大度路3段口,0,0,2,3,H02,8,1,5,50,14,9,1,5,4,5,7,1,1,9,4,5,2,16,2,45,2,8,1,1,7,20,8,20,10,16,,67,,1,22,9,121.4648437,25.12425086
112,5,16,14,40,2,09北投區,北投區中央北路4段與大度路3段口,0,0,2,2,C03,8,1,5,50,14,9,1,5,4,5,7,1,1,9,4,5,2,16,1,47,2,9,1,1,7,5,1,10,2,11,,44,,1,22,9,121.4648437,25.12425086
112,5,16,15,11,2,09北投區,北投區明德路與文林北路口,0,0,1,2,B03,8,1,5,50,4,1,1,5,4,5,7,2,1,1,4,5,2,16,1,38,3,10,1,1,7,9,1,4,1,5,,44,,1,22,9,121.5166335,25.10611212
112,5,16,15,11,2,09北投區,北投區明德路與文林北路口,0,0,1,1,C03,8,1,5,50,4,1,1,5,4,5,7,2,1,1,4,5,2,16,1,26,2,9,1,1,7,5,1,10,1,11,,8,,1,22,9,121.5166335,25.10611212
112,5,16,15,16,2,10文山區,文山區興隆路1段與景明街口,0,0,1,1,C03,8,1,5,30,15,18,1,5,4,3,5,1,1,10,5,5,2,9,1,38,3,10,1,1,7,6,1,10,11,12,,15,,1,22,9,121.5420646,25.0018712
112,5,16,15,16,2,10文山區,文山區興隆路1段與景明街口,0,0,1,2,H01,8,1,5,30,15,18,1,5,4,3,5,1,1,10,5,5,2,9,2,64,2,9,4,5,8,18,8,20,10,16,,67,,1,22,9,121.5420646,25.0018712
112,5,16,15,16,2,10文山區,文山區興隆路1段與景明街口,0,0,1,3,B03,8,1,5,30,15,18,1,5,4,3,5,1,1,10,5,5,2,9,1,52,3,10,3,4,7,15,7,19,11,15,,38,,2,22,9,121.5420646,25.0018712
112,5,16,15,25,2,07信義區,信義區基隆路1段149號,0,0,1,2,C03,8,1,5,50,14,9,1,5,4,5,7,4,4,9,4,5,2,13,2,44,2,3,1,1,7,9,1,10,1,11,,16,,1,22,9,121.5654995,25.0426017
112,5,16,15,25,2,07信義區,信義區基隆路1段149號,0,0,1,1,,8,1,5,50,14,9,1,5,4,5,7,4,4,9,4,5,2,13,4,0,4,11,3,4,7,15,7,19,11,15,,43,,2,22,9,121.5654995,25.0426017
112,5,16,15,25,2,07信義區,信義區基隆路1段149號,0,0,1,3,,8,1,5,50,14,9,1,5,4,5,7,4,4,9,4,5,2,13,4,0,4,11,3,4,7,15,7,19,11,15,,43,,2,22,9,121.5654995,25.0426017
112,5,16,15,25,2,07信義區,信義區基隆路1段149號,0,0,1,4,C03,8,1,5,50,14,9,1,5,4,5,7,4,4,9,4,5,2,13,2,34,3,10,1,1,7,9,1,10,1,13,,43,,1,22,9,121.5654995,25.0426017
112,5,16,15,30,2,03中山區,中山區長春路348-5號,0,0,2,1,A02,8,1,5,40,14,8,1,5,4,5,7,4,4,9,4,4,1,17,1,49,3,10,1,1,7,14,1,2,1,15,,38,,1,22,9,121.5416175,25.0545409
112,5,16,15,30,2,03中山區,中山區長春路348-5號,0,0,2,2,C03,8,1,5,40,14,8,1,5,4,5,7,4,4,9,4,4,1,17,1,23,2,8,1,1,7,9,1,10,1,11,,13,,1,22,9,121.5416175,25.0545409
112,5,16,15,30,2,03中山區,中山區長春路348-5號,0,0,2,3,H02,8,1,5,40,14,8,1,5,4,5,7,4,4,9,4,4,1,17,2,58,2,9,1,1,7,19,8,20,10,16,,67,,1,22,9,121.5416175,25.0545409
112,5,16,15,40,2,09北投區,北投區新民路73-8號,0,0,1,1,C03,8,1,5,30,14,9,1,5,4,5,7,4,4,9,4,5,2,18,1,55,2,9,1,1,7,15,1,10,1,15,,23,,1,22,9,121.5126747,25.14097
112,5,16,15,40,2,09北投區,北投區新民路73-8號,0,0,1,2,,8,1,5,30,14,9,1,5,4,5,7,4,4,9,4,5,2,18,3,0,,,,,,,,,,,,67,,1,,,121.5126747,25.14097
112,5,16,15,43,2,03中山區,中山區興安街91號,0,0,1,1,B03,8,1,5,50,14,9,1,5,4,5,7,4,4,5,4,5,2,17,2,52,3,10,1,1,7,11,1,8,1,15,,10,,1,22,9,121.5429942,25.0560919
112,5,16,15,43,2,03中山區,中山區興安街91號,0,0,1,2,C03,8,1,5,50,14,9,1,5,4,5,7,4,4,5,4,5,2,17,1,24,2,9,1,1,7,9,1,10,1,15,,44,,1,22,9,121.5429942,25.0560919
112,5,16,15,54,2,10文山區,文山區新光路2段21-1號旁捷運停車場出口前,0,0,1,1,C03,8,1,5,50,11,9,1,5,4,5,7,4,4,5,2,5,2,29,1,22,2,9,1,1,7,9,1,10,2,11,12,43,,1,22,9,121.5877436,24.99983197
112,5,16,15,54,2,10文山區,文山區新光路2段21-1號旁捷運停車場出口前,0,0,1,2,,8,1,5,50,11,9,1,5,4,5,7,4,4,5,2,5,2,29,3,0,,,,,,,,,,,,67,,1,,,121.5877436,24.99983197
112,5,16,16,19,2,09北投區,北投區承德路6段與文林北路5巷口口,0,0,4,1,C03,8,1,5,60,5,1,1,5,4,5,7,2,1,1,4,4,2,16,1,25,2,9,1,1,7,6,1,10,1,12,,9,,1,22,9,121.5130322,25.0989285
112,5,16,16,19,2,09北投區,北投區承德路6段與文林北路5巷口口,0,0,4,2,C03,8,1,5,60,5,1,1,5,4,5,7,2,1,1,4,4,2,16,1,23,2,9,1,1,7,9,1,10,1,14,,42,,1,22,9,121.5130322,25.0989285
112,5,16,16,19,2,09北投區,北投區承德路6段與文林北路5巷口口,0,0,4,4,H02,8,1,5,60,5,1,1,5,4,5,7,2,1,1,4,4,2,16,2,20,2,9,1,5,7,20,8,20,10,16,,67,,1,22,9,121.5130322,25.0989285
112,5,16,16,19,2,09北投區,北投區承德路6段與文林北路5巷口口,0,0,4,3,H02,8,1,5,60,5,1,1,5,4,5,7,2,1,1,4,4,2,16,2,21,2,9,1,5,7,20,8,20,10,16,,67,,1,22,9,121.5130322,25.0989285
112,5,16,16,20,2,12內湖區,內湖區環山路3段與內湖路2段103巷口,0,0,1,1,B02,8,1,5,50,3,1,1,5,4,5,2,1,1,5,1,4,1,17,2,29,3,10,1,1,7,5,1,8,1,5,,8,,1,22,9,121.5808954,25.0846895
112,5,16,16,20,2,12內湖區,內湖區環山路3段與內湖路2段103巷口,0,0,1,2,C03,8,1,5,50,3,1,1,5,4,5,2,1,1,5,1,4,1,17,2,20,2,9,1,1,7,9,1,10,1,11,,44,,1,22,9,121.5808954,25.0846895
112,5,16,16,39,2,09北投區,北投區承德路6段與福國路口,0,0,1,2,B03,8,1,5,50,4,1,1,5,4,5,7,2,1,3,4,5,2,16,1,58,3,10,1,1,7,9,1,8,1,1,,44,,1,22,9,121.5123725,25.10165253
112,5,16,16,39,2,09北投區,北投區承德路6段與福國路口,0,0,1,1,C03,8,1,5,50,4,1,1,5,4,5,7,2,1,3,4,5,2,16,1,48,2,9,1,1,7,5,6,18,5,12,,26,,1,22,9,121.5123725,25.10165253
112,5,16,16,52,2,02萬華區,萬華區艋舺大道與和平西路2段190巷口,0,0,4,2,C03,8,1,5,50,15,9,1,5,4,5,7,1,1,9,4,4,2,13,1,33,2,9,1,1,7,14,1,10,2,13,,44,,1,22,9,121.5049139,25.0338399
112,5,16,16,52,2,02萬華區,萬華區艋舺大道與和平西路2段190巷口,0,0,4,5,H02,8,1,5,50,15,9,1,5,4,5,7,1,1,9,4,4,2,13,2,53,2,9,4,5,7,20,8,20,10,15,,67,,1,22,9,121.5049139,25.0338399
112,5,16,16,52,2,02萬華區,萬華區艋舺大道與和平西路2段190巷口,0,0,4,4,H02,8,1,5,50,15,9,1,5,4,5,7,1,1,9,4,4,2,13,2,75,2,9,4,5,7,20,8,20,10,15,,67,,1,22,9,121.5049139,25.0338399
112,5,16,16,52,2,02萬華區,萬華區艋舺大道與和平西路2段190巷口,0,0,4,3,H02,8,1,5,50,15,9,1,5,4,5,7,1,1,9,4,4,2,13,1,46,2,9,4,5,7,20,8,20,10,15,,67,,1,22,9,121.5049139,25.0338399
112,5,16,16,52,2,02萬華區,萬華區艋舺大道與和平西路2段190巷口,0,0,4,1,A02,8,1,5,50,15,9,1,5,4,5,7,1,1,9,4,4,2,13,1,49,3,10,1,1,7,9,1,2,2,1,,16,,1,22,9,121.5049139,25.0338399
112,5,16,17,11,2,12內湖區,內湖區民權大橋前,0,0,3,3,C03,8,1,5,50,14,11,1,5,4,5,7,4,4,1,4,4,2,13,1,36,3,10,1,1,7,9,1,10,2,13,,44,,1,22,9,121.5775316,25.06655185
112,5,16,17,11,2,12內湖區,內湖區民權大橋前,0,0,3,1,C03,8,1,5,50,14,11,1,5,4,5,7,4,4,1,4,4,2,13,1,49,2,8,1,1,7,9,1,9,2,11,,23,,1,22,9,121.5775316,25.06655185
112,5,16,17,11,2,12內湖區,內湖區民權大橋前,0,0,3,2,C03,8,1,5,50,14,11,1,5,4,5,7,4,4,1,4,4,2,13,1,27,2,8,1,1,7,9,1,10,2,11,,16,,1,22,9,121.5775316,25.06655185
112,5,16,17,11,2,12內湖區,內湖區民權大橋前,0,0,3,4,C03,8,1,5,50,14,11,1,5,4,5,7,4,4,1,4,4,2,13,1,56,2,9,1,1,7,9,1,10,2,13,,44,,1,22,9,121.5775316,25.06655185
112,5,16,17,20,2,04大安區,大安區和平東路2段63號,0,0,2,1,C03,8,1,5,50,14,9,1,5,4,5,7,4,4,1,4,5,2,16,1,67,2,9,1,1,7,7,1,10,1,14,,42,,1,22,9,121.5384191,25.0256119
112,5,16,17,20,2,04大安區,大安區和平東路2段63號,0,0,2,2,C04,8,1,5,50,14,9,1,5,4,5,7,4,4,1,4,5,2,16,2,28,2,9,1,1,7,9,1,10,1,12,,44,,1,22,9,121.5384191,25.0256119
112,5,16,17,25,2,08士林區,士林區福林路與自祥街口,0,0,2,1,C03,8,1,8,50,15,22,1,5,4,5,7,1,1,10,5,5,2,16,2,22,2,9,1,1,7,9,1,10,1,11,,44,,1,22,9,121.5328265,25.0969058
112,5,16,17,25,2,08士林區,士林區福林路與自祥街口,0,0,2,2,C03,8,1,8,50,15,22,1,5,4,5,7,1,1,10,5,5,2,16,1,55,2,9,1,1,7,7,1,10,1,13,,7,,1,22,9,121.5328265,25.0969058
112,5,16,17,28,2,05中正區,中正區市民大道2段與中山北路1段口,0,0,1,1,A02,8,2,5,0,4,2,1,5,4,5,7,1,1,4,4,3,2,16,1,27,4,11,3,4,7,15,7,19,11,15,,43,,2,22,9,121.520771,25.0478904
112,5,16,17,28,2,05中正區,中正區市民大道2段與中山北路1段口,0,0,1,2,C03,8,2,5,0,4,2,1,5,4,5,7,1,1,4,4,3,2,16,1,26,2,9,1,1,7,7,1,10,2,11,,7,,1,22,9,121.520771,25.0478904
112,5,16,17,30,2,05中正區,中正區仁愛路1段與林森南路口,0,0,1,2,H01,8,1,5,50,4,1,1,5,4,5,7,1,1,10,5,5,2,2,2,0,2,9,4,5,8,20,8,20,10,16,,67,,1,22,9,121.5215369,25.0386171
112,5,16,17,30,2,05中正區,中正區仁愛路1段與林森南路口,0,0,1,1,B03,8,1,5,50,4,1,1,5,4,5,7,1,1,10,5,5,2,2,2,56,3,10,1,1,7,5,1,8,2,4,,15,,1,22,9,121.5215369,25.0386171
112,5,16,17,41,2,03中山區,中山區濱江街353號,0,0,2,1,C03,8,1,5,50,14,8,1,5,4,5,7,4,4,1,5,1,1,12,1,51,2,9,3,4,7,6,1,10,2,12,,9,,1,22,9,121.5498223,25.0723203
112,5,16,17,41,2,03中山區,中山區濱江街353號,0,0,2,2,C03,8,1,5,50,14,8,1,5,4,5,7,4,4,1,5,1,1,12,1,29,2,9,3,4,7,9,1,10,2,14,,44,,1,22,9,121.5498223,25.0723203
112,5,16,17,41,2,04大安區,大安區師大路80巷與師大路口,0,0,1,1,B03,8,1,5,50,4,1,1,5,4,5,7,2,1,5,4,5,2,12,1,26,3,10,1,1,7,5,1,8,1,4,,8,,1,21,8,121.5284466,25.02329371
112,5,16,17,41,2,04大安區,大安區師大路80巷與師大路口,0,0,1,2,C03,8,1,5,50,4,1,1,5,4,5,7,2,1,5,4,5,2,12,2,40,2,9,1,1,7,9,1,10,1,11,,23,,1,21,8,121.5284466,25.02329371
112,5,16,17,43,2,09北投區,北投區承德路7段與公館路口口,0,0,1,2,C03,8,1,5,50,4,1,1,5,4,5,7,2,1,1,4,5,2,15,1,40,2,9,1,1,7,9,1,10,1,11,,44,,1,22,9,121.5013631,25.119421
112,5,16,17,43,2,09北投區,北投區承德路7段與公館路口口,0,0,1,1,B03,8,1,5,50,4,1,1,5,4,5,7,2,1,1,4,5,2,15,1,31,3,10,1,1,7,9,1,8,1,2,,25,,1,22,9,121.5013631,25.119421
112,5,16,17,45,2,08士林區,士林區承德路4段與承德路4段3巷口,0,0,1,1,C03,8,3,5,30,4,1,1,5,4,5,7,4,4,10,5,5,1,16,2,18,2,9,1,1,7,9,1,10,1,11,,6,,1,22,9,121.5213761,25.07906763
112,5,16,17,45,2,08士林區,士林區承德路4段與承德路4段3巷口,0,0,1,2,B03,8,3,5,30,4,1,1,5,4,5,7,4,4,10,5,5,1,16,1,27,3,10,1,1,7,9,1,8,1,8,,23,,1,22,9,121.5213761,25.07906763
112,5,16,17,55,2,04大安區,大安區信義路4段與敦化南路1段口,0,0,1,1,C03,8,1,5,50,4,4,1,5,4,5,7,1,1,1,4,5,2,13,1,39,3,10,1,1,7,9,1,10,1,11,,42,,1,22,9,121.5485788,25.0335046
112,5,16,17,55,2,04大安區,大安區信義路4段與敦化南路1段口,0,0,1,2,C03,8,1,5,50,4,4,1,5,4,5,7,1,1,1,4,5,2,13,2,53,2,5,1,1,7,14,1,10,1,13,,44,,1,22,9,121.5485788,25.0335046
112,5,16,19,17,2,04大安區,大安區辛亥路2段199號,0,0,1,1,C03,8,3,5,50,14,8,1,5,4,3,7,4,4,1,3,1,1,13,1,39,2,9,1,1,7,8,1,10,1,15,,23,,1,22,9,121.5416986,25.0215741
112,5,16,19,17,2,04大安區,大安區辛亥路2段199號,0,0,1,2,B03,8,3,5,50,14,8,1,5,4,3,7,4,4,1,3,1,1,13,1,55,3,10,1,1,7,14,1,8,1,7,,38,,1,22,9,121.5416986,25.0215741
112,5,16,19,30,2,04大安區,大安區敦化南路2段263號,0,0,1,2,C03,8,3,5,50,14,9,1,5,4,5,7,4,4,10,5,5,2,12,1,18,2,9,1,1,7,9,1,10,1,11,,14,,1,22,9,121.5490104,25.02608345
112,5,16,19,30,2,04大安區,大安區敦化南路2段263號,0,0,1,1,B03,8,3,5,50,14,9,1,5,4,5,7,4,4,10,5,5,2,12,1,71,3,10,1,1,7,1,1,8,1,7,,19,,1,22,9,121.5490104,25.02608345
112,5,16,19,35,2,07信義區,信義區忠孝東路4段與光復南路口,0,0,1,2,C03,8,3,5,50,14,9,1,5,4,5,7,1,1,3,5,5,2,12,1,67,2,9,1,1,7,7,1,10,1,14,,7,,1,22,9,121.5579233,25.04141169
112,5,16,19,35,2,07信義區,信義區忠孝東路4段與光復南路口,0,0,1,1,B01,8,3,5,50,14,9,1,5,4,5,7,1,1,3,5,5,2,12,1,66,3,10,1,1,7,9,1,4,1,2,,44,,1,22,9,121.5579233,25.04141169
112,5,16,21,7,2,08士林區,士林區中山北路6段與天母東路口天母西路口,0,0,1,2,C03,8,3,5,50,4,2,1,5,4,5,7,2,1,3,4,5,2,16,1,25,2,9,1,1,7,9,1,10,1,11,,13,,1,22,9,121.5302092,25.1183591
112,5,16,21,7,2,08士林區,士林區中山北路6段與天母東路口天母西路口,0,0,1,1,B03,8,3,5,50,4,2,1,5,4,5,7,2,1,3,4,5,2,16,1,26,3,10,1,1,7,5,1,8,1,6,,6,,1,22,9,121.5302092,25.1183591
112,5,16,21,13,2,09北投區,北投區石牌路1段與石牌路1段166巷口,0,0,1,2,C03,8,3,5,50,3,2,1,5,4,5,7,4,4,5,4,5,2,16,1,71,2,9,1,1,7,9,1,10,1,11,,44,,1,22,9,121.5133922,25.11444348
112,5,16,21,13,2,09北投區,北投區石牌路1段與石牌路1段166巷口,0,0,1,1,B03,8,3,5,50,3,2,1,5,4,5,7,4,4,5,4,5,2,16,1,26,3,10,1,1,7,14,1,15,1,7,,40,,1,22,9,121.5133922,25.11444348
112,5,16,21,13,2,09北投區,北投區石牌路1段與石牌路1段166巷口,0,0,1,3,B03,8,3,5,50,3,2,1,5,4,5,7,4,4,5,4,5,2,16,1,63,3,10,1,1,7,14,1,8,1,6,,44,,1,22,9,121.5133922,25.11444348
112,5,16,21,13,2,09北投區,北投區石牌路1段與石牌路1段166巷口,0,0,1,4,H02,8,3,5,50,3,2,1,5,4,5,7,4,4,5,4,5,2,16,2,25,3,10,1,5,7,14,8,20,10,16,,40,,1,22,9,121.5133922,25.11444348
112,5,16,21,20,2,02萬華區,萬華區艋舺大道與萬大路口,0,0,1,2,C03,8,3,5,50,4,1,1,5,4,5,7,1,1,1,5,5,2,15,1,22,3,10,1,1,7,9,1,10,1,11,,13,,1,22,9,121.500556,25.0330791
112,5,16,21,20,2,02萬華區,萬華區艋舺大道與萬大路口,0,0,1,1,F01,8,3,5,50,4,1,1,5,4,5,7,1,1,1,5,5,2,15,1,52,2,8,3,1,7,5,8,20,1,16,,26,,1,22,9,121.500556,25.0330791
112,5,16,21,45,2,01大同區,大同區重慶北路2段與保安街口,0,0,1,2,C03,8,3,5,50,4,1,1,5,4,5,7,2,1,9,4,5,2,16,2,21,2,9,1,1,7,9,1,10,1,14,,44,,1,22,9,121.5135629,25.0592415
112,5,16,21,45,2,01大同區,大同區重慶北路2段與保安街口,0,0,1,1,B03,8,3,5,50,4,1,1,5,4,5,7,2,1,9,4,5,2,16,1,30,3,10,1,1,7,6,1,8,1,2,,6,,1,22,9,121.5135629,25.0592415
112,5,16,22,1,2,03中山區,中山區中山北路2段與民生東路1段口,0,0,1,2,C03,8,3,5,50,4,1,1,5,4,5,7,1,1,1,4,5,2,16,1,59,2,9,1,1,7,9,6,18,1,12,,44,,1,22,9,121.5229737,25.05793232
112,5,16,22,1,2,03中山區,中山區中山北路2段與民生東路1段口,0,0,1,1,,8,3,5,50,4,1,1,5,4,5,7,1,1,1,4,5,2,16,4,0,4,11,3,4,7,15,7,19,11,15,,43,,2,22,9,121.5229737,25.05793232
112,5,16,22,5,2,01大同區,大同區甘谷街52號,0,0,1,1,F01,8,3,5,30,11,9,1,5,4,5,7,4,4,10,5,5,2,11,1,55,2,9,3,4,7,9,8,20,1,16,,4,,1,22,9,121.5106368,25.05322251
112,5,16,22,5,2,01大同區,大同區甘谷街52號,0,0,1,2,B03,8,3,5,30,11,9,1,5,4,5,7,4,4,10,5,5,2,11,1,70,3,10,3,4,7,5,1,8,1,8,,44,,1,22,9,121.5106368,25.05322251