發生年度,發生月,發生日,發生時-Hours,發生分,處理別-編號,區序,肇事地點,死亡人數,2-30日死亡人數,受傷人數,當事人序號,車種,天候,光線,道路類別,速限-速度限制,道路型態,事故位置,路面狀況1,路面狀況2,路面狀況3,道路障礙1,道路障礙2,號誌1,號誌2,車道劃分-分向,車道劃分-分道1,車道劃分-分道2,車道劃分-分道3,事故類型及型態,性別,年齡,受傷程度,主要傷處,保護裝置,行動電話,車輛用途,當事者行動狀態,駕駛資格情形,駕駛執照種類,飲酒情形,車輛撞擊部位1,車輛撞擊部位2,肇因碼-個別,肇因碼-主要,個人肇逃否,職業,旅次目的,座標-X,座標-Y
112,5,18,8,5,2,12內湖區,內湖區南京東路6段與新明路298巷口口,0,0,1,2,B01,8,1,5,50,4,1,1,5,4,5,7,2,1,5,4,5,2,13,1,57,3,10,1,1,7,12,1,3,1,7,,44,,1,22,9,121.5815909,25.05690799
112,5,18,8,10,2,03中山區,中山區敬業三路與樂群二路口,0,0,3,1,B03,8,1,5,50,14,9,1,5,4,5,7,4,4,1,4,5,2,17,1,44,2,2,1,4,7,7,1,8,1,15,,7,,1,22,9,121.5570107,25.080044
112,5,18,8,10,2,03中山區,中山區敬業三路與樂群二路口,0,0,3,2,C03,8,1,5,50,14,9,1,5,4,5,7,4,4,1,4,5,2,17,1,34,2,7,1,4,7,7,1,10,1,14,,7,,1,22,9,121.5570107,25.080044
112,5,18,8,10,2,03中山區,中山區敬業三路與樂群二路口,0,0,3,3,H02,8,1,5,50,14,9,1,5,4,5,7,4,4,1,4,5,2,17,2,43,2,1,1,5,7,21,8,20,10,15,,67,,1,22,9,121.5570107,25.080044
112,5,18,8,10,2,05中正區,中正區信義路2段101號與臨沂街口,0,0,1,2,C03,8,1,5,50,3,2,1,5,4,5,7,4,4,10,5,5,2,17,1,41,2,9,1,1,7,9,1,10,1,13,12,,,1,22,9,121.5275888,25.03413306
112,5,18,8,10,2,05中正區,中正區信義路2段101號與臨沂街口,0,0,1,1,C03,8,1,5,50,3,2,1,5,4,5,7,4,4,10,5,5,2,17,1,22,3,10,1,1,7,9,1,10,1,11,11,,,1,22,9,121.5275888,25.03413306
112,5,18,8,25,2,07信義區,信義區文昌街與光復南路口,0,0,2,2,C03,8,1,5,30,4,1,1,5,4,5,7,2,1,8,3,5,2,17,1,35,2,8,1,1,7,9,1,10,1,11,,43,,1,22,9,121.5575834,25.0321253
112,5,18,8,25,2,07信義區,信義區文昌街與光復南路口,0,0,2,1,C03,8,1,5,30,4,1,1,5,4,5,7,2,1,8,3,5,2,17,2,74,2,9,1,1,7,9,1,8,1,11,,42,,1,22,9,121.5575834,25.0321253
112,5,18,8,28,2,03中山區,中山區濱江街林安泰古厝前,0,0,2,1,C03,8,1,5,40,14,9,1,5,4,5,7,1,1,8,3,4,1,16,1,23,2,7,1,1,7,7,1,10,1,14,,7,,1,22,9,121.5300586,25.071478
112,5,18,8,28,2,03中山區,中山區濱江街林安泰古厝前,0,0,2,2,C03,8,1,5,40,14,9,1,5,4,5,7,1,1,8,3,4,1,16,2,26,2,9,1,1,7,9,1,10,1,11,,44,,1,22,9,121.5300586,25.071478
112,5,18,8,30,2,08士林區,士林區德行東路74巷與德行東路口,0,0,1,1,B03,8,1,8,50,15,22,1,5,4,5,7,4,4,10,5,5,2,8,1,58,3,10,1,1,7,2,1,8,1,3,,12,,1,22,9,121.527424,25.1073057
112,5,18,8,30,2,08士林區,士林區德行東路74巷與德行東路口,0,0,1,2,H01,8,1,8,50,15,22,1,5,4,5,7,4,4,10,5,5,2,8,2,81,2,8,4,5,8,17,8,20,10,16,,67,,1,22,9,121.527424,25.1073057
112,5,18,8,42,2,03中山區,中山區長春路與林森北路口,0,0,1,2,C03,8,1,5,50,4,2,1,5,4,5,7,2,1,5,4,5,2,16,1,27,2,9,1,1,7,9,1,9,1,11,,44,,1,22,9,121.5255044,25.0548647
112,5,18,8,42,2,03中山區,中山區長春路與林森北路口,0,0,1,1,C03,8,1,5,50,4,2,1,5,4,5,7,2,1,5,4,5,2,16,1,50,4,11,3,4,7,8,7,19,11,15,,7,,2,22,9,121.5255044,25.0548647
112,5,18,8,46,2,03中山區,中山區樂群一路往東未到基湖路,0,0,2,2,C03,8,1,5,50,14,9,1,5,4,5,7,4,4,1,3,5,1,16,1,27,2,9,1,1,7,9,1,10,2,14,,44,,1,22,9,121.5596587,25.07660221
112,5,18,8,46,2,03中山區,中山區樂群一路往東未到基湖路,0,0,2,1,B03,8,1,5,50,14,9,1,5,4,5,7,4,4,1,3,5,1,16,1,23,2,7,1,1,7,8,1,8,2,2,,7,,1,22,9,121.5596587,25.07660221
112,5,18,8,55,2,03中山區,中山區龍江路319號,0,0,1,1,B03,8,1,5,50,14,9,1,5,4,5,7,4,4,9,5,5,2,16,1,36,3,10,3,4,7,5,1,8,1,8,,8,,1,22,9,121.5407681,25.0614366
112,5,18,8,55,2,03中山區,中山區龍江路319號,0,0,1,2,C03,8,1,5,50,14,9,1,5,4,5,7,4,4,9,5,5,2,16,2,41,2,9,3,4,7,9,1,9,1,12,,44,,1,22,9,121.5407681,25.0614366
112,5,18,8,55,2,08士林區,士林區中山北路5段與福林路口,0,0,1,1,C03,8,1,5,40,4,1,1,5,4,5,7,1,1,5,4,5,2,12,1,47,4,11,3,4,7,6,7,19,11,15,,9,,2,22,9,121.5278951,25.09371259
112,5,18,8,55,2,08士林區,士林區中山北路5段與福林路口,0,0,1,2,C03,8,1,5,40,4,1,1,5,4,5,7,1,1,5,4,5,2,12,2,34,2,8,1,1,7,15,1,10,11,14,,23,,1,22,9,121.5278951,25.09371259
112,5,18,8,58,2,04大安區,大安區和平東路3段與敦化南路2段口,0,0,1,2,B01,8,1,5,50,4,2,1,5,4,5,7,2,1,1,3,5,1,13,1,50,3,10,3,4,7,14,1,4,1,1,,38,,1,22,9,121.5483046,25.0245218
112,5,18,8,58,2,04大安區,大安區和平東路3段與敦化南路2段口,0,0,1,1,C03,8,1,5,50,4,2,1,5,4,5,7,2,1,1,3,5,1,13,1,27,2,9,1,1,7,8,1,10,1,13,,14,,1,22,9,121.5483046,25.0245218
112,5,18,9,1,2,12內湖區,內湖區新湖三路與新湖二路口,0,0,1,1,C03,8,1,5,50,4,1,1,5,4,5,7,4,4,5,4,5,1,13,2,41,2,9,1,1,7,9,1,10,1,11,,16,,1,22,9,121.5846783,25.0650208
112,5,18,9,1,2,12內湖區,內湖區新湖三路與新湖二路口,0,0,1,2,B03,8,1,5,50,4,1,1,5,4,5,7,4,4,5,4,5,1,13,1,61,3,10,1,1,7,14,1,8,1,3,,44,,1,22,9,121.5846783,25.0650208
112,5,18,9,10,2,12內湖區,內湖區成功路2段與新明路口,0,0,1,1,C03,8,1,5,50,4,2,1,5,4,5,7,1,1,1,4,5,2,17,1,25,2,9,1,1,7,9,1,10,1,12,,44,,1,22,9,121.589197,25.06163177
112,5,18,9,10,2,12內湖區,內湖區成功路2段與新明路口,0,0,1,2,C03,8,1,5,50,4,2,1,5,4,5,7,1,1,1,4,5,2,17,1,20,4,11,3,4,7,15,7,19,11,15,,25,,2,22,9,121.589197,25.06163177
112,5,18,9,10,2,12內湖區,內湖區內湖路1段737巷50弄45號對面,0,0,1,2,C03,8,1,5,50,14,9,1,5,4,5,7,4,4,9,5,5,2,16,2,52,2,8,1,1,7,9,4,11,1,12,,44,,1,22,9,121.5782929,25.08060224
112,5,18,9,10,2,12內湖區,內湖區內湖路1段737巷50弄45號對面,0,0,1,1,B03,8,1,5,50,14,9,1,5,4,5,7,4,4,9,5,5,2,16,1,63,3,10,1,1,7,1,1,8,1,8,,19,,1,22,9,121.5782929,25.08060224
112,5,18,9,15,2,09北投區,北投區立德路15號,0,0,1,2,C03,8,1,5,50,14,9,1,5,4,5,7,4,4,9,4,5,2,16,2,37,2,7,1,1,7,9,1,10,1,11,,43,,1,22,9,121.4711336,25.124838
112,5,18,9,15,2,09北投區,北投區立德路15號,0,0,1,1,B03,8,1,5,50,14,9,1,5,4,5,7,4,4,9,4,5,2,16,1,39,3,10,1,1,7,5,1,8,1,2,,43,,1,22,9,121.4711336,25.124838
112,5,18,9,26,2,02萬華區,萬華區中華路1段與成都路口,0,0,1,1,B01,8,1,5,50,4,2,1,5,4,5,7,2,1,1,4,1,2,17,1,43,3,10,1,1,7,9,1,4,1,1,,16,,1,22,9,121.5082107,25.0424851
112,5,18,9,26,2,02萬華區,萬華區中華路1段與成都路口,0,0,1,2,B03,8,1,5,50,4,2,1,5,4,5,7,2,1,1,4,1,2,17,1,55,3,10,1,1,7,14,1,8,1,3,,44,,1,22,9,121.5082107,25.0424851
112,5,18,9,26,2,02萬華區,萬華區中華路1段與成都路口,0,0,1,3,C03,8,1,5,50,4,2,1,5,4,5,7,2,1,1,4,1,2,17,2,26,2,5,1,1,7,14,1,9,1,14,,44,,1,22,9,121.5082107,25.0424851
112,5,18,9,33,2,02萬華區,萬華區環河南路1段143號對面,0,0,1,2,B02,8,1,5,50,14,9,1,5,4,5,7,4,4,2,5,5,2,12,1,47,3,10,1,1,7,9,1,8,1,5,,44,,1,22,9,121.5002933,25.04231583
112,5,18,9,33,2,02萬華區,萬華區環河南路1段143號對面,0,0,1,1,C03,8,1,5,50,14,9,1,5,4,5,7,4,4,2,5,5,2,12,2,29,2,9,1,1,7,7,4,11,1,13,,7,,1,22,9,121.5002933,25.04231583
112,5,18,9,58,2,08士林區,士林區故宮路與力行街口,0,0,1,1,B03,8,1,5,40,3,1,1,5,4,5,7,3,1,8,3,5,1,12,2,56,3,10,1,1,7,6,1,8,1,1,,9,,1,22,9,121.548543,25.0959004
112,5,18,9,58,2,08士林區,士林區故宮路與力行街口,0,0,1,2,C03,8,1,5,40,3,1,1,5,4,5,7,3,1,8,3,5,1,12,1,21,2,8,1,1,7,9,1,10,1,13,,44,,1,22,9,121.548543,25.0959004
112,5,18,10,7,2,06松山區,松山區長安東路2段229號,0,0,2,2,C03,8,1,5,50,14,9,1,5,4,5,7,2,1,8,3,5,1,17,1,44,2,9,1,1,7,9,1,10,1,13,,44,,1,22,9,121.5459423,25.04824997
112,5,18,10,7,2,06松山區,松山區長安東路2段229號,0,0,2,1,C03,8,1,5,50,14,9,1,5,4,5,7,2,1,8,3,5,1,17,1,39,2,9,1,1,7,9,1,10,1,11,,17,,1,22,9,121.5459423,25.04824997
112,5,18,10,25,2,10文山區,文山區和平東路4段與和平東路4段381巷口口,0,0,1,1,C03,8,1,5,50,3,2,1,5,4,5,7,4,4,5,4,5,2,13,1,59,3,10,1,1,7,6,1,9,1,13,,9,,1,22,9,121.5740226,24.9994313
112,5,18,10,25,2,10文山區,文山區和平東路4段與和平東路4段381巷口口,0,0,1,2,C03,8,1,5,50,3,2,1,5,4,5,7,4,4,5,4,5,2,13,1,59,2,9,1,1,7,1,1,10,1,13,,23,,1,22,9,121.5740226,24.9994313
112,5,18,10,30,2,03中山區,中山區民權東路1段與民權東路1段12巷口,0,0,1,1,C03,8,1,5,50,3,2,1,5,4,1,7,4,4,1,4,4,2,13,1,18,3,10,1,4,7,15,1,10,2,11,,16,,1,22,9,121.5236007,25.06271009
112,5,18,10,30,2,03中山區,中山區民權東路1段與民權東路1段12巷口,0,0,1,2,C03,8,1,5,50,3,2,1,5,4,1,7,4,4,1,4,4,2,13,1,32,2,9,1,4,7,9,1,10,2,13,,44,,1,22,9,121.5236007,25.06271009
112,5,18,10,30,2,03中山區,中山區民權東路1段與民權東路1段12巷口,0,0,1,3,C03,8,1,5,50,3,2,1,5,4,1,7,4,4,1,4,4,2,13,1,18,3,10,1,4,7,9,1,10,2,14,,44,,1,22,9,121.5236007,25.06271009
112,5,18,10,35,2,07信義區,信義區忠孝東路5段520號,0,0,1,1,C03,8,1,5,50,14,9,1,5,4,5,7,4,4,1,4,5,2,13,1,50,3,10,1,1,7,9,1,10,1,11,,16,,1,22,9,121.5789136,25.0413087
112,5,18,10,35,2,07信義區,信義區忠孝東路5段520號,0,0,1,2,C03,8,1,5,50,14,9,1,5,4,5,7,4,4,1,4,5,2,13,1,40,2,9,1,1,7,9,1,10,1,13,,44,,1,22,9,121.5789136,25.0413087
112,5,18,10,45,2,03中山區,中山區松江路與農安街口,0,0,1,2,H01,8,1,5,50,4,1,1,5,4,5,7,2,1,5,4,5,2,1,2,62,2,9,4,5,8,18,8,20,10,15,,67,,1,22,9,121.5332657,25.0648624
112,5,18,10,45,2,03中山區,中山區松江路與農安街口,0,0,1,1,B03,8,1,5,50,4,1,1,5,4,5,7,2,1,5,4,5,2,1,1,65,3,10,1,1,7,5,1,8,1,5,,15,,1,22,9,121.5332657,25.0648624
112,5,18,10,45,2,12內湖區,內湖區舊宗路1段159號,0,0,1,1,B01,8,1,5,50,14,9,1,5,4,5,7,4,4,1,4,5,2,16,1,50,3,10,1,1,7,6,1,2,1,2,,9,,1,22,9,121.5783848,25.06153448
112,5,18,10,45,2,12內湖區,內湖區舊宗路1段159號,0,0,1,2,C03,8,1,5,50,14,9,1,5,4,5,7,4,4,1,4,5,2,16,2,54,2,9,1,1,7,9,1,10,1,14,,44,,1,22,9,121.5783848,25.06153448
112,5,18,10,46,2,08士林區,士林區中正路與承德路4段277巷口,0,0,1,2,C03,8,1,5,50,3,2,1,5,4,5,7,4,4,3,4,5,2,17,1,26,3,10,1,1,7,9,1,10,1,14,,44,,1,22,9,121.5184764,25.09221874
112,5,18,10,46,2,08士林區,士林區中正路與承德路4段277巷口,0,0,1,1,C03,8,1,5,50,3,2,1,5,4,5,7,4,4,3,4,5,2,17,2,29,2,9,1,1,7,8,1,10,1,12,,7,,1,22,9,121.5184764,25.09221874
112,5,18,11,30,2,02萬華區,萬華區東園街19號,0,0,1,1,B03,8,1,5,40,14,9,1,5,4,5,7,4,4,8,3,5,1,13,1,29,4,11,3,4,7,15,7,19,11,15,,,,2,22,9,121.4955953,25.0278018
112,5,18,11,30,2,02萬華區,萬華區東園街19號,0,0,1,2,C03,8,1,5,40,14,9,1,5,4,5,7,4,4,8,3,5,1,13,2,39,2,7,1,1,7,14,1,10,1,14,,,,1,22,9,121.4955953,25.0278018
112,5,18,11,34,2,05中正區,中正區中山南路1段5號教育部前,0,0,1,1,C03,8,1,5,50,14,8,1,5,4,5,7,4,4,8,4,1,1,12,1,80,4,11,3,4,7,15,7,19,11,15,,,,2,22,9,121.5187521,25.0423583
112,5,18,11,34,2,05中正區,中正區中山南路1段5號教育部前,0,0,1,2,C03,8,1,5,50,14,8,1,5,4,5,7,4,4,8,4,1,1,12,2,22,2,9,1,1,7,7,1,10,2,11,,,,1,22,9,121.5187521,25.0423583
112,5,18,11,34,2,08士林區,士林區承德路4段與福港街口,0,0,1,1,B03,8,1,5,50,4,1,1,5,4,5,7,2,1,1,4,4,2,17,1,54,3,10,1,1,7,5,1,8,2,6,,6,,1,22,9,121.518409,25.0900113
112,5,18,11,34,2,08士林區,士林區承德路4段與福港街口,0,0,1,2,C03,8,1,5,50,4,1,1,5,4,5,7,2,1,1,4,4,2,17,1,19,2,9,1,1,7,9,1,10,1,11,,44,,1,22,9,121.518409,25.0900113
112,5,18,11,40,2,05中正區,中正區中山南路與信義路1段口,0,0,1,2,B01,8,1,5,50,5,1,1,5,4,5,7,1,1,1,5,1,2,12,1,50,3,10,1,1,7,9,1,4,1,2,,44,,1,22,9,121.5179938,25.0387573
112,5,18,11,40,2,05中正區,中正區中山南路與信義路1段口,0,0,1,1,C03,8,1,5,50,5,1,1,5,4,5,7,1,1,1,5,1,2,12,2,20,2,9,1,1,7,5,1,10,1,14,,26,,1,22,9,121.5179938,25.0387573
112,5,18,11,45,2,08士林區,士林區承德路4段270號與承德路4段口,0,0,1,1,B03,8,1,5,50,4,1,1,5,4,5,7,2,1,9,4,5,1,17,1,80,3,10,1,1,7,9,1,8,1,4,,25,,1,22,9,121.5198386,25.08952295
112,5,18,11,45,2,08士林區,士林區承德路4段270號與承德路4段口,0,0,1,2,C03,8,1,5,50,4,1,1,5,4,5,7,2,1,9,4,5,1,17,2,71,2,7,1,1,7,11,1,10,1,11,,26,,1,22,9,121.5198386,25.08952295
112,5,18,12,20,2,10文山區,文山區木柵路1段139號,0,0,1,1,B12,8,1,5,50,15,9,1,5,4,5,7,1,1,5,4,5,2,13,1,53,3,10,3,4,7,9,1,8,2,5,,23,,1,22,9,121.5502798,24.9875311
112,5,18,12,20,2,10文山區,文山區木柵路1段139號,0,0,1,2,C03,8,1,5,50,15,9,1,5,4,5,7,1,1,5,4,5,2,13,1,24,2,8,1,4,7,14,1,10,2,13,,42,,1,22,9,121.5502798,24.9875311
112,5,18,13,5,2,04大安區,大安區和平東路3段與樂業街口,0,0,1,1,B03,8,1,5,30,3,1,1,5,4,5,7,4,4,10,5,5,2,16,1,60,3,10,3,4,7,6,1,8,1,8,,6,,1,22,9,121.5500389,25.0244478
112,5,18,13,5,2,04大安區,大安區和平東路3段與樂業街口,0,0,1,2,C03,8,1,5,30,3,1,1,5,4,5,7,4,4,10,5,5,2,16,1,22,2,8,1,4,7,9,1,10,1,12,,44,,1,22,9,121.5500389,25.0244478
112,5,18,13,10,2,11南港區,南港區市民大道7段與向陽路口,0,0,1,2,B03,7,1,5,50,4,2,1,5,4,5,7,2,1,3,3,5,2,16,1,36,3,10,3,4,7,5,1,8,1,8,,17,,1,22,9,121.5961152,25.0513527
112,5,18,13,10,2,11南港區,南港區市民大道7段與向陽路口,0,0,1,1,C03,7,1,5,50,4,2,1,5,4,5,7,2,1,3,3,5,2,16,2,42,2,9,3,4,7,5,1,10,1,12,,17,,1,22,9,121.5961152,25.0513527
112,5,18,13,27,2,05中正區,中正區永福橋(往台北市方向),0,0,1,1,C03,8,1,5,50,8,9,1,5,4,5,7,4,4,5,4,5,1,17,2,21,3,10,1,1,7,9,1,10,1,13,,35,,1,22,9,121.5278319,25.01128285
112,5,18,13,27,2,05中正區,中正區永福橋(往台北市方向),0,0,1,2,C03,8,1,5,50,8,9,1,5,4,5,7,4,4,5,4,5,1,17,1,22,2,9,1,1,7,9,1,10,1,11,,44,,1,22,9,121.5278319,25.01128285
112,5,18,13,31,2,04大安區,大安區忠孝東路3段96號,0,0,1,2,B12,8,1,5,50,14,9,1,5,4,5,7,4,4,1,4,5,2,13,1,35,3,10,1,4,7,9,1,8,1,7,,44,,1,22,9,121.5362694,25.0417404
112,5,18,13,31,2,04大安區,大安區忠孝東路3段96號,0,0,1,1,C03,8,1,5,50,14,9,1,5,4,5,7,4,4,1,4,5,2,13,1,32,2,8,1,4,7,9,1,10,1,12,,23,,1,22,9,121.5362694,25.0417404
112,5,18,13,50,2,03中山區,中山區長安東路2段與建國北路1段口,0,0,2,1,C03,8,1,5,50,4,1,1,5,4,5,7,1,1,5,4,5,2,16,1,46,2,7,1,4,7,9,1,9,11,14,,26,,1,22,9,121.5364744,25.04837442
112,5,18,13,50,2,03中山區,中山區長安東路2段與建國北路1段口,0,0,2,2,B02,8,1,5,50,4,1,1,5,4,5,7,1,1,5,4,5,2,16,2,29,3,10,3,4,7,6,1,15,1,2,,44,,1,22,9,121.5364744,25.04837442
112,5,18,13,50,2,03中山區,中山區長安東路2段與建國北路1段口,0,0,2,3,H02,8,1,5,50,4,1,1,5,4,5,7,1,1,5,4,5,2,16,2,41,2,9,1,5,7,20,8,20,10,16,,67,,1,22,9,121.5364744,25.04837442
112,5,18,13,50,2,12內湖區,內湖區舊宗路2段與舊宗路2段213巷口口,0,0,1,2,C03,8,1,5,50,3,1,1,5,4,5,7,4,4,1,4,1,2,16,1,38,2,9,1,1,7,9,1,10,1,14,,14,,1,22,9,121.5735943,25.07302332
112,5,18,13,50,2,12內湖區,內湖區舊宗路2段與舊宗路2段213巷口口,0,0,1,1,B12,8,1,5,50,3,1,1,5,4,5,7,4,4,1,4,1,2,16,1,24,3,10,1,1,7,6,1,8,1,2,,9,,1,22,9,121.5735943,25.07302332
112,5,18,13,53,2,09北投區,北投區大業路與大業路527巷口,0,0,1,2,C03,8,1,5,40,4,1,1,5,4,5,7,1,1,5,4,5,2,16,2,20,3,10,1,1,7,5,1,10,2,13,,8,,1,22,9,121.4962653,25.13447398
112,5,18,13,53,2,09北投區,北投區大業路與大業路527巷口,0,0,1,1,C03,8,1,5,40,4,1,1,5,4,5,7,1,1,5,4,5,2,16,1,39,2,9,1,1,7,9,1,10,2,11,,44,,1,22,9,121.4962653,25.13447398
112,5,18,13,59,2,10文山區,文山區木新路2段與木新路2段299巷口口,0,0,2,2,C03,8,1,5,30,3,1,1,5,4,5,7,2,1,4,3,5,1,12,1,42,2,8,1,4,7,9,1,10,1,12,,13,,1,22,9,121.5652749,24.98277566
112,5,18,13,59,2,10文山區,文山區木新路2段與木新路2段299巷口口,0,0,2,1,C03,8,1,5,30,3,1,1,5,4,5,7,2,1,4,3,5,1,12,2,47,2,9,1,4,7,5,1,10,1,14,,6,,1,22,9,121.5652749,24.98277566
112,5,18,14,0,2,12內湖區,內湖區成功路2段250巷與成功路2段口,0,0,1,1,B03,8,1,5,50,3,2,1,5,4,5,7,4,4,1,4,5,2,12,1,65,3,10,1,1,7,9,1,8,1,6,,43,,1,22,9,121.5903422,25.06566471
112,5,18,14,0,2,12內湖區,內湖區成功路2段250巷與成功路2段口,0,0,1,2,C03,8,1,5,50,3,2,1,5,4,5,7,4,4,1,4,5,2,12,1,46,2,7,1,1,7,9,1,10,1,14,,43,,1,22,9,121.5903422,25.06566471
112,5,18,14,33,2,03中山區,中山區民生西路66巷7號,0,0,1,2,,8,1,5,30,14,9,1,5,4,5,7,4,4,10,3,5,1,29,3,56,,,,,,,,,,,,67,,1,,,121.520817,25.05729842
112,5,18,14,33,2,03中山區,中山區民生西路66巷7號,0,0,1,1,C03,8,1,5,30,14,9,1,5,4,5,7,4,4,10,3,5,1,29,2,56,2,9,1,1,7,9,1,10,2,14,,23,,1,22,9,121.520817,25.05729842
112,5,18,14,33,2,03中山區,中山區民生西路66巷7號,0,0,1,3,B03,8,1,5,30,14,9,1,5,4,5,7,4,4,10,3,5,1,29,1,25,3,10,1,1,7,14,1,8,2,5,,44,,1,22,9,121.520817,25.05729842
112,5,18,14,44,2,03中山區,中山區中山北路3段36巷與中山北路3段口,0,0,1,1,C03,8,1,5,50,3,1,1,5,4,5,7,4,4,5,4,5,2,12,1,66,2,9,1,1,7,7,1,10,1,11,12,23,,1,22,9,121.5221253,25.06573501
112,5,18,14,44,2,03中山區,中山區中山北路3段36巷與中山北路3段口,0,0,1,2,B03,8,1,5,50,3,1,1,5,4,5,7,4,4,5,4,5,2,12,1,47,3,10,1,1,7,14,1,15,1,3,,44,,1,22,9,121.5221253,25.06573501
112,5,18,14,45,2,11南港區,南港區經貿二路62巷與三重路口,0,0,1,1,C03,7,1,5,50,3,2,1,5,4,5,7,2,1,8,3,5,2,17,2,43,3,10,3,4,7,1,1,10,11,15,,19,,2,22,9,121.6147932,25.0571125
112,5,18,14,45,2,11南港區,南港區經貿二路62巷與三重路口,0,0,1,2,A01,7,1,5,50,3,2,1,5,4,5,7,2,1,8,3,5,2,17,1,47,3,10,3,4,7,9,1,2,1,15,,44,,1,22,9,121.6147932,25.0571125
112,5,18,14,45,2,11南港區,南港區經貿二路62巷與三重路口,0,0,1,3,H02,7,1,5,50,3,2,1,5,4,5,7,2,1,8,3,5,2,17,2,86,2,9,3,5,7,20,8,20,10,16,,67,,1,22,9,121.6147932,25.0571125
112,5,18,15,20,2,02萬華區,萬華區廣州街64號,0,0,1,3,H02,8,1,5,50,14,9,1,5,4,5,7,4,4,9,4,5,2,17,2,78,2,9,4,5,7,20,8,20,10,15,,67,,1,22,9,121.5030766,25.03658718
112,5,18,15,20,2,02萬華區,萬華區廣州街64號,0,0,1,1,C03,8,1,5,50,14,9,1,5,4,5,7,4,4,9,4,5,2,17,1,31,3,10,1,4,7,5,1,10,1,12,,8,,1,22,9,121.5030766,25.03658718
112,5,18,15,20,2,02萬華區,萬華區廣州街64號,0,0,1,2,C03,8,1,5,50,14,9,1,5,4,5,7,4,4,9,4,5,2,17,2,53,3,10,1,4,7,9,1,10,1,15,,44,,1,22,9,121.5030766,25.03658718
112,5,18,15,42,2,12內湖區,內湖區民權東路6段92號與民權東路6段90巷口,0,0,1,2,C03,8,1,5,50,3,1,1,5,4,5,7,1,1,1,4,4,1,12,1,23,2,9,1,1,7,9,1,10,1,14,,44,,1,22,9,121.5859505,25.06888815
112,5,18,15,42,2,12內湖區,內湖區民權東路6段92號與民權東路6段90巷口,0,0,1,1,B03,8,1,5,50,3,1,1,5,4,5,7,1,1,1,4,4,1,12,1,52,3,10,1,1,7,8,1,8,1,6,,7,,1,22,9,121.5859505,25.06888815
112,5,18,16,26,2,09北投區,北投區北投路1段與北投路2段口,0,0,2,2,C03,8,1,5,50,4,1,1,5,4,5,7,1,1,4,4,4,2,16,1,18,2,9,1,1,7,9,1,10,1,14,,23,,1,22,9,121.4996277,25.13019781
112,5,18,16,26,2,09北投區,北投區北投路1段與北投路2段口,0,0,2,1,C03,8,1,5,50,4,1,1,5,4,5,7,1,1,4,4,4,2,16,1,43,2,9,1,1,7,5,1,10,1,11,,6,,1,22,9,121.4996277,25.13019781
112,5,18,16,27,2,09北投區,北投區建民路與懷德街56巷口,0,0,1,2,B03,8,1,5,30,4,1,1,5,4,5,7,4,4,10,5,5,2,16,1,57,3,10,1,1,7,9,1,8,2,5,,23,,1,22,9,121.5204398,25.11272308
112,5,18,16,27,2,09北投區,北投區建民路與懷德街56巷口,0,0,1,1,C03,8,1,5,30,4,1,1,5,4,5,7,4,4,10,5,5,2,16,1,55,2,9,1,1,7,11,1,10,2,12,,6,,1,22,9,121.5204398,25.11272308
112,5,18,16,41,2,10文山區,文山區木新路2段291號與保儀路口口,0,0,1,1,C03,8,1,5,50,3,1,1,5,4,5,7,1,1,4,3,5,2,13,1,58,2,9,1,1,7,1,1,10,2,13,,19,,1,22,9,121.5655379,24.9828855
112,5,18,16,41,2,10文山區,文山區木新路2段291號與保儀路口口,0,0,1,2,B03,8,1,5,50,3,1,1,5,4,5,7,1,1,4,3,5,2,13,1,26,3,10,1,1,7,9,1,8,2,1,,23,,1,22,9,121.5655379,24.9828855
112,5,18,17,4,2,07信義區,信義區松山路與松山路515巷口,0,0,2,1,C03,8,1,5,30,3,2,1,5,4,5,7,4,4,9,5,5,2,16,1,38,2,8,1,1,7,5,1,10,1,14,,6,,1,22,9,121.5780658,25.0384894
112,5,18,17,4,2,07信義區,信義區松山路與松山路515巷口,0,0,2,2,C03,8,1,5,30,3,2,1,5,4,5,7,4,4,9,5,5,2,16,1,18,2,9,1,1,7,9,1,10,1,11,,23,,1,22,9,121.5780658,25.0384894
112,5,18,17,5,2,03中山區,中山區市民高架道往西394號燈桿,0,0,1,1,B03,8,1,5,80,10,9,1,5,4,5,7,4,4,2,4,5,2,13,1,24,3,10,1,1,7,9,1,8,1,1,,23,,1,22,9,121.5298595,25.04634355
112,5,18,17,5,2,03中山區,中山區市民高架道往西394號燈桿,0,0,1,2,B03,8,1,5,80,10,9,1,5,4,5,7,4,4,2,4,5,2,13,1,49,2,9,1,1,7,12,1,8,1,3,,44,,1,22,9,121.5298595,25.04634355
112,5,18,17,15,2,02萬華區,萬華區環河南路1段與忠孝西路2段口,0,0,1,2,C03,8,1,5,50,3,1,1,5,4,5,7,1,1,5,2,5,2,16,1,39,2,9,1,4,7,9,1,10,1,11,,44,,1,22,9,121.5062294,25.04879283
112,5,18,17,15,2,02萬華區,萬華區環河南路1段與忠孝西路2段口,0,0,1,1,B01,8,1,5,50,3,1,1,5,4,5,7,1,1,5,2,5,2,16,1,66,3,10,1,4,7,6,1,4,1,2,,9,,1,22,9,121.5062294,25.04879283
112,5,18,17,39,2,07信義區,信義區松信路與永吉路180巷67弄口口,0,0,2,2,C03,7,1,5,30,4,1,1,5,4,5,7,1,1,10,4,5,2,17,1,58,2,9,1,1,7,9,1,10,1,12,,23,,1,22,9,121.5719849,25.0434543