發生年度,發生月,發生日,發生時-Hours,發生分,處理別-編號,區序,肇事地點,死亡人數,2-30日死亡人數,受傷人數,當事人序號,車種,天候,光線,道路類別,速限-速度限制,道路型態,事故位置,路面狀況1,路面狀況2,路面狀況3,道路障礙1,道路障礙2,號誌1,號誌2,車道劃分-分向,車道劃分-分道1,車道劃分-分道2,車道劃分-分道3,事故類型及型態,性別,年齡,受傷程度,主要傷處,保護裝置,行動電話,車輛用途,當事者行動狀態,駕駛資格情形,駕駛執照種類,飲酒情形,車輛撞擊部位1,車輛撞擊部位2,肇因碼-個別,肇因碼-主要,個人肇逃否,職業,旅次目的,座標-X,座標-Y
112,5,19,10,13,2,09北投區,北投區北投路2段捷運北投站1號口,0,0,1,2,C03,6,1,5,50,14,9,1,4,4,5,7,2,1,5,4,5,2,17,2,21,2,9,1,1,7,9,1,10,1,15,,44,,1,22,9,121.4979347,25.13213003
112,5,19,10,51,2,06松山區,松山區民權東路4段與光復北路口,0,0,1,2,C03,6,1,5,0,14,9,1,4,4,5,7,2,1,3,2,2,2,16,2,40,2,9,1,4,7,9,1,10,2,11,,23,,1,22,9,121.5545825,25.06198262
112,5,19,10,51,2,06松山區,松山區民權東路4段與光復北路口,0,0,1,1,B02,6,1,5,0,14,9,1,4,4,5,7,2,1,3,2,2,2,16,1,66,4,11,3,4,7,6,7,19,11,15,,9,,2,22,9,121.5545825,25.06198262
112,5,19,11,19,2,02萬華區,萬華區萬大路408巷與長泰街139巷口口,0,0,1,1,C03,7,1,5,30,3,1,1,4,4,5,7,4,4,10,5,5,1,16,1,25,3,10,3,4,7,9,3,18,1,14,,4,,1,22,9,121.4973193,25.0212638
112,5,19,11,19,2,02萬華區,萬華區萬大路408巷與長泰街139巷口口,0,0,1,2,C03,7,1,5,30,3,1,1,4,4,5,7,4,4,10,5,5,1,16,2,62,2,1,3,1,7,9,1,10,1,11,,44,,1,22,9,121.4973193,25.0212638
112,5,19,11,48,2,04大安區,大安區市民大道3段與建國南路1段口,0,0,3,5,H02,6,1,5,40,5,2,1,4,4,5,7,2,1,1,1,4,2,17,2,32,2,9,1,1,7,17,8,20,10,16,,67,,1,22,9,121.53616,25.0446598
112,5,19,11,48,2,04大安區,大安區市民大道3段與建國南路1段口,0,0,3,1,C03,6,1,5,40,5,2,1,4,4,5,7,2,1,1,1,4,2,17,2,35,2,7,1,1,7,9,1,10,1,14,,42,,1,22,9,121.53616,25.0446598
112,5,19,11,48,2,04大安區,大安區市民大道3段與建國南路1段口,0,0,3,2,C03,6,1,5,40,5,2,1,4,4,5,7,2,1,1,1,4,2,17,1,30,2,9,1,1,7,9,1,10,1,13,,42,,1,22,9,121.53616,25.0446598
112,5,19,11,48,2,04大安區,大安區市民大道3段與建國南路1段口,0,0,3,4,B12,6,1,5,40,5,2,1,4,4,5,7,2,1,1,1,4,2,17,1,55,3,10,1,1,7,9,1,8,1,1,,44,,1,22,9,121.53616,25.0446598
112,5,19,11,48,2,04大安區,大安區市民大道3段與建國南路1段口,0,0,3,3,C03,6,1,5,40,5,2,1,4,4,5,7,2,1,1,1,4,2,17,2,34,3,10,1,1,7,9,1,10,1,13,,44,,1,22,9,121.53616,25.0446598
112,5,19,12,10,2,07信義區,信義區忠孝東路4段555號,0,0,1,1,A02,6,1,5,50,14,9,1,4,4,5,7,4,4,1,4,5,2,9,1,45,3,10,1,1,7,9,1,2,2,15,,43,,1,22,9,121.5620694,25.041321
112,5,19,12,10,2,07信義區,信義區忠孝東路4段555號,0,0,1,2,H02,6,1,5,50,14,9,1,4,4,5,7,4,4,1,4,5,2,9,1,32,2,1,1,1,7,16,8,20,10,16,,67,,1,22,9,121.5620694,25.041321
112,5,19,12,18,2,05中正區,中正區公園路與凱達格蘭大道口旁,0,0,1,2,H02,8,1,5,50,14,9,1,5,4,5,7,4,4,9,4,5,1,9,2,73,2,1,4,5,7,17,8,20,10,16,,67,,1,20,5,121.5155961,25.0398048
112,5,19,12,18,2,05中正區,中正區公園路與凱達格蘭大道口旁,0,0,1,1,A02,8,1,5,50,14,9,1,5,4,5,7,4,4,9,4,5,1,9,1,52,3,10,1,1,7,9,1,2,1,15,,43,,1,10,1,121.5155961,25.0398048
112,5,19,12,21,2,01大同區,大同區鄭州路145號,0,0,1,1,C03,6,1,5,40,3,1,1,4,4,5,7,4,4,1,4,5,2,13,1,37,2,9,1,1,7,9,1,10,1,11,,13,,1,22,9,121.5088144,25.05047183
112,5,19,12,21,2,01大同區,大同區鄭州路145號,0,0,1,2,B03,6,1,5,40,3,1,1,4,4,5,7,4,4,1,4,5,2,13,2,44,3,10,3,4,7,5,1,8,1,3,,44,,1,22,9,121.5088144,25.05047183
112,5,19,12,30,2,03中山區,中山區民權東路3段與龍江路口,0,0,1,2,B01,6,1,5,50,4,1,1,4,4,5,7,1,1,9,5,5,2,12,1,62,3,10,1,1,7,6,1,4,1,1,,23,,1,22,9,121.5406877,25.0624236
112,5,19,12,30,2,03中山區,中山區民權東路3段與龍江路口,0,0,1,1,F01,6,1,5,50,4,1,1,4,4,5,7,1,1,9,5,5,2,12,2,72,2,9,3,4,7,9,8,20,1,16,,26,,1,22,9,121.5406877,25.0624236
112,5,19,12,35,2,09北投區,北投區承德路7段121號,0,0,1,1,C03,6,1,5,50,14,9,1,4,4,5,7,4,4,9,4,5,2,16,1,63,3,10,1,1,7,6,1,10,1,15,,9,,1,22,9,121.515219,25.115004
112,5,19,12,35,2,09北投區,北投區承德路7段121號,0,0,1,2,C03,6,1,5,50,14,9,1,4,4,5,7,4,4,9,4,5,2,16,1,22,2,9,1,1,7,9,1,10,1,12,,16,,1,22,9,121.515219,25.115004
112,5,19,12,50,2,04大安區,大安區建國南路2段與建國南路2段69巷口,0,0,1,2,C03,6,1,5,50,3,1,1,4,4,3,5,4,4,10,4,5,2,17,1,60,2,6,3,4,7,9,6,10,11,14,,23,,1,22,9,121.5380077,25.0312518
112,5,19,12,50,2,04大安區,大安區建國南路2段與建國南路2段69巷口,0,0,1,1,B03,6,1,5,50,3,1,1,4,4,3,5,4,4,10,4,5,2,17,1,50,3,10,3,4,7,6,1,4,11,15,,6,,1,22,9,121.5380077,25.0312518
112,5,19,12,53,2,09北投區,北投區中央南路1段217號,0,0,1,2,C03,8,1,5,50,14,9,1,5,4,5,7,4,4,10,5,5,2,14,1,37,2,8,1,1,7,9,1,10,1,14,,44,,1,22,9,121.501039,25.12805258
112,5,19,12,53,2,09北投區,北投區中央南路1段217號,0,0,1,1,B12,8,1,5,50,14,9,1,5,4,5,7,4,4,10,5,5,2,14,1,19,3,10,3,4,7,2,1,8,1,6,,12,,1,22,9,121.501039,25.12805258
112,5,19,13,0,2,10文山區,文山區景明街與羅斯福路5段269巷口口,0,0,2,4,B01,7,1,5,30,4,1,1,5,4,5,7,4,4,10,5,5,2,15,1,61,3,10,1,1,7,13,1,4,11,8,,44,,2,22,9,121.5409502,25.0015103
112,5,19,13,0,2,10文山區,文山區景明街與羅斯福路5段269巷口口,0,0,2,1,B03,7,1,5,30,4,1,1,5,4,5,7,4,4,10,5,5,2,15,2,30,3,10,1,1,7,9,1,8,1,5,,6,,1,22,9,121.5409502,25.0015103
112,5,19,13,0,2,10文山區,文山區景明街與羅斯福路5段269巷口口,0,0,2,2,C03,7,1,5,30,4,1,1,5,4,5,7,4,4,10,5,5,2,15,2,55,2,7,1,1,7,9,1,10,1,12,,44,,1,22,9,121.5409502,25.0015103
112,5,19,13,0,2,10文山區,文山區景明街與羅斯福路5段269巷口口,0,0,2,3,H02,7,1,5,30,4,1,1,5,4,5,7,4,4,10,5,5,2,15,2,23,2,7,1,5,7,20,8,20,10,16,,67,,1,22,9,121.5409502,25.0015103
112,5,19,13,13,2,11南港區,南港區南港路1段與經貿二路口,0,0,3,5,C04,6,1,5,50,4,1,1,4,4,5,7,2,1,1,3,1,1,12,1,23,2,7,1,2,7,9,1,10,1,12,,,,1,22,9,121.6168065,25.0551645
112,5,19,13,13,2,11南港區,南港區南港路1段與經貿二路口,0,0,3,4,C03,6,1,5,50,4,1,1,4,4,5,7,2,1,1,3,1,1,12,1,22,3,10,1,4,7,9,1,10,1,11,,,,1,22,9,121.6168065,25.0551645
112,5,19,13,13,2,11南港區,南港區南港路1段與經貿二路口,0,0,3,3,C03,6,1,5,50,4,1,1,4,4,5,7,2,1,1,3,1,1,12,2,20,2,8,1,1,7,9,1,10,1,11,,,,1,22,9,121.6168065,25.0551645
112,5,19,13,13,2,11南港區,南港區南港路1段與經貿二路口,0,0,3,2,C03,6,1,5,50,4,1,1,4,4,5,7,2,1,1,3,1,1,12,1,29,3,10,1,4,7,9,1,10,1,12,,,,1,22,9,121.6168065,25.0551645
112,5,19,13,13,2,11南港區,南港區南港路1段與經貿二路口,0,0,3,1,C03,6,1,5,50,4,1,1,4,4,5,7,2,1,1,3,1,1,12,2,33,2,8,1,4,7,5,1,10,1,13,,,,1,22,9,121.6168065,25.0551645
112,5,19,13,42,2,04大安區,大安區敦化南路1段270巷與仁愛路4段71巷口,0,0,2,2,C03,7,1,6,30,4,1,1,5,4,5,7,4,4,10,5,5,1,15,1,28,2,7,1,1,7,9,1,10,1,12,,23,,1,22,9,121.5471304,25.0389825
112,5,19,13,42,2,04大安區,大安區敦化南路1段270巷與仁愛路4段71巷口,0,0,2,3,H02,7,1,6,30,4,1,1,5,4,5,7,4,4,10,5,5,1,15,2,28,2,8,1,5,7,20,8,20,10,16,,67,,1,22,9,121.5471304,25.0389825
112,5,19,13,42,2,04大安區,大安區敦化南路1段270巷與仁愛路4段71巷口,0,0,2,1,B03,7,1,6,30,4,1,1,5,4,5,7,4,4,10,5,5,1,15,1,71,3,10,3,4,7,9,1,8,1,1,,6,,1,22,9,121.5471304,25.0389825
112,5,19,13,46,2,04大安區,大安區和平東路1段103號,0,0,1,1,C03,7,1,5,50,14,9,1,5,4,5,7,2,1,1,4,5,2,17,1,62,2,8,1,4,7,10,1,10,1,14,,7,,1,22,9,121.5262128,25.0268991
112,5,19,13,46,2,04大安區,大安區和平東路1段103號,0,0,1,2,B01,7,1,5,50,14,9,1,5,4,5,7,2,1,1,4,5,2,17,1,65,3,10,3,4,7,1,1,4,1,5,,44,,1,22,9,121.5262128,25.0268991
112,5,19,14,32,2,03中山區,中山區松江路152號,0,0,1,2,C03,8,1,5,50,14,9,1,5,4,5,7,4,4,7,4,5,2,12,1,29,2,9,2,1,7,9,1,10,1,12,,44,,1,6,3,121.5327562,25.0534935
112,5,19,14,32,2,03中山區,中山區松江路152號,0,0,1,1,B01,8,1,5,50,14,9,1,5,4,5,7,4,4,7,4,5,2,12,1,50,3,10,1,1,7,1,1,4,1,4,,19,,1,10,4,121.5327562,25.0534935
112,5,19,14,42,2,04大安區,大安區大安路1段與大安路1段83巷口,0,0,1,1,B03,8,1,5,30,4,1,1,5,4,5,7,4,4,10,5,5,2,15,1,53,3,10,3,4,7,9,1,8,1,5,,6,,1,22,9,121.5461571,25.0409763
112,5,19,14,42,2,04大安區,大安區大安路1段與大安路1段83巷口,0,0,1,2,C03,8,1,5,30,4,1,1,5,4,5,7,4,4,10,5,5,2,15,2,27,2,8,3,4,7,9,1,10,1,14,,44,,1,22,9,121.5461571,25.0409763
112,5,19,14,58,2,09北投區,北投區中央北路3段與中央北路3段40巷口,0,0,1,1,C03,6,1,5,50,3,1,1,4,4,5,7,1,1,1,4,5,2,17,2,23,2,9,1,1,7,8,1,10,2,12,,42,,1,22,9,121.4855844,25.13820723
112,5,19,14,58,2,09北投區,北投區中央北路3段與中央北路3段40巷口,0,0,1,2,B12,6,1,5,50,3,1,1,4,4,5,7,1,1,1,4,5,2,17,1,45,3,10,3,4,7,9,1,7,2,15,,44,,1,22,9,121.4855844,25.13820723
112,5,19,15,16,2,08士林區,士林區忠誠路1段173巷與德行東路190巷口,0,0,1,2,C03,7,1,5,50,4,1,1,5,4,5,7,4,4,10,5,5,1,15,2,19,2,9,1,1,7,9,1,10,1,14,,14,,1,22,9,121.5310078,25.1079548
112,5,19,15,16,2,08士林區,士林區忠誠路1段173巷與德行東路190巷口,0,0,1,1,B03,7,1,5,50,4,1,1,5,4,5,7,4,4,10,5,5,1,15,1,76,3,10,1,1,7,9,1,8,1,1,,6,,1,22,9,121.5310078,25.1079548
112,5,19,15,19,2,08士林區,士林區中正路與重慶北路4段口,0,0,1,1,B02,7,1,5,50,3,1,1,5,4,5,7,4,4,1,4,4,2,12,1,46,3,10,3,4,7,6,1,8,2,5,,9,,1,22,9,121.5098614,25.08672131
112,5,19,15,19,2,08士林區,士林區中正路與重慶北路4段口,0,0,1,2,C03,7,1,5,50,3,1,1,5,4,5,7,4,4,1,4,4,2,12,2,20,2,9,1,1,7,9,1,10,2,14,,42,,1,22,9,121.5098614,25.08672131
112,5,19,15,42,2,05中正區,中正區襄陽路與館前路口,0,0,1,1,C03,8,1,5,50,3,2,1,5,4,5,7,2,1,10,5,5,2,16,2,55,2,8,1,1,7,5,1,10,2,14,,8,,1,22,9,121.5150048,25.0434071
112,5,19,15,42,2,05中正區,中正區襄陽路與館前路口,0,0,1,2,B03,8,1,5,50,3,2,1,5,4,5,7,2,1,10,5,5,2,16,1,37,3,10,1,1,7,5,1,8,2,5,,44,,1,22,9,121.5150048,25.0434071
112,5,19,16,34,2,10文山區,文山區光輝路21巷與光輝路口,0,0,1,2,C03,7,1,5,30,4,1,1,5,4,5,7,4,4,10,5,5,2,16,2,22,2,9,1,1,7,9,1,10,1,11,,44,,1,22,9,121.5549401,24.98582683
112,5,19,16,34,2,10文山區,文山區光輝路21巷與光輝路口,0,0,1,1,B03,7,1,5,30,4,1,1,5,4,5,7,4,4,10,5,5,2,16,2,48,3,10,1,1,7,9,1,8,1,2,,6,,1,22,9,121.5549401,24.98582683
112,5,19,17,43,2,01大同區,大同區民權西路與蘭州街口,0,0,1,1,B12,8,1,5,50,4,1,1,5,4,5,7,2,1,10,4,5,2,16,1,27,3,10,3,4,7,5,1,8,1,4,,8,,1,22,9,121.514705,25.0628912
112,5,19,17,43,2,01大同區,大同區民權西路與蘭州街口,0,0,1,2,C03,8,1,5,50,4,1,1,5,4,5,7,2,1,10,4,5,2,16,1,21,2,9,3,4,7,9,1,10,1,11,,44,,1,22,9,121.514705,25.0628912
112,5,19,17,57,2,03中山區,中山區長安東路2段與新生北路1段口,0,0,2,1,C03,7,1,5,50,4,1,1,5,4,5,7,2,1,4,5,5,1,12,2,18,2,8,3,4,7,6,1,10,1,12,,6,,1,22,9,121.5294973,25.04820618
112,5,19,17,57,2,03中山區,中山區長安東路2段與新生北路1段口,0,0,2,2,C03,7,1,5,50,4,1,1,5,4,5,7,2,1,4,5,5,1,12,1,33,2,8,3,4,7,9,1,10,1,14,,13,,1,22,9,121.5294973,25.04820618
112,5,19,18,15,2,05中正區,中正區中山南路與仁愛路1段口,0,0,1,1,B03,7,2,5,50,5,1,1,5,4,5,7,1,1,1,5,5,2,17,1,36,3,10,1,1,7,6,1,8,2,5,,9,,1,22,9,121.5179133,25.0393925
112,5,19,18,15,2,05中正區,中正區中山南路與仁愛路1段口,0,0,1,2,C03,7,2,5,50,5,1,1,5,4,5,7,1,1,1,5,5,2,17,1,43,2,9,1,1,7,9,1,10,2,14,,44,,1,22,9,121.5179133,25.0393925
112,5,19,18,23,2,03中山區,中山區民權東路2段144號,0,0,1,1,B02,8,1,5,50,14,9,1,5,4,5,7,4,4,1,4,5,2,17,4,0,4,11,3,4,7,15,7,19,11,15,,43,,2,22,9,121.5360035,25.06248706
112,5,19,18,23,2,03中山區,中山區民權東路2段144號,0,0,1,2,B03,8,1,5,50,14,9,1,5,4,5,7,4,4,1,4,5,2,17,1,39,2,9,1,1,7,14,1,8,11,3,,44,,1,22,9,121.5360035,25.06248706
112,5,19,18,30,2,12內湖區,內湖區文湖街與文湖街21巷口,0,0,1,1,C03,8,1,5,50,14,9,1,5,4,5,7,4,4,9,5,5,2,17,1,20,3,10,1,1,7,9,1,10,1,11,,23,,1,22,9,121.5610523,25.0862993
112,5,19,18,30,2,12內湖區,內湖區文湖街與文湖街21巷口,0,0,1,2,C03,8,1,5,50,14,9,1,5,4,5,7,4,4,9,5,5,2,17,2,24,2,8,1,1,7,7,1,10,1,14,,7,,1,22,9,121.5610523,25.0862993
112,5,19,18,34,2,10文山區,文山區興隆路4段66巷與興隆路4段口,0,0,1,2,C03,7,1,5,50,4,1,1,5,4,5,7,4,4,1,4,5,2,16,1,24,2,9,1,1,7,9,1,10,1,11,,44,,1,22,9,121.5615507,24.98491961
112,5,19,18,34,2,10文山區,文山區興隆路4段66巷與興隆路4段口,0,0,1,1,B02,7,1,5,50,4,1,1,5,4,5,7,4,4,1,4,5,2,16,1,47,3,10,1,1,7,5,1,8,1,4,,8,,1,22,9,121.5615507,24.98491961
112,5,19,18,46,2,11南港區,南港區忠孝東路6段與向陽路口口,0,0,2,1,C03,7,3,5,50,5,1,1,5,4,5,7,2,1,1,4,5,2,12,1,29,2,9,1,3,7,9,1,10,2,14,,17,,1,22,9,121.595712,25.05069995
112,5,19,18,46,2,11南港區,南港區忠孝東路6段與向陽路口口,0,0,2,2,C03,7,3,5,50,5,1,1,5,4,5,7,2,1,1,4,5,2,12,2,25,2,9,1,1,7,9,1,10,2,12,,17,,1,22,9,121.595712,25.05069995
112,5,19,18,47,2,11南港區,南港區南港路1段209號後方,0,0,2,3,H02,8,3,5,50,14,9,1,5,4,5,7,4,4,9,4,5,2,16,2,4,2,9,1,1,7,21,8,20,10,15,,67,,1,22,9,121.6110856,25.0538756
112,5,19,18,47,2,11南港區,南港區南港路1段209號後方,0,0,2,1,B03,8,3,5,50,14,9,1,5,4,5,7,4,4,9,4,5,2,16,1,54,3,10,1,1,7,11,1,8,2,8,,10,,1,22,9,121.6110856,25.0538756
112,5,19,18,47,2,11南港區,南港區南港路1段209號後方,0,0,2,2,C03,8,3,5,50,14,9,1,5,4,5,7,4,4,9,4,5,2,16,1,40,2,9,1,1,7,9,1,10,2,11,,23,,1,22,9,121.6110856,25.0538756
112,5,19,19,13,2,03中山區,中山區南京東路2段與新生北路2段口,0,0,1,2,B03,7,3,5,50,4,1,1,5,4,5,7,1,1,1,4,4,2,16,2,50,3,10,1,1,7,9,1,8,1,4,,44,,1,22,9,121.5278047,25.0522656
112,5,19,19,13,2,03中山區,中山區南京東路2段與新生北路2段口,0,0,1,1,C03,7,3,5,50,4,1,1,5,4,5,7,1,1,1,4,4,2,16,2,47,2,9,1,1,7,8,1,10,1,12,,7,,1,22,9,121.5278047,25.0522656
112,5,19,19,30,2,03中山區,中山區樂群一路與基湖路口,0,0,1,2,C03,8,3,5,50,3,1,1,5,4,5,7,2,1,9,4,5,2,12,2,36,2,9,1,1,7,9,1,10,1,14,,67,,1,5,1,121.5633122,25.0761712
112,5,19,19,30,2,03中山區,中山區樂群一路與基湖路口,0,0,1,1,B02,8,3,5,50,3,1,1,5,4,5,7,2,1,9,4,5,2,12,1,60,3,10,1,1,7,6,1,15,1,2,,9,,1,1,3,121.5633122,25.0761712
112,5,19,20,32,2,08士林區,士林區中正路與通河西街2段口,0,0,1,1,C03,8,3,5,40,3,1,1,5,4,5,7,4,4,5,5,5,1,16,1,37,3,10,1,1,7,5,1,10,1,12,,8,,1,22,9,121.5117661,25.08820006
112,5,19,20,32,2,08士林區,士林區中正路與通河西街2段口,0,0,1,2,C03,8,3,5,40,3,1,1,5,4,5,7,4,4,5,5,5,1,16,2,24,2,7,1,1,7,9,1,10,1,11,,44,,1,22,9,121.5117661,25.08820006
112,5,19,21,2,2,12內湖區,內湖區內湖路2段355巷與內湖路2段口,0,0,1,1,C03,7,3,5,50,4,1,1,5,4,5,7,2,1,9,4,5,2,16,1,28,2,9,1,1,7,5,1,10,1,14,,6,,1,22,9,121.5921651,25.0834662
112,5,19,21,2,2,12內湖區,內湖區內湖路2段355巷與內湖路2段口,0,0,1,2,C03,7,3,5,50,4,1,1,5,4,5,7,2,1,9,4,5,2,16,2,18,3,10,1,1,7,9,1,10,1,12,,23,,1,22,9,121.5921651,25.0834662
112,5,19,21,22,2,03中山區,中山區中山北路3段與北安路口接機車道,0,0,2,1,B03,7,1,5,40,3,1,1,5,4,5,7,4,4,10,5,1,2,12,1,19,3,10,1,1,7,6,1,8,1,5,,9,,1,22,9,121.5256828,25.07431601
112,5,19,21,22,2,03中山區,中山區中山北路3段與北安路口接機車道,0,0,2,2,C03,7,1,5,40,3,1,1,5,4,5,7,4,4,10,5,1,2,12,2,29,2,9,1,1,7,9,1,10,1,14,,27,,1,22,9,121.5256828,25.07431601
112,5,19,21,22,2,03中山區,中山區中山北路3段與北安路口接機車道,0,0,2,3,H02,7,1,5,40,3,1,1,5,4,5,7,4,4,10,5,1,2,12,1,42,2,9,4,5,7,21,8,20,10,16,,67,,1,22,9,121.5256828,25.07431601
112,5,19,21,26,2,03中山區,中山區民生東路1段70巷與新生北路2段62巷口,0,0,1,1,C03,8,3,5,30,4,1,1,5,4,5,7,4,4,10,5,5,2,15,1,45,2,8,1,4,7,9,1,10,2,12,,6,,1,22,9,121.5264148,25.05620927
112,5,19,21,26,2,03中山區,中山區民生東路1段70巷與新生北路2段62巷口,0,0,1,2,B03,8,3,5,30,4,1,1,5,4,5,7,4,4,10,5,5,2,15,1,31,3,10,3,4,7,9,1,8,2,8,,14,,1,22,9,121.5264148,25.05620927
112,5,19,21,27,2,04大安區,大安區建國高架道第115號燈桿,0,0,1,1,B03,7,3,5,70,10,9,1,5,4,5,7,4,4,1,4,5,2,13,1,39,3,10,1,1,7,8,1,8,2,1,,23,,1,22,9,121.5379901,25.03701751
112,5,19,21,27,2,04大安區,大安區建國高架道第115號燈桿,0,0,1,2,B03,7,3,5,70,10,9,1,5,4,5,7,4,4,1,4,5,2,13,1,47,2,3,1,1,7,9,1,8,2,3,,44,,1,22,9,121.5379901,25.03701751
112,5,19,21,27,2,04大安區,大安區建國高架道第115號燈桿,0,0,1,3,B03,7,3,5,70,10,9,1,5,4,5,7,4,4,1,4,5,2,13,2,51,3,10,1,1,7,9,1,8,2,3,,44,,1,22,9,121.5379901,25.03701751
112,5,19,22,8,2,03中山區,中山區中山北路3段與民族西路口,0,0,1,2,C03,8,3,5,50,4,2,1,5,4,5,7,1,1,5,4,5,2,16,2,24,2,8,1,1,7,9,1,10,1,11,,23,,1,22,9,121.522872,25.0684716
112,5,19,22,8,2,03中山區,中山區中山北路3段與民族西路口,0,0,1,1,B03,8,3,5,50,4,2,1,5,4,5,7,1,1,5,4,5,2,16,1,36,3,10,1,1,7,11,1,8,1,6,,10,,1,22,9,121.522872,25.0684716
112,5,19,22,20,2,05中正區,中正區中華路2段與莒光路口,0,0,2,1,C03,8,3,5,50,4,1,1,5,4,5,7,1,1,1,4,5,2,16,1,37,2,9,1,1,7,5,1,10,1,12,,8,,1,22,9,121.5042118,25.0312284
112,5,19,22,20,2,05中正區,中正區中華路2段與莒光路口,0,0,2,3,H02,8,3,5,50,4,1,1,5,4,5,7,1,1,1,4,5,2,16,2,27,4,11,1,5,7,20,8,20,10,16,,67,,1,22,9,121.5042118,25.0312284
112,5,19,22,20,2,05中正區,中正區中華路2段與莒光路口,0,0,2,2,C03,8,3,5,50,4,1,1,5,4,5,7,1,1,1,4,5,2,16,1,44,2,9,1,1,7,9,1,8,1,11,,13,,1,22,9,121.5042118,25.0312284
112,5,19,22,50,2,08士林區,士林區中正路與福林路口,0,0,2,2,C03,8,3,5,50,5,1,1,5,4,5,7,2,1,4,5,5,2,15,1,21,2,9,1,1,7,9,1,10,1,11,,44,,1,22,9,121.5321773,25.09660929
112,5,19,22,50,2,08士林區,士林區中正路與福林路口,0,0,2,1,C03,8,3,5,50,5,1,1,5,4,5,7,2,1,4,5,5,2,15,1,19,2,9,1,1,7,9,1,10,1,11,,25,,1,22,9,121.5321773,25.09660929
112,5,19,23,38,2,03中山區,中山區農安街與林森北路口,0,0,1,2,H01,8,3,5,50,4,2,1,5,4,5,7,1,1,5,5,5,2,1,2,26,2,8,4,1,8,16,8,20,10,16,,67,,1,22,9,121.5256777,25.0649087
112,5,19,23,38,2,03中山區,中山區農安街與林森北路口,0,0,1,1,B01,8,3,5,50,4,2,1,5,4,5,7,1,1,5,5,5,2,1,1,50,3,10,3,4,7,5,1,4,11,8,,15,,1,22,9,121.5256777,25.0649087
112,5,20,0,10,2,04大安區,大安區文昌街與通安街口,0,0,1,2,C03,8,3,5,30,4,1,1,5,4,5,7,2,1,9,5,5,2,15,1,29,2,9,3,4,7,9,1,10,2,11,,13,,1,22,9,121.5533427,25.0325351
112,5,20,0,10,2,04大安區,大安區文昌街與通安街口,0,0,1,1,B03,8,3,5,30,4,1,1,5,4,5,7,2,1,9,5,5,2,15,1,54,3,10,3,4,7,9,6,3,2,2,,44,,2,22,9,121.5533427,25.0325351
112,5,20,0,20,2,07信義區,信義區信義路4段與光復南路口,0,0,1,1,B01,8,3,5,50,4,2,1,5,4,5,7,2,1,1,4,5,2,12,1,51,3,10,1,1,7,6,1,4,1,5,,9,,1,22,9,121.5575828,25.0329557
112,5,20,0,20,2,07信義區,信義區信義路4段與光復南路口,0,0,1,2,C03,8,3,5,50,4,2,1,5,4,5,7,2,1,1,4,5,2,12,2,34,2,8,1,1,7,9,1,10,1,14,,17,,1,22,9,121.5575828,25.0329557
112,5,20,1,13,2,08士林區,士林區承德路4段與大南路口,0,0,3,1,C03,8,3,5,50,4,1,1,5,4,5,7,2,1,1,5,5,1,15,1,17,2,1,1,1,7,15,2,18,9,11,,,,1,22,9,121.5216005,25.08883366
112,5,20,1,13,2,08士林區,士林區承德路4段與大南路口,0,0,3,2,C03,8,3,5,50,4,1,1,5,4,5,7,2,1,1,5,5,1,15,1,17,2,1,1,1,7,1,2,18,9,14,,,,1,22,9,121.5216005,25.08883366
112,5,20,1,13,2,08士林區,士林區承德路4段與大南路口,0,0,3,3,H02,8,3,5,50,4,1,1,5,4,5,7,2,1,1,5,5,1,15,2,17,2,1,1,5,7,21,8,20,10,16,,,,1,22,9,121.5216005,25.08883366
112,5,20,1,29,2,01大同區,大同區延平北路3段與昌吉街口,0,0,2,1,B01,8,3,5,50,4,1,1,5,4,5,7,4,4,5,5,5,2,12,1,64,2,7,1,1,7,9,1,4,2,4,,44,,1,22,9,121.5110495,25.0658286
112,5,20,1,29,2,01大同區,大同區延平北路3段與昌吉街口,0,0,2,2,C03,8,3,5,50,4,1,1,5,4,5,7,4,4,5,5,5,2,12,1,19,2,9,1,1,7,9,1,10,2,12,,44,,1,22,9,121.5110495,25.0658286
112,5,20,2,17,2,05中正區,中正區新生南路1段48號,0,0,1,1,C03,8,3,5,50,14,20,4,5,4,5,7,4,4,1,5,5,2,18,1,28,2,9,1,1,7,15,1,10,2,11,,23,,1,5,1,121.5326641,25.0421694
112,5,20,2,17,2,05中正區,中正區新生南路1段48號,0,0,1,2,,8,3,5,50,14,20,4,5,4,5,7,4,4,1,5,5,2,18,3,0,,,,,,,,,,,,67,,1,,,121.5326641,25.0421694
112,5,20,2,33,2,03中山區,中山區建國高架道往北，南京東路匝道旁,0,0,2,3,,8,3,5,70,14,9,1,5,4,5,7,4,4,1,4,5,2,13,3,0,,,,,,,,,,,,67,,1,,,121.5368946,25.05410652
112,5,20,2,33,2,03中山區,中山區建國高架道往北，南京東路匝道旁,0,0,2,2,B01,8,3,5,70,14,9,1,5,4,5,7,4,4,1,4,5,2,13,1,49,2,9,3,4,7,9,1,4,2,3,,44,,1,22,9,121.5368946,25.05410652
112,5,20,2,33,2,03中山區,中山區建國高架道往北，南京東路匝道旁,0,0,2,1,B03,8,3,5,70,14,9,1,5,4,5,7,4,4,1,4,5,2,13,1,36,2,1,3,4,7,15,1,8,6,1,,21,,1,22,9,121.5368946,25.05410652