發生年度,發生月,發生日,發生時-Hours,發生分,處理別-編號,區序,肇事地點,死亡人數,2-30日死亡人數,受傷人數,當事人序號,車種,天候,光線,道路類別,速限-速度限制,道路型態,事故位置,路面狀況1,路面狀況2,路面狀況3,道路障礙1,道路障礙2,號誌1,號誌2,車道劃分-分向,車道劃分-分道1,車道劃分-分道2,車道劃分-分道3,事故類型及型態,性別,年齡,受傷程度,主要傷處,保護裝置,行動電話,車輛用途,當事者行動狀態,駕駛資格情形,駕駛執照種類,飲酒情形,車輛撞擊部位1,車輛撞擊部位2,肇因碼-個別,肇因碼-主要,個人肇逃否,職業,旅次目的,座標-X,座標-Y
112,5,20,2,45,2,03中山區,中山區林森北路85巷與南京東路1段132巷口,0,0,2,2,C03,8,3,5,30,4,1,1,5,4,5,7,4,4,10,5,5,2,16,1,23,2,8,1,1,7,9,1,10,1,12,,44,,1,22,9,121.5265727,25.0494193
112,5,20,2,45,2,03中山區,中山區林森北路85巷與南京東路1段132巷口,0,0,2,3,C03,8,3,5,30,4,1,1,5,4,5,7,4,4,10,5,5,2,16,4,0,4,11,3,4,7,15,7,19,11,15,,38,,2,22,9,121.5265727,25.0494193
112,5,20,2,45,2,03中山區,中山區林森北路85巷與南京東路1段132巷口,0,0,2,4,H02,8,3,5,30,4,1,1,5,4,5,7,4,4,10,5,5,2,16,2,23,2,8,1,5,7,21,8,20,10,15,,67,,1,22,9,121.5265727,25.0494193
112,5,20,2,45,2,03中山區,中山區林森北路85巷與南京東路1段132巷口,0,0,2,1,B03,8,3,5,30,4,1,1,5,4,5,7,4,4,10,5,5,2,16,1,47,3,10,1,1,7,9,1,8,1,1,,6,,1,22,9,121.5265727,25.0494193
112,5,20,3,10,2,01大同區,大同區延平北路3段80號,0,0,2,1,C03,8,3,5,50,14,7,1,5,4,5,7,4,4,8,3,4,2,11,1,23,2,8,1,1,7,9,1,10,1,15,,13,,1,22,9,121.5110244,25.06574104
112,5,20,3,10,2,01大同區,大同區延平北路3段80號,0,0,2,2,C03,8,3,5,50,14,7,1,5,4,5,7,4,4,8,3,4,2,11,1,41,2,9,1,1,7,9,4,8,1,14,,44,,1,22,9,121.5110244,25.06574104
112,5,20,3,27,2,03中山區,中山區南京東路1段120號,0,0,1,2,C04,8,3,5,40,14,8,1,5,4,5,7,4,4,10,4,4,2,12,1,28,2,7,1,1,7,9,1,11,1,11,,23,,1,22,9,121.5263802,25.05198717
112,5,20,3,27,2,03中山區,中山區南京東路1段120號,0,0,1,1,B03,8,3,5,40,14,8,1,5,4,5,7,4,4,10,4,4,2,12,1,31,3,10,1,1,7,1,1,8,1,8,,19,,1,22,9,121.5263802,25.05198717
112,5,20,6,43,2,07信義區,信義區莊敬路229號,0,0,1,1,C03,7,1,5,40,14,8,1,5,4,5,7,4,4,9,4,4,2,9,4,0,4,11,3,4,7,15,7,19,11,15,,43,,2,22,9,121.562016,25.0299298
112,5,20,6,43,2,07信義區,信義區莊敬路229號,0,0,1,2,H01,7,1,5,40,14,8,1,5,4,5,7,4,4,9,4,4,2,9,1,34,2,8,4,5,8,17,8,20,10,16,,67,,1,22,9,121.562016,25.0299298
112,5,20,6,45,2,08士林區,士林區承德路5段與通河東街2段口口,0,0,3,3,H02,6,1,5,50,4,1,1,4,4,5,7,2,1,3,2,5,1,13,2,14,2,1,1,5,7,21,8,20,10,15,,,,1,15,9,121.513759,25.0962217
112,5,20,6,45,2,08士林區,士林區承德路5段與通河東街2段口口,0,0,3,1,C03,6,1,5,50,4,1,1,4,4,5,7,2,1,3,2,5,1,13,2,47,2,7,1,1,7,9,1,10,1,15,,,,1,22,9,121.513759,25.0962217
112,5,20,6,45,2,08士林區,士林區承德路5段與通河東街2段口口,0,0,3,2,C03,6,1,5,50,4,1,1,4,4,5,7,2,1,3,2,5,1,13,1,50,2,9,1,1,7,9,1,10,1,14,,,,1,22,9,121.513759,25.0962217
112,5,20,6,57,2,03中山區,中山區農安街125巷37號,0,0,1,1,C03,6,1,5,30,14,9,1,4,4,5,7,4,4,10,5,5,2,17,1,35,3,10,1,1,7,1,1,9,1,12,,19,,1,22,9,121.5298848,25.0660256
112,5,20,6,57,2,03中山區,中山區農安街125巷37號,0,0,1,2,C03,6,1,5,30,14,9,1,4,4,5,7,4,4,10,5,5,2,17,1,69,2,9,1,1,7,12,1,10,1,12,,44,,1,22,9,121.5298848,25.0660256
112,5,20,7,19,2,01大同區,大同區延平北路3段66巷與延平北路3段口,0,0,1,1,B12,6,1,5,50,4,1,1,4,4,5,7,4,4,5,4,5,2,17,1,49,3,10,1,1,7,11,1,4,1,15,,10,,1,22,9,121.5110677,25.06544801
112,5,20,7,19,2,01大同區,大同區延平北路3段66巷與延平北路3段口,0,0,1,2,C03,6,1,5,50,4,1,1,4,4,5,7,4,4,5,4,5,2,17,1,61,2,7,1,1,7,9,1,10,1,14,,44,,1,22,9,121.5110677,25.06544801
112,5,20,7,29,2,01大同區,大同區民權西路與蘭州街口,0,0,1,2,C03,6,1,5,50,4,1,1,4,4,5,7,2,1,10,4,5,2,17,1,23,2,8,3,4,7,9,1,10,2,14,,42,,1,22,9,121.5147988,25.0630835
112,5,20,7,29,2,01大同區,大同區民權西路與蘭州街口,0,0,1,1,C03,6,1,5,50,4,1,1,4,4,5,7,2,1,10,4,5,2,17,1,36,4,11,3,4,7,5,7,19,11,15,,8,,2,22,9,121.5147988,25.0630835
112,5,20,7,30,2,07信義區,信義區信義路5段與松仁路口,0,0,1,1,B01,6,1,5,50,4,2,1,4,4,5,7,2,1,1,4,5,2,17,1,60,3,10,1,1,7,6,1,4,1,6,,6,,1,22,9,121.5683967,25.0330223
112,5,20,7,30,2,07信義區,信義區信義路5段與松仁路口,0,0,1,2,F02,6,1,5,50,4,2,1,4,4,5,7,2,1,1,4,5,2,17,2,79,2,9,3,1,7,11,8,20,1,16,,11,,1,22,9,121.5683967,25.0330223
112,5,20,8,27,2,01大同區,大同區哈密街59巷與敦煌路口,0,0,2,1,B03,6,1,5,30,4,1,1,4,4,5,7,3,1,10,5,5,2,17,1,52,3,10,3,4,7,5,1,8,2,15,,8,,1,22,9,121.5157907,25.07627529
112,5,20,8,27,2,01大同區,大同區哈密街59巷與敦煌路口,0,0,2,2,C03,6,1,5,30,4,1,1,4,4,5,7,3,1,10,5,5,2,17,1,68,2,9,3,4,7,5,1,10,2,14,,23,,1,22,9,121.5157907,25.07627529
112,5,20,8,27,2,01大同區,大同區哈密街59巷與敦煌路口,0,0,2,3,H02,6,1,5,30,4,1,1,4,4,5,7,3,1,10,5,5,2,17,2,63,2,8,3,5,7,21,8,20,10,16,,67,,1,22,9,121.5157907,25.07627529
112,5,20,8,30,2,05中正區,中正區牯嶺街與重慶南路3段15巷口,0,0,1,1,B01,6,1,5,30,3,1,1,4,4,5,7,4,4,9,5,5,2,17,1,56,3,10,1,1,7,5,1,8,1,8,,,,1,22,9,121.5169288,25.0293411
112,5,20,8,30,2,05中正區,中正區牯嶺街與重慶南路3段15巷口,0,0,1,2,C03,6,1,5,30,3,1,1,4,4,5,7,4,4,9,5,5,2,17,1,39,2,9,1,1,7,9,1,10,1,14,,,,1,22,9,121.5169288,25.0293411
112,5,20,8,47,2,11南港區,南港區南港路2段與南港路2段178巷口,0,0,1,1,B12,6,1,5,50,4,1,1,4,4,5,7,2,1,4,3,5,2,16,1,27,3,10,3,4,7,5,1,8,2,6,,6,,1,22,9,121.5997206,25.0534941
112,5,20,8,47,2,11南港區,南港區南港路2段與南港路2段178巷口,0,0,1,2,C03,6,1,5,50,4,1,1,4,4,5,7,2,1,4,3,5,2,16,2,33,2,9,3,4,7,9,1,10,2,11,,44,,1,22,9,121.5997206,25.0534941
112,5,20,9,7,2,12內湖區,內湖區成功路2段與成功路2段320巷口,0,0,1,1,B03,7,1,5,50,3,2,1,4,4,5,7,2,1,1,4,5,2,17,1,36,3,10,1,1,7,8,1,8,11,15,,6,,2,22,9,121.5906609,25.0675569
112,5,20,9,7,2,12內湖區,內湖區成功路2段與成功路2段320巷口,0,0,1,2,C03,7,1,5,50,3,2,1,4,4,5,7,2,1,1,4,5,2,17,2,63,2,8,1,1,7,9,1,10,1,15,,44,,1,22,9,121.5906609,25.0675569
112,5,20,10,22,2,06松山區,松山區敦化北路與長春路口,0,0,1,1,B03,7,1,5,50,5,2,1,4,4,5,7,2,1,1,4,1,2,12,1,34,3,10,1,1,7,5,1,8,1,8,,6,,1,22,9,121.5487444,25.05443494
112,5,20,10,22,2,06松山區,松山區敦化北路與長春路口,0,0,1,2,C03,7,1,5,50,5,2,1,4,4,5,7,2,1,1,4,1,2,12,1,64,2,9,1,1,7,9,3,18,1,12,,23,,1,22,9,121.5487444,25.05443494
112,5,20,10,40,2,05中正區,中正區新生南路1段132巷與新生南路1段口口,0,0,2,2,H01,6,1,5,50,4,1,1,4,4,5,7,2,1,9,4,4,1,3,2,44,2,9,4,5,8,16,8,20,10,16,,67,,1,21,5,121.5326009,25.0366074
112,5,20,10,40,2,05中正區,中正區新生南路1段132巷與新生南路1段口口,0,0,2,1,C04,6,1,5,50,4,1,1,4,4,5,7,2,1,9,4,4,1,3,1,34,2,9,1,1,7,6,1,10,1,11,,23,,1,21,1,121.5326009,25.0366074
112,5,20,11,24,2,10文山區,文山區羅斯福路6段與三福街口,0,0,1,1,C03,8,1,5,50,4,2,1,5,4,5,7,1,1,1,4,5,2,13,2,77,2,9,1,1,7,9,1,10,2,11,,23,,1,22,9,121.5412363,24.9960817
112,5,20,11,24,2,10文山區,文山區羅斯福路6段與三福街口,0,0,1,2,B03,8,1,5,50,4,2,1,5,4,5,7,1,1,1,4,5,2,13,2,54,3,10,1,1,7,14,1,8,2,7,,38,,1,22,9,121.5412363,24.9960817
112,5,20,11,47,2,01大同區,大同區環河北路1段與迪化街1段312巷口,0,0,1,1,C03,6,1,5,50,3,1,1,4,4,5,5,4,4,1,4,5,2,17,1,29,2,9,1,1,7,6,3,18,1,14,,9,,1,22,9,121.5085788,25.06156664
112,5,20,11,47,2,01大同區,大同區環河北路1段與迪化街1段312巷口,0,0,1,2,B03,6,1,5,50,3,1,1,4,4,5,5,4,4,1,4,5,2,17,1,32,3,10,1,1,7,9,1,8,1,5,,23,,1,22,9,121.5085788,25.06156664
112,5,20,12,30,2,10文山區,文山區興隆路2段154巷與仙岩路口口,0,0,1,1,C03,7,1,5,30,3,1,1,4,4,5,7,1,1,5,5,5,2,17,1,38,3,10,1,4,7,5,1,10,1,15,,8,,1,22,9,121.5514917,25.0009119
112,5,20,12,30,2,10文山區,文山區興隆路2段154巷與仙岩路口口,0,0,1,2,C03,7,1,5,30,3,1,1,4,4,5,7,1,1,5,5,5,2,17,1,27,2,9,1,4,7,9,1,10,1,14,,44,,1,22,9,121.5514917,25.0009119
112,5,20,12,45,2,03中山區,中山區錦西街8號,0,0,1,1,C03,6,1,5,50,14,9,1,4,4,5,7,4,4,10,5,5,2,17,1,27,3,10,1,1,7,11,1,10,1,12,,10,,1,22,9,121.5218364,25.06031526
112,5,20,12,45,2,03中山區,中山區錦西街8號,0,0,1,2,C03,6,1,5,50,14,9,1,4,4,5,7,4,4,10,5,5,2,17,1,23,2,9,1,1,7,9,1,10,1,11,,44,,1,22,9,121.5218364,25.06031526
112,5,20,13,5,2,03中山區,中山區民族東路與新生北路3段口,0,0,1,1,B03,6,1,5,50,4,2,1,4,4,5,7,4,4,1,4,5,2,12,1,59,3,10,1,1,7,7,1,8,1,7,,7,,1,22,9,121.5284499,25.0683826
112,5,20,13,5,2,03中山區,中山區民族東路與新生北路3段口,0,0,1,2,C03,6,1,5,50,4,2,1,4,4,5,7,4,4,1,4,5,2,12,1,26,2,9,1,1,7,7,1,10,1,11,,23,,1,22,9,121.5284499,25.0683826
112,5,20,13,12,2,04大安區,大安區光復南路180巷25號與光復南路180巷口,0,0,1,2,H01,8,1,5,30,4,1,1,5,4,5,7,4,4,1,5,1,2,3,2,79,2,9,4,5,8,16,8,20,10,16,,51,,1,22,9,121.556478,25.0423447
112,5,20,13,12,2,04大安區,大安區光復南路180巷25號與光復南路180巷口,0,0,1,1,B01,8,1,5,30,4,1,1,5,4,5,7,4,4,1,5,1,2,3,1,63,3,10,1,1,7,9,1,4,2,5,,15,,1,22,9,121.556478,25.0423447
112,5,20,13,42,2,08士林區,士林區中山北路5段與中山北路5段733巷口,0,0,1,2,C03,6,1,5,30,3,1,1,4,4,5,7,4,4,10,4,5,2,16,1,23,2,9,1,1,7,9,1,9,1,14,,13,,1,22,9,121.5270256,25.09846765
112,5,20,13,42,2,08士林區,士林區中山北路5段與中山北路5段733巷口,0,0,1,1,B01,6,1,5,30,3,1,1,4,4,5,7,4,4,10,4,5,2,16,1,53,3,10,3,4,7,6,1,4,1,15,,6,,1,22,9,121.5270256,25.09846765
112,5,20,13,47,2,11南港區,南港區向陽路與忠孝東路7段口,0,0,1,1,B03,8,3,5,50,5,2,1,5,4,5,7,1,1,1,3,1,1,13,1,53,3,10,3,4,7,9,1,8,2,1,,23,,1,22,9,121.595972,25.0508465
112,5,20,13,47,2,11南港區,南港區向陽路與忠孝東路7段口,0,0,1,2,C02,8,3,5,50,5,2,1,5,4,5,7,1,1,1,3,1,1,13,1,36,2,8,1,4,7,14,1,9,2,13,,44,,1,22,9,121.595972,25.0508465
112,5,20,13,53,2,07信義區,(信義路5段150巷14弄12號前),0,0,3,2,F01,8,1,5,50,3,2,1,5,4,5,7,4,4,8,5,5,2,15,1,56,2,8,1,1,7,21,8,20,1,16,,6,,1,22,9,121.5697188,25.0284988
112,5,20,13,53,2,07信義區,(信義路5段150巷14弄12號前),0,0,3,3,H02,8,1,5,50,3,2,1,5,4,5,7,4,4,8,5,5,2,15,2,24,2,8,1,1,7,21,8,20,1,16,,67,,1,22,9,121.5697188,25.0284988
112,5,20,13,53,2,07信義區,(信義路5段150巷14弄12號前),0,0,3,1,C03,8,1,5,50,3,2,1,5,4,5,7,4,4,8,5,5,2,15,1,33,2,7,1,1,7,9,1,10,1,11,,6,,1,22,9,121.5697188,25.0284988
112,5,20,13,55,2,03中山區,中山區建國北路2段與長春路口,0,0,2,3,B03,8,1,5,50,14,9,1,5,4,5,7,4,4,1,2,5,2,16,1,63,3,10,3,4,7,14,1,8,1,3,,44,,1,22,9,121.5366395,25.05490553
112,5,20,13,55,2,03中山區,中山區建國北路2段與長春路口,0,0,2,4,H02,8,1,5,50,14,9,1,5,4,5,7,4,4,1,2,5,2,16,2,59,2,9,4,5,7,21,8,20,10,16,,67,,1,22,9,121.5366395,25.05490553
112,5,20,13,55,2,03中山區,中山區建國北路2段與長春路口,0,0,2,1,B03,8,1,5,50,14,9,1,5,4,5,7,4,4,1,2,5,2,16,1,74,2,9,3,4,7,7,1,8,1,5,,23,,1,22,9,121.5366395,25.05490553
112,5,20,13,55,2,03中山區,中山區建國北路2段與長春路口,0,0,2,2,B03,8,1,5,50,14,9,1,5,4,5,7,4,4,1,2,5,2,16,1,35,3,10,3,4,7,14,1,8,1,6,,44,,1,22,9,121.5366395,25.05490553
112,5,20,14,1,2,06松山區,松山區塔悠路與撫遠街389巷口,0,0,1,1,B03,6,1,5,50,4,1,1,4,4,1,7,1,1,1,4,4,1,11,1,43,3,10,1,1,7,5,1,8,1,1,,6,,1,22,9,121.568061,25.06527409
112,5,20,14,1,2,06松山區,松山區塔悠路與撫遠街389巷口,0,0,1,2,C03,6,1,5,50,4,1,1,4,4,1,7,1,1,1,4,4,1,11,1,59,2,9,1,1,7,9,1,10,1,14,,23,,1,22,9,121.568061,25.06527409
112,5,20,14,9,2,01大同區,大同區承德路3段208巷與承德路3段198巷口,0,0,1,2,C03,6,1,5,30,3,1,1,4,4,5,7,4,4,10,5,5,2,17,1,65,2,9,1,1,7,9,1,10,1,11,,23,,1,22,9,121.5177786,25.07047723
112,5,20,14,9,2,01大同區,大同區承德路3段208巷與承德路3段198巷口,0,0,1,1,B03,6,1,5,30,3,1,1,4,4,5,7,4,4,10,5,5,2,17,1,28,3,10,3,4,7,5,1,8,1,8,,8,,1,22,9,121.5177786,25.07047723
112,5,20,14,26,2,07信義區,信義區和平東路3段391巷與和平東路3段435巷口口,0,0,1,1,B03,8,1,5,30,4,1,1,5,4,5,7,4,4,5,5,5,2,15,1,40,3,10,3,4,7,9,1,8,1,1,,23,,1,22,9,121.5595277,25.0208523
112,5,20,14,26,2,07信義區,信義區和平東路3段391巷與和平東路3段435巷口口,0,0,1,2,C03,8,1,5,30,4,1,1,5,4,5,7,4,4,5,5,5,2,15,1,39,2,7,3,4,7,9,1,10,1,12,,6,,1,22,9,121.5595277,25.0208523
112,5,20,14,37,2,03中山區,中山區吉林路480號,0,0,2,1,C03,7,1,5,50,14,9,1,4,4,5,7,4,4,5,4,4,2,17,1,35,2,9,1,1,7,5,1,10,2,14,,8,,1,22,9,121.5304613,25.0678759
112,5,20,14,37,2,03中山區,中山區吉林路480號,0,0,2,2,C03,7,1,5,50,14,9,1,4,4,5,7,4,4,5,4,4,2,17,2,43,2,9,1,1,7,9,1,10,2,12,,4,,1,22,9,121.5304613,25.0678759
112,5,20,14,43,2,01大同區,大同區承德路3段40號,0,0,1,1,B03,7,2,5,50,14,9,1,5,4,5,7,4,4,1,4,5,2,16,1,45,3,10,1,1,7,1,1,8,2,8,,19,,1,22,9,121.5182826,25.064618
112,5,20,14,43,2,01大同區,大同區承德路3段40號,0,0,1,2,C03,7,2,5,50,14,9,1,5,4,5,7,4,4,1,4,5,2,16,1,66,2,9,1,1,7,9,6,18,2,12,,44,,1,22,9,121.5182826,25.064618
112,5,20,14,45,2,09北投區,北投區明德路與明德路150巷口,0,0,2,3,H02,8,1,5,50,3,1,1,5,4,5,7,2,1,5,5,5,1,12,2,67,2,9,1,5,7,20,8,20,1,16,,67,,1,22,9,121.5208412,25.11070163
112,5,20,14,45,2,09北投區,北投區明德路與明德路150巷口,0,0,2,2,C03,8,1,5,50,3,1,1,5,4,5,7,2,1,5,5,5,1,12,2,67,2,9,1,1,7,9,1,10,1,14,,44,,1,22,9,121.5208412,25.11070163
112,5,20,14,45,2,09北投區,北投區明德路與明德路150巷口,0,0,2,1,B03,8,1,5,50,3,1,1,5,4,5,7,2,1,5,5,5,1,12,1,70,3,10,1,1,7,8,1,8,1,6,,7,,1,22,9,121.5208412,25.11070163
112,5,20,14,56,2,04大安區,大安區延吉街109號,0,0,2,1,B03,8,1,5,50,14,9,1,5,4,5,7,4,4,8,3,5,1,16,1,24,3,10,1,1,7,9,1,8,1,5,,23,,1,22,9,121.5541276,25.0429821
112,5,20,14,56,2,04大安區,大安區延吉街109號,0,0,2,2,C03,8,1,5,50,14,9,1,5,4,5,7,4,4,8,3,5,1,16,1,19,2,3,1,1,7,9,1,10,1,14,,23,,1,22,9,121.5541276,25.0429821
112,5,20,14,56,2,04大安區,大安區延吉街109號,0,0,2,3,B03,8,1,5,50,14,9,1,5,4,5,7,4,4,8,3,5,1,16,1,58,3,10,1,1,7,1,1,8,1,15,,19,,1,22,9,121.5541276,25.0429821
112,5,20,14,56,2,04大安區,大安區延吉街109號,0,0,2,4,H02,8,1,5,50,14,9,1,5,4,5,7,4,4,8,3,5,1,16,2,20,2,8,4,5,7,21,8,20,10,16,,67,,1,22,9,121.5541276,25.0429821
112,5,20,14,59,2,03中山區,中山區中山北路1段與長安西路口,0,0,1,2,H01,7,1,5,50,4,1,1,5,4,5,7,1,1,5,4,5,2,2,1,32,2,9,4,5,8,16,8,20,10,16,,67,,1,22,9,121.521645,25.0499873
112,5,20,14,59,2,03中山區,中山區中山北路1段與長安西路口,0,0,1,1,B01,7,1,5,50,4,1,1,5,4,5,7,1,1,5,4,5,2,2,1,67,3,10,1,1,7,5,1,4,1,1,,15,,1,22,9,121.521645,25.0499873
112,5,20,15,15,2,09北投區,北投區承德路7段262號與承德路7段口,0,0,1,1,B03,7,3,5,0,3,1,1,5,4,5,7,4,4,2,4,4,2,16,1,48,3,10,1,1,7,1,1,5,1,4,,19,,1,22,9,121.5056716,25.11608615
112,5,20,15,15,2,09北投區,北投區承德路7段262號與承德路7段口,0,0,1,2,C03,7,3,5,0,3,1,1,5,4,5,7,4,4,2,4,4,2,16,1,65,2,9,1,1,7,9,1,10,1,11,,23,,1,22,9,121.5056716,25.11608615
112,5,20,15,27,2,02萬華區,萬華區寶興街65巷與西園路2段225巷口口,0,0,2,1,C03,8,1,5,30,4,1,1,5,4,5,7,4,4,10,5,5,2,15,1,43,2,7,3,4,7,9,1,10,1,11,,6,,1,22,9,121.4948373,25.02719237
112,5,20,15,27,2,02萬華區,萬華區寶興街65巷與西園路2段225巷口口,0,0,2,2,C03,8,1,5,30,4,1,1,5,4,5,7,4,4,10,5,5,2,15,2,24,2,8,3,4,7,9,1,10,1,14,,23,,1,22,9,121.4948373,25.02719237
112,5,20,15,42,2,07信義區,信義區松仁路91號,0,0,2,1,C03,8,1,5,50,14,9,1,5,4,5,7,4,4,1,4,5,2,13,1,34,2,9,3,4,7,9,1,10,2,11,,23,,1,22,9,121.5694526,25.0366902
112,5,20,15,42,2,07信義區,信義區松仁路91號,0,0,2,2,C03,8,1,5,50,14,9,1,5,4,5,7,4,4,1,4,5,2,13,1,46,3,10,3,4,7,3,1,10,2,13,,18,,1,22,9,121.5694526,25.0366902
112,5,20,15,42,2,07信義區,信義區松仁路91號,0,0,2,3,H02,8,1,5,50,14,9,1,5,4,5,7,4,4,1,4,5,2,13,2,30,2,8,3,5,7,21,8,20,10,16,,67,,1,22,9,121.5694526,25.0366902
112,5,20,16,6,2,11南港區,南港區東新街10-6號,0,0,2,1,F01,7,1,5,50,14,9,1,5,4,5,7,4,4,5,4,5,2,16,1,63,2,9,3,1,7,11,8,20,1,16,,11,,1,22,9,121.5834198,25.0501566
112,5,20,16,6,2,11南港區,南港區東新街10-6號,0,0,2,2,C03,7,1,5,50,14,9,1,5,4,5,7,4,4,5,4,5,2,16,1,24,2,9,1,1,7,9,1,10,1,11,,42,,1,22,9,121.5834198,25.0501566
112,5,20,16,24,2,08士林區,士林區中正路115號與中正路口全聯停車場出入口前,0,0,1,1,B03,8,1,5,50,3,1,1,5,4,5,7,4,4,10,5,5,2,17,1,41,3,10,1,1,7,6,1,8,1,1,,,,1,22,9,121.5285206,25.09580602
112,5,20,16,24,2,08士林區,士林區中正路115號與中正路口全聯停車場出入口前,0,0,1,3,B03,8,1,5,50,3,1,1,5,4,5,7,4,4,10,5,5,2,17,3,0,,,,,,,,,11,,,,,1,,,121.5285206,25.09580602
112,5,20,16,24,2,08士林區,士林區中正路115號與中正路口全聯停車場出入口前,0,0,1,2,C03,8,1,5,50,3,1,1,5,4,5,7,4,4,10,5,5,2,17,1,35,2,9,1,1,7,9,1,10,1,12,,,,1,22,9,121.5285206,25.09580602
112,5,20,16,46,2,02萬華區,萬華區西藏路125巷20號,0,0,1,2,H01,8,1,5,50,14,9,1,5,4,5,7,4,4,9,4,5,1,3,1,39,2,7,4,5,8,16,8,20,10,16,,51,,1,22,9,121.5027999,25.0275594
112,5,20,16,46,2,02萬華區,萬華區西藏路125巷20號,0,0,1,1,C03,8,1,5,50,14,9,1,5,4,5,7,4,4,9,4,5,1,3,1,44,3,10,1,1,7,9,1,10,2,12,,23,,1,22,9,121.5027999,25.0275594
112,5,20,17,10,2,09北投區,北投區磺港路與公館路92巷口,0,0,2,1,C03,8,1,5,50,3,1,1,5,4,5,7,3,1,1,5,5,1,13,2,23,2,9,1,1,7,9,1,10,1,11,,16,,1,22,9,121.5036701,25.12999763
112,5,20,17,10,2,09北投區,北投區磺港路與公館路92巷口,0,0,2,3,H02,8,1,5,50,3,1,1,5,4,5,7,3,1,1,5,5,1,13,2,25,2,9,1,5,7,20,8,20,1,16,,67,,1,22,9,121.5036701,25.12999763
112,5,20,17,10,2,09北投區,北投區磺港路與公館路92巷口,0,0,2,2,B01,8,1,5,50,3,1,1,5,4,5,7,3,1,1,5,5,1,13,1,48,3,10,1,1,7,9,1,4,1,3,,44,,1,22,9,121.5036701,25.12999763
112,5,20,17,24,2,10文山區,文山區木柵路4段與木柵路4段33巷口口,0,0,1,1,C04,8,1,5,50,3,1,1,5,4,5,7,3,1,4,3,5,2,16,2,24,2,7,1,1,7,5,1,10,2,12,,6,,1,22,9,121.571543,24.9940467
112,5,20,17,24,2,10文山區,文山區木柵路4段與木柵路4段33巷口口,0,0,1,2,B03,8,1,5,50,3,1,1,5,4,5,7,3,1,4,3,5,2,16,1,19,3,10,1,1,7,9,1,8,2,1,,44,,1,22,9,121.571543,24.9940467
112,5,20,17,50,2,10文山區,文山區興隆路3段313號對面,0,0,1,1,C03,8,1,5,50,14,9,1,5,4,5,7,4,4,10,4,5,2,17,1,43,2,9,1,1,7,9,1,10,1,14,,16,,1,22,9,121.5587001,24.99193193
112,5,20,17,50,2,10文山區,文山區興隆路3段313號對面,0,0,1,2,B03,8,1,5,50,14,9,1,5,4,5,7,4,4,10,4,5,2,17,1,61,3,10,1,1,7,9,1,8,1,15,,44,,1,22,9,121.5587001,24.99193193
112,5,20,18,18,2,01大同區,大同區市民大道1段與承德路1段口,0,0,1,2,C03,7,3,5,0,4,1,1,5,4,5,7,1,1,1,4,5,2,17,1,25,2,9,3,4,7,8,1,10,2,14,,7,,1,22,9,121.5167686,25.0489982
112,5,20,18,18,2,01大同區,大同區市民大道1段與承德路1段口,0,0,1,1,C03,7,3,5,0,4,1,1,5,4,5,7,1,1,1,4,5,2,17,1,35,3,10,3,4,7,9,1,10,2,12,,44,,1,22,9,121.5167686,25.0489982
112,5,20,18,26,2,02萬華區,萬華區環河南路2段250巷42弄7號,0,0,1,1,B03,8,1,5,30,14,9,1,5,4,5,7,4,4,10,5,5,2,16,1,45,4,11,3,4,7,15,7,19,11,15,,23,,2,22,9,121.4909944,25.03400871
112,5,20,18,26,2,02萬華區,萬華區環河南路2段250巷42弄7號,0,0,1,2,C03,8,1,5,30,14,9,1,5,4,5,7,4,4,10,5,5,2,16,1,38,2,8,1,1,7,13,1,10,9,13,,44,,1,22,9,121.4909944,25.03400871
112,5,20,18,50,2,09北投區,北投區中央北路4段與中央北路4段515巷3弄口,0,0,1,1,C03,7,3,5,50,3,1,1,5,4,5,7,4,4,5,4,5,1,12,2,19,2,9,1,1,7,11,1,10,1,13,,10,,1,22,9,121.4692575,25.12856671
112,5,20,18,50,2,09北投區,北投區中央北路4段與中央北路4段515巷3弄口,0,0,1,2,C03,7,3,5,50,3,1,1,5,4,5,7,4,4,5,4,5,1,12,1,21,3,10,1,1,7,9,1,10,1,11,,23,,1,22,9,121.4692575,25.12856671
112,5,20,19,27,2,01大同區,大同區南京西路67號,0,0,1,2,C02,7,3,5,50,14,9,1,5,4,5,7,4,4,1,4,5,2,17,1,34,3,10,1,1,7,9,1,9,1,14,,44,,1,22,9,121.5187669,25.0530317
112,5,20,19,27,2,01大同區,大同區南京西路67號,0,0,1,1,B01,7,3,5,50,14,9,1,5,4,5,7,4,4,1,4,5,2,17,1,59,3,10,1,1,7,9,1,4,1,5,,23,,1,22,9,121.5187669,25.0530317
112,5,20,19,27,2,01大同區,大同區南京西路67號,0,0,1,3,H02,7,3,5,50,14,9,1,5,4,5,7,4,4,1,4,5,2,17,2,32,2,8,1,1,7,21,8,20,10,16,,67,,1,22,9,121.5187669,25.0530317
112,5,20,19,51,2,02萬華區,萬華區環河南路1段與環河南路1段348巷口,0,0,2,2,C03,8,3,5,50,3,1,1,5,4,5,7,1,1,1,5,5,2,17,1,30,2,9,1,4,7,9,1,10,1,12,,23,,1,22,9,121.4979091,25.04031022
112,5,20,19,51,2,02萬華區,萬華區環河南路1段與環河南路1段348巷口,0,0,2,1,C03,8,3,5,50,3,1,1,5,4,5,7,1,1,1,5,5,2,17,1,49,2,8,1,4,7,5,1,10,1,14,,8,,1,22,9,121.4979091,25.04031022