發生年度,發生月,發生日,發生時-Hours,發生分,處理別-編號,區序,肇事地點,死亡人數,2-30日死亡人數,受傷人數,當事人序號,車種,天候,光線,道路類別,速限-速度限制,道路型態,事故位置,路面狀況1,路面狀況2,路面狀況3,道路障礙1,道路障礙2,號誌1,號誌2,車道劃分-分向,車道劃分-分道1,車道劃分-分道2,車道劃分-分道3,事故類型及型態,性別,年齡,受傷程度,主要傷處,保護裝置,行動電話,車輛用途,當事者行動狀態,駕駛資格情形,駕駛執照種類,飲酒情形,車輛撞擊部位1,車輛撞擊部位2,肇因碼-個別,肇因碼-主要,個人肇逃否,職業,旅次目的,座標-X,座標-Y
112,5,21,16,16,2,02萬華區,萬華區康定路與武昌街2段口,0,0,1,2,C03,8,1,5,50,4,1,1,5,4,5,7,1,3,8,3,4,1,17,2,45,2,8,1,1,7,9,1,10,1,11,,23,,1,22,9,121.5031471,25.0456444
112,5,21,17,2,2,01大同區,大同區延平北路2段119號,0,0,1,1,B03,8,1,5,50,14,9,1,5,4,5,7,4,4,5,4,5,2,17,2,70,3,10,3,4,7,11,1,8,1,1,,10,,1,22,9,121.5116086,25.05722707
112,5,21,17,2,2,01大同區,大同區延平北路2段119號,0,0,1,2,C03,8,1,5,50,14,9,1,5,4,5,7,4,4,5,4,5,2,17,2,20,2,9,3,4,7,9,1,10,1,14,,13,,1,22,9,121.5116086,25.05722707
112,5,21,17,7,2,04大安區,大安區臥龍街與臥龍街23巷口,0,0,1,2,C03,8,1,5,30,3,1,1,5,4,5,7,4,4,10,5,5,2,17,1,26,2,9,1,4,7,9,1,10,9,14,,14,,1,22,9,121.5466908,25.0237215
112,5,21,17,7,2,04大安區,大安區臥龍街與臥龍街23巷口,0,0,1,1,C03,8,1,5,30,3,1,1,5,4,5,7,4,4,10,5,5,2,17,1,65,3,10,1,4,7,5,1,10,9,15,,6,,1,22,9,121.5466908,25.0237215
112,5,21,17,14,2,04大安區,大安區信義路3段134號,0,0,1,4,B03,8,1,5,50,14,9,1,5,4,5,7,2,1,1,3,5,2,13,1,55,3,10,1,1,7,14,1,8,1,3,,44,,1,22,9,121.5395979,25.0333769
112,5,21,17,14,2,04大安區,大安區信義路3段134號,0,0,1,3,B03,8,1,5,50,14,9,1,5,4,5,7,2,1,1,3,5,2,13,1,49,2,6,1,1,7,14,1,8,1,3,,44,,1,22,9,121.5395979,25.0333769
112,5,21,17,14,2,04大安區,大安區信義路3段134號,0,0,1,1,B03,8,1,5,50,14,9,1,5,4,5,7,2,1,1,3,5,2,13,1,54,3,10,1,1,7,9,1,8,1,1,,23,,1,22,9,121.5395979,25.0333769
112,5,21,17,14,2,04大安區,大安區信義路3段134號,0,0,1,2,B03,8,1,5,50,14,9,1,5,4,5,7,2,1,1,3,5,2,13,1,32,3,10,1,1,7,14,1,8,1,3,,44,,1,22,9,121.5395979,25.0333769
112,5,21,17,33,2,08士林區,士林區承德路4段85號,0,0,5,6,C03,7,1,5,50,14,9,1,5,4,5,7,4,4,1,4,5,2,13,1,27,3,10,1,1,7,13,1,10,9,12,,44,,1,22,9,121.5235382,25.08326829
112,5,21,17,33,2,08士林區,士林區承德路4段85號,0,0,5,2,C03,7,1,5,50,14,9,1,5,4,5,7,4,4,1,4,5,2,13,1,18,2,9,1,1,7,9,3,18,1,11,,44,,1,22,9,121.5235382,25.08326829
112,5,21,17,33,2,08士林區,士林區承德路4段85號,0,0,5,3,C03,7,1,5,50,14,9,1,5,4,5,7,4,4,1,4,5,2,13,2,53,2,9,1,1,7,9,1,10,1,13,,44,,1,22,9,121.5235382,25.08326829
112,5,21,17,33,2,08士林區,士林區承德路4段85號,0,0,5,4,C03,7,1,5,50,14,9,1,5,4,5,7,4,4,1,4,5,2,13,1,34,3,10,1,1,7,13,1,10,9,12,,44,,1,22,9,121.5235382,25.08326829
112,5,21,17,33,2,08士林區,士林區承德路4段85號,0,0,5,5,C03,7,1,5,50,14,9,1,5,4,5,7,4,4,1,4,5,2,13,1,28,3,10,1,1,7,13,1,10,9,14,,44,,1,22,9,121.5235382,25.08326829
112,5,21,17,33,2,08士林區,士林區承德路4段85號,0,0,5,8,H02,7,1,5,50,14,9,1,5,4,5,7,4,4,1,4,5,2,13,1,18,2,9,1,5,7,20,8,20,10,16,,67,,1,22,9,121.5235382,25.08326829
112,5,21,17,33,2,08士林區,士林區承德路4段85號,0,0,5,1,C03,7,1,5,50,14,9,1,5,4,5,7,4,4,1,4,5,2,13,1,18,2,9,1,1,7,9,1,10,1,11,,16,,1,22,9,121.5235382,25.08326829
112,5,21,17,33,2,08士林區,士林區承德路4段85號,0,0,5,7,H02,7,1,5,50,14,9,1,5,4,5,7,4,4,1,4,5,2,13,2,16,2,9,1,5,7,20,8,20,10,16,,67,,1,22,9,121.5235382,25.08326829
112,5,21,18,44,2,08士林區,士林區士東路與德行東路331巷口,0,0,2,2,C03,7,3,5,50,3,1,1,5,4,5,7,4,4,1,4,5,2,12,1,25,2,9,1,1,7,9,1,10,1,11,,44,,1,22,9,121.5379941,25.11359516
112,5,21,18,44,2,08士林區,士林區士東路與德行東路331巷口,0,0,2,1,C03,7,3,5,50,3,1,1,5,4,5,7,4,4,1,4,5,2,12,1,21,2,9,1,1,7,11,1,10,1,13,,10,,1,22,9,121.5379941,25.11359516
112,5,21,19,0,2,12內湖區,內湖區東湖路47號,0,0,1,2,H02,7,3,5,50,14,9,1,5,4,5,7,4,4,9,4,5,2,9,2,64,2,9,4,5,7,21,8,20,10,16,,67,,1,22,9,121.6141698,25.06874693
112,5,21,19,0,2,12內湖區,內湖區東湖路47號,0,0,1,1,A02,7,3,5,50,14,9,1,5,4,5,7,4,4,9,4,5,2,9,1,51,3,10,1,1,7,1,1,1,2,15,,43,,1,22,9,121.6141698,25.06874693
112,5,21,19,15,2,07信義區,信義區和平東路3段與和平東路3段631巷口,0,0,1,1,C03,8,3,5,30,5,2,1,5,4,5,7,3,1,10,5,5,1,17,1,26,3,10,1,1,7,5,1,10,1,11,,6,,1,22,9,121.5632541,25.0131807
112,5,21,19,15,2,07信義區,信義區和平東路3段與和平東路3段631巷口,0,0,1,2,C03,8,3,5,30,5,2,1,5,4,5,7,3,1,10,5,5,1,17,1,19,2,8,1,1,7,9,1,10,1,11,,13,,1,22,9,121.5632541,25.0131807
112,5,21,21,15,2,12內湖區,內湖區成功路5段51號,0,0,2,1,B03,8,3,5,50,14,9,1,5,4,5,7,4,4,1,4,4,2,12,1,58,3,10,1,1,7,1,1,8,2,7,,19,,1,22,9,121.6063207,25.07420291
112,5,21,21,15,2,12內湖區,內湖區成功路5段51號,0,0,2,2,C03,8,3,5,50,14,9,1,5,4,5,7,4,4,1,4,4,2,12,1,19,2,9,1,1,7,9,1,10,2,11,,44,,1,22,9,121.6063207,25.07420291
112,5,21,21,15,2,12內湖區,內湖區成功路5段51號,0,0,2,3,H02,8,3,5,50,14,9,1,5,4,5,7,4,4,1,4,4,2,12,2,19,2,9,1,5,7,21,8,20,10,16,,67,,1,22,9,121.6063207,25.07420291
112,5,21,21,32,2,04大安區,大安區敦化南路1段187巷與忠孝東路4段147巷口,0,0,2,1,C03,8,1,5,30,4,1,1,5,4,5,7,4,4,10,5,5,2,15,1,36,2,9,1,4,7,9,1,10,1,14,,6,,1,22,9,121.5496579,25.0425918
112,5,21,21,32,2,04大安區,大安區敦化南路1段187巷與忠孝東路4段147巷口,0,0,2,2,C03,8,1,5,30,4,1,1,5,4,5,7,4,4,10,5,5,2,15,1,18,2,9,1,4,7,9,1,10,1,11,,23,,1,22,9,121.5496579,25.0425918
112,5,21,22,10,2,12內湖區,內湖區五分街與東湖路160巷口口,0,0,3,3,H02,8,3,5,30,4,1,1,5,4,5,7,3,1,10,5,5,2,16,2,23,2,9,1,5,7,21,8,20,10,16,,67,,1,22,9,121.6172669,25.0671714
112,5,21,22,10,2,12內湖區,內湖區五分街與東湖路160巷口口,0,0,3,2,C03,8,3,5,30,4,1,1,5,4,5,7,3,1,10,5,5,2,16,1,27,2,9,1,1,7,9,1,10,1,11,,14,,1,22,9,121.6172669,25.0671714
112,5,21,22,10,2,12內湖區,內湖區五分街與東湖路160巷口口,0,0,3,1,C03,8,3,5,30,4,1,1,5,4,5,7,3,1,10,5,5,2,16,2,34,2,9,1,1,7,5,1,10,1,14,,6,,1,22,9,121.6172669,25.0671714
112,5,21,22,34,2,06松山區,松山區民生東路3段105號,0,0,1,1,C03,8,3,5,50,14,9,1,5,4,5,7,4,4,1,4,5,2,17,1,22,2,9,1,1,7,9,1,10,1,11,,42,,1,22,9,121.5446339,25.05784465
112,5,21,22,34,2,06松山區,松山區民生東路3段105號,0,0,1,2,F01,8,3,5,50,14,9,1,5,4,5,7,4,4,1,4,5,2,17,1,36,3,10,3,1,7,1,8,20,1,16,,19,,1,22,9,121.5446339,25.05784465
112,5,21,22,35,2,08士林區,士林區中山北路5段829巷與福國路15巷口,0,0,1,2,C03,8,3,5,30,4,1,1,5,4,5,7,4,4,10,5,5,2,15,1,18,2,9,1,4,7,9,3,18,2,11,,13,,1,22,9,121.5246401,25.1015121
112,5,21,22,35,2,08士林區,士林區中山北路5段829巷與福國路15巷口,0,0,1,1,B03,8,3,5,30,4,1,1,5,4,5,7,4,4,10,5,5,2,15,1,49,3,10,3,4,7,9,1,8,2,2,,6,,1,22,9,121.5246401,25.1015121
112,5,21,22,48,2,09北投區,北投區承德路7段141號,0,0,2,1,C03,8,3,5,60,14,8,1,5,4,5,7,4,4,8,3,4,2,16,1,42,2,9,1,1,7,6,1,10,1,12,,9,,1,22,9,121.5089039,25.11261792
112,5,21,22,48,2,09北投區,北投區承德路7段141號,0,0,2,2,C03,8,3,5,60,14,8,1,5,4,5,7,4,4,8,3,4,2,16,1,24,2,9,1,1,7,9,1,10,1,11,,23,,1,22,9,121.5089039,25.11261792
112,5,21,23,57,2,06松山區,松山區市民大道4段85號,0,0,2,2,B03,8,3,5,40,14,9,1,5,4,5,7,4,4,1,4,5,2,12,2,25,3,10,1,1,7,9,1,8,1,2,,42,,1,22,9,121.5474384,25.04514685
112,5,21,23,57,2,06松山區,松山區市民大道4段85號,0,0,2,3,H02,8,3,5,40,14,9,1,5,4,5,7,4,4,1,4,5,2,12,1,21,2,8,1,5,7,21,8,20,10,16,,60,,1,22,9,121.5474384,25.04514685
112,5,21,23,57,2,06松山區,松山區市民大道4段85號,0,0,2,1,C03,8,3,5,40,14,9,1,5,4,5,7,4,4,1,4,5,2,12,1,19,2,9,1,1,7,9,1,10,1,14,,23,,1,22,9,121.5474384,25.04514685
112,5,22,0,7,2,08士林區,士林區文林路與文林路144巷口,0,0,3,3,C03,8,3,5,50,4,2,1,5,4,5,7,4,4,5,5,5,2,17,2,20,2,9,1,1,7,15,1,10,1,11,,,,1,22,9,121.5265417,25.08875351
112,5,22,0,7,2,08士林區,士林區文林路與文林路144巷口,0,0,3,2,C03,8,3,5,50,4,2,1,5,4,5,7,4,4,5,5,5,2,17,1,21,2,8,1,4,7,9,1,10,1,11,,,,1,22,9,121.5265417,25.08875351
112,5,22,0,7,2,08士林區,士林區文林路與文林路144巷口,0,0,3,1,C03,8,3,5,50,4,2,1,5,4,5,7,4,4,5,5,5,2,17,1,19,2,9,1,4,7,11,1,10,1,12,,,,1,22,9,121.5265417,25.08875351
112,5,22,2,12,2,10文山區,文山區木柵路2段52號前,0,0,2,1,B11,8,3,5,50,14,9,1,5,4,5,7,3,1,5,2,5,2,17,1,57,3,10,1,1,7,11,1,4,1,4,,,,1,22,9,121.5587626,24.9887543
112,5,22,2,12,2,10文山區,文山區木柵路2段52號前,0,0,2,2,C03,8,3,5,50,14,9,1,5,4,5,7,3,1,5,2,5,2,17,2,19,2,8,1,1,7,9,1,10,1,11,,,,1,22,9,121.5587626,24.9887543
112,5,22,2,12,2,10文山區,文山區木柵路2段52號前,0,0,2,3,H02,8,3,5,50,14,9,1,5,4,5,7,3,1,5,2,5,2,17,2,19,2,9,1,5,7,20,8,20,10,15,,,,1,22,9,121.5587626,24.9887543
112,5,22,2,29,2,01大同區,大同區民權西路與重慶北路2段口,0,0,1,1,B03,7,3,5,50,4,1,1,5,4,5,7,1,1,1,4,5,2,17,1,45,3,10,1,1,7,5,1,8,2,6,,26,,1,22,9,121.5135095,25.0629198
112,5,22,2,29,2,01大同區,大同區民權西路與重慶北路2段口,0,0,1,2,C03,7,3,5,50,4,1,1,5,4,5,7,1,1,1,4,5,2,17,1,31,2,9,1,1,7,9,1,10,2,11,,13,,1,22,9,121.5135095,25.0629198
112,5,22,6,5,2,12內湖區,內湖區安康路與安康路22巷口口,0,0,1,2,,8,1,5,50,4,1,1,5,4,5,7,2,1,10,5,5,2,18,3,0,,,,,,,,,10,,,67,,1,,,121.5933882,25.06254062
112,5,22,6,5,2,12內湖區,內湖區安康路與安康路22巷口口,0,0,1,1,C03,8,1,5,50,4,1,1,5,4,5,7,2,1,10,5,5,2,18,1,37,2,9,1,1,7,9,1,8,1,12,,43,,1,22,9,121.5933882,25.06254062
112,5,22,7,36,2,09北投區,北投區天母西路與天母西路120巷口,0,0,1,1,C03,8,1,5,50,3,1,1,5,4,5,7,4,4,10,5,5,2,16,1,19,3,10,1,1,7,5,1,10,2,11,,8,,1,22,9,121.5228164,25.1189428
112,5,22,7,36,2,09北投區,北投區天母西路與天母西路120巷口,0,0,1,2,C03,8,1,5,50,3,1,1,5,4,5,7,4,4,10,5,5,2,16,1,58,2,7,1,1,7,9,1,9,2,11,,44,,1,22,9,121.5228164,25.1189428
112,5,22,7,45,2,02萬華區,萬華區和平西路3段與昆明街口,0,0,2,1,B03,7,1,5,50,5,2,1,5,4,5,7,2,1,1,4,5,1,17,1,66,3,10,3,4,7,6,1,8,1,8,,9,,1,22,9,121.5032368,25.03510801
112,5,22,7,45,2,02萬華區,萬華區和平西路3段與昆明街口,0,0,2,2,C03,7,1,5,50,5,2,1,5,4,5,7,2,1,1,4,5,1,17,1,29,2,8,3,4,7,5,1,10,1,14,,26,,1,22,9,121.5032368,25.03510801
112,5,22,7,45,2,02萬華區,萬華區和平西路3段與昆明街口,0,0,2,3,H02,7,1,5,50,5,2,1,5,4,5,7,2,1,1,4,5,1,17,1,28,2,9,3,5,7,20,8,20,10,16,,67,,1,22,9,121.5032368,25.03510801
112,5,22,7,45,2,06松山區,松山區塔悠路21號,0,0,1,1,C03,8,1,5,50,14,7,1,5,4,5,7,1,1,9,4,4,2,16,1,29,3,10,1,1,7,9,1,10,1,12,,23,,1,22,9,121.5718716,25.05038543
112,5,22,7,45,2,06松山區,松山區塔悠路21號,0,0,1,2,C03,8,1,5,50,14,7,1,5,4,5,7,1,1,9,4,4,2,16,2,25,2,7,1,1,7,9,1,10,1,14,,17,,1,22,9,121.5718716,25.05038543
112,5,22,7,51,2,03中山區,中山區南京東路2段與吉林路口,0,0,1,2,H02,8,1,5,50,4,1,1,5,4,5,7,1,1,1,4,5,2,9,2,30,2,9,4,5,7,19,8,20,10,16,,67,,1,22,9,121.5301819,25.05210435
112,5,22,7,51,2,03中山區,中山區南京東路2段與吉林路口,0,0,1,1,A02,8,1,5,50,4,1,1,5,4,5,7,1,1,1,4,5,2,9,2,63,3,10,1,1,7,1,1,2,11,2,,36,,1,22,9,121.5301819,25.05210435
112,5,22,7,54,2,01大同區,大同區南京西路與長安西路19巷2弄口,0,0,1,1,C03,8,1,5,50,4,2,1,5,4,5,7,2,1,1,4,4,2,13,1,41,2,9,1,1,7,9,1,10,1,11,,16,,1,22,9,121.5204698,25.05256183
112,5,22,7,54,2,01大同區,大同區南京西路與長安西路19巷2弄口,0,0,1,2,B03,8,1,5,50,4,2,1,5,4,5,7,2,1,1,4,4,2,13,1,55,3,10,3,4,7,9,1,8,1,6,,44,,1,22,9,121.5204698,25.05256183
112,5,22,8,25,2,05中正區,中正區重慶南路1段與漢口街1段口,0,0,2,1,C03,7,1,5,50,4,1,1,5,4,5,7,1,1,10,4,5,2,12,1,71,2,9,1,4,7,5,1,10,1,14,,8,,1,22,9,121.5132777,25.045203
112,5,22,8,25,2,05中正區,中正區重慶南路1段與漢口街1段口,0,0,2,2,C03,7,1,5,50,4,1,1,5,4,5,7,1,1,10,4,5,2,12,1,26,3,10,1,4,7,9,1,10,1,12,,13,,1,22,9,121.5132777,25.045203
112,5,22,8,25,2,05中正區,中正區重慶南路1段與漢口街1段口,0,0,2,3,H02,7,1,5,50,4,1,1,5,4,5,7,1,1,10,4,5,2,12,2,57,2,9,1,5,7,20,8,20,10,16,,67,,1,22,9,121.5132777,25.045203
112,5,22,8,30,2,02萬華區,萬華區環河南路1段與漢口街2段口,0,0,1,2,C03,8,1,5,50,4,2,1,5,4,5,7,1,1,10,3,5,1,16,1,26,2,9,3,4,7,9,1,10,2,12,,44,,1,22,9,121.5036339,25.04654522
112,5,22,8,30,2,02萬華區,萬華區環河南路1段與漢口街2段口,0,0,1,1,C03,8,1,5,50,4,2,1,5,4,5,7,1,1,10,3,5,1,16,1,54,4,11,3,4,7,9,7,19,11,15,,44,,1,22,9,121.5036339,25.04654522
112,5,22,8,33,2,05中正區,中正區中山南路2巷與中山南路口,0,0,1,1,C03,8,1,5,50,3,2,1,5,4,5,7,4,4,1,4,5,2,12,1,23,3,10,1,1,7,6,1,10,1,13,,9,,1,22,9,121.5193118,25.0451913
112,5,22,8,33,2,05中正區,中正區中山南路2巷與中山南路口,0,0,1,2,C03,8,1,5,50,3,2,1,5,4,5,7,4,4,1,4,5,2,12,2,30,2,9,1,1,7,9,1,10,1,11,,23,,1,22,9,121.5193118,25.0451913
112,5,22,8,35,2,01大同區,大同區延平北路3段與延平北路3段66巷口,0,0,2,1,C03,8,1,5,50,3,2,1,5,4,5,7,4,4,5,4,5,2,17,2,76,2,7,3,4,7,5,3,18,1,12,,8,,1,22,9,121.5110115,25.06544399
112,5,22,8,35,2,01大同區,大同區延平北路3段與延平北路3段66巷口,0,0,2,2,C03,8,1,5,50,3,2,1,5,4,5,7,4,4,5,4,5,2,17,2,39,2,9,3,4,7,9,1,10,1,11,,44,,1,22,9,121.5110115,25.06544399
112,5,22,8,36,2,05中正區,中正區重慶南路1段往北(一女中公車站),0,0,1,1,A02,8,1,5,50,14,9,1,5,4,5,7,4,4,9,4,5,2,9,1,50,3,10,1,1,7,14,1,2,9,2,,43,,1,10,4,121.5127893,25.0374732
112,5,22,8,36,2,05中正區,中正區重慶南路1段往北(一女中公車站),0,0,1,2,H02,8,1,5,50,14,9,1,5,4,5,7,4,4,9,4,5,2,9,2,22,2,8,4,1,7,17,8,20,10,16,,67,,1,5,1,121.5127893,25.0374732
112,5,22,8,38,2,03中山區,中山區長安東路1段與天津街口,0,0,1,1,C03,8,1,5,50,4,1,1,5,4,5,7,1,1,4,3,5,1,16,2,34,2,9,1,1,7,5,1,10,1,12,,6,,1,22,9,121.5228558,25.049569
112,5,22,8,38,2,03中山區,中山區長安東路1段與天津街口,0,0,1,2,C03,8,1,5,50,4,1,1,5,4,5,7,1,1,4,3,5,1,16,1,26,3,10,1,1,7,9,1,10,1,11,,44,,1,22,9,121.5228558,25.049569
112,5,22,8,38,2,08士林區,士林區中正路與中正路口迴轉道,0,0,1,2,C03,8,1,5,50,3,2,1,5,4,5,7,4,4,10,4,5,2,17,2,22,2,8,1,1,7,14,1,10,11,12,,44,,1,22,9,121.5096003,25.08666412
112,5,22,8,38,2,08士林區,士林區中正路與中正路口迴轉道,0,0,1,1,B03,8,1,5,50,3,2,1,5,4,5,7,4,4,10,4,5,2,17,1,37,4,11,3,4,7,15,7,19,11,15,,23,,2,22,9,121.5096003,25.08666412
112,5,22,8,43,2,10文山區,文山區羅斯福路5段與興隆路1段口,0,0,1,1,C03,8,1,5,50,4,2,1,5,3,5,7,2,1,1,4,5,2,29,1,32,2,9,1,1,7,9,1,10,2,14,,13,,1,22,9,121.538595,25.0043187
112,5,22,8,43,2,10文山區,文山區羅斯福路5段與興隆路1段口,0,0,1,2,,8,1,5,50,4,2,1,5,3,5,7,2,1,1,4,5,2,29,3,0,,,,,,,,,,,,67,,1,,,121.538595,25.0043187
112,5,22,8,48,2,07信義區,信義區崇德街346號,0,0,1,1,B03,8,1,5,30,11,9,1,5,4,5,1,4,4,10,5,5,2,10,1,59,4,11,3,4,7,15,7,19,11,15,,23,,2,22,9,121.5675796,25.01484942
112,5,22,8,48,2,07信義區,信義區崇德街346號,0,0,1,2,C03,8,1,5,30,11,9,1,5,4,5,1,4,4,10,5,5,2,10,1,24,2,8,1,1,7,9,3,18,1,11,,23,,1,22,8,121.5675796,25.01484942
112,5,22,8,58,2,09北投區,北投區承德路7段351-2號,0,0,1,1,A02,8,1,5,50,14,9,1,5,4,5,7,4,4,1,4,5,2,9,1,43,3,10,1,1,7,12,1,6,2,15,,44,,1,22,9,121.5028269,25.11816957
112,5,22,8,58,2,09北投區,北投區承德路7段351-2號,0,0,1,2,H02,8,1,5,50,14,9,1,5,4,5,7,4,4,1,4,5,2,9,2,75,2,9,4,5,7,19,8,20,10,16,,67,,1,22,9,121.5028269,25.11816957
112,5,22,9,0,2,05中正區,中正區羅斯福路3段316巷9弄與羅斯福路3段316巷口,0,0,2,1,F01,8,1,5,30,5,1,1,5,4,5,7,4,4,10,4,5,2,10,2,56,2,9,3,4,7,9,8,20,1,16,,44,,1,22,9,121.5325126,25.0151422
112,5,22,9,0,2,05中正區,中正區羅斯福路3段316巷9弄與羅斯福路3段316巷口,0,0,2,2,C03,8,1,5,30,5,1,1,5,4,5,7,4,4,10,4,5,2,10,2,38,2,9,1,4,7,15,1,10,1,11,,44,,1,22,9,121.5325126,25.0151422
112,5,22,9,12,2,08士林區,士林區通河西街1段堤外百齡左岸NＯ.048燈桿,0,0,1,2,C03,8,1,5,50,14,9,1,5,4,5,7,4,4,9,5,5,1,17,2,54,2,9,1,1,7,9,1,10,2,12,,44,,1,22,9,121.5145035,25.08074386
112,5,22,9,12,2,08士林區,士林區通河西街1段堤外百齡左岸NＯ.048燈桿,0,0,1,1,C03,8,1,5,50,14,9,1,5,4,5,7,4,4,9,5,5,1,17,1,22,3,10,1,1,7,9,1,10,2,14,,23,,1,22,9,121.5145035,25.08074386
112,5,22,9,15,2,01大同區,大同區酒泉街與大龍街口,0,0,2,1,C03,8,1,5,50,4,1,1,5,4,5,6,2,1,5,5,5,2,16,2,64,2,9,1,1,7,5,1,10,2,11,,8,,1,22,9,121.5159357,25.07195546
112,5,22,9,15,2,01大同區,大同區酒泉街與大龍街口,0,0,2,2,C03,8,1,5,50,4,1,1,5,4,5,6,2,1,5,5,5,2,16,2,28,2,8,1,1,7,9,1,10,2,14,,44,,1,22,9,121.5159357,25.07195546
112,5,22,9,20,2,03中山區,中山區林森北路85巷與林森北路口,0,0,1,1,B02,8,1,5,50,3,1,1,5,4,5,7,4,4,1,3,5,1,9,1,61,3,10,1,1,7,2,1,8,9,3,,12,,1,22,9,121.5247509,25.0495444
112,5,22,9,20,2,03中山區,中山區林森北路85巷與林森北路口,0,0,1,2,H01,8,1,5,50,3,1,1,5,4,5,7,4,4,1,3,5,1,9,1,51,2,9,4,5,8,16,8,20,10,16,,67,,1,22,9,121.5247509,25.0495444
112,5,22,10,44,2,08士林區,士林區芝玉路1段5號,0,0,1,1,C03,8,1,5,30,14,9,1,5,4,5,7,4,4,10,5,5,2,11,1,23,4,11,3,4,7,15,7,19,11,15,,6,,2,22,9,121.5372803,25.10156194
112,5,22,10,44,2,08士林區,士林區芝玉路1段5號,0,0,1,2,C03,8,1,5,30,14,9,1,5,4,5,7,4,4,10,5,5,2,11,2,19,3,10,1,1,7,9,1,10,1,14,,44,,1,21,8,121.5372803,25.10156194
112,5,22,10,44,2,08士林區,士林區芝玉路1段5號,0,0,1,3,H02,8,1,5,30,14,9,1,5,4,5,7,4,4,10,5,5,2,11,2,18,2,8,1,5,7,20,8,20,10,16,,67,,1,21,8,121.5372803,25.10156194
112,5,22,10,55,2,10文山區,文山區木柵路1段(燈桿0701705對面),0,0,2,1,C04,8,1,5,50,11,9,1,5,4,5,7,4,4,5,5,5,2,13,2,35,2,9,1,1,7,9,1,8,2,12,,16,,1,22,9,121.5429662,24.98841179
112,5,22,10,55,2,10文山區,文山區木柵路1段(燈桿0701705對面),0,0,2,2,C03,8,1,5,50,11,9,1,5,4,5,7,4,4,5,5,5,2,13,1,66,2,9,1,1,7,9,1,10,2,13,,44,,1,22,9,121.5429662,24.98841179
112,5,22,11,2,2,07信義區,信義區基隆路2段75號,0,0,3,2,C03,8,1,5,50,14,9,1,5,4,5,7,4,4,10,4,5,2,13,1,57,2,9,1,1,7,9,1,10,2,13,,43,,1,22,9,121.5579219,25.0303211
112,5,22,11,2,2,07信義區,信義區基隆路2段75號,0,0,3,3,C03,8,1,5,50,14,9,1,5,4,5,7,4,4,10,4,5,2,13,2,32,2,9,1,1,7,9,1,10,2,15,,43,,1,22,9,121.5579219,25.0303211
112,5,22,11,2,2,07信義區,信義區基隆路2段75號,0,0,3,4,C03,8,1,5,50,14,9,1,5,4,5,7,4,4,10,4,5,2,13,1,22,3,10,1,1,7,9,1,10,2,11,,43,,1,22,9,121.5579219,25.0303211
112,5,22,11,2,2,07信義區,信義區基隆路2段75號,0,0,3,5,C03,8,1,5,50,14,9,1,5,4,5,7,4,4,10,4,5,2,13,4,0,4,11,3,4,7,15,7,19,11,15,,43,,2,22,9,121.5579219,25.0303211
112,5,22,11,2,2,07信義區,信義區基隆路2段75號,0,0,3,1,C03,8,1,5,50,14,9,1,5,4,5,7,4,4,10,4,5,2,13,2,24,2,8,1,1,7,9,1,10,2,13,,43,,1,22,9,121.5579219,25.0303211
112,5,22,11,25,2,12內湖區,內湖區康寧路3段190巷與康寧路3段口,0,0,1,1,B03,8,1,5,50,3,1,1,5,4,5,7,4,4,1,4,5,2,12,1,22,3,10,1,1,7,6,1,8,1,2,,9,,1,22,9,121.6119916,25.06857434
112,5,22,11,25,2,12內湖區,內湖區康寧路3段190巷與康寧路3段口,0,0,1,2,C03,8,1,5,50,3,1,1,5,4,5,7,4,4,1,4,5,2,12,1,36,2,4,1,1,7,9,3,18,1,14,,13,,1,22,9,121.6119916,25.06857434
112,5,22,11,35,2,03中山區,中山區明水路與樂群一路口,0,0,1,2,B03,8,1,5,50,3,2,1,5,4,5,7,2,1,1,4,5,2,13,2,73,3,10,1,1,7,14,1,8,1,3,,44,,1,22,9,121.5503336,25.07727052
112,5,22,11,35,2,03中山區,中山區明水路與樂群一路口,0,0,1,1,B02,8,1,5,50,3,2,1,5,4,5,7,2,1,1,4,5,2,13,1,33,2,1,1,1,7,9,1,4,1,1,,23,,1,22,9,121.5503336,25.07727052
112,5,22,11,51,2,05中正區,中正區鄭州路與重慶北路1段口,0,0,3,1,C03,8,1,5,40,4,2,1,5,4,5,7,2,1,1,4,5,1,16,1,73,2,8,1,1,7,6,3,18,2,12,,9,,1,22,9,121.5131938,25.0493081
112,5,22,11,51,2,05中正區,中正區鄭州路與重慶北路1段口,0,0,3,2,C04,8,1,5,40,4,2,1,5,4,5,7,2,1,1,4,5,1,16,2,29,2,8,1,1,7,9,1,10,2,14,,44,,1,22,9,121.5131938,25.0493081
112,5,22,11,51,2,05中正區,中正區鄭州路與重慶北路1段口,0,0,3,3,H02,8,1,5,40,4,2,1,5,4,5,7,2,1,1,4,5,1,16,2,71,2,8,1,5,7,20,8,20,10,16,,67,,1,22,9,121.5131938,25.0493081
112,5,22,11,55,2,06松山區,松山區濱江街西往東第0203300號電桿,0,0,1,2,B03,8,1,5,40,14,8,1,5,4,5,7,4,4,1,4,1,2,13,1,21,3,10,1,4,7,14,1,8,2,7,,44,,1,22,9,121.5524366,25.07213731