發生年度,發生月,發生日,發生時-Hours,發生分,處理別-編號,區序,肇事地點,死亡人數,2-30日死亡人數,受傷人數,當事人序號,車種,天候,光線,道路類別,速限-速度限制,道路型態,事故位置,路面狀況1,路面狀況2,路面狀況3,道路障礙1,道路障礙2,號誌1,號誌2,車道劃分-分向,車道劃分-分道1,車道劃分-分道2,車道劃分-分道3,事故類型及型態,性別,年齡,受傷程度,主要傷處,保護裝置,行動電話,車輛用途,當事者行動狀態,駕駛資格情形,駕駛執照種類,飲酒情形,車輛撞擊部位1,車輛撞擊部位2,肇因碼-個別,肇因碼-主要,個人肇逃否,職業,旅次目的,座標-X,座標-Y
112,5,26,9,0,2,04大安區,大安區臥龍街188巷與辛亥路3段157巷12弄口,0,0,2,2,C03,8,1,5,30,3,1,1,5,4,5,7,4,4,10,4,5,2,12,1,30,2,9,3,4,7,5,1,10,1,12,,4,,1,22,9,121.5506402,25.0167768
112,5,26,9,3,2,11南港區,南港區興華路與重陽路口,0,0,1,1,B01,8,1,5,50,4,1,1,5,4,5,7,2,1,5,4,5,2,16,1,66,3,10,1,1,7,5,1,4,2,1,,6,,1,21,8,121.605317,25.057856
112,5,26,9,3,2,11南港區,南港區興華路與重陽路口,0,0,1,2,C03,8,1,5,50,4,1,1,5,4,5,7,2,1,5,4,5,2,16,1,25,2,8,1,1,7,9,1,10,2,11,,13,,1,21,8,121.605317,25.057856
112,5,26,9,10,2,04大安區,大安區敦化南路1段與敦化南路1段252巷口,0,0,1,2,B03,8,1,5,50,3,1,1,5,4,5,7,4,4,9,4,5,1,13,2,38,3,10,1,1,7,8,1,8,1,7,,44,,1,22,9,121.5486264,25.03931054
112,5,26,9,10,2,04大安區,大安區敦化南路1段與敦化南路1段252巷口,0,0,1,1,C03,8,1,5,50,3,1,1,5,4,5,7,4,4,9,4,5,1,13,1,18,2,9,1,1,7,9,1,10,1,12,,23,,1,22,9,121.5486264,25.03931054
112,5,26,9,11,2,05中正區,中正區牯嶺街與南昌路1段54巷口,0,0,1,1,B03,8,1,5,50,4,1,1,5,4,5,7,4,4,9,4,5,2,17,1,58,3,10,1,1,7,6,1,8,2,2,,9,,1,22,9,121.5158402,25.03086731
112,5,26,9,11,2,05中正區,中正區牯嶺街與南昌路1段54巷口,0,0,1,2,C03,8,1,5,50,4,1,1,5,4,5,7,4,4,9,4,5,2,17,2,34,2,9,1,1,7,9,1,10,2,14,,44,,1,22,9,121.5158402,25.03086731
112,5,26,9,20,2,05中正區,中正區重慶南路1段與凱達格蘭大道口,0,0,1,2,C03,8,1,5,50,3,1,1,5,4,5,7,1,1,5,4,5,2,12,1,40,2,9,1,1,7,9,1,10,2,14,,26,,1,22,9,121.5130097,25.0397594
112,5,26,9,20,2,05中正區,中正區重慶南路1段與凱達格蘭大道口,0,0,1,1,B03,8,1,5,50,3,1,1,5,4,5,7,1,1,5,4,5,2,12,1,35,3,10,1,1,7,6,1,8,2,2,,9,,1,22,9,121.5130097,25.0397594
112,5,26,9,30,2,06松山區,松山區南京東路3段與敦化北路口,0,0,1,1,C03,8,1,5,50,4,2,1,5,4,5,7,1,1,1,3,4,2,16,2,32,3,10,1,1,7,6,1,10,1,12,,9,,1,22,9,121.5492328,25.05154736
112,5,26,9,30,2,06松山區,松山區南京東路3段與敦化北路口,0,0,1,2,C04,8,1,5,50,4,2,1,5,4,5,7,1,1,1,3,4,2,16,2,48,2,9,1,1,7,9,1,10,1,14,,13,,1,22,9,121.5492328,25.05154736
112,5,26,9,35,2,06松山區,松山區延吉街9巷14號,0,0,1,1,C03,8,1,5,30,15,9,1,5,4,5,7,4,4,9,5,5,2,17,2,51,2,9,1,4,7,9,1,10,2,11,,6,,1,22,9,121.5539664,25.04720151
112,5,26,9,35,2,06松山區,松山區延吉街9巷14號,0,0,1,2,C03,8,1,5,30,15,9,1,5,4,5,7,4,4,9,5,5,2,17,1,61,3,10,1,4,7,9,1,10,2,11,,23,,1,22,9,121.5539664,25.04720151
112,5,26,9,36,2,09北投區,北投區立農街1段與立農街1段320巷口,0,0,1,2,B03,8,1,5,30,4,1,1,5,4,5,7,4,4,10,5,5,2,15,1,47,3,10,3,4,7,9,1,8,5,8,,21,,1,22,9,121.5067374,25.11950026
112,5,26,9,36,2,09北投區,北投區立農街1段與立農街1段320巷口,0,0,1,1,C03,8,1,5,30,4,1,1,5,4,5,7,4,4,10,5,5,2,15,2,71,2,9,1,1,7,9,3,18,2,12,,6,,1,22,9,121.5067374,25.11950026
112,5,26,9,40,2,12內湖區,內湖區行善路與金豐街口,0,0,1,1,B03,8,1,5,50,4,1,1,5,4,5,7,2,1,5,4,5,2,16,2,27,3,10,1,1,7,5,1,8,2,1,,6,,1,22,9,121.5857737,25.0662991
112,5,26,9,40,2,12內湖區,內湖區行善路與金豐街口,0,0,1,2,C03,8,1,5,50,4,1,1,5,4,5,7,2,1,5,4,5,2,16,1,42,2,9,1,1,7,9,1,9,2,11,,44,,1,22,9,121.5857737,25.0662991
112,5,26,9,59,2,05中正區,中正區林森南路與濟南路1段口,0,0,1,1,B11,8,1,5,50,4,2,1,5,4,5,7,2,1,9,4,5,2,17,1,58,3,10,1,1,7,5,1,8,1,5,,8,,1,4,4,121.5227489,25.0423808
112,5,26,9,59,2,05中正區,中正區林森南路與濟南路1段口,0,0,1,2,F01,8,1,5,50,4,2,1,5,4,5,7,2,1,9,4,5,2,17,2,36,2,8,2,1,7,11,8,20,1,16,,11,,1,2,3,121.5227489,25.0423808
112,5,26,10,0,2,01大同區,大同區承德路3段267號,0,0,1,2,C03,8,1,5,50,14,9,1,5,4,5,7,4,4,1,4,5,2,13,1,37,2,9,1,1,7,9,1,10,2,11,,14,,1,22,9,121.5189641,25.07249798
112,5,26,10,0,2,01大同區,大同區承德路3段267號,0,0,1,1,B01,8,1,5,50,14,9,1,5,4,5,7,4,4,1,4,5,2,13,1,65,3,10,1,1,7,8,1,4,2,6,,7,,1,22,9,121.5189641,25.07249798
112,5,26,10,20,2,08士林區,士林區復興橋,0,0,1,2,C03,8,1,5,50,8,9,1,5,4,5,7,4,4,9,2,5,2,13,1,18,2,9,1,1,7,7,1,10,2,11,,7,,1,22,9,121.5369178,25.0998264
112,5,26,10,20,2,08士林區,士林區復興橋,0,0,1,1,B03,8,1,5,50,8,9,1,5,4,5,7,4,4,9,2,5,2,13,1,69,4,11,3,4,7,15,7,19,11,15,,42,,2,22,9,121.5369178,25.0998264
112,5,26,11,5,2,02萬華區,萬華區環河南路1段與漢口街2段口,0,0,1,2,C03,8,1,5,50,3,2,1,5,4,5,7,3,1,5,5,5,2,16,1,37,2,9,1,1,7,9,1,10,1,12,,44,,1,22,9,121.5037739,25.0466146
112,5,26,11,5,2,02萬華區,萬華區環河南路1段與漢口街2段口,0,0,1,1,B02,8,1,5,50,3,2,1,5,4,5,7,3,1,5,5,5,2,16,1,54,3,10,1,1,7,7,1,8,1,4,,7,,1,22,9,121.5037739,25.0466146
112,5,26,11,48,2,01大同區,大同區承德路3段212-5號,0,0,1,2,B03,8,1,5,50,14,9,1,5,4,5,7,4,4,1,4,5,2,12,1,64,3,10,1,1,7,9,1,8,1,2,,23,,1,22,9,121.518372,25.0711591
112,5,26,11,48,2,01大同區,大同區承德路3段212-5號,0,0,1,1,C03,8,1,5,50,14,9,1,5,4,5,7,4,4,1,4,5,2,12,2,69,2,9,1,1,7,7,1,10,1,14,,7,,1,22,9,121.518372,25.0711591
112,5,26,11,50,2,12內湖區,內湖區瑞光路與瑞光路7巷口,0,0,1,2,C03,8,1,5,50,3,1,1,5,4,5,7,4,4,9,4,5,2,16,1,43,2,9,1,1,7,9,1,10,1,14,,44,,1,22,9,121.583878,25.06927916
112,5,26,11,50,2,12內湖區,內湖區瑞光路與瑞光路7巷口,0,0,1,1,B03,8,1,5,50,3,1,1,5,4,5,7,4,4,9,4,5,2,16,1,46,3,10,1,1,7,1,1,8,1,5,,19,,1,22,9,121.583878,25.06927916
112,5,26,11,57,2,05中正區,中正區愛國西路與延平南路口,0,0,1,1,B11,8,1,5,40,4,1,1,5,4,5,7,1,1,1,4,4,2,17,1,48,3,10,1,1,7,6,1,4,11,2,,9,,1,22,9,121.5079597,25.03661275
112,5,26,11,57,2,05中正區,中正區愛國西路與延平南路口,0,0,1,2,C03,8,1,5,40,4,1,1,5,4,5,7,1,1,1,4,4,2,17,1,19,2,8,1,1,7,9,1,10,1,14,,44,,1,22,9,121.5079597,25.03661275
112,5,26,12,1,2,04大安區,大安區和平東路3段58號,0,0,2,1,C03,8,1,5,50,14,9,1,5,4,5,7,4,4,1,3,5,2,17,1,29,2,8,1,1,7,8,1,10,1,12,,7,,1,22,9,121.5482673,25.024527
112,5,26,12,1,2,04大安區,大安區和平東路3段58號,0,0,2,2,C03,8,1,5,50,14,9,1,5,4,5,7,4,4,1,3,5,2,17,1,26,2,8,1,1,7,9,1,10,1,14,,44,,1,22,9,121.5482673,25.024527
112,5,26,12,17,2,02萬華區,萬華區水源路(青年公園前),0,0,1,2,C03,8,1,5,50,14,9,1,5,4,5,7,4,4,9,5,5,2,17,2,21,2,9,1,1,7,9,1,10,1,14,,13,,1,22,9,121.5066915,25.02158879
112,5,26,12,17,2,02萬華區,萬華區水源路(青年公園前),0,0,1,1,B03,8,1,5,50,14,9,1,5,4,5,7,4,4,9,5,5,2,17,1,66,3,10,1,1,7,11,1,7,1,5,,26,,1,22,9,121.5066915,25.02158879
112,5,26,12,41,2,10文山區,文山區辛亥路4段與興隆路3段口口,0,0,2,1,C03,8,1,5,50,4,1,1,5,4,5,7,2,1,1,4,5,2,16,1,41,2,9,1,1,7,5,1,10,2,12,,25,,1,22,9,121.5546816,25.0008772
112,5,26,12,41,2,10文山區,文山區辛亥路4段與興隆路3段口口,0,0,2,2,C03,8,1,5,50,4,1,1,5,4,5,7,2,1,1,4,5,2,16,1,27,2,9,1,1,7,9,1,10,2,11,,13,,1,22,9,121.5546816,25.0008772
112,5,26,12,42,2,05中正區,中正區長沙街1段20號,0,0,2,1,C03,8,1,5,50,14,9,1,5,4,5,7,4,4,9,5,5,2,12,1,40,2,7,1,1,7,11,1,10,2,14,,10,,1,5,4,121.5086013,25.0404077
112,5,26,12,42,2,05中正區,中正區長沙街1段20號,0,0,2,2,C03,8,1,5,50,14,9,1,5,4,5,7,4,4,9,5,5,2,12,2,59,2,9,1,1,7,9,1,10,2,11,,44,,1,19,7,121.5086013,25.0404077
112,5,26,12,50,2,02萬華區,萬華區環河南路1段與忠孝西路2段口,0,0,1,2,C03,8,1,5,50,4,1,1,5,4,5,7,4,4,1,1,5,1,16,1,29,2,9,1,1,7,9,1,10,1,11,,,,1,22,9,121.5062293,25.0490037
112,5,26,12,50,2,02萬華區,萬華區環河南路1段與忠孝西路2段口,0,0,1,1,B12,8,1,5,50,4,1,1,5,4,5,7,4,4,1,1,5,1,16,1,44,3,10,1,1,7,5,1,8,1,1,,,,1,22,9,121.5062293,25.0490037
112,5,26,13,16,2,12內湖區,內湖區麗山街348巷10弄與麗山街348巷口,0,0,1,3,,8,1,5,30,4,1,1,5,4,5,7,4,4,9,4,5,2,16,4,0,4,11,3,4,7,15,7,19,11,15,,43,,2,22,9,121.5735514,25.08203269
112,5,26,13,16,2,12內湖區,內湖區麗山街348巷10弄與麗山街348巷口,0,0,1,2,F01,8,1,5,30,4,1,1,5,4,5,7,4,4,9,4,5,2,16,2,57,2,8,2,4,7,9,8,20,1,16,,23,,1,22,9,121.5735514,25.08203269
112,5,26,13,16,2,12內湖區,內湖區麗山街348巷10弄與麗山街348巷口,0,0,1,1,C03,8,1,5,30,4,1,1,5,4,5,7,4,4,9,4,5,2,16,2,20,3,10,1,1,7,9,1,10,1,11,,6,,1,22,9,121.5735514,25.08203269
112,5,26,13,29,2,01大同區,大同區忠孝西路2段與環河北路1段口,0,0,2,3,H02,8,1,5,50,3,1,1,5,4,5,7,2,2,5,3,5,2,13,2,22,2,8,1,5,7,20,8,20,10,16,,43,,1,22,9,121.5061586,25.04930596
112,5,26,13,29,2,01大同區,大同區忠孝西路2段與環河北路1段口,0,0,2,2,B12,8,1,5,50,3,1,1,5,4,5,7,2,2,5,3,5,2,13,1,28,3,10,1,1,7,14,1,8,1,3,,,,1,22,9,121.5061586,25.04930596
112,5,26,13,29,2,01大同區,大同區忠孝西路2段與環河北路1段口,0,0,2,1,C03,8,1,5,50,3,1,1,5,4,5,7,2,2,5,3,5,2,13,1,19,2,4,1,1,7,9,1,10,1,11,,,,1,22,9,121.5061586,25.04930596
112,5,26,13,30,2,07信義區,信義區基隆路1段與基隆路1段83巷口,0,0,1,2,C03,8,1,5,50,14,9,1,5,4,5,7,4,4,9,4,4,2,16,1,28,2,9,1,4,7,9,6,18,1,11,,14,,1,21,8,121.5680436,25.0467651
112,5,26,13,30,2,07信義區,信義區基隆路1段與基隆路1段83巷口,0,0,1,1,B03,8,1,5,50,14,9,1,5,4,5,7,4,4,9,4,4,2,16,2,48,3,10,3,4,7,6,1,8,1,2,,9,,1,21,8,121.5680436,25.0467651
112,5,26,13,31,2,07信義區,信義區松隆路65號,0,0,1,2,H02,8,1,5,50,14,8,1,5,4,5,7,4,4,8,3,4,2,9,1,88,2,7,1,1,7,19,8,20,1,16,,67,,1,22,9,121.5692297,25.0448581
112,5,26,13,31,2,07信義區,信義區松隆路65號,0,0,1,1,A02,8,1,5,50,14,8,1,5,4,5,7,4,4,8,3,4,2,9,1,47,3,10,1,1,7,1,1,2,1,15,,36,,1,10,9,121.5692297,25.0448581
112,5,26,13,56,2,10文山區,文山區辛亥路4段與辛亥路4段202巷口,0,0,1,2,C03,8,1,5,50,3,1,1,5,4,5,7,4,4,1,4,5,2,17,1,69,2,9,1,1,7,9,1,10,2,11,,42,,1,22,9,121.555763,25.0027727
112,5,26,13,56,2,10文山區,文山區辛亥路4段與辛亥路4段202巷口,0,0,1,1,B03,8,1,5,50,3,1,1,5,4,5,7,4,4,1,4,5,2,17,1,38,3,10,1,1,7,11,1,8,2,7,,10,,1,22,9,121.555763,25.0027727
112,5,26,14,26,2,10文山區,文山區木柵路1段與辛亥路7段口,0,0,2,1,C03,8,1,5,50,4,2,1,5,4,5,7,2,1,5,4,5,2,3,2,45,2,9,1,1,7,5,1,10,2,11,,15,,1,22,9,121.5522232,24.9878113
112,5,26,14,26,2,10文山區,文山區木柵路1段與辛亥路7段口,0,0,2,2,H01,8,1,5,50,4,2,1,5,4,5,7,2,1,5,4,5,2,3,1,59,2,9,4,5,8,16,8,20,10,16,,67,,1,22,9,121.5522232,24.9878113
112,5,26,14,27,2,01大同區,大同區民權西路與蘭州街口,0,0,2,1,B01,8,1,5,50,5,1,1,5,4,5,7,4,4,1,5,5,2,12,1,63,3,10,1,1,7,5,1,4,1,4,,8,,1,22,9,121.5145773,25.0629197
112,5,26,14,27,2,01大同區,大同區民權西路與蘭州街口,0,0,2,2,C03,8,1,5,50,5,1,1,5,4,5,7,4,4,1,5,5,2,12,1,44,2,9,1,1,7,9,1,9,1,12,,23,,1,22,9,121.5145773,25.0629197
112,5,26,14,27,2,01大同區,大同區民權西路與蘭州街口,0,0,2,3,H02,8,1,5,50,5,1,1,5,4,5,7,4,4,1,5,5,2,12,2,35,2,9,1,5,7,20,8,20,10,16,,67,,1,22,9,121.5145773,25.0629197
112,5,26,14,30,2,05中正區,中正區忠孝西路1段41號,0,0,1,1,B03,8,1,5,50,14,9,1,5,4,4,6,4,4,7,4,5,2,16,1,46,3,10,1,1,7,1,1,8,2,8,,43,,1,22,9,121.5184429,25.04608419
112,5,26,14,30,2,05中正區,中正區忠孝西路1段41號,0,0,1,2,C02,8,1,5,50,14,9,1,5,4,4,6,4,4,7,4,5,2,16,1,60,2,8,1,1,7,9,4,10,2,11,,43,,1,22,9,121.5184429,25.04608419
112,5,26,15,1,2,05中正區,中正區南昌路1段與重慶南路2段7巷口口,0,0,1,1,B01,8,1,5,50,4,1,1,5,4,5,7,4,4,5,5,5,1,15,1,57,3,10,1,1,7,9,1,4,2,1,,6,,1,22,9,121.5148495,25.03426229
112,5,26,15,1,2,05中正區,中正區南昌路1段與重慶南路2段7巷口口,0,0,1,2,F01,8,1,5,50,4,1,1,5,4,5,7,4,4,5,5,5,1,15,1,22,2,9,3,1,7,9,8,20,2,16,,44,,1,22,9,121.5148495,25.03426229
112,5,26,15,20,2,10文山區,文山區木新路3段172巷與木新路3段172巷2弄口,0,0,2,1,C03,8,1,5,30,4,1,1,5,4,5,7,4,4,10,5,5,2,15,1,16,2,9,1,1,7,9,2,18,1,11,,6,,1,22,9,121.5605991,24.98229463
112,5,26,15,20,2,10文山區,文山區木新路3段172巷與木新路3段172巷2弄口,0,0,2,4,B03,8,1,5,30,4,1,1,5,4,5,7,4,4,10,5,5,2,15,1,70,3,10,3,1,7,13,1,8,9,7,,44,,1,22,9,121.5605991,24.98229463
112,5,26,15,20,2,10文山區,文山區木新路3段172巷與木新路3段172巷2弄口,0,0,2,3,H02,8,1,5,30,4,1,1,5,4,5,7,4,4,10,5,5,2,15,1,16,2,9,1,1,7,20,8,20,10,15,,67,,1,22,9,121.5605991,24.98229463
112,5,26,15,20,2,10文山區,文山區木新路3段172巷與木新路3段172巷2弄口,0,0,2,2,C03,8,1,5,30,4,1,1,5,4,5,7,4,4,10,5,5,2,15,1,40,3,10,1,1,7,9,1,10,1,11,,14,,1,22,9,121.5605991,24.98229463
112,5,26,15,36,2,03中山區,中山區松江路83號,0,0,3,1,C02,8,1,5,50,14,9,1,5,4,5,7,4,4,1,5,5,1,13,1,50,2,9,3,4,7,9,4,10,2,11,,23,,1,22,9,121.5330984,25.04998367
112,5,26,15,36,2,03中山區,中山區松江路83號,0,0,3,3,H02,8,1,5,50,14,9,1,5,4,5,7,4,4,1,5,5,1,13,2,62,2,9,3,5,7,20,8,20,10,16,,67,,1,22,9,121.5330984,25.04998367
112,5,26,15,36,2,03中山區,中山區松江路83號,0,0,3,2,C03,8,1,5,50,14,9,1,5,4,5,7,4,4,1,5,5,1,13,1,66,2,9,3,4,7,9,1,10,2,13,,44,,1,22,9,121.5330984,25.04998367
112,5,26,15,40,2,12內湖區,內湖區舊宗路1段與新湖三路口,0,0,1,3,B03,8,1,5,50,4,1,1,5,4,5,7,2,1,1,4,5,2,12,1,64,3,10,1,1,7,14,1,8,9,3,,,,1,22,9,121.5766904,25.06348709
112,5,26,15,40,2,12內湖區,內湖區舊宗路1段與新湖三路口,0,0,1,2,C03,8,1,5,50,4,1,1,5,4,5,7,2,1,1,4,5,2,12,1,39,2,8,1,1,7,10,1,10,9,14,,,,1,22,9,121.5766904,25.06348709
112,5,26,15,40,2,12內湖區,內湖區舊宗路1段與新湖三路口,0,0,1,1,B03,8,1,5,50,4,1,1,5,4,5,7,2,1,1,4,5,2,12,1,62,4,11,3,4,7,15,1,19,11,15,,,,2,22,9,121.5766904,25.06348709
112,5,26,15,45,2,03中山區,中山區民權東路2段與中原街口,0,0,2,1,C03,8,1,5,50,4,1,1,5,4,5,7,1,1,1,4,5,1,15,2,73,2,9,1,1,7,9,1,10,2,11,,44,,1,22,9,121.5289798,25.06268229
112,5,26,15,45,2,03中山區,中山區民權東路2段與中原街口,0,0,2,2,C03,8,1,5,50,4,1,1,5,4,5,7,1,1,1,4,5,1,15,1,20,2,7,1,1,7,1,1,10,2,14,,25,,1,22,9,121.5289798,25.06268229
112,5,26,15,54,2,09北投區,北投區承德路7段與無名巷口,0,0,3,1,C03,7,1,5,60,3,1,1,5,4,5,7,4,4,1,4,4,2,16,1,60,2,8,1,1,7,6,1,10,2,12,,9,,1,22,9,121.5066154,25.1146283
112,5,26,15,54,2,09北投區,北投區承德路7段與無名巷口,0,0,3,2,C03,7,1,5,60,3,1,1,5,4,5,7,4,4,1,4,4,2,16,1,19,2,9,1,1,7,9,1,10,2,14,,44,,1,22,9,121.5066154,25.1146283
112,5,26,15,54,2,09北投區,北投區承德路7段與無名巷口,0,0,3,3,H02,7,1,5,60,3,1,1,5,4,5,7,4,4,1,4,4,2,16,2,19,2,7,1,5,7,20,8,20,10,15,,67,,1,22,9,121.5066154,25.1146283
112,5,26,16,0,2,05中正區,中正區羅斯福路1段與寧波西街口,0,0,1,1,B03,8,1,5,50,4,1,1,5,4,5,7,1,1,5,4,5,2,16,1,72,3,10,1,1,7,9,1,8,1,5,,44,,1,22,9,121.5190057,25.0316337
112,5,26,16,0,2,05中正區,中正區羅斯福路1段與寧波西街口,0,0,1,2,C03,8,1,5,50,4,1,1,5,4,5,7,1,1,5,4,5,2,16,1,44,2,9,1,1,7,5,1,10,1,14,,8,,1,22,9,121.5190057,25.0316337
112,5,26,16,40,2,03中山區,中山區民族東路536號,0,0,1,2,C03,8,1,5,50,14,9,1,5,4,5,7,3,1,5,4,5,2,12,1,39,2,9,1,1,7,9,1,10,1,12,,44,,1,22,9,121.5432512,25.0672339
112,5,26,16,40,2,03中山區,中山區民族東路536號,0,0,1,1,B12,8,1,5,50,14,9,1,5,4,5,7,3,1,5,4,5,2,12,1,44,3,10,1,1,7,11,1,2,1,8,,10,,1,22,9,121.5432512,25.0672339
112,5,26,16,46,2,05中正區,中正區重慶南路1段與武昌街1段口,0,0,3,2,C03,8,1,5,50,4,2,1,5,4,5,7,2,1,10,4,5,2,16,1,22,2,9,1,1,7,9,1,10,2,11,,23,,1,22,9,121.5132198,25.0442416
112,5,26,16,46,2,05中正區,中正區重慶南路1段與武昌街1段口,0,0,3,3,H02,8,1,5,50,4,2,1,5,4,5,7,2,1,10,4,5,2,16,2,18,2,7,1,5,7,20,8,20,10,16,,67,,1,22,9,121.5132198,25.0442416
112,5,26,16,46,2,05中正區,中正區重慶南路1段與武昌街1段口,0,0,3,1,C03,8,1,5,50,4,2,1,5,4,5,7,2,1,10,4,5,2,16,1,40,2,9,1,1,7,1,1,10,2,12,,19,,1,22,9,121.5132198,25.0442416
112,5,26,17,1,2,08士林區,士林區堤外便道與延平北路8段242巷口,0,0,2,2,C03,8,3,5,40,14,9,1,5,4,5,7,4,4,10,5,5,1,13,1,18,2,9,1,1,7,11,1,10,2,13,,10,,1,22,9,121.4769644,25.10964066
112,5,26,17,1,2,08士林區,士林區堤外便道與延平北路8段242巷口,0,0,2,1,C03,8,3,5,40,14,9,1,5,4,5,7,4,4,10,5,5,1,13,1,21,2,9,1,1,7,9,3,18,3,11,,13,,1,22,9,121.4769644,25.10964066
112,5,26,17,20,2,03中山區,中山區民權東路3段4號,0,0,1,2,C03,8,1,5,50,14,9,1,5,4,5,7,4,4,1,5,5,1,17,1,33,3,10,3,4,7,7,1,10,11,15,,7,,2,22,9,121.5384442,25.06229775
112,5,26,17,20,2,03中山區,中山區民權東路3段4號,0,0,1,1,C03,8,1,5,50,14,9,1,5,4,5,7,4,4,1,5,5,1,17,1,46,2,9,3,4,7,9,1,10,1,14,,44,,1,22,9,121.5384442,25.06229775
112,5,26,17,38,2,11南港區,南港區南港路2段與興華路口,0,0,2,1,C03,8,1,5,50,4,1,1,5,4,5,7,2,1,5,4,5,2,16,2,39,2,8,1,1,7,11,1,10,2,12,,10,,1,21,8,121.605978,25.0542713
112,5,26,17,38,2,11南港區,南港區南港路2段與興華路口,0,0,2,2,C03,8,1,5,50,4,1,1,5,4,5,7,2,1,5,4,5,2,16,1,24,2,8,1,1,7,9,1,10,2,11,,44,,1,21,8,121.605978,25.0542713
112,5,26,17,40,2,03中山區,中山區市民大道2段與市民大道2段67巷口,0,0,1,2,C03,8,1,5,50,3,1,1,5,4,5,7,4,4,9,4,5,2,13,2,33,2,9,1,1,7,9,1,10,2,11,,23,,1,22,9,121.5292719,25.04657643
112,5,26,17,40,2,03中山區,中山區市民大道2段與市民大道2段67巷口,0,0,1,1,C03,8,1,5,50,3,1,1,5,4,5,7,4,4,9,4,5,2,13,1,40,3,10,1,1,7,6,1,10,2,13,,6,,1,22,9,121.5292719,25.04657643
112,5,26,17,47,2,09北投區,北投區立德路與立德路120巷口,0,0,1,2,C03,8,1,5,50,4,2,1,5,4,5,7,2,1,5,4,5,2,16,2,40,2,9,1,1,7,6,1,10,2,12,,44,,1,22,9,121.471755,25.126557
112,5,26,17,47,2,09北投區,北投區立德路與立德路120巷口,0,0,1,3,B03,8,1,5,50,4,2,1,5,4,5,7,2,1,5,4,5,2,16,1,64,3,10,1,1,7,14,1,8,11,8,,44,,1,22,9,121.471755,25.126557
112,5,26,17,47,2,09北投區,北投區立德路與立德路120巷口,0,0,1,1,B03,8,1,5,50,4,2,1,5,4,5,7,2,1,5,4,5,2,16,1,26,3,10,1,1,7,11,1,8,2,8,,10,,1,22,9,121.471755,25.126557
112,5,26,18,0,2,07信義區,信義區基隆路1段往環東大道引道,0,0,1,2,B03,8,1,5,40,14,9,1,5,4,5,7,4,4,10,4,5,2,13,2,54,3,10,1,1,7,9,1,8,1,3,,44,,1,22,9,121.5661201,25.0438972
112,5,26,18,0,2,07信義區,信義區基隆路1段往環東大道引道,0,0,1,1,B01,8,1,5,40,14,9,1,5,4,5,7,4,4,10,4,5,2,13,1,66,3,10,1,1,7,9,1,4,1,1,,23,,1,22,9,121.5661201,25.0438972
112,5,26,18,0,2,07信義區,信義區基隆路1段往環東大道引道,0,0,1,3,H02,8,1,5,40,14,9,1,5,4,5,7,4,4,10,4,5,2,13,2,37,2,1,2,1,7,20,8,20,10,16,,67,,1,22,9,121.5661201,25.0438972
112,5,26,18,43,2,05中正區,中正區仁愛路1段與林森南路口,0,0,1,1,B03,8,3,5,50,4,1,1,5,4,5,7,2,1,5,4,5,2,16,1,25,3,10,1,1,7,6,1,8,1,5,,9,,1,22,9,121.5216662,25.03887523
112,5,26,18,43,2,05中正區,中正區仁愛路1段與林森南路口,0,0,1,2,C03,8,3,5,50,4,1,1,5,4,5,7,2,1,5,4,5,2,16,1,28,2,8,1,1,7,9,1,10,1,14,,44,,1,22,9,121.5216662,25.03887523
112,5,26,18,45,2,08士林區,士林區中正路與文林路口,0,0,1,2,C03,7,3,5,50,4,1,1,5,4,5,7,1,1,1,4,5,2,12,2,40,2,9,1,1,7,7,1,10,2,14,,7,,1,22,9,121.5246227,25.09506717
112,5,26,18,45,2,08士林區,士林區中正路與文林路口,0,0,1,1,A04,7,3,5,50,4,1,1,5,4,5,7,1,1,1,4,5,2,12,1,47,3,10,1,3,7,7,1,2,2,5,,42,,1,22,9,121.5246227,25.09506717
112,5,26,18,55,2,09北投區,北投區文林北路與明德路口,0,0,1,1,B03,8,3,5,50,4,2,1,5,4,5,7,1,1,9,4,5,2,16,1,63,3,10,1,1,7,6,1,10,1,5,,43,,1,22,9,121.5166685,25.1061882
112,5,26,18,55,2,09北投區,北投區文林北路與明德路口,0,0,1,2,C03,8,3,5,50,4,2,1,5,4,5,7,1,1,9,4,5,2,16,1,39,2,9,1,1,7,9,1,10,1,11,,43,,1,22,9,121.5166685,25.1061882
112,5,26,19,27,2,01大同區,大同區民生西路171巷與萬全街口,0,0,2,2,C03,7,3,5,0,4,1,1,5,4,5,7,4,4,10,5,5,2,15,2,49,2,8,3,4,7,9,1,10,2,11,,14,,1,22,9,121.51671,25.0579866
112,5,26,19,27,2,01大同區,大同區民生西路171巷與萬全街口,0,0,2,1,C03,7,3,5,0,4,1,1,5,4,5,7,4,4,10,5,5,2,15,1,37,2,8,3,4,7,9,1,10,2,14,,6,,1,22,9,121.51671,25.0579866
112,5,26,19,54,2,02萬華區,萬華區水源路205-2號,0,0,1,2,C03,8,3,5,0,14,7,1,5,4,5,7,4,4,8,3,5,2,16,1,39,2,8,1,1,7,9,1,10,1,11,,44,,1,22,9,121.5030557,25.0195279
112,5,26,19,54,2,02萬華區,萬華區水源路205-2號,0,0,1,1,B03,8,3,5,0,14,7,1,5,4,5,7,4,4,8,3,5,2,16,1,44,3,10,2,1,7,1,1,8,1,7,,19,,1,22,9,121.5030557,25.0195279
112,5,26,20,0,2,06松山區,松山區敦化北路與敦化北路155巷口,0,0,2,3,H02,7,3,5,50,4,2,1,5,4,5,7,1,1,1,3,4,2,13,2,31,2,9,1,1,7,20,8,20,10,16,,67,,1,22,9,121.5492422,25.05431956