發生年度,發生月,發生日,發生時-Hours,發生分,處理別-編號,區序,肇事地點,死亡人數,2-30日死亡人數,受傷人數,當事人序號,車種,天候,光線,道路類別,速限-速度限制,道路型態,事故位置,路面狀況1,路面狀況2,路面狀況3,道路障礙1,道路障礙2,號誌1,號誌2,車道劃分-分向,車道劃分-分道1,車道劃分-分道2,車道劃分-分道3,事故類型及型態,性別,年齡,受傷程度,主要傷處,保護裝置,行動電話,車輛用途,當事者行動狀態,駕駛資格情形,駕駛執照種類,飲酒情形,車輛撞擊部位1,車輛撞擊部位2,肇因碼-個別,肇因碼-主要,個人肇逃否,職業,旅次目的,座標-X,座標-Y
112,5,26,20,0,2,06松山區,松山區敦化北路與敦化北路155巷口,0,0,2,2,C03,7,3,5,50,4,2,1,5,4,5,7,1,1,1,3,4,2,13,1,32,2,9,1,1,7,14,1,10,1,13,,43,,1,22,9,121.5492422,25.05431956
112,5,26,20,0,2,06松山區,松山區敦化北路與敦化北路155巷口,0,0,2,1,A02,7,3,5,50,4,2,1,5,4,5,7,1,1,1,3,4,2,13,1,49,3,10,3,4,7,9,1,1,1,5,,43,,1,22,9,121.5492422,25.05431956
112,5,26,20,2,2,03中山區,中山區中山北路1段與中山北路1段33巷口,0,0,1,1,B03,8,3,5,50,3,2,1,5,4,5,7,4,4,4,4,1,2,13,2,34,3,10,1,1,7,6,1,8,1,3,,9,,1,22,9,121.5212911,25.04887582
112,5,26,20,2,2,03中山區,中山區中山北路1段與中山北路1段33巷口,0,0,1,2,C03,8,3,5,50,3,2,1,5,4,5,7,4,4,4,4,1,2,13,2,29,2,9,1,1,7,9,1,10,1,11,,23,,1,22,9,121.5212911,25.04887582
112,5,26,20,33,2,03中山區,中山區建國北路2段與錦州街口,0,0,1,2,C03,8,3,5,50,4,1,1,5,4,5,7,1,1,1,4,5,2,15,1,58,2,9,1,1,7,9,1,10,1,11,,44,,1,22,9,121.5367671,25.0603279
112,5,26,20,33,2,03中山區,中山區建國北路2段與錦州街口,0,0,1,1,B03,8,3,5,50,4,1,1,5,4,5,7,1,1,1,4,5,2,15,2,30,3,10,1,1,7,9,1,8,2,8,,25,,1,22,9,121.5367671,25.0603279
112,5,26,21,9,2,03中山區,中山區中山北路2段22號,0,0,3,3,H02,8,1,5,50,14,9,1,5,4,5,7,4,4,1,4,5,2,12,2,82,2,9,1,5,7,17,8,20,10,16,,67,,1,22,9,121.5225138,25.05375073
112,5,26,21,9,2,03中山區,中山區中山北路2段22號,0,0,3,1,C03,8,1,5,50,14,9,1,5,4,5,7,4,4,1,4,5,2,12,2,42,2,1,3,4,7,9,4,10,1,11,,23,,1,22,9,121.5225138,25.05375073
112,5,26,21,9,2,03中山區,中山區中山北路2段22號,0,0,3,2,C03,8,1,5,50,14,9,1,5,4,5,7,4,4,1,4,5,2,12,2,45,2,9,1,4,7,9,1,10,1,13,,44,,1,22,9,121.5225138,25.05375073
112,5,26,22,0,2,03中山區,中山區林森北路100號,0,0,2,1,C02,8,3,5,50,14,9,1,5,4,5,7,4,4,1,4,5,2,13,1,37,2,9,1,1,7,9,1,9,1,11,,16,,1,22,9,121.5248955,25.05055865
112,5,26,22,0,2,03中山區,中山區林森北路100號,0,0,2,2,C04,8,3,5,50,14,9,1,5,4,5,7,4,4,1,4,5,2,13,1,47,2,7,1,1,7,9,1,10,1,13,,44,,1,22,9,121.5248955,25.05055865
112,5,26,22,0,2,07信義區,信義區基隆路1段與永吉路口,0,0,1,2,,8,3,5,50,4,1,1,5,4,5,7,1,1,1,4,5,2,18,3,0,,,,,,,,,,,,67,,1,,,121.5670009,25.0459585
112,5,26,22,0,2,07信義區,信義區基隆路1段與永吉路口,0,0,1,1,C03,8,3,5,50,4,1,1,5,4,5,7,1,1,1,4,5,2,18,2,27,2,9,3,4,7,9,1,10,1,12,,43,,1,22,9,121.5670009,25.0459585
112,5,26,22,16,2,03中山區,中山區建國高架道往北229號燈桿,0,0,1,1,B02,8,3,5,70,10,9,1,5,4,5,7,4,4,2,4,5,2,13,1,32,3,10,1,1,7,9,1,8,1,1,,23,,1,22,9,121.537072,25.0625499
112,5,26,22,16,2,03中山區,中山區建國高架道往北229號燈桿,0,0,1,2,B03,8,3,5,70,10,9,1,5,4,5,7,4,4,2,4,5,2,13,1,43,2,2,1,1,7,12,1,8,1,3,,44,,1,22,9,121.537072,25.0625499
112,5,26,22,18,2,04大安區,大安區仁愛路3段與新生南路1段口,0,0,1,2,C03,7,3,5,50,5,1,1,5,4,5,7,1,1,8,3,5,2,16,1,61,2,9,1,1,7,9,1,10,1,11,,44,,1,22,9,121.5329048,25.0383383
112,5,26,22,18,2,04大安區,大安區仁愛路3段與新生南路1段口,0,0,1,1,B03,7,3,5,50,5,1,1,5,4,5,7,1,1,8,3,5,2,16,2,65,3,10,1,1,7,6,1,8,1,2,,9,,1,22,9,121.5329048,25.0383383
112,5,26,22,23,2,06松山區,松山區八德路2段與敦化北路口,0,0,3,1,B02,8,3,5,50,4,1,1,5,4,5,7,1,1,8,3,4,1,16,1,26,3,10,1,1,7,6,1,8,1,2,,9,,1,22,9,121.5486839,25.04829778
112,5,26,22,23,2,06松山區,松山區八德路2段與敦化北路口,0,0,3,4,H02,8,3,5,50,4,1,1,5,4,5,7,1,1,8,3,4,1,16,1,29,2,9,2,5,7,21,8,20,10,16,,67,,1,22,9,121.5486839,25.04829778
112,5,26,22,23,2,06松山區,松山區八德路2段與敦化北路口,0,0,3,5,H02,8,3,5,50,4,1,1,5,4,5,7,1,1,8,3,4,1,16,2,25,2,9,2,5,7,21,8,20,10,16,,67,,1,22,9,121.5486839,25.04829778
112,5,26,22,23,2,06松山區,松山區八德路2段與敦化北路口,0,0,3,2,B01,8,3,5,50,4,1,1,5,4,5,7,1,1,8,3,4,1,16,1,71,3,10,1,1,7,9,4,8,1,1,,44,,1,22,9,121.5486839,25.04829778
112,5,26,22,23,2,06松山區,松山區八德路2段與敦化北路口,0,0,3,3,H02,8,3,5,50,4,1,1,5,4,5,7,1,1,8,3,4,1,16,2,27,2,1,1,5,7,21,8,20,10,16,,67,,1,22,9,121.5486839,25.04829778
112,5,26,22,44,2,05中正區,中正區重慶南路2段與南海路口,0,0,1,1,C03,8,3,5,50,4,1,1,5,4,5,7,1,1,1,2,5,2,17,1,33,4,11,3,4,7,5,7,19,11,15,,8,,2,22,9,121.5144531,25.0318821
112,5,26,22,44,2,05中正區,中正區重慶南路2段與南海路口,0,0,1,2,C03,8,3,5,50,4,1,1,5,4,5,7,1,1,1,2,5,2,17,2,26,2,9,1,1,7,9,1,10,2,14,,26,,1,22,9,121.5144531,25.0318821
112,5,26,22,51,2,04大安區,大安區忠孝東路4段146巷與敦化南路1段233巷口,0,0,2,3,H02,8,3,5,30,4,1,1,5,4,5,7,4,4,10,5,5,2,15,1,19,2,9,1,5,7,21,8,20,10,16,,67,,1,22,9,121.5496431,25.0404135
112,5,26,22,51,2,04大安區,大安區忠孝東路4段146巷與敦化南路1段233巷口,0,0,2,2,B03,8,3,5,30,4,1,1,5,4,5,7,4,4,10,5,5,2,15,1,41,3,10,1,1,7,9,1,8,1,1,,14,,1,22,9,121.5496431,25.0404135
112,5,26,22,51,2,04大安區,大安區忠孝東路4段146巷與敦化南路1段233巷口,0,0,2,1,C04,8,3,5,30,4,1,1,5,4,5,7,4,4,10,5,5,2,15,2,19,2,9,1,1,7,9,1,10,1,14,,6,,1,22,9,121.5496431,25.0404135
112,5,26,23,29,2,09北投區,北投區竹子湖路1208305號燈桿,0,0,1,2,,8,3,5,40,11,9,1,5,4,5,7,4,4,5,4,5,2,18,3,0,,,,,,,,,,,,67,,1,,,121.5418537,25.17579073
112,5,26,23,29,2,09北投區,北投區竹子湖路1208305號燈桿,0,0,1,1,C03,8,3,5,40,11,9,1,5,4,5,7,4,4,5,4,5,2,18,1,19,2,9,1,1,7,9,1,10,1,12,,43,,1,22,9,121.5418537,25.17579073
112,5,27,0,43,2,04大安區,大安區忠孝東路3段與復興南路1段口,0,0,2,1,C03,8,3,5,50,4,2,1,5,4,5,7,2,1,9,4,5,1,3,1,19,2,7,3,4,7,9,1,10,2,11,,15,,1,22,9,121.5437221,25.0418783
112,5,27,0,43,2,04大安區,大安區忠孝東路3段與復興南路1段口,0,0,2,2,H01,8,3,5,50,4,2,1,5,4,5,7,2,1,9,4,5,1,3,2,52,2,9,4,5,8,20,8,20,7,16,,52,,1,22,9,121.5437221,25.0418783
112,5,27,0,56,2,08士林區,士林區克強路與克強路10巷口,0,0,1,2,C03,8,3,5,50,3,1,1,5,4,5,7,4,4,5,5,5,2,16,2,34,2,9,1,1,7,9,1,10,1,12,,13,,1,22,9,121.5244409,25.10882274
112,5,27,0,56,2,08士林區,士林區克強路與克強路10巷口,0,0,1,1,B01,8,3,5,50,3,1,1,5,4,5,7,4,4,5,5,5,2,16,1,34,3,10,3,4,7,11,1,4,1,8,,10,,1,22,9,121.5244409,25.10882274
112,5,27,7,39,2,04大安區,大安區辛亥路3段239號旁,0,0,1,2,C03,8,1,5,50,14,9,1,5,4,5,7,4,4,1,4,5,2,12,2,24,2,9,1,1,7,9,1,10,2,12,,43,,1,21,8,121.5512313,25.01562601
112,5,27,7,39,2,04大安區,大安區辛亥路3段239號旁,0,0,1,3,,8,1,5,50,14,9,1,5,4,5,7,4,4,1,4,5,2,12,4,0,4,11,3,4,7,15,7,19,11,15,,43,,2,22,9,121.5512313,25.01562601
112,5,27,7,39,2,04大安區,大安區辛亥路3段239號旁,0,0,1,1,B03,8,1,5,50,14,9,1,5,4,5,7,4,4,1,4,5,2,12,2,51,3,10,1,1,7,7,1,8,2,4,,43,,1,21,8,121.5512313,25.01562601
112,5,27,7,47,2,04大安區,大安區羅斯福路3段3-1號,0,0,1,2,C03,8,1,5,50,14,9,1,5,4,5,7,2,1,1,4,5,2,17,1,26,2,9,1,1,7,9,1,10,1,14,,13,,1,22,9,121.5247656,25.0241452
112,5,27,7,47,2,04大安區,大安區羅斯福路3段3-1號,0,0,1,1,B01,8,1,5,50,14,9,1,5,4,5,7,2,1,1,4,5,2,17,1,66,3,10,1,1,7,8,1,4,1,2,,7,,1,22,9,121.5247656,25.0241452
112,5,27,7,55,2,12內湖區,內湖區成功路5段450巷23弄與成功路5段450巷21弄口,0,0,1,2,B03,8,1,5,30,3,1,1,5,4,5,7,4,4,5,5,5,2,12,1,33,2,9,1,1,7,9,1,8,1,1,,13,,1,22,9,121.608549,25.07312874
112,5,27,7,55,2,12內湖區,內湖區成功路5段450巷23弄與成功路5段450巷21弄口,0,0,1,1,B01,8,1,5,30,3,1,1,5,4,5,7,4,4,5,5,5,2,12,1,60,3,10,1,1,7,1,1,4,1,4,,19,,1,22,9,121.608549,25.07312874
112,5,27,7,57,2,04大安區,大安區羅斯福路4段107號,0,0,2,1,C03,8,1,5,50,3,1,1,5,4,5,7,4,4,1,4,1,2,17,2,37,2,9,1,4,7,8,1,10,11,13,,7,,2,22,9,121.5367718,25.01213
112,5,27,7,57,2,04大安區,大安區羅斯福路4段107號,0,0,2,2,C03,8,1,5,50,3,1,1,5,4,5,7,4,4,1,4,1,2,17,1,20,2,9,1,1,7,9,1,10,1,11,,44,,1,22,9,121.5367718,25.01213
112,5,27,7,59,2,01大同區,大同區重慶北路2段192號,0,0,1,1,C03,8,1,5,50,14,9,1,5,4,5,7,4,4,8,3,5,1,13,1,28,2,9,1,1,7,9,1,10,2,11,,13,,1,22,9,121.51347,25.06247454
112,5,27,7,59,2,01大同區,大同區重慶北路2段192號,0,0,1,2,B02,8,1,5,50,14,9,1,5,4,5,7,4,4,8,3,5,1,13,1,40,3,10,1,1,7,9,1,8,2,3,,44,,1,22,9,121.51347,25.06247454
112,5,27,8,14,2,08士林區,士林區文昌路155巷與文昌路口,0,0,2,1,C03,8,1,5,50,4,2,1,5,4,5,7,4,4,9,4,5,1,16,1,66,2,9,3,4,7,9,1,10,2,11,,6,,1,22,9,121.520397,25.0977142
112,5,27,8,14,2,08士林區,士林區文昌路155巷與文昌路口,0,0,2,2,B03,8,1,5,50,4,2,1,5,4,5,7,4,4,9,4,5,1,16,1,46,3,10,3,4,7,9,1,8,2,8,,44,,1,22,9,121.520397,25.0977142
112,5,27,8,14,2,08士林區,士林區文昌路155巷與文昌路口,0,0,2,3,H02,8,1,5,50,4,2,1,5,4,5,7,4,4,9,4,5,1,16,2,64,2,9,3,5,7,21,8,20,10,15,,67,,1,22,9,121.520397,25.0977142
112,5,27,8,15,2,03中山區,中山區民族東路與林森北路口,0,0,2,2,B03,8,1,5,50,3,2,1,5,4,5,7,2,1,3,4,5,2,12,1,44,3,10,3,4,7,9,1,8,1,2,,44,,1,22,9,121.5259745,25.0682721
112,5,27,8,15,2,03中山區,中山區民族東路與林森北路口,0,0,2,3,H02,8,1,5,50,3,2,1,5,4,5,7,2,1,3,4,5,2,12,2,17,2,9,3,4,7,20,8,20,10,16,,67,,1,22,9,121.5259745,25.0682721
112,5,27,8,15,2,03中山區,中山區民族東路與林森北路口,0,0,2,1,C03,8,1,5,50,3,2,1,5,4,5,7,2,1,3,4,5,2,12,1,50,2,9,3,4,7,7,1,10,1,14,,7,,1,22,9,121.5259745,25.0682721
112,5,27,8,35,2,08士林區,士林區承德路5段與士商路口,0,0,1,1,B12,8,1,5,50,4,1,1,5,4,5,7,2,1,1,4,4,1,16,1,60,3,10,1,1,7,6,1,8,2,6,,5,,1,22,9,121.5142569,25.0960409
112,5,27,8,35,2,08士林區,士林區承德路5段與士商路口,0,0,1,2,C03,8,1,5,50,4,1,1,5,4,5,7,2,1,1,4,4,1,16,1,37,2,9,1,1,7,9,1,10,2,12,,23,,1,22,9,121.5142569,25.0960409
112,5,27,8,40,2,05中正區,中正區重慶南路1段與寶慶路口,0,0,2,1,C03,8,1,5,50,4,2,1,5,4,5,7,2,1,9,4,5,2,16,1,44,2,7,1,1,7,8,1,10,2,12,,7,,1,22,9,121.5130146,25.041198
112,5,27,8,40,2,05中正區,中正區重慶南路1段與寶慶路口,0,0,2,2,C03,8,1,5,50,4,2,1,5,4,5,7,2,1,9,4,5,2,16,1,30,2,9,1,1,7,9,1,10,2,11,,23,,1,22,9,121.5130146,25.041198
112,5,27,8,55,2,07信義區,信義區信義路5段與松德路口口,0,0,3,1,C03,8,1,5,50,4,1,1,5,4,5,7,1,1,1,2,5,2,17,2,41,2,9,1,1,7,9,1,10,1,14,,23,,1,22,9,121.5744849,25.0333577
112,5,27,8,55,2,07信義區,信義區信義路5段與松德路口口,0,0,3,2,C03,8,1,5,50,4,1,1,5,4,5,7,1,1,1,2,5,2,17,2,29,2,8,1,1,7,6,1,10,1,12,,17,,1,22,9,121.5744849,25.0333577
112,5,27,8,55,2,07信義區,信義區信義路5段與松德路口口,0,0,3,3,H02,8,1,5,50,4,1,1,5,4,5,7,1,1,1,2,5,2,17,1,9,2,8,1,1,7,19,8,20,10,16,,67,,1,22,9,121.5744849,25.0333577
112,5,27,8,57,2,04大安區,大安區復興南路2段144號,0,0,1,2,C03,8,1,5,50,14,9,1,5,4,5,7,4,4,1,4,5,2,17,1,33,2,9,1,1,7,9,1,10,1,12,,44,,1,22,9,121.5434069,25.0285971
112,5,27,8,57,2,04大安區,大安區復興南路2段144號,0,0,1,1,B01,8,1,5,50,14,9,1,5,4,5,7,4,4,1,4,5,2,17,1,65,3,10,1,1,7,7,1,4,1,4,,7,,1,22,9,121.5434069,25.0285971
112,5,27,8,58,2,12內湖區,內湖區成功路4段303號旁,0,0,1,1,B03,8,1,5,40,14,8,1,5,4,5,7,4,4,1,4,4,2,16,1,34,3,10,1,1,7,8,1,8,1,5,,7,,1,22,9,121.597802,25.08459204
112,5,27,8,58,2,12內湖區,內湖區成功路4段303號旁,0,0,1,2,C03,8,1,5,40,14,8,1,5,4,5,7,4,4,1,4,4,2,16,1,46,2,8,1,1,7,9,1,10,1,14,,44,,1,22,9,121.597802,25.08459204
112,5,27,8,59,2,04大安區,大安區和平東路3段與和平東路3段512巷口,0,0,1,2,C03,8,1,5,50,5,1,1,5,4,5,7,1,1,5,5,5,2,17,2,25,2,7,1,4,7,9,1,10,1,11,,44,,1,22,9,121.5609361,25.0157036
112,5,27,8,59,2,04大安區,大安區和平東路3段與和平東路3段512巷口,0,0,1,1,B03,8,1,5,50,5,1,1,5,4,5,7,1,1,5,5,5,2,17,1,39,3,10,1,4,7,5,1,8,1,7,,8,,1,22,9,121.5609361,25.0157036
112,5,27,9,2,2,04大安區,大安區市民大道4段100號,0,0,3,4,C03,8,1,5,40,15,9,1,5,4,5,7,4,4,1,4,5,2,13,2,45,2,8,1,1,7,9,1,10,1,11,,23,,1,21,8,121.5500082,25.044696
112,5,27,9,2,2,04大安區,大安區市民大道4段100號,0,0,3,3,B03,8,1,5,40,15,9,1,5,4,5,7,4,4,1,4,5,2,13,1,47,3,10,1,1,7,9,1,8,1,3,,23,,1,21,8,121.5500082,25.044696
112,5,27,9,2,2,04大安區,大安區市民大道4段100號,0,0,3,2,C03,8,1,5,40,15,9,1,5,4,5,7,4,4,1,4,5,2,13,1,38,2,8,1,1,7,9,1,9,1,11,,23,,1,21,8,121.5500082,25.044696
112,5,27,9,2,2,04大安區,大安區市民大道4段100號,0,0,3,1,B01,8,1,5,40,15,9,1,5,4,5,7,4,4,1,4,5,2,13,1,62,3,10,1,1,7,5,1,4,1,7,,8,,1,21,8,121.5500082,25.044696
112,5,27,9,2,2,04大安區,大安區市民大道4段100號,0,0,3,5,H02,8,1,5,40,15,9,1,5,4,5,7,4,4,1,4,5,2,13,2,6,2,8,1,5,7,20,8,20,10,15,,67,,1,21,8,121.5500082,25.044696
112,5,27,9,12,2,05中正區,中正區重慶南路1段122號,0,0,1,1,B03,8,1,5,50,14,9,1,5,4,5,7,4,4,9,4,5,2,13,1,62,3,10,1,4,7,8,1,8,1,5,,23,,1,4,5,121.5128591,25.0397517
112,5,27,9,12,2,05中正區,中正區重慶南路1段122號,0,0,1,2,C03,8,1,5,50,14,9,1,5,4,5,7,4,4,9,4,5,2,13,1,53,2,9,1,1,7,9,1,10,2,13,,44,,1,4,8,121.5128591,25.0397517
112,5,27,9,20,2,03中山區,中山區民族東路410巷與民族東路口口旁,0,0,1,1,C03,8,1,5,50,4,2,1,5,4,5,7,1,1,5,5,4,2,16,2,43,2,3,1,4,7,6,1,10,1,11,,16,,1,22,9,121.5383368,25.0680914
112,5,27,9,20,2,03中山區,中山區民族東路410巷與民族東路口口旁,0,0,1,2,B03,8,1,5,50,4,2,1,5,4,5,7,1,1,5,5,4,2,16,1,64,3,10,3,4,7,6,1,8,1,7,,44,,1,22,9,121.5383368,25.0680914
112,5,27,9,29,2,06松山區,松山區八德路4段91巷11號,0,0,1,1,C03,8,1,5,30,14,9,1,5,4,5,7,4,4,10,5,5,2,13,2,43,2,9,3,4,7,9,1,10,1,11,,23,,1,22,9,121.560783,25.04945946
112,5,27,9,29,2,06松山區,松山區八德路4段91巷11號,0,0,1,2,B03,8,1,5,30,14,9,1,5,4,5,7,4,4,10,5,5,2,13,1,64,3,10,3,4,7,12,1,8,1,3,,42,,1,22,9,121.560783,25.04945946
112,5,27,9,30,2,10文山區,文山區新光路1段65巷與新光路1段口,0,0,2,1,C03,8,1,5,30,3,2,1,5,4,5,7,4,4,9,4,5,1,17,1,21,2,9,1,1,7,5,1,10,1,11,,6,,1,22,9,121.5737408,24.9901898
112,5,27,9,30,2,10文山區,文山區新光路1段65巷與新光路1段口,0,0,2,2,C03,8,1,5,30,3,2,1,5,4,5,7,4,4,9,4,5,1,17,2,43,2,9,1,1,7,9,1,10,1,11,,23,,1,22,9,121.5737408,24.9901898
112,5,27,9,33,2,02萬華區,萬華區萬大路277巷與萬大路277巷10弄口,0,0,2,1,C03,8,1,5,30,4,1,1,5,4,5,7,4,4,10,5,5,2,15,1,55,2,8,1,4,7,9,1,10,1,11,,6,,1,22,9,121.5010847,25.02540136
112,5,27,9,33,2,02萬華區,萬華區萬大路277巷與萬大路277巷10弄口,0,0,2,2,C03,8,1,5,30,4,1,1,5,4,5,7,4,4,10,5,5,2,15,1,85,2,9,1,4,7,9,1,10,1,11,,44,,1,22,9,121.5010847,25.02540136
112,5,27,10,1,2,12內湖區,內湖區環山路2段153號前,0,0,1,1,C03,8,1,5,50,14,9,1,5,4,5,7,4,4,5,4,5,2,13,1,26,2,9,1,1,7,9,1,10,1,11,,23,,1,22,9,121.5773239,25.08387884
112,5,27,10,1,2,12內湖區,內湖區環山路2段153號前,0,0,1,2,B03,8,1,5,50,14,9,1,5,4,5,7,4,4,5,4,5,2,13,1,28,3,10,1,1,7,14,1,8,1,6,,44,,1,22,9,121.5773239,25.08387884
112,5,27,10,1,2,12內湖區,內湖區環山路2段153號前,0,0,1,3,C03,8,1,5,50,14,9,1,5,4,5,7,4,4,5,4,5,2,13,1,52,3,10,1,1,7,13,1,10,1,13,,44,,1,22,9,121.5773239,25.08387884
112,5,27,10,1,2,12內湖區,內湖區環山路2段153號前,0,0,1,4,C03,8,1,5,50,14,9,1,5,4,5,7,4,4,5,4,5,2,13,2,30,3,10,1,1,7,13,7,19,11,12,,44,,2,22,9,121.5773239,25.08387884
112,5,27,10,16,2,03中山區,中山區建國北路1段與長安東路2段口,0,0,2,1,C03,8,1,5,50,4,2,1,5,4,5,7,2,1,10,3,5,2,17,1,37,2,9,1,4,7,8,1,10,9,12,,7,,1,22,9,121.5369429,25.04841676
112,5,27,10,16,2,03中山區,中山區建國北路1段與長安東路2段口,0,0,2,2,C03,8,1,5,50,4,2,1,5,4,5,7,2,1,10,3,5,2,17,1,41,2,9,1,4,7,9,1,10,9,14,,44,,1,22,9,121.5369429,25.04841676
112,5,27,10,22,2,04大安區,大安區信義路3段與建國南路1段口口,0,0,2,1,C03,8,1,5,50,4,1,1,5,4,5,7,1,1,10,5,5,2,13,2,25,2,9,1,1,7,12,1,10,1,11,,16,,1,22,9,121.5378422,25.0335977
112,5,27,10,22,2,04大安區,大安區信義路3段與建國南路1段口口,0,0,2,2,C03,8,1,5,50,4,1,1,5,4,5,7,1,1,10,5,5,2,13,1,22,2,9,1,1,7,12,1,10,1,13,,44,,1,22,9,121.5378422,25.0335977
112,5,27,10,30,2,06松山區,松山區三民路與南京東路5段口,0,0,2,2,C03,8,1,5,50,4,4,1,5,4,5,7,2,1,1,4,5,2,13,1,39,2,9,1,1,7,14,1,10,1,13,,,,1,22,9,121.5640759,25.05135828
112,5,27,10,30,2,06松山區,松山區三民路與南京東路5段口,0,0,2,1,C03,8,1,5,50,4,4,1,5,4,5,7,2,1,1,4,5,2,13,1,19,2,8,1,3,7,9,1,10,1,11,,,,1,22,9,121.5640759,25.05135828
112,5,27,10,49,2,05中正區,中正區信義路2段271號,0,0,1,1,B03,8,1,5,50,14,9,1,5,4,5,7,4,4,1,4,5,2,12,1,54,3,10,1,1,7,8,1,8,2,5,,7,,1,3,7,121.5320813,25.0337211
112,5,27,10,49,2,05中正區,中正區信義路2段271號,0,0,1,2,C03,8,1,5,50,14,9,1,5,4,5,7,4,4,1,4,5,2,12,1,46,2,8,1,1,7,9,1,10,2,14,,44,,1,5,4,121.5320813,25.0337211
112,5,27,11,2,2,02萬華區,萬華區環河南路1段與武昌街2段口,0,0,1,1,C03,8,1,5,50,4,1,1,5,4,5,7,1,1,8,3,5,1,12,1,23,3,10,1,1,7,8,1,10,1,12,,7,,1,22,9,121.5024938,25.0456541
112,5,27,11,2,2,02萬華區,萬華區環河南路1段與武昌街2段口,0,0,1,2,C03,8,1,5,50,4,1,1,5,4,5,7,1,1,8,3,5,1,12,2,53,2,9,1,1,7,9,1,10,1,14,,44,,1,22,9,121.5024938,25.0456541
112,5,27,11,8,2,04大安區,大安區辛亥路2段與和平東路2段76巷口口,0,0,1,2,C03,8,1,5,50,3,1,1,5,4,5,7,4,4,9,4,5,1,16,1,60,2,7,1,1,7,9,1,10,1,11,,14,,1,22,9,121.5386137,25.0220211
112,5,27,11,8,2,04大安區,大安區辛亥路2段與和平東路2段76巷口口,0,0,1,1,B03,8,1,5,50,3,1,1,5,4,5,7,4,4,9,4,5,1,16,1,44,3,10,1,1,7,6,1,8,1,2,,9,,1,22,9,121.5386137,25.0220211
112,5,27,11,9,2,03中山區,中山區民權東路3段33號,0,0,1,2,B03,8,1,5,50,14,9,1,5,4,5,7,2,1,1,4,5,1,13,1,63,3,10,1,1,7,9,1,8,1,7,,44,,1,22,9,121.5415152,25.06246453
112,5,27,11,9,2,03中山區,中山區民權東路3段33號,0,0,1,1,C03,8,1,5,50,14,9,1,5,4,5,7,2,1,1,4,5,1,13,1,63,2,9,1,1,7,9,1,10,1,11,,23,,1,22,9,121.5415152,25.06246453
112,5,27,11,26,2,04大安區,大安區忠孝東路3段與建國南路1段口,0,0,2,2,C03,8,1,5,50,4,2,1,5,4,5,7,2,1,1,4,5,2,13,1,67,2,9,1,1,7,7,1,10,1,13,,44,,1,22,9,121.5372547,25.0419213
112,5,27,11,26,2,04大安區,大安區忠孝東路3段與建國南路1段口,0,0,2,1,C03,8,1,5,50,4,2,1,5,4,5,7,2,1,1,4,5,2,13,2,23,2,9,1,1,7,9,1,10,1,11,,23,,1,22,9,121.5372547,25.0419213
112,5,27,11,27,2,01大同區,大同區民生西路198-13號,0,0,2,3,H02,8,1,5,50,14,9,1,5,4,5,7,4,4,5,5,5,2,12,2,71,2,9,1,5,7,20,8,20,10,16,,67,,1,22,9,121.5164144,25.05709673
112,5,27,11,27,2,01大同區,大同區民生西路198-13號,0,0,2,2,C03,8,1,5,50,14,9,1,5,4,5,7,4,4,5,5,5,2,12,1,72,2,9,1,1,7,9,1,10,2,14,,44,,1,22,9,121.5164144,25.05709673
112,5,27,11,27,2,01大同區,大同區民生西路198-13號,0,0,2,1,B03,8,1,5,50,14,9,1,5,4,5,7,4,4,5,5,5,2,12,1,62,3,10,1,1,7,9,1,8,2,2,,23,,1,22,9,121.5164144,25.05709673
112,5,27,11,38,2,09北投區,北投區泉源路242號與東昇路口,0,0,1,1,B12,8,1,5,30,3,1,1,5,4,5,7,4,4,9,5,5,2,16,1,57,3,10,1,1,7,5,1,1,1,2,,6,,1,22,9,121.5306161,25.14779065
112,5,27,11,38,2,09北投區,北投區泉源路242號與東昇路口,0,0,1,2,C03,8,1,5,30,3,1,1,5,4,5,7,4,4,9,5,5,2,16,1,46,2,9,1,1,7,9,1,9,1,11,,44,,1,22,9,121.5306161,25.14779065
112,5,27,11,40,2,08士林區,士林區中山北路6段與福國路口口,0,0,1,1,C03,8,1,5,50,3,1,1,5,4,5,7,2,1,3,4,5,1,16,1,21,2,9,1,1,7,5,1,10,1,14,,25,,1,22,9,121.5255381,25.1026127
112,5,27,11,40,2,08士林區,士林區中山北路6段與福國路口口,0,0,1,2,B03,8,1,5,50,3,1,1,5,4,5,7,2,1,3,4,5,1,16,1,53,3,10,1,1,7,9,1,8,1,1,,44,,1,22,9,121.5255381,25.1026127
112,5,27,11,42,2,12內湖區,內湖區舊宗路1段與新湖二路口,0,0,1,1,B03,8,1,5,50,14,9,1,5,4,5,7,4,4,3,4,5,2,12,2,48,3,10,1,1,7,7,1,8,1,2,,23,,1,22,9,121.5778784,25.0621124
112,5,27,11,42,2,12內湖區,內湖區舊宗路1段與新湖二路口,0,0,1,2,C03,8,1,5,50,14,9,1,5,4,5,7,4,4,3,4,5,2,12,2,64,2,9,1,1,7,9,1,10,1,12,,44,,1,22,9,121.5778784,25.0621124
112,5,27,11,43,2,01大同區,大同區通河西街1段(燈桿:0802667),0,0,1,1,C03,8,1,5,30,11,9,1,5,4,5,7,4,4,10,5,5,1,11,1,18,2,9,1,1,7,9,1,10,1,11,,1,,1,22,9,121.5153167,25.07931819
112,5,27,11,43,2,01大同區,大同區通河西街1段(燈桿:0802667),0,0,1,2,B03,8,1,5,30,11,9,1,5,4,5,7,4,4,10,5,5,1,11,1,51,3,10,1,1,7,9,1,8,1,4,,44,,1,22,9,121.5153167,25.07931819