發生年度,發生月,發生日,發生時-Hours,發生分,處理別-編號,區序,肇事地點,死亡人數,2-30日死亡人數,受傷人數,當事人序號,車種,天候,光線,道路類別,速限-速度限制,道路型態,事故位置,路面狀況1,路面狀況2,路面狀況3,道路障礙1,道路障礙2,號誌1,號誌2,車道劃分-分向,車道劃分-分道1,車道劃分-分道2,車道劃分-分道3,事故類型及型態,性別,年齡,受傷程度,主要傷處,保護裝置,行動電話,車輛用途,當事者行動狀態,駕駛資格情形,駕駛執照種類,飲酒情形,車輛撞擊部位1,車輛撞擊部位2,肇因碼-個別,肇因碼-主要,個人肇逃否,職業,旅次目的,座標-X,座標-Y
112,5,28,16,33,2,02萬華區,萬華區堤外便道(長順至桂林),0,0,2,3,C03,8,1,5,40,14,9,1,5,4,5,7,4,4,10,5,5,2,29,1,26,2,9,1,1,7,9,1,10,1,12,,,,1,22,9,121.4918869,25.0370392
112,5,28,16,33,2,02萬華區,萬華區堤外便道(長順至桂林),0,0,2,1,,8,1,5,40,14,9,1,5,4,5,7,4,4,10,5,5,2,29,3,0,,,,,,,,,,,,,,1,,,121.4918869,25.0370392
112,5,28,16,33,2,02萬華區,萬華區堤外便道(長順至桂林),0,0,2,2,C03,8,1,5,40,14,9,1,5,4,5,7,4,4,10,5,5,2,29,1,26,2,9,1,1,7,9,1,10,1,14,,,,1,22,9,121.4918869,25.0370392
112,5,28,17,3,2,05中正區,中正區中山南路與凱達格蘭大道口,0,0,1,1,B01,8,1,5,50,5,2,1,5,4,5,7,1,1,1,4,1,2,16,1,52,3,10,1,1,7,9,1,4,1,2,,44,,1,22,9,121.5172341,25.03916256
112,5,28,17,3,2,05中正區,中正區中山南路與凱達格蘭大道口,0,0,1,2,C03,8,1,5,50,5,2,1,5,4,5,7,1,1,1,4,1,2,16,1,54,2,9,1,1,7,9,1,10,1,14,,6,,1,22,9,121.5172341,25.03916256
112,5,28,17,7,2,12內湖區,內湖區東湖路113巷與康樂街136巷29弄口,0,0,3,1,C03,8,1,5,30,3,1,1,5,4,5,7,4,4,10,5,5,2,10,2,20,2,8,1,1,7,9,1,10,2,11,,,,1,22,9,121.6174676,25.07260198
112,5,28,17,7,2,12內湖區,內湖區東湖路113巷與康樂街136巷29弄口,0,0,3,2,C03,8,1,5,30,3,1,1,5,4,5,7,4,4,10,5,5,2,10,1,50,2,7,1,1,7,9,1,10,2,11,,,,1,22,9,121.6174676,25.07260198
112,5,28,17,7,2,12內湖區,內湖區東湖路113巷與康樂街136巷29弄口,0,0,3,3,H02,8,1,5,30,3,1,1,5,4,5,7,4,4,10,5,5,2,10,2,21,2,1,1,5,7,20,8,20,10,16,,,,1,22,9,121.6174676,25.07260198
112,5,28,17,35,2,08士林區,士林區克強路與磺溪街口,0,0,1,2,C01,8,1,5,50,4,2,1,5,4,5,7,1,1,4,3,5,1,13,1,41,2,4,1,1,7,12,1,9,1,13,,42,,1,22,9,121.5231274,25.1090039
112,5,28,17,35,2,08士林區,士林區克強路與磺溪街口,0,0,1,1,B03,8,1,5,50,4,2,1,5,4,5,7,1,1,4,3,5,1,13,1,38,3,10,1,1,7,9,1,8,1,8,,16,,1,22,9,121.5231274,25.1090039
112,5,28,18,58,2,01大同區,大同區民權西路與民權西路245巷口,0,0,1,1,B03,8,3,5,30,3,1,1,5,4,5,7,4,4,1,4,5,2,16,1,42,3,10,3,4,7,6,1,8,1,8,,6,,1,22,9,121.510368,25.0632032
112,5,28,18,58,2,01大同區,大同區民權西路與民權西路245巷口,0,0,1,2,C03,8,3,5,30,3,1,1,5,4,5,7,4,4,1,4,5,2,16,1,22,2,9,1,1,7,9,1,10,1,11,,23,,1,22,9,121.510368,25.0632032
112,5,28,19,4,2,04大安區,大安區建國南路1段與建國南路1段307巷口,0,0,1,1,B03,7,3,5,50,3,1,1,5,4,5,7,4,4,1,4,1,2,16,1,38,3,10,1,1,7,8,1,8,1,6,,44,,1,22,9,121.5381767,25.03521838
112,5,28,19,4,2,04大安區,大安區建國南路1段與建國南路1段307巷口,0,0,1,2,C03,7,3,5,50,3,1,1,5,4,5,7,4,4,1,4,1,2,16,1,49,2,9,1,1,7,9,1,10,1,14,,14,,1,22,9,121.5381767,25.03521838
112,5,28,19,6,2,10文山區,文山區木柵路1段219號前,0,0,2,3,H02,8,3,5,50,14,9,1,5,4,5,7,4,4,5,2,5,2,18,2,21,2,9,4,5,7,20,8,20,10,16,,67,,1,22,9,121.5519498,24.98780977
112,5,28,19,6,2,10文山區,文山區木柵路1段219號前,0,0,2,2,,8,3,5,50,14,9,1,5,4,5,7,4,4,5,2,5,2,18,3,0,,,,,,,,,,,,67,,1,,,121.5519498,24.98780977
112,5,28,19,6,2,10文山區,文山區木柵路1段219號前,0,0,2,1,C03,8,3,5,50,14,9,1,5,4,5,7,4,4,5,2,5,2,18,1,29,2,9,1,1,7,9,1,10,2,14,,43,,1,22,9,121.5519498,24.98780977
112,5,28,19,8,2,03中山區,中山區合江街105巷與龍江路口,0,0,3,1,C03,8,3,5,30,4,2,1,5,4,5,7,4,4,9,5,5,2,15,1,62,2,9,3,4,7,9,1,10,1,14,,6,,1,22,9,121.5406544,25.0594854
112,5,28,19,8,2,03中山區,中山區合江街105巷與龍江路口,0,0,3,2,C03,8,3,5,30,4,2,1,5,4,5,7,4,4,9,5,5,2,15,1,20,2,9,3,4,7,9,1,10,1,11,,44,,1,22,9,121.5406544,25.0594854
112,5,28,19,8,2,03中山區,中山區合江街105巷與龍江路口,0,0,3,3,H02,8,3,5,30,4,2,1,5,4,5,7,4,4,9,5,5,2,15,2,21,2,9,3,4,7,20,8,20,10,16,,67,,1,22,9,121.5406544,25.0594854
112,5,28,19,15,2,07信義區,信義區信義路4段與基隆路1段口,0,0,1,1,B03,8,3,5,50,4,2,1,5,4,5,7,1,1,3,4,5,2,16,1,51,3,10,1,1,7,5,1,8,2,4,,17,,1,22,9,121.5598315,25.0332333
112,5,28,19,15,2,07信義區,信義區信義路4段與基隆路1段口,0,0,1,2,C03,8,3,5,50,4,2,1,5,4,5,7,1,1,3,4,5,2,16,2,55,2,9,1,1,7,5,1,10,2,12,,17,,1,22,9,121.5598315,25.0332333
112,5,28,19,18,2,02萬華區,萬華區華中河濱公園與華中河濱公園口(自行車道),0,0,1,1,F01,8,3,7,0,3,2,1,5,4,5,7,4,4,9,4,5,2,17,1,7,3,10,1,1,7,1,8,20,1,16,,19,,1,22,9,121.492848,25.01400799
112,5,28,19,18,2,02萬華區,萬華區華中河濱公園與華中河濱公園口(自行車道),0,0,1,2,F01,8,3,7,0,3,2,1,5,4,5,7,4,4,9,4,5,2,17,1,67,2,9,1,1,7,9,8,20,1,16,,44,,1,22,9,121.492848,25.01400799
112,5,28,19,52,2,03中山區,中山區中山北路2段與錦西街口,0,0,3,1,C03,8,3,5,50,4,1,1,5,4,5,7,2,1,1,1,1,1,13,1,23,2,9,3,4,7,8,1,10,1,13,,7,,1,22,9,121.5228444,25.0603516
112,5,28,19,52,2,03中山區,中山區中山北路2段與錦西街口,0,0,3,2,C03,8,3,5,50,4,1,1,5,4,5,7,2,1,1,1,1,1,13,1,21,2,9,3,4,7,9,1,10,1,11,,23,,1,22,9,121.5228444,25.0603516
112,5,28,19,52,2,03中山區,中山區中山北路2段與錦西街口,0,0,3,3,H02,8,3,5,50,4,1,1,5,4,5,7,2,1,1,1,1,1,13,2,19,2,7,4,5,7,20,8,20,10,16,,67,,1,22,9,121.5228444,25.0603516
112,5,28,20,19,2,07信義區,信義區松德路168巷與松德路180巷口,0,0,2,3,H01,7,3,5,30,4,1,1,5,4,5,7,2,1,9,5,5,2,3,1,61,2,9,4,5,8,16,8,20,10,16,,67,,1,22,9,121.5736162,25.0365093
112,5,28,20,19,2,07信義區,信義區松德路168巷與松德路180巷口,0,0,2,2,H01,7,3,5,30,4,1,1,5,4,5,7,2,1,9,5,5,2,3,2,56,2,9,4,5,8,16,8,20,10,16,,67,,1,22,9,121.5736162,25.0365093
112,5,28,20,19,2,07信義區,信義區松德路168巷與松德路180巷口,0,0,2,1,B03,7,3,5,30,4,1,1,5,4,5,7,2,1,9,5,5,2,3,1,26,3,10,1,1,7,5,1,8,2,1,,15,,1,22,9,121.5736162,25.0365093
112,5,28,21,43,2,06松山區,松山區健康路與南京東路5段123巷口,0,0,1,2,C03,8,3,5,50,4,1,1,5,4,5,7,2,1,1,4,5,2,13,2,24,2,8,1,1,7,5,1,10,1,13,,8,,1,22,9,121.560896,25.05399309
112,5,28,21,43,2,06松山區,松山區健康路與南京東路5段123巷口,0,0,1,1,B01,8,3,5,50,4,1,1,5,4,5,7,2,1,1,4,5,2,13,1,58,3,10,1,1,7,7,1,4,1,8,,23,,1,22,9,121.560896,25.05399309
112,5,28,22,43,2,05中正區,中正區衡陽路與重慶南路1段口,0,0,1,1,C03,7,3,5,50,4,1,1,5,4,5,7,2,1,5,2,5,2,12,1,24,3,10,1,1,7,6,1,10,11,12,,17,,1,22,9,121.5131351,25.0423219
112,5,28,22,43,2,05中正區,中正區衡陽路與重慶南路1段口,0,0,1,2,C03,7,3,5,50,4,1,1,5,4,5,7,2,1,5,2,5,2,12,2,25,2,9,1,1,7,9,1,10,1,14,,44,,1,22,9,121.5131351,25.0423219
112,5,28,23,40,2,08士林區,士林區仰德大道3段與永公路口旁,0,0,3,3,H02,8,3,5,40,14,9,1,5,4,5,2,4,4,4,5,5,1,10,1,20,2,9,3,5,7,20,8,20,10,16,,67,,1,22,9,121.5502387,25.11376466
112,5,28,23,40,2,08士林區,士林區仰德大道3段與永公路口旁,0,0,3,1,B03,8,3,5,40,14,9,1,5,4,5,2,4,4,4,5,5,1,10,1,25,2,8,3,4,7,9,1,8,2,8,,4,,1,22,9,121.5502387,25.11376466
112,5,28,23,40,2,08士林區,士林區仰德大道3段與永公路口旁,0,0,3,2,B01,8,3,5,40,14,9,1,5,4,5,2,4,4,4,5,5,1,10,1,55,2,8,3,4,7,9,1,4,2,8,,44,,1,22,9,121.5502387,25.11376466
112,5,29,5,20,2,02萬華區,萬華區武成街與武成街56巷口,0,0,1,2,C03,8,1,5,30,4,1,1,5,4,5,7,4,4,9,5,5,1,15,1,30,3,10,3,4,7,9,1,10,1,11,,6,,1,22,9,121.4948357,25.0188735
112,5,29,5,20,2,02萬華區,萬華區武成街與武成街56巷口,0,0,1,1,C03,8,1,5,30,4,1,1,5,4,5,7,4,4,9,5,5,1,15,2,58,2,9,3,4,7,9,1,10,1,14,,44,,1,22,9,121.4948357,25.0188735
112,5,29,6,44,2,02萬華區,萬華區西寧南路與武昌街2段口,0,0,1,1,B01,8,1,5,50,4,2,1,5,4,5,7,2,1,10,5,5,2,17,1,56,3,10,1,1,7,14,1,4,1,3,,38,,1,22,9,121.5064672,25.0446564
112,5,29,6,44,2,02萬華區,萬華區西寧南路與武昌街2段口,0,0,1,2,C03,8,1,5,50,4,2,1,5,4,5,7,2,1,10,5,5,2,17,1,57,2,9,1,1,7,9,1,10,1,11,,23,,1,22,9,121.5064672,25.0446564
112,5,29,7,15,2,09北投區,北投區中和街與珠海路口,0,0,3,4,H02,8,1,5,50,4,1,1,5,4,5,7,2,1,5,5,5,1,16,2,5,2,9,1,5,7,20,8,20,1,16,,67,,1,22,9,121.5025087,25.13823055
112,5,29,7,15,2,09北投區,北投區中和街與珠海路口,0,0,3,1,B01,8,1,5,50,4,1,1,5,4,5,7,2,1,5,5,5,1,16,1,60,3,10,1,1,7,6,1,4,1,2,,9,,1,22,9,121.5025087,25.13823055
112,5,29,7,15,2,09北投區,北投區中和街與珠海路口,0,0,3,2,C03,8,1,5,50,4,1,1,5,4,5,7,2,1,5,5,5,1,16,1,75,2,9,1,1,7,9,1,10,1,11,,44,,1,22,9,121.5025087,25.13823055
112,5,29,7,15,2,09北投區,北投區中和街與珠海路口,0,0,3,3,H02,8,1,5,50,4,1,1,5,4,5,7,2,1,5,5,5,1,16,2,71,2,9,1,5,7,20,8,20,1,16,,67,,1,22,9,121.5025087,25.13823055
112,5,29,7,30,2,04大安區,大安區和平東路2段與建國南路2段口,0,0,1,1,B03,8,1,5,50,4,1,1,5,4,5,7,1,1,10,5,5,2,13,1,43,3,10,1,1,7,6,1,8,1,5,,23,,1,22,9,121.5379712,25.0255025
112,5,29,7,30,2,04大安區,大安區和平東路2段與建國南路2段口,0,0,1,2,C03,8,1,5,50,4,1,1,5,4,5,7,1,1,10,5,5,2,13,2,62,2,7,1,1,7,14,1,10,1,13,,44,,1,22,9,121.5379712,25.0255025
112,5,29,7,42,2,07信義區,信義區松仁路3號,0,0,1,2,C04,8,1,5,50,14,9,1,5,4,5,7,4,4,1,4,5,2,13,2,54,2,9,3,4,7,9,1,11,1,13,,44,,1,22,9,121.5685488,25.0393805
112,5,29,7,42,2,07信義區,信義區松仁路3號,0,0,1,1,C03,8,1,5,50,14,9,1,5,4,5,7,4,4,1,4,5,2,13,1,40,3,10,1,3,7,9,1,10,1,11,,16,,1,22,9,121.5685488,25.0393805
112,5,29,7,51,2,10文山區,文山區木柵路4段(南往北第0706075燈桿旁),0,0,2,1,C03,8,1,5,50,14,9,1,5,4,5,7,4,4,4,3,5,2,12,2,26,2,9,1,1,7,8,1,10,2,12,,7,,1,22,9,121.5715373,24.9934221
112,5,29,7,51,2,10文山區,文山區木柵路4段(南往北第0706075燈桿旁),0,0,2,3,B03,8,1,5,50,14,9,1,5,4,5,7,4,4,4,3,5,2,12,1,40,3,10,1,1,7,14,1,8,2,2,,44,,1,22,9,121.5715373,24.9934221
112,5,29,7,51,2,10文山區,文山區木柵路4段(南往北第0706075燈桿旁),0,0,2,2,C03,8,1,5,50,14,9,1,5,4,5,7,4,4,4,3,5,2,12,2,32,2,9,1,1,7,9,1,10,2,11,,44,,1,22,9,121.5715373,24.9934221
112,5,29,8,29,2,03中山區,中山區龍江路與龍江路187巷口,0,0,2,1,C03,8,1,5,50,4,1,1,5,4,5,7,4,4,9,4,5,2,17,2,54,2,9,1,1,7,9,1,10,1,14,,4,,1,22,9,121.5405406,25.0557446
112,5,29,8,29,2,03中山區,中山區龍江路與龍江路187巷口,0,0,2,2,C03,8,1,5,50,4,1,1,5,4,5,7,4,4,9,4,5,2,17,1,42,2,9,1,1,7,5,1,10,1,14,,44,,1,22,9,121.5405406,25.0557446
112,5,29,8,29,2,06松山區,松山區民權大橋東往西下橋處,0,0,1,1,C03,8,1,5,30,14,9,1,5,4,5,7,4,4,9,4,5,2,16,1,22,2,9,1,4,7,9,1,10,2,14,,23,,1,22,9,121.5664259,25.06334773
112,5,29,8,29,2,06松山區,松山區民權大橋東往西下橋處,0,0,1,3,B01,8,1,5,30,14,9,1,5,4,5,7,4,4,9,4,5,2,16,1,57,3,10,3,4,7,8,1,1,9,15,,7,,1,22,9,121.5664259,25.06334773
112,5,29,8,29,2,06松山區,松山區民權大橋東往西下橋處,0,0,1,2,C03,8,1,5,30,14,9,1,5,4,5,7,4,4,9,4,5,2,16,2,28,3,10,1,4,7,9,1,10,2,12,,13,,1,22,9,121.5664259,25.06334773
112,5,29,8,32,2,01大同區,大同區環河北路2段與敦煌路口,0,0,1,2,C03,8,1,5,50,4,2,1,5,4,5,7,1,1,8,3,5,1,17,1,74,2,9,1,1,7,6,1,10,1,12,,16,,1,22,9,121.5095426,25.07630397
112,5,29,8,32,2,01大同區,大同區環河北路2段與敦煌路口,0,0,1,1,C03,8,1,5,50,4,2,1,5,4,5,7,1,1,8,3,5,1,17,1,24,3,10,1,1,7,6,1,10,1,15,,16,,1,22,9,121.5095426,25.07630397
112,5,29,8,33,2,09北投區,北投區中央北路3段226號,0,0,1,2,C03,8,1,5,0,14,9,1,5,4,5,7,4,4,7,4,5,2,12,1,33,2,9,1,1,7,11,1,10,1,11,,43,,1,22,9,121.4804671,25.13629398
112,5,29,8,33,2,09北投區,北投區中央北路3段226號,0,0,1,1,B01,8,1,5,0,14,9,1,5,4,5,7,4,4,7,4,5,2,12,1,64,3,10,1,1,7,6,1,4,1,6,,6,,1,22,9,121.4804671,25.13629398
112,5,29,8,34,2,03中山區,中山區濱江街180巷與民族東路口,0,0,1,2,F01,8,1,5,50,4,1,1,5,4,5,7,3,1,1,3,4,1,16,1,27,2,7,1,1,7,14,8,20,1,16,,44,,1,22,9,121.5381411,25.068326
112,5,29,8,34,2,03中山區,中山區濱江街180巷與民族東路口,0,0,1,1,B03,8,1,5,50,4,1,1,5,4,5,7,3,1,1,3,4,1,16,1,40,3,10,3,4,7,5,1,8,1,4,,44,,1,22,9,121.5381411,25.068326
112,5,29,8,39,2,04大安區,大安區忠孝東路4段49巷與忠孝東路4段口,0,0,2,2,C03,8,1,5,50,3,1,1,5,4,5,7,4,4,1,4,5,2,16,1,31,2,9,1,1,7,9,1,10,1,11,,13,,1,22,9,121.5437651,25.04163201
112,5,29,8,39,2,04大安區,大安區忠孝東路4段49巷與忠孝東路4段口,0,0,2,1,C03,8,1,5,50,3,1,1,5,4,5,7,4,4,1,4,5,2,16,1,44,2,9,1,1,7,6,1,10,1,12,,9,,1,22,9,121.5437651,25.04163201
112,5,29,8,49,2,03中山區,中山區樂群二路與敬業一路口,0,0,1,1,B03,8,1,5,50,4,2,1,5,4,5,7,1,1,1,3,5,1,12,2,33,3,10,1,1,7,6,1,8,1,2,,9,,1,22,9,121.5532161,25.0800077
112,5,29,8,49,2,03中山區,中山區樂群二路與敬業一路口,0,0,1,2,C03,8,1,5,50,4,2,1,5,4,5,7,1,1,1,3,5,1,12,1,37,2,7,1,1,7,9,1,10,1,11,,44,,1,22,9,121.5532161,25.0800077
112,5,29,9,14,2,07信義區,信義區基隆路2段39巷與吳興街50巷口,0,0,1,1,C03,8,1,5,30,4,1,1,5,4,5,7,4,4,9,5,5,2,15,1,26,2,9,1,1,7,9,1,10,1,12,,6,,1,22,9,121.5595286,25.03059468
112,5,29,9,14,2,07信義區,信義區基隆路2段39巷與吳興街50巷口,0,0,1,2,B03,8,1,5,30,4,1,1,5,4,5,7,4,4,9,5,5,2,15,1,58,3,10,1,1,7,9,1,8,1,1,,42,,1,22,9,121.5595286,25.03059468
112,5,29,9,42,2,07信義區,信義區市民大道6段與中坡北路口,0,0,3,2,C03,8,1,5,40,4,1,1,5,4,5,7,1,1,1,4,5,1,17,1,19,2,9,3,4,7,5,1,10,2,13,,44,,1,22,9,121.5800871,25.0489423
112,5,29,9,42,2,07信義區,信義區市民大道6段與中坡北路口,0,0,3,3,H02,8,1,5,40,4,1,1,5,4,5,7,1,1,1,4,5,1,17,2,17,2,8,3,5,7,20,8,20,10,16,,67,,1,22,9,121.5800871,25.0489423
112,5,29,9,42,2,07信義區,信義區市民大道6段與中坡北路口,0,0,3,1,C03,8,1,5,40,4,1,1,5,4,5,7,1,1,1,4,5,1,17,1,50,2,9,3,4,7,9,1,10,2,11,,23,,1,22,9,121.5800871,25.0489423
112,5,29,9,55,2,02萬華區,萬華區長泰街與東園街口人行道,0,0,1,1,B12,8,1,5,30,4,1,1,5,4,5,7,2,1,8,3,5,1,3,1,44,3,10,1,1,7,5,1,7,1,5,,8,,1,22,9,121.4981725,25.0222077
112,5,29,9,55,2,02萬華區,萬華區長泰街與東園街口人行道,0,0,1,2,H01,8,1,5,30,4,1,1,5,4,5,7,2,1,8,3,5,1,3,2,88,2,1,4,5,8,16,8,20,10,15,,67,,1,22,9,121.4981725,25.0222077
112,5,29,9,59,2,08士林區,士林區至誠路1段與雨聲街口,0,0,1,1,C04,8,1,5,50,3,2,1,5,4,5,7,3,1,9,4,5,2,17,2,77,3,10,1,1,7,5,1,8,1,11,,23,,1,22,9,121.5336391,25.10127279
112,5,29,9,59,2,08士林區,士林區至誠路1段與雨聲街口,0,0,1,2,C03,8,1,5,50,3,2,1,5,4,5,7,3,1,9,4,5,2,17,2,33,2,6,1,1,7,5,1,10,1,12,,6,,1,22,9,121.5336391,25.10127279
112,5,29,10,3,2,06松山區,松山區光復北路190巷39號,0,0,2,1,C03,8,1,5,30,14,9,1,5,4,5,7,4,4,9,4,5,2,16,2,42,2,9,1,4,7,9,1,10,2,12,,4,,1,22,9,121.553605,25.05451146
112,5,29,10,3,2,06松山區,松山區光復北路190巷39號,0,0,2,2,C03,8,1,5,30,14,9,1,5,4,5,7,4,4,9,4,5,2,16,2,27,2,7,1,4,7,5,1,10,2,14,,8,,1,22,9,121.553605,25.05451146
112,5,29,10,11,2,04大安區,大安區信義路4段與大安路1段口,0,0,1,1,F02,8,1,5,0,5,1,4,5,4,5,7,1,1,3,4,5,2,18,2,43,2,7,3,4,7,9,8,20,1,16,,23,,1,22,9,121.546228,25.0331897
112,5,29,10,11,2,04大安區,大安區信義路4段與大安路1段口,0,0,1,2,,8,1,5,0,5,1,4,5,4,5,7,1,1,3,4,5,2,18,3,0,,,,,,,,,,,,67,,1,,,121.546228,25.0331897
112,5,29,10,14,2,09北投區,北投區文林北路308號與承德路7段口,0,0,1,2,C03,8,1,5,50,3,2,1,5,4,5,7,2,1,3,4,4,2,12,1,44,2,9,1,1,7,9,1,10,1,12,,43,,1,22,9,121.5117505,25.1103304
112,5,29,10,14,2,09北投區,北投區文林北路308號與承德路7段口,0,0,1,1,C03,8,1,5,50,3,2,1,5,4,5,7,2,1,3,4,4,2,12,2,21,3,10,1,1,7,8,1,10,1,12,,7,,1,22,9,121.5117505,25.1103304
112,5,29,10,20,2,08士林區,士林區文昌路與中正路口,0,0,1,1,C03,8,1,5,50,3,1,1,5,4,5,7,2,1,1,5,5,1,12,1,44,2,9,1,1,7,9,3,18,1,14,,17,,1,22,9,121.5213703,25.0942185
112,5,29,10,20,2,08士林區,士林區文昌路與中正路口,0,0,1,2,B03,8,1,5,50,3,1,1,5,4,5,7,2,1,1,5,5,1,12,1,80,3,10,1,1,7,9,1,8,1,2,,17,,1,22,9,121.5213703,25.0942185
112,5,29,10,25,2,04大安區,大安區仁愛路4段與敦化南路1段口,0,0,2,1,C03,8,1,5,50,16,9,1,5,4,5,7,1,1,1,4,5,2,13,2,44,2,9,1,1,7,12,1,10,1,11,,16,,1,22,9,121.5496062,25.0375028
112,5,29,10,25,2,04大安區,大安區仁愛路4段與敦化南路1段口,0,0,2,2,C03,8,1,5,50,16,9,1,5,4,5,7,1,1,1,4,5,2,13,1,53,2,9,1,1,7,12,1,9,1,13,,44,,1,22,9,121.5496062,25.0375028
112,5,29,10,39,2,06松山區,松山區慶城街21-1號旁,0,0,1,1,B03,8,1,5,30,14,9,1,5,4,5,7,4,4,9,4,5,2,17,2,42,3,10,1,1,7,9,1,8,1,5,,23,,1,22,9,121.5448155,25.05328962
112,5,29,10,39,2,06松山區,松山區慶城街21-1號旁,0,0,1,2,C03,8,1,5,30,14,9,1,5,4,5,7,4,4,9,4,5,2,17,1,27,2,8,1,1,7,2,1,10,1,13,,12,,1,22,9,121.5448155,25.05328962
112,5,29,10,39,2,06松山區,松山區慶城街21-1號旁,0,0,1,3,C03,8,1,5,30,14,9,1,5,4,5,7,4,4,9,4,5,2,17,2,49,3,10,1,1,7,13,1,10,9,13,,44,,1,22,9,121.5448155,25.05328962
112,5,29,10,43,2,04大安區,大安區信義路4段22號,0,0,1,1,C03,8,1,5,50,14,9,1,5,4,5,7,4,4,9,4,5,1,13,1,19,2,9,1,4,7,9,1,10,2,11,,23,,1,22,9,121.5441599,25.0332563
112,5,29,10,43,2,04大安區,大安區信義路4段22號,0,0,1,2,B01,8,1,5,50,14,9,1,5,4,5,7,4,4,9,4,5,1,13,1,45,3,10,1,4,7,14,1,4,2,3,,38,,1,22,9,121.5441599,25.0332563
112,5,29,10,44,2,03中山區,中山區吉林路425號,0,0,1,1,A04,8,1,5,50,14,9,1,5,4,3,5,2,1,5,4,4,2,12,1,54,3,10,3,4,7,9,1,2,2,6,,17,,1,22,9,121.5304508,25.0667847
112,5,29,10,44,2,03中山區,中山區吉林路425號,0,0,1,3,A11,8,1,5,50,14,9,1,5,4,3,5,2,1,5,4,4,2,12,1,53,3,10,3,4,7,13,1,7,11,15,,38,,1,22,9,121.5304508,25.0667847
112,5,29,10,44,2,03中山區,中山區吉林路425號,0,0,1,2,F01,8,1,5,50,14,9,1,5,4,3,5,2,1,5,4,4,2,12,1,83,2,9,3,4,7,9,8,20,2,16,,17,,1,22,9,121.5304508,25.0667847
112,5,29,11,0,2,03中山區,中山區長春路與新生北路2段口,0,0,1,2,C03,8,1,5,50,4,2,1,5,4,5,7,1,1,5,4,5,1,13,2,30,2,9,1,1,7,14,1,10,2,13,,26,,1,22,9,121.5272656,25.0549094
112,5,29,11,0,2,03中山區,中山區長春路與新生北路2段口,0,0,1,1,B03,8,1,5,50,4,2,1,5,4,5,7,1,1,5,4,5,1,13,1,34,3,10,1,1,7,1,6,18,2,1,,23,,1,22,9,121.5272656,25.0549094
112,5,29,11,0,2,07信義區,信義區松信路與虎林街120巷口,0,0,1,1,B01,8,1,5,50,4,1,1,5,4,5,7,1,1,9,4,5,2,16,1,52,3,10,1,1,7,11,1,4,1,1,,10,,1,22,9,121.5719797,25.0422304
112,5,29,11,0,2,07信義區,信義區松信路與虎林街120巷口,0,0,1,2,C03,8,1,5,50,4,1,1,5,4,5,7,1,1,9,4,5,2,16,1,18,2,9,1,1,7,9,1,10,1,14,,44,,1,22,9,121.5719797,25.0422304
112,5,29,11,50,2,04大安區,大安區市民大道3段與建國南路1段口,0,0,1,1,C03,8,1,5,40,4,1,1,5,4,5,7,2,1,9,4,4,1,16,1,23,3,10,1,4,7,6,1,10,1,12,,9,,1,22,9,121.5363514,25.0446553
112,5,29,11,50,2,04大安區,大安區市民大道3段與建國南路1段口,0,0,1,2,C03,8,1,5,40,4,1,1,5,4,5,7,2,1,9,4,4,1,16,2,22,2,8,1,4,7,9,1,10,1,11,,44,,1,22,9,121.5363514,25.0446553
112,5,29,12,17,2,08士林區,士林區中社路1段41號,0,0,2,3,H02,8,1,5,50,14,9,1,5,4,5,7,4,4,5,5,5,2,17,2,8,2,9,1,5,7,20,8,20,10,16,,67,,1,22,9,121.5598869,25.1088569
112,5,29,12,17,2,08士林區,士林區中社路1段41號,0,0,2,2,C03,8,1,5,50,14,9,1,5,4,5,7,4,4,5,5,5,2,17,1,45,2,9,1,1,7,9,1,10,1,11,,44,,1,22,9,121.5598869,25.1088569
112,5,29,12,17,2,08士林區,士林區中社路1段41號,0,0,2,1,B02,8,1,5,50,14,9,1,5,4,5,7,4,4,5,5,5,2,17,1,36,3,10,1,1,7,11,1,2,1,8,,10,,1,22,9,121.5598869,25.1088569
112,5,29,13,23,2,02萬華區,萬華區萬青街與青年路68巷口,0,0,1,1,B01,8,1,5,30,4,1,1,5,4,5,7,3,1,9,5,5,2,16,1,68,3,10,1,1,7,9,1,4,1,1,,6,,1,22,9,121.5016053,25.02360906
112,5,29,13,23,2,02萬華區,萬華區萬青街與青年路68巷口,0,0,1,2,C03,8,1,5,30,4,1,1,5,4,5,7,3,1,9,5,5,2,16,2,64,2,9,1,1,7,9,1,10,1,14,,43,,1,22,9,121.5016053,25.02360906
112,5,29,13,39,2,05中正區,中正區北平東路與林森北路口,0,0,1,1,C03,8,1,5,50,4,2,1,5,4,5,7,1,1,4,4,5,1,12,1,50,3,10,1,1,7,8,1,10,1,12,,7,,1,22,9,121.5238512,25.0468737
112,5,29,13,39,2,05中正區,中正區北平東路與林森北路口,0,0,1,2,C03,8,1,5,50,4,2,1,5,4,5,7,1,1,4,4,5,1,12,2,69,2,9,1,1,7,9,1,10,1,11,,44,,1,22,9,121.5238512,25.0468737
112,5,29,14,0,2,03中山區,中山區龍江路251號,0,0,1,1,B03,8,1,5,50,14,9,1,5,4,5,7,4,4,5,4,5,1,17,2,52,3,10,1,1,7,15,1,8,1,4,,42,,1,22,9,121.5408202,25.0589044
112,5,29,14,0,2,03中山區,中山區龍江路251號,0,0,1,2,F01,8,1,5,50,14,9,1,5,4,5,7,4,4,5,4,5,1,17,2,62,2,1,2,1,7,9,8,20,1,16,,44,,1,22,9,121.5408202,25.0589044