發生年度,發生月,發生日,發生時-Hours,發生分,處理別-編號,區序,肇事地點,死亡人數,2-30日死亡人數,受傷人數,當事人序號,車種,天候,光線,道路類別,速限-速度限制,道路型態,事故位置,路面狀況1,路面狀況2,路面狀況3,道路障礙1,道路障礙2,號誌1,號誌2,車道劃分-分向,車道劃分-分道1,車道劃分-分道2,車道劃分-分道3,事故類型及型態,性別,年齡,受傷程度,主要傷處,保護裝置,行動電話,車輛用途,當事者行動狀態,駕駛資格情形,駕駛執照種類,飲酒情形,車輛撞擊部位1,車輛撞擊部位2,肇因碼-個別,肇因碼-主要,個人肇逃否,職業,旅次目的,座標-X,座標-Y
112,5,29,14,2,2,10文山區,文山區木柵路4段與和平東路4段口旁,0,0,2,3,C03,8,1,5,50,3,1,1,5,4,5,7,2,1,9,4,5,2,12,2,55,2,9,1,1,7,9,1,10,1,14,,44,,1,22,9,121.5746133,24.99824285
112,5,29,14,2,2,10文山區,文山區木柵路4段與和平東路4段口旁,0,0,2,2,B03,8,1,5,50,3,1,1,5,4,5,7,2,1,9,4,5,2,12,2,56,3,10,1,1,7,9,1,8,1,5,,19,,1,22,9,121.5746133,24.99824285
112,5,29,14,2,2,10文山區,文山區木柵路4段與和平東路4段口旁,0,0,2,1,C03,8,1,5,50,3,1,1,5,4,5,7,2,1,9,4,5,2,12,1,22,2,7,1,1,7,10,1,10,1,14,,19,,1,22,9,121.5746133,24.99824285
112,5,29,14,4,2,08士林區,士林區文林路與小北街口,0,0,2,2,C03,8,1,5,50,4,2,1,5,4,5,7,2,1,5,5,5,2,17,1,63,2,9,1,1,7,5,1,10,1,11,,17,,1,22,9,121.5269608,25.0904633
112,5,29,14,4,2,08士林區,士林區文林路與小北街口,0,0,2,3,H02,8,1,5,50,4,2,1,5,4,5,7,2,1,5,5,5,2,17,2,38,2,9,1,1,7,20,8,20,10,16,,67,,1,22,9,121.5269608,25.0904633
112,5,29,14,4,2,08士林區,士林區文林路與小北街口,0,0,2,1,B03,8,1,5,50,4,2,1,5,4,5,7,2,1,5,5,5,2,17,1,43,3,10,1,1,7,11,1,8,1,8,,10,,1,22,9,121.5269608,25.0904633
112,5,29,14,10,2,05中正區,中正區臨沂街21號,0,0,1,2,C03,8,1,5,30,14,9,1,5,4,5,7,4,4,7,5,5,2,16,1,48,2,9,1,1,7,9,1,10,1,11,,14,,1,22,9,121.5304915,25.0419847
112,5,29,14,10,2,05中正區,中正區臨沂街21號,0,0,1,1,C03,8,1,5,30,14,9,1,5,4,5,7,4,4,7,5,5,2,16,2,18,3,10,1,1,7,9,1,10,1,13,,6,,1,22,9,121.5304915,25.0419847
112,5,29,14,15,2,05中正區,中正區牯嶺街與同安街80巷口,0,0,1,1,C03,8,1,5,30,4,1,1,5,4,3,5,4,4,10,5,5,1,17,2,56,2,7,1,1,7,5,1,10,1,11,,8,,1,22,9,121.5190238,25.0222413
112,5,29,14,15,2,05中正區,中正區牯嶺街與同安街80巷口,0,0,1,2,A12,8,1,5,30,4,1,1,5,4,3,5,4,4,10,5,5,1,17,1,41,3,10,1,1,7,13,1,8,1,15,,44,,1,22,9,121.5190238,25.0222413
112,5,29,14,15,2,05中正區,中正區牯嶺街與同安街80巷口,0,0,1,3,B03,8,1,5,30,4,1,1,5,4,3,5,4,4,10,5,5,1,17,2,57,3,10,1,1,7,9,1,8,1,6,,14,,1,22,9,121.5190238,25.0222413
112,5,29,14,17,2,11南港區,南港區南港路3段與玉成街口,0,0,2,1,B12,8,1,5,50,4,1,1,5,4,5,7,2,1,5,4,5,2,15,1,65,2,3,1,1,7,9,1,8,1,4,,25,,1,22,9,121.5814534,25.05156148
112,5,29,14,17,2,11南港區,南港區南港路3段與玉成街口,0,0,2,2,C03,8,1,5,50,4,1,1,5,4,5,7,2,1,5,4,5,2,15,1,46,2,9,1,1,7,9,1,10,1,11,,13,,1,22,9,121.5814534,25.05156148
112,5,29,14,31,2,12內湖區,內湖區陽光街與陽光街252巷口,0,0,1,2,B03,8,1,5,50,3,1,1,5,4,5,7,4,4,5,5,5,2,16,2,53,3,10,1,1,7,9,1,8,1,8,,23,,1,22,9,121.5774434,25.07319669
112,5,29,14,31,2,12內湖區,內湖區陽光街與陽光街252巷口,0,0,1,1,C03,8,1,5,50,3,1,1,5,4,5,7,4,4,5,5,5,2,16,1,47,2,9,1,1,7,5,1,10,1,12,,6,,1,22,9,121.5774434,25.07319669
112,5,29,14,54,2,09北投區,北投區中央北路3段與中央北路3段258巷口,0,0,1,1,C03,8,1,5,50,3,2,1,5,4,5,7,4,4,5,4,5,2,17,1,34,3,10,1,1,7,1,1,9,2,15,,19,,1,22,9,121.4796082,25.1357535
112,5,29,14,54,2,09北投區,北投區中央北路3段與中央北路3段258巷口,0,0,1,2,C03,8,1,5,50,3,2,1,5,4,5,7,4,4,5,4,5,2,17,1,22,2,9,1,1,7,9,1,10,2,14,,13,,1,22,9,121.4796082,25.1357535
112,5,29,14,54,2,07信義區,信義區松山路283號,0,0,1,2,C03,8,1,5,50,14,9,1,5,4,1,7,4,4,3,4,5,2,12,2,61,2,9,3,4,7,10,4,11,1,13,,7,,1,22,9,121.5778766,25.0429922
112,5,29,14,54,2,07信義區,信義區松山路283號,0,0,1,1,B03,8,1,5,50,14,9,1,5,4,1,7,4,4,3,4,5,2,12,1,67,3,10,3,4,7,9,1,8,1,1,,23,,1,22,9,121.5778766,25.0429922
112,5,29,15,0,2,07信義區,信義區基隆路2段與嘉興街口,0,0,2,1,C03,8,1,5,50,3,1,1,5,4,5,7,4,4,7,4,5,2,17,1,35,2,9,1,1,7,6,1,10,2,12,,9,,1,22,9,121.5591478,25.0325126
112,5,29,15,0,2,07信義區,信義區基隆路2段與嘉興街口,0,0,2,2,C03,8,1,5,50,3,1,1,5,4,5,7,4,4,7,4,5,2,17,1,39,2,9,1,1,7,9,1,10,2,11,,44,,1,22,9,121.5591478,25.0325126
112,5,29,15,2,2,01大同區,大同區民權西路245巷與延平北路3段18巷口口,0,0,1,1,C03,8,1,5,30,4,1,1,5,4,5,7,4,4,10,5,5,2,15,1,59,3,10,3,4,7,9,1,10,2,11,,6,,1,22,9,121.510326,25.0632561
112,5,29,15,2,2,01大同區,大同區民權西路245巷與延平北路3段18巷口口,0,0,1,2,C03,8,1,5,30,4,1,1,5,4,5,7,4,4,10,5,5,2,15,1,39,2,8,3,4,7,9,1,10,2,12,,42,,1,22,9,121.510326,25.0632561
112,5,29,16,14,2,05中正區,中正區忠孝西路1段與館前路口,0,0,1,2,H01,8,1,5,50,14,9,1,5,4,5,7,4,4,1,4,1,2,9,1,60,2,1,4,5,8,20,8,20,10,16,,67,,1,22,9,121.5151778,25.04671306
112,5,29,16,14,2,05中正區,中正區忠孝西路1段與館前路口,0,0,1,1,A02,8,1,5,50,14,9,1,5,4,5,7,4,4,1,4,1,2,9,1,45,3,10,1,1,7,8,1,2,2,2,,23,,1,22,9,121.5151778,25.04671306
112,5,29,16,18,2,07信義區,信義區基隆路車行地下道1段往北,0,0,3,2,B03,8,1,5,50,14,9,1,5,4,5,7,4,4,9,4,5,2,13,1,53,2,5,1,1,7,14,1,8,2,3,,44,,1,22,9,121.5602463,25.0340804
112,5,29,16,18,2,07信義區,信義區基隆路車行地下道1段往北,0,0,3,3,B03,8,1,5,50,14,9,1,5,4,5,7,4,4,9,4,5,2,13,2,40,2,6,1,1,7,14,1,8,2,3,,44,,1,22,9,121.5602463,25.0340804
112,5,29,16,18,2,07信義區,信義區基隆路車行地下道1段往北,0,0,3,4,B02,8,1,5,50,14,9,1,5,4,5,7,4,4,9,4,5,2,13,1,46,3,10,1,1,7,14,1,8,1,3,,44,,1,22,9,121.5602463,25.0340804
112,5,29,16,18,2,07信義區,信義區基隆路車行地下道1段往北,0,0,3,1,B12,8,1,5,50,14,9,1,5,4,5,7,4,4,9,4,5,2,13,1,57,2,3,1,1,7,9,1,8,9,1,,16,,1,22,9,121.5602463,25.0340804
112,5,29,16,24,2,03中山區,中山區市民大道3段137號,0,0,1,1,C03,8,1,5,40,14,9,1,5,4,5,7,4,4,1,4,5,2,13,1,65,2,9,3,4,7,9,1,10,1,11,,16,,1,22,9,121.5389914,25.04473743
112,5,29,16,24,2,03中山區,中山區市民大道3段137號,0,0,1,2,B03,8,1,5,40,14,9,1,5,4,5,7,4,4,1,4,5,2,13,1,65,3,10,3,4,7,9,1,8,1,3,,44,,1,22,9,121.5389914,25.04473743
112,5,29,16,31,2,03中山區,中山區松江路123巷6號,0,0,1,1,C03,8,1,5,30,14,9,1,5,4,5,7,4,4,10,3,5,1,16,2,28,2,9,1,1,7,9,1,10,2,12,,6,,1,22,9,121.5336435,25.05289062
112,5,29,16,31,2,03中山區,中山區松江路123巷6號,0,0,1,2,B03,8,1,5,30,14,9,1,5,4,5,7,4,4,10,3,5,1,16,1,51,3,10,1,1,7,9,1,15,2,1,,14,,1,22,9,121.5336435,25.05289062
112,5,29,16,35,2,10文山區,文山區興隆路4段與興隆路4段145巷口,0,0,1,1,B03,8,1,5,50,4,1,1,5,4,5,7,4,4,1,3,5,2,16,1,56,3,10,1,1,7,11,1,8,2,8,,10,,1,22,9,121.5615081,24.98493847
112,5,29,16,35,2,10文山區,文山區興隆路4段與興隆路4段145巷口,0,0,1,2,C03,8,1,5,50,4,1,1,5,4,5,7,4,4,1,3,5,2,16,2,21,2,9,1,1,7,9,1,10,2,11,,23,,1,22,9,121.5615081,24.98493847
112,5,29,16,45,2,12內湖區,內湖區成功路2段456巷9號旁,0,0,2,1,C03,8,1,5,30,14,9,1,5,4,5,7,4,4,10,5,5,2,11,1,54,2,9,1,4,7,7,1,10,2,11,,7,,1,22,9,121.5872028,25.07375633
112,5,29,16,45,2,12內湖區,內湖區成功路2段456巷9號旁,0,0,2,2,C03,8,1,5,30,14,9,1,5,4,5,7,4,4,10,5,5,2,11,2,60,2,9,1,4,7,9,1,10,2,11,,44,,1,22,9,121.5872028,25.07375633
112,5,29,17,1,2,07信義區,信義區基隆路1段378號,0,0,1,1,C02,8,1,5,50,14,9,1,5,4,5,7,4,4,3,3,5,1,13,1,30,2,9,1,4,7,9,1,9,1,11,,43,,1,22,9,121.5605376,25.0346721
112,5,29,17,1,2,07信義區,信義區基隆路1段378號,0,0,1,2,B03,8,1,5,50,14,9,1,5,4,5,7,4,4,3,3,5,1,13,2,47,3,10,3,4,7,9,1,8,1,3,,43,,1,22,9,121.5605376,25.0346721
112,5,29,17,10,2,03中山區,中山區市民大道2段與長安東路1段52巷口,0,0,2,1,C03,8,1,5,40,3,1,1,5,4,5,7,1,1,1,4,5,1,17,1,24,2,9,1,1,7,1,1,10,1,14,,19,,1,22,9,121.5277895,25.04715313
112,5,29,17,10,2,03中山區,中山區市民大道2段與長安東路1段52巷口,0,0,2,2,C03,8,1,5,40,3,1,1,5,4,5,7,1,1,1,4,5,1,17,1,20,2,9,1,1,7,9,1,10,1,12,,13,,1,22,9,121.5277895,25.04715313
112,5,29,17,11,2,08士林區,士林區德行東路129巷與忠誠路2段32巷口,0,0,1,1,B03,8,1,5,30,4,1,1,5,4,5,7,4,4,10,5,5,2,15,2,54,3,10,3,4,7,9,1,8,1,5,,6,,1,22,9,121.5293379,25.10941027
112,5,29,17,11,2,08士林區,士林區德行東路129巷與忠誠路2段32巷口,0,0,1,2,C03,8,1,5,30,4,1,1,5,4,5,7,4,4,10,5,5,2,15,2,52,2,9,1,4,7,9,1,10,1,12,,44,,1,22,9,121.5293379,25.10941027
112,5,29,17,21,2,04大安區,大安區和平東路1段與青田街口,0,0,2,1,C03,8,1,5,50,4,1,1,5,4,5,7,1,1,1,3,5,2,13,2,34,2,9,1,1,7,7,1,10,1,11,,16,,1,22,9,121.5321639,25.0263564
112,5,29,17,21,2,04大安區,大安區和平東路1段與青田街口,0,0,2,2,C03,8,1,5,50,4,1,1,5,4,5,7,1,1,1,3,5,2,13,2,29,2,9,1,1,7,9,1,10,1,13,,44,,1,22,9,121.5321639,25.0263564
112,5,29,17,25,2,03中山區,中山區林森北路623號前,0,0,1,2,G06,8,1,5,50,14,9,1,5,4,5,7,4,4,5,4,5,2,17,1,76,2,3,3,4,7,9,7,19,1,15,,44,,1,20,9,121.5257416,25.066969
112,5,29,17,25,2,03中山區,中山區林森北路623號前,0,0,1,1,F01,8,1,5,50,14,9,1,5,4,5,7,4,4,5,4,5,2,17,1,17,3,10,3,4,7,9,8,20,1,16,,26,,1,22,9,121.5257416,25.066969
112,5,29,18,3,2,09北投區,北投區中央北路4段30巷第1203970號燈稈,0,0,1,2,,8,1,5,30,15,11,1,3,4,5,7,4,4,10,5,5,2,18,3,0,,,,,,,,,,,,61,,1,,,121.477191,25.1365197
112,5,29,18,3,2,09北投區,北投區中央北路4段30巷第1203970號燈稈,0,0,1,1,C03,8,1,5,30,15,11,1,3,4,5,7,4,4,10,5,5,2,18,2,21,2,9,1,1,7,9,1,10,1,12,,42,,1,18,9,121.477191,25.1365197
112,5,29,18,9,2,02萬華區,萬華區康定路與三水街口,0,0,2,1,C03,8,1,5,50,4,1,1,5,4,5,7,1,1,8,3,5,2,11,1,67,2,9,1,4,7,5,5,10,1,12,,6,,1,22,9,121.501332,25.0360945
112,5,29,18,9,2,02萬華區,萬華區康定路與三水街口,0,0,2,2,C03,8,1,5,50,4,1,1,5,4,5,7,1,1,8,3,5,2,11,2,27,2,9,1,4,7,9,1,10,1,11,,13,,1,22,9,121.501332,25.0360945
112,5,29,18,12,2,07信義區,信義區市民大道5段往東南側人行道,0,0,1,2,,8,1,5,30,14,20,4,5,3,5,7,4,4,10,5,5,2,29,3,0,,,,,,,,,,,,61,,1,,,121.5581841,25.04510033
112,5,29,18,12,2,07信義區,信義區市民大道5段往東南側人行道,0,0,1,1,F01,8,1,5,30,14,20,4,5,3,5,7,4,4,10,5,5,2,29,2,42,2,9,3,1,7,9,8,20,11,16,,23,,1,22,9,121.5581841,25.04510033
112,5,29,18,17,2,03中山區,中山區中山北路2段16巷20號,0,0,1,1,C03,8,1,5,30,14,9,1,5,4,5,7,4,4,10,5,5,2,3,2,30,3,10,1,4,7,9,1,10,11,11,,,,2,22,9,121.5211402,25.0530517
112,5,29,18,17,2,03中山區,中山區中山北路2段16巷20號,0,0,1,2,H01,8,1,5,30,14,9,1,5,4,5,7,4,4,10,5,5,2,3,2,20,2,8,4,1,8,16,8,20,10,16,,,,1,22,9,121.5211402,25.0530517
112,5,29,18,40,2,05中正區,中正區金山南路1段與仁愛路2段口,0,0,1,1,C03,8,3,5,50,4,2,1,5,4,5,7,1,1,1,4,5,2,12,1,42,2,9,1,1,7,7,1,10,2,14,,7,,1,22,9,121.5285479,25.038346
112,5,29,18,40,2,05中正區,中正區金山南路1段與仁愛路2段口,0,0,1,2,B03,8,3,5,50,4,2,1,5,4,5,7,1,1,1,4,5,2,12,1,19,3,10,1,1,7,9,1,8,2,2,,44,,1,22,9,121.5285479,25.038346
112,5,29,19,0,2,08士林區,士林區光華路61巷4弄1108340燈桿,0,0,1,2,B03,8,2,5,30,11,9,1,5,4,5,1,4,4,10,5,5,1,17,1,49,3,10,3,4,7,6,1,8,1,8,,44,,1,22,9,121.5390618,25.13028104
112,5,29,19,0,2,08士林區,士林區光華路61巷4弄1108340燈桿,0,0,1,3,H02,8,2,5,30,11,9,1,5,4,5,1,4,4,10,5,5,1,17,2,20,2,8,1,5,7,20,8,20,10,16,,67,,1,22,9,121.5390618,25.13028104
112,5,29,19,0,2,08士林區,士林區光華路61巷4弄1108340燈桿,0,0,1,1,C03,8,2,5,30,11,9,1,5,4,5,1,4,4,10,5,5,1,17,1,19,3,10,1,4,7,5,1,10,1,14,,5,,1,22,9,121.5390618,25.13028104
112,5,29,19,20,2,06松山區,松山區八德路3段與八德路3段158巷口,0,0,1,1,B03,8,3,5,50,4,2,1,5,4,5,7,2,1,5,4,5,2,13,1,44,3,10,1,1,7,9,1,8,1,5,,23,,1,22,9,121.5549094,25.0480754
112,5,29,19,20,2,06松山區,松山區八德路3段與八德路3段158巷口,0,0,1,2,C03,8,3,5,50,4,2,1,5,4,5,7,2,1,5,4,5,2,13,1,22,3,10,1,1,7,10,1,10,1,13,,27,,1,22,9,121.5549094,25.0480754
112,5,29,19,20,2,06松山區,松山區八德路3段與八德路3段158巷口,0,0,1,3,H02,8,3,5,50,4,2,1,5,4,5,7,2,1,5,4,5,2,13,2,26,2,8,1,1,7,20,8,20,10,16,,67,,1,22,9,121.5549094,25.0480754
112,5,29,19,31,2,09北投區,北投區石牌路1段166巷112號前,0,0,2,2,C03,7,3,5,30,14,9,1,5,4,5,7,4,4,10,5,5,2,6,2,44,2,9,1,1,7,9,1,10,9,11,,44,,1,22,9,121.5154052,25.11196503
112,5,29,19,31,2,09北投區,北投區石牌路1段166巷112號前,0,0,2,1,H01,7,3,5,30,14,9,1,5,4,5,7,4,4,10,5,5,2,6,2,56,2,9,1,5,8,18,8,20,10,16,,53,,1,22,9,121.5154052,25.11196503
112,5,29,19,55,2,06松山區,松山區撫遠街403巷與塔悠路口,0,0,1,1,B11,8,3,5,40,3,1,1,5,4,5,7,1,1,9,4,4,1,12,1,48,3,10,1,4,7,1,1,2,1,8,,19,,1,22,9,121.5680077,25.06643921
112,5,29,19,55,2,06松山區,松山區撫遠街403巷與塔悠路口,0,0,1,2,C03,8,3,5,40,3,1,1,5,4,5,7,1,1,9,4,4,1,12,1,27,2,9,1,1,7,9,1,10,1,11,,44,,1,22,9,121.5680077,25.06643921
112,5,29,21,36,2,08士林區,士林區仰德大道1段101號與仰德大道1段口前,0,0,1,1,B03,7,3,5,40,3,2,1,5,4,5,7,1,1,4,4,5,1,17,1,22,4,11,3,4,7,8,7,19,11,15,,7,,2,22,9,121.5184238,25.08715398
112,5,29,21,36,2,08士林區,士林區仰德大道1段101號與仰德大道1段口前,0,0,1,2,B03,7,3,5,40,3,2,1,5,4,5,7,1,1,4,4,5,1,17,1,24,2,2,1,1,7,9,1,8,9,15,,44,,1,22,9,121.5184238,25.08715398
112,5,29,22,28,2,01大同區,大同區鄭州路西往東(燈桿0802452),0,0,1,2,C03,8,3,5,40,15,6,1,5,4,5,7,4,4,9,4,5,1,16,2,20,2,9,1,1,7,9,1,10,2,14,,23,,1,22,9,121.5089345,25.05031194
112,5,29,22,28,2,01大同區,大同區鄭州路西往東(燈桿0802452),0,0,1,1,B03,8,3,5,40,15,6,1,5,4,5,7,4,4,9,4,5,1,16,1,31,3,10,1,1,7,11,1,8,2,2,,6,,1,22,9,121.5089345,25.05031194
112,5,29,23,2,2,08士林區,士林區中正路與士商路口,0,0,2,2,C03,8,1,5,50,4,1,1,5,4,5,7,2,1,1,4,5,2,17,1,23,2,9,1,1,7,9,1,10,2,11,,44,,1,22,9,121.5187021,25.0924608
112,5,29,23,2,2,08士林區,士林區中正路與士商路口,0,0,2,1,C03,8,1,5,50,4,1,1,5,4,5,7,2,1,1,4,5,2,17,1,18,2,9,1,1,7,5,1,10,2,12,,6,,1,22,9,121.5187021,25.0924608
112,5,29,23,42,2,04大安區,大安區仁愛路3段與建國南路1段口,0,0,1,2,B01,8,3,5,50,4,1,1,5,4,5,7,2,1,1,4,1,2,12,1,51,3,10,1,1,7,9,1,4,1,5,,13,,1,22,9,121.5373182,25.0380485
112,5,29,23,42,2,04大安區,大安區仁愛路3段與建國南路1段口,0,0,1,1,B03,8,3,5,50,4,1,1,5,4,5,7,2,1,1,4,1,2,12,1,30,2,7,1,1,7,7,1,8,1,8,,7,,1,22,9,121.5373182,25.0380485
112,5,30,0,7,2,02萬華區,萬華區萬大路423巷與萬大路423巷28弄口,0,0,1,1,A11,8,3,5,30,4,2,1,2,4,5,7,1,1,5,5,5,2,17,1,39,3,10,1,1,7,5,1,3,9,15,,42,,1,22,9,121.4997652,25.02124686
112,5,30,0,7,2,02萬華區,萬華區萬大路423巷與萬大路423巷28弄口,0,0,1,2,C03,8,3,5,30,4,2,1,2,4,5,7,1,1,5,5,5,2,17,1,19,2,7,2,1,7,5,1,10,1,14,,44,,1,22,9,121.4997652,25.02124686
112,5,30,1,18,2,03中山區,中山區民生東路1段45號,0,0,4,3,H02,8,3,5,50,14,9,1,5,4,5,7,4,4,5,4,5,2,12,1,29,2,9,3,4,7,20,8,20,10,16,,67,,1,22,9,121.5261176,25.0580963
112,5,30,1,18,2,03中山區,中山區民生東路1段45號,0,0,4,1,B02,8,3,5,50,14,9,1,5,4,5,7,4,4,5,4,5,2,12,1,37,2,1,3,4,7,14,1,8,2,4,,38,,1,22,9,121.5261176,25.0580963
112,5,30,1,18,2,03中山區,中山區民生東路1段45號,0,0,4,4,H02,8,3,5,50,14,9,1,5,4,5,7,4,4,5,4,5,2,12,2,25,2,9,3,4,7,20,8,20,10,16,,67,,1,22,9,121.5261176,25.0580963
112,5,30,1,18,2,03中山區,中山區民生東路1段45號,0,0,4,2,B01,8,3,5,50,14,9,1,5,4,5,7,4,4,5,4,5,2,12,1,57,2,9,3,4,7,9,1,4,2,1,,44,,1,22,9,121.5261176,25.0580963
112,5,30,5,52,2,03中山區,中山區農安街1巷與雙城街32巷口,0,0,1,1,F01,8,1,5,30,3,1,1,5,4,5,7,4,4,10,5,5,2,16,1,87,3,10,2,1,7,9,8,20,1,16,,,,1,22,9,121.5229366,25.0662458
112,5,30,5,52,2,03中山區,中山區農安街1巷與雙城街32巷口,0,0,1,2,C03,8,1,5,30,3,1,1,5,4,5,7,4,4,10,5,5,2,16,1,35,2,8,1,1,7,5,1,10,1,14,,,,1,22,9,121.5229366,25.0662458
112,5,30,6,40,2,07信義區,信義區松德路168巷30號,0,0,1,2,C03,8,1,5,30,11,9,1,5,4,5,7,4,4,9,4,5,2,17,1,37,2,9,1,1,7,5,1,10,9,14,,44,,1,22,9,121.5720216,25.0365176
112,5,30,6,40,2,07信義區,信義區松德路168巷30號,0,0,1,1,A12,8,1,5,30,11,9,1,5,4,5,7,4,4,9,4,5,2,17,1,43,3,10,1,1,7,6,1,7,9,15,,35,,1,22,9,121.5720216,25.0365176
112,5,30,6,58,2,02萬華區,萬華區康定路21-5號,0,0,1,1,F01,8,1,5,50,14,9,1,5,4,5,7,4,4,10,5,5,2,17,2,58,2,9,3,4,7,5,8,20,1,16,,26,,1,22,9,121.5027724,25.04408311
112,5,30,6,58,2,02萬華區,萬華區康定路21-5號,0,0,1,2,B03,8,1,5,50,14,9,1,5,4,5,7,4,4,10,5,5,2,17,1,41,3,10,3,4,7,9,1,8,1,1,,14,,1,22,9,121.5027724,25.04408311
112,5,30,7,0,2,07信義區,信義區松山路(福德街11號),0,0,1,2,C03,7,1,5,50,15,9,1,5,4,5,7,4,4,5,5,5,1,16,1,32,2,9,1,1,7,9,1,10,2,12,,44,,1,22,9,121.5790542,25.0359569
112,5,30,7,0,2,07信義區,信義區松山路(福德街11號),0,0,1,1,B01,7,1,5,50,15,9,1,5,4,5,7,4,4,5,5,5,1,16,1,47,3,10,3,4,7,15,1,2,2,4,,40,,1,22,9,121.5790542,25.0359569
112,5,30,7,2,2,06松山區,松山區南京東路4段120巷與南京東路4段口,0,0,1,1,C03,8,2,5,30,5,1,1,5,4,5,7,1,1,10,5,5,2,16,2,21,2,9,1,1,7,5,1,10,1,15,,23,,1,22,9,121.5551036,25.05151751
112,5,30,7,2,2,06松山區,松山區南京東路4段120巷與南京東路4段口,0,0,1,2,B03,8,2,5,30,5,1,1,5,4,5,7,1,1,10,5,5,2,16,1,72,3,10,1,1,7,11,1,8,1,4,,42,,1,22,9,121.5551036,25.05151751
112,5,30,7,20,2,08士林區,士林區重慶北路4段與通河西街2段口,0,0,2,2,B03,7,1,5,50,3,1,1,5,4,5,7,1,1,5,5,5,2,17,2,48,3,10,1,1,7,5,1,8,2,5,,44,,1,22,9,121.5118833,25.0877464
112,5,30,7,20,2,08士林區,士林區重慶北路4段與通河西街2段口,0,0,2,3,H02,7,1,5,50,3,1,1,5,4,5,7,1,1,5,5,5,2,17,1,15,2,9,1,5,7,17,8,20,10,16,,67,,1,22,9,121.5118833,25.0877464
112,5,30,7,20,2,08士林區,士林區重慶北路4段與通河西街2段口,0,0,2,1,C03,7,1,5,50,3,1,1,5,4,5,7,1,1,5,5,5,2,17,1,49,2,9,1,1,7,9,6,10,2,12,,25,,1,22,9,121.5118833,25.0877464
112,5,30,7,25,2,08士林區,士林區福林路與忠勇街口,0,0,1,2,C03,7,1,5,50,4,1,1,4,4,5,7,1,1,5,4,5,2,17,2,18,2,1,1,1,7,9,1,10,2,11,,23,,1,22,9,121.5344492,25.0979507
112,5,30,7,25,2,08士林區,士林區福林路與忠勇街口,0,0,1,1,B03,7,1,5,50,4,1,1,4,4,5,7,1,1,5,4,5,2,17,1,48,3,10,1,1,7,5,1,8,2,2,,8,,1,22,9,121.5344492,25.0979507
112,5,30,7,40,2,06松山區,松山區民生東路3段與民生東路3段107巷口,0,0,1,1,B01,7,1,5,50,3,1,1,4,4,5,7,4,4,1,5,5,2,17,1,58,3,10,3,4,7,7,1,8,1,15,,7,,2,22,9,121.5448583,25.05788908
112,5,30,7,40,2,06松山區,松山區民生東路3段與民生東路3段107巷口,0,0,1,2,C03,7,1,5,50,3,1,1,4,4,5,7,4,4,1,5,5,2,17,1,36,2,9,3,4,7,9,1,10,1,15,,44,,1,22,9,121.5448583,25.05788908
112,5,30,7,53,2,08士林區,士林區中山北路5段與中山北路5段378巷口,0,0,1,4,H02,6,1,5,50,4,2,1,4,4,5,7,2,1,9,5,5,1,17,2,31,3,10,1,5,7,20,8,20,10,16,,67,,1,22,9,121.527615,25.09014036
112,5,30,7,53,2,08士林區,士林區中山北路5段與中山北路5段378巷口,0,0,1,1,C03,6,1,5,50,4,2,1,4,4,5,7,2,1,9,5,5,1,17,2,41,2,8,1,1,7,8,1,10,1,14,,7,,1,22,9,121.527615,25.09014036
112,5,30,7,53,2,08士林區,士林區中山北路5段與中山北路5段378巷口,0,0,1,3,C03,6,1,5,50,4,2,1,4,4,5,7,2,1,9,5,5,1,17,1,69,3,10,1,1,7,14,1,10,1,15,,44,,1,22,9,121.527615,25.09014036
112,5,30,7,53,2,08士林區,士林區中山北路5段與中山北路5段378巷口,0,0,1,2,A02,6,1,5,50,4,2,1,4,4,5,7,2,1,9,5,5,1,17,1,54,3,10,1,1,7,9,1,2,1,2,,44,,1,22,9,121.527615,25.09014036
112,5,30,7,58,2,09北投區,北投區承德路7段與立賢路口,0,0,3,3,H02,6,1,5,60,4,1,1,4,4,5,7,2,1,1,4,4,1,16,2,25,2,9,1,5,7,20,8,20,1,16,,67,,1,22,9,121.5050314,25.11616691
112,5,30,7,58,2,09北投區,北投區承德路7段與立賢路口,0,0,3,1,C03,6,1,5,60,4,1,1,4,4,5,7,2,1,1,4,4,1,16,1,22,2,9,1,1,7,6,1,10,1,12,,9,,1,22,9,121.5050314,25.11616691
112,5,30,7,58,2,09北投區,北投區承德路7段與立賢路口,0,0,3,2,C03,6,1,5,60,4,1,1,4,4,5,7,2,1,1,4,4,1,16,1,25,2,9,1,1,7,9,1,10,1,14,,44,,1,22,9,121.5050314,25.11616691
112,5,30,8,17,2,11南港區,南港區研究院路2段與研究院路2段61巷口,0,0,1,2,C03,6,1,5,50,14,9,1,4,4,5,7,1,1,1,4,5,2,16,2,58,3,10,1,1,7,6,1,10,1,13,,9,,1,22,9,121.61635,25.0436382
112,5,30,8,17,2,11南港區,南港區研究院路2段與研究院路2段61巷口,0,0,1,1,C03,6,1,5,50,14,9,1,4,4,5,7,1,1,1,4,5,2,16,1,29,2,8,1,1,7,1,1,10,1,12,,23,,1,22,9,121.61635,25.0436382
112,5,30,8,36,2,06松山區,松山區南京東路4段與敦化北路口口,0,0,3,2,C03,7,1,5,50,5,1,1,5,4,5,7,2,1,1,4,5,2,13,1,41,2,9,3,4,7,9,1,10,1,11,,23,,1,22,9,121.5494544,25.0518203