發生年度,發生月,發生日,發生時-Hours,發生分,處理別-編號,區序,肇事地點,死亡人數,2-30日死亡人數,受傷人數,當事人序號,車種,天候,光線,道路類別,速限-速度限制,道路型態,事故位置,路面狀況1,路面狀況2,路面狀況3,道路障礙1,道路障礙2,號誌1,號誌2,車道劃分-分向,車道劃分-分道1,車道劃分-分道2,車道劃分-分道3,事故類型及型態,性別,年齡,受傷程度,主要傷處,保護裝置,行動電話,車輛用途,當事者行動狀態,駕駛資格情形,駕駛執照種類,飲酒情形,車輛撞擊部位1,車輛撞擊部位2,肇因碼-個別,肇因碼-主要,個人肇逃否,職業,旅次目的,座標-X,座標-Y
112,5,30,8,36,2,06松山區,松山區南京東路4段與敦化北路口口,0,0,3,3,H02,7,1,5,50,5,1,1,5,4,5,7,2,1,1,4,5,2,13,2,27,2,8,3,4,7,21,8,20,10,16,,67,,1,22,9,121.5494544,25.0518203
112,5,30,8,36,2,06松山區,松山區南京東路4段與敦化北路口口,0,0,3,1,C03,7,1,5,50,5,1,1,5,4,5,7,2,1,1,4,5,2,13,1,32,2,8,3,4,7,14,1,10,1,13,,42,,1,22,9,121.5494544,25.0518203
112,5,30,8,46,2,01大同區,大同區錦西街與雙連街口,0,0,2,1,C03,8,1,5,0,3,2,1,5,4,5,7,4,4,5,5,5,2,17,1,55,4,11,3,4,7,6,7,19,11,15,,9,,2,22,9,121.5188024,25.0602178
112,5,30,8,46,2,01大同區,大同區錦西街與雙連街口,0,0,2,2,F01,8,1,5,0,3,2,1,5,4,5,7,4,4,5,5,5,2,17,1,65,2,7,2,1,7,9,8,20,1,16,,44,,1,22,9,121.5188024,25.0602178
112,5,30,8,46,2,01大同區,大同區錦西街與雙連街口,0,0,2,3,C03,8,1,5,0,3,2,1,5,4,5,7,4,4,5,5,5,2,17,1,54,2,9,1,1,7,9,1,10,1,11,,44,,1,22,9,121.5188024,25.0602178
112,5,30,9,6,2,04大安區,大安區信義路3段與建國南路2段口,0,0,1,1,C03,8,1,5,50,4,1,1,5,4,5,7,1,1,10,4,5,2,18,1,34,2,9,1,1,7,9,1,10,1,12,,42,,1,22,9,121.537814,25.0334367
112,5,30,9,6,2,04大安區,大安區信義路3段與建國南路2段口,0,0,1,2,,8,1,5,50,4,1,1,5,4,5,7,1,1,10,4,5,2,18,3,0,,,,,,,,,,,,67,,1,,,121.537814,25.0334367
112,5,30,9,22,2,06松山區,松山區南京東路3段287號,0,0,1,1,C03,8,1,5,50,14,7,1,5,4,5,7,4,4,9,4,4,2,13,1,42,2,9,1,1,7,9,1,10,1,11,,23,,1,22,9,121.5458967,25.05190541
112,5,30,9,22,2,06松山區,松山區南京東路3段287號,0,0,1,2,B01,8,1,5,50,14,7,1,5,4,5,7,4,4,9,4,4,2,13,1,55,3,10,1,1,7,9,1,4,1,6,,44,,1,22,9,121.5458967,25.05190541
112,5,30,9,22,2,06松山區,松山區南京東路3段287號,0,0,1,3,C03,8,1,5,50,14,7,1,5,4,5,7,4,4,9,4,4,2,13,1,51,3,10,1,1,7,9,1,10,1,11,,44,,1,22,9,121.5458967,25.05190541
112,5,30,9,24,2,12內湖區,內湖區舊宗路1段南往北(潭美國小側門旁),0,0,1,2,C03,8,1,5,50,14,9,1,5,4,5,7,4,4,1,4,5,2,17,2,46,2,9,1,1,7,11,1,10,1,11,,44,,1,22,9,121.5807431,25.05852394
112,5,30,9,24,2,12內湖區,內湖區舊宗路1段南往北(潭美國小側門旁),0,0,1,3,H02,8,1,5,50,14,9,1,5,4,5,7,4,4,1,4,5,2,17,2,37,3,10,1,5,7,21,8,20,10,16,,60,,1,22,9,121.5807431,25.05852394
112,5,30,9,24,2,12內湖區,內湖區舊宗路1段南往北(潭美國小側門旁),0,0,1,1,B01,8,1,5,50,14,9,1,5,4,5,7,4,4,1,4,5,2,17,1,61,3,10,1,4,7,14,1,4,1,2,,40,,1,22,9,121.5807431,25.05852394
112,5,30,9,26,2,02萬華區,萬華區富民路119號,0,0,1,1,G06,8,1,5,50,14,9,1,5,4,4,7,4,4,10,5,5,2,17,1,44,3,10,3,4,7,4,7,19,1,15,,17,,1,22,9,121.4996499,25.01814124
112,5,30,9,26,2,02萬華區,萬華區富民路119號,0,0,1,2,C03,8,1,5,50,14,9,1,5,4,4,7,4,4,10,5,5,2,17,1,59,2,9,3,4,7,9,1,10,1,11,,44,,1,22,9,121.4996499,25.01814124
112,5,30,9,30,2,12內湖區,內湖區瑞光路與瑞光路66巷口,0,0,1,2,C03,7,1,5,50,3,2,1,5,4,5,7,2,1,9,4,5,2,16,2,38,2,9,1,1,7,9,1,10,2,14,,23,,1,22,9,121.5822885,25.070794
112,5,30,9,30,2,12內湖區,內湖區瑞光路與瑞光路66巷口,0,0,1,1,B03,7,1,5,50,3,2,1,5,4,5,7,2,1,9,4,5,2,16,2,48,3,10,1,1,7,6,1,8,2,6,,6,,1,22,9,121.5822885,25.070794
112,5,30,9,32,2,03中山區,中山區中山北路2段16巷與中山北路2段口,0,0,2,1,C03,8,1,5,50,4,2,1,5,4,5,7,4,4,1,4,1,2,13,1,31,2,9,1,1,7,8,1,10,1,13,,7,,1,22,9,121.5224786,25.0528683
112,5,30,9,32,2,03中山區,中山區中山北路2段16巷與中山北路2段口,0,0,2,2,C03,8,1,5,50,4,2,1,5,4,5,7,4,4,1,4,1,2,13,1,25,2,9,1,1,7,8,1,10,1,11,,23,,1,22,9,121.5224786,25.0528683
112,5,30,9,43,2,01大同區,大同區長安西路212號,0,0,2,2,C03,7,1,5,50,14,9,1,5,4,5,7,4,4,5,2,5,2,17,2,34,2,9,1,1,7,9,1,10,1,14,,44,,1,22,9,121.5149562,25.0513282
112,5,30,9,43,2,01大同區,大同區長安西路212號,0,0,2,1,C03,7,1,5,50,14,9,1,5,4,5,7,4,4,5,2,5,2,17,2,67,2,9,1,1,7,8,1,10,1,15,,7,,1,22,9,121.5149562,25.0513282
112,5,30,9,51,2,02萬華區,萬華區漢口街2段與漢中街口,0,0,1,2,C03,8,1,5,50,4,1,1,5,4,5,7,3,1,9,5,5,2,17,1,46,2,7,1,1,7,15,1,10,1,13,,44,,1,22,9,121.5067915,25.0456756
112,5,30,9,51,2,02萬華區,萬華區漢口街2段與漢中街口,0,0,1,1,B03,8,1,5,50,4,1,1,5,4,5,7,3,1,9,5,5,2,17,1,31,3,10,1,1,7,15,1,8,1,8,,6,,1,22,9,121.5067915,25.0456756
112,5,30,10,0,2,12內湖區,內湖區舊宗路1段與舊宗路1段30巷口,0,0,1,1,B03,8,1,5,50,3,2,1,5,4,5,7,4,4,1,4,5,2,12,1,44,3,10,1,1,7,6,1,8,1,5,,6,,1,22,9,121.5806713,25.05812667
112,5,30,10,0,2,12內湖區,內湖區舊宗路1段與舊宗路1段30巷口,0,0,1,2,C03,8,1,5,50,3,2,1,5,4,5,7,4,4,1,4,5,2,12,1,46,2,9,1,1,7,9,1,10,1,14,,23,,1,22,9,121.5806713,25.05812667
112,5,30,10,30,2,10文山區,文山區羅斯福路6段141號,0,0,1,1,C03,8,1,5,50,14,9,1,5,4,5,7,4,4,1,4,5,2,13,2,23,3,10,1,4,7,12,1,10,2,13,,42,,1,22,9,121.5408095,24.9975661
112,5,30,10,30,2,10文山區,文山區羅斯福路6段141號,0,0,1,2,C04,8,1,5,50,14,9,1,5,4,5,7,4,4,1,4,5,2,13,2,32,2,9,1,4,7,9,1,10,2,11,,23,,1,22,9,121.5408095,24.9975661
112,5,30,10,45,2,07信義區,信義區基隆路2段91號,0,0,1,2,B03,8,1,5,50,14,9,1,5,4,5,7,4,4,1,4,5,2,16,1,66,3,10,1,1,7,9,1,8,1,2,,44,,1,22,9,121.557838,25.0299703
112,5,30,10,45,2,07信義區,信義區基隆路2段91號,0,0,1,1,C03,8,1,5,50,14,9,1,5,4,5,7,4,4,1,4,5,2,16,2,39,2,9,1,1,7,7,1,10,1,14,,7,,1,22,9,121.557838,25.0299703
112,5,30,10,56,2,03中山區,中山區北安路與自強隧道(外)口機車專用道,0,0,2,3,C03,8,1,5,50,14,11,1,5,4,5,7,4,4,10,5,5,2,13,1,22,2,7,3,4,7,9,1,10,1,11,,44,,1,22,9,121.5500229,25.08643058
112,5,30,10,56,2,03中山區,中山區北安路與自強隧道(外)口機車專用道,0,0,2,2,C03,8,1,5,50,14,11,1,5,4,5,7,4,4,10,5,5,2,13,1,19,2,9,3,4,7,9,1,10,1,11,,44,,1,22,9,121.5500229,25.08643058
112,5,30,10,56,2,03中山區,中山區北安路與自強隧道(外)口機車專用道,0,0,2,1,C03,8,1,5,50,14,11,1,5,4,5,7,4,4,10,5,5,2,13,1,44,3,10,3,4,7,12,1,10,1,13,,42,,1,22,9,121.5500229,25.08643058
112,5,30,10,58,2,04大安區,大安區基隆路4段73巷對面,0,0,2,2,F01,8,1,5,40,14,8,1,5,4,5,7,4,4,9,4,4,1,13,1,49,2,9,2,1,7,9,8,20,2,16,,44,,1,22,9,121.5396919,25.0134823
112,5,30,10,58,2,04大安區,大安區基隆路4段73巷對面,0,0,2,1,C03,8,1,5,40,14,8,1,5,4,5,7,4,4,9,4,4,1,13,2,44,2,9,1,4,7,9,1,10,2,11,,23,,1,22,9,121.5396919,25.0134823
112,5,30,11,0,2,09北投區,北投區尊賢街218巷25弄,0,0,1,2,H01,6,1,5,30,14,9,1,4,4,5,7,4,4,10,5,5,2,2,2,91,2,9,4,5,8,16,8,20,10,16,,67,,1,22,9,121.5079543,25.1175595
112,5,30,11,0,2,09北投區,北投區尊賢街218巷25弄,0,0,1,1,F01,6,1,5,30,14,9,1,4,4,5,7,4,4,10,5,5,2,2,2,49,3,10,1,1,7,9,8,20,1,16,,43,,1,22,9,121.5079543,25.1175595
112,5,30,11,20,2,09北投區,北投區大度路1段150巷與大度路1段口,0,0,1,1,B01,8,1,5,70,3,1,1,5,4,5,7,2,1,3,4,2,2,17,1,56,3,10,1,3,7,8,1,4,11,15,,7,,1,22,9,121.4936095,25.12148462
112,5,30,11,20,2,09北投區,北投區大度路1段150巷與大度路1段口,0,0,1,2,B11,8,1,5,70,3,1,1,5,4,5,7,2,1,3,4,2,2,17,1,41,2,7,1,1,7,9,1,4,1,2,,42,,1,22,9,121.4936095,25.12148462
112,5,30,11,51,2,01大同區,大同區民權西路102巷4弄與民權西路102巷口,0,0,2,2,C04,7,1,5,30,4,1,1,5,4,5,7,4,4,10,5,5,2,15,1,22,2,9,1,1,7,9,1,10,1,11,,14,,1,22,9,121.5177048,25.0615731
112,5,30,11,51,2,01大同區,大同區民權西路102巷4弄與民權西路102巷口,0,0,2,1,C03,7,1,5,30,4,1,1,5,4,5,7,4,4,10,5,5,2,15,1,29,2,8,1,1,7,9,1,10,1,14,,6,,1,22,9,121.5177048,25.0615731
112,5,30,11,55,2,03中山區,中山區濱江街136號,0,0,1,1,B01,8,1,5,50,14,9,1,5,4,5,7,4,4,10,4,5,2,16,1,44,3,10,1,1,7,6,1,4,1,2,,9,,1,22,9,121.5352084,25.07231359
112,5,30,11,55,2,03中山區,中山區濱江街136號,0,0,1,2,C03,8,1,5,50,14,9,1,5,4,5,7,4,4,10,4,5,2,16,1,22,2,9,1,1,7,9,1,10,1,14,,44,,1,22,9,121.5352084,25.07231359
112,5,30,12,16,2,12內湖區,內湖區堤頂大道2段與港墘路口,0,0,1,1,B01,8,1,5,70,3,2,1,5,4,5,7,1,1,1,4,4,2,12,1,58,3,10,1,1,7,9,1,4,2,1,,25,,1,22,9,121.5722056,25.0746157
112,5,30,12,16,2,12內湖區,內湖區堤頂大道2段與港墘路口,0,0,1,2,C03,8,1,5,70,3,2,1,5,4,5,7,1,1,1,4,4,2,12,2,49,2,9,1,1,7,5,1,10,2,13,,44,,1,22,9,121.5722056,25.0746157
112,5,30,12,23,2,10文山區,文山區木柵路5段43巷電線桿深坑幹133一支11號,0,0,1,1,B12,8,1,5,30,14,9,1,5,4,5,7,4,4,5,2,5,1,20,1,26,2,7,1,1,7,9,1,8,2,8,,23,,1,22,9,121.584769,25.00441839
112,5,30,12,23,2,10文山區,文山區木柵路5段43巷電線桿深坑幹133一支11號,0,0,1,2,,8,1,5,30,14,9,1,5,4,5,7,4,4,5,2,5,1,20,3,0,,,,,,,,,,,,67,,1,,,121.584769,25.00441839
112,5,30,12,55,2,04大安區,大安區瑞安街208巷11弄2號,0,0,1,1,C03,8,1,5,50,14,9,1,5,4,5,7,4,4,9,5,5,1,12,1,49,3,10,3,4,7,8,3,18,2,12,,7,,1,22,9,121.5408186,25.02876595
112,5,30,12,55,2,04大安區,大安區瑞安街208巷11弄2號,0,0,1,2,C03,8,1,5,50,14,9,1,5,4,5,7,4,4,9,5,5,1,12,2,63,2,9,3,4,7,9,1,10,2,14,,44,,1,22,9,121.5408186,25.02876595
112,5,30,13,9,2,01大同區,大同區民權西路102巷與民權西路102巷4弄口,0,0,3,2,C03,8,1,5,0,4,1,1,5,4,5,7,4,4,10,5,5,2,15,2,42,2,9,1,4,7,9,1,10,1,11,,14,,1,22,9,121.5176956,25.0615791
112,5,30,13,9,2,01大同區,大同區民權西路102巷與民權西路102巷4弄口,0,0,3,3,H02,8,1,5,0,4,1,1,5,4,5,7,4,4,10,5,5,2,15,2,22,2,8,1,5,7,21,8,20,10,16,,67,,1,22,9,121.5176956,25.0615791
112,5,30,13,9,2,01大同區,大同區民權西路102巷與民權西路102巷4弄口,0,0,3,1,C03,8,1,5,0,4,1,1,5,4,5,7,4,4,10,5,5,2,15,2,26,2,8,1,4,7,9,1,10,1,14,,6,,1,22,9,121.5176956,25.0615791
112,5,30,13,9,2,09北投區,北投區洲美街與立賢路口,0,0,1,2,,8,1,5,50,4,1,1,2,4,5,7,1,1,1,5,5,2,18,3,0,,,,,,,,,,,,61,,1,,,121.4988591,25.11179298
112,5,30,13,9,2,09北投區,北投區洲美街與立賢路口,0,0,1,1,C03,8,1,5,50,4,1,1,2,4,5,7,1,1,1,5,5,2,18,2,43,2,9,1,1,7,5,1,10,1,14,,44,,1,22,9,121.4988591,25.11179298
112,5,30,13,25,2,09北投區,北投區崇仁路1段166巷與崇仁路1段166巷口三叉路口,0,0,2,1,C03,6,1,5,30,3,1,1,4,4,5,7,4,4,10,5,5,2,16,2,31,2,9,1,1,7,5,1,10,1,11,,6,,1,22,9,121.5020851,25.12269357
112,5,30,13,25,2,09北投區,北投區崇仁路1段166巷與崇仁路1段166巷口三叉路口,0,0,2,2,C03,6,1,5,30,3,1,1,4,4,5,7,4,4,10,5,5,2,16,1,19,2,9,1,1,7,6,1,10,1,11,,13,,1,22,9,121.5020851,25.12269357
112,5,30,14,3,2,04大安區,大安區敦化南路2段與四維路170巷口,0,0,1,1,B03,7,2,5,50,4,1,1,5,4,5,7,2,1,1,3,1,1,11,1,75,3,10,1,4,7,5,1,8,2,8,,6,,1,22,9,121.5487217,25.0282171
112,5,30,14,3,2,04大安區,大安區敦化南路2段與四維路170巷口,0,0,1,2,C01,7,2,5,50,4,1,1,5,4,5,7,2,1,1,3,1,1,11,1,55,2,9,1,4,7,9,1,9,2,14,,44,,1,22,9,121.5487217,25.0282171
112,5,30,14,23,2,04大安區,大安區復興南路1段135巷與復興南路1段口,0,0,1,3,B01,8,1,5,30,3,2,1,5,4,5,7,4,4,10,4,5,2,17,1,58,3,10,1,1,7,6,1,4,1,2,,23,,1,22,9,121.5439474,25.0427052
112,5,30,14,23,2,04大安區,大安區復興南路1段135巷與復興南路1段口,0,0,1,1,B12,8,1,5,30,3,2,1,5,4,5,7,4,4,10,4,5,2,17,1,47,3,10,1,1,7,6,1,8,1,1,,6,,1,22,9,121.5439474,25.0427052
112,5,30,14,23,2,04大安區,大安區復興南路1段135巷與復興南路1段口,0,0,1,2,C03,8,1,5,30,3,2,1,5,4,5,7,4,4,10,4,5,2,17,2,39,2,9,1,1,7,9,1,10,1,12,,44,,1,22,9,121.5439474,25.0427052
112,5,30,14,25,2,11南港區,南港區南港路1段277巷與南港路1段口,0,0,1,1,C03,7,1,5,50,14,9,1,5,4,5,7,1,1,4,4,5,2,12,1,29,2,8,1,1,7,9,1,10,1,12,,23,,1,22,9,121.6087525,25.05474043
112,5,30,14,25,2,11南港區,南港區南港路1段277巷與南港路1段口,0,0,1,2,B03,7,1,5,50,14,9,1,5,4,5,7,1,1,4,4,5,2,12,1,49,3,10,1,1,7,9,1,8,1,7,,44,,1,22,9,121.6087525,25.05474043
112,5,30,14,25,2,11南港區,南港區南港路1段277巷與南港路1段口,0,0,1,3,B12,7,1,5,50,14,9,1,5,4,5,7,1,1,4,4,5,2,12,1,25,3,10,1,1,7,14,1,8,1,2,,44,,1,22,9,121.6087525,25.05474043
112,5,30,14,41,2,06松山區,松山區南京東路5段250巷與南京東路5段250巷2弄口,0,0,1,1,C03,8,1,5,30,4,1,1,5,4,5,7,4,4,8,3,5,1,16,2,52,2,9,3,1,7,9,1,10,1,11,,6,,1,22,9,121.5661366,25.05072344
112,5,30,14,41,2,06松山區,松山區南京東路5段250巷與南京東路5段250巷2弄口,0,0,1,2,B03,8,1,5,30,4,1,1,5,4,5,7,4,4,8,3,5,1,16,1,38,3,10,3,1,7,9,1,8,1,4,,14,,1,22,9,121.5661366,25.05072344
112,5,30,15,0,2,07信義區,信義區忠孝東路5段22巷,0,0,2,3,H02,8,1,5,50,14,9,1,5,4,5,7,4,4,9,4,5,2,17,2,60,2,9,1,5,7,20,8,20,10,16,,67,,1,22,9,121.5660325,25.0402387
112,5,30,15,0,2,07信義區,信義區忠孝東路5段22巷,0,0,2,2,C03,8,1,5,50,14,9,1,5,4,5,7,4,4,9,4,5,2,17,1,69,2,9,1,1,7,9,1,10,1,11,,44,,1,22,9,121.5660325,25.0402387
112,5,30,15,0,2,07信義區,信義區忠孝東路5段22巷,0,0,2,1,B12,8,1,5,50,14,9,1,5,4,5,7,4,4,9,4,5,2,17,1,52,3,10,1,1,7,5,1,8,1,1,,8,,1,22,9,121.5660325,25.0402387
112,5,30,15,4,2,09北投區,北投區立德路125號,0,0,1,2,C03,8,1,5,50,14,9,1,5,4,5,7,4,4,5,4,5,2,16,1,28,2,8,1,1,7,9,1,10,1,11,,23,,1,22,9,121.4720378,25.1275979
112,5,30,15,4,2,09北投區,北投區立德路125號,0,0,1,1,B02,8,1,5,50,14,9,1,5,4,5,7,4,4,5,4,5,2,16,2,51,3,10,1,1,7,6,1,8,1,5,,9,,1,22,9,121.4720378,25.1275979
112,5,30,15,5,2,03中山區,中山區南京東路3段223巷與長春路口,0,0,1,1,C03,8,1,5,30,4,1,1,5,4,5,7,4,4,10,3,5,2,16,1,40,3,10,1,1,7,1,1,10,1,11,,19,,1,22,1,121.5435131,25.05458545
112,5,30,15,5,2,03中山區,中山區南京東路3段223巷與長春路口,0,0,1,2,C03,8,1,5,30,4,1,1,5,4,5,7,4,4,10,3,5,2,16,2,35,2,9,1,1,7,9,1,10,1,12,,44,,1,22,9,121.5435131,25.05458545
112,5,30,15,9,2,08士林區,士林區中山北路6段與中山北路6段405巷口北端,0,0,1,2,C03,6,1,5,50,4,1,1,4,4,5,7,1,1,1,2,5,2,12,1,66,2,8,1,1,7,5,1,10,11,14,,8,,1,22,9,121.5278,25.1151379
112,5,30,15,9,2,08士林區,士林區中山北路6段與中山北路6段405巷口北端,0,0,1,1,B03,6,1,5,50,4,1,1,4,4,5,7,1,1,1,2,5,2,12,2,69,3,10,3,4,7,9,1,8,11,2,,44,,1,22,9,121.5278,25.1151379
112,5,30,15,22,2,05中正區,中正區中山北路1段18號,0,0,1,2,B03,8,1,5,50,14,9,1,5,4,5,7,4,4,5,4,5,2,12,2,35,3,10,1,1,7,9,1,8,1,2,,44,,1,22,9,121.5199417,25.04655368
112,5,30,15,22,2,05中正區,中正區中山北路1段18號,0,0,1,1,C03,8,1,5,50,14,9,1,5,4,5,7,4,4,5,4,5,2,12,1,18,2,8,1,1,7,7,1,10,1,14,,7,,1,22,9,121.5199417,25.04655368
112,5,30,15,34,2,10文山區,文山區木柵路3段102巷23號旁,0,0,1,1,B01,6,1,5,50,14,9,1,4,4,5,7,4,4,5,2,5,2,17,1,67,3,10,1,1,7,9,1,4,9,15,,6,,1,22,9,121.5678769,24.98685498
112,5,30,15,34,2,10文山區,文山區木柵路3段102巷23號旁,0,0,1,2,C03,6,1,5,50,14,9,1,4,4,5,7,4,4,5,2,5,2,17,1,75,2,9,1,1,7,5,1,10,2,12,14,42,,1,22,9,121.5678769,24.98685498
112,5,30,15,34,2,12內湖區,內湖區內湖路1段285巷與內湖路1段口,0,0,3,3,H02,7,1,5,50,3,1,1,5,4,5,7,2,1,9,4,4,2,16,1,22,2,9,1,5,7,21,8,20,10,15,,67,,1,22,9,121.5668895,25.08209402
112,5,30,15,34,2,12內湖區,內湖區內湖路1段285巷與內湖路1段口,0,0,3,1,C03,7,1,5,50,3,1,1,5,4,5,7,2,1,9,4,4,2,16,1,37,2,9,1,3,7,5,1,10,2,11,,6,,1,22,9,121.5668895,25.08209402
112,5,30,15,34,2,12內湖區,內湖區內湖路1段285巷與內湖路1段口,0,0,3,2,C03,7,1,5,50,3,1,1,5,4,5,7,2,1,9,4,4,2,16,1,22,2,9,1,1,7,9,1,9,2,11,,42,,1,22,9,121.5668895,25.08209402
112,5,30,15,41,2,09北投區,北投區石牌路1段與石牌路1段39巷口,0,0,1,2,C03,8,1,5,0,4,2,1,5,4,5,7,1,1,5,1,5,1,11,2,28,2,7,1,1,7,9,1,10,1,14,,44,,1,22,9,121.5102973,25.11303861
112,5,30,15,41,2,09北投區,北投區石牌路1段與石牌路1段39巷口,0,0,1,1,B03,8,1,5,0,4,2,1,5,4,5,7,1,1,5,1,5,1,11,1,50,3,10,1,1,7,6,1,8,1,5,,9,,1,22,9,121.5102973,25.11303861
112,5,30,15,41,2,09北投區,北投區石牌路1段與石牌路1段39巷口,0,0,1,3,B03,8,1,5,0,4,2,1,5,4,5,7,1,1,5,1,5,1,11,1,51,3,10,1,1,7,9,1,8,1,2,,23,,1,22,9,121.5102973,25.11303861
112,5,30,15,56,2,04大安區,大安區和平東路3段18號,0,0,1,1,F03,7,1,5,50,14,9,1,5,4,5,7,4,4,1,4,5,2,9,2,28,2,9,1,1,7,9,8,20,1,16,,23,,1,22,9,121.5472529,25.02463359
112,5,30,15,56,2,04大安區,大安區和平東路3段18號,0,0,1,2,H03,7,1,5,50,14,9,1,5,4,5,7,4,4,1,4,5,2,9,2,88,3,10,4,1,8,16,8,20,10,15,,60,,1,22,9,121.5472529,25.02463359
112,5,30,16,20,2,05中正區,中正區汀州路3段62號前,0,0,1,1,B12,7,1,5,50,14,9,1,5,4,5,7,1,1,5,5,5,2,12,1,65,3,10,1,1,7,9,1,8,2,2,,17,,1,22,9,121.5316022,25.0155497
112,5,30,16,20,2,05中正區,中正區汀州路3段62號前,0,0,1,2,C03,7,1,5,50,14,9,1,5,4,5,7,1,1,5,5,5,2,12,1,68,2,1,1,1,7,9,4,11,9,14,,44,,1,22,9,121.5316022,25.0155497
112,5,30,16,24,2,01大同區,大同區民權西路與大龍街口,0,0,1,5,C03,7,1,5,50,4,2,1,5,4,5,7,2,1,1,4,5,2,13,1,46,2,8,1,4,7,9,1,10,1,11,,16,,1,22,9,121.5162039,25.0630411
112,5,30,16,24,2,01大同區,大同區民權西路與大龍街口,0,0,1,1,C03,7,1,5,50,4,2,1,5,4,5,7,2,1,1,4,5,2,13,2,36,3,10,1,4,7,12,1,10,1,13,,30,,1,22,9,121.5162039,25.0630411
112,5,30,16,24,2,01大同區,大同區民權西路與大龍街口,0,0,1,2,C03,7,1,5,50,4,2,1,5,4,5,7,2,1,1,4,5,2,13,1,21,3,10,1,4,7,9,1,10,1,11,,16,,1,22,9,121.5162039,25.0630411
112,5,30,16,24,2,01大同區,大同區民權西路與大龍街口,0,0,1,3,C03,7,1,5,50,4,2,1,5,4,5,7,2,1,1,4,5,2,13,1,53,3,10,1,4,7,9,1,10,1,13,,44,,1,22,9,121.5162039,25.0630411
112,5,30,16,24,2,01大同區,大同區民權西路與大龍街口,0,0,1,4,C03,7,1,5,50,4,2,1,5,4,5,7,2,1,1,4,5,2,13,2,34,3,10,1,4,7,9,1,10,1,11,,16,,1,22,9,121.5162039,25.0630411
112,5,30,16,26,2,12內湖區,內湖區潭美街與安美街175巷口口,0,0,1,2,C03,7,1,5,40,3,1,1,5,4,5,7,4,4,5,5,5,2,17,2,26,2,9,1,1,7,9,1,10,2,11,,44,,1,22,9,121.6008638,25.06079899
112,5,30,16,26,2,12內湖區,內湖區潭美街與安美街175巷口口,0,0,1,1,B12,7,1,5,40,3,1,1,5,4,5,7,4,4,5,5,5,2,17,1,66,3,10,1,1,7,9,1,8,1,15,,30,,1,22,9,121.6008638,25.06079899
112,5,30,16,35,2,05中正區,中正區杭州南路1段與仁愛路2段口,0,0,1,1,B11,8,1,5,50,4,1,1,5,4,5,7,1,3,5,4,5,2,17,1,39,3,10,1,4,7,6,1,4,2,5,,9,,1,22,9,121.5253007,25.0384754
112,5,30,16,35,2,05中正區,中正區杭州南路1段與仁愛路2段口,0,0,1,2,F01,8,1,5,50,4,1,1,5,4,5,7,1,3,5,4,5,2,17,1,13,2,9,2,4,7,9,8,20,2,16,,26,,1,22,9,121.5253007,25.0384754
112,5,30,16,47,2,01大同區,大同區長安西路與長安西路145巷口口,0,0,1,1,B01,8,1,5,50,4,1,1,5,4,5,7,2,1,5,5,5,2,16,1,54,3,10,1,1,7,11,1,4,2,4,,10,,1,22,9,121.5148199,25.0513861
112,5,30,16,47,2,01大同區,大同區長安西路與長安西路145巷口口,0,0,1,2,C03,8,1,5,50,4,1,1,5,4,5,7,2,1,5,5,5,2,16,2,51,2,9,1,1,7,9,1,10,2,11,,23,,1,22,9,121.5148199,25.0513861
112,5,30,16,51,2,09北投區,北投區磺港路與大興街口,0,0,1,3,C03,7,1,5,50,4,1,1,5,4,5,7,1,1,5,5,5,2,16,2,22,3,10,3,4,7,13,1,10,11,12,,,,1,22,9,121.5037022,25.1309292
112,5,30,16,51,2,09北投區,北投區磺港路與大興街口,0,0,1,6,C03,7,1,5,50,4,1,1,5,4,5,7,1,1,5,5,5,2,16,3,0,,,,,,,,,,,,,,1,,,121.5037022,25.1309292
112,5,30,16,51,2,09北投區,北投區磺港路與大興街口,0,0,1,5,C04,7,1,5,50,4,1,1,5,4,5,7,1,1,5,5,5,2,16,3,0,,,,,,,,,,,,,,1,,,121.5037022,25.1309292
112,5,30,16,51,2,09北投區,北投區磺港路與大興街口,0,0,1,2,C03,7,1,5,50,4,1,1,5,4,5,7,1,1,5,5,5,2,16,1,31,2,9,1,1,7,9,1,9,2,11,,,,1,22,9,121.5037022,25.1309292
112,5,30,16,51,2,09北投區,北投區磺港路與大興街口,0,0,1,1,B03,7,1,5,50,4,1,1,5,4,5,7,1,1,5,5,5,2,16,1,42,3,10,1,1,7,5,1,8,2,8,,,,1,22,9,121.5037022,25.1309292
112,5,30,16,51,2,09北投區,北投區磺港路與大興街口,0,0,1,4,C03,7,1,5,50,4,1,1,5,4,5,7,1,1,5,5,5,2,16,3,0,,,,,,,,,11,,,,,1,,,121.5037022,25.1309292
112,5,30,17,1,2,10文山區,文山區景後街與景文街103巷口,0,0,1,1,C03,6,1,5,50,3,1,1,4,4,5,7,4,4,9,5,5,2,12,2,31,2,9,1,4,7,5,1,10,1,14,,8,,1,22,9,121.5423406,24.9903818
112,5,30,17,1,2,10文山區,文山區景後街與景文街103巷口,0,0,1,2,C03,6,1,5,50,3,1,1,4,4,5,7,4,4,9,5,5,2,12,1,18,3,10,1,4,7,4,1,10,1,12,,4,,1,22,9,121.5423406,24.9903818
112,5,30,17,5,2,10文山區,文山區景美街與景中街口,0,0,1,2,B01,6,1,5,30,4,2,1,4,4,5,7,4,4,10,5,5,2,16,1,59,3,10,1,1,7,9,1,4,2,2,,23,,1,22,9,121.5416454,24.99298333