發生年度,發生月,發生日,發生時-Hours,發生分,處理別-編號,區序,肇事地點,死亡人數,2-30日死亡人數,受傷人數,當事人序號,車種,天候,光線,道路類別,速限-速度限制,道路型態,事故位置,路面狀況1,路面狀況2,路面狀況3,道路障礙1,道路障礙2,號誌1,號誌2,車道劃分-分向,車道劃分-分道1,車道劃分-分道2,車道劃分-分道3,事故類型及型態,性別,年齡,受傷程度,主要傷處,保護裝置,行動電話,車輛用途,當事者行動狀態,駕駛資格情形,駕駛執照種類,飲酒情形,車輛撞擊部位1,車輛撞擊部位2,肇因碼-個別,肇因碼-主要,個人肇逃否,職業,旅次目的,座標-X,座標-Y
112,5,30,17,5,2,10文山區,文山區景美街與景中街口,0,0,1,1,F03,6,1,5,30,4,2,1,4,4,5,7,4,4,10,5,5,2,16,1,69,2,9,1,1,7,6,8,20,1,16,,6,,1,22,9,121.5416454,24.99298333
112,5,30,17,30,2,03中山區,中山區建國北路3段與建國北路3段113巷口,0,0,1,3,B01,8,1,5,50,3,2,1,5,4,5,7,1,1,1,5,5,2,16,1,44,3,10,1,1,7,9,1,3,11,15,,44,,1,22,9,121.5359491,25.0663174
112,5,30,17,30,2,03中山區,中山區建國北路3段與建國北路3段113巷口,0,0,1,2,C03,8,1,5,50,3,2,1,5,4,5,7,1,1,1,5,5,2,16,1,56,2,9,1,1,7,9,1,10,2,11,,44,,1,22,9,121.5359491,25.0663174
112,5,30,17,30,2,03中山區,中山區建國北路3段與建國北路3段113巷口,0,0,1,1,B02,8,1,5,50,3,2,1,5,4,5,7,1,1,1,5,5,2,16,1,31,3,10,1,1,7,6,1,8,2,6,,6,,1,22,9,121.5359491,25.0663174
112,5,30,17,57,2,09北投區,北投區中央北路4段與中央北路4段316巷口,0,0,1,2,C03,8,1,5,50,3,2,1,5,4,5,7,1,1,5,4,5,1,12,1,22,2,8,1,1,7,9,1,10,1,11,,13,,1,22,9,121.472721,25.13079933
112,5,30,17,57,2,09北投區,北投區中央北路4段與中央北路4段316巷口,0,0,1,1,B03,8,1,5,50,3,2,1,5,4,5,7,1,1,5,4,5,1,12,1,33,3,10,1,1,7,11,1,8,1,7,,26,,1,22,9,121.472721,25.13079933
112,5,30,18,0,2,04大安區,大安區市民大道4段192號前迴轉道,0,0,2,1,C03,7,1,5,40,14,6,1,5,4,5,7,4,4,1,4,5,2,12,2,18,2,9,1,1,7,5,1,10,1,14,,8,,1,22,9,121.5541776,25.0443496
112,5,30,18,0,2,04大安區,大安區市民大道4段192號前迴轉道,0,0,2,2,C03,7,1,5,40,14,6,1,5,4,5,7,4,4,1,4,5,2,12,1,42,2,9,1,1,7,9,1,10,1,11,,14,,1,22,9,121.5541776,25.0443496
112,5,30,18,0,2,12內湖區,內湖區內湖路1段與文湖街口,0,0,2,1,C03,8,1,5,50,3,1,1,5,4,5,7,4,4,1,4,4,2,17,2,35,2,9,1,1,7,6,1,10,1,11,,6,,1,22,9,121.5597162,25.08500708
112,5,30,18,0,2,12內湖區,內湖區內湖路1段與文湖街口,0,0,2,2,C03,8,1,5,50,3,1,1,5,4,5,7,4,4,1,4,4,2,17,1,36,2,9,1,1,7,9,1,10,1,12,,13,,1,22,9,121.5597162,25.08500708
112,5,30,18,11,2,11南港區,南港區東新街3號對面,0,0,1,2,C03,7,2,5,50,14,9,1,5,4,5,7,4,4,1,4,5,2,12,1,23,2,9,1,1,7,9,1,10,1,14,,44,,1,22,9,121.5848282,25.0489442
112,5,30,18,11,2,11南港區,南港區東新街3號對面,0,0,1,1,B03,7,2,5,50,14,9,1,5,4,5,7,4,4,1,4,5,2,12,1,56,3,10,1,1,7,6,1,8,1,2,,9,,1,22,9,121.5848282,25.0489442
112,5,30,18,30,2,10文山區,文山區秀明路2段116號,0,0,1,1,B12,6,3,5,50,14,9,2,4,4,5,7,4,4,5,4,5,2,17,1,60,3,10,3,4,7,8,1,8,1,15,,7,,1,22,9,121.5768407,24.98948239
112,5,30,18,30,2,10文山區,文山區秀明路2段116號,0,0,1,2,C03,6,3,5,50,14,9,2,4,4,5,7,4,4,5,4,5,2,17,1,31,2,9,1,4,7,9,1,10,1,14,,44,,1,22,9,121.5768407,24.98948239
112,5,30,18,38,2,08士林區,士林區至善路1段與福林路口,0,0,3,3,H02,7,3,5,50,3,2,1,5,4,5,7,1,1,7,4,5,1,17,2,24,2,8,1,1,7,17,8,20,10,16,,67,,1,22,9,121.5364745,25.0993692
112,5,30,18,38,2,08士林區,士林區至善路1段與福林路口,0,0,3,2,C03,7,3,5,50,3,2,1,5,4,5,7,1,1,7,4,5,1,17,1,53,2,7,1,1,7,11,1,10,2,14,,44,,1,22,9,121.5364745,25.0993692
112,5,30,18,38,2,08士林區,士林區至善路1段與福林路口,0,0,3,1,C03,7,3,5,50,3,2,1,5,4,5,7,1,1,7,4,5,1,17,1,26,2,9,1,1,7,5,1,10,2,11,,23,,1,22,9,121.5364745,25.0993692
112,5,30,18,50,2,02萬華區,萬華區中華路1段196-1號與無名巷口,0,0,1,2,H01,7,3,5,30,4,1,1,5,4,5,7,4,4,10,5,5,2,9,1,71,2,7,4,5,8,16,8,20,10,16,,67,,1,22,9,121.5068375,25.03850552
112,5,30,18,50,2,02萬華區,萬華區中華路1段196-1號與無名巷口,0,0,1,1,C03,7,3,5,30,4,1,1,5,4,5,7,4,4,10,5,5,2,9,1,21,3,10,1,1,7,2,1,10,1,13,,12,,1,22,9,121.5068375,25.03850552
112,5,30,18,50,2,02萬華區,萬華區艋舺大道與西藏路口,0,0,1,1,C03,8,3,5,50,4,1,1,5,4,5,7,1,1,1,4,5,2,12,1,65,2,7,1,4,7,8,1,10,1,12,,7,,1,22,9,121.4914639,25.0289656
112,5,30,18,50,2,02萬華區,萬華區艋舺大道與西藏路口,0,0,1,2,B03,8,3,5,50,4,1,1,5,4,5,7,1,1,1,4,5,2,12,1,65,3,10,1,4,7,9,1,8,1,4,,44,,1,22,9,121.4914639,25.0289656
112,5,30,19,10,2,07信義區,信義區吳興街143號,0,0,1,1,F01,7,3,5,50,14,9,1,5,4,5,7,4,4,9,5,5,2,16,2,29,2,9,2,1,7,7,8,20,1,16,,7,,1,22,9,121.5620679,25.0294545
112,5,30,19,10,2,07信義區,信義區吳興街143號,0,0,1,2,C03,7,3,5,50,14,9,1,5,4,5,7,4,4,9,5,5,2,16,2,58,3,10,1,1,7,9,1,10,1,15,,44,,1,22,9,121.5620679,25.0294545
112,5,30,19,14,2,10文山區,文山區景文街與羅斯福路6段口,0,0,1,1,F01,6,3,5,50,4,2,1,4,4,5,7,1,1,5,5,5,2,17,1,37,3,10,2,1,7,10,8,20,1,16,,42,,1,22,9,121.5413166,24.9939127
112,5,30,19,14,2,10文山區,文山區景文街與羅斯福路6段口,0,0,1,2,C03,6,3,5,50,4,2,1,4,4,5,7,1,1,5,5,5,2,17,2,58,2,9,1,1,7,9,1,10,1,12,,42,,1,22,9,121.5413166,24.9939127
112,5,30,19,15,2,03中山區,中山區南京東路3段133號,0,0,1,2,F01,8,3,5,40,14,8,1,5,4,5,7,4,4,10,4,4,2,12,2,59,2,8,1,1,7,9,8,20,1,16,,,,1,22,9,121.5409348,25.0520307
112,5,30,19,15,2,03中山區,中山區南京東路3段133號,0,0,1,1,B03,8,3,5,40,14,8,1,5,4,5,7,4,4,10,4,4,2,12,1,43,3,10,1,1,7,13,1,8,1,4,,,,1,22,9,121.5409348,25.0520307
112,5,30,19,28,2,07信義區,信義區基隆路1段與松壽路口,0,0,1,2,C03,6,3,5,50,5,1,1,4,4,5,7,2,1,1,4,5,2,16,2,23,2,9,1,1,7,9,1,10,1,14,,44,,1,21,8,121.5615373,25.0359856
112,5,30,19,28,2,07信義區,信義區基隆路1段與松壽路口,0,0,1,1,B12,6,3,5,50,5,1,1,4,4,5,7,2,1,1,4,5,2,16,1,32,3,10,1,1,7,6,1,8,1,6,,9,,1,21,8,121.5615373,25.0359856
112,5,30,19,30,2,06松山區,松山區民生東路5段123號,0,0,1,2,H01,8,3,5,50,14,9,1,5,4,5,7,4,4,1,4,5,2,2,2,64,2,9,4,5,8,16,8,20,10,16,,60,,1,22,9,121.5609349,25.0587621
112,5,30,19,30,2,06松山區,松山區民生東路5段123號,0,0,1,1,C03,8,3,5,50,14,9,1,5,4,5,7,4,4,1,4,5,2,2,1,44,3,10,1,1,7,9,1,10,2,11,,23,,1,22,9,121.5609349,25.0587621
112,5,30,19,38,2,09北投區,北投區北投路1段奇岩捷運站對面,0,0,1,1,C03,6,3,5,40,14,8,1,4,4,5,7,4,4,5,4,4,2,17,1,63,2,9,1,1,7,9,1,10,2,12,,23,,1,22,9,121.500639,25.1265075
112,5,30,19,38,2,09北投區,北投區北投路1段奇岩捷運站對面,0,0,1,2,C03,6,3,5,40,14,8,1,4,4,5,7,4,4,5,4,4,2,17,2,46,3,10,1,1,7,15,1,10,2,15,,42,,1,22,9,121.500639,25.1265075
112,5,30,19,41,2,01大同區,大同區承德路1段與長安西路口,0,0,1,1,B03,8,3,5,50,4,2,1,5,4,5,7,2,1,1,4,5,2,17,2,42,3,10,3,4,7,5,1,8,1,6,,6,,1,22,9,121.5176328,25.0508311
112,5,30,19,41,2,01大同區,大同區承德路1段與長安西路口,0,0,1,2,C03,8,3,5,50,4,2,1,5,4,5,7,2,1,1,4,5,2,17,1,48,2,9,3,4,7,9,1,10,1,11,,23,,1,22,9,121.5176328,25.0508311
112,5,30,19,50,2,08士林區,士林區格致路與凱旋路口,0,0,1,1,B03,7,3,5,40,3,1,1,5,4,5,7,4,4,5,5,5,2,11,2,73,4,11,3,4,7,5,7,19,11,15,,8,,2,22,9,121.5463623,25.1369274
112,5,30,19,50,2,08士林區,士林區格致路與凱旋路口,0,0,1,2,C03,7,3,5,40,3,1,1,5,4,5,7,4,4,5,5,5,2,11,1,20,2,9,1,4,7,9,1,10,1,11,,42,,1,22,9,121.5463623,25.1369274
112,5,30,19,59,2,08士林區,士林區中山北路5段與福國路口,0,0,1,2,B03,7,3,5,50,3,1,1,5,4,5,7,1,1,1,4,5,1,12,1,31,3,10,1,1,7,9,1,8,2,5,,13,,1,22,9,121.5255741,25.1026191
112,5,30,19,59,2,08士林區,士林區中山北路5段與福國路口,0,0,1,1,C03,7,3,5,50,3,1,1,5,4,5,7,1,1,1,4,5,1,12,2,25,2,9,1,1,7,5,1,10,2,14,,25,,1,22,9,121.5255741,25.1026191
112,5,30,20,26,2,12內湖區,內湖區金龍路與內湖路3段59巷口,0,0,1,1,B03,8,3,5,50,3,1,1,5,4,5,7,2,1,5,4,5,2,17,1,62,3,10,1,1,7,5,1,8,1,15,,6,,1,22,9,121.5916299,25.08529671
112,5,30,20,26,2,12內湖區,內湖區金龍路與內湖路3段59巷口,0,0,1,2,C03,8,3,5,50,3,1,1,5,4,5,7,2,1,5,4,5,2,17,1,40,2,9,1,1,7,9,1,10,1,12,,44,,1,22,9,121.5916299,25.08529671
112,5,30,21,24,2,03中山區,中山區復興北路430巷與民權東路3段75巷口,0,0,1,1,B01,7,3,5,30,4,1,1,5,4,5,7,3,1,10,5,5,2,16,1,26,3,10,1,1,7,9,1,4,1,1,,6,,1,22,9,121.5436803,25.0633707
112,5,30,21,24,2,03中山區,中山區復興北路430巷與民權東路3段75巷口,0,0,1,2,C03,7,3,5,30,4,1,1,5,4,5,7,3,1,10,5,5,2,16,1,29,2,8,1,1,7,9,1,10,1,12,,13,,1,22,9,121.5436803,25.0633707
112,5,30,21,50,2,02萬華區,萬華區西園路2段與東園街口,0,0,2,3,H02,6,3,5,50,3,1,1,4,4,5,7,2,1,3,4,5,2,13,1,14,2,8,1,5,7,21,8,20,10,16,,67,,1,22,9,121.4951442,25.02803942
112,5,30,21,50,2,02萬華區,萬華區西園路2段與東園街口,0,0,2,1,C03,6,3,5,50,3,1,1,4,4,5,7,2,1,3,4,5,2,13,1,15,2,9,1,4,7,9,2,18,1,11,,23,,1,22,9,121.4951442,25.02803942
112,5,30,21,50,2,02萬華區,萬華區西園路2段與東園街口,0,0,2,2,B03,6,3,5,50,3,1,1,4,4,5,7,2,1,3,4,5,2,13,1,24,3,10,1,4,7,9,1,8,1,6,,44,,1,22,9,121.4951442,25.02803942
112,5,30,22,0,2,07信義區,信義區吳興街156巷與吳興街156巷7弄口,0,0,2,2,H01,6,3,5,30,4,2,1,4,4,5,7,4,4,5,5,5,2,3,2,68,2,1,4,5,8,16,8,20,10,16,,51,,1,22,9,121.5614237,25.0290213
112,5,30,22,0,2,07信義區,信義區吳興街156巷與吳興街156巷7弄口,0,0,2,1,C03,6,3,5,30,4,2,1,4,4,5,7,4,4,5,5,5,2,3,1,22,2,9,1,1,7,9,1,10,2,11,,23,,1,22,9,121.5614237,25.0290213
112,5,30,23,50,2,07信義區,信義區忠孝東路5段800號,0,0,2,1,C03,6,3,5,50,14,9,1,4,4,5,7,2,1,9,4,5,2,13,2,23,2,9,1,1,7,9,4,8,9,11,,23,,1,22,9,121.5818646,25.0439568
112,5,30,23,50,2,07信義區,信義區忠孝東路5段800號,0,0,2,2,C03,6,3,5,50,14,9,1,4,4,5,7,2,1,9,4,5,2,13,1,37,2,9,1,1,7,14,1,10,9,13,,44,,1,22,9,121.5818646,25.0439568
112,5,31,0,35,2,03中山區,中山區中山北路1段與南京東路1段口,0,0,1,2,C03,6,3,5,50,4,1,1,4,4,5,7,1,1,1,4,5,2,16,2,18,2,9,1,4,7,9,1,10,11,14,,25,,1,22,9,121.5226341,25.05213837
112,5,31,0,35,2,03中山區,中山區中山北路1段與南京東路1段口,0,0,1,1,B03,6,3,5,50,4,1,1,4,4,5,7,1,1,1,4,5,2,16,1,24,3,10,3,4,7,6,1,8,11,6,,9,,1,22,9,121.5226341,25.05213837
112,5,31,1,10,2,12內湖區,內湖區安康路32巷37號,0,0,1,1,C03,6,3,5,50,14,9,1,4,4,5,7,4,4,9,5,5,2,17,2,20,2,9,1,1,7,9,1,10,2,11,,23,,1,22,9,121.5950144,25.06133034
112,5,31,1,10,2,12內湖區,內湖區安康路32巷37號,0,0,1,2,B12,6,3,5,50,14,9,1,4,4,5,7,4,4,9,5,5,2,17,1,63,3,10,3,4,7,13,1,8,9,7,,44,,1,22,9,121.5950144,25.06133034
112,5,31,6,59,2,05中正區,中正區羅斯福路3段與辛亥路1段口,0,0,1,1,H01,6,1,5,0,4,1,1,4,4,5,7,1,1,3,4,5,2,3,1,13,2,9,4,1,8,18,8,20,10,16,,52,,1,22,9,121.5289526,25.019902
112,5,31,6,59,2,05中正區,中正區羅斯福路3段與辛亥路1段口,0,0,1,2,B03,6,1,5,0,4,1,1,4,4,5,7,1,1,3,4,5,2,3,1,61,3,10,1,1,7,9,1,8,2,8,,15,,1,22,9,121.5289526,25.019902
112,5,31,7,10,2,07信義區,信義區基隆路汽機車混合地下道,0,0,2,1,C03,6,3,5,30,7,11,1,4,4,5,7,4,4,5,4,5,1,13,1,33,2,9,1,1,7,9,1,10,1,11,,43,,1,22,9,121.5629585,25.0386891
112,5,31,7,10,2,07信義區,信義區基隆路汽機車混合地下道,0,0,2,2,C04,6,3,5,30,7,11,1,4,4,5,7,4,4,5,4,5,1,13,2,30,2,8,1,1,7,9,1,11,1,13,,43,,1,22,9,121.5629585,25.0386891
112,5,31,7,31,2,08士林區,士林區承德路5段與通河東街2段10巷口,0,0,2,1,C03,6,1,5,30,14,9,1,4,4,5,7,1,1,9,5,5,2,17,1,59,2,3,1,1,7,9,1,10,1,12,,17,,1,22,9,121.5156595,25.09145837
112,5,31,7,31,2,08士林區,士林區承德路5段與通河東街2段10巷口,0,0,2,2,C03,6,1,5,30,14,9,1,4,4,5,7,1,1,9,5,5,2,17,2,22,2,8,1,1,7,9,1,10,1,11,,17,,1,22,9,121.5156595,25.09145837
112,5,31,7,34,2,12內湖區,內湖區民權東路6段與成功路2段320巷31弄口,0,0,1,1,B03,6,1,5,50,3,1,1,4,4,5,7,2,1,1,4,1,2,12,2,51,3,10,1,1,7,6,1,8,1,15,,9,,1,22,9,121.5891617,25.06892524
112,5,31,7,34,2,12內湖區,內湖區民權東路6段與成功路2段320巷31弄口,0,0,1,2,C03,6,1,5,50,3,1,1,4,4,5,7,2,1,1,4,1,2,12,1,45,2,9,1,1,7,9,1,10,1,13,,44,,1,22,9,121.5891617,25.06892524
112,5,31,7,37,2,10文山區,文山區羅斯福路4段與基隆路4段口,0,0,1,1,F01,8,1,5,50,4,1,1,5,4,5,7,1,1,1,4,5,2,15,1,68,2,9,1,1,7,9,8,20,2,16,,,,1,22,9,121.5370664,25.0108973
112,5,31,7,37,2,10文山區,文山區羅斯福路4段與基隆路4段口,0,0,1,2,B03,8,1,5,50,4,1,1,5,4,5,7,1,1,1,4,5,2,15,1,54,3,10,1,1,7,9,1,8,2,1,,,,1,22,9,121.5370664,25.0108973
112,5,31,7,43,2,05中正區,中正區中山南路與凱達格蘭大道口西北角,0,0,2,2,C03,7,1,5,50,5,2,1,4,4,5,7,2,1,5,4,5,2,13,1,34,2,9,1,1,7,9,1,10,2,13,,44,,1,22,9,121.5176528,25.03941739
112,5,31,7,43,2,05中正區,中正區中山南路與凱達格蘭大道口西北角,0,0,2,1,C03,7,1,5,50,5,2,1,4,4,5,7,2,1,5,4,5,2,13,1,23,2,8,1,1,7,9,1,10,2,11,,23,,1,22,9,121.5176528,25.03941739
112,5,31,7,49,2,01大同區,大同區南京西路與民樂街口,0,0,3,2,C03,8,1,5,50,3,1,1,4,4,5,7,2,1,5,5,5,2,13,1,61,2,8,1,1,7,6,1,10,1,13,,,,1,22,9,121.5110423,25.0538358
112,5,31,7,49,2,01大同區,大同區南京西路與民樂街口,0,0,3,1,C03,8,1,5,50,3,1,1,4,4,5,7,2,1,5,5,5,2,13,1,67,2,9,1,1,7,6,1,10,1,11,,,,1,22,9,121.5110423,25.0538358
112,5,31,7,49,2,01大同區,大同區南京西路與民樂街口,0,0,3,3,H02,8,1,5,50,3,1,1,4,4,5,7,2,1,5,5,5,2,13,2,64,2,8,1,5,7,20,8,20,10,16,,,,1,22,9,121.5110423,25.0538358
112,5,31,8,1,2,04大安區,大安區仁愛路3段與信義路3段147巷口,0,0,1,2,C03,7,1,5,30,3,1,1,4,4,5,7,4,4,10,3,5,2,17,1,23,2,9,1,1,7,9,1,10,2,14,,44,,1,22,9,121.5419909,25.0378008
112,5,31,8,1,2,04大安區,大安區仁愛路3段與信義路3段147巷口,0,0,1,1,B03,7,1,5,30,3,1,1,4,4,5,7,4,4,10,3,5,2,17,1,52,3,10,1,1,7,5,1,8,2,5,,6,,1,22,9,121.5419909,25.0378008
112,5,31,8,9,2,02萬華區,萬華區堤外便道往北(6K+050標牌中興橋下),0,0,2,2,C03,8,1,5,40,14,11,1,5,4,5,7,4,4,5,5,5,2,13,1,43,2,9,1,1,7,9,1,10,1,13,,43,,1,22,9,121.5011458,25.04471166
112,5,31,8,9,2,02萬華區,萬華區堤外便道往北(6K+050標牌中興橋下),0,0,2,6,C03,8,1,5,40,14,11,1,5,4,5,7,4,4,5,5,5,2,13,1,38,3,10,1,1,7,12,1,10,1,15,,43,,1,22,9,121.5011458,25.04471166
112,5,31,8,9,2,02萬華區,萬華區堤外便道往北(6K+050標牌中興橋下),0,0,2,5,C03,8,1,5,40,14,11,1,5,4,5,7,4,4,5,5,5,2,13,1,46,3,10,1,1,7,12,1,10,1,13,,43,,1,22,9,121.5011458,25.04471166
112,5,31,8,9,2,02萬華區,萬華區堤外便道往北(6K+050標牌中興橋下),0,0,2,4,C03,8,1,5,40,14,11,1,5,4,5,7,4,4,5,5,5,2,13,1,52,3,10,1,1,7,12,1,10,1,13,,43,,1,22,9,121.5011458,25.04471166
112,5,31,8,9,2,02萬華區,萬華區堤外便道往北(6K+050標牌中興橋下),0,0,2,1,C03,8,1,5,40,14,11,1,5,4,5,7,4,4,5,5,5,2,13,1,27,2,7,1,1,7,9,1,10,1,11,,43,,1,22,9,121.5011458,25.04471166
112,5,31,8,9,2,02萬華區,萬華區堤外便道往北(6K+050標牌中興橋下),0,0,2,3,C03,8,1,5,40,14,11,1,5,4,5,7,4,4,5,5,5,2,13,2,39,3,10,1,1,7,12,1,10,1,13,,43,,1,22,9,121.5011458,25.04471166
112,5,31,8,10,2,12內湖區,內湖區瑞光路451號,0,0,1,1,B03,6,1,5,50,14,9,1,4,4,5,7,4,4,9,4,5,2,16,1,51,3,10,1,1,7,5,1,8,2,2,,8,,1,22,9,121.5699813,25.07863286
112,5,31,8,10,2,12內湖區,內湖區瑞光路451號,0,0,1,2,C03,6,1,5,50,14,9,1,4,4,5,7,4,4,9,4,5,2,16,1,60,2,9,1,1,7,9,1,10,2,11,,44,,1,22,9,121.5699813,25.07863286
112,5,31,8,11,2,05中正區,中正區林森南路與林森南路61巷口,0,0,1,1,B01,6,1,5,50,4,2,1,4,4,5,7,1,1,10,4,5,2,16,1,63,3,10,1,1,7,6,1,4,1,5,,9,,1,22,9,121.5219424,25.03983166
112,5,31,8,11,2,05中正區,中正區林森南路與林森南路61巷口,0,0,1,2,C03,6,1,5,50,4,2,1,4,4,5,7,1,1,10,4,5,2,16,1,33,2,8,1,1,7,9,1,10,1,14,,44,,1,22,9,121.5219424,25.03983166
112,5,31,8,15,2,03中山區,中山區龍江路384巷與龍江路口口,0,0,1,1,C03,6,1,5,30,4,1,1,4,4,5,7,4,4,10,5,5,2,15,2,72,2,9,1,1,7,9,1,10,1,11,,6,,1,22,9,121.5410174,25.06697
112,5,31,8,15,2,03中山區,中山區龍江路384巷與龍江路口口,0,0,1,2,C03,6,1,5,30,4,1,1,4,4,5,7,4,4,10,5,5,2,15,1,48,3,10,1,4,7,9,1,10,1,14,,14,,1,22,9,121.5410174,25.06697
112,5,31,8,23,2,07信義區,信義區信義路5段15號,0,0,1,1,C03,6,1,5,50,14,9,1,4,4,5,7,4,4,3,4,5,2,13,1,42,2,7,1,1,7,9,1,10,1,11,,43,,1,22,9,121.566914,25.03303506
112,5,31,8,23,2,07信義區,信義區信義路5段15號,0,0,1,2,B02,6,1,5,50,14,9,1,4,4,5,7,4,4,3,4,5,2,13,1,56,3,10,1,1,7,9,1,8,1,6,,43,,1,22,9,121.566914,25.03303506
112,5,31,8,30,2,09北投區,北投區復興三路100-6號,0,0,1,1,C03,6,1,5,50,14,9,1,4,4,5,7,4,4,9,4,5,1,18,2,30,2,9,1,1,7,9,1,10,1,14,,16,,1,22,9,121.5051501,25.14759388
112,5,31,8,30,2,09北投區,北投區復興三路100-6號,0,0,1,2,,6,1,5,50,14,9,1,4,4,5,7,4,4,9,4,5,1,18,3,0,,,,,,,,,,,,67,,1,,,121.5051501,25.14759388
112,5,31,8,34,2,08士林區,士林區通河街76巷與承德路4段10巷口,0,0,1,2,C03,6,1,5,30,4,1,1,4,4,5,7,4,4,10,5,5,2,15,2,54,2,8,1,1,7,9,1,10,1,11,,14,,1,22,9,121.520128,25.080133
112,5,31,8,34,2,08士林區,士林區通河街76巷與承德路4段10巷口,0,0,1,1,B02,6,1,5,30,4,1,1,4,4,5,7,4,4,10,5,5,2,15,1,53,3,10,1,1,7,9,1,8,1,5,,6,,1,22,9,121.520128,25.080133
112,5,31,9,3,2,01大同區,大同區重慶北路3段與民族西路口,0,0,1,2,C03,6,1,5,50,4,1,1,4,4,5,7,2,1,5,4,5,2,16,1,28,2,7,1,1,7,9,1,10,1,11,,44,,1,22,9,121.5136393,25.06862402
112,5,31,9,3,2,01大同區,大同區重慶北路3段與民族西路口,0,0,1,1,B03,6,1,5,50,4,1,1,4,4,5,7,2,1,5,4,5,2,16,2,32,3,10,1,1,7,5,1,8,1,2,,6,,1,22,9,121.5136393,25.06862402
112,5,31,9,12,2,05中正區,中正區北平西路與重慶北路1段口,0,0,1,4,C03,6,1,5,50,4,2,1,4,4,5,7,2,1,5,2,5,2,13,1,36,2,7,1,1,7,6,1,10,1,12,,16,,1,22,9,121.5133384,25.04827985
112,5,31,9,12,2,05中正區,中正區北平西路與重慶北路1段口,0,0,1,1,B02,6,1,5,50,4,2,1,4,4,5,7,2,1,5,2,5,2,13,1,75,3,10,1,1,7,11,1,8,9,15,,10,,1,22,9,121.5133384,25.04827985
112,5,31,9,12,2,05中正區,中正區北平西路與重慶北路1段口,0,0,1,2,C03,6,1,5,50,4,2,1,4,4,5,7,2,1,5,2,5,2,13,1,25,3,10,1,1,7,6,1,10,1,13,,44,,1,22,9,121.5133384,25.04827985
112,5,31,9,12,2,05中正區,中正區北平西路與重慶北路1段口,0,0,1,3,C03,6,1,5,50,4,2,1,4,4,5,7,2,1,5,2,5,2,13,1,37,3,10,1,1,7,6,1,10,1,11,,16,,1,22,9,121.5133384,25.04827985
112,5,31,9,20,2,06松山區,松山區南京東路3段261號,0,0,4,1,C03,6,1,5,50,14,7,1,4,4,5,7,4,4,1,4,4,2,12,1,22,2,8,1,1,7,9,1,10,1,12,,23,,1,22,9,121.5452178,25.05190322
112,5,31,9,20,2,06松山區,松山區南京東路3段261號,0,0,4,2,C03,6,1,5,50,14,7,1,4,4,5,7,4,4,1,4,4,2,12,2,58,2,9,1,1,7,7,1,10,1,14,,44,,1,22,9,121.5452178,25.05190322
112,5,31,9,20,2,06松山區,松山區南京東路3段261號,0,0,4,3,B03,6,1,5,50,14,7,1,4,4,5,7,4,4,1,4,4,2,12,2,45,3,10,1,1,7,7,1,8,1,15,,7,,1,22,9,121.5452178,25.05190322
112,5,31,9,20,2,06松山區,松山區南京東路3段261號,0,0,4,4,H02,6,1,5,50,14,7,1,4,4,5,7,4,4,1,4,4,2,12,2,20,2,8,1,5,7,21,8,20,10,16,,67,,1,22,9,121.5452178,25.05190322
112,5,31,9,20,2,06松山區,松山區南京東路3段261號,0,0,4,5,H02,6,1,5,50,14,7,1,4,4,5,7,4,4,1,4,4,2,12,2,28,2,8,1,5,7,21,8,20,10,16,,67,,1,22,9,121.5452178,25.05190322
112,5,31,9,22,2,10文山區,文山區羅斯福路5段與汀州路4段口,0,0,1,1,C04,6,1,5,50,4,1,1,4,4,5,7,2,1,1,4,5,1,12,2,32,2,8,1,1,7,9,1,10,1,12,,23,,1,22,9,121.5380075,25.0081411
112,5,31,9,22,2,10文山區,文山區羅斯福路5段與汀州路4段口,0,0,1,2,B03,6,1,5,50,4,1,1,4,4,5,7,2,1,1,4,5,1,12,1,36,3,10,1,1,7,14,1,8,1,4,,44,,1,22,9,121.5380075,25.0081411
112,5,31,9,28,2,03中山區,中山區遼寧街與長春路口,0,0,1,1,C03,6,1,5,50,4,2,1,4,4,5,7,2,1,5,4,5,1,13,1,29,2,9,1,4,7,9,1,10,1,14,,42,,1,22,9,121.5419936,25.0545885
112,5,31,9,28,2,03中山區,中山區遼寧街與長春路口,0,0,1,2,B03,6,1,5,50,4,2,1,4,4,5,7,2,1,5,4,5,1,13,1,49,3,10,3,4,7,6,1,8,1,3,,44,,1,22,9,121.5419936,25.0545885
112,5,31,9,28,2,03中山區,中山區伊通街52巷與伊通街口,0,0,1,1,B01,6,1,5,50,4,1,1,4,4,5,7,4,4,9,5,5,2,16,1,61,3,10,3,4,7,11,1,4,1,4,,10,,1,22,9,121.5347644,25.05141223
112,5,31,9,28,2,03中山區,中山區伊通街52巷與伊通街口,0,0,1,2,C03,6,1,5,50,4,1,1,4,4,5,7,4,4,9,5,5,2,16,1,24,2,8,1,1,7,9,1,10,1,11,,23,,1,22,9,121.5347644,25.05141223
112,5,31,9,34,2,07信義區,信義區忠孝東路4段與逸仙路口,0,0,1,1,C03,7,1,5,50,3,2,1,4,4,5,7,1,1,1,4,5,2,12,2,19,3,10,1,1,7,9,1,10,1,14,,16,,1,22,9,121.5613761,25.0411825
112,5,31,9,34,2,07信義區,信義區忠孝東路4段與逸仙路口,0,0,1,2,C03,7,1,5,50,3,2,1,4,4,5,7,1,1,1,4,5,2,12,2,23,2,7,1,1,7,14,1,10,1,13,,44,,1,22,9,121.5613761,25.0411825
112,5,31,9,53,2,10文山區,文山區木柵路3段53號前,0,0,1,1,A02,6,1,5,50,14,9,1,4,4,5,7,4,4,9,4,5,2,17,1,57,3,10,1,1,7,1,1,2,9,15,,43,,1,22,9,121.5663728,24.98856173