發生年度,發生月,發生日,發生時-Hours,發生分,處理別-編號,區序,肇事地點,死亡人數,2-30日死亡人數,受傷人數,當事人序號,車種,天候,光線,道路類別,速限-速度限制,道路型態,事故位置,路面狀況1,路面狀況2,路面狀況3,道路障礙1,道路障礙2,號誌1,號誌2,車道劃分-分向,車道劃分-分道1,車道劃分-分道2,車道劃分-分道3,事故類型及型態,性別,年齡,受傷程度,主要傷處,保護裝置,行動電話,車輛用途,當事者行動狀態,駕駛資格情形,駕駛執照種類,飲酒情形,車輛撞擊部位1,車輛撞擊部位2,肇因碼-個別,肇因碼-主要,個人肇逃否,職業,旅次目的,座標-X,座標-Y
112,5,31,9,53,2,10文山區,文山區木柵路3段53號前,0,0,1,2,C03,6,1,5,50,14,9,1,4,4,5,7,4,4,9,4,5,2,17,1,28,2,9,1,1,7,9,1,10,1,15,,43,,1,22,9,121.5663728,24.98856173
112,5,31,9,55,2,09北投區,北投區公館路與西安街2段口,0,0,1,1,B03,6,1,5,50,4,2,1,4,4,5,7,4,4,5,4,5,2,16,1,81,3,10,3,4,7,6,1,8,11,15,,42,,2,22,9,121.5027739,25.1214409
112,5,31,9,55,2,09北投區,北投區公館路與西安街2段口,0,0,1,2,C04,6,1,5,50,4,2,1,4,4,5,7,4,4,5,4,5,2,16,2,62,2,9,3,4,7,9,1,11,1,14,,44,,1,22,9,121.5027739,25.1214409
112,5,31,10,1,2,03中山區,中山區南京東路2段124號,0,0,1,2,C03,6,1,5,50,14,7,1,4,4,5,7,4,4,3,4,4,2,13,2,64,2,9,1,1,7,12,1,10,1,13,12,44,,1,22,9,121.5333233,25.05190558
112,5,31,10,1,2,03中山區,中山區南京東路2段124號,0,0,1,1,B01,6,1,5,50,14,7,1,4,4,5,7,4,4,3,4,4,2,13,1,67,3,10,1,1,7,8,1,4,1,1,,7,,1,22,9,121.5333233,25.05190558
112,5,31,10,6,2,03中山區,中山區林森北路263號,0,0,1,1,C03,6,1,5,50,14,9,1,4,4,5,7,4,4,9,4,5,2,12,1,55,2,9,1,1,7,9,1,10,2,14,,44,,1,22,9,121.5254989,25.0545011
112,5,31,10,6,2,03中山區,中山區林森北路263號,0,0,1,2,B01,6,1,5,50,14,9,1,4,4,5,7,4,4,9,4,5,2,12,1,69,3,10,3,4,7,8,1,4,2,3,,7,,1,22,9,121.5254989,25.0545011
112,5,31,10,8,2,01大同區,大同區承德路2段12號旁,0,0,1,2,C03,6,1,5,0,14,9,1,4,4,5,7,4,4,1,4,5,2,16,2,29,2,9,3,4,7,9,1,10,2,14,,42,,1,22,9,121.5180344,25.05500055
112,5,31,10,8,2,01大同區,大同區承德路2段12號旁,0,0,1,1,B01,6,1,5,0,14,9,1,4,4,5,7,4,4,1,4,5,2,16,1,70,4,11,3,4,7,10,7,19,11,15,,7,,2,22,9,121.5180344,25.05500055
112,5,31,10,17,2,10文山區,文山區興隆路3段56巷與興隆路3段36巷17弄口,0,0,1,1,B01,6,1,5,30,3,1,1,4,4,5,7,2,1,9,5,5,2,16,1,51,3,10,1,1,7,1,1,2,1,8,,19,,1,22,9,121.5554573,24.9993143
112,5,31,10,17,2,10文山區,文山區興隆路3段56巷與興隆路3段36巷17弄口,0,0,1,2,C03,6,1,5,30,3,1,1,4,4,5,7,2,1,9,5,5,2,16,2,34,2,8,1,1,7,9,1,10,1,11,,44,,1,22,9,121.5554573,24.9993143
112,5,31,10,20,2,03中山區,中山區復興北路380巷6弄與民權東路3段60巷13弄口,0,0,2,2,C03,6,1,5,30,4,1,1,4,4,5,7,4,4,10,5,5,2,16,2,39,2,9,1,4,7,9,1,10,1,14,,13,,1,22,9,121.5436334,25.06102529
112,5,31,10,20,2,03中山區,中山區復興北路380巷6弄與民權東路3段60巷13弄口,0,0,2,1,C03,6,1,5,30,4,1,1,4,4,5,7,4,4,10,5,5,2,16,2,52,2,9,1,4,7,9,4,8,1,11,,6,,1,22,9,121.5436334,25.06102529
112,5,31,10,45,2,03中山區,中山區中山北路1段109號,0,0,1,1,B01,7,1,5,50,14,9,1,5,4,5,7,4,4,10,4,5,2,12,2,47,3,10,1,1,7,7,1,4,1,4,,6,,1,21,8,121.5214465,25.0492587
112,5,31,10,45,2,03中山區,中山區中山北路1段109號,0,0,1,2,C03,7,1,5,50,14,9,1,5,4,5,7,4,4,10,4,5,2,12,1,33,2,7,1,1,7,9,1,10,1,12,,13,,1,22,9,121.5214465,25.0492587
112,5,31,11,0,2,04大安區,大安區和平東路3段82號,0,0,1,1,B01,6,1,5,50,14,9,1,4,4,5,7,4,4,1,4,5,1,9,1,61,3,10,3,4,7,14,1,4,2,2,,40,,1,22,9,121.550878,25.024375
112,5,31,11,0,2,04大安區,大安區和平東路3段82號,0,0,1,3,C03,6,1,5,50,14,9,1,4,4,5,7,4,4,1,4,5,1,9,2,35,2,9,3,4,7,9,1,10,2,14,,44,,1,22,9,121.550878,25.024375
112,5,31,11,0,2,04大安區,大安區和平東路3段82號,0,0,1,5,C03,6,1,5,50,14,9,1,4,4,5,7,4,4,1,4,5,1,9,4,0,4,11,3,4,7,13,7,19,11,15,,43,,2,22,9,121.550878,25.024375
112,5,31,11,0,2,04大安區,大安區和平東路3段82號,0,0,1,4,C03,6,1,5,50,14,9,1,4,4,5,7,4,4,1,4,5,1,9,4,0,4,11,3,4,7,13,7,19,11,15,,43,,2,22,9,121.550878,25.024375
112,5,31,11,0,2,04大安區,大安區和平東路3段82號,0,0,1,2,H02,6,1,5,50,14,9,1,4,4,5,7,4,4,1,4,5,1,9,1,29,3,10,3,5,7,19,8,20,10,16,,56,,1,22,9,121.550878,25.024375
112,5,31,11,13,2,04大安區,大安區和平東路1段與新生南路2段口,0,0,1,1,B03,7,1,5,50,4,2,1,5,4,5,7,2,1,1,4,5,2,17,1,27,3,10,1,1,7,8,1,8,2,2,,7,,1,22,9,121.5430241,25.02489987
112,5,31,11,13,2,04大安區,大安區和平東路1段與新生南路2段口,0,0,1,2,C03,7,1,5,50,4,2,1,5,4,5,7,2,1,1,4,5,2,17,2,33,2,7,1,1,7,9,1,10,2,14,,44,,1,22,9,121.5430241,25.02489987
112,5,31,11,20,2,03中山區,中山區中山北路4段與新生高架道口,0,0,1,2,B03,7,1,5,50,4,1,1,5,4,5,7,1,1,1,4,5,2,16,1,73,3,10,1,1,7,9,1,8,1,5,,44,,1,22,9,121.5252382,25.07686162
112,5,31,11,20,2,03中山區,中山區中山北路4段與新生高架道口,0,0,1,3,H02,7,1,5,50,4,1,1,5,4,5,7,1,1,1,4,5,2,16,2,69,2,1,1,1,7,21,8,20,1,16,,67,,1,22,9,121.5252382,25.07686162
112,5,31,11,20,2,03中山區,中山區中山北路4段與新生高架道口,0,0,1,1,B01,7,1,5,50,4,1,1,5,4,5,7,1,1,1,4,5,2,16,1,67,3,10,1,1,7,9,1,4,1,1,,25,,1,22,9,121.5252382,25.07686162
112,5,31,11,33,2,02萬華區,萬華區萬大路277巷與萬大路277巷37弄口,0,0,2,2,C03,8,1,5,30,4,1,1,5,4,5,7,4,4,10,5,5,2,16,2,56,2,9,1,1,7,9,1,10,1,14,,14,,1,22,9,121.502481,25.02545318
112,5,31,11,33,2,02萬華區,萬華區萬大路277巷與萬大路277巷37弄口,0,0,2,1,C03,8,1,5,30,4,1,1,5,4,5,7,4,4,10,5,5,2,16,1,35,2,8,1,1,7,5,1,10,1,11,,6,,1,22,9,121.502481,25.02545318
112,5,31,11,50,2,02萬華區,萬華區桂林路與昆明街口,0,0,1,1,C03,8,1,5,50,4,1,1,5,4,5,7,1,1,8,3,5,2,12,2,47,2,1,1,1,7,1,1,10,1,14,,19,,1,22,9,121.5038377,25.0380071
112,5,31,11,50,2,02萬華區,萬華區桂林路與昆明街口,0,0,1,2,B01,8,1,5,50,4,1,1,5,4,5,7,1,1,8,3,5,2,12,1,47,3,10,1,1,7,9,1,4,1,2,,44,,1,22,9,121.5038377,25.0380071
112,5,31,11,50,2,02萬華區,萬華區西寧南路95號,0,0,1,1,F01,6,1,5,0,14,7,1,4,4,5,7,4,4,9,3,5,2,8,1,33,3,10,1,5,7,9,8,20,1,16,,26,,1,22,9,121.5062379,25.0450439
112,5,31,11,50,2,02萬華區,萬華區西寧南路95號,0,0,1,2,H01,6,1,5,0,14,7,1,4,4,5,7,4,4,9,3,5,2,8,2,37,2,1,4,5,8,17,8,20,11,16,,51,,1,22,9,121.5062379,25.0450439
112,5,31,12,0,2,09北投區,北投區致遠一路1段46巷與自強街180巷口,0,0,1,2,F01,6,1,5,30,4,2,1,4,4,5,7,4,4,10,5,5,2,16,2,79,2,9,3,4,7,9,8,20,2,16,,2,,1,22,9,121.517911,25.1103601
112,5,31,12,0,2,09北投區,北投區致遠一路1段46巷與自強街180巷口,0,0,1,1,C03,6,1,5,30,4,2,1,4,4,5,7,4,4,10,5,5,2,16,1,54,3,10,3,4,7,9,1,10,2,12,,2,,1,22,9,121.517911,25.1103601
112,5,31,12,37,2,01大同區,大同區民權西路248號與民權西路250巷口,0,0,1,1,C03,6,1,5,50,3,2,1,4,4,5,7,4,4,1,4,5,2,12,1,19,3,10,3,4,7,8,1,10,2,12,,7,,1,22,9,121.5126968,25.0627239
112,5,31,12,37,2,01大同區,大同區民權西路248號與民權西路250巷口,0,0,1,2,C03,6,1,5,50,3,2,1,4,4,5,7,4,4,1,4,5,2,12,2,38,2,4,3,4,7,9,1,10,2,11,,44,,1,22,9,121.5126968,25.0627239
112,5,31,13,13,2,03中山區,中山區松江路與渭水路口,0,0,1,1,B03,6,1,5,50,5,2,1,4,4,5,7,2,1,10,4,5,2,3,1,35,3,10,1,1,7,5,1,8,1,1,,15,,1,22,9,121.533157,25.0460319
112,5,31,13,13,2,03中山區,中山區松江路與渭水路口,0,0,1,2,H01,6,1,5,50,5,2,1,4,4,5,7,2,1,10,4,5,2,3,1,54,2,9,4,5,8,16,8,20,10,16,,67,,1,22,9,121.533157,25.0460319
112,5,31,13,30,2,08士林區,士林區大東路與大東路92巷口,0,0,1,1,C03,7,1,5,50,4,2,1,4,4,5,7,4,4,9,5,5,2,17,1,38,2,8,1,1,7,5,1,10,2,11,,6,,1,22,9,121.5255341,25.0916069
112,5,31,13,30,2,08士林區,士林區大東路與大東路92巷口,0,0,1,2,B03,7,1,5,50,4,2,1,4,4,5,7,4,4,9,5,5,2,17,1,25,3,10,1,1,7,9,1,8,2,8,,44,,1,22,9,121.5255341,25.0916069
112,5,31,13,32,2,02萬華區,萬華區環河南路1段162號,0,0,1,1,C03,6,1,5,50,14,9,1,4,4,5,7,4,4,9,5,5,2,17,1,31,3,10,1,1,7,9,1,10,1,11,,23,,1,22,9,121.5041831,25.04709367
112,5,31,13,32,2,02萬華區,萬華區環河南路1段162號,0,0,1,2,C03,6,1,5,50,14,9,1,4,4,5,7,4,4,9,5,5,2,17,1,32,2,7,1,1,7,15,1,10,1,13,,26,,1,22,9,121.5041831,25.04709367
112,5,31,13,32,2,11南港區,南港區南港路2段與向陽路口,0,0,1,1,B01,6,1,5,50,14,9,1,4,4,4,7,4,4,9,1,5,2,12,1,49,3,10,1,1,7,9,1,8,1,1,,44,,1,22,9,121.5956041,25.0544907
112,5,31,13,32,2,11南港區,南港區南港路2段與向陽路口,0,0,1,2,C03,6,1,5,50,14,9,1,4,4,4,7,4,4,9,1,5,2,12,2,55,2,9,1,1,7,7,1,10,1,13,,7,,1,22,9,121.5956041,25.0544907
112,5,31,13,47,2,04大安區,大安區復興南路1段107巷與大安路1段口,0,0,2,3,C03,6,1,5,50,4,1,1,4,4,5,7,4,4,10,4,5,2,15,2,47,3,10,1,1,7,13,1,10,11,14,,44,,1,22,9,121.546204,25.0435978
112,5,31,13,47,2,04大安區,大安區復興南路1段107巷與大安路1段口,0,0,2,1,C03,6,1,5,50,4,1,1,4,4,5,7,4,4,10,4,5,2,15,1,49,2,9,1,1,7,9,1,10,2,14,,14,,1,22,9,121.546204,25.0435978
112,5,31,13,47,2,04大安區,大安區復興南路1段107巷與大安路1段口,0,0,2,2,C03,6,1,5,50,4,1,1,4,4,5,7,4,4,10,4,5,2,15,1,18,2,9,1,1,7,9,1,10,2,11,,6,,1,22,9,121.546204,25.0435978
112,5,31,13,47,2,04大安區,大安區復興南路1段107巷與大安路1段口,0,0,2,4,C03,6,1,5,50,4,1,1,4,4,5,7,4,4,10,4,5,2,15,1,33,3,10,1,1,7,13,1,10,11,14,,38,,1,22,9,121.546204,25.0435978
112,5,31,13,47,2,04大安區,大安區復興南路1段107巷與大安路1段口,0,0,2,5,C03,6,1,5,50,4,1,1,4,4,5,7,4,4,10,4,5,2,15,1,27,3,10,1,1,7,13,1,10,11,14,,38,,1,22,9,121.546204,25.0435978
112,5,31,15,6,2,04大安區,大安區和平東路2段107巷與和平東路2段口口,0,0,1,1,C03,6,1,5,50,3,1,1,4,4,5,7,1,1,1,3,4,2,12,1,47,2,9,1,1,7,7,1,10,1,14,,7,,1,22,9,121.5404462,25.0253461
112,5,31,15,6,2,04大安區,大安區和平東路2段107巷與和平東路2段口口,0,0,1,2,B12,6,1,5,50,3,1,1,4,4,5,7,1,1,1,3,4,2,12,2,28,3,10,1,1,7,9,1,8,1,2,,44,,1,22,9,121.5404462,25.0253461
112,5,31,15,9,2,08士林區,士林區劍潭路28號,0,0,1,3,B03,6,1,5,30,14,9,1,4,4,5,7,4,4,10,5,5,1,3,1,33,4,11,3,4,7,13,1,8,11,15,,44,,1,22,9,121.5223564,25.08370579
112,5,31,15,9,2,08士林區,士林區劍潭路28號,0,0,1,1,A11,6,1,5,30,14,9,1,4,4,5,7,4,4,10,5,5,1,3,1,52,3,10,3,4,7,9,1,2,1,7,,23,,1,22,9,121.5223564,25.08370579
112,5,31,15,9,2,08士林區,士林區劍潭路28號,0,0,1,2,H01,6,1,5,30,14,9,1,4,4,5,7,4,4,10,5,5,1,3,1,71,2,9,3,4,8,16,8,20,10,16,,51,,1,22,9,121.5223564,25.08370579
112,5,31,15,20,2,03中山區,中山區明水路678號,0,0,1,2,C03,6,1,5,50,11,9,1,4,4,5,7,1,1,1,4,4,2,16,1,28,2,7,1,1,7,5,1,10,2,12,,26,,1,22,9,121.5509683,25.0839763
112,5,31,15,20,2,03中山區,中山區明水路678號,0,0,1,1,B12,6,1,5,50,11,9,1,4,4,5,7,1,1,1,4,4,2,16,1,48,3,10,1,1,7,9,1,8,2,1,,25,,1,22,9,121.5509683,25.0839763
112,5,31,15,39,2,03中山區,中山區中山北路4段與北安路口,0,0,1,1,C03,6,1,5,50,4,1,1,4,4,5,7,1,1,1,4,5,2,16,1,43,2,9,1,4,7,5,1,10,1,14,,25,,1,22,9,121.5270519,25.07654358
112,5,31,15,39,2,03中山區,中山區中山北路4段與北安路口,0,0,1,2,B03,6,1,5,50,4,1,1,4,4,5,7,1,1,1,4,5,2,16,1,44,3,10,3,4,7,9,1,8,1,5,,44,,1,22,9,121.5270519,25.07654358
112,5,31,16,10,2,10文山區,文山區興隆路3段168號,0,0,1,2,H02,6,1,5,50,14,9,1,4,4,5,7,4,4,1,4,5,2,9,2,68,2,8,4,5,7,19,8,20,10,16,,67,,1,22,9,121.5585018,24.99838661
112,5,31,16,10,2,10文山區,文山區興隆路3段168號,0,0,1,1,A02,6,1,5,50,14,9,1,4,4,5,7,4,4,1,4,5,2,9,1,52,3,10,1,1,7,1,1,2,1,2,,19,,1,22,9,121.5585018,24.99838661
112,5,31,16,56,2,04大安區,大安區和平東路3段與敦化南路2段口,0,0,2,1,C03,7,1,5,50,4,1,1,5,4,5,7,1,1,1,3,5,2,13,2,63,2,8,1,1,7,9,1,10,1,11,,23,,1,22,9,121.5486343,25.024494
112,5,31,16,56,2,04大安區,大安區和平東路3段與敦化南路2段口,0,0,2,2,B03,7,1,5,50,4,1,1,5,4,5,7,1,1,1,3,5,2,13,1,47,2,2,1,1,7,14,1,8,1,6,,44,,1,22,9,121.5486343,25.024494
112,5,31,17,3,2,08士林區,士林區通河街與通河街2巷口口,0,0,2,1,C03,7,2,5,50,4,1,1,5,4,5,7,3,1,5,4,5,1,16,1,42,2,9,1,1,7,9,1,10,2,11,,4,,1,22,9,121.5237057,25.0799232
112,5,31,17,3,2,08士林區,士林區通河街與通河街2巷口口,0,0,2,2,C03,7,2,5,50,4,1,1,5,4,5,7,3,1,5,4,5,1,16,1,29,2,6,1,1,7,5,1,10,2,13,,44,,1,22,9,121.5237057,25.0799232
112,5,31,17,10,2,10文山區,文山區木新路2段79巷12弄新榮公園,0,0,1,1,C04,8,1,5,30,14,9,1,5,4,5,7,4,4,10,5,5,1,11,2,74,2,9,1,1,7,9,1,8,2,11,,23,,1,22,9,121.5706007,24.98351965
112,5,31,17,10,2,10文山區,文山區木新路2段79巷12弄新榮公園,0,0,1,2,B02,8,1,5,30,14,9,1,5,4,5,7,4,4,10,5,5,1,11,1,71,3,10,1,1,7,9,1,8,2,8,,23,,1,22,9,121.5706007,24.98351965
112,5,31,17,21,2,09北投區,士林區中山北路5段與劍潭路口,0,0,1,1,A04,7,1,5,50,3,2,1,5,4,5,7,1,1,9,4,5,1,12,1,53,3,10,1,1,7,9,1,2,2,6,,17,,1,22,9,121.5253489,25.0839644
112,5,31,17,21,2,09北投區,士林區中山北路5段與劍潭路口,0,0,1,2,C03,7,1,5,50,3,2,1,5,4,5,7,1,1,9,4,5,1,12,1,47,2,8,1,1,7,9,1,10,2,14,,23,,1,22,9,121.5253489,25.0839644
112,5,31,17,21,2,09北投區,士林區中山北路5段與劍潭路口,0,0,1,3,C03,7,1,5,50,3,2,1,5,4,5,7,1,1,9,4,5,1,12,1,39,3,10,1,1,7,13,1,10,2,12,,44,,1,22,9,121.5253489,25.0839644
112,5,31,17,47,2,04大安區,大安區復興南路2段與復興南路2段151巷口,0,0,1,3,H02,7,1,5,40,4,2,1,5,4,5,7,1,1,10,4,5,2,12,1,10,2,8,3,4,7,20,8,20,10,15,,67,,1,22,9,121.5437116,25.0284396
112,5,31,17,47,2,04大安區,大安區復興南路2段與復興南路2段151巷口,0,0,1,1,B03,7,1,5,40,4,2,1,5,4,5,7,1,1,10,4,5,2,12,1,54,4,11,3,4,7,15,7,19,11,15,,17,,2,22,9,121.5437116,25.0284396
112,5,31,17,47,2,04大安區,大安區復興南路2段與復興南路2段151巷口,0,0,1,2,C03,7,1,5,40,4,2,1,5,4,5,7,1,1,10,4,5,2,12,2,40,3,10,3,4,7,1,1,10,1,14,,17,,1,22,9,121.5437116,25.0284396
112,5,31,17,49,2,05中正區,中正區汀州路3段116-1號,0,0,2,4,C03,7,1,5,50,14,9,1,5,4,5,7,4,4,5,5,5,2,11,2,38,4,11,3,4,7,13,7,19,11,15,,44,,2,22,9,121.5334305,25.0142415
112,5,31,17,49,2,05中正區,中正區汀州路3段116-1號,0,0,2,7,C03,7,1,5,50,14,9,1,5,4,5,7,4,4,5,5,5,2,11,1,21,4,11,3,4,7,13,7,19,11,15,,44,,2,22,9,121.5334305,25.0142415
112,5,31,17,49,2,05中正區,中正區汀州路3段116-1號,0,0,2,5,C03,7,1,5,50,14,9,1,5,4,5,7,4,4,5,5,5,2,11,1,42,4,11,3,4,7,13,7,19,11,15,,44,,2,22,9,121.5334305,25.0142415
112,5,31,17,49,2,05中正區,中正區汀州路3段116-1號,0,0,2,3,C03,7,1,5,50,14,9,1,5,4,5,7,4,4,5,5,5,2,11,2,50,4,11,3,4,7,13,7,19,11,15,,44,,2,22,9,121.5334305,25.0142415
112,5,31,17,49,2,05中正區,中正區汀州路3段116-1號,0,0,2,2,C03,7,1,5,50,14,9,1,5,4,5,7,4,4,5,5,5,2,11,1,47,2,9,1,1,7,9,1,10,1,11,,44,,1,22,9,121.5334305,25.0142415
112,5,31,17,49,2,05中正區,中正區汀州路3段116-1號,0,0,2,1,C03,7,1,5,50,14,9,1,5,4,5,7,4,4,5,5,5,2,11,1,18,2,9,1,1,7,11,1,10,2,11,,10,,1,22,9,121.5334305,25.0142415
112,5,31,17,49,2,05中正區,中正區汀州路3段116-1號,0,0,2,6,C03,7,1,5,50,14,9,1,5,4,5,7,4,4,5,5,5,2,11,4,0,4,11,3,4,7,13,7,19,11,15,,44,,2,22,9,121.5334305,25.0142415
112,5,31,17,50,2,02萬華區,萬華區萬大路424巷97號,0,0,1,1,H01,7,1,5,50,14,9,1,5,4,5,7,4,4,8,3,5,1,3,1,10,2,8,4,5,8,18,8,20,1,16,,51,,1,22,9,121.4955476,25.02123109
112,5,31,17,50,2,02萬華區,萬華區萬大路424巷97號,0,0,1,2,B03,7,1,5,50,14,9,1,5,4,5,7,4,4,8,3,5,1,3,1,66,3,10,3,4,7,9,1,8,1,4,,44,,1,22,9,121.4955476,25.02123109
112,5,31,17,54,2,01大同區,大同區承德路2段與錦西街口,0,0,2,2,C03,7,2,5,50,4,2,1,5,4,5,7,2,1,1,4,5,2,17,2,66,2,9,1,1,7,15,4,11,1,15,,,,1,22,9,121.518291,25.0601914
112,5,31,17,54,2,01大同區,大同區承德路2段與錦西街口,0,0,2,1,C03,7,2,5,50,4,2,1,5,4,5,7,2,1,1,4,5,2,17,2,59,2,8,1,1,7,1,1,10,1,14,,,,1,22,9,121.518291,25.0601914
112,5,31,18,11,2,03中山區,中山區新生北路2段137巷42號,0,0,1,2,H01,7,1,5,30,14,9,1,5,4,5,7,4,4,10,5,5,2,2,2,80,2,8,4,5,8,16,8,20,10,16,,54,,1,22,9,121.5291534,25.061227
112,5,31,18,11,2,03中山區,中山區新生北路2段137巷42號,0,0,1,1,B01,7,1,5,30,14,9,1,5,4,5,7,4,4,10,5,5,2,2,1,58,3,10,1,1,7,9,1,4,2,1,,23,,1,22,9,121.5291534,25.061227
112,5,31,18,20,2,10文山區,文山區辛亥隧道北往南(近隧道出口),0,0,1,1,C03,6,3,5,50,6,9,1,5,4,5,7,4,4,1,2,5,2,13,1,29,2,9,1,1,7,9,1,10,2,11,,16,,1,22,9,121.5567512,25.01017013
112,5,31,18,20,2,10文山區,文山區辛亥隧道北往南(近隧道出口),0,0,1,2,B03,6,3,5,50,6,9,1,5,4,5,7,4,4,1,2,5,2,13,1,59,3,10,1,1,7,9,1,8,2,7,,44,,1,22,9,121.5567512,25.01017013
112,5,31,18,40,2,02萬華區,萬華區中華路2段與中華路2段484巷口(南海路),0,0,1,1,B03,8,2,5,50,4,1,1,5,4,5,7,1,1,9,4,5,2,17,1,39,3,10,1,4,7,5,1,8,1,1,,23,,1,22,9,121.5071152,25.02669315
112,5,31,18,40,2,02萬華區,萬華區中華路2段與中華路2段484巷口(南海路),0,0,1,2,F01,8,2,5,50,4,1,1,5,4,5,7,1,1,9,4,5,2,17,2,83,2,9,1,1,7,15,8,20,1,16,,44,,1,22,9,121.5071152,25.02669315
112,5,31,18,46,2,05中正區,中正區信義路1段附近國家音樂廳出入口,0,0,1,1,B03,7,3,5,50,11,8,1,5,4,5,7,4,4,1,4,1,2,12,1,71,3,10,1,1,7,8,1,8,2,5,,7,,1,22,9,121.5191242,25.0378807
112,5,31,18,46,2,05中正區,中正區信義路1段附近國家音樂廳出入口,0,0,1,2,C03,7,3,5,50,11,8,1,5,4,5,7,4,4,1,4,1,2,12,1,22,2,9,1,1,7,9,1,10,2,14,,13,,1,22,9,121.5191242,25.0378807
112,5,31,18,50,2,07信義區,信義區信義路6段61號,0,0,1,2,,6,5,5,50,11,24,1,4,4,5,13,1,1,9,4,5,2,21,3,0,,,,,,,,,10,,,119,,,,,121.5767361,25.0352794
112,5,31,18,50,2,07信義區,信義區信義路6段61號,0,0,1,1,C03,6,5,5,50,11,24,1,4,4,5,13,1,1,9,4,5,2,21,2,46,2,1,5,4,7,6,1,10,,11,,23,,1,22,8,121.5767361,25.0352794
112,5,31,19,20,2,11南港區,南港區市民大道8段西往東238燈桿(南港車站C棟前),0,0,1,1,C03,6,3,5,50,14,9,1,4,4,5,7,4,4,3,3,5,2,13,2,38,2,9,3,4,7,9,1,10,1,11,,23,,1,22,9,121.604152,25.0527354
112,5,31,19,20,2,11南港區,南港區市民大道8段西往東238燈桿(南港車站C棟前),0,0,1,2,B03,6,3,5,50,14,9,1,4,4,5,7,4,4,3,3,5,2,13,1,51,3,10,3,4,7,9,1,8,1,6,,44,,1,22,9,121.604152,25.0527354
112,5,31,19,44,2,09北投區,北投區大業路308號前,0,0,2,3,H02,6,3,5,60,14,8,1,4,4,5,7,4,4,1,4,4,2,16,2,60,2,9,1,5,7,20,8,20,10,16,,,,1,22,9,121.4975885,25.12872155
112,5,31,19,44,2,09北投區,北投區大業路308號前,0,0,2,1,B03,6,3,5,60,14,8,1,4,4,5,7,4,4,1,4,4,2,16,1,68,3,10,1,1,7,6,6,8,2,5,,,,1,22,9,121.4975885,25.12872155
112,5,31,19,44,2,09北投區,北投區大業路308號前,0,0,2,2,C03,6,3,5,60,14,8,1,4,4,5,7,4,4,1,4,4,2,16,1,61,2,8,1,1,7,9,1,10,2,14,,,,1,22,9,121.4975885,25.12872155
112,5,31,19,44,2,07信義區,信義區福德街與福德街84巷口,0,0,1,2,H01,6,3,5,30,5,1,1,4,4,5,7,2,1,1,4,5,2,9,2,33,2,8,1,1,8,16,8,20,10,16,,60,,1,21,8,121.5816093,25.0370849
112,5,31,19,44,2,07信義區,信義區福德街與福德街84巷口,0,0,1,1,B03,6,3,5,30,5,1,1,4,4,5,7,2,1,1,4,5,2,9,1,67,3,10,1,1,7,5,1,8,11,8,,44,,1,22,9,121.5816093,25.0370849
112,5,31,19,53,2,08士林區,士林區仰德大道4段與仰德大道4段160巷口,0,0,3,3,H01,6,3,5,40,3,2,1,4,4,5,7,4,4,5,5,5,2,1,1,25,2,7,4,5,8,16,8,20,10,16,,60,,1,22,9,121.5458364,25.13423532
112,5,31,19,53,2,08士林區,士林區仰德大道4段與仰德大道4段160巷口,0,0,3,2,H01,6,3,5,40,3,2,1,4,4,5,7,4,4,5,5,5,2,1,1,26,2,3,4,5,8,16,8,20,10,16,,60,,1,22,9,121.5458364,25.13423532
112,5,31,19,53,2,08士林區,士林區仰德大道4段與仰德大道4段160巷口,0,0,3,1,C03,6,3,5,40,3,2,1,4,4,5,7,4,4,5,5,5,2,1,1,45,2,1,3,4,7,9,1,10,1,12,,23,,1,22,9,121.5458364,25.13423532
112,5,31,20,1,2,09北投區,北投區北投路1段與北投路1段91巷口,0,0,2,1,C03,6,3,5,50,14,9,1,4,4,5,7,4,4,9,4,5,2,3,1,20,2,8,1,1,7,9,1,10,1,12,,43,,1,22,9,121.5000409,25.12943387
112,5,31,20,1,2,09北投區,北投區北投路1段與北投路1段91巷口,0,0,2,2,H01,6,3,5,50,14,9,1,4,4,5,7,4,4,9,4,5,2,3,2,68,2,9,4,1,8,16,8,20,1,16,,67,,1,22,9,121.5000409,25.12943387
112,5,31,20,16,2,06松山區,松山區八德路4段與東興路口,0,0,4,1,B03,7,3,5,50,4,1,1,4,4,5,7,1,1,9,4,5,2,12,1,46,3,10,1,4,7,6,1,8,1,2,,9,,1,22,9,121.5655303,25.0489607
112,5,31,20,16,2,06松山區,松山區八德路4段與東興路口,0,0,4,2,C03,7,3,5,50,4,1,1,4,4,5,7,1,1,9,4,5,2,12,1,31,2,9,1,1,7,9,1,10,1,14,,17,,1,22,9,121.5655303,25.0489607
112,5,31,20,16,2,06松山區,松山區八德路4段與東興路口,0,0,4,3,C03,7,3,5,50,4,1,1,4,4,5,7,1,1,9,4,5,2,12,2,45,2,9,1,1,7,9,1,10,1,11,,23,,1,22,9,121.5655303,25.0489607
112,5,31,20,16,2,06松山區,松山區八德路4段與東興路口,0,0,4,4,H02,7,3,5,50,4,1,1,4,4,5,7,1,1,9,4,5,2,12,2,5,2,9,1,5,7,20,8,20,10,16,,67,,1,22,9,121.5655303,25.0489607