發生年度,發生月,發生日,發生時-Hours,發生分,處理別-編號,區序,肇事地點,死亡人數,2-30日死亡人數,受傷人數,當事人序號,車種,天候,光線,道路類別,速限-速度限制,道路型態,事故位置,路面狀況1,路面狀況2,路面狀況3,道路障礙1,道路障礙2,號誌1,號誌2,車道劃分-分向,車道劃分-分道1,車道劃分-分道2,車道劃分-分道3,事故類型及型態,性別,年齡,受傷程度,主要傷處,保護裝置,行動電話,車輛用途,當事者行動狀態,駕駛資格情形,駕駛執照種類,飲酒情形,車輛撞擊部位1,車輛撞擊部位2,肇因碼-個別,肇因碼-主要,個人肇逃否,職業,旅次目的,座標-X,座標-Y
112,6,2,8,40,2,09北投區,北投區明德路與明德路215巷口,0,0,1,2,C03,7,1,5,50,3,1,1,5,4,5,7,4,4,5,5,5,2,16,1,24,2,7,1,1,7,9,3,18,1,14,,23,,1,22,9,121.5217693,25.1125339
112,6,2,8,48,2,09北投區,北投區承德路6段與福國路口,0,0,1,1,C03,8,1,5,40,4,1,1,5,4,5,7,1,1,1,4,4,2,13,1,38,2,9,1,1,7,9,1,10,1,11,,23,,1,22,9,121.5125159,25.1014232
112,6,2,8,48,2,09北投區,北投區承德路6段與福國路口,0,0,1,2,B03,8,1,5,40,4,1,1,5,4,5,7,1,1,1,4,4,2,13,1,36,3,10,1,1,7,15,1,8,1,7,,44,,1,22,9,121.5125159,25.1014232
112,6,2,8,50,2,08士林區,士林區士商路與基河路240巷口,0,0,1,1,B03,8,1,5,50,3,2,1,5,4,5,7,2,1,5,5,5,2,16,1,51,3,10,1,1,7,6,1,8,1,2,,9,,1,22,9,121.5202416,25.0905897
112,6,2,8,50,2,08士林區,士林區士商路與基河路240巷口,0,0,1,2,C04,8,1,5,50,3,2,1,5,4,5,7,2,1,5,5,5,2,16,2,30,2,9,1,1,7,9,1,8,1,11,,44,,1,22,9,121.5202416,25.0905897
112,6,2,8,55,2,12內湖區,內湖區成功路2段115巷47弄與民權東路6段180巷口,0,0,1,1,B03,8,1,5,0,4,1,1,5,4,5,7,4,4,10,5,5,2,16,1,50,3,10,1,1,7,6,1,8,1,8,,44,,1,22,9,121.5925552,25.0650155
112,6,2,8,55,2,12內湖區,內湖區成功路2段115巷47弄與民權東路6段180巷口,0,0,1,2,C03,8,1,5,0,4,1,1,5,4,5,7,4,4,10,5,5,2,16,2,46,2,9,1,1,7,9,1,10,1,11,,14,,1,22,9,121.5925552,25.0650155
112,6,2,9,0,2,07信義區,信義區福德街84巷與福德街口,0,0,2,1,C03,8,1,5,50,4,2,1,5,4,5,7,1,1,1,4,5,2,3,1,43,2,9,1,1,7,9,1,10,1,11,,25,,1,22,9,121.5815274,25.0372275
112,6,2,9,0,2,07信義區,信義區福德街84巷與福德街口,0,0,2,2,H01,8,1,5,50,4,2,1,5,4,5,7,1,1,1,4,5,2,3,2,29,2,9,4,5,8,18,8,20,10,16,,52,,1,22,9,121.5815274,25.0372275
112,6,2,9,5,2,12內湖區,內湖區內湖路1段120巷與內湖路1段203巷口,0,0,1,1,B03,8,1,5,50,4,1,1,5,4,5,7,1,1,1,4,5,2,16,1,31,3,10,1,1,7,6,1,8,2,5,,6,,1,22,9,121.5634663,25.08340049
112,6,2,9,5,2,12內湖區,內湖區內湖路1段120巷與內湖路1段203巷口,0,0,1,2,C03,8,1,5,50,4,1,1,5,4,5,7,1,1,1,4,5,2,16,2,26,2,9,1,1,7,9,1,10,2,14,,44,,1,22,9,121.5634663,25.08340049
112,6,2,9,6,2,12內湖區,內湖區基湖路與瑞光路口,0,0,1,2,C03,8,1,5,50,3,1,1,5,4,5,7,1,1,5,5,5,2,17,2,28,2,9,1,1,7,9,1,10,1,13,,44,,1,22,9,121.5651077,25.08087121
112,6,2,9,6,2,12內湖區,內湖區基湖路與瑞光路口,0,0,1,1,B03,8,1,5,50,3,1,1,5,4,5,7,1,1,5,5,5,2,17,2,48,3,10,1,1,7,15,1,8,1,5,,16,,1,22,9,121.5651077,25.08087121
112,6,2,9,25,2,03中山區,中山區中山橋南向北(河濱自行車牽引道出入口),0,0,1,1,C03,8,1,5,40,8,11,1,5,4,5,7,4,4,2,4,5,1,18,1,64,2,9,1,4,7,9,3,18,5,14,,13,,1,22,9,121.5245764,25.07372
112,6,2,9,25,2,03中山區,中山區中山橋南向北(河濱自行車牽引道出入口),0,0,1,2,,8,1,5,40,8,11,1,5,4,5,7,4,4,2,4,5,1,18,3,0,,,,,,,,,,,,67,,1,,,121.5245764,25.07372
112,6,2,9,30,2,07信義區,信義區福德街268巷29弄,0,0,1,1,C03,8,1,5,30,14,9,1,5,4,5,7,4,4,10,5,5,2,18,2,59,2,9,1,1,7,9,1,10,9,12,,42,,1,21,9,121.5847163,25.039902
112,6,2,9,30,2,07信義區,信義區福德街268巷29弄,0,0,1,2,,8,1,5,30,14,9,1,5,4,5,7,4,4,10,5,5,2,18,3,0,,,,,,,,,,,,67,,1,,,121.5847163,25.039902
112,6,2,9,50,2,02萬華區,萬華區西園路2段與東園街口,0,0,2,1,C03,8,1,5,50,3,1,1,5,4,5,7,1,1,1,4,5,2,12,1,40,2,9,1,1,7,6,1,10,1,12,,9,,1,22,9,121.4952311,25.0280389
112,6,2,9,50,2,02萬華區,萬華區西園路2段與東園街口,0,0,2,2,C03,8,1,5,50,3,1,1,5,4,5,7,1,1,1,4,5,2,12,1,22,2,8,1,1,7,9,1,10,1,11,,13,,1,22,9,121.4952311,25.0280389
112,6,2,9,50,2,12內湖區,內湖區成功交流道與成功路2段115巷口,0,0,1,1,B03,8,1,5,50,5,1,1,5,4,5,7,1,1,1,4,5,2,16,1,36,3,10,1,1,7,6,1,8,2,2,,9,,1,22,9,121.5909716,25.06521327
112,6,2,9,50,2,12內湖區,內湖區成功交流道與成功路2段115巷口,0,0,1,2,C03,8,1,5,50,5,1,1,5,4,5,7,1,1,1,4,5,2,16,1,42,2,9,1,1,7,9,4,10,2,11,,44,,1,22,9,121.5909716,25.06521327
112,6,2,10,5,2,10文山區,文山區辛亥路4段130巷與辛亥路4段口,0,0,1,2,B03,8,1,5,50,3,2,1,5,4,5,7,1,1,1,4,5,2,17,1,67,3,10,1,4,7,9,1,8,1,3,,44,,1,22,9,121.557102,25.0049647
112,6,2,10,5,2,10文山區,文山區辛亥路4段130巷與辛亥路4段口,0,0,1,1,C03,8,1,5,50,3,2,1,5,4,5,7,1,1,1,4,5,2,17,2,21,2,9,1,4,7,9,1,10,1,11,,23,,1,22,9,121.557102,25.0049647
112,6,2,10,5,2,10文山區,文山區辛亥路4段130巷與辛亥路4段口,0,0,1,3,B03,8,1,5,50,3,2,1,5,4,5,7,1,1,1,4,5,2,17,2,39,3,10,1,4,7,9,1,8,1,8,,44,,1,22,9,121.557102,25.0049647
112,6,2,10,20,2,02萬華區,萬華區青年路與國興路口,0,0,2,2,C03,8,1,5,50,4,1,1,5,4,5,7,1,1,10,5,5,2,10,1,27,2,9,1,1,7,9,1,10,1,11,,44,,1,22,9,121.5066042,25.0261801
112,6,2,10,20,2,02萬華區,萬華區青年路與國興路口,0,0,2,1,C03,8,1,5,50,4,1,1,5,4,5,7,1,1,10,5,5,2,10,1,44,2,9,1,1,7,15,1,10,1,11,,23,,1,22,9,121.5066042,25.0261801
112,6,2,11,0,2,08士林區,士林區至善路2段96號燈桿,0,0,1,1,C03,8,1,5,50,14,9,1,5,4,1,7,4,4,10,4,5,2,17,2,64,2,9,1,1,7,7,1,10,2,14,,7,,1,22,9,121.5562731,25.1040055
112,6,2,11,0,2,08士林區,士林區至善路2段96號燈桿,0,0,1,2,B03,8,1,5,50,14,9,1,5,4,1,7,4,4,10,4,5,2,17,2,55,3,10,1,1,7,9,1,8,2,5,,44,,1,22,9,121.5562731,25.1040055
112,6,2,11,0,2,08士林區,士林區至善路2段96號燈桿,0,0,1,3,G03,8,1,5,50,14,9,1,5,4,1,7,4,4,10,4,5,2,17,1,44,3,10,1,1,7,14,1,1,2,7,,44,,1,22,9,121.5562731,25.1040055
112,6,2,11,0,2,08士林區,士林區至善路2段96號燈桿,0,0,1,4,H03,8,1,5,50,14,9,1,5,4,1,7,4,4,10,4,5,2,17,1,36,3,10,4,5,8,20,8,20,10,16,,67,,1,22,9,121.5562731,25.1040055
112,6,2,11,31,2,02萬華區,萬華區忠孝西路2段與西寧南路口,0,0,2,1,C03,8,1,5,50,4,2,1,5,4,5,7,1,1,1,4,5,2,12,2,20,2,9,1,1,7,5,1,10,1,14,,26,,1,22,9,121.5075723,25.04857064
112,6,2,11,31,2,02萬華區,萬華區忠孝西路2段與西寧南路口,0,0,2,2,B03,8,1,5,50,4,2,1,5,4,5,7,1,1,1,4,5,2,12,1,58,3,10,1,1,7,9,1,8,1,6,,25,,1,22,9,121.5075723,25.04857064
112,6,2,11,31,2,02萬華區,萬華區忠孝西路2段與西寧南路口,0,0,2,3,H02,8,1,5,50,4,2,1,5,4,5,7,1,1,1,4,5,2,12,2,20,2,9,1,5,7,21,8,20,10,16,,67,,1,22,9,121.5075723,25.04857064
112,6,2,11,49,2,07信義區,信義區松智路與松高路口,0,0,1,1,B03,8,1,5,50,4,2,1,5,4,5,7,2,1,5,4,5,2,16,2,48,3,10,1,1,7,5,1,8,2,6,,,,1,22,8,121.5655881,25.0390891
112,6,2,11,49,2,07信義區,信義區松智路與松高路口,0,0,1,2,C03,8,1,5,50,4,2,1,5,4,5,7,2,1,5,4,5,2,16,1,69,2,7,1,1,7,9,1,10,2,11,,,,1,22,8,121.5655881,25.0390891
112,6,2,12,15,2,03中山區,中山區北安路490號,0,0,1,2,B03,8,1,5,50,14,9,1,5,4,5,7,4,4,1,4,5,2,13,1,54,3,10,3,4,7,9,1,8,1,3,,,,1,22,9,121.545141,25.0797316
112,6,2,12,15,2,03中山區,中山區北安路490號,0,0,1,1,C03,8,1,5,50,14,9,1,5,4,5,7,4,4,1,4,5,2,13,1,64,2,9,1,4,7,9,1,10,1,11,,,,1,22,9,121.545141,25.0797316
112,6,2,12,25,2,09北投區,北投區公館路209巷8弄2號,0,0,1,1,B03,7,1,5,30,14,9,1,5,4,5,7,4,4,10,5,5,2,17,1,62,3,10,1,1,7,9,1,8,2,4,,44,,1,22,9,121.5078089,25.1276077
112,6,2,12,25,2,09北投區,北投區公館路209巷8弄2號,0,0,1,2,C03,7,1,5,30,14,9,1,5,4,5,7,4,4,10,5,5,2,17,1,83,2,9,1,1,7,1,1,10,2,14,,19,,1,22,9,121.5078089,25.1276077
112,6,2,13,4,2,07信義區,信義區基隆路1段35巷與基隆路1段口口,0,0,2,3,H02,8,1,5,50,4,1,1,5,4,5,7,1,1,1,4,5,2,15,2,20,2,9,3,5,7,21,8,20,10,15,,67,,1,22,9,121.5687438,25.0481549
112,6,2,13,4,2,07信義區,信義區基隆路1段35巷與基隆路1段口口,0,0,2,1,B03,8,1,5,50,4,1,1,5,4,5,7,1,1,1,4,5,2,15,1,38,3,10,3,4,7,9,1,8,1,6,,25,,1,22,9,121.5687438,25.0481549
112,6,2,13,4,2,07信義區,信義區基隆路1段35巷與基隆路1段口口,0,0,2,2,C03,8,1,5,50,4,1,1,5,4,5,7,1,1,1,4,5,2,15,2,20,2,9,3,4,7,9,1,10,1,11,,44,,1,22,9,121.5687438,25.0481549
112,6,2,13,6,2,03中山區,中山區松江路133巷與南京東路2段115巷口,0,0,1,1,B03,8,1,5,30,4,1,1,5,4,5,7,4,4,10,5,5,2,16,1,50,3,10,3,4,7,6,1,8,1,1,,19,,1,22,9,121.5336413,25.05435508
112,6,2,13,6,2,03中山區,中山區松江路133巷與南京東路2段115巷口,0,0,1,2,C03,8,1,5,30,4,1,1,5,4,5,7,4,4,10,5,5,2,16,2,26,2,9,1,1,7,9,1,10,1,12,,14,,1,22,9,121.5336413,25.05435508
112,6,2,13,12,2,09北投區,北投區承德路7段1203684號燈桿,0,0,1,1,C03,8,1,5,50,14,9,1,5,4,5,7,4,4,1,4,5,2,18,1,46,2,9,1,1,7,9,1,10,1,12,,43,,1,22,9,121.5007749,25.11993547
112,6,2,13,12,2,09北投區,北投區承德路7段1203684號燈桿,0,0,1,2,,8,1,5,50,14,9,1,5,4,5,7,4,4,1,4,5,2,18,3,0,,,,,,,,,,,,67,,1,,,121.5007749,25.11993547
112,6,2,13,30,2,03中山區,中山區復興北路與南京東路3段口,0,0,1,1,C03,8,1,5,50,14,9,1,5,4,5,7,1,1,1,4,5,2,16,1,42,2,9,1,4,7,9,1,10,1,11,,16,,1,22,9,121.5439521,25.0521802
112,6,2,13,30,2,03中山區,中山區復興北路與南京東路3段口,0,0,1,2,B03,8,1,5,50,14,9,1,5,4,5,7,1,1,1,4,5,2,16,1,26,3,10,3,4,7,9,1,8,1,3,,44,,1,22,9,121.5439521,25.0521802
112,6,2,13,35,2,05中正區,中正區中山南路與信義路1段口,0,0,1,2,C03,8,1,5,50,5,1,1,5,4,5,7,1,1,10,4,5,2,17,2,27,2,9,1,4,7,1,1,10,11,12,,44,,1,22,9,121.517782,25.0385873
112,6,2,13,35,2,05中正區,中正區中山南路與信義路1段口,0,0,1,1,B12,8,1,5,50,5,1,1,5,4,5,7,1,1,10,4,5,2,17,1,39,3,10,3,4,7,15,1,8,11,15,,25,,1,22,9,121.517782,25.0385873
112,6,2,13,50,2,12內湖區,內湖區成功路3段與康寧路1段口,0,0,1,1,C03,7,1,5,50,4,1,1,5,4,5,7,1,1,1,4,5,2,3,2,43,3,10,1,1,7,9,1,10,2,12,,15,,1,22,9,121.5910667,25.08072499
112,6,2,13,50,2,12內湖區,內湖區成功路3段與康寧路1段口,0,0,1,2,H01,7,1,5,50,4,1,1,5,4,5,7,1,1,1,4,5,2,3,2,24,2,9,4,5,8,16,8,20,10,16,,67,,1,22,9,121.5910667,25.08072499
112,6,2,13,52,2,11南港區,南港區惠民街67號,0,0,1,1,B02,8,1,5,30,14,9,1,5,4,5,6,4,4,10,4,5,2,17,1,42,3,10,1,4,7,11,1,8,1,8,,10,,1,22,9,121.610126,25.0574474
112,6,2,13,52,2,11南港區,南港區惠民街67號,0,0,1,2,C03,8,1,5,30,14,9,1,5,4,5,6,4,4,10,4,5,2,17,1,31,2,9,1,4,7,9,1,10,1,11,,44,,1,22,9,121.610126,25.0574474
112,6,2,13,52,2,07信義區,信義區市民大道6段36號,0,0,1,1,C03,8,1,5,40,14,9,1,5,4,5,7,4,4,9,4,4,2,16,1,25,2,9,1,1,7,6,1,10,2,12,,9,,1,21,8,121.5703884,25.0491816
112,6,2,13,52,2,07信義區,信義區市民大道6段36號,0,0,1,2,C03,8,1,5,40,14,9,1,5,4,5,7,4,4,9,4,4,2,16,1,33,3,10,1,1,7,9,6,10,2,11,,13,,1,21,8,121.5703884,25.0491816
112,6,2,14,3,2,08士林區,士林區延平北路5段83巷與葫蘆街30巷口,0,0,1,1,C03,8,1,5,30,4,1,1,5,4,5,7,4,4,10,5,5,2,17,1,48,2,9,1,1,7,9,1,10,2,12,,6,,1,22,9,121.5101865,25.08094539
112,6,2,14,3,2,08士林區,士林區延平北路5段83巷與葫蘆街30巷口,0,0,1,2,B03,8,1,5,30,4,1,1,5,4,5,7,4,4,10,5,5,2,17,1,68,3,10,1,1,7,9,1,8,2,1,,44,,1,22,9,121.5101865,25.08094539
112,6,2,14,10,2,07信義區,信義區永吉路326巷與永吉路口,0,0,1,2,C03,8,1,5,50,4,1,1,5,4,5,7,1,1,1,4,4,2,16,1,67,2,8,1,1,7,9,1,10,1,11,,44,,1,22,9,121.5755816,25.0454522
112,6,2,14,10,2,07信義區,信義區永吉路326巷與永吉路口,0,0,1,1,B01,8,1,5,50,4,1,1,5,4,5,7,1,1,1,4,4,2,16,1,61,3,10,1,1,7,11,1,4,1,2,,10,,1,22,9,121.5755816,25.0454522
112,6,2,14,15,2,08士林區,士林區通河西街1段與通河西街1段口堤外便道南側臨時平面停車場,0,0,1,1,B01,8,1,5,50,4,1,1,5,4,5,7,4,4,5,5,5,1,12,1,48,3,10,1,1,7,4,1,4,1,6,,1,,1,22,9,121.5126773,25.0858571
112,6,2,14,15,2,08士林區,士林區通河西街1段與通河西街1段口堤外便道南側臨時平面停車場,0,0,1,2,C03,8,1,5,50,4,1,1,5,4,5,7,4,4,5,5,5,1,12,1,26,2,9,1,1,7,5,1,10,1,11,,44,,1,22,9,121.5126773,25.0858571
112,6,2,14,21,2,04大安區,大安區信義路4段179號前,0,0,1,1,B02,8,1,5,50,14,9,1,5,4,3,5,4,4,8,3,5,1,17,1,48,2,1,1,1,7,15,1,4,2,8,,22,,1,10,4,121.5506833,25.03333176
112,6,2,14,21,2,04大安區,大安區信義路4段179號前,0,0,1,2,B03,8,1,5,50,14,9,1,5,4,3,5,4,4,8,3,5,1,17,1,24,3,10,1,1,7,14,1,8,2,6,,38,,1,21,5,121.5506833,25.03333176
112,6,2,15,0,2,06松山區,松山區撫遠街251號對面,0,0,1,1,,8,1,5,0,14,9,1,5,4,5,7,4,4,1,3,5,2,9,3,15,,,,,,,,,,,,60,,1,,,121.5672147,25.06046441
112,6,2,15,0,2,06松山區,松山區撫遠街251號對面,0,0,1,3,B12,8,1,5,0,14,9,1,5,4,5,7,4,4,1,3,5,2,9,1,37,3,10,3,1,7,13,1,8,1,7,,44,,1,9,3,121.5672147,25.06046441
112,6,2,15,0,2,06松山區,松山區撫遠街251號對面,0,0,1,2,C03,8,1,5,0,14,9,1,5,4,5,7,4,4,1,3,5,2,9,2,64,2,9,1,1,7,9,3,18,1,11,,44,,1,19,5,121.5672147,25.06046441
112,6,2,15,16,2,09北投區,北投區中央北路2段257巷與中央北路2段257巷口引道,0,0,1,1,C03,8,1,5,50,3,1,1,5,4,5,7,4,4,10,5,5,1,16,1,69,2,9,1,1,7,5,1,10,1,12,,6,,1,22,9,121.4906207,25.13706586
112,6,2,15,16,2,09北投區,北投區中央北路2段257巷與中央北路2段257巷口引道,0,0,1,2,B03,8,1,5,50,3,1,1,5,4,5,7,4,4,10,5,5,1,16,1,33,3,10,1,1,7,9,1,8,1,8,,44,,1,22,9,121.4906207,25.13706586
112,6,2,15,25,2,05中正區,中正區寧波西街與中華路2段443巷33弄口,0,0,1,1,B03,8,1,5,30,4,1,1,5,4,5,7,4,4,10,5,5,2,14,1,41,3,10,1,1,7,2,1,8,11,7,,12,,1,22,9,121.5104079,25.02548665
112,6,2,15,25,2,05中正區,中正區寧波西街與中華路2段443巷33弄口,0,0,1,2,C03,8,1,5,30,4,1,1,5,4,5,7,4,4,10,5,5,2,14,1,20,2,9,1,1,7,9,1,10,11,12,,14,,1,22,9,121.5104079,25.02548665
112,6,2,15,28,2,05中正區,中正區汀州路3段與羅斯福路4段108巷口,0,0,1,1,B12,8,1,5,50,3,2,1,5,4,5,7,4,4,5,5,5,2,13,1,61,3,10,3,4,7,9,1,8,1,8,,23,,1,22,9,121.5347979,25.0132433
112,6,2,15,28,2,05中正區,中正區汀州路3段與羅斯福路4段108巷口,0,0,1,2,C03,8,1,5,50,3,2,1,5,4,5,7,4,4,5,5,5,2,13,2,38,2,8,1,1,7,14,1,10,1,13,,44,,1,22,9,121.5347979,25.0132433
112,6,2,16,0,2,03中山區,中山區民族東路55號,0,0,2,2,C03,8,1,5,50,14,8,1,5,4,5,7,4,4,3,4,4,2,12,1,57,2,8,3,4,7,9,1,10,2,14,,13,,1,22,9,121.5345271,25.06829522
112,6,2,16,0,2,03中山區,中山區民族東路55號,0,0,2,3,B03,8,1,5,50,14,8,1,5,4,5,7,4,4,3,4,4,2,12,2,32,3,10,3,4,7,13,1,8,11,3,,44,,1,22,9,121.5345271,25.06829522
112,6,2,16,0,2,03中山區,中山區民族東路55號,0,0,2,1,C03,8,1,5,50,14,8,1,5,4,5,7,4,4,3,4,4,2,12,1,29,2,8,3,4,7,8,1,9,2,12,,7,,1,22,9,121.5345271,25.06829522
112,6,2,16,5,2,05中正區,中正區忠孝東路2段134巷(忠孝新生捷運站2號出口),0,0,1,2,C03,8,1,5,0,14,9,1,5,4,3,5,4,4,7,5,5,2,6,1,47,3,10,1,1,7,9,1,10,2,11,,44,,1,22,9,121.5319907,25.04222574
112,6,2,16,5,2,05中正區,中正區忠孝東路2段134巷(忠孝新生捷運站2號出口),0,0,1,4,B03,8,1,5,0,14,9,1,5,4,3,5,4,4,7,5,5,2,6,2,45,3,10,1,1,7,14,1,8,11,15,,44,,1,22,9,121.5319907,25.04222574
112,6,2,16,5,2,05中正區,中正區忠孝東路2段134巷(忠孝新生捷運站2號出口),0,0,1,3,B02,8,1,5,0,14,9,1,5,4,3,5,4,4,7,5,5,2,6,1,66,3,10,1,1,7,13,1,4,11,15,,44,,1,22,9,121.5319907,25.04222574
112,6,2,16,5,2,05中正區,中正區忠孝東路2段134巷(忠孝新生捷運站2號出口),0,0,1,1,H01,8,1,5,0,14,9,1,5,4,3,5,4,4,7,5,5,2,6,1,6,2,9,4,5,8,18,8,20,10,16,,67,,1,22,9,121.5319907,25.04222574
112,6,2,16,22,2,12內湖區,內湖區新湖一路與行善路48巷口,0,0,1,1,C03,8,1,5,50,4,1,1,5,4,5,7,4,4,5,5,5,2,15,2,47,2,9,1,1,7,9,1,10,1,12,,6,,1,22,9,121.5748398,25.0584406
112,6,2,16,22,2,12內湖區,內湖區新湖一路與行善路48巷口,0,0,1,2,B03,8,1,5,50,4,1,1,5,4,5,7,4,4,5,5,5,2,15,1,39,3,10,1,1,7,9,1,8,1,4,,23,,1,22,9,121.5748398,25.0584406
112,6,2,16,26,2,09北投區,北投區中央北路2段與稻香路口,0,0,1,2,B01,8,1,5,0,5,2,1,5,4,5,7,2,1,9,4,5,2,17,1,41,3,10,1,1,7,9,1,8,1,7,,23,,1,22,9,121.4914018,25.1384903
112,6,2,16,26,2,09北投區,北投區中央北路2段與稻香路口,0,0,1,1,F01,8,1,5,0,5,2,1,5,4,5,7,2,1,9,4,5,2,17,2,41,2,9,1,1,7,21,8,20,1,16,,26,,1,22,9,121.4914018,25.1384903
112,6,2,16,35,2,08士林區,士林區中山北路4段與通河街口,0,0,1,2,C03,8,1,5,50,3,1,1,5,4,5,7,2,1,1,2,5,2,12,1,24,2,9,1,1,7,9,1,10,1,14,,14,,1,22,9,121.5242182,25.0799556
112,6,2,16,35,2,08士林區,士林區中山北路4段與通河街口,0,0,1,1,B03,8,1,5,50,3,1,1,5,4,5,7,2,1,1,2,5,2,12,2,21,3,10,1,1,7,6,1,8,1,2,,9,,1,22,9,121.5242182,25.0799556
112,6,2,16,36,2,08士林區,士林區中正路與志成街口,0,0,1,1,C03,8,1,5,50,3,2,1,5,4,5,7,2,1,1,4,4,1,17,2,18,2,9,1,1,7,9,1,10,11,11,,23,,1,22,9,121.5302662,25.09626703
112,6,2,16,36,2,08士林區,士林區中正路與志成街口,0,0,1,2,H01,8,1,5,50,3,2,1,5,4,5,7,2,1,1,4,4,1,17,4,0,4,11,3,4,7,15,7,19,11,15,,43,,2,22,9,121.5302662,25.09626703
112,6,2,16,45,2,09北投區,北投區光明路63號,0,0,1,1,B02,8,1,5,50,14,9,1,5,4,5,7,4,4,5,4,5,2,1,1,32,3,10,1,1,7,9,1,8,2,3,,35,,1,22,9,121.5001029,25.13291166
112,6,2,16,45,2,09北投區,北投區光明路63號,0,0,1,2,H01,8,1,5,50,14,9,1,5,4,5,7,4,4,5,4,5,2,1,1,54,2,9,4,5,8,16,8,20,10,16,,60,,1,22,9,121.5001029,25.13291166
112,6,2,17,10,2,12內湖區,內湖區民權東路6段與舊宗路1段口,0,0,1,1,C03,8,3,5,50,4,1,1,5,4,5,7,1,1,1,4,5,2,16,2,24,2,9,1,1,7,9,1,10,1,11,,25,,1,22,9,121.5752553,25.06564039
112,6,2,17,10,2,12內湖區,內湖區民權東路6段與舊宗路1段口,0,0,1,2,B03,8,3,5,50,4,1,1,5,4,5,7,1,1,1,4,5,2,16,2,50,3,10,1,1,7,9,1,8,1,2,,44,,1,22,9,121.5752553,25.06564039
112,6,2,17,14,2,10文山區,文山區木新路3段與忠順街1段26巷口,0,0,2,1,C03,8,2,5,50,3,2,1,5,4,5,7,2,1,5,4,5,2,13,1,18,3,10,3,4,7,11,1,10,2,13,,10,,1,22,9,121.560095,24.98158174
112,6,2,17,14,2,10文山區,文山區木新路3段與忠順街1段26巷口,0,0,2,2,C03,8,2,5,50,3,2,1,5,4,5,7,2,1,5,4,5,2,13,1,63,2,9,3,4,7,9,1,10,2,11,,16,,1,22,9,121.560095,24.98158174
112,6,2,17,14,2,10文山區,文山區木新路3段與忠順街1段26巷口,0,0,2,3,H02,8,2,5,50,3,2,1,5,4,5,7,2,1,5,4,5,2,13,2,63,2,9,3,4,7,21,8,20,10,16,,67,,1,22,9,121.560095,24.98158174
112,6,2,17,15,1,07信義區,信義區信安街67巷81號,1,0,1,1,C03,8,1,5,0,14,9,1,5,4,5,7,4,4,9,4,4,2,16,2,28,2,9,1,1,7,5,1,10,2,14,,6,,1,22,9,121.5593917,25.025932
112,6,2,17,15,1,07信義區,信義區信安街67巷81號,1,0,1,2,C03,8,1,5,0,14,9,1,5,4,5,7,4,4,9,4,4,2,16,1,55,1,1,1,1,7,9,1,10,2,11,,44,,1,22,9,121.5593917,25.025932
112,6,2,17,30,2,12內湖區,內湖區成功路2段往北方向38號停車格,0,0,1,1,C03,8,3,5,50,14,9,1,5,4,5,7,4,4,1,4,5,1,12,2,50,2,9,3,4,7,9,1,10,1,12,,23,,1,22,9,121.5902571,25.07673771
112,6,2,17,30,2,12內湖區,內湖區成功路2段往北方向38號停車格,0,0,1,2,B03,8,3,5,50,14,9,1,5,4,5,7,4,4,1,4,5,1,12,1,24,3,10,3,4,7,13,1,8,1,7,,44,,1,22,9,121.5902571,25.07673771
112,6,2,17,48,2,07信義區,信義區福德街300巷與福德街310巷9弄口,0,0,1,2,C03,8,1,5,30,4,1,1,5,4,5,7,4,4,10,5,5,2,16,2,60,3,10,1,1,7,9,1,10,2,14,,14,,1,22,9,121.5868117,25.0399994
112,6,2,17,48,2,07信義區,信義區福德街300巷與福德街310巷9弄口,0,0,1,1,C03,8,1,5,30,4,1,1,5,4,5,7,4,4,10,5,5,2,16,2,65,2,9,1,1,7,9,1,10,2,11,,6,,1,22,9,121.5868117,25.0399994
112,6,2,17,52,2,02萬華區,萬華區西園路2段與艋舺大道口,0,0,2,3,H02,8,1,5,50,3,2,1,5,4,5,7,4,4,1,4,5,2,17,2,26,2,9,1,5,7,20,8,20,10,16,,67,,1,22,9,121.497864,25.03278554
112,6,2,17,52,2,02萬華區,萬華區西園路2段與艋舺大道口,0,0,2,1,C03,8,1,5,50,3,2,1,5,4,5,7,4,4,1,4,5,2,17,2,70,2,3,1,1,7,6,1,10,1,14,,6,,1,22,9,121.497864,25.03278554
112,6,2,17,52,2,02萬華區,萬華區西園路2段與艋舺大道口,0,0,2,2,C03,8,1,5,50,3,2,1,5,4,5,7,4,4,1,4,5,2,17,1,30,3,10,1,1,7,9,1,10,1,11,,14,,1,22,9,121.497864,25.03278554
112,6,2,18,0,2,04大安區,大安區光復南路與光復南路346巷口口,0,0,1,1,C03,7,1,5,50,3,2,1,5,4,5,7,4,4,1,4,4,1,12,1,60,3,10,1,1,7,8,1,10,1,12,,7,,1,22,9,121.5575381,25.03840435
112,6,2,18,0,2,04大安區,大安區光復南路與光復南路346巷口口,0,0,1,2,C03,7,1,5,50,3,2,1,5,4,5,7,4,4,1,4,4,1,12,1,55,2,9,1,1,7,9,1,10,1,14,,44,,1,22,9,121.5575381,25.03840435
112,6,2,18,10,2,08士林區,士林區重陽橋上往三重機車道,0,0,2,1,C03,8,1,5,40,14,11,1,5,4,5,7,4,4,1,4,1,2,13,1,43,2,8,1,1,7,9,1,10,1,11,,,,1,21,8,121.506756,25.08618906
112,6,2,18,10,2,08士林區,士林區重陽橋上往三重機車道,0,0,2,2,C03,8,1,5,40,14,11,1,5,4,5,7,4,4,1,4,1,2,13,1,54,2,9,1,1,7,9,1,10,1,13,,,,1,21,8,121.506756,25.08618906