發生年度,發生月,發生日,發生時-Hours,發生分,處理別-編號,區序,肇事地點,死亡人數,2-30日死亡人數,受傷人數,當事人序號,車種,天候,光線,道路類別,速限-速度限制,道路型態,事故位置,路面狀況1,路面狀況2,路面狀況3,道路障礙1,道路障礙2,號誌1,號誌2,車道劃分-分向,車道劃分-分道1,車道劃分-分道2,車道劃分-分道3,事故類型及型態,性別,年齡,受傷程度,主要傷處,保護裝置,行動電話,車輛用途,當事者行動狀態,駕駛資格情形,駕駛執照種類,飲酒情形,車輛撞擊部位1,車輛撞擊部位2,肇因碼-個別,肇因碼-主要,個人肇逃否,職業,旅次目的,座標-X,座標-Y
112,6,2,18,17,2,08士林區,士林區大南路與承德路4段口,0,0,1,2,C03,8,1,5,50,14,9,1,5,4,5,7,4,4,5,5,5,2,17,1,72,2,9,1,1,7,15,1,9,2,11,,4,,1,22,9,121.5219186,25.0891221
112,6,2,18,17,2,08士林區,士林區大南路與承德路4段口,0,0,1,1,B03,8,1,5,50,14,9,1,5,4,5,7,4,4,5,5,5,2,17,1,25,3,10,1,1,7,5,1,8,2,8,,26,,1,22,9,121.5219186,25.0891221
112,6,2,18,20,2,05中正區,中正區金山南路1段53巷38號與臨沂街口,0,0,1,1,B03,7,1,5,50,4,1,1,5,4,5,7,4,4,10,5,5,2,16,1,50,3,10,1,4,7,9,1,8,1,5,,6,,1,22,9,121.5294523,25.0389848
112,6,2,18,20,2,05中正區,中正區金山南路1段53巷38號與臨沂街口,0,0,1,2,C03,7,1,5,50,4,1,1,5,4,5,7,4,4,10,5,5,2,16,1,59,2,9,1,4,7,9,1,10,1,11,,14,,1,22,9,121.5294523,25.0389848
112,6,2,18,28,2,03中山區,中山區錦州街42號,0,0,1,1,B01,7,3,5,50,14,9,1,5,4,5,7,4,4,4,5,5,1,17,4,0,4,11,3,4,7,15,7,19,11,15,,43,,2,22,9,121.525381,25.06027992
112,6,2,18,28,2,03中山區,中山區錦州街42號,0,0,1,2,C03,7,3,5,50,14,9,1,5,4,5,7,4,4,4,5,5,1,17,1,30,2,8,3,4,7,9,1,10,1,15,,44,,1,22,9,121.525381,25.06027992
112,6,2,18,28,2,03中山區,中山區錦州街42號,0,0,1,3,H02,7,3,5,50,14,9,1,5,4,5,7,4,4,4,5,5,1,17,1,43,3,10,4,5,7,21,8,20,10,16,,67,,1,22,9,121.525381,25.06027992
112,6,2,18,37,2,08士林區,士林區中正路陽明高中前,0,0,1,1,B03,8,1,5,50,14,9,1,5,4,5,7,4,4,1,4,5,1,16,2,35,3,10,1,1,7,8,1,8,1,6,,7,,1,21,8,121.5172443,25.09161878
112,6,2,18,37,2,08士林區,士林區中正路陽明高中前,0,0,1,2,C03,8,1,5,50,14,9,1,5,4,5,7,4,4,1,4,5,1,16,1,52,2,9,1,1,7,9,1,10,1,14,,44,,1,21,8,121.5172443,25.09161878
112,6,2,19,0,2,05中正區,中正區仁愛路2段與新生南路1段口,0,0,1,2,C03,8,3,5,50,4,1,1,5,4,5,7,1,1,1,5,5,2,17,2,30,2,9,1,1,7,15,1,10,2,13,,44,,1,22,9,121.5326369,25.0383868
112,6,2,19,0,2,05中正區,中正區仁愛路2段與新生南路1段口,0,0,1,1,B03,8,3,5,50,4,1,1,5,4,5,7,1,1,1,5,5,2,17,2,46,3,10,1,1,7,6,1,8,2,8,,23,,1,22,9,121.5326369,25.0383868
112,6,2,19,44,2,02萬華區,萬華區堤外便道中興橋下龍山第081號燈桿),0,0,1,1,C03,7,3,5,40,14,11,1,5,4,5,7,4,4,4,1,5,1,29,1,61,2,9,1,1,7,9,1,10,1,12,,13,,1,22,9,121.5003903,25.04390621
112,6,2,19,44,2,02萬華區,萬華區堤外便道中興橋下龍山第081號燈桿),0,0,1,2,,7,3,5,40,14,11,1,5,4,5,7,4,4,4,1,5,1,29,3,0,,,,,,,,,,,,67,,1,,,121.5003903,25.04390621
112,6,2,20,57,2,01大同區,大同區重慶北路2段與民權西路口(東南角),0,0,1,1,C03,8,3,5,50,14,9,1,5,4,5,7,1,1,8,3,5,1,13,1,25,2,9,1,1,7,9,1,10,1,11,,16,,1,22,9,121.5138373,25.0629259
112,6,2,20,57,2,01大同區,大同區重慶北路2段與民權西路口(東南角),0,0,1,2,C03,8,3,5,50,14,9,1,5,4,5,7,1,1,8,3,5,1,13,1,25,3,10,1,1,7,9,1,10,1,13,,44,,1,22,9,121.5138373,25.0629259
112,6,2,21,8,2,04大安區,大安區永康街13巷與信義路2段198巷口口,0,0,1,1,B01,8,1,5,30,4,1,1,5,4,5,7,4,4,10,5,5,1,15,1,51,3,10,1,1,7,9,1,4,1,1,,6,,1,22,9,121.5305539,25.0327528
112,6,2,21,8,2,04大安區,大安區永康街13巷與信義路2段198巷口口,0,0,1,2,C03,8,1,5,30,4,1,1,5,4,5,7,4,4,10,5,5,1,15,2,49,2,9,1,1,7,9,1,10,1,14,,44,,1,22,9,121.5305539,25.0327528
112,6,2,21,32,2,04大安區,大安區仁愛路3段與建國南路1段口,0,0,1,1,B02,7,3,5,50,4,1,1,5,4,5,7,2,1,9,3,4,2,16,1,29,3,10,1,1,7,6,1,8,1,2,,9,,1,22,9,121.5380688,25.0382357
112,6,2,21,32,2,04大安區,大安區仁愛路3段與建國南路1段口,0,0,1,2,C03,7,3,5,50,4,1,1,5,4,5,7,2,1,9,3,4,2,16,1,19,3,10,1,1,7,9,1,10,1,14,,44,,1,22,9,121.5380688,25.0382357
112,6,2,21,32,2,04大安區,大安區仁愛路3段與建國南路1段口,0,0,1,3,H02,7,3,5,50,4,1,1,5,4,5,7,2,1,9,3,4,2,16,2,19,2,8,1,5,7,20,8,20,10,16,,67,,1,22,9,121.5380688,25.0382357
112,6,2,22,23,2,03中山區,中山區南京東路3段89巷15弄與南京東路3段89巷口,0,0,1,2,C03,8,3,5,30,4,2,1,5,4,5,7,4,4,10,5,5,2,15,1,28,2,9,3,4,7,9,1,10,2,11,,13,,1,22,9,121.5385809,25.0531894
112,6,2,22,23,2,03中山區,中山區南京東路3段89巷15弄與南京東路3段89巷口,0,0,1,1,B03,8,3,5,30,4,2,1,5,4,5,7,4,4,10,5,5,2,15,2,20,3,10,3,4,7,9,1,8,2,8,,6,,1,22,9,121.5385809,25.0531894
112,6,2,22,39,2,12內湖區,內湖區內湖路1段737巷與內湖路1段口,0,0,2,1,B03,8,3,5,50,4,2,1,5,4,5,7,2,1,1,4,5,2,17,1,24,2,7,1,1,7,9,6,8,2,5,,,,1,22,9,121.5783757,25.07890634
112,6,2,22,39,2,12內湖區,內湖區內湖路1段737巷與內湖路1段口,0,0,2,2,B01,8,3,5,50,4,2,1,5,4,5,7,2,1,1,4,5,2,17,1,63,2,2,1,3,7,15,1,4,2,7,,,,1,22,9,121.5783757,25.07890634
112,6,2,22,40,2,05中正區,中正區市民大道2段天津到林森公車站,0,0,1,3,A02,8,3,5,40,14,9,1,5,4,5,7,4,4,1,4,5,2,12,1,52,3,10,1,1,7,3,1,2,1,7,,44,,1,22,9,121.5229528,25.047772
112,6,2,22,40,2,05中正區,中正區市民大道2段天津到林森公車站,0,0,1,1,C03,8,3,5,40,14,9,1,5,4,5,7,4,4,1,4,5,2,12,2,24,2,9,1,1,7,7,1,10,1,13,,7,,1,22,9,121.5229528,25.047772
112,6,2,22,40,2,05中正區,中正區市民大道2段天津到林森公車站,0,0,1,2,B02,8,3,5,40,14,9,1,5,4,5,7,4,4,1,4,5,2,12,1,26,3,10,1,1,7,9,1,8,1,1,,44,,1,22,9,121.5229528,25.047772
112,6,3,0,56,2,01大同區,大同區環河北路2段與昌吉街口,0,0,2,1,B03,8,3,5,50,3,2,1,5,4,5,7,4,4,8,3,5,1,16,1,20,3,10,1,1,7,6,1,8,2,6,,9,,1,22,9,121.5090489,25.06583025
112,6,3,0,56,2,01大同區,大同區環河北路2段與昌吉街口,0,0,2,2,C03,8,3,5,50,3,2,1,5,4,5,7,4,4,8,3,5,1,16,2,28,2,9,1,1,7,9,1,10,2,11,,44,,1,22,9,121.5090489,25.06583025
112,6,3,0,56,2,01大同區,大同區環河北路2段與昌吉街口,0,0,2,3,H02,8,3,5,50,3,2,1,5,4,5,7,4,4,8,3,5,1,16,1,27,2,7,1,5,7,20,8,20,10,16,,67,,1,22,9,121.5090489,25.06583025
112,6,3,1,22,2,03中山區,中山區松江路137號,0,0,1,1,B01,7,3,5,50,14,9,1,5,4,5,7,2,1,1,5,5,1,12,1,57,3,10,3,4,7,8,1,3,1,5,,7,,1,22,9,121.5332118,25.0549591
112,6,3,1,22,2,03中山區,中山區松江路137號,0,0,1,2,C03,7,3,5,50,14,9,1,5,4,5,7,2,1,1,5,5,1,12,2,19,2,9,3,4,7,9,1,10,1,14,,44,,1,22,9,121.5332118,25.0549591
112,6,3,1,40,2,03中山區,中山區建國北路2段與長春路口,0,0,1,1,B12,7,3,5,50,4,2,1,5,4,5,7,2,1,5,4,5,1,9,1,33,3,10,1,1,7,5,1,8,2,8,,,,1,22,9,121.5366494,25.05465955
112,6,3,1,40,2,03中山區,中山區建國北路2段與長春路口,0,0,1,2,H01,7,3,5,50,4,2,1,5,4,5,7,2,1,5,4,5,1,9,1,42,2,1,4,5,8,16,8,20,10,16,,,,1,22,9,121.5366494,25.05465955
112,6,3,5,19,2,02萬華區,萬華區環河南路2段與西藏路口,0,0,1,2,C03,8,1,5,50,3,1,1,5,4,5,7,2,1,1,4,5,2,17,1,27,2,7,1,4,7,9,1,9,1,12,,44,,1,22,9,121.4901378,25.0305729
112,6,3,5,19,2,02萬華區,萬華區環河南路2段與西藏路口,0,0,1,1,B12,8,1,5,50,3,1,1,5,4,5,7,2,1,1,4,5,2,17,1,82,4,11,3,4,7,15,7,19,9,15,,10,,2,22,9,121.4901378,25.0305729
112,6,3,6,8,2,04大安區,大安區和平東路1段22號,0,0,3,2,C03,8,1,5,50,14,9,1,5,4,5,7,2,1,9,4,5,2,13,1,39,2,9,2,1,7,15,1,10,1,13,,44,,1,22,9,121.523679,25.026894
112,6,3,6,8,2,04大安區,大安區和平東路1段22號,0,0,3,1,C03,8,1,5,50,14,9,1,5,4,5,7,2,1,9,4,5,2,13,2,51,2,9,1,1,7,9,1,10,1,11,,16,,1,22,9,121.523679,25.026894
112,6,3,6,8,2,04大安區,大安區和平東路1段22號,0,0,3,3,H02,8,1,5,50,14,9,1,5,4,5,7,2,1,9,4,5,2,13,2,39,2,9,1,5,7,20,8,20,10,16,,67,,1,22,9,121.523679,25.026894
112,6,3,6,30,2,09北投區,北投區中央北路4段與中央北路4段515巷口,0,0,2,1,C03,8,1,5,50,3,1,1,5,4,5,7,1,1,5,4,5,1,11,2,21,2,9,1,1,7,5,1,10,1,11,,26,,1,22,9,121.4682675,25.1281579
112,6,3,6,30,2,09北投區,北投區中央北路4段與中央北路4段515巷口,0,0,2,2,C03,8,1,5,50,3,1,1,5,4,5,7,1,1,5,4,5,1,11,2,25,2,9,1,1,7,4,1,10,1,11,,1,,1,22,9,121.4682675,25.1281579
112,6,3,7,15,2,09北投區,北投區大度路1段(西向東過一迴後),0,0,1,1,,8,1,5,0,14,9,1,5,4,5,7,4,4,1,4,5,2,17,4,0,4,11,3,4,7,15,7,19,11,15,,43,,2,22,9,121.4989211,25.12105702
112,6,3,7,15,2,09北投區,北投區大度路1段(西向東過一迴後),0,0,1,2,C03,8,1,5,0,14,9,1,5,4,5,7,4,4,1,4,5,2,17,1,62,2,9,1,1,7,9,1,10,11,11,,43,,1,22,9,121.4989211,25.12105702
112,6,3,7,33,2,07信義區,信義區林口街24巷與福德街60巷口,0,0,1,1,C03,8,1,5,30,4,1,1,5,4,5,7,4,4,10,5,5,2,15,2,48,3,10,1,1,7,9,1,10,2,12,,6,,1,22,9,121.5801685,25.0376865
112,6,3,7,33,2,07信義區,信義區林口街24巷與福德街60巷口,0,0,1,2,C03,8,1,5,30,4,1,1,5,4,5,7,4,4,10,5,5,2,15,1,38,2,9,1,1,7,9,1,10,2,11,,14,,1,22,9,121.5801685,25.0376865
112,6,3,8,0,2,08士林區,士林區自強隧道士林往中山,0,0,2,1,C03,8,3,5,50,6,9,1,5,4,5,7,4,4,1,1,5,1,13,2,22,2,9,1,4,7,9,1,10,1,11,,16,,1,22,9,121.5485344,25.0942424
112,6,3,8,0,2,08士林區,士林區自強隧道士林往中山,0,0,2,2,C03,8,3,5,50,6,9,1,5,4,5,7,4,4,1,1,5,1,13,1,27,2,9,1,4,7,9,1,10,1,13,,44,,1,22,9,121.5485344,25.0942424
112,6,3,8,26,2,10文山區,文山區羅斯福路6段391號,0,0,1,2,H02,8,1,5,50,14,9,1,5,4,5,7,4,4,1,4,5,2,9,2,66,2,5,4,5,7,19,8,20,10,16,,67,,1,22,9,121.5406839,24.9923487
112,6,3,8,26,2,10文山區,文山區羅斯福路6段391號,0,0,1,1,A02,8,1,5,50,14,9,1,5,4,5,7,4,4,1,4,5,2,9,1,47,3,10,1,1,7,1,1,2,2,15,,19,,1,22,9,121.5406839,24.9923487
112,6,3,8,27,2,06松山區,松山區市民大道4段與延吉街口,0,0,2,1,C03,8,1,5,40,4,1,1,5,4,5,7,1,1,1,4,5,2,13,1,28,3,10,1,1,7,8,3,18,1,12,,7,,1,22,9,121.5538027,25.04448989
112,6,3,8,27,2,06松山區,松山區市民大道4段與延吉街口,0,0,2,2,C05,8,1,5,40,4,1,1,5,4,5,7,1,1,1,4,5,2,13,2,34,2,9,1,1,7,9,1,10,1,11,,44,,1,22,9,121.5538027,25.04448989
112,6,3,8,27,2,06松山區,松山區市民大道4段與延吉街口,0,0,2,3,C03,8,1,5,40,4,1,1,5,4,5,7,1,1,1,4,5,2,13,2,39,2,9,1,1,7,9,1,10,9,11,,16,,1,22,9,121.5538027,25.04448989
112,6,3,8,30,2,09北投區,北投區公館路160號,0,0,2,2,C03,8,1,5,50,14,9,1,5,4,5,7,4,4,10,5,5,2,16,2,28,2,9,1,1,7,9,1,10,1,11,,44,,1,22,9,121.5060546,25.12913406
112,6,3,8,30,2,09北投區,北投區公館路160號,0,0,2,1,C03,8,1,5,50,14,9,1,5,4,5,7,4,4,10,5,5,2,16,1,26,2,9,1,1,7,5,1,10,1,12,,8,,1,22,9,121.5060546,25.12913406
112,6,3,8,30,2,12內湖區,內湖區康寧路3段245巷30號,0,0,2,3,H02,8,1,5,50,14,9,1,5,4,5,7,4,4,5,5,5,2,12,2,6,2,9,1,5,7,21,8,20,10,16,,67,,1,22,9,121.612412,25.06686356
112,6,3,8,30,2,12內湖區,內湖區康寧路3段245巷30號,0,0,2,1,C03,8,1,5,50,14,9,1,5,4,5,7,4,4,5,5,5,2,12,2,38,2,9,1,1,7,8,1,10,1,13,,4,,1,22,9,121.612412,25.06686356
112,6,3,8,30,2,12內湖區,內湖區康寧路3段245巷30號,0,0,2,2,B12,8,1,5,50,14,9,1,5,4,5,7,4,4,5,5,5,2,12,1,56,3,10,1,1,7,9,1,8,1,8,,23,,1,22,9,121.612412,25.06686356
112,6,3,8,46,2,05中正區,中正區中華路2段307巷與中華路2段315巷5弄口,0,0,2,1,C03,8,1,5,30,4,2,1,5,4,3,5,4,4,5,4,5,2,17,2,59,2,8,1,1,7,1,1,10,1,11,,19,,1,22,9,121.505772,25.0293785
112,6,3,8,46,2,05中正區,中正區中華路2段307巷與中華路2段315巷5弄口,0,0,2,2,C03,8,1,5,30,4,2,1,5,4,3,5,4,4,5,4,5,2,17,1,31,2,7,1,1,7,6,1,10,1,11,,14,,1,22,9,121.505772,25.0293785
112,6,3,8,49,2,03中山區,中山區松江路與松江路78巷口,0,0,2,1,C03,8,1,5,30,3,1,1,5,4,5,7,4,4,1,3,5,1,16,1,23,2,8,1,1,7,6,1,10,2,14,,6,,1,22,9,121.5328876,25.04978405
112,6,3,8,49,2,03中山區,中山區松江路與松江路78巷口,0,0,2,4,C03,8,1,5,30,3,1,1,5,4,5,7,4,4,1,3,5,1,16,3,0,,,,,,,,,10,,,67,,1,,,121.5328876,25.04978405
112,6,3,8,49,2,03中山區,中山區松江路與松江路78巷口,0,0,2,2,C03,8,1,5,30,3,1,1,5,4,5,7,4,4,1,3,5,1,16,1,27,2,9,1,1,7,9,1,10,2,12,,44,,1,22,9,121.5328876,25.04978405
112,6,3,8,49,2,03中山區,中山區松江路與松江路78巷口,0,0,2,3,C03,8,1,5,30,3,1,1,5,4,5,7,4,4,1,3,5,1,16,3,0,,,,,,,,,10,,,67,,1,,,121.5328876,25.04978405
112,6,3,9,3,2,04大安區,大安區四維路52巷與大安路1段口,0,0,2,2,B01,8,1,5,30,5,1,1,5,4,5,7,4,4,9,4,4,2,15,1,63,2,5,1,4,7,9,1,4,1,1,,44,,1,22,9,121.5459748,25.0351257
112,6,3,9,3,2,04大安區,大安區四維路52巷與大安路1段口,0,0,2,1,B03,8,1,5,30,5,1,1,5,4,5,7,4,4,9,4,4,2,15,2,42,2,5,1,4,7,9,1,8,1,2,,6,,1,22,9,121.5459748,25.0351257
112,6,3,9,10,2,01大同區,大同區延平北路4段83號,0,0,1,2,C03,8,1,5,0,14,9,1,5,4,5,7,4,4,9,4,5,2,12,2,32,2,9,1,4,7,9,1,10,2,14,,23,,1,22,9,121.5112072,25.0704859
112,6,3,9,10,2,01大同區,大同區延平北路4段83號,0,0,1,1,B03,8,1,5,0,14,9,1,5,4,5,7,4,4,9,4,5,2,12,1,22,3,10,3,4,7,6,1,8,2,2,,9,,1,22,9,121.5112072,25.0704859
112,6,3,9,10,2,09北投區,北投區大度路3段與立德路口,0,0,1,1,B03,8,1,5,50,3,2,1,5,4,5,7,2,1,1,4,5,2,17,2,35,3,10,1,1,7,9,1,8,2,1,,44,,1,22,9,121.4717115,25.123002
112,6,3,9,10,2,09北投區,北投區大度路3段與立德路口,0,0,1,2,C03,8,1,5,50,3,2,1,5,4,5,7,2,1,1,4,5,2,17,2,57,2,9,1,1,7,10,1,10,2,13,,7,,1,22,9,121.4717115,25.123002
112,6,3,9,12,2,10文山區,文山區忠順街1段26巷27弄與忠順街1段26巷口,0,0,1,2,B03,8,1,5,30,4,2,1,5,4,5,7,4,4,10,5,5,2,14,1,31,3,10,3,4,7,5,1,8,2,8,,44,,1,21,8,121.5597881,24.98203821
112,6,3,9,12,2,10文山區,文山區忠順街1段26巷27弄與忠順街1段26巷口,0,0,1,1,C03,8,1,5,30,4,2,1,5,4,5,7,4,4,10,5,5,2,14,2,52,2,8,3,4,7,2,1,10,2,13,,6,,1,21,8,121.5597881,24.98203821
112,6,3,9,13,2,07信義區,信義區永吉路30巷與永吉路30巷157弄口,0,0,1,1,B03,8,1,5,30,4,1,1,5,4,5,7,4,4,9,5,5,2,15,1,29,3,10,3,4,7,9,1,8,2,8,,6,,1,22,9,121.5687391,25.0423439
112,6,3,9,13,2,07信義區,信義區永吉路30巷與永吉路30巷157弄口,0,0,1,2,C03,8,1,5,30,4,1,1,5,4,5,7,4,4,9,5,5,2,15,1,23,2,9,3,4,7,9,1,10,2,12,,23,,1,22,9,121.5687391,25.0423439
112,6,3,9,30,2,01大同區,大同區民生西路與太原路口,0,0,1,3,F03,8,1,5,50,3,2,1,5,4,5,7,2,1,8,3,5,2,17,2,34,3,10,3,4,7,13,8,20,10,16,,44,,1,22,9,121.5168318,25.05718468
112,6,3,9,30,2,01大同區,大同區民生西路與太原路口,0,0,1,2,B12,8,1,5,50,3,2,1,5,4,5,7,2,1,8,3,5,2,17,1,52,3,10,1,1,7,9,6,4,9,15,,44,,1,22,9,121.5168318,25.05718468
112,6,3,9,30,2,01大同區,大同區民生西路與太原路口,0,0,1,1,F01,8,1,5,50,3,2,1,5,4,5,7,2,1,8,3,5,2,17,1,42,2,8,1,1,7,9,8,20,9,16,,42,,1,22,9,121.5168318,25.05718468
112,6,3,9,44,2,10文山區,文山區木新路3段與興隆路4段口,0,0,3,4,H01,8,1,5,50,3,1,1,5,4,5,7,1,1,1,4,5,2,17,1,4,2,9,4,5,8,16,8,20,10,16,,67,,1,22,9,121.5625604,24.982178
112,6,3,9,44,2,10文山區,文山區木新路3段與興隆路4段口,0,0,3,1,B03,8,1,5,50,3,1,1,5,4,5,7,1,1,1,4,5,2,17,2,73,3,10,3,4,7,5,1,8,2,1,,6,,1,22,9,121.5625604,24.982178
112,6,3,9,44,2,10文山區,文山區木新路3段與興隆路4段口,0,0,3,2,C03,8,1,5,50,3,1,1,5,4,5,7,1,1,1,4,5,2,17,1,18,2,9,1,4,7,9,1,10,2,14,,44,,1,22,9,121.5625604,24.982178
112,6,3,9,44,2,10文山區,文山區木新路3段與興隆路4段口,0,0,3,3,H01,8,1,5,50,3,1,1,5,4,5,7,1,1,1,4,5,2,17,2,40,2,9,4,5,8,16,8,20,10,16,,67,,1,22,9,121.5625604,24.982178
112,6,3,9,54,2,02萬華區,萬華區西園路2段115號,0,0,1,1,B03,8,1,5,50,14,9,1,5,4,5,7,1,1,1,4,5,2,17,1,71,4,11,3,4,7,15,7,19,9,15,,27,,2,22,9,121.4963339,25.030015
112,6,3,9,54,2,02萬華區,萬華區西園路2段115號,0,0,1,2,B03,8,1,5,50,14,9,1,5,4,5,7,1,1,1,4,5,2,17,1,34,3,10,1,4,7,12,1,8,1,6,,44,,1,22,9,121.4963339,25.030015
112,6,3,9,54,2,02萬華區,萬華區西園路2段115號,0,0,1,3,C03,8,1,5,50,14,9,1,5,4,5,7,1,1,1,4,5,2,17,1,32,2,7,1,4,7,9,1,10,1,14,,23,,1,22,9,121.4963339,25.030015
112,6,3,10,0,2,09北投區,北投區清江路43號,0,0,1,2,H01,8,1,5,30,14,9,1,5,4,5,7,4,4,10,5,5,1,2,2,85,2,9,4,5,8,16,8,20,10,16,,67,,1,22,9,121.5020252,25.1310143
112,6,3,10,0,2,09北投區,北投區清江路43號,0,0,1,1,C03,8,1,5,30,14,9,1,5,4,5,7,4,4,10,5,5,1,2,2,65,3,10,1,1,7,9,1,10,1,11,,23,,1,22,9,121.5020252,25.1310143
112,6,3,10,6,2,02萬華區,萬華區西園路1段與大理街口,0,0,2,1,C03,8,1,5,50,4,1,1,5,4,5,7,4,4,5,4,5,2,16,1,71,2,9,1,1,7,9,1,10,1,12,,6,,1,22,9,121.4992353,25.0356383
112,6,3,10,6,2,02萬華區,萬華區西園路1段與大理街口,0,0,2,2,C03,8,1,5,50,4,1,1,5,4,5,7,4,4,5,4,5,2,16,1,22,2,9,1,1,7,9,1,10,1,14,,44,,1,22,9,121.4992353,25.0356383
112,6,3,10,13,2,03中山區,中山區市民大道3段3號,0,0,1,1,C03,8,1,5,40,14,9,1,5,4,5,7,4,4,1,4,5,2,13,1,29,2,8,3,4,7,9,7,19,1,11,,16,,1,22,9,121.5313501,25.0460046
112,6,3,10,13,2,03中山區,中山區市民大道3段3號,0,0,1,2,B02,8,1,5,40,14,9,1,5,4,5,7,4,4,1,4,5,2,13,1,73,3,10,3,4,7,9,1,8,1,6,,44,,1,22,9,121.5313501,25.0460046
112,6,3,10,19,2,06松山區,松山區健康路與南京東路4段53巷10弄口,0,0,1,1,B12,8,1,5,50,4,1,1,5,4,5,7,1,1,5,5,5,2,17,1,42,3,10,1,1,7,8,1,8,1,15,,,,1,22,9,121.5526511,25.05332783
112,6,3,10,19,2,06松山區,松山區健康路與南京東路4段53巷10弄口,0,0,1,2,C03,8,1,5,50,4,1,1,5,4,5,7,1,1,5,5,5,2,17,1,29,2,9,1,1,7,9,1,10,1,14,,,,1,22,9,121.5526511,25.05332783
112,6,3,10,55,2,01大同區,大同區民權西路122號,0,0,2,1,C03,8,1,5,50,14,9,1,5,4,5,7,4,4,1,4,5,2,16,2,18,2,9,3,4,7,8,1,10,1,12,,7,,1,22,9,121.5167052,25.06284737
112,6,3,10,55,2,01大同區,大同區民權西路122號,0,0,2,2,C03,8,1,5,50,14,9,1,5,4,5,7,4,4,1,4,5,2,16,2,53,2,9,3,4,7,9,1,10,1,11,,44,,1,22,9,121.5167052,25.06284737
112,6,3,11,0,2,12內湖區,內湖區民權東路6段146號,0,0,2,2,C04,8,1,5,50,14,9,1,5,4,5,7,4,4,1,4,5,2,17,2,62,2,9,1,1,7,8,1,11,1,13,,7,,1,22,9,121.5893799,25.06893304
112,6,3,11,0,2,12內湖區,內湖區民權東路6段146號,0,0,2,3,B03,8,1,5,50,14,9,1,5,4,5,7,4,4,1,4,5,2,17,1,39,3,10,1,1,7,8,1,8,1,15,,7,,1,22,9,121.5893799,25.06893304
112,6,3,11,0,2,12內湖區,內湖區民權東路6段146號,0,0,2,1,C03,8,1,5,50,14,9,1,5,4,5,7,4,4,1,4,5,2,17,2,22,2,9,1,1,7,9,1,10,1,11,,23,,1,22,9,121.5893799,25.06893304
112,6,3,11,7,2,12內湖區,內湖區環山路3段30巷與環山路口側附近3段口,0,0,1,1,B03,8,1,5,50,3,1,1,5,4,5,7,4,4,9,4,4,2,12,1,41,3,10,1,1,7,11,1,8,2,15,,10,,1,22,9,121.5800189,25.08467763
112,6,3,11,7,2,12內湖區,內湖區環山路3段30巷與環山路口側附近3段口,0,0,1,2,C03,8,1,5,50,3,1,1,5,4,5,7,4,4,9,4,4,2,12,1,48,2,9,1,1,7,9,1,10,2,11,,44,,1,22,9,121.5800189,25.08467763
112,6,3,11,17,2,04大安區,大安區信義路2段與新生南路1段口,0,0,1,2,C03,8,1,5,50,14,8,1,5,4,5,7,2,1,10,5,2,1,12,1,63,2,7,1,1,7,9,1,10,1,14,,23,,1,22,9,121.5328538,25.0338229
112,6,3,11,17,2,04大安區,大安區信義路2段與新生南路1段口,0,0,1,1,B03,8,1,5,50,14,8,1,5,4,5,7,2,1,10,5,2,1,12,1,35,3,10,1,1,7,5,1,8,1,5,,60,,1,22,9,121.5328538,25.0338229
112,6,3,11,30,2,12內湖區,內湖區安康路106巷與無名巷口,0,0,1,2,B03,8,1,5,50,4,1,1,5,4,5,7,4,4,9,5,5,2,17,1,47,3,10,1,1,7,5,1,8,1,4,,8,,1,22,9,121.5991179,25.06148128
112,6,3,11,30,2,12內湖區,內湖區安康路106巷與無名巷口,0,0,1,1,C03,8,1,5,50,4,1,1,5,4,5,7,4,4,9,5,5,2,17,2,18,2,9,1,1,7,15,1,10,1,12,,23,,1,22,9,121.5991179,25.06148128
112,6,3,11,52,2,03中山區,中山區中山北路2段與中山北路2段44巷口,0,0,2,3,H02,8,1,5,50,4,1,1,5,4,5,7,1,1,1,4,1,1,17,1,7,2,1,1,5,7,21,8,20,10,16,,67,,1,22,9,121.5225836,25.05508539
112,6,3,11,52,2,03中山區,中山區中山北路2段與中山北路2段44巷口,0,0,2,2,C03,8,1,5,50,4,1,1,5,4,5,7,1,1,1,4,1,1,17,2,42,2,9,1,1,7,9,1,10,1,14,,32,,1,22,9,121.5225836,25.05508539
112,6,3,11,52,2,03中山區,中山區中山北路2段與中山北路2段44巷口,0,0,2,1,C03,8,1,5,50,4,1,1,5,4,5,7,1,1,1,4,1,1,17,1,30,3,10,1,1,7,6,1,10,2,12,,9,,1,22,9,121.5225836,25.05508539
112,6,3,11,59,2,04大安區,大安區羅斯福路4段與基隆路4段口,0,0,2,2,C02,8,1,5,50,4,1,1,5,4,5,7,2,1,1,4,5,2,16,1,22,2,9,1,1,7,14,1,9,1,13,,44,,1,22,9,121.5373979,25.0111072
112,6,3,11,59,2,04大安區,大安區羅斯福路4段與基隆路4段口,0,0,2,1,C03,8,1,5,50,4,1,1,5,4,5,7,2,1,1,4,5,2,16,1,49,2,9,1,1,7,9,1,9,1,11,,23,,1,22,9,121.5373979,25.0111072
112,6,3,12,30,2,05中正區,中正區羅斯福路1段10號,0,0,1,1,B02,8,1,5,40,14,8,1,5,4,5,7,4,4,3,4,4,2,14,1,26,3,10,3,4,7,2,3,18,2,6,,12,,1,22,9,121.5186222,25.03209946
112,6,3,12,30,2,05中正區,中正區羅斯福路1段10號,0,0,1,2,C04,8,1,5,40,14,8,1,5,4,5,7,4,4,3,4,4,2,14,2,47,2,8,2,1,7,13,1,10,2,11,,38,,1,22,9,121.5186222,25.03209946
112,6,3,12,30,2,05中正區,中正區羅斯福路1段10號,0,0,1,3,H02,8,1,5,40,14,8,1,5,4,5,7,4,4,3,4,4,2,14,2,43,3,10,3,4,7,20,8,20,2,16,,60,,1,22,9,121.5186222,25.03209946