發生年度,發生月,發生日,發生時-Hours,發生分,處理別-編號,區序,肇事地點,死亡人數,2-30日死亡人數,受傷人數,當事人序號,車種,天候,光線,道路類別,速限-速度限制,道路型態,事故位置,路面狀況1,路面狀況2,路面狀況3,道路障礙1,道路障礙2,號誌1,號誌2,車道劃分-分向,車道劃分-分道1,車道劃分-分道2,車道劃分-分道3,事故類型及型態,性別,年齡,受傷程度,主要傷處,保護裝置,行動電話,車輛用途,當事者行動狀態,駕駛資格情形,駕駛執照種類,飲酒情形,車輛撞擊部位1,車輛撞擊部位2,肇因碼-個別,肇因碼-主要,個人肇逃否,職業,旅次目的,座標-X,座標-Y
112,6,3,12,45,2,08士林區,士林區中山北路7段與中山北路7段38巷口,0,0,1,1,C03,8,1,5,50,4,1,1,5,4,5,7,3,1,1,4,5,2,17,2,32,2,9,1,1,7,7,1,10,1,14,,7,,1,22,9,121.5310635,25.12023742
112,6,3,12,45,2,08士林區,士林區中山北路7段與中山北路7段38巷口,0,0,1,2,B03,8,1,5,50,4,1,1,5,4,5,7,3,1,1,4,5,2,17,1,51,3,10,1,1,7,9,1,4,1,2,,44,,1,22,9,121.5310635,25.12023742
112,6,3,14,0,2,01大同區,大同區忠孝西路2段38號,0,0,1,1,B01,8,1,5,0,14,9,1,5,4,5,7,4,4,1,4,5,2,16,1,61,3,10,3,4,7,8,1,2,1,1,,23,,1,22,9,121.5079196,25.04863341
112,6,3,14,0,2,01大同區,大同區忠孝西路2段38號,0,0,1,2,C03,8,1,5,0,14,9,1,5,4,5,7,4,4,1,4,5,2,16,1,35,2,8,3,4,7,14,1,4,1,11,,44,,1,22,9,121.5079196,25.04863341
112,6,3,14,1,2,08士林區,士林區基河路與劍潭路口,0,0,2,1,B03,8,1,5,50,4,1,1,5,4,5,7,1,1,10,5,5,1,12,1,30,2,7,1,1,7,8,1,8,2,4,,17,,1,22,9,121.5247442,25.0842567
112,6,3,14,1,2,08士林區,士林區基河路與劍潭路口,0,0,2,2,A02,8,1,5,50,4,1,1,5,4,5,7,1,1,10,5,5,1,12,1,44,2,7,1,1,7,8,1,2,2,2,,44,,1,22,9,121.5247442,25.0842567
112,6,3,14,10,2,04大安區,大安區仁愛路3段160號,0,0,1,2,H01,8,1,5,0,15,20,1,5,4,5,7,2,1,1,5,1,2,9,2,65,2,9,4,5,8,17,8,20,10,16,,67,,1,22,9,121.5435269,25.0376692
112,6,3,14,10,2,04大安區,大安區仁愛路3段160號,0,0,1,1,F01,8,1,5,0,15,20,1,5,4,5,7,2,1,1,5,1,2,9,2,50,3,10,2,1,7,9,8,20,2,16,,23,,1,22,9,121.5435269,25.0376692
112,6,3,14,14,2,02萬華區,萬華區梧州街與華西街26巷口,0,0,1,1,B01,7,1,5,30,4,1,1,5,4,5,7,4,4,9,5,5,1,13,1,51,3,10,3,4,7,9,1,4,1,8,,5,,1,22,9,121.4976613,25.03783654
112,6,3,14,14,2,02萬華區,萬華區梧州街與華西街26巷口,0,0,1,2,C03,7,1,5,30,4,1,1,5,4,5,7,4,4,9,5,5,1,13,1,59,2,7,3,4,7,5,6,18,1,13,,6,,1,22,9,121.4976613,25.03783654
112,6,3,14,24,2,12內湖區,內湖區金龍路與金龍隧道口口,0,0,2,1,B12,8,1,5,50,3,4,1,5,4,5,7,2,1,5,4,5,2,17,4,0,4,11,3,4,7,15,7,19,11,15,,43,,2,22,9,121.5885308,25.0865937
112,6,3,14,24,2,12內湖區,內湖區金龍路與金龍隧道口口,0,0,2,2,C03,8,1,5,50,3,4,1,5,4,5,7,2,1,5,4,5,2,17,1,19,2,8,1,1,7,14,1,10,11,14,,43,,1,22,9,121.5885308,25.0865937
112,6,3,14,24,2,12內湖區,內湖區金龍路與金龍隧道口口,0,0,2,3,H02,8,1,5,50,3,4,1,5,4,5,7,2,1,5,4,5,2,17,2,19,2,8,1,5,7,20,8,20,11,15,,67,,1,22,9,121.5885308,25.0865937
112,6,3,14,58,2,04大安區,大安區建國南路1段275號,0,0,2,2,C03,8,1,5,50,14,9,1,5,4,5,7,2,1,1,4,5,2,13,1,52,2,9,1,4,7,12,1,10,1,13,,44,,1,22,9,121.5382469,25.0365743
112,6,3,14,58,2,04大安區,大安區建國南路1段275號,0,0,2,1,C03,8,1,5,50,14,9,1,5,4,5,7,2,1,1,4,5,2,13,1,19,2,9,1,4,7,9,1,10,1,11,,44,,1,22,9,121.5382469,25.0365743
112,6,3,15,0,2,02萬華區,萬華區昆明街122號,0,0,1,1,H02,8,1,5,50,14,9,1,5,4,5,7,4,4,10,3,5,2,9,1,32,3,10,1,5,7,19,8,20,10,16,,67,,1,22,9,121.5049232,25.04322966
112,6,3,15,0,2,02萬華區,萬華區昆明街122號,0,0,1,2,B01,8,1,5,50,14,9,1,5,4,5,7,4,4,10,3,5,2,9,1,64,3,10,1,1,7,14,1,4,1,15,,38,,1,22,9,121.5049232,25.04322966
112,6,3,15,0,2,02萬華區,萬華區昆明街122號,0,0,1,3,C03,8,1,5,50,14,9,1,5,4,5,7,4,4,10,3,5,2,9,1,28,2,9,1,1,7,9,1,10,1,14,,44,,1,22,9,121.5049232,25.04322966
112,6,3,15,50,2,09北投區,北投區西安街2段345號與立農街1段257巷口,0,0,1,1,C03,8,1,5,50,3,2,1,5,4,5,7,4,4,9,4,5,1,13,2,69,2,8,1,1,7,9,1,10,1,11,,16,,1,22,9,121.505582,25.12074384
112,6,3,15,50,2,09北投區,北投區西安街2段345號與立農街1段257巷口,0,0,1,2,B03,8,1,5,50,3,2,1,5,4,5,7,4,4,9,4,5,1,13,2,51,3,10,1,1,7,12,1,8,1,7,,44,,1,22,9,121.505582,25.12074384
112,6,3,16,35,2,03中山區,中山區南京東路2段與吉林路口,0,0,1,2,C03,8,1,5,50,4,1,1,5,4,5,7,1,1,3,4,4,2,16,1,30,2,5,1,1,7,5,1,10,2,12,,25,,1,22,9,121.530234,25.0520033
112,6,3,16,35,2,03中山區,中山區南京東路2段與吉林路口,0,0,1,1,B01,8,1,5,50,4,1,1,5,4,5,7,1,1,3,4,4,2,16,1,68,3,10,1,1,7,9,1,4,2,8,,44,,1,22,9,121.530234,25.0520033
112,6,3,16,49,2,02萬華區,萬華區環河南路3段與艋舺大道口,0,0,1,1,B03,8,1,5,50,3,1,1,5,4,5,7,4,4,1,3,5,1,16,1,60,3,10,3,4,7,6,1,8,1,6,,2,,1,22,9,121.4895762,25.02741777
112,6,3,16,49,2,02萬華區,萬華區環河南路3段與艋舺大道口,0,0,1,2,C03,8,1,5,50,3,1,1,5,4,5,7,4,4,1,3,5,1,16,2,36,2,9,3,4,7,9,1,10,1,11,,44,,1,22,9,121.4895762,25.02741777
112,6,3,17,4,2,08士林區,士林區延平北路6段堤外 延平河濱NO.101燈桿,0,0,2,1,B03,8,1,5,30,11,9,1,5,4,5,7,4,4,10,5,5,1,20,1,29,2,3,1,1,7,6,1,8,2,5,,60,,1,22,9,121.4974719,25.09310019
112,6,3,17,4,2,08士林區,士林區延平北路6段堤外 延平河濱NO.101燈桿,0,0,2,2,,8,1,5,30,11,9,1,5,4,5,7,4,4,10,5,5,1,20,3,0,,,,,,,,,,,,67,,1,,,121.4974719,25.09310019
112,6,3,17,4,2,08士林區,士林區延平北路6段堤外 延平河濱NO.101燈桿,0,0,2,3,H02,8,1,5,30,11,9,1,5,4,5,7,4,4,10,5,5,1,20,2,30,2,2,1,5,7,20,8,20,10,16,,67,,1,22,9,121.4974719,25.09310019
112,6,3,17,5,2,10文山區,文山區指南路2段45巷與指南路2段口,0,0,2,1,C03,8,1,5,50,3,2,1,5,4,5,7,4,4,9,4,5,1,6,1,19,2,9,1,1,7,9,1,10,1,12,,14,,1,22,9,121.5742854,24.9879096
112,6,3,17,5,2,10文山區,文山區指南路2段45巷與指南路2段口,0,0,2,2,H01,8,1,5,50,3,2,1,5,4,5,7,4,4,9,4,5,1,6,1,15,2,9,4,1,8,18,8,20,1,16,,51,,1,22,9,121.5742854,24.9879096
112,6,3,17,40,2,09北投區,北投區大度路3段與立功街口,0,0,1,3,B03,8,1,5,50,3,2,1,5,4,5,7,2,1,1,4,5,2,16,1,76,3,10,1,1,7,8,1,8,9,15,,7,,1,22,9,121.4677544,25.1233369
112,6,3,17,40,2,09北投區,北投區大度路3段與立功街口,0,0,1,1,B03,8,1,5,50,3,2,1,5,4,5,7,2,1,1,4,5,2,16,1,64,3,10,1,1,7,7,1,8,1,2,,7,,1,22,9,121.4677544,25.1233369
112,6,3,17,40,2,09北投區,北投區大度路3段與立功街口,0,0,1,2,C03,8,1,5,50,3,2,1,5,4,5,7,2,1,1,4,5,2,16,1,46,2,9,1,1,7,9,1,10,1,14,,23,,1,22,9,121.4677544,25.1233369
112,6,3,17,53,2,06松山區,松山區市民大道4段163號,0,0,1,1,C03,8,1,5,40,14,9,1,5,4,3,7,4,4,1,4,5,2,12,1,75,2,9,1,1,7,9,1,10,1,14,,17,,1,22,9,121.5514188,25.04469721
112,6,3,17,53,2,06松山區,松山區市民大道4段163號,0,0,1,2,B03,8,1,5,40,14,9,1,5,4,3,7,4,4,1,4,5,2,12,1,26,4,11,3,4,7,15,7,19,11,15,,42,,2,22,9,121.5514188,25.04469721
112,6,3,18,0,2,08士林區,士林區仰德大道3段與新安路口,0,0,2,1,C03,8,1,5,40,3,2,1,5,4,5,7,1,1,5,5,5,2,17,2,54,2,9,1,1,7,9,1,10,1,13,,17,,1,22,9,121.552804,25.1188423
112,6,3,18,0,2,08士林區,士林區仰德大道3段與新安路口,0,0,2,2,C03,8,1,5,40,3,2,1,5,4,5,7,1,1,5,5,5,2,17,1,20,2,7,1,1,7,9,1,10,1,14,,17,,1,22,9,121.552804,25.1188423
112,6,3,18,15,2,07信義區,信義區信義路5段7號對面,0,0,3,1,B03,8,1,5,50,14,9,1,5,4,5,7,4,4,1,4,5,2,13,1,21,2,1,1,1,7,9,1,8,1,1,,43,,1,22,9,121.5647889,25.032898
112,6,3,18,15,2,07信義區,信義區信義路5段7號對面,0,0,3,2,B01,8,1,5,50,14,9,1,5,4,5,7,4,4,1,4,5,2,13,1,66,3,10,1,1,7,14,1,4,1,3,,43,,1,22,9,121.5647889,25.032898
112,6,3,18,15,2,07信義區,信義區信義路5段7號對面,0,0,3,3,H02,8,1,5,50,14,9,1,5,4,5,7,4,4,1,4,5,2,13,2,41,2,1,1,5,7,17,8,20,10,16,,67,,1,22,9,121.5647889,25.032898
112,6,3,18,15,2,07信義區,信義區信義路5段7號對面,0,0,3,4,H02,8,1,5,50,14,9,1,5,4,5,7,4,4,1,4,5,2,13,1,54,2,1,1,5,7,17,8,20,10,16,,67,,1,22,9,121.5647889,25.032898
112,6,3,18,20,2,05中正區,中正區三元街與南海路口,0,0,1,1,C03,8,1,5,50,4,1,1,5,4,5,7,2,1,3,4,5,2,12,1,20,4,11,3,4,7,6,7,19,11,15,,9,,2,22,9,121.508861,25.0297458
112,6,3,18,20,2,05中正區,中正區三元街與南海路口,0,0,1,2,C03,8,1,5,50,4,1,1,5,4,5,7,2,1,3,4,5,2,12,2,45,2,9,1,1,7,9,1,10,1,11,,44,,1,22,9,121.508861,25.0297458
112,6,3,18,49,2,02萬華區,萬華區西藏路199巷與萬大路186巷口,0,0,1,2,B03,8,3,5,30,3,1,1,5,4,5,7,4,4,5,5,5,2,16,1,53,3,10,1,1,7,9,1,8,1,8,,23,,1,22,9,121.4998242,25.02777783
112,6,3,18,49,2,02萬華區,萬華區西藏路199巷與萬大路186巷口,0,0,1,1,C03,8,3,5,30,3,1,1,5,4,5,7,4,4,5,5,5,2,16,1,65,2,9,1,1,7,5,1,10,1,14,,8,,1,22,9,121.4998242,25.02777783
112,6,3,19,3,2,03中山區,中山區林森北路與林森北路85巷口,0,0,1,1,C03,8,3,5,50,3,1,1,5,4,5,7,4,4,1,4,5,2,12,2,72,2,8,1,1,7,7,1,10,1,14,,7,,1,22,9,121.524799,25.0498156
112,6,3,19,3,2,03中山區,中山區林森北路與林森北路85巷口,0,0,1,2,A02,8,3,5,50,3,1,1,5,4,5,7,4,4,1,4,5,2,12,1,28,3,10,1,1,7,9,1,2,1,5,,44,,1,22,9,121.524799,25.0498156
112,6,3,19,49,2,02萬華區,萬華區桂林路151巷與桂林路口,0,0,3,3,H02,8,3,5,30,4,1,1,5,4,5,7,4,4,8,3,4,1,15,2,25,2,7,1,5,7,21,8,20,1,16,,67,,1,22,9,121.4976891,25.0384761
112,6,3,19,49,2,02萬華區,萬華區桂林路151巷與桂林路口,0,0,3,1,C03,8,3,5,30,4,1,1,5,4,5,7,4,4,8,3,4,1,15,1,69,2,8,1,1,7,9,6,18,1,12,,43,,1,22,9,121.4976891,25.0384761
112,6,3,19,49,2,02萬華區,萬華區桂林路151巷與桂林路口,0,0,3,2,C03,8,3,5,30,4,1,1,5,4,5,7,4,4,8,3,4,1,15,1,27,2,8,1,1,7,9,1,10,1,11,,43,,1,22,9,121.4976891,25.0384761
112,6,3,20,0,2,03中山區,中山區南京東路3段與遼寧街口,0,0,2,4,H02,8,3,5,0,4,2,1,5,4,5,7,2,1,1,4,4,2,9,2,27,2,8,3,5,7,20,8,20,10,16,,67,,1,22,9,121.5420799,25.05179591
112,6,3,20,0,2,03中山區,中山區南京東路3段與遼寧街口,0,0,2,3,B01,8,3,5,0,4,2,1,5,4,5,7,2,1,1,4,4,2,9,1,40,3,10,3,4,7,9,1,4,2,5,,44,,1,22,9,121.5420799,25.05179591
112,6,3,20,0,2,03中山區,中山區南京東路3段與遼寧街口,0,0,2,2,C03,8,3,5,0,4,2,1,5,4,5,7,2,1,1,4,4,2,9,1,58,2,9,3,4,7,9,1,10,2,11,,44,,1,22,9,121.5420799,25.05179591
112,6,3,20,0,2,03中山區,中山區南京東路3段與遼寧街口,0,0,2,1,H01,8,3,5,0,4,2,1,5,4,5,7,2,1,1,4,4,2,9,1,19,3,10,4,5,8,20,8,20,10,16,,54,,1,22,9,121.5420799,25.05179591
112,6,3,21,10,2,12內湖區,內湖區康寧路3段與東湖路口,0,0,2,3,H02,8,3,5,50,3,1,4,5,4,5,7,1,1,1,4,4,1,12,2,60,2,9,3,5,7,20,8,20,10,16,,67,,1,22,9,121.6120398,25.0688609
112,6,3,21,10,2,12內湖區,內湖區康寧路3段與東湖路口,0,0,2,1,B03,8,3,5,50,3,1,4,5,4,5,7,1,1,1,4,4,1,12,2,51,3,10,3,4,7,5,1,8,1,4,,8,,1,22,9,121.6120398,25.0688609
112,6,3,21,10,2,12內湖區,內湖區康寧路3段與東湖路口,0,0,2,2,C03,8,3,5,50,3,1,4,5,4,5,7,1,1,1,4,4,1,12,1,60,2,9,3,4,7,9,1,10,1,12,,44,,1,22,9,121.6120398,25.0688609
112,6,3,22,25,2,03中山區,中山區市民大道3段27號,0,0,1,1,B03,8,3,5,40,14,9,1,5,4,5,7,4,4,1,4,5,2,13,1,26,3,10,3,4,7,12,1,8,1,3,,44,,1,22,9,121.53408,25.0454711
112,6,3,22,25,2,03中山區,中山區市民大道3段27號,0,0,1,2,C03,8,3,5,40,14,9,1,5,4,5,7,4,4,1,4,5,2,13,2,32,2,9,3,4,7,9,1,10,1,11,,23,,1,22,9,121.53408,25.0454711
112,6,3,22,28,2,12內湖區,內湖區瑞光路258巷2號,0,0,1,1,B03,8,3,5,50,14,9,1,5,4,5,7,4,4,8,5,5,2,13,1,23,3,10,1,1,7,1,1,8,2,7,,19,,1,22,9,121.5753514,25.07519601
112,6,3,22,28,2,12內湖區,內湖區瑞光路258巷2號,0,0,1,2,C03,8,3,5,50,14,9,1,5,4,5,7,4,4,8,5,5,2,13,2,33,2,9,1,1,7,9,1,10,2,11,,44,,1,22,9,121.5753514,25.07519601
112,6,3,22,35,2,03中山區,中山區北安路與大直街口,0,0,1,2,C03,8,3,5,50,4,1,1,5,4,5,7,2,1,1,4,5,2,16,2,62,2,9,1,4,7,9,1,10,2,11,,44,,1,22,9,121.5471031,25.0798376
112,6,3,22,35,2,03中山區,中山區北安路與大直街口,0,0,1,1,B03,8,3,5,50,4,1,1,5,4,5,7,2,1,1,4,5,2,16,1,37,3,10,3,4,7,5,1,8,2,5,,25,,1,22,9,121.5471031,25.0798376
112,6,3,22,41,2,01大同區,大同區民權西路272-2號,0,0,2,1,H01,8,3,5,0,14,9,1,5,4,5,7,4,4,1,4,5,2,9,1,66,2,9,4,5,8,16,8,20,10,16,,51,,1,22,9,121.5122564,25.0628161
112,6,3,22,41,2,01大同區,大同區民權西路272-2號,0,0,2,2,C03,8,3,5,0,14,9,1,5,4,5,7,4,4,1,4,5,2,9,1,19,2,9,3,4,7,9,1,10,1,11,,44,,1,22,9,121.5122564,25.0628161
112,6,3,23,33,2,03中山區,中山區中山北路2段77巷與民生東路1段52巷口,0,0,1,2,C03,8,3,5,30,3,2,1,5,4,5,7,4,4,10,5,5,2,12,1,21,2,8,3,4,7,9,3,18,1,11,,23,,1,22,9,121.5250167,25.0575224
112,6,3,23,33,2,03中山區,中山區中山北路2段77巷與民生東路1段52巷口,0,0,1,1,B03,8,3,5,30,3,2,1,5,4,5,7,4,4,10,5,5,2,12,1,33,3,10,3,4,7,6,1,8,1,2,,9,,1,22,9,121.5250167,25.0575224
112,6,3,23,43,2,05中正區,中正區林森南路與青島東路口,0,0,1,1,B03,8,3,5,50,4,1,1,5,4,5,7,2,1,9,4,5,2,12,2,48,3,10,1,1,7,6,1,8,1,5,,9,,1,1,3,121.5229499,25.0436852
112,6,3,23,43,2,05中正區,中正區林森南路與青島東路口,0,0,1,2,C03,8,3,5,50,4,1,1,5,4,5,7,2,1,9,4,5,2,12,1,19,2,9,1,1,7,8,1,10,1,13,,13,,1,18,5,121.5229499,25.0436852
112,6,4,0,20,2,03中山區,中山區新生北路2段與民生東路2段口,0,0,3,1,B03,8,3,5,50,4,1,1,5,4,5,7,2,1,5,4,5,2,15,1,52,3,10,3,4,7,9,1,8,2,1,,25,,1,22,9,121.5277884,25.05802603
112,6,4,0,20,2,03中山區,中山區新生北路2段與民生東路2段口,0,0,3,3,H02,8,3,5,50,4,1,1,5,4,5,7,2,1,5,4,5,2,15,1,21,2,9,3,5,7,20,8,20,10,16,,67,,1,22,9,121.5277884,25.05802603
112,6,4,0,20,2,03中山區,中山區新生北路2段與民生東路2段口,0,0,3,4,H02,8,3,5,50,4,1,1,5,4,5,7,2,1,5,4,5,2,15,2,19,2,1,3,5,7,20,8,20,10,16,,67,,1,22,9,121.5277884,25.05802603
112,6,4,0,20,2,03中山區,中山區新生北路2段與民生東路2段口,0,0,3,2,B03,8,3,5,50,4,1,1,5,4,5,7,2,1,5,4,5,2,15,1,21,2,2,3,4,7,9,1,8,2,8,,44,,1,22,9,121.5277884,25.05802603
112,6,4,1,26,2,11南港區,南港區南港路3段149巷11號,0,0,2,1,B03,8,3,5,50,11,9,1,5,4,5,7,4,4,8,5,5,2,16,1,27,3,10,1,1,7,6,1,8,2,1,,23,,1,22,9,121.5844315,25.0515842
112,6,4,1,26,2,11南港區,南港區南港路3段149巷11號,0,0,2,6,H02,8,3,5,50,11,9,1,5,4,5,7,4,4,8,5,5,2,16,2,20,2,1,1,5,7,21,8,20,10,15,,67,,1,22,9,121.5844315,25.0515842
112,6,4,1,26,2,11南港區,南港區南港路3段149巷11號,0,0,2,2,B03,8,3,5,50,11,9,1,5,4,5,7,4,4,8,5,5,2,16,1,47,3,10,3,4,7,13,1,8,11,1,,44,,1,22,9,121.5844315,25.0515842
112,6,4,1,26,2,11南港區,南港區南港路3段149巷11號,0,0,2,3,B03,8,3,5,50,11,9,1,5,4,5,7,4,4,8,5,5,2,16,2,62,3,10,3,4,7,13,1,8,11,1,,44,,1,22,9,121.5844315,25.0515842
112,6,4,1,26,2,11南港區,南港區南港路3段149巷11號,0,0,2,4,B03,8,3,5,50,11,9,1,5,4,5,7,4,4,8,5,5,2,16,1,44,3,10,3,4,7,13,1,8,11,1,,44,,1,22,9,121.5844315,25.0515842
112,6,4,1,26,2,11南港區,南港區南港路3段149巷11號,0,0,2,5,H02,8,3,5,50,11,9,1,5,4,5,7,4,4,8,5,5,2,16,2,19,2,1,1,4,7,21,8,20,10,15,,67,,1,22,9,121.5844315,25.0515842
112,6,4,5,2,2,06松山區,松山區塔悠路與民權東路5段口,0,0,2,1,C03,8,2,5,50,3,2,1,5,4,1,7,2,1,1,4,4,2,13,1,71,2,9,2,1,7,5,1,10,2,13,,25,,1,22,9,121.568312,25.0639038
112,6,4,5,2,2,06松山區,松山區塔悠路與民權東路5段口,0,0,2,2,C03,8,2,5,50,3,2,1,5,4,1,7,2,1,1,4,4,2,13,1,18,2,9,1,1,7,9,1,10,2,11,,13,,1,22,9,121.568312,25.0639038
112,6,4,5,36,2,01大同區,大同區延平北路3段18巷與民權西路245巷口,0,0,1,1,C03,8,1,5,30,4,1,1,5,4,5,7,4,4,10,5,5,1,15,1,54,3,10,1,1,7,9,6,10,5,14,,6,,1,22,9,121.5103674,25.06393215
112,6,4,5,36,2,01大同區,大同區延平北路3段18巷與民權西路245巷口,0,0,1,2,C03,8,1,5,30,4,1,1,5,4,5,7,4,4,10,5,5,1,15,1,51,2,7,1,1,7,9,1,10,2,11,,23,,1,22,9,121.5103674,25.06393215
112,6,4,6,51,2,04大安區,大安區羅斯福路3段269巷與辛亥路1段34巷口,0,0,1,2,C01,8,1,5,30,3,1,1,5,4,5,7,4,4,10,5,5,1,15,1,22,2,8,3,4,7,9,3,18,7,12,,21,,1,22,9,121.5302432,25.019647
112,6,4,6,51,2,04大安區,大安區羅斯福路3段269巷與辛亥路1段34巷口,0,0,1,1,B03,8,1,5,30,3,1,1,5,4,5,7,4,4,10,5,5,1,15,1,75,3,10,3,4,7,9,1,8,2,8,,6,,1,22,9,121.5302432,25.019647
112,6,4,7,50,2,03中山區,中山區松江路77巷與松江路口,0,0,1,1,B03,8,1,5,50,3,1,1,5,4,5,7,4,4,1,4,5,2,16,2,41,3,10,3,4,7,6,1,8,1,2,,9,,1,22,9,121.5331086,25.0497435
112,6,4,7,50,2,03中山區,中山區松江路77巷與松江路口,0,0,1,2,C03,8,1,5,50,3,1,1,5,4,5,7,4,4,1,4,5,2,16,2,71,2,9,1,1,7,9,1,10,1,14,,23,,1,22,9,121.5331086,25.0497435
112,6,4,9,10,2,08士林區,士林區中山北路6段776巷與中山北路6段口,0,0,1,1,B01,8,1,5,50,3,1,1,5,4,5,7,1,1,10,1,5,1,17,1,59,3,10,1,1,7,5,1,8,1,5,,6,,1,22,9,121.528591,25.1163849
112,6,4,9,10,2,08士林區,士林區中山北路6段776巷與中山北路6段口,0,0,1,2,C03,8,1,5,50,3,1,1,5,4,5,7,1,1,10,1,5,1,17,1,24,2,8,1,1,7,9,1,10,1,11,,44,,1,22,9,121.528591,25.1163849
112,6,4,9,34,2,09北投區,北投區石牌路2段與石牌路2段325巷口,0,0,1,1,B03,8,1,5,50,4,1,1,5,4,5,7,2,1,5,5,5,2,15,1,69,3,10,1,1,7,9,1,8,2,1,,25,,1,22,9,121.5238164,25.1220144
112,6,4,9,34,2,09北投區,北投區石牌路2段與石牌路2段325巷口,0,0,1,2,C03,8,1,5,50,4,1,1,5,4,5,7,2,1,5,5,5,2,15,2,22,2,9,1,1,7,9,1,10,2,14,,44,,1,22,9,121.5238164,25.1220144
112,6,4,9,54,2,02萬華區,萬華區雙園街與雙園街152巷口,0,0,2,2,F03,8,1,5,30,4,1,1,5,4,5,7,4,4,8,3,5,2,15,2,76,2,8,1,1,7,9,8,20,1,16,,6,,1,22,9,121.49185,25.0317419
112,6,4,9,54,2,02萬華區,萬華區雙園街與雙園街152巷口,0,0,2,1,C03,8,1,5,30,4,1,1,5,4,5,7,4,4,8,3,5,2,15,1,42,2,8,1,1,7,9,1,10,1,11,,13,,1,22,9,121.49185,25.0317419
112,6,4,11,1,2,02萬華區,萬華區東園街35巷(西園國小旁),0,0,2,1,C03,8,1,5,30,14,9,1,5,4,5,7,4,4,10,5,5,2,17,2,27,2,9,1,1,7,9,1,10,1,11,12,16,,1,22,9,121.497953,25.02700131
112,6,4,11,1,2,02萬華區,萬華區東園街35巷(西園國小旁),0,0,2,2,C03,8,1,5,30,14,9,1,5,4,5,7,4,4,10,5,5,2,17,2,43,2,9,1,1,7,9,1,10,1,13,14,13,,1,22,9,121.497953,25.02700131
112,6,4,11,17,2,01大同區,大同區延平北路4段與敦煌路口,0,0,2,2,C03,7,1,5,50,4,1,1,5,4,5,7,2,1,5,4,5,2,11,1,20,2,9,3,4,7,9,1,10,2,11,,13,,1,22,9,121.5119396,25.07630593
112,6,4,11,17,2,01大同區,大同區延平北路4段與敦煌路口,0,0,2,1,F03,7,1,5,50,4,1,1,5,4,5,7,2,1,5,4,5,2,11,1,51,2,9,3,4,7,11,8,20,2,16,,10,,1,22,9,121.5119396,25.07630593
112,6,4,11,18,2,07信義區,信義區莊敬路423巷7弄與莊敬路391巷11弄口,0,0,1,1,B03,8,1,5,30,3,2,1,5,4,5,7,4,4,5,4,4,2,11,1,40,3,10,3,4,7,5,1,8,2,8,,,,1,22,9,121.5663643,25.0286201
112,6,4,11,18,2,07信義區,信義區莊敬路423巷7弄與莊敬路391巷11弄口,0,0,1,2,C03,8,1,5,30,3,2,1,5,4,5,7,4,4,5,4,4,2,11,1,60,3,10,3,4,7,9,1,10,2,14,,,,1,22,9,121.5663643,25.0286201
112,6,4,11,18,2,07信義區,信義區莊敬路423巷7弄與莊敬路391巷11弄口,0,0,1,3,H02,8,1,5,30,3,2,1,5,4,5,7,4,4,5,4,4,2,11,2,62,2,8,3,5,7,21,8,20,10,15,,,,1,22,9,121.5663643,25.0286201
112,6,4,12,0,2,09北投區,北投區大業路37號,0,0,2,3,B03,8,1,5,50,14,9,1,5,4,5,7,1,1,1,4,5,1,13,1,50,3,10,1,1,7,14,1,8,1,3,,44,,1,22,9,121.4993448,25.12243509
112,6,4,12,0,2,09北投區,北投區大業路37號,0,0,2,2,B03,8,1,5,50,14,9,1,5,4,5,7,1,1,1,4,5,1,13,1,27,2,9,1,1,7,14,1,8,1,3,,44,,1,22,9,121.4993448,25.12243509
112,6,4,12,0,2,09北投區,北投區大業路37號,0,0,2,1,B03,8,1,5,50,14,9,1,5,4,5,7,1,1,1,4,5,1,13,1,87,2,9,1,1,7,9,1,8,1,1,,16,,1,22,9,121.4993448,25.12243509
112,6,4,12,20,2,07信義區,信義區光復南路與光復南路415巷口,0,0,1,2,B01,7,1,5,50,3,2,1,5,4,5,7,4,4,9,4,5,2,12,1,40,3,10,1,1,7,9,1,8,1,2,,44,,1,22,9,121.5576308,25.0373859
112,6,4,12,20,2,07信義區,信義區光復南路與光復南路415巷口,0,0,1,1,C03,7,1,5,50,3,2,1,5,4,5,7,4,4,9,4,5,2,12,1,20,2,9,1,1,7,7,1,10,1,14,,7,,1,22,9,121.5576308,25.0373859
112,6,4,12,59,2,03中山區,中山區建國北路2段與民權東路3段口口,0,0,1,1,C03,7,1,5,50,4,2,1,5,4,5,7,1,1,10,4,5,2,12,2,33,2,8,1,1,7,9,1,10,1,14,,2,,1,22,9,121.537303,25.0622747
112,6,4,12,59,2,03中山區,中山區建國北路2段與民權東路3段口口,0,0,1,2,B12,7,1,5,50,4,2,1,5,4,5,7,1,1,10,4,5,2,12,1,53,3,10,1,1,7,6,1,8,1,5,,44,,1,22,9,121.537303,25.0622747
112,6,4,13,39,2,08士林區,士林區承德路4段與士商路口,0,0,1,2,C03,7,1,5,50,5,2,1,5,4,5,7,2,1,1,3,5,2,17,2,27,2,9,1,4,7,15,1,10,1,14,,,,1,22,9,121.521477,25.08909066
112,6,4,13,39,2,08士林區,士林區承德路4段與士商路口,0,0,1,1,B01,7,1,5,50,5,2,1,5,4,5,7,2,1,1,3,5,2,17,1,60,3,10,3,4,7,9,1,4,1,2,,,,1,22,9,121.521477,25.08909066
112,6,4,14,50,2,07信義區,信義區忠孝東路4段與基隆路1段口,0,0,1,1,C04,6,1,5,50,4,1,1,4,4,5,7,2,1,1,4,5,2,18,1,21,2,9,1,1,7,9,1,10,1,15,,43,,1,22,9,121.5645097,25.0414561