發生年度,發生月,發生日,發生時-Hours,發生分,處理別-編號,區序,肇事地點,死亡人數,2-30日死亡人數,受傷人數,當事人序號,車種,天候,光線,道路類別,速限-速度限制,道路型態,事故位置,路面狀況1,路面狀況2,路面狀況3,道路障礙1,道路障礙2,號誌1,號誌2,車道劃分-分向,車道劃分-分道1,車道劃分-分道2,車道劃分-分道3,事故類型及型態,性別,年齡,受傷程度,主要傷處,保護裝置,行動電話,車輛用途,當事者行動狀態,駕駛資格情形,駕駛執照種類,飲酒情形,車輛撞擊部位1,車輛撞擊部位2,肇因碼-個別,肇因碼-主要,個人肇逃否,職業,旅次目的,座標-X,座標-Y
112,6,6,8,24,2,09北投區,北投區公館路334巷與公館路228巷口,0,0,2,2,C03,8,1,5,30,4,1,1,5,4,5,7,4,4,10,5,5,2,15,1,65,2,9,1,1,7,9,1,10,1,11,,14,,1,22,9,121.5047691,25.1246442
112,6,6,8,24,2,09北投區,北投區公館路334巷與公館路228巷口,0,0,2,1,C03,8,1,5,30,4,1,1,5,4,5,7,4,4,10,5,5,2,15,2,33,2,7,1,1,7,9,1,10,1,14,,6,,1,22,9,121.5047691,25.1246442
112,6,6,8,31,2,04大安區,大安區敦化南路2段97號與無名巷口,0,0,1,2,C03,8,1,5,30,3,1,1,5,4,5,7,4,4,10,5,5,1,15,1,37,2,9,3,4,7,9,1,10,1,12,,14,,1,22,9,121.5499167,25.0290178
112,6,6,8,31,2,04大安區,大安區敦化南路2段97號與無名巷口,0,0,1,1,B03,8,1,5,30,3,1,1,5,4,5,7,4,4,10,5,5,1,15,2,47,3,10,3,4,7,9,1,8,1,4,,6,,1,22,9,121.5499167,25.0290178
112,6,6,8,51,2,12內湖區,內湖區民權東路6段109號,0,0,2,2,C03,8,1,5,50,3,2,1,5,4,5,7,4,4,1,4,5,2,12,2,27,2,9,1,1,7,9,1,10,2,14,,14,,1,22,9,121.5914698,25.06903805
112,6,6,8,51,2,12內湖區,內湖區民權東路6段109號,0,0,2,1,C03,8,1,5,50,3,2,1,5,4,5,7,4,4,1,4,5,2,12,1,70,2,9,1,1,7,6,1,10,2,12,,9,,1,22,9,121.5914698,25.06903805
112,6,6,8,57,2,03中山區,中山區南京東路2段132號,0,0,2,1,C03,8,1,5,40,15,8,1,5,4,5,7,4,4,1,4,4,1,17,2,23,2,9,1,1,7,6,1,10,1,12,,9,,1,22,9,121.5334501,25.05201475
112,6,6,8,57,2,03中山區,中山區南京東路2段132號,0,0,2,2,C03,8,1,5,40,15,8,1,5,4,5,7,4,4,1,4,4,1,17,2,26,2,9,1,1,7,9,1,10,1,14,,23,,1,22,9,121.5334501,25.05201475
112,6,6,8,58,2,01大同區,大同區承德路3段200號,0,0,1,1,C03,8,1,5,50,14,9,1,5,4,5,7,4,4,1,4,5,2,17,1,32,3,10,3,4,7,15,1,10,1,13,,44,,1,22,9,121.5186962,25.0699362
112,6,6,8,58,2,01大同區,大同區承德路3段200號,0,0,1,2,C03,8,1,5,50,14,9,1,5,4,5,7,4,4,1,4,5,2,17,2,35,2,9,3,4,7,9,1,10,1,11,,16,,1,22,9,121.5186962,25.0699362
112,6,6,9,1,2,07信義區,信義區市民大道5段161號對面,0,0,1,1,C03,8,1,5,50,14,9,1,5,4,5,7,2,1,9,4,5,2,13,1,23,2,9,1,1,7,9,1,10,1,11,,,,1,22,9,121.563447,25.0473882
112,6,6,9,1,2,07信義區,信義區市民大道5段161號對面,0,0,1,2,B02,8,1,5,50,14,9,1,5,4,5,7,2,1,9,4,5,2,13,1,52,3,10,1,1,7,14,1,8,1,6,,,,1,22,9,121.563447,25.0473882
112,6,6,9,15,2,06松山區,松山區塔悠路47號,0,0,1,1,B03,8,1,5,50,14,9,1,5,4,5,7,2,1,3,4,5,2,13,1,34,3,10,3,4,7,8,1,8,1,6,,44,,1,22,9,121.5710005,25.05095794
112,6,6,9,15,2,06松山區,松山區塔悠路47號,0,0,1,2,C03,8,1,5,50,14,9,1,5,4,5,7,2,1,3,4,5,2,13,1,38,2,7,1,4,7,9,1,10,1,11,,16,,1,22,9,121.5710005,25.05095794
112,6,6,9,20,2,03中山區,中山區市民高架道往西建國閘道,0,0,4,1,B01,8,1,5,40,14,9,1,5,4,5,7,4,4,5,4,5,2,16,1,65,2,9,1,1,7,7,1,4,2,8,,7,,1,22,9,121.53882,25.04475209
112,6,6,9,20,2,03中山區,中山區市民高架道往西建國閘道,0,0,4,2,B03,8,1,5,40,14,9,1,5,4,5,7,4,4,5,4,5,2,16,1,24,3,10,1,1,7,9,1,8,2,5,,13,,1,22,9,121.53882,25.04475209
112,6,6,9,20,2,03中山區,中山區市民高架道往西建國閘道,0,0,4,3,B01,8,1,5,40,14,9,1,5,4,5,7,4,4,5,4,5,2,16,1,56,3,10,1,1,7,14,1,4,2,7,,44,,1,22,9,121.53882,25.04475209
112,6,6,9,20,2,03中山區,中山區市民高架道往西建國閘道,0,0,4,4,B01,8,1,5,40,14,9,1,5,4,5,7,4,4,5,4,5,2,16,1,46,2,9,1,1,7,9,1,4,2,4,,44,,1,22,9,121.53882,25.04475209
112,6,6,9,20,2,03中山區,中山區市民高架道往西建國閘道,0,0,4,5,B01,8,1,5,40,14,9,1,5,4,5,7,4,4,5,4,5,2,16,1,48,2,9,1,1,7,9,1,4,2,4,,44,,1,22,9,121.53882,25.04475209
112,6,6,9,20,2,03中山區,中山區市民高架道往西建國閘道,0,0,4,6,H02,8,1,5,40,14,9,1,5,4,5,7,4,4,5,4,5,2,16,1,51,2,9,4,5,7,17,8,20,10,16,,67,,1,22,9,121.53882,25.04475209
112,6,6,9,30,2,11南港區,南港區南深路南往北,0,0,1,1,C03,8,1,5,50,14,7,1,5,4,5,7,4,4,1,4,4,2,13,1,37,2,8,1,1,7,9,1,10,1,11,,16,,1,22,9,121.6221882,25.03482054
112,6,6,9,30,2,11南港區,南港區南深路南往北,0,0,1,2,B03,8,1,5,50,14,7,1,5,4,5,7,4,4,1,4,4,2,13,2,63,3,10,1,1,7,9,1,8,1,3,,44,,1,22,9,121.6221882,25.03482054
112,6,6,9,35,2,12內湖區,內湖區環山路3段與內湖路1段737巷口,0,0,1,2,B03,8,1,5,50,3,2,1,5,4,5,7,4,4,5,5,5,2,13,2,45,2,4,1,1,7,15,1,8,1,3,,44,,1,22,9,121.5789896,25.08447232
112,6,6,9,35,2,12內湖區,內湖區環山路3段與內湖路1段737巷口,0,0,1,1,B03,8,1,5,50,3,2,1,5,4,5,7,4,4,5,5,5,2,13,1,22,3,10,1,1,7,9,1,8,1,1,,23,,1,22,9,121.5789896,25.08447232
112,6,6,9,42,2,10文山區,文山區羅斯福路5段255號,0,0,1,2,B01,8,1,5,50,14,9,1,5,4,5,7,4,4,1,4,5,2,12,1,50,3,10,1,1,7,9,1,4,1,2,,44,,1,22,9,121.539308,25.0012363
112,6,6,9,42,2,10文山區,文山區羅斯福路5段255號,0,0,1,1,C03,8,1,5,50,14,9,1,5,4,5,7,4,4,1,4,5,2,12,1,21,2,9,1,1,7,7,1,10,1,14,,7,,1,22,9,121.539308,25.0012363
112,6,6,10,0,2,02萬華區,萬華區寶興街與興義街口,0,0,1,3,H01,8,1,5,30,4,2,1,5,4,5,7,1,1,9,5,5,2,9,2,31,3,10,1,4,8,16,8,20,10,16,,67,,1,22,9,121.4930742,25.02773842
112,6,6,10,0,2,02萬華區,萬華區寶興街與興義街口,0,0,1,2,H01,8,1,5,30,4,2,1,5,4,5,7,1,1,9,5,5,2,9,2,89,2,9,4,4,8,16,8,20,10,16,,67,,1,22,9,121.4930742,25.02773842
112,6,6,10,0,2,02萬華區,萬華區寶興街與興義街口,0,0,1,1,B03,8,1,5,30,4,2,1,5,4,5,7,1,1,9,5,5,2,9,1,67,3,10,1,4,7,2,1,8,1,3,,23,,2,22,9,121.4930742,25.02773842
112,6,6,10,6,2,07信義區,信義區永吉路30巷與永吉路30巷157弄口,0,0,2,1,C03,8,1,5,30,4,2,1,5,4,5,7,4,4,9,4,5,2,3,1,20,3,10,1,1,7,9,1,10,2,12,,15,,1,22,9,121.5686993,25.042289
112,6,6,10,6,2,07信義區,信義區永吉路30巷與永吉路30巷157弄口,0,0,2,3,H01,8,1,5,30,4,2,1,5,4,5,7,4,4,9,4,5,2,3,2,90,2,9,4,5,8,20,8,20,10,16,,67,,1,22,9,121.5686993,25.042289
112,6,6,10,6,2,07信義區,信義區永吉路30巷與永吉路30巷157弄口,0,0,2,2,H01,8,1,5,30,4,2,1,5,4,5,7,4,4,9,4,5,2,3,2,61,2,9,4,5,8,16,8,20,10,16,,67,,1,22,9,121.5686993,25.042289
112,6,6,10,15,2,10文山區,文山區木新路2段與木新路2段211巷口,0,0,1,1,B03,8,1,5,30,14,9,1,5,4,5,7,4,4,5,2,5,2,16,1,48,3,10,1,1,7,5,1,8,2,4,,,,1,22,9,121.5677956,24.9836234
112,6,6,10,15,2,10文山區,文山區木新路2段與木新路2段211巷口,0,0,1,2,C03,8,1,5,30,14,9,1,5,4,5,7,4,4,5,2,5,2,16,1,24,2,9,1,1,7,9,1,10,2,11,14,,,1,22,9,121.5677956,24.9836234
112,6,6,10,30,2,02萬華區,萬華區環河南路2段220號,0,0,2,2,C03,8,1,5,50,14,9,1,5,4,5,7,1,1,1,3,5,1,16,1,81,2,1,3,4,7,9,1,10,9,14,,44,,1,22,9,121.4927014,25.0340597
112,6,6,10,30,2,02萬華區,萬華區環河南路2段220號,0,0,2,3,H02,8,1,5,50,14,9,1,5,4,5,7,1,1,1,3,5,1,16,1,36,2,9,3,5,7,20,8,20,10,16,,67,,1,22,9,121.4927014,25.0340597
112,6,6,10,30,2,02萬華區,萬華區環河南路2段220號,0,0,2,1,B12,8,1,5,50,14,9,1,5,4,5,7,1,1,1,3,5,1,16,1,56,3,10,3,4,7,9,1,8,2,2,,44,,1,22,9,121.4927014,25.0340597
112,6,6,10,35,2,04大安區,大安區金山南路2段4號,0,0,1,1,B12,8,1,5,50,14,9,1,5,4,5,7,4,4,9,4,5,1,12,1,25,3,10,1,4,7,9,1,8,1,6,,23,,1,22,9,121.5271583,25.0337425
112,6,6,10,35,2,04大安區,大安區金山南路2段4號,0,0,1,2,C04,8,1,5,50,14,9,1,5,4,5,7,4,4,9,4,5,1,12,1,85,2,9,1,4,7,8,1,10,1,11,,7,,1,22,9,121.5271583,25.0337425
112,6,6,10,38,2,04大安區,大安區建國南路2段與建國南路2段151巷口,0,0,2,3,C03,8,1,5,50,3,1,1,5,4,5,7,1,1,1,5,5,1,12,1,44,2,9,1,1,7,3,1,10,1,14,,44,,1,22,9,121.5378014,25.0290623
112,6,6,10,38,2,04大安區,大安區建國南路2段與建國南路2段151巷口,0,0,2,2,B03,8,1,5,50,3,1,1,5,4,5,7,1,1,1,5,5,1,12,1,65,3,10,1,1,7,8,1,8,1,1,,23,,1,22,9,121.5378014,25.0290623
112,6,6,10,38,2,04大安區,大安區建國南路2段與建國南路2段151巷口,0,0,2,1,C03,8,1,5,50,3,1,1,5,4,5,7,1,1,1,5,5,1,12,2,54,2,9,1,1,7,3,1,10,1,12,,23,,1,22,9,121.5378014,25.0290623
112,6,6,10,50,2,11南港區,南港區環東大道下匝道往南港經貿園區,0,0,1,1,B03,8,1,5,40,11,9,1,5,4,5,7,4,4,10,5,5,2,16,1,51,3,10,3,4,7,9,1,8,1,8,,23,,1,22,9,121.6167891,25.0626442
112,6,6,10,50,2,11南港區,南港區環東大道下匝道往南港經貿園區,0,0,1,2,B12,8,1,5,40,11,9,1,5,4,5,7,4,4,10,5,5,2,16,1,37,3,10,3,4,7,13,1,7,1,3,,44,,1,22,9,121.6167891,25.0626442
112,6,6,10,50,2,11南港區,南港區環東大道下匝道往南港經貿園區,0,0,1,3,H02,8,1,5,40,11,9,1,5,4,5,7,4,4,10,5,5,2,16,1,30,2,8,3,5,7,20,8,20,10,15,,67,,1,22,9,121.6167891,25.0626442
112,6,6,10,51,2,08士林區,士林區前街74號與前街口,0,0,1,1,B03,8,1,5,30,3,2,1,5,4,5,7,4,4,10,5,5,1,3,1,70,3,10,1,1,7,9,1,8,1,8,,23,,1,22,9,121.5261921,25.09767823
112,6,6,10,51,2,08士林區,士林區前街74號與前街口,0,0,1,2,H01,8,1,5,30,3,2,1,5,4,5,7,4,4,10,5,5,1,3,2,75,2,9,4,5,8,16,8,20,10,16,,67,,1,22,9,121.5261921,25.09767823
112,6,6,11,7,2,01大同區,大同區南京西路與承德路1段口,0,0,1,1,B03,8,1,5,50,4,2,1,5,4,5,7,2,1,1,4,5,2,12,1,29,3,10,3,4,7,7,1,8,1,4,,7,,1,22,9,121.5175892,25.05322518
112,6,6,11,7,2,01大同區,大同區南京西路與承德路1段口,0,0,1,2,C03,8,1,5,50,4,2,1,5,4,5,7,2,1,1,4,5,2,12,1,44,2,9,1,1,7,7,1,9,1,12,,26,,1,22,9,121.5175892,25.05322518
112,6,6,12,8,2,04大安區,大安區忠孝東路4段216巷與敦化南路1段233巷口,0,0,1,1,C03,8,1,5,30,4,1,1,5,4,5,7,4,4,4,5,5,1,3,1,49,4,11,3,4,7,15,7,19,11,15,,15,,2,22,9,121.5529325,25.0403002
112,6,6,12,8,2,04大安區,大安區忠孝東路4段216巷與敦化南路1段233巷口,0,0,1,2,H01,8,1,5,30,4,1,1,5,4,5,7,4,4,4,5,5,1,3,2,67,2,9,4,5,8,16,8,20,10,16,,67,,1,22,9,121.5529325,25.0403002
112,6,6,12,25,2,05中正區,中正區金山南路1段98號,0,0,1,1,B02,8,1,5,50,14,9,1,5,4,3,5,4,4,3,4,5,1,12,1,35,3,10,1,1,7,7,1,8,2,7,,7,,1,22,9,121.5275492,25.035835
112,6,6,12,25,2,05中正區,中正區金山南路1段98號,0,0,1,2,C03,8,1,5,50,14,9,1,5,4,3,5,4,4,3,4,5,1,12,1,22,2,9,1,1,7,9,1,10,2,11,,23,,1,22,9,121.5275492,25.035835
112,6,6,12,25,2,05中正區,中正區金山南路1段98號,0,0,1,3,B03,8,1,5,50,14,9,1,5,4,3,5,4,4,3,4,5,1,12,1,68,3,10,1,1,7,14,1,8,2,3,,38,,1,22,9,121.5275492,25.035835
112,6,6,12,25,2,05中正區,中正區金山南路1段98號,0,0,1,4,B03,8,1,5,50,14,9,1,5,4,3,5,4,4,3,4,5,1,12,1,62,3,10,1,1,7,14,1,8,11,3,,38,,1,22,9,121.5275492,25.035835
112,6,6,12,28,2,08士林區,士林區中山北路6段75巷,0,0,1,2,C03,8,1,5,50,14,9,1,5,4,5,7,4,4,9,4,5,2,17,1,53,3,10,1,1,7,9,1,10,1,14,,44,,1,22,9,121.5233417,25.10439735
112,6,6,12,28,2,08士林區,士林區中山北路6段75巷,0,0,1,3,H02,8,1,5,50,14,9,1,5,4,5,7,4,4,9,4,5,2,17,2,56,2,9,1,5,7,20,8,20,10,15,,67,,1,22,9,121.5233417,25.10439735
112,6,6,12,28,2,08士林區,士林區中山北路6段75巷,0,0,1,1,B03,8,1,5,50,14,9,1,5,4,5,7,4,4,9,4,5,2,17,1,39,3,10,1,1,7,1,1,8,1,15,,19,,1,22,9,121.5233417,25.10439735
112,6,6,12,35,2,09北投區,北投區大度路3段往淡水方向,0,0,1,1,C03,8,1,5,50,14,7,1,5,4,5,7,4,4,1,4,5,2,12,1,38,2,9,1,1,7,7,3,18,6,14,,23,,1,22,9,121.4702753,25.1230134
112,6,6,12,35,2,09北投區,北投區大度路3段往淡水方向,0,0,1,2,B12,8,1,5,50,14,7,1,5,4,5,7,4,4,1,4,5,2,12,2,57,3,10,1,1,7,9,1,8,2,6,,44,,1,22,9,121.4702753,25.1230134
112,6,6,13,0,2,03中山區,中山區市民大道3段往西過松江路50公尺處,0,0,1,2,C03,8,1,5,40,14,9,1,5,4,5,7,4,4,9,4,1,1,18,1,23,2,9,1,1,7,9,1,10,1,14,,43,,1,22,9,121.5320061,25.04570823
112,6,6,13,0,2,03中山區,中山區市民大道3段往西過松江路50公尺處,0,0,1,1,G06,8,1,5,40,14,9,1,5,4,5,7,4,4,9,4,1,1,18,3,0,4,11,3,4,7,15,7,19,11,15,,43,,2,22,9,121.5320061,25.04570823
112,6,6,13,26,2,09北投區,北投區建民路與建民路110巷口口,0,0,1,1,B01,8,1,5,30,4,1,1,5,4,5,7,4,4,10,5,5,2,17,2,61,3,10,1,1,7,5,1,8,1,1,,26,,1,22,9,121.517699,25.1099479
112,6,6,13,26,2,09北投區,北投區建民路與建民路110巷口口,0,0,1,2,C03,8,1,5,30,4,1,1,5,4,5,7,4,4,10,5,5,2,17,1,34,2,8,1,1,7,9,1,10,1,12,,14,,1,22,9,121.517699,25.1099479
112,6,6,13,48,2,09北投區,北投區東華街2段與立農街1段口,0,0,2,2,C03,8,1,5,50,4,1,1,5,4,5,7,2,1,1,4,5,2,13,2,22,2,9,1,1,7,9,1,10,1,11,,16,,1,22,9,121.5118264,25.11967119
112,6,6,13,48,2,09北投區,北投區東華街2段與立農街1段口,0,0,2,3,C03,8,1,5,50,4,1,1,5,4,5,7,2,1,1,4,5,2,13,1,37,3,10,1,1,7,5,1,10,1,13,,8,,1,22,9,121.5118264,25.11967119
112,6,6,13,48,2,09北投區,北投區東華街2段與立農街1段口,0,0,2,1,C03,8,1,5,50,4,1,1,5,4,5,7,2,1,1,4,5,2,13,1,42,2,9,1,1,7,9,1,10,1,11,,23,,1,22,9,121.5118264,25.11967119
112,6,6,13,51,2,01大同區,大同區台北橋機慢車專用道往三重,0,0,2,2,C03,7,1,7,50,8,11,1,5,4,5,7,4,4,1,4,5,1,17,1,39,2,9,1,4,7,9,1,10,1,12,,44,,1,22,9,121.5085584,25.0635335
112,6,6,13,51,2,01大同區,大同區台北橋機慢車專用道往三重,0,0,2,1,C04,7,1,7,50,8,11,1,5,4,5,7,4,4,1,4,5,1,17,1,48,2,9,1,4,7,7,1,10,1,14,,7,,1,22,9,121.5085584,25.0635335
112,6,6,14,10,2,09北投區,北投區榮華三路1巷與榮華三路1巷9弄口,0,0,1,2,H01,8,1,5,30,14,9,1,5,4,5,7,4,4,9,4,5,2,3,2,71,2,8,4,1,8,16,8,20,10,16,,51,,1,22,9,121.5252571,25.11378133
112,6,6,14,10,2,09北投區,北投區榮華三路1巷與榮華三路1巷9弄口,0,0,1,1,B03,8,1,5,30,14,9,1,5,4,5,7,4,4,9,4,5,2,3,1,60,3,10,1,1,7,5,1,8,1,8,,15,,1,22,9,121.5252571,25.11378133
112,6,6,14,20,2,12內湖區,內湖區安康路25巷與安康路口,0,0,1,1,C04,8,1,5,50,4,1,1,5,4,5,7,2,1,5,4,5,2,16,1,65,2,9,1,1,7,9,1,11,1,14,,25,,1,22,9,121.5934787,25.06257884
112,6,6,14,20,2,12內湖區,內湖區安康路25巷與安康路口,0,0,1,2,B03,8,1,5,50,4,1,1,5,4,5,7,2,1,5,4,5,2,16,2,26,3,10,1,1,7,5,1,8,1,8,,44,,1,22,9,121.5934787,25.06257884
112,6,6,14,25,2,01大同區,大同區民樂街與延平北路2段50巷口,0,0,1,1,C03,8,1,5,50,3,1,1,5,4,5,7,4,4,9,5,4,2,12,1,26,3,10,1,1,7,5,1,10,1,14,,8,,1,22,9,121.5109369,25.05509775
112,6,6,14,25,2,01大同區,大同區民樂街與延平北路2段50巷口,0,0,1,2,C03,8,1,5,50,3,1,1,5,4,5,7,4,4,9,5,4,2,12,2,54,2,9,1,1,7,9,1,10,1,12,,44,,1,22,9,121.5109369,25.05509775
112,6,6,14,32,2,05中正區,中正區貴陽街1段與懷寧街口,0,0,2,1,B03,8,1,5,50,3,1,1,5,4,5,7,4,4,10,5,5,2,17,1,74,3,10,1,4,7,11,1,8,2,8,,,,1,22,9,121.5137693,25.03872203
112,6,6,14,32,2,05中正區,中正區貴陽街1段與懷寧街口,0,0,2,2,C03,8,1,5,50,3,1,1,5,4,5,7,4,4,10,5,5,2,17,2,22,2,9,1,4,7,9,1,10,2,12,13,,,1,22,9,121.5137693,25.03872203
112,6,6,14,32,2,05中正區,中正區貴陽街1段與懷寧街口,0,0,2,3,C03,8,1,5,50,3,1,1,5,4,5,7,4,4,10,5,5,2,17,1,29,2,8,1,4,7,9,1,10,2,14,,,,1,22,9,121.5137693,25.03872203
112,6,6,14,32,2,05中正區,中正區貴陽街1段與懷寧街口,0,0,2,4,B12,8,1,5,50,3,1,1,5,4,5,7,4,4,10,5,5,2,17,1,71,3,10,1,4,7,14,1,8,2,1,,,,1,22,9,121.5137693,25.03872203
112,6,6,14,36,2,08士林區,士林區承德路4段2巷與通河街76巷口,0,0,1,1,C03,8,1,5,30,3,1,1,5,4,5,7,4,4,10,5,5,2,17,1,22,2,9,1,1,7,9,1,10,2,11,,,,1,22,9,121.5198275,25.0794838
112,6,6,14,36,2,08士林區,士林區承德路4段2巷與通河街76巷口,0,0,1,2,B03,8,1,5,30,3,1,1,5,4,5,7,4,4,10,5,5,2,17,1,38,3,10,1,1,7,5,1,8,2,1,,,,1,22,9,121.5198275,25.0794838
112,6,6,14,45,2,07信義區,信義區林口街與松山路口,0,0,2,1,C03,8,1,5,50,5,1,1,5,4,5,7,4,4,9,5,5,2,17,1,33,2,9,1,1,7,5,1,10,1,12,,6,,1,22,9,121.5788233,25.0355974
112,6,6,14,45,2,07信義區,信義區林口街與松山路口,0,0,2,2,C03,8,1,5,50,5,1,1,5,4,5,7,4,4,9,5,5,2,17,1,43,2,9,1,1,7,9,1,10,1,11,,44,,1,22,9,121.5788233,25.0355974
112,6,6,15,25,2,12內湖區,內湖區文德路267巷,0,0,1,2,C03,8,1,5,50,14,9,1,5,4,5,7,4,4,1,5,4,2,12,2,49,3,10,1,1,7,9,1,10,11,14,,44,,1,22,9,121.5884274,25.0789658
112,6,6,15,25,2,12內湖區,內湖區文德路267巷,0,0,1,3,H02,8,1,5,50,14,9,1,5,4,5,7,4,4,1,5,4,2,12,2,42,2,8,1,5,7,20,8,20,10,16,,67,,1,22,9,121.5884274,25.0789658
112,6,6,15,25,2,12內湖區,內湖區文德路267巷,0,0,1,1,B03,8,1,5,50,14,9,1,5,4,5,7,4,4,1,5,4,2,12,1,70,3,10,1,1,7,10,1,10,11,2,,7,,1,22,9,121.5884274,25.0789658
112,6,6,15,30,2,05中正區,中正區福州街11-9號前,0,0,1,1,B03,8,1,5,50,14,9,1,5,4,5,7,4,4,9,5,5,1,17,1,48,3,10,1,1,7,11,1,8,1,2,,6,,1,22,9,121.5189989,25.02905963
112,6,6,15,30,2,05中正區,中正區福州街11-9號前,0,0,1,2,C03,8,1,5,50,14,9,1,5,4,5,7,4,4,9,5,5,1,17,1,61,2,7,1,1,7,9,1,10,1,11,,23,,1,22,9,121.5189989,25.02905963
112,6,6,16,20,2,02萬華區,萬華區環河南路1段103號,0,0,1,1,B03,8,1,5,50,14,9,1,5,4,5,7,4,4,9,5,5,2,17,1,44,3,10,1,1,7,11,1,8,1,7,,26,,1,22,9,121.5006256,25.04309252
112,6,6,16,20,2,02萬華區,萬華區環河南路1段103號,0,0,1,2,C03,8,1,5,50,14,9,1,5,4,5,7,4,4,9,5,5,2,17,1,33,2,9,1,1,7,9,1,10,1,11,,44,,1,22,9,121.5006256,25.04309252
112,6,6,16,50,2,05中正區,中正區重慶南路3段與汀州路2段口往中正橋方向,0,0,1,2,H02,7,1,5,30,14,9,1,5,4,5,7,2,1,1,4,5,1,9,2,42,2,9,4,1,7,17,8,20,9,15,,43,,1,22,9,121.5162958,25.02574824
112,6,6,16,50,2,05中正區,中正區重慶南路3段與汀州路2段口往中正橋方向,0,0,1,1,A02,7,1,5,30,14,9,1,5,4,5,7,2,1,1,4,5,1,9,1,46,3,10,1,1,7,1,1,2,9,15,,43,,1,22,9,121.5162958,25.02574824
112,6,6,16,53,2,10文山區,文山區興隆路4段109巷與木柵路3段48巷1弄口口,0,0,2,3,H02,8,1,5,50,3,2,1,5,4,5,7,3,1,4,3,5,2,17,2,25,2,9,1,1,7,20,8,20,10,15,,67,,1,22,9,121.564537,24.9869728
112,6,6,16,53,2,10文山區,文山區興隆路4段109巷與木柵路3段48巷1弄口口,0,0,2,2,C03,8,1,5,50,3,2,1,5,4,5,7,3,1,4,3,5,2,17,2,24,2,9,1,1,7,9,1,10,2,15,,44,,1,22,9,121.564537,24.9869728
112,6,6,16,53,2,10文山區,文山區興隆路4段109巷與木柵路3段48巷1弄口口,0,0,2,1,C03,8,1,5,50,3,2,1,5,4,5,7,3,1,4,3,5,2,17,2,60,3,10,1,1,7,9,1,10,2,15,,30,,1,22,9,121.564537,24.9869728
112,6,6,16,57,2,09北投區,北投區大度路3段與關渡路口,0,0,1,2,C03,8,1,5,50,3,1,1,5,4,5,7,1,1,1,5,5,2,12,1,54,2,9,1,1,7,9,1,10,2,14,,44,,1,22,9,121.4695507,25.12288546
112,6,6,16,57,2,09北投區,北投區大度路3段與關渡路口,0,0,1,1,B03,8,1,5,50,3,1,1,5,4,5,7,1,1,1,5,5,2,12,1,26,3,10,1,1,7,6,1,8,2,6,,9,,1,22,9,121.4695507,25.12288546
112,6,6,17,3,2,07信義區,信義區基隆路2段113-2號,0,0,1,2,B03,8,1,5,50,14,9,1,5,4,5,7,4,4,1,4,5,2,17,1,35,3,10,1,1,7,14,1,8,1,6,,,,1,21,8,121.5570012,25.0286582
112,6,6,17,3,2,07信義區,信義區基隆路2段113-2號,0,0,1,3,A02,8,1,5,50,14,9,1,5,4,5,7,4,4,1,4,5,2,17,1,42,3,10,1,1,7,1,1,2,9,15,,,,1,21,8,121.5570012,25.0286582
112,6,6,17,3,2,07信義區,信義區基隆路2段113-2號,0,0,1,4,B01,8,1,5,50,14,9,1,5,4,5,7,4,4,1,4,5,2,17,1,67,3,10,1,1,7,8,1,4,9,15,,,,1,21,8,121.5570012,25.0286582
112,6,6,17,3,2,07信義區,信義區基隆路2段113-2號,0,0,1,1,C03,8,1,5,50,14,9,1,5,4,5,7,4,4,1,4,5,2,17,1,34,2,9,1,1,7,8,1,10,1,14,,,,1,21,8,121.5570012,25.0286582
112,6,6,17,9,2,03中山區,中山區市民大道3段83號1段,0,0,1,1,C03,8,1,5,40,14,9,1,5,4,5,7,2,1,4,1,1,1,13,2,40,2,9,3,4,7,9,1,10,1,11,,16,,1,22,9,121.537456,25.0448737
112,6,6,17,9,2,03中山區,中山區市民大道3段83號1段,0,0,1,2,C03,8,1,5,40,14,9,1,5,4,5,7,2,1,4,1,1,1,13,1,19,3,10,3,4,7,9,1,10,1,13,,44,,1,22,9,121.537456,25.0448737
112,6,6,17,10,2,08士林區,士林區延平北路6段與中正路口,0,0,3,1,C03,8,1,5,50,4,1,1,5,4,5,7,2,1,1,4,5,2,16,1,37,2,9,1,1,7,5,1,10,1,11,,6,,1,22,9,121.5091838,25.0868364
112,6,6,17,10,2,08士林區,士林區延平北路6段與中正路口,0,0,3,3,H02,8,1,5,50,4,1,1,5,4,5,7,2,1,1,4,5,2,16,1,10,2,7,1,5,7,21,8,20,10,16,,67,,1,22,9,121.5091838,25.0868364
112,6,6,17,10,2,08士林區,士林區延平北路6段與中正路口,0,0,3,2,C03,8,1,5,50,4,1,1,5,4,5,7,2,1,1,4,5,2,16,1,38,2,8,1,1,7,9,1,10,1,11,,23,,1,22,9,121.5091838,25.0868364
112,6,6,17,45,2,09北投區,北投區關渡路與知行路292巷口,0,0,1,1,B03,8,1,5,30,14,9,1,5,4,5,7,4,4,9,4,5,2,16,1,53,3,10,1,1,7,9,1,8,1,1,,6,,1,22,9,121.4694186,25.121606
112,6,6,17,45,2,09北投區,北投區關渡路與知行路292巷口,0,0,1,2,C03,8,1,5,30,14,9,1,5,4,5,7,4,4,9,4,5,2,16,2,71,2,9,1,1,7,9,1,10,1,12,,44,,1,22,9,121.4694186,25.121606
112,6,6,17,51,2,09北投區,北投區承德路7段401巷88弄6號,0,0,1,1,B03,8,1,5,30,15,9,1,5,4,5,6,4,4,10,5,5,2,10,2,47,3,10,1,1,7,15,1,8,1,1,,5,,1,22,9,121.4995954,25.1178478