發生年度,發生月,發生日,發生時-Hours,發生分,處理別-編號,區序,肇事地點,死亡人數,2-30日死亡人數,受傷人數,當事人序號,車種,天候,光線,道路類別,速限-速度限制,道路型態,事故位置,路面狀況1,路面狀況2,路面狀況3,道路障礙1,道路障礙2,號誌1,號誌2,車道劃分-分向,車道劃分-分道1,車道劃分-分道2,車道劃分-分道3,事故類型及型態,性別,年齡,受傷程度,主要傷處,保護裝置,行動電話,車輛用途,當事者行動狀態,駕駛資格情形,駕駛執照種類,飲酒情形,車輛撞擊部位1,車輛撞擊部位2,肇因碼-個別,肇因碼-主要,個人肇逃否,職業,旅次目的,座標-X,座標-Y
112,6,7,10,4,2,04大安區,大安區新生南路1段103巷與新生南路1段103巷33弄口,0,0,1,1,B03,8,1,5,30,4,2,1,5,4,5,7,4,4,10,5,5,1,16,1,50,3,10,1,3,7,9,1,8,1,1,,4,,1,9,3,121.5357122,25.04060968
112,6,7,10,4,2,04大安區,大安區新生南路1段103巷與新生南路1段103巷33弄口,0,0,1,2,C03,8,1,5,30,4,2,1,5,4,5,7,4,4,10,5,5,1,16,1,34,2,8,1,1,7,15,1,10,1,12,,6,,1,5,3,121.5357122,25.04060968
112,6,7,10,41,2,12內湖區,內湖區內湖路1段205號前,0,0,2,2,C03,8,1,5,50,14,9,1,5,4,5,7,2,1,1,4,5,2,13,1,53,2,9,1,1,7,9,1,10,2,13,,44,,1,22,9,121.5635422,25.08335875
112,6,7,10,41,2,12內湖區,內湖區內湖路1段205號前,0,0,2,1,C03,8,1,5,50,14,9,1,5,4,5,7,2,1,1,4,5,2,13,2,57,2,9,1,1,7,9,6,10,8,11,,16,,1,22,9,121.5635422,25.08335875
112,6,7,11,1,2,09北投區,北投區中央北路1段115號,0,0,2,2,C03,8,1,5,50,14,9,1,5,4,5,7,4,4,9,5,5,2,16,2,25,2,9,1,1,7,9,1,10,1,11,,44,,1,22,9,121.4992874,25.1349471
112,6,7,11,1,2,09北投區,北投區中央北路1段115號,0,0,2,1,C03,8,1,5,50,14,9,1,5,4,5,7,4,4,9,5,5,2,16,2,65,2,9,1,1,7,5,1,10,1,12,,8,,1,22,9,121.4992874,25.1349471
112,6,7,11,22,2,10文山區,文山區溪洲街82巷(第0703940燈桿),0,0,1,1,C03,8,1,5,30,11,9,1,5,4,5,7,4,4,9,5,5,2,16,2,29,3,10,1,1,7,1,1,10,2,11,,19,,1,22,9,121.5350362,25.00906434
112,6,7,11,22,2,10文山區,文山區溪洲街82巷(第0703940燈桿),0,0,1,2,C03,8,1,5,30,11,9,1,5,4,5,7,4,4,9,5,5,2,16,2,21,2,9,1,1,7,9,1,10,2,12,,23,,1,22,9,121.5350362,25.00906434
112,6,7,11,23,2,10文山區,上(興隆路三段112巷2弄2號前),0,0,2,1,C03,8,1,5,30,14,9,1,5,4,5,7,4,4,9,5,5,2,16,2,73,3,10,1,1,7,1,1,10,1,11,,19,,1,22,9,121.5572963,24.99901798
112,6,7,11,23,2,10文山區,上(興隆路三段112巷2弄2號前),0,0,2,3,H02,8,1,5,30,14,9,1,5,4,5,7,4,4,9,5,5,2,16,2,43,2,8,1,5,7,20,8,20,10,15,,67,,1,22,9,121.5572963,24.99901798
112,6,7,11,23,2,10文山區,上(興隆路三段112巷2弄2號前),0,0,2,2,C03,8,1,5,30,14,9,1,5,4,5,7,4,4,9,5,5,2,16,1,76,2,9,1,1,7,9,1,10,1,12,,44,,1,22,9,121.5572963,24.99901798
112,6,7,11,34,2,04大安區,大安區復興南路1段340巷與復興南路1段口,0,0,1,1,C03,8,1,5,50,4,2,1,5,4,5,7,2,1,8,3,5,1,12,1,53,2,9,1,1,7,9,1,9,1,11,,23,,1,9,1,121.5435223,25.03609194
112,6,7,11,34,2,04大安區,大安區復興南路1段340巷與復興南路1段口,0,0,1,2,C03,8,1,5,50,4,2,1,5,4,5,7,2,1,8,3,5,1,12,1,20,3,10,1,1,7,8,1,10,1,12,,7,,1,5,3,121.5435223,25.03609194
112,6,7,12,32,2,09北投區,北投區石牌路2段與石牌路2段97巷口,0,0,1,1,B03,8,1,5,50,4,1,1,5,4,5,7,4,4,5,4,5,2,16,1,41,3,10,1,1,7,9,1,8,1,2,,23,,1,22,9,121.5166825,25.11756723
112,6,7,12,32,2,09北投區,北投區石牌路2段與石牌路2段97巷口,0,0,1,2,C04,8,1,5,50,4,1,1,5,4,5,7,4,4,5,4,5,2,16,2,18,2,9,1,1,7,9,1,10,1,14,,44,,1,22,9,121.5166825,25.11756723
112,6,7,12,44,2,09北投區,北投區文林北路94巷與文林北路80巷59弄口,0,0,2,2,C03,8,1,5,30,4,1,1,5,4,5,7,4,4,10,5,5,2,17,1,24,2,9,1,1,7,9,1,10,1,14,,23,,1,22,9,121.5189405,25.1069039
112,6,7,12,44,2,09北投區,北投區文林北路94巷與文林北路80巷59弄口,0,0,2,1,C03,8,1,5,30,4,1,1,5,4,5,7,4,4,10,5,5,2,17,1,56,2,7,1,1,7,9,1,10,1,12,,6,,1,22,9,121.5189405,25.1069039
112,6,7,12,47,2,12內湖區,內湖區成功路4段324巷與成功路4段324巷3弄口,0,0,1,2,B01,8,1,5,30,4,1,1,5,4,5,7,4,4,10,5,5,2,16,1,58,3,10,1,1,7,9,1,4,1,4,,14,,1,22,9,121.598728,25.08558171
112,6,7,12,47,2,12內湖區,內湖區成功路4段324巷與成功路4段324巷3弄口,0,0,1,1,C03,8,1,5,30,4,1,1,5,4,5,7,4,4,10,5,5,2,16,1,36,2,8,1,1,7,9,1,10,1,11,,6,,1,22,9,121.598728,25.08558171
112,6,7,12,57,2,04大安區,大安區泰順街42-5號,0,0,1,2,C03,7,1,5,30,14,9,1,5,4,5,7,4,4,10,4,5,2,17,1,20,2,9,1,1,7,9,1,10,1,11,,13,,1,22,9,121.5298136,25.02473883
112,6,7,12,57,2,04大安區,大安區泰順街42-5號,0,0,1,1,C03,7,1,5,30,14,9,1,5,4,5,7,4,4,10,4,5,2,17,1,22,3,10,1,1,7,11,1,10,1,14,,10,,1,22,9,121.5298136,25.02473883
112,6,7,13,4,2,10文山區,文山區道南橋與指南路1段59巷口,0,0,1,1,C03,8,1,5,30,4,1,1,5,4,5,7,4,4,9,5,5,2,15,2,20,3,10,1,1,7,9,1,10,1,11,,6,,1,22,9,121.5711652,24.98767074
112,6,7,13,4,2,10文山區,文山區道南橋與指南路1段59巷口,0,0,1,2,C03,8,1,5,30,4,1,1,5,4,5,7,4,4,9,5,5,2,15,2,36,2,8,1,1,7,9,1,10,1,12,,23,,1,22,9,121.5711652,24.98767074
112,6,7,13,5,2,10文山區,文山區興隆路2段217巷2弄與興隆路2段203巷2弄口,0,0,1,1,F01,7,1,5,30,4,1,1,5,4,5,7,4,4,10,5,5,2,15,2,70,2,8,2,4,7,9,8,20,2,16,,6,,1,22,9,121.5499645,25.0014373
112,6,7,13,5,2,10文山區,文山區興隆路2段217巷2弄與興隆路2段203巷2弄口,0,0,1,2,B03,7,1,5,30,4,1,1,5,4,5,7,4,4,10,5,5,2,15,2,35,3,10,1,4,7,9,1,8,2,1,,23,,1,22,9,121.5499645,25.0014373
112,6,7,13,30,2,08士林區,士林區菁山路101巷79號,0,0,1,1,C03,8,1,5,30,12,9,1,5,4,5,7,4,4,5,5,5,1,26,1,19,2,9,1,1,7,9,1,10,1,14,,23,,1,22,9,121.5622118,25.1524596
112,6,7,13,30,2,08士林區,士林區菁山路101巷79號,0,0,1,2,,8,1,5,30,12,9,1,5,4,5,7,4,4,5,5,5,1,26,3,0,,,,,,,,,9,,,67,,1,,,121.5622118,25.1524596
112,6,7,13,37,2,03中山區,中山區南京東路3段103號,0,0,1,3,B01,8,1,5,50,14,9,1,5,4,5,7,4,4,1,4,4,2,16,1,51,3,10,3,4,7,1,1,4,1,7,,19,,1,22,9,121.539273,25.05204258
112,6,7,13,37,2,03中山區,中山區南京東路3段103號,0,0,1,1,B03,8,1,5,50,14,9,1,5,4,5,7,4,4,1,4,4,2,16,1,36,3,10,3,4,7,8,1,8,1,6,,7,,1,22,9,121.539273,25.05204258
112,6,7,13,37,2,03中山區,中山區南京東路3段103號,0,0,1,2,C03,8,1,5,50,14,9,1,5,4,5,7,4,4,1,4,4,2,16,1,53,2,7,1,1,7,9,6,18,1,11,,23,,1,22,9,121.539273,25.05204258
112,6,7,13,50,2,07信義區,信義區信義路5段與松智路口,0,0,1,1,B03,8,1,5,50,4,2,1,5,4,5,7,1,1,5,4,5,2,11,2,60,3,10,1,1,7,5,1,8,1,5,,8,,1,22,9,121.5654102,25.0329947
112,6,7,13,50,2,07信義區,信義區信義路5段與松智路口,0,0,1,2,C03,8,1,5,50,4,2,1,5,4,5,7,1,1,5,4,5,2,11,1,26,2,9,1,1,7,9,1,10,1,11,,23,,1,22,9,121.5654102,25.0329947
112,6,7,14,1,2,03中山區,中山區中山北路2段與民權東路1段口,0,0,2,2,C03,8,1,5,50,4,1,1,5,4,5,7,1,1,5,4,5,2,12,1,24,2,8,1,1,7,9,1,10,1,14,,44,,1,22,9,121.5227843,25.0627146
112,6,7,14,1,2,03中山區,中山區中山北路2段與民權東路1段口,0,0,2,1,C03,8,1,5,50,4,1,1,5,4,5,7,1,1,5,4,5,2,12,2,47,2,9,1,1,7,8,1,10,1,12,,7,,1,22,9,121.5227843,25.0627146
112,6,7,14,30,2,12內湖區,內湖區舊宗路1段與新湖一路口,0,0,1,2,C03,8,1,5,50,4,1,1,5,4,5,7,2,1,1,4,5,2,16,2,24,2,8,1,1,7,9,1,10,1,14,,44,,1,22,9,121.5791793,25.06026213
112,6,7,14,30,2,12內湖區,內湖區舊宗路1段與新湖一路口,0,0,1,1,B03,8,1,5,50,4,1,1,5,4,5,7,2,1,1,4,5,2,16,2,44,3,10,1,1,7,5,1,8,1,1,,6,,1,22,9,121.5791793,25.06026213
112,6,7,14,30,2,04大安區,大安區大安路1段220巷與四維路76巷口,0,0,2,1,C03,7,1,5,50,4,1,1,5,4,5,7,4,4,10,5,5,1,1,1,62,2,9,1,1,7,9,1,10,1,11,,23,,1,22,9,121.5460108,25.0343367
112,6,7,14,30,2,04大安區,大安區大安路1段220巷與四維路76巷口,0,0,2,2,F06,7,1,5,50,4,1,1,5,4,5,7,4,4,10,5,5,1,1,1,54,2,9,4,5,8,20,8,20,1,16,,54,,1,22,9,121.5460108,25.0343367
112,6,7,14,42,2,12內湖區,內湖區民權東路6段190巷與民權東路6段180巷77弄口,0,0,1,1,B12,8,1,5,30,4,1,1,5,4,5,7,4,4,10,4,5,2,17,1,34,4,11,3,4,7,15,7,19,11,15,,6,,2,22,9,121.5943075,25.06573927
112,6,7,14,42,2,12內湖區,內湖區民權東路6段190巷與民權東路6段180巷77弄口,0,0,1,2,C03,8,1,5,30,4,1,1,5,4,5,7,4,4,10,4,5,2,17,1,34,2,9,1,1,7,9,1,9,1,15,,13,,1,22,9,121.5943075,25.06573927
112,6,7,14,49,2,04大安區,大安區大安路1段206巷口,0,0,1,1,B12,8,1,5,30,14,9,1,5,4,5,7,4,4,10,5,5,2,17,1,41,3,10,3,4,7,9,1,6,9,4,,23,,1,22,9,121.5444207,25.0347358
112,6,7,14,49,2,04大安區,大安區大安路1段206巷口,0,0,1,2,B03,8,1,5,30,14,9,1,5,4,5,7,4,4,10,5,5,2,17,1,47,2,7,3,4,7,13,1,8,9,2,,40,,1,22,9,121.5444207,25.0347358
112,6,7,15,3,2,03中山區,中山區中山北路4段往士林,0,0,1,1,A02,6,1,5,50,14,9,1,4,4,5,7,1,1,1,4,5,1,9,1,58,3,10,1,1,7,1,1,2,1,15,,43,,1,22,9,121.5267111,25.0764227
112,6,7,15,3,2,03中山區,中山區中山北路4段往士林,0,0,1,2,H02,6,1,5,50,14,9,1,4,4,5,7,1,1,1,4,5,1,9,2,71,2,2,2,1,7,20,8,20,10,16,,67,,1,22,9,121.5267111,25.0764227
112,6,7,15,10,2,03中山區,中山區民族東路與新生北路3段口,0,0,1,1,,7,1,5,50,4,2,1,5,4,5,7,1,1,5,4,5,2,29,3,0,,,,,,,,,11,,,67,,1,,,121.5274408,25.0683421
112,6,7,15,10,2,03中山區,中山區民族東路與新生北路3段口,0,0,1,2,C03,7,1,5,50,4,2,1,5,4,5,7,1,1,5,4,5,2,29,1,28,2,9,1,1,7,9,1,10,1,12,,43,,1,22,9,121.5274408,25.0683421
112,6,7,15,10,2,03中山區,中山區民族東路與新生北路3段口,0,0,1,3,C03,7,1,5,50,4,2,1,5,4,5,7,1,1,5,4,5,2,29,1,52,3,10,1,1,7,9,1,9,1,14,,43,,1,22,9,121.5274408,25.0683421
112,6,7,16,7,2,03中山區,中山區吉林路與民生東路2段口,0,0,1,2,B03,6,1,5,40,4,2,1,4,4,5,7,2,1,5,4,4,2,17,1,42,3,10,3,4,7,5,1,8,2,15,,6,,1,22,9,121.5307913,25.0578787
112,6,7,16,7,2,03中山區,中山區吉林路與民生東路2段口,0,0,1,1,C03,6,1,5,40,4,2,1,4,4,5,7,2,1,5,4,4,2,17,1,24,2,9,3,4,7,9,1,10,2,14,,44,,1,22,9,121.5307913,25.0578787
112,6,7,16,16,2,01大同區,大同區重慶北路2段與民權西路口,0,0,2,1,C03,6,1,5,50,4,1,1,4,4,5,7,2,1,1,4,5,2,3,1,37,2,8,1,1,7,6,1,10,2,11,,15,,1,22,9,121.5135133,25.06285892
112,6,7,16,16,2,01大同區,大同區重慶北路2段與民權西路口,0,0,2,2,H01,6,1,5,50,4,1,1,4,4,5,7,2,1,1,4,5,2,3,2,71,2,9,4,5,8,16,8,20,10,16,,67,,1,22,9,121.5135133,25.06285892
112,6,7,16,45,2,05中正區,中正區汀州路1段與汀州路1段92巷口,0,0,2,2,C03,7,1,5,50,3,1,1,5,4,5,7,2,1,4,4,5,1,17,2,52,2,9,1,1,7,5,1,10,1,11,,25,,1,22,9,121.5075112,25.03039922
112,6,7,16,45,2,05中正區,中正區汀州路1段與汀州路1段92巷口,0,0,2,1,C03,7,1,5,50,3,1,1,5,4,5,7,2,1,4,4,5,1,17,2,64,2,8,1,1,7,9,1,10,1,13,,44,,1,22,9,121.5075112,25.03039922
112,6,7,17,5,2,12內湖區,內湖區金龍路與內湖路3段口,0,0,1,1,B02,7,1,5,50,4,1,1,4,4,5,7,1,1,10,4,5,2,3,4,0,4,11,3,4,7,15,7,19,11,15,,43,,2,22,9,121.5926035,25.0850586
112,6,7,17,5,2,12內湖區,內湖區金龍路與內湖路3段口,0,0,1,2,H01,7,1,5,50,4,1,1,4,4,5,7,1,1,10,4,5,2,3,2,19,2,9,4,5,8,16,8,20,10,16,,67,,1,22,9,121.5926035,25.0850586
112,6,7,17,12,2,04大安區,大安區忠孝東路4段與大安路1段口口,0,0,1,2,B03,8,1,5,50,14,9,1,5,4,5,7,2,1,10,5,5,2,13,1,26,3,10,1,1,7,12,1,8,1,7,,44,,1,22,9,121.5465199,25.041663
112,6,7,17,12,2,04大安區,大安區忠孝東路4段與大安路1段口口,0,0,1,1,C03,8,1,5,50,14,9,1,5,4,5,7,2,1,10,5,5,2,13,1,55,2,9,1,1,7,9,1,10,1,11,,44,,1,22,9,121.5465199,25.041663
112,6,7,17,26,2,03中山區,中山區農安街58號,0,0,1,2,C04,8,1,5,50,15,9,1,5,4,5,7,4,4,5,4,5,1,17,1,45,2,9,1,1,7,9,1,10,1,11,,23,,1,22,9,121.5283243,25.0647624
112,6,7,17,26,2,03中山區,中山區農安街58號,0,0,1,1,B03,8,1,5,50,15,9,1,5,4,5,7,4,4,5,4,5,1,17,1,45,3,10,1,1,7,2,1,8,1,6,,12,,1,22,9,121.5283243,25.0647624
112,6,7,17,46,2,01大同區,大同區重慶北路2段與民權西路口,0,0,1,1,C03,7,1,5,0,4,2,1,5,4,5,7,2,1,1,4,5,2,12,2,65,4,11,3,4,7,7,7,19,11,15,,44,,2,22,9,121.5136974,25.06273123
112,6,7,17,46,2,01大同區,大同區重慶北路2段與民權西路口,0,0,1,2,C03,7,1,5,0,4,2,1,5,4,5,7,2,1,1,4,5,2,12,2,40,2,9,3,4,7,9,1,10,11,11,,23,,1,22,9,121.5136974,25.06273123
112,6,7,17,48,2,12內湖區,內湖區洲子街與內湖路1段518巷口,0,0,1,1,B02,7,1,5,50,4,1,1,5,4,5,7,2,1,9,4,5,2,16,1,46,3,10,1,1,7,5,1,8,2,6,,6,,1,22,9,121.5735405,25.07905953
112,6,7,17,48,2,12內湖區,內湖區洲子街與內湖路1段518巷口,0,0,1,2,C03,7,1,5,50,4,1,1,5,4,5,7,2,1,9,4,5,2,16,1,53,2,9,1,1,7,11,1,10,2,11,,44,,1,22,9,121.5735405,25.07905953
112,6,7,18,0,2,03中山區,中山區大直橋往北，未到崇實路,0,0,1,3,B03,8,1,5,50,14,9,1,5,4,5,7,1,1,1,3,5,1,17,1,72,3,10,1,1,7,14,1,8,1,6,,44,,1,22,9,121.5445398,25.0791846
112,6,7,18,0,2,03中山區,中山區大直橋往北，未到崇實路,0,0,1,1,C03,8,1,5,50,14,9,1,5,4,5,7,1,1,1,3,5,1,17,1,62,3,10,1,1,7,7,1,10,11,15,,7,,1,22,9,121.5445398,25.0791846
112,6,7,18,0,2,03中山區,中山區大直橋往北，未到崇實路,0,0,1,2,C03,8,1,5,50,14,9,1,5,4,5,7,1,1,1,3,5,1,17,1,25,2,9,1,1,7,9,1,10,1,14,,44,,1,22,9,121.5445398,25.0791846
112,6,7,18,2,2,08士林區,士林區延平北路7段106巷與堤外便道口,0,0,1,1,B03,8,1,5,30,3,1,1,5,4,5,7,4,4,10,5,5,2,17,1,25,3,10,1,1,7,5,1,8,1,1,,6,,1,22,9,121.4961137,25.1015992
112,6,7,18,2,2,08士林區,士林區延平北路7段106巷與堤外便道口,0,0,1,2,C03,8,1,5,30,3,1,1,5,4,5,7,4,4,10,5,5,2,17,1,56,2,9,1,1,7,9,1,10,1,11,,42,,1,22,9,121.4961137,25.1015992
112,6,7,18,2,2,09北投區,北投區承德路6段427號,0,0,1,1,B12,7,1,5,60,14,9,1,4,4,5,7,4,4,1,4,5,2,16,1,25,3,10,1,1,7,6,1,8,1,5,,9,,1,22,9,121.5114593,25.10800406
112,6,7,18,2,2,09北投區,北投區承德路6段427號,0,0,1,2,C03,7,1,5,60,14,9,1,4,4,5,7,4,4,1,4,5,2,16,1,44,2,9,1,1,7,9,1,10,1,14,,44,,1,22,9,121.5114593,25.10800406
112,6,7,18,7,2,03中山區,中山區松江路69巷與松江路口,0,0,1,1,C03,8,1,5,30,3,2,1,5,4,5,7,4,4,10,5,5,1,15,1,42,3,10,1,4,7,9,1,10,1,11,,26,,1,22,9,121.5331399,25.04938335
112,6,7,18,7,2,03中山區,中山區松江路69巷與松江路口,0,0,1,2,F01,8,1,5,30,3,2,1,5,4,5,7,4,4,10,5,5,1,15,2,23,2,7,3,4,7,9,8,20,1,16,,42,,1,22,9,121.5331399,25.04938335
112,6,7,18,30,2,12內湖區,內湖區內湖路1段411巷62弄6號旁,0,0,1,1,B03,8,3,5,30,14,9,1,5,4,5,7,4,4,10,5,5,2,16,1,26,3,10,1,1,7,5,1,8,1,8,,8,,1,22,9,121.5709089,25.08377774
112,6,7,18,30,2,12內湖區,內湖區內湖路1段411巷62弄6號旁,0,0,1,2,C03,8,3,5,30,14,9,1,5,4,5,7,4,4,10,5,5,2,16,2,38,2,9,1,1,7,9,1,10,1,12,,44,,1,22,9,121.5709089,25.08377774
112,6,7,18,35,2,12內湖區,內湖區成功路2段與安康路口,0,0,1,2,C03,7,1,5,50,4,1,1,5,4,5,7,2,1,1,4,5,2,16,1,60,2,7,1,1,7,9,1,10,1,11,,44,,1,22,9,121.5912695,25.06057721
112,6,7,18,35,2,12內湖區,內湖區成功路2段與安康路口,0,0,1,3,C03,7,1,5,50,4,1,1,5,4,5,7,2,1,1,4,5,2,16,1,49,3,10,1,1,7,9,1,10,1,11,,44,,1,22,9,121.5912695,25.06057721
112,6,7,18,35,2,12內湖區,內湖區成功路2段與安康路口,0,0,1,1,C03,7,1,5,50,4,1,1,5,4,5,7,2,1,1,4,5,2,16,1,48,3,10,1,1,7,9,1,10,1,12,,25,,1,22,9,121.5912695,25.06057721
112,6,7,18,40,2,03中山區,中山區復興北路152號,0,0,1,1,B12,8,3,5,50,14,9,1,5,4,5,7,1,1,1,3,5,2,17,1,64,3,10,1,1,7,8,1,8,1,15,,7,,1,22,9,121.5442925,25.0526026
112,6,7,18,40,2,03中山區,中山區復興北路152號,0,0,1,2,C03,8,3,5,50,14,9,1,5,4,5,7,1,1,1,3,5,2,17,2,28,2,9,1,1,7,9,1,10,11,14,,44,,1,22,9,121.5442925,25.0526026
112,6,7,18,45,2,03中山區,中山區錦州街251號,0,0,1,1,B03,8,1,5,50,14,9,1,5,4,5,7,4,4,8,3,5,1,13,1,66,3,10,1,1,7,9,1,8,11,1,,,,2,22,9,121.5344071,25.06032928
112,6,7,18,45,2,03中山區,中山區錦州街251號,0,0,1,2,C03,8,1,5,50,14,9,1,5,4,5,7,4,4,8,3,5,1,13,2,24,2,5,1,1,7,14,1,10,9,13,,,,1,22,9,121.5344071,25.06032928
112,6,7,19,29,2,06松山區,松山區光復北路與光復北路165巷口,0,0,2,1,C04,7,3,5,50,3,1,1,5,4,5,7,2,1,5,4,5,2,17,2,76,2,9,1,1,7,5,3,18,1,14,,8,,1,22,9,121.5553932,25.05727796
112,6,7,19,29,2,06松山區,松山區光復北路與光復北路165巷口,0,0,2,2,C03,7,3,5,50,3,1,1,5,4,5,7,2,1,5,4,5,2,17,2,30,2,9,1,1,7,9,1,10,1,11,,44,,1,22,9,121.5553932,25.05727796
112,6,7,21,34,2,07信義區,信義區松仁路158巷1號與松仁路口,0,0,1,1,C03,8,3,5,50,4,2,1,5,4,5,7,4,4,10,4,5,2,13,2,37,2,8,1,1,7,9,1,10,1,11,,23,,1,22,9,121.5683134,25.0286596
112,6,7,21,34,2,07信義區,信義區松仁路158巷1號與松仁路口,0,0,1,2,B03,8,3,5,50,4,2,1,5,4,5,7,4,4,10,4,5,2,13,1,37,3,10,1,1,7,14,1,8,1,3,,44,,1,22,9,121.5683134,25.0286596
112,6,7,21,40,2,10文山區,文山區木柵路3段189號,0,0,1,2,C03,8,3,5,30,14,9,1,5,4,5,7,4,4,9,5,5,2,16,2,61,2,7,1,1,7,9,1,10,2,14,,27,,1,22,9,121.5701202,24.99010569
112,6,7,21,40,2,10文山區,文山區木柵路3段189號,0,0,1,1,B01,8,3,5,30,14,9,1,5,4,5,7,4,4,9,5,5,2,16,1,31,3,10,1,1,7,11,1,2,2,8,,11,,1,21,4,121.5701202,24.99010569
112,6,7,21,48,2,03中山區,中山區建國北路3段榮星花園停車場出口人行道,0,0,1,1,C03,8,3,5,0,15,20,4,5,4,5,7,4,4,10,5,5,2,9,2,30,3,10,3,4,7,15,1,10,1,14,,42,,1,22,9,121.5373102,25.06377004
112,6,7,21,48,2,03中山區,中山區建國北路3段榮星花園停車場出口人行道,0,0,1,2,H01,8,3,5,0,15,20,4,5,4,5,7,4,4,10,5,5,2,9,1,34,2,7,4,5,8,16,8,20,10,16,,67,,1,22,9,121.5373102,25.06377004
112,6,7,22,6,2,04大安區,大安區和平東路3段與基隆路2段口,0,0,1,1,C03,8,3,5,0,4,2,1,5,4,5,7,2,1,8,3,5,1,13,1,53,2,9,1,1,7,12,1,9,1,11,,,,1,5,1,121.5526884,25.02454548
112,6,7,22,6,2,04大安區,大安區和平東路3段與基隆路2段口,0,0,1,3,B03,8,3,5,0,4,2,1,5,4,5,7,2,1,8,3,5,1,13,1,25,3,10,1,1,7,8,1,8,9,15,,,,1,21,5,121.5526884,25.02454548
112,6,7,22,6,2,04大安區,大安區和平東路3段與基隆路2段口,0,0,1,2,B03,8,3,5,0,4,2,1,5,4,5,7,2,1,8,3,5,1,13,1,36,3,10,1,1,7,12,1,8,1,3,,,,1,2,1,121.5526884,25.02454548
112,6,7,22,8,2,03中山區,中山區錦州街與新生北路2段口,0,0,1,1,C03,8,3,5,50,4,1,1,5,4,5,7,1,1,1,3,5,1,16,1,29,2,9,1,1,7,5,1,10,1,14,,8,,1,22,9,121.5274957,25.0602693
112,6,7,22,8,2,03中山區,中山區錦州街與新生北路2段口,0,0,1,2,B03,8,3,5,50,4,1,1,5,4,5,7,1,1,1,3,5,1,16,1,39,3,10,1,1,7,9,1,8,1,5,,44,,1,22,9,121.5274957,25.0602693
112,6,7,22,42,2,03中山區,中山區民權東路2段29號,0,0,1,1,C03,8,3,5,50,14,9,1,5,4,5,7,4,4,1,4,5,2,17,1,27,3,10,3,4,7,8,1,10,9,15,,7,,1,22,9,121.5293798,25.06269341
112,6,7,22,42,2,03中山區,中山區民權東路2段29號,0,0,1,2,C03,8,3,5,50,14,9,1,5,4,5,7,4,4,1,4,5,2,17,1,21,2,9,3,4,7,9,1,10,1,14,,44,,1,22,9,121.5293798,25.06269341
112,6,7,23,10,2,01大同區,大同區延平北路4段99號,0,0,2,1,C03,8,3,5,50,14,8,1,5,4,5,7,4,4,5,5,4,2,16,2,20,2,7,1,1,7,11,1,10,1,14,,10,,1,22,9,121.5109139,25.07100673
112,6,7,23,10,2,01大同區,大同區延平北路4段99號,0,0,2,2,C03,8,3,5,50,14,8,1,5,4,5,7,4,4,5,5,4,2,16,2,30,2,9,1,1,7,9,1,10,1,11,,23,,1,22,9,121.5109139,25.07100673
112,6,8,3,48,2,02萬華區,萬華區環河南路2段與雙園街口,0,0,2,1,B12,8,1,5,50,4,1,1,5,4,5,7,1,1,1,3,5,2,11,1,54,3,10,1,1,7,5,1,8,1,2,,6,,1,22,9,121.4915865,25.032063
112,6,8,3,48,2,02萬華區,萬華區環河南路2段與雙園街口,0,0,2,2,C03,8,1,5,50,4,1,1,5,4,5,7,1,1,1,3,5,2,11,1,18,2,9,1,1,7,9,6,18,1,11,,44,,1,22,9,121.4915865,25.032063
112,6,8,3,48,2,02萬華區,萬華區環河南路2段與雙園街口,0,0,2,3,H02,8,1,5,50,4,1,1,5,4,5,7,1,1,1,3,5,2,11,2,16,2,8,1,5,7,21,8,20,10,16,,67,,1,22,9,121.4915865,25.032063
112,6,8,6,1,2,07信義區,信義區中坡南路90號,0,0,1,2,H02,8,1,5,30,14,9,1,5,4,5,7,4,4,8,3,5,2,9,2,81,2,9,1,1,7,19,8,20,10,16,,67,,1,22,9,121.5852543,25.041255
112,6,8,6,1,2,07信義區,信義區中坡南路90號,0,0,1,1,A04,8,1,5,30,14,9,1,5,4,5,7,4,4,8,3,5,2,9,2,57,3,10,1,1,7,15,1,2,1,15,,43,,1,22,9,121.5852543,25.041255
112,6,8,7,10,2,12內湖區,內湖區大湖隧道南往北,0,0,1,1,F01,8,3,5,50,14,12,1,5,4,5,7,4,4,5,4,4,2,17,1,14,2,9,2,1,7,9,8,20,1,16,,23,,1,22,9,121.6109584,25.0793345
112,6,8,7,10,2,12內湖區,內湖區大湖隧道南往北,0,0,1,2,F01,8,3,5,50,14,12,1,5,4,5,7,4,4,5,4,4,2,17,2,41,3,10,2,1,7,9,8,20,1,16,,44,,1,22,9,121.6109584,25.0793345
112,6,8,7,11,2,11南港區,南港區興中路68巷與興中路口,0,0,2,1,B03,8,1,5,50,3,1,1,5,4,5,7,4,4,4,3,5,2,16,1,31,3,10,3,4,7,5,1,8,2,1,,8,,1,22,9,121.6069087,25.0570185
112,6,8,7,11,2,11南港區,南港區興中路68巷與興中路口,0,0,2,2,C03,8,1,5,50,3,1,1,5,4,5,7,4,4,4,3,5,2,16,1,58,2,9,3,4,7,9,1,10,2,12,,23,,1,22,9,121.6069087,25.0570185
112,6,8,7,11,2,11南港區,南港區興中路68巷與興中路口,0,0,2,3,H02,8,1,5,50,3,1,1,5,4,5,7,4,4,4,3,5,2,16,2,15,2,9,3,4,7,21,8,20,10,15,,60,,1,22,9,121.6069087,25.0570185
112,6,8,7,15,2,03中山區,中山區復興北路與復興北路280巷口,0,0,1,1,F06,8,1,5,50,3,1,1,5,4,5,7,4,4,10,4,5,2,16,1,27,3,10,4,5,7,9,8,20,1,16,,42,,1,22,9,121.5439348,25.0586268