發生年度,發生月,發生日,發生時-Hours,發生分,處理別-編號,區序,肇事地點,死亡人數,2-30日死亡人數,受傷人數,當事人序號,車種,天候,光線,道路類別,速限-速度限制,道路型態,事故位置,路面狀況1,路面狀況2,路面狀況3,道路障礙1,道路障礙2,號誌1,號誌2,車道劃分-分向,車道劃分-分道1,車道劃分-分道2,車道劃分-分道3,事故類型及型態,性別,年齡,受傷程度,主要傷處,保護裝置,行動電話,車輛用途,當事者行動狀態,駕駛資格情形,駕駛執照種類,飲酒情形,車輛撞擊部位1,車輛撞擊部位2,肇因碼-個別,肇因碼-主要,個人肇逃否,職業,旅次目的,座標-X,座標-Y
112,6,9,11,27,2,03中山區,中山區吉林路22巷與吉林路口,0,0,2,1,F01,7,1,5,30,5,2,1,5,4,5,7,4,4,5,4,4,1,15,1,67,2,9,3,1,7,9,8,20,1,16,,,,1,22,9,121.5300164,25.05100828
112,6,9,11,30,2,03中山區,中山區建國北路3段與農安街口,0,0,2,3,B01,8,1,5,50,4,2,1,5,4,5,7,2,1,1,4,5,2,17,1,52,3,10,3,4,7,14,1,4,1,3,,44,,1,22,9,121.5366747,25.06473273
112,6,9,11,30,2,03中山區,中山區建國北路3段與農安街口,0,0,2,2,B01,8,1,5,50,4,2,1,5,4,5,7,2,1,1,4,5,2,17,1,36,2,3,3,4,7,9,1,4,1,4,,42,,1,22,9,121.5366747,25.06473273
112,6,9,11,30,2,03中山區,中山區建國北路3段與農安街口,0,0,2,1,C03,8,1,5,50,4,2,1,5,4,5,7,2,1,1,4,5,2,17,2,76,2,8,1,4,7,5,1,10,1,12,,8,,1,22,9,121.5366747,25.06473273
112,6,9,11,33,2,07信義區,信義區信義路4段與光復南路口,0,0,1,2,C03,6,1,5,50,14,9,1,4,4,5,7,1,1,1,4,5,2,17,2,23,2,9,3,4,7,9,1,10,1,12,,42,,1,22,9,121.557721,25.0329661
112,6,9,11,33,2,07信義區,信義區信義路4段與光復南路口,0,0,1,1,B01,6,1,5,50,14,9,1,4,4,5,7,1,1,1,4,5,2,17,1,57,3,10,3,4,7,8,1,4,1,15,,7,,1,22,9,121.557721,25.0329661
112,6,9,12,17,2,05中正區,中正區中華路2段305巷12號,0,0,2,3,B12,6,1,5,30,14,9,1,4,4,3,5,4,4,10,5,5,2,3,3,0,,,,,,,,,,,,43,,1,,,121.5052036,25.0291316
112,6,9,12,17,2,05中正區,中正區中華路2段305巷12號,0,0,2,2,H01,6,1,5,30,14,9,1,4,4,3,5,4,4,10,5,5,2,3,2,52,2,1,4,5,8,18,8,20,1,16,,67,,1,22,9,121.5052036,25.0291316
112,6,9,12,17,2,05中正區,中正區中華路2段305巷12號,0,0,2,1,C03,6,1,5,30,14,9,1,4,4,3,5,4,4,10,5,5,2,3,1,40,2,1,1,1,7,9,1,10,1,11,,43,,1,22,9,121.5052036,25.0291316
112,6,9,12,18,2,08士林區,士林區承德路4段與中正路口,0,0,1,1,B02,8,1,5,50,3,2,1,5,4,5,7,4,4,3,4,4,2,17,1,24,3,10,1,1,7,6,1,8,1,2,,9,,1,22,9,121.5173865,25.0905114
112,6,9,12,18,2,08士林區,士林區承德路4段與中正路口,0,0,1,2,C03,8,1,5,50,3,2,1,5,4,5,7,4,4,3,4,4,2,17,1,29,2,9,1,1,7,9,1,10,1,14,,14,,1,22,9,121.5173865,25.0905114
112,6,9,12,25,2,12內湖區,內湖區內湖路1段與內湖路1段360巷口,0,0,1,1,B03,8,1,5,50,4,1,1,5,4,5,7,1,1,1,4,4,1,12,1,33,3,10,3,4,7,9,1,8,1,1,,26,,1,22,9,121.5707763,25.08147996
112,6,9,12,25,2,12內湖區,內湖區內湖路1段與內湖路1段360巷口,0,0,1,2,C03,8,1,5,50,4,1,1,5,4,5,7,1,1,1,4,4,1,12,2,52,2,6,3,4,7,5,1,10,1,13,,8,,1,22,9,121.5707763,25.08147996
112,6,9,12,31,2,06松山區,松山區松河街112號,0,0,1,1,B12,6,1,5,40,14,9,1,4,4,5,7,4,4,9,4,5,2,16,1,28,3,10,1,1,7,11,1,8,2,5,,10,,1,22,9,121.5750702,25.0510469
112,6,9,12,31,2,06松山區,松山區松河街112號,0,0,1,2,C03,6,1,5,40,14,9,1,4,4,5,7,4,4,9,4,5,2,16,2,20,2,9,1,1,7,9,1,10,2,11,,44,,1,22,9,121.5750702,25.0510469
112,6,9,12,35,2,08士林區,士林區基河路240巷與基河路口,0,0,1,2,H01,8,1,5,50,4,1,1,5,4,5,7,1,1,5,5,5,2,3,1,57,2,9,4,5,8,16,8,20,10,16,,67,,1,22,9,121.5215199,25.09142513
112,6,9,12,35,2,08士林區,士林區基河路240巷與基河路口,0,0,1,1,B03,8,1,5,50,4,1,1,5,4,5,7,1,1,5,5,5,2,3,1,75,3,10,3,4,7,5,1,8,2,1,,15,,1,22,9,121.5215199,25.09142513
112,6,9,12,55,2,12內湖區,內湖區內湖路2段與內湖路2段29巷口,0,0,2,1,C03,8,1,5,50,4,1,1,5,4,5,7,4,4,5,5,5,2,13,1,48,2,9,1,1,7,9,1,10,1,11,,23,,1,22,9,121.5797373,25.07881586
112,6,9,12,55,2,12內湖區,內湖區內湖路2段與內湖路2段29巷口,0,0,2,2,C03,8,1,5,50,4,1,1,5,4,5,7,4,4,5,5,5,2,13,1,33,2,9,1,1,7,14,1,10,1,13,,44,,1,22,9,121.5797373,25.07881586
112,6,9,13,20,2,08士林區,士林區福國路與德行西路94巷口,0,0,1,1,B03,8,1,5,50,5,1,1,5,4,5,7,2,1,1,4,5,1,16,2,47,3,10,1,1,7,6,1,8,1,5,,9,,1,21,8,121.5217199,25.10193045
112,6,9,13,20,2,08士林區,士林區福國路與德行西路94巷口,0,0,1,2,C03,8,1,5,50,5,1,1,5,4,5,7,2,1,1,4,5,1,16,1,22,2,9,1,1,7,9,1,10,1,14,,23,,1,21,8,121.5217199,25.10193045
112,6,9,13,55,2,04大安區,大安區仁愛路4段151巷與敦化南路1段233巷口,0,0,1,1,F01,7,1,5,0,4,2,1,5,4,5,7,4,4,10,5,5,1,15,1,32,2,8,2,1,7,9,8,20,1,16,,26,,1,22,9,121.5521706,25.0403307
112,6,9,13,55,2,04大安區,大安區仁愛路4段151巷與敦化南路1段233巷口,0,0,1,2,B03,7,1,5,0,4,2,1,5,4,5,7,4,4,10,5,5,1,15,2,74,3,10,1,1,7,9,1,8,1,5,,44,,1,22,9,121.5521706,25.0403307
112,6,9,13,55,2,08士林區,士林區中山北路4段與通河街口劍潭活動中心出入口處,0,0,2,1,B03,8,1,5,50,3,2,1,5,4,5,7,4,4,9,4,5,2,16,1,46,3,10,1,1,7,6,1,8,1,5,,9,,1,22,9,121.5243574,25.07955963
112,6,9,13,55,2,08士林區,士林區中山北路4段與通河街口劍潭活動中心出入口處,0,0,2,2,C03,8,1,5,50,3,2,1,5,4,5,7,4,4,9,4,5,2,16,1,21,2,9,1,1,7,9,1,10,1,11,,44,,1,22,9,121.5243574,25.07955963
112,6,9,13,55,2,08士林區,士林區中山北路4段與通河街口劍潭活動中心出入口處,0,0,2,3,H02,8,1,5,50,3,2,1,5,4,5,7,4,4,9,4,5,2,16,2,21,2,9,1,5,7,21,8,20,1,15,,67,,1,22,9,121.5243574,25.07955963
112,6,9,14,0,2,10文山區,文山區基隆路4段與汀州路4段口,0,0,1,2,C03,7,1,5,30,4,1,1,4,4,5,7,1,1,10,5,5,2,12,1,35,3,10,1,4,7,8,1,10,1,12,,7,,1,22,9,121.5363916,25.0108016
112,6,9,14,0,2,10文山區,文山區基隆路4段與汀州路4段口,0,0,1,1,C03,7,1,5,30,4,1,1,4,4,5,7,1,1,10,5,5,2,12,1,24,2,9,1,4,7,9,1,10,1,12,,23,,1,22,9,121.5363916,25.0108016
112,6,9,14,21,2,10文山區,文山區指南路1段53號,0,0,1,2,,6,1,8,30,15,22,1,4,4,5,7,4,4,10,5,5,2,18,3,58,,,,,,,,,,,,67,,1,,,121.5707876,24.98830936
112,6,9,14,21,2,10文山區,文山區指南路1段53號,0,0,1,1,C03,6,1,8,30,15,22,1,4,4,5,7,4,4,10,5,5,2,18,1,36,2,7,1,1,7,9,1,10,2,12,,23,,1,22,9,121.5707876,24.98830936
112,6,9,14,40,2,08士林區,士林區中山北路6段與忠誠路1段口,0,0,1,1,C03,8,1,5,50,4,2,1,5,4,5,7,1,1,3,4,5,1,12,2,63,2,9,1,1,7,7,1,10,1,14,,7,,1,22,9,121.5249102,25.10391602
112,6,9,14,40,2,08士林區,士林區中山北路6段與忠誠路1段口,0,0,1,2,C03,8,1,5,50,4,2,1,5,4,5,7,1,1,3,4,5,1,12,1,57,3,10,1,1,7,9,1,10,1,12,,23,,1,22,9,121.5249102,25.10391602
112,6,9,16,3,2,04大安區,大安區仁愛路4段151巷與仁愛路4段345巷4弄口,0,0,2,1,B01,7,1,5,30,4,1,1,5,4,5,7,4,4,10,5,5,1,15,1,34,3,10,1,1,7,9,1,4,1,1,,44,,1,22,9,121.5517902,25.0389923
112,6,9,16,3,2,04大安區,大安區仁愛路4段151巷與仁愛路4段345巷4弄口,0,0,2,2,C03,7,1,5,30,4,1,1,5,4,5,7,4,4,10,5,5,1,15,2,21,2,8,1,1,7,9,1,10,1,13,,6,,1,22,9,121.5517902,25.0389923
112,6,9,16,3,2,04大安區,大安區仁愛路4段151巷與仁愛路4段345巷4弄口,0,0,2,4,H02,7,1,5,30,4,1,1,5,4,5,7,4,4,10,5,5,1,15,2,22,2,8,1,5,7,21,8,20,10,15,,67,,1,22,9,121.5517902,25.0389923
112,6,9,16,3,2,04大安區,大安區仁愛路4段151巷與仁愛路4段345巷4弄口,0,0,2,3,C03,7,1,5,30,4,1,1,5,4,5,7,4,4,10,5,5,1,15,1,26,4,11,3,4,7,15,7,19,11,15,,44,,2,22,9,121.5517902,25.0389923
112,6,9,16,25,2,03中山區,中山區長春路306號,0,0,1,2,C03,7,1,5,50,14,8,1,5,4,5,7,4,4,9,4,4,2,12,2,19,2,9,1,1,7,9,1,10,1,12,,13,,1,22,9,121.5399945,25.0546597
112,6,9,16,25,2,03中山區,中山區長春路306號,0,0,1,1,B03,7,1,5,50,14,8,1,5,4,5,7,4,4,9,4,4,2,12,1,56,3,10,1,1,7,8,1,8,1,6,,7,,1,22,9,121.5399945,25.0546597
112,6,9,16,29,2,11南港區,南港區市民大道8段與興中路口,0,0,1,1,C03,6,1,5,50,4,1,1,4,4,5,7,2,1,4,3,5,2,13,1,19,3,10,3,4,7,9,1,10,1,11,,,,1,22,9,121.6077241,25.0534436
112,6,9,16,29,2,11南港區,南港區市民大道8段與興中路口,0,0,1,2,C03,6,1,5,50,4,1,1,4,4,5,7,2,1,4,3,5,2,13,1,58,2,9,3,4,7,9,1,10,1,13,,,,1,22,9,121.6077241,25.0534436
112,6,9,16,32,2,03中山區,中山區長安東路2段153巷與龍江路46巷口,0,0,1,1,B01,7,1,5,30,5,2,1,5,4,5,7,4,4,10,5,5,2,11,1,40,3,10,1,1,7,6,1,4,1,4,,9,,1,22,9,121.5391255,25.0492696
112,6,9,16,32,2,03中山區,中山區長安東路2段153巷與龍江路46巷口,0,0,1,2,C03,7,1,5,30,5,2,1,5,4,5,7,4,4,10,5,5,2,11,2,39,2,9,1,1,7,9,1,10,1,12,,14,,1,22,9,121.5391255,25.0492696
112,6,9,17,8,2,05中正區,中正區天津街(警政署側門),0,0,3,1,H01,8,2,5,50,14,9,1,5,4,5,7,4,4,9,5,5,2,3,2,47,2,1,4,5,8,18,8,20,10,16,,51,,1,22,9,121.5219665,25.04631253
112,6,9,17,8,2,05中正區,中正區天津街(警政署側門),0,0,3,2,C03,8,2,5,50,14,9,1,5,4,5,7,4,4,9,5,5,2,3,1,33,2,8,1,1,7,9,1,9,2,11,,23,,1,22,9,121.5219665,25.04631253
112,6,9,17,8,2,05中正區,中正區天津街(警政署側門),0,0,3,3,H02,8,2,5,50,14,9,1,5,4,5,7,4,4,9,5,5,2,3,2,23,2,9,1,1,7,20,8,20,10,16,,67,,1,22,9,121.5219665,25.04631253
112,6,9,17,8,2,05中正區,中正區天津街(警政署側門),0,0,3,4,B03,8,2,5,50,14,9,1,5,4,5,7,4,4,9,5,5,2,3,2,52,4,11,3,4,7,13,7,19,9,4,,44,,1,22,9,121.5219665,25.04631253
112,6,9,17,20,2,12內湖區,內湖區民權東路6段27號,0,0,1,1,C03,8,1,5,40,14,8,1,5,4,5,7,4,4,1,4,4,1,13,1,17,2,9,3,4,7,8,2,18,1,12,,23,,1,22,9,121.5837803,25.06869723
112,6,9,17,20,2,12內湖區,內湖區民權東路6段27號,0,0,1,2,B02,8,1,5,40,14,8,1,5,4,5,7,4,4,1,4,4,1,13,1,37,3,10,3,4,7,14,1,8,1,7,,44,,1,22,9,121.5837803,25.06869723
112,6,9,17,30,2,07信義區,信義區忠孝東路4段與忠孝東路4段559巷口口,0,0,1,2,C03,6,2,5,30,3,2,1,4,4,5,7,4,4,1,4,5,2,17,1,28,2,7,3,4,7,9,1,10,1,12,,23,,1,22,9,121.5635292,25.0412484
112,6,9,17,30,2,07信義區,信義區忠孝東路4段與忠孝東路4段559巷口口,0,0,1,1,B11,6,2,5,30,3,2,1,4,4,5,7,4,4,1,4,5,2,17,1,29,3,10,3,4,7,6,1,2,1,7,,9,,1,22,9,121.5635292,25.0412484
112,6,9,17,41,2,04大安區,大安區仁愛路4段與敦化南路1段口,0,0,1,2,C03,6,1,5,50,4,1,1,4,4,5,7,1,1,9,4,5,1,17,2,39,2,8,1,1,7,6,1,10,1,11,,,,1,22,9,121.5479615,25.0379824
112,6,9,17,41,2,04大安區,大安區仁愛路4段與敦化南路1段口,0,0,1,1,C03,6,1,5,50,4,1,1,4,4,5,7,1,1,9,4,5,1,17,1,52,4,11,3,4,7,15,7,19,11,15,,,,2,22,9,121.5479615,25.0379824
112,6,9,17,47,2,04大安區,大安區和平東路3段與基隆路2段口,0,0,1,3,C03,6,1,5,50,4,1,1,4,4,5,7,2,1,3,4,5,2,12,1,46,3,10,1,1,7,6,1,10,1,12,,,,1,22,9,121.5521476,25.0241396
112,6,9,17,47,2,04大安區,大安區和平東路3段與基隆路2段口,0,0,1,1,B03,6,1,5,50,4,1,1,4,4,5,7,2,1,3,4,5,2,12,2,38,3,10,1,1,7,6,1,8,1,8,,,,1,22,9,121.5521476,25.0241396
112,6,9,17,47,2,04大安區,大安區和平東路3段與基隆路2段口,0,0,1,2,C03,6,1,5,50,4,1,1,4,4,5,7,2,1,3,4,5,2,12,2,27,2,8,1,1,7,6,1,10,1,12,,,,1,22,9,121.5521476,25.0241396
112,6,9,18,2,2,12內湖區,內湖區康樂街110巷與康樂街136巷18弄口,0,0,2,1,C03,6,3,5,30,4,1,1,4,4,5,7,4,4,10,5,5,2,16,2,52,2,9,1,1,7,9,1,10,2,12,,6,,1,22,9,121.6183032,25.070728
112,6,9,18,2,2,12內湖區,內湖區康樂街110巷與康樂街136巷18弄口,0,0,2,2,C03,6,3,5,30,4,1,1,4,4,5,7,4,4,10,5,5,2,16,1,44,2,9,1,1,7,9,1,10,2,11,,23,,1,22,9,121.6183032,25.070728
112,6,9,18,17,2,04大安區,大安區基隆路3段85號與基隆路3段口,0,0,2,1,C03,8,3,5,50,14,9,1,5,4,5,7,4,4,1,4,5,2,17,1,19,2,9,1,1,7,9,1,10,1,11,,44,,1,22,9,121.5447581,25.0173773
112,6,9,18,17,2,04大安區,大安區基隆路3段85號與基隆路3段口,0,0,2,2,C03,8,3,5,50,14,9,1,5,4,5,7,4,4,1,4,5,2,17,1,66,2,9,1,1,7,15,1,10,1,13,,44,,1,22,9,121.5447581,25.0173773
112,6,9,18,17,2,04大安區,大安區基隆路3段85號與基隆路3段口,0,0,2,3,B03,8,3,5,50,14,9,1,5,4,5,7,4,4,1,4,5,2,17,1,54,3,10,1,1,7,8,1,6,1,6,,7,,1,22,9,121.5447581,25.0173773
112,6,9,18,20,2,01大同區,大同區重慶北路2段與民生西路口,0,0,1,2,C03,8,3,5,50,14,9,1,5,4,5,7,2,1,5,4,5,2,11,2,31,2,9,3,4,7,7,1,10,1,14,,44,,1,22,9,121.5145269,25.057029
112,6,9,18,20,2,01大同區,大同區重慶北路2段與民生西路口,0,0,1,1,B01,8,3,5,50,14,9,1,5,4,5,7,2,1,5,4,5,2,11,1,52,3,10,3,4,7,9,1,4,1,1,,16,,1,22,9,121.5145269,25.057029
112,6,9,18,36,2,10文山區,文山區木新路2段180號,0,0,1,1,C03,8,3,5,50,14,9,1,5,4,3,5,4,4,5,2,5,2,13,1,28,2,9,3,4,7,9,1,10,2,11,,23,,1,22,9,121.5682807,24.98382184
112,6,9,18,36,2,10文山區,文山區木新路2段180號,0,0,1,2,B03,8,3,5,50,14,9,1,5,4,3,5,4,4,5,2,5,2,13,1,40,3,10,3,4,7,14,1,8,2,3,,42,,1,22,9,121.5682807,24.98382184
112,6,9,18,40,2,11南港區,南港區研究院路2段61巷與舊莊街1段3巷1弄口口旁,0,0,1,2,C03,7,1,5,30,3,2,1,4,4,5,7,4,4,5,5,5,2,12,2,31,2,6,1,1,7,9,1,10,1,14,,44,,1,22,9,121.6174442,25.04465754
112,6,9,18,40,2,11南港區,南港區研究院路2段61巷與舊莊街1段3巷1弄口口旁,0,0,1,1,B03,7,1,5,30,3,2,1,4,4,5,7,4,4,5,5,5,2,12,1,33,3,10,1,1,7,9,3,18,1,5,,17,,1,22,9,121.6174442,25.04465754
112,6,9,18,48,2,12內湖區,內湖區瑞光路112巷與瑞光路76巷口,0,0,2,1,C03,7,3,5,50,4,1,1,5,4,5,7,1,1,5,4,5,2,11,1,38,2,9,1,1,7,5,1,10,1,11,,8,,1,22,9,121.5803341,25.0704076
112,6,9,18,48,2,12內湖區,內湖區瑞光路112巷與瑞光路76巷口,0,0,2,2,C03,7,3,5,50,4,1,1,5,4,5,7,1,1,5,4,5,2,11,1,30,2,9,1,1,7,9,1,10,1,11,,44,,1,22,9,121.5803341,25.0704076
112,6,9,18,58,2,04大安區,大安區和平東路3段218號前,0,0,1,2,B03,7,3,5,50,14,9,1,5,4,5,7,4,4,10,4,5,2,13,1,29,3,10,1,1,7,9,1,8,1,7,,44,,1,22,9,121.5542439,25.02269463
112,6,9,18,58,2,04大安區,大安區和平東路3段218號前,0,0,1,1,C03,7,3,5,50,14,9,1,5,4,5,7,4,4,10,4,5,2,13,1,77,2,9,1,1,7,9,1,9,1,11,,23,,1,22,9,121.5542439,25.02269463
112,6,9,19,0,2,04大安區,大安區和平東路1段188巷與和平東路1段口,0,0,3,1,C03,7,3,5,50,4,2,1,5,4,5,7,2,1,1,4,4,2,17,1,26,2,9,3,4,7,7,1,10,1,13,,7,,1,22,9,121.5306115,25.0263493
112,6,9,19,0,2,04大安區,大安區和平東路1段188巷與和平東路1段口,0,0,3,2,C03,7,3,5,50,4,2,1,5,4,5,7,2,1,1,4,4,2,17,1,20,2,9,3,4,7,9,1,10,1,11,,13,,1,22,9,121.5306115,25.0263493
112,6,9,19,0,2,04大安區,大安區和平東路1段188巷與和平東路1段口,0,0,3,3,H02,7,3,5,50,4,2,1,5,4,5,7,2,1,1,4,4,2,17,2,24,2,8,3,5,7,20,8,20,10,16,,67,,1,22,9,121.5306115,25.0263493
112,6,9,19,45,2,03中山區,中山區建國高架道往北第191根燈桿前,0,0,5,2,B03,8,3,5,70,10,9,1,5,4,5,7,4,4,2,4,5,2,13,2,63,2,3,1,1,7,14,1,8,2,3,,44,,1,22,9,121.5367756,25.0522088
112,6,9,19,45,2,03中山區,中山區建國高架道往北第191根燈桿前,0,0,5,3,B01,8,3,5,70,10,9,1,5,4,5,7,4,4,2,4,5,2,13,1,53,3,10,1,1,7,14,1,4,2,3,,44,,1,22,9,121.5367756,25.0522088
112,6,9,19,45,2,03中山區,中山區建國高架道往北第191根燈桿前,0,0,5,4,H02,8,3,5,70,10,9,1,5,4,5,7,4,4,2,4,5,2,13,1,68,2,8,1,5,7,20,8,20,10,16,,67,,1,22,9,121.5367756,25.0522088
112,6,9,19,45,2,03中山區,中山區建國高架道往北第191根燈桿前,0,0,5,5,H02,8,3,5,70,10,9,1,5,4,5,7,4,4,2,4,5,2,13,2,96,2,7,1,1,7,20,8,20,10,16,,67,,1,22,9,121.5367756,25.0522088
112,6,9,19,45,2,03中山區,中山區建國高架道往北第191根燈桿前,0,0,5,6,H02,8,3,5,70,10,9,1,5,4,5,7,4,4,2,4,5,2,13,2,29,2,3,1,5,7,20,8,20,10,16,,67,,1,22,9,121.5367756,25.0522088
112,6,9,19,45,2,03中山區,中山區建國高架道往北第191根燈桿前,0,0,5,7,H02,8,3,5,70,10,9,1,5,4,5,7,4,4,2,4,5,2,13,2,38,2,9,1,5,7,20,8,20,10,16,,67,,1,22,9,121.5367756,25.0522088
112,6,9,19,45,2,03中山區,中山區建國高架道往北第191根燈桿前,0,0,5,1,B01,8,3,5,70,10,9,1,5,4,5,7,4,4,2,4,5,2,13,1,43,3,10,1,1,7,9,1,4,2,1,,23,,1,22,9,121.5367756,25.0522088
112,6,9,19,50,2,12內湖區,內湖區金湖路339號旁,0,0,2,3,B03,8,3,5,40,14,8,1,5,4,5,7,4,4,1,4,4,2,13,1,40,3,10,1,1,7,2,1,8,2,4,,44,,1,22,9,121.6013285,25.0745799
112,6,9,19,50,2,12內湖區,內湖區金湖路339號旁,0,0,2,1,C03,8,3,5,40,14,8,1,5,4,5,7,4,4,1,4,4,2,13,2,34,2,9,1,1,7,9,1,9,2,11,,23,,1,22,9,121.6013285,25.0745799
112,6,9,19,50,2,12內湖區,內湖區金湖路339號旁,0,0,2,2,C03,8,3,5,40,14,8,1,5,4,5,7,4,4,1,4,4,2,13,2,46,2,9,1,1,7,12,1,11,3,13,,44,,1,22,9,121.6013285,25.0745799
112,6,9,20,28,2,02萬華區,萬華區西園路1段與桂林路口,0,0,2,1,C03,8,3,5,50,4,1,1,5,4,5,7,1,1,9,4,5,2,17,2,40,2,9,1,4,7,5,1,10,1,12,,6,,1,22,9,121.4997996,25.0385344
112,6,9,20,28,2,02萬華區,萬華區西園路1段與桂林路口,0,0,2,2,C03,8,3,5,50,4,1,1,5,4,5,7,1,1,9,4,5,2,17,1,57,2,8,1,4,7,9,1,10,1,11,,23,,1,22,9,121.4997996,25.0385344
112,6,9,20,30,2,05中正區,中正區廈門街99巷與廈門街81巷28弄口口,0,0,2,1,C03,8,3,5,30,4,1,1,5,4,5,7,4,4,10,5,5,2,16,2,49,2,9,1,1,7,9,1,10,1,12,,6,,1,22,9,121.5201783,25.02376147
112,6,9,20,30,2,05中正區,中正區廈門街99巷與廈門街81巷28弄口口,0,0,2,2,C03,8,3,5,30,4,1,1,5,4,5,7,4,4,10,5,5,2,16,1,21,2,9,1,1,7,9,1,10,1,11,,13,,1,22,9,121.5201783,25.02376147
112,6,9,20,50,2,02萬華區,萬華區環河南路1段348巷與環河南路2段口,0,0,2,1,C03,8,1,5,50,5,1,1,5,4,5,7,1,1,8,3,5,1,17,1,26,3,10,1,1,7,10,6,18,1,14,,,,1,22,9,121.4978647,25.04029831
112,6,9,20,50,2,02萬華區,萬華區環河南路1段348巷與環河南路2段口,0,0,2,2,C03,8,1,5,50,5,1,1,5,4,5,7,1,1,8,3,5,1,17,1,27,2,8,1,1,7,10,1,10,1,12,,,,1,22,9,121.4978647,25.04029831
112,6,9,20,50,2,02萬華區,萬華區環河南路1段348巷與環河南路2段口,0,0,2,3,H02,8,1,5,50,5,1,1,5,4,5,7,1,1,8,3,5,1,17,2,25,2,9,4,5,7,21,8,20,10,16,,,,1,22,9,121.4978647,25.04029831
112,6,9,21,21,2,04大安區,大安區仁愛路4段345巷2弄與仁愛路4段345巷口,0,0,1,1,B01,8,3,5,30,4,1,1,5,4,5,7,4,4,10,5,5,2,15,1,58,3,10,1,1,7,9,1,4,1,4,,6,,1,22,9,121.5540717,25.0384615
112,6,9,21,21,2,04大安區,大安區仁愛路4段345巷2弄與仁愛路4段345巷口,0,0,1,2,C03,8,3,5,30,4,1,1,5,4,5,7,4,4,10,5,5,2,15,1,27,2,9,1,1,7,9,1,10,1,11,,44,,1,22,9,121.5540717,25.0384615
112,6,9,21,52,2,05中正區,中正區重慶南路1段與凱達格蘭大道口南側,0,0,1,1,B01,8,3,5,50,14,9,1,5,4,5,7,1,1,5,4,5,2,13,1,58,3,10,1,1,7,9,1,4,1,5,,23,,1,22,9,121.5128935,25.03933129
112,6,9,21,52,2,05中正區,中正區重慶南路1段與凱達格蘭大道口南側,0,0,1,3,H02,8,3,5,50,14,9,1,5,4,5,7,1,1,5,4,5,2,13,1,18,2,8,1,5,7,20,8,20,10,16,,67,,1,22,9,121.5128935,25.03933129
112,6,9,21,52,2,05中正區,中正區重慶南路1段與凱達格蘭大道口南側,0,0,1,2,C03,8,3,5,50,14,9,1,5,4,5,7,1,1,5,4,5,2,13,2,18,3,10,1,1,7,9,1,10,1,13,,14,,1,22,9,121.5128935,25.03933129
112,6,9,22,5,2,05中正區,中正區重慶南路3段與汀州路2段口口,0,0,1,1,C03,8,3,5,50,4,1,1,5,4,5,7,1,1,10,4,5,2,16,2,19,2,9,1,1,7,9,1,10,1,11,,25,,1,22,9,121.5163175,25.02570709
112,6,9,22,5,2,05中正區,中正區重慶南路3段與汀州路2段口口,0,0,1,2,B03,8,3,5,50,4,1,1,5,4,5,7,1,1,10,4,5,2,16,2,56,3,10,1,1,7,5,1,8,1,2,,23,,1,22,9,121.5163175,25.02570709
112,6,9,22,25,2,05中正區,中正區市民大道3段與新生南路1段口,0,0,1,1,B03,8,3,5,40,4,1,1,5,4,5,7,1,1,1,4,1,1,12,1,44,3,10,1,1,7,6,1,8,2,2,,,,1,22,9,121.5328084,25.0453142
112,6,9,22,25,2,05中正區,中正區市民大道3段與新生南路1段口,0,0,1,2,C03,8,3,5,40,4,1,1,5,4,5,7,1,1,1,4,1,1,12,1,21,2,9,1,1,7,9,1,10,2,14,,,,1,22,9,121.5328084,25.0453142
112,6,9,22,40,2,04大安區,大安區忠孝東路3段與復興南路1段口,0,0,2,1,C03,7,3,5,50,4,2,1,5,4,5,7,2,1,1,3,1,2,13,2,27,2,9,1,1,7,9,1,10,1,13,,25,,1,22,9,121.5437468,25.04191355
112,6,9,22,40,2,04大安區,大安區忠孝東路3段與復興南路1段口,0,0,2,2,C03,7,3,5,50,4,2,1,5,4,5,7,2,1,1,3,1,2,13,2,29,2,8,1,1,7,9,1,10,1,14,,44,,1,22,9,121.5437468,25.04191355
112,6,9,22,48,2,08士林區,士林區通河街與通河街76巷口,0,0,2,1,C03,8,3,5,30,3,2,1,5,4,5,7,4,4,9,5,5,1,15,1,34,2,7,1,1,7,9,3,18,1,12,,6,,1,22,9,121.5205689,25.08092969
112,6,9,22,48,2,08士林區,士林區通河街與通河街76巷口,0,0,2,2,C03,8,3,5,30,3,2,1,5,4,5,7,4,4,9,5,5,1,15,1,21,2,9,1,1,7,9,1,10,1,11,,14,,1,22,9,121.5205689,25.08092969
112,6,9,23,17,2,07信義區,信義區忠孝東路5段741號,0,0,1,2,C03,7,3,5,50,14,9,1,5,4,5,7,2,1,1,4,5,1,17,1,59,2,8,3,4,7,9,1,10,1,12,,44,,1,22,9,121.5810695,25.0432093
112,6,9,23,17,2,07信義區,信義區忠孝東路5段741號,0,0,1,1,C03,7,3,5,50,14,9,1,5,4,5,7,2,1,1,4,5,1,17,2,24,3,10,3,4,7,8,1,10,1,15,,7,,1,22,9,121.5810695,25.0432093
112,6,9,23,50,2,02萬華區,萬華區萬大路416號,0,0,2,2,,8,3,5,50,14,9,1,4,4,5,7,4,4,10,5,5,2,18,3,0,,,,,,,,,,,,67,,1,,,121.4983013,25.02116594
112,6,9,23,50,2,02萬華區,萬華區萬大路416號,0,0,2,3,H02,8,3,5,50,14,9,1,4,4,5,7,4,4,10,5,5,2,18,2,16,2,9,1,5,7,20,8,20,10,16,,67,,1,22,9,121.4983013,25.02116594
112,6,9,23,50,2,02萬華區,萬華區萬大路416號,0,0,2,1,C03,8,3,5,50,14,9,1,4,4,5,7,4,4,10,5,5,2,18,1,16,2,9,1,1,7,12,2,18,2,12,,13,,1,22,9,121.4983013,25.02116594