發生年度,發生月,發生日,發生時-Hours,發生分,處理別-編號,區序,肇事地點,死亡人數,2-30日死亡人數,受傷人數,當事人序號,車種,天候,光線,道路類別,速限-速度限制,道路型態,事故位置,路面狀況1,路面狀況2,路面狀況3,道路障礙1,道路障礙2,號誌1,號誌2,車道劃分-分向,車道劃分-分道1,車道劃分-分道2,車道劃分-分道3,事故類型及型態,性別,年齡,受傷程度,主要傷處,保護裝置,行動電話,車輛用途,當事者行動狀態,駕駛資格情形,駕駛執照種類,飲酒情形,車輛撞擊部位1,車輛撞擊部位2,肇因碼-個別,肇因碼-主要,個人肇逃否,職業,旅次目的,座標-X,座標-Y
112,6,10,19,10,2,07信義區,信義區忠孝東路4段547號,0,0,1,2,C03,6,1,5,50,14,9,1,4,4,5,7,2,1,1,3,5,2,16,1,57,2,1,1,1,7,9,1,10,2,11,,,,1,22,8,121.5627168,25.04129232
112,6,10,19,10,2,07信義區,信義區忠孝東路4段547號,0,0,1,1,B01,6,1,5,50,14,9,1,4,4,5,7,2,1,1,3,5,2,16,1,49,3,10,1,1,7,5,1,4,2,6,,25,,1,22,8,121.5627168,25.04129232
112,6,10,19,20,2,07信義區,信義區市民大道6段與虎林街口口,0,0,4,4,H02,7,3,5,50,4,2,1,5,4,5,7,2,1,9,4,4,2,13,2,23,2,8,3,5,7,20,8,20,10,16,,67,,1,21,8,121.576025,25.0491819
112,6,10,19,20,2,07信義區,信義區市民大道6段與虎林街口口,0,0,4,3,H02,7,3,5,50,4,2,1,5,4,5,7,2,1,9,4,4,2,13,2,25,2,9,3,5,7,20,8,20,10,16,,67,,1,21,8,121.576025,25.0491819
112,6,10,19,20,2,07信義區,信義區市民大道6段與虎林街口口,0,0,4,2,C03,7,3,5,50,4,2,1,5,4,5,7,2,1,9,4,4,2,13,1,22,2,7,3,4,7,5,1,10,2,12,,44,,1,21,8,121.576025,25.0491819
112,6,10,19,20,2,07信義區,信義區市民大道6段與虎林街口口,0,0,4,1,C03,7,3,5,50,4,2,1,5,4,5,7,2,1,9,4,4,2,13,1,25,2,9,3,4,7,9,1,10,2,11,,23,,1,21,8,121.576025,25.0491819
112,6,10,19,30,2,04大安區,大安區信義路3段與建國南路1段口,0,0,1,2,B01,6,3,5,50,4,1,1,4,4,5,7,1,1,1,4,5,2,17,1,64,3,10,1,1,7,15,1,4,1,4,,44,,1,22,9,121.538119,25.0336089
112,6,10,19,30,2,04大安區,大安區信義路3段與建國南路1段口,0,0,1,3,C03,6,3,5,50,4,1,1,4,4,5,7,1,1,1,4,5,2,17,1,36,2,9,1,1,7,9,1,10,1,12,,44,,1,22,9,121.538119,25.0336089
112,6,10,19,30,2,04大安區,大安區信義路3段與建國南路1段口,0,0,1,1,B03,6,3,5,50,4,1,1,4,4,5,7,1,1,1,4,5,2,17,1,30,3,10,1,1,7,5,1,8,1,7,,8,,1,22,9,121.538119,25.0336089
112,6,10,20,44,2,07信義區,信義區基隆路1段52號,0,0,1,2,C03,6,3,5,50,14,9,1,4,4,5,7,2,1,9,4,4,2,15,1,20,2,7,1,4,7,9,1,10,1,11,,14,,1,21,8,121.5684824,25.0482028
112,6,10,20,44,2,07信義區,信義區基隆路1段52號,0,0,1,1,B03,6,3,5,50,14,9,1,4,4,5,7,2,1,9,4,4,2,15,1,62,3,10,3,4,7,1,1,8,1,8,,25,,1,21,8,121.5684824,25.0482028
112,6,10,21,0,2,01大同區,大同區重慶北路1段22-14號,0,0,1,2,C03,6,3,5,50,14,9,1,4,4,5,7,4,4,1,4,5,2,12,1,23,2,9,3,4,7,9,1,10,2,14,,44,,1,22,9,121.5134476,25.05050307
112,6,10,21,0,2,01大同區,大同區重慶北路1段22-14號,0,0,1,1,C03,6,3,5,50,14,9,1,4,4,5,7,4,4,1,4,5,2,12,2,23,4,11,3,4,7,7,7,19,11,15,,7,,2,22,9,121.5134476,25.05050307
112,6,10,21,6,2,07信義區,信義區信義路5段150巷與松平路口,0,0,1,2,H01,6,3,5,30,3,2,1,4,4,5,7,4,4,10,5,5,2,2,1,32,2,7,4,5,8,16,8,20,10,16,,60,,1,22,8,121.5696967,25.0303741
112,6,10,21,6,2,07信義區,信義區信義路5段150巷與松平路口,0,0,1,1,B02,6,3,5,30,3,2,1,4,4,5,7,4,4,10,5,5,2,2,2,19,3,10,1,1,7,9,1,8,2,2,,23,,1,22,8,121.5696967,25.0303741
112,6,10,21,23,2,12內湖區,內湖區內湖路1段285巷與環山路1段口,0,0,1,1,B03,6,3,5,0,3,1,1,4,4,5,7,1,1,5,4,5,2,3,1,22,3,10,1,1,7,5,1,8,2,8,,15,,1,22,9,121.5669243,25.08639658
112,6,10,21,23,2,12內湖區,內湖區內湖路1段285巷與環山路1段口,0,0,1,2,H01,6,3,5,0,3,1,1,4,4,5,7,1,1,5,4,5,2,3,1,18,2,9,4,1,8,16,8,20,10,16,,67,,1,22,9,121.5669243,25.08639658
112,6,10,21,45,2,04大安區,大安區仁愛路3段118巷台灣當代文化實驗場,0,0,1,1,C03,6,3,5,50,14,9,1,4,4,5,7,4,4,1,4,5,2,17,1,33,2,9,1,1,7,9,1,10,2,14,,13,,1,22,9,121.5400813,25.0383807
112,6,10,21,45,2,04大安區,大安區仁愛路3段118巷台灣當代文化實驗場,0,0,1,2,B03,6,3,5,50,14,9,1,4,4,5,7,4,4,1,4,5,2,17,1,36,3,10,1,1,7,7,1,8,2,7,,7,,1,22,9,121.5400813,25.0383807
112,6,10,21,45,2,12內湖區,內湖區民權東路6段280巷與民權東路6段口,0,0,1,2,C03,6,3,5,50,3,1,1,4,4,5,7,4,4,1,4,5,2,16,1,23,2,9,1,1,7,9,1,10,1,11,,,,1,22,9,121.6050001,25.07210082
112,6,10,21,45,2,12內湖區,內湖區民權東路6段280巷與民權東路6段口,0,0,1,1,B03,6,3,5,50,3,1,1,4,4,5,7,4,4,1,4,5,2,16,2,69,3,10,1,1,7,6,1,8,1,5,,6,,1,22,9,121.6050001,25.07210082
112,6,10,22,5,2,05中正區,中正區中山南路與仁愛路1段口口,0,0,1,1,B02,6,3,5,50,4,1,1,4,4,5,7,2,1,9,4,4,1,15,2,53,3,10,1,1,7,9,1,8,2,6,,,,1,21,1,121.5179352,25.0393872
112,6,10,22,5,2,05中正區,中正區中山南路與仁愛路1段口口,0,0,1,2,C03,6,3,5,50,4,1,1,4,4,5,7,2,1,9,4,4,1,15,1,26,2,9,1,1,7,9,1,10,2,11,,,,1,21,1,121.5179352,25.0393872
112,6,10,22,13,2,07信義區,信義區松廉路5號,0,0,1,2,C03,6,3,5,50,14,9,1,4,4,3,5,4,4,9,4,5,2,16,1,47,2,8,1,1,7,9,1,10,2,12,,44,,1,22,8,121.5665998,25.03398829
112,6,10,22,13,2,07信義區,信義區松廉路5號,0,0,1,1,C03,6,3,5,50,14,9,1,4,4,3,5,4,4,9,4,5,2,16,1,29,3,10,1,1,7,1,1,10,2,12,,19,,1,22,8,121.5665998,25.03398829
112,6,10,22,21,2,09北投區,北投區中央南路1段39號,0,0,1,1,B01,7,3,5,50,14,9,1,4,4,5,7,4,4,5,5,5,2,17,1,60,3,10,1,1,7,9,1,4,1,15,,14,,1,22,9,121.501385,25.1320794
112,6,10,22,21,2,09北投區,北投區中央南路1段39號,0,0,1,2,C03,7,3,5,50,14,9,1,4,4,5,7,4,4,5,5,5,2,17,1,21,2,9,1,1,7,9,1,10,1,14,,16,,1,22,9,121.501385,25.1320794
112,6,10,22,25,2,10文山區,文山區木柵路1段與景美溪橋口,0,0,2,3,C03,6,3,5,50,3,1,1,4,4,5,7,1,1,7,5,5,2,16,1,21,2,9,3,4,7,5,1,10,2,14,,44,,1,21,8,121.5453734,24.98674706
112,6,10,22,25,2,10文山區,文山區木柵路1段與景美溪橋口,0,0,2,2,C03,6,3,5,50,3,1,1,4,4,5,7,1,1,7,5,5,2,16,1,42,2,8,3,4,7,9,1,10,2,14,,44,,1,21,8,121.5453734,24.98674706
112,6,10,22,25,2,10文山區,文山區木柵路1段與景美溪橋口,0,0,2,1,B03,6,3,5,50,3,1,1,4,4,5,7,1,1,7,5,5,2,16,1,29,3,10,3,4,7,9,3,18,2,1,,25,,1,23,8,121.5453734,24.98674706
112,6,10,22,36,2,10文山區,文山區辛亥路7段與辛亥路7段65巷口,0,0,1,2,,7,3,5,50,14,9,1,4,4,5,7,4,4,5,2,4,2,18,3,0,,,,,,,,,,,,,,1,,,121.5541653,24.98369978
112,6,10,22,36,2,10文山區,文山區辛亥路7段與辛亥路7段65巷口,0,0,1,1,C03,7,3,5,50,14,9,1,4,4,5,7,4,4,5,2,4,2,18,2,25,2,9,1,1,7,9,1,10,1,11,12,,,1,22,9,121.5541653,24.98369978
112,6,10,22,40,2,01大同區,大同區長安西路103巷與長安西路口,0,0,1,1,C03,6,3,5,30,4,2,1,4,4,5,7,4,4,5,5,5,2,15,1,19,3,10,3,4,7,1,1,10,2,14,,19,,1,22,9,121.5160926,25.0511866
112,6,10,22,40,2,01大同區,大同區長安西路103巷與長安西路口,0,0,1,2,C03,6,3,5,30,4,2,1,4,4,5,7,4,4,5,5,5,2,15,1,42,2,9,3,4,7,9,1,10,2,11,,44,,1,22,9,121.5160926,25.0511866
112,6,11,0,52,2,05中正區,中正區中華路2段與和平西路2段口口,0,0,1,1,B01,8,3,5,0,4,1,1,5,4,5,7,1,1,3,4,4,2,3,1,67,3,10,3,4,7,5,1,4,2,1,,15,,1,10,9,121.5053915,25.0333378
112,6,11,0,52,2,05中正區,中正區中華路2段與和平西路2段口口,0,0,1,2,H01,8,3,5,0,4,1,1,5,4,5,7,1,1,3,4,4,2,3,1,35,2,9,4,5,8,16,8,20,10,16,,67,,1,22,9,121.5053915,25.0333378
112,6,11,3,4,2,03中山區,中山區建國北路1段與長安東路2段口,0,0,4,3,H02,8,1,5,50,4,1,1,5,4,5,7,1,1,5,4,5,2,16,2,34,2,9,3,5,7,20,8,20,10,16,,67,,1,22,9,121.5364733,25.04837308
112,6,11,3,4,2,03中山區,中山區建國北路1段與長安東路2段口,0,0,4,1,B01,8,1,5,50,4,1,1,5,4,5,7,1,1,5,4,5,2,16,1,60,2,9,3,4,7,9,1,4,2,1,,25,,1,22,9,121.5364733,25.04837308
112,6,11,3,4,2,03中山區,中山區建國北路1段與長安東路2段口,0,0,4,4,H02,8,1,5,50,4,1,1,5,4,5,7,1,1,5,4,5,2,16,1,51,2,9,3,5,7,20,8,20,10,16,,67,,1,22,9,121.5364733,25.04837308
112,6,11,3,4,2,03中山區,中山區建國北路1段與長安東路2段口,0,0,4,2,B01,8,1,5,50,4,1,1,5,4,5,7,1,1,5,4,5,2,16,1,61,2,9,3,4,7,9,1,4,2,1,,23,,1,22,9,121.5364733,25.04837308
112,6,11,6,40,2,12內湖區,內湖區東湖路119巷50弄與東湖路113巷口,0,0,1,1,C03,6,1,5,50,4,1,1,4,4,5,7,2,1,5,5,5,2,18,2,43,2,9,1,1,7,6,1,10,9,12,,42,,1,22,9,121.6160416,25.07019282
112,6,11,6,40,2,12內湖區,內湖區東湖路119巷50弄與東湖路113巷口,0,0,1,2,,6,1,5,50,4,1,1,4,4,5,7,2,1,5,5,5,2,18,3,0,,,,,,,,,10,,,44,,,,,121.6160416,25.07019282
112,6,11,6,57,2,02萬華區,萬華區桂林路54巷與桂林路口,0,0,2,2,C03,7,1,5,30,3,2,1,5,4,5,7,4,4,5,4,5,1,17,1,48,2,8,3,4,7,9,1,10,1,11,,44,,1,22,9,121.5042279,25.03792679
112,6,11,6,57,2,02萬華區,萬華區桂林路54巷與桂林路口,0,0,2,1,C03,7,1,5,30,3,2,1,5,4,5,7,4,4,5,4,5,1,17,1,71,2,8,3,4,7,5,4,8,1,11,,6,,1,22,9,121.5042279,25.03792679
112,6,11,7,5,2,12內湖區,內湖區大湖街166巷38號對面,0,0,1,1,B03,8,1,5,30,14,9,1,5,4,5,7,4,4,10,5,5,2,11,1,62,4,11,3,4,7,15,7,19,11,15,,43,,2,22,9,121.6017549,25.08244901
112,6,11,7,5,2,12內湖區,內湖區大湖街166巷38號對面,0,0,1,2,B03,8,1,5,30,14,9,1,5,4,5,7,4,4,10,5,5,2,11,1,41,2,2,1,1,7,13,1,8,2,7,,44,,1,22,9,121.6017549,25.08244901
112,6,11,8,32,2,03中山區,中山區民生東路1段13號,0,0,1,2,C03,7,1,5,50,14,9,1,5,4,5,7,4,4,5,5,5,2,12,1,39,2,8,1,4,7,9,1,10,2,11,,23,,1,22,9,121.5237907,25.0581033
112,6,11,8,32,2,03中山區,中山區民生東路1段13號,0,0,1,1,B03,7,1,5,50,14,9,1,5,4,5,7,4,4,5,5,5,2,12,1,42,3,10,3,4,7,6,1,8,2,2,,9,,1,22,9,121.5237907,25.0581033
112,6,11,8,40,2,02萬華區,萬華區漢中街119號,0,0,1,1,B01,8,1,5,30,14,9,4,5,4,5,7,4,4,10,5,5,2,2,1,60,3,10,1,1,7,9,1,4,9,5,,23,,1,22,9,121.5075635,25.04288395
112,6,11,8,40,2,02萬華區,萬華區漢中街119號,0,0,1,2,H01,8,1,5,30,14,9,4,5,4,5,7,4,4,10,5,5,2,2,1,24,2,8,4,5,8,16,8,20,10,16,,60,,1,22,9,121.5075635,25.04288395
112,6,11,8,42,2,01大同區,大同區重慶北路2段與涼州街口,0,0,1,2,H01,7,1,5,50,4,1,1,5,4,5,7,2,1,9,4,5,1,3,2,67,2,9,1,1,8,16,8,20,10,16,,67,,1,22,9,121.5136273,25.06089637
112,6,11,8,42,2,01大同區,大同區重慶北路2段與涼州街口,0,0,1,1,B02,7,1,5,50,4,1,1,5,4,5,7,2,1,9,4,5,1,3,1,49,3,10,1,1,7,5,1,4,2,1,,15,,1,22,9,121.5136273,25.06089637
112,6,11,8,45,2,09北投區,北投區致遠一路1段107巷,0,0,1,1,B03,8,1,5,30,14,9,1,5,4,5,7,4,4,10,5,5,2,17,1,36,3,10,1,1,7,14,3,18,1,4,,,,1,22,9,121.5151356,25.10967701
112,6,11,8,45,2,09北投區,北投區致遠一路1段107巷,0,0,1,2,C03,8,1,5,30,14,9,1,5,4,5,7,4,4,10,5,5,2,17,1,53,2,7,1,1,7,9,1,10,1,12,,,,1,22,9,121.5151356,25.10967701
112,6,11,8,46,2,03中山區,中山區林森北路與錦州街口,0,0,1,1,B01,7,1,5,50,4,1,1,4,4,5,7,2,1,9,4,5,2,16,1,63,3,10,1,1,7,11,1,3,2,8,,10,,1,22,9,121.5255514,25.0603067
112,6,11,8,46,2,03中山區,中山區林森北路與錦州街口,0,0,1,2,C03,7,1,5,50,4,1,1,4,4,5,7,2,1,9,4,5,2,16,2,25,2,9,1,1,7,9,1,10,2,11,,23,,1,22,9,121.5255514,25.0603067
112,6,11,8,55,2,01大同區,大同區市民大道1段與承德路1段口,0,0,2,1,C03,8,5,5,40,14,9,1,5,4,5,13,2,1,1,4,5,2,12,1,31,2,9,3,4,7,15,1,10,11,15,,23,,1,22,8,121.5164722,25.0489285
112,6,11,8,55,2,01大同區,大同區市民大道1段與承德路1段口,0,0,2,2,C03,8,5,5,40,14,9,1,5,4,5,13,2,1,1,4,5,2,12,2,49,2,8,3,4,7,14,1,10,1,13,,44,,1,22,8,121.5164722,25.0489285
112,6,11,8,57,2,03中山區,中山區松江路與長春路口,0,0,1,2,B01,7,1,5,50,4,2,1,5,4,5,7,1,1,1,4,5,2,13,1,67,2,9,1,1,7,14,1,4,1,3,,44,,1,22,9,121.5329572,25.0550797
112,6,11,8,57,2,03中山區,中山區松江路與長春路口,0,0,1,1,B03,7,1,5,50,4,2,1,5,4,5,7,1,1,1,4,5,2,13,1,24,3,10,1,1,7,9,1,8,1,1,,16,,1,22,9,121.5329572,25.0550797
112,6,11,8,57,2,03中山區,中山區松江路與長春路口,0,0,1,3,B01,7,1,5,50,4,2,1,5,4,5,7,1,1,1,4,5,2,13,1,42,3,10,1,1,7,14,1,4,11,15,,38,,1,22,9,121.5329572,25.0550797
112,6,11,9,3,2,04大安區,大安區基隆路3段與長興街口,0,0,1,1,B03,7,1,5,50,14,7,1,5,4,5,7,4,4,1,5,4,2,17,2,60,3,10,1,1,7,8,1,8,1,15,,7,,1,22,9,121.5439694,25.0170986
112,6,11,9,3,2,04大安區,大安區基隆路3段與長興街口,0,0,1,2,C03,7,1,5,50,14,7,1,5,4,5,7,4,4,1,5,4,2,17,1,27,2,9,1,1,7,9,1,10,1,14,,13,,1,22,9,121.5439694,25.0170986
112,6,11,9,5,2,12內湖區,內湖區南京東路6段與堤頂大道1段口,0,0,1,2,C03,7,1,5,50,4,1,1,5,4,5,7,2,1,1,4,5,2,16,2,23,2,9,1,1,7,9,1,10,1,11,,44,,1,22,9,121.576286,25.05476445
112,6,11,9,5,2,12內湖區,內湖區南京東路6段與堤頂大道1段口,0,0,1,1,B03,7,1,5,50,4,1,1,5,4,5,7,2,1,1,4,5,2,16,2,49,3,10,1,1,7,9,1,8,1,5,,25,,1,22,9,121.576286,25.05476445
112,6,11,9,39,2,03中山區,中山區龍江路與龍江路377巷口,0,0,3,3,H02,6,1,5,50,4,1,1,4,4,5,7,4,4,8,3,5,1,16,1,35,2,9,1,5,7,20,8,20,10,16,,67,,1,22,9,121.5409814,25.0647528
112,6,11,9,39,2,03中山區,中山區龍江路與龍江路377巷口,0,0,3,2,C02,6,1,5,50,4,1,1,4,4,5,7,4,4,8,3,5,1,16,1,28,2,9,1,1,7,9,1,9,2,11,,44,,1,22,9,121.5409814,25.0647528
112,6,11,9,39,2,03中山區,中山區龍江路與龍江路377巷口,0,0,3,1,C03,6,1,5,50,4,1,1,4,4,5,7,4,4,8,3,5,1,16,2,43,2,9,1,1,7,5,1,10,2,12,,6,,1,22,9,121.5409814,25.0647528
112,6,11,9,55,2,07信義區,信義區仁愛路4段與逸仙路口,0,0,1,1,B03,6,1,5,50,14,9,1,4,4,5,7,4,4,9,4,5,2,12,1,27,3,10,1,1,7,9,1,8,1,8,,,,1,22,9,121.5614688,25.0378341
112,6,11,9,55,2,07信義區,信義區仁愛路4段與逸仙路口,0,0,1,2,C03,6,1,5,50,14,9,1,4,4,5,7,4,4,9,4,5,2,12,1,44,2,8,1,1,7,14,1,10,1,12,,,,1,22,9,121.5614688,25.0378341
112,6,11,10,17,2,07信義區,信義區忠孝東路5段781號,0,0,1,2,C03,6,1,5,50,14,9,1,4,4,5,7,2,1,1,4,5,2,16,2,29,2,6,1,1,7,9,1,10,1,14,,,,1,22,9,121.5813966,25.0436324
112,6,11,10,17,2,07信義區,信義區忠孝東路5段781號,0,0,1,1,B03,6,1,5,50,14,9,1,4,4,5,7,2,1,1,4,5,2,16,2,58,3,10,1,1,7,6,1,8,1,5,,,,1,22,9,121.5813966,25.0436324
112,6,11,11,12,2,05中正區,中正區中山北路1段與市民大道1段口西側迴轉道,0,0,1,1,B03,6,1,5,40,3,2,1,4,4,5,7,4,4,1,4,5,2,12,1,57,3,10,1,4,7,5,1,8,1,6,,6,,1,22,9,121.5189724,25.0483096
112,6,11,11,12,2,05中正區,中正區中山北路1段與市民大道1段口西側迴轉道,0,0,1,2,C03,6,1,5,40,3,2,1,4,4,5,7,4,4,1,4,5,2,12,1,22,2,7,1,4,7,9,1,10,1,11,,44,,1,22,9,121.5189724,25.0483096
112,6,11,11,27,2,07信義區,信義區中坡南路與福德街268巷29弄口,0,0,1,2,,6,1,5,50,4,2,1,4,4,5,7,3,1,5,5,4,1,29,3,0,,,,,,,,,,,,67,,1,,,121.5846039,25.0399984
112,6,11,11,27,2,07信義區,信義區中坡南路與福德街268巷29弄口,0,0,1,1,C03,6,1,5,50,4,2,1,4,4,5,7,3,1,5,5,4,1,29,1,35,2,9,3,4,7,9,1,10,2,12,,42,,1,22,9,121.5846039,25.0399984
112,6,11,11,27,2,07信義區,信義區中坡南路與福德街268巷29弄口,0,0,1,3,B03,6,1,5,50,4,2,1,4,4,5,7,3,1,5,5,4,1,29,1,67,3,10,3,4,7,11,1,8,1,15,,44,,1,22,9,121.5846039,25.0399984
112,6,11,12,0,2,03中山區,中山區中山北路3段與民族東路口,0,0,1,1,B02,6,1,5,50,4,2,1,4,4,5,7,1,1,9,4,1,2,13,2,36,3,10,1,1,7,12,1,8,1,3,,44,,1,22,9,121.5229132,25.06822085
112,6,11,12,0,2,03中山區,中山區中山北路3段與民族東路口,0,0,1,2,C03,6,1,5,50,4,2,1,4,4,5,7,1,1,9,4,1,2,13,1,44,2,7,1,1,7,12,1,10,1,14,,42,,1,22,9,121.5229132,25.06822085
112,6,11,12,10,2,04大安區,大安區忠孝東路4段212號,0,0,2,3,C03,6,1,5,50,14,9,1,4,4,5,7,2,1,9,4,5,1,17,2,32,2,8,1,1,7,9,1,10,1,12,,44,,1,22,9,121.55269,25.0413899
112,6,11,12,10,2,04大安區,大安區忠孝東路4段212號,0,0,2,2,C03,6,1,5,50,14,9,1,4,4,5,7,2,1,9,4,5,1,17,1,36,2,8,1,1,7,9,1,10,1,14,,44,,1,22,9,121.55269,25.0413899
112,6,11,12,10,2,04大安區,大安區忠孝東路4段212號,0,0,2,1,C03,6,1,5,50,14,9,1,4,4,5,7,2,1,9,4,5,1,17,1,37,3,10,1,1,7,7,1,9,1,15,,27,,1,22,9,121.55269,25.0413899
112,6,11,12,15,2,07信義區,信義區基隆路2段與信義路5段口,0,0,1,2,B03,6,1,5,50,4,2,1,4,4,5,7,1,1,3,4,4,2,12,1,37,3,10,1,1,7,14,1,8,1,7,,44,,1,22,9,121.5594892,25.032721
112,6,11,12,15,2,07信義區,信義區基隆路2段與信義路5段口,0,0,1,1,C03,6,1,5,50,4,2,1,4,4,5,7,1,1,3,4,4,2,12,1,29,2,9,1,1,7,9,1,10,1,11,,16,,1,22,9,121.5594892,25.032721
112,6,11,12,30,2,08士林區,士林區福德路48巷、停車場出入口,0,0,1,2,C03,6,1,5,30,3,1,1,4,4,5,7,4,4,10,5,5,2,12,1,68,2,9,1,4,7,9,1,10,1,11,,13,,1,22,9,121.5235739,25.0922862
112,6,11,12,30,2,08士林區,士林區福德路48巷、停車場出入口,0,0,1,1,B03,6,1,5,30,3,1,1,4,4,5,7,4,4,10,5,5,2,12,2,56,3,10,3,4,7,5,1,8,1,4,,8,,1,22,9,121.5235739,25.0922862
112,6,11,13,0,2,03中山區,中山區中山北路2段與民權東路1段口,0,0,1,2,,6,1,5,50,4,2,1,4,4,5,7,1,1,3,4,5,2,18,3,0,,,,,,,,,,,,67,,1,,,121.5228566,25.0628427
112,6,11,13,0,2,03中山區,中山區中山北路2段與民權東路1段口,0,0,1,1,C03,6,1,5,50,4,2,1,4,4,5,7,1,1,3,4,5,2,18,2,49,2,1,1,1,7,9,1,10,2,14,,43,,1,22,9,121.5228566,25.0628427
112,6,11,13,35,2,12內湖區,內湖區金龍路90號,0,0,1,1,B03,7,1,5,50,14,9,1,5,4,5,7,1,1,4,4,4,1,16,2,39,3,10,3,4,7,11,1,8,1,4,,10,,1,22,9,121.5917018,25.08526149
112,6,11,13,35,2,12內湖區,內湖區金龍路90號,0,0,1,2,C03,7,1,5,50,14,9,1,5,4,5,7,1,1,4,4,4,1,16,1,25,2,8,3,4,7,9,1,10,1,11,,44,,1,22,9,121.5917018,25.08526149
112,6,11,13,35,2,04大安區,大安區和平東路2段與和平東路2段283巷口口,0,0,1,1,B03,6,1,5,30,3,1,1,4,4,5,7,4,4,1,4,5,2,17,1,47,3,10,3,4,7,1,1,8,1,15,,19,,1,22,9,121.543971,25.0250988
112,6,11,13,35,2,04大安區,大安區和平東路2段與和平東路2段283巷口口,0,0,1,2,C03,6,1,5,30,3,1,1,4,4,5,7,4,4,1,4,5,2,17,1,45,2,9,3,4,7,9,1,10,1,12,,14,,1,22,9,121.543971,25.0250988
112,6,11,13,55,2,02萬華區,萬華區西藏路與萬大路口,0,0,1,2,C03,6,1,5,50,4,1,1,4,4,5,7,1,1,9,4,4,2,17,2,42,2,9,1,4,7,9,1,10,2,14,,23,,1,22,9,121.500633,25.0293479
112,6,11,13,55,2,02萬華區,萬華區西藏路與萬大路口,0,0,1,1,B01,6,1,5,50,4,1,1,4,4,5,7,1,1,9,4,4,2,17,1,56,3,10,1,4,7,6,1,4,2,5,,6,,1,22,9,121.500633,25.0293479
112,6,11,13,56,2,09北投區,北投區公館路與光明路口,0,0,1,1,C02,8,1,5,50,3,2,1,5,4,5,7,3,1,5,5,5,1,3,1,47,3,10,1,1,7,6,1,9,1,12,,15,,1,22,9,121.5020849,25.13356865
112,6,11,13,56,2,09北投區,北投區公館路與光明路口,0,0,1,2,H01,8,1,5,50,3,2,1,5,4,5,7,3,1,5,5,5,1,3,2,66,2,9,4,5,8,16,8,20,1,16,,67,,1,22,9,121.5020849,25.13356865
112,6,11,14,10,2,03中山區,中山區中山北路3段與民族西路口,0,0,2,1,C03,8,1,5,50,4,1,1,5,4,5,7,2,1,10,5,5,2,16,1,41,2,9,1,1,7,6,1,10,1,12,,9,,1,22,9,121.5227752,25.06846786
112,6,11,14,10,2,03中山區,中山區中山北路3段與民族西路口,0,0,2,2,C03,8,1,5,50,4,1,1,5,4,5,7,2,1,10,5,5,2,16,1,23,2,9,1,1,7,9,1,10,1,11,,44,,1,22,9,121.5227752,25.06846786
112,6,11,14,15,2,02萬華區,萬華區中華路2段416巷與西藏路125巷口,0,0,2,2,C03,7,1,5,30,4,1,1,5,4,5,7,1,1,10,5,5,1,11,1,68,2,9,1,4,7,9,1,10,2,14,,44,,1,22,9,121.5031273,25.0267893
112,6,11,14,15,2,02萬華區,萬華區中華路2段416巷與西藏路125巷口,0,0,2,1,B03,7,1,5,30,4,1,1,5,4,5,7,1,1,10,5,5,1,11,1,31,2,1,1,4,7,5,1,8,2,8,,6,,1,22,9,121.5031273,25.0267893
112,6,11,14,30,2,04大安區,大安區復興南路2段與瑞安街口,0,0,1,1,B03,6,1,5,50,4,1,1,4,4,5,7,2,1,1,4,5,2,16,2,25,3,10,1,1,7,5,1,8,1,2,,6,,1,22,9,121.5434401,25.029853
112,6,11,14,30,2,04大安區,大安區復興南路2段與瑞安街口,0,0,1,2,C03,6,1,5,50,4,1,1,4,4,5,7,2,1,1,4,5,2,16,1,18,2,9,1,1,7,9,1,10,1,11,,44,,1,22,9,121.5434401,25.029853
112,6,11,14,48,2,02萬華區,萬華區中華路2段與中華路2段307巷口,0,0,1,2,C03,6,1,5,50,3,1,1,4,4,5,7,1,1,10,5,5,2,13,2,41,2,9,3,4,7,14,6,18,2,13,,27,,1,22,9,121.5052712,25.0287057
112,6,11,14,48,2,02萬華區,萬華區中華路2段與中華路2段307巷口,0,0,1,1,B01,6,1,5,50,3,1,1,4,4,5,7,1,1,10,5,5,2,13,1,65,3,10,3,4,7,9,1,4,2,8,,16,,1,22,9,121.5052712,25.0287057
112,6,11,14,58,2,07信義區,信義區信安街67巷與吳興街156巷65弄口,0,0,1,2,C03,7,1,5,50,3,2,1,5,4,5,7,4,4,10,4,4,2,12,2,30,2,9,1,1,7,9,1,10,1,14,,44,,1,22,9,121.559043,25.0259944
112,6,11,14,58,2,07信義區,信義區信安街67巷與吳興街156巷65弄口,0,0,1,1,B03,7,1,5,50,3,2,1,5,4,5,7,4,4,10,4,4,2,12,2,47,3,10,1,1,7,6,1,8,1,2,,9,,1,22,9,121.559043,25.0259944
112,6,11,15,0,2,12內湖區,內湖區潭美街與安康路22巷口,0,0,1,1,C03,7,1,5,40,3,1,1,4,2,5,6,1,1,5,4,5,1,17,1,18,2,9,1,1,7,6,1,10,1,12,,44,,2,22,9,121.5939328,25.0610753
112,6,11,15,0,2,12內湖區,內湖區潭美街與安康路22巷口,0,0,1,2,A11,7,1,5,40,3,1,1,4,2,5,6,1,1,5,4,5,1,17,1,64,4,11,3,4,7,15,7,19,11,15,,,,2,22,9,121.5939328,25.0610753
112,6,11,15,3,2,07信義區,信義區基隆路1段與基隆路1段35巷口口,0,0,2,2,B03,6,1,5,50,3,2,1,4,4,5,7,2,1,1,4,5,2,17,1,64,3,10,3,4,7,5,1,8,2,3,,44,,1,22,9,121.5685287,25.04821296