發生年度,發生月,發生日,發生時-Hours,發生分,處理別-編號,區序,肇事地點,死亡人數,2-30日死亡人數,受傷人數,當事人序號,車種,天候,光線,道路類別,速限-速度限制,道路型態,事故位置,路面狀況1,路面狀況2,路面狀況3,道路障礙1,道路障礙2,號誌1,號誌2,車道劃分-分向,車道劃分-分道1,車道劃分-分道2,車道劃分-分道3,事故類型及型態,性別,年齡,受傷程度,主要傷處,保護裝置,行動電話,車輛用途,當事者行動狀態,駕駛資格情形,駕駛執照種類,飲酒情形,車輛撞擊部位1,車輛撞擊部位2,肇因碼-個別,肇因碼-主要,個人肇逃否,職業,旅次目的,座標-X,座標-Y
112,6,12,11,18,2,06松山區,松山區敦化北路與長春路口,0,0,1,3,B03,8,1,5,40,4,1,1,5,4,5,7,2,1,1,4,1,2,9,1,29,3,10,1,1,7,8,1,8,9,15,,6,,1,22,9,121.5489785,25.05437495
112,6,12,11,18,2,06松山區,松山區敦化北路與長春路口,0,0,1,1,A02,8,1,5,40,4,1,1,5,4,5,7,2,1,1,4,1,2,9,1,60,3,10,1,1,7,9,1,2,1,15,,23,,1,22,9,121.5489785,25.05437495
112,6,12,11,18,2,06松山區,松山區敦化北路與長春路口,0,0,1,2,H02,8,1,5,40,4,1,1,5,4,5,7,2,1,1,4,1,2,9,1,91,2,9,1,5,7,20,8,20,10,16,,67,,1,22,9,121.5489785,25.05437495
112,6,12,11,20,2,11南港區,南港區南港路2段27號對面,0,0,1,1,C03,8,1,5,40,14,9,1,5,4,5,7,1,1,9,4,5,2,16,1,25,2,9,1,1,7,7,1,10,1,13,,7,,1,22,9,121.6031202,25.0536402
112,6,12,11,20,2,11南港區,南港區南港路2段27號對面,0,0,1,2,B01,8,1,5,40,14,9,1,5,4,5,7,1,1,9,4,5,2,16,1,27,3,10,1,1,7,9,1,4,1,1,,44,,1,22,9,121.6031202,25.0536402
112,6,12,11,30,2,06松山區,松山區民權東路3段與民權東路3段160巷口,0,0,2,3,H01,8,1,5,30,5,2,1,5,4,5,7,1,1,1,4,5,2,2,2,64,2,9,4,5,8,16,8,20,10,16,,67,,1,22,9,121.5479257,25.06196334
112,6,12,11,30,2,06松山區,松山區民權東路3段與民權東路3段160巷口,0,0,2,1,B03,8,1,5,30,5,2,1,5,4,5,7,1,1,1,4,5,2,2,2,65,3,10,1,1,7,5,1,8,2,8,,15,,1,22,9,121.5479257,25.06196334
112,6,12,11,30,2,06松山區,松山區民權東路3段與民權東路3段160巷口,0,0,2,2,H01,8,1,5,30,5,2,1,5,4,5,7,1,1,1,4,5,2,2,1,35,2,9,4,5,8,16,8,20,10,16,,67,,1,22,9,121.5479257,25.06196334
112,6,12,12,0,2,07信義區,信義區松仁路7號,0,0,1,2,B01,8,1,5,50,14,9,1,5,4,5,7,4,4,1,4,5,2,12,1,62,3,10,3,4,7,9,1,4,1,6,,44,,1,22,9,121.5684778,25.0378324
112,6,12,12,0,2,07信義區,信義區松仁路7號,0,0,1,1,C03,8,1,5,50,14,9,1,5,4,5,7,4,4,1,4,5,2,12,1,34,2,7,3,4,7,7,1,10,1,11,,22,,1,22,9,121.5684778,25.0378324
112,6,12,12,25,2,12內湖區,內湖區民權東路6段50號,0,0,2,1,C03,8,1,5,50,4,2,1,5,4,5,7,4,4,5,4,5,2,13,1,36,2,9,1,1,7,9,1,10,1,11,,16,,1,22,9,121.5847059,25.06831319
112,6,12,12,25,2,12內湖區,內湖區民權東路6段50號,0,0,2,2,C03,8,1,5,50,4,2,1,5,4,5,7,4,4,5,4,5,2,13,1,46,2,8,1,1,7,12,1,10,1,13,,44,,1,22,9,121.5847059,25.06831319
112,6,12,12,43,2,04大安區,大安區復興南路1段243號,0,0,2,2,C03,8,1,5,40,14,8,1,5,4,5,7,4,4,9,4,4,1,13,1,53,2,9,1,4,7,14,1,10,1,13,,42,,1,22,9,121.5437983,25.037101
112,6,12,12,43,2,04大安區,大安區復興南路1段243號,0,0,2,1,C03,8,1,5,40,14,8,1,5,4,5,7,4,4,9,4,4,1,13,1,75,2,9,1,4,7,9,1,10,1,11,,23,,1,22,9,121.5437983,25.037101
112,6,12,12,53,2,09北投區,北投區石牌路1段33號與自強街5巷口,0,0,1,2,B12,6,1,5,50,5,2,1,4,4,5,7,2,1,5,4,5,1,12,1,43,3,10,1,1,7,9,1,8,1,5,,44,,1,22,9,121.5100911,25.11294513
112,6,12,12,53,2,09北投區,北投區石牌路1段33號與自強街5巷口,0,0,1,1,C03,6,1,5,50,5,2,1,4,4,5,7,2,1,5,4,5,1,12,1,23,2,9,1,1,7,7,1,10,1,14,,7,,1,22,9,121.5100911,25.11294513
112,6,12,13,15,2,10文山區,文山區木柵路4段157號,0,0,1,1,A02,8,1,5,50,11,9,1,5,4,5,7,2,1,5,2,5,2,17,1,44,3,10,1,1,7,9,1,2,1,15,,42,,1,22,9,121.5755724,24.99966237
112,6,12,13,15,2,10文山區,文山區木柵路4段157號,0,0,1,2,C03,8,1,5,50,11,9,1,5,4,5,7,2,1,5,2,5,2,17,1,52,2,9,1,1,7,9,1,10,1,14,,44,,1,22,9,121.5755724,24.99966237
112,6,12,14,4,2,03中山區,中山區市民大道3段與新生北路1段口,0,0,1,2,A05,7,1,5,40,5,1,1,5,4,5,7,2,1,1,4,5,2,12,1,56,3,10,1,1,7,9,1,2,1,2,,44,,1,22,9,121.5309191,25.0460708
112,6,12,14,4,2,03中山區,中山區市民大道3段與新生北路1段口,0,0,1,1,C03,7,1,5,40,5,1,1,5,4,5,7,2,1,1,4,5,2,12,1,20,2,7,1,1,7,7,3,18,1,14,,7,,1,22,9,121.5309191,25.0460708
112,6,12,14,58,2,07信義區,信義區信義路4段與光復南路口,0,0,1,1,C03,7,1,5,50,4,1,1,5,4,5,7,2,1,3,4,5,2,17,2,26,2,9,1,1,7,7,1,10,1,14,,43,,1,22,9,121.557488,25.0328283
112,6,12,14,58,2,07信義區,信義區信義路4段與光復南路口,0,0,1,2,A04,7,1,5,50,4,1,1,5,4,5,7,2,1,3,4,5,2,17,1,31,3,10,1,1,7,9,1,2,1,6,,43,,1,22,9,121.557488,25.0328283
112,6,12,15,0,2,03中山區,中山區中山北路2段與民生西路口,0,0,2,2,C03,7,1,5,50,4,1,1,5,4,5,7,1,1,5,4,5,2,12,1,39,2,9,1,1,7,9,1,10,2,14,,44,,1,22,9,121.5228692,25.057823
112,6,12,15,0,2,03中山區,中山區中山北路2段與民生西路口,0,0,2,1,C03,7,1,5,50,4,1,1,5,4,5,7,1,1,5,4,5,2,12,1,64,2,9,1,1,7,9,1,10,2,12,,6,,1,22,9,121.5228692,25.057823
112,6,12,15,26,2,03中山區,中山區吉林路218巷9號,0,0,1,1,C03,8,1,5,30,13,9,1,5,4,5,5,4,4,10,5,5,2,10,1,73,2,8,1,1,7,1,1,10,1,12,,19,,1,22,9,121.5290559,25.0589672
112,6,12,15,26,2,03中山區,中山區吉林路218巷9號,0,0,1,2,B02,8,1,5,30,13,9,1,5,4,5,5,4,4,10,5,5,2,10,1,56,3,10,3,4,7,9,1,8,1,5,,44,,1,22,9,121.5290559,25.0589672
112,6,12,16,6,2,12內湖區,內湖區民權東路6段210巷與民權東路口側附近6段口口,0,0,1,1,B01,7,1,5,30,4,1,1,5,4,5,7,2,1,5,5,5,2,12,1,65,3,10,1,1,7,6,1,4,1,5,,,,1,10,4,121.5977413,25.06732031
112,6,12,16,6,2,12內湖區,內湖區民權東路6段210巷與民權東路口側附近6段口口,0,0,1,2,C03,7,1,5,30,4,1,1,5,4,5,7,2,1,5,5,5,2,12,2,25,2,9,1,1,7,9,1,10,1,13,,,,1,22,9,121.5977413,25.06732031
112,6,12,16,30,2,08士林區,士林區延平北路7段106巷94弄與延平北路7段106巷口,0,0,1,1,B03,7,1,5,30,3,1,1,5,4,5,6,4,4,10,5,5,1,17,1,32,3,10,1,1,7,6,1,8,1,8,,6,,1,22,9,121.4962439,25.0991028
112,6,12,16,30,2,08士林區,士林區延平北路7段106巷94弄與延平北路7段106巷口,0,0,1,2,C03,7,1,5,30,3,1,1,5,4,5,6,4,4,10,5,5,1,17,2,20,2,8,1,1,7,9,1,10,1,12,,23,,1,22,9,121.4962439,25.0991028
112,6,12,16,50,2,03中山區,中山區新生北路2段76巷與林森北路口,0,0,2,2,C03,8,1,5,50,4,1,1,5,4,5,7,4,4,7,4,5,2,16,1,53,2,9,1,1,7,9,1,10,2,11,,14,,1,22,9,121.5255739,25.0575017
112,6,12,16,50,2,03中山區,中山區新生北路2段76巷與林森北路口,0,0,2,3,B01,8,1,5,50,4,1,1,5,4,5,7,4,4,7,4,5,2,16,1,43,4,11,3,1,7,9,1,4,9,15,,26,,1,22,9,121.5255739,25.0575017
112,6,12,16,50,2,03中山區,中山區新生北路2段76巷與林森北路口,0,0,2,1,C03,8,1,5,50,4,1,1,5,4,5,7,4,4,7,4,5,2,16,1,57,2,8,1,1,7,5,1,10,2,12,,6,,1,22,9,121.5255739,25.0575017
112,6,12,16,57,2,09北投區,北投區天母西路120巷與天母西路口,0,0,1,1,C03,8,1,5,50,3,1,1,5,4,5,7,4,4,5,4,5,2,16,1,20,2,9,1,1,7,5,1,10,2,12,,8,,1,22,9,121.52285,25.1189512
112,6,12,16,57,2,09北投區,北投區天母西路120巷與天母西路口,0,0,1,2,B01,8,1,5,50,3,1,1,5,4,5,7,4,4,5,4,5,2,16,1,38,3,10,1,1,7,9,1,4,2,1,,23,,1,22,9,121.52285,25.1189512
112,6,12,17,10,2,07信義區,信義區忠孝東路5段與虎林街口,0,0,1,1,B03,7,1,5,50,4,1,1,5,4,5,7,2,1,3,4,5,2,17,1,45,3,10,1,1,7,8,1,8,1,5,,7,,1,22,9,121.5770013,25.0407438
112,6,12,17,10,2,07信義區,信義區忠孝東路5段與虎林街口,0,0,1,2,C03,7,1,5,50,4,1,1,5,4,5,7,2,1,3,4,5,2,17,1,28,2,9,1,1,7,9,1,10,1,14,,44,,1,22,9,121.5770013,25.0407438
112,6,12,17,22,2,03中山區,中山區松江路與南京東路2段口,0,0,1,1,B01,8,1,5,50,4,1,1,5,4,5,7,1,1,1,3,5,1,16,1,61,3,10,1,1,7,6,1,4,1,6,,9,,1,22,9,121.5330963,25.0518225
112,6,12,17,22,2,03中山區,中山區松江路與南京東路2段口,0,0,1,2,C03,8,1,5,50,4,1,1,5,4,5,7,1,1,1,3,5,1,16,2,22,2,8,1,1,7,9,1,10,1,14,,44,,1,22,9,121.5330963,25.0518225
112,6,12,18,4,2,01大同區,大同區蘭州街與民權西路口,0,0,1,1,B03,8,1,5,50,15,9,1,5,4,5,7,1,1,9,4,5,1,13,1,67,3,10,3,4,7,5,1,8,1,1,,8,,1,22,9,121.5146545,25.0630736
112,6,12,18,4,2,01大同區,大同區蘭州街與民權西路口,0,0,1,2,C03,8,1,5,50,15,9,1,5,4,5,7,1,1,9,4,5,1,13,1,35,2,9,3,4,7,14,1,10,1,13,,44,,1,22,9,121.5146545,25.0630736
112,6,12,18,13,2,10文山區,文山區萬芳路與萬和街口口,0,0,1,1,A04,8,1,5,50,3,1,1,5,4,5,7,1,1,5,5,5,2,16,1,23,3,10,1,1,7,5,1,6,1,2,,8,,1,22,9,121.5690572,24.9987614
112,6,12,18,13,2,10文山區,文山區萬芳路與萬和街口口,0,0,1,2,C03,8,1,5,50,3,1,1,5,4,5,7,1,1,5,5,5,2,16,1,23,2,9,1,1,7,9,1,10,1,11,,23,,1,22,9,121.5690572,24.9987614
112,6,12,18,25,2,08士林區,士林區德行西路62號與德行西路口,0,0,1,1,F01,7,1,5,30,3,1,1,5,4,5,7,4,4,5,5,5,1,12,2,72,2,9,2,1,7,6,8,20,1,16,,6,,1,22,9,121.5226816,25.10516452
112,6,12,18,25,2,08士林區,士林區德行西路62號與德行西路口,0,0,1,2,B02,7,1,5,30,3,1,1,5,4,5,7,4,4,5,5,5,1,12,2,20,3,10,1,1,7,9,1,8,1,1,,44,,1,22,9,121.5226816,25.10516452
112,6,12,18,48,2,05中正區,中正區館前路與襄陽路口,0,0,3,1,C03,8,2,5,50,3,1,1,5,4,5,7,1,1,9,2,5,1,12,1,18,2,8,1,1,7,7,1,10,2,14,,7,,1,22,9,121.5148324,25.0433825
112,6,12,18,48,2,05中正區,中正區館前路與襄陽路口,0,0,3,2,C03,8,2,5,50,3,1,1,5,4,5,7,1,1,9,2,5,1,12,1,25,2,9,1,1,7,9,1,10,2,12,,44,,1,22,9,121.5148324,25.0433825
112,6,12,18,48,2,05中正區,中正區館前路與襄陽路口,0,0,3,3,H02,8,2,5,50,3,1,1,5,4,5,7,1,1,9,2,5,1,12,2,19,2,8,1,5,7,20,8,20,10,16,,67,,1,22,9,121.5148324,25.0433825
112,6,12,20,25,2,08士林區,士林區劍潭路與後港街2巷口,0,0,1,1,B03,7,3,5,30,4,1,1,5,4,5,7,4,4,5,5,5,1,15,1,21,3,10,1,1,7,9,1,8,1,1,,6,,1,22,9,121.5213785,25.08371765
112,6,12,20,25,2,08士林區,士林區劍潭路與後港街2巷口,0,0,1,2,C03,7,3,5,30,4,1,1,5,4,5,7,4,4,5,5,5,1,15,2,49,2,8,1,1,7,9,1,10,1,12,,6,,1,22,9,121.5213785,25.08371765
112,6,12,20,30,2,07信義區,信義區信義路5段與松仁路口,0,0,1,1,C03,8,3,5,50,4,1,1,5,4,5,7,1,1,9,4,5,2,18,2,23,2,9,1,1,7,9,1,10,1,12,,43,,1,22,9,121.568163,25.0327173
112,6,12,20,30,2,07信義區,信義區信義路5段與松仁路口,0,0,1,2,,8,3,5,50,4,1,1,5,4,5,7,1,1,9,4,5,2,18,3,0,,,,,,,,,,,,67,,1,,,121.568163,25.0327173
112,6,12,20,40,2,09北投區,北投區致遠二路與吉利街147巷口,0,0,2,1,C03,7,3,5,50,5,1,1,5,4,5,7,1,1,5,4,5,1,11,1,54,2,9,1,1,7,5,1,10,1,11,,,,1,22,9,121.5131341,25.11746669
112,6,12,20,40,2,09北投區,北投區致遠二路與吉利街147巷口,0,0,2,2,C03,7,3,5,50,5,1,1,5,4,5,7,1,1,5,4,5,1,11,1,26,2,9,1,1,7,9,1,10,1,11,,,,1,22,9,121.5131341,25.11746669
112,6,12,20,49,2,03中山區,中山區松江路與長安東路2段口,0,0,1,1,B03,8,3,5,50,4,2,1,5,4,5,7,1,1,5,4,5,2,13,1,43,3,10,1,1,7,9,1,8,1,5,,23,,1,22,9,121.5326887,25.0484485
112,6,12,20,49,2,03中山區,中山區松江路與長安東路2段口,0,0,1,2,C03,8,3,5,50,4,2,1,5,4,5,7,1,1,5,4,5,2,13,1,53,2,9,1,1,7,14,1,10,1,13,,44,,1,22,9,121.5326887,25.0484485
112,6,12,21,23,2,05中正區,中正區重慶南路1段與漢口街1段口,0,0,1,2,C03,8,3,5,50,4,2,1,5,4,5,7,2,1,10,4,5,2,16,1,37,3,10,1,1,7,9,1,10,2,11,,44,,1,22,9,121.5132608,25.0452829
112,6,12,21,23,2,05中正區,中正區重慶南路1段與漢口街1段口,0,0,1,1,C03,8,3,5,50,4,2,1,5,4,5,7,2,1,10,4,5,2,16,2,24,2,8,1,1,7,5,1,10,2,14,,8,,1,22,9,121.5132608,25.0452829
112,6,12,22,7,2,03中山區,中山區德惠街7-1號,0,0,1,1,B03,8,3,5,50,14,9,1,5,4,5,7,4,4,9,5,5,2,12,2,38,3,10,3,4,7,6,1,8,1,2,,9,,1,22,9,121.5236626,25.0667411
112,6,12,22,7,2,03中山區,中山區德惠街7-1號,0,0,1,2,C03,8,3,5,50,14,9,1,5,4,5,7,4,4,9,5,5,2,12,1,25,2,9,3,4,7,9,1,10,1,14,,44,,1,22,9,121.5236626,25.0667411
112,6,12,23,10,2,11南港區,南港區南港路1段與研究院路1段口,0,0,2,2,C03,8,3,5,50,4,1,1,5,4,5,7,1,1,4,1,5,2,11,1,40,2,7,1,1,7,9,1,10,2,11,,44,,1,22,9,121.6165738,25.0550966
112,6,12,23,10,2,11南港區,南港區南港路1段與研究院路1段口,0,0,2,1,C03,8,3,5,50,4,1,1,5,4,5,7,1,1,4,1,5,2,11,1,18,2,8,1,1,7,5,1,10,2,12,,8,,1,22,9,121.6165738,25.0550966
112,6,12,23,20,2,02萬華區,萬華區康定路與廣州街口,0,0,1,1,B01,8,3,5,50,4,1,1,5,4,5,7,1,1,4,3,5,2,11,1,54,3,10,1,1,7,5,1,4,1,6,,,,1,22,9,121.501482,25.0366245
112,6,12,23,20,2,02萬華區,萬華區康定路與廣州街口,0,0,1,2,C03,8,3,5,50,4,1,1,5,4,5,7,1,1,4,3,5,2,11,2,41,2,9,1,1,7,9,1,10,1,12,,,,1,22,9,121.501482,25.0366245
112,6,13,0,15,2,04大安區,大安區麗水街與永康街2巷口,0,0,1,1,C03,8,3,5,30,4,1,1,5,4,5,7,4,4,5,4,5,2,15,2,26,2,9,1,1,7,9,1,10,1,12,,6,,1,22,9,121.5291209,25.0332323
112,6,13,0,15,2,04大安區,大安區麗水街與永康街2巷口,0,0,1,2,B01,8,3,5,30,4,1,1,5,4,5,7,4,4,5,4,5,2,15,1,51,3,10,1,1,7,9,1,4,1,8,,44,,1,22,9,121.5291209,25.0332323
112,6,13,4,57,2,10文山區,文山區景後街與景中街30巷口,0,0,1,2,C03,8,2,5,30,4,1,1,5,4,5,7,3,1,10,5,5,2,15,2,41,2,9,1,1,7,9,1,10,2,11,,,,1,22,9,121.5428936,24.992072
112,6,13,4,57,2,10文山區,文山區景後街與景中街30巷口,0,0,1,1,B03,8,2,5,30,4,1,1,5,4,5,7,3,1,10,5,5,2,15,1,43,3,10,1,1,7,9,1,8,2,2,,,,1,22,9,121.5428936,24.992072
112,6,13,6,5,2,02萬華區,萬華區武成街125巷6弄與武成街125巷口,0,0,2,2,C03,7,2,5,30,4,1,5,5,4,5,7,4,4,10,5,5,2,17,2,37,2,9,1,1,7,9,1,10,1,14,,13,,1,22,9,121.4938149,25.01957802
112,6,13,6,5,2,02萬華區,萬華區武成街125巷6弄與武成街125巷口,0,0,2,3,C03,7,2,5,30,4,1,5,5,4,5,7,4,4,10,5,5,2,17,1,60,3,10,3,4,7,13,1,10,9,13,12,44,,1,22,9,121.4938149,25.01957802
112,6,13,6,5,2,02萬華區,萬華區武成街125巷6弄與武成街125巷口,0,0,2,1,C03,7,2,5,30,4,1,5,5,4,5,7,4,4,10,5,5,2,17,1,80,2,9,1,1,7,9,1,10,1,11,12,6,,1,22,9,121.4938149,25.01957802
112,6,13,7,2,2,05中正區,中正區忠孝東路1段與林森南路口,0,0,2,2,C03,8,1,5,50,4,1,1,5,4,5,7,2,1,1,4,5,2,15,2,39,2,9,1,1,7,9,1,10,2,11,,44,,1,22,9,121.5232927,25.04476053
112,6,13,7,2,2,05中正區,中正區忠孝東路1段與林森南路口,0,0,2,1,C03,8,1,5,50,4,1,1,5,4,5,7,2,1,1,4,5,2,15,1,55,2,9,1,1,7,1,1,10,2,14,,25,,1,22,9,121.5232927,25.04476053
112,6,13,7,30,2,01大同區,大同區庫倫街35號,0,0,1,1,B03,8,1,5,50,14,9,1,5,4,5,6,4,4,5,5,5,2,16,1,23,3,10,1,1,7,11,3,18,1,8,,26,,1,22,9,121.5182925,25.0720129
112,6,13,7,30,2,01大同區,大同區庫倫街35號,0,0,1,2,C03,8,1,5,50,14,9,1,5,4,5,6,4,4,5,5,5,2,16,1,51,2,9,1,1,7,9,1,10,1,11,,44,,1,22,9,121.5182925,25.0720129
112,6,13,7,34,2,12內湖區,內湖區民權東路6段413巷與民權東路6段口,0,0,1,1,B02,8,1,5,50,3,2,1,5,4,5,7,4,4,1,4,4,2,12,1,23,3,10,1,1,7,8,1,4,1,5,,7,,1,22,9,121.6033097,25.07004675
112,6,13,7,34,2,12內湖區,內湖區民權東路6段413巷與民權東路6段口,0,0,1,2,C03,8,1,5,50,3,2,1,5,4,5,7,4,4,1,4,4,2,12,1,37,2,7,1,1,7,9,1,10,1,14,,13,,1,22,9,121.6033097,25.07004675
112,6,13,7,36,2,10文山區,文山區木柵路1段70巷與木柵路1段口,0,0,1,1,B03,8,1,5,50,4,1,1,5,4,5,7,1,1,4,3,5,2,16,1,67,3,10,1,1,7,5,1,8,2,6,,8,,1,22,9,121.5487909,24.9871939
112,6,13,7,36,2,10文山區,文山區木柵路1段70巷與木柵路1段口,0,0,1,2,C03,8,1,5,50,4,1,1,5,4,5,7,1,1,4,3,5,2,16,2,55,2,9,1,1,7,9,1,10,2,11,,23,,1,22,9,121.5487909,24.9871939
112,6,13,7,37,2,08士林區,士林區重陽橋機車道西往東,0,0,2,4,H02,8,1,5,25,8,9,1,5,4,5,7,4,4,10,4,5,1,13,2,13,2,9,1,5,7,17,8,20,10,16,,67,,1,22,9,121.5076323,25.08611884
112,6,13,7,37,2,08士林區,士林區重陽橋機車道西往東,0,0,2,1,C03,8,1,5,25,8,9,1,5,4,5,7,4,4,10,4,5,1,13,1,44,3,10,1,1,7,9,4,11,2,11,,23,,1,22,9,121.5076323,25.08611884
112,6,13,7,37,2,08士林區,士林區重陽橋機車道西往東,0,0,2,2,C03,8,1,5,25,8,9,1,5,4,5,7,4,4,10,4,5,1,13,1,22,3,10,1,1,7,9,1,10,2,13,,13,,1,22,9,121.5076323,25.08611884
112,6,13,7,37,2,08士林區,士林區重陽橋機車道西往東,0,0,2,3,C03,8,1,5,25,8,9,1,5,4,5,7,4,4,10,4,5,1,13,2,52,2,9,1,1,7,9,1,10,2,11,,23,,1,22,9,121.5076323,25.08611884
112,6,13,7,40,2,03中山區,中山區民權東路2段156號,0,0,1,1,C03,8,1,5,50,14,9,1,5,4,5,7,4,4,1,3,5,1,13,1,39,2,9,1,1,7,9,1,10,1,11,,16,,1,22,9,121.5352596,25.0623421
112,6,13,7,40,2,03中山區,中山區民權東路2段156號,0,0,1,2,B03,8,1,5,50,14,9,1,5,4,5,7,4,4,1,3,5,1,13,1,36,3,10,1,1,7,9,1,8,1,7,,44,,1,22,9,121.5352596,25.0623421
112,6,13,7,52,2,01大同區,大同區鄭州路與西寧北路口,0,0,2,3,C03,8,1,5,40,4,1,1,5,4,5,7,2,1,1,4,5,2,15,1,34,2,9,1,1,7,9,1,10,1,12,,44,,1,22,9,121.5081291,25.05039272
112,6,13,7,52,2,01大同區,大同區鄭州路與西寧北路口,0,0,2,1,B03,8,1,5,40,4,1,1,5,4,5,7,2,1,1,4,5,2,15,1,42,3,10,3,4,7,9,1,8,1,1,,25,,1,22,9,121.5081291,25.05039272
112,6,13,7,52,2,01大同區,大同區鄭州路與西寧北路口,0,0,2,2,C03,8,1,5,40,4,1,1,5,4,5,7,2,1,1,4,5,2,15,1,32,2,9,1,1,7,9,1,10,1,12,,44,,1,22,9,121.5081291,25.05039272
112,6,13,8,14,2,01大同區,大同區通河西街1段旁堤外便道(大龍抽水站前),0,0,3,2,C03,8,1,5,40,14,9,1,5,4,5,7,4,4,9,5,5,2,11,1,43,2,9,1,1,7,9,1,10,1,14,,44,,1,22,9,121.5164593,25.07900967
112,6,13,8,14,2,01大同區,大同區通河西街1段旁堤外便道(大龍抽水站前),0,0,3,1,C03,8,1,5,40,14,9,1,5,4,5,7,4,4,9,5,5,2,11,2,24,2,9,1,1,7,7,1,10,1,14,,7,,1,22,9,121.5164593,25.07900967
112,6,13,8,14,2,01大同區,大同區通河西街1段旁堤外便道(大龍抽水站前),0,0,3,3,H02,8,1,5,40,14,9,1,5,4,5,7,4,4,9,5,5,2,11,2,24,2,8,1,5,7,20,8,20,10,16,,67,,1,22,9,121.5164593,25.07900967
112,6,13,8,18,2,08士林區,士林區重慶北路4段與無名巷口,0,0,1,1,C03,8,1,5,50,3,1,1,5,4,5,7,4,4,1,4,5,2,12,2,50,2,9,1,1,7,8,1,10,2,12,,7,,1,22,9,121.511141,25.08641729
112,6,13,8,18,2,08士林區,士林區重慶北路4段與無名巷口,0,0,1,2,C03,8,1,5,50,3,1,1,5,4,5,7,4,4,1,4,5,2,12,1,72,3,10,1,1,7,9,1,10,2,14,,44,,1,22,9,121.511141,25.08641729
112,6,13,8,18,2,08士林區,士林區重慶北路4段與無名巷口,0,0,1,3,B12,8,1,5,50,3,1,1,5,4,5,7,4,4,1,4,5,2,12,1,39,3,10,3,4,7,14,1,8,11,4,,38,,1,22,9,121.511141,25.08641729
112,6,13,8,23,2,03中山區,中山區民族西路與玉門街口,0,0,2,2,B12,8,1,5,50,14,9,1,5,4,5,7,4,4,10,5,5,2,13,1,48,3,10,1,1,7,9,1,8,2,6,,44,,1,22,9,121.519954,25.0684553
112,6,13,8,23,2,03中山區,中山區民族西路與玉門街口,0,0,2,3,C03,8,1,5,50,14,9,1,5,4,5,7,4,4,10,5,5,2,13,1,32,2,8,1,1,7,9,1,10,2,11,,44,,1,22,9,121.519954,25.0684553
112,6,13,8,23,2,03中山區,中山區民族西路與玉門街口,0,0,2,1,C04,8,1,5,50,14,9,1,5,4,5,7,4,4,10,5,5,2,13,2,26,2,9,1,1,7,9,1,10,2,11,,16,,1,22,9,121.519954,25.0684553
112,6,13,8,24,2,04大安區,大安區東豐街與仁愛路4段48巷口,0,0,1,2,C03,8,1,5,50,4,2,1,5,4,5,7,4,4,8,3,4,1,16,1,54,2,9,1,1,7,9,1,10,1,11,,14,,1,5,1,121.5470741,25.0359917
112,6,13,8,24,2,04大安區,大安區東豐街與仁愛路4段48巷口,0,0,1,1,B03,8,1,5,50,4,2,1,5,4,5,7,4,4,8,3,4,1,16,1,49,3,10,1,1,7,11,1,8,1,2,,6,,1,21,8,121.5470741,25.0359917
112,6,13,8,34,2,11南港區,南港區南港路1段與研究院路1段口,0,0,2,1,C03,8,1,5,50,4,1,1,5,4,5,7,2,1,10,1,5,2,12,1,32,2,7,1,4,7,9,1,10,2,14,,26,,1,22,9,121.6167397,25.0551027
112,6,13,8,34,2,11南港區,南港區南港路1段與研究院路1段口,0,0,2,2,C03,8,1,5,50,4,1,1,5,4,5,7,2,1,10,1,5,2,12,1,43,2,7,3,4,7,9,1,10,2,12,,44,,1,22,9,121.6167397,25.0551027
112,6,13,8,43,2,06松山區,松山區復興北路33號,0,0,1,1,C03,8,1,5,50,14,9,1,5,4,5,7,4,4,1,4,5,2,13,1,26,2,9,1,1,7,9,1,10,1,11,,16,,1,22,9,121.5440671,25.04959076
112,6,13,8,43,2,06松山區,松山區復興北路33號,0,0,1,2,B03,8,1,5,50,14,9,1,5,4,5,7,4,4,1,4,5,2,13,2,40,3,10,1,1,7,9,1,8,1,3,,44,,1,22,9,121.5440671,25.04959076
112,6,13,8,50,2,12內湖區,內湖區舊宗路2段121巷與舊宗路2段口,0,0,2,1,C03,8,1,5,50,4,1,1,5,4,5,7,2,1,1,4,5,2,17,1,28,2,6,1,1,7,9,1,10,1,11,,23,,1,22,9,121.5748515,25.06930628
112,6,13,8,50,2,12內湖區,內湖區舊宗路2段121巷與舊宗路2段口,0,0,2,2,C03,8,1,5,50,4,1,1,5,4,5,7,2,1,1,4,5,2,17,1,30,2,9,1,1,7,9,1,10,1,14,,13,,1,22,9,121.5748515,25.06930628
112,6,13,9,3,2,05中正區,中正區桃源街與寶慶路口,0,0,1,2,C03,8,1,5,50,4,1,1,5,4,5,7,1,1,10,4,5,2,13,1,46,2,7,1,1,7,9,1,10,2,13,,27,,1,22,9,121.5104278,25.04141
112,6,13,9,3,2,05中正區,中正區桃源街與寶慶路口,0,0,1,3,C03,8,1,5,50,4,1,1,5,4,5,7,1,1,10,4,5,2,13,1,59,3,10,1,1,7,9,1,10,2,11,,44,,1,22,9,121.5104278,25.04141
112,6,13,9,3,2,05中正區,中正區桃源街與寶慶路口,0,0,1,1,C03,8,1,5,50,4,1,1,5,4,5,7,1,1,10,4,5,2,13,1,37,3,10,1,1,7,5,1,10,2,15,,8,,1,22,9,121.5104278,25.04141
112,6,13,9,6,2,09北投區,北投區大度路3段與知行路口,0,0,1,2,B03,8,1,5,50,4,1,1,5,4,5,7,2,1,5,4,5,2,17,1,31,3,10,1,1,7,5,1,8,2,4,,44,,1,22,9,121.4669223,25.12308139