發生年度,發生月,發生日,發生時-Hours,發生分,處理別-編號,區序,肇事地點,死亡人數,2-30日死亡人數,受傷人數,當事人序號,車種,天候,光線,道路類別,速限-速度限制,道路型態,事故位置,路面狀況1,路面狀況2,路面狀況3,道路障礙1,道路障礙2,號誌1,號誌2,車道劃分-分向,車道劃分-分道1,車道劃分-分道2,車道劃分-分道3,事故類型及型態,性別,年齡,受傷程度,主要傷處,保護裝置,行動電話,車輛用途,當事者行動狀態,駕駛資格情形,駕駛執照種類,飲酒情形,車輛撞擊部位1,車輛撞擊部位2,肇因碼-個別,肇因碼-主要,個人肇逃否,職業,旅次目的,座標-X,座標-Y
112,6,14,9,10,2,05中正區,中正區中山南路與信義路1段口,0,0,2,2,C03,8,1,5,50,16,9,1,5,4,5,7,4,4,1,4,5,2,16,2,34,2,9,1,1,7,6,1,10,2,12,,23,,1,22,9,121.5180754,25.0384131
112,6,14,9,34,2,05中正區,中正區汀州路1段210號,0,0,1,1,C03,8,1,5,50,14,9,1,5,4,5,7,4,4,5,5,5,2,1,1,21,3,10,1,1,7,9,1,10,9,14,,15,,1,22,9,121.5095316,25.027911
112,6,14,9,34,2,05中正區,中正區汀州路1段210號,0,0,1,2,H01,8,1,5,50,14,9,1,5,4,5,7,4,4,5,5,5,2,1,1,36,2,7,3,5,8,16,8,20,9,16,,67,,1,22,9,121.5095316,25.027911
112,6,14,9,36,2,07信義區,信義區莊敬路與吳興街156巷口,0,0,1,2,C03,8,1,5,50,4,1,1,5,4,5,7,2,1,9,4,5,1,12,1,28,2,7,3,4,7,9,1,10,1,14,,44,,1,22,9,121.5622098,25.0295106
112,6,14,9,36,2,07信義區,信義區莊敬路與吳興街156巷口,0,0,1,1,B11,8,1,5,50,4,1,1,5,4,5,7,2,1,9,4,5,1,12,1,45,3,10,3,4,7,6,1,4,1,2,,9,,1,22,9,121.5622098,25.0295106
112,6,14,9,40,2,09北投區,北投區公館路423巷與立農街1段187巷口,0,0,2,2,C03,8,1,5,30,4,1,1,5,4,5,7,3,1,10,5,5,2,16,2,23,2,9,1,1,7,9,1,10,1,14,,14,,1,22,9,121.5037992,25.120077
112,6,14,9,40,2,09北投區,北投區公館路423巷與立農街1段187巷口,0,0,2,1,C03,8,1,5,30,4,1,1,5,4,5,7,3,1,10,5,5,2,16,2,71,2,7,1,1,7,9,1,10,1,11,,6,,1,22,9,121.5037992,25.120077
112,6,14,9,45,2,05中正區,中正區林森南路地下道,0,0,1,1,C03,8,1,5,50,15,9,1,5,4,5,7,4,4,10,4,5,1,13,2,20,2,7,1,1,7,9,1,10,2,11,,23,,1,22,9,121.5192733,25.03416838
112,6,14,9,45,2,05中正區,中正區林森南路地下道,0,0,1,2,B01,8,1,5,50,15,9,1,5,4,5,7,4,4,10,4,5,1,13,1,47,3,10,1,1,7,14,1,4,2,3,,44,,1,22,9,121.5192733,25.03416838
112,6,14,10,19,2,06松山區,松山區八德路4段與松信路口,0,0,1,1,B03,8,1,5,50,4,1,1,5,4,5,7,2,1,1,4,5,2,13,2,22,2,8,1,1,7,9,1,8,1,5,,16,,1,22,9,121.5722728,25.04973134
112,6,14,10,19,2,06松山區,松山區八德路4段與松信路口,0,0,1,2,B03,8,1,5,50,4,1,1,5,4,5,7,2,1,1,4,5,2,13,1,53,3,10,1,1,7,9,1,8,1,7,,44,,1,22,9,121.5722728,25.04973134
112,6,14,10,20,2,10文山區,文山區羅斯福路6段469巷與景文街口口,0,0,1,2,B03,8,1,5,30,5,1,1,5,4,5,7,2,1,10,5,5,2,16,1,61,3,10,1,1,7,9,1,8,1,2,,44,,1,22,9,121.5408789,24.989749
112,6,14,10,20,2,10文山區,文山區羅斯福路6段469巷與景文街口口,0,0,1,1,C03,8,1,5,30,5,1,1,5,4,5,7,2,1,10,5,5,2,16,2,56,2,8,1,1,7,6,1,10,1,11,,6,,1,22,9,121.5408789,24.989749
112,6,14,10,27,2,12內湖區,內湖區大湖山莊街與成功路口側附近5段口口,0,0,1,2,C03,8,1,5,50,3,1,1,5,4,5,7,4,4,1,4,4,2,12,2,42,2,9,1,1,7,9,1,10,2,12,,44,,1,22,9,121.6020657,25.08403851
112,6,14,10,27,2,12內湖區,內湖區大湖山莊街與成功路口側附近5段口口,0,0,1,1,C03,8,1,5,50,3,1,1,5,4,5,7,4,4,1,4,4,2,12,1,44,3,10,1,1,7,6,1,10,2,12,,9,,1,22,9,121.6020657,25.08403851
112,6,14,10,33,2,02萬華區,萬華區忠孝橋往北市汽車道,0,0,2,1,B03,8,1,5,50,8,9,1,5,4,5,7,4,4,10,5,5,2,13,1,25,3,10,1,1,7,9,1,8,1,1,,,,1,22,9,121.5047705,25.04976375
112,6,14,10,33,2,02萬華區,萬華區忠孝橋往北市汽車道,0,0,2,2,B01,8,1,5,50,8,9,1,5,4,5,7,4,4,10,5,5,2,13,2,23,3,10,1,1,7,9,1,4,1,3,,,,1,22,9,121.5047705,25.04976375
112,6,14,10,33,2,02萬華區,萬華區忠孝橋往北市汽車道,0,0,2,5,H02,8,1,5,50,8,9,1,5,4,5,7,4,4,10,5,5,2,13,2,34,2,9,2,1,7,20,8,20,10,16,,,,1,22,9,121.5047705,25.04976375
112,6,14,10,33,2,02萬華區,萬華區忠孝橋往北市汽車道,0,0,2,3,B03,8,1,5,50,8,9,1,5,4,5,7,4,4,10,5,5,2,13,2,39,3,10,1,1,7,9,1,8,1,7,,,,1,22,9,121.5047705,25.04976375
112,6,14,10,33,2,02萬華區,萬華區忠孝橋往北市汽車道,0,0,2,4,H02,8,1,5,50,8,9,1,5,4,5,7,4,4,10,5,5,2,13,2,62,2,9,2,5,7,20,8,20,10,16,,,,1,22,9,121.5047705,25.04976375
112,6,14,10,50,2,10文山區,文山區萬慶街與景福街242巷口,0,0,1,1,C03,8,1,5,30,4,1,1,5,4,5,7,4,4,10,5,5,2,15,1,42,3,10,1,1,7,9,1,10,1,14,,6,,1,22,9,121.5394137,24.9927085
112,6,14,10,50,2,10文山區,文山區萬慶街與景福街242巷口,0,0,1,2,F03,8,1,5,30,4,1,1,5,4,5,7,4,4,10,5,5,2,15,1,65,2,9,1,1,7,9,8,20,1,16,,23,,1,22,9,121.5394137,24.9927085
112,6,14,10,51,2,04大安區,大安區辛亥路2段與建國高架道口迴轉道口,0,0,1,1,B02,8,1,5,50,4,1,1,5,4,5,7,4,4,8,3,5,1,17,1,44,3,10,3,4,7,15,1,8,1,8,,23,,1,22,9,121.5356411,25.0224573
112,6,14,10,51,2,04大安區,大安區辛亥路2段與建國高架道口迴轉道口,0,0,1,2,C03,8,1,5,50,4,1,1,5,4,5,7,4,4,8,3,5,1,17,2,37,2,8,3,4,7,15,1,10,1,13,,44,,1,22,9,121.5356411,25.0224573
112,6,14,10,55,2,04大安區,大安區和平東路2段24號對面,0,0,2,1,B01,7,1,5,50,14,9,1,5,4,5,7,4,4,10,4,1,2,12,1,38,3,10,1,1,7,9,1,4,1,2,,44,,1,22,9,121.5369161,25.02586
112,6,14,10,55,2,04大安區,大安區和平東路2段24號對面,0,0,2,2,C03,7,1,5,50,14,9,1,5,4,5,7,4,4,10,4,1,2,12,1,51,2,9,1,1,7,9,1,10,1,12,,26,,1,22,9,121.5369161,25.02586
112,6,14,10,55,2,04大安區,大安區和平東路2段24號對面,0,0,2,3,C03,7,1,5,50,14,9,1,5,4,5,7,4,4,10,4,1,2,12,1,29,2,9,1,1,7,9,1,10,1,11,,44,,1,22,9,121.5369161,25.02586
112,6,14,10,55,2,04大安區,大安區和平東路2段24號對面,0,0,2,4,B01,7,1,5,50,14,9,1,5,4,5,7,4,4,10,4,1,2,12,1,65,3,10,1,1,7,8,1,4,11,15,,7,,1,22,9,121.5369161,25.02586
112,6,14,11,10,2,07信義區,信義區吳興街359-11號,0,0,2,1,C04,8,1,5,50,14,9,1,5,4,5,7,4,4,9,5,5,2,12,2,53,2,9,1,1,7,7,1,11,1,14,,7,,1,22,9,121.5664138,25.0258719
112,6,14,11,10,2,07信義區,信義區吳興街359-11號,0,0,2,2,C03,8,1,5,50,14,9,1,5,4,5,7,4,4,9,5,5,2,12,1,34,2,7,1,1,7,9,1,10,1,12,,23,,1,22,9,121.5664138,25.0258719
112,6,14,11,30,2,07信義區,信義區信義路5段與松智路口,0,0,1,1,C03,8,1,5,50,4,1,1,5,4,5,7,1,1,1,4,5,2,12,1,38,2,9,3,4,7,8,1,10,1,11,,7,,1,22,9,121.5653796,25.0328737
112,6,14,11,30,2,07信義區,信義區信義路5段與松智路口,0,0,1,2,B03,8,1,5,50,4,1,1,5,4,5,7,1,1,1,4,5,2,12,1,53,3,10,3,4,7,9,1,1,1,7,,44,,1,22,9,121.5653796,25.0328737
112,6,14,11,43,2,09北投區,北投區大度路1段與中央北路2段257巷口,0,0,1,1,B12,8,1,5,70,4,1,1,5,4,5,7,1,1,10,5,5,2,16,1,38,3,10,1,1,7,6,1,8,1,2,,43,,1,22,9,121.4862936,25.1221131
112,6,14,11,43,2,09北投區,北投區大度路1段與中央北路2段257巷口,0,0,1,2,C03,8,1,5,70,4,1,1,5,4,5,7,1,1,10,5,5,2,16,1,37,2,8,1,1,7,9,1,10,1,11,,43,,1,22,9,121.4862936,25.1221131
112,6,14,11,47,2,04大安區,大安區辛亥路3段21巷與敦南街口,0,0,1,1,C03,8,1,5,30,4,1,1,5,4,5,7,4,4,9,5,5,2,15,1,58,2,9,1,1,7,9,1,10,1,12,,6,,1,22,9,121.5466474,25.0223833
112,6,14,11,47,2,04大安區,大安區辛亥路3段21巷與敦南街口,0,0,1,2,B03,8,1,5,30,4,1,1,5,4,5,7,4,4,9,5,5,2,15,1,48,3,10,1,1,7,9,1,8,1,5,,14,,1,22,9,121.5466474,25.0223833
112,6,14,11,52,2,02萬華區,萬華區康定路22號,0,0,1,1,B01,8,1,5,50,14,9,1,5,4,5,7,4,4,10,5,5,2,17,1,48,3,10,3,4,7,5,1,4,1,4,,8,,1,22,9,121.5030545,25.04520851
112,6,14,11,52,2,02萬華區,萬華區康定路22號,0,0,1,2,C03,8,1,5,50,14,9,1,5,4,5,7,4,4,10,5,5,2,17,1,29,2,7,3,4,7,9,1,10,1,11,,42,,1,22,9,121.5030545,25.04520851
112,6,14,12,30,2,08士林區,士林區忠誠路2段166巷28弄與天母東路8巷41弄口,0,0,1,2,B12,7,1,5,30,4,1,1,5,4,5,7,4,4,10,5,5,1,17,1,35,3,10,1,1,7,9,1,8,1,1,,23,,1,21,8,121.532362,25.11592562
112,6,14,12,30,2,08士林區,士林區忠誠路2段166巷28弄與天母東路8巷41弄口,0,0,1,1,C03,7,1,5,30,4,1,1,5,4,5,7,4,4,10,5,5,1,17,1,37,2,9,1,1,7,9,1,10,1,12,,6,,1,21,8,121.532362,25.11592562
112,6,14,12,30,2,12內湖區,內湖區港墘路221巷35號前,0,0,1,1,C03,8,1,5,30,3,1,1,5,4,5,7,4,4,5,4,5,2,13,2,28,2,9,1,1,7,9,1,10,2,11,,23,,1,22,9,121.5745471,25.07366421
112,6,14,12,30,2,12內湖區,內湖區港墘路221巷35號前,0,0,1,2,C03,8,1,5,30,3,1,1,5,4,5,7,4,4,5,4,5,2,13,1,60,3,10,1,1,7,14,1,10,2,13,,44,,1,22,9,121.5745471,25.07366421
112,6,14,12,35,2,05中正區,中正區承德路1段與北平西路口西三門,0,0,1,1,B03,8,1,5,50,3,2,1,5,4,5,7,4,4,10,4,5,2,3,1,36,3,10,1,1,7,5,1,8,2,8,,15,,1,22,9,121.5161039,25.0474888
112,6,14,12,35,2,05中正區,中正區承德路1段與北平西路口西三門,0,0,1,2,H01,8,1,5,50,3,2,1,5,4,5,7,4,4,10,4,5,2,3,1,39,2,9,4,5,8,16,8,20,10,16,,67,,1,22,9,121.5161039,25.0474888
112,6,14,12,42,2,04大安區,大安區基隆路4段與羅斯福路4段口口,0,0,1,2,C03,8,1,5,50,5,1,1,5,4,5,7,2,1,8,3,5,1,17,1,19,2,9,3,4,7,15,1,10,2,14,,44,,1,22,9,121.5371982,25.0113478
112,6,14,12,42,2,04大安區,大安區基隆路4段與羅斯福路4段口口,0,0,1,1,B03,8,1,5,50,5,1,1,5,4,5,7,2,1,8,3,5,1,17,1,36,3,10,3,4,7,15,1,8,2,1,,25,,1,22,9,121.5371982,25.0113478
112,6,14,13,3,2,06松山區,松山區南京東路5段與東興路口,0,0,1,1,B01,7,1,5,50,3,2,1,5,4,5,7,2,1,6,3,5,1,12,1,42,3,10,1,1,7,6,1,4,1,5,,23,,1,22,9,121.5652689,25.0512607
112,6,14,13,3,2,06松山區,松山區南京東路5段與東興路口,0,0,1,2,C03,7,1,5,50,3,2,1,5,4,5,7,2,1,6,3,5,1,12,2,45,2,9,1,1,7,9,1,10,1,14,,26,,1,22,9,121.5652689,25.0512607
112,6,14,13,13,2,08士林區,士林區仰德大道1段28號,0,0,2,1,B03,8,1,5,40,14,9,1,5,4,5,7,4,4,5,5,5,1,12,1,52,3,10,3,4,7,9,1,8,1,6,,42,,1,22,9,121.5376338,25.10197964
112,6,14,13,13,2,08士林區,士林區仰德大道1段28號,0,0,2,2,C03,8,1,5,40,14,9,1,5,4,5,7,4,4,5,5,5,1,12,2,24,2,9,3,4,7,9,1,10,1,14,,42,,1,22,9,121.5376338,25.10197964
112,6,14,13,13,2,08士林區,士林區仰德大道1段28號,0,0,2,3,H02,8,1,5,40,14,9,1,5,4,5,7,4,4,5,5,5,1,12,2,24,2,9,3,5,7,20,8,20,10,16,,67,,1,22,9,121.5376338,25.10197964
112,6,14,13,22,2,05中正區,中正區凱達格蘭大道與公園路口,0,0,1,1,B03,7,1,5,50,4,4,1,5,4,5,7,2,1,9,4,5,2,13,1,73,3,10,1,1,7,9,1,8,1,1,,23,,1,21,7,121.5155303,25.039223
112,6,14,13,22,2,05中正區,中正區凱達格蘭大道與公園路口,0,0,1,2,C03,7,1,5,50,4,4,1,5,4,5,7,2,1,9,4,5,2,13,1,25,2,8,1,1,7,14,1,10,1,13,,44,,1,4,5,121.5155303,25.039223
112,6,14,13,30,2,12內湖區,內湖區南京東路6段與堤頂大道1段口,0,0,2,1,C01,8,1,5,50,5,1,1,5,4,5,7,1,1,1,4,5,2,17,1,20,2,9,1,1,7,5,4,10,2,12,,8,,1,22,9,121.5761557,25.05471239
112,6,14,13,30,2,12內湖區,內湖區南京東路6段與堤頂大道1段口,0,0,2,2,B03,8,1,5,50,5,1,1,5,4,5,7,1,1,1,4,5,2,17,1,56,2,2,1,1,7,9,1,8,2,1,,44,,1,22,9,121.5761557,25.05471239
112,6,14,14,5,2,07信義區,信義區吳興街220巷與信安街67巷口,0,0,2,1,C03,8,1,5,30,3,1,1,5,4,5,7,1,1,5,2,5,2,12,1,56,2,8,3,4,7,5,1,10,1,11,,23,,1,22,9,121.5608248,25.0258976
112,6,14,14,5,2,07信義區,信義區吳興街220巷與信安街67巷口,0,0,2,2,C03,8,1,5,30,3,1,1,5,4,5,7,1,1,5,2,5,2,12,1,56,2,9,3,4,7,5,1,10,1,14,,44,,1,22,9,121.5608248,25.0258976
112,6,14,14,25,2,03中山區,中山區松江路148號,0,0,2,3,H03,8,1,5,50,14,9,1,5,4,5,7,4,4,1,4,5,2,16,2,54,2,9,1,5,8,21,8,20,10,16,,67,,1,22,9,121.5329422,25.05393458
112,6,14,14,25,2,03中山區,中山區松江路148號,0,0,2,1,B03,8,1,5,50,14,9,1,5,4,5,7,4,4,1,4,5,2,16,2,48,3,10,3,4,7,9,1,8,1,2,,17,,1,22,9,121.5329422,25.05393458
112,6,14,14,25,2,03中山區,中山區松江路148號,0,0,2,2,C03,8,1,5,50,14,9,1,5,4,5,7,4,4,1,4,5,2,16,2,61,2,9,1,4,7,9,1,10,1,14,,44,,1,22,9,121.5329422,25.05393458
112,6,14,14,55,2,03中山區,中山區新生北路2段與民生東路1段口,0,0,1,1,B03,8,1,5,50,4,1,1,5,4,5,7,2,1,10,5,5,2,16,2,22,3,10,1,1,7,6,1,8,1,8,,9,,1,22,9,121.5273732,25.05802549
112,6,14,14,55,2,03中山區,中山區新生北路2段與民生東路1段口,0,0,1,2,C03,8,1,5,50,4,1,1,5,4,5,7,2,1,10,5,5,2,16,1,25,2,9,1,1,7,9,1,10,1,14,,25,,1,22,9,121.5273732,25.05802549
112,6,14,14,55,2,09北投區,北投區承德路6段與福國路口,0,0,1,2,C03,8,1,5,50,4,1,1,5,4,5,7,2,1,1,4,4,2,12,1,28,2,9,2,1,7,9,1,10,1,11,,44,,1,22,9,121.5120774,25.10140399
112,6,14,14,55,2,09北投區,北投區承德路6段與福國路口,0,0,1,1,B03,8,1,5,50,4,1,1,5,4,5,7,2,1,1,4,4,2,12,2,60,3,10,1,3,7,6,1,8,1,2,,9,,1,22,9,121.5120774,25.10140399
112,6,14,14,55,2,11南港區,南港區市民大道7段與昆陽街口,0,0,3,1,F01,7,1,5,50,4,2,1,5,4,5,7,2,1,9,4,5,2,16,1,83,2,9,1,1,7,8,8,20,2,16,,7,,1,22,9,121.5936272,25.05122278
112,6,14,14,55,2,11南港區,南港區市民大道7段與昆陽街口,0,0,3,2,C03,7,1,5,50,4,2,1,5,4,5,7,2,1,9,4,5,2,16,1,18,2,9,1,1,7,9,1,10,2,11,,13,,1,22,9,121.5936272,25.05122278
112,6,14,14,55,2,11南港區,南港區市民大道7段與昆陽街口,0,0,3,3,H02,7,1,5,50,4,2,1,5,4,5,7,2,1,9,4,5,2,16,1,17,2,9,1,1,7,20,8,20,10,16,,67,,1,22,9,121.5936272,25.05122278
112,6,14,15,12,2,08士林區,士林區臨溪路東吳大學公車站,0,0,1,2,H01,8,1,8,0,15,22,1,5,4,5,7,4,4,10,5,5,2,8,1,22,2,1,4,5,8,17,8,20,9,16,,43,,1,22,9,121.5457724,25.094754
112,6,14,15,12,2,08士林區,士林區臨溪路東吳大學公車站,0,0,1,1,,8,1,8,0,15,22,1,5,4,5,7,4,4,10,5,5,2,8,4,0,4,11,3,4,7,15,7,19,11,15,,43,,2,22,9,121.5457724,25.094754
112,6,14,15,30,2,05中正區,中正區南海路與牯嶺街口口,0,0,1,1,B01,8,1,5,30,4,1,4,5,4,5,7,1,1,10,4,5,2,12,1,68,3,10,3,4,7,5,1,4,1,8,,25,,1,10,9,121.5150659,25.0320243
112,6,14,15,30,2,05中正區,中正區南海路與牯嶺街口口,0,0,1,2,C03,8,1,5,30,4,1,4,5,4,5,7,1,1,10,4,5,2,12,1,20,2,9,1,1,7,9,1,10,1,12,,25,,1,22,9,121.5150659,25.0320243
112,6,14,15,30,2,12內湖區,內湖區成功路2段與石潭路口側附近口口,0,0,1,1,B03,8,1,5,50,4,1,1,5,4,5,7,1,1,9,2,4,2,15,2,52,3,10,3,4,7,9,1,8,2,1,,25,,1,22,9,121.5906171,25.06361697
112,6,14,15,30,2,12內湖區,內湖區成功路2段與石潭路口側附近口口,0,0,1,2,C03,8,1,5,50,4,1,1,5,4,5,7,1,1,9,2,4,2,15,2,40,2,9,1,1,7,9,1,10,2,12,,44,,1,22,9,121.5906171,25.06361697
112,6,14,15,34,2,11南港區,南港區市民大道7段8號,0,0,1,1,B03,8,1,5,50,14,9,1,5,4,5,7,4,4,10,4,5,2,16,1,22,3,10,1,1,7,5,1,8,2,4,,8,,1,21,8,121.581074,25.0489805
112,6,14,15,34,2,11南港區,南港區市民大道7段8號,0,0,1,2,C03,8,1,5,50,14,9,1,5,4,5,7,4,4,10,4,5,2,16,1,21,2,1,1,1,7,9,1,10,2,11,,13,,1,21,8,121.581074,25.0489805
112,6,14,15,36,2,03中山區,中山區濱江街296號與濱江街口,0,0,1,2,C03,8,1,5,50,3,1,1,5,4,5,7,4,4,1,5,5,2,16,1,43,2,7,3,4,7,14,1,10,1,15,,44,,1,22,9,121.5456242,25.07207795
112,6,14,15,36,2,03中山區,中山區濱江街296號與濱江街口,0,0,1,1,B03,8,1,5,50,3,1,1,5,4,5,7,4,4,1,5,5,2,16,1,61,3,10,3,4,7,6,1,8,1,6,,9,,1,22,9,121.5456242,25.07207795
112,6,14,16,3,2,05中正區,中正區濟南路2段45號,0,0,1,2,C03,8,1,5,50,14,9,1,5,4,5,7,4,4,5,5,5,2,16,2,31,2,9,1,1,7,9,1,10,1,12,,26,,1,22,9,121.5304532,25.04054781
112,6,14,16,3,2,05中正區,中正區濟南路2段45號,0,0,1,1,B03,8,1,5,50,14,9,1,5,4,5,7,4,4,5,5,5,2,16,1,30,3,10,1,1,7,1,1,8,1,8,,19,,1,22,9,121.5304532,25.04054781
112,6,14,16,6,2,12內湖區,內湖區瑞光路與瑞光路132巷口,0,0,1,2,C03,8,1,5,50,14,9,1,5,4,5,7,2,1,5,4,5,2,17,1,65,3,10,1,1,7,14,1,10,1,13,,44,,1,22,9,121.5799037,25.07306264
112,6,14,16,6,2,12內湖區,內湖區瑞光路與瑞光路132巷口,0,0,1,1,C03,8,1,5,50,14,9,1,5,4,5,7,2,1,5,4,5,2,17,1,24,2,9,1,1,7,9,1,10,1,11,,23,,1,22,9,121.5799037,25.07306264
112,6,14,17,12,2,05中正區,中正區重慶南路1段與愛國西路口,0,0,1,1,C03,8,1,5,50,5,1,1,5,4,5,7,2,1,9,4,5,2,12,1,60,2,9,1,1,7,9,1,10,1,14,,17,,1,9,1,121.5124589,25.0355417
112,6,14,17,12,2,05中正區,中正區重慶南路1段與愛國西路口,0,0,1,2,C03,8,1,5,50,5,1,1,5,4,5,7,2,1,9,4,5,2,12,1,40,3,10,1,1,7,9,1,10,1,12,,17,,1,22,1,121.5124589,25.0355417
112,6,14,17,17,2,12內湖區,內湖區文德路210巷30弄與文德路210巷30弄口,0,0,1,3,B01,8,1,6,30,3,2,1,5,4,5,7,4,4,10,4,5,2,16,1,53,3,10,3,4,7,9,1,2,2,4,,,,1,22,9,121.5843227,25.07709134
112,6,14,17,17,2,12內湖區,內湖區文德路210巷30弄與文德路210巷30弄口,0,0,1,1,C03,8,1,6,30,3,2,1,5,4,5,7,4,4,10,4,5,2,16,1,70,2,9,1,1,7,5,1,10,2,12,,,,1,22,9,121.5843227,25.07709134
112,6,14,17,17,2,12內湖區,內湖區文德路210巷30弄與文德路210巷30弄口,0,0,1,2,B12,8,1,6,30,3,2,1,5,4,5,7,4,4,10,4,5,2,16,1,30,3,10,3,4,7,9,1,8,2,4,,,,1,22,9,121.5843227,25.07709134
112,6,14,17,30,2,08士林區,士林區文林路95號,0,0,1,1,B01,8,1,5,50,14,9,1,5,4,5,7,2,1,9,4,5,1,17,1,65,3,10,1,1,7,9,1,4,2,1,,23,,1,22,9,121.5217566,25.10141536
112,6,14,17,30,2,08士林區,士林區文林路95號,0,0,1,2,C03,8,1,5,50,14,9,1,5,4,5,7,2,1,9,4,5,1,17,2,61,2,8,1,1,7,14,1,10,2,13,,42,,1,22,9,121.5217566,25.10141536
112,6,14,17,47,2,05中正區,中正區中山南路與凱達格蘭大道口西北側,0,0,1,2,C03,8,1,5,50,16,9,1,5,4,5,7,2,1,1,4,4,2,16,1,59,2,9,1,1,7,9,1,10,2,14,,44,,1,22,9,121.5172639,25.03917399
112,6,14,17,47,2,05中正區,中正區中山南路與凱達格蘭大道口西北側,0,0,1,1,B03,8,1,5,50,16,9,1,5,4,5,7,2,1,1,4,4,2,16,2,41,3,10,1,1,7,6,1,8,2,5,,26,,1,22,9,121.5172639,25.03917399
112,6,14,17,51,2,07信義區,信義區松德路與虎林街口,0,0,1,1,F01,6,1,5,30,4,2,1,4,4,5,7,2,1,1,4,4,2,17,2,77,2,8,3,1,7,9,8,20,1,16,,23,,1,22,9,121.5767622,25.0388477
112,6,14,17,51,2,07信義區,信義區松德路與虎林街口,0,0,1,2,B03,6,1,5,30,4,2,1,4,4,5,7,2,1,1,4,4,2,17,1,36,3,10,1,1,7,6,1,8,1,2,,44,,1,22,9,121.5767622,25.0388477
112,6,14,17,52,2,07信義區,信義區忠孝東路5段236巷與忠孝東路5段236巷27弄口,0,0,1,3,,6,1,5,50,3,2,1,4,4,5,7,4,4,8,3,5,2,29,4,0,4,11,3,4,7,15,7,19,11,15,,,,2,22,9,121.5720463,25.038568
112,6,14,17,52,2,07信義區,信義區忠孝東路5段236巷與忠孝東路5段236巷27弄口,0,0,1,1,C03,6,1,5,50,3,2,1,4,4,5,7,4,4,8,3,5,2,29,1,49,2,8,1,1,7,15,1,10,1,14,,,,1,22,9,121.5720463,25.038568
112,6,14,17,52,2,07信義區,信義區忠孝東路5段236巷與忠孝東路5段236巷27弄口,0,0,1,2,,6,1,5,50,3,2,1,4,4,5,7,4,4,8,3,5,2,29,3,0,,,,,,,,,,,,,,1,,,121.5720463,25.038568
112,6,14,18,5,2,08士林區,士林區至誠路2段與雨聲街口,0,0,1,2,C03,6,1,5,0,4,1,1,4,4,5,7,2,1,4,5,5,2,17,1,20,2,9,1,1,7,9,1,10,1,12,,44,,1,22,9,121.5291082,25.1018544
112,6,14,18,5,2,08士林區,士林區至誠路2段與雨聲街口,0,0,1,1,B03,6,1,5,0,4,1,1,4,4,5,7,2,1,4,5,5,2,17,2,53,4,11,3,4,7,15,7,19,11,15,,6,,2,22,9,121.5291082,25.1018544
112,6,14,18,24,2,12內湖區,內湖區內湖路2段388號前,0,0,2,2,C03,7,3,5,50,14,9,1,4,4,5,7,4,4,9,5,5,2,16,2,25,2,9,1,1,7,9,1,10,1,11,,44,,1,22,9,121.5913342,25.08283585
112,6,14,18,24,2,12內湖區,內湖區內湖路2段388號前,0,0,2,1,C03,7,3,5,50,14,9,1,4,4,5,7,4,4,9,5,5,2,16,1,21,2,9,1,1,7,1,1,10,1,14,,19,,1,22,9,121.5913342,25.08283585
112,6,14,18,53,2,03中山區,中山區民生東路3段與合江街口,0,0,1,2,H01,6,3,5,50,4,1,1,4,4,5,7,2,1,1,4,5,2,2,1,46,2,9,4,5,8,16,8,20,10,16,,67,,1,22,9,121.5392916,25.05780199
112,6,14,18,53,2,03中山區,中山區民生東路3段與合江街口,0,0,1,1,B03,6,3,5,50,4,1,1,4,4,5,7,2,1,1,4,5,2,2,1,45,3,10,3,4,7,5,1,8,1,8,,15,,1,22,9,121.5392916,25.05780199
112,6,14,18,58,2,01大同區,大同區鄭州路與環河北路1段口,0,0,1,2,C03,7,3,5,40,4,1,1,5,4,5,7,1,1,5,4,5,2,17,1,44,2,9,3,4,7,9,1,10,1,14,,44,,1,22,9,121.5069425,25.05073335
112,6,14,18,58,2,01大同區,大同區鄭州路與環河北路1段口,0,0,1,1,B01,7,3,5,40,4,1,1,5,4,5,7,1,1,5,4,5,2,17,1,46,3,10,3,4,7,5,1,4,1,15,,25,,1,22,9,121.5069425,25.05073335
112,6,14,19,5,2,03中山區,中山區濱江街107號,0,0,1,1,C03,6,3,5,50,14,9,1,4,4,5,7,1,1,5,4,5,2,12,1,37,2,7,1,1,7,5,1,10,1,12,,8,,1,22,9,121.5357518,25.07300242
112,6,14,19,5,2,03中山區,中山區濱江街107號,0,0,1,2,B01,6,3,5,50,14,9,1,4,4,5,7,1,1,5,4,5,2,12,1,49,3,10,1,1,7,6,1,4,1,2,,9,,1,22,9,121.5357518,25.07300242
112,6,14,19,28,2,12內湖區,內湖區陽光街與文德路220巷附近口,0,0,2,3,C03,6,3,5,50,14,9,1,4,4,5,7,4,4,9,5,5,2,13,1,67,2,9,1,1,7,14,1,10,1,13,,44,,1,22,9,121.5877539,25.07695674
112,6,14,19,28,2,12內湖區,內湖區陽光街與文德路220巷附近口,0,0,2,2,B03,6,3,5,50,14,9,1,4,4,5,7,4,4,9,5,5,2,13,1,64,3,10,1,1,7,7,1,8,1,15,,44,,1,22,9,121.5877539,25.07695674
112,6,14,19,28,2,12內湖區,內湖區陽光街與文德路220巷附近口,0,0,2,1,C03,6,3,5,50,14,9,1,4,4,5,7,4,4,9,5,5,2,13,1,51,2,9,1,1,7,9,1,10,1,11,,23,,1,22,9,121.5877539,25.07695674