發生年度,發生月,發生日,發生時-Hours,發生分,處理別-編號,區序,肇事地點,死亡人數,2-30日死亡人數,受傷人數,當事人序號,車種,天候,光線,道路類別,速限-速度限制,道路型態,事故位置,路面狀況1,路面狀況2,路面狀況3,道路障礙1,道路障礙2,號誌1,號誌2,車道劃分-分向,車道劃分-分道1,車道劃分-分道2,車道劃分-分道3,事故類型及型態,性別,年齡,受傷程度,主要傷處,保護裝置,行動電話,車輛用途,當事者行動狀態,駕駛資格情形,駕駛執照種類,飲酒情形,車輛撞擊部位1,車輛撞擊部位2,肇因碼-個別,肇因碼-主要,個人肇逃否,職業,旅次目的,座標-X,座標-Y
112,6,14,19,49,2,08士林區,士林區承德路4段241號前(大南路出入口),0,0,1,2,C03,8,3,5,50,14,9,1,5,4,5,7,4,4,5,5,5,1,13,1,24,2,9,1,1,7,9,1,10,1,11,,44,,1,22,9,121.5218698,25.0891104
112,6,14,19,49,2,08士林區,士林區承德路4段241號前(大南路出入口),0,0,1,1,B03,8,3,5,50,14,9,1,5,4,5,7,4,4,5,5,5,1,13,1,27,3,10,1,1,7,5,1,8,1,7,,26,,1,22,9,121.5218698,25.0891104
112,6,14,20,53,2,04大安區,大安區仁愛路4段與延吉街口,0,0,1,1,B01,6,3,5,50,4,1,1,4,4,5,7,2,1,1,4,5,2,17,1,53,3,10,1,1,7,5,1,2,2,1,,6,,1,22,9,121.5554154,25.03778839
112,6,14,20,53,2,04大安區,大安區仁愛路4段與延吉街口,0,0,1,2,C03,6,3,5,50,4,1,1,4,4,5,7,2,1,1,4,5,2,17,1,32,2,9,1,1,7,9,1,10,2,11,,44,,1,22,9,121.5554154,25.03778839
112,6,14,21,5,2,05中正區,中正區中華路1段59號前,0,0,2,2,C03,6,3,5,50,14,9,1,4,4,5,7,4,4,1,4,5,2,17,2,28,2,8,1,4,7,9,1,10,1,13,,44,,1,22,9,121.5082024,25.04123803
112,6,14,21,5,2,05中正區,中正區中華路1段59號前,0,0,2,1,A02,6,3,5,50,14,9,1,4,4,5,7,4,4,1,4,5,2,17,2,55,3,10,1,4,7,7,1,2,11,15,,7,,1,10,9,121.5082024,25.04123803
112,6,14,21,5,2,05中正區,中正區中華路1段59號前,0,0,2,3,C03,6,3,5,50,14,9,1,4,4,5,7,4,4,1,4,5,2,17,2,51,2,8,1,4,7,9,1,10,1,11,14,23,,1,22,9,121.5082024,25.04123803
112,6,14,21,6,2,02萬華區,萬華區中華路1段與桂林路口,0,0,3,1,A04,6,3,5,50,5,2,1,4,4,5,7,2,1,1,4,1,2,13,1,47,3,10,1,1,7,9,1,2,1,8,,16,,1,22,9,121.5067944,25.03761895
112,6,14,21,6,2,02萬華區,萬華區中華路1段與桂林路口,0,0,3,4,H02,6,3,5,50,5,2,1,4,4,5,7,2,1,1,4,1,2,13,1,33,2,9,1,5,7,20,8,20,10,16,,67,,1,22,9,121.5067944,25.03761895
112,6,14,21,6,2,02萬華區,萬華區中華路1段與桂林路口,0,0,3,3,H02,6,3,5,50,5,2,1,4,4,5,7,2,1,1,4,1,2,13,2,62,2,9,1,5,7,20,8,20,10,16,,67,,1,22,9,121.5067944,25.03761895
112,6,14,21,6,2,02萬華區,萬華區中華路1段與桂林路口,0,0,3,2,B03,6,3,5,50,5,2,1,4,4,5,7,2,1,1,4,1,2,13,1,64,2,9,1,1,7,12,1,8,1,3,,44,,1,22,9,121.5067944,25.03761895
112,6,14,21,36,2,07信義區,信義區基隆路車行地下道往北,0,0,1,1,B03,7,3,8,50,15,22,1,5,4,5,7,1,1,1,4,5,2,13,2,58,3,10,1,1,7,9,1,6,1,1,,23,,1,22,9,121.5657181,25.0431451
112,6,14,21,36,2,07信義區,信義區基隆路車行地下道往北,0,0,1,2,B03,7,3,8,50,15,22,1,5,4,5,7,1,1,1,4,5,2,13,2,46,2,9,1,1,7,14,1,8,1,3,,44,,1,22,9,121.5657181,25.0431451
112,6,14,22,9,2,06松山區,松山區南京東路3段與敦化北路口口,0,0,1,1,B03,7,3,5,50,4,1,1,5,4,5,7,2,1,1,4,5,2,16,1,27,3,10,1,1,7,9,1,8,1,1,,25,,1,22,9,121.5489621,25.05182604
112,6,14,22,9,2,06松山區,松山區南京東路3段與敦化北路口口,0,0,1,2,C03,7,3,5,50,4,1,1,5,4,5,7,2,1,1,4,5,2,16,1,26,2,9,1,1,7,9,1,10,1,14,,23,,1,22,9,121.5489621,25.05182604
112,6,14,22,20,2,10文山區,文山區木柵路4段26號,0,0,2,1,C03,8,3,5,50,14,9,1,5,4,5,7,1,1,5,4,5,2,13,2,50,2,9,1,1,7,5,1,10,1,14,,8,,1,22,9,121.5734713,24.99716362
112,6,14,22,20,2,10文山區,文山區木柵路4段26號,0,0,2,2,C03,8,3,5,50,14,9,1,5,4,5,7,1,1,5,4,5,2,13,1,22,2,7,1,1,7,9,1,10,1,11,,23,,1,22,9,121.5734713,24.99716362
112,6,14,23,36,2,09北投區,北投區光明路與公館路口,0,0,2,2,C03,6,1,5,50,3,2,1,4,4,5,7,3,1,7,4,5,1,11,2,18,2,8,1,1,7,9,1,10,1,14,,,,1,22,9,121.502026,25.1335693
112,6,14,23,36,2,09北投區,北投區光明路與公館路口,0,0,2,1,C03,6,1,5,50,3,2,1,4,4,5,7,3,1,7,4,5,1,11,1,27,2,8,1,1,7,5,1,10,1,11,,,,1,22,9,121.502026,25.1335693
112,6,14,23,47,2,11南港區,南港區忠孝東路7段與研究院路1段口,0,0,1,2,C03,8,3,5,50,3,1,1,5,4,5,7,1,1,3,4,5,2,16,1,18,2,9,1,1,7,9,3,18,2,11,,,,1,22,9,121.6163889,25.0533582
112,6,14,23,47,2,11南港區,南港區忠孝東路7段與研究院路1段口,0,0,1,1,B03,8,3,5,50,3,1,1,5,4,5,7,1,1,3,4,5,2,16,1,51,3,10,1,1,7,11,1,8,1,2,,,,1,22,9,121.6163889,25.0533582
112,6,15,1,0,2,07信義區,信義區基隆路2段與和平東路3段口口,0,0,1,1,B03,6,3,5,50,4,2,1,4,4,2,7,2,1,10,5,5,2,9,1,21,3,10,1,1,7,6,1,8,2,1,,,,1,22,9,121.5529368,25.0246403
112,6,15,1,0,2,07信義區,信義區基隆路2段與和平東路3段口口,0,0,1,2,H01,6,3,5,50,4,2,1,4,4,2,7,2,1,10,5,5,2,9,2,37,2,9,4,5,8,16,8,20,10,16,,,,1,22,9,121.5529368,25.0246403
112,6,15,1,4,2,07信義區,信義區忠孝東路5段與忠孝東路5段22巷口口,0,0,1,1,H01,6,3,5,0,3,2,1,4,4,5,7,1,1,10,4,5,2,9,1,49,3,10,4,5,8,16,8,20,10,16,,52,,1,22,9,121.5660159,25.0411714
112,6,15,1,4,2,07信義區,信義區忠孝東路5段與忠孝東路5段22巷口口,0,0,1,2,C03,6,3,5,0,3,2,1,4,4,5,7,1,1,10,4,5,2,9,1,23,2,7,1,1,7,9,1,10,2,14,,44,,1,22,9,121.5660159,25.0411714
112,6,15,1,9,2,04大安區,大安區市民大道4段110號,0,0,1,1,C03,6,3,5,40,14,9,1,4,4,5,7,4,4,9,4,5,2,17,2,19,2,9,1,1,7,9,1,10,2,11,,23,,1,22,9,121.5505996,25.04458991
112,6,15,1,9,2,04大安區,大安區市民大道4段110號,0,0,1,2,B03,6,3,5,40,14,9,1,4,4,5,7,4,4,9,4,5,2,17,1,36,3,10,1,1,7,13,1,8,11,3,,26,,1,22,9,121.5505996,25.04458991
112,6,15,1,15,2,10文山區,文山區和平東路4段與萬寧街口,0,0,1,2,C03,6,3,5,50,3,2,1,4,4,5,7,2,1,5,2,5,1,13,1,25,2,9,3,4,7,14,1,10,2,13,,44,,1,22,9,121.5675495,25.00524434
112,6,15,1,15,2,10文山區,文山區和平東路4段與萬寧街口,0,0,1,1,B03,6,3,5,50,3,2,1,4,4,5,7,2,1,5,2,5,1,13,1,27,3,10,3,4,7,1,1,8,2,1,,23,,1,22,9,121.5675495,25.00524434
112,6,15,3,40,2,01大同區,大同區延平北路2段與民生西路口,0,0,1,1,C03,6,3,5,50,4,1,1,4,4,5,7,1,1,5,4,5,2,15,1,23,2,9,3,4,7,9,1,10,2,12,,25,,1,22,9,121.5115808,25.0569516
112,6,15,3,40,2,01大同區,大同區延平北路2段與民生西路口,0,0,1,2,B03,6,3,5,50,4,1,1,4,4,5,7,1,1,5,4,5,2,15,1,34,3,10,3,4,7,9,1,8,2,1,,44,,1,22,9,121.5115808,25.0569516
112,6,15,6,20,2,09北投區,北投區稻香路41號旁,0,0,1,2,B03,6,1,5,50,14,9,1,4,4,5,7,4,4,5,5,5,2,13,1,21,3,10,1,1,7,15,1,8,1,6,,,,1,22,9,121.4897086,25.1397749
112,6,15,6,20,2,09北投區,北投區稻香路41號旁,0,0,1,1,C03,6,1,5,50,14,9,1,4,4,5,7,4,4,5,5,5,2,13,1,26,2,8,1,1,7,9,1,10,1,11,,,,1,22,9,121.4897086,25.1397749
112,6,15,6,52,2,04大安區,大安區忠孝東路3段52號,0,0,1,2,B01,7,1,5,50,14,9,1,4,4,5,7,2,1,9,4,5,1,17,1,64,3,10,1,1,7,15,1,4,1,3,,12,,1,22,9,121.5353475,25.0418403
112,6,15,6,52,2,04大安區,大安區忠孝東路3段52號,0,0,1,1,C03,7,1,5,50,14,9,1,4,4,5,7,2,1,9,4,5,1,17,1,28,2,8,1,1,7,9,1,10,1,14,,23,,1,22,9,121.5353475,25.0418403
112,6,15,7,11,2,04大安區,大安區辛亥路3段21巷與辛亥路3段口,0,0,1,1,B03,7,1,5,50,14,9,1,4,4,5,7,4,4,1,4,5,2,17,1,46,3,10,3,4,7,10,1,2,1,15,,7,,1,22,9,121.5444728,25.0213027
112,6,15,7,11,2,04大安區,大安區辛亥路3段21巷與辛亥路3段口,0,0,1,2,C03,7,1,5,50,14,9,1,4,4,5,7,4,4,1,4,5,2,17,1,48,2,9,1,4,7,9,1,10,1,15,,44,,1,22,9,121.5444728,25.0213027
112,6,15,7,58,2,09北投區,北投區天母西路130巷與振興街口,0,0,2,2,F01,6,1,5,50,14,9,1,4,4,5,7,4,4,9,4,5,2,16,1,40,2,9,1,1,7,9,8,20,1,16,,,,1,22,9,121.5220327,25.11827788
112,6,15,7,58,2,09北投區,北投區天母西路130巷與振興街口,0,0,2,1,C03,6,1,5,50,14,9,1,4,4,5,7,4,4,9,4,5,2,16,2,26,2,6,1,1,7,9,1,10,1,11,,,,1,22,9,121.5220327,25.11827788
112,6,15,8,12,2,12內湖區,內湖區舊宗路1段與民權東路6段口,0,0,1,1,C03,7,1,5,50,4,2,1,5,4,5,7,1,1,4,3,5,2,13,1,53,2,9,1,1,7,9,1,10,2,11,,16,,1,22,9,121.5750689,25.06590849
112,6,15,8,12,2,12內湖區,內湖區舊宗路1段與民權東路6段口,0,0,1,2,B03,7,1,5,50,4,2,1,5,4,5,7,1,1,4,3,5,2,13,1,51,3,10,1,1,7,14,1,8,2,10,,44,,1,22,9,121.5750689,25.06590849
112,6,15,8,18,2,05中正區,中正區中山南路與濟南路1段口口,0,0,3,4,C03,8,1,5,50,4,2,1,5,4,5,7,2,1,9,4,1,1,13,1,52,2,9,1,1,7,1,1,10,2,13,,44,,1,21,1,121.5189737,25.0430893
112,6,15,8,18,2,05中正區,中正區中山南路與濟南路1段口口,0,0,3,1,B01,8,1,5,50,4,2,1,5,4,5,7,2,1,9,4,1,1,13,1,44,3,10,1,1,7,1,1,4,2,5,,23,,1,21,1,121.5189737,25.0430893
112,6,15,8,18,2,05中正區,中正區中山南路與濟南路1段口口,0,0,3,2,C03,8,1,5,50,4,2,1,5,4,5,7,2,1,9,4,1,1,13,2,52,2,9,1,1,7,1,1,10,2,13,,44,,1,21,1,121.5189737,25.0430893
112,6,15,8,18,2,05中正區,中正區中山南路與濟南路1段口口,0,0,3,3,C03,8,1,5,50,4,2,1,5,4,5,7,2,1,9,4,1,1,13,2,38,2,8,1,1,7,1,1,10,2,13,,44,,1,21,1,121.5189737,25.0430893
112,6,15,9,6,2,10文山區,文山區萬壽路,0,0,2,1,C03,8,1,5,30,11,9,1,4,4,5,1,4,4,7,2,5,2,18,2,34,2,9,1,1,7,15,1,10,9,14,,42,,1,22,9,121.5817639,24.98966777
112,6,15,9,6,2,10文山區,文山區萬壽路,0,0,2,2,,8,1,5,30,11,9,1,4,4,5,1,4,4,7,2,5,2,18,3,0,,,,,,,,,,,,67,,1,,,121.5817639,24.98966777
112,6,15,9,6,2,10文山區,文山區萬壽路,0,0,2,3,H02,8,1,5,30,11,9,1,4,4,5,1,4,4,7,2,5,2,18,1,5,2,8,1,5,7,20,8,20,10,15,,67,,1,22,9,121.5817639,24.98966777
112,6,15,9,55,2,08士林區,士林區中山北路5段與劍潭路口,0,0,1,2,C04,8,1,5,50,4,1,1,5,4,5,7,1,1,1,4,5,2,12,1,64,2,8,1,1,7,9,1,8,1,14,,42,,1,22,9,121.5256101,25.0841819
112,6,15,9,55,2,08士林區,士林區中山北路5段與劍潭路口,0,0,1,1,B03,8,1,5,50,4,1,1,5,4,5,7,1,1,1,4,5,2,12,1,71,4,11,3,4,7,7,7,19,11,15,,7,,2,22,9,121.5256101,25.0841819
112,6,15,10,13,2,05中正區,中正區和平西路1段與廈門街口口,0,0,1,1,B03,8,1,5,50,4,1,1,5,4,5,7,1,1,1,4,5,1,16,2,71,3,10,1,1,7,5,1,8,2,5,,6,,1,22,9,121.5179978,25.02679758
112,6,15,10,13,2,05中正區,中正區和平西路1段與廈門街口口,0,0,1,2,C03,8,1,5,50,4,1,1,5,4,5,7,1,1,1,4,5,1,16,1,54,2,9,1,1,7,9,1,10,2,11,,44,,1,22,9,121.5179978,25.02679758
112,6,15,10,22,2,03中山區,中山區民生東路2段與民生東路2段159巷口,0,0,1,2,H01,7,1,5,50,3,1,1,5,4,5,7,4,4,1,4,5,2,1,1,71,2,9,4,5,8,16,8,20,10,16,,67,,1,22,9,121.5360269,25.05806801
112,6,15,10,22,2,03中山區,中山區民生東路2段與民生東路2段159巷口,0,0,1,1,B03,7,1,5,50,3,1,1,5,4,5,7,4,4,1,4,5,2,1,1,73,3,10,1,1,7,6,1,8,1,1,,15,,1,22,9,121.5360269,25.05806801
112,6,15,10,35,2,05中正區,中正區羅斯福路4段與基隆路4段口,0,0,1,2,C03,8,1,5,50,5,2,1,5,4,5,7,1,1,1,4,5,2,16,1,30,3,10,2,1,7,9,1,10,1,12,,44,,1,22,9,121.5368979,25.0112479
112,6,15,10,35,2,05中正區,中正區羅斯福路4段與基隆路4段口,0,0,1,1,C03,8,1,5,50,5,2,1,5,4,5,7,1,1,1,4,5,2,16,2,61,2,9,1,1,7,5,1,10,1,14,,8,,1,22,9,121.5368979,25.0112479
112,6,15,10,35,2,05中正區,中正區羅斯福路4段與基隆路4段口,0,0,1,3,H02,8,1,5,50,5,2,1,5,4,5,7,1,1,1,4,5,2,16,2,82,4,11,1,5,7,20,8,20,10,16,,67,,1,22,9,121.5368979,25.0112479
112,6,15,10,45,2,05中正區,中正區中山北路1段與市民大道2段口,0,0,1,2,C03,8,1,5,50,4,1,1,5,4,5,7,1,1,8,5,3,1,12,2,51,2,9,1,1,7,9,1,10,2,14,,,,1,22,9,121.520826,25.047941
112,6,15,10,45,2,05中正區,中正區中山北路1段與市民大道2段口,0,0,1,1,B03,8,1,5,50,4,1,1,5,4,5,7,1,1,8,5,3,1,12,1,68,3,10,1,1,7,6,1,8,2,5,,,,1,22,9,121.520826,25.047941
112,6,15,10,45,2,05中正區,中正區金山南路1段與金山南路1段110巷口,0,0,1,1,C03,8,1,5,50,4,2,1,5,4,4,6,1,1,3,5,5,2,1,1,73,4,11,3,4,7,15,7,19,11,15,,23,,2,22,9,121.5273169,25.03509471
112,6,15,10,45,2,05中正區,中正區金山南路1段與金山南路1段110巷口,0,0,1,2,H01,8,1,5,50,4,2,1,5,4,4,6,1,1,3,5,5,2,1,1,46,2,8,4,5,8,16,8,20,10,16,,67,,1,22,9,121.5273169,25.03509471
112,6,15,11,10,2,10文山區,文山區試院路84巷口側附近,0,0,1,1,B03,8,1,5,50,14,9,1,5,4,5,7,4,4,7,2,5,2,12,2,45,3,10,1,1,7,1,1,8,2,4,,19,,1,22,9,121.5483693,24.9898822
112,6,15,11,10,2,10文山區,文山區試院路84巷口側附近,0,0,1,2,C03,8,1,5,50,14,9,1,5,4,5,7,4,4,7,2,5,2,12,2,19,2,9,1,1,7,9,1,10,9,11,,23,,1,22,9,121.5483693,24.9898822
112,6,15,11,30,2,04大安區,大安區臥龍街151巷與安居街98巷口,0,0,1,2,C03,7,1,5,50,3,1,1,5,4,5,7,4,4,9,5,5,1,17,1,54,2,9,1,1,7,9,1,10,2,11,,44,,1,22,9,121.5524687,25.0197914
112,6,15,11,30,2,04大安區,大安區臥龍街151巷與安居街98巷口,0,0,1,3,B01,7,1,5,50,3,1,1,5,4,5,7,4,4,9,5,5,1,17,1,45,3,10,1,1,7,14,1,1,9,1,,44,,1,22,9,121.5524687,25.0197914
112,6,15,11,30,2,04大安區,大安區臥龍街151巷與安居街98巷口,0,0,1,1,B03,7,1,5,50,3,1,1,5,4,5,7,4,4,9,5,5,1,17,1,39,3,10,1,1,7,5,1,8,2,1,,6,,1,22,9,121.5524687,25.0197914
112,6,15,11,40,2,03中山區,中山區敬業三路與植福路口,0,0,3,1,C03,8,1,5,50,4,2,1,5,4,5,7,2,1,1,4,5,2,3,1,50,2,9,1,4,7,9,1,10,1,11,,15,,1,22,9,121.5562603,25.0838086
112,6,15,11,40,2,03中山區,中山區敬業三路與植福路口,0,0,3,2,H01,8,1,5,50,4,2,1,5,4,5,7,2,1,1,4,5,2,3,2,41,2,9,4,5,8,16,8,20,10,16,,52,,1,22,9,121.5562603,25.0838086
112,6,15,11,40,2,03中山區,中山區敬業三路與植福路口,0,0,3,3,H01,8,1,5,50,4,2,1,5,4,5,7,2,1,1,4,5,2,3,1,6,2,9,4,5,8,16,8,20,10,16,,52,,1,22,9,121.5562603,25.0838086
112,6,15,11,40,2,12內湖區,內湖區內湖路2段316號,0,0,1,2,C03,8,1,5,50,14,9,1,5,4,5,7,4,4,9,5,5,2,17,2,51,2,9,1,1,7,9,1,10,2,12,,44,,1,22,9,121.5884899,25.08157073
112,6,15,11,40,2,12內湖區,內湖區內湖路2段316號,0,0,1,1,B03,8,1,5,50,14,9,1,5,4,5,7,4,4,9,5,5,2,17,1,24,3,10,1,1,7,1,1,8,2,4,,19,,1,22,9,121.5884899,25.08157073
112,6,15,12,10,2,04大安區,大安區愛國東路35號,0,0,1,2,C03,7,1,5,50,14,9,1,5,4,5,7,4,4,8,3,5,2,17,1,49,2,8,1,1,7,14,1,10,1,15,,44,,1,22,9,121.525282,25.0320301
112,6,15,12,10,2,04大安區,大安區愛國東路35號,0,0,1,1,B02,7,1,5,50,14,9,1,5,4,5,7,4,4,8,3,5,2,17,1,35,4,11,3,4,7,15,7,19,11,15,,12,,2,22,9,121.525282,25.0320301
112,6,15,12,15,2,05中正區,中正區愛國東路與中山南路口,0,0,1,2,C02,7,1,5,50,4,2,1,5,4,1,7,1,1,10,5,5,2,12,1,48,2,9,1,1,7,9,1,9,2,14,,44,,1,22,9,121.5168335,25.03481527
112,6,15,12,15,2,05中正區,中正區愛國東路與中山南路口,0,0,1,1,B01,7,1,5,50,4,2,1,5,4,1,7,1,1,10,5,5,2,12,1,57,3,10,1,1,7,9,1,4,2,2,,23,,1,22,9,121.5168335,25.03481527
112,6,15,13,5,2,11南港區,南港區研究院路1段與忠孝東路7段口,0,0,1,2,B03,7,1,5,50,3,1,1,5,4,5,6,2,1,9,2,2,2,17,2,44,3,10,1,4,7,9,1,8,1,15,,,,1,22,9,121.616026,25.0486776
112,6,15,13,5,2,11南港區,南港區研究院路1段與忠孝東路7段口,0,0,1,1,C03,7,1,5,50,3,1,1,5,4,5,6,2,1,9,2,2,2,17,2,66,2,9,1,4,7,15,1,10,1,15,,,,1,22,9,121.616026,25.0486776
112,6,15,13,15,2,07信義區,信義區崇德街44號燈桿,0,0,2,1,C03,7,1,5,30,11,9,1,5,4,5,1,4,4,10,5,5,2,10,1,21,2,9,1,1,7,9,6,10,2,14,,23,,1,22,9,121.5770228,25.0117224
112,6,15,13,15,2,07信義區,信義區崇德街44號燈桿,0,0,2,2,C03,7,1,5,30,11,9,1,5,4,5,1,4,4,10,5,5,2,10,1,41,2,9,1,1,7,9,1,10,2,11,,23,,1,22,9,121.5770228,25.0117224
112,6,15,14,42,2,07信義區,信義區松仁路135號,0,0,3,1,C03,8,6,5,50,14,9,1,5,4,5,13,4,4,9,4,5,2,13,1,33,2,9,1,1,7,9,1,10,1,11,,16,,1,21,8,121.5683988,25.0339267
112,6,15,14,42,2,07信義區,信義區松仁路135號,0,0,3,2,C04,8,6,5,50,14,9,1,5,4,5,13,4,4,9,4,5,2,13,2,46,2,9,1,4,7,12,1,11,1,13,,42,,1,21,8,121.5683988,25.0339267
112,6,15,14,42,2,07信義區,信義區松仁路135號,0,0,3,3,C03,8,6,5,50,14,9,1,5,4,5,13,4,4,9,4,5,2,13,2,41,2,9,1,4,7,9,1,10,1,14,,44,,1,21,8,121.5683988,25.0339267
112,6,15,15,10,2,06松山區,松山區塔悠路與南京東路5段389巷11弄口,0,0,2,1,B03,7,1,5,50,3,1,1,5,4,5,7,4,4,1,4,5,2,17,1,22,3,10,1,1,7,6,1,8,2,2,,9,,1,22,9,121.5700748,25.05234146
112,6,15,15,10,2,06松山區,松山區塔悠路與南京東路5段389巷11弄口,0,0,2,2,C03,7,1,5,50,3,1,1,5,4,5,7,4,4,1,4,5,2,17,1,35,2,9,1,1,7,9,1,10,2,14,,23,,1,22,9,121.5700748,25.05234146
112,6,15,15,10,2,06松山區,松山區塔悠路與南京東路5段389巷11弄口,0,0,2,3,H02,7,1,5,50,3,1,1,5,4,5,7,4,4,1,4,5,2,17,2,29,2,9,1,5,7,21,8,20,10,16,,67,,1,22,9,121.5700748,25.05234146
112,6,15,15,15,2,11南港區,南港區向陽路139號,0,0,1,1,B03,8,1,5,50,14,9,1,5,4,5,7,4,4,3,3,5,2,12,2,39,3,10,3,4,7,8,1,8,1,2,,7,,1,22,9,121.594638,25.0554761
112,6,15,15,15,2,11南港區,南港區向陽路139號,0,0,1,2,C03,8,1,5,50,14,9,1,5,4,5,7,4,4,3,3,5,2,12,2,43,2,9,1,1,7,9,1,10,1,14,,44,,1,22,9,121.594638,25.0554761
112,6,15,15,30,2,02萬華區,萬華區德昌街131號,0,0,3,4,H02,8,1,5,50,14,9,1,5,4,3,5,4,4,10,5,5,2,17,2,72,2,9,1,5,7,20,8,20,10,16,,67,,1,22,9,121.4960587,25.02394323
112,6,15,15,30,2,02萬華區,萬華區德昌街131號,0,0,3,1,C03,8,1,5,50,14,9,1,5,4,3,5,4,4,10,5,5,2,17,2,48,2,8,1,4,7,1,1,10,1,11,,19,,1,22,9,121.4960587,25.02394323
112,6,15,15,30,2,02萬華區,萬華區德昌街131號,0,0,3,2,C03,8,1,5,50,14,9,1,5,4,3,5,4,4,10,5,5,2,17,1,76,2,9,1,4,7,9,1,10,1,11,,44,,1,22,9,121.4960587,25.02394323
112,6,15,15,30,2,02萬華區,萬華區德昌街131號,0,0,3,3,A12,8,1,5,50,14,9,1,5,4,3,5,4,4,10,5,5,2,17,1,34,3,10,1,4,7,15,1,3,1,15,,38,,1,22,9,121.4960587,25.02394323
112,6,15,15,30,2,07信義區,信義區永吉路與松隆路30巷口,0,0,1,1,B03,8,1,5,50,4,1,1,5,4,5,7,1,1,1,4,5,2,11,2,38,3,10,1,1,7,5,1,8,2,5,,8,,1,22,9,121.5688114,25.0445102
112,6,15,15,30,2,07信義區,信義區永吉路與松隆路30巷口,0,0,1,2,C03,8,1,5,50,4,1,1,5,4,5,7,1,1,1,4,5,2,11,1,53,2,9,1,1,7,9,1,10,2,11,,44,,1,22,9,121.5688114,25.0445102
112,6,15,16,49,2,02萬華區,萬華區萬大路與萬大路186巷口,0,0,3,1,C03,8,1,5,30,3,1,1,5,4,5,7,1,1,9,3,5,2,16,2,55,2,9,1,1,7,5,1,10,1,12,,26,,1,22,9,121.5005211,25.0275601
112,6,15,16,49,2,02萬華區,萬華區萬大路與萬大路186巷口,0,0,3,2,C03,8,1,5,30,3,1,1,5,4,5,7,1,1,9,3,5,2,16,1,24,2,9,1,1,7,9,1,10,1,11,,13,,1,22,9,121.5005211,25.0275601
112,6,15,16,49,2,02萬華區,萬華區萬大路與萬大路186巷口,0,0,3,3,C03,8,1,5,30,3,1,1,5,4,5,7,1,1,9,3,5,2,16,1,22,2,9,1,1,7,9,1,10,1,14,,13,,1,22,9,121.5005211,25.0275601
112,6,15,17,15,2,03中山區,中山區市民大道1段往西台北轉運站前迴轉道,0,0,2,2,C03,8,2,5,40,14,6,1,5,4,5,7,4,4,10,4,5,2,12,2,23,2,9,1,1,7,9,1,10,1,11,14,,,1,22,9,121.5189411,25.04854183
112,6,15,17,15,2,03中山區,中山區市民大道1段往西台北轉運站前迴轉道,0,0,2,1,C03,8,2,5,40,14,6,1,5,4,5,7,4,4,10,4,5,2,12,1,26,2,5,1,1,7,10,1,10,1,11,12,,,1,22,9,121.5189411,25.04854183
112,6,15,17,15,2,03中山區,中山區市民大道1段往西台北轉運站前迴轉道,0,0,2,3,A05,8,2,5,40,14,6,1,5,4,5,7,4,4,10,4,5,2,12,1,46,3,10,1,1,7,14,1,1,1,2,,,,1,22,9,121.5189411,25.04854183
112,6,15,17,20,2,09北投區,北投區中山北路7段219巷3弄251號,0,0,2,1,C03,7,1,5,30,14,9,1,5,4,5,7,4,4,5,5,5,2,16,1,51,2,9,1,1,7,1,1,10,2,14,,,,1,22,9,121.5300833,25.13142309
112,6,15,17,20,2,09北投區,北投區中山北路7段219巷3弄251號,0,0,2,2,C03,7,1,5,30,14,9,1,5,4,5,7,4,4,5,5,5,2,16,2,57,2,9,1,1,7,9,1,10,2,11,,,,1,22,9,121.5300833,25.13142309
112,6,15,18,8,2,01大同區,大同區重慶北路2段86號,0,0,2,2,C03,7,3,5,50,14,9,1,5,4,5,7,4,4,1,4,5,2,17,2,22,2,9,1,1,7,9,1,10,1,15,,16,,1,22,9,121.5137253,25.056668
112,6,15,18,8,2,01大同區,大同區重慶北路2段86號,0,0,2,1,C03,7,3,5,50,14,9,1,5,4,5,7,4,4,1,4,5,2,17,2,52,4,11,3,4,7,15,7,19,11,15,,42,,2,22,9,121.5137253,25.056668
112,6,15,18,8,2,01大同區,大同區重慶北路2段86號,0,0,2,3,C03,7,3,5,50,14,9,1,5,4,5,7,4,4,1,4,5,2,17,2,67,2,9,1,1,7,9,3,18,1,15,,44,,1,22,9,121.5137253,25.056668
112,6,15,18,25,2,06松山區,松山區敦化北路149號,0,0,1,3,H02,7,3,5,50,14,7,1,5,4,5,7,4,4,3,4,4,2,17,2,54,2,9,2,4,7,20,8,20,10,16,,67,,1,22,9,121.5492016,25.05411754
112,6,15,18,25,2,06松山區,松山區敦化北路149號,0,0,1,1,A04,7,3,5,50,14,7,1,5,4,5,7,4,4,3,4,4,2,17,1,55,3,10,3,4,7,21,1,2,2,1,,23,,1,22,9,121.5492016,25.05411754
112,6,15,18,25,2,06松山區,松山區敦化北路149號,0,0,1,2,B03,7,3,5,50,14,7,1,5,4,5,7,4,4,3,4,4,2,17,1,56,3,10,3,4,7,1,1,8,11,15,,19,,1,22,9,121.5492016,25.05411754
112,6,15,18,25,2,08士林區,士林區延平北路6段與延平北路6段116巷口,0,0,3,1,C03,8,2,5,50,4,1,1,5,4,5,7,4,4,5,5,5,2,17,2,59,2,9,1,1,7,9,1,10,1,11,,16,,1,22,9,121.5077731,25.0892023
112,6,15,18,25,2,08士林區,士林區延平北路6段與延平北路6段116巷口,0,0,3,3,H02,8,2,5,50,4,1,1,5,4,5,7,4,4,5,5,5,2,17,2,57,2,5,1,5,7,17,8,20,10,16,,67,,1,22,9,121.5077731,25.0892023