發生年度,發生月,發生日,發生時-Hours,發生分,處理別-編號,區序,肇事地點,死亡人數,2-30日死亡人數,受傷人數,當事人序號,車種,天候,光線,道路類別,速限-速度限制,道路型態,事故位置,路面狀況1,路面狀況2,路面狀況3,道路障礙1,道路障礙2,號誌1,號誌2,車道劃分-分向,車道劃分-分道1,車道劃分-分道2,車道劃分-分道3,事故類型及型態,性別,年齡,受傷程度,主要傷處,保護裝置,行動電話,車輛用途,當事者行動狀態,駕駛資格情形,駕駛執照種類,飲酒情形,車輛撞擊部位1,車輛撞擊部位2,肇因碼-個別,肇因碼-主要,個人肇逃否,職業,旅次目的,座標-X,座標-Y
112,6,15,18,25,2,08士林區,士林區延平北路6段與延平北路6段116巷口,0,0,3,2,C03,8,2,5,50,4,1,1,5,4,5,7,4,4,5,5,5,2,17,1,62,2,7,1,1,7,15,1,10,1,13,,44,,1,22,9,121.5077731,25.0892023
112,6,15,18,35,2,11南港區,南港區市民大道8段東往西世界明珠5號出口門,0,0,2,3,B03,8,3,5,50,14,9,1,5,4,5,7,4,4,9,4,5,2,13,1,48,3,10,1,1,7,14,1,8,2,4,,44,,1,22,9,121.6013634,25.05245086
112,6,15,18,35,2,11南港區,南港區市民大道8段東往西世界明珠5號出口門,0,0,2,1,C03,8,3,5,50,14,9,1,5,4,5,7,4,4,9,4,5,2,13,1,19,2,9,1,1,7,9,1,10,2,11,,23,,1,22,9,121.6013634,25.05245086
112,6,15,18,35,2,11南港區,南港區市民大道8段東往西世界明珠5號出口門,0,0,2,2,C03,8,3,5,50,14,9,1,5,4,5,7,4,4,9,4,5,2,13,1,20,2,8,1,1,7,14,1,10,2,13,,44,,1,22,9,121.6013634,25.05245086
112,6,15,18,58,2,07信義區,信義區忠孝東路5段502號,0,0,1,1,B02,7,3,5,50,14,9,1,5,4,5,7,4,4,1,4,5,2,12,1,55,3,10,1,1,7,10,1,8,1,2,,7,,1,22,9,121.5783983,25.0410321
112,6,15,18,58,2,07信義區,信義區忠孝東路5段502號,0,0,1,2,C03,7,3,5,50,14,9,1,5,4,5,7,4,4,1,4,5,2,12,1,41,2,9,1,1,7,9,1,10,1,11,,17,,1,22,9,121.5783983,25.0410321
112,6,15,19,0,2,06松山區,松山區三民路與三民路3巷口,0,0,1,1,C03,8,3,5,30,4,1,1,5,4,5,7,3,1,5,4,5,2,16,1,54,2,9,1,1,7,5,1,10,1,15,,,,1,22,9,121.5638375,25.05202574
112,6,15,19,0,2,06松山區,松山區三民路與三民路3巷口,0,0,1,2,B03,8,3,5,30,4,1,1,5,4,5,7,3,1,5,4,5,2,16,1,60,3,10,1,1,7,9,1,8,1,4,,,,1,22,9,121.5638375,25.05202574
112,6,15,19,5,2,01大同區,大同區萬全街與民生西路171巷口,0,0,2,1,C03,8,3,5,30,4,1,1,5,4,5,7,4,4,10,5,5,2,15,1,63,2,9,3,4,7,9,1,10,2,14,,6,,1,22,9,121.517023,25.0582327
112,6,15,19,5,2,01大同區,大同區萬全街與民生西路171巷口,0,0,2,2,C03,8,3,5,30,4,1,1,5,4,5,7,4,4,10,5,5,2,15,1,21,2,9,3,4,7,9,1,10,2,11,,13,,1,22,9,121.517023,25.0582327
112,6,15,19,18,2,12內湖區,內湖區潭美街與安美街175巷口,0,0,2,1,C03,7,3,5,40,3,2,1,5,4,5,7,4,4,5,5,5,2,12,1,46,2,9,1,1,7,9,1,10,2,12,,17,,1,22,9,121.6009121,25.0608225
112,6,15,19,18,2,12內湖區,內湖區潭美街與安美街175巷口,0,0,2,2,C03,7,3,5,40,3,2,1,5,4,5,7,4,4,5,5,5,2,12,2,36,2,9,1,1,7,9,1,10,2,14,,44,,1,22,9,121.6009121,25.0608225
112,6,15,19,28,2,02萬華區,萬華區永福街與桂林路57巷口,0,0,1,1,B12,7,3,5,30,3,1,1,5,4,5,7,4,4,10,5,5,2,17,1,43,3,10,1,1,7,5,1,4,1,1,,6,,1,22,9,121.5030528,25.03869502
112,6,15,19,28,2,02萬華區,萬華區永福街與桂林路57巷口,0,0,1,2,C03,7,3,5,30,3,1,1,5,4,5,7,4,4,10,5,5,2,17,1,53,2,7,1,1,7,9,1,10,1,12,14,44,,1,22,9,121.5030528,25.03869502
112,6,15,19,40,2,09北投區,北投區致遠一路2段57巷與致遠一路2段口,0,0,4,1,F02,8,1,5,50,4,1,1,5,4,5,7,4,4,5,5,5,2,16,2,68,2,8,2,1,7,5,8,20,2,16,,,,1,22,9,121.5135854,25.112173
112,6,15,19,40,2,09北投區,北投區致遠一路2段57巷與致遠一路2段口,0,0,4,2,C03,8,1,5,50,4,1,1,5,4,5,7,4,4,5,5,5,2,16,1,53,2,7,1,1,7,9,1,10,2,11,,14,,1,22,9,121.5135854,25.112173
112,6,15,19,40,2,09北投區,北投區致遠一路2段57巷與致遠一路2段口,0,0,4,3,H02,8,1,5,50,4,1,1,5,4,5,7,4,4,5,5,5,2,16,2,7,2,9,2,5,7,20,8,20,10,16,,67,,1,14,9,121.5135854,25.112173
112,6,15,19,40,2,09北投區,北投區致遠一路2段57巷與致遠一路2段口,0,0,4,4,H02,8,1,5,50,4,1,1,5,4,5,7,4,4,5,5,5,2,16,1,12,2,9,1,5,7,20,8,20,10,16,,67,,1,15,9,121.5135854,25.112173
112,6,15,20,7,2,02萬華區,萬華區大理街160巷26弄與大理街160巷26弄口(萬華變電所前)路邊機車停車格,0,0,1,1,C03,8,3,5,30,14,9,1,5,4,4,6,4,4,10,5,5,2,17,2,43,3,10,3,4,7,13,1,10,1,13,,37,,1,22,9,121.4943549,25.03187134
112,6,15,20,7,2,02萬華區,萬華區大理街160巷26弄與大理街160巷26弄口(萬華變電所前)路邊機車停車格,0,0,1,2,C03,8,3,5,30,14,9,1,5,4,4,6,4,4,10,5,5,2,17,2,25,2,9,3,4,7,9,1,10,1,11,,23,,1,22,9,121.4943549,25.03187134
112,6,15,20,14,2,02萬華區,萬華區漢中街與成都路口,0,0,1,1,B03,8,3,5,50,4,1,1,5,4,5,7,2,1,5,5,5,2,16,1,24,3,10,1,1,7,5,1,8,1,4,,8,,1,22,9,121.5075514,25.0423476
112,6,15,20,14,2,02萬華區,萬華區漢中街與成都路口,0,0,1,2,C03,8,3,5,50,4,1,1,5,4,5,7,2,1,5,5,5,2,16,2,42,2,9,1,1,7,9,1,10,1,11,,23,,1,22,9,121.5075514,25.0423476
112,6,15,20,45,2,10文山區,文山區木柵路4段與秀明路1段口口,0,0,1,2,C03,8,1,5,50,4,1,1,5,4,5,7,2,1,4,1,5,1,11,1,71,2,7,1,4,7,9,1,10,1,11,,87,,1,22,9,121.5711062,24.9917406
112,6,15,20,45,2,10文山區,文山區木柵路4段與秀明路1段口口,0,0,1,1,B03,8,1,5,50,4,1,1,5,4,5,7,2,1,4,1,5,1,11,1,21,3,10,1,4,7,5,1,10,2,2,,6,,1,22,9,121.5711062,24.9917406
112,6,15,21,32,1,09北投區,北投區承德路7段與大度路1段口,1,0,0,1,C03,7,3,5,50,5,1,1,5,4,5,7,1,1,1,4,5,2,29,1,19,1,1,1,4,7,5,1,10,9,11,,23,,1,18,9,121.4995539,25.121305
112,6,15,21,32,1,09北投區,北投區承德路7段與大度路1段口,1,0,0,2,,7,3,5,50,5,1,1,5,4,5,7,1,1,1,4,5,2,29,3,0,,,,,,,,,,,,67,,1,,,121.4995539,25.121305
112,6,15,21,41,2,03中山區,中山區市民大道3段與建國南路1段口,0,0,1,2,B03,8,3,5,50,4,2,1,5,4,5,7,1,1,1,3,5,1,12,1,45,3,10,1,1,7,9,1,8,1,1,,44,,1,22,9,121.5369261,25.04504481
112,6,15,21,41,2,03中山區,中山區市民大道3段與建國南路1段口,0,0,1,1,C03,8,3,5,50,4,2,1,5,4,5,7,1,1,1,3,5,1,12,2,21,2,7,1,1,7,5,1,10,1,13,,8,,1,22,9,121.5369261,25.04504481
112,6,15,22,22,2,07信義區,信義區松壽路與松壽路20巷口,0,0,1,1,B03,6,3,5,50,4,2,1,4,4,5,7,4,4,10,4,5,2,17,1,22,3,10,1,1,7,5,1,8,1,15,,8,,1,22,9,121.5675669,25.0358
112,6,15,22,22,2,07信義區,信義區松壽路與松壽路20巷口,0,0,1,2,C03,6,3,5,50,4,2,1,4,4,5,7,4,4,10,4,5,2,17,2,37,2,9,1,1,7,9,1,10,1,12,,23,,1,22,9,121.5675669,25.0358
112,6,15,22,59,2,08士林區,士林區中山北路6段與士東路口,0,0,1,2,C03,7,3,5,50,4,1,1,5,4,5,7,2,1,1,2,5,2,17,1,18,2,9,1,1,7,9,1,10,1,11,,13,,1,22,9,121.5260434,25.11174185
112,6,15,22,59,2,08士林區,士林區中山北路6段與士東路口,0,0,1,1,B01,7,3,5,50,4,1,1,5,4,5,7,2,1,1,2,5,2,17,1,37,3,10,1,1,7,5,1,4,1,2,,25,,1,22,9,121.5260434,25.11174185
112,6,15,23,16,2,04大安區,大安區忠孝東路4段17巷與忠孝東路4段口,0,0,1,2,C03,6,3,5,50,3,2,1,4,4,5,7,4,4,1,4,5,2,16,2,24,2,9,3,4,7,9,1,10,1,12,,14,,1,22,9,121.544451,25.0417307
112,6,15,23,16,2,04大安區,大安區忠孝東路4段17巷與忠孝東路4段口,0,0,1,1,B03,6,3,5,50,3,2,1,4,4,5,7,4,4,1,4,5,2,16,1,27,3,10,3,4,7,6,1,8,1,8,,6,,1,22,9,121.544451,25.0417307
112,6,15,23,43,2,04大安區,大安區市民大道3段與建國南路1段口,0,0,1,1,B03,6,3,5,40,4,2,1,4,4,5,7,2,1,1,4,4,2,17,1,23,3,10,1,1,7,9,1,8,2,1,,23,,1,22,9,121.5361545,25.04467511
112,6,15,23,43,2,04大安區,大安區市民大道3段與建國南路1段口,0,0,1,2,B01,6,3,5,40,4,2,1,4,4,5,7,2,1,1,4,4,2,17,1,67,2,5,1,1,7,15,1,4,2,3,,44,,1,22,9,121.5361545,25.04467511
112,6,16,0,2,2,10文山區,文山區木柵路1段與試院路口(雙號),0,0,1,1,C04,6,3,5,50,4,2,1,4,4,5,7,2,1,5,2,5,2,18,2,23,2,9,3,4,7,9,1,11,2,15,,,,1,22,9,121.5498118,24.98737677
112,6,16,0,2,2,10文山區,文山區木柵路1段與試院路口(雙號),0,0,1,2,,6,3,5,50,4,2,1,4,4,5,7,2,1,5,2,5,2,18,3,0,,,,,,,,,,,,,,1,,,121.5498118,24.98737677
112,6,16,5,45,2,01大同區,大同區民權西路與蘭州街口,0,0,1,1,C03,6,1,5,50,4,2,1,4,4,5,7,2,1,1,4,5,2,17,1,67,2,9,3,4,7,9,1,10,1,12,,,,1,22,9,121.5149905,25.0628697
112,6,16,5,45,2,01大同區,大同區民權西路與蘭州街口,0,0,1,2,C03,6,1,5,50,4,2,1,4,4,5,7,2,1,1,4,5,2,17,2,58,3,10,3,4,7,15,1,10,1,15,,,,1,22,9,121.5149905,25.0628697
112,6,16,6,42,2,07信義區,信義區信義路4段450巷9號與嘉興街口,0,0,1,2,F03,7,1,5,30,5,1,1,5,4,5,7,4,4,10,5,5,2,15,2,65,2,8,1,1,7,9,8,20,2,16,,23,,1,22,9,121.5585675,25.0321964
112,6,16,6,42,2,07信義區,信義區信義路4段450巷9號與嘉興街口,0,0,1,1,B03,7,1,5,30,5,1,1,5,4,5,7,4,4,10,5,5,2,15,2,20,3,10,1,1,7,9,1,8,2,8,,6,,1,22,9,121.5585675,25.0321964
112,6,16,7,28,2,12內湖區,內湖區成功路4段61巷35弄與成功路4段61巷口,0,0,3,1,C03,7,1,5,50,3,1,1,5,4,5,7,4,4,5,5,5,1,9,1,19,2,9,1,1,7,9,3,18,2,11,,15,,1,22,9,121.5935974,25.08045258
112,6,16,7,28,2,12內湖區,內湖區成功路4段61巷35弄與成功路4段61巷口,0,0,3,2,H01,7,1,5,50,3,1,1,5,4,5,7,4,4,5,5,5,1,9,2,12,2,9,4,5,8,16,8,20,10,16,,67,,1,22,9,121.5935974,25.08045258
112,6,16,7,28,2,12內湖區,內湖區成功路4段61巷35弄與成功路4段61巷口,0,0,3,3,H01,7,1,5,50,3,1,1,5,4,5,7,4,4,5,5,5,1,9,2,12,2,9,4,5,8,16,8,20,10,16,,67,,1,22,9,121.5935974,25.08045258
112,6,16,7,42,2,09北投區,北投區杏林二路與杏林二路74巷口,0,0,3,1,C03,7,1,5,30,3,1,1,5,4,5,7,4,4,10,5,5,2,16,2,37,2,8,1,1,7,5,1,10,1,14,,6,,1,22,9,121.4959441,25.14269689
112,6,16,7,42,2,09北投區,北投區杏林二路與杏林二路74巷口,0,0,3,2,C03,7,1,5,30,3,1,1,5,4,5,7,4,4,10,5,5,2,16,1,24,2,9,1,1,7,9,1,10,1,11,,13,,1,22,9,121.4959441,25.14269689
112,6,16,7,42,2,09北投區,北投區杏林二路與杏林二路74巷口,0,0,3,3,H02,7,1,5,30,3,1,1,5,4,5,7,4,4,10,5,5,2,16,1,7,2,8,1,5,7,21,8,20,10,15,,67,,1,22,9,121.4959441,25.14269689
112,6,16,7,51,2,09北投區,北投區東華街2段與立農街2段口,0,0,1,1,C03,8,1,5,50,14,9,1,5,4,5,7,1,1,9,4,5,2,13,1,25,2,9,1,1,7,9,1,10,1,11,,16,,1,22,9,121.5128101,25.11887715
112,6,16,7,51,2,09北投區,北投區東華街2段與立農街2段口,0,0,1,2,B03,8,1,5,50,14,9,1,5,4,5,7,1,1,9,4,5,2,13,1,58,3,10,1,1,7,9,1,8,1,3,,44,,1,22,9,121.5128101,25.11887715
112,6,16,8,0,2,05中正區,中正區羅斯福路1段與羅斯福路1段9巷附近口,0,0,2,3,B03,8,1,5,50,3,2,1,5,4,5,7,4,4,1,4,4,1,17,2,31,3,10,1,1,7,7,1,8,2,6,,7,,1,22,9,121.5180206,25.03314153
112,6,16,8,0,2,05中正區,中正區羅斯福路1段與羅斯福路1段9巷附近口,0,0,2,4,C03,8,1,5,50,3,2,1,5,4,5,7,4,4,1,4,4,1,17,2,41,2,9,1,1,7,9,1,10,2,11,,44,,1,22,9,121.5180206,25.03314153
112,6,16,8,0,2,05中正區,中正區羅斯福路1段與羅斯福路1段9巷附近口,0,0,2,2,B03,8,1,5,50,3,2,1,5,4,5,7,4,4,1,4,4,1,17,2,44,3,10,1,1,7,15,1,8,2,6,,44,,1,22,9,121.5180206,25.03314153
112,6,16,8,0,2,05中正區,中正區羅斯福路1段與羅斯福路1段9巷附近口,0,0,2,1,C03,8,1,5,50,3,2,1,5,4,5,7,4,4,1,4,4,1,17,1,47,2,7,1,1,7,9,1,10,2,11,,16,,1,22,9,121.5180206,25.03314153
112,6,16,8,16,2,12內湖區,內湖區金湖路與康寧路1段口,0,0,2,3,H02,8,1,5,50,3,1,1,5,4,5,7,1,1,1,4,5,2,16,2,4,2,1,1,5,7,21,8,20,10,15,,67,,1,22,9,121.5995799,25.07899793
112,6,16,8,16,2,12內湖區,內湖區金湖路與康寧路1段口,0,0,2,2,C03,8,1,5,50,3,1,1,5,4,5,7,1,1,1,4,5,2,16,2,39,2,8,1,1,7,9,1,10,1,11,,23,,1,22,9,121.5995799,25.07899793
112,6,16,8,16,2,12內湖區,內湖區金湖路與康寧路1段口,0,0,2,1,B03,8,1,5,50,3,1,1,5,4,5,7,1,1,1,4,5,2,16,2,36,3,10,1,1,7,5,1,8,1,5,,6,,1,22,9,121.5995799,25.07899793
112,6,16,8,29,2,02萬華區,萬華區西昌街120號,0,0,2,1,C03,8,1,5,50,14,9,1,5,4,5,7,4,4,8,3,5,1,17,1,74,2,9,1,1,7,5,1,10,1,14,,8,,1,22,9,121.5006432,25.03964078
112,6,16,8,29,2,02萬華區,萬華區西昌街120號,0,0,2,2,C03,8,1,5,50,14,9,1,5,4,5,7,4,4,8,3,5,1,17,2,30,2,8,1,1,7,9,1,10,1,11,,44,,1,22,9,121.5006432,25.03964078
112,6,16,8,33,2,03中山區,中山區中山北路2段92號,0,0,1,2,C03,8,1,5,50,14,8,1,5,4,5,7,4,4,4,4,2,2,12,2,29,2,8,1,1,7,9,1,10,1,11,12,23,,1,22,9,121.522712,25.05904471
112,6,16,8,33,2,03中山區,中山區中山北路2段92號,0,0,1,1,B02,8,1,5,50,14,8,1,5,4,5,7,4,4,4,4,2,2,12,1,61,3,10,1,1,7,6,1,4,1,6,,9,,1,22,9,121.522712,25.05904471
112,6,16,8,40,2,07信義區,信義區松仁路89號,0,0,1,2,B03,8,1,5,50,14,9,1,5,4,5,7,4,4,1,3,4,2,13,1,46,3,10,1,1,7,9,1,8,1,3,,44,,1,22,9,121.5685002,25.0371349
112,6,16,8,40,2,07信義區,信義區松仁路89號,0,0,1,1,C03,8,1,5,50,14,9,1,5,4,5,7,4,4,1,3,4,2,13,2,28,2,5,1,1,7,9,1,10,1,11,,16,,1,22,9,121.5685002,25.0371349
112,6,16,8,53,2,12內湖區,內湖區文德路208巷與文德路210巷30弄口,0,0,1,1,C03,8,1,5,50,4,1,1,5,4,5,7,1,1,4,5,5,2,12,1,29,2,9,1,1,7,5,1,9,1,11,,44,,1,22,9,121.5836387,25.07717789
112,6,16,8,53,2,12內湖區,內湖區文德路208巷與文德路210巷30弄口,0,0,1,2,C03,8,1,5,50,4,1,1,5,4,5,7,1,1,4,5,5,2,12,1,41,3,10,1,1,7,9,1,10,1,12,,26,,1,22,9,121.5836387,25.07717789
112,6,16,9,4,2,10文山區,文山區指南路2段與政大一街口口,0,0,1,2,A12,8,1,5,50,3,1,1,5,4,5,7,3,1,8,5,5,2,13,1,31,3,10,1,1,7,9,1,7,2,3,,44,,1,22,9,121.5797453,24.9858914
112,6,16,9,4,2,10文山區,文山區指南路2段與政大一街口口,0,0,1,1,C03,8,1,5,50,3,1,1,5,4,5,7,3,1,8,5,5,2,13,2,54,2,7,1,1,7,9,4,8,2,11,,16,,1,22,9,121.5797453,24.9858914
112,6,16,9,8,2,03中山區,中山區明水路與北安路口,0,0,1,1,B03,7,1,5,50,3,2,1,5,4,5,7,4,4,1,5,5,1,12,2,50,3,10,3,4,7,9,1,8,1,2,,23,,1,22,9,121.5530624,25.08553788
112,6,16,9,8,2,03中山區,中山區明水路與北安路口,0,0,1,2,C03,7,1,5,50,3,2,1,5,4,5,7,4,4,1,5,5,1,12,2,29,2,9,3,4,7,7,1,10,1,14,,7,,1,22,9,121.5530624,25.08553788
112,6,16,9,20,2,03中山區,中山區民生東路1段13號,0,0,1,2,C03,8,1,5,50,14,9,1,5,4,5,7,4,4,5,4,5,1,17,1,20,2,8,1,1,7,9,1,10,1,14,,44,,1,22,9,121.5238363,25.05822883
112,6,16,9,20,2,03中山區,中山區民生東路1段13號,0,0,1,1,C03,8,1,5,50,14,9,1,5,4,5,7,4,4,5,4,5,1,17,1,59,3,10,1,1,7,1,1,10,11,15,,19,,1,22,9,121.5238363,25.05822883
112,6,16,9,32,2,02萬華區,萬華區德昌街185巷與德昌街口,0,0,2,1,C03,8,1,5,30,4,1,1,5,4,5,7,4,4,10,5,5,1,15,2,62,2,1,1,1,7,9,1,10,1,14,,13,,1,22,9,121.4944302,25.02354528
112,6,16,9,32,2,02萬華區,萬華區德昌街185巷與德昌街口,0,0,2,2,C03,8,1,5,30,4,1,1,5,4,5,7,4,4,10,5,5,1,15,2,61,2,9,1,1,7,9,1,10,1,11,,6,,1,22,9,121.4944302,25.02354528
112,6,16,9,43,2,08士林區,士林區中正路與重慶北路4段口,0,0,1,2,C03,8,1,5,50,3,2,1,5,4,5,7,4,4,10,4,5,2,17,2,66,2,9,1,1,7,9,4,8,2,14,,44,,1,22,9,121.509764,25.0866902
112,6,16,9,43,2,08士林區,士林區中正路與重慶北路4段口,0,0,1,1,A41,8,1,5,50,3,2,1,5,4,5,7,4,4,10,4,5,2,17,1,45,3,10,1,1,7,6,1,1,2,2,,9,,1,22,9,121.509764,25.0866902
112,6,16,10,3,2,06松山區,松山區市民大道4段153號,0,0,1,2,B12,7,1,5,40,14,9,1,5,4,5,7,4,4,1,3,5,2,13,1,54,3,10,2,1,7,14,1,8,1,7,,26,,1,22,9,121.5509675,25.04474648
112,6,16,10,3,2,06松山區,松山區市民大道4段153號,0,0,1,1,C03,7,1,5,40,14,9,1,5,4,5,7,4,4,1,3,5,2,13,2,44,2,9,1,3,7,9,1,10,1,11,,23,,1,22,9,121.5509675,25.04474648
112,6,16,10,12,2,12內湖區,內湖區行愛路174號,0,0,1,1,C03,8,1,5,40,14,7,1,5,4,5,7,1,1,5,4,4,2,17,2,23,2,8,1,1,7,7,1,10,1,14,,7,,1,22,9,121.5792363,25.0652054
112,6,16,10,12,2,12內湖區,內湖區行愛路174號,0,0,1,2,A05,8,1,5,40,14,7,1,5,4,5,7,1,1,5,4,4,2,17,1,53,3,10,1,1,7,9,1,2,1,5,,44,,1,22,9,121.5792363,25.0652054
112,6,16,10,17,2,08士林區,士林區承德路4段與承德路4段80巷口,0,0,1,1,F01,7,1,5,50,5,2,1,5,4,5,7,2,1,1,3,4,1,16,2,43,2,9,2,1,7,9,8,20,2,16,,,,1,22,9,121.5230264,25.0821209
112,6,16,10,17,2,08士林區,士林區承德路4段與承德路4段80巷口,0,0,1,2,B03,7,1,5,50,5,2,1,5,4,5,7,2,1,1,3,4,1,16,2,62,3,10,1,1,7,9,1,8,2,8,,,,1,22,9,121.5230264,25.0821209
112,6,16,10,33,2,04大安區,大安區臥龍街151巷與安居街84巷口,0,0,1,1,B03,7,1,5,50,4,1,1,5,4,5,7,4,4,10,4,5,2,16,1,68,3,10,3,4,7,1,1,6,1,4,,19,,1,22,9,121.5522478,25.0200635
112,6,16,10,33,2,04大安區,大安區臥龍街151巷與安居街84巷口,0,0,1,2,C03,7,1,5,50,4,1,1,5,4,5,7,4,4,10,4,5,2,16,1,44,2,9,3,4,7,9,1,10,1,11,,23,,1,22,9,121.5522478,25.0200635
112,6,16,10,45,2,12內湖區,內湖區民權東路6段與堤頂大道1段口口,0,0,1,2,B01,8,1,5,70,14,9,1,5,4,5,7,1,1,1,3,5,1,13,1,55,2,3,1,1,7,14,1,4,2,3,1,44,,1,22,9,121.5721623,25.0651601
112,6,16,10,45,2,12內湖區,內湖區民權東路6段與堤頂大道1段口口,0,0,1,3,B01,8,1,5,70,14,9,1,5,4,5,7,1,1,1,3,5,1,13,1,47,3,10,1,1,7,14,1,2,2,3,,44,,1,22,9,121.5721623,25.0651601
112,6,16,10,45,2,12內湖區,內湖區民權東路6段與堤頂大道1段口口,0,0,1,1,B01,8,1,5,70,14,9,1,5,4,5,7,1,1,1,3,5,1,13,1,62,4,11,1,1,7,9,1,4,2,1,,42,,1,22,9,121.5721623,25.0651601
112,6,16,11,27,2,02萬華區,萬華區環河南路1段與貴陽街2段口,0,0,2,1,C03,8,1,5,50,5,1,1,5,4,5,7,2,1,1,5,5,2,16,1,18,2,8,1,1,7,5,1,10,1,14,,8,,1,22,9,121.4978421,25.04013886
112,6,16,11,27,2,02萬華區,萬華區環河南路1段與貴陽街2段口,0,0,2,2,C03,8,1,5,50,5,1,1,5,4,5,7,2,1,1,5,5,2,16,1,28,3,10,1,1,7,9,1,10,1,12,,44,,1,22,9,121.4978421,25.04013886
112,6,16,11,27,2,02萬華區,萬華區環河南路1段與貴陽街2段口,0,0,2,4,C03,8,1,5,50,5,1,1,5,4,5,7,2,1,1,5,5,2,16,2,35,3,10,1,1,7,9,1,10,1,14,,44,,1,22,9,121.4978421,25.04013886
112,6,16,11,27,2,02萬華區,萬華區環河南路1段與貴陽街2段口,0,0,2,3,C03,8,1,5,50,5,1,1,5,4,5,7,2,1,1,5,5,2,16,1,45,2,8,1,1,7,9,1,10,1,14,,44,,1,22,9,121.4978421,25.04013886
112,6,16,11,58,2,08士林區,士林區承德路5段與通河東街2段口,0,0,3,3,C03,7,1,5,50,14,9,1,5,4,5,7,1,1,3,4,5,1,13,2,36,2,9,3,4,7,14,1,10,1,13,,44,,1,22,9,121.5137386,25.0963145
112,6,16,11,58,2,08士林區,士林區承德路5段與通河東街2段口,0,0,3,2,C03,7,1,5,50,14,9,1,5,4,5,7,1,1,3,4,5,1,13,2,53,2,9,3,4,7,14,1,10,1,13,,44,,1,22,9,121.5137386,25.0963145
112,6,16,11,58,2,08士林區,士林區承德路5段與通河東街2段口,0,0,3,1,C03,7,1,5,50,14,9,1,5,4,5,7,1,1,3,4,5,1,13,1,22,2,9,3,4,7,9,1,10,1,11,,23,,1,22,9,121.5137386,25.0963145
112,6,16,12,7,2,08士林區,士林區忠誠路2段10巷與中山北路6段290巷29弄口,0,0,1,2,C03,7,1,5,30,3,1,1,5,4,5,7,4,4,10,5,5,1,17,2,49,2,8,1,1,7,9,1,10,1,14,,14,,1,22,9,121.5277412,25.10926852
112,6,16,12,7,2,08士林區,士林區忠誠路2段10巷與中山北路6段290巷29弄口,0,0,1,1,B03,7,1,5,30,3,1,1,5,4,5,7,4,4,10,5,5,1,17,1,40,3,10,1,1,7,5,1,8,1,15,,6,,1,22,9,121.5277412,25.10926852
112,6,16,12,15,2,08士林區,士林區仰德大道4段上山,0,0,2,2,C03,6,1,5,40,14,9,1,4,4,5,7,4,4,9,4,5,1,16,2,19,2,9,3,4,7,9,1,10,1,14,,23,,1,22,9,121.547924,25.12893142
112,6,16,12,15,2,08士林區,士林區仰德大道4段上山,0,0,2,3,H02,6,1,5,40,14,9,1,4,4,5,7,4,4,9,4,5,1,16,2,19,2,9,3,5,7,21,8,20,1,15,,67,,1,22,9,121.547924,25.12893142
112,6,16,12,15,2,08士林區,士林區仰德大道4段上山,0,0,2,1,A04,6,1,5,40,14,9,1,4,4,5,7,4,4,9,4,5,1,16,1,49,3,10,3,4,7,9,1,2,1,15,,44,,1,22,9,121.547924,25.12893142
112,6,16,12,28,2,11南港區,南港區松河街與重陽路口側附近263巷附近口,0,0,2,1,B02,8,1,5,50,14,9,1,5,4,5,7,4,4,9,5,5,1,12,2,35,3,10,3,4,7,11,1,8,1,8,,10,,1,22,9,121.6035676,25.0585719
112,6,16,12,28,2,11南港區,南港區松河街與重陽路口側附近263巷附近口,0,0,2,2,C03,8,1,5,50,14,9,1,5,4,5,7,4,4,9,5,5,1,12,1,27,2,9,1,4,7,4,1,10,1,12,,1,,1,22,9,121.6035676,25.0585719
112,6,16,12,28,2,11南港區,南港區松河街與重陽路口側附近263巷附近口,0,0,2,3,H02,8,1,5,50,14,9,1,5,4,5,7,4,4,9,5,5,1,12,2,25,2,9,1,5,7,17,8,20,10,15,,67,,1,22,9,121.6035676,25.0585719
112,6,16,12,30,2,11南港區,南港區南深路66號,0,0,1,1,C03,8,1,5,30,11,9,1,5,4,5,1,4,4,4,5,4,1,12,1,19,2,6,1,1,7,6,1,10,1,14,,23,,1,22,9,121.6246714,25.0229368
112,6,16,12,30,2,11南港區,南港區南深路66號,0,0,1,2,B12,8,1,5,30,11,9,1,5,4,5,1,4,4,4,5,4,1,12,1,51,3,10,1,1,7,6,1,8,1,6,,44,,1,22,9,121.6246714,25.0229368
112,6,16,12,33,2,08士林區,士林區百齡左岸河濱公園076燈桿,0,0,1,1,B02,8,1,8,30,15,22,1,5,4,5,7,4,4,10,5,5,2,17,1,40,3,10,3,4,7,5,1,8,1,8,,6,,1,22,9,121.5126798,25.08587596
112,6,16,12,33,2,08士林區,士林區百齡左岸河濱公園076燈桿,0,0,1,2,C03,8,1,8,30,15,22,1,5,4,5,7,4,4,10,5,5,2,17,1,20,2,9,1,4,7,9,1,10,1,11,,23,,1,22,9,121.5126798,25.08587596
112,6,16,12,40,2,07信義區,信義區基隆路1段147巷34號,0,0,2,3,B03,8,1,5,30,14,9,1,5,4,3,7,4,4,10,5,5,1,16,1,43,3,10,3,4,7,14,1,8,9,15,,,,1,22,9,121.5671528,25.0423991
112,6,16,12,40,2,07信義區,信義區基隆路1段147巷34號,0,0,2,2,C03,8,1,5,30,14,9,1,5,4,3,7,4,4,10,5,5,1,16,1,34,2,9,3,4,7,9,1,10,1,11,,,,1,22,9,121.5671528,25.0423991
112,6,16,12,40,2,07信義區,信義區基隆路1段147巷34號,0,0,2,1,C03,8,1,5,30,14,9,1,5,4,3,7,4,4,10,5,5,1,16,2,25,2,8,3,4,7,4,1,10,1,11,,,,1,22,9,121.5671528,25.0423991