發生年度,發生月,發生日,發生時-Hours,發生分,處理別-編號,區序,肇事地點,死亡人數,2-30日死亡人數,受傷人數,當事人序號,車種,天候,光線,道路類別,速限-速度限制,道路型態,事故位置,路面狀況1,路面狀況2,路面狀況3,道路障礙1,道路障礙2,號誌1,號誌2,車道劃分-分向,車道劃分-分道1,車道劃分-分道2,車道劃分-分道3,事故類型及型態,性別,年齡,受傷程度,主要傷處,保護裝置,行動電話,車輛用途,當事者行動狀態,駕駛資格情形,駕駛執照種類,飲酒情形,車輛撞擊部位1,車輛撞擊部位2,肇因碼-個別,肇因碼-主要,個人肇逃否,職業,旅次目的,座標-X,座標-Y
112,6,17,17,17,2,02萬華區,萬華區內江街與內江街110巷口,0,0,2,2,C03,8,1,5,50,3,2,1,5,4,5,7,2,1,9,4,5,2,17,1,22,2,9,1,1,7,9,1,10,2,11,12,44,,1,22,9,121.5035839,25.0415969
112,6,17,17,28,2,06松山區,松山區市民大道6段與虎林街口,0,0,2,1,C03,7,1,5,50,4,1,1,5,4,5,7,2,1,3,4,5,2,15,1,44,2,9,1,4,7,9,1,10,2,12,,,,1,22,9,121.576038,25.0494054
112,6,17,17,28,2,06松山區,松山區市民大道6段與虎林街口,0,0,2,2,C03,7,1,5,50,4,1,1,5,4,5,7,2,1,3,4,5,2,15,1,53,2,9,1,4,7,9,1,10,2,11,,44,,1,22,9,121.576038,25.0494054
112,6,17,17,39,2,04大安區,大安區大安路1段83巷與大安路1段口,0,0,2,1,C03,7,1,5,30,4,1,1,5,4,5,7,4,4,9,4,5,2,15,2,28,2,9,1,1,7,9,1,10,1,12,,,,1,21,8,121.5461615,25.04095297
112,6,17,17,39,2,04大安區,大安區大安路1段83巷與大安路1段口,0,0,2,2,C03,7,1,5,30,4,1,1,5,4,5,7,4,4,9,4,5,2,15,2,22,2,9,1,1,7,9,1,10,1,11,,,,1,21,8,121.5461615,25.04095297
112,6,17,17,48,2,01大同區,大同區承德路3段與民族西路口,0,0,1,1,C03,7,1,5,0,4,1,1,5,4,5,7,1,1,1,4,5,2,17,1,18,4,11,3,4,7,15,7,19,11,15,,43,,2,22,9,121.5184815,25.06849087
112,6,17,17,48,2,01大同區,大同區承德路3段與民族西路口,0,0,1,2,C03,7,1,5,0,4,1,1,5,4,5,7,1,1,1,4,5,2,17,1,55,2,9,3,4,7,15,1,10,1,13,,43,,1,22,9,121.5184815,25.06849087
112,6,17,17,48,2,01大同區,大同區承德路3段與民族西路口,0,0,1,3,B02,7,1,5,0,4,1,1,5,4,5,7,1,1,1,4,5,2,17,1,22,3,10,3,4,7,9,1,8,1,5,,43,,1,22,9,121.5184815,25.06849087
112,6,17,17,49,2,04大安區,大安區基隆路4段140號,0,0,1,3,H02,7,1,5,50,14,7,1,5,4,5,7,2,1,1,4,4,2,13,2,43,2,9,1,1,7,20,8,20,10,15,,67,,1,21,8,121.5397069,25.01340266
112,6,17,17,49,2,04大安區,大安區基隆路4段140號,0,0,1,1,B12,7,1,5,50,14,7,1,5,4,5,7,2,1,1,4,4,2,13,1,60,3,10,1,1,7,9,1,8,1,1,,16,,1,21,8,121.5397069,25.01340266
112,6,17,17,49,2,04大安區,大安區基隆路4段140號,0,0,1,2,B03,7,1,5,50,14,7,1,5,4,5,7,2,1,1,4,4,2,13,1,38,3,10,1,1,7,9,1,8,1,3,,44,,1,21,8,121.5397069,25.01340266
112,6,17,17,50,2,03中山區,中山區濱江街195號,0,0,1,1,B03,8,1,5,50,14,9,1,5,4,5,7,4,4,1,4,5,2,13,2,52,3,10,1,1,7,8,1,8,1,3,,7,,1,22,9,121.5394624,25.07264249
112,6,17,17,50,2,03中山區,中山區濱江街195號,0,0,1,2,C03,8,1,5,50,14,9,1,5,4,5,7,4,4,1,4,5,2,13,1,70,2,9,1,1,7,9,1,10,1,12,,23,,1,22,9,121.5394624,25.07264249
112,6,17,18,17,2,09北投區,北投區光明路200-8號,0,0,1,1,B03,7,1,5,50,14,9,1,5,4,5,7,4,4,9,4,5,1,12,1,24,3,10,1,1,7,1,1,8,1,5,,44,,1,22,9,121.5036905,25.13600437
112,6,17,18,17,2,09北投區,北投區光明路200-8號,0,0,1,2,C03,7,1,5,50,14,9,1,5,4,5,7,4,4,9,4,5,1,12,2,57,2,9,1,1,7,7,1,10,1,11,,7,,1,22,9,121.5036905,25.13600437
112,6,17,18,21,2,01大同區,大同區延平北路2段280號,0,0,1,1,C03,8,1,5,50,14,9,1,5,4,5,7,2,1,5,4,5,2,12,1,46,2,9,3,4,7,9,3,18,1,11,,16,,1,22,9,121.5117533,25.0624314
112,6,17,18,21,2,01大同區,大同區延平北路2段280號,0,0,1,3,B03,8,1,5,50,14,9,1,5,4,5,7,2,1,5,4,5,2,12,1,78,3,10,3,4,7,14,1,8,1,2,,44,,1,22,9,121.5117533,25.0624314
112,6,17,18,21,2,01大同區,大同區延平北路2段280號,0,0,1,2,C03,8,1,5,50,14,9,1,5,4,5,7,2,1,5,4,5,2,12,1,23,3,10,3,4,7,9,1,10,1,13,,44,,1,22,9,121.5117533,25.0624314
112,6,17,18,45,2,05中正區,中正區新生南路1段56號,0,0,1,1,C03,8,3,5,50,14,9,1,5,4,5,7,4,4,1,1,5,2,13,2,25,2,8,1,3,7,9,1,10,1,11,,,,1,5,1,121.5326922,25.04125269
112,6,17,18,45,2,05中正區,中正區新生南路1段56號,0,0,1,2,B02,8,3,5,50,14,9,1,5,4,5,7,4,4,1,1,5,2,13,1,52,3,10,1,1,7,14,1,8,1,7,,,,1,1,1,121.5326922,25.04125269
112,6,17,18,58,2,03中山區,中山區長春路188號,0,0,1,3,C03,8,3,5,40,14,8,1,5,4,5,7,4,4,4,3,4,1,17,1,40,3,10,1,1,7,9,1,10,1,11,,23,,1,22,9,121.5350847,25.05476733
112,6,17,18,58,2,03中山區,中山區長春路188號,0,0,1,2,C03,8,3,5,40,14,8,1,5,4,5,7,4,4,4,3,4,1,17,1,39,2,8,1,1,7,9,1,10,1,13,,44,,1,22,9,121.5350847,25.05476733
112,6,17,18,58,2,03中山區,中山區長春路188號,0,0,1,1,B03,8,3,5,40,14,8,1,5,4,5,7,4,4,4,3,4,1,17,1,33,3,10,1,1,7,2,1,8,1,15,,43,,1,22,9,121.5350847,25.05476733
112,6,17,19,1,2,02萬華區,萬華區西藏路與艋舺大道口,0,0,1,1,B03,8,3,5,50,4,2,1,5,4,5,7,2,1,3,4,5,2,17,2,57,3,10,1,1,7,6,1,8,1,15,,27,,1,22,9,121.4914114,25.02901317
112,6,17,19,1,2,02萬華區,萬華區西藏路與艋舺大道口,0,0,1,2,C03,8,3,5,50,4,2,1,5,4,5,7,2,1,3,4,5,2,17,1,31,2,9,1,1,7,9,1,10,1,12,,23,,1,22,9,121.4914114,25.02901317
112,6,17,19,5,2,04大安區,大安區羅斯福路3段37號,0,0,1,2,C03,8,3,6,50,14,9,1,5,4,5,7,2,1,1,4,5,2,12,2,22,2,9,1,1,7,9,1,10,1,14,,44,,1,22,9,121.5252615,25.0234453
112,6,17,19,5,2,04大安區,大安區羅斯福路3段37號,0,0,1,1,B03,8,3,6,50,14,9,1,5,4,5,7,2,1,1,4,5,2,12,1,44,3,10,1,1,7,8,1,8,1,2,,7,,1,22,9,121.5252615,25.0234453
112,6,17,19,6,2,07信義區,信義區福德街221巷臨189-7號,0,0,2,1,C03,7,3,5,30,14,9,1,4,4,5,7,4,4,10,5,5,1,27,1,73,2,9,1,1,7,12,1,10,1,14,,44,,1,22,9,121.5857501,25.03078025
112,6,17,19,6,2,07信義區,信義區福德街221巷臨189-7號,0,0,2,2,,7,3,5,30,14,9,1,4,4,5,7,4,4,10,5,5,1,27,3,0,,,,,,,,,10,,,66,,1,,,121.5857501,25.03078025
112,6,17,19,6,2,07信義區,信義區福德街221巷臨189-7號,0,0,2,3,H02,7,3,5,30,14,9,1,4,4,5,7,4,4,10,5,5,1,27,2,44,2,9,1,5,7,21,8,20,10,15,,67,,1,22,9,121.5857501,25.03078025
112,6,17,20,27,2,01大同區,大同區忠孝西路2段與塔城街口,0,0,1,2,F01,8,3,5,50,4,1,1,5,4,5,7,2,1,1,4,5,1,15,1,38,2,9,2,1,7,9,8,20,1,16,,44,,1,22,9,121.5096263,25.04824669
112,6,17,20,27,2,01大同區,大同區忠孝西路2段與塔城街口,0,0,1,1,B03,8,3,5,50,4,1,1,5,4,5,7,2,1,1,4,5,1,15,1,55,3,10,1,1,7,6,1,8,1,5,,9,,1,22,9,121.5096263,25.04824669
112,6,17,20,37,2,04大安區,大安區和平東路2段94號,0,0,2,1,C03,8,3,5,40,14,8,1,5,4,5,7,4,4,10,4,4,2,13,1,21,2,9,1,1,7,9,1,10,1,11,,23,,1,22,9,121.5408093,25.02512227
112,6,17,20,37,2,04大安區,大安區和平東路2段94號,0,0,2,2,B03,8,3,5,40,14,8,1,5,4,5,7,4,4,10,4,4,2,13,2,54,3,10,1,1,7,14,1,8,1,7,,38,,1,22,9,121.5408093,25.02512227
112,6,17,20,37,2,04大安區,大安區和平東路2段94號,0,0,2,3,H02,8,3,5,40,14,8,1,5,4,5,7,4,4,10,4,4,2,13,2,20,2,9,1,5,7,20,8,20,10,16,,67,,1,22,9,121.5408093,25.02512227
112,6,17,21,4,2,04大安區,大安區金華街與金華街183巷口,0,0,1,1,C03,7,3,5,30,3,1,1,5,4,5,7,4,4,5,4,5,2,17,1,34,2,8,1,1,7,5,1,10,1,12,,43,,1,21,8,121.5271359,25.03014826
112,6,17,21,4,2,04大安區,大安區金華街與金華街183巷口,0,0,1,2,B01,7,3,5,30,3,1,1,5,4,5,7,4,4,5,4,5,2,17,1,62,3,10,1,1,7,9,1,4,1,4,,43,,1,21,8,121.5271359,25.03014826
112,6,17,22,25,2,08士林區,士林區中山北路5段與中山北路5段260巷口,0,0,1,1,B03,8,3,5,0,3,2,1,5,4,5,7,1,1,10,5,5,1,16,1,50,3,10,1,1,7,8,1,8,1,2,,6,,1,22,9,121.5268445,25.08732141
112,6,17,22,25,2,08士林區,士林區中山北路5段與中山北路5段260巷口,0,0,1,2,C03,8,3,5,0,3,2,1,5,4,5,7,1,1,10,5,5,1,16,1,22,2,7,1,1,7,9,1,10,1,14,,23,,1,22,9,121.5268445,25.08732141
112,6,17,22,48,2,07信義區,信義區大道路與忠孝東路5段790巷68弄口,0,0,2,1,C03,8,1,5,50,4,2,1,5,4,5,7,4,4,5,2,5,2,17,2,28,3,10,1,1,7,5,1,10,1,13,,8,,1,22,9,121.5826597,25.04045911
112,6,17,22,48,2,07信義區,信義區大道路與忠孝東路5段790巷68弄口,0,0,2,2,C03,8,1,5,50,4,2,1,5,4,5,7,4,4,5,2,5,2,17,1,28,2,8,1,1,7,9,1,10,1,11,,23,,1,22,9,121.5826597,25.04045911
112,6,17,22,48,2,07信義區,信義區大道路與忠孝東路5段790巷68弄口,0,0,2,3,H02,8,1,5,50,4,2,1,5,4,5,7,4,4,5,2,5,2,17,2,28,2,8,1,5,7,20,8,20,10,16,,67,,1,22,9,121.5826597,25.04045911
112,6,17,23,35,2,10文山區,文山區興隆路3段與萬芳路口,0,0,3,1,C03,8,3,5,50,4,1,1,5,4,5,7,1,1,1,3,5,1,12,1,20,2,7,1,1,7,8,1,10,1,12,,7,,1,18,9,121.5597833,24.9969311
112,6,17,23,35,2,10文山區,文山區興隆路3段與萬芳路口,0,0,3,3,H02,8,3,5,50,4,1,1,5,4,5,7,1,1,1,3,5,1,12,2,10,2,7,1,5,7,20,8,20,10,16,,67,,1,22,9,121.5597833,24.9969311
112,6,17,23,35,2,10文山區,文山區興隆路3段與萬芳路口,0,0,3,2,C03,8,3,5,50,4,1,1,5,4,5,7,1,1,1,3,5,1,12,2,42,2,9,1,1,7,9,1,10,1,14,,44,,1,22,9,121.5597833,24.9969311
112,6,17,23,39,2,08士林區,士林區延平北路6段與無名巷口(社子國小前),0,0,1,2,H01,7,3,5,50,3,2,1,5,4,5,7,4,4,9,4,5,2,3,1,52,3,10,4,5,8,16,8,20,1,16,,51,,1,22,9,121.5031486,25.08953817
112,6,17,23,39,2,08士林區,士林區延平北路6段與無名巷口(社子國小前),0,0,1,1,C03,7,3,5,50,3,2,1,5,4,5,7,4,4,9,4,5,2,3,2,18,2,9,1,1,7,9,1,10,1,12,,14,,1,22,9,121.5031486,25.08953817
112,6,18,0,19,2,07信義區,信義區松德路與松德路118巷口口,0,0,1,1,A21,8,3,5,50,4,2,1,5,4,5,7,2,1,8,4,4,2,11,1,46,3,10,3,4,1,9,1,1,2,1,,23,,1,21,8,121.5746984,25.0375757
112,6,18,0,19,2,07信義區,信義區松德路與松德路118巷口口,0,0,1,2,C03,8,3,5,50,4,2,1,5,4,5,7,2,1,8,4,4,2,11,1,45,2,8,1,4,7,14,1,10,2,11,,44,,1,21,8,121.5746984,25.0375757
112,6,18,0,19,2,07信義區,信義區松德路與松德路118巷口口,0,0,1,3,,8,3,5,50,4,2,1,5,4,5,7,2,1,8,4,4,2,11,3,63,,,,,,,,,10,,,67,,1,,,121.5746984,25.0375757
112,6,18,0,20,2,05中正區,中正區中山南路與仁愛路1段口,0,0,2,1,B01,8,3,5,50,16,9,1,5,4,5,7,1,1,1,4,5,2,12,1,59,3,10,1,1,7,9,1,4,2,5,,23,,1,22,9,121.5179766,25.0396295
112,6,18,0,20,2,05中正區,中正區中山南路與仁愛路1段口,0,0,2,2,C05,8,3,5,50,16,9,1,5,4,5,7,1,1,1,4,5,2,12,1,27,2,9,1,1,7,9,1,10,2,14,,6,,1,22,9,121.5179766,25.0396295
112,6,18,0,20,2,05中正區,中正區中山南路與仁愛路1段口,0,0,2,3,H02,8,3,5,50,16,9,1,5,4,5,7,1,1,1,4,5,2,12,1,28,2,9,1,5,7,17,8,20,10,16,,67,,1,22,9,121.5179766,25.0396295
112,6,18,0,40,2,07信義區,信義區松德路與松德路118巷口口,0,0,1,1,C03,8,3,5,50,4,2,1,5,2,1,7,2,1,9,4,4,2,13,1,34,2,9,1,1,7,9,1,10,1,11,,44,,1,21,8,121.5748458,25.0374874
112,6,18,0,40,2,07信義區,信義區松德路與松德路118巷口口,0,0,1,2,C03,8,3,5,50,4,2,1,5,2,1,7,2,1,9,4,4,2,13,2,25,3,10,1,1,7,9,1,10,1,13,,44,,1,21,8,121.5748458,25.0374874
112,6,18,1,55,2,09北投區,北投區承德路7段與公館路口,0,0,3,1,C03,8,3,5,60,4,1,1,5,4,5,7,2,1,1,4,4,2,16,1,18,2,9,1,1,7,6,1,10,1,12,,9,,1,22,9,121.5016458,25.11950732
112,6,18,1,55,2,09北投區,北投區承德路7段與公館路口,0,0,3,3,H02,8,3,5,60,4,1,1,5,4,5,7,2,1,1,4,4,2,16,2,19,2,9,1,5,7,20,8,20,10,16,,67,,1,22,9,121.5016458,25.11950732
112,6,18,1,55,2,09北投區,北投區承德路7段與公館路口,0,0,3,2,C03,8,3,5,60,4,1,1,5,4,5,7,2,1,1,4,4,2,16,1,33,2,9,1,1,7,9,1,10,1,14,,44,,1,22,9,121.5016458,25.11950732
112,6,18,2,31,2,04大安區,大安區建國南路1段65巷與建國南路1段口,0,0,1,1,B01,8,3,5,50,5,1,1,5,4,5,7,2,1,1,4,5,2,17,1,60,3,10,1,1,7,9,1,4,1,1,,44,,1,22,9,121.5368584,25.0437004
112,6,18,2,31,2,04大安區,大安區建國南路1段65巷與建國南路1段口,0,0,1,2,C03,8,3,5,50,5,1,1,5,4,5,7,2,1,1,4,5,2,17,1,22,2,9,1,1,7,5,1,10,1,13,,44,,1,22,9,121.5368584,25.0437004
112,6,18,5,25,2,06松山區,松山區濱江街863號旁,0,0,2,3,H02,8,1,5,50,14,8,1,5,4,5,7,4,4,1,5,4,2,13,2,22,2,9,4,5,7,17,8,20,10,16,,67,,1,22,9,121.5609495,25.07087345
112,6,18,5,25,2,06松山區,松山區濱江街863號旁,0,0,2,2,A05,8,1,5,50,14,8,1,5,4,5,7,4,4,1,5,4,2,13,1,50,3,10,1,1,7,13,1,1,11,3,,44,,1,22,9,121.5609495,25.07087345
112,6,18,5,25,2,06松山區,松山區濱江街863號旁,0,0,2,1,B02,8,1,5,50,14,8,1,5,4,5,7,4,4,1,5,4,2,13,1,22,2,9,1,1,7,8,1,8,2,1,,42,,1,22,9,121.5609495,25.07087345
112,6,18,6,20,2,04大安區,大安區敦化南路1段與安和路1段口,0,0,1,1,C03,8,1,5,50,3,2,1,5,4,5,7,1,1,1,4,5,2,16,1,50,4,11,3,4,7,8,7,19,11,15,,7,,2,22,9,121.5491325,25.0398163
112,6,18,6,20,2,04大安區,大安區敦化南路1段與安和路1段口,0,0,1,2,C03,8,1,5,50,3,2,1,5,4,5,7,1,1,1,4,5,2,16,2,25,2,7,1,1,7,9,1,10,1,14,,44,,1,22,9,121.5491325,25.0398163
112,6,18,8,2,2,04大安區,大安區敦化南路1段190巷與忠孝東路4段101巷口,0,0,2,1,B01,8,1,5,30,4,2,1,5,4,5,7,4,4,8,3,5,2,17,1,66,3,10,1,1,7,6,1,8,1,8,,6,,1,22,9,121.5480871,25.0426034
112,6,18,8,2,2,04大安區,大安區敦化南路1段190巷與忠孝東路4段101巷口,0,0,2,3,H02,8,1,5,30,4,2,1,5,4,5,7,4,4,8,3,5,2,17,1,33,2,9,1,1,7,20,8,20,10,16,,67,,1,22,9,121.5480871,25.0426034
112,6,18,8,2,2,04大安區,大安區敦化南路1段190巷與忠孝東路4段101巷口,0,0,2,2,C03,8,1,5,30,4,2,1,5,4,5,7,4,4,8,3,5,2,17,2,21,2,9,1,1,7,9,1,10,1,12,,42,,1,22,9,121.5480871,25.0426034
112,6,18,8,35,2,01大同區,大同區承德橋往士林方向(007橋墩處),0,0,2,1,F01,8,1,5,0,8,11,1,5,4,5,7,4,4,9,4,5,2,17,1,58,2,9,1,1,7,15,8,20,1,16,,42,,1,22,9,121.5209128,25.07724237
112,6,18,8,35,2,01大同區,大同區承德橋往士林方向(007橋墩處),0,0,2,2,C03,8,1,5,0,8,11,1,5,4,5,7,4,4,9,4,5,2,17,1,46,2,9,1,1,7,9,1,10,1,11,,23,,1,22,9,121.5209128,25.07724237
112,6,18,8,44,2,02萬華區,萬華區長沙街2段與西昌街口口,0,0,4,1,C03,8,1,5,50,4,1,1,5,4,5,7,1,1,10,5,5,2,15,1,43,2,7,3,4,7,9,1,10,1,11,,44,,1,22,9,121.5007161,25.04096091
112,6,18,8,44,2,02萬華區,萬華區長沙街2段與西昌街口口,0,0,4,2,C03,8,1,5,50,4,1,1,5,4,5,7,1,1,10,5,5,2,15,2,41,2,4,1,4,7,9,1,10,1,14,,25,,1,22,9,121.5007161,25.04096091
112,6,18,8,44,2,02萬華區,萬華區長沙街2段與西昌街口口,0,0,4,3,H02,8,1,5,50,4,1,1,5,4,5,7,1,1,10,5,5,2,15,1,9,2,9,1,5,7,20,8,20,10,16,,67,,1,22,9,121.5007161,25.04096091
112,6,18,8,44,2,02萬華區,萬華區長沙街2段與西昌街口口,0,0,4,4,H02,8,1,5,50,4,1,1,5,4,5,7,1,1,10,5,5,2,15,2,8,2,9,1,5,7,20,8,20,10,16,,67,,1,22,9,121.5007161,25.04096091
112,6,18,8,48,2,12內湖區,內湖區陽光街與陽光街161巷口,0,0,2,1,C03,8,1,5,50,4,1,1,5,4,5,7,2,1,5,4,5,2,12,2,53,2,7,1,1,7,1,1,10,1,14,,19,,1,22,9,121.5851826,25.07503883
112,6,18,8,48,2,12內湖區,內湖區陽光街與陽光街161巷口,0,0,2,2,C03,8,1,5,50,4,1,1,5,4,5,7,2,1,5,4,5,2,12,2,59,2,9,1,1,7,9,1,10,1,12,,23,,1,22,9,121.5851826,25.07503883
112,6,18,9,0,2,08士林區,士林區中山北路5段與劍潭路口,0,0,2,1,C03,8,1,5,50,3,2,1,5,4,5,7,1,1,4,4,5,2,13,1,18,2,9,1,1,7,9,1,10,1,11,,16,,1,22,9,121.5253782,25.08436975
112,6,18,9,0,2,08士林區,士林區中山北路5段與劍潭路口,0,0,2,2,C03,8,1,5,50,3,2,1,5,4,5,7,1,1,4,4,5,2,13,2,66,2,9,1,1,7,9,4,8,1,13,,44,,1,22,9,121.5253782,25.08436975
112,6,18,9,19,2,10文山區,文山區興隆路4段49-1號,0,0,1,1,C03,8,1,5,50,14,9,1,5,4,5,7,4,4,1,4,5,2,16,2,65,2,9,3,4,7,7,3,18,1,14,,7,,1,22,9,121.5595377,24.9901884
112,6,18,9,19,2,10文山區,文山區興隆路4段49-1號,0,0,1,2,B03,8,1,5,50,14,9,1,5,4,5,7,4,4,1,4,5,2,16,1,55,3,10,3,4,7,9,1,8,2,2,,42,,1,22,9,121.5595377,24.9901884
112,6,18,9,37,2,01大同區,大同區重慶北路3段120巷與重慶北路3段口,0,0,2,1,C03,8,1,5,0,14,9,1,5,4,5,7,1,3,9,4,5,1,16,1,46,2,9,3,4,7,6,1,10,1,12,,9,,1,22,9,121.5135956,25.06727061
112,6,18,9,37,2,01大同區,大同區重慶北路3段120巷與重慶北路3段口,0,0,2,2,C03,8,1,5,0,14,9,1,5,4,5,7,1,3,9,4,5,1,16,1,25,2,9,3,4,7,9,1,10,1,11,,23,,1,22,9,121.5135956,25.06727061
112,6,18,9,45,2,09北投區,北投區中央北路1段2號與中央北路1段口,0,0,1,2,B03,8,3,5,50,4,1,1,5,4,5,7,3,1,9,5,3,2,16,2,57,3,10,1,1,7,9,1,8,1,1,,14,,1,22,9,121.5015025,25.13349107
112,6,18,9,45,2,09北投區,北投區中央北路1段2號與中央北路1段口,0,0,1,1,C03,8,3,5,50,4,1,1,5,4,5,7,3,1,9,5,3,2,16,2,45,2,9,2,1,7,5,1,10,1,13,,6,,1,22,9,121.5015025,25.13349107
112,6,18,10,24,2,05中正區,中正區林森南路1號,0,0,1,1,B01,8,1,5,50,14,9,1,5,4,5,7,4,4,5,4,5,2,13,1,62,3,10,1,1,7,14,1,8,1,7,,44,,1,22,9,121.523294,25.0444024
112,6,18,10,24,2,05中正區,中正區林森南路1號,0,0,1,2,C03,8,1,5,50,14,9,1,5,4,5,7,4,4,5,4,5,2,13,2,18,2,8,1,1,7,9,1,10,1,11,,23,,1,22,9,121.523294,25.0444024
112,6,18,10,47,2,05中正區,中正區金山南路1段129巷與金山南路1段口口,0,0,1,1,B03,8,1,5,50,3,2,1,5,4,5,7,4,4,9,4,4,1,16,2,31,3,10,1,1,7,1,1,8,2,8,,19,,1,21,5,121.5275814,25.0354609
112,6,18,10,47,2,05中正區,中正區金山南路1段129巷與金山南路1段口口,0,0,1,2,C04,8,1,5,50,3,2,1,5,4,5,7,4,4,9,4,4,1,16,1,52,2,9,1,1,7,6,1,10,2,12,,44,,1,21,5,121.5275814,25.0354609
112,6,18,11,20,2,03中山區,中山區林森北路與新生北路3段56巷口,0,0,2,1,C03,8,1,5,50,4,2,1,5,4,5,7,4,4,5,4,5,1,17,1,42,2,8,1,1,7,5,1,10,1,14,,8,,1,22,9,121.5256824,25.06539105
112,6,18,11,20,2,03中山區,中山區林森北路與新生北路3段56巷口,0,0,2,2,C03,8,1,5,50,4,2,1,5,4,5,7,4,4,5,4,5,1,17,2,43,2,9,1,1,7,9,4,8,1,12,,44,,1,22,9,121.5256824,25.06539105
112,6,18,11,29,2,03中山區,中山區龍江路與龍江路387巷口,0,0,2,3,H01,8,1,5,50,4,2,1,5,4,5,7,4,4,9,4,5,1,9,2,8,2,8,4,5,8,16,8,20,11,16,,67,,1,22,9,121.5409517,25.0651604
112,6,18,11,29,2,03中山區,中山區龍江路與龍江路387巷口,0,0,2,1,C03,8,1,5,50,4,2,1,5,4,5,7,4,4,9,4,5,1,9,1,75,4,11,3,4,7,15,7,19,11,15,,15,,2,22,9,121.5409517,25.0651604
112,6,18,11,29,2,03中山區,中山區龍江路與龍江路387巷口,0,0,2,2,H01,8,1,5,50,4,2,1,5,4,5,7,4,4,9,4,5,1,9,2,5,2,1,4,5,8,16,8,20,11,16,,67,,1,22,9,121.5409517,25.0651604
112,6,18,11,30,2,02萬華區,萬華區西園路1段與桂林路口,0,0,1,1,B03,8,1,5,50,4,1,1,5,4,5,7,1,1,4,3,5,2,12,1,35,3,10,1,1,7,6,1,8,1,5,,9,,1,22,9,121.4992353,25.0356383
112,6,18,11,30,2,02萬華區,萬華區西園路1段與桂林路口,0,0,1,2,C03,8,1,5,50,4,1,1,5,4,5,7,1,1,4,3,5,2,12,1,21,2,9,1,1,7,9,1,10,1,14,,44,,1,22,9,121.4992353,25.0356383
112,6,18,11,43,2,08士林區,士林區社中街32號,0,0,2,1,C03,8,1,5,50,14,9,1,5,4,5,7,4,4,10,5,5,1,9,1,38,2,9,1,1,7,4,1,10,2,12,,23,,1,22,9,121.5100217,25.08794214
112,6,18,11,43,2,08士林區,士林區社中街32號,0,0,2,2,H01,8,1,5,50,14,9,1,5,4,5,7,4,4,10,5,5,1,9,2,24,2,9,4,5,8,16,8,20,10,16,,67,,1,22,9,121.5100217,25.08794214
112,6,18,12,0,2,12內湖區,內湖區內湖路1段737巷6號,0,0,1,1,C03,8,1,5,30,4,1,1,5,4,5,7,4,4,9,5,5,2,3,1,28,3,10,1,1,7,6,1,10,2,12,,23,,1,22,9,121.5784712,25.07935564
112,6,18,12,0,2,12內湖區,內湖區內湖路1段737巷6號,0,0,1,2,H01,8,1,5,30,4,1,1,5,4,5,7,4,4,9,5,5,2,3,1,78,2,9,2,1,8,16,8,20,2,16,,67,,1,22,9,121.5784712,25.07935564
112,6,18,12,30,2,09北投區,北投區明德路與榮華三路口,0,0,2,1,B03,8,1,5,50,5,1,1,5,4,5,7,3,1,9,1,5,2,12,1,48,3,10,3,4,7,6,1,8,1,5,,9,,1,22,9,121.5222543,25.1140258
112,6,18,12,30,2,09北投區,北投區明德路與榮華三路口,0,0,2,2,C03,8,1,5,50,5,1,1,5,4,5,7,3,1,9,1,5,2,12,2,37,2,9,3,4,7,9,1,10,1,14,,44,,1,22,9,121.5222543,25.1140258
112,6,18,12,30,2,09北投區,北投區明德路與榮華三路口,0,0,2,3,H03,8,1,5,50,5,1,1,5,4,5,7,3,1,9,1,5,2,12,1,0,2,9,4,5,8,20,8,20,10,16,,67,,1,22,9,121.5222543,25.1140258
112,6,18,12,50,2,07信義區,信義區中坡北路17號,0,0,1,1,F06,8,1,5,50,14,9,1,5,4,5,7,2,1,1,4,1,2,16,2,16,2,9,4,1,7,7,8,20,1,16,,42,,1,22,9,121.5810372,25.0448434
112,6,18,12,50,2,07信義區,信義區中坡北路17號,0,0,1,2,B03,8,1,5,50,14,9,1,5,4,5,7,2,1,1,4,1,2,16,1,39,3,10,1,1,7,6,1,8,1,2,,9,,1,22,9,121.5810372,25.0448434
112,6,18,13,10,2,10文山區,文山區指南路3段電燈桿指南二幹18AB7227,0,0,1,1,C03,8,1,5,30,14,9,1,5,4,5,7,4,4,10,5,5,1,18,1,20,2,8,1,1,7,9,1,10,1,14,,42,,1,22,9,121.5928331,24.97423319
112,6,18,13,10,2,10文山區,文山區指南路3段電燈桿指南二幹18AB7227,0,0,1,2,,8,1,5,30,14,9,1,5,4,5,7,4,4,10,5,5,1,18,3,0,,,,,,,,,,,,67,,1,,,121.5928331,24.97423319
112,6,18,13,39,2,03中山區,中山區北安路621巷與大直街127巷口,0,0,2,3,H02,8,1,5,30,4,1,1,5,4,5,7,4,4,10,5,5,2,17,2,22,2,9,1,5,7,20,8,20,10,16,,67,,1,22,9,121.5485939,25.0829453
112,6,18,13,39,2,03中山區,中山區北安路621巷與大直街127巷口,0,0,2,2,C03,8,1,5,30,4,1,1,5,4,5,7,4,4,10,5,5,2,17,1,23,2,9,1,4,7,9,1,10,1,12,,44,,1,22,9,121.5485939,25.0829453
112,6,18,13,39,2,03中山區,中山區北安路621巷與大直街127巷口,0,0,2,1,B03,8,1,5,30,4,1,1,5,4,5,7,4,4,10,5,5,2,17,1,64,3,10,3,4,7,15,1,8,1,8,,40,,1,22,9,121.5485939,25.0829453