發生年度,發生月,發生日,發生時-Hours,發生分,處理別-編號,區序,肇事地點,死亡人數,2-30日死亡人數,受傷人數,當事人序號,車種,天候,光線,道路類別,速限-速度限制,道路型態,事故位置,路面狀況1,路面狀況2,路面狀況3,道路障礙1,道路障礙2,號誌1,號誌2,車道劃分-分向,車道劃分-分道1,車道劃分-分道2,車道劃分-分道3,事故類型及型態,性別,年齡,受傷程度,主要傷處,保護裝置,行動電話,車輛用途,當事者行動狀態,駕駛資格情形,駕駛執照種類,飲酒情形,車輛撞擊部位1,車輛撞擊部位2,肇因碼-個別,肇因碼-主要,個人肇逃否,職業,旅次目的,座標-X,座標-Y
112,6,18,14,8,2,10文山區,文山區興隆路2段321號,0,0,1,1,F03,8,1,5,50,14,9,1,5,4,5,7,4,4,3,4,5,2,12,2,67,2,8,1,1,7,9,8,20,2,16,,16,,1,22,9,121.5537797,25.0011835
112,6,18,14,8,2,10文山區,文山區興隆路2段321號,0,0,1,2,C01,8,1,5,50,14,9,1,5,4,5,7,4,4,3,4,5,2,12,1,33,3,10,1,1,7,12,1,9,2,13,,44,,1,22,9,121.5537797,25.0011835
112,6,18,14,23,2,04大安區,大安區復興南路1段177巷與復興南路1段口,0,0,2,1,C03,8,1,5,30,13,20,4,5,4,5,7,4,4,10,5,5,1,15,2,67,2,7,1,1,7,9,6,18,1,11,,43,,1,22,9,121.5438682,25.04084115
112,6,18,14,23,2,04大安區,大安區復興南路1段177巷與復興南路1段口,0,0,2,2,F01,8,1,5,30,13,20,4,5,4,5,7,4,4,10,5,5,1,15,2,44,2,1,2,1,7,9,8,20,1,16,,43,,1,22,9,121.5438682,25.04084115
112,6,18,14,36,2,09北投區,北投區中央北路4段與中央北路4段316巷口,0,0,2,1,C03,8,1,5,50,3,1,1,5,4,5,7,1,1,9,4,5,1,16,1,27,3,10,1,1,7,5,1,10,1,14,,8,,1,22,9,121.4727386,25.1308311
112,6,18,14,36,2,09北投區,北投區中央北路4段與中央北路4段316巷口,0,0,2,2,C03,8,1,5,50,3,1,1,5,4,5,7,1,1,9,4,5,1,16,1,24,2,9,1,1,7,9,1,10,1,11,,43,,1,22,9,121.4727386,25.1308311
112,6,18,14,36,2,09北投區,北投區中央北路4段與中央北路4段316巷口,0,0,2,3,H02,8,1,5,50,3,1,1,5,4,5,7,1,1,9,4,5,1,16,2,28,2,9,1,1,7,20,8,20,10,16,,67,,1,22,9,121.4727386,25.1308311
112,6,18,14,38,2,08士林區,士林區仰德大道3段與仰德大道3段125巷口,0,0,1,1,B03,8,1,5,40,3,2,1,5,4,5,7,2,1,8,5,5,1,17,1,20,3,10,1,1,7,5,1,8,2,2,,6,,1,22,9,121.5516336,25.1226747
112,6,18,14,38,2,08士林區,士林區仰德大道3段與仰德大道3段125巷口,0,0,1,2,C03,8,1,5,40,3,2,1,5,4,5,7,2,1,8,5,5,1,17,1,25,2,9,1,1,7,9,1,10,2,11,,23,,1,22,9,121.5516336,25.1226747
112,6,18,15,4,2,03中山區,中山區敬業三路與樂群三路口,0,0,1,2,C03,8,1,5,50,4,1,1,5,4,5,7,1,1,1,4,5,2,12,2,24,2,7,1,1,7,6,1,10,1,14,,,,1,22,9,121.5564219,25.08257915
112,6,18,15,4,2,03中山區,中山區敬業三路與樂群三路口,0,0,1,1,B03,8,1,5,50,4,1,1,5,4,5,7,1,1,1,4,5,2,12,1,47,3,10,1,1,7,6,1,8,1,6,,,,1,22,9,121.5564219,25.08257915
112,6,18,15,7,2,02萬華區,萬華區西昌街98號,0,0,2,2,C03,8,1,5,50,14,9,1,5,4,5,7,4,4,8,3,5,2,3,1,29,2,9,1,1,7,9,1,10,1,11,,23,,1,22,9,121.5006917,25.0404916
112,6,18,15,7,2,02萬華區,萬華區西昌街98號,0,0,2,1,H01,8,1,5,50,14,9,1,5,4,5,7,4,4,8,3,5,2,3,2,15,2,9,4,5,8,18,8,20,10,16,,51,,1,22,9,121.5006917,25.0404916
112,6,18,15,15,2,12內湖區,內湖區成功路5段與成功路5段420巷口,0,0,1,2,B03,8,1,5,50,3,1,1,5,4,5,7,2,1,1,2,5,2,16,1,40,3,10,1,1,7,1,1,8,1,5,,44,,1,22,9,121.6072333,25.0756302
112,6,18,15,15,2,12內湖區,內湖區成功路5段與成功路5段420巷口,0,0,1,1,C03,8,1,5,50,3,1,1,5,4,5,7,2,1,1,2,5,2,16,1,41,2,9,1,1,7,5,1,10,1,14,,8,,1,22,9,121.6072333,25.0756302
112,6,18,15,41,2,06松山區,松山區三民路167巷16號,0,0,2,2,C03,8,1,5,30,13,9,1,5,4,3,5,4,4,10,5,5,2,16,2,33,2,9,1,1,7,9,1,10,1,11,,44,,1,22,9,121.5621323,25.0617065
112,6,18,15,41,2,06松山區,松山區三民路167巷16號,0,0,2,1,F01,8,1,5,30,13,9,1,5,4,3,5,4,4,10,5,5,2,16,1,11,2,9,3,1,7,1,8,20,1,16,,19,,1,22,9,121.5621323,25.0617065
112,6,18,16,0,2,03中山區,中山區一江街與松江路108巷口,0,0,2,2,B03,8,1,5,30,4,1,1,5,4,5,7,4,4,5,4,5,2,15,1,46,3,10,3,4,7,9,1,8,1,8,,44,,1,22,9,121.5314896,25.0514406
112,6,18,16,0,2,03中山區,中山區一江街與松江路108巷口,0,0,2,3,H02,8,1,5,30,4,1,1,5,4,5,7,4,4,5,4,5,2,15,2,59,2,7,1,5,7,20,8,20,10,16,,67,,1,22,9,121.5314896,25.0514406
112,6,18,16,0,2,03中山區,中山區一江街與松江路108巷口,0,0,2,1,C03,8,1,5,30,4,1,1,5,4,5,7,4,4,5,4,5,2,15,1,71,2,9,1,4,7,9,1,10,1,12,,6,,1,22,9,121.5314896,25.0514406
112,6,18,16,15,2,02萬華區,萬華區西藏路與中華路2段300巷13弄口,0,0,1,1,B12,8,1,5,50,3,1,1,5,4,5,7,4,4,1,4,5,2,17,1,44,3,10,1,4,7,6,1,8,1,5,,9,,1,22,9,121.5036156,25.0298564
112,6,18,16,15,2,02萬華區,萬華區西藏路與中華路2段300巷13弄口,0,0,1,2,C03,8,1,5,50,3,1,1,5,4,5,7,4,4,1,4,5,2,17,2,30,2,9,1,4,7,9,1,10,1,14,,14,,1,22,9,121.5036156,25.0298564
112,6,18,16,35,2,03中山區,中山區建國北路1段與八德路2段口,0,0,1,2,C03,8,1,5,50,4,1,1,5,4,5,7,1,1,1,4,5,2,17,2,44,2,9,1,1,7,9,5,18,1,11,,44,,1,22,9,121.5364054,25.045955
112,6,18,16,35,2,03中山區,中山區建國北路1段與八德路2段口,0,0,1,1,C04,8,1,5,50,4,1,1,5,4,5,7,1,1,1,4,5,2,17,2,28,3,10,1,1,7,14,1,10,1,13,,44,,1,22,9,121.5364054,25.045955
112,6,18,16,46,2,09北投區,北投區承德路7段與石牌路1段口,0,0,1,3,B03,8,1,5,50,3,2,1,5,4,5,7,1,1,3,2,3,2,12,1,25,3,10,3,4,7,9,1,8,2,5,,44,,1,22,9,121.5093601,25.11258872
112,6,18,16,46,2,09北投區,北投區承德路7段與石牌路1段口,0,0,1,1,B12,8,1,5,50,3,2,1,5,4,5,7,1,1,3,2,3,2,12,1,39,3,10,3,4,7,9,1,8,2,8,,25,,1,22,9,121.5093601,25.11258872
112,6,18,16,46,2,09北投區,北投區承德路7段與石牌路1段口,0,0,1,2,C03,8,1,5,50,3,2,1,5,4,5,7,1,1,3,2,3,2,12,1,22,2,9,3,4,7,9,1,10,2,12,,44,,1,22,9,121.5093601,25.11258872
112,6,18,17,15,2,04大安區,大安區復興南路2段329號,0,0,2,1,B03,8,1,5,50,14,9,1,5,4,5,7,4,4,8,5,5,2,11,1,50,3,10,1,1,7,8,1,8,1,5,,7,,1,22,9,121.5434855,25.0238078
112,6,18,17,15,2,04大安區,大安區復興南路2段329號,0,0,2,3,H02,8,1,5,50,14,9,1,5,4,5,7,4,4,8,5,5,2,11,2,18,2,8,1,5,7,20,8,20,10,16,,67,,1,22,9,121.5434855,25.0238078
112,6,18,17,15,2,04大安區,大安區復興南路2段329號,0,0,2,2,C03,8,1,5,50,14,9,1,5,4,5,7,4,4,8,5,5,2,11,1,48,2,7,1,1,7,9,1,10,1,14,,44,,1,22,9,121.5434855,25.0238078
112,6,18,17,17,2,08士林區,士林區天母北路10號,0,0,1,1,C02,8,1,5,50,14,9,1,5,4,5,7,4,4,9,5,5,2,16,1,43,2,8,3,4,7,11,1,9,1,14,,10,,1,22,9,121.5263424,25.11943477
112,6,18,17,17,2,08士林區,士林區天母北路10號,0,0,1,2,C03,8,1,5,50,14,9,1,5,4,5,7,4,4,9,5,5,2,16,1,18,3,10,3,4,7,9,1,10,1,11,,44,,1,22,9,121.5263424,25.11943477
112,6,18,17,24,2,01大同區,大同區鄭州路與西寧北路口,0,0,2,1,C03,7,1,5,50,4,1,1,5,4,5,7,2,1,1,4,5,2,17,1,19,2,9,1,4,7,5,3,18,2,12,,25,,1,22,9,121.5080843,25.0504294
112,6,18,17,24,2,01大同區,大同區鄭州路與西寧北路口,0,0,2,2,C03,7,1,5,50,4,1,1,5,4,5,7,2,1,1,4,5,2,17,1,30,2,9,1,4,7,9,1,10,2,11,,44,,1,22,9,121.5080843,25.0504294
112,6,18,17,55,2,06松山區,松山區長春路355號對面(人行道),0,0,1,1,B03,8,1,5,50,15,20,1,5,4,5,7,4,4,10,4,5,2,14,2,32,3,10,1,4,7,2,1,8,1,6,,12,,1,22,9,121.5454024,25.05452727
112,6,18,17,55,2,06松山區,松山區長春路355號對面(人行道),0,0,1,2,F01,8,1,5,50,15,20,1,5,4,5,7,4,4,10,4,5,2,14,2,75,2,9,3,4,7,9,8,20,1,16,,42,,1,22,9,121.5454024,25.05452727
112,6,18,18,40,2,05中正區,中正區金山南路1段與銅山街口,0,0,1,2,C03,8,2,5,50,3,2,1,5,4,5,7,1,1,1,4,5,2,13,1,55,3,10,1,1,7,14,1,9,2,13,,44,,1,22,9,121.5287218,25.0396446
112,6,18,18,40,2,05中正區,中正區金山南路1段與銅山街口,0,0,1,3,H02,8,2,5,50,3,2,1,5,4,5,7,1,1,1,4,5,2,13,2,53,2,8,1,5,7,20,8,20,10,16,,67,,1,22,9,121.5287218,25.0396446
112,6,18,18,40,2,05中正區,中正區金山南路1段與銅山街口,0,0,1,1,B03,8,2,5,50,3,2,1,5,4,5,7,1,1,1,4,5,2,13,1,45,3,10,1,1,7,9,1,6,2,5,,23,,1,22,9,121.5287218,25.0396446
112,6,18,18,53,2,02萬華區,萬華區漢中街與內江街口,0,0,1,1,B01,8,3,5,50,3,1,1,5,4,5,7,2,1,9,4,5,2,17,1,68,3,10,1,1,7,8,1,4,1,5,,7,,1,22,9,121.5069392,25.0414015
112,6,18,18,53,2,02萬華區,萬華區漢中街與內江街口,0,0,1,2,C03,8,3,5,50,3,1,1,5,4,5,7,2,1,9,4,5,2,17,2,55,2,8,1,1,7,9,1,10,1,14,,44,,1,22,9,121.5069392,25.0414015
112,6,18,19,42,2,03中山區,中山區民生東路1段與林森北路口,0,0,1,1,B03,8,3,5,50,4,1,1,5,4,5,7,1,1,4,3,5,1,16,1,56,3,10,1,1,7,5,3,18,2,8,,60,,1,22,9,121.5255063,25.0580407
112,6,18,19,42,2,03中山區,中山區民生東路1段與林森北路口,0,0,1,2,C03,8,3,5,50,4,1,1,5,4,5,7,1,1,4,3,5,1,16,1,64,2,9,1,1,7,9,1,10,2,14,,25,,1,22,9,121.5255063,25.0580407
112,6,18,20,14,2,04大安區,大安區復興南路2段與復興南路2段210巷口,0,0,1,1,B03,8,3,5,50,4,1,1,5,4,5,7,2,1,1,4,5,2,17,1,23,4,11,3,4,7,15,7,19,11,15,,10,,2,22,9,121.5433709,25.02653448
112,6,18,20,14,2,04大安區,大安區復興南路2段與復興南路2段210巷口,0,0,1,2,C03,8,3,5,50,4,1,1,5,4,5,7,2,1,1,4,5,2,17,1,19,2,9,1,1,7,9,1,10,1,15,,23,,1,21,8,121.5433709,25.02653448
112,6,18,21,31,2,03中山區,中山區中山北路2段與民生東路1段口,0,0,1,2,C03,8,1,5,50,4,1,1,5,4,5,7,1,1,5,4,5,2,17,1,18,2,9,3,4,7,6,1,10,2,13,,,,1,18,5,121.523029,25.058017
112,6,18,21,31,2,03中山區,中山區中山北路2段與民生東路1段口,0,0,1,1,C03,8,1,5,50,4,1,1,5,4,5,7,1,1,5,4,5,2,17,1,26,4,11,3,4,7,15,7,19,11,15,,,,2,22,9,121.523029,25.058017
112,6,18,21,34,2,02萬華區,萬華區艋舺大道167號,0,0,1,2,B01,8,3,5,50,14,9,1,5,4,5,7,4,4,1,4,5,2,17,1,37,3,10,1,1,7,6,1,4,1,6,,44,,1,22,9,121.4994562,25.03304123
112,6,18,21,34,2,02萬華區,萬華區艋舺大道167號,0,0,1,1,C03,8,3,5,50,14,9,1,5,4,5,7,4,4,1,4,5,2,17,1,28,2,9,1,1,7,9,1,10,1,14,,42,,1,22,9,121.4994562,25.03304123
112,6,18,21,40,2,06松山區,松山區南京東路5段與南京東路5段331巷口,0,0,2,1,C03,8,3,5,50,3,2,1,5,4,5,7,4,4,3,4,5,2,13,2,28,2,8,1,1,7,8,1,10,1,11,,23,,1,22,9,121.5674304,25.0514232
112,6,18,21,40,2,06松山區,松山區南京東路5段與南京東路5段331巷口,0,0,2,2,C03,8,3,5,50,3,2,1,5,4,5,7,4,4,3,4,5,2,13,1,37,2,8,1,1,7,8,1,10,1,13,,44,,1,22,9,121.5674304,25.0514232
112,6,18,21,58,2,05中正區,中正區南昌路1段與重慶南路2段7巷口,0,0,1,1,B03,8,3,5,50,4,1,4,5,4,5,7,4,4,10,4,5,2,15,2,50,2,1,1,1,7,9,1,8,2,8,,6,,1,22,9,121.5148835,25.03429644
112,6,18,21,58,2,05中正區,中正區南昌路1段與重慶南路2段7巷口,0,0,1,2,B03,8,3,5,50,4,1,4,5,4,5,7,4,4,10,4,5,2,15,1,40,3,10,1,1,7,9,1,8,2,5,,44,,1,22,9,121.5148835,25.03429644
112,6,18,22,0,2,03中山區,中山區長安東路1段99號,0,0,1,1,B01,8,3,5,50,11,9,1,5,4,5,7,4,4,5,4,5,2,13,1,68,3,10,3,4,7,8,1,4,1,3,,7,,1,22,9,121.5291146,25.0481662
112,6,18,22,0,2,03中山區,中山區長安東路1段99號,0,0,1,2,C03,8,3,5,50,11,9,1,5,4,5,7,4,4,5,4,5,2,13,1,40,2,9,1,4,7,9,1,10,1,11,,23,,1,22,9,121.5291146,25.0481662
112,6,18,22,16,2,03中山區,中山區龍江路298巷與合江街口,0,0,3,1,B03,8,3,5,30,3,1,1,5,4,5,7,4,4,10,3,5,2,11,1,40,3,10,1,1,7,9,1,8,2,1,,6,,1,22,9,121.5392736,25.061812
112,6,18,22,16,2,03中山區,中山區龍江路298巷與合江街口,0,0,3,3,,8,3,5,30,3,1,1,5,4,5,7,4,4,10,3,5,2,11,3,0,,,,,,,,,,,,67,,1,,,121.5392736,25.061812
112,6,18,22,16,2,03中山區,中山區龍江路298巷與合江街口,0,0,3,5,H02,8,3,5,30,3,1,1,5,4,5,7,4,4,10,3,5,2,11,2,24,2,9,3,5,7,21,8,20,10,16,,67,,1,22,9,121.5392736,25.061812
112,6,18,22,16,2,03中山區,中山區龍江路298巷與合江街口,0,0,3,4,H02,8,3,5,30,3,1,1,5,4,5,7,4,4,10,3,5,2,11,2,24,2,9,3,5,7,21,8,20,10,15,,67,,1,22,9,121.5392736,25.061812
112,6,18,22,16,2,03中山區,中山區龍江路298巷與合江街口,0,0,3,2,B03,8,3,5,30,3,1,1,5,4,5,7,4,4,10,3,5,2,11,2,24,2,9,1,1,7,9,1,8,2,6,,44,,1,22,9,121.5392736,25.061812
112,6,18,22,46,2,03中山區,中山區北安路與北安路458巷41弄口,0,0,1,1,B01,8,3,5,50,5,1,1,5,4,5,7,1,1,4,3,5,1,16,1,29,3,10,1,1,7,5,1,4,2,8,,8,,1,22,9,121.5470176,25.0798833
112,6,18,22,46,2,03中山區,中山區北安路與北安路458巷41弄口,0,0,1,2,C03,8,3,5,50,5,1,1,5,4,5,7,1,1,4,3,5,1,16,1,23,2,9,1,1,7,9,1,10,2,11,,44,,1,22,9,121.5470176,25.0798833
112,6,18,22,50,2,05中正區,中正區和平西路1段與泉州街口,0,0,1,2,C03,8,3,5,50,5,1,1,5,4,5,7,1,1,1,4,5,2,12,2,21,2,9,1,1,7,5,1,10,1,13,,8,,1,22,9,121.5148977,25.0276398
112,6,18,22,50,2,05中正區,中正區和平西路1段與泉州街口,0,0,1,1,B03,8,3,5,50,5,1,1,5,4,5,7,1,1,1,4,5,2,12,1,43,3,10,1,1,7,9,1,8,1,1,,44,,1,22,9,121.5148977,25.0276398
112,6,18,23,11,2,09北投區,北投區立德路2號,0,0,2,2,C03,7,3,5,50,14,9,1,5,4,5,7,4,4,5,4,5,2,17,1,22,2,9,1,1,7,9,1,10,1,11,,23,,1,22,9,121.4718174,25.1234573
112,6,18,23,11,2,09北投區,北投區立德路2號,0,0,2,1,C03,7,3,5,50,14,9,1,5,4,5,7,4,4,5,4,5,2,17,2,23,2,9,1,1,7,5,1,10,1,14,,8,,1,22,9,121.4718174,25.1234573
112,6,18,23,49,2,10文山區,文山區木柵路2段141號前,0,0,1,2,C03,8,3,5,50,14,9,1,5,4,5,7,4,4,4,3,5,2,16,1,28,2,9,1,1,7,9,1,10,2,11,,13,,1,22,9,121.5626588,24.9889817
112,6,18,23,49,2,10文山區,文山區木柵路2段141號前,0,0,1,1,C03,8,3,5,50,14,9,1,5,4,5,7,4,4,4,3,5,2,16,1,21,3,10,1,1,7,11,1,10,2,12,,26,,1,22,9,121.5626588,24.9889817
112,6,19,6,0,2,02萬華區,萬華區堤外便道與富民路口水門口,0,0,1,1,B12,7,1,5,30,3,2,1,5,4,5,7,4,4,10,3,5,1,17,2,58,3,10,3,4,7,6,1,8,1,15,,6,,1,22,9,121.500721,25.01728989
112,6,19,6,0,2,02萬華區,萬華區堤外便道與富民路口水門口,0,0,1,2,C03,7,1,5,30,3,2,1,5,4,5,7,4,4,10,3,5,1,17,1,25,2,9,3,4,7,9,1,10,1,15,,44,,1,22,9,121.500721,25.01728989
112,6,19,6,7,2,01大同區,大同區承德路3段與民族西路口,0,0,3,1,C03,8,1,5,50,4,1,1,5,4,5,7,2,1,1,4,5,2,12,1,18,2,8,1,1,7,7,1,10,1,12,,7,,1,22,9,121.5183433,25.06854324
112,6,19,6,7,2,01大同區,大同區承德路3段與民族西路口,0,0,3,2,C03,8,1,5,50,4,1,1,5,4,5,7,2,1,1,4,5,2,12,1,28,2,9,1,1,7,9,1,10,1,11,,44,,1,22,9,121.5183433,25.06854324
112,6,19,6,7,2,01大同區,大同區承德路3段與民族西路口,0,0,3,3,H02,8,1,5,50,4,1,1,5,4,5,7,2,1,1,4,5,2,12,2,26,2,8,1,5,7,20,8,20,10,16,,67,,1,22,9,121.5183433,25.06854324
112,6,19,6,55,2,10文山區,文山區興隆路3段與興隆路3段112巷口,0,0,2,2,C03,8,1,5,50,5,2,1,5,4,5,7,1,1,1,4,5,2,16,2,41,2,8,1,1,7,10,1,10,1,14,,27,,1,22,9,121.5572266,24.999424
112,6,19,6,55,2,10文山區,文山區興隆路3段與興隆路3段112巷口,0,0,2,3,H02,8,1,5,50,5,2,1,5,4,5,7,1,1,1,4,5,2,16,2,17,2,8,1,5,7,21,8,20,10,16,,67,,1,22,9,121.5572266,24.999424
112,6,19,6,55,2,10文山區,文山區興隆路3段與興隆路3段112巷口,0,0,2,1,B12,8,1,5,50,5,2,1,5,4,5,7,1,1,1,4,5,2,16,1,21,3,10,1,1,7,8,3,18,1,5,,7,,1,22,9,121.5572266,24.999424
112,6,19,8,15,2,05中正區,中正區重慶南路1段與重慶南路1段136巷口,0,0,1,1,C03,8,1,5,50,14,9,1,5,4,5,7,4,4,9,4,5,2,13,1,45,3,10,1,1,7,9,1,10,1,11,,23,,1,22,9,121.5125677,25.0365937
112,6,19,8,15,2,05中正區,中正區重慶南路1段與重慶南路1段136巷口,0,0,1,3,H02,8,1,5,50,14,9,1,5,4,5,7,4,4,9,4,5,2,13,1,6,2,8,1,1,7,17,8,20,10,16,,67,,1,22,9,121.5125677,25.0365937
112,6,19,8,15,2,05中正區,中正區重慶南路1段與重慶南路1段136巷口,0,0,1,2,B01,8,1,5,50,14,9,1,5,4,5,7,4,4,9,4,5,2,13,1,61,3,10,1,1,7,10,1,4,1,3,,7,,1,22,9,121.5125677,25.0365937
112,6,19,8,20,2,11南港區,南港區惠民街67號(南港國小附設幼兒園),0,0,1,1,B03,8,1,5,30,14,9,1,5,4,5,7,4,4,5,5,5,2,16,1,40,3,10,1,1,7,8,1,8,1,5,,7,,1,22,9,121.6099864,25.05800151
112,6,19,8,20,2,11南港區,南港區惠民街67號(南港國小附設幼兒園),0,0,1,2,C03,8,1,5,30,14,9,1,5,4,5,7,4,4,5,5,5,2,16,1,47,2,7,1,1,7,9,1,10,1,14,,44,,1,22,9,121.6099864,25.05800151
112,6,19,8,28,2,01大同區,大同區重慶北路3段與民族西路口,0,0,1,1,C03,8,1,5,50,4,2,1,5,4,5,7,2,1,1,2,5,2,17,1,40,2,9,1,4,7,9,1,10,2,11,,16,,1,22,9,121.513632,25.06865113
112,6,19,8,28,2,01大同區,大同區重慶北路3段與民族西路口,0,0,1,2,B03,8,1,5,50,4,2,1,5,4,5,7,2,1,1,2,5,2,17,1,55,3,10,1,4,7,9,1,8,2,6,,44,,1,22,9,121.513632,25.06865113
112,6,19,9,7,2,03中山區,中山區錦州街與民權東路2段152巷口,0,0,1,1,C03,8,1,5,30,4,2,1,5,4,5,7,1,1,4,1,5,1,11,1,39,3,10,1,1,7,11,3,18,1,11,,10,,1,22,9,121.53486,25.060321
112,6,19,9,7,2,03中山區,中山區錦州街與民權東路2段152巷口,0,0,1,2,C03,8,1,5,30,4,2,1,5,4,5,7,1,1,4,1,5,1,11,1,62,2,6,1,1,7,9,1,10,1,14,,44,,1,22,9,121.53486,25.060321
112,6,19,9,17,2,03中山區,中山區北安路301號,0,0,1,1,C01,8,1,5,50,14,9,1,5,4,5,7,4,4,1,4,5,2,13,1,29,2,8,1,1,7,9,1,9,1,11,,23,,1,22,9,121.5376099,25.0778487
112,6,19,9,17,2,03中山區,中山區北安路301號,0,0,1,2,B03,8,1,5,50,14,9,1,5,4,5,7,4,4,1,4,5,2,13,2,54,3,10,1,1,7,12,1,8,1,6,,44,,1,22,9,121.5376099,25.0778487
112,6,19,9,27,2,05中正區,中正區中華路2段與愛國西路口,0,0,2,1,C03,8,1,5,50,5,1,1,5,4,5,7,1,1,3,4,5,2,12,2,24,2,9,1,1,7,6,1,10,1,12,,9,,1,22,9,121.5068811,25.0369196
112,6,19,9,27,2,05中正區,中正區中華路2段與愛國西路口,0,0,2,2,C03,8,1,5,50,5,1,1,5,4,5,7,1,1,3,4,5,2,12,2,30,2,9,1,1,7,9,1,10,1,14,,26,,1,22,9,121.5068811,25.0369196
112,6,19,9,30,2,05中正區,中正區羅斯福路2段與杭州南路2段口,0,0,2,3,H02,8,1,5,50,5,1,1,5,4,5,7,1,1,2,4,5,2,16,2,20,2,9,1,1,7,20,8,20,10,16,,67,,1,22,9,121.5216748,25.0282198
112,6,19,9,30,2,05中正區,中正區羅斯福路2段與杭州南路2段口,0,0,2,1,B03,8,1,5,50,5,1,1,5,4,5,7,1,1,2,4,5,2,16,1,39,3,10,1,1,7,5,1,8,1,4,,8,,1,22,9,121.5216748,25.0282198
112,6,19,9,30,2,05中正區,中正區羅斯福路2段與杭州南路2段口,0,0,2,2,C03,8,1,5,50,5,1,1,5,4,5,7,1,1,2,4,5,2,16,1,23,2,9,1,1,7,9,1,10,1,11,,44,,1,22,9,121.5216748,25.0282198
112,6,19,10,0,2,09北投區,北投區文林北路與文林北路75巷口,0,0,1,1,C03,8,1,5,40,4,2,1,5,4,5,7,2,1,1,4,4,2,18,1,83,2,9,1,1,7,9,1,10,1,14,,42,,1,22,9,121.5173753,25.10541105
112,6,19,10,0,2,09北投區,北投區文林北路與文林北路75巷口,0,0,1,2,,8,1,5,40,4,2,1,5,4,5,7,2,1,1,4,4,2,18,3,0,,,,,,,,,,,,67,,1,,,121.5173753,25.10541105
112,6,19,10,35,2,04大安區,大安區市民大道4段與敦化南路1段口,0,0,2,1,C03,8,1,5,40,4,1,1,5,4,5,7,2,1,1,4,5,2,12,1,25,2,8,1,1,7,5,1,10,1,14,,8,,1,22,9,121.5490312,25.0447681
112,6,19,10,35,2,04大安區,大安區市民大道4段與敦化南路1段口,0,0,2,2,C03,8,1,5,40,4,1,1,5,4,5,7,2,1,1,4,5,2,12,2,33,2,9,1,1,7,9,1,10,1,11,,44,,1,22,9,121.5490312,25.0447681
112,6,19,11,14,2,01大同區,大同區民權西路與民權西路225巷口,0,0,3,1,C03,8,1,5,50,3,2,1,5,4,5,7,2,1,1,4,5,2,16,1,69,2,9,3,4,7,5,1,10,2,13,,42,,1,22,9,121.5122312,25.06279066
112,6,19,11,14,2,01大同區,大同區民權西路與民權西路225巷口,0,0,3,2,C03,8,1,5,50,3,2,1,5,4,5,7,2,1,1,4,5,2,16,1,26,2,9,3,4,7,9,1,10,2,11,,23,,1,22,9,121.5122312,25.06279066
112,6,19,11,14,2,01大同區,大同區民權西路與民權西路225巷口,0,0,3,3,H02,8,1,5,50,3,2,1,5,4,5,7,2,1,1,4,5,2,16,2,27,2,9,3,4,7,21,8,20,10,15,,67,,1,22,9,121.5122312,25.06279066
112,6,19,11,18,2,04大安區,大安區安和路2段171巷3號,0,0,2,2,H02,8,1,5,50,14,9,1,5,4,5,7,2,1,4,3,5,1,9,2,34,3,10,3,5,7,19,8,20,10,16,,60,,1,22,9,121.5501945,25.0280657
112,6,19,11,18,2,04大安區,大安區安和路2段171巷3號,0,0,2,3,C03,8,1,5,50,14,9,1,5,4,5,7,2,1,4,3,5,1,9,1,27,2,9,3,4,7,9,1,10,1,14,,44,,1,22,9,121.5501945,25.0280657
112,6,19,11,18,2,04大安區,大安區安和路2段171巷3號,0,0,2,4,H02,8,1,5,50,14,9,1,5,4,5,7,2,1,4,3,5,1,9,2,44,2,9,3,5,7,20,8,20,10,16,,67,,1,22,9,121.5501945,25.0280657
112,6,19,11,18,2,04大安區,大安區安和路2段171巷3號,0,0,2,5,C03,8,1,5,50,14,9,1,5,4,5,7,2,1,4,3,5,1,9,4,0,4,11,3,4,7,15,7,19,11,15,,44,,2,22,9,121.5501945,25.0280657
112,6,19,11,18,2,04大安區,大安區安和路2段171巷3號,0,0,2,6,C03,8,1,5,50,14,9,1,5,4,5,7,2,1,4,3,5,1,9,4,0,4,11,3,4,7,15,7,19,11,15,,44,,2,22,9,121.5501945,25.0280657
112,6,19,11,18,2,04大安區,大安區安和路2段171巷3號,0,0,2,7,C03,8,1,5,50,14,9,1,5,4,5,7,2,1,4,3,5,1,9,4,0,4,11,3,4,7,15,7,19,11,15,,44,,2,22,9,121.5501945,25.0280657
112,6,19,11,18,2,04大安區,大安區安和路2段171巷3號,0,0,2,1,B01,8,1,5,50,14,9,1,5,4,5,7,2,1,4,3,5,1,9,1,66,3,10,3,4,7,14,1,4,1,6,,40,,1,22,9,121.5501945,25.0280657
112,6,19,11,26,2,08士林區,士林區福林路與福林路100巷口,0,0,1,1,C03,8,1,5,30,3,2,1,5,4,5,7,3,1,4,3,5,1,16,1,42,2,8,1,1,7,5,1,10,2,12,,6,,1,22,9,121.5311442,25.0957894
112,6,19,11,26,2,08士林區,士林區福林路與福林路100巷口,0,0,1,2,B01,8,1,5,30,3,2,1,5,4,5,7,3,1,4,3,5,1,16,1,63,3,10,1,1,7,9,1,10,2,8,,23,,1,22,9,121.5311442,25.0957894