發生年度,發生月,發生日,發生時-Hours,發生分,處理別-編號,區序,肇事地點,死亡人數,2-30日死亡人數,受傷人數,當事人序號,車種,天候,光線,道路類別,速限-速度限制,道路型態,事故位置,路面狀況1,路面狀況2,路面狀況3,道路障礙1,道路障礙2,號誌1,號誌2,車道劃分-分向,車道劃分-分道1,車道劃分-分道2,車道劃分-分道3,事故類型及型態,性別,年齡,受傷程度,主要傷處,保護裝置,行動電話,車輛用途,當事者行動狀態,駕駛資格情形,駕駛執照種類,飲酒情形,車輛撞擊部位1,車輛撞擊部位2,肇因碼-個別,肇因碼-主要,個人肇逃否,職業,旅次目的,座標-X,座標-Y
112,6,19,11,44,2,05中正區,中正區忠孝東路1段12號喜來登前,0,0,1,1,B01,8,1,5,50,15,9,1,5,4,5,7,2,1,3,4,5,2,16,1,45,3,10,1,1,7,8,1,8,2,6,,7,,1,22,9,121.5218761,25.0450651
112,6,19,11,44,2,05中正區,中正區忠孝東路1段12號喜來登前,0,0,1,2,C03,8,1,5,50,15,9,1,5,4,5,7,2,1,3,4,5,2,16,2,24,2,9,1,1,7,9,1,10,2,14,,44,,1,22,9,121.5218761,25.0450651
112,6,19,12,42,2,04大安區,大安區敦化南路2段107號,0,0,2,1,C03,8,1,5,50,14,8,1,5,4,5,7,4,4,9,4,4,2,12,1,24,2,8,1,1,7,8,1,10,1,13,,7,,1,22,9,121.5491549,25.0285829
112,6,19,12,42,2,04大安區,大安區敦化南路2段107號,0,0,2,2,C03,8,1,5,50,14,8,1,5,4,5,7,4,4,9,4,4,2,12,1,18,2,9,1,1,7,9,1,10,1,11,,23,,1,22,9,121.5491549,25.0285829
112,6,19,12,45,2,08士林區,士林區中山北路4段劍潭公車站旁,0,0,1,1,A02,8,1,5,50,14,9,1,5,4,5,7,4,4,2,4,5,2,9,1,58,3,10,1,1,7,9,1,1,2,15,,43,,1,22,9,121.524347,25.08068961
112,6,19,12,45,2,08士林區,士林區中山北路4段劍潭公車站旁,0,0,1,2,H02,8,1,5,50,14,9,1,5,4,5,7,4,4,2,4,5,2,9,2,65,2,6,3,5,7,20,8,20,10,16,,67,,1,22,9,121.524347,25.08068961
112,6,19,13,1,2,08士林區,士林區中正路與福港街口,0,0,1,1,B01,8,1,5,50,3,1,1,5,4,5,7,1,1,1,4,5,2,17,1,55,3,10,1,1,7,5,1,4,2,8,,25,,1,22,9,121.5177878,25.0917293
112,6,19,13,1,2,08士林區,士林區中正路與福港街口,0,0,1,2,C03,8,1,5,50,3,1,1,5,4,5,7,1,1,1,4,5,2,17,2,19,2,9,1,1,7,9,1,10,2,11,,13,,1,22,9,121.5177878,25.0917293
112,6,19,13,1,2,08士林區,士林區中正路與福港街口,0,0,1,3,B03,8,1,5,50,3,1,1,5,4,5,7,1,1,1,4,5,2,17,2,58,3,10,1,1,7,13,1,8,1,3,,38,,1,22,9,121.5177878,25.0917293
112,6,19,13,7,2,01大同區,大同區重慶北路3段223巷與重慶北路3段223巷1弄口,0,0,1,1,B03,8,1,5,0,3,2,1,5,4,5,7,4,4,10,5,5,2,16,1,52,3,10,3,4,7,5,1,8,9,5,,42,,1,22,9,121.5145147,25.07042
112,6,19,13,7,2,01大同區,大同區重慶北路3段223巷與重慶北路3段223巷1弄口,0,0,1,2,C03,8,1,5,0,3,2,1,5,4,5,7,4,4,10,5,5,2,16,1,20,2,9,3,4,7,9,1,10,9,14,,42,,1,22,9,121.5145147,25.07042
112,6,19,13,15,2,09北投區,北投區光明路2巷與中正街49巷口,0,0,2,1,C03,8,1,5,50,3,1,1,5,4,5,7,4,4,4,1,5,2,3,2,22,2,8,1,1,7,9,1,10,1,11,,14,,1,22,9,121.4995194,25.1313565
112,6,19,13,15,2,09北投區,北投區光明路2巷與中正街49巷口,0,0,2,2,H01,8,1,5,50,3,1,1,5,4,5,7,4,4,4,1,5,2,3,2,56,2,1,4,5,8,16,8,20,1,16,,51,,1,22,9,121.4995194,25.1313565
112,6,19,13,25,2,09北投區,北投區東華街1段與建民路口,0,0,1,1,B01,8,1,5,50,3,2,1,5,4,5,7,4,4,9,4,5,2,3,1,59,3,10,3,4,7,9,1,4,2,1,,,,1,22,9,121.5188332,25.11021512
112,6,19,13,25,2,09北投區,北投區東華街1段與建民路口,0,0,1,2,H01,8,1,5,50,3,2,1,5,4,5,7,4,4,9,4,5,2,3,2,79,2,1,4,5,8,16,8,20,10,16,,,,1,22,9,121.5188332,25.11021512
112,6,19,13,35,2,02萬華區,萬華區和平西路3段與艋舺大道口,0,0,1,1,C03,8,1,5,50,4,2,1,5,4,5,7,1,1,3,3,5,2,16,1,22,3,10,3,4,7,9,3,18,11,15,,23,,2,22,9,121.5046114,25.0338206
112,6,19,13,35,2,02萬華區,萬華區和平西路3段與艋舺大道口,0,0,1,2,C03,8,1,5,50,4,2,1,5,4,5,7,1,1,3,3,5,2,16,2,22,2,9,1,4,7,9,1,10,1,14,,44,,1,22,9,121.5046114,25.0338206
112,6,19,14,0,2,03中山區,中山區復興南路1段與市民大道3段口,0,0,1,2,B03,7,1,5,50,4,1,1,5,4,5,7,1,1,1,4,5,2,13,1,44,3,10,3,4,7,6,1,8,1,7,,44,,1,22,1,121.5437259,25.04499
112,6,19,14,0,2,03中山區,中山區復興南路1段與市民大道3段口,0,0,1,1,C03,7,1,5,50,4,1,1,5,4,5,7,1,1,1,4,5,2,13,1,20,2,7,3,4,7,9,1,10,1,12,,23,,1,22,8,121.5437259,25.04499
112,6,19,14,20,2,06松山區,松山區民權東路4段180號,0,0,1,1,C03,8,1,5,50,14,7,1,5,4,5,7,4,4,1,3,4,2,16,1,58,2,9,1,1,7,7,6,10,1,14,,7,,1,11,1,121.5593294,25.06226182
112,6,19,14,20,2,06松山區,松山區民權東路4段180號,0,0,1,2,A02,8,1,5,50,14,7,1,5,4,5,7,4,4,1,3,4,2,16,1,61,3,10,1,1,7,9,1,2,1,2,,17,,1,10,4,121.5593294,25.06226182
112,6,19,14,20,2,12內湖區,內湖區成美橋與新明路298巷口,0,0,1,2,C03,8,1,5,50,4,1,1,5,4,5,7,2,1,9,4,5,2,16,2,25,2,9,1,1,7,9,3,18,2,11,,14,,1,22,9,121.5821679,25.0556061
112,6,19,14,20,2,12內湖區,內湖區成美橋與新明路298巷口,0,0,1,1,B03,8,1,5,50,4,1,1,5,4,5,7,2,1,9,4,5,2,16,1,42,3,10,3,4,7,5,1,8,2,2,,8,,1,22,9,121.5821679,25.0556061
112,6,19,15,17,2,04大安區,大安區基隆路3段與羅斯福路4段口,0,0,2,3,H02,8,1,5,50,14,9,1,5,4,5,7,4,4,1,4,5,2,13,2,57,2,9,1,5,7,20,8,20,10,16,,67,,1,22,9,121.5379477,25.0119418
112,6,19,15,17,2,04大安區,大安區基隆路3段與羅斯福路4段口,0,0,2,2,B03,8,1,5,50,14,9,1,5,4,5,7,4,4,1,4,5,2,13,1,57,2,9,1,1,7,9,1,8,1,3,,44,,1,22,9,121.5379477,25.0119418
112,6,19,15,17,2,04大安區,大安區基隆路3段與羅斯福路4段口,0,0,2,1,B03,8,1,5,50,14,9,1,5,4,5,7,4,4,1,4,5,2,13,1,26,3,10,1,1,7,9,1,8,1,1,,23,,1,22,9,121.5379477,25.0119418
112,6,19,15,31,2,01大同區,大同區鄭州路與塔城街口,0,0,1,4,H02,8,1,5,40,4,1,1,5,4,5,7,2,1,5,4,5,2,15,2,24,2,8,1,5,7,20,8,20,10,16,,67,,1,22,9,121.5104826,25.0500532
112,6,19,15,31,2,01大同區,大同區鄭州路與塔城街口,0,0,1,3,B03,8,1,5,40,4,1,1,5,4,5,7,2,1,5,4,5,2,15,2,38,3,10,1,1,7,9,1,8,1,2,,44,,1,22,9,121.5104826,25.0500532
112,6,19,15,31,2,01大同區,大同區鄭州路與塔城街口,0,0,1,2,B01,8,1,5,40,4,1,1,5,4,5,7,2,1,5,4,5,2,15,1,56,3,10,1,1,7,9,1,4,1,2,,44,,1,22,9,121.5104826,25.0500532
112,6,19,15,31,2,01大同區,大同區鄭州路與塔城街口,0,0,1,1,B02,8,1,5,40,4,1,1,5,4,5,7,2,1,5,4,5,2,15,1,17,3,10,1,1,7,9,2,18,1,1,,25,,1,22,9,121.5104826,25.0500532
112,6,19,15,35,2,02萬華區,萬華區富民路145巷與富民路145巷35弄口,0,0,2,2,C03,8,1,5,30,4,1,1,5,4,5,7,4,4,10,5,5,2,15,1,54,2,9,1,1,7,9,1,10,1,11,,13,,1,22,9,121.5012342,25.0190086
112,6,19,15,35,2,02萬華區,萬華區富民路145巷與富民路145巷35弄口,0,0,2,1,C03,8,1,5,30,4,1,1,5,4,5,7,4,4,10,5,5,2,15,2,58,2,9,1,1,7,9,1,10,1,15,,6,,1,22,9,121.5012342,25.0190086
112,6,19,15,57,2,11南港區,南港區成美橋與南港路3段290巷口口,0,0,2,1,C03,8,1,5,50,3,2,1,5,4,5,7,4,4,5,4,5,2,16,1,66,2,8,1,1,7,6,1,10,1,11,,26,,1,22,9,121.5827401,25.05199173
112,6,19,15,57,2,11南港區,南港區成美橋與南港路3段290巷口口,0,0,2,2,C03,8,1,5,50,3,2,1,5,4,5,7,4,4,5,4,5,2,16,1,18,2,8,1,1,7,9,1,10,1,14,,44,,1,22,9,121.5827401,25.05199173
112,6,19,16,15,2,12內湖區,內湖區內湖路1段323巷與內湖路1段285巷65弄口,0,0,1,2,C03,8,1,5,50,3,2,1,5,4,5,7,4,4,5,5,5,2,17,1,61,2,9,1,1,7,9,1,10,1,11,,23,,1,22,9,121.5680274,25.08448442
112,6,19,16,15,2,12內湖區,內湖區內湖路1段323巷與內湖路1段285巷65弄口,0,0,1,1,B12,8,1,5,50,3,2,1,5,4,5,7,4,4,5,5,5,2,17,1,56,3,10,1,1,7,5,1,8,1,4,,8,,1,22,9,121.5680274,25.08448442
112,6,19,16,30,2,10文山區,文山區保儀路13巷4號,0,0,2,1,C03,8,1,5,30,14,9,1,5,4,5,7,4,4,10,5,5,2,16,2,65,2,9,1,1,7,9,1,10,2,11,,,,1,22,9,121.5689224,24.98840644
112,6,19,16,30,2,10文山區,文山區保儀路13巷4號,0,0,2,2,C03,8,1,5,30,14,9,1,5,4,5,7,4,4,10,5,5,2,16,1,28,2,7,1,1,7,5,1,10,2,13,,,,1,22,9,121.5689224,24.98840644
112,6,19,16,37,2,10文山區,文山區羅斯福路6段148號前,0,0,4,7,A02,8,1,5,50,14,9,1,5,4,5,7,4,4,1,4,5,2,17,1,49,3,10,1,1,7,9,1,2,11,15,,44,,1,22,9,121.5411408,24.9953916
112,6,19,16,37,2,10文山區,文山區羅斯福路6段148號前,0,0,4,6,B11,8,1,5,50,14,9,1,5,4,5,7,4,4,1,4,5,2,17,1,59,3,10,1,1,7,14,1,4,11,4,,38,,1,22,9,121.5411408,24.9953916
112,6,19,16,37,2,10文山區,文山區羅斯福路6段148號前,0,0,4,5,C03,8,1,5,50,14,9,1,5,4,5,7,4,4,1,4,5,2,17,2,58,2,6,1,1,7,9,1,10,11,14,,44,,1,22,9,121.5411408,24.9953916
112,6,19,16,37,2,10文山區,文山區羅斯福路6段148號前,0,0,4,4,H02,8,1,5,50,14,9,1,5,4,5,7,4,4,1,4,5,2,17,1,8,2,8,1,5,7,20,8,20,10,15,,67,,1,22,9,121.5411408,24.9953916
112,6,19,16,37,2,10文山區,文山區羅斯福路6段148號前,0,0,4,3,C03,8,1,5,50,14,9,1,5,4,5,7,4,4,1,4,5,2,17,1,64,2,9,1,1,7,9,1,10,1,14,,44,,1,22,9,121.5411408,24.9953916
112,6,19,16,37,2,10文山區,文山區羅斯福路6段148號前,0,0,4,1,C03,8,1,5,50,14,9,1,5,4,5,7,4,4,1,4,5,2,17,1,45,2,7,1,1,7,9,1,10,1,14,,23,,1,22,9,121.5411408,24.9953916
112,6,19,16,37,2,10文山區,文山區羅斯福路6段148號前,0,0,4,2,B03,8,1,5,50,14,9,1,5,4,5,7,4,4,1,4,5,2,17,1,48,3,10,1,1,7,12,1,8,1,3,,44,,1,22,9,121.5411408,24.9953916
112,6,19,17,0,2,05中正區,中正區公園路與許昌街口,0,0,1,1,C03,8,1,5,30,4,1,1,5,4,5,7,1,1,10,5,5,2,12,1,35,3,10,1,1,7,5,1,10,2,14,,8,,1,22,9,121.5172625,25.0454392
112,6,19,17,0,2,05中正區,中正區公園路與許昌街口,0,0,1,2,C03,8,1,5,30,4,1,1,5,4,5,7,1,1,10,5,5,2,12,1,40,2,8,1,1,7,9,1,10,2,11,,14,,1,22,9,121.5172625,25.0454392
112,6,19,17,8,2,01大同區,大同區市民大道1段與承德路1段口,0,0,1,2,C03,8,1,5,40,4,2,1,5,4,5,7,1,1,1,5,5,2,17,1,49,3,10,1,1,7,9,1,10,2,14,,23,,1,22,9,121.5166271,25.04891338
112,6,19,17,8,2,01大同區,大同區市民大道1段與承德路1段口,0,0,1,1,C03,8,1,5,40,4,2,1,5,4,5,7,1,1,1,5,5,2,17,2,28,2,8,1,1,7,6,1,10,1,12,,9,,1,22,9,121.5166271,25.04891338
112,6,19,17,19,2,03中山區,中山區中山北路2段與民權東路1段口,0,0,2,3,H02,8,1,5,50,4,2,1,5,4,5,7,1,1,1,3,5,1,12,2,55,2,7,1,5,7,17,8,20,10,16,,67,,1,22,9,121.5227271,25.06268481
112,6,19,17,19,2,03中山區,中山區中山北路2段與民權東路1段口,0,0,2,1,C03,8,1,5,50,4,2,1,5,4,5,7,1,1,1,3,5,1,12,1,58,3,10,1,1,7,8,1,10,1,12,,7,,1,22,9,121.5227271,25.06268481
112,6,19,17,19,2,03中山區,中山區中山北路2段與民權東路1段口,0,0,2,2,C03,8,1,5,50,4,2,1,5,4,5,7,1,1,1,3,5,1,12,2,34,2,7,1,1,7,9,1,10,1,14,,44,,1,22,9,121.5227271,25.06268481
112,6,19,17,20,2,10文山區,文山區新光路2段動物園捷運站,0,0,2,3,C03,8,1,5,50,14,9,1,5,4,5,7,4,4,9,4,5,1,13,1,40,2,9,1,1,7,9,1,10,1,11,,23,,1,22,9,121.5786705,24.9977538
112,6,19,17,20,2,10文山區,文山區新光路2段動物園捷運站,0,0,2,2,B03,8,1,5,50,14,9,1,5,4,5,7,4,4,9,4,5,1,13,1,39,3,10,1,1,7,14,1,8,1,7,,38,,1,22,9,121.5786705,24.9977538
112,6,19,17,20,2,10文山區,文山區新光路2段動物園捷運站,0,0,2,1,C03,8,1,5,50,14,9,1,5,4,5,7,4,4,9,4,5,1,13,1,51,2,9,1,1,7,9,1,10,1,11,,23,,1,22,9,121.5786705,24.9977538
112,6,19,17,26,2,04大安區,大安區基隆路3段與辛亥路3段口,0,0,2,2,C03,8,1,5,50,4,4,1,5,4,5,7,1,1,10,4,5,2,17,2,41,2,9,1,1,7,15,1,10,1,13,,44,,1,22,9,121.5467622,25.01937954
112,6,19,17,26,2,04大安區,大安區基隆路3段與辛亥路3段口,0,0,2,1,C03,8,1,5,50,4,4,1,5,4,5,7,1,1,10,4,5,2,17,2,28,2,9,1,1,7,9,1,10,1,11,,23,,1,22,9,121.5467622,25.01937954
112,6,19,17,30,2,07信義區,信義區信安街67巷81號與信安街67巷口停車場,0,0,1,1,B03,8,1,5,50,3,1,1,5,4,5,7,4,4,9,4,4,2,16,1,60,3,10,1,1,7,5,1,8,2,2,,8,,1,22,9,121.5602562,25.0258941
112,6,19,17,30,2,07信義區,信義區信安街67巷81號與信安街67巷口停車場,0,0,1,2,C03,8,1,5,50,3,1,1,5,4,5,7,4,4,9,4,4,2,16,1,22,2,9,1,1,7,9,1,10,2,11,,23,,1,22,9,121.5602562,25.0258941
112,6,19,17,45,2,09北投區,北投區大業路527巷與大業路527巷口路橋口,0,0,2,1,C03,8,1,5,40,3,1,1,5,4,5,7,4,4,9,2,5,2,16,1,23,2,9,3,4,7,4,1,10,1,11,,1,,1,22,9,121.4843256,25.1342393
112,6,19,17,45,2,09北投區,北投區大業路527巷與大業路527巷口路橋口,0,0,2,2,C03,8,1,5,40,3,1,1,5,4,5,7,4,4,9,2,5,2,16,1,52,2,9,3,4,7,5,1,10,1,13,,6,,1,22,9,121.4843256,25.1342393
112,6,19,17,52,2,05中正區,中正區重慶北路1段與鄭州路口往南,0,0,1,1,C03,8,1,5,50,14,9,1,5,4,5,7,4,4,5,4,5,2,13,1,21,2,9,1,1,7,9,1,10,1,11,,23,,1,22,9,121.5133442,25.0489265
112,6,19,17,52,2,05中正區,中正區重慶北路1段與鄭州路口往南,0,0,1,2,B03,8,1,5,50,14,9,1,5,4,5,7,4,4,5,4,5,2,13,1,65,3,10,1,1,7,12,1,8,1,3,,44,,1,22,9,121.5133442,25.0489265
112,6,19,17,52,2,05中正區,中正區重慶北路1段與鄭州路口往南,0,0,1,3,B01,8,1,5,50,14,9,1,5,4,5,7,4,4,5,4,5,2,13,1,68,4,11,3,4,7,15,7,19,11,15,,26,,2,22,9,121.5133442,25.0489265
112,6,19,18,1,2,05中正區,中正區中華路2段與愛國西路口,0,0,1,2,C03,8,1,5,50,5,1,1,5,4,5,7,1,1,3,4,5,2,12,1,22,2,9,1,1,7,9,1,10,1,14,,,,1,22,9,121.5068787,25.0369736
112,6,19,18,1,2,05中正區,中正區中華路2段與愛國西路口,0,0,1,3,C03,8,1,5,50,5,1,1,5,4,5,7,1,1,3,4,5,2,12,1,29,3,10,1,1,7,9,1,10,1,11,,,,1,22,9,121.5068787,25.0369736
112,6,19,18,1,2,05中正區,中正區中華路2段與愛國西路口,0,0,1,1,B03,8,1,5,50,5,1,1,5,4,5,7,1,1,3,4,5,2,12,2,33,3,10,1,1,7,6,1,8,1,5,6,,,1,22,9,121.5068787,25.0369736
112,6,19,18,15,2,12內湖區,內湖區內湖路1段608號,0,0,1,2,C03,8,1,5,50,14,9,1,5,4,5,7,4,4,1,4,5,2,12,2,22,2,9,1,1,7,9,1,10,9,14,,43,,1,22,9,121.5785124,25.07872627
112,6,19,18,15,2,12內湖區,內湖區內湖路1段608號,0,0,1,1,,8,1,5,50,14,9,1,5,4,5,7,4,4,1,4,5,2,12,4,0,4,11,3,4,7,15,7,19,11,15,,43,,2,22,9,121.5785124,25.07872627
112,6,19,18,22,2,12內湖區,內湖區港墘路221巷與陽光街口,0,0,1,1,B03,7,1,5,50,14,9,1,5,4,5,7,4,4,9,5,5,2,16,1,51,3,10,1,1,7,1,1,8,1,1,,19,,1,22,9,121.5755138,25.0726954
112,6,19,18,22,2,12內湖區,內湖區港墘路221巷與陽光街口,0,0,1,2,C03,7,1,5,50,14,9,1,5,4,5,7,4,4,9,5,5,2,16,1,50,2,9,1,1,7,9,1,10,1,12,,44,,1,22,9,121.5755138,25.0726954
112,6,19,18,38,2,10文山區,文山區羅斯福路6段142巷與汀州路4段口,0,0,1,1,B03,8,3,5,30,5,1,1,5,4,5,7,3,1,1,5,5,1,16,1,25,3,10,1,1,7,5,1,8,1,7,,8,,1,22,9,121.5354539,24.99858505
112,6,19,18,38,2,10文山區,文山區羅斯福路6段142巷與汀州路4段口,0,0,1,2,C03,8,3,5,30,5,1,1,5,4,5,7,3,1,1,5,5,1,16,1,37,2,8,1,1,7,9,1,10,1,12,,13,,1,22,9,121.5354539,24.99858505
112,6,19,18,49,2,12內湖區,內湖區金湖路21號,0,0,1,2,H01,8,1,5,0,14,20,1,5,4,5,7,4,4,1,4,5,2,9,2,74,2,1,4,5,8,16,8,20,10,16,,67,,1,22,9,121.5956945,25.08335424
112,6,19,18,49,2,12內湖區,內湖區金湖路21號,0,0,1,1,C03,8,1,5,0,14,20,1,5,4,5,7,4,4,1,4,5,2,9,1,68,3,10,1,1,7,15,1,10,2,11,,42,,1,22,9,121.5956945,25.08335424
112,6,19,19,5,2,10文山區,文山區木柵路1段45號前,0,0,1,2,B03,8,3,5,50,14,9,1,5,4,5,7,4,4,5,4,5,2,17,1,56,3,10,1,1,7,9,1,8,2,8,,44,,1,22,9,121.5446999,24.9881148
112,6,19,19,5,2,10文山區,文山區木柵路1段45號前,0,0,1,1,F01,8,3,5,50,14,9,1,5,4,5,7,4,4,5,4,5,2,17,1,54,2,9,1,1,7,5,8,20,8,16,,26,,1,22,9,121.5446999,24.9881148
112,6,19,19,33,2,03中山區,中山區明水路383號與明水路458巷47弄口,0,0,1,1,B03,7,3,5,50,3,1,1,5,4,5,7,4,4,9,4,5,2,12,2,27,3,10,3,4,7,6,1,8,1,2,,9,,1,22,9,121.5457678,25.077502
112,6,19,19,33,2,03中山區,中山區明水路383號與明水路458巷47弄口,0,0,1,2,C03,7,3,5,50,3,1,1,5,4,5,7,4,4,9,4,5,2,12,1,29,2,7,1,1,7,9,1,10,1,14,,44,,1,22,9,121.5457678,25.077502
112,6,19,19,34,1,06松山區,松山區民生東路4段與民生東路4段112巷口,1,0,0,2,B12,8,3,5,50,4,1,1,5,4,5,7,2,1,1,4,5,2,16,1,57,3,10,1,1,7,9,1,8,2,2,,23,,1,22,9,121.5544102,25.0581673
112,6,19,19,34,1,06松山區,松山區民生東路4段與民生東路4段112巷口,1,0,0,1,C03,8,3,5,50,4,1,1,5,4,5,7,2,1,1,4,5,2,16,1,67,1,9,1,1,7,7,1,10,9,14,,7,,1,22,9,121.5544102,25.0581673
112,6,19,19,37,2,08士林區,士林區文林路與大東路口,0,0,1,1,B03,8,1,5,50,3,1,1,5,4,5,7,4,4,4,5,5,1,17,1,65,3,10,1,1,7,1,1,8,1,8,,19,,1,22,9,121.5248251,25.0937444
112,6,19,19,37,2,08士林區,士林區文林路與大東路口,0,0,1,2,C03,8,1,5,50,3,1,1,5,4,5,7,4,4,4,5,5,1,17,1,27,2,9,1,1,7,9,1,10,1,11,,6,,1,22,9,121.5248251,25.0937444
112,6,19,20,4,2,01大同區,大同區忠孝橋機慢車道往三重,0,0,2,1,C03,8,3,5,40,8,11,1,5,4,5,7,4,4,1,5,5,2,17,1,23,4,11,3,4,7,15,7,19,11,15,,16,,2,22,9,121.5051252,25.04974135
112,6,19,20,4,2,01大同區,大同區忠孝橋機慢車道往三重,0,0,2,2,C03,8,3,5,40,8,11,1,5,4,5,7,4,4,1,5,5,2,17,1,18,2,9,1,1,7,9,1,10,1,13,,13,,1,22,9,121.5051252,25.04974135
112,6,19,20,4,2,01大同區,大同區忠孝橋機慢車道往三重,0,0,2,3,C03,8,3,5,40,8,11,1,5,4,5,7,4,4,1,5,5,2,17,2,33,2,9,1,1,7,9,1,10,1,11,,13,,1,22,9,121.5051252,25.04974135
112,6,19,20,16,2,05中正區,中正區汀州路3段184-4號,0,0,1,2,H01,8,1,5,50,14,9,1,5,4,5,7,4,4,9,4,5,2,3,2,24,3,10,4,1,8,16,8,20,1,16,,51,,1,22,9,121.5350265,25.01291295
112,6,19,20,16,2,05中正區,中正區汀州路3段184-4號,0,0,1,1,C03,8,1,5,50,14,9,1,5,4,5,7,4,4,9,4,5,2,3,1,41,2,9,2,1,7,9,1,10,2,12,,23,,1,22,9,121.5350265,25.01291295
112,6,19,20,30,2,04大安區,大安區羅斯福路3段與師大路口,0,0,1,2,C03,8,1,5,50,4,4,1,5,4,5,7,1,1,1,4,5,2,13,2,67,2,9,1,1,7,14,1,10,1,13,,44,,1,22,9,121.5280109,25.0210284
112,6,19,20,30,2,04大安區,大安區羅斯福路3段與師大路口,0,0,1,1,B01,8,1,5,50,4,4,1,5,4,5,7,1,1,1,4,5,2,13,1,64,3,10,1,1,7,12,1,4,1,8,,23,,1,22,9,121.5280109,25.0210284
112,6,19,20,41,2,04大安區,大安區忠孝東路4段49巷4弄2號,0,0,1,2,B03,7,3,5,30,14,9,1,5,4,5,7,4,4,9,4,5,2,16,2,63,3,10,1,1,7,13,1,8,1,6,,26,,1,22,9,121.5453042,25.0423995
112,6,19,20,41,2,04大安區,大安區忠孝東路4段49巷4弄2號,0,0,1,1,C03,7,3,5,30,14,9,1,5,4,5,7,4,4,9,4,5,2,16,2,25,2,9,1,1,7,9,1,10,1,14,,23,,1,22,9,121.5453042,25.0423995
112,6,19,21,30,2,04大安區,大安區忠孝東路4段216巷與仁愛路4段345巷4弄口,0,0,1,1,B03,8,3,5,30,4,1,1,5,4,5,7,4,4,5,4,5,2,17,1,26,3,10,1,1,7,11,1,8,1,8,,10,,1,21,8,121.5530059,25.0390815
112,6,19,21,30,2,04大安區,大安區忠孝東路4段216巷與仁愛路4段345巷4弄口,0,0,1,2,F01,8,3,5,30,4,1,1,5,4,5,7,4,4,5,4,5,2,17,2,71,2,9,1,1,7,9,8,20,1,16,,44,,1,21,8,121.5530059,25.0390815
112,6,19,21,42,2,10文山區,文山區興隆路4段6-11號前,0,0,1,1,C03,8,3,5,50,14,9,1,5,4,5,7,2,1,3,4,5,2,17,1,21,3,10,1,1,7,9,1,10,1,14,,17,,1,22,9,121.5597227,24.98955568
112,6,19,21,42,2,10文山區,文山區興隆路4段6-11號前,0,0,1,2,C03,8,3,5,50,14,9,1,5,4,5,7,2,1,3,4,5,2,17,2,41,2,8,1,1,7,9,1,10,1,15,,16,,1,22,9,121.5597227,24.98955568
112,6,19,21,48,2,05中正區,中正區林森南路與濟南路1段口,0,0,2,1,C03,8,3,5,50,4,1,1,5,4,5,7,1,1,5,4,5,2,12,2,26,2,9,1,1,7,5,1,10,2,13,,26,,1,22,9,121.5226709,25.0425034
112,6,19,21,48,2,05中正區,中正區林森南路與濟南路1段口,0,0,2,2,C03,8,3,5,50,4,1,1,5,4,5,7,1,1,5,4,5,2,12,1,24,2,7,1,1,7,9,1,10,2,11,,13,,1,22,9,121.5226709,25.0425034
112,6,19,23,6,2,04大安區,大安區忠孝東路3段與復興南路1段口,0,0,1,2,C03,7,3,5,50,4,2,1,5,4,5,7,1,1,3,4,5,2,13,1,39,2,9,1,1,7,14,1,10,1,13,,44,,1,22,9,121.543564,25.04158033
112,6,19,23,6,2,04大安區,大安區忠孝東路3段與復興南路1段口,0,0,1,1,B01,7,3,5,50,4,2,1,5,4,5,7,1,1,3,4,5,2,13,1,42,3,10,1,1,7,9,1,4,1,1,,23,,1,22,9,121.543564,25.04158033
112,6,19,23,17,2,07信義區,信義區忠孝東路5段510號,0,0,1,1,C03,7,3,5,50,14,9,1,5,4,5,7,4,4,1,4,5,2,13,1,27,2,9,1,1,7,9,1,10,2,11,,23,,1,22,9,121.5788509,25.0412719
112,6,19,23,17,2,07信義區,信義區忠孝東路5段510號,0,0,1,2,B01,7,3,5,50,14,9,1,5,4,5,7,4,4,1,4,5,2,13,1,62,3,10,1,1,7,9,1,4,2,6,,44,,1,22,9,121.5788509,25.0412719
112,6,19,23,21,2,01大同區,大同區重慶北路3段與民權西路口,0,0,2,1,B03,8,3,5,50,4,1,1,5,4,5,7,2,1,1,4,5,2,12,1,52,4,11,3,4,7,8,7,19,11,15,,7,,2,22,9,121.5135127,25.06287602
112,6,19,23,21,2,01大同區,大同區重慶北路3段與民權西路口,0,0,2,3,C03,8,3,5,50,4,1,1,5,4,5,7,2,1,1,4,5,2,12,1,47,2,7,1,1,7,9,1,9,1,14,,44,,1,22,9,121.5135127,25.06287602
112,6,19,23,21,2,01大同區,大同區重慶北路3段與民權西路口,0,0,2,4,H02,8,3,5,50,4,1,1,5,4,5,7,2,1,1,4,5,2,12,2,49,2,2,3,5,7,20,8,20,10,16,,67,,1,22,9,121.5135127,25.06287602
112,6,19,23,21,2,01大同區,大同區重慶北路3段與民權西路口,0,0,2,2,B03,8,3,5,50,4,1,1,5,4,5,7,2,1,1,4,5,2,12,1,52,3,10,3,4,7,8,1,8,1,2,,7,,1,22,9,121.5135127,25.06287602
112,6,20,0,14,2,04大安區,大安區忠孝東路4段77巷與敦化南路1段190巷口,0,0,1,1,C03,8,3,5,30,4,1,1,5,4,5,7,4,4,10,5,5,2,15,1,53,2,7,1,1,7,9,1,10,1,14,,6,,1,22,9,121.5472082,25.04261981
112,6,20,0,14,2,04大安區,大安區忠孝東路4段77巷與敦化南路1段190巷口,0,0,1,2,B12,8,3,5,30,4,1,1,5,4,5,7,4,4,10,5,5,2,15,1,41,3,10,1,1,7,9,1,8,1,5,,44,,1,22,9,121.5472082,25.04261981