發生年度,發生月,發生日,發生時-Hours,發生分,處理別-編號,區序,肇事地點,死亡人數,2-30日死亡人數,受傷人數,當事人序號,車種,天候,光線,道路類別,速限-速度限制,道路型態,事故位置,路面狀況1,路面狀況2,路面狀況3,道路障礙1,道路障礙2,號誌1,號誌2,車道劃分-分向,車道劃分-分道1,車道劃分-分道2,車道劃分-分道3,事故類型及型態,性別,年齡,受傷程度,主要傷處,保護裝置,行動電話,車輛用途,當事者行動狀態,駕駛資格情形,駕駛執照種類,飲酒情形,車輛撞擊部位1,車輛撞擊部位2,肇因碼-個別,肇因碼-主要,個人肇逃否,職業,旅次目的,座標-X,座標-Y
112,6,20,0,56,2,03中山區,中山區長安東路1段18號,0,0,1,3,C03,8,3,5,50,14,9,1,5,4,5,7,4,4,5,4,5,2,17,1,32,3,10,3,4,7,13,1,10,1,13,,44,,1,22,9,121.5231968,25.0494327
112,6,20,0,56,2,03中山區,中山區長安東路1段18號,0,0,1,2,C03,8,3,5,50,14,9,1,5,4,5,7,4,4,5,4,5,2,17,1,25,2,9,1,4,7,9,1,10,1,15,,23,,1,22,9,121.5231968,25.0494327
112,6,20,0,56,2,03中山區,中山區長安東路1段18號,0,0,1,1,B01,8,3,5,50,14,9,1,5,4,5,7,4,4,5,4,5,2,17,1,67,3,10,3,4,7,11,1,4,1,15,,10,,1,22,9,121.5231968,25.0494327
112,6,20,2,29,2,01大同區,大同區民權西路102巷4弄與民權西路144巷口,0,0,2,1,B01,8,3,5,30,4,1,1,5,4,5,7,3,1,10,5,5,2,15,1,58,3,10,3,4,7,9,1,4,1,1,,6,,1,22,9,121.515935,25.06163298
112,6,20,2,29,2,01大同區,大同區民權西路102巷4弄與民權西路144巷口,0,0,2,2,C03,8,3,5,30,4,1,1,5,4,5,7,3,1,10,5,5,2,15,1,35,2,9,1,1,7,9,1,10,1,14,,14,,1,22,9,121.515935,25.06163298
112,6,20,2,29,2,01大同區,大同區民權西路102巷4弄與民權西路144巷口,0,0,2,3,H02,8,3,5,30,4,1,1,5,4,5,7,3,1,10,5,5,2,15,2,33,2,9,1,5,7,20,8,20,10,16,,67,,1,22,9,121.515935,25.06163298
112,6,20,4,36,2,04大安區,大安區敦化南路1段187巷21號,0,0,1,1,C03,8,3,5,30,13,9,1,5,4,3,5,4,4,10,5,5,1,17,2,29,2,9,1,1,7,9,1,10,1,12,,23,,1,22,9,121.5504441,25.042592
112,6,20,4,36,2,04大安區,大安區敦化南路1段187巷21號,0,0,1,2,C03,8,3,5,30,13,9,1,5,4,3,5,4,4,10,5,5,1,17,1,39,4,11,3,4,7,13,7,19,11,15,,38,,1,22,9,121.5504441,25.042592
112,6,20,6,15,2,07信義區,信義區松山路138號,0,0,1,1,C03,8,1,5,50,14,9,1,5,4,5,7,4,4,9,4,5,2,17,1,34,2,9,1,1,7,9,1,10,1,14,,42,,1,22,9,121.5777068,25.0476835
112,6,20,6,15,2,07信義區,信義區松山路138號,0,0,1,2,G03,8,1,5,50,14,9,1,5,4,5,7,4,4,9,4,5,2,17,1,31,3,10,1,1,7,8,1,8,1,15,,7,,1,22,9,121.5777068,25.0476835
112,6,20,6,18,2,05中正區,中正區中山北路1段與市民大道1段口,0,0,2,2,C03,8,2,5,40,4,2,1,5,4,5,7,1,1,10,5,5,2,13,2,65,2,9,1,1,7,12,1,10,1,13,,44,,1,22,9,121.520508,25.04801104
112,6,20,6,18,2,05中正區,中正區中山北路1段與市民大道1段口,0,0,2,1,C03,8,2,5,40,4,2,1,5,4,5,7,1,1,10,5,5,2,13,1,52,2,9,1,1,7,14,1,10,1,11,,44,,1,22,9,121.520508,25.04801104
112,6,20,6,41,2,02萬華區,萬華區西園路1段與大理街口,0,0,1,1,B01,8,1,5,50,4,1,1,5,4,5,7,4,4,9,5,5,2,15,1,69,3,10,1,1,7,9,1,4,1,4,,6,,1,22,9,121.4993722,25.03449223
112,6,20,6,41,2,02萬華區,萬華區西園路1段與大理街口,0,0,1,2,C03,8,1,5,50,4,1,1,5,4,5,7,4,4,9,5,5,2,15,1,73,2,9,1,1,7,9,1,10,1,11,,44,,1,22,9,121.4993722,25.03449223
112,6,20,6,59,2,07信義區,信義區信義路5段91巷與信義路5段口,0,0,1,1,B03,8,1,5,50,3,1,1,5,4,5,7,3,1,10,5,5,2,17,1,48,3,10,1,1,7,6,1,8,1,2,,42,,1,22,9,121.5717675,25.0328742
112,6,20,6,59,2,07信義區,信義區信義路5段91巷與信義路5段口,0,0,1,2,C03,8,1,5,50,3,1,1,5,4,5,7,3,1,10,5,5,2,17,1,18,2,9,1,1,7,9,1,10,1,14,,42,,1,22,9,121.5717675,25.0328742
112,6,20,7,23,2,07信義區,信義區忠孝東路5段與大道路口,0,0,2,2,C03,8,1,5,50,5,1,1,5,4,5,7,2,1,1,4,5,1,16,2,32,2,8,3,4,7,9,1,10,1,11,,44,,1,22,9,121.581059,25.0429007
112,6,20,7,23,2,07信義區,信義區忠孝東路5段與大道路口,0,0,2,1,C03,8,1,5,50,5,1,1,5,4,5,7,2,1,1,4,5,1,16,2,56,2,9,3,4,7,6,1,10,1,11,,9,,1,22,9,121.581059,25.0429007
112,6,20,7,40,2,10文山區,文山區木柵路5段(指南客運前),0,0,1,1,C03,8,1,5,50,14,9,1,5,4,5,7,1,1,5,5,5,2,13,1,20,3,10,1,1,7,9,1,10,2,11,,43,,1,22,9,121.5918034,24.99888146
112,6,20,7,40,2,10文山區,文山區木柵路5段(指南客運前),0,0,1,2,C03,8,1,5,50,14,9,1,5,4,5,7,1,1,5,5,5,2,13,2,55,2,9,1,1,7,14,1,10,2,13,,43,,1,22,9,121.5918034,24.99888146
112,6,20,7,52,2,07信義區,信義區基隆路2段151號,0,0,2,3,C03,8,1,5,50,14,9,1,5,4,5,7,4,4,10,4,5,2,17,2,53,3,10,1,1,7,12,1,10,1,14,,42,,1,22,9,121.5543987,25.0259458
112,6,20,7,52,2,07信義區,信義區基隆路2段151號,0,0,2,2,C03,8,1,5,50,14,9,1,5,4,5,7,4,4,10,4,5,2,17,1,55,2,9,1,1,7,9,1,10,1,11,,23,,1,22,9,121.5543987,25.0259458
112,6,20,7,52,2,07信義區,信義區基隆路2段151號,0,0,2,1,C03,8,1,5,50,14,9,1,5,4,5,7,4,4,10,4,5,2,17,1,44,2,9,1,1,7,9,1,10,1,12,,42,,1,22,9,121.5543987,25.0259458
112,6,20,8,2,2,11南港區,南港區研究院路3段68巷與凌雲街口口,0,0,1,2,F01,8,1,5,50,4,1,1,5,4,5,7,4,4,10,5,5,2,16,1,53,2,9,2,1,7,9,8,20,1,16,,44,,1,22,9,121.6140755,25.03561689
112,6,20,8,2,2,11南港區,南港區研究院路3段68巷與凌雲街口口,0,0,1,1,B12,8,1,5,50,4,1,1,5,4,5,7,4,4,10,5,5,2,16,1,40,3,10,1,1,7,5,1,8,1,1,,6,,1,22,9,121.6140755,25.03561689
112,6,20,8,13,2,03中山區,中山區民族東路與德惠街167巷口,0,0,1,1,B03,8,1,5,50,3,2,1,5,4,5,7,4,4,1,4,5,2,16,1,40,3,10,3,4,7,6,1,8,1,2,,9,,1,22,9,121.5317348,25.0681845
112,6,20,8,13,2,03中山區,中山區民族東路與德惠街167巷口,0,0,1,2,C03,8,1,5,50,3,2,1,5,4,5,7,4,4,1,4,5,2,16,1,26,2,8,3,4,7,9,1,10,1,14,,23,,1,22,9,121.5317348,25.0681845
112,6,20,8,15,2,12內湖區,內湖區舊宗路1段319號,0,0,1,2,B03,8,1,5,50,14,9,1,5,4,5,7,4,4,1,4,5,1,13,1,33,3,10,3,4,7,1,1,8,1,3,,44,,1,22,9,121.58089,25.0579335
112,6,20,8,15,2,12內湖區,內湖區舊宗路1段319號,0,0,1,1,C03,8,1,5,50,14,9,1,5,4,5,7,4,4,1,4,5,1,13,2,31,2,9,3,4,7,9,1,10,1,11,,23,,1,22,9,121.58089,25.0579335
112,6,20,8,19,2,05中正區,中正區中山南路20號國家圖書館前,0,0,1,2,C03,8,1,5,50,14,9,1,5,4,5,7,4,4,9,4,5,2,17,2,33,2,9,1,1,7,9,1,10,2,12,,44,,1,22,9,121.5170249,25.0373079
112,6,20,8,19,2,05中正區,中正區中山南路20號國家圖書館前,0,0,1,1,B03,8,1,5,50,14,9,1,5,4,5,7,4,4,9,4,5,2,17,1,50,3,10,1,1,7,1,1,8,2,4,,19,,1,22,9,121.5170249,25.0373079
112,6,20,8,22,2,05中正區,中正區重慶南路3段147號,0,0,1,2,C03,8,1,5,50,14,9,1,5,4,5,7,4,4,1,4,5,2,12,1,50,2,7,3,4,7,7,1,10,2,13,,7,,1,22,9,121.5169312,25.0237007
112,6,20,8,22,2,05中正區,中正區重慶南路3段147號,0,0,1,1,B03,8,1,5,50,14,9,1,5,4,5,7,4,4,1,4,5,2,12,2,40,3,10,3,4,7,9,1,8,2,2,,44,,1,22,9,121.5169312,25.0237007
112,6,20,8,39,2,04大安區,大安區信義路3段與信義路3段111巷口,0,0,1,2,C03,8,1,5,30,4,1,1,5,4,5,7,1,1,1,3,1,2,16,2,37,2,9,1,1,7,9,1,10,1,11,,13,,1,22,9,121.5394833,25.0333873
112,6,20,8,39,2,04大安區,大安區信義路3段與信義路3段111巷口,0,0,1,1,B12,8,1,5,30,4,1,1,5,4,5,7,1,1,1,3,1,2,16,1,41,3,10,1,1,7,5,1,8,1,1,,6,,1,22,9,121.5394833,25.0333873
112,6,20,8,43,2,02萬華區,萬華區昆明街28巷與昆明街口,0,0,1,1,B03,8,1,5,50,3,1,1,5,4,5,7,4,4,10,5,5,2,2,1,49,3,10,3,4,7,2,1,8,11,3,,12,,1,22,9,121.5049805,25.04773066
112,6,20,8,43,2,02萬華區,萬華區昆明街28巷與昆明街口,0,0,1,2,H01,8,1,5,50,3,1,1,5,4,5,7,4,4,10,5,5,2,2,2,84,2,9,4,5,8,16,8,20,10,16,,67,,1,22,9,121.5049805,25.04773066
112,6,20,8,55,2,04大安區,大安區市民大道3段與復興南路1段口,0,0,2,3,H02,8,1,5,40,14,9,1,5,4,5,7,4,4,1,4,5,1,13,2,36,2,7,1,5,7,20,8,20,10,16,,,,1,22,9,121.5435982,25.04464624
112,6,20,8,55,2,04大安區,大安區市民大道3段與復興南路1段口,0,0,2,2,B03,8,1,5,40,14,9,1,5,4,5,7,4,4,1,4,5,1,13,1,66,3,10,1,1,7,9,1,8,1,7,,,,1,22,9,121.5435982,25.04464624
112,6,20,8,55,2,04大安區,大安區市民大道3段與復興南路1段口,0,0,2,1,C03,8,1,5,40,14,9,1,5,4,5,7,4,4,1,4,5,1,13,2,61,2,9,1,1,7,9,1,10,1,11,,,,1,22,9,121.5435982,25.04464624
112,6,20,9,0,2,01大同區,大同區鄭州路與重慶北路1段口,0,0,1,1,C03,8,1,5,40,4,1,1,5,4,5,7,2,1,8,3,5,2,12,1,19,2,9,1,1,7,7,1,10,1,14,,,,1,22,9,121.5133639,25.04944333
112,6,20,9,0,2,01大同區,大同區鄭州路與重慶北路1段口,0,0,1,2,C03,8,1,5,40,4,1,1,5,4,5,7,2,1,8,3,5,2,12,2,27,3,10,1,1,7,9,1,10,1,12,,,,1,22,9,121.5133639,25.04944333
112,6,20,9,0,2,04大安區,大安區大安路1段96巷與大安路1段口,0,0,1,2,B03,8,1,5,30,4,1,1,5,4,5,7,4,4,8,3,5,2,15,1,64,3,10,1,1,7,9,1,8,1,8,,42,,1,22,9,121.5460756,25.0405931
112,6,20,9,0,2,04大安區,大安區大安路1段96巷與大安路1段口,0,0,1,1,C03,8,1,5,30,4,1,1,5,4,5,7,4,4,8,3,5,2,15,1,25,2,9,1,1,7,9,1,10,1,13,,6,,1,22,9,121.5460756,25.0405931
112,6,20,9,0,2,06松山區,松山區延壽街與延壽街330巷口,0,0,1,1,B03,8,1,5,50,3,1,1,5,4,5,7,1,1,5,3,5,2,17,1,61,3,10,1,1,7,5,1,8,1,15,,8,,1,22,9,121.56014,25.0566141
112,6,20,9,0,2,06松山區,松山區延壽街與延壽街330巷口,0,0,1,2,F01,8,1,5,50,3,1,1,5,4,5,7,1,1,5,3,5,2,17,2,82,2,9,1,1,7,9,8,20,1,16,,44,,1,22,9,121.56014,25.0566141
112,6,20,9,0,2,12內湖區,內湖區新明路451巷與新明路口,0,0,2,1,C03,8,1,5,30,4,1,1,5,4,5,7,4,4,10,5,5,2,15,2,43,2,9,1,1,7,9,1,10,2,11,,6,,1,22,9,121.5804274,25.05476074
112,6,20,9,0,2,12內湖區,內湖區新明路451巷與新明路口,0,0,2,2,C03,8,1,5,30,4,1,1,5,4,5,7,4,4,10,5,5,2,15,1,41,2,9,1,1,7,9,1,10,2,11,,23,,1,22,9,121.5804274,25.05476074
112,6,20,9,20,2,12內湖區,內湖區麗山街348巷10弄2號,0,0,1,1,B01,8,1,5,30,4,1,1,5,4,5,7,4,4,9,5,5,2,15,1,52,3,10,1,1,7,9,1,4,2,8,,6,,1,22,9,121.5735633,25.08203016
112,6,20,9,20,2,12內湖區,內湖區麗山街348巷10弄2號,0,0,1,2,C03,8,1,5,30,4,1,1,5,4,5,7,4,4,9,5,5,2,15,2,29,2,9,1,1,7,9,1,10,2,12,,13,,1,22,9,121.5735633,25.08203016
112,6,20,9,30,2,07信義區,信義區吳興街220巷59弄與吳興街220巷口,0,0,1,1,B03,8,1,5,50,3,1,1,5,4,5,7,2,1,10,5,5,2,17,1,64,3,10,1,1,7,5,6,18,1,4,,42,,1,22,9,121.5615742,25.0264635
112,6,20,9,30,2,07信義區,信義區吳興街220巷59弄與吳興街220巷口,0,0,1,2,C03,8,1,5,50,3,1,1,5,4,5,7,2,1,10,5,5,2,17,1,61,2,9,1,1,7,9,1,10,1,12,,42,,1,22,9,121.5615742,25.0264635
112,6,20,9,46,2,10文山區,文山區興隆路1段70巷11弄與興隆路1段70巷9弄口,0,0,1,2,C03,8,1,5,30,4,1,1,5,4,5,7,4,4,10,5,5,2,15,2,49,2,7,1,1,7,15,1,10,2,11,,5,,1,22,9,121.5405818,25.0021153
112,6,20,9,46,2,10文山區,文山區興隆路1段70巷11弄與興隆路1段70巷9弄口,0,0,1,1,B11,8,1,5,30,4,1,1,5,4,5,7,4,4,10,5,5,2,15,1,47,3,10,1,1,7,9,1,4,2,2,,6,,1,22,9,121.5405818,25.0021153
112,6,20,9,46,2,10文山區,文山區興隆路1段70巷11弄與興隆路1段70巷9弄口,0,0,1,3,A11,8,1,5,30,4,1,1,5,4,5,7,4,4,10,5,5,2,15,1,36,3,10,1,1,7,14,1,3,11,15,,38,,1,22,9,121.5405818,25.0021153
112,6,20,9,50,2,03中山區,中山區民族東路97號,0,0,1,2,C03,8,1,5,50,14,7,1,5,4,5,7,4,4,1,4,4,2,12,1,18,2,9,3,4,7,9,1,10,1,12,,26,,1,22,9,121.537015,25.068196
112,6,20,9,50,2,03中山區,中山區民族東路97號,0,0,1,1,B03,8,1,5,50,14,7,1,5,4,5,7,4,4,1,4,4,2,12,1,42,3,10,3,4,7,1,1,8,1,5,,19,,1,22,9,121.537015,25.068196
112,6,20,9,50,2,12內湖區,內湖區瑞光路258巷39號,0,0,1,1,B03,8,1,5,50,14,9,1,5,4,5,7,4,4,5,4,5,2,16,1,31,3,10,1,1,7,5,1,8,1,4,,44,,1,22,9,121.5749298,25.07485318
112,6,20,9,50,2,12內湖區,內湖區瑞光路258巷39號,0,0,1,2,C03,8,1,5,50,14,9,1,5,4,5,7,4,4,5,4,5,2,16,1,57,2,9,1,1,7,4,1,10,1,11,,26,,1,22,9,121.5749298,25.07485318
112,6,20,10,15,2,12內湖區,內湖區康寧路3段75巷與康寧路3段75巷207弄口,0,0,2,1,B03,8,1,5,50,3,2,1,5,4,5,7,4,4,5,5,5,2,12,1,87,3,10,1,1,7,6,6,8,1,5,,42,,1,22,9,121.6135909,25.0770453
112,6,20,10,15,2,12內湖區,內湖區康寧路3段75巷與康寧路3段75巷207弄口,0,0,2,2,C04,8,1,5,50,3,2,1,5,4,5,7,4,4,5,5,5,2,12,2,26,2,9,1,1,7,9,1,10,1,14,,44,,1,22,9,121.6135909,25.0770453
112,6,20,10,15,2,12內湖區,內湖區康寧路3段75巷與康寧路3段75巷207弄口,0,0,2,3,H02,8,1,5,50,3,2,1,5,4,5,7,4,4,5,5,5,2,12,2,50,2,9,1,5,7,20,8,20,10,15,,67,,1,22,9,121.6135909,25.0770453
112,6,20,10,25,2,12內湖區,內湖區民權東路6段123巷20弄與民權東路6段123巷口,0,0,2,1,C03,8,1,5,30,4,1,1,5,4,5,7,4,4,5,5,5,2,16,2,53,2,9,1,1,7,11,1,10,1,12,,10,,1,22,9,121.5928592,25.0697059
112,6,20,10,25,2,12內湖區,內湖區民權東路6段123巷20弄與民權東路6段123巷口,0,0,2,2,C03,8,1,5,30,4,1,1,5,4,5,7,4,4,5,5,5,2,16,2,73,2,9,1,1,7,9,1,10,9,11,,44,,1,22,9,121.5928592,25.0697059
112,6,20,10,30,2,12內湖區,內湖區潭美街與安康路32巷口,0,0,1,2,C03,8,1,5,40,3,2,1,5,4,5,7,4,4,4,4,5,1,12,1,27,3,10,3,4,7,6,1,10,1,13,,9,,1,22,9,121.5950022,25.0610417
112,6,20,10,30,2,12內湖區,內湖區潭美街與安康路32巷口,0,0,1,1,C03,8,1,5,40,3,2,1,5,4,5,7,4,4,4,4,5,1,12,2,33,2,8,3,4,7,9,1,10,1,11,,13,,1,22,9,121.5950022,25.0610417
112,6,20,10,31,2,02萬華區,萬華區中華路2段416巷與萬大路277巷33弄口,0,0,1,1,F01,8,1,5,30,14,9,1,5,4,5,7,1,1,10,5,5,2,17,2,74,2,6,2,4,7,5,8,20,1,16,,8,,1,22,9,121.501719,25.0264695
112,6,20,10,31,2,02萬華區,萬華區中華路2段416巷與萬大路277巷33弄口,0,0,1,2,C03,8,1,5,30,14,9,1,5,4,5,7,1,1,10,5,5,2,17,1,30,3,10,3,4,7,9,1,10,1,11,,44,,1,22,9,121.501719,25.0264695
112,6,20,10,33,2,08士林區,士林區通河東街2段20巷與通河東街2段口,0,0,1,2,C03,8,1,5,30,3,1,1,5,4,5,7,4,4,10,5,5,1,16,1,70,2,2,3,4,7,9,1,10,2,12,,14,,1,22,9,121.5145409,25.09241629
112,6,20,10,33,2,08士林區,士林區通河東街2段20巷與通河東街2段口,0,0,1,1,B03,8,1,5,30,3,1,1,5,4,5,7,4,4,10,5,5,1,16,1,24,3,10,3,4,7,6,1,8,2,8,,6,,1,22,9,121.5145409,25.09241629
112,6,20,10,33,2,08士林區,士林區通河東街2段20巷與通河東街2段口,0,0,1,3,C03,8,1,5,30,3,1,1,5,4,5,7,4,4,10,5,5,1,16,1,59,4,11,3,4,7,13,7,19,11,15,,44,,1,22,9,121.5145409,25.09241629
112,6,20,10,54,2,03中山區,中山區民族東路與松江路口,0,0,1,1,B03,8,1,5,50,4,1,1,5,4,5,7,1,1,3,4,4,2,13,1,37,3,10,1,1,7,9,1,8,1,1,,16,,1,22,9,121.5331133,25.06829022
112,6,20,10,54,2,03中山區,中山區民族東路與松江路口,0,0,1,2,C01,8,1,5,50,4,1,1,5,4,5,7,1,1,3,4,4,2,13,1,66,2,9,1,1,7,12,1,9,1,13,12,44,,1,22,9,121.5331133,25.06829022
112,6,20,11,12,2,06松山區,松山區民權東路4段36號,0,0,1,1,C03,8,1,5,50,14,9,1,5,4,5,7,4,4,1,3,4,2,16,1,43,2,9,1,1,7,5,1,10,9,14,,42,,1,22,9,121.5528256,25.06172692
112,6,20,11,12,2,06松山區,松山區民權東路4段36號,0,0,1,3,B03,8,1,5,50,14,9,1,5,4,5,7,4,4,1,3,4,2,16,1,49,3,10,1,1,7,9,1,8,2,1,,44,,1,22,9,121.5528256,25.06172692
112,6,20,11,12,2,06松山區,松山區民權東路4段36號,0,0,1,2,B03,8,1,5,50,14,9,1,5,4,5,7,4,4,1,3,4,2,16,1,69,3,10,1,1,7,9,1,4,2,4,,44,,1,22,9,121.5528256,25.06172692
112,6,20,11,21,2,10文山區,文山區忠順街1段26巷與忠順街1段26巷27弄口,0,0,1,1,C03,8,1,5,30,4,1,1,5,4,5,7,4,4,5,5,5,2,16,1,29,3,10,3,4,7,9,1,10,2,11,,,,1,21,8,121.559786,24.98203923
112,6,20,11,21,2,10文山區,文山區忠順街1段26巷與忠順街1段26巷27弄口,0,0,1,2,C03,8,1,5,30,4,1,1,5,4,5,7,4,4,5,5,5,2,16,1,69,2,8,3,4,7,14,1,10,2,14,,,,1,21,8,121.559786,24.98203923
112,6,20,11,23,2,07信義區,信義區基隆路2段131號,0,0,1,1,C03,8,1,5,50,14,9,1,5,4,5,7,4,4,1,4,5,1,13,1,22,2,7,3,4,7,9,1,10,1,11,,16,,1,22,9,121.5567686,25.0282673
112,6,20,11,23,2,07信義區,信義區基隆路2段131號,0,0,1,2,B01,8,1,5,50,14,9,1,5,4,5,7,4,4,1,4,5,1,13,1,63,3,10,3,4,7,14,1,4,1,3,,44,,1,22,9,121.5567686,25.0282673
112,6,20,11,23,2,07信義區,信義區基隆路2段131號,0,0,1,3,B03,8,1,5,50,14,9,1,5,4,5,7,4,4,1,4,5,1,13,1,58,3,10,3,4,7,14,1,8,1,4,,44,,1,22,9,121.5567686,25.0282673
112,6,20,11,28,2,10文山區,文山區景文街與羅斯福路6段401巷口,0,0,1,1,B03,8,1,5,50,3,1,1,5,4,5,7,4,4,5,5,4,2,13,2,27,3,10,1,1,7,9,1,8,1,1,,16,,1,22,9,121.5413548,24.991724
112,6,20,11,28,2,10文山區,文山區景文街與羅斯福路6段401巷口,0,0,1,2,C03,8,1,5,50,3,1,1,5,4,5,7,4,4,5,5,4,2,13,1,69,2,8,1,1,7,9,1,10,1,13,,44,,1,22,9,121.5413548,24.991724
112,6,20,11,31,2,04大安區,大安區新生南路1段97巷與新生南路1段103巷33弄口,0,0,1,1,C03,8,1,5,30,4,2,1,5,4,5,7,4,4,10,5,5,1,16,1,45,2,7,1,3,7,9,1,9,1,12,,6,,1,5,3,121.5356802,25.04117505
112,6,20,11,31,2,04大安區,大安區新生南路1段97巷與新生南路1段103巷33弄口,0,0,1,2,B02,8,1,5,30,4,2,1,5,4,5,7,4,4,10,5,5,1,16,2,37,3,10,1,1,7,15,1,8,1,5,,14,,1,21,5,121.5356802,25.04117505
112,6,20,11,53,2,12內湖區,內湖區康寧路3段165巷18號對面,0,0,1,1,C03,8,1,5,0,14,9,1,5,4,5,7,4,4,10,5,5,2,13,2,26,2,8,1,1,7,9,1,10,1,11,,23,,1,22,9,121.6120771,25.07121767
112,6,20,11,53,2,12內湖區,內湖區康寧路3段165巷18號對面,0,0,1,2,B03,8,1,5,0,14,9,1,5,4,5,7,4,4,10,5,5,2,13,1,43,3,10,1,1,7,14,1,8,1,7,,38,,1,22,9,121.6120771,25.07121767
112,6,20,11,56,2,09北投區,北投區明德路與西安街1段口,0,0,1,2,C03,8,1,5,50,4,1,1,5,4,5,7,2,1,5,4,5,2,16,1,29,2,9,1,1,7,9,1,10,1,11,,23,,1,22,9,121.5190531,25.1090368
112,6,20,11,56,2,09北投區,北投區明德路與西安街1段口,0,0,1,1,A02,8,1,5,50,4,1,1,5,4,5,7,2,1,5,4,5,2,16,1,54,3,10,1,1,7,5,1,2,1,1,,8,,1,22,9,121.5190531,25.1090368
112,6,20,11,58,2,07信義區,信義區逸仙路50巷與忠孝東路4段554巷口,0,0,1,1,F03,8,1,5,30,4,2,1,5,4,5,7,4,4,10,5,5,2,9,1,34,4,11,3,4,7,15,7,19,11,15,,,,2,22,9,121.5631956,25.0406156
112,6,20,11,58,2,07信義區,信義區逸仙路50巷與忠孝東路4段554巷口,0,0,1,2,H01,8,1,5,30,4,2,1,5,4,5,7,4,4,10,5,5,2,9,2,38,2,6,4,5,8,16,8,20,10,16,,,,1,22,9,121.5631956,25.0406156
112,6,20,12,20,2,03中山區,中山區長春路129號,0,0,2,1,C03,8,1,5,50,14,7,1,5,4,5,7,4,4,9,4,4,2,13,1,26,2,7,1,4,7,11,1,10,1,14,,10,,1,22,9,121.5305068,25.0548552
112,6,20,12,20,2,03中山區,中山區長春路129號,0,0,2,2,C03,8,1,5,50,14,7,1,5,4,5,7,4,4,9,4,4,2,13,2,32,2,9,1,4,7,9,1,10,1,11,,23,,1,22,9,121.5305068,25.0548552
112,6,20,12,53,2,12內湖區,內湖區新明路與新明路86巷口口,0,0,1,1,C03,8,1,5,50,4,1,1,5,4,5,7,4,4,5,4,5,2,13,1,36,2,8,1,1,7,9,1,10,1,11,,23,,1,22,9,121.589769,25.05962924
112,6,20,12,53,2,12內湖區,內湖區新明路與新明路86巷口口,0,0,1,2,B03,8,1,5,50,4,1,1,5,4,5,7,4,4,5,4,5,2,13,1,30,3,10,1,1,7,5,1,8,1,3,,44,,1,22,9,121.589769,25.05962924
112,6,20,13,32,2,07信義區,信義區信安街67巷(景勤二號公園地下停車場前),0,0,1,2,C03,8,1,5,50,14,7,1,5,4,5,7,4,4,9,5,4,2,12,2,29,2,6,1,1,7,9,1,10,2,12,,44,,1,22,9,121.5587628,25.0259589
112,6,20,13,32,2,07信義區,信義區信安街67巷(景勤二號公園地下停車場前),0,0,1,1,B03,8,1,5,50,14,7,1,5,4,5,7,4,4,9,5,4,2,12,1,25,3,10,1,1,7,5,1,8,2,4,,8,,1,22,9,121.5587628,25.0259589
112,6,20,13,35,2,12內湖區,內湖區成美橋頭,0,0,1,1,C03,8,1,5,50,4,1,1,5,4,5,7,2,1,9,4,5,2,13,1,26,2,9,1,1,7,9,1,10,2,11,,16,,1,22,9,121.5822236,25.0556652
112,6,20,13,35,2,12內湖區,內湖區成美橋頭,0,0,1,2,B03,8,1,5,50,4,1,1,5,4,5,7,2,1,9,4,5,2,13,2,47,3,10,1,1,7,6,1,8,2,3,,44,,1,22,9,121.5822236,25.0556652
112,6,20,13,35,2,12內湖區,內湖區成美橋頭,0,0,1,3,C03,8,1,5,50,4,1,1,5,4,5,7,2,1,9,4,5,2,13,2,43,3,10,1,1,7,12,1,10,2,15,,42,,1,22,9,121.5822236,25.0556652
112,6,20,13,58,2,06松山區,松山區敦化南路1段57號,0,0,2,1,C03,8,1,5,50,14,9,1,5,4,5,7,4,4,1,4,5,1,17,1,19,2,9,1,1,7,7,1,10,1,13,,7,,1,22,9,121.5490943,25.0457949
112,6,20,13,58,2,06松山區,松山區敦化南路1段57號,0,0,2,5,H02,8,1,5,50,14,9,1,5,4,5,7,4,4,1,4,5,1,17,2,19,2,9,1,5,7,20,8,20,10,16,,67,,1,22,9,121.5490943,25.0457949
112,6,20,13,58,2,06松山區,松山區敦化南路1段57號,0,0,2,4,B12,8,1,5,50,14,9,1,5,4,5,7,4,4,1,4,5,1,17,1,66,3,10,1,1,7,13,1,8,9,15,,38,,2,22,9,121.5490943,25.0457949
112,6,20,13,58,2,06松山區,松山區敦化南路1段57號,0,0,2,3,A01,8,1,5,50,14,9,1,5,4,5,7,4,4,1,4,5,1,17,1,39,3,10,1,1,7,14,1,2,1,4,,38,,1,22,9,121.5490943,25.0457949
112,6,20,13,58,2,06松山區,松山區敦化南路1段57號,0,0,2,2,B03,8,1,5,50,14,9,1,5,4,5,7,4,4,1,4,5,1,17,1,22,3,10,1,1,7,9,1,8,1,5,,44,,1,22,9,121.5490943,25.0457949
112,6,20,14,42,2,04大安區,大安區市民大道4段與復興南路1段口,0,0,1,2,C04,8,1,5,50,5,1,1,5,4,5,7,1,1,8,3,5,2,12,2,30,2,9,1,1,7,9,1,8,1,14,,44,,1,22,9,121.5440042,25.0448605
112,6,20,14,42,2,04大安區,大安區市民大道4段與復興南路1段口,0,0,1,1,C03,8,1,5,50,5,1,1,5,4,5,7,1,1,8,3,5,2,12,1,60,3,10,1,1,7,8,1,10,1,12,,7,,1,22,9,121.5440042,25.0448605
112,6,20,14,55,2,04大安區,大安區羅斯福路4段123巷與羅斯福路4段口,0,0,2,2,F06,8,1,5,30,3,1,1,5,4,5,7,4,4,10,3,5,2,15,2,42,2,7,4,1,7,9,8,20,1,16,,42,,1,22,9,121.5375107,25.0105158