發生年度,發生月,發生日,發生時-Hours,發生分,處理別-編號,區序,肇事地點,死亡人數,2-30日死亡人數,受傷人數,當事人序號,車種,天候,光線,道路類別,速限-速度限制,道路型態,事故位置,路面狀況1,路面狀況2,路面狀況3,道路障礙1,道路障礙2,號誌1,號誌2,車道劃分-分向,車道劃分-分道1,車道劃分-分道2,車道劃分-分道3,事故類型及型態,性別,年齡,受傷程度,主要傷處,保護裝置,行動電話,車輛用途,當事者行動狀態,駕駛資格情形,駕駛執照種類,飲酒情形,車輛撞擊部位1,車輛撞擊部位2,肇因碼-個別,肇因碼-主要,個人肇逃否,職業,旅次目的,座標-X,座標-Y
112,6,20,14,55,2,04大安區,大安區羅斯福路4段123巷與羅斯福路4段口,0,0,2,1,C03,8,1,5,30,3,1,1,5,4,5,7,4,4,10,3,5,2,15,1,32,2,7,1,1,7,9,1,10,1,11,,6,,1,22,9,121.5375107,25.0105158
112,6,20,14,55,2,06松山區,松山區富錦街107巷與民權東路4段口,0,0,2,3,H02,8,2,5,50,3,1,1,5,4,5,7,4,4,1,4,4,2,16,1,2,2,8,1,1,7,21,8,20,10,16,,67,,1,22,9,121.552194,25.06157015
112,6,20,14,55,2,06松山區,松山區富錦街107巷與民權東路4段口,0,0,2,1,C03,8,2,5,50,3,1,1,5,4,5,7,4,4,1,4,4,2,16,1,37,3,10,1,1,7,6,1,10,1,12,,9,,1,22,9,121.552194,25.06157015
112,6,20,14,55,2,06松山區,松山區富錦街107巷與民權東路4段口,0,0,2,2,C03,8,2,5,50,3,1,1,5,4,5,7,4,4,1,4,4,2,16,2,39,2,8,1,1,7,9,1,10,1,11,,44,,1,22,9,121.552194,25.06157015
112,6,20,15,6,2,09北投區,北投區承德路7段143號,0,0,1,2,B12,8,1,5,60,14,7,1,5,4,5,7,4,4,4,3,4,2,13,1,46,3,10,1,1,7,14,1,8,1,7,,44,,1,22,9,121.5085154,25.11303483
112,6,20,15,6,2,09北投區,北投區承德路7段143號,0,0,1,1,C03,8,1,5,60,14,7,1,5,4,5,7,4,4,4,3,4,2,13,1,22,2,9,1,1,7,9,1,10,1,11,,44,,1,22,9,121.5085154,25.11303483
112,6,20,15,30,2,03中山區,中山區八德路2段174巷24弄與建國北路1段口,0,0,1,2,C03,8,1,5,30,3,1,1,5,4,5,7,4,4,10,5,5,2,17,1,48,3,10,1,1,7,6,1,10,1,13,,,,1,22,9,121.5369781,25.0454087
112,6,20,15,30,2,03中山區,中山區八德路2段174巷24弄與建國北路1段口,0,0,1,1,F01,8,1,5,30,3,1,1,5,4,5,7,4,4,10,5,5,2,17,2,58,2,9,3,4,7,1,8,20,1,16,,,,1,22,9,121.5369781,25.0454087
112,6,20,15,30,2,11南港區,南港區重陽路與興華路口口,0,0,1,2,C03,8,1,5,50,4,1,1,5,4,5,7,2,1,5,5,5,2,16,1,22,2,9,1,1,7,9,1,10,1,11,,44,,1,22,9,121.6053375,25.0578843
112,6,20,15,30,2,11南港區,南港區重陽路與興華路口口,0,0,1,1,B03,8,1,5,50,4,1,1,5,4,5,7,2,1,5,5,5,2,16,1,44,3,10,1,1,7,5,1,8,1,5,,6,,1,22,9,121.6053375,25.0578843
112,6,20,15,36,2,04大安區,大安區延吉街62巷與忠孝東路4段223巷口,0,0,2,1,C03,8,1,5,30,4,1,1,5,4,5,7,4,4,9,5,5,1,15,1,48,2,9,1,1,7,9,1,10,1,14,,6,,1,22,9,121.5530104,25.0434647
112,6,20,15,36,2,04大安區,大安區延吉街62巷與忠孝東路4段223巷口,0,0,2,2,C03,8,1,5,30,4,1,1,5,4,5,7,4,4,9,5,5,1,15,1,19,3,10,1,1,7,9,1,10,1,11,,14,,1,22,9,121.5530104,25.0434647
112,6,20,15,36,2,04大安區,大安區延吉街62巷與忠孝東路4段223巷口,0,0,2,3,H02,8,1,5,30,4,1,1,5,4,5,7,4,4,9,5,5,1,15,2,49,2,9,1,5,7,17,8,20,1,16,,67,,1,22,9,121.5530104,25.0434647
112,6,20,15,40,2,12內湖區,內湖區康樂街與康湖路口,0,0,1,2,C03,8,1,5,50,3,2,1,5,4,5,7,1,1,4,4,5,1,13,1,24,2,5,3,4,7,14,1,10,1,13,,26,,1,22,9,121.6228784,25.07819636
112,6,20,15,40,2,12內湖區,內湖區康樂街與康湖路口,0,0,1,1,B03,8,1,5,50,3,2,1,5,4,5,7,1,1,4,4,5,1,13,2,44,3,10,3,4,7,14,1,8,1,1,,23,,1,22,9,121.6228784,25.07819636
112,6,20,15,41,2,12內湖區,內湖區民權東路6段與民權東路6段206巷口,0,0,1,1,B03,8,1,5,0,3,1,1,5,4,5,7,1,1,1,4,5,2,16,1,50,2,1,1,1,7,11,1,8,1,5,,6,,1,22,9,121.5952413,25.06862599
112,6,20,15,41,2,12內湖區,內湖區民權東路6段與民權東路6段206巷口,0,0,1,2,B03,8,1,5,0,3,1,1,5,4,5,7,1,1,1,4,5,2,16,1,65,3,10,1,1,7,9,1,8,1,7,,44,,1,22,9,121.5952413,25.06862599
112,6,20,15,43,2,12內湖區,內湖區文德路90巷18號,0,0,1,1,B03,8,1,5,30,3,1,1,5,4,5,7,4,4,9,5,5,2,16,2,64,3,10,1,1,7,6,1,8,1,8,,6,,1,22,9,121.582464,25.07710855
112,6,20,15,43,2,12內湖區,內湖區文德路90巷18號,0,0,1,2,C03,8,1,5,30,3,1,1,5,4,5,7,4,4,9,5,5,2,16,2,48,2,9,1,1,7,9,1,10,1,12,,44,,1,22,9,121.582464,25.07710855
112,6,20,16,1,2,10文山區,文山區秀明路1段與久康街口,0,0,1,1,A05,8,1,5,50,4,1,1,5,4,5,7,1,1,1,5,5,2,16,1,61,3,10,1,1,7,11,1,2,1,4,,10,,1,22,9,121.5649524,24.98976034
112,6,20,16,1,2,10文山區,文山區秀明路1段與久康街口,0,0,1,2,C03,8,1,5,50,4,1,1,5,4,5,7,1,1,1,5,5,2,16,1,37,2,9,1,1,7,9,1,10,1,11,,44,,1,22,9,121.5649524,24.98976034
112,6,20,16,17,2,08士林區,士林區中山北路6段765號,0,0,1,1,C03,8,1,5,50,14,9,1,5,4,5,7,4,4,1,5,5,1,12,2,64,2,9,1,1,7,7,1,10,1,14,,6,,1,22,9,121.5281565,25.11585805
112,6,20,16,17,2,08士林區,士林區中山北路6段765號,0,0,1,2,B03,8,1,5,50,14,9,1,5,4,5,7,4,4,1,5,5,1,12,2,53,3,10,1,1,7,9,1,8,1,5,,23,,1,22,9,121.5281565,25.11585805
112,6,20,16,20,2,12內湖區,內湖區行善路48巷與新湖一路口,0,0,1,1,B03,8,1,5,0,4,1,1,5,4,5,7,4,4,5,5,5,2,16,2,48,3,10,1,1,7,9,1,8,1,7,,6,,1,22,9,121.5748285,25.0584542
112,6,20,16,20,2,12內湖區,內湖區行善路48巷與新湖一路口,0,0,1,2,C03,8,1,5,0,4,1,1,5,4,5,7,4,4,5,5,5,2,16,2,23,2,9,1,1,7,9,1,10,1,11,,44,,1,22,9,121.5748285,25.0584542
112,6,20,16,21,2,12內湖區,內湖區民權東路6段123巷與民權東路6段123巷20弄口,0,0,1,3,,8,1,5,30,14,9,1,5,4,5,7,4,4,5,5,5,2,13,4,0,4,11,3,4,7,15,7,19,11,15,,43,,2,22,9,121.5928582,25.06970846
112,6,20,16,21,2,12內湖區,內湖區民權東路6段123巷與民權東路6段123巷20弄口,0,0,1,1,C03,8,1,5,30,14,9,1,5,4,5,7,4,4,5,5,5,2,13,2,64,2,7,1,1,7,9,1,10,1,14,,23,,1,22,9,121.5928582,25.06970846
112,6,20,16,21,2,12內湖區,內湖區民權東路6段123巷與民權東路6段123巷20弄口,0,0,1,2,B01,8,1,5,30,14,9,1,5,4,5,7,4,4,5,5,5,2,13,1,37,3,10,1,1,7,14,1,4,1,6,,44,,1,22,9,121.5928582,25.06970846
112,6,20,16,44,2,07信義區,信義區忠孝東路4段553巷6弄與忠孝東路4段559巷口,0,0,1,1,C03,8,1,5,30,4,2,1,5,4,5,7,4,4,10,5,5,2,15,1,53,2,9,1,1,7,9,1,10,1,11,,,,1,22,9,121.5636653,25.0422519
112,6,20,16,44,2,07信義區,信義區忠孝東路4段553巷6弄與忠孝東路4段559巷口,0,0,1,2,B03,8,1,5,30,4,2,1,5,4,5,7,4,4,10,5,5,2,15,1,64,3,10,1,1,7,9,1,8,1,1,,,,1,22,9,121.5636653,25.0422519
112,6,20,17,11,2,03中山區,中山區市民大道3段與松江路口,0,0,2,2,H01,8,1,5,40,4,1,1,5,4,5,7,1,2,1,4,5,2,1,1,37,2,9,4,5,8,18,8,20,10,16,,67,,1,22,9,121.5327525,25.04559807
112,6,20,17,11,2,03中山區,中山區市民大道3段與松江路口,0,0,2,1,C03,8,1,5,40,4,1,1,5,4,5,7,1,2,1,4,5,2,1,1,29,2,9,1,4,7,9,1,10,1,11,,15,,1,22,9,121.5327525,25.04559807
112,6,20,17,13,2,01大同區,大同區環河北路1段351號,0,0,1,2,C03,8,1,5,50,14,9,1,5,4,5,7,4,4,1,4,5,1,17,1,40,2,9,1,1,7,9,1,10,2,14,,44,,1,22,9,121.5085215,25.06092565
112,6,20,17,13,2,01大同區,大同區環河北路1段351號,0,0,1,1,B03,8,1,5,50,14,9,1,5,4,5,7,4,4,1,4,5,1,17,1,50,4,11,3,4,7,10,7,19,11,15,,7,,2,22,9,121.5085215,25.06092565
112,6,20,17,28,2,03中山區,中山區建國北路1段80號,0,0,1,3,H02,8,1,5,50,14,7,1,5,4,5,7,1,1,9,4,5,2,17,1,20,2,8,1,5,7,21,8,20,10,16,,67,,1,22,9,121.5366534,25.0497267
112,6,20,17,28,2,03中山區,中山區建國北路1段80號,0,0,1,1,B03,8,1,5,50,14,7,1,5,4,5,7,1,1,9,4,5,2,17,1,61,4,11,3,4,7,5,7,19,11,15,,8,,2,22,9,121.5366534,25.0497267
112,6,20,17,28,2,03中山區,中山區建國北路1段80號,0,0,1,2,C03,8,1,5,50,14,7,1,5,4,5,7,1,1,9,4,5,2,17,1,20,3,10,1,4,7,9,1,10,1,12,,44,,1,22,9,121.5366534,25.0497267
112,6,20,17,40,2,04大安區,大安區羅斯福路4段與基隆路4段口,0,0,1,1,B03,8,1,5,50,5,1,1,5,4,5,7,2,1,1,4,5,1,15,1,65,3,10,1,1,7,9,1,8,1,2,,44,,1,22,9,121.537406,25.0111375
112,6,20,17,40,2,04大安區,大安區羅斯福路4段與基隆路4段口,0,0,1,2,C03,8,1,5,50,5,1,1,5,4,5,7,2,1,1,4,5,1,15,1,20,2,9,1,1,7,9,1,10,1,11,,6,,1,22,9,121.537406,25.0111375
112,6,20,17,45,2,05中正區,中正區市民大道1段台北車站北2門前,0,0,4,1,A02,7,1,5,40,14,9,1,5,4,5,7,4,4,1,4,5,2,17,1,53,3,10,1,4,7,1,1,1,2,8,,19,,1,10,4,121.5174856,25.0484723
112,6,20,17,45,2,05中正區,中正區市民大道1段台北車站北2門前,0,0,4,2,C03,7,1,5,40,14,9,1,5,4,5,7,4,4,1,4,5,2,17,2,41,2,9,1,4,7,9,1,10,2,11,,44,,1,22,9,121.5174856,25.0484723
112,6,20,17,45,2,05中正區,中正區市民大道1段台北車站北2門前,0,0,4,3,C03,7,1,5,40,14,9,1,5,4,5,7,4,4,1,4,5,2,17,1,53,2,9,1,4,7,9,1,10,2,11,,17,,1,22,9,121.5174856,25.0484723
112,6,20,17,45,2,05中正區,中正區市民大道1段台北車站北2門前,0,0,4,4,C03,7,1,5,40,14,9,1,5,4,5,7,4,4,1,4,5,2,17,2,41,2,9,1,4,7,9,1,10,2,12,,44,,1,22,9,121.5174856,25.0484723
112,6,20,17,45,2,05中正區,中正區市民大道1段台北車站北2門前,0,0,4,5,C03,7,1,5,40,14,9,1,5,4,5,7,4,4,1,4,5,2,17,1,21,2,7,1,4,7,9,1,10,11,11,,23,,1,22,9,121.5174856,25.0484723
112,6,20,17,45,2,10文山區,文山區興隆路4段105巷與興隆路4段口,0,0,2,1,C03,8,1,5,50,4,1,1,5,4,5,7,1,1,1,3,5,2,16,2,57,2,9,1,1,7,5,1,10,1,12,,8,,1,22,9,121.5606053,24.98767403
112,6,20,17,45,2,10文山區,文山區興隆路4段105巷與興隆路4段口,0,0,2,2,C03,8,1,5,50,4,1,1,5,4,5,7,1,1,1,3,5,2,16,1,46,2,9,1,1,7,9,1,10,1,11,,44,,1,22,9,121.5606053,24.98767403
112,6,20,17,50,2,06松山區,松山區敦化北路222巷與敦化北路口口,0,0,1,1,B03,8,1,5,30,14,8,1,5,4,5,7,4,4,1,4,1,2,12,1,73,3,10,1,1,7,15,1,8,9,15,,6,,2,22,9,121.5490643,25.0585829
112,6,20,17,50,2,06松山區,松山區敦化北路222巷與敦化北路口口,0,0,1,2,C04,8,1,5,30,14,8,1,5,4,5,7,4,4,1,4,1,2,12,1,20,2,9,1,1,7,9,1,10,9,14,,42,,1,22,9,121.5490643,25.0585829
112,6,20,17,50,2,06松山區,松山區敦化北路222巷與敦化北路口口,0,0,1,3,B01,8,1,5,30,14,8,1,5,4,5,7,4,4,1,4,1,2,12,1,69,4,11,3,4,7,15,7,19,11,15,,38,,2,22,9,121.5490643,25.0585829
112,6,20,17,54,2,08士林區,士林區承德路4段與中正路口,0,0,1,1,C03,8,1,5,50,4,1,1,5,4,5,7,2,1,1,5,5,1,10,1,26,3,10,1,1,7,7,1,10,1,14,,7,,1,22,9,121.5165045,25.0905866
112,6,20,17,54,2,08士林區,士林區承德路4段與中正路口,0,0,1,2,C03,8,1,5,50,4,1,1,5,4,5,7,2,1,1,5,5,1,10,2,45,2,9,1,1,7,9,1,10,1,12,,23,,1,22,9,121.5165045,25.0905866
112,6,20,17,59,2,09北投區,北投區大業路480號,0,0,1,2,C03,8,1,5,50,14,8,1,5,4,5,7,4,4,9,4,4,1,12,2,50,2,8,1,1,7,9,1,10,1,14,,44,,1,22,9,121.4960819,25.132003
112,6,20,17,59,2,09北投區,北投區大業路480號,0,0,1,1,B03,8,1,5,50,14,8,1,5,4,5,7,4,4,9,4,4,1,12,1,29,3,10,1,1,7,3,1,8,1,6,,18,,1,22,9,121.4960819,25.132003
112,6,20,18,2,2,09北投區,北投區明德路與文林北路口,0,0,1,1,B03,8,1,5,50,4,1,1,5,4,5,7,1,1,5,5,5,2,16,1,40,3,10,1,1,7,6,1,8,1,5,,6,,1,22,9,121.5166867,25.1062502
112,6,20,18,2,2,09北投區,北投區明德路與文林北路口,0,0,1,2,C03,8,1,5,50,4,1,1,5,4,5,7,1,1,5,5,5,2,16,1,43,2,6,1,1,7,9,1,10,1,14,,23,,1,22,9,121.5166867,25.1062502
112,6,20,18,6,2,12內湖區,內湖區民善街與舊宗路1段150巷口,0,0,2,1,C03,8,1,5,50,4,1,1,5,4,5,7,4,4,5,5,5,2,17,1,27,2,8,1,1,7,1,1,10,1,14,,19,,1,22,9,121.5754068,25.06069152
112,6,20,18,6,2,12內湖區,內湖區民善街與舊宗路1段150巷口,0,0,2,2,C03,8,1,5,50,4,1,1,5,4,5,7,4,4,5,5,5,2,17,2,23,2,9,1,1,7,9,1,10,1,11,,44,,1,22,9,121.5754068,25.06069152
112,6,20,18,32,2,10文山區,文山區木新路1段與指南路1段51巷口口,0,0,1,1,B03,8,1,5,50,4,1,1,5,4,5,7,2,1,4,3,5,2,12,1,49,3,10,1,1,7,6,1,8,2,2,,9,,1,22,9,121.5706965,24.9887474
112,6,20,18,32,2,10文山區,文山區木新路1段與指南路1段51巷口口,0,0,1,2,C03,8,1,5,50,4,1,1,5,4,5,7,2,1,4,3,5,2,12,1,49,2,9,1,1,7,9,1,10,2,11,,44,,1,22,9,121.5706965,24.9887474
112,6,20,18,42,2,10文山區,文山區木新路3段38號前,0,0,1,3,C03,8,3,5,50,14,9,1,5,4,5,7,4,4,9,4,5,2,11,1,22,3,10,1,1,7,9,1,10,1,12,,44,,1,22,9,121.5645981,24.98259917
112,6,20,18,42,2,10文山區,文山區木新路3段38號前,0,0,1,1,B12,8,3,5,50,14,9,1,5,4,5,7,4,4,9,4,5,2,11,1,49,3,10,1,1,7,1,1,8,1,4,,19,,1,22,9,121.5645981,24.98259917
112,6,20,18,42,2,10文山區,文山區木新路3段38號前,0,0,1,2,C03,8,3,5,50,14,9,1,5,4,5,7,4,4,9,4,5,2,11,2,18,2,8,1,1,7,9,1,10,1,12,,23,,1,22,9,121.5645981,24.98259917
112,6,20,19,29,2,05中正區,中正區羅斯福路3段與羅斯福路3段316巷口,0,0,1,2,C03,8,3,5,50,4,1,1,5,4,5,7,1,1,3,4,5,2,15,1,21,2,3,1,1,7,9,1,10,2,11,,44,,1,22,9,121.5328302,25.01607025
112,6,20,19,29,2,05中正區,中正區羅斯福路3段與羅斯福路3段316巷口,0,0,1,1,C03,8,3,5,50,4,1,1,5,4,5,7,1,1,3,4,5,2,15,1,58,3,10,1,1,7,9,1,10,2,12,,23,,1,22,9,121.5328302,25.01607025
112,6,20,19,45,2,04大安區,大安區市民大道4段24號前人行道,0,0,1,1,F01,8,3,5,0,14,20,2,5,4,5,7,4,4,10,5,5,2,18,1,69,2,1,1,1,7,9,8,20,6,16,,21,,1,22,9,121.5449504,25.0447718
112,6,20,19,45,2,04大安區,大安區市民大道4段24號前人行道,0,0,1,2,,8,3,5,0,14,20,2,5,4,5,7,4,4,10,5,5,2,18,3,0,,,,,,,,,,,,67,,1,,,121.5449504,25.0447718
112,6,20,20,31,2,06松山區,松山區市民大道4段與敦化南路1段口,0,0,1,3,H02,8,3,5,40,14,9,1,5,4,5,7,2,1,9,4,1,2,13,2,27,2,9,1,5,7,20,8,20,10,16,,67,,1,22,9,121.548678,25.04500839
112,6,20,20,31,2,06松山區,松山區市民大道4段與敦化南路1段口,0,0,1,2,B01,8,3,5,40,14,9,1,5,4,5,7,2,1,9,4,1,2,13,1,49,3,10,1,1,7,9,1,8,1,6,,42,,1,22,9,121.548678,25.04500839
112,6,20,20,31,2,06松山區,松山區市民大道4段與敦化南路1段口,0,0,1,1,C03,8,3,5,40,14,9,1,5,4,5,7,2,1,9,4,1,2,13,2,27,3,10,1,1,7,9,1,10,1,11,,23,,1,22,9,121.548678,25.04500839
112,6,20,21,0,2,07信義區,信義區松仁路與松仁路95巷口,0,0,2,1,C03,8,1,5,50,3,1,1,5,4,5,7,4,4,1,4,5,2,12,1,44,2,9,1,1,7,6,1,10,1,12,,9,,1,22,9,121.5685073,25.0365715
112,6,20,21,0,2,07信義區,信義區松仁路與松仁路95巷口,0,0,2,2,C03,8,1,5,50,3,1,1,5,4,5,7,4,4,1,4,5,2,12,2,21,2,9,1,1,7,9,1,10,1,11,,13,,1,22,9,121.5685073,25.0365715
112,6,20,21,46,2,08士林區,士林區仰德大道3段與仰德大道3段125巷口,0,0,1,1,B03,7,3,5,40,14,9,1,5,4,5,7,3,1,5,4,5,2,3,1,26,3,10,1,1,7,9,1,8,2,4,,42,,1,22,9,121.5516812,25.12272745
112,6,20,21,46,2,08士林區,士林區仰德大道3段與仰德大道3段125巷口,0,0,1,2,H01,7,3,5,40,14,9,1,5,4,5,7,3,1,5,4,5,2,3,1,69,2,7,4,5,8,16,8,20,2,16,,67,,1,22,9,121.5516812,25.12272745
112,6,20,21,53,2,12內湖區,內湖區基湖路3巷與基湖路10巷口,0,0,2,2,C03,8,3,5,50,4,1,1,5,4,5,7,2,1,5,4,5,2,17,1,50,2,9,1,1,7,9,1,10,2,11,,44,,1,22,9,121.5652087,25.0814294
112,6,20,21,53,2,12內湖區,內湖區基湖路3巷與基湖路10巷口,0,0,2,1,F01,8,3,5,50,4,1,1,5,4,5,7,2,1,5,4,5,2,17,2,16,2,9,2,1,7,1,8,20,2,16,,19,,1,22,9,121.5652087,25.0814294
112,6,20,22,50,2,12內湖區,內湖區基湖路與瑞光路口側附近口口,0,0,1,2,C03,8,3,5,50,3,1,1,5,4,5,7,1,1,9,4,4,2,12,2,21,2,9,1,1,7,5,1,10,2,13,,8,,1,22,9,121.5650333,25.08085989
112,6,20,22,50,2,12內湖區,內湖區基湖路與瑞光路口側附近口口,0,0,1,1,B03,8,3,5,50,3,1,1,5,4,5,7,1,1,9,4,4,2,12,2,35,3,10,1,4,7,9,1,8,2,1,,23,,1,22,9,121.5650333,25.08085989
112,6,20,23,27,2,04大安區,大安區羅斯福路4段21號前,0,0,1,2,C03,8,3,5,50,14,9,1,5,4,5,7,1,1,10,4,5,2,13,2,23,2,9,1,1,7,9,1,10,2,13,,,,1,22,9,121.5352479,25.0140207
112,6,20,23,27,2,04大安區,大安區羅斯福路4段21號前,0,0,1,1,B03,8,3,5,50,14,9,1,5,4,5,7,1,1,10,4,5,2,13,2,35,3,10,1,1,7,9,1,8,8,1,,,,1,22,9,121.5352479,25.0140207
112,6,21,0,14,2,09北投區,北投區陽金公路下山方向第1207478號燈桿旁,0,0,1,1,C03,7,3,5,40,11,9,1,5,4,5,7,4,4,4,5,5,1,18,1,18,2,9,1,1,7,9,1,10,1,14,,13,,1,22,9,121.5447008,25.1788192
112,6,21,0,14,2,09北投區,北投區陽金公路下山方向第1207478號燈桿旁,0,0,1,2,,7,3,5,40,11,9,1,5,4,5,7,4,4,4,5,5,1,18,3,0,,,,,,,,,,,,67,,1,,,121.5447008,25.1788192
112,6,21,2,14,2,05中正區,中正區市民大道2段與林森北路口,0,0,2,3,H02,8,3,5,40,4,1,1,5,4,5,7,1,1,1,4,5,2,16,2,21,2,9,1,5,7,20,8,20,10,16,,,,1,22,9,121.5240224,25.0477381
112,6,21,2,14,2,05中正區,中正區市民大道2段與林森北路口,0,0,2,1,C04,8,3,5,40,4,1,1,5,4,5,7,1,1,1,4,5,2,16,2,22,2,7,1,1,7,9,1,10,2,11,,,,1,22,9,121.5240224,25.0477381
112,6,21,2,14,2,05中正區,中正區市民大道2段與林森北路口,0,0,2,2,C03,8,3,5,40,4,1,1,5,4,5,7,1,1,1,4,5,2,16,1,32,3,10,1,1,7,5,1,10,2,13,,,,1,22,9,121.5240224,25.0477381
112,6,21,5,55,2,07信義區,信義區吳興街與基隆路2段口,0,0,1,1,F01,8,1,5,30,4,1,1,5,4,5,7,1,1,1,4,5,2,15,1,85,2,8,2,1,7,9,8,20,1,16,,25,,1,22,9,121.5590314,25.0320348
112,6,21,5,55,2,07信義區,信義區吳興街與基隆路2段口,0,0,1,2,C03,8,1,5,30,4,1,1,5,4,5,7,1,1,1,4,5,2,15,1,21,3,10,1,1,7,9,1,10,1,12,,44,,1,22,9,121.5590314,25.0320348
112,6,21,6,28,2,02萬華區,萬華區華中橋往台北市機車道(華中060牌面前),0,0,2,1,C03,8,1,5,40,14,11,1,5,4,5,7,4,4,9,4,3,1,17,1,66,2,9,1,1,7,7,1,10,1,13,,7,,1,22,9,121.495615,25.01556544
112,6,21,6,28,2,02萬華區,萬華區華中橋往台北市機車道(華中060牌面前),0,0,2,2,C03,8,1,5,40,14,11,1,5,4,5,7,4,4,9,4,3,1,17,1,18,2,7,1,1,7,9,1,10,1,11,,13,,1,22,9,121.495615,25.01556544
112,6,21,7,25,2,10文山區,文山區木柵路5段151號,0,0,1,1,B03,8,1,5,30,3,1,1,5,4,5,1,4,4,5,2,5,2,12,1,63,3,10,3,4,7,5,1,8,1,4,,42,,1,22,9,121.5899469,25.00722754
112,6,21,7,25,2,10文山區,文山區木柵路5段151號,0,0,1,2,C03,8,1,5,30,3,1,1,5,4,5,1,4,4,5,2,5,2,12,1,25,2,4,1,4,7,15,1,10,1,12,,42,,1,22,9,121.5899469,25.00722754
112,6,21,7,30,2,03中山區,中山區中原街59號,0,0,1,1,B03,8,1,5,30,14,9,1,5,4,5,7,4,4,8,3,5,1,16,1,51,3,10,1,1,7,9,1,4,2,15,,6,,1,22,9,121.5289064,25.0585401
112,6,21,7,30,2,03中山區,中山區中原街59號,0,0,1,3,C03,8,1,5,30,14,9,1,5,4,5,7,4,4,8,3,5,1,16,1,63,2,9,1,1,7,9,1,10,2,12,,14,,1,22,9,121.5289064,25.0585401
112,6,21,7,30,2,03中山區,中山區中原街59號,0,0,1,2,B03,8,1,5,30,14,9,1,5,4,5,7,4,4,8,3,5,1,16,1,22,3,10,1,1,7,9,3,18,2,15,,44,,1,22,9,121.5289064,25.0585401
112,6,21,7,35,2,04大安區,大安區羅斯福路2段79號,0,0,1,1,C03,8,1,5,50,14,9,1,5,4,5,7,4,4,1,4,5,2,16,1,46,2,9,3,4,7,4,1,10,1,14,,2,,1,22,9,121.5233535,25.0260113
112,6,21,7,35,2,04大安區,大安區羅斯福路2段79號,0,0,1,2,B12,8,1,5,50,14,9,1,5,4,5,7,4,4,1,4,5,2,16,1,59,3,10,3,4,7,8,1,8,1,2,,23,,1,22,9,121.5233535,25.0260113
112,6,21,7,37,2,09北投區,北投區大業路512號,0,0,1,1,C03,8,1,5,50,14,8,1,5,4,5,7,4,4,3,4,4,2,16,2,66,2,9,1,1,7,11,1,10,2,12,,11,,1,22,9,121.4958658,25.13345812
112,6,21,7,37,2,09北投區,北投區大業路512號,0,0,1,2,B03,8,1,5,50,14,8,1,5,4,5,7,4,4,3,4,4,2,16,1,28,3,10,1,1,7,9,1,8,2,1,,44,,1,22,9,121.4958658,25.13345812
112,6,21,7,49,2,05中正區,中正區羅斯福路4段與基隆路4段口,0,0,2,1,C03,8,1,5,50,5,1,1,5,4,5,7,1,1,1,4,5,2,12,2,49,2,9,3,4,7,5,1,10,1,14,,,,1,22,9,121.536192,25.0110708
112,6,21,7,49,2,05中正區,中正區羅斯福路4段與基隆路4段口,0,0,2,2,C03,8,1,5,50,5,1,1,5,4,5,7,1,1,1,4,5,2,12,1,28,2,8,3,4,7,9,1,10,1,11,,,,1,22,9,121.536192,25.0110708
112,6,21,7,55,2,08士林區,士林區凱旋路45號與國泰街口,0,0,1,2,C03,8,1,5,30,3,1,1,5,4,5,7,4,4,10,5,5,1,16,1,63,2,7,1,1,7,6,1,10,1,11,,44,,1,22,9,121.5437452,25.13582007
112,6,21,7,55,2,08士林區,士林區凱旋路45號與國泰街口,0,0,1,1,B03,8,1,5,30,3,1,1,5,4,5,7,4,4,10,5,5,1,16,2,50,3,10,1,1,7,5,1,8,1,4,,8,,1,22,9,121.5437452,25.13582007
112,6,21,7,55,2,12內湖區,內湖區成功路2段與成功路2段245巷口,0,0,1,1,B03,8,1,5,0,14,9,1,5,4,5,7,1,1,1,4,5,2,13,2,41,3,10,1,1,7,9,1,8,1,1,,23,,1,22,9,121.5908228,25.06803037
112,6,21,7,55,2,12內湖區,內湖區成功路2段與成功路2段245巷口,0,0,1,3,H02,8,1,5,0,14,9,1,5,4,5,7,1,1,1,4,5,2,13,2,57,2,2,1,5,7,20,8,20,11,16,,67,,1,22,9,121.5908228,25.06803037
112,6,21,7,55,2,12內湖區,內湖區成功路2段與成功路2段245巷口,0,0,1,2,B01,8,1,5,0,14,9,1,5,4,5,7,1,1,1,4,5,2,13,1,59,3,10,1,1,7,14,1,4,1,3,,44,,1,22,9,121.5908228,25.06803037
112,6,21,8,0,2,05中正區,中正區懷寧街與貴陽街1段口,0,0,1,2,C03,8,1,5,50,3,1,1,5,4,5,7,4,4,5,5,5,2,17,2,41,2,9,1,1,7,5,1,10,2,14,,8,,1,22,9,121.5136957,25.0387117
112,6,21,8,0,2,05中正區,中正區懷寧街與貴陽街1段口,0,0,1,1,C03,8,1,5,50,3,1,1,5,4,5,7,4,4,5,5,5,2,17,2,27,3,10,1,1,7,4,1,10,2,12,,1,,1,22,9,121.5136957,25.0387117
112,6,21,8,0,2,05中正區,中正區懷寧街與貴陽街1段口,0,0,1,3,A02,8,1,5,50,3,1,1,5,4,5,7,4,4,5,5,5,2,17,1,63,3,10,1,1,7,13,1,1,2,15,,44,,1,22,9,121.5136957,25.0387117
112,6,21,8,0,2,09北投區,北投區立農街2段與石牌路2段口201號第三門診,0,0,1,1,B03,8,1,5,30,14,9,1,5,4,5,7,4,4,10,5,5,2,3,1,70,3,10,3,4,7,1,1,8,2,4,,19,,1,22,9,121.5175447,25.11903834