發生年度,發生月,發生日,發生時-Hours,發生分,處理別-編號,區序,肇事地點,死亡人數,2-30日死亡人數,受傷人數,當事人序號,車種,天候,光線,道路類別,速限-速度限制,道路型態,事故位置,路面狀況1,路面狀況2,路面狀況3,道路障礙1,道路障礙2,號誌1,號誌2,車道劃分-分向,車道劃分-分道1,車道劃分-分道2,車道劃分-分道3,事故類型及型態,性別,年齡,受傷程度,主要傷處,保護裝置,行動電話,車輛用途,當事者行動狀態,駕駛資格情形,駕駛執照種類,飲酒情形,車輛撞擊部位1,車輛撞擊部位2,肇因碼-個別,肇因碼-主要,個人肇逃否,職業,旅次目的,座標-X,座標-Y
112,6,21,8,0,2,09北投區,北投區立農街2段與石牌路2段口201號第三門診,0,0,1,2,H01,8,1,5,30,14,9,1,5,4,5,7,4,4,10,5,5,2,3,1,23,2,8,4,5,8,16,8,20,10,16,,67,,1,22,9,121.5175447,25.11903834
112,6,21,8,18,2,10文山區,文山區木柵路5段與木柵路5段43巷口,0,0,3,1,C03,8,1,5,50,3,1,1,5,4,5,7,4,4,5,4,5,2,13,1,24,2,9,3,4,7,9,1,10,2,14,,23,,1,21,8,121.5848177,25.00307602
112,6,21,8,18,2,10文山區,文山區木柵路5段與木柵路5段43巷口,0,0,3,2,C03,8,1,5,50,3,1,1,5,4,5,7,4,4,5,4,5,2,13,1,22,2,6,3,4,7,14,1,10,2,12,,44,,1,21,8,121.5848177,25.00307602
112,6,21,8,18,2,10文山區,文山區木柵路5段與木柵路5段43巷口,0,0,3,3,C03,8,1,5,50,3,1,1,5,4,5,7,4,4,5,4,5,2,13,1,33,2,8,3,4,7,9,1,10,2,15,,44,,1,21,8,121.5848177,25.00307602
112,6,21,8,24,2,12內湖區,內湖區行善路48巷與行善路口,0,0,2,1,F01,8,1,5,50,3,1,1,5,4,5,7,4,4,5,4,5,2,16,1,40,2,9,3,1,7,1,8,20,1,16,,19,,1,22,9,121.5757461,25.0568053
112,6,21,8,24,2,12內湖區,內湖區行善路48巷與行善路口,0,0,2,2,C03,8,1,5,50,3,1,1,5,4,5,7,4,4,5,4,5,2,16,1,29,2,9,1,1,7,9,1,10,1,11,,44,,1,22,9,121.5757461,25.0568053
112,6,21,8,24,2,07信義區,信義區莊敬路與吳興街269巷口,0,0,1,1,B03,8,1,5,50,3,1,1,5,4,5,7,4,4,10,5,5,2,17,1,61,3,10,1,1,7,5,1,8,1,1,,6,,1,22,9,121.5650473,25.0276094
112,6,21,8,24,2,07信義區,信義區莊敬路與吳興街269巷口,0,0,1,2,C03,8,1,5,50,3,1,1,5,4,5,7,4,4,10,5,5,2,17,2,50,2,9,1,1,7,9,1,10,1,12,,44,,1,22,9,121.5650473,25.0276094
112,6,21,8,27,2,09北投區,北投區中正街34號,0,0,2,1,H01,8,1,5,30,14,9,1,5,4,5,7,4,4,10,5,5,2,3,2,53,2,9,4,5,8,16,8,20,10,16,,60,,1,22,9,121.5007313,25.1320504
112,6,21,8,27,2,09北投區,北投區中正街34號,0,0,2,2,C03,8,1,5,30,14,9,1,5,4,5,7,4,4,10,5,5,2,3,1,32,2,8,3,4,7,9,1,10,2,12,,23,,1,22,9,121.5007313,25.1320504
112,6,21,8,28,2,10文山區,文山區秀明路1段199號,0,0,3,1,C03,7,1,5,50,14,8,4,5,4,5,7,1,1,1,4,4,2,16,1,70,2,9,1,1,7,11,1,10,2,12,,10,,1,22,9,121.5697908,24.99170885
112,6,21,8,28,2,10文山區,文山區秀明路1段199號,0,0,3,2,C03,7,1,5,50,14,8,4,5,4,5,7,1,1,1,4,4,2,16,1,29,2,9,1,1,7,9,1,10,2,11,,44,,1,22,9,121.5697908,24.99170885
112,6,21,8,28,2,10文山區,文山區秀明路1段199號,0,0,3,3,H02,7,1,5,50,14,8,4,5,4,5,7,1,1,1,4,4,2,16,2,66,2,9,1,1,7,20,8,20,10,16,,67,,1,22,9,121.5697908,24.99170885
112,6,21,8,39,2,01大同區,大同區延平北路2段與歸綏街口,0,0,2,1,C03,8,1,5,50,4,1,1,5,4,5,7,2,1,5,4,5,2,16,1,24,2,8,1,1,7,5,1,10,1,12,,6,,1,22,9,121.5115038,25.0583047
112,6,21,8,39,2,01大同區,大同區延平北路2段與歸綏街口,0,0,2,2,C03,8,1,5,50,4,1,1,5,4,5,7,2,1,5,4,5,2,16,2,36,2,7,1,1,7,9,1,10,1,11,,23,,1,22,9,121.5115038,25.0583047
112,6,21,8,52,2,07信義區,信義區吳興街156巷2弄與吳興街156巷口,0,0,2,1,C03,8,1,5,30,4,2,1,5,4,5,7,4,4,5,2,5,2,17,1,29,2,8,1,1,7,9,1,10,1,11,,6,,1,22,9,121.5614693,25.0290469
112,6,21,8,52,2,07信義區,信義區吳興街156巷2弄與吳興街156巷口,0,0,2,2,C03,8,1,5,30,4,2,1,5,4,5,7,4,4,5,2,5,2,17,2,25,2,9,1,1,7,9,1,10,1,14,,13,,1,22,9,121.5614693,25.0290469
112,6,21,8,52,2,06松山區,松山區八德路3段32號,0,0,1,2,C03,8,1,5,50,14,9,1,5,4,5,7,4,4,5,4,5,2,17,2,44,2,9,1,1,7,9,1,10,1,11,,44,,1,22,9,121.5519902,25.04822196
112,6,21,8,52,2,06松山區,松山區八德路3段32號,0,0,1,1,B01,8,1,5,50,14,9,1,5,4,5,7,4,4,5,4,5,2,17,1,56,3,10,1,1,7,11,1,4,1,2,,10,,1,22,9,121.5519902,25.04822196
112,6,21,8,57,2,03中山區,中山區敬業四路與北安路口,0,0,1,2,C03,8,1,5,50,14,9,1,5,4,5,7,4,4,1,3,5,1,16,2,24,2,9,1,1,7,9,1,10,1,14,,,,1,22,9,121.5588251,25.0848965
112,6,21,8,57,2,03中山區,中山區敬業四路與北安路口,0,0,1,1,B03,8,1,5,50,14,9,1,5,4,5,7,4,4,1,3,5,1,16,1,35,3,10,1,1,7,8,1,8,1,2,,,,1,22,9,121.5588251,25.0848965
112,6,21,9,20,2,12內湖區,內湖區金龍路126號,0,0,1,1,C04,8,1,5,50,14,9,1,5,4,5,7,1,1,5,4,5,2,16,2,54,2,9,1,1,7,1,1,8,2,14,,,,1,22,9,121.590059,25.0857648
112,6,21,9,20,2,12內湖區,內湖區金龍路126號,0,0,1,2,A02,8,1,5,50,14,9,1,5,4,5,7,1,1,5,4,5,2,16,1,67,3,10,1,1,7,9,1,2,2,6,,,,1,22,9,121.590059,25.0857648
112,6,21,9,25,2,03中山區,中山區龍江路與龍江路38巷口,0,0,2,1,C04,8,1,5,50,4,2,1,5,4,5,7,4,4,9,5,5,2,16,2,42,2,9,1,1,7,11,1,10,1,12,,,,1,22,9,121.5403634,25.0488067
112,6,21,9,25,2,03中山區,中山區龍江路與龍江路38巷口,0,0,2,2,C03,8,1,5,50,4,2,1,5,4,5,7,4,4,9,5,5,2,16,1,23,2,9,1,1,7,9,1,10,1,11,,,,1,22,9,121.5403634,25.0488067
112,6,21,9,37,2,03中山區,中山區北安路573巷與北安路595巷20弄口,0,0,3,2,C03,8,1,5,30,4,1,1,5,4,5,7,4,4,10,5,5,2,15,1,38,2,9,1,4,7,9,1,10,1,11,,6,,1,22,9,121.5477349,25.08134106
112,6,21,9,37,2,03中山區,中山區北安路573巷與北安路595巷20弄口,0,0,3,3,H02,8,1,5,30,4,1,1,5,4,5,7,4,4,10,5,5,2,15,2,27,2,9,1,5,7,21,8,20,10,16,,67,,1,22,9,121.5477349,25.08134106
112,6,21,9,37,2,03中山區,中山區北安路573巷與北安路595巷20弄口,0,0,3,1,C03,8,1,5,30,4,1,1,5,4,5,7,4,4,10,5,5,2,15,2,41,2,9,3,4,7,9,5,10,11,14,,23,,1,22,9,121.5477349,25.08134106
112,6,21,9,42,2,07信義區,信義區信安街與崇德街口口,0,0,1,2,C03,8,1,5,50,4,1,1,5,4,5,7,2,1,5,4,5,2,12,1,76,2,9,1,1,7,9,1,10,9,11,,23,,1,22,9,121.5557604,25.0240853
112,6,21,9,42,2,07信義區,信義區信安街與崇德街口口,0,0,1,1,C03,8,1,5,50,4,1,1,5,4,5,7,2,1,5,4,5,2,12,1,58,3,10,1,1,7,6,1,10,9,13,,9,,1,22,9,121.5557604,25.0240853
112,6,21,9,45,2,02萬華區,萬華區忠孝西路2段與忠孝西路2段16巷口,0,0,1,2,C03,8,1,5,50,3,1,1,5,4,5,7,4,4,1,5,5,2,16,1,21,3,10,1,1,7,9,1,10,1,14,,23,,1,22,9,121.5085593,25.04824533
112,6,21,9,45,2,02萬華區,萬華區忠孝西路2段與忠孝西路2段16巷口,0,0,1,1,C03,8,1,5,50,3,1,1,5,4,5,7,4,4,1,5,5,2,16,2,24,2,8,1,1,7,6,1,10,1,12,,9,,1,22,9,121.5085593,25.04824533
112,6,21,9,45,2,04大安區,大安區大安路1段與大安路1段157巷口,0,0,1,1,B02,8,1,5,30,3,1,1,5,4,5,7,4,4,4,5,5,2,15,1,41,3,10,1,1,7,9,1,8,1,1,,6,,1,22,9,121.5461737,25.0372972
112,6,21,9,45,2,04大安區,大安區大安路1段與大安路1段157巷口,0,0,1,2,F02,8,1,5,30,3,1,1,5,4,5,7,4,4,4,5,5,2,15,2,41,2,8,3,1,7,9,8,20,1,16,,44,,1,22,9,121.5461737,25.0372972
112,6,21,10,8,2,10文山區,文山區汀州路4段與溪洲街107巷口,0,0,1,2,C03,8,1,5,30,3,1,1,5,4,5,7,4,4,5,5,5,2,16,2,28,2,9,1,1,7,9,1,10,2,12,,44,,1,22,9,121.5354755,25.0033821
112,6,21,10,8,2,10文山區,文山區汀州路4段與溪洲街107巷口,0,0,1,1,C03,8,1,5,30,3,1,1,5,4,5,7,4,4,5,5,5,2,16,1,23,3,10,1,1,7,5,1,10,2,14,,8,,1,22,9,121.5354755,25.0033821
112,6,21,10,9,2,01大同區,大同區環河北路1段(忠孝國中旁 0801028燈桿),0,0,2,2,H01,8,1,5,50,14,9,1,5,4,5,7,4,4,1,4,5,2,9,1,72,2,9,4,5,8,20,8,20,11,16,,60,,1,22,9,121.5072297,25.0518101
112,6,21,10,9,2,01大同區,大同區環河北路1段(忠孝國中旁 0801028燈桿),0,0,2,1,C03,8,1,5,50,14,9,1,5,4,5,7,4,4,1,4,5,2,9,2,26,2,9,1,1,7,9,1,10,2,11,,23,,1,22,9,121.5072297,25.0518101
112,6,21,10,15,2,04大安區,大安區信義路4段59號,0,0,1,1,,8,1,5,50,14,9,1,5,4,5,7,4,4,8,3,5,2,12,4,0,4,11,3,4,7,15,7,19,11,15,,43,,2,22,9,121.5465189,25.0334062
112,6,21,10,15,2,04大安區,大安區信義路4段59號,0,0,1,2,C03,8,1,5,50,14,9,1,5,4,5,7,4,4,8,3,5,2,12,1,22,2,9,1,1,7,7,1,10,1,11,,42,,1,22,9,121.5465189,25.0334062
112,6,21,10,27,2,07信義區,信義區基隆路2段與基隆路2段79巷口,0,0,1,2,,8,1,5,50,3,2,1,5,4,5,7,4,4,3,4,4,2,29,3,0,,,,,,,,,10,,,67,,1,,,121.557992,25.0302675
112,6,21,10,27,2,07信義區,信義區基隆路2段與基隆路2段79巷口,0,0,1,1,C03,8,1,5,50,3,2,1,5,4,5,7,4,4,3,4,4,2,29,2,37,2,1,1,1,7,9,4,8,1,12,,22,,1,6,9,121.557992,25.0302675
112,6,21,10,30,2,04大安區,大安區永康街7巷與永康街口,0,0,1,2,F01,8,1,5,30,4,2,1,5,4,5,7,4,4,10,4,5,2,15,1,52,2,7,3,4,7,21,8,20,1,16,,44,,1,22,9,121.5298706,25.0331698
112,6,21,10,30,2,04大安區,大安區永康街7巷與永康街口,0,0,1,1,B03,8,1,5,30,4,2,1,5,4,5,7,4,4,10,4,5,2,15,1,48,3,10,3,4,7,9,1,8,1,7,,6,,1,22,9,121.5298706,25.0331698
112,6,21,10,40,2,08士林區,士林區中山北路5段與中正路口,0,0,1,2,C03,8,1,5,50,4,1,1,5,4,5,7,1,1,1,4,5,2,12,2,21,2,9,1,1,7,9,1,10,2,14,,42,,1,22,9,121.5279283,25.0957171
112,6,21,10,40,2,08士林區,士林區中山北路5段與中正路口,0,0,1,1,B01,8,1,5,50,4,1,1,5,4,5,7,1,1,1,4,5,2,12,1,54,3,10,3,4,7,8,1,4,2,5,,6,,1,22,9,121.5279283,25.0957171
112,6,21,10,40,2,06松山區,松山區光復北路1號,0,0,1,2,B01,8,1,5,50,14,9,1,5,4,5,7,4,4,1,4,5,2,13,1,49,3,10,1,1,7,12,1,4,1,7,,,,1,22,9,121.5579034,25.04844547
112,6,21,10,40,2,06松山區,松山區光復北路1號,0,0,1,1,C03,8,1,5,50,14,9,1,5,4,5,7,4,4,1,4,5,2,13,2,25,2,8,1,1,7,9,1,10,1,12,,,,1,22,9,121.5579034,25.04844547
112,6,21,10,44,2,03中山區,中山區民權東路3段75巷與復興北路430巷口,0,0,1,1,B02,8,1,5,30,4,2,1,5,4,5,7,3,1,8,5,5,1,15,1,39,3,10,1,1,7,9,1,8,1,8,,,,1,22,9,121.5436828,25.06335179
112,6,21,10,44,2,03中山區,中山區民權東路3段75巷與復興北路430巷口,0,0,1,2,C03,8,1,5,30,4,2,1,5,4,5,7,3,1,8,5,5,1,15,1,77,2,7,1,1,7,9,1,10,1,12,,,,1,22,9,121.5436828,25.06335179
112,6,21,10,52,2,05中正區,中正區市民大道2段與金山北路口,0,0,2,3,B03,8,1,5,40,14,9,1,5,4,5,7,1,1,8,4,5,1,12,1,47,3,10,1,1,7,1,1,8,2,5,,44,,1,22,9,121.5302095,25.0460581
112,6,21,10,52,2,05中正區,中正區市民大道2段與金山北路口,0,0,2,2,C03,8,1,5,40,14,9,1,5,4,5,7,1,1,8,4,5,1,12,1,20,2,7,1,1,7,9,1,10,2,13,,44,,1,22,9,121.5302095,25.0460581
112,6,21,10,52,2,05中正區,中正區市民大道2段與金山北路口,0,0,2,1,C03,8,1,5,40,14,9,1,5,4,5,7,1,1,8,4,5,1,12,1,36,2,9,1,1,7,10,1,10,2,11,,7,,1,22,9,121.5302095,25.0460581
112,6,21,10,52,2,05中正區,中正區市民大道2段與金山北路口,0,0,2,4,B03,8,1,5,40,14,9,1,5,4,5,7,1,1,8,4,5,1,12,1,47,3,10,1,1,7,14,1,8,2,7,,44,,1,22,9,121.5302095,25.0460581
112,6,21,10,55,2,03中山區,中山區民權東路2段26號與中原街口,0,0,2,1,C03,8,1,5,50,4,2,1,5,4,5,7,1,1,1,4,5,2,13,1,38,2,9,1,1,7,9,1,10,1,11,,43,,1,22,9,121.5347861,25.062363
112,6,21,10,55,2,03中山區,中山區民權東路2段26號與中原街口,0,0,2,2,C03,8,1,5,50,4,2,1,5,4,5,7,1,1,1,4,5,2,13,1,56,2,9,1,1,7,9,1,10,1,13,,43,,1,22,9,121.5347861,25.062363
112,6,21,10,55,2,05中正區,中正區信義路2段243巷與信義路2段口,0,0,1,2,C03,7,1,5,50,3,1,1,5,4,5,7,4,4,5,4,5,2,18,1,26,2,9,1,4,7,5,1,10,1,14,,44,,1,22,9,121.5311425,25.03375826
112,6,21,10,55,2,05中正區,中正區信義路2段243巷與信義路2段口,0,0,1,1,,7,1,5,50,3,1,1,5,4,5,7,4,4,5,4,5,2,18,3,0,,,,,,,,,,,,60,,1,,,121.5311425,25.03375826
112,6,21,10,56,2,03中山區,中山區德惠街4-1號對面,0,0,1,1,B03,8,1,5,50,14,9,1,5,4,5,7,4,4,5,4,5,1,14,2,58,3,10,1,1,7,2,1,8,1,3,,12,,1,22,9,121.5232443,25.0666334
112,6,21,10,56,2,03中山區,中山區德惠街4-1號對面,0,0,1,2,C03,8,1,5,50,14,9,1,5,4,5,7,4,4,5,4,5,1,14,2,70,2,9,1,1,7,14,3,18,1,12,,43,,1,22,9,121.5232443,25.0666334
112,6,21,11,3,2,10文山區,文山區興隆路2段275巷與興隆路2段275巷1弄口口,0,0,1,2,C03,8,1,5,30,3,2,1,5,4,5,7,4,4,10,5,5,2,11,2,59,2,8,1,1,7,6,3,18,2,11,,,,1,22,9,121.552902,25.0025372
112,6,21,11,3,2,10文山區,文山區興隆路2段275巷與興隆路2段275巷1弄口口,0,0,1,1,B01,8,1,5,30,3,2,1,5,4,5,7,4,4,10,5,5,2,11,1,64,3,10,1,1,7,5,1,4,2,1,,,,1,22,9,121.552902,25.0025372
112,6,21,11,19,2,12內湖區,內湖區民權東路6段11巷41號前,0,0,1,2,B03,8,1,5,50,14,9,1,5,4,5,7,2,1,5,5,5,2,12,1,30,3,10,1,1,7,14,1,8,2,2,,44,,1,22,9,121.5770106,25.06758173
112,6,21,11,19,2,12內湖區,內湖區民權東路6段11巷41號前,0,0,1,1,F01,8,1,5,50,14,9,1,5,4,5,7,2,1,5,5,5,2,12,2,39,2,7,2,1,7,9,8,20,2,16,,42,,1,22,9,121.5770106,25.06758173
112,6,21,11,37,2,05中正區,中正區杭州南路1段105巷與仁愛路2段14巷口,0,0,2,2,B03,8,1,5,30,4,1,1,5,4,1,7,4,4,10,5,5,2,15,1,71,3,10,1,1,7,9,1,8,2,5,,,,1,22,9,121.5259066,25.0373355
112,6,21,11,37,2,05中正區,中正區杭州南路1段105巷與仁愛路2段14巷口,0,0,2,3,H02,8,1,5,30,4,1,1,5,4,1,7,4,4,10,5,5,2,15,1,25,2,9,1,5,8,21,8,20,10,16,,,,1,22,9,121.5259066,25.0373355
112,6,21,11,37,2,05中正區,中正區杭州南路1段105巷與仁愛路2段14巷口,0,0,2,1,C03,8,1,5,30,4,1,1,5,4,1,7,4,4,10,5,5,2,15,1,32,2,9,1,1,7,9,1,10,2,11,,,,1,22,9,121.5259066,25.0373355
112,6,21,11,38,2,11南港區,南港區南港路2段78號,0,0,1,1,A02,8,1,5,50,14,9,1,5,4,5,7,4,4,5,4,4,2,12,1,46,3,10,1,1,7,8,1,2,1,15,,7,,1,22,9,121.6037674,25.0538806
112,6,21,11,38,2,11南港區,南港區南港路2段78號,0,0,1,2,C03,8,1,5,50,14,9,1,5,4,5,7,4,4,5,4,4,2,12,1,48,2,9,1,1,7,9,1,10,1,15,,42,,1,22,9,121.6037674,25.0538806
112,6,21,11,38,2,11南港區,南港區南港路2段78號,0,0,1,3,A02,8,1,5,50,14,9,1,5,4,5,7,4,4,5,4,4,2,12,1,56,3,10,1,1,7,14,1,2,1,7,,44,,1,22,9,121.6037674,25.0538806
112,6,21,11,39,2,04大安區,大安區羅斯福路4段台大平面停車場出入口,0,0,2,1,C04,8,1,5,50,5,2,1,5,4,5,7,4,4,10,3,5,1,17,1,23,2,9,3,4,7,6,1,10,1,13,,,,1,22,9,121.5372439,25.0121651
112,6,21,11,39,2,04大安區,大安區羅斯福路4段台大平面停車場出入口,0,0,2,2,C03,8,1,5,50,5,2,1,5,4,5,7,4,4,10,3,5,1,17,1,50,2,9,3,4,7,15,1,10,1,11,,,,1,22,9,121.5372439,25.0121651
112,6,21,11,51,2,02萬華區,萬華區西園路2段與西園路2段96巷口,0,0,1,2,B12,8,1,5,50,3,1,1,5,4,5,7,4,4,9,4,5,2,17,1,59,3,10,1,1,7,6,1,8,1,1,,44,,1,22,9,121.4965137,25.03076726
112,6,21,11,51,2,02萬華區,萬華區西園路2段與西園路2段96巷口,0,0,1,1,C03,8,1,5,50,3,1,1,5,4,5,7,4,4,9,4,5,2,17,2,54,2,9,1,1,7,9,1,10,1,14,12,4,,1,22,9,121.4965137,25.03076726
112,6,21,11,53,2,02萬華區,萬華區忠孝橋往台北市機車道(編號288681燈桿前),0,0,1,1,C03,8,1,5,40,14,11,1,5,4,5,7,4,4,10,5,5,1,17,1,33,2,8,1,1,7,12,1,10,1,11,,23,,1,22,9,121.5041662,25.04994756
112,6,21,11,53,2,02萬華區,萬華區忠孝橋往台北市機車道(編號288681燈桿前),0,0,1,2,C03,8,1,5,40,14,11,1,5,4,5,7,4,4,10,5,5,1,17,1,20,3,10,1,1,7,12,1,10,1,13,,44,,1,22,9,121.5041662,25.04994756
112,6,21,11,53,2,02萬華區,萬華區忠孝橋往台北市機車道(編號288681燈桿前),0,0,1,3,C03,8,1,5,40,14,11,1,5,4,5,7,4,4,10,5,5,1,17,1,22,3,10,1,1,7,15,1,10,1,15,,42,,1,22,9,121.5041662,25.04994756
112,6,21,12,9,2,02萬華區,萬華區內江街與康定路口,0,0,2,1,C03,8,1,5,50,4,1,1,5,4,5,7,1,1,5,5,5,2,13,1,27,2,9,1,1,7,9,1,10,1,11,,16,,1,22,9,121.5023114,25.04170076
112,6,21,12,9,2,02萬華區,萬華區內江街與康定路口,0,0,2,2,C03,8,1,5,50,4,1,1,5,4,5,7,1,1,5,5,5,2,13,2,44,2,8,1,1,7,9,1,10,1,13,,44,,1,22,9,121.5023114,25.04170076
112,6,21,12,9,2,02萬華區,萬華區內江街與康定路口,0,0,2,3,C03,8,1,5,50,4,1,1,5,4,5,7,1,1,5,5,5,2,13,2,22,3,10,1,1,7,5,1,10,1,14,,44,,1,22,9,121.5023114,25.04170076
112,6,21,12,18,2,09北投區,北投區石牌路1段與承德路7段口,0,0,1,2,C03,8,1,5,60,3,1,1,5,4,5,7,2,1,3,4,4,2,17,1,33,2,9,1,1,7,9,1,10,2,14,,44,,1,22,9,121.5093668,25.11245392
112,6,21,12,18,2,09北投區,北投區石牌路1段與承德路7段口,0,0,1,1,B03,8,1,5,60,3,1,1,5,4,5,7,2,1,3,4,4,2,17,1,57,3,10,1,1,7,6,6,18,2,15,,9,,1,22,9,121.5093668,25.11245392
112,6,21,12,39,2,09北投區,北投區稻香路與石仙路口,0,0,1,1,B02,8,1,5,40,14,9,1,5,4,5,7,4,4,5,5,5,1,17,1,24,3,10,1,1,7,15,1,8,1,5,,,,1,18,9,121.488928,25.143352
112,6,21,12,39,2,09北投區,北投區稻香路與石仙路口,0,0,1,2,B03,8,1,5,40,14,9,1,5,4,5,7,4,4,5,5,5,1,17,1,44,3,10,2,4,7,13,1,8,11,7,,,,1,22,9,121.488928,25.143352
112,6,21,12,39,2,09北投區,北投區稻香路與石仙路口,0,0,1,3,H02,8,1,5,40,14,9,1,5,4,5,7,4,4,5,5,5,1,17,2,21,2,1,2,5,7,21,8,20,10,16,,,,1,22,9,121.488928,25.143352
112,6,21,12,58,2,10文山區,文山區木新路3段與木新路3段243巷口,0,0,1,2,C03,8,1,5,50,14,9,2,5,4,5,7,4,4,5,4,5,2,17,1,20,2,9,1,4,7,9,1,10,1,11,,13,,1,22,9,121.5586879,24.98120508
112,6,21,12,58,2,10文山區,文山區木新路3段與木新路3段243巷口,0,0,1,1,C03,8,1,5,50,14,9,2,5,4,5,7,4,4,5,4,5,2,17,2,78,3,10,1,4,7,5,1,10,1,11,,6,,1,22,9,121.5586879,24.98120508
112,6,21,13,7,2,03中山區,中山區松江路164巷與松江路口,0,0,1,1,B03,8,1,5,50,5,2,1,5,4,5,7,4,4,9,4,5,1,12,1,35,3,10,1,1,7,6,1,8,1,2,,9,,1,22,9,121.5329633,25.05560575
112,6,21,13,7,2,03中山區,中山區松江路164巷與松江路口,0,0,1,2,C03,8,1,5,50,5,2,1,5,4,5,7,4,4,9,4,5,1,12,1,36,2,8,1,1,7,9,1,10,1,11,,23,,1,22,9,121.5329633,25.05560575
112,6,21,13,35,2,03中山區,中山區吉林路100號,0,0,1,1,C03,8,1,5,50,14,7,1,5,4,5,7,4,4,9,4,4,2,13,1,31,2,9,1,1,7,9,1,10,2,11,,23,,1,22,9,121.5300789,25.0530949
112,6,21,13,35,2,03中山區,中山區吉林路100號,0,0,1,2,B12,8,1,5,50,14,7,1,5,4,5,7,4,4,9,4,4,2,13,1,49,3,10,1,1,7,14,1,8,2,6,,44,,1,22,9,121.5300789,25.0530949
112,6,21,13,37,2,10文山區,文山區興隆路1段13號前,0,0,1,1,B03,8,1,5,50,3,1,1,5,4,5,7,4,4,9,4,5,2,16,1,72,3,10,1,1,7,5,1,8,2,8,,6,,1,22,9,121.5392313,25.004326
112,6,21,13,37,2,10文山區,文山區興隆路1段13號前,0,0,1,2,C03,8,1,5,50,3,1,1,5,4,5,7,4,4,9,4,5,2,16,2,29,2,9,1,1,7,9,1,10,2,11,,44,,1,22,9,121.5392313,25.004326
112,6,21,13,46,2,03中山區,中山區建國北路3段149號,0,0,1,2,B03,8,1,5,50,14,9,1,5,4,5,7,1,1,1,4,5,2,16,1,45,3,10,3,4,7,9,1,8,11,7,,44,,1,22,9,121.53464,25.06732757
112,6,21,13,46,2,03中山區,中山區建國北路3段149號,0,0,1,1,C03,8,1,5,50,14,9,1,5,4,5,7,1,1,1,4,5,2,16,1,62,2,9,1,4,7,9,1,10,1,14,,16,,1,22,9,121.53464,25.06732757
112,6,21,14,16,2,12內湖區,內湖區康寧路3段189巷159弄與康寧路3段189巷163弄口,0,0,1,1,B12,8,1,5,30,3,1,1,5,4,5,7,4,4,10,5,5,2,12,1,61,3,10,1,1,7,5,1,4,1,8,,6,,1,22,9,121.6115749,25.07538557
112,6,21,14,16,2,12內湖區,內湖區康寧路3段189巷159弄與康寧路3段189巷163弄口,0,0,1,2,C04,8,1,5,30,3,1,1,5,4,5,7,4,4,10,5,5,2,12,2,50,2,8,1,1,7,9,1,11,1,12,,44,,1,22,9,121.6115749,25.07538557
112,6,21,14,40,2,06松山區,松山區塔悠路163號,0,0,1,2,B03,8,2,5,40,14,7,1,5,4,5,7,4,4,1,4,4,2,12,1,20,3,10,1,1,7,9,3,18,2,2,,44,,1,22,9,121.5697372,25.05551556
112,6,21,14,40,2,06松山區,松山區塔悠路163號,0,0,1,1,C03,8,2,5,40,14,7,1,5,4,5,7,4,4,1,4,4,2,12,2,57,2,1,1,1,7,7,1,10,1,15,,7,,1,22,9,121.5697372,25.05551556
112,6,21,15,0,2,07信義區,信義區吳興街與吳興街361巷口口,0,0,1,1,C03,7,1,6,30,4,1,1,5,4,5,7,4,4,9,4,5,2,15,2,25,3,10,1,1,7,9,1,10,2,14,,,,1,22,9,121.5664781,25.0257837
112,6,21,15,0,2,07信義區,信義區吳興街與吳興街361巷口口,0,0,1,2,C03,7,1,6,30,4,1,1,5,4,5,7,4,4,9,4,5,2,15,2,53,2,9,1,1,7,9,1,10,2,11,,,,1,22,9,121.5664781,25.0257837
112,6,21,15,0,2,07信義區,信義區吳興街與吳興街361巷口口,0,0,1,3,B11,7,1,6,30,4,1,1,5,4,5,7,4,4,9,4,5,2,15,1,31,3,10,1,1,7,14,1,4,9,15,,,,1,22,9,121.5664781,25.0257837
112,6,21,15,13,2,11南港區,南港區市民大道7段與東新街口,0,0,1,1,B01,8,1,5,50,4,1,1,5,4,5,6,2,1,5,4,5,2,17,1,68,3,10,1,4,7,5,1,4,2,5,,8,,1,22,9,121.5838971,25.0497024
112,6,21,15,13,2,11南港區,南港區市民大道7段與東新街口,0,0,1,2,C03,8,1,5,50,4,1,1,5,4,5,6,2,1,5,4,5,2,17,1,27,2,9,1,4,7,9,1,10,2,11,,13,,1,22,9,121.5838971,25.0497024
112,6,21,15,31,2,01大同區,大同區承德路2段與民權西路102巷33弄口,0,0,1,2,C03,8,1,5,50,3,2,1,5,4,5,7,3,1,1,4,5,2,16,2,21,3,10,1,1,7,9,1,10,1,14,,13,,1,22,9,121.5181551,25.061507
112,6,21,15,31,2,01大同區,大同區承德路2段與民權西路102巷33弄口,0,0,1,1,C03,8,1,5,50,3,2,1,5,4,5,7,3,1,1,4,5,2,16,2,31,2,9,1,1,7,8,1,10,1,11,,7,,1,22,9,121.5181551,25.061507
112,6,21,15,50,2,01大同區,大同區承德路1段與市民大道1段口,0,0,1,2,C03,8,1,5,40,4,2,1,5,4,5,7,1,1,1,4,5,2,17,2,21,2,8,1,1,7,9,1,10,1,13,,44,,1,22,9,121.5169324,25.0488276
112,6,21,15,50,2,01大同區,大同區承德路1段與市民大道1段口,0,0,1,1,B03,8,1,5,40,4,2,1,5,4,5,7,1,1,1,4,5,2,17,2,53,3,10,1,1,7,9,1,8,1,5,,23,,1,22,9,121.5169324,25.0488276