發生年度,發生月,發生日,發生時-Hours,發生分,處理別-編號,區序,肇事地點,死亡人數,2-30日死亡人數,受傷人數,當事人序號,車種,天候,光線,道路類別,速限-速度限制,道路型態,事故位置,路面狀況1,路面狀況2,路面狀況3,道路障礙1,道路障礙2,號誌1,號誌2,車道劃分-分向,車道劃分-分道1,車道劃分-分道2,車道劃分-分道3,事故類型及型態,性別,年齡,受傷程度,主要傷處,保護裝置,行動電話,車輛用途,當事者行動狀態,駕駛資格情形,駕駛執照種類,飲酒情形,車輛撞擊部位1,車輛撞擊部位2,肇因碼-個別,肇因碼-主要,個人肇逃否,職業,旅次目的,座標-X,座標-Y
112,6,22,17,10,2,04大安區,大安區市民大道4段72號,0,0,1,1,C03,8,1,5,40,14,9,1,5,4,5,7,4,4,1,4,5,2,17,1,23,2,9,1,1,7,9,1,10,1,11,,23,,1,22,9,121.5475541,25.0449128
112,6,22,17,10,2,04大安區,大安區市民大道4段72號,0,0,1,2,B03,8,1,5,40,14,9,1,5,4,5,7,4,4,1,4,5,2,17,1,26,3,10,1,1,7,14,1,8,1,7,,44,,1,22,9,121.5475541,25.0449128
112,6,22,17,10,2,04大安區,大安區市民大道4段72號,0,0,1,3,B03,8,1,5,40,14,9,1,5,4,5,7,4,4,1,4,5,2,17,1,26,3,10,1,1,7,8,1,8,1,15,,44,,1,22,9,121.5475541,25.0449128
112,6,22,17,16,2,11南港區,南港區市民大道8段與忠孝東路7段265巷口火車站前,0,0,3,3,H02,8,1,5,50,4,1,1,5,4,5,6,2,1,3,4,5,2,17,2,21,2,9,1,5,7,20,8,20,10,15,,67,,1,22,9,121.6057977,25.0530949
112,6,22,17,16,2,11南港區,南港區市民大道8段與忠孝東路7段265巷口火車站前,0,0,3,2,C03,8,1,5,50,4,1,1,5,4,5,6,2,1,3,4,5,2,17,1,36,3,10,2,4,7,8,1,10,1,11,,23,,1,22,9,121.6057977,25.0530949
112,6,22,17,16,2,11南港區,南港區市民大道8段與忠孝東路7段265巷口火車站前,0,0,3,1,C03,8,1,5,50,4,1,1,5,4,5,6,2,1,3,4,5,2,17,1,21,2,9,1,4,7,6,1,10,1,13,,9,,1,22,9,121.6057977,25.0530949
112,6,22,17,16,2,11南港區,南港區市民大道8段與忠孝東路7段265巷口火車站前,0,0,3,4,H02,8,1,5,50,4,1,1,5,4,5,6,2,1,3,4,5,2,17,2,35,2,9,1,5,7,21,8,20,10,15,,67,,1,22,9,121.6057977,25.0530949
112,6,22,17,30,2,04大安區,大安區建國南路2段與辛亥路2段口,0,0,1,1,B03,7,1,5,50,3,1,1,5,4,5,7,2,1,1,4,1,1,12,1,52,3,10,1,1,7,15,1,8,1,2,,42,,1,22,9,121.5375062,25.0228214
112,6,22,17,30,2,04大安區,大安區建國南路2段與辛亥路2段口,0,0,1,2,C03,7,1,5,50,3,1,1,5,4,5,7,2,1,1,4,1,1,12,2,24,2,9,1,1,7,9,1,10,1,14,,17,,1,22,9,121.5375062,25.0228214
112,6,22,17,30,2,04大安區,大安區建國南路2段與辛亥路2段口,0,0,1,3,B03,7,1,5,50,3,1,1,5,4,5,7,2,1,1,4,1,1,12,2,30,3,10,1,1,7,6,1,8,1,15,,9,,1,22,9,121.5375062,25.0228214
112,6,22,17,46,2,10文山區,文山區新光路2段21-1號,0,0,1,2,C03,8,1,5,50,14,9,1,5,4,5,7,4,4,4,5,5,2,13,1,34,2,9,1,1,7,9,1,10,2,13,,,,1,22,9,121.5880174,24.999876
112,6,22,17,46,2,10文山區,文山區新光路2段21-1號,0,0,1,1,C03,8,1,5,50,14,9,1,5,4,5,7,4,4,4,5,5,2,13,1,27,3,10,1,1,7,9,1,10,2,11,,,,1,22,9,121.5880174,24.999876
112,6,22,18,1,2,03中山區,中山區濱江街林安泰古厝,0,0,1,1,F01,8,1,5,30,14,9,1,5,4,5,7,1,1,9,3,5,1,16,1,58,2,9,1,1,7,9,8,20,1,16,,,,1,22,9,121.5301475,25.0714937
112,6,22,18,1,2,03中山區,中山區濱江街林安泰古厝,0,0,1,2,B03,8,1,5,30,14,9,1,5,4,5,7,1,1,9,3,5,1,16,2,36,3,10,1,1,7,5,1,8,1,8,,,,1,22,9,121.5301475,25.0714937
112,6,22,19,28,2,08士林區,士林區文林路12號,0,0,1,1,C03,8,1,5,50,14,9,1,5,4,5,7,4,4,10,5,5,1,16,2,25,3,10,1,1,7,7,1,10,2,11,,,,1,22,9,121.525349,25.08629992
112,6,22,19,28,2,08士林區,士林區文林路12號,0,0,1,2,C03,8,1,5,50,14,9,1,5,4,5,7,4,4,10,5,5,1,16,1,29,2,8,1,1,7,8,1,10,2,12,,,,1,22,9,121.525349,25.08629992
112,6,22,19,40,2,08士林區,士林區仰德大道2段28燈桿,0,0,1,1,C01,7,3,5,40,14,9,1,5,4,5,7,4,4,5,5,5,1,19,1,50,2,9,1,1,7,9,1,9,2,12,,13,,1,22,9,121.5411177,25.1025364
112,6,22,19,40,2,08士林區,士林區仰德大道2段28燈桿,0,0,1,2,,7,3,5,40,14,9,1,5,4,5,7,4,4,5,5,5,1,19,3,0,,,,,,,,,,,,67,,1,,,121.5411177,25.1025364
112,6,22,20,11,2,01大同區,大同區重慶北路2段與保安街口,0,0,2,1,C03,8,3,5,50,4,1,1,5,4,5,7,2,1,1,4,5,2,15,1,21,2,9,1,1,7,9,1,10,1,15,,25,,1,22,9,121.5135376,25.0592071
112,6,22,20,11,2,01大同區,大同區重慶北路2段與保安街口,0,0,2,2,C03,8,3,5,50,4,1,1,5,4,5,7,2,1,1,4,5,2,15,2,37,2,9,1,1,7,9,1,10,1,14,,44,,1,22,9,121.5135376,25.0592071
112,6,22,20,50,2,01大同區,大同區台北橋往西上橋處,0,0,2,2,C03,8,3,5,50,14,11,1,5,4,5,7,4,4,1,4,5,2,17,1,30,2,9,3,4,7,8,1,10,1,13,,43,,1,22,9,121.5091038,25.0634821
112,6,22,20,50,2,01大同區,大同區台北橋往西上橋處,0,0,2,1,C03,8,3,5,50,14,11,1,5,4,5,7,4,4,1,4,5,2,17,1,36,2,9,3,4,7,9,1,10,1,11,,43,,1,22,9,121.5091038,25.0634821
112,6,22,21,30,2,09北投區,北投區致遠二路與致遠二路113巷口,0,0,1,2,H01,8,3,5,30,14,9,1,5,4,5,7,4,4,9,4,5,2,9,2,64,2,8,4,1,8,16,8,20,10,16,,67,,1,22,9,121.5122262,25.11679698
112,6,22,21,30,2,09北投區,北投區致遠二路與致遠二路113巷口,0,0,1,1,B12,8,3,5,30,14,9,1,5,4,5,7,4,4,9,4,5,2,9,1,39,3,10,1,1,7,2,1,8,2,3,,12,,1,22,9,121.5122262,25.11679698
112,6,22,21,34,2,06松山區,松山區民權東路4段與新中街口往東第96號燈桿,0,0,1,1,C03,7,3,5,50,14,7,1,5,3,5,7,1,1,9,4,4,2,29,1,20,2,9,1,1,7,9,1,10,2,12,,42,,1,22,9,121.5602991,25.06241074
112,6,22,21,34,2,06松山區,松山區民權東路4段與新中街口往東第96號燈桿,0,0,1,2,,7,3,5,50,14,7,1,5,3,5,7,1,1,9,4,4,2,29,3,0,,,,,,,,,,,,61,,1,,,121.5602991,25.06241074
112,6,22,22,49,2,01大同區,大同區承德路2段與民生西路口,0,0,1,1,B12,6,3,5,50,4,2,1,4,4,5,7,1,1,8,3,5,1,3,1,50,3,10,1,1,7,5,6,8,2,4,,15,,1,22,9,121.5182623,25.05752585
112,6,22,22,49,2,01大同區,大同區承德路2段與民生西路口,0,0,1,2,H01,6,3,5,50,4,2,1,4,4,5,7,1,1,8,3,5,1,3,2,29,2,7,4,5,8,16,8,20,10,16,,67,,1,22,9,121.5182623,25.05752585
112,6,22,23,40,2,08士林區,士林區中山北路5段與文林路口,0,0,1,1,B01,6,3,5,50,3,2,1,4,4,5,1,2,1,4,3,5,1,13,1,52,3,10,3,4,7,9,1,4,1,1,,23,,1,22,9,121.5257293,25.0855763
112,6,22,23,40,2,08士林區,士林區中山北路5段與文林路口,0,0,1,2,C03,6,3,5,50,3,2,1,4,4,5,1,2,1,4,3,5,1,13,1,22,2,9,1,4,7,14,1,10,1,13,,44,,1,22,9,121.5257293,25.0855763
112,6,23,0,26,2,10文山區,文山區辛亥路7段16號,0,0,2,5,H02,8,3,5,40,14,8,1,5,4,5,7,4,4,5,4,4,2,16,1,17,2,9,1,1,7,21,8,20,10,15,,67,,1,22,9,121.553053,24.9867396
112,6,23,0,26,2,10文山區,文山區辛亥路7段16號,0,0,2,1,C03,8,3,5,40,14,8,1,5,4,5,7,4,4,5,4,4,2,16,1,17,2,9,1,1,7,9,2,18,9,12,,13,,2,22,9,121.553053,24.9867396
112,6,23,0,26,2,10文山區,文山區辛亥路7段16號,0,0,2,4,B03,8,3,5,40,14,8,1,5,4,5,7,4,4,5,4,4,2,16,1,28,3,10,3,4,7,13,1,8,1,4,,44,,1,22,9,121.553053,24.9867396
112,6,23,0,26,2,10文山區,文山區辛亥路7段16號,0,0,2,2,B03,8,3,5,40,14,8,1,5,4,5,7,4,4,5,4,4,2,16,1,57,3,10,3,4,7,13,1,8,9,4,,44,,1,22,9,121.553053,24.9867396
112,6,23,0,26,2,10文山區,文山區辛亥路7段16號,0,0,2,3,B03,8,3,5,40,14,8,1,5,4,5,7,4,4,5,4,4,2,16,1,35,3,10,3,4,7,13,1,8,9,4,,44,,1,22,9,121.553053,24.9867396
112,6,23,2,54,2,09北投區,北投區大興街與公館路口,0,0,1,2,C03,6,3,5,50,14,9,1,4,4,5,7,1,1,9,4,5,2,17,1,20,2,7,1,1,7,5,1,10,2,14,,44,,1,22,9,121.5046259,25.13113384
112,6,23,2,54,2,09北投區,北投區大興街與公館路口,0,0,1,1,F03,6,3,5,50,14,9,1,4,4,5,7,1,1,9,4,5,2,17,1,50,3,10,1,1,7,9,8,20,8,16,,25,,1,22,9,121.5046259,25.13113384
112,6,23,6,45,2,03中山區,中山區樂群二路30巷與明水路526巷口,0,0,2,1,C03,8,1,5,30,4,1,1,4,4,5,7,1,1,9,5,5,2,15,1,44,2,3,1,1,7,9,1,10,1,14,,25,,1,22,9,121.5533242,25.079224
112,6,23,6,45,2,03中山區,中山區樂群二路30巷與明水路526巷口,0,0,2,2,C03,8,1,5,30,4,1,1,4,4,5,7,1,1,9,5,5,2,15,1,35,2,7,1,1,7,9,1,10,1,11,,44,,1,22,9,121.5533242,25.079224
112,6,23,9,5,2,10文山區,文山區興隆路3段192巷與興隆路3段192巷2弄口口,0,0,2,1,C03,8,1,5,30,4,1,1,5,4,5,7,4,4,10,5,5,2,15,2,28,2,7,1,1,7,9,1,10,1,14,,6,,1,22,9,121.5585102,24.9977548
112,6,23,9,5,2,10文山區,文山區興隆路3段192巷與興隆路3段192巷2弄口口,0,0,2,2,C03,8,1,5,30,4,1,1,5,4,5,7,4,4,10,5,5,2,15,2,59,2,7,1,1,7,9,1,10,1,12,,44,,1,22,9,121.5585102,24.9977548
112,6,23,9,30,2,03中山區,中山區民權東路2段與松江路口,0,0,2,2,C03,8,1,5,50,4,1,1,5,4,5,7,1,1,1,3,5,1,13,1,27,2,8,1,1,7,9,1,10,2,13,,44,,1,22,9,121.5333063,25.0625863
112,6,23,9,30,2,03中山區,中山區民權東路2段與松江路口,0,0,2,1,C03,8,1,5,50,4,1,1,5,4,5,7,1,1,1,3,5,1,13,1,40,2,9,1,1,7,9,1,10,2,11,,23,,1,22,9,121.5333063,25.0625863
112,6,23,9,50,2,02萬華區,萬華區東園街73巷與東園街35巷口,0,0,3,1,C03,8,1,5,30,3,1,1,5,4,5,7,4,4,9,5,5,2,16,2,23,2,9,1,4,7,6,1,10,1,12,,9,,1,22,9,121.4983805,25.02666478
112,6,23,9,50,2,02萬華區,萬華區東園街73巷與東園街35巷口,0,0,3,2,C03,8,1,5,30,3,1,1,5,4,5,7,4,4,9,5,5,2,16,1,68,2,8,1,4,7,5,1,10,1,14,,8,,1,22,9,121.4983805,25.02666478
112,6,23,9,50,2,02萬華區,萬華區東園街73巷與東園街35巷口,0,0,3,3,H02,8,1,5,30,3,1,1,5,4,5,7,4,4,9,5,5,2,16,2,67,2,8,1,4,7,20,8,20,10,16,,67,,1,22,9,121.4983805,25.02666478
112,6,23,10,18,2,04大安區,大安區和平東路1段與和平東路1段141巷口口,0,0,1,2,C03,8,1,5,50,4,1,1,5,4,5,7,2,1,1,4,4,2,12,1,25,2,7,1,1,7,8,1,10,1,11,,44,,1,22,9,121.5304648,25.0265521
112,6,23,10,18,2,04大安區,大安區和平東路1段與和平東路1段141巷口口,0,0,1,1,B01,8,1,5,50,4,1,1,5,4,5,7,2,1,1,4,4,2,12,1,62,3,10,1,1,7,6,1,4,1,5,,44,,1,22,9,121.5304648,25.0265521
112,6,23,10,20,2,03中山區,中山區長安東路2段與建國北路1段口,0,0,1,1,B02,8,1,5,50,4,2,1,5,4,5,7,1,1,5,4,5,2,16,2,56,3,10,3,4,7,6,1,8,1,6,,9,,1,22,9,121.5369312,25.0484498
112,6,23,10,20,2,03中山區,中山區長安東路2段與建國北路1段口,0,0,1,2,C03,8,1,5,50,4,2,1,5,4,5,7,1,1,5,4,5,2,16,1,25,2,8,1,4,7,9,1,9,1,14,,44,,1,22,9,121.5369312,25.0484498
112,6,23,11,16,2,03中山區,中山區北安路561號,0,0,1,2,B03,8,1,5,50,14,9,1,5,4,5,7,1,1,1,3,5,1,16,1,82,3,10,1,1,7,14,1,8,1,7,,,,1,22,9,121.5480293,25.0804733
112,6,23,11,16,2,03中山區,中山區北安路561號,0,0,1,3,B03,8,1,5,50,14,9,1,5,4,5,7,1,1,1,3,5,1,16,4,0,4,11,3,4,7,15,7,19,11,15,,,,2,22,9,121.5480293,25.0804733
112,6,23,11,16,2,03中山區,中山區北安路561號,0,0,1,1,C03,8,1,5,50,14,9,1,5,4,5,7,1,1,1,3,5,1,16,2,24,2,9,1,1,7,9,1,10,1,11,,,,1,22,9,121.5480293,25.0804733
112,6,23,11,50,2,03中山區,中山區大佳河濱公園東往西近足球場,0,0,1,1,B03,8,1,5,50,14,9,1,5,4,5,7,4,4,5,4,5,2,17,1,34,3,10,1,1,7,6,1,8,1,15,,,,1,22,9,121.5522649,25.07366321
112,6,23,11,50,2,03中山區,中山區大佳河濱公園東往西近足球場,0,0,1,2,C03,8,1,5,50,14,9,1,5,4,5,7,4,4,5,4,5,2,17,1,27,2,9,1,1,7,9,1,10,1,12,,,,1,22,9,121.5522649,25.07366321
112,6,23,11,51,2,06松山區,松山區敦化北路100號,0,0,1,2,C03,8,1,5,50,14,8,1,5,4,5,7,4,4,1,3,4,2,16,1,55,2,9,1,1,7,9,1,10,9,14,,44,,1,22,9,121.5486867,25.05310781
112,6,23,11,51,2,06松山區,松山區敦化北路100號,0,0,1,1,B03,8,1,5,50,14,8,1,5,4,5,7,4,4,1,3,4,2,16,4,0,4,11,3,4,7,15,7,19,11,15,,43,,2,22,9,121.5486867,25.05310781
112,6,23,12,2,2,05中正區,中正區重慶南路2段與愛國西路口,0,0,1,1,B03,8,1,5,50,5,1,1,5,4,5,7,2,1,3,4,5,2,3,4,0,4,11,3,4,7,15,7,19,11,15,,43,,2,22,9,121.5125259,25.0348753
112,6,23,12,2,2,05中正區,中正區重慶南路2段與愛國西路口,0,0,1,2,H01,8,1,5,50,5,1,1,5,4,5,7,2,1,3,4,5,2,3,1,19,2,8,4,5,8,16,8,20,10,16,,43,,1,22,9,121.5125259,25.0348753
112,6,23,12,7,2,07信義區,信義區忠孝東路5段與松仁路口口,0,0,3,3,H02,7,1,5,50,4,1,1,5,4,5,7,2,1,1,4,5,2,17,2,62,2,8,3,4,7,21,8,20,10,16,,67,,1,22,9,121.5684051,25.0409606
112,6,23,12,7,2,07信義區,信義區忠孝東路5段與松仁路口口,0,0,3,2,C03,7,1,5,50,4,1,1,5,4,5,7,2,1,1,4,5,2,17,2,60,2,8,3,4,7,9,1,10,1,13,,44,,1,22,9,121.5684051,25.0409606
112,6,23,12,7,2,07信義區,信義區忠孝東路5段與松仁路口口,0,0,3,1,C03,7,1,5,50,4,1,1,5,4,5,7,2,1,1,4,5,2,17,1,37,2,8,3,4,7,9,1,10,1,11,,23,,1,22,9,121.5684051,25.0409606
112,6,23,12,45,2,05中正區,中正區青島西路11號,0,0,2,9,C03,8,1,5,50,14,9,1,5,4,5,7,4,4,5,5,5,2,17,3,0,,,,,,,,,10,,,,,1,,,121.5178247,25.0449136
112,6,23,12,45,2,05中正區,中正區青島西路11號,0,0,2,5,C03,8,1,5,50,14,9,1,5,4,5,7,4,4,5,5,5,2,17,3,0,,,,,,,,,10,,,,,1,,,121.5178247,25.0449136
112,6,23,12,45,2,05中正區,中正區青島西路11號,0,0,2,8,C03,8,1,5,50,14,9,1,5,4,5,7,4,4,5,5,5,2,17,3,0,,,,,,,,,10,,,,,1,,,121.5178247,25.0449136
112,6,23,12,45,2,05中正區,中正區青島西路11號,0,0,2,7,C03,8,1,5,50,14,9,1,5,4,5,7,4,4,5,5,5,2,17,3,0,,,,,,,,,10,,,,,1,,,121.5178247,25.0449136
112,6,23,12,45,2,05中正區,中正區青島西路11號,0,0,2,6,C03,8,1,5,50,14,9,1,5,4,5,7,4,4,5,5,5,2,17,3,0,,,,,,,,,10,,,,,1,,,121.5178247,25.0449136
112,6,23,12,45,2,05中正區,中正區青島西路11號,0,0,2,4,C03,8,1,5,50,14,9,1,5,4,5,7,4,4,5,5,5,2,17,3,0,,,,,,,,,10,,,,,1,,,121.5178247,25.0449136
112,6,23,12,45,2,05中正區,中正區青島西路11號,0,0,2,3,C03,8,1,5,50,14,9,1,5,4,5,7,4,4,5,5,5,2,17,3,0,,,,,,,,,10,,,,,1,,,121.5178247,25.0449136
112,6,23,12,45,2,05中正區,中正區青島西路11號,0,0,2,11,H02,8,1,5,50,14,9,1,5,4,5,7,4,4,5,5,5,2,17,2,20,2,9,1,5,7,20,8,20,10,16,,,,1,22,9,121.5178247,25.0449136
112,6,23,12,45,2,05中正區,中正區青島西路11號,0,0,2,10,H02,8,1,5,50,14,9,1,5,4,5,7,4,4,5,5,5,2,17,1,76,3,10,4,5,7,19,8,20,10,16,,,,1,22,9,121.5178247,25.0449136
112,6,23,12,45,2,05中正區,中正區青島西路11號,0,0,2,1,B01,8,1,5,50,14,9,1,5,4,5,7,4,4,5,5,5,2,17,1,53,3,10,1,1,7,14,1,4,2,2,,,,1,22,9,121.5178247,25.0449136
112,6,23,12,45,2,05中正區,中正區青島西路11號,0,0,2,2,C03,8,1,5,50,14,9,1,5,4,5,7,4,4,5,5,5,2,17,1,20,2,9,1,1,7,9,1,10,2,14,,,,1,22,9,121.5178247,25.0449136
112,6,23,13,0,2,01大同區,大同區承德橋下堤外便道(明倫高中旁),0,0,1,2,B01,6,1,5,30,14,9,1,4,4,5,7,4,4,10,5,5,2,11,1,44,3,10,3,4,7,9,1,4,1,8,,44,,1,22,9,121.5183922,25.07749953
112,6,23,13,0,2,01大同區,大同區承德橋下堤外便道(明倫高中旁),0,0,1,1,C03,6,1,5,30,14,9,1,4,4,5,7,4,4,10,5,5,2,11,2,18,2,8,3,4,7,1,1,10,1,11,,19,,1,22,9,121.5183922,25.07749953
112,6,23,13,14,2,10文山區,文山區景華街與景華街104巷口,0,0,2,2,H01,6,1,5,30,3,1,1,4,4,5,7,4,4,10,5,5,2,6,2,8,2,7,4,5,8,18,8,20,10,16,,51,,1,22,9,121.5461277,24.995361
112,6,23,13,14,2,10文山區,文山區景華街與景華街104巷口,0,0,2,1,C03,6,1,5,30,3,1,1,4,4,5,7,4,4,10,5,5,2,6,1,63,2,8,1,1,7,9,1,10,2,11,,15,,1,22,9,121.5461277,24.995361
112,6,23,13,20,2,08士林區,士林區中山北路7段天母新村公車站,0,0,1,1,A02,8,1,5,50,14,9,1,5,4,5,2,4,4,1,4,5,2,9,1,66,3,10,3,4,7,1,1,2,9,15,,44,,1,22,9,121.5314915,25.12126275
112,6,23,13,20,2,08士林區,士林區中山北路7段天母新村公車站,0,0,1,2,H02,8,1,5,50,14,9,1,5,4,5,2,4,4,1,4,5,2,9,2,54,2,1,4,5,7,20,8,20,10,16,,67,,1,22,9,121.5314915,25.12126275
112,6,23,14,0,2,03中山區,中山區民權東路1段與林森北路口,0,0,1,2,C03,6,1,5,50,4,2,1,4,4,5,7,2,1,3,4,5,2,13,1,39,2,9,1,1,7,14,1,10,1,13,,44,,1,22,9,121.5257535,25.0627492
112,6,23,14,0,2,03中山區,中山區民權東路1段與林森北路口,0,0,1,1,B01,6,1,5,50,4,2,1,4,4,5,7,2,1,3,4,5,2,13,1,52,3,10,1,1,7,9,1,4,1,1,,42,,1,22,9,121.5257535,25.0627492
112,6,23,14,6,2,04大安區,大安區龍泉街與師大路105巷口,0,0,1,1,C04,6,1,5,30,4,1,1,4,4,5,7,4,4,10,5,5,2,15,2,62,2,9,3,4,7,9,1,11,1,12,,,,1,22,9,121.5292594,25.0224799
112,6,23,14,6,2,04大安區,大安區龍泉街與師大路105巷口,0,0,1,2,B03,6,1,5,30,4,1,1,4,4,5,7,4,4,10,5,5,2,15,1,75,3,10,3,4,7,9,1,8,1,1,,,,1,22,9,121.5292594,25.0224799
112,6,23,14,29,2,06松山區,松山區八德路3段12巷與八德路3段口,0,0,1,1,B01,6,1,5,50,4,1,1,4,4,5,7,1,1,5,4,5,2,16,1,67,3,10,1,1,7,5,1,4,1,6,,6,,1,22,9,121.5507225,25.0481883
112,6,23,14,29,2,06松山區,松山區八德路3段12巷與八德路3段口,0,0,1,2,C03,6,1,5,50,4,1,1,4,4,5,7,1,1,5,4,5,2,16,1,29,2,8,1,1,7,9,1,10,1,11,,42,,1,22,9,121.5507225,25.0481883
112,6,23,14,59,2,08士林區,士林區長春街4巷與光華路口,0,0,1,2,H01,8,1,5,30,3,2,1,5,4,5,7,4,4,10,5,5,1,2,2,67,2,9,4,5,8,16,8,20,10,16,,67,,1,22,9,121.5437651,25.13765754
112,6,23,14,59,2,08士林區,士林區長春街4巷與光華路口,0,0,1,1,B03,8,1,5,30,3,2,1,5,4,5,7,4,4,10,5,5,1,2,1,72,3,10,1,1,7,9,1,8,2,1,,23,,1,22,9,121.5437651,25.13765754
112,6,23,15,10,2,07信義區,信義區吳興街與吳興街500巷口,0,0,1,2,C03,6,1,5,50,3,2,1,4,4,5,7,4,4,9,5,5,2,16,1,31,2,8,1,1,7,9,1,10,1,11,,23,,1,22,9,121.5691845,25.022375
112,6,23,15,10,2,07信義區,信義區吳興街與吳興街500巷口,0,0,1,1,B03,6,1,5,50,3,2,1,4,4,5,7,4,4,9,5,5,2,16,1,48,3,10,3,4,7,11,1,8,1,7,,10,,1,22,9,121.5691845,25.022375
112,6,23,15,46,2,01大同區,大同區酒泉街與迪化街2段口,0,0,1,1,C03,6,1,5,50,3,2,1,4,4,5,7,2,1,5,5,5,2,12,1,24,2,9,3,4,7,6,1,10,2,14,,17,,1,22,9,121.5126646,25.0721114
112,6,23,15,46,2,01大同區,大同區酒泉街與迪化街2段口,0,0,1,2,B03,6,1,5,50,3,2,1,4,4,5,7,2,1,5,5,5,2,12,1,66,3,10,3,4,7,6,1,8,2,2,,44,,1,22,9,121.5126646,25.0721114
112,6,23,15,46,2,01大同區,大同區酒泉街與迪化街2段口,0,0,1,3,B03,6,1,5,50,3,2,1,4,4,5,7,2,1,5,5,5,2,12,1,38,3,10,3,4,7,14,1,8,2,4,,42,,1,22,9,121.5126646,25.0721114
112,6,23,15,46,2,03中山區,中山區樂群一路與敬業三路口,0,0,1,1,B01,6,1,5,50,14,9,1,4,4,5,7,4,4,3,4,5,2,12,1,69,4,11,3,4,7,7,7,19,11,15,,7,,2,22,9,121.5564982,25.0770676
112,6,23,15,46,2,03中山區,中山區樂群一路與敬業三路口,0,0,1,2,C03,6,1,5,50,14,9,1,4,4,5,7,4,4,3,4,5,2,12,1,20,2,9,3,4,7,9,1,10,11,11,,13,,1,22,9,121.5564982,25.0770676
112,6,23,16,0,2,06松山區,松山區復興北路與敦化北路4巷口,0,0,1,2,C03,1,1,5,50,4,1,1,4,4,5,7,2,1,1,4,5,2,15,1,64,2,9,1,1,7,1,1,10,2,11,,44,,1,22,9,121.5440596,25.0502493
112,6,23,16,0,2,06松山區,松山區復興北路與敦化北路4巷口,0,0,1,1,B03,1,1,5,50,4,1,1,4,4,5,7,2,1,1,4,5,2,15,1,70,3,10,1,1,7,9,1,8,2,2,,42,,1,22,9,121.5440596,25.0502493
112,6,23,16,10,2,07信義區,信義區松仁路與松高路口,0,0,1,1,B02,6,1,5,50,4,1,1,4,4,5,7,2,1,1,4,5,2,16,1,45,2,9,1,1,7,11,1,8,1,5,,10,,1,22,9,121.5683777,25.0389685
112,6,23,16,10,2,07信義區,信義區松仁路與松高路口,0,0,1,2,B03,6,1,5,50,4,1,1,4,4,5,7,2,1,1,4,5,2,16,1,62,3,10,1,1,7,6,1,4,1,4,,9,,1,22,9,121.5683777,25.0389685
112,6,23,16,30,2,10文山區,文山區景文街與景文街142巷口,0,0,1,2,C03,6,1,5,30,5,1,1,4,4,5,7,1,1,5,5,5,2,12,2,71,2,7,1,4,7,9,1,10,1,14,,44,,1,22,9,121.5408549,24.988393
112,6,23,16,30,2,10文山區,文山區景文街與景文街142巷口,0,0,1,1,B03,6,1,5,30,5,1,1,4,4,5,7,1,1,5,5,5,2,12,1,52,3,10,1,4,7,6,1,8,1,2,,9,,1,22,9,121.5408549,24.988393
112,6,23,16,30,2,08士林區,士林區重慶北路4段253號,0,0,1,1,B03,6,1,5,50,14,9,1,4,4,5,7,1,1,10,4,5,2,13,1,59,3,10,1,1,7,9,1,8,2,1,,23,,1,22,9,121.5106768,25.086236
112,6,23,16,30,2,08士林區,士林區重慶北路4段253號,0,0,1,2,C03,6,1,5,50,14,9,1,4,4,5,7,1,1,10,4,5,2,13,1,57,2,9,1,1,7,9,1,10,2,13,,14,,1,22,9,121.5106768,25.086236
112,6,23,17,7,2,03中山區,中山區新生北路2段75號,0,0,1,1,B03,6,1,5,50,14,9,1,4,4,5,7,4,4,9,4,5,2,16,2,35,2,2,3,4,7,1,1,8,1,8,,19,,1,22,9,121.5278094,25.05674102
112,6,23,17,7,2,03中山區,中山區新生北路2段75號,0,0,1,2,B01,6,1,5,50,14,9,1,4,4,5,7,4,4,9,4,5,2,16,1,55,3,10,3,4,7,9,1,4,1,2,,44,,1,22,9,121.5278094,25.05674102
112,6,23,18,27,2,04大安區,大安區忠孝東路4段26巷與大安路1段116巷口,0,0,1,1,B03,7,1,5,30,4,1,1,4,4,5,7,1,1,9,4,5,1,11,1,42,3,10,1,1,7,5,1,8,1,8,,8,,1,22,9,121.5444232,25.0398493
112,6,23,18,27,2,04大安區,大安區忠孝東路4段26巷與大安路1段116巷口,0,0,1,2,C03,7,1,5,30,4,1,1,4,4,5,7,1,1,9,4,5,1,11,1,30,2,8,1,1,7,9,1,10,1,11,,44,,1,22,9,121.5444232,25.0398493
112,6,23,18,40,2,11南港區,南港區東新街170巷21號旁,0,0,1,1,C03,8,1,5,30,11,9,1,5,4,5,1,4,4,4,5,5,2,13,1,30,2,8,1,1,7,9,1,10,2,11,,,,1,23,9,121.5925399,25.0442149
112,6,23,18,40,2,11南港區,南港區東新街170巷21號旁,0,0,1,2,B03,8,1,5,30,11,9,1,5,4,5,1,4,4,4,5,5,2,13,1,43,3,10,1,1,7,12,1,8,2,6,,,,1,22,9,121.5925399,25.0442149
112,6,23,18,46,2,05中正區,中正區羅斯福路1段與愛國東路口,0,0,1,1,B03,6,3,5,50,5,2,1,4,4,5,7,2,1,1,4,4,1,17,1,54,3,10,1,1,7,6,1,8,1,15,,9,,1,22,9,121.5171277,25.03445939
112,6,23,18,46,2,05中正區,中正區羅斯福路1段與愛國東路口,0,0,1,2,C03,6,3,5,50,5,2,1,4,4,5,7,2,1,1,4,4,1,17,2,26,2,9,1,1,7,9,1,10,1,12,,44,,1,22,9,121.5171277,25.03445939