發生年度,發生月,發生日,發生時-Hours,發生分,處理別-編號,區序,肇事地點,死亡人數,2-30日死亡人數,受傷人數,當事人序號,車種,天候,光線,道路類別,速限-速度限制,道路型態,事故位置,路面狀況1,路面狀況2,路面狀況3,道路障礙1,道路障礙2,號誌1,號誌2,車道劃分-分向,車道劃分-分道1,車道劃分-分道2,車道劃分-分道3,事故類型及型態,性別,年齡,受傷程度,主要傷處,保護裝置,行動電話,車輛用途,當事者行動狀態,駕駛資格情形,駕駛執照種類,飲酒情形,車輛撞擊部位1,車輛撞擊部位2,肇因碼-個別,肇因碼-主要,個人肇逃否,職業,旅次目的,座標-X,座標-Y
112,6,25,15,36,2,11南港區,南港區忠孝東路6段159巷與忠孝東路6段口,0,0,1,1,B03,8,1,5,30,4,1,1,5,4,5,7,4,4,10,5,5,2,16,1,33,3,10,1,1,7,9,1,8,2,8,,6,,1,22,9,121.5864874,25.0489568
112,6,25,15,48,2,10文山區,文山區興隆路3段185巷與興隆路3段185巷5弄口,0,0,1,2,F01,8,1,5,30,4,1,1,5,4,5,7,4,4,10,5,5,2,15,1,12,2,9,2,1,7,9,8,20,1,16,,23,,1,22,9,121.5611841,24.9955486
112,6,25,15,48,2,10文山區,文山區興隆路3段185巷與興隆路3段185巷5弄口,0,0,1,1,B03,8,1,5,30,4,1,1,5,4,5,7,4,4,10,5,5,2,15,2,40,3,10,1,1,7,9,1,8,1,5,,6,,1,22,9,121.5611841,24.9955486
112,6,25,16,17,2,09北投區,北投區行義路與天母北路口,0,0,1,1,B03,8,1,5,40,3,2,1,5,4,5,7,1,1,4,5,5,2,16,1,54,3,10,1,1,7,9,1,8,9,5,,23,,1,22,9,121.5259384,25.12384508
112,6,25,16,17,2,09北投區,北投區行義路與天母北路口,0,0,1,2,C03,8,1,5,40,3,2,1,5,4,5,7,1,1,4,5,5,2,16,1,25,3,10,1,1,7,14,1,10,9,14,,42,,1,22,9,121.5259384,25.12384508
112,6,25,16,17,2,09北投區,北投區行義路與天母北路口,0,0,1,3,H02,8,1,5,40,3,2,1,5,4,5,7,1,1,4,5,5,2,16,2,59,2,7,1,5,7,20,8,20,10,16,,67,,1,22,9,121.5259384,25.12384508
112,6,25,16,20,2,04大安區,大安區信義路3段與新生南路1段口,0,0,2,2,C03,8,1,5,50,4,1,1,5,4,5,7,1,1,1,4,1,1,15,1,68,2,9,1,1,7,9,1,10,1,11,,23,,1,22,9,121.5328475,25.0337034
112,6,25,16,20,2,04大安區,大安區信義路3段與新生南路1段口,0,0,2,1,F01,8,1,5,50,4,1,1,5,4,5,7,1,1,1,4,1,1,15,1,72,2,9,3,1,7,9,8,20,1,16,,23,,1,22,9,121.5328475,25.0337034
112,6,25,16,39,2,12內湖區,內湖區星雲街33巷與星雲街15巷18弄口,0,0,1,1,B03,8,1,5,30,3,2,1,5,4,5,7,4,4,10,5,5,2,16,2,69,3,10,1,1,7,9,1,8,2,8,,5,,1,22,9,121.5912463,25.0789794
112,6,25,16,39,2,12內湖區,內湖區星雲街33巷與星雲街15巷18弄口,0,0,1,2,C03,8,1,5,30,3,2,1,5,4,5,7,4,4,10,5,5,2,16,1,49,2,9,1,1,7,5,1,10,2,12,,44,,1,22,9,121.5912463,25.0789794
112,6,25,17,15,2,04大安區,大安區忠孝東路3段與建國南路1段口,0,0,1,1,C04,7,1,5,50,4,2,1,5,4,5,7,2,1,1,4,5,2,17,2,30,2,8,1,4,7,9,1,8,9,11,,,,1,22,9,121.5362909,25.0419265
112,6,25,17,15,2,04大安區,大安區忠孝東路3段與建國南路1段口,0,0,1,2,C03,7,1,5,50,4,2,1,5,4,5,7,2,1,1,4,5,2,17,2,23,3,10,3,4,7,13,1,10,9,13,,,,1,22,9,121.5362909,25.0419265
112,6,25,18,30,2,03中山區,中山區民權東路1段與民權東路1段12巷口,0,0,1,2,C03,8,1,5,50,3,2,1,5,4,5,7,4,4,1,4,4,2,12,2,33,2,9,1,1,7,9,1,10,1,14,,44,,1,22,9,121.5235877,25.0626214
112,6,25,18,30,2,03中山區,中山區民權東路1段與民權東路1段12巷口,0,0,1,1,B03,8,1,5,50,3,2,1,5,4,5,7,4,4,1,4,4,2,12,1,31,3,10,1,1,7,6,1,8,1,2,,9,,1,22,9,121.5235877,25.0626214
112,6,25,18,42,2,05中正區,中正區寶慶路與博愛路口口,0,0,2,1,G01,8,3,5,50,4,2,1,5,4,5,7,2,1,9,4,5,1,16,1,15,2,7,1,1,7,5,2,18,2,15,,8,,1,17,2,121.5112681,25.0412421
112,6,25,18,42,2,05中正區,中正區寶慶路與博愛路口口,0,0,2,2,C04,8,3,5,50,4,2,1,5,4,5,7,2,1,9,4,5,1,16,2,27,2,9,1,1,7,9,1,10,2,11,,44,,1,21,1,121.5112681,25.0412421
112,6,25,20,14,2,10文山區,文山區下崙路停車格70號,0,0,2,3,H02,8,3,5,50,14,9,1,5,4,5,7,4,4,9,5,5,2,16,2,69,2,8,1,5,7,20,8,20,10,16,,67,,1,22,9,121.5553579,24.9864178
112,6,25,20,14,2,10文山區,文山區下崙路停車格70號,0,0,2,2,B03,8,3,5,50,14,9,1,5,4,5,7,4,4,9,5,5,2,16,1,39,3,10,3,1,7,13,1,8,9,4,,44,,1,22,9,121.5553579,24.9864178
112,6,25,20,14,2,10文山區,文山區下崙路停車格70號,0,0,2,1,C03,8,3,5,50,14,9,1,5,4,5,7,4,4,9,5,5,2,16,1,67,2,9,1,4,7,9,1,10,2,12,,22,,1,22,9,121.5553579,24.9864178
112,6,25,20,50,2,09北投區,北投區中央北路3段與中央北路3段118巷口,0,0,1,1,B03,8,3,5,50,3,1,1,5,4,5,7,4,4,5,4,5,2,16,1,48,3,10,1,1,7,11,1,8,1,4,,10,,1,22,9,121.4833133,25.13809193
112,6,25,20,50,2,09北投區,北投區中央北路3段與中央北路3段118巷口,0,0,1,2,C03,8,3,5,50,3,1,1,5,4,5,7,4,4,5,4,5,2,16,2,34,2,8,1,1,7,9,1,10,1,11,,14,,1,22,9,121.4833133,25.13809193
112,6,25,21,30,2,08士林區,士林區仰德大道3段與仰德大道3段125巷口,0,0,1,1,B02,8,3,5,40,3,1,1,5,4,5,2,3,1,4,5,5,1,17,2,74,3,10,3,4,7,5,1,8,2,2,,8,,1,22,9,121.5516716,25.12268982
112,6,25,21,30,2,08士林區,士林區仰德大道3段與仰德大道3段125巷口,0,0,1,2,C01,8,3,5,40,3,1,1,5,4,5,2,3,1,4,5,5,1,17,1,23,2,9,1,4,7,9,1,9,2,11,,44,,1,22,9,121.5516716,25.12268982
112,6,25,21,44,2,03中山區,中山區中山北路2段與民生西路口,0,0,1,1,C03,8,3,5,50,14,9,1,5,4,5,7,2,1,1,4,5,2,13,2,27,2,9,1,1,7,9,1,10,2,11,,16,,1,22,9,121.5227469,25.0583182
112,6,25,21,44,2,03中山區,中山區中山北路2段與民生西路口,0,0,1,2,B01,8,3,5,50,14,9,1,5,4,5,7,2,1,1,4,5,2,13,1,69,3,10,1,1,7,13,1,4,2,7,,44,,1,22,9,121.5227469,25.0583182
112,6,25,21,44,2,03中山區,中山區中山北路2段與民生西路口,0,0,1,3,H02,8,3,5,50,14,9,1,5,4,5,7,2,1,1,4,5,2,13,1,27,3,10,1,1,7,21,8,20,10,16,,67,,1,22,9,121.5227469,25.0583182
112,6,25,22,30,2,02萬華區,萬華區西寧南路與貴陽街2段口,0,0,1,2,H01,8,3,5,0,4,2,1,5,4,5,7,2,1,10,4,5,2,3,1,27,2,8,4,5,8,16,8,20,11,16,,67,,1,22,9,121.5062809,25.03938753
112,6,25,22,30,2,02萬華區,萬華區西寧南路與貴陽街2段口,0,0,1,1,B03,8,3,5,0,4,2,1,5,4,5,7,2,1,10,4,5,2,3,1,32,3,10,1,1,7,5,1,8,11,1,,15,,1,22,9,121.5062809,25.03938753
112,6,25,22,55,2,04大安區,大安區大安路1段與大安路1段116巷口,0,0,2,1,B01,8,3,5,50,4,1,1,5,4,5,7,2,1,10,3,5,2,16,1,33,3,10,1,1,7,9,1,4,1,1,,16,,1,22,9,121.5460584,25.0397201
112,6,25,22,55,2,04大安區,大安區大安路1段與大安路1段116巷口,0,0,2,2,C03,8,3,5,50,4,1,1,5,4,5,7,2,1,10,3,5,2,16,1,53,2,9,1,1,7,5,1,10,1,13,,8,,1,22,9,121.5460584,25.0397201
112,6,25,22,55,2,04大安區,大安區大安路1段與大安路1段116巷口,0,0,2,3,H02,8,3,5,50,4,1,1,5,4,5,7,2,1,10,3,5,2,16,2,59,2,9,1,5,7,20,8,20,10,15,,58,,1,22,9,121.5460584,25.0397201
112,6,26,0,26,2,05中正區,中正區中華路1段與開封街1段口,0,0,1,2,C03,8,3,5,50,4,1,1,5,4,5,7,1,1,1,4,1,1,12,2,38,2,9,1,1,7,9,1,10,2,11,,44,,1,22,9,121.5095662,25.0459128
112,6,26,0,26,2,05中正區,中正區中華路1段與開封街1段口,0,0,1,1,C03,8,3,5,50,4,1,1,5,4,5,7,1,1,1,4,1,1,12,2,20,3,10,1,1,7,6,3,18,2,12,,9,,1,22,9,121.5095662,25.0459128
112,6,26,0,58,2,03中山區,中山區龍江路356巷與五常街53巷口,0,0,2,2,B02,8,3,5,50,4,2,1,5,4,5,7,4,4,4,5,5,1,15,1,32,3,10,1,1,7,9,1,4,1,8,,,,1,22,9,121.5396395,25.06602956
112,6,26,0,58,2,03中山區,中山區龍江路356巷與五常街53巷口,0,0,2,3,H02,8,3,5,50,4,2,1,5,4,5,7,4,4,4,5,5,1,15,1,70,2,8,1,5,7,17,8,20,10,16,,,,1,22,9,121.5396395,25.06602956
112,6,26,0,58,2,03中山區,中山區龍江路356巷與五常街53巷口,0,0,2,1,C03,8,3,5,50,4,2,1,5,4,5,7,4,4,4,5,5,1,15,1,46,2,7,1,1,7,9,1,10,1,12,,,,1,22,9,121.5396395,25.06602956
112,6,26,6,40,2,09北投區,北投區明德路與東華街1段口,0,0,1,2,C03,8,1,5,50,4,1,1,5,4,5,7,1,1,5,4,5,2,16,1,30,2,9,3,4,7,9,1,10,2,12,,44,,1,22,9,121.5192635,25.10920254
112,6,26,6,40,2,09北投區,北投區明德路與東華街1段口,0,0,1,1,B01,8,1,5,50,4,1,1,5,4,5,7,1,1,5,4,5,2,16,1,68,3,10,3,4,7,11,1,4,2,8,,10,,1,22,9,121.5192635,25.10920254
112,6,26,7,0,2,01大同區,大同區民權西路266號與民權西路225巷口,0,0,2,2,C03,8,1,5,50,3,1,1,5,4,5,7,2,1,10,4,5,2,16,1,28,2,7,3,4,7,9,1,9,1,11,,44,,1,22,9,121.5121961,25.0628213
112,6,26,7,0,2,01大同區,大同區民權西路266號與民權西路225巷口,0,0,2,1,C03,8,1,5,50,3,1,1,5,4,5,7,2,1,10,4,5,2,16,1,55,2,9,3,4,7,5,1,10,1,14,,8,,1,22,9,121.5121961,25.0628213
112,6,26,7,15,2,11南港區,南港區三重路與重陽路口,0,0,1,2,B03,8,1,5,50,3,2,1,5,4,5,7,4,4,5,4,5,2,16,1,46,3,10,1,1,7,9,1,8,1,1,,14,,1,22,9,121.6130028,25.0619369
112,6,26,7,15,2,11南港區,南港區三重路與重陽路口,0,0,1,1,C02,8,1,5,50,3,2,1,5,4,5,7,4,4,5,4,5,2,16,1,43,2,9,1,1,7,5,1,9,1,12,,8,,1,22,9,121.6130028,25.0619369
112,6,26,7,25,2,02萬華區,萬華區堤外便道與堤外便道口往西近水源快速道路匝道,0,0,1,1,B03,8,1,5,50,3,1,1,5,4,5,7,4,4,8,3,5,2,16,2,50,3,10,3,4,7,8,1,8,1,2,,7,,1,22,9,121.5001661,25.01754912
112,6,26,7,25,2,02萬華區,萬華區堤外便道與堤外便道口往西近水源快速道路匝道,0,0,1,2,C03,8,1,5,50,3,1,1,5,4,5,7,4,4,8,3,5,2,16,1,42,2,9,3,4,7,4,1,10,1,14,,23,,1,22,9,121.5001661,25.01754912
112,6,26,7,28,2,09北投區,北投區東陽街與建民路口,0,0,1,2,C03,8,1,5,50,4,1,1,5,4,5,7,4,4,9,5,5,1,15,1,36,3,10,1,1,7,9,1,10,1,14,,43,,1,22,9,121.5203264,25.11216378
112,6,26,7,28,2,09北投區,北投區東陽街與建民路口,0,0,1,1,C03,8,1,5,50,4,1,1,5,4,5,7,4,4,9,5,5,1,15,1,64,2,9,1,1,7,9,1,10,1,11,,43,,1,22,9,121.5203264,25.11216378
112,6,26,7,37,2,10文山區,文山區木柵路4段與木柵路4段9巷口,0,0,1,1,B03,8,1,5,50,14,9,2,5,4,5,7,1,1,5,4,5,2,17,1,62,3,10,3,4,7,6,1,8,1,2,,43,,1,22,9,121.5712672,24.99243317
112,6,26,7,37,2,10文山區,文山區木柵路4段與木柵路4段9巷口,0,0,1,2,C03,8,1,5,50,14,9,2,5,4,5,7,1,1,5,4,5,2,17,1,31,2,7,1,4,7,9,1,10,1,14,,43,,1,22,9,121.5712672,24.99243317
112,6,26,7,42,2,02萬華區,萬華區忠孝橋機車道往東下橋處,0,0,1,1,C03,8,1,5,50,8,11,1,5,4,5,7,1,1,9,4,4,2,17,1,47,4,11,3,4,7,15,7,19,11,15,,,,2,22,9,121.5074961,25.04856403
112,6,26,7,42,2,02萬華區,萬華區忠孝橋機車道往東下橋處,0,0,1,2,C03,8,1,5,50,8,11,1,5,4,5,7,1,1,9,4,4,2,17,2,47,2,9,1,4,7,5,1,10,9,15,,,,1,22,9,121.5074961,25.04856403
112,6,26,7,50,2,09北投區,北投區中央北路4段與中央北路4段180巷口,0,0,2,2,C03,8,1,5,50,4,1,1,5,4,5,7,4,4,5,4,5,1,12,1,53,2,9,1,1,7,9,1,10,1,11,,23,,1,22,9,121.4752155,25.13284166
112,6,26,7,50,2,09北投區,北投區中央北路4段與中央北路4段180巷口,0,0,2,1,C03,8,1,5,50,4,1,1,5,4,5,7,4,4,5,4,5,1,12,1,80,2,9,1,1,7,5,1,10,1,11,,8,,1,22,9,121.4752155,25.13284166
112,6,26,7,57,2,12內湖區,內湖區麗山街37巷與麗山街口,0,0,1,1,B03,8,1,5,30,4,1,1,5,4,5,7,4,4,10,5,5,2,15,1,34,3,10,1,1,7,9,1,8,2,1,,6,,1,22,9,121.5809668,25.0804022
112,6,26,7,57,2,12內湖區,內湖區麗山街37巷與麗山街口,0,0,1,2,C03,8,1,5,30,4,1,1,5,4,5,7,4,4,10,5,5,2,15,2,31,2,9,1,1,7,9,3,18,11,12,,14,,2,22,9,121.5809668,25.0804022
112,6,26,7,58,2,08士林區,士林區百齡橋與承德路5段口,0,0,2,2,C03,8,1,5,50,4,3,1,5,4,5,7,1,1,1,5,5,1,17,1,57,2,9,1,1,7,12,1,10,1,12,,44,,1,22,9,121.5170793,25.091611
112,6,26,7,58,2,08士林區,士林區百齡橋與承德路5段口,0,0,2,1,C03,8,1,5,50,4,3,1,5,4,5,7,1,1,1,5,5,1,17,1,47,2,9,1,1,7,9,1,10,1,11,,23,,1,22,9,121.5170793,25.091611
112,6,26,8,19,2,10文山區,文山區羅斯福路6段234號,0,0,1,2,C03,8,1,5,50,14,9,1,5,4,5,7,4,4,1,4,5,2,13,1,39,3,10,1,1,7,9,1,10,1,13,,13,,1,22,9,121.5405925,24.9923755
112,6,26,8,19,2,10文山區,文山區羅斯福路6段234號,0,0,1,1,C03,8,1,5,50,14,9,1,5,4,5,7,4,4,1,4,5,2,13,2,46,2,9,1,1,7,9,1,10,1,11,,23,,1,22,9,121.5405925,24.9923755
112,6,26,8,30,2,07信義區,信義區林口街118號,0,0,1,2,F03,8,1,5,30,14,9,1,5,4,5,7,4,4,10,5,5,2,16,2,73,2,9,1,1,7,9,8,20,1,16,,17,,1,22,9,121.5803648,25.0400036
112,6,26,8,30,2,07信義區,信義區林口街118號,0,0,1,1,B03,8,1,5,30,14,9,1,5,4,5,7,4,4,10,5,5,2,16,2,62,3,10,1,1,7,9,1,8,1,2,,17,,1,22,9,121.5803648,25.0400036
112,6,26,8,38,2,11南港區,南港區研究院路2段與福山街口,0,0,1,1,C04,8,1,5,50,4,2,1,5,4,5,7,1,1,1,4,5,2,16,2,73,4,11,3,4,7,15,7,19,11,15,,10,,2,22,9,121.6153755,25.045447
112,6,26,8,38,2,11南港區,南港區研究院路2段與福山街口,0,0,1,3,C03,8,1,5,50,4,2,1,5,4,5,7,1,1,1,4,5,2,16,2,34,2,9,1,1,7,9,1,10,2,11,,23,,1,22,9,121.6153755,25.045447
112,6,26,8,38,2,11南港區,南港區研究院路2段與福山街口,0,0,1,2,C02,8,1,5,50,4,2,1,5,4,5,7,1,1,1,4,5,2,16,1,38,3,10,1,1,7,9,1,9,2,11,,23,,1,22,9,121.6153755,25.045447
112,6,26,8,40,2,05中正區,中正區重慶南路3段與汀州路2段口,0,0,1,1,B01,8,1,5,50,4,1,1,5,4,5,7,1,1,5,5,5,2,12,1,59,3,10,1,1,7,6,1,2,1,2,,,,1,22,9,121.516437,25.0257192
112,6,26,8,40,2,05中正區,中正區重慶南路3段與汀州路2段口,0,0,1,2,C03,8,1,5,50,4,1,1,5,4,5,7,1,1,5,5,5,2,12,2,47,2,9,1,1,7,9,1,10,1,14,,,,1,22,9,121.516437,25.0257192
112,6,26,8,43,2,04大安區,大安區和平東路1段與師大路口,0,0,3,3,H02,8,1,5,50,14,9,1,5,4,5,7,2,1,1,4,5,2,13,2,63,2,1,3,5,7,21,8,20,1,16,,,,1,22,9,121.528448,25.0265077
112,6,26,8,43,2,04大安區,大安區和平東路1段與師大路口,0,0,3,2,C03,8,1,5,50,14,9,1,5,4,5,7,2,1,1,4,5,2,13,1,71,2,8,3,4,7,6,1,10,1,13,,,,1,22,9,121.528448,25.0265077
112,6,26,8,43,2,04大安區,大安區和平東路1段與師大路口,0,0,3,1,C03,8,1,5,50,14,9,1,5,4,5,7,2,1,1,4,5,2,13,2,22,2,9,3,4,7,9,1,10,1,11,,,,1,22,9,121.528448,25.0265077
112,6,26,8,52,2,03中山區,中山區民權東路2段與吉林路口,0,0,1,2,F01,8,1,5,50,4,2,1,5,4,5,7,1,1,1,4,5,2,13,1,37,2,9,2,1,7,12,8,20,11,16,,44,,1,22,9,121.5300616,25.0624551
112,6,26,8,52,2,03中山區,中山區民權東路2段與吉林路口,0,0,1,1,C03,8,1,5,50,4,2,1,5,4,5,7,1,1,1,4,5,2,13,1,23,3,10,1,1,7,9,1,10,11,11,,23,,1,22,9,121.5300616,25.0624551
112,6,26,9,0,2,01大同區,大同區重慶北路3段186號,0,0,1,2,B03,8,1,5,50,14,9,1,5,4,5,7,4,4,1,4,5,2,12,1,39,3,10,3,4,7,9,1,8,1,5,,17,,1,22,9,121.5136436,25.06920593
112,6,26,9,0,2,01大同區,大同區重慶北路3段186號,0,0,1,1,C03,8,1,5,50,14,9,1,5,4,5,7,4,4,1,4,5,2,12,2,55,2,8,3,4,7,9,1,10,1,14,,17,,1,22,9,121.5136436,25.06920593
112,6,26,9,4,2,04大安區,大安區基隆路4段43號台科大前,0,0,1,1,C03,8,1,5,50,14,9,1,5,4,5,7,2,1,1,3,5,1,12,2,34,3,10,1,1,7,7,1,10,1,13,,,,1,22,9,121.5402354,25.0136321
112,6,26,9,4,2,04大安區,大安區基隆路4段43號台科大前,0,0,1,2,C03,8,1,5,50,14,9,1,5,4,5,7,2,1,1,3,5,1,12,2,54,2,9,1,1,7,9,1,10,1,11,,,,1,22,9,121.5402354,25.0136321
112,6,26,9,5,2,11南港區,南港區研究院路2段61巷9號對面,0,0,2,1,F01,8,1,8,0,15,20,4,5,4,5,7,4,4,10,5,5,2,16,1,64,2,7,3,4,7,9,8,20,1,16,,23,,1,22,9,121.6171176,25.04421897
112,6,26,9,5,2,11南港區,南港區研究院路2段61巷9號對面,0,0,2,2,F01,8,1,8,0,15,20,4,5,4,5,7,4,4,10,5,5,2,16,2,73,2,9,3,4,7,9,8,20,1,16,,23,,1,22,9,121.6171176,25.04421897
112,6,26,9,10,2,12內湖區,內湖區石潭路與行善路口,0,0,1,2,C03,8,1,5,50,14,9,1,5,4,5,7,1,1,1,4,5,2,16,1,47,2,9,1,1,7,9,1,10,2,12,,23,,1,22,9,121.5849035,25.0631171
112,6,26,9,10,2,12內湖區,內湖區石潭路與行善路口,0,0,1,1,B01,8,1,5,50,14,9,1,5,4,5,7,1,1,1,4,5,2,16,1,53,3,10,1,1,7,7,1,4,2,7,,7,,1,22,9,121.5849035,25.0631171
112,6,26,9,23,2,03中山區,中山區劍南路,0,0,1,2,F01,8,1,5,30,14,9,1,5,4,5,7,4,4,5,5,5,2,13,1,60,2,9,1,1,7,9,8,20,1,16,,44,,1,22,9,121.554674,25.08651152
112,6,26,9,23,2,03中山區,中山區劍南路,0,0,1,1,B03,8,1,5,30,14,9,1,5,4,5,7,4,4,5,5,5,2,13,1,83,3,10,1,1,7,9,1,8,1,1,,23,,1,22,9,121.554674,25.08651152
112,6,26,9,45,2,05中正區,中正區貴陽街1段60號,0,0,1,2,C03,8,1,5,50,14,9,1,5,4,5,7,4,4,5,4,5,2,12,2,44,2,9,1,1,7,9,1,10,2,14,,,,1,22,9,121.5088137,25.03903525
112,6,26,9,45,2,05中正區,中正區貴陽街1段60號,0,0,1,1,B12,8,1,5,50,14,9,1,5,4,5,7,4,4,5,4,5,2,12,1,37,3,10,1,1,7,10,1,8,2,5,,,,1,22,9,121.5088137,25.03903525
112,6,26,9,51,2,12內湖區,內湖區基湖路與基湖路10巷口口,0,0,1,1,B02,8,1,5,50,4,1,1,5,4,5,7,2,1,5,4,5,2,12,1,38,3,10,1,1,7,6,1,8,1,2,,42,,1,22,9,121.5651851,25.08149095
112,6,26,9,51,2,12內湖區,內湖區基湖路與基湖路10巷口口,0,0,1,2,C03,8,1,5,50,4,1,1,5,4,5,7,2,1,5,4,5,2,12,2,25,2,7,1,1,7,9,1,10,1,14,,23,,1,22,9,121.5651851,25.08149095
112,6,26,10,9,2,07信義區,信義區永吉路30巷與松隆路口口,0,0,1,2,C03,8,1,5,50,4,1,1,5,4,5,7,2,1,5,5,5,2,12,2,54,2,7,1,1,7,9,1,10,1,14,,44,,1,22,9,121.568823,25.044373
112,6,26,10,9,2,07信義區,信義區永吉路30巷與松隆路口口,0,0,1,1,B03,8,1,5,50,4,1,1,5,4,5,7,2,1,5,5,5,2,12,1,67,3,10,1,1,7,6,1,4,1,5,,9,,1,22,9,121.568823,25.044373
112,6,26,10,45,2,05中正區,中正區中華路2段309巷與中華路2段315巷5弄口,0,0,1,2,C03,8,1,5,30,4,1,1,5,4,5,7,4,4,10,5,5,2,15,1,34,2,8,1,1,7,9,1,10,2,12,,14,,1,22,9,121.5061391,25.02896708
112,6,26,10,45,2,05中正區,中正區中華路2段309巷與中華路2段315巷5弄口,0,0,1,1,B12,8,1,5,30,4,1,1,5,4,5,7,4,4,10,5,5,2,15,1,38,3,10,1,1,7,9,1,8,2,1,,6,,1,22,9,121.5061391,25.02896708
112,6,26,10,55,2,02萬華區,萬華區西園路2段278號,0,0,1,2,C03,8,1,5,50,14,9,1,5,4,5,7,1,1,1,3,5,1,16,1,58,2,9,3,4,7,9,1,10,1,12,,23,,1,22,9,121.4943515,25.0275472
112,6,26,10,55,2,02萬華區,萬華區西園路2段278號,0,0,1,1,B02,8,1,5,50,14,9,1,5,4,5,7,1,1,1,3,5,1,16,2,55,3,10,3,4,7,1,1,4,1,8,,19,,1,22,9,121.4943515,25.0275472
112,6,26,11,4,2,03中山區,中山區民生西路3巷與錦西街口,0,0,2,2,C03,8,1,5,30,4,2,1,5,4,5,7,4,4,9,5,5,2,15,2,73,2,8,3,4,7,9,1,10,2,11,,44,,1,22,9,121.5223361,25.06043
112,6,26,11,4,2,03中山區,中山區民生西路3巷與錦西街口,0,0,2,1,C03,8,1,5,30,4,2,1,5,4,5,7,4,4,9,5,5,2,15,2,62,2,7,3,4,7,9,1,10,1,12,,6,,1,22,9,121.5223361,25.06043
112,6,26,11,45,2,06松山區,松山區敦化北路199巷5-1號,0,0,1,1,B01,8,1,5,30,3,2,1,5,4,5,7,1,1,9,4,5,2,16,1,67,3,10,1,4,7,5,1,4,2,5,,,,1,22,9,121.5513387,25.05661884
112,6,26,11,45,2,06松山區,松山區敦化北路199巷5-1號,0,0,1,2,C03,8,1,5,30,3,2,1,5,4,5,7,1,1,9,4,5,2,16,1,59,3,10,1,4,7,5,1,10,2,14,,,,1,22,9,121.5513387,25.05661884
112,6,26,11,45,2,06松山區,松山區敦化北路199巷5-1號,0,0,1,3,H02,8,1,5,30,3,2,1,5,4,5,7,1,1,9,4,5,2,16,1,24,2,8,1,5,7,21,8,20,10,16,,,,1,22,9,121.5513387,25.05661884
112,6,26,11,48,2,03中山區,中山區新生北路3段與民權東路2段口北側迴轉道,0,0,1,1,B01,8,2,5,50,14,9,1,5,4,5,7,4,4,9,4,5,1,12,1,59,3,10,1,1,7,5,1,4,1,8,,8,,1,22,9,121.5276189,25.06433272
112,6,26,11,48,2,03中山區,中山區新生北路3段與民權東路2段口北側迴轉道,0,0,1,2,C03,8,2,5,50,14,9,1,5,4,5,7,4,4,9,4,5,1,12,1,21,2,9,1,1,7,9,1,10,1,11,,13,,1,22,9,121.5276189,25.06433272
112,6,26,11,58,2,07信義區,信義區松山路164號,0,0,1,1,B03,8,1,5,50,14,9,1,5,4,5,7,4,4,8,3,5,2,17,1,20,3,10,1,1,7,1,1,8,1,8,,19,,1,22,9,121.577737,25.0462665
112,6,26,11,58,2,07信義區,信義區松山路164號,0,0,1,2,C03,8,1,5,50,14,9,1,5,4,5,7,4,4,8,3,5,2,17,1,68,3,10,1,1,7,9,1,10,1,11,,44,,1,22,9,121.577737,25.0462665
112,6,26,11,58,2,07信義區,信義區松山路164號,0,0,1,3,H02,8,1,5,50,14,9,1,5,4,5,7,4,4,8,3,5,2,17,2,64,2,8,4,5,7,20,8,20,10,16,,67,,1,22,9,121.577737,25.0462665
112,6,26,12,5,2,05中正區,中正區中山南路與青島東路口,0,0,2,1,C03,8,1,5,50,4,1,1,5,4,5,7,1,1,10,5,5,2,16,1,61,2,9,1,1,7,5,1,10,2,14,,,,1,22,9,121.5194099,25.0444916
112,6,26,12,5,2,05中正區,中正區中山南路與青島東路口,0,0,2,2,C03,8,1,5,50,4,1,1,5,4,5,7,1,1,10,5,5,2,16,2,19,2,7,1,1,7,9,1,10,2,11,,,,1,22,9,121.5194099,25.0444916
112,6,26,12,19,2,08士林區,士林區基河路251巷與基河路口,0,0,1,1,B03,8,1,5,50,4,2,1,5,4,5,7,2,1,9,4,5,1,16,2,26,3,10,3,1,7,5,1,8,1,8,,,,1,22,9,121.5215729,25.0913892
112,6,26,12,19,2,08士林區,士林區基河路251巷與基河路口,0,0,1,2,C03,8,1,5,50,4,2,1,5,4,5,7,2,1,9,4,5,1,16,2,18,2,9,3,4,7,9,1,10,1,14,,,,1,22,9,121.5215729,25.0913892
112,6,26,12,39,2,09北投區,北投區文林北路94巷與文林北路80巷59弄口,0,0,1,1,C03,8,1,5,30,4,1,1,5,4,5,7,4,4,10,5,5,2,17,1,65,2,8,1,1,7,9,1,10,1,12,,6,,1,22,9,121.5190877,25.10683606
112,6,26,12,39,2,09北投區,北投區文林北路94巷與文林北路80巷59弄口,0,0,1,2,B03,8,1,5,30,4,1,1,5,4,5,7,4,4,10,5,5,2,17,1,40,3,10,1,1,7,9,1,8,1,1,,44,,1,22,9,121.5190877,25.10683606
112,6,26,12,53,2,12內湖區,內湖區康寧路3段與康寧路3段70巷口,0,0,2,1,B03,8,1,5,50,4,1,1,5,4,5,7,2,1,1,4,5,2,16,1,62,3,10,1,1,7,5,1,8,2,5,,8,,1,22,9,121.6112148,25.07040815
112,6,26,12,53,2,12內湖區,內湖區康寧路3段與康寧路3段70巷口,0,0,2,2,C03,8,1,5,50,4,1,1,5,4,5,7,2,1,1,4,5,2,16,1,22,2,9,1,1,7,9,1,10,2,11,,44,,1,22,9,121.6112148,25.07040815