發生年度,發生月,發生日,發生時-Hours,發生分,處理別-編號,區序,肇事地點,死亡人數,2-30日死亡人數,受傷人數,當事人序號,車種,天候,光線,道路類別,速限-速度限制,道路型態,事故位置,路面狀況1,路面狀況2,路面狀況3,道路障礙1,道路障礙2,號誌1,號誌2,車道劃分-分向,車道劃分-分道1,車道劃分-分道2,車道劃分-分道3,事故類型及型態,性別,年齡,受傷程度,主要傷處,保護裝置,行動電話,車輛用途,當事者行動狀態,駕駛資格情形,駕駛執照種類,飲酒情形,車輛撞擊部位1,車輛撞擊部位2,肇因碼-個別,肇因碼-主要,個人肇逃否,職業,旅次目的,座標-X,座標-Y
112,6,26,12,53,2,12內湖區,內湖區康寧路3段與康寧路3段70巷口,0,0,2,3,C03,8,1,5,50,4,1,1,5,4,5,7,2,1,1,4,5,2,16,1,20,2,9,1,1,7,9,1,10,2,11,,44,,1,22,9,121.6112148,25.07040815
112,6,26,13,15,2,08士林區,士林區至善路2段與至善路2段1巷口,0,0,1,1,C03,8,1,5,50,3,1,1,5,4,5,7,4,4,1,4,4,1,16,2,66,3,10,3,4,7,6,1,10,1,13,,9,,1,22,9,121.5432424,25.09727546
112,6,26,13,15,2,08士林區,士林區至善路2段與至善路2段1巷口,0,0,1,2,C03,8,1,5,50,3,1,1,5,4,5,7,4,4,1,4,4,1,16,2,31,2,9,3,4,7,9,4,8,1,11,,14,,1,22,9,121.5432424,25.09727546
112,6,26,13,50,2,10文山區,文山區興隆路1段70巷11弄與景明街口,0,0,1,2,A12,8,1,5,30,4,1,1,5,4,5,7,4,4,10,5,5,2,15,1,63,3,10,1,1,7,9,1,5,2,1,,14,,1,22,9,121.5409562,25.0015317
112,6,26,13,50,2,10文山區,文山區羅斯福路5段與萬盛街口,0,0,1,1,C03,8,1,5,50,4,1,1,5,4,1,7,1,1,1,4,5,2,28,1,72,2,9,1,1,7,9,6,18,2,11,,23,,1,22,9,121.5384822,25.0077102
112,6,26,13,50,2,10文山區,文山區羅斯福路5段與萬盛街口,0,0,1,2,,8,1,5,50,4,1,1,5,4,1,7,1,1,1,4,5,2,28,3,49,,,,,,,,,10,,,67,,1,,,121.5384822,25.0077102
112,6,26,13,50,2,10文山區,文山區興隆路1段70巷11弄與景明街口,0,0,1,1,C03,8,1,5,30,4,1,1,5,4,5,7,4,4,10,5,5,2,15,1,27,2,9,1,1,7,9,1,10,2,12,,6,,1,22,9,121.5409562,25.0015317
112,6,26,13,53,2,11南港區,南港區市民大道7段與昆陽街口,0,0,3,2,C03,8,1,5,50,4,1,1,5,4,5,7,1,1,1,4,5,2,16,2,21,2,5,1,1,7,9,1,10,1,11,,87,,1,21,9,121.5937846,25.0512242
112,6,26,13,53,2,11南港區,南港區市民大道7段與昆陽街口,0,0,3,1,C03,8,1,5,50,4,1,1,5,4,5,7,1,1,1,4,5,2,16,2,65,2,8,1,1,7,5,1,10,1,14,,20,,1,21,9,121.5937846,25.0512242
112,6,26,13,53,2,11南港區,南港區市民大道7段與昆陽街口,0,0,3,3,H02,8,1,5,50,4,1,1,5,4,5,7,1,1,1,4,5,2,16,2,63,2,8,1,5,7,21,8,20,10,16,,87,,1,21,9,121.5937846,25.0512242
112,6,26,14,5,2,03中山區,中山區民權東路2段與中原街口,0,0,1,1,C03,8,1,5,50,4,2,1,5,4,5,7,2,1,3,4,5,2,17,1,47,3,10,1,1,7,8,1,9,1,15,,,,1,22,9,121.5286695,25.0625006
112,6,26,14,5,2,03中山區,中山區民權東路2段與中原街口,0,0,1,2,C03,8,1,5,50,4,2,1,5,4,5,7,2,1,3,4,5,2,17,1,23,2,9,1,1,7,9,1,10,1,14,,,,1,22,9,121.5286695,25.0625006
112,6,26,14,8,2,09北投區,北投區承德路7段303號,0,0,1,1,B03,8,1,5,60,14,7,1,5,4,5,7,4,4,1,4,4,2,17,1,74,3,10,1,1,7,7,1,8,1,8,,7,,1,22,9,121.5043188,25.11686932
112,6,26,14,8,2,09北投區,北投區承德路7段303號,0,0,1,2,C02,8,1,5,60,14,7,1,5,4,5,7,4,4,1,4,4,2,17,1,20,2,9,1,1,7,9,1,9,1,11,,44,,1,22,9,121.5043188,25.11686932
112,6,26,14,12,2,09北投區,北投區承德路7段393巷與承德路7段口,0,0,2,2,C03,8,1,5,50,4,1,1,5,4,5,7,1,1,9,4,5,2,16,1,31,2,9,1,1,7,9,1,10,2,14,,44,,1,22,9,121.5007507,25.1157495
112,6,26,14,12,2,09北投區,北投區承德路7段393巷與承德路7段口,0,0,2,3,C03,8,1,5,50,4,1,1,5,4,5,7,1,1,9,4,5,2,16,2,21,2,9,1,1,7,9,1,10,2,14,,44,,1,22,9,121.5007507,25.1157495
112,6,26,14,12,2,09北投區,北投區承德路7段393巷與承德路7段口,0,0,2,1,A41,8,1,5,50,4,1,1,5,4,5,7,1,1,9,4,5,2,16,1,39,3,10,1,1,7,6,1,3,2,5,,9,,1,22,9,121.5007507,25.1157495
112,6,26,14,34,2,04大安區,大安區信義路4段與大安路1段口,0,0,1,1,C03,8,1,5,50,4,1,1,5,4,5,7,2,1,1,4,5,2,17,1,61,3,10,1,1,7,5,1,10,2,14,,8,,1,22,9,121.5460122,25.03349542
112,6,26,14,34,2,04大安區,大安區信義路4段與大安路1段口,0,0,1,2,F01,8,1,5,50,4,1,1,5,4,5,7,2,1,1,4,5,2,17,1,59,2,9,3,1,7,9,8,20,2,16,,44,,1,22,9,121.5460122,25.03349542
112,6,26,14,41,2,06松山區,松山區敦化北路與敦化北路120巷口,0,0,1,1,B03,8,1,5,50,14,8,1,5,4,5,7,4,4,9,4,4,2,17,1,62,3,10,1,1,7,6,1,8,1,2,,,,1,22,9,121.5487354,25.05388414
112,6,26,14,41,2,06松山區,松山區敦化北路與敦化北路120巷口,0,0,1,2,C03,8,1,5,50,14,8,1,5,4,5,7,4,4,9,4,4,2,17,1,29,2,9,1,1,7,9,1,10,1,14,,,,1,22,9,121.5487354,25.05388414
112,6,26,14,46,2,08士林區,士林區中山北路5段與福國路口,0,0,1,3,B03,8,1,5,50,3,2,1,5,4,5,7,2,1,3,4,2,2,16,1,57,3,10,1,1,7,9,1,8,1,1,,16,,1,22,9,121.5255714,25.10257166
112,6,26,14,46,2,08士林區,士林區中山北路5段與福國路口,0,0,1,1,C03,8,1,5,50,3,2,1,5,4,5,7,2,1,3,4,2,2,16,1,21,2,9,1,1,7,5,1,10,1,11,,8,,1,22,9,121.5255714,25.10257166
112,6,26,14,46,2,08士林區,士林區中山北路5段與福國路口,0,0,1,2,B03,8,1,5,50,3,2,1,5,4,5,7,2,1,3,4,2,2,16,1,68,3,10,1,1,7,9,1,8,1,5,,44,,1,22,9,121.5255714,25.10257166
112,6,26,14,49,2,09北投區,北投區承德路6段與福國路口,0,0,1,2,C03,8,1,5,60,4,1,1,5,4,5,7,2,1,1,4,5,2,17,1,31,3,10,1,1,7,9,1,10,1,14,,44,,1,22,9,121.5124565,25.10151897
112,6,26,14,49,2,09北投區,北投區承德路6段與福國路口,0,0,1,1,C03,8,1,5,60,4,1,1,5,4,5,7,2,1,1,4,5,2,17,2,18,2,8,1,1,7,8,1,10,1,11,,7,,1,22,9,121.5124565,25.10151897
112,6,26,15,0,2,08士林區,士林區延平北路5段187號前,0,0,1,1,C03,8,1,5,50,14,9,1,5,4,5,7,4,4,3,4,5,1,12,2,30,3,10,1,1,7,1,1,10,1,13,,19,,1,22,9,121.5100564,25.0832923
112,6,26,15,0,2,08士林區,士林區延平北路5段187號前,0,0,1,2,C03,8,1,5,50,14,9,1,5,4,5,7,4,4,3,4,5,1,12,1,41,2,9,1,1,7,9,1,10,1,11,,44,,1,22,9,121.5100564,25.0832923
112,6,26,16,0,2,04大安區,大安區仁愛路4段與仁愛路4段266巷口,0,0,1,3,H02,8,1,5,50,4,1,1,5,4,5,7,2,1,8,3,4,2,16,2,40,2,9,1,5,7,20,8,20,10,16,,67,,1,22,9,121.5529008,25.0376161
112,6,26,16,0,2,04大安區,大安區仁愛路4段與仁愛路4段266巷口,0,0,1,1,B01,8,1,5,50,4,1,1,5,4,5,7,2,1,8,3,4,2,16,1,54,3,10,1,1,7,5,1,4,2,6,,8,,1,22,9,121.5529008,25.0376161
112,6,26,16,0,2,04大安區,大安區仁愛路4段與仁愛路4段266巷口,0,0,1,2,B03,8,1,5,50,4,1,1,5,4,5,7,2,1,8,3,4,2,16,1,55,3,10,1,1,7,9,1,8,2,1,,44,,1,22,9,121.5529008,25.0376161
112,6,26,16,18,2,05中正區,中正區公園路與愛國西路口,0,0,1,2,C03,8,1,5,50,5,1,1,5,4,5,7,2,1,1,4,5,2,12,2,41,2,9,1,1,7,9,1,10,2,11,,23,,1,5,1,121.5152621,25.0352179
112,6,26,16,18,2,05中正區,中正區公園路與愛國西路口,0,0,1,1,C03,8,1,5,50,5,1,1,5,4,5,7,2,1,1,4,5,2,12,1,16,4,11,3,4,7,15,7,19,11,15,,9,,2,22,9,121.5152621,25.0352179
112,6,26,16,23,2,05中正區,中正區三元街175號,0,0,1,2,B11,8,1,5,40,14,8,1,5,4,5,7,4,4,3,4,4,2,17,1,58,3,10,2,1,7,13,1,8,1,7,,38,,1,22,9,121.5122226,25.02776053
112,6,26,16,23,2,05中正區,中正區三元街175號,0,0,1,1,C03,8,1,5,40,14,8,1,5,4,5,7,4,4,3,4,4,2,17,2,51,2,9,1,1,7,9,1,10,1,11,,23,,1,22,9,121.5122226,25.02776053
112,6,26,16,32,2,03中山區,中山區長春路137巷與松江路160巷口,0,0,2,2,C03,8,1,5,30,4,1,1,5,4,5,7,4,4,10,5,5,2,16,1,37,2,9,1,1,7,9,1,10,1,12,,44,,1,22,9,121.5315341,25.05528454
112,6,26,16,32,2,03中山區,中山區長春路137巷與松江路160巷口,0,0,2,3,H02,8,1,5,30,4,1,1,5,4,5,7,4,4,10,5,5,2,16,2,36,2,9,1,5,7,20,8,20,1,16,,67,,1,22,9,121.5315341,25.05528454
112,6,26,16,32,2,03中山區,中山區長春路137巷與松江路160巷口,0,0,2,1,B03,8,1,5,30,4,1,1,5,4,5,7,4,4,10,5,5,2,16,1,19,3,10,1,1,7,5,1,8,1,5,,6,,1,22,9,121.5315341,25.05528454
112,6,26,16,41,2,09北投區,北投區建民路與懷德街56巷口,0,0,1,2,C03,8,1,5,30,4,1,1,5,4,5,7,4,4,10,5,5,2,16,2,40,2,8,1,1,7,9,1,10,2,12,,23,,1,22,9,121.5204361,25.1127233
112,6,26,16,41,2,09北投區,北投區建民路與懷德街56巷口,0,0,1,1,B01,8,1,5,30,4,1,1,5,4,5,7,4,4,10,5,5,2,16,2,49,3,10,1,1,7,9,1,4,2,8,,6,,1,22,9,121.5204361,25.1127233
112,6,26,17,4,2,03中山區,中山區吉林路與吉林路119巷口,0,0,2,2,C04,8,1,5,0,4,2,1,5,4,5,7,4,4,9,5,5,2,3,1,55,2,7,3,4,7,9,1,10,2,11,,44,,1,22,9,121.5302575,25.057151
112,6,26,17,4,2,03中山區,中山區吉林路與吉林路119巷口,0,0,2,1,H01,8,1,5,0,4,2,1,5,4,5,7,4,4,9,5,5,2,3,2,13,2,8,4,5,8,16,8,20,10,16,,67,,1,22,9,121.5302575,25.057151
112,6,26,17,31,2,04大安區,大安區大安路1段與大安路1段83巷口,0,0,1,1,B03,8,1,5,50,4,1,1,5,4,5,7,4,4,9,3,5,2,16,1,35,3,10,1,1,7,6,1,8,1,2,,9,,1,22,9,121.5461384,25.0408885
112,6,26,17,31,2,04大安區,大安區大安路1段與大安路1段83巷口,0,0,1,2,C03,8,1,5,50,4,1,1,5,4,5,7,4,4,9,3,5,2,16,1,60,2,9,1,1,7,6,1,10,1,14,,9,,1,22,9,121.5461384,25.0408885
112,6,26,17,42,2,10文山區,文山區老泉街電燈桿012號,0,0,2,1,C03,8,1,5,40,14,9,1,5,4,5,7,4,4,10,5,5,2,16,1,69,2,9,1,1,7,1,1,10,2,14,,,,1,22,9,121.5652151,24.98035429
112,6,26,17,42,2,10文山區,文山區老泉街電燈桿012號,0,0,2,2,C03,8,1,5,40,14,9,1,5,4,5,7,4,4,10,5,5,2,16,1,65,2,9,1,1,7,9,1,10,2,11,12,,,1,22,9,121.5652151,24.98035429
112,6,26,17,58,2,07信義區,信義區松山路465巷,0,0,1,2,C03,8,1,5,30,14,9,1,5,4,5,7,4,4,9,5,5,2,17,1,55,2,8,1,1,7,14,1,10,9,14,,44,,1,22,9,121.5781226,25.0395617
112,6,26,17,58,2,07信義區,信義區松山路465巷,0,0,1,1,G01,8,1,5,30,14,9,1,5,4,5,7,4,4,9,5,5,2,17,4,0,4,11,3,4,7,15,7,19,11,15,,43,,2,22,9,121.5781226,25.0395617
112,6,26,17,59,2,02萬華區,萬華區康定路149號,0,0,1,1,C03,8,1,5,50,14,9,1,5,4,5,7,4,4,10,5,5,1,12,1,66,3,10,1,4,7,9,1,10,1,12,,17,,1,22,9,121.5017984,25.03859016
112,6,26,17,59,2,02萬華區,萬華區康定路149號,0,0,1,2,C04,8,1,5,50,14,9,1,5,4,5,7,4,4,10,5,5,1,12,2,58,2,8,1,4,7,9,1,11,1,14,,44,,1,22,9,121.5017984,25.03859016
112,6,26,18,2,2,08士林區,士林區中山北路5段與中山北路5段699巷口,0,0,2,1,C03,8,1,5,50,4,2,1,5,4,5,7,2,1,3,4,5,2,16,1,21,2,9,1,1,7,6,1,10,1,11,,9,,1,22,9,121.5272289,25.0978162
112,6,26,18,2,2,08士林區,士林區中山北路5段與中山北路5段699巷口,0,0,2,2,C03,8,1,5,50,4,2,1,5,4,5,7,2,1,3,4,5,2,16,1,21,2,9,2,1,7,9,1,10,1,11,,23,,1,22,9,121.5272289,25.0978162
112,6,26,18,23,2,03中山區,中山區大直橋,0,0,2,2,C03,8,3,5,50,8,9,1,5,4,5,7,4,4,2,3,5,2,13,1,48,2,9,3,4,7,7,1,10,1,11,,23,,1,22,9,121.5442764,25.07606656
112,6,26,18,23,2,03中山區,中山區大直橋,0,0,2,1,C03,8,3,5,50,8,9,1,5,4,5,7,4,4,2,3,5,2,13,1,36,2,9,3,4,7,15,1,10,1,13,,50,,1,22,9,121.5442764,25.07606656
112,6,26,18,27,2,06松山區,松山區民權東路3段與復興北路口,0,0,1,2,C03,8,3,5,50,14,8,1,5,4,5,7,1,1,9,4,1,2,12,1,42,2,9,1,1,7,9,1,10,1,13,,44,,1,22,9,121.544734,25.06219416
112,6,26,18,27,2,06松山區,松山區民權東路3段與復興北路口,0,0,1,1,B03,8,3,5,50,14,8,1,5,4,5,7,1,1,9,4,1,2,12,1,43,3,10,1,1,7,9,1,8,1,5,,23,,1,22,9,121.544734,25.06219416
112,6,26,18,27,2,06松山區,松山區民權東路3段與復興北路口,0,0,1,3,B03,8,3,5,50,14,8,1,5,4,5,7,1,1,9,4,1,2,12,2,48,3,10,1,1,7,9,1,8,1,4,,44,,1,22,9,121.544734,25.06219416
112,6,26,18,30,2,08士林區,士林區延平北路8段與延平北路8段54巷口,0,0,2,1,C03,8,2,5,30,4,1,1,5,4,5,7,4,4,5,5,5,2,15,1,48,2,9,1,1,7,9,1,10,2,14,,6,,1,22,9,121.4849576,25.1051364
112,6,26,18,30,2,08士林區,士林區延平北路8段與延平北路8段54巷口,0,0,2,2,C03,8,2,5,30,4,1,1,5,4,5,7,4,4,5,5,5,2,15,2,48,2,9,1,1,7,9,1,10,2,11,,13,,1,22,9,121.4849576,25.1051364
112,6,26,18,40,2,03中山區,中山區林森北路500號,0,0,1,1,C03,7,3,8,30,15,22,4,5,4,5,7,4,4,10,5,5,2,1,1,32,3,10,1,1,7,9,3,18,1,14,,42,,1,22,9,121.5254848,25.0618097
112,6,26,18,40,2,03中山區,中山區林森北路500號,0,0,1,2,H01,7,3,8,30,15,22,4,5,4,5,7,4,4,10,5,5,2,1,1,35,2,7,4,5,8,16,8,20,10,16,,67,,1,22,9,121.5254848,25.0618097
112,6,26,19,5,2,05中正區,中正區中正橋往永和上橋處,0,0,1,1,C03,8,3,5,30,8,9,1,5,4,5,7,4,4,1,4,5,2,12,1,35,3,10,1,4,7,9,1,10,1,11,,17,,1,22,9,121.5170933,25.0228691
112,6,26,19,5,2,05中正區,中正區中正橋往永和上橋處,0,0,1,2,C03,8,3,5,30,8,9,1,5,4,5,7,4,4,1,4,5,2,12,1,50,2,9,1,4,7,9,1,10,1,14,,17,,1,22,9,121.5170933,25.0228691
112,6,26,19,25,2,09北投區,北投區中央北路4段與中央北路4段583巷口口,0,0,1,2,,7,3,5,50,4,2,1,5,4,5,2,1,1,10,5,5,2,18,3,0,,,,,,,,,,,,67,,1,,,121.4656717,25.1259158
112,6,26,19,25,2,09北投區,北投區中央北路4段與中央北路4段583巷口口,0,0,1,1,C03,7,3,5,50,4,2,1,5,4,5,2,1,1,10,5,5,2,18,2,26,2,7,1,1,7,6,1,10,1,12,,23,,1,22,9,121.4656717,25.1259158
112,6,26,19,53,2,05中正區,中正區愛國西路9-1號,0,0,1,2,C03,6,3,5,50,14,9,1,4,4,5,7,4,4,1,4,5,2,17,1,19,2,9,1,4,7,9,1,10,2,12,,,,1,22,9,121.507746,25.03718684
112,6,26,19,53,2,05中正區,中正區愛國西路9-1號,0,0,1,1,B03,6,3,5,50,14,9,1,4,4,5,7,4,4,1,4,5,2,17,1,26,3,10,1,4,7,8,1,8,2,15,,,,1,22,9,121.507746,25.03718684
112,6,26,19,54,2,11南港區,南港區舊莊街1段3巷與舊莊街1段3巷1弄口口,0,0,1,2,B03,8,3,5,30,3,2,1,5,4,5,7,4,4,5,5,5,2,16,2,43,3,10,1,1,7,9,1,8,1,8,,44,,1,22,9,121.6187271,25.04284649
112,6,26,19,54,2,11南港區,南港區舊莊街1段3巷與舊莊街1段3巷1弄口口,0,0,1,1,C03,8,3,5,30,3,2,1,5,4,5,7,4,4,5,5,5,2,16,1,81,2,9,1,1,7,5,6,8,1,12,,6,,1,22,9,121.6187271,25.04284649
112,6,26,20,20,2,06松山區,松山區延壽街402巷與延壽街口,0,0,1,2,C03,7,3,5,50,4,1,1,5,4,5,7,1,1,4,5,5,2,13,2,37,2,9,1,1,7,5,1,10,1,13,,44,,1,5,1,121.5571806,25.05634913
112,6,26,20,20,2,06松山區,松山區延壽街402巷與延壽街口,0,0,1,1,B03,7,3,5,50,4,1,1,5,4,5,7,1,1,4,5,5,2,13,1,54,3,10,1,1,7,9,1,8,1,5,,23,,1,5,5,121.5571806,25.05634913
112,6,26,21,0,2,04大安區,大安區敦化南路1段223號,0,0,1,1,B03,8,3,5,50,14,9,1,5,4,5,7,4,4,9,4,5,1,13,1,45,3,10,3,4,7,9,1,8,1,1,,23,,1,22,9,121.5490739,25.0409249
112,6,26,21,0,2,04大安區,大安區敦化南路1段223號,0,0,1,2,B01,8,3,5,50,14,9,1,5,4,5,7,4,4,9,4,5,1,13,1,42,2,9,3,4,7,14,1,4,1,3,,44,,1,22,9,121.5490739,25.0409249
112,6,26,21,35,2,10文山區,文山區興隆路2段與興隆路2段95巷口口,0,0,1,1,B12,8,3,5,50,4,1,1,5,4,5,7,2,1,1,4,5,2,16,1,46,3,10,1,1,7,11,1,8,1,4,,10,,1,22,9,121.5471264,24.999247
112,6,26,21,35,2,10文山區,文山區興隆路2段與興隆路2段95巷口口,0,0,1,2,C03,8,3,5,50,4,1,1,5,4,5,7,2,1,1,4,5,2,16,1,52,2,9,1,1,7,9,1,10,1,12,,44,,1,22,9,121.5471264,24.999247
112,6,26,22,2,2,04大安區,大安區大安路1段與四維路52巷口,0,0,1,2,C03,8,3,5,30,4,1,1,5,4,5,6,4,4,10,4,5,2,15,1,39,2,9,1,1,7,9,1,10,1,11,,44,,1,22,9,121.5460126,25.0351324
112,6,26,22,2,2,04大安區,大安區大安路1段與四維路52巷口,0,0,1,1,B02,8,3,5,30,4,1,1,5,4,5,6,4,4,10,4,5,2,15,1,28,3,10,1,1,7,9,1,4,1,4,,6,,1,22,9,121.5460126,25.0351324
112,6,26,22,30,2,05中正區,中正區羅斯福路1段與林森南路地下道口,0,0,1,1,C03,8,3,5,30,5,1,1,5,4,5,7,2,1,10,4,5,2,16,2,33,2,9,1,1,7,5,1,10,1,11,,8,,1,22,9,121.5182346,25.03300922
112,6,26,22,30,2,05中正區,中正區羅斯福路1段與林森南路地下道口,0,0,1,2,C03,8,3,5,30,5,1,1,5,4,5,7,2,1,10,4,5,2,16,1,24,3,10,1,1,7,9,1,10,1,12,,13,,1,22,9,121.5182346,25.03300922
112,6,26,22,41,2,09北投區,北投區洲美快速道路往淡水129號燈桿,0,0,1,2,B12,8,3,5,80,10,7,1,5,4,1,7,4,4,1,3,5,2,13,1,45,3,10,3,4,7,15,1,6,2,7,,44,,1,22,9,121.4985922,25.11193372
112,6,26,22,41,2,09北投區,北投區洲美快速道路往淡水129號燈桿,0,0,1,1,B01,8,3,5,80,10,7,1,5,4,1,7,4,4,1,3,5,2,13,1,57,2,9,3,4,7,9,1,2,2,5,,23,,1,22,9,121.4985922,25.11193372
112,6,26,22,50,2,12內湖區,內湖區民權大橋與民權大橋口西往東第8隻路燈桿,0,0,1,2,C03,8,3,5,40,8,11,1,5,4,5,7,4,4,1,2,4,1,13,1,28,2,9,1,1,7,8,1,10,1,11,,23,,1,22,9,121.5690859,25.06374057
112,6,26,22,50,2,12內湖區,內湖區民權大橋與民權大橋口西往東第8隻路燈桿,0,0,1,1,C03,8,3,5,40,8,11,1,5,4,5,7,4,4,1,2,4,1,13,1,41,3,10,1,1,7,3,1,10,1,13,,18,,1,22,9,121.5690859,25.06374057
112,6,26,23,25,2,03中山區,中山區民權東路2段與中原街口,0,0,1,2,H01,8,3,5,50,4,2,1,5,4,5,7,2,1,5,5,5,2,2,1,57,2,9,4,5,8,16,8,20,10,16,,,,1,22,9,121.5290662,25.0625395
112,6,26,23,25,2,03中山區,中山區民權東路2段與中原街口,0,0,1,1,B03,8,3,5,50,4,2,1,5,4,5,7,2,1,5,5,5,2,2,1,56,3,10,1,1,7,5,1,8,1,8,,,,1,22,9,121.5290662,25.0625395
112,6,27,6,36,2,06松山區,松山區塔悠路與民生東路5段口,0,0,1,1,C03,8,1,5,50,3,1,1,5,4,5,7,1,1,1,3,4,2,17,1,35,2,9,1,1,7,5,1,10,2,12,,8,,1,5,1,121.5689666,25.05931799
112,6,27,6,36,2,06松山區,松山區塔悠路與民生東路5段口,0,0,1,2,B03,8,1,5,50,3,1,1,5,4,5,7,1,1,1,3,4,2,17,1,38,3,10,1,1,7,9,1,8,2,1,,13,,1,5,1,121.5689666,25.05931799
112,6,27,7,4,2,09北投區,北投區三合街2段與崇仁路1段口,0,0,1,2,F01,8,1,5,50,4,1,1,5,4,5,7,2,1,5,5,5,2,16,2,55,2,7,1,1,7,9,8,20,1,16,,23,,1,22,9,121.5014998,25.1264082
112,6,27,7,4,2,09北投區,北投區三合街2段與崇仁路1段口,0,0,1,1,B03,8,1,5,50,4,1,1,5,4,5,7,2,1,5,5,5,2,16,2,48,3,10,1,1,7,5,1,8,1,4,,6,,1,22,9,121.5014998,25.1264082
112,6,27,7,10,2,03中山區,中山區民權東路1段與林森北路口,0,0,1,1,C03,8,1,5,50,4,1,1,5,4,5,7,2,1,1,4,5,2,13,1,51,3,10,1,4,7,9,1,10,1,14,,23,,1,22,9,121.5254611,25.0626596
112,6,27,7,10,2,03中山區,中山區民權東路1段與林森北路口,0,0,1,2,C03,8,1,5,50,4,1,1,5,4,5,7,2,1,1,4,5,2,13,1,61,3,10,1,4,7,14,1,10,1,12,,44,,1,22,9,121.5254611,25.0626596
112,6,27,7,10,2,03中山區,中山區民權東路1段與林森北路口,0,0,1,3,C03,8,1,5,50,4,1,1,5,4,5,7,2,1,1,4,5,2,13,1,70,2,8,1,4,7,9,1,10,1,14,,23,,1,22,9,121.5254611,25.0626596
112,6,27,7,20,2,09北投區,北投區尊賢街與承德路7段280巷口,0,0,2,2,C03,8,1,5,30,4,1,1,5,4,5,7,4,4,10,5,5,2,15,2,23,2,7,1,1,7,9,1,10,2,11,,14,,1,22,9,121.5073212,25.1167736
112,6,27,7,20,2,09北投區,北投區尊賢街與承德路7段280巷口,0,0,2,1,C03,8,1,5,30,4,1,1,5,4,5,7,4,4,10,5,5,2,15,2,44,2,9,1,1,7,9,1,10,2,11,,4,,1,22,9,121.5073212,25.1167736
112,6,27,7,25,2,03中山區,中山區長安東路1段與天津街口,0,0,1,2,C03,8,1,5,50,4,1,1,5,4,5,7,1,1,5,4,5,2,16,1,57,3,10,1,1,7,9,6,18,1,11,,,,1,22,9,121.522804,25.0495401
112,6,27,7,25,2,03中山區,中山區長安東路1段與天津街口,0,0,1,1,C03,8,1,5,50,4,1,1,5,4,5,7,1,1,5,4,5,2,16,2,18,2,9,1,1,7,5,1,10,1,14,,,,1,22,9,121.522804,25.0495401
112,6,27,7,25,2,06松山區,松山區東寧路13號,0,0,1,1,C03,8,1,5,50,14,9,1,5,4,5,7,4,4,9,4,5,2,16,1,65,2,9,1,4,7,9,1,10,1,11,,42,,1,22,9,121.5629151,25.04804884
112,6,27,7,25,2,06松山區,松山區東寧路13號,0,0,1,2,C03,8,1,5,50,14,9,1,5,4,5,7,4,4,9,4,5,2,16,1,50,3,10,1,4,7,9,1,9,1,15,,44,,1,22,9,121.5629151,25.04804884
112,6,27,8,4,2,02萬華區,萬華區和平西路3段與西園路1段口,0,0,3,3,H02,8,1,5,40,4,2,1,5,4,5,7,1,1,1,4,4,2,12,2,31,2,9,1,5,7,21,8,20,10,16,,67,,1,22,9,121.4991454,25.03518939
112,6,27,8,4,2,02萬華區,萬華區和平西路3段與西園路1段口,0,0,3,1,C03,8,1,5,40,4,2,1,5,4,5,7,1,1,1,4,4,2,12,1,44,2,7,1,1,7,6,1,10,1,12,,27,,1,22,9,121.4991454,25.03518939
112,6,27,8,4,2,02萬華區,萬華區和平西路3段與西園路1段口,0,0,3,2,C03,8,1,5,40,4,2,1,5,4,5,7,1,1,1,4,4,2,12,1,36,2,9,1,1,7,9,1,10,1,11,,44,,1,22,9,121.4991454,25.03518939
112,6,27,8,7,2,04大安區,大安區基隆路4段43號,0,0,1,1,C03,8,1,5,50,14,9,1,5,4,5,7,1,1,8,3,4,1,13,2,36,2,9,1,1,7,9,1,10,1,11,,16,,1,22,9,121.5403171,25.0137006
112,6,27,8,7,2,04大安區,大安區基隆路4段43號,0,0,1,2,C03,8,1,5,50,14,9,1,5,4,5,7,1,1,8,3,4,1,13,2,39,3,10,1,1,7,3,1,10,1,13,,44,,1,22,9,121.5403171,25.0137006
112,6,27,8,20,2,12內湖區,內湖區文德路101巷3弄與文德路101巷口,0,0,2,1,C03,8,1,5,50,3,1,1,5,4,5,7,4,4,9,5,5,2,16,1,33,2,9,1,1,7,9,1,10,1,11,,,,1,22,9,121.5833135,25.0791823
112,6,27,8,20,2,12內湖區,內湖區文德路101巷3弄與文德路101巷口,0,0,2,2,C03,8,1,5,50,3,1,1,5,4,5,7,4,4,9,5,5,2,16,1,41,2,9,1,1,7,6,1,10,1,11,,,,1,22,9,121.5833135,25.0791823
112,6,27,8,27,2,12內湖區,內湖區成功路2段264號前,0,0,1,1,C03,8,1,5,0,14,9,1,5,4,5,7,1,1,1,4,5,2,13,1,31,2,9,1,1,7,7,1,10,2,11,,23,,1,22,9,121.590505,25.06649666
112,6,27,8,27,2,12內湖區,內湖區成功路2段264號前,0,0,1,2,B03,8,1,5,0,14,9,1,5,4,5,7,1,1,1,4,5,2,13,2,72,3,10,1,1,7,14,1,8,2,7,,44,,1,22,9,121.590505,25.06649666
112,6,27,8,30,2,06松山區,松山區民生東路5段與三民路口,0,0,1,1,B03,8,1,5,50,4,1,1,5,4,5,7,2,1,10,4,5,2,17,1,52,3,10,1,1,7,1,1,8,1,8,,19,,1,22,9,121.5632501,25.05854435
112,6,27,8,30,2,06松山區,松山區民生東路5段與三民路口,0,0,1,2,C03,8,1,5,50,4,1,1,5,4,5,7,2,1,10,4,5,2,17,2,43,2,9,1,1,7,9,1,10,1,12,,44,,1,22,9,121.5632501,25.05854435