發生年度,發生月,發生日,發生時-Hours,發生分,處理別-編號,區序,肇事地點,死亡人數,2-30日死亡人數,受傷人數,當事人序號,車種,天候,光線,道路類別,速限-速度限制,道路型態,事故位置,路面狀況1,路面狀況2,路面狀況3,道路障礙1,道路障礙2,號誌1,號誌2,車道劃分-分向,車道劃分-分道1,車道劃分-分道2,車道劃分-分道3,事故類型及型態,性別,年齡,受傷程度,主要傷處,保護裝置,行動電話,車輛用途,當事者行動狀態,駕駛資格情形,駕駛執照種類,飲酒情形,車輛撞擊部位1,車輛撞擊部位2,肇因碼-個別,肇因碼-主要,個人肇逃否,職業,旅次目的,座標-X,座標-Y
112,6,27,8,30,2,10文山區,文山區木柵路5段62號,0,0,1,1,B03,8,1,5,50,14,9,1,5,4,5,7,1,1,9,4,5,1,12,1,61,3,10,1,1,7,9,1,8,1,2,,23,,1,22,9,121.5892384,25.00103494
112,6,27,8,30,2,10文山區,文山區木柵路5段62號,0,0,1,2,C03,8,1,5,50,14,9,1,5,4,5,7,1,1,9,4,5,1,12,2,54,2,9,1,1,7,9,1,10,1,14,,23,,1,22,9,121.5892384,25.00103494
112,6,27,8,34,2,03中山區,中山區建國北路3段與民權東路3段口,0,0,1,1,A12,8,1,5,50,4,2,1,5,4,5,7,1,1,1,3,5,1,3,1,51,3,10,3,4,7,6,1,3,2,2,,,,1,22,9,121.5372403,25.0625896
112,6,27,8,34,2,03中山區,中山區建國北路3段與民權東路3段口,0,0,1,2,H01,8,1,5,50,4,2,1,5,4,5,7,1,1,1,3,5,1,3,1,39,2,9,4,5,8,16,8,20,10,16,,,,1,22,9,121.5372403,25.0625896
112,6,27,8,42,2,02萬華區,萬華區青年路50號對面,0,0,1,1,C03,8,1,5,30,14,9,1,5,4,5,7,4,4,8,3,5,2,13,1,37,3,10,1,4,7,9,1,10,1,11,,23,,1,22,9,121.5038743,25.0252362
112,6,27,8,42,2,02萬華區,萬華區青年路50號對面,0,0,1,2,C03,8,1,5,30,14,9,1,5,4,5,7,4,4,8,3,5,2,13,2,77,2,9,1,4,7,14,1,10,1,13,,44,,1,22,9,121.5038743,25.0252362
112,6,27,8,49,2,04大安區,大安區建國南路2段151巷與建國南路2段口口,0,0,1,1,B03,8,1,5,50,4,2,1,5,4,5,7,2,1,8,3,5,1,17,1,63,3,10,3,4,7,7,1,8,1,4,,7,,1,22,9,121.5379785,25.0286383
112,6,27,8,49,2,04大安區,大安區建國南路2段151巷與建國南路2段口口,0,0,1,2,C03,8,1,5,50,4,2,1,5,4,5,7,2,1,8,3,5,1,17,1,36,2,9,3,4,7,15,1,10,1,12,,17,,1,22,9,121.5379785,25.0286383
112,6,27,8,58,2,11南港區,南港區南港路1段與惠民街口,0,0,1,1,B03,8,1,5,50,3,2,1,5,4,5,7,1,1,5,4,5,2,16,2,41,3,10,1,1,7,11,1,8,1,8,,10,,1,22,9,121.610457,25.054992
112,6,27,8,58,2,11南港區,南港區南港路1段與惠民街口,0,0,1,2,C03,8,1,5,50,3,2,1,5,4,5,7,1,1,5,4,5,2,16,1,23,2,9,1,1,7,9,1,10,1,11,,44,,1,22,9,121.610457,25.054992
112,6,27,8,59,2,08士林區,士林區中山北路5段往南劍潭站前,0,0,2,2,C04,8,1,5,50,14,9,1,5,4,5,7,4,4,1,4,5,1,16,2,40,2,9,1,1,7,15,1,11,1,14,,44,,1,21,8,121.5253875,25.08519348
112,6,27,8,59,2,08士林區,士林區中山北路5段往南劍潭站前,0,0,2,1,C03,8,1,5,50,14,9,1,5,4,5,7,4,4,1,4,5,1,16,1,67,2,9,1,1,7,15,1,10,1,12,,23,,1,21,8,121.5253875,25.08519348
112,6,27,9,0,2,12內湖區,內湖區文德路208巷與文德路90巷口,0,0,1,1,B01,8,1,5,50,4,2,1,5,4,5,7,2,1,5,5,5,2,17,1,48,3,10,1,1,7,1,1,4,9,8,,19,,1,22,9,121.5834633,25.07708305
112,6,27,9,0,2,12內湖區,內湖區文德路208巷與文德路90巷口,0,0,1,2,C03,8,1,5,50,4,2,1,5,4,5,7,2,1,5,5,5,2,17,2,37,2,8,1,1,7,14,1,10,9,15,,44,,1,22,9,121.5834633,25.07708305
112,6,27,9,10,2,10文山區,文山區羅斯福路6段與景美堤外便道口,0,0,1,2,B03,8,1,5,30,3,1,1,5,4,5,7,3,1,10,5,5,2,16,1,43,3,10,1,1,7,9,1,8,1,8,,14,,1,22,9,121.5395059,24.9884765
112,6,27,9,10,2,10文山區,文山區羅斯福路6段與景美堤外便道口,0,0,1,1,C03,8,1,5,30,3,1,1,5,4,5,7,3,1,10,5,5,2,16,1,39,2,8,1,1,7,5,1,10,1,12,,6,,1,22,9,121.5395059,24.9884765
112,6,27,9,20,2,07信義區,信義區松仁路與忠孝東路5段236巷2弄口口,0,0,1,1,B01,8,1,5,50,3,1,1,5,4,5,7,4,4,1,4,5,2,13,1,67,3,10,1,1,7,9,1,4,1,8,,23,,1,22,9,121.5685718,25.040364
112,6,27,9,20,2,07信義區,信義區松仁路與忠孝東路5段236巷2弄口口,0,0,1,2,B01,8,1,5,50,3,1,1,5,4,5,7,4,4,1,4,5,2,13,2,48,2,5,1,1,7,14,1,4,1,6,,44,,1,22,9,121.5685718,25.040364
112,6,27,9,30,2,02萬華區,萬華區堤外便道3013876燈桿,0,0,1,2,C03,8,1,5,40,14,9,1,5,4,5,7,4,4,5,5,5,1,17,2,63,2,5,3,4,7,9,1,10,1,14,,43,,1,22,9,121.4971474,25.01641801
112,6,27,9,30,2,02萬華區,萬華區堤外便道3013876燈桿,0,0,1,1,B11,8,1,5,40,14,9,1,5,4,5,7,4,4,5,5,5,1,17,4,111,4,11,3,4,7,15,7,19,11,15,,43,,2,22,9,121.4971474,25.01641801
112,6,27,9,32,2,02萬華區,萬華區西園路1段與貴陽街2段口,0,0,1,2,C03,8,1,5,50,4,1,1,5,4,5,7,1,1,10,5,5,2,17,2,59,2,8,3,4,7,9,1,10,1,11,,42,,1,22,9,121.4999362,25.04013694
112,6,27,9,32,2,02萬華區,萬華區西園路1段與貴陽街2段口,0,0,1,1,B03,8,1,5,50,4,1,1,5,4,5,7,1,1,10,5,5,2,17,1,70,3,10,3,4,7,6,1,8,1,5,,9,,1,22,9,121.4999362,25.04013694
112,6,27,9,32,2,08士林區,士林區忠勇街與福林路口,0,0,1,2,C03,8,1,5,0,4,2,1,5,4,5,7,1,1,9,5,5,1,16,2,24,2,9,3,4,7,9,1,10,1,12,,44,,1,22,9,121.5343762,25.0979845
112,6,27,9,32,2,08士林區,士林區忠勇街與福林路口,0,0,1,1,B03,8,1,5,0,4,2,1,5,4,5,7,1,1,9,5,5,1,16,1,55,3,10,3,4,7,5,1,8,1,4,,8,,1,22,9,121.5343762,25.0979845
112,6,27,10,39,2,05中正區,中正區中山北路1段與市民大道1段口,0,0,1,2,C03,8,1,5,40,4,1,1,5,4,5,7,1,1,1,4,1,2,16,1,19,2,6,1,1,7,9,1,10,1,14,,13,,1,22,9,121.5206279,25.04792443
112,6,27,10,39,2,05中正區,中正區中山北路1段與市民大道1段口,0,0,1,1,B01,8,1,5,40,4,1,1,5,4,5,7,1,1,1,4,1,2,16,1,56,3,10,1,1,7,6,1,4,1,5,,9,,1,22,9,121.5206279,25.04792443
112,6,27,10,47,2,05中正區,中正區林森南路與鎮江街1巷口,0,0,3,3,H02,8,1,5,50,3,1,1,5,4,5,7,4,4,5,4,5,2,17,2,62,2,9,1,1,7,20,8,20,10,16,,67,,1,22,9,121.5230785,25.0441758
112,6,27,10,47,2,05中正區,中正區林森南路與鎮江街1巷口,0,0,3,1,C03,8,1,5,50,3,1,1,5,4,5,7,4,4,5,4,5,2,17,1,25,2,9,2,1,7,5,6,18,2,12,,26,,1,22,9,121.5230785,25.0441758
112,6,27,10,47,2,05中正區,中正區林森南路與鎮江街1巷口,0,0,3,2,C03,8,1,5,50,3,1,1,5,4,5,7,4,4,5,4,5,2,17,1,71,2,8,1,1,7,9,6,18,2,14,,44,,1,22,9,121.5230785,25.0441758
112,6,27,10,55,2,07信義區,信義區松壽路與市府路口,0,0,1,1,B02,8,1,5,50,4,2,1,5,4,5,7,2,1,1,4,4,2,9,2,45,4,11,3,4,7,15,7,19,9,15,,43,,2,22,9,121.5635548,25.0357265
112,6,27,10,55,2,07信義區,信義區松壽路與市府路口,0,0,1,2,H01,8,1,5,50,4,2,1,5,4,5,7,2,1,1,4,4,2,9,1,20,2,8,4,5,8,17,8,20,10,16,,67,,1,22,9,121.5635548,25.0357265
112,6,27,11,9,2,02萬華區,萬華區光復橋往台北市,0,0,1,2,A02,8,1,5,50,8,9,1,5,4,5,7,4,4,5,4,5,1,17,2,55,3,10,1,1,7,9,1,2,2,5,,44,,1,22,9,121.4911106,25.02465878
112,6,27,11,9,2,02萬華區,萬華區光復橋往台北市,0,0,1,1,C03,8,1,5,50,8,9,1,5,4,5,7,4,4,5,4,5,1,17,1,80,2,9,1,1,7,8,1,10,9,11,,7,,1,22,9,121.4911106,25.02465878
112,6,27,11,12,2,05中正區,中正區泉州街22號,0,0,1,1,B01,8,1,5,50,4,2,1,5,4,5,7,4,4,9,4,5,2,17,1,55,3,10,1,1,7,9,1,4,2,4,,23,,1,22,9,121.5141209,25.02661756
112,6,27,11,12,2,05中正區,中正區泉州街22號,0,0,1,2,C03,8,1,5,50,4,2,1,5,4,5,7,4,4,9,4,5,2,17,1,41,2,9,1,1,7,11,6,10,2,12,,10,,1,22,9,121.5141209,25.02661756
112,6,27,11,30,2,07信義區,信義區和平東路3段341巷與無名巷口,0,0,1,3,B01,8,1,5,30,4,2,1,5,4,5,7,4,4,10,5,5,2,17,3,0,,,,,,,,,10,,,67,,1,,,121.5589193,25.0219227
112,6,27,11,30,2,07信義區,信義區和平東路3段341巷與無名巷口,0,0,1,2,F03,8,1,5,30,4,2,1,5,4,5,7,4,4,10,5,5,2,17,2,75,2,9,1,1,7,9,8,20,1,16,,23,,1,22,9,121.5589193,25.0219227
112,6,27,11,30,2,07信義區,信義區和平東路3段341巷與無名巷口,0,0,1,1,B03,8,1,5,30,4,2,1,5,4,5,7,4,4,10,5,5,2,17,2,64,3,10,1,1,7,15,1,8,1,8,,6,,1,22,9,121.5589193,25.0219227
112,6,27,13,10,2,05中正區,中正區羅斯福路4段與基隆路4段口,0,0,1,1,C03,8,1,5,50,4,1,1,5,4,5,7,1,1,1,4,5,2,17,1,41,3,10,1,1,7,5,1,10,2,14,,,,1,22,9,121.5369149,25.01129941
112,6,27,13,10,2,05中正區,中正區羅斯福路4段與基隆路4段口,0,0,1,2,C03,8,1,5,50,4,1,1,5,4,5,7,1,1,1,4,5,2,17,1,31,2,9,1,1,7,9,1,10,2,12,,,,1,22,9,121.5369149,25.01129941
112,6,27,13,35,2,03中山區,中山區民族東路與復興北路口,0,0,1,1,C03,8,1,5,50,4,2,1,5,4,5,7,1,1,1,2,5,2,16,1,69,2,9,1,1,7,7,1,10,1,14,,7,,1,22,9,121.5441181,25.0665556
112,6,27,13,35,2,03中山區,中山區民族東路與復興北路口,0,0,1,2,B01,8,1,5,50,4,2,1,5,4,5,7,1,1,1,2,5,2,16,1,60,3,10,3,4,7,9,1,4,1,5,,44,,1,22,9,121.5441181,25.0665556
112,6,27,13,44,2,03中山區,中山區民權東路2段與中原街口,0,0,1,2,B03,8,1,5,50,4,1,1,5,4,5,7,1,1,1,4,5,2,15,2,45,3,10,1,1,7,9,1,8,2,8,,25,,1,22,9,121.5289962,25.0626666
112,6,27,13,44,2,03中山區,中山區民權東路2段與中原街口,0,0,1,1,C03,8,1,5,50,4,1,1,5,4,5,7,1,1,1,4,5,2,15,1,34,2,9,1,1,7,9,1,10,2,12,,44,,1,22,9,121.5289962,25.0626666
112,6,27,13,47,2,07信義區,信義區基隆路2段33號,0,0,1,1,C03,8,1,5,50,14,9,1,5,4,5,7,4,4,10,4,5,2,17,1,21,2,9,1,1,7,7,3,18,1,14,,42,,1,22,9,121.5587207,25.0315201
112,6,27,13,47,2,07信義區,信義區基隆路2段33號,0,0,1,2,B01,8,1,5,50,14,9,1,5,4,5,7,4,4,10,4,5,2,17,1,27,3,10,1,1,7,9,1,8,1,2,,43,,1,22,9,121.5587207,25.0315201
112,6,27,13,58,1,11南港區,南港區南港路1段與三重路口,1,0,0,1,A12,8,1,5,50,4,2,1,5,4,5,7,1,1,1,3,5,1,13,1,50,3,10,3,4,7,9,1,3,2,1,,23,,1,22,9,121.6144467,25.05534311
112,6,27,13,58,1,11南港區,南港區南港路1段與三重路口,1,0,0,2,C03,8,1,5,50,4,2,1,5,4,5,7,1,1,1,3,5,1,13,2,71,1,1,1,4,7,7,1,10,9,13,,7,,1,22,9,121.6144467,25.05534311
112,6,27,14,1,2,01大同區,大同區承德路2段與錦西街口,0,0,2,1,C03,8,1,5,50,4,1,1,5,4,5,7,2,1,1,4,5,2,11,1,79,2,7,1,1,7,9,1,10,1,12,,17,,1,22,9,121.5181536,25.06020753
112,6,27,14,1,2,01大同區,大同區承德路2段與錦西街口,0,0,2,3,H02,8,1,5,50,4,1,1,5,4,5,7,2,1,1,4,5,2,11,1,51,2,7,1,5,7,20,8,20,10,16,,67,,1,22,9,121.5181536,25.06020753
112,6,27,14,1,2,01大同區,大同區承德路2段與錦西街口,0,0,2,2,B03,8,1,5,50,4,1,1,5,4,5,7,2,1,1,4,5,2,11,2,39,3,10,3,4,7,9,1,8,1,5,,44,,1,22,9,121.5181536,25.06020753
112,6,27,14,20,2,06松山區,松山區復興北路與南京東路3段口,0,0,2,1,C03,8,1,5,0,4,1,1,5,4,5,7,2,1,1,4,4,2,16,1,20,2,9,1,4,7,8,1,10,2,12,,7,,1,22,9,121.5441217,25.05189528
112,6,27,14,20,2,06松山區,松山區復興北路與南京東路3段口,0,0,2,2,C03,8,1,5,0,4,1,1,5,4,5,7,2,1,1,4,4,2,16,2,52,2,9,1,4,7,9,1,10,2,14,,44,,1,22,9,121.5441217,25.05189528
112,6,27,14,31,2,06松山區,松山區市民大道4段與八德路3段74巷口,0,0,1,1,B12,8,1,5,40,3,1,1,5,4,5,7,4,4,1,4,5,2,16,1,43,3,10,1,1,7,6,1,8,1,2,,9,,1,22,9,121.5524603,25.0445938
112,6,27,14,31,2,06松山區,松山區市民大道4段與八德路3段74巷口,0,0,1,2,C03,8,1,5,40,3,1,1,5,4,5,7,4,4,1,4,5,2,16,2,39,2,6,1,1,7,9,1,10,1,14,,23,,1,22,9,121.5524603,25.0445938
112,6,27,14,50,2,02萬華區,萬華區中華路2段與大埔街口,0,0,1,1,33,8,1,5,50,4,1,1,5,4,5,7,1,1,4,1,5,2,3,4,0,4,11,3,4,7,15,7,19,11,15,,43,,2,22,9,121.5046898,25.0322809
112,6,27,14,50,2,02萬華區,萬華區中華路2段與大埔街口,0,0,1,2,H01,8,1,5,50,4,1,1,5,4,5,7,1,1,4,1,5,2,3,2,41,2,8,3,5,8,16,8,20,10,15,,67,,1,22,9,121.5046898,25.0322809
112,6,27,15,24,2,03中山區,中山區民生東路1段50號,0,0,1,1,C03,8,1,5,50,14,9,1,5,4,5,7,4,4,4,5,5,1,13,2,77,2,8,3,4,7,9,3,18,1,11,,23,,1,22,9,121.5247258,25.05803002
112,6,27,15,24,2,03中山區,中山區民生東路1段50號,0,0,1,2,B03,8,1,5,50,14,9,1,5,4,5,7,4,4,4,5,5,1,13,2,53,3,10,3,4,7,14,1,8,1,3,,26,,1,22,9,121.5247258,25.05803002
112,6,27,15,50,2,01大同區,大同區承德路2段與錦西街口,0,0,1,1,A12,8,1,5,50,4,2,1,5,4,5,7,2,1,9,4,5,2,17,1,54,3,10,2,1,7,6,1,3,2,5,,,,1,22,9,121.518286,25.06020347
112,6,27,15,50,2,01大同區,大同區承德路2段與錦西街口,0,0,1,2,F01,8,1,5,50,4,2,1,5,4,5,7,2,1,9,4,5,2,17,1,66,2,9,1,1,7,6,8,20,9,16,,,,1,22,9,121.518286,25.06020347
112,6,27,16,6,2,02萬華區,萬華區忠孝西路2段與昆明街口,0,0,1,2,C03,8,1,5,50,4,1,1,5,4,5,7,1,1,10,5,5,2,16,2,36,2,9,1,1,7,9,1,10,2,14,,44,,1,21,9,121.506536,25.04860711
112,6,27,16,6,2,02萬華區,萬華區忠孝西路2段與昆明街口,0,0,1,1,B03,8,1,5,50,4,1,1,5,4,5,7,1,1,10,5,5,2,16,1,26,3,10,1,1,7,9,6,8,2,5,,42,,1,21,9,121.506536,25.04860711
112,6,27,16,50,2,10文山區,文山區木柵路5段與木柵路5段21巷口,0,0,1,1,C03,8,1,5,30,3,1,1,5,4,5,7,4,4,1,5,5,2,10,1,45,2,9,3,4,7,9,1,10,2,11,,5,,1,21,8,121.5814083,25.00223041
112,6,27,16,50,2,10文山區,文山區木柵路5段與木柵路5段21巷口,0,0,1,2,C03,8,1,5,30,3,1,1,5,4,5,7,4,4,1,5,5,2,10,1,54,3,10,3,4,7,9,1,10,2,11,,14,,1,21,8,121.5814083,25.00223041
112,6,27,16,56,2,03中山區,中山區遼寧街44號,0,0,1,1,B01,7,1,5,50,14,9,1,5,4,5,7,4,4,9,5,5,2,9,1,66,3,10,1,1,7,1,1,4,2,2,,19,,1,22,9,121.5421358,25.0486658
112,6,27,16,56,2,03中山區,中山區遼寧街44號,0,0,1,2,H01,7,1,5,50,14,9,1,5,4,5,7,4,4,9,5,5,2,9,1,53,2,9,4,5,8,17,8,20,10,16,,67,,1,22,9,121.5421358,25.0486658
112,6,27,17,6,2,05中正區,中正區公園路64號,0,0,1,1,C03,7,1,5,50,14,9,1,5,4,5,7,4,4,10,4,5,2,13,1,27,2,9,1,1,7,9,1,10,1,11,,16,,1,22,9,121.5150802,25.03762402
112,6,27,17,6,2,05中正區,中正區公園路64號,0,0,1,2,B03,7,1,5,50,14,9,1,5,4,5,7,4,4,10,4,5,2,13,2,52,3,10,1,1,7,9,1,8,1,3,,44,,1,22,9,121.5150802,25.03762402
112,6,27,17,9,2,08士林區,士林區承德路5段與通河東街2段口,0,0,1,1,C03,8,1,5,50,4,1,1,5,4,5,7,2,1,3,4,4,2,17,1,69,3,10,1,4,7,9,1,10,1,11,,26,,1,22,9,121.5137734,25.09604528
112,6,27,17,9,2,08士林區,士林區承德路5段與通河東街2段口,0,0,1,2,C03,8,1,5,50,4,1,1,5,4,5,7,2,1,3,4,4,2,17,2,26,2,9,1,4,7,9,1,10,1,12,,44,,1,22,9,121.5137734,25.09604528
112,6,27,17,14,2,03中山區,中山區松江路132巷與松江路口,0,0,1,3,B12,7,1,5,30,3,1,1,5,4,5,6,4,4,10,5,5,1,16,1,64,3,10,3,4,7,14,1,8,11,15,,38,,1,22,6,121.5329186,25.05292202
112,6,27,17,14,2,03中山區,中山區松江路132巷與松江路口,0,0,1,1,B03,7,1,5,30,3,1,1,5,4,5,6,4,4,10,5,5,1,16,2,38,3,10,3,4,7,9,1,8,1,1,,23,,1,22,9,121.5329186,25.05292202
112,6,27,17,14,2,03中山區,中山區松江路132巷與松江路口,0,0,1,2,F01,7,1,5,30,3,1,1,5,4,5,6,4,4,10,5,5,1,16,2,16,2,9,3,4,7,9,8,20,1,16,,44,,1,22,9,121.5329186,25.05292202
112,6,27,17,18,2,10文山區,文山區羅斯福路4段與基隆路4段口,0,0,2,1,C03,8,3,5,50,5,1,1,5,4,5,7,2,1,1,4,5,2,16,1,19,2,7,1,1,7,8,1,10,1,14,,7,,1,22,8,121.537051,25.01098258
112,6,27,17,18,2,10文山區,文山區羅斯福路4段與基隆路4段口,0,0,2,2,C03,8,3,5,50,5,1,1,5,4,5,7,2,1,1,4,5,2,16,1,33,2,9,1,1,7,9,1,10,1,11,,44,,1,22,8,121.537051,25.01098258
112,6,27,17,40,2,11南港區,南港區玉成街54號,0,0,1,2,C03,8,1,5,30,14,9,1,5,4,5,7,4,4,7,4,5,2,16,1,39,3,10,1,1,7,9,1,10,1,11,,44,,1,22,9,121.5815739,25.0477317
112,6,27,17,40,2,11南港區,南港區玉成街54號,0,0,1,1,F01,8,1,5,30,14,9,1,5,4,5,7,4,4,7,4,5,2,16,1,49,2,9,1,1,7,5,8,20,1,16,,8,,1,22,9,121.5815739,25.0477317
112,6,27,17,41,2,02萬華區,萬華區康定路與內江街口,0,0,1,3,H02,8,5,5,50,4,1,1,5,4,5,13,1,1,9,4,4,2,12,2,15,2,8,7,5,7,20,8,20,10,16,,44,,1,21,8,121.502281,25.0416993
112,6,27,17,41,2,02萬華區,萬華區康定路與內江街口,0,0,1,1,A02,8,5,5,50,4,1,1,5,4,5,13,1,1,9,4,4,2,12,1,60,3,10,7,1,7,5,1,2,9,6,,17,,2,21,8,121.502281,25.0416993
112,6,27,17,41,2,02萬華區,萬華區康定路與內江街口,0,0,1,2,C03,8,5,5,50,4,1,1,5,4,5,13,1,1,9,4,4,2,12,2,41,3,10,7,1,7,14,1,10,1,14,,17,,1,21,8,121.502281,25.0416993
112,6,27,18,17,2,04大安區,大安區新生南路1段147號,0,0,2,2,F01,8,3,5,0,15,20,4,5,4,5,7,4,4,10,5,5,2,13,2,69,2,9,3,4,7,9,8,20,1,16,,44,,1,22,9,121.5332095,25.0359327
112,6,27,18,17,2,04大安區,大安區新生南路1段147號,0,0,2,1,F01,8,3,5,0,15,20,4,5,4,5,7,4,4,10,5,5,2,13,2,42,2,8,3,4,7,21,8,20,1,16,,23,,1,22,9,121.5332095,25.0359327
112,6,27,18,20,2,05中正區,中正區林森南路61巷與林森南路口,0,0,2,1,C03,8,2,5,50,4,1,1,5,4,5,7,1,1,10,5,5,2,17,2,44,2,9,1,1,7,5,1,10,2,14,,8,,1,22,9,121.5219056,25.03983977
112,6,27,18,20,2,05中正區,中正區林森南路61巷與林森南路口,0,0,2,2,C03,8,2,5,50,4,1,1,5,4,5,7,1,1,10,5,5,2,17,2,38,2,9,1,1,7,9,1,9,2,11,,44,,1,22,9,121.5219056,25.03983977
112,6,27,18,24,2,04大安區,大安區信義路4段347號,0,0,1,2,C03,8,2,5,50,14,9,1,5,4,5,7,4,4,9,4,5,1,12,2,34,2,8,1,4,7,9,1,10,1,11,,44,,1,22,9,121.5569745,25.0332241
112,6,27,18,24,2,04大安區,大安區信義路4段347號,0,0,1,1,B01,8,2,5,50,14,9,1,5,4,5,7,4,4,9,4,5,1,12,1,59,3,10,1,4,7,15,1,4,1,4,,40,,1,22,9,121.5569745,25.0332241
112,6,27,18,30,2,12內湖區,內湖區成功路2段323巷與成功路2段口,0,0,2,1,C03,8,2,5,50,3,1,1,5,4,5,7,2,1,1,4,5,2,16,1,19,2,7,1,1,7,6,1,10,1,12,,9,,1,22,9,121.5903174,25.0704567
112,6,27,18,30,2,12內湖區,內湖區成功路2段323巷與成功路2段口,0,0,2,2,C03,8,2,5,50,3,1,1,5,4,5,7,2,1,1,4,5,2,16,2,40,2,8,1,1,7,9,1,10,1,14,,44,,1,22,9,121.5903174,25.0704567
112,6,27,19,1,2,07信義區,信義區和平東路3段與安居街口,0,0,2,2,C03,8,3,5,50,3,1,1,5,4,5,7,1,1,1,4,5,2,16,2,28,2,9,1,1,7,9,1,10,2,12,,23,,1,22,9,121.5555165,25.0216132
112,6,27,19,1,2,07信義區,信義區和平東路3段與安居街口,0,0,2,1,F01,8,3,5,50,3,1,1,5,4,5,7,1,1,1,4,5,2,16,1,84,2,8,2,1,7,5,8,20,2,16,,8,,1,22,9,121.5555165,25.0216132
112,6,27,19,5,2,12內湖區,內湖區瑞光路639號,0,0,1,2,C02,8,3,5,50,14,9,1,5,4,5,7,4,4,5,5,5,2,17,1,47,2,9,1,1,7,9,1,9,2,11,,23,,1,22,9,121.5660742,25.08040106
112,6,27,19,5,2,12內湖區,內湖區瑞光路639號,0,0,1,1,B02,8,3,5,50,14,9,1,5,4,5,7,4,4,5,5,5,2,17,1,30,3,10,1,1,7,11,6,8,2,5,,10,,1,22,9,121.5660742,25.08040106
112,6,27,19,10,2,12內湖區,內湖區金豐街與石潭路131巷口,0,0,1,2,B03,8,1,5,50,3,1,1,5,4,5,7,3,1,4,3,5,1,16,2,58,3,10,3,4,7,9,1,8,1,4,,44,,1,22,9,121.5904277,25.0635489
112,6,27,19,10,2,12內湖區,內湖區金豐街與石潭路131巷口,0,0,1,1,C03,8,1,5,50,3,1,1,5,4,5,7,3,1,4,3,5,1,16,2,28,2,9,3,4,7,5,1,10,1,12,,8,,1,22,9,121.5904277,25.0635489
112,6,27,19,29,2,03中山區,中山區新生北路2段45巷,0,0,1,1,C03,8,3,5,30,14,9,1,5,4,5,7,4,4,9,4,5,2,3,1,44,3,10,1,4,7,9,1,10,1,11,,23,,1,22,9,121.5281883,25.05581698
112,6,27,19,29,2,03中山區,中山區新生北路2段45巷,0,0,1,2,H01,8,3,5,30,14,9,1,5,4,5,7,4,4,9,4,5,2,3,1,25,2,8,4,5,8,16,8,20,1,16,,51,,1,22,9,121.5281883,25.05581698
112,6,27,19,48,2,10文山區,文山區木新路3段與木新路3段74巷口,0,0,1,1,B03,8,3,5,30,3,1,1,5,4,5,7,4,4,5,2,5,2,17,1,30,3,10,3,4,7,6,1,8,1,8,,6,,1,22,9,121.5635466,24.98239872
112,6,27,19,48,2,10文山區,文山區木新路3段與木新路3段74巷口,0,0,1,2,C03,8,3,5,30,3,1,1,5,4,5,7,4,4,5,2,5,2,17,2,27,2,9,1,4,7,9,1,10,1,12,,42,,1,22,9,121.5635466,24.98239872
112,6,27,20,0,2,05中正區,中正區濟南路2段46號前,0,0,1,1,C04,8,3,5,50,14,9,1,5,3,5,7,4,4,9,4,5,1,18,1,51,2,9,1,1,7,9,1,9,1,14,,23,,1,21,1,121.530898,25.0404083
112,6,27,20,0,2,05中正區,中正區濟南路2段46號前,0,0,1,2,,8,3,5,50,14,9,1,5,3,5,7,4,4,9,4,5,1,18,3,0,,,,,,,,,,,,61,,1,,,121.530898,25.0404083
112,6,27,20,15,2,03中山區,中山區松江路8號,0,0,1,1,B12,8,3,5,50,14,9,1,5,4,5,7,4,4,1,4,5,2,12,2,36,3,10,3,4,7,7,1,8,2,4,,7,,1,22,9,121.5328429,25.04646392
112,6,27,20,15,2,03中山區,中山區松江路8號,0,0,1,2,C03,8,3,5,50,14,9,1,5,4,5,7,4,4,1,4,5,2,12,2,48,2,8,3,4,7,9,4,11,2,12,,23,,1,22,9,121.5328429,25.04646392
112,6,27,21,15,2,07信義區,信義區和平東路3段與莊敬隧道口往信義,0,0,1,1,C02,7,3,5,40,11,9,1,5,4,5,7,4,4,9,5,5,2,29,1,65,2,9,1,1,7,9,1,9,9,14,,,,1,22,9,121.5653914,25.00977403
112,6,27,21,15,2,07信義區,信義區和平東路3段與莊敬隧道口往信義,0,0,1,2,,7,3,5,40,11,9,1,5,4,5,7,4,4,9,5,5,2,29,3,0,,,,,,,,,,,,,,1,,,121.5653914,25.00977403
112,6,27,22,2,2,02萬華區,萬華區萬大路423巷10弄與萬大路449巷口,0,0,2,1,C03,8,3,5,0,4,1,1,5,4,5,7,4,4,9,5,5,2,16,1,76,2,7,1,1,7,9,1,10,1,14,,4,,1,22,9,121.4991925,25.0213241
112,6,27,22,2,2,02萬華區,萬華區萬大路423巷10弄與萬大路449巷口,0,0,2,2,C03,8,3,5,0,4,1,1,5,4,5,7,4,4,9,5,5,2,16,2,51,2,9,1,1,7,9,1,10,1,12,,44,,1,22,9,121.4991925,25.0213241
112,6,27,22,36,2,01大同區,大同區承德路3段與敦煌路口,0,0,2,1,C03,7,3,5,50,4,1,1,5,4,5,7,1,1,1,4,5,2,17,2,27,2,9,1,1,7,9,1,10,2,11,,,,1,22,9,121.5200198,25.0752202
112,6,27,22,36,2,01大同區,大同區承德路3段與敦煌路口,0,0,2,2,C03,7,3,5,50,4,1,1,5,4,5,7,1,1,1,4,5,2,17,1,33,2,9,1,1,7,15,1,10,2,14,,,,1,22,9,121.5200198,25.0752202