發生年度,發生月,發生日,發生時-Hours,發生分,處理別-編號,區序,肇事地點,死亡人數,2-30日死亡人數,受傷人數,當事人序號,車種,天候,光線,道路類別,速限-速度限制,道路型態,事故位置,路面狀況1,路面狀況2,路面狀況3,道路障礙1,道路障礙2,號誌1,號誌2,車道劃分-分向,車道劃分-分道1,車道劃分-分道2,車道劃分-分道3,事故類型及型態,性別,年齡,受傷程度,主要傷處,保護裝置,行動電話,車輛用途,當事者行動狀態,駕駛資格情形,駕駛執照種類,飲酒情形,車輛撞擊部位1,車輛撞擊部位2,肇因碼-個別,肇因碼-主要,個人肇逃否,職業,旅次目的,座標-X,座標-Y
112,6,28,16,58,2,10文山區,文山區羅斯福路6段204號,0,0,1,2,B03,8,1,5,50,4,2,1,5,4,5,7,1,1,1,4,5,2,12,1,43,3,10,1,1,7,7,1,8,2,2,,23,,1,22,9,121.5410477,24.9938061
112,6,28,17,2,2,06松山區,松山區光復北路與南京東路4段179巷口,0,0,2,1,C03,8,2,5,50,4,1,1,5,4,5,7,1,1,6,3,5,2,16,2,22,2,9,1,1,7,5,1,10,1,11,,43,,1,22,9,121.5567674,25.05310028
112,6,28,17,2,2,06松山區,松山區光復北路與南京東路4段179巷口,0,0,2,2,C03,8,2,5,50,4,1,1,5,4,5,7,1,1,6,3,5,2,16,1,54,2,9,1,1,7,9,1,10,1,11,,43,,1,22,9,121.5567674,25.05310028
112,6,28,17,7,2,06松山區,松山區八德路4段與南京東路5段66巷22弄口,0,0,2,1,C03,8,1,5,30,5,1,1,4,4,5,7,4,4,5,5,5,2,12,1,24,2,9,1,4,7,6,1,10,1,11,,9,,1,22,9,121.5593603,25.04841642
112,6,28,17,7,2,06松山區,松山區八德路4段與南京東路5段66巷22弄口,0,0,2,2,C03,8,1,5,30,5,1,1,4,4,5,7,4,4,5,5,5,2,12,1,66,2,9,1,4,7,9,1,10,1,12,,44,,1,22,9,121.5593603,25.04841642
112,6,28,17,8,2,06松山區,松山區八德路3段與八德路3段155巷口,0,0,1,4,,8,1,5,50,4,1,1,5,4,5,7,1,1,9,4,5,2,17,3,37,,,,,,,,,,,,67,,1,,,121.5550624,25.04808565
112,6,28,17,8,2,06松山區,松山區八德路3段與八德路3段155巷口,0,0,1,1,B01,8,1,5,50,4,1,1,5,4,5,7,1,1,9,4,5,2,17,1,63,3,10,1,1,7,5,1,4,2,8,,6,,1,22,9,121.5550624,25.04808565
112,6,28,17,8,2,06松山區,松山區八德路3段與八德路3段155巷口,0,0,1,2,C03,8,1,5,50,4,1,1,5,4,5,7,1,1,9,4,5,2,17,1,18,2,9,1,1,7,9,1,10,2,11,,44,,1,22,9,121.5550624,25.04808565
112,6,28,17,8,2,06松山區,松山區八德路3段與八德路3段155巷口,0,0,1,3,B03,8,1,5,50,4,1,1,5,4,5,7,1,1,9,4,5,2,17,1,42,3,10,1,1,7,13,1,8,1,3,,44,,1,22,9,121.5550624,25.04808565
112,6,28,17,33,2,03中山區,中山區中山北路3段與農安街口,0,0,1,2,C03,8,1,5,50,4,1,1,5,4,5,7,1,1,1,4,1,2,16,1,28,2,9,1,1,7,9,1,10,1,11,,44,,1,22,9,121.5221732,25.0648641
112,6,28,17,33,2,03中山區,中山區中山北路3段與農安街口,0,0,1,1,B01,8,1,5,50,4,1,1,5,4,5,7,1,1,1,4,1,2,16,1,64,3,10,1,1,7,7,1,4,1,7,,7,,1,22,9,121.5221732,25.0648641
112,6,28,17,45,2,01大同區,大同區民生西路與萬全街口,0,0,1,2,C03,8,1,5,50,4,1,1,5,4,5,7,2,1,5,4,5,2,16,2,44,2,8,1,1,7,9,1,10,1,11,,44,,1,22,9,121.5206893,25.05767459
112,6,28,17,45,2,01大同區,大同區民生西路與萬全街口,0,0,1,1,C04,8,1,5,50,4,1,1,5,4,5,7,2,1,5,4,5,2,16,1,35,3,10,1,1,7,8,1,9,1,13,,7,,1,22,9,121.5206893,25.05767459
112,6,28,17,45,2,07信義區,信義區信義路5段1號,0,0,1,1,C03,8,3,5,50,14,9,1,5,4,5,7,4,4,10,4,5,2,27,1,29,2,9,1,1,7,9,1,10,1,12,,,,1,22,9,121.5602959,25.0339813
112,6,28,17,45,2,07信義區,信義區信義路5段1號,0,0,1,2,B12,8,3,5,50,14,9,1,5,4,5,7,4,4,10,4,5,2,27,1,27,3,10,1,1,7,9,1,8,1,7,,,,1,22,9,121.5602959,25.0339813
112,6,28,17,48,2,12內湖區,內湖區成功路2段323巷與成功路2段口,0,0,1,2,C03,8,1,5,0,3,1,1,5,4,5,7,1,1,1,4,5,2,16,1,20,2,9,1,1,7,9,1,10,1,11,,44,,1,22,9,121.5903488,25.07044848
112,6,28,17,48,2,12內湖區,內湖區成功路2段323巷與成功路2段口,0,0,1,1,B03,8,1,5,0,3,1,1,5,4,5,7,1,1,1,4,5,2,16,2,43,3,10,1,1,7,6,1,8,1,2,,6,,1,22,9,121.5903488,25.07044848
112,6,28,17,50,2,05中正區,中正區重慶南路3段與重慶南路3段174巷口口,0,0,1,1,C03,8,1,5,30,4,1,1,5,4,1,7,1,1,1,4,5,1,17,1,24,2,8,1,1,7,6,1,10,1,12,,9,,1,22,9,121.5167467,25.02312579
112,6,28,17,50,2,05中正區,中正區重慶南路3段與重慶南路3段174巷口口,0,0,1,2,C03,8,1,5,30,4,1,1,5,4,1,7,1,1,1,4,5,1,17,1,20,3,10,1,1,7,9,1,10,1,14,,13,,1,22,9,121.5167467,25.02312579
112,6,28,17,50,2,05中正區,中正區重慶南路3段與重慶南路3段174巷口口,0,0,1,3,H02,8,1,5,30,4,1,1,5,4,1,7,1,1,1,4,5,1,17,2,23,4,11,1,1,7,20,8,20,10,16,,67,,1,22,9,121.5167467,25.02312579
112,6,28,18,9,2,12內湖區,內湖區金龍路101號,0,0,2,1,F01,8,1,5,40,14,7,1,5,4,5,7,2,1,5,4,4,2,17,1,15,2,9,2,1,7,5,8,20,1,16,,8,,1,22,9,121.5912148,25.08542263
112,6,28,18,9,2,12內湖區,內湖區金龍路101號,0,0,2,2,C03,8,1,5,40,14,7,1,5,4,5,7,2,1,5,4,4,2,17,1,28,2,9,1,1,7,9,1,10,1,11,,44,,1,22,9,121.5912148,25.08542263
112,6,28,18,30,2,04大安區,大安區信義路3段157巷與復興南路1段340巷口,0,0,1,2,B02,8,1,5,30,14,9,1,5,4,5,7,4,4,10,5,5,2,17,1,37,3,10,1,1,7,5,1,8,1,8,,44,,1,22,9,121.5430068,25.0360906
112,6,28,18,30,2,04大安區,大安區信義路3段157巷與復興南路1段340巷口,0,0,1,1,C03,8,1,5,30,14,9,1,5,4,5,7,4,4,10,5,5,2,17,1,39,2,9,1,1,7,12,1,10,1,14,,42,,1,22,9,121.5430068,25.0360906
112,6,28,18,52,2,09北投區,北投區中央北路3段40巷與中央北路3段40巷19弄口,0,0,4,1,C03,8,2,5,30,4,1,1,5,4,5,7,4,4,5,5,5,2,17,1,27,2,9,3,4,7,9,1,10,2,14,,6,,1,22,9,121.4852643,25.1388868
112,6,28,18,52,2,09北投區,北投區中央北路3段40巷與中央北路3段40巷19弄口,0,0,4,2,C04,8,2,5,30,4,1,1,5,4,5,7,4,4,5,5,5,2,17,1,54,3,10,3,4,7,12,1,10,2,15,,14,,1,22,9,121.4852643,25.1388868
112,6,28,18,52,2,09北投區,北投區中央北路3段40巷與中央北路3段40巷19弄口,0,0,4,3,H02,8,2,5,30,4,1,1,5,4,5,7,4,4,5,5,5,2,17,2,28,2,9,3,5,7,20,8,20,10,16,,67,,1,22,9,121.4852643,25.1388868
112,6,28,18,52,2,09北投區,北投區中央北路3段40巷與中央北路3段40巷19弄口,0,0,4,4,H02,8,2,5,30,4,1,1,5,4,5,7,4,4,5,5,5,2,17,2,2,2,9,3,5,7,20,8,20,10,16,,67,,1,22,9,121.4852643,25.1388868
112,6,28,18,52,2,09北投區,北投區中央北路3段40巷與中央北路3段40巷19弄口,0,0,4,5,H02,8,2,5,30,4,1,1,5,4,5,7,4,4,5,5,5,2,17,1,27,2,9,3,5,7,20,8,20,10,16,,67,,1,22,9,121.4852643,25.1388868
112,6,28,19,31,2,11南港區,南港區南港路1段與興華路口,0,0,1,1,B03,8,3,5,50,4,1,1,5,4,5,6,2,1,5,4,5,2,17,1,43,3,10,1,4,7,5,1,4,1,2,,8,,1,22,9,121.6058194,25.0558754
112,6,28,19,31,2,11南港區,南港區南港路1段與興華路口,0,0,1,2,C02,8,3,5,50,4,1,1,5,4,5,6,2,1,5,4,5,2,17,1,21,2,9,1,4,7,9,1,9,1,11,,23,,1,22,9,121.6058194,25.0558754
112,6,28,20,18,2,01大同區,大同區忠孝橋機慢車專用道東向西(燈桿編號7010682),0,0,2,1,C03,8,3,5,0,14,11,1,5,4,5,7,4,4,9,4,5,2,12,1,19,2,5,1,4,7,8,1,10,1,12,,,,1,22,9,121.5061985,25.0490522
112,6,28,20,18,2,01大同區,大同區忠孝橋機慢車專用道東向西(燈桿編號7010682),0,0,2,2,C03,8,3,5,0,14,11,1,5,4,5,7,4,4,9,4,5,2,12,2,37,2,9,1,4,7,9,1,10,1,14,,,,1,22,9,121.5061985,25.0490522
112,6,28,20,38,2,04大安區,大安區四維路與四維路76巷口,0,0,1,1,C03,8,3,5,30,4,1,1,5,4,5,7,3,1,10,5,5,1,15,1,64,2,3,3,4,7,9,1,10,1,11,,6,,1,22,9,121.5480823,25.0342453
112,6,28,20,38,2,04大安區,大安區四維路與四維路76巷口,0,0,1,2,B03,8,3,5,30,4,1,1,5,4,5,7,3,1,10,5,5,1,15,1,45,3,10,3,4,7,9,1,8,1,4,,14,,1,22,9,121.5480823,25.0342453
112,6,28,21,23,2,03中山區,往東(民權東路1段12巷口前),0,0,1,1,C03,8,3,5,40,14,9,1,5,4,5,7,4,4,1,3,4,1,17,2,22,2,9,1,1,7,9,1,10,2,12,,23,,1,22,9,121.5232821,25.0626282
112,6,28,21,23,2,03中山區,往東(民權東路1段12巷口前),0,0,1,3,,8,3,5,40,14,9,1,5,4,5,7,4,4,1,3,4,1,17,3,0,,,,,,,,,,,,67,,1,,,121.5232821,25.0626282
112,6,28,21,23,2,03中山區,往東(民權東路1段12巷口前),0,0,1,2,B03,8,3,5,40,14,9,1,5,4,5,7,4,4,1,3,4,1,17,1,41,3,10,1,1,7,9,1,8,2,15,,44,,1,22,9,121.5232821,25.0626282
112,6,28,21,50,2,07信義區,信義區基隆路車行地下道往北,0,0,1,2,B01,8,3,5,50,14,9,1,5,4,5,7,4,4,1,1,5,2,13,1,68,2,7,1,1,7,14,1,4,1,3,,44,,1,22,9,121.565318,25.0426918
112,6,28,21,50,2,07信義區,信義區基隆路車行地下道往北,0,0,1,1,B03,8,3,5,50,14,9,1,5,4,5,7,4,4,1,1,5,2,13,1,36,3,10,1,1,7,9,1,8,1,1,,23,,1,22,9,121.565318,25.0426918
112,6,28,21,50,2,07信義區,信義區基隆路車行地下道往北,0,0,1,3,B03,8,3,5,50,14,9,1,5,4,5,7,4,4,1,1,5,2,13,1,24,3,10,1,1,7,14,1,8,1,3,,44,,1,22,9,121.565318,25.0426918
112,6,28,22,18,2,04大安區,大安區基隆路3段與辛亥路3段口,0,0,1,1,B02,8,3,5,50,4,1,1,5,4,5,7,1,1,10,5,5,1,17,2,18,3,10,3,4,7,6,1,8,1,6,,9,,1,22,9,121.5467035,25.0194353
112,6,28,22,18,2,04大安區,大安區基隆路3段與辛亥路3段口,0,0,1,2,F02,8,3,5,50,4,1,1,5,4,5,7,1,1,10,5,5,1,17,2,53,2,7,3,4,7,9,8,20,1,16,,26,,1,22,9,121.5467035,25.0194353
112,6,28,23,23,2,07信義區,信義區忠孝東路5段71巷與忠孝東路5段71巷3弄口,0,0,2,1,C03,7,3,5,30,4,1,1,5,4,5,7,4,4,10,5,5,2,15,1,19,2,9,1,1,7,9,1,10,1,12,,6,,1,22,9,121.5673098,25.0416106
112,6,28,23,23,2,07信義區,信義區忠孝東路5段71巷與忠孝東路5段71巷3弄口,0,0,2,2,C03,7,3,5,30,4,1,1,5,4,5,7,4,4,10,5,5,2,15,2,18,2,9,1,1,7,9,1,10,1,14,,13,,1,21,9,121.5673098,25.0416106
112,6,28,23,30,2,09北投區,北投區石牌路2段與石牌路2段99巷口,0,0,1,1,B01,8,3,5,50,3,1,1,5,4,5,7,4,4,5,4,4,2,16,1,42,3,10,1,1,7,9,1,4,1,8,,,,1,22,9,121.5165949,25.11757129
112,6,28,23,30,2,09北投區,北投區石牌路2段與石牌路2段99巷口,0,0,1,2,C03,8,3,5,50,3,1,1,5,4,5,7,4,4,5,4,4,2,16,2,23,2,9,1,1,7,9,1,10,1,12,,,,1,22,9,121.5165949,25.11757129
112,6,29,2,5,2,07信義區,信義區忠孝東路4段550號,0,0,1,1,B03,7,3,5,50,14,9,1,5,4,5,7,4,4,10,4,5,2,13,1,28,3,10,1,1,7,8,1,8,1,1,,16,,1,21,9,121.5633152,25.0411061
112,6,29,2,5,2,07信義區,信義區忠孝東路4段550號,0,0,1,2,C03,7,3,5,50,14,9,1,5,4,5,7,4,4,10,4,5,2,13,1,34,2,9,1,1,7,9,1,10,1,13,,44,,1,21,9,121.5633152,25.0411061
112,6,29,2,47,2,04大安區,大安區復興南路2段與復興南路2段148巷口,0,0,2,2,C03,8,3,5,50,4,1,1,5,4,5,7,1,1,9,4,5,2,17,1,21,2,9,3,4,7,9,1,10,1,11,,44,,1,22,9,121.5434164,25.0284406
112,6,29,2,47,2,04大安區,大安區復興南路2段與復興南路2段148巷口,0,0,2,3,H02,8,3,5,50,4,1,1,5,4,5,7,1,1,9,4,5,2,17,2,21,2,8,3,5,7,20,8,20,10,16,,67,,1,22,9,121.5434164,25.0284406
112,6,29,2,47,2,04大安區,大安區復興南路2段與復興南路2段148巷口,0,0,2,1,B01,8,3,5,50,4,1,1,5,4,5,7,1,1,9,4,5,2,17,1,64,3,10,3,4,7,5,1,4,1,6,,8,,1,22,9,121.5434164,25.0284406
112,6,29,5,13,2,07信義區,信義區市民大道5段與東寧路口,0,0,1,1,C01,8,3,5,50,14,9,1,2,4,5,7,2,1,1,4,5,2,18,1,41,2,7,1,1,7,5,1,9,1,14,,44,,1,22,8,121.5629976,25.04725074
112,6,29,5,13,2,07信義區,信義區市民大道5段與東寧路口,0,0,1,2,B12,8,3,5,50,14,9,1,2,4,5,7,2,1,1,4,5,2,18,3,38,,,,,,,,,,,,42,,1,,,121.5629976,25.04725074
112,6,29,6,35,2,02萬華區,萬華區環河南路1段348巷第98號停車格旁,0,0,1,1,B03,8,1,5,30,14,9,1,5,4,5,7,4,4,1,5,5,2,12,1,64,3,10,1,1,7,1,1,8,1,5,,6,,1,22,9,121.4967477,25.0393134
112,6,29,6,35,2,02萬華區,萬華區環河南路1段348巷第98號停車格旁,0,0,1,2,C03,8,1,5,30,14,9,1,5,4,5,7,4,4,1,5,5,2,12,2,48,2,9,1,1,7,9,1,10,1,14,,44,,1,22,9,121.4967477,25.0393134
112,6,29,7,5,2,02萬華區,萬華區華江橋往台北市機慢車道,0,0,1,2,C03,8,1,5,40,8,8,1,5,4,5,7,4,4,1,4,3,2,17,1,36,2,9,1,1,7,15,1,10,1,14,,43,,1,22,9,121.4877561,25.03547476
112,6,29,7,5,2,02萬華區,萬華區華江橋往台北市機慢車道,0,0,1,1,C03,8,1,5,40,8,8,1,5,4,5,7,4,4,1,4,3,2,17,1,111,4,11,3,4,7,15,7,19,11,15,,43,,2,22,9,121.4877561,25.03547476
112,6,29,7,15,2,11南港區,南港區南港路1段與南港路1段2巷口,0,0,1,1,B02,8,1,5,50,3,2,1,5,4,5,7,4,4,9,5,5,2,12,1,55,3,10,1,1,7,6,1,8,1,5,,9,,1,22,9,121.6202546,25.0548898
112,6,29,7,15,2,11南港區,南港區南港路1段與南港路1段2巷口,0,0,1,2,C03,8,1,5,50,3,2,1,5,4,5,7,4,4,9,5,5,2,12,1,20,2,9,1,1,7,9,1,10,1,14,,44,,1,22,9,121.6202546,25.0548898
112,6,29,7,26,2,12內湖區,內湖區南京東路6段與新明路298巷口,0,0,1,1,B03,8,1,5,50,4,1,1,5,4,5,7,1,1,1,4,5,2,12,2,37,3,10,1,1,7,6,1,8,1,5,,9,,1,22,9,121.581697,25.05705
112,6,29,7,26,2,12內湖區,內湖區南京東路6段與新明路298巷口,0,0,1,2,F01,8,1,5,50,4,1,1,5,4,5,7,1,1,1,4,5,2,12,2,55,2,9,2,1,7,9,8,20,1,16,,42,,1,22,9,121.581697,25.05705
112,6,29,7,39,2,09北投區,北投區文林北路286號對面,0,0,1,2,B03,8,1,5,50,14,9,1,5,4,5,7,4,4,1,4,4,2,12,1,28,3,10,1,1,7,9,1,8,2,5,,44,,1,22,9,121.5125415,25.1094242
112,6,29,7,39,2,09北投區,北投區文林北路286號對面,0,0,1,1,C03,8,1,5,50,14,9,1,5,4,5,7,4,4,1,4,4,2,12,2,39,2,8,1,1,7,7,1,10,2,14,,7,,1,22,9,121.5125415,25.1094242
112,6,29,7,50,2,05中正區,中正區同安街與金門街24巷口口,0,0,1,1,C03,8,1,5,30,4,1,1,5,4,5,7,4,4,10,5,5,1,17,1,31,3,10,1,1,7,5,1,10,1,14,,44,,1,22,9,121.5211013,25.02323233
112,6,29,7,50,2,05中正區,中正區同安街與金門街24巷口口,0,0,1,2,C01,8,1,5,30,4,1,1,5,4,5,7,4,4,10,5,5,1,17,1,56,2,8,1,1,7,9,1,9,1,14,,14,,1,22,9,121.5211013,25.02323233
112,6,29,7,54,2,12內湖區,內湖區新明路92號前,0,0,1,1,B03,8,1,5,0,14,9,1,5,4,5,7,4,4,5,4,5,2,16,1,39,3,10,1,1,7,6,1,8,1,6,,9,,1,22,9,121.5896089,25.05953889
112,6,29,7,54,2,12內湖區,內湖區新明路92號前,0,0,1,2,C03,8,1,5,0,14,9,1,5,4,5,7,4,4,5,4,5,2,16,1,41,2,8,1,1,7,9,1,10,1,11,,44,,1,22,9,121.5896089,25.05953889
112,6,29,8,4,2,05中正區,中正區信義路2段與金山南路1段口,0,0,1,1,F01,8,1,5,0,4,2,1,5,4,5,7,1,1,9,5,5,2,9,1,74,2,9,3,1,7,9,8,20,1,16,,15,,1,22,9,121.527423,25.03419036
112,6,29,8,4,2,05中正區,中正區信義路2段與金山南路1段口,0,0,1,2,H01,8,1,5,0,4,2,1,5,4,5,7,1,1,9,5,5,2,9,2,41,3,10,4,1,8,16,8,20,10,16,,67,,1,22,9,121.527423,25.03419036
112,6,29,8,17,2,12內湖區,內湖區陽光街東向西(瑞陽三號公園前),0,0,2,1,C03,8,1,5,50,14,9,1,5,4,5,7,4,4,9,5,5,2,13,1,27,2,7,1,1,7,9,1,10,1,11,,23,,1,22,9,121.5821603,25.07495175
112,6,29,8,17,2,12內湖區,內湖區陽光街東向西(瑞陽三號公園前),0,0,2,2,C03,8,1,5,50,14,9,1,5,4,5,7,4,4,9,5,5,2,13,2,38,2,9,1,1,7,7,4,11,1,13,,7,,1,22,9,121.5821603,25.07495175
112,6,29,8,23,2,04大安區,大安區和平東路3段72巷口側附近,0,0,2,2,C03,8,1,5,50,14,9,1,5,4,5,7,2,1,1,4,5,2,16,2,34,2,9,3,4,7,9,3,18,11,11,,44,,1,22,9,121.550586,25.0243904
112,6,29,8,23,2,04大安區,大安區和平東路3段72巷口側附近,0,0,2,1,C03,8,1,5,50,14,9,1,5,4,5,7,2,1,1,4,5,2,16,1,44,2,9,3,4,7,11,1,10,1,13,,10,,1,22,9,121.550586,25.0243904
112,6,29,8,56,2,07信義區,信義區永吉路278巷28弄與永吉路278巷口口,0,0,1,1,C03,8,1,5,30,4,1,1,5,4,5,7,4,4,10,5,5,2,15,1,63,2,9,3,4,7,9,1,10,1,12,,6,,1,22,9,121.5740076,25.0440291
112,6,29,8,56,2,07信義區,信義區永吉路278巷28弄與永吉路278巷口口,0,0,1,2,B03,8,1,5,30,4,1,1,5,4,5,7,4,4,10,5,5,2,15,1,63,3,10,3,4,7,9,1,4,1,1,,13,,1,22,9,121.5740076,25.0440291
112,6,29,8,59,2,09北投區,北投區致遠一路2段與致遠一路2段12巷口,0,0,2,2,C03,8,1,5,50,4,1,1,5,4,5,7,4,4,5,5,5,2,16,2,30,2,8,1,1,7,9,1,10,1,11,,23,,1,22,9,121.5144061,25.1110309
112,6,29,8,59,2,09北投區,北投區致遠一路2段與致遠一路2段12巷口,0,0,2,1,F01,8,1,5,50,4,1,1,5,4,5,7,4,4,5,5,5,2,16,2,74,2,9,2,1,7,5,8,20,1,16,,6,,1,22,9,121.5144061,25.1110309
112,6,29,9,37,2,09北投區,北投區明德路144號,0,0,1,1,B03,8,1,5,50,14,9,1,5,4,5,7,4,4,4,1,5,2,17,1,52,3,10,1,1,7,15,1,8,1,4,,40,,1,22,9,121.5207207,25.11050859
112,6,29,9,37,2,09北投區,北投區明德路144號,0,0,1,2,C03,8,1,5,50,14,9,1,5,4,5,7,4,4,4,1,5,2,17,1,59,3,10,1,1,7,9,1,10,1,12,,23,,1,22,9,121.5207207,25.11050859
112,6,29,9,37,2,09北投區,北投區明德路144號,0,0,1,3,H02,8,1,5,50,14,9,1,5,4,5,7,4,4,4,1,5,2,17,2,52,2,8,1,5,7,20,8,20,10,16,,67,,1,22,9,121.5207207,25.11050859
112,6,29,9,39,2,09北投區,北投區建民路151巷與建民路150巷口,0,0,2,2,C03,8,1,5,30,4,2,1,5,4,5,7,4,4,10,5,5,1,15,2,62,2,6,1,1,7,9,1,10,1,12,,,,1,22,9,121.5192808,25.1104379
112,6,29,9,39,2,09北投區,北投區建民路151巷與建民路150巷口,0,0,2,1,C03,8,1,5,30,4,2,1,5,4,5,7,4,4,10,5,5,1,15,2,75,2,7,1,1,7,9,1,10,1,14,,,,1,22,9,121.5192808,25.1104379
112,6,29,10,0,2,11南港區,南港區重陽路與重陽路263巷口,0,0,2,2,B03,8,1,5,50,4,2,1,5,4,5,7,4,4,9,4,4,2,13,1,27,2,9,1,1,7,14,1,8,2,3,,44,,1,22,9,121.6035682,25.0576997
112,6,29,10,0,2,11南港區,南港區重陽路與重陽路263巷口,0,0,2,1,B12,8,1,5,50,4,2,1,5,4,5,7,4,4,9,4,4,2,13,1,43,2,9,1,1,7,9,1,8,2,1,,23,,1,22,9,121.6035682,25.0576997
112,6,29,10,1,2,12內湖區,內湖區民權東路6段19巷27號,0,0,1,1,B03,8,1,5,50,14,9,1,5,4,5,7,4,4,9,5,5,2,13,2,28,3,10,1,1,7,5,1,8,1,4,,10,,1,22,9,121.5786363,25.06911472
112,6,29,10,1,2,12內湖區,內湖區民權東路6段19巷27號,0,0,1,2,C03,8,1,5,50,14,9,1,5,4,5,7,4,4,9,5,5,2,13,1,24,2,9,1,1,7,9,1,10,1,11,,23,,1,22,9,121.5786363,25.06911472
112,6,29,10,8,2,05中正區,中正區汀州路2段與牯嶺街口,0,0,2,1,C03,8,1,5,50,4,1,1,5,4,5,7,1,1,5,2,5,2,17,1,69,2,9,1,1,7,9,6,10,2,12,,,,1,22,9,121.5190458,25.0250289
112,6,29,10,8,2,05中正區,中正區汀州路2段與牯嶺街口,0,0,2,2,C03,8,1,5,50,4,1,1,5,4,5,7,1,1,5,2,5,2,17,1,39,2,9,1,1,7,5,1,10,1,14,,,,1,22,9,121.5190458,25.0250289
112,6,29,10,13,2,03中山區,中山區民生東路1段70巷與民生東路1段口,0,0,1,1,B03,8,1,5,50,5,1,1,5,4,5,7,4,4,5,2,5,1,12,1,56,3,10,1,1,7,5,1,8,1,7,,8,,1,22,9,121.5264218,25.0580412
112,6,29,10,13,2,03中山區,中山區民生東路1段70巷與民生東路1段口,0,0,1,2,C03,8,1,5,50,5,1,1,5,4,5,7,4,4,5,2,5,1,12,1,38,2,9,1,1,7,9,1,10,1,11,,23,,1,22,9,121.5264218,25.0580412
112,6,29,10,38,2,05中正區,中正區中華路2段與愛國西路口,0,0,1,2,C03,8,1,5,50,5,1,1,5,4,5,7,1,1,1,2,5,2,12,2,25,2,9,1,1,7,8,1,10,1,12,,7,,1,22,9,121.5068756,25.0369851
112,6,29,10,38,2,05中正區,中正區中華路2段與愛國西路口,0,0,1,3,H02,8,1,5,50,5,1,1,5,4,5,7,1,1,1,2,5,2,12,2,24,4,11,1,1,7,20,8,20,10,16,,67,,1,22,9,121.5068756,25.0369851
112,6,29,10,38,2,05中正區,中正區中華路2段與愛國西路口,0,0,1,1,C03,8,1,5,50,5,1,1,5,4,5,7,1,1,1,2,5,2,12,1,33,3,10,1,1,7,9,1,10,1,15,,26,,1,22,9,121.5068756,25.0369851
112,6,29,10,39,2,09北投區,北投區承德路7段153號,0,0,1,2,C03,8,1,5,60,14,8,1,5,4,5,7,4,4,1,4,4,2,17,2,20,2,9,1,1,7,9,1,10,2,12,,44,,1,22,9,121.5078434,25.1135356
112,6,29,10,39,2,09北投區,北投區承德路7段153號,0,0,1,1,B03,8,1,5,60,14,8,1,5,4,5,7,4,4,1,4,4,2,17,1,47,3,10,1,1,7,1,1,7,2,1,,19,,1,22,9,121.5078434,25.1135356
112,6,29,11,29,2,02萬華區,萬華區華中橋機車道往台北市,0,0,1,1,C03,8,1,7,30,11,11,1,5,4,5,7,4,4,10,5,5,1,20,1,53,2,9,1,4,7,9,1,10,8,12,,21,,1,22,9,121.4958618,25.01525195
112,6,29,11,29,2,02萬華區,萬華區華中橋機車道往台北市,0,0,1,2,,8,1,7,30,11,11,1,5,4,5,7,4,4,10,5,5,1,20,3,0,,,,,,,,,10,,,44,,1,,,121.4958618,25.01525195
112,6,29,11,38,2,08士林區,士林區延平北路7段106巷延平河濱272號燈桿,0,0,1,2,C03,8,1,5,30,14,9,1,5,4,5,7,4,4,10,5,5,1,17,1,31,2,9,1,1,7,12,1,10,1,14,,13,,1,21,8,121.4959675,25.10414799
112,6,29,11,38,2,08士林區,士林區延平北路7段106巷延平河濱272號燈桿,0,0,1,1,B03,8,1,5,30,14,9,1,5,4,5,7,4,4,10,5,5,1,17,1,46,3,10,1,1,7,1,1,8,1,3,,19,,1,21,8,121.4959675,25.10414799
112,6,29,11,41,2,06松山區,松山區八德路4段209號,0,0,1,1,B03,8,1,5,50,14,9,1,5,4,5,7,2,1,5,4,5,2,16,1,26,3,10,3,4,7,5,1,8,2,6,,6,,1,22,9,121.5639386,25.04880612
112,6,29,11,41,2,06松山區,松山區八德路4段209號,0,0,1,2,C03,8,1,5,50,14,9,1,5,4,5,7,2,1,5,4,5,2,16,1,41,2,9,1,4,7,9,1,10,2,11,,44,,1,22,9,121.5639386,25.04880612
112,6,29,12,15,2,10文山區,文山區福興路與福興路4巷口,0,0,1,1,C03,8,1,5,30,4,2,1,5,4,5,7,3,1,5,5,5,2,16,1,66,3,10,1,1,7,11,6,10,2,14,,10,,2,22,9,121.5514619,25.0027045
112,6,29,12,15,2,10文山區,文山區福興路與福興路4巷口,0,0,1,2,C03,8,1,5,30,4,2,1,5,4,5,7,3,1,5,5,5,2,16,1,35,2,7,1,1,7,9,1,10,2,12,,44,,1,22,9,121.5514619,25.0027045
112,6,29,12,22,2,08士林區,士林區承德路4段317號,0,0,1,2,F02,8,1,5,50,14,20,4,5,4,5,7,4,4,1,5,5,2,17,2,40,3,10,1,1,7,9,8,20,1,16,,23,,1,21,8,121.517927,25.090244
112,6,29,12,22,2,08士林區,士林區承德路4段317號,0,0,1,1,C03,8,1,5,50,14,20,4,5,4,5,7,4,4,1,5,5,2,17,2,50,2,9,1,1,7,1,1,10,1,11,,19,,1,21,8,121.517927,25.090244
112,6,29,12,28,2,12內湖區,內湖區新明路460巷28弄與新明路460巷口,0,0,1,2,E05,8,1,5,30,4,1,1,5,4,5,7,4,4,10,5,5,2,12,1,39,3,10,1,1,7,6,1,7,1,1,,6,,1,22,9,121.5784197,25.0545775