發生年度,發生月,發生日,發生時-Hours,發生分,處理別-編號,區序,肇事地點,死亡人數,2-30日死亡人數,受傷人數,當事人序號,車種,天候,光線,道路類別,速限-速度限制,道路型態,事故位置,路面狀況1,路面狀況2,路面狀況3,道路障礙1,道路障礙2,號誌1,號誌2,車道劃分-分向,車道劃分-分道1,車道劃分-分道2,車道劃分-分道3,事故類型及型態,性別,年齡,受傷程度,主要傷處,保護裝置,行動電話,車輛用途,當事者行動狀態,駕駛資格情形,駕駛執照種類,飲酒情形,車輛撞擊部位1,車輛撞擊部位2,肇因碼-個別,肇因碼-主要,個人肇逃否,職業,旅次目的,座標-X,座標-Y
112,6,29,12,28,2,12內湖區,內湖區新明路460巷28弄與新明路460巷口,0,0,1,1,C03,8,1,5,30,4,1,1,5,4,5,7,4,4,10,5,5,2,12,1,43,2,9,3,1,7,9,5,18,1,12,,23,,1,21,9,121.5784197,25.0545775
112,6,29,12,34,2,03中山區,中山區中原街與新生北路2段55巷口,0,0,1,2,C03,8,1,5,30,3,2,1,5,4,5,7,4,4,10,3,5,2,15,1,55,2,8,1,1,7,9,1,10,1,12,,44,,1,22,9,121.5288577,25.05645477
112,6,29,12,34,2,03中山區,中山區中原街與新生北路2段55巷口,0,0,1,1,B03,8,1,5,30,3,2,1,5,4,5,7,4,4,10,3,5,2,15,1,38,3,10,1,1,7,1,1,8,1,1,,19,,1,22,9,121.5288577,25.05645477
112,6,29,13,5,2,08士林區,士林區文林路273號,0,0,2,3,H02,8,1,5,0,14,9,1,5,4,5,7,4,4,5,5,5,1,16,2,58,2,9,1,5,7,21,8,20,10,16,,67,,1,22,9,121.5266634,25.09131232
112,6,29,13,5,2,08士林區,士林區文林路273號,0,0,2,2,C03,8,1,5,0,14,9,1,5,4,5,7,4,4,5,5,5,1,16,2,54,2,9,1,1,7,9,1,10,2,12,,44,,1,22,9,121.5266634,25.09131232
112,6,29,13,5,2,08士林區,士林區文林路273號,0,0,2,1,B03,8,1,5,0,14,9,1,5,4,5,7,4,4,5,5,5,1,16,1,20,3,10,1,1,7,11,1,8,2,1,,10,,1,22,9,121.5266634,25.09131232
112,6,29,13,43,2,05中正區,中正區市民高架道往東(承德-中山),0,0,1,3,H02,8,1,5,80,10,9,1,5,4,5,7,4,4,1,4,5,1,13,2,26,2,4,1,5,7,20,8,20,10,16,,67,,1,19,5,121.5199912,25.0481528
112,6,29,13,43,2,05中正區,中正區市民高架道往東(承德-中山),0,0,1,1,B03,8,1,5,80,10,9,1,5,4,5,7,4,4,1,4,5,1,13,1,47,3,10,1,1,7,7,6,8,1,1,,7,,1,9,8,121.5199912,25.0481528
112,6,29,13,43,2,05中正區,中正區市民高架道往東(承德-中山),0,0,1,2,B03,8,1,5,80,10,9,1,5,4,5,7,4,4,1,4,5,1,13,1,27,3,10,1,1,7,9,1,8,1,3,,44,,1,5,5,121.5199912,25.0481528
112,6,29,13,45,2,08士林區,士林區美崙街與美崙街62巷口,0,0,1,1,B01,8,1,5,50,3,1,1,5,4,5,7,4,4,9,5,5,2,9,1,62,3,10,3,4,7,9,1,4,2,5,,15,,1,22,9,121.5222914,25.09709326
112,6,29,13,45,2,08士林區,士林區美崙街與美崙街62巷口,0,0,1,2,H01,8,1,5,50,3,1,1,5,4,5,7,4,4,9,5,5,2,9,2,63,2,9,4,5,8,16,8,20,10,16,,67,,1,22,9,121.5222914,25.09709326
112,6,29,13,55,2,08士林區,士林區基河路251巷與福德路口,0,0,2,1,C03,8,1,5,30,4,1,1,5,4,5,7,4,4,10,5,5,1,15,1,44,2,9,1,1,7,9,1,9,2,11,,6,,1,22,9,121.5225973,25.09226058
112,6,29,13,55,2,08士林區,士林區基河路251巷與福德路口,0,0,2,2,C03,8,1,5,30,4,1,1,5,4,5,7,4,4,10,5,5,1,15,1,61,2,9,1,1,7,9,1,10,2,11,,23,,1,22,9,121.5225973,25.09226058
112,6,29,14,28,2,05中正區,中正區和平西路2段與南海路口口,0,0,1,1,B03,8,1,5,50,4,1,1,5,4,5,7,1,1,1,4,5,1,16,1,78,3,10,1,1,7,5,1,8,2,5,,42,,1,22,9,121.5092544,25.03044678
112,6,29,14,28,2,05中正區,中正區和平西路2段與南海路口口,0,0,1,2,C01,8,1,5,50,4,1,1,5,4,5,7,1,1,1,4,5,1,16,1,22,2,7,1,1,7,9,1,9,2,11,,25,,1,22,9,121.5092544,25.03044678
112,6,29,14,40,2,09北投區,北投區文林北路與文承路口,0,0,2,1,B03,8,1,5,50,4,1,1,5,4,5,7,2,1,1,4,4,2,16,1,59,3,10,1,1,7,5,1,8,2,1,,8,,1,22,9,121.5165643,25.10608031
112,6,29,14,40,2,09北投區,北投區文林北路與文承路口,0,0,2,3,H02,8,1,5,50,4,1,1,5,4,5,7,2,1,1,4,4,2,16,2,19,2,9,1,5,7,20,8,20,10,16,,67,,1,22,9,121.5165643,25.10608031
112,6,29,14,40,2,09北投區,北投區文林北路與文承路口,0,0,2,2,C03,8,1,5,50,4,1,1,5,4,5,7,2,1,1,4,4,2,16,1,19,2,9,1,1,7,9,1,10,2,11,,23,,1,22,9,121.5165643,25.10608031
112,6,29,14,40,2,07信義區,信義區虎林街164巷60弄2號,0,0,1,2,B12,8,1,5,30,15,9,1,5,4,5,7,4,4,9,5,5,2,16,1,33,3,10,1,1,7,7,1,8,1,8,,7,,1,22,9,121.5742562,25.0380791
112,6,29,14,40,2,07信義區,信義區虎林街164巷60弄2號,0,0,1,1,C03,8,1,5,30,15,9,1,5,4,5,7,4,4,9,5,5,2,16,1,41,2,8,1,1,7,9,1,10,1,12,,23,,1,22,9,121.5742562,25.0380791
112,6,29,14,53,2,08士林區,士林區重慶北路4段36號,0,0,1,1,C04,8,1,5,50,14,9,1,5,4,5,7,2,1,1,4,5,2,13,2,23,2,9,3,4,7,9,1,8,1,11,,23,,1,22,9,121.5134117,25.08073433
112,6,29,14,53,2,08士林區,士林區重慶北路4段36號,0,0,1,2,B03,8,1,5,50,14,9,1,5,4,5,7,2,1,1,4,5,2,13,1,65,3,10,3,4,7,9,1,8,1,3,,44,,1,22,9,121.5134117,25.08073433
112,6,29,15,9,2,03中山區,中山區民生東路2段130號,0,0,1,1,B03,8,1,5,30,14,18,1,5,4,5,7,1,1,10,5,5,2,2,1,41,4,11,3,4,7,15,7,19,11,15,,,,2,22,9,121.5318587,25.05796931
112,6,29,15,9,2,03中山區,中山區民生東路2段130號,0,0,1,2,H01,8,1,5,30,14,18,1,5,4,5,7,1,1,10,5,5,2,2,2,26,2,8,4,5,8,16,8,20,10,16,,67,,1,22,9,121.5318587,25.05796931
112,6,29,15,30,2,11南港區,南港區研究院路1段與研究院路1段151巷口,0,0,2,1,C03,7,1,5,50,4,2,1,5,4,5,7,1,1,9,4,5,2,12,2,28,2,8,1,1,7,9,1,10,1,11,,23,,1,22,9,121.6158433,25.0492142
112,6,29,15,30,2,11南港區,南港區研究院路1段與研究院路1段151巷口,0,0,2,2,C03,7,1,5,50,4,2,1,5,4,5,7,1,1,9,4,5,2,12,1,49,2,9,1,1,7,9,1,10,1,13,,30,,1,22,9,121.6158433,25.0492142
112,6,29,15,44,2,11南港區,南港區松河街東往西(成美橋下),0,0,1,1,C03,8,1,5,40,14,9,1,5,4,5,7,4,4,5,5,5,2,10,1,58,2,9,1,1,7,9,1,10,1,11,,43,,1,22,9,121.582899,25.0527874
112,6,29,15,44,2,11南港區,南港區松河街東往西(成美橋下),0,0,1,2,B03,8,1,5,40,14,9,1,5,4,5,7,4,4,5,5,5,2,10,2,47,3,10,1,1,7,9,1,8,1,8,,43,,1,22,9,121.582899,25.0527874
112,6,29,16,10,2,04大安區,大安區和平東路3段127-1號,0,0,1,1,C03,7,1,5,50,14,9,1,5,4,5,7,4,4,1,4,5,2,17,2,33,3,10,1,1,7,6,1,10,1,13,,42,,1,21,8,121.5518489,25.0244861
112,6,29,16,10,2,04大安區,大安區和平東路3段127-1號,0,0,1,2,C03,7,1,5,50,14,9,1,5,4,5,7,4,4,1,4,5,2,17,1,38,2,7,1,1,7,9,1,10,1,11,,23,,1,21,8,121.5518489,25.0244861
112,6,29,16,27,2,06松山區,松山區市民大道6段151號,0,0,2,1,C03,7,1,5,50,14,9,1,5,4,5,7,4,4,9,4,5,2,16,1,52,2,9,1,4,7,8,6,18,2,12,,7,,1,22,9,121.5796202,25.04951456
112,6,29,16,27,2,06松山區,松山區市民大道6段151號,0,0,2,2,C03,7,1,5,50,14,9,1,5,4,5,7,4,4,9,4,5,2,16,1,32,2,9,1,4,7,9,1,10,2,14,,13,,1,22,9,121.5796202,25.04951456
112,6,29,16,27,2,06松山區,松山區市民大道6段151號,0,0,2,3,C03,7,1,5,50,14,9,1,5,4,5,7,4,4,9,4,5,2,16,1,27,3,10,1,4,7,14,1,10,2,14,,38,,1,22,9,121.5796202,25.04951456
112,6,29,16,44,2,06松山區,松山區光復北路與富錦街口,0,0,2,3,H02,6,1,5,40,3,1,1,4,4,5,7,1,1,8,3,4,2,13,2,20,2,7,1,5,7,20,8,20,10,16,,67,,1,22,9,121.5548705,25.060315
112,6,29,16,44,2,06松山區,松山區光復北路與富錦街口,0,0,2,2,B03,6,1,5,40,3,1,1,4,4,5,7,1,1,8,3,4,2,13,1,54,3,10,1,1,7,9,1,8,1,3,,44,,1,22,9,121.5548705,25.060315
112,6,29,16,44,2,06松山區,松山區光復北路與富錦街口,0,0,2,1,C03,6,1,5,40,3,1,1,4,4,5,7,1,1,8,3,4,2,13,1,19,2,8,1,1,7,9,1,10,1,11,,23,,1,22,9,121.5548705,25.060315
112,6,29,16,50,2,09北投區,北投區公館路與東華街2段口,0,0,2,2,C03,8,1,5,50,4,2,1,5,4,5,7,2,1,5,4,5,2,16,2,21,2,9,1,1,7,9,1,10,1,11,,,,1,22,9,121.502806,25.12187003
112,6,29,16,50,2,09北投區,北投區公館路與東華街2段口,0,0,2,1,C03,8,1,5,50,4,2,1,5,4,5,7,2,1,5,4,5,2,16,1,48,2,8,1,1,7,5,1,9,1,12,,,,1,22,9,121.502806,25.12187003
112,6,29,17,0,2,12內湖區,內湖區安美街165號,0,0,1,1,B03,6,1,5,50,14,9,1,4,4,5,7,4,4,10,5,5,2,12,1,55,3,10,1,1,7,5,1,8,1,4,,8,,1,22,9,121.6002705,25.05995124
112,6,29,17,0,2,12內湖區,內湖區安美街165號,0,0,1,2,C03,6,1,5,50,14,9,1,4,4,5,7,4,4,10,5,5,2,12,1,43,2,8,1,1,7,9,1,10,1,12,,23,,1,22,9,121.6002705,25.05995124
112,6,29,17,2,2,08士林區,士林區中山北路5段與雙溪街口,0,0,1,1,B02,8,3,5,30,5,2,1,5,4,5,7,3,1,1,4,5,1,16,1,53,3,10,1,1,7,5,1,8,11,1,,6,,1,22,9,121.5265642,25.100801
112,6,29,17,2,2,08士林區,士林區中山北路5段與雙溪街口,0,0,1,2,C03,8,3,5,30,5,2,1,5,4,5,7,3,1,1,4,5,1,16,2,18,2,8,1,1,7,9,1,10,11,12,,23,,1,22,9,121.5265642,25.100801
112,6,29,17,11,2,10文山區,文山區辛亥路4段191號,0,0,1,1,B03,6,3,5,50,14,9,1,4,4,5,7,2,1,1,4,5,2,17,1,46,3,10,1,1,7,7,1,8,2,15,,7,,2,21,9,121.557052,25.0048862
112,6,29,17,11,2,10文山區,文山區辛亥路4段191號,0,0,1,2,C03,6,3,5,50,14,9,1,4,4,5,7,2,1,1,4,5,2,17,2,24,2,9,1,1,7,9,1,10,2,12,,44,,1,21,9,121.557052,25.0048862
112,6,29,17,30,2,03中山區,中山區長春路220號,0,0,1,1,B01,6,2,5,50,14,7,1,4,4,5,7,4,4,9,4,4,2,12,1,30,3,10,1,1,7,11,1,4,1,3,,10,,1,22,9,121.5377633,25.05472301
112,6,29,17,30,2,03中山區,中山區長春路220號,0,0,1,2,C03,6,2,5,50,14,7,1,4,4,5,7,4,4,9,4,4,2,12,1,53,2,9,1,1,7,9,1,10,1,14,,23,,1,22,9,121.5377633,25.05472301
112,6,29,17,50,2,09北投區,北投區社子大橋59號燈桿,0,0,2,1,C03,8,1,5,50,14,11,1,5,4,5,7,4,4,1,5,5,2,13,1,19,2,9,1,1,7,9,1,10,1,11,,16,,1,22,9,121.499085,25.11196815
112,6,29,17,50,2,09北投區,北投區社子大橋59號燈桿,0,0,2,2,C03,8,1,5,50,14,11,1,5,4,5,7,4,4,1,5,5,2,13,1,57,2,8,1,1,7,9,1,10,1,13,,44,,1,22,9,121.499085,25.11196815
112,6,29,18,0,2,03中山區,中山區市民大道3段83號,0,0,1,2,C03,8,1,5,40,14,9,1,5,4,5,7,4,4,1,4,5,2,17,2,41,2,8,1,1,7,9,1,10,1,14,,44,,1,22,9,121.5377458,25.04479822
112,6,29,18,0,2,03中山區,中山區市民大道3段83號,0,0,1,1,B01,8,1,5,40,14,9,1,5,4,5,7,4,4,1,4,5,2,17,1,35,3,10,1,1,7,6,1,4,1,6,,9,,1,22,9,121.5377458,25.04479822
112,6,29,18,23,2,02萬華區,萬華區和平西路3段與南寧路口,0,0,1,2,C03,8,1,5,50,5,1,1,5,4,5,7,2,1,1,5,5,2,16,1,63,2,9,1,1,7,9,1,10,1,11,,44,,1,22,9,121.5033005,25.03511937
112,6,29,18,23,2,02萬華區,萬華區和平西路3段與南寧路口,0,0,1,1,C03,8,1,5,50,5,1,1,5,4,5,7,2,1,1,5,5,2,16,1,25,3,10,1,1,7,6,1,10,1,12,,9,,1,22,9,121.5033005,25.03511937
112,6,29,18,26,2,09北投區,北投區承德路7段204號,0,0,5,5,H02,8,2,5,60,14,8,1,5,4,1,7,4,4,3,4,4,2,13,2,3,2,9,1,1,7,20,8,20,1,16,,67,,1,22,9,121.5069627,25.11467892
112,6,29,18,26,2,09北投區,北投區承德路7段204號,0,0,5,6,H03,8,2,5,60,14,8,1,5,4,1,7,4,4,3,4,4,2,13,1,29,3,10,4,5,8,20,8,20,1,16,,59,,1,22,9,121.5069627,25.11467892
112,6,29,18,26,2,09北投區,北投區承德路7段204號,0,0,5,4,H02,8,2,5,60,14,8,1,5,4,1,7,4,4,3,4,4,2,13,1,7,2,9,1,1,7,20,8,20,1,16,,67,,1,22,9,121.5069627,25.11467892
112,6,29,18,26,2,09北投區,北投區承德路7段204號,0,0,5,2,C03,8,2,5,60,14,8,1,5,4,1,7,4,4,3,4,4,2,13,1,34,2,9,1,1,7,12,1,10,1,13,,44,,1,22,9,121.5069627,25.11467892
112,6,29,18,26,2,09北投區,北投區承德路7段204號,0,0,5,1,C03,8,2,5,60,14,8,1,5,4,1,7,4,4,3,4,4,2,13,2,30,2,9,1,1,7,9,1,10,1,11,,16,,1,22,9,121.5069627,25.11467892
112,6,29,18,26,2,09北投區,北投區承德路7段204號,0,0,5,3,H02,8,2,5,60,14,8,1,5,4,1,7,4,4,3,4,4,2,13,1,6,2,9,1,1,7,20,8,20,1,16,,67,,1,22,9,121.5069627,25.11467892
112,6,29,18,29,2,07信義區,信義區基隆路2段與嘉興街口,0,0,1,1,C03,7,1,5,50,3,2,1,5,4,5,7,4,4,3,3,5,1,17,1,65,2,7,1,1,7,6,1,10,1,11,,43,,1,22,9,121.5591941,25.0326001
112,6,29,18,29,2,07信義區,信義區基隆路2段與嘉興街口,0,0,1,2,C03,7,1,5,50,3,2,1,5,4,5,7,4,4,3,3,5,1,17,1,41,3,10,1,1,7,14,1,10,1,13,,43,,1,22,9,121.5591941,25.0326001
112,6,29,18,32,2,05中正區,中正區基隆路4段與汀州路3段口口,0,0,1,2,C04,8,1,5,50,4,1,1,5,4,5,7,1,1,3,4,5,2,12,2,53,2,8,1,1,7,9,1,11,2,14,,,,1,22,9,121.5364357,25.0110675
112,6,29,18,32,2,05中正區,中正區基隆路4段與汀州路3段口口,0,0,1,1,B03,8,1,5,50,4,1,1,5,4,5,7,1,1,3,4,5,2,12,1,19,3,10,3,4,7,9,1,8,2,5,,,,1,22,9,121.5364357,25.0110675
112,6,29,18,35,2,04大安區,大安區復興南路2段78巷與復興南路2段口,0,0,2,1,B03,6,3,5,50,4,2,1,4,4,5,7,1,1,1,3,5,2,12,2,44,2,5,1,1,7,6,1,8,1,2,,9,,1,22,9,121.5434435,25.0311321
112,6,29,18,35,2,04大安區,大安區復興南路2段78巷與復興南路2段口,0,0,2,2,C03,6,3,5,50,4,2,1,4,4,5,7,1,1,1,3,5,2,12,2,30,2,8,1,1,7,9,1,10,1,14,,23,,1,22,9,121.5434435,25.0311321
112,6,29,18,40,2,03中山區,中山區吉林路與南京東路2段口,0,0,1,1,C03,7,3,5,50,4,1,1,5,4,5,7,2,1,1,3,5,2,12,2,29,2,9,3,4,7,7,1,10,2,11,,7,,1,22,9,121.5300457,25.0519886
112,6,29,18,40,2,03中山區,中山區吉林路與南京東路2段口,0,0,1,2,B02,7,3,5,50,4,1,1,5,4,5,7,2,1,1,3,5,2,12,1,40,3,10,3,4,7,9,1,4,2,5,,23,,1,22,9,121.5300457,25.0519886
112,6,29,18,49,2,02萬華區,萬華區忠孝西路2段與西寧南路口,0,0,1,1,C03,7,3,5,50,5,2,1,5,4,5,7,1,1,1,3,4,2,16,2,30,2,9,1,1,7,6,1,10,2,12,,9,,1,22,9,121.5074887,25.0485054
112,6,29,18,49,2,02萬華區,萬華區忠孝西路2段與西寧南路口,0,0,1,2,B03,7,3,5,50,5,2,1,5,4,5,7,1,1,1,3,4,2,16,1,54,3,10,1,1,7,9,1,8,2,8,,44,,1,22,9,121.5074887,25.0485054
112,6,29,18,50,2,11南港區,南港區忠孝東路7段124巷17弄與忠孝東路7段口,0,0,1,1,B03,7,3,5,50,3,1,1,5,4,5,6,2,1,1,2,4,2,17,1,64,3,10,1,4,7,5,1,8,2,2,,6,,1,22,9,121.5973896,25.0509557
112,6,29,18,50,2,11南港區,南港區忠孝東路7段124巷17弄與忠孝東路7段口,0,0,1,2,C03,7,3,5,50,3,1,1,5,4,5,6,2,1,1,2,4,2,17,1,35,2,9,1,4,7,9,1,10,2,11,,13,,1,22,9,121.5973896,25.0509557
112,6,29,19,12,2,03中山區,中山區林森北路與南京東路1段口,0,0,1,2,C03,7,3,5,50,14,8,1,5,4,5,7,4,4,3,4,4,2,17,1,55,2,8,1,1,7,9,1,10,1,14,,23,,1,22,9,121.5264405,25.05218138
112,6,29,19,12,2,03中山區,中山區林森北路與南京東路1段口,0,0,1,1,B03,7,3,5,50,14,8,1,5,4,5,7,4,4,3,4,4,2,17,1,29,3,10,1,1,7,6,1,8,1,5,,9,,1,22,9,121.5264405,25.05218138
112,6,29,19,20,2,11南港區,南港區研究院路1段130巷與研究院路1段口,0,0,1,1,C03,8,3,5,50,4,2,1,5,4,5,7,1,1,1,3,5,2,13,1,19,2,7,1,1,7,9,1,10,1,11,,,,1,22,9,121.6157117,25.04927587
112,6,29,19,20,2,11南港區,南港區研究院路1段130巷與研究院路1段口,0,0,1,2,B02,8,3,5,50,4,2,1,5,4,5,7,1,1,1,3,5,2,13,1,52,3,10,1,1,7,9,1,8,1,7,,,,1,22,9,121.6157117,25.04927587
112,6,29,19,34,2,04大安區,大安區基隆路3段155巷57號,0,0,2,1,C03,8,3,5,30,14,9,1,5,4,5,7,4,4,10,5,5,2,11,1,43,2,9,1,1,7,5,1,10,1,11,,8,,1,22,9,121.5439818,25.0139912
112,6,29,19,34,2,04大安區,大安區基隆路3段155巷57號,0,0,2,2,C03,8,3,5,30,14,9,1,5,4,5,7,4,4,10,5,5,2,11,1,42,2,9,1,1,7,9,1,10,1,11,,23,,1,22,9,121.5439818,25.0139912
112,6,29,19,45,2,05中正區,中正區汀州路3段與汀州路3段111巷口,0,0,1,1,B03,8,3,5,50,3,1,1,5,4,5,7,1,1,5,4,5,2,17,1,27,3,10,1,1,7,11,1,8,1,8,,10,,1,22,9,121.5299,25.01670677
112,6,29,19,45,2,05中正區,中正區汀州路3段與汀州路3段111巷口,0,0,1,2,C04,8,3,5,50,3,1,1,5,4,5,7,1,1,5,4,5,2,17,1,40,2,8,1,1,7,9,1,11,1,12,,44,,1,22,9,121.5299,25.01670677
112,6,29,20,12,2,03中山區,中山區民生東路2段與建國北路2段口,0,0,1,2,C03,8,3,5,50,4,1,1,5,4,5,7,2,1,10,5,5,2,15,1,19,2,9,1,1,7,9,1,10,2,11,,14,,1,22,9,121.5371621,25.05781106
112,6,29,20,12,2,03中山區,中山區民生東路2段與建國北路2段口,0,0,1,1,E01,8,3,5,50,4,1,1,5,4,5,7,2,1,10,5,5,2,15,1,32,3,10,1,1,7,9,1,4,2,6,,25,,1,22,9,121.5371621,25.05781106
112,6,29,20,51,2,01大同區,大同區承德路3段與承德路3段51巷口,0,0,2,1,B01,8,3,5,50,3,2,1,5,4,5,7,4,4,1,4,5,2,12,1,48,4,11,3,4,7,10,7,19,11,15,,7,,2,22,9,121.5184393,25.06502692
112,6,29,20,51,2,01大同區,大同區承德路3段與承德路3段51巷口,0,0,2,2,C03,8,3,5,50,3,2,1,5,4,5,7,4,4,1,4,5,2,12,2,43,2,9,3,4,7,7,1,10,2,13,,44,,1,22,9,121.5184393,25.06502692
112,6,29,20,51,2,01大同區,大同區承德路3段與承德路3段51巷口,0,0,2,3,C03,8,3,5,50,3,2,1,5,4,5,7,4,4,1,4,5,2,12,1,18,2,9,3,4,7,7,3,18,2,11,,23,,1,22,9,121.5184393,25.06502692
112,6,29,21,29,2,03中山區,中山區中山北路3段北往南民族西路口前,0,0,1,2,C03,7,3,5,50,14,9,1,5,4,5,7,4,4,4,3,5,2,12,2,34,2,9,3,4,7,9,1,10,2,11,,44,,1,22,9,121.523017,25.06930624
112,6,29,21,29,2,03中山區,中山區中山北路3段北往南民族西路口前,0,0,1,1,C03,7,3,5,50,14,9,1,5,4,5,7,4,4,4,3,5,2,12,1,19,3,10,3,4,7,7,1,10,2,11,,7,,1,22,9,121.523017,25.06930624
112,6,29,21,40,2,05中正區,中正區中山南路與愛國西路口,0,0,1,1,B03,8,5,5,50,4,2,1,5,4,5,13,1,1,4,3,1,2,17,1,24,4,11,3,4,7,1,7,19,11,15,,23,,2,22,8,121.5164267,25.0351705
112,6,29,21,40,2,05中正區,中正區中山南路與愛國西路口,0,0,1,2,C03,8,5,5,50,4,2,1,5,4,5,13,1,1,4,3,1,2,17,1,42,2,8,5,1,7,1,1,10,11,17,,44,,1,26,8,121.5164267,25.0351705
112,6,29,21,46,2,11南港區,南港區福德街373巷與福德街口,0,0,1,1,C03,8,3,5,30,3,1,1,5,4,5,6,3,1,5,2,5,2,17,1,18,2,9,1,4,7,5,1,10,1,14,,8,,1,22,9,121.5914669,25.039433
112,6,29,21,46,2,11南港區,南港區福德街373巷與福德街口,0,0,1,2,B03,8,3,5,30,3,1,1,5,4,5,6,3,1,5,2,5,2,17,2,56,3,10,1,4,7,9,1,8,1,2,,23,,1,22,9,121.5914669,25.039433
112,6,29,22,26,2,08士林區,士林區至善路2段與至善路2段266巷口,0,0,2,1,F01,8,3,5,50,3,1,1,5,4,5,7,3,1,1,4,4,2,17,1,33,2,9,1,1,7,11,8,20,1,16,,10,,1,22,9,121.5509014,25.10058917
112,6,29,22,26,2,08士林區,士林區至善路2段與至善路2段266巷口,0,0,2,2,C03,8,3,5,50,3,1,1,5,4,5,7,3,1,1,4,4,2,17,1,31,2,9,1,1,7,9,1,10,1,11,,23,,1,22,9,121.5509014,25.10058917
112,6,29,22,59,2,02萬華區,萬華區西寧南路與洛陽街口,0,0,1,2,C03,8,3,5,50,4,1,1,5,4,5,7,1,1,9,5,5,2,12,1,24,2,9,1,1,7,5,1,10,1,14,,8,,1,22,9,121.5073424,25.0476311
112,6,29,22,59,2,02萬華區,萬華區西寧南路與洛陽街口,0,0,1,1,C03,8,3,5,50,4,1,1,5,4,5,7,1,1,9,5,5,2,12,1,22,3,10,1,1,7,9,1,10,1,12,,44,,1,22,9,121.5073424,25.0476311
112,6,29,23,45,2,02萬華區,萬華區青年路與水源路口,0,0,1,2,B12,8,3,5,50,4,1,1,5,4,5,7,2,1,1,5,1,2,15,1,65,3,10,1,1,7,9,1,8,1,4,,44,,1,22,9,121.5043121,25.0199279
112,6,29,23,45,2,02萬華區,萬華區青年路與水源路口,0,0,1,1,C03,8,3,5,50,4,1,1,5,4,5,7,2,1,1,5,1,2,15,1,56,2,9,1,1,7,9,1,10,1,11,,25,,1,22,9,121.5043121,25.0199279
112,6,30,5,39,2,01大同區,大同區承德路3段與承德路3段285巷口,0,0,1,2,B03,8,1,5,50,4,2,1,5,4,5,7,2,1,1,4,5,2,13,2,54,3,10,3,4,7,14,1,8,2,7,,42,,1,22,9,121.5197483,25.0739393
112,6,30,5,39,2,01大同區,大同區承德路3段與承德路3段285巷口,0,0,1,1,C03,8,1,5,50,4,2,1,5,4,5,7,2,1,1,4,5,2,13,1,30,2,7,3,4,7,9,1,10,5,11,,23,,1,22,9,121.5197483,25.0739393
112,6,30,5,57,2,11南港區,南港區經貿二路235巷與經貿二路157巷36弄口,0,0,1,1,B03,8,2,5,50,4,1,1,5,4,5,7,3,1,5,4,5,2,15,1,43,3,10,1,1,7,9,1,8,1,1,,6,,1,22,8,121.6153123,25.0613469
112,6,30,5,57,2,11南港區,南港區經貿二路235巷與經貿二路157巷36弄口,0,0,1,2,B03,8,2,5,50,4,1,1,5,4,5,7,3,1,5,4,5,2,15,1,63,2,7,1,1,7,9,1,8,1,4,,13,,1,22,8,121.6153123,25.0613469
112,6,30,6,6,2,04大安區,大安區忠孝東路4段147巷與敦化南路1段187巷口,0,0,1,1,B01,8,1,5,30,4,1,1,5,4,5,7,4,4,10,5,5,2,15,1,59,3,10,1,1,7,9,1,4,1,4,,6,,1,22,9,121.5496555,25.0425967
112,6,30,6,6,2,04大安區,大安區忠孝東路4段147巷與敦化南路1段187巷口,0,0,1,2,C03,8,1,5,30,4,1,1,5,4,5,7,4,4,10,5,5,2,15,2,40,2,9,1,1,7,9,1,10,1,11,,44,,1,22,9,121.5496555,25.0425967
112,6,30,6,54,2,09北投區,北投區中央北路4段584號加油站入口處,0,0,2,1,C03,8,1,5,50,14,9,1,5,4,5,7,4,4,9,4,5,1,11,1,61,2,8,1,1,7,11,1,10,2,12,,,,1,22,9,121.4663556,25.1269563
112,6,30,6,54,2,09北投區,北投區中央北路4段584號加油站入口處,0,0,2,2,C03,8,1,5,50,14,9,1,5,4,5,7,4,4,9,4,5,1,11,1,34,2,7,1,1,7,9,1,10,2,11,,,,1,22,9,121.4663556,25.1269563
112,6,30,7,31,2,08士林區,士林區延平北路5段與中正路口,0,0,2,2,C03,8,1,5,50,4,2,1,5,4,5,7,2,1,1,4,5,1,13,2,38,2,8,1,1,7,9,1,10,2,13,,44,,1,22,9,121.5092793,25.08657862
112,6,30,7,31,2,08士林區,士林區延平北路5段與中正路口,0,0,2,1,C03,8,1,5,50,4,2,1,5,4,5,7,2,1,1,4,5,1,13,1,75,2,8,1,1,7,9,1,10,2,11,,23,,1,22,9,121.5092793,25.08657862
112,6,30,7,39,2,04大安區,大安區基隆路2段172號前,0,0,1,3,H02,8,1,5,50,14,9,1,5,4,5,7,4,4,10,4,5,2,13,2,16,2,9,1,1,7,20,8,20,10,16,,67,,1,22,9,121.555315,25.0269119
112,6,30,7,39,2,04大安區,大安區基隆路2段172號前,0,0,1,2,B01,8,1,5,50,14,9,1,5,4,5,7,4,4,10,4,5,2,13,1,49,3,10,1,1,7,15,1,4,1,7,,44,,1,22,9,121.555315,25.0269119
112,6,30,7,39,2,04大安區,大安區基隆路2段172號前,0,0,1,1,C03,8,1,5,50,14,9,1,5,4,5,7,4,4,10,4,5,2,13,1,20,3,10,1,1,7,9,1,10,1,11,,16,,1,22,9,121.555315,25.0269119
112,6,30,7,40,2,02萬華區,萬華區寶興街140巷與寶興街140巷17弄口,0,0,1,1,B12,8,1,5,30,4,1,1,5,4,5,7,4,4,10,5,5,2,17,1,63,3,10,1,1,7,5,1,8,1,8,,8,,1,22,9,121.4943042,25.0243482