發生年度,發生月,發生日,發生時-Hours,發生分,處理別-編號,區序,肇事地點,死亡人數,2-30日死亡人數,受傷人數,當事人序號,車種,天候,光線,道路類別,速限-速度限制,道路型態,事故位置,路面狀況1,路面狀況2,路面狀況3,道路障礙1,道路障礙2,號誌1,號誌2,車道劃分-分向,車道劃分-分道1,車道劃分-分道2,車道劃分-分道3,事故類型及型態,性別,年齡,受傷程度,主要傷處,保護裝置,行動電話,車輛用途,當事者行動狀態,駕駛資格情形,駕駛執照種類,飲酒情形,車輛撞擊部位1,車輛撞擊部位2,肇因碼-個別,肇因碼-主要,個人肇逃否,職業,旅次目的,座標-X,座標-Y
112,6,30,7,40,2,02萬華區,萬華區寶興街140巷與寶興街140巷17弄口,0,0,1,2,F01,8,1,5,30,4,1,1,5,4,5,7,4,4,10,5,5,2,17,2,70,2,9,2,1,7,9,8,20,1,16,,44,,1,22,9,121.4943042,25.0243482
112,6,30,7,45,2,02萬華區,萬華區忠孝橋往北市,0,0,2,2,C03,8,1,5,50,14,9,1,5,4,5,7,4,4,1,3,5,1,16,1,20,2,9,3,4,7,9,1,10,1,11,,,,1,22,9,121.5053476,25.0493129
112,6,30,7,45,2,02萬華區,萬華區忠孝橋往北市,0,0,2,1,C03,8,1,5,50,14,9,1,5,4,5,7,4,4,1,3,5,1,16,1,49,2,8,3,4,7,7,6,10,1,13,,,,1,22,9,121.5053476,25.0493129
112,6,30,7,49,2,11南港區,南港區南港路3段53號,0,0,1,2,C03,8,1,5,50,3,2,1,5,4,5,7,4,4,9,4,5,2,11,1,25,2,9,1,1,7,9,1,10,2,11,,44,,1,22,9,121.5893072,25.0529267
112,6,30,7,49,2,11南港區,南港區南港路3段53號,0,0,1,1,B03,8,1,5,50,3,2,1,5,4,5,7,4,4,9,4,5,2,11,1,44,3,10,1,1,7,5,1,8,2,5,,8,,1,22,9,121.5893072,25.0529267
112,6,30,7,56,2,10文山區,文山區忠順街1段26巷3弄與忠順街1段48巷口,0,0,2,1,C03,8,1,5,30,4,1,1,5,4,5,7,4,4,10,5,5,2,16,1,20,2,8,1,1,7,5,1,10,1,14,,8,,1,22,9,121.5601375,24.9836803
112,6,30,7,56,2,10文山區,文山區忠順街1段26巷3弄與忠順街1段48巷口,0,0,2,2,C03,8,1,5,30,4,1,1,5,4,5,7,4,4,10,5,5,2,16,2,34,2,8,1,1,7,9,1,10,1,12,,44,,1,22,9,121.5601375,24.9836803
112,6,30,8,5,2,10文山區,文山區忠順街1段與忠順街1段121巷口,0,0,2,1,C03,8,1,5,50,4,1,1,5,4,5,7,4,4,9,4,5,2,15,1,82,2,9,1,1,7,9,1,10,1,12,,6,,1,22,9,121.5600228,24.98419223
112,6,30,8,5,2,10文山區,文山區忠順街1段與忠順街1段121巷口,0,0,2,2,C03,8,1,5,50,4,1,1,5,4,5,7,4,4,9,4,5,2,15,1,39,3,10,1,1,7,9,1,10,1,11,,23,,1,22,9,121.5600228,24.98419223
112,6,30,8,5,2,10文山區,文山區忠順街1段與忠順街1段121巷口,0,0,2,3,H02,8,1,5,50,4,1,1,5,4,5,7,4,4,9,4,5,2,15,2,77,2,8,1,5,7,21,8,20,10,15,,67,,1,22,9,121.5600228,24.98419223
112,6,30,8,17,2,10文山區,文山區新光路1段165號,0,0,1,2,H01,8,1,5,50,14,8,1,5,4,5,7,4,4,9,4,4,2,9,2,88,2,9,4,5,8,16,8,20,10,15,,67,,1,22,9,121.5738404,24.9928008
112,6,30,8,17,2,10文山區,文山區新光路1段165號,0,0,1,1,A02,8,1,5,50,14,8,1,5,4,5,7,4,4,9,4,4,2,9,1,44,3,10,1,1,7,1,1,2,1,15,,42,,1,22,9,121.5738404,24.9928008
112,6,30,8,23,2,12內湖區,內湖區民權東路6段280巷與無名巷口,0,0,1,1,B03,8,1,5,30,3,2,1,5,4,5,7,4,4,10,5,5,2,17,2,54,3,10,1,1,7,5,1,8,1,8,,8,,1,22,9,121.6082945,25.06995516
112,6,30,8,23,2,12內湖區,內湖區民權東路6段280巷與無名巷口,0,0,1,2,C03,8,1,5,30,3,2,1,5,4,5,7,4,4,10,5,5,2,17,1,46,2,8,1,1,7,11,1,10,1,11,,10,,1,22,9,121.6082945,25.06995516
112,6,30,8,39,2,10文山區,文山區信義快速道路文山隧道,0,0,2,1,B03,8,3,5,70,14,9,1,5,4,5,7,4,4,10,3,5,2,13,1,45,3,10,1,1,7,9,1,8,1,1,,23,,1,22,9,121.58164,25.00955397
112,6,30,8,39,2,10文山區,文山區信義快速道路文山隧道,0,0,2,2,B03,8,3,5,70,14,9,1,5,4,5,7,4,4,10,3,5,2,13,1,58,2,7,1,1,7,14,1,8,1,3,,44,,1,22,9,121.58164,25.00955397
112,6,30,8,39,2,10文山區,文山區信義快速道路文山隧道,0,0,2,3,B03,8,3,5,70,14,9,1,5,4,5,7,4,4,10,3,5,2,13,1,42,3,10,1,1,7,14,1,8,1,3,,44,,1,22,9,121.58164,25.00955397
112,6,30,8,39,2,10文山區,文山區信義快速道路文山隧道,0,0,2,4,H02,8,3,5,70,14,9,1,5,4,5,7,4,4,10,3,5,2,13,2,26,2,1,1,1,7,20,8,20,10,15,,67,,1,22,9,121.58164,25.00955397
112,6,30,8,44,2,08士林區,士林區忠誠路1段忠誠公園公車站,0,0,1,1,A02,8,1,5,50,14,9,1,5,4,5,7,4,4,1,4,5,1,9,1,63,3,10,1,1,7,3,1,2,1,15,,42,,1,22,9,121.5256426,25.10397391
112,6,30,8,44,2,08士林區,士林區忠誠路1段忠誠公園公車站,0,0,1,2,H02,8,1,5,50,14,9,1,5,4,5,7,4,4,1,4,5,1,9,1,1,2,1,4,5,7,20,8,20,10,16,,67,,1,22,9,121.5256426,25.10397391
112,6,30,8,45,2,11南港區,南港區玉成街243號,0,0,2,1,C03,8,1,5,50,14,9,1,5,4,5,7,4,4,9,5,5,2,16,1,43,2,8,3,4,7,5,1,10,1,14,,44,,1,22,9,121.5863168,25.0427991
112,6,30,8,45,2,11南港區,南港區玉成街243號,0,0,2,2,C03,8,1,5,50,14,9,1,5,4,5,7,4,4,9,5,5,2,16,2,29,2,8,3,4,7,9,1,10,1,11,,1,,1,22,9,121.5863168,25.0427991
112,6,30,8,54,2,06松山區,松山區濱江街385號,0,0,2,2,C03,8,1,5,40,14,8,1,5,4,5,7,4,4,1,4,4,2,13,1,26,2,9,1,1,7,9,1,10,7,11,,23,,1,22,9,121.5535699,25.07244214
112,6,30,8,54,2,06松山區,松山區濱江街385號,0,0,2,1,C03,8,1,5,40,14,8,1,5,4,5,7,4,4,1,4,4,2,13,1,64,2,9,1,1,7,1,1,10,2,13,,19,,1,22,9,121.5535699,25.07244214
112,6,30,8,55,2,06松山區,松山區麥帥一橋機慢車道102號路燈座,0,0,2,2,C03,8,1,5,40,8,11,1,5,4,5,7,4,4,8,3,2,2,12,2,24,2,7,1,1,7,9,1,10,1,15,,44,,1,22,9,121.5713956,25.05184556
112,6,30,8,55,2,06松山區,松山區麥帥一橋機慢車道102號路燈座,0,0,2,1,C03,8,1,5,40,8,11,1,5,4,5,7,4,4,8,3,2,2,12,2,23,2,9,1,1,7,8,1,10,1,12,,7,,1,22,9,121.5713956,25.05184556
112,6,30,8,55,2,11南港區,南港區同德路83號與同德路口側附近85巷口,0,0,1,2,C03,8,1,5,50,4,1,1,5,4,5,7,2,1,4,4,5,2,12,1,26,2,9,1,1,7,9,1,10,1,11,,,,1,21,9,121.5859998,25.0460189
112,6,30,8,55,2,11南港區,南港區同德路83號與同德路口側附近85巷口,0,0,1,1,B03,8,1,5,50,4,1,1,5,4,5,7,2,1,4,4,5,2,12,2,54,3,10,1,1,7,5,1,8,1,4,,,,1,22,9,121.5859998,25.0460189
112,6,30,8,56,2,05中正區,中正區重慶北路1段與忠孝西路1段口,0,0,1,2,B01,8,1,5,50,4,2,1,5,4,5,7,1,1,10,4,5,1,13,1,57,3,10,1,1,7,14,1,4,1,7,,,,1,22,9,121.5132475,25.04754332
112,6,30,8,56,2,05中正區,中正區重慶北路1段與忠孝西路1段口,0,0,1,1,C03,8,1,5,50,4,2,1,5,4,5,7,1,1,10,4,5,1,13,1,45,2,7,1,1,7,9,1,10,1,11,,,,1,22,9,121.5132475,25.04754332
112,6,30,9,17,2,03中山區,中山區長春路110號,0,0,1,1,B03,8,1,5,40,14,8,1,5,4,5,7,4,4,5,5,4,2,9,2,45,3,10,1,1,7,9,1,8,1,2,,,,1,22,9,121.5283013,25.0548561
112,6,30,9,17,2,03中山區,中山區長春路110號,0,0,1,2,H01,8,1,5,40,14,8,1,5,4,5,7,4,4,5,5,4,2,9,1,33,2,9,4,5,8,17,8,20,10,16,,,,1,22,9,121.5283013,25.0548561
112,6,30,9,30,2,10文山區,文山區木新路3段72號,0,0,1,2,C03,8,1,5,50,3,1,1,5,4,5,7,4,4,4,3,5,2,16,1,21,2,9,1,1,7,9,1,10,1,11,,23,,1,22,9,121.5636096,24.9824129
112,6,30,9,30,2,10文山區,文山區木新路3段72號,0,0,1,1,B03,8,1,5,50,3,1,1,5,4,5,7,4,4,4,3,5,2,16,1,52,3,10,1,1,7,8,1,8,1,2,,7,,1,22,9,121.5636096,24.9824129
112,6,30,9,50,2,12內湖區,內湖區民權東路6段123巷34弄31號,0,0,1,1,C03,8,1,5,30,14,9,1,5,4,5,7,4,4,9,5,5,2,17,2,65,2,9,1,1,7,1,1,10,1,14,,19,,1,22,9,121.592351,25.07037784
112,6,30,9,50,2,12內湖區,內湖區民權東路6段123巷34弄31號,0,0,1,4,C03,8,1,5,30,14,9,1,5,4,5,7,4,4,9,5,5,2,17,3,0,4,11,3,4,7,15,7,19,11,15,,43,,2,22,9,121.592351,25.07037784
112,6,30,9,50,2,12內湖區,內湖區民權東路6段123巷34弄31號,0,0,1,3,C03,8,1,5,30,14,9,1,5,4,5,7,4,4,9,5,5,2,17,3,0,4,11,3,4,7,15,7,19,11,15,,43,,2,22,9,121.592351,25.07037784
112,6,30,9,50,2,12內湖區,內湖區民權東路6段123巷34弄31號,0,0,1,2,B03,8,1,5,30,14,9,1,5,4,5,7,4,4,9,5,5,2,17,2,70,3,10,1,1,7,9,1,8,1,2,,44,,1,22,9,121.592351,25.07037784
112,6,30,9,52,2,03中山區,中山區民生東路1段77號,0,0,1,1,B03,8,1,5,50,14,9,1,5,4,5,7,4,4,4,3,5,1,3,2,49,3,10,1,1,7,9,1,8,1,1,,,,1,22,9,121.5271863,25.05809897
112,6,30,9,52,2,03中山區,中山區民生東路1段77號,0,0,1,2,H01,8,1,5,50,14,9,1,5,4,5,7,4,4,4,3,5,1,3,1,24,2,7,4,5,8,18,8,20,10,16,,,,1,22,9,121.5271863,25.05809897
112,6,30,10,4,2,04大安區,大安區師大路126巷1-1號,0,0,1,3,H02,8,1,5,50,14,9,1,5,4,5,7,4,4,10,4,5,2,17,2,25,3,10,1,5,7,19,8,20,10,16,,56,,1,22,9,121.5279719,25.02154715
112,6,30,10,4,2,04大安區,大安區師大路126巷1-1號,0,0,1,1,B01,8,1,5,50,14,9,1,5,4,5,7,4,4,10,4,5,2,17,1,53,3,10,1,1,7,14,1,4,1,2,,38,,1,22,9,121.5279719,25.02154715
112,6,30,10,4,2,04大安區,大安區師大路126巷1-1號,0,0,1,2,C03,8,1,5,50,14,9,1,5,4,5,7,4,4,10,4,5,2,17,1,33,2,8,1,1,7,9,1,10,1,14,,16,,1,22,9,121.5279719,25.02154715
112,6,30,10,8,2,03中山區,中山區復興北路458號,0,0,1,2,C03,8,1,5,50,14,9,1,5,4,5,7,2,1,1,4,5,1,12,1,22,2,9,1,4,7,9,1,10,1,14,,,,1,22,9,121.5441924,25.06445404
112,6,30,10,8,2,03中山區,中山區復興北路458號,0,0,1,1,B03,8,1,5,50,14,9,1,5,4,5,7,2,1,1,4,5,1,12,1,66,3,10,3,4,7,8,1,8,1,6,,,,1,22,9,121.5441924,25.06445404
112,6,30,10,16,2,09北投區,北投區建民路110巷與建民路口,0,0,1,2,B03,8,1,5,30,4,1,1,5,4,5,7,4,4,10,5,5,2,15,1,42,3,10,1,1,7,9,1,8,1,5,,14,,1,22,9,121.5173432,25.1089236
112,6,30,10,16,2,09北投區,北投區建民路110巷與建民路口,0,0,1,1,C03,8,1,5,30,4,1,1,5,4,5,7,4,4,10,5,5,2,15,2,70,2,9,1,1,7,11,4,8,1,11,,6,,1,22,9,121.5173432,25.1089236
112,6,30,10,25,2,12內湖區,內湖區內湖路1段66號,0,0,1,2,B03,8,1,5,50,14,9,1,5,4,5,7,4,4,1,4,4,2,12,2,44,3,10,1,1,7,9,1,8,1,2,,23,,1,22,9,121.5620832,25.08394463
112,6,30,10,25,2,12內湖區,內湖區內湖路1段66號,0,0,1,1,C03,8,1,5,50,14,9,1,5,4,5,7,4,4,1,4,4,2,12,2,26,2,9,1,1,7,7,1,10,1,14,,7,,1,22,9,121.5620832,25.08394463
112,6,30,10,30,2,09北投區,北投區石牌路1段166巷69弄與西安街1段313巷16弄口,0,0,2,1,C03,8,1,5,30,4,1,1,5,4,5,7,4,4,10,5,5,2,17,2,58,2,8,1,1,7,9,1,10,11,11,,,,1,22,9,121.5151425,25.11312653
112,6,30,10,30,2,09北投區,北投區石牌路1段166巷69弄與西安街1段313巷16弄口,0,0,2,2,C03,8,1,5,30,4,1,1,5,4,5,7,4,4,10,5,5,2,17,1,23,2,8,1,1,7,9,1,10,11,14,,,,1,22,9,121.5151425,25.11312653
112,6,30,10,32,2,09北投區,北投區石牌路2段12號,0,0,1,1,B12,8,1,5,50,14,9,1,5,4,5,7,4,4,9,4,5,1,12,1,20,3,10,1,1,7,9,1,8,1,5,,17,,1,22,9,121.515483,25.1154064
112,6,30,10,32,2,09北投區,北投區石牌路2段12號,0,0,1,2,C04,8,1,5,50,14,9,1,5,4,5,7,4,4,9,4,5,1,12,2,80,2,8,1,1,7,9,1,11,1,14,,44,,1,22,9,121.515483,25.1154064
112,6,30,10,49,2,10文山區,文山區新光路1段與秀明路2段口口,0,0,3,3,H02,8,1,5,50,4,1,1,5,4,5,7,2,1,4,3,5,2,12,1,23,2,9,1,5,7,20,8,20,10,16,,,,1,22,9,121.5737789,24.9915996
112,6,30,10,49,2,10文山區,文山區新光路1段與秀明路2段口口,0,0,3,2,C03,8,1,5,50,4,1,1,5,4,5,7,2,1,4,3,5,2,12,1,22,2,9,1,1,7,9,1,10,2,11,,,,1,22,9,121.5737789,24.9915996
112,6,30,10,49,2,10文山區,文山區新光路1段與秀明路2段口口,0,0,3,1,C03,8,1,5,50,4,1,1,5,4,5,7,2,1,4,3,5,2,12,1,66,2,9,1,1,7,8,1,10,2,12,,,,1,22,9,121.5737789,24.9915996
112,6,30,11,5,2,03中山區,中山區中山北路3段與北安路口,0,0,1,2,C03,8,1,5,70,5,2,1,5,4,5,7,2,1,1,3,5,2,12,1,27,2,9,3,4,7,9,1,10,1,14,,17,,1,22,9,121.5272781,25.0766151
112,6,30,11,5,2,03中山區,中山區中山北路3段與北安路口,0,0,1,1,B03,8,1,5,70,5,2,1,5,4,5,7,2,1,1,3,5,2,12,1,44,3,10,3,4,7,9,1,8,1,2,,17,,1,22,9,121.5272781,25.0766151
112,6,30,11,29,2,09北投區,北投區中央北路2段與文化三路口口,0,0,1,2,,8,1,5,50,3,2,1,5,4,5,7,1,1,5,4,5,2,18,3,0,,,,,,,,,,,,,,1,,,121.4962555,25.1364305
112,6,30,11,29,2,09北投區,北投區中央北路2段與文化三路口口,0,0,1,1,C03,8,1,5,50,3,2,1,5,4,5,7,1,1,5,4,5,2,18,1,81,2,9,1,1,7,9,1,10,1,12,,,,1,22,9,121.4962555,25.1364305
112,6,30,11,49,2,05中正區,中正區承德路1段與市民大道1段口,0,0,1,1,C03,8,1,5,50,4,1,1,5,4,5,7,1,1,1,4,1,2,16,1,20,3,10,1,1,7,5,1,10,1,12,,17,,1,22,9,121.516416,25.04862627
112,6,30,11,49,2,05中正區,中正區承德路1段與市民大道1段口,0,0,1,2,C03,8,1,5,50,4,1,1,5,4,5,7,1,1,1,4,1,2,16,1,62,2,9,1,1,7,5,1,10,1,14,,17,,1,22,9,121.516416,25.04862627
112,6,30,11,51,2,05中正區,中正區金山南路1段與齊東街口,0,0,2,2,C03,8,1,5,50,5,1,1,5,4,5,7,4,4,8,4,5,2,15,1,26,2,9,1,1,7,9,1,10,2,11,,,,1,22,9,121.5296609,25.04265348
112,6,30,11,51,2,05中正區,中正區金山南路1段與齊東街口,0,0,2,1,C03,8,1,5,50,5,1,1,5,4,5,7,4,4,8,4,5,2,15,2,32,2,9,1,1,7,9,1,10,2,12,,,,1,22,9,121.5296609,25.04265348
112,6,30,11,52,2,07信義區,信義區永吉路30巷與松隆路口,0,0,1,3,B03,8,1,5,30,4,2,1,5,4,5,7,2,1,4,4,5,2,16,1,41,3,10,3,4,7,1,1,8,1,4,,44,,1,21,8,121.5687688,25.0441377
112,6,30,11,52,2,07信義區,信義區永吉路30巷與松隆路口,0,0,1,2,B02,8,1,5,30,4,2,1,5,4,5,7,2,1,4,4,5,2,16,1,52,3,10,3,4,7,9,1,8,1,4,,44,,1,21,8,121.5687688,25.0441377
112,6,30,11,52,2,07信義區,信義區永吉路30巷與松隆路口,0,0,1,4,H02,8,1,5,30,4,2,1,5,4,5,7,2,1,4,4,5,2,16,2,15,3,10,1,4,7,17,8,20,10,16,,67,,1,21,8,121.5687688,25.0441377
112,6,30,11,52,2,07信義區,信義區永吉路30巷與松隆路口,0,0,1,1,C03,8,1,5,30,4,2,1,5,4,5,7,2,1,4,4,5,2,16,2,44,2,9,1,1,7,8,1,10,1,12,,7,,1,21,8,121.5687688,25.0441377
112,6,30,12,15,2,04大安區,大安區忠孝東路4段250號前,0,0,1,1,F02,8,1,5,30,13,9,1,5,4,3,5,4,4,10,5,5,1,3,1,45,3,10,1,1,7,9,8,20,1,16,,23,,1,22,9,121.5540869,25.0411129
112,6,30,12,15,2,04大安區,大安區忠孝東路4段250號前,0,0,1,2,H01,8,1,5,30,13,9,1,5,4,3,5,4,4,10,5,5,1,3,2,76,2,9,4,5,8,16,8,20,10,16,,51,,1,22,9,121.5540869,25.0411129
112,6,30,12,16,2,06松山區,松山區松河街168號,0,0,1,1,F01,8,1,5,40,14,9,1,4,4,5,7,2,1,5,5,5,2,17,2,54,3,10,3,4,7,9,8,20,2,16,,42,,1,22,9,121.5765933,25.05138917
112,6,30,12,16,2,06松山區,松山區松河街168號,0,0,1,2,C03,8,1,5,40,14,9,1,4,4,5,7,2,1,5,5,5,2,17,2,40,2,9,3,4,7,9,1,10,2,12,,23,,1,22,9,121.5765933,25.05138917
112,6,30,12,42,2,12內湖區,內湖區陽光街321巷1號,0,0,1,3,B12,8,1,5,50,14,9,1,5,4,5,7,4,4,9,5,5,2,16,1,52,3,10,3,4,7,13,1,8,9,15,,,,1,22,9,121.5787988,25.07308244
112,6,30,12,42,2,12內湖區,內湖區陽光街321巷1號,0,0,1,2,C03,8,1,5,50,14,9,1,5,4,5,7,4,4,9,5,5,2,16,1,35,2,9,1,1,7,9,1,10,1,12,,,,1,22,9,121.5787988,25.07308244
112,6,30,12,42,2,12內湖區,內湖區陽光街321巷1號,0,0,1,1,B01,8,1,5,50,14,9,1,5,4,5,7,4,4,9,5,5,2,16,1,54,3,10,1,1,7,5,1,4,1,1,,,,1,22,9,121.5787988,25.07308244
112,6,30,13,10,2,03中山區,中山區建國北路2段與民生東路3段口,0,0,1,2,C03,8,1,5,50,4,1,1,5,4,5,7,2,1,1,4,5,2,16,1,56,2,9,1,4,7,21,1,10,2,14,,44,,1,22,9,121.5372308,25.05775738
112,6,30,13,10,2,03中山區,中山區建國北路2段與民生東路3段口,0,0,1,1,B03,8,1,5,50,4,1,1,5,4,5,7,2,1,1,4,5,2,16,1,63,3,10,3,4,7,6,1,8,2,5,,9,,1,22,9,121.5372308,25.05775738
112,6,30,13,18,2,05中正區,中正區信義路1段1號,0,0,3,2,C03,8,1,5,40,14,8,1,5,4,5,7,4,4,1,4,1,2,16,2,52,2,7,1,1,7,9,1,10,1,11,,,,1,22,9,121.5194075,25.03804235
112,6,30,13,18,2,05中正區,中正區信義路1段1號,0,0,3,1,C03,8,1,5,40,14,8,1,5,4,5,7,4,4,1,4,1,2,16,1,18,2,7,1,1,7,5,1,10,1,14,,,,1,22,9,121.5194075,25.03804235
112,6,30,13,18,2,05中正區,中正區信義路1段1號,0,0,3,3,H02,8,1,5,40,14,8,1,5,4,5,7,4,4,1,4,1,2,16,2,16,2,7,1,5,7,20,8,20,10,16,,,,1,22,9,121.5194075,25.03804235
112,6,30,14,6,2,12內湖區,內湖區東湖路119巷與東湖路口口,0,0,2,1,C03,6,3,5,50,4,2,1,4,4,5,7,1,1,8,3,5,1,13,1,57,2,8,1,1,7,1,1,10,2,14,,19,,1,21,9,121.6163127,25.06818814
112,6,30,14,6,2,12內湖區,內湖區東湖路119巷與東湖路口口,0,0,2,2,C03,6,3,5,50,4,2,1,4,4,5,7,1,1,8,3,5,1,13,1,44,2,9,1,1,7,9,1,10,2,12,,23,,1,21,9,121.6163127,25.06818814
112,6,30,14,40,2,12內湖區,內湖區民權東路6段與民權東路6段90巷口,0,0,1,1,C03,6,1,5,50,3,1,1,4,4,4,7,1,1,1,5,5,2,17,1,22,2,8,1,1,7,9,1,10,1,11,,23,,1,22,9,121.5859938,25.06886938
112,6,30,14,40,2,12內湖區,內湖區民權東路6段與民權東路6段90巷口,0,0,1,2,B01,6,1,5,50,3,1,1,4,4,4,7,1,1,1,5,5,2,17,1,56,3,10,1,1,7,9,1,10,1,5,,44,,1,22,9,121.5859938,25.06886938
112,6,30,14,40,2,12內湖區,內湖區民權東路6段與民權東路6段90巷口,0,0,1,3,,6,1,5,50,3,1,1,4,4,4,7,1,1,1,5,5,2,17,3,0,,,,,,,,,,,,67,,1,,,121.5859938,25.06886938
112,6,30,14,59,2,05中正區,中正區忠孝東路1段與杭州南路1段口,0,0,1,1,C03,6,1,5,50,4,1,1,4,4,5,6,1,1,10,4,5,2,12,1,23,2,8,1,4,7,5,1,10,1,14,,8,,1,22,9,121.5268212,25.04399302
112,6,30,14,59,2,05中正區,中正區忠孝東路1段與杭州南路1段口,0,0,1,2,B03,6,1,5,50,4,1,1,4,4,5,6,1,1,10,4,5,2,12,1,48,3,10,1,4,7,9,1,8,1,2,,44,,1,22,9,121.5268212,25.04399302
112,6,30,15,8,2,07信義區,信義區基隆路2段179號,0,0,1,1,C03,6,1,5,50,14,9,1,4,4,5,7,4,4,3,4,5,2,13,1,18,2,8,1,1,7,7,1,10,1,11,,23,,1,22,9,121.5538218,25.0254508
112,6,30,15,8,2,07信義區,信義區基隆路2段179號,0,0,1,2,B01,6,1,5,50,14,9,1,4,4,5,7,4,4,3,4,5,2,13,1,44,3,10,1,1,7,9,1,4,1,3,,44,,1,22,9,121.5538218,25.0254508
112,6,30,15,23,2,02萬華區,萬華區西園路2段372巷與興義街口,0,0,1,3,F01,6,1,5,30,4,1,5,4,4,5,7,4,4,10,5,5,2,15,2,67,2,8,3,1,7,9,8,20,1,16,,44,,1,22,9,121.49074,25.0257971
112,6,30,15,23,2,02萬華區,萬華區西園路2段372巷與興義街口,0,0,1,2,B03,6,1,5,30,4,1,5,4,4,5,7,4,4,10,5,5,2,15,2,45,3,10,1,1,7,9,1,8,1,1,,44,,1,22,9,121.49074,25.0257971
112,6,30,15,23,2,02萬華區,萬華區西園路2段372巷與興義街口,0,0,1,1,B02,6,1,5,30,4,1,5,4,4,5,7,4,4,10,5,5,2,15,1,34,3,10,1,1,7,9,1,8,1,5,,6,,1,22,9,121.49074,25.0257971
112,6,30,15,35,2,07信義區,信義區信義路6段與松山路口,0,0,1,1,B03,6,1,5,50,4,2,1,4,4,5,7,1,1,4,3,5,1,12,1,34,3,10,3,4,7,8,1,8,1,5,,7,,1,22,9,121.5783578,25.0361764
112,6,30,15,35,2,07信義區,信義區信義路6段與松山路口,0,0,1,2,C03,6,1,5,50,4,2,1,4,4,5,7,1,1,4,3,5,1,12,1,36,2,8,1,1,7,9,1,10,1,14,,44,,1,22,9,121.5783578,25.0361764
112,6,30,15,42,2,03中山區,中山區松江路301號,0,0,1,1,B01,6,1,5,50,14,9,1,4,4,5,7,4,4,1,4,5,1,12,1,48,3,10,3,4,7,9,1,4,1,2,,44,,1,22,9,121.5332695,25.06123763
112,6,30,15,42,2,03中山區,中山區松江路301號,0,0,1,2,C03,6,1,5,50,14,9,1,4,4,5,7,4,4,1,4,5,1,12,1,24,2,9,1,4,7,7,3,18,1,14,,7,,1,22,9,121.5332695,25.06123763
112,6,30,16,10,2,02萬華區,萬華區廣州街與梧州街口,0,0,1,2,H01,8,1,5,50,4,2,1,4,4,5,7,4,4,9,4,5,1,2,1,31,2,7,4,5,8,16,8,20,10,16,,67,,1,22,9,121.4977965,25.0367225
112,6,30,16,10,2,02萬華區,萬華區廣州街與梧州街口,0,0,1,1,B03,8,1,5,50,4,2,1,4,4,5,7,4,4,9,4,5,1,2,1,67,4,11,3,4,7,15,7,19,9,15,,25,,2,22,9,121.4977965,25.0367225
112,6,30,16,15,2,09北投區,北投區立賢路107號對面,0,0,1,1,B12,8,1,5,50,14,9,1,4,4,5,7,3,1,1,4,5,2,17,1,55,3,10,1,1,7,6,1,8,2,4,,,,1,22,9,121.5022488,25.11429504
112,6,30,16,15,2,09北投區,北投區立賢路107號對面,0,0,1,2,C03,8,1,5,50,14,9,1,4,4,5,7,3,1,1,4,5,2,17,1,22,2,5,1,1,7,9,1,10,2,11,,,,1,22,9,121.5022488,25.11429504
112,6,30,16,38,2,02萬華區,萬華區環河南路2段與雙園街口,0,0,1,2,C02,6,1,5,50,5,1,1,4,4,5,7,1,1,1,5,5,2,17,1,31,2,9,1,1,7,15,1,9,1,11,,44,,1,22,9,121.4913754,25.0321214
112,6,30,16,38,2,02萬華區,萬華區環河南路2段與雙園街口,0,0,1,1,B03,6,1,5,50,5,1,1,4,4,5,7,1,1,1,5,5,2,17,1,28,3,10,1,1,7,7,6,8,1,5,,6,,1,22,9,121.4913754,25.0321214
112,6,30,16,54,2,09北投區,北投區大度路3段與關渡路口,0,0,1,2,C03,6,1,5,50,3,1,1,4,4,5,7,1,1,1,4,5,2,16,1,50,2,9,1,1,7,9,1,10,1,11,,44,,1,22,9,121.4694963,25.12289877
112,6,30,16,54,2,09北投區,北投區大度路3段與關渡路口,0,0,1,1,B03,6,1,5,50,3,1,1,4,4,5,7,1,1,1,4,5,2,16,2,22,3,10,1,1,7,6,1,8,1,6,,6,,1,22,9,121.4694963,25.12289877
112,6,30,17,10,2,03中山區,中山區民權東路2段124號,0,0,1,2,B03,6,1,5,50,14,9,1,4,4,5,7,4,4,1,4,5,2,12,1,63,3,10,3,4,7,9,1,8,2,5,,44,,1,22,9,121.5326403,25.06248982
112,6,30,17,10,2,03中山區,中山區民權東路2段124號,0,0,1,1,C03,6,1,5,50,14,9,1,4,4,5,7,4,4,1,4,5,2,12,2,49,2,9,1,4,7,7,1,10,2,14,,42,,1,22,9,121.5326403,25.06248982
112,6,30,17,23,2,01大同區,大同區重慶北路2段北往南(太平國小旁),0,0,1,2,C03,6,1,5,50,14,9,1,4,4,5,7,4,4,1,4,5,1,12,2,24,2,9,1,1,7,9,1,10,1,14,,17,,1,22,9,121.5134622,25.06146876
112,6,30,17,23,2,01大同區,大同區重慶北路2段北往南(太平國小旁),0,0,1,1,B12,6,1,5,50,14,9,1,4,4,5,7,4,4,1,4,5,1,12,1,20,3,10,1,1,7,8,1,8,1,2,,7,,1,22,9,121.5134622,25.06146876
112,6,30,17,28,2,03中山區,中山區北安路305號,0,0,1,1,B03,6,1,5,50,14,9,1,4,4,5,7,4,4,1,3,5,1,12,1,29,3,10,1,1,7,8,3,18,1,2,,7,,1,22,9,121.5380641,25.07785415