發生年度,發生月,發生日,發生時-Hours,發生分,處理別-編號,區序,肇事地點,死亡人數,2-30日死亡人數,受傷人數,當事人序號,車種,天候,光線,道路類別,速限-速度限制,道路型態,事故位置,路面狀況1,路面狀況2,路面狀況3,道路障礙1,道路障礙2,號誌1,號誌2,車道劃分-分向,車道劃分-分道1,車道劃分-分道2,車道劃分-分道3,事故類型及型態,性別,年齡,受傷程度,主要傷處,保護裝置,行動電話,車輛用途,當事者行動狀態,駕駛資格情形,駕駛執照種類,飲酒情形,車輛撞擊部位1,車輛撞擊部位2,肇因碼-個別,肇因碼-主要,個人肇逃否,職業,旅次目的,座標-X,座標-Y
112,6,30,17,28,2,03中山區,中山區北安路305號,0,0,1,2,C03,6,1,5,50,14,9,1,4,4,5,7,4,4,1,3,5,1,12,1,37,2,8,1,1,7,9,1,10,1,12,,42,,1,22,9,121.5380641,25.07785415
112,6,30,17,43,2,04大安區,大安區新生南路2段與信義路2段口,0,0,2,1,C03,6,1,5,50,14,9,1,4,4,5,7,2,1,1,4,5,2,13,1,28,2,9,1,1,7,9,1,10,1,15,,16,,1,21,8,121.5323706,25.03355582
112,6,30,17,43,2,04大安區,大安區新生南路2段與信義路2段口,0,0,2,2,C03,6,1,5,50,14,9,1,4,4,5,7,2,1,1,4,5,2,13,1,58,2,5,1,1,7,12,1,10,1,13,,44,,1,21,8,121.5323706,25.03355582
112,6,30,18,5,2,06松山區,松山區民生東路5段63號,0,0,1,2,C04,6,1,5,50,14,9,1,4,4,5,7,4,4,1,4,5,2,17,1,32,2,7,1,1,7,9,1,10,1,12,,17,,1,22,9,121.5602697,25.05869423
112,6,30,18,5,2,06松山區,松山區民生東路5段63號,0,0,1,1,B02,6,1,5,50,14,9,1,4,4,5,7,4,4,1,4,5,2,17,1,46,3,10,1,1,7,1,1,8,1,15,,19,,1,22,9,121.5602697,25.05869423
112,6,30,18,10,2,03中山區,中山區民權西路65號,0,0,1,1,C03,7,1,5,50,14,9,1,4,4,5,7,1,1,9,4,5,2,12,1,38,2,9,1,1,7,9,1,10,1,13,,13,,1,22,9,121.5195697,25.0629339
112,6,30,18,10,2,03中山區,中山區民權西路65號,0,0,1,2,B03,7,1,5,50,14,9,1,4,4,5,7,1,1,9,4,5,2,12,1,48,3,10,1,1,7,9,1,8,1,5,,44,,1,22,9,121.5195697,25.0629339
112,6,30,18,12,2,10文山區,文山區辛亥路4段246號,0,0,1,1,B03,6,3,5,50,14,9,1,4,4,5,7,4,4,3,4,5,2,12,1,23,3,10,1,1,7,8,1,8,1,6,,44,,1,22,9,121.5549673,25.00157748
112,6,30,18,12,2,10文山區,文山區辛亥路4段246號,0,0,1,2,C03,6,3,5,50,14,9,1,4,4,5,7,4,4,3,4,5,2,12,1,23,2,9,1,1,7,9,1,10,1,14,,23,,1,22,9,121.5549673,25.00157748
112,6,30,18,25,2,11南港區,南港區市民大道7段與中坡北路口,0,0,1,1,B03,8,3,5,50,4,2,1,5,4,5,7,2,1,9,5,5,2,13,1,18,3,10,3,4,7,9,1,8,1,1,,,,1,22,9,121.5802728,25.04951525
112,6,30,18,25,2,11南港區,南港區市民大道7段與中坡北路口,0,0,1,2,C03,8,3,5,50,4,2,1,5,4,5,7,2,1,9,5,5,2,13,2,35,2,9,1,1,7,9,3,18,1,13,,,,1,22,9,121.5802728,25.04951525
112,6,30,18,26,2,12內湖區,內湖區文德路82號,0,0,1,1,B12,6,3,5,50,14,7,1,4,4,5,7,4,4,1,4,4,1,12,1,63,3,10,1,1,7,9,1,8,1,2,,,,1,22,9,121.581971,25.078179
112,6,30,18,26,2,12內湖區,內湖區文德路82號,0,0,1,2,C03,6,3,5,50,14,7,1,4,4,5,7,4,4,1,4,4,1,12,2,22,2,9,1,1,7,9,1,10,1,14,,,,1,22,9,121.581971,25.078179
112,6,30,18,26,2,12內湖區,內湖區文德路82號,0,0,1,3,B03,6,3,5,50,14,7,1,4,4,5,7,4,4,1,4,4,1,12,1,29,3,10,1,1,7,21,1,8,11,15,,,,1,22,9,121.581971,25.078179
112,6,30,18,31,2,01大同區,大同區重慶北路3段與民權西路口,0,0,1,2,H02,8,3,5,0,14,10,1,5,4,5,7,4,4,9,5,5,2,9,2,29,2,6,4,1,7,20,8,20,10,15,,,,1,22,9,121.5136052,25.06342386
112,6,30,18,31,2,01大同區,大同區重慶北路3段與民權西路口,0,0,1,1,A03,8,3,5,0,14,10,1,5,4,5,7,4,4,9,5,5,2,9,1,59,4,11,3,4,7,15,7,19,9,15,,,,2,22,9,121.5136052,25.06342386
112,6,30,18,45,2,03中山區,中山區建國南路1段與市民大道3段口,0,0,1,1,B03,6,3,5,50,4,3,1,4,4,5,7,2,1,4,3,5,2,17,1,64,3,10,3,4,7,1,1,4,1,1,,23,,1,22,9,121.5363894,25.04489744
112,6,30,18,45,2,03中山區,中山區建國南路1段與市民大道3段口,0,0,1,2,C03,6,3,5,50,4,3,1,4,4,5,7,2,1,4,3,5,2,17,2,20,2,9,3,4,7,1,1,10,1,13,,44,,1,22,9,121.5363894,25.04489744
112,6,30,19,12,2,06松山區,松山區八德路2段與敦化北路口,0,0,1,1,B01,6,3,5,50,4,1,1,4,4,5,7,2,1,1,4,5,2,17,1,58,3,10,1,1,7,9,1,4,1,5,,23,,1,22,9,121.5486084,25.04820695
112,6,30,19,12,2,06松山區,松山區八德路2段與敦化北路口,0,0,1,2,B03,6,3,5,50,4,1,1,4,4,5,7,2,1,1,4,5,2,17,2,38,2,2,1,1,7,9,1,8,1,7,,17,,1,22,9,121.5486084,25.04820695
112,6,30,19,17,2,10文山區,文山區興隆路4段90號,0,0,1,1,C03,6,3,5,50,14,9,1,4,4,5,7,4,4,1,4,5,2,17,1,54,3,10,1,1,7,7,1,10,1,15,,7,,1,22,9,121.5620174,24.98355486
112,6,30,19,17,2,10文山區,文山區興隆路4段90號,0,0,1,2,C03,6,3,5,50,14,9,1,4,4,5,7,4,4,1,4,5,2,17,2,21,2,9,1,1,7,9,1,10,1,15,,23,,1,22,9,121.5620174,24.98355486
112,6,30,19,37,2,07信義區,信義區忠孝東路4段560號,0,0,1,1,C03,7,3,5,50,14,9,1,5,4,5,7,4,4,10,4,5,2,13,1,24,2,9,1,1,7,9,1,10,1,11,,16,,1,22,9,121.5640104,25.0410945
112,6,30,19,37,2,07信義區,信義區忠孝東路4段560號,0,0,1,2,B01,7,3,5,50,14,9,1,5,4,5,7,4,4,10,4,5,2,13,1,56,3,10,1,1,7,14,1,4,1,7,,44,,1,22,9,121.5640104,25.0410945
112,6,30,19,37,2,07信義區,信義區忠孝東路4段560號,0,0,1,3,B01,7,3,5,50,14,9,1,5,4,5,7,4,4,10,4,5,2,13,2,49,3,10,1,1,7,14,1,4,1,2,,44,,1,22,9,121.5640104,25.0410945
112,6,30,19,50,2,07信義區,信義區忠孝東路4段與光復南路口,0,0,2,1,C03,6,3,5,50,14,9,1,4,4,4,7,4,4,10,4,5,2,13,1,42,2,8,1,1,7,8,1,10,1,11,,23,,1,22,9,121.5580761,25.04142819
112,6,30,19,50,2,07信義區,信義區忠孝東路4段與光復南路口,0,0,2,2,C03,6,3,5,50,14,9,1,4,4,4,7,4,4,10,4,5,2,13,1,48,2,8,1,1,7,9,1,10,1,13,,44,,1,22,9,121.5580761,25.04142819
112,6,30,20,10,2,03中山區,中山區濱江街283號,0,0,1,2,,6,3,5,50,14,9,1,4,4,5,7,4,4,1,4,5,2,18,3,0,,,,,,,,,,,,67,,1,,,121.5434671,25.07249159
112,6,30,20,10,2,03中山區,中山區濱江街283號,0,0,1,1,C03,6,3,5,50,14,9,1,4,4,5,7,4,4,1,4,5,2,18,1,58,2,9,1,1,7,9,1,10,1,12,,42,,1,22,9,121.5434671,25.07249159
112,6,30,20,25,2,05中正區,中正區南海路與重慶南路2段口,0,0,1,2,B03,7,3,5,30,4,1,1,5,4,5,7,1,1,10,4,5,2,12,1,50,3,10,1,1,7,9,1,8,1,5,,26,,1,21,8,121.514461,25.0318854
112,6,30,20,25,2,05中正區,中正區南海路與重慶南路2段口,0,0,1,1,C03,7,3,5,30,4,1,1,5,4,5,7,1,1,10,4,5,2,12,2,30,2,9,1,1,7,5,1,10,1,14,,44,,1,21,8,121.514461,25.0318854
112,6,30,20,34,2,05中正區,中正區辛亥路1段迴轉道口,0,0,1,1,E05,8,3,5,50,11,6,1,4,4,5,4,4,4,3,4,4,2,3,1,43,3,10,3,4,7,11,1,1,2,8,,,,1,22,9,121.5285545,25.0189198
112,6,30,20,34,2,05中正區,中正區辛亥路1段迴轉道口,0,0,1,2,H01,8,3,5,50,11,6,1,4,4,5,4,4,4,3,4,4,2,3,1,58,2,8,4,5,8,16,8,20,10,16,,,,1,22,9,121.5285545,25.0189198
112,6,30,20,41,2,05中正區,中正區惠安街25號,0,0,1,2,F01,8,3,5,30,3,1,1,5,4,5,7,4,4,10,5,5,2,17,1,16,2,9,2,1,7,5,8,20,1,15,,,,1,21,8,121.506798,25.02939479
112,6,30,20,41,2,05中正區,中正區惠安街25號,0,0,1,1,B03,8,3,5,30,3,1,1,5,4,5,7,4,4,10,5,5,2,17,1,35,3,10,1,1,7,9,1,8,1,5,,,,1,21,8,121.506798,25.02939479
112,6,30,20,51,2,03中山區,中山區建國北路2段與錦州街口,0,0,2,3,H02,8,3,5,50,4,2,1,5,4,5,7,1,1,5,5,5,2,16,2,26,2,8,1,5,7,20,8,20,1,16,,67,,1,22,9,121.5367298,25.060287
112,6,30,20,51,2,03中山區,中山區建國北路2段與錦州街口,0,0,2,2,B01,8,3,5,50,4,2,1,5,4,5,7,1,1,5,5,5,2,16,1,34,3,10,3,4,7,9,1,4,1,5,,23,,1,22,9,121.5367298,25.060287
112,6,30,20,51,2,03中山區,中山區建國北路2段與錦州街口,0,0,2,1,C03,8,3,5,50,4,2,1,5,4,5,7,1,1,5,5,5,2,16,2,29,2,8,1,4,7,5,1,10,1,13,,8,,1,22,9,121.5367298,25.060287
112,6,30,21,0,2,11南港區,南港區南港路3段15號,0,0,1,1,B01,8,5,5,50,14,9,1,5,4,5,13,4,4,10,5,5,2,16,1,55,3,10,3,4,7,11,1,4,2,7,,10,,1,22,9,121.5915831,25.05394965
112,6,30,21,0,2,11南港區,南港區南港路3段15號,0,0,1,2,C03,8,5,5,50,14,9,1,5,4,5,13,4,4,10,5,5,2,16,1,23,2,9,3,4,7,9,1,10,2,11,,13,,1,22,9,121.5915831,25.05394965
112,6,30,21,19,2,07信義區,信義區松仁路246號,0,0,2,3,H02,7,3,5,50,14,9,1,5,4,5,7,4,4,9,5,5,2,13,2,52,2,9,1,1,7,20,8,20,10,16,,67,,1,22,9,121.5695127,25.0246581
112,6,30,21,19,2,07信義區,信義區松仁路246號,0,0,2,2,C02,7,3,5,50,14,9,1,5,4,5,7,4,4,9,5,5,2,13,1,29,2,9,1,1,7,14,1,9,1,13,,44,,1,22,9,121.5695127,25.0246581
112,6,30,21,19,2,07信義區,信義區松仁路246號,0,0,2,1,B03,7,3,5,50,14,9,1,5,4,5,7,4,4,9,5,5,2,13,1,45,3,10,1,1,7,9,1,8,1,1,,23,,1,22,9,121.5695127,25.0246581
112,6,30,22,11,2,03中山區,中山區中山北路4段圓山飯店上坡口,0,0,1,2,H01,8,3,5,50,14,9,1,5,4,5,7,1,1,1,5,5,2,3,2,62,2,9,4,5,8,16,8,20,1,16,,51,,1,22,9,121.5261109,25.07467394
112,6,30,22,11,2,03中山區,中山區中山北路4段圓山飯店上坡口,0,0,1,1,A02,8,3,5,50,14,9,1,5,4,5,7,1,1,1,5,5,2,3,1,59,3,10,3,4,7,9,1,2,2,1,,23,,1,22,9,121.5261109,25.07467394
112,6,30,22,18,2,04大安區,大安區辛亥路2段與溫州街口,0,0,1,1,B03,8,3,5,50,4,2,1,5,4,5,7,1,1,1,4,1,2,3,1,37,3,10,1,3,7,9,1,8,2,1,,15,,1,22,9,121.5331781,25.0221903
112,6,30,22,18,2,04大安區,大安區辛亥路2段與溫州街口,0,0,1,2,H01,8,3,5,50,4,2,1,5,4,5,7,1,1,1,4,1,2,3,2,82,2,9,4,5,8,16,8,20,10,16,,52,,1,22,9,121.5331781,25.0221903
112,6,30,22,46,2,07信義區,信義區信安街與崇德街口,0,0,1,1,B01,7,3,5,50,4,1,1,5,4,5,7,1,1,4,5,5,1,11,1,50,3,10,3,4,7,5,1,3,1,5,,6,,1,21,8,121.5557617,25.0240492
112,6,30,22,46,2,07信義區,信義區信安街與崇德街口,0,0,1,2,C03,7,3,5,50,4,1,1,5,4,5,7,1,1,4,5,5,1,11,2,18,2,8,1,1,7,9,1,10,1,11,,44,,1,21,8,121.5557617,25.0240492
112,6,30,23,9,2,04大安區,大安區仁愛路3段與建國南路1段口,0,0,1,1,B03,8,3,5,40,4,1,1,5,4,5,7,1,1,10,5,5,2,16,2,62,3,10,1,1,7,6,1,8,1,5,,25,,1,22,9,121.537611,25.0379305
112,6,30,23,9,2,04大安區,大安區仁愛路3段與建國南路1段口,0,0,1,2,C03,8,3,5,40,4,1,1,5,4,5,7,1,1,10,5,5,2,16,1,24,2,9,1,1,7,9,1,9,1,14,,44,,1,22,9,121.537611,25.0379305
112,6,30,23,9,2,04大安區,大安區仁愛路3段與建國南路1段口,0,0,1,3,,8,3,5,40,4,1,1,5,4,5,7,1,1,10,5,5,2,16,3,0,,,,,,,,,,,,67,,1,,,121.537611,25.0379305
112,7,1,0,0,2,10文山區,文山區木柵路1段與辛亥路7段口口,0,0,2,1,B03,8,5,5,50,4,1,1,5,4,5,13,1,1,5,4,5,2,16,1,24,2,9,3,1,7,6,1,8,2,2,,14,,1,22,,121.5523834,24.98776018
112,7,1,0,0,2,10文山區,文山區木柵路1段與辛亥路7段口口,0,0,2,2,C03,8,5,5,50,4,1,1,5,4,5,13,1,1,5,4,5,2,16,1,21,2,9,5,1,7,9,3,18,2,11,,,,1,22,,121.5523834,24.98776018
112,7,1,0,0,2,10文山區,文山區木柵路1段與辛亥路7段口口,0,0,2,3,B03,8,5,5,50,4,1,1,5,4,5,13,1,1,5,4,5,2,16,1,41,3,10,3,1,7,14,1,8,1,8,,,,1,22,,121.5523834,24.98776018
112,7,1,0,29,2,10文山區,文山區木柵路1段與辛亥路7段口,0,0,1,1,C03,8,5,5,50,4,2,1,5,4,5,13,1,1,5,4,5,2,17,1,66,2,9,5,1,7,9,1,10,1,12,,42,,1,21,,121.5524657,24.9877964
112,7,1,0,29,2,10文山區,文山區木柵路1段與辛亥路7段口,0,0,1,2,E03,8,5,5,50,4,2,1,5,4,5,13,1,1,5,4,5,2,17,1,39,3,10,2,1,7,13,1,8,2,7,,44,,1,23,,121.5524657,24.9877964
112,7,1,0,44,2,05中正區,中正區市民大道2段與天津街口,0,0,1,1,A05,7,5,5,40,4,1,1,5,4,5,13,1,1,1,4,5,2,16,1,56,3,10,7,4,7,15,1,2,5,8,,81,,1,21,,121.5223404,25.04781941
112,7,1,0,44,2,05中正區,中正區市民大道2段與天津街口,0,0,1,2,C03,7,5,5,40,4,1,1,5,4,5,13,1,1,1,4,5,2,16,1,29,2,7,6,4,7,9,6,10,2,17,,44,,1,21,,121.5223404,25.04781941
112,7,1,1,0,2,01大同區,大同區民權西路與民權西路133巷口,0,0,1,1,B03,7,5,5,50,3,4,1,5,4,5,13,2,1,1,4,5,2,13,1,45,3,10,3,4,7,9,1,8,1,1,,108,,1,22,,121.5169112,25.0630227
112,7,1,1,0,2,01大同區,大同區民權西路與民權西路133巷口,0,0,1,2,C03,7,5,5,50,3,4,1,5,4,5,13,2,1,1,4,5,2,13,1,22,2,9,6,4,7,14,1,10,1,13,,44,,1,22,,121.5169112,25.0630227
112,7,1,2,50,2,02萬華區,萬華區和平西路3段236號,0,1,0,1,B01,8,5,5,40,14,9,1,5,4,5,13,4,4,1,4,5,2,17,1,58,3,10,7,4,7,9,1,4,2,1,,13,,1,21,,121.4960827,25.03533428
112,7,1,2,50,2,02萬華區,萬華區和平西路3段236號,0,1,0,3,B03,8,5,5,40,14,9,1,5,4,5,13,4,4,1,4,5,2,17,1,47,3,10,7,4,7,13,1,8,1,3,,44,,1,21,,121.4960827,25.03533428
112,7,1,2,50,2,02萬華區,萬華區和平西路3段236號,0,1,0,2,F01,8,5,5,40,14,9,1,5,4,5,13,4,4,1,4,5,2,17,1,79,5,1,4,4,7,11,8,20,1,13,,99,,1,22,,121.4960827,25.03533428
112,7,1,7,20,2,10文山區,文山區木新路2段238號,0,0,2,3,H02,8,5,5,50,14,9,1,5,4,5,13,1,1,4,5,5,2,16,2,69,2,7,5,5,7,20,8,20,10,17,,67,,1,22,,121.5667284,24.9833588
112,7,1,7,20,2,10文山區,文山區木新路2段238號,0,0,2,1,C03,8,5,5,50,14,9,1,5,4,5,13,1,1,4,5,5,2,16,1,72,3,10,5,1,7,11,1,10,2,12,,10,,1,22,,121.5667284,24.9833588
112,7,1,7,20,2,10文山區,文山區木新路2段238號,0,0,2,2,C03,8,5,5,50,14,9,1,5,4,5,13,1,1,4,5,5,2,16,1,68,2,9,5,1,7,9,1,10,2,14,,44,,1,22,,121.5667284,24.9833588
112,7,1,7,35,2,12內湖區,內湖區內湖路1段西向東，北勢湖環保公園前,0,0,2,2,C03,8,6,5,50,14,7,1,5,4,5,13,4,4,1,4,4,2,17,1,31,2,9,5,1,7,12,1,10,2,14,,44,,1,21,,121.5614475,25.08421117
112,7,1,7,35,2,12內湖區,內湖區內湖路1段西向東，北勢湖環保公園前,0,0,2,3,A04,8,6,5,50,14,7,1,5,4,5,13,4,4,1,4,4,2,17,1,54,3,10,7,1,7,7,1,2,2,17,,100,,1,21,,121.5614475,25.08421117
112,7,1,7,35,2,12內湖區,內湖區內湖路1段西向東，北勢湖環保公園前,0,0,2,1,C03,8,6,5,50,14,7,1,5,4,5,13,4,4,1,4,4,2,17,1,23,2,9,5,1,7,12,1,10,2,14,,13,,1,21,,121.5614475,25.08421117
112,7,1,7,55,2,04大安區,大安區通化街與通化街39巷口,0,0,1,1,B12,8,7,5,30,4,2,1,5,4,5,13,4,4,10,4,5,2,3,1,39,3,10,3,1,7,11,1,8,2,8,,10,,1,22,,121.5542411,25.03085461
112,7,1,7,55,2,04大安區,大安區通化街與通化街39巷口,0,0,1,2,H01,8,7,5,30,4,2,1,5,4,5,13,4,4,10,4,5,2,3,1,94,2,9,4,5,8,16,8,20,10,16,,67,,1,22,,121.5542411,25.03085461
112,7,1,8,37,2,12內湖區,內湖區瑞光路216號,0,0,2,1,C03,8,6,5,50,14,9,1,5,4,5,13,4,4,5,4,5,2,12,2,52,2,9,5,1,7,7,1,10,1,12,,100,,1,22,,121.5762368,25.0755444
112,7,1,8,37,2,12內湖區,內湖區瑞光路216號,0,0,2,2,C03,8,6,5,50,14,9,1,5,4,5,13,4,4,5,4,5,2,12,1,31,2,9,6,1,7,9,1,10,1,14,,44,,1,22,,121.5762368,25.0755444
112,7,1,9,9,2,05中正區,中正區中華路1段與忠孝西路1段口,0,0,2,1,B12,8,7,5,50,5,2,1,5,4,5,13,1,1,1,3,1,2,13,1,25,2,9,7,4,7,7,1,8,2,1,,107,,1,21,,121.5102798,25.04791103
112,7,1,9,9,2,05中正區,中正區中華路1段與忠孝西路1段口,0,0,2,2,A02,8,7,5,50,5,2,1,5,4,5,13,1,1,1,3,1,2,13,1,54,3,10,7,1,7,14,1,2,2,3,,44,,1,21,,121.5102798,25.04791103
112,7,1,9,9,2,05中正區,中正區中華路1段與忠孝西路1段口,0,0,2,3,H02,8,7,5,50,5,2,1,5,4,5,13,1,1,1,3,1,2,13,2,64,2,7,7,5,7,20,8,20,10,16,,67,,1,21,,121.5102798,25.04791103
112,7,1,9,40,2,12內湖區,內湖區內湖路1段387巷3弄與內湖路1段411巷口,0,0,2,3,H02,8,5,5,30,4,1,1,5,4,5,13,4,4,10,5,5,2,15,2,23,2,9,6,5,7,20,8,20,10,16,,67,,1,21,,121.5710857,25.082156
112,7,1,9,40,2,12內湖區,內湖區內湖路1段387巷3弄與內湖路1段411巷口,0,0,2,1,C03,8,5,5,30,4,1,1,5,4,5,13,4,4,10,5,5,2,15,1,21,2,8,6,1,7,3,1,10,1,12,,72,,1,21,,121.5710857,25.082156
112,7,1,9,40,2,12內湖區,內湖區內湖路1段387巷3弄與內湖路1段411巷口,0,0,2,2,B03,8,5,5,30,4,1,1,5,4,5,13,4,4,10,5,5,2,15,1,53,3,10,7,1,7,9,1,8,1,1,,13,,1,21,,121.5710857,25.082156
112,7,1,9,46,2,07信義區,信義區林口街80巷95號,0,0,2,1,H01,8,6,5,0,14,9,1,5,4,3,10,4,4,10,5,5,2,6,2,4,2,9,4,5,8,18,8,20,10,16,,121,,1,24,,121.5822893,25.0403112
112,7,1,9,46,2,07信義區,信義區林口街80巷95號,0,0,2,2,C03,8,6,5,0,14,9,1,5,4,3,10,4,4,10,5,5,2,6,1,65,2,9,3,4,7,9,1,10,1,11,,13,,1,21,,121.5822893,25.0403112
112,7,1,9,55,2,11南港區,南港區忠孝東路7段與興中路口,0,0,3,1,C03,8,7,5,50,3,2,1,5,4,5,13,2,1,3,4,5,2,16,1,25,2,9,5,4,7,7,1,10,1,13,,100,,1,21,,121.6073442,25.0524739
112,7,1,9,55,2,11南港區,南港區忠孝東路7段與興中路口,0,0,3,2,C03,8,7,5,50,3,2,1,5,4,5,13,2,1,3,4,5,2,16,1,25,2,8,6,4,7,9,1,10,1,11,,13,,1,21,,121.6073442,25.0524739
112,7,1,9,55,2,11南港區,南港區忠孝東路7段與興中路口,0,0,3,3,H02,8,7,5,50,3,2,1,5,4,5,13,2,1,3,4,5,2,16,1,23,2,8,5,5,7,20,8,20,10,16,,67,,1,21,,121.6073442,25.0524739
112,7,1,10,7,2,07信義區,信義區松智路與信義路5段口,0,0,1,2,C03,8,7,5,50,4,2,1,5,4,5,13,1,1,5,4,5,1,16,2,34,2,7,5,1,7,9,1,10,2,14,,44,,1,21,,121.5654248,25.0326778
112,7,1,10,7,2,07信義區,信義區松智路與信義路5段口,0,0,1,1,B03,8,7,5,50,4,2,1,5,4,5,13,1,1,5,4,5,1,16,1,37,4,11,7,1,7,9,1,8,11,15,,107,,2,22,,121.5654248,25.0326778
112,7,1,10,18,2,05中正區,中正區重慶南路3段與詔安街口,0,0,1,2,H01,8,6,5,30,3,1,1,5,4,5,8,4,4,10,5,5,2,9,2,85,2,8,4,5,8,16,8,20,10,16,,67,,1,21,,121.516392,25.02523282
112,7,1,10,18,2,05中正區,中正區重慶南路3段與詔安街口,0,0,1,1,C03,8,6,5,30,3,1,1,5,4,5,8,4,4,10,5,5,2,9,1,46,3,10,5,1,7,9,1,10,2,11,,70,,1,21,,121.516392,25.02523282
112,7,1,10,19,2,01大同區,大同區忠孝西路2段與西寧北路口,0,0,2,2,C03,8,7,5,50,4,1,1,5,4,5,13,2,1,9,4,5,2,16,1,23,2,9,6,1,7,9,1,10,1,11,,108,,1,22,,121.5071766,25.0481359
112,7,1,10,19,2,01大同區,大同區忠孝西路2段與西寧北路口,0,0,2,1,F01,8,7,5,50,4,1,1,5,4,5,13,2,1,9,4,5,2,16,1,61,2,9,2,1,7,8,8,20,1,11,,88,,1,22,,121.5071766,25.0481359
112,7,1,10,22,2,05中正區,萬華區忠孝橋26號（往台北市汽車道下車處測試案件）,0,0,1,1,C03,7,5,5,50,14,9,1,4,4,5,13,1,1,10,1,1,2,17,1,62,,,,,,,,,1,,,4,13,,,,121.510698,25.0357736
112,7,1,10,22,2,05中正區,萬華區忠孝橋26號（往台北市汽車道下車處測試案件）,0,0,1,2,,7,5,5,50,14,9,1,4,4,5,13,1,1,10,1,1,2,17,4,0,,,,,,,,,11,,,13,,2,,,121.510698,25.0357736
112,7,1,11,12,2,01大同區,大同區延平北路3段與迪化街2段口,0,0,1,1,C03,8,7,5,50,3,1,1,5,4,5,13,4,4,5,5,5,2,12,1,19,3,10,5,1,7,9,1,10,2,11,,44,,1,22,,121.5108332,25.06845616
112,7,1,11,12,2,01大同區,大同區延平北路3段與迪化街2段口,0,0,1,2,C03,8,7,5,50,3,1,1,5,4,5,13,4,4,5,5,5,2,12,1,52,3,10,5,1,7,7,1,10,2,13,,100,,1,22,,121.5108332,25.06845616
112,7,1,11,12,2,01大同區,大同區延平北路3段與迪化街2段口,0,0,1,3,H02,8,7,5,50,3,1,1,5,4,5,13,4,4,5,5,5,2,12,2,45,2,8,5,5,7,20,8,20,10,16,,67,,1,22,,121.5108332,25.06845616
112,7,1,11,12,2,04大安區,大安區市民大道3段與建國南路1段口,0,0,1,1,B03,8,6,5,50,4,2,1,5,4,5,13,2,1,8,3,4,2,17,2,44,3,10,7,1,7,11,1,8,2,5,,98,,1,21,,121.5369612,25.044679
112,7,1,11,12,2,04大安區,大安區市民大道3段與建國南路1段口,0,0,1,2,C03,8,6,5,50,4,2,1,5,4,5,13,2,1,8,3,4,2,17,1,27,2,9,5,1,7,9,1,10,2,15,,13,,1,21,,121.5369612,25.044679
112,7,1,11,18,2,02萬華區,萬華區和平西路3段335號,0,0,1,1,C03,8,6,5,30,14,9,1,5,4,5,13,4,4,10,5,5,2,12,1,16,3,10,6,1,7,9,2,18,1,13,,108,,1,22,,121.4926731,25.0356543
112,7,1,11,18,2,02萬華區,萬華區和平西路3段335號,0,0,1,2,C03,8,6,5,30,14,9,1,5,4,5,13,4,4,10,5,5,2,12,1,41,2,9,6,1,7,8,1,10,2,14,,100,,1,22,,121.4926731,25.0356543
112,7,1,12,31,2,03中山區,中山區北安路759巷與明水路口,0,0,1,1,B03,7,5,5,50,5,1,1,5,4,5,13,2,1,9,4,5,1,17,1,32,3,10,3,1,7,6,1,8,1,2,,9,,1,21,,121.5524223,25.0857598
112,7,1,12,31,2,03中山區,中山區北安路759巷與明水路口,0,0,1,2,C03,7,5,5,50,5,1,1,5,4,5,13,2,1,9,4,5,1,17,1,20,2,9,5,1,7,9,1,10,1,14,,13,,1,21,,121.5524223,25.0857598
112,7,1,12,46,2,04大安區,大安區安居街56號,0,0,2,1,C03,8,6,5,50,14,9,1,5,4,5,13,4,4,8,3,5,2,16,1,74,2,9,6,1,7,1,1,10,1,14,,19,,1,21,,121.5545436,25.02073492
112,7,1,12,46,2,04大安區,大安區安居街56號,0,0,2,2,B03,8,6,5,50,14,9,1,5,4,5,13,4,4,8,3,5,2,16,1,68,3,10,3,1,7,10,1,8,1,2,,108,,1,21,,121.5545436,25.02073492
112,7,1,12,46,2,04大安區,大安區安居街56號,0,0,2,3,H02,8,6,5,50,14,9,1,5,4,5,13,4,4,8,3,5,2,16,2,73,2,7,6,5,7,20,8,20,10,16,,67,,1,21,,121.5545436,25.02073492
112,7,1,12,59,2,09北投區,北投區天母西路101巷(燈桿3014620),0,0,0,1,C03,8,7,5,30,14,9,1,5,4,5,13,4,4,10,5,5,2,17,2,53,3,10,5,1,7,11,1,10,1,11,,4,,1,21,,121.5248641,25.11567271
112,7,1,12,59,2,09北投區,北投區天母西路101巷(燈桿3014620),0,0,0,3,H02,8,7,5,30,14,9,1,5,4,5,13,4,4,10,5,5,2,17,2,42,3,10,5,5,7,20,8,20,10,16,,67,,1,21,,121.5248641,25.11567271
112,7,1,12,59,2,09北投區,北投區天母西路101巷(燈桿3014620),0,0,0,2,C03,8,7,5,30,14,9,1,5,4,5,13,4,4,10,5,5,2,17,1,42,3,10,5,1,7,9,1,10,1,11,,44,,1,21,,121.5248641,25.11567271
112,7,1,13,13,2,09北投區,北投區泉源路41巷51號前,0,0,3,1,C03,8,6,5,30,12,9,5,5,4,5,13,4,4,10,5,5,2,11,1,65,2,7,5,1,7,9,1,10,9,14,,108,,1,21,,121.5059138,25.1413416