發生年度,發生月,發生日,發生時-Hours,發生分,處理別-編號,區序,肇事地點,死亡人數,2-30日死亡人數,受傷人數,當事人序號,車種,天候,光線,道路類別,速限-速度限制,道路型態,事故位置,路面狀況1,路面狀況2,路面狀況3,道路障礙1,道路障礙2,號誌1,號誌2,車道劃分-分向,車道劃分-分道1,車道劃分-分道2,車道劃分-分道3,事故類型及型態,性別,年齡,受傷程度,主要傷處,保護裝置,行動電話,車輛用途,當事者行動狀態,駕駛資格情形,駕駛執照種類,飲酒情形,車輛撞擊部位1,車輛撞擊部位2,肇因碼-個別,肇因碼-主要,個人肇逃否,職業,旅次目的,座標-X,座標-Y
112,7,2,13,0,2,07信義區,信義區松德路128號,0,0,6,5,H02,8,6,5,50,14,7,1,2,4,5,13,4,4,1,4,4,2,17,1,31,2,9,5,5,7,17,8,20,10,16,,67,,1,21,,121.5745961,25.0372202
112,7,2,13,0,2,07信義區,信義區松德路128號,0,0,6,3,C03,8,6,5,50,14,7,1,2,4,5,13,4,4,1,4,4,2,17,1,33,2,9,5,1,7,9,1,10,1,14,,44,,1,21,,121.5745961,25.0372202
112,7,2,13,0,2,07信義區,信義區松德路128號,0,0,6,2,C03,8,6,5,50,14,7,1,2,4,5,13,4,4,1,4,4,2,17,1,32,2,9,5,1,7,9,1,10,1,14,,44,,1,21,,121.5745961,25.0372202
112,7,2,13,0,2,07信義區,信義區松德路128號,0,0,6,4,C03,8,6,5,50,14,7,1,2,4,5,13,4,4,1,4,4,2,17,2,30,2,9,5,1,7,9,1,10,1,14,,44,,1,21,,121.5745961,25.0372202
112,7,2,13,7,2,05中正區,中正區杭州南路1段與丹陽街口口,0,0,1,2,C04,6,6,5,50,3,2,1,4,4,5,13,4,4,9,4,5,1,16,1,63,2,9,6,1,7,9,1,10,2,11,,44,,1,21,,121.525378,25.0390189
112,7,2,13,7,2,05中正區,中正區杭州南路1段與丹陽街口口,0,0,1,1,B03,6,6,5,50,3,2,1,4,4,5,13,4,4,9,4,5,1,16,1,34,3,10,7,1,7,8,1,8,2,4,,100,,1,21,,121.525378,25.0390189
112,7,2,13,59,2,11南港區,南港區南港路1段與興中路口,0,0,1,1,B03,8,7,5,50,4,1,1,5,4,5,13,2,1,9,4,5,2,16,1,30,3,10,7,1,7,11,1,8,1,2,,10,,1,21,,121.6074397,25.0545337
112,7,2,13,59,2,11南港區,南港區南港路1段與興中路口,0,0,1,2,C03,8,7,5,50,4,1,1,5,4,5,13,2,1,9,4,5,2,16,1,23,2,8,5,1,7,9,1,10,1,11,,44,,1,21,,121.6074397,25.0545337
112,7,2,14,13,2,12內湖區,內湖區新明路475巷與潭美街口,0,0,2,1,C03,7,7,5,30,3,1,1,5,4,5,13,4,4,10,5,5,2,16,2,51,2,9,5,1,7,5,1,10,1,14,,74,,1,21,,121.5801113,25.0537848
112,7,2,14,13,2,12內湖區,內湖區新明路475巷與潭美街口,0,0,2,2,C03,7,7,5,30,3,1,1,5,4,5,13,4,4,10,5,5,2,16,2,21,2,9,5,1,7,9,1,10,1,11,,107,,1,21,,121.5801113,25.0537848
112,7,2,14,49,2,05中正區,中正區南昌路1段與福州街口,0,0,1,1,C03,6,7,5,50,4,2,1,4,4,5,13,1,1,5,5,5,2,12,1,41,2,7,6,1,7,7,1,10,1,12,,100,,1,22,,121.518908,25.0290051
112,7,2,14,49,2,05中正區,中正區南昌路1段與福州街口,0,0,1,2,C03,6,7,5,50,4,2,1,4,4,5,13,1,1,5,5,5,2,12,2,45,3,10,6,1,7,9,1,10,1,14,,44,,1,22,,121.518908,25.0290051
112,7,2,15,10,2,05中正區,中正區南昌路1段與寧波西街口,0,0,2,3,B03,8,7,5,50,4,2,1,5,4,5,13,1,1,10,4,5,2,13,1,35,3,10,3,4,7,13,1,8,11,2,,44,,1,21,,121.5171813,25.0303845
112,7,2,15,10,2,05中正區,中正區南昌路1段與寧波西街口,0,0,2,1,C03,8,7,5,50,4,2,1,5,4,5,13,1,1,10,4,5,2,13,1,30,2,9,6,4,7,7,1,10,1,11,,100,,1,21,,121.5171813,25.0303845
112,7,2,15,10,2,05中正區,中正區南昌路1段與寧波西街口,0,0,2,2,C03,8,7,5,50,4,2,1,5,4,5,13,1,1,10,4,5,2,13,1,27,2,9,6,4,7,9,1,10,1,13,,44,,1,21,,121.5171813,25.0303845
112,7,2,20,15,2,11南港區,南港區南港路1段與興華路口,0,0,1,1,B03,8,5,5,50,4,1,1,5,4,5,13,1,1,4,3,5,2,11,1,19,3,10,7,1,7,11,1,8,2,2,,10,,1,21,,121.6062382,25.05431057
112,7,2,20,15,2,11南港區,南港區南港路1段與興華路口,0,0,1,2,C03,8,5,5,50,4,1,1,5,4,5,13,1,1,4,3,5,2,11,1,28,2,7,5,1,7,9,3,18,2,11,,13,,1,21,,121.6062382,25.05431057
112,7,2,20,23,2,06松山區,松山區民生東路4段與敦化北路口,0,0,2,2,C03,8,5,5,50,4,1,1,5,4,5,13,1,1,9,4,5,2,15,1,24,2,9,5,1,7,1,1,10,1,11,,44,,1,22,,121.5492716,25.0576736
112,7,2,20,23,2,06松山區,松山區民生東路4段與敦化北路口,0,0,2,3,C03,8,5,5,50,4,1,1,5,4,5,13,1,1,9,4,5,2,15,1,52,2,9,6,1,7,1,1,10,1,11,,44,,1,22,,121.5492716,25.0576736
112,7,2,20,23,2,06松山區,松山區民生東路4段與敦化北路口,0,0,2,1,B03,8,5,5,50,4,1,1,5,4,5,13,1,1,9,4,5,2,15,1,84,3,10,7,1,7,9,1,8,1,5,,118,,1,22,,121.5492716,25.0576736
112,7,2,20,42,2,02萬華區,萬華區昆明街與長沙街2段口,0,0,1,1,C03,8,5,5,50,4,1,1,5,4,5,13,2,1,10,4,5,2,17,1,50,3,10,6,1,7,6,1,10,1,17,,100,,1,21,,121.5042996,25.0403713
112,7,2,20,42,2,02萬華區,萬華區昆明街與長沙街2段口,0,0,1,2,C03,8,5,5,50,4,1,1,5,4,5,13,2,1,10,4,5,2,17,1,22,2,9,6,1,7,9,1,10,1,14,,44,,1,21,,121.5042996,25.0403713
112,7,2,21,43,2,03中山區,中山區市民大道2段與林森北路口,0,0,3,1,C04,7,5,5,40,14,9,1,5,4,5,13,2,1,1,5,5,1,13,1,22,2,7,3,4,7,5,1,10,1,13,,8,,1,21,,121.5242457,25.04789571
112,7,2,21,43,2,03中山區,中山區市民大道2段與林森北路口,0,0,3,3,H02,7,5,5,40,14,9,1,5,4,5,13,2,1,1,5,5,1,13,2,22,2,8,5,5,7,20,8,20,10,16,,67,,1,21,,121.5242457,25.04789571
112,7,2,21,43,2,03中山區,中山區市民大道2段與林森北路口,0,0,3,2,C03,7,5,5,40,14,9,1,5,4,5,13,2,1,1,5,5,1,13,2,27,2,9,3,4,7,9,1,10,1,11,,13,,1,21,,121.5242457,25.04789571
112,7,2,21,59,2,05中正區,中正區羅斯福路2段186號,0,0,1,1,C03,8,5,5,50,14,9,1,5,4,5,13,4,4,3,4,5,2,17,1,19,2,9,5,1,7,8,1,10,1,12,,100,,1,21,,121.5237596,25.02508385
112,7,2,21,59,2,05中正區,中正區羅斯福路2段186號,0,0,1,2,C03,8,5,5,50,14,9,1,5,4,5,13,4,4,3,4,5,2,17,1,19,3,10,5,1,7,9,1,10,1,11,,44,,1,21,,121.5237596,25.02508385
112,7,2,22,0,2,11南港區,南港區忠孝東路7段216號停車格,0,0,1,1,B03,8,5,5,40,14,8,1,5,4,5,13,4,4,1,3,4,2,12,1,39,3,10,7,1,7,1,1,8,1,8,,19,,1,21,,121.6021738,25.05164346
112,7,2,22,0,2,11南港區,南港區忠孝東路7段216號停車格,0,0,1,2,C04,8,5,5,40,14,8,1,5,4,5,13,4,4,1,3,4,2,12,1,40,2,7,5,1,7,9,1,11,1,11,,44,,1,21,,121.6021738,25.05164346
112,7,2,22,4,2,08士林區,士林區中正路與文林路口,0,0,1,1,B01,8,5,5,50,4,1,1,5,4,5,13,2,1,1,4,5,2,12,1,45,3,10,7,1,7,8,1,4,1,7,,100,,1,22,,121.5244967,25.0949559
112,7,2,22,4,2,08士林區,士林區中正路與文林路口,0,0,1,2,C03,8,5,5,50,4,1,1,5,4,5,13,2,1,1,4,5,2,12,1,22,2,9,5,1,7,9,1,10,1,13,,42,,1,22,,121.5244967,25.0949559
112,7,2,23,33,2,02萬華區,萬華區萬大路與民和街口,0,0,2,2,B03,8,5,5,30,4,2,4,5,4,5,11,2,1,1,4,5,2,17,1,30,3,10,7,1,7,9,1,8,2,1,,13,,1,21,,121.5005259,25.0263333
112,7,2,23,33,2,02萬華區,萬華區萬大路與民和街口,0,0,2,3,H02,8,5,5,30,4,2,4,5,4,5,11,2,1,1,4,5,2,17,2,41,2,3,5,5,7,17,8,20,10,16,,67,,1,21,,121.5005259,25.0263333
112,7,2,23,33,2,02萬華區,萬華區萬大路與民和街口,0,0,2,1,C03,8,5,5,30,4,2,4,5,4,5,11,2,1,1,4,5,2,17,1,43,2,9,6,1,7,5,3,18,2,15,,98,,1,21,,121.5005259,25.0263333
112,7,3,0,28,2,12內湖區,內湖區內湖路1段與內湖路1段288巷口,0,0,2,1,B02,8,5,5,50,3,1,1,5,4,5,13,2,1,1,5,5,2,17,1,27,3,10,7,1,7,5,1,8,1,8,,74,,1,22,,121.5683124,25.08199797
112,7,3,0,28,2,12內湖區,內湖區內湖路1段與內湖路1段288巷口,0,0,2,2,C03,8,5,5,50,3,1,1,5,4,5,13,2,1,1,5,5,2,17,1,22,2,9,5,1,7,9,1,10,1,14,,13,,1,22,,121.5683124,25.08199797
112,7,3,0,28,2,12內湖區,內湖區內湖路1段與內湖路1段288巷口,0,0,2,3,H02,8,5,5,50,3,1,1,5,4,5,13,2,1,1,5,5,2,17,2,23,2,9,5,5,7,20,8,20,10,16,,67,,1,22,,121.5683124,25.08199797
112,7,3,6,8,2,03中山區,中山區林森北路與錦州街口,0,0,1,1,B01,8,7,5,50,4,1,1,5,4,5,13,1,1,5,5,5,2,16,1,68,3,10,7,1,7,6,1,4,1,2,,9,,1,22,,121.5255607,25.0603052
112,7,3,6,8,2,03中山區,中山區林森北路與錦州街口,0,0,1,2,C03,8,7,5,50,4,1,1,5,4,5,13,1,1,5,5,5,2,16,1,23,2,9,5,1,7,9,1,10,1,14,,44,,1,22,,121.5255607,25.0603052
112,7,3,7,0,2,08士林區,士林區中山北路6段763巷與中山北路6段口,0,0,1,2,C03,8,7,5,50,3,2,1,5,4,5,13,4,4,1,4,5,2,17,1,65,2,8,5,1,7,5,1,10,2,12,,44,,1,21,,121.5279501,25.1156416
112,7,3,7,0,2,08士林區,士林區中山北路6段763巷與中山北路6段口,0,0,1,1,B03,8,7,5,50,3,2,1,5,4,5,13,4,4,1,4,5,2,17,1,83,3,10,7,1,7,1,1,8,2,1,,19,,1,21,,121.5279501,25.1156416
112,7,3,7,8,2,05中正區,中正區林森北路與忠孝東路1段口,0,0,1,1,B03,8,5,5,50,4,1,1,5,4,5,13,1,1,9,4,5,2,17,1,46,3,10,7,1,7,6,1,8,2,5,,9,,1,21,,121.5232859,25.0449151
112,7,3,7,8,2,05中正區,中正區林森北路與忠孝東路1段口,0,0,1,2,C03,8,5,5,50,4,1,1,5,4,5,13,1,1,9,4,5,2,17,2,30,2,9,5,1,7,9,1,10,2,14,,44,,1,21,,121.5232859,25.0449151
112,7,3,7,30,2,11南港區,南港區南港路1段65號對面,0,0,1,1,C03,8,7,5,50,14,9,1,5,4,5,13,4,4,5,5,5,2,13,1,23,2,7,5,1,7,9,1,10,2,11,,108,,1,21,,121.6158787,25.0552763
112,7,3,7,30,2,11南港區,南港區南港路1段65號對面,0,0,1,2,A02,8,7,5,50,14,9,1,5,4,5,13,4,4,5,5,5,2,13,1,52,3,10,7,1,7,14,1,2,2,3,,44,,1,21,,121.6158787,25.0552763
112,7,3,7,33,2,01大同區,大同區民權西路與安西街口,0,0,2,2,C03,8,6,5,30,4,1,1,5,4,5,13,4,4,10,5,5,2,15,1,46,2,8,5,1,7,9,6,18,2,11,,44,,1,22,,121.5098788,25.0630006
112,7,3,7,33,2,01大同區,大同區民權西路與安西街口,0,0,2,1,B03,8,6,5,30,4,1,1,5,4,5,13,4,4,10,5,5,2,15,2,49,2,9,7,1,7,9,1,8,2,2,,72,,1,22,,121.5098788,25.0630006
112,7,3,7,54,2,12內湖區,內湖區行善路158號,0,0,1,1,B03,8,6,5,50,22,9,1,5,4,5,13,4,4,9,4,5,1,17,1,44,3,10,7,1,7,8,1,8,1,1,,100,,1,22,,121.57862,25.05817057
112,7,3,7,54,2,12內湖區,內湖區行善路158號,0,0,1,2,C03,8,6,5,50,22,9,1,5,4,5,13,4,4,9,4,5,1,17,1,21,2,9,6,1,7,9,1,10,1,14,,44,,1,21,,121.57862,25.05817057
112,7,3,7,58,2,08士林區,士林區延平北路7段106巷213號前,0,0,2,1,C03,8,5,5,40,14,9,1,5,4,5,13,4,4,10,5,5,1,13,1,18,2,9,5,1,7,9,1,10,1,11,,107,,1,21,,121.4960748,25.10246002
112,7,3,7,58,2,08士林區,士林區延平北路7段106巷213號前,0,0,2,2,C03,8,5,5,40,14,9,1,5,4,5,13,4,4,10,5,5,1,13,1,31,2,8,5,1,7,6,1,10,1,13,,44,,1,21,,121.4960748,25.10246002
112,7,3,8,24,2,07信義區,信義區基隆路1段9號,0,0,1,2,C03,8,7,5,50,14,9,1,5,4,5,13,4,4,1,4,5,1,13,1,41,3,10,5,1,7,9,1,10,2,13,,44,,1,21,,121.5692181,25.0488674
112,7,3,8,24,2,07信義區,信義區基隆路1段9號,0,0,1,1,C03,8,7,5,50,14,9,1,5,4,5,13,4,4,1,4,5,1,13,2,22,2,9,5,1,7,9,1,10,2,11,,16,,1,21,,121.5692181,25.0488674
112,7,3,8,27,2,03中山區,中山區民族西路18號,0,0,1,1,C03,8,5,5,50,14,9,1,5,4,5,13,1,1,4,3,5,2,16,2,27,2,8,6,1,7,4,1,10,2,12,,108,,1,21,,121.5219295,25.06842257
112,7,3,8,27,2,03中山區,中山區民族西路18號,0,0,1,2,B01,8,5,5,50,14,9,1,5,4,5,13,1,1,4,3,5,2,16,1,50,3,10,7,1,7,9,1,4,2,7,,44,,1,21,,121.5219295,25.06842257
112,7,3,8,34,2,03中山區,中山區中山北路3段與民族東路口,0,0,1,1,C03,8,7,5,50,4,2,1,5,4,5,13,2,1,1,4,5,2,13,1,41,2,9,3,4,7,12,1,10,1,11,,107,,1,22,,121.5234137,25.0680905
112,7,3,8,34,2,03中山區,中山區中山北路3段與民族東路口,0,0,1,2,B03,8,7,5,50,4,2,1,5,4,5,13,2,1,1,4,5,2,13,1,54,3,10,3,4,7,12,1,8,2,3,,44,,1,22,,121.5234137,25.0680905
112,7,3,8,47,2,07信義區,信義區光復南路271號,0,0,1,1,C03,8,5,5,50,14,9,1,5,4,5,13,4,4,1,4,5,2,13,1,74,2,9,5,1,7,9,1,10,1,11,,108,,1,21,,121.5577139,25.0407509
112,7,3,8,47,2,07信義區,信義區光復南路271號,0,0,1,2,B03,8,5,5,50,14,9,1,5,4,5,13,4,4,1,4,5,2,13,1,41,3,10,7,1,7,14,1,8,1,6,,44,,1,21,,121.5577139,25.0407509
112,7,3,8,50,2,01大同區,大同區萬全街103巷與歸綏街口,0,0,3,2,C03,8,6,5,30,4,1,1,5,4,5,13,4,4,10,5,5,2,15,2,37,2,9,6,1,7,9,1,10,1,11,,44,,1,22,,121.5162179,25.0587108
112,7,3,8,50,2,01大同區,大同區萬全街103巷與歸綏街口,0,0,3,3,H02,8,6,5,30,4,1,1,5,4,5,13,4,4,10,5,5,2,15,2,22,2,9,6,5,7,20,8,20,10,16,,67,,1,22,,121.5162179,25.0587108
112,7,3,8,50,2,01大同區,大同區萬全街103巷與歸綏街口,0,0,3,1,C03,8,6,5,30,4,1,1,5,4,5,13,4,4,10,5,5,2,15,1,22,2,9,6,1,7,9,1,10,1,12,,72,,1,22,,121.5162179,25.0587108
112,7,3,9,0,2,09北投區,北投區磺港路與清江路117巷口,0,0,1,2,C03,8,6,5,30,3,1,1,5,4,5,13,4,4,10,5,5,2,12,1,21,3,10,5,1,7,9,1,10,1,12,,44,,1,21,,121.5031156,25.12811645
112,7,3,9,0,2,09北投區,北投區磺港路與清江路117巷口,0,0,1,1,C03,8,6,5,30,3,1,1,5,4,5,13,4,4,10,5,5,2,12,1,41,2,7,5,1,7,9,1,10,1,14,,108,,1,21,,121.5031156,25.12811645
112,7,3,9,14,2,05中正區,中正區凱達格蘭大道與重慶南路1段口口,0,0,1,2,C03,8,7,5,50,3,1,1,5,4,5,13,1,1,9,4,4,1,13,1,24,3,10,6,1,7,14,1,10,1,13,,118,,1,21,,121.5129486,25.0395912
112,7,3,9,14,2,05中正區,中正區凱達格蘭大道與重慶南路1段口口,0,0,1,1,C03,8,7,5,50,3,1,1,5,4,5,13,1,1,9,4,4,1,13,2,47,2,9,6,1,7,9,1,10,1,11,,16,,1,21,,121.5129486,25.0395912
112,7,3,9,28,2,09北投區,北投區公館路63巷與民族街口口,0,0,2,3,H02,8,5,5,30,4,1,1,5,4,5,13,4,4,10,5,5,2,15,2,11,2,8,5,5,7,20,8,20,10,16,,67,,1,21,,121.5039014,25.13248125
112,7,3,9,28,2,09北投區,北投區公館路63巷與民族街口口,0,0,2,2,B03,8,5,5,30,4,1,1,5,4,5,13,4,4,10,5,5,2,15,2,58,3,10,7,1,7,9,1,8,1,1,,108,,1,21,,121.5039014,25.13248125
112,7,3,9,28,2,09北投區,北投區公館路63巷與民族街口口,0,0,2,1,C03,8,5,5,30,4,1,1,5,4,5,13,4,4,10,5,5,2,15,2,37,2,9,5,1,7,9,1,10,1,12,,72,,1,21,,121.5039014,25.13248125
112,7,3,9,40,2,04大安區,大安區延吉街與延吉街137巷口,0,0,2,1,C03,8,7,5,50,3,1,1,5,4,5,13,4,4,4,3,5,1,16,2,59,2,8,6,1,7,5,1,10,1,11,,108,,1,22,,121.5543205,25.0420592
112,7,3,9,40,2,04大安區,大安區延吉街與延吉街137巷口,0,0,2,2,C03,8,7,5,50,3,1,1,5,4,5,13,4,4,4,3,5,1,16,2,34,2,8,6,1,7,5,1,10,1,14,,118,,1,22,,121.5543205,25.0420592
112,7,3,9,50,2,10文山區,文山區羅斯福路5段243號,0,0,1,1,A04,8,6,5,50,14,9,1,5,4,5,13,4,4,1,4,5,2,12,1,54,3,10,7,1,7,1,1,1,2,8,,19,,1,21,,121.5390611,25.00189895
112,7,3,9,50,2,10文山區,文山區羅斯福路5段243號,0,0,1,2,C03,8,6,5,50,14,9,1,5,4,5,13,4,4,1,4,5,2,12,1,26,2,9,6,1,7,8,1,10,2,12,,100,,1,21,,121.5390611,25.00189895
112,7,3,10,8,2,08士林區,士林區延平北路7段106巷與社子大橋口,0,0,1,2,C03,8,7,5,30,3,2,1,5,4,5,13,1,1,5,5,5,1,13,2,42,2,9,5,1,7,15,1,10,2,12,,44,,1,21,,121.4954693,25.109312
112,7,3,10,8,2,08士林區,士林區延平北路7段106巷與社子大橋口,0,0,1,1,C03,8,7,5,30,3,2,1,5,4,5,13,1,1,5,5,5,1,13,1,51,3,10,5,1,7,9,1,10,1,14,,16,,1,21,,121.4954693,25.109312
112,7,3,10,16,2,04大安區,大安區光復南路與延吉街口,0,0,1,1,B03,8,6,5,50,3,1,1,5,4,5,13,4,4,1,4,5,2,17,1,38,3,10,7,1,7,6,1,8,1,2,,9,,1,21,,121.5573967,25.0339155
112,7,3,10,16,2,04大安區,大安區光復南路與延吉街口,0,0,1,2,C03,8,6,5,50,3,1,1,5,4,5,13,4,4,1,4,5,2,17,2,22,2,9,6,1,7,9,1,10,1,14,,44,,1,21,,121.5573967,25.0339155
112,7,3,10,22,2,09北投區,北投區大業路287號與大業路口,0,0,2,1,C03,8,6,5,50,4,1,1,5,4,5,13,4,4,10,5,5,1,15,1,18,2,8,5,1,7,9,1,10,2,11,,13,,1,21,,121.496528,25.12998264
112,7,3,10,22,2,09北投區,北投區大業路287號與大業路口,0,0,2,2,C03,8,6,5,50,4,1,1,5,4,5,13,4,4,10,5,5,1,15,1,43,2,9,5,1,7,1,1,10,2,14,,19,,1,21,,121.496528,25.12998264
112,7,3,10,24,2,01大同區,大同區承德路2段與民權西路口,0,0,1,1,C03,8,6,5,50,5,2,1,5,4,5,13,1,1,1,4,5,2,12,2,22,2,9,6,1,7,7,1,10,1,14,,100,,1,22,,121.5183501,25.0626827
112,7,3,10,24,2,01大同區,大同區承德路2段與民權西路口,0,0,1,2,B02,8,6,5,50,5,2,1,5,4,5,13,1,1,1,4,5,2,12,1,37,3,10,7,1,7,9,1,8,1,2,,118,,1,22,,121.5183501,25.0626827
112,7,3,10,30,2,07信義區,信義區基隆路車行地下道,0,0,1,5,H02,8,5,5,50,14,9,1,5,4,5,13,4,4,1,4,5,2,13,2,41,2,1,2,5,7,17,8,20,10,16,,58,,1,21,,121.5653932,25.0427931
112,7,3,10,30,2,07信義區,信義區基隆路車行地下道,0,0,1,1,B01,8,5,5,50,14,9,1,5,4,5,13,4,4,1,4,5,2,13,1,38,3,10,7,1,7,9,1,4,1,1,,16,,1,21,,121.5653932,25.0427931
112,7,3,10,30,2,07信義區,信義區基隆路車行地下道,0,0,1,2,B03,8,5,5,50,14,9,1,5,4,5,13,4,4,1,4,5,2,13,1,67,3,10,7,1,7,9,1,4,1,1,,118,,1,21,,121.5653932,25.0427931
112,7,3,10,30,2,07信義區,信義區基隆路車行地下道,0,0,1,3,B03,8,5,5,50,14,9,1,5,4,5,13,4,4,1,4,5,2,13,1,58,3,10,7,1,7,9,1,4,1,1,,118,,1,21,,121.5653932,25.0427931
112,7,3,10,30,2,07信義區,信義區基隆路車行地下道,0,0,1,4,B03,8,5,5,50,14,9,1,5,4,5,13,4,4,1,4,5,2,13,1,26,3,10,7,1,7,9,1,4,1,1,,118,,1,21,,121.5653932,25.0427931
112,7,3,10,34,2,07信義區,信義區光復南路與光復南路443巷口,0,0,1,1,C03,8,5,5,50,4,1,1,5,4,5,13,1,1,1,4,5,2,12,1,34,3,10,5,1,7,9,1,10,1,14,,107,,1,21,,121.5576074,25.0354888
112,7,3,10,34,2,07信義區,信義區光復南路與光復南路443巷口,0,0,1,2,C03,8,5,5,50,4,1,1,5,4,5,13,1,1,1,4,5,2,12,1,43,2,9,5,1,7,9,1,10,1,12,,44,,1,21,,121.5576074,25.0354888
112,7,3,10,40,2,01大同區,大同區民生西路171巷與民生西路口,0,0,2,2,C03,8,6,5,50,3,1,1,5,4,5,13,4,4,5,4,5,2,17,2,26,2,7,6,1,7,9,1,10,1,14,,14,,1,22,,121.5172906,25.05720922
112,7,3,10,40,2,01大同區,大同區民生西路171巷與民生西路口,0,0,2,1,F02,8,6,5,50,3,1,1,5,4,5,13,4,4,5,4,5,2,17,1,72,2,9,5,1,7,11,8,20,1,11,,10,,1,22,,121.5172906,25.05720922
112,7,3,10,45,2,01大同區,大同區延平北路4段與迪化街2段364巷口,0,0,1,1,B01,8,6,5,50,3,2,1,5,4,5,13,2,1,9,4,5,2,17,1,69,3,10,7,1,7,7,1,4,1,7,,80,,1,21,,121.5112268,25.073121
112,7,3,10,45,2,01大同區,大同區延平北路4段與迪化街2段364巷口,0,0,1,2,C03,8,6,5,50,3,2,1,5,4,5,13,2,1,9,4,5,2,17,2,20,2,9,5,1,7,9,1,10,1,11,,44,,1,21,,121.5112268,25.073121
112,7,3,11,0,2,07信義區,信義區莊敬路與莊敬路6巷口,0,0,1,1,B01,8,5,5,50,3,2,1,5,4,5,13,4,4,5,4,5,2,17,1,46,3,10,7,1,7,5,1,4,1,1,,74,,1,21,,121.5613021,25.0324698
112,7,3,11,0,2,07信義區,信義區莊敬路與莊敬路6巷口,0,0,1,2,C03,8,5,5,50,3,2,1,5,4,5,13,4,4,5,4,5,2,17,2,41,2,8,6,1,7,9,1,10,1,14,,13,,1,21,,121.5613021,25.0324698
112,7,3,11,53,2,06松山區,松山區民權東路3段178號,0,0,1,1,B03,8,7,5,50,14,9,1,5,4,5,13,4,4,1,4,5,2,12,2,39,3,10,7,1,7,8,1,8,1,2,,100,,1,21,,121.5496649,25.06163597
112,7,3,11,53,2,06松山區,松山區民權東路3段178號,0,0,1,2,C03,8,7,5,50,14,9,1,5,4,5,13,4,4,1,4,5,2,12,2,50,2,9,5,1,7,9,1,10,1,14,,44,,1,21,,121.5496649,25.06163597
112,7,3,12,0,2,07信義區,信義區信義路5段150巷,0,0,2,1,C03,8,6,5,30,14,9,1,5,4,5,13,4,4,10,5,5,2,13,1,33,2,9,5,1,7,8,1,10,1,14,,100,,1,21,,121.5697185,25.0297195
112,7,3,12,0,2,07信義區,信義區信義路5段150巷,0,0,2,2,C03,8,6,5,30,14,9,1,5,4,5,13,4,4,10,5,5,2,13,2,68,2,9,5,1,7,9,1,10,1,11,,44,,1,21,,121.5697185,25.0297195
112,7,3,12,2,2,04大安區,大安區忠孝東路3段與建國南路1段口,0,0,2,1,B03,8,6,5,40,4,1,1,5,4,5,13,2,1,1,4,5,2,17,2,28,2,9,7,1,7,6,1,8,2,5,,9,,1,21,,121.5367533,25.0418943
112,7,3,12,2,2,04大安區,大安區忠孝東路3段與建國南路1段口,0,0,2,2,C03,8,6,5,40,4,1,1,5,4,5,13,2,1,1,4,5,2,17,2,38,2,9,5,1,7,9,1,10,2,14,,44,,1,21,,121.5367533,25.0418943
112,7,3,12,30,2,09北投區,北投區承德路7段97號,0,0,1,1,B03,8,7,5,50,14,9,1,5,4,5,13,4,4,1,3,5,2,16,1,18,3,10,7,1,7,6,1,8,1,2,,9,,1,21,,121.5093457,25.1118702
112,7,3,12,30,2,09北投區,北投區承德路7段97號,0,0,1,2,C03,8,7,5,50,14,9,1,5,4,5,13,4,4,1,3,5,2,16,2,38,2,9,5,1,7,9,1,10,1,14,,13,,1,21,,121.5093457,25.1118702
112,7,3,12,40,2,03中山區,中山區民權東路2段與吉林路口,0,0,1,1,B03,8,5,5,50,4,1,1,5,4,5,13,1,1,1,4,5,2,15,1,48,3,10,7,1,7,9,1,8,2,2,,81,,1,22,,121.5303585,25.0626892
112,7,3,12,40,2,03中山區,中山區民權東路2段與吉林路口,0,0,1,2,C03,8,5,5,50,4,1,1,5,4,5,13,1,1,1,4,5,2,15,2,37,2,9,5,1,7,9,1,10,2,11,,44,,1,22,,121.5303585,25.0626892
112,7,3,13,6,2,01大同區,大同區南京西路18巷與南京西路18巷4弄口,0,0,1,2,H01,8,7,5,0,14,9,1,5,4,5,13,4,4,10,5,5,2,2,2,34,2,9,4,5,8,16,8,20,10,16,,67,,1,22,,121.520248,25.05239179
112,7,3,13,6,2,01大同區,大同區南京西路18巷與南京西路18巷4弄口,0,0,1,1,B02,8,7,5,0,14,9,1,5,4,5,13,4,4,10,5,5,2,2,1,46,3,10,3,4,7,9,1,4,11,2,,108,,1,22,,121.520248,25.05239179
112,7,3,13,28,2,04大安區,大安區敦化南路1段161巷與敦化南路1段口,0,0,2,2,C03,8,5,5,50,3,1,1,5,4,5,13,3,1,1,4,5,2,12,2,26,2,7,5,1,7,9,1,10,1,11,,44,,1,21,,121.5491246,25.0435677
112,7,3,13,28,2,04大安區,大安區敦化南路1段161巷與敦化南路1段口,0,0,2,3,H02,8,5,5,50,3,1,1,5,4,5,13,3,1,1,4,5,2,12,1,33,2,7,4,5,7,20,8,20,10,16,,67,,1,21,,121.5491246,25.0435677
112,7,3,13,28,2,04大安區,大安區敦化南路1段161巷與敦化南路1段口,0,0,2,1,B01,8,5,5,50,3,1,1,5,4,5,13,3,1,1,4,5,2,12,1,67,3,10,7,1,7,7,1,4,1,6,,100,,1,21,,121.5491246,25.0435677