發生年度,發生月,發生日,發生時-Hours,發生分,處理別-編號,區序,肇事地點,死亡人數,2-30日死亡人數,受傷人數,當事人序號,車種,天候,光線,道路類別,速限-速度限制,道路型態,事故位置,路面狀況1,路面狀況2,路面狀況3,道路障礙1,道路障礙2,號誌1,號誌2,車道劃分-分向,車道劃分-分道1,車道劃分-分道2,車道劃分-分道3,事故類型及型態,性別,年齡,受傷程度,主要傷處,保護裝置,行動電話,車輛用途,當事者行動狀態,駕駛資格情形,駕駛執照種類,飲酒情形,車輛撞擊部位1,車輛撞擊部位2,肇因碼-個別,肇因碼-主要,個人肇逃否,職業,旅次目的,座標-X,座標-Y
112,7,5,16,47,2,03中山區,中山區雙城街與雙城街25巷口,0,0,2,2,C04,8,6,5,50,4,1,1,5,4,5,13,4,4,5,5,5,2,14,1,22,2,7,5,1,7,9,1,10,1,12,,44,,1,21,,121.5243247,25.0662193
112,7,5,17,12,2,03中山區,中山區長春路與長春路258巷口,0,0,1,1,G06,8,6,5,50,4,2,1,5,4,5,13,1,1,5,4,5,2,12,2,77,2,8,5,1,7,5,8,20,1,14,,8,,,22,,121.5390716,25.05468993
112,7,5,17,12,2,03中山區,中山區長春路與長春路258巷口,0,0,1,2,C03,8,6,5,50,4,2,1,5,4,5,13,1,1,5,4,5,2,12,1,45,3,10,5,1,7,9,1,10,1,12,,44,,1,22,,121.5390716,25.05468993
112,7,5,18,10,2,01大同區,大同區西寧北路與長安西路口,0,0,1,2,C03,8,6,5,50,4,1,1,5,4,5,13,2,1,4,4,5,2,12,1,69,2,9,3,4,7,5,1,10,1,13,,8,,1,21,,121.5086049,25.05200695
112,7,5,18,10,2,01大同區,大同區西寧北路與長安西路口,0,0,1,1,B03,8,6,5,50,4,1,1,5,4,5,13,2,1,4,4,5,2,12,1,30,3,10,3,4,7,9,1,8,1,1,,108,,1,21,,121.5086049,25.05200695
112,7,5,18,13,2,12內湖區,內湖區舊宗路2段207號與舊宗路2段口,0,0,1,1,C03,8,5,5,0,11,9,1,5,4,5,13,4,4,1,4,5,2,12,1,25,2,9,6,1,7,10,1,10,2,12,,100,,1,21,,121.5738311,25.07265162
112,7,5,18,13,2,12內湖區,內湖區舊宗路2段207號與舊宗路2段口,0,0,1,2,B03,8,5,5,0,11,9,1,5,4,5,13,4,4,1,4,5,2,12,2,31,3,10,7,1,7,7,1,8,2,8,,27,,1,21,,121.5738311,25.07265162
112,7,5,19,30,2,04大安區,大安區仁愛路4段48巷與仁愛路4段口,0,0,1,2,C04,8,5,5,30,14,9,1,5,4,5,13,4,4,10,5,5,1,12,2,26,2,7,5,1,7,9,1,10,1,13,,44,,1,21,,121.5471031,25.03754201
112,7,5,19,30,2,04大安區,大安區仁愛路4段48巷與仁愛路4段口,0,0,1,1,B01,8,5,5,30,14,9,1,5,4,5,13,4,4,10,5,5,1,12,1,29,3,10,7,1,7,9,3,18,1,8,,108,,1,21,,121.5471031,25.03754201
112,7,5,19,32,2,03中山區,中山區中山北路3段與農安街口,0,0,2,1,B03,8,5,5,50,5,1,1,5,4,5,13,2,1,1,3,1,1,16,1,19,3,10,7,1,7,5,1,8,1,5,,44,,1,21,,121.5221231,25.0650052
112,7,5,19,32,2,03中山區,中山區中山北路3段與農安街口,0,0,2,3,H02,8,5,5,50,5,1,1,5,4,5,13,2,1,1,3,1,1,16,2,19,2,9,4,5,7,20,8,20,10,16,,67,,1,21,,121.5221231,25.0650052
112,7,5,19,32,2,03中山區,中山區中山北路3段與農安街口,0,0,2,2,C03,8,5,5,50,5,1,1,5,4,5,13,2,1,1,3,1,1,16,1,19,2,9,5,1,7,7,1,10,1,12,,100,,1,21,,121.5221231,25.0650052
112,7,5,19,56,2,03中山區,中山區明水路672巷與明水路口,0,0,1,2,F01,8,5,5,50,5,1,1,5,4,5,13,2,1,4,2,5,1,16,2,60,2,9,4,1,7,9,8,20,11,13,,99,,1,21,,121.55098,25.0837538
112,7,5,19,56,2,03中山區,中山區明水路672巷與明水路口,0,0,1,1,B03,8,5,5,50,5,1,1,5,4,5,13,2,1,4,2,5,1,16,1,53,3,10,7,1,7,6,1,8,1,5,,108,,1,21,,121.55098,25.0837538
112,7,5,19,57,2,05中正區,中正區市民大道2段與林森北路口,0,0,1,2,C03,8,5,5,40,4,1,1,5,4,5,13,2,1,1,4,5,2,12,1,65,2,8,5,1,7,9,1,10,1,11,,44,,1,21,,121.5240676,25.0476927
112,7,5,19,57,2,05中正區,中正區市民大道2段與林森北路口,0,0,1,1,C03,8,5,5,40,4,1,1,5,4,5,13,2,1,1,4,5,2,12,1,22,3,10,5,1,7,7,1,10,1,12,,100,,1,25,,121.5240676,25.0476927
112,7,5,20,14,2,04大安區,大安區四維路170巷與敦化南路2段口,0,0,1,2,C03,8,5,5,50,5,1,1,5,4,5,13,2,1,1,4,5,2,16,1,27,2,9,5,1,7,9,1,10,2,11,,118,,1,21,,121.5485106,25.0281726
112,7,5,20,14,2,04大安區,大安區四維路170巷與敦化南路2段口,0,0,1,1,B12,8,5,5,50,5,1,1,5,4,5,13,2,1,1,4,5,2,16,1,45,3,10,7,1,7,5,1,1,2,6,,118,,1,21,,121.5485106,25.0281726
112,7,5,20,21,2,04大安區,大安區信義路3段與建國南路1段口,0,0,1,2,F01,8,5,5,50,4,2,1,5,4,5,13,2,1,1,4,5,2,16,2,40,2,7,4,4,7,5,8,20,1,14,,96,,1,21,,121.5379809,25.033664
112,7,5,20,21,2,04大安區,大安區信義路3段與建國南路1段口,0,0,1,1,B03,8,5,5,50,4,2,1,5,4,5,13,2,1,1,4,5,2,16,2,45,3,10,7,4,7,5,1,8,1,8,,8,,1,21,,121.5379809,25.033664
112,7,5,20,53,2,01大同區,大同區伊寧街與民權西路245巷口,0,0,2,2,C03,8,5,5,30,4,1,1,5,4,5,13,4,4,10,5,5,2,15,1,20,2,9,6,4,7,9,3,18,1,14,,14,,1,22,,121.5106783,25.0645942
112,7,5,20,53,2,01大同區,大同區伊寧街與民權西路245巷口,0,0,2,1,C03,8,5,5,30,4,1,1,5,4,5,13,4,4,10,5,5,2,15,2,56,2,9,6,4,7,9,1,10,1,11,,72,,1,22,,121.5106783,25.0645942
112,7,5,21,51,2,01大同區,大同區環河北路1段與鄭州路口,0,0,1,2,C03,8,5,5,50,4,2,1,5,4,5,13,2,1,9,4,5,2,13,1,43,2,7,6,4,7,9,1,9,1,13,,44,,1,22,,121.5093662,25.06472457
112,7,5,21,51,2,01大同區,大同區環河北路1段與鄭州路口,0,0,1,1,B03,8,5,5,50,4,2,1,5,4,5,13,2,1,9,4,5,2,13,1,69,4,11,3,4,7,21,7,19,11,15,,108,,2,22,,121.5093662,25.06472457
112,7,5,21,54,2,04大安區,大安區和平東路1段與新生南路3段口,0,0,2,1,C03,8,5,5,50,4,2,1,5,4,5,13,2,1,8,3,3,1,17,2,35,2,9,5,1,7,6,1,10,1,12,,100,,1,26,,121.5347432,25.02595707
112,7,5,21,54,2,04大安區,大安區和平東路1段與新生南路3段口,0,0,2,2,C03,8,5,5,50,4,2,1,5,4,5,13,2,1,8,3,3,1,17,1,23,2,2,5,1,7,9,1,10,1,11,,13,,1,26,,121.5347432,25.02595707
112,7,5,22,0,2,01大同區,大同區哈密街59巷與敦煌路口,0,0,2,1,C03,8,5,5,30,4,1,1,5,4,5,13,3,1,9,4,5,2,15,2,54,2,9,5,1,7,9,1,10,1,13,,72,,1,22,,121.5158078,25.0760928
112,7,5,22,0,2,01大同區,大同區哈密街59巷與敦煌路口,0,0,2,2,C03,8,5,5,30,4,1,1,5,4,5,13,3,1,9,4,5,2,15,2,18,2,9,5,1,7,9,1,10,1,12,,14,,1,22,,121.5158078,25.0760928
112,7,5,22,21,2,03中山區,中山區吉林路與新生北路2段149巷口,0,0,1,2,C04,8,5,5,50,5,1,1,5,4,5,13,4,4,9,4,4,1,16,2,25,2,9,5,1,7,9,1,10,1,11,,44,,1,21,,121.5302795,25.0620786
112,7,5,22,21,2,03中山區,中山區吉林路與新生北路2段149巷口,0,0,1,1,B03,8,5,5,50,5,1,1,5,4,5,13,4,4,9,4,4,1,16,1,39,3,10,7,1,7,11,1,8,1,4,,10,,1,21,,121.5302795,25.0620786
112,7,5,22,24,2,09北投區,北投區北投路2段與大興街口,0,0,2,1,B03,8,5,5,50,4,1,1,5,4,5,13,1,1,5,4,5,2,13,1,58,3,10,7,1,7,9,1,8,1,8,,108,,1,22,,121.4995405,25.1303545
112,7,5,22,24,2,09北投區,北投區北投路2段與大興街口,0,0,2,2,C03,8,5,5,50,4,1,1,5,4,5,13,1,1,5,4,5,2,13,1,40,2,5,6,1,7,15,1,10,1,13,,44,,1,22,,121.4995405,25.1303545
112,7,5,22,24,2,09北投區,北投區北投路2段與大興街口,0,0,2,3,H02,8,5,5,50,4,1,1,5,4,5,13,1,1,5,4,5,2,13,2,35,2,9,5,5,7,20,8,20,10,16,,67,,1,22,,121.4995405,25.1303545
112,7,5,22,45,2,06松山區,松山區市民大道4段93號,0,0,1,1,B01,8,5,5,40,14,9,1,5,4,5,13,4,4,9,4,5,2,16,1,62,3,10,7,1,7,7,1,4,2,2,,100,,1,21,,121.5485976,25.04501447
112,7,5,22,45,2,06松山區,松山區市民大道4段93號,0,0,1,2,C03,8,5,5,40,14,9,1,5,4,5,13,4,4,9,4,5,2,16,2,21,2,7,6,1,7,9,1,10,2,14,,13,,1,21,,121.5485976,25.04501447
112,7,5,23,0,2,02萬華區,萬華區西園路2段與西園路2段372巷口,0,0,1,1,B01,8,5,5,50,4,1,1,5,4,5,13,3,1,8,3,5,2,16,1,55,3,10,7,1,7,5,1,4,1,1,,108,,1,21,,121.4918539,25.02525604
112,7,5,23,0,2,02萬華區,萬華區西園路2段與西園路2段372巷口,0,0,1,2,C03,8,5,5,50,4,1,1,5,4,5,13,3,1,8,3,5,2,16,1,62,2,8,5,1,7,6,1,10,1,12,,44,,1,21,,121.4918539,25.02525604
112,7,6,0,36,2,07信義區,信義區基隆路1段與信義路4段口,0,0,1,2,C03,8,5,5,50,4,4,1,5,4,5,13,1,1,1,4,5,1,13,1,46,2,8,5,1,7,14,1,10,1,13,,118,,1,21,,121.5596024,25.0333245
112,7,6,0,36,2,07信義區,信義區基隆路1段與信義路4段口,0,0,1,1,B02,8,5,5,50,4,4,1,5,4,5,13,1,1,1,4,5,1,13,1,32,3,10,7,1,7,9,1,8,1,1,,118,,1,21,,121.5596024,25.0333245
112,7,6,1,13,2,05中正區,中正區南海路與牯嶺街口,0,0,1,2,C03,8,5,5,30,4,1,4,5,4,1,13,1,1,10,4,5,2,16,2,21,2,9,5,1,7,9,1,10,1,12,,13,,1,22,,121.5150253,25.0320033
112,7,6,1,13,2,05中正區,中正區南海路與牯嶺街口,0,0,1,1,B01,8,5,5,30,4,1,4,5,4,1,13,1,1,10,4,5,2,16,2,47,3,10,7,1,7,5,1,4,1,4,,8,,1,22,,121.5150253,25.0320033
112,7,6,2,15,2,06松山區,松山區寶清街45號,0,0,2,1,C03,8,5,5,50,14,9,1,5,4,5,13,4,4,5,4,5,2,13,1,21,2,9,6,1,7,9,1,10,1,11,,108,,1,21,,121.5686184,25.05067457
112,7,6,2,15,2,06松山區,松山區寶清街45號,0,0,2,2,B02,8,5,5,50,14,9,1,5,4,5,13,4,4,5,4,5,2,13,1,56,3,10,7,1,7,13,1,8,1,7,,38,,1,21,,121.5686184,25.05067457
112,7,6,2,15,2,06松山區,松山區寶清街45號,0,0,2,3,H02,8,5,5,50,14,9,1,5,4,5,13,4,4,5,4,5,2,13,2,43,2,9,6,5,7,20,8,20,10,16,,67,,1,21,,121.5686184,25.05067457
112,7,6,7,5,2,01大同區,大同區民權西路與蘭州街口,0,0,2,2,C03,8,6,5,50,4,1,1,5,4,5,13,2,1,9,4,5,2,17,1,60,2,9,5,1,7,7,1,10,2,13,,100,,1,21,,121.5148263,25.0628667
112,7,6,7,5,2,01大同區,大同區民權西路與蘭州街口,0,0,2,1,C03,8,6,5,50,4,1,1,5,4,5,13,2,1,9,4,5,2,17,2,71,2,9,5,1,7,9,1,10,2,11,,44,,1,21,,121.5148263,25.0628667
112,7,6,7,12,2,07信義區,信義區忠孝東路5段345巷與忠孝東路5段295巷2弄口,0,0,2,1,C03,8,7,5,30,4,1,1,5,4,5,13,4,4,10,5,5,2,15,1,53,2,9,6,1,7,9,1,10,1,11,,72,,1,21,,121.5740611,25.041416
112,7,6,7,12,2,07信義區,信義區忠孝東路5段345巷與忠孝東路5段295巷2弄口,0,0,2,2,C03,8,7,5,30,4,1,1,5,4,5,13,4,4,10,5,5,2,15,1,75,2,9,5,1,7,9,6,18,1,11,,13,,1,21,,121.5740611,25.041416
112,7,6,7,23,2,01大同區,大同區台北橋機慢車道(西向東),0,0,2,3,C03,8,6,7,40,14,12,1,5,4,5,13,4,4,8,3,5,1,13,1,40,3,10,6,1,7,9,1,10,2,13,,44,,1,22,,121.5089081,25.06331272
112,7,6,7,23,2,01大同區,大同區台北橋機慢車道(西向東),0,0,2,2,C03,8,6,7,40,14,12,1,5,4,5,13,4,4,8,3,5,1,13,2,61,2,7,6,1,7,9,1,10,2,11,,16,,1,22,,121.5089081,25.06331272
112,7,6,7,23,2,01大同區,大同區台北橋機慢車道(西向東),0,0,2,1,C03,8,6,7,40,14,12,1,5,4,5,13,4,4,8,3,5,1,13,1,58,2,9,6,1,7,9,3,18,7,11,,16,,1,22,,121.5089081,25.06331272
112,7,6,7,40,2,05中正區,中正區金山南路1段與臨沂街84巷口,0,0,1,1,B01,8,7,5,50,3,1,1,5,4,5,13,4,4,1,4,5,2,17,1,69,3,10,7,1,7,7,1,4,1,17,,100,,1,21,,121.5274067,25.0344924
112,7,6,7,40,2,05中正區,中正區金山南路1段與臨沂街84巷口,0,0,1,2,C03,8,7,5,50,3,1,1,5,4,5,13,4,4,1,4,5,2,17,1,28,2,9,6,1,7,9,1,10,1,17,,44,,1,21,,121.5274067,25.0344924
112,7,6,7,45,2,10文山區,文山區新光路2段動物園汙水處理廠,0,0,2,2,C03,8,6,5,50,14,9,1,5,4,5,13,4,4,1,4,5,2,16,1,39,2,8,3,4,7,9,1,10,2,11,,44,,1,21,,121.5749437,24.99546303
112,7,6,7,45,2,10文山區,文山區新光路2段動物園汙水處理廠,0,0,2,1,C03,8,6,5,50,14,9,1,5,4,5,13,4,4,1,4,5,2,16,1,57,2,8,3,4,7,11,1,10,2,14,,10,,1,21,,121.5749437,24.99546303
112,7,6,7,51,2,12內湖區,內湖區內湖路3段131號與內湖路3段136巷口,0,0,2,2,C03,8,5,5,50,3,2,1,5,4,5,13,4,4,5,5,5,2,17,1,36,2,9,6,1,7,9,1,10,2,14,,108,,1,21,,121.5900367,25.08684478
112,7,6,7,51,2,12內湖區,內湖區內湖路3段131號與內湖路3段136巷口,0,0,2,1,C03,8,5,5,50,3,2,1,5,4,5,13,4,4,5,5,5,2,17,1,25,2,9,6,1,7,8,1,10,2,11,,100,,1,21,,121.5900367,25.08684478
112,7,6,7,52,2,01大同區,大同區重慶北路3段與民權西路口,0,0,2,2,C03,8,6,5,50,4,4,1,5,4,5,13,2,1,1,5,5,2,13,1,38,2,9,6,1,7,14,1,10,1,13,,44,,1,22,,121.5139966,25.0630842
112,7,6,7,52,2,01大同區,大同區重慶北路3段與民權西路口,0,0,2,1,C03,8,6,5,50,4,4,1,5,4,5,13,2,1,1,5,5,2,13,1,25,2,9,6,1,7,9,1,10,1,11,,108,,1,22,,121.5139966,25.0630842
112,7,6,7,54,2,08士林區,士林區葫蘆街與延平北路5段275巷15弄口,0,0,3,2,C03,8,6,5,50,3,1,1,5,4,5,13,4,4,9,5,5,1,17,2,34,2,7,6,1,7,9,1,10,2,12,,44,,1,22,,121.5092457,25.08392716
112,7,6,7,54,2,08士林區,士林區葫蘆街與延平北路5段275巷15弄口,0,0,3,3,H02,8,6,5,50,3,1,1,5,4,5,13,4,4,9,5,5,1,17,2,69,2,8,6,5,7,17,8,20,10,16,,67,,1,22,,121.5092457,25.08392716
112,7,6,7,54,2,08士林區,士林區葫蘆街與延平北路5段275巷15弄口,0,0,3,1,C03,8,6,5,50,3,1,1,5,4,5,13,4,4,9,5,5,1,17,1,78,2,8,5,1,7,5,1,10,2,14,,8,,1,22,,121.5092457,25.08392716
112,7,6,8,10,2,08士林區,士林區重慶北路4段226號,0,0,1,2,B03,8,7,5,50,14,7,1,5,4,5,13,4,4,1,4,4,2,17,1,47,3,10,7,1,7,9,1,8,1,2,,44,,1,21,,121.5112767,25.08587783
112,7,6,8,10,2,08士林區,士林區重慶北路4段226號,0,0,1,3,H02,8,7,5,50,14,7,1,5,4,5,13,4,4,1,4,4,2,17,2,17,2,9,6,5,7,20,8,20,10,16,,67,,1,21,,121.5112767,25.08587783
112,7,6,8,10,2,08士林區,士林區重慶北路4段226號,0,0,1,1,C03,8,7,5,50,14,7,1,5,4,5,13,4,4,1,4,4,2,17,2,46,3,10,6,1,7,8,1,10,1,14,,100,,1,21,,121.5112767,25.08587783
112,7,6,8,22,2,05中正區,中正區羅斯福路3段166號,0,0,1,3,B03,8,6,5,50,14,9,1,5,4,5,13,4,4,1,4,5,1,17,1,22,3,10,7,1,7,9,1,8,2,5,,44,,1,21,,121.5287938,25.02002363
112,7,6,8,22,2,05中正區,中正區羅斯福路3段166號,0,0,1,2,B12,8,6,5,50,14,9,1,5,4,5,13,4,4,1,4,5,1,17,1,27,3,10,7,1,7,9,1,8,2,7,,44,,1,21,,121.5287938,25.02002363
112,7,6,8,22,2,05中正區,中正區羅斯福路3段166號,0,0,1,1,C03,8,6,5,50,14,9,1,5,4,5,13,4,4,1,4,5,1,17,2,19,2,7,6,1,7,9,1,10,2,11,,108,,1,21,,121.5287938,25.02002363
112,7,6,8,39,2,08士林區,士林區文林路101巷與文林路口,0,0,1,1,B01,8,6,5,50,4,1,1,5,4,5,13,2,1,5,5,5,1,12,1,58,3,10,7,1,7,11,1,4,1,4,,10,,1,22,,121.5262265,25.08805468
112,7,6,8,39,2,08士林區,士林區文林路101巷與文林路口,0,0,1,2,C03,8,6,5,50,4,1,1,5,4,5,13,2,1,5,5,5,1,12,1,59,2,8,6,1,7,9,1,9,1,11,,108,,1,22,,121.5262265,25.08805468
112,7,6,8,43,2,02萬華區,萬華區莒光路與莒光路166巷口,0,0,2,2,C03,8,6,5,50,3,1,1,5,4,5,13,2,1,3,4,5,2,16,1,40,2,9,5,4,7,9,1,10,1,11,,13,,1,21,,121.5022482,25.0312077
112,7,6,8,43,2,02萬華區,萬華區莒光路與莒光路166巷口,0,0,2,1,C03,8,6,5,50,3,1,1,5,4,5,13,2,1,3,4,5,2,16,1,71,2,9,5,4,7,8,1,10,1,14,,100,,1,21,,121.5022482,25.0312077
112,7,6,8,56,2,06松山區,松山區市民大道4段99號,0,0,1,3,C03,8,7,5,40,14,9,1,4,4,5,13,4,4,1,5,5,2,17,2,56,3,10,3,4,7,9,1,10,1,11,,108,,1,22,,121.5478665,25.0452433
112,7,6,8,56,2,06松山區,松山區市民大道4段99號,0,0,1,1,C03,8,7,5,40,14,9,1,4,4,5,13,4,4,1,5,5,2,17,2,43,3,10,3,4,7,9,1,10,1,17,,30,,1,22,,121.5478665,25.0452433
112,7,6,8,56,2,06松山區,松山區市民大道4段99號,0,0,1,4,C03,8,7,5,40,14,9,1,4,4,5,13,4,4,1,5,5,2,17,2,25,2,9,3,4,7,9,1,10,1,12,,13,,1,22,,121.5478665,25.0452433
112,7,6,8,56,2,06松山區,松山區市民大道4段99號,0,0,1,2,C03,8,7,5,40,14,9,1,4,4,5,13,4,4,1,5,5,2,17,1,37,3,10,3,4,7,9,1,10,1,14,,13,,1,22,,121.5478665,25.0452433
112,7,6,9,1,2,07信義區,信義區吳興街156巷與吳興街156巷33弄口,0,0,1,1,B03,8,7,5,30,3,2,1,5,4,5,13,4,4,5,2,5,2,17,2,46,3,10,7,1,7,9,1,8,1,1,,107,,1,22,,121.5605078,25.0283667
112,7,6,9,1,2,07信義區,信義區吳興街156巷與吳興街156巷33弄口,0,0,1,2,C03,8,7,5,30,3,2,1,5,4,5,13,4,4,5,2,5,2,17,2,38,2,9,6,1,7,5,1,10,1,13,,74,,1,22,,121.5605078,25.0283667
112,7,6,9,5,2,04大安區,大安區和平東路1段與溫州街5巷口,0,0,1,2,B03,8,7,5,50,14,9,1,5,4,5,13,2,1,1,3,5,2,12,2,48,3,10,3,4,7,9,1,4,1,5,,118,,1,22,,121.5343477,25.0260212
112,7,6,9,5,2,04大安區,大安區和平東路1段與溫州街5巷口,0,0,1,1,C03,8,7,5,50,14,9,1,5,4,5,13,2,1,1,3,5,2,12,2,58,2,8,5,1,7,7,1,10,1,14,,101,,1,22,,121.5343477,25.0260212
112,7,6,9,11,2,04大安區,大安區市民大道3段206號,0,0,1,1,B03,8,5,5,40,14,9,1,5,4,5,13,4,4,1,3,5,2,12,2,43,3,10,7,1,7,9,1,14,1,2,,107,,1,21,,121.5398102,25.0442878
112,7,6,9,11,2,04大安區,大安區市民大道3段206號,0,0,1,2,C04,8,5,5,40,14,9,1,5,4,5,13,4,4,1,3,5,2,12,2,62,2,9,6,1,7,9,1,11,1,14,,44,,1,22,,121.5398102,25.0442878
112,7,6,9,30,2,10文山區,文山區興隆路3段與萬芳路口,0,0,1,2,C03,8,6,5,50,4,1,1,5,4,5,13,2,1,1,4,5,2,16,1,59,2,8,6,1,7,9,1,10,1,11,,44,,1,22,,121.5598676,24.9967621
112,7,6,9,30,2,10文山區,文山區興隆路3段與萬芳路口,0,0,1,1,B03,8,6,5,50,4,1,1,5,4,5,13,2,1,1,4,5,2,16,1,27,3,10,7,1,7,5,1,8,1,1,,74,,1,22,,121.5598676,24.9967621
112,7,6,9,30,2,07信義區,信義區仁愛路4段北側附近,0,0,1,1,C03,8,6,5,50,14,9,1,5,4,5,13,4,4,1,3,5,1,12,1,52,2,8,6,1,7,1,1,10,1,14,,19,,1,21,,121.5586298,25.0377625
112,7,6,9,30,2,07信義區,信義區仁愛路4段北側附近,0,0,1,2,B01,8,6,5,50,14,9,1,5,4,5,13,4,4,1,3,5,1,12,1,43,3,10,7,4,7,9,1,4,1,2,,108,,1,21,,121.5586298,25.0377625
112,7,6,9,45,2,07信義區,信義區林口街20號,0,0,2,1,C03,8,7,5,40,14,7,1,5,4,5,13,4,4,9,4,4,2,16,2,38,2,9,6,1,7,1,1,10,1,14,,19,,1,21,,121.579254,25.0371613
112,7,6,9,45,2,07信義區,信義區林口街20號,0,0,2,2,C03,8,7,5,40,14,7,1,5,4,5,13,4,4,9,4,4,2,16,2,34,2,9,6,1,7,9,1,10,1,11,,44,,1,21,,121.579254,25.0371613
112,7,6,9,50,2,12內湖區,內湖區民權大橋東向西7510484燈桿,0,0,2,3,H02,8,7,5,50,8,9,1,5,4,1,13,4,4,1,4,3,2,16,2,24,2,1,5,5,7,20,8,20,10,16,,67,,1,22,,121.5707058,25.06440893
112,7,6,9,50,2,12內湖區,內湖區民權大橋東向西7510484燈桿,0,0,2,2,C03,8,7,5,50,8,9,1,5,4,1,13,4,4,1,4,3,2,16,1,54,2,9,5,1,7,9,6,10,1,14,,13,,1,22,,121.5707058,25.06440893
112,7,6,9,50,2,12內湖區,內湖區民權大橋東向西7510484燈桿,0,0,2,1,B03,8,7,5,50,8,9,1,5,4,1,13,4,4,1,4,3,2,16,1,73,3,10,7,1,7,6,1,8,1,5,,9,,1,21,,121.5707058,25.06440893
112,7,6,10,12,2,08士林區,士林區延平北路6段91號前,0,0,1,2,C03,8,7,5,50,14,9,1,5,4,5,13,2,1,5,4,5,1,17,2,46,2,8,6,1,7,9,1,10,1,13,,44,,1,21,,121.5084398,25.08857519
112,7,6,10,12,2,08士林區,士林區延平北路6段91號前,0,0,1,1,B12,8,7,5,50,14,9,1,5,4,5,13,2,1,5,4,5,1,17,1,56,3,10,7,1,7,9,1,8,1,1,,108,,1,21,,121.5084398,25.08857519
112,7,6,10,43,2,06松山區,松山區南京東路5段34號,0,0,1,2,C03,8,7,5,40,3,1,1,5,4,5,13,1,1,9,4,4,1,17,1,26,3,10,5,1,7,9,1,10,1,11,,44,,1,22,,121.5591338,25.05143978
112,7,6,10,43,2,06松山區,松山區南京東路5段34號,0,0,1,1,C03,8,7,5,40,3,1,1,5,4,5,13,1,1,9,4,4,1,17,1,28,2,9,5,1,7,6,1,10,1,12,,9,,1,22,,121.5591338,25.05143978
112,7,6,10,47,2,10文山區,文山區忠順街1段10巷與木新路3段232巷45弄口,0,0,1,1,C03,8,6,5,30,3,2,1,5,4,5,13,4,4,10,5,5,2,17,1,75,2,8,3,4,7,5,1,10,2,12,,8,,1,21,,121.5586048,24.98300148
112,7,6,10,47,2,10文山區,文山區忠順街1段10巷與木新路3段232巷45弄口,0,0,1,2,C03,8,6,5,30,3,2,1,5,4,5,13,4,4,10,5,5,2,17,2,54,3,10,3,4,7,6,1,11,2,12,,5,,1,21,,121.5586048,24.98300148
112,7,6,10,50,2,04大安區,大安區瑞安街與瑞安街23巷口,0,0,1,2,C03,8,6,5,30,4,1,1,5,4,5,13,4,4,10,5,5,1,16,1,23,2,9,6,4,7,6,1,10,2,11,,9,,1,21,,121.5439712,25.0311072
112,7,6,10,50,2,04大安區,大安區瑞安街與瑞安街23巷口,0,0,1,1,B12,8,6,5,30,4,1,1,5,4,5,13,4,4,10,5,5,1,16,1,55,3,10,3,4,7,5,1,8,2,2,,17,,1,21,,121.5439712,25.0311072
112,7,6,11,20,2,03中山區,中山區松江路74號,0,0,1,1,B12,8,5,5,50,14,9,1,5,4,5,13,4,4,1,4,5,2,12,1,36,3,10,7,1,7,1,1,8,1,7,,19,,1,21,,121.5328991,25.04965768
112,7,6,11,20,2,03中山區,中山區松江路74號,0,0,1,2,C03,8,5,5,50,14,9,1,5,4,5,13,4,4,1,4,5,2,12,2,22,2,9,6,1,7,9,1,10,1,11,,108,,1,21,,121.5328991,25.04965768
112,7,6,11,55,2,02萬華區,萬華區萬大路與雙和街口,0,0,2,1,C03,8,5,8,30,22,22,1,5,4,5,13,1,1,10,5,5,2,17,1,56,2,8,3,4,7,6,1,10,1,12,,9,,1,21,,121.5006379,25.02760298
112,7,6,11,55,2,02萬華區,萬華區萬大路與雙和街口,0,0,2,2,C03,8,5,8,30,22,22,1,5,4,5,13,1,1,10,5,5,2,17,2,72,2,9,3,4,7,9,1,10,1,14,,13,,1,21,,121.5006379,25.02760298
112,7,6,12,10,2,12內湖區,內湖區安康路與成功路2段口,0,0,1,3,,8,6,5,50,4,2,1,5,4,1,13,2,1,8,3,5,2,17,3,0,,,,,,,,,,,,67,,1,,,121.5912101,25.06065705
112,7,6,12,10,2,12內湖區,內湖區安康路與成功路2段口,0,0,1,2,B02,8,6,5,50,4,2,1,5,4,1,13,2,1,8,3,5,2,17,1,22,3,10,7,1,7,8,1,8,1,8,,100,,1,21,,121.5912101,25.06065705
112,7,6,12,10,2,12內湖區,內湖區安康路與成功路2段口,0,0,1,1,C03,8,6,5,50,4,2,1,5,4,1,13,2,1,8,3,5,2,17,1,50,2,9,5,1,7,6,1,9,1,12,,9,,1,21,,121.5912101,25.06065705
112,7,6,12,29,2,01大同區,大同區南京西路25巷4號,0,0,2,1,C03,8,6,5,30,14,9,1,5,4,5,13,4,4,10,5,5,1,3,1,23,2,9,6,1,7,9,1,10,2,11,,107,,1,22,,121.5203315,25.05386755
112,7,6,12,29,2,01大同區,大同區南京西路25巷4號,0,0,2,2,H01,8,6,5,30,14,9,1,5,4,5,13,4,4,10,5,5,1,3,1,57,2,9,4,5,8,16,8,20,10,16,,121,,1,22,,121.5203315,25.05386755
112,7,6,12,31,2,03中山區,中山區龍江路與龍江路397巷口,0,0,1,1,C03,8,7,5,50,4,2,1,5,4,5,13,4,4,9,5,5,2,3,1,43,3,10,5,1,7,9,1,10,11,12,,70,,2,22,,121.5409363,25.06549842