發生年度,發生月,發生日,發生時-Hours,發生分,處理別-編號,區序,肇事地點,死亡人數,2-30日死亡人數,受傷人數,當事人序號,車種,天候,光線,道路類別,速限-速度限制,道路型態,事故位置,路面狀況1,路面狀況2,路面狀況3,道路障礙1,道路障礙2,號誌1,號誌2,車道劃分-分向,車道劃分-分道1,車道劃分-分道2,車道劃分-分道3,事故類型及型態,性別,年齡,受傷程度,主要傷處,保護裝置,行動電話,車輛用途,當事者行動狀態,駕駛資格情形,駕駛執照種類,飲酒情形,車輛撞擊部位1,車輛撞擊部位2,肇因碼-個別,肇因碼-主要,個人肇逃否,職業,旅次目的,座標-X,座標-Y
112,7,6,12,31,2,03中山區,中山區龍江路與龍江路397巷口,0,0,1,2,H01,8,7,5,50,4,2,1,5,4,5,13,4,4,9,5,5,2,3,1,12,2,8,4,5,8,18,8,20,10,16,,67,,1,14,,121.5409363,25.06549842
112,7,6,13,31,2,03中山區,中山區長安東路1段與長安東路1段77巷口,0,0,1,1,C03,8,7,5,50,4,1,1,5,4,5,13,1,1,5,4,5,2,12,1,28,2,8,6,1,7,8,1,10,1,14,12,100,,1,21,,121.5281409,25.04834245
112,7,6,13,31,2,03中山區,中山區長安東路1段與長安東路1段77巷口,0,0,1,2,B03,8,7,5,50,4,1,1,5,4,5,13,1,1,5,4,5,2,12,1,33,3,10,7,1,7,9,1,8,1,5,,44,,1,21,,121.5281409,25.04834245
112,7,6,13,31,2,04大安區,大安區金華街與潮州街55巷口,0,0,1,1,B03,8,6,5,50,3,1,1,5,4,5,13,4,4,9,4,5,2,17,1,73,3,10,7,1,7,11,1,8,1,4,,10,,1,21,,121.5242648,25.0305457
112,7,6,13,31,2,04大安區,大安區金華街與潮州街55巷口,0,0,1,2,C03,8,6,5,50,3,1,1,5,4,5,13,4,4,9,4,5,2,17,1,29,2,9,5,1,7,9,1,10,1,11,,44,,1,21,,121.5242648,25.0305457
112,7,6,13,52,2,01大同區,大同區南京西路25巷38號前,0,0,1,2,C03,8,5,5,30,3,2,1,5,4,5,13,4,4,10,5,5,2,12,1,50,2,7,3,4,7,14,1,10,9,12,,118,,1,22,,121.5204215,25.0568963
112,7,6,13,52,2,01大同區,大同區南京西路25巷38號前,0,0,1,1,B12,8,5,5,30,3,2,1,5,4,5,13,4,4,10,5,5,2,12,4,0,,,,,,,,,11,,,119,,2,,,121.5204215,25.0568963
112,7,6,13,54,2,02萬華區,萬華區寶興街34號,0,0,1,1,B01,8,6,5,50,14,9,1,5,4,5,13,4,4,9,4,5,1,12,2,60,3,10,7,1,7,9,1,4,1,2,,17,,1,21,,121.4934508,25.027299
112,7,6,13,54,2,02萬華區,萬華區寶興街34號,0,0,1,2,C03,8,6,5,50,14,9,1,5,4,5,13,4,4,9,4,5,1,12,1,71,2,9,5,1,7,9,1,10,1,14,,17,,1,21,,121.4934508,25.027299
112,7,6,13,55,2,04大安區,大安區大安路1段與大安路1段83巷口,0,0,1,2,C03,8,7,5,30,4,1,1,5,4,5,13,4,4,10,4,5,2,15,1,43,2,9,6,1,7,9,1,10,1,14,,44,,1,21,,121.5461381,25.0409824
112,7,6,13,55,2,04大安區,大安區大安路1段與大安路1段83巷口,0,0,1,1,B03,8,7,5,30,4,1,1,5,4,5,13,4,4,10,4,5,2,15,2,33,3,10,7,1,7,9,1,8,1,1,,73,,1,21,,121.5461381,25.0409824
112,7,6,14,8,2,11南港區,南港區昆陽街172巷與昆陽街口,0,0,1,1,B03,8,5,5,30,4,1,1,5,4,5,13,4,4,10,5,5,2,17,1,35,3,10,3,4,7,6,1,8,1,5,,72,,1,22,,121.5934125,25.04821064
112,7,6,14,8,2,11南港區,南港區昆陽街172巷與昆陽街口,0,0,1,2,C03,8,5,5,30,4,1,1,5,4,5,13,4,4,10,5,5,2,17,1,44,2,9,3,4,7,9,1,10,1,11,,14,,1,22,,121.5934125,25.04821064
112,7,6,14,17,2,07信義區,信義區松信路與永吉路180巷29弄口,0,0,1,2,C03,8,5,5,30,4,2,1,5,4,5,13,1,1,5,5,4,1,15,2,19,2,9,6,1,7,9,1,10,1,11,,44,,1,21,,121.5720208,25.0446302
112,7,6,14,17,2,07信義區,信義區松信路與永吉路180巷29弄口,0,0,1,1,B03,8,5,5,30,4,2,1,5,4,5,13,1,1,5,5,4,1,15,2,65,3,10,7,1,7,15,1,8,1,2,,42,,1,21,,121.5720208,25.0446302
112,7,6,14,47,2,11南港區,南港區忠孝東路5段與中坡南路口,0,0,1,2,C03,8,7,5,50,4,1,1,5,4,5,13,2,1,1,4,5,2,17,1,58,2,9,6,1,7,9,1,10,1,14,,44,,1,21,,121.5818559,25.0442562
112,7,6,14,47,2,11南港區,南港區忠孝東路5段與中坡南路口,0,0,1,1,B01,8,7,5,50,4,1,1,5,4,5,13,2,1,1,4,5,2,17,1,66,3,10,7,1,7,5,1,4,1,1,,74,,1,22,,121.5818559,25.0442562
112,7,6,14,55,2,12內湖區,(瑞湖街101號前),0,0,1,1,B03,8,5,5,50,3,1,1,5,4,5,13,4,4,5,5,5,1,17,1,35,3,10,7,1,7,1,1,8,2,2,,19,,1,21,,121.5759409,25.07357854
112,7,6,14,55,2,12內湖區,(瑞湖街101號前),0,0,1,2,C03,8,5,5,50,3,1,1,5,4,5,13,4,4,5,5,5,1,17,2,44,2,9,6,1,7,9,1,10,2,11,,14,,1,21,,121.5759409,25.07357854
112,7,6,15,8,2,01大同區,大同區蘭州街與民權西路口,0,0,1,2,C03,8,5,5,50,4,2,1,5,4,5,13,4,4,10,4,5,2,12,2,62,2,8,3,4,7,8,1,10,2,11,,100,,1,22,,121.5146706,25.06281787
112,7,6,15,8,2,01大同區,大同區蘭州街與民權西路口,0,0,1,1,C03,8,5,5,50,4,2,1,5,4,5,13,4,4,10,4,5,2,12,1,63,3,10,3,4,7,4,1,10,2,12,,107,,1,22,,121.5146706,25.06281787
112,7,6,15,33,2,11南港區,南港區市民大道7段與東新街口,0,0,1,1,B12,8,7,5,50,4,1,1,5,4,5,13,2,1,1,3,5,1,16,2,26,3,10,3,4,7,5,1,8,1,5,,74,,1,22,,121.5839104,25.0496275
112,7,6,15,33,2,11南港區,南港區市民大道7段與東新街口,0,0,1,2,C04,8,7,5,50,4,1,1,5,4,5,13,2,1,1,3,5,1,16,1,30,2,9,6,4,7,9,1,10,1,11,,13,,1,22,,121.5839104,25.0496275
112,7,6,15,40,2,09北投區,北投區公館路416號,0,0,1,1,C03,8,7,5,50,14,9,1,5,4,5,13,4,4,5,4,5,2,12,2,62,2,9,3,4,7,7,1,10,2,12,,100,,1,26,,121.5027752,25.1221671
112,7,6,15,40,2,09北投區,北投區公館路416號,0,0,1,2,B03,8,7,5,50,14,9,1,5,4,5,13,4,4,5,4,5,2,12,2,54,3,10,3,4,7,9,1,8,2,8,,44,,1,22,,121.5027752,25.1221671
112,7,6,16,5,2,04大安區,大安區仁愛路3段與復興南路1段口,0,0,1,1,B03,8,6,5,50,4,1,1,5,4,5,13,1,1,1,4,1,1,16,2,81,3,10,3,4,7,8,1,8,1,8,,100,,1,22,,121.5434946,25.03781
112,7,6,16,5,2,04大安區,大安區仁愛路3段與復興南路1段口,0,0,1,2,B03,8,6,5,50,4,1,1,5,4,5,13,1,1,1,4,1,1,16,1,44,2,3,3,4,7,9,1,8,1,2,,44,,1,22,,121.5434946,25.03781
112,7,6,16,10,2,09北投區,北投區自強街120巷15弄與自強街120巷口口,0,0,2,1,C03,8,5,5,30,4,1,1,5,4,5,13,4,4,10,5,5,2,15,2,44,2,9,5,1,7,9,1,10,1,14,,75,,1,21,,121.5158505,25.11032425
112,7,6,16,10,2,09北投區,北投區自強街120巷15弄與自強街120巷口口,0,0,2,2,C03,8,5,5,30,4,1,1,5,4,5,13,4,4,10,5,5,2,15,1,48,2,9,5,1,7,9,1,10,1,11,,14,,1,21,,121.5158505,25.11032425
112,7,6,16,11,2,04大安區,大安區基隆路2段與樂業街口,0,0,2,1,B03,8,5,5,40,4,1,1,5,4,5,13,2,1,4,3,5,2,15,1,66,3,10,7,1,7,9,1,4,2,1,,81,,1,22,,121.55026,25.0223319
112,7,6,16,11,2,04大安區,大安區基隆路2段與樂業街口,0,0,2,3,H02,8,5,5,40,4,1,1,5,4,5,13,2,1,4,3,5,2,15,1,8,2,9,5,5,7,17,8,20,10,16,,67,,1,22,,121.55026,25.0223319
112,7,6,16,11,2,04大安區,大安區基隆路2段與樂業街口,0,0,2,2,C03,8,5,5,40,4,1,1,5,4,5,13,2,1,4,3,5,2,15,2,40,2,9,5,1,7,9,1,10,1,12,,44,,1,22,,121.55026,25.0223319
112,7,6,17,3,2,03中山區,中山區北安路458巷41弄與大直街口,0,0,1,1,B03,8,5,5,50,5,1,1,5,4,5,13,2,1,5,2,3,1,16,2,68,3,10,7,1,7,6,1,8,1,5,,9,,1,21,,121.5473791,25.0799946
112,7,6,17,3,2,03中山區,中山區北安路458巷41弄與大直街口,0,0,1,2,C03,8,5,5,50,5,1,1,5,4,5,13,2,1,5,2,3,1,16,1,64,2,9,5,1,7,9,1,10,1,14,,108,,1,21,,121.5473791,25.0799946
112,7,6,17,4,2,06松山區,松山區光復北路105號,0,0,1,1,B12,8,5,5,50,14,9,1,5,4,5,13,4,4,5,4,5,2,13,1,47,3,10,7,1,7,9,1,8,2,1,,108,,1,21,,121.5579445,25.05096164
112,7,6,17,4,2,06松山區,松山區光復北路105號,0,0,1,2,C03,8,5,5,50,14,9,1,5,4,5,13,4,4,5,4,5,2,13,1,46,2,6,5,1,7,9,1,10,2,13,,44,,1,21,,121.5579445,25.05096164
112,7,6,17,7,2,02萬華區,萬華區康定路與成都路口,0,0,1,2,C03,8,7,5,50,4,1,1,5,4,5,13,1,1,3,3,4,2,16,2,42,2,9,5,4,7,9,1,10,1,14,,44,,1,22,,121.5026236,25.0437916
112,7,6,17,7,2,02萬華區,萬華區康定路與成都路口,0,0,1,1,B03,8,7,5,50,4,1,1,5,4,5,13,1,1,3,3,4,2,16,1,20,3,10,3,4,7,5,1,8,1,5,,74,,1,22,,121.5026236,25.0437916
112,7,6,17,9,2,02萬華區,萬華區西園路2段與西藏路口,0,0,1,2,C03,8,6,5,50,4,1,1,5,4,5,13,2,1,1,4,5,2,17,1,21,2,5,5,1,7,9,1,10,1,13,,118,,1,25,,121.4958578,25.02867207
112,7,6,17,9,2,02萬華區,萬華區西園路2段與西藏路口,0,0,1,1,B03,8,6,5,50,4,1,1,5,4,5,13,2,1,1,4,5,2,17,1,62,3,10,7,1,7,9,1,8,1,17,,118,,1,21,,121.4958578,25.02867207
112,7,6,17,22,2,06松山區,松山區八德路3段12巷17弄22號,0,0,1,1,B03,8,7,5,30,14,9,1,5,4,5,13,4,4,10,5,5,2,17,1,21,4,11,7,1,7,15,1,8,9,15,,118,,2,22,,121.5516296,25.04665475
112,7,6,17,22,2,06松山區,松山區八德路3段12巷17弄22號,0,0,1,2,C03,8,7,5,30,14,9,1,5,4,5,13,4,4,10,5,5,2,17,1,25,2,8,5,1,7,14,1,10,1,11,,118,,1,22,,121.5516296,25.04665475
112,7,6,17,31,2,07信義區,信義區忠孝東路4段與逸仙路口,0,0,1,2,B01,8,6,5,50,3,1,1,5,4,5,13,2,1,1,4,5,1,13,1,49,3,10,3,4,7,14,1,4,1,7,,44,,1,22,,121.5615038,25.0411191
112,7,6,17,31,2,07信義區,信義區忠孝東路4段與逸仙路口,0,0,1,1,C03,8,6,5,50,3,1,1,5,4,5,13,2,1,1,4,5,1,13,2,43,2,9,3,4,7,9,1,10,1,11,,108,,1,22,,121.5615038,25.0411191
112,7,6,17,36,2,03中山區,中山區明水路447號對面,0,0,2,1,C04,8,7,5,50,14,9,1,5,4,5,13,4,4,3,4,5,2,12,1,25,2,8,3,4,7,9,1,10,1,14,,118,,1,21,,121.5504806,25.0774342
112,7,6,17,36,2,03中山區,中山區明水路447號對面,0,0,2,2,C03,8,7,5,50,14,9,1,5,4,5,13,4,4,3,4,5,2,12,1,43,2,9,3,4,7,9,1,10,1,13,,118,,1,21,,121.5504806,25.0774342
112,7,6,17,42,2,12內湖區,內湖區石潭路與成功路2段口,0,0,1,2,C03,8,7,5,50,3,2,1,5,4,5,13,1,1,4,3,5,2,13,2,31,2,8,5,1,7,14,1,10,1,13,,44,,1,22,,121.5906023,25.06353586
112,7,6,17,42,2,12內湖區,內湖區石潭路與成功路2段口,0,0,1,1,B12,8,7,5,50,3,2,1,5,4,5,13,1,1,4,3,5,2,13,1,51,3,10,7,1,7,1,1,8,1,1,,108,,1,22,,121.5906023,25.06353586
112,7,6,18,0,2,09北投區,北投區大業路540號,0,0,1,2,,8,6,5,50,14,8,1,5,4,4,13,4,4,5,4,5,2,24,3,0,,,,,,,,,,,,67,,1,,,121.4965356,25.1347743
112,7,6,18,0,2,09北投區,北投區大業路540號,0,0,1,1,C03,8,6,5,50,14,8,1,5,4,4,13,4,4,5,4,5,2,24,2,71,2,9,5,1,7,9,1,10,9,14,,118,,1,21,,121.4965356,25.1347743
112,7,6,18,30,2,04大安區,大安區建國南路2段67號人行道,0,0,2,1,F01,8,7,5,0,14,20,4,5,4,5,13,4,4,10,5,5,2,10,1,33,2,9,4,1,7,9,8,20,11,11,,108,,1,22,,121.5380969,25.0313965
112,7,6,18,30,2,04大安區,大安區建國南路2段67號人行道,0,0,2,2,F01,8,7,5,0,14,20,4,5,4,5,13,4,4,10,5,5,2,10,1,14,2,9,4,1,7,9,8,20,11,11,,88,,1,22,,121.5380969,25.0313965
112,7,6,18,51,2,04大安區,大安區金山南路2段215巷與金山南路2段口,0,0,1,2,B01,8,6,5,50,3,1,1,5,4,5,13,4,4,1,4,5,2,16,1,46,3,10,3,4,7,9,1,4,1,2,,44,,1,22,,121.5261744,25.027845
112,7,6,18,51,2,04大安區,大安區金山南路2段215巷與金山南路2段口,0,0,1,1,C03,8,6,5,50,3,1,1,5,4,5,13,4,4,1,4,5,2,16,1,26,2,8,5,4,7,7,1,10,1,14,,100,,1,22,,121.5261744,25.027845
112,7,6,19,19,2,01大同區,大同區重慶北路3段236巷45弄與重慶北路3段252巷口,0,0,1,2,B12,8,5,5,30,4,1,1,5,4,5,13,4,4,10,5,5,1,15,1,57,3,10,7,1,7,9,1,8,2,6,,13,,1,22,,121.5123185,25.07131966
112,7,6,19,19,2,01大同區,大同區重慶北路3段236巷45弄與重慶北路3段252巷口,0,0,1,1,C03,8,5,5,30,4,1,1,5,4,5,13,4,4,10,5,5,1,15,1,27,2,9,6,1,7,9,1,10,2,11,,72,,1,22,,121.5123185,25.07131966
112,7,6,19,19,2,09北投區,北投區大度路3段151號對面,0,0,1,2,C04,8,5,5,50,14,9,1,5,4,5,13,4,4,1,4,5,1,13,1,30,3,10,5,1,7,9,1,9,1,13,,44,,1,22,,121.473521,25.1228938
112,7,6,19,19,2,09北投區,北投區大度路3段151號對面,0,0,1,1,C03,8,5,5,50,14,9,1,5,4,5,13,4,4,1,4,5,1,13,1,39,2,9,5,1,7,9,1,10,1,11,,16,,1,22,,121.473521,25.1228938
112,7,6,19,38,2,04大安區,大安區和平東路3段與和平東路3段406巷口,0,0,1,1,A02,8,5,5,50,11,9,1,5,4,5,13,2,1,1,4,5,2,12,1,60,4,11,7,1,7,5,1,6,11,15,,8,,2,22,,121.5583802,25.01861269
112,7,6,19,38,2,04大安區,大安區和平東路3段與和平東路3段406巷口,0,0,1,2,B01,8,5,5,50,11,9,1,5,4,5,13,2,1,1,4,5,2,12,1,34,2,1,7,1,7,9,1,4,1,5,,44,,1,21,,121.5583802,25.01861269
112,7,6,19,46,2,10文山區,文山區木柵路2段與木柵路2段109巷口口,0,0,1,1,A02,8,5,5,50,4,1,1,5,4,5,13,2,1,4,3,5,2,16,1,64,3,10,7,1,7,5,1,2,2,5,,74,,1,21,,121.5617566,24.9888992
112,7,6,19,46,2,10文山區,文山區木柵路2段與木柵路2段109巷口口,0,0,1,2,C03,8,5,5,50,4,1,1,5,4,5,13,2,1,4,3,5,2,16,2,21,2,9,6,1,7,9,1,10,2,11,,44,,1,21,,121.5617566,24.9888992
112,7,6,20,20,2,03中山區,中山區建國高架道往北長安出口,0,0,2,3,H02,8,5,5,40,10,8,1,5,4,5,13,2,1,1,4,4,2,13,2,32,2,9,5,5,7,20,8,20,10,16,,67,,1,22,,121.5368037,25.04840435
112,7,6,20,20,2,03中山區,中山區建國高架道往北長安出口,0,0,2,2,C03,8,5,5,40,10,8,1,5,4,5,13,2,1,1,4,4,2,13,2,61,2,9,5,1,7,14,1,10,1,13,,44,,1,22,,121.5368037,25.04840435
112,7,6,20,20,2,03中山區,中山區建國高架道往北長安出口,0,0,2,1,C03,8,5,5,40,10,8,1,5,4,5,13,2,1,1,4,4,2,13,1,59,3,10,5,1,7,9,1,10,1,11,,108,,1,22,,121.5368037,25.04840435
112,7,6,20,25,2,11南港區,南港區經貿二路185巷與經貿二路157巷36弄口,0,0,1,2,C03,8,5,5,50,4,2,1,5,4,5,13,4,4,9,4,5,2,17,1,33,2,7,5,1,7,4,1,10,1,12,,94,,1,21,,121.616453,25.060719
112,7,6,20,25,2,11南港區,南港區經貿二路185巷與經貿二路157巷36弄口,0,0,1,1,B03,8,5,5,50,4,2,1,5,4,5,13,4,4,9,4,5,2,17,1,36,3,10,7,1,7,5,1,8,1,7,,44,,1,21,,121.616453,25.060719
112,7,6,20,31,2,06松山區,松山區民生東路3段113巷25弄與民權東路3段160巷口,0,0,1,2,B01,8,5,5,30,4,1,1,5,4,5,13,4,4,10,5,5,2,15,1,66,3,10,7,1,7,9,1,4,1,4,,44,,1,21,,121.5466214,25.0596242
112,7,6,20,31,2,06松山區,松山區民生東路3段113巷25弄與民權東路3段160巷口,0,0,1,1,C03,8,5,5,30,4,1,1,5,4,5,13,4,4,10,5,5,2,15,1,30,2,8,5,1,7,9,1,10,1,11,,72,,1,21,,121.5466214,25.0596242
112,7,6,21,10,2,07信義區,信義區松山路465巷與忠孝東路5段492巷口,0,0,2,1,B03,8,5,5,30,5,1,1,5,4,5,13,4,4,10,5,5,1,15,1,51,3,10,3,4,7,9,1,1,1,1,,72,,1,21,,121.5783706,25.0395552
112,7,6,21,10,2,07信義區,信義區松山路465巷與忠孝東路5段492巷口,0,0,2,2,C03,8,5,5,30,5,1,1,5,4,5,13,4,4,10,5,5,1,15,2,46,2,7,3,4,7,9,1,10,1,14,,32,,1,21,,121.5783706,25.0395552
112,7,6,21,10,2,07信義區,信義區松山路465巷與忠孝東路5段492巷口,0,0,2,3,H02,8,5,5,30,5,1,1,5,4,5,13,4,4,10,5,5,1,15,1,12,2,7,3,5,7,20,8,20,10,16,,67,,1,21,,121.5783706,25.0395552
112,7,6,21,40,2,04大安區,大安區通化街與通化街24巷口,0,0,1,1,E03,8,5,5,30,4,1,1,5,4,5,13,4,4,5,4,5,2,15,1,28,3,10,7,1,7,9,1,8,2,1,,72,,1,23,,121.5542411,25.0316823
112,7,6,21,40,2,04大安區,大安區通化街與通化街24巷口,0,0,1,2,B01,8,5,5,30,4,1,1,5,4,5,13,4,4,5,4,5,2,15,2,51,2,9,7,1,7,9,1,4,2,6,,99,,1,21,,121.5542411,25.0316823
112,7,6,22,5,2,01大同區,大同區鄭州路與西寧北路口,0,0,1,1,B03,7,5,5,40,4,1,1,5,4,5,13,2,1,1,4,5,2,16,2,39,3,10,3,4,7,9,1,8,1,2,,99,,1,22,,121.5081835,25.05063221
112,7,6,22,5,2,01大同區,大同區鄭州路與西寧北路口,0,0,1,2,C03,7,5,5,40,4,1,1,5,4,5,13,2,1,1,4,5,2,16,1,22,2,8,6,4,7,5,1,10,1,14,,44,,1,22,,121.5081835,25.05063221
112,7,6,22,8,2,07信義區,信義區松仁路284公車興雅國中站,0,0,1,2,H02,8,5,5,50,14,8,1,5,4,5,13,4,4,1,4,5,2,9,1,26,2,1,4,5,7,20,8,20,10,17,,67,,1,22,,121.5685129,25.0372857
112,7,6,22,8,2,07信義區,信義區松仁路284公車興雅國中站,0,0,1,1,A02,8,5,5,50,14,8,1,5,4,5,13,4,4,1,4,5,2,9,1,49,3,10,7,1,7,1,1,2,1,17,,108,,1,22,,121.5685129,25.0372857
112,7,6,22,32,2,04大安區,大安區忠孝東路4段與延吉街口,0,0,2,2,C03,8,5,5,50,4,1,1,5,4,5,13,1,1,9,4,5,1,16,1,23,2,8,5,4,7,9,1,10,1,11,,44,,1,21,,121.5545391,25.0413205
112,7,6,22,32,2,04大安區,大安區忠孝東路4段與延吉街口,0,0,2,1,C03,8,5,5,50,4,1,1,5,4,5,13,1,1,9,4,5,1,16,2,51,2,8,5,4,7,5,1,10,1,14,,8,,1,21,,121.5545391,25.0413205
112,7,6,22,36,2,09北投區,北投區石牌路1段166巷與石牌路1段166巷46弄口,0,0,3,1,C03,8,5,5,30,4,1,1,5,4,5,13,4,4,10,5,5,1,16,1,23,2,7,5,1,7,9,1,10,1,12,,72,,1,21,,121.5142913,25.1134276
112,7,6,22,36,2,09北投區,北投區石牌路1段166巷與石牌路1段166巷46弄口,0,0,3,3,H02,8,5,5,30,4,1,1,5,4,5,13,4,4,10,5,5,1,16,2,21,2,7,5,5,7,20,8,20,10,17,,67,,1,21,,121.5142913,25.1134276
112,7,6,22,36,2,09北投區,北投區石牌路1段166巷與石牌路1段166巷46弄口,0,0,3,2,C03,8,5,5,30,4,1,1,5,4,5,13,4,4,10,5,5,1,16,1,37,2,9,5,1,7,9,1,10,1,14,,14,,1,21,,121.5142913,25.1134276
112,7,6,23,18,2,03中山區,中山區中山北路2段175號,0,0,3,3,C03,8,5,5,50,14,9,1,5,4,5,13,4,4,5,4,5,2,12,2,30,2,9,5,1,7,9,1,9,1,14,,44,,1,22,,121.5226731,25.0631348
112,7,6,23,18,2,03中山區,中山區中山北路2段175號,0,0,3,2,C03,8,5,5,50,14,9,1,5,4,5,13,4,4,5,4,5,2,12,2,46,2,9,5,1,7,9,1,10,1,14,,44,,1,22,,121.5226731,25.0631348
112,7,6,23,18,2,03中山區,中山區中山北路2段175號,0,0,3,1,C03,8,5,5,50,14,9,1,5,4,5,13,4,4,5,4,5,2,12,1,64,2,9,6,1,7,7,6,18,1,12,,100,,1,22,,121.5226731,25.0631348
112,7,7,0,6,2,10文山區,文山區指南路2段99號,0,0,1,2,B01,8,5,5,50,14,9,1,5,4,5,13,4,4,5,5,5,2,13,1,52,3,10,7,1,7,12,1,4,1,7,,44,,1,21,,121.575555,24.98771279
112,7,7,0,6,2,10文山區,文山區指南路2段99號,0,0,1,3,F01,8,5,5,50,14,9,1,5,4,5,13,4,4,5,5,5,2,13,1,20,3,10,5,4,7,13,8,20,1,17,,44,,1,22,,121.575555,24.98771279
112,7,7,0,6,2,10文山區,文山區指南路2段99號,0,0,1,1,C03,8,5,5,50,14,9,1,5,4,5,13,4,4,5,5,5,2,13,1,24,2,8,6,1,7,9,1,10,1,11,,108,,1,25,,121.575555,24.98771279
112,7,7,2,2,2,09北投區,北投區竹子湖路馬槽橋,0,0,2,2,C01,8,5,5,40,8,9,1,5,4,5,13,4,4,4,5,5,2,17,1,29,3,10,3,4,7,13,1,9,2,13,,38,,1,22,,121.5625911,25.17859352
112,7,7,2,2,2,09北投區,北投區竹子湖路馬槽橋,0,0,2,3,H01,8,5,5,40,8,9,1,5,4,5,13,4,4,4,5,5,2,17,1,41,2,8,4,5,8,20,8,20,10,16,,67,,1,22,,121.5625911,25.17859352
112,7,7,2,2,2,09北投區,北投區竹子湖路馬槽橋,0,0,2,1,C03,8,5,5,40,8,9,1,5,4,5,13,4,4,4,5,5,2,17,1,16,2,9,3,4,7,6,2,18,2,14,11,42,,1,22,,121.5625911,25.17859352
112,7,7,6,0,2,02萬華區,萬華區萬大路423巷18號,0,0,1,2,C03,7,6,5,0,14,9,1,5,4,5,13,4,4,8,4,5,1,16,1,70,2,9,3,4,7,9,1,10,1,11,,44,,1,22,,121.499334,25.021189
112,7,7,6,0,2,02萬華區,萬華區萬大路423巷18號,0,0,1,1,B03,7,6,5,0,14,9,1,5,4,5,13,4,4,8,4,5,1,16,1,63,3,10,3,4,7,11,1,8,1,4,,10,,1,22,,121.499334,25.021189
112,7,7,6,44,2,04大安區,大安區信義路3段與復興南路1段口,0,0,1,1,C03,8,6,5,50,4,2,1,5,4,5,13,2,1,1,4,5,2,18,2,30,2,9,6,1,7,9,1,10,2,12,,42,,1,21,,121.5434408,25.03349135
112,7,7,6,44,2,04大安區,大安區信義路3段與復興南路1段口,0,0,1,2,,8,6,5,50,4,2,1,5,4,5,13,2,1,1,4,5,2,18,3,0,,,,,,,,,,,,67,,1,,,121.5434408,25.03349135
112,7,7,7,30,2,04大安區,大安區大安路1段與復興南路1段219巷口,0,0,1,1,C04,8,6,5,30,4,1,1,5,4,5,13,1,1,10,4,5,1,15,1,81,2,3,6,1,7,9,1,10,1,14,,81,,1,21,,121.5460898,25.0389909
112,7,7,7,30,2,04大安區,大安區大安路1段與復興南路1段219巷口,0,0,1,2,B03,8,6,5,30,4,1,1,5,4,5,13,1,1,10,4,5,1,15,1,41,3,10,7,1,7,9,1,8,1,1,,44,,1,21,,121.5460898,25.0389909
112,7,7,7,32,2,10文山區,文山區景華街與景華街3巷口,0,0,1,1,B03,8,5,5,30,4,1,1,5,4,5,13,3,1,10,5,5,2,15,1,54,3,10,7,1,7,9,1,8,2,1,,72,,1,21,,121.5416078,24.9949541
112,7,7,7,32,2,10文山區,文山區景華街與景華街3巷口,0,0,1,2,C03,8,5,5,30,4,1,1,5,4,5,13,3,1,10,5,5,2,15,2,28,2,9,6,1,7,9,1,10,2,12,,44,,1,23,,121.5416078,24.9949541
112,7,7,7,48,2,03中山區,中山區錦州街與中原街口,0,0,1,2,C03,8,7,5,50,4,2,1,5,4,5,13,2,1,5,5,4,2,17,1,39,2,9,3,4,7,9,1,10,1,12,,13,,1,21,,121.5289539,25.0603298
112,7,7,7,48,2,03中山區,中山區錦州街與中原街口,0,0,1,1,B03,8,7,5,50,4,2,1,5,4,5,13,2,1,5,5,4,2,17,1,25,3,10,3,4,7,5,1,8,1,4,,8,,1,21,,121.5289539,25.0603298
112,7,7,7,50,2,05中正區,中正區忠孝西路1段與南陽街口對面,0,0,1,2,H02,8,6,5,50,3,2,1,5,4,5,13,4,4,1,2,5,2,9,2,61,2,8,4,5,7,19,8,20,10,16,,67,,1,22,,121.516249,25.0465958
112,7,7,7,50,2,05中正區,中正區忠孝西路1段與南陽街口對面,0,0,1,1,A02,8,6,5,50,3,2,1,5,4,5,13,4,4,1,2,5,2,9,1,44,3,10,7,4,7,14,1,2,2,17,,118,,1,21,,121.516249,25.0465958
112,7,7,8,5,2,08士林區,士林區中正路與華興街口,0,0,1,1,C03,8,6,5,50,4,1,1,5,4,5,13,3,1,3,4,5,2,17,1,52,3,10,5,1,7,11,1,10,1,11,,10,,1,21,,121.5230186,25.0946744
112,7,7,8,5,2,08士林區,士林區中正路與華興街口,0,0,1,2,C03,8,6,5,50,4,1,1,5,4,5,13,3,1,3,4,5,2,17,1,23,2,8,6,1,7,9,1,10,1,11,,44,,1,21,,121.5230186,25.0946744
112,7,7,8,9,2,09北投區,北投區中央南路2段36-2號,0,0,1,1,B03,8,6,5,50,14,9,1,5,4,5,13,4,4,9,5,5,2,17,2,42,3,10,7,1,7,8,1,8,2,1,,100,,1,22,,121.5002152,25.1244238
112,7,7,8,9,2,09北投區,北投區中央南路2段36-2號,0,0,1,2,C03,8,6,5,50,14,9,1,5,4,5,13,4,4,9,5,5,2,17,1,26,2,9,5,1,7,9,1,10,2,11,12,44,,1,22,,121.5002152,25.1244238
112,7,7,8,19,2,11南港區,南港區研究院路2段與福山街口口旁,0,0,2,1,C03,8,6,5,50,4,2,1,5,4,5,13,2,1,1,4,5,2,17,1,59,2,8,6,1,7,7,1,10,1,12,,100,,1,21,,121.6153489,25.0453303