發生年度,發生月,發生日,發生時-Hours,發生分,處理別-編號,區序,肇事地點,死亡人數,2-30日死亡人數,受傷人數,當事人序號,車種,天候,光線,道路類別,速限-速度限制,道路型態,事故位置,路面狀況1,路面狀況2,路面狀況3,道路障礙1,道路障礙2,號誌1,號誌2,車道劃分-分向,車道劃分-分道1,車道劃分-分道2,車道劃分-分道3,事故類型及型態,性別,年齡,受傷程度,主要傷處,保護裝置,行動電話,車輛用途,當事者行動狀態,駕駛資格情形,駕駛執照種類,飲酒情形,車輛撞擊部位1,車輛撞擊部位2,肇因碼-個別,肇因碼-主要,個人肇逃否,職業,旅次目的,座標-X,座標-Y
112,7,8,14,51,2,04大安區,大安區仁愛路4段與仁愛路4段91巷口,0,0,2,2,C03,8,6,5,50,3,1,1,5,4,5,13,4,4,10,4,5,1,12,1,53,2,8,5,4,7,9,1,10,1,11,,44,,1,21,,121.5480762,25.038365
112,7,8,14,52,2,06松山區,松山區撫遠街與撫遠街255巷口,0,0,1,2,C03,8,7,5,50,3,1,1,5,4,5,13,3,1,1,4,5,2,17,2,20,2,8,5,1,7,9,1,10,1,11,,14,,1,22,,121.5671592,25.06066207
112,7,8,14,52,2,06松山區,松山區撫遠街與撫遠街255巷口,0,0,1,1,B12,8,7,5,50,3,1,1,5,4,5,13,3,1,1,4,5,2,17,1,37,3,10,7,1,7,1,1,8,1,7,,19,,1,21,,121.5671592,25.06066207
112,7,8,15,12,2,10文山區,文山區羅斯福路4段與基隆路4段口,0,0,1,2,B03,8,6,5,50,4,1,1,5,4,5,13,1,1,1,4,5,2,16,2,32,3,10,7,1,7,10,1,8,1,1,,100,,1,21,,121.5369798,25.0110518
112,7,8,15,12,2,10文山區,文山區羅斯福路4段與基隆路4段口,0,0,1,1,C03,8,6,5,50,4,1,1,5,4,5,13,1,1,1,4,5,2,16,2,27,2,9,5,1,7,5,1,10,1,13,,96,,1,21,,121.5369798,25.0110518
112,7,8,15,14,2,03中山區,中山區民權東路3段60巷與復興北路402巷口,0,0,1,2,B03,8,5,8,30,4,1,1,5,4,5,13,4,4,10,5,5,2,15,1,42,3,10,7,1,7,9,1,8,1,2,,14,,1,21,,121.5424399,25.06177566
112,7,8,15,14,2,03中山區,中山區民權東路3段60巷與復興北路402巷口,0,0,1,1,C03,8,5,8,30,4,1,1,5,4,5,13,4,4,10,5,5,2,15,2,29,2,8,5,1,7,9,1,10,1,11,,72,,1,21,,121.5424399,25.06177566
112,7,8,15,38,2,08士林區,士林區故宮路與至善路2段口,0,0,1,2,C04,8,6,5,50,14,9,1,5,4,5,13,4,4,1,4,5,1,12,2,70,2,8,3,4,7,9,1,10,1,14,,44,,1,22,,121.5458096,25.09810505
112,7,8,15,38,2,08士林區,士林區故宮路與至善路2段口,0,0,1,1,B03,8,6,5,50,14,9,1,5,4,5,13,4,4,1,4,5,1,12,1,59,3,10,3,4,7,4,1,8,1,2,,17,,1,22,,121.5458096,25.09810505
112,7,8,16,1,2,02萬華區,萬華區西園路1段與西園路1段212巷口,0,0,1,2,B03,8,5,5,40,14,9,1,5,4,5,13,4,4,2,4,5,2,12,1,75,3,10,7,1,7,9,1,8,1,2,,44,,1,21,,121.4993597,25.0359477
112,7,8,16,1,2,02萬華區,萬華區西園路1段與西園路1段212巷口,0,0,1,1,C03,8,5,5,40,14,9,1,5,4,5,13,4,4,2,4,5,2,12,1,74,2,9,5,1,7,10,1,10,1,14,,100,,1,21,,121.4993597,25.0359477
112,7,8,16,5,2,05中正區,中正區博愛路台北郵局旁,0,0,1,1,B01,8,5,5,30,14,9,1,5,4,5,13,4,4,10,5,5,2,12,1,30,2,7,7,1,7,9,1,4,2,4,,44,,1,21,,121.5112346,25.0473185
112,7,8,16,5,2,05中正區,中正區博愛路台北郵局旁,0,0,1,2,A11,8,5,5,30,14,9,1,5,4,5,13,4,4,10,5,5,2,12,1,56,3,10,7,1,7,9,1,3,2,2,,17,,1,21,,121.5112346,25.0473185
112,7,8,16,12,2,08士林區,士林區中山北路6段274號,0,0,1,1,C03,8,6,5,50,14,9,1,5,4,5,13,4,4,1,4,5,2,17,1,37,2,9,6,1,7,9,1,10,2,12,,108,,1,22,,121.5255758,25.1103983
112,7,8,16,12,2,08士林區,士林區中山北路6段274號,0,0,1,5,C03,8,6,5,50,14,9,1,5,4,5,13,4,4,1,4,5,2,17,1,21,3,10,3,4,7,21,1,10,11,12,,44,,1,22,,121.5255758,25.1103983
112,7,8,16,12,2,08士林區,士林區中山北路6段274號,0,0,1,4,C03,8,6,5,50,14,9,1,5,4,5,13,4,4,1,4,5,2,17,1,31,4,11,3,4,7,13,7,19,11,12,,44,,1,22,,121.5255758,25.1103983
112,7,8,16,12,2,08士林區,士林區中山北路6段274號,0,0,1,2,B03,8,6,5,50,14,9,1,5,4,5,13,4,4,1,4,5,2,17,2,49,3,10,7,1,7,15,1,8,2,6,,44,,1,22,,121.5255758,25.1103983
112,7,8,16,12,2,08士林區,士林區中山北路6段274號,0,0,1,3,C03,8,6,5,50,14,9,1,5,4,5,13,4,4,1,4,5,2,17,1,43,3,10,3,1,7,13,1,10,11,12,,44,,1,22,,121.5255758,25.1103983
112,7,8,16,15,2,09北投區,北投區承德路7段與公館路口,0,0,1,2,C03,8,7,5,60,4,1,1,5,4,5,13,2,1,1,4,5,2,12,2,40,2,9,3,4,7,9,1,10,2,14,,44,,1,22,,121.5015337,25.11968567
112,7,8,16,15,2,09北投區,北投區承德路7段與公館路口,0,0,1,1,B01,8,7,5,60,4,1,1,5,4,5,13,2,1,1,4,5,2,12,1,61,3,10,3,4,7,7,1,4,2,6,,100,,1,22,,121.5015337,25.11968567
112,7,8,16,15,2,07信義區,信義區仁愛路4段與逸仙路口,0,0,1,1,C03,8,7,5,50,4,2,1,5,4,5,13,2,1,1,4,1,2,3,1,19,3,10,6,1,7,6,1,10,2,12,,70,,1,22,,121.561262,25.0376889
112,7,8,16,15,2,07信義區,信義區仁愛路4段與逸仙路口,0,0,1,2,H01,8,7,5,50,4,2,1,5,4,5,13,2,1,1,4,1,2,3,1,5,2,1,4,5,8,18,8,20,10,16,,67,,1,24,,121.561262,25.0376889
112,7,8,16,30,2,07信義區,信義區忠孝東路5段478號,0,0,1,2,C03,8,6,5,50,14,9,1,5,4,5,13,4,4,1,2,5,2,12,1,20,2,9,5,1,7,9,1,10,1,12,,13,,1,21,,121.5773657,25.0407898
112,7,8,16,30,2,07信義區,信義區忠孝東路5段478號,0,0,1,1,B01,8,6,5,50,14,9,1,5,4,5,13,4,4,1,2,5,2,12,1,54,3,10,7,1,7,8,1,4,1,8,,100,,1,21,,121.5773657,25.0407898
112,7,8,16,31,2,04大安區,大安區建國南路1段與建國南路1段65巷口,0,0,1,2,C03,8,6,5,50,4,1,1,5,4,5,13,2,1,10,4,5,1,16,1,27,2,8,5,4,7,9,1,10,2,11,,44,,1,21,,121.5368856,25.0436871
112,7,8,16,31,2,04大安區,大安區建國南路1段與建國南路1段65巷口,0,0,1,1,C03,8,6,5,50,4,1,1,5,4,5,13,2,1,10,4,5,1,16,1,45,3,10,5,4,7,6,3,18,5,14,,103,,1,21,,121.5368856,25.0436871
112,7,8,16,45,2,10文山區,文山區木新路2段與保儀路口,0,0,2,3,H02,8,5,5,50,3,1,1,5,4,5,13,2,1,9,4,5,1,17,1,17,2,9,5,5,7,20,8,20,10,16,,67,,1,16,,121.5656807,24.9829611
112,7,8,16,45,2,10文山區,文山區木新路2段與保儀路口,0,0,2,2,C03,8,5,5,50,3,1,1,5,4,5,13,2,1,9,4,5,1,17,2,65,2,9,5,1,7,9,1,10,2,14,,44,,1,21,,121.5656807,24.9829611
112,7,8,16,45,2,10文山區,文山區木新路2段與保儀路口,0,0,2,1,C03,8,5,5,50,3,1,1,5,4,5,13,2,1,9,4,5,1,17,1,65,3,10,5,1,7,5,6,18,2,11,,74,,1,21,,121.5656807,24.9829611
112,7,8,16,59,2,11南港區,南港區大坑街(024燈桿),0,0,1,2,,8,6,5,50,14,9,1,5,4,5,13,4,4,9,5,5,2,38,3,0,,,,,,,,,,,,67,,1,,,121.6184293,25.0443507
112,7,8,16,59,2,11南港區,南港區大坑街(024燈桿),0,0,1,1,B03,8,6,5,50,14,9,1,5,4,5,13,4,4,9,5,5,2,38,1,22,2,7,7,1,7,9,1,8,1,5,,42,,1,21,,121.6184293,25.0443507
112,7,8,17,0,2,12內湖區,內湖區港墘路127巷與港墘路127巷6弄口,0,0,1,1,B03,8,6,5,50,4,2,1,5,4,5,13,4,4,5,5,5,2,17,2,57,3,10,7,1,7,11,1,8,1,8,,10,,1,22,,121.5765367,25.07787522
112,7,8,17,0,2,12內湖區,內湖區港墘路127巷與港墘路127巷6弄口,0,0,1,2,C03,8,6,5,50,4,2,1,5,4,5,13,4,4,5,5,5,2,17,1,35,2,8,6,1,7,9,1,10,1,12,,108,,1,22,,121.5765367,25.07787522
112,7,8,17,20,2,06松山區,松山區南京東路5段273號,0,0,1,1,B03,8,5,5,50,14,9,1,5,4,3,13,2,1,5,4,5,2,12,1,36,3,10,7,1,7,7,1,8,1,2,,100,,1,21,,121.5657278,25.05143297
112,7,8,17,20,2,06松山區,松山區南京東路5段273號,0,0,1,2,C03,8,5,5,50,14,9,1,5,4,3,13,2,1,5,4,5,2,12,1,38,2,7,6,1,7,10,1,10,1,14,,13,,1,21,,121.5657278,25.05143297
112,7,8,17,20,2,06松山區,松山區南京東路5段273號,0,0,1,3,B03,8,5,5,50,14,9,1,5,4,3,13,2,1,5,4,5,2,12,2,49,3,10,7,1,7,14,1,8,9,17,,38,,1,21,,121.5657278,25.05143297
112,7,8,17,40,2,06松山區,松山區敦化北路與八德路3段口,0,0,1,1,B01,8,6,5,50,4,1,1,5,4,5,13,2,1,1,4,5,2,16,1,67,3,10,7,1,7,6,1,4,1,5,,9,,1,21,,121.5487162,25.0483577
112,7,8,17,40,2,06松山區,松山區敦化北路與八德路3段口,0,0,1,2,F01,8,6,5,50,4,1,1,5,4,5,13,2,1,1,4,5,2,16,1,9,2,9,4,1,7,9,8,20,1,11,,44,,1,21,,121.5487162,25.0483577
112,7,8,17,46,2,08士林區,士林區劍潭路與承德路4段58巷口,0,0,2,1,F01,8,5,5,30,3,1,1,5,4,5,13,4,4,1,5,5,2,17,2,65,2,9,2,1,7,1,8,20,1,12,,88,,1,22,,121.5205846,25.0828532
112,7,8,17,46,2,08士林區,士林區劍潭路與承德路4段58巷口,0,0,2,2,C03,8,5,5,30,3,1,1,5,4,5,13,4,4,1,5,5,2,17,2,21,2,9,5,1,7,9,1,10,1,11,,13,,1,22,,121.5205846,25.0828532
112,7,8,17,47,2,12內湖區,內湖區潭美街557號,0,0,1,1,A02,8,5,5,40,14,9,1,5,4,5,13,4,4,5,5,5,2,17,1,56,3,10,7,1,7,1,1,2,2,8,,19,,1,21,,121.6014508,25.0609195
112,7,8,17,47,2,12內湖區,內湖區潭美街557號,0,0,1,2,C03,8,5,5,40,14,9,1,5,4,5,13,4,4,5,5,5,2,17,1,45,2,9,6,1,7,9,1,10,2,11,,13,,1,21,,121.6014508,25.0609195
112,7,8,17,48,2,11南港區,南港區市民大道7段與南港路3段47巷口,0,0,2,2,C03,8,6,5,50,3,1,1,5,4,5,13,1,1,1,3,5,1,16,1,39,2,9,3,4,7,9,1,10,1,11,,13,,1,22,,121.5908626,25.0507348
112,7,8,17,48,2,11南港區,南港區市民大道7段與南港路3段47巷口,0,0,2,1,C03,8,6,5,50,3,1,1,5,4,5,13,1,1,1,3,5,1,16,1,59,2,9,3,4,7,5,1,10,1,11,,8,,1,22,,121.5908626,25.0507348
112,7,8,17,51,2,10文山區,文山區景文街41號,0,0,1,1,B03,8,5,5,50,14,7,1,5,4,5,13,4,4,9,4,4,2,13,4,0,,,,,,,,,1,,,119,,2,,,121.5413524,24.99210774
112,7,8,17,51,2,10文山區,文山區景文街41號,0,0,1,2,B03,8,5,5,50,14,7,1,5,4,5,13,4,4,9,4,4,2,13,1,47,3,10,7,1,7,14,1,8,2,3,,44,,1,21,,121.5413524,24.99210774
112,7,8,17,51,2,10文山區,文山區景文街41號,0,0,1,3,H02,8,5,5,50,14,7,1,5,4,5,13,4,4,9,4,4,2,13,2,47,2,2,7,5,7,20,8,20,10,16,,67,,1,21,,121.5413524,24.99210774
112,7,8,18,20,2,03中山區,中山區新生北路1段與新生北路1段76巷口,0,0,1,2,C03,8,5,7,50,3,1,1,5,4,5,13,4,4,1,4,5,2,16,1,21,2,7,6,1,7,9,1,10,1,14,,14,,1,21,,121.5302594,25.04732201
112,7,8,18,20,2,03中山區,中山區新生北路1段與新生北路1段76巷口,0,0,1,1,B03,8,5,7,50,3,1,1,5,4,5,13,4,4,1,4,5,2,16,1,51,3,10,7,1,7,6,1,8,1,2,,9,,1,21,,121.5302594,25.04732201
112,7,8,18,43,2,11南港區,南港區三重路與經貿二路88巷口,0,0,1,2,B03,7,5,5,50,3,2,1,5,4,5,13,2,1,5,4,5,2,13,1,37,3,10,3,4,7,14,1,8,2,3,,44,,1,21,,121.6146565,25.0579152
112,7,8,18,43,2,11南港區,南港區三重路與經貿二路88巷口,0,0,1,3,H02,7,5,5,50,3,2,1,5,4,5,13,2,1,5,4,5,2,13,2,37,2,2,3,5,7,20,8,20,10,16,,67,,1,21,,121.6146565,25.0579152
112,7,8,18,43,2,11南港區,南港區三重路與經貿二路88巷口,0,0,1,1,B01,7,5,5,50,3,2,1,5,4,5,13,2,1,5,4,5,2,13,1,53,3,10,3,4,7,10,1,1,2,1,,108,,1,21,,121.6146565,25.0579152
112,7,8,18,58,2,03中山區,中山區北安路與北安路458巷41弄口,0,0,3,1,C03,7,5,5,50,4,1,1,5,4,5,13,1,1,3,4,5,2,17,1,21,2,8,6,1,7,5,1,9,1,11,12,96,,1,29,,121.5472423,25.07988155
112,7,8,18,58,2,03中山區,中山區北安路與北安路458巷41弄口,0,0,3,2,C03,7,5,5,50,4,1,1,5,4,5,13,1,1,3,4,5,2,17,2,37,2,8,6,1,7,9,1,10,1,11,14,44,,1,21,,121.5472423,25.07988155
112,7,8,18,58,2,03中山區,中山區北安路與北安路458巷41弄口,0,0,3,3,H02,7,5,5,50,4,1,1,5,4,5,13,1,1,3,4,5,2,17,2,23,2,8,6,5,7,20,8,20,10,16,,67,,1,21,,121.5472423,25.07988155
112,7,8,19,34,2,12內湖區,內湖區潭美街785號附近側附近,0,0,1,1,C03,8,5,5,40,11,9,1,2,4,5,13,4,4,10,4,5,2,18,1,55,2,9,6,1,7,6,1,10,1,17,,44,,1,21,,121.610055,25.0625168
112,7,8,19,34,2,12內湖區,內湖區潭美街785號附近側附近,0,0,1,2,,8,5,5,40,11,9,1,2,4,5,13,4,4,10,4,5,2,18,3,0,,,,,,,,,,,,131,,1,,,121.610055,25.0625168
112,7,8,19,34,2,12內湖區,內湖區潭美街785號附近側附近,0,0,1,3,,8,5,5,40,11,9,1,2,4,5,13,4,4,10,4,5,2,18,3,0,,,,,,,,,,,,131,,1,,,121.610055,25.0625168
112,7,8,19,38,2,03中山區,中山區北安路458巷41弄與大直街口,0,0,1,1,B03,8,5,5,50,5,1,1,5,4,5,13,1,1,4,3,5,1,16,2,34,3,10,7,1,7,5,3,18,1,8,,8,,1,21,,121.5471306,25.0798341
112,7,8,19,38,2,03中山區,中山區北安路458巷41弄與大直街口,0,0,1,2,C03,8,5,5,50,5,1,1,5,4,5,13,1,1,4,3,5,1,16,2,34,2,9,5,1,7,6,1,10,1,14,,9,,1,21,,121.5471306,25.0798341
112,7,8,19,48,2,08士林區,士林區新安路58號,0,0,3,1,C03,8,5,5,30,12,9,1,5,4,5,13,4,4,10,5,5,1,10,1,26,2,7,5,1,7,4,1,10,2,11,,5,,1,22,,121.555222,25.121458
112,7,8,19,48,2,08士林區,士林區新安路58號,0,0,3,2,C03,8,5,5,30,12,9,1,5,4,5,13,4,4,10,5,5,1,10,1,45,2,8,5,1,7,9,1,10,2,11,,44,,1,22,,121.555222,25.121458
112,7,8,19,48,2,08士林區,士林區新安路58號,0,0,3,3,B03,8,5,5,30,12,9,1,5,4,5,13,4,4,10,5,5,1,10,1,41,3,10,7,1,7,9,1,8,2,17,,36,,1,22,,121.555222,25.121458
112,7,8,19,48,2,08士林區,士林區新安路58號,0,0,3,4,H02,8,5,5,30,12,9,1,5,4,5,13,4,4,10,5,5,1,10,1,14,2,8,5,5,7,17,8,20,10,16,,67,,1,22,,121.555222,25.121458
112,7,8,20,7,2,12內湖區,內湖區內湖路2段300號與內湖路2段口,0,0,1,3,B03,7,5,5,50,4,1,1,5,4,5,13,4,4,9,5,5,2,16,1,44,3,10,7,1,7,13,1,8,1,3,,44,,1,21,,121.5865955,25.0811568
112,7,8,20,7,2,12內湖區,內湖區內湖路2段300號與內湖路2段口,0,0,1,2,C03,7,5,5,50,4,1,1,5,4,5,13,4,4,9,5,5,2,16,1,41,2,9,5,1,7,9,1,10,1,14,,44,,1,21,,121.5865955,25.0811568
112,7,8,20,7,2,12內湖區,內湖區內湖路2段300號與內湖路2段口,0,0,1,1,B03,7,5,5,50,4,1,1,5,4,5,13,4,4,9,5,5,2,16,1,66,3,10,7,1,7,1,1,8,1,5,,19,,1,21,,121.5865955,25.0811568
112,7,8,21,14,2,05中正區,中正區羅斯福路3段150號,0,0,1,1,B03,8,5,5,50,14,9,1,5,4,5,13,4,4,3,4,5,2,16,2,60,3,10,3,4,7,7,1,8,1,6,,100,,1,22,,121.5284907,25.0202609
112,7,8,21,14,2,05中正區,中正區羅斯福路3段150號,0,0,1,2,C04,8,5,5,50,14,9,1,5,4,5,13,4,4,3,4,5,2,16,1,27,2,8,6,1,7,9,1,10,1,14,,108,,1,22,,121.5284907,25.0202609
112,7,8,21,21,2,08士林區,士林區百齡右岸河濱公園自行車道 百齡右岸NO.007燈桿,0,0,1,1,F01,8,5,7,30,22,23,1,5,4,5,13,4,4,10,5,5,1,1,1,17,2,9,4,1,7,9,8,20,2,17,,42,,1,16,,121.5211052,25.07850805
112,7,8,21,21,2,08士林區,士林區百齡右岸河濱公園自行車道 百齡右岸NO.007燈桿,0,0,1,2,H01,8,5,7,30,22,23,1,5,4,5,13,4,4,10,5,5,1,1,1,45,3,10,4,5,8,18,8,20,10,16,,54,,1,22,,121.5211052,25.07850805
112,7,8,22,30,2,09北投區,北投區中央南路1段42號與光明路72巷口底,0,0,1,1,C03,8,5,5,50,3,2,1,5,4,5,13,4,4,9,5,5,1,3,1,18,3,10,6,1,7,9,1,10,2,11,,108,,1,21,,121.5013668,25.1322926
112,7,8,22,30,2,09北投區,北投區中央南路1段42號與光明路72巷口底,0,0,1,2,H01,8,5,5,50,3,2,1,5,4,5,13,4,4,9,5,5,1,3,2,46,2,8,4,5,8,16,8,20,10,16,,121,,1,21,,121.5013668,25.1322926
112,7,8,23,5,2,08士林區,士林區中山北路5段與福國路口口,0,0,2,1,C03,8,5,5,50,3,1,1,5,4,5,12,2,1,3,2,5,1,16,1,20,2,9,5,1,7,9,1,10,1,11,,81,,1,22,,121.525641,25.1024739
112,7,8,23,5,2,08士林區,士林區中山北路5段與福國路口口,0,0,2,2,C03,8,5,5,50,3,1,1,5,4,5,12,2,1,3,2,5,1,16,1,18,2,9,5,1,7,5,1,10,1,14,,44,,1,16,,121.525641,25.1024739
112,7,8,23,46,2,05中正區,中正區金山南路1段與齊東街口,0,0,2,1,C03,8,5,5,30,4,1,1,5,4,5,13,4,4,10,5,5,2,16,1,28,2,9,5,1,7,5,1,10,2,14,,8,,1,22,,121.5296177,25.04266832
112,7,8,23,46,2,05中正區,中正區金山南路1段與齊東街口,0,0,2,2,C03,8,5,5,30,4,1,1,5,4,5,13,4,4,10,5,5,2,16,1,33,2,9,5,1,7,9,1,10,2,12,,118,,1,22,,121.5296177,25.04266832
112,7,8,23,52,2,04大安區,大安區基隆路2段238號,0,0,2,2,C03,8,5,5,50,14,9,1,5,4,5,13,4,4,10,4,5,1,12,1,32,2,8,5,4,7,9,1,10,2,14,,44,,1,21,,121.5507723,25.02281073
112,7,8,23,52,2,04大安區,大安區基隆路2段238號,0,0,2,1,C03,8,5,5,50,14,9,1,5,4,5,13,4,4,10,4,5,1,12,1,36,3,10,5,4,7,10,1,10,2,12,,102,,1,21,,121.5507723,25.02281073
112,7,8,23,52,2,04大安區,大安區基隆路2段238號,0,0,2,3,H02,8,5,5,50,14,9,1,5,4,5,13,4,4,10,4,5,1,12,2,28,2,8,5,5,7,20,8,20,10,16,,67,,1,21,,121.5507723,25.02281073
112,7,9,0,5,2,05中正區,中正區羅斯福路4段108巷與羅斯福路4段口,0,0,2,4,H02,8,5,5,50,3,1,1,5,4,5,13,4,4,1,4,5,2,11,2,30,4,11,3,5,7,20,8,20,10,16,,67,,1,21,,121.5351468,25.0137246
112,7,9,0,5,2,05中正區,中正區羅斯福路4段108巷與羅斯福路4段口,0,0,2,1,C03,8,5,5,50,3,1,1,5,4,5,13,4,4,1,4,5,2,11,1,18,2,9,3,4,7,9,1,10,2,11,,44,,1,21,,121.5351468,25.0137246
112,7,9,0,5,2,05中正區,中正區羅斯福路4段108巷與羅斯福路4段口,0,0,2,2,C03,8,5,5,50,3,1,1,5,4,5,13,4,4,1,4,5,2,11,1,25,2,8,3,4,7,6,3,18,2,13,,9,,1,21,,121.5351468,25.0137246
112,7,9,0,5,2,05中正區,中正區羅斯福路4段108巷與羅斯福路4段口,0,0,2,3,H02,8,5,5,50,3,1,1,5,4,5,13,4,4,1,4,5,2,11,2,17,4,11,3,5,7,20,8,20,10,16,,67,,1,21,,121.5351468,25.0137246
112,7,9,0,59,2,01大同區,大同區酒泉街235號汙水處理廠(環河北路側),0,0,1,2,B02,8,5,5,50,14,9,1,5,4,5,13,4,4,1,4,5,2,13,1,28,3,10,3,4,7,13,1,8,2,6,,38,,1,22,,121.5090938,25.07300637
112,7,9,0,59,2,01大同區,大同區酒泉街235號汙水處理廠(環河北路側),0,0,1,1,C03,8,5,5,50,14,9,1,5,4,5,13,4,4,1,4,5,2,13,1,39,2,7,5,1,7,9,1,10,6,11,,108,,1,22,,121.5090938,25.07300637
112,7,9,2,35,2,12內湖區,內湖區內湖路1段360巷與洲子街口B1,0,0,2,3,H02,7,5,5,50,4,1,1,5,4,5,13,3,1,5,5,5,2,16,2,67,2,1,7,5,7,20,8,20,10,16,,67,,1,21,,121.5702556,25.0803677
112,7,9,2,35,2,12內湖區,內湖區內湖路1段360巷與洲子街口B1,0,0,2,1,B03,7,5,5,50,4,1,1,5,4,5,13,3,1,5,5,5,2,16,2,37,2,9,7,1,7,9,1,8,1,1,,72,,1,21,,121.5702556,25.0803677
112,7,9,2,35,2,12內湖區,內湖區內湖路1段360巷與洲子街口B1,0,0,2,2,B03,7,5,5,50,4,1,1,5,4,5,13,3,1,5,5,5,2,16,1,40,3,10,7,1,7,9,1,4,1,5,,14,,1,21,,121.5702556,25.0803677
112,7,9,4,43,2,02萬華區,萬華區雙園街與雙園街60巷口,0,0,2,1,C03,7,7,5,50,4,2,1,5,4,5,13,4,4,5,5,5,1,17,1,16,2,7,3,4,7,9,2,18,1,11,,108,,1,22,,121.4939597,25.0300785
112,7,9,4,43,2,02萬華區,萬華區雙園街與雙園街60巷口,0,0,2,2,F01,7,7,5,50,4,2,1,5,4,5,13,4,4,5,5,5,1,17,1,76,2,9,4,4,7,9,8,20,1,14,,72,,1,22,,121.4939597,25.0300785
112,7,9,6,3,2,01大同區,大同區長安西路與西寧北路口,0,0,1,2,H01,8,5,5,50,4,1,1,5,4,5,13,1,1,5,4,5,2,2,2,72,2,9,4,5,8,16,8,20,10,16,,67,,1,22,,121.5085409,25.0520078
112,7,9,6,3,2,01大同區,大同區長安西路與西寧北路口,0,0,1,1,E01,8,5,5,50,4,1,1,5,4,5,13,1,1,5,4,5,2,2,1,32,3,10,7,1,7,5,6,4,2,1,,70,,1,21,,121.5085409,25.0520078
112,7,9,7,53,2,10文山區,文山區木新路2段與木新路2段66巷口,0,0,2,1,F01,8,6,5,0,14,9,1,5,4,5,13,4,4,5,2,5,2,16,2,66,2,5,4,1,7,9,8,20,2,12,,118,,1,22,,121.5706323,24.9856582
112,7,9,7,53,2,10文山區,文山區木新路2段與木新路2段66巷口,0,0,2,2,C03,8,6,5,0,14,9,1,5,4,5,13,4,4,5,2,5,2,16,1,42,2,9,6,1,7,9,1,9,2,11,14,118,,1,22,,121.5706323,24.9856582
112,7,9,8,3,2,08士林區,士林區延平北路6段與社中街口,0,0,1,1,B03,8,5,5,50,5,2,1,5,4,5,13,2,1,1,4,4,2,13,1,24,4,11,3,4,7,15,7,19,9,15,,107,,2,22,,121.5011287,25.0903328
112,7,9,8,3,2,08士林區,士林區延平北路6段與社中街口,0,0,1,2,B03,8,5,5,50,5,2,1,5,4,5,13,2,1,1,4,4,2,13,1,33,2,1,3,4,7,14,1,8,1,3,,44,,1,22,,121.5011287,25.0903328
112,7,9,8,49,2,11南港區,南港區市民大道8段與東南街口,0,0,3,3,H02,8,6,5,50,14,9,1,5,4,5,12,4,4,9,4,1,2,17,2,21,2,9,3,5,7,20,8,20,10,16,,67,,1,22,,121.6118759,25.0539462
112,7,9,8,49,2,11南港區,南港區市民大道8段與東南街口,0,0,3,2,C03,8,6,5,50,14,9,1,5,4,5,12,4,4,9,4,1,2,17,2,20,2,9,3,4,7,9,1,10,9,15,,108,,2,22,,121.6118759,25.0539462
112,7,9,8,49,2,11南港區,南港區市民大道8段與東南街口,0,0,3,1,C03,8,6,5,50,14,9,1,5,4,5,12,4,4,9,4,1,2,17,2,44,2,9,3,4,7,11,1,10,9,14,,10,,1,21,,121.6118759,25.0539462
112,7,9,9,0,2,06松山區,松山區八德路2段與八德路2段346巷口,0,0,1,1,B03,8,7,5,50,3,1,1,5,4,5,13,4,4,9,4,5,2,9,1,56,3,10,3,4,7,2,1,8,11,3,,12,,1,21,,121.5449577,25.0477491
112,7,9,9,0,2,06松山區,松山區八德路2段與八德路2段346巷口,0,0,1,2,H01,8,7,5,50,3,1,1,5,4,5,13,4,4,9,4,5,2,9,2,30,2,9,4,5,8,16,8,20,10,16,,53,,1,21,,121.5449577,25.0477491
112,7,9,9,12,2,12內湖區,內湖區成功路4段366號,0,0,2,1,C03,8,7,5,40,14,7,1,5,4,5,13,4,4,1,4,4,2,17,2,62,2,9,6,1,7,8,1,10,2,13,,100,,1,21,,121.6003681,25.08473725
112,7,9,9,12,2,12內湖區,內湖區成功路4段366號,0,0,2,2,C03,8,7,5,40,14,7,1,5,4,5,13,4,4,1,4,4,2,17,2,18,2,9,6,1,7,9,1,10,2,11,,44,,1,21,,121.6003681,25.08473725
112,7,9,9,53,2,03中山區,中山區中山北路2段71號,0,0,1,3,H03,8,7,5,50,14,9,1,4,4,5,13,4,4,10,4,5,2,13,1,62,3,10,4,5,8,17,8,20,10,17,,127,,1,22,,121.5227447,25.0558391
112,7,9,9,53,2,03中山區,中山區中山北路2段71號,0,0,1,2,B02,8,7,5,50,14,9,1,4,4,5,13,4,4,10,4,5,2,13,1,23,3,10,3,4,7,14,1,15,2,6,,44,,1,22,,121.5227447,25.0558391
112,7,9,9,53,2,03中山區,中山區中山北路2段71號,0,0,1,1,C03,8,7,5,50,14,9,1,4,4,5,13,4,4,10,4,5,2,13,1,25,2,9,6,4,7,9,1,10,2,11,,108,,1,21,,121.5227447,25.0558391
112,7,9,10,3,2,10文山區,文山區辛亥路4段21巷對面0705694燈桿,0,0,1,1,C03,8,7,5,50,14,9,1,5,4,5,13,4,4,1,4,5,2,12,2,21,2,9,6,1,7,8,1,10,2,14,,100,,1,25,,121.558568,25.0082162
112,7,9,10,3,2,10文山區,文山區辛亥路4段21巷對面0705694燈桿,0,0,1,2,B03,8,7,5,50,14,9,1,5,4,5,13,4,4,1,4,5,2,12,1,59,3,10,7,1,7,9,1,8,2,2,,107,,1,28,,121.558568,25.0082162