發生年度,發生月,發生日,發生時-Hours,發生分,處理別-編號,區序,肇事地點,死亡人數,2-30日死亡人數,受傷人數,當事人序號,車種,天候,光線,道路類別,速限-速度限制,道路型態,事故位置,路面狀況1,路面狀況2,路面狀況3,道路障礙1,道路障礙2,號誌1,號誌2,車道劃分-分向,車道劃分-分道1,車道劃分-分道2,車道劃分-分道3,事故類型及型態,性別,年齡,受傷程度,主要傷處,保護裝置,行動電話,車輛用途,當事者行動狀態,駕駛資格情形,駕駛執照種類,飲酒情形,車輛撞擊部位1,車輛撞擊部位2,肇因碼-個別,肇因碼-主要,個人肇逃否,職業,旅次目的,座標-X,座標-Y
112,7,9,10,47,2,04大安區,大安區信義路3段與復興南路1段口,0,0,1,2,B03,8,5,5,50,4,2,1,5,4,5,13,2,1,10,4,5,2,17,1,75,3,10,7,1,7,9,1,8,1,1,,44,,1,21,,121.5437156,25.0334464
112,7,9,10,47,2,04大安區,大安區信義路3段與復興南路1段口,0,0,1,1,C03,8,5,5,50,4,2,1,5,4,5,13,2,1,10,4,5,2,17,1,66,2,7,5,1,7,5,1,10,1,11,,98,,1,26,,121.5437156,25.0334464
112,7,9,11,21,2,09北投區,北投區大業路與大興街口,0,0,1,1,B03,8,7,5,60,4,1,1,5,4,5,13,1,1,1,4,5,2,16,1,48,3,10,7,1,7,6,1,8,1,5,,9,,1,22,,121.4972489,25.12957289
112,7,9,11,21,2,09北投區,北投區大業路與大興街口,0,0,1,2,C03,8,7,5,60,4,1,1,5,4,5,13,1,1,1,4,5,2,16,2,29,2,9,5,1,7,9,1,10,1,14,,44,,1,22,,121.4972489,25.12957289
112,7,9,11,22,2,05中正區,中正區愛國西路與延平南路口,0,0,2,3,H02,8,7,5,50,4,1,1,5,4,5,13,1,1,1,4,4,2,12,2,28,4,11,6,5,7,20,8,20,10,16,,67,,1,22,,121.507818,25.0366471
112,7,9,11,22,2,05中正區,中正區愛國西路與延平南路口,0,0,2,1,C03,8,7,5,50,4,1,1,5,4,5,13,1,1,1,4,4,2,12,1,44,2,9,6,1,7,6,1,9,1,12,,9,,1,22,,121.507818,25.0366471
112,7,9,11,22,2,05中正區,中正區愛國西路與延平南路口,0,0,2,2,C03,8,7,5,50,4,1,1,5,4,5,13,1,1,1,4,4,2,12,1,39,2,9,6,1,7,9,1,9,1,11,,44,,1,22,,121.507818,25.0366471
112,7,9,11,37,2,12內湖區,內湖區瑞光路76巷67號對面,0,0,2,1,C03,8,6,5,0,14,9,1,5,4,5,13,4,4,9,5,5,2,16,2,23,2,9,6,1,7,9,1,10,1,11,,108,,1,21,,121.579902,25.07012026
112,7,9,11,37,2,12內湖區,內湖區瑞光路76巷67號對面,0,0,2,2,C03,8,6,5,0,14,9,1,5,4,5,13,4,4,9,5,5,2,16,1,72,2,9,6,1,7,7,1,10,1,12,,100,,1,21,,121.579902,25.07012026
112,7,9,11,39,2,01大同區,大同區鄭州路與環河北路1段口,0,0,1,1,C03,8,6,5,50,4,1,1,5,4,5,13,2,1,1,4,5,2,17,2,21,2,9,6,4,7,9,1,10,1,14,,4,,1,22,,121.506685,25.0508408
112,7,9,11,39,2,01大同區,大同區鄭州路與環河北路1段口,0,0,1,2,B03,8,6,5,50,4,1,1,5,4,5,13,2,1,1,4,5,2,17,1,53,3,10,3,4,7,9,1,8,1,1,,118,,1,22,,121.506685,25.0508408
112,7,9,11,45,2,12內湖區,內湖區成功路2段456巷與成功路2段口,0,0,1,2,C03,8,6,5,30,3,1,1,5,4,5,13,4,4,1,4,4,2,16,2,30,2,9,6,1,7,9,1,10,1,12,,44,,1,21,,121.5897098,25.07236673
112,7,9,11,45,2,12內湖區,內湖區成功路2段456巷與成功路2段口,0,0,1,1,B03,8,6,5,30,3,1,1,5,4,5,13,4,4,1,4,4,2,16,1,63,3,10,7,1,7,5,1,8,1,8,,72,,1,21,,121.5897098,25.07236673
112,7,9,12,15,2,12內湖區,內湖區金龍路與內湖路3段口,0,0,1,2,C03,8,6,5,30,4,1,1,5,4,5,13,2,1,5,4,5,2,11,1,50,2,9,5,1,7,9,1,10,1,11,,13,,1,21,,121.592664,25.08500146
112,7,9,12,15,2,12內湖區,內湖區金龍路與內湖路3段口,0,0,1,1,C03,8,6,5,30,4,1,1,5,4,5,13,2,1,5,4,5,2,11,1,25,3,10,5,1,7,5,1,10,1,11,,74,,1,21,,121.592664,25.08500146
112,7,9,13,1,2,01大同區,大同區重慶北路2段82號,0,0,1,2,C03,8,7,5,50,14,9,1,5,4,5,13,4,4,1,4,5,2,12,1,73,2,9,5,1,7,10,1,10,1,14,,100,,1,21,,121.513709,25.0561711
112,7,9,13,1,2,01大同區,大同區重慶北路2段82號,0,0,1,1,B01,8,7,5,50,14,9,1,5,4,5,13,4,4,1,4,5,2,12,1,62,3,10,7,1,7,9,1,4,1,2,,17,,1,21,,121.513709,25.0561711
112,7,9,13,10,2,08士林區,士林區華齡街與前港街口,0,0,2,2,C03,8,6,5,50,4,2,1,5,4,5,13,1,1,5,5,5,2,13,2,61,2,9,5,1,7,14,1,10,2,13,,44,,1,22,,121.5193985,25.0846315
112,7,9,13,10,2,08士林區,士林區華齡街與前港街口,0,0,2,1,B02,8,6,5,50,4,2,1,5,4,5,13,1,1,5,5,5,2,13,1,33,2,7,7,1,7,9,1,8,2,1,,108,,1,22,,121.5193985,25.0846315
112,7,9,13,15,2,03中山區,中山區林森北路67巷與長安東路1段30巷口,0,0,1,2,B03,8,7,5,30,4,1,1,5,4,5,13,4,4,10,5,5,2,15,1,50,3,10,7,1,7,9,1,8,1,8,,107,,1,22,,121.5262253,25.04828742
112,7,9,13,15,2,03中山區,中山區林森北路67巷與長安東路1段30巷口,0,0,1,1,C03,8,7,5,30,4,1,1,5,4,5,13,4,4,10,5,5,2,15,1,20,2,9,6,1,7,9,1,10,1,11,,72,,1,22,,121.5262253,25.04828742
112,7,9,13,15,2,03中山區,中山區民族東路410巷2弄10號,0,0,1,1,,8,5,5,0,14,9,1,5,4,5,13,4,4,9,5,5,2,24,3,60,,,,,,,,,,,,131,,1,,,121.5377458,25.06682997
112,7,9,13,15,2,03中山區,中山區民族東路410巷2弄10號,0,0,1,2,C03,8,5,5,0,14,9,1,5,4,5,13,4,4,9,5,5,2,24,1,71,3,10,5,1,7,9,1,10,1,11,,44,,1,21,,121.5377458,25.06682997
112,7,9,13,15,2,03中山區,中山區民族東路410巷2弄10號,0,0,1,3,H02,8,5,5,0,14,9,1,5,4,5,13,4,4,9,5,5,2,24,2,65,2,1,5,5,7,20,8,20,10,16,,67,,1,21,,121.5377458,25.06682997
112,7,9,14,25,2,11南港區,南港區市民大道7段與向陽路口,0,0,1,1,B03,8,6,5,50,4,2,1,5,4,5,13,2,1,1,4,5,2,12,1,63,3,10,3,1,7,6,1,8,1,2,,9,,1,22,,121.5956315,25.05144138
112,7,9,14,25,2,11南港區,南港區市民大道7段與向陽路口,0,0,1,2,C03,8,6,5,50,4,2,1,5,4,5,13,2,1,1,4,5,2,12,1,29,2,9,6,1,7,9,1,10,1,14,,108,,1,22,,121.5956315,25.05144138
112,7,9,14,26,2,12內湖區,內湖區安泰街114巷旁斜坡,0,0,2,1,C03,8,6,5,50,12,9,1,5,4,5,13,4,4,9,5,5,2,17,1,21,2,9,6,1,7,11,1,10,2,11,,10,,1,21,,121.6150156,25.07746199
112,7,9,14,26,2,12內湖區,內湖區安泰街114巷旁斜坡,0,0,2,2,C03,8,6,5,50,12,9,1,5,4,5,13,4,4,9,5,5,2,17,1,23,2,9,6,1,7,9,1,10,2,12,,44,,1,21,,121.6150156,25.07746199
112,7,9,14,39,2,01大同區,大同區重慶北路1段92號,0,0,1,1,B03,8,6,5,50,14,9,1,5,4,5,13,4,4,1,4,5,2,16,1,39,3,10,3,4,7,8,1,8,1,4,,100,,1,21,,121.5142014,25.05345885
112,7,9,14,39,2,01大同區,大同區重慶北路1段92號,0,0,1,2,C03,8,6,5,50,14,9,1,5,4,5,13,4,4,1,4,5,2,16,1,18,2,9,3,4,7,9,1,10,1,11,,44,,1,21,,121.5142014,25.05345885
112,7,9,14,50,2,03中山區,中山區南京東路1段50號,0,0,2,1,C03,8,6,5,50,14,7,1,5,4,5,13,4,4,1,4,1,2,13,1,28,2,7,6,1,7,9,1,10,1,14,,108,,1,21,,121.5243689,25.0520647
112,7,9,14,50,2,03中山區,中山區南京東路1段50號,0,0,2,2,B01,8,6,5,50,14,7,1,5,4,5,13,4,4,1,4,1,2,13,1,37,3,10,7,1,7,12,1,4,1,3,,44,,1,21,,121.5243689,25.0520647
112,7,9,14,50,2,03中山區,中山區南京東路1段50號,0,0,2,3,H02,8,6,5,50,14,7,1,5,4,5,13,4,4,1,4,1,2,13,2,37,2,8,6,5,7,20,8,20,10,16,,67,,1,21,,121.5243689,25.0520647
112,7,9,14,50,2,05中正區,中正區開封街1段80號,0,0,1,2,C03,8,7,5,0,14,9,1,5,4,5,13,4,4,10,4,5,2,17,1,41,2,8,5,1,7,9,6,10,2,14,,13,,1,26,,121.5109818,25.0459825
112,7,9,14,50,2,05中正區,中正區開封街1段80號,0,0,1,1,B03,8,7,5,0,14,9,1,5,4,5,13,4,4,10,4,5,2,17,1,48,3,10,7,4,7,1,1,8,2,5,,19,,1,21,,121.5109818,25.0459825
112,7,9,15,3,2,08士林區,士林區文林路101巷2號,0,0,1,2,C03,8,6,5,30,11,9,1,5,4,5,13,4,4,10,5,5,2,17,1,46,2,9,5,1,7,6,1,10,1,11,,17,,1,21,,121.5260241,25.08806519
112,7,9,15,3,2,08士林區,士林區文林路101巷2號,0,0,1,1,C03,8,6,5,30,11,9,1,5,4,5,13,4,4,10,5,5,2,17,1,20,3,10,5,1,7,5,1,10,1,11,,17,,1,21,,121.5260241,25.08806519
112,7,9,15,8,2,03中山區,中山區民權東路2段26號,0,0,1,1,C03,7,7,5,50,14,9,1,5,4,5,13,1,1,1,3,5,1,13,1,19,2,8,5,1,7,9,1,10,1,11,,16,,1,21,,121.5287445,25.0625282
112,7,9,15,8,2,03中山區,中山區民權東路2段26號,0,0,1,2,B11,7,7,5,50,14,9,1,5,4,5,13,1,1,1,3,5,1,13,1,46,3,10,3,4,7,9,1,4,1,7,,44,,1,21,,121.5287445,25.0625282
112,7,9,15,29,2,09北投區,北投區實踐街與尊賢街口,0,0,2,1,C03,8,6,5,30,4,1,1,5,4,5,13,4,4,5,5,5,2,15,1,28,2,8,5,1,7,9,1,10,2,14,,72,,1,22,,121.5081827,25.1150327
112,7,9,15,29,2,09北投區,北投區實踐街與尊賢街口,0,0,2,2,C03,8,6,5,30,4,1,1,5,4,5,13,4,4,5,5,5,2,15,2,62,2,9,5,1,7,9,1,10,2,11,,44,,1,22,,121.5081827,25.1150327
112,7,9,15,40,2,05中正區,中正區南海路與泉州街口,0,0,1,1,B03,8,6,5,50,3,1,1,5,4,5,13,3,1,10,4,5,2,12,1,58,3,10,7,1,7,5,1,8,1,4,,8,,1,21,,121.5137128,25.0317015
112,7,9,15,40,2,05中正區,中正區南海路與泉州街口,0,0,1,2,C03,8,6,5,50,3,1,1,5,4,5,13,3,1,10,4,5,2,12,1,17,2,9,6,1,7,4,2,18,1,12,,13,,1,21,,121.5137128,25.0317015
112,7,9,16,0,2,05中正區,中正區北平東路30-3號與紹興北街口,0,0,1,1,C03,8,6,5,30,3,2,1,5,4,5,13,4,4,10,4,5,2,17,1,27,3,10,6,1,7,9,1,10,1,11,,72,,1,22,,121.5266245,25.045624
112,7,9,16,0,2,05中正區,中正區北平東路30-3號與紹興北街口,0,0,1,2,C04,8,6,5,30,3,2,1,5,4,5,13,4,4,10,4,5,2,17,1,45,2,9,5,1,7,9,1,10,1,11,,44,,1,22,,121.5266245,25.045624
112,7,9,16,0,2,08士林區,士林區至誠路1段與雨聲街口,0,0,1,1,B03,8,5,5,50,5,1,1,5,4,5,13,3,1,5,5,5,2,17,1,44,3,10,7,1,7,6,1,8,2,2,,9,,1,21,,121.5337538,25.1013118
112,7,9,16,0,2,08士林區,士林區至誠路1段與雨聲街口,0,0,1,2,C03,8,5,5,50,5,1,1,5,4,5,13,3,1,5,5,5,2,17,1,24,2,9,5,1,7,9,1,10,2,14,,44,,1,21,,121.5337538,25.1013118
112,7,9,16,30,2,06松山區,松山區敦化北路149號,0,0,2,1,C03,8,7,5,30,14,8,1,5,4,5,13,4,4,1,4,4,2,13,1,21,2,9,5,1,7,9,1,10,2,11,,16,,1,21,,121.5492088,25.05404769
112,7,9,16,30,2,06松山區,松山區敦化北路149號,0,0,2,2,C03,8,7,5,30,14,8,1,5,4,5,13,4,4,1,4,4,2,13,1,27,2,9,5,1,7,9,1,10,2,13,,44,,1,21,,121.5492088,25.05404769
112,7,9,16,30,2,06松山區,松山區敦化北路149號,0,0,2,3,C03,8,7,5,30,14,8,1,5,4,5,13,4,4,1,4,4,2,13,2,72,3,10,2,1,7,13,7,19,11,13,,44,,1,21,,121.5492088,25.05404769
112,7,9,16,30,2,06松山區,松山區敦化北路149號,0,0,2,4,C03,8,7,5,30,14,8,1,5,4,5,13,4,4,1,4,4,2,13,1,68,3,10,2,1,7,13,7,19,11,11,,44,,1,21,,121.5492088,25.05404769
112,7,9,16,40,2,02萬華區,萬華區廣州街與康定路口,0,0,2,1,C03,8,7,5,50,4,1,1,5,4,5,13,1,1,4,1,5,2,11,2,25,2,9,6,1,7,5,1,10,1,14,,74,,1,21,,121.501482,25.0366245
112,7,9,16,40,2,02萬華區,萬華區廣州街與康定路口,0,0,2,2,C03,8,7,5,50,4,1,1,5,4,5,13,1,1,4,1,5,2,11,1,22,2,9,6,1,7,9,3,18,1,14,,44,,1,21,,121.501482,25.0366245
112,7,9,17,30,2,05中正區,中正區重慶南路1段與貴陽街1段口,0,0,2,3,H02,8,6,5,50,4,1,1,5,4,5,13,1,1,9,4,5,1,17,2,38,2,9,6,5,7,20,8,20,10,16,,67,,1,21,,121.5127623,25.0389119
112,7,9,17,30,2,05中正區,中正區重慶南路1段與貴陽街1段口,0,0,2,1,B03,8,6,5,50,4,1,1,5,4,5,13,1,1,9,4,5,1,17,1,43,3,10,7,1,7,6,1,8,2,5,,9,,1,22,,121.5127623,25.0389119
112,7,9,17,30,2,05中正區,中正區重慶南路1段與貴陽街1段口,0,0,2,2,C03,8,6,5,50,4,1,1,5,4,5,13,1,1,9,4,5,1,17,1,37,2,9,6,1,7,9,1,15,2,14,,44,,1,22,,121.5127623,25.0389119
112,7,9,17,31,2,10文山區,文山區木新路3段45巷與木新路3段95巷7弄口,0,0,3,1,C04,8,6,5,50,4,1,1,5,4,5,13,4,4,9,4,5,2,15,2,77,2,8,5,1,7,9,1,11,1,11,,118,,1,21,,121.5643909,24.98174175
112,7,9,17,31,2,10文山區,文山區木新路3段45巷與木新路3段95巷7弄口,0,0,3,2,C03,8,6,5,50,4,1,1,5,4,5,13,4,4,9,4,5,2,15,1,61,2,8,5,1,7,9,1,10,1,11,,118,,1,21,,121.5643909,24.98174175
112,7,9,17,31,2,10文山區,文山區木新路3段45巷與木新路3段95巷7弄口,0,0,3,3,H02,8,6,5,50,4,1,1,5,4,5,13,4,4,9,4,5,2,15,2,55,2,7,5,5,7,20,8,20,10,16,,67,,1,21,,121.5643909,24.98174175
112,7,9,17,34,2,04大安區,大安區光復南路244號,0,0,1,2,B03,8,6,5,50,14,9,1,5,4,5,13,4,4,10,4,5,2,13,2,31,3,10,3,4,7,9,1,8,1,7,,44,,1,22,,121.5575875,25.0406718
112,7,9,17,34,2,04大安區,大安區光復南路244號,0,0,1,1,C03,8,6,5,50,14,9,1,5,4,5,13,4,4,10,4,5,2,13,1,20,2,7,3,4,7,9,1,10,1,11,,16,,1,22,,121.5575875,25.0406718
112,7,9,17,34,2,07信義區,信義區忠孝東路5段236巷與忠孝東路5段372巷28弄口,0,0,1,1,B03,8,7,5,50,4,1,1,5,4,5,13,2,1,5,5,5,2,17,1,48,3,10,7,1,7,6,1,8,9,1,,9,,1,21,,121.5718884,25.0391231
112,7,9,17,34,2,07信義區,信義區忠孝東路5段236巷與忠孝東路5段372巷28弄口,0,0,1,2,F01,8,7,5,50,4,1,1,5,4,5,13,2,1,5,5,5,2,17,2,55,2,9,4,1,7,9,8,20,9,14,,99,,1,21,,121.5718884,25.0391231
112,7,9,18,6,2,06松山區,松山區新東街3巷13號,0,0,1,1,C03,8,6,5,30,14,9,1,5,4,5,13,4,4,10,5,5,2,17,2,45,4,11,3,4,7,15,7,19,11,15,,118,,2,22,,121.565263,25.05755412
112,7,9,18,6,2,06松山區,松山區新東街3巷13號,0,0,1,2,F01,8,6,5,30,14,9,1,5,4,5,13,4,4,10,5,5,2,17,1,12,2,7,4,1,7,7,8,20,1,11,,100,,1,22,,121.565263,25.05755412
112,7,9,18,33,2,01大同區,大同區重慶北路3段236巷與民族西路221巷口,0,0,1,1,B03,8,6,5,30,4,1,1,5,4,5,13,4,4,10,5,5,2,17,1,50,4,11,3,4,7,21,7,19,11,15,,72,,2,22,,121.513212,25.0705349
112,7,9,18,33,2,01大同區,大同區重慶北路3段236巷與民族西路221巷口,0,0,1,2,C03,8,6,5,30,4,1,1,5,4,5,13,4,4,10,5,5,2,17,1,44,2,9,6,3,7,9,1,10,1,12,,44,,1,22,,121.513212,25.0705349
112,7,9,19,9,2,06松山區,松山區南京東路5段23巷與南京東路5段口,0,0,1,2,C03,8,5,6,50,5,1,1,5,4,5,13,2,1,3,4,4,2,16,1,46,2,9,5,4,7,9,1,10,1,13,,44,,1,21,,121.5580221,25.05165348
112,7,9,19,9,2,06松山區,松山區南京東路5段23巷與南京東路5段口,0,0,1,1,B01,8,5,6,50,5,1,1,5,4,5,13,2,1,3,4,4,2,16,1,49,3,10,7,4,7,6,1,4,1,5,,9,,1,21,,121.5580221,25.05165348
112,7,9,19,39,2,04大安區,大安區信義路4段與敦化南路1段口,0,0,2,1,C03,8,5,5,50,14,8,1,5,4,5,13,1,1,1,4,5,2,13,2,65,2,9,5,1,7,9,1,10,1,11,,108,,1,22,,121.5485465,25.0335532
112,7,9,19,39,2,04大安區,大安區信義路4段與敦化南路1段口,0,0,2,2,C03,8,5,5,50,14,8,1,5,4,5,13,1,1,1,4,5,2,13,1,32,2,9,5,1,7,14,1,10,1,13,,44,,1,22,,121.5485465,25.0335532
112,7,9,20,8,2,05中正區,中正區和平西路1段與南昌路2段口口,0,0,1,2,C03,8,5,5,50,4,1,1,5,4,5,13,1,1,3,3,5,2,16,1,53,2,8,5,1,7,9,1,10,1,11,,44,,1,21,,121.5208796,25.0268209
112,7,9,20,8,2,05中正區,中正區和平西路1段與南昌路2段口口,0,0,1,1,B01,8,5,5,50,4,1,1,5,4,5,13,1,1,3,3,5,2,16,1,46,3,10,3,4,7,5,1,4,1,5,,74,,1,21,,121.5208796,25.0268209
112,7,9,20,33,2,01大同區,大同區市民大道1段與承德路1段口,0,0,1,1,C03,8,5,5,40,5,1,1,5,4,5,13,1,1,1,5,5,2,16,1,32,3,10,6,1,7,6,7,19,9,12,,9,,1,28,,121.5165984,25.0488661
112,7,9,20,33,2,01大同區,大同區市民大道1段與承德路1段口,0,0,1,2,C03,8,5,5,40,5,1,1,5,4,5,13,1,1,1,5,5,2,16,2,48,2,8,6,1,7,9,1,10,2,14,,44,,1,21,,121.5165984,25.0488661
112,7,9,21,21,2,04大安區,大安區安居街33號,0,0,2,1,C03,8,5,5,50,14,9,1,5,4,5,13,4,4,1,5,5,2,3,1,25,2,9,5,1,7,9,1,10,1,11,,108,,1,21,,121.5541876,25.0201699
112,7,9,21,21,2,04大安區,大安區安居街33號,0,0,2,2,H01,8,5,5,50,14,9,1,5,4,5,13,4,4,1,5,5,2,3,2,29,2,9,4,5,8,16,8,20,10,16,,53,,1,21,,121.5541876,25.0201699
112,7,9,22,46,2,04大安區,大安區仁愛路3段143巷與忠孝東路3段248巷13弄口,0,0,1,1,B03,8,5,5,30,3,1,1,5,4,5,13,4,4,10,5,5,1,15,2,26,3,10,3,4,7,9,1,8,1,4,,72,,1,21,,121.5430112,25.0406399
112,7,9,22,46,2,04大安區,大安區仁愛路3段143巷與忠孝東路3段248巷13弄口,0,0,1,2,C03,8,5,5,30,3,1,1,5,4,5,13,4,4,10,5,5,1,15,2,25,2,9,3,4,7,9,1,10,1,11,,44,,1,21,,121.5430112,25.0406399
112,7,9,23,14,2,05中正區,中正區重慶南路3段與福州街口口,0,0,1,1,B03,8,5,5,50,5,2,1,5,4,5,13,1,1,1,4,5,2,16,4,0,4,11,,,,,,,1,,,119,,2,,,121.5159587,25.027627
112,7,9,23,14,2,05中正區,中正區重慶南路3段與福州街口口,0,0,1,2,F01,8,5,5,50,5,2,1,5,4,5,13,1,1,1,4,5,2,16,2,37,2,9,4,1,7,9,8,20,1,11,,118,,1,21,,121.5159587,25.027627
112,7,9,23,40,2,03中山區,中山區長安東路1段46號,0,0,1,1,B01,7,5,5,50,14,9,1,5,4,5,13,4,4,5,4,5,2,17,1,64,3,10,7,1,7,8,1,4,1,17,,100,,1,21,,121.5274135,25.04848895
112,7,9,23,40,2,03中山區,中山區長安東路1段46號,0,0,1,2,C03,7,5,5,50,14,9,1,5,4,5,13,4,4,5,4,5,2,17,1,21,2,9,6,1,7,9,1,10,1,14,,42,,1,21,,121.5274135,25.04848895
112,7,10,2,33,2,04大安區,大安區信義路4段199巷與安和路1段102巷口口,0,0,1,2,A12,8,5,5,30,4,1,1,5,4,5,13,4,4,5,5,5,2,17,1,43,3,10,3,4,7,9,1,3,1,17,,14,,1,22,,121.5513041,25.0342203
112,7,10,2,33,2,04大安區,大安區信義路4段199巷與安和路1段102巷口口,0,0,1,1,C03,8,5,5,30,4,1,1,5,4,5,13,4,4,5,5,5,2,17,1,54,2,9,3,4,7,9,1,10,1,14,,75,,1,22,,121.5513041,25.0342203
112,7,10,7,5,2,06松山區,松山區光復北路177巷與光復北路口,0,0,2,1,F01,8,7,5,30,4,1,1,5,4,5,13,4,4,8,3,5,2,15,1,62,2,9,2,1,7,3,8,20,1,11,,72,,1,26,,121.5552717,25.05781272
112,7,10,7,5,2,06松山區,松山區光復北路177巷與光復北路口,0,0,2,2,C03,8,7,5,30,4,1,1,5,4,5,13,4,4,8,3,5,2,15,2,54,2,9,5,1,7,9,1,10,1,11,,14,,1,26,,121.5552717,25.05781272
112,7,10,7,45,2,04大安區,大安區和平東路2段與建國南路2段口,0,0,1,1,B03,8,6,5,40,5,1,1,5,4,5,13,2,1,1,4,5,2,17,1,49,3,10,7,1,7,6,1,8,1,6,,82,,1,21,,121.5374065,25.0257737
112,7,10,7,45,2,04大安區,大安區和平東路2段與建國南路2段口,0,0,1,2,C03,8,6,5,40,5,1,1,5,4,5,13,2,1,1,4,5,2,17,1,52,2,9,6,1,7,9,1,10,1,11,,44,,1,21,,121.5374065,25.0257737
112,7,10,7,48,2,03中山區,中山區八德路2段326號,0,0,1,2,,8,6,5,50,14,9,1,5,5,5,13,4,4,5,4,5,2,18,3,0,,,,,,,,,,,,67,,1,,,121.5431599,25.04734728
112,7,10,7,48,2,03中山區,中山區八德路2段326號,0,0,1,1,C03,8,6,5,50,14,9,1,5,5,5,13,4,4,5,4,5,2,18,2,40,2,9,5,4,7,9,1,10,2,14,,42,,1,21,,121.5431599,25.04734728
112,7,10,7,51,2,12內湖區,內湖區成功路2段與石潭路口,0,0,3,4,C03,8,6,5,50,3,1,1,5,4,5,13,1,1,1,4,5,1,17,2,51,2,7,5,1,7,9,1,10,1,14,,44,,1,22,,121.5908333,25.06378532
112,7,10,7,51,2,12內湖區,內湖區成功路2段與石潭路口,0,0,3,1,C03,8,6,5,50,3,1,1,5,4,5,13,1,1,1,4,5,1,17,1,42,2,8,5,1,7,9,1,10,1,11,,16,,1,22,,121.5908333,25.06378532
112,7,10,7,51,2,12內湖區,內湖區成功路2段與石潭路口,0,0,3,2,B12,8,6,5,50,3,1,1,5,4,5,13,1,1,1,4,5,1,17,1,51,3,10,7,1,7,9,1,8,1,6,,44,,1,22,,121.5908333,25.06378532
112,7,10,7,51,2,12內湖區,內湖區成功路2段與石潭路口,0,0,3,3,C03,8,6,5,50,3,1,1,5,4,5,13,1,1,1,4,5,1,17,1,40,2,8,5,1,7,9,1,10,1,14,,44,,1,22,,121.5908333,25.06378532
112,7,10,7,56,2,04大安區,大安區復興南路2段與復興南路2段375巷口,0,0,1,1,B03,8,6,5,30,3,1,1,5,4,5,13,4,4,9,5,5,1,15,1,57,3,10,3,4,7,15,1,8,1,5,,118,,1,22,,121.5434332,25.0223975
112,7,10,7,56,2,04大安區,大安區復興南路2段與復興南路2段375巷口,0,0,1,2,F01,8,6,5,30,3,1,1,5,4,5,13,4,4,9,5,5,1,15,2,29,2,8,3,4,7,9,8,20,9,14,,108,,1,22,,121.5434332,25.0223975
112,7,10,8,8,2,04大安區,(延吉街140號),0,0,1,1,C03,8,6,5,50,4,2,1,5,4,5,13,4,4,8,3,5,1,17,2,70,3,10,3,4,7,1,1,10,1,13,,19,,1,21,,121.5552678,25.0399311
112,7,10,8,8,2,04大安區,(延吉街140號),0,0,1,2,C03,8,6,5,50,4,2,1,5,4,5,13,4,4,8,3,5,1,17,2,21,2,8,3,4,7,15,1,10,2,11,,44,,1,21,,121.5552678,25.0399311
112,7,10,8,15,2,01大同區,大同區重慶北路2段與南京西路口,0,0,4,1,C03,8,7,5,50,4,1,1,5,4,5,13,2,1,1,3,5,2,13,2,44,2,9,5,1,7,9,1,10,1,13,,44,,1,21,,121.5143412,25.05411408
112,7,10,8,15,2,01大同區,大同區重慶北路2段與南京西路口,0,0,4,3,C03,8,7,5,50,4,1,1,5,4,5,13,2,1,1,3,5,2,13,1,49,2,9,5,1,7,9,1,10,1,11,,16,,1,21,,121.5143412,25.05411408
112,7,10,8,15,2,01大同區,大同區重慶北路2段與南京西路口,0,0,4,4,C03,8,7,5,50,4,1,1,5,4,5,13,2,1,1,3,5,2,13,1,44,2,9,5,1,7,9,1,10,1,11,,16,,1,21,,121.5143412,25.05411408
112,7,10,8,15,2,01大同區,大同區重慶北路2段與南京西路口,0,0,4,2,C03,8,7,5,50,4,1,1,5,4,5,13,2,1,1,3,5,2,13,1,40,2,8,5,1,7,9,6,18,1,11,,16,,1,21,,121.5143412,25.05411408
112,7,10,8,27,2,04大安區,大安區信義路3段73號,0,0,2,3,C03,8,5,5,50,14,9,1,5,4,5,13,4,4,10,4,5,2,13,1,27,2,9,6,1,7,9,1,10,1,14,,44,,1,21,,121.5368343,25.0336305
112,7,10,8,27,2,04大安區,大安區信義路3段73號,0,0,2,2,B01,8,5,5,50,14,9,1,5,4,5,13,4,4,10,4,5,2,13,1,55,3,10,7,1,7,9,1,4,1,3,,44,,1,21,,121.5368343,25.0336305
112,7,10,8,27,2,04大安區,大安區信義路3段73號,0,0,2,1,C03,8,5,5,50,14,9,1,5,4,5,13,4,4,10,4,5,2,13,1,19,2,7,6,1,7,9,1,10,1,11,,108,,1,22,,121.5368343,25.0336305
112,7,10,8,30,2,08士林區,士林區福德路(建民橋往士林下坡處),0,0,1,1,C03,8,7,8,50,22,22,1,5,4,5,13,4,4,9,5,5,1,13,1,47,2,8,5,1,7,9,1,10,1,11,,16,,1,22,,121.5212539,25.10587008
112,7,10,8,30,2,08士林區,士林區福德路(建民橋往士林下坡處),0,0,1,2,B03,8,7,8,50,22,22,1,5,4,5,13,4,4,9,5,5,1,13,1,38,3,10,7,1,7,9,1,8,1,6,,44,,1,22,,121.5212539,25.10587008
112,7,10,8,40,2,12內湖區,內湖區金湖路200號對面,0,0,2,3,H02,8,5,5,40,14,8,1,5,4,5,13,4,4,1,3,4,1,13,2,6,2,6,3,5,7,20,8,20,10,16,,67,,1,22,,121.6000303,25.07809048