發生年度,發生月,發生日,發生時-Hours,發生分,處理別-編號,區序,肇事地點,死亡人數,2-30日死亡人數,受傷人數,當事人序號,車種,天候,光線,道路類別,速限-速度限制,道路型態,事故位置,路面狀況1,路面狀況2,路面狀況3,道路障礙1,道路障礙2,號誌1,號誌2,車道劃分-分向,車道劃分-分道1,車道劃分-分道2,車道劃分-分道3,事故類型及型態,性別,年齡,受傷程度,主要傷處,保護裝置,行動電話,車輛用途,當事者行動狀態,駕駛資格情形,駕駛執照種類,飲酒情形,車輛撞擊部位1,車輛撞擊部位2,肇因碼-個別,肇因碼-主要,個人肇逃否,職業,旅次目的,座標-X,座標-Y
112,7,11,15,11,2,08士林區,士林區福華路164巷16號對面,0,0,1,2,H01,6,7,5,30,14,9,1,4,4,5,13,4,4,10,5,5,1,3,1,85,2,9,4,5,8,16,8,20,10,16,,53,,1,21,,121.5231733,25.1043736
112,7,11,15,15,2,11南港區,南港區東新街與東新街101巷口,0,0,1,2,B03,8,5,5,50,3,2,1,5,4,5,13,1,1,5,5,5,2,17,1,48,3,10,3,4,7,5,1,8,2,4,,94,,1,22,,121.5896494,25.04660779
112,7,11,15,15,2,11南港區,南港區東新街與東新街101巷口,0,0,1,3,C03,8,5,5,50,3,2,1,5,4,5,13,1,1,5,5,5,2,17,1,24,3,10,5,1,7,5,1,10,2,15,,44,,1,22,,121.5896494,25.04660779
112,7,11,15,15,2,11南港區,南港區東新街與東新街101巷口,0,0,1,1,C03,8,5,5,50,3,2,1,5,4,5,13,1,1,5,5,5,2,17,1,28,2,9,2,1,7,4,1,10,2,11,,94,,1,22,,121.5896494,25.04660779
112,7,11,16,10,2,03中山區,中山區民權東路2段145號前,0,0,3,1,B03,7,7,6,50,14,9,2,1,3,5,13,4,4,1,4,5,2,13,1,19,3,10,3,4,7,12,1,8,1,3,,16,,1,22,,121.5354058,25.0624952
112,7,11,16,10,2,03中山區,中山區民權東路2段145號前,0,0,3,2,B01,7,7,6,50,14,9,2,1,3,5,13,4,4,1,4,5,2,13,1,64,3,10,3,4,7,12,1,1,1,3,,44,,1,22,,121.5354058,25.0624952
112,7,11,16,10,2,03中山區,中山區民權東路2段145號前,0,0,3,3,B01,7,7,6,50,14,9,2,1,3,5,13,4,4,1,4,5,2,13,1,47,3,10,3,4,7,9,1,4,1,3,,44,,1,21,,121.5354058,25.0624952
112,7,11,16,10,2,03中山區,中山區民權東路2段145號前,0,0,3,4,H02,7,7,6,50,14,9,2,1,3,5,13,4,4,1,4,5,2,13,2,47,2,6,3,5,7,20,8,20,10,16,,67,,1,22,,121.5354058,25.0624952
112,7,11,16,10,2,03中山區,中山區民權東路2段145號前,0,0,3,5,H02,7,7,6,50,14,9,2,1,3,5,13,4,4,1,4,5,2,13,1,19,2,4,3,5,7,20,8,20,10,16,,67,,1,16,,121.5354058,25.0624952
112,7,11,16,10,2,03中山區,中山區民權東路2段145號前,0,0,3,6,H02,7,7,6,50,14,9,2,1,3,5,13,4,4,1,4,5,2,13,1,13,2,5,3,5,7,20,8,20,10,16,,67,,1,15,,121.5354058,25.0624952
112,7,11,16,40,2,03中山區,中山區市民大道2段65號,0,0,1,2,B03,8,7,5,40,14,9,1,5,4,5,13,4,4,1,4,5,2,12,1,49,3,10,7,1,7,9,1,8,1,5,,44,,1,22,,121.5292662,25.04654954
112,7,11,16,40,2,03中山區,中山區市民大道2段65號,0,0,1,1,C03,8,7,5,40,14,9,1,5,4,5,13,4,4,1,4,5,2,12,2,58,2,9,6,1,7,9,1,10,1,14,,107,,1,22,,121.5292662,25.04654954
112,7,11,17,20,2,12內湖區,內湖區康樂街61巷與康樂街111巷口,0,0,1,1,B03,7,7,5,30,4,1,1,5,4,4,8,4,4,10,3,5,1,17,1,56,3,10,7,1,7,9,1,8,1,5,,72,,1,21,,121.6197822,25.0706409
112,7,11,17,20,2,12內湖區,內湖區康樂街61巷與康樂街111巷口,0,0,1,2,C03,7,7,5,30,4,1,1,5,4,4,8,4,4,10,3,5,1,17,1,57,2,3,5,1,7,9,1,10,1,14,,14,,1,21,,121.6197822,25.0706409
112,7,11,17,22,2,04大安區,大安區信義路3段143號,0,0,1,1,C03,8,6,5,50,14,9,1,5,4,5,13,4,4,3,4,5,2,17,1,27,2,8,5,4,7,7,1,10,1,14,,108,,1,22,,121.539926,25.0335746
112,7,11,17,22,2,04大安區,大安區信義路3段143號,0,0,1,2,B03,8,6,5,50,14,9,1,5,4,5,13,4,4,3,4,5,2,17,1,70,3,10,7,4,7,13,1,8,1,6,,38,,1,22,,121.539926,25.0335746
112,7,11,17,40,2,03中山區,中山區敬業二路與北安路口,0,0,1,1,C03,8,6,5,50,3,2,1,5,4,5,13,4,4,1,4,5,2,12,1,22,3,10,6,4,7,6,1,9,1,12,,9,,1,22,,121.554376,25.0850645
112,7,11,17,40,2,03中山區,中山區敬業二路與北安路口,0,0,1,2,C03,8,6,5,50,3,2,1,5,4,5,13,4,4,1,4,5,2,12,2,35,2,9,6,4,7,9,1,10,1,14,,108,,1,22,,121.554376,25.0850645
112,7,11,18,5,2,01大同區,大同區鄭州路與西寧北路口,0,0,1,1,C03,8,5,5,40,4,1,1,5,4,5,13,1,1,1,2,5,2,11,2,25,2,8,6,1,7,5,1,10,2,14,,8,,1,22,,121.5082021,25.0506052
112,7,11,18,5,2,01大同區,大同區鄭州路與西寧北路口,0,0,1,2,B03,8,5,5,40,4,1,1,5,4,5,13,1,1,1,2,5,2,11,1,41,3,10,7,1,7,9,1,8,2,5,,99,,1,22,,121.5082021,25.0506052
112,7,11,18,10,2,07信義區,信義區福德街232巷1號,0,0,1,1,B03,7,5,5,30,14,9,1,5,4,5,13,4,4,10,5,5,2,17,1,67,3,10,3,4,7,9,1,8,1,2,,118,,1,22,,121.5847507,25.03867002
112,7,11,18,10,2,07信義區,信義區福德街232巷1號,0,0,1,2,C03,7,5,5,30,14,9,1,5,4,5,13,4,4,10,5,5,2,17,2,48,2,8,2,4,7,13,1,10,1,13,,118,,1,22,,121.5847507,25.03867002
112,7,11,18,25,2,10文山區,文山區溪洲街與溪洲街82巷口,0,0,1,1,B03,8,5,5,50,3,1,1,5,4,5,13,4,4,5,5,5,2,16,1,46,3,10,7,1,7,6,1,8,1,5,,72,,1,21,,121.5343738,25.0059558
112,7,11,18,25,2,10文山區,文山區溪洲街與溪洲街82巷口,0,0,1,2,C03,8,5,5,50,3,1,1,5,4,5,13,4,4,5,5,5,2,16,1,24,2,9,6,1,7,9,1,10,1,11,,14,,1,21,,121.5343738,25.0059558
112,7,11,18,41,2,04大安區,大安區辛亥路3段與辛亥路3段21巷口,0,0,1,1,B03,7,7,5,30,3,1,1,5,4,5,13,4,4,7,4,1,2,17,2,53,4,11,3,4,7,21,7,19,11,15,,72,,2,22,,121.5443476,25.0213334
112,7,11,18,41,2,04大安區,大安區辛亥路3段與辛亥路3段21巷口,0,0,1,2,C03,7,7,5,30,3,1,1,5,4,5,13,4,4,7,4,1,2,17,1,24,2,8,6,1,7,9,1,10,1,17,,44,,1,25,,121.5443476,25.0213334
112,7,11,18,53,2,08士林區,士林區通河東街1段9巷與通河東街1段口,0,0,2,1,F01,8,5,5,30,3,1,1,5,4,5,13,4,4,10,5,5,1,16,1,12,2,8,3,4,7,6,8,20,1,11,,72,,1,22,,121.5173031,25.08204656
112,7,11,18,53,2,08士林區,士林區通河東街1段9巷與通河東街1段口,0,0,2,2,C03,8,5,5,30,3,1,1,5,4,5,13,4,4,10,5,5,1,16,2,28,2,8,3,4,7,9,1,10,1,12,,14,,1,22,,121.5173031,25.08204656
112,7,11,19,35,2,12內湖區,內湖區民權東路6段與成功路2段口口西南角,0,0,1,1,B03,8,5,5,50,4,2,1,5,4,5,13,4,4,8,4,5,1,16,1,67,3,10,7,1,7,6,1,8,2,5,,9,,1,21,,121.5901136,25.06887507
112,7,11,19,35,2,12內湖區,內湖區民權東路6段與成功路2段口口西南角,0,0,1,2,C03,8,5,5,50,4,2,1,5,4,5,13,4,4,8,4,5,1,16,2,32,2,9,6,1,7,9,1,10,2,14,,44,,1,21,,121.5901136,25.06887507
112,7,11,19,37,2,12內湖區,內湖區民權東路6段與成功路2段口,0,0,2,1,C03,8,5,5,50,4,2,1,5,4,5,13,1,1,1,4,5,2,13,1,64,2,9,5,1,7,9,3,18,1,14,,108,,1,21,,121.5907212,25.06888383
112,7,11,19,37,2,12內湖區,內湖區民權東路6段與成功路2段口,0,0,2,2,C03,8,5,5,50,4,2,1,5,4,5,13,1,1,1,4,5,2,13,1,31,2,7,5,1,7,9,1,10,1,11,,108,,1,21,,121.5907212,25.06888383
112,7,11,19,37,2,12內湖區,內湖區民權東路6段與成功路2段口,0,0,2,3,C03,8,5,5,50,4,2,1,5,4,5,13,1,1,1,4,5,2,13,1,60,3,10,5,1,7,14,1,10,1,13,,44,,1,21,,121.5907212,25.06888383
112,7,11,19,43,2,02萬華區,萬華區西園路2段與莒光路口,0,0,2,3,H02,8,5,5,50,3,1,1,5,4,5,13,1,1,9,4,5,2,17,2,28,2,9,5,5,7,20,8,20,10,16,,67,,1,21,,121.4967747,25.0312006
112,7,11,19,43,2,02萬華區,萬華區西園路2段與莒光路口,0,0,2,1,C03,8,5,5,50,3,1,1,5,4,5,13,1,1,9,4,5,2,17,1,49,3,10,5,4,7,7,1,10,1,11,,100,,1,21,,121.4967747,25.0312006
112,7,11,19,43,2,02萬華區,萬華區西園路2段與莒光路口,0,0,2,2,C03,8,5,5,50,3,1,1,5,4,5,13,1,1,9,4,5,2,17,1,28,2,9,5,4,7,9,1,10,1,13,,44,,1,21,,121.4967747,25.0312006
112,7,11,20,17,2,02萬華區,萬華區德昌街151號,0,0,2,2,C03,8,5,5,30,14,9,1,5,4,5,13,4,4,10,5,5,2,16,1,36,2,8,5,4,7,9,1,9,1,11,,44,,1,22,,121.4956879,25.02374377
112,7,11,20,17,2,02萬華區,萬華區德昌街151號,0,0,2,1,C03,8,5,5,30,14,9,1,5,4,5,13,4,4,10,5,5,2,16,1,64,2,8,5,4,7,1,1,10,1,11,,19,,1,22,,121.4956879,25.02374377
112,7,11,22,27,2,12內湖區,內湖區民權東路6段與民權東路6段203巷口,0,0,1,1,B01,8,5,5,50,3,2,1,5,4,5,13,1,1,1,4,4,2,11,1,45,3,10,7,1,7,5,1,4,1,2,,74,,1,21,,121.5953605,25.06857022
112,7,11,22,27,2,12內湖區,內湖區民權東路6段與民權東路6段203巷口,0,0,1,2,C03,8,5,5,50,3,2,1,5,4,5,13,1,1,1,4,4,2,11,1,40,2,9,5,1,7,9,1,10,1,14,,44,,1,21,,121.5953605,25.06857022
112,7,11,22,30,2,11南港區,南港區南港路3段314巷與松河街口,0,0,2,1,C03,8,5,5,40,3,2,1,5,4,5,13,1,1,4,5,5,2,13,2,27,2,7,5,4,7,9,1,10,1,11,,107,,1,22,,121.5813688,25.052463
112,7,11,22,30,2,11南港區,南港區南港路3段314巷與松河街口,0,0,2,2,C03,8,5,5,40,3,2,1,5,4,5,13,1,1,4,5,5,2,13,1,37,2,5,5,4,7,9,1,10,1,13,,13,,1,22,,121.5813688,25.052463
112,7,11,22,51,2,12內湖區,內湖區康寧路3段與康寧路3段70巷口,0,0,1,2,C03,8,5,5,50,3,2,1,5,4,5,13,2,1,1,3,5,1,16,1,20,2,9,6,1,7,12,1,10,1,11,,44,,1,21,,121.6112892,25.07044913
112,7,11,22,51,2,12內湖區,內湖區康寧路3段與康寧路3段70巷口,0,0,1,1,B03,8,5,5,50,3,2,1,5,4,5,13,2,1,1,3,5,1,16,2,30,3,10,7,3,7,5,1,8,1,2,,74,,1,21,,121.6112892,25.07044913
112,7,11,23,40,2,05中正區,中正區和平西路1段與牯嶺街口側附近口,0,0,1,1,C03,8,5,5,50,4,2,1,5,4,5,13,1,1,1,4,5,2,12,1,36,3,10,3,4,7,9,1,10,11,15,,118,,2,22,,121.5193259,25.0265135
112,7,11,23,40,2,05中正區,中正區和平西路1段與牯嶺街口側附近口,0,0,1,2,C03,8,5,5,50,4,2,1,5,4,5,13,1,1,1,4,5,2,12,1,24,2,7,5,1,7,8,1,10,1,14,,118,,1,21,,121.5193259,25.0265135
112,7,12,0,15,2,02萬華區,萬華區西園路1段與廣州街口,0,0,2,2,C03,8,5,5,40,4,1,1,5,4,5,13,2,1,2,3,5,1,16,1,46,2,9,3,4,7,9,6,18,2,11,,44,,1,22,,121.4993849,25.0366902
112,7,12,0,15,2,02萬華區,萬華區西園路1段與廣州街口,0,0,2,1,C03,8,5,5,40,4,1,1,5,4,5,13,2,1,2,3,5,1,16,1,19,2,9,3,4,7,5,3,18,2,14,,8,,1,22,,121.4993849,25.0366902
112,7,12,4,2,2,03中山區,中山區長安東路2段148號,0,0,1,1,C04,8,5,5,30,14,9,1,5,4,5,13,4,4,4,5,5,1,18,1,30,2,9,3,4,7,9,1,8,7,12,,21,,1,21,,121.5379955,25.04835491
112,7,12,4,2,2,03中山區,中山區長安東路2段148號,0,0,1,2,,8,5,5,30,14,9,1,5,4,5,13,4,4,4,5,5,1,18,3,0,,,,,,,,,,,,67,,1,,,121.5379955,25.04835491
112,7,12,7,26,2,02萬華區,萬華區環河南路1段與忠孝西路2段口,0,0,1,2,C03,8,5,5,50,3,1,1,5,4,5,13,1,1,9,4,5,2,12,1,44,2,8,5,4,7,9,1,10,1,14,,108,,1,21,,121.5061318,25.04877776
112,7,12,7,26,2,02萬華區,萬華區環河南路1段與忠孝西路2段口,0,0,1,1,B03,8,5,5,50,3,1,1,5,4,5,13,1,1,9,4,5,2,12,1,41,3,10,7,4,7,6,1,8,1,2,,9,,1,21,,121.5061318,25.04877776
112,7,12,7,38,2,04大安區,大安區市民大道4段68號,0,0,2,1,C04,8,7,5,40,14,9,1,5,4,5,13,4,4,5,5,5,2,12,1,40,3,10,3,4,7,7,1,10,1,11,,100,,1,22,,121.5472238,25.0449512
112,7,12,7,38,2,04大安區,大安區市民大道4段68號,0,0,2,3,H02,8,7,5,40,14,9,1,5,4,5,13,4,4,5,5,5,2,12,1,30,2,9,3,5,7,20,8,20,10,16,,67,,1,22,,121.5472238,25.0449512
112,7,12,7,38,2,04大安區,大安區市民大道4段68號,0,0,2,2,C03,8,7,5,40,14,9,1,5,4,5,13,4,4,5,5,5,2,12,1,27,2,9,3,4,7,9,6,18,1,14,,44,,1,22,,121.5472238,25.0449512
112,7,12,7,40,2,06松山區,松山區南京東路5段與南京東路5段291巷口,0,0,1,1,C03,8,7,6,30,4,2,1,5,4,5,13,1,1,9,4,5,2,16,1,76,2,9,5,1,7,9,1,8,1,11,,44,,1,22,,121.5661314,25.05144348
112,7,12,7,40,2,06松山區,松山區南京東路5段與南京東路5段291巷口,0,0,1,2,C03,8,7,6,30,4,2,1,5,4,5,13,1,1,9,4,5,2,16,1,28,3,10,5,1,7,9,1,10,1,12,,81,,1,22,,121.5661314,25.05144348
112,7,12,7,50,2,12內湖區,內湖區安康路25巷內,0,0,1,2,H01,8,6,5,50,14,9,1,5,4,5,13,4,4,9,5,5,2,1,2,58,2,9,4,5,8,17,8,20,10,16,,67,,1,21,,121.593383,25.06299529
112,7,12,7,50,2,12內湖區,內湖區安康路25巷內,0,0,1,1,B03,8,6,5,50,14,9,1,5,4,5,13,4,4,9,5,5,2,1,2,65,3,10,3,1,7,9,1,8,1,2,,108,,1,21,,121.593383,25.06299529
112,7,12,8,30,2,08士林區,士林區大東路與大北路口,0,0,3,2,C03,8,7,5,30,4,1,1,5,4,5,13,4,4,10,5,5,1,17,2,38,2,8,6,1,7,9,1,10,2,14,,14,,1,21,,121.5255054,25.0900266
112,7,12,8,30,2,08士林區,士林區大東路與大北路口,0,0,3,1,C03,8,7,5,30,4,1,1,5,4,5,13,4,4,10,5,5,1,17,1,48,2,3,6,1,7,9,1,10,2,11,,75,,1,21,,121.5255054,25.0900266
112,7,12,8,30,2,08士林區,士林區大東路與大北路口,0,0,3,3,H02,8,7,5,30,4,1,1,5,4,5,13,4,4,10,5,5,1,17,2,41,2,9,6,5,7,17,8,20,10,16,,67,,1,21,,121.5255054,25.0900266
112,7,12,8,30,2,10文山區,文山區試院路152號,0,0,1,1,C04,8,6,5,30,14,9,2,5,4,5,13,4,4,10,5,5,2,18,2,22,2,9,6,4,7,9,1,10,2,11,,118,,1,21,,121.5471929,24.98999555
112,7,12,8,30,2,10文山區,文山區試院路152號,0,0,1,2,,8,6,5,30,14,9,2,5,4,5,13,4,4,10,5,5,2,18,3,0,,,,,,,,,10,,,67,,1,,,121.5471929,24.98999555
112,7,12,8,30,2,11南港區,南港區南深路往深坑(燈桿No.33),0,0,1,1,B12,8,7,3,50,11,8,1,5,4,5,13,4,4,5,5,4,2,17,1,63,3,10,3,4,7,15,1,8,11,2,,98,,1,22,,121.6221539,25.0311661
112,7,12,8,30,2,11南港區,南港區南深路往深坑(燈桿No.33),0,0,1,2,C03,8,7,3,50,11,8,1,5,4,5,13,4,4,5,5,4,2,17,1,60,2,9,3,4,7,15,1,10,11,14,,44,,1,22,,121.6221539,25.0311661
112,7,12,8,32,2,03中山區,中山區撫順街33號,0,0,2,1,C03,8,6,5,50,14,9,1,5,4,5,13,4,4,9,5,5,1,12,2,47,2,7,6,4,7,11,1,10,1,14,,10,,1,22,,121.5200037,25.06350632
112,7,12,8,32,2,03中山區,中山區撫順街33號,0,0,2,2,C03,8,6,5,50,14,9,1,5,4,5,13,4,4,9,5,5,1,12,2,28,2,8,6,4,7,9,1,10,1,11,,44,,1,22,,121.5200037,25.06350632
112,7,12,8,35,2,07信義區,信義區永吉路與基隆路1段口,0,0,1,2,C03,8,6,8,50,4,1,1,5,4,5,13,1,1,1,4,5,2,12,2,42,2,7,6,1,7,9,1,10,1,12,,118,,1,21,,121.5671125,25.0458413
112,7,12,8,35,2,07信義區,信義區永吉路與基隆路1段口,0,0,1,1,C03,8,6,8,50,4,1,1,5,4,5,13,1,1,1,4,5,2,12,2,47,3,10,6,1,7,9,1,10,1,14,,107,,1,21,,121.5671125,25.0458413
112,7,12,8,38,2,09北投區,北投區紗帽路與陽明路1段43巷口口,0,0,1,1,C03,8,7,5,50,3,1,1,5,4,5,13,4,4,5,5,5,1,16,2,21,2,9,6,1,7,3,1,10,1,14,,72,,1,22,,121.5483751,25.14909919
112,7,12,8,38,2,09北投區,北投區紗帽路與陽明路1段43巷口口,0,0,1,2,B12,8,7,5,50,3,1,1,5,4,5,13,4,4,5,5,5,1,16,1,34,3,10,7,1,7,9,1,8,1,8,,44,,1,22,,121.5483751,25.14909919
112,7,12,8,48,2,08士林區,士林區凱旋路61巷2弄2號,0,0,2,2,C03,8,6,5,30,14,9,5,5,4,5,13,4,4,10,5,5,1,17,1,57,2,9,6,1,7,9,1,10,1,14,,44,,1,21,,121.5418323,25.13608422
112,7,12,8,48,2,08士林區,士林區凱旋路61巷2弄2號,0,0,2,1,C03,8,6,5,30,14,9,5,5,4,5,13,4,4,10,5,5,1,17,2,24,2,9,6,1,7,4,1,10,1,14,,1,,1,21,,121.5418323,25.13608422
112,7,12,8,50,2,01大同區,大同區大龍街196號,0,0,3,2,C03,8,6,5,50,3,2,1,5,4,5,13,4,4,9,5,5,2,16,1,49,3,10,5,1,7,5,6,18,2,13,,72,,1,21,,121.5159265,25.06938081
112,7,12,8,50,2,01大同區,大同區大龍街196號,0,0,3,4,H02,8,6,5,50,3,2,1,5,4,5,13,4,4,9,5,5,2,16,2,5,2,9,6,5,7,20,8,20,10,16,,67,,1,24,,121.5159265,25.06938081
112,7,12,8,50,2,01大同區,大同區大龍街196號,0,0,3,1,C03,8,6,5,50,3,2,1,5,4,5,13,4,4,9,5,5,2,16,2,35,2,8,6,1,7,9,1,10,2,11,,14,,1,21,,121.5159265,25.06938081
112,7,12,8,50,2,01大同區,大同區大龍街196號,0,0,3,3,H02,8,6,5,50,3,2,1,5,4,5,13,4,4,9,5,5,2,16,2,9,2,7,6,5,7,20,8,20,10,16,,67,,1,14,,121.5159265,25.06938081
112,7,12,8,51,2,08士林區,士林區承德路5段與通河東街2段20巷口,0,0,1,1,B01,8,6,5,40,3,2,1,5,4,5,13,4,4,10,5,5,2,17,4,56,,,,,,,,,1,,,119,,2,,,121.5151511,25.092645
112,7,12,8,51,2,08士林區,士林區承德路5段與通河東街2段20巷口,0,0,1,2,C03,8,6,5,40,3,2,1,5,4,5,13,4,4,10,5,5,2,17,1,80,2,8,6,1,7,15,1,10,1,11,,44,,1,21,,121.5151511,25.092645
112,7,12,8,51,2,08士林區,士林區承德路5段與通河東街2段20巷口,0,0,1,3,C03,8,6,5,40,3,2,1,5,4,5,13,4,4,10,5,5,2,17,2,31,3,10,6,1,7,15,1,10,1,12,,98,,1,21,,121.5151511,25.092645
112,7,12,9,5,2,06松山區,松山區八德路3段與八德路3段158巷口,0,0,1,2,B03,8,6,5,50,4,1,1,5,4,5,13,2,1,5,4,5,2,13,2,42,3,10,7,1,7,12,1,8,1,6,,44,,1,22,,121.5548681,25.0480842
112,7,12,9,5,2,06松山區,松山區八德路3段與八德路3段158巷口,0,0,1,1,C03,8,6,5,50,4,1,1,5,4,5,13,2,1,5,4,5,2,13,1,27,2,9,6,1,7,9,1,10,1,11,,16,,1,22,,121.5548681,25.0480842
112,7,12,9,27,2,04大安區,大安區和平東路3段與基隆路2段口,0,0,1,1,C03,8,7,5,50,18,9,1,5,4,5,13,2,1,1,5,5,2,12,1,31,3,10,3,4,7,10,1,10,1,13,,100,,1,22,,121.5522836,25.0242976
112,7,12,9,27,2,04大安區,大安區和平東路3段與基隆路2段口,0,0,1,2,C03,8,7,5,50,18,9,1,5,4,5,13,2,1,1,5,5,2,12,1,46,2,9,3,4,7,9,1,10,1,11,,44,,1,22,,121.5522836,25.0242976
112,7,12,9,30,2,11南港區,南港區忠孝東路7段與忠孝東路7段325巷口,0,0,1,2,C03,8,5,5,50,3,1,1,5,4,5,13,1,1,10,5,5,2,17,1,22,2,9,3,4,7,9,1,10,2,14,,13,,1,22,,121.6057055,25.0518658
112,7,12,9,30,2,09北投區,北投區大業路157號與大業路口,0,0,2,1,C03,8,7,6,50,14,9,1,5,4,5,13,4,4,1,4,5,2,12,1,32,2,8,5,1,7,10,1,10,1,11,,118,,1,21,,121.498775,25.12458097
112,7,12,9,30,2,09北投區,北投區大業路157號與大業路口,0,0,2,2,C03,8,7,6,50,14,9,1,5,4,5,13,4,4,1,4,5,2,12,1,48,2,9,5,1,7,9,1,10,1,14,,118,,1,21,,121.498775,25.12458097
112,7,12,9,30,2,12內湖區,內湖區民權東路6段175號,0,0,1,2,C03,8,6,5,30,3,1,1,5,4,5,13,4,4,1,4,4,2,13,1,56,2,9,6,1,7,9,1,10,2,11,,13,,1,21,,121.5966082,25.06803412
112,7,12,9,30,2,12內湖區,內湖區民權東路6段175號,0,0,1,1,B03,8,6,5,30,3,1,1,5,4,5,13,4,4,1,4,4,2,13,1,44,3,10,7,1,7,5,1,8,2,3,,72,,1,21,,121.5966082,25.06803412
112,7,12,9,30,2,11南港區,南港區忠孝東路7段與忠孝東路7段325巷口,0,0,1,1,B02,8,5,5,50,3,1,1,5,4,5,13,1,1,10,5,5,2,17,2,36,4,11,3,4,7,11,1,8,1,15,,10,,2,21,,121.6057055,25.0518658
112,7,12,9,39,2,02萬華區,萬華區環河南路1段與中興橋口機車道下橋,0,0,1,1,C03,8,5,5,50,3,2,1,5,4,5,13,4,4,8,4,5,2,17,1,22,2,2,6,4,7,9,1,10,1,14,,72,,1,21,,121.5003834,25.04254402
112,7,12,9,39,2,02萬華區,萬華區環河南路1段與中興橋口機車道下橋,0,0,1,2,B03,8,5,5,50,3,2,1,5,4,5,13,4,4,8,4,5,2,17,1,26,3,10,7,4,7,9,1,8,1,5,,44,,1,21,,121.5003834,25.04254402
112,7,12,9,45,2,01大同區,大同區重慶北路3段北往南公車專用道近民權西路,0,0,7,7,H02,8,6,7,50,14,10,1,5,4,5,13,4,4,8,3,4,2,12,2,41,2,9,3,5,7,20,8,20,10,16,,67,,1,21,,121.5136403,25.06349656
112,7,12,9,45,2,01大同區,大同區重慶北路3段北往南公車專用道近民權西路,0,0,7,1,A02,8,6,7,50,14,10,1,5,4,5,13,4,4,8,3,4,2,12,1,58,3,10,7,1,7,9,1,2,2,1,,108,,1,21,,121.5136403,25.06349656
112,7,12,9,45,2,01大同區,大同區重慶北路3段北往南公車專用道近民權西路,0,0,7,9,H02,8,6,7,50,14,10,1,5,4,5,13,4,4,8,3,4,2,12,1,64,2,9,3,5,7,20,8,20,10,16,,67,,1,21,,121.5136403,25.06349656
112,7,12,9,45,2,01大同區,大同區重慶北路3段北往南公車專用道近民權西路,0,0,7,5,H02,8,6,7,50,14,10,1,5,4,5,13,4,4,8,3,4,2,12,2,79,2,1,3,5,7,20,8,20,10,16,,67,,1,21,,121.5136403,25.06349656
112,7,12,9,45,2,01大同區,大同區重慶北路3段北往南公車專用道近民權西路,0,0,7,8,H02,8,6,7,50,14,10,1,5,4,5,13,4,4,8,3,4,2,12,2,71,2,9,3,5,7,20,8,20,10,16,,67,,1,21,,121.5136403,25.06349656
112,7,12,9,45,2,01大同區,大同區重慶北路3段北往南公車專用道近民權西路,0,0,7,10,H02,8,6,7,50,14,10,1,5,4,5,13,4,4,8,3,4,2,12,1,79,2,9,3,5,7,20,8,20,10,16,,67,,1,21,,121.5136403,25.06349656
112,7,12,9,45,2,01大同區,大同區重慶北路3段北往南公車專用道近民權西路,0,0,7,4,A02,8,6,7,50,14,10,1,5,4,5,13,4,4,8,3,4,2,12,1,65,3,10,7,1,7,14,1,2,2,3,,44,,1,21,,121.5136403,25.06349656
112,7,12,9,45,2,01大同區,大同區重慶北路3段北往南公車專用道近民權西路,0,0,7,2,A02,8,6,7,50,14,10,1,5,4,5,13,4,4,8,3,4,2,12,1,56,2,9,7,1,7,14,1,2,2,3,,44,,1,21,,121.5136403,25.06349656
112,7,12,9,45,2,01大同區,大同區重慶北路3段北往南公車專用道近民權西路,0,0,7,3,A02,8,6,7,50,14,10,1,5,4,5,13,4,4,8,3,4,2,12,1,61,3,10,7,1,7,14,1,2,2,3,,44,,1,21,,121.5136403,25.06349656
112,7,12,9,45,2,01大同區,大同區重慶北路3段北往南公車專用道近民權西路,0,0,7,6,H02,8,6,7,50,14,10,1,5,4,5,13,4,4,8,3,4,2,12,1,38,2,1,3,5,7,20,8,20,10,16,,67,,1,21,,121.5136403,25.06349656
112,7,12,10,12,1,04大安區,大安區芳蘭路與長興街口,1,0,0,2,H01,8,7,5,30,4,18,1,5,4,5,13,2,1,9,1,5,1,3,1,54,1,9,4,5,8,16,8,20,10,16,,67,,1,21,,121.5475098,25.0150504
112,7,12,10,12,1,04大安區,大安區芳蘭路與長興街口,1,0,0,1,B03,8,7,5,30,4,18,1,5,4,5,13,2,1,9,1,5,1,3,2,65,3,10,3,4,7,5,1,8,2,1,,70,,1,21,,121.5475098,25.0150504
112,7,12,10,14,2,01大同區,大同區環河北路2段與迪化街2段172巷口口,0,0,1,1,B03,8,6,5,50,3,1,1,5,4,5,13,4,4,1,4,5,2,16,2,45,3,10,7,1,7,6,1,8,1,5,,9,,1,21,,121.5090216,25.06719883
112,7,12,10,14,2,01大同區,大同區環河北路2段與迪化街2段172巷口口,0,0,1,2,C03,8,6,5,50,3,1,1,5,4,5,13,4,4,1,4,5,2,16,1,34,2,9,6,1,7,9,1,10,1,14,,108,,1,21,,121.5090216,25.06719883
112,7,12,10,14,2,01大同區,大同區環河北路2段與迪化街2段172巷口口,0,0,1,3,,8,6,5,50,3,1,1,5,4,5,13,4,4,1,4,5,2,16,3,0,,,,,,,,,,,,67,,1,,,121.5090216,25.06719883