發生年度,發生月,發生日,發生時-Hours,發生分,處理別-編號,區序,肇事地點,死亡人數,2-30日死亡人數,受傷人數,當事人序號,車種,天候,光線,道路類別,速限-速度限制,道路型態,事故位置,路面狀況1,路面狀況2,路面狀況3,道路障礙1,道路障礙2,號誌1,號誌2,車道劃分-分向,車道劃分-分道1,車道劃分-分道2,車道劃分-分道3,事故類型及型態,性別,年齡,受傷程度,主要傷處,保護裝置,行動電話,車輛用途,當事者行動狀態,駕駛資格情形,駕駛執照種類,飲酒情形,車輛撞擊部位1,車輛撞擊部位2,肇因碼-個別,肇因碼-主要,個人肇逃否,職業,旅次目的,座標-X,座標-Y
112,7,13,13,36,2,01大同區,大同區延平北路4段與酒泉街口,0,0,1,2,C03,8,6,5,50,4,2,1,5,4,5,13,2,1,9,4,5,2,12,1,47,3,10,5,1,7,9,1,10,1,12,,44,,1,22,,121.511057,25.0726543
112,7,13,13,39,2,03中山區,中山區復興北路地下道往北靠近濱江街,0,0,1,1,B01,8,5,5,40,14,9,1,5,4,5,13,4,4,1,3,5,1,13,1,65,3,10,3,4,7,9,1,4,2,1,,16,,1,21,,121.5443577,25.07176593
112,7,13,13,39,2,03中山區,中山區復興北路地下道往北靠近濱江街,0,0,1,2,B03,8,5,5,40,14,9,1,5,4,5,13,4,4,1,3,5,1,13,2,43,3,10,3,4,7,14,1,8,2,3,,44,,1,21,,121.5443577,25.07176593
112,7,13,13,39,2,03中山區,中山區復興北路地下道往北靠近濱江街,0,0,1,3,B03,8,5,5,40,14,9,1,5,4,5,13,4,4,1,3,5,1,13,1,26,3,10,3,4,7,14,1,8,2,3,,44,,1,21,,121.5443577,25.07176593
112,7,13,13,39,2,03中山區,中山區復興北路地下道往北靠近濱江街,0,0,1,4,B01,8,5,5,40,14,9,1,5,4,5,13,4,4,1,3,5,1,13,1,62,3,10,3,4,7,14,1,4,2,3,,44,,1,21,,121.5443577,25.07176593
112,7,13,13,39,2,03中山區,中山區復興北路地下道往北靠近濱江街,0,0,1,5,H02,8,5,5,40,14,9,1,5,4,5,13,4,4,1,3,5,1,13,1,35,2,1,3,5,7,17,8,20,10,16,,67,,1,21,,121.5443577,25.07176593
112,7,13,13,40,2,08士林區,士林區中正路309號,0,0,1,1,B03,8,6,5,50,14,9,1,5,4,5,13,4,4,3,4,5,2,17,1,66,3,10,3,4,7,1,1,8,1,17,,19,,1,21,,121.5235826,25.0946318
112,7,13,13,40,2,08士林區,士林區中正路309號,0,0,1,2,C03,8,6,5,50,14,9,1,5,4,5,13,4,4,3,4,5,2,17,2,41,2,9,3,4,7,9,1,10,1,12,,44,,1,21,,121.5235826,25.0946318
112,7,13,13,55,2,09北投區,北投區立農街2段與東華街2段口,0,0,2,1,C03,8,6,5,30,4,1,1,5,4,5,13,1,1,10,5,5,1,12,2,20,2,9,6,1,7,5,1,10,1,11,,8,,1,21,,121.5125569,25.11900797
112,7,13,13,55,2,09北投區,北投區立農街2段與東華街2段口,0,0,2,2,C03,8,6,5,30,4,1,1,5,4,5,13,1,1,10,5,5,1,12,2,24,2,9,6,1,7,1,1,10,1,12,,44,,1,21,,121.5125569,25.11900797
112,7,13,14,28,2,06松山區,松山區民生東路5段165-1號,0,0,1,2,F01,8,6,5,50,18,9,1,5,4,5,13,1,1,1,1,1,2,17,2,75,2,9,2,4,7,5,8,20,1,12,,44,,1,21,,121.563771,25.05910309
112,7,13,14,28,2,06松山區,松山區民生東路5段165-1號,0,0,1,1,B01,8,6,5,50,18,9,1,5,4,5,13,1,1,1,1,1,2,17,1,55,3,10,3,4,7,13,1,4,1,4,,40,,1,21,,121.563771,25.05910309
112,7,13,14,32,2,12內湖區,內湖區瑞光路316巷與瑞光路口,0,0,1,1,C03,8,5,5,50,3,2,1,5,4,5,13,1,1,5,4,5,1,11,1,26,3,10,6,1,7,9,1,10,1,14,,16,,1,21,,121.5740824,25.07676884
112,7,13,14,32,2,12內湖區,內湖區瑞光路316巷與瑞光路口,0,0,1,2,C03,8,5,5,50,3,2,1,5,4,5,13,1,1,5,4,5,1,11,1,21,3,10,6,1,7,9,1,10,1,12,,44,,1,21,,121.5740824,25.07676884
112,7,13,14,32,2,12內湖區,內湖區瑞光路316巷與瑞光路口,0,0,1,3,C03,8,5,5,50,3,2,1,5,4,5,13,1,1,5,4,5,1,11,1,41,2,9,6,1,7,9,1,10,1,14,,44,,1,21,,121.5740824,25.07676884
112,7,13,14,43,2,04大安區,大安區金華街與金華街183巷口,0,0,1,1,B03,8,7,5,30,3,1,1,5,4,5,13,4,4,4,5,5,2,12,1,70,3,10,7,1,7,5,1,8,2,1,,74,,1,21,,121.5273442,25.03026478
112,7,13,14,43,2,04大安區,大安區金華街與金華街183巷口,0,0,1,2,C03,8,7,5,30,3,1,1,5,4,5,13,4,4,4,5,5,2,12,2,23,2,9,6,1,7,9,1,10,2,12,,44,,1,21,,121.5273442,25.03026478
112,7,13,15,10,2,08士林區,士林區中山北路5段與中山北路5段378巷口,0,0,2,1,C03,8,6,5,50,4,1,1,5,4,5,13,2,1,4,3,5,1,13,1,40,2,9,6,4,7,9,1,10,1,11,,16,,1,21,,121.5276262,25.09015144
112,7,13,15,10,2,08士林區,士林區中山北路5段與中山北路5段378巷口,0,0,2,2,C03,8,6,5,50,4,1,1,5,4,5,13,2,1,4,3,5,1,13,1,52,2,7,6,4,7,14,1,10,1,13,,44,,1,21,,121.5276262,25.09015144
112,7,13,15,11,2,01大同區,大同區南京西路18巷與南京西路18巷4弄口,0,0,1,1,C03,7,6,5,30,3,1,1,5,4,5,13,4,4,10,5,5,2,2,1,19,3,10,6,4,7,9,1,10,2,14,,107,,1,22,,121.520249,25.0522865
112,7,13,15,11,2,01大同區,大同區南京西路18巷與南京西路18巷4弄口,0,0,1,2,H01,7,6,5,30,3,1,1,5,4,5,13,4,4,10,5,5,2,2,2,59,2,7,4,5,8,16,8,20,10,16,,67,,1,22,,121.520249,25.0522865
112,7,13,15,17,2,02萬華區,萬華區環河南路2段與桂林路口,0,0,1,1,B01,8,7,5,50,4,1,1,5,4,5,13,2,1,1,4,5,2,3,1,43,3,10,7,1,7,6,1,4,1,8,,70,,1,21,,121.4969275,25.0383407
112,7,13,15,17,2,02萬華區,萬華區環河南路2段與桂林路口,0,0,1,2,H01,8,7,5,50,4,1,1,5,4,5,13,2,1,1,4,5,2,3,1,8,2,8,4,5,8,18,8,20,10,16,,67,,1,22,,121.4969275,25.0383407
112,7,13,15,26,2,04大安區,大安區忠孝東路3段與復興南路1段口,0,0,1,2,C03,8,6,5,50,4,1,1,5,4,5,13,2,1,1,4,5,2,12,1,18,2,9,6,1,7,7,1,10,1,12,,100,,1,21,,121.5436405,25.041583
112,7,13,15,26,2,04大安區,大安區忠孝東路3段與復興南路1段口,0,0,1,1,C03,8,6,5,50,4,1,1,5,4,5,13,2,1,1,4,5,2,12,2,63,4,11,3,4,7,15,7,19,11,15,,118,,2,22,,121.5436405,25.041583
112,7,13,15,28,2,07信義區,信義區松德路200巷與松德路180巷口口,0,0,1,2,B01,8,6,5,30,4,1,1,5,4,5,13,3,1,9,4,5,2,17,1,68,3,10,3,4,7,9,1,4,1,8,,13,,1,21,,121.573525,25.0347112
112,7,13,15,28,2,07信義區,信義區松德路200巷與松德路180巷口口,0,0,1,1,C04,8,6,5,30,4,1,1,5,4,5,13,3,1,9,4,5,2,17,1,34,2,9,3,4,7,9,1,10,1,12,,72,,1,22,,121.573525,25.0347112
112,7,13,15,30,2,12內湖區,內湖區金湖路394號,0,0,1,1,B01,8,5,5,50,14,9,1,5,4,5,13,4,4,1,4,5,2,3,1,28,3,10,3,4,7,6,1,4,11,17,,44,,2,22,,121.6051184,25.07343457
112,7,13,15,30,2,12內湖區,內湖區金湖路394號,0,0,1,2,H01,8,5,5,50,14,9,1,5,4,5,13,4,4,1,4,5,2,3,1,56,2,8,4,5,8,16,8,20,10,16,,67,,1,22,,121.6051184,25.07343457
112,7,13,15,32,2,02萬華區,萬華區環河南路1段348巷與桂林路口,0,0,1,2,B03,8,5,5,50,5,1,1,5,4,5,13,2,1,1,3,5,1,17,1,43,3,10,3,4,7,8,1,8,9,17,,100,,1,22,,121.4959872,25.03887977
112,7,13,15,32,2,02萬華區,萬華區環河南路1段348巷與桂林路口,0,0,1,1,C03,8,5,5,50,5,1,1,5,4,5,13,2,1,1,3,5,1,17,1,32,2,9,3,4,7,9,1,10,9,17,,42,,1,22,,121.4959872,25.03887977
112,7,13,16,20,2,09北投區,北投區公館路與西安街2段口,0,0,3,2,C03,7,6,5,50,4,1,1,5,4,5,13,1,1,5,4,5,1,16,1,20,2,9,5,1,7,9,1,10,1,11,,44,,1,21,,121.5027041,25.1214461
112,7,13,16,20,2,09北投區,北投區公館路與西安街2段口,0,0,3,3,H02,7,6,5,50,4,1,1,5,4,5,13,1,1,5,4,5,1,16,1,7,2,9,4,5,7,20,8,20,10,16,,67,,1,21,,121.5027041,25.1214461
112,7,13,16,20,2,09北投區,北投區公館路與西安街2段口,0,0,3,1,C03,7,6,5,50,4,1,1,5,4,5,13,1,1,5,4,5,1,16,2,40,2,9,5,1,7,5,1,10,1,11,,74,,1,21,,121.5027041,25.1214461
112,7,13,16,32,2,04大安區,大安區和平東路3段與敦化南路2段口,0,0,1,1,B03,8,5,5,50,4,2,1,5,4,5,12,2,1,1,4,5,1,12,1,71,3,10,3,4,7,7,1,8,1,2,,100,,1,21,,121.5489391,25.0246745
112,7,13,16,32,2,04大安區,大安區和平東路3段與敦化南路2段口,0,0,1,2,C03,8,5,5,50,4,2,1,5,4,5,12,2,1,1,4,5,1,12,2,32,2,9,5,1,7,9,1,10,1,14,,13,,1,21,,121.5489391,25.0246745
112,7,13,17,9,2,08士林區,士林區至善路1段138巷56-1號,0,0,1,1,B01,8,6,5,30,11,9,1,5,4,5,13,4,4,10,5,5,2,11,1,53,3,10,7,1,7,9,1,4,2,4,,42,,1,22,,121.5419995,25.0962338
112,7,13,17,9,2,08士林區,士林區至善路1段138巷56-1號,0,0,1,2,C03,8,6,5,30,11,9,1,5,4,5,13,4,4,10,5,5,2,11,2,58,2,9,5,1,7,9,1,10,2,14,,42,,1,22,,121.5419995,25.0962338
112,7,13,17,21,2,12內湖區,內湖區成功路3段與星雲街口,0,0,1,1,C03,8,7,5,40,4,1,1,5,4,5,13,2,1,5,5,5,2,12,1,23,2,9,6,1,7,5,1,10,1,14,,8,,1,21,,121.5900053,25.0775031
112,7,13,17,21,2,12內湖區,內湖區成功路3段與星雲街口,0,0,1,2,B01,8,7,5,40,4,1,1,5,4,5,13,2,1,5,5,5,2,12,1,58,3,10,7,1,7,9,1,4,1,5,,44,,1,21,,121.5900053,25.0775031
112,7,13,17,26,2,06松山區,松山區光復北路與南京東路5段口,0,0,1,3,B03,8,7,5,50,4,2,1,5,4,5,13,2,1,1,5,5,2,12,1,36,3,10,7,1,7,9,1,8,1,5,,44,,1,22,,121.5579484,25.05144261
112,7,13,17,26,2,06松山區,松山區光復北路與南京東路5段口,0,0,1,2,C03,8,7,5,50,4,2,1,5,4,5,13,2,1,1,5,5,2,12,1,20,2,8,6,1,7,9,3,18,1,11,,44,,1,22,,121.5579484,25.05144261
112,7,13,17,26,2,06松山區,松山區光復北路與南京東路5段口,0,0,1,1,C03,8,7,5,50,4,2,1,5,4,5,13,2,1,1,5,5,2,12,1,48,3,10,6,1,7,9,1,10,1,17,,30,,1,22,,121.5579484,25.05144261
112,7,13,17,30,2,06松山區,松山區市民大道4段與市民大道4段37巷口迴轉道,0,0,2,2,C03,8,5,5,40,3,1,1,5,4,5,13,4,4,9,4,5,2,17,1,44,2,7,6,1,7,9,1,10,1,12,,44,,1,21,,121.5451752,25.04511698
112,7,13,17,30,2,06松山區,松山區市民大道4段與市民大道4段37巷口迴轉道,0,0,2,1,C03,8,5,5,40,3,1,1,5,4,5,13,4,4,9,4,5,2,17,1,27,2,8,6,1,7,11,1,10,1,14,,103,,1,21,,121.5451752,25.04511698
112,7,13,17,35,2,12內湖區,內湖區民權東路6段與民善街口,0,0,1,1,B03,8,7,5,50,4,1,1,5,4,5,13,1,1,5,5,5,2,16,1,57,3,10,7,1,7,14,1,8,1,17,,118,,1,21,,121.5741518,25.0652289
112,7,13,17,35,2,12內湖區,內湖區民權東路6段與民善街口,0,0,1,2,C03,8,7,5,50,4,1,1,5,4,5,13,1,1,5,5,5,2,16,1,59,2,9,6,1,7,15,1,10,1,17,,44,,1,21,,121.5741518,25.0652289
112,7,13,18,10,2,09北投區,北投區三合街1段36巷與三合街1段口口,0,0,2,1,C03,8,5,5,30,4,1,1,5,4,5,13,3,1,9,4,5,1,15,1,75,2,8,6,1,7,9,1,10,1,14,,72,,1,21,,121.5063596,25.1272354
112,7,13,18,10,2,09北投區,北投區三合街1段36巷與三合街1段口口,0,0,2,2,C03,8,5,5,30,4,1,1,5,4,5,13,3,1,9,4,5,1,15,1,24,2,7,6,1,7,9,3,18,1,11,,14,,1,21,,121.5063596,25.1272354
112,7,13,18,19,2,05中正區,中正區水源路與師大路口口,0,0,1,1,B01,8,6,5,50,5,1,1,5,4,5,13,1,1,1,4,5,1,12,1,53,2,2,7,1,7,6,1,4,1,7,,17,,1,21,,121.5224875,25.02048121
112,7,13,18,19,2,05中正區,中正區水源路與師大路口口,0,0,1,2,B03,8,6,5,50,5,1,1,5,4,5,13,1,1,1,4,5,1,12,1,24,3,10,7,1,7,6,6,8,1,5,,17,,1,21,,121.5224875,25.02048121
112,7,13,18,21,2,03中山區,中山區明水路401號,0,0,1,1,C03,8,5,5,50,14,9,1,5,4,5,13,4,4,1,5,5,1,12,1,22,2,9,3,4,7,7,1,10,1,14,,118,,1,21,,121.5480183,25.0774517
112,7,13,18,21,2,03中山區,中山區明水路401號,0,0,1,2,C03,8,5,5,50,14,9,1,5,4,5,13,4,4,1,5,5,1,12,1,20,3,10,3,4,7,9,1,10,1,12,,118,,1,21,,121.5480183,25.0774517
112,7,13,18,35,2,12內湖區,內湖區康寧路3段99巷與康寧路3段16巷口,0,0,3,3,F01,8,7,5,50,4,1,1,5,4,5,13,2,1,1,4,5,2,16,2,51,2,9,4,1,7,14,8,20,2,11,,38,,1,21,,121.6100193,25.07123442
112,7,13,18,35,2,12內湖區,內湖區康寧路3段99巷與康寧路3段16巷口,0,0,3,1,C03,8,7,5,50,4,1,1,5,4,5,13,2,1,1,4,5,2,16,1,31,2,9,6,1,7,5,1,10,2,12,,74,,1,21,,121.6100193,25.07123442
112,7,13,18,35,2,12內湖區,內湖區康寧路3段99巷與康寧路3段16巷口,0,0,3,2,C03,8,7,5,50,4,1,1,5,4,5,13,2,1,1,4,5,2,16,1,27,2,9,6,1,7,9,1,10,2,11,,118,,1,21,,121.6100193,25.07123442
112,7,13,18,43,2,12內湖區,內湖區文湖街95號,0,0,1,2,C04,7,5,5,50,14,9,1,5,4,5,13,4,4,9,5,5,2,14,2,34,2,9,6,1,7,9,1,10,1,11,,44,,1,21,,121.5650241,25.086456
112,7,13,18,43,2,12內湖區,內湖區文湖街95號,0,0,1,1,B03,7,5,5,50,14,9,1,5,4,5,13,4,4,9,5,5,2,14,1,22,3,10,7,1,7,2,1,8,1,3,,12,,1,21,,121.5650241,25.086456
112,7,13,19,20,2,10文山區,文山區福興路與福興路63巷口口,0,0,1,1,B03,8,5,5,30,4,1,1,5,4,5,13,4,4,10,5,5,2,3,1,57,3,10,7,1,7,5,1,8,1,8,,70,,1,22,,121.5500415,25.0035593
112,7,13,19,20,2,10文山區,文山區福興路與福興路63巷口口,0,0,1,2,H01,8,5,5,30,4,1,1,5,4,5,13,4,4,10,5,5,2,3,2,65,2,8,4,5,8,16,8,20,10,16,,67,,1,22,,121.5500415,25.0035593
112,7,13,19,22,2,05中正區,中正區忠孝西路1段與公園路口,0,0,1,2,H02,8,5,5,50,4,2,1,5,4,5,13,3,1,1,3,5,2,9,2,68,2,8,4,5,8,20,8,20,10,16,,67,,1,21,,121.5171879,25.046156
112,7,13,19,22,2,05中正區,中正區忠孝西路1段與公園路口,0,0,1,1,A02,8,5,5,50,4,2,1,5,4,5,13,3,1,1,3,5,2,9,1,52,4,11,3,4,7,21,7,19,11,15,,108,,1,22,,121.5171879,25.046156
112,7,13,19,25,2,07信義區,信義區基隆路2段22號,0,0,1,1,B03,8,5,5,50,14,9,1,5,4,5,13,2,1,1,4,5,2,12,1,39,3,10,7,1,7,6,1,8,1,2,,44,,1,21,,121.5588619,25.0320442
112,7,13,19,25,2,07信義區,信義區基隆路2段22號,0,0,1,2,C03,8,5,5,50,14,9,1,5,4,5,13,2,1,1,4,5,2,12,1,22,2,7,6,1,7,9,1,9,1,11,,107,,1,21,,121.5588619,25.0320442
112,7,13,19,29,2,01大同區,大同區延平北路3段與延平北路3段66巷口,0,0,1,3,H02,8,5,5,0,14,9,1,5,4,5,13,4,4,9,4,5,1,13,1,22,3,10,5,5,7,20,8,20,10,17,,67,,1,21,,121.5110373,25.0655326
112,7,13,19,29,2,01大同區,大同區延平北路3段與延平北路3段66巷口,0,0,1,1,C03,8,5,5,0,14,9,1,5,4,5,13,4,4,9,4,5,1,13,1,52,3,10,3,4,7,9,1,10,1,15,,118,,2,21,,121.5110373,25.0655326
112,7,13,19,29,2,01大同區,大同區延平北路3段與延平北路3段66巷口,0,0,1,2,C03,8,5,5,0,14,9,1,5,4,5,13,4,4,9,4,5,1,13,1,22,2,7,5,4,7,14,1,10,1,13,,118,,1,21,,121.5110373,25.0655326
112,7,13,19,31,2,06松山區,松山區民生東路3段125號,0,0,2,1,B03,8,5,5,30,3,2,1,5,4,5,13,4,4,9,4,5,2,16,2,43,3,10,7,4,7,5,1,8,2,5,,72,,1,21,,121.5474478,25.05780549
112,7,13,19,31,2,06松山區,松山區民生東路3段125號,0,0,2,3,H02,8,5,5,30,3,2,1,5,4,5,13,4,4,9,4,5,2,16,2,35,2,9,6,5,7,20,8,20,10,16,,67,,1,21,,121.5474478,25.05780549
112,7,13,19,31,2,06松山區,松山區民生東路3段125號,0,0,2,2,C03,8,5,5,30,3,2,1,5,4,5,13,4,4,9,4,5,2,16,2,29,2,9,6,4,7,9,1,10,2,12,,44,,1,21,,121.5474478,25.05780549
112,7,13,20,52,2,09北投區,北投區中央北路4段與學園路口,0,0,1,2,B03,7,5,5,50,3,1,1,5,4,5,13,1,1,10,5,5,2,16,2,42,3,10,7,1,7,9,1,8,1,5,,44,,1,21,,121.4659386,25.1265917
112,7,13,20,52,2,09北投區,北投區中央北路4段與學園路口,0,0,1,1,C03,7,5,5,50,3,1,1,5,4,5,13,1,1,10,5,5,2,16,1,19,2,8,5,1,7,5,1,10,1,14,,8,,1,21,,121.4659386,25.1265917
112,7,13,20,53,2,10文山區,文山區木新路3段與木新路3段155巷口,0,0,1,2,H01,8,5,5,50,3,1,1,5,4,5,13,2,1,5,2,5,2,3,2,66,2,7,4,5,8,16,8,20,10,16,,122,,1,21,,121.5610879,24.9816819
112,7,13,20,53,2,10文山區,文山區木新路3段與木新路3段155巷口,0,0,1,1,F01,8,5,5,50,3,1,1,5,4,5,13,2,1,5,2,5,2,3,1,73,3,10,4,1,7,9,8,20,1,11,,70,,1,21,,121.5610879,24.9816819
112,7,13,21,48,2,08士林區,士林區中正路與中正路口重陽橋迴轉道,0,0,1,1,B03,8,5,5,0,3,2,1,5,4,5,13,4,4,10,5,5,1,17,1,44,4,11,3,4,7,15,7,19,11,15,,72,,2,22,,121.5086946,25.08668713
112,7,13,21,48,2,08士林區,士林區中正路與中正路口重陽橋迴轉道,0,0,1,2,C03,8,5,5,0,3,2,1,5,4,5,13,4,4,10,5,5,1,17,1,48,2,9,5,1,7,9,1,10,1,17,,108,,1,21,,121.5086946,25.08668713
112,7,13,21,56,2,12內湖區,內湖區堤頂大道1段與港墘路口,0,0,2,1,B03,8,5,5,50,3,1,1,5,4,5,13,2,1,1,4,5,2,17,1,57,3,10,7,1,7,6,1,8,1,2,,9,,1,21,,121.5724509,25.07459308
112,7,13,21,56,2,12內湖區,內湖區堤頂大道1段與港墘路口,0,0,2,2,C03,8,5,5,50,3,1,1,5,4,5,13,2,1,1,4,5,2,17,1,30,2,9,6,1,7,9,1,9,1,11,,99,,2,21,,121.5724509,25.07459308
112,7,13,21,56,2,12內湖區,內湖區堤頂大道1段與港墘路口,0,0,2,3,H02,8,5,5,50,3,1,1,5,4,5,13,2,1,1,4,5,2,17,2,33,2,9,6,5,7,20,8,20,10,17,,67,,1,21,,121.5724509,25.07459308
112,7,13,23,29,2,02萬華區,萬華區桂林路與西園路1段口,0,0,3,3,H02,8,5,5,50,4,1,1,5,4,5,13,2,1,4,3,4,1,16,1,28,2,9,3,5,7,20,8,20,10,16,,67,,1,22,,121.499825,25.0385094
112,7,13,23,29,2,02萬華區,萬華區桂林路與西園路1段口,0,0,3,2,C03,8,5,5,50,4,1,1,5,4,5,13,2,1,4,3,4,1,16,1,29,2,9,3,4,7,9,1,10,1,11,,13,,1,22,,121.499825,25.0385094
112,7,13,23,29,2,02萬華區,萬華區桂林路與西園路1段口,0,0,3,1,C03,8,5,5,50,4,1,1,5,4,5,13,2,1,4,3,4,1,16,1,20,2,9,3,4,7,5,3,18,1,12,,74,,1,22,,121.499825,25.0385094
112,7,14,2,42,2,06松山區,松山區撫遠街與新東街30巷口,0,0,2,2,C03,8,5,5,30,4,1,1,5,4,5,13,3,1,1,4,5,2,16,2,31,2,9,6,4,7,9,1,10,2,11,,14,,1,21,,121.5678433,25.05980632
112,7,14,2,42,2,06松山區,松山區撫遠街與新東街30巷口,0,0,2,1,C02,8,5,5,30,4,1,1,5,4,5,13,3,1,1,4,5,2,16,1,26,2,8,6,4,7,6,1,9,2,14,,72,,1,23,,121.5678433,25.05980632
112,7,14,3,24,2,10文山區,文山區辛亥路5段與興隆路3段口,0,0,2,2,C03,8,5,5,50,4,3,1,5,4,5,13,2,1,1,4,4,2,13,1,18,2,8,6,1,7,12,1,10,1,14,,44,,1,16,,121.5545842,25.0007463
112,7,14,3,24,2,10文山區,文山區辛亥路5段與興隆路3段口,0,0,2,1,C03,8,5,5,50,4,3,1,5,4,5,13,2,1,1,4,4,2,13,1,18,2,9,6,1,7,9,1,10,1,12,,81,,1,16,,121.5545842,25.0007463
112,7,14,3,40,2,04大安區,大安區和平東路3段與和平東路3段228巷口,0,0,1,2,F01,8,7,5,50,4,1,1,5,4,5,13,2,1,9,5,5,2,11,2,60,2,8,3,4,7,5,8,20,9,11,,119,,1,26,,121.5546599,25.0224392
112,7,14,3,40,2,04大安區,大安區和平東路3段與和平東路3段228巷口,0,0,1,1,C03,8,7,5,50,4,1,1,5,4,5,13,2,1,9,5,5,2,11,1,37,4,11,3,4,7,15,7,19,9,15,,81,,2,22,,121.5546599,25.0224392
112,7,14,4,52,2,04大安區,大安區安和路1段與安和路1段21巷口,0,0,1,1,B03,8,5,5,50,14,9,1,5,4,5,13,4,4,1,4,5,2,9,1,27,4,11,3,4,7,2,7,19,11,15,,12,,2,22,,121.5498478,25.0395525
112,7,14,4,52,2,04大安區,大安區安和路1段與安和路1段21巷口,0,0,1,2,H01,8,5,5,50,14,9,1,5,4,5,13,4,4,1,4,5,2,9,1,34,2,5,4,5,8,17,8,20,10,16,,54,,1,22,,121.5498478,25.0395525
112,7,14,5,51,2,12內湖區,內湖區東湖路113巷與東湖路113巷95弄口,0,0,2,1,C03,8,5,5,30,4,1,1,5,4,5,13,3,1,10,5,5,2,15,1,61,2,8,6,1,7,3,1,10,9,14,,72,,1,21,,121.6156371,25.07204178
112,7,14,5,51,2,12內湖區,內湖區東湖路113巷與東湖路113巷95弄口,0,0,2,2,C03,8,5,5,30,4,1,1,5,4,5,13,3,1,10,5,5,2,15,1,66,2,9,6,1,7,9,1,10,9,11,,13,,1,21,,121.6156371,25.07204178
112,7,14,7,30,2,04大安區,大安區仁愛路4段112巷與仁愛路4段112巷9弄口,0,0,2,3,C03,8,7,5,30,3,1,1,5,4,5,13,4,4,10,5,5,2,12,1,36,3,10,3,4,7,13,1,10,9,13,,44,,1,21,,121.5496328,25.0367234
112,7,14,7,30,2,04大安區,大安區仁愛路4段112巷與仁愛路4段112巷9弄口,0,0,2,2,C03,8,7,5,30,3,1,1,5,4,5,13,4,4,10,5,5,2,12,1,48,2,9,5,1,7,15,1,10,1,11,,44,,1,21,,121.5496328,25.0367234
112,7,14,7,30,2,04大安區,大安區仁愛路4段112巷與仁愛路4段112巷9弄口,0,0,2,1,C03,8,7,5,30,3,1,1,5,4,5,13,4,4,10,5,5,2,12,2,34,2,9,5,1,7,8,1,10,1,14,,100,,1,21,,121.5496328,25.0367234
112,7,14,7,42,2,04大安區,大安區復興南路2段與復興南路2段151巷口,0,0,1,1,B03,8,7,5,50,4,1,1,5,4,5,13,2,1,9,5,5,2,16,1,36,3,10,3,4,7,5,1,8,1,2,,74,,1,22,,121.5435654,25.0284213
112,7,14,7,42,2,04大安區,大安區復興南路2段與復興南路2段151巷口,0,0,1,2,C03,8,7,5,50,4,1,1,5,4,5,13,2,1,9,5,5,2,16,1,41,2,9,3,4,7,10,1,10,1,11,,100,,1,22,,121.5435654,25.0284213
112,7,14,7,46,2,08士林區,士林區延平北路5段與中正路口口,0,0,2,1,C03,8,6,5,50,4,1,1,5,4,5,12,2,1,1,4,5,1,15,1,25,2,9,5,1,7,9,1,10,1,12,,118,,1,21,,121.5093672,25.0866466
112,7,14,7,46,2,08士林區,士林區延平北路5段與中正路口口,0,0,2,2,C03,8,6,5,50,4,1,1,5,4,5,12,2,1,1,4,5,1,15,2,48,2,9,5,1,7,9,1,10,1,11,,44,,1,21,,121.5093672,25.0866466
112,7,14,7,54,2,10文山區,文山區興隆路3段與興隆路3段181巷口,0,0,1,1,C03,8,6,5,50,3,1,1,5,4,5,13,4,4,1,4,5,2,17,2,63,2,8,5,1,7,8,1,10,2,13,,100,,1,21,,121.5600575,24.9961136
112,7,14,7,54,2,10文山區,文山區興隆路3段與興隆路3段181巷口,0,0,1,2,B03,8,6,5,50,3,1,1,5,4,5,13,4,4,1,4,5,2,17,2,50,3,10,7,1,7,9,1,8,2,1,,44,,1,21,,121.5600575,24.9961136
112,7,14,8,27,2,08士林區,士林區基河路22號,0,0,2,1,F01,8,7,5,50,14,9,1,5,4,5,13,4,4,9,5,5,2,17,1,68,2,1,4,1,7,8,8,20,1,13,,100,,1,22,,121.5245131,25.0831986
112,7,14,8,27,2,08士林區,士林區基河路22號,0,0,2,2,C03,8,7,5,50,14,9,1,5,4,5,13,4,4,9,5,5,2,17,2,51,2,8,5,1,7,9,1,10,1,11,,108,,1,22,,121.5245131,25.0831986
112,7,14,8,32,2,05中正區,中正區林森南路與青島東路口,0,0,1,2,C03,8,5,5,50,4,2,1,5,4,5,13,1,1,9,4,5,2,13,2,34,2,9,5,1,7,9,1,10,1,11,,16,,1,21,,121.5229738,25.0438012
112,7,14,8,32,2,05中正區,中正區林森南路與青島東路口,0,0,1,1,B03,8,5,5,50,4,2,1,5,4,5,13,1,1,9,4,5,2,13,1,31,3,10,7,1,7,14,1,8,1,7,,44,,1,21,,121.5229738,25.0438012
112,7,14,8,45,2,07信義區,信義區松勤街17號,0,0,1,1,B03,8,5,5,30,14,9,1,5,4,5,13,4,4,9,5,5,2,16,1,44,3,10,7,1,7,8,1,8,1,1,,100,,1,22,,121.5618304,25.0320712
112,7,14,8,45,2,07信義區,信義區松勤街17號,0,0,1,2,C03,8,5,5,30,14,9,1,5,4,5,13,4,4,9,5,5,2,16,1,30,2,9,5,1,7,9,1,10,1,11,,44,,1,21,,121.5618304,25.0320712