發生年度,發生月,發生日,發生時-Hours,發生分,處理別-編號,區序,肇事地點,死亡人數,2-30日死亡人數,受傷人數,當事人序號,車種,天候,光線,道路類別,速限-速度限制,道路型態,事故位置,路面狀況1,路面狀況2,路面狀況3,道路障礙1,道路障礙2,號誌1,號誌2,車道劃分-分向,車道劃分-分道1,車道劃分-分道2,車道劃分-分道3,事故類型及型態,性別,年齡,受傷程度,主要傷處,保護裝置,行動電話,車輛用途,當事者行動狀態,駕駛資格情形,駕駛執照種類,飲酒情形,車輛撞擊部位1,車輛撞擊部位2,肇因碼-個別,肇因碼-主要,個人肇逃否,職業,旅次目的,座標-X,座標-Y
112,7,14,18,15,2,03中山區,中山區長安東路2段與建國北路1段口,0,0,2,1,C03,8,5,5,50,4,2,1,5,4,5,13,2,1,5,4,5,2,13,1,40,2,5,3,4,7,9,1,10,1,11,,108,,1,21,,121.5369125,25.0484379
112,7,14,18,15,2,03中山區,中山區長安東路2段與建國北路1段口,0,0,2,2,C03,8,5,5,50,4,2,1,5,4,5,13,2,1,5,4,5,2,13,2,30,3,10,3,4,7,12,1,10,1,13,,44,,1,21,,121.5369125,25.0484379
112,7,14,18,15,2,03中山區,中山區長安東路2段與建國北路1段口,0,0,2,3,H02,8,5,5,50,4,2,1,5,4,5,13,2,1,5,4,5,2,13,2,41,2,9,3,5,7,20,8,20,10,16,,67,,1,21,,121.5369125,25.0484379
112,7,14,18,45,2,07信義區,信義區吳興街與吳興街184巷口口,0,0,1,2,C03,7,5,5,30,3,1,1,5,4,5,13,4,4,10,5,5,2,16,1,28,2,7,5,1,7,9,1,10,1,11,,44,,1,21,,121.5623799,25.028597
112,7,14,18,45,2,07信義區,信義區吳興街與吳興街184巷口口,0,0,1,1,C03,7,5,5,30,3,1,1,5,4,5,13,4,4,10,5,5,2,16,1,73,3,10,5,1,7,5,1,10,1,11,,74,,1,21,,121.5623799,25.028597
112,7,14,19,0,2,12內湖區,內湖區民權大橋東向西,0,0,3,4,H02,8,5,5,40,14,11,1,5,4,5,13,4,4,2,2,5,1,17,2,44,2,7,6,5,7,20,8,20,10,16,,67,,1,21,,121.5732272,25.06524516
112,7,14,19,0,2,12內湖區,內湖區民權大橋東向西,0,0,3,1,C03,8,5,5,40,14,11,1,5,4,5,13,4,4,2,2,5,1,17,1,32,3,10,6,1,7,6,1,10,2,17,,30,,1,21,,121.5732272,25.06524516
112,7,14,19,0,2,12內湖區,內湖區民權大橋東向西,0,0,3,2,C03,8,5,5,40,14,11,1,5,4,5,13,4,4,2,2,5,1,17,2,39,2,9,6,1,7,14,1,10,2,15,,44,,1,21,,121.5732272,25.06524516
112,7,14,19,0,2,12內湖區,內湖區民權大橋東向西,0,0,3,3,C03,8,5,5,40,14,11,1,5,4,5,13,4,4,2,2,5,1,17,1,30,2,9,6,1,7,10,1,10,2,11,,42,,1,21,,121.5732272,25.06524516
112,7,14,19,29,2,02萬華區,萬華區青年路12號,0,0,2,1,C03,8,5,5,30,14,9,1,5,4,5,13,4,4,10,5,5,2,17,1,83,2,9,3,4,7,1,1,10,9,11,,19,,1,21,,121.5058977,25.02591659
112,7,14,19,29,2,02萬華區,萬華區青年路12號,0,0,2,2,C03,8,5,5,30,14,9,1,5,4,5,13,4,4,10,5,5,2,17,1,20,2,9,3,4,7,9,1,10,2,11,,44,,1,21,,121.5058977,25.02591659
112,7,14,20,19,2,12內湖區,內湖區行善路59巷與行善路59巷20弄口,0,0,1,1,B03,8,5,5,30,3,2,1,5,4,5,13,4,4,5,5,5,2,17,1,47,3,10,7,1,7,5,1,8,2,8,,2,,1,22,,121.578237,25.05719163
112,7,14,20,19,2,12內湖區,內湖區行善路59巷與行善路59巷20弄口,0,0,1,2,C03,8,5,5,30,3,2,1,5,4,5,13,4,4,5,5,5,2,17,1,46,2,9,6,1,7,5,1,10,2,13,,94,,1,22,,121.578237,25.05719163
112,7,14,20,25,2,11南港區,南港區成美橋附近側附近長壽橋堤外腳踏車道,0,0,2,2,F01,8,5,7,0,22,23,1,5,4,5,8,4,4,10,4,5,2,16,1,50,2,9,4,4,7,9,8,20,1,11,,108,,1,22,,121.5808947,25.05250022
112,7,14,20,25,2,11南港區,南港區成美橋附近側附近長壽橋堤外腳踏車道,0,0,2,1,F01,8,5,7,0,22,23,1,5,4,5,8,4,4,10,4,5,2,16,1,41,2,7,4,4,7,11,8,20,1,14,,10,,1,22,,121.5808947,25.05250022
112,7,14,20,30,2,09北投區,北投區承德路7段397號,0,0,2,2,H01,8,5,5,40,14,9,1,5,4,5,13,4,4,9,4,5,2,2,1,67,2,9,4,5,8,16,8,20,10,16,,67,,1,21,,121.5011947,25.11921181
112,7,14,20,30,2,09北投區,北投區承德路7段397號,0,0,2,1,C03,8,5,5,40,14,9,1,5,4,5,13,4,4,9,4,5,2,2,1,69,2,9,5,1,7,9,1,10,1,12,,118,,1,21,,121.5011947,25.11921181
112,7,14,21,32,2,07信義區,信義區忠孝東路5段與忠孝東路5段215巷口口,0,0,2,2,C03,7,5,5,50,3,1,1,5,4,5,13,2,1,1,4,5,2,13,1,51,2,9,5,1,7,14,1,10,1,13,,44,,1,21,,121.5702193,25.0410627
112,7,14,21,32,2,07信義區,信義區忠孝東路5段與忠孝東路5段215巷口口,0,0,2,1,B01,7,5,5,50,3,1,1,5,4,5,13,2,1,1,4,5,2,13,1,61,3,10,7,1,7,9,1,4,1,1,,16,,1,21,,121.5702193,25.0410627
112,7,14,21,32,2,07信義區,信義區忠孝東路5段與忠孝東路5段215巷口口,0,0,2,3,C03,7,5,5,50,3,1,1,5,4,5,13,2,1,1,4,5,2,13,1,44,2,7,5,1,7,14,1,10,1,13,,44,,1,21,,121.5702193,25.0410627
112,7,14,21,34,2,12內湖區,內湖區內湖路2段301巷與內湖路2段263巷9弄口,0,0,2,2,C03,8,5,5,30,3,2,1,5,4,5,13,4,4,10,5,5,2,17,1,29,2,9,6,1,7,9,1,10,1,11,,44,,1,21,,121.590594,25.08289709
112,7,14,21,34,2,12內湖區,內湖區內湖路2段301巷與內湖路2段263巷9弄口,0,0,2,3,B03,8,5,5,30,3,2,1,5,4,5,13,4,4,10,5,5,2,17,1,34,3,10,3,4,7,13,1,8,9,17,,38,,1,21,,121.590594,25.08289709
112,7,14,21,34,2,12內湖區,內湖區內湖路2段301巷與內湖路2段263巷9弄口,0,0,2,1,C03,8,5,5,30,3,2,1,5,4,5,13,4,4,10,5,5,2,17,2,40,2,9,6,1,7,6,1,10,1,14,,72,,1,21,,121.590594,25.08289709
112,7,14,21,44,2,12內湖區,內湖區民權大橋,0,0,1,2,B02,8,5,5,50,8,7,1,5,4,5,13,4,4,2,4,4,2,13,1,27,3,10,7,4,7,12,1,8,1,3,,118,,1,22,,121.5748168,25.06570485
112,7,14,21,44,2,12內湖區,內湖區民權大橋,0,0,1,1,C02,8,5,5,50,8,7,1,5,4,5,13,4,4,2,4,4,2,13,1,26,2,9,6,1,7,9,1,9,1,11,,16,,1,22,,121.5748168,25.06570485
112,7,14,21,58,2,04大安區,大安區敦化南路1段280號與敦化南路1段口,0,0,2,1,C03,8,5,5,50,4,1,1,5,4,5,13,2,1,1,4,1,2,3,2,56,2,7,6,1,7,6,1,10,1,11,,70,,1,21,,121.5485611,25.0369051
112,7,14,21,58,2,04大安區,大安區敦化南路1段280號與敦化南路1段口,0,0,2,2,H01,8,5,5,50,4,1,1,5,4,5,13,2,1,1,4,1,2,3,2,33,2,9,4,5,8,16,8,20,10,16,,67,,1,21,,121.5485611,25.0369051
112,7,14,22,15,2,07信義區,信義區松德路84號,0,0,1,2,,9,5,5,50,14,8,1,5,4,4,13,4,4,9,3,4,2,18,3,0,,,,,,,,,,,,67,,1,,,121.5755528,25.0380088
112,7,14,22,15,2,07信義區,信義區松德路84號,0,0,1,1,C03,9,5,5,50,14,8,1,5,4,4,13,4,4,9,3,4,2,18,2,21,2,9,5,1,7,9,1,10,1,12,,44,,1,21,,121.5755528,25.0380088
112,7,14,22,22,2,09北投區,北投區致遠一路2段與致遠一路2段11巷口,0,0,3,2,C04,7,5,5,50,4,1,1,5,4,5,13,4,4,10,5,5,2,16,2,28,2,9,5,1,7,9,1,10,2,12,,44,,1,21,,121.5143656,25.1110809
112,7,14,22,22,2,09北投區,北投區致遠一路2段與致遠一路2段11巷口,0,0,3,3,H02,7,5,5,50,4,1,1,5,4,5,13,4,4,10,5,5,2,16,2,48,2,9,5,5,7,20,8,20,10,16,,67,,1,21,,121.5143656,25.1110809
112,7,14,22,22,2,09北投區,北投區致遠一路2段與致遠一路2段11巷口,0,0,3,1,F03,7,5,5,50,4,1,1,5,4,5,13,4,4,10,5,5,2,16,1,72,2,9,5,1,7,5,8,20,2,14,,8,,1,21,,121.5143656,25.1110809
112,7,14,23,50,2,10文山區,文山區辛亥路7段與光輝路50巷口,0,0,1,1,C03,8,5,5,50,14,7,1,5,4,5,13,4,4,5,4,4,2,29,1,20,2,9,5,1,7,9,1,9,2,12,,118,,1,22,,121.554117,24.98503314
112,7,14,23,50,2,10文山區,文山區辛亥路7段與光輝路50巷口,0,0,1,2,,8,5,5,50,14,7,1,5,4,5,13,4,4,5,4,4,2,29,3,0,,,,,,,,,10,,,67,,1,,,121.554117,24.98503314
112,7,15,0,30,2,10文山區,文山區羅斯福路5段262-1號,0,0,2,1,C03,8,5,5,50,14,9,1,5,4,5,13,4,4,1,4,5,2,12,1,45,2,9,6,1,7,9,1,10,2,14,,118,,1,22,,121.5393255,25.0008422
112,7,15,0,30,2,10文山區,文山區羅斯福路5段262-1號,0,0,2,2,C03,8,5,5,50,14,9,1,5,4,5,13,4,4,1,4,5,2,12,2,65,2,9,6,1,7,9,3,18,2,11,,118,,1,22,,121.5393255,25.0008422
112,7,15,2,30,2,07信義區,信義區基隆路1段與信義路5段口口,0,0,2,1,C03,7,5,5,50,4,1,1,5,4,5,13,2,1,1,4,5,2,12,1,22,3,10,5,1,7,7,1,10,1,13,,100,,1,21,,121.5593653,25.0329339
112,7,15,2,30,2,07信義區,信義區基隆路1段與信義路5段口口,0,0,2,2,C03,7,5,5,50,4,1,1,5,4,5,13,2,1,1,4,5,2,12,2,24,2,9,5,1,7,9,1,10,1,11,,44,,1,21,,121.5593653,25.0329339
112,7,15,2,30,2,07信義區,信義區基隆路1段與信義路5段口口,0,0,2,3,H02,7,5,5,50,4,1,1,5,4,5,13,2,1,1,4,5,2,12,2,24,2,9,5,5,7,20,8,20,10,16,,67,,1,21,,121.5593653,25.0329339
112,7,15,3,32,2,02萬華區,萬華區大理街與大理街170巷口,0,0,1,1,B12,8,5,5,30,4,1,1,5,4,5,13,4,4,10,5,5,2,17,1,72,3,10,7,1,7,5,1,8,2,5,,44,,1,21,,121.4939783,25.0339313
112,7,15,3,32,2,02萬華區,萬華區大理街與大理街170巷口,0,0,1,2,F01,8,5,5,30,4,1,1,5,4,5,13,4,4,10,5,5,2,17,2,56,2,7,4,1,7,6,8,20,2,11,,5,,1,21,,121.4939783,25.0339313
112,7,15,3,59,2,04大安區,大安區忠孝東路4段197號,0,0,1,2,C03,7,5,5,50,14,9,1,5,4,5,13,4,4,1,4,5,2,17,1,19,2,9,3,4,7,9,1,10,1,17,,118,,1,22,,121.5521966,25.0414948
112,7,15,3,59,2,04大安區,大安區忠孝東路4段197號,0,0,1,1,B01,7,5,5,50,14,9,1,5,4,5,13,4,4,1,4,5,2,17,4,0,,,,,,,,,,,,119,,2,,,121.5521966,25.0414948
112,7,15,5,30,2,08士林區,士林區前港街與劍潭路55巷口,0,0,2,1,C03,8,5,5,30,4,1,1,5,4,5,13,4,4,10,5,5,1,15,1,26,2,9,5,1,7,9,1,10,2,12,,75,,1,21,,121.5213809,25.0847219
112,7,15,5,30,2,08士林區,士林區前港街與劍潭路55巷口,0,0,2,2,B03,8,5,5,30,4,1,1,5,4,5,13,4,4,10,5,5,1,15,1,22,3,10,7,1,7,9,1,14,2,1,,114,,1,21,,121.5213809,25.0847219
112,7,15,5,30,2,08士林區,士林區前港街與劍潭路55巷口,0,0,2,3,F01,8,5,5,30,4,1,1,5,4,5,13,4,4,10,5,5,1,15,1,70,2,1,4,1,7,9,8,20,2,14,,44,,1,21,,121.5213809,25.0847219
112,7,15,6,35,2,07信義區,信義區基隆路1段與松壽路口,0,0,2,1,C03,8,6,5,50,4,1,1,5,4,5,13,2,1,1,4,5,2,16,1,40,2,9,6,1,7,10,1,10,2,11,,107,,1,21,,121.5614742,25.0359137
112,7,15,6,35,2,07信義區,信義區基隆路1段與松壽路口,0,0,2,2,C03,8,6,5,50,4,1,1,5,4,5,13,2,1,1,4,5,2,16,1,34,2,9,5,1,7,6,1,10,2,13,,9,,1,21,,121.5614742,25.0359137
112,7,15,7,48,2,05中正區,中正區市民大道1段168號,0,0,1,2,C03,8,6,5,40,14,6,1,5,4,5,13,4,4,1,4,5,2,16,1,24,3,10,6,1,7,9,1,10,2,12,,44,,1,22,,121.5186362,25.04829345
112,7,15,7,48,2,05中正區,中正區市民大道1段168號,0,0,1,1,C03,8,6,5,40,14,6,1,5,4,5,13,4,4,1,4,5,2,16,1,61,2,9,5,1,7,5,1,10,2,14,,8,,1,22,,121.5186362,25.04829345
112,7,15,7,57,2,10文山區,文山區興隆路4段76號前,0,0,2,1,F01,8,6,5,50,14,9,1,5,4,5,13,4,4,3,4,5,2,17,2,72,2,9,4,1,7,1,8,20,1,15,,88,,1,21,,121.5618188,24.98405126
112,7,15,7,57,2,10文山區,文山區興隆路4段76號前,0,0,2,2,C03,8,6,5,50,14,9,1,5,4,5,13,4,4,3,4,5,2,17,1,29,2,9,5,1,7,9,1,10,1,11,,13,,1,21,,121.5618188,24.98405126
112,7,15,7,58,2,06松山區,松山區松河街3號與無名巷口,0,0,3,2,C03,8,5,6,40,3,1,1,5,4,5,13,1,1,5,4,5,1,11,1,24,2,7,6,1,7,9,1,10,1,11,,13,,1,21,,121.5721164,25.05085635
112,7,15,7,58,2,06松山區,松山區松河街3號與無名巷口,0,0,3,3,H02,8,5,6,40,3,1,1,5,4,5,13,1,1,5,4,5,1,11,1,24,2,7,5,5,7,20,8,20,10,16,,67,,1,21,,121.5721164,25.05085635
112,7,15,7,58,2,06松山區,松山區松河街3號與無名巷口,0,0,3,1,C03,8,5,6,40,3,1,1,5,4,5,13,1,1,5,4,5,1,11,2,61,2,4,6,1,7,5,1,10,1,12,,74,,1,21,,121.5721164,25.05085635
112,7,15,8,25,2,08士林區,士林區重慶北路4段與通河西街1段口,0,0,1,1,B03,8,6,5,30,4,1,1,5,4,5,13,1,1,5,5,5,1,17,2,48,3,10,7,1,7,5,1,8,2,1,,83,,1,22,,121.5118812,25.0877382
112,7,15,8,25,2,08士林區,士林區重慶北路4段與通河西街1段口,0,0,1,2,C03,8,6,5,30,4,1,1,5,4,5,13,1,1,5,5,5,1,17,2,52,2,9,5,1,7,9,1,10,2,12,,13,,1,22,,121.5118812,25.0877382
112,7,15,9,16,2,10文山區,文山區辛亥路4段與辛亥路4段101巷口口,0,0,1,1,C03,8,6,5,50,3,2,1,5,4,5,13,2,1,1,4,5,2,13,1,45,2,7,5,1,7,9,1,10,1,11,,16,,1,21,,121.5586163,25.0066873
112,7,15,9,16,2,10文山區,文山區辛亥路4段與辛亥路4段101巷口口,0,0,1,2,B03,8,6,5,50,3,2,1,5,4,5,13,2,1,1,4,5,2,13,1,37,3,10,7,1,7,12,1,8,1,3,,44,,1,21,,121.5586163,25.0066873
112,7,15,9,16,2,10文山區,文山區辛亥路4段與辛亥路4段101巷口口,0,0,1,3,C03,8,6,5,50,3,2,1,5,4,5,13,2,1,1,4,5,2,13,1,55,3,10,5,1,7,9,1,9,1,17,,30,,1,21,,121.5586163,25.0066873
112,7,15,9,20,2,05中正區,中正區市民大道1段168號,0,0,1,1,C03,8,6,5,40,14,9,1,5,4,5,13,4,4,1,4,5,1,12,1,47,3,10,6,1,7,10,1,10,2,13,,100,,1,22,,121.5185905,25.0483452
112,7,15,9,20,2,05中正區,中正區市民大道1段168號,0,0,1,2,C03,8,6,5,40,14,9,1,5,4,5,13,4,4,1,4,5,1,12,1,54,2,9,6,1,7,9,3,18,2,14,,42,,1,21,,121.5185905,25.0483452
112,7,15,9,20,2,05中正區,中正區晉江街72巷與晉江街口,0,0,1,1,C03,8,6,5,30,4,1,1,5,4,5,13,4,4,10,5,5,2,17,1,40,2,9,5,1,7,9,1,15,9,11,,42,,2,21,,121.5237703,25.02367762
112,7,15,9,20,2,05中正區,中正區晉江街72巷與晉江街口,0,0,1,2,B03,8,6,5,30,4,1,1,5,4,5,13,4,4,10,5,5,2,17,1,39,3,10,7,1,7,14,1,8,1,8,,38,,1,21,,121.5237703,25.02367762
112,7,15,9,25,2,03中山區,中山區中山北路3段與民族東路口,0,0,1,1,B03,8,6,5,50,4,1,1,5,4,5,13,1,1,5,4,5,2,11,2,68,3,10,3,4,7,5,1,8,1,6,,74,,1,21,,121.5228353,25.0684886
112,7,15,9,25,2,03中山區,中山區中山北路3段與民族東路口,0,0,1,2,C03,8,6,5,50,4,1,1,5,4,5,13,1,1,5,4,5,2,11,2,53,2,9,5,4,7,9,1,10,1,12,,44,,1,22,,121.5228353,25.0684886
112,7,15,9,33,2,04大安區,大安區延吉街135號,0,0,1,1,C03,8,7,5,50,14,9,1,5,4,5,13,4,4,4,5,5,2,17,2,30,3,10,6,1,7,8,1,10,2,14,,100,,1,21,,121.5542355,25.0423546
112,7,15,9,33,2,04大安區,大安區延吉街135號,0,0,1,2,C03,8,7,5,50,14,9,1,5,4,5,13,4,4,4,5,5,2,17,2,21,2,9,6,1,7,9,1,10,2,12,,44,,1,21,,121.5542355,25.0423546
112,7,15,9,48,2,05中正區,中正區忠孝東路2段與臨沂街口,0,0,1,2,C03,8,6,5,50,4,1,1,5,4,5,13,2,1,1,4,5,2,16,2,27,2,9,6,1,7,9,1,10,1,14,,44,,1,22,,121.5307109,25.04283616
112,7,15,9,48,2,05中正區,中正區忠孝東路2段與臨沂街口,0,0,1,1,B03,8,6,5,50,4,1,1,5,4,5,13,2,1,1,4,5,2,16,1,77,3,10,7,1,7,6,1,8,1,5,,9,,1,22,,121.5307109,25.04283616
112,7,15,10,1,2,04大安區,大安區復興南路2段17號,0,0,1,2,C03,8,7,5,40,14,8,1,5,4,5,13,4,4,1,4,4,2,16,2,26,2,9,3,4,7,9,1,10,1,11,,14,,1,22,,121.5437312,25.0323632
112,7,15,10,1,2,04大安區,大安區復興南路2段17號,0,0,1,1,B03,8,7,5,40,14,8,1,5,4,5,13,4,4,1,4,4,2,16,1,73,3,10,3,4,7,6,1,6,1,5,,9,,1,22,,121.5437312,25.0323632
112,7,15,10,5,2,08士林區,士林區至善路2段與故宮路口,0,0,1,2,B12,8,6,5,50,4,2,1,5,4,5,13,1,1,3,4,5,2,17,1,50,3,10,7,1,7,6,1,8,2,2,,44,,1,22,,121.5465013,25.0979977
112,7,15,10,5,2,08士林區,士林區至善路2段與故宮路口,0,0,1,1,C03,8,6,5,50,4,2,1,5,4,5,13,1,1,3,4,5,2,17,1,19,2,9,6,1,7,9,1,10,2,14,,99,,1,22,,121.5465013,25.0979977
112,7,15,10,9,2,05中正區,中正區羅斯福路3段150號,0,0,1,2,B03,8,6,5,50,14,9,1,5,4,5,13,4,4,3,4,5,2,13,1,49,3,10,3,4,7,12,1,8,1,7,,44,,1,22,,121.5285881,25.0201772
112,7,15,10,9,2,05中正區,中正區羅斯福路3段150號,0,0,1,1,C03,8,6,5,50,14,9,1,5,4,5,13,4,4,3,4,5,2,13,1,69,2,7,5,1,7,9,1,10,1,12,,108,,1,22,,121.5285881,25.0201772
112,7,15,10,12,2,07信義區,信義區市民大道6段與松隆路123巷口,0,0,2,2,C03,8,6,5,40,3,2,1,5,4,5,13,4,4,1,4,5,2,16,2,38,2,8,6,1,7,9,1,10,1,11,,13,,1,21,,121.5716552,25.04916668
112,7,15,10,12,2,07信義區,信義區市民大道6段與松隆路123巷口,0,0,2,1,C03,8,6,5,40,3,2,1,5,4,5,13,4,4,1,4,5,2,16,1,70,2,8,6,1,7,6,1,10,1,12,,9,,1,21,,121.5716552,25.04916668
112,7,15,11,2,2,09北投區,北投區學園路4號停車格,0,0,1,2,C03,8,7,5,40,14,9,1,5,4,5,13,4,4,5,5,5,2,16,1,20,2,9,3,4,7,9,1,10,1,14,,118,,1,22,,121.4658107,25.12858527
112,7,15,11,2,2,09北投區,北投區學園路4號停車格,0,0,1,1,B03,8,7,5,40,14,9,1,5,4,5,13,4,4,5,5,5,2,16,1,69,3,10,3,4,7,11,1,8,1,5,,118,,1,22,,121.4658107,25.12858527
112,7,15,11,4,2,12內湖區,內湖區內湖路1段與內湖路1段411巷口,0,0,1,1,C03,8,5,5,50,4,1,1,5,4,5,13,1,1,1,5,5,2,17,2,23,2,9,6,1,7,5,1,10,2,12,,83,,1,21,,121.5708755,25.08152497
112,7,15,11,4,2,12內湖區,內湖區內湖路1段與內湖路1段411巷口,0,0,1,2,B03,8,5,5,50,4,1,1,5,4,5,13,1,1,1,5,5,2,17,2,66,3,10,7,1,7,9,1,8,2,1,,44,,1,21,,121.5708755,25.08152497
112,7,15,11,14,2,04大安區,大安區敦化南路1段270巷與仁愛路4段71巷口,0,0,1,2,C03,8,7,5,30,4,1,1,5,4,5,13,4,4,10,5,5,1,15,1,41,2,8,6,4,7,9,1,10,1,11,,108,,1,21,,121.5471182,25.0389847
112,7,15,11,14,2,04大安區,大安區敦化南路1段270巷與仁愛路4段71巷口,0,0,1,1,B03,8,7,5,30,4,1,1,5,4,5,13,4,4,10,5,5,1,15,1,47,3,10,3,4,7,9,6,4,1,8,,72,,1,21,,121.5471182,25.0389847
112,7,15,11,45,2,02萬華區,萬華區康定路與成都路口,0,0,1,2,C03,8,7,5,50,4,2,1,5,4,5,13,2,1,5,4,4,1,17,1,26,2,7,3,4,7,9,1,10,1,14,,44,,1,22,,121.5026337,25.04360398
112,7,15,11,45,2,02萬華區,萬華區康定路與成都路口,0,0,1,1,B01,8,7,5,50,4,2,1,5,4,5,13,2,1,5,4,4,1,17,1,51,3,10,3,4,7,5,1,4,1,2,,74,,1,22,,121.5026337,25.04360398
112,7,15,11,57,2,10文山區,文山區秀明路1段197號旁,0,0,1,1,C03,8,6,5,50,14,8,1,5,4,5,13,4,4,3,4,4,2,29,1,39,2,9,5,1,7,9,1,10,2,14,,13,,1,21,,121.5694994,24.99173147
112,7,15,11,57,2,10文山區,文山區秀明路1段197號旁,0,0,1,2,,8,6,5,50,14,8,1,5,4,5,13,4,4,3,4,4,2,29,3,0,,,,,,,,,,,,67,,1,,,121.5694994,24.99173147
112,7,15,11,57,2,10文山區,文山區秀明路1段197號旁,0,0,1,3,C03,8,6,5,50,14,8,1,5,4,5,13,4,4,3,4,4,2,29,1,52,3,10,5,1,7,7,1,10,2,17,,100,,1,21,,121.5694994,24.99173147
112,7,15,12,26,2,04大安區,大安區潮州街與潮州街107巷口,0,0,2,1,C03,8,7,5,30,4,1,1,5,4,5,13,4,4,10,5,5,1,15,1,47,2,9,3,4,7,3,1,10,1,12,,72,,1,21,,121.5275379,25.0286884
112,7,15,12,26,2,04大安區,大安區潮州街與潮州街107巷口,0,0,2,2,C03,8,7,5,30,4,1,1,5,4,5,13,4,4,10,5,5,1,15,1,18,2,9,3,4,7,9,1,10,1,11,,108,,1,21,,121.5275379,25.0286884
112,7,15,12,59,2,05中正區,中正區汀州路3段245號,0,0,1,1,C03,8,6,5,50,14,9,1,5,4,5,13,4,4,7,5,5,2,13,2,21,2,7,5,1,7,9,1,8,2,11,,108,,1,22,,121.5341818,25.0137521
112,7,15,12,59,2,05中正區,中正區汀州路3段245號,0,0,1,2,B12,8,6,5,50,14,9,1,5,4,5,13,4,4,7,5,5,2,13,1,48,3,10,3,4,7,9,1,8,2,6,,44,,1,22,,121.5341818,25.0137521
112,7,15,13,0,2,03中山區,中山區北安路615號,0,0,2,1,C03,8,7,5,50,14,9,1,5,4,5,13,4,4,1,4,5,2,13,1,21,2,8,6,1,7,10,1,10,2,11,,16,,1,22,,121.5489028,25.0826731
112,7,15,13,0,2,03中山區,中山區北安路615號,0,0,2,2,C03,8,7,5,50,14,9,1,5,4,5,13,4,4,1,4,5,2,13,1,38,2,8,6,1,7,14,1,10,2,13,,44,,1,22,,121.5489028,25.0826731
112,7,15,13,48,2,07信義區,信義區吳興街156巷25弄6號,0,0,1,2,C03,8,5,5,30,14,9,1,5,4,5,13,4,4,10,5,5,2,10,2,57,2,9,6,1,7,9,1,10,1,11,,44,,1,21,,121.5610696,25.0284316
112,7,15,13,48,2,07信義區,信義區吳興街156巷25弄6號,0,0,1,1,C03,8,5,5,30,14,9,1,5,4,5,13,4,4,10,5,5,2,10,1,49,3,10,5,1,7,9,1,10,1,11,,5,,1,21,,121.5610696,25.0284316
112,7,15,14,2,2,08士林區,士林區百齡橋與承德路4段口,0,0,2,2,C03,8,7,5,50,14,9,1,5,4,5,13,2,1,9,4,5,1,17,2,57,2,9,6,1,7,9,1,10,2,14,,44,,1,21,,121.5161762,25.09064835
112,7,15,14,2,2,08士林區,士林區百齡橋與承德路4段口,0,0,2,1,B03,8,7,5,50,14,9,1,5,4,5,13,2,1,9,4,5,1,17,1,37,3,10,7,1,7,7,1,8,2,5,,100,,1,21,,121.5161762,25.09064835
112,7,15,14,2,2,08士林區,士林區百齡橋與承德路4段口,0,0,2,3,H02,8,7,5,50,14,9,1,5,4,5,13,2,1,9,4,5,1,17,2,25,2,9,6,5,7,17,8,20,10,16,,67,,1,21,,121.5161762,25.09064835
112,7,15,14,4,2,03中山區,中山區濱江街355號,0,0,1,1,B01,8,7,5,50,14,8,1,5,4,5,13,4,4,10,4,4,2,16,1,52,3,10,3,4,7,8,1,4,1,15,,100,,1,21,,121.5508464,25.0723247
112,7,15,14,4,2,03中山區,中山區濱江街355號,0,0,1,2,C03,8,7,5,50,14,8,1,5,4,5,13,4,4,10,4,4,2,16,2,20,2,8,6,4,7,9,1,10,1,11,,13,,1,21,,121.5508464,25.0723247
112,7,15,14,4,2,03中山區,中山區濱江街355號,0,0,1,3,B03,8,7,5,50,14,8,1,5,4,5,13,4,4,10,4,4,2,16,1,34,3,10,3,4,7,13,1,8,1,7,,44,,1,21,,121.5508464,25.0723247
112,7,15,14,38,2,05中正區,中正區林森北路與市民大道2段口,0,0,2,2,B03,8,7,5,40,4,1,1,5,4,5,13,1,1,1,4,5,2,15,2,54,2,7,7,1,7,1,1,8,1,2,,19,,1,21,,121.5241543,25.04765253
112,7,15,14,38,2,05中正區,中正區林森北路與市民大道2段口,0,0,2,3,H02,8,7,5,40,4,1,1,5,4,5,13,1,1,1,4,5,2,15,2,43,2,7,7,5,7,20,8,20,10,16,,67,,1,21,,121.5241543,25.04765253
112,7,15,14,38,2,05中正區,中正區林森北路與市民大道2段口,0,0,2,1,B03,8,7,5,40,4,1,1,5,4,5,13,1,1,1,4,5,2,15,1,49,3,10,7,1,7,9,1,8,1,1,,81,,1,21,,121.5241543,25.04765253
112,7,15,14,45,2,10文山區,文山區木柵路3段與久康街口口,0,0,1,2,C04,8,7,5,50,3,1,1,5,4,5,13,4,4,5,5,5,1,12,1,57,2,8,6,4,7,9,1,10,2,12,,44,,1,21,,121.5644849,24.98850879
112,7,15,14,45,2,10文山區,文山區木柵路3段與久康街口口,0,0,1,1,B03,8,7,5,50,3,1,1,5,4,5,13,4,4,5,5,5,1,12,2,25,3,10,7,4,7,5,1,8,2,4,,8,,1,21,,121.5644849,24.98850879