發生年度,發生月,發生日,發生時-Hours,發生分,處理別-編號,區序,肇事地點,死亡人數,2-30日死亡人數,受傷人數,當事人序號,車種,天候,光線,道路類別,速限-速度限制,道路型態,事故位置,路面狀況1,路面狀況2,路面狀況3,道路障礙1,道路障礙2,號誌1,號誌2,車道劃分-分向,車道劃分-分道1,車道劃分-分道2,車道劃分-分道3,事故類型及型態,性別,年齡,受傷程度,主要傷處,保護裝置,行動電話,車輛用途,當事者行動狀態,駕駛資格情形,駕駛執照種類,飲酒情形,車輛撞擊部位1,車輛撞擊部位2,肇因碼-個別,肇因碼-主要,個人肇逃否,職業,旅次目的,座標-X,座標-Y
112,7,15,15,18,2,01大同區,大同區承德路1段與鄭州路口,0,0,1,1,B03,8,6,5,50,4,2,1,5,4,5,13,1,1,1,4,5,2,17,1,33,3,10,7,1,7,14,1,8,1,6,,40,,1,22,,121.5164221,25.04897607
112,7,15,15,18,2,01大同區,大同區承德路1段與鄭州路口,0,0,1,2,C03,8,6,5,50,4,2,1,5,4,5,13,1,1,1,4,5,2,17,1,50,2,9,6,1,7,9,1,10,1,14,,118,,1,22,,121.5164221,25.04897607
112,7,15,15,18,2,01大同區,大同區承德路1段與鄭州路口,0,0,1,3,H02,8,6,5,50,4,2,1,5,4,5,13,1,1,1,4,5,2,17,1,35,3,10,7,5,7,19,8,20,10,16,,126,,1,22,,121.5164221,25.04897607
112,7,15,15,32,2,07信義區,信義區信義路5段11號,0,0,1,1,C03,8,5,5,50,14,9,1,5,4,5,13,4,4,10,4,5,2,17,1,57,2,9,5,1,7,15,1,10,1,11,,108,,1,21,,121.56591,25.0329585
112,7,15,15,32,2,07信義區,信義區信義路5段11號,0,0,1,2,B03,8,5,5,50,14,9,1,5,4,5,13,4,4,10,4,5,2,17,1,29,3,10,7,1,7,15,1,8,1,6,,44,,1,21,,121.56591,25.0329585
112,7,15,16,7,2,07信義區,信義區莊敬路與莊敬路6巷口,0,0,1,1,B03,8,5,5,50,3,1,1,5,4,5,13,4,4,9,4,5,2,17,1,47,3,10,3,1,7,5,1,8,1,2,,74,,1,21,,121.5612729,25.0324718
112,7,15,16,7,2,07信義區,信義區莊敬路與莊敬路6巷口,0,0,1,2,C03,8,5,5,50,3,1,1,5,4,5,13,4,4,9,4,5,2,17,1,50,2,7,5,1,7,9,1,10,1,11,,14,,1,21,,121.5612729,25.0324718
112,7,15,16,56,2,03中山區,中山區長安東路1段與天津街口,0,0,1,1,B03,8,7,5,50,4,1,1,5,4,5,13,1,1,5,4,5,2,17,1,54,3,10,7,1,7,5,1,8,1,1,,98,,1,21,,121.5228329,25.04952807
112,7,15,16,56,2,03中山區,中山區長安東路1段與天津街口,0,0,1,2,C03,8,7,5,50,4,1,1,5,4,5,13,1,1,5,4,5,2,17,1,37,2,9,5,1,7,9,1,10,1,14,,44,,1,21,,121.5228329,25.04952807
112,7,15,17,5,2,01大同區,大同區重慶北路3段373號,0,0,1,1,A04,8,6,5,50,14,9,1,5,4,5,13,4,4,1,4,5,2,13,1,30,3,10,3,4,7,7,1,2,1,1,,16,,1,21,,121.5139308,25.07573568
112,7,15,17,5,2,01大同區,大同區重慶北路3段373號,0,0,1,2,A12,8,6,5,50,14,9,1,5,4,5,13,4,4,1,4,5,2,13,1,42,3,10,3,4,7,9,1,2,1,3,,44,,1,21,,121.5139308,25.07573568
112,7,15,17,5,2,01大同區,大同區重慶北路3段373號,0,0,1,3,H02,8,6,5,50,14,9,1,5,4,5,13,4,4,1,4,5,2,13,2,31,2,9,3,5,7,20,8,20,10,16,,67,,1,21,,121.5139308,25.07573568
112,7,15,17,5,2,01大同區,大同區重慶北路3段373號,0,0,1,4,B03,8,6,5,50,14,9,1,5,4,5,13,4,4,1,4,5,2,13,2,36,4,11,3,4,7,10,7,19,11,15,,100,,1,22,,121.5139308,25.07573568
112,7,15,17,8,2,09北投區,北投區石牌路2段與石牌路2段99巷口,0,0,1,1,B03,8,7,5,50,4,1,1,5,4,5,13,4,4,5,4,5,2,16,1,29,3,10,3,4,7,9,1,8,2,8,,72,,1,27,,121.5166279,25.11763401
112,7,15,17,8,2,09北投區,北投區石牌路2段與石牌路2段99巷口,0,0,1,2,C03,8,7,5,50,4,1,1,5,4,5,13,4,4,5,4,5,2,16,1,71,2,9,5,1,7,9,1,10,2,12,,44,,1,22,,121.5166279,25.11763401
112,7,15,17,22,2,02萬華區,萬華區東園街154巷9弄2號與東園街154巷9弄口,0,0,1,1,B03,8,6,6,30,3,2,1,5,4,5,13,4,4,10,5,5,1,12,2,71,3,10,7,4,7,9,1,8,1,15,,44,,1,22,,121.4971104,25.02275659
112,7,15,17,22,2,02萬華區,萬華區東園街154巷9弄2號與東園街154巷9弄口,0,0,1,2,F01,8,6,6,30,3,2,1,5,4,5,13,4,4,10,5,5,1,12,2,72,2,7,4,4,7,5,8,20,1,12,,72,,1,22,,121.4971104,25.02275659
112,7,15,17,27,2,07信義區,信義區松仁路3號,0,0,1,1,B01,8,5,5,50,14,9,1,5,4,5,13,4,4,1,4,5,2,12,1,62,3,10,7,1,7,7,1,4,1,2,,100,,1,21,,121.5685498,25.0395776
112,7,15,17,27,2,07信義區,信義區松仁路3號,0,0,1,2,C03,8,5,5,50,14,9,1,5,4,5,13,4,4,1,4,5,2,12,1,28,2,7,5,1,7,9,1,10,1,14,,13,,1,21,,121.5685498,25.0395776
112,7,15,17,40,2,05中正區,中正區汀州路4段與基隆路4段口,0,0,1,1,C03,8,5,5,50,4,1,1,5,4,5,13,1,1,1,4,5,2,12,1,24,3,10,5,1,7,7,3,18,1,12,,100,,1,21,,121.5362516,25.01102841
112,7,15,17,40,2,05中正區,中正區汀州路4段與基隆路4段口,0,0,1,2,C03,8,5,5,50,4,1,1,5,4,5,13,1,1,1,4,5,2,12,1,32,2,8,5,1,7,9,1,10,1,14,,44,,1,21,,121.5362516,25.01102841
112,7,15,17,50,2,12內湖區,內湖區潭美街與安康路106巷口,0,0,1,1,B03,8,6,5,40,4,1,1,5,4,5,13,1,1,5,5,5,2,13,1,56,3,10,7,1,7,6,1,8,2,5,,9,,1,21,,121.5989317,25.0604601
112,7,15,17,50,2,12內湖區,內湖區潭美街與安康路106巷口,0,0,1,2,C03,8,6,5,40,4,1,1,5,4,5,13,1,1,5,5,5,2,13,1,37,2,9,6,1,7,9,1,10,2,14,,13,,1,21,,121.5989317,25.0604601
112,7,15,17,50,2,12內湖區,內湖區潭美街與安康路106巷口,0,0,1,3,,8,6,5,40,4,1,1,5,4,5,13,1,1,5,5,5,2,13,3,44,,,,,,,,,10,,,67,,1,,,121.5989317,25.0604601
112,7,15,18,9,2,08士林區,士林區德行東路190巷2弄與德行東路190巷口,0,0,2,1,C03,8,6,5,30,3,1,1,5,4,5,13,4,4,10,5,5,2,17,1,47,2,9,5,1,7,5,1,10,1,11,,74,,1,21,,121.5311816,25.10834557
112,7,15,18,9,2,08士林區,士林區德行東路190巷2弄與德行東路190巷口,0,0,2,2,C03,8,6,5,30,3,1,1,5,4,5,13,4,4,10,5,5,2,17,1,58,2,9,5,1,7,9,6,18,1,12,,14,,1,21,,121.5311816,25.10834557
112,7,15,19,5,2,04大安區,大安區樂業街169巷與安居街35巷口,0,0,1,2,H01,7,5,5,50,4,2,1,5,4,5,13,4,4,5,5,5,2,3,2,12,2,9,4,5,8,16,8,20,10,16,,67,,1,21,,121.5549206,25.0197044
112,7,15,19,5,2,04大安區,大安區樂業街169巷與安居街35巷口,0,0,1,1,G06,7,5,5,50,4,2,1,5,4,5,13,4,4,5,5,5,2,3,4,0,,,,,,,,,,,,119,,2,,,121.5549206,25.0197044
112,7,15,20,32,2,10文山區,文山區木柵路1段與木柵路1段59巷口口,0,0,1,1,C03,8,5,5,50,4,1,1,5,4,5,13,1,1,5,5,5,2,16,2,31,2,9,5,1,7,5,1,10,1,12,,74,,1,22,,121.5459454,24.98679591
112,7,15,20,32,2,10文山區,文山區木柵路1段與木柵路1段59巷口口,0,0,1,2,C03,8,5,5,50,4,1,1,5,4,5,13,1,1,5,5,5,2,16,1,24,3,10,5,1,7,9,1,10,1,11,,44,,1,22,,121.5459454,24.98679591
112,7,15,22,20,2,05中正區,中正區寧波西街與寧波西街8巷口,0,0,1,2,B03,8,5,5,30,3,1,1,5,4,5,13,4,4,10,4,5,2,12,2,29,3,10,7,1,7,6,1,8,1,2,,9,,1,21,,121.5186486,25.0313393
112,7,15,22,20,2,05中正區,中正區寧波西街與寧波西街8巷口,0,0,1,1,C03,8,5,5,30,3,1,1,5,4,5,13,4,4,10,4,5,2,12,2,56,2,8,5,1,7,1,1,10,1,14,,19,,1,21,,121.5186486,25.0313393
112,7,15,23,16,2,12內湖區,內湖區康寧路3段70巷16號,0,0,1,1,,8,5,5,30,12,13,1,5,4,5,13,4,4,10,5,5,2,27,3,35,,,,,,,,,,,,66,,1,,,121.6107548,25.06978126
112,7,15,23,16,2,12內湖區,內湖區康寧路3段70巷16號,0,0,1,2,C03,8,5,5,30,12,13,1,5,4,5,13,4,4,10,5,5,2,27,1,18,2,9,6,1,7,10,1,10,2,11,,107,,1,22,,121.6107548,25.06978126
112,7,16,0,20,2,05中正區,中正區重慶南路3段與汀州路2段口,0,0,2,1,C03,8,5,5,50,4,1,1,5,4,5,13,1,1,2,4,5,2,13,1,56,2,9,6,1,7,14,1,10,1,13,,107,,1,22,,121.5161728,25.0260033
112,7,16,0,20,2,05中正區,中正區重慶南路3段與汀州路2段口,0,0,2,2,C03,8,5,5,50,4,1,1,5,4,5,13,1,1,2,4,5,2,13,1,26,2,9,6,1,7,9,1,10,1,11,,44,,1,22,,121.5161728,25.0260033
112,7,16,6,19,2,09北投區,北投區東華街2段與公館路口,0,0,1,2,H01,8,6,5,50,3,1,1,5,4,5,13,2,1,1,2,1,2,3,2,57,2,9,4,5,8,16,8,20,10,16,,67,,1,21,,121.5027756,25.1218197
112,7,16,6,19,2,09北投區,北投區東華街2段與公館路口,0,0,1,1,B11,8,6,5,50,3,1,1,5,4,5,13,2,1,1,2,1,2,3,1,29,3,10,7,1,7,6,1,4,2,1,,70,,1,21,,121.5027756,25.1218197
112,7,16,6,26,2,05中正區,中正區和平西路1段與重慶南路3段口,0,0,1,1,C03,8,7,5,50,5,1,1,5,4,5,13,1,1,1,4,5,2,17,1,26,2,9,3,4,7,9,1,10,1,17,,81,,1,21,,121.5161007,25.02715986
112,7,16,6,26,2,05中正區,中正區和平西路1段與重慶南路3段口,0,0,1,2,C03,8,7,5,50,5,1,1,5,4,5,13,1,1,1,4,5,2,17,1,24,3,10,3,4,7,6,1,10,9,17,,96,,1,21,,121.5161007,25.02715986
112,7,16,6,51,2,01大同區,大同區長安西路與重慶北路1段26巷9弄口,0,0,2,1,C03,8,6,5,50,4,1,1,5,4,5,13,1,1,5,5,5,2,11,1,67,2,8,6,4,7,5,1,10,2,11,,99,,1,22,,121.513283,25.0517439
112,7,16,6,51,2,01大同區,大同區長安西路與重慶北路1段26巷9弄口,0,0,2,3,B03,8,6,5,50,4,1,1,5,4,5,13,1,1,5,5,5,2,11,1,48,3,10,3,4,7,13,1,8,2,7,,44,,1,22,,121.513283,25.0517439
112,7,16,6,51,2,01大同區,大同區長安西路與重慶北路1段26巷9弄口,0,0,2,2,C03,8,6,5,50,4,1,1,5,4,5,13,1,1,5,5,5,2,11,1,40,2,9,6,4,7,9,1,10,2,11,,44,,1,22,,121.513283,25.0517439
112,7,16,7,5,2,02萬華區,萬華區萬大路與莒光路口,0,0,1,1,C03,8,6,5,50,4,2,1,5,4,5,13,2,1,1,4,5,2,17,1,59,2,7,5,1,7,8,3,18,1,14,12,100,,1,26,,121.5005339,25.03130292
112,7,16,7,5,2,02萬華區,萬華區萬大路與莒光路口,0,0,1,2,B01,8,6,5,50,4,2,1,5,4,5,13,2,1,1,4,5,2,17,1,35,3,10,7,1,7,1,1,4,1,5,,44,,1,21,,121.5005339,25.03130292
112,7,16,7,19,2,02萬華區,萬華區萬大路與萬大路186巷口,0,0,2,1,C03,8,7,5,30,4,2,4,5,4,5,13,1,1,1,4,5,2,12,2,79,2,8,5,1,7,5,1,10,1,14,,98,,1,21,,121.5004208,25.02785124
112,7,16,7,19,2,02萬華區,萬華區萬大路與萬大路186巷口,0,0,2,2,C03,8,7,5,30,4,2,4,5,4,5,13,1,1,1,4,5,2,12,1,47,2,8,5,1,7,9,1,10,1,11,,44,,1,21,,121.5004208,25.02785124
112,7,16,7,24,2,10文山區,文山區新光路1段65巷與新光路1段31巷口,0,0,1,1,C03,8,6,5,30,4,1,1,5,4,5,13,4,4,10,5,5,2,16,1,63,2,8,5,1,7,9,1,10,2,17,,72,,1,21,,121.5748766,24.9898983
112,7,16,7,24,2,10文山區,文山區新光路1段65巷與新光路1段31巷口,0,0,1,2,B03,8,6,5,30,4,1,1,5,4,5,13,4,4,10,5,5,2,16,1,58,3,10,7,1,7,6,1,8,2,8,,108,,1,21,,121.5748766,24.9898983
112,7,16,8,10,2,08士林區,士林區劍潭路與後港街口,0,0,2,1,C03,8,7,5,30,4,1,1,5,4,5,13,4,4,1,5,5,2,3,1,91,2,9,3,4,7,9,6,18,1,11,,108,,1,22,,121.5228553,25.08383696
112,7,16,8,10,2,08士林區,士林區劍潭路與後港街口,0,0,2,2,H01,8,7,5,30,4,1,1,5,4,5,13,4,4,1,5,5,2,3,2,75,2,9,4,5,8,16,8,20,10,16,,53,,1,22,,121.5228553,25.08383696
112,7,16,9,1,2,08士林區,士林區中山北路5段與文林路口,0,0,1,1,B03,8,7,5,50,5,1,1,5,4,5,13,1,1,1,5,1,2,17,1,60,4,11,3,4,7,9,7,19,11,15,,99,,2,22,,121.5256446,25.08569928
112,7,16,9,1,2,08士林區,士林區中山北路5段與文林路口,0,0,1,2,C03,8,7,5,50,5,1,1,5,4,5,13,1,1,1,5,1,2,17,2,41,2,9,6,1,7,6,1,10,1,14,,27,,1,21,,121.5256446,25.08569928
112,7,16,9,12,2,07信義區,信義區莊敬路391巷11弄與松智路325巷口口,0,0,1,1,F01,8,5,5,50,4,1,1,5,4,5,13,2,1,5,5,5,2,15,2,47,3,10,4,1,7,9,8,20,2,13,,118,,1,22,,121.5649844,25.0291366
112,7,16,9,12,2,07信義區,信義區莊敬路391巷11弄與松智路325巷口口,0,0,1,2,C03,8,5,5,50,4,1,1,5,4,5,13,2,1,5,5,5,2,15,1,47,2,9,5,1,7,9,1,10,2,11,,13,,1,22,,121.5649844,25.0291366
112,7,16,9,20,2,11南港區,南港區忠孝東路6段與永吉路口,0,0,1,1,B03,8,6,5,50,5,1,1,5,4,5,13,1,1,1,4,5,2,16,2,60,3,10,7,1,7,6,1,8,1,2,,9,,1,21,,121.5826199,25.0453357
112,7,16,9,20,2,11南港區,南港區忠孝東路6段與永吉路口,0,0,1,2,C03,8,6,5,50,5,1,1,5,4,5,13,1,1,1,4,5,2,16,1,23,2,9,6,1,7,9,1,10,1,14,,44,,1,21,,121.5826199,25.0453357
112,7,16,9,39,2,02萬華區,萬華區富民路155巷49號,0,0,1,1,C03,8,6,5,30,14,9,1,5,4,5,13,4,4,10,5,5,2,9,1,65,3,10,5,1,7,9,3,18,1,12,,4,,1,21,,121.5013744,25.01864403
112,7,16,9,39,2,02萬華區,萬華區富民路155巷49號,0,0,1,2,H01,8,6,5,30,14,9,1,5,4,5,13,4,4,10,5,5,2,9,2,55,2,7,4,5,8,20,8,20,10,16,,67,,1,21,,121.5013744,25.01864403
112,7,16,9,42,2,11南港區,南港區重陽路與重陽路203巷口,0,0,1,1,C03,8,6,6,40,4,2,1,5,4,5,13,1,1,5,5,4,2,13,2,51,2,4,6,1,7,9,1,10,1,11,,16,,1,22,,121.6008598,25.05730658
112,7,16,9,42,2,11南港區,南港區重陽路與重陽路203巷口,0,0,1,2,B03,8,6,6,40,4,2,1,5,4,5,13,1,1,5,5,4,2,13,1,28,3,10,7,1,7,14,1,8,1,3,,44,,1,22,,121.6008598,25.05730658
112,7,16,9,43,2,01大同區,大同區延平北路3段與延平北路3段18巷口,0,0,2,1,C03,8,6,5,50,3,1,1,5,4,5,13,4,4,5,4,5,2,9,1,64,2,2,3,4,7,9,1,10,2,11,,70,,1,22,,121.511196,25.06394854
112,7,16,9,43,2,01大同區,大同區延平北路3段與延平北路3段18巷口,0,0,2,2,H01,8,6,5,50,3,1,1,5,4,5,13,4,4,5,4,5,2,9,2,86,2,9,4,5,8,20,8,20,10,16,,67,,1,22,,121.511196,25.06394854
112,7,16,9,43,2,11南港區,南港區研究院路1段與研究院路1段151巷口,0,0,1,2,C03,8,7,5,50,4,1,1,5,4,5,13,2,1,1,3,5,2,17,1,31,2,9,3,4,7,9,1,10,1,17,,44,,1,21,,121.6158888,25.0491195
112,7,16,9,43,2,11南港區,南港區研究院路1段與研究院路1段151巷口,0,0,1,1,B03,8,7,5,50,4,1,1,5,4,5,13,2,1,1,3,5,2,17,2,34,3,10,3,4,7,6,1,8,1,17,,9,,1,21,,121.6158888,25.0491195
112,7,16,10,45,2,05中正區,中正區中華路1段與忠孝西路1段口,0,0,2,1,C03,8,6,5,50,4,2,1,5,4,5,13,2,1,1,4,5,2,13,1,61,2,9,5,1,7,7,1,10,2,11,,42,,1,22,,121.5100495,25.04768298
112,7,16,10,45,2,05中正區,中正區中華路1段與忠孝西路1段口,0,0,2,2,B03,8,6,5,50,4,2,1,5,4,5,13,2,1,1,4,5,2,13,1,70,3,10,7,1,7,14,1,8,2,6,,44,,1,22,,121.5100495,25.04768298
112,7,16,10,45,2,05中正區,中正區中華路1段與忠孝西路1段口,0,0,2,3,H02,8,6,5,50,4,2,1,5,4,5,13,2,1,1,4,5,2,13,2,61,2,9,5,5,7,20,8,20,10,16,,67,,1,22,,121.5100495,25.04768298
112,7,16,11,2,2,06松山區,松山區八德路4段與八德路4段333巷口,0,0,1,1,B03,8,6,5,50,4,1,1,5,4,5,13,2,1,5,4,5,2,17,1,79,3,10,7,4,7,5,1,8,2,6,,74,,1,21,,121.5673095,25.04918577
112,7,16,11,2,2,06松山區,松山區八德路4段與八德路4段333巷口,0,0,1,2,C03,8,6,5,50,4,1,1,5,4,5,13,2,1,5,4,5,2,17,1,20,2,9,6,4,7,9,1,10,2,11,,13,,1,21,,121.5673095,25.04918577
112,7,16,11,20,2,03中山區,中山區林森北路與市民大道2段口,0,0,1,1,C03,8,5,5,40,4,1,1,5,4,5,13,1,1,1,4,5,2,17,2,26,2,9,3,4,7,5,1,10,1,14,,8,,1,22,,121.5241738,25.0478728
112,7,16,11,20,2,03中山區,中山區林森北路與市民大道2段口,0,0,1,2,C03,8,5,5,40,4,1,1,5,4,5,13,1,1,1,4,5,2,17,1,25,3,10,3,4,7,9,1,10,1,12,,13,,1,21,,121.5241738,25.0478728
112,7,16,11,29,2,09北投區,北投區西安街1段327號,0,0,2,1,C03,8,6,5,50,14,9,1,5,4,5,13,4,4,1,5,5,2,13,1,48,3,10,5,1,7,9,1,9,1,11,,108,,1,21,,121.5159878,25.1134805
112,7,16,11,29,2,09北投區,北投區西安街1段327號,0,0,2,2,C03,8,6,5,50,14,9,1,5,4,5,13,4,4,1,5,5,2,13,2,25,2,9,5,1,7,9,1,10,1,13,,44,,1,21,,121.5159878,25.1134805
112,7,16,11,29,2,09北投區,北投區西安街1段327號,0,0,2,3,C03,8,6,5,50,14,9,1,5,4,5,13,4,4,1,5,5,2,13,2,53,2,9,5,1,7,9,3,18,1,11,,108,,1,21,,121.5159878,25.1134805
112,7,16,11,52,2,04大安區,大安區大安路1段與信義路4段口,0,0,1,2,C03,8,6,5,50,4,1,1,5,4,5,13,2,1,1,4,5,2,17,2,27,2,9,6,1,7,9,1,8,1,11,,108,,1,21,,121.545936,25.0334538
112,7,16,11,52,2,04大安區,大安區大安路1段與信義路4段口,0,0,1,1,B03,8,6,5,50,4,1,1,5,4,5,13,2,1,1,4,5,2,17,1,26,3,10,7,1,7,5,1,8,1,4,,8,,1,21,,121.545936,25.0334538
112,7,16,12,5,2,07信義區,信義區松壽路1號,0,0,1,1,B03,8,6,5,50,14,9,1,5,4,5,13,4,4,5,4,5,2,17,1,61,3,10,7,1,7,8,1,8,1,5,,100,,1,22,,121.5615692,25.03550721
112,7,16,12,5,2,07信義區,信義區松壽路1號,0,0,1,2,C03,8,6,5,50,14,9,1,5,4,5,13,4,4,5,4,5,2,17,2,21,2,9,6,1,7,9,1,10,1,11,,44,,1,22,,121.5615692,25.03550721
112,7,16,12,5,2,05中正區,中正區南海路與惠安街口,0,0,1,2,B03,8,6,5,50,3,1,1,5,4,5,13,1,1,5,4,5,2,17,1,58,3,10,7,1,7,9,1,8,1,4,,118,,1,21,,121.5080412,25.02813363
112,7,16,12,5,2,05中正區,中正區南海路與惠安街口,0,0,1,1,C03,8,6,5,50,3,1,1,5,4,5,13,1,1,5,4,5,2,17,1,18,2,9,5,1,7,6,1,10,1,12,,4,,1,21,,121.5080412,25.02813363
112,7,16,12,30,2,11南港區,南港區忠孝東路7段369號,0,0,1,2,C04,8,7,5,50,14,9,1,5,4,5,13,4,4,1,4,5,2,12,1,37,2,1,5,1,7,9,1,11,1,12,,44,,1,21,,121.6060979,25.0520896
112,7,16,12,30,2,11南港區,南港區忠孝東路7段369號,0,0,1,1,B01,8,7,5,50,14,9,1,5,4,5,13,4,4,1,4,5,2,12,1,42,3,10,7,1,7,1,1,4,1,8,,19,,1,21,,121.6060979,25.0520896
112,7,16,12,31,2,04大安區,大安區仁愛路4段與忠孝東路4段216巷口,0,0,1,1,B02,8,5,5,30,4,1,1,5,4,5,13,2,1,8,1,4,2,17,2,41,3,10,7,1,7,9,1,8,11,17,,81,,1,21,,121.5529156,25.037968
112,7,16,12,31,2,04大安區,大安區仁愛路4段與忠孝東路4段216巷口,0,0,1,2,C03,8,5,5,30,4,1,1,5,4,5,13,2,1,8,1,4,2,17,1,49,2,9,6,1,7,9,1,10,11,14,,44,,1,21,,121.5529156,25.037968
112,7,16,12,39,2,04大安區,大安區基隆路高架道(燈桿6511572)(南往北),0,0,2,1,B03,8,7,5,60,14,9,1,5,4,5,13,4,4,10,4,5,2,13,2,41,2,2,3,4,7,9,1,21,1,1,,16,,1,22,,121.5450893,25.01781323
112,7,16,12,39,2,04大安區,大安區基隆路高架道(燈桿6511572)(南往北),0,0,2,2,B01,8,7,5,60,14,9,1,5,4,5,13,4,4,10,4,5,2,13,1,55,3,10,3,4,7,9,1,8,1,3,,44,,1,22,,121.5450893,25.01781323
112,7,16,12,39,2,04大安區,大安區基隆路高架道(燈桿6511572)(南往北),0,0,2,3,H02,8,7,5,60,14,9,1,5,4,5,13,4,4,10,4,5,2,13,2,35,2,2,3,5,7,20,8,20,10,17,,67,,1,22,,121.5450893,25.01781323
112,7,16,12,46,2,03中山區,中山區新生北路1段62巷與市民大道2段口,0,0,2,1,C03,8,7,5,50,4,1,1,5,4,5,13,1,1,1,5,1,2,12,1,37,2,8,5,1,7,7,1,10,1,12,,100,,1,21,,121.5306692,25.04621132
112,7,16,12,46,2,03中山區,中山區新生北路1段62巷與市民大道2段口,0,0,2,2,C03,8,7,5,50,4,1,1,5,4,5,13,1,1,1,5,1,2,12,2,45,2,8,5,1,7,7,1,8,1,11,12,44,,1,21,,121.5306692,25.04621132
112,7,16,12,54,2,05中正區,中正區中山南路與徐州路口,0,0,2,2,C01,8,6,5,50,4,1,1,5,4,5,13,1,1,8,4,1,1,12,1,19,2,9,6,1,7,9,3,18,2,11,,13,,1,21,,121.5186032,25.0417598
112,7,16,12,54,2,05中正區,中正區中山南路與徐州路口,0,0,2,3,H02,8,6,5,50,4,1,1,5,4,5,13,1,1,8,4,1,1,12,2,16,2,9,6,5,7,20,8,20,10,16,,67,,1,22,,121.5186032,25.0417598
112,7,16,12,54,2,05中正區,中正區中山南路與徐州路口,0,0,2,1,B01,8,6,5,50,4,1,1,5,4,5,13,1,1,8,4,1,1,12,1,63,3,10,7,1,7,7,1,3,2,6,,100,,1,21,,121.5186032,25.0417598
112,7,16,12,58,2,05中正區,中正區金門街與金門街27巷口,0,0,2,2,C02,8,6,5,30,4,1,1,5,4,5,13,4,4,10,5,5,2,17,1,45,2,9,5,1,7,9,1,9,2,11,,14,,1,21,,121.5227323,25.0211017
112,7,16,12,58,2,05中正區,中正區金門街與金門街27巷口,0,0,2,1,C03,8,6,5,30,4,1,1,5,4,5,13,4,4,10,5,5,2,17,2,33,2,9,5,1,7,6,1,10,2,12,,4,,1,21,,121.5227323,25.0211017
112,7,16,13,20,2,03中山區,中山區市民大道2段與天津街口往西,0,0,1,1,C03,8,7,5,40,14,9,1,5,4,5,13,4,4,1,4,5,2,13,1,43,2,9,5,1,7,9,1,10,2,11,,107,,1,22,,121.5229234,25.04801752
112,7,16,13,20,2,03中山區,中山區市民大道2段與天津街口往西,0,0,1,2,B03,8,7,5,40,14,9,1,5,4,5,13,4,4,1,4,5,2,13,2,46,3,10,3,1,7,9,1,8,2,3,,44,,1,22,,121.5229234,25.04801752
112,7,16,14,15,2,03中山區,中山區松江路133巷與南京東路2段115巷口,0,0,1,1,B03,8,7,5,30,4,1,1,5,4,5,13,4,4,10,5,5,2,15,2,39,3,10,3,4,7,9,1,8,1,1,,72,,1,22,,121.5336437,25.0543625
112,7,16,14,15,2,03中山區,中山區松江路133巷與南京東路2段115巷口,0,0,1,2,C03,8,7,5,30,4,1,1,5,4,5,13,4,4,10,5,5,2,15,1,39,2,9,3,4,7,9,1,10,1,12,,108,,1,21,,121.5336437,25.0543625
112,7,16,14,25,2,09北投區,北投區新興路158巷與新興路158巷口,0,0,2,2,C03,8,7,5,30,3,1,1,5,4,5,13,4,4,10,5,5,2,16,1,23,2,9,5,1,7,9,1,10,1,11,,13,,1,21,,121.4862498,25.13879564
112,7,16,14,25,2,09北投區,北投區新興路158巷與新興路158巷口,0,0,2,1,C03,8,7,5,30,3,1,1,5,4,5,13,4,4,10,5,5,2,16,1,29,2,8,5,1,7,6,1,10,1,11,,72,,1,21,,121.4862498,25.13879564
112,7,16,14,51,2,03中山區,中山區民生西路3巷與錦西街口,0,0,1,1,B03,8,7,5,30,4,1,1,5,4,5,13,4,4,5,5,5,2,17,1,42,3,10,7,1,7,9,1,8,1,15,,72,,1,22,,121.5218896,25.0602941
112,7,16,14,51,2,03中山區,中山區民生西路3巷與錦西街口,0,0,1,2,C03,8,7,5,30,4,1,1,5,4,5,13,4,4,5,5,5,2,17,1,46,2,9,5,1,7,9,1,10,1,14,,42,,1,22,,121.5218896,25.0602941
112,7,16,14,53,2,04大安區,大安區信義路3段147巷與信義路3段口,0,0,1,2,C03,8,7,5,50,4,2,1,5,4,5,13,2,1,8,3,5,1,16,2,33,2,9,5,1,7,9,1,10,1,11,,44,,1,27,,121.5418988,25.0335138
112,7,16,14,53,2,04大安區,大安區信義路3段147巷與信義路3段口,0,0,1,1,B03,8,7,5,50,4,2,1,5,4,5,13,2,1,8,3,5,1,16,2,38,3,10,7,1,7,5,1,8,1,4,,8,,1,21,,121.5418988,25.0335138
112,7,16,15,10,2,07信義區,信義區信義路5段100號,0,0,2,2,C03,8,5,5,50,14,9,1,5,4,5,13,4,4,8,4,5,2,12,2,54,2,9,5,1,7,9,1,10,1,11,,44,,1,22,,121.5657597,25.0327998
112,7,16,15,10,2,07信義區,信義區信義路5段100號,0,0,2,1,C03,8,5,5,50,14,9,1,5,4,5,13,4,4,8,4,5,2,12,1,52,2,8,5,1,7,7,1,10,1,12,,100,,1,22,,121.5657597,25.0327998
112,7,16,15,25,2,10文山區,文山區木柵路4段165號前,0,0,3,4,H02,8,6,5,50,14,9,1,5,4,5,13,4,4,4,3,5,2,12,1,11,2,9,3,5,7,20,8,20,10,17,,67,,1,14,,121.5779356,25.000513