發生年度,發生月,發生日,發生時-Hours,發生分,處理別-編號,區序,肇事地點,死亡人數,2-30日死亡人數,受傷人數,當事人序號,車種,天候,光線,道路類別,速限-速度限制,道路型態,事故位置,路面狀況1,路面狀況2,路面狀況3,道路障礙1,道路障礙2,號誌1,號誌2,車道劃分-分向,車道劃分-分道1,車道劃分-分道2,車道劃分-分道3,事故類型及型態,性別,年齡,受傷程度,主要傷處,保護裝置,行動電話,車輛用途,當事者行動狀態,駕駛資格情形,駕駛執照種類,飲酒情形,車輛撞擊部位1,車輛撞擊部位2,肇因碼-個別,肇因碼-主要,個人肇逃否,職業,旅次目的,座標-X,座標-Y
112,7,17,10,0,2,05中正區,中正區水源路139號,0,0,1,1,C03,8,5,5,50,14,9,1,5,4,5,13,4,4,2,4,5,1,16,2,49,2,8,5,1,7,1,1,10,1,14,,19,,1,21,,121.5164673,25.0231329
112,7,17,10,0,2,05中正區,中正區水源路139號,0,0,1,2,B03,8,5,5,50,14,9,1,5,4,5,13,4,4,2,4,5,1,16,1,45,3,10,7,1,7,9,1,8,1,5,,44,,1,21,,121.5164673,25.0231329
112,7,17,11,0,2,12內湖區,內湖區民權東路6段106號,0,0,2,2,C03,8,5,5,50,14,8,1,5,4,5,13,4,4,1,3,4,1,12,1,21,2,8,3,4,7,7,1,10,1,11,,108,,1,22,,121.5863956,25.069161
112,7,17,11,0,2,12內湖區,內湖區民權東路6段106號,0,0,2,3,H02,8,5,5,50,14,8,1,5,4,5,13,4,4,1,3,4,1,12,2,22,2,8,3,5,7,20,8,20,10,16,,67,,1,22,,121.5863956,25.069161
112,7,17,11,0,2,12內湖區,內湖區民權東路6段106號,0,0,2,1,B03,8,5,5,50,14,8,1,5,4,5,13,4,4,1,3,4,1,12,1,44,3,10,3,4,7,7,1,8,1,7,,44,,1,22,,121.5863956,25.069161
112,7,17,11,20,2,05中正區,中正區汀州路3段與思源街口,0,0,1,2,C03,6,6,5,50,4,1,1,4,4,5,13,1,1,5,4,5,2,17,1,24,2,9,5,1,7,9,1,10,2,14,,44,,1,21,,121.5321234,25.01511272
112,7,17,11,20,2,05中正區,中正區汀州路3段與思源街口,0,0,1,1,B03,6,6,5,50,4,1,1,4,4,5,13,1,1,5,4,5,2,17,1,64,3,10,7,1,7,6,1,8,2,5,,9,,1,21,,121.5321234,25.01511272
112,7,17,11,21,2,05中正區,中正區重慶南路3段與和平西路1段口,0,0,1,2,C03,8,7,5,50,5,1,1,5,4,5,13,1,1,1,4,5,2,16,2,21,2,1,3,4,7,9,1,10,9,11,,44,,1,21,,121.5161471,25.0270867
112,7,17,11,21,2,05中正區,中正區重慶南路3段與和平西路1段口,0,0,1,1,C03,8,7,5,50,5,1,1,5,4,5,13,1,1,1,4,5,2,16,1,33,3,10,3,4,7,6,1,10,9,12,,9,,2,21,,121.5161471,25.0270867
112,7,17,11,39,2,01大同區,大同區承德路2段140號,0,0,1,2,B01,8,6,5,50,14,9,1,5,4,5,13,4,4,1,4,5,2,13,1,69,3,10,7,1,7,7,1,4,1,3,,44,,1,22,,121.5181115,25.05946792
112,7,17,11,39,2,01大同區,大同區承德路2段140號,0,0,1,1,C03,8,6,5,50,14,9,1,5,4,5,13,4,4,1,4,5,2,13,1,21,2,9,6,1,7,9,1,10,1,11,,107,,1,22,,121.5181115,25.05946792
112,7,17,12,34,2,07信義區,信義區基隆路2段149號,0,0,1,1,B03,8,6,5,50,14,9,1,5,4,5,13,4,4,1,4,5,2,12,1,21,3,10,7,1,7,9,1,8,1,2,,108,,1,22,,121.5554787,25.026857
112,7,17,12,34,2,07信義區,信義區基隆路2段149號,0,0,1,2,A11,8,6,5,50,14,9,1,5,4,5,13,4,4,1,4,5,2,12,1,35,2,5,3,2,7,14,1,2,1,4,,40,,1,22,,121.5554787,25.026857
112,7,17,12,37,2,07信義區,信義區松信路與永吉路200巷56弄口口,0,0,1,1,B01,8,6,5,50,4,1,1,5,4,5,13,2,1,9,4,4,1,13,1,53,4,11,3,4,7,5,1,4,2,1,,108,,1,22,,121.5720112,25.0435385
112,7,17,12,37,2,07信義區,信義區松信路與永吉路200巷56弄口口,0,0,1,2,C03,8,6,5,50,4,1,1,5,4,5,13,2,1,9,4,4,1,13,1,60,2,9,3,4,7,14,1,10,2,13,,44,,1,22,,121.5720112,25.0435385
112,7,17,13,16,2,07信義區,信義區信義路6段108號,0,0,1,3,C02,8,6,5,50,14,9,1,5,4,5,13,4,4,5,4,5,2,13,1,25,2,8,6,1,7,14,3,18,1,12,,44,,1,22,,121.5778047,25.035963
112,7,17,13,16,2,07信義區,信義區信義路6段108號,0,0,1,1,B03,8,6,5,50,14,9,1,5,4,5,13,4,4,5,4,5,2,13,1,65,3,10,7,1,7,9,1,6,1,1,,113,,1,22,,121.5778047,25.035963
112,7,17,13,16,2,07信義區,信義區信義路6段108號,0,0,1,2,C01,8,6,5,50,14,9,1,5,4,5,13,4,4,5,4,5,2,13,1,51,3,10,6,1,7,14,1,9,1,13,,44,,1,22,,121.5778047,25.035963
112,7,17,13,23,2,07信義區,信義區吳興街與吳興街260巷口,0,0,2,2,C03,8,7,5,30,4,1,1,5,4,5,13,4,4,5,5,5,2,11,2,68,2,9,3,4,7,9,1,10,1,11,,14,,1,21,,121.5639048,25.026768
112,7,17,13,23,2,07信義區,信義區吳興街與吳興街260巷口,0,0,2,1,C03,8,7,5,30,4,1,1,5,4,5,13,4,4,5,5,5,2,11,2,25,2,9,3,4,7,5,1,10,1,11,,74,,1,21,,121.5639048,25.026768
112,7,17,13,29,2,04大安區,大安區建國南路2段155號,0,0,2,1,C03,8,7,5,50,14,9,1,5,4,5,13,2,1,1,4,5,2,12,1,20,2,9,3,4,7,10,1,10,1,11,,107,,1,25,,121.5379737,25.0285924
112,7,17,13,29,2,04大安區,大安區建國南路2段155號,0,0,2,2,C03,8,7,5,50,14,9,1,5,4,5,13,2,1,1,4,5,2,12,1,69,2,9,3,4,7,9,1,10,1,13,,44,,1,22,,121.5379737,25.0285924
112,7,17,14,11,2,07信義區,信義區基隆路2段與信義路5段口,0,0,1,2,C03,8,6,5,50,4,2,1,5,4,5,13,1,1,3,3,5,1,12,1,27,2,9,6,1,7,5,1,10,1,17,,44,,1,21,,121.5595383,25.0328096
112,7,17,14,11,2,07信義區,信義區基隆路2段與信義路5段口,0,0,1,1,C03,8,6,5,50,4,2,1,5,4,5,13,1,1,3,3,5,1,12,1,54,4,11,3,4,7,6,7,19,11,15,,9,,2,22,,121.5595383,25.0328096
112,7,17,14,34,2,08士林區,士林區延平北路7段145巷與延平北路7段口堤內道,0,0,2,2,C03,8,5,5,30,3,1,1,5,4,5,13,4,4,10,5,5,2,17,1,32,2,9,3,4,7,5,1,10,2,11,,72,,1,23,,121.4933995,25.09667313
112,7,17,14,34,2,08士林區,士林區延平北路7段145巷與延平北路7段口堤內道,0,0,2,1,C03,8,5,5,30,3,1,1,5,4,5,13,4,4,10,5,5,2,17,1,48,2,9,3,4,7,9,1,10,2,11,,13,,1,22,,121.4933995,25.09667313
112,7,17,14,44,2,03中山區,中山區中山北路2段與民生東路1段口,0,0,1,1,C03,8,7,5,50,4,1,1,5,4,5,13,2,1,1,4,5,2,12,2,23,2,9,5,4,7,8,1,10,1,14,,100,,1,22,,121.5229503,25.05779488
112,7,17,14,44,2,03中山區,中山區中山北路2段與民生東路1段口,0,0,1,2,B03,8,7,5,50,4,1,1,5,4,5,13,2,1,1,4,5,2,12,2,35,3,10,3,4,7,9,1,8,1,2,,118,,1,22,,121.5229503,25.05779488
112,7,17,15,6,2,01大同區,大同區重慶北路1段與長安西路口,0,0,1,2,C04,8,6,5,50,5,1,1,5,4,5,13,1,1,1,5,5,2,16,2,38,2,9,6,1,7,14,1,8,9,14,,44,,1,21,,121.5137866,25.0516621
112,7,17,15,6,2,01大同區,大同區重慶北路1段與長安西路口,0,0,1,1,B12,8,6,5,50,5,1,1,5,4,5,13,1,1,1,5,5,2,16,1,58,4,11,3,4,7,5,1,8,9,15,,8,,1,22,,121.5137866,25.0516621
112,7,17,15,11,2,04大安區,大安區敦化南路2段100號,0,0,1,2,A02,8,7,5,50,14,9,1,5,4,3,13,4,4,1,4,5,2,12,1,46,3,10,7,1,7,9,1,2,1,5,,44,,1,21,,121.5484966,25.0278697
112,7,17,15,11,2,04大安區,大安區敦化南路2段100號,0,0,1,1,C03,8,7,5,50,14,9,1,5,4,3,13,4,4,1,4,5,2,12,1,68,2,3,6,1,7,1,1,10,1,14,,19,,1,22,,121.5484966,25.0278697
112,7,17,15,17,2,07信義區,信義區中坡北路與永吉路口口,0,0,1,2,C03,7,6,5,50,4,2,1,5,4,5,13,2,1,1,4,4,2,17,2,42,2,9,5,1,7,9,1,10,1,11,,44,,1,22,,121.580678,25.0454224
112,7,17,15,17,2,07信義區,信義區中坡北路與永吉路口口,0,0,1,1,B03,7,6,5,50,4,2,1,5,4,5,13,2,1,1,4,4,2,17,1,60,3,10,7,1,7,5,1,8,1,6,,74,,1,22,,121.580678,25.0454224
112,7,17,15,34,2,06松山區,松山區塔悠路與八德路4段口,0,0,1,1,C03,7,5,5,50,4,1,1,5,4,5,13,2,1,3,4,4,2,13,1,41,2,8,6,4,7,10,1,10,1,11,,16,,1,22,,121.5723115,25.04999618
112,7,17,15,34,2,06松山區,松山區塔悠路與八德路4段口,0,0,1,2,A02,7,5,5,50,4,1,1,5,4,5,13,2,1,3,4,4,2,13,1,58,3,10,3,4,7,15,1,1,1,6,,44,,1,22,,121.5723115,25.04999618
112,7,17,15,38,2,04大安區,大安區忠孝東路4段223巷與忠孝東路4段205巷7弄口,0,0,1,1,B03,8,6,5,30,4,1,1,5,4,5,13,4,4,10,4,5,1,15,1,25,3,10,3,4,7,9,1,8,1,5,,72,,1,22,,121.5530029,25.0420698
112,7,17,15,38,2,04大安區,大安區忠孝東路4段223巷與忠孝東路4段205巷7弄口,0,0,1,2,F03,8,6,5,30,4,1,1,5,4,5,13,4,4,10,4,5,1,15,2,62,2,9,3,4,7,9,8,20,1,12,,44,,1,22,,121.5530029,25.0420698
112,7,17,15,44,2,03中山區,中山區民生東路1段11號,0,0,1,1,B03,7,7,5,50,14,9,1,5,4,5,13,4,4,5,4,5,2,12,2,29,3,10,7,1,7,7,1,8,1,5,,100,,1,21,,121.5237491,25.0581026
112,7,17,15,44,2,03中山區,中山區民生東路1段11號,0,0,1,2,C03,7,7,5,50,14,9,1,5,4,5,13,4,4,5,4,5,2,12,1,44,2,9,6,1,7,9,1,10,1,14,,44,,1,21,,121.5237491,25.0581026
112,7,17,15,50,2,10文山區,文山區辛亥路4段與辛亥路4段130巷口,0,0,1,1,B12,8,6,5,50,3,2,1,5,4,5,13,2,1,1,4,5,2,16,1,61,3,10,7,1,7,11,1,8,2,7,,10,,1,21,,121.5570237,25.0049109
112,7,17,15,50,2,10文山區,文山區辛亥路4段與辛亥路4段130巷口,0,0,1,2,C03,8,6,5,50,3,2,1,5,4,5,13,2,1,1,4,5,2,16,1,55,2,9,6,1,7,9,1,10,2,14,,108,,1,21,,121.5570237,25.0049109
112,7,17,16,14,2,03中山區,中山區中山北路3段與撫順街口,0,0,2,1,B01,8,7,5,50,3,2,1,5,4,5,13,4,4,5,5,5,2,16,1,63,3,10,7,1,7,5,1,4,1,8,,8,,1,22,,121.5221417,25.0638783
112,7,17,16,14,2,03中山區,中山區中山北路3段與撫順街口,0,0,2,2,C03,8,7,5,50,3,2,1,5,4,5,13,4,4,5,5,5,2,16,1,32,2,9,2,1,7,9,1,10,1,14,,44,,1,22,,121.5221417,25.0638783
112,7,17,16,14,2,03中山區,中山區中山北路3段與撫順街口,0,0,2,3,H02,8,7,5,50,3,2,1,5,4,5,13,4,4,5,5,5,2,16,2,30,2,9,4,5,7,20,8,20,10,16,,67,,1,22,,121.5221417,25.0638783
112,7,17,16,15,2,06松山區,松山區南京東路4段與光復北路口,0,0,1,1,B03,8,7,5,50,5,1,1,5,4,5,13,2,1,1,4,5,2,16,1,56,3,10,3,4,7,6,1,8,2,2,,9,,1,21,,121.5578337,25.051465
112,7,17,16,15,2,06松山區,松山區南京東路4段與光復北路口,0,0,1,2,C03,8,7,5,50,5,1,1,5,4,5,13,2,1,1,4,5,2,16,1,54,2,9,5,4,7,10,1,10,2,11,,44,,1,21,,121.5578337,25.051465
112,7,17,16,22,2,06松山區,松山區塔悠路57號,0,0,1,1,B12,9,5,5,50,14,7,1,4,4,5,13,2,1,3,4,4,2,13,1,45,3,10,3,4,7,1,1,8,2,1,,108,,1,22,,121.5707953,25.05111898
112,7,17,16,22,2,06松山區,松山區塔悠路57號,0,0,1,2,C03,9,5,5,50,14,7,1,4,4,5,13,2,1,3,4,4,2,13,2,44,2,9,6,1,7,14,1,10,2,13,,44,,1,22,,121.5707953,25.05111898
112,7,17,16,24,2,04大安區,大安區市民大道4段與光復南路口,0,0,1,1,B02,7,6,5,50,4,1,1,5,4,5,13,1,1,9,4,5,1,12,2,29,3,10,3,4,7,9,1,8,1,2,,118,,1,22,,121.557794,25.0449659
112,7,17,16,24,2,04大安區,大安區市民大道4段與光復南路口,0,0,1,2,C03,7,6,5,50,4,1,1,5,4,5,13,1,1,9,4,5,1,12,2,42,2,7,6,4,7,8,1,10,1,11,,100,,1,22,,121.557794,25.0449659
112,7,17,16,39,2,05中正區,中正區市民大道3段8號前,0,0,1,2,C03,8,5,5,40,14,9,1,5,4,5,13,2,1,5,3,5,1,16,1,25,2,9,6,1,7,9,1,10,2,14,,44,,1,21,,121.5324174,25.0454252
112,7,17,16,39,2,05中正區,中正區市民大道3段8號前,0,0,1,1,B03,8,5,5,40,14,9,1,5,4,5,13,2,1,5,3,5,1,16,1,26,3,10,7,1,7,7,1,10,2,2,,100,,1,21,,121.5324174,25.0454252
112,7,17,16,46,2,04大安區,大安區臥龍街139號前,0,0,1,1,C03,8,7,5,50,14,9,1,5,4,5,13,4,4,9,5,5,1,3,1,26,3,10,5,1,7,9,1,10,1,11,,107,,1,26,,121.5506897,25.01852226
112,7,17,16,46,2,04大安區,大安區臥龍街139號前,0,0,1,2,H01,8,7,5,50,14,9,1,5,4,5,13,4,4,9,5,5,1,3,2,78,2,1,4,5,8,16,8,20,10,16,,121,,1,21,,121.5506897,25.01852226
112,7,17,16,51,2,01大同區,大同區環河北路1段與民權西路口,0,0,1,1,B02,8,7,5,50,3,2,1,5,4,5,13,4,4,1,4,5,2,16,1,33,3,10,3,4,7,6,1,8,1,2,,9,,1,21,,121.5084538,25.0632008
112,7,17,16,51,2,01大同區,大同區環河北路1段與民權西路口,0,0,1,2,C03,8,7,5,50,3,2,1,5,4,5,13,4,4,1,4,5,2,16,1,20,2,7,3,4,7,9,1,10,1,11,,44,,1,21,,121.5084538,25.0632008
112,7,17,17,0,2,01大同區,大同區承德路3段與承德路3段90巷口,0,0,1,2,C03,8,7,5,50,3,1,1,5,4,5,13,4,4,1,4,5,2,17,1,39,2,8,5,1,7,9,1,10,1,11,,44,,1,21,,121.5182859,25.0663983
112,7,17,17,0,2,01大同區,大同區承德路3段與承德路3段90巷口,0,0,1,1,B03,8,7,5,50,3,1,1,5,4,5,13,4,4,1,4,5,2,17,1,72,3,10,3,4,7,14,1,8,1,2,,40,,1,21,,121.5182859,25.0663983
112,7,17,17,0,2,01大同區,大同區承德路3段與承德路3段90巷口,0,0,1,3,H02,8,7,5,50,3,1,1,5,4,5,13,4,4,1,4,5,2,17,2,64,3,10,3,5,7,19,8,20,10,16,,126,,1,21,,121.5182859,25.0663983
112,7,17,17,5,2,12內湖區,內湖區潭美街085燈桿,0,0,1,2,C03,6,6,5,40,14,9,1,4,4,5,13,4,4,5,5,5,2,12,2,54,2,9,6,1,7,9,1,10,2,14,,44,,1,21,,121.6073544,25.06263414
112,7,17,17,5,2,12內湖區,內湖區潭美街085燈桿,0,0,1,1,B03,6,6,5,40,14,9,1,4,4,5,13,4,4,5,5,5,2,12,1,87,3,10,7,1,7,9,1,8,2,2,,107,,1,21,,121.6073544,25.06263414
112,7,17,17,25,2,03中山區,中山區民族東路12號對面,0,0,1,1,B03,8,7,5,50,14,9,1,5,4,5,13,4,4,1,4,5,2,16,1,65,3,10,7,1,7,7,1,8,1,5,,100,,1,22,,121.5238892,25.06847841
112,7,17,17,25,2,03中山區,中山區民族東路12號對面,0,0,1,2,C03,8,7,5,50,14,9,1,5,4,5,13,4,4,1,4,5,2,16,1,48,2,9,5,1,7,9,1,10,1,14,,44,,1,22,,121.5238892,25.06847841
112,7,17,17,29,2,06松山區,松山區民生東路5段36巷與光復北路165巷口口,0,0,1,2,C03,8,7,5,30,3,1,1,5,4,5,10,4,4,5,5,5,2,16,1,46,2,9,6,1,7,9,1,10,1,12,,13,,1,22,,121.5570946,25.0573798
112,7,17,17,29,2,06松山區,松山區民生東路5段36巷與光復北路165巷口口,0,0,1,1,B02,8,7,5,30,3,1,1,5,4,5,10,4,4,5,5,5,2,16,2,36,3,10,7,1,7,1,1,8,1,8,,19,,1,22,,121.5570946,25.0573798
112,7,17,17,29,2,06松山區,松山區民生東路5段36巷與光復北路165巷口口,0,0,1,3,B02,8,7,5,30,3,1,1,5,4,5,10,4,4,5,5,5,2,16,1,46,3,10,7,1,7,14,1,8,11,17,,98,,1,21,,121.5570946,25.0573798
112,7,17,17,35,2,05中正區,中正區市民大道2段與林森北路口,0,0,2,2,B03,7,5,5,40,4,1,1,5,4,5,13,2,1,1,4,5,2,12,1,26,3,10,7,4,7,9,1,4,1,1,,44,,1,21,,121.5241698,25.047725
112,7,17,17,35,2,05中正區,中正區市民大道2段與林森北路口,0,0,2,1,C03,7,5,5,40,4,1,1,5,4,5,13,2,1,1,4,5,2,12,2,19,2,9,6,1,7,5,1,10,1,13,,8,,1,25,,121.5241698,25.047725
112,7,17,17,35,2,05中正區,中正區市民大道2段與林森北路口,0,0,2,3,H02,7,5,5,40,4,1,1,5,4,5,13,2,1,1,4,5,2,12,2,18,2,7,5,5,7,20,8,20,10,16,,67,,1,25,,121.5241698,25.047725
112,7,17,17,42,2,01大同區,大同區重慶北路1段62-7號,0,0,1,1,C03,6,6,5,50,14,9,1,4,4,5,13,4,4,1,3,5,1,14,1,38,3,10,5,1,7,2,1,10,1,17,,34,,1,21,,121.5139276,25.05204289
112,7,17,17,42,2,01大同區,大同區重慶北路1段62-7號,0,0,1,2,C03,6,6,5,50,14,9,1,4,4,5,13,4,4,1,3,5,1,14,1,31,2,9,5,1,7,10,1,10,1,14,,44,,1,21,,121.5139276,25.05204289
112,7,17,17,51,2,11南港區,南港區興華路與東明街口,0,0,2,3,H02,6,5,5,30,3,1,1,4,4,5,12,4,4,5,2,5,2,17,2,23,2,9,3,5,7,20,8,20,10,16,,67,,1,22,,121.6057771,25.0560537
112,7,17,17,51,2,11南港區,南港區興華路與東明街口,0,0,2,1,B03,6,5,5,30,3,1,1,4,4,5,12,4,4,5,2,5,2,17,2,27,3,10,3,4,7,6,1,8,9,4,,72,,1,21,,121.6057771,25.0560537
112,7,17,17,51,2,11南港區,南港區興華路與東明街口,0,0,2,2,C03,6,5,5,30,3,1,1,4,4,5,12,4,4,5,2,5,2,17,1,23,2,9,3,4,7,9,1,10,9,11,,44,,1,21,,121.6057771,25.0560537
112,7,17,18,2,2,06松山區,松山區塔悠路55號,0,0,2,2,C03,6,5,5,50,14,9,1,4,4,5,13,2,1,3,4,5,2,13,2,28,3,10,6,4,7,9,1,10,1,13,,44,,1,22,,121.5708828,25.05105092
112,7,17,18,2,2,06松山區,松山區塔悠路55號,0,0,2,1,C03,6,5,5,50,14,9,1,4,4,5,13,2,1,3,4,5,2,13,1,41,3,10,6,4,7,6,1,10,1,17,,99,,1,22,,121.5708828,25.05105092
112,7,17,18,2,2,06松山區,松山區塔悠路55號,0,0,2,3,C03,6,5,5,50,14,9,1,4,4,5,13,2,1,3,4,5,2,13,1,20,2,7,6,4,7,9,1,10,1,11,,16,,1,22,,121.5708828,25.05105092
112,7,17,18,2,2,06松山區,松山區塔悠路55號,0,0,2,4,C03,6,5,5,50,14,9,1,4,4,5,13,2,1,3,4,5,2,13,1,37,2,8,6,4,7,9,1,10,1,11,,16,,1,22,,121.5708828,25.05105092
112,7,17,18,4,2,04大安區,大安區復興南路2段151巷9號,0,0,2,1,C03,7,5,5,40,14,9,1,5,4,5,13,4,4,9,5,5,2,16,1,23,2,7,6,1,7,11,1,10,1,12,,10,,1,22,,121.5438524,25.0284374
112,7,17,18,4,2,04大安區,大安區復興南路2段151巷9號,0,0,2,2,C03,7,5,5,40,14,9,1,5,4,5,13,4,4,9,5,5,2,16,1,49,2,7,6,1,7,9,1,10,1,14,,44,,1,22,,121.5438524,25.0284374
112,7,17,18,20,2,09北投區,北投區湖山路1段49號,0,0,1,1,C03,8,7,5,40,14,9,1,5,4,5,12,4,4,5,5,5,2,17,1,74,2,1,5,1,7,9,3,18,2,12,,4,,1,21,,121.5391275,25.15457235
112,7,17,18,20,2,09北投區,北投區湖山路1段49號,0,0,1,2,B03,8,7,5,40,14,9,1,5,4,5,12,4,4,5,5,5,2,17,1,20,3,10,7,1,7,9,1,8,2,4,,44,,1,25,,121.5391275,25.15457235
112,7,17,18,26,2,04大安區,大安區潮州街與潮州街26巷口口,0,0,1,1,B03,8,5,5,50,3,2,1,5,4,5,13,4,4,8,5,5,1,11,1,52,3,10,7,1,7,5,1,4,1,8,,74,,1,21,,121.5223945,25.0294839
112,7,17,18,26,2,04大安區,大安區潮州街與潮州街26巷口口,0,0,1,2,C03,8,5,5,50,3,2,1,5,4,5,13,4,4,8,5,5,1,11,1,46,2,9,6,1,7,9,1,10,1,11,,44,,1,21,,121.5223945,25.0294839
112,7,17,18,27,2,10文山區,文山區羅斯福路6段與羅斯福路6段276巷口,0,0,1,1,C03,6,6,5,50,3,2,1,4,4,5,13,4,4,1,4,5,2,17,2,26,2,9,6,1,7,9,1,10,2,14,,16,,1,21,,121.5401488,24.9913868
112,7,17,18,27,2,10文山區,文山區羅斯福路6段與羅斯福路6段276巷口,0,0,1,2,C03,6,6,5,50,3,2,1,4,4,5,13,4,4,1,4,5,2,17,2,43,3,10,5,1,7,9,1,10,2,13,,44,,1,21,,121.5401488,24.9913868
112,7,17,18,34,2,06松山區,松山區民生東路3段與民生東路3段140巷口口,0,0,1,1,C02,8,5,5,50,5,1,1,5,4,5,13,4,4,1,4,4,2,12,1,50,3,10,6,4,7,6,1,9,1,12,,9,,1,21,,121.5472582,25.0575922
112,7,17,18,34,2,06松山區,松山區民生東路3段與民生東路3段140巷口口,0,0,1,2,C03,8,5,5,50,5,1,1,5,4,5,13,4,4,1,4,4,2,12,2,33,2,9,6,4,7,9,1,10,1,14,,14,,1,21,,121.5472582,25.0575922
112,7,17,18,49,2,03中山區,中山區建國北路2段與南京東路3段口,0,0,1,1,B03,8,5,5,50,4,1,1,5,4,5,13,1,1,1,1,5,1,16,2,25,3,10,7,1,7,10,1,8,2,4,,100,,1,21,,121.5370514,25.0521209
112,7,17,18,49,2,03中山區,中山區建國北路2段與南京東路3段口,0,0,1,2,C03,8,5,5,50,4,1,1,5,4,5,13,1,1,1,1,5,1,16,1,39,2,1,5,1,7,9,1,10,2,11,,108,,1,21,,121.5370514,25.0521209
112,7,17,18,50,2,03中山區,中山區長安東路2段與八德路2段199巷口,0,0,1,2,B03,8,5,5,50,4,2,1,5,4,5,13,2,1,5,4,5,2,12,1,63,3,10,3,4,7,5,1,8,1,4,,44,,1,21,,121.5393604,25.0486251
112,7,17,18,50,2,03中山區,中山區長安東路2段與八德路2段199巷口,0,0,1,1,F01,8,5,5,50,4,2,1,5,4,5,13,2,1,5,4,5,2,12,1,67,2,8,4,4,7,11,8,20,1,12,,118,,1,21,,121.5393604,25.0486251
112,7,17,19,0,2,04大安區,大安區濟南路3段5巷與濟南路3段口,0,0,1,1,C04,7,5,5,30,4,2,1,5,4,5,13,4,4,4,3,5,2,17,2,24,2,8,6,1,7,5,1,11,1,14,,72,,1,21,,121.5333423,25.0401956
112,7,17,19,0,2,04大安區,大安區濟南路3段5巷與濟南路3段口,0,0,1,2,B03,7,5,5,30,4,2,1,5,4,5,13,4,4,4,3,5,2,17,2,44,3,10,7,1,7,9,1,8,1,2,,118,,1,21,,121.5333423,25.0401956
112,7,17,19,10,2,07信義區,信義區吳興街250號,0,0,1,1,B03,8,5,5,50,14,9,1,5,4,5,13,4,4,9,4,5,2,12,1,23,3,10,7,1,7,11,1,8,1,4,,10,,1,22,,121.5613561,25.0263301
112,7,17,19,10,2,07信義區,信義區吳興街250號,0,0,1,2,C03,8,5,5,50,14,9,1,5,4,5,13,4,4,9,4,5,2,12,2,27,2,9,6,1,7,9,1,10,1,12,,44,,1,22,,121.5613561,25.0263301
112,7,17,20,13,2,08士林區,士林區德行東路與德行東路46巷口,0,0,1,2,,7,5,5,50,3,2,1,5,4,5,13,4,4,5,5,5,2,18,3,0,,,,,,,,,10,,,67,,1,,,121.5262075,25.106915
112,7,17,20,13,2,08士林區,士林區德行東路與德行東路46巷口,0,0,1,1,F01,7,5,5,50,3,2,1,5,4,5,13,4,4,5,5,5,2,18,2,48,2,9,4,1,7,9,8,20,2,15,,42,,1,22,,121.5262075,25.106915
112,7,17,20,21,2,07信義區,信義區忠孝東路5段與忠孝東路5段215巷口口,0,0,1,2,C03,7,5,5,50,3,1,1,5,4,5,13,1,1,1,2,4,2,17,1,18,2,9,5,1,7,9,1,10,2,11,,13,,1,22,,121.5702659,25.0409602
112,7,17,20,21,2,07信義區,信義區忠孝東路5段與忠孝東路5段215巷口口,0,0,1,1,B01,7,5,5,50,3,1,1,5,4,5,13,1,1,1,2,4,2,17,2,44,3,10,7,1,7,11,1,8,2,2,,10,,1,22,,121.5702659,25.0409602
112,7,17,20,43,2,01大同區,大同區鄭州路與環河北路1段口,0,0,1,1,,7,5,5,40,4,1,1,5,4,5,13,1,1,1,4,5,2,17,4,0,4,11,3,4,7,21,7,19,11,15,,119,,2,22,,121.5066962,25.0506942
112,7,17,20,43,2,01大同區,大同區鄭州路與環河北路1段口,0,0,1,2,C03,7,5,5,40,4,1,1,5,4,5,13,1,1,1,4,5,2,17,2,21,2,9,5,1,7,5,1,10,11,14,,42,,1,21,,121.5066962,25.0506942
112,7,17,21,1,2,12內湖區,內湖區民權東路6段108號,0,0,1,1,B03,7,5,5,50,14,8,1,5,4,5,13,4,4,1,4,4,2,16,1,41,3,10,7,1,7,8,1,8,1,2,,100,,1,22,,121.5867367,25.06897591
112,7,17,21,1,2,12內湖區,內湖區民權東路6段108號,0,0,1,2,C03,7,5,5,50,14,8,1,5,4,5,13,4,4,1,4,4,2,16,2,28,2,8,5,1,7,9,1,10,1,11,,44,,1,21,,121.5867367,25.06897591
112,7,17,21,5,2,01大同區,大同區南京西路與重慶北路2段口,0,0,1,2,C03,8,6,5,50,4,2,1,5,4,5,13,1,1,5,4,5,2,17,1,65,2,1,5,4,7,9,1,10,1,11,,44,,1,22,,121.5144566,25.0541392
112,7,17,21,5,2,01大同區,大同區南京西路與重慶北路2段口,0,0,1,1,B03,8,6,5,50,4,2,1,5,4,5,13,1,1,5,4,5,2,17,2,55,3,10,3,1,7,5,1,8,1,5,,83,,1,22,,121.5144566,25.0541392
112,7,17,21,34,2,08士林區,士林區承德路4段319號,0,0,2,2,C03,8,5,5,40,14,8,1,5,4,5,13,4,4,1,4,4,1,16,2,30,2,9,6,1,7,9,1,10,2,14,,13,,1,22,,121.5187002,25.0897061
112,7,17,21,34,2,08士林區,士林區承德路4段319號,0,0,2,1,C03,8,5,5,40,14,8,1,5,4,5,13,4,4,1,4,4,1,16,1,56,2,9,6,1,7,7,1,10,2,12,,100,,1,22,,121.5187002,25.0897061