發生年度,發生月,發生日,發生時-Hours,發生分,處理別-編號,區序,肇事地點,死亡人數,2-30日死亡人數,受傷人數,當事人序號,車種,天候,光線,道路類別,速限-速度限制,道路型態,事故位置,路面狀況1,路面狀況2,路面狀況3,道路障礙1,道路障礙2,號誌1,號誌2,車道劃分-分向,車道劃分-分道1,車道劃分-分道2,車道劃分-分道3,事故類型及型態,性別,年齡,受傷程度,主要傷處,保護裝置,行動電話,車輛用途,當事者行動狀態,駕駛資格情形,駕駛執照種類,飲酒情形,車輛撞擊部位1,車輛撞擊部位2,肇因碼-個別,肇因碼-主要,個人肇逃否,職業,旅次目的,座標-X,座標-Y
112,7,17,22,6,2,02萬華區,萬華區昆明街與西寧南路50巷口,0,0,1,1,C03,8,5,5,50,11,18,1,5,4,5,13,4,4,10,4,5,2,3,1,19,4,11,5,1,7,15,7,19,11,15,,118,,2,22,,121.5053153,25.04466777
112,7,17,22,6,2,02萬華區,萬華區昆明街與西寧南路50巷口,0,0,1,2,H01,8,5,5,50,11,18,1,5,4,5,13,4,4,10,4,5,2,3,1,39,2,8,4,5,8,16,8,20,10,16,,67,,1,21,,121.5053153,25.04466777
112,7,17,22,22,2,09北投區,北投區大度路2段133號燈桿,0,0,2,1,C03,7,5,5,50,14,12,1,5,4,4,13,4,4,2,4,1,1,13,1,23,2,9,5,1,7,10,1,10,2,11,,118,,1,22,,121.4791866,25.12222419
112,7,17,22,22,2,09北投區,北投區大度路2段133號燈桿,0,0,2,2,C03,7,5,5,50,14,12,1,5,4,4,13,4,4,2,4,1,1,13,1,19,2,9,5,1,7,9,1,10,2,13,,44,,1,22,,121.4791866,25.12222419
112,7,17,22,45,2,05中正區,中正區公園路與凱達格蘭大道口,0,0,1,1,C03,8,5,5,50,4,1,1,5,4,5,13,1,1,5,4,5,2,16,1,19,3,10,5,1,7,5,1,10,2,14,,96,,1,21,,121.5155358,25.0395036
112,7,17,22,45,2,05中正區,中正區公園路與凱達格蘭大道口,0,0,1,2,C03,8,5,5,50,4,1,1,5,4,5,13,1,1,5,4,5,2,16,1,19,2,9,5,1,7,9,1,10,2,11,,44,,1,21,,121.5155358,25.0395036
112,7,17,23,35,2,05中正區,中正區桃源街與長沙街1段口,0,0,1,1,B01,8,5,5,50,4,1,1,5,4,5,13,3,1,5,4,5,2,15,1,33,3,10,7,1,7,9,1,4,2,6,,72,,1,22,,121.5103184,25.0402278
112,7,17,23,35,2,05中正區,中正區桃源街與長沙街1段口,0,0,1,2,C03,8,5,5,50,4,1,1,5,4,5,13,3,1,5,4,5,2,15,2,19,2,9,6,1,7,9,1,10,2,11,,44,,1,22,,121.5103184,25.0402278
112,7,18,2,30,2,02萬華區,萬華區環河南路1段19號,0,0,1,1,B01,8,5,5,50,14,9,1,5,4,5,13,1,1,9,4,5,2,13,1,52,3,10,7,1,7,9,6,4,8,1,,21,,1,21,,121.504287,25.04695588
112,7,18,2,30,2,02萬華區,萬華區環河南路1段19號,0,0,1,2,B03,8,5,5,50,14,9,1,5,4,5,13,1,1,9,4,5,2,13,2,38,2,6,7,1,7,14,1,8,2,3,,44,,1,21,,121.504287,25.04695588
112,7,18,7,42,2,06松山區,松山區南京東路5段123巷29號,0,0,1,2,C04,8,5,5,50,14,9,1,5,4,5,13,4,4,9,4,5,2,12,2,33,2,7,6,1,7,9,1,21,1,11,,44,,1,21,,121.5608127,25.05283466
112,7,18,7,42,2,06松山區,松山區南京東路5段123巷29號,0,0,1,1,C03,8,5,5,50,14,9,1,5,4,5,13,4,4,9,4,5,2,12,1,79,4,11,3,4,7,1,7,19,11,15,,19,,2,22,,121.5608127,25.05283466
112,7,18,7,55,2,09北投區,北投區承德路7段與公館路口,0,0,1,1,B03,8,6,5,60,14,9,1,5,4,5,13,1,1,1,4,5,1,12,2,53,3,10,7,1,7,7,1,8,1,4,,100,,1,21,,121.5017786,25.11939927
112,7,18,7,55,2,09北投區,北投區承德路7段與公館路口,0,0,1,2,C03,8,6,5,60,14,9,1,5,4,5,13,1,1,1,4,5,1,12,2,73,2,9,5,1,7,9,1,10,1,11,,44,,1,21,,121.5017786,25.11939927
112,7,18,8,2,2,09北投區,北投區承德路7段303號,0,0,1,2,C03,8,6,5,60,14,8,1,5,4,5,13,4,4,1,4,4,2,16,2,34,2,9,5,1,7,9,1,10,2,11,,16,,1,21,,121.5039797,25.1170345
112,7,18,8,2,2,09北投區,北投區承德路7段303號,0,0,1,1,C03,8,6,5,60,14,8,1,5,4,5,13,4,4,1,4,4,2,16,1,20,3,10,5,1,7,6,1,10,2,13,,44,,1,21,,121.5039797,25.1170345
112,7,18,8,19,2,03中山區,中山區濱江街10號水門,0,0,1,1,C03,8,7,8,0,14,23,1,5,4,5,13,4,4,5,5,5,2,10,1,35,3,10,5,1,7,9,1,10,1,11,,44,,1,22,,121.5294104,25.07301158
112,7,18,8,19,2,03中山區,中山區濱江街10號水門,0,0,1,2,F01,8,7,8,0,14,23,1,5,4,5,13,4,4,5,5,5,2,10,2,33,2,9,4,1,7,9,8,20,1,11,,44,,1,22,,121.5294104,25.07301158
112,7,18,8,23,2,08士林區,士林區至善路2段中影前,0,0,1,1,C03,8,6,5,50,14,7,1,5,4,5,13,4,4,1,4,4,1,12,1,27,2,7,3,4,7,10,1,10,1,12,,107,,1,21,,121.5438344,25.09706014
112,7,18,8,23,2,08士林區,士林區至善路2段中影前,0,0,1,2,B03,8,6,5,50,14,7,1,5,4,5,13,4,4,1,4,4,1,12,1,53,3,10,3,4,7,15,1,8,1,7,,44,,1,21,,121.5438344,25.09706014
112,7,18,8,28,2,10文山區,文山區興隆路1段與興隆路1段251巷口,0,0,2,1,C03,8,6,5,50,3,1,1,5,4,5,13,2,1,1,4,5,2,16,1,79,2,9,6,1,7,5,1,10,2,12,,74,,1,21,,121.5440537,24.999479
112,7,18,8,28,2,10文山區,文山區興隆路1段與興隆路1段251巷口,0,0,2,2,C03,8,6,5,50,3,1,1,5,4,5,13,2,1,1,4,5,2,16,2,43,2,9,6,1,7,9,1,10,2,11,,44,,1,21,,121.5440537,24.999479
112,7,18,8,35,2,12內湖區,內湖區民權東路6段23號,0,0,2,1,C03,8,5,5,50,14,9,1,5,4,5,13,4,4,1,5,4,2,17,2,34,2,9,5,1,7,9,1,10,1,11,,16,,1,21,,121.5827252,25.0684043
112,7,18,8,35,2,12內湖區,內湖區民權東路6段23號,0,0,2,2,C03,8,5,5,50,14,9,1,5,4,5,13,4,4,1,5,4,2,17,1,31,2,9,5,1,7,15,1,10,1,13,,44,,1,21,,121.5827252,25.0684043
112,7,18,8,40,2,05中正區,中正區廈門街114巷與重慶南路3段口,0,0,1,2,B03,8,6,5,50,14,9,1,5,4,5,13,1,1,5,4,5,2,16,1,67,3,10,7,1,7,1,1,8,2,5,,108,,1,22,,121.5172496,25.0231843
112,7,18,8,40,2,05中正區,中正區廈門街114巷與重慶南路3段口,0,0,1,1,C03,8,6,5,50,14,9,1,5,4,5,13,1,1,5,4,5,2,16,2,63,2,8,6,1,7,8,1,10,2,14,,100,,1,22,,121.5172496,25.0231843
112,7,18,8,42,2,12內湖區,內湖區內湖路1段91巷與文湖街口,0,0,1,1,H01,7,7,5,50,4,1,1,5,4,5,13,1,1,10,5,5,2,1,2,63,2,9,4,5,8,16,8,20,10,16,,121,,1,21,,121.5628947,25.08665581
112,7,18,8,42,2,12內湖區,內湖區內湖路1段91巷與文湖街口,0,0,1,2,B03,7,7,5,50,4,1,1,5,4,5,13,1,1,10,5,5,2,1,2,50,3,10,7,1,7,9,1,8,1,8,,70,,1,21,,121.5628947,25.08665581
112,7,18,8,49,2,12內湖區,內湖區星雲街與星雲街33巷口,0,0,1,1,B12,8,5,5,40,3,1,1,5,4,5,13,3,1,5,5,5,2,12,1,28,3,10,7,1,7,9,1,8,2,15,,107,,1,22,,121.5914007,25.07856161
112,7,18,8,49,2,12內湖區,內湖區星雲街與星雲街33巷口,0,0,1,2,C03,8,5,5,40,3,1,1,5,4,5,13,3,1,5,5,5,2,12,1,72,2,9,5,1,7,9,1,10,2,14,,44,,1,22,,121.5914007,25.07856161
112,7,18,8,50,2,01大同區,大同區承德路3段與民族西路口,0,0,2,2,C03,8,6,6,50,4,2,1,5,4,5,13,2,1,9,4,5,2,13,2,35,2,9,6,4,7,9,1,10,1,13,,44,,1,22,,121.5182995,25.06852307
112,7,18,8,50,2,01大同區,大同區承德路3段與民族西路口,0,0,2,1,C03,8,6,6,50,4,2,1,5,4,5,13,2,1,9,4,5,2,13,2,34,2,9,6,4,7,9,3,18,1,11,,108,,1,22,,121.5182995,25.06852307
112,7,18,8,57,2,01大同區,大同區民權西路與承德路2段口,0,0,1,1,C03,8,6,5,50,5,1,1,5,4,5,13,1,1,1,5,5,2,16,2,37,4,11,3,4,7,6,7,19,11,15,,9,,2,22,,121.5181431,25.0627939
112,7,18,8,57,2,01大同區,大同區民權西路與承德路2段口,0,0,1,2,C03,8,6,5,50,5,1,1,5,4,5,13,1,1,1,5,5,2,16,2,46,2,9,6,1,7,9,1,10,9,11,,44,,1,21,,121.5181431,25.0627939
112,7,18,8,57,2,07信義區,信義區仁愛路4段與光復南路口,0,0,1,2,,8,6,5,50,4,1,1,5,4,5,13,2,1,1,4,5,1,18,3,0,,,,,,,,,,,,67,,1,,,121.5576668,25.0375494
112,7,18,8,57,2,07信義區,信義區仁愛路4段與光復南路口,0,0,1,1,C03,8,6,5,50,4,1,1,5,4,5,13,2,1,1,4,5,1,18,1,25,2,9,3,4,7,9,1,10,1,14,,118,,1,21,,121.5576668,25.0375494
112,7,18,9,0,2,01大同區,大同區台北橋機慢車道(往東方向下橋處),0,0,1,2,C03,8,6,5,40,8,11,1,5,4,5,13,4,4,1,4,1,2,12,2,27,2,8,6,1,7,9,1,10,9,11,,108,,1,22,,121.5103978,25.0630302
112,7,18,9,0,2,01大同區,大同區台北橋機慢車道(往東方向下橋處),0,0,1,1,C03,8,6,5,40,8,11,1,5,4,5,13,4,4,1,4,1,2,12,2,56,3,10,6,1,7,7,1,10,9,13,,100,,1,22,,121.5103978,25.0630302
112,7,18,9,21,2,01大同區,大同區環河北路1段113號,0,0,1,2,C03,8,6,5,50,14,9,1,5,4,5,13,4,4,10,4,5,2,13,2,23,2,8,6,1,7,9,1,10,1,13,,97,,1,22,,121.5075392,25.05391929
112,7,18,9,21,2,01大同區,大同區環河北路1段113號,0,0,1,1,B03,8,6,5,50,14,9,1,5,4,5,13,4,4,10,4,5,2,13,1,26,3,10,7,1,7,9,1,8,1,1,,16,,1,22,,121.5075392,25.05391929
112,7,18,9,30,2,03中山區,中山區自強隧道(外)往士林,0,0,1,1,C03,8,7,5,50,14,9,1,5,4,5,13,4,4,10,4,5,2,16,1,18,2,9,5,1,7,8,1,10,1,14,,100,,1,22,,121.5496875,25.08678941
112,7,18,9,30,2,03中山區,中山區自強隧道(外)往士林,0,0,1,2,B03,8,7,5,50,14,9,1,5,4,5,13,4,4,10,4,5,2,16,1,40,3,10,7,1,7,9,1,8,1,2,,44,,1,22,,121.5496875,25.08678941
112,7,18,9,33,2,03中山區,中山區吉林路329巷與吉林路口,0,0,2,2,C03,8,5,5,40,14,8,1,5,4,5,13,4,4,8,3,4,1,16,2,49,2,9,5,1,7,9,1,10,1,14,,108,,1,21,,121.5303915,25.0639105
112,7,18,9,33,2,03中山區,中山區吉林路329巷與吉林路口,0,0,2,1,C03,8,5,5,40,14,8,1,5,4,5,13,4,4,8,3,4,1,16,1,59,2,7,5,1,7,6,1,10,1,12,,9,,1,21,,121.5303915,25.0639105
112,7,18,9,38,2,02萬華區,萬華區環河南路1段與桂林路242巷口,0,0,1,2,C03,9,7,5,50,3,1,1,5,4,5,13,1,1,3,3,5,2,12,1,51,4,11,5,4,7,9,1,10,11,12,,44,,2,22,,121.4979468,25.0404112
112,7,18,9,38,2,02萬華區,萬華區環河南路1段與桂林路242巷口,0,0,1,1,C03,9,7,5,50,3,1,1,5,4,5,13,1,1,3,3,5,2,12,1,38,2,9,5,4,7,1,1,10,1,14,,19,,1,22,,121.4979468,25.0404112
112,7,18,9,40,2,01大同區,大同區承德路3段與民族西路口,0,0,1,1,B03,8,6,5,50,4,1,1,5,4,5,13,2,1,5,4,5,2,17,2,60,4,11,3,4,7,6,7,19,11,15,,9,,2,22,,121.5183329,25.06853969
112,7,18,9,40,2,01大同區,大同區承德路3段與民族西路口,0,0,1,2,C03,8,6,5,50,4,1,1,5,4,5,13,2,1,5,4,5,2,17,1,23,2,9,6,1,7,9,1,10,2,17,,107,,1,22,,121.5183329,25.06853969
112,7,18,9,58,2,10文山區,文山區羅斯福路5段216號,0,0,2,2,F01,8,6,5,50,22,23,1,5,4,5,13,4,4,10,5,5,2,9,2,53,2,9,4,1,7,9,8,20,1,11,,70,,1,21,,121.538674,25.0023603
112,7,18,9,58,2,10文山區,文山區羅斯福路5段216號,0,0,2,1,H01,8,6,5,50,22,23,1,5,4,5,13,4,4,10,5,5,2,9,1,63,2,3,4,5,8,16,8,20,10,16,,67,,1,21,,121.538674,25.0023603
112,7,18,10,0,2,10文山區,文山區木新路2段與指南路1段口,0,0,1,1,B03,8,5,5,50,4,2,1,5,4,5,13,2,1,5,4,5,2,12,2,47,3,10,7,1,7,7,1,8,2,8,,100,,1,21,,121.5706768,24.9875964
112,7,18,10,0,2,10文山區,文山區木新路2段與指南路1段口,0,0,1,2,C03,8,5,5,50,4,2,1,5,4,5,13,2,1,5,4,5,2,12,1,47,2,9,5,1,7,9,1,9,2,13,,44,,1,21,,121.5706768,24.9875964
112,7,18,11,3,2,09北投區,北投區實踐街與實踐街48巷口,0,0,1,2,B12,8,6,5,50,3,1,1,5,4,5,13,4,4,9,5,5,2,16,1,38,3,10,7,1,7,6,1,8,2,4,,44,,1,21,,121.5090872,25.115155
112,7,18,11,3,2,09北投區,北投區實踐街與實踐街48巷口,0,0,1,1,C03,8,6,5,50,3,1,1,5,4,5,13,4,4,9,5,5,2,16,1,74,2,9,5,1,7,5,1,10,1,12,,2,,1,21,,121.5090872,25.115155
112,7,18,11,30,2,01大同區,大同區南京西路與承德路1段口,0,0,1,1,C03,8,6,5,50,14,9,1,5,4,5,13,2,1,1,4,5,2,11,1,22,2,9,3,4,7,9,1,10,1,11,,99,,1,21,,121.5172045,25.0534965
112,7,18,11,30,2,01大同區,大同區南京西路與承德路1段口,0,0,1,3,A02,8,6,5,50,14,9,1,5,4,5,13,2,1,1,4,5,2,11,1,57,3,10,3,4,7,9,1,2,1,4,,44,,1,21,,121.5172045,25.0534965
112,7,18,11,30,2,01大同區,大同區南京西路與承德路1段口,0,0,1,2,B03,8,6,5,50,14,9,1,5,4,5,13,2,1,1,4,5,2,11,1,52,3,10,3,4,7,14,1,8,1,2,,44,,1,21,,121.5172045,25.0534965
112,7,18,11,37,2,06松山區,松山區八德路4段245巷與東興路2巷口,0,0,1,1,C03,8,6,5,30,4,1,1,5,4,5,13,4,4,10,5,5,2,15,1,44,2,9,5,1,7,9,1,10,1,12,,75,,1,21,,121.5642001,25.0507679
112,7,18,11,37,2,06松山區,松山區八德路4段245巷與東興路2巷口,0,0,1,2,B03,8,6,5,30,4,1,1,5,4,5,13,4,4,10,5,5,2,15,2,44,3,10,7,1,7,15,1,8,1,1,,80,,1,21,,121.5642001,25.0507679
112,7,18,11,44,2,05中正區,中正區金山南路1段與泰安街1巷口,0,0,1,2,C03,8,6,5,50,3,1,1,5,4,5,13,4,4,3,4,5,1,16,1,32,2,9,6,1,7,9,1,10,1,11,,13,,1,22,,121.5289367,25.0403601
112,7,18,11,44,2,05中正區,中正區金山南路1段與泰安街1巷口,0,0,1,1,B03,8,6,5,50,3,1,1,5,4,5,13,4,4,3,4,5,1,16,1,53,3,10,7,1,7,6,1,8,1,5,,9,,1,22,,121.5289367,25.0403601
112,7,18,12,3,2,09北投區,北投區大業路280巷與大業路口,0,0,3,1,C03,8,6,5,60,3,1,1,5,4,5,13,1,1,1,5,1,1,16,1,68,2,9,5,1,7,6,1,10,1,12,,9,,1,21,,121.4981515,25.12721963
112,7,18,12,3,2,09北投區,北投區大業路280巷與大業路口,0,0,3,2,C03,8,6,5,60,3,1,1,5,4,5,13,1,1,1,5,1,1,16,1,25,2,9,5,1,7,10,1,10,1,11,,44,,1,21,,121.4981515,25.12721963
112,7,18,12,3,2,09北投區,北投區大業路280巷與大業路口,0,0,3,3,A11,8,6,5,60,3,1,1,5,4,5,13,1,1,1,5,1,1,16,1,25,3,10,7,1,7,13,1,3,1,17,,38,,1,21,,121.4981515,25.12721963
112,7,18,12,3,2,09北投區,北投區大業路280巷與大業路口,0,0,3,4,H02,8,6,5,60,3,1,1,5,4,5,13,1,1,1,5,1,1,16,2,64,2,9,5,5,7,20,8,20,10,16,,67,,1,21,,121.4981515,25.12721963
112,7,18,12,9,2,07信義區,信義區和平東路3段575巷8號,0,0,1,1,B12,8,6,5,0,14,9,1,5,4,5,9,4,4,10,5,5,2,16,1,76,3,10,7,1,7,1,1,8,1,8,,19,,1,22,,121.5619367,25.0152418
112,7,18,12,9,2,07信義區,信義區和平東路3段575巷8號,0,0,1,2,C03,8,6,5,0,14,9,1,5,4,5,9,4,4,10,5,5,2,16,2,75,2,9,6,1,7,9,1,10,1,12,,44,,1,22,,121.5619367,25.0152418
112,7,18,12,19,2,12內湖區,內湖區民權東路6段138號,0,0,1,1,C03,8,5,8,50,14,9,1,5,4,5,13,4,4,1,5,5,2,17,1,27,2,9,6,1,7,5,1,10,1,11,,44,,1,21,,121.5885238,25.06899814
112,7,18,12,19,2,12內湖區,內湖區民權東路6段138號,0,0,1,2,B03,8,5,8,50,14,9,1,5,4,5,13,4,4,1,5,5,2,17,1,22,3,10,7,1,7,7,3,18,1,2,,100,,1,21,,121.5885238,25.06899814
112,7,18,12,26,2,07信義區,信義區基隆路1段與基隆路1段102巷口,0,0,1,1,B03,7,5,5,50,3,1,1,5,4,5,13,4,4,1,4,5,2,13,2,56,3,10,7,1,7,10,1,8,1,6,,100,,1,22,,121.5667988,25.0453287
112,7,18,12,26,2,07信義區,信義區基隆路1段與基隆路1段102巷口,0,0,1,2,C03,7,5,5,50,3,1,1,5,4,5,13,4,4,1,4,5,2,13,1,20,2,9,6,1,7,10,1,10,1,11,,108,,1,21,,121.5667988,25.0453287
112,7,18,12,43,2,09北投區,北投區裕民一路23號,0,0,1,2,C03,8,6,5,50,14,9,1,5,4,5,13,4,4,5,5,5,2,6,1,39,3,10,5,1,7,9,1,10,2,11,,44,,1,21,,121.5169921,25.1166604
112,7,18,12,43,2,09北投區,北投區裕民一路23號,0,0,1,1,H01,8,6,5,50,14,9,1,5,4,5,13,4,4,5,5,5,2,6,2,3,2,9,4,5,8,18,8,20,10,16,,121,,1,21,,121.5169921,25.1166604
112,7,18,12,55,2,05中正區,中正區廣州街10-5號,0,0,1,2,C03,8,6,5,30,14,9,1,5,4,5,13,4,4,5,5,5,1,17,1,69,2,9,6,1,7,9,3,18,2,12,,44,,1,21,,121.5079105,25.0356751
112,7,18,12,55,2,05中正區,中正區廣州街10-5號,0,0,1,1,B01,8,6,5,30,14,9,1,5,4,5,13,4,4,5,5,5,1,17,1,62,3,10,7,1,7,1,1,4,2,4,,19,,1,21,,121.5079105,25.0356751
112,7,18,13,12,2,07信義區,信義區光復南路與忠孝東路4段口,0,0,4,1,C03,7,6,5,50,4,1,1,5,4,5,13,1,1,1,4,5,2,12,1,66,3,10,6,1,7,15,1,10,1,17,,30,,1,22,,121.5577435,25.0411402
112,7,18,13,12,2,07信義區,信義區光復南路與忠孝東路4段口,0,0,4,2,C03,7,6,5,50,4,1,1,5,4,5,13,1,1,1,4,5,2,12,1,55,3,10,6,1,7,15,1,10,1,17,,44,,1,22,,121.5577435,25.0411402
112,7,18,13,12,2,07信義區,信義區光復南路與忠孝東路4段口,0,0,4,3,C03,7,6,5,50,4,1,1,5,4,5,13,1,1,1,4,5,2,12,1,24,2,9,6,1,7,9,1,10,1,12,,44,,1,22,,121.5577435,25.0411402
112,7,18,13,12,2,07信義區,信義區光復南路與忠孝東路4段口,0,0,4,4,H02,7,6,5,50,4,1,1,5,4,5,13,1,1,1,4,5,2,12,2,22,2,9,6,5,7,17,8,20,10,16,,67,,1,22,,121.5577435,25.0411402
112,7,18,13,12,2,07信義區,信義區光復南路與忠孝東路4段口,0,0,4,5,C03,7,6,5,50,4,1,1,5,4,5,13,1,1,1,4,5,2,12,2,24,2,9,6,1,7,9,1,10,1,11,,44,,1,22,,121.5577435,25.0411402
112,7,18,13,12,2,07信義區,信義區光復南路與忠孝東路4段口,0,0,4,6,H02,7,6,5,50,4,1,1,5,4,5,13,1,1,1,4,5,2,12,2,25,2,9,6,5,7,17,8,20,10,16,,67,,1,22,,121.5577435,25.0411402
112,7,18,13,30,2,06松山區,松山區健康路與南京東路4段75巷口,0,0,1,2,C03,8,7,5,50,4,1,1,5,4,1,13,1,1,9,4,5,2,17,1,21,2,8,5,1,7,14,1,10,1,14,,44,,1,22,,121.5536731,25.0533833
112,7,18,13,30,2,06松山區,松山區健康路與南京東路4段75巷口,0,0,1,1,B12,8,7,5,50,4,1,1,5,4,1,13,1,1,9,4,5,2,17,1,34,3,10,7,1,7,9,1,8,1,2,,108,,2,22,,121.5536731,25.0533833
112,7,18,13,54,2,03中山區,中山區民權東路3段與龍江路口,0,0,1,1,C03,7,7,5,50,4,1,1,4,4,5,13,1,1,5,5,5,2,9,1,20,3,10,5,1,7,7,1,10,1,17,,100,,1,22,,121.5407303,25.0622244
112,7,18,13,54,2,03中山區,中山區民權東路3段與龍江路口,0,0,1,2,,7,7,5,50,4,1,1,4,4,5,13,1,1,5,5,5,2,9,2,43,2,9,4,5,8,18,8,20,1,16,,54,,1,22,,121.5407303,25.0622244
112,7,18,14,0,2,10文山區,文山區興隆路3段與興隆路3段206巷口,0,0,1,1,B03,6,6,5,50,4,2,1,4,4,5,13,2,1,1,4,5,2,16,1,49,3,10,7,1,7,11,1,8,1,4,,10,,1,21,,121.5592303,24.9978019
112,7,18,14,0,2,10文山區,文山區興隆路3段與興隆路3段206巷口,0,0,1,2,C03,6,6,5,50,4,2,1,4,4,5,13,2,1,1,4,5,2,16,1,43,2,9,6,1,7,9,1,10,1,11,,44,,1,21,,121.5592303,24.9978019
112,7,18,14,1,2,12內湖區,內湖區內湖路1段91巷與內湖路1段91巷24弄口口,0,0,1,2,B03,6,5,5,30,3,1,1,4,4,5,13,4,4,10,5,5,1,16,1,47,3,10,7,1,7,9,1,8,1,4,,44,,1,21,,121.5618714,25.08534639
112,7,18,14,1,2,12內湖區,內湖區內湖路1段91巷與內湖路1段91巷24弄口口,0,0,1,1,C03,6,5,5,30,3,1,1,4,4,5,13,4,4,10,5,5,1,16,2,38,2,8,6,1,7,15,1,10,1,12,,72,,1,21,,121.5618714,25.08534639
112,7,18,14,43,2,12內湖區,內湖區民權東路6段與民權東路6段21巷口,0,0,1,1,B02,6,7,5,50,3,1,1,4,4,5,13,4,4,9,4,4,2,16,2,40,3,10,7,1,7,6,1,15,1,5,,9,,1,21,,121.5825983,25.06840605
112,7,18,14,43,2,12內湖區,內湖區民權東路6段與民權東路6段21巷口,0,0,1,2,C03,6,7,5,50,3,1,1,4,4,5,13,4,4,9,4,4,2,16,1,29,2,9,5,1,7,9,1,10,1,14,,14,,1,21,,121.5825983,25.06840605
112,7,18,14,56,2,05中正區,中正區濟南路2段與金山南路1段口,0,0,1,1,B12,7,6,5,50,4,2,1,4,4,1,11,2,1,9,5,5,2,16,1,44,3,10,7,1,7,6,1,8,2,5,,9,,1,21,,121.5293147,25.0408654
112,7,18,14,56,2,05中正區,中正區濟南路2段與金山南路1段口,0,0,1,2,C03,7,6,5,50,4,2,1,4,4,1,11,2,1,9,5,5,2,16,1,58,2,9,5,1,7,10,1,10,2,14,,44,,1,21,,121.5293147,25.0408654
112,7,18,15,0,2,12內湖區,內湖區堤頂大道2段與基湖路口,0,0,1,1,B03,6,7,5,50,4,1,1,4,4,5,13,2,1,1,4,5,2,16,1,44,3,10,3,4,7,6,1,8,1,17,,9,,1,21,,121.5644614,25.07913683
112,7,18,15,0,2,12內湖區,內湖區堤頂大道2段與基湖路口,0,0,1,2,C03,6,7,5,50,4,1,1,4,4,5,13,2,1,1,4,5,2,16,1,58,2,9,5,1,7,9,1,10,1,17,,44,,1,21,,121.5644614,25.07913683
112,7,18,15,4,2,09北投區,北投區明德路與東陽街口口,0,0,1,1,C03,6,6,5,30,3,1,1,4,4,5,13,3,1,5,5,5,2,16,2,58,2,9,5,1,7,6,1,10,1,12,,72,,1,21,,121.5216071,25.112025
112,7,18,15,4,2,09北投區,北投區明德路與東陽街口口,0,0,1,2,B03,6,6,5,30,3,1,1,4,4,5,13,3,1,5,5,5,2,16,2,38,3,10,7,1,7,9,1,8,1,4,,118,,1,21,,121.5216071,25.112025
112,7,18,15,20,2,06松山區,松山區市民大道5段與東寧路口,0,0,2,2,C03,6,7,5,50,3,2,1,4,4,5,13,1,1,1,4,5,2,17,1,28,2,8,6,4,7,5,1,10,2,12,,8,,1,21,,121.5629682,25.0473606
112,7,18,15,20,2,06松山區,松山區市民大道5段與東寧路口,0,0,2,1,B03,6,7,5,50,3,2,1,4,4,5,13,1,1,1,4,5,2,17,1,45,2,1,7,4,7,6,1,8,2,8,,9,,1,21,,121.5629682,25.0473606
112,7,18,15,25,2,04大安區,大安區和平東路1段與青田街口,0,0,1,2,B01,7,6,5,50,4,1,1,5,4,5,13,2,1,10,5,5,2,13,1,51,3,10,3,4,7,11,1,2,1,7,,103,,1,21,,121.5318283,25.0263808
112,7,18,15,25,2,04大安區,大安區和平東路1段與青田街口,0,0,1,1,C03,7,6,5,50,4,1,1,5,4,5,13,2,1,10,5,5,2,13,1,27,2,5,6,4,7,9,1,10,1,11,,13,,1,21,,121.5318283,25.0263808
112,7,18,16,10,2,06松山區,松山區敦化北路147號,0,0,1,1,B03,6,6,5,50,14,8,1,4,4,5,13,4,4,3,4,4,2,17,1,59,3,10,3,4,7,7,1,8,2,17,,100,,1,21,,121.5491967,25.05398739
112,7,18,16,10,2,06松山區,松山區敦化北路147號,0,0,1,2,C03,6,6,5,50,14,8,1,4,4,5,13,4,4,3,4,4,2,17,1,64,2,9,6,4,7,9,1,10,2,14,,44,,1,21,,121.5491967,25.05398739
112,7,18,16,36,2,07信義區,信義區仁愛路4段505號,0,0,2,1,C03,6,7,5,50,14,9,1,4,4,5,13,4,4,3,4,5,2,13,2,18,2,9,6,4,7,9,1,10,1,11,,108,,1,21,,121.5576761,25.0387926
112,7,18,16,36,2,07信義區,信義區仁愛路4段505號,0,0,2,2,C03,6,7,5,50,14,9,1,4,4,5,13,4,4,3,4,5,2,13,1,21,2,9,6,4,7,15,1,10,1,13,,44,,1,21,,121.5576761,25.0387926
112,7,18,17,2,2,12內湖區,內湖區內湖路1段737巷51弄與內湖路1段737巷口,0,0,1,1,B03,6,7,5,30,4,1,1,4,4,5,13,4,4,9,4,5,2,15,1,69,3,10,7,1,7,9,1,8,2,1,,72,,1,21,,121.5789789,25.0804653
112,7,18,17,2,2,12內湖區,內湖區內湖路1段737巷51弄與內湖路1段737巷口,0,0,1,2,C03,6,7,5,30,4,1,1,4,4,5,13,4,4,9,4,5,2,15,1,69,2,9,5,1,7,9,1,10,2,12,,14,,1,21,,121.5789789,25.0804653
112,7,18,17,3,2,03中山區,中山區復興北路與八德路2段口,0,0,1,2,C03,6,5,5,50,4,1,1,4,4,5,13,1,1,1,3,5,1,16,1,27,2,8,5,1,7,1,1,10,1,11,,19,,1,21,,121.5438274,25.0476115