發生年度,發生月,發生日,發生時-Hours,發生分,處理別-編號,區序,肇事地點,死亡人數,2-30日死亡人數,受傷人數,當事人序號,車種,天候,光線,道路類別,速限-速度限制,道路型態,事故位置,路面狀況1,路面狀況2,路面狀況3,道路障礙1,道路障礙2,號誌1,號誌2,車道劃分-分向,車道劃分-分道1,車道劃分-分道2,車道劃分-分道3,事故類型及型態,性別,年齡,受傷程度,主要傷處,保護裝置,行動電話,車輛用途,當事者行動狀態,駕駛資格情形,駕駛執照種類,飲酒情形,車輛撞擊部位1,車輛撞擊部位2,肇因碼-個別,肇因碼-主要,個人肇逃否,職業,旅次目的,座標-X,座標-Y
112,7,19,10,50,2,10文山區,文山區羅斯福路6段與育英街口,0,0,2,1,C03,8,6,5,50,4,1,1,5,4,5,13,2,1,1,4,5,2,16,1,51,2,9,5,1,7,5,1,10,2,12,,96,,1,21,,121.5397163,24.9903928
112,7,19,10,50,2,10文山區,文山區羅斯福路6段與育英街口,0,0,2,2,C03,8,6,5,50,4,1,1,5,4,5,13,2,1,1,4,5,2,16,1,37,2,9,6,1,7,9,1,10,2,11,,44,,1,21,,121.5397163,24.9903928
112,7,19,10,57,2,04大安區,大安區辛亥路1段與羅斯福路3段口,0,0,2,1,C03,8,5,5,50,14,9,1,5,4,5,13,2,1,1,4,1,2,17,1,61,3,10,6,1,7,8,1,10,1,14,,100,,1,21,,121.5294235,25.0196388
112,7,19,10,57,2,04大安區,大安區辛亥路1段與羅斯福路3段口,0,0,2,2,C03,8,5,5,50,14,9,1,5,4,5,13,2,1,1,4,1,2,17,2,21,2,9,6,1,7,9,1,10,1,11,,44,,1,21,,121.5294235,25.0196388
112,7,19,10,57,2,04大安區,大安區辛亥路1段與羅斯福路3段口,0,0,2,3,H02,8,5,5,50,14,9,1,5,4,5,13,2,1,1,4,1,2,17,2,17,2,9,6,5,7,20,8,20,10,16,,67,,1,21,,121.5294235,25.0196388
112,7,19,11,10,2,12內湖區,內湖區民善街255號,0,0,1,1,B03,8,7,5,50,14,9,1,5,4,5,13,4,4,5,5,5,2,17,2,46,3,10,7,1,7,11,1,2,1,3,,10,,1,21,,121.5745798,25.06339854
112,7,19,11,10,2,12內湖區,內湖區民善街255號,0,0,1,2,C03,8,7,5,50,14,9,1,5,4,5,13,4,4,5,5,5,2,17,1,34,2,7,5,1,7,9,1,10,1,14,,44,,1,21,,121.5745798,25.06339854
112,7,19,11,23,2,05中正區,中正區徐州路與林森南路口,0,0,1,2,C03,8,6,5,50,4,1,1,5,4,5,13,2,1,5,4,4,2,16,1,61,2,7,5,1,7,9,1,10,2,11,,118,,1,22,,121.5222427,25.04099837
112,7,19,11,23,2,05中正區,中正區徐州路與林森南路口,0,0,1,1,C03,8,6,5,50,4,1,1,5,4,5,13,2,1,5,4,4,2,16,1,62,3,10,5,1,7,5,1,10,2,12,,74,,1,22,,121.5222427,25.04099837
112,7,19,11,31,2,06松山區,松山區市民大道4段99號,0,0,1,2,C03,8,6,5,40,14,9,1,5,4,5,13,4,4,1,4,5,2,12,1,52,2,9,5,1,7,9,1,10,2,13,,44,,1,21,,121.5479271,25.04518
112,7,19,11,31,2,06松山區,松山區市民大道4段99號,0,0,1,1,B03,8,6,5,40,14,9,1,5,4,5,13,4,4,1,4,5,2,12,1,31,3,10,7,1,7,6,1,8,2,2,,9,,1,21,,121.5479271,25.04518
112,7,19,11,47,2,09北投區,北投區大度路3段與聖景路口,0,0,1,2,C03,8,6,5,50,4,2,1,5,4,1,13,2,1,8,3,5,2,17,2,36,2,8,6,1,7,9,1,10,1,14,,108,,1,22,,121.4650075,25.1235082
112,7,19,11,47,2,09北投區,北投區大度路3段與聖景路口,0,0,1,1,B03,8,6,5,50,4,2,1,5,4,1,13,2,1,8,3,5,2,17,2,62,3,10,7,1,7,6,1,8,1,5,,9,,1,22,,121.4650075,25.1235082
112,7,19,12,5,2,04大安區,大安區市民大道4段190號,0,0,1,1,B03,8,6,5,30,14,9,1,5,4,3,13,2,1,10,5,5,1,12,1,61,3,10,3,4,7,6,7,19,9,15,,9,,2,22,,121.5539849,25.0439187
112,7,19,12,5,2,04大安區,大安區市民大道4段190號,0,0,1,2,C03,8,6,5,30,14,9,1,5,4,3,13,2,1,10,5,5,1,12,2,31,2,8,5,1,7,7,1,10,1,14,,101,,1,21,,121.5539849,25.0439187
112,7,19,12,9,2,12內湖區,內湖區瑞光路與瑞光路132巷口,0,0,1,1,B03,8,7,5,50,3,1,1,5,4,5,13,2,1,9,4,5,2,16,2,47,3,10,3,4,7,9,1,8,2,4,,85,,1,21,,121.5799122,25.0730558
112,7,19,12,9,2,12內湖區,內湖區瑞光路與瑞光路132巷口,0,0,1,2,C03,8,7,5,50,3,1,1,5,4,5,13,2,1,9,4,5,2,16,2,23,2,9,6,1,7,5,1,10,2,12,,44,,1,21,,121.5799122,25.0730558
112,7,19,12,46,2,10文山區,文山區興隆路2段與興隆路2段95巷口,0,0,2,1,C03,8,6,5,50,5,2,1,5,4,5,13,2,1,1,4,5,2,16,2,22,2,9,6,1,7,11,1,10,1,13,,10,,1,21,,121.5470838,24.9993009
112,7,19,12,46,2,10文山區,文山區興隆路2段與興隆路2段95巷口,0,0,2,2,C03,8,6,5,50,5,2,1,5,4,5,13,2,1,1,4,5,2,16,1,54,2,8,6,1,7,9,1,9,1,11,,44,,1,21,,121.5470838,24.9993009
112,7,19,12,57,2,05中正區,中正區凱達格蘭大道與中山南路口,0,0,1,1,B01,8,6,5,50,5,2,1,5,4,5,13,2,1,9,4,5,2,16,1,41,3,10,7,1,7,6,1,8,2,5,,44,,1,21,,121.5171788,25.0393044
112,7,19,12,57,2,05中正區,中正區凱達格蘭大道與中山南路口,0,0,1,2,C03,8,6,5,50,5,2,1,5,4,5,13,2,1,9,4,5,2,16,2,53,2,9,5,1,7,1,1,10,2,14,,19,,1,21,,121.5171788,25.0393044
112,7,19,12,59,2,09北投區,北投區文林北路與文林北路75巷口,0,0,2,2,C03,8,6,5,50,4,4,1,5,4,5,13,1,1,1,4,4,2,13,1,41,2,8,5,1,7,14,1,10,1,13,,44,,1,21,,121.5173449,25.1054436
112,7,19,12,59,2,09北投區,北投區文林北路與文林北路75巷口,0,0,2,1,C03,8,6,5,50,4,4,1,5,4,5,13,1,1,1,4,4,2,13,2,45,2,9,5,1,7,9,1,10,1,11,,16,,1,21,,121.5173449,25.1054436
112,7,19,13,2,2,07信義區,信義區信義路5段與松智路口,0,0,1,1,B03,8,6,5,50,4,1,1,5,4,5,13,1,1,3,4,5,2,17,1,35,3,10,7,1,7,9,1,4,1,6,,107,,1,21,,121.5653801,25.0328417
112,7,19,13,2,2,07信義區,信義區信義路5段與松智路口,0,0,1,2,C03,8,6,5,50,4,1,1,5,4,5,13,1,1,3,4,5,2,17,1,28,2,5,6,1,7,9,1,10,1,11,,13,,1,21,,121.5653801,25.0328417
112,7,19,13,20,2,05中正區,中正區羅斯福路2段與杭州南路2段口,0,0,1,2,C03,8,7,5,50,5,1,1,5,4,5,13,1,1,2,4,5,2,16,1,46,2,9,6,1,7,9,1,10,1,14,,44,,1,22,,121.5216825,25.0279829
112,7,19,13,20,2,05中正區,中正區羅斯福路2段與杭州南路2段口,0,0,1,1,B03,8,7,5,50,5,1,1,5,4,5,13,1,1,2,4,5,2,16,2,71,3,10,7,1,7,5,1,8,1,1,,74,,1,22,,121.5216825,25.0279829
112,7,19,13,30,2,07信義區,信義區松仁路與松壽路口,0,0,1,1,B03,8,6,5,50,3,1,1,5,4,5,13,2,1,9,4,5,1,16,1,49,3,10,3,4,7,11,1,8,1,1,,10,,1,22,,121.5682295,25.0358541
112,7,19,13,30,2,07信義區,信義區松仁路與松壽路口,0,0,1,2,C03,8,6,5,50,3,1,1,5,4,5,13,2,1,9,4,5,1,16,2,31,2,8,3,4,7,9,1,10,1,14,,44,,1,22,,121.5682295,25.0358541
112,7,19,13,34,2,07信義區,信義區忠孝東路4段555號,0,0,2,1,C03,8,7,5,50,14,9,1,5,4,5,13,4,4,9,4,5,2,12,2,28,2,9,5,1,7,8,1,10,2,14,,100,,1,21,,121.5633352,25.0412915
112,7,19,13,34,2,07信義區,信義區忠孝東路4段555號,0,0,2,2,B02,8,7,5,50,14,9,1,5,4,5,13,4,4,9,4,5,2,12,1,62,3,10,7,1,7,9,1,8,2,2,,44,,1,21,,121.5633352,25.0412915
112,7,19,13,34,2,07信義區,信義區忠孝東路4段555號,0,0,2,4,H02,8,7,5,50,14,9,1,5,4,5,13,4,4,9,4,5,2,12,2,27,2,9,5,5,7,20,8,20,10,16,,67,,1,21,,121.5633352,25.0412915
112,7,19,13,34,2,07信義區,信義區忠孝東路4段555號,0,0,2,3,A04,8,7,5,50,14,9,1,5,4,5,13,4,4,9,4,5,2,12,1,48,3,10,7,1,7,14,1,2,2,4,,44,,1,21,,121.5633352,25.0412915
112,7,19,14,25,2,02萬華區,萬華區忠孝橋往台北市下橋匝道,0,0,1,1,C03,8,6,5,50,8,9,1,5,4,5,13,2,1,1,2,5,2,12,1,66,2,7,5,1,7,8,1,10,2,14,,100,,1,22,,121.5073217,25.04864406
112,7,19,14,25,2,02萬華區,萬華區忠孝橋往台北市下橋匝道,0,0,1,2,B01,8,6,5,50,8,9,1,5,4,5,13,2,1,1,2,5,2,12,1,42,3,10,7,1,7,9,1,2,2,2,,44,,1,22,,121.5073217,25.04864406
112,7,19,14,30,2,03中山區,中山區民權東路3段與建國北路3段口,0,0,2,2,C03,8,7,5,50,4,1,1,5,4,5,13,2,1,5,4,5,2,13,2,25,2,9,6,4,7,9,1,10,1,13,,44,,1,22,,121.5370084,25.062475
112,7,19,14,30,2,03中山區,中山區民權東路3段與建國北路3段口,0,0,2,1,C03,8,7,5,50,4,1,1,5,4,5,13,2,1,5,4,5,2,13,1,30,2,9,5,4,7,9,1,10,1,11,,107,,1,22,,121.5370084,25.062475
112,7,19,14,49,2,02萬華區,萬華區內江街72號,0,0,1,2,A02,7,6,5,50,14,9,1,5,4,5,13,4,4,8,3,5,1,12,1,66,3,10,7,1,7,15,1,2,2,6,,44,,1,21,,121.5046581,25.0415289
112,7,19,14,49,2,02萬華區,萬華區內江街72號,0,0,1,1,C03,7,6,5,50,14,9,1,5,4,5,13,4,4,8,3,5,1,12,1,55,2,7,5,1,7,15,1,10,8,14,,21,,1,21,,121.5046581,25.0415289
112,7,19,14,51,2,11南港區,南港區松河街440號,0,0,1,1,C03,8,7,5,30,11,9,1,5,4,5,13,4,4,10,5,5,2,17,2,23,2,9,3,4,7,9,1,10,1,12,,107,,1,22,,121.5923345,25.058155
112,7,19,14,51,2,11南港區,南港區松河街440號,0,0,1,2,B12,8,7,5,30,11,9,1,5,4,5,13,4,4,10,5,5,2,17,1,64,3,10,3,4,7,13,1,8,1,7,,44,,1,22,,121.5923345,25.058155
112,7,19,15,0,2,01大同區,大同區重慶北路2段120號,0,0,1,1,C03,8,6,5,0,14,9,1,5,4,5,13,4,4,9,4,5,2,17,1,67,3,10,5,1,7,1,1,10,1,11,,19,,1,21,,121.513601,25.05777646
112,7,19,15,0,2,01大同區,大同區重慶北路2段120號,0,0,1,2,C03,8,6,5,0,14,9,1,5,4,5,13,4,4,9,4,5,2,17,1,22,2,9,5,1,7,9,1,10,1,14,,13,,1,21,,121.513601,25.05777646
112,7,19,15,0,2,08士林區,士林區環河北路3段與延平北路6段261巷口,0,0,2,1,B03,8,5,5,40,3,1,1,5,4,5,13,4,4,1,4,4,2,16,1,36,3,10,7,1,7,6,1,8,1,6,,9,,1,22,,121.503695,25.08829589
112,7,19,15,0,2,08士林區,士林區環河北路3段與延平北路6段261巷口,0,0,2,2,C03,8,5,5,40,3,1,1,5,4,5,13,4,4,1,4,4,2,16,1,27,2,9,5,1,7,9,1,10,1,13,,14,,1,22,,121.503695,25.08829589
112,7,19,15,0,2,08士林區,士林區環河北路3段與延平北路6段261巷口,0,0,2,3,H02,8,5,5,40,3,1,1,5,4,5,13,4,4,1,4,4,2,16,2,23,2,8,5,5,7,20,8,20,10,16,,67,,1,22,,121.503695,25.08829589
112,7,19,15,12,2,01大同區,大同區酒泉街161號,0,0,1,1,B12,7,6,5,50,14,9,1,5,4,5,13,4,4,8,3,5,1,17,1,61,3,10,7,1,7,14,1,8,2,4,,40,,1,22,,121.5130144,25.07213303
112,7,19,15,12,2,01大同區,大同區酒泉街161號,0,0,1,2,F01,7,6,5,50,14,9,1,5,4,5,13,4,4,8,3,5,1,17,2,26,2,9,4,1,7,9,8,20,2,12,,44,,1,22,,121.5130144,25.07213303
112,7,19,15,15,2,09北投區,北投區裕民六路90巷1弄28號,0,0,1,1,B01,8,7,5,30,14,9,1,5,4,5,13,4,4,10,5,5,2,17,1,55,3,10,7,1,7,14,1,8,1,4,,40,,2,21,,121.517671,25.1137888
112,7,19,15,15,2,09北投區,北投區裕民六路90巷1弄28號,0,0,1,2,C04,8,7,5,30,14,9,1,5,4,5,13,4,4,10,5,5,2,17,2,59,2,3,6,1,7,9,1,11,1,12,,44,,1,21,,121.517671,25.1137888
112,7,19,15,40,2,03中山區,中山區建國北路2段與興安街北口迴轉道,0,0,1,2,B03,7,7,5,50,3,1,1,5,4,5,13,4,4,1,4,5,2,16,1,36,3,10,7,1,7,9,1,8,1,5,,13,,1,22,,121.536689,25.0569324
112,7,19,15,40,2,03中山區,中山區建國北路2段與興安街北口迴轉道,0,0,1,1,B03,7,7,5,50,3,1,1,5,4,5,13,4,4,1,4,5,2,16,1,40,2,6,7,1,7,11,1,8,1,7,,103,,1,22,,121.536689,25.0569324
112,7,19,15,59,2,05中正區,中正區林森南路與青島東路口,0,0,1,1,B03,7,6,5,50,4,2,1,5,4,5,13,2,1,9,4,5,2,13,1,62,3,10,7,1,7,6,1,8,2,7,,44,,1,21,,121.5230157,25.0437929
112,7,19,15,59,2,05中正區,中正區林森南路與青島東路口,0,0,1,2,C03,7,6,5,50,4,2,1,5,4,5,13,2,1,9,4,5,2,13,1,71,2,8,5,1,7,7,1,10,2,11,,108,,1,21,,121.5230157,25.0437929
112,7,19,16,1,2,01大同區,大同區市民大道1段209號,0,0,1,1,A31,8,6,5,40,4,2,1,4,4,5,13,4,4,1,5,5,2,17,1,28,3,10,7,1,7,9,1,1,9,17,,30,,1,22,,121.5188262,25.04856628
112,7,19,16,1,2,01大同區,大同區市民大道1段209號,0,0,1,2,C03,8,6,5,40,4,2,1,4,4,5,13,4,4,1,5,5,2,17,2,33,2,9,6,1,7,6,1,10,9,14,,108,,1,22,,121.5188262,25.04856628
112,7,19,16,20,2,06松山區,松山區市民大道4段(微風廣場前，第274號燈桿),0,0,2,1,B03,8,6,5,40,14,9,1,5,4,5,13,4,4,9,4,5,2,13,1,45,3,10,7,3,7,7,1,8,1,2,,100,,1,22,,121.5453641,25.04515851
112,7,19,16,20,2,06松山區,松山區市民大道4段(微風廣場前，第274號燈桿),0,0,2,3,H02,8,6,5,40,14,9,1,5,4,5,13,4,4,9,4,5,2,13,2,46,2,9,5,5,7,17,8,20,10,17,,67,,1,22,,121.5453641,25.04515851
112,7,19,16,20,2,06松山區,松山區市民大道4段(微風廣場前，第274號燈桿),0,0,2,2,C03,8,6,5,40,14,9,1,5,4,5,13,4,4,9,4,5,2,13,1,48,2,9,5,1,7,9,1,10,1,13,,44,,1,22,,121.5453641,25.04515851
112,7,19,16,24,2,09北投區,北投區稻香路29號,0,0,1,1,C03,6,7,5,50,14,9,1,4,4,5,13,4,4,9,4,5,2,16,1,18,3,10,5,1,7,8,1,10,1,14,,100,,1,21,,121.4538759,25.1555483
112,7,19,16,24,2,09北投區,北投區稻香路29號,0,0,1,2,C03,6,7,5,50,14,9,1,4,4,5,13,4,4,9,4,5,2,16,2,53,2,9,5,1,7,6,1,10,1,11,,44,,1,21,,121.4538759,25.1555483
112,7,19,16,50,2,11南港區,南港區重陽路與興華路口,0,0,1,2,C03,8,7,5,50,5,2,1,5,4,5,13,1,1,5,5,5,2,12,2,31,2,9,5,1,7,9,1,10,1,11,,44,,1,21,,121.6053828,25.057793
112,7,19,16,50,2,11南港區,南港區重陽路與興華路口,0,0,1,1,B11,8,7,5,50,5,2,1,5,4,5,13,1,1,5,5,5,2,12,1,42,3,10,7,1,7,5,1,8,1,4,,8,,1,21,,121.6053828,25.057793
112,7,19,17,0,2,12內湖區,內湖區行忠路178巷與行忠路口,0,0,1,1,B03,8,6,5,50,3,1,1,5,4,5,13,4,4,10,5,5,2,16,1,43,3,10,7,1,7,6,1,8,1,6,,9,,1,21,,121.5839291,25.066082
112,7,19,17,0,2,12內湖區,內湖區行忠路178巷與行忠路口,0,0,1,2,C03,8,6,5,50,3,1,1,5,4,5,13,4,4,10,5,5,2,16,1,33,2,9,6,1,7,9,1,10,1,14,,44,,1,21,,121.5839291,25.066082
112,7,19,17,5,2,09北投區,北投區知行路292巷4弄與知行路292巷口,0,0,1,1,B12,8,6,5,30,3,2,1,5,4,5,13,4,4,10,5,5,2,15,2,41,3,10,7,1,7,9,1,8,1,4,,72,,1,21,,121.4682705,25.1217094
112,7,19,17,5,2,09北投區,北投區知行路292巷4弄與知行路292巷口,0,0,1,2,C03,8,6,5,30,3,2,1,5,4,5,13,4,4,10,5,5,2,15,1,18,2,7,5,1,7,9,1,10,1,11,,108,,1,21,,121.4682705,25.1217094
112,7,19,17,9,2,02萬華區,萬華區艋舺大道與和平西路3段口,0,0,1,1,B03,6,5,5,50,4,1,1,4,4,5,13,1,1,1,4,5,2,17,2,40,3,10,7,4,7,6,1,8,9,17,,9,,1,22,,121.5047258,25.03403648
112,7,19,17,9,2,02萬華區,萬華區艋舺大道與和平西路3段口,0,0,1,2,C03,6,5,5,50,4,1,1,4,4,5,13,1,1,1,4,5,2,17,1,20,2,7,5,4,7,9,1,10,1,17,,44,,1,22,,121.5047258,25.03403648
112,7,19,17,12,2,04大安區,大安區建國南路1段與濟南路3段口,0,0,1,2,C04,7,6,5,50,3,1,1,4,4,5,13,2,1,10,5,5,2,13,1,28,2,6,5,4,7,12,1,10,1,13,,44,,1,22,,121.5373609,25.0402935
112,7,19,17,12,2,04大安區,大安區建國南路1段與濟南路3段口,0,0,1,1,B03,7,6,5,50,3,1,1,4,4,5,13,2,1,10,5,5,2,13,1,76,3,10,3,4,7,6,1,8,1,1,,108,,1,22,,121.5373609,25.0402935
112,7,19,17,25,2,02萬華區,萬華區中華路2段與汀州路1段口,0,0,3,4,H02,6,7,5,50,4,1,1,4,4,5,13,1,1,4,1,5,2,13,2,41,2,8,6,5,7,20,8,20,10,16,,67,,1,22,,121.5051349,25.03313683
112,7,19,17,25,2,02萬華區,萬華區中華路2段與汀州路1段口,0,0,3,2,C03,6,7,5,50,4,1,1,4,4,5,13,1,1,4,1,5,2,13,1,38,3,10,6,1,7,8,1,10,1,13,,100,,1,21,,121.5051349,25.03313683
112,7,19,17,25,2,02萬華區,萬華區中華路2段與汀州路1段口,0,0,3,3,C03,6,7,5,50,4,1,1,4,4,5,13,1,1,4,1,5,2,13,1,35,2,8,6,1,7,9,1,10,1,14,,44,,1,21,,121.5051349,25.03313683
112,7,19,17,25,2,02萬華區,萬華區中華路2段與汀州路1段口,0,0,3,1,C03,6,7,5,50,4,1,1,4,4,5,13,1,1,4,1,5,2,13,1,49,2,9,6,1,7,9,1,10,1,11,,108,,1,21,,121.5051349,25.03313683
112,7,19,17,26,2,01大同區,大同區酒泉街50巷與酒泉街口,0,0,1,1,C03,6,6,5,30,4,1,1,4,4,5,13,4,4,10,5,5,2,17,2,41,2,9,5,1,7,9,1,10,11,11,,72,,1,21,,121.5166543,25.071708
112,7,19,17,26,2,01大同區,大同區酒泉街50巷與酒泉街口,0,0,1,2,B03,6,6,5,30,4,1,1,4,4,5,13,4,4,10,5,5,2,17,1,66,3,10,7,1,7,9,1,8,2,4,,14,,1,21,,121.5166543,25.071708
112,7,19,17,30,2,03中山區,中山區中山北路1段與長安東路1段口,0,0,2,3,H02,6,7,5,50,4,1,1,4,4,5,13,2,1,9,4,5,2,12,1,13,2,8,6,5,7,20,8,20,10,16,,67,,1,21,,121.5217604,25.0498548
112,7,19,17,30,2,03中山區,中山區中山北路1段與長安東路1段口,0,0,2,2,C03,6,7,5,50,4,1,1,4,4,5,13,2,1,9,4,5,2,12,2,45,2,7,6,1,7,7,1,10,1,12,,100,,1,21,,121.5217604,25.0498548
112,7,19,17,30,2,03中山區,中山區中山北路1段與長安東路1段口,0,0,2,1,B03,6,7,5,50,4,1,1,4,4,5,13,2,1,9,4,5,2,12,1,65,3,10,7,1,7,4,1,8,1,4,,44,,1,21,,121.5217604,25.0498548
112,7,19,17,43,2,09北投區,北投區大度路3段往淡水1205118燈桿,0,0,1,1,C03,6,5,5,50,14,12,1,4,4,5,13,4,4,1,4,3,1,17,1,28,2,9,5,1,7,9,1,10,1,14,,44,,1,21,,121.4724421,25.12292702
112,7,19,17,43,2,09北投區,北投區大度路3段往淡水1205118燈桿,0,0,1,2,C03,6,5,5,50,14,12,1,4,4,5,13,4,4,1,4,3,1,17,1,39,3,10,5,1,7,8,1,10,1,15,,100,,1,21,,121.4724421,25.12292702
112,7,19,17,53,2,05中正區,中正區仁愛路2段與金山南路1段口,0,0,1,2,C03,6,5,5,50,5,2,1,4,4,5,13,2,1,3,4,4,2,16,1,35,2,9,5,1,7,9,1,10,2,12,,44,,1,21,,121.5284702,25.0385563
112,7,19,17,53,2,05中正區,中正區仁愛路2段與金山南路1段口,0,0,1,1,B03,6,5,5,50,5,2,1,4,4,5,13,2,1,3,4,4,2,16,1,70,3,10,7,1,7,6,1,8,2,8,,82,,2,21,,121.5284702,25.0385563
112,7,19,17,54,2,04大安區,大安區和平東路2段134號,0,0,2,1,B01,6,5,5,50,14,9,1,4,4,5,13,2,1,1,4,5,1,15,2,65,3,10,3,4,7,11,1,4,1,5,,10,,1,21,,121.544705,25.0248573
112,7,19,17,54,2,04大安區,大安區和平東路2段134號,0,0,2,2,C03,6,5,5,50,14,9,1,4,4,5,13,2,1,1,4,5,1,15,1,19,2,9,3,4,7,9,1,10,1,14,,44,,1,21,,121.544705,25.0248573
112,7,19,17,54,2,04大安區,大安區和平東路2段134號,0,0,2,3,H02,6,5,5,50,14,9,1,4,4,5,13,2,1,1,4,5,1,15,2,18,2,9,3,5,7,20,8,20,10,16,,67,,1,21,,121.544705,25.0248573
112,7,19,18,5,2,03中山區,中山區長安東路1段與林森北路口,0,0,2,1,C03,8,5,5,50,14,9,1,5,4,5,13,1,1,1,3,5,1,17,1,30,2,5,5,4,7,15,1,10,1,17,,17,,1,21,,121.5245447,25.04919362
112,7,19,18,5,2,03中山區,中山區長安東路1段與林森北路口,0,0,2,2,C03,8,5,5,50,14,9,1,5,4,5,13,1,1,1,3,5,1,17,2,21,2,9,5,4,7,14,1,10,1,12,,44,,1,21,,121.5245447,25.04919362
112,7,19,18,9,2,05中正區,中正區重慶南路3段與詔安街口口,0,0,1,2,C03,6,6,5,50,5,2,1,4,4,5,13,1,1,3,4,5,2,17,1,57,2,9,5,1,7,9,1,10,9,17,,42,,1,21,,121.5163437,25.02558435
112,7,19,18,9,2,05中正區,中正區重慶南路3段與詔安街口口,0,0,1,1,C03,6,6,5,50,5,2,1,4,4,5,13,1,1,3,4,5,2,17,1,41,3,10,5,1,7,10,1,10,9,17,,42,,1,21,,121.5163437,25.02558435
112,7,19,18,11,2,01大同區,大同區承德路2段與平陽街口,0,0,1,1,B02,7,6,5,50,4,1,1,4,4,5,13,2,1,1,2,5,2,16,1,67,3,10,7,1,7,5,1,8,1,6,,74,,1,22,,121.51813,25.054755
112,7,19,18,11,2,01大同區,大同區承德路2段與平陽街口,0,0,1,2,C03,7,6,5,50,4,1,1,4,4,5,13,2,1,1,2,5,2,16,1,28,2,9,6,1,7,9,1,10,1,11,,13,,1,21,,121.51813,25.054755
112,7,19,18,20,2,10文山區,文山區木柵路1段與木柵路1段191巷口,0,0,1,2,,6,5,5,50,3,2,1,4,4,5,13,2,1,9,4,5,2,18,3,0,,,,,,,,,10,,,67,,1,,,121.5513644,24.98774434
112,7,19,18,20,2,10文山區,文山區木柵路1段與木柵路1段191巷口,0,0,1,1,C03,6,5,5,50,3,2,1,4,4,5,13,2,1,9,4,5,2,18,1,49,2,9,3,4,7,5,1,9,2,15,,118,,1,21,,121.5513644,24.98774434
112,7,19,18,25,2,03中山區,中山區中原街110號對面,0,0,1,1,C03,7,6,5,50,14,9,1,5,4,5,13,4,4,9,4,5,2,12,1,55,2,9,5,4,7,1,1,10,1,12,,19,,1,21,,121.5289571,25.0608447
112,7,19,18,25,2,03中山區,中山區中原街110號對面,0,0,1,2,B03,7,6,5,50,14,9,1,5,4,5,13,4,4,9,4,5,2,12,1,44,3,10,3,4,7,9,1,8,1,4,,44,,1,21,,121.5289571,25.0608447
112,7,19,18,40,2,06松山區,松山區南京東路5段與塔悠路口,0,0,1,1,B03,7,5,5,50,4,1,1,5,4,5,13,1,1,1,4,1,2,16,1,42,3,10,7,1,7,11,1,8,1,4,,98,,1,21,,121.5704553,25.05147187
112,7,19,18,40,2,06松山區,松山區南京東路5段與塔悠路口,0,0,1,2,C03,7,5,5,50,4,1,1,5,4,5,13,1,1,1,4,1,2,16,1,22,2,9,5,1,7,6,1,10,1,12,,44,,1,21,,121.5704553,25.05147187
112,7,19,18,51,2,06松山區,松山區民權東路5段17號口,0,0,1,1,C03,8,5,5,50,14,9,1,5,4,5,13,4,4,3,4,5,2,12,1,59,2,9,6,1,7,8,1,10,1,14,,100,,1,21,,121.5657393,25.0632767
112,7,19,18,51,2,06松山區,松山區民權東路5段17號口,0,0,1,2,A02,8,5,5,50,14,9,1,5,4,5,13,4,4,3,4,5,2,12,1,49,3,10,7,1,7,8,1,2,1,2,,44,,1,21,,121.5657393,25.0632767
112,7,19,19,6,2,07信義區,信義區逸仙路50巷與逸仙路口無名巷,0,0,1,1,C03,8,5,5,30,4,1,1,5,4,5,13,3,1,5,5,5,2,15,1,55,4,11,3,4,7,9,7,19,11,15,,72,,2,22,,121.5625555,25.0406302
112,7,19,19,6,2,07信義區,信義區逸仙路50巷與逸仙路口無名巷,0,0,1,2,C04,8,5,5,30,4,1,1,5,4,5,13,3,1,5,5,5,2,15,2,31,2,2,5,1,7,9,1,10,1,14,,44,,1,21,,121.5625555,25.0406302
112,7,19,19,30,2,10文山區,文山區老泉街26巷12號旁,0,0,1,2,,8,5,5,30,14,9,2,5,4,5,13,4,4,10,5,5,2,29,3,0,,,,,,,,,10,,,67,,1,,,121.5682273,24.97079066
112,7,19,19,30,2,10文山區,文山區老泉街26巷12號旁,0,0,1,1,C03,8,5,5,30,14,9,2,5,4,5,13,4,4,10,5,5,2,29,1,18,2,9,5,4,7,9,1,10,2,14,,118,,1,21,,121.5682273,24.97079066
112,7,19,19,35,2,12內湖區,內湖區堤頂大道2段407巷與內湖路1段120巷15弄口,0,0,1,1,C03,8,5,5,50,3,2,1,5,4,5,13,4,4,5,5,5,1,17,1,36,2,9,5,1,7,6,1,10,1,12,,72,,1,21,,121.5641351,25.08123495
112,7,19,19,35,2,12內湖區,內湖區堤頂大道2段407巷與內湖路1段120巷15弄口,0,0,1,2,B03,8,5,5,50,3,2,1,5,4,5,13,4,4,5,5,5,1,17,2,30,3,10,7,1,7,9,1,8,1,8,,44,,1,21,,121.5641351,25.08123495
112,7,19,19,35,2,12內湖區,內湖區堤頂大道2段407巷與內湖路1段120巷15弄口,0,0,1,3,B03,8,5,5,50,3,2,1,5,4,5,13,4,4,5,5,5,1,17,2,52,3,10,7,1,7,9,1,8,1,1,,44,,1,21,,121.5641351,25.08123495