發生年度,發生月,發生日,發生時-Hours,發生分,處理別-編號,區序,肇事地點,死亡人數,2-30日死亡人數,受傷人數,當事人序號,車種,天候,光線,道路類別,速限-速度限制,道路型態,事故位置,路面狀況1,路面狀況2,路面狀況3,道路障礙1,道路障礙2,號誌1,號誌2,車道劃分-分向,車道劃分-分道1,車道劃分-分道2,車道劃分-分道3,事故類型及型態,性別,年齡,受傷程度,主要傷處,保護裝置,行動電話,車輛用途,當事者行動狀態,駕駛資格情形,駕駛執照種類,飲酒情形,車輛撞擊部位1,車輛撞擊部位2,肇因碼-個別,肇因碼-主要,個人肇逃否,職業,旅次目的,座標-X,座標-Y
112,7,19,19,44,2,03中山區,中山區新生北路2段與新生北路2段115巷口,0,0,1,1,B03,8,5,5,50,3,1,1,5,4,5,13,4,4,1,3,5,2,16,1,33,3,10,3,4,7,6,1,8,1,5,,9,,1,21,,121.5278219,25.0585633
112,7,19,19,44,2,03中山區,中山區新生北路2段與新生北路2段115巷口,0,0,1,2,C03,8,5,5,50,3,1,1,5,4,5,13,4,4,1,3,5,2,16,1,32,2,8,6,4,7,9,1,10,1,14,,108,,1,21,,121.5278219,25.0585633
112,7,19,20,50,2,04大安區,大安區忠孝東路4段289號,0,0,1,3,H02,8,5,5,50,14,9,1,5,4,5,13,2,1,1,4,5,2,17,2,40,3,10,3,5,7,19,8,20,10,16,,126,,1,22,,121.55478,25.0415258
112,7,19,20,50,2,04大安區,大安區忠孝東路4段289號,0,0,1,2,C03,8,5,5,50,14,9,1,5,4,5,13,2,1,1,4,5,2,17,1,26,2,9,3,4,7,9,1,10,1,12,,44,,1,22,,121.55478,25.0415258
112,7,19,20,50,2,04大安區,大安區忠孝東路4段289號,0,0,1,1,B03,8,5,5,50,14,9,1,5,4,5,13,2,1,1,4,5,2,17,1,35,3,10,3,4,7,14,1,8,1,2,,40,,1,22,,121.55478,25.0415258
112,7,19,21,10,2,11南港區,南港區玉成街40號,0,0,3,3,H02,8,5,5,30,14,9,1,5,4,5,13,4,4,10,5,5,2,3,2,36,2,8,5,5,7,20,8,20,10,16,,67,,1,22,,121.5814413,25.04869093
112,7,19,21,10,2,11南港區,南港區玉成街40號,0,0,3,2,C04,8,5,5,30,14,9,1,5,4,5,13,4,4,10,5,5,2,3,1,41,2,9,5,4,7,9,1,11,1,11,,13,,1,22,,121.5814413,25.04869093
112,7,19,21,10,2,11南港區,南港區玉成街40號,0,0,3,1,H01,8,5,5,30,14,9,1,5,4,5,13,4,4,10,5,5,2,3,1,35,2,9,4,5,8,16,8,20,10,16,,121,,1,22,,121.5814413,25.04869093
112,7,19,21,18,2,04大安區,大安區敦化南路2段201號,0,0,1,2,C03,7,5,5,50,14,9,1,5,4,5,13,1,1,1,4,5,1,13,2,63,2,9,6,1,7,14,1,10,1,13,,44,,1,21,,121.5489968,25.02682218
112,7,19,21,18,2,04大安區,大安區敦化南路2段201號,0,0,1,1,B01,7,5,5,50,14,9,1,5,4,5,13,1,1,1,4,5,1,13,1,64,3,10,7,1,7,9,1,4,1,1,,108,,1,21,,121.5489968,25.02682218
112,7,19,21,30,2,09北投區,北投區中央北路4段584號與中央北路4段口,0,0,1,1,B03,8,5,5,50,3,1,1,5,4,5,13,4,4,5,4,5,2,11,1,37,3,10,7,1,7,8,1,8,1,2,,100,,1,22,,121.4679697,25.12801431
112,7,19,21,30,2,09北投區,北投區中央北路4段584號與中央北路4段口,0,0,1,2,C03,8,5,5,50,3,1,1,5,4,5,13,4,4,5,4,5,2,11,1,21,2,9,5,1,7,9,1,10,1,11,,13,,1,22,,121.4679697,25.12801431
112,7,19,22,22,2,02萬華區,萬華區西寧南路與長沙街2段口,0,0,2,1,C03,8,5,5,50,4,1,1,5,4,5,13,2,1,5,5,5,2,16,1,46,2,9,6,1,7,5,1,10,1,12,,74,,1,21,,121.5060825,25.04067939
112,7,19,22,22,2,02萬華區,萬華區西寧南路與長沙街2段口,0,0,2,2,C03,8,5,5,50,4,1,1,5,4,5,13,2,1,5,5,5,2,16,1,20,2,9,6,1,7,9,1,10,1,11,,13,,1,25,,121.5060825,25.04067939
112,7,19,22,43,2,07信義區,信義區基隆路2段131-12號,0,0,1,1,B02,8,5,5,50,14,9,1,5,4,5,13,4,4,1,4,5,2,17,1,32,3,10,7,1,7,9,1,8,1,6,,107,,1,21,,121.5565637,25.0278833
112,7,19,22,43,2,07信義區,信義區基隆路2段131-12號,0,0,1,2,C03,8,5,5,50,14,9,1,5,4,5,13,4,4,1,4,5,2,17,1,21,2,9,6,1,7,9,1,10,1,14,,44,,1,21,,121.5565637,25.0278833
112,7,19,23,34,2,01大同區,大同區環河北路1段205號,0,0,1,2,C03,7,5,5,50,14,9,1,5,4,5,13,4,4,9,4,5,2,17,1,26,2,9,6,1,7,9,1,10,1,12,,44,,1,21,,121.5082659,25.0565367
112,7,19,23,34,2,01大同區,大同區環河北路1段205號,0,0,1,1,B01,7,5,5,50,14,9,1,5,4,5,13,4,4,9,4,5,2,17,1,54,4,11,3,4,7,10,7,19,11,15,,100,,2,22,,121.5082659,25.0565367
112,7,20,1,7,2,03中山區,中山區錦州街與吉林路口,0,0,1,1,C03,7,5,6,50,4,2,1,5,4,5,13,1,1,5,4,4,2,12,1,69,2,7,6,1,7,1,1,10,1,12,,19,,1,21,,121.5302492,25.06032255
112,7,20,1,7,2,03中山區,中山區錦州街與吉林路口,0,0,1,2,B03,7,5,6,50,4,2,1,5,4,5,13,1,1,5,4,4,2,12,1,41,3,10,7,1,7,9,1,8,1,4,,108,,1,21,,121.5302492,25.06032255
112,7,20,3,12,2,02萬華區,萬華區環河南路1段與內江街口,0,0,2,2,C04,6,7,5,50,4,1,1,4,4,5,13,1,1,4,1,4,2,13,2,60,2,8,5,1,7,14,1,10,1,13,,44,,1,21,,121.5001913,25.04205797
112,7,20,3,12,2,02萬華區,萬華區環河南路1段與內江街口,0,0,2,3,C03,6,7,5,50,4,1,1,4,4,5,13,1,1,4,1,4,2,13,2,29,3,10,5,1,7,14,1,10,1,13,,44,,1,21,,121.5001913,25.04205797
112,7,20,3,12,2,02萬華區,萬華區環河南路1段與內江街口,0,0,2,4,C03,6,7,5,50,4,1,1,4,4,5,13,1,1,4,1,4,2,13,2,32,3,10,5,1,7,14,1,10,1,13,,44,,1,21,,121.5001913,25.04205797
112,7,20,3,12,2,02萬華區,萬華區環河南路1段與內江街口,0,0,2,5,C03,6,7,5,50,4,1,1,4,4,5,13,1,1,4,1,4,2,13,1,28,3,10,5,1,7,14,1,10,1,13,,44,,1,21,,121.5001913,25.04205797
112,7,20,3,12,2,02萬華區,萬華區環河南路1段與內江街口,0,0,2,6,H02,6,7,5,50,4,1,1,4,4,5,13,1,1,4,1,4,2,13,2,28,2,5,5,5,7,20,8,20,10,16,,67,,1,21,,121.5001913,25.04205797
112,7,20,3,12,2,02萬華區,萬華區環河南路1段與內江街口,0,0,2,1,B03,6,7,5,50,4,1,1,4,4,5,13,1,1,4,1,4,2,13,1,28,3,10,7,1,7,9,6,8,1,1,,107,,1,21,,121.5001913,25.04205797
112,7,20,3,22,2,05中正區,中正區和平西路1段與廈門街口口,0,0,1,1,B03,8,5,5,50,4,1,1,5,4,5,13,1,1,3,4,5,2,16,1,29,3,10,3,4,7,5,3,18,1,6,,74,,1,22,,121.5179659,25.0267107
112,7,20,3,22,2,05中正區,中正區和平西路1段與廈門街口口,0,0,1,2,C03,8,5,5,50,4,1,1,5,4,5,13,1,1,3,4,5,2,16,2,22,2,8,5,1,7,9,1,10,1,11,,44,,1,22,,121.5179659,25.0267107
112,7,20,3,40,2,03中山區,中山區長安東路1段與天津街口,0,0,2,1,C03,8,5,5,50,4,1,1,5,4,5,13,1,1,9,5,5,2,16,1,49,2,7,6,1,7,5,1,10,2,11,,74,,1,22,,121.5228188,25.0494951
112,7,20,3,40,2,03中山區,中山區長安東路1段與天津街口,0,0,2,2,C03,8,5,5,50,4,1,1,5,4,5,13,1,1,9,5,5,2,16,1,23,2,8,6,1,7,9,1,10,2,11,,13,,1,22,,121.5228188,25.0494951
112,7,20,4,38,2,09北投區,北投區泉源路與新民路口,0,0,1,1,B03,8,5,5,50,4,2,1,5,4,5,13,3,1,5,5,5,1,10,2,67,3,10,7,1,7,9,1,8,1,8,,118,,1,22,,121.5051071,25.13859961
112,7,20,4,38,2,09北投區,北投區泉源路與新民路口,0,0,1,2,F01,8,5,5,50,4,2,1,5,4,5,13,3,1,5,5,5,1,10,1,64,2,9,4,1,7,9,8,20,1,11,,118,,1,22,,121.5051071,25.13859961
112,7,20,7,21,2,04大安區,大安區敦化南路1段269號,0,0,2,2,C03,8,7,5,50,3,8,2,5,4,5,13,4,4,9,5,5,2,16,1,68,2,9,3,4,7,9,1,10,1,14,,14,,1,22,,121.548164,25.03675082
112,7,20,7,21,2,04大安區,大安區敦化南路1段269號,0,0,2,3,H02,8,7,5,50,3,8,2,5,4,5,13,4,4,9,5,5,2,16,2,14,2,9,3,5,7,20,8,20,10,17,,67,,1,22,,121.548164,25.03675082
112,7,20,7,21,2,04大安區,大安區敦化南路1段269號,0,0,2,1,B03,8,7,5,50,3,8,2,5,4,5,13,4,4,9,5,5,2,16,1,60,3,10,3,4,7,6,1,8,1,5,,9,,1,22,,121.548164,25.03675082
112,7,20,7,32,2,02萬華區,萬華區桂林路與南寧路口,0,0,2,1,C03,8,5,5,50,5,1,1,5,4,5,13,1,1,1,4,5,2,13,2,19,2,8,5,4,7,14,1,10,1,13,,108,,1,22,,121.5064399,25.03733666
112,7,20,7,32,2,02萬華區,萬華區桂林路與南寧路口,0,0,2,2,C03,8,5,5,50,5,1,1,5,4,5,13,1,1,1,4,5,2,13,1,43,2,8,5,4,7,12,1,10,1,11,,44,,1,25,,121.5064399,25.03733666
112,7,20,7,41,2,09北投區,北投區承德路6段與文承路口,0,0,2,1,C03,8,7,5,60,3,1,1,5,4,5,13,1,1,1,4,5,2,13,1,22,2,9,6,1,7,9,1,10,1,11,,108,,1,21,,121.5118175,25.1049494
112,7,20,7,41,2,09北投區,北投區承德路6段與文承路口,0,0,2,2,C03,8,7,5,60,3,1,1,5,4,5,13,1,1,1,4,5,2,13,1,60,2,8,6,1,7,14,1,10,1,13,,44,,1,21,,121.5118175,25.1049494
112,7,20,7,42,2,06松山區,松山區三民路與民生東路5段口,0,0,1,1,B01,8,6,5,50,4,1,1,5,4,5,13,1,1,1,3,5,2,17,1,69,3,10,7,1,7,6,1,4,2,1,,9,,1,21,,121.5628813,25.058931
112,7,20,7,42,2,06松山區,松山區三民路與民生東路5段口,0,0,1,2,F01,8,6,5,50,4,1,1,5,4,5,13,1,1,1,3,5,2,17,1,62,2,9,4,1,7,9,8,20,2,12,,44,,1,21,,121.5628813,25.058931
112,7,20,8,0,2,05中正區,中正區汀州路2段6巷與汀州路2段口,0,0,2,1,C03,8,6,5,50,3,1,1,5,4,5,13,4,4,9,4,5,2,16,1,23,2,9,5,1,7,5,1,10,1,12,,74,,1,21,,121.5157691,25.0257902
112,7,20,8,0,2,05中正區,中正區汀州路2段6巷與汀州路2段口,0,0,2,2,C03,8,6,5,50,3,1,1,5,4,5,13,4,4,9,4,5,2,16,1,33,2,9,5,1,7,9,1,10,1,11,,44,,1,21,,121.5157691,25.0257902
112,7,20,8,6,2,06松山區,松山區敦化北路與南京東路4段口,0,0,2,2,C03,8,7,5,50,4,1,1,5,4,5,13,2,1,1,4,4,2,12,1,23,2,7,5,1,7,9,1,10,1,11,,13,,1,22,,121.5491765,25.05165759
112,7,20,8,6,2,06松山區,松山區敦化北路與南京東路4段口,0,0,2,1,C03,8,7,5,50,4,1,1,5,4,5,13,2,1,1,4,4,2,12,1,52,2,7,6,1,7,7,1,10,1,12,,100,,1,22,,121.5491765,25.05165759
112,7,20,8,16,2,12內湖區,內湖區新豐街與行善路231巷口口,0,0,3,1,B01,8,6,5,30,4,1,1,5,4,5,13,4,4,5,5,5,2,15,1,49,2,1,7,1,7,9,1,4,2,2,,75,,1,21,,121.5832309,25.05980124
112,7,20,8,16,2,12內湖區,內湖區新豐街與行善路231巷口口,0,0,3,3,H02,8,6,5,30,4,1,1,5,4,5,13,4,4,5,5,5,2,15,2,30,2,2,7,5,7,20,8,20,10,16,,67,,1,21,,121.5832309,25.05980124
112,7,20,8,16,2,12內湖區,內湖區新豐街與行善路231巷口口,0,0,3,2,B03,8,6,5,30,4,1,1,5,4,5,13,4,4,5,5,5,2,15,1,28,2,7,7,1,7,9,1,8,2,1,,79,,1,21,,121.5832309,25.05980124
112,7,20,8,29,2,09北投區,北投區大業路527巷與中央北路2段257巷口,0,0,1,2,C03,8,7,5,40,3,1,1,5,4,5,13,1,1,5,5,5,2,16,1,20,2,7,6,1,7,9,1,10,1,14,,13,,1,21,,121.4908541,25.1376588
112,7,20,8,29,2,09北投區,北投區大業路527巷與中央北路2段257巷口,0,0,1,1,B03,8,7,5,40,3,1,1,5,4,5,13,1,1,5,5,5,2,16,1,41,3,10,7,1,7,6,1,8,1,2,,9,,1,21,,121.4908541,25.1376588
112,7,20,8,32,2,10文山區,文山區興隆路1段與興隆路1段202巷口,0,0,2,2,C03,8,6,5,30,3,1,1,5,4,5,13,4,4,10,5,5,2,3,1,40,2,9,6,1,7,9,1,10,2,11,,108,,1,23,,121.5434624,25.00026
112,7,20,8,32,2,10文山區,文山區興隆路1段與興隆路1段202巷口,0,0,2,1,,8,6,5,30,3,1,1,5,4,5,13,4,4,10,5,5,2,3,1,90,2,8,4,5,8,18,8,20,10,16,,121,,1,22,,121.5434624,25.00026
112,7,20,8,37,2,02萬華區,萬華區桂林路156號,0,0,2,1,B01,8,5,5,50,14,7,1,5,4,5,13,4,4,4,3,4,1,17,1,50,3,10,3,4,7,11,1,4,1,3,,10,,1,22,,121.4978776,25.0385036
112,7,20,8,37,2,02萬華區,萬華區桂林路156號,0,0,2,2,C03,8,5,5,50,14,7,1,5,4,5,13,4,4,4,3,4,1,17,1,25,2,9,3,4,7,9,1,10,1,12,,44,,1,22,,121.4978776,25.0385036
112,7,20,8,37,2,02萬華區,萬華區桂林路156號,0,0,2,3,C03,8,5,5,50,14,7,1,5,4,5,13,4,4,4,3,4,1,17,1,40,2,9,3,4,7,9,1,10,1,12,,44,,1,22,,121.4978776,25.0385036
112,7,20,8,56,2,12內湖區,內湖區康寧路3段220號,0,0,1,1,C03,8,7,5,50,14,9,1,5,4,5,13,4,4,1,5,5,2,12,1,74,3,10,5,1,7,7,1,10,1,12,,100,,1,21,,121.6110016,25.0665476
112,7,20,8,56,2,12內湖區,內湖區康寧路3段220號,0,0,1,2,C03,8,7,5,50,14,9,1,5,4,5,13,4,4,1,5,5,2,12,1,57,2,9,5,1,7,9,1,10,1,14,,44,,1,21,,121.6110016,25.0665476
112,7,20,8,56,2,12內湖區,內湖區康寧路3段220號,0,0,1,3,B03,8,7,5,50,14,9,1,5,4,5,13,4,4,1,5,5,2,12,2,41,3,10,7,1,7,14,1,8,1,2,,44,,1,21,,121.6110016,25.0665476
112,7,20,8,57,2,02萬華區,萬華區桂林路與桂林路242巷口,0,0,2,1,C03,8,5,5,50,5,1,1,5,4,5,13,1,1,1,4,5,2,3,2,47,2,9,5,4,7,6,1,10,1,11,,70,,1,22,,121.4962656,25.0387176
112,7,20,8,57,2,02萬華區,萬華區桂林路與桂林路242巷口,0,0,2,2,H01,8,5,5,50,5,1,1,5,4,5,13,1,1,1,4,5,2,3,1,66,2,9,4,5,8,16,8,20,10,16,,121,,1,22,,121.4962656,25.0387176
112,7,20,9,42,2,04大安區,大安區安和路2段與安和路2段32巷口,0,0,1,2,C03,8,7,5,50,4,1,1,5,4,5,13,2,1,1,4,5,1,15,1,38,2,9,6,4,7,9,1,10,1,11,,44,,1,21,,121.5524591,25.0317142
112,7,20,9,42,2,04大安區,大安區安和路2段與安和路2段32巷口,0,0,1,1,B01,8,7,5,50,4,1,1,5,4,5,13,2,1,1,4,5,1,15,1,69,3,10,3,4,7,9,1,4,1,8,,81,,1,21,,121.5524591,25.0317142
112,7,20,9,44,2,07信義區,信義區松仁路(信義路5段126號),0,0,1,1,C03,8,5,5,50,14,9,1,5,4,5,13,2,1,5,4,5,2,12,1,21,4,11,6,1,7,7,3,18,1,12,,100,,1,22,,121.5683924,25.0321732
112,7,20,9,44,2,07信義區,信義區松仁路(信義路5段126號),0,0,1,2,C03,8,5,5,50,14,9,1,5,4,5,13,2,1,5,4,5,2,12,2,21,2,8,6,1,7,9,1,10,1,11,,44,,1,22,,121.5683924,25.0321732
112,7,20,9,46,2,12內湖區,內湖區潭美街與安康路324巷口,0,0,1,2,C03,8,5,5,50,3,2,1,5,4,5,13,4,4,10,5,5,2,17,1,44,2,9,6,1,7,9,1,10,2,11,,14,,1,21,,121.6099084,25.06350952
112,7,20,9,46,2,12內湖區,內湖區潭美街與安康路324巷口,0,0,1,1,B02,8,5,5,50,3,2,1,5,4,5,13,4,4,10,5,5,2,17,1,58,3,10,7,1,7,6,1,8,2,2,,9,,1,21,,121.6099084,25.06350952
112,7,20,9,50,2,01大同區,大同區鄭州路145號,0,0,1,2,B01,8,6,8,40,22,22,1,5,4,5,13,4,4,1,4,5,2,12,1,69,3,10,3,4,7,7,1,4,1,6,,100,,1,21,,121.5093113,25.05044883
112,7,20,9,50,2,01大同區,大同區鄭州路145號,0,0,1,1,C03,8,6,8,40,22,22,1,5,4,5,13,4,4,1,4,5,2,12,2,22,2,9,5,1,7,9,1,10,1,11,,13,,1,25,,121.5093113,25.05044883
112,7,20,9,53,2,05中正區,中正區金華街與寧波東街口口,0,0,1,2,C03,8,6,5,50,4,2,1,5,4,5,13,1,1,10,4,5,1,17,1,45,2,8,6,1,7,8,1,10,1,13,,100,,1,21,,121.5197901,25.03211011
112,7,20,9,53,2,05中正區,中正區金華街與寧波東街口口,0,0,1,3,C03,8,6,5,50,4,2,1,5,4,5,13,1,1,10,4,5,1,17,1,22,3,10,6,1,7,15,1,9,1,13,,44,,1,21,,121.5197901,25.03211011
112,7,20,9,53,2,05中正區,中正區金華街與寧波東街口口,0,0,1,1,B03,8,6,5,50,4,2,1,5,4,5,13,1,1,10,4,5,1,17,1,55,3,10,7,1,7,9,1,6,1,8,,108,,1,21,,121.5197901,25.03211011
112,7,20,10,0,2,08士林區,士林區文林路與小北街口,0,0,1,1,B12,8,5,5,50,4,4,1,5,4,5,13,2,1,5,5,5,2,17,1,42,3,10,7,1,7,9,1,8,1,17,,37,,1,21,,121.5270041,25.090283
112,7,20,10,0,2,08士林區,士林區文林路與小北街口,0,0,1,2,C03,8,5,5,50,4,4,1,5,4,5,13,2,1,5,5,5,2,17,2,35,2,9,6,1,7,9,1,10,1,14,,44,,1,21,,121.5270041,25.090283
112,7,20,10,0,2,12內湖區,內湖區康寧路3段165巷與康寧路3段口,0,0,1,2,C03,8,6,5,50,4,2,1,5,4,5,13,2,1,1,4,4,2,12,1,31,2,9,6,1,7,9,1,10,1,12,,118,,1,21,,121.6113177,25.07048965
112,7,20,10,0,2,12內湖區,內湖區康寧路3段165巷與康寧路3段口,0,0,1,1,B02,8,6,5,50,4,2,1,5,4,5,13,2,1,1,4,4,2,12,1,44,3,10,7,1,7,11,1,8,1,8,,10,,1,21,,121.6113177,25.07048965
112,7,20,10,38,2,11南港區,南港區忠孝東路6段與永吉路口,0,0,1,1,C03,8,7,5,50,5,1,1,5,4,5,13,2,1,1,4,5,1,16,1,34,3,10,5,4,7,6,1,10,1,12,,9,,1,21,,121.5826853,25.0454311
112,7,20,10,38,2,11南港區,南港區忠孝東路6段與永吉路口,0,0,1,2,C03,8,7,5,50,5,1,1,5,4,5,13,2,1,1,4,5,1,16,2,26,2,8,5,4,7,9,3,18,1,11,,13,,1,22,,121.5826853,25.0454311
112,7,20,10,43,2,09北投區,北投區明德路331巷與無名巷口,0,0,2,2,C03,8,7,5,30,4,1,1,5,4,5,13,4,4,10,5,5,2,15,1,43,2,7,6,1,7,9,1,10,1,14,,108,,1,21,,121.5190791,25.1160441
112,7,20,10,43,2,09北投區,北投區明德路331巷與無名巷口,0,0,2,1,C03,8,7,5,30,4,1,1,5,4,5,13,4,4,10,5,5,2,15,1,37,2,9,6,1,7,9,1,9,1,12,,72,,1,21,,121.5190791,25.1160441
112,7,20,10,49,2,04大安區,大安區光復南路420巷與光復南路420巷1弄口,0,0,1,1,C03,8,6,5,30,4,1,1,5,4,5,13,4,4,10,5,5,1,15,2,32,2,9,5,1,7,9,1,10,1,11,,75,,1,21,,121.5568924,25.036472
112,7,20,10,49,2,04大安區,大安區光復南路420巷與光復南路420巷1弄口,0,0,1,2,B03,8,6,5,30,4,1,1,5,4,5,13,4,4,10,5,5,1,15,2,54,3,10,7,1,7,9,1,8,1,8,,80,,1,21,,121.5568924,25.036472
112,7,20,10,51,2,04大安區,大安區延吉街與延吉街253巷口,0,0,2,1,F01,8,6,5,30,4,1,1,5,4,5,13,4,4,9,5,5,2,15,1,15,2,7,2,1,7,9,8,20,1,14,,72,,1,21,,121.5563678,25.0346637
112,7,20,10,51,2,04大安區,大安區延吉街與延吉街253巷口,0,0,2,2,C03,8,6,5,30,4,1,1,5,4,5,13,4,4,9,5,5,2,15,1,18,2,9,6,1,7,9,1,10,1,12,,13,,1,21,,121.5563678,25.0346637
112,7,20,10,53,2,10文山區,文山區興隆路4段145巷與興隆路4段145巷22弄口,0,0,1,1,C03,8,7,5,50,4,1,1,5,4,5,13,4,4,10,5,5,2,15,1,26,2,9,6,1,7,9,1,10,2,12,,72,,1,21,,121.5627439,24.9851834
112,7,20,10,53,2,10文山區,文山區興隆路4段145巷與興隆路4段145巷22弄口,0,0,1,2,B03,8,7,5,50,4,1,1,5,4,5,13,4,4,10,5,5,2,15,1,63,3,10,7,1,7,9,1,8,2,1,,14,,1,21,,121.5627439,24.9851834
112,7,20,11,0,2,04大安區,大安區復興南路1段295巷與復興南路1段口,0,0,1,1,B03,8,6,5,30,4,1,1,5,4,5,13,1,1,1,4,5,1,13,1,30,3,10,7,1,7,6,1,8,1,1,,107,,1,21,,121.5436308,25.0351008
112,7,20,11,0,2,04大安區,大安區復興南路1段295巷與復興南路1段口,0,0,1,2,C03,8,6,5,30,4,1,1,5,4,5,13,1,1,1,4,5,1,13,1,42,2,9,5,1,7,5,1,10,1,13,,44,,1,21,,121.5436308,25.0351008
112,7,20,11,11,2,02萬華區,萬華區中華路2段與中華路2段409巷口,0,0,1,2,B02,8,6,5,50,3,1,1,5,4,5,13,1,1,10,5,5,1,12,1,33,3,10,7,4,7,5,1,8,1,7,,8,,1,22,,121.5081642,25.02583785
112,7,20,11,11,2,02萬華區,萬華區中華路2段與中華路2段409巷口,0,0,1,1,C03,8,6,5,50,3,1,1,5,4,5,13,1,1,10,5,5,1,12,1,40,2,8,6,4,7,9,1,10,1,12,,107,,1,22,,121.5081642,25.02583785
112,7,20,11,13,2,03中山區,中山區北安路與大直街口,0,0,1,1,C03,8,7,5,50,4,1,1,5,4,5,13,2,1,1,4,5,2,16,2,60,2,7,5,4,7,5,3,18,2,14,,96,,1,22,,121.5473091,25.0798823
112,7,20,11,13,2,03中山區,中山區北安路與大直街口,0,0,1,2,B03,8,7,5,50,4,1,1,5,4,5,13,2,1,1,4,5,2,16,1,44,3,10,3,4,7,9,1,8,2,6,,44,,1,22,,121.5473091,25.0798823
112,7,20,11,27,2,04大安區,大安區辛亥路2段與辛亥路2段口迴轉道,0,0,1,2,B03,8,5,5,50,3,2,1,5,4,5,13,3,1,10,4,5,2,12,1,62,3,10,7,1,7,9,1,4,1,4,,13,,1,21,,121.5351505,25.0226564
112,7,20,11,27,2,04大安區,大安區辛亥路2段與辛亥路2段口迴轉道,0,0,1,1,C03,8,5,5,50,3,2,1,5,4,5,13,3,1,10,4,5,2,12,1,49,2,9,6,1,7,6,1,10,1,12,,72,,1,21,,121.5351505,25.0226564
112,7,20,11,58,2,03中山區,中山區民生東路3段與合江街口,0,0,1,2,C03,8,7,5,50,14,9,1,5,4,5,13,2,1,1,3,1,1,12,1,34,2,9,5,1,7,9,1,10,1,11,,108,,1,21,,121.5390396,25.0579739
112,7,20,11,58,2,03中山區,中山區民生東路3段與合江街口,0,0,1,1,B01,8,7,5,50,14,9,1,5,4,5,13,2,1,1,3,1,1,12,1,58,3,10,7,1,7,7,1,4,1,6,,100,,1,21,,121.5390396,25.0579739
112,7,20,12,0,2,06松山區,松山區健康路與三民路口口,0,0,1,1,C03,8,6,5,40,5,1,1,5,4,4,13,2,1,3,4,4,2,13,1,74,2,8,5,4,7,9,1,10,2,11,,44,,1,21,,121.5638679,25.0540716
112,7,20,12,0,2,06松山區,松山區健康路與三民路口口,0,0,1,2,B03,8,6,5,40,5,1,1,5,4,4,13,2,1,3,4,4,2,13,1,43,3,10,3,4,7,7,1,8,2,6,,100,,1,21,,121.5638679,25.0540716
112,7,20,12,50,2,03中山區,中山區民權東路2段146號,0,0,1,1,C03,8,5,5,50,14,9,1,5,4,5,13,4,4,1,4,5,2,13,2,30,2,9,6,1,7,9,1,10,1,11,,108,,1,21,,121.5307574,25.06247572
112,7,20,12,50,2,03中山區,中山區民權東路2段146號,0,0,1,2,B03,8,5,5,50,14,9,1,5,4,5,13,4,4,1,4,5,2,13,1,71,3,10,7,1,7,9,1,8,1,7,,44,,1,21,,121.5307574,25.06247572
112,7,20,12,50,2,03中山區,中山區民權東路1段與中山北路2段口,0,0,1,1,C03,8,7,5,50,4,1,1,5,4,5,13,2,1,1,4,5,2,13,1,23,2,9,6,4,7,9,1,10,1,11,,16,,1,22,,121.5227069,25.0628719
112,7,20,12,50,2,03中山區,中山區民權東路1段與中山北路2段口,0,0,1,2,C03,8,7,5,50,4,1,1,5,4,5,13,2,1,1,4,5,2,13,1,20,3,10,6,4,7,9,1,10,1,13,,44,,1,22,,121.5227069,25.0628719
112,7,20,12,51,2,09北投區,北投區立功街與中央北路4段515巷口,0,0,1,2,B03,8,6,5,50,3,1,1,5,4,5,13,1,1,10,5,5,2,17,2,50,3,10,7,1,7,1,1,8,2,5,,19,,1,21,,121.4700956,25.1261012
112,7,20,12,51,2,09北投區,北投區立功街與中央北路4段515巷口,0,0,1,1,F01,8,6,5,50,3,1,1,5,4,5,13,1,1,10,5,5,2,17,1,49,2,8,4,1,7,1,8,20,2,14,,19,,1,21,,121.4700956,25.1261012
112,7,20,12,52,2,08士林區,士林區重慶北路4段226號,0,0,1,1,B03,8,5,5,50,14,7,1,5,4,5,13,4,4,1,4,4,2,12,2,30,3,10,7,1,7,7,1,8,1,5,,100,,1,22,,121.5113981,25.0856309
112,7,20,12,52,2,08士林區,士林區重慶北路4段226號,0,0,1,2,C03,8,5,5,50,14,7,1,5,4,5,13,4,4,1,4,4,2,12,1,26,2,9,5,1,7,9,1,10,1,14,,44,,1,22,,121.5113981,25.0856309
112,7,20,12,58,2,07信義區,信義區忠孝東路5段666號,0,0,1,1,C03,6,7,5,50,14,9,1,4,4,5,13,4,4,1,4,5,2,18,2,32,2,9,5,1,7,9,1,10,1,12,,42,,1,22,,121.5809173,25.0427961
112,7,20,12,58,2,07信義區,信義區忠孝東路5段666號,0,0,1,2,,6,7,5,50,14,9,1,4,4,5,13,4,4,1,4,5,2,18,3,0,,,,,,,,,1,,,67,,1,,,121.5809173,25.0427961
112,7,20,13,10,2,03中山區,中山區南京東路2段與吉林路口,0,0,2,2,C03,7,6,5,50,4,1,1,5,4,5,13,2,1,5,4,5,2,16,2,43,2,9,6,4,7,5,1,10,1,11,,74,,1,22,,121.5300843,25.052145
112,7,20,13,10,2,03中山區,中山區南京東路2段與吉林路口,0,0,2,1,C03,7,6,5,50,4,1,1,5,4,5,13,2,1,5,4,5,2,16,1,35,2,9,6,4,7,5,1,10,1,12,,44,,1,22,,121.5300843,25.052145