發生年度,發生月,發生日,發生時-Hours,發生分,處理別-編號,區序,肇事地點,死亡人數,2-30日死亡人數,受傷人數,當事人序號,車種,天候,光線,道路類別,速限-速度限制,道路型態,事故位置,路面狀況1,路面狀況2,路面狀況3,道路障礙1,道路障礙2,號誌1,號誌2,車道劃分-分向,車道劃分-分道1,車道劃分-分道2,車道劃分-分道3,事故類型及型態,性別,年齡,受傷程度,主要傷處,保護裝置,行動電話,車輛用途,當事者行動狀態,駕駛資格情形,駕駛執照種類,飲酒情形,車輛撞擊部位1,車輛撞擊部位2,肇因碼-個別,肇因碼-主要,個人肇逃否,職業,旅次目的,座標-X,座標-Y
112,7,20,13,36,2,10文山區,文山區興隆路2段與興隆路2段244巷口,0,0,1,1,B01,8,6,5,50,3,1,1,5,4,5,13,4,4,1,4,5,2,16,1,57,3,10,7,1,7,6,1,4,2,1,,72,,1,21,,121.5538532,25.0010837
112,7,20,13,36,2,10文山區,文山區興隆路2段與興隆路2段244巷口,0,0,1,2,C03,8,6,5,50,3,1,1,5,4,5,13,4,4,1,4,5,2,16,1,43,2,9,6,1,7,9,1,10,2,12,,14,,1,21,,121.5538532,25.0010837
112,7,20,13,47,2,03中山區,中山區樂群一路與基湖路口,0,0,1,1,C03,7,6,5,50,3,1,1,4,4,5,13,2,1,3,4,5,1,17,2,30,2,9,6,4,7,5,1,10,2,14,,8,,1,22,,121.5632267,25.0760828
112,7,20,13,47,2,03中山區,中山區樂群一路與基湖路口,0,0,1,2,B03,7,6,5,50,3,1,1,4,4,5,13,2,1,3,4,5,1,17,1,35,3,10,3,4,7,9,1,8,2,5,,99,,1,22,,121.5632267,25.0760828
112,7,20,14,18,2,08士林區,士林區中正路609號,0,0,1,2,C03,6,5,5,50,14,9,1,4,4,5,13,4,4,1,4,5,2,12,1,63,2,9,6,1,7,9,1,10,1,12,,81,,1,22,,121.5095399,25.08665863
112,7,20,14,18,2,08士林區,士林區中正路609號,0,0,1,1,B03,6,5,5,50,14,9,1,4,4,5,13,4,4,1,4,5,2,12,1,55,3,10,7,1,7,12,1,8,1,7,,44,,1,22,,121.5095399,25.08665863
112,7,20,14,27,2,12內湖區,內湖區內湖路3段126號前,0,0,1,1,C03,8,6,5,30,14,9,1,5,4,5,13,4,4,9,5,5,2,3,2,65,3,10,5,1,7,9,1,10,9,14,,44,,2,21,,121.589985,25.086778
112,7,20,14,27,2,12內湖區,內湖區內湖路3段126號前,0,0,1,2,H01,8,6,5,30,14,9,1,5,4,5,13,4,4,9,5,5,2,3,2,11,2,8,4,5,8,18,8,20,10,16,,121,,1,21,,121.589985,25.086778
112,7,20,14,30,2,05中正區,中正區徐州路台大醫院急診室外,0,0,1,2,H01,8,6,8,40,22,22,1,5,4,5,13,4,4,10,5,5,2,9,1,68,2,7,4,5,8,16,8,20,10,16,,67,,1,21,,121.5203889,25.0413894
112,7,20,14,30,2,05中正區,中正區徐州路台大醫院急診室外,0,0,1,1,B03,8,6,8,40,22,22,1,5,4,5,13,4,4,10,5,5,2,9,1,44,3,10,7,1,7,11,1,8,2,3,,10,,1,21,,121.5203889,25.0413894
112,7,20,14,39,2,04大安區,大安區和平東路2段265巷與和平東路2段口口,0,0,1,1,C03,8,5,5,50,14,9,1,5,4,5,13,4,4,1,4,5,2,16,1,34,3,10,3,4,7,7,1,10,1,14,,100,,1,22,,121.5443207,25.0249451
112,7,20,14,39,2,04大安區,大安區和平東路2段265巷與和平東路2段口口,0,0,1,3,B03,8,5,5,50,14,9,1,5,4,5,13,4,4,1,4,5,2,16,1,35,3,10,3,4,7,14,1,8,1,7,,118,,1,22,,121.5443207,25.0249451
112,7,20,14,39,2,04大安區,大安區和平東路2段265巷與和平東路2段口口,0,0,1,2,C03,8,5,5,50,14,9,1,5,4,5,13,4,4,1,4,5,2,16,2,37,2,8,3,4,7,15,1,10,1,11,,118,,1,22,,121.5443207,25.0249451
112,7,20,14,55,2,09北投區,北投區崇仰一路HYB14電桿旁,0,0,1,2,,6,6,5,50,11,9,1,4,5,5,13,4,4,5,4,5,2,18,3,0,,,,,,,,,,,,128,,1,,,121.5115356,25.1255719
112,7,20,14,55,2,09北投區,北投區崇仰一路HYB14電桿旁,0,0,1,1,C03,6,6,5,50,11,9,1,4,5,5,13,4,4,5,4,5,2,18,1,42,2,9,5,1,7,9,1,10,1,14,,42,,1,21,,121.5115356,25.1255719
112,7,20,15,44,2,07信義區,信義區基隆路2段與光復南路口,0,0,2,1,C03,7,6,5,50,3,2,1,4,4,5,13,2,1,5,5,5,2,13,1,51,2,8,5,1,7,6,1,10,1,12,,9,,1,21,,121.5576652,25.0300649
112,7,20,15,44,2,07信義區,信義區基隆路2段與光復南路口,0,0,2,2,C03,7,6,5,50,3,2,1,4,4,5,13,2,1,5,5,5,2,13,1,22,2,9,5,1,7,9,1,10,1,11,14,108,,1,21,,121.5576652,25.0300649
112,7,20,16,9,2,04大安區,大安區復興南路2段193巷與和平東路2段265巷口,0,0,3,1,C03,6,7,5,30,4,1,1,4,4,3,10,4,4,10,5,5,1,15,2,26,2,9,6,4,7,9,1,10,2,11,,72,,1,21,,121.5440541,25.0265475
112,7,20,16,9,2,04大安區,大安區復興南路2段193巷與和平東路2段265巷口,0,0,3,2,C03,6,7,5,30,4,1,1,4,4,3,10,4,4,10,5,5,1,15,1,83,2,7,6,4,7,9,1,10,2,12,,108,,1,21,,121.5440541,25.0265475
112,7,20,16,9,2,04大安區,大安區復興南路2段193巷與和平東路2段265巷口,0,0,3,3,H02,6,7,5,30,4,1,1,4,4,3,10,4,4,10,5,5,1,15,1,26,2,9,6,5,7,20,8,20,10,16,,67,,1,21,,121.5440541,25.0265475
112,7,20,16,20,2,06松山區,松山區健康路與三民路口,0,0,1,1,C03,6,5,5,50,4,1,1,4,4,5,13,1,1,1,4,5,2,16,2,48,2,9,6,1,7,5,3,18,2,12,,96,,1,22,,121.5638663,25.0542008
112,7,20,16,20,2,06松山區,松山區健康路與三民路口,0,0,1,2,B03,6,5,5,50,4,1,1,4,4,5,13,1,1,1,4,5,2,16,2,29,3,10,7,1,7,9,1,8,2,1,,44,,1,22,,121.5638663,25.0542008
112,7,20,16,30,2,10文山區,文山區萬美街2段與興德路口,0,0,1,2,H01,6,6,5,30,3,1,1,4,4,5,13,1,1,5,4,5,2,9,1,52,3,10,4,5,8,17,8,20,10,16,,122,,1,21,,121.5587949,25.0057521
112,7,20,16,30,2,10文山區,文山區萬美街2段與興德路口,0,0,1,1,C03,6,6,5,30,3,1,1,4,4,5,13,1,1,5,4,5,2,9,2,22,2,9,5,1,7,9,1,10,1,14,,118,,1,22,,121.5587949,25.0057521
112,7,20,16,57,2,04大安區,大安區復興南路2段78巷與瑞安街208巷口,0,0,1,2,B01,8,7,5,30,14,9,1,4,4,5,13,4,4,9,4,5,2,16,1,55,3,10,3,4,7,5,1,4,1,4,,8,,1,22,,121.5405999,25.0311468
112,7,20,16,57,2,04大安區,大安區復興南路2段78巷與瑞安街208巷口,0,0,1,1,C03,8,7,5,30,14,9,1,4,4,5,13,4,4,9,4,5,2,16,1,19,2,7,3,4,7,4,1,10,1,12,,1,,1,22,,121.5405999,25.0311468
112,7,20,17,0,2,07信義區,信義區基隆路汽機車混合地下道南往北,0,0,1,1,C03,6,5,5,30,7,11,1,4,4,5,13,4,4,10,4,5,2,12,1,38,3,10,6,1,7,4,1,10,1,12,,107,,1,21,,121.5619148,25.0365218
112,7,20,17,0,2,07信義區,信義區基隆路汽機車混合地下道南往北,0,0,1,2,C03,6,5,5,30,7,11,1,4,4,5,13,4,4,10,4,5,2,12,2,45,2,8,6,1,7,9,1,10,1,12,,44,,1,21,,121.5619148,25.0365218
112,7,20,17,5,2,12內湖區,內湖區瑞光路423號,0,0,1,1,C03,6,5,5,50,14,18,1,4,4,5,13,3,1,4,4,5,1,3,2,63,3,10,5,1,7,9,1,10,1,11,,70,,1,21,,121.570639,25.07836342
112,7,20,17,5,2,12內湖區,內湖區瑞光路423號,0,0,1,2,H01,6,5,5,50,14,18,1,4,4,5,13,3,1,4,4,5,1,3,2,26,2,7,4,5,8,16,8,20,10,16,,67,,1,21,,121.570639,25.07836342
112,7,20,17,26,2,10文山區,文山區木新路3段與興隆路4段口,0,0,1,2,H01,6,6,5,50,14,9,2,4,4,5,13,2,1,1,4,5,2,9,2,45,2,9,4,5,8,16,8,20,10,16,,67,,1,21,,121.562571,24.98212134
112,7,20,17,26,2,10文山區,文山區木新路3段與興隆路4段口,0,0,1,1,B03,6,6,5,50,14,9,2,4,4,5,13,2,1,1,4,5,2,9,1,23,3,10,3,4,7,5,1,8,2,1,,70,,1,21,,121.562571,24.98212134
112,7,20,17,46,2,04大安區,大安區基隆路4段41巷與基隆路4段41巷68弄口,0,0,1,1,C03,6,7,5,30,3,1,1,4,4,5,13,4,4,9,4,5,2,18,1,64,2,9,3,4,7,21,6,18,1,11,,42,,1,22,,121.5432883,25.0127559
112,7,20,17,46,2,04大安區,大安區基隆路4段41巷與基隆路4段41巷68弄口,0,0,1,2,,6,7,5,30,3,1,1,4,4,5,13,4,4,9,4,5,2,18,3,0,,,,,,,,,10,,,67,,1,,,121.5432883,25.0127559
112,7,20,17,47,2,03中山區,中山區民生東路3段6號,0,0,1,1,B03,6,7,5,50,14,9,1,4,4,5,13,4,4,1,5,5,1,17,1,53,3,10,3,4,7,8,1,8,11,15,,100,,1,21,,121.5374198,25.05778497
112,7,20,17,47,2,03中山區,中山區民生東路3段6號,0,0,1,2,C03,6,7,5,50,14,9,1,4,4,5,13,4,4,1,5,5,1,17,2,21,2,8,3,4,7,9,1,10,1,12,,42,,1,21,,121.5374198,25.05778497
112,7,20,17,47,2,03中山區,中山區民生東路3段6號,0,0,1,3,C03,6,7,5,50,14,9,1,4,4,5,13,4,4,1,5,5,1,17,1,40,3,10,3,4,7,9,1,10,11,17,,44,,1,21,,121.5374198,25.05778497
112,7,20,18,22,2,03中山區,中山區中山北路2段71號,0,0,1,1,B03,6,6,6,50,14,8,1,4,4,5,13,4,4,5,4,5,2,13,2,58,3,10,7,1,7,9,1,8,11,5,,108,,2,21,,121.522953,25.05736884
112,7,20,18,22,2,03中山區,中山區中山北路2段71號,0,0,1,2,C03,6,6,6,50,14,8,1,4,4,5,13,4,4,5,4,5,2,13,2,32,2,8,6,1,7,9,1,10,1,13,12,44,,1,21,,121.522953,25.05736884
112,7,20,18,38,2,04大安區,大安區市民大道3段與安東街口,0,0,1,3,,6,5,5,40,14,9,1,4,4,5,13,2,1,1,4,5,2,13,3,0,,,,,,,,,11,,,131,,1,,,121.5418742,25.0445349
112,7,20,18,38,2,04大安區,大安區市民大道3段與安東街口,0,0,1,1,C02,6,5,5,40,14,9,1,4,4,5,13,2,1,1,4,5,2,13,1,36,2,9,3,4,7,8,1,9,1,11,,42,,1,22,,121.5418742,25.0445349
112,7,20,18,38,2,04大安區,大安區市民大道3段與安東街口,0,0,1,2,B03,6,5,5,40,14,9,1,4,4,5,13,2,1,1,4,5,2,13,2,43,3,10,3,4,7,14,1,8,1,6,,44,,1,22,,121.5418742,25.0445349
112,7,20,19,0,2,03中山區,中山區植福路286巷口弄,0,0,1,1,C03,8,5,5,50,14,9,1,5,4,5,13,1,1,5,4,4,2,13,1,29,2,9,2,4,7,9,3,18,1,11,,108,,1,21,,121.5610664,25.0817394
112,7,20,19,0,2,03中山區,中山區植福路286巷口弄,0,0,1,2,B03,8,5,5,50,14,9,1,5,4,5,13,1,1,5,4,4,2,13,1,41,3,10,3,4,7,14,1,8,1,3,,44,,1,21,,121.5610664,25.0817394
112,7,20,19,11,2,03中山區,中山區民生東路3段49號,0,0,1,2,C03,7,5,5,50,14,9,1,4,4,5,13,4,4,9,4,5,2,12,1,67,2,9,3,4,7,9,1,10,1,11,,44,,1,21,,121.5397964,25.0579518
112,7,20,19,11,2,03中山區,中山區民生東路3段49號,0,0,1,1,B01,7,5,5,50,14,9,1,4,4,5,13,4,4,9,4,5,2,12,1,55,3,10,3,4,7,1,1,4,1,4,,19,,1,21,,121.5397964,25.0579518
112,7,20,19,24,2,09北投區,北投區吉利街280巷與吉利街259巷口,0,0,1,2,C03,6,5,5,30,4,1,1,4,4,5,12,4,4,10,5,5,2,16,1,53,3,10,3,4,7,9,1,10,2,11,,13,,1,26,,121.5106113,25.11810047
112,7,20,19,24,2,09北投區,北投區吉利街280巷與吉利街259巷口,0,0,1,1,C03,6,5,5,30,4,1,1,4,4,5,12,4,4,10,5,5,2,16,1,20,2,7,3,4,7,9,1,10,2,12,,75,,1,25,,121.5106113,25.11810047
112,7,20,20,30,2,03中山區,中山區建國北路1段與建國北路1段88巷口,0,0,2,1,B01,8,5,5,50,4,1,1,5,4,5,13,1,1,1,4,5,2,16,1,66,3,10,7,1,7,1,1,4,2,8,,19,,1,22,,121.5365551,25.0496055
112,7,20,20,30,2,03中山區,中山區建國北路1段與建國北路1段88巷口,0,0,2,2,C03,8,5,5,50,4,1,1,5,4,5,13,1,1,1,4,5,2,16,1,52,2,9,6,1,7,9,1,10,2,11,,44,,1,22,,121.5365551,25.0496055
112,7,20,20,30,2,03中山區,中山區建國北路1段與建國北路1段88巷口,0,0,2,3,H02,8,5,5,50,4,1,1,5,4,5,13,1,1,1,4,5,2,16,1,29,2,1,6,5,7,20,8,20,10,16,,67,,1,22,,121.5365551,25.0496055
112,7,20,21,10,2,07信義區,信義區松信路與永吉路180巷67弄口,0,0,1,1,B03,8,5,5,50,4,1,1,5,4,5,13,1,1,5,5,4,1,17,1,22,3,10,7,1,7,5,1,8,2,6,,74,,1,21,,121.5720065,25.0434782
112,7,20,21,10,2,07信義區,信義區松信路與永吉路180巷67弄口,0,0,1,2,C03,8,5,5,50,4,1,1,5,4,5,13,1,1,5,5,4,1,17,1,24,2,9,5,1,7,9,1,10,2,11,,108,,1,21,,121.5720065,25.0434782
112,7,20,21,11,2,03中山區,中山區中山北路2段59巷與林森北路口,0,0,1,1,B01,8,5,5,50,3,2,1,5,4,5,13,4,4,9,5,5,2,12,1,69,3,10,3,4,7,9,1,4,1,8,,44,,1,22,,121.5254678,25.05586646
112,7,20,21,11,2,03中山區,中山區中山北路2段59巷與林森北路口,0,0,1,2,C03,8,5,5,50,3,2,1,5,4,5,13,4,4,9,5,5,2,12,2,22,2,7,6,1,7,1,1,10,1,12,,19,,1,22,,121.5254678,25.05586646
112,7,20,21,41,2,12內湖區,內湖區康寧路3段46號,0,0,1,1,C03,8,5,5,50,14,9,1,5,4,5,13,4,4,1,4,5,2,12,2,38,2,9,5,1,7,8,1,10,1,14,,100,,1,22,,121.6087699,25.07193994
112,7,20,21,41,2,12內湖區,內湖區康寧路3段46號,0,0,1,2,B02,8,5,5,50,14,9,1,5,4,5,13,4,4,1,4,5,2,12,2,48,3,10,7,1,7,9,1,8,1,5,,44,,1,22,,121.6087699,25.07193994
112,7,20,21,43,2,09北投區,北投區承德路7段384號,0,0,1,1,C03,7,5,5,60,14,9,1,5,4,5,12,4,4,1,4,1,2,12,1,29,3,10,3,4,7,7,1,10,2,13,,100,,1,22,,121.5023012,25.1189876
112,7,20,21,43,2,09北投區,北投區承德路7段384號,0,0,1,2,C03,7,5,5,60,14,9,1,5,4,5,12,4,4,1,4,1,2,12,1,43,2,9,3,4,7,9,1,10,2,14,,44,,1,21,,121.5023012,25.1189876
112,7,20,22,43,2,07信義區,信義區基隆路1段與基隆路1段102巷口口,0,0,1,1,B03,7,6,5,50,3,2,1,5,4,5,13,4,4,9,1,5,2,16,1,22,3,10,3,4,7,7,1,8,1,2,,100,,1,21,,121.5668113,25.0453225
112,7,20,22,43,2,07信義區,信義區基隆路1段與基隆路1段102巷口口,0,0,1,2,C03,7,6,5,50,3,2,1,5,4,5,13,4,4,9,1,5,2,16,1,28,2,8,5,4,7,9,1,10,1,11,14,13,,1,21,,121.5668113,25.0453225
112,7,20,23,23,2,02萬華區,萬華區中興橋下堤外機車道往南,0,0,2,1,C03,8,5,7,40,11,11,1,5,4,5,13,4,4,10,5,5,2,17,1,32,2,9,3,4,7,4,1,10,1,13,,42,,1,21,,121.5007684,25.04417367
112,7,20,23,23,2,02萬華區,萬華區中興橋下堤外機車道往南,0,0,2,2,C03,8,5,7,40,11,11,1,5,4,5,13,4,4,10,5,5,2,17,1,26,2,9,3,4,7,9,1,10,1,11,,13,,1,21,,121.5007684,25.04417367
112,7,20,23,25,2,08士林區,士林區延平北路5段與延平北路5段244巷口,0,0,2,2,C03,7,5,5,50,3,1,1,5,4,5,13,1,1,1,4,5,2,16,1,27,2,9,6,1,7,9,1,10,2,12,,13,,1,22,,121.5099648,25.0840878
112,7,20,23,25,2,08士林區,士林區延平北路5段與延平北路5段244巷口,0,0,2,1,C03,7,5,5,50,3,1,1,5,4,5,13,1,1,1,4,5,2,16,1,19,2,9,5,1,7,1,1,10,2,14,,19,,1,22,,121.5099648,25.0840878
112,7,21,0,13,2,04大安區,大安區忠孝東路3段217巷4弄與忠孝東路3段217巷口,0,0,2,1,B03,8,5,5,30,4,1,1,5,4,5,13,4,4,10,5,5,1,15,1,49,3,10,7,1,7,3,1,8,1,1,,72,,1,21,,121.5397454,25.0428405
112,7,21,0,13,2,04大安區,大安區忠孝東路3段217巷4弄與忠孝東路3段217巷口,0,0,2,3,H02,8,5,5,30,4,1,1,5,4,5,13,4,4,10,5,5,1,15,2,37,2,8,4,5,7,20,8,20,10,16,,67,,1,21,,121.5397454,25.0428405
112,7,21,0,13,2,04大安區,大安區忠孝東路3段217巷4弄與忠孝東路3段217巷口,0,0,2,2,B01,8,5,5,30,4,1,1,5,4,5,13,4,4,10,5,5,1,15,1,56,2,7,7,1,7,9,1,4,1,2,,14,,1,21,,121.5397454,25.0428405
112,7,21,7,0,2,07信義區,信義區和平東路3段697號,0,0,1,1,C03,7,7,5,40,14,9,1,4,4,5,13,4,4,5,4,5,2,18,1,57,2,9,3,1,7,9,1,10,1,12,,44,,1,21,,121.565123,25.01008816
112,7,21,7,0,2,07信義區,信義區和平東路3段697號,0,0,1,2,,7,7,5,40,14,9,1,4,4,5,13,4,4,5,4,5,2,18,3,0,,,,,,,,,,,,67,,1,,,121.565123,25.01008816
112,7,21,7,17,2,09北投區,北投區承德路7段與承德路7段1巷口北往南,0,0,1,1,C03,8,5,5,60,3,2,1,5,4,5,13,1,1,9,4,5,1,12,1,68,3,10,6,1,7,9,3,18,1,11,,108,,1,21,,121.5105378,25.1110301
112,7,21,7,17,2,09北投區,北投區承德路7段與承德路7段1巷口北往南,0,0,1,3,H02,8,5,5,60,3,2,1,5,4,5,13,1,1,9,4,5,1,12,2,39,2,8,6,5,7,20,8,20,10,17,,67,,1,21,,121.5105378,25.1110301
112,7,21,7,17,2,09北投區,北投區承德路7段與承德路7段1巷口北往南,0,0,1,2,C03,8,5,5,60,3,2,1,5,4,5,13,1,1,9,4,5,1,12,1,43,3,10,6,1,7,14,1,10,1,13,,44,,1,21,,121.5105378,25.1110301
112,7,21,7,25,2,03中山區,中山區松江路330巷與吉林路口,0,0,3,1,C03,8,7,5,50,4,1,1,5,4,5,13,1,1,5,4,4,2,17,1,63,2,7,3,4,7,5,1,10,1,11,,74,,1,21,,121.5303167,25.0612081
112,7,21,7,25,2,03中山區,中山區松江路330巷與吉林路口,0,0,3,2,C03,8,7,5,50,4,1,1,5,4,5,13,1,1,5,4,4,2,17,1,67,2,9,3,4,7,9,1,10,1,11,,44,,1,21,,121.5303167,25.0612081
112,7,21,7,25,2,03中山區,中山區松江路330巷與吉林路口,0,0,3,3,H02,8,7,5,50,4,1,1,5,4,5,13,1,1,5,4,4,2,17,2,65,2,8,3,5,7,21,8,20,10,16,,67,,1,22,,121.5303167,25.0612081
112,7,21,7,44,2,02萬華區,萬華區環河南路2段與長順街口,0,0,1,1,C03,8,6,5,50,4,2,1,5,4,5,13,1,1,5,5,5,1,17,1,47,3,10,3,4,7,5,1,10,1,17,,74,,1,22,,121.4907369,25.03135713
112,7,21,7,44,2,02萬華區,萬華區環河南路2段與長順街口,0,0,1,2,C03,8,6,5,50,4,2,1,5,4,5,13,1,1,5,5,5,1,17,1,20,2,8,3,4,7,9,1,9,1,14,,44,,1,22,,121.4907369,25.03135713
112,7,21,7,52,2,11南港區,南港區南港路2段50號38巷,0,0,1,1,B03,8,5,5,50,3,1,1,5,4,5,13,1,1,5,4,5,2,16,1,36,3,10,7,1,7,7,1,8,1,2,,100,,1,21,,121.6049601,25.054115
112,7,21,7,52,2,11南港區,南港區南港路2段50號38巷,0,0,1,2,C03,8,5,5,50,3,1,1,5,4,5,13,1,1,5,4,5,2,16,2,25,2,9,6,1,7,9,1,10,1,11,,44,,1,21,,121.6049601,25.054115
112,7,21,7,59,2,12內湖區,內湖區潭美街588號前,0,0,1,1,C03,8,7,5,40,14,9,1,5,4,5,13,4,4,5,5,5,2,16,1,22,2,9,6,1,7,7,1,10,1,12,,100,,1,21,,121.6000385,25.0607594
112,7,21,7,59,2,12內湖區,內湖區潭美街588號前,0,0,1,2,C03,8,7,5,40,14,9,1,5,4,5,13,4,4,5,5,5,2,16,1,24,3,10,6,1,7,9,1,10,1,11,,44,,1,21,,121.6000385,25.0607594
112,7,21,8,25,2,12內湖區,內湖區東湖路113巷49弄與東湖路113巷口,0,0,1,1,C03,7,6,5,30,4,1,1,5,4,5,13,1,1,5,5,5,2,16,2,56,2,8,5,1,7,5,1,10,1,12,,74,,1,22,,121.6160138,25.07014942
112,7,21,8,25,2,12內湖區,內湖區東湖路113巷49弄與東湖路113巷口,0,0,1,2,B03,7,6,5,30,4,1,1,5,4,5,13,1,1,5,5,5,2,16,2,46,3,10,3,1,7,9,1,8,1,1,,44,,1,22,,121.6160138,25.07014942
112,7,21,8,30,2,08士林區,士林區中山北路5段300號對面,0,0,2,1,C03,8,5,5,40,14,9,1,5,4,5,13,4,4,1,2,5,2,13,1,49,2,9,5,1,7,9,1,10,1,11,,16,,1,21,,121.5273705,25.0880101
112,7,21,8,30,2,08士林區,士林區中山北路5段300號對面,0,0,2,2,C02,8,5,5,40,14,9,1,5,4,5,13,4,4,1,2,5,2,13,1,39,2,9,5,1,7,9,1,9,1,13,,44,,1,21,,121.5273705,25.0880101
112,7,21,8,43,2,12內湖區,內湖區民權東路6段與舊宗路1段口,0,0,2,2,C03,8,6,5,50,5,2,1,5,4,5,13,2,1,1,4,5,2,16,1,26,2,9,6,1,7,9,1,10,2,11,,44,,1,21,,121.5751133,25.06590449
112,7,21,8,43,2,12內湖區,內湖區民權東路6段與舊宗路1段口,0,0,2,1,C03,8,6,5,50,5,2,1,5,4,5,13,2,1,1,4,5,2,16,1,44,2,9,6,1,7,7,1,10,2,13,,100,,1,21,,121.5751133,25.06590449
112,7,21,8,57,2,02萬華區,萬華區環河南路1段61號,0,0,1,1,C03,8,6,5,50,14,9,1,5,4,5,13,4,4,9,4,5,1,17,2,31,2,8,3,4,7,9,1,10,1,11,,16,,1,22,,121.5025132,25.04556642
112,7,21,8,57,2,02萬華區,萬華區環河南路1段61號,0,0,1,2,C03,8,6,5,50,14,9,1,5,4,5,13,4,4,9,4,5,1,17,2,34,3,10,3,4,7,9,1,10,1,13,,44,,1,22,,121.5025132,25.04556642
112,7,21,8,57,2,02萬華區,萬華區環河南路1段61號,0,0,1,3,C03,8,6,5,50,14,9,1,5,4,5,13,4,4,9,4,5,1,17,2,27,3,10,3,4,7,9,1,10,1,11,,44,,1,22,,121.5025132,25.04556642
112,7,21,9,0,2,03中山區,中山區撫順街12號,0,0,1,1,C03,8,7,5,50,14,9,1,5,4,5,13,4,4,10,5,5,2,11,1,58,3,10,6,1,7,9,1,10,1,12,,107,,1,21,,121.5209049,25.0636594
112,7,21,9,0,2,03中山區,中山區撫順街12號,0,0,1,2,C03,8,7,5,50,14,9,1,5,4,5,13,4,4,10,5,5,2,11,1,41,2,9,6,1,7,9,1,10,1,14,,44,,1,21,,121.5209049,25.0636594
112,7,21,9,2,2,04大安區,大安區市民大道4段與延吉街口,0,0,2,1,C03,8,7,5,40,4,1,1,5,4,5,13,2,1,1,4,5,1,16,1,21,2,9,6,4,7,6,1,10,1,12,,9,,1,21,,121.5537301,25.0442676
112,7,21,9,2,2,04大安區,大安區市民大道4段與延吉街口,0,0,2,2,C03,8,7,5,40,4,1,1,5,4,5,13,2,1,1,4,5,1,16,1,28,2,9,6,4,7,9,1,10,1,11,,44,,1,21,,121.5537301,25.0442676
112,7,21,9,8,2,03中山區,中山區德惠街170巷與吉林路393巷口,0,0,1,1,F01,8,7,5,50,4,1,1,5,4,5,13,4,4,9,5,5,2,17,2,63,2,8,4,1,7,5,8,20,1,11,,74,,1,22,,121.5317459,25.0656414
112,7,21,9,8,2,03中山區,中山區德惠街170巷與吉林路393巷口,0,0,1,2,C03,8,7,5,50,4,1,1,5,4,5,13,4,4,9,5,5,2,17,1,54,3,10,5,1,7,9,1,10,1,14,,44,,1,22,,121.5317459,25.0656414
112,7,21,9,10,2,09北投區,北投區崇仁路1段77號,0,0,1,3,C03,8,7,5,50,14,9,1,5,4,5,13,4,4,9,5,5,2,17,1,26,3,10,3,4,7,13,1,10,9,15,,44,,1,21,,121.5015971,25.1261816
112,7,21,9,10,2,09北投區,北投區崇仁路1段77號,0,0,1,1,C03,8,7,5,50,14,9,1,5,4,5,13,4,4,9,5,5,2,17,1,61,2,8,6,1,7,15,1,10,1,15,,42,,1,21,,121.5015971,25.1261816
112,7,21,9,10,2,09北投區,北投區崇仁路1段77號,0,0,1,2,C03,8,7,5,50,14,9,1,5,4,5,13,4,4,9,5,5,2,17,2,52,3,10,3,4,7,13,1,10,9,15,,44,,1,21,,121.5015971,25.1261816
112,7,21,9,14,2,04大安區,大安區信義路4段與安和路2段口,0,0,1,1,C03,8,6,5,50,4,2,1,5,4,5,13,2,2,1,4,5,1,17,1,27,2,9,3,4,7,9,1,10,1,14,,42,,1,21,,121.5522707,25.033302
112,7,21,9,14,2,04大安區,大安區信義路4段與安和路2段口,0,0,1,2,C04,8,6,5,50,4,2,1,5,4,5,13,2,2,1,4,5,1,17,1,34,3,10,3,4,7,8,1,10,1,17,,100,,1,21,,121.5522707,25.033302
112,7,21,9,19,2,12內湖區,內湖區南京東路6段與新明路426巷口,0,0,1,1,F01,8,7,5,0,4,1,1,5,4,5,13,1,1,10,4,5,2,16,2,25,2,9,2,1,7,5,8,20,1,14,,8,,1,21,,121.5792007,25.0555243
112,7,21,9,19,2,12內湖區,內湖區南京東路6段與新明路426巷口,0,0,1,2,B03,8,7,5,0,4,1,1,5,4,5,13,1,1,10,4,5,2,16,1,41,3,10,7,1,7,9,1,8,1,2,,118,,1,21,,121.5792007,25.0555243
112,7,21,9,23,2,09北投區,北投區公館路與公館路423巷口,0,0,1,1,C03,8,5,5,30,3,2,1,5,4,5,13,4,4,9,4,5,1,16,2,22,2,8,6,1,7,5,1,10,2,14,,73,,1,21,,121.5025541,25.1209514
112,7,21,9,23,2,09北投區,北投區公館路與公館路423巷口,0,0,1,2,B12,8,5,5,30,3,2,1,5,4,5,13,4,4,9,4,5,1,16,1,75,3,10,7,1,7,9,1,8,2,2,,44,,1,21,,121.5025541,25.1209514
112,7,21,9,25,2,04大安區,大安區敦化南路1段與市民大道4段口,0,0,1,1,B03,8,7,5,40,4,1,1,5,4,5,13,2,1,1,4,5,1,16,2,34,3,10,3,4,7,6,1,8,1,5,,9,,1,21,,121.5486137,25.0447575
112,7,21,9,25,2,04大安區,大安區敦化南路1段與市民大道4段口,0,0,1,2,C04,8,7,5,40,4,1,1,5,4,5,13,2,1,1,4,5,1,16,2,29,2,9,6,4,7,9,1,10,1,14,,108,,1,21,,121.5486137,25.0447575