發生年度,發生月,發生日,發生時-Hours,發生分,處理別-編號,區序,肇事地點,死亡人數,2-30日死亡人數,受傷人數,當事人序號,車種,天候,光線,道路類別,速限-速度限制,道路型態,事故位置,路面狀況1,路面狀況2,路面狀況3,道路障礙1,道路障礙2,號誌1,號誌2,車道劃分-分向,車道劃分-分道1,車道劃分-分道2,車道劃分-分道3,事故類型及型態,性別,年齡,受傷程度,主要傷處,保護裝置,行動電話,車輛用途,當事者行動狀態,駕駛資格情形,駕駛執照種類,飲酒情形,車輛撞擊部位1,車輛撞擊部位2,肇因碼-個別,肇因碼-主要,個人肇逃否,職業,旅次目的,座標-X,座標-Y
112,7,21,23,30,2,08士林區,士林區福林路與至善路1段口,0,0,1,1,C03,7,5,5,50,4,1,1,5,4,5,13,1,1,5,4,5,2,17,1,23,3,10,5,1,7,5,1,10,1,17,,83,,1,21,,121.5363881,25.09929818
112,7,21,23,30,2,08士林區,士林區福林路與至善路1段口,0,0,1,2,C03,7,5,5,50,4,1,1,5,4,5,13,1,1,5,4,5,2,17,1,20,2,9,5,1,7,9,1,10,1,17,,13,,1,21,,121.5363881,25.09929818
112,7,22,0,23,2,10文山區,文山區指南路3段34巷與指南路口電桿編號指南幹106B7225EB24旁,0,0,1,2,,7,5,5,30,4,2,1,5,4,5,13,4,4,10,5,5,2,18,3,0,,,,,,,,,10,,,67,,1,,,121.5828554,24.96887717
112,7,22,0,23,2,10文山區,文山區指南路3段34巷與指南路口電桿編號指南幹106B7225EB24旁,0,0,1,1,C03,7,5,5,30,4,2,1,5,4,5,13,4,4,10,5,5,2,18,1,19,2,8,5,1,7,9,1,10,1,12,,118,,1,21,,121.5828554,24.96887717
112,7,22,0,48,2,05中正區,中正區中華路2段309巷與中華路2段口,0,0,1,1,B01,6,5,5,50,14,9,1,4,4,5,13,4,4,9,4,4,2,16,1,56,3,10,7,1,7,11,1,4,2,4,,103,,1,21,,121.5054607,25.02845548
112,7,22,0,48,2,05中正區,中正區中華路2段309巷與中華路2段口,0,0,1,2,C03,6,5,5,50,14,9,1,4,4,5,13,4,4,9,4,4,2,16,1,15,2,7,5,1,7,9,2,18,2,11,,108,,1,21,,121.5054607,25.02845548
112,7,22,4,1,2,09北投區,北投區湖底路047號燈桿,0,0,1,2,,6,5,5,30,14,9,1,4,4,5,13,4,4,5,5,5,2,18,3,0,,,,,,,,,,,,67,,1,,,121.5394147,25.1518116
112,7,22,4,1,2,09北投區,北投區湖底路047號燈桿,0,0,1,1,C03,6,5,5,30,14,9,1,4,4,5,13,4,4,5,5,5,2,18,1,24,2,9,6,1,7,9,1,10,9,12,,102,,1,25,,121.5394147,25.1518116
112,7,22,5,34,2,02萬華區,萬華區西園路2段320巷55弄與西園路2段320巷口,0,0,1,1,F02,8,7,5,30,4,2,1,5,4,5,13,4,4,5,5,5,2,17,1,85,2,1,4,1,7,5,8,20,1,12,,74,,1,21,,121.4910424,25.02744587
112,7,22,5,34,2,02萬華區,萬華區西園路2段320巷55弄與西園路2段320巷口,0,0,1,2,B03,8,7,5,30,4,2,1,5,4,5,13,4,4,5,5,5,2,17,1,59,3,10,7,1,7,9,1,8,1,7,,44,,1,21,,121.4910424,25.02744587
112,7,22,6,51,2,01大同區,大同區南京西路與南京西路262巷口,0,0,2,1,C03,8,6,5,50,5,1,1,5,4,5,13,1,1,1,5,5,2,16,1,21,2,9,6,1,7,11,1,10,1,14,,98,,1,21,,121.5150929,25.0538476
112,7,22,6,51,2,01大同區,大同區南京西路與南京西路262巷口,0,0,2,2,C03,8,6,5,50,5,1,1,5,4,5,13,1,1,1,5,5,2,16,1,27,2,9,6,1,7,9,1,10,1,11,,108,,1,21,,121.5150929,25.0538476
112,7,22,7,22,2,03中山區,中山區中山北路3段25號,0,0,1,1,B01,8,7,5,50,14,9,1,5,4,5,13,4,4,1,4,5,2,17,1,47,3,10,7,1,7,7,1,4,1,6,,100,,1,21,,121.5225478,25.0669033
112,7,22,7,22,2,03中山區,中山區中山北路3段25號,0,0,1,2,C03,8,7,5,50,14,9,1,5,4,5,13,4,4,1,4,5,2,17,1,54,2,9,6,1,7,9,1,10,1,14,,44,,1,21,,121.5225478,25.0669033
112,7,22,7,22,2,08士林區,百齡橋010燈桿前,0,0,3,4,F01,8,7,5,50,14,11,1,5,4,5,13,4,4,1,4,5,2,12,2,74,2,7,6,1,7,9,8,20,1,14,,44,,1,21,,121.5132977,25.08900001
112,7,22,7,22,2,08士林區,百齡橋010燈桿前,0,0,3,3,C03,8,7,5,50,14,11,1,5,4,5,13,4,4,1,4,5,2,12,1,18,2,9,6,1,7,10,1,10,1,11,,44,,1,21,,121.5132977,25.08900001
112,7,22,7,22,2,08士林區,百齡橋010燈桿前,0,0,3,2,C03,8,7,5,50,14,11,1,5,4,5,13,4,4,1,4,5,2,12,1,25,2,7,6,1,7,9,1,10,1,12,,107,,1,21,,121.5132977,25.08900001
112,7,22,7,22,2,08士林區,百齡橋010燈桿前,0,0,3,1,C03,8,7,5,50,14,11,1,5,4,5,13,4,4,1,4,5,2,12,1,52,4,11,6,1,7,9,7,19,11,11,,118,,2,22,,121.5132977,25.08900001
112,7,22,8,10,2,02萬華區,萬華區和平西路3段與南寧路口,0,0,1,2,C03,8,5,5,50,14,9,1,5,4,5,13,2,1,1,3,5,1,16,2,66,2,8,3,4,7,10,1,10,2,14,,100,,1,22,,121.5029616,25.035123
112,7,22,8,10,2,02萬華區,萬華區和平西路3段與南寧路口,0,0,1,1,B03,8,5,5,50,14,9,1,5,4,5,13,2,1,1,3,5,1,16,2,43,3,10,3,4,7,6,1,8,2,2,,9,,2,22,,121.5029616,25.035123
112,7,22,8,26,2,08士林區,士林區天母西路62巷與天母西路62巷口,0,0,1,1,B03,8,5,5,30,3,1,1,5,4,5,13,4,4,10,5,5,2,17,1,59,3,10,7,1,7,6,1,8,1,5,,9,,1,21,,121.5240141,25.1180902
112,7,22,8,26,2,08士林區,士林區天母西路62巷與天母西路62巷口,0,0,1,2,C03,8,5,5,30,3,1,1,5,4,5,13,4,4,10,5,5,2,17,2,55,2,9,5,1,7,9,1,10,1,14,,44,,1,21,,121.5240141,25.1180902
112,7,22,8,26,2,04大安區,大安區通化街38巷與通安街口,0,0,1,2,B01,8,7,5,30,4,1,1,5,4,5,13,2,2,10,5,5,2,15,1,65,3,10,3,4,7,9,1,4,1,1,,44,,1,21,,121.5532763,25.0309283
112,7,22,8,26,2,04大安區,大安區通化街38巷與通安街口,0,0,1,1,C03,8,7,5,30,4,1,1,5,4,5,13,2,2,10,5,5,2,15,2,61,2,9,5,4,7,9,1,10,1,12,,107,,1,22,,121.5532763,25.0309283
112,7,22,8,58,2,03中山區,中山區松江路與南京東路2段口,0,0,1,1,B01,8,5,5,40,4,1,1,5,4,5,13,1,1,1,3,4,1,13,1,64,3,10,7,1,7,1,1,3,2,8,,108,,1,21,,121.5335268,25.052145
112,7,22,8,58,2,03中山區,中山區松江路與南京東路2段口,0,0,1,2,C03,8,5,5,40,4,1,1,5,4,5,13,1,1,1,3,4,1,13,1,42,2,8,6,1,7,14,1,10,2,13,,44,,1,21,,121.5335268,25.052145
112,7,22,9,6,2,01大同區,大同區承德路2段與南京西路口,0,0,1,2,C04,7,6,5,50,4,2,1,5,4,5,13,2,1,1,4,5,2,17,2,42,2,9,5,1,7,9,1,11,1,11,,99,,1,21,,121.5178283,25.05342065
112,7,22,9,6,2,01大同區,大同區承德路2段與南京西路口,0,0,1,1,C03,7,6,5,50,4,2,1,5,4,5,13,2,1,1,4,5,2,17,1,51,3,10,5,1,7,7,1,10,1,12,,100,,1,21,,121.5178283,25.05342065
112,7,22,9,47,2,04大安區,大安區和平東路2段46巷與和平東路2段口,0,0,1,2,C03,8,7,5,50,14,8,1,5,4,5,13,4,4,1,4,4,2,16,1,37,2,9,3,4,7,9,1,10,1,11,,108,,1,22,,121.5381708,25.0254635
112,7,22,9,47,2,04大安區,大安區和平東路2段46巷與和平東路2段口,0,0,1,1,B03,8,7,5,50,14,8,1,5,4,5,13,4,4,1,4,4,2,16,1,46,3,10,3,4,7,6,1,8,1,2,,9,,1,22,,121.5381708,25.0254635
112,7,22,9,56,2,04大安區,大安區和平東路3段與和平東路3段530巷口,0,0,1,1,C03,8,7,5,40,14,9,1,5,4,5,13,2,1,4,3,5,1,13,1,37,3,10,5,1,7,9,1,10,1,11,,107,,1,22,,121.5611267,25.0154845
112,7,22,9,56,2,04大安區,大安區和平東路3段與和平東路3段530巷口,0,0,1,2,C03,8,7,5,40,14,9,1,5,4,5,13,2,1,4,3,5,1,13,1,67,2,9,5,1,7,14,1,10,1,13,,118,,1,21,,121.5611267,25.0154845
112,7,22,9,59,2,05中正區,中正區金山南路1段與臨沂街6巷口,0,0,1,1,C03,8,6,5,50,4,1,1,5,4,5,13,4,4,10,5,5,1,12,1,40,2,9,6,1,7,9,1,10,2,12,,14,,1,22,,121.529789,25.042573
112,7,22,9,59,2,05中正區,中正區金山南路1段與臨沂街6巷口,0,0,1,2,B12,8,6,5,50,4,1,1,5,4,5,13,4,4,10,5,5,1,12,1,55,3,10,7,1,7,5,1,8,2,4,,8,,1,22,,121.529789,25.042573
112,7,22,10,35,2,09北投區,北投區自強街127號,0,0,1,2,G06,7,7,5,30,14,9,1,5,4,5,13,4,4,10,5,5,2,1,2,74,3,10,4,4,7,9,7,19,1,16,,77,,1,21,,121.5157931,25.1110485
112,7,22,10,35,2,09北投區,北投區自強街127號,0,0,1,1,C03,7,7,5,30,14,9,1,5,4,5,13,4,4,10,5,5,2,1,2,66,2,8,6,1,7,15,1,10,1,17,12,44,,1,21,,121.5157931,25.1110485
112,7,22,10,36,2,05中正區,中正區信義路2段與信義路2段79巷口,0,0,2,1,H01,9,6,5,0,3,2,1,5,4,5,10,4,4,5,4,5,2,3,1,49,2,1,4,5,8,18,8,20,10,16,,121,,1,22,,121.5264699,25.03450288
112,7,22,10,36,2,05中正區,中正區信義路2段與信義路2段79巷口,0,0,2,2,B03,9,6,5,0,3,2,1,5,4,5,10,4,4,5,4,5,2,3,1,76,2,3,7,4,7,9,1,8,2,5,,44,,1,22,,121.5264699,25.03450288
112,7,22,10,45,2,10文山區,文山區興順街與興順街80巷口,0,0,1,1,C03,8,6,5,50,5,1,1,5,4,5,13,2,1,5,5,5,2,17,1,64,3,10,5,1,7,5,1,10,2,17,,44,,2,21,,121.5449402,25.0011269
112,7,22,10,45,2,10文山區,文山區興順街與興順街80巷口,0,0,1,2,F01,8,6,5,50,5,1,1,5,4,5,13,2,1,5,5,5,2,17,2,76,2,9,4,1,7,5,8,20,2,14,,2,,1,21,,121.5449402,25.0011269
112,7,22,10,59,2,07信義區,信義區基隆路1段37巷與永吉路127巷11弄口,0,0,1,2,C03,8,6,5,30,4,1,1,5,4,5,13,4,4,10,5,5,2,15,1,25,2,8,5,1,7,9,1,10,1,12,,14,,1,22,,121.5688503,25.0462718
112,7,22,10,59,2,07信義區,信義區基隆路1段37巷與永吉路127巷11弄口,0,0,1,1,B03,8,6,5,30,4,1,1,5,4,5,13,4,4,10,5,5,2,15,1,24,3,10,3,4,7,9,1,8,1,8,,72,,1,22,,121.5688503,25.0462718
112,7,22,11,0,2,03中山區,中山區建國北路2段與建國北路2段口188號前迴轉道,0,0,1,2,C03,8,7,5,50,3,1,1,5,4,5,13,1,1,1,4,5,2,16,1,26,2,9,6,1,7,9,1,10,1,12,,44,,1,21,,121.5369344,25.0597297
112,7,22,11,0,2,03中山區,中山區建國北路2段與建國北路2段口188號前迴轉道,0,0,1,1,B03,8,7,5,50,3,1,1,5,4,5,13,1,1,1,4,5,2,16,1,43,3,10,7,1,7,5,1,8,1,8,,8,,1,21,,121.5369344,25.0597297
112,7,22,11,5,2,02萬華區,萬華區桂林路133號,0,0,1,2,C03,8,5,5,50,14,9,1,5,4,5,13,1,1,9,4,5,2,17,1,77,2,9,5,1,7,9,1,10,1,11,,44,,1,22,,121.5000076,25.0384986
112,7,22,11,5,2,02萬華區,萬華區桂林路133號,0,0,1,1,B03,8,5,5,50,14,9,1,5,4,5,13,1,1,9,4,5,2,17,1,55,3,10,7,4,7,7,1,8,1,6,,100,,1,22,,121.5000076,25.0384986
112,7,22,11,20,2,10文山區,文山區木新路2段與木新路2段69巷口,0,0,1,2,C03,8,6,5,30,5,1,1,5,4,5,13,4,4,5,4,5,2,17,1,21,2,9,3,4,7,9,1,10,1,12,,42,,1,22,,121.5706642,24.9857497
112,7,22,11,20,2,10文山區,文山區木新路2段與木新路2段69巷口,0,0,1,1,F01,8,6,5,30,5,1,1,5,4,5,13,4,4,5,4,5,2,17,1,77,3,10,4,4,7,9,8,20,1,17,,73,,1,22,,121.5706642,24.9857497
112,7,22,11,33,2,08士林區,士林區故宮路與力行街口,0,0,2,3,H02,8,7,5,50,3,1,1,5,4,5,13,4,4,1,4,5,2,17,2,34,2,9,6,5,7,17,8,20,10,16,,67,,1,21,,121.5485007,25.0958708
112,7,22,11,33,2,08士林區,士林區故宮路與力行街口,0,0,2,2,C03,8,7,5,50,3,1,1,5,4,5,13,4,4,1,4,5,2,17,1,35,2,9,6,1,7,9,1,10,1,14,,44,,1,21,,121.5485007,25.0958708
112,7,22,11,33,2,08士林區,士林區故宮路與力行街口,0,0,2,1,B03,8,7,5,50,3,1,1,5,4,5,13,4,4,1,4,5,2,17,1,47,4,11,3,4,7,7,7,19,11,15,,99,,2,22,,121.5485007,25.0958708
112,7,22,11,58,2,04大安區,大安區信義路3段與新生南路2段口,0,0,1,2,B03,8,7,5,50,4,1,1,5,4,5,13,2,1,1,4,5,2,16,2,73,2,5,7,1,7,9,1,8,1,6,,44,,1,21,,121.5327881,25.0336773
112,7,22,11,58,2,04大安區,大安區信義路3段與新生南路2段口,0,0,1,1,B03,8,7,5,50,4,1,1,5,4,5,13,2,1,1,4,5,2,16,1,26,3,10,7,1,7,5,1,8,1,8,,98,,1,21,,121.5327881,25.0336773
112,7,22,12,13,2,10文山區,文山區木柵路4段與木柵路4段9巷口,0,0,1,1,C03,8,6,5,50,3,2,1,5,4,5,13,2,1,5,2,5,2,13,2,54,2,8,5,4,7,7,1,10,1,12,,107,,1,21,,121.571261,24.9926118
112,7,22,12,13,2,10文山區,文山區木柵路4段與木柵路4段9巷口,0,0,1,2,B03,8,6,5,50,3,2,1,5,4,5,13,2,1,5,2,5,2,13,2,64,3,10,3,4,7,3,1,8,1,3,,44,,1,21,,121.571261,24.9926118
112,7,22,12,14,2,04大安區,大安區和平東路2段與和平東路2段107巷口,0,0,1,1,B01,8,6,5,50,3,1,1,5,4,5,13,1,1,1,5,5,1,16,1,65,3,10,7,1,7,5,1,4,1,2,,83,,1,21,,121.5402848,25.0254077
112,7,22,12,14,2,04大安區,大安區和平東路2段與和平東路2段107巷口,0,0,1,2,C03,8,6,5,50,3,1,1,5,4,5,13,1,1,1,5,5,1,16,2,28,2,9,5,1,7,9,1,10,1,11,,44,,1,21,,121.5402848,25.0254077
112,7,22,12,50,2,03中山區,中山區松江路與南京東路2段口,0,0,1,1,B03,7,6,5,50,4,2,1,5,4,5,13,2,1,3,4,4,2,16,1,55,3,10,3,4,7,5,1,8,2,6,,74,,1,22,,121.5331474,25.0521477
112,7,22,12,50,2,03中山區,中山區松江路與南京東路2段口,0,0,1,2,C03,7,6,5,50,4,2,1,5,4,5,13,2,1,3,4,4,2,16,2,20,2,9,6,4,7,9,1,10,2,11,,44,,1,22,,121.5331474,25.0521477
112,7,22,13,55,2,09北投區,北投區崗山路8巷與崗山路口口,0,0,2,1,C03,8,5,5,30,4,1,1,5,4,5,13,4,4,10,5,5,2,15,1,57,2,9,5,1,7,9,1,10,1,11,,14,,2,21,,121.4868081,25.14028939
112,7,22,13,55,2,09北投區,北投區崗山路8巷與崗山路口口,0,0,2,2,C03,8,5,5,30,4,1,1,5,4,5,13,4,4,10,5,5,2,15,1,41,2,9,5,1,7,9,1,10,1,12,,75,,1,21,,121.4868081,25.14028939
112,7,22,14,26,2,04大安區,大安區和平東路2段95號,0,0,1,3,C03,8,6,5,50,14,9,1,5,4,5,13,4,4,8,3,5,2,17,2,28,3,10,3,4,7,9,1,10,1,17,,44,,1,21,,121.5399958,25.0254276
112,7,22,14,26,2,04大安區,大安區和平東路2段95號,0,0,1,1,C03,8,6,5,50,14,9,1,5,4,5,13,4,4,8,3,5,2,17,1,20,2,9,6,1,7,9,1,10,1,11,,118,,1,21,,121.5399958,25.0254276
112,7,22,14,26,2,04大安區,大安區和平東路2段95號,0,0,1,2,B12,8,6,5,50,14,9,1,5,4,5,13,4,4,8,3,5,2,17,1,47,3,10,3,4,7,15,1,8,9,3,,44,,1,21,,121.5399958,25.0254276
112,7,22,14,26,2,04大安區,大安區和平東路2段95號,0,0,1,4,B03,8,6,5,50,14,9,1,5,4,5,13,4,4,8,3,5,2,17,4,0,4,11,3,4,7,21,7,19,9,17,,119,,2,22,,121.5399958,25.0254276
112,7,22,14,42,2,05中正區,中正區市民大道3段8號前,0,0,1,1,B03,8,6,5,40,14,9,1,5,4,5,13,4,4,4,4,5,1,17,1,21,3,10,7,1,7,8,1,8,2,4,,100,,1,22,,121.5317128,25.0456245
112,7,22,14,42,2,05中正區,中正區市民大道3段8號前,0,0,1,2,C03,8,6,5,40,14,9,1,5,4,5,13,4,4,4,4,5,1,17,2,22,2,9,6,1,7,9,1,10,2,12,,44,,1,22,,121.5317128,25.0456245
112,7,22,14,46,2,12內湖區,內湖區康寧路3段165巷6號對面,0,0,1,1,B03,8,6,5,30,14,9,1,5,4,5,13,4,4,10,5,5,2,11,1,26,3,10,7,1,7,9,1,8,1,8,,108,,1,21,,121.6116037,25.07076392
112,7,22,14,46,2,12內湖區,內湖區康寧路3段165巷6號對面,0,0,1,2,C03,8,6,5,30,14,9,1,5,4,5,13,4,4,10,5,5,2,11,1,25,2,9,5,1,7,9,1,9,1,14,,13,,1,21,,121.6116037,25.07076392
112,7,22,15,5,2,09北投區,北投區明德路與振華街口,0,0,1,2,C03,6,7,5,50,4,2,1,4,4,5,13,1,1,5,5,5,2,16,2,49,3,10,5,1,7,6,1,10,1,12,,44,,1,22,,121.5201464,25.1156469
112,7,22,15,5,2,09北投區,北投區明德路與振華街口,0,0,1,1,F01,6,7,5,50,4,2,1,4,4,5,13,1,1,5,5,5,2,16,2,67,2,9,2,1,7,15,8,20,1,14,,118,,1,22,,121.5201464,25.1156469
112,7,22,15,7,2,06松山區,松山區南京東路3段與復興北路口,0,0,1,1,B12,6,6,5,50,4,1,1,4,4,5,13,1,1,1,4,4,2,13,1,24,3,10,7,1,7,9,1,8,1,1,,108,,1,21,,121.5441558,25.05190798
112,7,22,15,7,2,06松山區,松山區南京東路3段與復興北路口,0,0,1,2,B01,6,6,5,50,4,1,1,4,4,5,13,1,1,1,4,4,2,13,1,31,2,9,7,1,7,12,1,4,1,3,,44,,1,22,,121.5441558,25.05190798
112,7,22,15,8,2,11南港區,南港區富康街59號,0,0,1,1,B03,8,7,5,30,14,9,1,5,4,5,13,4,4,9,5,5,2,17,2,27,3,10,3,4,7,8,1,8,1,8,,100,,1,22,,121.6174078,25.0522476
112,7,22,15,8,2,11南港區,南港區富康街59號,0,0,1,2,C03,8,7,5,30,14,9,1,5,4,5,13,4,4,9,5,5,2,17,1,23,2,7,6,1,7,10,1,10,1,12,,108,,1,22,,121.6174078,25.0522476
112,7,22,15,20,2,10文山區,文山區羅斯福路6段與育英街口,0,0,1,1,B02,8,6,5,30,4,2,1,5,4,5,13,2,1,9,5,5,2,12,1,23,3,10,7,1,7,5,1,8,1,2,,17,,1,21,,121.5395623,24.9904364
112,7,22,15,20,2,10文山區,文山區羅斯福路6段與育英街口,0,0,1,2,C03,8,6,5,30,4,2,1,5,4,5,13,2,1,9,5,5,2,12,1,62,2,9,5,1,7,5,1,10,1,14,,17,,1,21,,121.5395623,24.9904364
112,7,22,15,26,2,01大同區,大同區延平北路3段18巷與民權西路245巷口,0,0,2,1,C03,6,6,5,30,4,1,1,4,4,5,13,4,4,10,5,5,2,13,1,53,2,7,5,1,7,9,1,10,1,11,,16,,1,21,,121.5103673,25.063947
112,7,22,15,26,2,01大同區,大同區延平北路3段18巷與民權西路245巷口,0,0,2,2,C03,6,6,5,30,4,1,1,4,4,5,13,4,4,10,5,5,2,13,2,47,2,9,5,1,7,9,1,10,1,13,,44,,1,21,,121.5103673,25.063947
112,7,22,15,49,2,02萬華區,萬華區艋舺大道與和平西路3段口,0,0,1,1,B03,6,7,5,50,4,1,1,4,4,5,13,1,1,1,3,4,2,16,1,76,3,10,7,1,7,6,1,8,1,2,,9,,1,21,,121.5047245,25.0340587
112,7,22,15,49,2,02萬華區,萬華區艋舺大道與和平西路3段口,0,0,1,2,C03,6,7,5,50,4,1,1,4,4,5,13,1,1,1,3,4,2,16,1,38,2,9,5,1,7,9,1,10,1,14,,13,,1,21,,121.5047245,25.0340587
112,7,22,16,0,2,01大同區,大同區民權西路與延平北路3段口口,0,0,1,1,B03,6,6,5,50,4,1,1,4,4,5,13,2,1,8,3,5,2,17,1,57,3,10,3,4,7,11,1,8,11,17,,103,,2,21,,121.5112869,25.06296508
112,7,22,16,0,2,01大同區,大同區民權西路與延平北路3段口口,0,0,1,2,C03,6,6,5,50,4,1,1,4,4,5,13,2,1,8,3,5,2,17,2,24,2,9,6,1,7,9,1,10,1,17,,13,,1,21,,121.5112869,25.06296508
112,7,22,16,34,2,10文山區,文山區羅斯福路6段與景華街口,0,0,1,1,B03,6,6,5,50,4,1,1,4,4,5,13,2,1,1,4,5,2,17,1,36,3,10,7,1,7,5,1,8,1,1,,74,,1,21,,121.5412659,24.9949389
112,7,22,16,34,2,10文山區,文山區羅斯福路6段與景華街口,0,0,1,2,C03,6,6,5,50,4,1,1,4,4,5,13,2,1,1,4,5,2,17,1,20,2,9,6,1,7,9,1,10,1,12,,44,,1,21,,121.5412659,24.9949389
112,7,22,16,38,2,07信義區,信義區忠孝東路4段560號,0,0,1,1,B03,8,6,5,50,14,9,1,5,4,5,13,4,4,1,4,1,2,12,1,38,3,10,7,1,7,7,1,8,1,2,,100,,1,21,,121.5639408,25.0410901
112,7,22,16,38,2,07信義區,信義區忠孝東路4段560號,0,0,1,2,C03,8,6,5,50,14,9,1,5,4,5,13,4,4,1,4,1,2,12,1,37,2,9,5,1,7,10,1,10,1,14,,44,,1,21,,121.5639408,25.0410901
112,7,22,16,42,2,05中正區,中正區汀州路3段與汀州路3段160巷口,0,0,1,1,B03,7,7,5,30,4,1,1,4,4,5,13,2,1,8,4,5,2,1,1,30,3,10,3,4,7,6,1,8,1,1,,70,,1,21,,121.5341741,25.0132917
112,7,22,16,42,2,05中正區,中正區汀州路3段與汀州路3段160巷口,0,0,1,2,H01,7,7,5,30,4,1,1,4,4,5,13,2,1,8,4,5,2,1,2,35,2,8,4,5,8,16,8,20,10,16,,67,,1,21,,121.5341741,25.0132917
112,7,22,16,50,2,02萬華區,萬華區桂林路與柳州街口,0,0,2,1,C03,6,7,5,50,4,2,1,4,4,5,13,1,1,4,4,5,2,17,2,23,2,9,6,1,7,9,1,10,1,12,,118,,1,22,,121.5051655,25.0377546
112,7,22,16,50,2,02萬華區,萬華區桂林路與柳州街口,0,0,2,2,B03,6,7,5,50,4,2,1,4,4,5,13,1,1,4,4,5,2,17,1,32,3,10,7,1,7,12,1,8,1,4,,118,,1,22,,121.5051655,25.0377546
112,7,22,16,50,2,02萬華區,萬華區桂林路與柳州街口,0,0,2,3,H02,6,7,5,50,4,2,1,4,4,5,13,1,1,4,4,5,2,17,2,24,2,8,4,5,7,20,8,20,10,16,,67,,1,22,,121.5051655,25.0377546
112,7,22,16,50,2,02萬華區,萬華區桂林路與柳州街口,0,0,2,4,,6,7,5,50,4,2,1,4,4,5,13,1,1,4,4,5,2,17,4,0,,,,,,,,,,,,119,,2,,,121.5051655,25.0377546
112,7,22,17,9,2,03中山區,中山區中山北路2段44巷與中山北路2段46巷口,0,0,2,3,H02,6,6,5,30,4,1,1,4,4,5,13,4,4,10,5,5,2,16,1,28,2,9,5,5,7,17,8,20,10,16,,67,,1,21,,121.5216822,25.05506138
112,7,22,17,9,2,03中山區,中山區中山北路2段44巷與中山北路2段46巷口,0,0,2,1,C03,6,6,5,30,4,1,1,4,4,5,13,4,4,10,5,5,2,16,1,31,2,9,6,1,7,5,1,10,1,13,,74,,1,22,,121.5216822,25.05506138
112,7,22,17,9,2,03中山區,中山區中山北路2段44巷與中山北路2段46巷口,0,0,2,2,B01,6,6,5,30,4,1,1,4,4,5,13,4,4,10,5,5,2,16,1,51,3,10,3,4,7,9,1,4,1,8,,80,,1,22,,121.5216822,25.05506138
112,7,22,17,21,2,08士林區,士林區雨農路22號與雨農路21巷口,0,0,2,2,C03,6,7,5,30,3,2,1,4,4,5,13,4,4,3,5,5,1,17,1,51,2,9,5,1,7,9,1,10,1,14,,44,,1,21,,121.5322804,25.098716
112,7,22,17,21,2,08士林區,士林區雨農路22號與雨農路21巷口,0,0,2,3,H02,6,7,5,30,3,2,1,4,4,5,13,4,4,3,5,5,1,17,2,45,2,9,5,5,7,20,8,20,10,16,,67,,1,21,,121.5322804,25.098716
112,7,22,17,21,2,08士林區,士林區雨農路22號與雨農路21巷口,0,0,2,1,B03,6,7,5,30,3,2,1,4,4,5,13,4,4,3,5,5,1,17,1,32,3,10,7,1,7,9,1,8,1,1,,72,,1,21,,121.5322804,25.098716
112,7,22,18,5,2,04大安區,大安區建國南路1段266號,0,0,2,1,C03,8,6,5,50,14,9,1,4,4,5,13,2,1,10,5,5,2,17,2,19,2,8,6,1,7,12,1,10,1,11,,44,,1,22,,121.5372517,25.0365443
112,7,22,18,5,2,04大安區,大安區建國南路1段266號,0,0,2,2,C03,8,6,5,50,14,9,1,4,4,5,13,2,1,10,5,5,2,17,1,49,2,8,6,1,7,7,1,10,1,13,,100,,1,21,,121.5372517,25.0365443
112,7,22,18,8,2,01大同區,大同區延平北路4段與敦煌路口,0,0,1,2,B02,7,6,5,50,4,1,1,4,4,5,13,2,1,5,4,5,1,17,1,34,3,10,3,4,7,6,1,8,1,6,,9,,1,22,,121.512045,25.0765615
112,7,22,18,8,2,01大同區,大同區延平北路4段與敦煌路口,0,0,1,1,C03,7,6,5,50,4,1,1,4,4,5,13,2,1,5,4,5,1,17,2,17,2,7,6,4,7,9,2,18,1,11,,13,,1,22,,121.512045,25.0765615
112,7,22,18,12,2,02萬華區,萬華區康定路與長沙街2段口,0,0,1,2,C04,8,5,5,50,4,1,1,5,4,5,13,1,1,5,4,5,2,16,2,21,2,8,5,4,7,9,1,10,1,11,,44,,1,21,,121.5021286,25.04048715
112,7,22,18,12,2,02萬華區,萬華區康定路與長沙街2段口,0,0,1,1,C03,8,5,5,50,4,1,1,5,4,5,13,1,1,5,4,5,2,16,1,58,3,10,5,4,7,6,1,10,1,13,,9,,1,22,,121.5021286,25.04048715
112,7,22,18,20,2,02萬華區,萬華區大理街160巷26弄與大理街160巷口,0,0,1,1,C03,7,5,5,30,4,2,1,5,4,5,13,4,4,5,5,5,2,17,2,52,2,9,6,1,7,6,1,10,1,12,,72,,1,21,,121.4938316,25.0319675
112,7,22,18,20,2,02萬華區,萬華區大理街160巷26弄與大理街160巷口,0,0,1,2,B03,7,5,5,30,4,2,1,5,4,5,13,4,4,5,5,5,2,17,1,50,3,10,7,1,7,9,1,8,1,4,,13,,1,21,,121.4938316,25.0319675
112,7,22,18,57,2,04大安區,大安區新生南路3段與辛亥路1段口(西側橋下人行道),0,0,1,1,F01,7,5,5,0,19,20,2,5,4,5,13,4,4,10,5,5,2,17,2,42,2,9,4,1,7,15,8,20,1,14,,42,,1,22,,121.5343311,25.02234889