發生年度,發生月,發生日,發生時-Hours,發生分,處理別-編號,區序,肇事地點,死亡人數,2-30日死亡人數,受傷人數,當事人序號,車種,天候,光線,道路類別,速限-速度限制,道路型態,事故位置,路面狀況1,路面狀況2,路面狀況3,道路障礙1,道路障礙2,號誌1,號誌2,車道劃分-分向,車道劃分-分道1,車道劃分-分道2,車道劃分-分道3,事故類型及型態,性別,年齡,受傷程度,主要傷處,保護裝置,行動電話,車輛用途,當事者行動狀態,駕駛資格情形,駕駛執照種類,飲酒情形,車輛撞擊部位1,車輛撞擊部位2,肇因碼-個別,肇因碼-主要,個人肇逃否,職業,旅次目的,座標-X,座標-Y
112,7,25,11,39,2,06松山區,松山區民生東路4段80巷與光復北路230巷口,0,0,1,1,B03,8,5,5,50,4,1,1,5,4,5,13,2,1,5,2,5,2,17,1,55,3,10,7,4,7,11,1,8,2,17,,10,,1,22,,121.5529648,25.0562267
112,7,25,12,3,2,02萬華區,萬華區華中橋機車道往中和方向(華中051牌面前),0,0,3,2,C03,8,6,5,40,8,11,1,5,4,5,13,4,4,9,4,3,1,13,2,48,2,8,5,1,7,12,1,10,1,13,,44,,1,21,,121.495382,25.01185521
112,7,25,12,3,2,02萬華區,萬華區華中橋機車道往中和方向(華中051牌面前),0,0,3,3,C03,8,6,5,40,8,11,1,5,4,5,13,4,4,9,4,3,1,13,1,56,2,9,5,1,7,12,1,10,1,11,,13,,1,21,,121.495382,25.01185521
112,7,25,12,3,2,02萬華區,萬華區華中橋機車道往中和方向(華中051牌面前),0,0,3,4,C03,8,6,5,40,8,11,1,5,4,5,13,4,4,9,4,3,1,13,1,28,3,10,5,1,7,12,1,10,1,17,,30,,1,21,,121.495382,25.01185521
112,7,25,12,3,2,02萬華區,萬華區華中橋機車道往中和方向(華中051牌面前),0,0,3,1,C03,8,6,5,40,8,11,1,5,4,5,13,4,4,9,4,3,1,13,1,34,2,9,5,1,7,10,1,10,1,11,,16,,1,21,,121.495382,25.01185521
112,7,25,12,20,2,11南港區,南港區研究院路1段32號,0,0,1,2,C03,8,5,5,50,14,9,1,5,4,5,13,4,4,10,4,5,2,16,1,26,2,8,5,4,7,9,1,10,1,14,,108,,1,22,,121.616287,25.05374014
112,7,25,12,20,2,11南港區,南港區研究院路1段32號,0,0,1,1,B03,8,5,5,50,14,9,1,5,4,5,13,4,4,10,4,5,2,16,2,53,3,10,3,4,7,8,1,8,1,6,,100,,1,22,,121.616287,25.05374014
112,7,25,12,30,2,03中山區,中山區松江路127號,0,0,1,2,C03,8,7,5,50,14,9,1,5,4,5,13,4,4,1,4,5,2,17,2,23,2,9,3,4,7,9,1,10,1,17,,44,,1,21,,121.5332865,25.0533361
112,7,25,12,30,2,03中山區,中山區松江路127號,0,0,1,3,B01,8,7,5,50,14,9,1,5,4,5,13,4,4,1,4,5,2,17,2,52,3,10,3,4,7,9,1,4,1,4,,44,,1,21,,121.5332865,25.0533361
112,7,25,12,30,2,03中山區,中山區松江路127號,0,0,1,1,B01,8,7,5,50,14,9,1,5,4,5,13,4,4,1,4,5,2,17,1,65,3,10,3,4,7,7,1,4,11,17,,100,,1,21,,121.5332865,25.0533361
112,7,25,12,50,2,03中山區,中山區南京東路2段與南京東路2段41巷口,0,0,1,1,B12,8,7,5,50,4,1,1,5,4,5,13,4,4,1,4,5,2,17,1,51,3,10,7,1,7,7,1,8,2,5,,100,,1,22,,121.5293031,25.0522215
112,7,25,12,50,2,03中山區,中山區南京東路2段與南京東路2段41巷口,0,0,1,2,C03,8,7,5,50,4,1,1,5,4,5,13,4,4,1,4,5,2,17,1,58,2,9,6,1,7,9,1,10,2,11,,44,,1,22,,121.5293031,25.0522215
112,7,25,12,54,2,04大安區,大安區忠孝東路4段216巷與仁愛路4段345巷2弄口,0,0,1,1,B03,8,7,5,30,4,2,1,5,4,5,13,4,4,5,4,5,2,16,1,55,3,10,7,1,7,11,1,8,1,7,,103,,1,21,,121.5529606,25.0385292
112,7,25,12,54,2,04大安區,大安區忠孝東路4段216巷與仁愛路4段345巷2弄口,0,0,1,2,C03,8,7,5,30,4,2,1,5,4,5,13,4,4,5,4,5,2,16,1,45,2,9,5,1,7,9,1,8,1,11,,13,,1,21,,121.5529606,25.0385292
112,7,25,12,58,2,03中山區,中山區植福路299號,0,0,1,1,B03,8,5,5,50,14,9,1,5,4,5,13,4,4,9,4,5,2,17,1,30,3,10,7,1,7,7,1,8,2,2,,100,,1,22,,121.5616094,25.0810639
112,7,25,12,58,2,03中山區,中山區植福路299號,0,0,1,2,C04,8,5,5,50,14,9,1,5,4,5,13,4,4,9,4,5,2,17,2,25,2,9,5,1,7,9,1,9,2,11,,44,,1,22,,121.5616094,25.0810639
112,7,25,13,0,2,09北投區,北投區立功街96號,0,0,1,1,B03,8,7,5,50,14,9,1,5,4,5,13,4,4,5,5,5,1,16,2,52,3,10,7,1,7,6,1,8,1,5,,9,,1,22,,121.4707973,25.12566416
112,7,25,13,0,2,09北投區,北投區立功街96號,0,0,1,2,C03,8,7,5,50,14,9,1,5,4,5,13,4,4,5,5,5,1,16,2,20,2,9,6,1,7,9,1,10,1,11,,44,,1,22,,121.4707973,25.12566416
112,7,25,13,30,2,11南港區,南港區研究院路2段182巷與研究院路2段182巷78弄口,0,0,1,2,C03,8,5,5,30,4,2,1,5,4,5,13,4,4,10,5,5,2,15,2,44,2,9,5,1,7,9,1,10,2,11,,75,,1,22,,121.6140288,25.03668104
112,7,25,13,30,2,11南港區,南港區研究院路2段182巷與研究院路2段182巷78弄口,0,0,1,1,C03,8,5,5,30,4,2,1,5,4,5,13,4,4,10,5,5,2,15,1,56,3,10,5,1,7,9,1,10,2,14,,30,,1,22,,121.6140288,25.03668104
112,7,25,13,33,2,03中山區,中山區民權東路2段71巷31號,0,0,1,2,C03,8,6,6,50,14,9,1,5,4,5,13,4,4,9,5,5,2,17,1,52,2,8,6,1,7,9,6,18,1,12,,108,,1,21,,121.5317151,25.06386038
112,7,25,13,33,2,03中山區,中山區民權東路2段71巷31號,0,0,1,1,B03,8,6,6,50,14,9,1,5,4,5,13,4,4,9,5,5,2,17,1,44,3,10,7,1,7,14,1,8,1,4,,40,,1,21,,121.5317151,25.06386038
112,7,25,13,40,2,09北投區,北投區中央北路2段與大業路口,0,0,1,1,B03,8,7,5,50,4,1,1,5,4,5,13,2,1,1,4,5,2,16,1,73,3,10,7,1,7,6,1,8,1,2,,9,,1,22,,121.4971398,25.1360871
112,7,25,13,40,2,09北投區,北投區中央北路2段與大業路口,0,0,1,2,C03,8,7,5,50,4,1,1,5,4,5,13,2,1,1,4,5,2,16,2,55,2,9,5,1,7,9,1,10,1,14,,44,,1,22,,121.4971398,25.1360871
112,7,25,14,0,2,03中山區,中山區北安路535號與大直街口,0,0,2,2,C03,8,7,5,50,4,2,1,5,4,5,13,2,1,1,4,5,2,16,1,29,2,9,6,4,7,9,1,10,1,14,,44,,1,22,,121.5474881,25.08000305
112,7,25,14,0,2,03中山區,中山區北安路535號與大直街口,0,0,2,1,C02,8,7,5,50,4,2,1,5,4,5,13,2,1,1,4,5,2,16,1,56,2,9,6,4,7,15,1,9,1,12,,17,,1,22,,121.5474881,25.08000305
112,7,25,14,35,2,12內湖區,內湖區成功路4段166號,0,0,1,1,B03,8,6,5,50,14,7,1,5,4,5,13,4,4,1,4,4,2,16,2,75,3,10,7,1,7,10,1,8,1,5,,44,,1,21,,121.5932061,25.08281777
112,7,25,14,35,2,12內湖區,內湖區成功路4段166號,0,0,1,2,C03,8,6,5,50,14,7,1,5,4,5,13,4,4,1,4,4,2,16,1,27,2,9,5,1,7,7,1,10,1,14,,100,,1,21,,121.5932061,25.08281777
112,7,25,15,5,2,03中山區,中山區五常街與民族東路410巷口,0,0,2,1,C03,8,7,5,50,4,1,1,5,4,5,13,4,4,5,4,5,2,16,1,85,2,9,5,4,7,5,1,10,1,11,,74,,1,22,,121.5382578,25.0643538
112,7,25,15,5,2,03中山區,中山區五常街與民族東路410巷口,0,0,2,2,C03,8,7,5,50,4,1,1,5,4,5,13,4,4,5,4,5,2,16,2,19,2,9,6,4,7,9,1,10,1,14,,13,,1,22,,121.5382578,25.0643538
112,7,25,15,36,2,12內湖區,內湖區潭美街558號,0,0,1,1,B11,7,5,5,40,14,9,1,5,4,5,13,4,4,9,5,5,2,17,1,24,3,10,7,1,7,1,1,8,2,7,,19,,1,21,,121.5988603,25.06061718
112,7,25,15,36,2,12內湖區,內湖區潭美街558號,0,0,1,2,C03,7,5,5,40,14,9,1,5,4,5,13,4,4,9,5,5,2,17,1,24,2,9,6,1,7,9,1,10,2,14,,13,,1,21,,121.5988603,25.06061718
112,7,25,15,38,2,10文山區,文山區木新路3段與辛亥路7段口,0,0,1,1,B03,8,6,5,50,3,1,1,5,4,5,13,1,1,1,2,5,2,13,1,76,3,10,3,4,7,9,1,8,1,5,,118,,1,21,,121.5540183,24.979998
112,7,25,15,38,2,10文山區,文山區木新路3段與辛亥路7段口,0,0,1,2,C03,8,6,5,50,3,1,1,5,4,5,13,1,1,1,2,5,2,13,2,45,2,8,3,4,7,14,1,10,1,13,,118,,1,21,,121.5540183,24.979998
112,7,25,15,57,2,03中山區,中山區建國高架道與長安東路1段口,0,0,2,1,B03,8,5,5,40,14,16,1,5,4,5,13,4,4,1,4,5,2,13,1,31,3,10,7,1,7,10,1,8,1,1,,108,,1,21,,121.536553,25.04761103
112,7,25,15,57,2,03中山區,中山區建國高架道與長安東路1段口,0,0,2,2,B03,8,5,5,40,14,16,1,5,4,5,13,4,4,1,4,5,2,13,2,59,2,2,7,1,7,14,1,8,1,3,,44,,1,21,,121.536553,25.04761103
112,7,25,15,57,2,03中山區,中山區建國高架道與長安東路1段口,0,0,2,3,B03,8,5,5,40,14,16,1,5,4,5,13,4,4,1,4,5,2,13,2,34,2,5,7,1,7,14,1,8,1,3,,44,,1,21,,121.536553,25.04761103
112,7,25,16,13,2,07信義區,信義區市民高架永吉路匝道東向西(燈桿編號6511519),0,0,1,4,H02,8,5,7,40,14,16,1,5,4,5,13,4,4,2,4,5,1,13,2,20,2,5,7,5,7,19,8,20,10,16,,67,,1,22,,121.5684145,25.045733
112,7,25,16,13,2,07信義區,信義區市民高架永吉路匝道東向西(燈桿編號6511519),0,0,1,1,B01,8,5,7,40,14,16,1,5,4,5,13,4,4,2,4,5,1,13,1,36,3,10,7,1,7,9,1,4,1,1,,108,,1,22,,121.5684145,25.045733
112,7,25,16,13,2,07信義區,信義區市民高架永吉路匝道東向西(燈桿編號6511519),0,0,1,2,B01,8,5,7,40,14,16,1,5,4,5,13,4,4,2,4,5,1,13,1,66,3,10,7,1,7,14,1,4,1,3,,44,,1,22,,121.5684145,25.045733
112,7,25,16,13,2,07信義區,信義區市民高架永吉路匝道東向西(燈桿編號6511519),0,0,1,3,B01,8,5,7,40,14,16,1,5,4,5,13,4,4,2,4,5,1,13,1,55,3,10,7,1,7,14,1,4,1,3,,44,,1,22,,121.5684145,25.045733
112,7,25,16,26,2,06松山區,松山區八德路4段與基隆路1段口,0,0,2,2,C03,8,7,5,50,5,1,1,5,4,5,13,1,1,1,4,5,2,16,1,39,2,7,5,1,7,9,1,10,1,14,,44,,1,21,,121.5692649,25.0495176
112,7,25,16,26,2,06松山區,松山區八德路4段與基隆路1段口,0,0,2,1,C03,8,7,5,50,5,1,1,5,4,5,13,1,1,1,4,5,2,16,1,33,2,7,5,1,7,6,1,10,1,12,,9,,1,21,,121.5692649,25.0495176
112,7,25,17,22,2,09北投區,北投區公館路與公館路187巷口,0,0,1,1,B03,8,7,5,50,3,1,1,5,4,5,13,4,4,5,5,5,1,16,1,19,3,10,7,1,7,1,1,8,1,8,,19,,1,22,,121.5072241,25.12835287
112,7,25,17,22,2,09北投區,北投區公館路與公館路187巷口,0,0,1,2,C03,8,7,5,50,3,1,1,5,4,5,13,4,4,5,5,5,1,16,2,55,2,9,6,1,7,9,1,10,1,12,,44,,1,22,,121.5072241,25.12835287
112,7,25,17,42,2,01大同區,大同區錦西街51號,0,0,2,2,C03,8,6,8,50,22,22,1,5,4,5,13,3,1,5,2,5,2,17,1,64,2,9,5,1,7,12,1,10,1,13,,44,,1,21,,121.5168221,25.0600501
112,7,25,17,42,2,01大同區,大同區錦西街51號,0,0,2,1,C03,8,6,8,50,22,22,1,5,4,5,13,3,1,5,2,5,2,17,2,26,2,8,5,1,7,9,1,10,1,11,,108,,1,21,,121.5168221,25.0600501
112,7,25,17,51,2,09北投區,北投區東華街2段200號,0,0,2,1,C03,8,7,5,50,14,9,1,5,4,5,13,4,4,10,4,5,2,3,1,63,2,7,3,4,7,9,1,10,2,11,,108,,1,22,,121.5103645,25.12030234
112,7,25,17,51,2,09北投區,北投區東華街2段200號,0,0,2,2,H01,8,7,5,50,14,9,1,5,4,5,13,4,4,10,4,5,2,3,2,66,2,9,4,5,8,16,8,20,10,16,,121,,1,22,,121.5103645,25.12030234
112,7,25,17,51,2,09北投區,北投區東華街2段200號,0,0,2,3,C03,8,7,5,50,14,9,1,5,4,5,13,4,4,10,4,5,2,3,1,64,3,10,3,4,7,13,1,10,9,14,,44,,1,22,,121.5103645,25.12030234
112,7,25,18,0,2,03中山區,中山區北安路與敬業二路口,0,0,1,2,B03,8,7,8,50,14,9,1,5,4,5,13,4,4,1,4,5,2,13,1,36,3,10,3,4,7,9,1,8,1,3,,44,,1,22,,121.5542155,25.08520428
112,7,25,18,0,2,03中山區,中山區北安路與敬業二路口,0,0,1,1,C03,8,7,8,50,14,9,1,5,4,5,13,4,4,1,4,5,2,13,2,27,2,7,6,4,7,9,1,10,1,11,,16,,1,22,,121.5542155,25.08520428
112,7,25,18,37,2,04大安區,大安區和平東路1段與羅斯福路2段口,0,0,2,3,C03,8,6,5,50,4,2,1,5,4,5,13,2,1,1,4,5,2,8,1,27,3,10,3,4,7,13,1,10,1,13,,38,,1,22,,121.5230405,25.027157
112,7,25,18,37,2,04大安區,大安區和平東路1段與羅斯福路2段口,0,0,2,2,H01,8,6,5,50,4,2,1,5,4,5,13,2,1,1,4,5,2,8,2,30,2,9,4,5,8,17,8,20,10,16,,53,,1,22,,121.5230405,25.027157
112,7,25,18,37,2,04大安區,大安區和平東路1段與羅斯福路2段口,0,0,2,1,C03,8,6,5,50,4,2,1,5,4,5,13,2,1,1,4,5,2,8,1,31,2,9,5,4,7,9,1,10,1,11,,42,,1,22,,121.5230405,25.027157
112,7,25,18,50,2,03中山區,中山區長春路與中山北路2段口,0,0,1,1,B01,7,7,5,50,4,2,1,5,4,5,13,1,1,10,5,5,2,13,1,62,3,10,7,1,7,9,1,3,1,5,,42,,1,22,,121.5231585,25.0550115
112,7,25,18,50,2,03中山區,中山區長春路與中山北路2段口,0,0,1,2,C03,7,7,5,50,4,2,1,5,4,5,13,1,1,10,5,5,2,13,1,44,3,10,5,1,7,14,1,10,1,13,,44,,1,22,,121.5231585,25.0550115
112,7,25,18,50,2,03中山區,中山區長春路與中山北路2段口,0,0,1,3,H02,7,7,5,50,4,2,1,5,4,5,13,1,1,10,5,5,2,13,2,39,2,9,5,5,7,20,8,20,10,16,,67,,1,22,,121.5231585,25.0550115
112,7,25,18,50,2,08士林區,士林區中山北路7段114巷與中山北路7段154巷口,0,0,1,2,C03,8,6,5,30,4,1,1,5,4,5,13,3,1,10,5,5,1,17,2,25,2,8,5,1,7,9,1,10,1,11,,44,,1,21,,121.5333204,25.12199825
112,7,25,18,50,2,08士林區,士林區中山北路7段114巷與中山北路7段154巷口,0,0,1,1,C03,8,6,5,30,4,1,1,5,4,5,13,3,1,10,5,5,1,17,1,23,3,10,5,1,7,9,1,10,1,14,,72,,1,21,,121.5333204,25.12199825
112,7,25,19,16,2,07信義區,信義區市民大道5段與光復南路口,0,0,2,2,C03,8,5,5,50,5,1,1,5,4,5,13,1,1,1,4,5,2,15,1,36,2,9,6,4,7,9,1,10,1,11,,44,,1,21,,121.5578543,25.0450531
112,7,25,19,16,2,07信義區,信義區市民大道5段與光復南路口,0,0,2,1,C03,8,5,5,50,5,1,1,5,4,5,13,1,1,1,4,5,2,15,1,36,2,8,6,4,7,9,3,18,1,13,,81,,1,21,,121.5578543,25.0450531
112,7,25,19,53,2,07信義區,信義區松山路與松山路615巷口,0,0,2,1,C03,6,5,5,30,3,2,1,4,4,5,13,4,4,5,5,5,2,17,2,55,2,9,5,1,7,5,1,10,1,14,,74,,1,22,,121.5783843,25.0366616
112,7,25,19,53,2,07信義區,信義區松山路與松山路615巷口,0,0,2,2,C03,6,5,5,30,3,2,1,4,4,5,13,4,4,5,5,5,2,17,1,40,2,9,5,1,7,9,1,10,1,12,,14,,1,22,,121.5783843,25.0366616
112,7,25,20,6,2,01大同區,大同區民權西路東往西(大橋頭站1號出口),0,0,1,1,B01,6,5,5,50,14,9,1,4,4,5,13,2,1,9,4,5,1,17,1,62,3,10,7,1,7,12,1,4,2,17,,14,,1,22,,121.5122948,25.06315141
112,7,25,20,6,2,01大同區,大同區民權西路東往西(大橋頭站1號出口),0,0,1,2,C03,6,5,5,50,14,9,1,4,4,5,13,2,1,9,4,5,1,17,2,26,2,9,6,1,7,9,1,10,2,14,,42,,1,22,,121.5122948,25.06315141
112,7,25,22,0,2,06松山區,松山區民生東路5段56號,0,0,1,2,B03,7,5,5,50,14,9,1,5,4,5,13,1,1,1,3,5,2,17,1,72,3,10,3,4,7,12,1,8,1,17,,44,,1,21,,121.558235,25.05842883
112,7,25,22,0,2,06松山區,松山區民生東路5段56號,0,0,1,3,H02,7,5,5,50,14,9,1,5,4,5,13,1,1,1,3,5,2,17,1,6,2,1,2,5,7,20,8,20,10,16,,58,,1,21,,121.558235,25.05842883
112,7,25,22,0,2,06松山區,松山區民生東路5段56號,0,0,1,1,A04,7,5,5,50,14,9,1,5,4,5,13,1,1,1,3,5,2,17,1,54,3,10,3,4,7,8,1,2,1,17,,100,,1,21,,121.558235,25.05842883
112,7,25,22,3,2,03中山區,中山區樂群二路與敬業二路口,0,0,1,2,C03,7,5,5,50,4,2,1,5,4,5,13,1,1,1,4,5,2,17,2,41,2,9,5,1,7,9,1,10,1,14,,108,,1,22,,121.5544541,25.0800247
112,7,25,22,3,2,03中山區,中山區樂群二路與敬業二路口,0,0,1,1,B03,7,5,5,50,4,2,1,5,4,5,13,1,1,1,4,5,2,17,2,41,3,10,7,1,7,6,1,8,1,6,,9,,1,22,,121.5544541,25.0800247
112,7,25,22,10,2,02萬華區,萬華區西寧南路與洛陽街口,0,0,3,1,B03,8,5,5,50,4,1,1,5,4,5,13,2,1,5,5,5,2,3,2,24,3,10,7,1,7,5,1,8,2,1,,70,,1,21,,121.5073698,25.04763921
112,7,25,22,10,2,02萬華區,萬華區西寧南路與洛陽街口,0,0,3,2,H01,8,5,5,50,4,1,1,5,4,5,13,2,1,5,5,5,2,3,1,29,2,9,4,5,8,16,8,20,10,16,,121,,1,21,,121.5073698,25.04763921
112,7,25,22,10,2,02萬華區,萬華區西寧南路與洛陽街口,0,0,3,4,H01,8,5,5,50,4,1,1,5,4,5,13,2,1,5,5,5,2,3,1,57,2,9,4,5,8,16,8,20,10,16,,67,,1,21,,121.5073698,25.04763921
112,7,25,22,10,2,02萬華區,萬華區西寧南路與洛陽街口,0,0,3,5,B02,8,5,5,50,4,1,1,5,4,5,13,2,1,5,5,5,2,3,1,54,3,10,7,1,7,14,1,8,1,3,,38,,1,21,,121.5073698,25.04763921
112,7,25,22,10,2,02萬華區,萬華區西寧南路與洛陽街口,0,0,3,3,H01,8,5,5,50,4,1,1,5,4,5,13,2,1,5,5,5,2,3,2,25,2,7,4,5,8,16,8,20,10,16,,67,,1,21,,121.5073698,25.04763921
112,7,25,23,10,2,05中正區,中正區忠孝東路2段與金山北路口口,0,0,2,2,C03,7,5,5,50,4,1,1,5,4,5,13,2,1,9,4,5,1,16,1,33,2,7,6,1,7,9,1,9,2,11,,44,,1,21,,121.5297485,25.0431242
112,7,25,23,10,2,05中正區,中正區忠孝東路2段與金山北路口口,0,0,2,1,C03,7,5,5,50,4,1,1,5,4,5,13,2,1,9,4,5,1,16,1,18,2,7,6,1,7,5,1,10,2,14,,8,,1,21,,121.5297485,25.0431242
112,7,25,23,19,2,05中正區,中正區中山南路與濟南路1段口,0,0,1,2,C03,8,5,5,50,3,2,1,5,4,5,13,1,1,8,4,1,1,13,1,29,2,6,6,1,7,14,1,10,2,13,,44,,1,21,,121.5188276,25.043472
112,7,25,23,19,2,05中正區,中正區中山南路與濟南路1段口,0,0,1,1,B01,8,5,5,50,3,2,1,5,4,5,13,1,1,8,4,1,1,13,1,62,3,10,7,1,7,9,1,4,2,1,,108,,1,21,,121.5188276,25.043472
112,7,26,6,0,2,06松山區,松山區市民大道5段與八德路4段口302號旁無名巷,0,0,1,1,B12,6,5,5,30,3,1,1,4,4,5,13,3,1,1,4,5,2,15,1,40,3,10,7,1,7,15,1,8,2,17,,72,,1,27,,121.5673149,25.04873445
112,7,26,6,0,2,06松山區,松山區市民大道5段與八德路4段口302號旁無名巷,0,0,1,2,C03,6,5,5,30,3,1,1,4,4,5,13,3,1,1,4,5,2,15,1,49,2,9,5,1,7,9,1,10,2,14,11,42,,1,25,,121.5673149,25.04873445
112,7,26,6,14,2,04大安區,大安區通化街與樂利路口,0,0,1,1,B03,7,6,5,50,4,1,1,4,4,5,13,1,1,5,5,5,1,3,1,35,3,10,7,1,7,5,1,8,1,8,,70,,1,21,,121.5520155,25.0258098
112,7,26,6,14,2,04大安區,大安區通化街與樂利路口,0,0,1,2,H01,7,6,5,50,4,1,1,4,4,5,13,1,1,5,5,5,1,3,2,90,2,1,4,5,8,16,8,20,10,16,,122,,1,21,,121.5520155,25.0258098
112,7,26,7,15,2,12內湖區,內湖區金湖路與金湖路64巷口,0,0,1,1,C03,7,6,5,50,3,1,1,5,4,5,13,4,4,3,4,5,2,17,1,33,2,9,6,1,7,8,1,10,1,11,,14,,1,21,,121.5970237,25.08189601
112,7,26,7,15,2,12內湖區,內湖區金湖路與金湖路64巷口,0,0,1,2,B03,7,6,5,50,3,1,1,5,4,5,13,4,4,3,4,5,2,17,1,49,3,10,7,1,7,11,1,8,1,7,,10,,1,21,,121.5970237,25.08189601
112,7,26,7,48,2,11南港區,南港區忠孝東路7段南港轉運站前,0,0,3,3,H02,8,7,5,50,14,9,1,5,4,5,12,4,4,1,4,5,1,13,2,25,2,9,5,5,7,20,8,20,10,16,,67,,1,21,,121.6071796,25.0522251
112,7,26,7,48,2,11南港區,南港區忠孝東路7段南港轉運站前,0,0,3,1,C03,8,7,5,50,14,9,1,5,4,5,12,4,4,1,4,5,1,13,1,30,2,9,5,4,7,10,1,10,1,11,,16,,1,22,,121.6071796,25.0522251
112,7,26,7,48,2,11南港區,南港區忠孝東路7段南港轉運站前,0,0,3,2,C03,8,7,5,50,14,9,1,5,4,5,12,4,4,1,4,5,1,13,2,32,2,9,5,4,7,9,1,10,1,13,,44,,1,21,,121.6071796,25.0522251
112,7,26,7,50,2,09北投區,北投區大度路2段99號,0,0,2,1,C03,7,6,5,50,14,12,1,5,4,5,9,4,4,1,4,1,2,17,2,67,2,8,6,1,7,8,1,10,11,12,,17,,2,22,,121.4762521,25.12243573
112,7,26,7,50,2,09北投區,北投區大度路2段99號,0,0,2,2,C03,7,6,5,50,14,12,1,5,4,5,9,4,4,1,4,1,2,17,1,45,2,8,6,1,7,9,1,10,2,14,,44,,1,22,,121.4762521,25.12243573
112,7,26,8,2,2,12內湖區,內湖區民權東路6段與民權東路6段56巷口口,0,0,1,2,B03,8,6,5,50,14,9,1,5,4,5,13,2,1,1,4,5,2,17,1,59,3,10,7,1,7,13,1,8,2,2,,44,,1,21,,121.5843179,25.06872165
112,7,26,8,2,2,12內湖區,內湖區民權東路6段與民權東路6段56巷口口,0,0,1,1,C03,8,6,5,50,14,9,1,5,4,5,13,2,1,1,4,5,2,17,1,48,2,3,5,1,7,10,1,9,2,14,,108,,1,21,,121.5843179,25.06872165
112,7,26,8,33,2,01大同區,大同區重慶北路3段與敦煌路口,0,0,1,2,C03,7,6,6,30,3,2,1,4,4,5,13,4,4,1,5,1,2,17,2,28,2,9,6,1,7,15,1,10,1,12,,107,,1,21,,121.5137389,25.07635499
112,7,26,8,33,2,01大同區,大同區重慶北路3段與敦煌路口,0,0,1,1,C03,7,6,6,30,3,2,1,4,4,5,13,4,4,1,5,1,2,17,2,52,3,10,6,1,7,15,1,10,1,14,,44,,1,21,,121.5137389,25.07635499
112,7,26,8,40,2,07信義區,信義區信安街67巷與信安街口口,0,0,2,2,F01,8,6,5,30,14,8,1,5,4,5,13,4,4,9,5,4,2,13,2,54,2,9,4,1,7,9,8,20,1,14,,44,,1,21,,121.557806,25.025988
112,7,26,8,40,2,07信義區,信義區信安街67巷與信安街口口,0,0,2,1,C03,8,6,5,30,14,8,1,5,4,5,13,4,4,9,5,4,2,13,1,24,2,7,5,1,7,7,1,10,1,12,,100,,1,21,,121.557806,25.025988
112,7,26,8,42,2,05中正區,中正區公園路與常德街口,0,0,1,1,B03,7,5,5,50,3,2,1,5,4,5,13,1,1,9,4,5,2,17,2,49,3,10,7,1,7,5,1,8,2,17,,2,,1,21,,121.5161506,25.0415161
112,7,26,8,42,2,05中正區,中正區公園路與常德街口,0,0,1,2,C03,7,5,5,50,3,2,1,5,4,5,13,1,1,9,4,5,2,17,1,26,2,9,5,1,7,10,1,10,2,12,,44,,1,21,,121.5161506,25.0415161
112,7,26,8,47,2,04大安區,大安區基隆路2段與和平東路3段口,0,0,1,1,B03,7,5,5,50,4,1,1,4,4,5,13,1,1,1,1,1,2,17,2,41,3,10,7,1,7,6,1,8,1,2,,9,,1,21,,121.5522918,25.024026
112,7,26,8,47,2,04大安區,大安區基隆路2段與和平東路3段口,0,0,1,2,C03,7,5,5,50,4,1,1,4,4,5,13,1,1,1,1,1,2,17,2,54,2,9,5,1,7,9,3,18,1,14,,44,,1,21,,121.5522918,25.024026
112,7,26,8,53,2,06松山區,松山區南京東路3段276號,0,0,1,2,C03,8,6,5,50,14,9,1,5,4,5,13,4,4,1,4,5,2,17,1,34,2,9,6,1,7,9,1,10,1,17,,108,,1,21,,121.5454528,25.05174972
112,7,26,8,53,2,06松山區,松山區南京東路3段276號,0,0,1,1,C03,8,6,5,50,14,9,1,5,4,5,13,4,4,1,4,5,2,17,2,44,3,10,6,1,7,15,1,10,11,17,,44,,2,21,,121.5454528,25.05174972
112,7,26,8,53,2,06松山區,松山區南京東路3段276號,0,0,1,3,B02,8,6,5,50,14,9,1,5,4,5,13,4,4,1,4,5,2,17,1,43,3,10,7,1,7,13,1,8,11,17,,38,,1,21,,121.5454528,25.05174972
112,7,26,8,53,2,06松山區,松山區南京東路3段276號,0,0,1,4,B03,8,6,5,50,14,9,1,5,4,5,13,4,4,1,4,5,2,17,2,49,3,10,7,1,7,13,1,8,11,17,,38,,1,21,,121.5454528,25.05174972
112,7,26,8,58,2,06松山區,松山區三民路與富錦街口,0,0,1,1,B12,8,6,5,50,5,1,1,5,4,5,13,2,1,1,4,5,2,17,2,45,3,10,3,4,7,5,1,8,1,2,,74,,1,21,,121.5632657,25.0609291
112,7,26,8,58,2,06松山區,松山區三民路與富錦街口,0,0,1,2,C03,8,6,5,50,5,1,1,5,4,5,13,2,1,1,4,5,2,17,1,20,2,9,6,4,7,9,1,10,1,11,,13,,1,21,,121.5632657,25.0609291
112,7,26,9,2,2,12內湖區,內湖區康樂街與康樂街48巷口,0,0,1,1,B03,6,5,5,50,14,9,1,4,4,5,13,4,4,4,1,5,1,16,1,58,3,10,7,1,7,4,1,8,1,4,,94,,1,21,,121.6184175,25.06881293