發生年度,發生月,發生日,發生時-Hours,發生分,處理別-編號,區序,肇事地點,死亡人數,2-30日死亡人數,受傷人數,當事人序號,車種,天候,光線,道路類別,速限-速度限制,道路型態,事故位置,路面狀況1,路面狀況2,路面狀況3,道路障礙1,道路障礙2,號誌1,號誌2,車道劃分-分向,車道劃分-分道1,車道劃分-分道2,車道劃分-分道3,事故類型及型態,性別,年齡,受傷程度,主要傷處,保護裝置,行動電話,車輛用途,當事者行動狀態,駕駛資格情形,駕駛執照種類,飲酒情形,車輛撞擊部位1,車輛撞擊部位2,肇因碼-個別,肇因碼-主要,個人肇逃否,職業,旅次目的,座標-X,座標-Y
112,7,27,17,0,2,03中山區,中山區龍江路與龍江路345巷口,0,0,2,1,C03,8,7,5,50,3,1,1,5,4,5,13,4,4,10,5,5,2,17,2,39,2,8,6,1,7,5,1,10,1,12,,8,,1,21,,121.5409228,25.06336986
112,7,27,17,0,2,03中山區,中山區龍江路與龍江路345巷口,0,0,2,2,C03,8,7,5,50,3,1,1,5,4,5,13,4,4,10,5,5,2,17,1,35,2,9,6,1,7,9,1,10,1,11,,44,,1,21,,121.5409228,25.06336986
112,7,27,17,14,2,04大安區,大安區安東街35巷8號對面,0,0,1,3,,8,6,5,30,14,9,1,5,4,5,11,4,4,10,5,5,1,9,3,35,,,,,,,,,10,,,67,,1,,,121.5429551,25.0440712
112,7,27,17,14,2,04大安區,大安區安東街35巷8號對面,0,0,1,1,B03,8,6,5,30,14,9,1,5,4,5,11,4,4,10,5,5,1,9,2,28,3,10,7,1,7,9,1,8,1,1,,108,,1,21,,121.5429551,25.0440712
112,7,27,17,14,2,04大安區,大安區安東街35巷8號對面,0,0,1,2,H03,8,6,5,30,14,9,1,5,4,5,11,4,4,10,5,5,1,9,1,62,2,8,4,5,8,20,8,20,10,16,,60,,1,21,,121.5429551,25.0440712
112,7,27,17,15,2,02萬華區,萬華區中華路2段與莒光路口,0,0,2,2,C03,8,6,5,50,4,1,1,5,4,5,13,2,1,1,4,5,2,17,1,54,2,9,5,1,7,9,1,9,1,11,14,44,,1,21,,121.5041569,25.03129851
112,7,27,17,15,2,02萬華區,萬華區中華路2段與莒光路口,0,0,2,1,C03,8,6,5,50,4,1,1,5,4,5,13,2,1,1,4,5,2,17,2,22,2,9,5,1,7,5,1,10,1,12,14,74,,1,21,,121.5041569,25.03129851
112,7,27,17,15,2,05中正區,中正區羅斯福路2段16號,0,0,1,1,C03,7,5,5,50,14,9,1,5,4,5,13,4,4,2,3,5,1,16,2,62,4,11,5,4,7,7,7,19,11,15,,100,,1,,,121.5211367,25.02867801
112,7,27,17,15,2,05中正區,中正區羅斯福路2段16號,0,0,1,2,C03,7,5,5,50,14,9,1,5,4,5,13,4,4,2,3,5,1,16,1,33,2,9,5,1,7,9,1,10,1,11,,44,,1,22,,121.5211367,25.02867801
112,7,27,17,16,2,05中正區,中正區重慶南路1段與愛國西路口,0,0,1,1,C03,7,7,5,50,4,1,1,5,4,5,13,1,1,9,4,1,2,13,1,43,3,10,5,1,7,7,3,18,2,13,,100,,1,21,,121.5126229,25.0355162
112,7,27,17,16,2,05中正區,中正區重慶南路1段與愛國西路口,0,0,1,2,C03,7,7,5,50,4,1,1,5,4,5,13,1,1,9,4,1,2,13,1,68,2,9,5,1,7,10,1,10,2,11,,44,,1,21,,121.5126229,25.0355162
112,7,27,17,30,2,12內湖區,內湖區成功路4段333號,0,0,3,1,C04,8,6,5,50,14,7,1,5,4,5,13,4,4,1,4,4,2,13,1,19,2,9,6,1,7,9,1,10,1,11,,108,,1,22,,121.599948,25.08463742
112,7,27,17,30,2,12內湖區,內湖區成功路4段333號,0,0,3,2,F01,8,6,5,50,14,7,1,5,4,5,13,4,4,1,4,4,2,13,1,50,2,3,2,1,7,8,8,20,1,13,,100,,1,22,,121.599948,25.08463742
112,7,27,17,30,2,12內湖區,內湖區成功路4段333號,0,0,3,4,H02,8,6,5,50,14,7,1,5,4,5,13,4,4,1,4,4,2,13,1,19,2,9,5,5,7,20,8,20,10,16,,67,,1,22,,121.599948,25.08463742
112,7,27,17,30,2,12內湖區,內湖區成功路4段333號,0,0,3,3,B03,8,6,5,50,14,7,1,5,4,5,13,4,4,1,4,4,2,13,1,73,3,10,7,1,7,1,1,8,9,15,,19,,2,22,,121.599948,25.08463742
112,7,27,17,40,2,08士林區,士林區至誠路2段與至誠路2段120巷口,0,0,1,2,F01,8,5,5,50,3,1,1,5,4,5,13,4,4,9,5,5,1,17,1,38,2,9,4,1,7,9,8,20,1,11,,44,,1,21,,121.5266267,25.1011434
112,7,27,17,40,2,08士林區,士林區至誠路2段與至誠路2段120巷口,0,0,1,1,C03,8,5,5,50,3,1,1,5,4,5,13,4,4,9,5,5,1,17,2,58,3,10,5,1,7,5,1,10,1,12,,74,,1,21,,121.5266267,25.1011434
112,7,27,17,47,2,01大同區,大同區延平北路3段與民權西路口,0,0,1,1,C03,8,6,5,50,4,2,1,5,4,5,13,2,1,9,5,5,2,16,1,19,3,10,6,1,7,5,1,10,1,14,,8,,1,22,,121.5113385,25.06305902
112,7,27,17,47,2,01大同區,大同區延平北路3段與民權西路口,0,0,1,2,C03,8,6,5,50,4,2,1,5,4,5,13,2,1,9,5,5,2,16,1,28,2,8,6,1,7,9,1,10,1,12,,44,,1,21,,121.5113385,25.06305902
112,7,27,17,50,2,03中山區,中山區雙城街與德惠街口,0,0,1,1,B03,8,5,5,50,4,1,1,5,4,5,13,1,1,5,5,5,2,16,1,28,3,10,7,1,7,5,1,8,1,4,,8,,1,21,,121.5243343,25.066719
112,7,27,17,50,2,03中山區,中山區雙城街與德惠街口,0,0,1,2,C03,8,5,5,50,4,1,1,5,4,5,13,1,1,5,5,5,2,16,1,54,2,8,5,1,7,9,1,10,1,12,,44,,1,21,,121.5243343,25.066719
112,7,27,17,56,2,03中山區,中山區中山北路1段與中山北路1段33巷口,0,0,1,2,C03,8,5,5,50,3,2,1,5,4,5,13,4,4,5,4,5,2,16,1,37,2,9,3,4,7,4,1,10,1,14,,107,,1,21,,121.521489,25.0491145
112,7,27,17,56,2,03中山區,中山區中山北路1段與中山北路1段33巷口,0,0,1,1,B01,8,5,5,50,3,2,1,5,4,5,13,4,4,5,4,5,2,16,1,53,3,10,3,4,7,6,1,4,1,2,,9,,1,21,,121.521489,25.0491145
112,7,27,18,0,2,09北投區,北投區中央北路2段418號,0,0,1,1,B12,8,5,5,50,14,7,1,5,4,5,13,4,4,4,4,4,2,17,1,37,3,10,3,4,7,8,6,18,1,15,,103,,1,22,,121.4870042,25.13833142
112,7,27,18,0,2,09北投區,北投區中央北路2段418號,0,0,1,2,C03,8,5,5,50,14,7,1,5,4,5,13,4,4,4,4,4,2,17,1,32,2,9,5,1,7,9,1,10,1,15,,13,,1,22,,121.4870042,25.13833142
112,7,27,18,5,2,12內湖區,內湖區新明路79號,0,0,1,1,C03,8,5,5,30,14,9,1,5,4,5,13,4,4,4,4,5,1,12,1,18,3,10,3,4,7,11,3,18,1,12,,10,,1,22,,121.590844,25.0601019
112,7,27,18,5,2,12內湖區,內湖區新明路79號,0,0,1,2,C03,8,5,5,30,14,9,1,5,4,5,13,4,4,4,4,5,1,12,2,32,2,9,3,4,7,9,1,10,1,11,,44,,1,22,,121.590844,25.0601019
112,7,27,18,21,2,01大同區,大同區台北橋機慢車道往新北市,0,0,1,1,C03,8,6,5,50,14,11,1,5,4,5,13,4,4,1,5,5,2,17,2,53,2,7,6,1,7,9,1,11,1,11,,16,,1,21,,121.5066884,25.0637809
112,7,27,18,21,2,01大同區,大同區台北橋機慢車道往新北市,0,0,1,3,C03,8,6,5,50,14,11,1,5,4,5,13,4,4,1,5,5,2,17,1,57,3,10,6,1,7,9,1,10,1,14,,44,,1,21,,121.5066884,25.0637809
112,7,27,18,21,2,01大同區,大同區台北橋機慢車道往新北市,0,0,1,2,C03,8,6,5,50,14,11,1,5,4,5,13,4,4,1,5,5,2,17,2,47,3,10,6,1,7,9,1,11,1,13,,44,,1,21,,121.5066884,25.0637809
112,7,27,19,0,2,03中山區,中山區長春路156號,0,0,2,1,C03,8,5,5,40,14,8,1,5,4,5,13,4,4,9,5,4,2,17,2,48,2,9,6,1,7,1,1,10,1,14,,19,,1,21,,121.5321483,25.0546053
112,7,27,19,0,2,03中山區,中山區長春路156號,0,0,2,2,C03,8,5,5,40,14,8,1,5,4,5,13,4,4,9,5,4,2,17,1,31,2,9,6,1,7,9,1,10,1,11,,44,,1,21,,121.5321483,25.0546053
112,7,27,19,35,2,08士林區,士林區福林橋北往南(燈桿編號7010059),0,0,1,2,C03,9,5,5,50,8,9,1,5,4,5,13,4,4,1,4,5,2,17,1,27,2,9,5,1,7,9,1,10,1,11,,44,,1,22,,121.5266114,25.1002948
112,7,27,19,35,2,08士林區,士林區福林橋北往南(燈桿編號7010059),0,0,1,1,B12,9,5,5,50,8,9,1,5,4,5,13,4,4,1,4,5,2,17,1,25,3,10,7,4,7,9,7,19,11,17,,98,,2,22,,121.5266114,25.1002948
112,7,27,19,49,2,07信義區,信義區松隆路與永吉路口,0,0,1,2,C03,8,5,5,50,5,1,1,5,4,5,13,1,1,3,4,3,2,16,2,53,2,8,6,1,7,9,1,10,1,14,,99,,1,21,,121.5704547,25.045621
112,7,27,19,49,2,07信義區,信義區松隆路與永吉路口,0,0,1,1,B03,8,5,5,50,5,1,1,5,4,5,13,1,1,3,4,3,2,16,2,60,3,10,3,1,7,6,1,8,1,2,,9,,1,21,,121.5704547,25.045621
112,7,27,20,35,2,03中山區,中山區新生北路1段與林森北路119巷口,0,0,3,1,B03,8,5,5,50,4,1,1,5,4,5,13,2,1,10,5,5,2,2,2,26,3,10,7,1,7,6,3,18,2,1,,70,,1,21,,121.528141,25.05041685
112,7,27,20,35,2,03中山區,中山區新生北路1段與林森北路119巷口,0,0,3,2,H01,8,5,5,50,4,1,1,5,4,5,13,2,1,10,5,5,2,2,1,22,2,9,4,5,8,16,8,20,10,16,,67,,1,21,,121.528141,25.05041685
112,7,27,20,35,2,03中山區,中山區新生北路1段與林森北路119巷口,0,0,3,3,H01,8,5,5,50,4,1,1,5,4,5,13,2,1,10,5,5,2,2,2,73,2,9,4,5,8,16,8,20,10,16,,67,,1,21,,121.528141,25.05041685
112,7,27,20,35,2,03中山區,中山區新生北路1段與林森北路119巷口,0,0,3,4,H01,8,5,5,50,4,1,1,5,4,5,13,2,1,10,5,5,2,2,1,54,2,9,4,5,8,16,8,20,10,16,,67,,1,21,,121.528141,25.05041685
112,7,27,21,37,2,03中山區,中山區民權西路與天祥路口,0,0,1,2,C03,8,5,5,40,4,1,1,5,4,5,13,1,1,1,3,4,1,16,1,44,2,9,6,1,7,9,1,10,1,11,,108,,1,21,,121.5208517,25.0627048
112,7,27,21,37,2,03中山區,中山區民權西路與天祥路口,0,0,1,1,C03,8,5,5,40,4,1,1,5,4,5,13,1,1,1,3,4,1,16,1,18,3,10,6,1,7,10,1,10,1,11,,44,,1,21,,121.5208517,25.0627048
112,7,27,22,38,2,04大安區,大安區基隆路4段與羅斯福路4段口,0,0,1,1,C03,8,5,5,50,14,9,1,5,4,5,13,2,1,1,4,5,2,17,1,19,3,10,6,1,7,5,1,10,1,13,,96,,1,21,,121.53741,25.0111825
112,7,27,22,38,2,04大安區,大安區基隆路4段與羅斯福路4段口,0,0,1,2,C03,8,5,5,50,14,9,1,5,4,5,13,2,1,1,4,5,2,17,2,20,2,9,6,1,7,9,1,10,1,11,,44,,1,21,,121.53741,25.0111825
112,7,27,22,40,2,07信義區,信義區忠孝東路5段451號,0,0,1,1,C03,8,5,5,50,14,9,1,5,4,5,13,4,4,1,4,5,2,18,2,47,2,9,6,1,7,9,1,10,9,14,,119,,1,21,,121.5765187,25.0409126
112,7,27,22,40,2,07信義區,信義區忠孝東路5段451號,0,0,1,2,,8,5,5,50,14,9,1,5,4,5,13,4,4,1,4,5,2,18,3,0,,,,,,,,,10,,,67,,1,,,121.5765187,25.0409126
112,7,27,22,46,2,05中正區,中正區仁愛路2段與金山南路1段口,0,0,1,1,B03,8,5,5,50,5,1,1,5,4,5,13,2,1,10,2,3,2,15,1,52,2,9,7,1,7,9,1,8,2,2,,81,,1,21,,121.5283648,25.0382417
112,7,27,22,46,2,05中正區,中正區仁愛路2段與金山南路1段口,0,0,1,2,B03,8,5,5,50,5,1,1,5,4,5,13,2,1,10,2,3,2,15,1,74,3,10,7,1,7,9,1,8,2,1,,44,,1,21,,121.5283648,25.0382417
112,7,28,0,0,2,03中山區,中山區民權東路2段與吉林路口,0,0,1,1,C03,6,5,5,50,4,2,1,4,4,5,13,2,1,10,5,5,2,18,2,25,2,9,6,1,7,9,1,10,1,14,,42,,1,21,,121.5303828,25.06267523
112,7,28,0,0,2,03中山區,中山區民權東路2段與吉林路口,0,0,1,2,,6,5,5,50,4,2,1,4,4,5,13,2,1,10,5,5,2,18,3,0,,,,,,,,,,,,67,,1,,,121.5303828,25.06267523
112,7,28,0,0,2,03中山區,中山區民權東路2段與吉林路口,0,0,1,3,B01,6,5,5,50,4,2,1,4,4,5,13,2,1,10,5,5,2,18,1,52,3,10,7,1,7,7,1,4,9,17,,100,,1,21,,121.5303828,25.06267523
112,7,28,1,25,2,03中山區,中山區長春路與林森北路口,0,0,1,2,B03,8,5,5,50,4,2,1,5,4,5,13,2,1,5,4,4,1,10,1,39,3,10,7,1,7,9,1,8,1,1,,44,,1,21,,121.5253916,25.0549358
112,7,28,1,25,2,03中山區,中山區長春路與林森北路口,0,0,1,1,F01,8,5,5,50,4,2,1,5,4,5,13,2,1,5,4,4,1,10,1,17,2,9,4,1,7,5,8,20,1,12,,2,,1,16,,121.5253916,25.0549358
112,7,28,1,46,2,09北投區,北投區大度路3段305號,0,0,1,2,,7,5,5,50,14,9,1,5,4,5,13,4,4,1,4,5,2,29,3,0,,,,,,,,,,,,67,,1,,,121.4658944,25.1231888
112,7,28,1,46,2,09北投區,北投區大度路3段305號,0,0,1,1,B03,7,5,5,50,14,9,1,5,4,5,13,4,4,1,4,5,2,29,1,39,2,8,7,1,7,15,1,8,2,2,,42,,1,21,,121.4658944,25.1231888
112,7,28,1,48,2,01大同區,大同區赤峰街與赤峰街41巷口,0,0,2,3,H02,7,6,6,30,4,1,1,5,4,5,13,4,4,10,5,5,2,15,2,63,2,9,5,5,7,20,8,20,10,16,,67,,1,21,,121.5196097,25.05489363
112,7,28,1,48,2,01大同區,大同區赤峰街與赤峰街41巷口,0,0,2,1,B03,7,6,6,30,4,1,1,5,4,5,13,4,4,10,5,5,2,15,1,24,3,10,3,4,7,3,1,8,1,1,,72,,1,21,,121.5196097,25.05489363
112,7,28,1,48,2,01大同區,大同區赤峰街與赤峰街41巷口,0,0,2,2,C03,7,6,6,30,4,1,1,5,4,5,13,4,4,10,5,5,2,15,1,65,2,9,5,1,7,9,1,8,1,12,,44,,1,21,,121.5196097,25.05489363
112,7,28,2,55,2,02萬華區,萬華區德昌街185巷與德昌街261巷口,0,0,1,1,C02,7,5,5,30,4,1,1,5,4,5,13,4,4,5,5,5,1,17,1,20,2,9,3,4,7,9,1,9,1,11,,72,,1,22,,121.4925385,25.0220977
112,7,28,2,55,2,02萬華區,萬華區德昌街185巷與德昌街261巷口,0,0,1,2,C03,7,5,5,30,4,1,1,5,4,5,13,4,4,5,5,5,1,17,1,61,3,10,3,4,7,9,1,10,1,14,,14,,1,22,,121.4925385,25.0220977
112,7,28,6,49,2,02萬華區,萬華區環河南路2段與雙園街口,0,0,1,2,C03,7,5,5,50,5,1,1,5,4,5,13,1,1,10,5,5,2,17,1,38,2,7,3,4,7,9,1,10,1,11,,13,,1,21,,121.4914193,25.03214807
112,7,28,6,49,2,02萬華區,萬華區環河南路2段與雙園街口,0,0,1,1,B12,7,5,5,50,5,1,1,5,4,5,13,1,1,10,5,5,2,17,1,43,3,10,3,4,7,5,1,8,1,6,,74,,1,21,,121.4914193,25.03214807
112,7,28,7,10,2,07信義區,信義區市民大道6段與松隆路329巷口,0,0,1,1,C03,7,7,5,40,3,2,1,5,4,5,13,2,1,10,4,5,2,18,1,50,2,8,5,1,7,9,1,9,1,12,,118,,1,21,,121.57921,25.0488884
112,7,28,7,10,2,07信義區,信義區市民大道6段與松隆路329巷口,0,0,1,2,,7,7,5,40,3,2,1,5,4,5,13,2,1,10,4,5,2,18,3,0,,,,,,,,,,,,67,,1,,,121.57921,25.0488884
112,7,28,7,15,2,01大同區,大同區重慶北路1段與鄭州路口,0,0,1,1,C03,7,6,5,40,4,1,1,5,4,5,13,2,1,8,3,5,2,17,2,52,3,10,6,1,7,7,1,10,1,13,,100,,1,21,,121.5134021,25.04954824
112,7,28,7,15,2,01大同區,大同區重慶北路1段與鄭州路口,0,0,1,2,C03,7,6,5,40,4,1,1,5,4,5,13,2,1,8,3,5,2,17,1,30,2,9,6,1,7,9,6,10,1,11,,44,,2,21,,121.5134021,25.04954824
112,7,28,7,20,2,09北投區,北投區西安街2段349號,0,0,1,1,C03,8,7,5,50,14,9,1,5,4,5,13,4,4,10,4,5,2,17,2,56,3,10,,,,,,,9,,,100,,2,,,121.5050292,25.12086276
112,7,28,7,20,2,09北投區,北投區西安街2段349號,0,0,1,2,C03,8,7,5,50,14,9,1,5,4,5,13,4,4,10,4,5,2,17,1,52,2,7,6,1,7,10,1,10,11,13,,42,,1,21,,121.5050292,25.12086276
112,7,28,7,35,2,09北投區,北投區永興路1段631號,0,0,1,1,C02,8,6,5,50,14,9,1,5,4,5,13,4,4,10,4,5,2,13,1,22,3,10,5,1,7,11,1,9,1,11,,10,,1,21,,121.4988843,25.13800951
112,7,28,7,35,2,09北投區,北投區永興路1段631號,0,0,1,2,C03,8,6,5,50,14,9,1,5,4,5,13,4,4,10,4,5,2,13,1,46,3,10,5,1,7,10,6,10,1,11,,108,,1,21,,121.4988843,25.13800951
112,7,28,7,35,2,09北投區,北投區永興路1段631號,0,0,1,3,H02,8,6,5,50,14,9,1,5,4,5,13,4,4,10,4,5,2,13,2,18,2,8,5,5,7,20,8,20,10,16,,67,,1,21,,121.4988843,25.13800951
112,7,28,7,40,2,07信義區,信義區和平東路3段與富陽街口口,0,0,2,1,C03,7,7,5,50,4,1,1,5,4,5,13,2,1,1,4,5,2,1,1,21,2,7,5,1,7,5,3,18,2,11,12,107,,1,21,,121.5565689,25.0208944
112,7,28,7,40,2,07信義區,信義區和平東路3段與富陽街口口,0,0,2,2,H01,7,7,5,50,4,1,1,5,4,5,13,2,1,1,4,5,2,1,2,83,2,8,4,5,8,16,8,20,10,16,,123,,1,21,,121.5565689,25.0208944
112,7,28,8,1,2,04大安區,大安區大安路1段106巷與大安路1段口,0,0,1,1,B03,7,7,5,30,4,2,1,5,4,5,13,4,4,9,3,5,1,15,1,44,3,10,7,1,7,11,1,8,1,5,,73,,1,21,,121.5461433,25.04057132
112,7,28,8,1,2,04大安區,大安區大安路1段106巷與大安路1段口,0,0,1,2,C03,7,7,5,30,4,2,1,5,4,5,13,4,4,9,3,5,1,15,1,27,2,9,5,1,7,9,1,10,1,11,,44,,1,26,,121.5461433,25.04057132
112,7,28,8,6,2,10文山區,文山區辛亥路6段23-37號,0,0,1,2,B03,8,6,5,50,14,9,2,5,4,5,13,4,4,1,4,5,2,17,2,37,3,10,3,4,7,9,1,8,1,2,,118,,1,22,,121.5521868,24.99067677
112,7,28,8,6,2,10文山區,文山區辛亥路6段23-37號,0,0,1,1,C03,8,6,5,50,14,9,2,5,4,5,13,4,4,1,4,5,2,17,2,31,2,9,5,4,7,7,1,10,1,14,,100,,1,22,,121.5521868,24.99067677
112,7,28,8,14,2,12內湖區,內湖區潭美街399號,0,0,1,2,,9,6,5,0,11,9,1,5,4,4,10,4,4,5,4,5,1,29,4,0,,,,,,,,,11,,,119,,2,,,121.5930343,25.06079669
112,7,28,8,14,2,12內湖區,內湖區潭美街399號,0,0,1,1,C03,9,6,5,0,11,9,1,5,4,4,10,4,4,5,4,5,1,29,2,22,2,8,6,1,7,9,1,10,1,17,,118,,1,22,,121.5930343,25.06079669
112,7,28,8,15,2,09北投區,北投區福美路230號,0,0,2,1,C03,8,5,5,0,14,9,1,5,4,5,13,4,4,5,5,5,2,3,1,35,2,9,6,1,7,9,1,10,1,11,,13,,1,22,,121.5043741,25.10048668
112,7,28,8,15,2,09北投區,北投區福美路230號,0,0,2,2,H01,8,5,5,0,14,9,1,5,4,5,13,4,4,5,5,5,2,3,2,17,2,9,4,5,8,18,8,20,10,16,,121,,1,22,,121.5043741,25.10048668
112,7,28,8,40,2,07信義區,信義區松勤街60號,0,0,1,1,C03,8,6,5,30,14,9,1,5,4,5,13,4,4,10,4,5,2,13,1,19,2,9,6,1,7,9,1,10,1,11,,118,,1,21,,121.5636057,25.0319899
112,7,28,8,40,2,07信義區,信義區松勤街60號,0,0,1,2,B03,8,6,5,30,14,9,1,5,4,5,13,4,4,10,4,5,2,13,1,57,3,10,7,1,7,9,1,8,1,3,,118,,1,21,,121.5636057,25.0319899
112,7,28,8,43,2,11南港區,南港區忠孝東路6段297號,0,0,1,1,B03,7,6,5,40,14,9,1,5,4,5,13,2,1,1,4,5,2,16,1,40,3,10,7,1,7,6,1,8,2,2,,9,,1,22,,121.5911902,25.0498833
112,7,28,8,43,2,11南港區,南港區忠孝東路6段297號,0,0,1,2,C03,7,6,5,40,14,9,1,5,4,5,13,2,1,1,4,5,2,16,2,55,2,9,6,1,7,9,1,10,2,11,,44,,1,22,,121.5911902,25.0498833
112,7,28,8,54,2,12內湖區,內湖區內湖路1段332號,0,0,1,1,B03,8,6,5,40,14,8,1,5,4,5,13,4,4,1,4,4,2,17,1,54,3,10,7,1,7,7,1,8,2,5,,100,,1,22,,121.5701845,25.08167237
112,7,28,8,54,2,12內湖區,內湖區內湖路1段332號,0,0,1,2,C03,8,6,5,40,14,8,1,5,4,5,13,4,4,1,4,4,2,17,1,28,2,9,6,1,7,9,1,10,2,14,,108,,1,22,,121.5701845,25.08167237
112,7,28,9,6,2,09北投區,北投區光明路108號前,0,0,2,4,H02,8,6,5,50,14,9,1,5,4,5,13,3,1,5,5,5,2,17,2,5,2,7,5,5,7,20,8,20,10,16,,67,,1,21,,121.5013492,25.1331376
112,7,28,9,6,2,09北投區,北投區光明路108號前,0,0,2,1,A02,8,6,5,50,14,9,1,5,4,5,13,3,1,5,5,5,2,17,1,41,3,10,7,1,7,1,1,2,1,5,,44,,1,21,,121.5013492,25.1331376
112,7,28,9,6,2,09北投區,北投區光明路108號前,0,0,2,2,C03,8,6,5,50,14,9,1,5,4,5,13,3,1,5,5,5,2,17,2,39,2,7,5,1,7,2,1,10,1,13,,34,,1,21,,121.5013492,25.1331376
112,7,28,9,6,2,09北投區,北投區光明路108號前,0,0,2,3,C03,8,6,5,50,14,9,1,5,4,5,13,3,1,5,5,5,2,17,2,53,3,10,5,1,7,14,1,10,1,12,,44,,1,21,,121.5013492,25.1331376
112,7,28,9,47,2,09北投區,北投區洲美街283巷,0,0,1,1,B02,8,6,8,30,22,9,1,5,4,5,13,4,4,9,5,5,2,8,1,49,3,10,7,1,7,2,1,8,1,3,,12,,1,21,,121.5000901,25.10303506
112,7,28,9,47,2,09北投區,北投區洲美街283巷,0,0,1,2,H01,8,6,8,30,22,9,1,5,4,5,13,4,4,9,5,5,2,8,2,81,2,9,4,5,8,17,8,20,10,16,,67,,1,21,,121.5000901,25.10303506
112,7,28,9,51,2,09北投區,北投區知行路210巷38號前,0,0,1,1,B03,8,6,5,30,14,9,1,5,4,5,13,4,4,5,5,5,2,10,1,39,3,10,7,1,7,9,1,8,1,1,,44,,1,21,,121.4683416,25.119444
112,7,28,9,51,2,09北投區,北投區知行路210巷38號前,0,0,1,2,C01,8,6,5,30,14,9,1,5,4,5,13,4,4,5,5,5,2,10,1,32,2,7,6,1,7,9,1,9,1,11,,108,,1,21,,121.4683416,25.119444
112,7,28,9,58,2,06松山區,松山區民權東路3段與民權東路3段191巷口,0,0,1,1,B03,7,7,5,50,14,9,1,5,4,5,13,4,4,9,4,5,2,16,1,40,3,10,7,1,7,6,1,8,2,5,,9,,1,22,,121.5484683,25.06203676
112,7,28,9,58,2,06松山區,松山區民權東路3段與民權東路3段191巷口,0,0,1,2,C03,7,7,5,50,14,9,1,5,4,5,13,4,4,9,4,5,2,16,2,47,2,9,6,1,7,15,1,9,2,14,,14,,1,22,,121.5484683,25.06203676
112,7,28,10,13,2,08士林區,士林區承德路5段與士商路口口,0,0,1,2,C03,8,6,5,40,14,9,1,5,4,5,13,2,1,10,4,5,2,16,1,21,2,9,6,1,7,9,1,10,1,11,,13,,1,21,,121.514272,25.0960703
112,7,28,10,13,2,08士林區,士林區承德路5段與士商路口口,0,0,1,1,B03,8,6,5,40,14,9,1,5,4,5,13,2,1,10,4,5,2,16,2,31,3,10,7,1,7,6,1,8,1,6,,9,,1,21,,121.514272,25.0960703
112,7,28,10,25,2,07信義區,信義區松德路122號,0,0,1,1,C03,8,6,5,50,14,7,1,5,4,5,13,2,1,1,4,4,2,17,1,27,2,8,6,1,7,9,1,10,2,14,,44,,1,21,,121.5747205,25.0374048
112,7,28,10,25,2,07信義區,信義區松德路122號,0,0,1,2,C03,8,6,5,50,14,7,1,5,4,5,13,2,1,1,4,4,2,17,1,37,3,10,6,1,7,9,1,10,2,17,,36,,1,21,,121.5747205,25.0374048
112,7,28,10,49,2,01大同區,大同區鄭州路與西寧北路口,0,0,1,1,B03,7,6,5,50,4,2,1,5,4,5,13,1,1,5,2,5,2,17,4,68,4,11,3,4,7,21,7,19,11,15,,119,,2,22,,121.5081244,25.0502789
112,7,28,10,49,2,01大同區,大同區鄭州路與西寧北路口,0,0,1,2,C03,7,6,5,50,4,2,1,5,4,5,13,1,1,5,2,5,2,17,2,19,2,9,5,1,7,8,1,10,11,13,,100,,1,21,,121.5081244,25.0502789
112,7,28,10,51,2,05中正區,中正區重慶南路1段與襄陽路口,0,0,1,1,B02,8,6,5,50,3,2,1,5,4,5,13,2,1,5,3,5,2,17,2,40,3,10,7,1,7,9,1,8,2,5,,44,,1,22,,121.5133505,25.04345938
112,7,28,10,51,2,05中正區,中正區重慶南路1段與襄陽路口,0,0,1,2,C03,8,6,5,50,3,2,1,5,4,5,13,2,1,5,3,5,2,17,2,18,2,9,5,1,7,7,1,10,2,14,,100,,1,22,,121.5133505,25.04345938
112,7,28,12,15,2,08士林區,士林區中山北路6段776巷與天母東路8巷口,0,0,1,1,B01,8,6,5,30,4,1,1,5,4,5,13,3,1,10,5,5,2,17,1,49,3,10,3,4,7,5,1,4,1,8,,17,,1,21,,121.5301735,25.1142305
112,7,28,12,15,2,08士林區,士林區中山北路6段776巷與天母東路8巷口,0,0,1,2,C03,8,6,5,30,4,1,1,5,4,5,13,3,1,10,5,5,2,17,2,33,2,8,3,4,7,5,1,10,1,14,,17,,1,21,,121.5301735,25.1142305
112,7,28,12,30,2,08士林區,士林區劍潭路55巷1110641燈桿旁,0,0,2,4,C03,7,7,5,30,14,9,1,5,4,5,13,4,4,9,5,5,2,17,1,24,3,10,3,4,7,13,7,19,11,12,,44,,1,21,,121.5213732,25.08439357
112,7,28,12,30,2,08士林區,士林區劍潭路55巷1110641燈桿旁,0,0,2,1,B11,7,7,5,30,14,9,1,5,4,5,13,4,4,9,5,5,2,17,1,27,3,10,7,1,7,4,1,4,1,2,,107,,1,21,,121.5213732,25.08439357