發生年度,發生月,發生日,發生時-Hours,發生分,處理別-編號,區序,肇事地點,死亡人數,2-30日死亡人數,受傷人數,當事人序號,車種,天候,光線,道路類別,速限-速度限制,道路型態,事故位置,路面狀況1,路面狀況2,路面狀況3,道路障礙1,道路障礙2,號誌1,號誌2,車道劃分-分向,車道劃分-分道1,車道劃分-分道2,車道劃分-分道3,事故類型及型態,性別,年齡,受傷程度,主要傷處,保護裝置,行動電話,車輛用途,當事者行動狀態,駕駛資格情形,駕駛執照種類,飲酒情形,車輛撞擊部位1,車輛撞擊部位2,肇因碼-個別,肇因碼-主要,個人肇逃否,職業,旅次目的,座標-X,座標-Y
112,7,28,12,30,2,08士林區,士林區劍潭路55巷1110641燈桿旁,0,0,2,3,H02,7,7,5,30,14,9,1,5,4,5,13,4,4,9,5,5,2,17,2,58,2,9,6,5,7,17,8,20,10,16,,67,,1,21,,121.5213732,25.08439357
112,7,28,12,30,2,08士林區,士林區劍潭路55巷1110641燈桿旁,0,0,2,5,C03,7,7,5,30,14,9,1,5,4,5,13,4,4,9,5,5,2,17,1,48,3,10,3,4,7,13,7,19,11,12,,44,,1,21,,121.5213732,25.08439357
112,7,28,12,30,2,08士林區,士林區劍潭路55巷1110641燈桿旁,0,0,2,6,C03,7,7,5,30,14,9,1,5,4,5,13,4,4,9,5,5,2,17,1,53,3,10,3,4,7,13,7,19,11,12,,44,,1,21,,121.5213732,25.08439357
112,7,28,12,30,2,08士林區,士林區劍潭路55巷1110641燈桿旁,0,0,2,2,C03,7,7,5,30,14,9,1,5,4,5,13,4,4,9,5,5,2,17,1,58,2,9,5,1,7,9,1,10,1,14,,44,,1,21,,121.5213732,25.08439357
112,7,28,12,31,2,03中山區,中山區市民大道3段與八德路2段口,0,0,1,1,B03,8,6,5,40,4,1,1,5,4,5,13,2,1,1,1,1,1,17,1,58,3,10,3,4,7,6,1,8,1,17,,9,,1,21,,121.5348265,25.04505162
112,7,28,12,31,2,03中山區,中山區市民大道3段與八德路2段口,0,0,1,2,C03,8,6,5,40,4,1,1,5,4,5,13,2,1,1,1,1,1,17,1,34,2,9,3,4,7,9,1,10,1,12,,13,,1,21,,121.5348265,25.04505162
112,7,28,12,55,2,03中山區,中山區長春路100號,0,0,2,3,H02,8,7,5,50,14,7,1,5,4,5,12,4,4,5,5,4,2,13,2,23,2,3,6,5,7,20,8,20,10,16,,67,,1,22,,121.5278514,25.054891
112,7,28,12,55,2,03中山區,中山區長春路100號,0,0,2,2,B03,8,7,5,50,14,7,1,5,4,5,12,4,4,5,5,4,2,13,1,51,3,10,3,4,7,9,1,8,1,3,,44,,1,22,,121.5278514,25.054891
112,7,28,12,55,2,03中山區,中山區長春路100號,0,0,2,1,C03,8,7,5,50,14,7,1,5,4,5,12,4,4,5,5,4,2,13,1,24,2,3,6,4,7,10,1,10,1,11,,16,,1,22,,121.5278514,25.054891
112,7,28,13,8,2,12內湖區,內湖區東湖路78號,0,0,1,2,H02,8,5,5,50,14,9,1,5,4,5,13,4,4,5,4,5,1,9,1,48,2,9,4,5,7,20,8,20,10,17,,67,,1,21,,121.6143346,25.0686879
112,7,28,13,8,2,12內湖區,內湖區東湖路78號,0,0,1,1,A02,8,5,5,50,14,9,1,5,4,5,13,4,4,5,4,5,1,9,1,55,3,10,7,1,7,8,1,2,1,17,,44,,1,21,,121.6143346,25.0686879
112,7,28,13,10,2,05中正區,中正區許昌街24號,0,0,1,2,B01,7,6,5,30,14,9,1,5,4,5,13,4,4,10,5,5,2,14,1,59,3,10,7,1,7,9,1,4,1,8,,44,,1,22,,121.516445,25.0455051
112,7,28,13,10,2,05中正區,中正區許昌街24號,0,0,1,1,C03,7,6,5,30,14,9,1,5,4,5,13,4,4,10,5,5,2,14,2,27,2,9,5,1,7,3,1,10,1,13,,18,,1,22,,121.516445,25.0455051
112,7,28,13,57,2,02萬華區,萬華區和平西路3段與南寧路口,0,0,1,1,C04,8,7,5,50,5,2,1,5,4,5,13,1,1,1,5,5,2,17,2,25,2,9,5,1,7,8,1,8,1,14,,100,,1,21,,121.5030906,25.0351454
112,7,28,13,57,2,02萬華區,萬華區和平西路3段與南寧路口,0,0,1,2,A02,8,7,5,50,5,2,1,5,4,5,13,1,1,1,5,5,2,17,1,49,3,10,7,1,7,9,1,2,1,5,,44,,1,21,,121.5030906,25.0351454
112,7,28,14,30,2,05中正區,中正區師大路198號,0,0,1,1,B03,7,6,5,50,14,9,1,5,4,5,13,2,1,8,4,5,1,13,1,42,3,10,7,1,7,9,1,8,1,1,,16,,1,21,,121.5238878,25.0209594
112,7,28,14,30,2,05中正區,中正區師大路198號,0,0,1,2,B01,7,6,5,50,14,9,1,5,4,5,13,2,1,8,4,5,1,13,1,52,2,2,7,1,7,9,1,4,1,3,,44,,1,21,,121.5238878,25.0209594
112,7,28,14,55,2,05中正區,中正區羅斯福路2段與潮州街3巷口,0,0,1,1,C03,6,6,5,50,5,1,1,4,4,5,13,2,1,1,4,5,1,17,1,37,3,10,5,1,7,9,7,19,11,17,,107,,2,22,,121.5206571,25.02965032
112,7,28,14,55,2,05中正區,中正區羅斯福路2段與潮州街3巷口,0,0,1,2,C03,6,6,5,50,5,1,1,4,4,5,13,2,1,1,4,5,1,17,1,37,2,9,5,1,7,5,1,10,1,14,,44,,1,22,,121.5206571,25.02965032
112,7,28,15,8,2,06松山區,松山區南京東路5段305號,0,0,1,1,A12,6,5,5,50,14,9,1,4,4,5,13,4,4,1,4,5,2,17,1,43,3,10,7,1,7,1,1,1,2,7,,19,,1,21,,121.5664541,25.0514488
112,7,28,15,8,2,06松山區,松山區南京東路5段305號,0,0,1,2,C03,6,5,5,50,14,9,1,4,4,5,13,4,4,1,4,5,2,17,1,26,2,9,6,1,7,9,1,10,2,14,,44,,1,21,,121.5664541,25.0514488
112,7,28,15,51,2,07信義區,信義區松仁路與忠孝東路5段236巷2弄口,0,0,1,2,B01,6,6,5,50,3,1,1,4,4,5,12,4,4,1,4,5,2,17,1,56,3,10,7,1,7,5,1,4,1,1,,14,,1,21,,121.5690751,25.0405341
112,7,28,15,51,2,07信義區,信義區松仁路與忠孝東路5段236巷2弄口,0,0,1,1,C03,6,6,5,50,3,1,1,4,4,5,12,4,4,1,4,5,2,17,1,59,2,9,5,1,7,5,1,10,1,12,,74,,1,21,,121.5690751,25.0405341
112,7,28,16,19,2,04大安區,大安區羅斯福路3段269巷與羅斯福路3段283巷7弄口,0,0,1,1,B12,8,7,5,30,4,2,1,5,4,5,13,4,4,10,5,5,1,15,1,28,3,10,7,1,7,3,1,4,1,1,,72,,1,26,,121.5310322,25.01898988
112,7,28,16,19,2,04大安區,大安區羅斯福路3段269巷與羅斯福路3段283巷7弄口,0,0,1,2,C03,8,7,5,30,4,2,1,5,4,5,13,4,4,10,5,5,1,15,1,42,2,8,5,1,7,9,1,10,1,12,,14,,1,26,,121.5310322,25.01898988
112,7,28,16,40,2,03中山區,中山區濱江街134號,0,0,1,1,B01,7,5,5,50,14,9,1,5,4,5,13,4,4,10,3,5,1,16,1,31,3,10,7,1,7,7,1,4,1,2,,100,,1,21,,121.5355257,25.07240953
112,7,28,16,40,2,03中山區,中山區濱江街134號,0,0,1,2,C03,7,5,5,50,14,9,1,5,4,5,13,4,4,10,3,5,1,16,1,37,2,7,5,1,7,9,1,10,1,14,,44,,1,21,,121.5355257,25.07240953
112,7,28,16,42,2,02萬華區,萬華區艋舺大道與和平西路3段口,0,0,2,1,B03,8,7,5,50,4,2,1,5,4,5,13,1,1,1,4,5,2,17,2,33,3,10,7,1,7,6,1,8,1,3,,118,,1,21,,121.5046727,25.03404791
112,7,28,16,42,2,02萬華區,萬華區艋舺大道與和平西路3段口,0,0,2,2,C03,8,7,5,50,4,2,1,5,4,5,13,1,1,1,4,5,2,17,2,17,2,9,5,1,7,9,2,18,1,12,,118,,1,21,,121.5046727,25.03404791
112,7,28,16,42,2,02萬華區,萬華區艋舺大道與和平西路3段口,0,0,2,3,H02,8,7,5,50,4,2,1,5,4,5,13,1,1,1,4,5,2,17,1,21,2,9,5,5,7,20,8,20,10,16,,67,,1,21,,121.5046727,25.03404791
112,7,28,16,52,2,03中山區,中山區中山北路1段126巷,0,0,1,2,H01,8,5,5,30,14,9,1,5,4,5,13,4,4,10,5,4,1,1,2,62,2,9,4,5,8,16,8,20,10,16,,67,,1,21,,121.5218304,25.05098269
112,7,28,16,52,2,03中山區,中山區中山北路1段126巷,0,0,1,1,B01,8,5,5,30,14,9,1,5,4,5,13,4,4,10,5,4,1,1,1,52,3,10,7,1,7,15,1,4,1,2,,108,,1,21,,121.5218304,25.05098269
112,7,28,17,3,2,10文山區,文山區和平東路4段97號,0,0,1,1,C03,7,6,8,40,22,22,1,4,4,5,13,1,1,5,5,5,1,17,2,55,3,10,3,4,7,1,1,10,2,17,,19,,1,22,,121.5679257,25.0050265
112,7,28,17,3,2,10文山區,文山區和平東路4段97號,0,0,1,2,C03,7,6,8,40,22,22,1,4,4,5,13,1,1,5,5,5,1,17,1,59,2,9,3,4,7,9,1,10,1,12,,42,,1,22,,121.5679257,25.0050265
112,7,28,17,10,2,03中山區,中山區長安東路2段117號,0,0,1,1,C03,8,7,5,50,14,9,1,5,4,5,13,4,4,5,4,5,2,13,2,19,2,9,6,4,7,9,1,10,2,11,,108,,1,22,,121.5355949,25.04852047
112,7,28,17,10,2,03中山區,中山區長安東路2段117號,0,0,1,2,B01,8,7,5,50,14,9,1,5,4,5,13,4,4,5,4,5,2,13,1,48,3,10,3,4,7,9,1,3,2,3,,44,,1,22,,121.5355949,25.04852047
112,7,28,17,17,2,04大安區,大安區建國南路2段151巷與建國南路2段口,0,0,1,1,B03,7,7,5,50,4,2,1,5,4,5,13,2,1,8,3,5,1,3,1,40,3,10,7,1,7,6,1,8,2,5,,9,,1,21,,121.5380634,25.02875888
112,7,28,17,17,2,04大安區,大安區建國南路2段151巷與建國南路2段口,0,0,1,2,H01,7,7,5,50,4,2,1,5,4,5,13,2,1,8,3,5,1,3,1,71,2,1,4,5,8,16,8,20,10,16,,67,,1,22,,121.5380634,25.02875888
112,7,28,17,19,2,12內湖區,內湖區康樂街191巷與康樂街口,0,0,1,2,C03,8,7,5,30,3,1,1,5,4,5,13,4,4,5,5,5,1,17,2,67,2,9,5,1,7,9,1,10,1,17,,42,,1,21,,121.6202216,25.0753624
112,7,28,17,19,2,12內湖區,內湖區康樂街191巷與康樂街口,0,0,1,1,B03,8,7,5,30,3,1,1,5,4,5,13,4,4,5,5,5,1,17,2,20,3,10,7,1,7,5,1,8,1,17,,72,,1,21,,121.6202216,25.0753624
112,7,28,17,20,2,04大安區,大安區新生南路1段97巷與新生南路1段103巷33弄口,0,0,1,1,C03,8,6,5,30,4,1,1,5,4,5,13,4,4,10,4,5,2,15,1,23,2,9,6,1,7,3,1,10,1,12,,72,,1,21,,121.5356703,25.0411823
112,7,28,17,20,2,04大安區,大安區新生南路1段97巷與新生南路1段103巷33弄口,0,0,1,2,B03,8,6,5,30,4,1,1,5,4,5,13,4,4,10,4,5,2,15,1,24,3,10,7,1,7,9,1,8,1,1,,108,,1,21,,121.5356703,25.0411823
112,7,28,17,38,2,07信義區,信義區信義路5段5號,0,0,1,1,C03,8,6,5,50,14,9,1,5,4,5,13,1,1,1,4,1,2,13,1,53,2,9,5,1,7,8,1,10,1,11,,108,,1,21,,121.5623403,25.03299925
112,7,28,17,38,2,07信義區,信義區信義路5段5號,0,0,1,2,B03,8,6,5,50,14,9,1,5,4,5,13,1,1,1,4,1,2,13,1,39,3,10,7,1,7,14,1,8,1,3,,44,,1,21,,121.5623403,25.03299925
112,7,28,17,40,2,05中正區,中正區杭州南路1段與忠孝東路2段口,0,0,1,1,C03,8,6,5,50,4,1,1,5,4,5,13,2,1,1,4,5,2,16,2,22,2,9,5,1,7,5,1,10,1,11,,8,,1,22,,121.5268636,25.04395404
112,7,28,17,40,2,05中正區,中正區杭州南路1段與忠孝東路2段口,0,0,1,2,B03,8,6,5,50,4,1,1,5,4,5,13,2,1,1,4,5,2,16,2,46,3,10,7,1,7,7,1,8,1,6,,100,,1,22,,121.5268636,25.04395404
112,7,28,17,47,2,08士林區,士林區中正路與福港街口陽明高中前,0,0,1,1,B03,8,6,5,40,3,2,1,5,4,5,13,1,1,1,4,4,2,12,1,50,3,10,3,4,7,8,1,8,1,4,,100,,1,22,,121.5178712,25.0920572
112,7,28,17,47,2,08士林區,士林區中正路與福港街口陽明高中前,0,0,1,2,C03,8,6,5,40,3,2,1,5,4,5,13,1,1,1,4,4,2,12,1,66,2,8,6,1,7,9,1,10,1,12,,44,,1,22,,121.5178712,25.0920572
112,7,28,17,52,2,06松山區,松山區敦化北路151號,0,0,1,2,C03,7,5,5,50,14,9,1,5,4,5,13,4,4,4,3,4,2,17,1,53,3,10,6,1,7,10,1,10,1,13,,118,,1,21,,121.5492394,25.05402115
112,7,28,17,52,2,06松山區,松山區敦化北路151號,0,0,1,3,B01,7,5,5,50,14,9,1,5,4,5,13,4,4,4,3,4,2,17,1,53,3,10,3,1,7,,1,4,1,7,,118,,,21,,121.5492394,25.05402115
112,7,28,17,52,2,06松山區,松山區敦化北路151號,0,0,1,1,C03,7,5,5,50,14,9,1,5,4,5,13,4,4,4,3,4,2,17,1,36,2,3,6,1,7,10,1,10,1,11,,118,,1,21,,121.5492394,25.05402115
112,7,28,18,25,2,10文山區,文山區興隆路1段與萬盛街口,0,0,1,1,B03,8,5,5,50,4,4,1,5,4,5,13,2,1,1,4,5,2,13,1,53,3,10,7,1,7,10,1,8,1,1,,118,,1,21,,121.5409074,25.0037466
112,7,28,18,25,2,10文山區,文山區興隆路1段與萬盛街口,0,0,1,2,C03,8,5,5,50,4,4,1,5,4,5,13,2,1,1,4,5,2,13,2,48,2,9,5,1,7,14,1,10,1,13,,44,,1,21,,121.5409074,25.0037466
112,7,28,18,30,2,05中正區,中正區重慶南路1段83號,0,0,1,2,B01,8,5,5,50,14,9,1,5,4,5,13,4,4,10,4,5,2,16,1,53,3,10,7,1,7,9,1,4,1,2,,44,,1,22,,121.5132736,25.0438142
112,7,28,18,30,2,05中正區,中正區重慶南路1段83號,0,0,1,1,C03,8,5,5,50,14,9,1,5,4,5,13,4,4,10,4,5,2,16,2,24,2,8,5,1,7,7,1,10,1,14,,100,,1,22,,121.5132736,25.0438142
112,7,28,18,37,2,03中山區,中山區新生北路2段與新生北路2段101巷口,0,0,1,1,B03,8,5,5,50,14,9,1,5,4,5,13,1,1,1,3,5,1,13,1,26,3,10,3,4,7,10,1,8,1,1,,16,,1,21,,121.5277674,25.05771551
112,7,28,18,37,2,03中山區,中山區新生北路2段與新生北路2段101巷口,0,0,1,2,C03,8,5,5,50,14,9,1,5,4,5,13,1,1,1,3,5,1,13,1,49,2,8,6,4,7,9,1,10,1,13,,44,,1,21,,121.5277674,25.05771551
112,7,28,18,42,2,01大同區,大同區太原路與平陽街口,0,0,3,1,C03,7,5,5,50,4,1,1,5,4,5,13,1,1,5,5,5,2,16,1,41,2,9,6,1,7,5,1,10,2,14,,8,,1,21,,121.5165768,25.0551626
112,7,28,18,42,2,01大同區,大同區太原路與平陽街口,0,0,3,2,C03,7,5,5,50,4,1,1,5,4,5,13,1,1,5,5,5,2,16,1,29,2,9,6,1,7,9,1,10,2,12,,44,,1,21,,121.5165768,25.0551626
112,7,28,18,42,2,01大同區,大同區太原路與平陽街口,0,0,3,3,H02,7,5,5,50,4,1,1,5,4,5,13,1,1,5,5,5,2,16,2,40,2,8,6,5,7,20,8,20,10,16,,67,,1,21,,121.5165768,25.0551626
112,7,28,19,18,2,03中山區,中山區基湖路與基湖路166巷口,0,0,1,2,B03,8,5,5,30,3,1,1,5,4,5,13,4,4,1,3,5,1,16,1,28,3,10,7,1,7,9,1,8,2,8,,44,,1,21,,121.5632607,25.0774969
112,7,28,19,18,2,03中山區,中山區基湖路與基湖路166巷口,0,0,1,1,C03,8,5,5,30,3,1,1,5,4,5,13,4,4,1,3,5,1,16,1,36,2,9,6,1,7,5,1,10,2,13,,72,,1,21,,121.5632607,25.0774969
112,7,28,19,24,2,03中山區,中山區八德路2段199巷與建國北路1段23巷口,0,0,2,3,H02,8,5,5,30,4,1,1,5,4,5,13,4,4,10,5,5,1,15,2,36,2,7,3,5,7,20,8,20,10,16,,67,,1,22,,121.5390433,25.0473575
112,7,28,19,24,2,03中山區,中山區八德路2段199巷與建國北路1段23巷口,0,0,2,1,C03,8,5,5,30,4,1,1,5,4,5,13,4,4,10,5,5,1,15,1,22,2,3,3,4,7,9,1,10,2,11,,72,,1,22,,121.5390433,25.0473575
112,7,28,19,24,2,03中山區,中山區八德路2段199巷與建國北路1段23巷口,0,0,2,2,B03,8,5,5,30,4,1,1,5,4,5,13,4,4,10,5,5,1,15,1,47,3,10,3,4,7,9,1,8,2,2,,44,,1,22,,121.5390433,25.0473575
112,7,28,20,23,2,03中山區,中山區民生東路2段與吉林路口,0,0,2,1,C02,8,5,5,50,4,1,1,5,4,5,13,1,1,4,3,5,1,16,1,51,2,9,6,4,7,5,1,9,2,14,,8,,1,21,,121.5300033,25.0579774
112,7,28,20,23,2,03中山區,中山區民生東路2段與吉林路口,0,0,2,2,C03,8,5,5,50,4,1,1,5,4,5,13,1,1,4,3,5,1,16,1,50,2,9,6,4,7,6,1,10,2,11,,13,,1,21,,121.5300033,25.0579774
112,7,28,20,30,2,08士林區,士林區光華路與長春街2巷口,0,0,1,1,B03,7,5,5,30,3,1,1,5,4,5,13,4,4,10,5,5,2,16,2,42,3,10,7,1,7,5,1,8,1,1,,74,,1,22,,121.5444101,25.13785268
112,7,28,20,30,2,08士林區,士林區光華路與長春街2巷口,0,0,1,2,C03,7,5,5,30,3,1,1,5,4,5,13,4,4,10,5,5,2,16,1,20,2,9,5,1,7,5,1,10,1,12,,13,,1,22,,121.5444101,25.13785268
112,7,28,20,45,2,06松山區,松山區民生東路3段140巷與民生東路3段口,0,0,2,2,C03,8,5,5,30,3,1,1,5,4,5,13,4,4,1,4,5,2,16,1,21,2,9,6,1,7,6,1,10,1,11,,44,,1,22,,121.5473987,25.0576286
112,7,28,20,45,2,06松山區,松山區民生東路3段140巷與民生東路3段口,0,0,2,1,B03,8,5,5,30,3,1,1,5,4,5,13,4,4,1,4,5,2,16,1,59,3,10,7,1,7,9,1,8,1,8,,72,,1,22,,121.5473987,25.0576286
112,7,28,20,45,2,06松山區,松山區民生東路3段140巷與民生東路3段口,0,0,2,3,H02,8,5,5,30,3,1,1,5,4,5,13,4,4,1,4,5,2,16,2,17,2,9,6,5,7,20,8,20,10,16,,67,,1,22,,121.5473987,25.0576286
112,7,28,20,50,2,06松山區,松山區松河街3號,0,0,2,2,C03,8,5,5,40,14,9,1,5,4,5,13,4,4,9,4,5,2,13,2,23,2,9,5,1,7,9,1,10,1,11,,16,,1,22,,121.5719955,25.05087664
112,7,28,20,50,2,06松山區,松山區松河街3號,0,0,2,1,C03,8,5,5,40,14,9,1,5,4,5,13,4,4,9,4,5,2,13,1,24,2,9,5,1,7,12,1,10,1,13,,42,,1,22,,121.5719955,25.05087664
112,7,28,21,17,2,09北投區,北投區西安街2段與石牌路1段口,0,0,3,3,H02,7,5,5,50,4,1,1,5,4,5,13,1,1,10,4,5,2,16,2,23,2,9,6,5,7,20,8,20,10,16,,67,,1,21,,121.5148023,25.1151745
112,7,28,21,17,2,09北投區,北投區西安街2段與石牌路1段口,0,0,3,2,C03,7,5,5,50,4,1,1,5,4,5,13,1,1,10,4,5,2,16,1,32,2,9,6,1,7,9,1,10,2,12,,44,,1,21,,121.5148023,25.1151745
112,7,28,21,17,2,09北投區,北投區西安街2段與石牌路1段口,0,0,3,1,C03,7,5,5,50,4,1,1,5,4,5,13,1,1,10,4,5,2,16,1,20,2,7,6,1,7,5,1,10,2,14,,8,,1,25,,121.5148023,25.1151745
112,7,28,21,20,2,06松山區,松山區光復北路199號與光復北路口,0,0,1,1,B03,8,5,5,50,3,1,1,5,4,5,13,4,4,5,4,4,2,16,1,32,3,10,7,1,7,1,1,8,2,4,,19,,1,22,,121.5550811,25.05915806
112,7,28,21,20,2,06松山區,松山區光復北路199號與光復北路口,0,0,1,2,C03,8,5,5,50,3,1,1,5,4,5,13,4,4,5,4,4,2,16,1,20,2,9,6,1,7,6,1,10,2,11,,44,,1,22,,121.5550811,25.05915806
112,7,28,21,32,2,08士林區,士林區通河西街2段與百齡橋口百齡橋下涵洞,0,0,2,1,C03,8,5,5,50,3,2,1,5,4,5,13,4,4,5,5,5,2,17,1,20,2,9,5,1,7,5,1,10,1,11,,44,,1,22,,121.5118484,25.0881348
112,7,28,21,32,2,08士林區,士林區通河西街2段與百齡橋口百齡橋下涵洞,0,0,2,3,H02,8,5,5,50,3,2,1,5,4,5,13,4,4,5,5,5,2,17,2,55,2,9,5,5,7,17,8,20,10,16,,67,,1,22,,121.5118484,25.0881348
112,7,28,21,32,2,08士林區,士林區通河西街2段與百齡橋口百齡橋下涵洞,0,0,2,2,C03,8,5,5,50,3,2,1,5,4,5,13,4,4,5,5,5,2,17,2,32,3,10,5,1,7,9,1,10,1,13,,4,,1,22,,121.5118484,25.0881348
112,7,28,21,40,2,08士林區,士林區基河路30號與基河路口停車場出入口,0,0,1,1,C03,8,5,5,50,22,9,1,5,4,5,13,4,4,10,4,5,2,17,1,34,2,9,3,4,7,9,1,10,1,11,,108,,1,22,,121.5245947,25.08364576
112,7,28,21,40,2,08士林區,士林區基河路30號與基河路口停車場出入口,0,0,1,2,B03,8,5,5,50,22,9,1,5,4,5,13,4,4,10,4,5,2,17,2,47,3,10,3,4,7,1,1,8,1,8,,19,,1,22,,121.5245947,25.08364576
112,7,28,23,26,2,05中正區,中正區中山南路1段與信義路1段口,0,0,2,1,C03,8,5,8,50,22,22,1,5,4,5,13,2,1,10,4,3,2,16,1,56,2,8,5,1,7,4,1,10,2,11,,107,,1,21,,121.5176135,25.0387214
112,7,28,23,26,2,05中正區,中正區中山南路1段與信義路1段口,0,0,2,2,C03,8,5,8,50,22,22,1,5,4,5,13,2,1,10,4,3,2,16,1,23,2,6,5,1,7,15,1,10,2,14,,44,,1,21,,121.5176135,25.0387214
112,7,28,23,32,2,10文山區,文山區木柵路2段與木柵路2段161巷口,0,0,2,1,C02,8,5,5,50,4,1,1,5,4,5,13,1,1,5,2,5,2,16,1,26,2,9,6,1,7,11,1,9,2,11,12,83,,1,21,,121.5629241,24.9890323
112,7,28,23,32,2,10文山區,文山區木柵路2段與木柵路2段161巷口,0,0,2,2,B03,8,5,5,50,4,1,1,5,4,5,13,1,1,5,2,5,2,16,1,55,3,10,7,1,7,9,1,8,2,1,5,13,,1,21,,121.5629241,24.9890323
112,7,28,23,32,2,10文山區,文山區木柵路2段與木柵路2段161巷口,0,0,2,3,C03,8,5,5,50,4,1,1,5,4,5,13,1,1,5,2,5,2,16,1,18,2,9,6,1,7,14,1,10,2,11,14,38,,1,21,,121.5629241,24.9890323
112,7,28,23,32,2,10文山區,文山區木柵路2段與木柵路2段161巷口,0,0,2,4,B12,8,5,5,50,4,1,1,5,4,5,13,1,1,5,2,5,2,16,2,51,3,10,3,1,7,13,1,8,9,7,,44,,1,21,,121.5629241,24.9890323
112,7,29,1,31,2,08士林區,士林區華齡街與劍潭路口,0,0,1,1,C03,7,5,5,50,4,1,1,5,4,5,10,4,4,5,5,5,2,15,2,61,2,5,5,1,7,9,1,10,1,12,,75,,1,21,,121.519532,25.082502
112,7,29,1,31,2,08士林區,士林區華齡街與劍潭路口,0,0,1,2,B01,7,5,5,50,4,1,1,5,4,5,10,4,4,5,5,5,2,15,1,39,3,10,7,1,7,15,1,4,1,8,,108,,1,21,,121.519532,25.082502
112,7,29,2,0,2,08士林區,士林區後港街與劍潭路口,0,0,1,1,C03,8,5,5,30,4,1,1,5,4,5,13,4,4,10,4,5,2,15,1,18,2,8,6,1,7,9,1,8,1,11,,72,,1,21,,121.5227706,25.0841328
112,7,29,2,0,2,08士林區,士林區後港街與劍潭路口,0,0,1,2,B03,8,5,5,30,4,1,1,5,4,5,13,4,4,10,4,5,2,15,1,35,3,10,7,1,7,9,1,8,1,5,,44,,1,21,,121.5227706,25.0841328
112,7,29,4,0,2,04大安區,大安區忠孝東路4段與敦化南路1段口,0,0,1,1,B01,8,5,5,50,4,1,1,5,4,5,13,1,1,1,4,1,1,1,1,57,3,10,7,1,7,6,1,4,2,1,,118,,1,21,,121.5488962,25.0417203
112,7,29,4,0,2,04大安區,大安區忠孝東路4段與敦化南路1段口,0,0,1,2,H01,8,5,5,50,4,1,1,5,4,5,13,1,1,1,4,1,1,1,1,52,2,9,4,5,8,16,8,20,10,16,,67,,1,21,,121.5488962,25.0417203
112,7,29,6,4,2,02萬華區,萬華區東園街與長泰街口,0,0,1,1,B01,8,6,5,30,4,1,1,5,4,5,13,1,1,5,4,5,1,17,1,69,3,10,7,1,7,5,1,8,1,4,,2,,1,21,,121.4982845,25.0222973
112,7,29,6,4,2,02萬華區,萬華區東園街與長泰街口,0,0,1,2,C03,8,6,5,30,4,1,1,5,4,5,13,1,1,5,4,5,1,17,1,39,2,7,5,1,7,14,1,10,1,11,,44,,1,21,,121.4982845,25.0222973
112,7,29,6,25,2,02萬華區,萬華區興義街與西園路2段372巷口,0,0,2,2,C03,8,7,5,30,4,1,1,5,4,5,13,4,4,10,5,5,2,15,1,21,2,9,5,1,7,9,3,18,1,11,,118,,1,21,,121.490733,25.0257992
112,7,29,6,25,2,02萬華區,萬華區興義街與西園路2段372巷口,0,0,2,3,B12,8,7,5,30,4,1,1,5,4,5,13,4,4,10,5,5,2,15,1,23,3,10,7,1,7,14,1,8,1,1,,38,,1,21,,121.490733,25.0257992
112,7,29,6,25,2,02萬華區,萬華區興義街與西園路2段372巷口,0,0,2,1,C03,8,7,5,30,4,1,1,5,4,5,13,4,4,10,5,5,2,15,1,42,2,9,2,1,7,9,3,18,1,14,,72,,1,21,,121.490733,25.0257992
112,7,29,6,45,2,09北投區,北投區復興四路8巷2號前,0,0,1,1,B12,8,6,5,30,14,9,1,5,4,5,13,4,4,10,5,5,2,9,2,52,3,10,7,1,7,2,1,8,9,3,,12,,1,21,,121.4998627,25.1414121
112,7,29,6,45,2,09北投區,北投區復興四路8巷2號前,0,0,1,2,H01,8,6,5,30,14,9,1,5,4,5,13,4,4,10,5,5,2,9,2,92,2,9,4,5,8,16,8,20,10,16,,67,,1,21,,121.4998627,25.1414121
112,7,29,7,25,2,07信義區,信義區忠孝東路5段208號,0,0,1,1,C03,8,6,5,50,14,9,1,5,4,5,13,4,4,1,4,5,2,18,2,47,2,9,6,1,7,9,1,10,9,14,,13,,1,21,,121.5705676,25.0409088
112,7,29,7,25,2,07信義區,信義區忠孝東路5段208號,0,0,1,2,,8,6,5,50,14,9,1,5,4,5,13,4,4,1,4,5,2,18,3,0,,,,,,,,,10,,,67,,1,,,121.5705676,25.0409088
112,7,29,8,0,2,07信義區,信義區環東大道下基隆路匝道,0,0,1,1,C02,8,5,5,50,10,16,1,5,4,5,13,4,4,9,4,5,2,13,1,29,2,7,6,1,7,9,1,9,1,11,,16,,1,21,,121.5675094,25.0461319
112,7,29,8,0,2,07信義區,信義區環東大道下基隆路匝道,0,0,1,2,B03,8,5,5,50,10,16,1,5,4,5,13,4,4,9,4,5,2,13,1,72,3,10,7,1,7,8,1,8,1,3,,44,,1,21,,121.5675094,25.0461319
112,7,29,8,35,2,08士林區,士林區環河北路3段堤外自行車道,0,0,1,2,F01,8,7,5,0,14,9,1,5,4,5,13,4,4,9,4,5,1,13,2,64,2,9,3,4,7,9,8,20,2,13,,44,,1,22,,121.5063915,25.08356874