發生年度,發生月,發生日,發生時-Hours,發生分,處理別-編號,區序,肇事地點,死亡人數,2-30日死亡人數,受傷人數,當事人序號,車種,天候,光線,道路類別,速限-速度限制,道路型態,事故位置,路面狀況1,路面狀況2,路面狀況3,道路障礙1,道路障礙2,號誌1,號誌2,車道劃分-分向,車道劃分-分道1,車道劃分-分道2,車道劃分-分道3,事故類型及型態,性別,年齡,受傷程度,主要傷處,保護裝置,行動電話,車輛用途,當事者行動狀態,駕駛資格情形,駕駛執照種類,飲酒情形,車輛撞擊部位1,車輛撞擊部位2,肇因碼-個別,肇因碼-主要,個人肇逃否,職業,旅次目的,座標-X,座標-Y
112,7,29,8,35,2,08士林區,士林區環河北路3段堤外自行車道,0,0,1,1,C03,8,7,5,0,14,9,1,5,4,5,13,4,4,9,4,5,1,13,1,18,3,10,5,4,7,10,1,10,2,11,,108,,1,22,,121.5063915,25.08356874
112,7,29,8,50,2,07信義區,信義區永吉路30巷與忠孝東路5段165巷3弄口口,0,0,1,1,C03,8,7,5,30,4,1,1,5,4,5,13,4,4,10,5,5,2,17,2,58,2,8,6,1,7,3,1,10,1,11,14,72,,1,21,,121.5687107,25.041583
112,7,29,8,50,2,07信義區,信義區永吉路30巷與忠孝東路5段165巷3弄口口,0,0,1,2,C03,8,7,5,30,4,1,1,5,4,5,13,4,4,10,5,5,2,17,1,26,3,10,6,1,7,9,1,9,1,12,,13,,1,21,,121.5687107,25.041583
112,7,29,8,52,2,08士林區,士林區文林路與福國路口,0,0,2,2,C03,8,6,5,50,5,1,1,5,4,5,13,1,1,3,4,3,2,16,1,50,2,9,5,1,7,5,1,10,2,14,,97,,1,21,,121.5207699,25.1021945
112,7,29,8,52,2,08士林區,士林區文林路與福國路口,0,0,2,1,C03,8,6,5,50,5,1,1,5,4,5,13,1,1,3,4,3,2,16,2,49,2,9,5,1,7,5,1,10,2,14,,96,,1,21,,121.5207699,25.1021945
112,7,29,9,13,2,04大安區,大安區和平東路2段與和平東路2段265巷口,0,0,1,1,C04,8,6,5,30,3,2,1,5,4,5,13,4,4,1,4,5,2,16,2,77,2,8,5,1,7,6,1,10,1,14,,72,,1,21,,121.5439599,25.0249247
112,7,29,9,13,2,04大安區,大安區和平東路2段與和平東路2段265巷口,0,0,1,2,C03,8,6,5,30,3,2,1,5,4,5,13,4,4,1,4,5,2,16,1,28,3,10,6,1,7,9,1,10,1,12,,13,,1,21,,121.5439599,25.0249247
112,7,29,9,15,2,03中山區,中山區民生東路1段與林森北路口,0,0,1,1,B03,8,5,5,50,4,1,1,5,4,5,13,1,1,5,4,5,2,16,2,54,3,10,7,1,7,5,1,8,1,5,,2,,1,21,,121.5255086,25.05804394
112,7,29,9,15,2,03中山區,中山區民生東路1段與林森北路口,0,0,1,2,C03,8,5,5,50,4,1,1,5,4,5,13,1,1,5,4,5,2,16,1,39,2,9,5,1,7,9,1,10,1,11,,44,,1,21,,121.5255086,25.05804394
112,7,29,9,33,2,05中正區,中正區汀州路2段與汀州路2段6巷附近口,0,0,2,3,H02,8,6,5,50,3,2,1,5,4,5,13,4,4,9,4,5,1,17,2,71,4,11,6,5,7,20,8,20,10,16,,67,,1,21,,121.5157049,25.02583865
112,7,29,9,33,2,05中正區,中正區汀州路2段與汀州路2段6巷附近口,0,0,2,1,C03,8,6,5,50,3,2,1,5,4,5,13,4,4,9,4,5,1,17,1,27,2,8,6,1,7,10,1,10,2,11,,107,,1,21,,121.5157049,25.02583865
112,7,29,9,33,2,05中正區,中正區汀州路2段與汀州路2段6巷附近口,0,0,2,2,C03,8,6,5,50,3,2,1,5,4,5,13,4,4,9,4,5,1,17,1,70,2,1,6,1,7,9,1,10,2,13,,30,,1,21,,121.5157049,25.02583865
112,7,29,9,38,2,12內湖區,內湖區港墘路82巷7弄與港墘路82巷口,0,0,1,2,C03,8,6,5,30,3,1,1,5,4,5,13,4,4,9,5,5,2,16,2,42,2,9,5,1,7,4,1,10,1,12,,1,,1,21,,121.5773068,25.08092464
112,7,29,9,38,2,12內湖區,內湖區港墘路82巷7弄與港墘路82巷口,0,0,1,1,B03,8,6,5,30,3,1,1,5,4,5,13,4,4,9,5,5,2,16,1,32,3,10,7,1,7,3,1,8,1,1,,44,,1,21,,121.5773068,25.08092464
112,7,29,9,50,2,08士林區,士林區百齡橋東向西006號燈桿,0,0,2,2,F01,8,6,5,50,14,8,1,5,4,5,13,4,4,10,5,4,1,13,2,64,2,9,4,1,7,9,8,20,2,13,,44,,1,21,,121.5140191,25.08947703
112,7,29,9,50,2,08士林區,士林區百齡橋東向西006號燈桿,0,0,2,1,C03,8,6,5,50,14,8,1,5,4,5,13,4,4,10,5,4,1,13,1,50,2,9,5,1,7,8,1,10,2,11,,108,,1,21,,121.5140191,25.08947703
112,7,29,9,52,2,05中正區,中正區汀州路1段370號前,0,0,2,3,B03,8,7,5,50,14,9,1,5,4,5,13,4,4,9,5,5,2,16,2,33,3,10,3,1,7,13,1,8,9,4,,44,,1,22,,121.5132069,25.0263753
112,7,29,9,52,2,05中正區,中正區汀州路1段370號前,0,0,2,1,C03,8,7,5,50,14,9,1,5,4,5,13,4,4,9,5,5,2,16,2,18,2,8,6,1,7,8,1,10,2,14,,100,,1,22,,121.5132069,25.0263753
112,7,29,9,52,2,05中正區,中正區汀州路1段370號前,0,0,2,2,C03,8,7,5,50,14,9,1,5,4,5,13,4,4,9,5,5,2,16,1,26,2,9,6,1,7,9,1,10,2,14,,13,,1,22,,121.5132069,25.0263753
112,7,29,9,54,2,05中正區,中正區汀州路1段120號,0,0,1,1,B12,8,7,5,50,14,9,1,5,4,5,13,4,4,9,5,5,2,16,1,47,3,10,3,4,7,1,1,8,2,8,,19,,1,22,,121.50815,25.02945637
112,7,29,9,54,2,05中正區,中正區汀州路1段120號,0,0,1,2,C03,8,7,5,50,14,9,1,5,4,5,13,4,4,9,5,5,2,16,1,35,2,9,5,1,7,9,1,10,2,14,,13,,1,21,,121.50815,25.02945637
112,7,29,10,14,2,03中山區,中山區長安西路28號,0,0,1,2,C03,8,7,5,50,14,9,1,5,4,5,13,4,4,5,4,5,2,13,1,36,2,7,5,1,7,12,1,10,1,13,,44,,1,22,,121.5205762,25.0500393
112,7,29,10,14,2,03中山區,中山區長安西路28號,0,0,1,1,C04,8,7,5,50,14,9,1,5,4,5,13,4,4,5,4,5,2,13,1,26,3,10,5,1,7,9,1,10,1,11,,16,,1,22,,121.5205762,25.0500393
112,7,29,10,19,2,02萬華區,萬華區萬大路與萬大路534巷口,0,0,1,1,C03,8,6,5,40,5,2,1,5,4,5,13,4,4,1,5,1,2,16,1,56,3,10,5,1,7,1,1,10,1,13,,19,,1,21,,121.4967322,25.01858935
112,7,29,10,19,2,02萬華區,萬華區萬大路與萬大路534巷口,0,0,1,2,C03,8,6,5,40,5,2,1,5,4,5,13,4,4,1,5,1,2,16,1,23,2,8,6,1,7,9,1,10,1,11,,44,,1,21,,121.4967322,25.01858935
112,7,29,10,50,2,06松山區,松山區富錦街第2020044號燈桿前(往西靠近民生東路五段27巷),0,0,1,1,B03,8,7,5,50,14,9,1,5,4,5,13,4,4,9,4,5,2,17,2,60,3,10,7,1,7,9,1,8,1,2,,17,,1,22,,121.5560043,25.06038868
112,7,29,10,50,2,06松山區,松山區富錦街第2020044號燈桿前(往西靠近民生東路五段27巷),0,0,1,2,C03,8,7,5,50,14,9,1,5,4,5,13,4,4,9,4,5,2,17,1,58,2,7,5,1,7,9,1,10,1,14,,44,,1,22,,121.5560043,25.06038868
112,7,29,10,52,2,03中山區,中山區吉林路與民權東路2段口,0,0,1,1,B03,8,7,5,50,4,2,1,5,4,5,13,2,1,5,4,5,2,17,1,63,3,10,3,4,7,5,1,8,1,8,,74,,1,21,,121.5302288,25.0620154
112,7,29,10,52,2,03中山區,中山區吉林路與民權東路2段口,0,0,1,2,C04,8,7,5,50,4,2,1,5,4,5,13,2,1,5,4,5,2,17,2,27,2,9,3,4,7,9,1,11,1,11,,13,,1,21,,121.5302288,25.0620154
112,7,29,11,3,2,07信義區,信義區吳興街156巷1號,0,0,1,1,B02,8,7,5,30,14,9,1,5,4,5,13,4,4,9,5,5,2,17,1,55,3,10,7,1,7,14,1,8,1,2,,40,,1,21,,121.5610328,25.02876421
112,7,29,11,3,2,07信義區,信義區吳興街156巷1號,0,0,1,3,H02,8,7,5,30,14,9,1,5,4,5,13,4,4,9,5,5,2,17,2,26,3,10,7,5,7,19,8,20,10,16,,126,,1,21,,121.5610328,25.02876421
112,7,29,11,3,2,07信義區,信義區吳興街156巷1號,0,0,1,2,C04,8,7,5,30,14,9,1,5,4,5,13,4,4,9,5,5,2,17,1,45,2,7,6,1,7,15,1,21,1,14,,44,,1,21,,121.5610328,25.02876421
112,7,29,11,5,2,07信義區,信義區信義路5段東往西未過松仁,0,0,1,2,C03,8,6,5,50,14,9,1,5,4,5,13,2,1,8,3,5,2,13,1,35,2,9,6,1,7,5,6,10,1,13,,118,,1,22,,121.5688582,25.0329488
112,7,29,11,5,2,07信義區,信義區信義路5段東往西未過松仁,0,0,1,1,B03,8,6,5,50,14,9,1,5,4,5,13,2,1,8,3,5,2,13,1,28,3,10,7,1,7,9,1,14,1,8,,44,,1,22,,121.5688582,25.0329488
112,7,29,11,15,2,12內湖區,內湖區金湖路356號,0,0,3,1,C03,8,7,5,40,14,8,1,5,4,5,13,4,4,9,4,4,2,13,2,54,2,9,6,1,7,9,1,10,1,12,,108,,1,21,,121.6039102,25.07354562
112,7,29,11,15,2,12內湖區,內湖區金湖路356號,0,0,3,4,C03,8,7,5,40,14,8,1,5,4,5,13,4,4,9,4,4,2,13,2,51,2,8,6,1,7,9,1,10,1,11,,44,,1,21,,121.6039102,25.07354562
112,7,29,11,15,2,12內湖區,內湖區金湖路356號,0,0,3,2,C04,8,7,5,40,14,8,1,5,4,5,13,4,4,9,4,4,2,13,2,47,2,8,6,1,7,9,1,10,1,14,,44,,1,21,,121.6039102,25.07354562
112,7,29,11,15,2,12內湖區,內湖區金湖路356號,0,0,3,3,C03,8,7,5,40,14,8,1,5,4,5,13,4,4,9,4,4,2,13,1,25,3,10,6,1,7,9,1,10,1,13,,44,,1,21,,121.6039102,25.07354562
112,7,29,11,20,2,03中山區,中山區市民大道2段與新生北路1段口,0,0,1,1,B01,8,7,5,40,4,1,1,5,4,5,13,1,1,1,4,5,2,16,1,67,3,10,7,1,7,6,1,4,2,1,,9,,1,22,,121.5305147,25.0460969
112,7,29,11,20,2,03中山區,中山區市民大道2段與新生北路1段口,0,0,1,2,F01,8,7,5,40,4,1,1,5,4,5,13,1,1,1,4,5,2,16,2,78,2,9,4,4,7,9,8,20,2,11,,88,,1,22,,121.5305147,25.0460969
112,7,29,11,53,2,05中正區,中正區中山北路1段與市民大道2段口,0,0,1,1,B03,8,7,5,40,4,2,1,5,4,5,13,4,4,1,4,1,2,16,1,64,3,10,7,1,7,11,1,8,1,2,,72,,1,21,,121.5209872,25.04790694
112,7,29,11,53,2,05中正區,中正區中山北路1段與市民大道2段口,0,0,1,2,C03,8,7,5,40,4,2,1,5,4,5,13,4,4,1,4,1,2,16,1,36,2,9,5,1,7,10,1,10,1,14,,13,,1,21,,121.5209872,25.04790694
112,7,29,13,2,2,10文山區,文山區木新路2段299巷7弄與木新路2段299巷口,0,0,3,2,C03,8,5,5,30,4,1,1,5,4,3,10,4,4,10,5,5,2,17,1,32,2,7,6,1,7,5,1,10,1,11,,118,,1,21,,121.5654799,24.9823289
112,7,29,13,2,2,10文山區,文山區木新路2段299巷7弄與木新路2段299巷口,0,0,3,1,C03,8,5,5,30,4,1,1,5,4,3,10,4,4,10,5,5,2,17,1,55,2,6,5,1,7,3,1,10,1,14,,118,,1,21,,121.5654799,24.9823289
112,7,29,13,2,2,10文山區,文山區木新路2段299巷7弄與木新路2段299巷口,0,0,3,3,H02,8,5,5,30,4,1,1,5,4,3,10,4,4,10,5,5,2,17,2,78,2,5,5,5,7,20,8,20,10,16,,67,,1,21,,121.5654799,24.9823289
112,7,29,13,10,2,07信義區,信義區吳興街220巷37弄與吳興街220巷口,0,0,1,2,B03,8,7,5,50,4,1,1,5,4,5,13,2,1,10,5,5,2,17,1,57,3,10,7,1,7,6,1,8,1,6,,44,,1,21,,121.5615266,25.0264274
112,7,29,13,10,2,07信義區,信義區吳興街220巷37弄與吳興街220巷口,0,0,1,1,C03,8,7,5,50,4,1,1,5,4,5,13,2,1,10,5,5,2,17,1,19,2,9,5,2,7,12,1,10,1,11,,108,,1,21,,121.5615266,25.0264274
112,7,29,13,32,2,05中正區,中正區中山南路與信義路1段口,0,0,1,1,C04,8,6,5,50,5,1,1,5,4,5,13,2,1,1,4,5,2,16,1,27,2,8,6,1,7,5,1,10,1,14,,96,,1,26,,121.5179713,25.0386844
112,7,29,13,32,2,05中正區,中正區中山南路與信義路1段口,0,0,1,2,B03,8,6,5,50,5,1,1,5,4,5,13,2,1,1,4,5,2,16,2,66,3,10,7,1,7,9,1,8,1,1,,44,,1,21,,121.5179713,25.0386844
112,7,29,13,40,2,08士林區,士林區延平北路7段106巷與延平北路7段口,0,0,2,2,C03,7,6,5,50,3,2,1,5,4,5,13,4,4,5,5,5,1,17,1,47,2,9,5,1,7,1,1,10,2,14,,19,,1,22,,121.497745,25.0964533
112,7,29,13,40,2,08士林區,士林區延平北路7段106巷與延平北路7段口,0,0,2,1,C03,7,6,5,50,3,2,1,5,4,5,13,4,4,5,5,5,1,17,1,24,2,9,6,1,7,9,1,10,2,11,,13,,1,22,,121.497745,25.0964533
112,7,29,13,53,2,06松山區,松山區南京東路5段389巷11弄與塔悠路口,0,0,1,1,B03,8,6,5,50,3,1,1,5,4,5,13,4,4,1,4,5,2,16,1,23,3,10,3,4,7,6,1,8,2,2,,9,,1,22,,121.5700748,25.05233803
112,7,29,13,53,2,06松山區,松山區南京東路5段389巷11弄與塔悠路口,0,0,1,2,C03,8,6,5,50,3,1,1,5,4,5,13,4,4,1,4,5,2,16,2,64,2,9,6,4,7,9,1,10,2,11,,108,,1,22,,121.5700748,25.05233803
112,7,29,14,13,2,05中正區,中正區鎮江街1巷與鎮江街口,0,0,1,1,B03,8,6,5,30,3,1,1,5,4,5,13,4,4,9,5,5,2,15,1,40,3,10,7,1,7,15,1,8,2,8,,72,,1,22,,121.5214462,25.04461232
112,7,29,14,13,2,05中正區,中正區鎮江街1巷與鎮江街口,0,0,1,2,C03,8,6,5,30,3,1,1,5,4,5,13,4,4,9,5,5,2,15,1,32,2,9,5,1,7,15,1,10,2,11,,108,,1,22,,121.5214462,25.04461232
112,7,29,14,30,2,09北投區,北投區中央北路2段與豐年路2段口,0,0,1,2,B03,8,7,5,50,4,1,1,5,4,5,13,1,1,5,4,5,1,16,1,73,3,10,7,1,7,6,1,8,1,8,,44,,1,22,,121.4930553,25.13779202
112,7,29,14,30,2,09北投區,北投區中央北路2段與豐年路2段口,0,0,1,1,C03,8,7,5,50,4,1,1,5,4,5,13,1,1,5,4,5,1,16,1,22,2,9,6,1,7,1,1,10,1,11,,107,,1,22,,121.4930553,25.13779202
112,7,29,14,38,2,08士林區,士林區延平北路7段177巷79號,0,0,1,1,C03,8,6,5,30,14,9,1,5,4,5,13,4,4,10,5,5,1,10,2,43,2,8,6,1,7,9,1,10,1,11,,13,,1,22,,121.4930507,25.0970778
112,7,29,14,38,2,08士林區,士林區延平北路7段177巷79號,0,0,1,2,B03,8,6,5,30,14,9,1,5,4,5,13,4,4,10,5,5,1,10,1,51,3,10,7,1,7,9,1,8,1,1,,44,,1,22,,121.4930507,25.0970778
112,7,29,14,49,2,03中山區,中山區八德路2段與建國南路1段口,0,0,1,2,C03,7,7,5,50,4,2,1,5,4,5,13,1,1,5,4,5,2,17,1,41,2,8,5,1,7,9,1,10,1,14,,44,,1,22,,121.5363256,25.0459388
112,7,29,14,49,2,03中山區,中山區八德路2段與建國南路1段口,0,0,1,1,B03,7,7,5,50,4,2,1,5,4,5,13,1,1,5,4,5,2,17,1,41,3,10,7,1,7,6,1,8,1,5,,9,,1,22,,121.5363256,25.0459388
112,7,29,14,53,2,04大安區,大安區忠孝東路4段205巷與敦化南路1段161巷口口,0,0,1,1,C03,8,5,5,30,4,1,1,5,4,5,13,4,4,5,5,5,1,15,1,46,3,10,6,1,7,9,1,10,1,11,,72,,1,21,,121.5519502,25.04348098
112,7,29,14,53,2,04大安區,大安區忠孝東路4段205巷與敦化南路1段161巷口口,0,0,1,2,C03,8,5,5,30,4,1,1,5,4,5,13,4,4,5,5,5,1,15,1,32,2,9,6,1,7,9,1,10,1,11,,14,,1,21,,121.5519502,25.04348098
112,7,29,14,55,2,01大同區,大同區重慶北路2段與民權西路口,0,0,2,3,H02,7,6,5,50,14,9,1,5,4,5,13,4,4,1,4,5,2,16,2,67,2,9,3,5,7,20,8,20,10,16,,67,,1,22,,121.5141768,25.06290797
112,7,29,14,55,2,01大同區,大同區重慶北路2段與民權西路口,0,0,2,2,C03,7,6,5,50,14,9,1,5,4,5,13,4,4,1,4,5,2,16,2,31,3,10,3,4,7,9,6,18,2,15,,44,,1,21,,121.5141768,25.06290797
112,7,29,14,55,2,01大同區,大同區重慶北路2段與民權西路口,0,0,2,1,C03,7,6,5,50,14,9,1,5,4,5,13,4,4,1,4,5,2,16,1,72,2,9,3,4,7,7,1,10,2,11,,100,,1,21,,121.5141768,25.06290797
112,7,29,14,55,2,05中正區,中正區仁愛路2段與臨沂街口,0,0,3,1,B02,8,6,5,50,4,1,1,5,4,5,13,1,1,1,4,5,2,16,1,20,3,10,7,1,7,5,1,8,2,4,,8,,1,22,,121.5293783,25.0381139
112,7,29,14,55,2,05中正區,中正區仁愛路2段與臨沂街口,0,0,3,2,C03,8,6,5,50,4,1,1,5,4,5,13,1,1,1,4,5,2,16,2,20,2,9,6,1,7,15,1,10,2,12,,44,,1,22,,121.5293783,25.0381139
112,7,29,14,55,2,05中正區,中正區仁愛路2段與臨沂街口,0,0,3,3,H01,8,6,5,50,4,1,1,5,4,5,13,1,1,1,4,5,2,16,1,36,2,9,4,5,8,16,8,20,10,16,,67,,1,22,,121.5293783,25.0381139
112,7,29,14,55,2,05中正區,中正區仁愛路2段與臨沂街口,0,0,3,4,H01,8,6,5,50,4,1,1,5,4,5,13,1,1,1,4,5,2,16,1,3,2,8,4,5,8,16,8,20,10,16,,67,,1,24,,121.5293783,25.0381139
112,7,29,15,0,2,02萬華區,萬華區桂林路與桂林路242巷口,0,0,1,2,B03,7,7,5,50,4,1,1,5,4,5,13,1,1,8,3,5,2,16,1,25,3,10,3,4,7,14,1,8,1,6,,44,,1,22,,121.4960629,25.0388386
112,7,29,15,0,2,02萬華區,萬華區桂林路與桂林路242巷口,0,0,1,3,B03,7,7,5,50,4,1,1,5,4,5,13,1,1,8,3,5,2,16,1,33,3,10,3,4,7,13,1,8,1,7,,38,,1,22,,121.4960629,25.0388386
112,7,29,15,0,2,02萬華區,萬華區桂林路與桂林路242巷口,0,0,1,1,C03,7,7,5,50,4,1,1,5,4,5,13,1,1,8,3,5,2,16,1,35,2,9,5,4,7,10,1,10,1,11,,108,,1,22,,121.4960629,25.0388386
112,7,29,15,24,2,04大安區,大安區忠孝東路4段與大安路1段口,0,0,1,1,B01,8,6,5,50,4,2,1,5,4,5,13,2,1,1,4,5,2,17,1,57,3,10,7,1,7,7,1,4,1,5,,100,,1,21,,121.5460385,25.0417059
112,7,29,15,24,2,04大安區,大安區忠孝東路4段與大安路1段口,0,0,1,2,C03,8,6,5,50,4,2,1,5,4,5,13,2,1,1,4,5,2,17,1,23,2,8,5,1,7,9,1,10,1,14,,108,,1,21,,121.5460385,25.0417059
112,7,29,16,4,2,09北投區,北投區行義路與行義路260巷口,0,0,1,2,B03,8,6,5,40,14,9,1,5,4,5,13,4,4,9,5,5,1,13,2,54,3,10,7,1,7,14,1,8,1,3,,44,,1,21,,121.5296999,25.13406701
112,7,29,16,4,2,09北投區,北投區行義路與行義路260巷口,0,0,1,1,C03,8,6,5,40,14,9,1,5,4,5,13,4,4,9,5,5,1,13,1,35,2,9,5,1,7,10,1,10,1,11,,16,,1,21,,121.5296999,25.13406701
112,7,29,16,14,2,06松山區,松山區民權東路3段與復興北路口,0,0,2,2,H01,8,5,5,50,4,1,1,5,4,5,13,2,1,8,3,4,1,1,2,87,2,9,4,5,8,16,8,20,10,16,,122,,1,22,,121.5444707,25.06205757
112,7,29,16,14,2,06松山區,松山區民權東路3段與復興北路口,0,0,2,1,C03,8,5,5,50,4,1,1,5,4,5,13,2,1,8,3,4,1,1,1,25,2,9,3,1,7,5,6,10,2,11,,70,,1,22,,121.5444707,25.06205757
112,7,29,16,20,2,09北投區,北投區承德路7段與承德路7段344巷口,0,0,4,2,C03,7,7,5,60,3,1,1,5,4,5,13,2,1,1,4,4,1,13,1,42,2,9,5,1,7,14,1,10,1,13,,44,,1,22,,121.5037725,25.1172836
112,7,29,16,20,2,09北投區,北投區承德路7段與承德路7段344巷口,0,0,4,3,H02,7,7,5,60,3,1,1,5,4,5,13,2,1,1,4,4,1,13,2,17,2,9,5,5,7,20,8,20,10,16,,67,,1,21,,121.5037725,25.1172836
112,7,29,16,20,2,09北投區,北投區承德路7段與承德路7段344巷口,0,0,4,4,H02,7,7,5,60,3,1,1,5,4,5,13,2,1,1,4,4,1,13,2,39,2,9,5,5,7,20,8,20,10,16,,67,,1,21,,121.5037725,25.1172836
112,7,29,16,20,2,09北投區,北投區承德路7段與承德路7段344巷口,0,0,4,1,C03,7,7,5,60,3,1,1,5,4,5,13,2,1,1,4,4,1,13,2,43,2,9,5,1,7,9,1,10,1,11,,16,,1,22,,121.5037725,25.1172836
112,7,29,16,40,2,02萬華區,萬華區中華路2段364巷與中華路2段364巷24弄口,0,0,1,2,C03,8,5,5,50,4,2,1,5,4,5,13,2,1,5,5,5,2,17,1,24,2,8,5,1,7,9,1,10,1,12,,42,,1,21,,121.5040085,25.0286369
112,7,29,16,40,2,02萬華區,萬華區中華路2段364巷與中華路2段364巷24弄口,0,0,1,1,C03,8,5,5,50,4,2,1,5,4,5,13,2,1,5,5,5,2,17,1,64,3,10,6,1,7,5,1,10,1,17,,74,,1,21,,121.5040085,25.0286369
112,7,29,17,0,2,10文山區,文山區和平東路4段電燈桿013附近,0,0,1,1,B03,8,5,5,40,14,9,1,5,4,5,13,4,4,5,5,5,1,17,2,64,3,10,7,1,7,4,1,8,2,6,,17,,1,22,,121.5689847,25.0048881
112,7,29,17,0,2,10文山區,文山區和平東路4段電燈桿013附近,0,0,1,2,C03,8,5,5,40,14,9,1,5,4,5,13,4,4,5,5,5,1,17,1,75,2,7,6,1,7,9,1,10,2,11,,44,,1,22,,121.5689847,25.0048881
112,7,29,17,18,2,11南港區,南港區東新街與昆陽街171巷3弄口,0,0,1,1,C03,7,5,5,50,3,1,1,5,4,5,12,4,4,5,2,5,2,17,1,58,2,9,3,4,7,6,1,10,8,12,,21,,1,21,,121.5940778,25.0472665
112,7,29,17,18,2,11南港區,南港區東新街與昆陽街171巷3弄口,0,0,1,2,B01,7,5,5,50,3,1,1,5,4,5,12,4,4,5,2,5,2,17,1,67,3,10,3,4,7,9,1,4,2,15,,44,,1,21,,121.5940778,25.0472665
112,7,29,17,28,2,02萬華區,萬華區西藏路與西園路2段口,0,0,1,2,C03,7,5,5,50,4,1,1,5,1,5,13,2,1,1,1,5,2,17,1,64,2,9,5,1,7,9,1,10,1,12,,72,,1,21,,121.4953679,25.02872203
112,7,29,17,28,2,02萬華區,萬華區西藏路與西園路2段口,0,0,1,1,B03,7,5,5,50,4,1,1,5,1,5,13,2,1,1,1,5,2,17,1,74,3,10,7,1,7,6,1,8,1,4,,44,,1,21,,121.4953679,25.02872203
112,7,29,18,15,2,03中山區,中山區中山北路1段33巷與中山北路1段口,0,0,1,3,C03,8,5,5,50,3,2,1,5,4,5,13,4,4,1,4,1,1,17,3,41,,,,,,,,,11,,,67,,1,,,121.5212575,25.0487901
112,7,29,18,15,2,03中山區,中山區中山北路1段33巷與中山北路1段口,0,0,1,6,C03,8,5,5,50,3,2,1,5,4,5,13,4,4,1,4,1,1,17,3,25,,,,,,,,,10,,,67,,1,,,121.5212575,25.0487901
112,7,29,18,15,2,03中山區,中山區中山北路1段33巷與中山北路1段口,0,0,1,4,C03,8,5,5,50,3,2,1,5,4,5,13,4,4,1,4,1,1,17,3,25,,,,,,,,,11,,,67,,1,,,121.5212575,25.0487901
112,7,29,18,15,2,03中山區,中山區中山北路1段33巷與中山北路1段口,0,0,1,2,B03,8,5,5,50,3,2,1,5,4,5,13,4,4,1,4,1,1,17,1,30,3,10,7,1,7,9,1,8,1,5,,108,,1,21,,121.5212575,25.0487901
112,7,29,18,15,2,03中山區,中山區中山北路1段33巷與中山北路1段口,0,0,1,1,C03,8,5,5,50,3,2,1,5,4,5,13,4,4,1,4,1,1,17,2,44,2,9,5,1,7,2,1,10,1,13,,34,,1,21,,121.5212575,25.0487901
112,7,29,18,15,2,03中山區,中山區中山北路1段33巷與中山北路1段口,0,0,1,5,C03,8,5,5,50,3,2,1,5,4,5,13,4,4,1,4,1,1,17,3,63,,,,,,,,,11,,,67,,1,,,121.5212575,25.0487901
112,7,29,18,18,2,01大同區,大同區民生西路與萬全街40巷口,0,0,1,1,C03,7,5,5,50,3,2,1,5,4,5,13,4,4,5,4,5,2,13,1,45,2,9,6,4,7,9,1,10,1,11,,108,,1,21,,121.5202542,25.05765637
112,7,29,18,18,2,01大同區,大同區民生西路與萬全街40巷口,0,0,1,2,B03,7,5,5,50,3,2,1,5,4,5,13,4,4,5,4,5,2,13,1,20,3,10,3,4,7,14,1,8,1,6,,44,,1,21,,121.5202542,25.05765637
112,7,29,19,3,2,11南港區,南港區市民大道8段與興華路口,0,0,3,1,C03,8,5,5,50,3,1,1,5,4,5,13,2,1,1,3,5,2,16,1,59,2,7,6,4,7,5,1,10,1,14,,8,,1,22,,121.6063689,25.0531269
112,7,29,19,3,2,11南港區,南港區市民大道8段與興華路口,0,0,3,2,C03,8,5,5,50,3,1,1,5,4,5,13,2,1,1,3,5,2,16,1,29,2,8,6,4,7,10,1,10,1,12,,44,,1,22,,121.6063689,25.0531269
112,7,29,19,3,2,11南港區,南港區市民大道8段與興華路口,0,0,3,3,H02,8,5,5,50,3,1,1,5,4,5,13,2,1,1,3,5,2,16,1,22,2,8,6,5,7,20,8,20,10,17,,67,,1,22,,121.6063689,25.0531269
112,7,29,19,25,2,03中山區,中山區濱江街269號,0,0,1,1,B03,8,5,5,50,14,9,1,5,4,5,13,1,1,9,4,1,2,17,2,46,3,10,3,1,7,9,1,8,1,5,,108,,1,22,,121.5424818,25.0723118
112,7,29,19,25,2,03中山區,中山區濱江街269號,0,0,1,2,C03,8,5,5,50,14,9,1,5,4,5,13,1,1,9,4,1,2,17,2,20,2,8,6,1,7,14,1,10,1,13,,44,,1,22,,121.5424818,25.0723118
112,7,29,20,25,2,10文山區,文山區羅斯福路6段與景福街口,0,0,1,2,F01,8,5,5,50,4,1,1,5,4,5,13,2,1,9,5,5,2,16,1,74,2,9,5,1,7,15,8,20,2,14,,44,,1,22,,121.5398406,24.9995908
112,7,29,20,25,2,10文山區,文山區羅斯福路6段與景福街口,0,0,1,1,B03,8,5,5,50,4,1,1,5,4,5,13,2,1,9,5,5,2,16,1,48,4,11,3,4,7,6,7,14,11,5,,9,,2,22,,121.5398406,24.9995908
112,7,29,21,0,2,03中山區,中山區樂群一路與基湖路口,0,0,1,2,C03,8,5,5,50,3,1,1,5,4,5,13,1,1,1,4,5,2,16,2,45,2,9,6,1,7,9,1,10,2,11,,44,,1,22,,121.5632732,25.0761718