發生年度,發生月,發生日,發生時-Hours,發生分,處理別-編號,區序,肇事地點,死亡人數,2-30日死亡人數,受傷人數,當事人序號,車種,天候,光線,道路類別,速限-速度限制,道路型態,事故位置,路面狀況1,路面狀況2,路面狀況3,道路障礙1,道路障礙2,號誌1,號誌2,車道劃分-分向,車道劃分-分道1,車道劃分-分道2,車道劃分-分道3,事故類型及型態,性別,年齡,受傷程度,主要傷處,保護裝置,行動電話,車輛用途,當事者行動狀態,駕駛資格情形,駕駛執照種類,飲酒情形,車輛撞擊部位1,車輛撞擊部位2,肇因碼-個別,肇因碼-主要,個人肇逃否,職業,旅次目的,座標-X,座標-Y
112,8,2,8,47,2,07信義區,信義區基隆路2段179號,0,0,1,2,C03,6,6,5,50,14,9,1,4,4,5,13,4,4,3,4,5,2,17,2,27,2,8,6,1,7,9,1,10,1,14,,44,,1,21,,121.5539287,25.0254751
112,8,2,8,47,2,07信義區,信義區基隆路2段179號,0,0,1,1,B01,6,6,5,50,14,9,1,4,4,5,13,4,4,3,4,5,2,17,1,61,3,10,7,1,7,7,1,4,1,17,,100,,1,21,,121.5539287,25.0254751
112,8,2,8,48,2,06松山區,松山區南京東路4段51號對面,0,0,1,1,B03,6,5,5,50,14,7,1,4,4,5,13,4,4,1,4,4,2,17,1,60,3,10,7,1,7,7,1,8,9,17,,100,,1,22,,121.5510203,25.05162512
112,8,2,8,48,2,06松山區,松山區南京東路4段51號對面,0,0,1,2,C03,6,5,5,50,14,7,1,4,4,5,13,4,4,1,4,4,2,17,2,32,2,9,6,1,7,9,1,10,1,12,,44,,1,22,,121.5510203,25.05162512
112,8,2,8,50,2,03中山區,中山區民生東路1段42號,0,0,1,1,,6,7,5,50,14,9,1,4,4,5,13,4,4,9,4,5,2,17,4,0,,,,,,,,,,,,119,,2,,,121.5244892,25.0580464
112,8,2,8,50,2,03中山區,中山區民生東路1段42號,0,0,1,2,C03,6,7,5,50,14,9,1,4,4,5,13,4,4,9,4,5,2,17,2,24,2,8,6,1,7,9,1,10,1,12,,44,,1,22,,121.5244892,25.0580464
112,8,2,8,51,2,04大安區,大安區新生南路2段與信義路3段口,0,0,2,1,C03,8,5,5,50,4,1,1,4,4,5,13,1,1,1,4,5,2,16,1,37,3,10,5,1,7,6,1,10,1,15,,9,,1,22,,121.5334908,25.0333976
112,8,2,8,51,2,04大安區,大安區新生南路2段與信義路3段口,0,0,2,2,C03,8,5,5,50,4,1,1,4,4,5,13,1,1,1,4,5,2,16,1,22,2,9,5,1,7,9,1,10,1,15,,44,,1,22,,121.5334908,25.0333976
112,8,2,8,51,2,04大安區,大安區新生南路2段與信義路3段口,0,0,2,3,C03,8,5,5,50,4,1,1,4,4,5,13,1,1,1,4,5,2,16,1,44,2,9,5,1,7,9,1,10,1,15,,44,,1,22,,121.5334908,25.0333976
112,8,2,8,53,2,03中山區,中山區合江街140號,0,0,2,1,C03,6,6,5,50,14,9,1,4,4,5,13,4,4,9,4,5,2,3,1,23,2,8,6,1,7,9,1,10,1,11,12,44,,1,21,,121.5392121,25.05974192
112,8,2,8,53,2,03中山區,中山區合江街140號,0,0,2,2,H01,6,6,5,50,14,9,1,4,4,5,13,4,4,9,4,5,2,3,2,22,2,1,4,5,8,18,8,20,10,16,,121,,1,21,,121.5392121,25.05974192
112,8,2,8,57,2,05中正區,中正區忠孝東路1段17號,0,0,1,2,C03,8,5,5,50,14,9,1,4,4,5,13,4,4,9,4,5,2,17,2,32,3,10,5,1,7,15,1,10,2,13,,44,,1,21,,121.5241924,25.0447006
112,8,2,8,57,2,05中正區,中正區忠孝東路1段17號,0,0,1,1,C03,8,5,5,50,14,9,1,4,4,5,13,4,4,9,4,5,2,17,1,41,2,9,5,1,7,9,1,10,2,14,,16,,1,21,,121.5241924,25.0447006
112,8,2,8,57,2,12內湖區,內湖區民權東路6段23號,0,0,2,1,C03,6,6,5,40,14,8,1,4,4,5,13,4,4,1,4,4,2,17,2,55,2,9,6,1,7,8,1,8,2,14,,100,,1,21,,121.5827206,25.06842371
112,8,2,8,57,2,12內湖區,內湖區民權東路6段23號,0,0,2,2,B03,6,6,5,40,14,8,1,4,4,5,13,4,4,1,4,4,2,17,2,61,3,10,7,1,7,9,1,8,2,2,,44,,1,21,,121.5827206,25.06842371
112,8,2,8,57,2,12內湖區,內湖區民權東路6段23號,0,0,2,3,C03,6,6,5,40,14,8,1,4,4,5,13,4,4,1,4,4,2,17,1,32,2,9,6,1,7,9,1,10,2,13,,44,,1,21,,121.5827206,25.06842371
112,8,2,8,58,2,01大同區,大同區民樂街永樂市場,0,0,1,1,C03,6,7,5,0,22,20,1,4,4,5,13,4,4,10,5,5,2,9,1,62,3,10,5,1,7,15,1,10,1,11,,108,,1,21,,121.510853,25.05523497
112,8,2,8,58,2,01大同區,大同區民樂街永樂市場,0,0,1,2,H01,6,7,5,0,22,20,1,4,4,5,13,4,4,10,5,5,2,9,1,61,2,8,4,5,8,16,8,20,10,16,,67,,1,21,,121.510853,25.05523497
112,8,2,8,58,2,09北投區,北投區承德路7段與無名巷口,0,0,1,1,C03,6,7,5,60,3,2,1,4,4,3,10,4,4,1,2,4,2,17,2,26,2,9,6,1,7,7,1,10,1,14,,44,,1,22,,121.5066425,25.11467404
112,8,2,8,58,2,09北投區,北投區承德路7段與無名巷口,0,0,1,2,A11,6,7,5,60,3,2,1,4,4,3,10,4,4,1,2,4,2,17,1,30,3,10,7,1,1,7,1,1,9,5,,100,,2,22,,121.5066425,25.11467404
112,8,2,9,1,2,12內湖區,內湖區潭美街與安康路106巷口,0,0,2,2,C04,6,6,5,40,4,2,1,4,4,5,13,2,2,5,5,5,2,17,1,20,2,7,6,1,7,14,1,10,1,13,,44,,1,21,,121.5990433,25.06061457
112,8,2,9,1,2,12內湖區,內湖區潭美街與安康路106巷口,0,0,2,1,C03,6,6,5,40,4,2,1,4,4,5,13,2,2,5,5,5,2,17,1,44,2,9,6,1,7,10,1,10,1,11,,108,,1,21,,121.5990433,25.06061457
112,8,2,9,7,2,04大安區,大安區基隆路4段41巷68弄營區停車場,0,0,1,1,B02,6,5,5,30,14,9,1,4,4,5,13,4,4,5,4,5,2,17,1,36,3,10,7,1,7,7,1,8,2,2,,100,,1,21,,121.5415045,25.01164248
112,8,2,9,7,2,04大安區,大安區基隆路4段41巷68弄營區停車場,0,0,1,2,C03,6,5,5,30,14,9,1,4,4,5,13,4,4,5,4,5,2,17,2,49,2,9,5,1,7,9,1,8,2,14,,13,,1,21,,121.5415045,25.01164248
112,8,2,9,10,2,07信義區,信義區信義路5段6號,0,0,1,2,F01,6,7,8,0,19,20,4,4,4,5,13,4,4,10,5,5,2,17,2,26,2,9,4,1,7,9,8,20,9,17,,44,,1,21,,121.5603639,25.0328591
112,8,2,9,10,2,07信義區,信義區信義路5段6號,0,0,1,1,F01,6,7,8,0,19,20,4,4,4,5,13,4,4,10,5,5,2,17,1,19,4,11,3,4,7,7,8,20,11,17,,100,,2,22,,121.5603639,25.0328591
112,8,2,9,43,2,03中山區,中山區民生東路2段與建國北路2段口,0,0,1,2,B01,6,5,5,50,4,2,1,4,4,5,13,1,1,1,3,5,1,13,1,60,3,10,7,1,7,14,1,4,2,3,,118,,1,21,,121.5364752,25.0577839
112,8,2,9,43,2,03中山區,中山區民生東路2段與建國北路2段口,0,0,1,3,C03,6,5,5,50,4,2,1,4,4,5,13,1,1,1,3,5,1,13,4,0,,,,,,,,,11,,,119,,2,,,121.5364752,25.0577839
112,8,2,9,43,2,03中山區,中山區民生東路2段與建國北路2段口,0,0,1,1,C03,6,5,5,50,4,2,1,4,4,5,13,1,1,1,3,5,1,13,2,27,2,9,6,1,7,9,1,10,2,11,,118,,1,21,,121.5364752,25.0577839
112,8,2,9,53,2,02萬華區,萬華區東園街與東園街35巷口,0,0,2,2,C03,7,6,5,30,3,1,1,4,4,5,13,3,1,9,5,5,2,17,1,33,2,9,5,1,7,9,1,10,1,11,14,14,,1,21,,121.4957574,25.02747516
112,8,2,9,53,2,02萬華區,萬華區東園街與東園街35巷口,0,0,2,1,C03,7,6,5,30,3,1,1,4,4,5,13,3,1,9,5,5,2,17,1,68,2,9,5,1,7,5,1,10,1,14,,72,,1,21,,121.4957574,25.02747516
112,8,2,9,55,2,03中山區,中山區樂群二路30巷38弄與樂群二路30巷口口,0,0,1,1,B03,6,6,5,30,3,1,1,4,4,5,13,4,4,5,4,5,2,13,2,33,3,10,3,4,7,5,1,8,1,5,,108,,1,22,,121.5534111,25.0786698
112,8,2,9,55,2,03中山區,中山區樂群二路30巷38弄與樂群二路30巷口口,0,0,1,2,B01,6,6,5,30,3,1,1,4,4,5,13,4,4,5,4,5,2,13,1,56,3,10,3,4,7,12,1,1,1,3,,44,,1,21,,121.5534111,25.0786698
112,8,2,9,55,2,03中山區,中山區樂群二路30巷38弄與樂群二路30巷口口,0,0,1,3,H02,6,6,5,30,3,1,1,4,4,5,13,4,4,5,4,5,2,13,2,49,2,2,3,5,7,17,8,20,10,16,,67,,1,22,,121.5534111,25.0786698
112,8,2,9,55,2,05中正區,中正區中山南路與信義路1段口,0,0,1,2,F01,6,5,5,50,4,2,1,4,4,5,13,1,1,1,4,1,1,17,2,31,2,1,4,1,7,9,8,20,10,14,,88,,1,22,,121.5181764,25.0386257
112,8,2,9,55,2,05中正區,中正區中山南路與信義路1段口,0,0,1,1,B03,6,5,5,50,4,2,1,4,4,5,13,1,1,1,4,1,1,17,1,22,3,10,7,1,7,6,1,8,1,5,,9,,1,22,,121.5181764,25.0386257
112,8,2,10,14,2,08士林區,士林區忠誠路1段147巷與忠誠路1段口,0,0,1,1,C03,6,6,5,50,3,1,1,4,4,5,13,4,4,1,4,4,1,13,2,22,2,9,6,1,7,9,3,18,1,11,,16,,1,21,,121.5298189,25.1065599
112,8,2,10,14,2,08士林區,士林區忠誠路1段147巷與忠誠路1段口,0,0,1,2,B03,6,6,5,50,3,1,1,4,4,5,13,4,4,1,4,4,1,13,1,36,3,10,7,1,7,9,1,8,1,6,,44,,1,21,,121.5298189,25.1065599
112,8,2,10,14,2,08士林區,士林區忠誠路1段147巷與忠誠路1段口,0,0,1,3,B03,6,6,5,50,3,1,1,4,4,5,13,4,4,1,4,4,1,13,2,73,3,10,7,1,7,8,1,8,1,17,,72,,1,21,,121.5298189,25.1065599
112,8,2,10,28,2,02萬華區,萬華區忠孝橋機車道往北市,0,0,1,2,C03,6,5,5,50,14,11,1,4,4,5,13,1,1,1,4,5,2,17,2,25,2,7,6,1,7,9,1,10,1,12,,42,,1,21,,121.5073203,25.04859
112,8,2,10,28,2,02萬華區,萬華區忠孝橋機車道往北市,0,0,1,1,C03,6,5,5,50,14,11,1,4,4,5,13,1,1,1,4,5,2,17,1,19,3,10,6,1,7,7,1,10,9,17,,100,,1,21,,121.5073203,25.04859
112,8,2,10,36,2,06松山區,松山區光復北路與光復北路11巷口,0,0,1,1,B03,6,5,5,50,4,1,1,4,4,5,13,2,1,3,4,5,2,17,1,74,3,10,3,4,7,5,1,8,11,17,,74,,2,22,,121.5579463,25.0491579
112,8,2,10,36,2,06松山區,松山區光復北路與光復北路11巷口,0,0,1,2,C03,6,5,5,50,4,1,1,4,4,5,13,2,1,3,4,5,2,17,2,48,2,9,6,4,7,9,1,10,2,17,,44,,1,22,,121.5579463,25.0491579
112,8,2,11,1,2,03中山區,中山區復興北路164號,0,0,1,1,C03,6,5,5,50,14,9,1,4,4,5,13,1,1,1,3,5,1,13,1,53,2,9,6,4,7,7,1,10,2,12,,42,,1,21,,121.5439983,25.05350688
112,8,2,11,1,2,03中山區,中山區復興北路164號,0,0,1,2,B03,6,5,5,50,14,9,1,4,4,5,13,1,1,1,3,5,1,13,1,31,3,10,3,4,7,13,1,8,2,6,,44,,1,21,,121.5439983,25.05350688
112,8,2,11,25,2,03中山區,中山區民權西路56號,0,0,2,1,C03,6,7,5,50,14,9,1,4,4,5,13,4,4,3,4,5,2,12,1,20,2,9,6,1,7,7,1,10,1,12,,100,,1,21,,121.5204992,25.06272947
112,8,2,11,25,2,03中山區,中山區民權西路56號,0,0,2,2,C03,6,7,5,50,14,9,1,4,4,5,13,4,4,3,4,5,2,12,2,23,2,9,6,1,7,9,1,10,1,11,,44,,1,21,,121.5204992,25.06272947
112,8,2,11,37,2,08士林區,士林區士東路100號109巷對面,0,0,1,2,C03,6,7,5,50,14,9,1,4,4,5,13,4,4,9,5,5,1,17,1,25,2,9,5,1,7,12,1,9,1,12,,44,,1,21,,121.5294223,25.11219441
112,8,2,11,37,2,08士林區,士林區士東路100號109巷對面,0,0,1,1,C03,6,7,5,50,14,9,1,4,4,5,13,4,4,9,5,5,1,17,1,41,3,10,3,4,7,1,1,10,11,17,,19,,2,22,,121.5294223,25.11219441
112,8,2,11,40,2,05中正區,中正區忠孝東路2段與杭州北路口口,0,0,1,1,C03,6,5,5,50,4,1,1,4,4,5,13,2,1,9,4,5,1,16,2,43,2,9,5,1,7,5,1,10,2,14,,8,,1,21,,121.5268159,25.043977
112,8,2,11,40,2,05中正區,中正區忠孝東路2段與杭州北路口口,0,0,1,2,B01,6,5,5,50,4,1,1,4,4,5,13,2,1,9,4,5,1,16,1,55,3,10,7,1,7,9,1,4,2,5,,44,,1,21,,121.5268159,25.043977
112,8,2,11,40,2,07信義區,信義區忠孝東路4段508號,0,0,2,1,B03,6,5,5,50,14,9,1,4,4,5,13,4,4,9,4,5,2,17,2,36,3,10,7,1,7,7,1,8,1,6,,100,,1,22,,121.561983,25.0411497
112,8,2,11,40,2,07信義區,信義區忠孝東路4段508號,0,0,2,2,C03,6,5,5,50,14,9,1,4,4,5,13,4,4,9,4,5,2,17,1,18,2,8,6,1,7,8,1,9,1,14,,100,,1,22,,121.561983,25.0411497
112,8,2,11,40,2,07信義區,信義區忠孝東路4段508號,0,0,2,3,H02,6,5,5,50,14,9,1,4,4,5,13,4,4,9,4,5,2,17,1,18,2,8,6,5,7,19,8,20,10,16,,67,,1,22,,121.561983,25.0411497
112,8,2,11,45,2,02萬華區,萬華區艋舺大道與西園路2段口,0,0,3,1,A04,6,7,5,50,4,2,1,4,4,5,13,1,1,1,4,5,2,13,1,45,3,10,7,1,7,9,1,2,2,1,,16,,1,21,,121.4976787,25.03307921
112,8,2,11,45,2,02萬華區,萬華區艋舺大道與西園路2段口,0,0,3,3,H02,6,7,5,50,4,2,1,4,4,5,13,1,1,1,4,5,2,13,2,13,2,1,2,5,7,20,8,20,10,16,,67,,1,21,,121.4976787,25.03307921
112,8,2,11,45,2,02萬華區,萬華區艋舺大道與西園路2段口,0,0,3,2,B03,6,7,5,50,4,2,1,4,4,5,13,1,1,1,4,5,2,13,2,41,2,1,7,1,7,9,1,8,2,3,,44,,1,21,,121.4976787,25.03307921
112,8,2,11,45,2,02萬華區,萬華區艋舺大道與西園路2段口,0,0,3,4,H02,6,7,5,50,4,2,1,4,4,5,13,1,1,1,4,5,2,13,2,10,2,1,2,5,7,20,8,20,10,16,,67,,1,21,,121.4976787,25.03307921
112,8,2,11,46,2,07信義區,信義區吳興街225號,0,0,1,1,F01,6,7,5,30,14,9,1,4,4,5,13,4,4,5,5,5,2,10,2,67,3,10,4,1,7,9,8,20,1,11,,4,,1,21,,121.5630641,25.0278457
112,8,2,11,46,2,07信義區,信義區吳興街225號,0,0,1,2,F01,6,7,5,30,14,9,1,4,4,5,13,4,4,5,5,5,2,10,2,72,2,6,4,1,7,9,8,20,1,11,,44,,1,21,,121.5630641,25.0278457
112,8,2,11,55,2,03中山區,中山區八德路2段300巷6號,0,0,1,3,H02,6,6,5,30,14,9,1,4,4,5,13,4,4,10,5,5,1,17,2,59,3,10,4,5,7,19,8,20,10,16,,126,,1,22,,121.5422933,25.04676074
112,8,2,11,55,2,03中山區,中山區八德路2段300巷6號,0,0,1,2,C03,6,6,5,30,14,9,1,4,4,5,13,4,4,10,5,5,1,17,1,32,2,7,3,4,7,9,1,10,1,11,,13,,1,22,,121.5422933,25.04676074
112,8,2,11,55,2,03中山區,中山區八德路2段300巷6號,0,0,1,1,B01,6,6,5,30,14,9,1,4,4,5,13,4,4,10,5,5,1,17,1,50,3,10,3,4,7,14,1,4,1,2,,40,,1,22,,121.5422933,25.04676074
112,8,2,12,0,2,03中山區,中山區民族東路512巷與龍江路415巷口,0,0,1,1,E03,6,7,5,30,4,1,1,4,4,5,13,4,4,4,3,5,1,15,1,38,3,10,3,4,7,9,1,8,2,8,,72,,1,23,,121.5420196,25.066415
112,8,2,12,0,2,03中山區,中山區民族東路512巷與龍江路415巷口,0,0,1,3,C03,6,7,5,30,4,1,1,4,4,5,13,4,4,4,3,5,1,15,1,26,3,10,3,4,7,13,3,18,9,12,,38,,1,21,,121.5420196,25.066415
112,8,2,12,0,2,03中山區,中山區民族東路512巷與龍江路415巷口,0,0,1,5,C03,6,7,5,30,4,1,1,4,4,5,13,4,4,4,3,5,1,15,3,0,,,,,,,,,10,,,38,,1,,,121.5420196,25.066415
112,8,2,12,0,2,03中山區,中山區民族東路512巷與龍江路415巷口,0,0,1,4,C03,6,7,5,30,4,1,1,4,4,5,13,4,4,4,3,5,1,15,2,39,3,10,3,4,7,13,7,19,9,13,,38,,1,21,,121.5420196,25.066415
112,8,2,12,0,2,03中山區,中山區民族東路512巷與龍江路415巷口,0,0,1,2,C03,6,7,5,30,4,1,1,4,4,5,13,4,4,4,3,5,1,15,2,54,2,9,6,4,7,9,1,10,2,12,,14,,1,21,,121.5420196,25.066415
112,8,2,12,0,2,03中山區,中山區民族東路512巷與龍江路415巷口,0,0,1,6,B12,6,7,5,30,4,1,1,4,4,5,13,4,4,4,3,5,1,15,1,37,3,10,3,4,7,13,1,3,11,17,,38,,1,21,,121.5420196,25.066415
112,8,2,12,0,2,03中山區,中山區民族東路512巷與龍江路415巷口,0,0,1,7,B03,6,7,5,30,4,1,1,4,4,5,13,4,4,4,3,5,1,15,3,0,,,,,,,,,10,,,38,,1,,,121.5420196,25.066415
112,8,2,12,1,2,05中正區,中正區和平西路2段與延平南路口口,0,0,1,1,C03,6,6,5,50,4,1,1,4,4,5,13,1,1,1,4,5,1,17,1,72,4,11,3,4,7,11,7,19,11,15,,96,,2,22,,121.5068141,25.03204055
112,8,2,12,1,2,05中正區,中正區和平西路2段與延平南路口口,0,0,1,2,C03,6,6,5,50,4,1,1,4,4,5,13,1,1,1,4,5,1,17,1,69,2,7,6,1,7,9,1,10,1,14,,44,,1,21,,121.5068141,25.03204055
112,8,2,12,23,2,04大安區,大安區新生北路1段與八德路2段口,0,0,1,2,H01,6,5,5,50,4,1,1,4,4,5,13,1,1,1,3,5,2,3,2,37,2,9,4,5,8,16,8,20,10,16,,67,,1,21,,121.5330111,25.0445592
112,8,2,12,23,2,04大安區,大安區新生北路1段與八德路2段口,0,0,1,1,B01,6,5,5,50,4,1,1,4,4,5,13,1,1,1,3,5,2,3,1,64,3,10,3,4,7,6,1,4,2,1,,70,,1,21,,121.5330111,25.0445592
112,8,2,12,33,2,01大同區,大同區大龍街與哈密街口,0,0,1,2,C03,6,6,5,30,4,2,4,4,4,5,13,2,1,5,5,5,2,17,1,38,2,9,5,4,7,9,1,10,1,14,,13,,1,22,,121.5159245,25.0730888
112,8,2,12,33,2,01大同區,大同區大龍街與哈密街口,0,0,1,1,B02,6,6,5,30,4,2,4,4,4,5,13,2,1,5,5,5,2,17,1,19,3,10,3,4,7,11,1,8,1,17,,118,,1,22,,121.5159245,25.0730888
112,8,2,12,57,2,04大安區,大安區和平東路3段346巷與和平東路3段口,0,0,1,1,B02,7,5,5,50,4,1,1,4,4,5,13,1,1,5,4,1,2,13,1,39,3,10,7,1,7,8,1,8,1,1,,108,,1,21,,121.557546,25.0196913
112,8,2,12,57,2,04大安區,大安區和平東路3段346巷與和平東路3段口,0,0,1,2,C03,7,5,5,50,4,1,1,4,4,5,13,1,1,5,4,1,2,13,2,37,2,9,5,1,7,14,1,10,1,13,,44,,1,21,,121.557546,25.0196913
112,8,2,13,0,2,09北投區,北投區石牌路2段與石牌路2段113巷口,0,0,1,1,C03,6,6,5,50,4,2,1,4,4,5,13,2,1,8,3,5,2,17,1,60,3,10,6,1,7,5,1,10,1,17,,74,,1,22,,121.5175318,25.11804603
112,8,2,13,0,2,09北投區,北投區石牌路2段與石牌路2段113巷口,0,0,1,2,C03,6,6,5,50,4,2,1,4,4,5,13,2,1,8,3,5,2,17,2,43,2,9,6,1,7,9,3,18,1,17,,44,,1,22,,121.5175318,25.11804603
112,8,2,13,6,2,07信義區,信義區和平東路3段與嘉興街口,0,0,1,1,A02,6,7,5,50,14,9,1,4,4,5,13,2,1,1,4,5,2,9,1,48,3,10,7,1,7,1,1,2,1,17,,118,,1,21,,121.5539553,25.02313724
112,8,2,13,6,2,07信義區,信義區和平東路3段與嘉興街口,0,0,1,2,H02,6,7,5,50,14,9,1,4,4,5,13,2,1,1,4,5,2,9,2,78,2,1,4,5,7,19,8,20,10,17,,67,,1,21,,121.5539553,25.02313724
112,8,2,13,10,2,12內湖區,內湖區成功路3段173號,0,0,1,7,C03,6,6,5,40,14,8,1,4,4,5,13,4,4,1,4,4,2,13,2,23,3,10,3,1,7,13,7,19,9,13,,44,,1,22,,121.5903892,25.08010353
112,8,2,13,10,2,12內湖區,內湖區成功路3段173號,0,0,1,1,C03,6,6,5,40,14,8,1,4,4,5,13,4,4,1,4,4,2,13,1,45,3,10,5,3,7,7,1,10,1,12,,100,,1,26,,121.5903892,25.08010353
112,8,2,13,10,2,12內湖區,內湖區成功路3段173號,0,0,1,2,C03,6,6,5,40,14,8,1,4,4,5,13,4,4,1,4,4,2,13,1,26,2,9,6,1,7,9,1,10,1,14,,44,,1,25,,121.5903892,25.08010353
112,8,2,13,10,2,12內湖區,內湖區成功路3段173號,0,0,1,3,C03,6,6,5,40,14,8,1,4,4,5,13,4,4,1,4,4,2,13,1,34,3,10,3,1,7,13,7,19,9,13,,44,,1,22,,121.5903892,25.08010353
112,8,2,13,10,2,12內湖區,內湖區成功路3段173號,0,0,1,4,C03,6,6,5,40,14,8,1,4,4,5,13,4,4,1,4,4,2,13,1,28,3,10,3,1,7,13,7,19,9,13,,44,,1,22,,121.5903892,25.08010353
112,8,2,13,10,2,12內湖區,內湖區成功路3段173號,0,0,1,6,C03,6,6,5,40,14,8,1,4,4,5,13,4,4,1,4,4,2,13,1,41,3,10,3,1,7,13,7,19,9,13,,44,,1,22,,121.5903892,25.08010353
112,8,2,13,10,2,12內湖區,內湖區成功路3段173號,0,0,1,5,C03,6,6,5,40,14,8,1,4,4,5,13,4,4,1,4,4,2,13,2,20,3,10,3,1,7,13,7,19,9,13,,44,,1,22,,121.5903892,25.08010353
112,8,2,13,30,2,12內湖區,內湖區內湖路1段與堤頂大道2段口,0,0,1,1,C03,6,7,5,50,4,3,1,4,4,5,13,2,1,1,4,5,2,17,1,62,2,9,6,4,7,15,1,10,1,14,,17,,1,21,,121.5608352,25.08440179
112,8,2,13,30,2,12內湖區,內湖區內湖路1段與堤頂大道2段口,0,0,1,2,B03,6,7,5,50,4,3,1,4,4,5,13,2,1,1,4,5,2,17,1,83,3,10,3,4,7,15,1,8,1,2,,17,,1,21,,121.5608352,25.08440179
112,8,2,13,54,2,07信義區,信義區松壽路與一號道路口口,0,0,1,2,,6,7,5,50,3,2,4,4,4,5,13,4,4,10,4,5,2,18,3,0,,,,,,,,,10,,,67,,1,,,121.5619073,25.0361179
112,8,2,13,54,2,07信義區,信義區松壽路與一號道路口口,0,0,1,1,C03,6,7,5,50,3,2,4,4,4,5,13,4,4,10,4,5,2,18,2,21,2,9,6,1,7,5,1,10,1,12,,118,,1,21,,121.5619073,25.0361179
112,8,2,14,20,2,11南港區,南港區東明街與東明街123巷口,0,0,1,1,C03,6,7,5,30,4,2,1,4,4,5,13,4,4,9,5,5,2,16,2,38,2,5,3,4,7,9,1,9,1,12,,72,,1,21,,121.5993359,25.0548089
112,8,2,14,20,2,11南港區,南港區東明街與東明街123巷口,0,0,1,2,B01,6,7,5,30,4,2,1,4,4,5,13,4,4,9,5,5,2,16,1,61,3,10,3,4,7,9,1,4,1,1,,44,,1,21,,121.5993359,25.0548089
112,8,2,14,20,2,07信義區,信義區吳興街與吳興街225巷口,0,0,1,3,B03,6,6,5,50,4,2,1,4,4,5,13,2,1,5,4,5,2,29,2,52,3,10,3,4,7,5,1,8,1,15,,74,,1,21,,121.5631728,25.0277034
112,8,2,14,20,2,07信義區,信義區吳興街與吳興街225巷口,0,0,1,2,,6,6,5,50,4,2,1,4,4,5,13,2,1,5,4,5,2,29,3,,,,,,,,,,,,,67,,1,,,121.5631728,25.0277034
112,8,2,14,20,2,07信義區,信義區吳興街與吳興街225巷口,0,0,1,1,C03,6,6,5,50,4,2,1,4,4,5,13,2,1,5,4,5,2,29,2,56,2,9,3,4,7,9,1,10,1,12,,44,,1,21,,121.5631728,25.0277034
112,8,2,14,30,2,03中山區,中山區長安東路1段77巷5號,0,0,1,1,C03,6,6,5,30,14,9,1,4,4,5,13,4,4,10,4,5,1,17,2,65,2,8,6,1,7,9,1,10,1,12,,108,,1,21,,121.5288779,25.04860425
112,8,2,14,30,2,03中山區,中山區長安東路1段77巷5號,0,0,1,2,C03,6,6,5,30,14,9,1,4,4,5,13,4,4,10,4,5,1,17,1,34,3,10,6,1,7,13,1,10,11,13,,44,,1,21,,121.5288779,25.04860425
112,8,2,14,30,2,03中山區,中山區長安東路1段77巷5號,0,0,1,3,C03,6,6,5,30,14,9,1,4,4,5,13,4,4,10,4,5,1,17,1,24,3,10,6,1,7,13,1,10,11,13,,44,,1,21,,121.5288779,25.04860425
112,8,2,14,36,2,05中正區,中正區沅陵街26-1號,0,0,1,1,B12,6,7,5,50,14,9,1,4,4,5,13,4,4,10,5,5,2,17,1,38,3,10,3,1,7,3,1,8,1,17,,72,,1,21,,121.5127384,25.04279062
112,8,2,14,36,2,05中正區,中正區沅陵街26-1號,0,0,1,2,F03,6,7,5,50,14,9,1,4,4,5,13,4,4,10,5,5,2,17,2,52,2,9,5,1,7,9,8,20,1,12,,44,,1,21,,121.5127384,25.04279062
112,8,2,15,1,2,08士林區,士林區延平北路7段106巷與延平北路7段106巷口,0,0,1,2,C03,6,7,5,30,3,2,1,4,4,5,13,4,4,10,5,5,2,17,2,22,2,9,6,1,7,15,1,10,1,11,,118,,1,21,,121.4961541,25.1016059
112,8,2,15,1,2,08士林區,士林區延平北路7段106巷與延平北路7段106巷口,0,0,1,1,B12,6,7,5,30,3,2,1,4,4,5,13,4,4,10,5,5,2,17,4,0,,,,,,,,,11,15,,119,,2,,,121.4961541,25.1016059
112,8,2,15,5,2,12內湖區,內湖區康寧路3段與安康路口,0,0,1,1,C03,6,6,5,50,14,9,1,4,4,5,13,4,4,1,4,5,2,17,2,71,2,9,6,1,7,9,1,10,2,14,,44,,1,21,,121.6109855,25.06591404
112,8,2,15,5,2,12內湖區,內湖區康寧路3段與安康路口,0,0,1,2,A12,6,6,5,50,14,9,1,4,4,5,13,4,4,1,4,5,2,17,1,42,3,10,7,1,7,9,1,2,9,6,,17,,1,21,,121.6109855,25.06591404
112,8,2,15,10,2,08士林區,士林區至誠路1段26號,0,0,1,1,C03,6,6,5,50,14,9,1,4,4,5,13,4,4,5,4,5,1,17,1,59,2,9,3,4,7,9,1,9,2,11,,108,,1,21,,121.5367873,25.10129892
112,8,2,15,10,2,08士林區,士林區至誠路1段26號,0,0,1,2,A12,6,6,5,50,14,9,1,4,4,5,13,4,4,5,4,5,1,17,1,23,3,10,3,4,7,14,1,7,2,3,,38,,1,21,,121.5367873,25.10129892