發生年度,發生月,發生日,發生時-Hours,發生分,處理別-編號,區序,肇事地點,死亡人數,2-30日死亡人數,受傷人數,當事人序號,車種,天候,光線,道路類別,速限-速度限制,道路型態,事故位置,路面狀況1,路面狀況2,路面狀況3,道路障礙1,道路障礙2,號誌1,號誌2,車道劃分-分向,車道劃分-分道1,車道劃分-分道2,車道劃分-分道3,事故類型及型態,性別,年齡,受傷程度,主要傷處,保護裝置,行動電話,車輛用途,當事者行動狀態,駕駛資格情形,駕駛執照種類,飲酒情形,車輛撞擊部位1,車輛撞擊部位2,肇因碼-個別,肇因碼-主要,個人肇逃否,職業,旅次目的,座標-X,座標-Y
112,8,2,15,30,2,12內湖區,內湖區成功路2段514號前,0,0,1,1,B01,6,6,5,50,14,9,1,4,4,5,13,4,4,1,5,5,2,16,1,53,3,10,7,1,7,7,1,1,2,15,,100,,1,21,,121.5896585,25.0743743
112,8,2,15,30,2,12內湖區,內湖區成功路2段514號前,0,0,1,2,C03,6,6,5,50,14,9,1,4,4,5,13,4,4,1,5,5,2,16,1,65,2,9,6,1,7,9,1,10,2,11,,44,,1,21,,121.5896585,25.0743743
112,8,2,15,35,2,11南港區,南港區松河街316號,0,0,1,1,C03,6,7,5,40,14,9,1,4,4,5,13,4,4,4,5,5,2,17,1,45,3,10,5,1,7,1,1,10,2,17,,19,,1,21,,121.5827983,25.0527893
112,8,2,15,35,2,11南港區,南港區松河街316號,0,0,1,2,C03,6,7,5,40,14,9,1,4,4,5,13,4,4,4,5,5,2,17,1,29,2,7,5,1,7,9,1,10,2,14,,13,,1,21,,121.5827983,25.0527893
112,8,2,15,40,2,10文山區,文山區秀明路2段與秀明路2段7巷口,0,0,1,1,B03,6,6,5,50,3,2,1,4,4,5,13,2,1,5,2,5,2,13,2,31,3,10,3,4,7,9,1,8,1,8,,108,,1,21,,121.575053,24.9919163
112,8,2,15,40,2,10文山區,文山區秀明路2段與秀明路2段7巷口,0,0,1,2,B03,6,6,5,50,3,2,1,4,4,5,13,2,1,5,2,5,2,13,1,40,2,9,3,4,7,14,1,8,1,6,,44,,1,21,,121.575053,24.9919163
112,8,2,15,55,2,10文山區,文山區老泉街45巷,0,0,1,1,C03,6,7,5,30,11,9,1,4,4,5,13,4,4,10,5,5,1,10,1,29,2,9,5,1,7,9,1,10,2,11,,108,,1,22,,121.5737237,24.9737318
112,8,2,15,55,2,10文山區,文山區老泉街45巷,0,0,1,2,B03,6,7,5,30,11,9,1,4,4,5,13,4,4,10,5,5,1,10,1,53,3,10,7,1,7,9,1,8,2,1,,5,,1,22,,121.5737237,24.9737318
112,8,2,15,58,2,07信義區,信義區忠孝東路4段560號與基隆路2段口,0,0,1,2,C03,6,6,5,30,4,2,1,4,4,5,13,4,4,1,4,5,2,17,1,30,2,9,3,4,7,9,1,10,1,14,,44,,1,21,,121.5637313,25.0410965
112,8,2,15,58,2,07信義區,信義區忠孝東路4段560號與基隆路2段口,0,0,1,1,B03,6,6,5,30,4,2,1,4,4,5,13,4,4,1,4,5,2,17,1,50,3,10,3,4,7,6,1,8,1,7,,72,,1,21,,121.5637313,25.0410965
112,8,2,16,30,2,04大安區,大安區復興南路2段78巷與復興南路2段口,0,0,1,1,B01,6,6,5,50,4,2,1,4,4,5,13,2,1,9,5,5,2,17,1,68,3,10,7,1,7,6,1,4,1,1,,9,,1,21,,121.5433716,25.0310994
112,8,2,16,30,2,04大安區,大安區復興南路2段78巷與復興南路2段口,0,0,1,2,F01,6,6,5,50,4,2,1,4,4,5,13,2,1,9,5,5,2,17,2,24,2,9,4,1,7,9,8,20,1,12,,108,,1,21,,121.5433716,25.0310994
112,8,2,17,0,2,11南港區,南港區忠孝東路6段146號對面,0,0,1,2,C03,6,5,5,50,14,8,1,4,4,5,13,4,4,1,3,4,2,17,1,27,2,8,5,1,7,9,1,10,1,14,,44,,1,21,,121.5857171,25.04841425
112,8,2,17,0,2,11南港區,南港區忠孝東路6段146號對面,0,0,1,1,B03,6,5,5,50,14,8,1,4,4,5,13,4,4,1,3,4,2,17,1,38,3,10,7,1,7,7,1,8,1,17,,100,,1,21,,121.5857171,25.04841425
112,8,2,17,21,2,07信義區,信義區基隆路2段131-22號,0,0,1,2,,6,6,5,50,14,9,1,4,4,5,13,4,4,1,4,5,2,29,3,0,,,,,,,,,,,,67,,1,,,121.5563923,25.0276413
112,8,2,17,21,2,07信義區,信義區基隆路2段131-22號,0,0,1,1,C03,6,6,5,50,14,9,1,4,4,5,13,4,4,1,4,5,2,29,2,25,2,9,3,4,7,9,1,10,1,14,,42,,1,21,,121.5563923,25.0276413
112,8,2,17,57,2,03中山區,中山區市民大道2段與林森北路口,0,0,1,2,B03,8,5,5,50,14,9,1,4,4,5,13,1,1,5,4,5,2,17,1,57,3,10,3,4,7,9,1,8,1,2,,44,,1,21,,121.5242038,25.0480097
112,8,2,17,57,2,03中山區,中山區市民大道2段與林森北路口,0,0,1,1,C03,8,5,5,50,14,9,1,4,4,5,13,1,1,5,4,5,2,17,1,31,2,8,3,4,7,7,1,10,1,14,,101,,1,21,,121.5242038,25.0480097
112,8,2,18,10,2,12內湖區,內湖區民權東路6段與民權東路6段232巷口,0,0,1,1,C03,7,5,5,50,3,2,1,4,4,5,13,1,1,1,5,5,2,17,2,47,2,9,6,1,7,9,1,10,1,14,,118,,1,21,,121.6002298,25.06680401
112,8,2,18,10,2,12內湖區,內湖區民權東路6段與民權東路6段232巷口,0,0,1,2,C03,7,5,5,50,3,2,1,4,4,5,13,1,1,1,5,5,2,17,2,37,3,10,6,1,7,14,1,10,1,13,,44,,1,21,,121.6002298,25.06680401
112,8,2,18,20,2,03中山區,中山區一江街與南京東路2段口,0,0,2,4,A05,6,5,5,50,14,8,1,4,4,5,13,4,4,1,4,4,2,16,1,63,3,10,7,1,7,14,1,2,1,1,,38,,1,21,,121.5315645,25.05213909
112,8,2,18,20,2,03中山區,中山區一江街與南京東路2段口,0,0,2,3,H02,6,5,5,50,14,8,1,4,4,5,13,4,4,1,4,4,2,16,2,29,2,9,5,5,7,20,8,20,10,16,,67,,1,21,,121.5315645,25.05213909
112,8,2,18,20,2,03中山區,中山區一江街與南京東路2段口,0,0,2,1,B03,6,5,5,50,14,8,1,4,4,5,13,4,4,1,4,4,2,16,1,22,3,10,7,1,7,8,1,8,1,2,,100,,1,21,,121.5315645,25.05213909
112,8,2,18,20,2,03中山區,中山區一江街與南京東路2段口,0,0,2,2,C03,6,5,5,50,14,8,1,4,4,5,13,4,4,1,4,4,2,16,1,29,2,7,5,1,7,9,1,10,1,14,,107,,1,21,,121.5315645,25.05213909
112,8,2,18,38,2,04大安區,大安區忠孝東路3段與建國南路1段口,0,0,1,1,C03,7,5,5,50,4,1,1,4,4,5,13,1,1,10,5,5,2,17,4,0,,,,,,,,,11,,,119,,2,,,121.537377,25.041775
112,8,2,18,38,2,04大安區,大安區忠孝東路3段與建國南路1段口,0,0,1,2,C03,7,5,5,50,4,1,1,4,4,5,13,1,1,10,5,5,2,17,1,24,2,9,6,1,7,12,1,10,1,17,,118,,1,21,,121.537377,25.041775
112,8,2,19,2,2,08士林區,士林區忠誠路1段與忠義街口,0,0,1,1,C03,7,5,5,50,4,1,1,4,4,5,13,2,1,1,5,5,1,17,1,29,3,10,6,1,7,5,1,10,1,14,,8,,1,21,,121.5290548,25.10553691
112,8,2,19,2,2,08士林區,士林區忠誠路1段與忠義街口,0,0,1,2,C03,7,5,5,50,4,1,1,4,4,5,13,2,1,1,5,5,1,17,1,18,2,9,6,1,7,9,1,10,1,12,,108,,1,21,,121.5290548,25.10553691
112,8,2,19,9,2,03中山區,中山區吉林路與松江路170巷口,0,0,1,1,B01,6,5,5,50,4,1,1,4,4,5,13,2,1,4,3,4,1,17,1,68,3,10,3,4,7,5,1,4,11,17,,74,,2,21,,121.5301715,25.0560774
112,8,2,19,9,2,03中山區,中山區吉林路與松江路170巷口,0,0,1,2,C03,6,5,5,50,4,1,1,4,4,5,13,2,1,4,3,4,1,17,1,27,2,9,3,4,7,9,1,10,1,12,,44,,1,21,,121.5301715,25.0560774
112,8,2,19,25,2,07信義區,信義區虎林街132巷與虎林街口,0,0,1,2,H01,7,5,5,30,4,2,1,4,4,5,13,4,4,10,5,5,2,3,1,30,2,8,4,5,8,16,8,20,10,16,,67,,1,21,,121.5768877,25.04029129
112,8,2,19,25,2,07信義區,信義區虎林街132巷與虎林街口,0,0,1,1,C03,7,5,5,30,4,2,1,4,4,5,13,4,4,10,5,5,2,3,2,61,3,10,6,1,7,5,1,10,1,11,,118,,1,21,,121.5768877,25.04029129
112,8,2,19,38,2,02萬華區,萬華區環河南路1段與康定路口,0,0,2,1,C03,8,5,5,50,3,2,1,5,4,5,13,2,1,9,5,5,2,13,1,18,2,9,5,1,7,9,1,10,1,11,,107,,1,21,,121.5030106,25.0460066
112,8,2,19,38,2,02萬華區,萬華區環河南路1段與康定路口,0,0,2,2,C03,8,5,5,50,3,2,1,5,4,5,13,2,1,9,5,5,2,13,1,37,2,7,5,1,7,9,1,9,1,13,,44,,1,21,,121.5030106,25.0460066
112,8,2,21,22,2,02萬華區,萬華區東園街與長泰街口,0,0,2,3,H02,7,5,5,30,4,1,1,5,4,5,13,1,1,5,4,5,1,17,2,10,2,8,5,5,7,20,8,20,10,16,,67,,1,21,,121.4981437,25.0222757
112,8,2,21,22,2,02萬華區,萬華區東園街與長泰街口,0,0,2,2,F02,7,5,5,30,4,1,1,5,4,5,13,1,1,5,4,5,1,17,1,37,3,10,5,1,7,15,8,20,1,13,,44,,1,21,,121.4981437,25.0222757
112,8,2,21,22,2,02萬華區,萬華區東園街與長泰街口,0,0,2,1,C03,7,5,5,30,4,1,1,5,4,5,13,1,1,5,4,5,1,17,2,43,2,9,5,1,7,9,1,10,1,14,,108,,1,21,,121.4981437,25.0222757
112,8,2,22,10,2,11南港區,南港區東新街80巷9弄與東新街80巷10弄口,0,0,1,2,B03,7,5,5,30,4,2,1,5,4,5,13,4,4,10,5,5,2,15,1,27,3,10,7,1,7,9,1,8,2,1,,14,,1,22,,121.5871412,25.0458322
112,8,2,22,10,2,11南港區,南港區東新街80巷9弄與東新街80巷10弄口,0,0,1,1,C03,7,5,5,30,4,2,1,5,4,5,13,4,4,10,5,5,2,15,2,55,2,9,6,1,7,9,1,10,2,12,,72,,1,22,,121.5871412,25.0458322
112,8,2,22,31,2,10文山區,文山區興隆路2段244巷與興隆路2段244巷口(24號旁),0,0,1,1,B03,7,5,5,30,22,18,1,5,4,5,13,4,4,5,5,5,2,3,1,46,3,10,7,1,7,9,1,8,2,1,,70,,1,21,,121.5533819,25.0001065
112,8,2,22,31,2,10文山區,文山區興隆路2段244巷與興隆路2段244巷口(24號旁),0,0,1,2,H01,7,5,5,30,22,18,1,5,4,5,13,4,4,5,5,5,2,3,2,22,2,9,4,5,8,16,8,20,10,16,,67,,1,21,,121.5533819,25.0001065
112,8,2,22,50,2,03中山區,中山區林森北路287號,0,0,1,2,H01,8,5,5,50,14,9,1,5,4,5,13,4,4,5,4,5,2,3,2,64,2,9,4,5,8,16,8,20,10,16,,121,,1,21,,121.5254928,25.0555518
112,8,2,22,50,2,03中山區,中山區林森北路287號,0,0,1,1,B01,8,5,5,50,14,9,1,5,4,5,13,4,4,5,4,5,2,3,1,60,3,10,3,4,7,9,1,4,2,5,,108,,1,21,,121.5254928,25.0555518
112,8,2,23,15,2,01大同區,大同區台北橋機慢車道往新北市,0,0,1,1,B03,7,5,7,50,14,11,1,5,4,5,13,4,4,9,4,5,1,13,1,31,3,10,3,4,7,9,1,8,1,7,,4,,1,21,,121.5110001,25.0630588
112,8,2,23,15,2,01大同區,大同區台北橋機慢車道往新北市,0,0,1,2,C03,7,5,7,50,14,11,1,5,4,5,13,4,4,9,4,5,1,13,2,22,2,9,3,4,7,9,1,10,1,13,,108,,1,21,,121.5110001,25.0630588
112,8,3,1,13,2,09北投區,北投區中央南路1段與崇仁路1段口,0,0,2,3,H02,8,5,5,50,3,2,1,5,4,5,13,3,1,5,4,5,2,17,2,40,2,1,5,5,7,20,8,20,10,17,,67,,1,22,,121.5012095,25.128413
112,8,3,1,13,2,09北投區,北投區中央南路1段與崇仁路1段口,0,0,2,2,B12,8,5,5,50,3,2,1,5,4,5,13,3,1,5,4,5,2,17,1,42,3,10,7,1,7,9,1,8,1,7,,14,,1,22,,121.5012095,25.128413
112,8,3,1,13,2,09北投區,北投區中央南路1段與崇仁路1段口,0,0,2,1,C03,8,5,5,50,3,2,1,5,4,5,13,3,1,5,4,5,2,17,2,40,2,5,5,1,7,9,1,10,1,11,,72,,1,22,,121.5012095,25.128413
112,8,3,2,28,2,04大安區,大安區忠孝東路4段147巷與敦化南路1段187巷口,0,0,1,2,B01,6,5,5,30,4,1,1,4,4,5,13,4,4,10,5,5,2,15,1,46,3,10,7,1,7,9,1,4,2,1,,108,,1,21,,121.5496735,25.04258063
112,8,3,2,28,2,04大安區,大安區忠孝東路4段147巷與敦化南路1段187巷口,0,0,1,1,C03,6,5,5,30,4,1,1,4,4,5,13,4,4,10,5,5,2,15,1,47,2,9,5,1,7,9,1,10,2,14,,72,,1,21,,121.5496735,25.04258063
112,8,3,2,30,2,01大同區,大同區寧夏路與涼州街口,0,0,1,1,B03,7,5,5,50,4,2,1,4,4,5,13,1,1,9,4,5,1,13,4,0,,,,,,,,,11,,,119,,2,,,121.5144176,25.0606688
112,8,3,2,30,2,01大同區,大同區寧夏路與涼州街口,0,0,1,2,C03,7,5,5,50,4,2,1,4,4,5,13,1,1,9,4,5,1,13,1,28,2,5,3,4,7,14,1,10,1,13,,44,,1,21,,121.5144176,25.0606688
112,8,3,2,44,2,03中山區,中山區林森北路與新生北路2段58巷口,0,0,1,1,B03,6,5,5,50,4,1,1,4,4,5,13,4,4,9,5,5,2,13,2,38,3,10,7,1,7,9,6,8,8,1,,108,,1,21,,121.5254654,25.055381
112,8,3,2,44,2,03中山區,中山區林森北路與新生北路2段58巷口,0,0,1,2,B03,6,5,5,50,4,1,1,4,4,5,13,4,4,9,5,5,2,13,1,41,3,10,7,1,7,6,1,8,2,3,,44,,1,21,,121.5254654,25.055381
112,8,3,2,44,2,03中山區,中山區林森北路與新生北路2段58巷口,0,0,1,3,C03,6,5,5,50,4,1,1,4,4,5,13,4,4,9,5,5,2,13,1,46,2,7,5,1,7,9,1,10,2,14,,44,,1,21,,121.5254654,25.055381
112,8,3,6,30,2,08士林區,士林區德行東路338巷與德行東路378巷口,0,0,1,1,C03,7,6,5,0,3,1,1,4,4,5,13,4,4,10,5,5,2,17,1,52,3,10,5,1,7,1,1,10,2,14,,19,,1,21,,121.5403172,25.10885459
112,8,3,6,30,2,08士林區,士林區德行東路338巷與德行東路378巷口,0,0,1,2,C03,7,6,5,0,3,1,1,4,4,5,13,4,4,10,5,5,2,17,1,52,2,9,5,1,7,5,1,10,2,11,,44,,1,21,,121.5403172,25.10885459
112,8,3,7,15,2,12內湖區,內湖區新明路179號,0,0,1,2,C03,6,7,5,40,14,7,1,4,4,5,13,4,4,5,5,4,1,17,1,38,2,9,6,1,7,9,1,10,2,17,,44,,1,21,,121.5886761,25.05888257
112,8,3,7,15,2,12內湖區,內湖區新明路179號,0,0,1,1,B12,6,7,5,40,14,7,1,4,4,5,13,4,4,5,5,4,1,17,1,46,3,10,7,1,7,11,1,8,2,17,,103,,1,21,,121.5886761,25.05888257
112,8,3,10,4,2,06松山區,松山區復興北路與五常街口,0,0,1,1,B03,6,7,5,50,4,1,1,4,4,5,13,2,1,1,4,1,2,15,1,63,3,10,7,1,7,9,1,8,2,1,,81,,1,21,,121.5443582,25.0643304
112,8,3,10,4,2,06松山區,松山區復興北路與五常街口,0,0,1,2,C03,6,7,5,50,4,1,1,4,4,5,13,2,1,1,4,1,2,15,1,54,2,9,6,1,7,9,1,10,2,12,,44,,1,21,,121.5443582,25.0643304
112,8,3,10,17,2,12內湖區,內湖區康寧路3段與康寧路3段16巷口,0,0,1,1,C03,6,7,5,50,4,2,1,4,4,5,13,1,1,1,4,5,1,17,2,23,2,9,5,1,7,9,1,10,1,14,12,42,,1,21,,121.6100099,25.07116789
112,8,3,10,17,2,12內湖區,內湖區康寧路3段與康寧路3段16巷口,0,0,1,2,B03,6,7,5,50,4,2,1,4,4,5,13,1,1,1,4,5,1,17,1,25,3,10,2,1,7,13,1,8,9,7,,38,,1,26,,121.6100099,25.07116789
112,8,3,13,56,2,04大安區,大安區金山南路2段18號,0,0,1,1,B01,6,6,5,50,14,9,1,4,4,5,13,2,1,5,3,5,2,12,1,51,3,10,7,1,7,9,1,4,2,5,,108,,1,21,,121.5270459,25.0331358
112,8,3,13,56,2,04大安區,大安區金山南路2段18號,0,0,1,2,C03,6,6,5,50,14,9,1,4,4,5,13,2,1,5,3,5,2,12,1,28,2,9,6,1,7,14,1,10,2,13,,44,,1,21,,121.5270459,25.0331358
112,8,3,15,24,2,09北投區,北投區公館路423巷1210528號燈桿,0,0,1,2,C03,7,7,5,30,22,9,1,4,4,5,13,4,4,10,5,5,2,17,1,48,2,8,6,1,7,9,6,18,2,12,,13,,1,21,,121.5027936,25.1207037
112,8,3,15,24,2,09北投區,北投區公館路423巷1210528號燈桿,0,0,1,1,B03,7,7,5,30,22,9,1,4,4,5,13,4,4,10,5,5,2,17,1,65,3,10,7,1,7,1,1,8,2,5,,19,,1,21,,121.5027936,25.1207037
112,8,3,17,48,2,01大同區,大同區民權西路與蘭州街口,0,0,1,1,B01,6,6,5,50,4,1,1,4,4,5,13,1,1,1,4,5,2,1,1,26,3,10,7,1,7,6,1,2,2,1,,70,,1,21,,121.5147587,25.0631305
112,8,3,17,48,2,01大同區,大同區民權西路與蘭州街口,0,0,1,2,H01,6,6,5,50,4,1,1,4,4,5,13,1,1,1,4,5,2,1,1,67,2,9,4,5,8,16,8,20,10,16,,67,,1,21,,121.5147587,25.0631305
112,8,3,18,0,2,04大安區,大安區光復南路180巷14號前,0,0,1,1,B02,6,5,5,30,4,1,1,4,4,5,13,4,4,3,5,5,2,15,1,39,3,10,7,1,7,11,1,8,1,5,,10,,1,21,,121.556602,25.0424412
112,8,3,18,0,2,04大安區,大安區光復南路180巷14號前,0,0,1,2,B01,6,5,5,30,4,1,1,4,4,5,13,4,4,3,5,5,2,15,1,29,2,9,7,1,7,9,1,4,1,7,,14,,1,22,,121.556602,25.0424412
112,8,4,1,30,2,04大安區,大安區忠孝東路4段223巷與延吉街62巷口,0,0,4,1,B03,6,5,5,30,4,1,1,4,4,5,13,4,4,5,4,5,2,15,1,26,2,7,7,1,7,9,1,8,2,4,,72,,1,22,,121.5529943,25.0434581
112,8,4,1,30,2,04大安區,大安區忠孝東路4段223巷與延吉街62巷口,0,0,4,2,B01,6,5,5,30,4,1,1,4,4,5,13,4,4,5,4,5,2,15,1,39,2,9,7,1,7,9,1,4,1,1,,44,,1,22,,121.5529943,25.0434581
112,8,4,1,30,2,04大安區,大安區忠孝東路4段223巷與延吉街62巷口,0,0,4,3,H02,6,5,5,30,4,1,1,4,4,5,13,4,4,5,4,5,2,15,1,21,2,9,7,5,7,20,8,20,10,16,,67,,1,22,,121.5529943,25.0434581
112,8,4,1,30,2,04大安區,大安區忠孝東路4段223巷與延吉街62巷口,0,0,4,4,H02,6,5,5,30,4,1,1,4,4,5,13,4,4,5,4,5,2,15,2,28,2,9,7,5,7,20,8,20,10,16,,67,,1,22,,121.5529943,25.0434581
112,8,4,1,38,2,01大同區,大同區承德路2段153號,0,0,1,2,,6,5,7,50,14,9,1,4,4,5,13,4,4,1,4,1,2,24,3,0,,,,,,,,,,,,67,,1,,,121.518282,25.05802149
112,8,4,1,38,2,01大同區,大同區承德路2段153號,0,0,1,1,C03,6,5,7,50,14,9,1,4,4,5,13,4,4,1,4,1,2,24,1,27,2,1,5,1,7,9,1,10,1,11,,44,,1,21,,121.518282,25.05802149
112,8,4,1,44,2,04大安區,大安區市民大道4段66號與市民大道4段口,0,0,1,1,B03,9,5,5,40,3,2,1,5,4,5,13,4,4,10,4,5,2,13,1,38,3,10,7,1,7,15,1,8,1,7,,72,,1,22,,121.547006,25.0449836
112,8,4,1,44,2,04大安區,大安區市民大道4段66號與市民大道4段口,0,0,1,2,C03,9,5,5,40,3,2,1,5,4,5,13,4,4,10,4,5,2,13,1,19,2,8,6,1,7,12,1,10,1,11,,13,,1,22,,121.547006,25.0449836
112,8,4,4,24,2,11南港區,南港區經貿一路與經貿二路157巷口,0,0,1,2,B01,7,6,5,50,3,1,1,5,4,5,13,2,1,10,4,5,2,15,1,55,3,10,7,1,7,9,1,4,2,8,,44,,1,21,,121.6177487,25.0610203
112,8,4,4,24,2,11南港區,南港區經貿一路與經貿二路157巷口,0,0,1,1,F01,7,6,5,50,3,1,1,5,4,5,13,2,1,10,4,5,2,15,1,68,2,9,3,4,7,9,8,20,2,15,,81,,1,22,,121.6177487,25.0610203
112,8,4,6,9,2,10文山區,文山區懷恩隧道內,0,0,1,1,B03,8,6,5,50,6,9,2,5,4,5,13,4,4,5,2,5,2,17,2,67,3,10,3,4,7,8,1,8,2,2,,100,,1,21,,121.5514283,24.99164077
112,8,4,6,9,2,10文山區,文山區懷恩隧道內,0,0,1,2,C03,8,6,5,50,6,9,2,5,4,5,13,4,4,5,2,5,2,17,1,22,2,9,6,4,7,9,1,9,2,14,,44,,1,21,,121.5514283,24.99164077
112,8,4,7,24,2,01大同區,大同區西寧北路與南京西路口,0,0,2,2,C03,7,6,5,50,4,1,1,5,4,5,13,2,1,5,5,5,2,12,1,36,2,7,3,4,7,9,1,10,2,11,,44,,1,21,,121.5086733,25.0534266
112,8,4,7,24,2,01大同區,大同區西寧北路與南京西路口,0,0,2,1,C03,7,6,5,50,4,1,1,5,4,5,13,2,1,5,5,5,2,12,1,61,2,9,3,4,7,7,1,10,2,11,,100,,1,21,,121.5086733,25.0534266
112,8,4,7,43,2,11南港區,南港區南港路2段132號,0,0,1,1,C03,7,5,5,40,14,7,1,5,4,5,13,4,4,4,3,4,2,16,1,62,3,10,3,4,7,7,1,10,2,14,,100,,2,21,,121.6014723,25.0533973
112,8,4,7,43,2,11南港區,南港區南港路2段132號,0,0,1,2,C03,7,5,5,40,14,7,1,5,4,5,13,4,4,4,3,4,2,16,1,39,2,9,3,4,7,9,1,10,2,12,,44,,1,21,,121.6014723,25.0533973
112,8,4,7,50,2,11南港區,南港區南港路3段與東新街口,0,0,2,3,F01,8,7,5,50,5,2,1,5,4,5,13,2,1,4,3,5,2,15,1,20,2,5,4,4,7,1,8,20,1,11,,118,,1,22,,121.582751,25.0514898
112,8,4,7,50,2,11南港區,南港區南港路3段與東新街口,0,0,2,1,,8,7,5,50,5,2,1,5,4,5,13,2,1,4,3,5,2,15,4,0,4,11,2,4,7,1,7,19,11,11,,119,,2,,,121.582751,25.0514898
112,8,4,7,50,2,11南港區,南港區南港路3段與東新街口,0,0,2,2,C03,8,7,5,50,5,2,1,5,4,5,13,2,1,4,3,5,2,15,1,56,2,7,6,3,7,1,1,10,1,11,,19,,1,22,,121.582751,25.0514898
112,8,4,8,5,2,02萬華區,萬華區堤外便道燈桿雙園033(桂林-長順),0,0,3,2,C03,7,6,8,40,14,9,1,5,4,5,13,4,4,10,5,5,2,17,2,29,2,9,5,1,7,9,3,18,1,11,,44,,1,22,,121.4936618,25.03793426
112,8,4,8,5,2,02萬華區,萬華區堤外便道燈桿雙園033(桂林-長順),0,0,3,1,C03,7,6,8,40,14,9,1,5,4,5,13,4,4,10,5,5,2,17,1,51,2,7,5,1,7,11,1,9,1,14,,10,,1,22,,121.4936618,25.03793426
112,8,4,8,5,2,02萬華區,萬華區堤外便道燈桿雙園033(桂林-長順),0,0,3,3,H02,7,6,8,40,14,9,1,5,4,5,13,4,4,10,5,5,2,17,2,2,2,9,5,5,7,20,8,20,10,16,,67,,1,22,,121.4936618,25.03793426
112,8,4,8,7,2,02萬華區,萬華區萬大路與環河南路3段口,0,0,1,1,C03,6,6,5,50,4,1,1,4,4,5,13,1,1,1,4,4,2,17,1,66,2,8,5,1,7,6,1,10,1,11,,81,,1,21,,121.4956253,25.01645202
112,8,4,8,7,2,02萬華區,萬華區萬大路與環河南路3段口,0,0,1,2,B03,6,6,5,50,4,1,1,4,4,5,13,1,1,1,4,4,2,17,1,40,3,10,7,1,7,9,1,8,1,2,,44,,1,21,,121.4956253,25.01645202
112,8,4,8,15,2,09北投區,北投區中央北路1段與大業路口,0,0,1,2,C03,7,7,5,50,4,1,1,5,4,5,12,2,1,1,4,5,2,16,1,32,2,9,3,4,7,9,1,10,2,14,,44,,1,21,,121.4972313,25.13605337
112,8,4,8,15,2,09北投區,北投區中央北路1段與大業路口,0,0,1,1,B03,7,7,5,50,4,1,1,5,4,5,12,2,1,1,4,5,2,16,1,25,3,10,3,4,7,5,1,8,2,1,,74,,1,22,,121.4972313,25.13605337
112,8,4,8,22,2,04大安區,大安區市民大道4段與敦化南路1段口,0,0,1,2,A04,7,5,5,50,4,2,1,5,4,5,13,4,4,1,4,1,2,17,1,59,3,10,3,1,7,9,1,2,1,2,,44,,1,22,,121.5491434,25.0447401
112,8,4,8,22,2,04大安區,大安區市民大道4段與敦化南路1段口,0,0,1,1,C03,7,5,5,50,4,2,1,5,4,5,13,4,4,1,4,1,2,17,2,59,2,9,5,1,7,8,1,10,1,14,,100,,1,22,,121.5491434,25.0447401
112,8,4,8,24,2,03中山區,中山區長安東路1段81號,0,0,1,2,H03,8,6,5,50,14,9,1,5,4,5,13,4,4,5,4,5,1,5,1,45,2,7,4,5,8,20,8,20,10,16,,67,,1,21,,121.5283715,25.04834104
112,8,4,8,24,2,03中山區,中山區長安東路1段81號,0,0,1,1,B01,8,6,5,50,14,9,1,5,4,5,13,4,4,5,4,5,1,5,1,41,3,10,3,4,7,9,1,4,11,2,,108,,1,21,,121.5283715,25.04834104
112,8,4,8,24,2,10文山區,文山區辛亥路4段132號對面,0,0,2,2,C03,8,6,5,50,14,9,1,5,4,1,13,4,4,1,4,5,2,17,1,42,2,7,5,1,7,9,1,10,2,12,,44,,1,21,,121.5566195,25.00402386
112,8,4,8,24,2,10文山區,文山區辛亥路4段132號對面,0,0,2,1,C03,8,6,5,50,14,9,1,5,4,1,13,4,4,1,4,5,2,17,2,60,2,9,5,1,7,9,1,10,2,11,,108,,1,21,,121.5566195,25.00402386
112,8,4,8,24,2,10文山區,文山區辛亥路4段132號對面,0,0,2,3,B03,8,6,5,50,14,9,1,5,4,1,13,4,4,1,4,5,2,17,1,49,3,10,7,1,7,9,1,8,2,2,,44,,1,21,,121.5566195,25.00402386
112,8,4,8,24,2,10文山區,文山區辛亥路4段132號對面,0,0,2,4,,8,6,5,50,14,9,1,5,4,1,13,4,4,1,4,5,2,17,3,27,,,,,,,,,,,,67,,1,,,121.5566195,25.00402386
112,8,4,8,25,2,08士林區,士林區德行西路與文林路口,0,0,1,2,C03,7,6,5,50,14,9,1,5,4,5,13,1,1,9,4,5,2,17,1,75,2,9,5,1,7,9,1,10,2,11,,44,,1,21,,121.5195379,25.10323943
112,8,4,8,25,2,08士林區,士林區德行西路與文林路口,0,0,1,1,C03,7,6,5,50,14,9,1,5,4,5,13,1,1,9,4,5,2,17,2,23,3,10,5,1,7,1,1,9,2,12,,19,,1,21,,121.5195379,25.10323943
112,8,4,8,27,2,12內湖區,內湖區民權東路6段15巷5號,0,0,1,1,B03,8,5,5,50,14,9,1,5,4,5,13,4,4,9,5,5,1,17,2,28,3,10,7,1,7,1,1,8,1,5,,19,,1,21,,121.5800884,25.06789355
112,8,4,8,27,2,12內湖區,內湖區民權東路6段15巷5號,0,0,1,2,C02,8,5,5,50,14,9,1,5,4,5,13,4,4,9,5,5,1,17,1,28,2,9,6,1,7,9,1,9,1,11,,108,,1,21,,121.5800884,25.06789355