發生年度,發生月,發生日,發生時-Hours,發生分,處理別-編號,區序,肇事地點,死亡人數,2-30日死亡人數,受傷人數,當事人序號,車種,天候,光線,道路類別,速限-速度限制,道路型態,事故位置,路面狀況1,路面狀況2,路面狀況3,道路障礙1,道路障礙2,號誌1,號誌2,車道劃分-分向,車道劃分-分道1,車道劃分-分道2,車道劃分-分道3,事故類型及型態,性別,年齡,受傷程度,主要傷處,保護裝置,行動電話,車輛用途,當事者行動狀態,駕駛資格情形,駕駛執照種類,飲酒情形,車輛撞擊部位1,車輛撞擊部位2,肇因碼-個別,肇因碼-主要,個人肇逃否,職業,旅次目的,座標-X,座標-Y
112,8,4,8,39,2,07信義區,信義區和平東路3段與嘉興街口,0,0,1,2,A02,8,7,5,50,4,2,1,5,4,5,13,1,1,1,3,5,1,17,1,39,3,10,3,4,7,9,1,6,1,5,,44,,1,21,,121.5539068,25.0232143
112,8,4,8,39,2,07信義區,信義區和平東路3段與嘉興街口,0,0,1,1,C03,8,7,5,50,4,2,1,5,4,5,13,1,1,1,3,5,1,17,1,39,2,9,5,1,7,8,1,10,1,14,,100,,1,22,,121.5539068,25.0232143
112,8,4,8,49,2,05中正區,中正區襄陽路與南陽街口,0,0,1,2,B03,8,6,5,50,3,1,1,5,4,5,13,4,4,5,5,5,2,17,1,69,3,10,7,4,7,9,1,8,1,5,,44,,1,22,,121.5159739,25.0433712
112,8,4,8,49,2,05中正區,中正區襄陽路與南陽街口,0,0,1,1,C03,8,6,5,50,3,1,1,5,4,5,13,4,4,5,5,5,2,17,1,27,2,8,6,4,7,5,1,10,1,14,,8,,1,22,,121.5159739,25.0433712
112,8,4,8,50,2,11南港區,南港區忠孝東路6段與東新街口,0,0,1,1,C03,7,6,5,50,5,2,1,5,4,5,13,1,1,1,4,1,2,13,2,30,2,8,6,1,7,6,1,10,1,11,,16,,1,21,,121.5849222,25.0483343
112,8,4,8,50,2,11南港區,南港區忠孝東路6段與東新街口,0,0,1,2,B03,7,6,5,50,5,2,1,5,4,5,13,1,1,1,4,1,2,13,1,34,3,10,7,1,7,15,1,8,1,3,,118,,1,21,,121.5849222,25.0483343
112,8,4,8,56,2,05中正區,中正區愛國西路26號,0,0,1,1,F03,8,6,5,50,14,9,1,5,4,5,13,4,4,1,4,5,1,17,2,56,2,8,6,1,7,9,8,20,1,11,,108,,1,21,,121.5111423,25.03537634
112,8,4,8,56,2,05中正區,中正區愛國西路26號,0,0,1,2,B03,8,6,5,50,14,9,1,5,4,5,13,4,4,1,4,5,1,17,2,55,3,10,7,1,7,14,1,8,1,6,,44,,1,21,,121.5111423,25.03537634
112,8,4,9,5,2,12內湖區,內湖區洲子街114號,0,0,1,1,B03,8,5,5,50,14,9,1,5,4,5,13,4,4,8,5,5,1,17,2,64,3,10,3,4,7,7,1,8,1,2,,100,,1,22,,121.5693111,25.0805305
112,8,4,9,5,2,12內湖區,內湖區洲子街114號,0,0,1,2,C03,8,5,5,50,14,9,1,5,4,5,13,4,4,8,5,5,1,17,1,23,2,9,3,4,7,4,1,10,1,14,,44,,1,22,,121.5693111,25.0805305
112,8,4,9,23,2,09北投區,北投區東陽街404號,0,0,2,2,C03,8,7,5,50,14,9,1,5,4,5,13,4,4,5,5,5,2,17,2,59,2,9,6,1,7,9,1,10,1,11,,118,,1,22,,121.5176973,25.112368
112,8,4,9,23,2,09北投區,北投區東陽街404號,0,0,2,1,C03,8,7,5,50,14,9,1,5,4,5,13,4,4,5,5,5,2,17,1,48,2,9,6,1,7,1,1,9,1,14,,118,,1,22,,121.5176973,25.112368
112,8,4,9,36,2,01大同區,大同區民權西路225巷與民權西路口,0,0,2,4,B03,7,6,5,50,4,2,1,5,4,5,13,2,1,1,4,4,2,9,1,49,3,10,7,1,7,14,1,8,1,2,,44,,1,21,,121.5122097,25.06311514
112,8,4,9,36,2,01大同區,大同區民權西路225巷與民權西路口,0,0,2,1,H01,7,6,5,50,4,2,1,5,4,5,13,2,1,1,4,4,2,9,2,72,3,10,4,5,8,16,8,20,10,16,,122,,1,21,,121.5122097,25.06311514
112,8,4,9,36,2,01大同區,大同區民權西路225巷與民權西路口,0,0,2,2,C03,7,6,5,50,4,2,1,5,4,5,13,2,1,1,4,4,2,9,1,22,2,8,6,1,7,12,1,10,1,14,,16,,1,21,,121.5122097,25.06311514
112,8,4,9,36,2,01大同區,大同區民權西路225巷與民權西路口,0,0,2,3,C03,7,6,5,50,4,2,1,5,4,5,13,2,1,1,4,4,2,9,1,78,2,8,6,1,7,9,1,10,1,11,,44,,1,21,,121.5122097,25.06311514
112,8,4,9,42,2,05中正區,中正區羅斯福路3段與師大路口,0,0,1,1,B03,8,6,5,50,4,1,1,5,4,5,13,1,1,3,5,5,2,17,1,76,3,10,7,1,7,6,1,4,1,5,,9,,1,21,,121.5278,25.02091108
112,8,4,9,42,2,05中正區,中正區羅斯福路3段與師大路口,0,0,1,2,F01,8,6,5,50,4,1,1,5,4,5,13,1,1,3,5,5,2,17,2,75,2,9,4,1,7,9,8,20,1,14,,88,,1,21,,121.5278,25.02091108
112,8,4,9,53,2,07信義區,信義區莊敬路與莊敬路325巷口,0,0,1,1,A04,7,6,5,50,4,1,1,5,4,5,13,1,1,5,5,5,2,12,1,60,3,10,7,1,7,9,1,3,1,8,,44,,1,21,,121.5635868,25.0280553
112,8,4,9,53,2,07信義區,信義區莊敬路與莊敬路325巷口,0,0,1,2,C03,7,6,5,50,4,1,1,5,4,5,13,1,1,5,5,5,2,12,2,47,2,8,5,1,7,7,1,10,1,13,,100,,1,21,,121.5635868,25.0280553
112,8,4,9,57,2,03中山區,中山區民權東路1段與林森北路口,0,0,1,1,C03,8,7,5,50,4,2,1,5,4,5,13,1,1,5,2,5,2,17,1,53,2,9,5,1,7,5,1,10,1,14,12,8,,1,21,,121.5256367,25.0628987
112,8,4,9,57,2,03中山區,中山區民權東路1段與林森北路口,0,0,1,2,B03,8,7,5,50,4,2,1,5,4,5,13,1,1,5,2,5,2,17,2,38,3,10,7,1,7,1,1,8,1,5,,108,,1,21,,121.5256367,25.0628987
112,8,4,10,12,2,05中正區,中正區汀州路3段40號,0,0,1,1,B01,8,6,5,50,14,9,1,5,4,5,13,4,4,5,5,5,2,16,1,58,3,10,3,4,7,11,1,4,1,4,,10,,1,21,,121.5305101,25.0162999
112,8,4,10,12,2,05中正區,中正區汀州路3段40號,0,0,1,2,C03,8,6,5,50,14,9,1,5,4,5,13,4,4,5,5,5,2,16,1,41,2,1,6,1,7,9,1,10,1,11,,44,,1,22,,121.5305101,25.0162999
112,8,4,10,47,2,05中正區,中正區中山南路20號,0,1,1,2,B01,8,6,5,50,14,9,1,5,4,5,13,4,4,5,4,5,2,12,1,57,3,10,7,1,7,9,1,8,2,2,,44,,1,22,,121.5166934,25.03610916
112,8,4,10,47,2,05中正區,中正區中山南路20號,0,1,1,1,C03,8,6,5,50,14,9,1,5,4,5,13,4,4,5,4,5,2,12,1,66,5,9,5,1,7,7,1,10,9,14,,100,,1,22,,121.5166934,25.03610916
112,8,4,10,47,2,05中正區,中正區中山南路20號,0,1,1,3,B01,8,6,5,50,14,9,1,5,4,5,13,4,4,5,4,5,2,12,1,44,3,10,2,1,7,15,1,8,2,17,,98,,1,22,,121.5166934,25.03610916
112,8,4,11,0,2,07信義區,信義區忠孝東路5段2號,0,0,1,2,C03,8,7,5,50,14,9,1,5,4,5,13,4,4,9,4,5,2,13,2,29,2,8,6,1,7,9,1,10,1,13,,44,,1,21,,121.5649876,25.0410649
112,8,4,11,0,2,07信義區,信義區忠孝東路5段2號,0,0,1,1,C03,8,7,5,50,14,9,1,5,4,5,13,4,4,9,4,5,2,13,1,58,3,10,6,1,7,9,1,10,1,11,,16,,1,21,,121.5649876,25.0410649
112,8,4,11,40,2,01大同區,大同區市民大道1段209號,0,0,1,2,B02,8,6,5,40,14,9,1,5,4,5,13,4,4,1,5,5,2,13,1,53,3,10,7,1,7,14,1,8,1,7,,38,,1,21,,121.5183486,25.0485945
112,8,4,11,40,2,01大同區,大同區市民大道1段209號,0,0,1,1,C03,8,6,5,40,14,9,1,5,4,5,13,4,4,1,5,5,2,13,1,29,2,8,5,1,7,9,1,10,1,11,,42,,1,21,,121.5183486,25.0485945
112,8,4,11,53,2,03中山區,中山區長安東路2段153巷與朱崙街口口,0,0,1,1,B03,7,5,5,50,3,1,2,5,4,5,13,4,4,5,4,5,2,16,1,38,3,10,3,4,7,5,1,8,1,4,,8,,1,22,,121.539154,25.050032
112,8,4,11,53,2,03中山區,中山區長安東路2段153巷與朱崙街口口,0,0,1,2,C03,7,5,5,50,3,1,2,5,4,5,13,4,4,5,4,5,2,16,2,56,2,9,5,4,7,9,1,10,1,12,,14,,1,21,,121.539154,25.050032
112,8,4,11,55,2,12內湖區,內湖區成功路2段與安康路口,0,0,1,1,B11,8,5,5,50,4,1,1,5,4,5,13,1,1,2,3,5,1,17,1,71,3,10,3,4,7,5,1,7,1,2,,74,,1,22,,121.5837217,25.0566653
112,8,4,11,55,2,12內湖區,內湖區成功路2段與安康路口,0,0,1,2,C03,8,5,5,50,4,1,1,5,4,5,13,1,1,2,3,5,1,17,1,49,2,8,3,4,7,15,1,10,1,11,,118,,1,22,,121.5837217,25.0566653
112,8,4,12,19,2,07信義區,信義區和平東路3段與和平東路3段631巷口口,0,0,2,1,C03,8,7,5,30,4,1,1,5,4,5,13,3,1,10,5,5,2,17,2,60,2,7,6,1,7,6,1,10,1,11,14,72,,1,21,,121.5633022,25.013297
112,8,4,12,19,2,07信義區,信義區和平東路3段與和平東路3段631巷口口,0,0,2,2,C03,8,7,5,30,4,1,1,5,4,5,13,3,1,10,5,5,2,17,2,35,2,8,6,1,7,5,1,10,1,12,,44,,1,21,,121.5633022,25.013297
112,8,4,12,25,2,06松山區,松山區延壽街327號,0,0,1,1,C03,7,6,5,50,14,9,1,4,4,5,13,4,4,4,5,5,2,18,1,61,2,9,5,1,7,15,1,10,1,14,,118,,1,21,,121.5603797,25.05661169
112,8,4,12,25,2,06松山區,松山區延壽街327號,0,0,1,2,,7,6,5,50,14,9,1,4,4,5,13,4,4,4,5,5,2,18,3,0,,,,,,,,,10,,,67,,1,,,121.5603797,25.05661169
112,8,4,12,25,2,08士林區,士林區延平北路7段106巷339號,0,0,1,2,,8,6,5,30,14,9,5,5,4,5,13,4,4,10,5,5,1,27,3,50,,,,,,,,,,,,66,,1,,,121.4957162,25.10741053
112,8,4,12,25,2,08士林區,士林區延平北路7段106巷339號,0,0,1,1,C03,8,6,5,30,14,9,5,5,4,5,13,4,4,10,5,5,1,27,2,27,2,9,5,1,7,9,1,10,1,11,,44,,1,21,,121.4957162,25.10741053
112,8,4,13,0,2,03中山區,中山區中原街與新生北路3段11巷口口,0,0,1,1,B03,7,5,5,30,4,1,1,5,4,5,13,4,4,9,4,5,2,15,1,34,3,10,3,4,7,1,1,8,1,1,,72,,1,21,,121.5289901,25.06361195
112,8,4,13,0,2,03中山區,中山區中原街與新生北路3段11巷口口,0,0,1,2,C03,7,5,5,30,4,1,1,5,4,5,13,4,4,9,4,5,2,15,1,57,2,8,3,4,7,9,1,8,1,12,,14,,1,21,,121.5289901,25.06361195
112,8,4,13,54,2,06松山區,松山區八德路3段74巷3弄28號,0,0,1,1,F01,7,6,5,30,14,9,1,5,4,5,13,4,4,10,5,5,2,17,1,72,2,9,2,1,7,6,8,20,1,11,,5,,1,21,,121.553162,25.04760469
112,8,4,13,54,2,06松山區,松山區八德路3段74巷3弄28號,0,0,1,2,C03,7,6,5,30,14,9,1,5,4,5,13,4,4,10,5,5,2,17,2,50,3,10,5,1,7,9,1,10,1,11,,108,,1,21,,121.553162,25.04760469
112,8,4,14,44,2,12內湖區,內湖區潭美街與安美街175巷口,0,0,2,3,C03,8,7,5,40,3,1,1,5,4,5,13,4,4,9,4,5,2,17,1,59,2,9,6,1,7,12,1,10,1,13,,44,,1,21,,121.6008537,25.06085864
112,8,4,14,44,2,12內湖區,內湖區潭美街與安美街175巷口,0,0,2,2,C03,8,7,5,40,3,1,1,5,4,5,13,4,4,9,4,5,2,17,1,27,3,10,6,1,7,9,1,10,1,14,,13,,1,21,,121.6008537,25.06085864
112,8,4,14,44,2,12內湖區,內湖區潭美街與安美街175巷口,0,0,2,1,C03,8,7,5,40,3,1,1,5,4,5,13,4,4,9,4,5,2,17,1,50,2,9,6,1,7,6,1,10,1,12,,9,,1,21,,121.6008537,25.06085864
112,8,4,15,8,2,09北投區,北投區磺港路1203240號燈桿,0,0,1,1,C03,8,7,5,50,14,9,1,5,4,5,13,4,4,9,5,5,2,17,2,42,2,9,5,1,7,1,1,10,1,12,,19,,1,21,,121.5032955,25.1322279
112,8,4,15,8,2,09北投區,北投區磺港路1203240號燈桿,0,0,1,2,B01,8,7,5,50,14,9,1,5,4,5,13,4,4,9,5,5,2,17,1,57,3,10,7,1,7,9,1,4,1,4,,44,,1,21,,121.5032955,25.1322279
112,8,4,15,39,2,10文山區,文山區辛亥路7段與光輝路21巷口,0,0,1,1,B03,8,6,5,30,3,1,1,5,4,5,13,3,1,5,4,4,2,17,1,49,3,10,7,1,7,5,1,8,9,17,,72,,2,21,,121.5538166,24.9855145
112,8,4,15,39,2,10文山區,文山區辛亥路7段與光輝路21巷口,0,0,1,2,C03,8,6,5,30,3,1,1,5,4,5,13,3,1,5,4,4,2,17,1,44,2,9,5,1,7,9,1,10,2,15,,42,,1,21,,121.5538166,24.9855145
112,8,4,15,45,2,02萬華區,萬華區萬大路186巷與萬大路口,0,0,1,1,C03,8,5,5,30,4,1,4,5,4,1,11,1,1,9,4,5,2,17,2,61,2,9,5,1,7,5,3,18,1,11,,4,,1,22,,121.5005701,25.02776654
112,8,4,15,45,2,02萬華區,萬華區萬大路186巷與萬大路口,0,0,1,2,B01,8,5,5,30,4,1,4,5,4,1,11,1,1,9,4,5,2,17,1,52,3,10,7,4,7,9,1,4,1,5,,13,,1,22,,121.5005701,25.02776654
112,8,4,16,42,2,05中正區,中正區中華路1段與貴陽街1段口,0,0,2,1,C04,7,6,5,50,4,1,1,5,4,5,13,1,1,1,4,5,2,17,2,22,2,8,6,4,7,6,1,10,1,13,,9,,1,22,,121.5076273,25.039087
112,8,4,16,42,2,05中正區,中正區中華路1段與貴陽街1段口,0,0,2,2,C03,7,6,5,50,4,1,1,5,4,5,13,1,1,1,4,5,2,17,1,66,2,3,6,4,7,9,1,10,1,11,,44,,1,22,,121.5076273,25.039087
112,8,4,16,55,2,03中山區,中山區林森北路與雙城街7巷口,0,0,1,1,B03,8,5,5,50,3,1,1,5,4,5,13,4,4,5,5,5,2,16,1,26,3,10,7,1,7,5,1,8,1,5,,74,,1,21,,121.5256458,25.0636961
112,8,4,16,55,2,03中山區,中山區林森北路與雙城街7巷口,0,0,1,2,C03,8,5,5,50,3,1,1,5,4,5,13,4,4,5,5,5,2,16,1,59,2,8,5,1,7,9,1,10,1,11,,44,,1,21,,121.5256458,25.0636961
112,8,4,17,24,2,01大同區,大同區塔城街南往北(北門2號出口旁),0,0,1,1,C03,7,6,5,50,14,9,1,5,4,5,13,4,4,5,4,5,2,12,2,66,2,9,3,4,7,7,1,10,2,14,,100,,1,21,,121.5102531,25.04906691
112,8,4,17,24,2,01大同區,大同區塔城街南往北(北門2號出口旁),0,0,1,2,A05,7,6,5,50,14,9,1,5,4,5,13,4,4,5,4,5,2,12,1,53,3,10,3,4,7,9,1,2,2,5,,44,,1,21,,121.5102531,25.04906691
112,8,4,17,42,2,12內湖區,內湖區民權東路6段21巷與瑞光路76巷口,0,0,1,1,B03,8,6,5,50,3,1,1,5,4,5,13,4,4,5,5,5,2,17,1,29,3,10,7,1,7,5,1,8,1,5,,72,,1,21,,121.5795402,25.06957121
112,8,4,17,42,2,12內湖區,內湖區民權東路6段21巷與瑞光路76巷口,0,0,1,2,C03,8,6,5,50,3,1,1,5,4,5,13,4,4,5,5,5,2,17,2,66,2,9,5,1,7,9,1,11,1,12,,44,,1,21,,121.5795402,25.06957121
112,8,4,17,43,2,05中正區,中正區和平西路1段與廈門街口,0,0,1,1,C03,8,6,5,50,4,1,1,5,4,5,13,1,1,1,4,5,2,17,2,40,2,9,5,1,7,5,1,10,2,14,,8,,1,21,,121.5180553,25.02675806
112,8,4,17,43,2,05中正區,中正區和平西路1段與廈門街口,0,0,1,2,B03,8,6,5,50,4,1,1,5,4,5,13,1,1,1,4,5,2,17,2,29,3,10,7,1,7,9,1,8,2,2,,108,,1,21,,121.5180553,25.02675806
112,8,4,17,44,2,06松山區,松山區三民路107巷28號,0,0,1,1,B03,8,7,5,30,14,9,1,5,4,5,13,4,4,10,5,5,2,2,1,54,3,10,7,1,7,2,1,8,2,3,,118,,1,22,,121.5621381,25.05760789
112,8,4,17,44,2,06松山區,松山區三民路107巷28號,0,0,1,2,H01,8,7,5,30,14,9,1,5,4,5,13,4,4,10,5,5,2,2,2,73,2,9,4,5,8,16,8,20,10,16,,67,,1,22,,121.5621381,25.05760789
112,8,4,17,57,2,01大同區,大同區錦西街50號對面,0,0,1,1,B01,7,5,5,50,14,9,1,5,4,5,13,4,4,5,2,2,2,5,1,60,3,10,7,1,7,14,1,4,1,2,,38,,1,22,,121.5198507,25.06029803
112,8,4,17,57,2,01大同區,大同區錦西街50號對面,0,0,1,3,C03,7,5,5,50,14,9,1,5,4,5,13,4,4,5,2,2,2,5,2,48,2,9,5,1,7,9,1,10,1,14,,44,,1,22,,121.5198507,25.06029803
112,8,4,17,57,2,01大同區,大同區錦西街50號對面,0,0,1,2,H02,7,5,5,50,14,9,1,5,4,5,13,4,4,5,2,2,2,5,1,37,3,10,4,5,7,19,8,20,10,16,,126,,1,22,,121.5198507,25.06029803
112,8,4,17,57,2,01大同區,大同區錦西街50號對面,0,0,1,4,B03,7,5,5,50,14,9,1,5,4,5,13,4,4,5,2,2,2,5,1,27,3,10,3,1,7,13,1,4,1,4,,38,,1,21,,121.5198507,25.06029803
112,8,4,17,59,2,02萬華區,萬華區光復橋往板橋方向(編號003028燈桿前),0,0,3,2,C04,8,5,5,50,11,9,1,5,4,5,13,4,4,8,3,5,1,17,1,67,2,9,5,1,7,12,1,10,1,13,,16,,1,21,,121.4907463,25.02447582
112,8,4,17,59,2,02萬華區,萬華區光復橋往板橋方向(編號003028燈桿前),0,0,3,4,C03,8,5,5,50,11,9,1,5,4,5,13,4,4,8,3,5,1,17,4,0,,,,,,,,,11,,,119,,2,,,121.4907463,25.02447582
112,8,4,17,59,2,02萬華區,萬華區光復橋往板橋方向(編號003028燈桿前),0,0,3,3,C03,8,5,5,50,11,9,1,5,4,5,13,4,4,8,3,5,1,17,1,35,3,10,5,1,7,12,1,10,1,12,,44,,1,21,,121.4907463,25.02447582
112,8,4,17,59,2,02萬華區,萬華區光復橋往板橋方向(編號003028燈桿前),0,0,3,5,H02,8,5,5,50,11,9,1,5,4,5,13,4,4,8,3,5,1,17,1,12,2,9,5,5,7,20,8,20,10,16,,67,,1,21,,121.4907463,25.02447582
112,8,4,17,59,2,02萬華區,萬華區光復橋往板橋方向(編號003028燈桿前),0,0,3,1,C03,8,5,5,50,11,9,1,5,4,5,13,4,4,8,3,5,1,17,2,37,2,7,5,1,7,12,1,10,1,11,,16,,1,21,,121.4907463,25.02447582
112,8,4,18,20,2,09北投區,北投區新興路50號,0,0,1,1,C03,7,7,5,30,22,9,1,5,4,5,12,4,4,10,5,5,2,17,1,23,2,9,6,1,7,15,1,10,1,12,,13,,1,21,,121.4885377,25.1411613
112,8,4,18,20,2,09北投區,北投區新興路50號,0,0,1,2,C03,7,7,5,30,22,9,1,5,4,5,12,4,4,10,5,5,2,17,1,69,3,10,6,1,7,15,1,10,1,17,,5,,1,21,,121.4885377,25.1411613
112,8,4,18,35,2,03中山區,中山區民族東路向西近林森北路,0,0,1,1,C03,8,5,5,50,14,9,1,5,4,5,13,4,4,5,4,5,1,12,1,23,2,8,5,1,7,8,1,10,1,14,,100,,1,22,,121.5267355,25.0684074
112,8,4,18,35,2,03中山區,中山區民族東路向西近林森北路,0,0,1,2,B03,8,5,5,50,14,9,1,5,4,5,13,4,4,5,4,5,1,12,2,41,3,10,7,1,7,9,1,8,1,4,,44,,1,22,,121.5267355,25.0684074
112,8,4,18,38,2,10文山區,指南路一段59巷多岔路口,0,0,1,2,B02,8,5,5,50,4,1,1,5,4,5,13,4,4,5,4,5,2,17,1,51,3,10,3,4,7,15,1,8,2,4,,118,,1,21,,121.5712,24.98764556
112,8,4,18,38,2,10文山區,指南路一段59巷多岔路口,0,0,1,1,C03,8,5,5,50,4,1,1,5,4,5,13,4,4,5,4,5,2,17,2,35,2,9,3,4,7,6,1,10,2,12,,107,,1,22,,121.5712,24.98764556
112,8,4,18,40,2,04大安區,大安區敦化南路1段252巷31號,0,0,1,1,B03,8,5,5,30,14,9,1,5,4,5,13,4,4,5,5,5,2,17,2,64,3,10,7,1,7,9,1,8,1,2,,44,,1,22,,121.5464252,25.0398035
112,8,4,18,40,2,04大安區,大安區敦化南路1段252巷31號,0,0,1,2,B03,8,5,5,30,14,9,1,5,4,5,13,4,4,5,5,5,2,17,1,51,2,7,7,1,7,13,1,8,1,4,,40,,1,22,,121.5464252,25.0398035
112,8,4,18,40,2,05中正區,中正區中華路2段333號前,0,0,2,1,C03,7,6,5,40,14,8,1,5,4,5,13,4,4,9,5,4,2,3,2,55,2,9,6,1,7,9,1,10,2,11,,107,,1,22,,121.5067765,25.0272634
112,8,4,18,40,2,05中正區,中正區中華路2段333號前,0,0,2,2,H01,7,6,5,40,14,8,1,5,4,5,13,4,4,9,5,4,2,3,2,74,2,9,4,5,8,16,8,20,10,16,,121,,1,22,,121.5067765,25.0272634
112,8,4,19,1,2,12內湖區,內湖區成功路3段174巷與成功路3段174巷26弄口,0,0,1,1,F03,8,5,5,30,4,2,1,5,4,5,13,4,4,5,5,5,2,17,1,80,2,7,6,1,7,5,8,20,1,12,,74,,1,21,,121.5904497,25.08157394
112,8,4,19,1,2,12內湖區,內湖區成功路3段174巷與成功路3段174巷26弄口,0,0,1,2,B03,8,5,5,30,4,2,1,5,4,5,13,4,4,5,5,5,2,17,2,27,3,10,7,1,7,9,1,8,1,4,,44,,1,21,,121.5904497,25.08157394
112,8,4,19,39,2,10文山區,文山區萬美街1段與萬安街口,0,0,1,1,B03,8,5,5,50,3,1,1,5,4,5,13,2,1,5,4,5,2,1,1,31,3,10,7,1,7,6,1,8,2,1,,70,,1,21,,121.5704804,25.00226311
112,8,4,19,39,2,10文山區,文山區萬美街1段與萬安街口,0,0,1,2,H01,8,5,5,50,3,1,1,5,4,5,13,2,1,5,4,5,2,1,1,51,2,9,4,5,8,16,8,20,10,16,,67,,1,23,,121.5704804,25.00226311
112,8,4,19,44,2,03中山區,中山區明水路449號,0,0,1,1,B01,8,5,5,50,14,9,1,5,4,5,13,4,4,1,4,5,2,12,1,34,3,10,7,1,7,9,1,4,1,2,,17,,1,22,,121.5502612,25.0773733
112,8,4,19,44,2,03中山區,中山區明水路449號,0,0,1,2,C03,8,5,5,50,14,9,1,5,4,5,13,4,4,1,4,5,2,12,1,73,2,9,5,1,7,9,1,10,1,14,,44,,1,22,,121.5502612,25.0773733
112,8,4,19,45,2,02萬華區,萬華區環河南路2段與雙園街口,0,0,1,1,B03,8,6,5,50,4,1,1,5,4,5,13,2,1,1,4,5,2,17,1,37,3,10,7,1,7,5,1,14,1,6,,74,,1,21,,121.4913683,25.0320814
112,8,4,19,45,2,02萬華區,萬華區環河南路2段與雙園街口,0,0,1,2,C03,8,6,5,50,4,1,1,5,4,5,13,2,1,1,4,5,2,17,1,27,2,8,6,1,7,9,1,10,1,11,,44,,1,21,,121.4913683,25.0320814
112,8,4,19,45,2,05中正區,中正區北平東路與天津街口,0,0,1,2,H01,8,5,5,50,4,2,1,5,4,5,13,1,1,10,5,5,2,3,1,33,2,7,4,5,8,16,8,20,10,16,,67,,1,21,,121.5221228,25.0468892
112,8,4,19,45,2,05中正區,中正區北平東路與天津街口,0,0,1,1,A04,8,5,5,50,4,2,1,5,4,5,13,1,1,10,5,5,2,3,1,42,3,10,7,1,7,6,1,2,2,15,,44,,1,21,,121.5221228,25.0468892
112,8,4,20,10,2,04大安區,大安區仁愛路4段與敦化南路1段口,0,0,1,1,B03,8,5,5,50,18,5,1,5,4,5,13,2,1,9,5,5,2,16,2,49,3,10,3,4,7,5,1,15,1,8,,8,,1,22,,121.5486895,25.0386118
112,8,4,20,10,2,04大安區,大安區仁愛路4段與敦化南路1段口,0,0,1,2,C03,8,5,5,50,18,5,1,5,4,5,13,2,1,9,5,5,2,16,2,46,2,9,3,4,7,9,1,10,1,12,,44,,1,22,,121.5486895,25.0386118
112,8,4,20,12,2,05中正區,中正區中山南路與信義路1段口,0,0,1,1,C03,8,5,5,50,5,1,1,5,4,5,13,2,1,1,4,5,2,16,1,55,2,9,6,1,7,5,1,9,1,11,,96,,1,26,,121.517925,25.0386983
112,8,4,20,12,2,05中正區,中正區中山南路與信義路1段口,0,0,1,2,B03,8,5,5,50,5,1,1,5,4,5,13,2,1,1,4,5,2,16,1,44,3,10,7,1,7,15,1,8,1,2,,118,,1,26,,121.517925,25.0386983
112,8,4,20,50,2,08士林區,士林區延平北路6段308號,0,0,1,1,C03,8,5,5,50,14,9,1,5,4,5,13,4,4,5,5,5,2,13,1,24,2,7,5,1,7,9,1,10,1,11,,16,,1,21,,121.5016746,25.0903287
112,8,4,20,50,2,08士林區,士林區延平北路6段308號,0,0,1,2,B03,8,5,5,50,14,9,1,5,4,5,13,4,4,5,5,5,2,13,2,59,3,10,7,1,7,9,1,8,1,3,,44,,1,21,,121.5016746,25.0903287
112,8,4,21,37,2,04大安區,大安區新生南路3段88號,0,0,1,1,B01,8,5,5,50,14,9,1,5,4,5,13,4,4,1,3,5,2,17,4,0,4,11,,,,,,,,,,119,,2,,,121.5335322,25.0182883
112,8,4,21,37,2,04大安區,大安區新生南路3段88號,0,0,1,2,C03,8,5,5,50,14,9,1,5,4,5,13,4,4,1,3,5,2,17,2,41,2,9,6,1,7,15,1,10,1,12,,118,,1,22,,121.5335322,25.0182883
112,8,4,21,37,2,04大安區,大安區新生南路3段88號,0,0,1,3,B03,8,5,5,50,14,9,1,5,4,5,13,4,4,1,3,5,2,17,1,50,3,10,7,1,7,9,1,8,1,5,,118,,1,22,,121.5335322,25.0182883
112,8,4,21,47,2,07信義區,信義區信義路5段16號,0,0,1,1,C03,8,5,5,50,14,9,1,5,4,5,13,4,4,1,4,5,2,13,1,19,3,10,6,1,7,9,1,10,1,11,,118,,1,22,,121.563231,25.0328742
112,8,4,21,47,2,07信義區,信義區信義路5段16號,0,0,1,2,C03,8,5,5,50,14,9,1,5,4,5,13,4,4,1,4,5,2,13,1,47,3,10,5,1,7,14,1,10,1,13,,118,,1,22,,121.563231,25.0328742
112,8,4,21,47,2,07信義區,信義區信義路5段16號,0,0,1,3,H02,8,5,5,50,14,9,1,5,4,5,13,4,4,1,4,5,2,13,2,19,2,8,6,5,7,20,8,20,10,16,,67,,1,22,,121.563231,25.0328742
112,8,4,21,55,2,08士林區,士林區延平北路7段106巷132弄13號,0,0,1,2,C03,7,5,5,0,14,9,5,5,4,5,13,4,4,10,5,5,1,10,1,41,2,9,5,1,7,9,1,10,2,11,,44,,1,21,,121.4962497,25.10001831
112,8,4,21,55,2,08士林區,士林區延平北路7段106巷132弄13號,0,0,1,1,C03,7,5,5,0,14,9,5,5,4,5,13,4,4,10,5,5,1,10,1,43,3,10,2,1,7,9,3,18,8,11,,21,,1,21,,121.4962497,25.10001831
112,8,4,21,58,2,09北投區,北投區稻香路第1204209號燈桿前,0,0,4,1,B12,7,5,5,40,11,9,1,5,4,5,13,4,4,4,1,5,2,10,1,31,2,9,7,1,7,9,1,8,2,5,,4,,1,21,,121.482083,25.147963