發生年度,發生月,發生日,發生時-Hours,發生分,處理別-編號,區序,肇事地點,死亡人數,2-30日死亡人數,受傷人數,當事人序號,車種,天候,光線,道路類別,速限-速度限制,道路型態,事故位置,路面狀況1,路面狀況2,路面狀況3,道路障礙1,道路障礙2,號誌1,號誌2,車道劃分-分向,車道劃分-分道1,車道劃分-分道2,車道劃分-分道3,事故類型及型態,性別,年齡,受傷程度,主要傷處,保護裝置,行動電話,車輛用途,當事者行動狀態,駕駛資格情形,駕駛執照種類,飲酒情形,車輛撞擊部位1,車輛撞擊部位2,肇因碼-個別,肇因碼-主要,個人肇逃否,職業,旅次目的,座標-X,座標-Y
112,8,4,21,58,2,09北投區,北投區稻香路第1204209號燈桿前,0,0,4,2,B03,7,5,5,40,11,9,1,5,4,5,13,4,4,4,1,5,2,10,1,59,2,7,7,1,7,9,1,8,2,5,,44,,1,21,,121.482083,25.147963
112,8,4,21,58,2,09北投區,北投區稻香路第1204209號燈桿前,0,0,4,3,H02,7,5,5,40,11,9,1,5,4,5,13,4,4,4,1,5,2,10,2,59,2,1,7,5,7,20,8,20,10,16,,67,,1,21,,121.482083,25.147963
112,8,4,21,58,2,09北投區,北投區稻香路第1204209號燈桿前,0,0,4,4,H02,7,5,5,40,11,9,1,5,4,5,13,4,4,4,1,5,2,10,2,28,2,2,7,5,7,20,8,20,10,16,,67,,1,21,,121.482083,25.147963
112,8,4,22,29,2,10文山區,文山區木柵路4段與木柵路4段111巷口,0,0,3,1,C03,8,5,5,50,14,9,2,5,4,5,13,2,1,5,4,5,2,17,1,24,2,9,5,4,7,11,1,10,2,12,,10,,1,21,,121.5741117,24.99777267
112,8,4,22,29,2,10文山區,文山區木柵路4段與木柵路4段111巷口,0,0,3,2,C03,8,5,5,50,14,9,2,5,4,5,13,2,1,5,4,5,2,17,2,18,2,9,5,4,7,9,1,10,2,14,,44,,1,21,,121.5741117,24.99777267
112,8,4,22,29,2,10文山區,文山區木柵路4段與木柵路4段111巷口,0,0,3,3,H02,8,5,5,50,14,9,2,5,4,5,13,2,1,5,4,5,2,17,2,24,2,9,5,5,7,17,8,20,10,16,,67,,1,21,,121.5741117,24.99777267
112,8,4,22,50,2,01大同區,大同區承德路1段與市民大道1段口口,0,0,1,1,C03,7,5,5,40,4,1,1,5,4,5,13,2,1,8,3,5,2,17,1,21,2,9,6,1,7,6,1,10,1,13,,9,,1,21,,121.5165573,25.04891839
112,8,4,22,50,2,01大同區,大同區承德路1段與市民大道1段口口,0,0,1,2,B03,7,5,5,40,4,1,1,5,4,5,13,2,1,8,3,5,2,17,1,35,3,10,7,1,7,9,1,8,1,1,,108,,1,21,,121.5165573,25.04891839
112,8,4,23,24,2,06松山區,松山區新東街30巷與民生東路5段口,0,0,1,1,C03,8,5,5,30,4,2,1,5,4,5,13,3,1,1,4,5,2,10,1,19,3,10,6,1,7,9,1,10,1,11,,72,,1,21,,121.5671642,25.05920569
112,8,4,23,24,2,06松山區,松山區新東街30巷與民生東路5段口,0,0,1,2,B03,8,5,5,30,4,2,1,5,4,5,13,3,1,1,4,5,2,10,1,35,3,10,7,1,7,9,1,8,1,2,,44,,1,21,,121.5671642,25.05920569
112,8,4,23,24,2,06松山區,松山區新東街30巷與民生東路5段口,0,0,1,3,H02,8,5,5,30,4,2,1,5,4,5,13,3,1,1,4,5,2,10,1,19,2,8,5,5,7,20,8,20,10,16,,67,,1,21,,121.5671642,25.05920569
112,8,4,23,35,2,09北投區,北投區承德路7段404-1號,0,0,1,1,C03,6,5,5,60,14,9,1,4,4,5,13,4,4,9,4,4,2,17,1,21,2,9,5,1,7,9,1,10,1,17,,42,,1,21,,121.5007125,25.12036566
112,8,4,23,35,2,09北投區,北投區承德路7段404-1號,0,0,1,3,,6,5,5,60,14,9,1,4,4,5,13,4,4,9,4,4,2,17,3,0,,,,,,,,,,,,128,,1,,,121.5007125,25.12036566
112,8,4,23,35,2,09北投區,北投區承德路7段404-1號,0,0,1,2,C03,6,5,5,60,14,9,1,4,4,5,13,4,4,9,4,4,2,17,2,49,3,10,5,1,7,9,1,10,1,17,,44,,1,21,,121.5007125,25.12036566
112,8,4,23,55,2,10文山區,文山區萬美街1段53號前,0,0,1,1,B03,8,5,5,50,14,9,1,5,4,5,13,4,4,5,4,5,2,17,1,43,3,10,3,4,7,11,1,8,2,8,,10,,1,22,,121.568455,25.002471
112,8,4,23,55,2,10文山區,文山區萬美街1段53號前,0,0,1,2,C03,8,5,5,50,14,9,1,5,4,5,13,4,4,5,4,5,2,17,1,23,2,9,3,4,7,9,1,10,2,11,,44,,1,22,,121.568455,25.002471
112,8,4,23,56,2,05中正區,中正區和平西路1段與泉州街口,0,0,1,1,C03,7,5,5,50,5,1,1,5,4,5,13,1,1,2,4,4,2,17,1,19,2,9,6,1,7,4,1,10,1,12,,108,,1,22,,121.5145852,25.0275937
112,8,4,23,56,2,05中正區,中正區和平西路1段與泉州街口,0,0,1,2,B03,7,5,5,50,5,1,1,5,4,5,13,1,1,2,4,4,2,17,1,29,3,10,7,1,7,6,1,8,1,4,,44,,1,22,,121.5145852,25.0275937
112,8,5,2,30,2,03中山區,中山區林森北路312號,0,0,1,2,C03,8,5,5,50,14,9,1,5,4,5,13,4,4,5,5,5,2,17,2,20,2,9,5,4,7,9,1,10,1,12,,44,,1,22,,121.5255056,25.0565997
112,8,5,2,30,2,03中山區,中山區林森北路312號,0,0,1,1,B01,8,5,5,50,14,9,1,5,4,5,13,4,4,5,5,5,2,17,1,65,3,10,7,1,7,11,1,4,1,8,,10,,1,22,,121.5255056,25.0565997
112,8,5,3,59,2,02萬華區,萬華區德昌街185巷與德昌街261巷口,0,0,1,2,C03,7,5,5,30,4,1,1,5,4,5,13,4,4,10,5,5,1,15,1,36,2,7,5,1,7,9,1,9,1,14,,44,,1,21,,121.4925385,25.0220977
112,8,5,3,59,2,02萬華區,萬華區德昌街185巷與德昌街261巷口,0,0,1,1,B12,7,5,5,30,4,1,1,5,4,5,13,4,4,10,5,5,1,15,1,40,3,10,7,1,7,9,1,8,1,1,,72,,1,21,,121.4925385,25.0220977
112,8,5,5,3,2,07信義區,信義區松山路541巷與松山路541巷14弄口,0,0,2,1,C03,7,7,5,30,4,1,1,5,4,5,13,4,4,10,5,5,2,15,2,29,2,9,5,1,7,9,1,10,1,11,,75,,1,21,,121.5786324,25.0378041
112,8,5,5,3,2,07信義區,信義區松山路541巷與松山路541巷14弄口,0,0,2,2,C03,7,7,5,30,4,1,1,5,4,5,13,4,4,10,5,5,2,15,2,66,2,1,6,1,7,9,1,10,1,14,,14,,1,21,,121.5786324,25.0378041
112,8,5,6,5,2,09北投區,北投區大業路527巷54號燈桿,0,0,2,1,C03,8,7,5,50,11,9,1,2,4,5,13,4,4,5,4,5,2,18,1,22,2,9,6,1,7,6,1,10,1,14,,44,,1,21,,121.481438,25.13306867
112,8,5,6,5,2,09北投區,北投區大業路527巷54號燈桿,0,0,2,3,H02,8,7,5,50,11,9,1,2,4,5,13,4,4,5,4,5,2,18,2,18,2,9,6,5,7,20,8,20,10,16,,67,,1,21,,121.481438,25.13306867
112,8,5,6,5,2,09北投區,北投區大業路527巷54號燈桿,0,0,2,2,,8,7,5,50,11,9,1,2,4,5,13,4,4,5,4,5,2,18,3,0,,,,,,,,,,,,131,,1,,,121.481438,25.13306867
112,8,5,6,58,2,03中山區,中山區民權西路12號,0,0,1,1,B03,8,7,5,50,14,9,1,5,4,5,13,1,1,1,4,5,2,17,1,33,3,10,7,1,7,9,1,8,1,2,,107,,1,22,,121.5220802,25.0626805
112,8,5,6,58,2,03中山區,中山區民權西路12號,0,0,1,2,C03,8,7,5,50,14,9,1,5,4,5,13,1,1,1,4,5,2,17,2,29,2,9,5,1,7,14,1,10,1,17,,44,,1,22,,121.5220802,25.0626805
112,8,5,7,29,2,11南港區,南港區中坡北路與忠孝東路5段743巷口,0,0,2,1,C03,8,7,5,50,5,1,1,5,4,5,13,2,1,1,3,5,2,12,1,34,3,10,3,4,7,9,1,10,2,12,,108,,1,21,,121.5814359,25.0446881
112,8,5,7,29,2,11南港區,南港區中坡北路與忠孝東路5段743巷口,0,0,2,2,F01,8,7,5,50,5,1,1,5,4,5,13,2,1,1,3,5,2,12,1,82,2,9,3,4,7,8,8,20,2,14,,100,,1,21,,121.5814359,25.0446881
112,8,5,7,29,2,11南港區,南港區中坡北路與忠孝東路5段743巷口,0,0,2,3,F01,8,7,5,50,5,1,1,5,4,5,13,2,1,1,3,5,2,12,2,80,2,9,3,4,7,8,8,20,2,14,,100,,1,21,,121.5814359,25.0446881
112,8,5,7,40,2,09北投區,北投區西安街2段275巷與立農街1段279巷4弄口,0,0,2,1,C03,7,6,5,30,4,1,1,5,4,5,13,4,4,10,5,5,1,15,1,49,2,8,5,1,7,9,1,10,1,11,,72,,1,21,,121.5067488,25.11990683
112,8,5,7,40,2,09北投區,北投區西安街2段275巷與立農街1段279巷4弄口,0,0,2,2,C03,7,6,5,30,4,1,1,5,4,5,13,4,4,10,5,5,1,15,2,60,2,9,5,1,7,9,1,10,1,12,,108,,1,21,,121.5067488,25.11990683
112,8,5,7,43,2,08士林區,士林區延平北路5段257巷與葫蘆街135巷口,0,0,2,1,F01,7,6,6,30,3,1,1,5,4,5,13,4,4,10,5,5,2,17,2,15,2,8,4,1,7,6,8,20,1,11,,4,,1,21,,121.5082067,25.08443187
112,8,5,7,43,2,08士林區,士林區延平北路5段257巷與葫蘆街135巷口,0,0,2,2,C03,7,6,6,30,3,1,1,5,4,5,13,4,4,10,5,5,2,17,1,71,2,9,5,1,7,9,1,10,1,11,,44,,1,21,,121.5082067,25.08443187
112,8,5,8,13,2,05中正區,中正區重慶南路2段與南海路口,0,0,1,2,C03,8,7,5,30,4,1,1,5,4,5,13,1,1,1,4,5,2,16,2,28,2,9,3,4,7,5,1,10,1,11,,8,,1,21,,121.5145258,25.0318387
112,8,5,8,13,2,05中正區,中正區重慶南路2段與南海路口,0,0,1,1,B03,8,7,5,30,4,1,1,5,4,5,13,1,1,1,4,5,2,16,1,75,3,10,3,4,7,9,1,8,1,2,,99,,1,21,,121.5145258,25.0318387
112,8,5,8,50,2,06松山區,松山區民生東路5段與新東街口,0,0,2,2,C03,8,6,5,50,4,1,1,4,4,5,13,2,1,1,5,5,2,16,1,23,2,9,6,4,7,10,1,10,2,11,,44,,1,22,,121.5659797,25.0590776
112,8,5,8,50,2,06松山區,松山區民生東路5段與新東街口,0,0,2,1,B03,8,6,5,50,4,1,1,4,4,5,13,2,1,1,5,5,2,16,2,76,2,9,3,4,7,5,1,8,2,5,,74,,1,22,,121.5659797,25.0590776
112,8,5,8,57,2,04大安區,大安區青田街與青田街9巷口口,0,0,1,1,C03,7,7,5,30,4,1,2,5,4,5,13,4,4,9,5,5,1,15,2,60,2,9,5,1,7,9,3,18,2,11,,72,,1,21,,121.5316561,25.0275109
112,8,5,8,57,2,04大安區,大安區青田街與青田街9巷口口,0,0,1,2,B12,7,7,5,30,4,1,2,5,4,5,13,4,4,9,5,5,1,15,1,26,3,10,7,1,7,9,1,8,2,8,,14,,1,21,,121.5316561,25.0275109
112,8,5,9,7,2,08士林區,士林區文林路91號,0,0,1,1,B02,8,6,5,50,14,9,1,5,4,5,13,4,4,9,5,5,2,17,2,52,4,11,3,4,7,1,1,8,11,15,,19,,2,21,,121.5260153,25.08768
112,8,5,9,7,2,08士林區,士林區文林路91號,0,0,1,2,C03,8,6,5,50,14,9,1,5,4,5,13,4,4,9,5,5,2,17,2,28,2,9,6,1,7,15,1,10,9,11,,44,,1,21,,121.5260153,25.08768
112,8,5,9,48,2,12內湖區,內湖區內湖路2段315號,0,0,1,1,C03,8,6,5,50,14,9,1,5,4,5,13,4,4,5,2,5,2,13,1,47,2,8,5,1,7,9,1,10,1,11,,118,,1,21,,121.5911437,25.08267178
112,8,5,9,48,2,12內湖區,內湖區內湖路2段315號,0,0,1,2,B03,8,6,5,50,14,9,1,5,4,5,13,4,4,5,2,5,2,13,1,47,3,10,7,1,7,12,1,8,1,7,,118,,1,21,,121.5911437,25.08267178
112,8,5,9,49,2,10文山區,文山區指南路1段98號,0,0,1,1,C04,8,6,8,50,22,22,1,5,4,5,13,4,4,5,5,5,2,18,1,86,2,9,3,4,7,5,1,8,2,14,,42,,1,22,,121.5712969,24.9875986
112,8,5,9,49,2,10文山區,文山區指南路1段98號,0,0,1,2,,8,6,8,50,22,22,1,5,4,5,13,4,4,5,5,5,2,18,3,0,,,,,,,,,,,,67,,1,,,121.5712969,24.9875986
112,8,5,10,12,2,11南港區,南港區三重路13號,0,0,1,1,C03,8,6,5,50,14,9,1,5,4,5,13,4,4,4,3,5,2,13,1,20,2,3,3,4,7,10,1,10,2,11,,16,,1,21,,121.6139442,25.0558241
112,8,5,10,12,2,11南港區,南港區三重路13號,0,0,1,2,B03,8,6,5,50,14,9,1,5,4,5,13,4,4,4,3,5,2,13,1,64,3,10,3,4,7,9,1,8,2,3,,44,,1,21,,121.6139442,25.0558241
112,8,5,10,20,2,06松山區,松山區民權東路5段62號,0,0,1,2,C03,7,7,5,50,14,9,1,5,4,5,13,4,4,9,4,5,2,17,2,27,2,9,5,1,7,9,1,10,2,12,,44,,1,22,,121.5657765,25.06315501
112,8,5,10,20,2,06松山區,松山區民權東路5段62號,0,0,1,1,C03,7,7,5,50,14,9,1,5,4,5,13,4,4,9,4,5,2,17,1,57,4,11,5,4,7,9,6,18,11,14,,107,,2,22,,121.5657765,25.06315501
112,8,5,10,20,2,11南港區,南港區同德路與忠孝東路6段70巷口,0,0,1,2,C03,8,7,5,30,4,2,1,5,4,5,13,4,4,9,4,5,2,16,1,25,2,9,5,1,7,9,1,10,2,11,,108,,1,21,,121.584704,25.0454887
112,8,5,10,20,2,11南港區,南港區同德路與忠孝東路6段70巷口,0,0,1,1,B03,8,7,5,30,4,2,1,5,4,5,13,4,4,9,4,5,2,16,1,53,3,10,7,1,7,6,1,8,2,6,,72,,1,21,,121.584704,25.0454887
112,8,5,10,28,2,08士林區,士林區重慶北路4段35號,0,0,2,2,B03,8,6,5,50,14,7,1,5,4,5,13,4,4,1,4,4,2,13,1,36,2,2,7,1,7,9,1,8,2,6,,44,,1,21,,121.5130679,25.0808743
112,8,5,10,28,2,08士林區,士林區重慶北路4段35號,0,0,2,3,A41,8,6,5,50,14,7,1,5,4,5,13,4,4,1,4,4,2,13,1,61,3,10,7,1,7,15,1,1,9,4,,118,,1,21,,121.5130679,25.0808743
112,8,5,10,28,2,08士林區,士林區重慶北路4段35號,0,0,2,4,H02,8,6,5,50,14,7,1,5,4,5,13,4,4,1,4,4,2,13,2,60,3,10,7,5,7,17,8,20,10,16,,67,,1,21,,121.5130679,25.0808743
112,8,5,10,28,2,08士林區,士林區重慶北路4段35號,0,0,2,5,H02,8,6,5,50,14,7,1,5,4,5,13,4,4,1,4,4,2,13,2,37,2,2,7,5,7,17,8,20,10,16,,67,,1,21,,121.5130679,25.0808743
112,8,5,10,28,2,08士林區,士林區重慶北路4段35號,0,0,2,6,H02,8,6,5,50,14,7,1,5,4,5,13,4,4,1,4,4,2,13,1,6,3,10,7,5,7,17,8,20,10,16,,67,,1,21,,121.5130679,25.0808743
112,8,5,10,28,2,08士林區,士林區重慶北路4段35號,0,0,2,1,B03,8,6,5,50,14,7,1,5,4,5,13,4,4,1,4,4,2,13,1,62,3,10,7,1,7,8,1,8,2,8,,108,,1,21,,121.5130679,25.0808743
112,8,5,10,48,2,02萬華區,萬華區華中橋機慢車道往北市,0,0,2,2,F02,8,7,5,40,14,11,1,5,4,5,13,4,4,3,3,5,1,16,2,59,2,9,3,4,7,9,8,20,1,12,,44,,1,22,,121.4954566,25.0138094
112,8,5,10,48,2,02萬華區,萬華區華中橋機慢車道往北市,0,0,2,1,C03,8,7,5,40,14,11,1,5,4,5,13,4,4,3,3,5,1,16,1,27,2,8,3,4,7,9,1,10,1,12,,44,,1,22,,121.4954566,25.0138094
112,8,5,10,52,2,05中正區,中正區中山南路與信義路1段口,0,0,1,1,B03,8,6,5,50,4,1,1,5,4,5,13,1,1,10,5,5,1,15,1,42,3,10,7,1,7,9,1,8,2,5,,81,,1,22,,121.5178672,25.0386849
112,8,5,10,52,2,05中正區,中正區中山南路與信義路1段口,0,0,1,2,C03,8,6,5,50,4,1,1,5,4,5,13,1,1,10,5,5,1,15,2,27,2,3,6,1,7,1,1,10,2,14,,44,,1,22,,121.5178672,25.0386849
112,8,5,11,40,2,03中山區,中山區長安東路1段56巷與長安東路1段口,0,0,1,1,B01,8,6,5,50,4,2,1,5,4,5,13,4,4,5,4,5,2,16,1,62,3,10,7,1,7,11,1,4,2,2,,10,,1,22,,121.529046,25.0480745
112,8,5,11,40,2,03中山區,中山區長安東路1段56巷與長安東路1段口,0,0,1,2,C03,8,6,5,50,4,2,1,5,4,5,13,4,4,5,4,5,2,16,1,20,2,9,5,1,7,9,1,10,2,11,,44,,1,21,,121.529046,25.0480745
112,8,5,12,7,2,03中山區,中山區長安東路1段與新生北路1段口,0,0,1,1,B03,7,7,6,50,4,1,1,5,4,5,13,1,2,5,4,5,2,15,1,50,3,10,3,4,7,9,6,8,1,2,,118,,1,21,,121.5295607,25.0481269
112,8,5,12,7,2,03中山區,中山區長安東路1段與新生北路1段口,0,0,1,2,C03,7,7,6,50,4,1,1,5,4,5,13,1,2,5,4,5,2,15,1,21,2,9,5,4,7,9,1,10,1,11,,44,,1,21,,121.5295607,25.0481269
112,8,5,12,16,2,09北投區,北投區石牌路2段與石牌路2段90巷口,0,0,1,1,B03,8,7,5,50,3,1,1,5,4,5,12,4,4,5,4,5,2,16,1,50,3,10,3,4,7,6,1,8,2,6,,9,,1,21,,121.5164588,25.1171545
112,8,5,12,16,2,09北投區,北投區石牌路2段與石牌路2段90巷口,0,0,1,2,F03,8,7,5,50,3,1,1,5,4,5,12,4,4,5,4,5,2,16,2,41,2,9,3,4,7,9,8,20,2,14,,44,,1,21,,121.5164588,25.1171545
112,8,5,12,48,2,07信義區,信義區松德路180巷8號,0,0,1,1,H01,8,6,5,30,14,9,1,5,4,5,13,4,4,9,4,5,2,7,2,54,2,9,4,5,8,16,8,20,10,16,,53,,1,21,,121.5735582,25.0355934
112,8,5,12,48,2,07信義區,信義區松德路180巷8號,0,0,1,2,B03,8,6,5,30,14,9,1,5,4,5,13,4,4,9,4,5,2,7,1,29,3,10,7,1,7,2,1,8,1,3,,12,,1,21,,121.5735582,25.0355934
112,8,5,12,50,2,02萬華區,萬華區桂林路與環河南路2段口,0,0,1,1,B03,9,7,5,50,4,1,1,5,4,5,13,1,1,8,3,5,2,1,1,33,3,10,3,4,7,6,1,8,1,17,,70,,1,22,,121.4968061,25.0383931
112,8,5,12,50,2,02萬華區,萬華區桂林路與環河南路2段口,0,0,1,2,H01,9,7,5,50,4,1,1,5,4,5,13,1,1,8,3,5,2,1,2,80,2,9,4,5,8,16,8,20,10,16,,67,,1,22,,121.4968061,25.0383931
112,8,5,12,56,2,02萬華區,萬華區光復橋往新北市編號003029燈桿旁,0,0,3,1,B02,8,5,5,50,8,9,1,5,4,5,13,4,4,1,4,5,2,12,1,35,3,10,7,1,7,4,1,8,1,6,,17,,1,21,,121.4905149,25.0243636
112,8,5,12,56,2,02萬華區,萬華區光復橋往新北市編號003029燈桿旁,0,0,3,2,C03,8,5,5,50,8,9,1,5,4,5,13,4,4,1,4,5,2,12,2,55,2,9,6,1,7,9,1,10,1,14,,32,,1,21,,121.4905149,25.0243636
112,8,5,12,56,2,02萬華區,萬華區光復橋往新北市編號003029燈桿旁,0,0,3,3,B01,8,5,5,50,8,9,1,5,4,5,13,4,4,1,4,5,2,12,1,57,3,10,7,1,7,9,1,4,1,1,,44,,1,21,,121.4905149,25.0243636
112,8,5,12,56,2,02萬華區,萬華區光復橋往新北市編號003029燈桿旁,0,0,3,4,H02,8,5,5,50,8,9,1,5,4,5,13,4,4,1,4,5,2,12,2,30,2,9,6,5,7,17,8,20,10,16,,67,,1,21,,121.4905149,25.0243636
112,8,5,12,56,2,02萬華區,萬華區光復橋往新北市編號003029燈桿旁,0,0,3,5,H02,8,5,5,50,8,9,1,5,4,5,13,4,4,1,4,5,2,12,1,4,2,9,6,5,7,17,8,20,10,16,,67,,1,21,,121.4905149,25.0243636
112,8,5,13,20,2,05中正區,中正區汀州路3段與思源街口,0,0,1,1,B03,8,6,5,50,3,1,1,5,4,5,13,1,1,3,4,5,2,17,1,37,3,10,7,1,7,6,1,8,1,5,,9,,1,21,,121.5321298,25.0149037
112,8,5,13,20,2,05中正區,中正區汀州路3段與思源街口,0,0,1,2,C03,8,6,5,50,3,1,1,5,4,5,13,1,1,3,4,5,2,17,1,48,3,10,5,1,7,9,1,10,1,14,,108,,1,21,,121.5321298,25.0149037
112,8,5,13,20,2,05中正區,中正區汀州路3段與思源街口,0,0,1,3,H02,8,6,5,50,3,1,1,5,4,5,13,1,1,3,4,5,2,17,2,15,2,8,5,5,7,20,8,20,10,16,,67,,1,21,,121.5321298,25.0149037
112,8,5,14,3,2,07信義區,信義區永吉路30巷與松隆路口,0,0,1,1,F01,8,6,5,0,4,2,1,5,4,5,13,2,1,1,4,1,2,16,1,20,2,9,2,1,7,9,8,20,1,12,,88,,1,21,,121.5688177,25.0446236
112,8,5,14,3,2,07信義區,信義區永吉路30巷與松隆路口,0,0,1,2,B03,8,6,5,0,4,2,1,5,4,5,13,2,1,1,4,1,2,16,1,35,3,10,7,1,7,5,1,8,1,1,,8,,1,21,,121.5688177,25.0446236
112,8,5,14,14,2,03中山區,中山區中山北路2段與南京東路1段口,0,0,1,1,B03,8,5,5,50,4,1,1,5,4,5,13,1,1,5,4,5,2,15,1,38,3,10,3,4,7,9,1,8,1,1,,118,,1,27,,121.5224399,25.0522848
112,8,5,14,14,2,03中山區,中山區中山北路2段與南京東路1段口,0,0,1,2,C03,8,5,5,50,4,1,1,5,4,5,13,1,1,5,4,5,2,15,1,74,2,9,5,4,7,9,1,10,1,14,,44,,1,21,,121.5224399,25.0522848
112,8,5,14,20,2,03中山區,中山區長安東路2段與建國北路1段口,0,0,1,1,B03,7,6,5,50,4,1,1,5,4,5,13,1,1,5,4,4,2,12,1,43,3,10,7,1,7,6,1,8,1,2,,9,,1,22,,121.5365101,25.04838624
112,8,5,14,20,2,03中山區,中山區長安東路2段與建國北路1段口,0,0,1,2,C03,7,6,5,50,4,1,1,5,4,5,13,1,1,5,4,4,2,12,1,57,2,9,5,1,7,9,1,10,1,11,,99,,1,22,,121.5365101,25.04838624
112,8,5,14,42,2,12內湖區,內湖區行善路50號,0,0,1,1,B12,7,6,5,50,3,1,1,5,4,5,13,4,4,5,5,5,2,16,1,54,3,10,7,1,7,9,1,8,1,4,,44,,1,21,,121.5756603,25.05659998
112,8,5,14,42,2,12內湖區,內湖區行善路50號,0,0,1,2,C03,7,6,5,50,3,1,1,5,4,5,13,4,4,5,5,5,2,16,2,49,2,9,5,1,7,5,1,10,1,12,,72,,1,21,,121.5756603,25.05659998
112,8,5,14,50,2,11南港區,南港區大坑街與東勢街口,0,0,1,1,B03,8,7,5,50,3,2,1,5,4,5,13,4,4,9,5,5,2,16,1,49,3,10,7,1,7,5,1,8,2,1,,72,,1,21,,121.6238636,25.0388615
112,8,5,14,50,2,11南港區,南港區大坑街與東勢街口,0,0,1,2,C03,8,7,5,50,3,2,1,5,4,5,13,4,4,9,5,5,2,16,1,65,2,7,5,1,7,9,1,10,2,11,,108,,1,21,,121.6238636,25.0388615
112,8,5,14,54,2,02萬華區,萬華區漢口街2段49號,0,0,1,3,H02,9,7,5,50,14,9,1,5,4,5,13,4,4,10,3,5,2,12,2,35,2,9,5,5,7,20,8,20,10,16,,67,,1,22,,121.5066406,25.04572066
112,8,5,14,54,2,02萬華區,萬華區漢口街2段49號,0,0,1,4,B03,9,7,5,50,14,9,1,5,4,5,13,4,4,10,3,5,2,12,1,111,3,10,3,4,7,6,1,8,9,17,,72,,1,22,,121.5066406,25.04572066
112,8,5,14,54,2,02萬華區,萬華區漢口街2段49號,0,0,1,1,C03,9,7,5,50,14,9,1,5,4,5,13,4,4,10,3,5,2,12,1,21,3,10,5,4,7,8,1,10,1,11,,107,,1,22,,121.5066406,25.04572066
112,8,5,14,54,2,02萬華區,萬華區漢口街2段49號,0,0,1,2,C03,9,7,5,50,14,9,1,5,4,5,13,4,4,10,3,5,2,12,1,45,3,10,5,4,7,9,1,10,1,14,,44,,1,22,,121.5066406,25.04572066
112,8,5,15,13,2,05中正區,中正區羅斯福路3段與師大路口,0,0,1,2,C03,8,6,5,50,4,1,1,5,4,5,13,1,1,5,4,5,2,17,1,22,3,10,5,1,7,15,1,10,1,12,,118,,1,21,,121.5276592,25.02103625
112,8,5,15,13,2,05中正區,中正區羅斯福路3段與師大路口,0,0,1,3,H02,8,6,5,50,4,1,1,5,4,5,13,1,1,5,4,5,2,17,2,20,4,11,5,5,7,20,8,20,10,16,,67,,1,21,,121.5276592,25.02103625
112,8,5,15,13,2,05中正區,中正區羅斯福路3段與師大路口,0,0,1,1,C03,8,6,5,50,4,1,1,5,4,5,13,1,1,5,4,5,2,17,2,19,2,9,5,1,7,5,1,10,1,14,,96,,1,21,,121.5276592,25.02103625
112,8,5,15,13,2,12內湖區,內湖區成功路2段與成功路2段193巷附近口,0,0,1,2,B03,8,6,5,0,3,2,1,5,4,5,13,4,4,1,4,5,2,7,2,38,3,10,7,1,7,9,1,8,2,2,,44,,1,21,,121.5906821,25.06679658
112,8,5,15,13,2,12內湖區,內湖區成功路2段與成功路2段193巷附近口,0,0,1,3,B03,8,6,5,0,3,2,1,5,4,5,13,4,4,1,4,5,2,7,1,58,3,10,7,1,7,14,1,8,2,7,,44,,1,21,,121.5906821,25.06679658
112,8,5,15,13,2,12內湖區,內湖區成功路2段與成功路2段193巷附近口,0,0,1,4,B03,8,6,5,0,3,2,1,5,4,5,13,4,4,1,4,5,2,7,1,36,3,10,7,1,7,14,1,8,2,8,,44,,1,21,,121.5906821,25.06679658
112,8,5,15,13,2,12內湖區,內湖區成功路2段與成功路2段193巷附近口,0,0,1,1,H01,8,6,5,0,3,2,1,5,4,5,13,4,4,1,4,5,2,7,1,87,2,9,4,5,8,16,8,20,10,16,,121,,1,21,,121.5906821,25.06679658
112,8,5,15,37,2,08士林區,士林區文林路651號對面12號停車格,0,0,1,2,B03,8,6,5,50,14,9,1,5,4,5,13,4,4,10,5,5,1,29,3,0,,,,,,,,,,,,67,,1,,,121.5230618,25.10030071
112,8,5,15,37,2,08士林區,士林區文林路651號對面12號停車格,0,0,1,1,C03,8,6,5,50,14,9,1,5,4,5,13,4,4,10,5,5,1,29,2,31,2,1,5,1,7,9,1,10,1,11,,108,,1,21,,121.5230618,25.10030071
112,8,5,15,47,2,03中山區,中山區新生北路2段68巷與民生東路1段70巷口,0,0,1,2,B03,8,6,5,30,4,1,1,5,4,5,13,4,4,10,4,5,1,15,1,40,3,10,7,1,7,9,1,8,2,6,,107,,1,21,,121.5263594,25.0565498
112,8,5,15,47,2,03中山區,中山區新生北路2段68巷與民生東路1段70巷口,0,0,1,1,C03,8,6,5,30,4,1,1,5,4,5,13,4,4,10,4,5,1,15,1,57,2,8,6,1,7,9,6,18,2,11,,72,,1,21,,121.5263594,25.0565498
112,8,5,16,32,2,03中山區,中山區民生東路1段64號,0,0,1,1,C03,8,5,5,50,14,9,1,5,4,5,13,4,4,5,4,5,2,13,2,21,2,9,3,4,7,9,3,18,2,11,,108,,1,21,,121.5257735,25.058021
112,8,5,16,32,2,03中山區,中山區民生東路1段64號,0,0,1,2,B02,8,5,5,50,14,9,1,5,4,5,13,4,4,5,4,5,2,13,1,49,3,10,3,4,7,14,1,8,2,7,,44,,1,21,,121.5257735,25.058021