發生年度,發生月,發生日,發生時-Hours,發生分,處理別-編號,區序,肇事地點,死亡人數,2-30日死亡人數,受傷人數,當事人序號,車種,天候,光線,道路類別,速限-速度限制,道路型態,事故位置,路面狀況1,路面狀況2,路面狀況3,道路障礙1,道路障礙2,號誌1,號誌2,車道劃分-分向,車道劃分-分道1,車道劃分-分道2,車道劃分-分道3,事故類型及型態,性別,年齡,受傷程度,主要傷處,保護裝置,行動電話,車輛用途,當事者行動狀態,駕駛資格情形,駕駛執照種類,飲酒情形,車輛撞擊部位1,車輛撞擊部位2,肇因碼-個別,肇因碼-主要,個人肇逃否,職業,旅次目的,座標-X,座標-Y
112,8,6,17,51,2,11南港區,南港區南港路2段252號,0,0,3,4,B03,7,5,5,40,14,7,1,5,4,5,13,4,4,9,5,4,2,12,1,48,3,10,3,4,7,9,1,8,9,17,,44,,1,21,,121.5967735,25.0543038
112,8,6,17,51,2,11南港區,南港區南港路2段252號,0,0,3,5,H02,7,5,5,40,14,7,1,5,4,5,13,4,4,9,5,4,2,12,2,11,2,9,3,5,7,20,8,20,10,16,,67,,1,21,,121.5967735,25.0543038
112,8,6,18,10,2,03中山區,中山區民族東路與濱江街180巷口,0,0,1,1,C04,8,5,5,50,4,2,1,5,4,5,13,2,1,3,4,4,2,13,2,25,2,8,3,4,7,5,1,8,1,13,,8,,1,21,,121.5384233,25.067976
112,8,6,18,10,2,03中山區,中山區民族東路與濱江街180巷口,0,0,1,2,B03,8,5,5,50,4,2,1,5,4,5,13,2,1,3,4,4,2,13,2,66,3,10,3,4,7,9,1,8,1,1,,44,,1,21,,121.5384233,25.067976
112,8,6,18,45,2,12內湖區,內湖區東湖路119巷與東湖路口,0,0,3,2,C03,7,5,5,50,4,1,1,5,4,5,13,1,1,5,4,5,2,12,1,25,2,9,5,1,7,9,1,10,1,14,,44,,1,21,,121.6162945,25.0682251
112,8,6,18,45,2,12內湖區,內湖區東湖路119巷與東湖路口,0,0,3,1,C04,7,5,5,50,4,1,1,5,4,5,13,1,1,5,4,5,2,12,2,23,2,9,5,1,7,7,1,10,1,12,,100,,1,21,,121.6162945,25.0682251
112,8,6,18,45,2,12內湖區,內湖區東湖路119巷與東湖路口,0,0,3,3,H02,7,5,5,50,4,1,1,5,4,5,13,1,1,5,4,5,2,12,2,23,2,9,5,5,7,20,8,20,10,16,,67,,1,21,,121.6162945,25.0682251
112,8,6,19,9,2,05中正區,中正區汀州路1段與西藏路口,0,0,1,1,C03,8,5,5,50,4,1,1,5,4,5,13,1,1,1,4,5,2,16,2,67,3,10,3,4,7,5,1,10,1,12,,96,,1,21,,121.5076463,25.0308428
112,8,6,19,9,2,05中正區,中正區汀州路1段與西藏路口,0,0,1,2,F03,8,5,5,50,4,1,1,5,4,5,13,1,1,1,4,5,2,16,2,67,2,9,3,4,7,9,8,20,1,11,,44,,1,21,,121.5076463,25.0308428
112,8,6,19,20,2,03中山區,中山區中山北路1段115號,0,0,6,2,C03,8,5,5,50,14,9,1,5,4,5,13,4,4,1,4,5,2,17,2,57,2,8,3,4,7,9,1,10,2,13,,44,,1,22,,121.5223996,25.05130558
112,8,6,19,20,2,03中山區,中山區中山北路1段115號,0,0,6,6,H02,8,5,5,50,14,9,1,5,4,5,13,4,4,1,4,5,2,17,1,4,2,9,3,5,7,20,8,20,10,16,,67,,1,24,,121.5223996,25.05130558
112,8,6,19,20,2,03中山區,中山區中山北路1段115號,0,0,6,5,H02,8,5,5,50,14,9,1,5,4,5,13,4,4,1,4,5,2,17,2,42,2,9,3,5,7,20,8,20,10,16,,67,,1,22,,121.5223996,25.05130558
112,8,6,19,20,2,03中山區,中山區中山北路1段115號,0,0,6,4,H02,8,5,5,50,14,9,1,5,4,5,13,4,4,1,4,5,2,17,2,78,2,6,3,5,7,20,8,20,10,16,,67,,1,22,,121.5223996,25.05130558
112,8,6,19,20,2,03中山區,中山區中山北路1段115號,0,0,6,1,C03,8,5,5,50,14,9,1,5,4,5,13,4,4,1,4,5,2,17,1,34,2,9,3,4,7,10,1,10,4,11,,107,,1,22,,121.5223996,25.05130558
112,8,6,19,20,2,03中山區,中山區中山北路1段115號,0,0,6,3,C03,8,5,5,50,14,9,1,5,4,5,13,4,4,1,4,5,2,17,1,44,2,9,3,4,7,9,1,10,2,14,,32,,1,22,,121.5223996,25.05130558
112,8,6,19,30,2,11南港區,南港區忠孝東路6段62號,0,0,2,1,C03,8,5,5,50,14,9,1,5,4,5,13,4,4,9,4,5,2,13,1,18,2,9,3,4,7,9,1,10,1,11,,16,,1,22,,121.58364,25.0464162
112,8,6,19,30,2,11南港區,南港區忠孝東路6段62號,0,0,2,2,B01,8,5,5,50,14,9,1,5,4,5,13,4,4,9,4,5,2,13,1,61,2,9,3,4,7,15,1,4,1,6,,44,,1,22,,121.58364,25.0464162
112,8,6,19,30,2,10文山區,文山區景華街與景華街176巷口,0,0,1,2,C03,8,5,5,30,4,2,1,5,4,5,13,3,1,10,5,5,2,17,1,43,2,7,5,1,7,9,1,10,1,14,,44,,1,21,,121.5478274,24.9970814
112,8,6,19,30,2,10文山區,文山區景華街與景華街176巷口,0,0,1,1,B03,8,5,5,30,4,2,1,5,4,5,13,3,1,10,5,5,2,17,1,68,3,10,7,1,7,1,1,8,1,17,,19,,1,21,,121.5478274,24.9970814
112,8,6,19,37,2,05中正區,中正區新生南路1段與濟南路2段口,0,0,2,1,B01,8,5,5,50,4,1,1,5,4,5,13,1,1,1,4,1,2,16,2,60,3,10,7,1,7,5,1,4,2,2,,83,,1,21,,121.53267,25.0402013
112,8,6,19,37,2,05中正區,中正區新生南路1段與濟南路2段口,0,0,2,2,C03,8,5,5,50,4,1,1,5,4,5,13,1,1,1,4,1,2,16,1,41,2,9,6,1,7,9,1,10,2,11,,44,,1,21,,121.53267,25.0402013
112,8,6,19,37,2,05中正區,中正區新生南路1段與濟南路2段口,0,0,2,3,H02,8,5,5,50,4,1,1,5,4,5,13,1,1,1,4,1,2,16,2,42,2,9,6,5,7,20,8,20,10,16,,67,,1,21,,121.53267,25.0402013
112,8,6,20,17,2,10文山區,文山區羅斯福路5段與萬隆街口,0,0,1,2,C03,8,5,5,50,4,1,1,5,4,5,13,2,1,1,4,5,2,15,1,20,3,10,5,1,7,9,1,10,1,11,,44,,1,21,,121.5394536,25.0005369
112,8,6,20,17,2,10文山區,文山區羅斯福路5段與萬隆街口,0,0,1,1,F01,8,5,5,50,4,1,1,5,4,5,13,2,1,1,4,5,2,15,1,61,2,9,4,1,7,9,8,20,1,11,,118,,1,21,,121.5394536,25.0005369
112,8,6,20,33,2,08士林區,士林區中山北路5段與文林路口,0,0,2,3,H02,8,5,5,50,4,1,1,5,4,5,13,1,1,4,4,5,2,17,2,21,2,9,6,5,7,20,8,20,10,16,,67,,1,22,,121.5256287,25.0860585
112,8,6,20,33,2,08士林區,士林區中山北路5段與文林路口,0,0,2,1,B03,8,5,5,50,4,1,1,5,4,5,13,1,1,4,4,5,2,17,1,23,3,10,3,4,7,6,1,8,1,5,,9,,1,22,,121.5256287,25.0860585
112,8,6,20,33,2,08士林區,士林區中山北路5段與文林路口,0,0,2,2,C03,8,5,5,50,4,1,1,5,4,5,13,1,1,4,4,5,2,17,1,21,2,9,6,1,7,9,1,10,1,14,,13,,1,22,,121.5256287,25.0860585
112,8,6,21,52,1,04大安區,大安區仁愛路3段與復興南路1段口,1,0,1,1,B03,8,5,5,50,4,1,1,5,4,5,13,2,1,1,4,5,2,16,2,66,2,1,7,1,7,5,1,8,2,2,,83,,1,21,,121.5436255,25.0379212
112,8,6,21,52,1,04大安區,大安區仁愛路3段與復興南路1段口,1,0,1,2,C03,8,5,5,50,4,1,1,5,4,5,13,2,1,1,4,5,2,16,1,20,1,1,6,1,7,9,1,10,9,15,,13,,1,21,,121.5436255,25.0379212
112,8,6,21,58,2,08士林區,士林區中正路與重慶北路4段口口,0,0,1,1,B03,8,5,5,50,3,2,1,5,4,5,13,4,4,1,4,5,1,16,1,62,3,10,7,1,7,6,1,8,2,2,,9,,2,22,,121.5100195,25.0867234
112,8,6,21,58,2,08士林區,士林區中正路與重慶北路4段口口,0,0,1,2,C03,8,5,5,50,3,2,1,5,4,5,13,4,4,1,4,5,1,16,1,33,2,9,5,1,7,9,3,18,2,14,,44,,2,22,,121.5100195,25.0867234
112,8,6,22,12,2,07信義區,信義區忠孝東路4段345號對面,0,0,1,1,B01,7,5,5,50,14,9,1,5,4,5,13,4,4,1,4,5,2,12,1,62,3,10,3,4,7,7,1,3,2,2,,100,,1,21,,121.5579792,25.0412185
112,8,6,22,12,2,07信義區,信義區忠孝東路4段345號對面,0,0,1,2,C03,7,5,5,50,14,9,1,5,4,5,13,4,4,1,4,5,2,12,1,30,2,9,3,4,7,9,1,10,2,14,,44,,1,22,,121.5579792,25.0412185
112,8,6,23,4,2,09北投區,北投區中央北路4段與大度路3段口引道口,0,0,3,1,C03,7,5,5,50,4,1,1,5,4,5,13,1,1,5,4,5,2,16,1,16,2,8,5,1,7,5,2,18,1,13,,81,,1,22,,121.4650173,25.12448871
112,8,6,23,4,2,09北投區,北投區中央北路4段與大度路3段口引道口,0,0,3,2,C03,7,5,5,50,4,1,1,5,4,5,13,1,1,5,4,5,2,16,1,18,2,9,5,1,7,9,1,10,1,11,,44,,1,22,,121.4650173,25.12448871
112,8,6,23,4,2,09北投區,北投區中央北路4段與大度路3段口引道口,0,0,3,3,H02,7,5,5,50,4,1,1,5,4,5,13,1,1,5,4,5,2,16,1,16,2,9,5,5,7,20,8,20,10,16,,67,,1,22,,121.4650173,25.12448871
112,8,7,6,42,2,03中山區,中山區農安街271巷與農安街口,0,0,1,1,F01,8,7,5,0,3,1,1,5,4,5,13,4,4,10,2,5,2,11,2,73,2,9,4,1,7,1,8,20,1,11,,19,,1,21,,121.5360346,25.0646469
112,8,7,6,42,2,03中山區,中山區農安街271巷與農安街口,0,0,1,2,C03,8,7,5,0,3,1,1,5,4,5,13,4,4,10,2,5,2,11,1,61,3,10,5,1,7,9,1,10,1,11,,108,,1,26,,121.5360346,25.0646469
112,8,7,7,11,2,11南港區,南港區市民大道8段與興中路口,0,0,2,1,C03,8,7,5,50,4,2,1,5,4,5,13,2,1,9,4,5,2,16,1,61,2,9,3,4,7,9,1,10,1,11,,4,,1,21,,121.607241,25.0534825
112,8,7,7,11,2,11南港區,南港區市民大道8段與興中路口,0,0,2,3,H02,8,7,5,50,4,2,1,5,4,5,13,2,1,9,4,5,2,16,2,76,2,9,3,5,7,20,8,20,10,16,,67,,1,21,,121.607241,25.0534825
112,8,7,7,11,2,11南港區,南港區市民大道8段與興中路口,0,0,2,2,B01,8,7,5,50,4,2,1,5,4,5,13,2,1,9,4,5,2,16,1,65,3,10,3,4,7,5,1,4,1,7,,44,,1,21,,121.607241,25.0534825
112,8,7,7,35,2,11南港區,南港區松河街與興華路口,0,0,2,1,C03,8,7,5,50,3,2,1,5,4,5,13,4,4,9,5,5,2,16,1,54,2,9,5,1,7,6,1,10,2,14,,72,,1,21,,121.6051193,25.0587562
112,8,7,7,35,2,11南港區,南港區松河街與興華路口,0,0,2,2,C03,8,7,5,50,3,2,1,5,4,5,13,4,4,9,5,5,2,16,1,31,2,9,5,1,7,9,1,10,2,11,,14,,1,21,,121.6051193,25.0587562
112,8,7,7,35,2,11南港區,南港區松河街與興華路口,0,0,2,3,A12,8,7,5,50,3,2,1,5,4,5,13,4,4,9,5,5,2,16,1,64,3,10,7,1,7,14,1,6,2,17,,38,,1,21,,121.6051193,25.0587562
112,8,7,7,40,2,02萬華區,萬華區忠孝西路2段與西寧南路口,0,0,3,4,C03,8,6,5,50,4,2,1,5,4,5,13,2,1,3,2,5,2,17,2,39,2,9,5,1,7,9,1,10,1,11,12,44,,1,21,,121.5074938,25.04858153
112,8,7,7,40,2,02萬華區,萬華區忠孝西路2段與西寧南路口,0,0,3,1,C03,8,6,5,50,4,2,1,5,4,5,13,2,1,3,2,5,2,17,1,40,3,10,5,1,7,9,6,10,1,11,12,16,,1,21,,121.5074938,25.04858153
112,8,7,7,40,2,02萬華區,萬華區忠孝西路2段與西寧南路口,0,0,3,3,C04,8,6,5,50,4,2,1,5,4,5,13,2,1,3,2,5,2,17,2,52,2,9,5,1,7,9,1,11,1,13,12,44,,1,21,,121.5074938,25.04858153
112,8,7,7,40,2,02萬華區,萬華區忠孝西路2段與西寧南路口,0,0,3,5,B03,8,6,5,50,4,2,1,5,4,5,13,2,1,3,2,5,2,17,1,38,3,10,7,1,7,9,1,8,1,5,,44,,1,21,,121.5074938,25.04858153
112,8,7,7,40,2,02萬華區,萬華區忠孝西路2段與西寧南路口,0,0,3,2,C03,8,6,5,50,4,2,1,5,4,5,13,2,1,3,2,5,2,17,2,54,2,9,5,1,7,9,1,10,1,13,12,44,,1,21,,121.5074938,25.04858153
112,8,7,7,58,2,07信義區,信義區大道路與忠孝東路5段790巷24弄口,0,0,1,2,C03,8,6,5,30,5,2,1,5,4,5,13,4,4,5,5,5,2,17,2,22,3,10,3,4,7,9,1,10,9,12,,44,,1,21,,121.5819011,25.0419969
112,8,7,7,58,2,07信義區,信義區大道路與忠孝東路5段790巷24弄口,0,0,1,1,C03,8,6,5,30,5,2,1,5,4,5,13,4,4,5,5,5,2,17,2,78,2,9,3,4,7,6,1,10,9,14,,72,,1,21,,121.5819011,25.0419969
112,8,7,8,22,2,09北投區,北投區文林北路1203718燈桿,0,0,1,1,C03,8,6,5,50,14,7,1,5,4,5,13,4,4,1,4,4,2,13,1,28,2,9,5,1,7,9,1,10,1,11,,16,,1,21,,121.5123009,25.1096193
112,8,7,8,22,2,09北投區,北投區文林北路1203718燈桿,0,0,1,2,C03,8,6,5,50,14,7,1,5,4,5,13,4,4,1,4,4,2,13,1,25,3,10,5,1,7,12,1,10,1,13,,44,,1,21,,121.5123009,25.1096193
112,8,7,8,25,2,07信義區,信義區福德街與福德街251巷口,0,0,2,1,C03,8,6,5,50,4,1,1,5,4,5,13,1,1,5,5,5,2,16,1,24,2,8,6,1,7,6,1,10,1,11,,44,,1,21,,121.5860431,25.0388687
112,8,7,8,25,2,07信義區,信義區福德街與福德街251巷口,0,0,2,2,C03,8,6,5,50,4,1,1,5,4,5,13,1,1,5,5,5,2,16,2,52,2,3,6,1,7,9,1,10,1,11,,4,,1,21,,121.5860431,25.0388687
112,8,7,8,29,2,09北投區,北投區大度路3段過關渡派出所50公尺處,0,0,2,3,H02,8,5,5,50,14,7,1,5,4,5,13,1,1,1,4,4,1,13,1,29,2,2,7,5,7,20,8,20,10,17,,67,,1,26,,121.4662535,25.1232369
112,8,7,8,29,2,09北投區,北投區大度路3段過關渡派出所50公尺處,0,0,2,1,B03,8,5,5,50,14,7,1,5,4,5,13,1,1,1,4,4,1,13,1,58,3,10,7,1,7,9,3,18,1,1,,108,,1,22,,121.4662535,25.1232369
112,8,7,8,29,2,09北投區,北投區大度路3段過關渡派出所50公尺處,0,0,2,2,B12,8,5,5,50,14,7,1,5,4,5,13,1,1,1,4,4,1,13,1,25,2,2,7,1,7,9,1,8,1,3,,44,,1,26,,121.4662535,25.1232369
112,8,7,8,30,2,12內湖區,內湖區內湖路1段411巷74弄與港華街口,0,0,1,2,F01,8,6,5,50,4,1,1,5,4,5,13,1,1,5,5,5,2,16,1,26,3,10,4,1,7,5,8,20,2,14,,8,,1,21,,121.59036,25.080734
112,8,7,8,30,2,12內湖區,內湖區內湖路1段411巷74弄與港華街口,0,0,1,1,C03,8,6,5,50,4,1,1,5,4,5,13,1,1,5,5,5,2,16,2,62,2,9,6,1,7,9,1,10,2,11,,108,,1,21,,121.59036,25.080734
112,8,7,8,43,2,07信義區,信義區崇德街與嘉興街口,0,0,1,1,C03,8,6,5,50,4,2,1,5,4,5,13,3,1,8,5,5,2,12,2,40,2,9,5,1,7,8,1,10,1,13,,100,,1,21,,121.5555007,25.0241459
112,8,7,8,43,2,07信義區,信義區崇德街與嘉興街口,0,0,1,2,B03,8,6,5,50,4,2,1,5,4,5,13,3,1,8,5,5,2,12,1,29,3,10,3,4,7,9,1,8,1,5,,108,,1,21,,121.5555007,25.0241459
112,8,7,8,47,2,02萬華區,萬華區環河南路1段與長沙街2段口,0,0,2,1,C03,8,6,8,50,3,1,1,5,1,5,13,2,1,5,4,5,2,11,2,27,2,9,6,1,7,5,1,10,1,12,,74,,1,21,,121.4996091,25.0414583
112,8,7,8,47,2,02萬華區,萬華區環河南路1段與長沙街2段口,0,0,2,2,C03,8,6,8,50,3,1,1,5,1,5,13,2,1,5,4,5,2,11,2,42,2,9,6,1,7,21,1,10,1,11,,44,,1,21,,121.4996091,25.0414583
112,8,7,8,54,2,01大同區,大同區民族西路226號,0,0,2,1,H01,8,7,5,0,14,9,1,5,4,5,13,4,4,9,5,5,1,3,2,68,2,9,4,5,8,18,8,20,10,16,,121,,1,22,,121.5129727,25.06861907
112,8,7,8,54,2,01大同區,大同區民族西路226號,0,0,2,2,C03,8,7,5,0,14,9,1,5,4,5,13,4,4,9,5,5,1,3,1,46,2,9,6,1,7,9,1,10,2,14,,44,,1,22,,121.5129727,25.06861907
112,8,7,8,54,2,10文山區,文山區羅斯福路6段與羅斯福路6段469巷口口,0,0,1,2,C03,8,6,5,30,4,2,1,5,4,5,13,2,1,1,4,5,2,12,1,71,2,9,5,1,7,7,1,8,2,12,,100,,1,21,,121.5398179,24.9901109
112,8,7,8,54,2,10文山區,文山區羅斯福路6段與羅斯福路6段469巷口口,0,0,1,1,B03,8,6,5,30,4,2,1,5,4,5,13,2,1,1,4,5,2,12,2,63,3,10,7,1,7,8,1,8,2,4,,100,,1,21,,121.5398179,24.9901109
112,8,7,9,4,2,07信義區,信義區市民大道6段與松信路口,0,0,1,2,C03,8,6,5,40,4,2,1,5,4,5,13,1,1,1,3,5,2,17,1,18,3,10,6,1,7,5,1,10,1,14,,8,,1,21,,121.5722891,25.0492485
112,8,7,9,4,2,07信義區,信義區市民大道6段與松信路口,0,0,1,1,C03,8,6,5,40,4,2,1,5,4,5,13,1,1,1,3,5,2,17,1,30,2,7,6,1,7,9,1,10,1,12,,108,,1,21,,121.5722891,25.0492485
112,8,7,9,15,2,04大安區,大安區忠孝東路3段248巷與忠孝東路3段248巷13弄口,0,0,3,3,H02,8,7,5,30,3,1,1,5,4,5,13,4,4,10,5,5,2,17,2,39,2,9,6,5,7,20,8,20,10,16,,67,,1,22,,121.5412957,25.0406945
112,8,7,9,15,2,04大安區,大安區忠孝東路3段248巷與忠孝東路3段248巷13弄口,0,0,3,2,C03,8,7,5,30,3,1,1,5,4,5,13,4,4,10,5,5,2,17,1,41,2,8,6,1,7,9,1,10,1,12,,14,,1,22,,121.5412957,25.0406945
112,8,7,9,15,2,04大安區,大安區忠孝東路3段248巷與忠孝東路3段248巷13弄口,0,0,3,1,C03,8,7,5,30,3,1,1,5,4,5,13,4,4,10,5,5,2,17,1,20,2,9,6,1,7,1,1,10,1,11,,19,,1,22,,121.5412957,25.0406945
112,8,7,9,15,2,06松山區,松山區敦化北路222巷與敦化北路222巷6弄口,0,0,1,1,F01,8,6,5,30,4,1,1,5,4,5,13,4,4,10,5,5,2,15,1,59,2,9,2,1,7,9,8,20,1,14,,118,,1,21,,121.5485025,25.05896605
112,8,7,9,15,2,06松山區,松山區敦化北路222巷與敦化北路222巷6弄口,0,0,1,2,B03,8,6,5,30,4,1,1,5,4,5,13,4,4,10,5,5,2,15,1,27,3,10,3,4,7,9,1,8,1,1,,118,,1,21,,121.5485025,25.05896605
112,8,7,9,16,2,07信義區,信義區松隆路9巷與松隆路口,0,0,1,2,C03,8,6,5,30,3,2,1,5,4,5,13,4,4,1,4,5,2,17,1,30,2,9,5,4,7,9,1,10,1,12,,14,,1,22,,121.5665123,25.0433747
112,8,7,9,16,2,07信義區,信義區松隆路9巷與松隆路口,0,0,1,1,B03,8,6,5,30,3,2,1,5,4,5,13,4,4,1,4,5,2,17,2,36,3,10,3,1,7,6,1,6,1,15,,72,,1,22,,121.5665123,25.0433747
112,8,7,9,17,2,04大安區,大安區仁愛路4段266巷15弄12號,0,0,1,3,H02,8,6,5,30,14,9,1,5,4,5,13,4,4,10,5,5,2,17,2,43,3,10,4,5,7,19,8,20,10,16,,126,,1,21,,121.5535904,25.03658066
112,8,7,9,17,2,04大安區,大安區仁愛路4段266巷15弄12號,0,0,1,2,C03,8,6,5,30,14,9,1,5,4,5,13,4,4,10,5,5,2,17,1,56,2,9,3,4,7,9,1,10,1,11,,44,,1,21,,121.5535904,25.03658066
112,8,7,9,17,2,04大安區,大安區仁愛路4段266巷15弄12號,0,0,1,1,B01,8,6,5,30,14,9,1,5,4,5,13,4,4,10,5,5,2,17,1,47,3,10,3,4,7,14,1,4,1,6,,38,,1,21,,121.5535904,25.03658066
112,8,7,9,30,2,09北投區,北投區承德路7段與承德路7段413巷口,0,0,1,2,C03,8,6,5,50,3,2,1,5,4,5,13,4,4,1,5,5,2,13,2,27,3,10,5,1,7,7,1,10,1,13,,100,,1,21,,121.4998012,25.1208026
112,8,7,9,30,2,09北投區,北投區承德路7段與承德路7段413巷口,0,0,1,1,C03,8,6,5,50,3,2,1,5,4,5,13,4,4,1,5,5,2,13,1,33,2,9,5,1,7,9,1,10,1,11,,108,,1,21,,121.4998012,25.1208026
112,8,7,9,30,2,09北投區,北投區大度路3段與立德路口,0,0,1,1,C03,8,6,5,50,3,1,1,5,4,5,13,2,1,1,4,5,1,12,1,20,3,10,5,1,7,15,1,10,1,12,,5,,1,21,,121.4714313,25.1229361
112,8,7,9,30,2,09北投區,北投區大度路3段與立德路口,0,0,1,2,C03,8,6,5,50,3,1,1,5,4,5,13,2,1,1,4,5,1,12,2,38,2,9,5,1,7,9,1,10,1,11,,44,,1,21,,121.4714313,25.1229361
112,8,7,9,30,2,12內湖區,內湖區新明路321巷與新明路口,0,0,2,1,C03,8,6,5,30,3,1,1,5,4,5,13,2,1,5,4,5,2,16,1,44,2,7,6,1,7,8,1,10,1,14,,100,,1,21,,121.5844812,25.05688056
112,8,7,9,30,2,12內湖區,內湖區新明路321巷與新明路口,0,0,2,2,C03,8,6,5,30,3,1,1,5,4,5,13,2,1,5,4,5,2,16,2,42,2,9,6,1,7,9,1,10,1,12,,44,,1,21,,121.5844812,25.05688056
112,8,7,10,4,2,08士林區,士林區中正路與基河路口,0,0,1,1,A02,8,5,5,0,4,1,1,5,4,5,13,1,1,4,5,5,1,17,1,55,3,10,7,1,7,6,1,2,1,1,,9,,1,21,,121.5200876,25.0933047
112,8,7,10,4,2,08士林區,士林區中正路與基河路口,0,0,1,2,F01,8,5,5,0,4,1,1,5,4,5,13,1,1,4,5,5,1,17,2,75,2,9,4,1,7,11,8,20,1,14,,11,,1,21,,121.5200876,25.0933047
112,8,7,10,20,2,03中山區,中山區市民大道2段與林森北路口旁迴轉道,0,0,1,1,B03,8,7,5,30,3,1,1,5,4,5,13,4,4,1,5,5,2,16,1,55,3,10,3,4,7,21,7,19,11,17,,72,,1,22,,121.5238579,25.04793571
112,8,7,10,20,2,03中山區,中山區市民大道2段與林森北路口旁迴轉道,0,0,1,2,C03,8,7,5,30,3,1,1,5,4,5,13,4,4,1,5,5,2,16,1,27,2,9,5,1,7,9,1,10,1,14,,13,,1,21,,121.5238579,25.04793571
112,8,7,10,48,2,05中正區,中正區思源街16號對面,0,0,1,1,C03,8,7,5,50,11,9,1,5,4,5,13,4,4,2,4,5,2,12,1,54,3,10,5,1,7,9,1,10,11,12,,107,,1,21,,121.531057,25.0140664
112,8,7,10,48,2,05中正區,中正區思源街16號對面,0,0,1,2,C03,8,7,5,50,11,9,1,5,4,5,13,4,4,2,4,5,2,12,1,72,2,9,6,1,7,9,1,10,2,15,,44,,1,21,,121.531057,25.0140664
112,8,7,10,48,2,05中正區,中正區思源街16號對面,0,0,1,3,H02,8,7,5,50,11,9,1,5,4,5,13,4,4,2,4,5,2,12,2,72,4,11,5,5,7,20,8,20,10,16,,67,,1,22,,121.531057,25.0140664
112,8,7,10,50,2,04大安區,大安區敦化南路1段161巷5弄2號,0,0,1,1,B02,8,7,5,30,14,9,1,5,4,5,13,4,4,5,5,5,2,1,1,62,3,10,7,4,7,9,1,8,11,4,,108,,2,22,,121.5496819,25.04369654
112,8,7,10,50,2,04大安區,大安區敦化南路1段161巷5弄2號,0,0,1,2,H01,8,7,5,30,14,9,1,5,4,5,13,4,4,5,5,5,2,1,1,29,2,7,4,5,8,16,8,20,10,16,,67,,1,22,,121.5496819,25.04369654
112,8,7,10,59,2,02萬華區,萬華區桂林路228巷11弄與桂林路242巷口,0,0,1,1,C03,8,6,5,50,4,2,1,5,4,5,13,1,1,1,4,5,1,17,1,41,2,9,3,4,7,15,1,10,1,14,,118,,1,22,,121.4955976,25.0385422
112,8,7,10,59,2,02萬華區,萬華區桂林路228巷11弄與桂林路242巷口,0,0,1,2,C03,8,6,5,50,4,2,1,5,4,5,13,1,1,1,4,5,1,17,1,35,3,10,3,4,7,15,1,10,1,12,,118,,1,22,,121.4955976,25.0385422
112,8,7,11,25,2,07信義區,信義區信安街103巷與信安街口口,0,0,1,1,B12,8,6,5,50,4,2,1,5,4,5,13,4,4,9,5,5,2,17,1,33,3,10,3,4,7,5,1,8,1,8,,2,,1,21,,121.5565835,25.0254445
112,8,7,11,25,2,07信義區,信義區信安街103巷與信安街口口,0,0,1,2,C03,8,6,5,50,4,2,1,5,4,5,13,4,4,9,5,5,2,17,1,19,2,9,5,4,7,4,1,10,1,12,,4,,1,21,,121.5565835,25.0254445
112,8,7,12,35,2,02萬華區,萬華區艋舺大道304號,0,0,1,2,C03,8,6,5,50,14,9,1,5,4,5,13,4,4,1,4,5,1,17,1,22,2,9,3,4,7,9,1,10,1,15,,44,,1,22,,121.4966972,25.03291339
112,8,7,12,35,2,02萬華區,萬華區艋舺大道304號,0,0,1,1,B03,8,6,5,50,14,9,1,5,4,5,13,4,4,1,4,5,1,17,2,58,3,10,3,4,7,10,7,19,9,15,,100,,2,22,,121.4966972,25.03291339
112,8,7,12,43,2,02萬華區,萬華區富民路145巷35弄與富民路145巷口,0,0,1,1,C04,8,6,8,30,4,1,1,5,4,5,13,4,4,10,5,5,2,17,1,24,3,10,5,1,7,6,1,8,1,12,,72,,1,21,,121.5012599,25.0189738
112,8,7,12,43,2,02萬華區,萬華區富民路145巷35弄與富民路145巷口,0,0,1,2,C03,8,6,8,30,4,1,1,5,4,5,13,4,4,10,5,5,2,17,2,61,2,9,6,1,7,9,1,10,1,11,,44,,1,21,,121.5012599,25.0189738
112,8,7,13,25,2,05中正區,中正區南昌路1段與南昌路1段10巷口,0,0,1,1,B03,8,7,5,30,3,1,1,5,4,5,13,4,4,5,5,5,2,16,1,43,3,10,7,1,7,5,1,8,1,4,,8,,1,22,,121.5157048,25.0332837
112,8,7,13,25,2,05中正區,中正區南昌路1段與南昌路1段10巷口,0,0,1,2,C04,8,7,5,30,3,1,1,5,4,5,13,4,4,5,5,5,2,16,1,39,2,9,5,1,7,9,1,10,1,11,,14,,1,22,,121.5157048,25.0332837
112,8,7,13,36,2,12內湖區,內湖區金湖路與成功路4段口附近,0,0,1,1,C03,8,6,5,50,14,9,1,5,4,5,13,4,4,1,4,5,2,12,1,29,2,9,5,1,7,4,1,10,1,15,,107,,1,21,,121.5953833,25.08386489
112,8,7,13,36,2,12內湖區,內湖區金湖路與成功路4段口附近,0,0,1,2,B12,8,6,5,50,14,9,1,5,4,5,13,4,4,1,4,5,2,12,1,51,3,10,7,1,7,9,1,8,1,8,,44,,1,21,,121.5953833,25.08386489
112,8,7,13,53,2,03中山區,中山區敬業三路與植福路口,0,0,1,1,B12,8,6,5,50,4,2,1,5,4,5,13,1,1,1,4,4,2,16,1,74,3,10,3,4,7,6,1,8,9,5,,9,,1,22,,121.5564276,25.08392117