發生年度,發生月,發生日,發生時-Hours,發生分,處理別-編號,區序,肇事地點,死亡人數,2-30日死亡人數,受傷人數,當事人序號,車種,天候,光線,道路類別,速限-速度限制,道路型態,事故位置,路面狀況1,路面狀況2,路面狀況3,道路障礙1,道路障礙2,號誌1,號誌2,車道劃分-分向,車道劃分-分道1,車道劃分-分道2,車道劃分-分道3,事故類型及型態,性別,年齡,受傷程度,主要傷處,保護裝置,行動電話,車輛用途,當事者行動狀態,駕駛資格情形,駕駛執照種類,飲酒情形,車輛撞擊部位1,車輛撞擊部位2,肇因碼-個別,肇因碼-主要,個人肇逃否,職業,旅次目的,座標-X,座標-Y
112,8,9,17,30,2,08士林區,士林區福國路108號,0,0,1,3,B03,8,6,5,50,14,9,1,5,4,5,13,1,1,1,4,5,1,12,2,47,3,10,3,4,7,9,1,8,2,8,,16,,1,22,,121.5217731,25.10185655
112,8,9,17,30,2,08士林區,士林區福國路108號,0,0,1,2,B03,8,6,5,50,14,9,1,5,4,5,13,1,1,1,4,5,1,12,1,49,3,10,3,4,7,5,1,8,2,5,,17,,1,22,,121.5217731,25.10185655
112,8,9,17,30,2,08士林區,士林區福國路108號,0,0,1,1,C03,8,6,5,50,14,9,1,5,4,5,13,1,1,1,4,5,1,12,2,56,2,4,3,4,7,5,7,19,2,14,,17,,1,22,,121.5217731,25.10185655
112,8,9,17,35,2,11南港區,南港區三重路65號,0,0,2,1,C03,8,7,5,50,14,9,1,5,4,5,13,4,4,1,4,5,2,11,2,64,2,2,5,1,7,7,1,10,1,14,,100,,1,21,,121.6141553,25.0605821
112,8,9,17,35,2,11南港區,南港區三重路65號,0,0,2,2,C03,8,7,5,50,14,9,1,5,4,5,13,4,4,1,4,5,2,11,1,50,2,8,5,1,7,9,1,10,1,12,,44,,1,21,,121.6141553,25.0605821
112,8,9,17,40,2,03中山區,中山區北安路615號,0,0,1,4,H02,8,7,5,50,14,9,1,5,4,5,13,4,4,3,4,5,2,17,2,35,3,10,7,5,7,19,8,20,10,16,,126,,1,21,,121.5488812,25.08270139
112,8,9,17,40,2,03中山區,中山區北安路615號,0,0,1,3,B03,8,7,5,50,14,9,1,5,4,5,13,4,4,3,4,5,2,17,1,45,3,10,7,1,7,13,1,8,1,7,,44,,1,21,,121.5488812,25.08270139
112,8,9,17,40,2,03中山區,中山區北安路615號,0,0,1,1,B01,8,7,5,50,14,9,1,5,4,5,13,4,4,3,4,5,2,17,1,53,3,10,7,1,7,14,1,1,1,6,,40,,1,21,,121.5488812,25.08270139
112,8,9,17,40,2,03中山區,中山區北安路615號,0,0,1,2,C03,8,7,5,50,14,9,1,5,4,5,13,4,4,3,4,5,2,17,2,30,2,9,6,1,7,9,1,10,1,11,,44,,1,25,,121.5488812,25.08270139
112,8,9,17,42,2,03中山區,中山區民族東路與濱江街180巷口,0,0,1,1,B02,8,6,5,50,4,1,1,5,4,5,13,1,1,3,4,4,2,16,1,55,3,10,7,1,7,5,1,8,1,5,,74,,1,21,,121.538126,25.06820785
112,8,9,17,42,2,03中山區,中山區民族東路與濱江街180巷口,0,0,1,2,C03,8,6,5,50,4,1,1,5,4,5,13,1,1,3,4,4,2,16,1,16,2,7,6,1,7,9,2,18,1,11,,44,,1,21,,121.538126,25.06820785
112,8,9,18,0,2,01大同區,大同區民族西路與延平北路4段口,0,0,1,1,C03,9,6,5,50,4,1,1,5,4,5,13,2,1,1,4,4,2,16,1,41,3,10,5,1,7,5,1,10,1,11,,8,,1,21,,121.5108572,25.0686588
112,8,9,18,0,2,01大同區,大同區民族西路與延平北路4段口,0,0,1,2,F01,9,6,5,50,4,1,1,5,4,5,13,2,1,1,4,4,2,16,2,45,2,8,4,1,7,11,8,20,1,14,,71,,1,21,,121.5108572,25.0686588
112,8,9,18,1,2,08士林區,士林區磺溪便道與磺溪便道口建德橋,0,0,2,1,F01,8,5,5,50,4,1,1,5,4,5,13,4,4,5,5,5,2,17,1,36,2,9,4,1,7,11,8,20,1,12,,72,,1,22,,121.517791,25.1000038
112,8,9,18,1,2,08士林區,士林區磺溪便道與磺溪便道口建德橋,0,0,2,2,C03,8,5,5,50,4,1,1,5,4,5,13,4,4,5,5,5,2,17,1,23,2,9,5,1,7,9,1,10,1,11,,44,,1,21,,121.517791,25.1000038
112,8,9,18,10,2,04大安區,大安區基隆路2段與和平東路3段口口,0,0,1,1,C03,7,5,5,50,4,1,1,5,4,5,13,1,1,1,3,1,1,16,2,41,2,9,6,1,7,9,1,10,1,14,,99,,1,21,,121.5521441,25.02446935
112,8,9,18,10,2,04大安區,大安區基隆路2段與和平東路3段口口,0,0,1,2,C03,7,5,5,50,4,1,1,5,4,5,13,1,1,1,3,1,1,16,1,24,3,10,6,1,7,6,1,10,1,12,,9,,1,21,,121.5521441,25.02446935
112,8,9,18,35,2,01大同區,大同區延平北路4段與迪化街2段口,0,0,2,2,C03,8,5,5,50,4,1,1,5,4,5,13,2,1,9,4,5,2,16,1,32,2,9,5,1,7,9,6,10,1,11,,108,,1,21,,121.5114058,25.0739903
112,8,9,18,35,2,01大同區,大同區延平北路4段與迪化街2段口,0,0,2,1,C03,8,5,5,50,4,1,1,5,4,5,13,2,1,9,4,5,2,16,2,61,2,9,5,1,7,5,1,10,1,12,,74,,1,21,,121.5114058,25.0739903
112,8,9,18,55,2,09北投區,北投區秀山路85巷1204283路燈桿,0,0,1,2,,8,5,5,30,14,9,1,5,4,5,13,4,4,10,5,5,2,18,3,0,,,,,,,,,10,,,67,,1,,,121.4926667,25.14790663
112,8,9,18,55,2,09北投區,北投區秀山路85巷1204283路燈桿,0,0,1,1,F01,8,5,5,30,14,9,1,5,4,5,13,4,4,10,5,5,2,18,1,17,2,9,4,1,7,9,8,20,1,14,,118,,1,22,,121.4926667,25.14790663
112,8,9,19,14,2,12內湖區,內湖區文德路與文德路208巷口口,0,0,1,1,C03,8,5,5,50,4,1,1,4,4,5,13,2,1,1,5,5,2,16,1,58,2,9,5,1,7,9,1,9,1,11,,44,,1,21,,121.5835389,25.07853187
112,8,9,19,14,2,12內湖區,內湖區文德路與文德路208巷口口,0,0,1,2,C03,8,5,5,50,4,1,1,4,4,5,13,2,1,1,5,5,2,16,1,29,3,10,5,1,7,9,1,10,1,12,,118,,1,21,,121.5835389,25.07853187
112,8,9,19,16,2,04大安區,大安區復興南路2段與復興南路2段151巷口,0,0,1,2,A04,8,5,5,50,4,1,1,5,4,5,13,1,1,1,4,5,2,17,1,48,3,10,7,1,7,9,1,1,1,5,,44,,1,21,,121.5435655,25.028386
112,8,9,19,16,2,04大安區,大安區復興南路2段與復興南路2段151巷口,0,0,1,1,C03,8,5,5,50,4,1,1,5,4,5,13,1,1,1,4,5,2,17,2,21,2,9,6,1,7,8,1,10,1,13,,100,,1,21,,121.5435655,25.028386
112,8,9,19,40,2,11南港區,南港區南港路2段與南港路2段60巷口,0,0,1,1,B03,8,5,5,50,3,1,1,5,4,5,13,1,1,4,3,5,2,17,2,44,3,10,7,1,7,1,1,8,2,4,,19,,1,21,,121.604133,25.05386744
112,8,9,19,40,2,11南港區,南港區南港路2段與南港路2段60巷口,0,0,1,2,C03,8,5,5,50,3,1,1,5,4,5,13,1,1,4,3,5,2,17,1,30,2,7,6,1,7,9,1,10,2,11,,44,,1,21,,121.604133,25.05386744
112,8,9,19,41,2,03中山區,中山區中山北路3段與民族東路口,0,0,1,1,C03,8,5,5,50,4,1,1,5,4,5,13,1,1,9,4,5,2,5,1,19,3,10,6,4,7,9,1,10,1,11,,107,,1,22,,121.5229677,25.0684824
112,8,9,19,41,2,03中山區,中山區中山北路3段與民族東路口,0,0,1,2,H03,8,5,5,50,4,1,1,5,4,5,13,1,1,9,4,5,2,5,1,50,2,7,4,5,8,17,8,20,10,16,,67,,1,21,,121.5229677,25.0684824
112,8,9,20,31,2,04大安區,大安區延吉街233巷與延吉街口,0,0,1,3,H02,8,5,5,50,5,1,1,5,4,5,13,1,1,5,4,5,2,12,2,19,2,8,6,5,7,20,8,20,10,16,,67,,1,21,,121.5555721,25.0371976
112,8,9,20,31,2,04大安區,大安區延吉街233巷與延吉街口,0,0,1,2,C03,8,5,5,50,5,1,1,5,4,5,13,1,1,5,4,5,2,12,1,21,3,10,6,4,7,9,1,10,1,14,,44,,1,22,,121.5555721,25.0371976
112,8,9,20,31,2,04大安區,大安區延吉街233巷與延吉街口,0,0,1,1,B01,8,5,5,50,5,1,1,5,4,5,13,1,1,5,4,5,2,12,1,53,3,10,7,4,7,7,1,4,2,5,,100,,1,22,,121.5555721,25.0371976
112,8,9,20,50,2,05中正區,中正區愛國西路與公園路口口,0,0,1,1,C03,8,5,5,50,4,1,1,5,4,5,13,1,1,1,4,5,2,13,2,18,2,8,5,4,7,4,1,10,1,11,,16,,1,22,,121.5143852,25.0348162
112,8,9,20,50,2,05中正區,中正區愛國西路與公園路口口,0,0,1,2,B03,8,5,5,50,4,1,1,5,4,5,13,1,1,1,4,5,2,13,1,42,3,10,7,1,7,5,1,8,1,7,,44,,1,22,,121.5143852,25.0348162
112,8,9,21,17,2,09北投區,北投區大度路3段與立功街口,0,0,2,3,H02,8,5,5,30,3,1,1,5,4,5,13,3,1,3,4,4,2,16,2,48,2,2,7,5,7,20,8,20,10,16,,67,,1,22,,121.4688433,25.12328312
112,8,9,21,17,2,09北投區,北投區大度路3段與立功街口,0,0,2,2,B11,8,5,5,30,3,1,1,5,4,5,13,3,1,3,4,4,2,16,2,58,2,9,7,1,7,9,1,8,1,2,,14,,1,22,,121.4688433,25.12328312
112,8,9,21,17,2,09北投區,北投區大度路3段與立功街口,0,0,2,1,B03,8,5,5,30,3,1,1,5,4,5,13,3,1,3,4,4,2,16,1,53,3,10,7,1,7,6,1,8,1,4,,72,,1,22,,121.4688433,25.12328312
112,8,9,21,29,2,06松山區,松山區塔悠路與撫遠街389巷口,0,0,2,1,B03,8,5,5,50,4,1,1,5,4,5,13,2,1,3,4,4,2,17,2,63,3,10,3,4,7,5,1,8,2,5,,74,,1,22,,121.5678765,25.06523925
112,8,9,21,29,2,06松山區,松山區塔悠路與撫遠街389巷口,0,0,2,2,C03,8,5,5,50,4,1,1,5,4,5,13,2,1,3,4,4,2,17,1,18,2,9,6,4,7,9,1,10,2,14,,44,,1,22,,121.5678765,25.06523925
112,8,9,21,29,2,06松山區,松山區塔悠路與撫遠街389巷口,0,0,2,3,H02,8,5,5,50,4,1,1,5,4,5,13,2,1,3,4,4,2,17,2,18,2,9,6,5,7,20,8,20,10,16,,67,,1,22,,121.5678765,25.06523925
112,8,9,21,42,2,04大安區,大安區信義路4段184號前,0,0,1,1,F01,8,5,5,0,14,20,2,5,4,5,13,4,4,10,5,5,2,12,2,48,2,9,4,1,7,9,8,20,1,14,,17,,1,21,,121.5512487,25.033079
112,8,9,21,42,2,04大安區,大安區信義路4段184號前,0,0,1,2,F01,8,5,5,0,14,20,2,5,4,5,13,4,4,10,5,5,2,12,1,12,3,10,4,1,7,9,8,20,1,14,,17,,1,21,,121.5512487,25.033079
112,8,9,21,56,2,01大同區,大同區鄭州路與西寧北路口,0,0,1,2,C03,8,5,5,40,4,1,1,5,4,5,13,2,1,1,2,5,2,17,2,28,2,8,5,1,7,5,1,10,1,13,,8,,1,21,,121.5082021,25.0506052
112,8,9,21,56,2,01大同區,大同區鄭州路與西寧北路口,0,0,1,1,B03,8,5,5,40,4,1,1,5,4,5,13,2,1,1,2,5,2,17,2,40,3,10,7,1,7,6,1,8,1,5,,44,,1,21,,121.5082021,25.0506052
112,8,9,22,28,2,08士林區,士林區忠誠路2段與忠誠路2段154巷口,0,0,1,3,B03,8,5,5,50,3,1,1,5,4,5,13,2,1,1,4,4,2,17,1,22,3,10,7,1,7,9,1,8,2,1,,44,,1,21,,121.5329883,25.11486133
112,8,9,22,28,2,08士林區,士林區忠誠路2段與忠誠路2段154巷口,0,0,1,1,B03,8,5,5,50,3,1,1,5,4,5,13,2,1,1,4,4,2,17,1,45,3,10,7,1,7,9,1,8,2,8,,35,,1,21,,121.5329883,25.11486133
112,8,9,22,28,2,08士林區,士林區忠誠路2段與忠誠路2段154巷口,0,0,1,2,F01,8,5,5,50,3,1,1,5,4,5,13,2,1,1,4,4,2,17,1,79,2,9,4,1,7,9,8,20,9,12,,44,,1,21,,121.5329883,25.11486133
112,8,9,22,43,2,12內湖區,內湖區堤頂大道2段與瑞光路316巷口口,0,0,1,2,C03,8,5,5,50,3,1,1,5,4,5,13,4,4,3,4,5,2,17,2,50,2,9,6,1,7,9,1,10,2,11,,44,,1,21,,121.5721306,25.07509155
112,8,9,22,43,2,12內湖區,內湖區堤頂大道2段與瑞光路316巷口口,0,0,1,1,B03,8,5,5,50,3,1,1,5,4,5,13,4,4,3,4,5,2,17,1,47,3,10,7,1,7,6,1,8,2,6,,9,,1,21,,121.5721306,25.07509155
112,8,9,22,50,2,03中山區,中山區中原街與新生北路2段137巷口口,0,0,2,2,C03,7,5,5,30,4,1,1,5,4,5,13,4,4,9,4,5,2,15,1,38,2,9,3,4,7,9,1,10,1,14,,44,,1,21,,121.5289783,25.0612427
112,8,9,22,50,2,03中山區,中山區中原街與新生北路2段137巷口口,0,0,2,1,C03,7,5,5,30,4,1,1,5,4,5,13,4,4,9,4,5,2,15,2,22,2,9,3,4,7,9,1,10,1,11,,72,,1,21,,121.5289783,25.0612427
112,8,9,23,8,2,08士林區,士林區士東路266巷5弄與德行東路331巷口口,0,0,1,1,B01,8,5,5,30,4,1,1,5,4,5,13,4,4,9,5,5,2,16,1,44,3,10,7,1,7,5,1,4,1,7,,72,,1,21,,121.5374123,25.11241003
112,8,9,23,8,2,08士林區,士林區士東路266巷5弄與德行東路331巷口口,0,0,1,2,C03,8,5,5,30,4,1,1,5,4,5,13,4,4,9,5,5,2,16,1,25,2,1,6,2,7,9,1,10,1,11,,108,,1,21,,121.5374123,25.11241003
112,8,9,23,15,2,08士林區,士林區基河路與小西街口口,0,0,2,1,B03,8,5,5,50,4,1,1,5,4,5,13,2,1,5,4,5,1,16,1,20,3,10,7,1,7,11,1,8,1,5,,10,,1,21,,121.5233529,25.0889185
112,8,9,23,15,2,08士林區,士林區基河路與小西街口口,0,0,2,2,C03,8,5,5,50,4,1,1,5,4,5,13,2,1,5,4,5,1,16,1,23,2,9,6,1,7,9,1,10,1,11,,44,,1,21,,121.5233529,25.0889185
112,8,9,23,15,2,08士林區,士林區基河路與小西街口口,0,0,2,3,C03,8,5,5,50,4,1,1,5,4,5,13,2,1,5,4,5,1,16,2,23,2,9,5,1,7,21,7,19,1,11,,44,,1,21,,121.5233529,25.0889185
112,8,9,23,50,2,06松山區,松山區富錦街與富錦街107巷口,0,0,1,2,C03,8,5,5,30,3,1,1,5,4,5,13,4,4,5,4,5,2,17,1,32,2,9,6,4,7,9,1,10,1,17,,13,,1,22,,121.5531764,25.05995735
112,8,9,23,50,2,06松山區,松山區富錦街與富錦街107巷口,0,0,1,1,F01,8,5,5,30,3,1,1,5,4,5,13,4,4,5,4,5,2,17,1,52,3,10,4,4,7,11,8,20,1,17,,72,,1,22,,121.5531764,25.05995735
112,8,10,4,49,2,02萬華區,萬華區忠孝橋與西寧南路口,0,0,1,1,C03,8,5,5,50,4,4,1,5,4,5,13,1,1,1,2,5,2,17,1,72,3,10,5,4,7,5,1,10,1,14,,108,,1,21,,121.507415,25.04854756
112,8,10,4,49,2,02萬華區,萬華區忠孝橋與西寧南路口,0,0,1,2,C03,8,5,5,50,4,4,1,5,4,5,13,1,1,1,2,5,2,17,2,50,2,1,5,4,7,15,1,10,1,12,,44,,1,21,,121.507415,25.04854756
112,8,10,6,4,2,12內湖區,內湖區康寧路3段16巷119號,0,0,1,2,C03,8,5,5,30,14,9,1,5,4,5,13,4,4,10,5,5,2,17,2,31,2,9,6,1,7,9,1,10,2,15,,44,,1,21,,121.6097457,25.07107984
112,8,10,6,4,2,12內湖區,內湖區康寧路3段16巷119號,0,0,1,1,C03,8,5,5,30,14,9,1,5,4,5,13,4,4,10,5,5,2,17,2,20,3,10,6,1,7,7,1,10,2,15,,100,,1,21,,121.6097457,25.07107984
112,8,10,7,10,2,07信義區,信義區信義路5段180號,0,0,1,2,C03,8,7,5,50,14,9,1,5,4,5,13,2,1,9,4,5,2,13,1,25,2,9,5,1,7,14,1,10,1,13,,118,,1,21,,121.5743532,25.0333157
112,8,10,7,10,2,07信義區,信義區信義路5段180號,0,0,1,1,A02,8,7,5,50,14,9,1,5,4,5,13,2,1,9,4,5,2,13,1,62,3,10,7,1,7,9,1,2,1,1,,118,,1,21,,121.5743532,25.0333157
112,8,10,7,18,2,11南港區,南港區東新街170巷33號,0,0,2,1,B03,8,7,5,50,14,9,1,5,4,5,13,4,4,9,4,5,2,3,1,78,3,10,7,1,7,2,1,8,1,3,,12,,1,21,,121.5929806,25.0407288
112,8,10,7,18,2,11南港區,南港區東新街170巷33號,0,0,2,2,H01,8,7,5,50,14,9,1,5,4,5,13,4,4,9,4,5,2,3,1,81,2,9,4,5,8,16,8,20,10,16,,53,,1,21,,121.5929806,25.0407288
112,8,10,7,18,2,11南港區,南港區東新街170巷33號,0,0,2,3,H01,8,7,5,50,14,9,1,5,4,5,13,4,4,9,4,5,2,3,2,75,2,9,4,5,8,16,8,20,10,16,,53,,1,21,,121.5929806,25.0407288
112,8,10,7,50,2,06松山區,松山區民生東路3段140巷11號,0,0,1,1,,7,7,5,30,14,24,1,5,4,5,13,4,4,10,5,5,2,9,1,46,3,10,7,1,7,2,1,4,1,3,,12,,1,26,,121.5467251,25.0562922
112,8,10,7,50,2,06松山區,松山區民生東路3段140巷11號,0,0,1,2,H01,7,7,5,30,14,24,1,5,4,5,13,4,4,10,5,5,2,9,1,92,2,9,4,5,8,16,8,20,10,16,,67,,1,22,,121.5467251,25.0562922
112,8,10,7,59,2,12內湖區,內湖區彩虹河濱公園停車場出入口,0,0,1,1,B03,8,5,5,30,14,9,1,5,4,5,13,4,4,9,4,5,2,16,1,47,3,10,7,1,7,8,1,8,1,2,,100,,1,21,,121.5727474,25.05900004
112,8,10,7,59,2,12內湖區,內湖區彩虹河濱公園停車場出入口,0,0,1,2,C03,8,5,5,30,14,9,1,5,4,5,13,4,4,9,4,5,2,16,1,21,2,9,5,1,7,9,1,10,1,13,,44,,1,21,,121.5727474,25.05900004
112,8,10,8,25,2,08士林區,士林區至誠路1段與雨聲街口,0,0,2,1,F01,8,6,5,50,3,1,1,5,4,5,13,2,1,5,5,5,1,16,2,24,2,9,4,1,7,11,8,20,1,14,,33,,1,21,,121.5336367,25.10126422
112,8,10,8,25,2,08士林區,士林區至誠路1段與雨聲街口,0,0,2,2,C03,8,6,5,50,3,1,1,5,4,5,13,2,1,5,5,5,1,16,1,29,2,8,6,1,7,6,1,10,1,11,,9,,1,21,,121.5336367,25.10126422
112,8,10,8,47,2,07信義區,信義區和平東路3段391巷與和平東路3段435巷口,0,0,2,2,C03,8,7,5,30,4,2,2,5,4,5,13,4,4,5,5,5,2,15,1,26,2,8,5,1,7,9,1,10,1,11,,108,,1,22,,121.5595139,25.0208587
112,8,10,8,47,2,07信義區,信義區和平東路3段391巷與和平東路3段435巷口,0,0,2,1,C03,8,7,5,30,4,2,2,5,4,5,13,4,4,5,5,5,2,15,2,51,2,8,6,4,7,5,1,10,1,11,,74,,1,22,,121.5595139,25.0208587
112,8,10,9,4,2,04大安區,大安區和平東路2段107巷與瑞安街149巷口,0,0,1,1,B01,8,7,5,30,4,1,1,5,4,5,13,4,4,5,4,5,2,15,1,54,3,10,7,1,7,1,1,4,1,5,,19,,1,21,,121.5404482,25.0263474
112,8,10,9,4,2,04大安區,大安區和平東路2段107巷與瑞安街149巷口,0,0,1,2,C03,8,7,5,30,4,1,1,5,4,5,13,4,4,5,4,5,2,15,1,24,2,5,6,1,7,9,1,10,1,14,,14,,1,21,,121.5404482,25.0263474
112,8,10,9,9,2,05中正區,中正區重慶南路3段139號,0,0,1,4,C03,8,7,5,50,14,9,1,5,4,5,13,4,4,1,4,5,2,12,4,0,,,,,,,,,11,,,119,,2,,,121.5169383,25.023344
112,8,10,9,9,2,05中正區,中正區重慶南路3段139號,0,0,1,1,C03,8,7,5,50,14,9,1,5,4,5,13,4,4,1,4,5,2,12,4,0,,,,,,,,,11,,,119,,2,,,121.5169383,25.023344
112,8,10,9,9,2,05中正區,中正區重慶南路3段139號,0,0,1,2,C03,8,7,5,50,14,9,1,5,4,5,13,4,4,1,4,5,2,12,2,36,2,9,3,4,7,9,1,10,9,11,,44,,1,21,,121.5169383,25.023344
112,8,10,9,9,2,05中正區,中正區重慶南路3段139號,0,0,1,3,C03,8,7,5,50,14,9,1,5,4,5,13,4,4,1,4,5,2,12,4,0,,,,,,,,,11,,,119,,2,,,121.5169383,25.023344
112,8,10,9,16,2,01大同區,大同區民權西路與民權西路94巷口,0,0,2,5,C03,8,7,5,50,3,2,1,5,4,5,13,4,4,1,4,4,2,13,2,52,2,8,6,1,7,9,1,10,1,11,,16,,1,22,,121.5187997,25.0628001
112,8,10,9,16,2,01大同區,大同區民權西路與民權西路94巷口,0,0,2,6,C03,8,7,5,50,3,2,1,5,4,5,13,4,4,1,4,4,2,13,1,43,3,10,6,1,7,15,1,10,9,17,,44,,1,22,,121.5187997,25.0628001
112,8,10,9,16,2,01大同區,大同區民權西路與民權西路94巷口,0,0,2,3,C03,8,7,5,50,3,2,1,5,4,5,13,4,4,1,4,4,2,13,1,44,2,8,6,1,7,9,1,10,1,11,,16,,1,22,,121.5187997,25.0628001
112,8,10,9,16,2,01大同區,大同區民權西路與民權西路94巷口,0,0,2,1,C03,8,7,5,50,3,2,1,5,4,5,13,4,4,1,4,4,2,13,2,62,4,11,3,4,7,12,7,19,11,17,,14,,2,22,,121.5187997,25.0628001
112,8,10,9,16,2,01大同區,大同區民權西路與民權西路94巷口,0,0,2,2,C03,8,7,5,50,3,2,1,5,4,5,13,4,4,1,4,4,2,13,1,19,3,10,6,1,7,9,1,10,1,13,,44,,1,22,,121.5187997,25.0628001
112,8,10,9,16,2,01大同區,大同區民權西路與民權西路94巷口,0,0,2,4,C03,8,7,5,50,3,2,1,5,4,5,13,4,4,1,4,4,2,13,1,25,3,10,6,1,7,9,1,9,1,11,,16,,1,22,,121.5187997,25.0628001
112,8,10,9,16,2,03中山區,中山區基湖路157巷與基湖路151巷46弄口,0,0,1,1,B03,8,7,5,30,4,1,1,5,4,5,13,4,4,10,5,5,2,15,1,37,3,10,7,1,7,9,1,8,2,1,,72,,1,22,,121.5649453,25.0771005
112,8,10,9,16,2,03中山區,中山區基湖路157巷與基湖路151巷46弄口,0,0,1,3,B03,8,7,5,30,4,1,1,5,4,5,13,4,4,10,5,5,2,15,1,60,3,10,2,1,7,13,1,8,2,8,,38,,1,22,,121.5649453,25.0771005
112,8,10,9,16,2,03中山區,中山區基湖路157巷與基湖路151巷46弄口,0,0,1,2,C03,8,7,5,30,4,1,1,5,4,5,13,4,4,10,5,5,2,15,1,26,2,9,5,1,7,9,1,8,2,12,,14,,1,22,,121.5649453,25.0771005
112,8,10,9,16,2,08士林區,士林區承德路5段與士商路口,0,0,1,1,B03,8,6,5,50,5,2,1,5,4,5,13,1,1,1,4,4,2,17,2,41,3,10,7,1,7,6,1,8,1,5,,9,,1,21,,121.5141413,25.09610125
112,8,10,9,16,2,08士林區,士林區承德路5段與士商路口,0,0,1,2,C03,8,6,5,50,5,2,1,5,4,5,13,1,1,1,4,4,2,17,1,55,2,9,5,1,7,9,1,10,1,11,,30,,1,21,,121.5141413,25.09610125
112,8,10,9,24,2,08士林區,士林區天母北路87巷與天母北路口,0,0,2,1,B03,8,6,5,50,5,1,1,5,4,5,13,2,1,5,5,5,1,17,2,34,3,10,7,1,7,6,1,8,1,2,,9,,1,21,,121.5268896,25.121761
112,8,10,9,24,2,08士林區,士林區天母北路87巷與天母北路口,0,0,2,2,C03,8,6,5,50,5,1,1,5,4,5,13,2,1,5,5,5,1,17,1,71,2,9,6,1,7,9,1,10,1,14,,44,,1,21,,121.5268896,25.121761
112,8,10,9,24,2,08士林區,士林區天母北路87巷與天母北路口,0,0,2,3,H02,8,6,5,50,5,1,1,5,4,5,13,2,1,5,5,5,1,17,2,72,2,9,5,5,7,20,8,20,10,16,,67,,1,21,,121.5268896,25.121761
112,8,10,9,25,2,03中山區,中山區天津街與長安東路1段口,0,0,1,2,H01,7,7,5,50,4,2,1,5,4,5,13,4,4,5,5,5,2,1,1,29,2,7,4,5,8,16,8,20,10,16,,67,,1,22,,121.5227905,25.0494014
112,8,10,9,25,2,03中山區,中山區天津街與長安東路1段口,0,0,1,1,C03,7,7,5,50,4,2,1,5,4,5,13,4,4,5,5,5,2,1,1,42,3,10,5,1,7,9,1,10,9,14,,4,,2,22,,121.5227905,25.0494014
112,8,10,9,31,2,03中山區,中山區林森北路與錦州街口,0,0,1,1,C03,8,6,5,50,4,2,1,5,4,5,13,2,1,5,4,5,2,17,1,39,3,10,3,4,7,11,1,10,1,12,,10,,1,22,,121.525544,25.0601776
112,8,10,9,31,2,03中山區,中山區林森北路與錦州街口,0,0,1,2,C03,8,6,5,50,4,2,1,5,4,5,13,2,1,5,4,5,2,17,2,28,2,9,3,4,7,9,1,10,1,11,,44,,1,22,,121.525544,25.0601776
112,8,10,9,50,2,12內湖區,內湖區內湖路1段與基湖路口,0,0,1,2,B02,8,7,5,50,4,4,1,5,4,5,13,2,1,1,4,5,2,13,1,61,3,10,3,4,7,9,1,8,1,1,,16,,1,21,,121.5652937,25.08241365
112,8,10,9,50,2,12內湖區,內湖區內湖路1段與基湖路口,0,0,1,3,B03,8,7,5,50,4,4,1,5,4,5,13,2,1,1,4,5,2,13,1,66,3,10,3,4,7,14,1,8,1,5,,44,,1,21,,121.5652937,25.08241365
112,8,10,9,50,2,12內湖區,內湖區內湖路1段與基湖路口,0,0,1,1,C03,8,7,5,50,4,4,1,5,4,5,13,2,1,1,4,5,2,13,1,44,2,8,6,1,7,6,1,10,1,13,,9,,1,21,,121.5652937,25.08241365
112,8,10,9,50,2,12內湖區,內湖區南京東路6段與新明路298巷口,0,0,1,1,B03,8,5,5,50,4,4,1,5,4,5,13,1,1,1,4,5,1,12,1,82,3,10,3,4,7,9,1,8,1,2,,81,,1,22,,121.5816926,25.05678781
112,8,10,9,50,2,12內湖區,內湖區南京東路6段與新明路298巷口,0,0,1,2,C03,8,5,5,50,4,4,1,5,4,5,13,1,1,1,4,5,1,12,2,40,2,8,3,4,7,14,1,10,1,17,,44,,1,22,,121.5816926,25.05678781
112,8,10,9,56,2,05中正區,中正區臨沂街與臨沂街14巷口,0,0,1,1,C03,8,6,5,30,4,1,1,5,4,5,13,4,4,10,5,5,2,15,1,28,2,7,5,1,7,9,1,10,2,12,,72,,1,22,,121.5302409,25.04115441
112,8,10,9,56,2,05中正區,中正區臨沂街與臨沂街14巷口,0,0,1,2,B01,8,6,5,30,4,1,1,5,4,5,13,4,4,10,5,5,2,15,1,67,3,10,7,1,7,9,1,4,2,1,,14,,1,22,,121.5302409,25.04115441
112,8,10,10,1,2,05中正區,中正區懷寧街與貴陽街1段口,0,0,1,4,C03,8,5,5,50,3,1,1,5,4,5,13,4,4,5,5,5,1,13,1,18,3,10,5,1,7,9,1,10,1,11,,44,,1,22,,121.5135406,25.0387149
112,8,10,10,1,2,05中正區,中正區懷寧街與貴陽街1段口,0,0,1,3,B03,8,5,5,50,3,1,1,5,4,5,13,4,4,5,5,5,1,13,1,72,3,10,7,1,7,9,1,8,1,8,,16,,1,22,,121.5135406,25.0387149
112,8,10,10,1,2,05中正區,中正區懷寧街與貴陽街1段口,0,0,1,2,B03,8,5,5,50,3,1,1,5,4,5,13,4,4,5,5,5,1,13,1,45,2,8,7,1,7,14,1,8,1,3,,44,,1,22,,121.5135406,25.0387149