發生年度,發生月,發生日,發生時-Hours,發生分,處理別-編號,區序,肇事地點,死亡人數,2-30日死亡人數,受傷人數,當事人序號,車種,天候,光線,道路類別,速限-速度限制,道路型態,事故位置,路面狀況1,路面狀況2,路面狀況3,道路障礙1,道路障礙2,號誌1,號誌2,車道劃分-分向,車道劃分-分道1,車道劃分-分道2,車道劃分-分道3,事故類型及型態,性別,年齡,受傷程度,主要傷處,保護裝置,行動電話,車輛用途,當事者行動狀態,駕駛資格情形,駕駛執照種類,飲酒情形,車輛撞擊部位1,車輛撞擊部位2,肇因碼-個別,肇因碼-主要,個人肇逃否,職業,旅次目的,座標-X,座標-Y
112,8,11,1,54,2,02萬華區,萬華區西藏路125巷與中華路2段416巷口,0,0,2,1,C03,8,5,5,50,4,1,1,5,4,5,13,3,1,9,5,5,2,15,1,28,2,9,5,1,7,9,6,10,1,11,,72,,1,21,,121.5031344,25.026823
112,8,11,4,49,2,04大安區,大安區基隆路2段166號,0,0,1,1,C03,8,7,5,50,14,9,1,5,4,5,13,4,4,1,4,5,1,18,1,25,2,9,6,4,7,9,1,10,6,11,,21,,1,21,,121.5554653,25.02716
112,8,11,4,49,2,04大安區,大安區基隆路2段166號,0,0,1,2,,8,7,5,50,14,9,1,5,4,5,13,4,4,1,4,5,1,18,3,0,,,,,,,,,10,,,67,,1,,,121.5554653,25.02716
112,8,11,7,1,2,09北投區,北投區尊賢街245巷與承德路7段口,0,0,2,3,H02,8,7,5,30,3,1,1,5,4,5,13,4,4,10,5,5,2,15,1,14,2,8,6,5,7,20,8,20,10,16,,67,,1,15,,121.5050849,25.1166155
112,8,11,7,1,2,09北投區,北投區尊賢街245巷與承德路7段口,0,0,2,2,F01,8,7,5,30,3,1,1,5,4,5,13,4,4,10,5,5,2,15,1,80,2,9,4,1,7,9,8,20,2,14,,42,,1,21,,121.5050849,25.1166155
112,8,11,7,1,2,09北投區,北投區尊賢街245巷與承德路7段口,0,0,2,1,C03,8,7,5,30,3,1,1,5,4,5,13,4,4,10,5,5,2,15,1,51,3,10,6,1,7,9,1,10,2,11,,80,,1,21,,121.5050849,25.1166155
112,8,11,7,10,2,09北投區,北投區大業路與大業路280巷口,0,0,1,1,B03,8,7,5,60,3,1,1,5,4,5,13,2,1,1,4,5,1,16,1,34,3,10,7,1,7,6,1,8,1,5,,9,,1,21,,121.498197,25.12720874
112,8,11,7,10,2,09北投區,北投區大業路與大業路280巷口,0,0,1,2,C03,8,7,5,60,3,1,1,5,4,5,13,2,1,1,4,5,1,16,1,32,2,8,5,1,7,9,3,18,1,14,,44,,1,21,,121.498197,25.12720874
112,8,11,7,28,2,11南港區,南港區研究院路1段與研究院路1段151巷口,0,0,4,4,H02,8,7,5,50,3,1,1,5,4,5,13,2,1,1,4,5,2,12,2,72,2,8,7,5,7,20,8,20,10,16,,67,,1,21,,121.6155947,25.0508477
112,8,11,7,28,2,11南港區,南港區研究院路1段與研究院路1段151巷口,0,0,4,3,H02,8,7,5,50,3,1,1,5,4,5,13,2,1,1,4,5,2,12,2,71,2,2,7,5,7,20,8,20,10,16,,67,,1,21,,121.6155947,25.0508477
112,8,11,7,28,2,11南港區,南港區研究院路1段與研究院路1段151巷口,0,0,4,2,B03,8,7,5,50,3,1,1,5,4,5,13,2,1,1,4,5,2,12,1,72,2,1,7,1,7,9,1,8,2,5,,44,,1,21,,121.6155947,25.0508477
112,8,11,7,28,2,11南港區,南港區研究院路1段與研究院路1段151巷口,0,0,4,1,B03,8,7,5,50,3,1,1,5,4,5,13,2,1,1,4,5,2,12,1,23,2,1,7,1,7,8,1,8,2,8,,100,,1,21,,121.6155947,25.0508477
112,8,11,7,45,2,08士林區,士林區中山北路5段與福林橋口,0,0,1,2,C03,8,6,5,30,5,2,1,5,4,5,13,1,1,1,4,5,1,12,1,25,2,7,6,1,7,7,1,10,2,14,,100,,1,22,,121.5272562,25.09757
112,8,11,7,45,2,08士林區,士林區中山北路5段與福林橋口,0,0,1,1,C03,8,6,5,30,5,2,1,5,4,5,13,1,1,1,4,5,1,12,1,42,3,10,6,1,7,9,1,10,2,14,,44,,1,22,,121.5272562,25.09757
112,8,11,7,45,2,12內湖區,內湖區文湖街21巷100弄7號,0,0,1,4,B03,8,5,5,30,11,9,1,5,4,5,13,4,4,10,5,5,2,17,3,0,4,11,3,4,7,21,7,19,11,17,,67,,1,21,,121.5609389,25.09056684
112,8,11,7,45,2,12內湖區,內湖區文湖街21巷100弄7號,0,0,1,1,B03,8,5,5,30,11,9,1,5,4,5,13,4,4,10,5,5,2,17,1,50,3,10,7,1,7,5,1,8,2,4,,8,,1,21,,121.5609389,25.09056684
112,8,11,7,45,2,12內湖區,內湖區文湖街21巷100弄7號,0,0,1,2,C03,8,5,5,30,11,9,1,5,4,5,13,4,4,10,5,5,2,17,2,55,2,9,6,1,7,5,1,10,2,14,,44,,1,21,,121.5609389,25.09056684
112,8,11,7,45,2,12內湖區,內湖區文湖街21巷100弄7號,0,0,1,3,B03,8,5,5,30,11,9,1,5,4,5,13,4,4,10,5,5,2,17,2,72,3,10,3,4,7,13,7,19,9,15,,38,,2,22,,121.5609389,25.09056684
112,8,11,7,59,2,08士林區,士林區延平北路7段與延平北路6段511巷口,0,0,1,2,B03,8,5,5,50,5,1,1,5,4,5,13,1,1,1,2,5,2,13,1,33,3,10,3,4,7,12,1,8,1,3,,44,,1,22,,121.4977575,25.0938724
112,8,11,7,59,2,08士林區,士林區延平北路7段與延平北路6段511巷口,0,0,1,1,C03,8,5,5,50,5,1,1,5,4,5,13,1,1,1,2,5,2,13,2,44,2,9,3,4,7,9,1,10,1,11,,99,,1,22,,121.4977575,25.0938724
112,8,11,8,6,2,05中正區,中正區中山北路1段與忠孝東路1段口,0,0,2,2,C03,8,6,5,50,4,2,1,5,4,5,13,1,1,5,4,1,2,13,1,40,2,9,6,1,7,9,1,10,2,11,,44,,1,21,,121.5199004,25.0459514
112,8,11,8,6,2,05中正區,中正區中山北路1段與忠孝東路1段口,0,0,2,1,C03,8,6,5,50,4,2,1,5,4,5,13,1,1,5,4,1,2,13,2,51,2,9,6,1,7,9,1,10,2,13,,16,,1,21,,121.5199004,25.0459514
112,8,11,8,22,2,07信義區,信義區大道路與忠孝東路5段790巷24弄口,0,0,2,1,C03,8,7,5,30,4,1,1,5,4,5,13,4,4,9,4,5,2,16,2,62,2,7,5,1,7,9,7,19,1,14,,72,,1,21,,121.5819231,25.041956
112,8,11,8,22,2,07信義區,信義區大道路與忠孝東路5段790巷24弄口,0,0,2,2,C04,8,7,5,30,4,1,1,5,4,5,13,4,4,9,4,5,2,16,2,32,2,9,6,1,7,9,1,8,1,11,,44,,1,21,,121.5819231,25.041956
112,8,11,8,25,2,01大同區,大同區大龍街與昌吉街口,0,0,1,1,C03,8,5,5,50,14,9,1,5,4,5,13,4,4,5,4,5,2,17,1,29,2,9,5,1,7,12,1,10,1,12,,118,,1,22,,121.5160525,25.0658987
112,8,11,8,25,2,01大同區,大同區大龍街與昌吉街口,0,0,1,2,C03,8,5,5,50,14,9,1,5,4,5,13,4,4,5,4,5,2,17,2,55,3,10,5,1,7,5,1,10,1,17,,118,,1,21,,121.5160525,25.0658987
112,8,11,8,25,2,01大同區,大同區大龍街與昌吉街口,0,0,1,3,C03,8,5,5,50,14,9,1,5,4,5,13,4,4,5,4,5,2,17,4,0,3,10,5,1,7,12,1,10,1,17,,119,,2,21,,121.5160525,25.0658987
112,8,11,8,40,2,12內湖區,內湖區內湖路1段635號前,0,0,1,1,B12,8,7,5,50,14,9,1,5,4,5,13,4,4,1,4,5,2,16,1,21,3,10,3,4,7,7,1,8,2,4,,100,,1,21,,121.5758829,25.07984497
112,8,11,8,40,2,12內湖區,內湖區內湖路1段635號前,0,0,1,2,C03,8,7,5,50,14,9,1,5,4,5,13,4,4,1,4,5,2,16,2,38,2,9,6,1,7,9,1,10,2,11,,44,,1,21,,121.5758829,25.07984497
112,8,11,8,42,2,02萬華區,萬華區西園路1段與廣州街口,0,0,2,2,C03,8,6,5,50,4,1,2,5,4,5,13,1,1,1,3,5,1,3,1,29,2,9,3,4,7,9,1,10,2,11,,70,,1,21,,121.4956315,25.0281127
112,8,11,8,42,2,02萬華區,萬華區西園路1段與廣州街口,0,0,2,1,H01,8,6,5,50,4,1,2,5,4,5,13,1,1,1,3,5,1,3,2,90,2,1,4,5,8,16,8,20,10,16,,122,,1,21,,121.4956315,25.0281127
112,8,11,8,51,2,11南港區,南港區松河街與中坡北路口,0,0,1,1,B03,8,7,5,30,3,1,1,5,4,5,12,4,4,1,2,5,2,17,1,55,3,10,3,4,7,5,1,8,2,17,,72,,1,21,,121.5801328,25.05216182
112,8,11,8,51,2,11南港區,南港區松河街與中坡北路口,0,0,1,2,C03,8,7,5,30,3,1,1,5,4,5,12,4,4,1,2,5,2,17,1,31,2,9,3,4,7,9,1,10,2,17,,44,,1,21,,121.5801328,25.05216182
112,8,11,8,57,2,07信義區,信義區松山路與松德路口,0,0,3,1,C03,8,5,5,30,4,2,1,5,4,5,13,2,1,1,4,4,2,12,1,40,2,9,3,4,7,9,1,10,1,14,,44,,1,21,,121.5777079,25.0395539
112,8,11,8,57,2,07信義區,信義區松山路與松德路口,0,0,3,2,C03,8,5,5,30,4,2,1,5,4,5,13,2,1,1,4,4,2,12,1,47,2,9,3,4,7,9,1,10,1,12,,107,,1,21,,121.5777079,25.0395539
112,8,11,8,57,2,07信義區,信義區松山路與松德路口,0,0,3,3,H02,8,5,5,30,4,2,1,5,4,5,13,2,1,1,4,4,2,12,2,36,2,9,3,5,7,20,8,20,10,16,,67,,1,21,,121.5777079,25.0395539
112,8,11,9,0,2,11南港區,南港區玉成街40-1號,0,0,2,2,C03,8,6,5,30,14,9,1,5,4,5,13,4,4,5,2,5,2,13,2,34,2,9,6,1,7,6,1,10,1,13,,44,,1,22,,121.5814686,25.04862862
112,8,11,9,0,2,11南港區,南港區玉成街40-1號,0,0,2,1,C03,8,6,5,30,14,9,1,5,4,5,13,4,4,5,2,5,2,13,1,33,2,9,6,1,7,9,1,10,1,14,,16,,1,22,,121.5814686,25.04862862
112,8,11,9,0,2,04大安區,大安區市民大道3段與八德路2段口,0,0,1,2,C03,8,5,5,40,4,1,1,5,4,5,13,1,1,8,3,1,1,16,1,31,2,9,5,1,7,9,1,10,1,14,,108,,1,22,,121.5337062,25.0447759
112,8,11,9,0,2,04大安區,大安區市民大道3段與八德路2段口,0,0,1,1,B03,8,5,5,40,4,1,1,5,4,5,13,1,1,8,3,1,1,16,1,45,3,10,7,1,7,6,1,8,1,2,,9,,1,22,,121.5337062,25.0447759
112,8,11,9,17,2,02萬華區,萬華區環河南路1段與康定路口,0,0,1,1,B03,8,7,5,50,3,1,1,5,4,5,13,2,1,5,4,5,2,17,1,54,3,10,7,1,7,6,1,8,1,2,,9,,1,21,,121.503235,25.04617134
112,8,11,9,17,2,02萬華區,萬華區環河南路1段與康定路口,0,0,1,2,C03,8,7,5,50,3,1,1,5,4,5,13,2,1,5,4,5,2,17,1,44,2,9,5,1,7,9,1,10,1,11,,108,,1,21,,121.503235,25.04617134
112,8,11,9,25,2,03中山區,中山區濱江街213號,0,0,1,2,C03,8,6,5,50,14,9,1,5,4,5,13,4,4,10,5,5,2,13,1,26,3,10,3,4,7,7,1,10,1,12,,100,,1,21,,121.5404786,25.0726044
112,8,11,9,25,2,03中山區,中山區濱江街213號,0,0,1,1,C04,8,6,5,50,14,9,1,5,4,5,13,4,4,10,5,5,2,13,1,35,2,9,3,4,7,9,1,10,1,11,,44,,1,21,,121.5404786,25.0726044
112,8,11,9,32,2,02萬華區,萬華區和平西路3段302巷與和平西路3段口,0,0,2,2,C03,8,5,5,50,3,1,1,5,4,5,13,4,4,10,5,5,2,17,2,22,2,8,5,4,7,5,1,10,1,13,,44,,1,22,,121.4932031,25.03535022
112,8,11,9,32,2,02萬華區,萬華區和平西路3段302巷與和平西路3段口,0,0,2,1,C03,8,5,5,50,3,1,1,5,4,5,13,4,4,10,5,5,2,17,1,26,2,8,5,4,7,9,1,10,1,11,,16,,1,22,,121.4932031,25.03535022
112,8,11,9,55,2,08士林區,士林區福林路254巷與無名巷口,0,0,1,2,C03,8,7,5,40,3,1,1,5,4,5,13,4,4,10,5,5,2,17,1,61,2,9,3,4,7,9,1,10,1,14,,108,,1,21,,121.535876,25.09796362
112,8,11,9,55,2,08士林區,士林區福林路254巷與無名巷口,0,0,1,1,B03,8,7,5,40,3,1,1,5,4,5,13,4,4,10,5,5,2,17,2,32,3,10,3,4,7,6,1,8,1,2,,9,,1,22,,121.535876,25.09796362
112,8,11,10,29,2,06松山區,松山區麥帥一橋往松山方向機慢車道第98燈桿,0,0,2,1,C03,8,5,5,40,8,11,1,5,4,5,13,4,4,4,3,5,1,16,1,20,2,9,3,1,7,4,1,10,1,14,,118,,1,22,,121.5713531,25.0519454
112,8,11,10,29,2,06松山區,松山區麥帥一橋往松山方向機慢車道第98燈桿,0,0,2,2,C03,8,5,5,40,8,11,1,5,4,5,13,4,4,4,3,5,1,16,1,61,2,9,3,1,7,4,1,10,1,12,,118,,1,22,,121.5713531,25.0519454
112,8,11,10,47,2,08士林區,士林區延平北路6段與延平北路6段155巷口,0,0,1,2,C03,8,5,5,50,3,2,1,5,4,5,13,4,4,5,5,5,1,11,2,33,2,9,5,1,7,9,1,10,2,11,,44,,1,22,,121.5074254,25.08941217
112,8,11,10,47,2,08士林區,士林區延平北路6段與延平北路6段155巷口,0,0,1,1,B03,8,5,5,50,3,2,1,5,4,5,13,4,4,5,5,5,1,11,1,64,3,10,7,1,7,11,1,4,2,6,,10,,1,22,,121.5074254,25.08941217
112,8,11,10,50,2,05中正區,中正區貴陽街1段與重慶南路1段口,0,0,1,1,C03,8,6,5,50,4,2,1,5,4,5,13,2,1,5,3,5,2,12,2,39,3,10,5,1,7,12,1,10,9,14,,108,,1,22,,121.51282,25.03876388
112,8,11,10,50,2,05中正區,中正區貴陽街1段與重慶南路1段口,0,0,1,2,C03,8,6,5,50,4,2,1,5,4,5,13,2,1,5,3,5,2,12,2,50,2,9,5,1,7,14,1,10,9,12,,44,,1,22,,121.51282,25.03876388
112,8,11,11,0,2,03中山區,中山區復興北路428號,0,0,1,1,B03,7,7,5,50,14,9,1,5,4,5,13,4,4,1,4,5,2,12,1,80,3,10,7,1,7,9,1,8,9,2,,17,,1,22,,121.5441477,25.063199
112,8,11,11,0,2,03中山區,中山區復興北路428號,0,0,1,2,C03,7,7,5,50,14,9,1,5,4,5,13,4,4,1,4,5,2,12,1,66,2,9,5,1,7,9,1,10,9,14,,17,,1,22,,121.5441477,25.063199
112,8,11,11,50,2,03中山區,中山區新生北路2段30號,0,0,1,1,B03,8,5,5,50,14,9,1,5,4,5,13,4,4,1,3,5,1,17,1,42,3,10,3,4,7,7,1,8,9,17,,100,,1,22,,121.5273018,25.05396513
112,8,11,11,50,2,03中山區,中山區新生北路2段30號,0,0,1,2,C03,8,5,5,50,14,9,1,5,4,5,13,4,4,1,3,5,1,17,1,22,2,9,6,1,7,9,1,10,1,12,,44,,1,21,,121.5273018,25.05396513
112,8,11,11,59,2,11南港區,南港區三重路238燈桿對面,0,0,1,1,C03,7,7,8,50,22,22,1,5,4,5,12,4,4,3,4,5,2,17,2,27,2,9,3,4,7,7,1,10,2,13,,100,,1,21,,121.6124342,25.06239322
112,8,11,11,59,2,11南港區,南港區三重路238燈桿對面,0,0,1,2,B03,7,7,8,50,22,22,1,5,4,5,12,4,4,3,4,5,2,17,1,30,3,10,3,4,7,15,1,8,2,5,,44,,1,21,,121.6124342,25.06239322
112,8,11,12,5,2,01大同區,大同區承德路3段與民族西路口,0,0,1,2,C03,8,5,5,50,4,2,1,5,4,5,13,1,1,5,4,5,2,16,2,23,2,9,5,1,7,9,1,10,2,14,,44,,1,21,,121.5184725,25.0685374
112,8,11,12,5,2,01大同區,大同區承德路3段與民族西路口,0,0,1,1,B02,8,5,5,50,4,2,1,5,4,5,13,1,1,5,4,5,2,16,2,38,3,10,7,1,7,11,1,8,2,1,,10,,1,22,,121.5184725,25.0685374
112,8,11,12,10,2,01大同區,大同區涼州街與重慶北路2段口,0,0,1,2,H01,8,6,5,50,5,18,1,5,4,5,13,1,1,5,5,5,2,3,2,46,2,9,4,5,8,16,8,20,10,16,,67,,1,21,,121.5134554,25.06068408
112,8,11,12,10,2,01大同區,大同區涼州街與重慶北路2段口,0,0,1,1,B03,8,6,5,50,5,18,1,5,4,5,13,1,1,5,5,5,2,3,1,43,3,10,7,1,7,6,1,8,2,1,,70,,1,21,,121.5134554,25.06068408
112,8,11,12,22,2,01大同區,大同區鄭州路與太原路口,0,0,1,1,B03,6,6,5,50,3,2,1,4,4,5,13,3,1,5,5,5,1,17,1,63,3,10,7,1,7,14,1,8,1,2,,40,,1,21,,121.514876,25.0492146
112,8,11,12,22,2,01大同區,大同區鄭州路與太原路口,0,0,1,3,H02,6,6,5,50,3,2,1,4,4,5,13,3,1,5,5,5,1,17,1,10,3,10,4,5,7,19,8,20,10,16,,126,,1,21,,121.514876,25.0492146
112,8,11,12,22,2,01大同區,大同區鄭州路與太原路口,0,0,1,2,C03,6,6,5,50,3,2,1,4,4,5,13,3,1,5,5,5,1,17,1,50,2,8,5,1,7,9,1,10,1,14,,44,,1,21,,121.514876,25.0492146
112,8,11,13,3,2,04大安區,大安區市民大道4段與光復南路口,0,0,1,2,B03,6,7,5,40,14,9,1,4,4,5,13,4,4,8,3,5,1,12,2,51,3,10,7,1,7,1,1,8,1,8,,44,,1,21,,121.5576327,25.04489672
112,8,11,13,3,2,04大安區,大安區市民大道4段與光復南路口,0,0,1,1,C03,6,7,5,40,14,9,1,4,4,5,13,4,4,8,3,5,1,12,2,59,2,8,5,1,7,7,1,10,1,12,,100,,1,21,,121.5576327,25.04489672
112,8,11,13,31,2,06松山區,松山區新東街與新東街15巷口,0,0,1,3,B03,6,5,5,30,3,1,1,4,4,3,10,4,4,9,4,5,2,15,1,28,3,10,7,1,7,14,1,8,1,17,,38,,1,21,,121.5659824,25.05858885
112,8,11,13,31,2,06松山區,松山區新東街與新東街15巷口,0,0,1,1,B03,6,5,5,30,3,1,1,4,4,3,10,4,4,9,4,5,2,15,1,26,3,10,7,1,7,9,1,8,1,17,,72,,1,21,,121.5659824,25.05858885
112,8,11,13,31,2,06松山區,松山區新東街與新東街15巷口,0,0,1,2,C03,6,5,5,30,3,1,1,4,4,3,10,4,4,9,4,5,2,15,2,43,2,9,5,1,7,9,1,10,1,12,,42,,1,21,,121.5659824,25.05858885
112,8,11,13,37,2,09北投區,北投區明德路與明德路188巷口,0,0,1,1,B03,6,6,5,30,4,1,1,4,4,5,13,4,4,5,5,5,2,16,1,54,3,10,7,1,7,5,1,8,1,8,,72,,1,21,,121.5213791,25.1116297
112,8,11,13,37,2,09北投區,北投區明德路與明德路188巷口,0,0,1,2,C03,6,6,5,30,4,1,1,4,4,5,13,4,4,5,5,5,2,16,1,18,2,9,5,1,7,9,1,10,1,11,,13,,1,21,,121.5213791,25.1116297
112,8,11,13,38,2,04大安區,大安區光復南路240巷與無名巷口,0,0,1,1,B01,6,6,5,30,3,2,1,4,4,5,13,4,4,10,5,5,2,9,1,59,3,10,7,1,7,9,1,2,2,1,,108,,1,21,,121.5564345,25.04074503
112,8,11,13,38,2,04大安區,大安區光復南路240巷與無名巷口,0,0,1,2,H01,6,6,5,30,3,2,1,4,4,5,13,4,4,10,5,5,2,9,2,45,2,8,4,5,8,16,8,20,10,16,,121,,1,21,,121.5564345,25.04074503
112,8,11,14,3,2,04大安區,大安區光復南路290巷與延吉街口廢鐵道口,0,0,1,1,C03,7,6,5,20,4,2,4,5,4,5,13,4,4,5,5,5,1,15,1,32,2,9,6,1,7,9,1,10,1,11,,72,,1,21,,121.5567292,25.03932163
112,8,11,14,3,2,04大安區,大安區光復南路290巷與延吉街口廢鐵道口,0,0,1,2,B03,7,6,5,20,4,2,4,5,4,5,13,4,4,5,5,5,1,15,1,26,3,10,7,1,7,9,1,8,1,1,,14,,1,21,,121.5567292,25.03932163
112,8,11,14,5,2,05中正區,中正區忠孝西路1段72號對面,0,0,1,1,B03,6,6,5,50,14,9,1,4,4,5,13,4,4,3,2,5,2,13,1,50,3,10,7,1,7,9,1,8,1,1,,16,,1,22,,121.5145849,25.04700067
112,8,11,14,5,2,05中正區,中正區忠孝西路1段72號對面,0,0,1,2,B01,6,6,5,50,14,9,1,4,4,5,13,4,4,3,2,5,2,13,1,54,2,2,7,1,7,9,1,4,1,3,1,44,,1,22,,121.5145849,25.04700067
112,8,11,14,5,2,05中正區,中正區忠孝西路1段72號對面,0,0,1,3,B03,6,6,5,50,14,9,1,4,4,5,13,4,4,3,2,5,2,13,1,43,3,10,7,1,7,15,1,8,1,3,,118,,1,22,,121.5145849,25.04700067
112,8,11,14,17,2,04大安區,大安區忠孝東路4段216巷與敦化南路1段233巷口,0,0,1,2,C03,6,5,5,30,4,1,1,4,4,5,13,4,4,8,3,5,1,17,1,54,2,9,5,1,7,9,1,10,1,17,,14,,1,21,,121.5529258,25.0403516
112,8,11,14,17,2,04大安區,大安區忠孝東路4段216巷與敦化南路1段233巷口,0,0,1,1,B03,6,5,5,30,4,1,1,4,4,5,13,4,4,8,3,5,1,17,1,44,3,10,7,1,7,9,1,8,1,17,,72,,1,21,,121.5529258,25.0403516
112,8,11,14,19,2,03中山區,中山區中山北路3段往南、水晶橋前,0,0,2,1,C03,7,5,5,50,14,9,1,5,4,5,13,1,1,1,3,5,1,13,1,66,2,9,6,4,7,9,1,10,1,15,,108,,1,21,,121.5234147,25.07096416
112,8,11,14,19,2,03中山區,中山區中山北路3段往南、水晶橋前,0,0,2,2,C03,7,5,5,50,14,9,1,5,4,5,13,1,1,1,3,5,1,13,1,18,2,8,6,4,7,14,1,10,1,13,,44,,1,21,,121.5234147,25.07096416
112,8,11,14,34,2,07信義區,信義區信安街67巷(景勤二號公園公車站牌旁),0,0,2,1,C03,6,6,5,50,14,7,1,4,4,5,13,4,4,9,5,4,2,13,2,47,2,5,5,1,7,9,1,10,1,11,,16,,1,21,,121.5579848,25.0259783
112,8,11,14,34,2,07信義區,信義區信安街67巷(景勤二號公園公車站牌旁),0,0,2,3,H02,6,6,5,50,14,7,1,4,4,5,13,4,4,9,5,4,2,13,2,9,2,7,5,5,7,20,8,20,10,16,,67,,1,21,,121.5579848,25.0259783
112,8,11,14,34,2,07信義區,信義區信安街67巷(景勤二號公園公車站牌旁),0,0,2,2,B01,6,6,5,50,14,7,1,4,4,5,13,4,4,9,5,4,2,13,1,61,3,10,7,1,7,8,1,1,1,3,,100,,1,21,,121.5579848,25.0259783
112,8,11,14,38,2,12內湖區,內湖區內湖路1段與港墘路口,0,0,1,1,B03,6,6,5,50,18,9,1,4,4,5,13,4,4,1,3,5,2,16,1,29,3,10,7,1,7,6,1,8,2,5,,9,,1,21,,121.5763559,25.07950771
112,8,11,14,38,2,12內湖區,內湖區內湖路1段與港墘路口,0,0,1,2,C03,6,6,5,50,18,9,1,4,4,5,13,4,4,1,3,5,2,16,2,66,2,2,5,1,7,9,1,10,2,14,,44,,1,21,,121.5763559,25.07950771
112,8,11,16,3,2,06松山區,松山區八德路4段與八德路4段36巷口,0,0,1,1,C02,6,6,5,50,3,2,1,4,4,5,13,4,4,5,4,5,2,17,1,41,3,10,6,1,7,6,1,9,1,12,,9,,1,21,,121.5590284,25.0482641
112,8,11,16,3,2,06松山區,松山區八德路4段與八德路4段36巷口,0,0,1,2,C03,6,6,5,50,3,2,1,4,4,5,13,4,4,5,4,5,2,17,2,19,2,8,6,1,7,9,1,10,1,11,,44,,1,21,,121.5590284,25.0482641
112,8,11,16,3,2,06松山區,松山區八德路4段與八德路4段36巷口,0,0,1,3,B03,6,6,5,50,3,2,1,4,4,5,13,4,4,5,4,5,2,17,1,44,3,10,7,1,7,14,1,8,9,17,,38,,1,21,,121.5590284,25.0482641
112,8,11,16,14,2,11南港區,南港區三重路69號,0,0,1,2,C03,6,7,5,50,14,9,1,4,4,5,13,4,4,1,4,5,2,12,1,56,2,7,5,1,7,7,1,10,2,13,,100,,1,21,,121.6138762,25.0609238
112,8,11,16,14,2,11南港區,南港區三重路69號,0,0,1,1,B01,6,7,5,50,14,9,1,4,4,5,13,4,4,1,4,5,2,12,1,57,3,10,7,1,7,9,1,4,2,8,,44,,1,21,,121.6138762,25.0609238
112,8,11,16,20,2,01大同區,大同區大龍街與昌吉街口,0,0,1,1,H01,6,6,5,0,4,1,1,4,4,5,13,2,1,8,3,5,2,3,1,64,2,9,4,5,8,16,8,20,10,16,,122,,1,21,,121.516029,25.06598991
112,8,11,16,20,2,01大同區,大同區大龍街與昌吉街口,0,0,1,2,C03,6,6,5,0,4,1,1,4,4,5,13,2,1,8,3,5,2,3,1,32,3,10,6,1,7,9,1,10,1,11,,70,,1,21,,121.516029,25.06598991
112,8,11,16,20,2,04大安區,大安區忠孝東路4段216巷與仁愛路4段345巷4弄口,0,0,1,1,B01,6,5,5,30,4,1,1,4,4,5,13,4,4,9,4,5,2,17,1,42,3,10,3,4,7,5,1,4,1,8,,74,,1,22,,121.5529046,25.0389588
112,8,11,16,20,2,04大安區,大安區忠孝東路4段216巷與仁愛路4段345巷4弄口,0,0,1,2,C03,6,5,5,30,4,1,1,4,4,5,13,4,4,9,4,5,2,17,1,22,2,7,3,4,7,9,1,10,1,14,,14,,1,22,,121.5529046,25.0389588
112,8,11,16,30,2,08士林區,士林區承德路4段279號,0,0,1,1,B03,6,6,5,50,14,7,1,4,4,5,13,4,4,1,4,4,2,17,2,42,3,10,7,1,7,7,1,8,1,17,,100,,1,21,,121.5195822,25.08973866
112,8,11,16,30,2,08士林區,士林區承德路4段279號,0,0,1,2,C03,6,6,5,50,14,7,1,4,4,5,13,4,4,1,4,4,2,17,2,18,2,8,6,1,7,9,1,10,1,12,,44,,1,25,,121.5195822,25.08973866
112,8,11,16,39,2,09北投區,北投區文林北路5巷(磺港201號燈桿),0,0,1,2,B03,6,6,5,50,5,9,1,4,4,5,13,4,4,9,4,5,2,16,2,66,3,10,7,1,7,9,1,8,1,2,,44,,1,21,,121.5186386,25.10010147
112,8,11,16,39,2,09北投區,北投區文林北路5巷(磺港201號燈桿),0,0,1,1,C03,6,6,5,50,5,9,1,4,4,5,13,4,4,9,4,5,2,16,2,20,2,8,5,1,7,5,1,10,1,11,,74,,1,22,,121.5186386,25.10010147
112,8,11,16,41,2,10文山區,文山區木柵路3段102巷12號旁,0,0,1,2,F01,6,5,5,30,14,9,1,4,4,5,13,4,4,10,5,5,2,16,1,68,2,8,4,1,7,9,8,20,1,11,,118,,1,21,,121.5673678,24.9881131
112,8,11,16,41,2,10文山區,文山區木柵路3段102巷12號旁,0,0,1,1,B03,6,5,5,30,14,9,1,4,4,5,13,4,4,10,5,5,2,16,1,54,3,10,7,1,7,1,1,8,1,4,,118,,1,21,,121.5673678,24.9881131
112,8,11,16,50,2,08士林區,士林區東山路(忠孝新村站牌前),0,0,1,2,H02,6,6,5,50,14,9,1,4,4,5,13,4,4,7,5,5,1,9,2,35,2,9,4,5,7,20,8,20,10,16,,67,,1,21,,121.539784,25.11119867
112,8,11,16,50,2,08士林區,士林區東山路(忠孝新村站牌前),0,0,1,1,A02,6,6,5,50,14,9,1,4,4,5,13,4,4,7,5,5,1,9,1,59,3,10,7,1,7,9,1,2,9,17,,44,,1,21,,121.539784,25.11119867
112,8,11,17,4,2,03中山區,中山區合江街與建國北路2段151巷口,0,0,1,1,B03,6,5,5,50,4,1,1,4,4,5,13,4,4,5,5,5,2,1,1,55,3,10,3,4,7,6,1,8,1,1,,70,,1,22,,121.5392536,25.06181533