發生年度,發生月,發生日,發生時-Hours,發生分,處理別-編號,區序,肇事地點,死亡人數,2-30日死亡人數,受傷人數,當事人序號,車種,天候,光線,道路類別,速限-速度限制,道路型態,事故位置,路面狀況1,路面狀況2,路面狀況3,道路障礙1,道路障礙2,號誌1,號誌2,車道劃分-分向,車道劃分-分道1,車道劃分-分道2,車道劃分-分道3,事故類型及型態,性別,年齡,受傷程度,主要傷處,保護裝置,行動電話,車輛用途,當事者行動狀態,駕駛資格情形,駕駛執照種類,飲酒情形,車輛撞擊部位1,車輛撞擊部位2,肇因碼-個別,肇因碼-主要,個人肇逃否,職業,旅次目的,座標-X,座標-Y
112,8,13,13,36,2,01大同區,大同區民生西路198-11號,0,0,1,2,C03,8,6,5,50,14,9,1,5,4,5,13,4,4,5,5,5,2,17,1,24,2,9,6,1,7,9,1,10,2,14,,13,,1,21,,121.5165465,25.0571696
112,8,13,14,25,2,06松山區,松山區堤頂大道6510927號電桿旁,0,0,2,1,B03,7,6,5,60,10,9,1,5,4,5,13,4,4,10,4,5,2,12,1,56,3,10,7,1,7,9,1,8,7,8,,21,,1,21,,121.5700064,25.0533766
112,8,13,14,25,2,06松山區,松山區堤頂大道6510927號電桿旁,0,0,2,2,B03,7,6,5,60,10,9,1,5,4,5,13,4,4,10,4,5,2,12,1,45,2,4,7,1,7,8,1,8,2,2,,100,,1,21,,121.5700064,25.0533766
112,8,13,14,25,2,06松山區,松山區堤頂大道6510927號電桿旁,0,0,2,3,H02,7,6,5,60,10,9,1,5,4,5,13,4,4,10,4,5,2,12,2,39,2,4,7,5,7,20,8,20,10,16,,67,,1,21,,121.5700064,25.0533766
112,8,13,14,35,2,03中山區,中山區大直街101巷與大直街57巷口,0,0,1,1,C03,7,6,5,30,4,1,1,5,4,5,13,4,4,10,5,5,2,15,1,22,2,9,6,1,7,9,1,10,1,11,12,72,,1,21,,121.5463427,25.08331699
112,8,13,14,35,2,03中山區,中山區大直街101巷與大直街57巷口,0,0,1,2,C03,7,6,5,30,4,1,1,5,4,5,13,4,4,10,5,5,2,15,1,36,3,10,6,1,7,9,1,10,1,14,11,13,,1,21,,121.5463427,25.08331699
112,8,13,14,35,2,03中山區,中山區大直街101巷與大直街57巷口,0,0,1,3,,7,6,5,30,4,1,1,5,4,5,13,4,4,10,5,5,2,15,3,0,,,,,,,,,,,,67,,1,,,121.5463427,25.08331699
112,8,13,14,36,2,04大安區,大安區敦化南路1段與信義路4段口,0,0,1,2,B03,7,6,5,50,5,1,1,5,4,5,13,2,1,1,4,5,2,12,1,60,3,10,7,1,7,9,1,8,1,5,,107,,1,21,,121.5484605,25.0334062
112,8,13,14,36,2,04大安區,大安區敦化南路1段與信義路4段口,0,0,1,1,C03,7,6,5,50,5,1,1,5,4,5,13,2,1,1,4,5,2,12,2,42,2,9,5,1,7,9,1,10,1,14,,44,,1,21,,121.5484605,25.0334062
112,8,13,14,40,2,03中山區,中山區中山北路3段與民族東路口,0,0,2,1,B03,7,7,5,50,4,1,1,5,4,5,13,1,1,9,4,5,2,16,1,50,3,10,7,1,7,5,1,8,2,5,,74,,1,22,,121.5230134,25.0685232
112,8,13,14,40,2,03中山區,中山區中山北路3段與民族東路口,0,0,2,2,C03,7,7,5,50,4,1,1,5,4,5,13,1,1,9,4,5,2,16,2,24,2,7,6,1,7,9,1,10,2,11,,44,,1,22,,121.5230134,25.0685232
112,8,13,14,40,2,03中山區,中山區中山北路3段與民族東路口,0,0,2,3,H02,7,7,5,50,4,1,1,5,4,5,13,1,1,9,4,5,2,16,2,21,2,7,5,5,7,20,8,20,10,16,,67,,1,22,,121.5230134,25.0685232
112,8,13,14,43,2,09北投區,北投區文林北路與承德路6段口,0,0,5,1,C03,8,6,5,60,3,2,1,5,4,5,13,2,1,1,4,4,1,17,1,46,2,9,6,1,7,8,1,10,2,13,,100,,1,22,,121.5114255,25.1101129
112,8,13,14,43,2,09北投區,北投區文林北路與承德路6段口,0,0,5,2,B03,8,6,5,60,3,2,1,5,4,5,13,2,1,1,4,4,1,17,2,43,2,6,7,1,7,15,1,8,2,5,,108,,1,22,,121.5114255,25.1101129
112,8,13,14,43,2,09北投區,北投區文林北路與承德路6段口,0,0,5,3,H02,8,6,5,60,3,2,1,5,4,5,13,2,1,1,4,4,1,17,1,13,2,8,5,5,7,20,8,20,10,16,,67,,1,22,,121.5114255,25.1101129
112,8,13,14,43,2,09北投區,北投區文林北路與承德路6段口,0,0,5,4,H02,8,6,5,60,3,2,1,5,4,5,13,2,1,1,4,4,1,17,2,9,2,1,7,5,7,20,8,20,10,16,,67,,1,21,,121.5114255,25.1101129
112,8,13,14,43,2,09北投區,北投區文林北路與承德路6段口,0,0,5,5,H02,8,6,5,60,3,2,1,5,4,5,13,2,1,1,4,4,1,17,1,6,2,7,7,5,7,20,8,20,10,16,,67,,1,22,,121.5114255,25.1101129
112,8,13,14,52,2,05中正區,中正區中山南路與常德街口,0,0,1,2,C03,7,6,5,50,3,2,1,5,5,5,13,2,1,1,4,5,2,17,1,21,2,9,6,1,7,4,1,10,1,14,,13,,1,26,,121.5180277,25.0407812
112,8,13,14,52,2,05中正區,中正區中山南路與常德街口,0,0,1,1,C03,7,6,5,50,3,2,1,5,5,5,13,2,1,1,4,5,2,17,1,30,3,10,6,1,7,8,1,10,1,17,,100,,1,26,,121.5180277,25.0407812
112,8,13,14,56,2,04大安區,大安區復興南路1段與市民大道3段口,0,0,1,1,B11,6,6,5,50,5,1,1,4,4,5,13,2,1,1,4,5,2,17,1,48,3,10,7,1,7,11,1,2,11,15,,98,,2,21,,121.5437502,25.0445369
112,8,13,14,56,2,04大安區,大安區復興南路1段與市民大道3段口,0,0,1,2,C03,6,6,5,50,5,1,1,4,4,5,13,2,1,1,4,5,2,17,2,29,2,9,6,1,7,15,1,10,1,14,,118,,1,21,,121.5437502,25.0445369
112,8,13,15,40,2,06松山區,松山區南京東路5段162號,0,0,1,2,C03,6,6,5,50,14,7,1,4,4,5,13,4,4,1,2,4,2,16,1,26,2,9,6,4,7,9,1,10,1,11,,44,,1,21,,121.5629888,25.05137777
112,8,13,15,40,2,06松山區,松山區南京東路5段162號,0,0,1,1,B01,6,6,5,50,14,7,1,4,4,5,13,4,4,1,2,4,2,16,2,46,3,10,7,4,7,7,1,4,1,4,,100,,1,21,,121.5629888,25.05137777
112,8,13,15,40,2,12內湖區,內湖區內湖路2段179巷220號前,0,0,1,1,C03,8,6,5,50,3,1,1,5,4,5,13,1,1,10,5,5,2,17,1,57,2,9,6,1,7,6,3,18,2,11,,9,,1,21,,121.585063,25.084138
112,8,13,15,40,2,12內湖區,內湖區內湖路2段179巷220號前,0,0,1,2,B03,8,6,5,50,3,1,1,5,4,5,13,1,1,10,5,5,2,17,1,58,3,10,7,1,7,9,1,8,2,4,,44,,1,21,,121.585063,25.084138
112,8,13,15,52,2,03中山區,中山區新生高架道南向長春匝道,0,0,2,1,B03,8,5,5,40,10,16,1,5,4,5,13,4,4,10,4,5,1,13,1,28,3,10,3,4,7,9,1,8,1,5,,13,,1,21,,121.5274659,25.05758369
112,8,13,15,52,2,03中山區,中山區新生高架道南向長春匝道,0,0,2,2,B03,8,5,5,40,10,16,1,5,4,5,13,4,4,10,4,5,1,13,1,58,2,2,3,4,7,14,1,8,1,6,,44,,1,21,,121.5274659,25.05758369
112,8,13,15,52,2,03中山區,中山區新生高架道南向長春匝道,0,0,2,3,B03,8,5,5,40,10,16,1,5,4,5,13,4,4,10,4,5,1,13,1,46,2,2,3,4,7,14,1,8,1,3,,44,,1,21,,121.5274659,25.05758369
112,8,13,15,52,2,03中山區,中山區新生高架道南向長春匝道,0,0,2,4,,8,5,5,40,10,16,1,5,4,5,13,4,4,10,4,5,1,13,3,0,,,,,,,,,10,,,67,,1,,,121.5274659,25.05758369
112,8,13,16,11,2,05中正區,中正區中華路1段3號人行道,0,0,1,1,B02,8,6,8,0,14,20,4,5,4,5,13,4,4,10,5,5,2,9,2,27,3,10,7,1,7,2,1,8,2,2,,99,,1,22,,121.5105227,25.04735113
112,8,13,16,11,2,05中正區,中正區中華路1段3號人行道,0,0,1,2,H01,8,6,8,0,14,20,4,5,4,5,13,4,4,10,5,5,2,9,1,23,2,9,4,5,8,17,8,20,10,16,,67,,1,22,,121.5105227,25.04735113
112,8,13,16,30,2,05中正區,中正區新生南路1段與濟南路2段口,0,0,1,1,B03,8,6,5,50,4,1,1,5,4,5,13,1,1,3,4,5,2,16,1,57,3,10,7,1,7,6,1,8,2,5,,9,,1,22,,121.5326626,25.0402095
112,8,13,16,30,2,05中正區,中正區新生南路1段與濟南路2段口,0,0,1,2,C03,8,6,5,50,4,1,1,5,4,5,13,1,1,3,4,5,2,16,1,47,2,9,6,1,7,9,1,10,2,14,,44,,1,22,,121.5326626,25.0402095
112,8,13,16,52,2,06松山區,松山區南京東路3段與復興北路口,0,0,1,4,C04,7,6,5,50,4,1,1,5,4,5,13,2,1,2,4,5,2,17,2,22,3,10,6,1,7,9,1,10,1,11,,108,,1,21,,121.5441532,25.05178467
112,8,13,16,52,2,06松山區,松山區南京東路3段與復興北路口,0,0,1,3,C03,7,6,5,50,4,1,1,5,4,5,13,2,1,2,4,5,2,17,2,32,3,10,6,1,7,9,1,10,1,11,,108,,1,21,,121.5441532,25.05178467
112,8,13,16,52,2,06松山區,松山區南京東路3段與復興北路口,0,0,1,1,C03,7,6,5,50,4,1,1,5,4,5,13,2,1,2,4,5,2,17,1,66,2,9,5,1,7,7,1,10,1,12,,100,,1,22,,121.5441532,25.05178467
112,8,13,16,52,2,06松山區,松山區南京東路3段與復興北路口,0,0,1,2,B01,7,6,5,50,4,1,1,5,4,5,13,2,1,2,4,5,2,17,1,58,3,10,7,1,7,9,1,4,1,8,,44,,1,21,,121.5441532,25.05178467
112,8,13,16,54,2,10文山區,文山區興隆路3段與興隆路3段206巷口,0,0,2,2,C03,8,6,5,50,5,1,1,5,4,5,13,2,1,1,4,5,2,16,1,27,2,9,6,1,7,9,3,18,2,11,,44,,1,21,,121.5590564,24.9978253
112,8,13,16,54,2,10文山區,文山區興隆路3段與興隆路3段206巷口,0,0,2,1,C03,8,6,5,50,5,1,1,5,4,5,13,2,1,1,4,5,2,16,1,52,2,9,5,1,7,11,1,10,2,12,,10,,1,21,,121.5590564,24.9978253
112,8,13,17,20,2,12內湖區,內湖區文德路208巷20號,0,0,1,1,B02,8,6,5,50,14,9,1,5,4,5,13,4,4,5,5,5,2,12,2,67,3,10,7,1,7,9,1,8,1,2,,107,,1,21,,121.5835435,25.0774062
112,8,13,17,20,2,12內湖區,內湖區文德路208巷20號,0,0,1,2,C03,8,6,5,50,14,9,1,5,4,5,13,4,4,5,5,5,2,12,1,30,2,9,6,1,7,9,1,10,1,14,,44,,1,21,,121.5835435,25.0774062
112,8,13,18,46,2,05中正區,中正區和平西路2段與南海路口,0,0,1,1,B03,8,5,5,30,4,1,1,5,4,5,13,2,1,2,4,5,2,3,1,46,3,10,7,1,7,6,1,8,2,2,,70,,1,22,,121.5089015,25.0305343
112,8,13,18,46,2,05中正區,中正區和平西路2段與南海路口,0,0,1,2,H01,8,5,5,30,4,1,1,5,4,5,13,2,1,2,4,5,2,3,2,66,2,9,4,5,8,16,8,20,10,16,,67,,1,22,,121.5089015,25.0305343
112,8,13,18,50,2,10文山區,文山區木柵路1段311巷與木柵路1段口,0,0,1,1,B03,8,5,5,50,3,1,1,5,4,5,13,4,4,10,5,5,2,17,1,31,3,10,7,1,7,11,1,8,2,4,,10,,1,21,,121.5559212,24.9883752
112,8,13,18,50,2,10文山區,文山區木柵路1段311巷與木柵路1段口,0,0,1,2,C03,8,5,5,50,3,1,1,5,4,5,13,4,4,10,5,5,2,17,1,21,2,9,5,1,7,9,1,10,2,11,,13,,1,21,,121.5559212,24.9883752
112,8,13,19,26,2,05中正區,中正區中華路2段與中華路2段307巷口,0,0,1,1,B01,7,5,5,50,14,9,1,5,4,5,13,2,1,8,4,5,1,16,1,25,3,10,7,1,7,1,1,4,1,8,,19,,1,21,,121.5053238,25.02876504
112,8,13,19,26,2,05中正區,中正區中華路2段與中華路2段307巷口,0,0,1,2,C03,7,5,5,50,14,9,1,5,4,5,13,2,1,8,4,5,1,16,1,33,2,9,5,1,7,9,1,10,1,12,,44,,1,21,,121.5053238,25.02876504
112,8,13,19,29,2,07信義區,信義區永吉路436號,0,0,2,1,C03,8,5,5,50,14,8,1,5,4,5,13,2,1,8,3,5,2,17,1,51,2,8,3,4,7,9,1,10,1,11,,108,,1,22,,121.5782166,25.0453444
112,8,13,19,29,2,07信義區,信義區永吉路436號,0,0,2,2,F01,8,5,5,50,14,8,1,5,4,5,13,2,1,8,3,5,2,17,1,63,2,6,3,4,7,15,8,20,1,13,,85,,1,22,,121.5782166,25.0453444
112,8,13,19,31,2,09北投區,北投區立賢路043燈桿,0,0,2,1,B12,7,5,5,50,14,9,1,5,4,5,13,4,4,1,4,5,1,17,1,21,4,11,3,4,7,9,7,8,11,15,,119,,2,22,,121.5048286,25.11606014
112,8,13,19,31,2,09北投區,北投區立賢路043燈桿,0,0,2,3,C03,7,5,5,50,14,9,1,5,4,5,13,4,4,1,4,5,1,17,1,22,2,9,5,1,7,9,1,10,1,12,,44,,1,21,,121.5048286,25.11606014
112,8,13,19,31,2,09北投區,北投區立賢路043燈桿,0,0,2,2,C03,7,5,5,50,14,9,1,5,4,5,13,4,4,1,4,5,1,17,2,20,2,9,5,1,7,9,1,10,1,12,,44,,1,21,,121.5048286,25.11606014
112,8,13,20,11,2,05中正區,中正區忠孝西路1段38號1段,0,0,1,1,B03,8,5,8,30,22,22,1,5,4,5,13,4,4,10,5,5,2,16,1,42,3,10,7,1,7,6,1,8,2,5,,9,,1,21,,121.5161371,25.0463592
112,8,13,20,11,2,05中正區,中正區忠孝西路1段38號1段,0,0,1,2,F01,8,5,8,30,22,22,1,5,4,5,13,4,4,10,5,5,2,16,1,30,2,8,3,4,7,9,8,20,1,15,,108,,1,21,,121.5161371,25.0463592
112,8,13,21,6,2,10文山區,文山區老泉街與老泉街45巷口,0,0,1,2,C03,7,5,5,30,3,1,1,4,4,5,13,4,4,10,5,5,2,17,1,22,2,9,3,4,7,9,1,10,2,14,,42,,1,22,,121.5673036,24.97928582
112,8,13,21,6,2,10文山區,文山區老泉街與老泉街45巷口,0,0,1,1,B03,7,5,5,30,3,1,1,4,4,5,13,4,4,10,5,5,2,17,1,33,3,10,3,4,7,14,1,8,2,17,,44,,1,22,,121.5673036,24.97928582
112,8,13,21,15,2,07信義區,信義區松仁路28號,0,0,1,1,B03,8,5,5,50,14,9,1,5,4,5,13,4,4,9,3,5,2,12,1,46,3,10,3,4,7,7,1,8,1,5,,100,,1,22,,121.5683396,25.039865
112,8,13,21,15,2,07信義區,信義區松仁路28號,0,0,1,2,C03,8,5,5,50,14,9,1,5,4,5,13,4,4,9,3,5,2,12,1,19,3,10,3,4,7,15,1,10,1,14,,108,,1,22,,121.5683396,25.039865
112,8,13,21,15,2,07信義區,信義區松仁路28號,0,0,1,3,H02,8,5,5,50,14,9,1,5,4,5,13,4,4,9,3,5,2,12,2,20,2,9,3,5,7,20,8,20,10,16,,67,,1,21,,121.5683396,25.039865
112,8,13,22,18,2,05中正區,中正區重慶南路1段與寶慶路口,0,0,1,2,C03,8,7,5,50,4,2,1,5,4,5,13,2,1,10,4,5,2,16,1,27,2,9,5,1,7,6,1,10,2,11,,9,,1,21,,121.5131338,25.0409368
112,8,13,22,18,2,05中正區,中正區重慶南路1段與寶慶路口,0,0,1,1,C03,8,7,5,50,4,2,1,5,4,5,13,2,1,10,4,5,2,16,1,37,3,10,5,1,7,9,1,10,2,14,,44,,1,21,,121.5131338,25.0409368
112,8,13,22,42,2,05中正區,中正區公園路與貴陽街1段口,0,0,2,1,C03,7,5,5,0,4,1,1,5,4,5,13,1,1,5,4,5,2,16,1,22,2,8,6,4,7,6,3,18,1,11,,71,,1,22,,121.5151833,25.03859955
112,8,13,22,42,2,05中正區,中正區公園路與貴陽街1段口,0,0,2,2,C03,7,5,5,0,4,1,1,5,4,5,13,1,1,5,4,5,2,16,1,16,2,4,6,4,7,9,2,18,1,11,,44,,1,22,,121.5151833,25.03859955
112,8,14,1,53,2,07信義區,信義區信安街與和平東路3段228巷口,0,0,2,1,C03,7,5,5,50,4,1,1,5,4,5,13,1,1,9,5,5,2,17,1,20,2,9,3,4,7,9,1,10,2,11,,13,,1,22,,121.5546865,25.0223519
112,8,14,1,53,2,07信義區,信義區信安街與和平東路3段228巷口,0,0,2,2,C03,7,5,5,50,4,1,1,5,4,5,13,1,1,9,5,5,2,17,1,20,2,8,3,4,7,5,1,10,2,12,,74,,1,22,,121.5546865,25.0223519
112,8,14,3,7,2,03中山區,中山區林森北路409號,0,0,2,1,B01,8,5,5,50,14,9,1,5,4,5,13,4,4,5,2,5,2,10,1,26,3,10,7,1,7,9,1,4,1,8,,4,,1,26,,121.5255335,25.0594896
112,8,14,3,7,2,03中山區,中山區林森北路409號,0,0,2,2,C03,8,5,5,50,14,9,1,5,4,5,13,4,4,5,2,5,2,10,1,27,2,9,6,1,7,9,1,10,1,11,,44,,1,21,,121.5255335,25.0594896
112,8,14,3,7,2,03中山區,中山區林森北路409號,0,0,2,3,C03,8,5,5,50,14,9,1,5,4,5,13,4,4,5,2,5,2,10,1,34,3,10,5,1,7,9,1,10,1,11,,44,,1,21,,121.5255335,25.0594896
112,8,14,3,7,2,03中山區,中山區林森北路409號,0,0,2,4,H02,8,5,5,50,14,9,1,5,4,5,13,4,4,5,2,5,2,10,2,28,2,9,4,5,7,20,8,20,10,16,,67,,1,21,,121.5255335,25.0594896
112,8,14,6,16,2,01大同區,大同區重慶北路3段與民族西路口,0,0,1,3,H02,8,6,5,50,4,1,1,5,4,5,13,2,1,1,4,5,1,16,1,28,2,9,7,5,7,21,8,20,10,16,,67,,1,21,,121.513822,25.06858778
112,8,14,6,16,2,01大同區,大同區重慶北路3段與民族西路口,0,0,1,2,B01,8,6,5,50,4,1,1,5,4,5,13,2,1,1,4,5,1,16,1,59,3,10,7,1,7,9,1,8,2,1,,44,,1,21,,121.513822,25.06858778
112,8,14,6,16,2,01大同區,大同區重慶北路3段與民族西路口,0,0,1,1,B03,8,6,5,50,4,1,1,5,4,5,13,2,1,1,4,5,1,16,2,56,3,10,7,1,7,9,1,8,2,2,,107,,1,21,,121.513822,25.06858778
112,8,14,6,23,2,11南港區,南港區重陽路39巷與向陽路162巷口,0,0,2,1,C03,8,7,5,40,4,2,1,5,4,5,13,4,4,9,5,5,2,15,2,53,2,9,3,4,7,9,1,10,1,12,,75,,1,21,,121.5958839,25.0560548
112,8,14,6,23,2,11南港區,南港區重陽路39巷與向陽路162巷口,0,0,2,2,C03,8,7,5,40,4,2,1,5,4,5,13,4,4,9,5,5,2,15,1,63,2,9,3,4,7,9,1,10,1,11,,80,,1,21,,121.5958839,25.0560548
112,8,14,6,57,2,08士林區,士林區通河街323巷與承德路4段6巷口,0,0,1,5,C03,8,6,5,50,4,1,1,5,4,5,13,4,4,5,5,5,2,15,2,30,4,11,3,4,7,21,7,19,11,14,,44,,1,22,,121.5182116,25.08073401
112,8,14,6,57,2,08士林區,士林區通河街323巷與承德路4段6巷口,0,0,1,7,C03,8,6,5,50,4,1,1,5,4,5,13,4,4,5,5,5,2,15,2,75,4,11,3,4,7,21,7,19,11,14,,44,,1,21,,121.5182116,25.08073401
112,8,14,6,57,2,08士林區,士林區通河街323巷與承德路4段6巷口,0,0,1,4,C03,8,6,5,50,4,1,1,5,4,5,13,4,4,5,5,5,2,15,1,33,4,11,3,4,7,21,7,19,11,14,,44,,1,22,,121.5182116,25.08073401
112,8,14,6,57,2,08士林區,士林區通河街323巷與承德路4段6巷口,0,0,1,3,C03,8,6,5,50,4,1,1,5,4,5,13,4,4,5,5,5,2,15,1,37,4,11,3,4,7,21,7,19,11,14,,44,,1,22,,121.5182116,25.08073401
112,8,14,6,57,2,08士林區,士林區通河街323巷與承德路4段6巷口,0,0,1,2,C03,8,6,5,50,4,1,1,5,4,5,13,4,4,5,5,5,2,15,1,22,2,9,5,1,7,9,1,10,1,12,,13,,1,21,,121.5182116,25.08073401
112,8,14,6,57,2,08士林區,士林區通河街323巷與承德路4段6巷口,0,0,1,1,B01,8,6,5,50,4,1,1,5,4,5,13,4,4,5,5,5,2,15,1,69,3,10,7,1,7,9,1,4,1,1,,72,,1,21,,121.5182116,25.08073401
112,8,14,6,57,2,08士林區,士林區通河街323巷與承德路4段6巷口,0,0,1,6,C03,8,6,5,50,4,1,1,5,4,5,13,4,4,5,5,5,2,15,1,58,4,11,3,4,7,21,7,19,11,14,,44,,1,22,,121.5182116,25.08073401
112,8,14,7,43,2,05中正區,中正區中山南路與信義路1段口,0,0,1,2,C03,8,6,5,50,5,1,1,5,4,5,13,1,1,10,5,5,1,11,1,51,2,9,6,1,7,1,1,9,2,12,,44,,1,22,,121.5177086,25.0385713
112,8,14,7,43,2,05中正區,中正區中山南路與信義路1段口,0,0,1,1,C03,8,6,5,50,5,1,1,5,4,5,13,1,1,10,5,5,1,11,1,32,3,10,6,1,7,5,1,10,2,14,,96,,1,22,,121.5177086,25.0385713
112,8,14,7,53,2,09北投區,北投區珠海路與進賢路口口,0,0,1,1,B03,8,6,5,50,3,1,1,5,4,5,13,4,4,9,5,5,2,16,1,53,3,10,7,1,7,5,1,8,2,1,,74,,1,21,,121.5049163,25.1409343
112,8,14,7,53,2,09北投區,北投區珠海路與進賢路口口,0,0,1,2,C03,8,6,5,50,3,1,1,5,4,5,13,4,4,9,5,5,2,16,1,63,2,9,5,1,7,9,1,10,2,14,12,44,,1,21,,121.5049163,25.1409343
112,8,14,7,58,2,05中正區,中正區市民大道1段168號,0,0,2,2,C03,8,6,5,40,14,9,1,5,4,5,13,4,4,1,4,5,1,12,1,25,2,8,6,1,7,9,1,10,1,14,,118,,1,26,,121.5187204,25.0482955
112,8,14,7,58,2,05中正區,中正區市民大道1段168號,0,0,2,3,H02,8,6,5,40,14,9,1,5,4,5,13,4,4,1,4,5,1,12,2,24,2,8,6,5,7,20,8,20,10,16,,67,,1,26,,121.5187204,25.0482955
112,8,14,7,58,2,05中正區,中正區市民大道1段168號,0,0,2,1,C03,8,6,5,40,14,9,1,5,4,5,13,4,4,1,4,5,1,12,1,37,3,10,6,1,7,9,1,10,1,12,,118,,1,26,,121.5187204,25.0482955
112,8,14,7,59,2,12內湖區,內湖區環山路1段與環山路1段59巷口,0,0,3,3,H02,8,5,5,0,4,1,1,5,4,5,13,1,1,5,4,4,2,16,1,17,2,9,6,5,7,20,8,20,10,16,,67,,1,21,,121.568064,25.08641236
112,8,14,7,59,2,12內湖區,內湖區環山路1段與環山路1段59巷口,0,0,3,2,C03,8,5,5,0,4,1,1,5,4,5,13,1,1,5,4,4,2,16,1,18,2,9,6,1,7,9,1,10,1,11,,44,,1,21,,121.568064,25.08641236
112,8,14,7,59,2,12內湖區,內湖區環山路1段與環山路1段59巷口,0,0,3,1,C03,8,5,5,0,4,1,1,5,4,5,13,1,1,5,4,4,2,16,1,18,2,9,6,1,7,5,1,10,1,12,,8,,1,21,,121.568064,25.08641236
112,8,14,8,6,2,08士林區,士林區福港街與福港街160巷口,0,0,2,2,C03,7,5,5,50,4,1,1,5,4,5,13,4,4,5,5,5,2,13,1,52,2,9,5,1,7,12,1,10,2,13,,44,,1,22,,121.517823,25.0870781
112,8,14,8,6,2,08士林區,士林區福港街與福港街160巷口,0,0,2,1,C03,7,5,5,50,4,1,1,5,4,5,13,4,4,5,5,5,2,13,1,47,2,9,5,1,7,9,1,10,2,11,,16,,1,22,,121.517823,25.0870781
112,8,14,8,10,2,05中正區,中正區重慶南路1段與愛國西路口,0,0,1,1,B03,8,5,5,50,4,1,1,5,4,5,13,1,1,9,4,5,2,17,2,33,3,10,7,1,7,6,1,8,2,2,,107,,1,21,,121.5125391,25.0352224
112,8,14,8,10,2,05中正區,中正區重慶南路1段與愛國西路口,0,0,1,2,C03,8,5,5,50,4,1,1,5,4,5,13,1,1,9,4,5,2,17,2,59,2,9,5,1,7,9,1,10,2,14,,44,,1,21,,121.5125391,25.0352224
112,8,14,8,10,2,12內湖區,內湖區江南街12巷與港墘路口,0,0,1,2,C03,8,6,5,0,14,9,1,5,4,5,13,4,4,10,5,5,2,3,1,19,3,10,5,1,7,9,1,10,1,11,,108,,1,22,,121.5767286,25.0786715
112,8,14,8,10,2,12內湖區,內湖區江南街12巷與港墘路口,0,0,1,1,H01,8,6,5,0,14,9,1,5,4,5,13,4,4,10,5,5,2,3,2,21,2,9,4,5,8,16,8,20,10,16,,53,,1,22,,121.5767286,25.0786715
112,8,14,8,17,2,04大安區,大安區基隆路3段和平高中側門口,0,0,1,2,H01,8,6,5,50,14,9,1,5,4,5,13,4,4,1,4,5,2,2,2,79,2,9,4,5,8,16,8,20,10,16,,60,,1,22,,121.5479477,25.02007198
112,8,14,8,17,2,04大安區,大安區基隆路3段和平高中側門口,0,0,1,1,C03,8,6,5,50,14,9,1,5,4,5,13,4,4,1,4,5,2,2,1,20,3,10,5,1,7,9,1,10,2,11,,108,,1,22,,121.5479477,25.02007198
112,8,14,8,28,2,03中山區,中山區民權東路1段28號,0,0,2,3,C03,8,6,5,50,14,7,1,5,4,5,13,4,4,1,4,4,1,13,2,41,2,9,6,1,7,9,1,10,2,14,,44,,1,21,,121.523742,25.06273964
112,8,14,8,28,2,03中山區,中山區民權東路1段28號,0,0,2,2,B01,8,6,5,50,14,7,1,5,4,5,13,4,4,1,4,4,1,13,1,53,3,10,7,1,7,14,1,4,2,6,,44,,1,21,,121.523742,25.06273964
112,8,14,8,28,2,03中山區,中山區民權東路1段28號,0,0,2,1,C03,8,6,5,50,14,7,1,5,4,5,13,4,4,1,4,4,1,13,1,46,2,9,6,1,7,9,1,10,2,11,,108,,1,21,,121.523742,25.06273964
112,8,14,8,30,2,12內湖區,內湖區星雲街與金湖路口,0,0,1,1,B03,8,6,5,50,3,1,1,5,4,5,13,1,1,1,5,5,2,16,2,33,3,10,7,1,7,5,1,8,2,5,,74,,1,21,,121.5974384,25.08139133
112,8,14,8,30,2,12內湖區,內湖區星雲街與金湖路口,0,0,1,2,C03,8,6,5,50,3,1,1,5,4,5,13,1,1,1,5,5,2,16,1,51,2,9,6,1,7,9,1,10,2,11,,44,,1,21,,121.5974384,25.08139133
112,8,14,8,33,2,04大安區,大安區溫州街74巷與溫州街74巷4弄口,0,0,2,1,C03,8,6,5,30,4,1,1,5,4,5,13,4,4,10,5,5,1,15,1,19,2,7,5,4,7,9,1,10,1,12,,72,,1,22,,121.53232,25.0197128
112,8,14,8,33,2,04大安區,大安區溫州街74巷與溫州街74巷4弄口,0,0,2,2,B01,8,6,5,30,4,1,1,5,4,5,13,4,4,10,5,5,1,15,1,52,2,3,3,4,7,9,1,4,1,1,,14,,1,21,,121.53232,25.0197128
112,8,14,8,45,2,03中山區,中山區民族東路與松江路口,0,0,1,1,B03,8,6,5,50,5,1,1,5,4,5,13,2,1,1,5,5,1,16,1,55,3,10,3,4,7,6,1,8,1,5,,9,,1,21,,121.5331807,25.06774313
112,8,14,8,45,2,03中山區,中山區民族東路與松江路口,0,0,1,2,C03,8,6,5,50,5,1,1,5,4,5,13,2,1,1,5,5,1,16,2,57,2,9,3,4,7,9,1,10,1,14,,44,,1,21,,121.5331807,25.06774313
112,8,14,8,45,2,10文山區,文山區木柵路1段292號,0,0,1,1,B03,8,5,5,50,14,9,1,5,4,5,13,3,1,9,4,5,1,17,1,44,3,10,7,1,7,1,1,8,1,8,,19,,1,21,,121.5563401,24.9884263