發生年度,發生月,發生日,發生時-Hours,發生分,處理別-編號,區序,肇事地點,死亡人數,2-30日死亡人數,受傷人數,當事人序號,車種,天候,光線,道路類別,速限-速度限制,道路型態,事故位置,路面狀況1,路面狀況2,路面狀況3,道路障礙1,道路障礙2,號誌1,號誌2,車道劃分-分向,車道劃分-分道1,車道劃分-分道2,車道劃分-分道3,事故類型及型態,性別,年齡,受傷程度,主要傷處,保護裝置,行動電話,車輛用途,當事者行動狀態,駕駛資格情形,駕駛執照種類,飲酒情形,車輛撞擊部位1,車輛撞擊部位2,肇因碼-個別,肇因碼-主要,個人肇逃否,職業,旅次目的,座標-X,座標-Y
112,8,15,11,31,2,09北投區,北投區大度路1段27號燈桿,0,0,4,5,B12,8,5,5,50,14,12,1,5,4,5,13,4,4,1,1,1,1,13,1,23,3,10,7,1,7,13,1,8,11,15,,38,,1,21,,121.4882905,25.12163837
112,8,15,11,31,2,09北投區,北投區大度路1段27號燈桿,0,0,4,4,C03,8,5,5,50,14,12,1,5,4,5,13,4,4,1,1,1,1,13,1,66,2,9,5,1,7,1,1,10,1,13,,44,,1,21,,121.4882905,25.12163837
112,8,15,11,31,2,09北投區,北投區大度路1段27號燈桿,0,0,4,1,C03,8,5,5,50,14,12,1,5,4,5,13,4,4,1,1,1,1,13,2,24,2,9,5,1,7,9,1,10,1,11,,16,,1,21,,121.4882905,25.12163837
112,8,15,11,31,2,09北投區,北投區大度路1段27號燈桿,0,0,4,3,C03,8,5,5,50,14,12,1,5,4,5,13,4,4,1,1,1,1,13,2,30,2,9,5,1,7,9,1,10,1,11,,108,,1,21,,121.4882905,25.12163837
112,8,15,11,45,2,08士林區,士林區通河西街2段178號,0,0,1,1,C03,8,7,5,40,14,9,1,5,4,5,13,4,4,9,5,5,2,13,2,68,2,9,5,1,7,9,3,18,1,11,,108,,1,21,,121.5047735,25.09329746
112,8,15,11,45,2,08士林區,士林區通河西街2段178號,0,0,1,2,B03,8,7,5,40,14,9,1,5,4,5,13,4,4,9,5,5,2,13,1,59,3,10,7,1,7,14,1,8,1,3,,44,,1,21,,121.5047735,25.09329746
112,8,15,12,0,2,03中山區,中山區中山橋往北上坡處,0,0,1,1,B03,8,7,5,40,8,11,1,5,4,5,13,4,4,1,4,5,2,17,2,40,3,10,7,1,7,10,1,8,2,2,,100,,1,22,,121.5244998,25.07367322
112,8,15,12,0,2,03中山區,中山區中山橋往北上坡處,0,0,1,2,C03,8,7,5,40,8,11,1,5,4,5,13,4,4,1,4,5,2,17,1,21,2,9,6,1,7,6,1,10,2,14,,13,,1,22,,121.5244998,25.07367322
112,8,15,12,12,2,08士林區,士林區格致路與光華路口,0,0,1,2,C03,8,6,5,30,4,1,1,5,4,5,13,3,1,4,5,5,1,16,2,23,2,9,6,1,7,9,1,10,2,11,,44,,1,21,,121.5463524,25.1367756
112,8,15,12,12,2,08士林區,士林區格致路與光華路口,0,0,1,1,B03,8,6,5,30,4,1,1,5,4,5,13,3,1,4,5,5,1,16,1,74,3,10,7,1,7,6,1,8,2,8,,72,,1,21,,121.5463524,25.1367756
112,8,15,12,44,2,01大同區,大同區延平北路2段與延平北路2段60巷口,0,0,1,1,B01,8,6,5,50,4,2,1,5,4,5,13,2,1,5,4,5,2,17,2,60,3,10,3,4,7,14,1,4,1,7,,38,,1,21,,121.5116726,25.0554603
112,8,15,12,44,2,01大同區,大同區延平北路2段與延平北路2段60巷口,0,0,1,3,H02,8,6,5,50,4,2,1,5,4,5,13,2,1,5,4,5,2,17,2,16,2,8,6,5,7,17,8,20,10,16,,67,,1,22,,121.5116726,25.0554603
112,8,15,12,44,2,01大同區,大同區延平北路2段與延平北路2段60巷口,0,0,1,2,C03,8,6,5,50,4,2,1,5,4,5,13,2,1,5,4,5,2,17,1,18,3,10,6,4,7,9,1,10,1,12,,108,,1,22,,121.5116726,25.0554603
112,8,15,12,50,2,07信義區,信義區松智路與松智路32巷口,0,0,1,1,B02,8,7,5,30,4,1,1,5,4,5,13,4,4,5,5,5,2,15,1,74,3,10,7,1,7,9,1,8,1,8,,72,,1,21,,121.5653296,25.0300659
112,8,15,12,50,2,07信義區,信義區松智路與松智路32巷口,0,0,1,2,C03,8,7,5,30,4,1,1,5,4,5,13,4,4,5,5,5,2,15,1,34,2,8,6,1,7,9,1,10,1,11,,14,,1,21,,121.5653296,25.0300659
112,8,15,13,0,2,09北投區,北投區承德路7段97號,0,0,2,1,C03,8,6,5,60,14,9,1,5,4,5,13,4,4,9,4,4,2,13,2,47,2,9,5,1,7,8,1,10,1,14,,100,,1,21,,121.5094145,25.11212602
112,8,15,13,0,2,09北投區,北投區承德路7段97號,0,0,2,2,C03,8,6,5,60,14,9,1,5,4,5,13,4,4,9,4,4,2,13,1,36,2,9,5,1,7,9,1,10,1,12,,13,,1,21,,121.5094145,25.11212602
112,8,15,13,17,2,07信義區,信義區忠孝東路4段554巷與忠孝東路4段口,0,0,2,1,C03,8,7,5,30,3,1,1,5,4,5,13,4,4,9,4,5,2,17,1,59,2,9,5,1,7,8,1,10,1,14,,100,,1,21,,121.5638077,25.041097
112,8,15,13,17,2,07信義區,信義區忠孝東路4段554巷與忠孝東路4段口,0,0,2,2,B01,8,7,5,30,3,1,1,5,4,5,13,4,4,9,4,5,2,17,1,56,3,10,7,1,7,9,1,4,1,2,,44,,1,21,,121.5638077,25.041097
112,8,15,13,17,2,07信義區,信義區忠孝東路4段554巷與忠孝東路4段口,0,0,2,3,H02,8,7,5,30,3,1,1,5,4,5,13,4,4,9,4,5,2,17,1,34,2,9,5,5,7,20,8,20,10,16,,67,,1,21,,121.5638077,25.041097
112,8,15,14,10,2,12內湖區,內湖區民權大橋往松山,0,0,2,1,C04,8,6,5,50,8,12,1,5,4,5,13,4,4,1,4,5,2,16,1,26,2,9,6,1,7,9,1,10,2,14,,17,,1,21,,121.5721909,25.0648832
112,8,15,14,10,2,12內湖區,內湖區民權大橋往松山,0,0,2,2,C03,8,6,5,50,8,12,1,5,4,5,13,4,4,1,4,5,2,16,1,25,2,9,6,1,7,9,1,10,2,12,,44,,1,21,,121.5721909,25.0648832
112,8,15,14,30,2,05中正區,中正區信義路2段與杭州南路1段口,0,0,1,1,A02,8,6,5,50,4,2,1,5,4,5,13,1,1,5,4,1,1,9,1,53,3,10,7,1,7,1,1,2,2,17,,118,,1,21,,121.5245928,25.0353358
112,8,15,14,30,2,05中正區,中正區信義路2段與杭州南路1段口,0,0,1,2,H02,8,6,5,50,4,2,1,5,4,5,13,1,1,5,4,1,1,9,2,71,2,5,4,5,7,20,8,20,10,16,,67,,1,21,,121.5245928,25.0353358
112,8,15,14,50,2,10文山區,文山區保儀路與保儀路109巷口,0,0,1,2,C03,8,7,5,30,4,1,1,5,4,5,13,4,4,10,5,5,2,16,1,40,2,8,5,1,7,9,1,10,1,12,,44,,1,21,,121.5679579,24.9862852
112,8,15,14,50,2,10文山區,文山區保儀路與保儀路109巷口,0,0,1,1,B03,8,7,5,30,4,1,1,5,4,5,13,4,4,10,5,5,2,16,1,89,3,10,7,1,7,5,1,8,9,1,,72,,2,21,,121.5679579,24.9862852
112,8,15,14,53,2,05中正區,中正區新生南路1段170巷與信義路2段243巷口,0,0,1,1,B03,8,6,5,30,4,1,1,5,4,5,13,4,4,10,5,5,1,15,2,33,3,10,7,1,7,9,1,8,2,1,,72,,1,22,,121.5311725,25.0342035
112,8,15,14,53,2,05中正區,中正區新生南路1段170巷與信義路2段243巷口,0,0,1,2,C03,8,6,5,30,4,1,1,5,4,5,13,4,4,10,5,5,1,15,1,27,2,9,6,1,7,9,1,10,2,12,,14,,1,22,,121.5311725,25.0342035
112,8,15,14,53,2,05中正區,中正區新生南路1段170巷與信義路2段243巷口,0,0,1,3,B02,8,6,5,30,4,1,1,5,4,5,13,4,4,10,5,5,1,15,1,54,3,10,7,4,7,14,1,4,11,17,,38,,1,22,,121.5311725,25.0342035
112,8,15,14,57,2,05中正區,中正區汀州路3段與思源街口,0,0,1,2,C03,8,6,5,50,3,1,1,5,4,5,13,1,1,3,4,5,2,17,2,62,2,9,5,1,7,9,1,10,2,14,,44,,1,21,,121.5321301,25.01485386
112,8,15,14,57,2,05中正區,中正區汀州路3段與思源街口,0,0,1,1,B03,8,6,5,50,3,1,1,5,4,5,13,1,1,3,4,5,2,17,1,56,3,10,7,1,7,6,1,8,2,2,,9,,1,21,,121.5321301,25.01485386
112,8,15,15,0,2,05中正區,中正區延平南路與貴陽街1段口,0,0,1,1,B11,8,6,5,50,4,1,1,5,4,5,13,1,1,5,4,5,2,16,1,36,3,10,7,1,7,5,1,8,1,8,,8,,1,21,,121.5086994,25.0390332
112,8,15,15,0,2,05中正區,中正區延平南路與貴陽街1段口,0,0,1,2,C03,8,6,5,50,4,1,1,5,4,5,13,1,1,5,4,5,2,16,1,52,2,9,6,1,7,14,1,10,1,11,,38,,1,22,,121.5086994,25.0390332
112,8,15,15,10,2,09北投區,北投區大業路與三合街2段口,0,0,1,1,,8,6,5,50,3,1,1,5,4,5,13,2,1,1,4,4,2,18,3,0,,,,,,,,,10,,,131,,1,,,121.4984223,25.1256045
112,8,15,15,10,2,09北投區,北投區大業路與三合街2段口,0,0,1,2,C03,8,6,5,50,3,1,1,5,4,5,13,2,1,1,4,4,2,18,1,59,2,9,5,1,7,9,1,10,9,14,,44,,1,21,,121.4984223,25.1256045
112,8,15,15,11,2,07信義區,信義區基隆路1段與忠孝東路5段口口,0,0,1,1,B02,8,6,5,50,4,2,1,5,4,5,13,4,4,1,4,5,2,17,1,27,3,10,3,4,7,11,1,8,1,2,,72,,1,21,,121.5648258,25.0415121
112,8,15,15,11,2,07信義區,信義區基隆路1段與忠孝東路5段口口,0,0,1,2,C03,8,6,5,50,4,2,1,5,4,5,13,4,4,1,4,5,2,17,1,38,2,9,3,4,7,9,1,10,1,14,,108,,1,21,,121.5648258,25.0415121
112,8,15,15,15,2,10文山區,文山區木柵路4段與木柵路4段9巷口,0,0,2,2,C03,8,6,5,50,3,1,1,5,4,5,13,2,1,9,4,5,2,17,1,54,2,9,5,1,7,9,1,10,2,17,,108,,1,21,,121.5712447,24.99244773
112,8,15,15,15,2,10文山區,文山區木柵路4段與木柵路4段9巷口,0,0,2,3,H02,8,6,5,50,3,1,1,5,4,5,13,2,1,9,4,5,2,17,1,46,2,9,5,5,7,20,8,20,10,17,,67,,1,21,,121.5712447,24.99244773
112,8,15,15,15,2,10文山區,文山區木柵路4段與木柵路4段9巷口,0,0,2,1,B03,8,6,5,50,3,1,1,5,4,5,13,2,1,9,4,5,2,17,1,24,3,10,7,1,7,7,1,8,2,17,,100,,1,21,,121.5712447,24.99244773
112,8,15,15,30,2,10文山區,文山區忠順街1段121巷與忠順街1段121巷7弄口,0,0,1,2,B03,8,5,5,30,4,2,1,5,4,5,13,4,4,9,4,5,1,15,1,68,3,10,7,1,7,9,1,8,1,1,,44,,1,21,,121.5598961,24.98486227
112,8,15,15,30,2,10文山區,文山區忠順街1段121巷與忠順街1段121巷7弄口,0,0,1,1,C03,8,5,5,30,4,2,1,5,4,5,13,4,4,9,4,5,1,15,2,64,2,9,5,1,7,9,1,10,1,12,,72,,1,21,,121.5598961,24.98486227
112,8,15,15,30,2,11南港區,南港區八德路4段與中坡北路口,0,0,1,1,C03,8,5,5,50,4,1,1,5,4,5,13,1,1,9,4,5,2,13,1,20,2,1,5,1,7,9,1,10,1,11,,16,,1,21,,121.5798325,25.0504209
112,8,15,15,30,2,11南港區,南港區八德路4段與中坡北路口,0,0,1,2,B12,8,5,5,50,4,1,1,5,4,5,13,1,1,9,4,5,2,13,1,50,3,10,7,1,7,9,1,8,2,3,,44,,1,21,,121.5798325,25.0504209
112,8,15,15,34,2,05中正區,中正區和平西路1段與廈門街口,0,0,2,1,C03,8,6,5,50,4,1,1,5,4,5,13,1,1,1,4,5,2,17,2,49,2,9,5,1,7,5,1,10,2,12,,74,,1,21,,121.5179445,25.02667122
112,8,15,15,34,2,05中正區,中正區和平西路1段與廈門街口,0,0,2,2,C03,8,6,5,50,4,1,1,5,4,5,13,1,1,1,4,5,2,17,2,20,2,9,5,1,7,9,1,10,2,11,,81,,1,21,,121.5179445,25.02667122
112,8,15,15,37,2,04大安區,大安區基隆路4段(台大公館平面停車場旁東向西),0,0,2,1,C03,8,5,5,40,14,8,1,5,4,5,13,4,4,10,4,4,2,13,1,36,2,7,3,4,7,9,1,10,1,11,,108,,1,22,,121.5391435,25.0130249
112,8,15,15,37,2,04大安區,大安區基隆路4段(台大公館平面停車場旁東向西),0,0,2,2,C03,8,5,5,40,14,8,1,5,4,5,13,4,4,10,4,4,2,13,1,30,2,9,3,4,7,9,1,10,1,13,,44,,1,22,,121.5391435,25.0130249
112,8,15,15,37,2,04大安區,大安區基隆路4段(台大公館平面停車場旁東向西),0,0,2,3,C03,8,5,5,40,14,8,1,5,4,5,13,4,4,10,4,4,2,13,1,20,3,10,3,4,7,9,1,10,9,17,,30,,1,22,,121.5391435,25.0130249
112,8,15,16,0,2,04大安區,大安區信義路2段198巷與永康街13巷口,0,0,1,1,C03,8,6,5,30,4,1,1,5,4,5,13,4,4,10,5,5,2,15,2,55,2,9,5,1,7,9,1,10,1,12,,72,,1,21,,121.5305524,25.0327682
112,8,15,16,0,2,04大安區,大安區信義路2段198巷與永康街13巷口,0,0,1,2,B03,8,6,5,30,4,1,1,5,4,5,13,4,4,10,5,5,2,15,1,61,3,10,7,1,7,9,1,2,1,1,,14,,1,21,,121.5305524,25.0327682
112,8,15,16,35,2,08士林區,士林區延平北路7段106巷與延平北路7段106巷327弄口,0,0,3,1,C03,8,6,5,40,3,2,1,5,4,5,13,1,1,10,5,5,1,13,1,21,2,9,6,1,7,9,1,10,2,11,,13,,1,22,,121.4959295,25.1043597
112,8,15,16,35,2,08士林區,士林區延平北路7段106巷與延平北路7段106巷327弄口,0,0,3,3,H02,8,6,5,40,3,2,1,5,4,5,13,1,1,10,5,5,1,13,2,19,2,9,6,5,7,17,8,20,10,16,,67,,1,22,,121.4959295,25.1043597
112,8,15,16,35,2,08士林區,士林區延平北路7段106巷與延平北路7段106巷327弄口,0,0,3,2,C03,8,6,5,40,3,2,1,5,4,5,13,1,1,10,5,5,1,13,2,37,2,9,5,1,7,9,1,10,2,13,,44,,1,22,,121.4959295,25.1043597
112,8,15,16,45,2,10文山區,文山區新光路2段與新光路2段口高速公路橋下,0,0,1,1,B03,8,6,5,50,11,9,1,5,4,5,13,4,4,9,4,5,1,17,1,71,3,10,3,4,7,15,1,8,2,5,,4,,1,21,,121.5943835,24.99595845
112,8,15,16,45,2,10文山區,文山區新光路2段與新光路2段口高速公路橋下,0,0,1,2,C03,8,6,5,50,11,9,1,5,4,5,13,4,4,9,4,5,1,17,1,20,2,9,3,4,7,15,3,18,2,12,,13,,1,21,,121.5943835,24.99595845
112,8,15,16,45,2,07信義區,信義區松德路36號,0,0,1,2,C04,8,6,5,30,14,9,1,5,4,5,13,2,1,1,4,4,2,17,1,68,2,9,3,4,7,9,1,10,1,15,,44,,1,21,,121.5768388,25.0390005
112,8,15,16,45,2,07信義區,信義區松德路36號,0,0,1,1,C03,8,6,5,30,14,9,1,5,4,5,13,2,1,1,4,4,2,17,1,27,3,10,3,4,7,7,1,10,1,13,,100,,1,21,,121.5768388,25.0390005
112,8,15,17,3,2,07信義區,信義區基隆路1段(信義路五段1號),0,0,1,2,H02,8,7,5,50,14,9,1,5,4,5,13,4,4,1,4,5,1,9,1,49,2,9,3,5,7,20,8,20,10,16,,67,,1,28,,121.560209,25.033744
112,8,15,17,3,2,07信義區,信義區基隆路1段(信義路五段1號),0,0,1,1,A02,8,7,5,50,14,9,1,5,4,5,13,4,4,1,4,5,1,9,1,55,3,10,7,1,7,14,1,2,9,15,,40,,1,21,,121.560209,25.033744
112,8,15,17,29,2,06松山區,松山區八德路4段595號,0,0,2,1,C03,8,6,5,50,22,19,1,5,4,5,13,2,1,1,4,4,2,3,1,34,2,9,5,4,7,9,1,10,2,11,,70,,1,21,,121.5741983,25.05002281
112,8,15,17,29,2,06松山區,松山區八德路4段595號,0,0,2,2,H01,8,6,5,50,22,19,1,5,4,5,13,2,1,1,4,4,2,3,1,51,2,8,4,5,8,16,8,20,10,16,,122,,1,21,,121.5741983,25.05002281
112,8,15,17,30,2,01大同區,大同區民權西路與蘭州街口,0,0,1,1,C03,8,5,5,50,4,1,1,5,4,5,13,2,1,1,2,5,2,16,2,26,3,10,5,1,7,5,1,10,1,14,,8,,1,21,,121.5147587,25.0631305
112,8,15,17,30,2,01大同區,大同區民權西路與蘭州街口,0,0,1,2,C03,8,5,5,50,4,1,1,5,4,5,13,2,1,1,2,5,2,16,1,31,3,10,5,1,7,15,1,10,1,11,,118,,1,21,,121.5147587,25.0631305
112,8,15,17,30,2,01大同區,大同區民權西路與蘭州街口,0,0,1,3,H02,8,5,5,50,4,1,1,5,4,5,13,2,1,1,2,5,2,16,1,32,2,8,5,5,7,20,8,20,10,16,,67,,1,21,,121.5147587,25.0631305
112,8,15,17,55,2,05中正區,中正區羅斯福路2段9號,0,0,1,1,C03,8,6,5,50,14,9,1,5,4,5,13,4,4,1,4,5,1,12,1,30,3,10,6,1,7,8,1,10,1,14,,100,,1,21,,121.5212191,25.02891948
112,8,15,17,55,2,05中正區,中正區羅斯福路2段9號,0,0,1,2,C03,8,6,5,50,14,9,1,5,4,5,13,4,4,1,4,5,1,12,2,20,2,7,6,1,7,9,1,10,1,12,,44,,1,21,,121.5212191,25.02891948
112,8,15,17,55,2,05中正區,中正區羅斯福路2段9號,0,0,1,3,B01,8,6,5,50,14,9,1,5,4,5,13,4,4,1,4,5,1,12,1,69,3,10,7,1,7,14,1,4,1,10,,38,,1,21,,121.5212191,25.02891948
112,8,15,17,55,2,05中正區,中正區羅斯福路2段9號,0,0,1,4,H02,8,6,5,50,14,9,1,5,4,5,13,4,4,1,4,5,1,12,2,24,4,11,6,5,7,20,8,20,10,16,,67,,1,21,,121.5212191,25.02891948
112,8,15,18,49,2,03中山區,中山區樂群二路與植福路口,0,0,1,1,B03,8,5,5,50,4,1,1,5,4,5,13,1,1,1,4,5,2,17,1,45,3,10,7,1,7,5,1,8,1,1,,74,,1,22,,121.5618382,25.0800853
112,8,15,18,49,2,03中山區,中山區樂群二路與植福路口,0,0,1,2,C03,8,5,5,50,4,1,1,5,4,5,13,1,1,1,4,5,2,17,1,27,2,9,5,1,7,9,1,10,1,14,,44,,1,22,,121.5618382,25.0800853
112,8,15,19,41,2,09北投區,北投區吉利街123巷與吉利街口,0,0,1,3,,7,5,5,30,4,1,1,5,4,5,13,1,1,10,5,5,1,17,3,0,,,,,,,,,9,,,60,,,,,121.5064994,25.11855097
112,8,15,19,41,2,09北投區,北投區吉利街123巷與吉利街口,0,0,1,2,C03,7,5,5,30,4,1,1,5,4,5,13,1,1,10,5,5,1,17,1,25,2,2,5,1,7,9,1,10,1,17,,44,,1,21,,121.5064994,25.11855097
112,8,15,19,41,2,09北投區,北投區吉利街123巷與吉利街口,0,0,1,1,A11,7,5,5,30,4,1,1,5,4,5,13,1,1,10,5,5,1,17,1,27,3,10,7,1,7,6,1,3,9,9,,108,,2,22,,121.5064994,25.11855097
112,8,15,19,43,2,01大同區,大同區延平北路4段與民族西路口,0,0,1,2,C03,8,5,5,50,5,1,1,5,4,5,13,1,1,5,4,5,2,17,1,30,2,9,6,1,7,5,1,10,1,14,,74,,1,21,,121.5108985,25.06870265
112,8,15,19,43,2,01大同區,大同區延平北路4段與民族西路口,0,0,1,1,C03,8,5,5,50,5,1,1,5,4,5,13,1,1,5,4,5,2,17,1,75,4,11,3,4,7,15,1,10,11,11,,118,,2,22,,121.5108985,25.06870265
112,8,15,20,19,2,12內湖區,內湖區金龍隧道與內湖路2段179巷口,0,0,1,2,C03,7,5,5,50,4,1,1,5,4,5,13,2,1,8,3,5,2,16,1,26,3,10,6,1,7,9,1,10,2,12,,99,,1,21,,121.5851314,25.08432855
112,8,15,20,19,2,12內湖區,內湖區金龍隧道與內湖路2段179巷口,0,0,1,1,C03,7,5,5,50,4,1,1,5,4,5,13,2,1,8,3,5,2,16,1,26,2,9,6,1,7,5,1,10,2,14,,8,,1,21,,121.5851314,25.08432855
112,8,15,20,43,2,07信義區,信義區松仁路101號,0,0,1,1,B03,8,5,5,50,14,9,1,5,4,5,13,4,4,1,4,5,2,13,1,52,2,1,7,1,7,9,1,8,2,1,,118,,1,21,,121.5684855,25.0363414
112,8,15,20,43,2,07信義區,信義區松仁路101號,0,0,1,2,B03,8,5,5,50,14,9,1,5,4,5,13,4,4,1,4,5,2,13,1,38,3,10,7,1,7,13,1,8,9,3,,118,,1,21,,121.5684855,25.0363414
112,8,15,20,43,2,07信義區,信義區松仁路101號,0,0,1,3,B03,8,5,5,50,14,9,1,5,4,5,13,4,4,1,4,5,2,13,1,35,3,10,7,1,7,13,1,8,9,3,,118,,1,21,,121.5684855,25.0363414
112,8,15,21,17,1,02萬華區,萬華區忠孝橋往台北市,1,0,0,1,C03,8,5,5,40,8,9,1,5,4,5,13,4,4,3,4,5,2,29,1,22,1,9,6,1,7,9,1,10,9,11,,108,,1,25,,121.5060128,25.04898591
112,8,15,21,17,1,02萬華區,萬華區忠孝橋往台北市,1,0,0,2,,8,5,5,40,8,9,1,5,4,5,13,4,4,3,4,5,2,29,3,0,,,,,,,,,,,,67,,1,,,121.5060128,25.04898591
112,8,15,21,25,2,01大同區,大同區鄭州路與西寧北路口,0,0,2,3,H02,8,5,5,40,4,1,1,5,4,5,13,2,1,1,2,5,2,17,2,22,2,9,6,5,7,20,8,20,10,16,,67,,1,22,,121.5082021,25.0506052
112,8,15,21,25,2,01大同區,大同區鄭州路與西寧北路口,0,0,2,2,B03,8,5,5,40,4,1,1,5,4,5,13,2,1,1,2,5,2,17,1,53,3,10,7,1,7,9,1,8,2,5,,99,,1,22,,121.5082021,25.0506052
112,8,15,21,25,2,01大同區,大同區鄭州路與西寧北路口,0,0,2,1,C03,8,5,5,40,4,1,1,5,4,5,13,2,1,1,2,5,2,17,1,24,2,9,6,1,7,5,1,10,2,14,,8,,1,22,,121.5082021,25.0506052
112,8,15,21,48,2,09北投區,北投區大度路3段296巷與大度路3段口,0,0,1,1,B11,7,5,5,30,4,1,1,5,4,5,13,3,1,10,5,5,1,15,1,52,3,10,7,1,7,9,1,4,1,8,,72,,1,21,,121.4663628,25.1234602
112,8,15,21,48,2,09北投區,北投區大度路3段296巷與大度路3段口,0,0,1,2,C03,7,5,5,30,4,1,1,5,4,5,13,3,1,10,5,5,1,15,1,18,2,9,5,1,7,9,1,10,1,11,,13,,1,21,,121.4663628,25.1234602
112,8,15,22,42,2,08士林區,士林區通河街與通河街1巷口,0,0,2,1,C03,8,5,5,50,4,1,1,5,4,5,13,3,1,4,5,5,1,16,2,35,2,9,5,1,7,9,1,10,1,12,,4,,1,21,,121.5236913,25.0799019
112,8,15,22,42,2,08士林區,士林區通河街與通河街1巷口,0,0,2,2,C03,8,5,5,50,4,1,1,5,4,5,13,3,1,4,5,5,1,16,2,31,2,9,5,1,7,6,1,10,1,14,,44,,1,21,,121.5236913,25.0799019
112,8,15,23,12,2,08士林區,士林區芝玉路1段197巷與忠義街91巷口,0,0,3,2,C03,8,5,5,30,4,1,1,5,4,5,13,4,4,10,5,5,1,17,1,19,2,7,5,1,7,9,1,10,1,14,,13,,1,21,,121.532878,25.10622435
112,8,15,23,12,2,08士林區,士林區芝玉路1段197巷與忠義街91巷口,0,0,3,3,H02,8,5,5,30,4,1,1,5,4,5,13,4,4,10,5,5,1,17,1,20,2,8,5,5,7,20,8,20,10,16,,67,,1,21,,121.532878,25.10622435
112,8,15,23,12,2,08士林區,士林區芝玉路1段197巷與忠義街91巷口,0,0,3,1,C03,8,5,5,30,4,1,1,5,4,5,13,4,4,10,5,5,1,17,1,21,2,9,5,1,7,9,1,10,1,11,,72,,1,21,,121.532878,25.10622435
112,8,15,23,28,2,04大安區,大安區仁愛路3段99號,0,0,1,2,C03,8,5,5,30,14,9,1,5,4,5,13,1,1,1,4,5,2,13,1,33,2,9,5,1,7,14,1,10,1,13,,44,,1,21,,121.5410525,25.0383925
112,8,15,23,28,2,04大安區,大安區仁愛路3段99號,0,0,1,1,B01,8,5,5,30,14,9,1,5,4,5,13,1,1,1,4,5,2,13,1,53,3,10,7,1,7,12,1,2,1,5,,108,,1,21,,121.5410525,25.0383925
112,8,15,23,35,2,12內湖區,內湖區環山路1段24巷與環山路1段口,0,0,1,2,C03,8,5,5,30,4,1,1,5,4,5,13,1,1,5,5,5,2,16,2,56,2,9,5,1,7,5,1,8,1,11,,44,,1,22,,121.5656503,25.08456917
112,8,15,23,35,2,12內湖區,內湖區環山路1段24巷與環山路1段口,0,0,1,1,C03,8,5,5,30,4,1,1,5,4,5,13,1,1,5,5,5,2,16,2,22,3,10,5,1,7,4,1,8,1,12,,94,,1,22,,121.5656503,25.08456917
112,8,16,1,19,2,07信義區,信義區信義路5段與松仁路口,0,0,1,2,C03,8,5,5,50,4,1,1,5,4,5,13,2,1,3,4,5,2,16,1,21,2,8,6,1,7,9,1,10,1,11,,44,,1,25,,121.568232,25.0328674
112,8,16,1,19,2,07信義區,信義區信義路5段與松仁路口,0,0,1,1,B03,8,5,5,50,4,1,1,5,4,5,13,2,1,3,4,5,2,16,1,44,3,10,7,1,7,6,1,8,1,5,,9,,1,21,,121.568232,25.0328674
112,8,16,1,55,2,07信義區,信義區松山路541巷與松山路515巷2弄口,0,0,2,2,C03,8,5,5,30,4,1,1,5,4,5,13,4,4,10,5,5,2,15,1,63,2,8,5,1,7,15,1,10,1,14,,118,,1,21,,121.5786328,25.0377984
112,8,16,1,55,2,07信義區,信義區松山路541巷與松山路515巷2弄口,0,0,2,1,C03,8,5,5,30,4,1,1,5,4,5,13,4,4,10,5,5,2,15,1,18,2,8,6,1,7,9,1,10,1,11,,75,,1,21,,121.5786328,25.0377984
112,8,16,2,12,2,04大安區,大安區信義路4段與敦化南路2段口,0,0,1,1,B03,8,5,5,50,4,1,1,5,4,5,13,1,1,10,5,5,2,15,1,52,3,10,7,1,7,9,1,8,1,4,3,81,,1,21,,121.5485435,25.0332087
112,8,16,2,12,2,04大安區,大安區信義路4段與敦化南路2段口,0,0,1,2,C03,8,5,5,50,4,1,1,5,4,5,13,1,1,10,5,5,2,15,1,23,2,9,5,1,7,9,1,10,1,11,,44,,1,21,,121.5485435,25.0332087
112,8,16,6,2,2,10文山區,文山區羅斯福路6段166巷與溪口街36巷口口,0,0,1,2,C03,8,6,5,30,4,1,1,5,4,5,13,4,4,10,5,5,2,16,2,63,2,6,6,1,7,9,1,10,2,12,,44,,1,21,,121.5397651,24.9949908
112,8,16,6,2,2,10文山區,文山區羅斯福路6段166巷與溪口街36巷口口,0,0,1,1,C03,8,6,5,30,4,1,1,5,4,5,13,4,4,10,5,5,2,16,1,64,3,10,6,1,7,6,1,10,2,11,,72,,1,21,,121.5397651,24.9949908
112,8,16,7,6,2,09北投區,北投區承德路7段與立賢路口,0,0,1,1,A02,8,5,5,60,4,1,1,5,4,5,13,2,1,1,4,5,2,9,1,55,3,10,7,1,7,9,1,2,1,15,,44,,1,22,,121.5072217,25.1144096
112,8,16,7,6,2,09北投區,北投區承德路7段與立賢路口,0,0,1,2,H02,8,5,5,60,4,1,1,5,4,5,13,2,1,1,4,5,2,9,2,86,2,9,3,5,7,20,8,20,10,16,,67,,1,22,,121.5072217,25.1144096
112,8,16,7,38,2,03中山區,中山區錦州街與錦州街13巷口,0,0,2,2,C03,7,7,5,50,3,2,1,5,4,5,13,4,4,5,2,5,2,16,1,28,2,9,6,4,7,9,1,10,1,11,,44,,1,21,,121.5242435,25.0603465