發生年度,發生月,發生日,發生時-Hours,發生分,處理別-編號,區序,肇事地點,死亡人數,2-30日死亡人數,受傷人數,當事人序號,車種,天候,光線,道路類別,速限-速度限制,道路型態,事故位置,路面狀況1,路面狀況2,路面狀況3,道路障礙1,道路障礙2,號誌1,號誌2,車道劃分-分向,車道劃分-分道1,車道劃分-分道2,車道劃分-分道3,事故類型及型態,性別,年齡,受傷程度,主要傷處,保護裝置,行動電話,車輛用途,當事者行動狀態,駕駛資格情形,駕駛執照種類,飲酒情形,車輛撞擊部位1,車輛撞擊部位2,肇因碼-個別,肇因碼-主要,個人肇逃否,職業,旅次目的,座標-X,座標-Y
112,8,17,9,16,2,07信義區,信義區吳興街99巷與吳興街口,0,0,2,2,H01,8,6,5,30,3,18,1,5,4,5,13,4,4,10,5,5,2,3,2,24,2,8,4,5,8,16,8,20,10,16,,67,,1,21,,121.5608245,25.0304714
112,8,17,10,0,2,06松山區,松山區光復北路66號,0,0,1,1,B01,8,7,5,50,14,9,1,5,4,5,13,4,4,1,4,5,2,13,1,65,3,10,7,1,7,15,1,4,2,5,,16,,1,21,,121.5578238,25.04997656
112,8,17,10,0,2,06松山區,松山區光復北路66號,0,0,1,2,C03,8,7,5,50,14,9,1,5,4,5,13,4,4,1,4,5,2,13,1,33,2,9,5,1,7,3,1,10,2,13,,36,,1,21,,121.5578238,25.04997656
112,8,17,10,17,2,09北投區,北投區磺港路與清江路151巷口,0,0,1,2,C03,8,6,5,30,3,1,1,5,4,5,13,4,4,10,5,5,1,16,2,63,2,8,5,1,7,5,1,8,1,12,,44,,1,21,,121.5030586,25.12877262
112,8,17,10,17,2,09北投區,北投區磺港路與清江路151巷口,0,0,1,1,B03,8,6,5,30,3,1,1,5,4,5,13,4,4,10,5,5,1,16,2,51,3,10,7,1,7,1,1,8,1,8,,19,,1,21,,121.5030586,25.12877262
112,8,17,10,28,2,09北投區,北投區竹子湖路與陽金公路口,0,0,1,1,B03,8,6,5,40,3,1,1,5,4,5,13,3,1,5,4,5,1,17,1,56,3,10,7,1,7,9,1,8,1,2,,72,,1,22,,121.5401225,25.1674369
112,8,17,10,28,2,09北投區,北投區竹子湖路與陽金公路口,0,0,1,2,F01,8,6,5,40,3,1,1,5,4,5,13,3,1,5,4,5,1,17,1,35,2,9,5,1,7,6,8,20,1,12,,44,,1,22,,121.5401225,25.1674369
112,8,17,10,32,2,08士林區,士林區福國路與福國路56巷口,0,0,1,2,C03,8,5,5,50,3,2,1,5,4,5,13,4,4,1,2,5,2,12,2,56,2,9,3,4,7,9,1,10,2,12,,44,,1,21,,121.5234316,25.1020703
112,8,17,10,32,2,08士林區,士林區福國路與福國路56巷口,0,0,1,1,B03,8,5,5,50,3,2,1,5,4,5,13,4,4,1,2,5,2,12,1,50,3,10,3,4,7,8,1,8,2,8,,100,,1,21,,121.5234316,25.1020703
112,8,17,10,35,2,08士林區,士林區重慶北路4段227號,0,0,1,1,C03,8,6,5,40,14,11,1,5,4,5,13,4,4,1,2,4,2,17,1,27,2,9,6,4,7,6,3,18,1,15,,118,,1,22,,121.5110169,25.08560607
112,8,17,10,35,2,08士林區,士林區重慶北路4段227號,0,0,1,2,B12,8,6,5,40,14,11,1,5,4,5,13,4,4,1,2,4,2,17,1,68,3,10,3,4,7,13,1,8,11,15,,118,,1,21,,121.5110169,25.08560607
112,8,17,11,27,2,11南港區,南港區重陽路與重陽路125巷口,0,0,1,1,B03,8,6,5,40,14,8,1,5,4,5,13,4,4,4,3,4,2,12,2,27,3,10,3,4,7,8,1,8,2,2,,100,,1,21,,121.5984545,25.0563852
112,8,17,11,27,2,11南港區,南港區重陽路與重陽路125巷口,0,0,1,2,C03,8,6,5,40,14,8,1,5,4,5,13,4,4,4,3,4,2,12,1,27,2,9,3,4,7,9,1,10,2,14,,44,,1,21,,121.5984545,25.0563852
112,8,17,11,57,2,03中山區,中山區長安東路2段與建國北路1段口,0,0,1,3,C03,6,6,5,50,4,1,1,4,4,5,13,2,1,4,5,5,1,13,4,0,,,,,,,,,,,,119,,2,,,121.5365254,25.0484007
112,8,17,11,57,2,03中山區,中山區長安東路2段與建國北路1段口,0,0,1,2,C03,6,6,5,50,4,1,1,4,4,5,13,2,1,4,5,5,1,13,2,40,2,9,3,4,7,9,1,10,1,13,,44,,1,21,,121.5365254,25.0484007
112,8,17,11,57,2,03中山區,中山區長安東路2段與建國北路1段口,0,0,1,1,C03,6,6,5,50,4,1,1,4,4,5,13,2,1,4,5,5,1,13,1,33,3,10,3,4,7,9,1,10,1,11,,118,,1,21,,121.5365254,25.0484007
112,8,17,12,0,2,05中正區,中正區臨沂街與臨沂街19巷口,0,0,3,1,C03,7,7,5,30,4,1,1,4,4,5,13,4,4,5,4,5,2,17,1,19,2,9,5,1,7,9,1,10,1,11,,72,,1,21,,121.5304797,25.04198601
112,8,17,12,0,2,05中正區,中正區臨沂街與臨沂街19巷口,0,0,3,2,C03,7,7,5,30,4,1,1,4,4,5,13,4,4,5,4,5,2,17,1,65,2,9,5,1,7,9,1,10,1,14,,14,,1,21,,121.5304797,25.04198601
112,8,17,12,0,2,05中正區,中正區臨沂街與臨沂街19巷口,0,0,3,3,H02,7,7,5,30,4,1,1,4,4,5,13,4,4,5,4,5,2,17,2,19,2,9,5,5,7,20,8,20,10,16,,67,,1,21,,121.5304797,25.04198601
112,8,17,12,3,2,07信義區,信義區仁愛路4段505號對面,0,0,2,5,H02,8,7,5,50,14,18,1,5,4,5,13,2,1,9,4,4,2,3,2,36,2,9,2,5,7,20,8,20,10,17,,67,,1,21,,121.5606232,25.03754675
112,8,17,12,3,2,07信義區,信義區仁愛路4段505號對面,0,0,2,4,H02,8,7,5,50,14,18,1,5,4,5,13,2,1,9,4,4,2,3,1,35,2,9,2,5,7,20,8,20,10,17,,67,,1,21,,121.5606232,25.03754675
112,8,17,12,3,2,07信義區,信義區仁愛路4段505號對面,0,0,2,3,A02,8,7,5,50,14,18,1,5,4,5,13,2,1,9,4,4,2,3,1,41,3,10,7,1,7,12,1,2,1,17,,44,,1,21,,121.5606232,25.03754675
112,8,17,12,3,2,07信義區,信義區仁愛路4段505號對面,0,0,2,1,H01,8,7,5,50,14,18,1,5,4,5,13,2,1,9,4,4,2,3,2,88,3,10,4,5,8,16,8,20,10,16,,122,,1,21,,121.5606232,25.03754675
112,8,17,12,3,2,07信義區,信義區仁愛路4段505號對面,0,0,2,2,A02,8,7,5,50,14,18,1,5,4,5,13,2,1,9,4,4,2,3,1,50,3,10,7,1,7,12,1,2,1,17,,44,,1,21,,121.5606232,25.03754675
112,8,17,12,18,2,10文山區,文山區忠順街1段與忠順街1段48巷口,0,0,2,1,C03,6,6,5,30,4,1,1,4,1,5,13,4,4,8,5,5,2,15,2,42,2,5,5,1,7,9,1,10,2,14,,72,,1,21,,121.560041,24.9842269
112,8,17,12,18,2,10文山區,文山區忠順街1段與忠順街1段48巷口,0,0,2,2,C03,6,6,5,30,4,1,1,4,1,5,13,4,4,8,5,5,2,15,1,50,2,9,5,1,7,9,1,10,2,11,,14,,1,21,,121.560041,24.9842269
112,8,17,12,18,2,10文山區,文山區忠順街1段與忠順街1段48巷口,0,0,2,3,A11,6,6,5,30,4,1,1,4,1,5,13,4,4,8,5,5,2,15,1,42,3,10,7,1,7,13,1,7,11,17,,38,,1,21,,121.560041,24.9842269
112,8,17,12,19,2,04大安區,大安區大安路1段與大安路1段16巷口,0,0,1,1,C03,8,6,5,40,3,1,1,5,4,5,13,4,4,10,4,5,2,17,1,35,2,9,6,1,7,8,1,10,1,14,,100,,1,21,,121.5461889,25.0443368
112,8,17,12,19,2,04大安區,大安區大安路1段與大安路1段16巷口,0,0,1,2,C03,8,6,5,40,3,1,1,5,4,5,13,4,4,10,4,5,2,17,1,49,3,10,6,1,7,9,1,10,1,12,,44,,1,21,,121.5461889,25.0443368
112,8,17,12,29,2,09北投區,北投區泉源路NO.066燈桿,0,0,1,2,B12,8,7,5,50,11,9,1,5,4,5,13,4,4,5,5,5,1,11,1,36,3,10,7,1,7,9,1,4,1,8,,118,,1,22,,121.5228243,25.14232003
112,8,17,12,29,2,09北投區,北投區泉源路NO.066燈桿,0,0,1,1,C03,8,7,5,50,11,9,1,5,4,5,13,4,4,5,5,5,1,11,1,20,2,9,6,1,7,9,1,10,1,12,,118,,1,22,,121.5228243,25.14232003
112,8,17,12,38,2,06松山區,松山區塔悠路與塔悠路188巷口,0,0,2,3,H02,8,5,5,50,3,2,1,5,4,5,13,4,4,1,4,4,1,17,2,29,2,9,5,5,7,20,8,20,10,16,,67,,1,21,,121.5693585,25.0566946
112,8,17,12,38,2,06松山區,松山區塔悠路與塔悠路188巷口,0,0,2,2,C03,8,5,5,50,3,2,1,5,4,5,13,4,4,1,4,4,1,17,1,34,2,9,5,1,7,9,1,10,2,11,,13,,1,21,,121.5693585,25.0566946
112,8,17,12,38,2,06松山區,松山區塔悠路與塔悠路188巷口,0,0,2,1,C03,8,5,5,50,3,2,1,5,4,5,13,4,4,1,4,4,1,17,1,40,3,10,5,1,7,6,1,10,2,13,,9,,1,21,,121.5693585,25.0566946
112,8,17,12,55,2,06松山區,松山區寶清街89巷46號,0,0,1,1,C03,8,5,5,30,14,9,1,5,4,5,13,4,4,9,5,5,2,15,1,35,3,10,6,4,7,9,1,10,1,11,,72,,1,22,,121.5693285,25.05234902
112,8,17,12,55,2,06松山區,松山區寶清街89巷46號,0,0,1,2,C03,8,5,5,30,14,9,1,5,4,5,13,4,4,9,5,5,2,15,1,22,2,9,6,4,7,9,1,10,1,11,,13,,1,22,,121.5693285,25.05234902
112,8,17,13,15,2,12內湖區,內湖區內湖路1段518巷與洲子街口,0,0,1,1,B03,8,7,5,30,4,2,1,5,4,5,13,1,1,5,5,5,2,3,2,28,3,10,7,1,7,9,1,8,1,5,,70,,1,22,,121.573587,25.07919068
112,8,17,13,15,2,12內湖區,內湖區內湖路1段518巷與洲子街口,0,0,1,2,H01,8,7,5,30,4,2,1,5,4,5,13,1,1,5,5,5,2,3,1,54,2,8,4,5,8,16,8,20,10,16,,67,,1,22,,121.573587,25.07919068
112,8,17,13,27,2,03中山區,中山區大直橋往南(下橋處),0,0,1,1,A12,8,6,5,50,14,9,1,5,4,5,13,4,4,1,4,5,1,17,1,52,3,10,7,1,7,7,1,7,2,3,,107,,1,21,,121.544223,25.0740687
112,8,17,13,27,2,03中山區,中山區大直橋往南(下橋處),0,0,1,2,C03,8,6,5,50,14,9,1,5,4,5,13,4,4,1,4,5,1,17,1,63,2,9,6,1,7,9,1,10,2,11,,44,,1,21,,121.544223,25.0740687
112,8,17,13,41,2,06松山區,松山區光復北路26巷5號,0,0,1,2,C03,8,6,5,50,14,9,1,5,4,5,13,4,4,7,5,5,2,17,1,32,2,3,6,1,7,9,1,10,1,11,,42,,1,21,,121.5574057,25.0490244
112,8,17,13,41,2,06松山區,松山區光復北路26巷5號,0,0,1,1,B02,8,6,5,50,14,9,1,5,4,5,13,4,4,7,5,5,2,17,1,48,3,10,7,1,7,1,1,8,1,8,,19,,1,21,,121.5574057,25.0490244
112,8,17,14,5,2,03中山區,中山區濱江街與松江路口,0,0,1,2,C03,8,7,5,50,3,1,1,5,4,5,13,1,1,1,4,5,2,16,1,31,2,9,6,1,7,9,1,10,9,14,,85,,1,21,,121.5315169,25.0722267
112,8,17,14,5,2,03中山區,中山區濱江街與松江路口,0,0,1,1,C03,8,7,5,50,3,1,1,5,4,5,13,1,1,1,4,5,2,16,2,39,3,10,6,1,7,5,1,10,9,11,,85,,1,21,,121.5315169,25.0722267
112,8,17,14,7,2,03中山區,中山區市民大道3段179號,0,0,1,2,C03,8,7,5,40,14,9,1,5,4,5,13,4,4,9,4,5,2,12,1,18,2,9,6,1,7,5,1,10,1,14,,8,,1,25,,121.5419059,25.0447648
112,8,17,14,7,2,03中山區,中山區市民大道3段179號,0,0,1,1,C03,8,7,5,40,14,9,1,5,4,5,13,4,4,9,4,5,2,12,2,26,3,10,6,1,7,8,1,10,1,12,,44,,1,26,,121.5419059,25.0447648
112,8,17,14,7,2,08士林區,士林區前街與文林路594巷口,0,0,2,1,C03,7,6,5,30,4,1,1,5,4,5,13,4,4,10,5,5,2,15,1,52,2,9,5,1,7,9,1,8,2,12,,75,,1,21,,121.5248853,25.09745507
112,8,17,14,7,2,08士林區,士林區前街與文林路594巷口,0,0,2,2,C03,7,6,5,30,4,1,1,5,4,5,13,4,4,10,5,5,2,15,1,44,2,9,5,1,7,9,1,8,2,11,,14,,1,21,,121.5248853,25.09745507
112,8,17,14,33,2,04大安區,大安區延吉街與仁愛路4段345巷5弄口,0,0,1,2,C03,6,5,5,30,5,2,1,4,4,3,13,4,4,8,3,5,1,15,2,60,2,9,6,1,7,9,1,10,2,11,,44,,1,21,,121.5552322,25.0384532
112,8,17,14,33,2,04大安區,大安區延吉街與仁愛路4段345巷5弄口,0,0,1,3,A11,6,5,5,30,5,2,1,4,4,3,13,4,4,8,3,5,1,15,1,36,3,10,7,1,7,14,1,7,9,17,,38,,1,21,,121.5552322,25.0384532
112,8,17,14,33,2,04大安區,大安區延吉街與仁愛路4段345巷5弄口,0,0,1,1,B12,6,5,5,30,5,2,1,4,4,3,13,4,4,8,3,5,1,15,1,23,3,10,7,1,7,9,1,8,2,4,,72,,1,21,,121.5552322,25.0384532
112,8,17,14,36,2,05中正區,中正區仁愛路2段與杭州南路1段口口,0,0,2,1,B03,6,5,5,50,4,1,1,4,4,5,13,2,1,9,4,4,1,16,1,40,3,10,7,1,7,6,1,8,1,5,,98,,1,21,,121.5252529,25.0384252
112,8,17,14,36,2,05中正區,中正區仁愛路2段與杭州南路1段口口,0,0,2,2,C03,6,5,5,50,4,1,1,4,4,5,13,2,1,9,4,4,1,16,2,27,2,9,5,1,7,9,1,10,1,11,,44,,1,21,,121.5252529,25.0384252
112,8,17,14,36,2,05中正區,中正區仁愛路2段與杭州南路1段口口,0,0,2,3,H02,6,5,5,50,4,1,1,4,4,5,13,2,1,9,4,4,1,16,2,30,2,9,5,5,7,20,8,20,10,16,,67,,1,21,,121.5252529,25.0384252
112,8,17,14,45,2,06松山區,松山區光復北路60巷與南京東路4段158巷口,0,0,2,3,H02,6,7,5,30,4,2,1,4,4,5,13,4,4,9,5,5,2,17,2,21,2,9,6,5,7,20,8,20,10,16,,67,,1,21,,121.5563401,25.0497778
112,8,17,14,45,2,06松山區,松山區光復北路60巷與南京東路4段158巷口,0,0,2,2,C03,6,7,5,30,4,2,1,4,4,5,13,4,4,9,5,5,2,17,2,22,2,8,6,4,7,9,1,10,1,11,,13,,1,21,,121.5563401,25.0497778
112,8,17,14,45,2,06松山區,松山區光復北路60巷與南京東路4段158巷口,0,0,2,1,B12,6,7,5,30,4,2,1,4,4,5,13,4,4,9,5,5,2,17,1,52,3,10,7,4,7,9,1,8,1,5,,72,,1,21,,121.5563401,25.0497778
112,8,17,15,10,2,03中山區,中山區長春路199號,0,0,1,1,B03,8,7,5,40,14,8,1,5,4,5,13,4,4,9,4,4,2,2,1,91,3,10,7,1,7,9,1,8,11,5,,108,,2,22,,121.5383819,25.0547423
112,8,17,15,10,2,03中山區,中山區長春路199號,0,0,1,2,H01,8,7,5,40,14,8,1,5,4,5,13,4,4,9,4,4,2,2,1,69,2,9,4,5,8,17,8,20,10,16,,53,,1,21,,121.5383819,25.0547423
112,8,17,15,35,2,03中山區,中山區自強隧道(外)北往南出口處,0,0,1,1,F02,7,7,5,50,14,20,4,4,4,5,9,4,4,10,5,5,2,9,1,62,2,9,4,4,7,15,8,20,2,17,,102,,1,22,,121.548966,25.08695297
112,8,17,15,35,2,03中山區,中山區自強隧道(外)北往南出口處,0,0,1,4,H01,7,7,5,50,14,20,4,4,4,5,9,4,4,10,5,5,2,9,1,42,3,10,4,5,8,17,8,20,10,17,,67,,1,21,,121.548966,25.08695297
112,8,17,15,35,2,03中山區,中山區自強隧道(外)北往南出口處,0,0,1,2,H01,7,7,5,50,14,20,4,4,4,5,9,4,4,10,5,5,2,9,1,21,3,10,4,5,8,20,8,20,10,17,,67,,1,21,,121.548966,25.08695297
112,8,17,15,35,2,03中山區,中山區自強隧道(外)北往南出口處,0,0,1,3,H01,7,7,5,50,14,20,4,4,4,5,9,4,4,10,5,5,2,9,1,29,3,10,4,5,8,17,8,20,10,17,,67,,1,21,,121.548966,25.08695297
112,8,17,16,5,2,05中正區,中正區重慶南路2段與南海路口,0,0,1,2,H01,7,7,5,30,4,1,1,5,4,5,13,2,1,1,4,5,2,3,2,78,2,1,4,5,8,16,8,20,10,16,,121,,1,22,,121.514702,25.0321891
112,8,17,16,5,2,05中正區,中正區重慶南路2段與南海路口,0,0,1,1,C03,7,7,5,30,4,1,1,5,4,5,13,2,1,1,4,5,2,3,1,23,3,10,6,1,7,5,1,10,2,11,,70,,1,22,,121.514702,25.0321891
112,8,17,16,10,2,07信義區,信義區永吉路187巷9號,0,0,1,2,B03,7,5,5,30,14,9,1,5,4,5,13,4,4,10,5,5,2,17,1,44,3,10,7,1,7,9,1,8,1,7,,44,,1,21,,121.572732,25.0461739
112,8,17,16,10,2,07信義區,信義區永吉路187巷9號,0,0,1,1,F01,7,5,5,30,14,9,1,5,4,5,13,4,4,10,5,5,2,17,1,82,2,9,4,1,7,1,8,20,1,11,,19,,1,21,,121.572732,25.0461739
112,8,17,16,30,2,02萬華區,萬華區環河南路1段與忠孝西路2段口,0,0,1,2,B03,8,5,5,50,3,1,1,5,4,5,13,2,1,5,5,5,2,13,1,52,3,10,7,1,7,14,1,8,1,3,,44,,1,21,,121.5061469,25.0489762
112,8,17,16,30,2,02萬華區,萬華區環河南路1段與忠孝西路2段口,0,0,1,1,C03,8,5,5,50,3,1,1,5,4,5,13,2,1,5,5,5,2,13,2,21,2,9,6,1,7,9,3,18,1,11,,108,,1,21,,121.5061469,25.0489762
112,8,17,17,4,2,02萬華區,萬華區東園街與東園街35巷口,0,0,1,2,E03,8,5,8,50,3,1,1,5,4,5,13,2,1,5,5,5,2,17,1,28,2,1,6,1,7,9,1,10,2,11,,44,,1,21,,121.4957654,25.0275078
112,8,17,17,4,2,02萬華區,萬華區東園街與東園街35巷口,0,0,1,1,C03,8,5,8,50,3,1,1,5,4,5,13,2,1,5,5,5,2,17,1,60,3,10,6,1,7,5,1,10,2,11,,74,,1,21,,121.4957654,25.0275078
112,8,17,17,16,2,06松山區,松山區民生東路5段與民生東路5段27巷口,0,0,2,1,C03,7,6,5,50,5,2,1,5,4,5,13,4,4,1,4,5,2,16,1,53,2,9,5,4,7,7,1,10,2,12,,100,,1,21,,121.5565597,25.0584289
112,8,17,17,16,2,06松山區,松山區民生東路5段與民生東路5段27巷口,0,0,2,2,C03,7,6,5,50,5,2,1,5,4,5,13,4,4,1,4,5,2,16,1,36,2,7,6,4,7,9,1,10,2,14,,44,,1,21,,121.5565597,25.0584289
112,8,17,17,20,2,06松山區,松山區市民大道4段59號,0,0,1,3,H02,8,6,8,40,22,22,1,5,4,5,13,2,1,1,4,5,2,17,2,15,2,8,6,5,7,20,8,20,10,17,,67,,1,21,,121.5462309,25.0451725
112,8,17,17,20,2,06松山區,松山區市民大道4段59號,0,0,1,1,C03,8,6,8,40,22,22,1,5,4,5,13,2,1,1,4,5,2,17,1,18,3,10,6,4,7,8,1,10,11,17,,108,,1,21,,121.5462309,25.0451725
112,8,17,17,20,2,06松山區,松山區市民大道4段59號,0,0,1,2,B03,8,6,8,40,22,22,1,5,4,5,13,2,1,1,4,5,2,17,1,36,3,10,3,4,7,14,1,8,11,6,,44,,1,21,,121.5462309,25.0451725
112,8,17,18,8,2,03中山區,中山區北安路47號,0,0,2,1,C03,8,5,5,50,14,9,1,5,4,5,13,4,4,1,3,5,1,13,1,22,2,8,6,4,7,9,1,10,1,11,,16,,1,21,,121.528737,25.0777853
112,8,17,18,8,2,03中山區,中山區北安路47號,0,0,2,2,C03,8,5,5,50,14,9,1,5,4,5,13,4,4,1,3,5,1,13,2,26,2,8,6,4,7,15,1,10,1,13,,118,,1,21,,121.528737,25.0777853
112,8,17,18,8,2,03中山區,中山區北安路47號,0,0,2,3,B03,8,5,5,50,14,9,1,5,4,5,13,4,4,1,3,5,1,13,2,47,3,10,3,4,7,5,1,8,9,17,,74,,1,21,,121.528737,25.0777853
112,8,17,18,15,2,12內湖區,內湖區內湖路1段411巷與內湖路1段387巷3弄口,0,0,2,2,C03,8,5,5,30,4,1,1,5,4,5,13,4,4,4,3,5,1,15,1,38,2,9,3,4,7,9,1,10,1,11,,14,,1,21,,121.59036,25.080734
112,8,17,18,15,2,12內湖區,內湖區內湖路1段411巷與內湖路1段387巷3弄口,0,0,2,1,C03,8,5,5,30,4,1,1,5,4,5,13,4,4,4,3,5,1,15,2,31,2,8,3,4,7,9,1,10,1,14,,72,,1,21,,121.59036,25.080734
112,8,17,18,51,2,06松山區,松山區南京東路5段1號,0,0,1,1,C03,8,5,5,50,14,9,1,5,4,5,13,2,1,10,4,5,2,16,1,32,3,10,6,4,7,8,1,10,1,13,,100,,1,22,,121.5574028,25.0516969
112,8,17,18,51,2,06松山區,松山區南京東路5段1號,0,0,1,2,C03,8,5,5,50,14,9,1,5,4,5,13,2,1,10,4,5,2,16,2,33,2,9,6,4,7,9,1,10,1,11,,44,,1,22,,121.5574028,25.0516969
112,8,17,18,56,2,02萬華區,萬華區萬大路與莒光路口,0,0,1,2,B03,7,5,5,50,4,1,1,5,4,5,13,2,1,8,3,5,1,13,1,31,3,10,3,4,7,15,1,8,1,7,,118,,1,22,,121.5005221,25.0312774
112,8,17,18,56,2,02萬華區,萬華區萬大路與莒光路口,0,0,1,1,C03,7,5,5,50,4,1,1,5,4,5,13,2,1,8,3,5,1,13,2,36,2,8,3,4,7,9,1,10,1,12,,108,,1,22,,121.5005221,25.0312774
112,8,17,19,2,2,12內湖區,內湖區民權東路6段296巷與康寧路3段16巷口,0,0,1,2,H01,8,5,5,30,4,2,1,5,4,5,13,4,4,9,5,5,1,9,1,8,2,9,4,5,8,16,8,20,10,16,,67,,1,21,,121.6064194,25.07204921
112,8,17,19,2,2,12內湖區,內湖區民權東路6段296巷與康寧路3段16巷口,0,0,1,1,B03,8,5,5,30,4,2,1,5,4,5,13,4,4,9,5,5,1,9,1,83,3,10,7,1,7,9,1,8,1,8,,70,,1,21,,121.6064194,25.07204921
112,8,17,20,2,2,04大安區,大安區光復南路552號,0,0,2,1,C03,7,5,5,50,14,9,1,5,4,5,13,4,4,1,4,5,2,13,1,50,2,9,5,1,7,9,1,10,1,11,14,16,,1,21,,121.5574438,25.0349917
112,8,17,20,2,2,04大安區,大安區光復南路552號,0,0,2,2,C03,7,5,5,50,14,9,1,5,4,5,13,4,4,1,4,5,2,13,1,32,3,10,5,1,7,12,1,10,1,13,,44,,1,21,,121.5574438,25.0349917
112,8,17,20,2,2,04大安區,大安區光復南路552號,0,0,2,3,H02,7,5,5,50,14,9,1,5,4,5,13,4,4,1,4,5,2,13,2,47,2,7,5,5,7,17,8,20,10,16,,67,,1,21,,121.5574438,25.0349917
112,8,17,20,2,2,04大安區,大安區光復南路552號,0,0,2,4,C04,7,5,5,50,14,9,1,5,4,5,13,4,4,1,4,5,2,13,2,38,4,11,3,4,7,7,1,11,9,17,,100,,2,21,,121.5574438,25.0349917
112,8,17,20,4,2,10文山區,文山區辛亥路6段13號,0,0,1,1,C03,8,5,5,50,14,9,1,5,4,5,13,4,4,1,5,5,2,17,2,36,3,10,5,1,7,1,1,10,1,17,,118,,1,21,,121.5521697,24.99070996
112,8,17,20,4,2,10文山區,文山區辛亥路6段13號,0,0,1,2,C03,8,5,5,50,14,9,1,5,4,5,13,4,4,1,5,5,2,17,1,37,2,9,5,1,7,9,1,9,1,17,,118,,1,21,,121.5521697,24.99070996
112,8,17,20,39,2,03中山區,中山區內湖路1段與堤頂大道2段口,0,0,1,2,B02,8,5,5,50,5,2,1,5,4,5,13,1,1,1,3,5,1,12,1,31,3,10,3,4,7,9,1,8,2,5,,44,,1,21,,121.5602139,25.0846492
112,8,17,20,39,2,03中山區,中山區內湖路1段與堤頂大道2段口,0,0,1,1,C04,8,5,5,50,5,2,1,5,4,5,13,1,1,1,3,5,1,12,2,75,2,9,5,4,7,8,6,8,2,13,,100,,1,21,,121.5602139,25.0846492
112,8,17,20,58,2,02萬華區,萬華區西園路1段與和平西路3段口,0,0,2,1,C03,8,5,5,50,4,1,1,5,4,5,13,1,2,1,3,1,2,11,1,38,2,7,5,1,7,1,1,10,1,14,,44,,1,22,,121.4991864,25.03465136
112,8,17,20,58,2,02萬華區,萬華區西園路1段與和平西路3段口,0,0,2,2,C03,8,5,5,50,4,1,1,5,4,5,13,1,2,1,3,1,2,11,1,20,2,9,5,1,7,9,1,10,1,12,,44,,1,22,,121.4991864,25.03465136
112,8,17,21,39,2,03中山區,中山區民權東路2段43號,0,0,1,2,B02,8,5,5,50,14,9,1,5,4,5,13,1,1,1,3,5,1,17,1,31,3,10,7,1,7,15,1,8,1,7,,118,,1,21,,121.5306292,25.0626527
112,8,17,21,39,2,03中山區,中山區民權東路2段43號,0,0,1,3,B03,8,5,5,50,14,9,1,5,4,5,13,1,1,1,3,5,1,17,2,30,3,10,7,1,7,1,1,8,9,17,,19,,1,21,,121.5306292,25.0626527
112,8,17,21,39,2,03中山區,中山區民權東路2段43號,0,0,1,1,C03,8,5,5,50,14,9,1,5,4,5,13,1,1,1,3,5,1,17,1,33,2,9,5,1,7,9,1,10,1,11,,16,,1,21,,121.5306292,25.0626527
112,8,17,21,46,2,02萬華區,萬華區昆明街88號,0,0,1,1,C03,6,5,5,50,14,9,1,4,4,5,13,4,4,8,3,5,1,17,1,47,2,9,3,4,7,9,1,10,1,17,,44,,1,22,,121.5054575,25.04530019
112,8,17,21,46,2,02萬華區,萬華區昆明街88號,0,0,1,2,C03,6,5,5,50,14,9,1,4,4,5,13,4,4,8,3,5,1,17,1,35,3,10,3,4,7,8,1,10,1,17,,100,,1,22,,121.5054575,25.04530019
112,8,17,21,59,2,06松山區,松山區民生東路5段218號,0,0,1,1,C03,6,5,5,50,14,9,1,4,4,5,13,4,4,1,3,5,2,12,2,54,2,2,6,1,7,8,3,18,1,14,,100,,1,22,,121.56519,25.05906548
112,8,17,21,59,2,06松山區,松山區民生東路5段218號,0,0,1,2,A02,6,5,5,50,14,9,1,4,4,5,13,4,4,1,3,5,2,12,1,38,3,10,7,1,7,9,1,2,1,2,,44,,1,21,,121.56519,25.05906548
112,8,18,1,28,2,06松山區,松山區市民大道6段與松信路口,0,0,1,1,B03,8,5,5,40,4,2,1,5,4,5,13,1,1,9,4,5,2,16,1,37,3,10,7,4,7,6,1,8,2,2,,9,,1,21,,121.5722417,25.04946713
112,8,18,1,28,2,06松山區,松山區市民大道6段與松信路口,0,0,1,2,C03,8,5,5,40,4,2,1,5,4,5,13,1,1,9,4,5,2,16,1,45,2,9,6,4,7,9,1,10,2,14,,44,,1,21,,121.5722417,25.04946713
112,8,18,4,55,2,03中山區,中山區農安街與農安街166巷口,0,0,1,2,C03,6,5,5,50,4,1,1,4,4,5,13,4,4,5,5,5,2,15,1,26,2,9,3,4,7,9,1,10,2,11,,29,,1,21,,121.5338114,25.0646876
112,8,18,4,55,2,03中山區,中山區農安街與農安街166巷口,0,0,1,1,B03,6,5,5,50,4,1,1,4,4,5,13,4,4,5,5,5,2,15,1,43,3,10,3,4,7,1,1,4,2,4,,19,,1,21,,121.5338114,25.0646876