發生年度,發生月,發生日,發生時-Hours,發生分,處理別-編號,區序,肇事地點,死亡人數,2-30日死亡人數,受傷人數,當事人序號,車種,天候,光線,道路類別,速限-速度限制,道路型態,事故位置,路面狀況1,路面狀況2,路面狀況3,道路障礙1,道路障礙2,號誌1,號誌2,車道劃分-分向,車道劃分-分道1,車道劃分-分道2,車道劃分-分道3,事故類型及型態,性別,年齡,受傷程度,主要傷處,保護裝置,行動電話,車輛用途,當事者行動狀態,駕駛資格情形,駕駛執照種類,飲酒情形,車輛撞擊部位1,車輛撞擊部位2,肇因碼-個別,肇因碼-主要,個人肇逃否,職業,旅次目的,座標-X,座標-Y
112,8,19,17,41,2,10文山區,文山區羅斯福路5段與汀州路4段口口,0,0,3,4,H02,7,5,5,50,4,1,1,4,4,5,13,2,1,3,4,5,2,16,2,34,2,9,5,5,7,20,8,20,10,16,,67,,1,21,,121.5381486,25.0080219
112,8,19,17,41,2,10文山區,文山區羅斯福路5段與汀州路4段口口,0,0,3,2,C03,7,5,5,50,4,1,1,4,4,5,13,2,1,3,4,5,2,16,1,50,2,9,5,1,7,9,1,9,2,12,,44,,1,21,,121.5381486,25.0080219
112,8,19,17,41,2,10文山區,文山區羅斯福路5段與汀州路4段口口,0,0,3,1,B03,7,5,5,50,4,1,1,4,4,5,13,2,1,3,4,5,2,16,1,61,3,10,7,1,7,5,1,8,2,8,,98,,1,21,,121.5381486,25.0080219
112,8,19,18,5,2,05中正區,中正區南海路56號,0,0,1,1,C03,6,6,5,30,14,9,1,4,4,5,13,1,1,10,4,5,2,17,1,61,3,10,5,1,7,8,1,10,11,14,,44,,2,21,,121.5121402,25.0312879
112,8,19,18,5,2,05中正區,中正區南海路56號,0,0,1,3,C03,6,6,5,30,14,9,1,4,4,5,13,1,1,10,4,5,2,17,1,50,2,9,5,1,7,9,1,10,11,12,,13,,1,21,,121.5121402,25.0312879
112,8,19,18,5,2,05中正區,中正區南海路56號,0,0,1,2,C03,6,6,5,30,14,9,1,4,4,5,13,1,1,10,4,5,2,17,1,59,3,10,5,1,7,7,6,10,11,14,,100,,1,21,,121.5121402,25.0312879
112,8,19,18,10,2,05中正區,中正區重慶南路3段與汀州路2段口,0,0,1,1,C03,6,5,5,50,4,1,1,4,4,5,13,1,1,9,4,5,2,17,2,40,2,9,5,1,7,6,1,10,1,12,,9,,1,21,,121.5162069,25.0256846
112,8,19,18,10,2,05中正區,中正區重慶南路3段與汀州路2段口,0,0,1,2,C03,6,5,5,50,4,1,1,4,4,5,13,1,1,9,4,5,2,17,1,51,3,10,5,1,7,9,1,10,1,14,,44,,1,21,,121.5162069,25.0256846
112,8,19,18,10,2,05中正區,中正區重慶南路3段與汀州路2段口,0,0,1,3,H02,6,5,5,50,4,1,1,4,4,5,13,1,1,9,4,5,2,17,2,13,4,11,5,5,7,20,8,20,10,16,,67,,1,15,,121.5162069,25.0256846
112,8,19,18,10,2,05中正區,中正區重慶南路3段與汀州路2段口,0,0,1,4,H02,6,5,5,50,4,1,1,4,4,5,13,1,1,9,4,5,2,17,1,10,4,11,5,5,7,20,8,20,10,16,,67,,1,14,,121.5162069,25.0256846
112,8,19,18,17,2,09北投區,北投區關渡河堤自行車道八仙休憩站旁,0,0,1,2,F01,7,7,5,0,22,23,1,5,4,5,13,4,4,9,5,5,2,11,1,22,2,9,4,1,7,9,8,20,1,11,,44,,1,22,,121.4844626,25.11464
112,8,19,18,17,2,09北投區,北投區關渡河堤自行車道八仙休憩站旁,0,0,1,1,F01,7,7,5,0,22,23,1,5,4,5,13,4,4,9,5,5,2,11,2,6,3,10,4,1,7,4,8,20,1,11,,1,,1,24,,121.4844626,25.11464
112,8,19,18,25,2,03中山區,中山區錦州街與錦州街30巷口,0,0,1,2,C03,6,5,5,50,3,1,1,4,4,5,13,4,4,10,5,5,2,14,2,26,2,9,6,1,7,14,1,10,1,12,,44,,1,21,,121.5248024,25.06027944
112,8,19,18,25,2,03中山區,中山區錦州街與錦州街30巷口,0,0,1,1,B01,6,5,5,50,3,1,1,4,4,5,13,4,4,10,5,5,2,14,1,56,3,10,7,1,7,2,1,4,1,3,,12,,1,21,,121.5248024,25.06027944
112,8,19,18,25,2,10文山區,文山區木柵路1段與辛亥路6段口口,0,0,1,1,B03,6,5,5,50,4,1,1,4,4,5,13,2,1,1,4,5,1,16,1,28,3,10,3,4,7,6,1,8,1,2,,9,,1,21,,121.5522601,24.98789438
112,8,19,18,25,2,10文山區,文山區木柵路1段與辛亥路6段口口,0,0,1,2,C03,6,5,5,50,4,1,1,4,4,5,13,2,1,1,4,5,1,16,1,35,2,8,6,1,7,9,1,10,1,14,,44,,1,21,,121.5522601,24.98789438
112,8,19,18,30,2,07信義區,信義區莊敬路408號,0,0,1,1,B03,6,5,8,50,22,22,1,4,4,5,13,4,4,5,4,5,2,17,1,26,3,10,7,1,7,5,1,8,1,4,,8,,1,22,,121.5660478,25.0273463
112,8,19,18,30,2,07信義區,信義區莊敬路408號,0,0,1,2,C03,6,5,8,50,22,22,1,4,4,5,13,4,4,5,4,5,2,17,1,28,2,9,6,1,7,9,1,10,1,12,,44,,1,22,,121.5660478,25.0273463
112,8,19,19,14,2,06松山區,松山區民權東路5段與撫遠街口,0,0,1,1,B03,6,5,5,50,4,1,1,4,4,5,13,1,1,1,4,5,2,3,1,60,3,10,7,1,7,6,1,8,2,1,,70,,1,21,,121.5658187,25.0632365
112,8,19,19,14,2,06松山區,松山區民權東路5段與撫遠街口,0,0,1,2,H01,6,5,5,50,4,1,1,4,4,5,13,1,1,1,4,5,2,3,1,73,2,9,4,5,8,16,8,20,10,16,,67,,1,21,,121.5658187,25.0632365
112,8,19,19,20,2,02萬華區,萬華區德昌街與德昌街154巷口,0,0,1,2,C03,6,5,5,30,3,1,1,4,4,5,13,4,4,10,5,5,2,17,1,49,2,8,5,4,7,9,1,10,1,14,,13,,1,21,,121.4962036,25.0241036
112,8,19,19,20,2,02萬華區,萬華區德昌街與德昌街154巷口,0,0,1,1,C03,6,5,5,30,3,1,1,4,4,5,13,4,4,10,5,5,2,17,2,41,3,10,5,4,7,6,1,10,1,17,,72,,1,21,,121.4962036,25.0241036
112,8,19,19,30,2,12內湖區,內湖區南京東路6段與新明路298巷口,0,0,1,1,H01,6,5,5,50,4,18,1,4,4,5,13,2,1,1,4,5,1,3,1,59,2,9,4,5,8,16,8,20,10,16,,122,,1,22,,121.5814557,25.05691384
112,8,19,19,30,2,12內湖區,內湖區南京東路6段與新明路298巷口,0,0,1,2,A02,6,5,5,50,4,18,1,4,4,5,13,2,1,1,4,5,1,3,1,58,3,10,7,1,7,9,1,2,2,1,,70,,1,21,,121.5814557,25.05691384
112,8,19,19,33,2,04大安區,大安區仁愛路4段與大安路1段口,0,0,3,1,B03,6,5,5,50,5,1,1,4,4,5,13,2,1,1,4,4,2,16,2,37,2,9,7,1,7,5,1,8,1,7,,98,,1,21,,121.5528153,25.03775194
112,8,19,19,33,2,04大安區,大安區仁愛路4段與大安路1段口,0,0,3,3,H02,6,5,5,50,5,1,1,4,4,5,13,2,1,1,4,4,2,16,1,23,2,2,7,5,7,20,8,20,10,16,,67,,1,21,,121.5528153,25.03775194
112,8,19,19,33,2,04大安區,大安區仁愛路4段與大安路1段口,0,0,3,2,B01,6,5,5,50,5,1,1,4,4,5,13,2,1,1,4,4,2,16,1,65,2,3,7,1,7,9,1,4,1,8,,44,,1,21,,121.5528153,25.03775194
112,8,19,20,0,2,01大同區,大同區承德路3段與酒泉街口,0,0,1,2,C03,6,5,5,50,4,1,1,4,4,5,13,1,1,1,4,1,2,17,1,41,2,9,5,1,7,9,6,10,1,12,,118,,1,21,,121.5183743,25.0706787
112,8,19,20,0,2,01大同區,大同區承德路3段與酒泉街口,0,0,1,1,B01,6,5,5,50,4,1,1,4,4,5,13,1,1,1,4,1,2,17,1,56,3,10,7,1,7,11,1,4,11,17,,85,,2,21,,121.5183743,25.0706787
112,8,19,20,10,2,07信義區,信義區忠孝東路4段569號,0,0,1,1,C03,6,5,5,50,14,9,1,4,4,5,13,4,4,1,4,1,2,13,1,35,2,9,5,1,7,9,1,10,1,11,,108,,1,21,,121.5646205,25.0417095
112,8,19,20,10,2,07信義區,信義區忠孝東路4段569號,0,0,1,2,B03,6,5,5,50,14,9,1,4,4,5,13,4,4,1,4,1,2,13,1,31,3,10,7,1,7,9,1,8,1,7,,44,,1,21,,121.5646205,25.0417095
112,8,19,20,50,2,09北投區,北投區公館路61-1號,0,0,1,1,C04,6,5,5,50,22,9,1,4,4,5,13,4,4,5,5,5,2,17,1,25,2,9,6,1,7,15,1,8,1,11,,118,,1,21,,121.5038413,25.1325602
112,8,19,20,50,2,09北投區,北投區公館路61-1號,0,0,1,3,C03,6,5,5,50,22,9,1,4,4,5,13,4,4,5,5,5,2,17,1,26,3,10,6,1,7,13,1,10,1,12,,118,,1,21,,121.5038413,25.1325602
112,8,19,20,50,2,09北投區,北投區公館路61-1號,0,0,1,2,C03,6,5,5,50,22,9,1,4,4,5,13,4,4,5,5,5,2,17,1,18,3,10,6,1,7,13,1,10,1,12,,118,,1,21,,121.5038413,25.1325602
112,8,19,20,52,2,04大安區,大安區辛亥路3段與敦南街76巷口,0,0,2,3,H02,7,5,5,50,3,2,1,5,4,5,13,4,4,8,3,5,1,17,2,19,2,8,5,5,7,20,8,20,10,16,,67,,1,25,,121.5460744,25.0200323
112,8,19,20,52,2,04大安區,大安區辛亥路3段與敦南街76巷口,0,0,2,2,C03,7,5,5,50,3,2,1,5,4,5,13,4,4,8,3,5,1,17,1,21,2,8,5,1,7,9,1,10,1,11,,14,,1,25,,121.5460744,25.0200323
112,8,19,20,52,2,04大安區,大安區辛亥路3段與敦南街76巷口,0,0,2,1,B01,7,5,5,50,3,2,1,5,4,5,13,4,4,8,3,5,1,17,1,61,3,10,7,1,7,6,1,4,1,6,,9,,1,21,,121.5460744,25.0200323
112,8,19,21,5,2,12內湖區,內湖區成功路3段與文德路口,0,0,1,1,B03,7,5,5,50,3,1,1,5,4,5,13,2,1,1,4,5,2,16,1,43,3,10,7,1,7,6,1,8,2,2,,9,,1,21,,121.589382,25.0791638
112,8,19,21,5,2,12內湖區,內湖區成功路3段與文德路口,0,0,1,2,C04,7,5,5,50,3,1,1,5,4,5,13,2,1,1,4,5,2,16,2,44,2,8,6,1,7,9,1,10,2,11,,44,,1,21,,121.589382,25.0791638
112,8,19,21,38,2,04大安區,大安區信義路4段與復興南路2段口,0,0,1,1,B03,8,5,5,50,14,5,1,5,4,5,13,1,1,3,4,5,2,21,1,58,2,7,7,1,7,9,1,4,2,1,,108,,1,21,,121.5438934,25.0333258
112,8,19,21,38,2,04大安區,大安區信義路4段與復興南路2段口,0,0,1,2,,8,5,5,50,14,5,1,5,4,5,13,1,1,3,4,5,2,21,3,0,,,,,,,,,10,,,67,,1,,,121.5438934,25.0333258
112,8,19,21,41,2,01大同區,大同區天水路與華亭街口,0,0,1,1,C03,8,5,5,50,4,1,2,5,4,5,13,2,1,10,4,5,2,17,1,30,2,9,6,1,7,5,1,10,1,13,,8,,1,22,,121.5137225,25.0534075
112,8,19,21,41,2,01大同區,大同區天水路與華亭街口,0,0,1,2,B03,8,5,5,50,4,1,2,5,4,5,13,2,1,10,4,5,2,17,1,43,3,10,3,4,7,9,1,8,1,1,,44,,1,22,,121.5137225,25.0534075
112,8,19,22,48,2,01大同區,大同區鄭州路與西寧北路口,0,0,1,1,C03,8,5,5,40,4,1,1,5,4,5,13,2,1,1,5,5,2,16,1,31,2,9,6,1,7,5,1,10,1,14,,8,,1,22,,121.5081674,25.0505841
112,8,19,22,48,2,01大同區,大同區鄭州路與西寧北路口,0,0,1,2,B03,8,5,5,40,4,1,1,5,4,5,13,2,1,1,5,5,2,16,1,47,3,10,7,1,7,9,1,8,1,5,,99,,1,22,,121.5081674,25.0505841
112,8,19,23,34,2,05中正區,中正區中華路2段149-2號,0,0,2,1,F01,7,5,5,0,14,20,4,4,4,5,13,4,4,10,5,5,2,9,1,16,2,8,4,4,7,9,8,20,1,14,,88,,1,16,,121.5044304,25.0317647
112,8,19,23,34,2,05中正區,中正區中華路2段149-2號,0,0,2,2,H01,7,5,5,0,14,20,4,4,4,5,13,4,4,10,5,5,2,9,2,62,2,7,4,5,8,16,8,20,10,16,,67,,1,21,,121.5044304,25.0317647
112,8,20,1,18,2,09北投區,北投區磺溪便道與榮華三路口天母橋頭,0,0,1,2,C03,8,5,5,30,4,1,1,5,4,5,13,4,4,10,5,5,1,15,1,32,2,8,6,1,7,9,1,10,2,14,,44,,1,21,,121.5252043,25.1137228
112,8,20,1,18,2,09北投區,北投區磺溪便道與榮華三路口天母橋頭,0,0,1,1,B03,8,5,5,30,4,1,1,5,4,5,13,4,4,10,5,5,1,15,2,68,3,10,7,1,7,9,1,8,2,5,,72,,1,21,,121.5252043,25.1137228
112,8,20,6,30,2,02萬華區,萬華區堤外便道自行車道往北(華中008燈桿前),0,0,1,1,F01,8,6,7,30,14,23,1,5,4,5,13,4,4,9,4,5,1,2,1,29,3,10,4,1,7,9,8,20,1,12,,108,,1,21,,121.504703,25.0189051
112,8,20,6,30,2,02萬華區,萬華區堤外便道自行車道往北(華中008燈桿前),0,0,1,2,H01,8,6,7,30,14,23,1,5,4,5,13,4,4,9,4,5,1,2,2,65,2,1,4,5,8,16,8,20,10,16,,67,,1,21,,121.504703,25.0189051
112,8,20,7,30,2,08士林區,士林區重慶北路4段與通河西街1段口,0,0,1,2,B03,8,6,5,30,3,1,1,5,4,5,13,2,1,10,5,5,1,16,1,64,3,10,7,1,7,14,1,8,2,17,,118,,1,21,,121.5113562,25.08726382
112,8,20,7,30,2,08士林區,士林區重慶北路4段與通河西街1段口,0,0,1,1,C03,8,6,5,30,3,1,1,5,4,5,13,2,1,10,5,5,1,16,1,47,2,8,5,1,7,14,6,10,2,17,,118,,1,21,,121.5113562,25.08726382
112,8,20,9,1,2,03中山區,中山區中山北路2段與民權西路口,0,0,2,1,C03,8,5,8,50,4,1,1,5,4,5,13,1,1,1,3,5,1,13,2,26,2,9,6,4,7,9,1,10,1,11,,108,,1,21,,121.5224699,25.0626737
112,8,20,9,1,2,03中山區,中山區中山北路2段與民權西路口,0,0,2,2,C03,8,5,8,50,4,1,1,5,4,5,13,1,1,1,3,5,1,13,1,48,2,9,6,4,7,14,1,10,1,13,,44,,1,21,,121.5224699,25.0626737
112,8,20,9,15,2,12內湖區,內湖區環東大道環東快速256燈桿,0,0,1,2,B03,8,7,5,0,10,9,1,5,4,2,13,4,4,10,4,5,1,35,1,36,2,9,2,1,7,9,1,8,1,1,,13,,1,22,,121.5913726,25.06080858
112,8,20,9,15,2,12內湖區,內湖區環東大道環東快速256燈桿,0,0,1,1,,8,7,5,0,10,9,1,5,4,2,13,4,4,10,4,5,1,35,3,0,,,,,,,,,,,,131,,1,,,121.5913726,25.06080858
112,8,20,9,36,2,08士林區,士林區菁山路123號前,0,0,1,3,F01,8,6,5,50,14,9,1,4,4,5,13,4,4,9,4,5,1,13,1,50,2,9,4,1,7,9,8,20,2,13,,44,,1,21,,121.5614935,25.1443378
112,8,20,9,36,2,08士林區,士林區菁山路123號前,0,0,1,2,C03,8,6,5,50,14,9,1,4,4,5,13,4,4,9,4,5,1,13,1,33,3,10,5,1,7,9,1,10,2,14,,16,,1,21,,121.5614935,25.1443378
112,8,20,9,36,2,08士林區,士林區菁山路123號前,0,0,1,1,B03,8,6,5,50,14,9,1,4,4,5,13,4,4,9,4,5,1,13,1,33,3,10,7,1,7,21,7,19,11,15,,16,,2,21,,121.5614935,25.1443378
112,8,20,9,48,2,07信義區,信義區忠孝東路4段559巷與基隆路1段172巷口,0,0,2,1,C03,8,5,5,30,4,1,1,5,4,5,13,4,4,10,5,5,2,17,1,19,2,7,5,1,7,9,1,10,1,12,,107,,1,21,,121.5636956,25.0432474
112,8,20,9,48,2,07信義區,信義區忠孝東路4段559巷與基隆路1段172巷口,0,0,2,2,C03,8,5,5,30,4,1,1,5,4,5,13,4,4,10,5,5,2,17,1,29,2,8,5,1,7,5,1,10,1,14,,8,,1,21,,121.5636956,25.0432474
112,8,20,10,40,2,04大安區,大安區愛國東路79巷11號對面,0,0,2,3,H02,8,5,5,30,14,9,1,5,4,5,13,2,1,5,5,5,2,17,2,54,2,9,3,5,7,20,8,20,10,16,,67,,1,22,,121.5274073,25.0315941
112,8,20,10,40,2,04大安區,大安區愛國東路79巷11號對面,0,0,2,2,C03,8,5,5,30,14,9,1,5,4,5,13,2,1,5,5,5,2,17,1,29,2,9,3,4,7,9,1,10,1,14,,44,,1,22,,121.5274073,25.0315941
112,8,20,10,40,2,04大安區,大安區愛國東路79巷11號對面,0,0,2,1,C03,8,5,5,30,14,9,1,5,4,5,13,2,1,5,5,5,2,17,2,36,3,10,3,4,7,5,1,10,1,17,,94,,1,22,,121.5274073,25.0315941
112,8,20,10,46,2,04大安區,大安區復興南路2段與復興南路2段151巷口,0,0,1,1,C03,8,6,5,50,4,2,1,5,4,5,13,1,1,1,4,5,2,13,2,30,2,9,5,1,7,12,1,10,1,11,,16,,1,21,,121.5435845,25.0281922
112,8,20,10,46,2,04大安區,大安區復興南路2段與復興南路2段151巷口,0,0,1,2,C03,8,6,5,50,4,2,1,5,4,5,13,1,1,1,4,5,2,13,2,47,3,10,5,1,7,12,1,10,1,13,,44,,1,21,,121.5435845,25.0281922
112,8,20,12,11,2,12內湖區,內湖區南湖大橋與南湖大橋口南往北(編號7010348路燈桿處),0,0,1,2,B03,7,6,5,50,8,9,1,5,4,5,13,4,4,3,4,5,1,13,2,63,3,10,2,1,7,7,1,8,1,7,,100,,1,21,,121.6113276,25.06379722
112,8,20,12,11,2,12內湖區,內湖區南湖大橋與南湖大橋口南往北(編號7010348路燈桿處),0,0,1,1,C03,7,6,5,50,8,9,1,5,4,5,13,4,4,3,4,5,1,13,1,50,2,9,5,1,7,8,1,10,1,11,,108,,1,21,,121.6113276,25.06379722
112,8,20,12,30,2,03中山區,中山區松江路133巷與南京東路2段115巷口,0,0,1,1,B03,8,7,5,30,4,2,1,5,4,5,13,4,4,10,5,5,1,15,1,47,3,10,7,1,7,9,1,8,1,1,,72,,1,21,,121.5336601,25.05434796
112,8,20,12,30,2,03中山區,中山區松江路133巷與南京東路2段115巷口,0,0,1,2,C03,8,7,5,30,4,2,1,5,4,5,13,4,4,10,5,5,1,15,1,44,2,7,5,1,7,9,1,10,1,12,,14,,1,21,,121.5336601,25.05434796
112,8,20,12,40,2,05中正區,中正區重慶南路3段與汀州路2段口,0,0,1,1,B01,8,6,5,30,4,1,1,5,4,5,13,2,1,3,4,5,2,16,1,66,3,10,7,1,7,15,1,4,1,6,,118,,1,21,,121.5162571,25.0257418
112,8,20,12,40,2,05中正區,中正區重慶南路3段與汀州路2段口,0,0,1,2,C03,8,6,5,30,4,1,1,5,4,5,13,2,1,3,4,5,2,16,1,42,2,1,5,1,7,9,1,10,1,11,,81,,1,21,,121.5162571,25.0257418
112,8,20,13,2,2,08士林區,士林區忠誠路1段與忠誠路1段147巷口,0,0,1,1,B03,8,6,5,30,3,1,1,5,4,5,13,4,4,10,5,5,1,13,1,55,3,10,7,1,7,9,1,8,1,1,,108,,1,21,,121.5299354,25.1064178
112,8,20,13,2,2,08士林區,士林區忠誠路1段與忠誠路1段147巷口,0,0,1,2,B03,8,6,5,30,3,1,1,5,4,5,13,4,4,10,5,5,1,13,2,50,3,10,7,1,7,9,1,8,1,1,,108,,1,21,,121.5299354,25.1064178
112,8,20,13,2,2,08士林區,士林區忠誠路1段與忠誠路1段147巷口,0,0,1,3,B03,8,6,5,30,3,1,1,5,4,5,13,4,4,10,5,5,1,13,1,62,2,2,7,1,7,14,1,8,1,3,,44,,1,21,,121.5299354,25.1064178
112,8,20,13,45,2,03中山區,中山區建國北路3段與民族東路口,0,0,1,2,C03,6,7,5,50,4,2,1,4,4,5,13,1,1,1,4,5,2,17,1,65,2,9,5,1,7,15,1,10,1,12,,108,,1,22,,121.5336244,25.0681061
112,8,20,13,45,2,03中山區,中山區建國北路3段與民族東路口,0,0,1,1,A04,6,7,5,50,4,2,1,4,4,5,13,1,1,1,4,5,2,17,1,49,3,10,7,1,7,6,1,2,1,17,,9,,1,22,,121.5336244,25.0681061
112,8,20,13,48,2,08士林區,士林區基河路350號,0,0,1,1,B03,7,6,5,50,14,9,1,5,4,5,13,4,4,5,4,5,2,16,2,31,3,10,7,1,7,11,1,8,1,8,,103,,1,21,,121.5187367,25.09468097
112,8,20,13,48,2,08士林區,士林區基河路350號,0,0,1,2,C03,7,6,5,50,14,9,1,5,4,5,13,4,4,5,4,5,2,16,2,49,2,9,5,1,7,9,3,18,1,11,,44,,1,21,,121.5187367,25.09468097
112,8,20,14,39,2,08士林區,士林區中正路與士商路口,0,0,1,2,B03,8,5,5,50,4,1,1,4,4,5,13,2,1,1,4,4,2,17,1,38,3,10,7,1,7,9,1,8,1,7,,44,,1,21,,121.5186101,25.09245217
112,8,20,14,39,2,08士林區,士林區中正路與士商路口,0,0,1,1,C03,8,5,5,50,4,1,1,4,4,5,13,2,1,1,4,4,2,17,1,31,2,8,5,1,7,5,1,10,1,11,,74,,1,21,,121.5186101,25.09245217
112,8,20,14,40,2,07信義區,信義區忠孝東路5段1號附近側附近,0,0,1,2,,6,6,5,50,14,9,1,4,4,5,13,4,4,9,4,5,2,18,3,0,,,,,,,,,,,,67,,1,,,121.5649629,25.0412248
112,8,20,14,40,2,07信義區,信義區忠孝東路5段1號附近側附近,0,0,1,1,C03,6,6,5,50,14,9,1,4,4,5,13,4,4,9,4,5,2,18,2,32,2,8,5,1,7,9,1,10,1,15,,118,,1,21,,121.5649629,25.0412248
112,8,20,16,58,2,12內湖區,內湖區堤頂大道2段與瑞光路478巷口,0,0,1,1,C03,8,5,5,0,4,2,1,5,4,5,13,2,1,1,5,1,2,9,4,0,,,,,,,,,11,,,119,,2,22,,121.568766,25.0775341
112,8,20,16,58,2,12內湖區,內湖區堤頂大道2段與瑞光路478巷口,0,0,1,2,H03,8,5,5,0,4,2,1,5,4,5,13,2,1,1,5,1,2,9,1,30,2,8,4,5,8,17,8,20,10,16,,67,,1,22,,121.568766,25.0775341
112,8,20,17,5,2,03中山區,中山區吉林路與松江路362巷口,0,0,1,1,B03,6,7,5,30,4,2,1,4,4,5,13,4,4,9,4,4,2,17,1,27,3,10,7,1,7,6,1,8,1,17,,72,,1,22,,121.5303313,25.06199633
112,8,20,17,5,2,03中山區,中山區吉林路與松江路362巷口,0,0,1,2,C03,6,7,5,30,4,2,1,4,4,5,13,4,4,9,4,4,2,17,1,41,2,9,6,1,7,9,1,10,1,14,,44,,1,22,,121.5303313,25.06199633
112,8,20,17,5,2,08士林區,士林區中山北路5段555號,0,0,2,1,B03,6,5,8,40,22,22,1,4,4,5,13,4,4,2,5,5,1,9,2,60,3,10,7,1,7,1,1,8,2,17,,19,,1,21,,121.528105,25.0946276
112,8,20,17,5,2,08士林區,士林區中山北路5段555號,0,0,2,3,C03,6,5,8,40,22,22,1,4,4,5,13,4,4,2,5,5,1,9,2,23,2,9,5,1,7,10,1,10,2,14,,102,,1,21,,121.528105,25.0946276
112,8,20,17,5,2,08士林區,士林區中山北路5段555號,0,0,2,4,C03,6,5,8,40,22,22,1,4,4,5,13,4,4,2,5,5,1,9,1,22,2,9,5,1,7,9,1,10,2,12,,13,,1,21,,121.528105,25.0946276
112,8,20,17,5,2,08士林區,士林區中山北路5段555號,0,0,2,2,H03,6,5,8,40,22,22,1,4,4,5,13,4,4,2,5,5,1,9,1,22,3,10,4,5,8,16,8,20,10,16,,67,,1,21,,121.528105,25.0946276
112,8,20,17,10,2,03中山區,中山區中山北路2段168號,0,0,2,1,B03,6,6,5,50,14,9,1,4,4,5,13,4,4,4,4,5,2,17,1,43,3,10,3,4,7,8,1,8,11,17,,100,,1,22,,121.5223485,25.06348827
112,8,20,17,10,2,03中山區,中山區中山北路2段168號,0,0,2,3,H02,6,6,5,50,14,9,1,4,4,5,13,4,4,4,4,5,2,17,2,28,2,9,3,5,7,20,8,20,10,16,,67,,1,22,,121.5223485,25.06348827
112,8,20,17,10,2,03中山區,中山區中山北路2段168號,0,0,2,2,C03,6,6,5,50,14,9,1,4,4,5,13,4,4,4,4,5,2,17,1,28,2,9,3,4,7,9,1,10,1,12,,44,,1,22,,121.5223485,25.06348827
112,8,20,17,30,2,02萬華區,萬華區萬大路與莒光路口,0,0,1,2,C03,7,6,5,50,4,1,1,4,4,5,13,1,1,8,3,5,1,16,1,28,2,8,3,4,7,9,1,10,1,15,,44,,1,22,,121.5006178,25.0311271
112,8,20,17,30,2,02萬華區,萬華區萬大路與莒光路口,0,0,1,1,B01,7,6,5,50,4,1,1,4,4,5,13,1,1,8,3,5,1,16,1,61,3,10,3,4,7,6,1,4,1,2,,9,,1,22,,121.5006178,25.0311271
112,8,20,18,0,2,05中正區,中正區八德路1段與金山北路口,0,0,1,1,C03,6,5,5,50,14,9,1,4,4,3,10,1,1,1,5,5,2,17,1,32,2,9,5,1,7,9,1,10,1,14,,16,,1,21,,121.5302786,25.0439795
112,8,20,18,0,2,05中正區,中正區八德路1段與金山北路口,0,0,1,2,B03,6,5,5,50,14,9,1,4,4,3,10,1,1,1,5,5,2,17,1,36,3,10,7,1,7,12,1,8,1,3,,44,,1,21,,121.5302786,25.0439795
112,8,20,18,0,2,05中正區,中正區八德路1段與金山北路口,0,0,1,3,B01,6,5,5,50,14,9,1,4,4,3,10,1,1,1,5,5,2,17,1,42,3,10,7,1,7,14,1,2,9,17,,44,,2,21,,121.5302786,25.0439795
112,8,20,18,1,2,07信義區,信義區忠孝東路4段與光復南路口口,0,0,2,2,C03,6,5,5,50,14,9,1,4,4,5,13,2,1,9,5,5,2,13,2,57,2,9,5,1,7,12,1,10,1,13,,44,,1,21,,121.5578728,25.041408
112,8,20,18,1,2,07信義區,信義區忠孝東路4段與光復南路口口,0,0,2,1,C03,6,5,5,50,14,9,1,4,4,5,13,2,1,9,5,5,2,13,1,30,2,9,5,1,7,9,1,10,1,11,,108,,1,21,,121.5578728,25.041408
112,8,20,18,11,2,03中山區,中山區新生北路2段與南京東路1段口,0,0,1,1,C03,6,6,5,50,4,1,1,4,4,5,13,2,1,1,5,5,1,16,1,64,2,9,3,4,7,8,1,10,2,14,,100,,1,21,,121.5275871,25.0519957
112,8,20,18,11,2,03中山區,中山區新生北路2段與南京東路1段口,0,0,1,2,B03,6,6,5,50,4,1,1,4,4,5,13,2,1,1,5,5,1,16,1,62,3,10,3,4,7,9,1,8,2,2,,44,,1,21,,121.5275871,25.0519957
112,8,20,18,12,2,05中正區,中正區林森南路33號前,0,0,3,4,B01,6,6,5,50,14,9,1,4,4,5,13,4,4,9,4,5,1,13,1,57,3,10,7,1,7,8,1,4,2,3,,100,,1,21,,121.5224719,25.0418855
112,8,20,18,12,2,05中正區,中正區林森南路33號前,0,0,3,3,C03,6,6,5,50,14,9,1,4,4,5,13,4,4,9,4,5,1,13,1,49,2,5,6,1,7,9,1,9,2,13,,44,,1,23,,121.5224719,25.0418855
112,8,20,18,12,2,05中正區,中正區林森南路33號前,0,0,3,2,C03,6,6,5,50,14,9,1,4,4,5,13,4,4,9,4,5,1,13,1,32,2,9,6,1,7,9,1,10,2,12,,44,,1,22,,121.5224719,25.0418855
112,8,20,18,12,2,05中正區,中正區林森南路33號前,0,0,3,1,C03,6,6,5,50,14,9,1,4,4,5,13,4,4,9,4,5,1,13,1,18,2,9,6,1,7,9,1,10,2,14,,108,,1,22,,121.5224719,25.0418855
112,8,20,18,50,2,04大安區,大安區和平東路2段134號與和平東路2段口,0,0,1,2,C03,6,5,5,50,4,1,1,4,4,5,13,2,1,10,5,5,2,17,2,35,2,9,6,4,7,9,1,10,1,17,,44,,1,22,,121.544738,25.0247403