發生年度,發生月,發生日,發生時-Hours,發生分,處理別-編號,區序,肇事地點,死亡人數,2-30日死亡人數,受傷人數,當事人序號,車種,天候,光線,道路類別,速限-速度限制,道路型態,事故位置,路面狀況1,路面狀況2,路面狀況3,道路障礙1,道路障礙2,號誌1,號誌2,車道劃分-分向,車道劃分-分道1,車道劃分-分道2,車道劃分-分道3,事故類型及型態,性別,年齡,受傷程度,主要傷處,保護裝置,行動電話,車輛用途,當事者行動狀態,駕駛資格情形,駕駛執照種類,飲酒情形,車輛撞擊部位1,車輛撞擊部位2,肇因碼-個別,肇因碼-主要,個人肇逃否,職業,旅次目的,座標-X,座標-Y
112,8,20,18,50,2,04大安區,大安區和平東路2段134號與和平東路2段口,0,0,1,1,B01,6,5,5,50,4,1,1,4,4,5,13,2,1,10,5,5,2,17,1,48,3,10,3,4,7,11,1,4,1,17,,103,,1,21,,121.544738,25.0247403
112,8,20,19,2,2,12內湖區,內湖區康寧路3段190巷與康寧路3段口,0,0,2,1,B01,6,5,5,0,3,1,1,4,4,5,13,4,4,1,4,5,2,16,1,51,3,10,7,1,7,5,1,4,2,8,,72,,1,21,,121.6119999,25.06855764
112,8,20,19,2,2,12內湖區,內湖區康寧路3段190巷與康寧路3段口,0,0,2,2,C03,6,5,5,0,3,1,1,4,4,5,13,4,4,1,4,5,2,16,1,25,2,9,6,1,7,9,1,10,2,12,,44,,1,21,,121.6119999,25.06855764
112,8,20,19,2,2,12內湖區,內湖區康寧路3段190巷與康寧路3段口,0,0,2,3,H02,6,5,5,0,3,1,1,4,4,5,13,4,4,1,4,5,2,16,2,26,2,9,6,5,7,20,8,20,10,16,,67,,1,21,,121.6119999,25.06855764
112,8,20,19,30,2,05中正區,中正區中山南路與青島東路口,0,0,2,1,C03,7,5,5,50,4,1,1,4,4,5,13,1,1,9,4,5,2,16,1,19,2,7,5,1,7,8,1,10,1,14,,100,,1,21,,121.5194201,25.0444671
112,8,20,19,30,2,05中正區,中正區中山南路與青島東路口,0,0,2,2,B01,7,5,5,50,4,1,1,4,4,5,13,1,1,9,4,5,2,16,1,68,3,10,7,1,7,9,1,4,1,2,,44,,1,21,,121.5194201,25.0444671
112,8,20,19,30,2,05中正區,中正區中山南路與青島東路口,0,0,2,3,H02,7,5,5,50,4,1,1,4,4,5,13,1,1,9,4,5,2,16,2,19,2,7,5,5,7,20,8,20,10,16,,67,,1,21,,121.5194201,25.0444671
112,8,20,19,57,2,03中山區,中山區復興北路與長安東路2段口,0,0,1,1,B01,6,5,5,30,4,2,1,4,4,5,13,1,1,1,4,5,2,17,1,51,3,10,7,1,7,8,1,4,1,17,,14,,1,21,,121.5438372,25.04832165
112,8,20,19,57,2,03中山區,中山區復興北路與長安東路2段口,0,0,1,2,C03,6,5,5,30,4,2,1,4,4,5,13,1,1,1,4,5,2,17,1,20,2,9,5,1,7,9,1,10,1,14,,13,,1,21,,121.5438372,25.04832165
112,8,20,20,42,2,01大同區,大同區民生西路162號(承德路上),0,0,2,3,C03,7,5,5,50,14,9,1,5,4,5,13,4,4,1,5,5,2,9,1,18,2,9,6,1,7,9,1,10,1,14,,44,,1,22,,121.5180595,25.05701702
112,8,20,20,42,2,01大同區,大同區民生西路162號(承德路上),0,0,2,4,H02,7,5,5,50,14,9,1,5,4,5,13,4,4,1,5,5,2,9,2,19,2,8,6,5,7,20,8,20,10,16,,67,,1,22,,121.5180595,25.05701702
112,8,20,20,42,2,01大同區,大同區民生西路162號(承德路上),0,0,2,2,H02,7,5,5,50,14,9,1,5,4,5,13,4,4,1,5,5,2,9,1,35,3,10,7,5,7,19,8,20,10,16,,126,,1,22,,121.5180595,25.05701702
112,8,20,20,42,2,01大同區,大同區民生西路162號(承德路上),0,0,2,1,B01,7,5,5,50,14,9,1,5,4,5,13,4,4,1,5,5,2,9,1,67,3,10,7,1,7,14,1,4,1,6,,40,,1,21,,121.5180595,25.05701702
112,8,20,20,49,2,08士林區,士林區通河街1巷與通河街口,0,0,2,3,C03,8,5,5,50,4,1,1,5,4,5,13,3,1,10,5,5,1,17,1,27,2,9,5,1,7,9,1,8,2,17,,14,,1,21,,121.5236894,25.0799019
112,8,20,20,49,2,08士林區,士林區通河街1巷與通河街口,0,0,2,2,C03,8,5,5,50,4,1,1,5,4,5,13,3,1,10,5,5,1,17,1,38,2,9,5,1,7,9,1,10,2,17,,14,,1,21,,121.5236894,25.0799019
112,8,20,20,49,2,08士林區,士林區通河街1巷與通河街口,0,0,2,1,F01,8,5,5,50,4,1,1,5,4,5,13,3,1,10,5,5,1,17,1,19,3,10,4,1,7,9,8,20,2,17,,72,,1,21,,121.5236894,25.0799019
112,8,20,20,57,2,04大安區,大安區基隆路2段329號,0,0,1,1,B03,8,5,5,50,11,9,1,5,4,5,13,4,4,1,2,5,2,12,1,47,3,10,7,1,7,8,1,8,1,6,,100,,1,21,,121.5488784,25.0209844
112,8,20,20,57,2,04大安區,大安區基隆路2段329號,0,0,1,2,C03,8,5,5,50,11,9,1,5,4,5,13,4,4,1,2,5,2,12,1,31,2,9,5,1,7,9,1,10,1,12,,44,,1,21,,121.5488784,25.0209844
112,8,20,20,59,2,01大同區,大同區承德路3段與敦煌路口,0,0,1,2,C03,7,5,7,40,4,1,1,4,4,5,13,2,1,7,2,4,1,15,1,30,2,9,6,1,7,9,1,10,2,14,,44,,1,21,,121.5200693,25.0753297
112,8,20,20,59,2,01大同區,大同區承德路3段與敦煌路口,0,0,1,1,B03,7,5,7,40,4,1,1,4,4,5,13,2,1,7,2,4,1,15,2,42,4,11,3,4,7,21,7,19,11,15,,82,,2,22,,121.5200693,25.0753297
112,8,20,21,53,2,10文山區,文山區木柵路1段165號,0,0,1,1,C03,8,5,5,50,14,9,2,5,4,5,13,4,4,5,4,5,2,17,1,24,3,10,5,1,7,15,1,10,1,12,,118,,1,22,,121.5506888,24.9875547
112,8,20,21,53,2,10文山區,文山區木柵路1段165號,0,0,1,2,C03,8,5,5,50,14,9,2,5,4,5,13,4,4,5,4,5,2,17,2,27,2,8,5,1,7,9,1,10,1,11,,44,,1,22,,121.5506888,24.9875547
112,8,20,22,5,2,07信義區,信義區基隆路2段80號與嘉興街口,0,0,1,1,B03,8,5,5,30,3,2,1,5,4,5,13,4,4,10,5,5,2,15,2,30,3,10,7,1,7,9,1,8,1,8,,108,,1,21,,121.5578976,25.0304733
112,8,20,22,5,2,07信義區,信義區基隆路2段80號與嘉興街口,0,0,1,2,F01,8,5,5,30,3,2,1,5,4,5,13,4,4,10,5,5,2,15,2,31,2,9,4,1,7,9,8,20,1,12,,99,,1,21,,121.5578976,25.0304733
112,8,21,0,0,2,10文山區,文山區景興路與木柵路1段口口,0,0,1,1,C03,8,5,5,50,3,1,1,5,4,5,13,2,1,5,5,5,2,17,1,30,3,10,6,1,7,11,1,10,11,17,,10,,1,21,,121.5444168,24.9932365
112,8,21,0,0,2,10文山區,文山區景興路與木柵路1段口口,0,0,1,2,C03,8,5,5,50,3,1,1,5,4,5,13,2,1,5,5,5,2,17,1,19,2,9,6,1,7,9,1,10,11,14,,44,,1,21,,121.5444168,24.9932365
112,8,21,2,45,2,12內湖區,內湖區瑞湖街45號,0,0,1,1,C03,7,5,5,50,11,9,1,5,4,5,13,4,4,5,5,5,2,18,1,30,2,7,6,1,7,9,1,10,1,15,,44,,1,21,,121.5758194,25.07437621
112,8,21,2,45,2,12內湖區,內湖區瑞湖街45號,0,0,1,2,A12,7,5,5,50,11,9,1,5,4,5,13,4,4,5,5,5,2,18,1,31,3,10,7,1,7,9,1,7,9,17,,30,,1,21,,121.5758194,25.07437621
112,8,21,5,8,2,07信義區,信義區信安街136號,0,0,1,1,B03,7,7,5,50,14,9,1,5,4,5,13,4,4,5,4,5,2,9,1,24,3,10,7,1,7,9,1,8,1,5,,108,,1,22,,121.5557886,25.0242373
112,8,21,5,8,2,07信義區,信義區信安街136號,0,0,1,2,H01,7,7,5,50,14,9,1,5,4,5,13,4,4,5,4,5,2,9,1,42,2,9,4,5,8,16,8,20,10,16,,67,,1,22,,121.5557886,25.0242373
112,8,21,5,52,2,06松山區,松山區民權東路3段與敦化北路口,0,0,1,2,C03,8,7,5,50,4,1,1,5,4,5,13,2,1,9,4,4,2,17,1,52,2,9,6,1,7,9,1,10,2,11,,44,,1,22,,121.5509999,25.06144565
112,8,21,5,52,2,06松山區,松山區民權東路3段與敦化北路口,0,0,1,1,B02,8,7,5,50,4,1,1,5,4,5,13,2,1,9,4,4,2,17,1,56,3,10,7,3,7,11,1,8,2,4,,85,,1,22,,121.5509999,25.06144565
112,8,21,6,49,2,08士林區,士林區百齡橋016燈桿旁,0,0,2,4,C03,8,5,5,50,14,9,1,5,4,5,13,4,4,1,4,5,2,12,1,71,2,9,6,1,7,9,1,10,9,14,,44,,1,21,,121.5120588,25.08797631
112,8,21,6,49,2,08士林區,士林區百齡橋016燈桿旁,0,0,2,2,C03,8,5,5,50,14,9,1,5,4,5,13,4,4,1,4,5,2,12,1,67,2,9,6,1,7,9,1,10,1,14,,44,,1,21,,121.5120588,25.08797631
112,8,21,6,49,2,08士林區,士林區百齡橋016燈桿旁,0,0,2,3,B03,8,5,5,50,14,9,1,5,4,5,13,4,4,1,4,5,2,12,1,44,3,10,7,1,7,9,1,8,1,2,,44,,1,21,,121.5120588,25.08797631
112,8,21,6,49,2,08士林區,士林區百齡橋016燈桿旁,0,0,2,1,C03,8,5,5,50,14,9,1,5,4,5,13,4,4,1,4,5,2,12,4,0,4,11,3,4,7,7,7,19,11,15,,119,,2,22,,121.5120588,25.08797631
112,8,21,6,52,2,04大安區,大安區安和路1段與敦化南路1段口,0,0,1,1,C03,8,6,5,50,3,1,1,5,4,5,13,2,1,1,4,5,2,18,2,30,2,8,6,1,7,6,1,10,2,14,,42,,1,21,,121.5491317,25.04019356
112,8,21,6,52,2,04大安區,大安區安和路1段與敦化南路1段口,0,0,1,2,,8,6,5,50,3,1,1,5,4,5,13,2,1,1,4,5,2,18,3,0,,,,,,,,,,,,128,,1,,,121.5491317,25.04019356
112,8,21,7,25,2,05中正區,中正區忠孝東路2段134巷10號,0,0,2,1,B03,8,5,5,50,14,9,1,5,4,5,13,4,4,9,4,5,2,17,1,52,3,10,7,1,7,1,1,8,1,7,,19,,1,21,,121.5316685,25.0416797
112,8,21,7,25,2,05中正區,中正區忠孝東路2段134巷10號,0,0,2,2,C03,8,5,5,50,14,9,1,5,4,5,13,4,4,9,4,5,2,17,1,30,2,9,5,1,7,9,1,10,1,11,,44,,1,21,,121.5316685,25.0416797
112,8,21,7,25,2,05中正區,中正區忠孝東路2段134巷10號,0,0,2,3,H02,8,5,5,50,14,9,1,5,4,5,13,4,4,9,4,5,2,17,2,29,2,9,5,5,7,20,8,20,10,16,,67,,1,21,,121.5316685,25.0416797
112,8,21,7,39,2,03中山區,中山區民族東路336號,0,0,1,1,C03,8,5,8,40,14,8,1,5,4,5,13,1,1,1,4,4,1,13,2,26,2,9,6,1,7,9,1,10,2,11,,108,,1,21,,121.537956,25.0680529
112,8,21,7,39,2,03中山區,中山區民族東路336號,0,0,1,2,C03,8,5,8,40,14,8,1,5,4,5,13,1,1,1,4,4,1,13,2,41,3,10,6,1,7,7,1,10,2,13,,100,,1,21,,121.537956,25.0680529
112,8,21,7,46,2,08士林區,士林區平菁街與平菁街43巷口,0,0,2,2,C03,8,6,5,30,5,3,1,5,4,5,13,4,4,10,5,5,1,16,2,54,2,9,5,1,7,9,1,10,1,14,,107,,1,21,,121.5729514,25.13076221
112,8,21,7,46,2,08士林區,士林區平菁街與平菁街43巷口,0,0,2,1,C03,8,6,5,30,5,3,1,5,4,5,13,4,4,10,5,5,1,16,1,41,2,8,2,1,7,9,1,10,1,11,,72,,1,21,,121.5729514,25.13076221
112,8,21,8,11,2,01大同區,大同區民權西路194號,0,0,2,2,C03,8,6,5,50,14,9,1,5,4,5,13,4,4,1,4,5,2,17,1,39,2,9,6,4,7,9,1,10,2,14,,44,,1,22,,121.514096,25.0629526
112,8,21,8,11,2,01大同區,大同區民權西路194號,0,0,2,1,C03,8,6,5,50,14,9,1,5,4,5,13,4,4,1,4,5,2,17,1,21,2,9,6,4,7,7,1,10,2,12,,100,,1,22,,121.514096,25.0629526
112,8,21,8,15,2,12內湖區,內湖區麥帥一橋機車道西往東,0,0,2,2,C03,8,6,5,40,14,11,1,5,4,5,13,4,4,3,4,5,1,13,2,28,2,9,6,1,7,9,1,11,2,13,,44,,1,21,,121.5762169,25.05409165
112,8,21,8,15,2,12內湖區,內湖區麥帥一橋機車道西往東,0,0,2,1,C03,8,6,5,40,14,11,1,5,4,5,13,4,4,3,4,5,1,13,2,45,2,8,6,1,7,9,1,10,2,12,,16,,1,21,,121.5762169,25.05409165
112,8,21,8,25,2,04大安區,大安區臥龍街188巷與辛亥路3段口,0,0,1,1,B03,8,6,5,50,3,1,1,5,4,5,13,4,4,1,4,5,2,17,1,47,3,10,7,1,7,5,1,8,1,5,,17,,1,21,,121.5505233,25.01618563
112,8,21,8,25,2,04大安區,大安區臥龍街188巷與辛亥路3段口,0,0,1,2,C03,8,6,5,50,3,1,1,5,4,5,13,4,4,1,4,5,2,17,1,29,2,9,5,1,7,5,1,10,1,14,,17,,1,21,,121.5505233,25.01618563
112,8,21,8,27,2,10文山區,文山區木柵路1段64號,0,0,2,2,C03,8,7,5,50,14,9,1,5,4,5,13,4,4,5,2,5,2,17,2,44,2,9,5,1,7,9,1,10,1,11,,44,,1,21,,121.5476293,24.9869876
112,8,21,8,27,2,10文山區,文山區木柵路1段64號,0,0,2,1,C04,8,7,5,50,14,9,1,5,4,5,13,4,4,5,2,5,2,17,2,42,2,9,5,1,7,1,1,11,1,14,,19,,1,21,,121.5476293,24.9869876
112,8,21,8,50,2,12內湖區,內湖區堤頂大道2段99號,0,0,1,1,B03,8,5,5,50,14,9,1,5,4,5,13,4,4,1,4,5,1,17,1,27,3,10,7,1,7,7,1,8,1,2,,100,,1,21,,121.5711476,25.07649265
112,8,21,8,50,2,12內湖區,內湖區堤頂大道2段99號,0,0,1,2,C03,8,5,5,50,14,9,1,5,4,5,13,4,4,1,4,5,1,17,1,29,2,9,6,1,7,9,1,10,1,14,,44,,1,21,,121.5711476,25.07649265
112,8,21,9,0,2,10文山區,文山區景興路與木柵路1段口,0,0,1,1,B02,8,7,5,50,3,2,1,5,4,5,13,2,1,5,5,5,2,16,1,60,3,10,7,1,7,6,1,8,2,5,,9,,1,21,,121.542319,24.9883438
112,8,21,9,0,2,10文山區,文山區景興路與木柵路1段口,0,0,1,2,C03,8,7,5,50,3,2,1,5,4,5,13,2,1,5,5,5,2,16,2,19,2,8,6,1,7,9,1,10,2,11,,44,,1,21,,121.542319,24.9883438
112,8,21,9,11,2,02萬華區,萬華區貴陽街2段與西昌街口,0,0,2,2,C03,8,7,5,50,4,1,1,5,4,5,13,1,1,4,3,5,2,15,1,41,2,7,5,1,7,9,1,10,1,11,,44,,1,21,,121.5007073,25.0401855
112,8,21,9,11,2,02萬華區,萬華區貴陽街2段與西昌街口,0,0,2,1,C03,8,7,5,50,4,1,1,5,4,5,13,1,1,4,3,5,2,15,1,60,2,7,5,1,7,9,1,10,1,12,,81,,1,21,,121.5007073,25.0401855
112,8,21,9,13,2,01大同區,大同區承德路3段與承德路3段208巷口,0,0,2,1,C03,8,6,5,50,5,2,1,5,4,5,13,4,4,1,4,5,2,13,1,19,2,8,6,1,7,8,1,10,2,11,,16,,1,21,,121.5183951,25.0710115
112,8,21,9,13,2,01大同區,大同區承德路3段與承德路3段208巷口,0,0,2,2,B12,8,6,5,50,5,2,1,5,4,5,13,4,4,1,4,5,2,13,1,38,2,6,7,1,7,9,1,8,2,6,,44,,1,21,,121.5183951,25.0710115
112,8,21,9,20,2,12內湖區,內湖區舊宗路2段135巷與瑞湖街口,0,0,1,1,B03,8,5,5,50,3,1,1,5,4,5,13,4,4,5,5,5,2,16,1,60,3,10,7,1,7,6,1,8,1,5,,9,,1,21,,121.5764334,25.06968921
112,8,21,9,20,2,12內湖區,內湖區舊宗路2段135巷與瑞湖街口,0,0,1,2,C03,8,5,5,50,3,1,1,5,4,5,13,4,4,5,5,5,2,16,2,27,2,9,5,1,7,9,1,10,1,14,,44,,1,21,,121.5764334,25.06968921
112,8,21,9,45,2,07信義區,信義區信義路4段409號,0,0,1,2,B01,8,7,5,50,14,9,1,5,4,5,13,2,1,1,4,5,1,13,1,57,3,10,3,4,7,14,1,4,1,3,,38,,1,21,,121.5590204,25.0331621
112,8,21,9,45,2,07信義區,信義區信義路4段409號,0,0,1,1,C04,8,7,5,50,14,9,1,5,4,5,13,2,1,1,4,5,1,13,1,50,2,5,3,4,7,9,1,11,1,11,,108,,1,21,,121.5590204,25.0331621
112,8,21,9,46,2,11南港區,南港區成福路與成福路121巷口口,0,0,1,1,B01,8,5,5,50,3,2,1,5,4,5,13,4,4,8,3,5,2,11,1,58,3,10,7,1,7,1,1,8,1,5,,19,,1,21,,121.5873246,25.04211429
112,8,21,9,46,2,11南港區,南港區成福路與成福路121巷口口,0,0,1,2,C03,8,5,5,50,3,2,1,5,4,5,13,4,4,8,3,5,2,11,2,48,2,7,5,1,7,9,1,10,1,14,,44,,1,21,,121.5873246,25.04211429
112,8,21,10,0,2,09北投區,北投區承德路7段與承德路7段393巷口,0,0,1,2,C03,8,6,5,60,14,9,1,5,4,5,13,1,1,9,4,4,2,16,2,72,2,9,5,1,7,9,1,10,1,13,,44,,1,21,,121.5013225,25.11934118
112,8,21,10,0,2,09北投區,北投區承德路7段與承德路7段393巷口,0,0,1,1,A41,8,6,5,60,14,9,1,5,4,5,13,1,1,9,4,4,2,16,1,59,3,10,7,1,1,6,1,1,1,1,,9,,1,21,,121.5013225,25.11934118
112,8,21,10,1,2,09北投區,北投區光明路200號,0,0,1,2,C03,8,7,5,50,14,9,1,5,4,5,13,4,4,9,5,5,2,16,1,18,2,6,5,1,7,9,1,10,1,12,,44,,1,22,,121.5037227,25.1360265
112,8,21,10,1,2,09北投區,北投區光明路200號,0,0,1,1,B02,8,7,5,50,14,9,1,5,4,5,13,4,4,9,5,5,2,16,1,46,3,10,7,1,7,1,1,2,1,1,,19,,1,22,,121.5037227,25.1360265
112,8,21,10,38,2,04大安區,大安區復興南路1段360號,0,0,1,1,B11,8,7,5,50,14,9,1,5,4,5,13,4,4,1,3,5,2,17,1,23,3,10,7,1,7,7,1,4,1,2,,100,,1,22,,121.5435188,25.0351929
112,8,21,10,38,2,04大安區,大安區復興南路1段360號,0,0,1,2,C03,8,7,5,50,14,9,1,5,4,5,13,4,4,1,3,5,2,17,2,27,2,9,5,1,7,9,1,10,1,14,,44,,1,22,,121.5435188,25.0351929
112,8,21,10,56,2,12內湖區,內湖區康寧路1段2號,0,0,1,1,C03,8,6,5,50,14,9,1,5,4,5,13,4,4,4,5,5,2,10,1,86,2,7,5,1,7,9,7,19,2,11,,4,,1,21,,121.5910625,25.08068576
112,8,21,10,56,2,12內湖區,內湖區康寧路1段2號,0,0,1,2,C03,8,6,5,50,14,9,1,5,4,5,13,4,4,4,5,5,2,10,2,56,3,10,5,1,7,9,1,10,2,11,,44,,1,21,,121.5910625,25.08068576
112,8,21,10,59,2,07信義區,信義區吳興街220巷與吳興街220巷59弄口,0,0,1,2,B03,8,6,5,50,3,1,1,5,4,5,13,1,1,5,3,5,2,16,2,47,3,10,7,1,7,9,1,8,1,2,,44,,1,21,,121.5615201,25.026406
112,8,21,10,59,2,07信義區,信義區吳興街220巷與吳興街220巷59弄口,0,0,1,1,C03,8,6,5,50,3,1,1,5,4,5,13,1,1,5,3,5,2,16,1,29,2,7,6,1,7,8,1,10,1,14,,100,,1,21,,121.5615201,25.026406
112,8,21,11,4,2,04大安區,大安區信義路3段166巷6弄5號,0,0,3,2,C03,8,6,8,30,22,22,1,5,4,5,13,4,4,10,5,5,2,15,2,34,2,9,3,4,7,1,1,10,1,11,,19,,1,22,,121.5416152,25.0328138
112,8,21,11,4,2,04大安區,大安區信義路3段166巷6弄5號,0,0,3,3,H02,8,6,8,30,22,22,1,5,4,5,13,4,4,10,5,5,2,15,1,6,2,8,3,5,7,20,8,20,10,16,,67,,1,22,,121.5416152,25.0328138
112,8,21,11,4,2,04大安區,大安區信義路3段166巷6弄5號,0,0,3,1,C03,8,6,8,30,22,22,1,5,4,5,13,4,4,10,5,5,2,15,2,49,2,7,3,4,7,1,1,11,1,11,,19,,1,22,,121.5416152,25.0328138
112,8,21,11,9,2,03中山區,中山區農安街77巷與德惠街口,0,0,1,2,B11,8,7,5,30,4,1,1,5,4,5,13,4,4,5,5,5,2,15,1,28,3,10,7,1,7,9,1,4,1,8,,44,,1,22,,121.5285413,25.0666335
112,8,21,11,9,2,03中山區,中山區農安街77巷與德惠街口,0,0,1,1,C03,8,7,5,30,4,1,1,5,4,5,13,4,4,5,5,5,2,15,1,46,2,9,5,1,7,9,1,9,1,12,,72,,1,22,,121.5285413,25.0666335
112,8,21,11,40,2,04大安區,大安區新生南路2段與和平東路2段口,0,0,2,1,C03,8,6,5,50,14,9,1,5,4,5,13,2,1,1,4,5,2,13,1,40,2,7,5,1,7,9,1,9,1,11,,118,,1,21,,121.5347419,25.0262809
112,8,21,11,40,2,04大安區,大安區新生南路2段與和平東路2段口,0,0,2,2,C03,8,6,5,50,14,9,1,5,4,5,13,2,1,1,4,5,2,13,2,54,2,9,5,1,7,3,1,10,1,13,,118,,1,21,,121.5347419,25.0262809
112,8,21,12,13,2,01大同區,大同區重慶北路2段與重慶北路2段80巷口,0,0,2,1,C03,8,6,5,50,3,2,1,5,4,5,13,4,4,1,4,5,2,17,1,33,2,8,6,4,7,9,1,10,1,11,,108,,1,22,,121.5137428,25.05655758
112,8,21,12,13,2,01大同區,大同區重慶北路2段與重慶北路2段80巷口,0,0,2,2,C03,8,6,5,50,3,2,1,5,4,5,13,4,4,1,4,5,2,17,1,64,2,9,6,4,7,9,1,10,1,13,,44,,1,22,,121.5137428,25.05655758
112,8,21,12,13,2,01大同區,大同區重慶北路2段與重慶北路2段80巷口,0,0,2,3,B03,8,6,5,50,3,2,1,5,4,5,13,4,4,1,4,5,2,17,1,55,3,10,3,4,7,8,1,8,1,6,,100,,1,22,,121.5137428,25.05655758
112,8,21,12,32,2,07信義區,信義區松隆路與永吉路30巷口口,0,0,2,1,C03,8,6,5,50,4,1,1,5,4,5,13,2,1,1,4,5,1,12,1,38,2,9,3,4,7,7,1,10,1,12,,100,,1,22,,121.5689317,25.0446345
112,8,21,12,32,2,07信義區,信義區松隆路與永吉路30巷口口,0,0,2,2,C03,8,6,5,50,4,1,1,5,4,5,13,2,1,1,4,5,1,12,2,19,2,9,3,4,7,9,1,10,1,11,,44,,1,22,,121.5689317,25.0446345
112,8,21,12,45,2,04大安區,大安區建國南路2段與建國南路2段11巷口,0,0,1,1,B12,8,6,5,30,3,1,1,5,4,5,13,4,4,10,4,5,2,16,1,47,3,10,7,1,7,5,1,8,1,8,,72,,1,21,,121.538036,25.0329633
112,8,21,12,45,2,04大安區,大安區建國南路2段與建國南路2段11巷口,0,0,1,2,C03,8,6,5,30,3,1,1,5,4,5,13,4,4,10,4,5,2,16,1,29,2,9,5,1,7,9,1,10,1,12,,44,,1,21,,121.538036,25.0329633
112,8,21,13,5,2,05中正區,中正區貴陽街1段1號,0,0,3,3,H02,8,7,5,50,14,9,1,5,4,5,13,4,4,5,5,5,2,17,1,11,2,8,5,5,7,20,8,20,10,16,,67,,1,21,,121.5162922,25.0383471
112,8,21,13,5,2,05中正區,中正區貴陽街1段1號,0,0,3,1,C03,8,7,5,50,14,9,1,5,4,5,13,4,4,5,5,5,2,17,1,47,2,8,5,1,7,11,1,10,1,14,,10,,1,21,,121.5162922,25.0383471
112,8,21,13,5,2,05中正區,中正區貴陽街1段1號,0,0,3,2,C03,8,7,5,50,14,9,1,5,4,5,13,4,4,5,5,5,2,17,1,20,2,9,5,1,7,9,1,10,1,11,,4,,1,21,,121.5162922,25.0383471
112,8,21,13,8,2,06松山區,松山區南京東路5段251巷22弄14號,0,0,1,1,B03,8,5,5,30,14,9,1,5,4,5,13,4,4,9,5,5,2,16,1,61,3,10,3,4,7,7,1,8,2,5,,100,,1,22,,121.5647671,25.05198964
112,8,21,13,8,2,06松山區,松山區南京東路5段251巷22弄14號,0,0,1,2,C03,8,5,5,30,14,9,1,5,4,5,13,4,4,9,5,5,2,16,1,31,2,9,6,4,7,9,1,10,2,14,,13,,1,22,,121.5647671,25.05198964
112,8,21,13,8,2,06松山區,松山區南京東路5段251巷22弄14號,0,0,1,3,,8,5,5,30,14,9,1,5,4,5,13,4,4,9,5,5,2,16,3,66,,,,,,,,,,,,67,,1,,,121.5647671,25.05198964
112,8,21,14,0,2,05中正區,中正區辛亥車行地下道,0,0,2,1,B03,8,5,5,40,7,9,1,5,4,5,13,4,4,1,4,5,2,13,1,26,3,10,3,4,7,9,1,8,1,1,,16,,1,21,,121.529108,25.01949757
112,8,21,14,0,2,05中正區,中正區辛亥車行地下道,0,0,2,2,B03,8,5,5,40,7,9,1,5,4,5,13,4,4,1,4,5,2,13,2,64,2,2,7,4,7,9,1,8,1,3,,44,,1,21,,121.529108,25.01949757
112,8,21,14,0,2,05中正區,中正區辛亥車行地下道,0,0,2,3,H02,8,5,5,40,7,9,1,5,4,5,13,4,4,1,4,5,2,13,2,33,2,2,7,5,7,20,8,20,10,16,,67,,1,21,,121.529108,25.01949757
112,8,21,14,10,2,09北投區,北投區東華街2段4號,0,0,2,3,B03,8,6,5,50,14,9,1,5,4,5,13,4,4,1,4,5,2,13,1,44,3,10,7,1,7,1,1,8,9,17,,19,,2,21,,121.5150887,25.1155789
112,8,21,14,10,2,09北投區,北投區東華街2段4號,0,0,2,2,C03,8,6,5,50,14,9,1,5,4,5,13,4,4,1,4,5,2,13,1,61,2,8,5,1,7,9,1,10,2,13,,44,,1,21,,121.5150887,25.1155789
112,8,21,14,10,2,09北投區,北投區東華街2段4號,0,0,2,1,C03,8,6,5,50,14,9,1,5,4,5,13,4,4,1,4,5,2,13,1,62,2,7,5,1,7,9,1,10,2,11,,108,,1,21,,121.5150887,25.1155789
112,8,21,14,12,2,01大同區,大同區大龍街與酒泉街口,0,0,1,1,C03,8,6,5,50,4,1,1,5,4,5,13,2,1,5,4,5,2,17,1,25,2,9,6,2,7,9,1,10,1,14,,44,,1,22,,121.5158692,25.0719593
112,8,21,14,12,2,01大同區,大同區大龍街與酒泉街口,0,0,1,2,C03,8,6,5,50,4,1,1,5,4,5,13,2,1,5,4,5,2,17,2,46,3,10,5,1,7,5,1,10,1,17,,2,,1,22,,121.5158692,25.0719593
112,8,21,15,40,2,06松山區,松山區八德路3段171號,0,0,1,1,C03,8,6,5,50,14,9,1,5,4,5,13,4,4,5,5,5,2,17,1,54,3,10,6,1,7,9,1,10,1,15,,30,,1,22,,121.5555312,25.04805247
112,8,21,15,40,2,06松山區,松山區八德路3段171號,0,0,1,2,C03,8,6,5,50,14,9,1,5,4,5,13,4,4,5,5,5,2,17,1,24,2,7,6,1,7,9,1,10,1,14,,44,,1,22,,121.5555312,25.04805247
112,8,21,15,56,2,05中正區,中正區重慶南路1段127號,0,0,1,1,C03,8,6,5,50,14,9,1,5,4,5,13,2,1,5,4,5,2,12,1,65,2,9,5,1,7,9,3,18,1,12,,107,,1,22,,121.5131938,25.04221108
112,8,21,15,56,2,05中正區,中正區重慶南路1段127號,0,0,1,2,B01,8,6,5,50,14,9,1,5,4,5,13,2,1,5,4,5,2,12,1,61,3,10,7,1,7,14,1,8,1,4,,44,,1,22,,121.5131938,25.04221108