發生年度,發生月,發生日,發生時-Hours,發生分,處理別-編號,區序,肇事地點,死亡人數,2-30日死亡人數,受傷人數,當事人序號,車種,天候,光線,道路類別,速限-速度限制,道路型態,事故位置,路面狀況1,路面狀況2,路面狀況3,道路障礙1,道路障礙2,號誌1,號誌2,車道劃分-分向,車道劃分-分道1,車道劃分-分道2,車道劃分-分道3,事故類型及型態,性別,年齡,受傷程度,主要傷處,保護裝置,行動電話,車輛用途,當事者行動狀態,駕駛資格情形,駕駛執照種類,飲酒情形,車輛撞擊部位1,車輛撞擊部位2,肇因碼-個別,肇因碼-主要,個人肇逃否,職業,旅次目的,座標-X,座標-Y
112,8,22,11,38,2,06松山區,松山區南京東路5段299號,0,0,2,2,C03,8,6,5,50,14,9,1,5,4,5,13,4,4,1,4,5,2,11,2,32,2,8,6,1,7,9,1,9,1,11,,44,,1,22,,121.5663627,25.05142294
112,8,22,11,38,2,06松山區,松山區南京東路5段299號,0,0,2,1,C03,8,6,5,50,14,9,1,5,4,5,13,4,4,1,4,5,2,11,1,40,2,8,6,1,7,7,1,9,1,15,,100,,1,22,,121.5663627,25.05142294
112,8,22,11,42,2,08士林區,士林區天母西路與天母西路95巷口,0,0,2,1,C03,8,6,5,50,4,1,1,5,4,5,13,1,1,5,5,5,2,16,2,41,2,9,5,1,7,5,1,10,1,12,,74,,1,22,,121.5243087,25.1186109
112,8,22,11,42,2,08士林區,士林區天母西路與天母西路95巷口,0,0,2,2,C03,8,6,5,50,4,1,1,5,4,5,13,1,1,5,5,5,2,16,2,24,2,9,5,1,7,9,1,10,1,11,,44,,1,21,,121.5243087,25.1186109
112,8,22,11,45,2,12內湖區,內湖區康寧路3段43號,0,0,2,2,C03,8,6,5,50,14,7,1,5,4,5,13,4,4,1,4,4,2,17,2,43,2,9,6,1,7,9,1,10,1,12,,44,,1,21,,121.6078277,25.07244768
112,8,22,11,45,2,12內湖區,內湖區康寧路3段43號,0,0,2,1,C03,8,6,5,50,14,7,1,5,4,5,13,4,4,1,4,4,2,17,2,20,2,8,6,1,7,8,1,10,1,11,,108,,1,21,,121.6078277,25.07244768
112,8,22,11,45,2,12內湖區,內湖區康寧路3段43號,0,0,2,3,A02,8,6,5,50,14,7,1,5,4,5,13,4,4,1,4,4,2,17,1,51,3,10,7,1,7,9,1,2,9,7,,44,,1,21,,121.6078277,25.07244768
112,8,22,11,48,2,01大同區,大同區大稻埕堤外便道5號水門自行車步道(往南),0,0,2,1,F01,8,6,8,0,14,23,1,5,1,5,13,4,4,10,5,5,2,9,1,63,2,3,6,1,7,9,8,20,1,12,,108,,1,21,,121.5077347,25.05660462
112,8,22,11,48,2,01大同區,大同區大稻埕堤外便道5號水門自行車步道(往南),0,0,2,2,H01,8,6,8,0,14,23,1,5,1,5,13,4,4,10,5,5,2,9,2,36,2,7,4,5,8,16,8,20,10,16,,53,,1,21,,121.5077347,25.05660462
112,8,22,12,4,2,03中山區,中山區中山北路3段與民族東路口,0,0,1,1,B03,8,5,5,50,4,1,1,5,4,5,13,1,1,1,3,5,1,16,1,22,3,10,3,4,7,6,1,8,2,5,,9,,1,21,,121.5230463,25.06856522
112,8,22,12,4,2,03中山區,中山區中山北路3段與民族東路口,0,0,1,2,C03,8,5,5,50,4,1,1,5,4,5,13,1,1,1,3,5,1,16,1,34,2,9,6,4,7,9,1,10,2,14,,44,,1,21,,121.5230463,25.06856522
112,8,22,12,12,2,04大安區,大安區信義路2段198巷與永康街13巷口,0,0,1,2,B03,8,6,5,30,4,1,1,5,4,5,13,4,4,10,5,5,2,15,1,42,3,10,7,1,7,9,1,15,1,4,,108,,1,21,,121.5305435,25.0327584
112,8,22,12,12,2,04大安區,大安區信義路2段198巷與永康街13巷口,0,0,1,1,C03,8,6,5,30,4,1,1,5,4,5,13,4,4,10,5,5,2,15,1,65,2,9,5,1,7,9,1,10,1,11,,72,,1,21,,121.5305435,25.0327584
112,8,22,12,25,2,03中山區,中山區伊通街36號97巷,0,0,1,3,C03,8,5,5,50,4,1,1,5,4,5,13,4,4,9,4,5,2,11,2,54,2,9,5,1,7,6,1,10,2,13,,44,,1,22,,121.5347469,25.0510399
112,8,22,12,25,2,03中山區,中山區伊通街36號97巷,0,0,1,2,B03,8,5,5,50,4,1,1,5,4,5,13,4,4,9,4,5,2,11,1,49,3,10,7,1,7,9,1,8,2,1,,108,,1,21,,121.5347469,25.0510399
112,8,22,12,25,2,03中山區,中山區伊通街36號97巷,0,0,1,1,B03,8,5,5,50,4,1,1,5,4,5,13,4,4,9,4,5,2,11,1,39,3,10,7,1,7,1,1,8,2,15,,19,,1,21,,121.5347469,25.0510399
112,8,22,12,40,2,07信義區,信義區松仁路與松勤街口,0,0,1,2,C04,8,6,5,50,4,1,1,5,4,5,13,1,1,5,4,5,2,16,1,50,2,7,6,1,7,9,1,10,1,11,,44,,1,21,,121.5683787,25.0318636
112,8,22,12,40,2,07信義區,信義區松仁路與松勤街口,0,0,1,1,B01,8,6,5,50,4,1,1,5,4,5,13,1,1,5,4,5,2,16,2,63,3,10,7,1,7,5,1,4,1,6,,74,,1,21,,121.5683787,25.0318636
112,8,22,12,51,2,01大同區,大同區台北橋機慢車專用道西往東,0,0,3,4,C03,8,7,5,40,14,9,1,5,4,5,13,4,4,9,4,5,1,13,2,24,2,8,6,1,7,9,1,10,2,11,,108,,1,22,,121.5091934,25.06342426
112,8,22,12,51,2,01大同區,大同區台北橋機慢車專用道西往東,0,0,3,5,C03,8,7,5,40,14,9,1,5,4,5,13,4,4,9,4,5,1,13,1,61,4,11,3,4,7,15,7,19,11,15,,16,,2,22,,121.5091934,25.06342426
112,8,22,12,51,2,01大同區,大同區台北橋機慢車專用道西往東,0,0,3,2,C03,8,7,5,40,14,9,1,5,4,5,13,4,4,9,4,5,1,13,1,35,2,8,6,1,7,9,1,10,2,12,,13,,1,22,,121.5091934,25.06342426
112,8,22,12,51,2,01大同區,大同區台北橋機慢車專用道西往東,0,0,3,3,C03,8,7,5,40,14,9,1,5,4,5,13,4,4,9,4,5,1,13,1,18,2,9,6,1,7,9,1,10,2,12,,13,,1,22,,121.5091934,25.06342426
112,8,22,12,51,2,01大同區,大同區台北橋機慢車專用道西往東,0,0,3,1,F01,8,7,5,40,14,9,1,5,4,5,13,4,4,9,4,5,1,13,1,66,3,10,2,1,7,7,8,20,2,13,,100,,1,22,,121.5091934,25.06342426
112,8,22,12,51,2,02萬華區,萬華區峨眉街102號,0,0,1,2,C03,8,6,5,50,14,9,1,5,4,5,13,4,4,9,4,5,2,17,2,24,2,9,5,1,7,9,1,10,1,12,,44,,1,21,,121.5033524,25.0443581
112,8,22,12,51,2,02萬華區,萬華區峨眉街102號,0,0,1,1,B03,8,6,5,50,14,9,1,5,4,5,13,4,4,9,4,5,2,17,1,58,3,10,7,1,7,1,1,8,1,8,,19,,1,21,,121.5033524,25.0443581
112,8,22,12,51,2,04大安區,大安區雲和街與溫州街口,0,0,2,1,B03,8,7,5,30,3,1,1,5,4,5,13,4,4,10,5,5,2,17,1,35,3,10,7,1,7,5,6,8,1,8,,72,,1,21,,121.533266,25.0231962
112,8,22,12,51,2,04大安區,大安區雲和街與溫州街口,0,0,2,2,C03,8,7,5,30,3,1,1,5,4,5,13,4,4,10,5,5,2,17,2,43,2,9,5,1,7,9,1,10,1,11,,44,,1,21,,121.533266,25.0231962
112,8,22,12,51,2,04大安區,大安區雲和街與溫州街口,0,0,2,3,H02,8,7,5,30,3,1,1,5,4,5,13,4,4,10,5,5,2,17,1,12,2,7,5,5,7,20,8,20,10,16,,67,,1,21,,121.533266,25.0231962
112,8,22,13,0,2,12內湖區,內湖區舊宗路2段與陽光街口,0,0,2,2,C04,8,5,5,50,3,1,1,5,4,1,13,4,4,1,4,5,1,12,1,25,2,9,3,4,7,9,1,10,1,14,,14,,1,21,,121.5740554,25.0723261
112,8,22,13,0,2,12內湖區,內湖區舊宗路2段與陽光街口,0,0,2,1,C03,8,5,5,50,3,1,1,5,4,1,13,4,4,1,4,5,1,12,2,30,2,9,3,4,7,6,1,10,1,12,,9,,1,21,,121.5740554,25.0723261
112,8,22,13,5,2,01大同區,大同區民權西路與民權西路225巷口,0,0,1,2,C03,8,6,5,50,3,1,1,5,4,5,13,2,1,1,4,5,2,16,2,42,2,8,5,1,7,9,1,10,1,12,,44,,1,21,,121.5121551,25.0628844
112,8,22,13,5,2,01大同區,大同區民權西路與民權西路225巷口,0,0,1,1,C03,8,6,5,50,3,1,1,5,4,5,13,2,1,1,4,5,2,16,2,20,3,10,5,1,7,5,1,10,1,11,,8,,1,21,,121.5121551,25.0628844
112,8,22,13,18,2,12內湖區,內湖區潭美街與無名巷口,0,0,1,1,C03,7,6,5,40,3,1,1,5,4,5,12,4,4,9,4,5,2,16,1,36,2,9,6,1,7,6,1,10,1,12,,9,,1,21,,121.5761567,25.05295386
112,8,22,13,18,2,12內湖區,內湖區潭美街與無名巷口,0,0,1,2,C03,7,6,5,40,3,1,1,5,4,5,12,4,4,9,4,5,2,16,1,26,3,10,6,1,7,9,1,10,1,11,,13,,1,21,,121.5761567,25.05295386
112,8,22,13,30,2,03中山區,中山區市民高架道往西(428燈桿),0,0,1,2,B03,8,6,5,60,10,9,1,5,4,5,13,4,4,1,4,4,2,13,2,33,3,10,3,4,7,9,1,8,1,3,,44,,1,21,,121.5200202,25.04831738
112,8,22,13,30,2,03中山區,中山區市民高架道往西(428燈桿),0,0,1,1,B03,8,6,5,60,10,9,1,5,4,5,13,4,4,1,4,4,2,13,1,19,3,10,3,4,7,9,1,8,1,1,,16,,1,21,,121.5200202,25.04831738
112,8,22,13,30,2,03中山區,中山區市民高架道往西(428燈桿),0,0,1,3,H02,8,6,5,60,10,9,1,5,4,5,13,4,4,1,4,4,2,13,2,45,2,2,7,5,7,20,8,20,10,16,,67,,1,21,,121.5200202,25.04831738
112,8,22,14,20,2,11南港區,南港區富康街與研究院路1段口,0,0,1,2,C03,8,5,5,50,5,1,1,5,4,5,13,1,1,1,5,5,2,16,2,66,2,8,6,1,7,9,1,10,1,14,,44,,1,22,,121.6165615,25.05434891
112,8,22,14,20,2,11南港區,南港區富康街與研究院路1段口,0,0,1,1,B11,8,5,5,50,5,1,1,5,4,5,13,1,1,1,5,5,2,16,1,46,3,10,7,1,7,6,1,4,1,2,,9,,1,22,,121.6165615,25.05434891
112,8,22,14,30,2,05中正區,中正區中山南路與愛國西路口,0,0,2,1,B03,6,5,5,50,4,2,1,4,4,5,13,1,1,1,4,1,2,17,1,35,3,10,7,1,7,7,1,8,1,7,7,44,,1,21,,121.5166292,25.0348122
112,8,22,14,30,2,05中正區,中正區中山南路與愛國西路口,0,0,2,2,C03,6,5,5,50,4,2,1,4,4,5,13,1,1,1,4,1,2,17,1,18,2,9,6,1,7,9,1,10,1,11,12,13,,1,21,,121.5166292,25.0348122
112,8,22,14,30,2,05中正區,中正區中山南路與愛國西路口,0,0,2,3,H02,6,5,5,50,4,2,1,4,4,5,13,1,1,1,4,1,2,17,1,13,2,9,3,5,7,20,8,20,10,16,16,67,,1,21,,121.5166292,25.0348122
112,8,22,14,30,2,12內湖區,內湖區金湖路與金湖路358巷口,0,0,2,3,C03,8,6,5,50,4,2,1,5,4,5,13,2,1,3,4,4,2,17,1,22,2,9,6,1,7,9,1,10,2,11,,44,,1,21,,121.6040627,25.07351512
112,8,22,14,30,2,12內湖區,內湖區金湖路與金湖路358巷口,0,0,2,1,B03,8,6,5,50,4,2,1,5,4,5,13,2,1,3,4,4,2,17,1,30,3,10,7,1,7,11,1,8,2,2,,10,,1,21,,121.6040627,25.07351512
112,8,22,14,30,2,12內湖區,內湖區金湖路與金湖路358巷口,0,0,2,2,C03,8,6,5,50,4,2,1,5,4,5,13,2,1,3,4,4,2,17,1,18,2,9,6,1,7,9,1,10,2,11,,44,,1,21,,121.6040627,25.07351512
112,8,22,14,47,2,12內湖區,內湖區瑞湖街195號對面,0,0,1,1,C03,6,6,5,50,14,9,1,4,4,5,13,4,4,9,4,5,2,16,1,26,3,10,6,1,7,8,1,9,2,11,,100,,1,21,,121.5764702,25.06827835
112,8,22,14,47,2,12內湖區,內湖區瑞湖街195號對面,0,0,1,2,C03,6,6,5,50,14,9,1,4,4,5,13,4,4,9,4,5,2,16,1,43,2,9,6,1,7,9,1,9,2,11,,13,,1,21,,121.5764702,25.06827835
112,8,22,15,32,2,08士林區,士林區百齡橋與承德路5段口引道,0,0,1,2,C03,6,6,5,0,11,9,1,4,4,5,13,4,4,10,1,5,1,16,2,53,2,9,5,1,7,9,3,18,2,12,,44,,1,21,,121.5151118,25.0901915
112,8,22,15,32,2,08士林區,士林區百齡橋與承德路5段口引道,0,0,1,1,B03,6,6,5,0,11,9,1,4,4,5,13,4,4,10,1,5,1,16,1,68,3,10,7,1,7,8,1,8,2,4,,73,,1,21,,121.5151118,25.0901915
112,8,22,15,37,2,05中正區,中正區牯嶺街與南昌路1段74巷口口,0,0,1,1,F01,6,6,5,30,4,1,1,4,4,5,10,4,4,10,5,5,1,15,2,68,2,8,4,1,7,9,8,20,2,14,,72,,1,21,,121.5162254,25.03044807
112,8,22,15,37,2,05中正區,中正區牯嶺街與南昌路1段74巷口口,0,0,1,2,C03,6,6,5,30,4,1,1,4,4,5,10,4,4,10,5,5,1,15,1,46,3,10,6,1,7,9,1,10,2,11,,44,,1,21,,121.5162254,25.03044807
112,8,22,15,37,2,05中正區,中正區牯嶺街與南昌路1段74巷口口,0,0,1,3,B03,6,6,5,30,4,1,1,4,4,5,10,4,4,10,5,5,1,15,1,52,3,10,3,1,7,,7,19,11,10,,38,,,21,,121.5162254,25.03044807
112,8,22,16,27,2,04大安區,大安區和平東路3段與敦化南路2段口,0,0,1,1,B12,6,6,5,50,4,2,1,4,4,5,13,2,1,1,4,5,2,17,1,52,3,10,7,1,7,9,1,8,2,1,,16,,1,21,,121.548208,25.024584
112,8,22,16,27,2,04大安區,大安區和平東路3段與敦化南路2段口,0,0,1,2,C03,6,6,5,50,4,2,1,4,4,5,13,2,1,1,4,5,2,17,2,47,2,8,6,1,7,9,1,10,2,11,,16,,1,21,,121.548208,25.024584
112,8,22,16,27,2,04大安區,大安區和平東路3段與敦化南路2段口,0,0,1,3,B03,6,6,5,50,4,2,1,4,4,5,13,2,1,1,4,5,2,17,1,39,3,10,7,1,7,9,1,8,2,3,,44,,1,21,,121.548208,25.024584
112,8,22,16,33,2,12內湖區,內湖區康寧路1段2號,0,0,2,1,C03,7,5,5,50,14,9,1,4,4,5,13,4,4,4,5,5,1,12,2,41,2,9,5,1,7,7,1,10,1,12,,100,,1,21,,121.5911251,25.08064765
112,8,22,16,33,2,12內湖區,內湖區康寧路1段2號,0,0,2,2,C03,7,5,5,50,14,9,1,4,4,5,13,4,4,4,5,5,1,12,1,42,2,8,5,1,7,9,1,10,1,11,,44,,1,21,,121.5911251,25.08064765
112,8,22,16,41,2,07信義區,信義區和平東路3段與和平東路3段531巷口口,0,0,1,3,B03,7,6,5,30,4,2,1,5,4,5,13,4,4,9,4,5,2,15,1,44,3,10,2,1,7,13,1,8,9,4,,44,,1,21,,121.5605218,25.0164023
112,8,22,16,41,2,07信義區,信義區和平東路3段與和平東路3段531巷口口,0,0,1,2,C03,7,6,5,30,4,2,1,5,4,5,13,4,4,9,4,5,2,15,1,18,2,9,6,4,7,9,1,10,2,14,,14,,1,21,,121.5605218,25.0164023
112,8,22,16,41,2,07信義區,信義區和平東路3段與和平東路3段531巷口口,0,0,1,1,B01,7,6,5,30,4,2,1,5,4,5,13,4,4,9,4,5,2,15,1,68,3,10,3,4,7,5,1,8,2,1,,74,,1,21,,121.5605218,25.0164023
112,8,22,17,0,2,01大同區,大同區西寧北路與民生西路口,0,0,1,1,C03,8,6,5,50,4,1,1,5,4,5,13,2,1,4,4,5,2,16,1,20,3,10,3,4,7,8,1,10,1,13,,100,,1,21,,121.5089919,25.0568903
112,8,22,17,0,2,01大同區,大同區西寧北路與民生西路口,0,0,1,2,B01,8,6,5,50,4,1,1,5,4,5,13,2,1,4,4,5,2,16,1,65,3,10,3,4,7,9,1,4,1,5,,44,,1,21,,121.5089919,25.0568903
112,8,22,17,0,2,01大同區,大同區西寧北路與民生西路口,0,0,1,3,H02,8,6,5,50,4,1,1,5,4,5,13,2,1,4,4,5,2,16,2,20,2,7,3,5,7,20,8,20,10,16,,67,,1,21,,121.5089919,25.0568903
112,8,22,17,7,2,01大同區,大同區台北橋機慢車道往三重,0,0,1,1,C03,8,6,6,50,14,11,1,5,4,5,13,4,4,1,4,5,2,17,2,67,3,10,5,4,7,8,1,10,11,17,,100,,2,22,,121.5084029,25.06354783
112,8,22,17,7,2,01大同區,大同區台北橋機慢車道往三重,0,0,1,3,C03,8,6,6,50,14,11,1,5,4,5,13,4,4,1,4,5,2,17,1,64,2,9,6,1,7,9,1,10,1,14,,44,,1,21,,121.5084029,25.06354783
112,8,22,17,7,2,01大同區,大同區台北橋機慢車道往三重,0,0,1,2,C03,8,6,6,50,14,11,1,5,4,5,13,4,4,1,4,5,2,17,1,39,3,10,6,1,7,9,1,10,1,12,,107,,1,21,,121.5084029,25.06354783
112,8,22,17,15,2,04大安區,大安區市民大道3段與無名巷口,0,0,1,2,C03,8,7,5,40,3,1,1,5,4,5,13,4,4,10,4,5,1,16,2,50,2,9,6,4,7,9,1,10,1,14,,108,,1,21,,121.538061,25.0443312
112,8,22,17,15,2,04大安區,大安區市民大道3段與無名巷口,0,0,1,1,B03,8,7,5,40,3,1,1,5,4,5,13,4,4,10,4,5,1,16,2,59,3,10,3,4,7,6,1,8,1,5,,9,,1,21,,121.538061,25.0443312
112,8,22,17,40,2,12內湖區,內湖區陽光街321巷與陽光街口,0,0,1,1,B03,7,7,6,50,3,2,1,4,4,5,13,4,4,5,4,5,2,3,1,49,3,10,7,1,7,9,1,8,1,2,,70,,1,22,,121.5786752,25.07359753
112,8,22,17,40,2,12內湖區,內湖區陽光街321巷與陽光街口,0,0,1,2,H01,7,7,6,50,3,2,1,4,4,5,13,4,4,5,4,5,2,3,2,10,2,7,4,5,8,16,8,20,10,16,,53,,1,14,,121.5786752,25.07359753
112,8,22,17,40,2,12內湖區,內湖區陽光街321巷與陽光街口,0,0,1,3,H03,7,7,6,50,3,2,1,4,4,5,13,4,4,5,4,5,2,3,1,41,3,10,4,5,8,20,8,20,10,17,,67,,1,22,,121.5786752,25.07359753
112,8,22,17,44,2,02萬華區,萬華區萬板大橋往新北市002049燈桿,0,0,1,2,C03,8,6,5,50,8,11,1,5,4,5,13,4,4,1,4,3,2,17,2,64,2,9,6,1,7,9,1,10,1,14,,44,,1,21,,121.487187,25.03012677
112,8,22,17,44,2,02萬華區,萬華區萬板大橋往新北市002049燈桿,0,0,1,1,C03,8,6,5,50,8,11,1,5,4,5,13,4,4,1,4,3,2,17,2,57,3,10,6,1,7,7,1,10,1,17,,100,,1,21,,121.487187,25.03012677
112,8,22,17,45,2,03中山區,中山區龍江路與龍江路55巷口,0,0,1,2,C03,8,7,5,30,4,2,1,5,4,5,10,4,4,9,5,5,1,16,1,23,2,1,6,1,7,9,1,10,1,11,,108,,1,22,,121.5404795,25.04957849
112,8,22,17,45,2,03中山區,中山區龍江路與龍江路55巷口,0,0,1,3,B01,8,7,5,30,4,2,1,5,4,5,10,4,4,9,5,5,1,16,1,48,3,10,3,4,7,14,1,4,9,17,,38,,1,22,,121.5404795,25.04957849
112,8,22,17,45,2,03中山區,中山區龍江路與龍江路55巷口,0,0,1,1,C03,8,7,5,30,4,2,1,5,4,5,10,4,4,9,5,5,1,16,1,18,3,10,6,1,7,6,1,10,1,14,,72,,1,22,,121.5404795,25.04957849
112,8,22,17,48,2,04大安區,大安區市民高架道1段第124號燈桿,0,0,1,1,B03,8,6,5,80,14,9,1,5,4,5,13,4,4,9,4,5,1,13,1,19,3,10,7,4,7,9,1,8,1,5,,108,,1,21,,121.5417694,25.04470382
112,8,22,17,48,2,04大安區,大安區市民高架道1段第124號燈桿,0,0,1,2,B03,8,6,5,80,14,9,1,5,4,5,13,4,4,9,4,5,1,13,1,36,2,3,7,4,7,9,1,8,1,7,,44,,1,21,,121.5417694,25.04470382
112,8,22,17,50,2,05中正區,中正區南海路58號附近側附近,0,0,2,1,C03,7,6,5,30,14,9,2,4,4,5,13,4,4,10,4,5,1,17,1,22,2,8,6,1,7,9,1,10,1,11,,108,,1,21,,121.509929,25.03070052
112,8,22,17,50,2,05中正區,中正區南海路58號附近側附近,0,0,2,2,C03,7,6,5,30,14,9,2,4,4,5,13,4,4,10,4,5,1,17,2,60,2,8,6,1,7,9,1,10,1,13,,44,,1,21,,121.509929,25.03070052
112,8,22,18,12,2,07信義區,信義區莊敬路與吳興街345巷口口,0,0,1,1,B03,7,5,5,30,4,2,1,5,4,5,13,2,1,9,4,5,2,3,2,54,3,10,3,4,7,5,1,8,1,8,,70,,1,21,,121.5663077,25.027269
112,8,22,18,12,2,07信義區,信義區莊敬路與吳興街345巷口口,0,0,1,2,H01,7,5,5,30,4,2,1,5,4,5,13,2,1,9,4,5,2,3,2,25,2,9,4,5,8,16,8,20,10,16,,67,,1,21,,121.5663077,25.027269
112,8,22,18,20,2,11南港區,南港區興南街160號,0,0,2,2,C03,8,5,5,0,14,9,1,5,4,5,13,4,4,9,4,5,2,17,2,27,2,9,3,4,7,9,1,10,1,11,,44,,2,22,,121.5982413,25.05489991
112,8,22,18,20,2,11南港區,南港區興南街160號,0,0,2,1,C03,8,5,5,0,14,9,1,5,4,5,13,4,4,9,4,5,2,17,2,41,2,8,3,4,7,1,1,10,1,11,,19,,1,22,,121.5982413,25.05489991
112,8,22,18,35,2,12內湖區,內湖區安康路16號,0,0,1,1,C03,8,5,5,50,14,9,1,4,4,5,13,4,4,4,4,5,1,17,1,24,2,9,3,4,7,12,1,10,1,14,,44,,1,21,,121.5920935,25.0609064
112,8,22,18,35,2,12內湖區,內湖區安康路16號,0,0,1,2,B03,8,5,5,50,14,9,1,4,4,5,13,4,4,4,4,5,1,17,1,59,3,10,3,4,7,11,1,8,1,17,,103,,1,21,,121.5920935,25.0609064
112,8,22,19,9,2,12內湖區,內湖區舊宗路1段與新湖三路口,0,0,1,2,C03,8,5,5,50,4,1,1,5,4,5,13,1,1,1,3,5,2,15,1,27,2,9,5,1,7,9,1,10,1,11,,44,,1,21,,121.5766699,25.06354427
112,8,22,19,9,2,12內湖區,內湖區舊宗路1段與新湖三路口,0,0,1,1,B03,8,5,5,50,4,1,1,5,4,5,13,1,1,1,3,5,2,15,1,29,3,10,7,1,7,5,1,8,1,6,,83,,1,21,,121.5766699,25.06354427
112,8,22,19,13,2,03中山區,中山區新生北路1段與長安東路1段口,0,0,1,2,C03,8,5,5,50,4,2,1,5,4,5,13,2,1,5,4,5,2,15,1,54,2,8,3,4,7,9,1,10,2,11,,44,,1,21,,121.5296679,25.0477667
112,8,22,19,13,2,03中山區,中山區新生北路1段與長安東路1段口,0,0,1,1,B03,8,5,5,50,4,2,1,5,4,5,13,2,1,5,4,5,2,15,2,29,3,10,3,4,7,9,1,8,2,2,,81,,1,21,,121.5296679,25.0477667
112,8,22,19,23,2,03中山區,中山區八德路2段與八德路2段332巷口,0,0,1,1,B01,8,5,5,30,3,1,1,5,4,5,13,4,4,10,5,5,2,15,1,30,3,10,7,1,7,15,1,4,1,1,,107,,1,22,,121.5433671,25.04731016
112,8,22,19,23,2,03中山區,中山區八德路2段與八德路2段332巷口,0,0,1,2,F01,8,5,5,30,3,1,1,5,4,5,13,4,4,10,5,5,2,15,1,7,2,9,4,4,7,9,8,20,1,12,,44,,1,22,,121.5433671,25.04731016
112,8,22,19,42,2,04大安區,大安區敦化南路2段63巷33號,0,0,1,1,C03,8,5,5,30,14,9,1,5,4,5,13,4,4,10,5,5,2,17,1,47,3,10,6,1,7,11,1,10,1,17,,10,,1,21,,121.550629,25.030974
112,8,22,19,42,2,04大安區,大安區敦化南路2段63巷33號,0,0,1,2,C03,8,5,5,30,14,9,1,5,4,5,13,4,4,10,5,5,2,17,1,49,2,9,6,1,7,9,1,10,1,14,,44,,1,21,,121.550629,25.030974
112,8,22,19,45,2,03中山區,中山區北安路629號,0,0,1,1,C03,7,5,5,50,14,9,1,4,4,5,13,4,4,1,4,5,2,16,2,36,3,10,6,1,7,7,1,10,1,13,,100,,1,21,,121.5491176,25.08333148
112,8,22,19,45,2,03中山區,中山區北安路629號,0,0,1,2,C03,7,5,5,50,14,9,1,4,4,5,13,4,4,1,4,5,2,16,2,27,2,9,6,1,7,9,1,10,1,11,,44,,1,21,,121.5491176,25.08333148
112,8,22,20,0,2,12內湖區,內湖區成功路2段與新明路口,0,0,2,1,B03,8,5,5,50,4,1,1,5,4,5,13,2,1,5,4,5,2,16,2,46,2,2,7,1,7,5,1,8,1,8,,74,,1,21,,121.5912133,25.06062007
112,8,22,20,0,2,12內湖區,內湖區成功路2段與新明路口,0,0,2,2,F03,8,5,5,50,4,1,1,5,4,5,13,2,1,5,4,5,2,16,2,36,2,9,5,1,7,9,8,20,1,14,,44,,1,22,,121.5912133,25.06062007
112,8,22,20,30,2,04大安區,大安區光復南路290巷與無名巷口,0,0,1,1,H01,7,5,5,0,4,1,1,5,4,5,13,4,4,10,5,5,2,2,1,32,3,10,4,5,8,20,8,20,10,16,,54,,1,22,,121.5566899,25.0393621
112,8,22,20,30,2,04大安區,大安區光復南路290巷與無名巷口,0,0,1,2,C03,7,5,5,0,4,1,1,5,4,5,13,4,4,10,5,5,2,2,1,22,2,9,6,4,7,9,1,10,1,11,,44,,1,22,,121.5566899,25.0393621
112,8,22,20,30,2,08士林區,士林區通河西街2段與通河西街2段口堤外便道三叉路,0,0,1,1,B03,7,6,5,50,3,1,1,5,4,5,13,4,4,5,5,5,2,17,1,36,3,10,3,4,7,5,1,8,2,5,,74,,1,21,,121.5028337,25.0939161
112,8,22,20,30,2,08士林區,士林區通河西街2段與通河西街2段口堤外便道三叉路,0,0,1,2,C03,7,6,5,50,3,1,1,5,4,5,13,4,4,5,5,5,2,17,2,31,2,9,6,4,7,9,1,10,2,11,,13,,1,21,,121.5028337,25.0939161
112,8,22,21,36,2,03中山區,中山區林森北路與長春路口,0,0,1,1,B03,8,5,5,50,4,1,1,5,4,5,13,1,1,5,1,4,2,3,1,49,3,10,7,1,7,9,1,8,1,2,,44,,1,22,,121.5255655,25.0549221
112,8,22,21,36,2,03中山區,中山區林森北路與長春路口,0,0,1,2,H01,8,5,5,50,4,1,1,5,4,5,13,1,1,5,1,4,2,3,1,43,2,9,4,5,8,16,8,20,10,16,,122,,1,22,,121.5255655,25.0549221
112,8,22,21,36,2,03中山區,中山區林森北路與長春路口,0,0,1,3,B01,8,5,5,50,4,1,1,5,4,5,13,1,1,5,1,4,2,3,1,51,3,10,7,1,7,14,1,4,11,15,,38,,1,22,,121.5255655,25.0549221
112,8,22,21,38,2,04大安區,大安區和平東路1段與泰順街口,0,0,3,1,C04,8,5,5,50,4,1,1,5,4,5,13,1,1,1,3,5,2,17,1,42,2,8,5,4,7,9,1,8,1,11,,16,,1,21,,121.5316049,25.0264475
112,8,22,21,38,2,04大安區,大安區和平東路1段與泰順街口,0,0,3,2,C03,8,5,5,50,4,1,1,5,4,5,13,1,1,1,3,5,2,17,1,38,2,7,6,4,7,15,1,10,1,13,,44,,1,21,,121.5316049,25.0264475
112,8,22,21,38,2,04大安區,大安區和平東路1段與泰順街口,0,0,3,3,H02,8,5,5,50,4,1,1,5,4,5,13,1,1,1,3,5,2,17,2,42,2,8,6,5,7,20,8,20,10,16,,67,,1,21,,121.5316049,25.0264475
112,8,22,22,38,2,02萬華區,萬華區西寧南路與西寧南路287巷口,0,0,1,1,C03,8,5,5,50,3,1,1,5,4,5,13,4,4,8,3,5,1,16,2,22,2,9,3,4,7,5,1,10,1,14,,8,,1,22,,121.5063078,25.03883352