發生年度,發生月,發生日,發生時-Hours,發生分,處理別-編號,區序,肇事地點,死亡人數,2-30日死亡人數,受傷人數,當事人序號,車種,天候,光線,道路類別,速限-速度限制,道路型態,事故位置,路面狀況1,路面狀況2,路面狀況3,道路障礙1,道路障礙2,號誌1,號誌2,車道劃分-分向,車道劃分-分道1,車道劃分-分道2,車道劃分-分道3,事故類型及型態,性別,年齡,受傷程度,主要傷處,保護裝置,行動電話,車輛用途,當事者行動狀態,駕駛資格情形,駕駛執照種類,飲酒情形,車輛撞擊部位1,車輛撞擊部位2,肇因碼-個別,肇因碼-主要,個人肇逃否,職業,旅次目的,座標-X,座標-Y
112,8,22,22,38,2,02萬華區,萬華區西寧南路與西寧南路287巷口,0,0,1,2,C03,8,5,5,50,3,1,1,5,4,5,13,4,4,8,3,5,1,16,1,18,3,10,3,4,7,9,1,10,1,11,,44,,1,22,,121.5063078,25.03883352
112,8,22,23,0,2,03中山區,中山區明水路與北安路630巷口,0,0,1,1,B03,8,5,5,50,4,2,1,5,4,5,13,2,1,3,4,5,2,16,1,71,3,10,3,4,7,5,1,8,2,2,,74,,1,21,,121.5510996,25.0827051
112,8,22,23,0,2,03中山區,中山區明水路與北安路630巷口,0,0,1,2,C03,8,5,5,50,4,2,1,5,4,5,13,2,1,3,4,5,2,16,1,18,2,9,6,4,7,9,1,10,2,11,,13,,1,21,,121.5510996,25.0827051
112,8,22,23,10,2,03中山區,中山區中山北路2段123號,0,0,2,3,A04,8,5,5,50,14,9,1,5,4,5,13,4,4,1,4,5,2,13,1,43,3,10,7,1,7,8,1,2,11,17,,100,,1,22,,121.5230814,25.06128507
112,8,22,23,10,2,03中山區,中山區中山北路2段123號,0,0,2,1,C03,8,5,5,50,14,9,1,5,4,5,13,4,4,1,4,5,2,13,2,22,2,9,5,1,7,9,1,10,1,11,,16,,1,22,,121.5230814,25.06128507
112,8,22,23,10,2,03中山區,中山區中山北路2段123號,0,0,2,2,C03,8,5,5,50,14,9,1,5,4,5,13,4,4,1,4,5,2,13,2,28,2,9,5,1,7,9,1,10,1,13,,44,,1,22,,121.5230814,25.06128507
112,8,23,0,5,2,01大同區,大同區塔城街與鄭州路口,0,0,3,1,C03,8,6,5,40,4,1,1,5,4,5,13,2,1,1,4,5,2,16,1,25,2,8,5,1,7,7,1,10,1,12,,100,,1,21,,121.5104826,25.0500532
112,8,23,0,5,2,01大同區,大同區塔城街與鄭州路口,0,0,3,3,H02,8,6,5,40,4,1,1,5,4,5,13,2,1,1,4,5,2,16,2,26,2,7,5,5,7,20,8,20,10,16,,67,,1,21,,121.5104826,25.0500532
112,8,23,0,5,2,01大同區,大同區塔城街與鄭州路口,0,0,3,2,C03,8,6,5,40,4,1,1,5,4,5,13,2,1,1,4,5,2,16,1,23,2,7,5,1,7,9,1,10,1,14,,44,,1,21,,121.5104826,25.0500532
112,8,23,0,15,2,04大安區,大安區光復南路626號,0,0,1,2,B01,8,5,5,40,14,8,1,5,4,5,13,4,4,10,4,4,1,13,1,48,3,10,3,4,7,14,1,4,2,3,,38,,1,21,,121.5573527,25.0317476
112,8,23,0,15,2,04大安區,大安區光復南路626號,0,0,1,1,C03,8,5,5,40,14,8,1,5,4,5,13,4,4,10,4,4,1,13,2,19,2,8,6,4,7,9,1,10,2,11,,107,,1,21,,121.5573527,25.0317476
112,8,23,0,15,2,07信義區,信義區市民大道4段與光復南路口口,0,0,2,1,C03,8,5,5,50,5,1,1,5,4,5,13,2,1,9,4,5,2,12,1,22,3,10,5,1,7,8,1,10,1,17,,86,,1,21,,121.5577269,25.04499
112,8,23,0,15,2,07信義區,信義區市民大道4段與光復南路口口,0,0,2,2,C03,8,5,5,50,5,1,1,5,4,5,13,2,1,9,4,5,2,12,1,50,2,8,5,1,7,9,1,10,1,14,,44,,1,21,,121.5577269,25.04499
112,8,23,0,15,2,07信義區,信義區市民大道4段與光復南路口口,0,0,2,3,H02,8,5,5,50,5,1,1,5,4,5,13,2,1,9,4,5,2,12,2,20,2,8,5,5,7,17,8,20,10,16,,67,,1,21,,121.5577269,25.04499
112,8,23,5,7,2,05中正區,中正區重慶北路1段與忠孝西路1段口,0,0,1,1,B01,8,5,5,50,5,2,1,5,4,5,13,2,1,10,4,5,2,17,1,46,3,10,7,1,7,6,1,8,2,17,,9,,1,22,,121.5132853,25.04731249
112,8,23,5,7,2,05中正區,中正區重慶北路1段與忠孝西路1段口,0,0,1,2,C03,8,5,5,50,5,2,1,5,4,5,13,2,1,10,4,5,2,17,1,47,2,9,5,1,7,9,1,10,2,12,,44,,1,22,,121.5132853,25.04731249
112,8,23,5,40,2,01大同區,大同區延平北路2段太平國小前,0,0,1,1,B01,8,6,5,50,14,9,1,5,4,5,13,4,4,8,3,5,2,12,1,53,3,10,7,1,7,11,1,3,1,4,,10,,1,21,,121.5113235,25.06140131
112,8,23,5,40,2,01大同區,大同區延平北路2段太平國小前,0,0,1,2,C03,8,6,5,50,14,9,1,5,4,5,13,4,4,8,3,5,2,12,1,52,2,9,6,1,7,9,1,10,1,12,,108,,1,21,,121.5113235,25.06140131
112,8,23,5,55,2,04大安區,大安區延吉街與仁愛路4段354巷5弄口,0,0,1,1,B12,8,6,5,50,4,1,1,5,4,5,13,4,4,5,2,5,1,16,1,33,3,10,7,1,7,5,1,8,1,8,,8,,1,27,,121.5552475,25.0384769
112,8,23,5,55,2,04大安區,大安區延吉街與仁愛路4段354巷5弄口,0,0,1,2,C03,8,6,5,50,4,1,1,5,4,5,13,4,4,5,2,5,1,16,2,28,2,7,5,1,7,9,1,10,1,12,,14,,1,21,,121.5552475,25.0384769
112,8,23,6,52,2,07信義區,信義區吳興街449巷2弄與吳興街口,0,0,1,1,C03,8,7,5,30,4,1,1,5,4,5,13,4,4,9,4,5,2,17,1,31,3,10,6,1,7,5,1,10,1,17,,8,,1,27,,121.5686041,25.0239724
112,8,23,6,52,2,07信義區,信義區吳興街449巷2弄與吳興街口,0,0,1,2,C03,8,7,5,30,4,1,1,5,4,5,13,4,4,9,4,5,2,17,1,49,2,9,5,1,7,10,1,10,1,14,,108,,1,22,,121.5686041,25.0239724
112,8,23,7,21,2,05中正區,中正區中山南路與信義路1段口,0,0,2,1,C03,8,6,5,50,5,1,1,5,4,5,13,1,1,1,4,5,2,16,1,60,2,9,6,1,7,9,1,10,2,11,,44,,1,22,,121.5177315,25.0385289
112,8,23,7,21,2,05中正區,中正區中山南路與信義路1段口,0,0,2,3,H02,8,6,5,50,5,1,1,5,4,5,13,1,1,1,4,5,2,16,2,55,2,9,5,5,7,17,8,20,10,16,,67,,1,22,,121.5177315,25.0385289
112,8,23,7,21,2,05中正區,中正區中山南路與信義路1段口,0,0,2,2,C03,8,6,5,50,5,1,1,5,4,5,13,1,1,1,4,5,2,16,1,27,3,10,6,1,7,6,1,10,2,13,,9,,1,22,,121.5177315,25.0385289
112,8,23,7,22,2,04大安區,大安區敦化南路1段與敦化南路1段335巷口,0,0,3,2,C03,8,6,5,50,3,2,1,5,4,5,13,4,4,1,4,5,2,17,2,30,2,9,6,1,7,21,1,10,2,15,,44,,1,23,,121.5490591,25.03382831
112,8,23,7,22,2,04大安區,大安區敦化南路1段與敦化南路1段335巷口,0,0,3,4,B03,8,6,5,50,3,2,1,5,4,5,13,4,4,1,4,5,2,17,1,40,3,10,7,1,7,9,1,8,2,3,,44,,1,21,,121.5490591,25.03382831
112,8,23,7,22,2,04大安區,大安區敦化南路1段與敦化南路1段335巷口,0,0,3,1,C03,8,6,5,50,3,2,1,5,4,5,13,4,4,1,4,5,2,17,1,17,2,9,6,1,7,9,2,18,2,11,,16,,1,21,,121.5490591,25.03382831
112,8,23,7,22,2,04大安區,大安區敦化南路1段與敦化南路1段335巷口,0,0,3,3,C03,8,6,5,50,3,2,1,5,4,5,13,4,4,1,4,5,2,17,1,37,2,7,6,1,7,15,1,10,2,13,,118,,1,21,,121.5490591,25.03382831
112,8,23,7,22,2,05中正區,中正區重慶南路1段與襄陽路口,0,0,1,1,C03,8,5,5,50,3,2,1,5,4,5,13,1,1,9,4,5,2,17,1,52,2,9,5,1,7,15,1,10,1,12,,118,,1,21,,121.5133598,25.0433911
112,8,23,7,22,2,05中正區,中正區重慶南路1段與襄陽路口,0,0,1,2,B03,8,5,5,50,3,2,1,5,4,5,13,1,1,9,4,5,2,17,1,36,3,10,7,1,7,5,1,8,1,2,,8,,1,21,,121.5133598,25.0433911
112,8,23,7,45,2,12內湖區,內湖區瑞湖街178巷與瑞湖街口,0,0,2,2,C03,8,7,5,30,3,1,1,5,4,5,13,4,4,9,5,5,2,16,1,23,2,9,5,1,7,9,1,10,1,14,,44,,1,21,,121.5764111,25.0706266
112,8,23,7,45,2,12內湖區,內湖區瑞湖街178巷與瑞湖街口,0,0,2,1,C03,8,7,5,30,3,1,1,5,4,5,13,4,4,9,5,5,2,16,2,26,2,9,5,1,7,5,1,10,1,14,,74,,1,21,,121.5764111,25.0706266
112,8,23,8,11,2,04大安區,大安區基隆路2段與光復南路口,0,0,1,2,B03,8,6,5,50,5,1,1,5,4,5,13,4,4,1,4,5,2,17,1,37,3,10,7,1,7,9,1,8,1,2,,107,,1,21,,121.5574535,25.0296916
112,8,23,8,11,2,04大安區,大安區基隆路2段與光復南路口,0,0,1,1,C03,8,6,5,50,5,1,1,5,4,5,13,4,4,1,4,5,2,17,1,42,2,9,6,1,7,9,1,10,1,14,,17,,1,21,,121.5574535,25.0296916
112,8,23,8,15,2,10文山區,文山區秀明路1段汽車停車格57號附近,0,0,1,2,C03,8,6,5,40,14,7,1,5,4,5,13,4,4,1,4,4,2,12,1,40,2,9,6,4,7,9,1,10,2,12,,44,,1,21,,121.5691172,24.99160434
112,8,23,8,15,2,10文山區,文山區秀明路1段汽車停車格57號附近,0,0,1,1,B03,8,6,5,40,14,7,1,5,4,5,13,4,4,1,4,4,2,12,1,26,3,10,3,4,7,1,1,8,2,8,,19,,1,21,,121.5691172,24.99160434
112,8,23,8,16,2,12內湖區,內湖區成功橋與安康路口,0,0,3,1,C03,8,5,5,50,4,2,1,5,4,5,13,2,1,3,4,5,2,17,2,29,2,9,6,1,7,9,1,10,2,11,,16,,1,21,,121.5913771,25.06060336
112,8,23,8,16,2,12內湖區,內湖區成功橋與安康路口,0,0,3,2,C03,8,5,5,50,4,2,1,5,4,5,13,2,1,3,4,5,2,17,2,36,2,9,6,1,7,9,1,10,2,12,,81,,1,21,,121.5913771,25.06060336
112,8,23,8,16,2,12內湖區,內湖區成功橋與安康路口,0,0,3,3,C03,8,5,5,50,4,2,1,5,4,5,13,2,1,3,4,5,2,17,1,58,3,10,6,1,7,14,1,10,2,13,,44,,1,21,,121.5913771,25.06060336
112,8,23,8,16,2,12內湖區,內湖區成功橋與安康路口,0,0,3,4,H02,8,5,5,50,4,2,1,5,4,5,13,2,1,3,4,5,2,17,2,56,2,9,6,5,7,20,8,20,10,16,,67,,1,21,,121.5913771,25.06060336
112,8,23,8,23,2,03中山區,中山區民生東路2段與吉林路口,0,0,1,1,C03,8,6,5,50,4,1,1,5,4,5,13,1,1,5,4,5,2,12,1,62,2,7,6,1,7,9,1,10,7,14,,21,,1,22,,121.5302555,25.05800235
112,8,23,8,23,2,03中山區,中山區民生東路2段與吉林路口,0,0,1,2,C03,8,6,5,50,4,1,1,5,4,5,13,1,1,5,4,5,2,12,1,39,3,10,6,1,7,9,1,10,2,12,,118,,1,22,,121.5302555,25.05800235
112,8,23,8,55,2,07信義區,信義區莊敬路423巷與莊敬路口,0,0,2,1,C03,8,7,5,50,4,1,1,5,4,5,13,2,1,9,4,4,2,17,2,25,2,9,6,1,7,5,1,10,1,13,,74,,1,21,,121.5665576,25.0272371
112,8,23,8,55,2,07信義區,信義區莊敬路423巷與莊敬路口,0,0,2,2,C03,8,7,5,50,4,1,1,5,4,5,13,2,1,9,4,4,2,17,1,32,2,9,6,1,7,9,1,10,1,11,,44,,1,21,,121.5665576,25.0272371
112,8,23,8,58,2,04大安區,大安區和平東路3段22號,0,0,2,4,H02,8,5,5,50,14,9,1,5,4,5,13,4,4,10,4,4,2,12,2,61,2,9,3,5,7,20,8,20,10,16,,67,,1,21,,121.5472086,25.02469032
112,8,23,8,58,2,04大安區,大安區和平東路3段22號,0,0,2,3,B03,8,5,5,50,14,9,1,5,4,5,13,4,4,10,4,4,2,12,1,44,3,10,7,1,7,14,1,8,2,6,,44,,1,21,,121.5472086,25.02469032
112,8,23,8,58,2,04大安區,大安區和平東路3段22號,0,0,2,2,A02,8,5,5,50,14,9,1,5,4,5,13,4,4,10,4,4,2,12,1,51,3,10,2,1,7,9,1,2,2,8,,44,,1,21,,121.5472086,25.02469032
112,8,23,8,58,2,04大安區,大安區和平東路3段22號,0,0,2,1,C03,8,5,5,50,14,9,1,5,4,5,13,4,4,10,4,4,2,12,1,69,2,1,6,1,7,7,1,10,2,11,,100,,1,21,,121.5472086,25.02469032
112,8,23,9,2,2,05中正區,中正區福和橋往永和,0,0,1,1,C03,8,6,5,50,14,9,1,5,4,5,13,4,4,9,4,5,2,13,1,48,2,8,5,1,7,4,1,10,2,11,,108,,1,21,,121.5359556,25.0109521
112,8,23,9,2,2,05中正區,中正區福和橋往永和,0,0,1,2,A02,8,6,5,50,14,9,1,5,4,5,13,4,4,9,4,5,2,13,1,57,3,10,3,4,7,12,1,2,2,6,,44,,1,21,,121.5359556,25.0109521
112,8,23,9,8,2,03中山區,中山區中山北路4段與北安路口,0,0,1,2,C03,8,6,5,50,3,1,1,5,4,5,13,1,1,3,2,5,2,17,1,41,3,10,6,1,7,1,1,10,1,12,,118,,1,21,,121.5270932,25.07648863
112,8,23,9,8,2,03中山區,中山區中山北路4段與北安路口,0,0,1,1,C03,8,6,5,50,3,1,1,5,4,5,13,1,1,3,2,5,2,17,1,72,2,7,6,1,7,6,1,10,1,11,,118,,1,21,,121.5270932,25.07648863
112,8,23,10,0,2,05中正區,中正區金門街與晉江街口口,0,0,1,2,B03,8,6,5,30,4,1,1,5,4,5,13,4,4,10,5,5,1,17,2,61,3,10,7,1,7,9,1,8,2,2,,44,,1,21,,121.5246724,25.02308251
112,8,23,10,0,2,05中正區,中正區金門街與晉江街口口,0,0,1,1,C03,8,6,5,30,4,1,1,5,4,5,13,4,4,10,5,5,1,17,2,78,2,7,6,1,7,6,1,10,2,14,,72,,1,21,,121.5246724,25.02308251
112,8,23,10,8,2,11南港區,南港區研究院路2段38號,0,0,1,2,C03,8,6,5,40,14,9,1,5,4,5,13,4,4,1,4,1,2,27,1,41,2,9,6,1,7,9,1,9,1,11,,44,,1,21,,121.6153914,25.0469591
112,8,23,10,8,2,11南港區,南港區研究院路2段38號,0,0,1,1,,8,6,5,40,14,9,1,5,4,5,13,4,4,1,4,1,2,27,3,84,,,,,,,,,,,,66,,1,,,121.6153914,25.0469591
112,8,23,10,15,2,05中正區,中正區中山北路1段與市民大道2段口口,0,0,1,1,B03,8,5,5,50,4,1,1,5,4,5,13,2,1,9,4,5,1,16,2,47,3,10,7,1,7,6,1,8,2,5,,9,,1,21,,121.5208349,25.0479539
112,8,23,10,15,2,05中正區,中正區中山北路1段與市民大道2段口口,0,0,1,2,C03,8,5,5,50,4,1,1,5,4,5,13,2,1,9,4,5,1,16,2,26,2,8,6,1,7,9,1,10,2,14,,13,,1,21,,121.5208349,25.0479539
112,8,23,10,20,2,03中山區,中山區松江路與農安街口,0,0,1,2,C03,8,5,5,50,4,1,1,5,4,5,13,1,1,5,4,5,2,12,1,49,3,10,3,4,7,4,1,10,1,12,,94,,1,22,,121.5329345,25.0647909
112,8,23,10,20,2,03中山區,中山區松江路與農安街口,0,0,1,1,C03,8,5,5,50,4,1,1,5,4,5,13,1,1,5,4,5,2,12,2,65,2,9,5,4,7,1,1,10,1,14,,44,,1,21,,121.5329345,25.0647909
112,8,23,10,20,2,09北投區,北投區承德路7段188巷與尊賢街口,0,0,2,1,C03,8,5,5,30,4,1,1,5,4,5,13,4,4,10,5,5,2,15,1,28,2,9,5,1,7,9,1,10,1,11,,75,,1,21,,121.5086277,25.1143591
112,8,23,10,20,2,09北投區,北投區承德路7段188巷與尊賢街口,0,0,2,2,C03,8,5,5,30,4,1,1,5,4,5,13,4,4,10,5,5,2,15,1,55,2,7,5,1,7,9,1,10,1,14,,13,,1,21,,121.5086277,25.1143591
112,8,23,10,37,2,01大同區,大同區重慶北路3段113巷與重慶北路3段口,0,0,1,2,C03,8,6,5,30,4,1,1,5,4,5,13,2,1,5,5,5,2,17,1,67,2,8,5,1,7,9,1,10,1,14,,44,,1,21,,121.5138021,25.06725361
112,8,23,10,37,2,01大同區,大同區重慶北路3段113巷與重慶北路3段口,0,0,1,1,B03,8,6,5,30,4,1,1,5,4,5,13,2,1,5,5,5,2,17,2,32,3,10,3,4,7,6,1,8,1,5,,9,,1,21,,121.5138021,25.06725361
112,8,23,10,40,2,04大安區,大安區愛國東路246號與愛國東路口,0,0,1,1,B03,8,5,5,50,3,1,1,5,4,5,13,3,1,1,4,5,2,16,1,71,3,10,7,1,7,1,1,8,1,2,,19,,1,21,,121.5254409,25.0318314
112,8,23,10,40,2,04大安區,大安區愛國東路246號與愛國東路口,0,0,1,2,C03,8,5,5,50,3,1,1,5,4,5,13,3,1,1,4,5,2,16,1,19,2,9,6,1,7,9,1,10,1,11,,13,,1,21,,121.5254409,25.0318314
112,8,23,10,42,2,10文山區,文山區木柵路3段48巷與木柵路3段102巷6弄口,0,0,1,2,B01,8,6,5,30,3,2,1,5,4,5,13,4,4,9,5,5,2,17,1,52,3,10,3,4,7,9,1,4,1,8,,44,,1,21,,121.5657099,24.9876159
112,8,23,10,42,2,10文山區,文山區木柵路3段48巷與木柵路3段102巷6弄口,0,0,1,1,C03,8,6,5,30,3,2,1,5,4,5,13,4,4,9,5,5,2,17,1,74,2,9,3,4,7,6,1,10,1,12,,72,,1,22,,121.5657099,24.9876159
112,8,23,11,42,2,04大安區,大安區安和路2段與安和路2段71巷口,0,0,2,1,F02,8,6,5,0,3,1,1,5,4,5,13,4,4,10,5,5,2,15,1,28,2,9,2,4,7,9,8,20,1,11,,33,,1,22,,121.5524258,25.0303348
112,8,23,11,42,2,04大安區,大安區安和路2段與安和路2段71巷口,0,0,2,2,C04,8,6,5,0,3,1,1,5,4,5,13,4,4,10,5,5,2,15,2,61,2,9,3,4,7,15,1,11,1,12,,80,,1,22,,121.5524258,25.0303348
112,8,23,11,46,2,01大同區,大同區重慶北路3段295巷與哈密街83巷口,0,0,2,1,C03,8,5,5,30,4,1,1,5,4,5,13,4,4,10,5,5,1,15,1,28,2,7,5,1,7,9,1,10,1,11,,75,,1,21,,121.5148635,25.07368284
112,8,23,11,46,2,01大同區,大同區重慶北路3段295巷與哈密街83巷口,0,0,2,2,C03,8,5,5,30,4,1,1,5,4,5,13,4,4,10,5,5,1,15,1,72,2,9,5,1,7,9,1,10,1,14,,80,,1,21,,121.5148635,25.07368284
112,8,23,11,55,2,06松山區,松山區塔悠路78號,0,0,1,2,H01,8,7,5,50,14,18,1,5,4,5,12,3,1,1,4,5,2,3,2,55,2,9,4,5,8,18,8,20,10,16,,67,,1,21,,121.5700206,25.05266403
112,8,23,11,55,2,06松山區,松山區塔悠路78號,0,0,1,1,C03,8,7,5,50,14,18,1,5,4,5,12,3,1,1,4,5,2,3,1,36,3,10,6,1,7,9,1,10,1,11,,70,,1,21,,121.5700206,25.05266403
112,8,23,12,10,2,07信義區,信義區吳興街125號,0,0,1,2,C03,8,6,5,30,14,9,1,5,4,5,13,4,4,9,5,5,2,17,1,32,2,9,6,1,7,9,1,10,1,11,,44,,1,22,,121.5614998,25.02958793
112,8,23,12,10,2,07信義區,信義區吳興街125號,0,0,1,1,C03,8,6,5,30,14,9,1,5,4,5,13,4,4,9,5,5,2,17,1,54,3,10,6,1,7,11,1,10,1,11,,4,,1,22,,121.5614998,25.02958793
112,8,23,12,29,2,04大安區,大安區基隆路2段206號,0,0,1,2,B03,8,5,5,50,14,9,1,5,4,5,13,4,4,9,5,5,2,13,2,52,2,2,3,4,7,10,1,8,1,3,,100,,1,21,,121.5507203,25.0227829
112,8,23,12,29,2,04大安區,大安區基隆路2段206號,0,0,1,3,B03,8,5,5,50,14,9,1,5,4,5,13,4,4,9,5,5,2,13,1,55,3,10,3,4,7,14,1,8,1,3,,44,,1,21,,121.5507203,25.0227829
112,8,23,12,29,2,04大安區,大安區基隆路2段206號,0,0,1,1,B02,8,5,5,50,14,9,1,5,4,5,13,4,4,9,5,5,2,13,1,26,3,10,3,4,7,9,1,8,1,1,,108,,1,21,,121.5507203,25.0227829
112,8,23,12,30,2,02萬華區,(德昌街131號),0,0,2,2,C03,8,6,5,30,4,2,1,5,4,5,13,4,4,10,5,5,2,12,1,70,2,9,5,1,7,9,1,10,1,12,,44,,1,21,,121.4961023,25.0239693
112,8,23,12,30,2,02萬華區,(德昌街131號),0,0,2,1,B03,8,6,5,30,4,2,1,5,4,5,13,4,4,10,5,5,2,12,2,67,3,10,7,1,7,14,1,8,1,8,,40,,1,21,,121.4961023,25.0239693
112,8,23,12,30,2,02萬華區,(德昌街131號),0,0,2,3,H02,8,6,5,30,4,2,1,5,4,5,13,4,4,10,5,5,2,12,1,15,2,9,5,5,7,20,8,20,10,16,,67,,1,21,,121.4961023,25.0239693
112,8,23,12,32,2,04大安區,大安區辛亥路2段111號,0,0,1,2,C03,8,7,5,50,11,8,1,5,4,5,13,4,4,10,3,4,2,17,2,30,2,9,6,1,7,9,1,10,1,14,,42,,1,21,,121.538821,25.0218845
112,8,23,12,32,2,04大安區,大安區辛亥路2段111號,0,0,1,1,B03,8,7,5,50,11,8,1,5,4,5,13,4,4,10,3,4,2,17,1,59,3,10,7,1,7,7,1,8,1,17,,100,,1,21,,121.538821,25.0218845
112,8,23,12,45,2,05中正區,中正區中山南路與凱達格蘭大道口,0,0,1,1,B03,8,7,5,50,5,1,1,5,4,5,13,1,1,1,4,5,2,16,1,52,3,10,7,1,7,6,1,8,1,5,,9,,1,21,,121.5172494,25.0392622
112,8,23,12,45,2,05中正區,中正區中山南路與凱達格蘭大道口,0,0,1,2,C03,8,7,5,50,5,1,1,5,4,5,13,1,1,1,4,5,2,16,1,24,2,8,5,1,7,9,1,10,1,14,,99,,1,21,,121.5172494,25.0392622
112,8,23,12,50,2,05中正區,中正區金山南路1段3號,0,0,2,2,H01,8,6,5,50,14,9,1,5,4,5,13,4,4,1,5,5,2,2,1,59,2,9,4,5,8,16,8,20,10,16,,67,,1,22,,121.5296754,25.04198938
112,8,23,12,50,2,05中正區,中正區金山南路1段3號,0,0,2,3,A41,8,6,5,50,14,9,1,5,4,5,13,4,4,1,5,5,2,2,1,52,3,10,7,1,1,9,1,1,1,2,,44,,1,22,,121.5296754,25.04198938
112,8,23,12,50,2,05中正區,中正區金山南路1段3號,0,0,2,1,C03,8,6,5,50,14,9,1,5,4,5,13,4,4,1,5,5,2,2,2,22,2,3,6,1,7,9,1,10,1,11,,108,,1,22,,121.5296754,25.04198938
112,8,23,13,3,2,01大同區,大同區重慶北路2段與涼州街口,0,0,1,2,C03,8,6,5,50,14,9,1,5,4,5,13,2,1,4,4,5,2,12,2,60,2,3,3,4,7,8,1,10,2,13,,100,,1,21,,121.513421,25.06077567
112,8,23,13,3,2,01大同區,大同區重慶北路2段與涼州街口,0,0,1,1,B03,8,6,5,50,14,9,1,5,4,5,13,2,1,4,4,5,2,12,1,72,4,11,3,4,7,,7,19,11,1,,118,,2,,,121.513421,25.06077567
112,8,23,13,28,2,04大安區,大安區復興南路1段295巷與復興南路1段297巷30弄口,0,0,1,1,C03,8,6,5,30,4,1,1,5,4,5,13,4,4,10,5,5,2,15,1,46,2,3,6,1,7,9,1,10,1,14,,72,,1,21,,121.5450982,25.0351308
112,8,23,13,28,2,04大安區,大安區復興南路1段295巷與復興南路1段297巷30弄口,0,0,1,2,B02,8,6,5,30,4,1,1,5,4,5,13,4,4,10,5,5,2,15,1,43,3,10,7,1,7,9,1,2,1,1,,14,,1,21,,121.5450982,25.0351308
112,8,23,13,35,2,01大同區,大同區雙連街與萬全街口,0,0,2,1,C03,8,6,5,30,4,1,1,5,4,5,13,4,4,5,5,5,2,15,2,46,2,9,6,1,7,9,1,10,2,11,,72,,1,21,,121.5190376,25.0585391
112,8,23,13,35,2,01大同區,大同區雙連街與萬全街口,0,0,2,2,C04,8,6,5,30,4,1,1,5,4,5,13,4,4,5,5,5,2,15,2,63,2,9,6,1,7,9,1,11,2,14,,44,,1,21,,121.5190376,25.0585391
112,8,23,13,51,2,07信義區,信義區中坡南路20號與中坡南路口側附近22巷口,0,0,3,1,C03,7,6,5,50,4,2,1,5,4,5,13,4,4,5,5,4,2,13,1,23,3,10,6,1,7,14,1,10,1,13,,44,,1,22,,121.5827442,25.043485
112,8,23,13,51,2,07信義區,信義區中坡南路20號與中坡南路口側附近22巷口,0,0,3,2,C03,7,6,5,50,4,2,1,5,4,5,13,4,4,5,5,4,2,13,1,41,2,8,6,1,7,9,1,10,1,14,,44,,1,22,,121.5827442,25.043485
112,8,23,13,51,2,07信義區,信義區中坡南路20號與中坡南路口側附近22巷口,0,0,3,3,C03,7,6,5,50,4,2,1,5,4,5,13,4,4,5,5,4,2,13,2,41,2,9,5,1,7,9,1,10,1,11,,108,,1,22,,121.5827442,25.043485
112,8,23,13,51,2,07信義區,信義區中坡南路20號與中坡南路口側附近22巷口,0,0,3,4,H02,7,6,5,50,4,2,1,5,4,5,13,4,4,5,5,4,2,13,2,22,2,8,6,5,7,20,8,20,10,16,,67,,1,22,,121.5827442,25.043485
112,8,23,14,1,2,06松山區,松山區富錦街與民生東路4段97巷口口,0,0,1,2,C03,8,6,5,30,3,2,1,5,4,5,13,2,1,9,5,5,2,12,1,40,2,8,5,4,7,9,1,10,1,12,,44,,1,21,,121.5519756,25.05986507
112,8,23,14,1,2,06松山區,松山區富錦街與民生東路4段97巷口口,0,0,1,1,B03,8,6,5,30,3,2,1,5,4,5,13,2,1,9,5,5,2,12,1,50,3,10,3,4,7,1,1,8,1,8,,19,,1,21,,121.5519756,25.05986507
112,8,23,14,35,2,05中正區,中正區中山南路與信義路1段口,0,0,2,2,C03,8,6,5,50,5,1,1,5,4,5,13,2,1,1,4,5,2,16,1,62,2,9,6,1,7,9,1,10,1,14,,108,,1,26,,121.5177723,25.0385291
112,8,23,14,35,2,05中正區,中正區中山南路與信義路1段口,0,0,2,1,B03,8,6,5,50,5,1,1,5,4,5,13,2,1,1,4,5,2,16,2,61,3,10,7,1,7,6,1,8,1,2,,9,,1,26,,121.5177723,25.0385291
112,8,23,14,35,2,05中正區,中正區中山南路與信義路1段口,0,0,2,3,H02,8,6,5,50,5,1,1,5,4,5,13,2,1,1,4,5,2,16,2,60,2,8,6,5,7,20,8,20,10,16,,67,,1,26,,121.5177723,25.0385291
112,8,23,15,3,2,08士林區,士林區忠誠路2段21巷45弄與忠誠路2段41巷口,0,0,1,1,C03,8,6,5,30,4,1,1,5,4,5,8,4,4,10,5,5,2,15,2,56,2,9,6,1,7,9,1,10,1,11,,72,,1,27,,121.5328859,25.1104567
112,8,23,15,3,2,08士林區,士林區忠誠路2段21巷45弄與忠誠路2段41巷口,0,0,1,2,C03,8,6,5,30,4,1,1,5,4,5,8,4,4,10,5,5,2,15,1,19,3,10,6,1,7,9,1,10,1,14,,107,,1,25,,121.5328859,25.1104567
112,8,23,15,5,2,10文山區,文山區羅斯福路6段與景隆街口,0,0,1,2,B03,6,6,5,50,4,2,1,4,4,5,13,2,1,1,4,5,2,12,1,40,2,9,7,1,7,9,1,8,2,4,,44,,1,21,,121.5399589,24.9996266