發生年度,發生月,發生日,發生時-Hours,發生分,處理別-編號,區序,肇事地點,死亡人數,2-30日死亡人數,受傷人數,當事人序號,車種,天候,光線,道路類別,速限-速度限制,道路型態,事故位置,路面狀況1,路面狀況2,路面狀況3,道路障礙1,道路障礙2,號誌1,號誌2,車道劃分-分向,車道劃分-分道1,車道劃分-分道2,車道劃分-分道3,事故類型及型態,性別,年齡,受傷程度,主要傷處,保護裝置,行動電話,車輛用途,當事者行動狀態,駕駛資格情形,駕駛執照種類,飲酒情形,車輛撞擊部位1,車輛撞擊部位2,肇因碼-個別,肇因碼-主要,個人肇逃否,職業,旅次目的,座標-X,座標-Y
112,8,24,19,5,2,12內湖區,內湖區康樂街72巷9號前,0,0,1,1,C03,8,6,5,50,14,9,1,5,4,5,13,4,4,9,5,5,2,12,2,27,2,9,5,1,7,9,1,10,1,11,,108,,1,21,,121.6182858,25.0695323
112,8,24,19,26,2,06松山區,松山區光復北路與南京東路5段23巷9弄口,0,0,2,1,C03,7,5,5,30,4,1,1,5,4,5,13,3,1,4,3,5,2,15,1,29,2,9,6,1,7,9,1,10,1,14,,118,,1,21,,121.5570248,25.05260546
112,8,24,19,26,2,06松山區,松山區光復北路與南京東路5段23巷9弄口,0,0,2,2,C03,7,5,5,30,4,1,1,5,4,5,13,3,1,4,3,5,2,15,1,24,2,9,6,1,7,9,1,10,1,11,,118,,1,21,,121.5570248,25.05260546
112,8,24,21,20,2,01大同區,大同區南京西路64巷22號,0,0,1,2,C03,8,5,5,30,14,9,1,5,4,5,13,4,4,7,5,5,2,13,1,34,2,7,6,4,7,13,1,10,1,13,,38,,1,22,,121.5184029,25.0513925
112,8,24,21,20,2,01大同區,大同區南京西路64巷22號,0,0,1,1,B03,8,5,5,30,14,9,1,5,4,5,13,4,4,7,5,5,2,13,1,53,3,10,3,4,7,9,1,8,1,8,,108,,1,22,,121.5184029,25.0513925
112,8,24,21,40,2,01大同區,大同區寧夏路59號,0,0,2,1,B03,8,5,5,50,14,9,1,5,4,5,13,3,1,8,3,5,2,17,1,48,3,10,7,1,7,14,1,8,1,4,,40,,1,21,,121.5153695,25.05781337
112,8,24,21,40,2,01大同區,大同區寧夏路59號,0,0,2,2,C03,8,5,5,50,14,9,1,5,4,5,13,3,1,8,3,5,2,17,1,48,2,9,6,1,7,9,1,10,1,15,,44,,1,21,,121.5153695,25.05781337
112,8,24,21,40,2,01大同區,大同區寧夏路59號,0,0,2,3,H02,8,5,5,50,14,9,1,5,4,5,13,3,1,8,3,5,2,17,1,39,2,8,6,5,7,20,8,20,10,16,,67,,1,21,,121.5153695,25.05781337
112,8,24,21,47,2,12內湖區,內湖區成功路3段168號,0,0,1,1,B03,8,5,6,50,14,7,1,5,4,5,13,4,4,1,4,4,2,16,1,22,3,10,3,4,7,1,1,8,1,8,,19,,1,21,,121.5903925,25.08034426
112,8,24,21,47,2,12內湖區,內湖區成功路3段168號,0,0,1,2,C03,8,5,6,50,14,7,1,5,4,5,13,4,4,1,4,4,2,16,1,18,2,9,6,1,7,9,3,18,1,12,,44,,1,21,,121.5903925,25.08034426
112,8,24,21,57,2,07信義區,信義區松智路17號對面,0,0,2,2,C03,7,5,5,50,14,9,1,5,4,5,13,4,4,5,4,5,1,13,2,53,2,9,3,4,7,15,1,10,1,13,,118,,1,21,,121.5653834,25.0354649
112,8,24,21,57,2,07信義區,信義區松智路17號對面,0,0,2,3,B03,7,5,5,50,14,9,1,5,4,5,13,4,4,5,4,5,1,13,1,49,3,10,3,4,7,15,1,8,1,1,,118,,1,21,,121.5653834,25.0354649
112,8,24,21,57,2,07信義區,信義區松智路17號對面,0,0,2,1,C03,7,5,5,50,14,9,1,5,4,5,13,4,4,5,4,5,1,13,2,33,2,9,3,4,7,9,1,10,1,11,,16,,1,22,,121.5653834,25.0354649
112,8,24,22,13,2,09北投區,北投區立賢路168號,0,0,2,3,H02,8,5,5,50,14,9,1,5,4,5,13,4,4,1,4,5,2,27,2,20,2,9,6,5,7,20,8,20,10,16,,67,,1,21,,121.5024097,25.114415
112,8,24,22,13,2,09北投區,北投區立賢路168號,0,0,2,2,,8,5,5,50,14,9,1,5,4,5,13,4,4,1,4,5,2,27,3,0,,,,,,,,,,,,66,,1,,,121.5024097,25.114415
112,8,24,22,13,2,09北投區,北投區立賢路168號,0,0,2,1,C03,8,5,5,50,14,9,1,5,4,5,13,4,4,1,4,5,2,27,1,20,2,9,6,1,7,9,1,9,1,11,,13,,1,21,,121.5024097,25.114415
112,8,24,22,40,2,01大同區,大同區民權西路與大龍街口,0,0,1,2,C03,7,5,5,50,4,1,1,5,4,5,13,1,1,1,4,5,2,17,1,27,3,10,5,1,7,9,1,10,1,14,,13,,1,21,,121.5159392,25.0628725
112,8,24,22,40,2,01大同區,大同區民權西路與大龍街口,0,0,1,1,B12,7,5,5,50,4,1,1,5,4,5,13,1,1,1,4,5,2,17,1,36,3,10,7,1,7,5,1,8,1,8,,98,,1,21,,121.5159392,25.0628725
112,8,24,22,40,2,01大同區,大同區民權西路與大龍街口,0,0,1,3,C03,7,5,5,50,4,1,1,5,4,5,13,1,1,1,4,5,2,17,1,29,2,9,5,1,7,9,1,10,1,12,,44,,1,21,,121.5159392,25.0628725
112,8,24,23,11,2,03中山區,中山區南京東路3段與復興北路口,0,0,1,2,C03,8,5,5,0,4,1,1,5,4,5,13,2,1,9,4,5,2,13,1,37,2,9,5,1,7,6,1,9,1,13,,44,,1,26,,121.5437637,25.05193233
112,8,24,23,11,2,03中山區,中山區南京東路3段與復興北路口,0,0,1,1,B03,8,5,5,0,4,1,1,5,4,5,13,2,1,9,4,5,2,13,1,26,3,10,7,1,7,5,1,8,1,1,,16,,1,21,,121.5437637,25.05193233
112,8,25,5,1,2,02萬華區,萬華區萬大路與萬大路322巷口,0,0,1,1,B12,8,5,5,30,4,1,1,5,4,5,13,2,1,1,5,5,2,16,1,40,3,10,7,1,7,5,6,8,1,2,,74,,1,21,,121.5001798,25.02425357
112,8,25,5,1,2,02萬華區,萬華區萬大路與萬大路322巷口,0,0,1,2,C03,8,5,5,30,4,1,1,5,4,5,13,2,1,1,5,5,2,16,1,20,2,9,5,1,7,9,1,10,1,11,,44,,1,21,,121.5001798,25.02425357
112,8,25,5,15,2,09北投區,北投區石牌路2段與東華街1段口,0,0,1,2,H01,8,5,5,50,4,1,1,5,4,5,13,2,1,1,1,5,2,1,2,68,2,9,4,5,8,16,8,20,10,16,,67,,1,21,,121.5152073,25.11533228
112,8,25,5,15,2,09北投區,北投區石牌路2段與東華街1段口,0,0,1,1,B03,8,5,5,50,4,1,1,5,4,5,13,2,1,1,1,5,2,1,1,69,3,10,7,1,7,5,1,8,2,1,,118,,1,21,,121.5152073,25.11533228
112,8,25,6,21,2,04大安區,大安區忠孝東路4段與忠孝東路4段77巷口,0,0,2,1,C03,8,6,6,50,4,18,1,5,4,5,13,1,1,10,5,5,2,3,1,65,2,9,5,1,7,9,6,11,1,11,12,81,,1,21,,121.5472567,25.041643
112,8,25,6,21,2,04大安區,大安區忠孝東路4段與忠孝東路4段77巷口,0,0,2,2,H01,8,6,6,50,4,18,1,5,4,5,13,1,1,10,5,5,2,3,2,37,2,9,4,5,8,16,8,20,10,16,,67,,1,21,,121.5472567,25.041643
112,8,25,6,37,2,05中正區,中正區重慶南路1段與漢口街1段口,0,0,1,2,B12,8,5,5,50,14,9,1,5,4,5,13,1,1,9,4,5,2,17,1,60,3,10,7,1,7,9,1,4,2,2,,44,,1,21,,121.5132448,25.0453822
112,8,25,6,37,2,05中正區,中正區重慶南路1段與漢口街1段口,0,0,1,1,C03,8,5,5,50,14,9,1,5,4,5,13,1,1,9,4,5,2,17,1,43,2,9,5,1,7,10,1,10,2,14,,100,,1,21,,121.5132448,25.0453822
112,8,25,6,45,2,08士林區,士林區中山北路5段602號前人行道,0,0,1,1,C03,8,6,5,0,14,20,1,5,4,5,13,4,4,10,5,5,2,17,1,45,3,10,5,1,7,1,1,9,1,11,,19,,1,22,,121.5280088,25.09611227
112,8,25,6,45,2,08士林區,士林區中山北路5段602號前人行道,0,0,1,2,F01,8,6,5,0,14,20,1,5,4,5,13,4,4,10,5,5,2,17,2,70,2,9,4,1,7,9,8,20,1,14,,44,,1,22,,121.5280088,25.09611227
112,8,25,6,50,2,03中山區,中山區中山北路3段與民族東路口,0,0,1,1,B03,8,7,5,50,4,1,1,5,4,5,13,1,1,1,4,5,2,16,1,48,3,10,7,1,7,5,1,8,1,1,,74,,1,22,,121.5229034,25.0685058
112,8,25,6,50,2,03中山區,中山區中山北路3段與民族東路口,0,0,1,2,C03,8,7,5,50,4,1,1,5,4,5,13,1,1,1,4,5,2,16,1,56,2,9,5,1,7,9,1,10,1,14,,13,,1,22,,121.5229034,25.0685058
112,8,25,7,0,2,03中山區,中山區龍江路345巷與龍江路口,0,0,1,1,C03,8,6,5,50,3,2,1,5,4,5,13,4,4,5,4,5,1,3,1,72,3,10,6,1,7,9,1,10,2,11,,70,,1,21,,121.5409077,25.06343367
112,8,25,7,0,2,03中山區,中山區龍江路345巷與龍江路口,0,0,1,2,H01,8,6,5,50,3,2,1,5,4,5,13,4,4,5,4,5,1,3,2,74,2,9,4,5,8,16,8,20,10,16,,67,,1,21,,121.5409077,25.06343367
112,8,25,7,14,2,02萬華區,萬華區萬大路464號,0,0,1,2,H01,8,7,5,50,22,19,1,5,4,5,13,2,1,1,4,5,2,9,2,35,2,9,4,5,8,16,8,20,10,16,,121,,1,21,,121.4976609,25.02001702
112,8,25,7,14,2,02萬華區,萬華區萬大路464號,0,0,1,1,C03,8,7,5,50,22,19,1,5,4,5,13,2,1,1,4,5,2,9,1,29,3,10,5,1,7,9,1,10,2,11,,108,,1,21,,121.4976609,25.02001702
112,8,25,7,19,2,10文山區,文山區秀明路2段與新光路1段口,0,0,1,2,C03,8,5,5,50,4,1,1,5,4,5,13,2,1,1,5,5,2,16,1,37,2,9,5,1,7,9,1,10,1,11,,44,,1,21,,121.5736398,24.9916892
112,8,25,7,19,2,10文山區,文山區秀明路2段與新光路1段口,0,0,1,1,B02,8,5,5,50,4,1,1,5,4,5,13,2,1,1,5,5,2,16,1,48,3,10,7,1,7,5,1,8,1,5,,74,,1,22,,121.5736398,24.9916892
112,8,25,7,20,2,01大同區,大同區台北橋機慢車道(近燈桿7010751),0,0,3,1,C03,8,6,5,50,8,11,1,5,4,5,13,4,4,1,4,5,2,12,1,40,2,9,5,1,7,7,1,10,1,11,,107,,1,22,,121.5104158,25.0632815
112,8,25,7,20,2,01大同區,大同區台北橋機慢車道(近燈桿7010751),0,0,3,3,C03,8,6,5,50,8,11,1,5,4,5,13,4,4,1,4,5,2,12,1,40,2,9,6,1,7,9,1,10,1,11,,44,,1,22,,121.5104158,25.0632815
112,8,25,7,20,2,01大同區,大同區台北橋機慢車道(近燈桿7010751),0,0,3,2,C03,8,6,5,50,8,11,1,5,4,5,13,4,4,1,4,5,2,12,1,54,2,9,5,1,7,9,1,10,1,13,,44,,1,22,,121.5104158,25.0632815
112,8,25,7,44,2,08士林區,士林區中正路與承德路5段口口,0,0,1,2,B03,8,6,5,50,5,1,1,5,4,5,13,1,1,1,4,5,1,13,2,40,2,7,7,1,7,9,1,8,1,1,,108,,1,21,,121.5157558,25.0907111
112,8,25,7,44,2,08士林區,士林區中正路與承德路5段口口,0,0,1,1,B01,8,6,5,50,5,1,1,5,4,5,13,1,1,1,4,5,1,13,1,61,3,10,7,1,7,12,1,4,1,6,,44,,1,21,,121.5157558,25.0907111
112,8,25,7,45,2,11南港區,南港區大坑街與舊莊街1段215巷口,0,0,1,1,B12,8,7,5,50,4,2,1,5,4,5,13,2,1,5,4,5,2,3,1,48,3,10,7,1,7,6,1,4,2,8,,70,,1,21,,121.622814,25.0397593
112,8,25,7,45,2,11南港區,南港區大坑街與舊莊街1段215巷口,0,0,1,2,H01,8,7,5,50,4,2,1,5,4,5,13,2,1,5,4,5,2,3,2,62,2,9,4,5,8,16,8,20,10,16,,67,,1,21,,121.622814,25.0397593
112,8,25,7,57,2,09北投區,北投區大業路與無名巷口,0,0,1,1,B03,8,7,5,50,4,2,1,5,4,5,13,2,1,1,4,5,2,16,1,59,3,10,7,1,7,7,1,8,1,2,,100,,1,22,,121.4993718,25.1233822
112,8,25,7,57,2,09北投區,北投區大業路與無名巷口,0,0,1,2,C03,8,7,5,50,4,2,1,5,4,5,13,2,1,1,4,5,2,16,2,41,2,9,6,1,7,9,1,10,1,14,,108,,1,22,,121.4993718,25.1233822
112,8,25,8,0,2,07信義區,信義區忠孝東路5段236巷3弄與忠孝東路5段236巷口,0,0,1,1,B03,8,7,5,30,4,1,1,5,4,5,13,4,4,5,5,5,2,15,1,35,3,10,7,1,7,9,1,8,1,1,,72,,1,21,,121.5719654,25.0404289
112,8,25,8,0,2,07信義區,信義區忠孝東路5段236巷3弄與忠孝東路5段236巷口,0,0,1,2,C03,8,7,5,30,4,1,1,5,4,5,13,4,4,5,5,5,2,15,1,57,2,9,5,1,7,9,1,10,1,12,,44,,1,21,,121.5719654,25.0404289
112,8,25,8,9,2,06松山區,松山區南京東路4段21號,0,0,2,3,C03,8,6,6,50,14,7,1,5,4,5,13,4,4,1,4,4,2,13,2,29,2,9,6,4,7,9,1,10,1,13,,44,,1,21,,121.5503292,25.05180298
112,8,25,8,9,2,06松山區,松山區南京東路4段21號,0,0,2,4,B03,8,6,6,50,14,7,1,5,4,5,13,4,4,1,4,4,2,13,2,63,3,10,7,4,7,8,1,4,1,4,,100,,1,21,,121.5503292,25.05180298
112,8,25,8,9,2,06松山區,松山區南京東路4段21號,0,0,2,1,C03,8,6,6,50,14,7,1,5,4,5,13,4,4,1,4,4,2,13,2,46,2,8,6,4,7,9,1,10,1,11,,16,,1,21,,121.5503292,25.05180298
112,8,25,8,9,2,06松山區,松山區南京東路4段21號,0,0,2,2,C03,8,6,6,50,14,7,1,5,4,5,13,4,4,1,4,4,2,13,1,26,3,10,6,4,7,9,1,10,1,13,,16,,1,21,,121.5503292,25.05180298
112,8,25,8,10,2,08士林區,士林區中正路621號前迴轉道,0,0,1,1,A11,8,6,5,50,22,6,1,5,4,5,13,3,1,1,4,5,2,17,4,0,4,11,3,4,7,6,7,19,11,17,,119,,2,22,,121.5089078,25.0865382
112,8,25,8,10,2,08士林區,士林區中正路621號前迴轉道,0,0,1,2,C03,8,6,5,50,22,6,1,5,4,5,13,3,1,1,4,5,2,17,2,43,2,9,5,1,7,9,1,10,9,11,,44,,1,21,,121.5089078,25.0865382
112,8,25,8,10,2,08士林區,士林區中正路621號前迴轉道,0,0,1,3,,8,6,5,50,22,6,1,5,4,5,13,3,1,1,4,5,2,17,3,0,,,,,,,,,10,,,67,,1,,,121.5089078,25.0865382
112,8,25,8,16,2,08士林區,士林區通河西街2段堤外(百齡左岸NO.241燈桿前),0,0,3,2,C03,8,6,5,30,14,9,1,5,4,5,13,4,4,10,5,5,1,11,1,48,2,9,5,1,7,9,1,10,2,11,,44,,1,21,,121.5104931,25.09194486
112,8,25,8,16,2,08士林區,士林區通河西街2段堤外(百齡左岸NO.241燈桿前),0,0,3,3,C03,8,6,5,30,14,9,1,5,4,5,13,4,4,10,5,5,1,11,1,27,2,7,5,1,7,9,1,9,2,14,,44,,1,21,,121.5104931,25.09194486
112,8,25,8,16,2,08士林區,士林區通河西街2段堤外(百齡左岸NO.241燈桿前),0,0,3,1,C03,8,6,5,30,14,9,1,5,4,5,13,4,4,10,5,5,1,11,1,19,2,9,5,1,7,4,3,18,2,11,,1,,1,21,,121.5104931,25.09194486
112,8,25,8,20,2,12內湖區,內湖區民權東路6段50號,0,0,1,2,C03,8,6,5,50,14,9,1,5,4,5,13,4,4,1,4,4,2,16,1,25,2,9,5,1,7,9,1,10,2,14,,13,,1,22,,121.5840247,25.06850142
112,8,25,8,20,2,12內湖區,內湖區民權東路6段50號,0,0,1,1,B03,8,6,5,50,14,9,1,5,4,5,13,4,4,1,4,4,2,16,2,35,3,10,7,1,7,8,1,8,2,5,,100,,1,22,,121.5840247,25.06850142
112,8,25,8,26,2,10文山區,文山區政大二街與政大二街口,0,0,2,2,B01,8,6,5,30,14,9,1,5,4,5,13,4,4,5,2,5,2,17,1,56,3,10,7,1,7,9,1,4,1,8,,118,,1,21,,121.584367,24.98933106
112,8,25,8,26,2,10文山區,文山區政大二街與政大二街口,0,0,2,3,H02,8,6,5,30,14,9,1,5,4,5,13,4,4,5,2,5,2,17,2,1,2,9,2,5,7,20,8,20,10,16,,67,,1,24,,121.584367,24.98933106
112,8,25,8,26,2,10文山區,文山區政大二街與政大二街口,0,0,2,1,C03,8,6,5,30,14,9,1,5,4,5,13,4,4,5,2,5,2,17,1,34,2,7,6,1,7,5,1,10,1,14,,118,,1,21,,121.584367,24.98933106
112,8,25,8,30,2,06松山區,松山區敦化北路與敦化北路238巷口,0,0,1,2,C03,8,5,5,50,3,1,1,5,4,5,13,4,4,1,4,4,2,16,1,29,2,8,6,1,7,9,1,10,1,14,,13,,1,21,,121.5496065,25.0597657
112,8,25,8,30,2,06松山區,松山區敦化北路與敦化北路238巷口,0,0,1,1,B03,8,5,5,50,3,1,1,5,4,5,13,4,4,1,4,4,2,16,1,51,3,10,7,1,7,6,1,8,1,6,,9,,1,22,,121.5496065,25.0597657
112,8,25,8,40,2,06松山區,松山區民權東路4段200號,0,0,1,2,C03,8,7,5,40,14,7,1,5,4,5,13,1,1,1,4,4,2,12,2,34,2,9,6,4,7,9,1,10,1,14,,44,,1,21,,121.5627614,25.06273739
112,8,25,8,40,2,06松山區,松山區民權東路4段200號,0,0,1,3,A02,8,7,5,40,14,7,1,5,4,5,13,1,1,1,4,4,2,12,1,54,3,10,7,4,7,9,1,2,1,2,,44,,1,21,,121.5627614,25.06273739
112,8,25,8,40,2,06松山區,松山區民權東路4段200號,0,0,1,1,C03,8,7,5,40,14,7,1,5,4,5,13,1,1,1,4,4,2,12,4,0,4,11,3,4,7,9,7,19,11,15,,119,,2,22,,121.5627614,25.06273739
112,8,25,8,56,2,08士林區,士林區志成街與志成街22巷口,0,0,1,1,C03,8,6,5,30,4,1,1,5,4,5,13,4,4,10,5,5,2,15,2,36,2,9,5,1,7,9,1,10,2,11,,72,,1,22,,121.5301202,25.0968382
112,8,25,8,56,2,08士林區,士林區志成街與志成街22巷口,0,0,1,2,B03,8,6,5,30,4,1,1,5,4,5,13,4,4,10,5,5,2,15,2,42,3,10,3,4,7,9,1,8,2,4,,108,,1,22,,121.5301202,25.0968382
112,8,25,9,0,2,03中山區,中山區堤頂大道2段與樂群一路口,0,0,1,1,B03,8,6,5,50,5,2,1,5,4,5,13,1,1,1,4,1,1,17,1,25,3,10,7,1,7,8,1,8,2,6,,118,,1,21,,121.5689643,25.0771549
112,8,25,9,0,2,03中山區,中山區堤頂大道2段與樂群一路口,0,0,1,2,C03,8,6,5,50,5,2,1,5,4,5,13,1,1,1,4,1,1,17,1,35,2,9,6,1,7,9,1,10,2,14,,44,,1,21,,121.5689643,25.0771549
112,8,25,9,0,2,03中山區,中山區堤頂大道2段與樂群一路口,0,0,1,3,B03,8,6,5,50,5,2,1,5,4,5,13,1,1,1,4,1,1,17,4,0,,,,,,,,,11,,,119,,2,,,121.5689643,25.0771549
112,8,25,9,0,2,06松山區,松山區民生東路3段131號,0,0,1,2,H02,8,6,5,50,14,9,1,5,4,5,13,4,4,1,3,5,2,9,2,68,2,9,2,5,7,20,8,20,10,16,,67,,1,22,,121.5478747,25.05779403
112,8,25,9,0,2,06松山區,松山區民生東路3段131號,0,0,1,1,A02,8,6,5,50,14,9,1,5,4,5,13,4,4,1,3,5,2,9,1,56,3,10,7,1,7,9,1,2,1,15,,44,,1,22,,121.5478747,25.05779403
112,8,25,9,37,2,11南港區,南港區市民大道8段與興中路口,0,0,3,2,C03,8,7,5,50,5,1,1,5,4,5,13,2,1,5,4,5,2,16,2,19,2,9,5,4,7,9,1,10,1,12,,118,,1,22,,121.6076209,25.0533339
112,8,25,9,37,2,11南港區,南港區市民大道8段與興中路口,0,0,3,3,H02,8,7,5,50,5,1,1,5,4,5,13,2,1,5,4,5,2,16,2,34,2,9,5,5,7,20,8,20,10,16,,67,,1,22,,121.6076209,25.0533339
112,8,25,9,37,2,11南港區,南港區市民大道8段與興中路口,0,0,3,1,C03,8,7,5,50,5,1,1,5,4,5,13,2,1,5,4,5,2,16,1,38,2,9,5,4,7,5,1,10,1,14,,118,,1,22,,121.6076209,25.0533339
112,8,25,9,50,2,01大同區,大同區南京西路與延平北路1段口,0,0,2,2,C03,8,6,5,50,4,1,1,5,4,5,13,2,1,5,4,5,2,13,2,31,2,9,6,1,7,9,1,10,1,11,,108,,1,22,,121.5086653,25.05341688
112,8,25,9,50,2,01大同區,大同區南京西路與延平北路1段口,0,0,2,1,C03,8,6,5,50,4,1,1,5,4,5,13,2,1,5,4,5,2,13,1,41,2,9,6,1,7,7,1,10,1,13,,100,,1,22,,121.5086653,25.05341688
112,8,25,9,50,2,01大同區,大同區南京西路與延平北路1段口,0,0,2,3,C03,8,6,5,50,4,1,1,5,4,5,13,2,1,5,4,5,2,13,1,54,3,10,6,1,7,9,1,10,1,11,,44,,1,22,,121.5086653,25.05341688
112,8,25,10,20,2,03中山區,中山區建國北路2段與錦州街口,0,0,1,2,H01,8,6,5,50,4,1,1,5,4,5,13,1,1,9,5,5,2,2,2,48,2,9,4,5,8,16,8,20,10,16,,67,,1,22,,121.5372058,25.06029727
112,8,25,10,20,2,03中山區,中山區建國北路2段與錦州街口,0,0,1,1,B02,8,6,5,50,4,1,1,5,4,5,13,1,1,9,5,5,2,2,1,37,3,10,3,4,7,5,1,8,1,8,,70,,1,22,,121.5372058,25.06029727
112,8,25,10,35,2,03中山區,中山區北安路458巷47弄與北安路518巷口,0,0,1,1,B02,8,5,5,50,4,2,1,5,4,5,13,2,1,5,4,5,2,15,1,26,3,10,3,4,7,9,1,8,2,4,,81,,1,21,,121.5470171,25.0788365
112,8,25,10,35,2,03中山區,中山區北安路458巷47弄與北安路518巷口,0,0,1,2,C03,8,5,5,50,4,2,1,5,4,5,13,2,1,5,4,5,2,15,2,27,2,9,3,4,7,9,1,10,2,11,,44,,1,21,,121.5470171,25.0788365
112,8,25,10,38,2,03中山區,中山區北安路811巷與北安路口側附近口旁,0,0,1,1,A04,8,7,5,50,3,2,1,5,4,5,13,4,4,1,4,5,2,12,1,40,3,10,3,4,7,9,1,2,1,4,,44,,1,21,,121.5552205,25.08508952
112,8,25,10,38,2,03中山區,中山區北安路811巷與北安路口側附近口旁,0,0,1,2,C03,8,7,5,50,3,2,1,5,4,5,13,4,4,1,4,5,2,12,1,76,2,9,3,4,7,10,1,10,1,14,,100,,1,21,,121.5552205,25.08508952
112,8,25,10,50,2,10文山區,文山區辛亥路4段與辛亥路4段166巷口口,0,0,1,2,C03,8,6,5,50,3,2,1,5,4,5,13,1,1,1,4,5,2,12,1,32,2,7,5,1,7,7,1,10,1,14,,108,,1,21,,121.5564279,25.0038272
112,8,25,10,50,2,10文山區,文山區辛亥路4段與辛亥路4段166巷口口,0,0,1,1,B03,8,6,5,50,3,2,1,5,4,5,13,1,1,1,4,5,2,12,1,20,3,10,7,1,7,7,1,8,1,2,,100,,1,21,,121.5564279,25.0038272
112,8,25,11,7,2,03中山區,中山區北安路與明水路口,0,0,1,1,B03,8,6,5,50,3,1,1,5,4,5,13,1,1,1,4,5,2,13,1,34,3,10,3,4,7,9,1,8,2,1,,108,,1,29,,121.5389065,25.07786909
112,8,25,11,7,2,03中山區,中山區北安路與明水路口,0,0,1,2,B03,8,6,5,50,3,1,1,5,4,5,13,1,1,1,4,5,2,13,1,44,3,10,3,4,7,14,1,8,2,3,,44,,1,22,,121.5389065,25.07786909
112,8,25,11,7,2,03中山區,中山區北安路與明水路口,0,0,1,3,H02,8,6,5,50,3,1,1,5,4,5,13,1,1,1,4,5,2,13,2,53,2,2,3,5,7,17,8,20,10,16,,67,,1,21,,121.5389065,25.07786909
112,8,25,11,14,2,04大安區,大安區市民大道3段與安東街口,0,0,1,1,C03,8,6,5,40,3,1,1,5,4,5,13,1,1,9,4,5,1,13,2,38,2,9,3,4,7,9,1,10,1,11,,107,,1,22,,121.542268,25.0445494
112,8,25,11,14,2,04大安區,大安區市民大道3段與安東街口,0,0,1,2,B12,8,6,5,40,3,1,1,5,4,5,13,1,1,9,4,5,1,13,1,47,3,10,3,4,7,9,1,8,1,7,,44,,1,22,,121.542268,25.0445494
112,8,25,11,40,2,02萬華區,萬華區貴陽街2段與柳州街口,0,0,1,1,C03,8,6,5,50,4,2,1,5,4,5,13,2,1,10,4,5,1,17,2,22,3,10,3,4,7,5,1,10,1,14,,8,,1,22,,121.5055352,25.03950992
112,8,25,11,40,2,02萬華區,萬華區貴陽街2段與柳州街口,0,0,1,2,C03,8,6,5,50,4,2,1,5,4,5,13,2,1,10,4,5,1,17,1,39,2,9,3,4,7,9,1,10,1,12,,44,,1,22,,121.5055352,25.03950992
112,8,25,12,54,2,08士林區,士林區承德路5段與士商路口,0,0,1,2,C03,8,6,5,60,4,2,1,5,4,5,13,1,1,1,4,5,2,16,1,20,2,8,6,1,7,9,1,10,1,11,,13,,1,22,,121.5142715,25.0959448
112,8,25,12,54,2,08士林區,士林區承德路5段與士商路口,0,0,1,1,B03,8,6,5,60,4,2,1,5,4,5,13,1,1,1,4,5,2,16,1,31,3,10,7,1,7,6,1,8,1,2,,9,,1,22,,121.5142715,25.0959448
112,8,25,13,0,2,02萬華區,萬華區寶興街112號,0,0,1,1,B03,8,6,5,0,14,9,1,5,4,5,13,4,4,10,3,5,1,17,1,30,3,10,3,4,7,14,1,8,1,4,,40,,1,21,,121.4945008,25.0254187
112,8,25,13,0,2,02萬華區,萬華區寶興街112號,0,0,1,2,F01,8,6,5,0,14,9,1,5,4,5,13,4,4,10,3,5,1,17,1,16,2,1,3,4,7,9,8,20,1,11,,108,,1,21,,121.4945008,25.0254187
112,8,25,13,41,2,07信義區,信義區忠孝東路5段659號,0,0,1,1,C03,8,6,5,50,14,9,1,5,4,5,13,4,4,1,4,5,2,13,2,20,2,9,6,1,7,9,1,10,1,11,,16,,1,21,,121.5795914,25.041912
112,8,25,13,41,2,07信義區,信義區忠孝東路5段659號,0,0,1,2,B03,8,6,5,50,14,9,1,5,4,5,13,4,4,1,4,5,2,13,1,55,3,10,7,1,7,9,1,8,1,3,,44,,1,21,,121.5795914,25.041912
112,8,25,13,41,2,07信義區,信義區忠孝東路5段659號,0,0,1,3,B03,8,6,5,50,14,9,1,5,4,5,13,4,4,1,4,5,2,13,1,50,3,10,7,1,7,9,1,8,1,2,,44,,1,21,,121.5795914,25.041912
112,8,25,14,5,2,07信義區,信義區信安街與信安街103巷口,0,0,1,2,C03,8,6,5,50,4,2,1,5,4,5,13,4,4,9,5,5,2,17,1,26,2,9,5,1,7,9,1,10,2,14,,44,,1,22,,121.5565551,25.0253365
112,8,25,14,5,2,07信義區,信義區信安街與信安街103巷口,0,0,1,1,B12,8,6,5,50,4,2,1,5,4,5,13,4,4,9,5,5,2,17,1,46,3,10,3,4,7,6,1,7,2,6,,9,,1,22,,121.5565551,25.0253365
112,8,25,14,10,2,08士林區,士林區萬溪產業道路3+900,0,0,1,1,F01,8,6,5,30,11,9,1,5,4,5,13,4,4,10,5,5,1,18,1,16,2,9,4,1,7,15,8,20,1,17,,42,,1,22,,121.5952565,25.1290257
112,8,25,14,10,2,08士林區,士林區萬溪產業道路3+900,0,0,1,2,,8,6,5,30,11,9,1,5,4,5,13,4,4,10,5,5,1,18,3,0,,,,,,,,,1,,,67,,1,,,121.5952565,25.1290257