發生年度,發生月,發生日,發生時-Hours,發生分,處理別-編號,區序,肇事地點,死亡人數,2-30日死亡人數,受傷人數,當事人序號,車種,天候,光線,道路類別,速限-速度限制,道路型態,事故位置,路面狀況1,路面狀況2,路面狀況3,道路障礙1,道路障礙2,號誌1,號誌2,車道劃分-分向,車道劃分-分道1,車道劃分-分道2,車道劃分-分道3,事故類型及型態,性別,年齡,受傷程度,主要傷處,保護裝置,行動電話,車輛用途,當事者行動狀態,駕駛資格情形,駕駛執照種類,飲酒情形,車輛撞擊部位1,車輛撞擊部位2,肇因碼-個別,肇因碼-主要,個人肇逃否,職業,旅次目的,座標-X,座標-Y
112,8,26,1,10,2,04大安區,大安區大安路2段與四維路154巷口,0,0,3,2,B01,8,5,5,50,4,1,1,5,4,5,13,3,1,10,5,5,2,15,1,44,3,10,7,1,7,9,1,4,1,1,,44,,1,21,,121.5460409,25.0310268
112,8,26,1,10,2,04大安區,大安區大安路2段與四維路154巷口,0,0,3,1,C03,8,5,5,50,4,1,1,5,4,5,13,3,1,10,5,5,2,15,2,48,2,9,6,1,7,9,3,18,1,13,,72,,1,21,,121.5460409,25.0310268
112,8,26,1,40,2,02萬華區,萬華區康定路與峨眉街口,0,0,1,2,C03,8,5,5,50,4,1,1,5,4,5,13,2,1,5,5,5,2,16,1,19,2,9,5,1,7,9,1,10,1,11,,44,,1,21,,121.5028616,25.0445053
112,8,26,1,40,2,02萬華區,萬華區康定路與峨眉街口,0,0,1,1,B01,8,5,5,50,4,1,1,5,4,5,13,2,1,5,5,5,2,16,1,50,3,10,7,4,7,5,1,4,1,5,,74,,1,21,,121.5028616,25.0445053
112,8,26,2,2,2,06松山區,松山區南京東路3段與敦化北路口,0,0,1,1,B01,8,5,5,40,4,1,1,5,4,5,13,1,1,9,4,4,2,17,1,42,3,10,7,1,7,11,1,4,1,2,,10,,1,22,,121.548735,25.05182025
112,8,26,2,2,2,06松山區,松山區南京東路3段與敦化北路口,0,0,1,2,C03,8,5,5,40,4,1,1,5,4,5,13,1,1,9,4,4,2,17,1,22,2,9,6,1,7,9,3,18,1,15,,44,,1,22,,121.548735,25.05182025
112,8,26,4,32,2,02萬華區,萬華區堤外便道與堤外便道口往南(果菜市場堤外停車場52車道外),0,0,1,2,C03,8,5,5,50,3,1,1,5,4,3,10,4,4,9,5,5,2,15,1,24,2,9,5,1,7,9,1,10,1,11,,44,,1,21,,121.4987884,25.0162128
112,8,26,4,32,2,02萬華區,萬華區堤外便道與堤外便道口往南(果菜市場堤外停車場52車道外),0,0,1,1,G06,8,5,5,50,3,1,1,5,4,3,10,4,4,9,5,5,2,15,1,68,3,10,4,1,7,1,8,20,1,16,,19,,1,21,,121.4987884,25.0162128
112,8,26,6,15,2,11南港區,南港區成功路1段63號,0,0,1,1,C03,8,7,5,50,14,9,1,5,4,5,13,4,4,10,5,5,2,17,1,59,2,9,5,1,7,9,1,10,1,12,,108,,1,22,,121.592709,25.0568938
112,8,26,6,15,2,11南港區,南港區成功路1段63號,0,0,1,3,C03,8,7,5,50,14,9,1,5,4,5,13,4,4,10,5,5,2,17,1,55,4,11,3,4,7,13,1,10,1,15,,44,,1,22,,121.592709,25.0568938
112,8,26,6,15,2,11南港區,南港區成功路1段63號,0,0,1,2,B03,8,7,5,50,14,9,1,5,4,5,13,4,4,10,5,5,2,17,1,47,3,10,3,4,7,13,1,8,11,4,,44,,1,22,,121.592709,25.0568938
112,8,26,6,20,2,08士林區,士林區延平北路5段136巷與重慶北路4段口,0,0,1,1,B03,8,7,5,40,3,2,1,5,4,5,13,4,4,1,4,4,1,17,1,80,3,10,7,1,7,6,6,18,1,5,,9,,1,21,,121.5123597,25.08242225
112,8,26,6,20,2,08士林區,士林區延平北路5段136巷與重慶北路4段口,0,0,1,2,C03,8,7,5,40,3,2,1,5,4,5,13,4,4,1,4,4,1,17,2,24,2,9,5,1,7,9,1,10,1,14,,13,,1,21,,121.5123597,25.08242225
112,8,26,6,38,2,02萬華區,萬華區昆明街176號,0,0,1,1,B03,8,7,5,50,14,9,1,5,4,5,13,4,4,10,4,5,2,8,1,74,3,10,7,1,7,9,1,8,1,1,,108,,1,21,,121.5045886,25.04188227
112,8,26,6,38,2,02萬華區,萬華區昆明街176號,0,0,1,2,H01,8,7,5,50,14,9,1,5,4,5,13,4,4,10,4,5,2,8,1,66,2,1,4,5,8,17,8,20,10,16,,54,,1,21,,121.5045886,25.04188227
112,8,26,6,40,2,11南港區,南港區南港路1段164號,0,0,2,1,C03,8,5,5,50,14,9,1,5,4,5,13,4,4,9,4,5,2,16,2,58,2,9,3,4,7,5,3,18,2,13,,99,,1,21,,121.6124325,25.0553336
112,8,26,6,40,2,11南港區,南港區南港路1段164號,0,0,2,2,C03,8,5,5,50,14,9,1,5,4,5,13,4,4,9,4,5,2,16,1,42,2,9,3,4,7,9,6,18,2,11,,13,,1,21,,121.6124325,25.0553336
112,8,26,6,41,2,07信義區,信義區忠孝東路5段與忠孝東路5段71巷口,0,0,1,2,C03,8,6,5,30,3,2,1,5,4,5,13,4,4,8,3,5,2,17,2,67,2,9,3,4,7,9,1,10,1,12,,44,,1,22,,121.5671825,25.0411758
112,8,26,6,41,2,07信義區,信義區忠孝東路5段與忠孝東路5段71巷口,0,0,1,1,B03,8,6,5,30,3,2,1,5,4,5,13,4,4,8,3,5,2,17,1,55,3,10,3,4,7,15,1,8,1,8,,72,,1,22,,121.5671825,25.0411758
112,8,26,6,49,2,08士林區,士林區中山北路5段北向南220號燈桿,0,0,2,2,C03,8,6,5,40,14,8,1,5,4,5,13,4,4,1,4,1,1,13,1,25,2,9,5,1,7,9,3,18,2,13,,118,,1,21,,121.5275545,25.09166925
112,8,26,6,49,2,08士林區,士林區中山北路5段北向南220號燈桿,0,0,2,1,C03,8,6,5,40,14,8,1,5,4,5,13,4,4,1,4,1,1,13,1,54,5,1,5,1,7,9,1,10,9,11,,118,,1,21,,121.5275545,25.09166925
112,8,26,7,0,2,10文山區,文山區指南路3段(岐山幹39),0,0,1,2,C03,8,7,5,30,11,9,1,5,4,5,13,4,4,10,5,5,2,17,2,26,2,9,5,1,7,6,1,10,2,11,,44,,1,22,,121.5959071,24.97268645
112,8,26,7,0,2,10文山區,文山區指南路3段(岐山幹39),0,0,1,1,B03,8,7,5,30,11,9,1,5,4,5,13,4,4,10,5,5,2,17,1,72,3,10,7,1,7,6,1,8,2,4,,5,,1,22,,121.5959071,24.97268645
112,8,26,7,30,2,12內湖區,內湖區康寧路3段與康寧路3段245巷口,0,0,1,1,B03,8,5,5,50,3,1,1,5,4,5,13,4,4,1,3,5,1,12,2,54,3,10,3,4,7,6,1,8,1,2,,9,,1,22,,121.611437,25.06690292
112,8,26,7,30,2,12內湖區,內湖區康寧路3段與康寧路3段245巷口,0,0,1,2,C03,8,5,5,50,3,1,1,5,4,5,13,4,4,1,3,5,1,12,1,25,2,7,3,4,7,10,1,10,1,14,,44,,1,22,,121.611437,25.06690292
112,8,26,8,26,2,10文山區,文山區木新路2段211巷與木新路2段211巷6弄口,0,0,2,1,C03,8,6,5,30,14,9,1,5,4,5,13,4,4,10,5,5,2,16,1,58,2,7,6,1,7,9,1,10,2,13,14,72,,1,21,,121.5679797,24.9831542
112,8,26,8,26,2,10文山區,文山區木新路2段211巷與木新路2段211巷6弄口,0,0,2,2,C03,8,6,5,30,14,9,1,5,4,5,13,4,4,10,5,5,2,16,1,20,2,9,6,1,7,9,1,10,2,14,,13,,1,21,,121.5679797,24.9831542
112,8,26,9,0,2,03中山區,中山區中山北路3段38號,0,0,3,1,C03,8,7,5,50,14,9,1,5,4,5,13,4,4,1,4,5,2,13,2,41,2,9,6,4,7,9,1,10,1,11,,16,,1,21,,121.5221957,25.06598383
112,8,26,9,0,2,03中山區,中山區中山北路3段38號,0,0,3,2,C03,8,7,5,50,14,9,1,5,4,5,13,4,4,1,4,5,2,13,2,42,2,9,6,4,7,9,1,9,1,13,,44,,1,21,,121.5221957,25.06598383
112,8,26,9,0,2,03中山區,中山區中山北路3段38號,0,0,3,3,H02,8,7,5,50,14,9,1,5,4,5,13,4,4,1,4,5,2,13,2,10,2,9,6,5,7,20,8,20,10,16,,67,,1,21,,121.5221957,25.06598383
112,8,26,9,19,2,08士林區,士林區至善路2段389號,0,0,1,2,F01,8,7,5,0,14,9,1,5,4,5,13,4,4,3,4,5,1,17,2,48,2,9,5,1,7,9,8,20,1,13,,44,,1,22,,121.557281,25.10555656
112,8,26,9,19,2,08士林區,士林區至善路2段389號,0,0,1,1,B03,8,7,5,0,14,9,1,5,4,5,13,4,4,3,4,5,1,17,2,57,4,11,3,4,7,21,7,19,11,15,,107,,2,22,,121.557281,25.10555656
112,8,26,9,50,2,12內湖區,內湖區新明路426巷與新明路380巷4弄口,0,0,2,1,C03,8,6,5,30,4,2,1,5,4,5,13,4,4,10,5,5,2,17,2,75,2,9,6,1,7,9,1,10,2,14,,72,,1,21,,121.5794149,25.05492495
112,8,26,9,50,2,12內湖區,內湖區新明路426巷與新明路380巷4弄口,0,0,2,2,C03,8,6,5,30,4,2,1,5,4,5,13,4,4,10,5,5,2,17,1,19,2,9,6,1,7,9,1,10,2,12,,44,,1,21,,121.5794149,25.05492495
112,8,26,9,56,2,04大安區,大安區新生南路3段76巷與溫州街口,0,0,3,2,C03,8,6,5,30,4,1,1,5,4,5,13,4,4,10,5,5,2,15,2,46,2,9,5,1,7,9,1,10,2,12,,44,,1,21,,121.5328453,25.0192441
112,8,26,9,56,2,04大安區,大安區新生南路3段76巷與溫州街口,0,0,3,1,C03,8,6,5,30,4,1,1,5,4,5,13,4,4,10,5,5,2,15,1,50,2,9,5,1,7,9,1,10,2,11,,72,,1,21,,121.5328453,25.0192441
112,8,26,9,56,2,04大安區,大安區新生南路3段76巷與溫州街口,0,0,3,3,H02,8,6,5,30,4,1,1,5,4,5,13,4,4,10,5,5,2,15,1,11,2,9,5,5,7,20,8,20,10,16,,67,,1,14,,121.5328453,25.0192441
112,8,26,10,3,2,02萬華區,萬華區忠孝西路2段與忠孝西路2段16巷口,0,0,2,1,C03,8,7,5,50,3,2,1,5,4,5,13,4,4,1,4,5,2,16,1,22,2,9,5,1,7,6,1,10,1,12,,9,,1,21,,121.5085634,25.04823652
112,8,26,10,3,2,02萬華區,萬華區忠孝西路2段與忠孝西路2段16巷口,0,0,2,2,C02,8,7,5,50,3,2,1,5,4,5,13,4,4,1,4,5,2,16,1,29,2,4,5,1,7,9,1,9,1,14,,108,,1,21,,121.5085634,25.04823652
112,8,26,10,56,2,03中山區,中山區林森北路與南京東路1段口,0,0,1,2,C03,8,6,5,50,4,1,1,5,4,5,13,1,1,1,4,5,2,16,2,40,2,7,5,1,7,9,1,10,1,11,,44,,1,22,,121.5254274,25.05198645
112,8,26,10,56,2,03中山區,中山區林森北路與南京東路1段口,0,0,1,1,C03,8,6,5,50,4,1,1,5,4,5,13,1,1,1,4,5,2,16,1,32,3,10,6,1,7,6,1,10,1,12,,9,,1,21,,121.5254274,25.05198645
112,8,26,10,56,2,04大安區,大安區忠孝東路3段與復興南路1段口口,0,0,1,2,H01,8,7,5,50,4,1,1,5,4,5,13,1,1,1,4,5,2,3,1,55,2,9,4,5,8,20,8,20,10,16,,67,,1,22,,121.543537,25.0417091
112,8,26,10,56,2,04大安區,大安區忠孝東路3段與復興南路1段口口,0,0,1,3,H01,8,7,5,50,4,1,1,5,4,5,13,1,1,1,4,5,2,3,2,76,3,10,4,5,8,16,8,20,10,16,,67,,1,22,,121.543537,25.0417091
112,8,26,10,56,2,04大安區,大安區忠孝東路3段與復興南路1段口口,0,0,1,1,B01,8,7,5,50,4,1,1,5,4,5,13,1,1,1,4,5,2,3,1,56,3,10,7,4,7,6,1,4,2,5,,70,,1,22,,121.543537,25.0417091
112,8,26,11,26,2,07信義區,信義區松山路287巷50號,0,0,1,2,B03,8,6,5,30,14,9,1,5,4,5,13,4,4,10,5,5,2,12,1,44,3,10,7,1,7,15,1,8,1,5,,118,,1,21,,121.5798415,25.0428874
112,8,26,11,26,2,07信義區,信義區松山路287巷50號,0,0,1,1,C03,8,6,5,30,14,9,1,5,4,5,13,4,4,10,5,5,2,12,2,35,2,7,6,1,7,1,1,10,1,14,,19,,1,21,,121.5798415,25.0428874
112,8,26,11,45,2,12內湖區,內湖區內湖路2段179巷與內湖路2段口,0,0,1,1,C03,8,6,5,50,3,1,1,5,4,5,13,2,1,5,5,5,2,13,1,36,2,7,6,1,7,5,1,10,1,11,,108,,1,21,,121.5875405,25.08133401
112,8,26,11,45,2,12內湖區,內湖區內湖路2段179巷與內湖路2段口,0,0,1,2,B03,8,6,5,50,3,1,1,5,4,5,13,2,1,5,5,5,2,13,2,46,3,10,7,1,7,5,1,8,1,3,,44,,1,21,,121.5875405,25.08133401
112,8,26,11,48,2,06松山區,松山區塔悠路與撫遠街255巷口,0,0,1,2,C03,8,7,5,50,4,2,1,5,4,6,12,4,4,7,4,5,2,16,2,75,2,9,5,1,7,9,1,10,1,11,,44,,1,22,,121.5684714,25.06167459
112,8,26,11,48,2,06松山區,松山區塔悠路與撫遠街255巷口,0,0,1,1,B03,8,7,5,50,4,2,1,5,4,6,12,4,4,7,4,5,2,16,1,57,3,10,7,1,7,6,1,8,1,6,,9,,1,22,,121.5684714,25.06167459
112,8,26,12,0,2,11南港區,南港區市民大道8段與興華路口,0,0,1,1,C03,8,7,5,50,14,9,1,5,4,5,13,4,4,5,4,5,2,12,1,29,2,9,5,1,7,8,1,10,1,14,,100,,1,21,,121.6061197,25.0530853
112,8,26,12,0,2,11南港區,南港區市民大道8段與興華路口,0,0,1,2,B03,8,7,5,50,14,9,1,5,4,5,13,4,4,5,4,5,2,12,1,58,3,10,7,1,7,9,1,8,1,2,,44,,1,21,,121.6061197,25.0530853
112,8,26,12,7,2,02萬華區,萬華區萬大路449巷28弄6號,0,0,2,1,C03,8,5,5,30,14,9,1,5,4,5,13,4,4,10,5,5,1,2,1,28,2,8,3,4,7,9,1,10,1,11,,108,,1,22,,121.4992355,25.02015499
112,8,26,12,7,2,02萬華區,萬華區萬大路449巷28弄6號,0,0,2,2,H01,8,5,5,30,14,9,1,5,4,5,13,4,4,10,5,5,1,2,1,71,2,9,4,5,8,16,8,20,1,16,,67,,1,22,,121.4992355,25.02015499
112,8,26,12,11,2,04大安區,大安區復興南路1段145號,0,0,1,1,B03,8,6,5,50,14,9,1,5,4,5,13,4,4,1,4,5,2,2,1,31,3,10,7,1,7,9,1,8,1,2,,118,,1,21,,121.5438986,25.0422304
112,8,26,12,11,2,04大安區,大安區復興南路1段145號,0,0,1,2,H01,8,6,5,50,14,9,1,5,4,5,13,4,4,1,4,5,2,2,1,41,2,8,4,5,8,16,8,20,10,16,,67,,1,21,,121.5438986,25.0422304
112,8,26,12,20,2,03中山區,中山區建國北路2段與南京東路3段口,0,0,1,1,B03,8,6,5,50,4,1,1,5,4,5,13,1,1,1,4,5,2,15,1,60,3,10,3,4,7,9,6,18,1,5,,81,,1,21,,121.5370186,25.05205233
112,8,26,12,20,2,03中山區,中山區建國北路2段與南京東路3段口,0,0,1,2,C03,8,6,5,50,4,1,1,5,4,5,13,1,1,1,4,5,2,15,1,58,2,9,6,1,7,9,1,10,1,11,,13,,1,21,,121.5370186,25.05205233
112,8,26,12,36,2,02萬華區,萬華區康定路與峨眉街口,0,0,1,2,C03,8,7,5,50,4,2,1,5,4,5,13,2,1,5,4,5,2,16,1,41,2,9,5,1,7,9,1,10,1,14,,44,,1,21,,121.5028689,25.04444869
112,8,26,12,36,2,02萬華區,萬華區康定路與峨眉街口,0,0,1,1,B03,8,7,5,50,4,2,1,5,4,5,13,2,1,5,4,5,2,16,1,23,3,10,7,1,7,6,3,18,1,2,,9,,1,21,,121.5028689,25.04444869
112,8,26,12,37,2,04大安區,大安區大安路1段與復興南路1段279巷口,0,0,1,2,C03,8,7,5,30,4,2,1,5,4,5,13,4,4,9,4,4,2,17,1,44,2,8,3,4,7,9,1,10,1,11,,14,,1,22,,121.5459617,25.0355506
112,8,26,12,37,2,04大安區,大安區大安路1段與復興南路1段279巷口,0,0,1,1,B03,8,7,5,30,4,2,1,5,4,5,13,4,4,9,4,4,2,17,2,62,3,10,3,4,7,6,1,8,1,4,,72,,1,22,,121.5459617,25.0355506
112,8,26,12,55,2,06松山區,松山區民權東路5段與塔悠路口,0,0,1,2,B03,8,6,5,50,3,2,1,5,4,5,13,1,1,1,4,5,2,16,2,59,3,10,2,1,7,13,1,8,11,4,,44,,1,21,,121.5684321,25.063198
112,8,26,12,55,2,06松山區,松山區民權東路5段與塔悠路口,0,0,1,1,C03,8,6,5,50,3,2,1,5,4,5,13,1,1,1,4,5,2,16,2,21,2,1,6,1,7,9,1,10,2,12,,108,,1,21,,121.5684321,25.063198
112,8,26,13,3,2,07信義區,信義區虎林街132巷與虎林街121巷口,0,0,2,1,C03,8,6,5,30,4,2,1,5,4,5,13,4,4,10,5,5,2,12,1,80,2,8,5,1,7,1,1,10,1,14,,44,,1,21,,121.5768643,25.0402351
112,8,26,13,3,2,07信義區,信義區虎林街132巷與虎林街121巷口,0,0,2,3,H02,8,6,5,30,4,2,1,5,4,5,13,4,4,10,5,5,2,12,2,79,2,1,5,5,7,20,8,20,10,17,,67,,1,21,,121.5768643,25.0402351
112,8,26,13,3,2,07信義區,信義區虎林街132巷與虎林街121巷口,0,0,2,2,B01,8,6,5,30,4,2,1,5,4,5,13,4,4,10,5,5,2,12,1,46,3,10,7,1,7,9,1,4,1,2,,107,,1,21,,121.5768643,25.0402351
112,8,26,13,10,2,10文山區,文山區萬隆街與景福街54巷5弄口,0,0,1,2,B03,8,6,5,30,3,1,1,5,4,5,13,4,4,10,5,5,2,16,1,29,3,10,7,1,7,6,1,8,1,1,,72,,1,21,,121.5363958,25.000066
112,8,26,13,10,2,10文山區,文山區萬隆街與景福街54巷5弄口,0,0,1,1,C03,8,6,5,30,3,1,1,5,4,5,13,4,4,10,5,5,2,16,1,60,2,9,5,1,7,9,1,10,1,12,,14,,1,21,,121.5363958,25.000066
112,8,26,13,14,2,04大安區,大安區忠孝東路3段與建國南路1段口,0,0,1,1,C03,8,5,5,50,4,2,1,5,4,5,13,2,1,1,4,5,2,12,1,28,2,7,6,1,7,7,1,10,1,12,,100,,1,21,,121.5367319,25.0418235
112,8,26,13,14,2,04大安區,大安區忠孝東路3段與建國南路1段口,0,0,1,2,C03,8,5,5,50,4,2,1,5,4,5,13,2,1,1,4,5,2,12,1,21,3,10,6,1,7,9,1,10,1,13,,44,,1,21,,121.5367319,25.0418235
112,8,26,13,23,2,12內湖區,內湖區成美橋與新明路298巷口,0,0,1,1,C03,8,7,5,50,4,1,1,5,4,5,13,1,1,5,4,5,2,18,1,33,2,9,6,1,7,5,1,10,9,12,,13,,1,21,,121.5822388,25.05578325
112,8,26,13,23,2,12內湖區,內湖區成美橋與新明路298巷口,0,0,1,2,,8,7,5,50,4,1,1,5,4,5,13,1,1,5,4,5,2,18,3,0,,,,,,,,,,,,67,,1,,,121.5822388,25.05578325
112,8,26,13,27,2,09北投區,北投區承德路7段與公館路口南往北,0,0,1,1,C03,8,7,5,60,4,2,1,5,4,5,13,1,1,9,4,4,1,13,1,73,2,9,5,1,7,9,1,10,1,11,,107,,1,21,,121.5018046,25.1194143
112,8,26,13,27,2,09北投區,北投區承德路7段與公館路口南往北,0,0,1,2,B03,8,7,5,60,4,2,1,5,4,5,13,1,1,9,4,4,1,13,1,41,3,10,7,1,7,14,1,8,1,3,,44,,1,21,,121.5018046,25.1194143
112,8,26,13,58,2,07信義區,信義區福德街86號,0,0,1,1,C03,8,6,5,30,14,9,1,5,4,5,13,1,1,1,4,5,1,13,1,52,2,8,3,4,7,9,1,10,1,14,,16,,1,21,,121.5828107,25.0377385
112,8,26,13,58,2,07信義區,信義區福德街86號,0,0,1,2,B03,8,6,5,30,14,9,1,5,4,5,13,1,1,1,4,5,1,13,2,36,3,10,3,4,7,14,1,8,1,6,,38,,1,21,,121.5828107,25.0377385
112,8,26,14,0,2,08士林區,士林區福林路與中山北路5段470巷口,0,0,2,2,B03,8,6,5,50,3,2,1,5,4,5,13,4,4,9,4,5,1,17,1,38,3,10,7,1,7,9,1,8,2,8,,44,,1,21,,121.5292072,25.09446563
112,8,26,14,0,2,08士林區,士林區福林路與中山北路5段470巷口,0,0,2,1,C03,8,6,5,50,3,2,1,5,4,5,13,4,4,9,4,5,1,17,1,61,2,9,5,1,7,5,1,10,2,12,,74,,1,21,,121.5292072,25.09446563
112,8,26,14,0,2,08士林區,士林區福林路與中山北路5段470巷口,0,0,2,3,H02,8,6,5,50,3,2,1,5,4,5,13,4,4,9,4,5,1,17,2,63,2,9,5,5,7,20,8,20,10,16,,67,,1,21,,121.5292072,25.09446563
112,8,26,14,5,2,09北投區,北投區大度路3段與關渡路口,0,0,1,2,C03,8,5,5,50,3,2,1,5,4,5,13,1,1,9,4,5,1,16,1,71,2,7,6,1,7,9,1,10,1,14,,108,,1,21,,121.4694718,25.1228973
112,8,26,14,5,2,09北投區,北投區大度路3段與關渡路口,0,0,1,1,B03,8,5,5,50,3,2,1,5,4,5,13,1,1,9,4,5,1,16,1,42,3,10,7,1,7,6,1,8,1,6,,9,,1,21,,121.4694718,25.1228973
112,8,26,14,5,2,12內湖區,內湖區成功路5段與金湖路口,0,0,1,1,C03,8,6,5,50,3,1,1,5,4,5,13,4,4,3,4,5,2,17,1,18,2,7,6,1,7,9,1,10,1,11,,107,,1,21,,121.6051825,25.07350315
112,8,26,14,5,2,12內湖區,內湖區成功路5段與金湖路口,0,0,1,2,B03,8,6,5,50,3,1,1,5,4,5,13,4,4,3,4,5,2,17,1,44,3,10,7,1,7,14,1,8,1,7,,44,,1,21,,121.6051825,25.07350315
112,8,26,14,10,2,04大安區,大安區建國南路1段165號,0,0,1,1,B03,8,6,5,50,14,9,1,5,4,5,13,4,4,9,4,5,1,16,1,46,3,10,3,4,7,10,1,8,1,5,,100,,1,21,,121.5377745,25.04076384
112,8,26,14,10,2,04大安區,大安區建國南路1段165號,0,0,1,2,C03,8,6,5,50,14,9,1,5,4,5,13,4,4,9,4,5,1,16,2,61,2,8,3,4,7,9,1,10,1,15,,44,,1,21,,121.5377745,25.04076384
112,8,26,14,10,2,10文山區,文山區興隆路2段220巷與興隆路2段154巷口,0,0,1,1,C03,8,6,5,30,4,2,1,5,4,5,13,2,1,5,5,5,2,13,2,49,2,9,5,1,7,9,1,10,2,11,,16,,1,21,,121.5520783,25.0006153
112,8,26,14,10,2,10文山區,文山區興隆路2段220巷與興隆路2段154巷口,0,0,1,2,C03,8,6,5,30,4,2,1,5,4,5,13,2,1,5,5,5,2,13,1,29,3,10,6,1,7,15,1,10,2,13,,118,,1,21,,121.5520783,25.0006153
112,8,26,14,47,2,04大安區,大安區基隆路3段121號,0,0,1,2,C03,8,5,5,50,14,9,1,5,4,5,13,4,4,8,3,4,2,12,2,64,2,1,6,1,7,8,1,10,2,14,,100,,1,21,,121.5430602,25.0160344
112,8,26,14,47,2,04大安區,大安區基隆路3段121號,0,0,1,1,A04,8,5,5,50,14,9,1,5,4,5,13,4,4,8,3,4,2,12,1,22,3,10,7,1,7,9,1,2,2,2,,44,,1,26,,121.5430602,25.0160344
112,8,26,15,13,2,10文山區,文山區辛亥路4段101巷7號,0,0,1,1,C03,8,6,5,30,11,9,1,5,4,5,13,4,4,10,5,5,2,17,2,31,3,10,6,1,7,6,1,10,1,11,,5,,1,21,,121.5590958,25.00686389
112,8,26,15,13,2,10文山區,文山區辛亥路4段101巷7號,0,0,1,2,C03,8,6,5,30,11,9,1,5,4,5,13,4,4,10,5,5,2,17,2,57,2,9,6,1,7,5,1,10,1,11,,44,,1,21,,121.5590958,25.00686389
112,8,26,15,41,2,04大安區,大安區市民大道3段與建國南路1段口,0,0,1,2,C03,8,6,5,40,3,1,1,5,4,5,13,2,1,1,4,4,2,16,2,22,2,9,5,1,7,9,1,10,1,11,,108,,1,21,,121.5363383,25.0446532
112,8,26,15,41,2,04大安區,大安區市民大道3段與建國南路1段口,0,0,1,1,B03,8,6,5,40,3,1,1,5,4,5,13,2,1,1,4,4,2,16,2,44,3,10,7,1,7,6,1,8,1,2,,9,,1,21,,121.5363383,25.0446532
112,8,26,15,47,2,12內湖區,內湖區港墘路221巷與港墘路口,0,0,1,2,C03,8,6,5,50,3,1,1,5,4,5,13,4,4,1,4,5,2,16,2,27,2,8,5,1,7,9,1,10,1,14,,44,,1,21,,121.5736397,25.07498996
112,8,26,15,47,2,12內湖區,內湖區港墘路221巷與港墘路口,0,0,1,1,B03,8,6,5,50,3,1,1,5,4,5,13,4,4,1,4,5,2,16,2,44,3,10,7,1,7,6,1,8,1,2,,9,,1,21,,121.5736397,25.07498996
112,8,26,15,55,2,09北投區,北投區北投路1段與中央南路1段口,0,0,1,2,C03,8,7,5,50,4,1,1,5,4,5,13,1,1,5,4,5,2,16,2,49,2,8,6,1,7,9,1,11,1,14,,44,,1,21,,121.5005016,25.1276841
112,8,26,15,55,2,09北投區,北投區北投路1段與中央南路1段口,0,0,1,1,C03,8,7,5,50,4,1,1,5,4,5,13,1,1,5,4,5,2,16,1,54,3,10,6,1,7,6,1,9,1,13,,9,,1,21,,121.5005016,25.1276841
112,8,26,15,57,2,11南港區,南港區南港路1段與研究院路1段口,0,0,1,2,C03,8,7,5,50,4,2,1,5,4,5,13,2,1,5,5,5,2,17,1,26,2,7,5,1,7,9,1,10,1,12,,44,,1,21,,121.6166675,25.0550766
112,8,26,15,57,2,11南港區,南港區南港路1段與研究院路1段口,0,0,1,1,B03,8,7,5,50,4,2,1,5,4,5,13,2,1,5,5,5,2,17,1,43,3,10,7,1,7,6,1,8,1,8,,81,,1,21,,121.6166675,25.0550766
112,8,26,16,2,2,10文山區,文山區秀明路1段201號,0,0,1,1,B03,8,7,5,40,14,9,1,5,4,5,13,3,1,1,4,4,2,16,1,51,3,10,7,1,7,11,1,8,2,4,,103,,1,21,,121.5697962,24.99167557
112,8,26,16,2,2,10文山區,文山區秀明路1段201號,0,0,1,2,B03,8,7,5,40,14,9,1,5,4,5,13,3,1,1,4,4,2,16,1,48,3,10,7,1,7,9,1,8,2,5,,44,,1,21,,121.5697962,24.99167557
112,8,26,16,2,2,10文山區,文山區秀明路1段201號,0,0,1,3,H02,8,7,5,40,14,9,1,5,4,5,13,3,1,1,4,4,2,16,2,50,2,7,7,5,7,20,8,20,10,16,,67,,1,21,,121.5697962,24.99167557
112,8,26,16,20,2,03中山區,中山區中山北路3段往北美術館前,0,0,1,2,B03,8,7,8,50,14,9,1,5,4,5,10,4,4,1,4,5,2,13,2,28,3,10,3,4,7,14,1,8,2,3,,38,,1,22,,121.5236781,25.07094493
112,8,26,16,20,2,03中山區,中山區中山北路3段往北美術館前,0,0,1,1,C03,8,7,8,50,14,9,1,5,4,5,10,4,4,1,4,5,2,13,1,54,2,9,6,4,7,9,1,10,2,11,,108,,1,22,,121.5236781,25.07094493
112,8,26,16,25,2,05中正區,中正區汀州路2段與泉州街口,0,0,1,1,B03,8,6,5,50,5,1,1,5,4,5,13,2,1,4,4,5,1,15,2,36,3,10,7,1,7,15,1,8,2,6,,74,,1,21,,121.5139591,25.02627263
112,8,26,16,25,2,05中正區,中正區汀州路2段與泉州街口,0,0,1,2,C03,8,6,5,50,5,1,1,5,4,5,13,2,1,4,4,5,1,15,2,18,2,9,6,1,7,9,1,10,2,11,,44,,1,21,,121.5139591,25.02627263
112,8,26,16,30,2,10文山區,文山區興隆路4段165巷與忠順街2段口,0,0,2,2,C03,8,5,5,50,3,1,1,5,4,5,13,4,4,9,4,5,1,17,1,59,2,9,5,1,7,9,1,10,1,11,,44,,1,21,,121.5633666,24.9847936