發生年度,發生月,發生日,發生時-Hours,發生分,處理別-編號,區序,肇事地點,死亡人數,2-30日死亡人數,受傷人數,當事人序號,車種,天候,光線,道路類別,速限-速度限制,道路型態,事故位置,路面狀況1,路面狀況2,路面狀況3,道路障礙1,道路障礙2,號誌1,號誌2,車道劃分-分向,車道劃分-分道1,車道劃分-分道2,車道劃分-分道3,事故類型及型態,性別,年齡,受傷程度,主要傷處,保護裝置,行動電話,車輛用途,當事者行動狀態,駕駛資格情形,駕駛執照種類,飲酒情形,車輛撞擊部位1,車輛撞擊部位2,肇因碼-個別,肇因碼-主要,個人肇逃否,職業,旅次目的,座標-X,座標-Y
112,8,26,16,30,2,10文山區,文山區興隆路4段165巷與忠順街2段口,0,0,2,1,C03,8,5,5,50,3,1,1,5,4,5,13,4,4,9,4,5,1,17,1,44,3,10,5,1,7,8,1,10,1,11,,100,,1,21,,121.5633666,24.9847936
112,8,26,16,30,2,10文山區,文山區興隆路4段165巷與忠順街2段口,0,0,2,3,H02,8,5,5,50,3,1,1,5,4,5,13,4,4,9,4,5,1,17,2,49,2,8,5,5,7,20,8,20,10,16,,67,,1,21,,121.5633666,24.9847936
112,8,26,16,40,2,05中正區,中正區汀州路3段118號前,0,0,1,1,C03,8,6,5,50,14,9,1,5,4,5,13,4,4,9,5,5,1,17,1,31,3,10,6,1,7,11,1,10,1,14,,10,,1,21,,121.5334208,25.01430912
112,8,26,16,40,2,05中正區,中正區汀州路3段118號前,0,0,1,2,C03,8,6,5,50,14,9,1,5,4,5,13,4,4,9,5,5,1,17,1,22,2,7,6,1,7,9,1,10,1,11,,44,,1,21,,121.5334208,25.01430912
112,8,26,17,7,2,10文山區,文山區興隆路2段275巷1弄與福興路4巷口,0,0,2,1,C03,8,6,5,30,4,1,1,5,4,5,13,4,4,10,5,5,2,15,1,26,2,9,5,1,7,9,1,10,1,12,,72,,1,21,,121.5518536,25.0033634
112,8,26,17,7,2,10文山區,文山區興隆路2段275巷1弄與福興路4巷口,0,0,2,2,B01,8,6,5,30,4,1,1,5,4,5,13,4,4,10,5,5,2,15,1,69,3,10,7,1,7,9,1,4,1,1,,107,,1,21,,121.5518536,25.0033634
112,8,26,17,7,2,10文山區,文山區興隆路2段275巷1弄與福興路4巷口,0,0,2,3,H02,8,6,5,30,4,1,1,5,4,5,13,4,4,10,5,5,2,15,1,28,2,9,5,5,7,20,8,20,10,16,,67,,1,21,,121.5518536,25.0033634
112,8,26,17,8,2,08士林區,士林區至善路2段與至善路2段25巷口,0,0,1,1,B03,8,6,5,40,4,2,1,5,4,5,13,1,1,1,4,4,2,12,2,58,3,10,7,1,7,9,1,8,2,2,,17,,1,22,,121.5435609,25.0972649
112,8,26,17,8,2,08士林區,士林區至善路2段與至善路2段25巷口,0,0,1,2,C03,8,6,5,40,4,2,1,5,4,5,13,1,1,1,4,4,2,12,1,75,2,9,6,1,7,9,1,10,2,14,,17,,1,22,,121.5435609,25.0972649
112,8,26,17,20,2,06松山區,松山區八德路3段與八德路3段12巷口,0,0,2,3,H02,8,7,5,50,14,9,1,5,4,5,13,1,1,9,4,5,2,9,1,5,2,9,3,5,7,20,8,20,10,16,,67,,1,22,,121.5503323,25.0482657
112,8,26,17,20,2,06松山區,松山區八德路3段與八德路3段12巷口,0,0,2,2,H02,8,7,5,50,14,9,1,5,4,5,13,1,1,9,4,5,2,9,2,49,2,9,3,5,7,20,8,20,10,16,,67,,1,22,,121.5503323,25.0482657
112,8,26,17,20,2,06松山區,松山區八德路3段與八德路3段12巷口,0,0,2,1,A02,8,7,5,50,14,9,1,5,4,5,13,1,1,9,4,5,2,9,1,63,3,10,7,1,7,12,1,2,9,17,,44,,1,22,,121.5503323,25.0482657
112,8,26,17,55,2,08士林區,士林區中山北路6段與克強路口,0,0,2,2,C03,8,5,5,50,4,1,1,5,4,5,13,2,1,1,4,5,2,16,2,40,2,9,5,1,7,9,1,10,1,11,,44,,1,21,,121.5252162,25.108766
112,8,26,17,55,2,08士林區,士林區中山北路6段與克強路口,0,0,2,1,C03,8,5,5,50,4,1,1,5,4,5,13,2,1,1,4,5,2,16,2,19,3,10,5,1,7,5,1,10,1,13,,8,,1,25,,121.5252162,25.108766
112,8,26,17,55,2,08士林區,士林區中山北路6段與克強路口,0,0,2,3,H02,8,5,5,50,4,1,1,5,4,5,13,2,1,1,4,5,2,16,2,40,2,8,5,5,7,20,8,20,10,16,,67,,1,21,,121.5252162,25.108766
112,8,26,18,48,2,05中正區,中正區林森南路與徐州路口,0,0,1,1,B03,8,5,5,50,4,1,1,5,4,5,13,2,1,9,4,5,2,16,1,32,3,10,7,1,7,5,1,8,2,5,,74,,1,21,,121.5221596,25.0410396
112,8,26,18,48,2,05中正區,中正區林森南路與徐州路口,0,0,1,2,C03,8,5,5,50,4,1,1,5,4,5,13,2,1,9,4,5,2,16,1,40,2,9,5,1,7,9,1,10,2,11,,44,,1,21,,121.5221596,25.0410396
112,8,26,21,2,2,02萬華區,萬華區康定路與內江街口,0,0,1,1,A02,8,5,5,50,4,1,1,5,4,5,13,1,1,5,5,5,2,17,1,27,3,10,7,4,7,5,1,2,1,1,,74,,1,21,,121.5023221,25.0417454
112,8,26,21,2,2,02萬華區,萬華區康定路與內江街口,0,0,1,2,C03,8,5,5,50,4,1,1,5,4,5,13,1,1,5,5,5,2,17,2,29,2,8,5,4,7,9,1,10,1,11,,44,,1,21,,121.5023221,25.0417454
112,8,26,21,14,2,05中正區,中正區重慶南路2段與南海路口,0,0,1,1,C03,8,5,5,50,4,1,1,5,4,5,13,1,1,1,4,5,2,12,2,56,2,7,3,4,7,8,1,10,1,11,,100,,1,21,,121.5144345,25.0315057
112,8,26,21,14,2,05中正區,中正區重慶南路2段與南海路口,0,0,1,2,B03,8,5,5,50,4,1,1,5,4,5,13,1,1,1,4,5,2,12,1,34,3,10,3,4,7,15,1,8,1,5,,118,,1,21,,121.5144345,25.0315057
112,8,26,21,37,2,11南港區,南港區向陽路162巷與重陽路39巷口口,0,0,2,2,F01,8,5,5,50,4,1,1,5,4,5,13,4,4,5,5,5,1,16,1,56,2,8,4,1,7,9,8,20,1,14,,80,,1,21,,121.5953125,25.0561304
112,8,26,21,37,2,11南港區,南港區向陽路162巷與重陽路39巷口口,0,0,2,1,C03,8,5,5,50,4,1,1,5,4,5,13,4,4,5,5,5,1,16,2,71,2,8,5,1,7,5,1,10,1,11,,74,,1,21,,121.5953125,25.0561304
112,8,26,22,17,2,04大安區,大安區和平東路1段64號,0,0,2,2,C03,8,5,5,50,14,7,1,5,4,5,13,4,4,3,4,4,2,13,1,41,2,1,6,4,7,9,1,10,1,13,,44,,1,22,,121.5245236,25.026491
112,8,26,22,17,2,04大安區,大安區和平東路1段64號,0,0,2,1,C03,8,5,5,50,14,7,1,5,4,5,13,4,4,3,4,4,2,13,1,19,2,7,6,4,7,9,1,10,1,11,,108,,1,22,,121.5245236,25.026491
112,8,26,22,28,2,02萬華區,萬華區堤外便道往南龍山006號燈桿,0,0,1,1,C03,8,5,5,40,14,11,1,5,4,5,13,4,4,9,5,5,2,13,1,24,3,10,5,4,7,9,1,10,1,11,,108,,1,21,,121.4967561,25.03982269
112,8,26,22,28,2,02萬華區,萬華區堤外便道往南龍山006號燈桿,0,0,1,2,C03,8,5,5,40,14,11,1,5,4,5,13,4,4,9,5,5,2,13,2,33,2,9,5,4,7,12,1,10,1,13,,44,,1,21,,121.4967561,25.03982269
112,8,26,22,28,2,02萬華區,萬華區堤外便道往南龍山006號燈桿,0,0,1,3,C03,8,5,5,40,14,11,1,5,4,5,13,4,4,9,5,5,2,13,1,42,3,10,5,4,7,12,1,10,1,17,,116,,1,21,,121.4967561,25.03982269
112,8,26,23,3,2,03中山區,中山區復興北路與民權東路3段口,0,0,2,1,C03,8,5,5,50,3,1,1,5,4,5,13,4,4,1,4,5,2,16,1,25,2,9,6,1,7,6,1,10,1,13,,9,,1,21,,121.5441057,25.06264857
112,8,26,23,3,2,03中山區,中山區復興北路與民權東路3段口,0,0,2,2,C04,8,5,5,50,3,1,1,5,4,5,13,4,4,1,4,5,2,16,2,19,2,9,6,1,7,9,1,10,1,11,,108,,1,21,,121.5441057,25.06264857
112,8,27,0,12,2,05中正區,中正區仁愛路2段與臨沂街南口,0,0,1,2,C03,8,5,5,50,4,1,1,5,4,5,13,1,1,10,4,1,1,17,1,36,2,9,6,1,7,9,1,10,2,17,,44,,1,22,,121.5293292,25.0381068
112,8,27,0,12,2,05中正區,中正區仁愛路2段與臨沂街南口,0,0,1,1,B03,8,5,5,50,4,1,1,5,4,5,13,1,1,10,4,1,1,17,1,28,3,10,7,1,7,5,1,8,2,17,,98,,1,22,,121.5293292,25.0381068
112,8,27,1,33,2,08士林區,士林區陽金公路11.5K,0,0,1,2,C03,7,5,5,40,11,9,1,5,4,5,13,4,4,4,5,5,1,17,1,25,2,9,6,1,7,9,1,9,2,14,,44,,1,21,,121.5719761,25.18425842
112,8,27,1,33,2,08士林區,士林區陽金公路11.5K,0,0,1,1,C03,7,5,5,40,11,9,1,5,4,5,13,4,4,4,5,5,1,17,1,20,3,10,6,1,7,15,1,10,1,14,,13,,1,21,,121.5719761,25.18425842
112,8,27,2,40,2,09北投區,北投區磺港路與清江路177巷口,0,0,1,2,B03,8,5,5,30,3,1,1,5,4,5,13,4,4,10,5,5,2,17,1,37,3,10,7,4,7,13,7,19,11,6,,38,,1,22,,121.5031272,25.12816017
112,8,27,2,40,2,09北投區,北投區磺港路與清江路177巷口,0,0,1,1,C03,8,5,5,30,3,1,1,5,4,5,13,4,4,10,5,5,2,17,1,27,2,8,6,1,7,9,1,10,1,11,,108,,1,21,,121.5031272,25.12816017
112,8,27,3,0,2,09北投區,北投區石牌路2段與天母西路口,0,0,2,1,C03,8,5,5,50,3,2,1,5,4,5,13,3,1,5,4,5,2,17,2,21,2,8,6,1,7,9,1,10,1,11,,108,,1,25,,121.5222097,25.11919136
112,8,27,3,0,2,09北投區,北投區石牌路2段與天母西路口,0,0,2,2,C03,8,5,5,50,3,2,1,5,4,5,13,3,1,5,4,5,2,17,2,22,2,8,6,1,7,12,1,10,1,12,,30,,1,22,,121.5222097,25.11919136
112,8,27,3,14,2,03中山區,中山區林森北路342號,0,0,1,2,B03,8,5,8,50,14,9,1,5,4,5,13,4,4,8,3,5,1,13,1,31,3,10,7,1,7,14,6,4,2,3,,44,,1,21,,121.5254327,25.0567664
112,8,27,3,14,2,03中山區,中山區林森北路342號,0,0,1,1,F01,8,5,8,50,14,9,1,5,4,5,13,4,4,8,3,5,1,13,1,31,2,7,4,1,7,9,8,20,6,11,,108,,1,21,,121.5254327,25.0567664
112,8,27,6,4,2,04大安區,大安區大安路1段與敦化南路1段190巷口,0,0,5,5,H02,8,7,5,30,4,1,1,5,4,5,13,4,4,9,4,5,2,15,1,26,2,9,3,5,7,20,8,20,10,17,,67,,1,22,,121.5471349,25.042409
112,8,27,6,4,2,04大安區,大安區大安路1段與敦化南路1段190巷口,0,0,5,4,H02,8,7,5,30,4,1,1,5,4,5,13,4,4,9,4,5,2,15,1,24,2,9,3,5,7,20,8,20,10,17,,58,,1,22,,121.5471349,25.042409
112,8,27,6,4,2,04大安區,大安區大安路1段與敦化南路1段190巷口,0,0,5,2,B01,8,7,5,30,4,1,1,5,4,5,13,4,4,9,4,5,2,15,1,44,2,9,7,1,7,9,1,4,2,2,,44,,1,21,,121.5471349,25.042409
112,8,27,6,4,2,04大安區,大安區大安路1段與敦化南路1段190巷口,0,0,5,1,B03,8,7,5,30,4,1,1,5,4,5,13,4,4,9,4,5,2,15,2,23,2,8,7,1,7,9,3,18,2,1,,72,,1,21,,121.5471349,25.042409
112,8,27,6,4,2,04大安區,大安區大安路1段與敦化南路1段190巷口,0,0,5,3,H02,8,7,5,30,4,1,1,5,4,5,13,4,4,9,4,5,2,15,2,27,2,9,3,5,7,20,8,20,10,17,,67,,1,22,,121.5471349,25.042409
112,8,27,6,49,2,03中山區,中山區北安路與通北街口,0,0,1,1,C03,8,7,5,50,3,1,1,5,4,5,13,2,1,9,4,5,2,17,1,75,2,9,5,1,7,7,1,10,1,14,,100,,1,21,,121.5413969,25.079552
112,8,27,6,49,2,03中山區,中山區北安路與通北街口,0,0,1,2,B01,8,7,5,50,3,1,1,5,4,5,13,2,1,9,4,5,2,17,1,53,3,10,7,1,7,9,1,4,1,5,,44,,1,26,,121.5413969,25.079552
112,8,27,7,7,2,10文山區,文山區興隆路2段153巷與興隆路2段153巷2弄口口,0,0,1,1,C03,8,6,5,30,4,1,1,5,4,5,13,4,4,10,5,5,2,15,1,33,3,10,6,1,7,9,1,10,1,14,,72,,1,21,,121.5482811,25.000688
112,8,27,7,7,2,10文山區,文山區興隆路2段153巷與興隆路2段153巷2弄口口,0,0,1,2,C03,8,6,5,30,4,1,1,5,4,5,13,4,4,10,5,5,2,15,1,47,2,7,6,1,7,9,1,10,1,11,,14,,1,21,,121.5482811,25.000688
112,8,27,7,20,2,07信義區,信義區松高路與忠孝東路5段22巷口,0,0,1,1,B01,8,5,5,50,3,2,1,5,4,5,13,2,1,5,4,5,2,17,1,60,3,10,7,1,7,5,1,4,1,8,,44,,1,22,,121.5661294,25.0391894
112,8,27,7,20,2,07信義區,信義區松高路與忠孝東路5段22巷口,0,0,1,2,F01,8,5,5,50,3,2,1,5,4,5,13,2,1,5,4,5,2,17,2,69,2,8,4,4,7,9,8,20,1,14,,85,,1,22,,121.5661294,25.0391894
112,8,27,8,5,2,03中山區,中山區吉林路與吉林路379巷口,0,0,2,1,C03,8,7,5,30,3,1,1,5,4,5,13,4,4,9,4,4,2,16,1,19,2,8,6,4,7,6,1,10,1,11,,4,,1,22,,121.5304045,25.06522588
112,8,27,8,5,2,03中山區,中山區吉林路與吉林路379巷口,0,0,2,2,C03,8,7,5,30,3,1,1,5,4,5,13,4,4,9,4,4,2,16,1,31,2,9,6,4,7,9,1,9,1,12,,44,,1,21,,121.5304045,25.06522588
112,8,27,8,5,2,10文山區,文山區新光路1段49號,0,0,2,1,C03,8,7,5,50,14,9,1,5,4,5,13,4,4,9,5,5,1,16,1,46,2,7,6,1,7,8,1,10,1,14,,100,,1,21,,121.573755,24.98985798
112,8,27,8,5,2,10文山區,文山區新光路1段49號,0,0,2,2,C03,8,7,5,50,14,9,1,5,4,5,13,4,4,9,5,5,1,16,1,71,2,8,5,1,7,9,1,10,1,11,,44,,1,21,,121.573755,24.98985798
112,8,27,8,47,2,12內湖區,內湖區康寧路3段16巷28號對面,0,0,1,2,C03,8,6,5,30,14,9,1,5,4,5,13,4,4,10,5,5,2,16,1,45,3,10,6,1,7,9,1,10,1,11,,44,,1,21,,121.6071872,25.07231998
112,8,27,8,47,2,12內湖區,內湖區康寧路3段16巷28號對面,0,0,1,3,C03,8,6,5,30,14,9,1,5,4,5,13,4,4,10,5,5,2,16,2,37,3,10,3,4,7,13,1,10,9,14,,44,,1,21,,121.6071872,25.07231998
112,8,27,8,47,2,12內湖區,內湖區康寧路3段16巷28號對面,0,0,1,1,C03,8,6,5,30,14,9,1,5,4,5,13,4,4,10,5,5,2,16,1,27,2,8,6,1,7,8,1,10,1,13,,100,,1,21,,121.6071872,25.07231998
112,8,27,9,0,2,10文山區,文山區老泉街45巷燈桿035號旁,0,0,1,2,,8,6,5,30,11,9,1,5,4,5,13,4,4,10,4,5,2,18,3,0,,,,,,,,,10,,,67,,1,,,121.5711801,24.9751284
112,8,27,9,0,2,10文山區,文山區老泉街45巷燈桿035號旁,0,0,1,1,F02,8,6,5,30,11,9,1,5,4,5,13,4,4,10,4,5,2,18,1,51,2,9,4,1,7,9,8,20,1,14,,118,,1,21,,121.5711801,24.9751284
112,8,27,9,29,2,05中正區,中正區羅斯福路4段與基隆路4段口,0,0,1,2,C03,8,5,5,50,5,2,1,5,4,5,13,1,1,1,4,5,2,16,1,37,2,9,5,1,7,15,1,10,2,14,,44,,1,21,,121.5368141,25.01132626
112,8,27,9,29,2,05中正區,中正區羅斯福路4段與基隆路4段口,0,0,1,1,B12,8,5,5,50,5,2,1,5,4,5,13,1,1,1,4,5,2,16,1,31,3,10,7,1,7,6,1,8,2,2,,9,,1,21,,121.5368141,25.01132626
112,8,27,9,50,2,04大安區,大安區基隆路4段與羅斯福路4段口,0,0,1,1,C03,8,5,5,50,5,1,1,5,4,5,13,1,1,1,3,5,2,17,2,25,2,9,5,1,7,5,1,10,1,14,,96,,1,21,,121.5374406,25.0111945
112,8,27,9,50,2,04大安區,大安區基隆路4段與羅斯福路4段口,0,0,1,2,B03,8,5,5,50,5,1,1,5,4,5,13,1,1,1,3,5,2,17,1,40,3,10,7,1,7,9,1,8,1,5,,44,,1,21,,121.5374406,25.0111945
112,8,27,9,50,2,10文山區,文山區秀明路1段與秀明路1段103巷口口,0,0,1,1,B03,8,6,5,50,3,1,1,5,4,5,13,2,1,1,5,5,1,13,1,24,3,10,7,1,7,9,1,8,1,1,,108,,1,21,,121.5665601,24.99072654
112,8,27,9,50,2,10文山區,文山區秀明路1段與秀明路1段103巷口口,0,0,1,2,C03,8,6,5,50,3,1,1,5,4,5,13,2,1,1,5,5,1,13,1,47,2,8,5,1,7,9,1,10,1,13,,44,,1,21,,121.5665601,24.99072654
112,8,27,9,52,2,08士林區,士林區社子大橋024燈桿,0,0,3,3,H02,8,6,5,40,8,11,1,5,4,5,13,1,1,1,3,1,1,16,1,22,2,9,5,5,7,20,8,20,10,17,,67,,1,21,,121.4944133,25.1108247
112,8,27,9,52,2,08士林區,士林區社子大橋024燈桿,0,0,3,2,C03,8,6,5,40,8,11,1,5,4,5,13,1,1,1,3,1,1,16,1,31,2,7,5,1,7,1,1,10,2,14,,44,,1,21,,121.4944133,25.1108247
112,8,27,9,52,2,08士林區,士林區社子大橋024燈桿,0,0,3,1,C03,8,6,5,40,8,11,1,5,4,5,13,1,1,1,3,1,1,16,1,22,2,7,5,1,7,6,1,10,2,12,,99,,1,21,,121.4944133,25.1108247
112,8,27,10,20,2,12內湖區,內湖區民善街與新湖二路口,0,0,1,1,F01,8,6,5,50,4,1,1,5,4,5,13,1,1,5,4,5,1,17,1,65,2,9,2,1,7,1,8,20,1,11,,19,,1,22,,121.5754318,25.0606972
112,8,27,10,20,2,12內湖區,內湖區民善街與新湖二路口,0,0,1,2,C03,8,6,5,50,4,1,1,5,4,5,13,1,1,5,4,5,1,17,1,19,3,10,5,1,7,6,1,10,1,12,,9,,1,22,,121.5754318,25.0606972
112,8,27,10,22,2,04大安區,大安區市民大道3段290號,0,0,2,2,C03,8,6,5,40,14,9,1,5,4,5,13,4,4,1,4,5,2,16,1,32,2,9,5,1,7,9,1,10,1,12,,118,,1,21,,121.5428072,25.0446476
112,8,27,10,22,2,04大安區,大安區市民大道3段290號,0,0,2,1,C03,8,6,5,40,14,9,1,5,4,5,13,4,4,1,4,5,2,16,2,21,2,9,5,1,7,5,1,10,1,14,,118,,1,21,,121.5428072,25.0446476
112,8,27,10,31,2,04大安區,大安區敦化南路2段與無名巷口,0,0,1,3,,8,6,5,50,3,2,1,5,4,5,13,1,1,1,4,5,2,13,3,45,,,,,,,,,10,,,131,,1,,,121.5489624,25.0268912
112,8,27,10,31,2,04大安區,大安區敦化南路2段與無名巷口,0,0,1,1,C03,8,6,5,50,3,2,1,5,4,5,13,1,1,1,4,5,2,13,1,21,2,8,6,1,7,12,1,10,1,14,11,42,,1,21,,121.5489624,25.0268912
112,8,27,10,31,2,04大安區,大安區敦化南路2段與無名巷口,0,0,1,2,B03,8,6,5,50,3,2,1,5,4,5,13,1,1,1,4,5,2,13,1,40,3,10,7,1,7,12,1,8,1,3,,44,,1,21,,121.5489624,25.0268912
112,8,27,12,20,2,04大安區,大安區辛亥路3段310號與無名巷口,0,0,1,1,C03,8,7,5,50,3,2,1,5,4,5,13,3,1,10,4,5,1,16,2,44,2,9,6,4,7,8,1,10,1,13,,100,,1,21,,121.5523922,25.014566
112,8,27,12,20,2,04大安區,大安區辛亥路3段310號與無名巷口,0,0,1,2,B03,8,7,5,50,3,2,1,5,4,5,13,3,1,10,4,5,1,16,1,54,3,10,3,4,7,9,1,8,1,1,,44,,1,21,,121.5523922,25.014566
112,8,27,12,50,2,12內湖區,內湖區麗山街與內湖路1段737巷51弄口,0,0,1,2,B03,7,6,5,30,4,1,1,5,4,5,13,4,4,10,5,5,2,16,1,34,3,10,7,1,7,9,1,8,1,4,,13,,1,22,,121.5807248,25.08044923
112,8,27,12,50,2,12內湖區,內湖區麗山街與內湖路1段737巷51弄口,0,0,1,1,C03,7,6,5,30,4,1,1,5,4,5,13,4,4,10,5,5,2,16,2,26,2,9,5,1,7,6,1,10,1,11,,72,,1,22,,121.5807248,25.08044923
112,8,27,13,25,2,12內湖區,內湖區民權東路6段與民權東路6段174巷口,0,0,2,1,C03,7,5,5,50,3,2,1,5,4,5,13,4,4,10,4,5,1,16,2,58,2,9,5,1,7,6,1,10,2,12,,9,,1,21,,121.590779,25.06926732
112,8,27,13,25,2,12內湖區,內湖區民權東路6段與民權東路6段174巷口,0,0,2,2,C03,7,5,5,50,3,2,1,5,4,5,13,4,4,10,4,5,1,16,1,22,2,9,6,1,7,9,1,10,2,14,,44,,1,21,,121.590779,25.06926732
112,8,27,14,4,2,12內湖區,內湖區康樂街110巷與康樂街136巷18弄口,0,0,1,1,C03,8,6,5,30,4,1,1,5,4,5,13,4,4,10,5,5,2,15,2,47,2,9,6,1,7,9,1,10,2,12,,72,,1,21,,121.6183029,25.07073656
112,8,27,14,4,2,12內湖區,內湖區康樂街110巷與康樂街136巷18弄口,0,0,1,2,B03,8,6,5,30,4,1,1,5,4,5,13,4,4,10,5,5,2,15,1,64,3,10,7,1,7,9,1,6,2,1,,14,,1,21,,121.6183029,25.07073656
112,8,27,14,8,2,12內湖區,內湖區金龍路與內湖路2段口,0,0,1,1,,7,6,5,50,4,2,1,5,4,5,13,2,1,5,4,4,2,16,1,59,3,10,7,1,7,6,1,8,1,2,,9,,1,21,,121.5938691,25.08468892
112,8,27,14,8,2,12內湖區,內湖區金龍路與內湖路2段口,0,0,1,2,C03,7,6,5,50,4,2,1,5,4,5,13,2,1,5,4,4,2,16,1,33,2,9,5,1,7,9,1,10,1,14,,44,,1,21,,121.5938691,25.08468892
112,8,27,14,48,2,07信義區,信義區松隆路與永吉路30巷口,0,0,1,1,B03,6,5,5,30,4,18,1,4,4,5,13,1,1,8,4,5,1,3,1,41,3,10,7,1,7,5,1,8,2,1,,70,,1,21,,121.5686874,25.0443766
112,8,27,14,48,2,07信義區,信義區松隆路與永吉路30巷口,0,0,1,2,H01,6,5,5,30,4,18,1,4,4,5,13,1,1,8,4,5,1,3,2,26,2,9,4,5,8,16,8,20,10,16,,67,,1,21,,121.5686874,25.0443766
112,8,27,16,42,2,05中正區,中正區北平西路與重慶北路1段口,0,0,1,1,C03,8,6,5,50,14,7,1,5,4,5,13,1,1,10,3,5,2,12,1,25,2,7,6,1,7,7,1,10,1,11,,100,,1,25,,121.5139234,25.0482988
112,8,27,16,42,2,05中正區,中正區北平西路與重慶北路1段口,0,0,1,2,B01,8,6,5,50,14,7,1,5,4,5,13,1,1,10,3,5,2,12,1,59,3,10,7,1,7,9,1,4,1,4,,44,,1,26,,121.5139234,25.0482988
112,8,27,16,53,2,02萬華區,萬華區萬大路與萬大路186巷口,0,0,2,1,C03,8,5,5,30,4,1,1,5,4,5,13,1,1,10,5,5,2,17,2,23,2,9,3,4,7,5,1,10,1,11,,98,,1,21,,121.5004248,25.02780985
112,8,27,16,53,2,02萬華區,萬華區萬大路與萬大路186巷口,0,0,2,2,C03,8,5,5,30,4,1,1,5,4,5,13,1,1,10,5,5,2,17,1,75,2,9,3,4,7,9,1,10,1,11,,44,,1,21,,121.5004248,25.02780985
112,8,27,17,20,2,10文山區,文山區景美河濱公園北往南(福和041燈桿),0,0,1,1,F01,8,6,5,0,14,23,1,5,4,5,13,4,4,5,5,5,1,16,2,19,3,10,4,1,7,11,8,20,2,11,,10,,1,21,,121.533886,25.00775715
112,8,27,17,20,2,10文山區,文山區景美河濱公園北往南(福和041燈桿),0,0,1,2,F01,8,6,5,0,14,23,1,5,4,5,13,4,4,5,5,5,1,16,1,43,2,9,4,1,7,9,8,20,2,11,,44,,1,21,,121.533886,25.00775715
112,8,27,17,24,2,10文山區,文山區興隆路4段與興隆路4段179巷口,0,0,3,2,C03,8,7,6,50,4,1,1,5,4,5,13,4,4,1,4,5,2,16,1,42,2,9,5,1,7,9,1,9,1,11,,44,,1,21,,121.5620139,24.9835817
112,8,27,17,24,2,10文山區,文山區興隆路4段與興隆路4段179巷口,0,0,3,3,H02,8,7,6,50,4,1,1,5,4,5,13,4,4,1,4,5,2,16,2,49,2,9,5,5,7,20,8,20,10,17,,67,,1,21,,121.5620139,24.9835817
112,8,27,17,24,2,10文山區,文山區興隆路4段與興隆路4段179巷口,0,0,3,1,C03,8,7,6,50,4,1,1,5,4,5,13,4,4,1,4,5,2,16,1,40,2,8,5,1,7,5,1,11,1,13,,8,,1,21,,121.5620139,24.9835817
112,8,27,17,25,2,02萬華區,萬華區環河南路1段與漢口街2段口,0,0,1,1,B03,8,6,5,50,3,1,1,5,4,5,13,3,1,9,4,5,2,12,2,26,3,10,7,1,7,8,1,8,1,4,,100,,1,21,,121.5036039,25.04645606
112,8,27,17,25,2,02萬華區,萬華區環河南路1段與漢口街2段口,0,0,1,2,C03,8,6,5,50,3,1,1,5,4,5,13,3,1,9,4,5,2,12,1,31,2,7,6,1,7,9,1,10,1,12,,44,,1,21,,121.5036039,25.04645606
112,8,27,17,58,2,10文山區,文山區指南路2段197巷與指南路2段口口,0,0,2,1,C03,8,5,5,30,3,1,1,5,4,5,13,3,1,4,5,5,2,13,1,47,2,9,5,1,7,6,1,10,2,13,,72,,1,21,,121.5783881,24.9870357
112,8,27,17,58,2,10文山區,文山區指南路2段197巷與指南路2段口口,0,0,2,2,B03,8,5,5,30,3,1,1,5,4,5,13,3,1,4,5,5,2,13,2,53,3,10,7,1,7,9,1,8,2,8,,44,,1,21,,121.5783881,24.9870357
112,8,27,17,58,2,10文山區,文山區指南路2段197巷與指南路2段口口,0,0,2,3,H02,8,5,5,30,3,1,1,5,4,5,13,3,1,4,5,5,2,13,2,50,2,9,5,5,7,20,8,20,10,16,,67,,1,21,,121.5783881,24.9870357
112,8,27,18,11,2,04大安區,大安區忠孝東路4段216巷與忠孝東路4段216巷33弄口,0,0,1,1,B03,8,7,5,50,4,1,1,5,4,5,13,4,4,9,4,5,1,3,2,27,3,10,3,4,7,9,1,8,11,1,,70,,1,21,,121.5529891,25.0394743
112,8,27,18,11,2,04大安區,大安區忠孝東路4段216巷與忠孝東路4段216巷33弄口,0,0,1,2,H01,8,7,5,50,4,1,1,5,4,5,13,4,4,9,4,5,1,3,2,40,2,8,4,5,8,16,8,20,10,16,,67,,1,21,,121.5529891,25.0394743
112,8,27,18,34,2,09北投區,北投區大業路與三合街2段口,0,0,2,1,C03,8,5,5,50,14,9,1,5,4,5,13,4,4,1,4,5,2,13,1,37,3,10,5,1,7,9,1,10,2,17,,30,,1,21,,121.4985248,25.1253554
112,8,27,18,34,2,09北投區,北投區大業路與三合街2段口,0,0,2,2,B03,8,5,5,50,14,9,1,5,4,5,13,4,4,1,4,5,2,13,1,62,3,10,7,1,7,12,1,8,2,7,,44,,1,21,,121.4985248,25.1253554
112,8,27,18,34,2,09北投區,北投區大業路與三合街2段口,0,0,2,3,C03,8,5,5,50,14,9,1,5,4,5,13,4,4,1,4,5,2,13,2,48,2,9,5,1,7,9,1,10,2,11,,108,,1,21,,121.4985248,25.1253554