發生年度,發生月,發生日,發生時-Hours,發生分,處理別-編號,區序,肇事地點,死亡人數,2-30日死亡人數,受傷人數,當事人序號,車種,天候,光線,道路類別,速限-速度限制,道路型態,事故位置,路面狀況1,路面狀況2,路面狀況3,道路障礙1,道路障礙2,號誌1,號誌2,車道劃分-分向,車道劃分-分道1,車道劃分-分道2,車道劃分-分道3,事故類型及型態,性別,年齡,受傷程度,主要傷處,保護裝置,行動電話,車輛用途,當事者行動狀態,駕駛資格情形,駕駛執照種類,飲酒情形,車輛撞擊部位1,車輛撞擊部位2,肇因碼-個別,肇因碼-主要,個人肇逃否,職業,旅次目的,座標-X,座標-Y
112,8,27,18,34,2,09北投區,北投區大業路與三合街2段口,0,0,2,4,H02,8,5,5,50,14,9,1,5,4,5,13,4,4,1,4,5,2,13,2,17,2,9,5,5,7,20,8,20,10,16,,67,,1,21,,121.4985248,25.1253554
112,8,27,18,53,2,08士林區,士林區基河路258號斜對面,0,0,2,3,H02,8,5,5,50,14,9,1,5,4,5,13,1,1,5,4,5,1,12,2,44,2,9,6,5,7,20,8,20,10,16,,67,,1,22,,121.5202071,25.0932148
112,8,27,18,53,2,08士林區,士林區基河路258號斜對面,0,0,2,1,C03,8,5,5,50,14,9,1,5,4,5,13,1,1,5,4,5,1,12,1,49,2,9,6,1,7,9,1,10,1,11,,99,,1,22,,121.5202071,25.0932148
112,8,27,18,53,2,08士林區,士林區基河路258號斜對面,0,0,2,2,B03,8,5,5,50,14,9,1,5,4,5,13,1,1,5,4,5,1,12,1,56,3,10,7,1,7,10,1,8,1,5,,100,,1,22,,121.5202071,25.0932148
112,8,27,19,1,2,12內湖區,內湖區內湖路1段518巷與洲子街口,0,0,1,1,C03,8,5,5,50,4,1,1,5,4,5,13,1,1,5,3,5,2,16,1,18,3,10,6,1,7,5,3,18,1,11,,2,,1,21,,121.5735756,25.07904955
112,8,27,19,1,2,12內湖區,內湖區內湖路1段518巷與洲子街口,0,0,1,2,C03,8,5,5,50,4,1,1,5,4,5,13,1,1,5,3,5,2,16,1,39,2,9,6,1,7,9,1,10,1,11,,44,,1,21,,121.5735756,25.07904955
112,8,27,19,9,2,08士林區,士林區延平北路6段與通河西街2段口,0,0,1,2,C03,8,5,5,50,5,2,1,5,4,5,13,2,1,3,4,4,2,16,1,49,2,9,5,1,7,9,1,10,2,11,,13,,1,21,,121.4978405,25.09399281
112,8,27,19,9,2,08士林區,士林區延平北路6段與通河西街2段口,0,0,1,1,B02,8,5,5,50,5,2,1,5,4,5,13,2,1,3,4,4,2,16,1,45,3,10,7,1,7,5,1,8,2,2,,83,,1,21,,121.4978405,25.09399281
112,8,27,19,50,2,12內湖區,內湖區內湖路3段與內湖路3段67巷口,0,0,1,2,C02,8,5,5,30,5,1,1,5,4,5,13,4,4,10,5,5,2,16,1,26,3,10,5,1,7,9,1,9,1,11,,13,,1,21,,121.5926577,25.08517415
112,8,27,19,50,2,12內湖區,內湖區內湖路3段與內湖路3段67巷口,0,0,1,1,C03,8,5,5,30,5,1,1,5,4,5,13,4,4,10,5,5,2,16,2,46,2,9,5,1,7,6,1,11,1,12,,74,,1,22,,121.5926577,25.08517415
112,8,27,19,54,2,05中正區,中正區延平南路與廣州街口口,0,0,2,1,C03,7,5,5,50,4,1,1,5,4,5,13,1,1,5,5,5,2,16,1,44,2,1,3,4,7,5,1,10,1,11,,2,,1,21,,121.5077877,25.0358174
112,8,27,19,54,2,05中正區,中正區延平南路與廣州街口口,0,0,2,2,C03,7,5,5,50,4,1,1,5,4,5,13,1,1,5,5,5,2,16,1,34,2,8,5,1,7,9,1,10,1,11,,44,,1,21,,121.5077877,25.0358174
112,8,27,20,6,2,08士林區,士林區中山北路6段與克強路口,0,0,1,1,C03,8,5,5,50,3,1,1,5,4,5,13,4,4,8,4,5,2,17,2,24,2,9,5,1,7,11,1,10,1,13,,103,,1,22,,121.5252837,25.10857767
112,8,27,20,6,2,08士林區,士林區中山北路6段與克強路口,0,0,1,2,B03,8,5,5,50,3,1,1,5,4,5,13,4,4,8,4,5,2,17,1,48,3,10,3,4,7,9,1,8,1,1,,44,,1,22,,121.5252837,25.10857767
112,8,27,21,55,2,07信義區,信義區基隆路1段149號,0,0,3,4,H02,8,5,5,50,14,9,1,5,4,5,13,4,4,1,4,5,2,13,2,31,2,9,6,5,7,20,8,20,10,16,,67,,1,21,,121.5654518,25.0425515
112,8,27,21,55,2,07信義區,信義區基隆路1段149號,0,0,3,1,C03,8,5,5,50,14,9,1,5,4,5,13,4,4,1,4,5,2,13,1,23,2,9,6,4,7,9,1,10,1,11,,108,,1,21,,121.5654518,25.0425515
112,8,27,21,55,2,07信義區,信義區基隆路1段149號,0,0,3,2,C03,8,5,5,50,14,9,1,5,4,5,13,4,4,1,4,5,2,13,2,33,2,9,6,4,7,9,1,10,1,13,,44,,1,21,,121.5654518,25.0425515
112,8,27,21,55,2,07信義區,信義區基隆路1段149號,0,0,3,3,B03,8,5,5,50,14,9,1,5,4,5,13,4,4,1,4,5,2,13,1,33,3,10,3,4,7,8,1,8,9,17,,100,,1,21,,121.5654518,25.0425515
112,8,28,5,38,2,02萬華區,萬華區雙園街與環河南路2段口,0,0,1,1,B03,8,7,5,50,4,2,1,5,4,5,13,4,4,9,5,5,2,9,4,0,4,11,,,,,,,11,,,119,,2,,,121.4914555,25.03202045
112,8,28,5,38,2,02萬華區,萬華區雙園街與環河南路2段口,0,0,1,2,H01,8,7,5,50,4,2,1,5,4,5,13,4,4,9,5,5,2,9,1,73,2,8,4,5,8,20,8,20,10,16,,67,,1,22,,121.4914555,25.03202045
112,8,28,6,14,2,03中山區,中山區中山北路2段與民權西路口,0,0,1,1,C03,8,5,5,50,4,1,1,5,4,5,13,1,1,1,4,5,2,13,2,55,2,9,5,1,7,9,1,10,1,11,,108,,1,21,,121.5225083,25.06267909
112,8,28,6,14,2,03中山區,中山區中山北路2段與民權西路口,0,0,1,2,B01,8,5,5,50,4,1,1,5,4,5,13,1,1,1,4,5,2,13,1,61,3,10,7,1,7,14,1,8,1,7,,118,,1,21,,121.5225083,25.06267909
112,8,28,6,19,2,05中正區,中正區信義路1段與杭州南路1段口,0,0,1,1,C03,8,6,5,50,4,1,1,5,4,5,13,2,1,9,4,3,2,17,1,37,2,9,5,1,7,9,1,10,2,17,,44,,1,21,,121.5243518,25.0355026
112,8,28,6,19,2,05中正區,中正區信義路1段與杭州南路1段口,0,0,1,2,F01,8,6,5,50,4,1,1,5,4,5,13,2,1,9,4,3,2,17,1,61,3,10,4,4,7,21,8,20,1,17,,99,,1,21,,121.5243518,25.0355026
112,8,28,6,58,2,09北投區,北投區石牌路1段46號,0,0,2,3,H02,8,5,5,50,14,9,1,5,4,5,13,4,4,5,2,5,2,12,2,53,2,9,3,5,7,20,8,20,10,16,,67,,1,21,,121.5105565,25.11316151
112,8,28,6,58,2,09北投區,北投區石牌路1段46號,0,0,2,1,B03,8,5,5,50,14,9,1,5,4,5,13,4,4,5,2,5,2,12,2,53,3,10,2,1,7,9,1,8,1,2,,17,,1,21,,121.5105565,25.11316151
112,8,28,6,58,2,09北投區,北投區石牌路1段46號,0,0,2,2,C03,8,5,5,50,14,9,1,5,4,5,13,4,4,5,2,5,2,12,1,64,2,9,6,1,7,9,1,10,1,14,,17,,1,21,,121.5105565,25.11316151
112,8,28,7,21,2,04大安區,大安區和平東路2段189號,0,0,1,1,C03,8,7,5,50,14,9,1,5,4,5,13,4,4,1,3,5,2,17,1,50,3,10,5,1,7,9,1,10,11,17,,30,,1,21,,121.5421038,25.0251092
112,8,28,7,21,2,04大安區,大安區和平東路2段189號,0,0,1,2,C03,8,7,5,50,14,9,1,5,4,5,13,4,4,1,3,5,2,17,1,47,2,9,5,1,7,7,1,10,1,11,,44,,1,21,,121.5421038,25.0251092
112,8,28,8,5,2,02萬華區,萬華區中華路1段與桂林路口,0,0,2,1,C03,8,6,5,50,3,2,1,5,4,5,13,2,1,2,4,5,2,17,1,42,2,8,5,1,7,6,1,10,1,12,14,108,,1,21,,121.5064125,25.0374323
112,8,28,8,5,2,02萬華區,萬華區中華路1段與桂林路口,0,0,2,3,H02,8,6,5,50,3,2,1,5,4,5,13,2,1,2,4,5,2,17,1,16,2,8,5,5,7,20,8,20,10,16,,67,,1,21,,121.5064125,25.0374323
112,8,28,8,5,2,02萬華區,萬華區中華路1段與桂林路口,0,0,2,2,B03,8,6,5,50,3,2,1,5,4,5,13,2,1,2,4,5,2,17,1,45,3,10,7,1,7,14,1,8,1,7,,44,,1,21,,121.5064125,25.0374323
112,8,28,8,9,2,05中正區,中正區中山南路與徐州路口,0,0,2,1,C03,8,5,5,50,4,2,1,5,4,5,13,1,1,9,4,5,2,17,2,31,2,9,5,1,7,9,1,10,2,14,,44,,1,21,,121.5185778,25.0417664
112,8,28,8,9,2,05中正區,中正區中山南路與徐州路口,0,0,2,2,C03,8,5,5,50,4,2,1,5,4,5,13,1,1,9,4,5,2,17,2,39,2,9,5,1,7,9,1,10,2,11,,16,,1,21,,121.5185778,25.0417664
112,8,28,8,9,2,05中正區,中正區中山南路與徐州路口,0,0,2,3,B03,8,5,5,50,4,2,1,5,4,5,13,1,1,9,4,5,2,17,1,25,3,10,7,1,7,7,1,8,11,17,,100,,1,22,,121.5185778,25.0417664
112,8,28,8,25,2,12內湖區,內湖區五分街與東湖路160巷口,0,0,1,1,C03,8,6,5,30,4,2,1,5,4,5,13,1,1,9,4,5,2,16,2,39,2,9,6,1,7,8,1,10,1,14,,100,,1,21,,121.6172669,25.0671714
112,8,28,8,25,2,12內湖區,內湖區五分街與東湖路160巷口,0,0,1,2,B12,8,6,5,30,4,2,1,5,4,5,13,1,1,9,4,5,2,16,1,54,3,10,7,1,7,9,1,8,1,5,,44,,1,21,,121.6172669,25.0671714
112,8,28,8,32,2,03中山區,中山區中山北路1段21號,0,0,1,1,B03,8,7,5,50,14,9,1,5,4,5,13,4,4,5,4,5,2,12,1,82,3,10,7,1,7,9,1,8,1,2,,108,,1,21,,121.5212268,25.0487113
112,8,28,8,32,2,03中山區,中山區中山北路1段21號,0,0,1,2,F01,8,7,5,50,14,9,1,5,4,5,13,4,4,5,4,5,2,12,1,73,2,9,4,1,7,7,8,20,1,14,,101,,1,21,,121.5212268,25.0487113
112,8,28,8,49,2,04大安區,大安區新生南路3段33號,0,0,1,2,B03,8,5,6,50,14,9,1,5,4,5,13,4,4,8,3,5,1,16,1,29,3,10,7,1,7,15,1,8,1,5,,44,,1,21,,121.5347006,25.0241544
112,8,28,8,49,2,04大安區,大安區新生南路3段33號,0,0,1,1,C03,8,5,6,50,14,9,1,5,4,5,13,4,4,8,3,5,1,16,2,21,2,1,6,1,7,8,1,10,1,14,,100,,1,21,,121.5347006,25.0241544
112,8,28,8,50,2,05中正區,中正區汀州路3段與汀州路3段230巷口,0,0,1,1,B03,8,6,5,50,4,1,1,5,4,5,10,4,4,5,4,5,2,16,1,56,3,10,7,1,7,6,1,8,1,2,,72,,1,21,,121.5358618,25.0116919
112,8,28,8,50,2,05中正區,中正區汀州路3段與汀州路3段230巷口,0,0,1,2,C03,8,6,5,50,4,1,1,5,4,5,10,4,4,5,4,5,2,16,1,26,2,9,5,1,7,9,1,10,1,11,,44,,1,21,,121.5358618,25.0116919
112,8,28,8,50,2,05中正區,中正區汀州路3段與汀州路3段230巷口,0,0,1,3,B03,8,6,5,50,4,1,1,5,4,5,10,4,4,5,4,5,2,16,1,55,3,10,7,1,7,14,1,8,1,3,,38,,1,21,,121.5358618,25.0116919
112,8,28,9,1,2,09北投區,北投區文林北路94巷與文林北路80巷59弄口,0,0,1,1,C03,8,7,5,30,4,2,1,5,4,5,13,4,4,10,5,5,2,15,2,35,2,8,6,1,7,9,1,10,1,12,,75,,1,22,,121.5189496,25.106896
112,8,28,9,1,2,09北投區,北投區文林北路94巷與文林北路80巷59弄口,0,0,1,2,B01,8,7,5,30,4,2,1,5,4,5,13,4,4,10,5,5,2,15,1,45,3,10,7,1,7,9,1,4,1,1,,44,,1,21,,121.5189496,25.106896
112,8,28,9,29,2,01大同區,大同區雙連街與雙連街53巷口,0,0,2,1,C03,8,6,5,30,4,1,1,5,4,5,13,4,4,10,5,5,2,15,1,79,2,9,6,1,7,9,1,10,1,11,,72,,1,21,,121.5189499,25.05922175
112,8,28,9,29,2,01大同區,大同區雙連街與雙連街53巷口,0,0,2,2,C03,8,6,5,30,4,1,1,5,4,5,13,4,4,10,5,5,2,15,1,42,2,9,6,1,7,9,1,10,1,14,,14,,1,21,,121.5189499,25.05922175
112,8,28,10,4,2,04大安區,大安區復興南路2段與復興南路2段210巷口,0,0,2,2,C03,8,6,5,50,4,2,1,5,4,5,13,2,1,1,4,5,1,13,2,29,2,9,3,4,7,9,1,10,1,13,,44,,1,21,,121.5433811,25.0267851
112,8,28,10,4,2,04大安區,大安區復興南路2段與復興南路2段210巷口,0,0,2,1,C03,8,6,5,50,4,2,1,5,4,5,13,2,1,1,4,5,1,13,2,23,2,9,3,4,7,9,1,10,1,11,,16,,1,21,,121.5433811,25.0267851
112,8,28,10,27,2,06松山區,松山區民生東路4段80巷1弄與民生東路4段80巷口口,0,0,1,1,B03,8,6,5,30,3,1,1,5,4,5,13,4,4,9,5,5,2,15,1,55,3,10,3,4,7,15,1,8,1,1,,44,,1,21,,121.552993,25.0576094
112,8,28,10,27,2,06松山區,松山區民生東路4段80巷1弄與民生東路4段80巷口口,0,0,1,2,C03,8,6,5,30,3,1,1,5,4,5,13,4,4,9,5,5,2,15,1,34,2,9,6,4,7,4,1,10,1,11,,94,,1,21,,121.552993,25.0576094
112,8,28,10,29,2,07信義區,信義區市民高架道往東,0,0,1,2,B02,8,6,5,80,10,7,1,5,4,5,13,4,4,1,3,5,1,13,2,48,2,9,3,4,7,14,1,8,1,3,,44,,1,21,,121.5578319,25.044875
112,8,28,10,29,2,07信義區,信義區市民高架道往東,0,0,1,1,A05,8,6,5,80,10,7,1,5,4,5,13,4,4,1,3,5,1,13,1,60,3,10,3,4,7,9,1,2,1,1,,108,,1,21,,121.5578319,25.044875
112,8,28,10,31,2,08士林區,士林區天母東路105巷與天母東路口,0,0,2,3,H02,8,6,5,50,3,2,1,5,4,5,13,2,1,5,5,5,1,17,2,5,2,8,6,5,7,17,8,20,10,16,,67,,1,21,,121.5364062,25.1181841
112,8,28,10,31,2,08士林區,士林區天母東路105巷與天母東路口,0,0,2,1,B03,8,6,5,50,3,2,1,5,4,5,13,2,1,5,5,5,1,17,1,82,3,10,7,1,7,7,1,8,9,5,,44,,1,21,,121.5364062,25.1181841
112,8,28,10,31,2,08士林區,士林區天母東路105巷與天母東路口,0,0,2,2,C04,8,6,5,50,3,2,1,5,4,5,13,2,1,5,5,5,1,17,1,67,2,7,5,1,7,8,1,10,9,14,,100,,1,21,,121.5364062,25.1181841
112,8,28,10,43,2,03中山區,中山區松江路與南京東路2段口,0,0,1,1,B02,8,7,5,50,4,1,1,5,4,5,13,1,1,1,4,5,2,16,1,20,3,10,7,1,7,6,1,8,1,2,,9,,1,22,,121.5330796,25.0522069
112,8,28,10,43,2,03中山區,中山區松江路與南京東路2段口,0,0,1,2,F01,8,7,5,50,4,1,1,5,4,5,13,1,1,1,4,5,2,16,2,35,2,9,4,4,7,9,8,20,1,14,,42,,1,22,,121.5330796,25.0522069
112,8,28,10,48,2,10文山區,文山區木柵路4段24號,0,0,2,1,B03,8,6,5,50,14,9,1,5,4,5,13,4,4,5,4,5,1,17,1,22,3,10,3,4,7,7,1,8,1,2,,100,,1,21,,121.5733621,24.99703986
112,8,28,10,48,2,10文山區,文山區木柵路4段24號,0,0,2,3,H02,8,6,5,50,14,9,1,5,4,5,13,4,4,5,4,5,1,17,2,50,2,8,6,5,7,20,8,20,10,16,,67,,1,21,,121.5733621,24.99703986
112,8,28,10,48,2,10文山區,文山區木柵路4段24號,0,0,2,2,C03,8,6,5,50,14,9,1,5,4,5,13,4,4,5,4,5,1,17,2,47,2,8,6,1,7,9,1,10,1,14,,44,,1,21,,121.5733621,24.99703986
112,8,28,11,7,2,09北投區,北投區學園路1號旁,0,0,1,1,B03,8,7,5,40,14,9,1,5,4,5,13,4,4,4,1,5,2,17,1,30,3,10,7,1,7,11,1,6,1,8,,10,,1,21,,121.466009,25.13125541
112,8,28,11,7,2,09北投區,北投區學園路1號旁,0,0,1,2,C03,8,7,5,40,14,9,1,5,4,5,13,4,4,4,1,5,2,17,1,18,2,9,6,1,7,9,1,10,1,11,,44,,1,21,,121.466009,25.13125541
112,8,28,11,26,2,08士林區,士林區中山北路6段與中山北路6段236巷口口,0,0,2,3,C03,8,6,5,50,3,1,1,5,4,5,13,1,1,1,4,5,1,16,2,59,2,8,6,1,7,15,1,10,11,14,,44,,1,21,,121.5253247,25.1088529
112,8,28,11,26,2,08士林區,士林區中山北路6段與中山北路6段236巷口口,0,0,2,2,C03,8,6,5,50,3,1,1,5,4,5,13,1,1,1,4,5,1,16,1,64,2,9,6,1,7,11,1,10,2,14,,44,,1,21,,121.5253247,25.1088529
112,8,28,11,26,2,08士林區,士林區中山北路6段與中山北路6段236巷口口,0,0,2,1,B03,8,6,5,50,3,1,1,5,4,5,13,1,1,1,4,5,1,16,1,68,3,10,7,1,7,6,6,18,2,1,,74,,1,21,,121.5253247,25.1088529
112,8,28,11,30,2,12內湖區,內湖區文德路171巷與文德路171巷9弄口,0,0,1,1,C03,8,7,5,30,3,1,1,5,4,5,13,4,4,10,5,5,2,17,1,44,3,10,6,1,7,6,1,10,1,17,,72,,1,21,,121.5837604,25.07937208
112,8,28,11,30,2,12內湖區,內湖區文德路171巷與文德路171巷9弄口,0,0,1,2,C03,8,7,5,30,3,1,1,5,4,5,13,4,4,10,5,5,2,17,1,20,2,9,6,1,7,9,1,10,1,17,,14,,1,21,,121.5837604,25.07937208
112,8,28,11,30,2,12內湖區,內湖區文德路171巷與文德路171巷9弄口,0,0,1,3,C03,8,7,5,30,3,1,1,5,4,5,13,4,4,10,5,5,2,17,1,22,3,10,3,4,7,13,1,10,9,12,,44,,1,21,,121.5837604,25.07937208
112,8,28,11,30,2,12內湖區,內湖區文德路171巷與文德路171巷9弄口,0,0,1,4,C03,8,7,5,30,3,1,1,5,4,5,13,4,4,10,5,5,2,17,2,22,3,10,3,4,7,13,1,10,9,12,,44,,1,21,,121.5837604,25.07937208
112,8,28,11,30,2,12內湖區,內湖區文德路171巷與文德路171巷9弄口,0,0,1,5,B02,8,7,5,30,3,1,1,5,4,5,13,4,4,10,5,5,2,17,1,64,3,10,3,4,7,13,1,8,9,3,,44,,1,21,,121.5837604,25.07937208
112,8,28,12,18,2,04大安區,大安區忠孝東路4段97號,0,0,2,1,C03,8,7,5,50,14,7,1,5,4,5,13,4,4,1,4,5,2,12,2,20,2,9,3,4,7,7,1,10,1,12,,100,,1,25,,121.5480782,25.0416518
112,8,28,12,18,2,04大安區,大安區忠孝東路4段97號,0,0,2,2,C03,8,7,5,50,14,7,1,5,4,5,13,4,4,1,4,5,2,12,2,34,2,9,3,4,7,9,1,10,1,11,,44,,1,22,,121.5480782,25.0416518
112,8,28,12,41,2,01大同區,大同區環河北路2段與敦煌路口,0,0,1,1,C03,8,7,5,50,5,1,1,5,4,5,13,2,1,1,4,5,2,15,1,63,2,7,5,1,7,10,1,10,1,12,,100,,1,21,,121.5095059,25.07633769
112,8,28,12,41,2,01大同區,大同區環河北路2段與敦煌路口,0,0,1,2,B03,8,7,5,50,5,1,1,5,4,5,13,2,1,1,4,5,2,15,1,49,3,10,3,4,7,9,1,8,1,1,,44,,1,21,,121.5095059,25.07633769
112,8,28,12,52,2,05中正區,中正區市民大道2段與金山北路口,0,0,1,1,C03,8,6,5,40,5,1,1,5,4,5,8,2,1,1,4,5,2,16,1,45,2,9,6,1,7,6,1,10,1,11,,96,,1,26,,121.5306592,25.046017
112,8,28,12,52,2,05中正區,中正區市民大道2段與金山北路口,0,0,1,2,B03,8,6,5,40,5,1,1,5,4,5,8,2,1,1,4,5,2,16,1,61,3,10,7,1,7,9,1,8,1,5,,44,,1,26,,121.5306592,25.046017
112,8,28,13,1,2,04大安區,大安區敦化南路2段與和平東路3段口,0,0,1,1,B03,8,6,8,50,5,1,1,5,4,5,13,1,1,1,4,1,2,16,2,58,3,10,7,4,7,5,1,8,1,5,,74,,1,22,,121.5489906,25.0245041
112,8,28,13,1,2,04大安區,大安區敦化南路2段與和平東路3段口,0,0,1,2,C03,8,6,8,50,5,1,1,5,4,5,13,1,1,1,4,1,2,16,2,50,2,9,5,4,7,9,1,10,1,14,,44,,1,22,,121.5489906,25.0245041
112,8,28,13,15,2,07信義區,信義區永吉路30巷158弄4號,0,0,1,1,B01,7,6,5,30,14,9,1,5,4,5,13,4,4,10,5,5,2,17,1,60,3,10,3,4,7,9,1,4,1,2,,108,,1,21,,121.5685967,25.0423377
112,8,28,13,15,2,07信義區,信義區永吉路30巷158弄4號,0,0,1,2,C03,7,6,5,30,14,9,1,5,4,5,13,4,4,10,5,5,2,17,2,42,2,8,3,4,7,13,1,10,1,14,,38,,1,21,,121.5685967,25.0423377
112,8,28,13,25,2,03中山區,中山區市民大道3段與八德路2段口,0,0,1,1,B01,8,7,5,40,4,1,1,5,4,5,13,2,1,1,4,1,2,16,1,57,3,10,3,4,7,6,1,4,1,2,,9,,1,21,,121.5349782,25.04512679
112,8,28,13,25,2,03中山區,中山區市民大道3段與八德路2段口,0,0,1,2,C03,8,7,5,40,4,1,1,5,4,5,13,2,1,1,4,1,2,16,1,32,2,9,5,4,7,9,1,10,1,14,,44,,1,21,,121.5349782,25.04512679
112,8,28,13,57,2,03中山區,中山區長安西路與長安西路19巷2弄口,0,0,2,1,C03,8,5,5,50,4,2,1,5,4,5,13,2,1,5,2,5,2,16,2,30,2,7,3,4,7,6,1,10,2,12,,9,,1,21,,121.5202768,25.0501937
112,8,28,13,57,2,03中山區,中山區長安西路與長安西路19巷2弄口,0,0,2,2,C03,8,5,5,50,4,2,1,5,4,5,13,2,1,5,2,5,2,16,1,29,2,8,3,4,7,9,1,10,2,14,,44,,1,21,,121.5202768,25.0501937
112,8,28,14,2,2,12內湖區,內湖區成美橋與新明路298巷口6號前,0,0,1,1,C03,7,5,5,50,14,9,1,5,4,5,13,4,4,5,4,5,2,16,2,61,2,9,6,1,7,15,1,10,1,14,,100,,1,21,,121.5820399,25.05612969
112,8,28,14,2,2,12內湖區,內湖區成美橋與新明路298巷口6號前,0,0,1,2,C03,7,5,5,50,14,9,1,5,4,5,13,4,4,5,4,5,2,16,1,41,3,10,6,1,7,9,1,10,1,12,,44,,1,21,,121.5820399,25.05612969
112,8,28,14,12,2,03中山區,中山區南京東路2段25號,0,0,1,1,B03,8,5,5,40,14,8,1,5,4,5,13,1,1,1,3,4,1,16,1,21,3,10,7,1,7,1,1,8,2,8,,19,,1,21,,121.5289423,25.05218273
112,8,28,14,12,2,03中山區,中山區南京東路2段25號,0,0,1,2,C03,8,5,5,40,14,8,1,5,4,5,13,1,1,1,3,4,1,16,1,56,2,8,5,1,7,8,1,10,2,12,,44,,1,21,,121.5289423,25.05218273
112,8,28,15,10,2,10文山區,文山區木柵路1段與光輝路口,0,0,1,1,B03,8,6,5,50,3,1,1,5,4,5,13,2,1,5,2,5,2,17,1,76,3,10,3,4,7,5,1,8,1,2,,74,,1,21,,121.5551103,24.9881247
112,8,28,15,10,2,10文山區,文山區木柵路1段與光輝路口,0,0,1,2,C03,8,6,5,50,3,1,1,5,4,5,13,2,1,5,2,5,2,17,2,35,2,9,5,4,7,9,1,10,1,11,,44,,1,21,,121.5551103,24.9881247
112,8,28,15,20,2,01大同區,大同區台北橋機慢車道往台北,0,0,2,1,C03,9,5,5,40,14,12,1,5,4,5,13,4,4,1,4,5,2,13,1,30,2,1,5,1,7,9,1,10,1,11,,16,,1,21,,121.5064885,25.06347541
112,8,28,15,20,2,01大同區,大同區台北橋機慢車道往台北,0,0,2,2,F03,9,5,5,40,14,12,1,5,4,5,13,4,4,1,4,5,2,13,1,88,2,1,5,1,7,9,8,20,1,13,,44,,1,21,,121.5064885,25.06347541
112,8,28,15,35,2,05中正區,中正區仁愛路1段與仁愛路1段23巷口,0,0,1,1,B03,8,7,5,50,3,1,1,5,4,5,13,4,4,1,4,1,2,13,2,43,3,10,7,1,7,6,1,8,1,3,,9,,1,21,,121.5227747,25.03875231
112,8,28,15,35,2,05中正區,中正區仁愛路1段與仁愛路1段23巷口,0,0,1,2,C03,8,7,5,50,3,1,1,5,4,5,13,4,4,1,4,1,2,13,2,24,2,9,6,1,7,9,1,10,1,11,,44,,1,21,,121.5227747,25.03875231
112,8,28,15,35,2,07信義區,信義區吳興街500巷與吳興街口口,0,0,1,1,C03,7,5,5,30,4,1,1,5,4,5,13,4,4,9,4,5,2,17,2,70,2,9,5,1,7,5,3,18,1,14,,74,,1,22,,121.5694209,25.0228661
112,8,28,15,35,2,07信義區,信義區吳興街500巷與吳興街口口,0,0,1,2,B03,7,5,5,30,4,1,1,5,4,5,13,4,4,9,4,5,2,17,1,59,3,10,7,1,7,9,1,8,1,1,,44,,1,22,,121.5694209,25.0228661
112,8,28,15,35,2,07信義區,信義區吳興街500巷與吳興街口口,0,0,1,3,B12,7,5,5,30,4,1,1,5,4,5,13,4,4,9,4,5,2,17,1,22,3,10,7,1,7,14,1,8,9,17,,38,,1,22,,121.5694209,25.0228661
112,8,28,16,9,2,08士林區,士林區克強路10巷與克強路10巷3弄口,0,0,2,1,C03,8,7,5,30,4,1,1,5,4,5,13,4,4,10,5,5,2,15,1,48,2,9,6,1,7,9,1,10,1,12,,72,,1,21,,121.5243668,25.10915449
112,8,28,16,9,2,08士林區,士林區克強路10巷與克強路10巷3弄口,0,0,2,3,H02,8,7,5,30,4,1,1,5,4,5,13,4,4,10,5,5,2,15,2,40,2,9,6,5,7,17,8,20,10,16,,67,,1,21,,121.5243668,25.10915449
112,8,28,16,9,2,08士林區,士林區克強路10巷與克強路10巷3弄口,0,0,2,2,B03,8,7,5,30,4,1,1,5,4,5,13,4,4,10,5,5,2,15,1,40,3,10,7,1,7,9,1,8,1,1,,44,,1,21,,121.5243668,25.10915449
112,8,28,16,20,2,03中山區,中山區北安路與北安路630巷口,0,0,1,1,B03,8,5,5,50,4,1,1,5,4,5,13,1,1,1,4,5,1,17,2,68,3,10,7,1,7,1,1,8,1,17,,19,,1,21,,121.5490315,25.0828677
112,8,28,16,20,2,03中山區,中山區北安路與北安路630巷口,0,0,1,2,C03,8,5,5,50,4,1,1,5,4,5,13,1,1,1,4,5,1,17,1,31,2,9,6,1,7,9,1,10,1,14,,44,,1,21,,121.5490315,25.0828677
112,8,28,16,45,2,03中山區,中山區樂群二路126號,0,0,1,2,C03,7,5,5,50,14,9,1,5,4,5,13,4,4,1,3,5,1,12,1,41,2,7,5,1,7,9,1,10,1,14,,13,,1,21,,121.5558839,25.07989585
112,8,28,16,45,2,03中山區,中山區樂群二路126號,0,0,1,1,B03,7,5,5,50,14,9,1,5,4,5,13,4,4,1,3,5,1,12,2,68,3,10,7,1,7,1,1,8,1,8,,19,,1,21,,121.5558839,25.07989585
112,8,28,16,54,2,03中山區,中山區松江路297巷與民權東路2段152巷口,0,0,1,1,C03,7,5,5,30,4,1,1,5,4,5,13,4,4,8,4,5,1,15,2,47,3,10,6,4,7,14,1,8,2,17,,72,,1,21,,121.5348702,25.0610568
112,8,28,16,54,2,03中山區,中山區松江路297巷與民權東路2段152巷口,0,0,1,3,H02,7,5,5,30,4,1,1,5,4,5,13,4,4,8,4,5,1,15,2,29,3,10,6,5,7,17,8,20,10,16,,67,,1,21,,121.5348702,25.0610568