發生年度,發生月,發生日,發生時-Hours,發生分,處理別-編號,區序,肇事地點,死亡人數,2-30日死亡人數,受傷人數,當事人序號,車種,天候,光線,道路類別,速限-速度限制,道路型態,事故位置,路面狀況1,路面狀況2,路面狀況3,道路障礙1,道路障礙2,號誌1,號誌2,車道劃分-分向,車道劃分-分道1,車道劃分-分道2,車道劃分-分道3,事故類型及型態,性別,年齡,受傷程度,主要傷處,保護裝置,行動電話,車輛用途,當事者行動狀態,駕駛資格情形,駕駛執照種類,飲酒情形,車輛撞擊部位1,車輛撞擊部位2,肇因碼-個別,肇因碼-主要,個人肇逃否,職業,旅次目的,座標-X,座標-Y
112,8,28,16,54,2,03中山區,中山區松江路297巷與民權東路2段152巷口,0,0,1,2,C03,7,5,5,30,4,1,1,5,4,5,13,4,4,8,4,5,1,15,2,28,2,9,6,4,7,9,1,10,2,11,,44,,1,21,,121.5348702,25.0610568
112,8,28,16,57,2,02萬華區,萬華區華江橋往台北市機車道下橋路段,0,0,2,1,C03,8,7,7,40,8,11,1,5,4,5,13,4,4,10,5,5,2,18,1,44,2,9,5,1,7,12,1,10,1,11,,42,,1,21,,121.4891163,25.03540771
112,8,28,16,57,2,02萬華區,萬華區華江橋往台北市機車道下橋路段,0,0,2,2,,8,7,7,40,8,11,1,5,4,5,13,4,4,10,5,5,2,18,3,0,,,,,,,,,10,,,67,,1,,,121.4891163,25.03540771
112,8,28,16,57,2,02萬華區,萬華區華江橋往台北市機車道下橋路段,0,0,2,3,H02,8,7,7,40,8,11,1,5,4,5,13,4,4,10,5,5,2,18,1,10,2,9,5,5,7,17,8,20,10,16,,67,,1,14,,121.4891163,25.03540771
112,8,28,16,59,2,02萬華區,萬華區西園路2段320巷與艋舺大道口,0,0,1,2,C03,8,6,5,50,3,1,1,5,4,5,13,1,1,3,4,5,2,17,1,30,2,8,5,1,7,9,1,10,1,17,,44,,1,21,,121.490699,25.02796999
112,8,28,16,59,2,02萬華區,萬華區西園路2段320巷與艋舺大道口,0,0,1,1,C03,8,6,5,50,3,1,1,5,4,5,13,1,1,3,4,5,2,17,2,53,4,11,3,4,7,15,7,19,9,15,,74,,1,22,,121.490699,25.02796999
112,8,28,17,10,2,07信義區,信義區大道路與忠孝東路5段790巷62弄口口,0,0,1,1,C03,7,5,5,50,4,1,1,5,4,5,13,1,1,5,5,5,2,17,2,36,2,9,5,1,7,5,1,10,1,14,,8,,1,22,,121.5824821,25.040818
112,8,28,17,10,2,07信義區,信義區大道路與忠孝東路5段790巷62弄口口,0,0,1,2,C03,7,5,5,50,4,1,1,5,4,5,13,1,1,5,5,5,2,17,1,21,3,10,6,1,7,9,1,10,1,11,,13,,1,22,,121.5824821,25.040818
112,8,28,17,11,2,01大同區,大同區民權西路155號,0,0,1,1,B03,8,6,5,50,14,9,1,5,4,5,13,2,1,1,4,4,2,13,1,37,3,10,7,1,7,9,1,8,1,2,,107,,1,21,,121.516379,25.0630718
112,8,28,17,11,2,01大同區,大同區民權西路155號,0,0,1,2,C03,8,6,5,50,14,9,1,5,4,5,13,2,1,1,4,4,2,13,1,62,2,7,5,1,7,9,1,10,1,14,,44,,1,21,,121.516379,25.0630718
112,8,28,17,31,2,06松山區,松山區市民大道6段288號,0,0,2,1,C03,8,6,5,40,14,9,1,4,4,5,13,4,4,10,5,5,2,12,1,42,2,9,6,4,7,8,1,10,2,14,,100,,1,22,,121.5794009,25.04950811
112,8,28,17,31,2,06松山區,松山區市民大道6段288號,0,0,2,2,C03,8,6,5,40,14,9,1,4,4,5,13,4,4,10,5,5,2,12,1,61,2,9,6,4,7,9,1,10,2,12,,44,,1,22,,121.5794009,25.04950811
112,8,28,17,31,2,06松山區,松山區市民大道6段288號,0,0,2,3,B02,8,6,5,40,14,9,1,4,4,5,13,4,4,10,5,5,2,12,1,55,3,10,3,4,7,14,1,8,2,2,,44,,1,22,,121.5794009,25.04950811
112,8,28,17,43,2,06松山區,松山區民權東路3段124號,0,0,3,1,C03,7,6,8,50,14,9,1,5,4,5,13,4,4,1,4,5,2,17,1,38,2,9,6,1,7,9,1,10,1,14,,42,,1,21,,121.5462208,25.06207015
112,8,28,17,43,2,06松山區,松山區民權東路3段124號,0,0,3,2,C03,7,6,8,50,14,9,1,5,4,5,13,4,4,1,4,5,2,17,1,33,2,9,6,1,7,9,1,9,1,12,,44,,1,21,,121.5462208,25.06207015
112,8,28,17,43,2,06松山區,松山區民權東路3段124號,0,0,3,3,H02,7,6,8,50,14,9,1,5,4,5,13,4,4,1,4,5,2,17,1,1,2,9,6,5,7,20,8,20,10,16,,67,,1,24,,121.5462208,25.06207015
112,8,28,17,45,2,05中正區,中正區館前路與開封街1段口,0,0,1,2,H01,7,6,5,50,3,2,1,5,4,5,13,4,4,10,4,5,2,3,2,26,2,8,4,5,8,16,8,20,10,16,,67,,1,26,,121.5149448,25.0460604
112,8,28,17,45,2,05中正區,中正區館前路與開封街1段口,0,0,1,1,B03,7,6,5,50,3,2,1,5,4,5,13,4,4,10,4,5,2,3,1,64,3,10,7,1,7,9,1,8,1,5,,70,,1,26,,121.5149448,25.0460604
112,8,28,17,56,2,03中山區,中山區民權東路3段向西近建國北路,0,0,1,1,C03,6,5,5,50,14,9,1,4,4,5,13,4,4,1,4,5,2,12,1,28,2,8,5,1,7,9,1,10,1,12,,16,,1,22,,121.5377454,25.0625049
112,8,28,17,56,2,03中山區,中山區民權東路3段向西近建國北路,0,0,1,2,C03,6,5,5,50,14,9,1,4,4,5,13,4,4,1,4,5,2,12,1,27,3,10,5,1,7,12,1,10,1,14,,44,,1,22,,121.5377454,25.0625049
112,8,28,17,57,2,07信義區,信義區基隆路2段7號,0,0,1,3,C03,6,5,5,50,14,9,1,4,4,5,13,4,4,5,5,5,2,13,1,40,3,10,5,1,7,15,1,10,1,13,,118,,1,21,,121.5593533,25.0324876
112,8,28,17,57,2,07信義區,信義區基隆路2段7號,0,0,1,1,C03,6,5,5,50,14,9,1,4,4,5,13,4,4,5,5,5,2,13,1,23,2,9,5,1,7,12,1,10,1,12,,16,,1,21,,121.5593533,25.0324876
112,8,28,17,57,2,07信義區,信義區基隆路2段7號,0,0,1,2,C03,6,5,5,50,14,9,1,4,4,5,13,4,4,5,5,5,2,13,1,25,3,10,5,1,7,13,1,10,1,13,,38,,1,21,,121.5593533,25.0324876
112,8,28,18,15,2,05中正區,中正區許昌街17號,0,0,1,1,B03,6,5,5,30,14,9,1,4,4,5,13,4,4,10,5,5,2,16,1,24,3,10,7,1,7,7,1,8,1,2,,100,,1,22,,121.5170961,25.04550664
112,8,28,18,15,2,05中正區,中正區許昌街17號,0,0,1,2,C03,6,5,5,30,14,9,1,4,4,5,13,4,4,10,5,5,2,16,1,21,2,7,6,1,7,9,1,10,1,14,,108,,1,22,,121.5170961,25.04550664
112,8,28,18,15,2,07信義區,信義區中坡北路與永吉路口口,0,0,1,1,B03,7,5,5,50,4,2,1,5,4,5,13,1,1,1,4,5,2,17,1,23,3,10,7,1,7,6,1,8,1,5,,9,,1,22,,121.5807232,25.0452698
112,8,28,18,15,2,07信義區,信義區中坡北路與永吉路口口,0,0,1,2,C03,7,5,5,50,4,2,1,5,4,5,13,1,1,1,4,5,2,17,2,36,2,9,5,1,7,9,1,10,1,14,,44,,1,22,,121.5807232,25.0452698
112,8,28,18,30,2,08士林區,士林區忠誠路2段118巷與忠誠路2段118巷11弄口,0,0,1,1,C03,8,5,5,30,4,1,1,5,4,5,13,4,4,10,5,5,1,16,1,23,2,9,6,1,7,9,1,10,1,12,,72,,1,21,,121.5309162,25.11390414
112,8,28,18,30,2,08士林區,士林區忠誠路2段118巷與忠誠路2段118巷11弄口,0,0,1,2,B03,8,5,5,30,4,1,1,5,4,5,13,4,4,10,5,5,1,16,1,25,3,10,7,1,7,9,1,8,1,8,,14,,1,21,,121.5309162,25.11390414
112,8,28,18,57,2,08士林區,士林區延平北路7段與延平北路7段106巷口,0,0,1,1,B12,7,5,5,30,3,2,1,5,4,5,13,4,4,9,4,5,2,13,1,41,3,10,7,1,7,5,1,6,2,1,,107,,1,21,,121.4974945,25.09668914
112,8,28,18,57,2,08士林區,士林區延平北路7段與延平北路7段106巷口,0,0,1,2,C03,7,5,5,30,3,2,1,5,4,5,13,4,4,9,4,5,2,13,1,30,2,9,5,1,7,6,1,10,2,13,,4,,1,21,,121.4974945,25.09668914
112,8,28,19,0,2,03中山區,中山區明水路與明水路397巷口,0,0,1,1,B03,8,5,5,50,3,1,1,5,4,5,13,1,1,1,4,5,2,16,1,59,3,10,7,1,7,5,1,8,1,2,,74,,1,22,,121.5476879,25.0774474
112,8,28,19,0,2,03中山區,中山區明水路與明水路397巷口,0,0,1,2,C03,8,5,5,50,3,1,1,5,4,5,13,1,1,1,4,5,2,16,1,26,2,7,6,1,7,9,1,10,1,11,,13,,1,22,,121.5476879,25.0774474
112,8,28,19,15,2,03中山區,中山區敬業三路與劍南捷運站口,0,0,1,1,C03,7,5,5,50,14,7,1,5,4,5,13,4,4,1,4,4,2,13,2,25,2,9,3,4,7,8,1,10,1,13,,44,,1,21,,121.5562932,25.0841115
112,8,28,19,15,2,03中山區,中山區敬業三路與劍南捷運站口,0,0,1,2,B12,7,5,5,50,14,7,1,5,4,5,13,4,4,1,4,4,2,13,2,38,3,10,3,4,7,9,1,8,1,8,,118,,1,22,,121.5562932,25.0841115
112,8,28,19,15,2,10文山區,文山區仙岩路128號,0,0,1,2,C03,7,5,5,50,14,9,1,5,4,5,13,4,4,9,4,5,2,16,1,45,2,9,5,1,7,9,6,8,11,14,,44,,1,21,,121.5512657,25.0007549
112,8,28,19,15,2,10文山區,文山區仙岩路128號,0,0,1,1,B03,7,5,5,50,14,9,1,5,4,5,13,4,4,9,4,5,2,16,1,50,3,10,7,1,7,8,1,8,11,1,,100,,1,21,,121.5512657,25.0007549
112,8,28,19,33,2,05中正區,中正區羅斯福路1段與寧波西街口,0,0,1,2,C03,8,5,5,50,4,1,1,5,4,5,13,1,1,3,4,5,2,17,2,29,2,8,5,1,7,5,1,8,2,14,,17,,1,21,,121.5191154,25.03167249
112,8,28,19,33,2,05中正區,中正區羅斯福路1段與寧波西街口,0,0,1,1,B01,8,5,5,50,4,1,1,5,4,5,13,1,1,3,4,5,2,17,1,62,3,10,7,1,7,6,1,4,2,5,,44,,1,21,,121.5191154,25.03167249
112,8,28,20,15,2,07信義區,信義區大道路7巷1弄1號旁,0,0,1,1,B03,8,5,5,30,14,9,1,5,4,5,13,4,4,10,5,5,2,1,1,66,3,10,2,1,7,9,1,8,11,4,,5,,2,21,,121.5817881,25.04266722
112,8,28,20,15,2,07信義區,信義區大道路7巷1弄1號旁,0,0,1,2,H01,8,5,5,30,14,9,1,5,4,5,13,4,4,10,5,5,2,1,1,42,2,7,4,5,8,16,8,20,10,16,,67,,1,21,,121.5817881,25.04266722
112,8,28,20,34,2,09北投區,北投區公館路130巷與公館路130巷1弄口,0,0,1,1,B03,8,5,5,30,3,1,1,5,4,5,13,4,4,10,5,5,2,16,1,71,3,10,7,1,7,5,1,8,2,5,,74,,1,21,,121.5050059,25.12933302
112,8,28,20,34,2,09北投區,北投區公館路130巷與公館路130巷1弄口,0,0,1,2,C03,8,5,5,30,3,1,1,5,4,5,13,4,4,10,5,5,2,16,1,52,2,9,5,1,7,9,1,10,2,15,,44,,1,21,,121.5050059,25.12933302
112,8,28,21,20,2,03中山區,中山區市民大道3段與建國南路1段口,0,0,2,2,C03,8,5,5,50,4,1,1,5,4,5,13,1,1,1,4,5,2,16,1,61,2,9,3,4,7,9,1,10,2,11,,13,,1,21,,121.5363421,25.0447726
112,8,28,21,20,2,03中山區,中山區市民大道3段與建國南路1段口,0,0,2,3,H02,8,5,5,50,4,1,1,5,4,5,13,1,1,1,4,5,2,16,2,52,2,9,3,5,7,20,8,20,10,17,,67,,1,21,,121.5363421,25.0447726
112,8,28,21,20,2,03中山區,中山區市民大道3段與建國南路1段口,0,0,2,1,B03,8,5,5,50,4,1,1,5,4,5,13,1,1,1,4,5,2,16,1,40,3,10,3,4,7,6,1,8,2,5,,9,,1,21,,121.5363421,25.0447726
112,8,28,21,40,2,04大安區,大安區基隆路4段43號,0,0,1,1,C03,8,5,5,50,14,7,1,5,4,5,13,1,1,1,4,4,1,12,2,18,3,10,6,1,7,9,1,10,1,11,,107,,1,25,,121.5404743,25.0138023
112,8,28,21,40,2,04大安區,大安區基隆路4段43號,0,0,1,2,C04,8,5,5,50,14,7,1,5,4,5,13,1,1,1,4,4,1,12,1,24,2,9,6,1,7,9,1,8,1,11,,44,,1,25,,121.5404743,25.0138023
112,8,28,21,50,2,09北投區,北投區承德路7段400號前,0,0,2,1,C03,7,5,5,60,14,9,1,5,4,5,13,4,4,1,4,5,2,13,1,30,2,7,5,1,7,9,1,10,2,11,,107,,1,21,,121.5006544,25.1204029
112,8,28,21,50,2,09北投區,北投區承德路7段400號前,0,0,2,2,C03,7,5,5,60,14,9,1,5,4,5,13,4,4,1,4,5,2,13,2,45,2,9,5,1,7,15,1,10,2,13,,116,,1,21,,121.5006544,25.1204029
112,8,28,22,13,2,07信義區,信義區松隆路與永吉路30巷口,0,0,1,1,C03,8,5,5,50,14,9,1,5,4,5,13,1,1,3,4,5,2,12,1,41,3,10,6,4,7,8,1,10,1,13,,100,,1,21,,121.568924,25.0444598
112,8,28,22,13,2,07信義區,信義區松隆路與永吉路30巷口,0,0,1,2,C03,8,5,5,50,14,9,1,5,4,5,13,1,1,3,4,5,2,12,1,22,2,9,6,4,7,9,1,10,1,11,,44,,1,21,,121.568924,25.0444598
112,8,28,22,18,2,04大安區,大安區忠孝東路4段325號,0,0,1,1,C03,8,5,5,50,14,9,1,5,4,5,13,4,4,1,4,5,2,13,1,22,2,7,6,1,7,8,1,10,1,11,,108,,1,21,,121.5564409,25.0414869
112,8,28,22,18,2,04大安區,大安區忠孝東路4段325號,0,0,1,3,B03,8,5,5,50,14,9,1,5,4,5,13,4,4,1,4,5,2,13,1,27,3,10,7,1,7,9,1,8,1,2,,44,,1,21,,121.5564409,25.0414869
112,8,28,22,18,2,04大安區,大安區忠孝東路4段325號,0,0,1,2,A02,8,5,5,50,14,9,1,5,4,5,13,4,4,1,4,5,2,13,1,55,3,10,7,1,7,14,1,2,1,7,,44,,1,21,,121.5564409,25.0414869
112,8,28,22,55,2,05中正區,中正區羅斯福路4段與基隆路4段口,0,0,1,2,C03,8,5,5,50,4,1,1,5,4,5,13,1,1,1,4,5,2,17,1,42,2,9,5,1,7,9,1,10,2,11,,108,,1,21,,121.5369203,25.01127612
112,8,28,22,55,2,05中正區,中正區羅斯福路4段與基隆路4段口,0,0,1,1,C03,8,5,5,50,4,1,1,5,4,5,13,1,1,1,4,5,2,17,1,46,3,10,5,1,7,5,1,10,2,13,,8,,1,21,,121.5369203,25.01127612
112,8,29,0,52,2,04大安區,大安區信義路4段與通安街口,0,0,1,1,B12,7,5,5,50,3,1,1,5,4,5,13,4,4,1,4,1,2,16,1,36,3,10,7,1,7,6,1,8,1,5,,9,,1,21,,121.5533089,25.0330646
112,8,29,0,52,2,04大安區,大安區信義路4段與通安街口,0,0,1,2,C03,7,5,5,50,3,1,1,5,4,5,13,4,4,1,4,1,2,16,1,31,2,9,5,1,7,9,1,10,1,14,,108,,1,21,,121.5533089,25.0330646
112,8,29,1,35,2,02萬華區,萬華區武昌街2段124-24號,0,0,1,2,B03,8,5,5,30,14,9,1,5,4,3,13,4,4,10,5,5,2,17,2,26,3,10,7,1,7,13,1,8,1,3,,38,,1,21,,121.5034965,25.04551632
112,8,29,1,35,2,02萬華區,萬華區武昌街2段124-24號,0,0,1,1,C04,8,5,5,30,14,9,1,5,4,3,13,4,4,10,5,5,2,17,1,27,2,9,5,1,7,9,1,10,7,11,,21,,1,26,,121.5034965,25.04551632
112,8,29,5,0,2,09北投區,北投區竹子湖路038燈桿,0,0,2,2,,8,6,5,40,11,9,1,5,4,5,13,4,4,9,4,5,2,18,3,0,,,,,,,,,,,,67,,1,,,121.5443431,25.16081042
112,8,29,5,0,2,09北投區,北投區竹子湖路038燈桿,0,0,2,3,H02,8,6,5,40,11,9,1,5,4,5,13,4,4,9,4,5,2,18,2,17,2,9,5,5,7,20,8,20,10,16,,67,,1,21,,121.5443431,25.16081042
112,8,29,5,0,2,09北投區,北投區竹子湖路038燈桿,0,0,2,1,C03,8,6,5,40,11,9,1,5,4,5,13,4,4,9,4,5,2,18,1,19,2,9,5,1,7,15,1,10,11,14,,44,,1,21,,121.5443431,25.16081042
112,8,29,5,50,2,10文山區,文山區木柵路4段與和平東路4段口,0,0,1,1,B12,8,7,5,50,3,1,1,5,4,5,13,1,1,5,4,5,2,15,1,56,3,10,7,1,7,9,1,8,2,1,,81,,1,21,,121.5746347,24.9981979
112,8,29,5,50,2,10文山區,文山區木柵路4段與和平東路4段口,0,0,1,2,C03,8,7,5,50,3,1,1,5,4,5,13,1,1,5,4,5,2,15,2,25,2,9,5,1,7,9,1,9,2,14,,44,,1,21,,121.5746347,24.9981979
112,8,29,6,22,2,01大同區,大同區環河北路1段與南京西路口,0,0,1,1,B01,8,6,5,50,3,1,1,5,4,5,13,2,1,1,4,5,2,16,1,40,3,10,3,4,7,6,1,4,1,5,,82,,1,21,,121.5075207,25.05372376
112,8,29,6,22,2,01大同區,大同區環河北路1段與南京西路口,0,0,1,2,C03,8,6,5,50,3,1,1,5,4,5,13,2,1,1,4,5,2,16,1,19,2,9,3,4,7,9,1,10,1,11,,44,,1,21,,121.5075207,25.05372376
112,8,29,6,22,2,10文山區,文山區木柵路4段與木柵路4段149巷口,0,0,2,1,F01,8,6,5,50,14,9,2,5,4,5,13,2,1,5,4,5,2,17,1,46,2,9,4,1,7,5,8,20,2,14,,8,,1,21,,121.5749942,24.9986342
112,8,29,6,22,2,10文山區,文山區木柵路4段與木柵路4段149巷口,0,0,2,2,C03,8,6,5,50,14,9,2,5,4,5,13,2,1,5,4,5,2,17,1,34,2,9,5,1,7,10,1,10,2,12,,100,,1,21,,121.5749942,24.9986342
112,8,29,6,29,2,03中山區,中山區中山北路2段與民權西路口,0,0,2,1,H01,8,7,5,0,4,1,1,5,4,5,13,2,1,5,4,5,2,3,1,62,2,9,4,5,8,18,8,20,10,16,,122,,1,22,,121.5227454,25.0627845
112,8,29,6,29,2,03中山區,中山區中山北路2段與民權西路口,0,0,2,2,C03,8,7,5,0,4,1,1,5,4,5,13,2,1,5,4,5,2,3,1,29,2,9,5,1,7,9,1,10,2,11,,108,,1,22,,121.5227454,25.0627845
112,8,29,6,43,2,08士林區,士林區百齡橋往東,0,0,2,1,H01,8,7,5,0,14,9,1,5,4,5,13,4,4,3,4,5,1,2,2,28,2,9,4,5,8,16,8,20,10,16,,60,,1,22,,121.51414,25.0893893
112,8,29,6,43,2,08士林區,士林區百齡橋往東,0,0,2,2,C03,8,7,5,0,14,9,1,5,4,5,13,4,4,3,4,5,1,2,2,41,2,9,5,4,7,9,1,10,9,11,,108,,1,22,,121.51414,25.0893893
112,8,29,7,30,2,02萬華區,萬華區中華路1段200號,0,0,2,1,A04,8,6,5,50,14,8,1,5,4,5,13,4,4,1,3,4,1,17,1,52,3,10,3,4,7,14,1,2,1,17,,44,,1,21,,121.5075038,25.03975574
112,8,29,7,30,2,02萬華區,萬華區中華路1段200號,0,0,2,3,H02,8,6,5,50,14,8,1,5,4,5,13,4,4,1,3,4,1,17,1,22,2,9,4,5,7,19,8,20,10,16,,67,,1,21,,121.5075038,25.03975574
112,8,29,7,30,2,02萬華區,萬華區中華路1段200號,0,0,2,2,C03,8,6,5,50,14,8,1,5,4,5,13,4,4,1,3,4,1,17,1,42,2,9,3,4,7,9,1,10,1,11,,108,,1,21,,121.5075038,25.03975574
112,8,29,8,0,2,04大安區,大安區信義路4段337號,0,0,1,1,B03,8,6,5,50,3,1,1,5,4,5,13,4,4,9,5,5,2,16,2,51,3,10,3,4,7,5,1,8,1,4,,8,,1,22,,121.5563377,25.0332371
112,8,29,8,0,2,04大安區,大安區信義路4段337號,0,0,1,2,C03,8,6,5,50,3,1,1,5,4,5,13,4,4,9,5,5,2,16,2,41,2,9,3,4,7,9,1,10,1,12,,44,,1,22,,121.5563377,25.0332371
112,8,29,8,27,2,12內湖區,內湖區內湖路2段與成功路4段30巷口,0,0,2,1,C03,8,5,5,30,3,1,1,5,4,5,13,4,4,10,5,5,2,16,2,39,2,9,5,1,7,5,1,10,1,14,,72,,1,21,,121.5908796,25.0823753
112,8,29,8,27,2,12內湖區,內湖區內湖路2段與成功路4段30巷口,0,0,2,2,C03,8,5,5,30,3,1,1,5,4,5,13,4,4,10,5,5,2,16,1,60,2,7,5,1,7,9,1,10,1,12,,44,,1,21,,121.5908796,25.0823753
112,8,29,8,29,2,06松山區,松山區復興北路與五常街口,0,0,1,1,B03,8,6,5,50,4,1,1,5,4,5,13,1,1,1,4,5,2,13,1,26,3,10,7,1,7,9,5,8,1,1,,16,,1,21,,121.5443608,25.064339
112,8,29,8,29,2,06松山區,松山區復興北路與五常街口,0,0,1,2,B03,8,6,5,50,4,1,1,5,4,5,13,1,1,1,4,5,2,13,1,64,2,5,7,1,7,12,1,8,1,3,,44,,1,21,,121.5443608,25.064339
112,8,29,8,31,2,07信義區,信義區仁愛路4段420號,0,0,1,1,C03,8,5,5,50,14,9,1,5,4,5,13,1,1,1,4,5,2,12,2,26,2,7,5,1,7,9,1,10,1,12,,108,,1,21,,121.5576554,25.03745668
112,8,29,8,31,2,07信義區,信義區仁愛路4段420號,0,0,1,2,C02,8,5,5,50,14,9,1,5,4,5,13,1,1,1,4,5,2,12,1,43,3,10,5,1,7,14,1,9,1,14,,44,,1,21,,121.5576554,25.03745668
112,8,29,8,38,2,03中山區,中山區民生東路3段36號,0,0,1,1,C03,8,7,5,50,14,9,1,5,4,5,13,4,4,9,2,5,2,14,1,43,2,9,5,1,7,10,1,10,1,11,,100,,1,26,,121.5402696,25.0577221
112,8,29,8,38,2,03中山區,中山區民生東路3段36號,0,0,1,2,C03,8,7,5,50,14,9,1,5,4,5,13,4,4,9,2,5,2,14,1,35,3,10,5,1,7,9,1,10,1,13,,118,,1,26,,121.5402696,25.0577221
112,8,29,8,38,2,03中山區,中山區民生東路3段36號,0,0,1,3,B03,8,7,5,50,14,9,1,5,4,5,13,4,4,9,2,5,2,14,1,50,3,10,7,1,7,1,1,8,1,15,,19,,1,26,,121.5402696,25.0577221
112,8,29,8,44,2,12內湖區,內湖區成功路2段325號與成功路2段口,0,0,1,1,B03,8,5,5,50,4,1,1,5,4,5,13,1,1,4,1,4,1,17,1,65,3,10,7,1,7,8,1,8,1,6,,100,,1,21,,121.589864,25.07215193
112,8,29,8,44,2,12內湖區,內湖區成功路2段325號與成功路2段口,0,0,1,2,C03,8,5,5,50,4,1,1,5,4,5,13,1,1,4,1,4,1,17,1,39,2,9,5,1,7,9,1,10,1,11,,44,,1,21,,121.589864,25.07215193
112,8,29,9,7,2,12內湖區,內湖區內湖路2段100號,0,0,1,1,C03,8,6,5,50,3,2,1,5,4,5,13,4,4,5,5,5,2,13,2,40,2,8,6,1,7,9,1,10,1,11,,16,,1,21,,121.5815688,25.07940391
112,8,29,9,7,2,12內湖區,內湖區內湖路2段100號,0,0,1,2,C03,8,6,5,50,3,2,1,5,4,5,13,4,4,5,5,5,2,13,1,22,3,10,6,1,7,12,1,10,1,13,,44,,1,21,,121.5815688,25.07940391
112,8,29,9,25,2,12內湖區,內湖區內湖路1段146號,0,0,1,1,B03,8,5,5,50,14,7,1,5,4,5,13,4,4,1,4,4,2,12,1,58,3,10,7,1,7,1,1,4,1,4,,19,,1,21,,121.5649707,25.08246961
112,8,29,9,25,2,12內湖區,內湖區內湖路1段146號,0,0,1,2,C03,8,5,5,50,14,7,1,5,4,5,13,4,4,1,4,4,2,12,1,26,2,7,5,1,7,10,1,10,1,12,,100,,1,21,,121.5649707,25.08246961
112,8,29,9,36,2,07信義區,信義區嘉興街與嘉興街181巷口口,0,0,1,2,C03,8,6,5,30,3,1,1,5,4,5,13,2,1,9,4,5,2,16,1,58,2,9,5,4,7,9,6,10,1,14,,108,,1,21,,121.5565159,25.0263863
112,8,29,9,36,2,07信義區,信義區嘉興街與嘉興街181巷口口,0,0,1,1,B03,8,6,5,30,3,1,1,5,4,5,13,2,1,9,4,5,2,16,1,60,3,10,3,4,7,5,1,8,1,5,,74,,1,21,,121.5565159,25.0263863
112,8,29,9,37,2,12內湖區,內湖區金湖路200號,0,0,1,2,H01,8,6,5,50,14,7,1,5,4,5,13,4,4,1,5,4,1,3,2,18,2,8,4,5,8,16,8,20,10,16,,67,,1,21,,121.6003122,25.07769531
112,8,29,9,37,2,12內湖區,內湖區金湖路200號,0,0,1,1,B02,8,6,5,50,14,7,1,5,4,5,13,4,4,1,5,4,1,3,1,20,3,10,7,1,7,9,1,8,2,8,,70,,1,21,,121.6003122,25.07769531
112,8,29,9,40,2,02萬華區,萬華區光復橋往北市,0,0,2,1,C03,8,6,5,50,8,9,1,5,4,5,13,4,4,1,1,5,1,17,2,65,2,9,3,4,7,9,1,10,1,11,,44,,1,22,,121.488643,25.0235019
112,8,29,9,40,2,02萬華區,萬華區光復橋往北市,0,0,2,2,C03,8,6,5,50,8,9,1,5,4,5,13,4,4,1,1,5,1,17,2,35,2,9,3,4,7,21,1,10,1,15,,44,,1,22,,121.488643,25.0235019
112,8,29,10,35,2,03中山區,中山區民族東路63號與民族東路口無名巷,0,0,1,1,C03,8,7,5,30,3,1,1,5,4,5,13,4,4,1,4,4,2,16,1,45,3,10,6,4,7,5,1,10,1,14,,73,,1,21,,121.5352508,25.06826261
112,8,29,10,35,2,03中山區,中山區民族東路63號與民族東路口無名巷,0,0,1,2,C03,8,7,5,30,3,1,1,5,4,5,13,4,4,1,4,4,2,16,1,25,2,9,6,4,7,9,1,10,1,11,,13,,1,21,,121.5352508,25.06826261
112,8,29,11,30,2,04大安區,大安區忠孝東路4段與仁愛路4段27巷口,0,0,2,3,H02,8,7,5,50,3,1,1,5,4,3,13,4,4,10,4,5,1,16,2,22,2,9,6,5,7,20,8,20,10,16,,67,,1,21,,121.5451667,25.0414872
112,8,29,11,30,2,04大安區,大安區忠孝東路4段與仁愛路4段27巷口,0,0,2,2,C03,8,7,5,50,3,1,1,5,4,3,13,4,4,10,4,5,1,16,2,20,2,9,6,4,7,9,1,10,2,14,,44,,1,21,,121.5451667,25.0414872
112,8,29,11,30,2,04大安區,大安區忠孝東路4段與仁愛路4段27巷口,0,0,2,1,B01,8,7,5,50,3,1,1,5,4,3,13,4,4,10,4,5,1,16,2,63,3,10,3,4,7,6,6,4,2,2,,9,,1,21,,121.5451667,25.0414872
112,8,29,11,50,2,04大安區,大安區羅斯福路4段與基隆路4段口,0,0,2,1,C03,8,6,5,50,4,2,1,5,4,5,13,2,1,1,4,5,1,12,1,26,2,8,3,4,7,8,1,10,1,12,,101,,1,21,,121.5371932,25.0114716
112,8,29,11,50,2,04大安區,大安區羅斯福路4段與基隆路4段口,0,0,2,2,C03,8,6,5,50,4,2,1,5,4,5,13,2,1,1,4,5,1,12,2,63,2,9,3,4,7,9,1,10,1,14,,44,,1,21,,121.5371932,25.0114716
112,8,29,11,57,2,01大同區,大同區南京西路85號,0,0,1,2,C03,8,6,5,50,14,9,1,5,4,5,13,4,4,1,4,5,2,17,1,47,2,9,6,1,7,9,1,10,2,11,,44,,1,21,,121.5183393,25.05315636
112,8,29,11,57,2,01大同區,大同區南京西路85號,0,0,1,1,B03,8,6,5,50,14,9,1,5,4,5,13,4,4,1,4,5,2,17,1,76,3,10,7,1,7,7,1,8,2,7,,100,,1,21,,121.5183393,25.05315636