發生年度,發生月,發生日,發生時-Hours,發生分,處理別-編號,區序,肇事地點,死亡人數,2-30日死亡人數,受傷人數,當事人序號,車種,天候,光線,道路類別,速限-速度限制,道路型態,事故位置,路面狀況1,路面狀況2,路面狀況3,道路障礙1,道路障礙2,號誌1,號誌2,車道劃分-分向,車道劃分-分道1,車道劃分-分道2,車道劃分-分道3,事故類型及型態,性別,年齡,受傷程度,主要傷處,保護裝置,行動電話,車輛用途,當事者行動狀態,駕駛資格情形,駕駛執照種類,飲酒情形,車輛撞擊部位1,車輛撞擊部位2,肇因碼-個別,肇因碼-主要,個人肇逃否,職業,旅次目的,座標-X,座標-Y
112,8,30,3,1,2,01大同區,大同區市民大道1段與市民大道1段口Y1旁無名巷,0,0,1,2,C03,7,5,5,30,4,2,1,5,4,5,13,4,4,1,4,5,2,16,1,23,2,9,3,4,7,9,1,10,1,11,,44,,1,21,,121.5189037,25.04865262
112,8,30,4,16,2,08士林區,士林區通河西街2段社子堤外便道,0,0,1,2,,7,5,5,40,14,9,1,4,4,5,13,4,4,4,5,5,2,18,3,0,,,,,,,,,,,,67,,1,,,121.5087972,25.0932578
112,8,30,4,16,2,08士林區,士林區通河西街2段社子堤外便道,0,0,1,1,C03,7,5,5,40,14,9,1,4,4,5,13,4,4,4,5,5,2,18,1,40,2,1,5,1,7,9,1,10,1,12,,118,,1,21,,121.5087972,25.0932578
112,8,30,4,40,2,02萬華區,萬華區堤外便道往南過光復橋,0,0,2,1,C03,8,5,5,40,14,9,1,5,4,5,13,4,4,9,5,5,2,12,1,23,2,9,6,1,7,9,1,10,1,12,,108,,1,22,,121.4881965,25.030935
112,8,30,4,40,2,02萬華區,萬華區堤外便道往南過光復橋,0,0,2,2,F01,8,5,5,40,14,9,1,5,4,5,13,4,4,9,5,5,2,12,1,50,2,9,3,1,7,5,8,20,1,14,,8,,1,22,,121.4881965,25.030935
112,8,30,6,20,2,05中正區,中正區中華路2段與寧波西街口,0,0,1,2,C03,8,7,5,50,4,1,1,5,4,5,13,1,1,5,4,4,2,16,1,16,2,9,3,4,7,9,2,18,2,11,,44,,1,21,,121.5104687,25.0247028
112,8,30,6,20,2,05中正區,中正區中華路2段與寧波西街口,0,0,1,1,B03,8,7,5,50,4,1,1,5,4,5,13,1,1,5,4,4,2,16,2,52,3,10,3,4,7,6,1,8,2,8,,44,,1,21,,121.5104687,25.0247028
112,8,30,6,30,2,03中山區,中山區龍江路412巷與五常街53巷口,0,0,2,1,C03,8,5,5,30,4,1,1,5,4,5,13,4,4,8,5,5,1,15,2,35,2,7,6,4,7,15,1,10,1,11,,72,,1,21,,121.5396737,25.0675836
112,8,30,6,30,2,03中山區,中山區龍江路412巷與五常街53巷口,0,0,2,2,C03,8,5,5,30,4,1,1,5,4,5,13,4,4,8,5,5,1,15,1,50,2,9,6,4,7,9,1,10,1,11,,44,,1,21,,121.5396737,25.0675836
112,8,30,6,33,2,08士林區,士林區百齡橋與承德路5段口,0,0,1,2,C03,8,7,5,50,3,2,1,5,4,5,13,4,4,3,4,4,1,12,1,75,2,9,3,4,7,9,1,10,1,12,,44,,1,22,,121.5152422,25.0903852
112,8,30,6,33,2,08士林區,士林區百齡橋與承德路5段口,0,0,1,1,B03,8,7,5,50,3,2,1,5,4,5,13,4,4,3,4,4,1,12,1,59,3,10,3,4,7,8,1,8,2,4,,100,,1,22,,121.5152422,25.0903852
112,8,30,6,50,2,02萬華區,萬華區富民路87號,0,0,1,2,C03,8,7,5,50,14,9,1,5,4,5,13,4,4,10,4,5,2,12,2,71,2,9,6,1,7,15,1,10,1,12,,44,,1,21,,121.4987507,25.01862208
112,8,30,6,50,2,02萬華區,萬華區富民路87號,0,0,1,1,B02,8,7,5,50,14,9,1,5,4,5,13,4,4,10,4,5,2,12,1,28,3,10,2,1,7,9,1,8,1,4,,108,,1,21,,121.4987507,25.01862208
112,8,30,7,13,2,01大同區,大同區民權西路272號,0,0,2,2,C03,7,6,5,0,14,9,1,5,4,5,13,4,4,8,3,5,1,13,2,29,2,7,3,4,7,9,1,10,1,11,,118,,1,21,,121.512228,25.06288981
112,8,30,7,13,2,01大同區,大同區民權西路272號,0,0,2,3,C03,7,6,5,0,14,9,1,5,4,5,13,4,4,8,3,5,1,13,2,46,2,9,3,4,7,9,1,10,1,13,,118,,1,21,,121.512228,25.06288981
112,8,30,7,13,2,01大同區,大同區民權西路272號,0,0,2,1,B03,7,6,5,0,14,9,1,5,4,5,13,4,4,8,3,5,1,13,1,44,4,11,3,4,7,21,7,19,11,15,,119,,2,,,121.512228,25.06288981
112,8,30,7,18,2,02萬華區,萬華區堤外便道燈桿雙園033,0,0,2,2,H01,8,5,5,40,14,9,1,5,4,5,13,4,4,9,5,5,1,3,1,71,2,9,4,5,8,16,8,20,10,16,,53,,1,22,,121.4944107,25.03819492
112,8,30,7,18,2,02萬華區,萬華區堤外便道燈桿雙園033,0,0,2,1,C03,8,5,5,40,14,9,1,5,4,5,13,4,4,9,5,5,1,3,1,28,2,9,3,4,7,9,1,10,1,11,,108,,1,22,,121.4944107,25.03819492
112,8,30,7,20,2,12內湖區,內湖區新明路377號,0,0,1,2,C03,8,6,5,50,3,1,1,5,4,5,13,4,4,5,5,5,2,16,1,78,2,9,6,1,7,5,1,10,1,12,,72,,1,21,,121.5818976,25.05538419
112,8,30,7,20,2,12內湖區,內湖區新明路377號,0,0,1,1,B03,8,6,5,50,3,1,1,5,4,5,13,4,4,5,5,5,2,16,2,45,3,10,7,1,7,9,1,8,1,8,,108,,1,21,,121.5818976,25.05538419
112,8,30,7,32,2,08士林區,士林區延平北路6段與社正路口,0,0,1,2,H01,8,6,5,50,5,2,1,5,4,5,13,4,4,5,4,5,1,3,2,27,2,5,4,5,8,16,8,20,10,16,,121,,1,21,,121.5088581,25.08803106
112,8,30,7,32,2,08士林區,士林區延平北路6段與社正路口,0,0,1,1,B03,8,6,5,50,5,2,1,5,4,5,13,4,4,5,4,5,1,3,2,72,4,11,3,4,7,5,7,19,11,15,,70,,2,22,,121.5088581,25.08803106
112,8,30,7,37,2,03中山區,中山區中山北路2段與民權東路1段口,0,0,1,1,C03,8,7,5,50,4,1,1,5,4,5,13,1,1,1,4,5,2,13,1,39,2,9,5,1,7,9,1,9,2,11,,16,,1,22,,121.5223159,25.0627172
112,8,30,7,37,2,03中山區,中山區中山北路2段與民權東路1段口,0,0,1,2,B03,8,7,5,50,4,1,1,5,4,5,13,1,1,1,4,5,2,13,1,40,3,10,7,1,7,12,1,2,2,3,,44,,1,22,,121.5223159,25.0627172
112,8,30,7,38,2,04大安區,大安區羅斯福路3段與辛亥路1段口,0,0,1,1,B03,8,6,5,50,4,2,1,5,4,5,13,2,1,1,4,5,2,16,1,67,3,10,3,4,7,7,1,8,1,5,,100,,1,22,,121.5294202,25.0197071
112,8,30,7,38,2,04大安區,大安區羅斯福路3段與辛亥路1段口,0,0,1,2,C03,8,6,5,50,4,2,1,5,4,5,13,2,1,1,4,5,2,16,1,62,2,9,5,4,7,9,1,10,1,14,,13,,1,22,,121.5294202,25.0197071
112,8,30,7,56,2,02萬華區,萬華區堤外便道往北,0,0,1,1,C03,8,6,7,40,14,11,1,5,4,5,13,4,4,2,4,5,1,17,1,44,2,8,3,4,7,9,1,10,1,11,,16,,1,22,,121.503237,25.04673017
112,8,30,7,56,2,02萬華區,萬華區堤外便道往北,0,0,1,2,C03,8,6,7,40,14,11,1,5,4,5,13,4,4,2,4,5,1,17,1,62,3,10,3,4,7,9,1,10,1,13,,44,,1,22,,121.503237,25.04673017
112,8,30,8,6,2,02萬華區,萬華區堤外便道(桂林往市民),0,0,1,2,C03,8,7,5,40,14,9,1,5,4,5,13,4,4,3,4,5,2,13,2,46,2,9,5,1,7,9,1,10,1,13,,44,,1,21,,121.5025307,25.0460575
112,8,30,8,6,2,02萬華區,萬華區堤外便道(桂林往市民),0,0,1,1,C03,8,7,5,40,14,9,1,5,4,5,13,4,4,3,4,5,2,13,1,41,3,10,5,1,7,9,1,10,1,11,,16,,1,21,,121.5025307,25.0460575
112,8,30,8,10,2,11南港區,南港區重陽路與惠民街口,0,0,1,1,B03,8,7,5,50,3,1,1,5,4,5,13,2,1,5,4,4,2,16,1,49,3,10,7,1,7,5,1,8,2,1,,74,,1,21,,121.6097898,25.0590637
112,8,30,8,10,2,11南港區,南港區重陽路與惠民街口,0,0,1,2,C03,8,7,5,50,3,1,1,5,4,5,13,2,1,5,4,4,2,16,2,26,2,8,5,1,7,9,1,10,2,14,,44,,1,21,,121.6097898,25.0590637
112,8,30,8,15,2,08士林區,士林區故宮路往南,0,0,2,1,B03,8,7,5,50,14,9,1,5,4,5,13,4,4,1,4,5,1,12,1,63,4,11,3,4,7,21,7,19,11,2,,17,,2,22,,121.5484195,25.0953679
112,8,30,8,15,2,08士林區,士林區故宮路往南,0,0,2,2,C03,8,7,5,50,14,9,1,5,4,5,13,4,4,1,4,5,1,12,2,69,2,9,3,4,7,9,3,18,1,14,,44,,1,22,,121.5484195,25.0953679
112,8,30,8,15,2,08士林區,士林區故宮路往南,0,0,2,3,C03,8,7,5,50,14,9,1,5,4,5,13,4,4,1,4,5,1,12,1,46,3,10,3,4,7,9,1,10,1,13,,44,,1,22,,121.5484195,25.0953679
112,8,30,8,15,2,08士林區,士林區故宮路往南,0,0,2,4,C03,8,7,5,50,14,9,1,5,4,5,13,4,4,1,4,5,1,12,1,42,2,7,3,4,7,9,1,10,1,11,,16,,1,22,,121.5484195,25.0953679
112,8,30,8,15,2,08士林區,士林區故宮路往南,0,0,2,5,C03,8,7,5,50,14,9,1,5,4,5,13,4,4,1,4,5,1,12,1,42,3,10,3,4,7,9,1,10,1,11,,16,,1,22,,121.5484195,25.0953679
112,8,30,8,16,2,02萬華區,萬華區武昌街2段與漢中街口,0,0,2,1,C03,8,5,5,30,4,1,4,5,4,5,13,4,4,7,5,5,1,15,1,40,2,8,3,4,7,9,1,10,1,11,,13,,1,22,,121.5075175,25.044595
112,8,30,8,16,2,02萬華區,萬華區武昌街2段與漢中街口,0,0,2,2,C03,8,5,5,30,4,1,4,5,4,5,13,4,4,7,5,5,1,15,1,28,2,8,3,4,7,9,1,10,1,12,,75,,1,22,,121.5075175,25.044595
112,8,30,8,30,2,04大安區,大安區羅斯福路3段與羅斯福路3段17巷口,0,0,1,1,F01,6,5,5,0,3,2,1,4,4,5,13,4,4,1,4,5,2,17,1,58,2,1,4,1,7,1,8,20,1,11,,19,,1,21,,121.525058,25.0239232
112,8,30,8,30,2,04大安區,大安區羅斯福路3段與羅斯福路3段17巷口,0,0,1,2,C03,6,5,5,0,3,2,1,4,4,5,13,4,4,1,4,5,2,17,1,66,3,10,6,1,7,9,1,10,1,11,,44,,1,21,,121.525058,25.0239232
112,8,30,8,39,2,04大安區,大安區金山南路2段67號,0,0,2,1,C03,8,5,5,50,14,9,1,5,4,5,13,4,4,8,3,4,1,16,1,40,3,10,6,1,7,9,1,10,1,13,,17,,1,21,,121.5269827,25.0320191
112,8,30,8,39,2,04大安區,大安區金山南路2段67號,0,0,2,4,C03,8,5,5,50,14,9,1,5,4,5,13,4,4,8,3,4,1,16,2,29,2,9,6,1,7,9,1,10,1,14,,44,,1,21,,121.5269827,25.0320191
112,8,30,8,39,2,04大安區,大安區金山南路2段67號,0,0,2,2,C03,8,5,5,50,14,9,1,5,4,5,13,4,4,8,3,4,1,16,2,46,3,10,6,1,7,9,1,10,1,12,,44,,1,21,,121.5269827,25.0320191
112,8,30,8,39,2,04大安區,大安區金山南路2段67號,0,0,2,3,C04,8,5,5,50,14,9,1,5,4,5,13,4,4,8,3,4,1,16,2,32,2,9,6,1,7,9,1,10,1,12,,44,,1,21,,121.5269827,25.0320191
112,8,30,8,40,2,07信義區,信義區基隆路2段與信義路5段口,0,0,1,1,,8,7,5,50,4,2,1,5,4,5,13,2,1,3,4,5,2,17,4,0,,,,,,,,,,,,119,,2,,,121.5594896,25.0328053
112,8,30,8,40,2,07信義區,信義區基隆路2段與信義路5段口,0,0,1,2,C03,8,7,5,50,4,2,1,5,4,5,13,2,1,3,4,5,2,17,2,27,2,8,6,1,7,1,1,10,1,14,,44,,1,21,,121.5594896,25.0328053
112,8,30,8,47,2,03中山區,中山區北安路向西大直國小旁,0,0,1,3,B03,8,7,5,50,14,9,1,5,4,5,13,4,4,1,4,5,2,17,2,32,3,10,7,1,7,9,1,8,1,2,,44,,1,22,,121.546187,25.079886
112,8,30,8,47,2,03中山區,中山區北安路向西大直國小旁,0,0,1,4,B03,8,7,5,50,14,9,1,5,4,5,13,4,4,1,4,5,2,17,2,48,3,10,7,1,7,14,1,8,1,3,,44,,1,22,,121.546187,25.079886
112,8,30,8,47,2,03中山區,中山區北安路向西大直國小旁,0,0,1,2,B03,8,7,5,50,14,9,1,5,4,5,13,4,4,1,4,5,2,17,1,42,3,10,7,1,7,14,1,8,1,6,,44,,1,22,,121.546187,25.079886
112,8,30,8,47,2,03中山區,中山區北安路向西大直國小旁,0,0,1,1,C03,8,7,5,50,14,9,1,5,4,5,13,4,4,1,4,5,2,17,2,50,2,8,5,1,7,7,3,18,1,14,,108,,1,22,,121.546187,25.079886
112,8,30,8,52,2,03中山區,中山區北安路139號往東、忠烈祠圓環前,0,0,1,2,C03,8,5,5,30,18,9,1,5,4,5,13,4,4,1,3,5,1,12,1,45,2,9,5,4,7,9,1,10,3,12,,44,,1,21,,121.5331766,25.07790982
112,8,30,8,52,2,03中山區,中山區北安路139號往東、忠烈祠圓環前,0,0,1,1,C02,8,5,5,30,18,9,1,5,4,5,13,4,4,1,3,5,1,12,1,41,3,10,6,4,7,10,1,9,2,14,,100,,1,21,,121.5331766,25.07790982
112,8,30,8,53,2,04大安區,大安區大安路1段與敦化南路1段236巷口,0,0,1,1,B03,8,7,5,30,4,1,1,5,4,5,13,4,4,10,3,5,2,15,1,31,3,10,7,1,7,9,1,8,1,7,,72,,1,21,,121.5460829,25.0405846
112,8,30,8,53,2,04大安區,大安區大安路1段與敦化南路1段236巷口,0,0,1,2,C03,8,7,5,30,4,1,1,5,4,5,13,4,4,10,3,5,2,15,1,22,2,9,5,1,7,9,1,10,1,11,,108,,1,21,,121.5460829,25.0405846
112,8,30,8,57,2,03中山區,中山區樂群一路與基湖路口,0,0,1,2,B03,8,7,5,50,3,1,1,5,4,5,13,2,1,7,3,5,2,17,1,43,3,10,7,1,7,5,1,8,1,5,,44,,1,21,,121.5631366,25.0761184
112,8,30,8,57,2,03中山區,中山區樂群一路與基湖路口,0,0,1,1,C03,8,7,5,50,3,1,1,5,4,5,13,2,1,7,3,5,2,17,2,50,2,9,6,1,7,5,1,10,1,14,,8,,1,21,,121.5631366,25.0761184
112,8,30,8,58,2,04大安區,大安區羅斯福路4段與基隆路4段口,0,0,1,2,C03,8,6,5,50,5,1,1,5,4,5,13,2,1,1,4,5,2,12,1,27,2,7,5,4,7,9,1,10,1,12,,44,,1,22,,121.5373289,25.0107407
112,8,30,8,58,2,04大安區,大安區羅斯福路4段與基隆路4段口,0,0,1,1,C03,8,6,5,50,5,1,1,5,4,5,13,2,1,1,4,5,2,12,1,70,3,10,5,4,7,8,1,10,1,14,,100,,1,22,,121.5373289,25.0107407
112,8,30,9,0,2,02萬華區,萬華區康定路與廣州街口,0,0,2,2,C03,8,7,5,50,4,1,1,5,4,5,13,1,1,5,5,5,1,10,1,21,2,9,5,4,7,9,1,10,1,11,,44,,1,22,,121.501482,25.0366245
112,8,30,9,0,2,02萬華區,萬華區康定路與廣州街口,0,0,2,1,G06,8,7,5,50,4,1,1,5,4,5,13,1,1,5,5,5,1,10,1,79,2,5,5,4,7,5,8,20,1,11,,74,,1,22,,121.501482,25.0366245
112,8,30,9,0,2,12內湖區,內湖區行善路111巷12號,0,0,2,2,C03,8,6,5,50,3,1,1,5,4,5,13,4,4,5,5,5,2,16,1,66,2,9,6,1,7,9,1,10,1,11,,44,,1,21,,121.5798637,25.05788238
112,8,30,9,0,2,12內湖區,內湖區行善路111巷12號,0,0,2,1,C03,8,6,5,50,3,1,1,5,4,5,13,4,4,5,5,5,2,16,1,29,2,9,6,1,7,5,1,10,1,14,,8,,1,21,,121.5798637,25.05788238
112,8,30,9,5,2,07信義區,信義區福德街與大道路口口,0,0,2,2,C03,8,7,5,30,4,1,1,5,4,5,13,2,1,3,4,5,2,13,1,32,2,8,6,1,7,14,1,10,1,13,,44,,1,21,,121.583838,25.0381071
112,8,30,9,5,2,07信義區,信義區福德街與大道路口口,0,0,2,3,H02,8,7,5,30,4,1,1,5,4,5,13,2,1,3,4,5,2,13,2,31,2,6,6,5,7,20,8,20,10,16,,67,,1,21,,121.583838,25.0381071
112,8,30,9,5,2,07信義區,信義區福德街與大道路口口,0,0,2,1,B01,8,7,5,30,4,1,1,5,4,5,13,2,1,3,4,5,2,13,1,22,3,10,7,1,7,9,1,4,1,5,,108,,1,21,,121.583838,25.0381071
112,8,30,9,9,2,07信義區,信義區基隆路2段99號,0,0,1,2,C03,8,5,5,50,14,9,1,5,4,5,13,1,1,1,4,5,2,12,2,30,2,7,5,1,7,9,1,10,1,14,,17,,1,21,,121.5576342,25.02972151
112,8,30,9,9,2,07信義區,信義區基隆路2段99號,0,0,1,1,B03,8,5,5,50,14,9,1,5,4,5,13,1,1,1,4,5,2,12,2,30,3,10,7,1,7,9,1,8,1,2,,17,,1,21,,121.5576342,25.02972151
112,8,30,9,23,2,10文山區,文山區景仁街與羅斯福路6段142巷口,0,0,1,2,C03,8,6,5,30,4,1,1,5,4,5,13,4,4,10,5,5,2,15,2,41,2,9,6,1,7,9,1,10,2,14,,14,,1,21,,121.5403915,24.9963639
112,8,30,9,23,2,10文山區,文山區景仁街與羅斯福路6段142巷口,0,0,1,1,B03,8,6,5,30,4,1,1,5,4,5,13,4,4,10,5,5,2,15,1,72,3,10,7,1,7,9,1,8,2,1,,72,,1,21,,121.5403915,24.9963639
112,8,30,9,36,2,06松山區,松山區民權東路3段102號,0,0,1,1,B03,8,6,5,50,14,9,1,5,4,5,13,4,4,1,4,5,2,12,1,31,3,10,7,1,7,14,1,8,9,4,,40,,1,22,,121.5443545,25.06206711
112,8,30,9,36,2,06松山區,松山區民權東路3段102號,0,0,1,2,F01,8,6,5,50,14,9,1,5,4,5,13,4,4,1,4,5,2,12,2,36,2,9,4,1,7,9,8,20,9,15,,44,,1,22,,121.5443545,25.06206711
112,8,30,9,42,2,06松山區,松山區復興北路99號,0,0,1,1,B03,8,5,5,50,14,9,1,5,4,5,13,4,4,1,3,5,2,12,1,54,3,10,7,1,7,8,1,8,1,4,,100,,1,22,,121.5441349,25.0521129
112,8,30,9,42,2,06松山區,松山區復興北路99號,0,0,1,2,C03,8,5,5,50,14,9,1,5,4,5,13,4,4,1,3,5,2,12,1,73,2,8,6,1,7,9,1,10,1,12,,16,,1,22,,121.5441349,25.0521129
112,8,30,9,43,2,09北投區,北投區承德路7段與承德路7段393巷口口,0,0,1,2,C03,8,5,5,60,4,1,1,5,4,5,13,1,1,1,4,4,2,16,2,19,2,9,6,1,7,9,1,10,1,11,,44,,1,22,,121.5014286,25.1194442
112,8,30,9,43,2,09北投區,北投區承德路7段與承德路7段393巷口口,0,0,1,1,B03,8,5,5,60,4,1,1,5,4,5,13,1,1,1,4,4,2,16,1,30,3,10,7,1,7,5,1,8,1,7,,74,,1,22,,121.5014286,25.1194442
112,8,30,9,45,2,03中山區,中山區市民大道2段與中山北路1段口7號停車場出口,0,0,1,2,C03,8,7,5,0,3,1,1,5,4,5,13,4,4,1,4,5,2,16,1,26,2,9,6,1,7,9,1,10,1,12,,44,,1,21,,121.5210912,25.04817926
112,8,30,9,45,2,03中山區,中山區市民大道2段與中山北路1段口7號停車場出口,0,0,1,1,B02,8,7,5,0,3,1,1,5,4,5,13,4,4,1,4,5,2,16,1,26,3,10,7,1,7,1,1,8,1,8,,19,,1,21,,121.5210912,25.04817926
112,8,30,9,45,2,09北投區,北投區天母西路與天母西路117巷口,0,0,1,1,C03,8,6,5,30,3,2,1,5,4,5,13,1,1,10,4,5,1,12,2,32,2,9,5,1,7,4,1,10,1,14,,1,,1,21,,121.5232274,25.11905951
112,8,30,9,45,2,09北投區,北投區天母西路與天母西路117巷口,0,0,1,2,B03,8,6,5,30,3,2,1,5,4,5,13,1,1,10,4,5,1,12,1,62,3,10,7,1,7,7,1,8,1,5,,100,,1,21,,121.5232274,25.11905951
112,8,30,9,56,2,02萬華區,萬華區艋舺大道與艋舺大道390巷口,0,0,1,1,B03,8,7,5,50,3,2,1,5,4,5,13,4,4,3,5,5,1,12,1,53,3,10,7,4,7,10,1,8,9,15,,100,,1,22,,121.4939157,25.0308358
112,8,30,9,56,2,02萬華區,萬華區艋舺大道與艋舺大道390巷口,0,0,1,2,C03,8,7,5,50,3,2,1,5,4,5,13,4,4,3,5,5,1,12,1,18,2,9,5,4,7,9,1,10,9,14,,13,,1,22,,121.4939157,25.0308358
112,8,30,10,0,2,02萬華區,萬華區西園路1段與桂林路口,0,0,2,1,C03,8,7,5,50,4,2,1,5,4,5,13,2,1,5,4,4,2,9,1,54,2,9,6,1,7,15,1,10,1,11,,102,,1,21,,121.4998436,25.03857452
112,8,30,10,0,2,02萬華區,萬華區西園路1段與桂林路口,0,0,2,2,H01,8,7,5,50,4,2,1,5,4,5,13,2,1,5,4,4,2,9,1,64,2,9,4,5,8,17,8,20,10,16,,67,,1,21,,121.4998436,25.03857452
112,8,30,10,1,2,04大安區,大安區仁愛路4段與敦化南路1段口,0,0,2,1,B03,8,6,5,50,4,1,1,5,4,5,13,2,1,1,4,5,1,12,2,56,3,10,3,4,7,7,1,8,1,2,,9,,1,21,,121.5491768,25.0374683
112,8,30,10,1,2,04大安區,大安區仁愛路4段與敦化南路1段口,0,0,2,2,C01,8,6,5,50,4,1,1,5,4,5,13,2,1,1,4,5,1,12,1,64,2,9,3,4,7,9,1,9,1,14,,108,,1,21,,121.5491768,25.0374683
112,8,30,10,1,2,04大安區,大安區仁愛路4段與敦化南路1段口,0,0,2,3,H02,8,6,5,50,4,1,1,5,4,5,13,2,1,1,4,5,1,12,2,67,2,9,3,5,7,20,8,20,10,16,,67,,1,21,,121.5491768,25.0374683
112,8,30,10,15,2,07信義區,信義區基隆路1段98號,0,0,2,1,B03,7,7,5,50,14,9,1,4,4,5,13,4,4,9,4,5,2,17,1,43,3,10,7,1,7,7,1,8,1,5,,100,,1,21,,121.5667304,25.0460803
112,8,30,10,15,2,07信義區,信義區基隆路1段98號,0,0,2,2,C03,7,7,5,50,14,9,1,4,4,5,13,4,4,9,4,5,2,17,1,71,2,9,5,1,7,9,1,10,1,14,,44,,1,21,,121.5667304,25.0460803
112,8,30,10,15,2,07信義區,信義區基隆路1段98號,0,0,2,3,H02,7,7,5,50,14,9,1,4,4,5,13,4,4,9,4,5,2,17,2,70,2,9,7,5,7,20,8,20,10,16,,67,,1,21,,121.5667304,25.0460803
112,8,30,10,25,2,05中正區,中正區市民大道1段168號,0,0,4,1,C04,8,6,5,40,14,6,1,5,4,5,13,4,4,1,2,5,2,11,2,61,3,10,6,1,7,9,1,11,2,11,,16,,1,22,,121.519153,25.04822468
112,8,30,10,25,2,05中正區,中正區市民大道1段168號,0,0,4,2,C03,8,6,5,40,14,6,1,5,4,5,13,4,4,1,2,5,2,11,2,53,3,10,6,1,7,9,3,18,2,12,,16,,1,22,,121.519153,25.04822468
112,8,30,10,25,2,05中正區,中正區市民大道1段168號,0,0,4,3,C03,8,6,5,40,14,6,1,5,4,5,13,4,4,1,2,5,2,11,2,21,2,9,6,1,7,9,3,18,2,14,,44,,1,22,,121.519153,25.04822468
112,8,30,10,25,2,05中正區,中正區市民大道1段168號,0,0,4,4,C03,8,6,5,40,14,6,1,5,4,5,13,4,4,1,2,5,2,11,2,30,2,9,6,1,7,9,1,10,2,12,,17,,1,22,,121.519153,25.04822468
112,8,30,10,25,2,05中正區,中正區市民大道1段168號,0,0,4,5,H02,8,6,5,40,14,6,1,5,4,5,13,4,4,1,2,5,2,11,2,19,2,9,6,5,7,20,8,20,10,16,,67,,1,22,,121.519153,25.04822468
112,8,30,10,25,2,05中正區,中正區市民大道1段168號,0,0,4,6,H02,8,6,5,40,14,6,1,5,4,5,13,4,4,1,2,5,2,11,2,84,2,9,6,5,7,20,8,20,10,16,,67,,1,22,,121.519153,25.04822468
112,8,30,10,54,2,03中山區,中山區民權東路2段136號,0,0,1,2,,6,7,5,50,14,9,1,4,4,5,13,1,1,1,4,5,2,18,3,0,,,,,,,,,,,,67,,1,,,121.5329594,25.0624341
112,8,30,10,54,2,03中山區,中山區民權東路2段136號,0,0,1,1,C03,6,7,5,50,14,9,1,4,4,5,13,1,1,1,4,5,2,18,2,23,2,9,5,1,7,15,1,10,9,14,,13,,1,22,,121.5329594,25.0624341
112,8,30,11,11,2,04大安區,大安區基隆路3段與長興街口,0,0,1,1,C03,8,6,5,50,14,9,1,5,4,5,13,4,4,1,4,5,2,17,1,38,2,9,6,1,7,8,1,10,1,14,,100,,1,21,,121.5440512,25.0168778
112,8,30,11,11,2,04大安區,大安區基隆路3段與長興街口,0,0,1,2,B12,8,6,5,50,14,9,1,5,4,5,13,4,4,1,4,5,2,17,1,36,3,10,2,1,7,9,1,8,1,2,,44,,1,21,,121.5440512,25.0168778
112,8,30,11,16,2,12內湖區,內湖區環山路3段與港墘路口,0,0,1,1,C04,6,6,5,40,4,1,1,4,4,5,13,2,1,1,4,4,2,17,1,26,3,10,6,1,7,9,1,10,9,17,,4,,1,21,,121.578241,25.08402448
112,8,30,11,16,2,12內湖區,內湖區環山路3段與港墘路口,0,0,1,2,C03,6,6,5,40,4,1,1,4,4,5,13,2,1,1,4,4,2,17,1,36,2,7,5,1,7,5,1,10,9,17,,44,,1,21,,121.578241,25.08402448
112,8,30,11,20,2,05中正區,中正區北平東路7-2號,0,0,1,1,F01,8,6,5,0,14,20,4,5,4,5,13,4,4,10,5,5,2,18,1,61,2,3,2,5,7,9,8,20,11,12,,44,,1,22,,121.5224876,25.0468288
112,8,30,11,20,2,05中正區,中正區北平東路7-2號,0,0,1,2,C03,8,6,5,0,14,20,4,5,4,5,13,4,4,10,5,5,2,18,3,39,,,,,,,,,11,,,67,,1,,,121.5224876,25.0468288
112,8,30,11,35,2,03中山區,中山區建國北路2段65號,0,0,2,3,H02,8,7,5,50,14,9,1,5,4,5,13,2,1,9,4,5,2,17,1,2,2,9,4,5,7,20,8,20,10,16,,67,,1,21,,121.5371408,25.05614294
112,8,30,11,35,2,03中山區,中山區建國北路2段65號,0,0,2,2,C03,8,7,5,50,14,9,1,5,4,5,13,2,1,9,4,5,2,17,2,36,2,9,6,1,7,9,1,10,1,15,,42,,1,21,,121.5371408,25.05614294
112,8,30,11,35,2,03中山區,中山區建國北路2段65號,0,0,2,1,B03,8,7,5,50,14,9,1,5,4,5,13,2,1,9,4,5,2,17,1,72,3,10,7,1,7,2,1,8,1,15,,12,,1,21,,121.5371408,25.05614294
112,8,30,11,51,2,03中山區,中山區復興北路60號,0,0,2,1,C03,7,6,5,50,14,9,1,5,4,5,13,2,1,1,4,5,2,13,1,42,2,9,6,1,7,9,1,10,2,11,,107,,1,21,,121.5438859,25.0503146
112,8,30,11,51,2,03中山區,中山區復興北路60號,0,0,2,2,C03,7,6,5,50,14,9,1,5,4,5,13,2,1,1,4,5,2,13,1,47,2,7,6,1,7,14,1,10,2,13,,44,,1,21,,121.5438859,25.0503146
112,8,30,11,51,2,03中山區,中山區復興北路60號,0,0,2,3,B03,7,6,5,50,14,9,1,5,4,5,13,2,1,1,4,5,2,13,1,43,3,10,7,1,7,14,1,8,2,7,,38,,1,21,,121.5438859,25.0503146