發生年度,發生月,發生日,發生時-Hours,發生分,處理別-編號,區序,肇事地點,死亡人數,2-30日死亡人數,受傷人數,當事人序號,車種,天候,光線,道路類別,速限-速度限制,道路型態,事故位置,路面狀況1,路面狀況2,路面狀況3,道路障礙1,道路障礙2,號誌1,號誌2,車道劃分-分向,車道劃分-分道1,車道劃分-分道2,車道劃分-分道3,事故類型及型態,性別,年齡,受傷程度,主要傷處,保護裝置,行動電話,車輛用途,當事者行動狀態,駕駛資格情形,駕駛執照種類,飲酒情形,車輛撞擊部位1,車輛撞擊部位2,肇因碼-個別,肇因碼-主要,個人肇逃否,職業,旅次目的,座標-X,座標-Y
112,8,30,12,50,2,01大同區,大同區延平北路2段與歸綏街口,0,0,1,2,C04,8,6,5,50,4,1,1,5,4,5,13,2,1,5,4,5,2,17,2,56,2,7,5,1,7,14,1,8,1,11,,118,,1,21,,121.5115038,25.0583047
112,8,30,12,50,2,01大同區,大同區延平北路2段與歸綏街口,0,0,1,1,B03,8,6,5,50,4,1,1,5,4,5,13,2,1,5,4,5,2,17,1,49,3,10,7,1,7,5,1,7,1,1,,118,,1,21,,121.5115038,25.0583047
112,8,30,13,0,2,04大安區,大安區青田街與青田街5巷口,0,0,1,2,B03,8,7,5,30,4,1,1,5,4,5,13,4,4,10,5,5,1,15,1,42,3,10,3,4,7,9,1,2,1,8,,108,,1,22,,121.531961,25.0285909
112,8,30,13,0,2,04大安區,大安區青田街與青田街5巷口,0,0,1,1,C03,8,7,5,30,4,1,1,5,4,5,13,4,4,10,5,5,1,15,2,36,2,8,3,4,7,9,1,10,1,12,,72,,1,22,,121.531961,25.0285909
112,8,30,13,18,2,02萬華區,萬華區萬大路與萬大路423巷口,0,0,1,1,B03,8,6,5,30,4,1,1,5,4,5,13,2,1,1,4,5,2,16,1,68,3,10,7,4,7,6,1,8,1,17,,9,,1,21,,121.4987465,25.0215581
112,8,30,13,18,2,02萬華區,萬華區萬大路與萬大路423巷口,0,0,1,2,C03,8,6,5,30,4,1,1,5,4,5,13,2,1,1,4,5,2,16,1,34,2,9,5,4,7,9,1,10,1,17,,42,,1,21,,121.4987465,25.0215581
112,8,30,13,40,2,03中山區,中山區中山北路2段與中山北路2段115巷口,0,0,1,2,C03,8,5,5,50,3,2,1,5,4,5,13,4,4,5,4,5,2,13,2,37,2,7,3,4,7,12,1,10,9,13,,44,,1,21,,121.5230984,25.06092077
112,8,30,13,40,2,03中山區,中山區中山北路2段與中山北路2段115巷口,0,0,1,1,C03,8,5,5,50,3,2,1,5,4,5,13,4,4,5,4,5,2,13,1,41,4,11,3,4,7,9,7,19,11,11,,44,,1,21,,121.5230984,25.06092077
112,8,30,14,30,2,01大同區,大同區通河西街1段附近側附近百齡河濱公園堤外便道,0,0,1,2,C03,8,6,5,25,3,1,1,5,4,5,13,4,4,8,3,5,2,17,1,22,2,9,6,1,7,9,1,10,1,11,,13,,1,21,,121.51686,25.07856907
112,8,30,14,30,2,01大同區,大同區通河西街1段附近側附近百齡河濱公園堤外便道,0,0,1,1,C03,8,6,5,25,3,1,1,5,4,5,13,4,4,8,3,5,2,17,1,28,3,10,6,1,7,5,1,10,1,17,,8,,1,21,,121.51686,25.07856907
112,8,30,14,42,2,07信義區,信義區松山路287巷與松山路287巷3弄口,0,0,1,2,B03,8,6,5,30,4,1,1,5,4,5,13,4,4,10,5,5,2,15,2,36,3,10,7,1,7,9,1,8,1,8,,44,,1,21,,121.5783957,25.0428976
112,8,30,14,42,2,07信義區,信義區松山路287巷與松山路287巷3弄口,0,0,1,1,C03,8,6,5,30,4,1,1,5,4,5,13,4,4,10,5,5,2,15,1,71,2,9,6,1,7,9,1,10,1,12,,75,,1,21,,121.5783957,25.0428976
112,8,30,15,5,2,01大同區,大同區長安西路與西寧北路口,0,0,1,1,B03,8,6,5,50,4,1,1,5,4,5,13,1,1,5,2,5,2,17,1,58,3,10,7,1,7,5,1,8,1,1,,74,,1,21,,121.5085824,25.0519904
112,8,30,15,5,2,01大同區,大同區長安西路與西寧北路口,0,0,1,2,C03,8,6,5,50,4,1,1,5,4,5,13,1,1,5,2,5,2,17,1,22,2,9,5,1,7,9,1,10,1,11,,44,,1,21,,121.5085824,25.0519904
112,8,30,15,8,2,09北投區,北投區立功街1207095燈桿,0,0,1,1,F01,8,6,5,30,14,9,1,5,4,5,13,4,4,10,5,5,2,12,1,22,2,9,4,1,7,11,8,20,1,11,,33,,1,21,,121.469041,25.12387323
112,8,30,15,8,2,09北投區,北投區立功街1207095燈桿,0,0,1,2,B12,8,6,5,30,14,9,1,5,4,5,13,4,4,10,5,5,2,12,1,61,3,10,7,1,7,9,1,8,1,5,,44,,1,21,,121.469041,25.12387323
112,8,30,15,25,2,03中山區,中山區建國北路2段9-1號,0,0,1,2,C03,8,7,5,50,14,9,1,5,4,5,13,4,4,1,4,5,2,12,1,49,2,4,6,1,7,9,1,10,1,11,,44,,1,22,,121.5368825,25.0530312
112,8,30,15,25,2,03中山區,中山區建國北路2段9-1號,0,0,1,1,B01,8,7,5,50,14,9,1,5,4,5,13,4,4,1,4,5,2,12,1,48,3,10,7,1,7,1,1,4,1,4,,19,,1,22,,121.5368825,25.0530312
112,8,30,15,27,2,04大安區,大安區基隆路2段144巷與基隆路2段口,0,0,1,2,C03,8,7,5,50,3,2,1,5,4,5,13,4,4,8,3,5,1,12,2,61,2,8,5,1,7,9,1,10,1,14,,44,,1,26,,121.5565351,25.0280414
112,8,30,15,27,2,04大安區,大安區基隆路2段144巷與基隆路2段口,0,0,1,1,B02,8,7,5,50,3,2,1,5,4,5,13,4,4,8,3,5,1,12,1,68,3,10,7,1,7,6,1,8,1,2,,9,,1,21,,121.5565351,25.0280414
112,8,30,15,30,2,08士林區,士林區延平北路7段176巷與延平北路7段口,0,0,1,2,B12,8,6,5,50,4,1,1,5,4,5,13,1,1,5,5,5,2,17,1,50,3,10,7,1,7,5,1,8,1,4,,118,,1,22,,121.4919965,25.0993686
112,8,30,15,30,2,08士林區,士林區延平北路7段176巷與延平北路7段口,0,0,1,1,C03,8,6,5,50,4,1,1,5,4,5,13,1,1,5,5,5,2,17,1,62,2,8,5,1,7,9,1,10,1,14,,118,,1,22,,121.4919965,25.0993686
112,8,30,15,48,2,12內湖區,內湖區文湖街11巷與文湖街口,0,0,2,2,C03,8,6,5,30,3,1,1,5,4,5,13,4,4,5,5,5,2,16,1,70,2,9,5,1,7,9,1,10,1,11,,13,,1,21,,121.5600675,25.08554126
112,8,30,15,48,2,12內湖區,內湖區文湖街11巷與文湖街口,0,0,2,1,B03,8,6,5,30,3,1,1,5,4,5,13,4,4,5,5,5,2,16,1,26,3,10,7,1,7,11,1,8,1,8,,10,,1,21,,121.5600675,25.08554126
112,8,30,15,48,2,12內湖區,內湖區文湖街11巷與文湖街口,0,0,2,3,H02,8,6,5,30,3,1,1,5,4,5,13,4,4,5,5,5,2,16,2,66,2,9,6,5,7,20,8,20,10,16,,67,,1,22,,121.5600675,25.08554126
112,8,30,15,53,2,10文山區,文山區溪口街與溪口街36巷口,0,0,1,1,B02,8,6,5,30,5,1,1,5,4,5,13,4,4,10,5,5,2,15,1,57,3,10,7,1,7,9,1,8,2,5,,72,,1,21,,121.5397738,24.9949554
112,8,30,15,53,2,10文山區,文山區溪口街與溪口街36巷口,0,0,1,2,C03,8,6,5,30,5,1,1,5,4,5,13,4,4,10,5,5,2,15,1,28,2,9,6,1,7,9,1,10,2,14,,44,,1,21,,121.5397738,24.9949554
112,8,30,15,55,2,07信義區,信義區忠孝東路5段1-6號,0,0,1,1,C03,9,7,5,50,14,9,1,5,4,5,13,4,4,1,5,5,2,12,2,21,2,9,5,1,7,8,1,10,1,13,,100,,1,21,,121.5651943,25.04122
112,8,30,15,55,2,07信義區,信義區忠孝東路5段1-6號,0,0,1,2,B01,9,7,5,50,14,9,1,5,4,5,13,4,4,1,5,5,2,12,1,55,3,10,7,1,7,9,1,4,1,5,,99,,1,21,,121.5651943,25.04122
112,8,30,16,20,2,03中山區,中山區長安東路2段50號,0,0,1,1,C03,8,6,5,50,14,9,1,5,4,5,13,2,1,5,4,5,2,13,1,19,2,8,3,4,7,9,3,18,1,11,,108,,1,25,,121.5326994,25.04845349
112,8,30,16,20,2,03中山區,中山區長安東路2段50號,0,0,1,2,B03,8,6,5,50,14,9,1,5,4,5,13,2,1,5,4,5,2,13,2,51,3,10,3,4,7,14,1,8,1,6,,44,,1,21,,121.5326994,25.04845349
112,8,30,16,31,2,08士林區,士林區承德路4段2巷與通河街76巷口,0,0,1,1,B01,8,6,5,30,3,2,1,5,4,5,13,4,4,10,5,5,1,17,1,63,3,10,7,1,7,5,1,4,2,5,,72,,1,22,,121.5198275,25.079454
112,8,30,16,31,2,08士林區,士林區承德路4段2巷與通河街76巷口,0,0,1,2,C03,8,6,5,30,3,2,1,5,4,5,13,4,4,10,5,5,1,17,2,38,2,8,6,1,7,9,1,10,2,11,,13,,1,22,,121.5198275,25.079454
112,8,30,16,31,2,08士林區,士林區承德路4段2巷與通河街76巷口,0,0,1,3,B03,8,6,5,30,3,2,1,5,4,5,13,4,4,10,5,5,1,17,1,32,3,10,3,4,7,13,1,8,9,6,,44,,1,22,,121.5198275,25.079454
112,8,30,17,20,2,05中正區,中正區晉江街與同安街口,0,0,1,1,F01,8,6,5,30,4,18,1,5,4,5,13,4,4,10,5,5,2,3,1,17,3,10,4,1,7,9,8,20,1,11,,70,,1,16,,121.5224268,25.02497593
112,8,30,17,20,2,05中正區,中正區晉江街與同安街口,0,0,1,2,H01,8,6,5,30,4,18,1,5,4,5,13,4,4,10,5,5,2,3,1,72,2,9,4,5,8,16,8,20,10,16,,67,,1,21,,121.5224268,25.02497593
112,8,30,17,22,2,04大安區,大安區仁愛路4段300巷與仁愛路4段300巷9弄口,0,0,1,1,C03,8,6,5,30,4,1,1,5,4,5,13,4,4,10,5,5,2,15,1,52,3,10,3,4,7,9,1,10,1,12,,72,,1,22,,121.5544601,25.0370344
112,8,30,17,22,2,04大安區,大安區仁愛路4段300巷與仁愛路4段300巷9弄口,0,0,1,2,C03,8,6,5,30,4,1,1,5,4,5,13,4,4,10,5,5,2,15,1,26,2,8,5,4,7,9,1,10,1,11,,44,,1,22,,121.5544601,25.0370344
112,8,30,17,34,2,03中山區,中山區北安路87巷與北安路口,0,0,1,2,C03,8,5,5,50,14,9,1,5,4,5,13,1,1,1,3,4,1,13,1,42,2,7,6,4,7,9,1,10,1,13,,44,,1,21,,121.5303601,25.0781322
112,8,30,17,34,2,03中山區,中山區北安路87巷與北安路口,0,0,1,1,C03,8,5,5,50,14,9,1,5,4,5,13,1,1,1,3,4,1,13,1,52,3,10,6,4,7,9,1,10,1,11,,108,,1,21,,121.5303601,25.0781322
112,8,30,17,36,2,08士林區,士林區承德路4段與中正路口,0,0,1,1,C03,8,6,5,40,4,1,1,5,4,5,13,1,1,1,4,4,2,12,1,56,2,9,5,1,7,9,1,10,2,14,,107,,1,21,,121.5166908,25.090981
112,8,30,17,36,2,08士林區,士林區承德路4段與中正路口,0,0,1,2,B03,8,6,5,40,4,1,1,5,4,5,13,1,1,1,4,4,2,12,1,37,3,10,7,1,7,15,1,8,2,2,,118,,1,21,,121.5166908,25.090981
112,8,30,17,40,2,02萬華區,萬華區國興路82號前,0,0,2,1,C03,8,5,5,50,14,9,1,5,4,5,13,4,4,10,5,5,2,3,2,25,2,9,3,4,7,9,1,10,1,11,,108,,1,21,,121.5061996,25.026575
112,8,30,17,40,2,02萬華區,萬華區國興路82號前,0,0,2,2,H01,8,5,5,50,14,9,1,5,4,5,13,4,4,10,5,5,2,3,2,70,2,9,4,5,8,16,8,20,10,16,,121,,1,21,,121.5061996,25.026575
112,8,30,17,40,2,03中山區,中山區建國北路3段6號,0,0,1,1,B03,8,7,5,50,14,9,1,5,4,5,13,4,4,1,4,5,2,12,1,61,3,10,7,1,7,7,1,8,1,2,,100,,1,21,,121.5367839,25.06331515
112,8,30,17,40,2,03中山區,中山區建國北路3段6號,0,0,1,2,B03,8,7,5,50,14,9,1,5,4,5,13,4,4,1,4,5,2,12,1,24,2,1,7,1,7,9,1,8,1,9,,108,,1,25,,121.5367839,25.06331515
112,8,30,17,40,2,03中山區,中山區建國北路3段6號,0,0,1,3,,8,7,5,50,14,9,1,5,4,5,13,4,4,1,4,5,2,12,3,0,,,,,,,,,,,,67,,1,,,121.5367839,25.06331515
112,8,30,17,45,2,12內湖區,內湖區康寧路3段220號,0,0,1,1,B03,7,7,5,50,3,1,1,5,4,1,13,4,4,1,4,5,2,16,1,52,3,10,7,1,7,7,1,8,1,5,,100,,1,21,,121.6112733,25.0670168
112,8,30,17,45,2,12內湖區,內湖區康寧路3段220號,0,0,1,2,C03,7,7,5,50,3,1,1,5,4,1,13,4,4,1,4,5,2,16,1,55,2,9,5,1,7,15,1,10,1,14,,118,,1,21,,121.6112733,25.0670168
112,8,30,18,41,2,03中山區,中山區建國高架道與民權東路2段口匝道,0,0,1,2,B02,8,5,5,70,10,7,1,5,4,5,13,4,4,5,4,5,2,13,2,28,2,2,3,4,7,14,1,8,1,3,,44,,1,21,,121.5356928,25.06617353
112,8,30,18,41,2,03中山區,中山區建國高架道與民權東路2段口匝道,0,0,1,3,B03,8,5,5,70,10,7,1,5,4,5,13,4,4,5,4,5,2,13,1,45,3,10,3,4,7,14,1,8,1,3,,44,,1,21,,121.5356928,25.06617353
112,8,30,18,41,2,03中山區,中山區建國高架道與民權東路2段口匝道,0,0,1,4,B03,8,5,5,70,10,7,1,5,4,5,13,4,4,5,4,5,2,13,1,40,3,10,3,4,7,14,1,8,1,3,,44,,1,21,,121.5356928,25.06617353
112,8,30,18,41,2,03中山區,中山區建國高架道與民權東路2段口匝道,0,0,1,1,B12,8,5,5,70,10,7,1,5,4,5,13,4,4,5,4,5,2,13,1,61,3,10,3,4,7,9,1,3,1,1,,16,,1,22,,121.5356928,25.06617353
112,8,30,18,45,2,10文山區,文山區新光路2段100號,0,0,1,2,C03,8,5,5,40,14,9,1,5,4,5,13,1,1,5,2,5,1,13,1,37,2,6,5,4,7,14,1,10,1,13,,44,,1,21,,121.5963245,25.0010845
112,8,30,18,45,2,10文山區,文山區新光路2段100號,0,0,1,1,B03,8,5,5,40,14,9,1,5,4,5,13,1,1,5,2,5,1,13,2,40,3,10,3,4,7,15,1,8,1,1,,116,,1,21,,121.5963245,25.0010845
112,8,30,18,50,2,12內湖區,內湖區內湖路2段與成功路3段174巷口,0,0,1,1,C03,8,5,5,50,4,2,1,5,4,5,13,1,1,5,5,5,2,17,1,43,3,10,5,1,7,5,1,10,2,17,,74,,1,21,,121.59025,25.08202231
112,8,30,18,50,2,12內湖區,內湖區內湖路2段與成功路3段174巷口,0,0,1,2,C03,8,5,5,50,4,2,1,5,4,5,13,1,1,5,5,5,2,17,2,31,2,9,6,1,7,9,1,10,2,12,,42,,1,21,,121.59025,25.08202231
112,8,30,18,51,2,04大安區,大安區敦化南路1段與敦化南路1段190巷口,0,0,1,1,C03,8,5,5,50,4,1,1,5,4,5,13,2,1,4,3,5,2,15,1,20,3,10,6,1,7,9,1,10,1,12,,44,,1,21,,121.5485957,25.0426262
112,8,30,18,51,2,04大安區,大安區敦化南路1段與敦化南路1段190巷口,0,0,1,2,C03,8,5,5,50,4,1,1,5,4,5,13,2,1,4,3,5,2,15,1,39,2,8,6,1,7,9,1,10,1,14,,44,,1,21,,121.5485957,25.0426262
112,8,30,18,55,2,10文山區,文山區興隆路3段與興隆路3段206巷口口,0,0,1,2,C03,6,5,5,50,5,2,1,4,4,5,13,2,1,1,4,5,2,17,1,31,2,7,6,1,7,6,1,10,2,11,,44,,1,21,,121.5592134,24.9978012
112,8,30,18,55,2,10文山區,文山區興隆路3段與興隆路3段206巷口口,0,0,1,1,B03,6,5,5,50,5,2,1,4,4,5,13,2,1,1,4,5,2,17,1,40,3,10,7,1,7,11,1,8,2,4,,10,,1,21,,121.5592134,24.9978012
112,8,30,19,23,2,06松山區,松山區塔悠路與撫遠街403巷口,0,0,1,1,B12,8,5,5,50,4,1,1,5,4,5,13,1,1,1,4,4,2,17,2,48,3,10,7,1,7,6,1,8,1,5,,9,,1,21,,121.567849,25.06642299
112,8,30,19,23,2,06松山區,松山區塔悠路與撫遠街403巷口,0,0,1,2,C03,8,5,5,50,4,1,1,5,4,5,13,1,1,1,4,4,2,17,2,23,2,8,6,1,7,9,1,10,1,14,,44,,1,21,,121.567849,25.06642299
112,8,30,19,45,2,06松山區,松山區塔悠路218號,0,0,2,3,H02,6,5,5,30,14,9,1,4,4,5,13,4,4,3,4,4,2,12,2,42,2,9,5,5,7,20,8,20,10,16,,67,,1,22,,121.569079,25.05841105
112,8,30,19,45,2,06松山區,松山區塔悠路218號,0,0,2,2,C03,6,5,5,30,14,9,1,4,4,5,13,4,4,3,4,4,2,12,1,52,2,9,5,1,7,9,1,10,1,12,,44,,1,22,,121.569079,25.05841105
112,8,30,19,45,2,06松山區,松山區塔悠路218號,0,0,2,1,B03,6,5,5,30,14,9,1,4,4,5,13,4,4,3,4,4,2,12,2,49,3,10,7,1,7,8,1,8,1,4,,100,,1,22,,121.569079,25.05841105
112,8,30,19,51,2,11南港區,南港區東新街170號,0,0,1,3,B03,6,5,5,50,14,9,1,4,4,5,13,4,4,5,4,5,2,16,1,52,3,10,3,1,7,13,1,8,1,7,,44,,1,21,,121.5915834,25.046113
112,8,30,19,51,2,11南港區,南港區東新街170號,0,0,1,2,C03,6,5,5,50,14,9,1,4,4,5,13,4,4,5,4,5,2,16,1,71,2,9,6,1,7,9,1,10,1,11,,44,,1,21,,121.5915834,25.046113
112,8,30,19,51,2,11南港區,南港區東新街170號,0,0,1,1,B02,6,5,5,50,14,9,1,4,4,5,13,4,4,5,4,5,2,16,1,27,3,10,7,1,7,11,1,8,1,4,,94,,1,21,,121.5915834,25.046113
112,8,30,20,38,2,01大同區,大同區鄭州路與太原路11巷口,0,0,1,3,H02,7,5,5,40,3,2,1,5,4,5,13,4,4,1,4,5,2,17,1,25,3,10,3,5,7,19,8,20,10,16,,126,,1,21,,121.5161353,25.049035
112,8,30,20,38,2,01大同區,大同區鄭州路與太原路11巷口,0,0,1,1,B02,7,5,5,40,3,2,1,5,4,5,13,4,4,1,4,5,2,17,1,25,3,10,3,4,7,14,1,15,1,4,,40,,1,21,,121.5161353,25.049035
112,8,30,20,38,2,01大同區,大同區鄭州路與太原路11巷口,0,0,1,2,C03,7,5,5,40,3,2,1,5,4,5,13,4,4,1,4,5,2,17,1,49,2,9,3,4,7,9,1,10,1,11,,44,,1,21,,121.5161353,25.049035
112,8,30,21,0,2,02萬華區,(西園路2段222號前),0,0,3,1,C03,7,5,5,50,3,2,1,5,4,5,13,2,1,1,4,5,2,17,2,71,2,8,5,1,7,9,1,10,1,11,12,108,,1,22,,121.4952876,25.0283514
112,8,30,21,0,2,02萬華區,(西園路2段222號前),0,0,3,2,C03,7,5,5,50,3,2,1,5,4,5,13,2,1,1,4,5,2,17,1,32,2,9,5,1,7,14,1,10,1,13,12,44,,1,21,,121.4952876,25.0283514
112,8,30,21,0,2,02萬華區,(西園路2段222號前),0,0,3,3,H02,7,5,5,50,3,2,1,5,4,5,13,2,1,1,4,5,2,17,2,32,2,9,7,5,7,20,8,20,10,16,,67,,1,21,,121.4952876,25.0283514
112,8,30,21,0,2,10文山區,文山區木新路2段與木新路2段66巷口,0,0,2,1,C03,6,5,5,50,3,1,1,4,4,5,13,4,4,5,2,5,2,3,2,25,2,9,3,4,7,9,1,10,2,15,,70,,1,21,,121.5705918,24.9857681
112,8,30,21,0,2,10文山區,文山區木新路2段與木新路2段66巷口,0,0,2,2,H01,6,5,5,50,3,1,1,4,4,5,13,4,4,5,2,5,2,3,2,49,2,9,4,5,8,16,8,20,10,16,,67,,1,21,,121.5705918,24.9857681
112,8,30,21,20,2,06松山區,松山區民生東路5段124號,0,0,1,2,C03,6,5,5,50,14,9,1,4,4,5,13,4,4,9,5,5,2,12,2,29,2,7,6,1,7,9,1,10,1,12,,44,,1,21,,121.5613843,25.05868922
112,8,30,21,20,2,06松山區,松山區民生東路5段124號,0,0,1,1,B12,6,5,5,50,14,9,1,4,4,5,13,4,4,9,5,5,2,12,1,67,3,10,7,1,7,1,1,8,1,8,,19,,1,21,,121.5613843,25.05868922
112,8,30,21,25,2,08士林區,士林區仰德大道2段與莊頂路口,0,0,1,2,C03,8,5,5,40,3,1,1,4,4,5,13,1,1,5,5,5,2,17,1,39,2,9,5,1,7,6,1,10,1,14,,9,,1,21,,121.5488019,25.1106354
112,8,30,21,25,2,08士林區,士林區仰德大道2段與莊頂路口,0,0,1,1,B03,8,5,5,40,3,1,1,4,4,5,13,1,1,5,5,5,2,17,1,41,3,10,7,1,7,6,1,8,1,2,,9,,1,21,,121.5488019,25.1106354
112,8,30,21,30,2,04大安區,大安區忠孝東路4段118號,0,0,1,1,B12,7,5,5,50,14,9,1,4,4,5,13,4,4,4,3,5,2,12,1,23,3,10,3,1,7,13,1,8,1,4,,108,,1,21,,121.5471528,25.04161137
112,8,30,21,30,2,04大安區,大安區忠孝東路4段118號,0,0,1,2,B03,7,5,5,50,14,9,1,4,4,5,13,4,4,4,3,5,2,12,1,47,2,7,7,1,7,14,3,18,1,2,,40,,1,21,,121.5471528,25.04161137
112,8,30,21,32,2,05中正區,中正區汀州路2段與廈門街口口,0,0,1,1,C03,6,5,5,50,4,1,1,4,4,5,13,1,1,5,4,5,1,17,1,56,3,10,6,1,7,5,6,10,11,17,,2,,1,21,,121.5174167,25.02546735
112,8,30,21,32,2,05中正區,中正區汀州路2段與廈門街口口,0,0,1,2,C03,6,5,5,50,4,1,1,4,4,5,13,1,1,5,4,5,1,17,1,43,2,7,6,1,7,6,1,10,11,12,,82,,1,21,,121.5174167,25.02546735
112,8,30,22,6,2,03中山區,中山區復興北路與南京東路3段口,0,0,1,1,B01,6,5,5,50,4,1,1,4,4,5,13,4,4,1,4,4,2,13,1,65,3,10,3,4,7,9,1,4,1,8,,108,,1,22,,121.5439306,25.0519599
112,8,30,22,6,2,03中山區,中山區復興北路與南京東路3段口,0,0,1,2,C03,6,5,5,50,4,1,1,4,4,5,13,4,4,1,4,4,2,13,1,39,2,7,5,4,7,14,1,10,1,13,,44,,1,22,,121.5439306,25.0519599
112,8,30,22,10,2,07信義區,信義區信安街104號,0,0,1,2,C03,7,5,5,50,14,9,1,5,4,5,13,4,4,9,5,5,2,17,1,18,2,9,3,4,7,9,1,10,1,12,,118,,1,22,,121.5564504,25.0252407
112,8,30,22,10,2,07信義區,信義區信安街104號,0,0,1,1,B03,7,5,5,50,14,9,1,5,4,5,13,4,4,9,5,5,2,17,1,40,3,10,3,4,7,5,1,3,1,1,,118,,1,22,,121.5564504,25.0252407
112,8,30,22,12,2,02萬華區,萬華區西園路1段與艋舺大道口,0,0,1,2,C03,7,5,5,50,4,1,1,5,4,5,13,2,1,1,4,5,2,17,1,19,2,9,6,1,7,9,1,10,1,14,12,13,,1,21,,121.4982461,25.03331167
112,8,30,22,12,2,02萬華區,萬華區西園路1段與艋舺大道口,0,0,1,1,B01,7,5,5,50,4,1,1,5,4,5,13,2,1,1,4,5,2,17,1,59,3,10,7,1,7,6,1,4,1,5,,9,,1,21,,121.4982461,25.03331167
112,8,30,23,25,2,03中山區,中山區中山北路3段與民權東路1段口,0,0,4,3,H02,8,5,5,50,4,1,1,5,4,5,13,1,1,1,4,5,2,13,1,45,2,8,3,5,7,20,8,20,10,16,,67,,1,22,,121.5227307,25.06292724
112,8,30,23,25,2,03中山區,中山區中山北路3段與民權東路1段口,0,0,4,4,H02,8,5,5,50,4,1,1,5,4,5,13,1,1,1,4,5,2,13,2,21,2,7,3,5,7,20,8,20,10,16,,67,,1,22,,121.5227307,25.06292724
112,8,30,23,25,2,03中山區,中山區中山北路3段與民權東路1段口,0,0,4,2,C03,8,5,5,50,4,1,1,5,4,5,13,1,1,1,4,5,2,13,2,19,2,8,3,4,7,14,3,18,1,13,,44,,1,22,,121.5227307,25.06292724
112,8,30,23,25,2,03中山區,中山區中山北路3段與民權東路1段口,0,0,4,1,C03,8,5,5,50,4,1,1,5,4,5,13,1,1,1,4,5,2,13,1,36,2,8,3,4,7,9,1,10,1,15,,108,,1,22,,121.5227307,25.06292724
112,8,31,4,33,2,03中山區,(林森北路304號前),0,0,2,1,B03,7,5,5,50,14,9,1,4,4,5,13,4,4,8,5,5,1,12,2,22,3,10,3,4,7,11,1,8,1,4,,10,,1,21,,121.5254575,25.0558471
112,8,31,4,33,2,03中山區,(林森北路304號前),0,0,2,3,H02,7,5,5,50,14,9,1,4,4,5,13,4,4,8,5,5,1,12,2,31,2,8,4,5,7,20,8,20,10,16,,67,,1,21,,121.5254575,25.0558471
112,8,31,4,33,2,03中山區,(林森北路304號前),0,0,2,2,C03,7,5,5,50,14,9,1,4,4,5,13,4,4,8,5,5,1,12,1,28,2,6,3,4,7,9,6,10,1,11,,14,,1,21,,121.5254575,25.0558471
112,8,31,6,57,2,08士林區,士林區百齡橋與百齡橋口引道,0,0,1,1,B03,8,6,5,50,3,1,1,5,4,5,13,4,4,3,2,5,1,16,1,64,3,10,7,1,7,6,1,6,1,5,,9,,1,26,,121.5160878,25.0905833
112,8,31,6,57,2,08士林區,士林區百齡橋與百齡橋口引道,0,0,1,2,C03,8,6,5,50,3,1,1,5,4,5,13,4,4,3,2,5,1,16,2,22,2,9,6,1,7,9,1,10,1,14,,44,,1,28,,121.5160878,25.0905833
112,8,31,7,40,2,10文山區,文山區老泉街45巷059路燈號,0,0,1,3,H02,8,5,5,30,11,9,1,4,4,5,13,4,4,10,5,5,1,10,2,53,2,6,7,5,7,20,8,20,10,16,,67,,1,21,,121.5726703,24.97505837
112,8,31,7,40,2,10文山區,文山區老泉街45巷059路燈號,0,0,1,2,B03,8,5,5,30,11,9,1,4,4,5,13,4,4,10,5,5,1,10,1,51,3,10,7,1,7,9,1,8,2,5,,5,,1,21,,121.5726703,24.97505837
112,8,31,7,40,2,10文山區,文山區老泉街45巷059路燈號,0,0,1,1,A02,8,5,5,30,11,9,1,4,4,5,13,4,4,10,5,5,1,10,1,53,3,10,7,1,7,9,1,2,2,5,,5,,1,21,,121.5726703,24.97505837
112,8,31,7,54,2,02萬華區,萬華區萬大路423巷24號,0,0,1,1,B03,8,5,5,50,14,9,1,5,4,5,13,4,4,8,3,5,1,12,1,62,3,10,3,4,7,14,1,4,1,2,,126,,1,22,,121.4994961,25.0212455
112,8,31,7,54,2,02萬華區,萬華區萬大路423巷24號,0,0,1,2,C03,8,5,5,50,14,9,1,5,4,5,13,4,4,8,3,5,1,12,1,28,2,9,3,4,7,9,1,9,1,14,,44,,1,22,,121.4994961,25.0212455
112,8,31,7,54,2,02萬華區,萬華區萬大路423巷24號,0,0,1,3,H02,8,5,5,50,14,9,1,5,4,5,13,4,4,8,3,5,1,12,2,10,3,10,3,5,7,21,8,20,10,16,,126,,1,22,,121.4994961,25.0212455
112,8,31,7,56,2,12內湖區,內湖區舊宗路2段207號,0,0,1,1,C03,8,6,5,50,14,9,1,5,4,5,13,4,4,1,4,5,2,16,1,24,2,9,5,1,7,4,1,10,1,11,,107,,1,21,,121.5738463,25.07259825
112,8,31,7,56,2,12內湖區,內湖區舊宗路2段207號,0,0,1,2,B03,8,6,5,50,14,9,1,5,4,5,13,4,4,1,4,5,2,16,2,34,3,10,7,4,7,5,1,8,1,7,,8,,1,21,,121.5738463,25.07259825
112,8,31,8,3,2,03中山區,中山區錦州街1巷與錦州街口,0,0,1,2,B03,6,5,5,50,3,1,1,4,4,5,13,4,4,5,5,5,2,17,1,48,3,10,3,4,7,5,1,8,1,17,,72,,1,21,,121.523748,25.0603539