發生年度,發生月,發生日,發生時-Hours,發生分,處理別-編號,區序,肇事地點,死亡人數,2-30日死亡人數,受傷人數,當事人序號,車種,天候,光線,道路類別,速限-速度限制,道路型態,事故位置,路面狀況1,路面狀況2,路面狀況3,道路障礙1,道路障礙2,號誌1,號誌2,車道劃分-分向,車道劃分-分道1,車道劃分-分道2,車道劃分-分道3,事故類型及型態,性別,年齡,受傷程度,主要傷處,保護裝置,行動電話,車輛用途,當事者行動狀態,駕駛資格情形,駕駛執照種類,飲酒情形,車輛撞擊部位1,車輛撞擊部位2,肇因碼-個別,肇因碼-主要,個人肇逃否,職業,旅次目的,座標-X,座標-Y
112,9,1,13,34,2,09北投區,北投區中和街493巷11弄與中和街493巷7弄口口,0,0,1,1,C03,8,6,5,30,4,1,1,5,4,5,13,4,4,10,5,5,2,15,1,55,3,10,6,1,7,9,1,10,2,11,,72,,1,21,,121.4952494,25.1434687
112,9,1,14,0,2,09北投區,北投區雙全街與珠海路口,0,0,3,1,C03,8,6,5,30,4,1,1,5,4,5,13,4,4,10,5,5,2,16,1,60,2,9,5,1,7,6,1,10,1,11,,72,,1,21,,121.5010389,25.1376088
112,9,1,14,0,2,09北投區,北投區雙全街與珠海路口,0,0,3,4,H02,8,6,5,30,4,1,1,5,4,5,13,4,4,10,5,5,2,16,1,18,2,8,5,5,7,20,8,20,10,16,,67,,1,21,,121.5010389,25.1376088
112,9,1,14,0,2,09北投區,北投區雙全街與珠海路口,0,0,3,2,C03,8,6,5,30,4,1,1,5,4,5,13,4,4,10,5,5,2,16,1,18,2,9,5,1,7,9,1,10,1,12,,44,,1,21,,121.5010389,25.1376088
112,9,1,14,0,2,09北投區,北投區雙全街與珠海路口,0,0,3,3,B11,8,6,5,30,4,1,1,5,4,5,13,4,4,10,5,5,2,16,1,43,3,10,7,1,7,14,1,3,1,17,,38,,1,21,,121.5010389,25.1376088
112,9,1,14,2,2,03中山區,中山區市民大道2段與林森北路口,0,0,1,1,B12,7,7,5,50,4,2,1,5,4,5,13,1,1,1,4,5,2,17,1,38,4,11,3,4,7,21,7,19,11,15,,118,,2,22,,121.5245229,25.0478396
112,9,1,14,2,2,03中山區,中山區市民大道2段與林森北路口,0,0,1,2,C03,7,7,5,50,4,2,1,5,4,5,13,1,1,1,4,5,2,17,1,28,2,9,5,1,7,14,1,10,2,14,,118,,1,22,,121.5245229,25.0478396
112,9,1,14,35,2,08士林區,士林區仰德大道2段128號,0,0,1,2,C03,8,6,8,40,14,9,1,5,4,5,13,2,1,9,5,5,1,13,1,20,3,10,5,1,7,15,1,10,2,13,,118,,1,21,,121.5470874,25.10934934
112,9,1,14,35,2,08士林區,士林區仰德大道2段128號,0,0,1,1,C03,8,6,8,40,14,9,1,5,4,5,13,2,1,9,5,5,1,13,1,21,2,1,5,1,7,9,1,10,2,11,,107,,1,21,,121.5470874,25.10934934
112,9,1,14,47,2,04大安區,大安區和平東路2段134號,0,0,1,1,B02,7,7,5,50,14,9,1,5,4,3,13,4,4,10,4,5,1,12,1,64,3,10,3,4,7,15,1,8,2,2,,118,,1,21,,121.5453588,25.0247192
112,9,1,14,47,2,04大安區,大安區和平東路2段134號,0,0,1,2,C03,7,7,5,50,14,9,1,5,4,3,13,4,4,10,4,5,1,12,1,72,2,9,5,4,7,8,1,10,2,14,,17,,1,21,,121.5453588,25.0247192
112,9,1,15,30,2,11南港區,南港區南港路1段116號,0,0,3,3,H02,6,7,5,50,14,9,1,4,4,5,13,4,4,1,4,5,1,13,2,28,2,9,5,5,7,21,8,20,10,16,,67,,1,22,,121.6136242,25.0553484
112,9,1,15,30,2,11南港區,南港區南港路1段116號,0,0,3,2,C03,6,7,5,50,14,9,1,4,4,5,13,4,4,1,4,5,1,13,2,22,2,9,5,4,7,9,1,10,1,11,,42,,1,21,,121.6136242,25.0553484
112,9,1,15,30,2,11南港區,南港區南港路1段116號,0,0,3,1,C03,6,7,5,50,14,9,1,4,4,5,13,4,4,1,4,5,1,13,1,32,2,5,5,4,7,9,1,10,1,11,,44,,1,21,,121.6136242,25.0553484
112,9,1,15,40,2,07信義區,信義區信義路5段與基隆路1段口,0,0,1,1,B03,8,7,5,50,14,9,1,5,4,5,13,1,1,3,4,5,2,13,1,75,3,10,3,4,7,9,1,8,1,6,,44,,1,21,,121.5595005,25.0328259
112,9,1,15,40,2,07信義區,信義區信義路5段與基隆路1段口,0,0,1,2,B12,8,7,5,50,14,9,1,5,4,5,13,1,1,3,4,5,2,13,1,37,3,10,3,4,7,9,1,8,1,8,,16,,1,21,,121.5595005,25.0328259
112,9,1,15,40,2,07信義區,信義區信義路5段與基隆路1段口,0,0,1,3,H02,8,7,5,50,14,9,1,5,4,5,13,1,1,3,4,5,2,13,2,69,2,2,3,5,7,20,8,20,10,16,,67,,1,21,,121.5595005,25.0328259
112,9,1,15,40,2,07信義區,信義區忠孝東路5段236巷與忠孝東路5段236巷3弄口,0,0,1,2,C03,7,6,5,50,4,1,1,5,4,5,13,4,4,9,4,5,2,17,1,50,2,6,5,1,7,9,1,9,1,11,,118,,1,22,,121.5719679,25.0404142
112,9,1,15,40,2,07信義區,信義區忠孝東路5段236巷與忠孝東路5段236巷3弄口,0,0,1,1,C03,7,6,5,50,4,1,1,5,4,5,13,4,4,9,4,5,2,17,1,61,3,10,5,1,7,5,1,10,1,11,,118,,1,22,,121.5719679,25.0404142
112,9,1,15,44,2,09北投區,北投區石牌路1段41號前,0,0,2,1,C03,8,6,5,50,14,9,1,5,4,5,13,1,1,5,4,5,2,12,2,50,2,9,5,1,7,9,1,10,2,14,,44,,1,21,,121.5104385,25.1131516
112,9,1,15,44,2,09北投區,北投區石牌路1段41號前,0,0,2,2,B12,8,6,5,50,14,9,1,5,4,5,13,1,1,5,4,5,2,12,1,41,3,10,7,1,7,7,1,8,2,2,,100,,1,21,,121.5104385,25.1131516
112,9,1,15,44,2,09北投區,北投區石牌路1段41號前,0,0,2,3,H02,8,6,5,50,14,9,1,5,4,5,13,1,1,5,4,5,2,12,2,9,2,9,5,5,7,20,8,20,10,16,,67,,1,21,,121.5104385,25.1131516
112,9,1,16,1,2,03中山區,中山區中山北路2段44巷與無名巷口,0,0,1,3,B11,6,5,5,30,4,1,1,4,4,5,13,4,4,9,5,5,2,15,1,44,3,10,3,4,7,13,1,7,9,17,,38,,1,21,,121.5216129,25.0550725
112,9,1,16,1,2,03中山區,中山區中山北路2段44巷與無名巷口,0,0,1,2,C03,6,5,5,30,4,1,1,4,4,5,13,4,4,9,5,5,2,15,1,36,3,10,3,4,7,9,1,10,1,12,,14,,1,21,,121.5216129,25.0550725
112,9,1,16,1,2,03中山區,中山區中山北路2段44巷與無名巷口,0,0,1,1,C03,6,5,5,30,4,1,1,4,4,5,13,4,4,9,5,5,2,15,2,29,2,7,3,4,7,9,1,10,1,11,,72,,1,21,,121.5216129,25.0550725
112,9,1,16,5,2,03中山區,中山區天祥路43號,0,0,2,2,C03,6,6,5,50,14,9,1,4,4,5,13,4,4,4,5,5,1,12,1,56,2,8,3,4,7,9,1,10,1,12,,44,,1,21,,121.5210364,25.06181895
112,9,1,16,5,2,03中山區,中山區天祥路43號,0,0,2,3,H02,6,6,5,50,14,9,1,4,4,5,13,4,4,4,5,5,1,12,2,58,2,7,4,5,7,20,8,20,10,16,,67,,1,21,,121.5210364,25.06181895
112,9,1,16,5,2,03中山區,中山區天祥路43號,0,0,2,1,B03,6,6,5,50,14,9,1,4,4,5,13,4,4,4,5,5,1,12,2,52,3,10,3,4,7,11,1,8,1,4,,10,,1,21,,121.5210364,25.06181895
112,9,1,16,30,2,12內湖區,內湖區民權東路6段136巷(涵洞內),0,0,1,1,C03,8,6,5,30,9,9,1,4,4,5,13,1,1,10,5,5,2,12,1,25,2,9,6,1,7,9,1,10,2,14,,42,,1,21,,121.5876904,25.0655929
112,9,1,16,30,2,12內湖區,內湖區民權東路6段136巷(涵洞內),0,0,1,2,B03,8,6,5,30,9,9,1,4,4,5,13,1,1,10,5,5,2,12,1,60,3,10,7,1,7,15,1,8,2,2,,118,,1,21,,121.5876904,25.0655929
112,9,1,16,32,2,12內湖區,內湖區金湖路367巷與金湖路363巷口,0,0,1,2,C03,6,5,5,50,4,2,1,4,4,5,13,1,1,1,5,4,2,12,1,20,2,9,2,1,7,8,1,10,2,14,,100,,1,21,,121.6024743,25.07370618
112,9,1,16,32,2,12內湖區,內湖區金湖路367巷與金湖路363巷口,0,0,1,1,A02,6,5,5,50,4,2,1,4,4,5,13,1,1,1,5,4,2,12,1,51,3,10,7,1,7,7,1,6,2,2,,100,,1,21,,121.6024743,25.07370618
112,9,1,16,33,2,07信義區,信義區忠孝東路5段與大道路口,0,0,1,1,C03,6,5,5,50,5,2,1,4,4,5,13,1,1,1,4,5,2,13,2,18,2,9,5,1,7,9,1,10,1,11,,107,,1,21,,121.5814741,25.0436587
112,9,1,16,33,2,07信義區,信義區忠孝東路5段與大道路口,0,0,1,2,B03,6,5,5,50,5,2,1,4,4,5,13,1,1,1,4,5,2,13,2,81,3,10,7,1,7,9,1,8,1,3,,44,,1,21,,121.5814741,25.0436587
112,9,1,16,47,2,06松山區,松山區延壽街與延壽街330巷口,0,0,1,1,F01,8,7,5,50,4,1,1,5,4,5,13,1,1,9,4,5,2,3,1,22,3,10,2,1,7,9,8,20,1,11,,81,,1,22,,121.5602328,25.0566027
112,9,1,16,47,2,06松山區,松山區延壽街與延壽街330巷口,0,0,1,2,H01,8,7,5,50,4,1,1,5,4,5,13,1,1,9,4,5,2,3,2,78,2,1,4,5,8,16,8,20,10,16,,67,,1,21,,121.5602328,25.0566027
112,9,1,16,54,2,02萬華區,萬華區桂林路與環河南路1段348巷口,0,0,2,1,C03,7,7,5,50,5,1,1,5,4,5,13,1,1,1,3,1,2,16,2,56,2,7,5,1,7,5,1,10,1,11,,74,,1,21,,121.496037,25.0387587
112,9,1,16,54,2,02萬華區,萬華區桂林路與環河南路1段348巷口,0,0,2,2,C03,7,7,5,50,5,1,1,5,4,5,13,1,1,1,3,1,2,16,2,33,2,7,5,1,7,9,1,10,1,11,,13,,1,21,,121.496037,25.0387587
112,9,1,16,55,2,03中山區,中山區伊通街112號,0,0,1,1,C03,6,6,5,50,14,9,1,4,4,5,13,4,4,9,4,5,2,17,2,42,3,10,6,1,7,1,1,10,1,17,,19,,1,22,,121.5348138,25.05419076
112,9,1,16,55,2,03中山區,中山區伊通街112號,0,0,1,2,C03,6,6,5,50,14,9,1,4,4,5,13,4,4,9,4,5,2,17,1,21,2,9,6,1,7,9,1,10,1,14,,44,,1,22,,121.5348138,25.05419076
112,9,1,16,57,2,07信義區,信義區吳興街467巷2弄與無名巷口,0,0,1,1,B03,6,6,5,30,3,1,1,4,4,5,13,4,4,10,5,5,2,3,2,43,3,10,3,4,7,2,1,8,2,3,,12,,1,22,,121.569104,25.0241203
112,9,1,16,57,2,07信義區,信義區吳興街467巷2弄與無名巷口,0,0,1,2,H01,6,6,5,30,3,1,1,4,4,5,13,4,4,10,5,5,2,3,2,92,2,9,4,5,8,16,8,20,10,16,,67,,1,22,,121.569104,25.0241203
112,9,1,17,1,2,02萬華區,萬華區西園路2段與西園路2段294巷口,0,0,1,2,C03,7,7,5,50,3,2,1,5,4,5,13,4,4,3,4,5,2,13,2,29,2,9,5,1,7,9,1,10,1,11,,44,,1,22,,121.493361,25.02669231
112,9,1,17,1,2,02萬華區,萬華區西園路2段與西園路2段294巷口,0,0,1,1,B01,7,7,5,50,3,2,1,5,4,5,13,4,4,3,4,5,2,13,1,46,3,10,7,1,7,7,1,4,1,6,,100,,1,22,,121.493361,25.02669231
112,9,1,17,6,2,03中山區,中山區民族東路524號對面,0,0,1,2,C03,7,5,5,50,14,9,1,5,4,5,13,4,4,5,4,5,2,16,1,18,2,4,3,4,7,9,1,10,1,11,,44,,1,21,,121.5428493,25.0675579
112,9,1,17,6,2,03中山區,中山區民族東路524號對面,0,0,1,1,B03,7,5,5,50,14,9,1,5,4,5,13,4,4,5,4,5,2,16,1,56,3,10,3,4,7,7,1,8,1,8,,100,,1,21,,121.5428493,25.0675579
112,9,1,17,6,2,10文山區,文山區興隆路4段109巷與興隆路4段109巷32弄口,0,0,1,2,C03,6,6,5,50,14,9,1,4,4,5,13,1,1,5,2,5,2,16,1,44,2,7,6,1,7,9,1,10,2,14,,118,,1,21,,121.5626655,24.98670496
112,9,1,17,6,2,10文山區,文山區興隆路4段109巷與興隆路4段109巷32弄口,0,0,1,1,B03,6,6,5,50,14,9,1,4,4,5,13,1,1,5,2,5,2,16,1,46,3,10,7,1,7,6,1,8,2,2,,118,,1,21,,121.5626655,24.98670496
112,9,1,17,15,2,10文山區,文山區木柵路1段72號,0,0,1,1,C03,6,5,5,50,14,9,1,4,4,5,13,2,1,5,4,5,1,12,1,61,2,8,5,1,7,8,1,10,1,14,,100,,1,21,,121.5493368,24.987322
112,9,1,17,15,2,10文山區,文山區木柵路1段72號,0,0,1,2,B01,6,5,5,50,14,9,1,4,4,5,13,2,1,5,4,5,1,12,1,56,3,10,3,4,7,9,1,4,1,2,,44,,1,21,,121.5493368,24.987322
112,9,1,17,25,2,12內湖區,內湖區環山路1段24巷30號斜對面,0,0,1,2,C03,6,6,5,30,14,9,1,4,4,5,13,4,4,9,5,5,2,17,1,30,2,9,6,1,7,9,1,10,1,11,,44,,1,21,,121.5643576,25.08455151
112,9,1,17,25,2,12內湖區,內湖區環山路1段24巷30號斜對面,0,0,1,1,C03,6,6,5,30,14,9,1,4,4,5,13,4,4,9,5,5,2,17,1,45,3,10,6,1,7,7,1,10,1,11,,100,,1,21,,121.5643576,25.08455151
112,9,1,17,25,2,09北投區,北投區湖底路033燈桿,0,0,1,2,A02,6,5,5,30,14,9,1,4,4,5,13,4,4,9,4,5,1,10,1,55,3,10,7,1,7,9,1,2,1,1,,44,,1,21,,121.5378272,25.15283844
112,9,1,17,25,2,09北投區,北投區湖底路033燈桿,0,0,1,1,C03,6,5,5,30,14,9,1,4,4,5,13,4,4,9,4,5,1,10,1,54,2,9,5,1,7,4,1,10,1,11,,108,,1,21,,121.5378272,25.15283844
112,9,1,17,29,2,10文山區,文山區木柵路4段與木柵路4段82巷口,0,0,1,3,H02,6,6,5,30,3,2,1,4,4,5,13,4,4,5,5,5,2,17,1,9,2,8,3,5,7,20,8,20,10,16,,67,,1,14,,121.5745008,24.9980269
112,9,1,17,29,2,10文山區,文山區木柵路4段與木柵路4段82巷口,0,0,1,1,B03,6,6,5,30,3,2,1,4,4,5,13,4,4,5,5,5,2,17,1,38,3,10,3,4,7,6,1,8,1,2,,118,,1,22,,121.5745008,24.9980269
112,9,1,17,29,2,10文山區,文山區木柵路4段與木柵路4段82巷口,0,0,1,2,C03,6,6,5,30,3,2,1,4,4,5,13,4,4,5,5,5,2,17,2,35,3,10,3,4,7,14,1,10,1,13,,118,,1,22,,121.5745008,24.9980269
112,9,1,17,31,2,08士林區,士林區承德路5段與士商路口,0,0,1,1,C03,6,6,5,50,4,2,1,4,4,5,13,2,1,1,3,5,1,17,1,28,3,10,5,1,7,6,1,10,1,13,,9,,1,22,,121.5143582,25.0960278
112,9,1,17,31,2,08士林區,士林區承德路5段與士商路口,0,0,1,2,C03,6,6,5,50,4,2,1,4,4,5,13,2,1,1,3,5,1,17,1,67,2,8,5,1,7,9,1,10,1,11,,44,,1,22,,121.5143582,25.0960278
112,9,1,17,48,2,02萬華區,萬華區環河南路1段104號,0,0,5,2,C03,6,5,5,50,14,7,1,4,4,5,13,4,4,4,3,5,2,12,1,33,2,9,6,1,7,9,1,10,1,12,,4,,1,21,,121.5088501,25.0635865
112,9,1,17,48,2,02萬華區,萬華區環河南路1段104號,0,0,5,3,C03,6,5,5,50,14,7,1,4,4,5,13,4,4,4,3,5,2,12,2,48,2,9,6,1,7,9,1,10,1,14,,44,,1,21,,121.5088501,25.0635865
112,9,1,17,48,2,02萬華區,萬華區環河南路1段104號,0,0,5,4,C03,6,5,5,50,14,7,1,4,4,5,13,4,4,4,3,5,2,12,2,42,2,9,6,1,7,9,1,10,1,14,,44,,1,21,,121.5088501,25.0635865
112,9,1,17,48,2,02萬華區,萬華區環河南路1段104號,0,0,5,5,C03,6,5,5,50,14,7,1,4,4,5,13,4,4,4,3,5,2,12,1,21,2,9,6,1,7,9,1,10,1,14,,44,,1,21,,121.5088501,25.0635865
112,9,1,17,48,2,02萬華區,萬華區環河南路1段104號,0,0,5,6,H02,6,5,5,50,14,7,1,4,4,5,13,4,4,4,3,5,2,12,2,25,2,9,6,5,7,20,8,20,10,16,,67,,1,21,,121.5088501,25.0635865
112,9,1,17,48,2,02萬華區,萬華區環河南路1段104號,0,0,5,1,B03,6,5,5,50,14,7,1,4,4,5,13,4,4,4,3,5,2,12,1,58,3,10,7,1,7,9,1,8,1,8,,44,,1,21,,121.5088501,25.0635865
112,9,1,17,54,2,09北投區,北投區大度路3段與中央北路4段口,0,0,2,1,C03,8,6,5,50,3,1,1,5,4,5,13,1,1,10,5,5,2,17,1,45,2,8,5,1,7,6,3,18,5,12,,4,,1,21,,121.4649486,25.1242404
112,9,1,17,54,2,09北投區,北投區大度路3段與中央北路4段口,0,0,2,2,C03,8,6,5,50,3,1,1,5,4,5,13,1,1,10,5,5,2,17,2,37,2,9,5,1,7,6,1,10,2,14,,44,,1,21,,121.4649486,25.1242404
112,9,1,17,55,2,03中山區,中山區長安東路2段148-20號,0,0,1,1,B03,6,6,5,50,14,9,1,4,4,5,13,4,4,5,4,5,1,17,1,42,3,10,7,1,7,8,1,8,1,2,,100,,1,21,,121.5381724,25.0484203
112,9,1,17,55,2,03中山區,中山區長安東路2段148-20號,0,0,1,2,C03,6,6,5,50,14,9,1,4,4,5,13,4,4,5,4,5,1,17,1,21,2,9,6,1,7,9,1,10,1,12,,13,,1,21,,121.5381724,25.0484203
112,9,1,17,58,2,04大安區,大安區瑞安街與瑞安街180巷口,0,0,1,2,C03,6,5,5,50,5,1,1,4,4,5,13,2,1,9,4,5,2,12,1,37,2,3,3,4,7,4,1,10,1,12,,94,,1,21,,121.5411786,25.0285564
112,9,1,17,58,2,04大安區,大安區瑞安街與瑞安街180巷口,0,0,1,1,B01,6,5,5,50,5,1,1,4,4,5,13,2,1,9,4,5,2,12,1,44,3,10,3,4,7,11,1,4,1,8,,44,,1,21,,121.5411786,25.0285564
112,9,1,18,14,2,03中山區,中山區吉林路263號,0,0,2,1,C03,6,5,5,40,14,8,1,4,4,5,13,4,4,9,5,4,1,13,1,49,2,8,3,4,7,12,1,10,1,11,,16,,1,21,,121.5303229,25.0618614
112,9,1,18,14,2,03中山區,中山區吉林路263號,0,0,2,2,C03,6,5,5,40,14,8,1,4,4,5,13,4,4,9,5,4,1,13,2,57,2,8,3,4,7,9,1,10,1,12,,44,,1,21,,121.5303229,25.0618614
112,9,1,18,14,2,03中山區,中山區吉林路263號,0,0,2,3,C04,6,5,5,40,14,8,1,4,4,5,13,4,4,9,5,4,1,13,2,35,3,10,3,4,7,12,1,8,1,13,,44,,1,21,,121.5303229,25.0618614
112,9,1,18,30,2,12內湖區,內湖區內湖路1段737巷51弄22號與麗山街46巷6弄口,0,0,3,3,H01,6,5,5,30,4,2,1,4,4,5,13,4,4,5,4,4,1,3,2,55,2,9,4,5,8,16,8,20,10,16,,67,,1,22,,121.580191,25.08035009
112,9,1,18,30,2,12內湖區,內湖區內湖路1段737巷51弄22號與麗山街46巷6弄口,0,0,3,1,C03,6,5,5,30,4,2,1,4,4,5,13,4,4,5,4,4,1,3,1,39,2,9,5,1,7,9,1,10,1,11,,70,,1,22,,121.580191,25.08035009
112,9,1,18,30,2,12內湖區,內湖區內湖路1段737巷51弄22號與麗山街46巷6弄口,0,0,3,2,H01,6,5,5,30,4,2,1,4,4,5,13,4,4,5,4,4,1,3,1,41,2,3,4,5,8,16,8,20,10,16,,67,,1,22,,121.580191,25.08035009
112,9,1,18,34,2,11南港區,南港區研究院路2段與大坑街口,0,0,2,1,C03,6,5,5,50,4,1,1,4,4,5,13,2,1,1,3,5,2,17,1,65,2,9,3,4,7,6,1,10,2,12,,85,,1,21,,121.6158793,25.0488252
112,9,1,18,34,2,11南港區,南港區研究院路2段與大坑街口,0,0,2,2,C03,6,5,5,50,4,1,1,4,4,5,13,2,1,1,3,5,2,17,1,42,2,9,3,4,7,21,1,10,2,15,,85,,1,21,,121.6158793,25.0488252
112,9,1,18,50,2,03中山區,中山區松江路50號,0,0,1,2,C03,6,5,5,50,14,9,1,4,4,5,13,4,4,1,4,5,2,12,2,69,2,9,5,1,7,9,1,10,1,14,,44,,1,21,,121.5328785,25.04811098
112,9,1,18,50,2,03中山區,中山區松江路50號,0,0,1,1,B03,6,5,5,50,14,9,1,4,4,5,13,4,4,1,4,5,2,12,1,62,3,10,7,1,7,9,1,8,1,2,,17,,1,21,,121.5328785,25.04811098
112,9,1,18,55,2,05中正區,中正區重慶南路3段與和平西路1段口,0,0,1,2,C03,7,5,5,50,5,1,1,4,4,5,13,2,1,3,4,5,2,17,1,33,2,9,5,1,7,9,1,10,2,12,,44,,1,21,,121.5161205,25.0271642
112,9,1,18,55,2,05中正區,中正區重慶南路3段與和平西路1段口,0,0,1,1,B01,7,5,5,50,5,1,1,4,4,5,13,2,1,3,4,5,2,17,1,42,3,10,7,1,7,15,1,4,2,17,,9,,1,21,,121.5161205,25.0271642
112,9,1,18,59,2,08士林區,士林區中山北路5段與小北街口,0,0,1,2,C03,6,5,5,50,3,2,1,4,4,5,13,2,1,1,5,4,2,17,1,44,2,9,5,1,7,9,1,10,2,14,,44,,1,21,,121.5273602,25.0902797
112,9,1,18,59,2,08士林區,士林區中山北路5段與小北街口,0,0,1,1,B02,6,5,5,50,3,2,1,4,4,5,13,2,1,1,5,4,2,17,1,67,3,10,7,1,7,7,1,8,2,15,,100,,1,21,,121.5273602,25.0902797
112,9,1,19,4,2,04大安區,大安區市民大道4段與敦化南路1段口,0,0,1,1,B03,6,5,5,40,5,1,1,4,4,5,13,2,1,1,4,5,2,17,1,28,3,10,3,4,7,6,1,8,1,2,,9,,1,21,,121.5488592,25.0447075
112,9,1,19,4,2,04大安區,大安區市民大道4段與敦化南路1段口,0,0,1,2,C03,6,5,5,40,5,1,1,4,4,5,13,2,1,1,4,5,2,17,1,39,2,7,3,4,7,15,1,10,1,11,,118,,1,21,,121.5488592,25.0447075
112,9,1,20,8,2,06松山區,松山區光復南路與光復南路17巷口,0,0,1,1,B03,6,5,5,30,3,1,1,4,4,5,13,4,4,9,4,5,1,17,1,39,3,10,7,1,7,9,1,8,1,17,,72,,1,22,,121.5578677,25.04719431
112,9,1,20,8,2,06松山區,松山區光復南路與光復南路17巷口,0,0,1,2,C03,6,5,5,30,3,1,1,4,4,5,13,4,4,9,4,5,1,17,1,29,2,7,6,1,7,9,1,10,1,17,,44,,1,22,,121.5578677,25.04719431
112,9,1,20,10,2,07信義區,信義區吳興街68號,0,0,2,3,B03,6,5,5,30,14,9,1,4,4,5,13,4,4,10,5,5,2,3,1,54,3,10,7,1,7,14,1,8,1,17,,38,,1,21,,121.5605069,25.0307922
112,9,1,20,10,2,07信義區,信義區吳興街68號,0,0,2,1,C03,6,5,5,30,14,9,1,4,4,5,13,4,4,10,5,5,2,3,1,39,2,8,6,1,7,9,1,10,1,15,,108,,1,21,,121.5605069,25.0307922
112,9,1,20,10,2,07信義區,信義區吳興街68號,0,0,2,2,H01,6,5,5,30,14,9,1,4,4,5,13,4,4,10,5,5,2,3,1,79,2,1,4,5,8,16,8,20,10,16,,67,,1,21,,121.5605069,25.0307922
112,9,1,20,20,2,04大安區,大安區金華街與金華街102巷口口,0,0,1,1,H01,8,5,5,50,14,9,1,5,4,5,13,4,4,9,4,5,2,3,1,27,3,10,4,5,8,16,8,20,10,16,,121,,1,22,,121.5256735,25.0303509
112,9,1,20,20,2,04大安區,大安區金華街與金華街102巷口口,0,0,1,2,C03,8,5,5,50,14,9,1,5,4,5,13,4,4,9,4,5,2,3,1,29,2,8,3,4,7,9,1,10,1,14,,42,,1,22,,121.5256735,25.0303509
112,9,1,20,22,2,05中正區,中正區中華路1段41號,0,0,1,1,B03,7,5,5,50,14,9,1,4,4,5,13,4,4,3,4,1,1,13,2,20,3,10,7,1,7,9,1,8,2,5,,16,,1,22,,121.5091163,25.04437826
112,9,1,20,22,2,05中正區,中正區中華路1段41號,0,0,1,2,C03,7,5,5,50,14,9,1,4,4,5,13,4,4,3,4,1,1,13,2,22,2,9,6,1,7,9,1,10,2,13,,44,,1,22,,121.5091163,25.04437826
112,9,1,20,45,2,03中山區,中山區長春路與長春路61巷口,0,0,1,1,B03,6,5,5,30,3,1,1,4,4,3,13,4,4,5,5,5,2,17,1,49,3,10,7,1,7,9,1,8,2,15,,72,,1,22,,121.5263358,25.0549722
112,9,1,20,45,2,03中山區,中山區長春路與長春路61巷口,0,0,1,2,C03,6,5,5,30,3,1,1,4,4,3,13,4,4,5,5,5,2,17,2,59,2,9,5,1,7,9,1,10,2,14,,14,,1,22,,121.5263358,25.0549722
112,9,1,20,45,2,03中山區,中山區長春路與長春路61巷口,0,0,1,3,B02,6,5,5,30,3,1,1,4,4,3,13,4,4,5,5,5,2,17,1,38,3,10,7,1,7,13,1,8,11,17,,38,,1,22,,121.5263358,25.0549722
112,9,1,20,52,2,10文山區,文山區萬安街與萬安街21巷口,0,0,2,2,C03,7,6,5,30,3,2,1,4,4,5,13,4,4,5,2,5,2,16,2,33,2,9,6,1,7,9,1,10,2,11,12,44,,1,21,,121.5705421,25.00102837
112,9,1,20,52,2,10文山區,文山區萬安街與萬安街21巷口,0,0,2,1,B01,7,6,5,30,3,2,1,4,4,5,13,4,4,5,2,5,2,16,1,24,2,2,7,1,7,9,1,4,2,4,,72,,1,21,,121.5705421,25.00102837
112,9,1,21,0,2,10文山區,文山區秀明路1段49號,0,0,1,1,C03,6,5,5,50,14,9,1,4,4,5,13,1,1,9,4,4,1,18,1,55,2,7,5,1,7,9,1,10,9,14,,116,,1,21,,121.5649593,24.9898364
112,9,1,21,0,2,10文山區,文山區秀明路1段49號,0,0,1,2,,6,5,5,50,14,9,1,4,4,5,13,1,1,9,4,4,1,18,3,0,,,,,,,,,9,,,67,,1,,,121.5649593,24.9898364
112,9,1,21,46,2,03中山區,中山區民生東路1段38號,0,0,1,2,C03,6,5,5,50,14,9,1,4,4,5,13,4,4,5,3,5,2,17,1,26,2,9,5,1,7,9,1,10,1,14,,44,,1,22,,121.5241611,25.05811144
112,9,1,21,46,2,03中山區,中山區民生東路1段38號,0,0,1,1,B01,6,5,5,50,14,9,1,4,4,5,13,4,4,5,3,5,2,17,1,60,3,10,7,1,7,1,1,4,1,15,,19,,1,22,,121.5241611,25.05811144
112,9,1,22,37,2,01大同區,大同區重慶北路2段與民生西路口,0,0,2,1,B01,6,5,5,50,4,2,1,4,4,5,13,2,1,9,4,5,2,11,1,66,2,2,3,4,7,11,1,4,2,2,,10,,1,21,,121.5143045,25.056982
112,9,1,22,37,2,01大同區,大同區重慶北路2段與民生西路口,0,0,2,2,C03,6,5,5,50,4,2,1,4,4,5,13,2,1,9,4,5,2,11,1,20,2,9,6,4,7,9,1,10,2,11,,44,,1,22,,121.5143045,25.056982
112,9,1,23,47,2,03中山區,中山區長安東路1段61號,0,0,1,1,B12,6,5,5,50,14,9,1,4,4,5,13,4,4,5,4,5,2,17,1,38,3,10,7,1,7,11,1,8,1,15,,10,,1,22,,121.5269164,25.04864723
112,9,1,23,47,2,03中山區,中山區長安東路1段61號,0,0,1,2,C03,6,5,5,50,14,9,1,4,4,5,13,4,4,5,4,5,2,17,1,40,2,9,5,1,7,9,1,10,1,14,,13,,1,22,,121.5269164,25.04864723