發生年度,發生月,發生日,發生時-Hours,發生分,處理別-編號,區序,肇事地點,死亡人數,2-30日死亡人數,受傷人數,當事人序號,車種,天候,光線,道路類別,速限-速度限制,道路型態,事故位置,路面狀況1,路面狀況2,路面狀況3,道路障礙1,道路障礙2,號誌1,號誌2,車道劃分-分向,車道劃分-分道1,車道劃分-分道2,車道劃分-分道3,事故類型及型態,性別,年齡,受傷程度,主要傷處,保護裝置,行動電話,車輛用途,當事者行動狀態,駕駛資格情形,駕駛執照種類,飲酒情形,車輛撞擊部位1,車輛撞擊部位2,肇因碼-個別,肇因碼-主要,個人肇逃否,職業,旅次目的,座標-X,座標-Y
112,9,1,23,58,2,12內湖區,內湖區民權東路6段138號,0,0,1,1,C03,6,5,5,40,14,8,1,4,5,5,13,4,4,1,4,4,1,13,2,26,2,8,5,1,7,9,1,10,1,12,,13,,1,22,,121.5883178,25.06896647
112,9,1,23,58,2,12內湖區,內湖區民權東路6段138號,0,0,1,2,C03,6,5,5,40,14,8,1,4,5,5,13,4,4,1,4,4,1,13,1,30,3,10,5,1,7,12,1,10,1,13,,14,,1,22,,121.5883178,25.06896647
112,9,2,0,49,2,02萬華區,萬華區環河南路1段與康定路口,0,0,4,1,C03,6,5,7,0,3,1,2,4,4,5,13,3,1,4,1,5,2,12,2,20,2,8,6,1,7,11,1,10,1,14,,10,,1,21,,121.503135,25.04599636
112,9,2,0,49,2,02萬華區,萬華區環河南路1段與康定路口,0,0,4,2,C03,6,5,7,0,3,1,2,4,4,5,13,3,1,4,1,5,2,12,1,24,2,9,6,1,7,9,1,10,1,14,,14,,1,21,,121.503135,25.04599636
112,9,2,0,49,2,02萬華區,萬華區環河南路1段與康定路口,0,0,4,3,C03,6,5,7,0,3,1,2,4,4,5,13,3,1,4,1,5,2,12,1,32,2,3,6,1,7,9,3,18,1,14,,16,,1,21,,121.503135,25.04599636
112,9,2,0,49,2,02萬華區,萬華區環河南路1段與康定路口,0,0,4,4,H02,6,5,7,0,3,1,2,4,4,5,13,3,1,4,1,5,2,12,2,24,2,8,6,5,7,20,8,20,10,16,,67,,1,21,,121.503135,25.04599636
112,9,2,1,38,2,06松山區,松山區復興北路與錦州街口,0,0,3,3,H02,8,5,5,50,3,1,1,5,4,5,13,1,1,9,4,5,2,13,2,19,2,9,6,5,7,20,8,20,10,16,,67,,1,22,,121.544291,25.0601757
112,9,2,1,38,2,06松山區,松山區復興北路與錦州街口,0,0,3,2,C03,8,5,5,50,3,1,1,5,4,5,13,1,1,9,4,5,2,13,1,38,2,9,5,4,7,9,1,10,1,11,,44,,1,22,,121.544291,25.0601757
112,9,2,1,38,2,06松山區,松山區復興北路與錦州街口,0,0,3,1,C03,8,5,5,50,3,1,1,5,4,5,13,1,1,9,4,5,2,13,1,25,2,9,5,4,7,7,1,10,1,13,,100,,1,22,,121.544291,25.0601757
112,9,2,2,39,2,08士林區,士林區天母東路6號,0,0,1,1,C03,6,5,5,50,14,9,1,4,4,5,13,4,4,1,4,5,2,17,2,24,2,8,6,1,7,9,1,10,1,11,,108,,1,21,,121.5305079,25.1181558
112,9,2,2,39,2,08士林區,士林區天母東路6號,0,0,1,2,B03,6,5,5,50,14,9,1,4,4,5,13,4,4,1,4,5,2,17,1,54,3,10,7,1,7,13,1,8,1,7,,44,,1,21,,121.5305079,25.1181558
112,9,2,3,17,2,04大安區,大安區基隆路2段與和平東路3段口口,0,0,1,1,C03,6,5,5,50,4,2,1,4,4,5,13,1,1,1,3,4,1,12,2,26,2,9,6,1,7,9,1,10,1,11,,44,,1,21,,121.5521186,25.02406545
112,9,2,3,17,2,04大安區,大安區基隆路2段與和平東路3段口口,0,0,1,2,B01,6,5,5,50,4,2,1,4,4,5,13,1,1,1,3,4,1,12,1,51,3,10,7,1,7,1,1,4,1,7,,19,,1,21,,121.5521186,25.02406545
112,9,2,5,40,2,11南港區,南港區中坡南路201巷6號對面,0,0,1,1,B03,6,5,5,30,11,9,1,4,4,5,13,4,4,9,5,5,2,13,1,69,3,10,3,4,7,9,1,8,1,1,,108,,1,21,,121.5863607,25.0417403
112,9,2,5,40,2,11南港區,南港區中坡南路201巷6號對面,0,0,1,2,F01,6,5,5,30,11,9,1,4,4,5,13,4,4,9,5,5,2,13,2,78,2,7,4,4,7,9,8,20,1,13,,44,,1,21,,121.5863607,25.0417403
112,9,2,6,54,2,09北投區,北投區西安街2段與立農街1段413巷口,0,0,1,2,C03,6,7,5,50,3,2,1,4,4,5,13,1,1,10,4,5,2,17,1,49,2,9,6,1,7,15,1,10,2,12,,42,,1,21,,121.5098431,25.1199669
112,9,2,6,54,2,09北投區,北投區西安街2段與立農街1段413巷口,0,0,1,1,C03,6,7,5,50,3,2,1,4,4,5,13,1,1,10,4,5,2,17,1,46,3,10,6,1,7,9,1,10,2,11,,44,,1,21,,121.5098431,25.1199669
112,9,2,8,10,2,10文山區,文山區萬壽路42號,0,0,1,1,C03,6,6,5,50,14,9,1,4,4,5,13,4,4,8,5,5,2,18,1,27,2,9,6,1,7,9,1,10,1,12,,44,,1,21,,121.5790305,24.989039
112,9,2,8,10,2,10文山區,文山區萬壽路42號,0,0,1,2,,6,6,5,50,14,9,1,4,4,5,13,4,4,8,5,5,2,18,3,0,,,,,,,,,,,,67,,1,,,121.5790305,24.989039
112,9,2,8,13,2,03中山區,中山區長安東路1段56巷與長安東路1段口,0,0,1,1,B03,6,5,5,30,3,2,1,4,4,5,13,4,4,4,3,5,1,17,1,65,3,10,7,1,7,5,1,8,1,17,,72,,1,21,,121.528926,25.04810473
112,9,2,8,13,2,03中山區,中山區長安東路1段56巷與長安東路1段口,0,0,1,2,C04,6,5,5,30,3,2,1,4,4,5,13,4,4,4,3,5,1,17,2,38,2,8,6,1,7,9,1,10,1,12,,44,,1,21,,121.528926,25.04810473
112,9,2,9,1,2,09北投區,北投區稻香路與稻香路150巷口,0,0,1,2,,6,7,5,40,5,1,1,4,4,5,13,1,1,5,5,5,2,18,3,0,,,,,,,,,,,,67,,1,,,121.4888711,25.1429894
112,9,2,9,1,2,09北投區,北投區稻香路與稻香路150巷口,0,0,1,1,C03,6,7,5,40,5,1,1,4,4,5,13,1,1,5,5,5,2,18,2,43,2,9,6,1,7,14,1,10,9,14,,44,,1,21,,121.4888711,25.1429894
112,9,2,9,11,2,06松山區,松山區健康路243號前騎樓,0,0,2,1,F01,6,7,5,0,22,25,1,4,4,5,13,4,4,10,5,5,2,16,1,50,2,8,4,1,7,9,8,20,1,11,,108,,1,21,,121.5638144,25.05420083
112,9,2,9,11,2,06松山區,松山區健康路243號前騎樓,0,0,2,2,F01,6,7,5,0,22,25,1,4,4,5,13,4,4,10,5,5,2,16,2,47,2,1,4,1,7,5,8,20,1,11,,108,,1,21,,121.5638144,25.05420083
112,9,2,9,13,2,06松山區,松山區市民大道6段101號,0,0,1,1,C03,7,5,5,40,14,9,1,4,4,3,13,1,1,1,3,5,2,12,1,27,2,8,6,1,7,9,1,10,1,14,,107,,1,22,,121.5762639,25.0494293
112,9,2,9,13,2,06松山區,松山區市民大道6段101號,0,0,1,2,B02,7,5,5,40,14,9,1,4,4,3,13,1,1,1,3,5,2,12,1,57,3,10,7,1,7,14,1,8,1,4,,38,,1,22,,121.5762639,25.0494293
112,9,2,9,40,2,10文山區,文山區忠順街1段9巷與光輝路口,0,0,1,2,C03,6,6,5,50,4,1,1,3,4,5,13,4,4,5,4,5,2,15,1,52,2,9,5,1,7,9,1,10,2,11,,118,,1,21,,121.5566082,24.98493022
112,9,2,9,40,2,10文山區,文山區忠順街1段9巷與光輝路口,0,0,1,1,C03,6,6,5,50,4,1,1,3,4,5,13,4,4,5,4,5,2,15,1,28,3,10,6,1,7,9,1,10,2,12,,118,,1,21,,121.5566082,24.98493022
112,9,2,9,49,2,02萬華區,萬華區西藏路448號,0,0,1,1,B12,6,7,5,50,14,9,1,4,4,5,13,4,4,3,5,5,1,12,1,62,3,10,7,4,7,7,1,8,1,6,,100,,1,22,,121.49678,25.0292244
112,9,2,9,49,2,02萬華區,萬華區西藏路448號,0,0,1,2,C03,6,7,5,50,14,9,1,4,4,5,13,4,4,3,5,5,1,12,1,31,2,9,5,4,7,9,1,10,1,14,,44,,1,22,,121.49678,25.0292244
112,9,2,9,53,2,10文山區,文山區興隆路4段6-10號,0,0,1,2,B03,8,6,5,50,14,9,1,5,4,5,13,3,1,4,3,5,2,13,1,43,3,10,7,1,7,15,1,8,2,6,,118,,1,21,,121.5596478,24.9897048
112,9,2,9,53,2,10文山區,文山區興隆路4段6-10號,0,0,1,1,C03,8,6,5,50,14,9,1,5,4,5,13,3,1,4,3,5,2,13,2,32,2,9,6,1,7,9,1,10,2,14,,108,,1,21,,121.5596478,24.9897048
112,9,2,9,58,2,02萬華區,萬華區艋舺大道與萬大路口,0,0,1,2,H02,6,7,6,50,4,2,1,4,4,5,13,1,1,1,5,5,2,9,1,57,2,5,7,5,7,20,8,20,10,16,,67,,1,21,,121.5007688,25.0330763
112,9,2,9,58,2,02萬華區,萬華區艋舺大道與萬大路口,0,0,1,1,A04,6,7,6,50,4,2,1,4,4,5,13,1,1,1,5,5,2,9,1,58,3,10,7,1,7,12,1,2,1,17,,44,,1,21,,121.5007688,25.0330763
112,9,2,10,33,2,04大安區,大安區敦化南路1段294號,0,0,2,1,C03,6,6,5,50,14,9,1,4,4,5,12,4,4,5,4,4,2,12,1,62,2,7,6,1,7,7,1,10,1,12,,100,,1,21,,121.5485948,25.03628537
112,9,2,10,33,2,04大安區,大安區敦化南路1段294號,0,0,2,2,C03,6,6,5,50,14,9,1,4,4,5,12,4,4,5,4,4,2,12,2,31,2,9,6,1,7,15,1,10,1,14,,44,,1,21,,121.5485948,25.03628537
112,9,2,11,3,2,04大安區,大安區基隆路3段與辛亥路3段口,0,0,1,2,C03,6,5,5,50,3,2,1,4,4,5,13,1,1,10,3,5,2,13,1,31,2,7,6,1,7,14,1,10,1,13,,44,,1,21,,121.5459871,25.0194402
112,9,2,11,3,2,04大安區,大安區基隆路3段與辛亥路3段口,0,0,1,1,B03,6,5,5,50,3,2,1,4,4,5,13,1,1,10,3,5,2,13,1,56,3,10,7,1,7,9,1,1,1,1,,16,,1,21,,121.5459871,25.0194402
112,9,2,11,5,2,08士林區,士林區基河路與基河路188巷口,0,0,1,1,C03,7,7,5,30,3,2,1,5,4,5,13,4,4,5,4,5,2,17,2,64,2,9,5,1,7,5,1,10,1,12,,72,,1,21,,121.5222702,25.0903841
112,9,2,11,5,2,08士林區,士林區基河路與基河路188巷口,0,0,1,2,B03,7,7,5,30,3,2,1,5,4,5,13,4,4,5,4,5,2,17,1,53,3,10,7,1,7,9,1,8,1,4,,44,,1,21,,121.5222702,25.0903841
112,9,2,11,8,2,07信義區,信義區信義路6段與信義路6段15巷口,0,0,1,1,B03,6,6,5,50,4,1,1,4,4,5,13,1,1,10,3,5,1,17,1,26,4,11,3,4,7,5,7,19,11,15,,74,,2,22,,121.5753303,25.0341881
112,9,2,11,8,2,07信義區,信義區信義路6段與信義路6段15巷口,0,0,1,2,C03,6,6,5,50,4,1,1,4,4,5,13,1,1,10,3,5,1,17,1,52,2,9,3,4,7,9,1,10,1,11,,42,,1,22,,121.5753303,25.0341881
112,9,2,11,15,2,08士林區,士林區光華路61巷4弄NO.1108336燈桿,0,0,1,2,B03,6,6,5,30,11,9,1,4,4,5,13,4,4,10,5,5,1,17,2,51,2,7,7,1,7,15,1,8,2,4,,44,,1,21,,121.5400167,25.1287008
112,9,2,11,15,2,08士林區,士林區光華路61巷4弄NO.1108336燈桿,0,0,1,1,B03,6,6,5,30,11,9,1,4,4,5,13,4,4,10,5,5,1,17,1,35,3,10,7,1,7,9,1,4,2,8,,13,,1,21,,121.5400167,25.1287008
112,9,2,11,20,2,04大安區,大安區羅斯福路4段113巷與羅斯福路4段113巷19弄口,0,0,1,1,C03,6,5,5,50,3,2,1,4,4,5,13,4,4,5,4,5,2,17,1,49,3,10,5,1,7,5,1,10,1,13,,74,,1,21,,121.5395702,25.0112944
112,9,2,11,20,2,04大安區,大安區羅斯福路4段113巷與羅斯福路4段113巷19弄口,0,0,1,2,C03,6,5,5,50,3,2,1,4,4,5,13,4,4,5,4,5,2,17,1,19,2,9,5,1,7,9,1,10,1,11,,14,,1,21,,121.5395702,25.0112944
112,9,2,11,20,2,04大安區,大安區羅斯福路4段113巷與羅斯福路4段113巷19弄口,0,0,1,3,B03,6,5,5,50,3,2,1,4,4,5,13,4,4,5,4,5,2,17,1,69,3,10,7,1,7,6,1,8,1,4,,72,,1,21,,121.5395702,25.0112944
112,9,2,11,25,2,10文山區,文山區木柵路3段169巷與秀明路1段口口,0,0,1,1,B03,6,5,5,30,3,1,1,4,4,5,13,3,1,10,5,4,2,16,1,82,3,10,7,1,7,5,6,18,2,4,,72,,1,21,,121.5683872,24.9914434
112,9,2,11,25,2,10文山區,文山區木柵路3段169巷與秀明路1段口口,0,0,1,2,C03,6,5,5,30,3,1,1,4,4,5,13,3,1,10,5,4,2,16,2,25,2,9,5,1,7,9,1,10,2,11,,44,,1,21,,121.5683872,24.9914434
112,9,2,11,38,2,06松山區,松山區寶清街與寶清街116巷口,0,0,1,1,B03,7,7,5,50,4,1,1,5,4,5,13,4,4,5,4,5,2,17,1,58,3,10,7,1,7,11,1,8,2,5,,10,,1,22,,121.5674525,25.05382606
112,9,2,11,38,2,06松山區,松山區寶清街與寶清街116巷口,0,0,1,2,C03,7,7,5,50,4,1,1,5,4,5,13,4,4,5,4,5,2,17,1,67,2,9,5,1,7,9,1,10,2,15,,44,,1,22,,121.5674525,25.05382606
112,9,2,11,47,2,09北投區,北投區明德路與西安街1段口,0,0,2,1,B03,8,7,5,50,4,1,1,5,4,5,13,2,1,8,3,5,2,17,1,19,3,10,7,1,7,15,1,8,1,5,,118,,1,21,,121.5190622,25.10905535
112,9,2,11,47,2,09北投區,北投區明德路與西安街1段口,0,0,2,2,C03,8,7,5,50,4,1,1,5,4,5,13,2,1,8,3,5,2,17,1,42,2,9,6,1,7,9,1,10,1,14,,44,,1,21,,121.5190622,25.10905535
112,9,2,11,47,2,09北投區,北投區明德路與西安街1段口,0,0,2,3,H02,8,7,5,50,4,1,1,5,4,5,13,2,1,8,3,5,2,17,2,44,2,9,6,5,7,20,8,20,10,16,,67,,1,21,,121.5190622,25.10905535
112,9,2,11,56,2,09北投區,北投區承信路與無名路口利德工程工地門口,0,0,1,2,C03,8,7,5,50,14,9,1,5,4,5,13,4,4,5,4,5,2,16,1,45,2,8,6,1,7,9,1,10,1,14,,44,,1,21,,121.5132235,25.1034571
112,9,2,11,56,2,09北投區,北投區承信路與無名路口利德工程工地門口,0,0,1,1,B12,8,7,5,50,14,9,1,5,4,5,13,4,4,5,4,5,2,16,1,67,3,10,7,1,7,7,1,8,1,5,,100,,1,21,,121.5132235,25.1034571
112,9,2,12,0,2,03中山區,中山區復興北路176號,0,0,1,1,B03,8,6,5,50,14,9,1,5,4,5,13,4,4,1,4,5,2,12,1,29,3,10,3,4,7,8,1,8,1,5,,17,,1,21,,121.5440231,25.0540168
112,9,2,12,0,2,03中山區,中山區復興北路176號,0,0,1,2,C03,8,6,5,50,14,9,1,5,4,5,13,4,4,1,4,5,2,12,2,64,2,8,5,4,7,9,1,10,1,14,,17,,1,21,,121.5440231,25.0540168
112,9,2,12,9,2,07信義區,信義區松勤街41號,0,0,2,1,B03,6,6,5,30,14,9,1,4,4,5,13,4,4,8,5,5,2,12,2,47,3,10,3,4,7,7,1,8,1,8,,100,,1,21,,121.5642212,25.0319912
112,9,2,12,9,2,07信義區,信義區松勤街41號,0,0,2,3,H02,6,6,5,30,14,9,1,4,4,5,13,4,4,8,5,5,2,12,2,9,2,9,5,5,7,17,8,20,10,16,,67,,1,21,,121.5642212,25.0319912
112,9,2,12,9,2,07信義區,信義區松勤街41號,0,0,2,2,C03,6,6,5,30,14,9,1,4,4,5,13,4,4,8,5,5,2,12,2,47,2,9,5,4,7,4,1,10,1,11,12,108,,1,21,,121.5642212,25.0319912
112,9,2,12,20,2,04大安區,大安區辛亥路2段與辛亥路2段口向西迴轉道,0,0,1,1,C03,6,6,5,50,3,1,1,4,4,5,13,3,1,1,4,5,2,16,2,23,2,9,6,1,7,11,1,10,1,14,,103,,1,21,,121.5352905,25.0226559
112,9,2,12,20,2,04大安區,大安區辛亥路2段與辛亥路2段口向西迴轉道,0,0,1,2,B03,6,6,5,50,3,1,1,4,4,5,13,3,1,1,4,5,2,16,1,50,3,10,7,1,7,9,1,8,1,1,,44,,1,21,,121.5352905,25.0226559
112,9,2,12,20,2,04大安區,大安區辛亥路2段與辛亥路2段口向西迴轉道,0,0,1,3,B02,6,6,5,50,3,1,1,4,4,5,13,3,1,1,4,5,2,16,2,42,3,10,7,1,7,14,1,8,1,2,,44,,1,21,,121.5352905,25.0226559
112,9,2,12,35,2,03中山區,中山區建國高架道往北下長安匝道,0,0,1,6,H02,8,7,6,40,10,16,1,5,4,5,13,4,4,10,4,5,2,12,2,42,2,1,3,5,7,20,8,20,10,16,,67,,1,22,,121.53683,25.04688549
112,9,2,12,35,2,03中山區,中山區建國高架道往北下長安匝道,0,0,1,2,B03,8,7,6,40,10,16,1,5,4,5,13,4,4,10,4,5,2,12,1,45,3,10,3,4,7,9,1,8,2,2,,44,,1,21,,121.53683,25.04688549
112,9,2,12,35,2,03中山區,中山區建國高架道往北下長安匝道,0,0,1,1,B03,8,7,6,40,10,16,1,5,4,5,13,4,4,10,4,5,2,12,1,79,3,10,3,4,7,9,1,8,2,4,,42,,1,21,,121.53683,25.04688549
112,9,2,12,35,2,03中山區,中山區建國高架道往北下長安匝道,0,0,1,4,B03,8,7,6,40,10,16,1,5,4,5,13,4,4,10,4,5,2,12,1,67,3,10,3,4,7,9,1,8,2,3,,44,,1,21,,121.53683,25.04688549
112,9,2,12,35,2,03中山區,中山區建國高架道往北下長安匝道,0,0,1,3,B03,8,7,6,40,10,16,1,5,4,5,13,4,4,10,4,5,2,12,1,24,3,10,3,4,7,9,1,8,2,2,,44,,1,21,,121.53683,25.04688549
112,9,2,12,35,2,03中山區,中山區建國高架道往北下長安匝道,0,0,1,5,B03,8,7,6,40,10,16,1,5,4,5,13,4,4,10,4,5,2,12,1,36,3,10,3,4,7,9,1,8,2,3,,44,,1,22,,121.53683,25.04688549
112,9,2,13,2,2,04大安區,大安區建國高架道向北071號燈桿,0,0,1,1,A04,8,6,5,70,14,9,1,5,4,5,13,4,4,2,4,5,2,13,1,48,3,10,7,1,7,9,1,2,1,1,,16,,1,21,,121.5377913,25.02564121
112,9,2,13,2,2,04大安區,大安區建國高架道向北071號燈桿,0,0,1,2,B03,8,6,5,70,14,9,1,5,4,5,13,4,4,2,4,5,2,13,1,35,2,1,7,1,7,9,1,8,1,3,,44,,1,21,,121.5377913,25.02564121
112,9,2,13,2,2,04大安區,大安區建國高架道向北071號燈桿,0,0,1,3,B03,8,6,5,70,14,9,1,5,4,5,13,4,4,2,4,5,2,13,1,26,3,10,7,1,7,9,1,8,1,3,,44,,1,21,,121.5377913,25.02564121
112,9,2,13,38,2,06松山區,松山區民生東路5段165-7號,0,0,1,2,C03,8,7,5,50,14,9,1,5,4,5,13,4,4,9,4,5,2,17,1,68,2,9,6,1,7,14,1,10,1,15,,44,,1,22,,121.5641217,25.05906356
112,9,2,13,38,2,06松山區,松山區民生東路5段165-7號,0,0,1,1,B03,8,7,5,50,14,9,1,5,4,5,13,4,4,9,4,5,2,17,2,73,3,10,7,1,7,3,1,8,1,8,,18,,1,22,,121.5641217,25.05906356
112,9,2,14,39,2,06松山區,松山區敦化北路與民權東路3段口,0,0,1,2,B01,8,7,5,50,4,1,1,5,4,5,13,2,1,1,4,1,2,16,1,51,3,10,7,1,7,9,1,4,2,4,,44,,1,21,,121.5505746,25.06162573
112,9,2,14,39,2,06松山區,松山區敦化北路與民權東路3段口,0,0,1,1,B03,8,7,5,50,4,1,1,5,4,5,13,2,1,1,4,1,2,16,2,37,3,10,7,1,7,5,1,8,2,5,,83,,1,21,,121.5505746,25.06162573
112,9,2,14,39,2,06松山區,松山區敦化北路與民權東路3段口,0,0,1,3,H02,8,7,5,50,4,1,1,5,4,5,13,2,1,1,4,1,2,16,2,36,2,7,7,5,7,20,8,20,10,16,,67,,1,21,,121.5505746,25.06162573
112,9,2,15,13,2,11南港區,南港區南港路3段92號,0,0,1,1,B03,8,7,5,50,14,9,1,5,4,5,13,4,4,5,4,5,1,12,1,58,3,10,3,4,7,1,1,8,1,8,,19,,1,21,,121.6037724,25.0538589
112,9,2,15,13,2,11南港區,南港區南港路3段92號,0,0,1,2,C03,8,7,5,50,14,9,1,5,4,5,13,4,4,5,4,5,1,12,1,39,2,9,3,4,7,9,1,10,1,11,,44,,1,21,,121.6037724,25.0538589
112,9,2,16,8,2,12內湖區,內湖區瑞光路與江南街口,0,0,4,4,H02,6,6,5,50,3,1,1,4,4,5,13,3,1,9,4,5,2,16,1,11,2,9,6,5,7,20,8,20,10,16,,67,,1,14,,121.5754364,25.0760766
112,9,2,16,8,2,12內湖區,內湖區瑞光路與江南街口,0,0,4,3,H02,6,6,5,50,3,1,1,4,4,5,13,3,1,9,4,5,2,16,2,18,2,8,6,5,7,20,8,20,10,16,,67,,1,21,,121.5754364,25.0760766
112,9,2,16,8,2,12內湖區,內湖區瑞光路與江南街口,0,0,4,2,C04,6,6,5,50,3,1,1,4,4,5,13,3,1,9,4,5,2,16,1,22,2,9,6,1,7,9,1,10,2,11,,44,,1,21,,121.5754364,25.0760766
112,9,2,16,8,2,12內湖區,內湖區瑞光路與江南街口,0,0,4,1,C03,6,6,5,50,3,1,1,4,4,5,13,3,1,9,4,5,2,16,1,24,2,8,6,1,7,5,1,10,2,12,,74,,1,21,,121.5754364,25.0760766
112,9,2,16,12,2,06松山區,松山區市民大道4段39號與市民大道4段口,0,0,1,2,C03,8,6,5,40,3,1,1,5,4,5,13,4,4,1,4,5,2,16,1,66,2,8,5,1,7,9,1,10,2,11,,108,,1,22,,121.5455507,25.04516766
112,9,2,16,12,2,06松山區,松山區市民大道4段39號與市民大道4段口,0,0,1,1,B03,8,6,5,40,3,1,1,5,4,5,13,4,4,1,4,5,2,16,1,41,3,10,7,1,7,7,1,8,2,6,,100,,1,22,,121.5455507,25.04516766
112,9,2,16,41,2,04大安區,大安區敦化南路1段138號,0,0,1,1,B03,8,7,5,50,14,8,1,5,4,5,13,4,4,9,4,1,1,12,1,34,3,10,3,4,7,7,1,8,2,8,,100,,1,29,,121.5486669,25.0444816
112,9,2,16,41,2,04大安區,大安區敦化南路1段138號,0,0,1,2,C03,8,7,5,50,14,8,1,5,4,5,13,4,4,9,4,1,1,12,2,63,2,9,3,4,7,9,1,10,2,12,,44,,1,22,,121.5486669,25.0444816
112,9,2,16,45,2,07信義區,信義區松山路519號,0,0,1,2,C03,8,6,5,50,14,9,1,5,4,5,13,4,4,9,5,5,2,12,2,33,2,8,5,1,7,9,1,10,1,11,,44,,1,22,,121.5781187,25.03831633
112,9,2,16,45,2,07信義區,信義區松山路519號,0,0,1,1,B03,8,6,5,50,14,9,1,5,4,5,13,4,4,9,5,5,2,12,1,30,3,10,3,4,7,7,1,8,1,2,,100,,1,22,,121.5781187,25.03831633
112,9,2,17,10,2,08士林區,士林區社中街458巷與通河西街2段口,0,0,2,1,B03,8,6,5,30,3,1,1,5,4,5,13,4,4,9,5,5,2,17,1,49,3,10,3,4,7,6,1,8,1,8,,72,,1,21,,121.5022439,25.0936335
112,9,2,17,10,2,08士林區,士林區社中街458巷與通河西街2段口,0,0,2,2,C03,8,6,5,30,3,1,1,5,4,5,13,4,4,9,5,5,2,17,1,69,2,7,3,4,7,9,1,10,1,11,,16,,1,21,,121.5022439,25.0936335
112,9,2,17,10,2,08士林區,士林區社中街458巷與通河西街2段口,0,0,2,3,C03,8,6,5,30,3,1,1,5,4,5,13,4,4,9,5,5,2,17,1,58,2,7,3,4,7,9,1,10,1,13,,44,,1,21,,121.5022439,25.0936335
112,9,2,17,12,2,04大安區,大安區信義路4段382號與信義路4段378巷口,0,0,1,2,C03,8,6,5,50,3,2,1,5,4,3,10,4,4,9,4,5,1,13,1,55,2,1,5,1,7,9,1,10,2,11,,108,,1,21,,121.5560776,25.03299763
112,9,2,17,12,2,04大安區,大安區信義路4段382號與信義路4段378巷口,0,0,1,1,B03,8,6,5,50,3,2,1,5,4,3,10,4,4,9,4,5,1,13,1,35,3,10,7,1,7,1,1,8,2,7,,19,,1,21,,121.5560776,25.03299763
112,9,2,17,21,2,02萬華區,萬華區三水街25巷與三水街口,0,0,1,2,C03,8,6,5,30,4,1,1,5,4,5,13,4,4,10,5,5,1,15,1,41,3,10,5,1,7,9,1,10,1,11,,108,,1,21,,121.5044802,25.0348051
112,9,2,17,21,2,02萬華區,萬華區三水街25巷與三水街口,0,0,1,1,C03,8,6,5,30,4,1,1,5,4,5,13,4,4,10,5,5,1,15,2,28,2,9,5,1,7,9,1,10,1,12,,75,,1,21,,121.5044802,25.0348051
112,9,2,17,27,2,07信義區,信義區忠孝東路5段236巷3弄5號,0,0,1,2,C03,8,6,5,30,14,9,1,5,4,5,13,4,4,10,5,5,2,11,1,46,2,9,5,1,7,9,1,10,1,14,,44,,1,21,,121.5722535,25.04044054
112,9,2,17,27,2,07信義區,信義區忠孝東路5段236巷3弄5號,0,0,1,1,B03,8,6,5,30,14,9,1,5,4,5,13,4,4,10,5,5,2,11,4,0,,,,,,,,,11,,,119,,2,,,121.5722535,25.04044054
112,9,2,17,37,2,02萬華區,萬華區環河南路3段107號,0,0,3,2,C03,8,7,5,50,14,9,1,5,4,5,13,4,4,1,4,5,2,17,1,31,2,8,5,1,7,9,6,18,1,12,,44,,1,21,,121.4907095,25.02486164
112,9,2,17,37,2,02萬華區,萬華區環河南路3段107號,0,0,3,3,H02,8,7,5,50,14,9,1,5,4,5,13,4,4,1,4,5,2,17,2,22,2,8,5,5,7,20,8,20,10,16,,67,,1,21,,121.4907095,25.02486164
112,9,2,17,37,2,02萬華區,萬華區環河南路3段107號,0,0,3,1,C03,8,7,5,50,14,9,1,5,4,5,13,4,4,1,4,5,2,17,2,37,2,9,5,1,7,1,1,10,1,14,,19,,1,21,,121.4907095,25.02486164
112,9,2,17,52,2,12內湖區,內湖區港墘路與港墘路155巷口口,0,0,1,2,B03,6,6,5,50,3,2,1,4,5,5,13,4,4,1,4,5,2,17,1,42,3,10,3,4,7,13,1,8,9,4,,38,,1,21,,121.575501,25.07716617
112,9,2,17,52,2,12內湖區,內湖區港墘路與港墘路155巷口口,0,0,1,1,C03,6,6,5,50,3,2,1,4,5,5,13,4,4,1,4,5,2,17,1,34,2,9,5,1,7,9,1,11,9,12,,108,,1,21,,121.575501,25.07716617
112,9,2,17,57,2,05中正區,中正區中山南路與信義路1段口,0,0,1,2,B01,6,6,8,50,22,22,1,4,4,5,13,2,1,10,4,3,2,17,1,64,3,10,7,1,7,9,1,8,2,5,,44,,1,21,,121.5181062,25.0386823
112,9,2,17,57,2,05中正區,中正區中山南路與信義路1段口,0,0,1,1,C03,6,6,8,50,22,22,1,4,4,5,13,2,1,10,4,3,2,17,1,18,2,9,5,1,7,5,1,10,2,14,,96,,1,21,,121.5181062,25.0386823
112,9,2,18,12,2,04大安區,大安區仁愛路3段118巷與仁愛路3段口,0,0,1,2,C03,7,6,5,50,4,1,1,5,4,5,13,2,1,10,5,5,2,16,1,25,2,9,6,4,7,9,1,10,1,14,,44,,1,22,,121.5399238,25.0377133
112,9,2,18,12,2,04大安區,大安區仁愛路3段118巷與仁愛路3段口,0,0,1,1,B03,7,6,5,50,4,1,1,5,4,5,13,2,1,10,5,5,2,16,1,37,3,10,3,4,7,6,1,8,1,6,,9,,1,22,,121.5399238,25.0377133