發生年度,發生月,發生日,發生時-Hours,發生分,處理別-編號,區序,肇事地點,死亡人數,2-30日死亡人數,受傷人數,當事人序號,車種,天候,光線,道路類別,速限-速度限制,道路型態,事故位置,路面狀況1,路面狀況2,路面狀況3,道路障礙1,道路障礙2,號誌1,號誌2,車道劃分-分向,車道劃分-分道1,車道劃分-分道2,車道劃分-分道3,事故類型及型態,性別,年齡,受傷程度,主要傷處,保護裝置,行動電話,車輛用途,當事者行動狀態,駕駛資格情形,駕駛執照種類,飲酒情形,車輛撞擊部位1,車輛撞擊部位2,肇因碼-個別,肇因碼-主要,個人肇逃否,職業,旅次目的,座標-X,座標-Y
112,9,4,8,17,2,07信義區,信義區忠孝東路5段236巷與忠孝東路5段口口,0,0,1,1,B03,6,7,5,50,4,1,1,4,4,5,13,2,1,5,4,5,1,16,1,43,3,10,3,4,7,6,1,8,1,2,,9,,1,21,,121.5720013,25.0408958
112,9,4,8,17,2,07信義區,信義區忠孝東路5段236巷與忠孝東路5段口口,0,0,1,2,C03,6,7,5,50,4,1,1,4,4,5,13,2,1,5,4,5,1,16,2,65,2,5,3,4,7,9,1,10,1,11,,44,,1,21,,121.5720013,25.0408958
112,9,4,8,37,2,01大同區,大同區錦西街與錦西街38巷口,0,0,1,1,B03,6,5,5,50,4,1,1,4,4,5,13,1,1,5,5,5,2,16,1,53,3,10,7,1,7,5,1,8,1,1,,74,,1,21,,121.5200647,25.0603782
112,9,4,8,37,2,01大同區,大同區錦西街與錦西街38巷口,0,0,1,2,C03,6,5,5,50,4,1,1,4,4,5,13,1,1,5,5,5,2,16,2,31,2,8,5,1,7,9,1,10,1,11,,44,,1,21,,121.5200647,25.0603782
112,9,4,8,49,2,02萬華區,萬華區環河南路2段與和平西路3段口,0,0,2,2,C03,6,7,5,50,4,1,1,4,4,5,13,2,1,3,5,5,1,15,1,41,2,9,5,4,7,9,1,10,1,11,,13,,1,22,,121.494384,25.03532614
112,9,4,8,49,2,02萬華區,萬華區環河南路2段與和平西路3段口,0,0,2,1,C03,6,7,5,50,4,1,1,4,4,5,13,2,1,3,5,5,1,15,2,35,2,9,5,4,7,9,1,10,1,14,,81,,1,22,,121.494384,25.03532614
112,9,4,9,10,2,12內湖區,內湖區南湖大橋北向南,0,0,1,1,C03,6,6,5,50,8,9,1,4,4,5,13,4,4,1,4,5,2,13,1,27,2,9,6,1,7,9,1,10,2,11,,44,,1,21,,121.6116433,25.06321815
112,9,4,9,10,2,12內湖區,內湖區南湖大橋北向南,0,0,1,2,B03,6,6,5,50,8,9,1,4,4,5,13,4,4,1,4,5,2,13,1,31,3,10,7,1,7,8,1,8,2,3,,100,,1,21,,121.6116433,25.06321815
112,9,4,9,19,2,10文山區,文山區木柵路5段43巷富德公墓電燈桿74,0,0,1,1,B03,6,7,8,30,11,9,1,4,4,5,13,4,4,10,5,5,2,11,1,59,3,10,7,1,7,9,1,8,2,8,,13,,1,21,,121.5727486,25.01284999
112,9,4,9,19,2,10文山區,文山區木柵路5段43巷富德公墓電燈桿74,0,0,1,2,C03,6,7,8,30,11,9,1,4,4,5,13,4,4,10,5,5,2,11,2,28,2,9,6,1,7,9,1,10,2,11,12,44,,1,21,,121.5727486,25.01284999
112,9,4,9,41,2,02萬華區,萬華區西藏路與西園路2段254巷口口,0,0,2,2,C03,7,5,5,50,4,1,1,4,4,5,13,1,1,10,5,5,2,15,1,49,2,9,3,4,7,9,1,10,1,14,,44,,1,21,,121.4943559,25.02865333
112,9,4,9,41,2,02萬華區,萬華區西藏路與西園路2段254巷口口,0,0,2,1,C03,7,5,5,50,4,1,1,4,4,5,13,1,1,10,5,5,2,15,2,25,2,9,3,4,7,9,1,10,1,11,,81,,1,21,,121.4943559,25.02865333
112,9,4,9,48,2,02萬華區,萬華區萬大路497號,0,0,1,2,H02,7,5,5,50,14,9,1,5,4,5,13,4,4,2,4,4,2,9,2,82,2,9,2,5,7,20,8,20,10,16,,118,,1,21,,121.4977461,25.01997037
112,9,4,9,48,2,02萬華區,萬華區萬大路497號,0,0,1,1,A02,7,5,5,50,14,9,1,5,4,5,13,4,4,2,4,4,2,9,1,46,3,10,7,1,7,1,1,2,9,17,,118,,1,21,,121.4977461,25.01997037
112,9,4,9,55,2,03中山區,中山區建國北路2段與興安街口,0,0,1,3,B03,6,7,5,50,4,2,1,4,4,5,13,2,1,1,5,5,2,18,1,65,3,10,3,4,7,6,1,8,9,17,,9,,1,21,,121.53757,25.0559838
112,9,4,9,55,2,03中山區,中山區建國北路2段與興安街口,0,0,1,2,,6,7,5,50,4,2,1,4,4,5,13,2,1,1,5,5,2,18,3,0,,,,,,,,,10,,,67,,1,,,121.53757,25.0559838
112,9,4,9,55,2,03中山區,中山區建國北路2段與興安街口,0,0,1,1,C03,6,7,5,50,4,2,1,4,4,5,13,2,1,1,5,5,2,18,1,23,2,7,3,4,7,9,1,10,1,17,,44,,1,21,,121.53757,25.0559838
112,9,4,9,56,2,03中山區,中山區民權東路2段與松江路口,0,0,1,1,B03,8,5,5,50,4,2,1,5,4,5,13,1,1,5,4,5,2,17,1,47,3,10,3,4,7,8,1,8,1,17,,100,,1,21,,121.533412,25.06260891
112,9,4,9,56,2,03中山區,中山區民權東路2段與松江路口,0,0,1,2,C03,8,5,5,50,4,2,1,5,4,5,13,1,1,5,4,5,2,17,1,29,2,9,5,4,7,9,1,10,1,17,,44,,1,22,,121.533412,25.06260891
112,9,4,10,24,2,05中正區,中正區重慶南路3段5號,0,0,1,3,C03,6,6,5,50,14,10,1,4,4,1,13,4,4,1,4,5,2,17,2,45,3,10,5,1,7,9,1,10,2,13,,44,,1,21,,121.5155012,25.02929529
112,9,4,10,24,2,05中正區,中正區重慶南路3段5號,0,0,1,2,B01,6,6,5,50,14,10,1,4,4,1,13,4,4,1,4,5,2,17,1,67,3,10,7,1,7,9,1,4,2,5,,44,,1,21,,121.5155012,25.02929529
112,9,4,10,24,2,05中正區,中正區重慶南路3段5號,0,0,1,1,C03,6,6,5,50,14,10,1,4,4,1,13,4,4,1,4,5,2,17,2,29,2,9,5,1,7,9,1,10,2,11,,16,,1,21,,121.5155012,25.02929529
112,9,4,10,59,2,09北投區,北投區公館路與溫泉路30巷口,0,0,1,1,C03,6,5,5,50,3,1,1,4,4,5,13,4,4,5,5,5,2,17,4,0,,,,,,,,,,,,119,,2,,,121.5030218,25.1330423
112,9,4,10,59,2,09北投區,北投區公館路與溫泉路30巷口,0,0,1,2,C03,6,5,5,50,3,1,1,4,4,5,13,4,4,5,5,5,2,17,1,37,2,8,6,1,7,1,1,10,1,13,,19,,1,21,,121.5030218,25.1330423
112,9,4,11,12,2,01大同區,大同區承德路1段與承德路1段69巷口,0,0,1,2,C03,6,6,5,0,3,2,1,4,4,5,13,2,1,1,4,5,2,17,1,32,2,9,6,4,7,9,1,10,1,14,,118,,1,22,,121.5174289,25.0519379
112,9,4,11,12,2,01大同區,大同區承德路1段與承德路1段69巷口,0,0,1,1,C03,6,6,5,0,3,2,1,4,4,5,13,2,1,1,4,5,2,17,2,66,4,11,3,4,7,21,7,19,11,15,,118,,2,22,,121.5174289,25.0519379
112,9,4,12,0,2,07信義區,信義區基隆路1段172巷與忠孝東路4段559巷16弄口,0,0,1,1,C03,6,6,5,30,3,2,1,4,4,5,13,4,4,10,5,5,2,18,1,34,2,7,6,1,7,9,1,10,9,12,,42,,1,21,,121.5648651,25.04320755
112,9,4,12,0,2,07信義區,信義區基隆路1段172巷與忠孝東路4段559巷16弄口,0,0,1,2,,6,6,5,30,3,2,1,4,4,5,13,4,4,10,5,5,2,18,3,0,,,,,,,,,,,,67,,1,,,121.5648651,25.04320755
112,9,4,12,1,2,04大安區,大安區芳蘭路(106汽車停車格)往北,0,0,1,1,B03,6,7,5,50,14,9,1,4,4,5,13,4,4,4,3,5,1,12,1,72,3,10,7,1,7,1,1,8,1,8,,19,,1,21,,121.5484356,25.01626237
112,9,4,12,1,2,04大安區,大安區芳蘭路(106汽車停車格)往北,0,0,1,2,C03,6,7,5,50,14,9,1,4,4,5,13,4,4,4,3,5,1,12,1,37,2,7,5,1,7,9,1,10,1,11,,44,,1,26,,121.5484356,25.01626237
112,9,4,12,2,2,07信義區,信義區虎林街與信義路6段76巷3弄口,0,0,1,2,B03,6,7,5,30,4,2,1,4,4,5,13,4,4,10,5,5,2,17,1,28,3,10,7,1,7,6,1,10,2,1,,74,,1,21,,121.5781849,25.03566052
112,9,4,12,2,2,07信義區,信義區虎林街與信義路6段76巷3弄口,0,0,1,1,C03,6,7,5,30,4,2,1,4,4,5,13,4,4,10,5,5,2,17,1,47,2,7,5,1,7,9,1,10,2,12,,5,,1,21,,121.5781849,25.03566052
112,9,4,12,23,2,02萬華區,萬華區康定路與桂林路口,0,0,1,1,B03,6,6,5,50,4,1,1,4,4,5,13,1,1,8,3,5,1,15,1,46,3,10,7,1,7,9,3,18,1,1,,81,,1,21,,121.5017453,25.0383497
112,9,4,12,23,2,02萬華區,萬華區康定路與桂林路口,0,0,1,2,C03,6,6,5,50,4,1,1,4,4,5,13,1,1,8,3,5,1,15,1,60,2,9,5,1,7,9,1,10,1,14,,44,,1,21,,121.5017453,25.0383497
112,9,4,12,37,2,01大同區,大同區雙連街與萬全街口,0,0,1,1,B01,6,6,5,30,4,1,1,4,4,5,13,4,4,10,5,5,2,15,1,68,3,10,3,4,7,9,1,4,1,5,,72,,1,22,,121.5189614,25.0584322
112,9,4,12,37,2,01大同區,大同區雙連街與萬全街口,0,0,1,2,C03,6,6,5,30,4,1,1,4,4,5,13,4,4,10,5,5,2,15,2,28,2,9,6,4,7,9,1,10,1,11,,44,,1,22,,121.5189614,25.0584322
112,9,4,12,44,2,03中山區,中山區基湖路與基湖路145巷口,0,0,1,1,C03,6,6,5,30,4,1,1,4,4,5,13,4,4,10,5,5,2,17,1,52,3,10,5,1,7,5,1,10,1,13,,72,,1,21,,121.5639046,25.07829734
112,9,4,12,44,2,03中山區,中山區基湖路與基湖路145巷口,0,0,1,2,C03,6,6,5,30,4,1,1,4,4,5,13,4,4,10,5,5,2,17,1,25,2,9,5,1,7,9,1,10,1,14,11,13,,1,21,,121.5639046,25.07829734
112,9,4,13,7,2,04大安區,大安區忠孝東路3段46號,0,0,1,1,B01,6,6,5,50,14,9,1,4,4,5,13,4,4,1,4,5,2,17,1,45,3,10,7,1,7,14,1,4,1,6,,38,,1,21,,121.5350724,25.0418653
112,9,4,13,7,2,04大安區,大安區忠孝東路3段46號,0,0,1,2,C03,6,6,5,50,14,9,1,4,4,5,13,4,4,1,4,5,2,17,2,47,2,9,6,1,7,9,1,10,1,14,,44,,1,21,,121.5350724,25.0418653
112,9,4,13,7,2,04大安區,大安區忠孝東路3段46號,0,0,1,3,H02,6,6,5,50,14,9,1,4,4,5,13,4,4,1,4,5,2,17,2,64,3,10,4,5,7,19,8,20,10,16,,126,,1,21,,121.5350724,25.0418653
112,9,4,13,47,2,04大安區,大安區延吉街與延吉街138巷口,0,0,1,2,C03,6,6,5,50,4,2,1,4,4,5,13,4,4,5,5,5,1,12,2,72,2,9,6,1,7,8,1,10,1,14,,100,,1,21,,121.5551583,25.0397366
112,9,4,13,47,2,04大安區,大安區延吉街與延吉街138巷口,0,0,1,1,B03,6,6,5,50,4,2,1,4,4,5,13,4,4,5,5,5,1,12,1,44,3,10,7,1,7,9,1,8,1,5,,44,,1,21,,121.5551583,25.0397366
112,9,4,13,49,2,04大安區,大安區羅斯福路3段37號前,0,0,1,1,B03,7,7,5,0,14,9,1,5,4,5,13,4,4,8,3,5,1,13,1,36,3,10,7,1,7,8,1,8,1,6,,100,,1,21,,121.525329,25.02340976
112,9,4,13,49,2,04大安區,大安區羅斯福路3段37號前,0,0,1,2,C03,7,7,5,0,14,9,1,5,4,5,13,4,4,8,3,5,1,13,1,44,2,8,5,1,7,12,1,10,1,11,,108,,1,26,,121.525329,25.02340976
112,9,4,13,50,2,05中正區,中正區和平西路1段與重慶南路3段口口,0,0,2,1,C03,7,6,5,50,5,1,1,4,4,5,13,1,1,1,4,5,1,12,1,26,2,8,6,1,7,7,1,10,1,12,,100,,1,21,,121.515857,25.0274526
112,9,4,13,50,2,05中正區,中正區和平西路1段與重慶南路3段口口,0,0,2,2,C03,7,6,5,50,5,1,1,4,4,5,13,1,1,1,4,5,1,12,1,27,2,8,6,1,7,9,1,10,1,11,,44,,1,21,,121.515857,25.0274526
112,9,4,14,3,2,07信義區,信義區松信路18號,0,0,1,1,B03,8,7,5,50,14,9,1,5,4,5,13,4,4,5,4,4,2,17,1,59,3,10,7,1,7,11,1,8,1,17,,10,,1,21,,121.5721924,25.04858823
112,9,4,14,3,2,07信義區,信義區松信路18號,0,0,1,2,C03,8,7,5,50,14,9,1,5,4,5,13,4,4,5,4,4,2,17,1,41,2,7,5,1,7,9,1,8,1,11,,44,,1,21,,121.5721924,25.04858823
112,9,4,14,14,2,07信義區,信義區松德路168巷與松德路口口,0,0,1,2,C03,6,7,5,30,3,2,1,4,4,5,13,3,1,1,4,4,2,17,2,33,2,9,6,1,7,9,1,10,1,14,,14,,1,22,,121.574521,25.0365924
112,9,4,14,14,2,07信義區,信義區松德路168巷與松德路口口,0,0,1,1,B03,6,7,5,30,3,2,1,4,4,5,13,3,1,1,4,4,2,17,2,51,3,10,7,1,7,6,1,8,1,2,,9,,1,22,,121.574521,25.0365924
112,9,4,14,25,2,01大同區,大同區鄭州路與環河北路1段口,0,0,1,1,B03,8,6,5,40,4,1,1,5,4,5,13,2,1,1,4,5,2,13,1,47,3,10,7,1,7,5,1,8,1,1,,17,,1,21,,121.5069282,25.05079272
112,9,4,14,25,2,01大同區,大同區鄭州路與環河北路1段口,0,0,1,2,C03,8,6,5,40,4,1,1,5,4,5,13,2,1,1,4,5,2,13,2,48,2,9,5,1,7,5,1,10,1,13,,17,,1,21,,121.5069282,25.05079272
112,9,4,15,10,2,06松山區,松山區民生東路4段102號,0,0,1,3,B01,8,5,5,50,14,9,1,5,4,5,13,4,4,9,5,5,2,12,1,68,3,10,7,1,7,14,1,4,9,15,,38,,1,21,,121.5539979,25.05812331
112,9,4,15,10,2,06松山區,松山區民生東路4段102號,0,0,1,2,C03,8,5,5,50,14,9,1,5,4,5,13,4,4,9,5,5,2,12,2,42,2,8,6,1,7,8,1,21,1,17,,100,,1,21,,121.5539979,25.05812331
112,9,4,15,10,2,06松山區,松山區民生東路4段102號,0,0,1,1,B03,8,5,5,50,14,9,1,5,4,5,13,4,4,9,5,5,2,12,1,58,3,10,7,1,7,8,1,8,1,17,,108,,1,21,,121.5539979,25.05812331
112,9,4,15,38,2,03中山區,中山區民生東路2段與民生東路2段90巷口,0,0,1,1,B03,7,6,5,50,3,1,1,5,4,5,13,4,4,4,5,5,1,16,2,54,3,10,3,4,7,6,1,8,1,5,,9,,1,21,,121.530783,25.05796393
112,9,4,15,38,2,03中山區,中山區民生東路2段與民生東路2段90巷口,0,0,1,4,B03,7,6,5,50,3,1,1,5,4,5,13,4,4,4,5,5,1,16,1,64,3,10,3,4,7,14,1,8,11,17,,38,,1,21,,121.530783,25.05796393
112,9,4,15,38,2,03中山區,中山區民生東路2段與民生東路2段90巷口,0,0,1,2,C03,7,6,5,50,3,1,1,5,4,5,13,4,4,4,5,5,1,16,1,35,3,10,3,4,7,9,1,10,1,14,,108,,1,21,,121.530783,25.05796393
112,9,4,15,38,2,03中山區,中山區民生東路2段與民生東路2段90巷口,0,0,1,3,H02,7,6,5,50,3,1,1,5,4,5,13,4,4,4,5,5,1,16,2,35,2,8,3,5,7,20,8,20,10,16,,67,,1,21,,121.530783,25.05796393
112,9,4,15,45,2,09北投區,北投區文林北路176號,0,0,1,2,B03,7,7,5,50,14,7,1,5,4,5,13,4,4,1,4,5,2,13,2,42,2,1,7,1,7,9,1,8,1,3,,44,,1,22,,121.5158195,25.10679253
112,9,4,15,45,2,09北投區,北投區文林北路176號,0,0,1,1,B01,7,7,5,50,14,7,1,5,4,5,13,4,4,1,4,5,2,13,1,58,3,10,7,1,7,9,1,2,1,1,,16,,1,22,,121.5158195,25.10679253
112,9,4,16,13,2,01大同區,大同區重慶北路1段99號,0,0,1,2,C03,7,6,5,50,14,9,1,5,4,5,13,4,4,1,4,5,2,12,1,44,2,9,5,1,7,9,1,10,1,14,,44,,1,22,,121.5143372,25.0530143
112,9,4,16,13,2,01大同區,大同區重慶北路1段99號,0,0,1,1,B03,7,6,5,50,14,9,1,5,4,5,13,4,4,1,4,5,2,12,1,52,3,10,3,4,7,7,1,8,1,2,,100,,1,22,,121.5143372,25.0530143
112,9,4,16,46,2,02萬華區,萬華區西園路2段與莒光路口,0,0,1,2,C03,7,7,5,50,3,1,1,4,4,5,13,1,1,3,3,5,2,12,1,64,3,10,5,4,7,9,1,10,1,14,,118,,1,22,,121.4966357,25.0309496
112,9,4,16,46,2,02萬華區,萬華區西園路2段與莒光路口,0,0,1,1,C03,7,7,5,50,3,1,1,4,4,5,13,1,1,3,3,5,2,12,2,50,2,9,5,4,7,7,1,10,1,12,,118,,1,22,,121.4966357,25.0309496
112,9,4,16,46,2,02萬華區,萬華區西園路2段與莒光路口,0,0,1,3,,7,7,5,50,3,1,1,4,4,5,13,1,1,3,3,5,2,12,4,0,,,,,,,,,,,,119,,2,,,121.4966357,25.0309496
112,9,4,17,5,2,09北投區,北投區明德路265號,0,0,1,1,C03,7,7,5,50,14,9,1,5,4,5,13,2,1,5,4,5,2,13,2,56,2,8,6,1,7,9,1,10,1,11,,118,,1,21,,121.5222567,25.11416594
112,9,4,17,5,2,09北投區,北投區明德路265號,0,0,1,2,B03,7,7,5,50,14,9,1,5,4,5,13,2,1,5,4,5,2,13,1,42,3,10,7,1,7,14,1,8,1,3,,118,,1,21,,121.5222567,25.11416594
112,9,4,17,28,2,10文山區,文山區木柵路1段與辛亥路7段口,0,0,1,1,C04,7,6,5,50,14,9,1,5,4,5,13,1,1,5,2,5,2,18,2,23,2,9,5,1,7,3,1,10,1,12,,118,,1,25,,121.5521921,24.98773804
112,9,4,17,28,2,10文山區,文山區木柵路1段與辛亥路7段口,0,0,1,2,,7,6,5,50,14,9,1,5,4,5,13,1,1,5,2,5,2,18,3,0,,,,,,,,,,,,67,,1,,,121.5521921,24.98773804
112,9,4,17,40,2,08士林區,士林區德行東路53號,0,0,1,1,B03,7,6,5,50,14,9,1,5,4,5,13,4,4,9,5,5,1,17,1,50,3,10,7,1,7,7,1,8,1,17,,100,,1,21,,121.5267953,25.10715087
112,9,4,17,40,2,08士林區,士林區德行東路53號,0,0,1,2,C03,7,6,5,50,14,9,1,5,4,5,13,4,4,9,5,5,1,17,2,20,2,9,6,1,7,9,1,10,1,12,,44,,1,21,,121.5267953,25.10715087
112,9,4,18,50,2,08士林區,士林區中山北路6段與中山北路6段157巷口,0,0,1,3,B03,8,5,6,50,14,9,1,5,4,5,13,4,4,1,3,5,1,12,1,59,3,10,7,1,7,9,1,8,1,8,,44,,1,22,,121.5248747,25.1067996
112,9,4,18,50,2,08士林區,士林區中山北路6段與中山北路6段157巷口,0,0,1,1,C03,8,5,6,50,14,9,1,5,4,5,13,4,4,1,3,5,1,12,2,18,2,8,5,1,7,7,1,10,1,13,,100,,1,22,,121.5248747,25.1067996
112,9,4,18,50,2,08士林區,士林區中山北路6段與中山北路6段157巷口,0,0,1,2,B02,8,5,6,50,14,9,1,5,4,5,13,4,4,1,3,5,1,12,2,30,3,10,7,1,7,9,1,8,1,8,,44,,1,22,,121.5248747,25.1067996
112,9,4,19,0,2,07信義區,信義區基隆路2段22號,0,0,1,2,C03,6,5,5,50,14,9,1,4,4,5,13,1,1,3,4,5,2,16,1,32,2,8,6,1,7,9,1,10,1,14,,44,,1,21,,121.5588093,25.0319159
112,9,4,19,0,2,07信義區,信義區基隆路2段22號,0,0,1,1,B03,6,5,5,50,14,9,1,4,4,5,13,1,1,3,4,5,2,16,2,52,3,10,7,1,7,7,1,8,1,2,,100,,1,21,,121.5588093,25.0319159
112,9,4,19,25,2,07信義區,信義區忠孝東路5段236巷45弄與松德路168巷12弄口,0,0,1,1,B03,7,5,5,50,3,1,1,5,4,5,13,4,4,9,5,5,2,17,2,48,3,10,7,1,7,5,1,8,2,8,,72,,1,21,,121.573561,25.0375593
112,9,4,19,25,2,07信義區,信義區忠孝東路5段236巷45弄與松德路168巷12弄口,0,0,1,2,F01,7,5,5,50,3,1,1,5,4,5,13,4,4,9,5,5,2,17,1,58,2,9,2,1,7,9,8,20,1,11,,44,,1,21,,121.573561,25.0375593
112,9,4,19,47,2,04大安區,大安區復興南路2段4號,0,0,1,1,B03,7,5,5,50,14,9,1,5,4,5,13,4,4,1,4,5,2,12,1,55,3,10,7,1,7,8,1,8,1,4,,100,,1,22,,121.5435336,25.0329804
112,9,4,19,47,2,04大安區,大安區復興南路2段4號,0,0,1,2,C04,7,5,5,50,14,9,1,5,4,5,13,4,4,1,4,5,2,12,2,19,2,9,5,1,7,9,1,10,1,12,,44,,1,22,,121.5435336,25.0329804
112,9,4,19,56,2,05中正區,中正區永福橋009接縫處,0,0,1,2,B03,7,5,5,50,8,9,1,5,4,5,13,4,4,4,3,5,2,12,1,24,3,10,7,1,7,9,1,8,1,4,,44,,1,21,,121.5275183,25.0110716
112,9,4,19,56,2,05中正區,中正區永福橋009接縫處,0,0,1,1,C03,7,5,5,50,8,9,1,5,4,5,13,4,4,4,3,5,2,12,1,33,2,9,5,1,7,8,1,10,1,12,,100,,1,21,,121.5275183,25.0110716
112,9,4,19,56,2,05中正區,中正區永福橋009接縫處,0,0,1,3,C03,7,5,5,50,8,9,1,5,4,5,13,4,4,4,3,5,2,12,1,24,3,10,5,1,7,9,1,10,1,12,,44,,1,21,,121.5275183,25.0110716
112,9,4,20,36,2,06松山區,松山區八德路4段與松山路口,0,0,1,1,C03,6,5,5,30,4,1,1,4,4,5,13,2,1,1,4,5,2,16,2,32,2,9,5,1,7,5,1,10,2,11,,74,,1,21,,121.5778379,25.05006529
112,9,4,20,36,2,06松山區,松山區八德路4段與松山路口,0,0,1,2,C03,6,5,5,30,4,1,1,4,4,5,13,2,1,1,4,5,2,16,1,20,3,10,6,1,7,9,1,10,2,11,,44,,1,21,,121.5778379,25.05006529
112,9,4,20,41,2,07信義區,信義區永吉路352號,0,0,1,2,C03,7,5,5,0,14,8,1,5,4,5,13,4,4,1,4,4,2,17,1,34,2,7,6,1,7,9,1,10,1,14,,44,,1,21,,121.5766531,25.0453953
112,9,4,20,41,2,07信義區,信義區永吉路352號,0,0,1,1,B03,7,5,5,0,14,8,1,5,4,5,13,4,4,1,4,4,2,17,2,52,3,10,7,1,7,14,1,8,1,4,,40,,1,21,,121.5766531,25.0453953
112,9,4,21,25,2,03中山區,中山區龍江路223巷與龍江路口口,0,0,2,1,C03,7,6,5,30,4,1,1,5,4,5,13,4,4,10,5,5,1,15,1,23,2,7,3,4,7,9,1,10,1,11,,72,,1,21,,121.5405896,25.05688489
112,9,4,21,25,2,03中山區,中山區龍江路223巷與龍江路口口,0,0,2,2,C03,7,6,5,30,4,1,1,5,4,5,13,4,4,10,5,5,1,15,2,50,2,9,3,4,7,9,1,10,1,14,,13,,1,21,,121.5405896,25.05688489
112,9,4,21,46,2,10文山區,文山區興隆路2段與景華街口,0,0,2,1,G01,6,5,5,50,5,1,1,4,4,5,13,2,1,1,4,5,2,16,1,55,2,9,2,1,7,11,1,10,1,16,,10,,1,21,,121.5474574,24.9994218
112,9,4,21,46,2,10文山區,文山區興隆路2段與景華街口,0,0,2,2,C03,6,5,5,50,5,1,1,4,4,5,13,2,1,1,4,5,2,16,1,21,2,9,5,1,7,9,1,10,1,11,,44,,1,21,,121.5474574,24.9994218
112,9,4,23,6,2,02萬華區,萬華區西園路1段與廣州街口,0,0,1,1,B01,6,5,5,50,4,2,1,4,4,5,13,2,1,5,5,5,2,3,2,78,3,10,7,1,7,6,1,8,1,1,,70,,1,21,,121.4993267,25.03660815
112,9,4,23,6,2,02萬華區,萬華區西園路1段與廣州街口,0,0,1,2,H01,6,5,5,50,4,2,1,4,4,5,13,2,1,5,5,5,2,3,1,67,2,8,4,5,8,16,8,20,10,16,,67,,1,21,,121.4993267,25.03660815
112,9,5,0,21,2,05中正區,中正區羅斯福路2段36巷與羅斯福路2段口,0,0,1,2,C03,8,5,5,50,5,1,1,5,4,5,13,2,1,3,4,5,2,13,1,25,2,9,5,1,7,12,1,10,1,13,,14,,1,21,,121.521333,25.0283507
112,9,5,0,21,2,05中正區,中正區羅斯福路2段36巷與羅斯福路2段口,0,0,1,1,B01,8,5,5,50,5,1,1,5,4,5,13,2,1,3,4,5,2,13,1,69,3,10,7,1,7,9,1,4,1,1,,108,,1,21,,121.521333,25.0283507
112,9,5,5,20,2,03中山區,中山區民族東路336號,0,0,1,1,G06,8,5,5,0,14,7,1,5,4,5,13,2,1,1,4,4,2,17,1,32,3,10,4,1,7,11,8,20,1,17,,81,,1,21,,121.5380771,25.06809163
112,9,5,5,20,2,03中山區,中山區民族東路336號,0,0,1,2,C03,8,5,5,0,14,7,1,5,4,5,13,2,1,1,4,4,2,17,1,73,2,9,6,1,7,9,1,10,1,11,,44,,1,21,,121.5380771,25.06809163
112,9,5,5,29,2,03中山區,中山區民生東路1段與林森北路口,0,0,1,1,B12,8,5,5,50,4,18,1,5,4,5,13,2,1,5,4,5,2,2,1,61,3,10,3,4,7,6,1,8,1,5,,70,,1,21,,121.52559,25.0580728
112,9,5,5,29,2,03中山區,中山區民生東路1段與林森北路口,0,0,1,2,H01,8,5,5,50,4,18,1,5,4,5,13,2,1,5,4,5,2,2,2,48,2,8,4,5,8,16,8,20,10,16,,122,,1,21,,121.52559,25.0580728
112,9,5,7,11,2,09北投區,北投區石牌路2段46號綜合市場站牌前,0,0,1,2,H01,8,5,5,50,14,9,1,5,4,5,13,4,4,9,4,5,1,2,2,46,2,1,4,5,8,16,8,20,10,16,,53,,1,21,,121.5159152,25.1159642
112,9,5,7,11,2,09北投區,北投區石牌路2段46號綜合市場站牌前,0,0,1,1,A02,8,5,5,50,14,9,1,5,4,5,13,4,4,9,4,5,1,2,1,58,3,10,7,1,7,3,1,2,9,2,,108,,1,21,,121.5159152,25.1159642
112,9,5,7,40,2,08士林區,士林區承德路4段97號,0,0,1,1,C03,8,5,5,0,14,9,1,5,4,5,13,4,4,1,3,5,1,17,1,66,2,9,5,1,7,7,1,10,1,14,,100,,1,21,,121.5236011,25.0839585
112,9,5,7,40,2,08士林區,士林區承德路4段97號,0,0,1,2,A04,8,5,5,0,14,9,1,5,4,5,13,4,4,1,3,5,1,17,1,46,3,10,7,1,7,9,1,2,1,6,,107,,1,21,,121.5236011,25.0839585
112,9,5,7,47,2,04大安區,大安區忠孝東路4段與忠孝東路4段101巷口,0,0,1,1,B03,8,6,5,50,14,9,1,5,1,5,13,4,4,10,5,5,2,17,1,39,3,10,7,1,7,8,1,8,1,2,,100,,1,21,,121.548298,25.0416493
112,9,5,7,47,2,04大安區,大安區忠孝東路4段與忠孝東路4段101巷口,0,0,1,2,C03,8,6,5,50,14,9,1,5,1,5,13,4,4,10,5,5,2,17,1,19,2,9,6,1,7,9,1,10,1,11,,44,,1,21,,121.548298,25.0416493
112,9,5,8,28,2,02萬華區,萬華區環河南路2段與和平西路3段口,0,0,1,2,B01,8,7,5,50,4,1,2,5,4,5,13,2,1,3,5,5,1,16,1,59,3,10,7,4,7,9,1,8,1,8,,107,,1,22,,121.4942519,25.03532654
112,9,5,8,28,2,02萬華區,萬華區環河南路2段與和平西路3段口,0,0,1,1,B03,8,7,5,50,4,1,2,5,4,5,13,2,1,3,5,5,1,16,1,25,2,7,7,4,7,11,1,8,1,5,,10,,1,22,,121.4942519,25.03532654