發生年度,發生月,發生日,發生時-Hours,發生分,處理別-編號,區序,肇事地點,死亡人數,2-30日死亡人數,受傷人數,當事人序號,車種,天候,光線,道路類別,速限-速度限制,道路型態,事故位置,路面狀況1,路面狀況2,路面狀況3,道路障礙1,道路障礙2,號誌1,號誌2,車道劃分-分向,車道劃分-分道1,車道劃分-分道2,車道劃分-分道3,事故類型及型態,性別,年齡,受傷程度,主要傷處,保護裝置,行動電話,車輛用途,當事者行動狀態,駕駛資格情形,駕駛執照種類,飲酒情形,車輛撞擊部位1,車輛撞擊部位2,肇因碼-個別,肇因碼-主要,個人肇逃否,職業,旅次目的,座標-X,座標-Y
112,9,5,8,33,2,06松山區,松山區敦化北路與富錦街口,0,0,1,1,C03,8,7,5,50,3,1,1,5,4,5,13,4,4,1,4,4,2,16,1,37,3,10,5,1,7,6,1,10,2,12,,9,,1,21,,121.550527,25.06047946
112,9,5,8,33,2,06松山區,松山區敦化北路與富錦街口,0,0,1,2,C03,8,7,5,50,3,1,1,5,4,5,13,4,4,1,4,4,2,16,2,30,2,9,6,1,7,9,1,10,2,11,,44,,1,21,,121.550527,25.06047946
112,9,5,8,50,2,08士林區,士林區中山北路6段與忠誠路1段口,0,0,1,1,C03,8,6,5,50,4,1,1,5,4,5,13,1,1,1,4,5,2,17,2,45,2,9,6,1,7,8,1,10,2,14,,100,,1,22,,121.524769,25.1039368
112,9,5,8,50,2,08士林區,士林區中山北路6段與忠誠路1段口,0,0,1,2,B03,8,6,5,50,4,1,1,5,4,5,13,1,1,1,4,5,2,17,1,45,3,10,7,1,7,15,1,8,2,6,,118,,1,22,,121.524769,25.1039368
112,9,5,8,59,2,05中正區,中正區汀州路3段131號,0,0,2,1,C03,8,6,5,50,14,9,1,5,4,5,13,4,4,5,2,5,2,17,1,26,2,9,5,1,7,9,6,10,2,11,,108,,1,21,,121.5307322,25.0161559
112,9,5,8,59,2,05中正區,中正區汀州路3段131號,0,0,2,2,F02,8,6,5,50,14,9,1,5,4,5,13,4,4,5,2,5,2,17,1,81,2,9,4,1,7,5,8,20,2,14,,8,,1,21,,121.5307322,25.0161559
112,9,5,9,11,2,07信義區,信義區菸廠路88號,0,0,1,1,B01,8,7,5,50,14,9,1,5,4,5,13,4,4,10,4,5,1,13,1,75,3,10,3,4,7,14,1,6,1,2,,40,,1,21,,121.5597726,25.0450419
112,9,5,9,11,2,07信義區,信義區菸廠路88號,0,0,1,2,C03,8,7,5,50,14,9,1,5,4,5,13,4,4,10,4,5,1,13,2,33,2,9,3,4,7,9,1,10,1,11,,44,,1,21,,121.5597726,25.0450419
112,9,5,9,11,2,07信義區,信義區菸廠路88號,0,0,1,3,H02,8,7,5,50,14,9,1,5,4,5,13,4,4,10,4,5,1,13,1,54,3,10,3,5,7,19,8,20,10,16,,126,,1,21,,121.5597726,25.0450419
112,9,5,9,37,2,06松山區,松山區民權東路3段104號,0,0,1,1,C03,8,6,5,50,14,9,1,5,4,5,13,4,4,1,3,5,2,18,2,36,2,9,6,1,7,8,1,10,1,14,,118,,1,21,,121.5447648,25.06202955
112,9,5,9,37,2,06松山區,松山區民權東路3段104號,0,0,1,2,,8,6,5,50,14,9,1,5,4,5,13,4,4,1,3,5,2,18,3,0,,,,,,,,,10,,,67,,1,,,121.5447648,25.06202955
112,9,5,9,52,2,02萬華區,萬華區環河南路1段與峨眉街口,0,0,1,2,C03,8,6,5,30,3,1,1,5,4,5,13,4,4,5,4,5,2,17,1,56,2,9,6,1,7,9,1,9,1,14,,108,,1,21,,121.5014893,25.04496487
112,9,5,9,52,2,02萬華區,萬華區環河南路1段與峨眉街口,0,0,1,1,B01,8,6,5,30,3,1,1,5,4,5,13,4,4,5,4,5,2,17,1,58,4,11,3,4,7,6,7,19,11,15,,9,,2,22,,121.5014893,25.04496487
112,9,5,10,0,2,03中山區,中山區建國北路3段113巷7弄與建國北路3段113巷口,0,0,1,1,C03,8,5,5,30,5,1,1,5,4,5,13,4,4,10,5,5,2,15,1,20,2,9,6,1,7,9,1,10,1,12,,72,,1,21,,121.5362159,25.066743
112,9,5,10,0,2,03中山區,中山區建國北路3段113巷7弄與建國北路3段113巷口,0,0,1,2,B11,8,5,5,30,5,1,1,5,4,5,13,4,4,10,5,5,2,15,1,37,3,10,7,1,7,9,1,8,1,8,,44,,1,21,,121.5362159,25.066743
112,9,5,10,4,2,07信義區,信義區基隆路1段與忠孝東路5段口口,0,0,1,1,B03,8,7,5,50,4,1,1,5,4,5,13,2,1,1,4,5,2,16,1,41,3,10,7,1,7,11,1,8,1,5,,10,,1,21,,121.5648329,25.0414549
112,9,5,10,4,2,07信義區,信義區基隆路1段與忠孝東路5段口口,0,0,1,2,C03,8,7,5,50,4,1,1,5,4,5,13,2,1,1,4,5,2,16,2,24,2,8,6,1,7,9,1,10,1,11,12,44,,1,21,,121.5648329,25.0414549
112,9,5,10,20,2,08士林區,士林區至誠路1段與雨聲街口,0,0,1,1,B03,8,6,5,50,3,1,1,5,4,5,13,3,1,4,3,5,1,17,2,39,3,10,3,1,7,5,1,8,11,4,,72,,2,22,,121.5336436,25.1012842
112,9,5,10,20,2,08士林區,士林區至誠路1段與雨聲街口,0,0,1,2,C03,8,6,5,50,3,1,1,5,4,5,13,3,1,4,3,5,1,17,1,27,2,8,5,1,7,5,7,19,9,14,,44,,1,22,,121.5336436,25.1012842
112,9,5,11,40,2,11南港區,南港區舊莊街1段145巷與舊莊街1段91巷16弄口,0,0,1,2,C03,8,5,5,30,3,1,1,4,4,5,12,4,4,10,5,5,2,17,2,57,2,9,3,4,7,9,1,10,1,11,,108,,1,21,,121.617798,25.0427148
112,9,5,11,40,2,11南港區,南港區舊莊街1段145巷與舊莊街1段91巷16弄口,0,0,1,1,B03,8,5,5,30,3,1,1,4,4,5,12,4,4,10,5,5,2,17,1,69,3,10,3,4,7,6,1,8,1,8,,72,,1,21,,121.617798,25.0427148
112,9,5,12,20,2,07信義區,信義區忠孝東路5段179號,0,0,3,4,B03,8,5,5,50,14,9,1,5,4,5,13,4,4,9,4,5,2,13,1,40,3,10,7,1,7,13,1,8,1,4,,108,,1,21,,121.5689061,25.0411301
112,9,5,12,20,2,07信義區,信義區忠孝東路5段179號,0,0,3,3,B03,8,5,5,50,14,9,1,5,4,5,13,4,4,9,4,5,2,13,2,27,3,10,7,1,7,13,1,8,1,1,,38,,1,21,,121.5689061,25.0411301
112,9,5,12,20,2,07信義區,信義區忠孝東路5段179號,0,0,3,2,C03,8,5,5,50,14,9,1,5,4,5,13,4,4,9,4,5,2,13,1,19,2,8,6,1,7,9,1,10,1,11,,108,,1,21,,121.5689061,25.0411301
112,9,5,12,20,2,07信義區,信義區忠孝東路5段179號,0,0,3,1,C03,8,5,5,50,14,9,1,5,4,5,13,4,4,9,4,5,2,13,1,32,2,8,6,1,7,7,1,10,1,13,,100,,1,21,,121.5689061,25.0411301
112,9,5,12,20,2,07信義區,信義區忠孝東路5段179號,0,0,3,5,H02,8,5,5,50,14,9,1,5,4,5,13,4,4,9,4,5,2,13,1,19,2,8,6,5,7,20,8,20,10,16,,67,,1,21,,121.5689061,25.0411301
112,9,5,12,40,2,08士林區,士林區美崙街與美崙街152巷口,0,0,1,1,C03,8,6,5,50,3,1,1,5,4,5,13,4,4,5,5,5,2,17,1,63,2,9,5,1,7,6,1,10,1,12,,72,,1,21,,121.5193532,25.09686249
112,9,5,12,40,2,08士林區,士林區美崙街與美崙街152巷口,0,0,1,2,B03,8,6,5,50,3,1,1,5,4,5,13,4,4,5,5,5,2,17,2,48,3,10,7,1,7,9,1,8,1,8,,44,,1,21,,121.5193532,25.09686249
112,9,5,13,14,2,02萬華區,萬華區桂林路與柳州街口,0,0,1,1,C03,8,6,5,50,4,1,1,5,4,5,13,1,1,9,4,5,2,17,1,40,3,10,5,1,7,11,1,10,1,17,,10,,1,22,,121.5051655,25.0377546
112,9,5,13,14,2,02萬華區,萬華區桂林路與柳州街口,0,0,1,2,C03,8,6,5,50,4,1,1,5,4,5,13,1,1,9,4,5,2,17,1,53,2,9,5,1,7,6,1,10,1,17,,44,,1,22,,121.5051655,25.0377546
112,9,5,13,22,2,07信義區,信義區和平東路3段435巷8號與和平東路4段435巷口,0,0,1,1,C03,8,5,5,30,4,2,1,5,4,5,13,4,4,10,5,5,2,10,1,34,3,10,5,1,7,9,1,10,1,11,,72,,1,21,,121.5586967,25.02046731
112,9,5,13,22,2,07信義區,信義區和平東路3段435巷8號與和平東路4段435巷口,0,0,1,2,C03,8,5,5,30,4,2,1,5,4,5,13,4,4,10,5,5,2,10,2,40,2,7,5,1,7,9,1,10,1,11,,14,,1,21,,121.5586967,25.02046731
112,9,5,13,34,2,03中山區,中山區北安路與崇實路口,0,0,1,1,B03,8,5,5,50,4,1,1,5,4,5,13,1,1,1,4,5,2,16,1,42,3,10,7,1,7,6,1,8,1,2,,82,,1,21,,121.5443606,25.0797508
112,9,5,13,34,2,03中山區,中山區北安路與崇實路口,0,0,1,2,C03,8,5,5,50,4,1,1,5,4,5,13,1,1,1,4,5,2,16,1,25,2,9,6,1,7,9,1,10,1,14,,13,,1,21,,121.5443606,25.0797508
112,9,5,13,38,2,04大安區,大安區敦化南路1段219號前,0,0,1,1,C03,7,7,5,50,14,9,1,5,4,5,13,4,4,8,3,5,1,13,1,55,2,7,5,1,7,12,1,10,1,11,,42,,1,26,,121.549149,25.04115796
112,9,5,13,38,2,04大安區,大安區敦化南路1段219號前,0,0,1,2,B03,7,7,5,50,14,9,1,5,4,5,13,4,4,8,3,5,1,13,1,60,3,10,7,1,7,14,1,8,1,6,,44,,1,21,,121.549149,25.04115796
112,9,5,13,40,2,03中山區,中山區新生北路2段68巷與新生北路2段68巷15弄口,0,0,1,2,C03,8,5,5,30,3,2,1,5,4,5,13,4,4,10,5,5,2,14,1,36,2,8,3,4,7,6,1,10,2,14,,44,,1,21,,121.5260298,25.0566008
112,9,5,13,40,2,03中山區,中山區新生北路2段68巷與新生北路2段68巷15弄口,0,0,1,1,B03,8,5,5,30,3,2,1,5,4,5,13,4,4,10,5,5,2,14,1,61,3,10,3,4,7,2,1,8,2,3,,12,,1,21,,121.5260298,25.0566008
112,9,5,13,47,2,10文山區,文山區景文街與景文街103巷口,0,0,1,2,H01,8,6,5,40,3,1,1,5,4,5,13,4,4,5,5,4,2,3,2,75,2,9,4,5,8,16,8,20,10,16,,67,,1,21,,121.5412728,24.9907404
112,9,5,13,47,2,10文山區,文山區景文街與景文街103巷口,0,0,1,1,B12,8,6,5,40,3,1,1,5,4,5,13,4,4,5,5,4,2,3,1,72,3,10,7,1,7,2,1,8,2,3,,12,,1,21,,121.5412728,24.9907404
112,9,5,15,0,2,03中山區,中山區建國北路1段23巷與八德路2段199巷口,0,0,1,1,C03,8,7,8,30,4,1,1,5,4,5,13,4,4,10,5,5,2,15,1,24,2,8,5,4,7,9,1,10,2,11,,72,,1,22,,121.5390622,25.0473196
112,9,5,15,0,2,03中山區,中山區建國北路1段23巷與八德路2段199巷口,0,0,1,2,B12,8,7,8,30,4,1,1,5,4,5,13,4,4,10,5,5,2,15,1,44,3,10,3,4,7,9,1,8,2,5,,14,,1,21,,121.5390622,25.0473196
112,9,5,15,14,2,03中山區,中山區松江路330巷與松江路口,0,0,1,1,C03,8,5,5,30,3,2,1,5,4,5,13,4,4,1,4,5,2,14,1,65,2,8,3,4,7,2,1,10,1,13,,12,,1,21,,121.5330607,25.0611382
112,9,5,15,14,2,03中山區,中山區松江路330巷與松江路口,0,0,1,2,B03,8,5,5,30,3,2,1,5,4,5,13,4,4,1,4,5,2,14,1,21,3,10,3,4,7,9,1,8,1,4,,44,,1,21,,121.5330607,25.0611382
112,9,5,16,3,2,05中正區,中正區金門街12巷與金門街12巷23弄口口,0,0,1,1,B03,8,6,5,30,3,1,1,5,4,5,13,4,4,10,5,5,1,1,1,68,4,11,3,4,7,21,7,19,11,15,,70,,2,21,,121.5226806,25.02265998
112,9,5,16,3,2,05中正區,中正區金門街12巷與金門街12巷23弄口口,0,0,1,2,H01,8,6,5,30,3,1,1,5,4,5,13,4,4,10,5,5,1,1,1,10,2,8,4,5,8,16,8,20,10,16,,121,,1,14,,121.5226806,25.02265998
112,9,5,16,15,2,03中山區,中山區長安東路1段91號,0,0,1,1,B01,8,7,8,50,14,9,1,5,4,5,13,4,4,5,4,5,2,16,1,51,3,10,3,4,7,11,1,4,1,7,,10,,1,21,,121.5286984,25.04820565
112,9,5,16,15,2,03中山區,中山區長安東路1段91號,0,0,1,2,C03,8,7,8,50,14,9,1,5,4,5,13,4,4,5,4,5,2,16,1,25,2,9,6,4,7,9,1,10,1,11,,13,,1,21,,121.5286984,25.04820565
112,9,5,16,30,2,12內湖區,內湖區內湖路2段179巷25號,0,0,1,2,B03,8,6,5,50,14,9,1,5,4,5,13,4,4,5,5,5,2,17,1,39,3,10,7,1,7,14,1,8,1,7,,40,,1,21,,121.5865346,25.0836184
112,9,5,16,30,2,12內湖區,內湖區內湖路2段179巷25號,0,0,1,1,C03,8,6,5,50,14,9,1,5,4,5,13,4,4,5,5,5,2,17,1,45,2,9,6,1,7,9,1,10,1,12,,44,,1,21,,121.5865346,25.0836184
112,9,5,16,30,2,07信義區,信義區吳興街250號,0,0,1,1,B01,8,7,5,50,14,9,1,5,4,5,13,4,4,9,4,5,2,13,1,62,3,10,7,1,7,15,1,4,1,1,,108,,1,21,,121.5614618,25.0263601
112,9,5,16,30,2,07信義區,信義區吳興街250號,0,0,1,2,C03,8,7,5,50,14,9,1,5,4,5,13,4,4,9,4,5,2,13,2,22,2,2,6,1,7,14,1,10,1,13,,44,,1,21,,121.5614618,25.0263601
112,9,5,17,0,2,06松山區,松山區復興北路369號,0,0,1,1,C03,8,7,5,50,14,9,1,5,4,5,13,4,4,3,5,5,2,16,2,25,2,9,5,1,7,6,1,10,1,12,,9,,1,22,,121.5446573,25.06221706
112,9,5,17,0,2,06松山區,松山區復興北路369號,0,0,1,2,C03,8,7,5,50,14,9,1,5,4,5,13,4,4,3,5,5,2,16,1,22,3,10,5,1,7,9,1,10,1,13,,44,,1,22,,121.5446573,25.06221706
112,9,5,17,2,2,04大安區,大安區光復南路96巷與延吉街131巷口,0,0,1,1,F01,8,6,5,30,3,1,1,5,4,5,13,4,4,1,5,5,2,16,2,62,2,8,4,1,7,9,8,20,2,15,,72,,1,21,,121.5546096,25.0436799
112,9,5,17,2,2,04大安區,大安區光復南路96巷與延吉街131巷口,0,0,1,2,B03,8,6,5,30,3,1,1,5,4,5,13,4,4,1,5,5,2,16,2,55,3,10,7,1,7,11,1,8,2,8,,108,,1,21,,121.5546096,25.0436799
112,9,5,17,10,2,11南港區,南港區研究院路2段胡適公園,0,0,1,1,C03,8,5,5,40,14,9,1,5,4,5,12,4,4,9,4,5,2,17,1,46,2,9,3,4,7,9,6,18,2,15,,17,,1,21,,121.6179194,25.0402156
112,9,5,17,10,2,11南港區,南港區研究院路2段胡適公園,0,0,1,2,B03,8,5,5,40,14,9,1,5,4,5,12,4,4,9,4,5,2,17,1,54,3,10,3,4,7,9,1,8,2,6,,17,,1,21,,121.6179194,25.0402156
112,9,5,17,10,2,11南港區,南港區研究院路2段胡適公園,0,0,1,3,A02,8,5,5,40,14,9,1,5,4,5,12,4,4,9,4,5,2,17,1,64,3,10,3,4,7,14,1,6,9,15,,44,,1,21,,121.6179194,25.0402156
112,9,5,17,15,2,12內湖區,內湖區民權東路6段190巷65弄與民權東路6段190巷口,0,0,2,1,C03,8,6,5,30,4,1,1,5,4,5,13,4,4,5,5,5,2,15,2,30,2,9,6,1,7,15,1,10,2,14,,72,,1,21,,121.5943128,25.06573351
112,9,5,17,15,2,12內湖區,內湖區民權東路6段190巷65弄與民權東路6段190巷口,0,0,2,2,C03,8,6,5,30,4,1,1,5,4,5,13,4,4,5,5,5,2,15,1,69,2,9,6,1,7,9,3,18,2,11,,107,,1,21,,121.5943128,25.06573351
112,9,5,17,27,2,06松山區,松山區市民大道4段與延吉街口,0,0,2,1,C03,8,7,5,40,4,1,1,5,4,5,13,1,1,1,4,5,2,13,1,31,2,7,5,1,7,9,1,10,1,11,,16,,1,21,,121.553759,25.0445301
112,9,5,17,27,2,06松山區,松山區市民大道4段與延吉街口,0,0,2,2,C03,8,7,5,40,4,1,1,5,4,5,13,1,1,1,4,5,2,13,2,49,2,3,6,1,7,9,1,10,1,11,,44,,1,21,,121.553759,25.0445301
112,9,5,18,0,2,10文山區,文山區辛亥路4段216號,0,0,2,1,C03,8,5,5,50,14,9,1,5,4,5,13,4,4,1,4,5,2,12,1,51,2,8,5,1,7,7,1,10,1,12,,100,,1,21,,121.555401,25.0022946
112,9,5,18,0,2,10文山區,文山區辛亥路4段216號,0,0,2,2,C03,8,5,5,50,14,9,1,5,4,5,13,4,4,1,4,5,2,12,1,28,2,8,6,1,7,9,1,10,1,14,,44,,1,21,,121.555401,25.0022946
112,9,5,18,20,2,06松山區,松山區敦化北路與慶城街口,0,0,1,1,B03,8,5,5,50,5,1,1,5,4,5,13,2,1,1,4,4,2,16,1,29,3,10,7,1,7,7,1,8,1,6,,100,,1,22,,121.5487967,25.05761153
112,9,5,18,20,2,06松山區,松山區敦化北路與慶城街口,0,0,1,2,C03,8,5,5,50,5,1,1,5,4,5,13,2,1,1,4,4,2,16,2,26,2,7,5,1,7,9,1,10,1,14,,44,,1,22,,121.5487967,25.05761153
112,9,5,19,2,2,05中正區,中正區臨沂街與金山南路1段67巷口,0,0,1,2,C03,7,5,5,30,4,1,1,5,4,5,13,4,4,10,5,5,2,15,1,29,2,8,6,1,7,9,1,10,2,11,,107,,1,21,,121.5292182,25.0376787
112,9,5,19,2,2,05中正區,中正區臨沂街與金山南路1段67巷口,0,0,1,1,C03,7,5,5,30,4,1,1,5,4,5,13,4,4,10,5,5,2,15,1,55,3,10,6,1,7,9,1,9,2,14,,72,,1,21,,121.5292182,25.0376787
112,9,5,19,7,2,07信義區,信義區吳興街與吳興街364巷口,0,0,1,1,F01,8,5,5,30,4,1,1,5,4,5,13,4,4,9,4,5,2,17,4,0,,,,,,,,,,,,119,,2,,,121.5666754,25.0254643
112,9,5,19,7,2,07信義區,信義區吳興街與吳興街364巷口,0,0,1,2,C03,8,5,5,30,4,1,1,5,4,5,13,4,4,9,4,5,2,17,2,26,2,8,5,1,7,9,1,10,1,12,,44,,1,21,,121.5666754,25.0254643
112,9,5,19,10,2,11南港區,南港區中南街與研究院路1段口,0,0,1,1,C03,8,5,5,50,3,1,1,5,4,5,13,4,4,10,5,5,2,15,2,64,2,1,5,4,7,15,1,10,2,11,,44,,1,22,,121.615597,25.0512165
112,9,5,19,10,2,11南港區,南港區中南街與研究院路1段口,0,0,1,2,B03,8,5,5,50,3,1,1,5,4,5,13,4,4,10,5,5,2,15,1,68,3,10,3,4,7,9,1,8,2,7,,72,,1,22,,121.615597,25.0512165
112,9,5,19,17,2,10文山區,文山區景文街與羅斯福路6段401巷口,0,0,2,1,B03,6,5,5,50,3,1,1,4,4,5,13,4,4,5,5,4,1,16,1,43,3,10,7,1,7,6,1,8,6,8,,74,,1,22,,121.5412964,24.9917955
112,9,5,19,17,2,10文山區,文山區景文街與羅斯福路6段401巷口,0,0,2,2,C03,6,5,5,50,3,1,1,4,4,5,13,4,4,5,5,4,1,16,2,58,2,9,6,1,7,9,1,10,2,14,,44,,1,23,,121.5412964,24.9917955
112,9,5,19,17,2,10文山區,文山區景文街與羅斯福路6段401巷口,0,0,2,3,H02,6,5,5,50,3,1,1,4,4,5,13,4,4,5,5,4,1,16,1,23,2,8,6,5,7,20,8,20,10,16,,67,,1,22,,121.5412964,24.9917955
112,9,5,20,17,2,02萬華區,萬華區環河南路1段348巷與桂林路口水門口,0,0,3,2,C03,8,5,5,50,5,2,1,5,4,5,13,2,1,1,5,5,2,13,2,22,2,9,6,1,7,12,1,10,1,13,,44,,1,21,,121.4961736,25.03889792
112,9,5,20,17,2,02萬華區,萬華區環河南路1段348巷與桂林路口水門口,0,0,3,3,H02,8,5,5,50,5,2,1,5,4,5,13,2,1,1,5,5,2,13,2,22,2,9,6,5,7,20,8,20,10,16,,67,,1,21,,121.4961736,25.03889792
112,9,5,20,17,2,02萬華區,萬華區環河南路1段348巷與桂林路口水門口,0,0,3,1,C03,8,5,5,50,5,2,1,5,4,5,13,2,1,1,5,5,2,13,1,42,2,8,5,1,7,9,1,10,1,11,,16,,1,21,,121.4961736,25.03889792
112,9,5,20,21,2,01大同區,大同區民權西路與承德路2段口(西北角),0,0,1,2,C03,7,5,5,50,14,9,1,5,4,5,13,4,4,6,3,1,1,12,2,56,2,9,6,1,7,9,1,10,2,14,,17,,1,21,,121.5181122,25.0629723
112,9,5,20,21,2,01大同區,大同區民權西路與承德路2段口(西北角),0,0,1,1,B01,7,5,5,50,14,9,1,5,4,5,13,4,4,6,3,1,1,12,1,45,3,10,7,1,7,9,1,8,2,5,,17,,1,21,,121.5181122,25.0629723
112,9,5,20,29,2,10文山區,文山區和平東路4段396號,0,0,1,1,C03,6,5,5,50,14,9,2,4,4,5,13,2,1,5,4,5,2,18,1,50,2,9,5,1,7,9,1,10,2,14,,118,,1,21,,121.5745943,24.99820697
112,9,5,20,29,2,10文山區,文山區和平東路4段396號,0,0,1,2,,6,5,5,50,14,9,2,4,4,5,13,2,1,5,4,5,2,18,3,0,,,,,,,,,10,,,67,,1,,,121.5745943,24.99820697
112,9,5,20,30,2,03中山區,中山區建國北路1段中山女高旁,0,0,1,1,C03,8,5,5,50,14,9,1,5,4,5,13,1,1,1,4,5,2,18,1,49,2,9,6,1,7,9,1,10,1,14,,94,,1,21,,121.537009,25.04945
112,9,5,20,30,2,03中山區,中山區建國北路1段中山女高旁,0,0,1,2,,8,5,5,50,14,9,1,5,4,5,13,1,1,1,4,5,2,18,3,0,,,,,,,,,,,,67,,1,,,121.537009,25.04945
112,9,5,21,15,2,08士林區,士林區至誠路1段與至誠路1段136巷口,0,0,2,2,C03,8,5,5,50,4,1,1,5,4,5,13,4,4,5,5,5,1,16,1,36,2,6,5,1,7,9,1,10,1,11,,44,,1,21,,121.5349311,25.10142397
112,9,5,21,15,2,08士林區,士林區至誠路1段與至誠路1段136巷口,0,0,2,1,C03,8,5,5,50,4,1,1,5,4,5,13,4,4,5,5,5,1,16,1,67,2,9,5,1,7,5,1,10,1,13,,74,,1,21,,121.5349311,25.10142397
112,9,5,21,36,2,08士林區,士林區中正路與延平北路6段口,0,0,2,1,C03,8,5,5,50,4,1,1,5,4,5,13,2,1,1,4,5,2,17,1,38,2,9,5,1,7,11,3,18,1,14,,103,,1,22,,121.5092214,25.0868539
112,9,5,21,36,2,08士林區,士林區中正路與延平北路6段口,0,0,2,2,C03,8,5,5,50,4,1,1,5,4,5,13,2,1,1,4,5,2,17,1,18,2,9,5,1,7,9,1,10,1,12,,44,,1,25,,121.5092214,25.0868539
112,9,5,22,5,2,07信義區,信義區基隆路2段71號,0,0,1,1,C04,8,5,5,50,14,9,1,5,5,5,13,4,4,1,4,5,2,18,2,21,2,9,5,4,7,9,1,10,1,14,,42,,1,22,,121.5582257,25.0305913
112,9,5,22,5,2,07信義區,信義區基隆路2段71號,0,0,1,2,,8,5,5,50,14,9,1,5,5,5,13,4,4,1,4,5,2,18,3,0,,,,,,,,,10,,,67,,1,,,121.5582257,25.0305913
112,9,5,23,16,2,01大同區,大同區長安西路與鄭州路143巷口,0,0,1,1,B03,7,5,5,30,3,2,1,5,4,3,13,4,4,5,4,5,2,16,2,52,3,10,7,1,7,5,1,8,1,4,,74,,1,21,,121.5100189,25.05200967
112,9,5,23,16,2,01大同區,大同區長安西路與鄭州路143巷口,0,0,1,2,C03,7,5,5,30,3,2,1,5,4,3,13,4,4,5,4,5,2,16,1,18,2,7,5,1,7,9,1,10,1,11,,14,,1,21,,121.5100189,25.05200967
112,9,5,23,16,2,01大同區,大同區長安西路與鄭州路143巷口,0,0,1,3,B03,7,5,5,30,3,2,1,5,4,3,13,4,4,5,4,5,2,16,1,28,3,10,3,4,7,13,1,8,1,17,,38,,1,21,,121.5100189,25.05200967
112,9,5,23,55,2,10文山區,文山區辛亥路4段191號,0,0,2,1,B03,8,5,8,50,22,22,1,5,4,5,13,2,1,1,4,5,2,16,1,30,2,9,7,1,7,11,1,8,2,4,,103,,1,22,,121.5570221,25.0049058
112,9,5,23,55,2,10文山區,文山區辛亥路4段191號,0,0,2,2,C03,8,5,8,50,22,22,1,5,4,5,13,2,1,1,4,5,2,16,1,24,2,9,2,1,7,9,1,10,9,11,,44,,1,22,,121.5570221,25.0049058
112,9,6,5,35,2,10文山區,文山區信義快速道路與木柵路4段口,0,0,1,1,B01,8,5,5,50,3,2,1,5,4,5,13,1,1,9,4,5,1,17,1,63,3,10,7,1,7,5,1,4,1,2,,83,,1,21,,121.5768831,25.0002231
112,9,6,5,35,2,10文山區,文山區信義快速道路與木柵路4段口,0,0,1,2,C03,8,5,5,50,3,2,1,5,4,5,13,1,1,9,4,5,1,17,1,55,2,9,5,1,7,9,1,10,1,11,,44,,1,21,,121.5768831,25.0002231
112,9,6,7,0,2,05中正區,中正區三元街24號前,0,0,1,2,C03,7,7,5,50,14,9,1,5,4,5,13,4,4,2,4,4,2,12,1,58,2,9,6,1,7,9,1,10,1,11,,118,,1,22,,121.508009,25.0302669
112,9,6,7,0,2,05中正區,中正區三元街24號前,0,0,1,1,C03,7,7,5,50,14,9,1,5,4,5,13,4,4,2,4,4,2,12,1,46,3,10,6,1,7,7,1,10,1,14,,118,,1,22,,121.508009,25.0302669
112,9,6,7,35,2,05中正區,中正區仁愛路2段60號,0,0,1,2,B03,8,5,5,50,14,9,1,5,4,5,13,4,4,9,4,5,2,17,1,44,3,10,7,1,7,15,1,8,2,6,,44,,1,21,,121.5290531,25.0381202
112,9,6,7,35,2,05中正區,中正區仁愛路2段60號,0,0,1,1,C03,8,5,5,50,14,9,1,5,4,5,13,4,4,9,4,5,2,17,1,54,2,9,5,1,7,9,1,10,2,11,,16,,1,21,,121.5290531,25.0381202
112,9,6,7,35,2,08士林區,士林區至善路1段與福林路254巷口,0,0,2,1,C03,8,6,5,40,3,2,1,5,4,5,13,3,1,1,4,4,2,17,1,36,3,10,6,1,7,7,1,9,1,13,,100,,1,22,,121.5377938,25.0979402
112,9,6,7,35,2,08士林區,士林區至善路1段與福林路254巷口,0,0,2,2,C03,8,6,5,40,3,2,1,5,4,5,13,3,1,1,4,4,2,17,2,19,2,9,6,1,7,9,1,10,1,11,,44,,1,22,,121.5377938,25.0979402
112,9,6,7,35,2,08士林區,士林區至善路1段與福林路254巷口,0,0,2,3,H02,8,6,5,40,3,2,1,5,4,5,13,3,1,1,4,4,2,17,2,33,2,7,6,5,7,17,8,20,10,17,,67,,1,22,,121.5377938,25.0979402
112,9,6,7,39,2,02萬華區,萬華區康定路與內江街口,0,0,1,1,C03,8,6,5,50,4,1,1,5,4,5,13,1,1,8,3,5,1,12,2,71,3,10,5,1,7,12,1,10,1,14,,42,,1,21,,121.5023071,25.0415314
112,9,6,7,39,2,02萬華區,萬華區康定路與內江街口,0,0,1,2,C03,8,6,5,50,4,1,1,5,4,5,13,1,1,8,3,5,1,12,2,60,2,8,5,1,7,14,1,10,1,12,,44,,1,21,,121.5023071,25.0415314
112,9,6,8,1,2,02萬華區,萬華區貴陽街2段115巷與貴陽街2段口,0,0,1,3,B01,8,7,5,50,4,2,1,5,4,5,13,4,4,10,4,5,2,17,1,53,3,10,7,1,7,5,1,4,11,17,,72,,1,22,,121.5031561,25.0399443
112,9,6,8,1,2,02萬華區,萬華區貴陽街2段115巷與貴陽街2段口,0,0,1,1,B03,8,7,5,50,4,2,1,5,4,5,13,4,4,10,4,5,2,17,1,45,3,10,7,1,7,1,1,8,1,4,,19,,1,22,,121.5031561,25.0399443