發生年度,發生月,發生日,發生時-Hours,發生分,處理別-編號,區序,肇事地點,死亡人數,2-30日死亡人數,受傷人數,當事人序號,車種,天候,光線,道路類別,速限-速度限制,道路型態,事故位置,路面狀況1,路面狀況2,路面狀況3,道路障礙1,道路障礙2,號誌1,號誌2,車道劃分-分向,車道劃分-分道1,車道劃分-分道2,車道劃分-分道3,事故類型及型態,性別,年齡,受傷程度,主要傷處,保護裝置,行動電話,車輛用途,當事者行動狀態,駕駛資格情形,駕駛執照種類,飲酒情形,車輛撞擊部位1,車輛撞擊部位2,肇因碼-個別,肇因碼-主要,個人肇逃否,職業,旅次目的,座標-X,座標-Y
112,9,6,8,1,2,02萬華區,萬華區貴陽街2段115巷與貴陽街2段口,0,0,1,2,C03,8,7,5,50,4,2,1,5,4,5,13,4,4,10,4,5,2,17,1,36,2,7,5,1,7,15,1,10,1,12,,107,,1,21,,121.5031561,25.0399443
112,9,6,8,4,2,08士林區,士林區德行東路190巷30弄與德行東路190巷口,0,0,2,2,C03,8,6,5,30,4,1,1,5,4,5,13,4,4,10,5,5,2,15,1,51,2,9,5,1,7,9,1,10,1,12,,44,,1,21,,121.5318089,25.107342
112,9,6,8,4,2,08士林區,士林區德行東路190巷30弄與德行東路190巷口,0,0,2,3,H02,8,6,5,30,4,1,1,5,4,5,13,4,4,10,5,5,2,15,2,46,2,9,5,5,7,17,8,20,10,16,,67,,1,21,,121.5318089,25.107342
112,9,6,8,4,2,08士林區,士林區德行東路190巷30弄與德行東路190巷口,0,0,2,1,B03,8,6,5,30,4,1,1,5,4,5,13,4,4,10,5,5,2,15,1,39,3,10,7,1,7,9,1,8,1,8,,72,,1,21,,121.5318089,25.107342
112,9,6,8,9,2,12內湖區,內湖區民權東路6段191巷與民權東路6段210巷口,0,0,1,2,C03,8,5,5,0,4,1,1,5,4,5,13,1,1,1,4,5,2,16,2,32,2,9,6,1,7,9,1,10,1,11,,119,,1,21,,121.5976052,25.06758577
112,9,6,8,9,2,12內湖區,內湖區民權東路6段191巷與民權東路6段210巷口,0,0,1,1,B03,8,5,5,0,4,1,1,5,4,5,13,1,1,1,4,5,2,16,4,0,4,11,3,4,7,21,7,19,11,15,,119,,2,22,,121.5976052,25.06758577
112,9,6,8,18,2,11南港區,南港區八德路4段與南港路3段口成美橋上,0,0,1,1,C03,8,5,8,50,3,2,1,5,4,5,12,4,4,5,2,5,2,17,2,21,2,9,3,4,7,6,1,10,1,15,,74,,1,21,,121.5798889,25.0514542
112,9,6,8,18,2,11南港區,南港區八德路4段與南港路3段口成美橋上,0,0,1,2,B03,8,5,8,50,3,2,1,5,4,5,12,4,4,5,2,5,2,17,2,50,3,10,3,4,7,8,1,8,1,15,,44,,1,21,,121.5798889,25.0514542
112,9,6,8,28,2,08士林區,士林區中正路與中正路586巷口,0,0,1,1,C03,8,5,5,50,5,2,1,5,4,5,13,4,4,1,5,5,2,17,1,111,4,11,3,4,7,21,7,19,11,15,,118,,2,22,,121.5100506,25.0870862
112,9,6,8,28,2,08士林區,士林區中正路與中正路586巷口,0,0,1,2,C03,8,5,5,50,5,2,1,5,4,5,13,4,4,1,5,5,2,17,1,36,2,9,5,1,7,9,1,10,1,17,,118,,1,21,,121.5100506,25.0870862
112,9,6,8,40,2,11南港區,南港區南港路1段與研究院路1段口,0,0,1,2,C03,8,5,5,50,4,1,1,5,4,5,13,1,1,9,2,5,1,11,2,27,2,9,5,1,7,15,1,10,1,12,,44,,1,21,,121.6167148,25.0550383
112,9,6,8,40,2,11南港區,南港區南港路1段與研究院路1段口,0,0,1,1,C03,8,5,5,50,4,1,1,5,4,5,13,1,1,9,2,5,1,11,1,43,3,10,5,1,7,9,1,10,1,11,,99,,1,21,,121.6167148,25.0550383
112,9,6,8,45,2,04大安區,大安區四維路76巷與四維路口,0,0,2,1,C03,8,6,5,30,4,1,1,5,4,5,13,3,1,10,5,5,2,15,2,30,2,7,6,1,7,9,1,10,1,11,,72,,1,21,,121.5480725,25.0342494
112,9,6,8,45,2,04大安區,大安區四維路76巷與四維路口,0,0,2,2,C03,8,6,5,30,4,1,1,5,4,5,13,3,1,10,5,5,2,15,2,23,2,9,5,1,7,9,1,10,1,14,,14,,1,21,,121.5480725,25.0342494
112,9,6,8,45,2,12內湖區,內湖區內湖路1段602號,0,0,1,1,C03,8,6,5,50,3,1,1,5,4,5,13,2,1,1,4,5,2,16,1,27,3,10,6,1,7,6,1,10,1,12,,9,,1,21,,121.5782274,25.0788675
112,9,6,8,45,2,12內湖區,內湖區內湖路1段602號,0,0,1,2,C03,8,6,5,50,3,1,1,5,4,5,13,2,1,1,4,5,2,16,2,23,2,9,6,1,7,9,1,10,1,14,,44,,1,21,,121.5782274,25.0788675
112,9,6,8,50,2,11南港區,南港區成福路210號附近側附近,0,0,2,2,C03,7,7,5,50,14,9,1,5,4,5,13,4,4,5,5,5,2,13,1,46,2,9,5,1,7,8,1,10,11,14,,100,,1,22,,121.5889696,25.0401449
112,9,6,8,50,2,11南港區,南港區成福路210號附近側附近,0,0,2,1,C03,7,7,5,50,14,9,1,5,4,5,13,4,4,5,5,5,2,13,1,37,2,9,5,1,7,9,1,10,11,12,,44,,1,22,,121.5889696,25.0401449
112,9,6,9,17,2,08士林區,士林區文昌路155巷與無名巷口,0,0,1,1,F01,8,6,5,30,4,1,1,5,4,5,13,4,4,10,5,5,2,15,2,83,2,9,4,1,7,11,8,20,2,11,,72,,1,22,,121.5197672,25.0975332
112,9,6,9,17,2,08士林區,士林區文昌路155巷與無名巷口,0,0,1,2,B03,8,6,5,30,4,1,1,5,4,5,13,4,4,10,5,5,2,15,1,30,3,10,7,1,7,9,1,8,2,4,,14,,1,22,,121.5197672,25.0975332
112,9,6,9,19,2,02萬華區,停車場出入口(近貴陽街2段29巷口),0,0,1,2,C03,8,6,5,50,4,2,1,5,4,5,13,1,1,8,3,5,1,17,2,23,2,9,5,1,7,9,1,10,1,14,,44,,1,21,,121.5058322,25.0394517
112,9,6,9,19,2,02萬華區,停車場出入口(近貴陽街2段29巷口),0,0,1,1,B03,8,6,5,50,4,2,1,5,4,5,13,1,1,8,3,5,1,17,1,25,3,10,7,1,7,7,1,8,1,2,,100,,1,21,,121.5058322,25.0394517
112,9,6,9,50,2,07信義區,信義區林口街與大道路42巷口,0,0,1,1,B03,8,7,5,50,5,1,1,5,4,5,13,1,1,5,5,4,2,17,2,28,3,10,7,1,7,5,1,14,1,17,,118,,1,21,,121.5815869,25.0414303
112,9,6,9,50,2,07信義區,信義區林口街與大道路42巷口,0,0,1,2,C03,8,7,5,50,5,1,1,5,4,5,13,1,1,5,5,4,2,17,1,29,2,9,5,1,7,12,1,10,1,17,,118,,1,21,,121.5815869,25.0414303
112,9,6,9,55,2,12內湖區,內湖區石潭路與金豐街口,0,0,1,1,F02,8,6,5,30,4,2,1,5,4,5,13,2,1,9,4,5,2,17,2,56,2,8,5,1,7,5,8,20,2,14,,96,,1,21,,121.5904295,25.06349502
112,9,6,9,55,2,12內湖區,內湖區石潭路與金豐街口,0,0,1,2,B03,8,6,5,30,4,2,1,5,4,5,13,2,1,9,4,5,2,17,1,76,3,10,7,1,7,9,1,8,2,5,,44,,1,21,,121.5904295,25.06349502
112,9,6,10,0,2,07信義區,信義區松平路87號,0,0,1,1,B03,8,6,5,30,14,9,1,5,4,5,13,4,4,5,2,5,2,17,1,66,3,10,3,4,7,9,1,8,1,5,,108,,1,21,,121.5675808,25.0304649
112,9,6,10,0,2,07信義區,信義區松平路87號,0,0,1,2,C03,8,6,5,30,14,9,1,5,4,5,13,4,4,5,2,5,2,17,2,38,2,5,3,4,7,12,1,10,1,13,,14,,1,21,,121.5675808,25.0304649
112,9,6,10,20,2,12內湖區,內湖區舊宗路2段與舊宗路2段213巷口,0,0,1,2,C03,8,6,5,50,3,1,1,5,4,5,13,4,4,1,5,5,2,16,2,40,2,9,6,1,7,9,1,10,2,14,,44,,1,21,,121.5740797,25.0727474
112,9,6,10,20,2,12內湖區,內湖區舊宗路2段與舊宗路2段213巷口,0,0,1,1,B12,8,6,5,50,3,1,1,5,4,5,13,4,4,1,5,5,2,16,1,41,3,10,7,1,7,6,3,18,2,5,,9,,1,21,,121.5740797,25.0727474
112,9,6,11,2,2,07信義區,信義區崇德街36號,0,0,2,1,C03,8,7,5,50,14,9,1,5,4,5,13,4,4,5,5,5,2,13,1,34,2,8,6,1,7,9,1,10,1,11,14,16,,1,21,,121.5538633,25.024296
112,9,6,11,2,2,07信義區,信義區崇德街36號,0,0,2,2,C03,8,7,5,50,14,9,1,5,4,5,13,4,4,5,5,5,2,13,2,25,2,9,6,1,7,14,1,10,1,13,14,44,,1,21,,121.5538633,25.024296
112,9,6,11,30,2,02萬華區,萬華區西園路2段153號,0,0,1,2,C03,7,7,5,50,14,9,1,5,4,1,12,4,4,1,4,5,2,17,4,0,,,,,,,,,,,,119,,2,,,121.4958597,25.0290967
112,9,6,11,30,2,02萬華區,萬華區西園路2段153號,0,0,1,3,C03,7,7,5,50,14,9,1,5,4,1,12,4,4,1,4,5,2,17,2,28,2,9,6,1,7,9,1,10,1,17,,44,,1,22,,121.4958597,25.0290967
112,9,6,11,30,2,02萬華區,萬華區西園路2段153號,0,0,1,1,B03,7,7,5,50,14,9,1,5,4,1,12,4,4,1,4,5,2,17,2,62,3,10,7,1,7,1,1,8,1,17,,19,,1,22,,121.4958597,25.0290967
112,9,6,12,25,2,09北投區,北投區建民路129巷與致遠一路1段46巷口,0,0,3,1,C03,8,6,5,30,4,1,1,5,4,5,13,4,4,5,5,5,2,15,1,34,2,9,5,1,7,9,1,10,2,11,,72,,1,21,,121.5175924,25.110126
112,9,6,12,25,2,09北投區,北投區建民路129巷與致遠一路1段46巷口,0,0,3,2,C03,8,6,5,30,4,1,1,5,4,5,13,4,4,5,5,5,2,15,2,62,2,9,5,1,7,9,1,10,2,13,,44,,1,21,,121.5175924,25.110126
112,9,6,12,25,2,09北投區,北投區建民路129巷與致遠一路1段46巷口,0,0,3,3,C03,8,6,5,30,4,1,1,5,4,5,13,4,4,5,5,5,2,15,1,36,2,8,5,1,7,9,1,10,2,14,,44,,1,21,,121.5175924,25.110126
112,9,6,12,56,2,05中正區,中正區寧波西街72號,0,0,2,1,B03,8,6,5,50,14,9,1,5,4,5,13,4,4,10,4,5,1,17,1,46,2,3,7,1,7,9,1,8,2,2,,108,,1,21,,121.5166861,25.03021423
112,9,6,12,56,2,05中正區,中正區寧波西街72號,0,0,2,2,C03,8,6,5,50,14,9,1,5,4,5,13,4,4,10,4,5,1,17,2,27,2,7,6,1,7,7,1,10,2,14,,100,,1,21,,121.5166861,25.03021423
112,9,6,13,0,2,12內湖區,內湖區金龍路與內湖路3段口口,0,0,1,2,H01,7,7,5,50,4,18,1,5,4,5,13,2,1,10,5,5,2,3,2,50,2,9,4,5,8,16,8,20,10,16,,67,,1,21,,121.5927202,25.08502403
112,9,6,13,0,2,12內湖區,內湖區金龍路與內湖路3段口口,0,0,1,1,B03,7,7,5,50,4,18,1,5,4,5,13,2,1,10,5,5,2,3,1,76,3,10,7,1,7,6,1,8,1,1,,70,,1,21,,121.5927202,25.08502403
112,9,6,13,0,2,11南港區,南港區南港路1段170號,0,0,1,1,C03,7,7,5,50,14,9,1,5,4,5,13,4,4,5,4,5,2,13,1,19,3,10,5,1,7,9,1,10,1,11,,16,,1,22,,121.6114877,25.05516249
112,9,6,13,0,2,11南港區,南港區南港路1段170號,0,0,1,3,H02,7,7,5,50,14,9,1,5,4,5,13,4,4,5,4,5,2,13,2,39,2,9,5,5,7,21,8,20,10,16,,67,,1,22,,121.6114877,25.05516249
112,9,6,13,0,2,11南港區,南港區南港路1段170號,0,0,1,2,B03,7,7,5,50,14,9,1,5,4,5,13,4,4,5,4,5,2,13,1,23,3,10,7,1,7,9,1,8,1,3,,44,,1,22,,121.6114877,25.05516249
112,9,6,13,10,2,05中正區,中正區汀州路3段與羅斯福路4段24巷口,0,0,1,2,C03,7,6,5,50,4,1,1,5,4,5,13,2,1,4,4,5,1,16,2,41,2,8,6,1,7,9,1,10,1,14,,108,,1,21,,121.5325446,25.014876
112,9,6,13,10,2,05中正區,中正區汀州路3段與羅斯福路4段24巷口,0,0,1,1,B12,7,6,5,50,4,1,1,5,4,5,13,2,1,4,4,5,1,16,1,26,3,10,7,1,7,6,1,8,1,5,,9,,1,21,,121.5325446,25.014876
112,9,6,13,29,2,09北投區,北投區竹子湖路1207479燈桿,0,0,1,1,C03,6,5,5,40,11,9,1,4,4,5,13,4,4,9,4,5,1,18,1,68,2,9,5,1,7,15,1,10,1,15,,44,,1,21,,121.5449246,25.17882388
112,9,6,13,29,2,09北投區,北投區竹子湖路1207479燈桿,0,0,1,2,,6,5,5,40,11,9,1,4,4,5,13,4,4,9,4,5,1,18,3,0,,,,,,,,,9,,,67,,1,,,121.5449246,25.17882388
112,9,6,13,30,2,12內湖區,內湖區瑞光路392號,0,0,1,1,C03,8,6,5,50,14,9,1,5,4,5,13,4,4,5,4,5,2,17,1,35,2,9,6,1,7,4,1,10,1,11,,42,,1,21,,121.5712517,25.07804521
112,9,6,13,30,2,12內湖區,內湖區瑞光路392號,0,0,1,2,B03,8,6,5,50,14,9,1,5,4,5,13,4,4,5,4,5,2,17,2,43,3,10,7,1,7,14,1,8,1,3,,44,,1,21,,121.5712517,25.07804521
112,9,6,13,30,2,12內湖區,內湖區瑞光路392號,0,0,1,3,,8,6,5,50,14,9,1,5,4,5,13,4,4,5,4,5,2,17,3,48,,,,,,,,,,,,130,,1,,,121.5712517,25.07804521
112,9,6,13,50,2,12內湖區,內湖區內湖路1段203巷11號,0,0,1,1,B02,7,6,5,50,3,1,1,5,4,5,13,4,4,5,5,5,2,16,1,61,3,10,7,1,7,5,1,4,2,8,,74,,1,21,,121.5635283,25.0842813
112,9,6,13,50,2,12內湖區,內湖區內湖路1段203巷11號,0,0,1,2,C04,7,6,5,50,3,1,1,5,4,5,13,4,4,5,5,5,2,16,2,59,2,9,6,1,7,9,1,8,2,14,,44,,1,21,,121.5635283,25.0842813
112,9,6,14,27,2,07信義區,信義區信義路5段與莊敬路口口,0,0,1,1,B01,7,5,5,50,4,1,1,5,4,5,13,2,1,3,4,5,2,16,1,65,3,10,7,1,7,6,1,4,1,2,,9,,1,21,,121.5614048,25.0330921
112,9,6,14,27,2,07信義區,信義區信義路5段與莊敬路口口,0,0,1,2,C03,7,5,5,50,4,1,1,5,4,5,13,2,1,3,4,5,2,16,1,25,2,8,6,1,7,9,1,10,1,11,12,44,,1,21,,121.5614048,25.0330921
112,9,6,15,42,2,08士林區,士林區社中街210巷21弄與社中街250巷口,0,0,1,2,B03,6,6,5,30,4,1,1,4,4,5,13,4,4,10,5,5,1,15,2,64,3,10,7,1,7,9,1,8,1,8,,13,,1,21,,121.50772,25.0922562
112,9,6,15,42,2,08士林區,士林區社中街210巷21弄與社中街250巷口,0,0,1,1,C03,6,6,5,30,4,1,1,4,4,5,13,4,4,10,5,5,1,15,1,50,2,8,5,1,7,9,1,10,1,12,,72,,1,21,,121.50772,25.0922562
112,9,6,16,10,2,05中正區,中正區南海路50號,0,0,1,2,B03,6,6,5,30,14,9,1,4,4,5,13,4,4,10,4,5,1,17,1,43,3,10,7,1,7,14,1,8,1,2,,44,,1,21,,121.5152272,25.03218682
112,9,6,16,10,2,05中正區,中正區南海路50號,0,0,1,3,,6,6,5,30,14,9,1,4,4,5,13,4,4,10,4,5,1,17,3,0,,,,,,,,,,,,67,,1,,,121.5152272,25.03218682
112,9,6,16,10,2,05中正區,中正區南海路50號,0,0,1,1,C03,6,6,5,30,14,9,1,4,4,5,13,4,4,10,4,5,1,17,1,49,2,7,6,1,7,9,1,10,1,14,,107,,1,21,,121.5152272,25.03218682
112,9,6,16,20,2,03中山區,中山區松江路133巷與南京東路2段115巷口,0,0,1,3,H02,6,7,5,30,4,1,1,4,4,5,13,4,4,10,5,5,2,17,1,19,2,9,4,5,7,20,8,20,10,16,,67,,1,25,,121.5336438,25.0543442
112,9,6,16,20,2,03中山區,中山區松江路133巷與南京東路2段115巷口,0,0,1,1,C03,6,7,5,30,4,1,1,4,4,5,13,4,4,10,5,5,2,17,1,19,3,10,5,1,7,9,1,10,1,11,,72,,1,25,,121.5336438,25.0543442
112,9,6,16,20,2,03中山區,中山區松江路133巷與南京東路2段115巷口,0,0,1,2,B12,6,7,5,30,4,1,1,4,4,5,13,4,4,10,5,5,2,17,1,38,3,10,7,1,7,9,1,8,1,2,,108,,1,26,,121.5336438,25.0543442
112,9,6,16,22,2,06松山區,松山區民生東路5段8號,0,0,1,2,H02,6,6,5,50,14,9,1,4,4,5,13,4,4,1,4,5,2,9,2,48,2,8,4,5,7,19,8,20,10,16,,67,,1,21,,121.5557476,25.05823008
112,9,6,16,22,2,06松山區,松山區民生東路5段8號,0,0,1,1,A02,6,6,5,50,14,9,1,4,4,5,13,4,4,1,4,5,2,9,1,44,3,10,7,1,7,14,1,2,11,17,,42,,1,21,,121.5557476,25.05823008
112,9,6,16,55,2,10文山區,文山區興隆路2段與興隆路2段153巷口口,0,0,1,1,B03,6,6,5,50,3,2,1,4,4,5,13,2,1,1,4,5,2,17,1,46,3,10,7,1,7,11,1,8,1,15,,101,,1,21,,121.5485015,25.0003426
112,9,6,16,55,2,10文山區,文山區興隆路2段與興隆路2段153巷口口,0,0,1,2,C03,6,6,5,50,3,2,1,4,4,5,13,2,1,1,4,5,2,17,2,19,2,9,5,1,7,9,1,10,1,14,,42,,1,21,,121.5485015,25.0003426
112,9,6,17,0,2,12內湖區,內湖區成功路4段61巷與成功路4段口,0,0,1,1,C03,6,6,5,50,3,1,1,4,4,5,13,1,1,1,5,5,2,16,1,37,2,9,6,1,7,5,1,10,2,11,,83,,1,21,,121.5932665,25.0808817
112,9,6,17,0,2,12內湖區,內湖區成功路4段61巷與成功路4段口,0,0,1,2,B03,6,6,5,50,3,1,1,4,4,5,13,1,1,1,5,5,2,16,1,49,3,10,7,1,7,9,1,8,2,1,,44,,1,21,,121.5932665,25.0808817
112,9,6,17,45,2,05中正區,中正區羅斯福路1段與林森南路地下道口,0,0,1,1,B03,6,5,5,50,5,18,1,4,4,5,13,2,1,2,4,5,1,3,2,50,3,10,7,1,7,6,1,8,2,1,,70,,1,21,,121.5182392,25.03288043
112,9,6,17,45,2,05中正區,中正區羅斯福路1段與林森南路地下道口,0,0,1,2,H01,6,5,5,50,5,18,1,4,4,5,13,2,1,2,4,5,1,3,2,72,2,9,4,5,8,16,8,20,10,16,,67,,1,21,,121.5182392,25.03288043
112,9,6,17,55,2,06松山區,松山區新東街26巷與民生東路5段260巷口,0,0,2,1,F01,6,6,5,30,4,1,1,4,4,5,13,4,4,10,5,5,2,15,1,76,2,7,4,1,7,9,8,20,1,12,,75,,1,22,,121.5672036,25.0587743
112,9,6,17,55,2,06松山區,松山區新東街26巷與民生東路5段260巷口,0,0,2,2,C03,6,6,5,30,4,1,1,4,4,5,13,4,4,10,5,5,2,15,1,27,2,8,5,1,7,9,1,10,1,11,,13,,1,22,,121.5672036,25.0587743
112,9,6,17,57,2,01大同區,大同區環河北路1段與民生西路口,0,0,1,2,C03,6,5,5,50,4,2,1,4,4,5,13,2,1,1,4,5,2,12,1,31,2,9,3,4,7,9,1,10,1,11,,44,,1,21,,121.5083142,25.0568239
112,9,6,17,57,2,01大同區,大同區環河北路1段與民生西路口,0,0,1,1,B02,6,5,5,50,4,2,1,4,4,5,13,2,1,1,4,5,2,12,1,43,4,11,3,4,7,6,1,14,11,15,,9,,2,21,,121.5083142,25.0568239
112,9,6,18,21,2,02萬華區,萬華區西園路2段與西園路2段50巷口,0,0,1,2,C03,6,5,5,50,14,9,1,4,4,5,13,4,4,1,3,5,1,16,1,26,2,9,3,4,7,9,1,10,1,12,,44,,1,22,,121.4974561,25.0323914
112,9,6,18,21,2,02萬華區,萬華區西園路2段與西園路2段50巷口,0,0,1,1,C03,6,5,5,50,14,9,1,4,4,5,13,4,4,1,3,5,1,16,1,43,3,10,3,4,7,7,1,10,1,11,,100,,1,22,,121.4974561,25.0323914
112,9,6,18,26,2,03中山區,中山區新生北路2段與民生東路2段口,0,0,1,2,C03,6,5,5,50,4,1,1,4,4,5,13,2,1,5,2,5,2,17,2,32,2,9,6,1,7,9,1,10,1,11,,44,,1,21,,121.5278061,25.0580982
112,9,6,18,26,2,03中山區,中山區新生北路2段與民生東路2段口,0,0,1,1,C03,6,5,5,50,4,1,1,4,4,5,13,2,1,5,2,5,2,17,2,22,3,10,6,1,7,9,1,10,1,11,,118,,1,21,,121.5278061,25.0580982
112,9,6,18,30,2,04大安區,大安區基隆路2段246號,0,0,1,2,C03,6,5,5,50,14,9,1,4,4,5,13,4,4,1,4,5,1,12,1,27,2,7,5,1,7,9,1,10,1,13,,44,,1,21,,121.5505563,25.022726
112,9,6,18,30,2,04大安區,大安區基隆路2段246號,0,0,1,1,B03,6,5,5,50,14,9,1,4,4,5,13,4,4,1,4,5,1,12,2,36,3,10,7,1,7,9,1,8,1,5,,108,,1,21,,121.5505563,25.022726
112,9,6,18,32,2,01大同區,萬華區西園路2段與西園路2段50巷口,0,0,1,1,B01,6,5,5,50,4,2,1,4,4,5,13,1,1,2,4,5,2,9,1,58,3,10,7,1,7,9,1,4,2,8,,108,,1,22,,121.4972617,25.03201757
112,9,6,18,32,2,01大同區,萬華區西園路2段與西園路2段50巷口,0,0,1,2,H03,6,5,5,50,4,2,1,4,4,5,13,1,1,2,4,5,2,9,1,27,2,7,4,5,8,17,8,20,10,16,,67,,1,23,,121.4972617,25.03201757
112,9,6,18,38,2,07信義區,信義區忠孝東路4段500之2號號,0,0,1,1,C03,6,5,5,50,14,9,1,4,4,5,13,2,1,1,4,5,2,18,1,30,2,9,6,1,7,9,1,10,2,14,,118,,1,22,,121.5609369,25.0412229
112,9,6,18,38,2,07信義區,信義區忠孝東路4段500之2號號,0,0,1,2,,6,5,5,50,14,9,1,4,4,5,13,2,1,1,4,5,2,18,3,0,,,,,,,,,10,,,67,,1,,,121.5609369,25.0412229
112,9,6,18,42,2,07信義區,信義區莊敬路與吳興街225巷口口,0,0,1,1,C03,6,5,5,50,4,1,1,4,4,5,13,1,1,5,4,5,2,17,2,46,2,9,5,1,7,8,1,10,9,14,,100,,1,22,,121.5637627,25.0280216
112,9,6,18,42,2,07信義區,信義區莊敬路與吳興街225巷口口,0,0,1,2,B03,6,5,5,50,4,1,1,4,4,5,13,1,1,5,4,5,2,17,2,39,3,10,2,1,7,9,1,8,9,5,,108,,1,22,,121.5637627,25.0280216
112,9,6,18,47,2,03中山區,中山區北安路821巷4弄10號,0,0,2,1,C03,6,5,5,30,14,9,1,4,4,5,13,4,4,10,5,5,2,9,1,26,2,9,3,4,7,9,1,10,2,11,,108,,1,21,,121.5559287,25.0856763
112,9,6,18,47,2,03中山區,中山區北安路821巷4弄10號,0,0,2,2,H01,6,5,5,30,14,9,1,4,4,5,13,4,4,10,5,5,2,9,1,52,2,9,4,5,8,16,8,20,10,16,,54,,1,21,,121.5559287,25.0856763
112,9,6,19,0,2,09北投區,北投區中央北路2段與中央北路2段350巷口,0,0,1,1,B03,6,5,5,50,3,1,1,4,4,5,13,1,1,9,4,5,1,17,4,0,,,,,,,,,11,,,119,,2,,,121.4883358,25.13840168
112,9,6,19,0,2,09北投區,北投區中央北路2段與中央北路2段350巷口,0,0,1,2,C03,6,5,5,50,3,1,1,4,4,5,13,1,1,9,4,5,1,17,1,21,2,7,5,1,7,9,1,10,1,17,,44,,1,21,,121.4883358,25.13840168
112,9,6,19,11,2,03中山區,中山區北安路821巷1弄19號,0,0,1,2,H01,6,5,5,30,14,9,1,4,4,5,13,4,4,10,5,5,2,3,1,39,2,8,4,5,8,16,8,20,10,16,,53,,1,21,,121.557271,25.08517576
112,9,6,19,11,2,03中山區,中山區北安路821巷1弄19號,0,0,1,1,B02,6,5,5,30,14,9,1,4,4,5,13,4,4,10,5,5,2,3,1,21,3,10,7,1,7,9,1,8,1,4,,108,,1,21,,121.557271,25.08517576
112,9,6,19,15,2,05中正區,中正區重慶南路3段與汀州路2段口,0,0,1,1,B03,6,5,5,50,4,2,1,4,4,5,13,1,1,5,4,5,2,16,1,60,3,10,7,1,7,5,1,8,2,1,,44,,1,21,,121.5163256,25.0258689
112,9,6,19,15,2,05中正區,中正區重慶南路3段與汀州路2段口,0,0,1,2,F01,6,5,5,50,4,2,1,4,4,5,13,1,1,5,4,5,2,16,2,73,2,9,4,1,7,9,8,20,2,12,,11,,1,21,,121.5163256,25.0258689
112,9,6,19,16,2,09北投區,北投區明德路331巷與無名巷口,0,0,2,1,C03,6,5,5,30,4,1,1,4,4,5,13,4,4,10,5,5,2,15,2,22,2,9,5,1,7,9,1,10,2,11,,72,,1,21,,121.5190755,25.1160418
112,9,6,19,16,2,09北投區,北投區明德路331巷與無名巷口,0,0,2,2,C03,6,5,5,30,4,1,1,4,4,5,13,4,4,10,5,5,2,15,2,56,2,9,5,1,7,9,3,18,1,11,,44,,1,21,,121.5190755,25.1160418
112,9,6,19,28,2,01大同區,大同區重慶北路3段196號,0,0,1,1,B03,6,5,5,0,14,9,1,4,4,5,13,4,4,1,4,5,2,17,1,60,4,11,7,1,7,10,1,8,11,15,,100,,2,22,,121.5136574,25.06949882
112,9,6,19,28,2,01大同區,大同區重慶北路3段196號,0,0,1,2,C03,6,5,5,0,14,9,1,4,4,5,13,4,4,1,4,5,2,17,1,20,2,9,3,4,7,9,1,10,2,17,,13,,1,21,,121.5136574,25.06949882
112,9,6,19,32,2,05中正區,中正區永福橋往台北市,0,0,1,1,C03,6,5,5,50,14,9,1,4,4,5,13,4,4,9,5,5,2,13,1,28,2,9,3,4,7,9,1,10,2,11,,42,,1,21,,121.5284662,25.01195766
112,9,6,19,32,2,05中正區,中正區永福橋往台北市,0,0,1,2,B01,6,5,5,50,14,9,1,4,4,5,13,4,4,9,5,5,2,13,1,45,3,10,3,4,7,9,1,4,2,6,,44,,1,21,,121.5284662,25.01195766
112,9,6,19,32,2,05中正區,中正區永福橋往台北市,0,0,1,3,B01,6,5,5,50,14,9,1,4,4,5,13,4,4,9,5,5,2,13,1,65,4,11,3,4,7,4,7,19,9,17,,94,,2,22,,121.5284662,25.01195766
112,9,6,19,37,2,07信義區,信義區信義路5段17號對面,0,0,1,1,B03,6,5,5,50,14,9,1,4,4,5,13,2,1,1,4,5,2,13,1,42,3,10,7,1,7,9,1,8,1,1,,108,,1,21,,121.5679887,25.0327875
112,9,6,19,37,2,07信義區,信義區信義路5段17號對面,0,0,1,2,C03,6,5,5,50,14,9,1,4,4,5,13,2,1,1,4,5,2,13,1,26,2,8,5,1,7,14,1,10,1,13,,44,,1,21,,121.5679887,25.0327875
112,9,6,19,43,2,01大同區,大同區民生西路280號,0,0,1,1,H01,6,5,5,50,14,9,1,4,4,5,13,4,4,9,5,5,2,3,2,34,3,10,4,5,8,16,8,20,10,17,,53,,1,21,,121.5130226,25.05696224
112,9,6,19,43,2,01大同區,大同區民生西路280號,0,0,1,2,C03,6,5,5,50,14,9,1,4,4,5,13,4,4,9,5,5,2,3,1,20,2,8,6,1,7,9,1,10,2,17,,42,,1,21,,121.5130226,25.05696224
112,9,6,19,49,2,03中山區,中山區建國北路2段6巷11號,0,0,2,1,C03,6,5,5,0,14,9,1,4,4,5,13,4,4,10,4,5,1,17,1,47,2,9,5,1,7,1,1,10,1,12,,19,,1,21,,121.5359345,25.0525454
112,9,6,19,49,2,03中山區,中山區建國北路2段6巷11號,0,0,2,2,C03,6,5,5,0,14,9,1,4,4,5,13,4,4,10,4,5,1,17,1,31,2,9,5,1,7,9,1,10,1,11,,44,,1,21,,121.5359345,25.0525454