發生年度,發生月,發生日,發生時-Hours,發生分,處理別-編號,區序,肇事地點,死亡人數,2-30日死亡人數,受傷人數,當事人序號,車種,天候,光線,道路類別,速限-速度限制,道路型態,事故位置,路面狀況1,路面狀況2,路面狀況3,道路障礙1,道路障礙2,號誌1,號誌2,車道劃分-分向,車道劃分-分道1,車道劃分-分道2,車道劃分-分道3,事故類型及型態,性別,年齡,受傷程度,主要傷處,保護裝置,行動電話,車輛用途,當事者行動狀態,駕駛資格情形,駕駛執照種類,飲酒情形,車輛撞擊部位1,車輛撞擊部位2,肇因碼-個別,肇因碼-主要,個人肇逃否,職業,旅次目的,座標-X,座標-Y
112,9,6,19,57,2,09北投區,北投區西安街1段與石牌路1段166巷69弄口,0,0,1,1,B01,6,7,5,50,3,2,1,4,4,5,13,4,4,10,4,5,1,2,1,50,3,10,7,1,7,9,1,4,1,2,,118,,1,22,,121.5158682,25.11356642
112,9,6,19,57,2,09北投區,北投區西安街1段與石牌路1段166巷69弄口,0,0,1,2,H01,6,7,5,50,3,2,1,4,4,5,13,4,4,10,4,5,1,2,1,28,2,9,4,5,8,16,8,20,10,16,,67,,1,22,,121.5158682,25.11356642
112,9,6,20,0,2,08士林區,士林區福林路245號,0,0,1,2,C03,6,5,5,50,14,9,1,4,4,5,13,2,1,5,4,5,2,17,1,18,3,10,5,1,7,9,1,10,1,12,,44,,1,25,,121.5347302,25.0981846
112,9,6,20,0,2,08士林區,士林區福林路245號,0,0,1,1,C03,6,5,5,50,14,9,1,4,4,5,13,2,1,5,4,5,2,17,2,32,2,9,5,1,7,9,1,10,1,14,,108,,1,21,,121.5347302,25.0981846
112,9,6,20,11,2,10文山區,文山區木柵路3段與木柵路3段48巷口,0,0,1,1,B03,6,5,5,50,14,9,2,4,4,5,13,2,1,5,4,5,2,9,2,47,3,10,3,4,7,6,1,8,2,1,,70,,1,21,,121.5653062,24.98834832
112,9,6,20,11,2,10文山區,文山區木柵路3段與木柵路3段48巷口,0,0,1,2,H01,6,5,5,50,14,9,2,4,4,5,13,2,1,5,4,5,2,9,2,25,2,9,4,5,8,16,8,20,10,16,,67,,1,21,,121.5653062,24.98834832
112,9,6,20,18,2,04大安區,大安區建國南路1段往北過仁愛路3段,0,0,1,1,B01,6,5,8,50,22,22,1,4,4,5,13,4,4,8,3,4,1,12,1,49,3,10,7,1,7,10,1,4,1,4,,100,,1,26,,121.5382927,25.03902742
112,9,6,20,18,2,04大安區,大安區建國南路1段往北過仁愛路3段,0,0,1,2,C03,6,5,8,50,22,22,1,4,4,5,13,4,4,8,3,4,1,12,1,28,2,7,5,1,7,9,1,10,1,12,,44,,1,26,,121.5382927,25.03902742
112,9,6,20,28,2,07信義區,信義區基隆路1段426號,0,0,1,1,C03,6,5,5,50,14,9,1,4,4,5,13,4,4,9,3,5,2,23,1,61,2,9,5,4,7,7,1,10,9,11,14,42,,1,21,,121.55997,25.0337276
112,9,6,20,28,2,07信義區,信義區基隆路1段426號,0,0,1,2,,6,5,5,50,14,9,1,4,4,5,13,4,4,9,3,5,2,23,3,0,,,,,,,,,,,,67,,1,,,121.55997,25.0337276
112,9,6,20,48,2,05中正區,中正區延平南路與愛國西路口,0,0,2,1,C03,6,5,5,50,14,8,1,4,4,5,13,1,1,1,4,1,2,13,2,36,2,9,5,1,7,3,1,10,2,13,,44,,1,21,,121.5082972,25.03696154
112,9,6,20,48,2,05中正區,中正區延平南路與愛國西路口,0,0,2,2,C03,6,5,5,50,14,8,1,4,4,5,13,1,1,1,4,1,2,13,2,44,2,9,5,1,7,9,1,10,2,11,,42,,1,21,,121.5082972,25.03696154
112,9,6,21,10,2,04大安區,大安區市民大道3段與建國南路1段口,0,0,2,2,B02,6,5,5,40,4,1,1,4,4,5,13,2,1,5,4,4,2,16,2,27,2,9,7,1,7,9,1,8,2,1,,44,,1,21,,121.5363514,25.0446661
112,9,6,21,10,2,04大安區,大安區市民大道3段與建國南路1段口,0,0,2,3,H02,6,5,5,40,4,1,1,4,4,5,13,2,1,5,4,4,2,16,2,25,2,1,7,5,7,20,8,20,10,16,,67,,1,21,,121.5363514,25.0446661
112,9,6,21,10,2,04大安區,大安區市民大道3段與建國南路1段口,0,0,2,4,,6,5,5,40,4,1,1,4,4,5,13,2,1,5,4,4,2,16,3,0,,,,,,,,,,,,67,,1,,,121.5363514,25.0446661
112,9,6,21,10,2,04大安區,大安區市民大道3段與建國南路1段口,0,0,2,1,B03,6,5,5,40,4,1,1,4,4,5,13,2,1,5,4,4,2,16,1,40,3,10,7,1,7,5,1,8,2,5,,98,,1,21,,121.5363514,25.0446661
112,9,6,21,20,2,12內湖區,內湖區大湖山莊街148號,0,0,1,1,,6,5,5,30,14,9,1,4,4,5,13,4,4,10,5,5,2,27,3,73,,,,,,,,,,,,66,,1,,,121.6013214,25.0861074
112,9,6,21,20,2,12內湖區,內湖區大湖山莊街148號,0,0,1,2,C03,6,5,5,30,14,9,1,4,4,5,13,4,4,10,5,5,2,27,1,19,2,5,3,4,7,9,1,10,1,11,,108,,1,22,,121.6013214,25.0861074
112,9,6,21,35,2,12內湖區,內湖區成功路3段與成功路3段174巷口,0,0,1,2,B03,6,5,5,50,4,1,1,4,4,5,13,2,1,1,4,4,2,16,1,59,3,10,7,1,7,6,1,8,1,8,,9,,1,21,,121.5908018,25.08076469
112,9,6,21,35,2,12內湖區,內湖區成功路3段與成功路3段174巷口,0,0,1,1,C03,6,5,5,50,4,1,1,4,4,5,13,2,1,1,4,4,2,16,1,18,2,8,5,1,7,5,1,10,1,12,,8,,1,21,,121.5908018,25.08076469
112,9,6,21,35,2,11南港區,南港區市民大道8段與南港路1段137巷口,0,0,1,1,C03,6,5,5,50,3,1,1,4,4,5,13,4,4,1,4,5,2,17,1,56,2,7,5,1,7,9,1,10,2,14,,42,,1,21,,121.6138174,25.0543034
112,9,6,21,35,2,11南港區,南港區市民大道8段與南港路1段137巷口,0,0,1,2,C03,6,5,5,50,3,1,1,4,4,5,13,4,4,1,4,5,2,17,1,20,3,10,5,1,7,5,1,10,2,17,,44,,1,21,,121.6138174,25.0543034
112,9,6,21,50,2,12內湖區,內湖區新明路353號,0,0,1,2,C03,6,5,5,50,14,9,1,4,4,5,13,4,4,4,3,4,1,17,1,39,2,9,3,4,7,9,1,10,1,12,,108,,1,21,,121.5826042,25.0562136
112,9,6,21,50,2,12內湖區,內湖區新明路353號,0,0,1,1,B03,6,5,5,50,14,9,1,4,4,5,13,4,4,4,3,4,1,17,1,33,3,10,3,4,7,1,1,8,1,1,,19,,1,22,,121.5826042,25.0562136
112,9,6,22,36,2,03中山區,中山區中山北路1段與長安西路口,0,0,1,3,C04,6,5,5,50,14,8,1,4,4,5,13,1,1,4,3,1,1,16,2,35,2,9,6,1,7,9,1,21,2,14,,44,,1,21,,121.5212168,25.0493761
112,9,6,22,36,2,03中山區,中山區中山北路1段與長安西路口,0,0,1,2,B01,6,5,5,50,14,8,1,4,4,5,13,1,1,4,3,1,1,16,1,57,3,10,7,1,7,9,1,4,2,8,,44,,1,21,,121.5212168,25.0493761
112,9,6,22,36,2,03中山區,中山區中山北路1段與長安西路口,0,0,1,1,B03,6,5,5,50,14,8,1,4,4,5,13,1,1,4,3,1,1,16,1,65,3,10,7,1,7,7,1,8,2,5,,100,,1,21,,121.5212168,25.0493761
112,9,6,22,36,2,03中山區,中山區中山北路1段與長安西路口,0,0,1,4,C03,6,5,5,50,14,8,1,4,4,5,13,1,1,4,3,1,1,16,3,41,,,,,,,,,,,,67,,1,,,121.5212168,25.0493761
112,9,6,23,3,1,10文山區,文山區木新路2段與恆光街口,1,0,2,4,H01,6,5,5,50,4,2,1,4,4,5,13,2,1,9,4,5,1,13,1,31,2,9,4,5,8,16,8,20,10,16,,67,,1,21,,121.5664955,24.9831927
112,9,6,23,3,1,10文山區,文山區木新路2段與恆光街口,1,0,2,6,B03,6,5,5,50,4,2,1,4,4,5,13,2,1,9,4,5,1,13,1,34,3,10,7,1,7,14,1,8,1,7,,44,,1,21,,121.5664955,24.9831927
112,9,6,23,3,1,10文山區,文山區木新路2段與恆光街口,1,0,2,3,C03,6,5,5,50,4,2,1,4,4,5,13,2,1,9,4,5,1,13,1,19,1,1,5,1,7,9,1,10,9,11,,44,,1,21,,121.5664955,24.9831927
112,9,6,23,3,1,10文山區,文山區木新路2段與恆光街口,1,0,2,5,C03,6,5,5,50,4,2,1,4,4,5,13,2,1,9,4,5,1,13,1,20,2,9,5,1,7,7,1,10,2,13,,44,,1,21,,121.5664955,24.9831927
112,9,6,23,3,1,10文山區,文山區木新路2段與恆光街口,1,0,2,2,A12,6,5,5,50,4,2,1,4,4,5,13,2,1,9,4,5,1,13,1,53,3,10,7,1,7,9,1,3,2,8,,107,,1,21,,121.5664955,24.9831927
112,9,6,23,3,1,10文山區,文山區木新路2段與恆光街口,1,0,2,1,B03,6,5,5,50,4,2,1,4,4,5,13,2,1,9,4,5,1,13,2,53,3,10,7,1,7,9,1,8,2,1,,16,,1,21,,121.5664955,24.9831927
112,9,7,3,20,2,08士林區,士林區通河西街1段與中正路口,0,0,1,2,B01,8,5,5,50,3,1,1,5,4,5,13,1,1,5,5,5,1,17,1,65,3,10,7,1,7,6,1,4,1,8,,44,,1,21,,121.5119532,25.0877062
112,9,7,3,20,2,08士林區,士林區通河西街1段與中正路口,0,0,1,1,C03,8,5,5,50,3,1,1,5,4,5,13,1,1,5,5,5,1,17,2,62,2,9,5,1,7,9,3,18,1,11,,81,,1,21,,121.5119532,25.0877062
112,9,7,7,12,2,03中山區,中山區長安東路2段153巷與長安東路1段口,0,0,3,4,,8,5,5,30,4,1,1,5,4,5,13,1,1,10,5,5,2,13,3,0,,,,,,,,,,,,67,,1,,,121.5390359,25.04839859
112,9,7,7,12,2,03中山區,中山區長安東路2段153巷與長安東路1段口,0,0,3,3,H02,8,5,5,30,4,1,1,5,4,5,13,1,1,10,5,5,2,13,2,17,2,1,7,5,7,21,8,20,10,16,,67,,1,21,,121.5390359,25.04839859
112,9,7,7,12,2,03中山區,中山區長安東路2段153巷與長安東路1段口,0,0,3,1,B03,8,5,5,30,4,1,1,5,4,5,13,1,1,10,5,5,2,13,1,69,2,8,7,1,7,9,1,8,1,1,,42,,1,21,,121.5390359,25.04839859
112,9,7,7,12,2,03中山區,中山區長安東路2段153巷與長安東路1段口,0,0,3,2,C03,8,5,5,30,4,1,1,5,4,5,13,1,1,10,5,5,2,13,1,67,2,9,6,1,7,1,1,10,1,13,,44,,1,21,,121.5390359,25.04839859
112,9,7,7,34,2,07信義區,(吳興街250號),0,0,1,1,A12,8,7,5,0,22,9,1,5,4,5,13,4,4,5,5,5,1,17,1,59,3,10,3,4,7,1,1,7,2,4,,19,,1,21,,121.5611965,25.0261698
112,9,7,7,34,2,07信義區,(吳興街250號),0,0,1,2,C03,8,7,5,0,22,9,1,5,4,5,13,4,4,5,5,5,1,17,1,64,2,9,3,4,7,9,1,9,2,11,,44,,1,22,,121.5611965,25.0261698
112,9,7,7,44,2,10文山區,文山區木新路2段43巷與木新路2段69巷口,0,0,1,1,B01,6,7,5,30,3,2,1,4,4,5,13,4,4,10,5,5,1,11,2,33,3,10,7,1,7,9,1,4,1,8,,35,,1,21,,121.5713978,24.9860096
112,9,7,7,44,2,10文山區,文山區木新路2段43巷與木新路2段69巷口,0,0,1,3,C03,6,7,5,30,3,2,1,4,4,5,13,4,4,10,5,5,1,11,2,44,2,8,5,1,7,9,1,10,1,11,,16,,1,21,,121.5713978,24.9860096
112,9,7,7,44,2,10文山區,文山區木新路2段43巷與木新路2段69巷口,0,0,1,2,B03,6,7,5,30,3,2,1,4,4,5,13,4,4,10,5,5,1,11,2,43,3,10,7,1,7,9,1,8,1,8,,44,,1,21,,121.5713978,24.9860096
112,9,7,7,45,2,12內湖區,內湖區安康路與安康路434巷口口,0,0,2,1,B12,7,5,5,30,4,1,1,5,4,5,13,4,4,10,5,5,2,15,1,48,3,10,7,1,7,9,1,8,1,1,,72,,1,21,,121.6146773,25.06671953
112,9,7,7,45,2,12內湖區,內湖區安康路與安康路434巷口口,0,0,2,2,C03,7,5,5,30,4,1,1,5,4,5,13,4,4,10,5,5,2,15,2,45,2,9,5,1,7,9,1,10,1,12,,44,,1,21,,121.6146773,25.06671953
112,9,7,7,45,2,12內湖區,內湖區安康路與安康路434巷口口,0,0,2,3,H02,7,5,5,30,4,1,1,5,4,5,13,4,4,10,5,5,2,15,1,6,2,8,5,5,7,20,8,20,10,16,,67,,1,14,,121.6146773,25.06671953
112,9,7,8,0,2,05中正區,中正區愛國西路與延平南路口,0,0,1,1,B03,8,6,5,50,5,2,1,5,4,5,13,2,1,1,4,1,2,17,2,46,3,10,7,1,7,5,1,8,1,5,,17,,1,21,,121.5081811,25.0365105
112,9,7,8,0,2,05中正區,中正區愛國西路與延平南路口,0,0,1,2,C03,8,6,5,50,5,2,1,5,4,5,13,2,1,1,4,1,2,17,2,69,2,9,5,1,7,5,6,18,1,14,,17,,1,21,,121.5081811,25.0365105
112,9,7,8,11,2,03中山區,中山區中山北路2段與民權東路1段口,0,0,2,2,C03,8,5,5,50,14,9,1,5,4,5,13,4,4,1,4,4,2,12,1,40,2,9,3,4,7,9,1,10,1,14,,44,,1,21,,121.5230411,25.0626777
112,9,7,8,11,2,03中山區,中山區中山北路2段與民權東路1段口,0,0,2,1,C03,8,5,5,50,14,9,1,5,4,5,13,4,4,1,4,4,2,12,1,29,2,7,3,4,7,7,1,10,1,13,,100,,1,21,,121.5230411,25.0626777
112,9,7,8,16,2,06松山區,松山區濱江街375號,0,0,2,1,C04,7,7,5,40,14,8,1,5,4,5,13,4,4,9,4,4,2,17,1,30,2,9,5,1,7,1,1,10,2,15,,19,,1,22,,121.5531235,25.07241959
112,9,7,8,16,2,06松山區,松山區濱江街375號,0,0,2,2,C02,7,7,5,40,14,8,1,5,4,5,13,4,4,9,4,4,2,17,1,39,2,9,6,1,7,9,1,9,2,15,,44,,1,22,,121.5531235,25.07241959
112,9,7,8,32,2,07信義區,信義區松隆路與虎林街口,0,0,2,3,H02,7,7,5,50,5,1,1,5,4,5,13,1,1,2,4,5,2,17,2,38,2,8,5,5,7,20,8,20,10,16,,67,,1,21,,121.576106,25.0483028
112,9,7,8,32,2,07信義區,信義區松隆路與虎林街口,0,0,2,2,C03,7,7,5,50,5,1,1,5,4,5,13,1,1,2,4,5,2,17,1,57,3,10,6,1,7,9,1,10,1,14,,44,,1,22,,121.576106,25.0483028
112,9,7,8,32,2,07信義區,信義區松隆路與虎林街口,0,0,2,1,C03,7,7,5,50,5,1,1,5,4,5,13,1,1,2,4,5,2,17,1,37,2,8,6,1,7,7,1,10,1,12,,100,,1,22,,121.576106,25.0483028
112,9,7,8,47,2,05中正區,中正區市民大道3段與金山北路口,0,0,2,2,F02,7,5,5,40,4,2,1,5,4,5,13,1,1,9,5,5,2,17,1,38,2,9,4,1,7,11,8,20,2,11,,11,,1,21,,121.5307921,25.04582
112,9,7,8,47,2,05中正區,中正區市民大道3段與金山北路口,0,0,2,1,C03,7,5,5,40,4,2,1,5,4,5,13,1,1,9,5,5,2,17,1,40,2,8,5,1,7,6,1,10,2,11,,44,,1,21,,121.5307921,25.04582
112,9,7,8,47,2,05中正區,中正區市民大道3段與金山北路口,0,0,2,3,B03,7,5,5,40,4,2,1,5,4,5,13,1,1,9,5,5,2,17,1,70,3,10,7,1,7,14,1,8,9,17,,107,,1,21,,121.5307921,25.04582
112,9,7,8,50,2,08士林區,士林區德行東路109巷59號,0,0,2,2,H01,7,5,5,30,14,9,1,5,4,5,13,4,4,8,5,5,1,2,2,69,2,9,4,5,8,16,8,20,10,16,,121,,1,22,,121.5285022,25.10941942
112,9,7,8,50,2,08士林區,士林區德行東路109巷59號,0,0,2,1,C03,7,5,5,30,14,9,1,5,4,5,13,4,4,8,5,5,1,2,1,28,2,9,5,1,7,9,1,10,1,11,,108,,1,22,,121.5285022,25.10941942
112,9,7,8,56,2,05中正區,中正區羅斯福路4段與基隆路4段口口,0,0,1,1,C03,8,6,5,50,5,1,1,5,4,5,13,1,1,1,4,5,1,16,1,26,3,10,6,1,7,5,1,10,2,14,,96,,1,21,,121.5369553,25.01135506
112,9,7,8,56,2,05中正區,中正區羅斯福路4段與基隆路4段口口,0,0,1,2,C03,8,6,5,50,5,1,1,5,4,5,13,1,1,1,4,5,1,16,2,39,2,8,6,1,7,9,1,10,2,12,,44,,1,21,,121.5369553,25.01135506
112,9,7,8,56,2,05中正區,中正區羅斯福路4段與基隆路4段口口,0,0,1,3,H02,8,6,5,50,5,1,1,5,4,5,13,1,1,1,4,5,1,16,2,28,4,11,6,5,7,20,8,20,10,16,,67,,1,21,,121.5369553,25.01135506
112,9,7,8,57,2,12內湖區,內湖區潭美街與新明路321巷口口,0,0,1,1,B12,8,6,5,40,3,2,1,5,4,5,13,2,1,5,5,5,2,17,1,59,3,10,7,2,7,6,1,8,1,6,,9,,1,21,,121.5849487,25.055852
112,9,7,8,57,2,12內湖區,內湖區潭美街與新明路321巷口口,0,0,1,2,C03,8,6,5,40,3,2,1,5,4,5,13,2,1,5,5,5,2,17,2,30,2,9,5,1,7,9,1,10,1,14,,44,,1,21,,121.5849487,25.055852
112,9,7,9,1,2,03中山區,中山區建國高架道往北濱江街匝道,0,0,1,2,B01,7,5,5,40,10,9,1,5,4,5,13,4,4,1,5,5,2,13,2,53,3,10,3,4,7,9,1,4,1,3,,44,,1,21,,121.5345151,25.0672083
112,9,7,9,1,2,03中山區,中山區建國高架道往北濱江街匝道,0,0,1,3,H02,7,5,5,40,10,9,1,5,4,5,13,4,4,1,5,5,2,13,2,70,2,8,4,5,7,20,8,20,10,16,,67,,1,21,,121.5345151,25.0672083
112,9,7,9,1,2,03中山區,中山區建國高架道往北濱江街匝道,0,0,1,1,B02,7,5,5,40,10,9,1,5,4,5,13,4,4,1,5,5,2,13,1,26,3,10,3,4,7,9,1,8,1,1,,16,,1,22,,121.5345151,25.0672083
112,9,7,9,7,2,11南港區,南港區向陽路150號,0,0,1,3,A04,8,5,5,50,14,9,1,5,4,5,13,4,4,9,4,5,2,12,2,54,3,10,3,4,7,1,1,2,2,8,,44,,1,21,,121.5944387,25.05523812
112,9,7,9,7,2,11南港區,南港區向陽路150號,0,0,1,2,A11,8,5,5,50,14,9,1,5,4,5,13,4,4,9,4,5,2,12,1,32,3,10,3,4,7,9,1,3,2,2,,44,,1,21,,121.5944387,25.05523812
112,9,7,9,7,2,11南港區,南港區向陽路150號,0,0,1,1,C04,8,5,5,50,14,9,1,5,4,5,13,4,4,9,4,5,2,12,2,66,2,9,5,1,7,7,1,11,2,14,,100,,1,21,,121.5944387,25.05523812
112,9,7,9,10,2,04大安區,大安區和平東路1段16號,0,0,1,1,C03,8,6,5,50,14,9,1,5,4,5,13,2,1,10,5,5,2,12,1,27,2,8,6,1,7,10,1,10,1,13,,107,,1,21,,121.5240337,25.0267422
112,9,7,9,10,2,04大安區,大安區和平東路1段16號,0,0,1,2,B03,8,6,5,50,14,9,1,5,4,5,13,2,1,10,5,5,2,12,1,65,3,10,7,1,7,9,1,10,1,5,,44,,1,21,,121.5240337,25.0267422
112,9,7,9,10,2,04大安區,大安區和平東路1段16號,0,0,1,3,C03,8,6,5,50,14,9,1,5,4,5,13,2,1,10,5,5,2,12,1,29,3,10,6,1,7,9,1,10,1,14,,44,,1,21,,121.5240337,25.0267422
112,9,7,9,10,2,08士林區,士林區福林路254巷與至善路1段口,0,0,2,3,H02,7,6,5,40,3,1,1,5,4,5,13,3,1,1,4,5,2,12,2,30,2,9,5,5,7,17,8,20,10,16,,67,,1,21,,121.5377393,25.09797155
112,9,7,9,10,2,08士林區,士林區福林路254巷與至善路1段口,0,0,2,1,C03,7,6,5,40,3,1,1,5,4,5,13,3,1,1,4,5,2,12,2,30,2,9,5,1,7,8,1,10,2,11,,100,,1,21,,121.5377393,25.09797155
112,9,7,9,10,2,08士林區,士林區福林路254巷與至善路1段口,0,0,2,2,C03,7,6,5,40,3,1,1,5,4,5,13,3,1,1,4,5,2,12,1,42,3,10,5,1,7,15,1,10,2,13,,44,,1,21,,121.5377393,25.09797155
112,9,7,9,26,2,01大同區,大同區民生西路72號與南京西路25巷口,0,0,1,1,B03,8,5,5,0,4,2,1,5,4,5,13,2,1,5,4,5,2,12,1,35,3,10,3,4,7,9,1,8,2,5,,17,,1,22,,121.520484,25.0575119
112,9,7,9,26,2,01大同區,大同區民生西路72號與南京西路25巷口,0,0,1,2,C03,8,5,5,0,4,2,1,5,4,5,13,2,1,5,4,5,2,12,1,48,2,9,3,4,7,9,1,10,2,14,,17,,1,22,,121.520484,25.0575119
112,9,7,9,44,2,05中正區,中正區羅斯福路4段與基隆路4段口,0,0,1,2,C03,7,7,5,50,4,1,1,5,4,5,13,1,1,1,4,5,2,17,1,37,2,9,6,1,7,9,1,10,2,17,,97,,1,22,,121.5369591,25.0112561
112,9,7,9,44,2,05中正區,中正區羅斯福路4段與基隆路4段口,0,0,1,1,C03,7,7,5,50,4,1,1,5,4,5,13,1,1,1,4,5,2,17,1,23,3,10,6,1,7,5,1,10,2,17,,96,,1,22,,121.5369591,25.0112561
112,9,7,10,10,2,05中正區,中正區重慶南路1段130號,0,0,1,1,C03,7,6,5,50,14,9,1,5,4,5,13,4,4,5,4,5,2,17,1,32,2,9,6,1,7,9,1,10,2,15,,102,,1,22,,121.5125912,25.036147
112,9,7,10,10,2,05中正區,中正區重慶南路1段130號,0,0,1,2,B03,7,6,5,50,14,9,1,5,4,5,13,4,4,5,4,5,2,17,1,47,3,10,7,1,7,7,1,8,2,15,,100,,1,22,,121.5125912,25.036147
112,9,7,10,30,2,07信義區,信義區忠孝東路5段191號,0,0,2,3,C03,8,5,5,50,14,9,1,5,4,5,13,4,4,1,4,5,2,17,2,33,2,9,6,1,7,9,1,10,1,14,,44,,1,22,,121.5695493,25.0411621
112,9,7,10,30,2,07信義區,信義區忠孝東路5段191號,0,0,2,1,B01,8,5,5,50,14,9,1,5,4,5,13,4,4,1,4,5,2,17,1,56,3,10,7,1,7,7,1,8,1,2,,100,,1,22,,121.5695493,25.0411621
112,9,7,10,30,2,07信義區,信義區忠孝東路5段191號,0,0,2,2,C03,8,5,5,50,14,9,1,5,4,5,13,4,4,1,4,5,2,17,1,52,2,9,6,1,7,15,1,10,1,14,,118,,1,22,,121.5695493,25.0411621
112,9,7,11,34,2,03中山區,中山區南京東路2段53號,0,0,1,2,C03,8,7,5,50,14,7,1,5,4,5,13,4,4,1,4,4,2,16,1,26,3,10,5,1,7,9,1,10,1,14,,44,,1,22,,121.5297953,25.05220371
112,9,7,11,34,2,03中山區,中山區南京東路2段53號,0,0,1,1,C03,8,7,5,50,14,7,1,5,4,5,13,4,4,1,4,4,2,16,2,22,2,9,5,1,7,8,1,10,1,12,,100,,1,22,,121.5297953,25.05220371
112,9,7,11,44,2,10文山區,文山區萬芳路與無名巷口,0,0,1,2,C03,7,7,5,30,3,1,1,5,4,5,13,4,4,5,2,5,2,16,1,18,2,9,6,1,7,9,1,10,2,11,,14,,1,21,,121.5709739,24.9952932
112,9,7,11,44,2,10文山區,文山區萬芳路與無名巷口,0,0,1,1,B03,7,7,5,30,3,1,1,5,4,5,13,4,4,5,2,5,2,16,1,71,3,10,7,1,7,6,1,8,2,8,,72,,1,21,,121.5709739,24.9952932
112,9,7,11,45,2,11南港區,南港區興東街與惠民街口,0,0,1,1,B03,7,7,5,30,3,2,1,5,4,5,13,2,1,9,5,5,2,12,1,41,3,10,3,4,7,11,1,8,1,4,,10,,1,21,,121.6096333,25.056601
112,9,7,11,45,2,11南港區,南港區興東街與惠民街口,0,0,1,2,C03,7,7,5,30,3,2,1,5,4,5,13,2,1,9,5,5,2,12,1,29,2,9,3,4,7,9,1,10,1,11,,44,,1,21,,121.6096333,25.056601
112,9,7,11,47,2,12內湖區,內湖區康樂街61巷與康樂街111巷口,0,0,1,2,C03,8,5,5,30,4,1,1,5,4,5,13,4,4,10,5,5,2,15,1,24,3,10,6,1,7,9,1,10,2,11,,13,,1,21,,121.6197744,25.07059812
112,9,7,11,47,2,12內湖區,內湖區康樂街61巷與康樂街111巷口,0,0,1,1,C03,8,5,5,30,4,1,1,5,4,5,13,4,4,10,5,5,2,15,1,33,2,9,5,1,7,9,1,10,2,14,,72,,1,21,,121.6197744,25.07059812
112,9,7,11,50,2,09北投區,北投區承德路6段與文承路口,0,0,1,2,C03,8,7,5,60,5,1,1,5,4,5,13,2,1,1,3,1,1,13,1,66,3,10,5,1,7,12,1,10,2,13,,30,,1,21,,121.5119609,25.1043963
112,9,7,11,50,2,09北投區,北投區承德路6段與文承路口,0,0,1,1,C03,8,7,5,60,5,1,1,5,4,5,13,2,1,1,3,1,1,13,1,44,2,9,5,1,7,9,1,10,2,11,4,16,,1,21,,121.5119609,25.1043963
112,9,7,12,52,2,09北投區,北投區新市街與磺港路口,0,0,2,1,F03,8,7,5,50,3,1,1,5,4,5,13,4,4,5,5,5,1,16,2,24,2,9,5,1,7,5,8,20,1,14,,8,,1,22,,121.5026007,25.13306007
112,9,7,12,52,2,09北投區,北投區新市街與磺港路口,0,0,2,2,C03,8,7,5,50,3,1,1,5,4,5,13,4,4,5,5,5,1,16,1,19,2,9,5,1,7,9,1,10,1,11,,13,,1,22,,121.5026007,25.13306007
112,9,7,13,30,2,12內湖區,內湖區康寧路1段164巷與康寧路1段口,0,0,1,1,A41,7,6,5,40,3,1,1,4,4,5,13,4,4,5,5,5,2,18,3,0,,,,,,,,,,,,67,,1,,,121.5944652,25.07902317
112,9,7,13,30,2,12內湖區,內湖區康寧路1段164巷與康寧路1段口,0,0,1,2,C03,7,6,5,40,3,1,1,4,4,5,13,4,4,5,5,5,2,18,1,29,2,9,6,1,7,9,1,10,2,12,,44,,1,21,,121.5944652,25.07902317
112,9,7,13,42,2,07信義區,信義區忠孝東路5段790巷22弄與忠孝東路5段790巷口,0,0,1,1,C03,8,6,5,30,4,1,1,5,4,5,13,4,4,10,5,5,2,15,1,60,2,9,5,1,7,9,1,10,2,12,,72,,1,21,,121.5824177,25.0426681
112,9,7,13,42,2,07信義區,信義區忠孝東路5段790巷22弄與忠孝東路5段790巷口,0,0,1,2,B03,8,6,5,30,4,1,1,5,4,5,13,4,4,10,5,5,2,15,1,32,3,10,7,1,7,9,1,8,2,1,,108,,1,21,,121.5824177,25.0426681
112,9,7,13,50,2,06松山區,松山區三民路5號與三民路口,0,0,1,1,C03,7,6,5,50,4,2,1,4,4,5,13,3,1,5,4,5,2,13,2,53,2,8,6,1,7,9,1,10,1,11,,16,,1,22,,121.5637635,25.0522257
112,9,7,13,50,2,06松山區,松山區三民路5號與三民路口,0,0,1,2,B03,7,6,5,50,4,2,1,4,4,5,13,3,1,5,4,5,2,13,2,43,3,10,7,1,7,12,1,8,1,7,,44,,1,22,,121.5637635,25.0522257
112,9,7,14,6,2,03中山區,中山區長安東路2段63號,0,0,2,2,C03,8,7,5,50,14,9,1,5,4,5,13,4,4,5,4,5,2,16,1,29,2,9,5,1,7,9,1,10,1,11,,44,,1,22,,121.5336124,25.04850589
112,9,7,14,6,2,03中山區,中山區長安東路2段63號,0,0,2,1,C03,8,7,5,50,14,9,1,5,4,5,13,4,4,5,4,5,2,16,1,50,2,9,5,1,7,7,1,10,1,11,,100,,1,22,,121.5336124,25.04850589
112,9,7,14,10,2,01大同區,大同區太原路156-3號,0,0,1,1,C03,8,5,5,50,14,9,1,5,4,5,13,4,4,5,4,5,2,17,1,68,2,9,3,4,7,1,1,10,1,13,,19,,1,21,,121.5160577,25.05332761
112,9,7,14,10,2,01大同區,大同區太原路156-3號,0,0,1,2,B01,8,5,5,50,14,9,1,5,4,5,13,4,4,5,4,5,2,17,1,62,3,10,3,4,7,9,1,4,1,8,,108,,1,21,,121.5160577,25.05332761