發生年度,發生月,發生日,發生時-Hours,發生分,處理別-編號,區序,肇事地點,死亡人數,2-30日死亡人數,受傷人數,當事人序號,車種,天候,光線,道路類別,速限-速度限制,道路型態,事故位置,路面狀況1,路面狀況2,路面狀況3,道路障礙1,道路障礙2,號誌1,號誌2,車道劃分-分向,車道劃分-分道1,車道劃分-分道2,車道劃分-分道3,事故類型及型態,性別,年齡,受傷程度,主要傷處,保護裝置,行動電話,車輛用途,當事者行動狀態,駕駛資格情形,駕駛執照種類,飲酒情形,車輛撞擊部位1,車輛撞擊部位2,肇因碼-個別,肇因碼-主要,個人肇逃否,職業,旅次目的,座標-X,座標-Y
112,9,12,14,57,2,03中山區,中山區遼寧街與遼寧街155巷口,0,0,1,2,C04,8,7,5,30,4,1,1,5,4,5,13,4,4,10,5,5,2,16,1,56,2,9,5,1,7,9,1,10,1,11,,44,,1,22,,121.5420807,25.05252639
112,9,12,14,57,2,03中山區,中山區遼寧街與遼寧街155巷口,0,0,1,1,B03,8,7,5,30,4,1,1,5,4,5,13,4,4,10,5,5,2,16,2,34,3,10,7,1,7,5,1,8,1,1,,72,,1,22,,121.5420807,25.05252639
112,9,12,15,10,2,04大安區,大安區辛亥路3段與臥龍街188巷口附近,0,0,1,1,B03,8,6,5,50,14,9,1,5,4,5,13,4,4,1,4,5,2,17,2,40,3,10,3,4,7,9,1,8,1,1,,16,,1,22,,121.5510101,25.0157382
112,9,12,15,10,2,04大安區,大安區辛亥路3段與臥龍街188巷口附近,0,0,1,2,B03,8,6,5,50,14,9,1,5,4,5,13,4,4,1,4,5,2,17,2,34,2,3,3,4,7,12,1,4,1,3,,44,,1,22,,121.5510101,25.0157382
112,9,12,15,10,2,04大安區,大安區辛亥路3段與臥龍街188巷口附近,0,0,1,3,B03,8,6,5,50,14,9,1,5,4,5,13,4,4,1,4,5,2,17,1,72,3,10,3,4,7,14,1,8,1,3,,44,,1,22,,121.5510101,25.0157382
112,9,12,15,50,2,08士林區,士林區德行西路35號,0,0,2,4,F03,8,5,5,50,14,9,1,5,4,3,10,4,4,5,5,5,1,17,2,37,2,9,3,4,7,21,8,20,10,15,,44,,1,21,,121.5235885,25.10583926
112,9,12,15,50,2,08士林區,士林區德行西路35號,0,0,2,1,F03,8,5,5,50,14,9,1,5,4,3,10,4,4,5,5,5,1,17,2,62,2,9,5,1,7,8,8,20,1,12,,100,,1,21,,121.5235885,25.10583926
112,9,12,15,50,2,08士林區,士林區德行西路35號,0,0,2,2,B02,8,5,5,50,14,9,1,5,4,3,10,4,4,5,5,5,1,17,1,71,3,10,7,1,7,15,1,8,1,2,,118,,1,21,,121.5235885,25.10583926
112,9,12,15,50,2,08士林區,士林區德行西路35號,0,0,2,3,B03,8,5,5,50,14,9,1,5,4,3,10,4,4,5,5,5,1,17,1,47,3,10,7,4,7,14,1,8,1,15,,38,,1,21,,121.5235885,25.10583926
112,9,12,16,14,2,01大同區,大同區萬全街與萬全街103巷口,0,0,2,1,C03,8,6,5,30,4,1,1,5,4,5,13,4,4,10,3,5,1,15,2,41,2,9,6,1,7,15,1,10,2,14,,72,,1,21,,121.5167408,25.05800261
112,9,12,16,14,2,01大同區,大同區萬全街與萬全街103巷口,0,0,2,2,C03,8,6,5,30,4,1,1,5,4,5,13,4,4,10,3,5,1,15,1,45,2,9,6,1,7,15,1,10,2,11,,14,,1,21,,121.5167408,25.05800261
112,9,12,16,14,2,01大同區,大同區萬全街與萬全街103巷口,0,0,2,3,B12,8,6,5,30,4,1,1,5,4,5,13,4,4,10,3,5,1,15,1,28,3,10,7,1,7,14,1,8,2,17,,38,,1,21,,121.5167408,25.05800261
112,9,12,17,5,2,04大安區,大安區羅斯福路2段41號,0,0,1,1,B03,8,6,5,50,14,9,1,5,4,5,13,4,4,9,3,5,2,17,2,53,3,10,7,1,7,7,1,8,1,15,,100,,1,21,,121.5220754,25.02761988
112,9,12,17,5,2,04大安區,大安區羅斯福路2段41號,0,0,1,2,C03,8,6,5,50,14,9,1,5,4,5,13,4,4,9,3,5,2,17,1,45,2,9,6,1,7,15,1,10,1,12,,118,,1,21,,121.5220754,25.02761988
112,9,12,17,41,2,04大安區,大安區金山南路2段與潮州街口,0,0,1,3,,8,7,5,50,4,3,1,5,4,5,13,2,1,8,3,5,1,17,4,52,,,,,,,,,,,,119,,2,,,121.5263489,25.02885908
112,9,12,17,41,2,04大安區,大安區金山南路2段與潮州街口,0,0,1,2,C03,8,7,5,50,4,3,1,5,4,5,13,2,1,8,3,5,1,17,1,26,3,10,5,1,7,3,1,10,1,11,,44,,1,21,,121.5263489,25.02885908
112,9,12,17,41,2,04大安區,大安區金山南路2段與潮州街口,0,0,1,1,C03,8,7,5,50,4,3,1,5,4,5,13,2,1,8,3,5,1,17,2,27,2,8,5,1,7,9,1,10,1,12,,108,,1,21,,121.5263489,25.02885908
112,9,12,17,47,2,08士林區,士林區雨聲街與雨聲街65巷口,0,0,1,2,F01,8,6,5,30,3,2,1,5,4,5,13,4,4,7,5,5,2,17,2,14,2,8,2,1,7,9,8,20,1,14,,44,,1,15,,121.5285833,25.10339423
112,9,12,17,47,2,08士林區,士林區雨聲街與雨聲街65巷口,0,0,1,1,B01,8,6,5,30,3,2,1,5,4,5,13,4,4,7,5,5,2,17,4,0,,,,,,,,,,,,119,,2,,,121.5285833,25.10339423
112,9,12,17,55,2,10文山區,文山區辛亥路7段與辛亥路7段86巷口口,0,0,1,1,B03,7,5,5,50,14,9,1,5,4,5,13,4,4,4,3,5,2,13,1,22,3,10,7,1,7,8,1,8,2,6,,100,,1,21,,121.5536387,24.9812196
112,9,12,17,55,2,10文山區,文山區辛亥路7段與辛亥路7段86巷口口,0,0,1,2,C03,7,5,5,50,14,9,1,5,4,5,13,4,4,4,3,5,2,13,1,39,2,8,5,1,7,9,1,10,2,11,,16,,1,21,,121.5536387,24.9812196
112,9,12,17,55,2,10文山區,文山區辛亥路7段與辛亥路7段86巷口口,0,0,1,3,C03,7,5,5,50,14,9,1,5,4,5,13,4,4,4,3,5,2,13,1,43,3,10,5,1,7,11,1,10,9,17,,44,,1,21,,121.5536387,24.9812196
112,9,12,18,55,2,05中正區,中正區古亭河濱公園第31號燈桿,0,0,2,1,F01,7,5,8,30,22,23,1,5,4,5,13,4,4,8,4,5,1,16,2,29,2,1,4,1,7,5,8,20,1,14,,74,,1,21,,121.5314974,25.00992608
112,9,12,18,55,2,05中正區,中正區古亭河濱公園第31號燈桿,0,0,2,2,F01,7,5,8,30,22,23,1,5,4,5,13,4,4,8,4,5,1,16,1,45,2,9,5,1,7,9,8,20,1,11,,44,,1,21,,121.5314974,25.00992608
112,9,12,20,28,2,06松山區,松山區光復北路11巷29號,0,0,1,1,B03,8,5,5,50,14,9,1,5,4,5,13,4,4,9,4,5,2,16,1,71,3,10,7,4,7,9,1,8,2,5,,108,,1,21,,121.5586081,25.04940816
112,9,12,20,28,2,06松山區,松山區光復北路11巷29號,0,0,1,2,B03,8,5,5,50,14,9,1,5,4,5,13,4,4,9,4,5,2,16,1,48,2,8,7,4,7,14,1,8,2,7,,40,,1,21,,121.5586081,25.04940816
112,9,12,20,46,2,12內湖區,內湖區文湖街80號,0,0,1,2,B03,8,5,5,50,14,9,1,5,4,5,13,4,4,9,4,5,2,16,1,53,3,10,7,1,7,7,1,8,1,8,,100,,1,21,,121.5648397,25.08645898
112,9,12,20,46,2,12內湖區,內湖區文湖街80號,0,0,1,1,C03,8,5,5,50,14,9,1,5,4,5,13,4,4,9,4,5,2,16,2,24,2,9,6,1,7,4,1,10,1,12,,1,,1,21,,121.5648397,25.08645898
112,9,12,21,13,2,02萬華區,萬華區萬大路與西藏路口,0,0,2,1,C03,8,5,8,30,22,22,1,5,4,5,13,1,1,10,5,5,2,13,2,19,2,9,3,4,7,9,1,10,1,11,,107,,1,21,,121.5006341,25.029202
112,9,12,21,13,2,02萬華區,萬華區萬大路與西藏路口,0,0,2,2,C03,8,5,8,30,22,22,1,5,4,5,13,1,1,10,5,5,2,13,1,33,2,9,3,4,7,9,1,10,1,13,,44,,1,21,,121.5006341,25.029202
112,9,12,22,2,2,04大安區,大安區敦化南路1段與敦化南路1段252巷口口,0,0,1,1,C03,8,5,5,50,3,1,1,5,4,5,13,4,4,1,4,1,1,12,1,49,2,9,6,1,7,9,1,10,1,11,,108,,1,21,,121.5485582,25.03974507
112,9,12,22,2,2,04大安區,大安區敦化南路1段與敦化南路1段252巷口口,0,0,1,2,B03,8,5,5,50,3,1,1,5,4,5,13,4,4,1,4,1,1,12,1,23,3,10,7,1,7,6,1,6,1,2,,9,,1,21,,121.5485582,25.03974507
112,9,12,22,3,2,04大安區,大安區潮州街與潮州街107巷口,0,0,3,2,C03,7,5,5,30,4,1,1,5,4,5,13,4,4,10,4,5,2,15,1,20,2,9,6,1,7,9,1,10,1,11,,14,,1,21,,121.5275453,25.0287049
112,9,12,22,3,2,04大安區,大安區潮州街與潮州街107巷口,0,0,3,1,C03,7,5,5,30,4,1,1,5,4,5,13,4,4,10,4,5,2,15,1,22,2,9,6,1,7,9,1,10,1,12,,72,,1,21,,121.5275453,25.0287049
112,9,12,22,3,2,04大安區,大安區潮州街與潮州街107巷口,0,0,3,3,H02,7,5,5,30,4,1,1,5,4,5,13,4,4,10,4,5,2,15,2,21,2,9,6,5,7,20,8,20,10,16,,67,,1,21,,121.5275453,25.0287049
112,9,12,23,53,2,06松山區,松山區八德路3段32號,0,0,2,2,C03,8,5,5,50,14,9,1,5,4,5,13,4,4,9,4,5,2,12,2,38,2,9,6,1,7,9,1,10,2,12,,44,,1,21,,121.5516779,25.04821433
112,9,12,23,53,2,06松山區,松山區八德路3段32號,0,0,2,1,C03,8,5,5,50,14,9,1,5,4,5,13,4,4,9,4,5,2,12,1,56,2,9,5,1,7,8,1,9,2,14,,100,,1,21,,121.5516779,25.04821433
112,9,13,0,4,2,03中山區,中山區民族東路49號,0,0,1,1,C03,8,5,5,40,14,8,1,5,4,5,13,4,4,1,4,4,2,2,1,27,3,10,6,4,7,9,1,10,2,12,,108,,1,21,,121.5344298,25.06829885
112,9,13,0,4,2,03中山區,中山區民族東路49號,0,0,1,2,H01,8,5,5,40,14,8,1,5,4,5,13,4,4,1,4,4,2,2,1,34,2,8,4,5,8,16,8,20,10,16,,67,,1,21,,121.5344298,25.06829885
112,9,13,6,18,2,02萬華區,萬華區艋舺大道與和平西路3段口,0,0,1,1,C03,8,5,5,50,5,1,1,5,4,5,13,1,1,10,5,5,2,12,2,62,2,9,3,4,7,9,3,18,1,12,,16,,1,21,,121.504776,25.03388184
112,9,13,6,18,2,02萬華區,萬華區艋舺大道與和平西路3段口,0,0,1,2,C03,8,5,5,50,5,1,1,5,4,5,13,1,1,10,5,5,2,12,1,26,3,10,3,4,7,9,3,18,1,13,,21,,1,21,,121.504776,25.03388184
112,9,13,6,55,2,11南港區,南港區南港路3段與昆陽街口,0,0,1,1,B01,8,7,5,50,3,2,1,5,4,5,13,2,1,5,5,5,2,3,1,55,3,10,7,1,7,9,1,8,2,1,,107,,1,21,,121.5924007,25.0541892
112,9,13,6,55,2,11南港區,南港區南港路3段與昆陽街口,0,0,1,2,H01,8,7,5,50,3,2,1,5,4,5,13,2,1,5,5,5,2,3,2,16,2,9,4,5,8,16,8,20,10,16,,67,,1,21,,121.5924007,25.0541892
112,9,13,7,9,2,03中山區,中山區龍江路55巷12號,0,0,1,1,B03,8,6,8,30,14,9,1,5,4,5,13,4,4,10,5,5,2,12,1,50,3,10,3,4,7,7,1,8,1,4,,100,,1,22,,121.5409536,25.0495982
112,9,13,7,9,2,03中山區,中山區龍江路55巷12號,0,0,1,2,C03,8,6,8,30,14,9,1,5,4,5,13,4,4,10,5,5,2,12,1,19,2,9,6,1,7,9,1,10,1,11,,44,,1,21,,121.5409536,25.0495982
112,9,13,7,21,2,11南港區,南港區忠孝東路6段488號,0,0,1,1,B03,8,7,5,50,14,9,1,5,4,5,13,4,4,9,5,5,2,16,1,54,3,10,3,4,7,7,1,8,1,1,,100,,1,21,,121.5955185,25.050224
112,9,13,7,21,2,11南港區,南港區忠孝東路6段488號,0,0,1,2,C03,8,7,5,50,14,9,1,5,4,5,13,4,4,9,5,5,2,16,1,36,2,9,3,4,7,9,1,10,1,14,,44,,1,21,,121.5955185,25.050224
112,9,13,7,24,2,04大安區,大安區樂業街159巷與樂業街口,0,0,2,1,C03,8,6,5,30,4,1,1,5,4,5,13,4,4,9,4,5,1,15,2,40,2,8,5,1,7,9,1,10,1,14,,72,,1,21,,121.5538453,25.0193978
112,9,13,7,24,2,04大安區,大安區樂業街159巷與樂業街口,0,0,2,2,C03,8,6,5,30,4,1,1,5,4,5,13,4,4,9,4,5,1,15,1,39,2,7,5,1,7,15,1,10,1,11,,44,,1,21,,121.5538453,25.0193978
112,9,13,7,42,2,07信義區,信義區福德街84巷與林口街24巷口,0,0,1,1,B03,8,7,5,30,3,1,1,5,4,5,13,4,4,9,4,5,2,17,1,54,3,10,7,1,7,11,1,8,1,5,,10,,1,21,,121.5810208,25.0380248
112,9,13,7,42,2,07信義區,信義區福德街84巷與林口街24巷口,0,0,1,2,C03,8,7,5,30,3,1,1,5,4,5,13,4,4,9,4,5,2,17,2,34,2,9,5,1,7,2,1,10,1,13,,44,,1,21,,121.5810208,25.0380248
112,9,13,7,42,2,07信義區,信義區福德街84巷與林口街24巷口,0,0,1,3,C03,8,7,5,30,3,1,1,5,4,5,13,4,4,9,4,5,2,17,1,28,3,10,5,1,7,13,1,10,1,12,,44,,1,21,,121.5810208,25.0380248
112,9,13,7,42,2,07信義區,信義區福德街84巷與林口街24巷口,0,0,1,4,C03,8,7,5,30,3,1,1,5,4,5,13,4,4,9,4,5,2,17,2,33,3,10,5,1,7,13,1,10,1,12,,44,,1,21,,121.5810208,25.0380248
112,9,13,7,50,2,04大安區,大安區信義路4段與四維路口,0,0,2,1,C03,8,6,8,50,3,2,1,5,4,5,13,4,4,1,4,5,2,16,2,43,2,9,6,1,7,5,1,10,1,12,,8,,1,21,,121.548048,25.0334246
112,9,13,7,50,2,04大安區,大安區信義路4段與四維路口,0,0,2,2,F01,8,6,8,50,3,2,1,5,4,5,13,4,4,1,4,5,2,16,1,17,2,9,4,1,7,9,8,20,1,14,,44,,1,21,,121.548048,25.0334246
112,9,13,7,55,2,03中山區,中山區中山北路4段往北安路機慢車專用道,0,0,1,2,C03,8,7,5,40,11,11,1,5,4,5,13,4,4,10,4,5,2,12,2,29,2,9,6,1,7,15,1,10,2,14,,44,,1,22,,121.526557,25.07462541
112,9,13,7,55,2,03中山區,中山區中山北路4段往北安路機慢車專用道,0,0,1,1,C03,8,7,5,40,11,11,1,5,4,5,13,4,4,10,4,5,2,12,1,18,3,10,6,1,7,15,1,10,2,12,,107,,1,22,,121.526557,25.07462541
112,9,13,7,59,2,09北投區,北投區新民路75號,0,0,2,1,C03,8,7,5,30,14,9,1,5,4,5,13,4,4,9,5,5,2,13,2,34,2,8,5,1,7,9,1,10,1,11,,108,,1,22,,121.512921,25.14109364
112,9,13,7,59,2,09北投區,北投區新民路75號,0,0,2,2,B03,8,7,5,30,14,9,1,5,4,5,13,4,4,9,5,5,2,13,2,40,3,10,7,1,7,9,1,8,1,3,,44,,1,22,,121.512921,25.14109364
112,9,13,7,59,2,09北投區,北投區新民路75號,0,0,2,3,H02,8,7,5,30,14,9,1,5,4,5,13,4,4,9,5,5,2,13,1,3,2,8,7,5,7,20,8,20,10,16,,67,,1,22,,121.512921,25.14109364
112,9,13,8,4,2,12內湖區,內湖區潭美街與安康路324巷口,0,0,1,1,B03,8,6,5,50,3,2,1,5,4,5,13,4,4,7,2,5,1,17,2,51,3,10,7,1,7,6,1,8,1,6,,9,,1,22,,121.6098685,25.06350888
112,9,13,8,4,2,12內湖區,內湖區潭美街與安康路324巷口,0,0,1,2,C03,8,6,5,50,3,2,1,5,4,5,13,4,4,7,2,5,1,17,1,42,2,7,5,1,7,9,1,10,1,14,,107,,1,22,,121.6098685,25.06350888
112,9,13,8,12,2,04大安區,大安區和平東路1段與新生南路2段口,0,0,1,2,C03,8,7,5,40,4,2,1,5,4,5,13,2,1,1,3,1,1,17,1,27,2,7,5,1,7,9,1,10,1,12,,44,,1,21,,121.5347378,25.02649507
112,9,13,8,12,2,04大安區,大安區和平東路1段與新生南路2段口,0,0,1,1,,8,7,5,40,4,2,1,5,4,5,13,2,1,1,3,1,1,17,1,66,3,10,7,1,7,15,1,8,1,4,,44,,1,26,,121.5347378,25.02649507
112,9,13,8,18,2,01大同區,大同區重慶北路1段106號,0,0,1,1,C03,8,6,5,50,14,9,1,5,4,5,13,4,4,1,5,5,2,21,1,37,2,9,6,4,7,9,1,10,1,11,,42,,1,21,,121.5140212,25.05304961
112,9,13,8,18,2,01大同區,大同區重慶北路1段106號,0,0,1,2,,8,6,5,50,14,9,1,5,4,5,13,4,4,1,5,5,2,21,3,0,,,,,,,,,,,,67,,1,,,121.5140212,25.05304961
112,9,13,8,23,2,08士林區,士林區德行西路與德行西路62巷口,0,0,1,2,C03,8,5,5,50,3,2,1,5,4,5,13,4,4,5,5,5,1,12,2,41,2,9,5,1,7,8,1,10,2,13,,100,,1,21,,121.5228511,25.10535249
112,9,13,8,23,2,08士林區,士林區德行西路與德行西路62巷口,0,0,1,1,B02,8,5,5,50,3,2,1,5,4,5,13,4,4,5,5,5,1,12,1,27,3,10,7,1,7,9,1,8,2,5,,44,,1,21,,121.5228511,25.10535249
112,9,13,8,36,2,05中正區,中正區重慶南路2段57號,0,0,2,2,C03,8,6,5,50,14,9,1,5,4,5,13,4,4,1,4,5,1,17,2,18,3,10,6,1,7,9,1,10,1,14,,44,,1,21,,121.5148674,25.03099912
112,9,13,8,36,2,05中正區,中正區重慶南路2段57號,0,0,2,3,C03,8,6,5,50,14,9,1,5,4,5,13,4,4,1,4,5,1,17,1,49,2,8,6,1,7,10,1,10,1,12,,100,,1,21,,121.5148674,25.03099912
112,9,13,8,36,2,05中正區,中正區重慶南路2段57號,0,0,2,1,C03,8,6,5,50,14,9,1,5,4,5,13,4,4,1,4,5,1,17,1,45,2,8,6,1,7,8,1,10,1,12,,100,,1,21,,121.5148674,25.03099912
112,9,13,8,50,2,08士林區,士林區愛富一街與愛富二街口,0,0,1,1,B03,8,7,5,30,3,1,1,5,4,5,13,4,4,9,4,5,1,17,1,18,3,10,7,1,7,5,1,8,1,8,,8,,1,21,,121.5455643,25.13891489
112,9,13,8,50,2,08士林區,士林區愛富一街與愛富二街口,0,0,1,2,C03,8,7,5,30,3,1,1,5,4,5,13,4,4,9,4,5,1,17,1,20,2,9,6,1,7,9,1,10,1,12,,107,,1,21,,121.5455643,25.13891489
112,9,13,9,0,2,07信義區,信義區市民大道6段38號附近側附近,0,0,1,2,C03,8,7,5,50,14,9,1,5,4,3,13,4,4,1,4,5,2,12,1,41,3,10,6,1,7,9,1,9,1,13,,44,,1,21,,121.5709899,25.0492389
112,9,13,9,0,2,07信義區,信義區市民大道6段38號附近側附近,0,0,1,1,C03,8,7,5,50,14,9,1,5,4,3,13,4,4,1,4,5,2,12,2,62,2,9,6,1,7,8,1,10,1,14,,100,,1,21,,121.5709899,25.0492389
112,9,13,9,4,2,07信義區,信義區信義快速道路往北,0,0,1,1,B01,8,7,5,70,10,9,1,5,4,5,13,4,4,9,4,5,2,13,1,58,3,10,7,1,7,9,1,4,1,1,,16,,1,21,,121.5753516,25.02534593
112,9,13,9,4,2,07信義區,信義區信義快速道路往北,0,0,1,2,B03,8,7,5,70,10,9,1,5,4,5,13,4,4,9,4,5,2,13,1,58,2,9,7,1,7,12,1,8,1,3,,44,,1,21,,121.5753516,25.02534593
112,9,13,9,12,2,07信義區,信義區基隆路1段與市民大道5段口口,0,0,2,2,C03,8,7,5,50,4,1,1,5,4,5,13,2,1,1,4,5,2,13,2,39,2,8,6,1,7,6,1,10,1,13,12,44,,1,21,,121.569408,25.0490778
112,9,13,9,12,2,07信義區,信義區基隆路1段與市民大道5段口口,0,0,2,1,C03,8,7,5,50,4,1,1,5,4,5,13,2,1,1,4,5,2,13,2,24,2,6,6,1,7,6,1,10,1,11,14,16,,1,21,,121.569408,25.0490778
112,9,13,9,15,2,12內湖區,內湖區舊宗路2段133號,0,0,1,1,B03,8,6,5,50,14,8,1,5,4,5,13,4,4,3,4,5,1,17,1,50,3,10,7,1,7,8,1,8,1,6,,100,,1,22,,121.5748896,25.06966492
112,9,13,9,15,2,12內湖區,內湖區舊宗路2段133號,0,0,1,2,C03,8,6,5,50,14,8,1,5,4,5,13,4,4,3,4,5,1,17,2,44,2,8,5,1,7,9,1,10,1,11,,44,,1,21,,121.5748896,25.06966492
112,9,13,9,15,2,11南港區,南港區松河街與重陽路347巷口,0,0,1,1,C03,8,7,5,50,3,2,1,5,4,5,13,1,1,5,4,5,2,13,1,23,2,8,5,1,7,9,1,10,1,11,,108,,1,21,,121.6066742,25.0590259
112,9,13,9,15,2,11南港區,南港區松河街與重陽路347巷口,0,0,1,2,B02,8,7,5,50,3,2,1,5,4,5,13,1,1,5,4,5,2,13,1,56,3,10,2,1,7,14,1,8,1,6,,118,,1,21,,121.6066742,25.0590259
112,9,13,9,16,2,07信義區,信義區松山路與松山路540巷口,0,0,2,1,C03,8,7,5,30,4,1,1,5,4,5,13,1,1,9,4,5,2,15,2,48,2,7,5,1,7,9,1,10,1,12,,81,,1,21,,121.5781672,25.0376946
112,9,13,9,16,2,07信義區,信義區松山路與松山路540巷口,0,0,2,2,C03,8,7,5,30,4,1,1,5,4,5,13,1,1,9,4,5,2,15,1,24,2,9,5,1,7,9,1,10,1,11,,44,,1,21,,121.5781672,25.0376946
112,9,13,9,38,2,08士林區,士林區通河西街1段堤外百齡左岸060燈桿,0,0,2,1,C03,8,6,5,50,14,9,1,5,4,5,13,4,4,9,5,5,2,17,1,49,2,9,6,1,7,7,1,10,1,14,,27,,1,21,,121.5134626,25.0826402
112,9,13,9,38,2,08士林區,士林區通河西街1段堤外百齡左岸060燈桿,0,0,2,2,C03,8,6,5,50,14,9,1,5,4,5,13,4,4,9,5,5,2,17,1,32,2,9,6,1,7,9,1,10,1,11,,44,,1,21,,121.5134626,25.0826402
112,9,13,10,20,2,10文山區,文山區木柵路1段與試院路口,0,0,1,1,C03,8,6,5,50,3,1,1,5,4,5,13,1,1,5,5,5,2,16,2,18,3,10,5,1,7,7,1,10,9,12,,100,,1,25,,121.5500555,24.98746496
112,9,13,10,20,2,10文山區,文山區木柵路1段與試院路口,0,0,1,2,C03,8,6,5,50,3,1,1,5,4,5,13,1,1,5,5,5,2,16,2,32,2,9,6,1,7,9,1,10,9,11,,44,,1,23,,121.5500555,24.98746496
112,9,13,10,30,2,08士林區,士林區重慶北路4段49巷15弄與重慶北路4段49巷口,0,0,1,1,C03,8,7,5,30,4,1,1,5,4,5,13,4,4,10,5,5,2,15,1,25,2,9,5,1,7,9,1,10,1,11,,72,,1,22,,121.511701,25.0810026
112,9,13,10,30,2,08士林區,士林區重慶北路4段49巷15弄與重慶北路4段49巷口,0,0,1,2,B03,8,7,5,30,4,1,1,5,4,5,13,4,4,10,5,5,2,15,1,65,3,10,3,4,7,9,1,8,1,8,,108,,1,22,,121.511701,25.0810026
112,9,13,10,37,2,03中山區,中山區民生東路2段與松江路口,0,0,1,2,C03,8,7,5,50,4,1,1,5,4,5,13,1,1,9,4,5,2,16,1,23,2,9,6,1,7,9,1,10,2,14,,44,,1,23,,121.5330065,25.0578568
112,9,13,10,37,2,03中山區,中山區民生東路2段與松江路口,0,0,1,1,B11,8,7,5,50,4,1,1,5,4,5,13,1,1,9,4,5,2,16,1,39,3,10,7,1,7,6,1,8,2,5,,9,,1,22,,121.5330065,25.0578568
112,9,13,11,9,2,09北投區,北投區立農街1段187巷與西安街2段口,0,0,1,1,B01,8,5,5,50,4,18,1,5,4,5,13,1,1,9,4,5,2,3,1,31,3,10,7,1,7,6,1,4,1,8,,70,,1,21,,121.5048581,25.1208513
112,9,13,11,9,2,09北投區,北投區立農街1段187巷與西安街2段口,0,0,1,2,H01,8,5,5,50,4,18,1,5,4,5,13,1,1,9,4,5,2,3,2,61,2,1,4,5,8,18,8,20,10,16,,67,,1,21,,121.5048581,25.1208513
112,9,13,11,31,2,01大同區,大同區延平北路3段與民族西路口口,0,0,1,1,B03,8,6,5,50,4,1,1,5,4,5,12,2,1,5,5,5,2,16,1,55,3,10,7,1,7,5,1,8,2,5,,74,,1,22,,121.5108445,25.06862981
112,9,13,11,31,2,01大同區,大同區延平北路3段與民族西路口口,0,0,1,2,C03,8,6,5,50,4,1,1,5,4,5,12,2,1,5,5,5,2,16,2,27,2,9,6,1,7,9,1,10,2,11,,44,,1,21,,121.5108445,25.06862981
112,9,13,11,46,2,02萬華區,萬華區中華路1段66號,0,0,1,1,C03,8,7,5,50,14,9,1,5,4,5,13,4,4,1,4,5,2,13,1,24,2,9,6,1,7,7,1,10,2,11,,108,,1,21,,121.5093232,25.0465608
112,9,13,11,46,2,02萬華區,萬華區中華路1段66號,0,0,1,2,B03,8,7,5,50,14,9,1,5,4,5,13,4,4,1,4,5,2,13,1,27,3,10,7,1,7,9,1,8,2,7,,44,,1,21,,121.5093232,25.0465608
112,9,13,12,19,2,05中正區,中正區中山北路1段與北平東路口,0,0,2,1,C03,8,7,5,50,4,2,1,5,4,5,13,1,1,1,4,1,2,17,1,70,3,10,5,1,7,6,7,19,9,15,,9,,2,21,,121.5204132,25.04709545
112,9,13,12,19,2,05中正區,中正區中山北路1段與北平東路口,0,0,2,3,B03,8,7,5,50,4,2,1,5,4,5,13,1,1,1,4,1,2,17,1,38,3,10,7,1,7,9,1,8,1,7,,44,,1,21,,121.5204132,25.04709545
112,9,13,12,19,2,05中正區,中正區中山北路1段與北平東路口,0,0,2,4,C03,8,7,5,50,4,2,1,5,4,5,13,1,1,1,4,1,2,17,1,31,2,7,5,1,7,9,1,10,1,11,,16,,1,21,,121.5204132,25.04709545
112,9,13,12,19,2,05中正區,中正區中山北路1段與北平東路口,0,0,2,2,C03,8,7,5,50,4,2,1,5,4,5,13,1,1,1,4,1,2,17,2,22,2,9,5,1,7,9,1,10,1,12,,42,,1,21,,121.5204132,25.04709545
112,9,13,12,25,2,08士林區,士林區中山北路6段與中山北路6段405巷口,0,0,1,1,B01,8,7,5,50,3,2,1,5,4,5,13,1,1,1,4,5,2,17,1,65,3,10,3,4,7,10,1,4,1,6,,100,,1,22,,121.5268078,25.1131838
112,9,13,12,25,2,08士林區,士林區中山北路6段與中山北路6段405巷口,0,0,1,2,C03,8,7,5,50,3,2,1,5,4,5,13,1,1,1,4,5,2,17,1,43,2,9,3,4,7,9,1,10,1,11,,44,,1,22,,121.5268078,25.1131838
112,9,13,12,30,2,05中正區,中正區金山北路與八德路1段口,0,0,1,1,B03,7,6,5,50,4,1,1,5,4,5,13,1,1,10,5,5,2,13,1,27,3,10,7,1,7,9,1,8,2,1,,108,,1,23,,121.529882,25.04361608
112,9,13,12,30,2,05中正區,中正區金山北路與八德路1段口,0,0,1,2,B03,7,6,5,50,4,1,1,5,4,5,13,1,1,10,5,5,2,13,2,64,2,5,7,1,7,9,1,8,2,3,,44,,1,22,,121.529882,25.04361608
112,9,13,12,50,2,09北投區,北投區光明路132-5號,0,0,2,2,C03,8,6,5,50,14,9,1,5,4,5,13,4,4,5,4,5,1,12,2,68,2,9,6,1,7,9,1,10,1,12,,44,,1,21,,121.5022616,25.1338974
112,9,13,12,50,2,09北投區,北投區光明路132-5號,0,0,2,3,H02,8,6,5,50,14,9,1,5,4,5,13,4,4,5,4,5,1,12,1,30,2,9,4,5,7,20,8,20,10,16,,67,,1,21,,121.5022616,25.1338974