發生年度,發生月,發生日,發生時-Hours,發生分,處理別-編號,區序,肇事地點,死亡人數,2-30日死亡人數,受傷人數,當事人序號,車種,天候,光線,道路類別,速限-速度限制,道路型態,事故位置,路面狀況1,路面狀況2,路面狀況3,道路障礙1,道路障礙2,號誌1,號誌2,車道劃分-分向,車道劃分-分道1,車道劃分-分道2,車道劃分-分道3,事故類型及型態,性別,年齡,受傷程度,主要傷處,保護裝置,行動電話,車輛用途,當事者行動狀態,駕駛資格情形,駕駛執照種類,飲酒情形,車輛撞擊部位1,車輛撞擊部位2,肇因碼-個別,肇因碼-主要,個人肇逃否,職業,旅次目的,座標-X,座標-Y
112,9,14,9,31,2,03中山區,中山區建國北路3段93巷與龍江路356巷口87號旁無名巷,0,0,1,2,C03,8,7,5,30,14,9,1,5,4,5,13,4,4,10,5,5,2,13,2,27,2,8,3,4,7,15,1,10,1,13,,42,,1,21,,121.5373802,25.06627471
112,9,14,9,31,2,03中山區,中山區建國北路3段93巷與龍江路356巷口87號旁無名巷,0,0,1,3,C03,8,7,5,30,14,9,1,5,4,5,13,4,4,10,5,5,2,13,2,46,,,,,,,,,11,,,44,,1,,,121.5373802,25.06627471
112,9,14,9,40,2,06松山區,松山區敦化北路與敦化北路4巷口,0,0,1,2,C03,8,7,5,50,4,1,1,5,4,5,13,1,1,9,4,4,1,13,2,68,2,9,5,4,7,9,1,10,1,11,,13,,1,22,,121.5486949,25.05010024
112,9,14,9,40,2,06松山區,松山區敦化北路與敦化北路4巷口,0,0,1,1,B03,8,7,5,50,4,1,1,5,4,5,13,1,1,9,4,4,1,13,2,57,3,10,7,4,7,6,1,8,1,3,,74,,1,22,,121.5486949,25.05010024
112,9,14,9,50,2,12內湖區,內湖區民權東路6段36號,0,0,1,2,B03,8,6,5,50,14,9,1,5,4,5,13,4,4,1,4,5,2,13,1,31,3,10,7,1,7,9,1,8,1,7,,44,,1,22,,121.5806958,25.06746268
112,9,14,9,50,2,12內湖區,內湖區民權東路6段36號,0,0,1,1,C03,8,6,5,50,14,9,1,5,4,5,13,4,4,1,4,5,2,13,2,18,2,9,5,1,7,9,1,10,1,11,,108,,1,22,,121.5806958,25.06746268
112,9,14,9,50,2,12內湖區,內湖區民權東路6段36號,0,0,1,3,B03,8,6,5,50,14,9,1,5,4,5,13,4,4,1,4,5,2,13,1,70,3,10,7,1,7,9,1,8,1,6,,44,,1,22,,121.5806958,25.06746268
112,9,14,9,58,2,11南港區,南港區經貿二路62巷,0,0,1,2,C03,8,7,5,50,14,9,1,5,4,5,13,4,4,9,4,5,2,17,1,26,2,9,3,4,7,8,1,10,1,17,,44,,1,21,,121.6165391,25.0570059
112,9,14,9,58,2,11南港區,南港區經貿二路62巷,0,0,1,1,B03,8,7,5,50,14,9,1,5,4,5,13,4,4,9,4,5,2,17,1,54,3,10,3,4,7,11,1,8,1,17,,10,,1,21,,121.6165391,25.0570059
112,9,14,10,3,2,08士林區,士林區中山北路5段與文林路口,0,0,1,1,B01,8,7,5,50,3,1,1,5,4,5,13,1,1,1,5,5,1,12,1,38,3,10,7,1,7,8,1,4,1,6,,99,,1,22,,121.5258644,25.08593475
112,9,14,10,3,2,08士林區,士林區中山北路5段與文林路口,0,0,1,2,C03,8,7,5,50,3,1,1,5,4,5,13,1,1,1,5,5,1,12,1,18,2,9,6,1,7,9,1,10,1,14,,44,,1,21,,121.5258644,25.08593475
112,9,14,10,39,2,05中正區,中正區林森南路與徐州路口,0,0,2,1,C02,8,6,5,50,4,1,1,5,4,5,13,2,1,5,4,5,2,16,1,39,2,9,6,1,7,5,1,9,2,11,,2,,1,22,,121.5222433,25.0410053
112,9,14,10,39,2,05中正區,中正區林森南路與徐州路口,0,0,2,2,C03,8,6,5,50,4,1,1,5,4,5,13,2,1,5,4,5,2,16,1,30,2,9,5,1,7,9,1,10,2,14,,44,,1,22,,121.5222433,25.0410053
112,9,14,10,39,2,05中正區,中正區林森南路與徐州路口,0,0,2,3,B03,8,6,5,50,4,1,1,5,4,5,13,2,1,5,4,5,2,16,1,34,3,10,3,1,7,13,1,8,1,3,,44,,1,22,,121.5222433,25.0410053
112,9,14,10,45,2,03中山區,中山區堤頂大道2段往南第66根燈桿處,0,0,1,1,B12,8,7,5,70,14,7,1,5,4,5,13,4,4,1,4,1,2,13,1,30,2,1,7,1,7,9,6,18,4,1,,107,,1,22,,121.5662811,25.0781475
112,9,14,10,45,2,03中山區,中山區堤頂大道2段往南第66根燈桿處,0,0,1,2,B03,8,7,5,70,14,7,1,5,4,5,13,4,4,1,4,1,2,13,1,67,3,10,7,1,7,14,1,8,2,3,,44,,1,22,,121.5662811,25.0781475
112,9,14,10,45,2,03中山區,中山區堤頂大道2段往南第66根燈桿處,0,0,1,3,B03,8,7,5,70,14,7,1,5,4,5,13,4,4,1,4,1,2,13,1,66,3,10,7,1,7,14,1,8,2,3,,44,,1,22,,121.5662811,25.0781475
112,9,14,10,45,2,03中山區,中山區堤頂大道2段往南第66根燈桿處,0,0,1,4,B02,8,7,5,70,14,7,1,5,4,5,13,4,4,1,4,1,2,13,1,47,3,10,7,1,7,14,1,8,2,3,,44,,1,22,,121.5662811,25.0781475
112,9,14,10,45,2,12內湖區,內湖區內湖路2段355巷與內湖路2段口,0,0,1,1,B12,8,7,5,50,4,2,1,5,4,5,13,2,1,5,5,5,2,8,1,60,3,10,7,1,7,2,1,8,9,3,,12,,1,21,,121.5921264,25.08345881
112,9,14,10,45,2,12內湖區,內湖區內湖路2段355巷與內湖路2段口,0,0,1,2,H01,8,7,5,50,4,2,1,5,4,5,13,2,1,5,5,5,2,8,2,69,2,9,4,5,8,17,8,20,10,16,,67,,1,21,,121.5921264,25.08345881
112,9,14,11,34,2,06松山區,松山區民權大橋東往西019燈桿處,0,0,1,1,B01,8,6,5,30,8,9,1,5,4,5,13,4,4,3,4,5,2,17,1,57,3,10,3,4,7,7,1,4,11,17,,100,,2,21,,121.5676396,25.06353472
112,9,14,11,34,2,06松山區,松山區民權大橋東往西019燈桿處,0,0,1,2,C03,8,6,5,30,8,9,1,5,4,5,13,4,4,3,4,5,2,17,2,26,2,9,6,1,7,9,1,10,2,17,,44,,1,21,,121.5676396,25.06353472
112,9,14,12,6,2,07信義區,信義區忠孝東路5段與林口街口口,0,0,1,1,C03,8,7,5,50,5,1,1,5,4,5,13,2,1,3,4,5,2,12,2,39,2,9,6,1,7,8,1,10,1,14,,100,,1,21,,121.5810301,25.0430344
112,9,14,12,6,2,07信義區,信義區忠孝東路5段與林口街口口,0,0,1,2,B12,8,7,5,50,5,1,1,5,4,5,13,2,1,3,4,5,2,12,1,56,3,10,7,1,7,9,1,8,1,2,,107,,1,21,,121.5810301,25.0430344
112,9,14,12,12,2,01大同區,大同區重慶北路3段205巷與民族西路187巷口,0,0,1,2,C03,8,6,5,30,4,1,1,5,4,5,13,4,4,10,5,5,1,15,1,47,2,9,6,1,7,9,1,10,2,11,,13,,1,21,,121.5149487,25.07004686
112,9,14,12,12,2,01大同區,大同區重慶北路3段205巷與民族西路187巷口,0,0,1,1,C03,8,6,5,30,4,1,1,5,4,5,13,4,4,10,5,5,1,15,1,22,3,10,5,1,7,9,1,10,2,12,,72,,1,21,,121.5149487,25.07004686
112,9,14,12,14,2,08士林區,士林區中山北路7段141巷與天玉街口,0,0,1,1,B03,8,5,5,50,14,9,1,5,4,5,13,4,4,5,5,5,2,16,1,41,3,10,7,1,7,1,1,8,2,8,,19,,1,21,,121.5315238,25.1230509
112,9,14,12,14,2,08士林區,士林區中山北路7段141巷與天玉街口,0,0,1,2,C03,8,5,5,50,14,9,1,5,4,5,13,4,4,5,5,5,2,16,2,44,2,9,5,1,7,9,1,10,2,12,,44,,1,21,,121.5315238,25.1230509
112,9,14,12,17,2,12內湖區,內湖區康樂街201巷45號前,0,0,1,2,B03,8,7,5,50,14,9,1,5,4,5,13,4,4,9,5,5,2,13,1,63,3,10,7,1,7,6,1,8,1,3,,9,,1,21,,121.6225467,25.07661866
112,9,14,12,17,2,12內湖區,內湖區康樂街201巷45號前,0,0,1,1,C03,8,7,5,50,14,9,1,5,4,5,13,4,4,9,5,5,2,13,1,41,2,9,5,1,7,9,1,10,1,12,,42,,1,21,,121.6225467,25.07661866
112,9,14,12,29,2,12內湖區,內湖區新湖二路與新湖一路358巷口,0,0,1,2,B03,8,6,5,50,4,2,1,5,4,5,13,4,4,5,4,5,2,17,1,25,3,10,7,1,7,9,1,8,1,4,,44,,1,21,,121.5818331,25.06401436
112,9,14,12,29,2,12內湖區,內湖區新湖二路與新湖一路358巷口,0,0,1,1,C03,8,6,5,50,4,2,1,5,4,5,13,4,4,5,4,5,2,17,1,47,2,9,6,1,7,9,1,10,1,11,,72,,1,21,,121.5818331,25.06401436
112,9,14,12,43,2,05中正區,中正區杭州南路1段與丹陽街口,0,0,1,2,C03,8,6,5,50,3,1,1,5,4,5,13,4,4,10,5,5,2,16,1,53,2,9,6,1,7,9,1,10,2,11,,107,,1,22,,121.5253912,25.03901261
112,9,14,12,43,2,05中正區,中正區杭州南路1段與丹陽街口,0,0,1,1,C03,8,6,5,50,3,1,1,5,4,5,13,4,4,10,5,5,2,16,1,25,3,10,6,1,7,8,1,9,2,14,,100,,1,22,,121.5253912,25.03901261
112,9,14,12,48,2,03中山區,中山區中山北路2段116巷與錦西街5巷口,0,0,2,2,C03,8,5,5,30,4,1,5,5,4,5,13,4,4,10,5,5,2,17,1,72,3,10,3,4,7,9,1,10,1,11,,107,,1,26,,121.5221352,25.060879
112,9,14,12,48,2,03中山區,中山區中山北路2段116巷與錦西街5巷口,0,0,2,1,C03,8,5,5,30,4,1,5,5,4,5,13,4,4,10,5,5,2,17,2,34,2,8,3,4,7,9,1,10,1,14,,75,,1,21,,121.5221352,25.060879
112,9,14,12,48,2,03中山區,中山區中山北路2段116巷與錦西街5巷口,0,0,2,3,H02,8,5,5,30,4,1,5,5,4,5,13,4,4,10,5,5,2,17,2,66,2,6,3,5,7,20,8,20,10,16,,67,,1,27,,121.5221352,25.060879
112,9,14,12,55,2,10文山區,文山區景福街168巷與萬慶街口口,0,0,1,1,C03,8,6,5,30,3,1,1,5,4,5,13,4,4,10,5,5,2,16,2,24,2,9,5,1,7,6,1,10,1,12,,72,,1,21,,121.5371136,24.9944649
112,9,14,12,55,2,10文山區,文山區景福街168巷與萬慶街口口,0,0,1,2,B03,8,6,5,30,3,1,1,5,4,5,13,4,4,10,5,5,2,16,1,59,3,10,7,1,7,9,1,8,1,4,,14,,1,21,,121.5371136,24.9944649
112,9,14,13,26,2,12內湖區,內湖區港墘路與港墘路221巷口,0,0,1,1,C03,8,6,5,50,3,1,1,5,4,5,13,4,4,1,4,5,2,16,2,22,3,10,5,1,7,6,1,10,1,13,,9,,1,21,,121.573664,25.07500519
112,9,14,13,26,2,12內湖區,內湖區港墘路與港墘路221巷口,0,0,1,2,C03,8,6,5,50,3,1,1,5,4,5,13,4,4,1,4,5,2,16,1,35,2,9,5,1,7,9,1,10,1,11,,44,,1,21,,121.573664,25.07500519
112,9,14,13,41,2,03中山區,中山區民權東路1段與新生北路2段口,0,0,1,2,C03,8,6,5,50,4,1,1,5,4,5,13,1,1,1,4,5,2,13,1,39,3,10,5,4,7,14,1,10,1,13,,44,,1,22,,121.5273061,25.06256235
112,9,14,13,41,2,03中山區,中山區民權東路1段與新生北路2段口,0,0,1,1,C03,8,6,5,50,4,1,1,5,4,5,13,1,1,1,4,5,2,13,2,61,2,9,5,4,7,9,1,10,1,11,,108,,1,22,,121.5273061,25.06256235
112,9,14,14,0,2,08士林區,士林區社子街84巷與社子街22巷口,0,0,1,1,B03,8,6,5,30,5,2,1,5,4,5,13,4,4,10,5,5,2,15,2,58,3,10,7,1,7,9,1,14,1,6,,72,,1,21,,121.5065991,25.08662505
112,9,14,14,0,2,08士林區,士林區社子街84巷與社子街22巷口,0,0,1,2,C03,8,6,5,30,5,2,1,5,4,5,13,4,4,10,5,5,2,15,1,24,2,9,5,1,7,9,1,10,1,11,,13,,1,21,,121.5065991,25.08662505
112,9,14,14,50,2,05中正區,中正區詔安街與汀州路2段6巷口口,0,0,2,1,C03,8,6,5,30,3,1,1,5,4,5,13,4,4,10,5,5,1,17,1,75,2,8,6,1,7,6,1,10,2,11,,72,,1,21,,121.5156244,25.02502275
112,9,14,14,50,2,05中正區,中正區詔安街與汀州路2段6巷口口,0,0,2,2,C02,8,6,5,30,3,1,1,5,4,5,13,4,4,10,5,5,1,17,1,31,2,7,6,1,7,9,1,9,2,11,,14,,1,21,,121.5156244,25.02502275
112,9,14,15,0,2,09北投區,北投區承德路6段與承德路6段331巷口,0,0,1,1,B03,8,7,5,60,3,1,1,5,4,5,13,3,1,1,4,4,1,11,2,24,3,10,7,1,7,6,1,8,1,2,,9,,1,21,,121.5119687,25.10601453
112,9,14,15,0,2,09北投區,北投區承德路6段與承德路6段331巷口,0,0,1,2,C03,8,7,5,60,3,1,1,5,4,5,13,3,1,1,4,4,1,11,2,23,2,9,5,1,7,9,1,10,1,11,,44,,1,21,,121.5119687,25.10601453
112,9,14,15,1,2,07信義區,信義區市民大道6段與松山路口,0,0,2,1,C03,8,6,5,40,5,1,1,5,4,5,13,2,1,1,4,5,2,17,1,60,2,9,6,1,7,6,1,10,1,13,,9,,1,22,,121.5776609,25.0489003
112,9,14,15,1,2,07信義區,信義區市民大道6段與松山路口,0,0,2,2,C03,8,6,5,40,5,1,1,5,4,5,13,2,1,1,4,5,2,17,2,62,2,9,6,1,7,9,1,10,1,11,,44,,1,22,,121.5776609,25.0489003
112,9,14,15,24,2,04大安區,大安區樂業街與樂業街72巷口,0,0,1,1,B03,8,6,5,30,4,1,1,5,4,5,13,4,4,5,2,5,1,16,1,52,3,10,3,4,7,6,1,7,1,5,,72,,1,21,,121.5506902,25.0220145
112,9,14,15,24,2,04大安區,大安區樂業街與樂業街72巷口,0,0,1,2,C03,8,6,5,30,4,1,1,5,4,5,13,4,4,5,2,5,1,16,2,52,2,7,5,1,7,15,1,10,1,12,,44,,1,21,,121.5506902,25.0220145
112,9,14,15,24,2,04大安區,大安區樂業街與樂業街72巷口,0,0,1,3,B12,8,6,5,30,4,1,1,5,4,5,13,4,4,5,2,5,1,16,1,31,3,10,3,4,7,14,1,2,11,15,,38,,1,21,,121.5506902,25.0220145
112,9,14,15,48,2,02萬華區,萬華區西園路2段128號,0,0,2,2,C03,8,6,5,50,14,9,1,5,4,5,13,4,4,1,5,5,2,12,1,40,2,9,6,1,7,9,1,10,1,14,,44,,1,21,,121.4964521,25.03068346
112,9,14,15,48,2,02萬華區,萬華區西園路2段128號,0,0,2,1,C03,8,6,5,50,14,9,1,5,4,5,13,4,4,1,5,5,2,12,1,26,2,8,6,1,7,8,6,18,1,12,,100,,1,21,,121.4964521,25.03068346
112,9,14,16,26,2,10文山區,文山區木柵路1段與景美溪橋口口前,0,0,2,1,A02,8,6,5,50,3,1,1,5,4,5,13,1,1,5,2,5,2,16,1,54,3,10,7,1,7,5,1,2,2,5,,8,,1,21,,121.5453106,24.9868409
112,9,14,16,26,2,10文山區,文山區木柵路1段與景美溪橋口口前,0,0,2,2,C03,8,6,5,50,3,1,1,5,4,5,13,1,1,5,2,5,2,16,1,60,2,9,6,1,7,6,1,10,2,14,,44,,1,21,,121.5453106,24.9868409
112,9,14,16,26,2,10文山區,文山區木柵路1段與景美溪橋口口前,0,0,2,3,H02,8,6,5,50,3,1,1,5,4,5,13,1,1,5,2,5,2,16,2,13,2,9,6,5,7,21,8,20,10,16,,67,,1,15,,121.5453106,24.9868409
112,9,14,16,45,2,09北投區,北投區大度路3段185號與大度路3段口,0,0,2,4,H02,8,5,5,50,3,2,1,5,4,5,12,4,4,9,4,3,2,17,1,8,2,9,4,5,7,20,8,20,10,16,,67,,1,22,,121.4677544,25.1233369
112,9,14,16,45,2,09北投區,北投區大度路3段185號與大度路3段口,0,0,2,3,C03,8,5,5,50,3,2,1,5,4,5,12,4,4,9,4,3,2,17,1,48,2,9,3,4,7,9,1,10,2,14,,44,,1,21,,121.4677544,25.1233369
112,9,14,16,45,2,09北投區,北投區大度路3段185號與大度路3段口,0,0,2,2,C03,8,5,5,50,3,2,1,5,4,5,12,4,4,9,4,3,2,17,1,58,3,10,3,4,7,15,1,10,2,12,,42,,1,21,,121.4677544,25.1233369
112,9,14,16,45,2,09北投區,北投區大度路3段185號與大度路3段口,0,0,2,1,B03,8,5,5,50,3,2,1,5,4,5,12,4,4,9,4,3,2,17,1,50,3,10,3,4,7,7,1,8,2,17,,100,,1,21,,121.4677544,25.1233369
112,9,14,16,53,2,04大安區,大安區和平東路1段與和平東路1段141巷口口,0,0,2,2,C03,8,6,5,40,4,1,1,5,4,5,13,2,1,1,4,4,2,13,1,27,2,6,3,4,7,12,1,10,1,13,,44,,1,22,,121.5309606,25.0266354
112,9,14,16,53,2,04大安區,大安區和平東路1段與和平東路1段141巷口口,0,0,2,3,B03,8,6,5,40,4,1,1,5,4,5,13,2,1,1,4,4,2,13,1,63,3,10,3,4,7,5,1,8,1,17,,74,,1,22,,121.5309606,25.0266354
112,9,14,16,53,2,04大安區,大安區和平東路1段與和平東路1段141巷口口,0,0,2,1,C03,8,6,5,40,4,1,1,5,4,5,13,2,1,1,4,4,2,13,1,22,2,9,3,4,7,9,1,10,1,11,,16,,1,22,,121.5309606,25.0266354
112,9,14,16,55,2,05中正區,中正區重慶南路2段與重慶南路2段8巷口口,0,0,2,1,C03,8,6,5,30,3,1,1,5,4,5,13,4,4,10,5,5,1,15,2,31,2,7,6,1,7,15,1,10,2,12,,80,,1,21,,121.513029,25.0337518
112,9,14,16,55,2,05中正區,中正區重慶南路2段與重慶南路2段8巷口口,0,0,2,2,F01,8,6,5,30,3,1,1,5,4,5,13,4,4,10,5,5,1,15,1,16,2,8,4,1,7,9,8,20,2,11,,108,,1,16,,121.513029,25.0337518
112,9,14,16,55,2,05中正區,中正區重慶南路2段與重慶南路2段8巷口口,0,0,2,3,H02,8,6,5,30,3,1,1,5,4,5,13,4,4,10,5,5,1,15,1,9,4,11,6,5,7,20,8,20,10,16,,67,,1,14,,121.513029,25.0337518
112,9,14,17,0,2,11南港區,南港區經貿二路與經貿二路157巷口,0,0,2,1,C03,8,7,5,50,14,9,1,5,4,5,13,4,4,4,3,5,2,12,2,20,2,9,5,1,7,9,3,18,1,11,,108,,1,21,,121.616799,25.0596427
112,9,14,17,0,2,11南港區,南港區經貿二路與經貿二路157巷口,0,0,2,2,C03,8,7,5,50,14,9,1,5,4,5,13,4,4,4,3,5,2,12,2,18,2,9,5,1,7,11,1,10,1,14,,10,,1,21,,121.616799,25.0596427
112,9,14,17,15,2,04大安區,大安區羅斯福路4段與基隆路4段口,0,0,2,1,C03,8,6,5,50,5,1,1,5,4,5,13,2,1,10,5,5,2,16,2,30,2,9,6,4,7,5,1,10,1,14,,96,,1,21,,121.537387,25.0111661
112,9,14,17,15,2,04大安區,大安區羅斯福路4段與基隆路4段口,0,0,2,2,C03,8,6,5,50,5,1,1,5,4,5,13,2,1,10,5,5,2,16,1,56,2,7,6,4,7,9,1,10,1,12,,44,,1,22,,121.537387,25.0111661
112,9,14,17,18,2,05中正區,中正區中山南路與貴陽街1段口,0,0,1,1,C03,8,6,5,50,3,2,1,5,4,1,13,1,1,9,5,5,1,12,1,45,3,10,6,1,7,11,1,10,2,11,,4,,1,22,,121.5171797,25.0381307
112,9,14,17,18,2,05中正區,中正區中山南路與貴陽街1段口,0,0,1,2,C03,8,6,5,50,3,2,1,5,4,1,13,1,1,9,5,5,1,12,1,25,3,10,6,1,7,9,1,10,2,17,,44,,1,22,,121.5171797,25.0381307
112,9,14,17,18,2,05中正區,中正區中山南路與貴陽街1段口,0,0,1,3,H02,8,6,5,50,3,2,1,5,4,1,13,1,1,9,5,5,1,12,2,45,2,8,6,5,7,20,8,20,10,16,,67,,1,22,,121.5171797,25.0381307
112,9,14,17,20,2,10文山區,文山區景文街與景文街103巷口,0,0,2,1,C03,8,6,5,50,3,1,1,5,4,5,13,4,4,5,5,4,2,3,2,35,2,9,5,1,7,9,1,10,2,11,,70,,1,22,,121.5412019,24.99080463
112,9,14,17,20,2,10文山區,文山區景文街與景文街103巷口,0,0,2,2,H01,8,6,5,50,3,1,1,5,4,5,13,4,4,5,5,4,2,3,2,61,2,9,4,5,8,20,8,20,10,16,,67,,1,22,,121.5412019,24.99080463
112,9,14,17,45,2,04大安區,大安區敦化南路2段81巷與敦化南路2段81巷65弄口口,0,0,2,3,H02,8,5,5,50,14,9,1,5,4,5,13,4,4,9,4,5,2,17,2,25,2,8,3,5,7,21,8,20,10,16,,67,,1,22,,121.5509716,25.0299384
112,9,14,17,45,2,04大安區,大安區敦化南路2段81巷與敦化南路2段81巷65弄口口,0,0,2,1,B03,8,5,5,50,14,9,1,5,4,5,13,4,4,9,4,5,2,17,1,47,3,10,3,4,7,5,1,8,1,4,,8,,1,22,,121.5509716,25.0299384
112,9,14,17,45,2,04大安區,大安區敦化南路2段81巷與敦化南路2段81巷65弄口口,0,0,2,2,C03,8,5,5,50,14,9,1,5,4,5,13,4,4,9,4,5,2,17,2,23,2,8,3,4,7,9,1,10,1,12,,44,,1,22,,121.5509716,25.0299384
112,9,14,17,50,2,08士林區,士林區中山北路4段與通河街口,0,0,1,1,C03,8,5,5,50,4,1,1,5,4,5,13,1,1,1,4,5,1,16,2,26,2,7,3,4,7,5,1,10,2,12,,83,,1,22,,121.5243235,25.0798494
112,9,14,17,50,2,08士林區,士林區中山北路4段與通河街口,0,0,1,2,B02,8,5,5,50,4,1,1,5,4,5,13,1,1,1,4,5,1,16,1,37,3,10,3,4,7,9,1,8,2,1,,44,,1,22,,121.5243235,25.0798494
112,9,14,18,10,2,10文山區,文山區秀明路1段電燈桿0700771號,0,0,1,2,C03,8,5,5,50,14,8,1,5,4,5,13,4,4,9,4,4,2,16,2,67,2,9,6,1,7,9,1,10,2,14,,44,,1,21,,121.5655796,24.9900103
112,9,14,18,10,2,10文山區,文山區秀明路1段電燈桿0700771號,0,0,1,1,C03,8,5,5,50,14,8,1,5,4,5,13,4,4,9,4,4,2,16,1,20,3,10,6,1,7,4,1,10,2,12,,107,,1,25,,121.5655796,24.9900103
112,9,14,18,10,2,07信義區,信義區松德路180巷與松德路168巷12弄口,0,0,2,1,C03,7,5,5,30,4,1,1,5,4,5,13,1,1,9,5,5,2,17,1,68,2,8,5,1,7,6,1,10,1,11,,33,,1,22,,121.5735438,25.0365479
112,9,14,18,10,2,07信義區,信義區松德路180巷與松德路168巷12弄口,0,0,2,2,C03,7,5,5,30,4,1,1,5,4,5,13,1,1,9,5,5,2,17,2,38,2,8,5,4,7,9,1,10,1,11,,44,,1,22,,121.5735438,25.0365479
112,9,14,18,15,2,04大安區,大安區光復南路180巷7號對面,0,0,1,2,C03,8,5,5,30,14,9,1,5,4,5,13,4,4,10,5,5,1,16,1,21,2,7,5,1,7,9,1,10,1,12,,44,,1,21,,121.556668,25.0422266
112,9,14,18,15,2,04大安區,大安區光復南路180巷7號對面,0,0,1,1,B03,8,5,5,30,14,9,1,5,4,5,13,4,4,10,5,5,1,16,1,19,3,10,3,4,7,7,1,8,1,8,,100,,1,21,,121.556668,25.0422266
112,9,14,18,43,2,04大安區,大安區金山南路2段與潮州街口,0,0,2,1,B03,8,5,5,50,4,1,1,5,4,5,13,1,1,1,4,4,2,16,1,64,2,1,3,4,7,11,1,8,1,6,,10,,1,21,,121.5263645,25.0289062
112,9,14,18,43,2,04大安區,大安區金山南路2段與潮州街口,0,0,2,2,B03,8,5,5,50,4,1,1,5,4,5,13,1,1,1,4,4,2,16,1,47,2,1,3,4,7,9,1,8,1,1,,13,,1,21,,121.5263645,25.0289062
112,9,14,19,0,2,08士林區,士林區中正路與基河路口,0,0,1,2,C03,8,5,5,50,4,1,1,5,4,5,13,2,1,1,4,5,1,12,1,59,3,10,5,1,7,9,1,9,2,14,,17,,1,21,,121.5200544,25.09335686
112,9,14,19,0,2,08士林區,士林區中正路與基河路口,0,0,1,3,H02,8,5,5,50,4,1,1,5,4,5,13,2,1,1,4,5,1,12,2,57,2,7,5,5,7,21,8,20,10,16,,67,,1,21,,121.5200544,25.09335686
112,9,14,19,0,2,08士林區,士林區中正路與基河路口,0,0,1,1,B03,8,5,5,50,4,1,1,5,4,5,13,2,1,1,4,5,1,12,2,34,3,10,7,1,7,9,1,14,2,4,,17,,1,21,,121.5200544,25.09335686
112,9,14,19,9,2,10文山區,文山區樟新街11號對面,0,0,2,1,C03,8,5,5,30,14,9,1,5,4,5,13,4,4,9,5,5,2,16,2,34,3,10,5,1,7,15,1,10,1,11,,118,,1,21,,121.5551176,24.97953026
112,9,14,19,9,2,10文山區,文山區樟新街11號對面,0,0,2,3,H02,8,5,5,30,14,9,1,5,4,5,13,4,4,9,5,5,2,16,2,24,2,9,5,5,7,20,8,20,10,16,,67,,1,21,,121.5551176,24.97953026
112,9,14,19,9,2,10文山區,文山區樟新街11號對面,0,0,2,2,C03,8,5,5,30,14,9,1,5,4,5,13,4,4,9,5,5,2,16,2,19,2,7,5,1,7,9,1,10,1,11,,44,,1,21,,121.5551176,24.97953026
112,9,14,20,32,2,07信義區,信義區基隆路2段與信義路5段口,0,0,1,1,C03,7,5,5,50,4,1,1,5,4,5,13,2,1,5,5,5,2,17,1,30,3,10,5,1,7,9,1,10,1,14,,99,,1,21,,121.5595805,25.0328738
112,9,14,20,32,2,07信義區,信義區基隆路2段與信義路5段口,0,0,1,2,C03,7,5,5,50,4,1,1,5,4,5,13,2,1,5,5,5,2,17,1,22,2,9,5,1,7,5,1,10,1,12,,13,,1,21,,121.5595805,25.0328738
112,9,14,20,47,2,08士林區,士林區福國路與福華路口口,0,0,2,2,C03,8,5,5,50,4,1,1,5,4,5,13,2,1,5,5,5,2,17,1,37,2,8,6,1,7,14,1,10,1,11,12,44,,1,21,,121.523028,25.10168294
112,9,14,20,47,2,08士林區,士林區福國路與福華路口口,0,0,2,3,H02,8,5,5,50,4,1,1,5,4,5,13,2,1,5,5,5,2,17,2,19,2,6,4,5,7,21,8,20,10,16,,67,,1,21,,121.523028,25.10168294
112,9,14,20,47,2,08士林區,士林區福國路與福華路口口,0,0,2,1,B03,8,5,5,50,4,1,1,5,4,5,13,2,1,5,5,5,2,17,1,16,3,10,7,1,7,6,2,18,1,1,,42,,1,21,,121.523028,25.10168294
112,9,14,22,22,2,12內湖區,內湖區康樂街131號前,0,0,1,1,B01,8,5,5,0,14,9,1,5,4,5,13,4,4,9,5,5,2,9,1,73,3,10,7,1,7,2,1,8,2,3,,12,,1,21,,121.6193914,25.07245644
112,9,14,22,22,2,12內湖區,內湖區康樂街131號前,0,0,1,2,H01,8,5,5,0,14,9,1,5,4,5,13,4,4,9,5,5,2,9,2,61,2,1,4,5,8,16,8,20,10,16,,67,,1,21,,121.6193914,25.07245644
112,9,15,1,25,2,02萬華區,萬華區西園路1段與廣州街口,0,0,1,1,B01,8,5,5,40,4,1,1,5,4,5,13,2,1,3,4,5,2,15,1,67,3,10,7,4,7,1,6,4,1,2,,81,,1,21,,121.4994157,25.03665291
112,9,15,1,25,2,02萬華區,萬華區西園路1段與廣州街口,0,0,1,2,C03,8,5,5,40,4,1,1,5,4,5,13,2,1,3,4,5,2,15,1,28,2,8,5,4,7,9,1,10,1,11,,13,,1,21,,121.4994157,25.03665291
112,9,15,2,12,2,04大安區,大安區和平東路3段與富陽街口,0,0,1,1,B03,8,5,5,50,5,1,1,5,4,5,13,2,1,1,4,5,2,17,1,32,3,10,3,4,7,11,1,8,2,1,,103,,1,21,,121.5566284,25.0204499