發生年度,發生月,發生日,發生時-Hours,發生分,處理別-編號,區序,肇事地點,死亡人數,2-30日死亡人數,受傷人數,當事人序號,車種,天候,光線,道路類別,速限-速度限制,道路型態,事故位置,路面狀況1,路面狀況2,路面狀況3,道路障礙1,道路障礙2,號誌1,號誌2,車道劃分-分向,車道劃分-分道1,車道劃分-分道2,車道劃分-分道3,事故類型及型態,性別,年齡,受傷程度,主要傷處,保護裝置,行動電話,車輛用途,當事者行動狀態,駕駛資格情形,駕駛執照種類,飲酒情形,車輛撞擊部位1,車輛撞擊部位2,肇因碼-個別,肇因碼-主要,個人肇逃否,職業,旅次目的,座標-X,座標-Y
112,9,17,4,27,2,02萬華區,萬華區堤外便道,0,0,1,3,C03,7,6,5,40,14,9,1,5,4,5,13,4,4,1,5,5,1,17,1,40,3,10,3,4,7,9,6,18,1,17,,42,,1,22,,121.5007575,25.0178062
112,9,17,4,27,2,02萬華區,萬華區堤外便道,0,0,1,1,C03,7,6,5,40,14,9,1,5,4,5,13,4,4,1,5,5,1,17,1,58,3,10,3,4,7,15,1,10,1,13,,44,,1,22,,121.5007575,25.0178062
112,9,17,4,27,2,02萬華區,萬華區堤外便道,0,0,1,2,C03,7,6,5,40,14,9,1,5,4,5,13,4,4,1,5,5,1,17,1,46,2,9,3,4,7,15,6,18,1,11,,107,,1,22,,121.5007575,25.0178062
112,9,17,6,35,2,03中山區,中山區民權東路3段與建國北路2段口,0,0,2,1,C03,8,7,5,50,4,1,1,5,4,5,13,2,1,1,4,5,2,15,2,44,2,9,5,1,7,9,1,10,2,11,,44,,1,22,,121.5372598,25.062487
112,9,17,6,35,2,03中山區,中山區民權東路3段與建國北路2段口,0,0,2,2,C03,8,7,5,50,4,1,1,5,4,5,13,2,1,1,4,5,2,15,2,64,2,9,5,1,7,9,1,11,2,14,,81,,1,22,,121.5372598,25.062487
112,9,17,6,43,2,02萬華區,萬華區萬大路277巷與萬大路277巷14弄口口,0,0,2,1,C03,8,5,5,30,4,1,1,5,4,5,13,4,4,10,5,5,2,15,2,54,2,7,5,4,7,9,1,10,9,11,,72,,1,21,,121.5010826,25.02538899
112,9,17,6,43,2,02萬華區,萬華區萬大路277巷與萬大路277巷14弄口口,0,0,2,2,C03,8,5,5,30,4,1,1,5,4,5,13,4,4,10,5,5,2,15,1,36,2,9,5,4,7,9,1,10,9,14,,13,,1,21,,121.5010826,25.02538899
112,9,17,9,0,2,12內湖區,內湖區成功路2段456巷與成功路2段456巷口,0,0,1,2,C03,8,6,5,30,3,1,1,5,4,5,13,4,4,10,5,5,2,13,1,57,3,10,5,1,7,9,1,10,1,11,,16,,1,21,,121.5886129,25.07312009
112,9,17,9,0,2,12內湖區,內湖區成功路2段456巷與成功路2段456巷口,0,0,1,1,C03,8,6,5,30,3,1,1,5,4,5,13,4,4,10,5,5,2,13,1,38,2,9,6,1,7,6,1,10,1,13,,44,,1,21,,121.5886129,25.07312009
112,9,17,9,38,2,01大同區,大同區雙連街與萬全街口,0,0,2,1,B03,8,7,5,30,4,1,1,5,4,5,13,4,4,10,5,5,2,15,1,55,3,10,3,4,7,9,1,8,1,8,,72,,1,21,,121.5190395,25.05853496
112,9,17,9,38,2,01大同區,大同區雙連街與萬全街口,0,0,2,3,H02,8,7,5,30,4,1,1,5,4,5,13,4,4,10,5,5,2,15,2,55,2,5,5,5,7,21,8,20,10,16,,67,,1,21,,121.5190395,25.05853496
112,9,17,9,38,2,01大同區,大同區雙連街與萬全街口,0,0,2,2,C03,8,7,5,30,4,1,1,5,4,5,13,4,4,10,5,5,2,15,1,27,2,7,5,1,7,9,1,10,1,11,,44,,1,21,,121.5190395,25.05853496
112,9,17,9,50,2,10文山區,文山區指南路3段電桿編號草湳幹20B7625EE22旁,0,0,1,2,,8,6,5,30,10,9,1,5,4,5,13,4,4,10,4,5,2,20,3,0,,,,,,,,,9,,,67,,1,,,121.6144316,24.97351057
112,9,17,9,50,2,10文山區,文山區指南路3段電桿編號草湳幹20B7625EE22旁,0,0,1,1,F01,8,6,5,30,10,9,1,5,4,5,13,4,4,10,4,5,2,20,2,70,2,9,4,1,7,9,8,20,1,12,,42,,1,21,,121.6144316,24.97351057
112,9,17,10,45,2,12內湖區,內湖區南湖大橋與安康路口口,0,0,1,1,B12,7,6,5,50,5,1,1,5,4,5,13,1,1,1,4,5,2,16,1,24,3,10,7,1,7,6,1,8,1,2,,9,,1,21,,121.611047,25.06486301
112,9,17,10,45,2,12內湖區,內湖區南湖大橋與安康路口口,0,0,1,2,C03,7,6,5,50,5,1,1,5,4,5,13,1,1,1,4,5,2,16,1,19,2,8,5,1,7,9,1,10,1,14,,13,,1,21,,121.611047,25.06486301
112,9,17,11,0,2,05中正區,中正區中華路1段與寶慶路口,0,0,1,1,A02,8,7,5,50,5,2,2,5,4,5,13,1,1,10,5,5,2,17,1,44,3,10,7,1,7,12,1,2,1,17,,44,,1,26,,121.5083928,25.0419126
112,9,17,11,0,2,05中正區,中正區中華路1段與寶慶路口,0,0,1,2,C03,8,7,5,50,5,2,2,5,4,5,13,1,1,10,5,5,2,17,2,42,3,10,5,1,7,6,1,10,11,17,,9,,1,26,,121.5083928,25.0419126
112,9,17,11,0,2,05中正區,中正區中華路1段與寶慶路口,0,0,1,3,H02,8,7,5,50,5,2,2,5,4,5,13,1,1,10,5,5,2,17,2,70,2,7,4,5,7,21,8,20,10,16,,67,,1,26,,121.5083928,25.0419126
112,9,17,11,2,2,01大同區,大同區重慶北路2段與保安街口,0,0,1,3,H02,8,6,5,50,4,1,1,5,4,5,13,1,1,5,5,5,2,17,2,36,2,8,6,5,7,20,8,20,10,16,,67,,1,21,,121.5135681,25.0592374
112,9,17,11,2,2,01大同區,大同區重慶北路2段與保安街口,0,0,1,2,C03,8,6,5,50,4,1,1,5,4,5,13,1,1,5,5,5,2,17,1,40,3,10,6,1,7,9,1,10,2,12,,44,,1,21,,121.5135681,25.0592374
112,9,17,11,2,2,01大同區,大同區重慶北路2段與保安街口,0,0,1,1,C03,8,6,5,50,4,1,1,5,4,5,13,1,1,5,5,5,2,17,1,65,3,10,6,1,7,5,1,10,2,12,,74,,1,21,,121.5135681,25.0592374
112,9,17,11,20,2,10文山區,文山區木柵路1段與木柵路1段278巷口,0,0,1,1,B03,8,5,5,50,3,2,1,5,4,5,13,4,4,9,4,5,1,12,2,44,3,10,7,1,7,4,1,8,1,2,,107,,1,21,,121.5547001,24.9880809
112,9,17,11,20,2,10文山區,文山區木柵路1段與木柵路1段278巷口,0,0,1,2,C05,8,5,5,50,3,2,1,5,4,5,13,4,4,9,4,5,1,12,1,76,2,9,6,1,7,9,1,10,1,14,,44,,1,21,,121.5547001,24.9880809
112,9,17,11,52,2,05中正區,中正區重慶南路3段與和平西路1段口,0,0,1,1,B02,8,7,5,50,5,1,1,5,4,5,13,1,1,2,4,5,2,16,1,27,3,10,7,1,7,6,1,4,1,2,,9,,1,22,,121.5160972,25.0272631
112,9,17,11,52,2,05中正區,中正區重慶南路3段與和平西路1段口,0,0,1,2,C03,8,7,5,50,5,1,1,5,4,5,13,1,1,2,4,5,2,16,1,18,2,9,6,1,7,9,1,10,1,14,,44,,1,22,,121.5160972,25.0272631
112,9,17,11,57,2,08士林區,內(士東路301號前),0,0,1,1,B03,8,6,5,30,14,9,1,5,4,1,13,4,4,5,5,5,2,9,4,48,,,,,,,,,11,,,119,,2,,,121.5375633,25.1147913
112,9,17,11,57,2,08士林區,內(士東路301號前),0,0,1,2,H01,8,6,5,30,14,9,1,5,4,1,13,4,4,5,5,5,2,9,2,24,2,8,4,5,8,16,8,20,10,16,,67,,1,21,,121.5375633,25.1147913
112,9,17,12,23,2,04大安區,大安區復興南路1段與復興南路1段177巷口,0,0,2,3,H02,8,6,5,50,3,1,1,5,4,5,13,4,4,9,3,4,2,16,1,25,2,9,6,5,7,20,8,20,10,16,,67,,1,21,,121.5438827,25.0407761
112,9,17,12,23,2,04大安區,大安區復興南路1段與復興南路1段177巷口,0,0,2,2,C03,8,6,5,50,3,1,1,5,4,5,13,4,4,9,3,4,2,16,2,24,2,9,6,1,7,9,1,10,2,14,,44,,1,21,,121.5438827,25.0407761
112,9,17,12,23,2,04大安區,大安區復興南路1段與復興南路1段177巷口,0,0,2,1,B01,8,6,5,50,3,1,1,5,4,5,13,4,4,9,3,4,2,16,1,64,3,10,7,1,7,6,1,4,2,2,,9,,1,21,,121.5438827,25.0407761
112,9,17,13,33,2,01大同區,大同區市民大道1段與承德路1段口,0,0,1,2,C03,8,6,5,50,4,1,1,5,4,5,13,2,1,1,4,5,2,13,1,41,3,10,5,1,7,14,1,10,1,13,,44,,1,21,,121.516759,25.04883321
112,9,17,13,33,2,01大同區,大同區市民大道1段與承德路1段口,0,0,1,1,C03,8,6,5,50,4,1,1,5,4,5,13,2,1,1,4,5,2,13,2,56,2,8,5,1,7,9,6,18,1,11,,108,,1,21,,121.516759,25.04883321
112,9,17,13,46,2,07信義區,信義區忠孝東路5段與松信路口口,0,0,1,1,B03,8,7,5,50,4,1,1,5,4,5,13,2,1,5,4,5,2,2,1,57,3,10,3,4,7,5,1,8,11,5,,70,,2,22,,121.5718351,25.0409902
112,9,17,13,46,2,07信義區,信義區忠孝東路5段與松信路口口,0,0,1,2,H01,8,7,5,50,4,1,1,5,4,5,13,2,1,5,4,5,2,2,2,34,2,8,4,5,8,16,8,20,10,16,,67,,1,21,,121.5718351,25.0409902
112,9,17,13,53,2,10文山區,文山區木柵路5段43巷電桿編號K7.5A84前,0,0,1,1,B03,8,6,5,30,11,9,1,5,4,5,13,4,4,10,4,5,2,11,2,61,3,10,7,1,7,9,1,8,1,8,,4,,1,21,,121.5899405,25.00719192
112,9,17,13,53,2,10文山區,文山區木柵路5段43巷電桿編號K7.5A84前,0,0,1,2,C03,8,6,5,30,11,9,1,5,4,5,13,4,4,10,4,5,2,11,1,31,2,8,5,1,7,9,1,10,1,14,,44,,1,21,,121.5899405,25.00719192
112,9,17,14,31,2,03中山區,中山區吉林路267號,0,0,1,2,H01,8,7,5,0,14,25,4,5,4,5,13,4,4,10,5,5,2,9,1,8,2,9,4,5,8,16,8,20,10,16,,67,,1,14,,121.5304034,25.0620888
112,9,17,14,31,2,03中山區,中山區吉林路267號,0,0,1,1,F01,8,7,5,0,14,25,4,5,4,5,13,4,4,10,5,5,2,9,1,42,3,10,4,1,7,9,8,20,1,11,,71,,1,22,,121.5304034,25.0620888
112,9,17,14,55,2,11南港區,南港區中南街123巷7號,0,0,1,1,B12,8,7,5,30,14,9,1,5,4,5,13,4,4,10,5,5,2,17,1,61,3,10,7,1,7,1,1,8,2,17,,19,,1,21,,121.6155858,25.0520514
112,9,17,14,55,2,11南港區,南港區中南街123巷7號,0,0,1,2,C03,8,7,5,30,14,9,1,5,4,5,13,4,4,10,5,5,2,17,1,42,2,8,5,1,7,9,1,10,2,12,,44,,1,21,,121.6155858,25.0520514
112,9,17,15,30,2,10文山區,文山區木柵路1段與辛亥路7段口口,0,0,2,1,B03,8,6,5,50,4,1,1,5,4,5,13,2,1,5,4,5,1,16,1,27,3,10,7,4,7,5,1,8,1,1,,8,,1,22,,121.5523298,24.98768992
112,9,17,15,30,2,10文山區,文山區木柵路1段與辛亥路7段口口,0,0,2,2,F01,8,6,5,50,4,1,1,5,4,5,13,2,1,5,4,5,1,16,1,13,2,8,4,1,7,9,8,20,1,14,,99,,1,15,,121.5523298,24.98768992
112,9,17,15,30,2,10文山區,文山區木柵路1段與辛亥路7段口口,0,0,2,3,C03,8,6,5,50,4,1,1,5,4,5,13,2,1,5,4,5,1,16,1,26,2,8,5,1,7,14,1,10,1,14,,44,,1,21,,121.5523298,24.98768992
112,9,17,15,35,2,09北投區,北投區登山路124-3號,0,0,1,2,C03,8,7,5,50,22,9,1,5,4,3,10,4,4,5,5,5,1,17,1,61,2,9,6,1,7,9,1,10,2,12,,44,,1,21,,121.518891,25.1502382
112,9,17,15,35,2,09北投區,北投區登山路124-3號,0,0,1,1,B03,8,7,5,50,22,9,1,5,4,3,10,4,4,5,5,5,1,17,1,41,3,10,7,1,7,9,1,8,2,17,,42,,1,21,,121.518891,25.1502382
112,9,17,15,40,2,02萬華區,萬華區漢口街2段(中華路1段88號前),0,0,1,1,A05,8,7,5,50,14,9,1,5,4,5,13,4,4,10,5,5,2,17,1,60,4,11,3,4,7,14,7,19,9,8,,40,,1,21,,121.5085382,25.0452371
112,9,17,15,40,2,02萬華區,萬華區漢口街2段(中華路1段88號前),0,0,1,2,C03,8,7,5,50,14,9,1,5,4,5,13,4,4,10,5,5,2,17,2,18,2,8,5,1,7,9,1,10,9,12,,44,,1,21,,121.5085382,25.0452371
112,9,17,16,0,2,12內湖區,內湖區民權東路6段23號,0,0,2,4,H02,8,6,5,50,14,7,1,5,4,5,13,4,4,1,4,4,2,17,2,20,2,9,6,5,7,21,8,20,10,16,,67,,1,21,,121.5827372,25.06842334
112,9,17,16,0,2,12內湖區,內湖區民權東路6段23號,0,0,2,3,B03,8,6,5,50,14,7,1,5,4,5,13,4,4,1,4,4,2,17,1,41,3,10,7,1,7,9,1,8,2,4,,44,,1,21,,121.5827372,25.06842334
112,9,17,16,0,2,12內湖區,內湖區民權東路6段23號,0,0,2,2,B01,8,6,5,50,14,7,1,5,4,5,13,4,4,1,4,4,2,17,1,37,3,10,7,1,7,9,1,4,2,6,,44,,1,21,,121.5827372,25.06842334
112,9,17,16,0,2,12內湖區,內湖區民權東路6段23號,0,0,2,1,C03,8,6,5,50,14,7,1,5,4,5,13,4,4,1,4,4,2,17,2,39,2,9,6,1,7,7,1,10,2,14,,100,,1,21,,121.5827372,25.06842334
112,9,17,16,3,2,09北投區,北投區天母西路與天母西路130巷口,0,0,1,1,B03,9,7,5,50,4,2,1,5,4,5,13,1,1,5,4,5,1,16,1,63,3,10,7,1,7,6,1,8,2,5,,9,,1,21,,121.5223635,25.1191557
112,9,17,16,3,2,09北投區,北投區天母西路與天母西路130巷口,0,0,1,2,C03,9,7,5,50,4,2,1,5,4,5,13,1,1,5,4,5,1,16,1,68,2,9,5,1,7,9,1,10,2,14,,44,,1,21,,121.5223635,25.1191557
112,9,17,16,18,2,07信義區,信義區忠孝東路4段345號,0,0,2,2,,8,6,5,0,14,23,4,5,5,5,13,4,4,1,4,5,2,18,3,0,,,,,,,,,10,,,128,,1,,,121.5593628,25.04143048
112,9,17,16,18,2,07信義區,信義區忠孝東路4段345號,0,0,2,3,H02,8,6,5,0,14,23,4,5,5,5,13,4,4,1,4,5,2,18,2,28,2,8,4,5,7,20,8,20,10,16,,67,,1,21,,121.5593628,25.04143048
112,9,17,16,18,2,07信義區,信義區忠孝東路4段345號,0,0,2,1,G06,8,6,5,0,14,23,4,5,5,5,13,4,4,1,4,5,2,18,1,43,2,7,2,1,7,9,8,20,9,11,,44,,1,21,,121.5593628,25.04143048
112,9,17,16,28,2,07信義區,信義區松德路25巷與松山路540巷口,0,0,1,2,C03,8,7,5,30,4,1,1,5,4,5,13,4,4,10,5,5,2,15,1,41,2,9,6,1,7,9,1,10,1,14,,107,,1,22,,121.5776371,25.0376444
112,9,17,16,28,2,07信義區,信義區松德路25巷與松山路540巷口,0,0,1,1,B03,8,7,5,30,4,1,1,5,4,5,13,4,4,10,5,5,2,15,1,38,3,10,7,1,7,9,1,8,1,1,,72,,1,22,,121.5776371,25.0376444
112,9,17,16,56,2,08士林區,士林區通河西街1段河西幹10電桿,0,0,1,1,B03,8,5,5,0,14,9,1,5,4,5,13,4,4,9,5,5,1,10,2,30,3,10,7,1,7,9,1,8,2,8,,42,,1,21,,121.5142109,25.08054151
112,9,17,16,56,2,08士林區,士林區通河西街1段河西幹10電桿,0,0,1,2,C03,8,5,5,0,14,9,1,5,4,5,13,4,4,9,5,5,1,10,1,59,2,9,5,1,7,9,1,10,9,11,,107,,1,21,,121.5142109,25.08054151
112,9,17,16,56,2,08士林區,士林區通河西街1段河西幹10電桿,0,0,1,3,B03,8,5,5,0,14,9,1,5,4,5,13,4,4,9,5,5,1,10,1,62,3,10,3,1,7,13,1,8,9,17,,38,,1,21,,121.5142109,25.08054151
112,9,17,17,16,2,04大安區,大安區和平東路1段與師大路口,0,0,1,2,C03,8,6,5,50,3,1,1,5,4,5,13,1,1,1,4,5,2,17,1,19,2,9,6,1,7,1,1,10,1,11,,85,,1,21,,121.5284484,25.0265407
112,9,17,17,16,2,04大安區,大安區和平東路1段與師大路口,0,0,1,1,B03,8,6,5,50,3,1,1,5,4,5,13,1,1,1,4,5,2,17,2,82,3,10,7,1,7,6,1,8,1,5,,85,,1,21,,121.5284484,25.0265407
112,9,17,17,20,2,03中山區,中山區美堤河濱公園,0,0,1,2,F01,8,7,8,30,22,22,1,5,4,5,13,4,4,9,4,5,2,17,1,17,2,9,4,1,7,9,8,20,1,17,,118,,1,22,,121.565722,25.07512586
112,9,17,17,20,2,03中山區,中山區美堤河濱公園,0,0,1,1,F01,8,7,8,30,22,22,1,5,4,5,13,4,4,9,4,5,2,17,1,49,3,10,4,1,7,9,8,20,1,17,,118,,1,22,,121.565722,25.07512586
112,9,17,17,35,2,02萬華區,萬華區環河南路1段與康定路口,0,0,1,1,C03,8,6,5,50,3,1,1,5,4,5,13,1,1,8,3,5,1,17,2,65,3,10,5,1,7,9,1,10,1,12,,4,,1,21,,121.5033579,25.046292
112,9,17,17,35,2,02萬華區,萬華區環河南路1段與康定路口,0,0,1,2,C03,8,6,5,50,3,1,1,5,4,5,13,1,1,8,3,5,1,17,2,25,2,7,5,1,7,6,1,10,1,14,,99,,1,21,,121.5033579,25.046292
112,9,17,18,0,2,10文山區,文山區忠順街1段26巷12弄與忠順街1段10巷口,0,0,1,1,C03,8,5,5,30,3,1,1,5,4,5,13,4,4,10,5,5,2,16,1,48,3,10,6,1,7,11,1,10,11,11,,118,,1,22,,121.5585849,24.9833073
112,9,17,18,0,2,10文山區,文山區忠順街1段26巷12弄與忠順街1段10巷口,0,0,1,2,C03,8,5,5,30,3,1,1,5,4,5,13,4,4,10,5,5,2,16,2,23,2,8,6,1,7,6,1,10,11,11,,118,,1,25,,121.5585849,24.9833073
112,9,17,18,5,2,01大同區,大同區民權西路與蘭州街口,0,0,1,1,B03,8,5,5,50,4,1,1,5,4,5,13,2,1,1,2,1,2,17,1,54,3,10,7,1,7,1,1,8,1,17,,19,,1,21,,121.5145857,25.06291916
112,9,17,18,5,2,01大同區,大同區民權西路與蘭州街口,0,0,1,2,C03,8,5,5,50,4,1,1,5,4,5,13,2,1,1,2,1,2,17,1,26,2,7,5,1,7,9,1,9,1,14,,44,,1,21,,121.5145857,25.06291916
112,9,17,18,34,2,03中山區,中山區建國北路2段與興安街口,0,0,3,1,B03,7,5,5,50,3,1,1,5,4,5,13,1,1,1,4,5,2,15,1,55,3,10,7,1,7,9,1,8,2,1,,81,,1,21,,121.5371503,25.05622072
112,9,17,18,34,2,03中山區,中山區建國北路2段與興安街口,0,0,3,2,B01,7,5,5,50,3,1,1,5,4,5,13,1,1,1,4,5,2,15,2,54,3,10,7,1,7,9,1,4,2,5,,44,,1,21,,121.5371503,25.05622072
112,9,17,18,34,2,03中山區,中山區建國北路2段與興安街口,0,0,3,3,H02,7,5,5,50,3,1,1,5,4,5,13,1,1,1,4,5,2,15,1,48,2,9,7,5,7,20,8,20,10,16,,67,,1,21,,121.5371503,25.05622072
112,9,17,18,34,2,03中山區,中山區建國北路2段與興安街口,0,0,3,4,H02,7,5,5,50,3,1,1,5,4,5,13,1,1,1,4,5,2,15,2,48,2,9,7,5,7,20,8,20,10,16,,67,,1,21,,121.5371503,25.05622072
112,9,17,18,34,2,03中山區,中山區建國北路2段與興安街口,0,0,3,5,H02,7,5,5,50,3,1,1,5,4,5,13,1,1,1,4,5,2,15,1,8,2,9,7,5,7,20,8,20,10,16,,67,,1,21,,121.5371503,25.05622072
112,9,17,19,58,2,06松山區,松山區敦化北路與民生東路3段口,0,0,1,2,C03,8,5,5,50,5,1,1,5,4,5,13,2,1,3,4,4,2,16,1,30,2,8,5,4,7,9,1,10,11,17,,44,,1,22,,121.5488133,25.05779583
112,9,17,19,58,2,06松山區,松山區敦化北路與民生東路3段口,0,0,1,1,B01,8,5,5,50,5,1,1,5,4,5,13,2,1,3,4,4,2,16,1,51,4,11,3,4,7,5,1,4,9,15,,101,,2,22,,121.5488133,25.05779583
112,9,17,20,8,2,04大安區,大安區基隆路2段246號,0,0,1,1,B12,8,5,5,50,14,9,1,5,4,5,13,4,4,9,5,5,2,17,1,31,3,10,3,4,7,7,1,8,1,15,,100,,1,22,,121.5506458,25.0227957
112,9,17,20,8,2,04大安區,大安區基隆路2段246號,0,0,1,2,C01,8,5,5,50,14,9,1,5,4,5,13,4,4,9,5,5,2,17,1,32,2,9,3,4,7,9,1,9,1,14,,44,,1,22,,121.5506458,25.0227957
112,9,17,20,45,2,04大安區,大安區和平東路1段與泰順街口,0,0,1,2,H01,7,6,5,30,3,1,1,5,4,5,13,2,1,4,3,4,2,3,1,32,2,9,4,5,8,16,8,20,10,16,,67,,1,21,,121.5315385,25.026427
112,9,17,20,45,2,04大安區,大安區和平東路1段與泰順街口,0,0,1,1,B01,7,6,5,30,3,1,1,5,4,5,13,2,1,4,3,4,2,3,1,66,3,10,7,1,7,6,1,4,2,1,,70,,1,21,,121.5315385,25.026427
112,9,17,20,47,2,04大安區,大安區大安路1段與東豐街口,0,0,1,1,B12,8,5,5,50,4,18,1,5,4,5,13,1,1,10,5,5,2,3,1,66,3,10,7,1,7,6,1,8,1,1,,70,,1,21,,121.5461041,25.0360317
112,9,17,20,47,2,04大安區,大安區大安路1段與東豐街口,0,0,1,2,H01,8,5,5,50,4,18,1,5,4,5,13,1,1,10,5,5,2,3,1,36,2,9,4,5,8,16,8,20,10,16,,67,,1,21,,121.5461041,25.0360317
112,9,17,20,50,2,01大同區,大同區民權西路184巷與民權西路160巷26弄口口,0,0,1,2,B03,8,5,5,30,4,1,1,5,4,5,13,4,4,9,4,5,2,15,1,36,3,10,7,1,7,9,1,8,1,1,,13,,1,21,,121.5145613,25.0616519
112,9,17,20,50,2,01大同區,大同區民權西路184巷與民權西路160巷26弄口口,0,0,1,1,C03,8,5,5,30,4,1,1,5,4,5,13,4,4,9,4,5,2,15,1,33,2,8,6,1,7,9,1,10,1,11,,72,,1,21,,121.5145613,25.0616519
112,9,17,21,4,2,02萬華區,萬華區華中橋往台北市機車道,0,0,1,1,C03,8,6,5,30,8,11,1,5,4,5,13,4,4,1,4,1,2,18,1,76,2,9,5,1,7,9,1,10,8,12,,21,,1,21,,121.4954566,25.0138094
112,9,17,21,4,2,02萬華區,萬華區華中橋往台北市機車道,0,0,1,2,,8,6,5,30,8,11,1,5,4,5,13,4,4,1,4,1,2,18,3,0,,,,,,,,,,,,67,,1,,,121.4954566,25.0138094
112,9,17,21,46,2,07信義區,信義區忠孝東路4段與光復南路附近口,0,0,3,1,C03,8,5,5,50,14,9,1,5,4,5,13,4,4,8,5,5,2,13,1,23,2,7,5,1,7,9,1,10,1,11,14,44,,1,21,,121.5584333,25.0414795
112,9,17,21,46,2,07信義區,信義區忠孝東路4段與光復南路附近口,0,0,3,3,H02,8,5,5,50,14,9,1,5,4,5,13,4,4,8,5,5,2,13,2,26,2,8,5,5,7,17,8,20,10,16,,67,,1,21,,121.5584333,25.0414795
112,9,17,21,46,2,07信義區,信義區忠孝東路4段與光復南路附近口,0,0,3,2,C03,8,5,5,50,14,9,1,5,4,5,13,4,4,8,5,5,2,13,1,24,2,9,5,1,7,7,1,10,1,13,14,100,,1,21,,121.5584333,25.0414795
112,9,17,22,6,2,03中山區,中山區長安東路1段55號,0,0,1,2,C03,8,5,5,50,14,9,1,5,4,5,13,1,1,5,4,5,2,17,1,63,2,8,3,4,7,9,1,10,1,17,,42,,1,21,,121.5264525,25.04877353
112,9,17,22,6,2,03中山區,中山區長安東路1段55號,0,0,1,1,B01,8,5,5,50,14,9,1,5,4,5,13,1,1,5,4,5,2,17,1,48,3,10,3,4,7,12,1,4,9,17,,44,,1,21,,121.5264525,25.04877353
112,9,17,23,45,2,08士林區,士林區芝玉路2段與士東路200巷49弄口口,0,0,2,2,C03,8,5,5,30,4,1,1,5,4,5,13,4,4,10,5,5,1,15,1,32,2,9,6,1,7,9,1,10,1,11,,107,,1,22,,121.5346245,25.1110356
112,9,17,23,45,2,08士林區,士林區芝玉路2段與士東路200巷49弄口口,0,0,2,1,C04,8,5,5,30,4,1,1,5,4,5,13,4,4,10,5,5,1,15,1,47,2,9,6,1,7,9,1,8,1,12,,75,,1,22,,121.5346245,25.1110356
112,9,18,0,3,2,05中正區,中正區汀州路3段與師大路口,0,0,1,1,B03,8,5,5,50,4,1,1,5,4,5,13,1,1,1,4,5,2,17,1,43,3,10,7,1,7,9,1,8,1,2,,119,,1,21,,121.5254344,25.0210144
112,9,18,0,3,2,05中正區,中正區汀州路3段與師大路口,0,0,1,3,H02,8,5,5,50,4,1,1,5,4,5,13,1,1,1,4,5,2,17,1,65,2,9,6,5,7,21,8,20,10,16,,67,,1,21,,121.5254344,25.0210144
112,9,18,0,3,2,05中正區,中正區汀州路3段與師大路口,0,0,1,2,C03,8,5,5,50,4,1,1,5,4,5,13,1,1,1,4,5,2,17,4,0,,,,,,,,,11,,,119,,2,,,121.5254344,25.0210144
112,9,18,0,29,2,11南港區,南港區昆陽街與昆陽街152巷口,0,0,1,2,C03,8,5,5,50,3,2,1,5,4,5,13,4,4,5,4,5,2,16,1,19,2,8,6,1,7,9,1,10,1,11,,14,,1,21,,121.5941823,25.0489999
112,9,18,0,29,2,11南港區,南港區昆陽街與昆陽街152巷口,0,0,1,1,B01,8,5,5,50,3,2,1,5,4,5,13,4,4,5,4,5,2,16,1,68,3,10,7,1,7,11,1,4,1,6,,10,,1,21,,121.5941823,25.0489999
112,9,18,1,27,2,04大安區,大安區市民大道4段78號,0,0,2,1,C03,7,5,5,40,14,9,1,5,4,5,13,4,4,10,4,5,2,13,1,23,2,9,5,1,7,7,1,10,2,11,,102,,1,22,,121.5478731,25.0448248
112,9,18,1,27,2,04大安區,大安區市民大道4段78號,0,0,2,2,B03,7,5,5,40,14,9,1,5,4,5,13,4,4,10,4,5,2,13,1,22,2,2,2,1,7,13,1,8,2,7,,44,,1,22,,121.5478731,25.0448248
112,9,18,7,5,2,11南港區,南港區向陽路162巷與重陽路57巷口,0,0,1,1,B03,8,6,5,50,4,1,1,5,4,5,13,4,4,5,5,5,2,15,2,48,3,10,7,4,7,9,1,8,1,5,,75,,1,22,,121.5962687,25.0563505
112,9,18,7,5,2,11南港區,南港區向陽路162巷與重陽路57巷口,0,0,1,2,C03,8,6,5,50,4,1,1,5,4,5,13,4,4,5,5,5,2,15,1,61,2,1,5,4,7,9,1,10,1,11,,80,,1,22,,121.5962687,25.0563505
112,9,18,7,21,2,08士林區,士林區中正路與志成街口,0,0,1,1,B03,8,5,5,50,3,1,1,5,4,5,13,2,1,1,4,5,2,3,4,0,,,,,,,,,11,,,119,,2,,,121.5303245,25.0961722
112,9,18,7,21,2,08士林區,士林區中正路與志成街口,0,0,1,2,H01,8,5,5,50,3,1,1,5,4,5,13,2,1,1,4,5,2,3,1,11,2,9,4,5,8,16,8,20,10,16,,67,,1,14,,121.5303245,25.0961722
112,9,18,7,23,2,09北投區,北投區大度路3段與聖景路口,0,0,1,1,B03,8,7,5,50,3,1,1,5,4,5,13,2,1,1,4,4,1,17,1,41,3,10,7,1,7,6,1,8,1,5,,9,,1,21,,121.4642521,25.12376332