發生年度,發生月,發生日,發生時-Hours,發生分,處理別-編號,區序,肇事地點,死亡人數,2-30日死亡人數,受傷人數,當事人序號,車種,天候,光線,道路類別,速限-速度限制,道路型態,事故位置,路面狀況1,路面狀況2,路面狀況3,道路障礙1,道路障礙2,號誌1,號誌2,車道劃分-分向,車道劃分-分道1,車道劃分-分道2,車道劃分-分道3,事故類型及型態,性別,年齡,受傷程度,主要傷處,保護裝置,行動電話,車輛用途,當事者行動狀態,駕駛資格情形,駕駛執照種類,飲酒情形,車輛撞擊部位1,車輛撞擊部位2,肇因碼-個別,肇因碼-主要,個人肇逃否,職業,旅次目的,座標-X,座標-Y
112,9,18,7,23,2,09北投區,北投區大度路3段與聖景路口,0,0,1,2,C03,8,7,5,50,3,1,1,5,4,5,13,2,1,1,4,4,1,17,2,67,2,9,5,1,7,9,1,10,1,11,,44,,1,21,,121.4642521,25.12376332
112,9,18,7,39,2,05中正區,中正區中華路2段311巷與中華路2段315巷5弄口,0,0,1,1,C03,8,6,5,30,4,2,1,5,4,5,13,4,4,9,4,5,2,17,4,0,,,,,,,,,11,,,119,,2,,,121.5059462,25.02917003
112,9,18,7,39,2,05中正區,中正區中華路2段311巷與中華路2段315巷5弄口,0,0,1,3,H02,8,6,5,30,4,2,1,5,4,5,13,4,4,9,4,5,2,17,1,16,4,11,5,5,7,20,8,20,10,16,,67,,1,21,,121.5059462,25.02917003
112,9,18,7,39,2,05中正區,中正區中華路2段311巷與中華路2段315巷5弄口,0,0,1,2,C03,8,6,5,30,4,2,1,5,4,5,13,4,4,9,4,5,2,17,2,46,2,9,5,1,7,9,1,10,11,11,,119,,1,21,,121.5059462,25.02917003
112,9,18,8,0,2,03中山區,中山區民權東路1段26號,0,0,2,1,C03,8,7,5,50,14,9,1,5,4,5,13,4,4,7,2,5,2,17,1,31,2,9,5,1,7,2,1,10,1,15,,12,,1,21,,121.5237124,25.06264376
112,9,18,8,0,2,03中山區,中山區民權東路1段26號,0,0,2,2,C03,8,7,5,50,14,9,1,5,4,5,13,4,4,7,2,5,2,17,1,23,2,9,5,1,7,9,1,10,1,11,,44,,1,22,,121.5237124,25.06264376
112,9,18,8,4,2,04大安區,大安區和平東路3段與和平東路3段228巷口,0,0,1,1,B03,8,6,5,50,14,9,1,5,4,5,13,2,1,9,5,5,1,12,1,72,3,10,3,4,7,7,1,8,11,5,,100,,1,22,,121.5545896,25.0222308
112,9,18,8,4,2,04大安區,大安區和平東路3段與和平東路3段228巷口,0,0,1,2,C04,8,6,5,50,14,9,1,5,4,5,13,2,1,9,5,5,1,12,2,45,2,9,3,4,7,9,1,11,11,14,,44,,1,22,,121.5545896,25.0222308
112,9,18,8,4,2,07信義區,信義區市民大道5段京華廣場對面,0,0,1,2,C03,8,6,5,40,14,9,1,5,4,5,13,4,4,3,4,5,2,12,2,51,2,8,6,1,7,9,1,10,1,14,,44,,1,21,,121.5634177,25.0473434
112,9,18,8,4,2,07信義區,信義區市民大道5段京華廣場對面,0,0,1,1,B03,8,6,5,40,14,9,1,5,4,5,13,4,4,3,4,5,2,12,1,52,3,10,7,1,7,7,1,4,1,6,,100,,1,21,,121.5634177,25.0473434
112,9,18,8,12,2,07信義區,信義區永吉路與松山路口,0,0,2,2,C03,8,6,5,50,4,4,1,5,4,5,13,2,1,3,4,5,2,16,1,27,2,9,6,1,7,9,1,10,1,11,,13,,1,21,,121.5778415,25.0450548
112,9,18,8,12,2,07信義區,信義區永吉路與松山路口,0,0,2,1,C03,8,6,5,50,4,4,1,5,4,5,13,2,1,3,4,5,2,16,2,65,2,8,6,1,7,7,1,10,1,14,,100,,1,21,,121.5778415,25.0450548
112,9,18,8,18,2,09北投區,北投區文林北路40號與無名路口對面,0,0,1,1,B03,8,5,5,50,3,1,1,5,4,5,13,4,4,5,5,5,1,17,1,43,3,10,7,1,7,6,1,8,1,1,,9,,2,21,,121.5182996,25.10463882
112,9,18,8,18,2,09北投區,北投區文林北路40號與無名路口對面,0,0,1,2,F01,8,5,5,50,3,1,1,5,4,5,13,4,4,5,5,5,1,17,1,16,2,9,4,1,7,9,8,20,1,14,,44,,1,21,,121.5182996,25.10463882
112,9,18,8,34,2,09北投區,北投區石仙路與新興路口,0,0,2,3,H02,8,7,5,30,3,1,1,5,4,5,13,1,1,10,5,5,1,15,2,35,2,9,3,5,7,20,8,20,10,16,,67,,1,21,,121.4895621,25.14109519
112,9,18,8,34,2,09北投區,北投區石仙路與新興路口,0,0,2,2,C03,8,7,5,30,3,1,1,5,4,5,13,1,1,10,5,5,1,15,1,35,2,9,3,1,7,9,1,10,1,12,,44,,1,21,,121.4895621,25.14109519
112,9,18,8,34,2,09北投區,北投區石仙路與新興路口,0,0,2,1,B03,8,7,5,30,3,1,1,5,4,5,13,1,1,10,5,5,1,15,2,54,3,10,7,1,7,9,1,8,1,1,,118,,1,21,,121.4895621,25.14109519
112,9,18,8,35,2,08士林區,士林區中山北路5段與中正路口,0,0,1,2,C03,8,6,5,50,14,9,1,5,4,5,13,1,1,1,4,5,1,13,1,18,3,10,3,4,7,9,1,10,1,13,,44,,1,22,,121.5280511,25.0956643
112,9,18,8,35,2,08士林區,士林區中山北路5段與中正路口,0,0,1,3,C03,8,6,5,50,14,9,1,5,4,5,13,1,1,1,4,5,1,13,1,18,3,10,3,4,7,9,1,10,1,11,,108,,1,22,,121.5280511,25.0956643
112,9,18,8,35,2,08士林區,士林區中山北路5段與中正路口,0,0,1,4,C03,8,6,5,50,14,9,1,5,4,5,13,1,1,1,4,5,1,13,1,43,3,10,3,4,7,9,1,10,1,13,,44,,1,22,,121.5280511,25.0956643
112,9,18,8,35,2,08士林區,士林區中山北路5段與中正路口,0,0,1,1,C03,8,6,5,50,14,9,1,5,4,5,13,1,1,1,4,5,1,13,1,39,2,7,3,4,7,9,1,10,1,11,,108,,1,22,,121.5280511,25.0956643
112,9,18,8,36,2,03中山區,中山區明水路397巷與明水路397巷7弄口,0,0,1,2,B12,8,6,5,30,4,1,1,5,4,5,13,4,4,5,5,5,2,15,1,59,3,10,3,4,7,9,1,8,2,4,,44,,1,21,,121.5476909,25.0780747
112,9,18,8,36,2,03中山區,中山區明水路397巷與明水路397巷7弄口,0,0,1,1,C03,8,6,5,30,4,1,1,5,4,5,13,4,4,5,5,5,2,15,2,40,2,9,3,4,7,9,1,10,2,11,,72,,1,21,,121.5476909,25.0780747
112,9,18,8,45,2,05中正區,中正區愛國西路與南昌路1段口,0,0,1,1,C03,8,7,5,50,4,4,1,5,4,5,13,1,1,1,4,1,2,12,1,25,2,8,6,1,7,9,1,10,1,14,,118,,1,22,,121.5144148,25.0348449
112,9,18,8,45,2,05中正區,中正區愛國西路與南昌路1段口,0,0,1,2,B03,8,7,5,50,4,4,1,5,4,5,13,1,1,1,4,1,2,12,2,52,3,10,7,1,7,9,1,8,1,2,,118,,1,22,,121.5144148,25.0348449
112,9,18,8,45,2,12內湖區,內湖區堤頂大道1段9號,0,0,1,1,B01,8,6,5,50,14,9,1,5,4,5,13,4,4,10,4,5,2,17,1,66,3,10,7,1,7,14,1,4,1,2,,38,,1,21,,121.5738578,25.05690346
112,9,18,8,45,2,12內湖區,內湖區堤頂大道1段9號,0,0,1,2,C03,8,6,5,50,14,9,1,5,4,5,13,4,4,10,4,5,2,17,1,25,2,7,5,1,7,9,1,10,1,11,,44,,1,21,,121.5738578,25.05690346
112,9,18,8,45,2,12內湖區,內湖區堤頂大道1段9號,0,0,1,3,H02,8,6,5,50,14,9,1,5,4,5,13,4,4,10,4,5,2,17,1,51,3,10,4,5,7,19,8,20,10,16,,126,,1,21,,121.5738578,25.05690346
112,9,18,8,46,2,03中山區,中山區民權東路1段往東(中山國小捷運站4號出口對面),0,0,2,2,C03,8,5,5,50,14,9,1,5,4,5,13,4,4,1,2,5,2,12,1,41,2,9,6,1,7,9,1,10,1,11,,108,,1,21,,121.526501,25.0625768
112,9,18,8,46,2,03中山區,中山區民權東路1段往東(中山國小捷運站4號出口對面),0,0,2,1,C03,8,5,5,50,14,9,1,5,4,5,13,4,4,1,2,5,2,12,1,32,2,9,6,1,7,7,1,10,1,13,,100,,1,21,,121.526501,25.0625768
112,9,18,8,55,2,11南港區,南港區研究院路3段50號,0,0,1,1,C03,8,7,5,50,14,9,1,5,4,5,13,2,1,5,4,5,2,13,1,18,2,8,5,1,7,9,1,10,2,11,,16,,1,21,,121.6146741,25.0346561
112,9,18,8,55,2,11南港區,南港區研究院路3段50號,0,0,1,2,B03,8,7,5,50,14,9,1,5,4,5,13,2,1,5,4,5,2,13,1,49,3,10,7,1,7,9,1,8,2,6,,44,,1,21,,121.6146741,25.0346561
112,9,18,8,56,2,07信義區,信義區市民大道5段46號,0,0,1,3,H02,8,6,5,40,14,9,1,5,4,5,13,4,4,1,4,5,2,12,2,32,2,8,6,5,7,20,8,20,10,16,,67,,1,21,,121.560083,25.0459649
112,9,18,8,56,2,07信義區,信義區市民大道5段46號,0,0,1,2,C03,8,6,5,40,14,9,1,5,4,5,13,4,4,1,4,5,2,12,1,32,3,10,6,1,7,9,1,10,1,14,,13,,1,21,,121.560083,25.0459649
112,9,18,8,56,2,07信義區,信義區市民大道5段46號,0,0,1,1,B03,8,6,5,40,14,9,1,5,4,5,13,4,4,1,4,5,2,12,2,59,3,10,3,4,7,10,1,8,11,1,,100,,2,21,,121.560083,25.0459649
112,9,18,9,10,2,01大同區,大同區迪化街2段與重慶北路3段236巷口,0,0,1,2,B01,8,6,5,30,4,1,1,5,4,5,13,4,4,10,5,5,2,15,1,57,3,10,7,1,7,9,1,4,2,2,,108,,1,21,,121.5116534,25.07058817
112,9,18,9,10,2,01大同區,大同區迪化街2段與重慶北路3段236巷口,0,0,1,1,C03,8,6,5,30,4,1,1,5,4,5,13,4,4,10,5,5,2,15,2,50,2,9,6,1,7,9,1,10,2,11,,72,,1,21,,121.5116534,25.07058817
112,9,18,9,43,2,04大安區,大安區忠孝東路4段170巷與敦化南路口側附近1段233巷口,0,0,1,1,B03,8,5,5,30,4,1,1,5,4,5,13,4,4,10,5,5,2,17,1,23,3,10,7,1,7,9,3,18,11,1,,72,,1,21,,121.5507644,25.0403909
112,9,18,9,43,2,04大安區,大安區忠孝東路4段170巷與敦化南路口側附近1段233巷口,0,0,1,3,B02,8,5,5,30,4,1,1,5,4,5,13,4,4,10,5,5,2,17,1,53,3,10,2,1,7,13,1,3,11,17,,38,,1,21,,121.5507644,25.0403909
112,9,18,9,43,2,04大安區,大安區忠孝東路4段170巷與敦化南路口側附近1段233巷口,0,0,1,2,C03,8,5,5,30,4,1,1,5,4,5,13,4,4,10,5,5,2,17,2,44,2,9,5,1,7,9,1,10,11,14,,44,,1,21,,121.5507644,25.0403909
112,9,18,9,59,2,04大安區,大安區臥龍街151巷與樂業街口,0,0,3,2,C03,8,7,5,50,4,1,1,5,4,5,13,1,1,5,1,5,2,16,1,18,2,9,6,1,7,9,1,10,1,11,,44,,1,21,,121.5516738,25.0194469
112,9,18,9,59,2,04大安區,大安區臥龍街151巷與樂業街口,0,0,3,3,B12,8,7,5,50,4,1,1,5,4,5,13,1,1,5,1,5,2,16,1,61,2,8,3,1,7,13,1,8,1,3,,38,,1,21,,121.5516738,25.0194469
112,9,18,9,59,2,04大安區,大安區臥龍街151巷與樂業街口,0,0,3,1,C03,8,7,5,50,4,1,1,5,4,5,13,1,1,5,1,5,2,16,1,41,2,9,6,1,7,11,1,9,1,12,,10,,1,21,,121.5516738,25.0194469
112,9,18,10,21,2,08士林區,士林區中正路115號,0,0,3,1,A05,8,7,5,50,14,9,1,5,4,5,13,4,4,1,4,5,2,17,1,60,4,11,7,1,7,1,7,19,11,15,,19,,2,22,,121.5296231,25.096053
112,9,18,10,21,2,08士林區,士林區中正路115號,0,0,3,5,H02,8,7,5,50,14,9,1,5,4,5,13,4,4,1,4,5,2,17,1,22,2,9,3,5,7,21,8,20,10,16,,67,,1,22,,121.5296231,25.096053
112,9,18,10,21,2,08士林區,士林區中正路115號,0,0,3,4,C03,8,7,5,50,14,9,1,5,4,5,13,4,4,1,4,5,2,17,2,19,2,9,3,4,7,9,1,10,2,11,,44,,1,22,,121.5296231,25.096053
112,9,18,10,21,2,08士林區,士林區中正路115號,0,0,3,2,C03,8,7,5,50,14,9,1,5,4,5,13,4,4,1,4,5,2,17,1,21,2,9,3,4,7,8,1,10,2,14,,102,,1,22,,121.5296231,25.096053
112,9,18,10,21,2,08士林區,士林區中正路115號,0,0,3,3,C03,8,7,5,50,14,9,1,5,4,5,13,4,4,1,4,5,2,17,1,52,3,10,3,4,7,9,1,10,2,17,,44,,1,22,,121.5296231,25.096053
112,9,18,10,38,2,06松山區,松山區南京東路5段88號,0,0,1,2,B02,8,6,5,50,14,7,1,5,4,5,13,4,4,9,4,4,1,13,1,41,3,10,7,1,7,9,1,8,1,3,,44,,1,22,,121.5614409,25.05138647
112,9,18,10,38,2,06松山區,松山區南京東路5段88號,0,0,1,1,C03,8,6,5,50,14,7,1,5,4,5,13,4,4,9,4,4,1,13,1,44,2,9,6,1,7,9,1,10,1,15,,118,,1,22,,121.5614409,25.05138647
112,9,18,10,53,2,05中正區,中正區中華路2段與莒光路口,0,0,1,1,A11,8,7,5,50,4,1,1,5,4,5,13,1,1,9,4,5,2,16,1,57,3,10,3,4,7,6,1,3,1,2,,9,,1,21,,121.5041899,25.0312027
112,9,18,10,53,2,05中正區,中正區中華路2段與莒光路口,0,0,1,2,F01,8,7,5,50,4,1,1,5,4,5,13,1,1,9,4,5,2,16,1,80,2,9,4,4,7,9,8,20,1,14,,44,,1,22,,121.5041899,25.0312027
112,9,18,11,0,2,01大同區,大同區延平北路2段與台北橋口,0,0,2,2,C03,8,6,5,40,4,1,1,5,4,5,13,2,1,1,2,5,2,13,2,26,2,8,5,1,7,9,1,10,1,13,,14,,1,21,,121.5111452,25.0628135
112,9,18,11,0,2,01大同區,大同區延平北路2段與台北橋口,0,0,2,1,C03,8,6,5,40,4,1,1,5,4,5,13,2,1,1,2,5,2,13,2,53,2,8,5,1,7,9,1,10,1,11,,108,,1,21,,121.5111452,25.0628135
112,9,18,11,15,2,09北投區,北投區磺溪便道與榮華三路口天母橋,0,0,1,1,B03,8,7,5,30,3,1,1,5,4,5,12,4,4,5,4,5,1,17,1,57,3,10,7,1,7,6,1,8,1,4,,72,,1,21,,121.5252204,25.11372815
112,9,18,11,15,2,09北投區,北投區磺溪便道與榮華三路口天母橋,0,0,1,2,C04,8,7,5,30,3,1,1,5,4,5,12,4,4,5,4,5,1,17,2,73,2,8,5,1,7,9,1,8,1,11,,44,,1,21,,121.5252204,25.11372815
112,9,18,11,20,2,10文山區,文山區木柵路4段157-1號前,0,0,1,2,C03,8,7,5,50,3,2,1,5,4,5,13,4,4,5,4,5,2,17,2,25,2,9,5,1,7,9,1,10,9,17,,44,,1,21,,121.5754642,24.99949082
112,9,18,11,20,2,10文山區,文山區木柵路4段157-1號前,0,0,1,1,B03,8,7,5,50,3,2,1,5,4,5,13,4,4,5,4,5,2,17,1,79,3,10,7,1,7,7,1,8,9,17,,100,,1,21,,121.5754642,24.99949082
112,9,18,11,25,2,09北投區,北投區泉源路17號,0,0,1,1,B01,8,5,5,50,14,9,1,5,4,5,13,4,4,4,3,5,2,11,1,64,3,10,7,1,7,11,1,4,2,1,,10,,1,21,,121.5043904,25.13781411
112,9,18,11,25,2,09北投區,北投區泉源路17號,0,0,1,2,C03,8,5,5,50,14,9,1,5,4,5,13,4,4,4,3,5,2,11,1,41,2,9,5,1,7,9,1,10,2,11,,44,,1,21,,121.5043904,25.13781411
112,9,18,11,35,2,03中山區,中山區中山北路2段37號,0,0,2,2,C03,8,7,5,50,14,9,1,5,4,5,13,4,4,1,4,5,2,17,1,44,2,8,6,4,7,7,1,10,1,13,,100,,1,22,,121.5227238,25.0534059
112,9,18,11,35,2,03中山區,中山區中山北路2段37號,0,0,2,1,C03,8,7,5,50,14,9,1,5,4,5,13,4,4,1,4,5,2,17,2,32,2,9,6,4,7,2,1,10,1,11,,108,,1,22,,121.5227238,25.0534059
112,9,18,11,35,2,03中山區,中山區中山北路2段37號,0,0,2,3,C03,8,7,5,50,14,9,1,5,4,5,13,4,4,1,4,5,2,17,1,27,3,10,6,4,7,9,1,10,1,13,,44,,1,22,,121.5227238,25.0534059
112,9,18,11,46,2,04大安區,大安區和平東路2段289號,0,0,1,1,C03,8,6,5,50,14,9,1,5,4,1,10,4,4,1,3,5,2,12,2,59,2,9,6,1,7,9,1,10,1,14,,44,,1,21,,121.5442657,25.0248278
112,9,18,11,46,2,04大安區,大安區和平東路2段289號,0,0,1,2,B12,8,6,5,50,14,9,1,5,4,1,10,4,4,1,3,5,2,12,1,51,3,10,7,1,7,9,1,8,1,2,,17,,1,21,,121.5442657,25.0248278
112,9,18,11,51,2,10文山區,文山區木新路2段19號,0,0,1,1,C03,8,6,5,50,14,9,1,5,4,5,13,4,4,4,3,5,2,12,1,37,2,9,6,1,7,9,1,10,2,14,,17,,1,21,,121.5707372,24.98707919
112,9,18,11,51,2,10文山區,文山區木新路2段19號,0,0,1,2,A02,8,6,5,50,14,9,1,5,4,5,13,4,4,4,3,5,2,12,1,48,3,10,7,1,7,15,1,2,2,2,,17,,1,21,,121.5707372,24.98707919
112,9,18,11,56,2,10文山區,文山區興順街與景豐街口,0,0,1,2,C03,8,6,5,50,5,1,1,5,4,5,13,1,1,5,5,5,2,17,2,34,2,9,6,1,7,6,1,10,1,14,,44,,1,21,,121.54509,25.0012171
112,9,18,11,56,2,10文山區,文山區興順街與景豐街口,0,0,1,1,C03,8,6,5,50,5,1,1,5,4,5,13,1,1,5,5,5,2,17,1,75,3,10,6,1,7,9,1,10,1,17,,118,,1,21,,121.54509,25.0012171
112,9,18,12,6,2,12內湖區,內湖區內湖路1段518巷與內湖路1段口,0,0,1,2,C03,8,6,5,50,3,1,1,5,4,5,13,4,4,4,3,5,2,16,1,40,2,9,5,1,7,9,1,10,9,11,,14,,1,21,,121.5741768,25.08034874
112,9,18,12,6,2,12內湖區,內湖區內湖路1段518巷與內湖路1段口,0,0,1,1,C03,8,6,5,50,3,1,1,5,4,5,13,4,4,4,3,5,2,16,1,56,3,10,5,1,7,5,1,10,9,14,,72,,1,21,,121.5741768,25.08034874
112,9,18,12,11,2,08士林區,士林區光華路61巷4弄33號旁,0,0,1,2,C03,8,6,5,50,11,9,1,5,4,5,13,4,4,4,5,5,1,17,1,18,2,9,6,1,7,9,1,10,1,11,,44,,1,22,,121.538805,25.13425182
112,9,18,12,11,2,08士林區,士林區光華路61巷4弄33號旁,0,0,1,1,B03,8,6,5,50,11,9,1,5,4,5,13,4,4,4,5,5,1,17,2,20,3,10,7,1,7,15,1,8,1,4,,4,,1,22,,121.538805,25.13425182
112,9,18,12,12,2,03中山區,中山區安東街16巷與八德路2段210巷口,0,0,2,1,C03,8,5,5,30,4,1,1,5,4,5,13,4,4,5,5,5,2,15,1,35,2,9,6,1,7,9,1,10,1,11,,72,,1,21,,121.5393807,25.045367
112,9,18,12,12,2,03中山區,中山區安東街16巷與八德路2段210巷口,0,0,2,2,C03,8,5,5,30,4,1,1,5,4,5,13,4,4,5,5,5,2,15,1,35,2,9,6,1,7,9,1,10,1,12,,107,,1,21,,121.5393807,25.045367
112,9,18,12,16,2,09北投區,北投區中央北路4段與一德街口,0,0,1,2,C03,8,5,5,50,3,1,1,5,4,5,13,1,1,9,4,5,2,12,1,60,2,7,3,4,7,9,1,10,2,12,,44,,1,21,,121.4689144,25.1284072
112,9,18,12,16,2,09北投區,北投區中央北路4段與一德街口,0,0,1,1,C03,8,5,5,50,3,1,1,5,4,5,13,1,1,9,4,5,2,12,1,21,3,10,3,4,7,5,1,10,2,14,,8,,1,21,,121.4689144,25.1284072
112,9,18,12,24,2,08士林區,士林區格致路與光華路口,0,0,1,1,B03,8,5,5,40,3,1,1,5,4,5,13,4,4,5,5,5,1,17,1,29,3,10,7,1,7,6,1,8,1,1,,9,,1,21,,121.5464161,25.137011
112,9,18,12,24,2,08士林區,士林區格致路與光華路口,0,0,1,2,C03,8,5,5,40,3,1,1,5,4,5,13,4,4,5,5,5,1,17,1,21,2,9,5,1,7,9,1,10,1,14,,108,,1,21,,121.5464161,25.137011
112,9,18,12,28,2,01大同區,大同區承德路3段與承德路3段177巷口,0,0,1,2,C03,8,6,5,50,4,1,1,5,4,5,13,2,1,1,1,5,2,17,1,40,2,8,5,1,7,9,1,10,1,11,,108,,1,21,,121.5184906,25.0691224
112,9,18,12,28,2,01大同區,大同區承德路3段與承德路3段177巷口,0,0,1,1,C03,8,6,5,50,4,1,1,5,4,5,13,2,1,1,1,5,2,17,1,52,3,10,5,1,7,9,3,18,1,17,,30,,1,21,,121.5184906,25.0691224
112,9,18,14,38,2,08士林區,士林區仰德大道2段與仰德大道2段134巷口,0,0,1,3,H02,6,6,5,40,14,9,1,4,4,5,13,4,4,4,5,5,1,13,1,78,2,9,7,5,7,20,8,20,10,16,,67,,1,21,,121.5473599,25.1096352
112,9,18,14,38,2,08士林區,士林區仰德大道2段與仰德大道2段134巷口,0,0,1,1,A04,6,6,5,40,14,9,1,4,4,5,13,4,4,4,5,5,1,13,1,59,3,10,7,1,7,9,1,2,1,1,,108,,1,21,,121.5473599,25.1096352
112,9,18,14,38,2,08士林區,士林區仰德大道2段與仰德大道2段134巷口,0,0,1,2,B03,6,6,5,40,14,9,1,4,4,5,13,4,4,4,5,5,1,13,1,52,3,10,7,1,7,14,1,3,1,3,,44,,1,21,,121.5473599,25.1096352
112,9,18,15,11,2,12內湖區,內湖區內湖路3段18巷與內湖路2段355巷口,0,0,1,2,F02,8,6,5,30,4,1,1,5,4,5,13,4,4,5,5,5,2,17,1,37,2,9,4,1,7,9,8,20,2,11,,44,,1,21,,121.592743,25.08459953
112,9,18,15,11,2,12內湖區,內湖區內湖路3段18巷與內湖路2段355巷口,0,0,1,1,C03,8,6,5,30,4,1,1,5,4,5,13,4,4,5,5,5,2,17,1,55,3,10,5,1,7,6,1,10,2,13,,9,,1,21,,121.592743,25.08459953
112,9,18,15,49,2,03中山區,中山區北安路535-5號,0,0,1,1,C03,8,7,5,50,14,9,1,5,4,5,13,1,1,1,4,5,2,17,1,66,2,7,5,1,7,5,1,10,2,14,,96,,1,22,,121.5473456,25.0799028
112,9,18,15,49,2,03中山區,中山區北安路535-5號,0,0,1,2,B02,8,7,5,50,14,9,1,5,4,5,13,1,1,1,4,5,2,17,1,21,3,10,7,1,7,9,1,4,2,2,,44,,1,22,,121.5473456,25.0799028
112,9,18,16,5,2,05中正區,中正區中山南路與信義路1段口,0,0,1,1,C03,8,6,5,50,5,1,1,5,4,5,13,1,1,10,4,5,2,16,1,19,2,9,6,4,7,5,1,10,2,11,,96,,1,22,,121.5179497,25.03867698
112,9,18,16,5,2,05中正區,中正區中山南路與信義路1段口,0,0,1,2,B02,8,6,5,50,5,1,1,5,4,5,13,1,1,10,4,5,2,16,1,60,3,10,7,4,7,9,1,2,2,6,,44,,1,22,,121.5179497,25.03867698
112,9,18,16,20,2,10文山區,文山區老泉街電桿023號旁,0,0,1,2,,8,6,5,30,11,9,5,5,4,5,13,4,4,10,5,5,2,18,3,0,,,,,,,,,,,,67,,1,,,121.5604212,24.97714372
112,9,18,16,20,2,10文山區,文山區老泉街電桿023號旁,0,0,1,1,C03,8,6,5,30,11,9,5,5,4,5,13,4,4,10,5,5,2,18,1,20,2,9,6,1,7,9,1,10,9,14,,118,,1,21,,121.5604212,24.97714372
112,9,18,16,20,2,12內湖區,內湖區內湖路1段360巷與洲子街口,0,0,1,1,A11,8,5,5,50,4,2,1,5,4,5,13,2,1,5,5,5,2,3,1,25,3,10,7,1,7,5,1,7,1,1,,32,,1,21,,121.5703115,25.08037916
112,9,18,16,20,2,12內湖區,內湖區內湖路1段360巷與洲子街口,0,0,1,2,H01,8,5,5,50,4,2,1,5,4,5,13,2,1,5,5,5,2,3,1,50,2,9,4,5,8,16,8,20,10,16,,67,,1,22,,121.5703115,25.08037916
112,9,18,16,35,2,03中山區,中山區市民大道3段與市民大道口、金山北路口,0,0,1,1,C03,8,7,5,40,4,2,1,5,4,5,13,1,1,1,4,5,2,13,2,19,2,8,3,4,7,9,1,10,1,11,,16,,1,21,,121.5309591,25.0460899
112,9,18,16,35,2,03中山區,中山區市民大道3段與市民大道口、金山北路口,0,0,1,2,B03,8,7,5,40,4,2,1,5,4,5,13,1,1,1,4,5,2,13,2,42,3,10,3,4,7,9,1,8,1,3,,44,,1,21,,121.5309591,25.0460899
112,9,18,16,55,2,10文山區,文山區辛亥路4段與辛亥路4段166巷口,0,0,2,1,A02,8,6,5,50,3,2,1,5,4,5,13,2,1,1,4,5,2,12,1,52,3,10,7,1,7,8,1,2,2,7,,100,,1,21,,121.5562829,25.00356939
112,9,18,16,55,2,10文山區,文山區辛亥路4段與辛亥路4段166巷口,0,0,2,2,C03,8,6,5,50,3,2,1,5,4,5,13,2,1,1,4,5,2,12,2,26,2,9,6,1,7,12,1,10,2,13,,44,,1,21,,121.5562829,25.00356939
112,9,18,16,55,2,10文山區,文山區辛亥路4段與辛亥路4段166巷口,0,0,2,3,C03,8,6,5,50,3,2,1,5,4,5,13,2,1,1,4,5,2,12,1,50,2,9,6,1,7,9,1,10,2,11,,16,,1,21,,121.5562829,25.00356939
112,9,18,17,0,2,01大同區,大同區延平北路1段與長安西路口,0,0,1,1,B03,8,6,5,50,5,1,1,5,4,5,13,1,1,5,2,5,2,17,2,59,3,10,7,1,7,5,1,8,1,8,,74,,1,21,,121.5119286,25.05203
112,9,18,17,0,2,01大同區,大同區延平北路1段與長安西路口,0,0,1,2,C03,8,6,5,50,5,1,1,5,4,5,13,1,1,5,2,5,2,17,1,33,2,9,5,1,7,9,1,10,1,11,,44,,1,21,,121.5119286,25.05203
112,9,18,17,45,2,03中山區,中山區民族東路與雙城街口,0,0,1,1,C03,8,6,5,50,3,1,1,5,4,5,13,2,1,3,4,5,2,13,1,69,2,9,3,4,7,9,1,10,1,11,,16,,1,21,,121.5246439,25.0684493
112,9,18,17,45,2,03中山區,中山區民族東路與雙城街口,0,0,1,2,B01,8,6,5,50,3,1,1,5,4,5,13,2,1,3,4,5,2,13,1,47,3,10,3,4,7,9,1,4,1,3,,44,,1,21,,121.5246439,25.0684493
112,9,18,18,0,2,03中山區,中山區龍江路132巷與龍江路口側附近口,0,0,1,1,B03,8,5,5,50,4,1,1,5,4,5,13,4,4,9,4,5,2,3,1,71,3,10,3,4,7,5,1,8,1,8,,70,,1,21,,121.5403978,25.0542232
112,9,18,18,0,2,03中山區,中山區龍江路132巷與龍江路口側附近口,0,0,1,2,H01,8,5,5,50,4,1,1,5,4,5,13,4,4,9,4,5,2,3,2,43,2,9,4,5,8,16,8,20,10,16,,67,,1,21,,121.5403978,25.0542232
112,9,18,18,10,2,05中正區,中正區三元街111巷3-1號,0,0,1,1,C03,8,5,5,50,14,9,1,5,4,3,13,4,4,3,4,5,2,12,2,37,2,9,5,1,7,7,1,11,2,14,,102,,1,21,,121.5106745,25.0282657
112,9,18,18,10,2,05中正區,中正區三元街111巷3-1號,0,0,1,2,B03,8,5,5,50,14,9,1,5,4,3,13,4,4,3,4,5,2,12,1,40,3,10,7,1,7,9,1,8,2,2,,44,,1,21,,121.5106745,25.0282657
112,9,18,18,10,2,05中正區,中正區三元街111巷3-1號,0,0,1,3,B12,8,5,5,50,14,9,1,5,4,3,13,4,4,3,4,5,2,12,1,20,3,10,7,1,7,13,1,8,9,17,,38,,2,21,,121.5106745,25.0282657