發生年度,發生月,發生日,發生時-Hours,發生分,處理別-編號,區序,肇事地點,死亡人數,2-30日死亡人數,受傷人數,當事人序號,車種,天候,光線,道路類別,速限-速度限制,道路型態,事故位置,路面狀況1,路面狀況2,路面狀況3,道路障礙1,道路障礙2,號誌1,號誌2,車道劃分-分向,車道劃分-分道1,車道劃分-分道2,車道劃分-分道3,事故類型及型態,性別,年齡,受傷程度,主要傷處,保護裝置,行動電話,車輛用途,當事者行動狀態,駕駛資格情形,駕駛執照種類,飲酒情形,車輛撞擊部位1,車輛撞擊部位2,肇因碼-個別,肇因碼-主要,個人肇逃否,職業,旅次目的,座標-X,座標-Y
112,9,19,13,24,2,11南港區,南港區南港路3段230號,0,0,2,1,C03,8,5,5,50,14,9,1,5,4,5,12,4,4,5,2,5,2,17,2,42,2,9,3,4,7,5,1,10,2,13,,44,,1,21,,121.5862315,25.0526042
112,9,19,13,24,2,11南港區,南港區南港路3段230號,0,0,2,2,C03,8,5,5,50,14,9,1,5,4,5,12,4,4,5,2,5,2,17,1,33,2,9,3,4,7,9,1,10,2,11,,16,,1,21,,121.5862315,25.0526042
112,9,19,13,29,2,01大同區,大同區民權西路與大龍街口,0,0,2,1,C03,8,6,5,50,4,2,1,5,4,5,13,2,1,1,3,5,1,16,2,37,2,6,6,1,7,7,1,10,1,13,,100,,1,21,,121.5160028,25.06307055
112,9,19,13,29,2,01大同區,大同區民權西路與大龍街口,0,0,2,2,C03,8,6,5,50,4,2,1,5,4,5,13,2,1,1,3,5,1,16,1,22,2,8,6,1,7,9,1,10,1,11,,108,,1,21,,121.5160028,25.06307055
112,9,19,13,33,2,07信義區,信義區基隆路1段與基隆路1段102巷口,0,0,1,2,C03,8,7,5,50,3,1,1,5,4,5,13,4,4,9,4,5,2,17,1,62,2,9,5,1,7,9,1,10,1,11,,14,,1,21,,121.5668092,25.0453528
112,9,19,13,33,2,07信義區,信義區基隆路1段與基隆路1段102巷口,0,0,1,1,B12,8,7,5,50,3,1,1,5,4,5,13,4,4,9,4,5,2,17,1,40,3,10,7,1,7,6,1,8,1,2,,9,,1,21,,121.5668092,25.0453528
112,9,19,13,36,2,05中正區,中正區羅斯福路3段298號與羅斯福路3段口,0,0,1,1,C03,8,6,5,50,4,1,1,5,4,5,13,1,1,3,4,5,2,12,1,19,3,10,5,1,7,9,1,10,1,14,,108,,1,21,,121.5579428,24.99941606
112,9,19,13,36,2,05中正區,中正區羅斯福路3段298號與羅斯福路3段口,0,0,1,2,C03,8,6,5,50,4,1,1,5,4,5,13,1,1,3,4,5,2,12,1,42,2,9,5,1,7,7,1,10,1,12,,100,,1,21,,121.5579428,24.99941606
112,9,19,13,48,2,01大同區,大同區延平北路3段17巷7號對面,0,0,1,1,B03,8,6,8,30,22,22,1,5,4,5,13,4,4,10,5,5,2,9,4,0,4,11,3,4,7,,7,,11,15,,119,,2,22,,121.511627,25.0638249
112,9,19,13,48,2,01大同區,大同區延平北路3段17巷7號對面,0,0,1,2,H01,8,6,8,30,22,22,1,5,4,5,13,4,4,10,5,5,2,9,1,65,2,5,4,5,8,20,8,20,10,16,,67,,1,21,,121.511627,25.0638249
112,9,19,13,48,2,03中山區,中山區北安路與大直街口,0,0,1,1,C04,8,7,5,50,14,9,1,5,4,5,13,4,4,9,4,5,2,17,2,24,2,9,5,1,7,9,3,18,1,11,,16,,1,21,,121.5467392,25.0799042
112,9,19,13,48,2,03中山區,中山區北安路與大直街口,0,0,1,2,B03,8,7,5,50,14,9,1,5,4,5,13,4,4,9,4,5,2,17,2,41,3,10,7,1,7,9,1,8,1,3,,118,,1,21,,121.5467392,25.0799042
112,9,19,13,53,2,09北投區,北投區石牌路2段90巷22號,0,0,1,2,C03,8,6,5,30,14,9,1,5,4,5,13,4,4,10,5,5,2,16,1,25,3,10,5,1,7,9,1,10,1,12,,44,,1,21,,121.5178391,25.117087
112,9,19,13,53,2,09北投區,北投區石牌路2段90巷22號,0,0,1,1,C03,8,6,5,30,14,9,1,5,4,5,13,4,4,10,5,5,2,16,2,19,2,9,5,1,7,7,1,10,1,11,14,100,,1,21,,121.5178391,25.117087
112,9,19,13,54,2,03中山區,中山區市民大道2段與長安東路1段52巷口,0,0,1,1,C03,8,5,5,40,3,1,1,5,4,5,13,3,1,1,3,5,1,12,1,19,2,9,6,4,7,7,1,10,1,14,,102,,1,21,,121.5277784,25.047018
112,9,19,13,54,2,03中山區,中山區市民大道2段與長安東路1段52巷口,0,0,1,2,B01,8,5,5,40,3,1,1,5,4,5,13,3,1,1,3,5,1,12,1,57,3,10,3,4,7,9,1,4,1,2,,44,,1,21,,121.5277784,25.047018
112,9,19,13,54,2,03中山區,中山區市民大道2段與長安東路1段52巷口,0,0,1,3,B03,8,5,5,40,3,1,1,5,4,5,13,3,1,1,3,5,1,12,1,25,3,10,3,4,7,15,1,8,1,17,,72,,1,21,,121.5277784,25.047018
112,9,19,14,2,2,11南港區,南港區南港路3段與八德路4段口,0,0,1,1,F03,8,6,5,50,5,1,1,5,4,5,13,2,1,5,4,5,2,16,2,63,2,7,5,1,7,5,8,20,1,14,,8,,1,22,,121.582373,25.0514463
112,9,19,14,2,2,11南港區,南港區南港路3段與八德路4段口,0,0,1,2,B03,8,6,5,50,5,1,1,5,4,5,13,2,1,5,4,5,2,16,1,41,3,10,7,1,7,9,1,8,1,2,,44,,1,22,,121.582373,25.0514463
112,9,19,15,11,2,07信義區,信義區林口街80巷59號,0,0,1,1,H01,8,6,5,30,14,9,1,5,4,5,13,4,4,10,5,5,2,9,2,60,2,9,4,5,8,16,8,20,10,16,,121,,1,22,,121.5813066,25.03990665
112,9,19,15,11,2,07信義區,信義區林口街80巷59號,0,0,1,2,C03,8,6,5,30,14,9,1,5,4,5,13,4,4,10,5,5,2,9,1,21,3,10,6,1,7,9,1,10,1,11,,108,,1,22,,121.5813066,25.03990665
112,9,19,15,27,2,03中山區,中山區錦州街與民權東路2段92巷口,0,0,1,2,C03,8,5,5,30,4,1,1,5,4,5,13,4,4,10,5,5,1,15,1,26,3,10,6,4,7,9,1,10,2,11,,108,,1,21,,121.5316669,25.0603519
112,9,19,15,27,2,03中山區,中山區錦州街與民權東路2段92巷口,0,0,1,1,G06,8,5,5,30,4,1,1,5,4,5,13,4,4,10,5,5,1,15,1,60,2,9,4,4,7,9,8,20,2,15,,72,,1,21,,121.5316669,25.0603519
112,9,19,15,54,2,03中山區,中山區市民大道3段3號,0,0,2,1,C03,8,7,5,40,14,9,1,5,4,5,13,4,4,5,4,5,2,13,1,18,2,9,5,1,7,9,1,10,2,11,,16,,1,22,,121.5313625,25.0459778
112,9,19,15,54,2,03中山區,中山區市民大道3段3號,0,0,2,2,C03,8,7,5,40,14,9,1,5,4,5,13,4,4,5,4,5,2,13,1,59,2,9,5,1,7,12,1,10,2,13,,44,,1,22,,121.5313625,25.0459778
112,9,19,16,4,2,03中山區,中山區南京東路1段35號,0,0,1,2,C03,8,7,5,40,14,8,1,5,4,5,13,4,4,1,4,4,2,17,2,38,2,9,6,1,7,9,1,10,1,14,,108,,1,21,,121.5264468,25.05219915
112,9,19,16,4,2,03中山區,中山區南京東路1段35號,0,0,1,1,B03,8,7,5,40,14,8,1,5,4,5,13,4,4,1,4,4,2,17,1,31,3,10,7,1,7,7,1,8,1,5,,100,,1,21,,121.5264468,25.05219915
112,9,19,16,7,2,01大同區,大同區民權西路與延平北路3段口,0,0,1,1,C03,8,6,5,50,5,1,1,5,4,5,13,4,4,1,5,5,2,17,1,24,3,10,6,1,7,5,1,10,2,17,,8,,1,21,,121.5111956,25.0630038
112,9,19,16,7,2,01大同區,大同區民權西路與延平北路3段口,0,0,1,2,C03,8,6,5,50,5,1,1,5,4,5,13,4,4,1,5,5,2,17,1,72,2,9,6,1,7,9,1,10,2,17,,44,,1,21,,121.5111956,25.0630038
112,9,19,16,43,2,09北投區,北投區中央北路3段與中央北路3段1巷口,0,0,1,2,C03,8,6,5,50,4,1,1,5,4,5,13,1,1,5,4,5,2,12,1,57,2,9,5,1,7,9,6,18,2,14,12,108,,1,21,,121.4865845,25.1382817
112,9,19,16,43,2,09北投區,北投區中央北路3段與中央北路3段1巷口,0,0,1,1,B03,8,6,5,50,4,1,1,5,4,5,13,1,1,5,4,5,2,12,1,59,3,10,7,1,7,12,1,8,2,6,,44,,1,21,,121.4865845,25.1382817
112,9,19,16,43,2,09北投區,北投區中央北路3段與中央北路3段1巷口,0,0,1,3,C03,8,6,5,50,4,1,1,5,4,5,13,1,1,5,4,5,2,12,1,19,3,10,5,1,7,12,1,10,1,17,,44,,1,21,,121.4865845,25.1382817
112,9,19,17,3,2,07信義區,信義區市府路與松壽路口,0,0,1,1,C03,8,5,5,50,4,2,1,5,4,5,13,1,1,9,4,5,2,13,2,24,2,9,5,1,7,9,1,10,1,11,,108,,1,22,,121.56356,25.0359458
112,9,19,17,3,2,07信義區,信義區市府路與松壽路口,0,0,1,2,B03,8,5,5,50,4,2,1,5,4,5,13,1,1,9,4,5,2,13,1,54,3,10,7,1,7,9,1,2,1,6,,44,,1,22,,121.56356,25.0359458
112,9,19,17,18,2,03中山區,中山區松江路與南京東路2段口,0,0,2,3,H02,8,5,5,50,4,1,1,5,4,5,13,1,1,1,3,5,1,12,2,49,2,9,5,5,7,20,8,20,10,16,,67,,1,22,,121.5328875,25.0520283
112,9,19,17,18,2,03中山區,中山區松江路與南京東路2段口,0,0,2,2,C03,8,5,5,50,4,1,1,5,4,5,13,1,1,1,3,5,1,12,1,52,2,9,5,1,7,9,1,10,2,11,,44,,1,21,,121.5328875,25.0520283
112,9,19,17,18,2,03中山區,中山區松江路與南京東路2段口,0,0,2,1,C03,8,5,5,50,4,1,1,5,4,5,13,1,1,1,3,5,1,12,1,85,3,10,5,1,7,7,1,10,2,13,,100,,1,21,,121.5328875,25.0520283
112,9,19,17,20,2,03中山區,中山區北安路807號,0,0,1,1,C03,8,6,5,50,14,9,1,5,4,5,13,4,4,1,4,5,1,12,1,55,2,9,6,1,7,8,1,10,2,14,,100,,1,21,,121.554267,25.0854648
112,9,19,17,20,2,03中山區,中山區北安路807號,0,0,1,2,B03,8,6,5,50,14,9,1,5,4,5,13,4,4,1,4,5,1,12,1,39,3,10,7,1,7,9,1,8,2,2,,44,,1,21,,121.554267,25.0854648
112,9,19,17,50,2,07信義區,信義區中坡北路與永吉路口,0,0,2,1,B03,8,6,5,50,4,1,1,5,4,5,13,2,1,1,4,4,2,17,1,26,3,10,7,1,7,6,1,8,1,2,,9,,1,22,,121.5806456,25.0452918
112,9,19,17,50,2,07信義區,信義區中坡北路與永吉路口,0,0,2,2,C03,8,6,5,50,4,1,1,5,4,5,13,2,1,1,4,4,2,17,1,18,2,9,6,1,7,10,1,10,1,14,,100,,1,22,,121.5806456,25.0452918
112,9,19,17,50,2,07信義區,信義區中坡北路與永吉路口,0,0,2,3,H02,8,6,5,50,4,1,1,5,4,5,13,2,1,1,4,4,2,17,2,18,2,9,6,5,7,20,8,20,10,16,,67,,1,22,,121.5806456,25.0452918
112,9,19,18,0,2,02萬華區,萬華區中華路1段與成都路口,0,0,1,2,C03,8,5,5,50,4,1,1,5,4,5,13,1,1,1,5,5,2,16,1,18,2,8,5,1,7,9,1,10,1,11,,108,,1,21,,121.508113,25.0423351
112,9,19,18,0,2,02萬華區,萬華區中華路1段與成都路口,0,0,1,1,B03,8,5,5,50,4,1,1,5,4,5,13,1,1,1,5,5,2,16,2,26,3,10,7,1,7,6,1,4,1,5,,9,,1,21,,121.508113,25.0423351
112,9,19,18,6,2,06松山區,松山區東興路與南京東路5段250巷口,0,0,1,2,H01,8,5,5,50,5,2,1,5,4,5,13,1,1,9,4,5,2,3,1,31,2,7,4,5,8,16,8,20,10,16,,67,,1,22,,121.5654701,25.0507903
112,9,19,18,6,2,06松山區,松山區東興路與南京東路5段250巷口,0,0,1,1,B03,8,5,5,50,5,2,1,5,4,5,13,1,1,9,4,5,2,3,1,66,3,10,3,4,7,9,1,8,11,1,,70,,1,25,,121.5654701,25.0507903
112,9,19,18,15,2,12內湖區,內湖區內湖路1段與港墘路口,0,0,1,2,F01,8,5,5,50,3,2,1,5,4,5,13,4,4,1,5,5,2,17,1,15,2,8,2,1,7,9,8,20,1,14,,44,,1,21,,121.5763301,25.07945497
112,9,19,18,15,2,12內湖區,內湖區內湖路1段與港墘路口,0,0,1,1,B03,8,5,5,50,3,2,1,5,4,5,13,4,4,1,5,5,2,17,1,24,3,10,7,1,7,6,1,8,1,5,,9,,1,21,,121.5763301,25.07945497
112,9,19,18,24,2,03中山區,中山區民生東路3段與龍江路口,0,0,1,2,C03,8,5,5,50,4,1,1,5,4,5,13,1,1,1,4,5,2,16,1,18,2,9,6,4,7,9,1,10,1,11,,108,,1,22,,121.5406943,25.0579007
112,9,19,18,24,2,03中山區,中山區民生東路3段與龍江路口,0,0,1,1,C03,8,5,5,50,4,1,1,5,4,5,13,1,1,1,4,5,2,16,4,61,4,11,3,4,7,9,1,10,11,15,,119,,2,22,,121.5406943,25.0579007
112,9,19,18,48,2,04大安區,大安區仁愛路4段與敦化南路1段口,0,0,1,1,B03,8,5,5,50,18,9,1,5,4,5,13,1,1,10,3,5,2,17,1,49,3,10,7,1,7,5,1,8,2,8,,8,,1,21,,121.547984,25.0377794
112,9,19,18,48,2,04大安區,大安區仁愛路4段與敦化南路1段口,0,0,1,2,C03,8,5,5,50,18,9,1,5,4,5,13,1,1,10,3,5,2,17,1,47,2,9,5,1,7,9,1,10,2,12,,44,,1,21,,121.547984,25.0377794
112,9,19,18,55,2,05中正區,中正區羅斯福路4段162號,0,0,1,1,B03,8,5,5,50,14,9,1,5,4,5,13,4,4,1,4,5,1,12,2,34,3,10,7,1,7,8,1,8,1,4,,100,,1,21,,121.5363406,25.0123968
112,9,19,18,55,2,05中正區,中正區羅斯福路4段162號,0,0,1,2,C03,8,5,5,50,14,9,1,5,4,5,13,4,4,1,4,5,1,12,1,19,2,8,5,1,7,9,1,10,1,12,,102,,1,21,,121.5363406,25.0123968
112,9,19,18,55,2,05中正區,中正區羅斯福路4段162號,0,0,1,3,B03,8,5,5,50,14,9,1,5,4,5,13,4,4,1,4,5,1,12,1,38,3,10,7,1,7,9,1,8,1,5,,44,,1,21,,121.5363406,25.0123968
112,9,19,19,3,2,06松山區,松山區民生東路3段113巷與民生東路3段113巷25弄口,0,0,1,1,C03,8,5,5,30,4,1,1,5,4,5,13,4,4,10,5,5,2,17,1,73,3,10,6,1,7,9,1,10,11,11,,14,,2,22,,121.5461764,25.05945725
112,9,19,19,3,2,06松山區,松山區民生東路3段113巷與民生東路3段113巷25弄口,0,0,1,2,C03,8,5,5,30,4,1,1,5,4,5,13,4,4,10,5,5,2,17,1,32,2,8,6,1,7,15,1,10,2,14,,72,,1,22,,121.5461764,25.05945725
112,9,19,19,13,2,07信義區,信義區忠孝東路4段與忠孝東路4段553巷口口,0,0,1,1,B03,7,5,5,50,4,18,1,5,4,5,13,2,1,5,2,5,2,2,1,47,3,10,7,1,7,5,1,8,1,8,,70,,1,21,,121.5627943,25.0411564
112,9,19,19,13,2,07信義區,信義區忠孝東路4段與忠孝東路4段553巷口口,0,0,1,2,H01,7,5,5,50,4,18,1,5,4,5,13,2,1,5,2,5,2,2,2,42,2,8,4,5,8,16,8,20,10,16,,67,,1,21,,121.5627943,25.0411564
112,9,19,19,21,2,04大安區,大安區樂利路78號,0,0,1,1,C03,8,5,5,40,14,9,1,5,4,5,13,4,4,8,3,5,1,16,2,59,2,9,6,1,7,15,1,10,1,14,,42,,1,21,,121.5520249,25.0256374
112,9,19,19,21,2,04大安區,大安區樂利路78號,0,0,1,2,B03,8,5,5,40,14,9,1,5,4,5,13,4,4,8,3,5,1,16,1,32,3,10,7,1,7,9,1,8,1,5,,44,,1,21,,121.5520249,25.0256374
112,9,19,19,23,2,04大安區,大安區信義路4段與復興南路1段口,0,0,2,4,C03,8,5,5,40,4,1,1,5,4,5,13,2,1,9,5,5,2,13,1,44,3,10,3,4,7,9,1,10,1,13,,44,,1,22,,121.5435413,25.0336241
112,9,19,19,23,2,04大安區,大安區信義路4段與復興南路1段口,0,0,2,3,C03,8,5,5,40,4,1,1,5,4,5,13,2,1,9,5,5,2,13,2,34,2,9,3,4,7,9,1,10,1,11,,108,,1,22,,121.5435413,25.0336241
112,9,19,19,23,2,04大安區,大安區信義路4段與復興南路1段口,0,0,2,2,C03,8,5,5,40,4,1,1,5,4,5,13,2,1,9,5,5,2,13,1,45,2,9,3,4,7,9,1,10,1,15,,108,,1,22,,121.5435413,25.0336241
112,9,19,19,23,2,04大安區,大安區信義路4段與復興南路1段口,0,0,2,1,B12,8,5,5,40,4,1,1,5,4,5,13,2,1,9,5,5,2,13,1,28,3,10,3,4,7,9,1,8,1,17,,44,,1,22,,121.5435413,25.0336241
112,9,19,19,59,2,02萬華區,萬華區長沙街2段與西寧南路口,0,0,2,2,C03,7,5,5,50,4,1,1,5,4,5,13,1,1,8,3,5,2,16,1,56,2,9,5,4,7,9,1,10,1,11,,44,,1,22,,121.5060734,25.0407523
112,9,19,19,59,2,02萬華區,萬華區長沙街2段與西寧南路口,0,0,2,1,C03,7,5,5,50,4,1,1,5,4,5,13,1,1,8,3,5,2,16,1,21,2,9,5,4,7,5,1,8,1,13,,8,,1,22,,121.5060734,25.0407523
112,9,19,20,5,2,12內湖區,內湖區陽光街與瑞光路口,0,0,2,3,H02,8,5,5,50,4,2,1,5,4,5,13,1,1,5,5,5,2,17,2,46,2,9,5,5,7,20,8,20,10,16,,67,,1,21,,121.57926,25.07374668
112,9,19,20,5,2,12內湖區,內湖區陽光街與瑞光路口,0,0,2,2,C03,8,5,5,50,4,2,1,5,4,5,13,1,1,5,5,5,2,17,1,40,2,9,5,1,7,9,1,10,1,11,,44,,1,21,,121.57926,25.07374668
112,9,19,20,5,2,12內湖區,內湖區陽光街與瑞光路口,0,0,2,1,C03,8,5,5,50,4,2,1,5,4,5,13,1,1,5,5,5,2,17,1,43,3,10,5,1,7,5,1,10,1,11,,74,,1,21,,121.57926,25.07374668
112,9,19,20,40,2,09北投區,北投區立農街2段202巷9弄8號,0,0,1,1,B03,8,5,5,30,14,9,1,5,4,5,13,4,4,10,5,5,2,17,1,33,3,10,7,1,7,2,1,8,1,2,,42,,1,22,,121.5140313,25.1177316
112,9,19,20,40,2,09北投區,北投區立農街2段202巷9弄8號,0,0,1,2,C03,8,5,5,30,14,9,1,5,4,5,13,4,4,10,5,5,2,17,1,62,2,8,6,1,7,9,1,10,1,17,,44,,1,22,,121.5140313,25.1177316
112,9,19,20,56,2,04大安區,大安區市民大道3段306號,0,0,1,3,B02,8,5,5,40,14,9,1,5,4,5,13,4,4,1,3,5,2,17,1,64,3,10,3,4,7,14,1,8,1,4,,40,,1,21,,121.5432021,25.0446503
112,9,19,20,56,2,04大安區,大安區市民大道3段306號,0,0,1,1,C03,8,5,5,40,14,9,1,5,4,5,13,4,4,1,3,5,2,17,2,18,2,9,6,1,7,9,1,10,1,11,,16,,1,21,,121.5432021,25.0446503
112,9,19,20,56,2,04大安區,大安區市民大道3段306號,0,0,1,2,C03,8,5,5,40,14,9,1,5,4,5,13,4,4,1,3,5,2,17,1,21,3,10,6,1,7,9,1,10,1,13,,44,,1,21,,121.5432021,25.0446503
112,9,19,21,30,2,12內湖區,內湖區民權東路6段180巷與民權東路6段口,0,0,3,3,H02,8,5,5,50,14,9,1,5,4,5,13,1,1,5,5,5,2,3,2,18,2,9,5,5,7,21,8,20,10,16,,67,,1,21,,121.5929405,25.0686184
112,9,19,21,30,2,12內湖區,內湖區民權東路6段180巷與民權東路6段口,0,0,3,2,C03,8,5,5,50,14,9,1,5,4,5,13,1,1,5,5,5,2,3,2,19,2,9,5,1,7,9,1,10,2,11,,70,,1,21,,121.5929405,25.0686184
112,9,19,21,30,2,12內湖區,內湖區民權東路6段180巷與民權東路6段口,0,0,3,1,H01,8,5,5,50,14,9,1,5,4,5,13,1,1,5,5,5,2,3,2,46,2,9,4,5,8,18,8,20,10,16,,122,,1,21,,121.5929405,25.0686184
112,9,19,21,37,2,08士林區,士林區忠誠路2段與士東路口,0,0,2,2,B03,8,5,5,50,4,1,1,5,4,5,13,2,1,1,4,4,2,17,1,23,3,10,7,1,7,14,1,8,1,7,,38,,1,21,,121.5310115,25.11231582
112,9,19,21,37,2,08士林區,士林區忠誠路2段與士東路口,0,0,2,3,H02,8,5,5,50,4,1,1,5,4,5,13,2,1,1,4,4,2,17,1,18,2,9,5,5,7,20,8,20,10,16,,67,,1,21,,121.5310115,25.11231582
112,9,19,21,37,2,08士林區,士林區忠誠路2段與士東路口,0,0,2,1,C03,8,5,5,50,4,1,1,5,4,5,13,2,1,1,4,4,2,17,1,18,2,9,5,1,7,5,1,10,1,14,,107,,1,21,,121.5310115,25.11231582
112,9,19,21,40,2,04大安區,大安區和平東路3段83號,0,0,1,2,F02,8,5,5,0,22,20,1,5,4,5,13,4,4,10,5,5,2,17,2,42,2,7,3,4,7,9,8,20,2,14,,44,,1,22,,121.5500573,25.0246287
112,9,19,21,40,2,04大安區,大安區和平東路3段83號,0,0,1,1,G06,8,5,5,0,22,20,1,5,4,5,13,4,4,10,5,5,2,17,1,25,3,10,3,4,7,1,8,20,2,15,,19,,1,22,,121.5500573,25.0246287
112,9,19,21,55,2,03中山區,中山區中山北路2段與南京東路1段口,0,0,1,1,B03,8,5,5,40,4,2,1,5,4,5,13,1,1,1,4,4,2,16,1,31,3,10,3,4,7,6,1,8,1,6,,9,,1,22,,121.5226869,25.05235718
112,9,19,21,55,2,03中山區,中山區中山北路2段與南京東路1段口,0,0,1,2,C03,8,5,5,40,4,2,1,5,4,5,13,1,1,1,4,4,2,16,2,46,2,7,6,1,7,9,1,10,1,14,,44,,1,22,,121.5226869,25.05235718
112,9,19,22,0,2,03中山區,中山區南京東路1段與林森北路口口,0,0,1,1,C03,8,5,5,40,4,1,1,5,4,5,13,1,1,3,4,4,2,13,1,45,2,8,5,1,7,9,1,10,1,11,,16,,1,21,,121.5254601,25.05226758
112,9,19,22,0,2,03中山區,中山區南京東路1段與林森北路口口,0,0,1,2,B03,8,5,5,40,4,1,1,5,4,5,13,1,1,3,4,4,2,13,2,53,3,10,7,1,7,6,1,8,1,3,,44,,1,21,,121.5254601,25.05226758
112,9,19,22,3,2,01大同區,大同區南京西路(近0803578號燈桿),0,0,1,1,C03,8,5,5,40,11,7,1,5,4,5,13,2,1,1,4,4,2,12,2,55,2,9,6,1,7,9,1,10,1,14,,44,,1,22,,121.5150858,25.0536429
112,9,19,22,3,2,01大同區,大同區南京西路(近0803578號燈桿),0,0,1,2,B01,8,5,5,40,11,7,1,5,4,5,13,2,1,1,4,4,2,12,2,30,3,10,3,4,7,7,1,4,1,2,,100,,1,21,,121.5150858,25.0536429
112,9,19,22,20,2,09北投區,北投區學園路第1207024號燈桿前,0,0,1,1,C03,7,5,5,40,14,9,1,5,4,5,13,4,4,4,1,5,2,18,1,21,2,9,5,1,7,9,1,10,1,14,,13,,1,21,,121.4663083,25.1320933
112,9,19,22,20,2,09北投區,北投區學園路第1207024號燈桿前,0,0,1,2,,7,5,5,40,14,9,1,5,4,5,13,4,4,4,1,5,2,18,3,0,,,,,,,,,,,,67,,1,,,121.4663083,25.1320933
112,9,19,22,20,2,06松山區,松山區復興北路與長春路口,0,0,1,2,B02,8,5,5,50,4,1,1,5,4,1,13,2,1,1,4,1,2,13,1,23,3,10,7,1,7,9,1,8,1,6,,44,,1,21,,121.5441979,25.05455438
112,9,19,22,20,2,06松山區,松山區復興北路與長春路口,0,0,1,1,C03,8,5,5,50,4,1,1,5,4,1,13,2,1,1,4,1,2,13,1,22,2,9,6,1,7,9,1,10,1,11,,108,,1,21,,121.5441979,25.05455438
112,9,19,22,54,2,01大同區,大同區民生西路299號,0,0,2,1,B02,7,5,5,50,14,9,1,5,4,5,13,4,4,7,4,5,2,12,2,30,3,10,3,4,7,7,1,8,1,2,,100,,1,21,,121.5130552,25.0570598
112,9,19,22,54,2,01大同區,大同區民生西路299號,0,0,2,2,C03,7,5,5,50,14,9,1,5,4,5,13,4,4,7,4,5,2,12,2,21,2,9,3,4,7,9,1,10,1,11,,44,,1,21,,121.5130552,25.0570598
112,9,19,22,54,2,01大同區,大同區民生西路299號,0,0,2,3,H02,7,5,5,50,14,9,1,5,4,5,13,4,4,7,4,5,2,12,2,21,2,9,3,5,7,20,8,20,10,16,,67,,1,21,,121.5130552,25.0570598
112,9,19,23,0,2,05中正區,中正區寧波西街80號,0,0,2,2,C03,8,5,5,50,14,9,1,5,4,5,13,4,4,10,4,5,2,17,1,27,2,9,5,1,7,9,1,10,2,14,,17,,1,21,,121.5154247,25.0298721
112,9,19,23,0,2,05中正區,中正區寧波西街80號,0,0,2,3,H02,8,5,5,50,14,9,1,5,4,5,13,4,4,10,4,5,2,17,2,29,2,8,5,5,7,17,8,20,10,16,,67,,1,21,,121.5154247,25.0298721
112,9,19,23,0,2,05中正區,中正區寧波西街80號,0,0,2,1,B03,8,5,5,50,14,9,1,5,4,5,13,4,4,10,4,5,2,17,1,29,3,10,7,1,7,7,1,8,2,2,,100,,1,21,,121.5154247,25.0298721
112,9,19,23,6,2,03中山區,中山區民權東路2段69號,0,0,1,3,B03,8,5,5,50,14,9,1,5,4,5,13,1,1,1,4,5,2,17,1,33,3,10,3,4,7,13,1,8,1,1,,44,,1,21,,121.5315756,25.06264136
112,9,19,23,6,2,03中山區,中山區民權東路2段69號,0,0,1,2,C03,8,5,5,50,14,9,1,5,4,5,13,1,1,1,4,5,2,17,1,38,3,10,3,4,7,13,1,10,1,13,,44,,1,21,,121.5315756,25.06264136
112,9,19,23,6,2,03中山區,中山區民權東路2段69號,0,0,1,1,C03,8,5,5,50,14,9,1,5,4,5,13,1,1,1,4,5,2,17,1,31,2,9,5,1,7,9,1,10,1,12,,13,,1,22,,121.5315756,25.06264136
112,9,19,23,45,2,06松山區,松山區復興北路與長春路口,0,0,1,1,C03,8,5,5,50,4,2,1,5,5,1,11,1,1,1,3,5,2,28,1,22,2,9,6,1,7,9,1,10,1,12,,108,,1,22,,121.5441592,25.0547093
112,9,19,23,45,2,06松山區,松山區復興北路與長春路口,0,0,1,2,,8,5,5,50,4,2,1,5,5,1,11,1,1,1,3,5,2,28,3,50,,,,,,,,,,,,67,,1,,,121.5441592,25.0547093
112,9,19,23,51,2,10文山區,文山區羅斯福路6段239號,0,0,1,1,A02,8,5,5,50,14,9,1,5,4,5,13,4,4,1,4,5,2,9,1,60,3,10,7,1,7,1,1,2,2,17,,44,,1,21,,121.5413106,24.99547799
112,9,19,23,51,2,10文山區,文山區羅斯福路6段239號,0,0,1,2,H02,8,5,5,50,14,9,1,5,4,5,13,4,4,1,4,5,2,9,2,69,2,9,2,5,7,20,8,20,10,16,,67,,1,22,,121.5413106,24.99547799
112,9,20,1,31,2,08士林區,士林區中山北路5段與劍潭路口,0,0,2,3,H02,7,5,5,50,3,2,1,5,4,5,13,1,1,1,4,5,2,19,2,21,2,9,6,5,7,17,8,20,10,17,,67,,1,22,,121.5253324,25.0841027
112,9,20,1,31,2,08士林區,士林區中山北路5段與劍潭路口,0,0,2,1,C03,7,5,5,50,3,2,1,5,4,5,13,1,1,1,4,5,2,19,1,18,2,9,6,1,7,9,1,10,2,11,,13,,1,22,,121.5253324,25.0841027