發生年度,發生月,發生日,發生時-Hours,發生分,處理別-編號,區序,肇事地點,死亡人數,2-30日死亡人數,受傷人數,當事人序號,車種,天候,光線,道路類別,速限-速度限制,道路型態,事故位置,路面狀況1,路面狀況2,路面狀況3,道路障礙1,道路障礙2,號誌1,號誌2,車道劃分-分向,車道劃分-分道1,車道劃分-分道2,車道劃分-分道3,事故類型及型態,性別,年齡,受傷程度,主要傷處,保護裝置,行動電話,車輛用途,當事者行動狀態,駕駛資格情形,駕駛執照種類,飲酒情形,車輛撞擊部位1,車輛撞擊部位2,肇因碼-個別,肇因碼-主要,個人肇逃否,職業,旅次目的,座標-X,座標-Y
112,9,20,18,12,2,06松山區,松山區八德路4段762號,0,0,1,2,C03,8,5,5,50,14,9,1,5,4,5,13,4,4,5,4,5,2,12,1,25,2,9,6,1,7,9,1,10,1,15,,44,,1,22,,121.5794042,25.05030241
112,9,20,18,30,2,12內湖區,內湖區行善路與舊宗路1段口,0,0,1,2,H01,8,5,5,50,4,2,1,5,4,5,13,1,1,1,5,5,2,9,2,9,2,8,4,5,8,18,8,20,10,16,,122,,1,21,,121.5803476,25.05867641
112,9,20,18,30,2,12內湖區,內湖區行善路與舊宗路1段口,0,0,1,1,B03,8,5,5,50,4,2,1,5,4,5,13,1,1,1,5,5,2,9,1,56,3,10,7,1,7,5,1,8,2,8,,70,,1,21,,121.5803476,25.05867641
112,9,20,18,31,2,03中山區,中山區南京西路23巷5-1號,0,0,2,1,H01,8,5,5,0,14,9,1,5,4,5,13,4,4,10,5,5,1,3,2,24,2,7,4,5,8,16,8,20,10,16,,121,,1,21,,121.5205923,25.05359938
112,9,20,18,31,2,03中山區,中山區南京西路23巷5-1號,0,0,2,2,C03,8,5,5,0,14,9,1,5,4,5,13,4,4,10,5,5,1,3,2,27,2,8,3,4,7,9,1,10,1,14,,13,,1,21,,121.5205923,25.05359938
112,9,20,18,40,2,12內湖區,內湖區民權東路6段136巷與民權東路6段口,0,0,2,1,C03,8,5,5,50,4,1,1,5,4,5,13,1,1,1,5,5,2,13,1,47,2,9,6,1,7,9,1,10,2,11,,108,,1,21,,121.5876869,25.068836
112,9,20,18,40,2,12內湖區,內湖區民權東路6段136巷與民權東路6段口,0,0,2,2,C03,8,5,5,50,4,1,1,5,4,5,13,1,1,1,5,5,2,13,1,35,2,9,6,1,7,12,1,10,2,13,,44,,1,21,,121.5876869,25.068836
112,9,20,19,19,2,12內湖區,內湖區陽光街與舊宗路2段口,0,0,2,1,C03,8,5,5,0,3,1,1,5,4,5,13,4,4,1,4,5,2,16,1,43,2,9,6,1,7,15,1,10,1,11,,9,,1,21,,121.5740715,25.07233415
112,9,20,19,19,2,12內湖區,內湖區陽光街與舊宗路2段口,0,0,2,2,F01,8,5,5,0,3,1,1,5,4,5,13,4,4,1,4,5,2,16,1,29,2,9,4,1,7,11,8,20,1,14,,11,,1,21,,121.5740715,25.07233415
112,9,20,19,28,2,04大安區,大安區基隆路2段176號,0,0,1,2,C03,8,5,5,50,14,9,1,5,4,5,13,2,1,1,4,5,2,12,2,35,2,9,6,1,7,9,1,10,1,11,,13,,1,21,,121.5540156,25.0257392
112,9,20,19,28,2,04大安區,大安區基隆路2段176號,0,0,1,1,C03,8,5,5,50,14,9,1,5,4,5,13,2,1,1,4,5,2,12,1,24,4,11,3,4,7,8,7,19,11,15,,100,,2,22,,121.5540156,25.0257392
112,9,20,19,28,2,12內湖區,內湖區成功路2段與成功路2段320巷口,0,0,1,1,C03,8,5,5,50,3,1,1,5,4,5,13,2,1,1,4,5,2,13,2,22,2,8,5,1,7,9,1,10,2,11,,108,,1,21,,121.5906644,25.0675678
112,9,20,19,28,2,12內湖區,內湖區成功路2段與成功路2段320巷口,0,0,1,2,B03,8,5,5,50,3,1,1,5,4,5,13,2,1,1,4,5,2,13,1,43,3,10,7,1,7,9,1,8,2,6,,44,,1,21,,121.5906644,25.0675678
112,9,20,20,15,2,03中山區,中山區長春路與合江街口,0,0,3,1,B03,7,5,5,50,4,1,1,5,4,5,13,1,1,5,4,5,1,15,1,29,2,8,7,1,7,5,1,8,2,1,,74,,1,21,,121.5390942,25.0547417
112,9,20,20,15,2,03中山區,中山區長春路與合江街口,0,0,3,2,C03,7,5,5,50,4,1,1,5,4,5,13,1,1,5,4,5,1,15,2,27,2,9,5,1,7,9,1,10,2,14,,44,,1,21,,121.5390942,25.0547417
112,9,20,20,15,2,03中山區,中山區長春路與合江街口,0,0,3,3,H02,7,5,5,50,4,1,1,5,4,5,13,1,1,5,4,5,1,15,2,28,2,9,5,5,7,21,8,20,10,16,,67,,1,21,,121.5390942,25.0547417
112,9,20,20,25,2,03中山區,中山區民生東路2段120號,0,0,1,1,B03,8,5,5,50,14,9,1,5,4,5,13,1,1,5,4,5,2,16,1,28,3,10,7,1,7,8,1,8,1,8,,100,,1,22,,121.5314506,25.0579521
112,9,20,20,25,2,03中山區,中山區民生東路2段120號,0,0,1,2,C03,8,5,5,50,14,9,1,5,4,5,13,1,1,5,4,5,2,16,1,49,2,9,5,1,7,9,1,10,1,12,,107,,1,22,,121.5314506,25.0579521
112,9,20,20,31,2,08士林區,士林區中山北路4段與通河街口,0,0,1,1,B03,7,5,5,50,4,1,1,5,4,5,13,1,1,1,4,5,2,13,1,20,3,10,7,1,7,5,1,8,1,5,,16,,1,21,,121.5242103,25.0799668
112,9,20,20,31,2,08士林區,士林區中山北路4段與通河街口,0,0,1,2,C03,7,5,5,50,4,1,1,5,4,5,13,1,1,1,4,5,2,13,2,56,2,8,5,1,7,5,1,10,1,13,,44,,1,21,,121.5242103,25.0799668
112,9,20,20,55,2,01大同區,大同區太原路187號,0,0,1,1,B03,7,5,5,50,14,9,1,5,4,5,13,4,4,7,4,5,2,17,1,62,3,10,3,4,7,9,1,8,1,2,,107,,1,21,,121.5174238,25.0566761
112,9,20,20,55,2,01大同區,大同區太原路187號,0,0,1,3,H02,7,5,5,50,14,9,1,5,4,5,13,4,4,7,4,5,2,17,2,53,2,7,3,5,7,20,8,20,10,16,,67,,1,21,,121.5174238,25.0566761
112,9,20,20,55,2,01大同區,大同區太原路187號,0,0,1,2,C03,7,5,5,50,14,9,1,5,4,5,13,4,4,7,4,5,2,17,1,55,3,10,3,4,7,9,1,10,1,14,,107,,1,21,,121.5174238,25.0566761
112,9,20,21,28,2,03中山區,中山區建國北路1段與建國北路1段口2號前迴轉道,0,0,1,1,B01,8,5,5,50,14,9,1,5,4,5,13,4,4,1,4,5,2,13,1,56,3,10,3,4,7,9,1,4,2,8,,108,,1,21,,121.5364202,25.04667604
112,9,20,21,28,2,03中山區,中山區建國北路1段與建國北路1段口2號前迴轉道,0,0,1,2,C03,8,5,5,50,14,9,1,5,4,5,13,4,4,1,4,5,2,13,2,29,2,9,3,4,7,12,1,10,2,12,,42,,1,21,,121.5364202,25.04667604
112,9,20,21,34,2,08士林區,士林區中山北路7段14巷與中山北路7段14巷30弄口,0,0,2,2,C03,7,5,5,30,3,2,1,5,4,5,13,4,4,9,4,5,2,17,1,39,2,6,5,1,7,9,1,10,1,11,,44,,1,21,,121.5328684,25.11912901
112,9,20,21,34,2,08士林區,士林區中山北路7段14巷與中山北路7段14巷30弄口,0,0,2,1,C03,7,5,5,30,3,2,1,5,4,5,13,4,4,9,4,5,2,17,1,33,2,8,5,1,7,5,1,10,1,14,,72,,1,21,,121.5328684,25.11912901
112,9,20,21,47,2,03中山區,中山區民權東路3段與建國北路2段口,0,0,3,1,C03,7,5,5,50,4,4,1,5,4,5,13,1,1,9,4,5,1,13,1,31,2,7,6,1,7,9,1,10,2,14,,108,,1,21,,121.5369828,25.0625055
112,9,20,21,47,2,03中山區,中山區民權東路3段與建國北路2段口,0,0,3,3,H02,7,5,5,50,4,4,1,5,4,5,13,1,1,9,4,5,1,13,2,26,2,9,6,5,7,21,8,20,10,16,,67,,1,21,,121.5369828,25.0625055
112,9,20,21,47,2,03中山區,中山區民權東路3段與建國北路2段口,0,0,3,2,C03,7,5,5,50,4,4,1,5,4,5,13,1,1,9,4,5,1,13,1,20,2,8,6,1,7,14,1,10,2,12,,44,,1,21,,121.5369828,25.0625055
112,9,20,23,50,2,07信義區,信義區基隆路1段與松壽路口,0,0,1,1,B02,8,5,5,30,4,2,1,5,4,5,13,1,1,1,4,5,2,17,1,28,3,10,7,1,7,6,1,8,1,8,,9,,1,22,,121.5610473,25.0357204
112,9,20,23,50,2,07信義區,信義區基隆路1段與松壽路口,0,0,1,2,B02,8,5,5,30,4,2,1,5,4,5,13,1,1,1,4,5,2,17,1,30,2,8,7,1,7,5,1,2,1,6,,8,,1,22,,121.5610473,25.0357204
112,9,21,0,6,2,02萬華區,萬華區艋舺大道77號,0,0,1,2,B12,8,5,5,50,14,7,1,5,4,3,10,4,4,1,3,4,2,12,1,38,3,10,7,1,7,14,1,8,1,7,,44,,1,21,,121.5030545,25.03353288
112,9,21,0,6,2,02萬華區,萬華區艋舺大道77號,0,0,1,1,C03,8,5,5,50,14,7,1,5,4,3,10,4,4,1,3,4,2,12,2,24,2,9,5,1,7,9,1,10,1,12,,108,,1,21,,121.5030545,25.03353288
112,9,21,5,18,2,03中山區,中山區民權東路2段與吉林路口,0,0,1,2,B01,7,5,5,50,4,2,1,5,4,5,13,2,1,3,4,5,2,3,1,55,3,10,3,4,7,9,1,4,2,2,,70,,1,21,,121.5304292,25.0626204
112,9,21,5,18,2,03中山區,中山區民權東路2段與吉林路口,0,0,1,1,H01,7,5,5,50,4,2,1,5,4,5,13,2,1,3,4,5,2,3,1,80,2,9,4,5,8,16,8,20,10,16,,122,,1,21,,121.5304292,25.0626204
112,9,21,5,25,2,03中山區,中山區長安東路2段與建國北路1段口,0,0,1,1,B03,8,5,5,50,4,1,1,5,4,5,13,1,1,1,4,5,2,13,1,20,3,10,7,1,7,9,1,8,5,1,,16,,1,22,,121.536948,25.0482472
112,9,21,5,25,2,03中山區,中山區長安東路2段與建國北路1段口,0,0,1,2,B12,8,5,5,50,4,1,1,5,4,5,13,1,1,1,4,5,2,13,2,63,2,9,7,1,7,9,1,8,2,3,,44,,1,22,,121.536948,25.0482472
112,9,21,6,59,2,10文山區,文山區木新路3段328號,0,0,1,2,C03,8,7,5,50,14,9,1,5,4,5,13,4,4,5,4,5,2,12,2,43,2,8,5,1,7,9,1,10,2,12,,44,,1,21,,121.5552512,24.98030195
112,9,21,6,59,2,10文山區,文山區木新路3段328號,0,0,1,1,C03,8,7,5,50,14,9,1,5,4,5,13,4,4,5,4,5,2,12,1,18,3,10,5,1,7,8,1,10,2,14,,100,,1,21,,121.5552512,24.98030195
112,9,21,7,34,2,02萬華區,萬華區西園路2段372巷101弄與西園路2段372巷口,0,0,2,2,C03,8,7,5,30,3,1,1,5,4,5,13,4,4,5,5,5,2,17,2,20,2,9,5,1,7,9,1,10,11,12,,44,,1,21,,121.4902946,25.026791
112,9,21,7,34,2,02萬華區,萬華區西園路2段372巷101弄與西園路2段372巷口,0,0,2,1,C03,8,7,5,30,3,1,1,5,4,5,13,4,4,5,5,5,2,17,1,51,2,8,5,1,7,15,1,10,11,12,,74,,1,21,,121.4902946,25.026791
112,9,21,8,0,2,12內湖區,內湖區瑞光路與江南街71巷16弄口,0,0,1,1,B03,8,5,5,30,4,1,1,5,4,5,13,2,1,5,5,5,2,16,2,67,3,10,7,1,7,5,1,8,1,8,,108,,1,21,,121.5770119,25.07517824
112,9,21,8,0,2,12內湖區,內湖區瑞光路與江南街71巷16弄口,0,0,1,2,C03,8,5,5,30,4,1,1,5,4,5,13,2,1,5,5,5,2,16,2,29,2,8,5,1,7,14,1,10,1,14,,44,,1,21,,121.5770119,25.07517824
112,9,21,8,9,2,01大同區,大同區民族西路與承德路3段口,0,0,1,2,B12,8,6,5,50,5,1,1,5,4,5,13,4,4,5,5,5,2,13,1,33,3,10,7,1,7,6,1,8,2,7,,44,,1,21,,121.5181793,25.0684674
112,9,21,8,9,2,01大同區,大同區民族西路與承德路3段口,0,0,1,1,C03,8,6,5,50,5,1,1,5,4,5,13,4,4,5,5,5,2,13,1,22,2,9,6,1,7,7,1,10,2,11,,16,,1,21,,121.5181793,25.0684674
112,9,21,8,12,2,07信義區,信義區市民大道6段與虎林街口,0,0,1,1,B03,8,6,5,50,4,1,1,5,4,5,13,1,1,9,4,5,2,17,1,49,3,10,3,4,7,9,1,8,2,5,,81,,1,23,,121.5759478,25.0491379
112,9,21,8,12,2,07信義區,信義區市民大道6段與虎林街口,0,0,1,2,C03,8,6,5,50,4,1,1,5,4,5,13,1,1,9,4,5,2,17,1,43,2,9,3,4,7,9,1,9,2,11,,44,,1,22,,121.5759478,25.0491379
112,9,21,8,15,2,08士林區,士林區重陽橋西往東,0,0,2,1,C03,8,5,5,25,8,11,1,5,4,5,13,4,4,1,4,1,2,12,1,31,2,8,3,4,7,8,1,10,1,12,,100,,1,22,,121.506592,25.0858093
112,9,21,8,15,2,08士林區,士林區重陽橋西往東,0,0,2,2,C03,8,5,5,25,8,11,1,5,4,5,13,4,4,1,4,1,2,12,1,23,2,7,3,4,7,9,1,10,1,14,,44,,1,22,,121.506592,25.0858093
112,9,21,8,19,2,12內湖區,內湖區金湖路與金湖路18巷口,0,0,1,2,C03,8,5,5,50,3,1,1,5,4,5,13,4,4,1,5,5,2,16,1,27,2,9,5,1,7,9,1,10,2,14,,44,,1,21,,121.5964017,25.0833234
112,9,21,8,19,2,12內湖區,內湖區金湖路與金湖路18巷口,0,0,1,1,B03,8,5,5,50,3,1,1,5,4,5,13,4,4,1,5,5,2,16,1,58,3,10,7,1,7,6,1,8,2,5,,9,,1,21,,121.5964017,25.0833234
112,9,21,8,40,2,05中正區,中正區濟南路2段與臨沂街口,0,0,1,1,,8,7,5,50,4,2,1,5,4,4,10,4,4,5,5,5,2,24,3,28,,,,,,,,,,,,128,,1,,,121.5302537,25.0405726
112,9,21,8,40,2,05中正區,中正區濟南路2段與臨沂街口,0,0,1,2,C03,8,7,5,50,4,2,1,5,4,4,10,4,4,5,5,5,2,24,2,26,2,9,5,1,7,9,1,9,2,11,,108,,1,21,,121.5302537,25.0405726
112,9,21,8,43,2,03中山區,中山區建國北路3段與松江路口,0,0,1,1,C03,8,5,5,50,5,1,1,5,4,5,13,1,1,1,4,4,1,16,1,32,3,10,6,4,7,5,1,10,1,13,,8,,1,21,,121.5334222,25.06768054
112,9,21,8,43,2,03中山區,中山區建國北路3段與松江路口,0,0,1,2,C03,8,5,5,50,5,1,1,5,4,5,13,1,1,1,4,4,1,16,1,42,2,9,6,4,7,9,1,10,1,11,,44,,1,21,,121.5334222,25.06768054
112,9,21,8,48,2,06松山區,松山區塔悠路332號往南100公尺處,0,0,2,2,F01,8,7,5,50,14,9,1,5,4,5,13,4,4,1,4,5,2,13,2,58,2,9,4,1,7,8,8,20,1,13,,100,,1,22,,121.5679017,25.06491144
112,9,21,8,48,2,06松山區,松山區塔悠路332號往南100公尺處,0,0,2,1,C03,8,7,5,50,14,9,1,5,4,5,13,4,4,1,4,5,2,13,1,17,2,7,6,1,7,9,2,18,1,11,,107,,1,22,,121.5679017,25.06491144
112,9,21,8,53,2,04大安區,大安區仁愛路4段與光復南路口,0,0,1,1,F01,8,7,5,50,4,1,1,5,4,5,13,2,1,1,4,5,2,12,2,74,2,9,4,1,7,7,8,20,1,12,,100,,1,21,,121.5574376,25.0374665
112,9,21,8,53,2,04大安區,大安區仁愛路4段與光復南路口,0,0,1,2,F01,8,7,5,50,4,1,1,5,4,5,13,2,1,1,4,5,2,12,2,26,3,10,4,1,7,15,8,20,1,11,,44,,1,21,,121.5574376,25.0374665
112,9,21,9,6,2,07信義區,信義區嘉興街與嘉興街216巷口,0,0,1,1,C03,8,6,5,30,3,1,1,5,4,5,13,4,4,9,4,5,1,16,1,52,3,10,3,4,7,6,6,10,1,11,,4,,1,21,,121.556681,25.0268701
112,9,21,9,6,2,07信義區,信義區嘉興街與嘉興街216巷口,0,0,1,2,C03,8,6,5,30,3,1,1,5,4,5,13,4,4,9,4,5,1,16,1,29,3,10,3,4,7,5,1,10,1,14,,30,,1,21,,121.556681,25.0268701
112,9,21,9,6,2,07信義區,信義區嘉興街與嘉興街216巷口,0,0,1,3,H02,8,6,5,30,3,1,1,5,4,5,13,4,4,9,4,5,1,16,2,27,2,5,3,5,7,20,8,20,10,16,,67,,1,21,,121.556681,25.0268701
112,9,21,9,25,2,07信義區,信義區基隆路2段115號,0,0,1,3,A02,8,6,5,50,14,9,1,5,4,5,13,1,1,1,4,5,2,17,1,45,3,10,7,1,7,9,1,2,1,4,,44,,1,26,,121.5570783,25.028757
112,9,21,9,25,2,07信義區,信義區基隆路2段115號,0,0,1,2,B03,8,6,5,50,14,9,1,5,4,5,13,1,1,1,4,5,2,17,1,32,3,10,7,1,7,7,1,8,1,17,,100,,1,22,,121.5570783,25.028757
112,9,21,9,25,2,07信義區,信義區基隆路2段115號,0,0,1,1,C03,8,6,5,50,14,9,1,5,4,5,13,1,1,1,4,5,2,17,1,63,2,8,6,1,7,8,1,10,1,12,,100,,1,22,,121.5570783,25.028757
112,9,21,9,26,2,03中山區,中山區市民大道2段與金山北路,0,0,1,2,C03,8,5,5,50,14,9,1,5,4,5,13,1,1,1,4,5,1,17,1,24,2,9,5,1,7,4,1,10,1,14,,1,,1,21,,121.5306284,25.0460986
112,9,21,9,26,2,03中山區,中山區市民大道2段與金山北路,0,0,1,1,B03,8,5,5,50,14,9,1,5,4,5,13,1,1,1,4,5,1,17,1,62,3,10,7,1,7,6,1,4,1,2,,9,,1,21,,121.5306284,25.0460986
112,9,21,9,59,2,10文山區,文山區景興路與景華街口,0,0,1,2,C03,8,6,5,50,4,1,1,5,4,5,13,2,1,1,4,5,2,13,1,26,2,8,6,1,7,9,1,10,2,11,,108,,1,21,,121.5447492,24.9952233
112,9,21,9,59,2,10文山區,文山區景興路與景華街口,0,0,1,1,B01,8,6,5,50,4,1,1,5,4,5,13,2,1,1,4,5,2,13,1,65,3,10,7,1,7,12,1,4,2,3,,14,,1,21,,121.5447492,24.9952233
112,9,21,10,0,2,07信義區,信義區松智路與松智路15巷口,0,0,1,2,C03,8,6,5,50,3,1,1,5,4,5,13,4,4,9,4,5,2,17,2,32,2,7,5,4,7,9,1,9,2,11,,14,,1,22,,121.5655647,25.0370339
112,9,21,10,0,2,07信義區,信義區松智路與松智路15巷口,0,0,1,1,B01,8,6,5,50,3,1,1,5,4,5,13,4,4,9,4,5,2,17,1,53,3,10,3,4,7,5,1,4,2,1,,74,,1,21,,121.5655647,25.0370339
112,9,21,10,14,2,10文山區,文山區景興路282巷與景後街口,0,0,1,1,C03,8,6,5,50,4,2,1,5,4,5,13,3,1,9,4,5,2,16,2,69,2,9,5,1,7,15,1,10,1,14,,72,,1,21,,121.5416157,24.989793
112,9,21,10,14,2,10文山區,文山區景興路282巷與景後街口,0,0,1,2,B03,8,6,5,50,4,2,1,5,4,5,13,3,1,9,4,5,2,16,2,45,3,10,7,1,7,9,1,8,1,2,,44,,1,21,,121.5416157,24.989793
112,9,21,11,1,2,10文山區,文山區興隆路3段與興隆路3段112巷口,0,0,1,1,C03,8,6,5,30,4,1,1,5,4,5,13,2,1,9,5,5,2,16,1,77,2,9,5,1,7,5,1,10,2,14,,8,,1,21,,121.5574389,24.9992704
112,9,21,11,1,2,10文山區,文山區興隆路3段與興隆路3段112巷口,0,0,1,2,B01,8,6,5,30,4,1,1,5,4,5,13,2,1,9,5,5,2,16,1,68,3,10,7,1,7,9,1,4,2,2,,108,,1,21,,121.5574389,24.9992704
112,9,21,11,49,2,07信義區,信義區松仁路與松仁路95巷口,0,0,1,2,C03,8,6,5,50,3,1,1,5,4,5,13,4,4,1,4,5,2,12,2,58,3,10,6,1,7,8,3,18,1,12,,100,,1,22,,121.5684806,25.0365338
112,9,21,11,49,2,07信義區,信義區松仁路與松仁路95巷口,0,0,1,1,C03,8,6,5,50,3,1,1,5,4,5,13,4,4,1,4,5,2,12,2,31,2,9,6,1,7,9,1,10,1,14,,14,,1,22,,121.5684806,25.0365338
112,9,21,12,10,2,10文山區,文山區景華街90號,0,0,3,1,C03,8,6,5,30,14,9,1,5,4,5,13,4,4,10,5,5,2,17,1,75,2,9,5,1,7,15,1,10,1,13,,118,,1,21,,121.5452612,24.9952016
112,9,21,12,10,2,10文山區,文山區景華街90號,0,0,3,2,C03,8,6,5,30,14,9,1,5,4,5,13,4,4,10,5,5,2,17,2,61,2,7,6,1,7,9,1,10,1,11,,13,,1,21,,121.5452612,24.9952016
112,9,21,12,10,2,10文山區,文山區景華街90號,0,0,3,3,C03,8,6,5,30,14,9,1,5,4,5,13,4,4,10,5,5,2,17,1,28,2,8,6,1,7,9,1,10,1,12,,13,,1,21,,121.5452612,24.9952016
112,9,21,13,5,2,08士林區,士林區社中街135號,0,0,1,1,B03,8,6,5,30,14,9,1,5,4,3,13,4,4,4,5,4,1,17,1,62,3,10,3,1,7,13,1,8,2,4,,40,,1,22,,121.5097572,25.0903903
112,9,21,13,5,2,08士林區,士林區社中街135號,0,0,1,2,C03,8,6,5,30,14,9,1,5,4,3,13,4,4,4,5,4,1,17,2,50,2,8,5,1,7,9,1,10,2,15,,44,,1,22,,121.5097572,25.0903903
112,9,21,14,4,2,09北投區,北投區大度路3段與關渡路口,0,0,1,2,C03,8,6,5,50,3,1,1,5,4,5,13,1,1,1,1,1,2,16,1,43,2,7,5,1,7,9,1,10,1,14,,108,,1,21,,121.4694534,25.12289965
112,9,21,14,4,2,09北投區,北投區大度路3段與關渡路口,0,0,1,1,B03,8,6,5,50,3,1,1,5,4,5,13,1,1,1,1,1,2,16,1,29,3,10,7,1,7,6,1,8,1,6,,9,,1,21,,121.4694534,25.12289965
112,9,21,14,50,2,08士林區,士林區中正路與中正路247巷口,0,0,1,1,C03,8,5,5,50,3,1,1,5,4,5,13,1,1,1,5,5,1,12,1,23,3,10,5,1,7,8,1,10,2,13,,100,,1,21,,121.525572,25.09529397
112,9,21,14,50,2,08士林區,士林區中正路與中正路247巷口,0,0,1,2,C03,8,5,5,50,3,1,1,5,4,5,13,1,1,1,5,5,1,12,1,61,2,9,5,1,7,9,1,10,2,12,,44,,1,21,,121.525572,25.09529397
112,9,21,15,37,2,10文山區,文山區秀明路1段19巷與秀明路1段19巷5弄口,0,0,1,1,B03,7,7,5,30,3,2,1,5,4,5,13,4,4,10,5,5,2,16,1,33,3,10,7,1,7,5,1,8,1,4,,74,,1,21,,121.5635646,24.98998407
112,9,21,15,37,2,10文山區,文山區秀明路1段19巷與秀明路1段19巷5弄口,0,0,1,2,C03,7,7,5,30,3,2,1,5,4,5,13,4,4,10,5,5,2,16,2,34,2,8,5,1,7,9,1,10,1,11,,44,,1,21,,121.5635646,24.98998407
112,9,21,15,47,2,05中正區,中正區中華路1段與漢口街1段口,0,0,2,2,C03,8,6,5,50,5,1,1,5,4,5,13,2,1,1,4,5,2,16,1,34,2,8,6,1,7,9,5,10,2,12,,44,,1,26,,121.5093009,25.0451607
112,9,21,15,47,2,05中正區,中正區中華路1段與漢口街1段口,0,0,2,1,C03,8,6,5,50,5,1,1,5,4,5,13,2,1,1,4,5,2,16,1,28,2,9,6,1,7,5,1,10,2,14,,8,,1,26,,121.5093009,25.0451607
112,9,21,15,52,2,01大同區,大同區大龍街與大龍街62巷口,0,0,1,1,C03,7,6,5,30,3,1,1,5,4,5,10,4,4,9,5,5,2,17,1,23,3,10,6,4,7,5,1,10,1,11,,72,,1,22,,121.5160323,25.065288
112,9,21,15,52,2,01大同區,大同區大龍街與大龍街62巷口,0,0,1,3,B02,7,6,5,30,3,1,1,5,4,5,10,4,4,9,5,5,2,17,2,48,3,10,3,4,7,14,1,8,1,4,,38,,1,22,,121.5160323,25.065288
112,9,21,15,52,2,01大同區,大同區大龍街與大龍街62巷口,0,0,1,2,C03,7,6,5,30,3,1,1,5,4,5,10,4,4,9,5,5,2,17,2,66,2,9,5,4,7,9,1,10,1,11,,44,,1,22,,121.5160323,25.065288
112,9,21,16,19,2,08士林區,士林區士東路91巷12號,0,0,1,1,B01,8,5,5,30,14,9,1,5,4,5,13,4,4,9,5,5,2,13,1,66,3,10,3,4,7,9,6,18,1,5,,107,,1,22,,121.5293752,25.11287766
112,9,21,16,19,2,08士林區,士林區士東路91巷12號,0,0,1,2,F01,8,5,5,30,14,9,1,5,4,5,13,4,4,9,5,5,2,13,2,79,2,8,3,4,7,9,8,20,1,13,,44,,1,22,,121.5293752,25.11287766
112,9,21,16,49,2,06松山區,松山區松河街90號,0,0,2,1,C03,7,6,5,40,14,9,1,5,4,5,13,4,4,5,5,5,2,16,1,22,2,7,6,4,7,11,1,10,2,14,,44,,1,22,,121.5731429,25.05075449
112,9,21,16,49,2,06松山區,松山區松河街90號,0,0,2,2,C03,7,6,5,40,14,9,1,5,4,5,13,4,4,5,5,5,2,16,1,65,2,7,5,4,7,9,1,10,2,12,,108,,1,22,,121.5731429,25.05075449
112,9,21,17,50,2,05中正區,中正區青島西路台大兒童醫院,0,0,1,2,C03,8,7,5,50,14,9,1,5,4,5,13,4,4,4,5,5,2,12,1,53,2,9,6,1,7,8,1,10,1,14,,100,,1,21,,121.518512,25.04471199
112,9,21,17,50,2,05中正區,中正區青島西路台大兒童醫院,0,0,1,3,B01,8,7,5,50,14,9,1,5,4,5,13,4,4,4,5,5,2,12,1,63,4,11,3,4,7,15,7,19,1,17,,38,,1,21,,121.518512,25.04471199
112,9,21,17,50,2,05中正區,中正區青島西路台大兒童醫院,0,0,1,1,B03,8,7,5,50,14,9,1,5,4,5,13,4,4,4,5,5,2,12,2,46,3,10,7,1,7,9,1,8,1,5,,17,,1,21,,121.518512,25.04471199
112,9,21,17,52,2,08士林區,士林區中山北路5段與文林路口,0,0,2,3,C03,8,5,5,50,3,2,1,5,4,5,13,2,1,1,1,1,1,17,1,22,2,9,5,1,7,9,1,10,1,11,,13,,1,21,,121.5257838,25.08541816
112,9,21,17,52,2,08士林區,士林區中山北路5段與文林路口,0,0,2,1,C03,8,5,5,50,3,2,1,5,4,5,13,2,1,1,1,1,1,17,2,55,2,9,5,1,7,12,1,10,1,13,,14,,1,21,,121.5257838,25.08541816
112,9,21,17,52,2,08士林區,士林區中山北路5段與文林路口,0,0,2,2,C03,8,5,5,50,3,2,1,5,4,5,13,2,1,1,1,1,1,17,1,44,3,10,5,1,7,9,1,10,1,11,,13,,1,21,,121.5257838,25.08541816
112,9,21,17,55,2,02萬華區,萬華區西園路1段與和平西路3段口,0,0,1,1,C03,8,5,5,40,4,2,1,5,4,5,13,1,1,2,3,5,2,12,1,50,2,9,5,1,7,8,1,10,1,14,,100,,1,21,,121.4993498,25.0355706
112,9,21,17,55,2,02萬華區,萬華區西園路1段與和平西路3段口,0,0,1,2,B01,8,5,5,40,4,2,1,5,4,5,13,1,1,2,3,5,2,12,1,29,3,10,7,1,7,9,1,10,1,5,,44,,1,21,,121.4993498,25.0355706
112,9,21,17,57,2,05中正區,中正區林森南路2-1號,0,0,1,2,C03,8,5,5,50,14,9,1,5,4,5,13,4,4,9,4,5,2,13,2,42,2,8,6,1,7,9,1,10,1,13,,44,,1,26,,121.5232267,25.0445169
112,9,21,17,57,2,05中正區,中正區林森南路2-1號,0,0,1,1,B12,8,5,5,50,14,9,1,5,4,5,13,4,4,9,4,5,2,13,1,30,3,10,7,1,7,9,1,8,1,1,,118,,1,26,,121.5232267,25.0445169
112,9,21,17,59,2,06松山區,松山區光復北路11巷與八德路4段17巷口,0,0,1,2,C03,8,5,5,30,3,1,1,5,4,5,13,4,4,8,5,5,2,16,1,30,2,9,6,1,7,9,6,18,2,12,,4,,1,22,,121.558466,25.04932565