發生年度,發生月,發生日,發生時-Hours,發生分,處理別-編號,區序,肇事地點,死亡人數,2-30日死亡人數,受傷人數,當事人序號,車種,天候,光線,道路類別,速限-速度限制,道路型態,事故位置,路面狀況1,路面狀況2,路面狀況3,道路障礙1,道路障礙2,號誌1,號誌2,車道劃分-分向,車道劃分-分道1,車道劃分-分道2,車道劃分-分道3,事故類型及型態,性別,年齡,受傷程度,主要傷處,保護裝置,行動電話,車輛用途,當事者行動狀態,駕駛資格情形,駕駛執照種類,飲酒情形,車輛撞擊部位1,車輛撞擊部位2,肇因碼-個別,肇因碼-主要,個人肇逃否,職業,旅次目的,座標-X,座標-Y
112,9,21,17,59,2,06松山區,松山區光復北路11巷與八德路4段17巷口,0,0,1,1,B03,8,5,5,30,3,1,1,5,4,5,13,4,4,8,5,5,2,16,1,41,3,10,7,1,7,5,1,8,2,4,,44,,1,22,,121.558466,25.04932565
112,9,21,18,10,2,06松山區,松山區民權東路4段與三民路口口,0,0,2,1,C04,7,5,5,50,4,1,1,5,4,5,13,2,1,1,4,4,2,12,2,56,2,9,6,4,7,8,1,11,2,14,,100,,1,22,,121.5630044,25.0627349
112,9,21,18,10,2,06松山區,松山區民權東路4段與三民路口口,0,0,2,2,A02,7,5,5,50,4,1,1,5,4,5,13,2,1,1,4,4,2,12,1,48,3,10,7,4,7,9,1,1,2,6,,44,,1,22,,121.5630044,25.0627349
112,9,21,18,10,2,06松山區,松山區民權東路4段與三民路口口,0,0,2,3,H02,7,5,5,50,4,1,1,5,4,5,13,2,1,1,4,4,2,12,2,49,2,9,6,5,7,17,8,20,10,16,,67,,1,22,,121.5630044,25.0627349
112,9,21,18,17,2,07信義區,信義區忠孝東路5段790巷與忠孝東路5段790巷23弄口,0,0,1,2,C03,8,5,5,30,4,2,1,5,4,5,13,4,4,10,5,5,2,17,1,47,3,10,5,1,7,9,1,10,1,11,,44,,1,22,,121.582428,25.0426757
112,9,21,18,17,2,07信義區,信義區忠孝東路5段790巷與忠孝東路5段790巷23弄口,0,0,1,1,C03,8,5,5,30,4,2,1,5,4,5,13,4,4,10,5,5,2,17,2,38,3,10,5,1,7,9,1,10,1,14,,44,,1,22,,121.582428,25.0426757
112,9,21,18,17,2,07信義區,信義區忠孝東路5段790巷與忠孝東路5段790巷23弄口,0,0,1,3,H02,8,5,5,30,4,2,1,5,4,5,13,4,4,10,5,5,2,17,2,5,2,8,5,5,7,20,8,20,10,16,,67,,1,22,,121.582428,25.0426757
112,9,21,18,45,2,11南港區,南港區研究院路2段37巷南往北,0,0,2,1,C03,7,5,5,30,14,9,1,5,4,5,13,4,4,5,5,5,2,13,2,46,2,8,5,1,7,12,1,10,2,13,,16,,1,21,,121.6165382,25.044781
112,9,21,18,45,2,11南港區,南港區研究院路2段37巷南往北,0,0,2,2,C03,7,5,5,30,14,9,1,5,4,5,13,4,4,5,5,5,2,13,1,47,2,9,5,1,7,9,1,10,2,11,,44,,1,21,,121.6165382,25.044781
112,9,21,18,51,2,03中山區,中山區德惠街與松江路口,0,0,1,1,B03,8,5,5,50,4,2,1,5,4,5,13,2,1,3,4,5,2,3,1,47,3,10,3,4,7,5,1,8,2,8,,70,,1,21,,121.5332186,25.0664653
112,9,21,18,51,2,03中山區,中山區德惠街與松江路口,0,0,1,2,H01,8,5,5,50,4,2,1,5,4,5,13,2,1,3,4,5,2,3,2,49,2,9,4,5,8,16,8,20,10,16,,67,,1,21,,121.5332186,25.0664653
112,9,21,18,56,2,12內湖區,內湖區堤頂大道2段與瑞光路478巷口,0,0,1,1,B02,8,5,5,50,5,1,1,5,4,5,13,4,4,1,3,5,1,16,2,46,3,10,7,1,7,6,1,8,1,2,,9,,1,21,,121.5685916,25.07749601
112,9,21,18,56,2,12內湖區,內湖區堤頂大道2段與瑞光路478巷口,0,0,1,2,C03,8,5,5,50,5,1,1,5,4,5,13,4,4,1,3,5,1,16,1,25,2,9,5,1,7,9,1,10,1,14,,44,,1,21,,121.5685916,25.07749601
112,9,21,18,57,2,05中正區,中正區中華路2段與寧波西街口,0,0,3,1,F01,8,5,5,40,4,1,1,5,4,5,13,1,1,5,5,4,2,16,2,72,2,9,4,1,7,5,8,20,2,14,,8,,1,22,,121.5102072,25.0246568
112,9,21,18,57,2,05中正區,中正區中華路2段與寧波西街口,0,0,3,3,H02,8,5,5,40,4,1,1,5,4,5,13,1,1,5,5,4,2,16,2,30,2,9,6,5,7,20,8,20,10,16,,67,,1,22,,121.5102072,25.0246568
112,9,21,18,57,2,05中正區,中正區中華路2段與寧波西街口,0,0,3,2,C03,8,5,5,40,4,1,1,5,4,5,13,1,1,5,5,4,2,16,1,36,2,9,6,1,7,9,1,10,2,12,,13,,1,22,,121.5102072,25.0246568
112,9,21,19,13,2,10文山區,文山區木新路3段172巷1號,0,0,1,2,B03,8,5,5,30,14,9,1,5,4,5,13,4,4,10,5,5,2,17,1,37,3,10,3,1,7,13,1,14,9,8,,44,,1,21,,121.5605268,24.98228778
112,9,21,19,13,2,10文山區,文山區木新路3段172巷1號,0,0,1,1,F01,8,5,5,30,14,9,1,5,4,5,13,4,4,10,5,5,2,17,2,64,2,9,3,4,7,15,8,20,9,14,,42,,1,21,,121.5605268,24.98228778
112,9,21,19,23,2,11南港區,南港區市民大道7段與東新街口,0,0,1,1,B03,7,5,5,50,4,2,1,5,4,5,13,2,1,3,4,5,2,16,1,35,3,10,3,4,7,11,1,8,1,5,,10,,1,21,,121.5851754,25.0496389
112,9,21,19,23,2,11南港區,南港區市民大道7段與東新街口,0,0,1,2,C03,7,5,5,50,4,2,1,5,4,5,13,2,1,3,4,5,2,16,1,25,2,9,6,4,7,9,1,10,1,14,,44,,1,21,,121.5851754,25.0496389
112,9,21,19,42,2,10文山區,文山區景華街52巷與景興路96巷口口,0,0,1,1,F01,8,5,5,50,4,1,1,5,4,5,13,4,4,9,5,5,2,15,1,73,2,1,4,1,7,9,8,20,1,11,,75,,1,21,,121.5437923,24.99468503
112,9,21,19,42,2,10文山區,文山區景華街52巷與景興路96巷口口,0,0,1,2,C03,8,5,5,50,4,1,1,5,4,5,13,4,4,9,5,5,2,15,1,31,3,10,5,1,7,9,1,10,1,11,,44,,1,21,,121.5437923,24.99468503
112,9,21,20,3,2,09北投區,北投區行義路與行義路402巷口口旁,0,0,1,1,C03,8,5,5,40,3,2,1,5,4,5,13,4,4,9,5,5,1,27,1,28,2,9,6,1,7,9,1,10,1,11,,44,,1,22,,121.5280002,25.141062
112,9,21,20,3,2,09北投區,北投區行義路與行義路402巷口口旁,0,0,1,2,,8,5,5,40,3,2,1,5,4,5,13,4,4,9,5,5,1,27,3,0,,,,,,,,,,,,66,,1,,,121.5280002,25.141062
112,9,21,20,6,2,03中山區,中山區林森北路353巷與民生東路1段70巷口,0,0,1,1,C03,8,5,5,30,4,2,1,5,4,5,13,4,4,10,5,5,2,15,1,24,2,9,3,4,7,9,1,10,1,14,,72,,1,21,,121.5264181,25.0570287
112,9,21,20,6,2,03中山區,中山區林森北路353巷與民生東路1段70巷口,0,0,1,2,B01,8,5,5,30,4,2,1,5,4,5,13,4,4,10,5,5,2,15,1,56,3,10,3,4,7,9,1,4,2,5,,13,,1,21,,121.5264181,25.0570287
112,9,21,20,10,2,07信義區,信義區松高路與忠孝東路5段22巷口口,0,0,1,1,B03,8,5,5,50,3,2,1,5,4,5,13,1,1,9,4,5,2,17,1,54,3,10,7,1,7,6,1,8,2,2,,9,,1,21,,121.5661516,25.03923
112,9,21,20,10,2,07信義區,信義區松高路與忠孝東路5段22巷口口,0,0,1,2,F01,8,5,5,50,3,2,1,5,4,5,13,1,1,9,4,5,2,17,2,59,2,9,4,1,7,9,8,20,2,11,,44,,1,21,,121.5661516,25.03923
112,9,21,20,11,2,01大同區,大同區承德路1段與長安西路口,0,0,1,2,C03,7,5,5,50,4,2,1,5,4,5,13,2,1,1,4,5,2,12,1,26,2,8,3,4,7,9,1,10,1,14,,16,,1,21,,121.5174238,25.0506294
112,9,21,20,11,2,01大同區,大同區承德路1段與長安西路口,0,0,1,1,B01,7,5,5,50,4,2,1,5,4,5,13,2,1,1,4,5,2,12,1,57,3,10,3,4,7,9,1,4,1,5,,16,,1,21,,121.5174238,25.0506294
112,9,21,20,27,2,03中山區,中山區建國北路3段與農安街口,0,0,1,1,B03,8,5,5,50,4,18,1,5,4,5,13,2,1,1,4,5,2,1,1,64,3,10,3,4,7,5,1,8,2,1,,70,,1,21,,121.5369177,25.0650552
112,9,21,20,27,2,03中山區,中山區建國北路3段與農安街口,0,0,1,2,H01,8,5,5,50,4,18,1,5,4,5,13,2,1,1,4,5,2,1,2,72,2,9,4,5,8,16,8,20,10,16,,67,,1,21,,121.5369177,25.0650552
112,9,21,21,50,2,08士林區,士林區通河西街1段76號堤外,0,0,2,2,C03,9,5,8,50,22,22,1,5,4,5,13,4,4,5,1,5,2,17,1,20,2,9,5,1,7,4,1,10,1,14,,50,,1,21,,121.5127037,25.0857434
112,9,21,21,50,2,08士林區,士林區通河西街1段76號堤外,0,0,2,1,C03,9,5,8,50,22,22,1,5,4,5,13,4,4,5,1,5,2,17,1,19,2,9,5,1,7,4,1,10,1,12,,1,,1,21,,121.5127037,25.0857434
112,9,21,22,8,2,08士林區,士林區環河北路3段與葫蘆街口,0,0,2,2,C03,7,5,5,50,3,1,1,5,4,5,13,4,4,1,4,5,2,17,1,18,2,9,6,1,7,9,1,10,2,14,,44,,1,22,,121.5074081,25.0827581
112,9,21,22,8,2,08士林區,士林區環河北路3段與葫蘆街口,0,0,2,3,H02,7,5,5,50,3,1,1,5,4,5,13,4,4,1,4,5,2,17,2,18,2,9,6,5,7,17,8,20,10,17,,67,,1,22,,121.5074081,25.0827581
112,9,21,22,8,2,08士林區,士林區環河北路3段與葫蘆街口,0,0,2,1,B03,7,5,5,50,3,1,1,5,4,5,13,4,4,1,4,5,2,17,1,43,3,10,7,1,7,6,1,8,2,5,,9,,1,22,,121.5074081,25.0827581
112,9,21,22,26,2,08士林區,士林區德行東路與芝玉路1段口,0,0,1,1,C03,7,5,5,30,5,2,1,5,4,5,13,3,1,9,4,5,2,17,1,18,2,8,5,1,7,9,1,10,1,12,,72,,1,21,,121.5341265,25.10973192
112,9,21,22,26,2,08士林區,士林區德行東路與芝玉路1段口,0,0,1,2,B03,7,5,5,30,5,2,1,5,4,5,13,3,1,9,4,5,2,17,1,26,3,10,7,1,7,9,1,8,1,1,,44,,1,21,,121.5341265,25.10973192
112,9,21,23,6,2,01大同區,大同區延平北路3段與民權西路口,0,0,2,1,C03,7,5,5,50,4,2,1,5,4,5,13,2,1,1,4,5,2,13,1,23,2,8,3,4,7,9,1,10,1,11,,107,,1,21,,121.5118771,25.06303
112,9,21,23,6,2,01大同區,大同區延平北路3段與民權西路口,0,0,2,2,C03,7,5,5,50,4,2,1,5,4,5,13,2,1,1,4,5,2,13,2,51,2,9,3,4,7,14,1,10,1,13,,44,,1,21,,121.5118771,25.06303
112,9,22,0,8,2,08士林區,士林區中山北路6段與福林橋口,0,0,1,1,C03,7,5,5,50,3,1,1,5,4,5,13,1,1,3,2,5,2,17,2,33,3,10,6,1,7,5,1,10,1,17,,83,,1,22,,121.5256019,25.1025321
112,9,22,0,8,2,08士林區,士林區中山北路6段與福林橋口,0,0,1,2,C03,7,5,5,50,3,1,1,5,4,5,13,1,1,3,2,5,2,17,1,31,2,9,6,1,7,9,1,10,1,14,,13,,1,22,,121.5256019,25.1025321
112,9,22,0,40,2,10文山區,文山區木柵路2段157號,0,0,1,2,C03,8,5,5,50,14,9,1,5,4,5,13,1,1,5,2,4,1,13,1,28,3,10,5,1,7,14,1,10,1,13,,44,,1,21,,121.5629396,24.9889306
112,9,22,0,40,2,10文山區,文山區木柵路2段157號,0,0,1,1,C03,8,5,5,50,14,9,1,5,4,5,13,1,1,5,2,4,1,13,1,31,2,9,5,1,7,9,1,10,1,11,,108,,1,21,,121.5629396,24.9889306
112,9,22,1,23,2,02萬華區,萬華區華中橋機車道往新北（華中055）,0,0,3,3,H01,8,5,7,40,8,11,1,5,4,5,13,4,4,1,3,5,2,13,2,28,2,4,4,5,8,16,8,20,10,16,,67,,1,21,,121.4954239,25.01465771
112,9,22,1,23,2,02萬華區,萬華區華中橋機車道往新北（華中055）,0,0,3,1,C03,8,5,7,40,8,11,1,5,4,5,13,4,4,1,3,5,2,13,2,18,2,9,6,1,7,9,1,10,1,11,,107,,1,21,,121.4954239,25.01465771
112,9,22,1,23,2,02萬華區,萬華區華中橋機車道往新北（華中055）,0,0,3,2,C03,8,5,7,40,8,11,1,5,4,5,13,4,4,1,3,5,2,13,2,32,2,8,5,1,7,15,1,10,1,13,,44,,1,21,,121.4954239,25.01465771
112,9,22,1,32,2,04大安區,大安區忠孝東路4段166號,0,0,4,1,C03,8,5,5,50,3,2,1,5,4,5,13,3,1,1,4,5,2,3,1,18,2,9,3,4,7,9,1,10,2,11,,70,,1,22,,121.5510783,25.0416682
112,9,22,1,32,2,04大安區,大安區忠孝東路4段166號,0,0,4,4,H02,8,5,5,50,3,2,1,5,4,5,13,3,1,1,4,5,2,3,2,18,2,8,3,5,7,17,8,20,10,16,,67,,1,22,,121.5510783,25.0416682
112,9,22,1,32,2,04大安區,大安區忠孝東路4段166號,0,0,4,2,H01,8,5,5,50,3,2,1,5,4,5,13,3,1,1,4,5,2,3,1,35,2,9,4,5,8,16,8,20,10,16,,67,,1,22,,121.5510783,25.0416682
112,9,22,1,32,2,04大安區,大安區忠孝東路4段166號,0,0,4,3,H01,8,5,5,50,3,2,1,5,4,5,13,3,1,1,4,5,2,3,2,24,2,9,4,5,8,16,8,20,10,16,,67,,1,22,,121.5510783,25.0416682
112,9,22,4,9,2,09北投區,北投區東華街2段與西安街2段口迴轉道口,0,0,1,1,B02,8,5,5,50,4,1,1,5,4,5,13,1,1,10,4,5,1,15,1,30,3,10,7,1,7,9,1,4,2,1,,81,,1,22,,121.5126054,25.11902226
112,9,22,4,9,2,09北投區,北投區東華街2段與西安街2段口迴轉道口,0,0,1,2,C03,8,5,5,50,4,1,1,5,4,5,13,1,1,10,4,5,1,15,1,69,2,9,5,1,7,9,1,10,2,14,,44,,1,22,,121.5126054,25.11902226
112,9,22,6,6,2,06松山區,松山區復興北路3號前,0,0,1,1,C03,8,6,8,50,22,22,1,5,4,5,13,4,4,9,5,5,2,17,2,65,4,11,3,4,7,5,1,14,11,12,,8,,2,22,,121.5445815,25.0482365
112,9,22,6,6,2,06松山區,松山區復興北路3號前,0,0,1,2,C03,8,6,8,50,22,22,1,5,4,5,13,4,4,9,5,5,2,17,1,19,2,8,6,4,7,11,1,10,11,14,,10,,1,21,,121.5445815,25.0482365
112,9,22,6,48,2,02萬華區,萬華區內江街與康定路口,0,0,1,1,B03,8,5,5,50,4,1,1,5,4,5,13,1,1,5,4,5,2,17,1,45,3,10,7,4,7,15,1,8,1,5,,44,,1,22,,121.5023224,25.0416895
112,9,22,6,48,2,02萬華區,萬華區內江街與康定路口,0,0,1,2,C03,8,5,5,50,4,1,1,5,4,5,13,1,1,5,4,5,2,17,1,52,2,9,5,4,7,9,1,10,1,11,,81,,1,22,,121.5023224,25.0416895
112,9,22,7,16,2,05中正區,中正區重慶南路2段與重慶南路2段8巷口口,0,0,3,3,H02,8,6,5,30,3,1,1,5,4,5,9,4,4,10,5,5,2,15,1,10,2,8,4,5,7,20,8,20,10,17,,67,,1,14,,121.5129168,25.0340106
112,9,22,7,16,2,05中正區,中正區重慶南路2段與重慶南路2段8巷口口,0,0,3,4,H02,8,6,5,30,3,1,1,5,4,5,9,4,4,10,5,5,2,15,2,14,2,8,4,5,7,20,8,20,10,17,,67,,1,15,,121.5129168,25.0340106
112,9,22,7,16,2,05中正區,中正區重慶南路2段與重慶南路2段8巷口口,0,0,3,1,B03,8,6,5,30,3,1,1,5,4,5,9,4,4,10,5,5,2,15,1,47,3,10,3,4,7,9,1,8,1,1,,80,,1,22,,121.5129168,25.0340106
112,9,22,7,16,2,05中正區,中正區重慶南路2段與重慶南路2段8巷口口,0,0,3,2,F02,8,6,5,30,3,1,1,5,4,5,9,4,4,10,5,5,2,15,2,41,2,8,4,1,7,9,8,20,1,14,,88,,1,22,,121.5129168,25.0340106
112,9,22,7,39,2,04大安區,大安區復興南路1段與復興南路1段340巷口,0,0,1,1,B03,8,7,5,50,4,1,1,5,4,5,13,2,1,1,4,5,2,16,1,54,3,10,7,1,7,6,1,8,2,2,,74,,1,21,,121.543567,25.0360674
112,9,22,7,39,2,04大安區,大安區復興南路1段與復興南路1段340巷口,0,0,1,2,C03,8,7,5,50,4,1,1,5,4,5,13,2,1,1,4,5,2,16,1,20,2,9,6,1,7,9,1,10,2,11,,44,,1,21,,121.543567,25.0360674
112,9,22,7,48,2,03中山區,中山區民生東路1段70巷與民生東路1段口,0,0,1,1,B01,8,5,5,50,4,1,1,5,5,5,13,4,4,5,4,5,2,17,1,59,3,10,3,4,7,5,1,4,1,1,,74,,1,21,,121.5264459,25.057998
112,9,22,7,48,2,03中山區,中山區民生東路1段70巷與民生東路1段口,0,0,1,2,C03,8,5,5,50,4,1,1,5,5,5,13,4,4,5,4,5,2,17,1,33,2,8,3,4,7,9,1,10,1,14,,44,,1,21,,121.5264459,25.057998
112,9,22,7,50,2,05中正區,中正區仁愛路1段42號,0,0,2,2,H01,8,6,5,0,14,20,4,5,4,5,9,4,4,10,5,5,2,9,2,3,2,9,4,5,8,18,8,20,10,16,,67,,1,24,,121.5238462,25.03822865
112,9,22,7,50,2,05中正區,中正區仁愛路1段42號,0,0,2,1,F01,8,6,5,0,14,20,4,5,4,5,9,4,4,10,5,5,2,9,2,26,2,7,4,1,7,9,8,20,2,12,,42,,1,22,,121.5238462,25.03822865
112,9,22,7,55,2,02萬華區,萬華區中興橋與環河快速道路口往台北市匝道,0,0,1,1,A12,8,6,5,50,8,7,1,5,4,5,13,4,4,10,5,5,2,12,1,48,3,10,7,1,7,9,1,7,1,1,,108,,1,21,,121.4998708,25.04419224
112,9,22,7,55,2,02萬華區,萬華區中興橋與環河快速道路口往台北市匝道,0,0,1,2,B03,8,6,5,50,8,7,1,5,4,5,13,4,4,10,5,5,2,12,1,53,2,9,7,1,7,14,1,8,1,3,,44,,1,21,,121.4998708,25.04419224
112,9,22,7,55,2,02萬華區,萬華區中興橋與環河快速道路口往台北市匝道,0,0,1,3,B03,8,6,5,50,8,7,1,5,4,5,13,4,4,10,5,5,2,12,1,60,3,10,7,1,7,14,1,8,1,3,,44,,1,21,,121.4998708,25.04419224
112,9,22,7,55,2,09北投區,北投區中央北路4段30巷與中央北路4段18巷37弄口,0,0,1,2,H01,8,6,5,30,3,1,1,5,4,5,13,4,4,10,5,5,1,9,2,83,2,9,4,5,8,16,8,20,10,16,,67,,1,21,,121.4779249,25.13566906
112,9,22,7,55,2,09北投區,北投區中央北路4段30巷與中央北路4段18巷37弄口,0,0,1,1,B03,8,6,5,30,3,1,1,5,4,5,13,4,4,10,5,5,1,9,1,45,3,10,7,1,7,2,1,8,1,3,,12,,1,21,,121.4779249,25.13566906
112,9,22,8,0,2,02萬華區,萬華區西園路2段281巷與西園路2段281巷6弄口,0,0,3,3,H02,8,5,5,30,4,1,1,5,4,5,13,4,4,10,5,5,2,17,1,4,2,9,3,5,7,20,8,20,10,16,,67,,1,22,,121.4925443,25.02381628
112,9,22,8,0,2,02萬華區,萬華區西園路2段281巷與西園路2段281巷6弄口,0,0,3,1,C03,8,5,5,30,4,1,1,5,4,5,13,4,4,10,5,5,2,17,1,52,2,7,5,4,7,9,6,10,1,11,,72,,1,22,,121.4925443,25.02381628
112,9,22,8,0,2,02萬華區,萬華區西園路2段281巷與西園路2段281巷6弄口,0,0,3,2,C03,8,5,5,30,4,1,1,5,4,5,13,4,4,10,5,5,2,17,2,29,2,9,5,4,7,9,1,10,1,11,,14,,1,22,,121.4925443,25.02381628
112,9,22,8,4,2,08士林區,士林區重慶北路4段與重慶北路4段220巷口,0,0,2,1,C03,8,7,5,50,3,2,1,5,4,5,13,4,4,10,5,5,2,17,1,32,2,9,5,1,7,1,1,10,2,11,,19,,1,21,,121.5114245,25.0857738
112,9,22,8,4,2,08士林區,士林區重慶北路4段與重慶北路4段220巷口,0,0,2,2,C03,8,7,5,50,3,2,1,5,4,5,13,4,4,10,5,5,2,17,2,29,2,9,5,1,7,6,1,10,2,11,,27,,1,21,,121.5114245,25.0857738
112,9,22,8,5,2,12內湖區,內湖區大湖山莊街225號,0,0,1,1,B03,8,6,5,30,11,9,1,5,4,5,13,4,4,9,4,5,2,11,2,35,3,10,7,1,7,9,1,8,1,8,,4,,1,21,,121.5988808,25.08830595
112,9,22,8,5,2,12內湖區,內湖區大湖山莊街225號,0,0,1,2,C03,8,6,5,30,11,9,1,5,4,5,13,4,4,9,4,5,2,11,2,51,2,8,5,1,7,9,1,10,1,14,,108,,1,21,,121.5988808,25.08830595
112,9,22,8,10,2,06松山區,松山區南京東路5段286巷與南京東路5段250巷36弄口口,0,0,1,2,C03,8,6,5,30,4,1,1,5,4,5,13,4,4,10,5,5,2,15,2,54,2,9,6,1,7,9,1,10,1,11,,44,,1,21,,121.5672935,25.0496983
112,9,22,8,10,2,06松山區,松山區南京東路5段286巷與南京東路5段250巷36弄口口,0,0,1,1,C03,8,6,5,30,4,1,1,5,4,5,13,4,4,10,5,5,2,15,1,47,3,10,6,1,7,9,1,10,1,14,,72,,1,21,,121.5672935,25.0496983
112,9,22,8,12,2,08士林區,士林區德行東路129巷與忠誠路2段10巷口,0,0,1,2,H01,8,6,5,30,4,2,1,5,4,5,13,4,4,10,5,5,1,3,2,82,2,8,4,5,8,16,8,20,10,16,,121,,1,22,,121.5291839,25.1087713
112,9,22,8,12,2,08士林區,士林區德行東路129巷與忠誠路2段10巷口,0,0,1,1,B12,8,6,5,30,4,2,1,5,4,5,13,4,4,10,5,5,1,3,1,56,3,10,7,1,7,2,1,8,2,3,,12,,1,22,,121.5291839,25.1087713
112,9,22,8,14,2,08士林區,士林區環河北路3段與延平北路5段285巷口,0,0,1,2,C03,8,6,5,50,3,2,1,5,4,5,13,4,4,1,4,5,1,16,1,18,2,9,5,1,7,9,1,10,1,14,,14,,1,21,,121.506597,25.08420974
112,9,22,8,14,2,08士林區,士林區環河北路3段與延平北路5段285巷口,0,0,1,1,C03,8,6,5,50,3,2,1,5,4,5,13,4,4,1,4,5,1,16,1,45,3,10,5,1,7,15,1,10,1,14,,9,,1,21,,121.506597,25.08420974
112,9,22,8,27,2,07信義區,信義區吳興街600巷70號,0,0,1,2,H01,8,6,5,30,11,9,1,5,4,5,13,4,4,10,5,5,2,3,2,47,2,9,4,5,8,16,8,20,10,16,,60,,1,22,,121.5706447,25.0191134
112,9,22,8,27,2,07信義區,信義區吳興街600巷70號,0,0,1,1,C03,8,6,5,30,11,9,1,5,4,5,13,4,4,10,5,5,2,3,2,33,3,10,5,1,7,9,1,10,2,11,,108,,1,22,,121.5706447,25.0191134
112,9,22,8,35,2,08士林區,士林區磺溪便道磺溪033燈桿,0,0,2,1,C03,8,6,5,30,14,9,1,5,4,5,13,4,4,10,5,5,1,13,1,52,2,8,5,1,7,9,1,10,1,11,,108,,1,21,,121.5211742,25.10615934
112,9,22,8,35,2,08士林區,士林區磺溪便道磺溪033燈桿,0,0,2,2,C03,8,6,5,30,14,9,1,5,4,5,13,4,4,10,5,5,1,13,2,55,2,5,5,1,7,14,1,10,1,13,,44,,1,21,,121.5211742,25.10615934
112,9,22,8,46,2,11南港區,南港區富康街27號,0,0,2,3,B03,8,7,5,30,14,9,1,5,4,5,13,4,4,10,5,5,2,3,1,55,3,10,7,4,7,15,1,8,1,4,,44,,1,22,,121.6172774,25.0536448
112,9,22,8,46,2,11南港區,南港區富康街27號,0,0,2,1,C03,8,7,5,30,14,9,1,5,4,5,13,4,4,10,5,5,2,3,1,25,2,8,5,1,7,15,1,10,1,11,,108,,1,22,,121.6172774,25.0536448
112,9,22,8,46,2,11南港區,南港區富康街27號,0,0,2,2,H01,8,7,5,30,14,9,1,5,4,5,13,4,4,10,5,5,2,3,1,73,2,9,4,5,8,16,8,20,1,16,,121,,1,22,,121.6172774,25.0536448
112,9,22,8,48,2,02萬華區,萬華區忠孝西路2段與西寧南路口,0,0,1,1,C03,8,6,5,50,4,2,1,5,4,5,13,2,1,1,4,5,2,12,4,0,4,11,3,4,7,9,7,19,11,15,,119,,2,21,,121.5074416,25.04861631
112,9,22,8,48,2,02萬華區,萬華區忠孝西路2段與西寧南路口,0,0,1,2,C03,8,6,5,50,4,2,1,5,4,5,13,2,1,1,4,5,2,12,1,45,2,9,6,1,7,14,1,10,1,14,,118,,1,21,,121.5074416,25.04861631
112,9,22,9,0,2,01大同區,大同區民族西路186號口,0,0,3,3,H02,8,6,5,50,14,9,1,5,4,5,13,4,4,5,4,5,2,13,2,36,2,7,5,5,7,20,8,20,10,16,,67,,1,21,,121.5146961,25.06859777
112,9,22,9,0,2,01大同區,大同區民族西路186號口,0,0,3,1,C03,8,6,5,50,14,9,1,5,4,5,13,4,4,5,4,5,2,13,1,36,2,7,5,1,7,7,1,10,1,13,,100,,1,21,,121.5146961,25.06859777
112,9,22,9,0,2,01大同區,大同區民族西路186號口,0,0,3,2,C03,8,6,5,50,14,9,1,5,4,5,13,4,4,5,4,5,2,13,1,47,2,7,5,1,7,9,1,10,1,11,,108,,1,21,,121.5146961,25.06859777
112,9,22,9,0,2,10文山區,文山區木柵路4段與木柵路4段33巷口口,0,0,1,2,C03,8,6,5,50,3,1,1,5,4,5,13,2,1,5,4,5,2,13,1,42,2,8,6,1,7,9,1,10,2,13,,44,,1,21,,121.5715616,24.9941048
112,9,22,9,0,2,10文山區,文山區木柵路4段與木柵路4段33巷口口,0,0,1,1,E03,8,6,5,50,3,1,1,5,4,5,13,2,1,5,4,5,2,13,1,31,3,10,7,1,7,9,1,8,2,8,,108,,1,23,,121.5715616,24.9941048
112,9,22,9,23,2,03中山區,中山區中山北路2段與民生西路口,0,0,3,4,H02,8,5,5,50,14,9,1,5,4,5,13,1,1,5,4,5,2,13,2,31,2,8,3,5,7,20,8,20,10,16,,67,,1,21,,121.5225801,25.057873
112,9,22,9,23,2,03中山區,中山區中山北路2段與民生西路口,0,0,3,1,C03,8,5,5,50,14,9,1,5,4,5,13,1,1,5,4,5,2,13,1,21,2,8,3,4,7,9,1,10,1,11,,16,,1,21,,121.5225801,25.057873
112,9,22,9,23,2,03中山區,中山區中山北路2段與民生西路口,0,0,3,2,B03,8,5,5,50,14,9,1,5,4,5,13,1,1,5,4,5,2,13,2,39,3,10,3,4,7,12,1,8,1,3,,44,,1,21,,121.5225801,25.057873
112,9,22,9,23,2,03中山區,中山區中山北路2段與民生西路口,0,0,3,3,C03,8,5,5,50,14,9,1,5,4,5,13,1,1,5,4,5,2,13,1,34,2,9,3,4,7,9,1,10,1,11,,44,,1,21,,121.5225801,25.057873
112,9,22,9,47,2,04大安區,大安區復興南路2段151巷5號,0,0,1,1,B03,8,6,5,40,14,9,1,5,4,3,13,4,4,5,2,5,1,12,1,40,3,10,3,4,7,1,1,8,1,4,,19,,1,21,,121.5438954,25.028434
112,9,22,9,47,2,04大安區,大安區復興南路2段151巷5號,0,0,1,2,C03,8,6,5,40,14,9,1,5,4,3,13,4,4,5,2,5,1,12,1,34,2,7,5,1,7,9,1,10,1,12,,44,,1,21,,121.5438954,25.028434
112,9,22,9,50,2,05中正區,中正區仁愛路2段與新生南路1段口,0,0,1,2,H01,8,5,5,50,4,18,1,5,4,5,13,1,1,9,2,5,2,9,2,46,2,9,4,5,8,16,8,20,10,16,,67,,1,21,,121.532709,25.037956