發生年度,發生月,發生日,發生時-Hours,發生分,處理別-編號,區序,肇事地點,死亡人數,2-30日死亡人數,受傷人數,當事人序號,車種,天候,光線,道路類別,速限-速度限制,道路型態,事故位置,路面狀況1,路面狀況2,路面狀況3,道路障礙1,道路障礙2,號誌1,號誌2,車道劃分-分向,車道劃分-分道1,車道劃分-分道2,車道劃分-分道3,事故類型及型態,性別,年齡,受傷程度,主要傷處,保護裝置,行動電話,車輛用途,當事者行動狀態,駕駛資格情形,駕駛執照種類,飲酒情形,車輛撞擊部位1,車輛撞擊部位2,肇因碼-個別,肇因碼-主要,個人肇逃否,職業,旅次目的,座標-X,座標-Y
112,9,23,15,31,2,06松山區,松山區敦化北路120巷7弄與長春路口口,0,0,1,2,C03,8,6,5,30,4,1,1,5,4,5,13,4,4,5,4,4,2,16,2,39,2,9,6,1,7,9,3,18,1,12,,44,,1,21,,121.5480229,25.05443422
112,9,23,16,20,2,04大安區,大安區羅斯福路2段與杭州南路2段口,0,0,1,1,C03,8,6,5,30,5,1,1,5,4,5,13,1,1,3,4,2,1,17,2,56,2,9,5,1,7,6,1,10,1,14,,9,,1,22,,121.5217552,25.02824
112,9,23,16,20,2,04大安區,大安區羅斯福路2段與杭州南路2段口,0,0,1,2,B01,8,6,5,30,5,1,1,5,4,5,13,1,1,3,4,2,1,17,1,69,3,10,7,1,7,15,1,4,1,2,,108,,1,21,,121.5217552,25.02824
112,9,23,16,36,2,07信義區,信義區信安街67巷81號,0,0,1,2,C03,8,6,5,50,14,8,1,5,4,5,13,4,4,5,5,4,2,17,1,36,2,9,3,4,7,9,1,10,2,11,,108,,1,21,,121.5602415,25.0258917
112,9,23,16,36,2,07信義區,信義區信安街67巷81號,0,0,1,1,B03,8,6,5,50,14,8,1,5,4,5,13,4,4,5,5,4,2,17,1,58,3,10,3,4,7,6,1,8,2,3,,9,,1,21,,121.5602415,25.0258917
112,9,23,16,48,2,09北投區,北投區大業路與承德路7段口,0,0,1,2,B03,8,6,5,50,5,1,1,5,4,5,13,2,1,1,4,5,2,17,1,31,3,10,7,1,7,9,1,8,1,2,,99,,1,22,,121.4996018,25.1212531
112,9,23,16,48,2,09北投區,北投區大業路與承德路7段口,0,0,1,1,C03,8,6,5,50,5,1,1,5,4,5,13,2,1,1,4,5,2,17,1,50,2,7,5,1,7,5,6,18,1,14,,8,,1,22,,121.4996018,25.1212531
112,9,23,17,8,2,05中正區,中正區南海路45號,0,0,1,1,B03,8,6,5,30,14,9,1,5,4,1,13,1,1,10,4,5,2,17,1,43,3,10,7,1,7,1,1,4,2,8,,19,,1,21,,121.5121406,25.0313129
112,9,23,17,8,2,05中正區,中正區南海路45號,0,0,1,2,C03,8,6,5,30,14,9,1,5,4,1,13,1,1,10,4,5,2,17,1,40,2,9,5,1,7,9,1,10,2,11,,44,,1,21,,121.5121406,25.0313129
112,9,23,17,17,2,07信義區,信義區信義路5段與松勇路口,0,0,2,1,C03,8,5,5,50,3,2,1,5,4,5,13,4,4,1,4,5,2,12,1,45,2,7,5,1,7,4,1,11,1,14,,107,,1,21,,121.5697372,25.03289172
112,9,23,17,17,2,07信義區,信義區信義路5段與松勇路口,0,0,2,2,C03,8,5,5,50,3,2,1,5,4,5,13,4,4,1,4,5,2,12,2,57,2,7,5,1,7,9,1,10,1,12,,44,,1,21,,121.5697372,25.03289172
112,9,23,17,17,2,07信義區,信義區信義路5段與松勇路口,0,0,2,3,B02,8,5,5,50,3,2,1,5,4,5,13,4,4,1,4,5,2,12,2,34,3,10,7,1,7,14,1,8,1,2,,44,,1,21,,121.5697372,25.03289172
112,9,23,17,25,2,02萬華區,萬華區長沙街2段與西昌街口,0,0,2,2,C03,8,7,5,50,4,2,1,1,4,5,13,1,1,9,5,5,2,16,2,46,2,9,5,1,7,5,1,10,1,11,,2,,1,21,,121.5008308,25.0409174
112,9,23,17,25,2,02萬華區,萬華區長沙街2段與西昌街口,0,0,2,1,C03,8,7,5,50,4,2,1,1,4,5,13,1,1,9,5,5,2,16,1,29,2,8,5,1,7,9,1,10,1,11,,13,,1,21,,121.5008308,25.0409174
112,9,23,17,48,2,08士林區,士林區延平北路8段13號,0,0,1,1,C03,8,6,5,40,14,9,5,5,4,5,13,4,4,10,5,5,1,13,2,22,2,9,5,1,7,9,1,10,1,14,,42,,1,21,,121.4862616,25.10410027
112,9,23,17,48,2,08士林區,士林區延平北路8段13號,0,0,1,2,B03,8,6,5,40,14,9,5,5,4,5,13,4,4,10,5,5,1,13,1,49,3,10,7,1,7,9,1,8,1,2,,44,,1,21,,121.4862616,25.10410027
112,9,23,18,0,2,04大安區,大安區和平東路3段與嘉興街口口,0,0,2,1,B03,8,5,5,50,4,1,1,5,4,5,13,1,1,2,3,5,1,15,1,72,3,10,7,1,7,9,1,8,1,6,,85,,1,21,,121.5538434,25.02299163
112,9,23,18,0,2,04大安區,大安區和平東路3段與嘉興街口口,0,0,2,2,C03,8,5,5,50,4,1,1,5,4,5,13,1,1,2,3,5,1,15,1,56,2,9,6,1,7,9,1,10,1,11,,44,,1,21,,121.5538434,25.02299163
112,9,23,18,0,2,04大安區,大安區和平東路3段與嘉興街口口,0,0,2,3,H02,8,5,5,50,4,1,1,5,4,5,13,1,1,2,3,5,1,15,2,54,2,9,4,5,7,17,8,20,10,16,,67,,1,21,,121.5538434,25.02299163
112,9,23,18,11,2,06松山區,松山區南京東路5段389巷11弄與南京東路5段389巷口,0,0,2,1,C03,7,5,5,30,4,1,1,5,4,5,13,4,4,10,5,5,2,15,2,71,2,9,6,1,7,9,3,18,2,11,,72,,1,21,,121.5693926,25.0523977
112,9,23,18,11,2,06松山區,松山區南京東路5段389巷11弄與南京東路5段389巷口,0,0,2,2,C03,7,5,5,30,4,1,1,5,4,5,13,4,4,10,5,5,2,15,2,59,2,9,5,1,7,9,3,18,2,11,,14,,1,21,,121.5693926,25.0523977
112,9,23,18,20,2,03中山區,中山區復興北路與民權東路3段口,0,0,1,1,B03,8,5,5,50,3,1,1,5,3,5,13,4,4,9,4,5,2,17,2,34,3,10,7,1,7,6,1,8,1,2,,9,,1,21,,121.5441215,25.0627322
112,9,23,18,20,2,03中山區,中山區復興北路與民權東路3段口,0,0,1,2,C03,8,5,5,50,3,1,1,5,3,5,13,4,4,9,4,5,2,17,1,31,2,9,5,1,7,9,1,10,1,11,,118,,1,21,,121.5441215,25.0627322
112,9,23,18,30,2,08士林區,士林區士商路與承德路5段口,0,0,2,1,B03,8,5,5,50,4,1,1,5,4,5,13,2,1,1,5,5,1,17,1,30,3,10,7,1,7,6,1,8,1,4,,9,,1,21,,121.5133786,25.0962915
112,9,23,18,30,2,08士林區,士林區士商路與承德路5段口,0,0,2,3,H02,8,5,5,50,4,1,1,5,4,5,13,2,1,1,5,5,1,17,2,65,2,9,5,5,7,20,8,20,10,16,,67,,1,21,,121.5133786,25.0962915
112,9,23,18,30,2,08士林區,士林區士商路與承德路5段口,0,0,2,2,C03,8,5,5,50,4,1,1,5,4,5,13,2,1,1,5,5,1,17,1,66,2,9,5,1,7,5,1,8,1,12,,8,,1,21,,121.5133786,25.0962915
112,9,23,18,58,2,12內湖區,內湖區環山路2段91號,0,0,2,2,C03,8,5,5,50,14,9,1,5,4,5,13,4,4,5,4,5,2,13,1,53,2,4,5,1,7,9,1,10,1,13,,44,,1,21,,121.5753041,25.08472616
112,9,23,18,58,2,12內湖區,內湖區環山路2段91號,0,0,2,1,C03,8,5,5,50,14,9,1,5,4,5,13,4,4,5,4,5,2,13,1,20,2,9,5,1,7,9,1,10,1,11,,16,,1,21,,121.5753041,25.08472616
112,9,23,19,16,2,06松山區,松山區松河街200號,0,0,1,3,H02,8,5,5,40,14,9,1,5,4,5,13,4,4,9,4,5,2,12,2,12,2,8,5,5,7,20,8,20,10,17,,67,,1,16,,121.5771059,25.05151166
112,9,23,19,16,2,06松山區,松山區松河街200號,0,0,1,1,B03,8,5,5,40,14,9,1,5,4,5,13,4,4,9,4,5,2,12,1,18,3,10,7,2,7,9,1,8,1,2,,108,,1,16,,121.5771059,25.05151166
112,9,23,19,16,2,06松山區,松山區松河街200號,0,0,1,2,C03,8,5,5,40,14,9,1,5,4,5,13,4,4,9,4,5,2,12,2,49,3,10,5,1,7,1,1,10,1,14,,19,,1,25,,121.5771059,25.05151166
112,9,23,19,19,2,04大安區,大安區安和路1段與仁愛路4段266巷口,0,0,1,1,B03,8,5,5,50,5,1,1,5,4,5,13,1,1,9,4,5,1,3,2,35,3,10,3,4,7,11,1,8,1,17,,10,,1,22,,121.5527024,25.036503
112,9,23,19,19,2,04大安區,大安區安和路1段與仁愛路4段266巷口,0,0,1,2,H01,8,5,5,50,5,1,1,5,4,5,13,1,1,9,4,5,1,3,2,67,2,7,4,5,8,16,8,20,10,16,,121,,1,22,,121.5527024,25.036503
112,9,23,19,30,2,08士林區,士林區至善路1段與福林路254巷口,0,0,1,2,B03,8,5,5,40,3,1,1,5,4,5,13,3,1,1,4,4,2,12,1,52,3,10,3,4,7,10,1,8,2,2,,100,,1,22,,121.5378153,25.0981541
112,9,23,19,30,2,08士林區,士林區至善路1段與福林路254巷口,0,0,1,1,C03,8,5,5,40,3,1,1,5,4,5,13,3,1,1,4,4,2,12,1,35,2,9,3,4,7,15,1,10,2,14,,13,,1,22,,121.5378153,25.0981541
112,9,23,19,51,2,03中山區,中山區長安東路1段與長安東路1段53巷口,0,0,1,2,C04,8,5,5,50,4,1,1,5,4,5,13,1,1,5,4,5,2,17,2,26,2,9,5,1,7,9,1,10,1,11,,44,,1,22,,121.5263254,25.0487673
112,9,23,19,51,2,03中山區,中山區長安東路1段與長安東路1段53巷口,0,0,1,1,B03,8,5,5,50,4,1,1,5,4,5,13,1,1,5,4,5,2,17,1,38,3,10,7,1,7,11,6,18,11,5,,10,,2,22,,121.5263254,25.0487673
112,9,23,19,58,2,08士林區,士林區中山北路6段324號,0,0,1,1,B03,8,5,5,50,14,9,1,5,4,5,13,4,4,1,5,5,1,17,1,47,3,10,7,1,7,2,1,8,1,4,,12,,1,21,,121.5259772,25.1114283
112,9,23,19,58,2,08士林區,士林區中山北路6段324號,0,0,1,2,C03,8,5,5,50,14,9,1,5,4,5,13,4,4,1,5,5,1,17,1,42,2,9,5,1,7,9,1,8,1,12,,42,,1,21,,121.5259772,25.1114283
112,9,23,20,3,2,10文山區,文山區辛亥路4段與辛亥路4段130巷口,0,0,1,2,C03,8,5,5,50,3,2,1,5,4,5,13,2,1,1,4,5,2,16,1,35,2,8,6,1,7,9,1,10,1,11,,108,,1,21,,121.5570021,25.0048847
112,9,23,20,3,2,10文山區,文山區辛亥路4段與辛亥路4段130巷口,0,0,1,1,B03,8,5,5,50,3,2,1,5,4,5,13,2,1,1,4,5,2,16,1,65,3,10,7,1,7,11,1,8,1,7,,103,,1,21,,121.5570021,25.0048847
112,9,23,20,10,2,03中山區,中山區北安路139號,0,0,1,1,C03,8,5,5,50,18,9,1,5,4,5,13,4,4,9,4,5,2,17,1,18,2,9,5,1,7,15,1,10,1,12,,17,,1,21,,121.5326283,25.0782591
112,9,23,20,10,2,03中山區,中山區北安路139號,0,0,1,2,C03,8,5,5,50,18,9,1,5,4,5,13,4,4,9,4,5,2,17,1,31,3,10,5,1,7,15,1,10,1,14,,17,,1,21,,121.5326283,25.0782591
112,9,23,20,19,2,06松山區,松山區民權東路4段與富錦街107巷口,0,0,2,3,H02,8,5,5,40,3,1,1,5,4,5,13,4,4,1,3,4,2,17,2,16,2,9,6,5,7,20,8,20,10,16,,67,,1,21,,121.5521901,25.06151298
112,9,23,20,19,2,06松山區,松山區民權東路4段與富錦街107巷口,0,0,2,2,C03,8,5,5,40,3,1,1,5,4,5,13,4,4,1,3,4,2,17,1,18,2,9,6,1,7,9,1,10,1,11,,44,,1,21,,121.5521901,25.06151298
112,9,23,20,19,2,06松山區,松山區民權東路4段與富錦街107巷口,0,0,2,1,C03,8,5,5,40,3,1,1,5,4,5,13,4,4,1,3,4,2,17,2,32,3,10,5,1,7,6,1,10,1,13,,9,,1,21,,121.5521901,25.06151298
112,9,23,21,10,2,08士林區,士林區中山北路6段與中山北路6段195巷口,0,0,2,1,C03,8,5,5,50,4,2,1,5,4,5,13,2,1,1,4,5,2,17,1,61,2,8,6,1,7,11,1,10,1,12,,10,,1,21,,121.525034,25.1077815
112,9,23,21,10,2,08士林區,士林區中山北路6段與中山北路6段195巷口,0,0,2,2,C03,8,5,5,50,4,2,1,5,4,5,13,2,1,1,4,5,2,17,1,23,2,9,6,1,7,15,1,10,1,11,,13,,1,21,,121.525034,25.1077815
112,9,23,21,30,2,06松山區,松山區東興路23號,0,0,1,1,B01,8,5,5,50,14,9,1,5,4,5,13,4,4,9,5,5,2,17,1,63,3,10,7,1,7,9,1,4,2,5,,107,,1,25,,121.5654532,25.04948695
112,9,23,21,30,2,06松山區,松山區東興路23號,0,0,1,2,F01,8,5,5,50,14,9,1,5,4,5,13,4,4,9,5,5,2,17,1,71,2,9,4,1,7,15,8,20,2,14,,72,,1,16,,121.5654532,25.04948695
112,9,23,21,50,2,05中正區,中正區信義路1段與杭州南路2段口,0,0,1,1,C03,8,5,5,50,4,1,1,5,4,5,13,1,1,10,4,1,2,13,1,28,2,9,6,1,7,9,1,10,1,11,,108,,1,21,,121.5240815,25.03548961
112,9,23,21,50,2,05中正區,中正區信義路1段與杭州南路2段口,0,0,1,2,C03,8,5,5,50,4,1,1,5,4,5,13,1,1,10,4,1,2,13,1,27,3,10,6,1,7,9,1,10,1,13,,44,,1,21,,121.5240815,25.03548961
112,9,23,22,55,2,04大安區,大安區四維路208巷與敦化南路2段口,0,0,3,1,C03,7,5,5,50,3,2,1,5,4,5,13,4,4,1,3,5,2,12,2,19,2,9,6,1,7,7,1,10,1,12,,100,,1,21,,121.5484877,25.0262771
112,9,23,22,55,2,04大安區,大安區四維路208巷與敦化南路2段口,0,0,3,3,H02,7,5,5,50,3,2,1,5,4,5,13,4,4,1,3,5,2,12,2,22,2,9,5,5,7,17,8,20,10,16,,67,,1,21,,121.5484877,25.0262771
112,9,23,22,55,2,04大安區,大安區四維路208巷與敦化南路2段口,0,0,3,2,C04,7,5,5,50,3,2,1,5,4,5,13,4,4,1,3,5,2,12,2,21,2,9,6,1,7,9,1,10,1,14,,44,,1,21,,121.5484877,25.0262771
112,9,23,23,0,2,05中正區,中正區寶慶路2號,0,0,1,1,C03,8,5,5,50,14,9,1,5,4,5,13,4,4,10,5,5,1,18,2,37,2,9,6,1,7,9,1,10,11,12,,116,,1,22,,121.5101305,25.0413463
112,9,23,23,0,2,05中正區,中正區寶慶路2號,0,0,1,2,,8,5,5,50,14,9,1,5,4,5,13,4,4,10,5,5,1,18,3,0,,,,,,,,,,,,67,,1,,,121.5101305,25.0413463
112,9,23,23,25,2,09北投區,北投區竹子湖路1207411燈桿,0,0,3,1,C03,8,5,5,40,11,9,1,5,4,5,13,4,4,4,4,5,1,17,1,18,2,9,3,4,7,9,1,10,2,11,,42,,1,25,,121.5542247,25.1816123
112,9,23,23,25,2,09北投區,北投區竹子湖路1207411燈桿,0,0,3,2,C03,8,5,5,40,11,9,1,5,4,5,13,4,4,4,4,5,1,17,1,20,2,9,3,4,7,9,1,10,2,14,,44,,1,21,,121.5542247,25.1816123
112,9,23,23,25,2,09北投區,北投區竹子湖路1207411燈桿,0,0,3,3,H02,8,5,5,40,11,9,1,5,4,5,13,4,4,4,4,5,1,17,2,20,2,9,3,5,7,20,8,20,10,16,,67,,1,21,,121.5542247,25.1816123
112,9,23,23,40,2,03中山區,中山區明水路581巷13弄與明水路581巷口,0,0,2,2,C03,8,5,5,30,4,1,1,5,4,5,13,3,1,5,4,5,2,17,2,49,2,9,5,1,7,9,1,10,1,11,,44,,1,21,,121.5511401,25.0800084
112,9,23,23,40,2,03中山區,中山區明水路581巷13弄與明水路581巷口,0,0,2,1,C03,8,5,5,30,4,1,1,5,4,5,13,3,1,5,4,5,2,17,1,20,2,9,5,1,7,9,1,10,1,11,,72,,1,21,,121.5511401,25.0800084
112,9,24,0,9,2,02萬華區,萬華區青年路與國興路口,0,0,3,3,H02,8,5,5,30,4,1,1,5,4,5,13,1,1,8,3,5,2,16,2,18,2,9,6,5,7,17,8,20,10,16,,67,,1,21,,121.506421,25.0261021
112,9,24,0,9,2,02萬華區,萬華區青年路與國興路口,0,0,3,2,C03,8,5,5,30,4,1,1,5,4,5,13,1,1,8,3,5,2,16,2,60,2,9,6,1,7,9,1,10,1,11,,44,,1,21,,121.506421,25.0261021
112,9,24,0,9,2,02萬華區,萬華區青年路與國興路口,0,0,3,1,C03,8,5,5,30,4,1,1,5,4,5,13,1,1,8,3,5,2,16,2,18,2,9,6,1,7,5,1,10,1,12,,74,,1,21,,121.506421,25.0261021
112,9,24,0,11,2,01大同區,大同區延平北路4段與延平北路4段294巷口,0,0,2,1,C03,8,5,5,50,3,1,1,5,4,5,13,1,1,1,4,5,2,23,1,61,2,9,6,1,7,9,6,10,7,11,,21,,1,21,,121.5121003,25.07709574
112,9,24,0,11,2,01大同區,大同區延平北路4段與延平北路4段294巷口,0,0,2,2,,8,5,5,50,3,1,1,5,4,5,13,1,1,1,4,5,2,23,3,0,,,,,,,,,,,,67,,1,,,121.5121003,25.07709574
112,9,24,0,11,2,01大同區,大同區延平北路4段與延平北路4段294巷口,0,0,2,3,H02,8,5,5,50,3,1,1,5,4,5,13,1,1,1,4,5,2,23,2,66,2,9,6,5,7,20,8,20,10,16,,60,,1,21,,121.5121003,25.07709574
112,9,24,1,9,2,07信義區,信義區林口街114巷與林口街口,0,0,2,1,C03,8,5,5,30,4,2,1,5,4,5,13,3,1,5,4,5,2,15,2,37,2,9,5,1,7,9,1,10,1,11,,42,,1,22,,121.5801463,25.0399902
112,9,24,1,9,2,07信義區,信義區林口街114巷與林口街口,0,0,2,2,C03,8,5,5,30,4,2,1,5,4,5,13,3,1,5,4,5,2,15,1,34,3,10,5,1,7,9,1,10,1,12,,42,,1,22,,121.5801463,25.0399902
112,9,24,1,9,2,07信義區,信義區林口街114巷與林口街口,0,0,2,3,H02,8,5,5,30,4,2,1,5,4,5,13,3,1,5,4,5,2,15,1,37,2,8,5,5,7,20,8,20,10,16,,67,,1,22,,121.5801463,25.0399902
112,9,24,1,48,2,12內湖區,內湖區成功路2段與成功路2段320巷口,0,0,3,1,C03,8,5,5,50,3,1,1,5,4,5,13,1,1,1,4,5,2,16,1,22,2,9,5,1,7,9,1,10,1,11,,13,,1,21,,121.5907263,25.06759268
112,9,24,1,48,2,12內湖區,內湖區成功路2段與成功路2段320巷口,0,0,3,2,C03,8,5,5,50,3,1,1,5,4,5,13,1,1,1,4,5,2,16,1,18,2,9,5,1,7,5,1,10,1,14,,96,,1,21,,121.5907263,25.06759268
112,9,24,1,48,2,12內湖區,內湖區成功路2段與成功路2段320巷口,0,0,3,3,H02,8,5,5,50,3,1,1,5,4,5,13,1,1,1,4,5,2,16,1,18,2,7,5,5,7,21,8,20,10,17,,67,,1,21,,121.5907263,25.06759268
112,9,24,2,56,2,07信義區,信義區虎林街與虎林街121巷口,0,0,1,1,C03,8,5,6,30,4,1,1,5,4,5,13,4,4,5,5,5,2,15,1,20,2,9,5,1,7,9,1,10,1,11,,108,,1,21,,121.5769145,25.04031088
112,9,24,2,56,2,07信義區,信義區虎林街與虎林街121巷口,0,0,1,2,B01,8,5,6,30,4,1,1,5,4,5,13,4,4,5,5,5,2,15,1,64,3,10,7,1,7,9,1,4,1,1,,72,,1,21,,121.5769145,25.04031088
112,9,24,6,15,2,08士林區,士林區重陽橋機車道往士林,0,0,2,2,F01,9,5,7,40,14,11,1,5,1,5,13,4,4,1,5,1,2,13,1,68,2,9,4,1,7,9,8,20,1,13,,44,,1,21,,121.5024636,25.08498817
112,9,24,6,15,2,08士林區,士林區重陽橋機車道往士林,0,0,2,1,C03,9,5,7,40,14,11,1,5,1,5,13,4,4,1,5,1,2,13,1,46,2,8,5,1,7,9,1,10,1,11,,108,,1,21,,121.5024636,25.08498817
112,9,24,6,30,2,11南港區,南港區研究院路3段161巷,0,0,1,1,C03,8,5,5,30,14,9,1,5,4,5,13,4,4,10,5,5,2,17,1,52,2,1,3,1,7,9,1,10,9,11,,108,,1,21,,121.6147343,25.0315707
112,9,24,6,30,2,11南港區,南港區研究院路3段161巷,0,0,1,2,A12,8,5,5,30,14,9,1,5,4,5,13,4,4,10,5,5,2,17,1,52,3,10,3,1,7,13,1,7,1,7,,38,,1,21,,121.6147343,25.0315707
112,9,24,7,14,2,09北投區,北投區大度路1段153號,0,0,2,3,C03,8,7,5,50,14,9,1,5,4,5,13,4,4,1,4,5,1,13,1,29,2,9,6,1,7,9,1,10,2,12,,13,,1,21,,121.4943943,25.1212515
112,9,24,7,14,2,09北投區,北投區大度路1段153號,0,0,2,1,C03,8,7,5,50,14,9,1,5,4,5,13,4,4,1,4,5,1,13,1,19,2,7,6,1,7,15,3,18,2,11,,107,,1,25,,121.4943943,25.1212515
112,9,24,7,14,2,09北投區,北投區大度路1段153號,0,0,2,2,B03,8,7,5,50,14,9,1,5,4,5,13,4,4,1,4,5,1,13,2,39,3,10,7,1,7,15,1,8,2,7,,44,,1,21,,121.4943943,25.1212515
112,9,24,7,24,2,10文山區,文山區景美堤外便道01號燈桿,0,0,1,1,,8,6,7,0,14,23,1,5,4,5,13,4,4,9,5,5,2,16,4,0,,,,,,,,,,,,119,,2,,,121.535229,24.9966936
112,9,24,7,24,2,10文山區,文山區景美堤外便道01號燈桿,0,0,1,2,F01,8,6,7,0,14,23,1,5,4,5,13,4,4,9,5,5,2,16,2,44,2,9,4,1,7,9,8,20,2,12,,44,,1,21,,121.535229,24.9966936
112,9,24,7,45,2,10文山區,文山區木新路2段211巷與木新路2段211巷6弄口,0,0,1,2,B03,8,6,5,30,4,1,1,5,4,5,13,4,4,10,5,5,2,15,1,60,3,10,3,4,7,9,1,8,1,1,,44,,1,21,,121.5680185,24.98317441
112,9,24,7,45,2,10文山區,文山區木新路2段211巷與木新路2段211巷6弄口,0,0,1,1,C03,8,6,5,30,4,1,1,5,4,5,13,4,4,10,5,5,2,15,2,62,2,9,5,4,7,9,1,11,1,11,,72,,1,21,,121.5680185,24.98317441
112,9,24,8,20,2,03中山區,中山區市民大道3段與松江路口,0,0,1,1,B03,8,6,5,40,4,1,1,5,4,5,13,2,1,1,1,1,1,16,1,58,3,10,3,4,7,6,1,8,2,5,,9,,1,21,,121.5331084,25.0456933
112,9,24,8,20,2,03中山區,中山區市民大道3段與松江路口,0,0,1,2,C03,8,6,5,40,4,1,1,5,4,5,13,2,1,1,1,1,1,16,1,23,2,9,3,4,7,9,1,10,2,14,,13,,1,21,,121.5331084,25.0456933
112,9,24,8,20,2,09北投區,北投區清江路91巷與新市街24巷口,0,0,2,1,C03,8,7,6,30,3,1,1,5,4,5,13,4,4,10,4,5,2,16,2,23,2,9,3,4,7,5,1,10,9,11,,74,,1,21,,121.503372,25.1299711
112,9,24,8,20,2,09北投區,北投區清江路91巷與新市街24巷口,0,0,2,2,C03,8,7,6,30,3,1,1,5,4,5,13,4,4,10,4,5,2,16,2,24,2,9,3,4,7,9,1,10,9,12,,44,,1,21,,121.503372,25.1299711
112,9,24,9,36,2,01大同區,大同區重慶北路3段與重慶北路3段335巷口,0,0,3,1,C03,8,6,5,50,3,1,1,5,4,5,13,2,1,1,4,5,2,13,1,20,2,8,5,1,7,9,1,10,1,11,,16,,1,21,,121.5139421,25.07458038
112,9,24,9,36,2,01大同區,大同區重慶北路3段與重慶北路3段335巷口,0,0,3,2,C03,8,6,5,50,3,1,1,5,4,5,13,2,1,1,4,5,2,13,1,55,2,8,5,1,7,9,1,10,1,13,,44,,1,21,,121.5139421,25.07458038
112,9,24,9,36,2,01大同區,大同區重慶北路3段與重慶北路3段335巷口,0,0,3,3,H02,8,6,5,50,3,1,1,5,4,5,13,2,1,1,4,5,2,13,2,57,2,8,5,5,7,20,8,20,10,16,,67,,1,21,,121.5139421,25.07458038
112,9,24,9,52,2,10文山區,文山區興順街81號,0,0,1,1,C03,8,6,5,50,14,9,1,5,4,5,13,4,4,9,5,5,2,13,1,51,2,9,5,1,7,9,1,10,1,11,,108,,1,21,,121.5444157,25.00096826
112,9,24,9,52,2,10文山區,文山區興順街81號,0,0,1,2,B11,8,6,5,50,14,9,1,5,4,5,13,4,4,9,5,5,2,13,1,35,3,10,7,1,7,14,1,3,1,7,,38,,1,21,,121.5444157,25.00096826
112,9,24,10,13,2,06松山區,松山區南京東路5段250巷與南京東路5段250巷口,0,0,2,2,C03,8,6,5,30,5,1,1,5,4,5,13,4,4,10,5,5,2,15,2,48,2,9,6,4,7,9,1,10,2,11,,14,,1,21,,121.5661113,25.05071929
112,9,24,10,13,2,06松山區,松山區南京東路5段250巷與南京東路5段250巷口,0,0,2,1,C03,8,6,5,30,5,1,1,5,4,5,13,4,4,10,5,5,2,15,1,49,2,7,6,4,7,15,1,10,2,14,,72,,1,21,,121.5661113,25.05071929
112,9,24,10,30,2,06松山區,松山區八德路2段410巷與八德路2段口,0,0,1,2,C03,8,6,5,50,4,1,1,5,4,5,13,1,1,1,4,5,2,16,1,38,2,8,6,1,7,9,1,10,1,11,,44,,1,21,,121.5466639,25.0481332
112,9,24,10,30,2,06松山區,松山區八德路2段410巷與八德路2段口,0,0,1,1,B03,8,6,5,50,4,1,1,5,4,5,13,1,1,1,4,5,2,16,1,47,3,10,3,4,7,11,1,8,9,7,,103,,2,22,,121.5466639,25.0481332
112,9,24,10,39,2,01大同區,大同區重慶北路3段113巷與民族西路182巷口,0,0,1,2,B01,8,6,5,30,4,1,1,5,4,5,13,4,4,7,2,5,2,15,1,57,3,10,7,1,7,15,1,4,1,1,,14,,1,21,,121.5147893,25.0672545
112,9,24,10,39,2,01大同區,大同區重慶北路3段113巷與民族西路182巷口,0,0,1,1,C03,8,6,5,30,4,1,1,5,4,5,13,4,4,7,2,5,2,15,2,38,2,9,5,1,7,9,1,10,1,12,,72,,1,21,,121.5147893,25.0672545
112,9,24,10,45,2,07信義區,信義區和平東路3段與基隆路2段口,0,0,1,2,C03,8,6,5,50,4,2,1,5,4,5,13,2,1,1,4,5,2,16,2,57,2,8,5,1,7,9,1,10,1,14,,44,,1,21,,121.5529192,25.0241583
112,9,24,10,45,2,07信義區,信義區和平東路3段與基隆路2段口,0,0,1,1,B03,8,6,5,50,4,2,1,5,4,5,13,2,1,1,4,5,2,16,1,72,3,10,7,1,7,6,1,8,1,2,,9,,1,21,,121.5529192,25.0241583
112,9,24,11,8,2,07信義區,信義區忠孝東路4段550號,0,0,2,1,C03,8,6,5,50,14,9,1,5,4,5,13,4,4,3,4,5,2,12,1,22,2,7,6,1,7,7,1,10,1,14,,118,,1,21,,121.5634299,25.0411332
112,9,24,11,8,2,07信義區,信義區忠孝東路4段550號,0,0,2,2,C03,8,6,5,50,14,9,1,5,4,5,13,4,4,3,4,5,2,12,1,26,3,10,6,1,7,9,1,10,1,13,,44,,1,21,,121.5634299,25.0411332
112,9,24,11,8,2,07信義區,信義區忠孝東路4段550號,0,0,2,3,H02,8,6,5,50,14,9,1,5,4,5,13,4,4,3,4,5,2,12,2,19,2,8,6,5,7,20,8,20,10,16,,67,,1,21,,121.5634299,25.0411332
112,9,24,11,20,2,07信義區,信義區林口街80巷與福德街84巷口口,0,0,2,2,C03,8,5,5,30,4,1,1,5,4,5,13,4,4,9,4,5,2,15,1,47,2,9,5,1,7,9,1,10,1,12,,14,,1,22,,121.5803528,25.0395786