發生年度,發生月,發生日,發生時-Hours,發生分,處理別-編號,區序,肇事地點,死亡人數,2-30日死亡人數,受傷人數,當事人序號,車種,天候,光線,道路類別,速限-速度限制,道路型態,事故位置,路面狀況1,路面狀況2,路面狀況3,道路障礙1,道路障礙2,號誌1,號誌2,車道劃分-分向,車道劃分-分道1,車道劃分-分道2,車道劃分-分道3,事故類型及型態,性別,年齡,受傷程度,主要傷處,保護裝置,行動電話,車輛用途,當事者行動狀態,駕駛資格情形,駕駛執照種類,飲酒情形,車輛撞擊部位1,車輛撞擊部位2,肇因碼-個別,肇因碼-主要,個人肇逃否,職業,旅次目的,座標-X,座標-Y
112,9,24,11,20,2,07信義區,信義區林口街80巷與福德街84巷口口,0,0,2,1,C03,8,5,5,30,4,1,1,5,4,5,13,4,4,9,4,5,2,15,2,59,2,9,5,1,7,9,1,10,1,11,,72,,1,22,,121.5803528,25.0395786
112,9,24,11,24,2,07信義區,信義區松山路465巷2弄5號,0,0,1,1,C03,8,7,5,30,14,9,1,5,4,5,13,4,4,10,5,5,2,17,2,74,3,10,5,1,7,11,1,10,1,14,,11,,1,21,,121.5783911,25.0393167
112,9,24,11,24,2,07信義區,信義區松山路465巷2弄5號,0,0,1,2,C03,8,7,5,30,14,9,1,5,4,5,13,4,4,10,5,5,2,17,2,50,2,9,5,1,7,9,1,10,1,11,,13,,1,21,,121.5783911,25.0393167
112,9,24,11,27,2,05中正區,中正區中正橋與水源快速道路口匝道,0,0,1,2,C03,8,6,5,30,3,1,1,5,4,5,13,4,4,3,4,5,1,17,1,23,2,9,5,1,7,9,1,10,2,11,,44,,1,21,,121.5165997,25.02147998
112,9,24,11,27,2,05中正區,中正區中正橋與水源快速道路口匝道,0,0,1,1,B01,8,6,5,30,3,1,1,5,4,5,13,4,4,3,4,5,1,17,1,68,3,10,7,1,7,6,1,4,2,6,,9,,1,21,,121.5165997,25.02147998
112,9,24,11,38,2,09北投區,北投區公館路與公館路423巷口,0,0,1,2,C03,8,6,5,30,3,2,1,5,4,5,13,4,4,8,3,5,2,17,1,29,2,9,6,1,7,9,1,10,1,11,,14,,1,21,,121.5023929,25.12079808
112,9,24,11,38,2,09北投區,北投區公館路與公館路423巷口,0,0,1,1,C03,8,6,5,30,3,2,1,5,4,5,13,4,4,8,3,5,2,17,2,64,3,10,6,1,7,5,3,18,1,13,,73,,1,21,,121.5023929,25.12079808
112,9,24,13,27,2,04大安區,大安區延吉街與延吉街236巷口,0,0,2,3,H02,8,7,5,30,3,1,1,5,4,5,13,4,4,10,4,5,2,17,2,25,2,9,6,5,7,17,8,20,10,16,,67,,1,21,,121.5556184,25.0361999
112,9,24,13,27,2,04大安區,大安區延吉街與延吉街236巷口,0,0,2,2,C03,8,7,5,30,3,1,1,5,4,5,13,4,4,10,4,5,2,17,2,26,2,9,6,1,7,9,1,10,1,11,,44,,1,21,,121.5556184,25.0361999
112,9,24,13,27,2,04大安區,大安區延吉街與延吉街236巷口,0,0,2,1,B03,8,7,5,30,3,1,1,5,4,5,13,4,4,10,4,5,2,17,1,29,3,10,7,1,7,5,1,8,1,8,,72,,1,21,,121.5556184,25.0361999
112,9,24,13,50,2,05中正區,中正區市民大道2段與中山北路1段口迴轉道,0,0,1,1,B03,8,6,5,40,3,1,1,5,4,5,13,4,4,1,4,1,2,16,1,44,3,10,7,1,7,5,1,8,2,2,,72,,1,21,,121.5213526,25.047908
112,9,24,13,50,2,05中正區,中正區市民大道2段與中山北路1段口迴轉道,0,0,1,2,C03,8,6,5,40,3,1,1,5,4,5,13,4,4,1,4,1,2,16,2,19,2,9,6,1,7,9,1,10,2,14,,44,,1,21,,121.5213526,25.047908
112,9,24,14,21,2,02萬華區,萬華區西藏路與西藏路125巷口,0,0,1,1,B03,8,6,5,50,3,1,1,5,4,5,13,2,1,1,4,5,2,17,1,59,3,10,7,1,7,11,1,8,1,1,,10,,1,21,,121.5022396,25.0297457
112,9,24,14,21,2,02萬華區,萬華區西藏路與西藏路125巷口,0,0,1,2,C03,8,6,5,50,3,1,1,5,4,5,13,2,1,1,4,5,2,17,1,21,2,9,5,1,7,9,1,10,1,14,,13,,1,21,,121.5022396,25.0297457
112,9,24,14,31,2,08士林區,士林區承德路4段與士商路口,0,0,1,1,B03,8,6,5,50,3,1,1,5,4,5,13,4,4,1,2,5,2,17,2,20,3,10,3,4,7,6,1,8,1,8,,73,,1,22,,121.5211567,25.0892183
112,9,24,14,31,2,08士林區,士林區承德路4段與士商路口,0,0,1,2,C03,8,6,5,50,3,1,1,5,4,5,13,4,4,1,2,5,2,17,1,44,2,9,5,2,7,9,1,10,1,11,,44,,1,22,,121.5211567,25.0892183
112,9,24,14,37,2,01大同區,大同區民權西路與重慶北路2段口,0,0,1,2,C03,8,6,5,0,4,1,1,5,4,5,13,1,1,1,4,5,2,13,2,20,2,8,3,4,7,14,1,10,11,13,,44,,1,21,,121.5130586,25.06290803
112,9,24,14,37,2,01大同區,大同區民權西路與重慶北路2段口,0,0,1,1,C03,8,6,5,0,4,1,1,5,4,5,13,1,1,1,4,5,2,13,1,38,4,11,3,4,7,21,7,19,11,15,,108,,2,21,,121.5130586,25.06290803
112,9,24,14,45,2,10文山區,文山區汀州路4段與汀州路4段140巷口,0,0,1,1,C03,8,6,5,50,3,2,1,5,4,5,13,4,4,9,4,5,2,16,1,46,3,10,6,1,7,11,1,10,1,13,,10,,1,21,,121.5358099,25.0050323
112,9,24,14,45,2,10文山區,文山區汀州路4段與汀州路4段140巷口,0,0,1,2,C03,8,6,5,50,3,2,1,5,4,5,13,4,4,9,4,5,2,16,1,23,2,7,6,1,7,9,1,10,1,11,,14,,1,25,,121.5358099,25.0050323
112,9,24,14,48,2,06松山區,松山區東興路與市民大道5段口,0,0,2,1,C03,8,7,5,50,4,1,1,5,4,5,13,2,1,9,4,5,2,17,2,30,2,9,6,1,7,6,1,10,2,15,,9,,1,22,,121.5658008,25.04836984
112,9,24,14,48,2,06松山區,松山區東興路與市民大道5段口,0,0,2,2,C03,8,7,5,50,4,1,1,5,4,5,13,2,1,9,4,5,2,17,2,20,2,8,6,1,7,9,1,10,2,14,,44,,1,22,,121.5658008,25.04836984
112,9,24,15,10,2,01大同區,大同區鄭州路與延平北路1段口,0,0,1,1,C03,8,6,5,40,4,1,1,5,4,5,13,1,1,1,4,5,2,16,1,40,3,10,6,4,7,15,1,10,2,12,,9,,1,21,,121.5117566,25.04979708
112,9,24,15,10,2,01大同區,大同區鄭州路與延平北路1段口,0,0,1,2,C03,8,6,5,40,4,1,1,5,4,5,13,1,1,1,4,5,2,16,1,29,2,9,6,4,7,9,1,10,2,11,,44,,1,21,,121.5117566,25.04979708
112,9,24,15,34,2,12內湖區,內湖區舊宗路1段與行善路口,0,0,1,1,F01,8,6,5,50,4,1,1,5,4,5,13,1,1,1,4,5,2,15,1,14,2,9,6,1,7,9,8,20,1,12,,44,,1,15,,121.580324,25.05868405
112,9,24,15,34,2,12內湖區,內湖區舊宗路1段與行善路口,0,0,1,2,B03,8,6,5,50,4,1,1,5,4,5,13,1,1,1,4,5,2,15,1,40,3,10,7,1,7,9,1,8,1,1,,44,,1,21,,121.580324,25.05868405
112,9,24,16,2,2,02萬華區,萬華區長順街123巷與環河南路2段280巷口,0,0,2,2,C03,8,6,5,30,3,2,1,5,4,5,13,4,4,9,5,5,2,16,2,18,2,7,6,1,7,9,1,10,1,11,,44,,1,21,,121.489341,25.0334396
112,9,24,16,2,2,02萬華區,萬華區長順街123巷與環河南路2段280巷口,0,0,2,1,C03,8,6,5,30,3,2,1,5,4,5,13,4,4,9,5,5,2,16,1,70,2,7,6,1,7,5,1,9,1,14,,72,,1,21,,121.489341,25.0334396
112,9,24,16,25,2,12內湖區,內湖區內湖路2段251號,0,0,1,2,H01,8,6,5,50,3,1,1,5,4,5,13,4,4,5,5,5,2,3,2,80,2,9,4,5,8,16,8,20,10,16,,121,,1,21,,121.5898028,25.08188015
112,9,24,16,25,2,12內湖區,內湖區內湖路2段251號,0,0,1,1,B03,8,6,5,50,3,1,1,5,4,5,13,4,4,5,5,5,2,3,1,60,3,10,7,1,7,9,1,4,2,1,,108,,1,21,,121.5898028,25.08188015
112,9,24,16,30,2,05中正區,中正區中山南路與愛國東路口,0,0,1,3,C03,8,6,5,50,4,2,1,5,4,5,13,1,1,1,4,1,1,17,1,45,3,10,6,1,7,9,1,9,9,15,,44,,1,21,,121.5167162,25.0352288
112,9,24,16,30,2,05中正區,中正區中山南路與愛國東路口,0,0,1,1,C03,8,6,5,50,4,2,1,5,4,5,13,1,1,1,4,1,1,17,1,29,2,9,6,1,7,9,1,9,2,11,,16,,1,21,,121.5167162,25.0352288
112,9,24,16,30,2,05中正區,中正區中山南路與愛國東路口,0,0,1,2,C03,8,6,5,50,4,2,1,5,4,5,13,1,1,1,4,1,1,17,1,30,3,10,6,1,7,9,1,10,2,13,,44,,1,21,,121.5167162,25.0352288
112,9,24,16,41,2,03中山區,中山區中山北路2段27巷與中山北路2段口,0,0,1,1,B03,8,5,5,30,3,2,1,5,4,5,13,4,4,5,4,5,2,17,1,65,3,10,3,4,7,6,1,8,1,8,,74,,1,21,,121.5227717,25.053224
112,9,24,16,41,2,03中山區,中山區中山北路2段27巷與中山北路2段口,0,0,1,2,C03,8,5,5,30,3,2,1,5,4,5,13,4,4,5,4,5,2,17,1,20,2,9,3,4,7,9,1,10,1,11,,13,,1,21,,121.5227717,25.053224
112,9,24,17,1,2,08士林區,士林區天母北路48號,0,0,1,1,B02,8,6,5,50,14,9,1,5,4,5,13,4,4,9,5,5,2,17,4,0,,,,,,,,,11,,,119,,2,,,121.5266176,25.1208849
112,9,24,17,1,2,08士林區,士林區天母北路48號,0,0,1,2,C03,8,6,5,50,14,9,1,5,4,5,13,4,4,9,5,5,2,17,1,63,2,9,6,1,7,9,1,10,1,11,,44,,1,21,,121.5266176,25.1208849
112,9,24,17,20,2,11南港區,南港區八德路4段與東新街口,0,0,1,1,C03,8,6,5,50,5,1,1,5,4,5,13,1,1,1,4,5,2,17,1,52,2,9,5,1,7,6,3,18,1,12,,107,,1,21,,121.5825312,25.0516096
112,9,24,17,20,2,11南港區,南港區八德路4段與東新街口,0,0,1,2,B03,8,6,5,50,5,1,1,5,4,5,13,1,1,1,4,5,2,17,1,23,3,10,2,1,7,6,1,8,1,8,,44,,1,21,,121.5825312,25.0516096
112,9,24,17,35,2,06松山區,松山區環東大道接匯流處,0,0,2,5,B03,8,5,5,50,14,9,1,5,4,5,13,3,1,5,4,5,2,13,1,44,3,10,7,1,7,14,1,8,2,3,,44,,1,22,,121.5698223,25.0501031
112,9,24,17,35,2,06松山區,松山區環東大道接匯流處,0,0,2,2,B03,8,5,5,50,14,9,1,5,4,5,13,3,1,5,4,5,2,13,2,45,2,8,7,1,7,14,1,8,2,3,,44,,1,22,,121.5698223,25.0501031
112,9,24,17,35,2,06松山區,松山區環東大道接匯流處,0,0,2,3,B11,8,5,5,50,14,9,1,5,4,5,13,3,1,5,4,5,2,13,1,41,3,10,7,1,7,14,1,8,2,3,,44,,1,22,,121.5698223,25.0501031
112,9,24,17,35,2,06松山區,松山區環東大道接匯流處,0,0,2,4,B03,8,5,5,50,14,9,1,5,4,5,13,3,1,5,4,5,2,13,1,32,3,10,7,1,7,14,1,8,2,3,,44,,1,22,,121.5698223,25.0501031
112,9,24,17,35,2,06松山區,松山區環東大道接匯流處,0,0,2,1,B03,8,5,5,50,14,9,1,5,4,5,13,3,1,5,4,5,2,13,1,32,2,7,7,1,7,9,1,8,2,1,,16,,1,22,,121.5698223,25.0501031
112,9,24,17,35,2,03中山區,中山區民生東路1段與林森北路口,0,0,2,1,C03,8,6,5,50,4,1,1,5,4,5,13,1,1,5,4,5,1,15,1,39,2,7,6,1,7,9,1,10,2,12,,44,,1,21,,121.5255213,25.0579979
112,9,24,17,35,2,03中山區,中山區民生東路1段與林森北路口,0,0,2,2,C03,8,6,5,50,4,1,1,5,4,5,13,1,1,5,4,5,1,15,1,39,2,9,6,1,7,9,1,10,2,11,,81,,1,21,,121.5255213,25.0579979
112,9,24,17,43,2,12內湖區,內湖區康樂街162巷與康樂街136巷3弄口,0,0,1,2,H01,8,5,5,30,3,1,1,5,4,5,13,4,4,10,5,5,2,3,1,70,2,7,4,5,8,16,8,20,1,16,,60,,1,21,,121.6190233,25.07293215
112,9,24,17,43,2,12內湖區,內湖區康樂街162巷與康樂街136巷3弄口,0,0,1,1,B12,8,5,5,30,3,1,1,5,4,5,13,4,4,10,5,5,2,3,1,34,3,10,7,1,7,5,1,8,1,8,,70,,1,21,,121.6190233,25.07293215
112,9,24,18,0,2,11南港區,南港區忠孝東路7段325巷與忠孝東路7段口,0,0,2,1,C03,7,5,5,50,3,2,1,5,4,5,13,2,1,1,4,5,2,16,1,20,3,10,6,1,7,6,3,18,2,13,,9,,1,22,,121.6054635,25.052034
112,9,24,18,0,2,11南港區,南港區忠孝東路7段325巷與忠孝東路7段口,0,0,2,3,H02,7,5,5,50,3,2,1,5,4,5,13,2,1,1,4,5,2,16,2,33,2,9,6,5,7,20,8,20,10,17,,67,,1,22,,121.6054635,25.052034
112,9,24,18,0,2,11南港區,南港區忠孝東路7段325巷與忠孝東路7段口,0,0,2,2,C03,7,5,5,50,3,2,1,5,4,5,13,2,1,1,4,5,2,16,1,31,2,9,6,1,7,9,1,10,2,11,,44,,1,22,,121.6054635,25.052034
112,9,24,18,1,2,01大同區,大同區承德路3段與民族西路口,0,0,2,1,C03,7,5,5,50,4,1,1,5,4,5,13,1,1,1,4,5,2,16,1,19,2,9,3,4,7,7,1,10,2,12,,100,,1,21,,121.5183063,25.06849621
112,9,24,18,1,2,01大同區,大同區承德路3段與民族西路口,0,0,2,2,C03,7,5,5,50,4,1,1,5,4,5,13,1,1,1,4,5,2,16,2,63,2,9,3,4,7,9,1,10,2,11,,44,,1,21,,121.5183063,25.06849621
112,9,24,18,3,2,08士林區,士林區至善路2段34號,0,0,2,1,F01,8,5,5,0,11,9,1,5,4,5,13,1,1,3,4,5,1,12,1,45,2,8,3,4,7,8,8,20,2,14,,100,,1,22,,121.5442459,25.0970149
112,9,24,18,3,2,08士林區,士林區至善路2段34號,0,0,2,2,C03,8,5,5,0,11,9,1,5,4,5,13,1,1,3,4,5,1,12,1,45,2,8,3,4,7,9,1,10,2,11,,44,,1,22,,121.5442459,25.0970149
112,9,24,18,25,2,06松山區,松山區敦化北路1號與敦化北路口旁小巨蛋停車場出入口,0,0,2,1,F01,7,5,5,50,4,1,1,5,4,5,9,3,1,1,4,4,2,10,2,52,2,9,4,1,7,9,8,20,2,11,,34,,1,21,,121.5491559,25.049934
112,9,24,18,25,2,06松山區,松山區敦化北路1號與敦化北路口旁小巨蛋停車場出入口,0,0,2,2,C03,7,5,5,50,4,1,1,5,4,5,9,3,1,1,4,4,2,10,1,41,2,8,6,1,7,9,1,10,2,11,,14,,1,21,,121.5491559,25.049934
112,9,24,19,32,2,03中山區,中山區民生東路1段與新生北路2段口,0,0,1,1,C03,8,5,5,50,4,2,1,5,4,5,13,2,1,5,4,5,2,12,1,78,2,9,6,1,7,7,1,10,1,12,,100,,1,21,,121.5278244,25.05798992
112,9,24,19,32,2,03中山區,中山區民生東路1段與新生北路2段口,0,0,1,2,B03,8,5,5,50,4,2,1,5,4,5,13,2,1,5,4,5,2,12,1,44,3,10,7,1,7,9,1,8,1,8,,44,,1,21,,121.5278244,25.05798992
112,9,24,19,36,2,10文山區,文山區懷恩隧道內(北往南),0,0,1,1,C03,8,5,5,50,6,9,1,5,4,5,13,4,4,6,1,5,1,18,1,55,2,7,5,1,7,9,1,10,2,14,,42,,1,21,,121.551363,24.9917412
112,9,24,19,36,2,10文山區,文山區懷恩隧道內(北往南),0,0,1,2,,8,5,5,50,6,9,1,5,4,5,13,4,4,6,1,5,1,18,3,0,,,,,,,,,,,,67,,1,,,121.551363,24.9917412
112,9,24,19,55,2,03中山區,中山區龍江路356巷2號,0,0,1,1,F01,8,5,5,50,14,9,1,5,4,5,13,4,4,5,5,5,1,11,1,74,2,9,4,4,7,15,8,20,3,17,,44,,1,22,,121.5407181,25.0659902
112,9,24,19,55,2,03中山區,中山區龍江路356巷2號,0,0,1,2,B12,8,5,5,50,14,9,1,5,4,5,13,4,4,5,5,5,1,11,1,52,3,10,3,4,7,15,1,8,2,15,,44,,1,21,,121.5407181,25.0659902
112,9,24,20,14,2,10文山區,文山區辛亥路4段與萬美街2段口,0,0,2,1,C03,8,5,5,50,3,2,1,5,4,5,13,2,1,1,4,5,2,13,1,27,2,7,6,1,7,5,1,10,2,11,,108,,1,23,,121.5581172,25.0060425
112,9,24,20,14,2,10文山區,文山區辛亥路4段與萬美街2段口,0,0,2,2,C03,8,5,5,50,3,2,1,5,4,5,13,2,1,1,4,5,2,13,1,28,2,8,6,1,7,5,1,10,2,13,,44,,1,23,,121.5581172,25.0060425
112,9,24,20,30,2,08士林區,士林區福林橋與福國路口,0,0,1,1,C03,8,5,5,50,3,1,1,5,4,5,13,1,1,1,2,5,2,17,2,26,2,9,5,1,7,5,1,10,1,11,,83,,1,22,,121.5255968,25.10255157
112,9,24,20,30,2,08士林區,士林區福林橋與福國路口,0,0,1,2,B01,8,5,5,50,3,1,1,5,4,5,13,1,1,1,2,5,2,17,1,67,3,10,3,4,7,15,1,4,1,2,,44,,1,22,,121.5255968,25.10255157
112,9,24,20,40,2,09北投區,北投區承德路7段與公館路口,0,0,1,2,B03,8,7,5,50,4,1,1,5,4,5,13,2,1,3,4,5,2,17,2,52,3,10,3,4,7,5,1,8,1,5,,8,,1,22,,121.5014346,25.1197205
112,9,24,20,40,2,09北投區,北投區承德路7段與公館路口,0,0,1,1,C03,8,7,5,50,4,1,1,5,4,5,13,2,1,3,4,5,2,17,1,21,2,9,3,4,7,6,1,10,1,14,,9,,1,26,,121.5014346,25.1197205
112,9,24,21,0,2,07信義區,信義區松仁路130號,0,0,1,1,C03,8,5,5,50,14,9,1,5,4,5,13,4,4,1,4,5,2,13,1,18,2,9,3,4,7,9,1,10,1,11,,107,,1,21,,121.5682407,25.0337699
112,9,24,21,0,2,07信義區,信義區松仁路130號,0,0,1,2,B03,8,5,5,50,14,9,1,5,4,5,13,4,4,1,4,5,2,13,1,35,3,10,3,4,7,9,1,8,1,6,,44,,1,21,,121.5682407,25.0337699
112,9,24,21,0,2,07信義區,信義區松仁路130號,0,0,1,3,A02,8,5,5,50,14,9,1,5,4,5,13,4,4,1,4,5,2,13,1,42,3,10,3,4,7,9,1,2,1,4,,44,,1,21,,121.5682407,25.0337699
112,9,24,21,1,2,03中山區,中山區建國北路3段39號,0,0,1,1,B03,8,5,5,50,3,1,1,5,4,5,13,2,1,1,4,5,2,2,1,23,3,10,7,1,7,5,1,10,2,8,,32,,1,21,,121.5372577,25.0637517
112,9,24,21,1,2,03中山區,中山區建國北路3段39號,0,0,1,2,H01,8,5,5,50,3,1,1,5,4,5,13,2,1,1,4,5,2,2,1,27,2,1,4,5,8,16,8,20,10,16,,67,,1,21,,121.5372577,25.0637517
112,9,24,21,39,2,04大安區,大安區敦化南路1段161巷與敦化南路1段161巷5弄口,0,0,1,1,C03,8,5,5,30,4,1,1,5,4,5,13,4,4,10,5,5,1,15,1,30,2,9,3,4,7,9,1,9,1,12,,72,,1,21,,121.5496688,25.0435173
112,9,24,21,39,2,04大安區,大安區敦化南路1段161巷與敦化南路1段161巷5弄口,0,0,1,2,B03,8,5,5,30,4,1,1,5,4,5,13,4,4,10,5,5,1,15,2,24,3,10,3,4,7,9,1,8,1,1,,14,,1,21,,121.5496688,25.0435173
112,9,24,23,6,2,03中山區,中山區林森北路260號,0,0,2,1,C03,8,5,5,50,14,9,1,5,4,5,13,1,1,5,4,5,2,13,1,30,2,9,5,1,7,9,1,10,1,11,,16,,1,22,,121.5253932,25.0544814
112,9,24,23,6,2,03中山區,中山區林森北路260號,0,0,2,2,C03,8,5,5,50,14,9,1,5,4,5,13,1,1,5,4,5,2,13,2,24,2,7,5,1,7,12,1,10,1,13,,44,,1,22,,121.5253932,25.0544814
112,9,24,23,9,2,09北投區,北投區公館路308巷與公館路口,0,0,3,3,H02,8,5,5,30,4,2,1,5,4,5,13,4,4,10,5,5,2,17,1,20,2,9,5,5,7,20,8,20,10,16,,67,,1,22,,121.5062862,25.1244167
112,9,24,23,9,2,09北投區,北投區公館路308巷與公館路口,0,0,3,2,C03,8,5,5,30,4,2,1,5,4,5,13,4,4,10,5,5,2,17,2,20,2,9,5,1,7,9,1,10,1,11,,13,,1,21,,121.5062862,25.1244167
112,9,24,23,9,2,09北投區,北投區公館路308巷與公館路口,0,0,3,1,C03,8,5,5,30,4,2,1,5,4,5,13,4,4,10,5,5,2,17,1,20,2,9,5,1,7,5,1,10,1,11,,72,,1,21,,121.5062862,25.1244167
112,9,24,23,10,2,07信義區,信義區基隆路2段與信義路4段450巷口,0,0,4,7,C03,8,5,5,50,4,2,1,5,4,5,13,2,1,9,5,5,2,17,1,66,3,10,3,4,7,13,7,19,9,14,,44,,1,22,,121.5588407,25.0319529
112,9,24,23,10,2,07信義區,信義區基隆路2段與信義路4段450巷口,0,0,4,6,F03,8,5,5,50,4,2,1,5,4,5,13,2,1,9,5,5,2,17,3,0,,,,,,,,,,,,67,,1,,,121.5588407,25.0319529
112,9,24,23,10,2,07信義區,信義區基隆路2段與信義路4段450巷口,0,0,4,5,,8,5,5,50,4,2,1,5,4,5,13,2,1,9,5,5,2,17,3,0,,,,,,,,,,,,67,,1,,,121.5588407,25.0319529
112,9,24,23,10,2,07信義區,信義區基隆路2段與信義路4段450巷口,0,0,4,4,H01,8,5,5,50,4,2,1,5,4,5,13,2,1,9,5,5,2,17,2,25,2,9,4,5,8,17,8,20,10,16,,67,,1,21,,121.5588407,25.0319529
112,9,24,23,10,2,07信義區,信義區基隆路2段與信義路4段450巷口,0,0,4,3,H02,8,5,5,50,4,2,1,5,4,5,13,2,1,9,5,5,2,17,2,19,2,9,5,5,7,17,8,20,10,16,,67,,1,21,,121.5588407,25.0319529
112,9,24,23,10,2,07信義區,信義區基隆路2段與信義路4段450巷口,0,0,4,1,C03,8,5,5,50,4,2,1,5,4,5,13,2,1,9,5,5,2,17,1,50,2,9,5,1,7,6,1,10,2,11,12,9,,1,21,,121.5588407,25.0319529
112,9,24,23,10,2,07信義區,信義區基隆路2段與信義路4段450巷口,0,0,4,2,C03,8,5,5,50,4,2,1,5,4,5,13,2,1,9,5,5,2,17,1,19,2,9,5,1,7,9,1,10,2,11,14,44,,1,21,,121.5588407,25.0319529
112,9,24,23,21,2,12內湖區,內湖區成功路4段與金龍路口,0,0,1,2,B03,8,5,5,50,4,1,1,5,4,5,13,1,1,1,1,5,1,17,1,45,3,10,7,1,7,9,1,8,1,1,,44,,1,21,,121.5951027,25.08422013
112,9,24,23,21,2,12內湖區,內湖區成功路4段與金龍路口,0,0,1,1,C03,8,5,5,50,4,1,1,5,4,5,13,1,1,1,1,5,1,17,1,67,2,9,6,1,7,5,1,10,1,11,,74,,1,21,,121.5951027,25.08422013
112,9,25,6,17,2,03中山區,中山區民生東路1段80號,0,0,1,1,B03,8,5,5,50,14,18,1,5,4,5,13,4,4,5,4,4,2,3,1,31,3,10,7,1,7,9,1,8,2,5,,70,,1,21,,121.5265419,25.05801593
112,9,25,6,17,2,03中山區,中山區民生東路1段80號,0,0,1,2,H01,8,5,5,50,14,18,1,5,4,5,13,4,4,5,4,4,2,3,1,44,2,9,4,5,8,16,8,20,10,16,,67,,1,21,,121.5265419,25.05801593
112,9,25,6,25,2,04大安區,大安區市民大道4段76號人行道,0,0,1,2,,8,6,5,0,22,20,2,5,4,5,13,4,4,1,5,5,2,18,3,0,,,,,,,,,10,,,44,,,,,121.5476889,25.0448262
112,9,25,6,25,2,04大安區,大安區市民大道4段76號人行道,0,0,1,1,F01,8,6,5,0,22,20,2,5,4,5,13,4,4,1,5,5,2,18,2,75,2,9,4,4,7,9,8,20,9,15,,118,,1,21,,121.5476889,25.0448262
112,9,25,6,56,2,08士林區,士林區前港街與承德路4段口,0,0,1,2,C03,8,7,5,30,3,1,1,5,4,5,13,4,4,1,4,4,2,16,1,41,2,9,6,1,7,9,1,9,1,11,,107,,1,21,,121.5233594,25.0848824
112,9,25,6,56,2,08士林區,士林區前港街與承德路4段口,0,0,1,1,B03,8,7,5,30,3,1,1,5,4,5,13,4,4,1,4,4,2,16,2,71,3,10,7,1,7,6,1,8,1,4,,72,,1,21,,121.5233594,25.0848824
112,9,25,7,0,2,07信義區,信義區福德街137巷11弄9號,0,0,1,2,H02,8,6,5,30,14,9,1,5,4,5,13,4,4,10,5,5,2,9,1,75,2,8,7,5,7,20,8,20,10,16,,67,,1,22,,121.5830882,25.03692104
112,9,25,7,0,2,07信義區,信義區福德街137巷11弄9號,0,0,1,1,B01,8,6,5,30,14,9,1,5,4,5,13,4,4,10,5,5,2,9,1,51,3,10,7,1,7,1,1,4,1,7,,19,,1,26,,121.5830882,25.03692104
112,9,25,7,20,2,04大安區,大安區金華街199巷與金華街199巷3弄口,0,0,2,1,C03,8,7,5,30,4,1,1,5,4,5,13,4,4,10,5,5,2,15,1,57,2,7,3,4,7,9,1,10,1,11,,72,,1,21,,121.528147,25.0306775
112,9,25,7,20,2,04大安區,大安區金華街199巷與金華街199巷3弄口,0,0,2,2,C03,8,7,5,30,4,1,1,5,4,5,13,4,4,10,5,5,2,15,2,37,2,7,3,4,7,9,1,10,1,12,,108,,1,21,,121.528147,25.0306775
112,9,25,7,41,2,09北投區,北投區磺港路與大興街口,0,0,1,2,B03,8,7,5,50,4,1,1,5,4,5,13,1,1,5,5,5,2,17,1,67,3,10,7,1,7,9,1,4,2,5,,44,,1,21,,121.5037914,25.1309154
112,9,25,7,41,2,09北投區,北投區磺港路與大興街口,0,0,1,1,C03,8,7,5,50,4,1,1,5,4,5,13,1,1,5,5,5,2,17,1,54,2,9,6,1,7,6,1,10,2,14,,82,,1,21,,121.5037914,25.1309154
112,9,25,7,41,2,11南港區,南港區松河街與松河街口路邊停車格(414號),0,0,1,1,B03,8,7,5,40,14,9,1,5,4,5,13,4,4,5,5,5,2,17,1,63,3,10,2,1,7,1,1,8,1,17,,19,,1,21,,121.5930389,25.0586337
112,9,25,7,41,2,11南港區,南港區松河街與松河街口路邊停車格(414號),0,0,1,2,C03,8,7,5,40,14,9,1,5,4,5,13,4,4,5,5,5,2,17,1,19,2,8,5,1,7,9,1,10,1,12,,42,,1,21,,121.5930389,25.0586337
112,9,25,7,50,2,05中正區,中正區愛國西路西往東 (近南昌),0,0,1,1,C03,8,6,5,50,14,9,1,5,4,5,13,4,4,1,4,1,1,13,1,62,2,9,6,1,7,9,1,10,1,11,,16,,1,21,,121.5139779,25.0348711
112,9,25,7,50,2,05中正區,中正區愛國西路西往東 (近南昌),0,0,1,2,B03,8,6,5,50,14,9,1,5,4,5,13,4,4,1,4,1,1,13,1,38,3,10,7,1,7,9,1,8,1,3,,44,,1,21,,121.5139779,25.0348711
112,9,25,7,58,2,07信義區,信義區林口街10巷與福德街60巷口口,0,0,1,1,C03,8,6,5,30,4,2,1,5,4,5,13,4,4,10,5,5,2,17,1,20,3,10,3,4,7,9,1,10,1,11,,107,,1,21,,121.5803548,25.037281
112,9,25,7,58,2,07信義區,信義區林口街10巷與福德街60巷口口,0,0,1,2,C03,8,6,5,30,4,2,1,5,4,5,13,4,4,10,5,5,2,17,2,61,2,9,3,4,7,9,1,10,1,11,,75,,1,21,,121.5803548,25.037281
112,9,25,7,59,2,04大安區,大安區信義路2段34號,0,0,1,1,C03,8,6,5,50,14,9,1,5,4,5,13,4,4,10,4,5,2,12,1,50,2,8,5,1,7,9,1,10,1,11,,16,,1,21,,121.5255257,25.0346041