發生年度,發生月,發生日,發生時-Hours,發生分,處理別-編號,區序,肇事地點,死亡人數,2-30日死亡人數,受傷人數,當事人序號,車種,天候,光線,道路類別,速限-速度限制,道路型態,事故位置,路面狀況1,路面狀況2,路面狀況3,道路障礙1,道路障礙2,號誌1,號誌2,車道劃分-分向,車道劃分-分道1,車道劃分-分道2,車道劃分-分道3,事故類型及型態,性別,年齡,受傷程度,主要傷處,保護裝置,行動電話,車輛用途,當事者行動狀態,駕駛資格情形,駕駛執照種類,飲酒情形,車輛撞擊部位1,車輛撞擊部位2,肇因碼-個別,肇因碼-主要,個人肇逃否,職業,旅次目的,座標-X,座標-Y
112,9,25,17,0,2,08士林區,士林區德行東路與忠誠路1段口,0,0,1,1,C03,8,5,5,50,4,1,1,5,4,5,13,1,1,5,5,5,2,15,2,46,2,9,5,1,7,15,1,10,2,11,,81,,1,22,,121.530456,25.10843791
112,9,25,17,0,2,08士林區,士林區德行東路與忠誠路1段口,0,0,1,2,C03,8,5,5,50,4,1,1,5,4,5,13,1,1,5,5,5,2,15,2,41,3,10,5,1,7,15,1,10,2,14,,44,,1,22,,121.530456,25.10843791
112,9,25,17,8,2,11南港區,南港區忠孝東路7段東往西(臺北流行音樂中心旁)),0,0,1,1,B03,8,6,6,50,14,7,1,5,4,5,13,4,4,1,4,4,1,12,1,56,3,10,3,4,7,7,1,8,1,4,,100,,1,22,,121.6023134,25.0516197
112,9,25,17,8,2,11南港區,南港區忠孝東路7段東往西(臺北流行音樂中心旁)),0,0,1,2,C03,8,6,6,50,14,7,1,5,4,5,13,4,4,1,4,4,1,12,1,27,2,9,5,4,7,9,1,10,1,11,,13,,1,22,,121.6023134,25.0516197
112,9,25,17,13,2,03中山區,中山區民權東路2段與松江路口,0,0,1,2,B01,8,7,5,50,4,1,1,5,4,5,13,1,1,1,4,5,2,16,1,47,3,10,2,1,7,9,1,8,1,5,,44,,1,22,,121.5330716,25.0624081
112,9,25,17,13,2,03中山區,中山區民權東路2段與松江路口,0,0,1,1,C03,8,7,5,50,4,1,1,5,4,5,13,1,1,1,4,5,2,16,1,54,2,9,5,1,7,8,1,10,1,14,,100,,1,22,,121.5330716,25.0624081
112,9,25,17,16,2,08士林區,士林區華齡街74號,0,0,1,2,H01,8,6,5,50,14,9,1,5,4,5,13,4,4,8,5,5,1,2,2,77,2,8,4,5,8,16,8,20,10,16,,123,,1,22,,121.5194169,25.0845204
112,9,25,17,16,2,08士林區,士林區華齡街74號,0,0,1,1,B01,8,6,5,50,14,9,1,5,4,5,13,4,4,8,5,5,1,2,1,70,3,10,3,4,7,1,6,18,9,5,,19,,1,21,,121.5194169,25.0845204
112,9,25,17,17,2,07信義區,信義區松勤街60號,0,0,4,3,H02,8,7,5,30,14,9,1,5,4,5,13,4,4,5,5,5,2,13,1,50,2,7,6,5,7,20,8,20,10,16,,67,,1,21,,121.5636417,25.031996
112,9,25,17,17,2,07信義區,信義區松勤街60號,0,0,4,4,C03,8,7,5,30,14,9,1,5,4,5,13,4,4,5,5,5,2,13,1,33,2,7,6,1,7,9,1,10,1,11,,44,,1,21,,121.5636417,25.031996
112,9,25,17,17,2,07信義區,信義區松勤街60號,0,0,4,1,C03,8,7,5,30,14,9,1,5,4,5,13,4,4,5,5,5,2,13,1,47,2,7,6,1,7,9,1,10,1,11,12,16,,1,21,,121.5636417,25.031996
112,9,25,17,17,2,07信義區,信義區松勤街60號,0,0,4,2,C03,8,7,5,30,14,9,1,5,4,5,13,4,4,5,5,5,2,13,1,58,2,7,6,1,7,9,1,10,1,13,14,44,,1,21,,121.5636417,25.031996
112,9,25,17,28,2,04大安區,大安區復興南路2段與信義路3段口,0,0,1,1,C03,8,6,5,50,4,2,1,5,4,5,13,2,1,1,4,5,2,17,1,34,4,11,3,4,7,21,7,19,11,15,,118,,2,22,,121.5435224,25.03314804
112,9,25,17,28,2,04大安區,大安區復興南路2段與信義路3段口,0,0,1,2,C03,8,6,5,50,4,2,1,5,4,5,13,2,1,1,4,5,2,17,1,20,3,10,6,1,7,9,1,10,1,17,,118,,1,25,,121.5435224,25.03314804
112,9,25,17,28,2,04大安區,大安區復興南路2段與信義路3段口,0,0,1,3,H02,8,6,5,50,4,2,1,5,4,5,13,2,1,1,4,5,2,17,2,21,2,8,6,5,7,21,8,20,10,17,,67,,1,25,,121.5435224,25.03314804
112,9,25,17,29,2,03中山區,中山區民族東路12號對面,0,0,1,1,C03,8,5,5,50,3,2,1,5,4,5,13,4,4,9,5,5,2,12,2,63,2,9,6,1,7,15,1,10,1,12,,107,,1,21,,121.524025,25.0685005
112,9,25,17,29,2,03中山區,中山區民族東路12號對面,0,0,1,2,C03,8,5,5,50,3,2,1,5,4,5,13,4,4,9,5,5,2,12,1,35,3,10,6,1,7,15,1,10,1,17,,44,,1,21,,121.524025,25.0685005
112,9,25,18,0,2,03中山區,中山區農安街255號,0,0,1,2,B02,8,5,5,50,14,9,1,5,4,5,13,4,4,8,3,5,1,12,1,24,3,10,7,1,7,9,1,8,1,4,,44,,1,21,,121.5352879,25.0646881
112,9,25,18,0,2,03中山區,中山區農安街255號,0,0,1,1,C03,8,5,5,50,14,9,1,5,4,5,13,4,4,8,3,5,1,12,2,63,2,9,5,1,7,7,1,10,1,12,,100,,1,21,,121.5352879,25.0646881
112,9,25,18,0,2,12內湖區,內湖區麗山街385巷與麗山街口口,0,0,2,1,F01,8,5,5,30,4,1,1,5,4,5,13,3,1,10,5,5,2,15,2,28,2,9,4,1,7,9,8,20,2,15,,80,,1,21,,121.5724182,25.0823375
112,9,25,18,0,2,12內湖區,內湖區麗山街385巷與麗山街口口,0,0,2,2,C03,8,5,5,30,4,1,1,5,4,5,13,3,1,10,5,5,2,15,2,20,2,9,6,1,7,15,1,10,2,11,,44,,1,21,,121.5724182,25.0823375
112,9,25,18,14,2,08士林區,士林區通河西街1段堤外便道(080號燈桿),0,0,1,1,B01,8,5,5,0,14,9,1,5,4,5,13,4,4,10,4,5,1,20,1,68,2,1,3,4,7,9,1,4,7,1,,21,,1,22,,121.5125431,25.08647325
112,9,25,18,14,2,08士林區,士林區通河西街1段堤外便道(080號燈桿),0,0,1,2,,8,5,5,0,14,9,1,5,4,5,13,4,4,10,4,5,1,20,3,0,,,,,,,,,,,,67,,1,,,121.5125431,25.08647325
112,9,25,18,20,2,01大同區,大同區赤峰街與承德路2段75巷口,0,0,2,1,C03,8,5,5,30,4,1,1,5,4,5,13,4,4,10,5,5,2,15,1,35,2,7,6,1,7,9,1,9,1,12,,72,,1,22,,121.5196641,25.0557404
112,9,25,18,20,2,01大同區,大同區赤峰街與承德路2段75巷口,0,0,2,2,C03,8,5,5,30,4,1,1,5,4,5,13,4,4,10,5,5,2,15,2,45,2,9,6,1,7,9,1,10,1,11,,108,,1,22,,121.5196641,25.0557404
112,9,25,18,29,2,05中正區,中正區重慶南路2段與愛國西路口,0,0,1,2,C03,8,5,5,50,4,1,1,5,4,5,13,1,1,1,4,1,2,16,1,24,2,9,3,4,7,15,1,10,2,11,,13,,1,21,,121.5125701,25.0351993
112,9,25,18,29,2,05中正區,中正區重慶南路2段與愛國西路口,0,0,1,1,B01,8,5,5,50,4,1,1,5,4,5,13,1,1,1,4,1,2,16,1,57,3,10,3,4,7,5,1,4,2,5,,83,,1,21,,121.5125701,25.0351993
112,9,25,18,34,2,09北投區,北投區大度路2段No.1208598燈桿,0,0,4,3,B03,8,5,5,70,14,7,1,5,4,5,13,4,4,1,3,3,1,13,1,65,2,9,7,1,7,14,1,8,1,3,,44,,1,22,,121.4784538,25.12253591
112,9,25,18,34,2,09北投區,北投區大度路2段No.1208598燈桿,0,0,4,2,B03,8,5,5,70,14,7,1,5,4,5,13,4,4,1,3,3,1,13,1,60,2,9,7,1,7,14,1,8,1,3,,44,,1,22,,121.4784538,25.12253591
112,9,25,18,34,2,09北投區,北投區大度路2段No.1208598燈桿,0,0,4,4,H02,8,5,5,70,14,7,1,5,4,5,13,4,4,1,3,3,1,13,2,53,2,9,7,5,7,20,8,20,10,16,,67,,1,22,,121.4784538,25.12253591
112,9,25,18,34,2,09北投區,北投區大度路2段No.1208598燈桿,0,0,4,1,B03,8,5,5,70,14,7,1,5,4,5,13,4,4,1,3,3,1,13,2,53,2,9,7,1,7,9,1,8,1,1,,108,,1,22,,121.4784538,25.12253591
112,9,25,18,51,2,07信義區,信義區忠孝東路5段與松山路口,0,0,1,3,H02,8,5,5,50,4,1,1,5,4,5,13,1,1,1,4,5,2,12,2,62,2,3,5,5,7,20,8,20,10,16,,67,,1,21,,121.5777784,25.04076094
112,9,25,18,51,2,07信義區,信義區忠孝東路5段與松山路口,0,0,1,1,C03,8,5,5,50,4,1,1,5,4,5,13,1,1,1,4,5,2,12,2,39,3,10,5,1,7,15,1,10,1,12,,100,,1,21,,121.5777784,25.04076094
112,9,25,18,51,2,07信義區,信義區忠孝東路5段與松山路口,0,0,1,2,B03,8,5,5,50,4,1,1,5,4,5,13,1,1,1,4,5,2,12,1,56,3,10,7,1,7,15,1,8,1,4,,108,,1,21,,121.5777784,25.04076094
112,9,25,19,1,2,03中山區,中山區八德路2段與市民大道3段口,0,0,1,1,B03,8,5,5,50,4,1,1,5,4,5,13,1,1,5,4,5,2,16,2,54,3,10,7,1,7,5,1,8,1,5,,108,,1,22,,121.5342795,25.0451327
112,9,25,19,1,2,03中山區,中山區八德路2段與市民大道3段口,0,0,1,2,C03,8,5,5,50,4,1,1,5,4,5,13,1,1,5,4,5,2,16,2,25,2,9,5,1,7,9,1,10,1,14,,44,,1,22,,121.5342795,25.0451327
112,9,25,19,4,2,12內湖區,內湖區新湖二路146巷33號口斜對面,0,0,1,2,C03,8,6,5,30,14,9,1,5,4,5,13,4,4,10,5,5,2,12,1,40,3,10,5,1,7,9,1,9,2,14,,44,,1,21,,121.5783919,25.06390499
112,9,25,19,4,2,12內湖區,內湖區新湖二路146巷33號口斜對面,0,0,1,1,C03,8,6,5,30,14,9,1,5,4,5,13,4,4,10,5,5,2,12,2,40,2,9,5,1,7,9,1,10,2,12,,16,,1,21,,121.5783919,25.06390499
112,9,25,19,32,2,04大安區,大安區忠孝東路4段223巷43號,0,0,1,2,C03,8,7,5,50,14,9,1,5,4,5,13,4,4,9,5,5,2,16,2,53,2,9,3,4,7,6,1,10,1,12,,108,,1,21,,121.5529747,25.0429557
112,9,25,19,32,2,04大安區,大安區忠孝東路4段223巷43號,0,0,1,1,B01,8,7,5,50,14,9,1,5,4,5,13,4,4,9,5,5,2,16,1,55,3,10,3,4,7,7,1,4,1,1,,100,,1,21,,121.5529747,25.0429557
112,9,25,19,34,2,08士林區,士林區中山北路7段14巷17號,0,0,3,3,H02,8,5,5,30,14,9,1,5,4,5,13,4,4,10,5,5,1,13,2,20,2,8,5,5,7,20,8,20,10,16,,67,,1,21,,121.5321316,25.1187421
112,9,25,19,34,2,08士林區,士林區中山北路7段14巷17號,0,0,3,2,C03,8,5,5,30,14,9,1,5,4,5,13,4,4,10,5,5,1,13,2,21,2,9,5,1,7,6,1,10,1,13,,44,,1,21,,121.5321316,25.1187421
112,9,25,19,34,2,08士林區,士林區中山北路7段14巷17號,0,0,3,1,C03,8,5,5,30,14,9,1,5,4,5,13,4,4,10,5,5,1,13,2,20,2,9,5,1,7,9,1,10,1,11,,16,,1,21,,121.5321316,25.1187421
112,9,25,20,50,2,04大安區,大安區基隆路4段138號,0,0,1,3,C03,8,5,5,40,14,8,1,5,4,5,13,4,4,1,4,4,1,17,1,65,3,10,3,4,7,9,1,10,1,14,,102,,1,21,,121.5401148,25.0138493
112,9,25,20,50,2,04大安區,大安區基隆路4段138號,0,0,1,1,C03,8,5,5,40,14,8,1,5,4,5,13,4,4,1,4,4,1,17,1,31,2,7,3,4,7,9,1,10,1,12,,16,,1,21,,121.5401148,25.0138493
112,9,25,20,50,2,04大安區,大安區基隆路4段138號,0,0,1,2,C03,8,5,5,40,14,8,1,5,4,5,13,4,4,1,4,4,1,17,1,53,3,10,3,4,7,9,1,10,1,12,,16,,1,21,,121.5401148,25.0138493
112,9,25,21,30,2,03中山區,中山區南京東路1段132巷39號對面,0,0,1,2,B01,8,5,5,30,14,9,1,5,4,5,13,4,4,7,4,4,2,17,1,29,3,10,7,1,7,1,1,4,1,5,,19,,1,21,,121.5268457,25.05048726
112,9,25,21,30,2,03中山區,中山區南京東路1段132巷39號對面,0,0,1,1,C04,8,5,5,30,14,9,1,5,4,5,13,4,4,7,4,4,2,17,2,28,2,7,5,1,7,2,1,10,1,13,,12,,1,21,,121.5268457,25.05048726
112,9,25,21,33,2,09北投區,北投區公館路與北投路1段口,0,0,1,2,C03,8,5,5,50,4,1,1,5,4,5,13,2,1,5,4,5,2,16,1,22,2,9,6,1,7,9,1,10,1,14,,44,,1,22,,121.5026597,25.12137507
112,9,25,21,33,2,09北投區,北投區公館路與北投路1段口,0,0,1,1,C03,8,5,5,50,4,1,1,5,4,5,13,2,1,5,4,5,2,16,1,51,3,10,5,1,7,5,1,10,1,11,,74,,1,22,,121.5026597,25.12137507
112,9,25,21,45,2,03中山區,中山區大直橋機車道往北,0,0,1,1,G06,8,5,5,50,8,11,1,5,4,5,13,1,1,3,2,5,2,13,4,0,,,,,,,,,11,,,119,,2,,,121.5445396,25.07937483
112,9,25,21,45,2,03中山區,中山區大直橋機車道往北,0,0,1,2,C03,8,5,5,50,8,11,1,5,4,5,13,1,1,3,2,5,2,13,2,30,3,10,3,4,7,1,1,10,1,13,,44,,1,21,,121.5445396,25.07937483
112,9,25,21,45,2,03中山區,中山區大直橋機車道往北,0,0,1,3,C03,8,5,5,50,8,11,1,5,4,5,13,1,1,3,2,5,2,13,2,51,3,10,3,4,7,15,3,18,1,11,,16,,1,21,,121.5445396,25.07937483
112,9,25,21,45,2,03中山區,中山區大直橋機車道往北,0,0,1,4,C03,8,5,5,50,8,11,1,5,4,5,13,1,1,3,2,5,2,13,1,24,2,9,3,4,7,15,1,10,1,11,,16,,1,21,,121.5445396,25.07937483
112,9,25,21,49,2,07信義區,信義區基隆路1段往環東大道引道,0,0,1,4,H02,8,5,5,50,14,16,1,5,4,5,13,4,4,10,4,5,2,13,2,25,2,8,7,5,7,20,8,20,10,17,,67,,1,21,,121.5664631,25.04444468
112,9,25,21,49,2,07信義區,信義區基隆路1段往環東大道引道,0,0,1,3,B03,8,5,5,50,14,16,1,5,4,5,13,4,4,10,4,5,2,13,1,29,3,10,7,1,7,12,1,8,1,1,,118,,1,21,,121.5664631,25.04444468
112,9,25,21,49,2,07信義區,信義區基隆路1段往環東大道引道,0,0,1,1,B03,8,5,5,50,14,16,1,5,4,5,13,4,4,10,4,5,2,13,1,48,3,10,7,1,7,12,1,8,1,3,,118,,1,21,,121.5664631,25.04444468
112,9,25,21,49,2,07信義區,信義區基隆路1段往環東大道引道,0,0,1,2,B03,8,5,5,50,14,16,1,5,4,5,13,4,4,10,4,5,2,13,1,57,3,10,7,1,7,12,1,8,1,1,,44,,1,21,,121.5664631,25.04444468
112,9,25,21,59,2,03中山區,中山區市民大道3段與復興北路1段口,0,0,1,1,C03,8,5,5,50,4,1,1,5,3,5,13,1,1,1,3,5,1,29,2,20,2,9,6,4,7,9,1,10,1,12,,13,,1,21,,121.5437989,25.0449623
112,9,25,21,59,2,03中山區,中山區市民大道3段與復興北路1段口,0,0,1,2,,8,5,5,50,4,1,1,5,3,5,13,1,1,1,3,5,1,29,3,0,,,,,,,,,,,,128,,1,,,121.5437989,25.0449623
112,9,25,22,5,2,01大同區,大同區延平北路4段與民族西路口,0,0,1,2,H01,7,5,5,50,4,18,1,5,4,5,13,2,1,1,4,5,2,9,1,22,2,9,4,5,8,16,8,20,10,16,,122,,1,21,,121.5107685,25.0687221
112,9,25,22,5,2,01大同區,大同區延平北路4段與民族西路口,0,0,1,1,B03,7,5,5,50,4,18,1,5,4,5,13,2,1,1,4,5,2,9,1,27,3,10,3,4,7,5,1,8,2,5,,70,,1,21,,121.5107685,25.0687221
112,9,25,22,28,2,03中山區,中山區林森北路409號,0,0,1,1,C03,8,5,8,50,14,9,1,5,4,5,13,4,4,4,3,5,1,13,1,29,2,8,5,1,7,9,1,10,1,11,,108,,1,21,,121.525564,25.0596943
112,9,25,22,28,2,03中山區,中山區林森北路409號,0,0,1,3,B12,8,5,8,50,14,9,1,5,4,5,13,4,4,4,3,5,1,13,1,46,3,10,3,4,7,14,1,8,11,17,,44,,1,21,,121.525564,25.0596943
112,9,25,22,28,2,03中山區,中山區林森北路409號,0,0,1,2,B03,8,5,8,50,14,9,1,5,4,5,13,4,4,4,3,5,1,13,1,42,3,10,7,1,7,8,1,8,1,7,,100,,1,21,,121.525564,25.0596943
112,9,26,0,49,2,03中山區,中山區新生北路2段與新生北路2段115巷口,0,0,1,2,B01,8,5,5,50,3,2,1,5,4,5,13,4,4,1,3,5,1,13,1,56,3,10,3,4,7,5,1,4,2,3,,44,,1,21,,121.5278444,25.05856089
112,9,26,0,49,2,03中山區,中山區新生北路2段與新生北路2段115巷口,0,0,1,1,C03,8,5,5,50,3,2,1,5,4,5,13,4,4,1,3,5,1,13,1,38,2,9,6,4,7,9,6,8,2,11,,108,,1,21,,121.5278444,25.05856089
112,9,26,1,14,2,09北投區,北投區中央北路3段43號,0,0,1,2,C03,7,5,5,50,14,9,1,5,4,5,13,2,1,9,4,5,1,12,1,21,2,9,5,1,7,9,1,10,2,11,,13,,1,21,,121.4855796,25.13822349
112,9,26,1,14,2,09北投區,北投區中央北路3段43號,0,0,1,1,B01,7,5,5,50,14,9,1,5,4,5,13,2,1,9,4,5,1,12,1,48,3,10,7,1,7,1,1,4,8,8,,21,,1,21,,121.4855796,25.13822349
112,9,26,3,1,2,04大安區,大安區大安路1段與敦化南路1段190巷口,0,0,1,1,C04,8,5,5,30,4,1,1,5,4,5,13,4,4,10,4,5,1,15,1,40,2,9,3,4,7,9,1,10,2,14,,42,,1,21,,121.5461741,25.0426709
112,9,26,3,1,2,04大安區,大安區大安路1段與敦化南路1段190巷口,0,0,1,2,B01,8,5,5,30,4,1,1,5,4,5,13,4,4,10,4,5,1,15,1,63,3,10,3,4,7,9,1,3,2,8,,42,,1,21,,121.5461741,25.0426709
112,9,26,6,50,2,03中山區,中山區松江路581巷1號,0,0,1,1,B03,8,5,5,30,11,9,1,5,4,5,13,4,4,10,5,5,2,10,1,69,3,10,7,1,7,9,1,8,1,8,,107,,1,21,,121.5342905,25.07023026
112,9,26,6,50,2,03中山區,中山區松江路581巷1號,0,0,1,2,C03,8,5,5,30,11,9,1,5,4,5,13,4,4,10,5,5,2,10,2,49,2,8,6,1,7,9,3,18,1,14,,44,,1,21,,121.5342905,25.07023026
112,9,26,7,0,2,02萬華區,萬華區青年路與國興路口,0,0,1,2,C03,7,7,5,30,4,2,1,5,4,5,13,1,1,9,5,5,2,12,1,64,2,9,5,1,7,5,1,10,9,14,,8,,1,21,,121.5064727,25.0260628
112,9,26,7,0,2,02萬華區,萬華區青年路與國興路口,0,0,1,1,B03,7,7,5,30,4,2,1,5,4,5,13,1,1,9,5,5,2,12,1,63,3,10,7,1,7,4,1,8,9,2,,94,,1,21,,121.5064727,25.0260628
112,9,26,7,15,2,08士林區,士林區延平北路9段241號前,0,0,1,1,C03,8,5,5,40,14,9,1,5,4,5,13,4,4,9,5,5,2,16,1,69,2,8,6,1,7,1,1,10,2,14,,19,,1,21,,121.4707565,25.1083656
112,9,26,7,15,2,08士林區,士林區延平北路9段241號前,0,0,1,2,B03,8,5,5,40,14,9,1,5,4,5,13,4,4,9,5,5,2,16,1,36,3,10,7,1,7,9,1,8,2,5,,13,,1,21,,121.4707565,25.1083656
112,9,26,7,28,2,02萬華區,萬華區艋舺大道與西藏路口,0,0,2,2,C03,8,7,5,50,4,2,1,5,4,5,13,1,1,1,5,5,2,17,1,38,2,9,5,1,7,9,1,10,1,11,,44,,1,21,,121.4914395,25.0292931
112,9,26,7,28,2,02萬華區,萬華區艋舺大道與西藏路口,0,0,2,1,C03,8,7,5,50,4,2,1,5,4,5,13,1,1,1,5,5,2,17,2,57,2,8,5,1,7,11,1,10,1,12,,10,,1,21,,121.4914395,25.0292931
112,9,26,7,30,2,09北投區,北投區中和街與中和街493巷口,0,0,3,4,H02,8,6,5,30,4,1,1,5,4,5,13,4,4,5,5,5,2,15,2,25,2,9,5,5,7,20,8,20,10,16,,67,,1,21,,121.4950241,25.1452202
112,9,26,7,30,2,09北投區,北投區中和街與中和街493巷口,0,0,3,1,C03,8,6,5,30,4,1,1,5,4,5,13,4,4,5,5,5,2,15,1,36,2,9,5,1,7,9,1,10,1,11,,72,,1,21,,121.4950241,25.1452202
112,9,26,7,30,2,09北投區,北投區中和街與中和街493巷口,0,0,3,2,C03,8,6,5,30,4,1,1,5,4,5,13,4,4,5,5,5,2,15,1,20,2,9,5,1,7,9,1,10,1,11,,13,,1,21,,121.4950241,25.1452202
112,9,26,7,30,2,09北投區,北投區中和街與中和街493巷口,0,0,3,3,B01,8,6,5,30,4,1,1,5,4,5,13,4,4,5,5,5,2,15,1,53,3,10,7,1,7,14,1,4,9,17,,38,,2,21,,121.4950241,25.1452202
112,9,26,7,45,2,12內湖區,內湖區成功路2段426巷與成功路2段口,0,0,1,1,A02,8,6,5,50,3,1,1,5,4,5,13,1,1,1,4,5,2,16,1,55,3,10,7,1,7,9,1,2,1,2,,44,,1,21,,121.5897072,25.07139687
112,9,26,7,45,2,12內湖區,內湖區成功路2段426巷與成功路2段口,0,0,1,2,C03,8,6,5,50,3,1,1,5,4,5,13,1,1,1,4,5,2,16,1,43,2,9,5,1,7,7,1,10,1,14,,100,,1,21,,121.5897072,25.07139687
112,9,26,7,54,2,10文山區,文山區辛亥路4段與辛亥路4段222巷口,0,0,1,1,C03,8,6,5,50,3,2,1,5,4,5,13,2,1,3,4,5,2,17,1,29,3,10,5,1,7,8,1,10,11,13,,100,,2,21,,121.5554462,25.00231378
112,9,26,7,54,2,10文山區,文山區辛亥路4段與辛亥路4段222巷口,0,0,1,2,C03,8,6,5,50,3,2,1,5,4,5,13,2,1,3,4,5,2,17,1,18,2,9,6,1,7,9,1,10,2,11,,13,,1,21,,121.5554462,25.00231378
112,9,26,8,0,2,07信義區,信義區松仁路3號,0,0,1,2,C03,8,5,5,50,14,9,1,5,4,5,13,4,4,1,4,5,2,17,1,24,2,8,6,1,7,9,1,10,1,11,,108,,1,22,,121.5685146,25.03973316
112,9,26,8,0,2,07信義區,信義區松仁路3號,0,0,1,1,B01,8,5,5,50,14,9,1,5,4,5,13,4,4,1,4,5,2,17,1,46,3,10,7,1,7,8,1,4,1,6,,100,,1,22,,121.5685146,25.03973316
112,9,26,8,0,2,07信義區,信義區信安街95巷8號與信安街95巷口,0,0,1,1,C03,8,6,8,50,4,2,1,5,4,5,13,4,4,10,5,5,2,17,2,68,3,10,5,1,7,9,1,10,1,15,,4,,1,21,,121.5574083,25.02529814
112,9,26,8,0,2,07信義區,信義區信安街95巷8號與信安街95巷口,0,0,1,2,C03,8,6,8,50,4,2,1,5,4,5,13,4,4,10,5,5,2,17,2,22,2,9,5,1,7,5,1,10,1,12,,13,,1,21,,121.5574083,25.02529814
112,9,26,8,18,2,09北投區,北投區知行路260巷與知行路口,0,0,2,3,B03,8,7,5,30,3,1,1,5,4,5,13,4,4,5,5,5,2,16,1,59,3,10,3,4,7,13,1,8,9,17,,38,,1,21,,121.4672702,25.1210064
112,9,26,8,18,2,09北投區,北投區知行路260巷與知行路口,0,0,2,1,C03,8,7,5,30,3,1,1,5,4,5,13,4,4,5,5,5,2,16,1,66,2,8,6,1,7,6,1,10,2,11,,72,,1,21,,121.4672702,25.1210064
112,9,26,8,18,2,09北投區,北投區知行路260巷與知行路口,0,0,2,2,C03,8,7,5,30,3,1,1,5,4,5,13,4,4,5,5,5,2,16,1,22,2,8,6,1,7,9,1,10,2,11,,14,,1,21,,121.4672702,25.1210064
112,9,26,8,29,2,10文山區,文山區木柵路1段與景興路口,0,0,1,1,B03,8,6,5,50,3,2,1,5,4,5,13,1,1,5,2,5,2,16,1,54,3,10,7,1,7,9,1,8,2,4,,44,,1,28,,121.542325,24.98828806
112,9,26,8,29,2,10文山區,文山區木柵路1段與景興路口,0,0,1,2,C03,8,6,5,50,3,2,1,5,4,5,13,1,1,5,2,5,2,16,2,26,2,9,6,1,7,6,1,10,2,12,,44,,1,28,,121.542325,24.98828806
112,9,26,8,33,2,11南港區,南港區研究院路1段與研究院路1段101巷口,0,0,1,1,B03,7,7,5,50,4,2,1,5,4,5,13,2,1,3,4,5,2,15,1,54,3,10,3,4,7,9,1,8,1,5,,81,,1,21,,121.6170246,25.0520054
112,9,26,8,33,2,11南港區,南港區研究院路1段與研究院路1段101巷口,0,0,1,2,C03,7,7,5,50,4,2,1,5,4,5,13,2,1,3,4,5,2,15,1,47,2,9,3,4,7,9,1,10,1,11,,44,,1,21,,121.6170246,25.0520054
112,9,26,8,42,2,02萬華區,萬華區萬大路與萬大路506巷口,0,0,1,1,C03,8,6,5,30,3,1,1,5,4,5,13,4,4,1,5,5,2,16,1,54,2,9,5,1,7,6,1,10,1,11,,4,,1,21,,121.4970574,25.01916274
112,9,26,8,42,2,02萬華區,萬華區萬大路與萬大路506巷口,0,0,1,2,C03,8,6,5,30,3,1,1,5,4,5,13,4,4,1,5,5,2,16,1,42,3,10,5,1,7,9,1,10,1,12,,44,,1,21,,121.4970574,25.01916274
112,9,26,8,43,2,05中正區,中正區汀州路3段125號,0,0,1,1,C03,8,6,5,50,14,9,1,5,4,5,13,4,4,5,4,5,2,13,2,55,3,10,5,1,7,9,1,10,2,11,,16,,1,21,,121.5304962,25.0163174
112,9,26,8,43,2,05中正區,中正區汀州路3段125號,0,0,1,2,C03,8,6,5,50,14,9,1,5,4,5,13,4,4,5,4,5,2,13,1,37,2,8,5,1,7,9,1,10,2,13,,44,,1,21,,121.5304962,25.0163174
112,9,26,8,48,2,06松山區,松山區復興北路447號,0,0,1,2,C03,8,7,5,50,14,9,1,5,4,5,13,4,4,7,4,5,2,12,1,21,2,9,5,1,7,7,1,10,1,14,,,,1,22,,121.5443428,25.0638847
112,9,26,8,48,2,06松山區,松山區復興北路447號,0,0,1,1,B01,8,7,5,50,14,9,1,5,4,5,13,4,4,7,4,5,2,12,1,62,3,10,7,1,7,9,1,4,9,6,,42,,2,21,,121.5443428,25.0638847
112,9,26,8,55,2,07信義區,信義區松山路476號,0,0,1,1,C03,8,7,5,50,14,9,1,5,4,5,13,4,4,10,4,5,2,17,1,58,2,9,5,1,7,10,1,10,1,14,,100,,1,21,,121.5777794,25.0401807
112,9,26,8,55,2,07信義區,信義區松山路476號,0,0,1,2,B01,8,7,5,50,14,9,1,5,4,5,13,4,4,10,4,5,2,17,1,64,3,10,7,1,7,15,1,4,1,2,,44,,1,21,,121.5777794,25.0401807
112,9,26,9,0,2,08士林區,士林區至善路2段221號與無名巷口故宮廣場前,0,0,1,2,B03,8,6,5,50,3,2,1,5,4,5,13,2,1,9,4,5,1,16,2,45,3,10,7,1,7,9,1,8,1,1,,44,,1,21,,121.5500942,25.1000754
112,9,26,9,0,2,08士林區,士林區至善路2段221號與無名巷口故宮廣場前,0,0,1,1,C03,8,6,5,50,3,2,1,5,4,5,13,2,1,9,4,5,1,16,1,22,2,9,6,1,7,5,1,10,1,12,,74,,1,21,,121.5500942,25.1000754
112,9,26,9,9,2,09北投區,北投區中央北路4段368號,0,0,1,1,B03,8,6,5,50,14,9,1,5,4,5,13,4,4,5,4,5,2,12,1,33,3,10,7,1,7,1,1,8,1,8,,19,,1,21,,121.4715228,25.1298444