發生年度,發生月,發生日,發生時-Hours,發生分,處理別-編號,區序,肇事地點,死亡人數,2-30日死亡人數,受傷人數,當事人序號,車種,天候,光線,道路類別,速限-速度限制,道路型態,事故位置,路面狀況1,路面狀況2,路面狀況3,道路障礙1,道路障礙2,號誌1,號誌2,車道劃分-分向,車道劃分-分道1,車道劃分-分道2,車道劃分-分道3,事故類型及型態,性別,年齡,受傷程度,主要傷處,保護裝置,行動電話,車輛用途,當事者行動狀態,駕駛資格情形,駕駛執照種類,飲酒情形,車輛撞擊部位1,車輛撞擊部位2,肇因碼-個別,肇因碼-主要,個人肇逃否,職業,旅次目的,座標-X,座標-Y
112,9,26,9,9,2,09北投區,北投區中央北路4段368號,0,0,1,2,C03,8,6,5,50,14,9,1,5,4,5,13,4,4,5,4,5,2,12,2,66,2,9,5,1,7,9,1,10,1,12,14,44,,1,21,,121.4715228,25.1298444
112,9,26,9,42,2,10文山區,文山區新光路2段與文和橋口,0,0,1,1,B03,8,7,5,50,3,1,1,5,4,5,13,3,1,5,5,5,1,16,2,49,3,10,7,1,7,6,1,8,1,17,,72,,1,21,,121.5963223,25.0012775
112,9,26,9,42,2,10文山區,文山區新光路2段與文和橋口,0,0,1,2,C03,8,7,5,50,3,1,1,5,4,5,13,3,1,5,5,5,1,16,1,36,2,9,5,1,7,9,1,10,1,17,,13,,1,21,,121.5963223,25.0012775
112,9,26,10,0,2,05中正區,中正區和平西路1段150-1號前,0,0,1,2,C03,8,7,5,40,14,8,1,5,4,5,13,4,4,2,4,4,2,17,1,45,2,9,6,1,7,9,1,10,1,12,,44,,1,22,,121.5137438,25.0280457
112,9,26,10,0,2,05中正區,中正區和平西路1段150-1號前,0,0,1,1,B12,8,7,5,40,14,8,1,5,4,5,13,4,4,2,4,4,2,17,1,54,3,10,2,1,7,13,1,8,1,4,,42,,1,22,,121.5137438,25.0280457
112,9,26,10,0,2,11南港區,南港區市民大道7段與向陽路口,0,0,1,1,C03,7,7,5,50,4,2,1,5,4,5,13,2,1,3,4,4,2,13,2,42,2,8,3,4,7,9,1,10,1,11,,16,,1,21,,121.5945855,25.0519166
112,9,26,10,0,2,11南港區,南港區市民大道7段與向陽路口,0,0,1,2,C03,7,7,5,50,4,2,1,5,4,5,13,2,1,3,4,4,2,13,1,20,3,10,3,4,7,9,1,10,1,13,,44,,1,21,,121.5945855,25.0519166
112,9,26,10,0,2,11南港區,南港區市民大道7段與向陽路口,0,0,1,3,C03,7,7,5,50,4,2,1,5,4,5,13,2,1,3,4,4,2,13,1,28,3,10,3,4,7,6,1,10,1,17,,44,,1,21,,121.5945855,25.0519166
112,9,26,10,0,2,11南港區,南港區市民大道7段與向陽路口,0,0,1,4,B12,7,7,5,50,4,2,1,5,4,5,13,2,1,3,4,4,2,13,1,55,3,10,3,4,7,9,1,8,1,8,,44,,1,21,,121.5945855,25.0519166
112,9,26,10,7,2,05中正區,中正區愛國西路與南昌路1段口,0,0,1,1,B03,8,6,5,50,4,2,1,5,4,5,13,1,1,1,4,5,2,13,1,23,3,10,7,1,7,9,1,8,2,3,,16,,1,21,,121.5143401,25.0348289
112,9,26,10,7,2,05中正區,中正區愛國西路與南昌路1段口,0,0,1,2,B12,8,6,5,50,4,2,1,5,4,5,13,1,1,1,4,5,2,13,1,20,3,10,7,1,7,9,1,8,2,1,,44,,1,29,,121.5143401,25.0348289
112,9,26,10,7,2,05中正區,中正區愛國西路與南昌路1段口,0,0,1,3,C03,8,6,5,50,4,2,1,5,4,5,13,1,1,1,4,5,2,13,1,35,2,9,5,1,7,9,1,10,2,11,,16,,1,21,,121.5143401,25.0348289
112,9,26,10,28,2,04大安區,大安區濟南路3段9號,0,0,1,1,B03,8,7,5,50,14,9,1,5,4,5,13,4,4,9,4,5,2,12,1,71,3,10,3,4,7,11,1,8,2,8,,10,,1,21,,121.533767,25.0401823
112,9,26,10,28,2,04大安區,大安區濟南路3段9號,0,0,1,2,C03,8,7,5,50,14,9,1,5,4,5,13,4,4,9,4,5,2,12,2,26,2,9,3,4,7,4,1,10,2,12,,1,,1,21,,121.533767,25.0401823
112,9,26,10,28,2,07信義區,信義區虎林街121巷與松山路口,0,0,1,1,C03,8,6,5,30,3,1,1,5,4,5,13,4,4,10,4,5,2,17,1,56,2,9,5,1,7,5,1,10,2,14,,72,,1,22,,121.5777757,25.0402345
112,9,26,10,28,2,07信義區,信義區虎林街121巷與松山路口,0,0,1,2,B01,8,6,5,30,3,1,1,5,4,5,13,4,4,10,4,5,2,17,1,57,3,10,3,4,7,9,1,4,2,2,,14,,1,21,,121.5777757,25.0402345
112,9,26,10,35,2,01大同區,大同區重慶北路2段與保安街口,0,0,1,1,C03,8,5,5,0,4,2,1,5,4,5,13,2,1,1,4,1,2,17,2,67,2,9,3,4,7,1,1,10,1,11,,19,,1,21,,121.5137594,25.05919974
112,9,26,10,35,2,01大同區,大同區重慶北路2段與保安街口,0,0,1,2,B03,8,5,5,0,4,2,1,5,4,5,13,2,1,1,4,1,2,17,2,59,3,10,3,4,7,6,1,8,1,5,,9,,1,21,,121.5137594,25.05919974
112,9,26,10,42,2,03中山區,中山區南京東路2段101號,0,0,1,1,B11,8,7,5,50,14,8,1,5,4,5,13,4,4,1,4,4,2,16,1,61,3,10,7,1,7,8,1,1,1,2,,100,,1,22,,121.5325752,25.05213179
112,9,26,10,42,2,03中山區,中山區南京東路2段101號,0,0,1,2,C03,8,7,5,50,14,8,1,5,4,5,13,4,4,1,4,4,2,16,1,73,2,9,5,1,7,9,1,10,1,14,,44,,1,22,,121.5325752,25.05213179
112,9,26,11,0,2,05中正區,中正區詔安街48號,0,0,1,2,C03,8,6,5,30,14,9,1,5,4,5,13,4,4,10,5,5,1,10,1,74,2,9,6,1,7,9,1,10,1,11,,108,,1,21,,121.5139151,25.02502644
112,9,26,11,0,2,05中正區,中正區詔安街48號,0,0,1,1,B12,8,6,5,30,14,9,1,5,4,5,13,4,4,10,5,5,1,10,1,66,3,10,7,1,7,9,1,8,1,5,,108,,1,21,,121.5139151,25.02502644
112,9,26,11,10,2,06松山區,松山區富錦街與富錦街429巷口,0,0,1,1,B03,8,5,5,30,4,18,1,5,4,5,13,2,1,4,4,5,2,3,1,42,3,10,7,1,7,5,1,8,11,4,,70,,1,22,,121.5614559,25.0607752
112,9,26,11,10,2,06松山區,松山區富錦街與富錦街429巷口,0,0,1,2,H01,8,5,5,30,4,18,1,5,4,5,13,2,1,4,4,5,2,3,2,76,2,7,4,5,8,16,8,20,10,16,,67,,1,22,,121.5614559,25.0607752
112,9,26,11,15,2,11南港區,南港區向陽路與向陽路口北往南lexus維修場入口,0,0,1,1,B03,8,7,5,50,3,2,1,5,4,5,13,4,4,5,4,5,2,16,1,33,3,10,7,1,7,7,1,8,1,5,,100,,1,21,,121.5941538,25.0553423
112,9,26,11,15,2,11南港區,南港區向陽路與向陽路口北往南lexus維修場入口,0,0,1,2,C03,8,7,5,50,3,2,1,5,4,5,13,4,4,5,4,5,2,16,1,25,2,9,5,1,7,9,1,10,1,11,,44,,1,21,,121.5941538,25.0553423
112,9,26,11,30,2,05中正區,中正區延平南路與中華路1段91巷口,0,0,1,2,B02,8,6,5,30,4,2,1,5,4,5,13,4,4,7,5,5,2,16,2,44,3,10,7,1,7,9,1,8,2,8,,44,,1,22,,121.5083765,25.037842
112,9,26,11,30,2,05中正區,中正區延平南路與中華路1段91巷口,0,0,1,1,C03,8,6,5,30,4,2,1,5,4,5,13,4,4,7,5,5,2,16,1,35,2,9,6,1,7,6,1,10,2,12,,72,,1,22,,121.5083765,25.037842
112,9,26,11,41,2,12內湖區,內湖區內湖路1段285巷與內湖路1段285巷69弄口,0,0,1,2,B03,8,6,5,30,3,2,1,5,4,5,13,4,4,10,4,5,1,17,4,0,,,,,,,,,11,,,119,,2,,,121.5669626,25.08502755
112,9,26,11,41,2,12內湖區,內湖區內湖路1段285巷與內湖路1段285巷69弄口,0,0,1,1,F01,8,6,5,30,3,2,1,5,4,5,13,4,4,10,4,5,1,17,2,65,2,9,4,1,7,9,8,20,9,17,,44,,1,21,,121.5669626,25.08502755
112,9,26,11,46,2,03中山區,中山區民生西路3巷與民生西路45巷9弄口,0,0,1,2,H01,8,7,5,30,3,2,1,5,4,5,13,4,4,10,5,4,2,2,2,86,2,9,4,5,8,16,8,20,10,16,,67,,1,21,,121.5217776,25.05903163
112,9,26,11,46,2,03中山區,中山區民生西路3巷與民生西路45巷9弄口,0,0,1,1,B03,8,7,5,30,3,2,1,5,4,5,13,4,4,10,5,4,2,2,1,48,3,10,3,4,7,1,1,8,2,1,,19,,1,21,,121.5217776,25.05903163
112,9,26,11,50,2,05中正區,中正區寶慶路27號,0,0,1,2,C03,8,5,8,50,12,9,1,5,4,5,13,4,4,10,4,5,1,12,1,46,2,9,5,1,7,9,1,10,1,11,,44,,1,21,,121.5106685,25.0413366
112,9,26,11,50,2,05中正區,中正區寶慶路27號,0,0,1,1,C03,8,5,8,50,12,9,1,5,4,5,13,4,4,10,4,5,1,12,1,41,3,10,5,1,7,1,1,10,1,12,,19,,1,21,,121.5106685,25.0413366
112,9,26,12,0,2,12內湖區,內湖區行愛路與行善路口,0,0,1,2,B03,8,6,5,50,4,1,1,5,4,5,13,2,1,4,5,5,2,16,2,44,3,10,7,1,7,9,1,14,2,2,,44,,1,21,,121.5826703,25.0606306
112,9,26,12,0,2,12內湖區,內湖區行愛路與行善路口,0,0,1,1,C04,8,6,5,50,4,1,1,5,4,5,13,2,1,4,5,5,2,16,2,59,2,9,6,1,7,5,1,10,2,14,,8,,1,21,,121.5826703,25.0606306
112,9,26,13,21,2,01大同區,大同區延平北路2段與歸綏街口,0,0,1,1,C03,8,5,5,50,5,2,1,5,4,5,13,2,1,5,4,5,2,17,2,27,3,10,3,4,7,15,1,10,1,17,,4,,1,21,,121.5118785,25.0582751
112,9,26,13,21,2,01大同區,大同區延平北路2段與歸綏街口,0,0,1,2,C03,8,5,5,50,5,2,1,5,4,5,13,2,1,5,4,5,2,17,1,72,2,9,3,4,7,5,1,10,1,15,,44,,1,21,,121.5118785,25.0582751
112,9,26,13,23,2,08士林區,士林區中山北路5段與雙溪街口,0,0,1,1,C03,8,6,5,50,3,1,1,5,4,5,13,3,1,5,5,5,2,17,1,18,2,9,6,1,7,4,3,18,2,12,,50,,1,22,,121.5262403,25.1007851
112,9,26,13,23,2,08士林區,士林區中山北路5段與雙溪街口,0,0,1,2,B03,8,6,5,50,3,1,1,5,4,5,13,3,1,5,5,5,2,17,2,26,3,10,7,1,7,6,1,8,2,4,,44,,1,22,,121.5262403,25.1007851
112,9,26,13,23,2,08士林區,士林區中山北路5段與雙溪街口,0,0,1,3,B03,8,6,5,50,3,1,1,5,4,5,13,3,1,5,5,5,2,17,1,64,3,10,7,1,7,9,1,8,2,1,,108,,1,22,,121.5262403,25.1007851
112,9,26,13,27,2,04大安區,大安區延吉街70巷5弄與忠孝東路4段口,0,0,1,1,C03,8,5,5,50,3,1,1,5,4,5,13,4,4,10,5,5,2,17,2,53,3,10,6,1,7,6,1,10,1,12,,9,,1,21,,121.5539344,25.0415375
112,9,26,13,27,2,04大安區,大安區延吉街70巷5弄與忠孝東路4段口,0,0,1,2,C04,8,5,5,50,3,1,1,5,4,5,13,4,4,10,5,5,2,17,2,63,2,9,6,1,7,9,1,10,1,14,,44,,1,21,,121.5539344,25.0415375
112,9,26,13,42,2,04大安區,大安區新生南路1段97巷與忠孝東路3段44巷口,0,0,1,2,B03,8,5,6,30,4,1,1,5,4,5,13,4,4,10,5,5,2,17,2,61,3,10,7,1,7,9,1,8,1,4,,107,,1,21,,121.5346216,25.0411495
112,9,26,13,42,2,04大安區,大安區新生南路1段97巷與忠孝東路3段44巷口,0,0,1,1,C03,8,5,6,30,4,1,1,5,4,5,13,4,4,10,5,5,2,17,1,45,2,3,6,1,7,5,1,10,1,11,,75,,1,21,,121.5346216,25.0411495
112,9,26,13,44,2,03中山區,中山區興安街與興安街80巷口,0,0,1,1,C03,8,7,8,50,3,1,1,5,4,5,13,4,4,9,4,4,2,16,1,33,3,10,6,4,7,5,1,10,1,13,,8,,1,21,,121.5414679,25.0560997
112,9,26,13,44,2,03中山區,中山區興安街與興安街80巷口,0,0,1,2,C03,8,7,8,50,3,1,1,5,4,5,13,4,4,9,4,4,2,16,2,31,2,9,6,4,7,9,1,10,1,11,,108,,1,21,,121.5414679,25.0560997
112,9,26,13,57,2,05中正區,中正區中山南路與仁愛路1段口,0,0,2,1,B03,8,6,5,50,5,1,1,5,4,5,13,2,1,5,4,5,2,12,1,72,3,10,7,1,7,9,1,8,1,2,,42,,1,22,,121.5177373,25.03922792
112,9,26,13,57,2,05中正區,中正區中山南路與仁愛路1段口,0,0,2,2,C03,8,6,5,50,5,1,1,5,4,5,13,2,1,5,4,5,2,12,1,72,2,9,5,1,7,9,1,10,1,14,,78,,1,22,,121.5177373,25.03922792
112,9,26,13,57,2,05中正區,中正區中山南路與仁愛路1段口,0,0,2,3,H02,8,6,5,50,5,1,1,5,4,5,13,2,1,5,4,5,2,12,2,72,2,9,5,5,7,20,8,20,10,16,,67,,1,22,,121.5177373,25.03922792
112,9,26,14,0,2,12內湖區,內湖區成美橋與新明路口口,0,0,1,2,B12,8,6,5,50,4,1,1,5,4,5,13,2,1,5,4,5,2,17,1,56,3,10,7,1,7,5,1,8,1,2,,74,,1,21,,121.5822303,25.05568917
112,9,26,14,0,2,12內湖區,內湖區成美橋與新明路口口,0,0,1,1,C03,8,6,5,50,4,1,1,5,4,5,13,2,1,5,4,5,2,17,2,50,2,7,5,1,7,9,1,10,1,11,,44,,1,21,,121.5822303,25.05568917
112,9,26,14,10,2,08士林區,士林區雨聲街105號,0,0,1,2,B01,8,6,6,50,3,1,1,5,4,5,13,1,1,5,4,5,1,17,1,64,3,10,3,4,7,5,1,4,1,17,,44,,1,22,,121.5312047,25.10471636
112,9,26,14,10,2,08士林區,士林區雨聲街105號,0,0,1,1,C03,8,6,6,50,3,1,1,5,4,5,13,1,1,5,4,5,1,17,1,67,2,8,3,4,7,6,1,10,1,12,,42,,1,22,,121.5312047,25.10471636
112,9,26,14,15,2,04大安區,大安區信義路4段258號,0,0,1,1,B03,8,6,5,50,14,9,1,5,4,5,13,4,4,1,4,5,2,17,1,63,3,10,7,1,7,7,1,8,1,17,,44,,1,22,,121.5537853,25.0330854
112,9,26,14,15,2,04大安區,大安區信義路4段258號,0,0,1,2,C03,8,6,5,50,14,9,1,5,4,5,13,4,4,1,4,5,2,17,1,22,2,9,6,1,7,9,1,10,1,17,,42,,1,22,,121.5537853,25.0330854
112,9,26,14,20,2,10文山區,文山區萬芳路22號,0,0,1,1,B01,8,5,5,50,11,9,1,5,4,5,13,4,4,9,4,5,1,17,1,58,3,10,7,1,7,11,1,4,1,8,,10,,1,21,,121.5706698,24.995938
112,9,26,14,20,2,10文山區,文山區萬芳路22號,0,0,1,2,C03,8,5,5,50,11,9,1,5,4,5,13,4,4,9,4,5,1,17,2,42,2,9,6,1,7,9,1,10,1,11,,44,,1,21,,121.5706698,24.995938
112,9,26,14,26,2,12內湖區,內湖區康寧路3段220號,0,0,1,2,C03,8,6,5,50,14,9,1,5,4,5,13,4,4,9,4,5,2,16,2,52,2,9,5,1,7,9,1,10,2,11,,44,,1,21,,121.6109678,25.06653792
112,9,26,14,26,2,12內湖區,內湖區康寧路3段220號,0,0,1,1,C03,8,6,5,50,14,9,1,5,4,5,13,4,4,9,4,5,2,16,1,22,3,10,6,1,7,7,1,10,2,12,,100,,1,21,,121.6109678,25.06653792
112,9,26,15,9,2,12內湖區,內湖區文德路208巷6弄與文德路208巷口,0,0,1,1,B01,8,5,5,30,3,2,1,5,4,5,13,4,4,9,5,5,2,14,1,61,3,10,7,1,7,2,1,4,1,3,,12,,1,21,,121.5835825,25.0779334
112,9,26,15,9,2,12內湖區,內湖區文德路208巷6弄與文德路208巷口,0,0,1,2,C03,8,5,5,30,3,2,1,5,4,5,13,4,4,9,5,5,2,14,2,35,2,8,6,1,7,14,1,10,1,12,,44,,1,21,,121.5835825,25.0779334
112,9,26,15,18,2,08士林區,士林區雨聲街石頭公廟前,0,0,2,1,B03,8,6,5,30,14,9,1,5,4,5,13,4,4,5,5,5,1,16,2,57,2,2,3,4,7,11,1,8,1,4,,10,,1,22,,121.5300751,25.10458024
112,9,26,15,18,2,08士林區,士林區雨聲街石頭公廟前,0,0,2,2,C04,8,6,5,30,14,9,1,5,4,5,13,4,4,5,5,5,1,16,2,58,2,8,3,4,7,9,3,18,1,11,,108,,1,22,,121.5300751,25.10458024
112,9,26,15,34,2,04大安區,大安區復興南路1段360號,0,0,2,2,F01,8,7,8,0,22,23,1,5,4,5,13,4,4,10,5,5,2,11,2,35,2,9,3,4,7,21,8,20,1,15,,108,,1,21,,121.5435048,25.03546561
112,9,26,15,34,2,04大安區,大安區復興南路1段360號,0,0,2,1,F01,8,7,8,0,22,23,1,5,4,5,13,4,4,10,5,5,2,11,2,62,2,3,3,4,7,21,8,20,1,15,,108,,1,21,,121.5435048,25.03546561
112,9,26,15,35,2,08士林區,士林區忠誠路2段118巷與忠誠路2段140巷15弄口,0,0,1,1,C03,8,5,5,30,4,1,1,5,4,5,13,4,4,10,5,5,2,15,1,26,2,9,6,1,7,15,1,10,2,12,,72,,1,22,,121.5309253,25.11390233
112,9,26,15,35,2,08士林區,士林區忠誠路2段118巷與忠誠路2段140巷15弄口,0,0,1,2,B03,8,5,5,30,4,1,1,5,4,5,13,4,4,10,5,5,2,15,2,34,3,10,7,1,7,9,1,8,2,1,,108,,1,21,,121.5309253,25.11390233
112,9,26,15,42,2,07信義區,信義區松智路與松高路口口,0,0,1,2,C04,8,7,5,50,3,2,1,5,4,5,13,2,1,5,2,5,2,16,2,22,2,9,6,1,7,9,1,10,1,12,,44,,1,21,,121.5654842,25.0389678
112,9,26,15,42,2,07信義區,信義區松智路與松高路口口,0,0,1,1,B03,8,7,5,50,3,2,1,5,4,5,13,2,1,5,2,5,2,16,1,27,3,10,7,1,7,6,1,8,1,8,,71,,1,21,,121.5654842,25.0389678
112,9,26,15,50,2,10文山區,文山區辛亥路7段36號,0,0,2,2,C03,8,7,5,50,14,8,1,5,4,5,13,4,4,5,4,4,2,12,1,20,2,9,5,1,7,9,1,10,1,14,,44,,1,21,,121.5534545,24.98592584
112,9,26,15,50,2,10文山區,文山區辛亥路7段36號,0,0,2,3,C03,8,7,5,50,14,8,1,5,4,5,13,4,4,5,4,4,2,12,2,21,3,10,3,4,7,13,1,10,9,11,,44,,1,21,,121.5534545,24.98592584
112,9,26,15,50,2,10文山區,文山區辛亥路7段36號,0,0,2,1,B12,8,7,5,50,14,8,1,5,4,5,13,4,4,5,4,4,2,12,1,62,3,10,3,4,7,9,1,8,9,2,,99,,2,21,,121.5534545,24.98592584
112,9,26,15,50,2,10文山區,文山區辛亥路7段36號,0,0,2,4,H02,8,7,5,50,14,8,1,5,4,5,13,4,4,5,4,4,2,12,2,20,2,9,5,5,7,20,8,20,10,17,,67,,1,21,,121.5534545,24.98592584
112,9,26,15,50,2,12內湖區,內湖區東湖路與康寧路3段口,0,0,1,1,B01,8,6,5,50,3,1,1,5,4,5,13,1,1,1,5,5,2,13,1,67,3,10,7,1,7,1,1,4,2,1,,108,,1,21,,121.6122201,25.06885611
112,9,26,15,50,2,12內湖區,內湖區東湖路與康寧路3段口,0,0,1,2,C03,8,6,5,50,3,1,1,5,4,5,13,1,1,1,5,5,2,13,2,46,2,9,6,1,7,14,1,10,2,13,,44,,1,21,,121.6122201,25.06885611
112,9,26,16,0,2,07信義區,信義區忠孝東路5段215巷22號,0,0,1,2,B03,7,7,5,30,4,1,1,5,4,5,13,4,4,9,4,5,2,17,2,49,3,10,7,1,7,9,1,8,1,2,,44,,1,22,,121.5701976,25.0415942
112,9,26,16,0,2,07信義區,信義區忠孝東路5段215巷22號,0,0,1,1,C03,7,7,5,30,4,1,1,5,4,5,13,4,4,9,4,5,2,17,2,50,2,9,5,1,7,6,1,10,1,14,,72,,1,22,,121.5701976,25.0415942
112,9,26,16,12,2,04大安區,大安區和平東路2段134號,0,0,1,2,C03,8,6,5,50,14,9,1,5,4,5,13,4,4,1,4,5,2,17,1,25,2,9,6,1,7,9,1,10,2,12,,44,,1,22,,121.5440801,25.02475808
112,9,26,16,12,2,04大安區,大安區和平東路2段134號,0,0,1,1,A12,8,6,5,50,14,9,1,5,4,5,13,4,4,1,4,5,2,17,1,25,3,10,3,4,7,14,1,7,2,4,,40,,1,26,,121.5440801,25.02475808
112,9,26,16,18,2,01大同區,大同區赤峰街與承德路2段75巷口,0,0,1,2,B03,8,6,5,30,4,1,1,5,4,5,13,4,4,5,5,5,2,15,1,38,3,10,7,1,7,9,1,8,9,8,,44,,1,21,,121.5196616,25.0557109
112,9,26,16,18,2,01大同區,大同區赤峰街與承德路2段75巷口,0,0,1,1,C03,8,6,5,30,4,1,1,5,4,5,13,4,4,5,5,5,2,15,2,25,2,8,6,1,7,15,1,10,9,11,,72,,1,21,,121.5196616,25.0557109
112,9,26,16,18,2,12內湖區,內湖區民權東路6段123巷17號,0,0,2,1,B02,8,6,5,30,14,9,1,5,4,5,13,4,4,4,4,5,2,12,1,41,3,10,7,1,7,5,1,8,1,8,,94,,1,21,,121.592861,25.06956895
112,9,26,16,18,2,12內湖區,內湖區民權東路6段123巷17號,0,0,2,2,C03,8,6,5,30,14,9,1,5,4,5,13,4,4,4,4,5,2,12,1,49,2,9,5,1,7,9,3,18,1,12,,4,,1,21,,121.592861,25.06956895
112,9,26,16,18,2,12內湖區,內湖區民權東路6段123巷17號,0,0,2,3,H02,8,6,5,30,14,9,1,5,4,5,13,4,4,4,4,5,2,12,1,31,2,9,5,5,7,20,8,20,10,16,,67,,1,21,,121.592861,25.06956895
112,9,26,16,19,2,09北投區,北投區承德路7段231號,0,0,1,1,B03,8,7,5,50,14,9,1,5,4,5,13,4,4,1,4,5,2,17,1,59,3,10,7,1,7,1,1,8,1,7,,19,,1,22,,121.5057728,25.115493
112,9,26,16,19,2,09北投區,北投區承德路7段231號,0,0,1,2,C03,8,7,5,50,14,9,1,5,4,5,13,4,4,1,4,5,2,17,1,22,2,9,6,1,7,9,1,10,1,12,,108,,1,22,,121.5057728,25.115493
112,9,26,16,25,2,05中正區,中正區重慶南路2段7巷與南昌路1段口,0,0,1,1,A02,8,7,5,50,4,1,1,5,4,5,13,4,4,5,5,5,2,17,1,65,3,10,7,1,7,5,1,2,2,5,,107,,1,22,,121.5150228,25.0343535
112,9,26,16,25,2,05中正區,中正區重慶南路2段7巷與南昌路1段口,0,0,1,2,C03,8,7,5,50,4,1,1,5,4,5,13,4,4,5,5,5,2,17,2,64,2,9,6,1,7,5,1,10,2,14,,44,,1,22,,121.5150228,25.0343535
112,9,26,16,44,2,03中山區,中山區新生北路3段與新生北路3段68巷口,0,0,2,2,F03,8,7,8,30,3,1,1,5,4,5,13,4,4,10,5,5,2,16,1,15,2,9,5,4,7,9,8,20,2,17,,107,,1,21,,121.5274534,25.0661726
112,9,26,16,44,2,03中山區,中山區新生北路3段與新生北路3段68巷口,0,0,2,1,C03,8,7,8,30,3,1,1,5,4,5,13,4,4,10,5,5,2,16,1,30,2,9,6,4,7,6,1,10,2,12,,9,,1,21,,121.5274534,25.0661726
112,9,26,17,10,2,12內湖區,內湖區內湖路2段336號,0,0,1,2,H01,8,5,5,50,14,18,1,5,4,5,13,4,4,4,4,5,1,9,1,12,2,9,4,5,8,18,8,20,10,16,,67,,1,21,,121.5897264,25.08186902
112,9,26,17,10,2,12內湖區,內湖區內湖路2段336號,0,0,1,1,B03,8,5,5,50,14,18,1,5,4,5,13,4,4,4,4,5,1,9,2,69,3,10,3,4,7,9,1,8,1,1,,70,,1,21,,121.5897264,25.08186902
112,9,26,17,15,2,03中山區,中山區復興北路與興安街口,0,0,1,1,B03,8,5,5,50,4,1,1,5,4,5,13,1,1,1,4,5,2,16,1,41,3,10,7,1,7,6,1,8,1,8,,9,,1,21,,121.543984,25.05603935
112,9,26,17,15,2,03中山區,中山區復興北路與興安街口,0,0,1,2,F01,8,5,5,50,4,1,1,5,4,5,13,1,1,1,4,5,2,16,2,61,2,9,4,1,7,9,8,20,1,12,,99,,1,21,,121.543984,25.05603935
112,9,26,17,36,2,08士林區,士林區天母北路與天母北路9巷口,0,0,1,1,C03,8,6,5,50,3,1,1,5,4,5,13,4,4,9,5,5,2,16,2,47,2,8,5,1,7,1,1,10,1,14,,19,,1,21,,121.5262747,25.11923041
112,9,26,17,36,2,08士林區,士林區天母北路與天母北路9巷口,0,0,1,2,B03,8,6,5,50,3,1,1,5,4,5,13,4,4,9,5,5,2,16,1,30,3,10,7,1,7,9,1,8,1,1,,108,,1,21,,121.5262747,25.11923041
112,9,26,17,38,2,10文山區,文山區木柵路2段與木柵路2段138巷口,0,0,1,1,C03,8,6,5,50,4,1,1,5,4,5,13,1,1,4,3,5,2,16,1,31,3,10,5,1,7,5,1,10,1,13,,8,,1,21,,121.5618059,24.9888668
112,9,26,17,38,2,10文山區,文山區木柵路2段與木柵路2段138巷口,0,0,1,2,C03,8,6,5,50,4,1,1,5,4,5,13,1,1,4,3,5,2,16,1,20,2,7,5,1,7,9,1,10,1,11,,108,,1,21,,121.5618059,24.9888668
112,9,26,17,38,2,07信義區,信義區永吉路與虎林街口口,0,0,2,1,C03,8,7,5,50,4,1,1,5,4,5,13,2,1,3,4,4,2,16,1,39,2,9,6,1,7,6,1,10,1,12,,9,,1,21,,121.5769677,25.045404
112,9,26,17,38,2,07信義區,信義區永吉路與虎林街口口,0,0,2,2,C03,8,7,5,50,4,1,1,5,4,5,13,2,1,3,4,4,2,16,1,26,2,9,6,1,7,9,1,10,1,11,14,13,,1,21,,121.5769677,25.045404
112,9,26,17,38,2,07信義區,信義區永吉路與虎林街口口,0,0,2,3,C03,8,7,5,50,4,1,1,5,4,5,13,2,1,3,4,4,2,16,1,34,3,10,6,1,7,14,1,10,1,14,,44,,1,21,,121.5769677,25.045404
112,9,26,17,42,2,12內湖區,內湖區康樂街85巷與康樂街61巷口,0,0,2,1,C03,7,6,6,30,4,1,1,5,4,5,13,4,4,10,5,5,2,15,2,56,2,9,5,1,7,9,1,10,1,11,,80,,1,22,,121.6194943,25.06957024
112,9,26,17,42,2,12內湖區,內湖區康樂街85巷與康樂街61巷口,0,0,2,2,C03,7,6,6,30,4,1,1,5,4,5,13,4,4,10,5,5,2,15,2,38,2,9,5,1,7,9,1,10,1,11,,75,,1,22,,121.6194943,25.06957024
112,9,26,17,45,2,09北投區,北投區裕民六路90巷與裕民六路114巷口,0,0,2,1,C03,8,5,5,30,4,1,1,5,4,5,13,4,4,9,2,5,2,17,2,46,2,7,5,1,7,6,1,10,1,14,,72,,1,21,,121.5177929,25.1144012
112,9,26,17,45,2,09北投區,北投區裕民六路90巷與裕民六路114巷口,0,0,2,2,C02,8,5,5,30,4,1,1,5,4,5,13,4,4,9,2,5,2,17,1,44,2,7,6,1,7,9,1,9,1,11,,107,,1,21,,121.5177929,25.1144012
112,9,26,18,10,2,06松山區,松山區光復南路與光復南路22巷口,0,0,1,1,B01,8,6,5,30,3,1,1,5,4,5,13,4,4,9,4,5,2,17,1,50,3,10,7,1,7,14,1,4,1,8,,44,,1,22,,121.5577484,25.04716432
112,9,26,18,10,2,06松山區,松山區光復南路與光復南路22巷口,0,0,1,2,C03,8,6,5,30,3,1,1,5,4,5,13,4,4,9,4,5,2,17,1,41,2,8,6,1,7,9,1,10,1,11,,108,,1,22,,121.5577484,25.04716432