發生年度,發生月,發生日,發生時-Hours,發生分,處理別-編號,區序,肇事地點,死亡人數,2-30日死亡人數,受傷人數,當事人序號,車種,天候,光線,道路類別,速限-速度限制,道路型態,事故位置,路面狀況1,路面狀況2,路面狀況3,道路障礙1,道路障礙2,號誌1,號誌2,車道劃分-分向,車道劃分-分道1,車道劃分-分道2,車道劃分-分道3,事故類型及型態,性別,年齡,受傷程度,主要傷處,保護裝置,行動電話,車輛用途,當事者行動狀態,駕駛資格情形,駕駛執照種類,飲酒情形,車輛撞擊部位1,車輛撞擊部位2,肇因碼-個別,肇因碼-主要,個人肇逃否,職業,旅次目的,座標-X,座標-Y
112,9,26,18,10,2,06松山區,松山區八德路4段與基隆路1段口,0,0,3,1,C03,8,5,5,50,5,1,1,5,4,5,13,1,1,4,3,5,2,17,2,58,2,9,6,1,7,5,1,10,1,13,,96,,1,21,,121.5692471,25.04947124
112,9,26,18,10,2,06松山區,松山區八德路4段與基隆路1段口,0,0,3,3,H02,8,5,5,50,5,1,1,5,4,5,13,1,1,4,3,5,2,17,1,29,2,9,6,5,7,20,8,20,10,16,,67,,1,21,,121.5692471,25.04947124
112,9,26,18,10,2,06松山區,松山區八德路4段與基隆路1段口,0,0,3,2,C03,8,5,5,50,5,1,1,5,4,5,13,1,1,4,3,5,2,17,1,45,2,9,6,1,7,9,1,10,1,11,,108,,1,21,,121.5692471,25.04947124
112,9,26,18,18,2,03中山區,中山區市民大道2段65號,0,0,2,1,C03,8,5,6,40,14,9,1,5,4,5,13,4,4,1,4,5,2,17,1,60,2,9,6,1,7,11,3,18,11,14,,103,,1,21,,121.5289058,25.04668285
112,9,26,18,18,2,03中山區,中山區市民大道2段65號,0,0,2,2,C03,8,5,6,40,14,9,1,5,4,5,13,4,4,1,4,5,2,17,2,45,2,9,6,1,7,9,1,10,1,12,,13,,1,21,,121.5289058,25.04668285
112,9,26,18,22,2,10文山區,文山區興隆路3段與興隆路3段185巷口,0,0,1,2,C03,7,5,5,50,5,1,1,5,4,5,13,3,1,1,4,5,2,17,1,64,2,8,5,1,7,6,1,10,2,11,,72,,1,21,,121.5600672,24.9958981
112,9,26,18,22,2,10文山區,文山區興隆路3段與興隆路3段185巷口,0,0,1,1,C03,7,5,5,50,5,1,1,5,4,5,13,3,1,1,4,5,2,17,2,36,4,11,3,4,7,21,7,19,11,15,,44,,2,22,,121.5600672,24.9958981
112,9,26,18,28,2,03中山區,中山區北安路往西近自強圓環,0,0,2,2,C03,8,5,5,50,14,9,1,5,4,5,13,4,4,7,4,5,2,12,2,24,2,9,3,4,7,9,1,10,1,14,,44,,1,21,,121.5518095,25.08605758
112,9,26,18,28,2,03中山區,中山區北安路往西近自強圓環,0,0,2,1,C03,8,5,5,50,14,9,1,5,4,5,13,4,4,7,4,5,2,12,2,26,2,9,3,4,7,7,1,10,1,12,,100,,1,21,,121.5518095,25.08605758
112,9,26,18,30,2,06松山區,松山區光復北路與南京東路4段口,0,0,1,3,H02,8,5,5,50,4,1,1,5,4,5,13,2,1,10,5,5,2,16,2,28,2,8,6,5,7,20,8,20,10,16,,67,,1,22,,121.5578391,25.0514555
112,9,26,18,30,2,06松山區,松山區光復北路與南京東路4段口,0,0,1,2,B03,8,5,5,50,4,1,1,5,4,5,13,2,1,10,5,5,2,16,1,46,3,10,7,1,7,9,1,8,1,5,,44,,1,22,,121.5578391,25.0514555
112,9,26,18,30,2,06松山區,松山區光復北路與南京東路4段口,0,0,1,1,C03,8,5,5,50,4,1,1,5,4,5,13,2,1,10,5,5,2,16,1,28,3,10,6,1,7,5,1,10,1,14,,8,,1,22,,121.5578391,25.0514555
112,9,26,18,40,2,01大同區,大同區寧夏路155號,0,0,2,2,C03,8,5,5,50,14,9,1,5,4,5,13,4,4,9,4,5,2,3,1,56,2,9,5,1,7,9,1,10,1,11,,108,,1,21,,121.5141704,25.0614097
112,9,26,18,40,2,01大同區,大同區寧夏路155號,0,0,2,1,H01,8,5,5,50,14,9,1,5,4,5,13,4,4,9,4,5,2,3,2,35,2,9,4,5,8,16,8,20,10,16,,121,,1,21,,121.5141704,25.0614097
112,9,26,19,3,2,03中山區,中山區伊通街與伊通街87巷口,0,0,2,2,H01,8,5,5,50,4,2,1,5,4,5,13,4,4,9,5,5,2,3,1,59,2,9,4,5,8,16,8,20,9,16,,67,,1,21,,121.5348173,25.05290274
112,9,26,19,3,2,03中山區,中山區伊通街與伊通街87巷口,0,0,2,1,C03,8,5,5,50,4,2,1,5,4,5,13,4,4,9,5,5,2,3,1,21,2,7,3,4,7,9,1,10,9,11,,70,,1,21,,121.5348173,25.05290274
112,9,26,19,18,2,03中山區,中山區南京東路2段與吉林路口,0,0,1,1,C03,7,5,5,50,4,1,1,5,4,5,13,1,1,1,3,5,1,13,1,20,2,7,6,4,7,8,1,10,1,13,,100,,1,21,,121.5300369,25.052185
112,9,26,19,18,2,03中山區,中山區南京東路2段與吉林路口,0,0,1,2,B01,7,5,5,50,4,1,1,5,4,5,13,1,1,1,3,5,1,13,1,58,3,10,3,4,7,8,1,4,1,1,,108,,1,21,,121.5300369,25.052185
112,9,26,19,22,2,05中正區,中正區臨沂街19巷與臨沂街口口,0,0,1,2,B01,8,5,5,30,4,1,1,5,4,5,13,4,4,9,4,5,1,15,1,58,3,10,7,1,7,9,1,4,2,1,,4,,1,21,,121.5304593,25.0419936
112,9,26,19,22,2,05中正區,中正區臨沂街19巷與臨沂街口口,0,0,1,1,C03,8,5,5,30,4,1,1,5,4,5,13,4,4,9,4,5,1,15,1,26,2,9,6,1,7,9,1,10,2,12,,72,,1,21,,121.5304593,25.0419936
112,9,26,19,23,2,04大安區,大安區通化街與通化街171巷口,0,0,1,2,H01,6,5,5,50,14,9,1,4,4,5,13,2,1,10,5,5,2,3,2,32,2,8,4,5,8,16,8,20,1,16,,122,,1,21,,121.5536432,25.0281623
112,9,26,19,23,2,04大安區,大安區通化街與通化街171巷口,0,0,1,1,B01,6,5,5,50,14,9,1,4,4,5,13,2,1,10,5,5,2,3,1,44,3,10,7,1,7,9,1,4,1,1,,70,,1,21,,121.5536432,25.0281623
112,9,26,19,30,2,06松山區,松山區松河街26號,0,0,1,2,B01,6,5,5,40,14,9,2,4,4,5,13,4,4,9,4,5,2,12,1,54,3,10,7,1,7,9,1,4,1,5,,44,,1,22,,121.5728036,25.05077639
112,9,26,19,30,2,06松山區,松山區松河街26號,0,0,1,1,F01,6,5,5,40,14,9,2,4,4,5,13,4,4,9,4,5,2,12,1,71,2,9,4,1,7,9,8,20,1,14,,42,,1,22,,121.5728036,25.05077639
112,9,26,19,30,2,11南港區,南港區忠孝東路7段與興中路口,0,0,1,1,B03,6,5,5,50,3,1,1,4,4,5,13,2,1,1,4,5,2,16,1,45,3,10,7,1,7,5,1,8,1,5,,74,,1,21,,121.6079103,25.0523037
112,9,26,19,30,2,11南港區,南港區忠孝東路7段與興中路口,0,0,1,2,C03,6,5,5,50,3,1,1,4,4,5,13,2,1,1,4,5,2,16,1,26,2,8,5,1,7,9,1,10,1,14,,44,,1,21,,121.6079103,25.0523037
112,9,26,20,14,2,05中正區,中正區羅斯福路2段與和平西路1段口口,0,0,1,2,C03,7,5,5,50,5,1,1,4,4,5,13,1,1,3,4,5,2,16,1,28,3,10,5,1,7,9,1,10,1,11,,44,,1,21,,121.5222681,25.0270417
112,9,26,20,14,2,05中正區,中正區羅斯福路2段與和平西路1段口口,0,0,1,1,C03,7,5,5,50,5,1,1,4,4,5,13,1,1,3,4,5,2,16,2,22,4,11,3,1,7,7,1,10,11,12,,100,,2,22,,121.5222681,25.0270417
112,9,26,20,14,2,05中正區,中正區羅斯福路2段與和平西路1段口口,0,0,1,3,H02,7,5,5,50,5,1,1,4,4,5,13,1,1,3,4,5,2,16,1,28,2,8,5,5,7,20,8,20,10,16,,67,,1,21,,121.5222681,25.0270417
112,9,26,20,19,2,10文山區,文山區秀明路1段81號停車格,0,0,1,3,B02,7,5,5,40,14,8,1,5,4,5,13,4,4,1,4,4,2,17,1,41,4,11,3,4,7,13,7,19,11,7,,44,,1,21,,121.568576,24.99158339
112,9,26,20,19,2,10文山區,文山區秀明路1段81號停車格,0,0,1,2,F01,7,5,5,40,14,8,1,5,4,5,13,4,4,1,4,4,2,17,1,33,2,9,4,1,7,9,8,20,1,12,,44,,1,21,,121.568576,24.99158339
112,9,26,20,19,2,10文山區,文山區秀明路1段81號停車格,0,0,1,1,B03,7,5,5,40,14,8,1,5,4,5,13,4,4,1,4,4,2,17,1,63,3,10,7,1,7,14,1,8,1,4,,40,,1,21,,121.568576,24.99158339
112,9,26,21,8,2,11南港區,南港區南港橋東往西近港東街,0,0,1,2,C03,6,5,5,50,14,9,1,4,4,5,13,4,4,3,4,5,2,12,1,35,2,8,5,4,7,9,1,10,1,11,,13,,1,22,,121.6206326,25.0549358
112,9,26,21,8,2,11南港區,南港區南港橋東往西近港東街,0,0,1,1,B01,6,5,5,50,14,9,1,4,4,5,13,4,4,3,4,5,2,12,1,51,3,10,7,4,7,8,1,4,1,2,,100,,1,22,,121.6206326,25.0549358
112,9,26,21,44,2,04大安區,大安區和平東路1段與和平東路1段141巷口,0,0,1,1,C03,6,5,5,50,4,2,1,4,4,5,13,2,1,1,4,4,2,13,1,18,2,9,3,4,7,9,1,10,1,11,,42,,1,22,,121.5303727,25.0265231
112,9,26,21,44,2,04大安區,大安區和平東路1段與和平東路1段141巷口,0,0,1,2,B03,6,5,5,50,4,2,1,4,4,5,13,2,1,1,4,4,2,13,1,54,3,10,3,4,7,14,1,8,1,3,,44,,1,22,,121.5303727,25.0265231
112,9,26,22,12,2,09北投區,北投區中央北路3段與新興路口,0,0,1,1,B12,6,5,5,50,4,2,1,4,4,5,13,1,1,5,4,5,2,17,1,52,3,10,7,1,7,11,1,8,11,17,,10,,1,26,,121.4866629,25.1383326
112,9,26,22,12,2,09北投區,北投區中央北路3段與新興路口,0,0,1,2,C03,6,5,5,50,4,2,1,4,4,5,13,1,1,5,4,5,2,17,1,22,2,9,5,1,7,9,1,10,1,12,,13,,1,25,,121.4866629,25.1383326
112,9,26,22,20,2,02萬華區,萬華區西園路2段與寶興街口,0,0,2,1,C03,6,5,5,50,4,1,1,4,4,5,13,1,1,1,3,5,1,17,2,31,2,8,3,4,7,9,1,10,1,15,,44,,1,21,,121.4939149,25.02669337
112,9,26,22,20,2,02萬華區,萬華區西園路2段與寶興街口,0,0,2,2,C03,6,5,5,50,4,1,1,4,4,5,13,1,1,1,3,5,1,17,2,24,2,9,3,4,7,9,1,10,1,15,,116,,1,21,,121.4939149,25.02669337
112,9,26,22,20,2,02萬華區,萬華區西園路2段與寶興街口,0,0,2,3,B01,6,5,5,50,4,1,1,4,4,5,13,1,1,1,3,5,1,17,1,68,4,11,3,4,7,15,7,19,9,15,,44,,1,22,,121.4939149,25.02669337
112,9,26,22,30,2,11南港區,南港區忠孝東路6段15號,0,0,1,2,C03,6,5,5,0,3,2,1,4,4,1,13,1,1,3,4,5,2,29,2,47,2,8,5,4,7,9,1,10,1,11,,44,,1,22,,121.5830573,25.0459237
112,9,26,22,30,2,11南港區,南港區忠孝東路6段15號,0,0,1,1,,6,5,5,0,3,2,1,4,4,1,13,1,1,3,4,5,2,29,3,47,,,,,,,,,,,,128,,1,,,121.5830573,25.0459237
112,9,26,23,22,2,04大安區,大安區建國高架道忠孝匝道,0,0,1,1,C03,6,5,5,40,10,11,1,4,4,5,13,4,4,1,4,1,2,18,2,65,2,9,6,1,7,9,1,10,2,15,,116,,1,21,,121.5364951,25.04305064
112,9,26,23,22,2,04大安區,大安區建國高架道忠孝匝道,0,0,1,2,,6,5,5,40,10,11,1,4,4,5,13,4,4,1,4,1,2,18,3,0,,,,,,,,,,,,67,,1,,,121.5364951,25.04305064
112,9,26,23,22,2,04大安區,大安區建國高架道忠孝匝道,0,0,1,3,B03,6,5,5,40,10,11,1,4,4,5,13,4,4,1,4,1,2,18,1,50,3,10,7,1,7,15,1,8,9,4,,108,,1,21,,121.5364951,25.04305064
112,9,26,23,31,2,01大同區,大同區延平北路3段與民權西路口,0,0,1,1,B03,6,5,5,50,4,2,1,4,4,5,13,2,1,1,5,5,2,17,1,30,3,10,7,1,7,7,1,8,2,5,,99,,1,22,,121.5110902,25.0630332
112,9,26,23,31,2,01大同區,大同區延平北路3段與民權西路口,0,0,1,2,C03,6,5,5,50,4,2,1,4,4,5,13,2,1,1,5,5,2,17,1,23,2,5,6,1,7,9,1,10,2,13,,44,,1,22,,121.5110902,25.0630332
112,9,26,23,42,2,03中山區,中山區長安東路1段與林森北路口,0,0,3,3,H02,7,5,5,50,4,1,1,4,4,5,13,1,1,4,3,5,1,13,2,19,2,9,6,5,7,20,8,20,10,16,,67,,1,21,,121.5242576,25.0491926
112,9,26,23,42,2,03中山區,中山區長安東路1段與林森北路口,0,0,3,1,C03,7,5,5,50,4,1,1,4,4,5,13,1,1,4,3,5,1,13,2,19,2,9,6,1,7,9,1,10,1,11,,16,,1,21,,121.5242576,25.0491926
112,9,26,23,42,2,03中山區,中山區長安東路1段與林森北路口,0,0,3,2,C03,7,5,5,50,4,1,1,4,4,5,13,1,1,4,3,5,1,13,1,50,2,8,6,1,7,9,1,10,1,13,,44,,1,21,,121.5242576,25.0491926
112,9,27,0,21,2,07信義區,信義區基隆路2段149號,0,0,2,1,C03,8,5,5,50,14,9,1,5,4,5,13,4,4,5,4,1,2,13,1,19,2,7,5,1,7,9,1,10,1,12,,16,,1,21,,121.555524,25.02690604
112,9,27,0,21,2,07信義區,信義區基隆路2段149號,0,0,2,2,C03,8,5,5,50,14,9,1,5,4,5,13,4,4,5,4,1,2,13,1,31,2,7,5,1,7,9,1,10,1,12,,44,,1,21,,121.555524,25.02690604
112,9,27,6,42,2,09北投區,北投區稻香路123號,0,0,1,1,C03,6,6,5,50,11,9,1,4,4,5,13,4,4,9,5,5,2,18,1,56,2,9,5,1,7,9,1,10,2,12,,42,,1,21,,121.4900726,25.1415514
112,9,27,6,42,2,09北投區,北投區稻香路123號,0,0,1,2,,6,6,5,50,11,9,1,4,4,5,13,4,4,9,5,5,2,18,3,0,,,,,,,,,,,,67,,1,,,121.4900726,25.1415514
112,9,27,7,0,2,02萬華區,萬華區康定路與內江街口,0,0,2,1,C03,6,7,5,50,4,2,1,4,4,5,13,1,1,9,5,5,2,16,1,37,2,9,5,1,7,6,1,10,1,12,,9,,1,21,,121.5022594,25.0416611
112,9,27,7,0,2,02萬華區,萬華區康定路與內江街口,0,0,2,2,C03,6,7,5,50,4,2,1,4,4,5,13,1,1,9,5,5,2,16,2,31,2,7,5,1,7,9,1,10,1,14,,44,,1,21,,121.5022594,25.0416611
112,9,27,7,6,2,03中山區,中山區林森北路與林森北路485巷口,0,0,1,2,C03,6,5,5,50,3,2,1,4,4,5,13,4,4,9,4,5,2,16,2,76,2,9,6,1,7,6,1,10,2,13,,44,,1,21,,121.5255836,25.0611701
112,9,27,7,6,2,03中山區,中山區林森北路與林森北路485巷口,0,0,1,1,B03,6,5,5,50,3,2,1,4,4,5,13,4,4,9,4,5,2,16,1,43,3,10,7,1,7,1,1,8,3,8,,19,,1,21,,121.5255836,25.0611701
112,9,27,7,20,2,09北投區,北投區西安街1段與西安街1段165巷口,0,0,1,2,C03,8,6,5,40,14,9,1,5,4,5,13,4,4,9,4,5,2,13,2,65,2,9,5,1,7,10,1,10,1,13,,44,,1,21,,121.5188738,25.10958272
112,9,27,7,20,2,09北投區,北投區西安街1段與西安街1段165巷口,0,0,1,1,B02,8,6,5,40,14,9,1,5,4,5,13,4,4,9,4,5,2,13,1,49,3,10,7,1,7,9,1,8,1,1,,118,,1,21,,121.5188738,25.10958272
112,9,27,7,36,2,06松山區,松山區延壽街168號,0,0,1,1,B03,6,6,5,50,14,9,1,4,4,5,13,2,1,9,5,5,2,12,1,50,3,10,7,1,7,9,1,8,11,2,,17,,2,21,,121.5629105,25.05681661
112,9,27,7,36,2,06松山區,松山區延壽街168號,0,0,1,2,C03,6,6,5,50,14,9,1,4,4,5,13,2,1,9,5,5,2,12,1,74,2,9,5,1,7,9,1,10,1,13,,17,,1,21,,121.5629105,25.05681661
112,9,27,8,0,2,07信義區,信義區光復南路415巷與光復南路口,0,0,1,2,C03,6,5,5,30,3,2,1,4,4,5,13,4,4,1,4,5,2,17,1,33,2,9,5,1,7,9,1,10,1,11,,13,,1,22,,121.5575969,25.037283
112,9,27,8,0,2,07信義區,信義區光復南路415巷與光復南路口,0,0,1,1,B03,6,5,5,30,3,2,1,4,4,5,13,4,4,1,4,5,2,17,1,63,3,10,7,1,7,10,1,8,1,7,,100,,1,22,,121.5575969,25.037283
112,9,27,8,4,2,12內湖區,內湖區陽光街與江南街71巷口,0,0,2,2,H01,8,6,5,50,3,1,1,5,4,5,13,4,4,9,4,5,2,3,2,69,2,9,4,5,8,16,8,20,10,16,,67,,1,21,,121.5795405,25.07389117
112,9,27,8,4,2,12內湖區,內湖區陽光街與江南街71巷口,0,0,2,1,C03,8,6,5,50,3,1,1,5,4,5,13,4,4,9,4,5,2,3,1,40,3,10,6,1,7,9,1,10,2,11,,70,,1,21,,121.5795405,25.07389117
112,9,27,8,4,2,12內湖區,內湖區陽光街與江南街71巷口,0,0,2,3,H01,8,6,5,50,3,1,1,5,4,5,13,4,4,9,4,5,2,3,2,4,2,9,4,5,8,16,8,20,10,16,,67,,1,21,,121.5795405,25.07389117
112,9,27,8,15,2,05中正區,中正區忠孝東路2段112號,0,0,1,1,B03,8,5,5,50,14,9,1,4,4,5,13,4,4,9,2,5,2,17,1,38,3,10,7,1,7,8,1,8,2,15,,44,,1,21,,121.531139,25.0427174
112,9,27,8,15,2,05中正區,中正區忠孝東路2段112號,0,0,1,2,C03,8,5,5,50,14,9,1,4,4,5,13,4,4,9,2,5,2,17,2,34,2,9,5,1,7,9,1,10,2,14,,42,,1,21,,121.531139,25.0427174
112,9,27,8,33,2,12內湖區,內湖區瑞光路36號前,0,0,1,1,A02,8,7,5,50,14,9,1,5,4,5,13,4,4,9,4,5,2,12,1,31,3,10,7,1,7,9,1,2,2,2,,107,,1,21,,121.5827886,25.07022977
112,9,27,8,33,2,12內湖區,內湖區瑞光路36號前,0,0,1,2,C03,8,7,5,50,14,9,1,5,4,5,13,4,4,9,4,5,2,12,2,34,2,9,6,1,7,9,1,9,2,14,,44,,1,21,,121.5827886,25.07022977
112,9,27,8,38,2,07信義區,信義區市民大道5段與東興路口,0,0,2,3,B03,6,6,5,50,4,1,1,4,4,5,13,2,1,8,3,5,2,17,1,33,3,10,3,4,7,5,1,8,11,17,,74,,1,21,,121.5656862,25.0481546
112,9,27,8,38,2,07信義區,信義區市民大道5段與東興路口,0,0,2,2,C03,6,6,5,50,4,1,1,4,4,5,13,2,1,8,3,5,2,17,1,38,2,8,3,4,7,9,1,10,1,11,,13,,1,21,,121.5656862,25.0481546
112,9,27,8,38,2,07信義區,信義區市民大道5段與東興路口,0,0,2,1,C03,6,6,5,50,4,1,1,4,4,5,13,2,1,8,3,5,2,17,2,39,2,9,3,4,7,9,1,10,1,13,,13,,1,21,,121.5656862,25.0481546
112,9,27,8,40,2,05中正區,中正區忠孝東路1段82號,0,0,1,1,C03,6,6,5,50,14,9,1,4,4,5,13,4,4,3,4,5,2,16,2,32,3,10,6,1,7,7,1,10,9,17,,100,,1,22,,121.5242796,25.044467
112,9,27,8,40,2,05中正區,中正區忠孝東路1段82號,0,0,1,2,C03,6,6,5,50,14,9,1,4,4,5,13,4,4,3,4,5,2,16,2,57,2,9,6,1,7,9,6,10,2,17,,116,,1,22,,121.5242796,25.044467
112,9,27,8,40,2,11南港區,南港區南港路1段185號,0,0,1,1,C03,8,7,5,50,14,9,1,5,4,5,13,4,4,5,4,5,2,12,1,21,3,10,5,1,7,9,1,10,1,12,,107,,1,21,,121.6127011,25.0553024
112,9,27,8,40,2,11南港區,南港區南港路1段185號,0,0,1,2,C03,8,7,5,50,14,9,1,5,4,5,13,4,4,5,4,5,2,12,1,33,2,7,5,1,7,9,1,10,1,14,,44,,1,21,,121.6127011,25.0553024
112,9,27,8,46,2,03中山區,中山區樂群二路266巷28號,0,0,1,1,B03,7,5,5,30,14,9,1,4,4,5,13,4,4,5,5,5,2,12,1,27,3,10,7,1,7,1,1,8,1,8,,19,,1,21,,121.5618043,25.07899079
112,9,27,8,46,2,03中山區,中山區樂群二路266巷28號,0,0,1,2,C03,7,5,5,30,14,9,1,4,4,5,13,4,4,5,5,5,2,12,1,43,2,7,6,1,7,9,1,10,1,12,,13,,1,21,,121.5618043,25.07899079
112,9,27,8,50,2,11南港區,南港區研究院路2段12巷與研究院路2段口,0,0,1,1,C03,6,7,5,50,3,2,1,4,4,5,13,1,1,1,1,5,2,12,1,53,3,10,5,1,7,5,1,10,11,15,,8,,2,21,,121.6156834,25.0476327
112,9,27,8,50,2,11南港區,南港區研究院路2段12巷與研究院路2段口,0,0,1,2,C02,6,7,5,50,3,2,1,4,4,5,13,1,1,1,1,5,2,12,1,23,2,7,6,1,7,9,1,9,1,14,,99,,1,21,,121.6156834,25.0476327
112,9,27,9,1,2,02萬華區,萬華區忠孝橋往台北市機車道,0,0,1,2,C03,8,7,7,40,8,11,1,5,4,5,13,4,4,10,5,5,2,13,1,42,3,10,5,1,7,12,1,10,1,13,,44,,1,21,,121.5051331,25.0492841
112,9,27,9,1,2,02萬華區,萬華區忠孝橋往台北市機車道,0,0,1,1,C03,8,7,7,40,8,11,1,5,4,5,13,4,4,10,5,5,2,13,1,28,2,9,5,1,7,12,1,10,1,11,,16,,1,21,,121.5051331,25.0492841
112,9,27,9,33,2,10文山區,文山區秀明路1段與久康街口,0,0,1,1,C03,8,6,5,50,14,9,1,5,4,5,13,1,1,1,5,1,2,16,2,55,2,9,6,1,7,5,1,10,2,11,12,8,,1,21,,121.5648861,24.98979114
112,9,27,9,33,2,10文山區,文山區秀明路1段與久康街口,0,0,1,2,B03,8,6,5,50,14,9,1,5,4,5,13,1,1,1,5,1,2,16,1,46,3,10,7,1,7,9,1,8,2,5,,108,,1,21,,121.5648861,24.98979114
112,9,27,9,34,2,01大同區,大同區鄭州路與西寧北路口,0,0,2,1,C03,8,6,5,40,4,1,1,5,4,5,13,2,1,1,4,5,2,17,1,77,2,9,5,4,7,5,1,10,1,14,,8,,1,22,,121.5081589,25.0505881
112,9,27,9,34,2,01大同區,大同區鄭州路與西寧北路口,0,0,2,2,C03,8,6,5,40,4,1,1,5,4,5,13,2,1,1,4,5,2,17,1,18,2,9,5,4,7,9,1,10,1,11,,99,,1,22,,121.5081589,25.0505881
112,9,27,9,40,2,10文山區,文山區木柵路4段159巷(燈杆67號),0,0,3,1,C03,6,7,5,30,11,9,1,4,4,5,13,4,4,10,5,5,2,16,1,28,2,3,5,1,7,4,1,9,1,11,,1,,1,21,,121.5663121,25.01690771
112,9,27,9,40,2,10文山區,文山區木柵路4段159巷(燈杆67號),0,0,3,2,C03,6,7,5,30,11,9,1,4,4,5,13,4,4,10,5,5,2,16,2,67,2,9,5,1,7,6,1,10,1,11,,44,,1,21,,121.5663121,25.01690771
112,9,27,9,40,2,10文山區,文山區木柵路4段159巷(燈杆67號),0,0,3,3,H02,6,7,5,30,11,9,1,4,4,5,13,4,4,10,5,5,2,16,2,73,2,3,5,5,7,20,8,20,10,17,,67,,1,21,,121.5663121,25.01690771
112,9,27,9,50,2,05中正區,中正區貴陽街1段司法大廈停車場出入口,0,0,1,1,B12,8,5,5,50,22,9,1,5,4,5,13,4,4,5,4,5,1,11,1,42,3,10,7,1,7,7,1,8,2,1,,100,,1,21,,121.5117755,25.03881137
112,9,27,9,50,2,05中正區,中正區貴陽街1段司法大廈停車場出入口,0,0,1,2,C03,8,5,5,50,22,9,1,5,4,5,13,4,4,5,4,5,1,11,2,26,2,9,5,1,7,9,1,10,2,14,,44,,1,21,,121.5117755,25.03881137
112,9,27,9,53,2,01大同區,大同區迪化街2段364巷27-2號,0,0,1,3,B03,8,5,5,30,14,9,1,5,4,5,13,4,4,10,5,5,1,3,1,40,3,10,3,4,7,13,1,14,11,17,,38,,1,21,,121.5117791,25.07301333
112,9,27,9,53,2,01大同區,大同區迪化街2段364巷27-2號,0,0,1,1,H01,8,5,5,30,14,9,1,5,4,5,13,4,4,10,5,5,1,3,1,40,3,10,4,5,8,16,8,20,10,16,,121,,1,21,,121.5117791,25.07301333
112,9,27,9,53,2,01大同區,大同區迪化街2段364巷27-2號,0,0,1,2,C03,8,5,5,30,14,9,1,5,4,5,13,4,4,10,5,5,1,3,2,69,2,9,5,1,7,9,1,10,1,11,,44,,1,21,,121.5117791,25.07301333
112,9,27,9,54,2,08士林區,士林區中山北路6段290巷36號與中山北路6段290巷口,0,0,1,1,B03,8,6,5,30,3,2,1,5,4,5,13,4,4,10,5,5,1,8,1,49,3,10,7,1,7,2,3,18,2,3,,12,,1,21,,121.526681,25.10876364
112,9,27,9,54,2,08士林區,士林區中山北路6段290巷36號與中山北路6段290巷口,0,0,1,2,H01,8,6,5,30,3,2,1,5,4,5,13,4,4,10,5,5,1,8,2,73,2,7,4,5,8,17,8,20,10,16,,54,,1,21,,121.526681,25.10876364
112,9,27,9,55,2,08士林區,士林區愛富二街5號與愛富二街口,0,0,1,1,B03,8,5,5,50,3,1,1,5,4,5,13,4,4,9,5,5,2,17,1,57,3,10,7,1,7,5,1,8,2,8,,44,,1,21,,121.5446215,25.13869991
112,9,27,9,55,2,08士林區,士林區愛富二街5號與愛富二街口,0,0,1,2,C03,8,5,5,50,3,1,1,5,4,5,13,4,4,9,5,5,2,17,1,21,2,9,5,1,7,9,1,10,2,12,,1,,1,25,,121.5446215,25.13869991
112,9,27,10,3,2,12內湖區,內湖區安康路32巷與安康路32巷21弄口,0,0,1,2,A41,8,5,5,0,4,1,1,5,4,5,13,4,4,5,5,5,2,15,1,22,3,10,7,1,7,9,1,1,2,8,,80,,1,21,,121.5949662,25.06191359
112,9,27,10,3,2,12內湖區,內湖區安康路32巷與安康路32巷21弄口,0,0,1,1,C03,8,5,5,0,4,1,1,5,4,5,13,4,4,5,5,5,2,15,1,32,2,9,6,1,7,9,1,10,2,11,,75,,1,21,,121.5949662,25.06191359
112,9,27,10,5,2,03中山區,中山區建國北路2段與興安街口,0,0,1,2,C03,8,7,5,50,4,1,1,5,4,1,13,2,1,1,4,5,2,16,2,32,2,7,6,4,7,9,1,10,1,14,,44,,1,21,,121.5371465,25.0561672
112,9,27,10,5,2,03中山區,中山區建國北路2段與興安街口,0,0,1,1,B03,8,7,5,50,4,1,1,5,4,1,13,2,1,1,4,5,2,16,1,63,3,10,3,4,7,6,1,8,1,2,,9,,1,21,,121.5371465,25.0561672
112,9,27,10,40,2,12內湖區,內湖區文德路279號,0,0,1,1,B03,8,7,5,50,14,9,1,5,4,5,13,4,4,1,3,5,1,17,1,54,3,10,3,4,7,7,1,8,1,17,,100,,1,22,,121.5894135,25.07939595
112,9,27,10,40,2,12內湖區,內湖區文德路279號,0,0,1,2,C03,8,7,5,50,14,9,1,5,4,5,13,4,4,1,3,5,1,17,2,26,2,8,3,4,7,9,1,10,1,12,,44,,1,22,,121.5894135,25.07939595
112,9,27,10,42,2,09北投區,北投區行義路114巷與行義路口口,0,0,1,1,B03,8,5,5,40,14,9,1,5,1,5,13,4,4,5,5,5,1,12,1,76,3,10,7,1,7,4,1,8,1,6,,17,,2,21,,121.5292494,25.12805223
112,9,27,10,42,2,09北投區,北投區行義路114巷與行義路口口,0,0,1,2,C03,8,5,5,40,14,9,1,5,1,5,13,4,4,5,5,5,1,12,2,69,2,9,5,1,7,8,1,11,1,14,,100,,1,21,,121.5292494,25.12805223