發生年度,發生月,發生日,發生時-Hours,發生分,處理別-編號,區序,肇事地點,死亡人數,2-30日死亡人數,受傷人數,當事人序號,車種,天候,光線,道路類別,速限-速度限制,道路型態,事故位置,路面狀況1,路面狀況2,路面狀況3,道路障礙1,道路障礙2,號誌1,號誌2,車道劃分-分向,車道劃分-分道1,車道劃分-分道2,車道劃分-分道3,事故類型及型態,性別,年齡,受傷程度,主要傷處,保護裝置,行動電話,車輛用途,當事者行動狀態,駕駛資格情形,駕駛執照種類,飲酒情形,車輛撞擊部位1,車輛撞擊部位2,肇因碼-個別,肇因碼-主要,個人肇逃否,職業,旅次目的,座標-X,座標-Y
112,9,27,10,52,2,07信義區,信義區吳興街284巷22弄與吳興街284巷28弄口,0,0,1,1,B12,8,6,5,30,4,1,1,5,4,5,13,4,4,10,5,5,2,15,1,45,3,10,3,4,7,9,6,18,1,6,,72,,1,22,,121.5624072,25.0242056
112,9,27,10,52,2,07信義區,信義區吳興街284巷22弄與吳興街284巷28弄口,0,0,1,2,C03,8,6,5,30,4,1,1,5,4,5,13,4,4,10,5,5,2,15,1,76,2,9,5,1,7,9,1,10,1,11,,108,,1,22,,121.5624072,25.0242056
112,9,27,11,0,2,03中山區,中山區龍江路300號,0,0,1,1,C03,8,6,5,50,14,9,1,5,4,5,13,4,4,5,5,5,2,13,1,74,3,10,6,1,7,9,1,10,1,11,,16,,1,22,,121.5407294,25.0618798
112,9,27,11,0,2,03中山區,中山區龍江路300號,0,0,1,2,C03,8,6,5,50,14,9,1,5,4,5,13,4,4,5,5,5,2,13,1,56,2,8,6,1,7,9,1,10,1,13,,44,,1,22,,121.5407294,25.0618798
112,9,27,11,0,2,10文山區,文山區指南路3段38巷田寮橋,0,0,1,2,C03,8,7,5,30,11,9,1,5,4,5,13,4,4,10,5,5,1,17,1,20,2,9,5,1,7,5,1,10,1,17,,42,,1,21,,121.5871748,24.97089175
112,9,27,11,0,2,10文山區,文山區指南路3段38巷田寮橋,0,0,1,1,B02,8,7,5,30,11,9,1,5,4,5,13,4,4,10,5,5,1,17,1,38,3,10,7,1,7,5,1,4,9,17,,5,,1,21,,121.5871748,24.97089175
112,9,27,11,8,2,06松山區,松山區東興路8號,0,0,1,1,B01,8,7,5,50,14,9,1,5,4,5,13,2,1,9,4,5,2,13,1,57,3,10,7,1,7,9,1,4,1,1,,16,,1,22,,121.5653786,25.05004959
112,9,27,11,8,2,06松山區,松山區東興路8號,0,0,1,2,C03,8,7,5,50,14,9,1,5,4,5,13,2,1,9,4,5,2,13,1,33,2,8,6,1,7,14,1,10,1,13,,44,,1,22,,121.5653786,25.05004959
112,9,27,11,23,2,11南港區,南港區大坑街與福山橋口,0,0,1,2,B03,8,7,5,40,4,2,1,5,4,5,13,4,4,5,4,5,2,11,2,48,3,10,7,1,7,12,1,8,1,1,,44,,1,21,,121.6174982,25.0460634
112,9,27,11,23,2,11南港區,南港區大坑街與福山橋口,0,0,1,1,C03,8,7,5,40,4,2,1,5,4,5,13,4,4,5,4,5,2,11,2,40,2,9,5,1,7,9,1,10,2,14,,4,,1,21,,121.6174982,25.0460634
112,9,27,12,17,2,12內湖區,內湖區康寧路3段(往東湖路方向),0,0,1,2,B03,8,5,5,0,14,9,1,5,4,5,13,4,4,1,4,5,2,12,2,41,3,10,7,1,7,9,1,8,2,2,,107,,1,21,,121.6119169,25.06780373
112,9,27,12,17,2,12內湖區,內湖區康寧路3段(往東湖路方向),0,0,1,1,C03,8,5,5,0,14,9,1,5,4,5,13,4,4,1,4,5,2,12,1,51,2,9,6,1,7,15,6,10,2,15,,100,,1,21,,121.6119169,25.06780373
112,9,27,12,23,2,01大同區,大同區重慶北路1段與長安西路口,0,0,1,2,B01,8,6,5,50,5,1,1,5,4,5,13,4,4,1,5,5,2,13,1,64,3,10,7,1,7,5,1,4,1,7,,44,,1,21,,121.5138865,25.0517759
112,9,27,12,23,2,01大同區,大同區重慶北路1段與長安西路口,0,0,1,1,C03,8,6,5,50,5,1,1,5,4,5,13,4,4,1,5,5,2,13,1,26,2,9,6,1,7,9,1,10,1,11,,108,,1,21,,121.5138865,25.0517759
112,9,27,12,23,2,06松山區,松山區光復北路112號,0,0,2,1,C03,8,7,5,50,14,9,1,5,4,5,13,4,4,9,4,5,2,17,1,68,2,9,6,1,7,7,1,10,1,15,,100,,1,22,,121.5578511,25.05092158
112,9,27,12,23,2,06松山區,松山區光復北路112號,0,0,2,2,C03,8,7,5,50,14,9,1,5,4,5,13,4,4,9,4,5,2,17,1,26,2,7,6,1,7,9,1,10,1,14,,44,,1,22,,121.5578511,25.05092158
112,9,27,12,23,2,06松山區,松山區光復北路112號,0,0,2,3,B03,8,7,5,50,14,9,1,5,4,5,13,4,4,9,4,5,2,17,1,51,3,10,7,1,7,14,1,8,1,4,,38,,1,22,,121.5578511,25.05092158
112,9,27,12,30,2,07信義區,信義區市府路45號,0,0,1,1,A02,8,5,5,50,14,9,1,5,4,5,13,4,4,10,4,5,2,9,1,43,3,10,7,1,7,1,1,2,9,17,,44,,1,21,,121.5635867,25.03443479
112,9,27,12,30,2,07信義區,信義區市府路45號,0,0,1,2,H02,8,5,5,50,14,9,1,5,4,5,13,4,4,10,4,5,2,9,2,61,2,9,4,5,7,20,8,20,10,16,,67,,1,21,,121.5635867,25.03443479
112,9,27,12,38,2,03中山區,中山區中山北路2段與錦西街口,0,0,1,1,B01,8,6,5,50,4,2,1,5,4,5,13,2,2,5,4,5,2,15,2,67,3,10,3,4,7,9,1,4,1,2,,107,,1,22,,121.5228295,25.0603261
112,9,27,12,38,2,03中山區,中山區中山北路2段與錦西街口,0,0,1,2,C03,8,6,5,50,4,2,1,5,4,5,13,2,2,5,4,5,2,15,1,35,2,8,5,4,7,9,1,10,1,11,,44,,1,22,,121.5228295,25.0603261
112,9,27,12,40,2,08士林區,士林區葫蘆街與葫蘆街23巷口,0,0,1,1,C03,8,6,5,30,3,1,1,5,4,5,13,4,4,10,5,5,1,17,2,54,2,8,5,1,7,5,1,10,2,11,,74,,1,22,,121.5100384,25.0800425
112,9,27,12,40,2,08士林區,士林區葫蘆街與葫蘆街23巷口,0,0,1,2,B03,8,6,5,30,3,1,1,5,4,5,13,4,4,10,5,5,1,17,2,38,3,10,7,1,7,9,1,8,2,2,,13,,1,22,,121.5100384,25.0800425
112,9,27,13,55,2,01大同區,大同區重慶北路3段與酒泉街口,0,0,1,1,C03,8,5,5,50,4,2,1,5,4,5,13,2,1,1,4,5,2,15,1,30,2,9,3,4,7,9,1,10,2,11,,13,,1,21,,121.5136537,25.07208864
112,9,27,13,55,2,01大同區,大同區重慶北路3段與酒泉街口,0,0,1,2,B02,8,5,5,50,4,2,1,5,4,5,13,2,1,1,4,5,2,15,1,26,3,10,3,4,7,9,1,8,2,6,,42,,1,21,,121.5136537,25.07208864
112,9,27,14,18,2,02萬華區,萬華區中華路2段666號,0,0,1,2,C04,8,5,5,50,14,9,1,5,4,5,13,3,1,9,4,4,2,17,2,30,2,8,6,1,7,9,1,10,1,11,,44,,1,21,,121.5112209,25.02436189
112,9,27,14,18,2,02萬華區,萬華區中華路2段666號,0,0,1,1,C03,8,5,5,50,14,9,1,5,4,5,13,3,1,9,4,4,2,17,1,33,3,10,6,1,7,10,1,10,1,12,,44,,1,21,,121.5112209,25.02436189
112,9,27,14,22,2,04大安區,大安區建國南路1段與濟南路3段口,0,0,2,2,C03,8,6,5,50,3,1,1,5,4,5,13,2,1,1,4,4,2,17,1,21,2,9,5,4,7,9,1,10,1,11,,97,,1,22,,121.5379751,25.0401397
112,9,27,14,22,2,04大安區,大安區建國南路1段與濟南路3段口,0,0,2,1,C03,8,6,5,50,3,1,1,5,4,5,13,2,1,1,4,4,2,17,1,39,2,9,5,4,7,5,1,10,1,13,,96,,1,22,,121.5379751,25.0401397
112,9,27,14,37,2,07信義區,信義區忠孝東路5段71巷與基隆路1段147巷口口,0,0,2,1,C03,8,7,5,30,4,1,1,5,4,5,13,4,4,10,5,5,2,15,1,36,2,7,6,1,7,9,1,10,1,12,,72,,1,22,,121.5673472,25.0423704
112,9,27,14,37,2,07信義區,信義區忠孝東路5段71巷與基隆路1段147巷口口,0,0,2,2,B03,8,7,5,30,4,1,1,5,4,5,13,4,4,10,5,5,2,15,1,30,3,10,7,1,7,9,1,8,1,8,,107,,1,22,,121.5673472,25.0423704
112,9,27,14,37,2,07信義區,信義區忠孝東路5段71巷與基隆路1段147巷口口,0,0,2,3,H02,8,7,5,30,4,1,1,5,4,5,13,4,4,10,5,5,2,15,2,34,2,9,6,5,7,19,8,20,10,16,,67,,1,22,,121.5673472,25.0423704
112,9,27,14,41,2,02萬華區,萬華區和平西路3段52巷與艋舺大道口,0,0,2,2,C03,8,7,5,30,3,1,1,5,4,5,13,4,4,1,4,5,2,17,2,32,2,4,5,1,7,9,1,10,1,11,,44,,1,21,,121.5033438,25.03368594
112,9,27,14,41,2,02萬華區,萬華區和平西路3段52巷與艋舺大道口,0,0,2,1,C03,8,7,5,30,3,1,1,5,4,5,13,4,4,1,4,5,2,17,2,55,2,9,5,1,7,6,1,10,1,14,,72,,1,21,,121.5033438,25.03368594
112,9,27,14,47,2,03中山區,中山區北安路819號,0,0,2,1,C03,8,7,5,40,14,8,1,5,4,5,13,4,4,1,4,4,2,13,2,19,2,9,5,1,7,9,1,10,1,11,,107,,1,22,,121.5562629,25.084789
112,9,27,14,47,2,03中山區,中山區北安路819號,0,0,2,2,C03,8,7,5,40,14,8,1,5,4,5,13,4,4,1,4,4,2,13,1,21,2,9,5,1,7,12,1,10,1,13,,44,,1,22,,121.5562629,25.084789
112,9,27,15,25,2,04大安區,大安區敦化南路2段與和平東路3段口,0,0,2,2,C03,8,7,5,50,4,1,1,5,4,5,10,1,1,10,5,5,2,15,2,43,2,9,6,1,7,9,1,10,1,11,,44,,1,22,,121.5487006,25.0245237
112,9,27,15,25,2,04大安區,大安區敦化南路2段與和平東路3段口,0,0,2,3,C03,8,7,5,50,4,1,1,5,4,5,10,1,1,10,5,5,2,15,1,24,2,9,6,1,7,9,1,10,1,11,,44,,1,22,,121.5487006,25.0245237
112,9,27,15,25,2,04大安區,大安區敦化南路2段與和平東路3段口,0,0,2,1,B03,8,7,5,50,4,1,1,5,4,5,10,1,1,10,5,5,2,15,2,31,3,10,7,1,7,1,1,8,1,2,,42,,1,22,,121.5487006,25.0245237
112,9,27,15,50,2,12內湖區,內湖區民權東路6段與民權東路6段280巷口,0,0,1,1,B03,8,6,5,50,3,2,1,5,4,5,13,4,4,1,3,4,2,12,1,58,3,10,7,1,7,7,1,8,1,2,,100,,1,21,,121.6049688,25.07212118
112,9,27,15,50,2,12內湖區,內湖區民權東路6段與民權東路6段280巷口,0,0,1,2,C03,8,6,5,50,3,2,1,5,4,5,13,4,4,1,3,4,2,12,2,30,2,9,5,1,7,9,1,10,1,14,,44,,1,21,,121.6049688,25.07212118
112,9,27,15,58,2,09北投區,北投區學園路第1207021號燈桿前,0,0,1,1,C03,8,6,5,40,14,9,1,5,4,5,13,4,4,9,4,5,2,17,1,70,3,10,5,1,7,9,1,10,1,17,,42,,1,21,,121.4659684,25.1312317
112,9,27,15,58,2,09北投區,北投區學園路第1207021號燈桿前,0,0,1,2,C03,8,6,5,40,14,9,1,5,4,5,13,4,4,9,4,5,2,17,1,19,2,9,5,1,7,9,1,10,1,12,,42,,1,21,,121.4659684,25.1312317
112,9,27,16,10,2,07信義區,信義區虎林街202巷與虎林街202巷口口,0,0,2,3,H02,8,7,5,30,4,1,1,5,4,5,13,4,4,10,5,5,2,15,2,31,2,9,5,5,7,19,8,20,10,16,,67,,1,22,,121.5760503,25.0377328
112,9,27,16,10,2,07信義區,信義區虎林街202巷與虎林街202巷口口,0,0,2,1,C03,8,7,5,30,4,1,1,5,4,5,13,4,4,10,5,5,2,15,2,34,2,9,5,1,7,9,1,10,2,14,,72,,1,22,,121.5760503,25.0377328
112,9,27,16,10,2,07信義區,信義區虎林街202巷與虎林街202巷口口,0,0,2,2,B12,8,7,5,30,4,1,1,5,4,5,13,4,4,10,5,5,2,15,1,46,3,10,7,1,7,9,1,8,2,1,,14,,1,22,,121.5760503,25.0377328
112,9,27,16,12,2,09北投區,北投區東華街1段488號前(近東陽街口),0,0,1,2,C03,8,7,5,50,14,9,1,5,4,5,13,4,4,10,5,5,2,16,2,63,2,9,5,1,7,9,1,10,1,14,,4,,1,22,,121.517305,25.11250034
112,9,27,16,12,2,09北投區,北投區東華街1段488號前(近東陽街口),0,0,1,1,B03,8,7,5,50,14,9,1,5,4,5,13,4,4,10,5,5,2,16,1,43,3,10,7,1,7,1,1,8,1,5,,19,,1,22,,121.517305,25.11250034
112,9,27,16,16,2,08士林區,士林區中山北路5段200燈桿,0,0,2,2,B03,8,6,5,50,14,9,1,5,4,5,13,4,4,4,3,5,1,13,2,41,2,1,7,1,7,14,1,8,2,6,,44,,1,21,,121.5270668,25.0905481
112,9,27,16,16,2,08士林區,士林區中山北路5段200燈桿,0,0,2,1,C03,8,6,5,50,14,9,1,5,4,5,13,4,4,4,3,5,1,13,1,46,2,7,5,1,7,9,3,18,7,11,,21,,1,21,,121.5270668,25.0905481
112,9,27,16,19,2,01大同區,大同區環河北路1段與長安西路口,0,0,1,2,C03,8,6,5,50,3,1,1,5,4,5,13,4,4,1,5,5,2,16,1,41,2,9,6,1,7,9,1,10,1,11,,13,,1,21,,121.5072825,25.0523353
112,9,27,16,19,2,01大同區,大同區環河北路1段與長安西路口,0,0,1,1,B03,8,6,5,50,3,1,1,5,4,5,13,4,4,1,5,5,2,16,1,44,3,10,7,1,7,6,1,8,1,2,,9,,1,21,,121.5072825,25.0523353
112,9,27,16,21,2,07信義區,信義區市府路與市府路口往北未過松壽路,0,0,1,1,B03,8,6,5,50,14,9,1,5,4,5,13,4,4,1,4,1,2,13,1,43,3,10,7,1,7,9,1,8,1,1,,107,,1,21,,121.5635551,25.0356213
112,9,27,16,21,2,07信義區,信義區市府路與市府路口往北未過松壽路,0,0,1,2,C03,8,6,5,50,14,9,1,5,4,5,13,4,4,1,4,1,2,13,1,26,2,9,5,1,7,14,1,10,1,13,,42,,1,21,,121.5635551,25.0356213
112,9,27,16,22,2,02萬華區,萬華區西園路2段與西園路2段320巷口,0,0,1,1,C03,8,6,5,50,3,2,1,5,4,5,13,2,1,1,4,5,1,17,1,41,3,10,5,1,7,12,1,10,1,13,12,44,,1,21,,121.4925405,25.0259757
112,9,27,16,22,2,02萬華區,萬華區西園路2段與西園路2段320巷口,0,0,1,2,C03,8,6,5,50,3,2,1,5,4,5,13,2,1,1,4,5,1,17,2,61,2,8,5,1,7,9,1,10,1,14,14,108,,1,21,,121.4925405,25.0259757
112,9,27,16,22,2,02萬華區,萬華區西園路2段與西園路2段320巷口,0,0,1,3,G01,8,6,5,50,3,2,1,5,4,5,13,2,1,1,4,5,1,17,1,59,3,10,4,1,7,15,8,20,9,17,,37,,1,21,,121.4925405,25.0259757
112,9,27,16,38,2,07信義區,信義區富陽街21巷與富陽街71巷口口,0,0,2,1,B03,8,7,5,30,4,1,1,5,4,5,13,4,4,10,5,5,2,15,1,66,3,10,7,1,7,9,1,8,1,1,,72,,1,21,,121.5576504,25.0222382
112,9,27,16,38,2,07信義區,信義區富陽街21巷與富陽街71巷口口,0,0,2,2,C03,8,7,5,30,4,1,1,5,4,5,13,4,4,10,5,5,2,15,2,31,2,8,6,1,7,9,1,9,1,12,14,108,,1,21,,121.5576504,25.0222382
112,9,27,16,38,2,07信義區,信義區富陽街21巷與富陽街71巷口口,0,0,2,3,H02,8,7,5,30,4,1,1,5,4,5,13,4,4,10,5,5,2,15,2,30,2,8,6,5,7,21,8,20,10,16,,67,,1,21,,121.5576504,25.0222382
112,9,27,16,52,2,04大安區,大安區仁愛路4段與光復南路口,0,0,1,1,B03,8,5,5,50,4,1,1,5,4,5,13,2,1,1,4,5,2,16,2,40,4,11,3,4,7,6,1,8,11,2,,9,,2,22,,121.5574955,25.0377987
112,9,27,16,52,2,04大安區,大安區仁愛路4段與光復南路口,0,0,1,2,C03,8,5,5,50,4,1,1,5,4,5,13,2,1,1,4,5,2,16,2,47,2,9,6,1,7,9,1,10,1,14,,44,,1,21,,121.5574955,25.0377987
112,9,27,16,53,2,03中山區,中山區大直街62巷16號,0,0,1,2,H01,8,6,5,30,4,1,1,5,4,5,13,4,4,10,5,5,2,3,1,88,2,9,4,5,8,16,8,20,10,16,,67,,1,21,,121.545369,25.0829028
112,9,27,16,53,2,03中山區,中山區大直街62巷16號,0,0,1,1,B03,8,6,5,30,4,1,1,5,4,5,13,4,4,10,5,5,2,3,1,52,3,10,7,1,7,9,1,8,2,8,,70,,1,21,,121.545369,25.0829028
112,9,27,17,16,2,08士林區,士林區菁山路152號,0,0,1,2,C03,8,6,5,0,11,9,1,5,4,5,13,4,4,10,5,5,1,16,1,20,2,9,5,1,7,4,1,10,1,14,,1,,1,21,,121.56801,25.14075859
112,9,27,17,16,2,08士林區,士林區菁山路152號,0,0,1,1,B12,8,6,5,0,11,9,1,5,4,5,13,4,4,10,5,5,1,16,1,56,3,10,7,4,7,6,1,8,9,2,,114,,2,21,,121.56801,25.14075859
112,9,27,17,21,2,12內湖區,內湖區民權大橋機車道近7510478燈桿附近,0,0,2,2,C03,8,6,5,40,8,9,1,5,4,5,13,4,4,1,3,5,1,13,1,34,2,8,5,1,7,14,1,10,1,14,,44,,1,21,,121.5713005,25.06461099
112,9,27,17,21,2,12內湖區,內湖區民權大橋機車道近7510478燈桿附近,0,0,2,3,C03,8,6,5,40,8,9,1,5,4,5,13,4,4,1,3,5,1,13,1,39,3,10,5,1,7,14,1,9,1,13,,44,,1,21,,121.5713005,25.06461099
112,9,27,17,21,2,12內湖區,內湖區民權大橋機車道近7510478燈桿附近,0,0,2,4,C03,8,6,5,40,8,9,1,5,4,5,13,4,4,1,3,5,1,13,1,22,3,10,5,1,7,14,1,10,1,17,,13,,1,21,,121.5713005,25.06461099
112,9,27,17,21,2,12內湖區,內湖區民權大橋機車道近7510478燈桿附近,0,0,2,1,C03,8,6,5,40,8,9,1,5,4,5,13,4,4,1,3,5,1,13,1,24,2,9,5,1,7,9,1,10,1,12,,16,,1,21,,121.5713005,25.06461099
112,9,27,17,29,2,03中山區,中山區松江路223號,0,0,1,1,C03,8,5,5,50,14,9,1,5,4,5,13,4,4,1,4,5,2,12,2,25,2,7,5,2,7,9,1,10,1,12,,108,,1,22,,121.5332381,25.0586151
112,9,27,17,29,2,03中山區,中山區松江路223號,0,0,1,2,B01,8,5,5,50,14,9,1,5,4,5,13,4,4,1,4,5,2,12,1,56,3,10,7,1,7,1,1,4,1,4,,19,,1,22,,121.5332381,25.0586151
112,9,27,17,40,2,02萬華區,萬華區光復橋往新北市上橋處,0,0,1,1,C03,8,5,5,50,14,9,1,5,4,5,13,4,4,1,4,5,2,12,2,23,3,10,5,4,7,4,3,18,1,12,,17,,1,22,,121.492226,25.02568369
112,9,27,17,40,2,02萬華區,萬華區光復橋往新北市上橋處,0,0,1,2,C03,8,5,5,50,14,9,1,5,4,5,13,4,4,1,4,5,2,12,2,21,2,9,5,4,7,9,1,10,1,14,,44,,1,22,,121.492226,25.02568369
112,9,27,17,42,2,05中正區,中正區中山南路中正紀念堂捷運5號出口,0,0,1,1,B01,8,6,5,50,11,9,1,5,4,5,13,4,4,5,4,5,2,12,1,42,3,10,7,1,7,9,1,8,2,2,,44,,1,22,,121.5167394,25.03533098
112,9,27,17,42,2,05中正區,中正區中山南路中正紀念堂捷運5號出口,0,0,1,2,C03,8,6,5,50,11,9,1,5,4,5,13,4,4,5,4,5,2,12,2,66,2,9,5,1,7,7,1,10,2,14,,17,,1,22,,121.5167394,25.03533098
112,9,27,17,45,2,05中正區,中正區林森北路與林森北路9巷口,0,0,1,2,C03,7,5,5,50,3,2,1,5,4,5,13,4,4,7,4,5,2,13,1,40,2,8,6,4,7,15,1,10,1,13,,44,,1,22,,121.5236346,25.04583926
112,9,27,17,45,2,05中正區,中正區林森北路與林森北路9巷口,0,0,1,1,C03,7,5,5,50,3,2,1,5,4,5,13,4,4,7,4,5,2,13,1,40,4,11,6,4,7,9,1,10,1,11,,16,,1,21,,121.5236346,25.04583926
112,9,27,18,0,2,03中山區,中山區農安街88號,0,0,2,2,C03,8,6,8,50,14,9,1,5,4,5,13,4,4,9,4,5,2,12,1,23,2,8,6,4,7,9,1,10,1,11,,44,,1,21,,121.5293992,25.0648196
112,9,27,18,0,2,03中山區,中山區農安街88號,0,0,2,1,C03,8,6,8,50,14,9,1,5,4,5,13,4,4,9,4,5,2,12,1,27,2,7,6,4,7,7,1,10,1,12,,100,,1,21,,121.5293992,25.0648196
112,9,27,18,1,2,08士林區,士林區延平北路6段與社中街口,0,0,2,2,C03,8,5,5,50,4,1,1,5,4,5,13,2,1,5,2,5,2,16,1,66,2,9,6,1,7,9,1,10,1,11,,44,,1,21,,121.501354,25.0905618
112,9,27,18,1,2,08士林區,士林區延平北路6段與社中街口,0,0,2,1,C03,8,5,5,50,4,1,1,5,4,5,13,2,1,5,2,5,2,16,2,37,2,9,6,1,7,6,1,10,1,12,,74,,1,21,,121.501354,25.0905618
112,9,27,18,30,2,09北投區,北投區明德路170號,0,0,1,1,F01,8,5,5,50,14,9,1,5,4,5,13,4,4,5,5,5,2,16,2,62,2,9,2,1,7,5,8,20,1,14,,8,,1,21,,121.5211441,25.11117439
112,9,27,18,30,2,09北投區,北投區明德路170號,0,0,1,2,C03,8,5,5,50,14,9,1,5,4,5,13,4,4,5,5,5,2,16,2,22,3,10,5,1,7,9,1,10,1,12,,44,,1,21,,121.5211441,25.11117439
112,9,27,19,3,2,07信義區,信義區吳興街220巷59弄與吳興街156巷65弄口,0,0,1,1,C03,8,5,5,30,4,1,1,5,4,5,13,1,3,5,5,5,2,15,1,59,2,9,3,4,7,15,3,18,1,12,,75,,1,21,,121.5590952,25.0270874
112,9,27,19,3,2,07信義區,信義區吳興街220巷59弄與吳興街156巷65弄口,0,0,1,2,B03,8,5,5,30,4,1,1,5,4,5,13,1,3,5,5,5,2,15,2,19,3,10,3,4,7,9,1,8,1,1,,14,,1,22,,121.5590952,25.0270874
112,9,27,19,10,2,12內湖區,內湖區康寧路3段與康寧路3段16巷口,0,0,1,2,C03,8,5,5,50,3,1,1,5,4,5,13,2,1,1,4,5,2,17,2,25,2,9,6,1,7,5,1,9,1,13,,74,,1,21,,121.6068783,25.07274931
112,9,27,19,10,2,12內湖區,內湖區康寧路3段與康寧路3段16巷口,0,0,1,1,A02,8,5,5,50,3,1,1,5,4,5,13,2,1,1,4,5,2,17,1,60,3,10,7,1,7,1,1,1,1,5,,108,,1,21,,121.6068783,25.07274931
112,9,27,19,31,2,05中正區,中正區中華路1段與貴陽街1段口,0,0,1,2,F03,7,5,5,50,4,1,1,5,4,5,13,1,1,10,4,5,2,16,2,16,2,9,6,4,7,9,8,20,1,11,,44,,1,22,,121.5076195,25.03909974
112,9,27,19,31,2,05中正區,中正區中華路1段與貴陽街1段口,0,0,1,1,B03,7,5,5,50,4,1,1,5,4,5,13,1,1,10,4,5,2,16,1,18,3,10,7,4,7,6,1,8,1,2,,9,,1,22,,121.5076195,25.03909974
112,9,27,19,33,2,06松山區,松山區市民大道4段73號,0,0,1,2,B03,8,5,5,40,14,6,1,5,4,5,13,4,4,1,4,5,2,16,1,59,3,10,7,1,7,9,1,8,1,5,,44,,1,22,,121.5467727,25.0452012
112,9,27,19,33,2,06松山區,松山區市民大道4段73號,0,0,1,1,C03,8,5,5,40,14,6,1,5,4,5,13,4,4,1,4,5,2,16,2,23,2,9,6,1,7,11,1,10,1,14,,103,,1,22,,121.5467727,25.0452012
112,9,27,20,1,2,02萬華區,萬華區萬大路274號,0,0,1,1,B03,8,5,5,30,14,9,5,5,4,5,13,4,4,10,5,5,1,12,2,30,3,10,7,4,7,9,1,8,1,2,,13,,1,22,,121.5003803,25.02549101
112,9,27,20,1,2,02萬華區,萬華區萬大路274號,0,0,1,2,F01,8,5,5,30,14,9,5,5,4,5,13,4,4,10,5,5,1,12,1,61,2,7,4,4,7,8,8,20,1,14,,100,,1,22,,121.5003803,25.02549101
112,9,27,20,1,2,02萬華區,萬華區萬大路274號,0,0,1,3,B03,8,5,5,30,14,9,5,5,4,5,13,4,4,10,5,5,1,12,1,60,3,10,7,4,7,14,1,8,1,4,,38,,1,22,,121.5003803,25.02549101
112,9,27,20,2,2,02萬華區,萬華區青年路與萬大路423巷口,0,0,2,1,B03,8,5,5,30,3,1,1,5,4,5,13,1,1,10,5,5,1,17,1,39,3,10,7,4,7,5,1,8,2,1,,74,,1,22,,121.5025922,25.02203155
112,9,27,20,2,2,02萬華區,萬華區青年路與萬大路423巷口,0,0,2,2,C03,8,5,5,30,3,1,1,5,4,5,13,1,1,10,5,5,1,17,1,16,2,9,5,4,7,9,2,18,2,14,,42,,1,22,,121.5025922,25.02203155
112,9,27,20,2,2,02萬華區,萬華區青年路與萬大路423巷口,0,0,2,3,H02,8,5,5,30,3,1,1,5,4,5,13,1,1,10,5,5,1,17,2,16,2,9,5,5,7,20,8,20,10,16,,67,,1,22,,121.5025922,25.02203155
112,9,27,21,39,2,03中山區,中山區中山北路3段40號,0,0,1,1,B03,8,5,5,50,14,9,1,5,4,5,13,1,1,9,4,5,2,12,1,24,3,10,7,1,7,7,1,8,1,5,,100,,1,22,,121.5223057,25.0667498
112,9,27,21,39,2,03中山區,中山區中山北路3段40號,0,0,1,3,H02,8,5,5,50,14,9,1,5,4,5,13,1,1,9,4,5,2,12,2,20,2,9,4,5,7,20,8,20,10,16,,67,,1,22,,121.5223057,25.0667498
112,9,27,21,39,2,03中山區,中山區中山北路3段40號,0,0,1,2,A03,8,5,5,50,14,9,1,5,4,5,13,1,1,9,4,5,2,12,1,61,3,10,7,1,7,15,1,2,1,4,,44,,1,22,,121.5223057,25.0667498
112,9,27,21,44,2,05中正區,中正區林森北路與林森北路9巷口,0,0,2,2,C03,7,5,5,50,3,2,1,5,4,5,13,4,4,5,4,5,2,16,2,26,2,8,6,4,7,9,1,10,2,14,,44,,1,22,,121.5237493,25.04587391
112,9,27,21,44,2,05中正區,中正區林森北路與林森北路9巷口,0,0,2,1,B01,7,5,5,50,3,2,1,5,4,5,13,4,4,5,4,5,2,16,1,55,2,9,7,4,7,7,1,4,2,5,,100,,1,21,,121.5237493,25.04587391
112,9,27,22,23,2,01大同區,大同區延平北路3段與延平北路3段61巷口,0,0,2,2,C03,8,5,5,50,3,2,1,5,4,5,13,4,4,9,4,5,1,17,2,41,2,9,6,1,7,9,1,10,1,11,,44,,1,22,,121.5110727,25.065625
112,9,27,22,23,2,01大同區,大同區延平北路3段與延平北路3段61巷口,0,0,2,1,C03,8,5,5,50,3,2,1,5,4,5,13,4,4,9,4,5,1,17,1,76,2,9,5,1,7,11,1,10,1,14,,103,,1,22,,121.5110727,25.065625
112,9,27,23,7,2,03中山區,中山區長春路154-4號,0,0,2,1,B03,8,5,5,50,14,7,1,5,4,5,13,4,4,9,4,4,2,16,1,56,3,10,3,4,7,1,1,8,2,4,,19,,1,21,,121.5325172,25.0549015
112,9,27,23,7,2,03中山區,中山區長春路154-4號,0,0,2,2,C03,8,5,5,50,14,7,1,5,4,5,13,4,4,9,4,4,2,16,1,22,2,8,3,4,7,9,1,10,2,11,,13,,1,21,,121.5325172,25.0549015