發生年度,發生月,發生日,發生時-Hours,發生分,處理別-編號,區序,肇事地點,死亡人數,2-30日死亡人數,受傷人數,當事人序號,車種,天候,光線,道路類別,速限-速度限制,道路型態,事故位置,路面狀況1,路面狀況2,路面狀況3,道路障礙1,道路障礙2,號誌1,號誌2,車道劃分-分向,車道劃分-分道1,車道劃分-分道2,車道劃分-分道3,事故類型及型態,性別,年齡,受傷程度,主要傷處,保護裝置,行動電話,車輛用途,當事者行動狀態,駕駛資格情形,駕駛執照種類,飲酒情形,車輛撞擊部位1,車輛撞擊部位2,肇因碼-個別,肇因碼-主要,個人肇逃否,職業,旅次目的,座標-X,座標-Y
112,9,27,23,7,2,03中山區,中山區長春路154-4號,0,0,2,3,H02,8,5,5,50,14,7,1,5,4,5,13,4,4,9,4,4,2,16,2,24,2,7,3,5,7,20,8,20,10,16,,67,,1,21,,121.5325172,25.0549015
112,9,28,1,16,2,03中山區,中山區長安東路1段30巷與長安東路1段30巷8弄口口,0,0,1,2,C03,8,5,5,30,4,1,1,5,4,5,8,4,4,10,5,5,2,15,2,56,2,6,3,4,7,9,1,10,5,11,,14,,1,21,,121.526116,25.0478721
112,9,28,1,16,2,03中山區,中山區長安東路1段30巷與長安東路1段30巷8弄口口,0,0,1,1,B12,8,5,5,30,4,1,1,5,4,5,8,4,4,10,5,5,2,15,1,24,3,10,3,4,7,9,1,8,2,4,,72,,1,21,,121.526116,25.0478721
112,9,28,2,0,2,03中山區,中山區長安東路1段53巷與林森北路85巷口,0,0,1,1,C03,8,5,5,30,4,1,1,5,4,5,13,4,4,10,5,5,2,15,1,26,2,7,6,4,7,9,1,10,1,11,,72,,1,21,,121.5265758,25.0494291
112,9,28,2,0,2,03中山區,中山區長安東路1段53巷與林森北路85巷口,0,0,1,2,B03,8,5,5,30,4,1,1,5,4,5,13,4,4,10,5,5,2,15,1,44,3,10,3,4,7,9,1,8,1,5,,108,,1,21,,121.5265758,25.0494291
112,9,28,2,35,2,06松山區,松山區塔悠路184號,0,0,1,3,,8,5,5,40,14,8,1,5,4,5,13,4,4,4,3,4,1,17,3,56,,,,,,,,,,,,67,,1,,,121.5693564,25.056538
112,9,28,2,35,2,06松山區,松山區塔悠路184號,0,0,1,2,B12,8,5,5,40,14,8,1,5,4,5,13,4,4,4,3,4,1,17,1,58,3,10,3,1,7,15,1,8,11,3,,44,,1,21,,121.5693564,25.056538
112,9,28,2,35,2,06松山區,松山區塔悠路184號,0,0,1,1,B12,8,5,5,40,14,8,1,5,4,5,13,4,4,4,3,4,1,17,1,29,2,9,3,1,7,9,3,18,2,1,,108,,1,22,,121.5693564,25.056538
112,9,28,5,54,2,05中正區,中正區林森南路與羅斯福路1段口口,0,0,1,2,C03,7,6,5,50,5,1,1,5,4,5,13,1,1,10,4,5,2,17,1,55,2,7,6,1,7,9,1,10,1,17,,13,,1,21,,121.5179545,25.0328209
112,9,28,5,54,2,05中正區,中正區林森南路與羅斯福路1段口口,0,0,1,1,C03,7,6,5,50,5,1,1,5,4,5,13,1,1,10,4,5,2,17,1,85,3,10,6,1,7,8,1,10,11,17,,100,,2,21,,121.5179545,25.0328209
112,9,28,7,42,2,06松山區,松山區三民路與健康路口,0,0,2,1,C03,8,5,5,50,4,1,1,5,4,5,13,1,1,8,3,5,2,17,2,27,2,8,6,1,7,5,1,10,1,12,,74,,1,22,,121.5638029,25.0541919
112,9,28,7,42,2,06松山區,松山區三民路與健康路口,0,0,2,2,C03,8,5,5,50,4,1,1,5,4,5,13,1,1,8,3,5,2,17,1,22,2,8,6,1,7,9,1,10,1,12,,44,,1,22,,121.5638029,25.0541919
112,9,28,8,0,2,07信義區,信義區仁愛路4段452巷與光復南路419巷口,0,0,1,1,C03,8,5,5,30,4,1,1,5,4,5,13,4,4,10,5,5,2,17,1,42,2,9,3,4,7,9,1,10,1,12,,72,,1,21,,121.5591882,25.0364777
112,9,28,8,0,2,07信義區,信義區仁愛路4段452巷與光復南路419巷口,0,0,1,2,B03,8,5,5,30,4,1,1,5,4,5,13,4,4,10,5,5,2,17,1,59,3,10,3,4,7,9,1,8,1,1,,14,,1,21,,121.5591882,25.0364777
112,9,28,8,0,2,07信義區,信義區仁愛路4段452巷與光復南路419巷口,0,0,1,3,C03,8,5,5,30,4,1,1,5,4,5,13,4,4,10,5,5,2,17,1,76,3,10,3,4,7,15,1,10,1,14,,44,,1,21,,121.5591882,25.0364777
112,9,28,8,6,2,12內湖區,內湖區成功路4段與金龍路口,0,0,1,2,B01,8,5,5,50,14,9,1,5,4,5,13,2,1,5,4,5,2,13,1,58,2,9,7,1,7,14,1,4,1,3,,44,,1,21,,121.5951342,25.0842222
112,9,28,8,6,2,12內湖區,內湖區成功路4段與金龍路口,0,0,1,1,B03,8,5,5,50,14,9,1,5,4,5,13,2,1,5,4,5,2,13,1,30,3,10,7,1,7,9,1,8,1,1,,16,,1,21,,121.5951342,25.0842222
112,9,28,8,27,2,03中山區,中山區民族西路與玉門街口,0,0,1,1,B03,8,7,5,50,14,9,1,5,4,5,13,4,4,5,4,5,2,12,1,48,3,10,7,1,7,8,1,8,1,4,,100,,1,22,,121.5202136,25.0685131
112,9,28,8,27,2,03中山區,中山區民族西路與玉門街口,0,0,1,2,C03,8,7,5,50,14,9,1,5,4,5,13,4,4,5,4,5,2,12,1,44,2,7,5,1,7,9,1,10,1,12,,97,,1,22,,121.5202136,25.0685131
112,9,28,8,28,2,09北投區,北投區育仁路與豐年路1段口,0,0,1,2,F03,6,6,5,30,5,1,1,4,4,5,13,3,1,10,5,5,2,15,2,54,3,10,5,1,7,9,8,20,1,12,,118,,1,21,,121.4984782,25.13391609
112,9,28,8,28,2,09北投區,北投區育仁路與豐年路1段口,0,0,1,1,C03,6,6,5,30,5,1,1,4,4,5,13,3,1,10,5,5,2,15,1,88,2,9,5,1,7,9,6,18,1,11,,80,,1,21,,121.4984782,25.13391609
112,9,28,8,50,2,11南港區,南港區忠孝東路6段與東新街口,0,0,2,1,C03,7,7,5,50,4,2,1,5,4,5,13,2,1,3,4,4,2,11,2,41,2,9,3,4,7,10,1,10,1,13,,100,,1,21,,121.5859048,25.0478348
112,9,28,8,50,2,11南港區,南港區忠孝東路6段與東新街口,0,0,2,3,B03,7,7,5,50,4,2,1,5,4,5,13,2,1,3,4,4,2,11,1,52,3,10,3,4,7,9,1,8,1,7,,44,,1,21,,121.5859048,25.0478348
112,9,28,8,50,2,11南港區,南港區忠孝東路6段與東新街口,0,0,2,2,C03,7,7,5,50,4,2,1,5,4,5,13,2,1,3,4,4,2,11,1,27,2,9,3,4,7,9,1,10,1,11,,44,,1,21,,121.5859048,25.0478348
112,9,28,8,52,2,02萬華區,萬華區長沙街2段與雅江街口,0,0,2,3,B11,8,6,5,30,3,1,1,5,4,5,13,4,4,5,5,5,2,16,1,40,3,10,7,1,7,13,1,4,9,17,,38,,1,21,,121.501578,25.0407272
112,9,28,8,52,2,02萬華區,萬華區長沙街2段與雅江街口,0,0,2,1,C03,8,6,5,30,3,1,1,5,4,5,13,4,4,5,5,5,2,16,2,49,2,4,5,1,7,6,1,10,1,11,,72,,1,21,,121.501578,25.0407272
112,9,28,8,52,2,02萬華區,萬華區長沙街2段與雅江街口,0,0,2,2,C03,8,6,5,30,3,1,1,5,4,5,13,4,4,5,5,5,2,16,1,60,2,9,5,1,7,9,1,10,1,12,,44,,1,21,,121.501578,25.0407272
112,9,28,8,56,2,02萬華區,萬華區萬大路與莒光路口,0,0,1,1,B01,8,6,5,50,4,1,1,5,4,5,13,1,1,8,3,5,1,17,1,64,3,10,7,1,7,6,1,2,1,2,,9,,1,21,,121.5006451,25.0311007
112,9,28,8,56,2,02萬華區,萬華區萬大路與莒光路口,0,0,1,2,C03,8,6,5,50,4,1,1,5,4,5,13,1,1,8,3,5,1,17,2,39,2,9,5,1,7,9,1,10,1,14,,44,,1,21,,121.5006451,25.0311007
112,9,28,9,20,2,05中正區,中正區水源快速道路258號燈桿,0,0,2,4,H02,8,6,5,60,10,7,1,5,4,5,13,4,4,1,4,5,1,17,2,23,2,8,6,5,7,20,8,20,10,16,,67,,1,21,,121.5212188,25.02061665
112,9,28,9,20,2,05中正區,中正區水源快速道路258號燈桿,0,0,2,1,B12,8,6,5,60,10,7,1,5,4,5,13,4,4,1,4,5,1,17,1,53,3,10,7,1,7,9,1,4,2,1,,16,,1,21,,121.5212188,25.02061665
112,9,28,9,20,2,05中正區,中正區水源快速道路258號燈桿,0,0,2,2,C02,8,6,5,60,10,7,1,5,4,5,13,4,4,1,4,5,1,17,1,23,2,7,6,1,7,8,1,10,2,13,,100,,1,21,,121.5212188,25.02061665
112,9,28,9,20,2,05中正區,中正區水源快速道路258號燈桿,0,0,2,3,B03,8,6,5,60,10,7,1,5,4,5,13,4,4,1,4,5,1,17,1,30,3,10,7,1,7,15,1,8,2,3,,44,,1,21,,121.5212188,25.02061665
112,9,28,9,21,2,07信義區,信義區忠孝東路5段423巷與忠孝東路5段口,0,0,1,2,C03,8,5,5,50,4,1,1,5,4,5,13,2,1,10,5,5,2,17,1,24,2,9,5,1,7,9,1,10,1,11,,13,,1,21,,121.5753736,25.040942
112,9,28,9,21,2,07信義區,信義區忠孝東路5段423巷與忠孝東路5段口,0,0,1,1,B01,8,5,5,50,4,1,1,5,4,5,13,2,1,10,5,5,2,17,1,63,3,10,7,1,7,5,1,4,1,5,,74,,1,21,,121.5753736,25.040942
112,9,28,9,35,2,02萬華區,萬華區康定路與廣州街口,0,0,3,3,H02,8,7,5,50,4,2,1,5,4,5,13,1,1,9,4,5,2,16,2,78,2,9,6,5,7,20,8,20,10,16,,67,,1,21,,121.5015082,25.0367592
112,9,28,9,35,2,02萬華區,萬華區康定路與廣州街口,0,0,3,1,C03,8,7,5,50,4,2,1,5,4,5,13,1,1,9,4,5,2,16,1,78,2,9,6,1,7,9,1,10,1,11,,81,,1,21,,121.5015082,25.0367592
112,9,28,9,35,2,02萬華區,萬華區康定路與廣州街口,0,0,3,2,C03,8,7,5,50,4,2,1,5,4,5,13,1,1,9,4,5,2,16,1,58,2,9,6,1,7,7,1,10,1,11,,44,,1,21,,121.5015082,25.0367592
112,9,28,9,50,2,08士林區,士林區德行東路與德行東路266巷口,0,0,1,1,C03,8,6,5,50,4,2,1,5,4,5,13,4,4,4,5,5,1,12,1,18,3,10,5,1,7,9,1,10,1,14,,17,,1,25,,121.5350524,25.109878
112,9,28,9,50,2,08士林區,士林區德行東路與德行東路266巷口,0,0,1,2,C03,8,6,5,50,4,2,1,5,4,5,13,4,4,4,5,5,1,12,2,20,2,7,5,1,7,9,1,10,1,12,,44,,1,25,,121.5350524,25.109878
112,9,28,9,55,2,03中山區,中山區民族東路與復興北路口,0,0,1,1,B03,8,7,5,40,4,1,1,5,4,5,13,1,1,1,4,5,2,17,1,66,3,10,7,1,7,6,1,8,2,2,,9,,1,22,,121.5442247,25.0666669
112,9,28,9,55,2,03中山區,中山區民族東路與復興北路口,0,0,1,2,C03,8,7,5,40,4,1,1,5,4,5,13,1,1,1,4,5,2,17,1,59,2,7,5,1,7,9,1,9,2,14,,13,,1,22,,121.5442247,25.0666669
112,9,28,9,56,2,01大同區,大同區民權西路與蘭州街口,0,0,3,1,C03,8,5,5,50,4,2,1,5,4,5,13,2,1,1,4,5,2,17,1,25,2,9,3,4,7,5,1,10,2,14,,8,,1,21,,121.5147313,25.06292252
112,9,28,9,56,2,01大同區,大同區民權西路與蘭州街口,0,0,3,2,C03,8,5,5,50,4,2,1,5,4,5,13,2,1,1,4,5,2,17,2,29,2,7,3,4,7,9,1,10,2,12,,44,,1,21,,121.5147313,25.06292252
112,9,28,9,56,2,01大同區,大同區民權西路與蘭州街口,0,0,3,3,H02,8,5,5,50,4,2,1,5,4,5,13,2,1,1,4,5,2,17,2,24,2,9,3,5,7,21,8,20,10,16,,67,,1,21,,121.5147313,25.06292252
112,9,28,10,10,2,07信義區,信義區林口街39號,0,0,1,1,B01,8,7,8,50,14,9,1,5,4,5,13,4,4,10,4,5,2,17,1,65,3,10,7,1,7,9,1,4,1,5,,44,,1,21,,121.5793029,25.0377231
112,9,28,10,10,2,07信義區,信義區林口街39號,0,0,1,2,C03,8,7,8,50,14,9,1,5,4,5,13,4,4,10,4,5,2,17,2,67,2,9,5,1,7,10,1,10,1,14,,100,,1,21,,121.5793029,25.0377231
112,9,28,11,0,2,01大同區,大同區鄭州路(近燈桿0802425),0,0,1,2,B03,8,6,5,40,14,9,1,5,4,5,13,4,4,1,4,5,2,13,2,40,3,10,3,4,7,14,1,8,1,6,,44,,1,22,,121.5114972,25.0498876
112,9,28,11,0,2,01大同區,大同區鄭州路(近燈桿0802425),0,0,1,1,C02,8,6,5,40,14,9,1,5,4,5,13,4,4,1,4,5,2,13,2,36,2,7,6,4,7,9,1,9,1,11,,108,,1,22,,121.5114972,25.0498876
112,9,28,11,15,2,07信義區,信義區松平路與松平路99巷口,0,0,1,2,B03,8,6,5,30,3,1,1,5,4,5,13,4,4,9,4,5,1,17,2,50,3,10,3,4,7,9,1,8,1,4,,107,,1,21,,121.5677068,25.0304234
112,9,28,11,15,2,07信義區,信義區松平路與松平路99巷口,0,0,1,1,C03,8,6,5,30,3,1,1,5,4,5,13,4,4,9,4,5,1,17,2,32,2,8,3,4,7,5,1,10,1,12,,74,,1,21,,121.5677068,25.0304234
112,9,28,11,36,2,05中正區,中正區鄭州路與重慶北路1段口,0,0,3,1,C03,8,5,5,40,14,9,1,5,4,5,13,1,1,1,4,5,2,13,2,49,2,9,5,1,7,9,1,10,2,13,,44,,1,21,,121.5132721,25.04927827
112,9,28,11,36,2,05中正區,中正區鄭州路與重慶北路1段口,0,0,3,2,C03,8,5,5,40,14,9,1,5,4,5,13,1,1,1,4,5,2,13,1,38,2,9,5,1,7,9,1,10,2,11,,108,,1,21,,121.5132721,25.04927827
112,9,28,11,36,2,05中正區,中正區鄭州路與重慶北路1段口,0,0,3,3,C03,8,5,5,40,14,9,1,5,4,5,13,1,1,1,4,5,2,13,1,35,2,9,5,1,7,9,1,10,2,11,,108,,1,21,,121.5132721,25.04927827
112,9,28,11,36,2,03中山區,中山區松江路與新生北路1段口,0,0,1,2,C02,8,5,5,30,5,1,1,5,4,5,13,1,1,1,4,5,2,16,1,36,2,8,6,1,7,9,1,9,1,14,,13,,1,21,,121.5327673,25.04609199
112,9,28,11,36,2,03中山區,中山區松江路與新生北路1段口,0,0,1,1,B02,8,5,5,30,5,1,1,5,4,5,13,1,1,1,4,5,2,16,1,34,3,10,7,1,7,6,1,8,1,2,,9,,1,21,,121.5327673,25.04609199
112,9,28,12,0,2,09北投區,北投區富貴一路與榮華三路口,0,0,1,2,F03,8,6,5,30,14,9,1,5,4,5,13,4,4,5,5,5,2,12,2,71,2,9,5,1,7,9,8,20,2,11,14,44,,1,21,,121.5238946,25.1137442
112,9,28,12,0,2,09北投區,北投區富貴一路與榮華三路口,0,0,1,1,C03,8,6,5,30,14,9,1,5,4,5,13,4,4,5,5,5,2,12,1,28,3,10,5,1,7,8,1,10,2,12,,100,,1,21,,121.5238946,25.1137442
112,9,28,12,21,2,03中山區,中山區中山北路2段與中山北路2段27巷口,0,0,1,1,B02,8,7,5,30,3,1,1,5,4,5,13,4,4,5,4,5,2,17,1,30,3,10,7,1,7,5,1,8,1,4,,72,,1,22,,121.5227507,25.0533484
112,9,28,12,21,2,03中山區,中山區中山北路2段與中山北路2段27巷口,0,0,1,2,C03,8,7,5,30,3,1,1,5,4,5,13,4,4,5,4,5,2,17,1,64,2,9,5,1,7,9,1,10,1,12,,44,,1,22,,121.5227507,25.0533484
112,9,28,12,23,2,10文山區,文山區興隆路2段160號前,0,0,1,2,B03,8,6,5,50,14,9,1,5,4,3,13,4,4,1,4,5,2,13,2,28,3,10,7,1,7,12,1,8,1,7,,44,,1,21,,121.5514299,25.00175737
112,9,28,12,23,2,10文山區,文山區興隆路2段160號前,0,0,1,3,B01,8,6,5,50,14,9,1,5,4,3,13,4,4,1,4,5,2,13,1,62,3,10,7,1,7,13,1,4,11,17,,38,,1,21,,121.5514299,25.00175737
112,9,28,12,23,2,10文山區,文山區興隆路2段160號前,0,0,1,1,C03,8,6,5,50,14,9,1,5,4,3,13,4,4,1,4,5,2,13,2,30,2,9,5,1,7,9,1,10,1,11,,108,,1,21,,121.5514299,25.00175737
112,9,28,12,25,2,10文山區,文山區新光路2段(燈桿0707650),0,0,1,3,C03,8,7,5,50,14,9,1,5,4,5,13,4,4,9,4,5,2,13,2,56,2,9,5,1,7,9,1,10,2,11,,44,,1,21,,121.5799542,24.99845284
112,9,28,12,25,2,10文山區,文山區新光路2段(燈桿0707650),0,0,1,1,B03,8,7,5,50,14,9,1,5,4,5,13,4,4,9,4,5,2,13,2,21,3,10,7,1,7,9,3,18,2,2,,108,,1,21,,121.5799542,24.99845284
112,9,28,12,25,2,10文山區,文山區新光路2段(燈桿0707650),0,0,1,2,B01,8,7,5,50,14,9,1,5,4,5,13,4,4,9,4,5,2,13,1,64,3,10,7,4,7,13,1,8,11,4,,38,,1,21,,121.5799542,24.99845284
112,9,28,12,27,2,09北投區,北投區大度路3段與關渡路口,0,0,1,2,C03,8,6,5,50,3,1,1,5,4,5,13,1,1,1,4,5,2,16,1,22,2,9,2,1,7,9,1,10,2,12,,44,,1,21,,121.46943,25.12289763
112,9,28,12,27,2,09北投區,北投區大度路3段與關渡路口,0,0,1,1,B03,8,6,5,50,3,1,1,5,4,5,13,1,1,1,4,5,2,16,1,22,3,10,2,1,7,6,1,8,2,6,,9,,1,21,,121.46943,25.12289763
112,9,28,12,35,2,11南港區,南港區重陽路與重陽路263巷口,0,0,1,2,C03,8,7,5,40,3,2,1,5,4,5,13,4,4,9,5,4,2,12,1,32,2,3,3,4,7,9,1,10,1,12,,44,,1,21,,121.6029536,25.05770137
112,9,28,12,35,2,11南港區,南港區重陽路與重陽路263巷口,0,0,1,1,B03,8,7,5,40,3,2,1,5,4,5,13,4,4,9,5,4,2,12,2,52,3,10,3,4,7,1,1,8,1,8,,19,,1,21,,121.6029536,25.05770137
112,9,28,12,46,2,06松山區,松山區南京東路5段233號,0,0,1,2,C03,8,5,5,50,14,9,1,5,4,5,13,4,4,3,4,5,2,17,1,45,2,8,6,4,7,7,1,10,1,17,,100,,1,22,,121.5649553,25.05144897
112,9,28,12,46,2,06松山區,松山區南京東路5段233號,0,0,1,1,C03,8,5,5,50,14,9,1,5,4,5,13,4,4,3,4,5,2,17,1,29,3,10,6,4,7,8,1,10,1,17,,100,,1,22,,121.5649553,25.05144897
112,9,28,12,47,2,10文山區,文山區羅斯福路4段與基隆路4段口口,0,0,1,1,C03,8,6,5,50,4,1,1,5,4,5,13,1,1,1,4,5,2,16,1,21,2,9,6,1,7,5,1,10,2,14,,96,,1,22,,121.5369965,25.0109108
112,9,28,12,47,2,10文山區,文山區羅斯福路4段與基隆路4段口口,0,0,1,2,B02,8,6,5,50,4,1,1,5,4,5,13,1,1,1,4,5,2,16,1,30,3,10,7,1,7,9,1,8,2,5,,44,,1,22,,121.5369965,25.0109108
112,9,28,12,48,2,09北投區,北投區新興路10號,0,0,2,1,C03,8,6,5,30,14,9,1,5,4,5,13,4,4,9,4,5,2,9,2,66,2,8,5,1,7,9,1,10,1,14,,44,,1,21,,121.4892836,25.14115052
112,9,28,12,48,2,09北投區,北投區新興路10號,0,0,2,2,H01,8,6,5,30,14,9,1,5,4,5,13,4,4,9,4,5,2,9,1,21,2,8,4,5,8,16,8,20,10,16,,121,,1,21,,121.4892836,25.14115052
112,9,28,13,0,2,12內湖區,內湖區民權東路6段180巷88號對面,0,0,1,1,C03,8,6,5,30,14,9,1,5,4,5,13,4,4,9,4,5,2,17,1,23,2,9,6,1,7,9,1,10,2,14,,42,,1,21,,121.5925889,25.06561104
112,9,28,13,0,2,12內湖區,內湖區民權東路6段180巷88號對面,0,0,1,2,C03,8,6,5,30,14,9,1,5,4,5,13,4,4,9,4,5,2,17,2,58,3,10,5,1,7,9,1,10,2,17,,44,,1,21,,121.5925889,25.06561104
112,9,28,13,0,2,12內湖區,內湖區民權東路6段180巷88號對面,0,0,1,3,B03,8,6,5,30,14,9,1,5,4,5,13,4,4,9,4,5,2,17,1,31,3,10,7,1,7,1,1,8,2,17,,19,,1,21,,121.5925889,25.06561104
112,9,28,13,22,2,03中山區,中山區長春路與復興北路口,0,0,1,2,C03,8,7,5,50,4,2,1,5,4,5,13,1,1,4,3,4,1,17,1,24,2,8,5,1,7,9,1,10,1,14,,42,,1,21,,121.5445573,25.0543451
112,9,28,13,22,2,03中山區,中山區長春路與復興北路口,0,0,1,1,B02,8,7,5,50,4,2,1,5,4,5,13,1,1,4,3,4,1,17,1,25,3,10,7,1,7,7,1,8,1,15,,100,,1,21,,121.5445573,25.0543451
112,9,28,13,46,2,07信義區,信義區基隆路1段與松壽路口,0,0,1,2,C03,8,6,5,50,4,1,1,5,4,5,13,1,1,10,4,5,2,17,1,27,2,9,5,1,7,9,1,10,1,14,,13,,1,22,,121.5614851,25.0359242
112,9,28,13,46,2,07信義區,信義區基隆路1段與松壽路口,0,0,1,1,B01,8,6,5,50,4,1,1,5,4,5,13,1,1,10,4,5,2,17,1,55,3,10,3,4,7,6,1,4,1,2,,9,,1,21,,121.5614851,25.0359242
112,9,28,13,51,2,10文山區,文山區木柵路1段與景美溪橋口口,0,0,1,1,A12,8,6,5,50,3,1,1,5,4,5,13,2,1,2,5,5,2,17,1,47,3,10,7,4,7,5,1,3,1,4,,71,,1,21,,121.5452637,24.98681813
112,9,28,13,51,2,10文山區,文山區木柵路1段與景美溪橋口口,0,0,1,2,F01,8,6,5,50,3,1,1,5,4,5,13,2,1,2,5,5,2,17,2,57,2,8,3,4,7,9,8,20,1,11,,44,,1,21,,121.5452637,24.98681813
112,9,28,14,31,2,07信義區,信義區吳興街118巷26弄與基隆路2段79巷33弄口,0,0,1,2,C03,8,5,5,50,3,2,1,5,4,5,13,4,4,5,5,5,2,17,1,45,2,9,5,1,7,9,1,10,1,14,,44,,1,21,,121.5601037,25.02996977
112,9,28,14,31,2,07信義區,信義區吳興街118巷26弄與基隆路2段79巷33弄口,0,0,1,1,C04,8,5,5,50,3,2,1,5,4,5,13,4,4,5,5,5,2,17,1,25,3,10,5,1,7,1,1,10,1,17,,19,,1,21,,121.5601037,25.02996977
112,9,28,14,43,2,05中正區,中正區中山南路與凱達格蘭大道口,0,0,1,2,,7,6,6,50,4,1,1,5,4,4,13,1,1,10,4,1,1,18,3,0,,,,,,,,,10,,,67,,1,,,121.5173193,25.0393456
112,9,28,14,43,2,05中正區,中正區中山南路與凱達格蘭大道口,0,0,1,1,C03,7,6,6,50,4,1,1,5,4,4,13,1,1,10,4,1,1,18,1,43,2,9,6,1,7,6,1,10,2,12,,108,,1,22,,121.5173193,25.0393456
112,9,28,14,53,2,06松山區,松山區民權東路4段與富錦街107巷口,0,0,1,1,B02,8,6,5,50,3,2,1,5,4,5,13,4,4,8,3,4,1,16,2,34,3,10,3,1,7,6,1,8,1,2,,9,,1,22,,121.5522933,25.0614781
112,9,28,14,53,2,06松山區,松山區民權東路4段與富錦街107巷口,0,0,1,2,C03,8,6,5,50,3,2,1,5,4,5,13,4,4,8,3,4,1,16,1,68,2,9,3,1,7,9,1,10,1,14,,14,,1,22,,121.5522933,25.0614781
112,9,28,14,56,2,06松山區,松山區民生東路5段與三民路口,0,0,1,2,C03,8,6,5,50,18,9,1,5,4,5,13,4,4,1,3,5,2,17,2,35,2,9,6,4,7,9,1,10,1,14,,78,,1,21,,121.5630149,25.05898135
112,9,28,14,56,2,06松山區,松山區民生東路5段與三民路口,0,0,1,1,B01,8,6,5,50,18,9,1,5,4,5,13,4,4,1,3,5,2,17,1,59,3,10,3,4,7,7,1,4,1,5,,100,,1,21,,121.5630149,25.05898135
112,9,28,15,6,2,04大安區,大安區忠孝東路4段與忠孝東路4段223巷口,0,0,2,1,F01,8,6,5,30,4,1,1,5,4,5,13,2,1,5,4,5,2,15,1,63,2,9,2,1,7,9,8,20,1,11,,81,,1,22,,121.5530197,25.0415193
112,9,28,15,6,2,04大安區,大安區忠孝東路4段與忠孝東路4段223巷口,0,0,2,2,C03,8,6,5,30,4,1,1,5,4,5,13,2,1,5,4,5,2,15,1,32,2,9,6,1,7,1,1,10,1,11,,44,,1,22,,121.5530197,25.0415193
112,9,28,15,28,2,09北投區,北投區大度路3段151號,0,0,1,1,B03,8,6,5,50,14,9,1,5,4,5,13,3,1,9,4,4,2,17,1,43,3,10,7,1,7,7,1,8,1,2,,100,,1,21,,121.4730845,25.12271052
112,9,28,15,28,2,09北投區,北投區大度路3段151號,0,0,1,2,C03,8,6,5,50,14,9,1,5,4,5,13,3,1,9,4,4,2,17,1,21,2,9,5,1,7,9,1,10,1,14,,13,,1,21,,121.4730845,25.12271052
112,9,28,15,30,2,02萬華區,萬華區寶興街214號,0,0,1,2,,8,7,5,50,14,9,1,5,4,5,13,4,4,9,5,5,2,18,3,0,,,,,,,,,,,,67,,1,,,121.4957389,25.0226251
112,9,28,15,30,2,02萬華區,萬華區寶興街214號,0,0,1,1,C03,8,7,5,50,14,9,1,5,4,5,13,4,4,9,5,5,2,18,1,68,2,9,5,1,7,15,1,10,1,14,,118,,1,21,,121.4957389,25.0226251
112,9,28,15,37,2,12內湖區,內湖區康寧路3段與安康路口,0,0,1,2,C03,8,5,5,50,3,1,1,5,4,5,13,1,1,4,5,5,2,11,2,42,2,9,5,1,7,8,1,10,2,14,,100,,1,21,,121.6108438,25.0649246
112,9,28,15,37,2,12內湖區,內湖區康寧路3段與安康路口,0,0,1,1,A02,8,5,5,50,3,1,1,5,4,5,13,1,1,4,5,5,2,11,1,57,3,10,7,1,7,9,1,6,2,2,,44,,1,21,,121.6108438,25.0649246
112,9,28,15,39,2,03中山區,中山區民族東路252巷與民族東路口,0,0,1,2,C03,8,5,5,40,3,2,1,5,4,5,13,4,4,1,4,4,2,16,1,39,2,9,3,4,7,9,1,10,1,11,,13,,1,21,,121.5343851,25.06811646
112,9,28,15,39,2,03中山區,中山區民族東路252巷與民族東路口,0,0,1,1,B03,8,5,5,40,3,2,1,5,4,5,13,4,4,1,4,4,2,16,1,21,3,10,3,4,7,6,1,8,1,2,,9,,1,21,,121.5343851,25.06811646
112,9,28,16,0,2,07信義區,信義區信義路5段11號,0,0,1,1,B03,8,7,5,50,14,9,1,5,4,5,13,4,4,1,4,5,2,12,1,39,3,10,7,1,7,9,1,8,2,2,,107,,1,22,,121.5659083,25.0332076
112,9,28,16,0,2,07信義區,信義區信義路5段11號,0,0,1,2,C03,8,7,5,50,14,9,1,5,4,5,13,4,4,1,4,5,2,12,1,75,2,9,5,1,7,9,1,10,2,14,,44,,1,22,,121.5659083,25.0332076
112,9,28,16,3,2,04大安區,大安區羅斯福路4段21號,0,0,1,2,C03,8,6,5,50,14,9,1,5,4,5,13,1,1,1,5,5,2,13,1,42,2,9,5,1,7,14,1,10,1,13,,44,,1,21,,121.5351937,25.0140638
112,9,28,16,3,2,04大安區,大安區羅斯福路4段21號,0,0,1,1,C03,8,6,5,50,14,9,1,5,4,5,13,1,1,1,5,5,2,13,2,43,3,10,5,1,7,12,1,10,1,11,,16,,1,21,,121.5351937,25.0140638
112,9,28,16,9,2,10文山區,文山區木柵路2段138巷與木柵路2段口口,0,0,1,1,B12,8,5,5,30,4,1,1,5,4,5,13,2,1,4,5,5,2,16,1,27,3,10,7,1,7,6,1,6,2,5,,42,,1,21,,121.5618397,24.988786
112,9,28,16,9,2,10文山區,文山區木柵路2段138巷與木柵路2段口口,0,0,1,2,C03,8,5,5,30,4,1,1,5,4,5,13,2,1,4,5,5,2,16,2,61,3,10,5,1,7,9,1,10,2,14,,42,,1,21,,121.5618397,24.988786