發生年度,發生月,發生日,發生時-Hours,發生分,處理別-編號,區序,肇事地點,死亡人數,2-30日死亡人數,受傷人數,當事人序號,車種,天候,光線,道路類別,速限-速度限制,道路型態,事故位置,路面狀況1,路面狀況2,路面狀況3,道路障礙1,道路障礙2,號誌1,號誌2,車道劃分-分向,車道劃分-分道1,車道劃分-分道2,車道劃分-分道3,事故類型及型態,性別,年齡,受傷程度,主要傷處,保護裝置,行動電話,車輛用途,當事者行動狀態,駕駛資格情形,駕駛執照種類,飲酒情形,車輛撞擊部位1,車輛撞擊部位2,肇因碼-個別,肇因碼-主要,個人肇逃否,職業,旅次目的,座標-X,座標-Y
112,9,28,16,9,2,10文山區,文山區木柵路2段138巷與木柵路2段口口,0,0,1,3,H02,8,5,5,30,4,1,1,5,4,5,13,2,1,4,5,5,2,16,1,32,2,8,5,5,7,20,8,20,10,16,,67,,1,21,,121.5618397,24.988786
112,9,28,16,34,2,07信義區,信義區市民大道5段與東興路口,0,0,1,1,B01,8,7,5,50,5,1,1,5,4,5,13,2,1,5,4,5,2,17,1,41,3,10,7,1,7,5,1,1,1,6,,74,,1,21,,121.5657663,25.0481638
112,9,28,16,34,2,07信義區,信義區市民大道5段與東興路口,0,0,1,2,C03,8,7,5,50,5,1,1,5,4,5,13,2,1,5,4,5,2,17,1,25,2,9,5,1,7,9,1,10,1,11,,13,,1,21,,121.5657663,25.0481638
112,9,28,16,51,2,04大安區,大安區新生南路1段125號旁,0,0,2,1,C03,8,6,5,50,14,9,1,5,4,5,13,4,4,1,4,5,2,12,2,22,2,9,5,1,7,7,1,10,1,12,,100,,1,21,,121.5329279,25.0385238
112,9,28,16,51,2,04大安區,大安區新生南路1段125號旁,0,0,2,2,C03,8,6,5,50,14,9,1,5,4,5,13,4,4,1,4,5,2,12,1,23,2,9,5,1,7,9,1,10,1,14,,44,,1,21,,121.5329279,25.0385238
112,9,28,16,58,2,07信義區,信義區松平路與松智路口,0,0,4,1,C03,8,5,5,30,4,2,1,5,4,5,13,2,2,5,5,5,2,17,2,60,2,9,5,1,7,5,1,10,1,11,,74,,1,21,,121.5653602,25.0305132
112,9,28,16,58,2,07信義區,信義區松平路與松智路口,0,0,4,4,H02,8,5,5,30,4,2,1,5,4,5,13,2,2,5,5,5,2,17,1,6,2,1,5,5,7,17,8,20,10,16,,67,,1,14,,121.5653602,25.0305132
112,9,28,16,58,2,07信義區,信義區松平路與松智路口,0,0,4,3,H02,8,5,5,30,4,2,1,5,4,5,13,2,2,5,5,5,2,17,1,7,2,9,5,5,7,17,8,20,10,16,,67,,1,14,,121.5653602,25.0305132
112,9,28,16,58,2,05中正區,中正區羅斯福路1段與南海路口口,0,0,1,1,C03,7,6,5,50,4,1,1,5,4,5,13,1,1,3,4,4,2,12,1,33,2,5,5,1,7,8,1,10,9,14,,100,,1,22,,121.517994,25.0329746
112,9,28,16,58,2,05中正區,中正區羅斯福路1段與南海路口口,0,0,1,2,B03,7,6,5,50,4,1,1,5,4,5,13,1,1,3,4,4,2,12,1,38,3,10,3,4,7,9,1,8,9,5,,44,,1,22,,121.517994,25.0329746
112,9,28,16,58,2,07信義區,信義區松平路與松智路口,0,0,4,2,C03,8,5,5,30,4,2,1,5,4,5,13,2,2,5,5,5,2,17,1,40,2,9,5,1,7,9,1,15,1,11,,32,,1,21,,121.5653602,25.0305132
112,9,28,17,4,2,10文山區,文山區木新路3段232巷7弄25號前,0,0,2,1,C03,7,5,5,30,14,9,1,5,4,5,13,4,4,10,5,5,2,16,2,63,2,8,6,1,7,11,1,10,1,14,,19,,1,21,,121.5582852,24.9816814
112,9,28,17,4,2,10文山區,文山區木新路3段232巷7弄25號前,0,0,2,2,C03,7,5,5,30,14,9,1,5,4,5,13,4,4,10,5,5,2,16,1,51,2,9,6,1,7,9,1,10,1,11,,44,,1,21,,121.5582852,24.9816814
112,9,28,17,6,2,02萬華區,萬華區青年路與西藏路125巷口,0,0,1,2,C03,8,6,5,30,3,2,1,5,4,5,13,1,1,10,5,5,1,12,1,72,2,8,5,4,7,9,1,10,1,12,,17,,1,22,,121.503793,25.02522746
112,9,28,17,6,2,02萬華區,萬華區青年路與西藏路125巷口,0,0,1,1,B01,8,6,5,30,3,2,1,5,4,5,13,1,1,10,5,5,1,12,1,41,3,10,7,4,7,1,1,8,1,8,,19,,1,22,,121.503793,25.02522746
112,9,28,17,9,2,03中山區,中山區南京東路3段101號,0,0,1,1,C03,8,5,5,40,14,7,1,5,4,5,13,1,1,1,4,4,2,13,2,49,2,6,3,4,7,7,1,10,1,13,,100,,1,21,,121.5394433,25.0520224
112,9,28,17,9,2,03中山區,中山區南京東路3段101號,0,0,1,2,B03,8,5,5,40,14,7,1,5,4,5,13,1,1,1,4,4,2,13,2,28,3,10,3,4,7,9,1,8,1,1,,44,,1,21,,121.5394433,25.0520224
112,9,28,17,18,2,10文山區,文山區新光路2段圓環,0,0,1,2,B03,8,5,5,50,18,9,1,5,4,5,13,3,1,1,4,5,2,17,2,42,3,10,7,1,7,9,1,8,1,8,,107,,1,21,,121.5828675,25.0004932
112,9,28,17,18,2,10文山區,文山區新光路2段圓環,0,0,1,1,C03,8,5,5,50,18,9,1,5,4,5,13,3,1,1,4,5,2,17,2,64,2,9,5,1,7,15,1,10,1,13,,72,,1,21,,121.5828675,25.0004932
112,9,28,17,20,2,05中正區,中正區和平西路1段與牯嶺街口,0,0,2,1,C03,8,6,5,50,4,1,1,5,4,5,13,2,1,3,4,5,2,12,1,22,2,7,6,1,7,8,1,10,1,14,,100,,1,21,,121.5192743,25.0263965
112,9,28,17,20,2,05中正區,中正區和平西路1段與牯嶺街口,0,0,2,2,C03,8,6,5,50,4,1,1,5,4,5,13,2,1,3,4,5,2,12,2,24,2,9,5,1,7,9,1,10,1,12,,107,,1,21,,121.5192743,25.0263965
112,9,28,17,20,2,07信義區,信義區松高路與松智路口,0,0,1,1,B03,8,5,5,50,3,1,1,5,4,5,13,1,1,9,4,5,2,15,2,61,3,10,7,1,7,9,1,8,1,2,,81,,1,21,,121.5655053,25.0391637
112,9,28,17,20,2,07信義區,信義區松高路與松智路口,0,0,1,2,C03,8,5,5,50,3,1,1,5,4,5,13,1,1,9,4,5,2,15,1,26,2,9,6,1,7,9,1,10,1,14,,44,,1,21,,121.5655053,25.0391637
112,9,28,17,30,2,12內湖區,內湖區安康路22巷內,0,0,1,2,C03,8,5,5,30,14,9,1,5,4,3,13,4,4,5,5,5,2,16,2,27,2,8,5,1,7,9,1,10,1,11,,13,,1,21,,121.5935791,25.06233299
112,9,28,17,30,2,12內湖區,內湖區安康路22巷內,0,0,1,1,B03,8,5,5,30,14,9,1,5,4,3,13,4,4,5,5,5,2,16,1,69,3,10,7,1,7,7,1,8,1,15,,100,,1,21,,121.5935791,25.06233299
112,9,28,17,38,2,03中山區,中山區北安路609號,0,0,1,1,C03,8,5,5,50,14,9,1,5,4,5,13,4,4,3,4,5,2,12,1,52,3,10,3,4,7,15,1,9,1,11,,100,,1,21,,121.5488905,25.0824726
112,9,28,17,38,2,03中山區,中山區北安路609號,0,0,1,2,C03,8,5,5,50,14,9,1,5,4,5,13,4,4,3,4,5,2,12,1,25,3,10,3,4,7,9,1,10,1,12,,44,,1,21,,121.5488905,25.0824726
112,9,28,17,38,2,03中山區,中山區北安路609號,0,0,1,3,H02,8,5,5,50,14,9,1,5,4,5,13,4,4,3,4,5,2,12,2,23,2,8,3,5,7,20,8,20,10,16,,67,,1,21,,121.5488905,25.0824726
112,9,28,17,39,2,04大安區,大安區敦化南路1段293號前,0,0,1,2,B03,8,5,5,50,14,9,1,5,4,5,13,4,4,1,4,5,2,17,1,23,3,10,7,1,7,9,1,8,1,8,,108,,1,21,,121.5490757,25.0357137
112,9,28,17,39,2,04大安區,大安區敦化南路1段293號前,0,0,1,3,B03,8,5,5,50,14,9,1,5,4,5,13,4,4,1,4,5,2,17,1,45,3,10,7,1,7,9,1,8,1,6,,44,,1,21,,121.5490757,25.0357137
112,9,28,17,39,2,04大安區,大安區敦化南路1段293號前,0,0,1,1,C03,8,5,5,50,14,9,1,5,4,5,13,4,4,1,4,5,2,17,1,45,2,8,6,1,7,8,1,10,1,13,,100,,1,21,,121.5490757,25.0357137
112,9,28,17,49,2,04大安區,大安區信義路4段265巷24號前,0,0,1,1,B03,8,5,5,30,14,9,1,5,4,5,13,4,4,5,4,5,2,13,1,25,3,10,7,1,7,9,6,18,1,1,,16,,1,21,,121.554679,25.03444932
112,9,28,17,49,2,04大安區,大安區信義路4段265巷24號前,0,0,1,2,C03,8,5,5,30,14,9,1,5,4,5,13,4,4,5,4,5,2,13,2,40,2,7,6,1,7,9,1,10,1,13,,1,,1,21,,121.554679,25.03444932
112,9,28,17,58,2,06松山區,松山區民權東路3段103巷5弄25號,0,0,2,1,C03,8,7,5,30,14,9,1,5,4,5,13,4,4,10,5,5,2,3,1,42,2,9,5,1,7,9,1,10,1,11,,108,,1,25,,121.5457551,25.06282273
112,9,28,17,58,2,06松山區,松山區民權東路3段103巷5弄25號,0,0,2,2,H01,8,7,5,30,14,9,1,5,4,5,13,4,4,10,5,5,2,3,1,66,2,9,4,5,8,18,8,20,10,16,,53,,1,25,,121.5457551,25.06282273
112,9,28,18,0,2,05中正區,中正區延平南路與延平南路121巷口,0,0,1,1,C03,8,5,5,50,3,1,1,5,4,5,13,4,4,10,4,5,2,16,2,73,2,8,5,1,7,6,1,10,2,12,,74,,1,22,,121.5088591,25.0397935
112,9,28,18,0,2,05中正區,中正區延平南路與延平南路121巷口,0,0,1,2,B03,8,5,5,50,3,1,1,5,4,5,13,4,4,10,4,5,2,16,1,61,3,10,2,1,7,9,1,8,2,8,,108,,1,22,,121.5088591,25.0397935
112,9,28,18,13,2,03中山區,中山區龍江路與民權東路3段口,0,0,2,2,H01,8,5,5,50,4,19,1,5,4,5,13,1,1,1,4,5,2,3,2,57,2,9,4,5,8,16,8,20,10,16,,121,,1,21,,121.5410192,25.06225703
112,9,28,18,13,2,03中山區,中山區龍江路與民權東路3段口,0,0,2,1,C03,8,5,5,50,4,19,1,5,4,5,13,1,1,1,4,5,2,3,1,56,2,6,3,4,7,6,1,10,2,11,,121,,1,21,,121.5410192,25.06225703
112,9,28,18,24,2,12內湖區,內湖區洲子街與瑞光路393巷口,0,0,1,1,B11,8,5,6,50,4,1,1,5,4,5,13,2,1,5,4,5,2,16,1,25,3,10,7,1,7,6,1,4,1,5,,9,,1,21,,121.5735408,25.07906524
112,9,28,18,24,2,12內湖區,內湖區洲子街與瑞光路393巷口,0,0,1,2,C03,8,5,6,50,4,1,1,5,4,5,13,2,1,5,4,5,2,16,2,54,2,9,5,1,7,9,1,10,1,11,,44,,1,21,,121.5735408,25.07906524
112,9,28,18,45,2,08士林區,士林區至誠路2段40號,0,0,2,2,C03,8,5,5,50,22,9,1,5,4,5,13,4,4,5,5,5,2,17,1,57,2,9,3,4,7,9,1,10,1,14,,44,,1,22,,121.528851,25.10179098
112,9,28,18,45,2,08士林區,士林區至誠路2段40號,0,0,2,1,C03,8,5,5,50,22,9,1,5,4,5,13,4,4,5,5,5,2,17,2,31,2,9,3,4,7,7,1,10,1,11,,100,,1,22,,121.528851,25.10179098
112,9,28,18,46,2,04大安區,大安區市民大道4段與光復南路口,0,0,1,2,C03,8,5,5,40,5,1,1,5,4,5,13,1,1,5,5,5,2,12,2,38,2,9,5,1,7,9,1,10,1,14,,101,,1,21,,121.5576557,25.0449691
112,9,28,18,46,2,04大安區,大安區市民大道4段與光復南路口,0,0,1,1,B03,8,5,5,40,5,1,1,5,4,5,13,1,1,5,5,5,2,12,1,51,3,10,7,1,7,9,1,8,1,2,,101,,1,21,,121.5576557,25.0449691
112,9,28,18,57,2,08士林區,士林區延平北路5段297號,0,0,2,2,C03,8,5,5,50,14,9,1,5,4,5,13,4,4,1,4,5,2,17,2,41,2,8,6,1,7,9,1,10,1,11,,119,,1,21,,121.5093974,25.0861299
112,9,28,18,57,2,08士林區,士林區延平北路5段297號,0,0,2,3,C03,8,5,5,50,14,9,1,5,4,5,13,4,4,1,4,5,2,17,1,58,2,8,6,1,7,9,1,10,1,13,,119,,1,21,,121.5093974,25.0861299
112,9,28,18,57,2,08士林區,士林區延平北路5段297號,0,0,2,1,B01,8,5,5,50,14,9,1,5,4,5,13,4,4,1,4,5,2,17,4,0,,,,,,,,,11,,,119,,2,,,121.5093974,25.0861299
112,9,28,19,0,2,06松山區,松山區南京東路3段303巷6弄與南京東路3段303巷口,0,0,1,2,C03,8,5,5,30,4,1,1,5,4,5,13,4,4,10,5,5,2,17,2,31,2,9,6,4,7,9,1,10,1,11,,14,,1,22,,121.5467378,25.0524161
112,9,28,19,0,2,06松山區,松山區南京東路3段303巷6弄與南京東路3段303巷口,0,0,1,1,B03,8,5,5,30,4,1,1,5,4,5,13,4,4,10,5,5,2,17,1,46,3,10,7,4,7,9,1,8,1,1,,72,,1,22,,121.5467378,25.0524161
112,9,28,19,20,2,06松山區,松山區民生東路3段與敦化北路口,0,0,1,1,A02,8,5,5,50,4,1,1,5,4,5,13,2,1,1,4,5,2,9,1,39,3,10,7,1,7,7,1,2,9,15,,44,,1,21,,121.5486943,25.05761491
112,9,28,19,20,2,06松山區,松山區民生東路3段與敦化北路口,0,0,1,2,H02,8,5,5,50,4,1,1,5,4,5,13,2,1,1,4,5,2,9,2,73,2,8,4,5,7,20,8,20,10,16,,67,,1,21,,121.5486943,25.05761491
112,9,28,19,43,2,01大同區,大同區環河北路1段與涼州街口,0,0,1,1,C03,8,5,5,50,3,2,1,5,4,5,13,4,4,1,4,5,2,17,1,42,2,8,6,1,7,10,1,10,1,14,,100,,1,22,,121.5084996,25.0607887
112,9,28,19,43,2,01大同區,大同區環河北路1段與涼州街口,0,0,1,2,B03,8,5,5,50,3,2,1,5,4,5,13,4,4,1,4,5,2,17,1,39,3,10,7,1,7,9,1,8,1,5,,44,,1,22,,121.5084996,25.0607887
112,9,28,20,10,2,07信義區,信義區莊敬路與吳興街269巷口,0,0,1,1,C03,7,5,5,30,3,1,1,5,4,5,13,4,4,9,5,4,2,17,2,26,2,9,5,1,7,6,1,10,2,12,,72,,1,21,,121.5650362,25.0276511
112,9,28,20,10,2,07信義區,信義區莊敬路與吳興街269巷口,0,0,1,2,B03,7,5,5,30,3,1,1,5,4,5,13,4,4,9,5,4,2,17,1,42,3,10,7,1,7,9,1,8,2,4,,14,,1,21,,121.5650362,25.0276511
112,9,28,20,13,2,06松山區,松山區麥帥一橋305電桿處,0,0,1,1,C03,8,5,5,40,14,11,1,5,4,5,13,4,4,10,4,5,2,17,2,68,3,10,5,1,7,9,1,10,1,17,,30,,1,22,,121.5675489,25.05128219
112,9,28,20,13,2,06松山區,松山區麥帥一橋305電桿處,0,0,1,2,C03,8,5,5,40,14,11,1,5,4,5,13,4,4,10,4,5,2,17,1,41,2,9,5,1,7,9,1,10,1,12,,13,,1,22,,121.5675489,25.05128219
112,9,28,20,39,2,03中山區,中山區長春路與松江路口,0,0,3,2,C03,8,5,5,50,4,1,1,5,4,5,13,1,1,5,4,5,2,15,2,27,2,9,5,1,7,9,1,10,1,11,12,44,,1,21,,121.5329855,25.05480998
112,9,28,20,39,2,03中山區,中山區長春路與松江路口,0,0,3,3,C03,8,5,5,50,4,1,1,5,4,5,13,1,1,5,4,5,2,15,2,50,2,9,5,1,7,9,1,10,1,11,12,44,,1,21,,121.5329855,25.05480998
112,9,28,20,39,2,03中山區,中山區長春路與松江路口,0,0,3,1,C03,8,5,5,50,4,1,1,5,4,5,13,1,1,5,4,5,2,15,2,43,2,9,5,1,7,1,1,11,1,14,12,81,,1,21,,121.5329855,25.05480998
112,9,28,21,27,2,03中山區,中山區林森北路138巷與林森北路口,0,0,1,1,C03,8,5,5,50,3,1,1,5,4,5,13,4,4,5,4,5,2,12,2,23,2,8,6,1,7,8,3,18,1,14,,100,,1,22,,121.5251573,25.05147856
112,9,28,21,27,2,03中山區,中山區林森北路138巷與林森北路口,0,0,1,2,B01,8,5,5,50,3,1,1,5,4,5,13,4,4,5,4,5,2,12,1,58,3,10,3,4,7,9,1,4,1,5,,107,,1,22,,121.5251573,25.05147856
112,9,28,21,27,2,03中山區,中山區林森北路138巷與林森北路口,0,0,1,3,A12,8,5,5,50,3,1,1,5,4,5,13,4,4,5,4,5,2,12,1,40,3,10,3,4,7,14,1,5,1,17,,44,,1,22,,121.5251573,25.05147856
112,9,28,21,27,2,03中山區,中山區林森北路138巷與林森北路口,0,0,1,4,B03,8,5,5,50,3,1,1,5,4,5,13,4,4,5,4,5,2,12,3,0,,,,,,,,,,,,67,,1,,,121.5251573,25.05147856
112,9,28,21,40,2,09北投區,北投區光明路與七星街口,0,0,1,1,C03,7,5,5,50,4,1,1,5,4,5,13,2,1,10,5,5,1,11,2,29,2,9,5,1,7,1,1,10,1,11,,19,,1,21,,121.5042415,25.13683881
112,9,28,21,40,2,09北投區,北投區光明路與七星街口,0,0,1,2,C03,7,5,5,50,4,1,1,5,4,5,13,2,1,10,5,5,1,11,1,35,3,10,5,1,7,9,1,10,1,13,,44,,1,21,,121.5042415,25.13683881
112,9,28,22,25,2,07信義區,信義區仁愛路4段505號,0,0,1,2,B03,8,5,5,40,14,8,1,5,4,5,13,4,4,1,3,1,2,13,1,34,3,10,3,4,7,9,1,8,1,6,,44,,1,22,,121.5580682,25.0377854
112,9,28,22,25,2,07信義區,信義區仁愛路4段505號,0,0,1,1,C03,8,5,5,40,14,8,1,5,4,5,13,4,4,1,3,1,2,13,1,19,2,8,5,4,7,9,1,10,1,11,,16,,1,22,,121.5580682,25.0377854
112,9,28,22,30,2,07信義區,信義區松山路與市民大道5段口,0,0,1,2,C03,8,5,5,50,4,2,1,5,4,5,13,2,1,1,4,4,2,11,1,23,2,9,5,1,7,9,1,10,1,14,,44,,1,21,,121.5778248,25.0489548
112,9,28,22,30,2,07信義區,信義區松山路與市民大道5段口,0,0,1,1,B03,8,5,5,50,4,2,1,5,4,5,13,2,1,1,4,4,2,11,1,56,3,10,7,1,7,5,1,8,1,1,,74,,1,21,,121.5778248,25.0489548
112,9,28,22,44,2,06松山區,松山區東興路12號,0,0,1,2,C03,8,5,5,50,14,9,1,5,3,1,12,4,4,8,3,5,1,18,1,23,2,9,3,1,7,9,1,10,1,14,,13,,1,22,,121.5653816,25.04976108
112,9,28,22,44,2,06松山區,松山區東興路12號,0,0,1,1,,8,5,5,50,14,9,1,5,3,1,12,4,4,8,3,5,1,18,3,39,,,,,,,,,,,,128,,1,,,121.5653816,25.04976108
112,9,28,23,2,2,09北投區,北投區大度路1段2號,0,0,1,2,C03,8,5,5,50,14,9,1,5,4,5,13,4,4,9,4,5,2,16,1,21,2,8,5,1,7,9,1,10,11,14,,108,,1,21,,121.4990141,25.12135488
112,9,28,23,2,2,09北投區,北投區大度路1段2號,0,0,1,1,B03,8,5,5,50,14,9,1,5,4,5,13,4,4,9,4,5,2,16,1,27,3,10,7,1,7,7,1,8,11,2,,100,,1,21,,121.4990141,25.12135488
112,9,28,23,5,2,10文山區,文山區木柵路4段77號與木柵路4段口,0,0,2,1,C03,8,5,5,50,14,9,1,5,4,5,13,3,1,4,4,5,2,17,1,19,2,9,5,1,7,1,1,10,1,11,,19,,1,21,,121.572044,24.9959081
112,9,28,23,5,2,10文山區,文山區木柵路4段77號與木柵路4段口,0,0,2,2,C04,8,5,5,50,14,9,1,5,4,5,13,3,1,4,4,5,2,17,2,36,2,9,5,1,7,9,1,10,1,11,,44,,1,21,,121.572044,24.9959081
112,9,28,23,50,2,08士林區,士林區承德路4段77巷與承德路4段口,0,0,2,1,C03,8,5,5,50,5,1,1,5,4,5,13,2,1,1,4,4,2,16,1,21,2,8,3,4,7,6,1,10,1,12,,9,,1,22,,121.5232098,25.08215746
112,9,28,23,50,2,08士林區,士林區承德路4段77巷與承德路4段口,0,0,2,2,C03,8,5,5,50,5,1,1,5,4,5,13,2,1,1,4,4,2,16,1,22,2,7,3,4,7,9,1,10,1,11,,13,,1,21,,121.5232098,25.08215746
112,9,28,23,53,2,06松山區,松山區東興路12號,0,0,2,1,,8,5,5,0,14,9,4,4,3,4,13,4,4,5,4,5,2,29,3,39,,,,,,,,,10,,,128,,1,,,121.5654163,25.04976491
112,9,28,23,53,2,06松山區,松山區東興路12號,0,0,2,2,C03,8,5,5,0,14,9,4,4,3,4,13,4,4,5,4,5,2,29,2,41,2,8,6,1,7,9,1,10,1,14,,44,,1,21,,121.5654163,25.04976491
112,9,28,23,53,2,06松山區,松山區東興路12號,0,0,2,3,H02,8,5,5,0,14,9,4,4,3,4,13,4,4,5,4,5,2,29,2,41,2,8,5,5,7,20,8,20,10,16,,67,,1,21,,121.5654163,25.04976491
112,9,29,0,25,2,12內湖區,內湖區新明路428巷與新明路460巷口,0,0,1,1,B03,6,5,5,0,4,2,1,4,4,5,13,1,1,10,4,5,1,9,1,25,3,10,7,1,7,6,1,8,1,8,,108,,1,22,,121.5785408,25.05427209
112,9,29,0,25,2,12內湖區,內湖區新明路428巷與新明路460巷口,0,0,1,2,H01,6,5,5,0,4,2,1,4,4,5,13,1,1,10,4,5,1,9,2,33,2,9,4,5,8,17,8,20,10,16,,53,,1,22,,121.5785408,25.05427209
112,9,29,0,35,2,08士林區,士林區德行東路129巷與忠誠路2段10巷口,0,0,1,2,C03,8,5,5,30,4,1,1,5,4,5,13,4,4,10,5,5,2,15,2,51,2,7,3,4,7,9,1,10,1,11,,44,,1,21,,121.529206,25.10877733
112,9,29,0,35,2,08士林區,士林區德行東路129巷與忠誠路2段10巷口,0,0,1,1,B01,8,5,5,30,4,1,1,5,4,5,13,4,4,10,5,5,2,15,1,61,3,10,3,4,7,9,1,4,1,4,,72,,1,21,,121.529206,25.10877733
112,9,29,2,22,2,04大安區,大安區基隆路3段與基隆路3段156巷口,0,0,2,1,C03,6,5,5,40,5,2,1,4,4,5,13,1,1,8,3,4,2,17,1,38,3,10,5,1,7,12,1,10,1,17,,42,,1,26,,121.5423646,25.0157906
112,9,29,2,22,2,04大安區,大安區基隆路3段與基隆路3段156巷口,0,0,2,2,C03,6,5,5,40,5,2,1,4,4,5,13,1,1,8,3,4,2,17,1,22,2,7,5,1,7,9,1,10,1,15,,42,,1,25,,121.5423646,25.0157906
112,9,29,2,22,2,04大安區,大安區基隆路3段與基隆路3段156巷口,0,0,2,3,C03,6,5,5,40,5,2,1,4,4,5,13,1,1,8,3,4,2,17,1,29,3,10,5,1,7,9,1,10,1,13,,44,,1,25,,121.5423646,25.0157906
112,9,29,2,22,2,04大安區,大安區基隆路3段與基隆路3段156巷口,0,0,2,4,C03,6,5,5,40,5,2,1,4,4,5,13,1,1,8,3,4,2,17,2,41,2,7,5,1,7,9,1,10,1,11,,16,,1,26,,121.5423646,25.0157906
112,9,29,3,13,2,04大安區,大安區和平東路1段與師大路口,0,0,2,1,C03,6,5,5,50,3,1,1,4,4,5,13,1,1,3,3,5,2,3,1,33,2,8,5,1,7,9,1,10,2,11,,70,,1,26,,121.5285963,25.0265266
112,9,29,3,13,2,04大安區,大安區和平東路1段與師大路口,0,0,2,2,H01,6,5,5,50,3,1,1,4,4,5,13,1,1,3,3,5,2,3,2,71,2,1,4,5,8,16,8,20,10,16,,122,,1,22,,121.5285963,25.0265266
112,9,29,4,31,2,05中正區,中正區泉州街與寧波西街口,0,0,1,1,C03,6,5,5,50,4,1,1,4,4,5,13,1,1,10,4,5,2,10,1,19,2,8,5,1,7,9,1,10,7,11,,4,,1,21,,121.5142331,25.0295183
112,9,29,4,31,2,05中正區,中正區泉州街與寧波西街口,0,0,1,2,B03,6,5,5,50,4,1,1,4,4,5,13,1,1,10,4,5,2,10,1,66,3,10,7,1,7,9,1,8,2,1,,44,,1,21,,121.5142331,25.0295183
112,9,29,5,33,2,04大安區,大安區大安路1段與四維路52巷口,0,0,1,1,B03,7,5,5,50,14,9,1,4,4,5,13,4,4,9,4,5,1,17,1,65,3,10,7,1,7,9,1,8,1,5,,101,,1,21,,121.5460299,25.0351903
112,9,29,5,33,2,04大安區,大安區大安路1段與四維路52巷口,0,0,1,2,F01,7,5,5,50,14,9,1,4,4,5,13,4,4,9,4,5,1,17,2,69,2,9,3,5,7,9,8,20,1,13,,101,,1,21,,121.5460299,25.0351903
112,9,29,7,5,2,03中山區,中山區美堤河濱公園大直橋自行車道,0,0,1,1,F01,8,5,5,50,14,23,1,5,4,5,13,4,4,2,3,5,1,17,2,20,2,9,5,1,7,9,8,20,1,11,,108,,1,21,,121.5439083,25.07734484
112,9,29,7,5,2,03中山區,中山區美堤河濱公園大直橋自行車道,0,0,1,2,F01,8,5,5,50,14,23,1,5,4,5,13,4,4,2,3,5,1,17,1,48,3,10,4,1,7,11,8,20,1,17,,10,,1,21,,121.5439083,25.07734484
112,9,29,7,5,2,03中山區,中山區美堤河濱公園大直橋自行車道,0,0,1,3,F01,8,5,5,50,14,23,1,5,4,5,13,4,4,2,3,5,1,17,1,21,3,10,5,1,7,12,8,20,1,13,,44,,1,21,,121.5439083,25.07734484
112,9,29,7,48,2,02萬華區,萬華區富民路145巷35弄10號,0,0,1,1,C03,8,6,5,30,14,9,1,5,4,5,13,4,4,10,5,5,2,2,1,33,3,10,6,1,7,9,1,10,1,11,,44,,1,26,,121.5008476,25.01955776
112,9,29,7,48,2,02萬華區,萬華區富民路145巷35弄10號,0,0,1,2,H01,8,6,5,30,14,9,1,5,4,5,13,4,4,10,5,5,2,2,2,64,2,9,4,5,8,16,8,20,1,16,,53,,1,21,,121.5008476,25.01955776
112,9,29,8,26,2,09北投區,北投區中央北路3段與中山北路3段1巷口,0,0,1,1,B03,8,6,5,50,4,2,1,5,4,5,13,2,1,9,4,5,2,12,1,45,3,10,2,1,7,9,1,8,1,7,,44,,1,21,,121.4863801,25.13825005
112,9,29,8,26,2,09北投區,北投區中央北路3段與中山北路3段1巷口,0,0,1,2,C03,8,6,5,50,4,2,1,5,4,5,13,2,1,9,4,5,2,12,1,51,2,8,5,1,7,9,1,10,1,11,,16,,1,21,,121.4863801,25.13825005
112,9,29,8,52,2,04大安區,大安區基隆路3段與辛亥路3段口,0,0,1,1,B02,8,6,5,50,4,1,1,5,4,5,13,2,1,1,4,5,2,16,2,27,3,10,3,4,7,6,1,8,1,2,,9,,1,22,,121.5465267,25.0188568
112,9,29,8,52,2,04大安區,大安區基隆路3段與辛亥路3段口,0,0,1,2,C03,8,6,5,50,4,1,1,5,4,5,13,2,1,1,4,5,2,16,1,56,2,7,6,1,7,9,1,10,1,14,,44,,1,22,,121.5465267,25.0188568
112,9,29,9,39,2,03中山區,中山區敬業三路與樂群一路口,0,0,1,2,F01,8,6,5,50,4,2,1,5,4,5,13,2,1,1,4,5,1,17,2,39,2,9,5,1,7,9,8,20,2,11,,44,,1,21,,121.5563692,25.0772062
112,9,29,9,39,2,03中山區,中山區敬業三路與樂群一路口,0,0,1,1,B03,8,6,5,50,4,2,1,5,4,5,13,2,1,1,4,5,1,17,1,37,3,10,7,1,7,6,1,8,2,6,,9,,1,21,,121.5563692,25.0772062
112,9,29,9,42,2,02萬華區,萬華區桂林路244巷與桂林路246巷口,0,0,1,1,B03,8,6,5,30,3,1,1,5,4,5,13,4,4,10,5,5,1,17,1,43,3,10,7,1,7,13,1,2,1,4,,40,,1,21,,121.4943876,25.0377848