發生年度,發生月,發生日,發生時-Hours,發生分,處理別-編號,區序,肇事地點,死亡人數,2-30日死亡人數,受傷人數,當事人序號,車種,天候,光線,道路類別,速限-速度限制,道路型態,事故位置,路面狀況1,路面狀況2,路面狀況3,道路障礙1,道路障礙2,號誌1,號誌2,車道劃分-分向,車道劃分-分道1,車道劃分-分道2,車道劃分-分道3,事故類型及型態,性別,年齡,受傷程度,主要傷處,保護裝置,行動電話,車輛用途,當事者行動狀態,駕駛資格情形,駕駛執照種類,飲酒情形,車輛撞擊部位1,車輛撞擊部位2,肇因碼-個別,肇因碼-主要,個人肇逃否,職業,旅次目的,座標-X,座標-Y
112,9,30,11,13,2,02萬華區,萬華區堤外便道(自行車道龍山第032號燈桿處,0,0,1,2,,8,6,5,50,14,23,1,5,4,5,13,4,4,9,4,5,2,18,3,0,,,,,,,,,,,,67,,1,,,121.49958,25.04295529
112,9,30,11,13,2,02萬華區,萬華區堤外便道(自行車道龍山第032號燈桿處,0,0,1,1,F01,8,6,5,50,14,23,1,5,4,5,13,4,4,9,4,5,2,18,2,54,2,1,6,1,7,9,8,20,1,14,,44,,1,21,,121.49958,25.04295529
112,9,30,11,56,2,09北投區,北投區榮華三路與榮華三路42巷口,0,0,2,3,H02,8,6,5,30,4,1,1,5,4,5,13,4,4,9,4,5,2,15,2,74,2,9,5,5,7,20,8,20,10,17,,67,,1,21,,121.5206868,25.11406474
112,9,30,11,56,2,09北投區,北投區榮華三路與榮華三路42巷口,0,0,2,2,B03,8,6,5,30,4,1,1,5,4,5,13,4,4,9,4,5,2,15,1,51,3,10,7,1,7,9,1,8,1,4,,72,,1,21,,121.5206868,25.11406474
112,9,30,11,56,2,09北投區,北投區榮華三路與榮華三路42巷口,0,0,2,1,C03,8,6,5,30,4,1,1,5,4,5,13,4,4,9,4,5,2,15,1,42,2,1,5,1,7,9,1,8,1,11,,75,,1,21,,121.5206868,25.11406474
112,9,30,12,17,2,04大安區,大安區臥龍街185號,0,0,1,1,C03,8,6,5,40,14,9,1,5,4,5,13,4,4,4,4,5,1,12,2,64,2,9,6,1,7,8,1,10,1,14,,100,,1,21,,121.5517941,25.01792467
112,9,30,12,17,2,04大安區,大安區臥龍街185號,0,0,1,2,B03,8,6,5,40,14,9,1,5,4,5,13,4,4,4,4,5,1,12,1,69,3,10,7,1,7,9,1,10,1,5,,44,,1,21,,121.5517941,25.01792467
112,9,30,12,18,2,12內湖區,內湖區內湖路1段629巷42號,0,0,1,1,B03,8,7,5,50,14,9,1,5,4,5,13,4,4,9,5,5,2,12,2,47,3,10,7,1,7,1,1,8,1,8,,19,,1,21,,121.5755185,25.0815413
112,9,30,12,18,2,12內湖區,內湖區內湖路1段629巷42號,0,0,1,2,C03,8,7,5,50,14,9,1,5,4,5,13,4,4,9,5,5,2,12,1,66,2,9,5,1,7,9,1,10,1,12,,44,,1,21,,121.5755185,25.0815413
112,9,30,12,46,2,04大安區,大安區和平東路1段與麗水街口,0,0,2,1,C03,8,6,5,40,3,1,1,5,4,5,13,4,4,1,4,4,2,17,1,50,2,9,6,1,7,6,1,10,2,11,,9,,1,21,,121.5280081,25.02674028
112,9,30,12,46,2,04大安區,大安區和平東路1段與麗水街口,0,0,2,2,C03,8,6,5,40,3,1,1,5,4,5,13,4,4,1,4,4,2,17,1,51,2,7,6,1,7,9,1,9,2,11,,44,,1,21,,121.5280081,25.02674028
112,9,30,13,15,2,04大安區,大安區忠孝東路4段77巷與忠孝東路4段口,0,0,1,1,B03,8,6,5,50,4,1,1,5,4,5,13,1,1,3,4,5,1,16,1,48,3,10,7,1,7,1,1,8,1,1,,19,,1,21,,121.5471655,25.0416198
112,9,30,13,15,2,04大安區,大安區忠孝東路4段77巷與忠孝東路4段口,0,0,1,2,C03,8,6,5,50,4,1,1,5,4,5,13,1,1,3,4,5,1,16,1,47,2,9,5,1,7,9,1,10,1,14,,44,,1,21,,121.5471655,25.0416198
112,9,30,13,30,2,04大安區,大安區新生南路3段90號,0,0,1,2,C03,8,5,5,50,14,9,1,5,4,5,13,4,4,3,3,5,2,13,2,54,2,9,6,1,7,10,1,10,1,13,,100,,1,21,,121.5330081,25.0178186
112,9,30,13,30,2,04大安區,大安區新生南路3段90號,0,0,1,1,B03,8,5,5,50,14,9,1,5,4,5,13,4,4,3,3,5,2,13,1,52,3,10,7,1,7,9,1,14,1,1,,44,,1,21,,121.5330081,25.0178186
112,9,30,13,48,2,11南港區,南港區忠孝東路6段7號與永吉路口,0,0,1,2,B03,8,6,5,50,5,2,1,5,4,5,13,2,1,1,3,5,2,17,1,50,3,10,3,4,7,6,1,8,1,17,,9,,1,22,,121.5826385,25.0453627
112,9,30,13,48,2,11南港區,南港區忠孝東路6段7號與永吉路口,0,0,1,1,C03,8,6,5,50,5,2,1,5,4,5,13,2,1,1,3,5,2,17,2,30,2,7,6,4,7,9,1,10,1,17,,44,,1,22,,121.5826385,25.0453627
112,9,30,13,53,2,04大安區,大安區和平東路2段與和平東路2段18巷口,0,0,1,1,C03,8,5,5,50,3,2,1,5,4,5,13,4,4,10,5,5,2,13,1,26,2,9,3,4,7,9,1,10,1,11,,108,,1,21,,121.5358997,25.0257892
112,9,30,13,53,2,04大安區,大安區和平東路2段與和平東路2段18巷口,0,0,1,2,B03,8,5,5,50,3,2,1,5,4,5,13,4,4,10,5,5,2,13,1,38,3,10,3,4,7,6,1,8,1,3,,9,,1,21,,121.5358997,25.0257892
112,9,30,14,0,2,09北投區,北投區承德路7段與承德路7段280巷口,0,0,1,1,C03,8,7,5,60,3,2,1,5,4,5,13,4,4,1,4,5,2,13,1,68,3,10,5,1,7,9,1,10,2,11,,16,,1,22,,121.505617,25.11603255
112,9,30,14,0,2,09北投區,北投區承德路7段與承德路7段280巷口,0,0,1,2,C03,8,7,5,60,3,2,1,5,4,5,13,4,4,1,4,5,2,13,1,72,3,10,5,1,7,9,1,10,2,13,,44,,1,22,,121.505617,25.11603255
112,9,30,14,0,2,09北投區,北投區承德路7段與承德路7段280巷口,0,0,1,3,B03,8,7,5,60,3,2,1,5,4,5,13,4,4,1,4,5,2,13,1,47,3,10,7,1,7,6,1,8,2,17,,9,,1,22,,121.505617,25.11603255
112,9,30,14,0,2,09北投區,北投區承德路7段與承德路7段280巷口,0,0,1,4,H02,8,7,5,60,3,2,1,5,4,5,13,4,4,1,4,5,2,13,2,69,2,9,5,5,7,20,8,20,10,16,,67,,1,22,,121.505617,25.11603255
112,9,30,14,5,2,09北投區,北投區文林北路10號,0,0,1,1,B03,8,7,5,50,14,9,1,5,4,5,13,4,4,3,4,5,2,14,1,41,3,10,7,1,7,2,1,8,1,7,,44,,1,22,,121.5190416,25.10417955
112,9,30,14,5,2,09北投區,北投區文林北路10號,0,0,1,2,C03,8,7,5,50,14,9,1,5,4,5,13,4,4,3,4,5,2,14,2,39,2,9,6,1,7,9,1,10,1,12,,44,,1,22,,121.5190416,25.10417955
112,9,30,14,17,2,03中山區,中山區民權西路與中山北路2段口,0,0,5,3,C03,8,7,5,50,4,1,1,5,4,5,13,2,1,10,5,5,2,15,2,48,2,9,6,1,7,1,1,10,1,14,,44,,1,21,,121.5227456,25.06269985
112,9,30,14,17,2,03中山區,中山區民權西路與中山北路2段口,0,0,5,2,C03,8,7,5,50,4,1,1,5,4,5,13,2,1,10,5,5,2,15,1,24,2,9,6,1,7,1,1,10,1,14,,44,,1,21,,121.5227456,25.06269985
112,9,30,14,17,2,03中山區,中山區民權西路與中山北路2段口,0,0,5,4,C03,8,7,5,50,4,1,1,5,4,5,13,2,1,10,5,5,2,15,1,27,2,9,6,1,7,1,1,10,1,14,,44,,1,21,,121.5227456,25.06269985
112,9,30,14,17,2,03中山區,中山區民權西路與中山北路2段口,0,0,5,5,H02,8,7,5,50,4,1,1,5,4,5,13,2,1,10,5,5,2,15,2,27,2,9,6,5,7,20,8,20,10,16,,67,,1,21,,121.5227456,25.06269985
112,9,30,14,17,2,03中山區,中山區民權西路與中山北路2段口,0,0,5,1,C03,8,7,5,50,4,1,1,5,4,5,13,2,1,10,5,5,2,15,2,37,2,8,6,1,7,9,1,10,1,12,,81,,1,21,,121.5227456,25.06269985
112,9,30,14,30,2,06松山區,松山區民生東路5段8號,0,0,1,2,H02,8,6,5,50,14,9,1,5,4,5,13,4,4,3,4,5,2,9,2,73,2,3,3,5,7,20,8,20,10,16,,58,,1,21,,121.5556428,25.05824474
112,9,30,14,30,2,06松山區,松山區民生東路5段8號,0,0,1,1,A02,8,6,5,50,14,9,1,5,4,5,13,4,4,3,4,5,2,9,1,49,3,10,7,1,7,9,1,2,9,17,,42,,1,21,,121.5556428,25.05824474
112,9,30,14,50,2,10文山區,文山區指南路1段與集英街口,0,0,1,1,C03,8,6,5,50,14,9,1,5,4,5,13,4,4,9,4,5,2,16,1,59,2,9,6,1,7,7,1,10,2,11,12,42,,1,21,,121.5694173,24.98762646
112,9,30,14,50,2,10文山區,文山區指南路1段與集英街口,0,0,1,2,B03,8,6,5,50,14,9,1,5,4,5,13,4,4,9,4,5,2,16,2,71,3,10,7,1,7,9,1,8,2,4,,42,,1,21,,121.5694173,24.98762646
112,9,30,15,5,2,03中山區,中山區敬業四路與樂群三路口,0,0,1,1,B03,8,5,5,50,4,1,1,5,4,5,13,1,1,4,3,5,1,17,1,71,3,10,7,1,7,6,1,8,9,1,,44,,1,21,,121.5585127,25.0825686
112,9,30,15,5,2,03中山區,中山區敬業四路與樂群三路口,0,0,1,2,F01,8,5,5,50,4,1,1,5,4,5,13,1,1,4,3,5,1,17,1,14,2,7,4,1,7,9,8,20,1,12,,85,,1,21,,121.5585127,25.0825686
112,9,30,15,11,2,07信義區,信義區忠孝東路5段423巷與忠孝東路5段295巷2弄口口,0,0,1,2,B12,8,7,5,30,4,1,1,5,4,5,13,4,4,10,5,5,2,15,1,44,3,10,3,4,7,9,1,8,1,8,,108,,1,21,,121.5740627,25.0414283
112,9,30,15,11,2,07信義區,信義區忠孝東路5段423巷與忠孝東路5段295巷2弄口口,0,0,1,1,F01,8,7,5,30,4,1,1,5,4,5,13,4,4,10,5,5,2,15,2,30,2,9,4,4,7,9,8,20,1,11,,72,,1,21,,121.5740627,25.0414283
112,9,30,15,21,2,08士林區,士林區芝玉路2段與芝玉路2段20巷口,0,0,1,2,B03,8,6,5,30,4,2,1,5,4,5,13,4,4,10,5,5,2,17,2,60,3,10,7,1,7,9,1,8,1,8,,108,,1,21,,121.5346365,25.11103315
112,9,30,15,21,2,08士林區,士林區芝玉路2段與芝玉路2段20巷口,0,0,1,1,C03,8,6,5,30,4,2,1,5,4,5,13,4,4,10,5,5,2,17,1,77,2,9,5,1,7,9,1,10,1,12,,75,,1,21,,121.5346365,25.11103315
112,9,30,15,37,2,09北投區,北投區自強街61巷與自強街31巷口,0,0,1,2,C03,8,5,5,30,4,1,1,5,4,5,13,4,4,10,5,5,2,17,1,22,2,8,3,4,7,11,1,10,9,17,,14,,1,22,,121.5126603,25.1110908
112,9,30,15,37,2,09北投區,北投區自強街61巷與自強街31巷口,0,0,1,1,C03,8,5,5,30,4,1,1,5,4,5,13,4,4,10,5,5,2,17,2,35,3,10,5,1,7,9,1,10,9,17,,72,,2,21,,121.5126603,25.1110908
112,9,30,16,1,2,08士林區,士林區中山北路5段與文林路口,0,0,3,1,C03,8,5,5,50,3,1,1,5,4,5,13,1,1,1,5,5,1,12,2,23,2,9,5,1,7,11,1,10,1,14,,10,,1,21,,121.525694,25.0856412
112,9,30,16,1,2,08士林區,士林區中山北路5段與文林路口,0,0,3,2,C03,8,5,5,50,3,1,1,5,4,5,13,1,1,1,5,5,1,12,1,34,2,9,5,1,7,11,1,10,1,12,,44,,1,21,,121.525694,25.0856412
112,9,30,16,1,2,08士林區,士林區中山北路5段與文林路口,0,0,3,3,H02,8,5,5,50,3,1,1,5,4,5,13,1,1,1,5,5,1,12,2,21,2,9,5,5,7,20,8,20,10,16,,67,,1,21,,121.525694,25.0856412
112,9,30,16,7,2,05中正區,中正區羅斯福路1段與愛國東路口,0,0,1,1,B03,8,7,5,50,4,1,1,5,4,5,13,1,1,1,4,4,2,16,1,49,3,10,3,4,7,6,1,8,1,5,,9,,1,21,,121.5171303,25.0345233
112,9,30,16,7,2,05中正區,中正區羅斯福路1段與愛國東路口,0,0,1,2,C03,8,7,5,50,4,1,1,5,4,5,13,1,1,1,4,4,2,16,1,35,2,9,3,4,7,9,1,10,1,14,,13,,1,21,,121.5171303,25.0345233
112,9,30,16,53,2,02萬華區,萬華區西寧南路與漢口街2段口,0,0,2,1,C03,8,6,5,50,4,1,1,5,4,5,13,2,1,5,4,5,2,16,1,20,3,10,6,1,7,5,1,10,1,13,,8,,1,21,,121.5067915,25.0456756
112,9,30,16,53,2,02萬華區,萬華區西寧南路與漢口街2段口,0,0,2,2,C03,8,6,5,50,4,1,1,5,4,5,13,2,1,5,4,5,2,16,2,21,2,9,6,1,7,9,1,10,1,11,,44,,1,21,,121.5067915,25.0456756
112,9,30,16,53,2,02萬華區,萬華區西寧南路與漢口街2段口,0,0,2,3,H02,8,6,5,50,4,1,1,5,4,5,13,2,1,5,4,5,2,16,2,21,2,8,6,5,7,20,8,20,10,16,,67,,1,21,,121.5067915,25.0456756
112,9,30,16,57,2,05中正區,中正區八德路1段82巷10號,0,0,1,1,B03,8,5,5,30,14,9,1,5,4,5,13,4,4,7,5,5,1,1,1,63,3,10,7,1,7,9,1,8,2,4,,108,,1,21,,121.531935,25.04376653
112,9,30,16,57,2,05中正區,中正區八德路1段82巷10號,0,0,1,2,H01,8,5,5,30,14,9,1,5,4,5,13,4,4,7,5,5,1,1,2,27,2,7,4,5,8,16,8,20,10,16,,67,,1,21,,121.531935,25.04376653
112,9,30,16,58,2,03中山區,中山區松江路與松江路402巷口,0,0,1,3,B03,8,5,8,50,3,2,1,5,4,5,13,4,4,1,3,5,1,16,1,42,3,10,7,1,7,14,1,8,9,17,,38,,1,21,,121.5330624,25.0639425
112,9,30,16,58,2,03中山區,中山區松江路與松江路402巷口,0,0,1,2,C03,8,5,8,50,3,2,1,5,4,5,13,4,4,1,3,5,1,16,2,22,2,9,6,1,7,9,1,10,1,14,,44,,1,21,,121.5330624,25.0639425
112,9,30,16,58,2,03中山區,中山區松江路與松江路402巷口,0,0,1,1,B03,8,5,8,50,3,2,1,5,4,5,13,4,4,1,3,5,1,16,1,57,3,10,7,1,7,6,1,8,1,5,,9,,1,21,,121.5330624,25.0639425
112,9,30,17,0,2,03中山區,中山區民生東路2段與松江路口,0,0,1,1,B03,8,6,5,50,4,2,1,5,4,5,13,1,1,3,4,5,2,17,1,45,3,10,7,1,7,6,1,8,1,5,,9,,1,21,,121.5330589,25.05800331
112,9,30,17,0,2,03中山區,中山區民生東路2段與松江路口,0,0,1,2,F01,8,6,5,50,4,2,1,5,4,5,13,1,1,3,4,5,2,17,2,14,2,9,4,4,7,11,8,20,1,14,12,11,,1,21,,121.5330589,25.05800331
112,9,30,17,10,2,07信義區,信義區信義路5段11號,0,0,1,2,,8,6,8,0,14,23,1,5,4,5,13,4,4,10,5,5,2,18,3,0,,,,,,,,,10,,,67,,1,,,121.5655341,25.0332112
112,9,30,17,10,2,07信義區,信義區信義路5段11號,0,0,1,1,F01,8,6,8,0,14,23,1,5,4,5,13,4,4,10,5,5,2,18,1,23,2,9,4,4,7,9,8,20,9,15,,44,,1,21,,121.5655341,25.0332112
112,9,30,17,38,2,02萬華區,萬華區萬大路與長泰街口,0,0,3,3,H02,8,6,8,30,4,1,1,5,4,5,13,1,1,8,5,5,2,13,2,16,2,9,4,5,7,20,8,20,10,16,,67,,1,22,,121.4993645,25.02258208
112,9,30,17,38,2,02萬華區,萬華區萬大路與長泰街口,0,0,3,1,C03,8,6,8,30,4,1,1,5,4,5,13,1,1,8,5,5,2,13,1,16,2,9,6,1,7,9,2,18,1,11,,42,,1,22,,121.4993645,25.02258208
112,9,30,17,38,2,02萬華區,萬華區萬大路與長泰街口,0,0,3,2,C03,8,6,8,30,4,1,1,5,4,5,13,1,1,8,5,5,2,13,1,32,2,9,6,1,7,14,1,10,1,13,,44,,1,22,,121.4993645,25.02258208
112,9,30,18,0,2,03中山區,中山區明水路與樂群三路口,0,0,2,1,C03,7,5,5,50,4,1,1,5,4,5,13,1,1,5,4,5,2,17,1,44,3,10,6,1,7,5,1,10,1,13,,8,,1,21,,121.5511413,25.0827076
112,9,30,18,0,2,03中山區,中山區明水路與樂群三路口,0,0,2,2,C03,7,5,5,50,4,1,1,5,4,5,13,1,1,5,4,5,2,17,2,44,2,7,6,1,7,9,1,10,1,12,,108,,1,21,,121.5511413,25.0827076
112,9,30,18,0,2,03中山區,中山區明水路與樂群三路口,0,0,2,3,H02,7,5,5,50,4,1,1,5,4,5,13,1,1,5,4,5,2,17,2,47,2,8,6,5,7,20,8,20,10,16,,67,,1,21,,121.5511413,25.0827076
112,9,30,18,10,2,06松山區,松山區民生東路4段與光復北路口,0,0,2,2,A02,8,5,5,50,4,1,1,5,4,5,13,1,1,1,3,1,2,12,1,54,3,10,7,1,7,9,1,6,1,2,,44,,1,21,,121.5551678,25.05820106
112,9,30,18,10,2,06松山區,松山區民生東路4段與光復北路口,0,0,2,3,H02,8,5,5,50,4,1,1,5,4,5,13,1,1,1,3,1,2,12,1,13,2,9,5,5,7,17,8,20,10,16,,67,,1,15,,121.5551678,25.05820106
112,9,30,18,10,2,06松山區,松山區民生東路4段與光復北路口,0,0,2,1,C03,8,5,5,50,4,1,1,5,4,5,13,1,1,1,3,1,2,12,2,45,2,9,5,1,7,8,1,10,1,14,,100,,1,26,,121.5551678,25.05820106
112,9,30,18,53,2,09北投區,北投區承德路7段與公館路口,0,0,1,2,H01,8,5,5,60,14,7,1,5,4,5,13,4,4,9,2,3,1,3,1,54,2,1,4,5,8,16,8,20,10,16,,54,,1,21,,121.5054245,25.1158207
112,9,30,18,53,2,09北投區,北投區承德路7段與公館路口,0,0,1,1,B03,8,5,5,60,14,7,1,5,4,5,13,4,4,9,2,3,1,3,1,66,3,10,3,4,7,9,1,8,2,1,,108,,1,21,,121.5054245,25.1158207
112,9,30,19,12,2,08士林區,士林區中正路與重陽橋口,0,0,2,1,C03,7,5,5,50,14,9,1,5,4,5,13,4,4,3,4,5,2,17,1,65,4,11,5,4,7,15,1,10,11,15,,30,,2,22,,121.5071564,25.0863351
112,9,30,19,12,2,08士林區,士林區中正路與重陽橋口,0,0,2,2,C03,7,5,5,50,14,9,1,5,4,5,13,4,4,3,4,5,2,17,1,27,2,9,6,1,7,9,1,10,2,11,,44,,1,22,,121.5071564,25.0863351
112,9,30,19,12,2,08士林區,士林區中正路與重陽橋口,0,0,2,3,H02,7,5,5,50,14,9,1,5,4,5,13,4,4,3,4,5,2,17,2,26,2,9,5,5,7,17,8,20,10,17,,67,,1,22,,121.5071564,25.0863351
112,9,30,19,46,2,06松山區,松山區延吉街41號,0,0,1,2,C03,8,5,5,50,14,9,1,5,4,5,13,4,4,9,5,5,2,12,1,57,2,9,6,1,7,9,6,10,6,11,,107,,1,21,,121.5536416,25.04550322
112,9,30,19,46,2,06松山區,松山區延吉街41號,0,0,1,1,B01,8,5,5,50,14,9,1,5,4,5,13,4,4,9,5,5,2,12,1,34,3,10,7,1,7,8,1,4,2,8,,100,,1,21,,121.5536416,25.04550322
112,9,30,20,50,2,09北投區,北投區復興四路26號,0,0,1,1,B03,8,5,5,30,14,9,1,5,4,5,13,4,4,9,5,5,2,16,1,64,3,10,7,1,7,11,1,8,2,6,,10,,1,21,,121.5005058,25.1424661
112,9,30,20,50,2,09北投區,北投區復興四路26號,0,0,1,2,C03,8,5,5,30,14,9,1,5,4,5,13,4,4,9,5,5,2,16,1,30,2,9,5,1,7,9,1,10,2,11,,13,,1,21,,121.5005058,25.1424661
112,9,30,21,2,2,07信義區,信義區吳興街243號,0,0,1,1,C03,8,5,5,30,14,9,1,5,4,5,13,4,4,9,5,5,1,12,2,56,2,9,5,4,7,1,1,10,1,14,,19,,1,21,,121.5633729,25.0274638
112,9,30,21,2,2,07信義區,信義區吳興街243號,0,0,1,2,B03,8,5,5,30,14,9,1,5,4,5,13,4,4,9,5,5,1,12,1,22,3,10,3,4,7,9,1,8,1,2,,44,,1,21,,121.5633729,25.0274638
112,9,30,21,26,2,04大安區,大安區基隆路高架道北往南方向燈桿60號,0,0,1,1,C01,8,6,5,60,10,9,1,5,4,5,13,4,4,10,4,5,2,17,1,25,2,9,6,1,7,9,1,9,2,17,,13,,1,21,,121.5445734,25.01757896
112,9,30,21,26,2,04大安區,大安區基隆路高架道北往南方向燈桿60號,0,0,1,2,B03,8,6,5,60,10,9,1,5,4,5,13,4,4,10,4,5,2,17,1,40,3,10,7,1,7,8,1,8,2,17,,100,,1,21,,121.5445734,25.01757896
112,9,30,21,32,2,06松山區,松山區八德路4段與松信路口,0,0,1,1,B03,8,5,5,50,4,1,1,5,4,5,13,2,1,1,4,5,2,17,1,25,3,10,2,1,7,6,1,8,1,5,,9,,1,21,,121.5722591,25.04990326
112,9,30,21,32,2,06松山區,松山區八德路4段與松信路口,0,0,1,2,C03,8,5,5,50,4,1,1,5,4,5,13,2,1,1,4,5,2,17,2,52,2,7,6,1,7,9,1,10,1,14,,44,,1,21,,121.5722591,25.04990326
112,9,30,22,5,2,12內湖區,內湖區瑞光路583巷與洲子街口,0,0,1,2,C03,8,5,5,50,4,1,1,5,4,5,13,1,1,4,3,5,1,12,2,26,2,9,3,4,7,4,1,10,1,14,,44,,1,22,,121.5683153,25.08111442
112,9,30,22,5,2,12內湖區,內湖區瑞光路583巷與洲子街口,0,0,1,1,B03,8,5,5,50,4,1,1,5,4,5,13,1,1,4,3,5,1,12,1,39,3,10,3,4,7,6,1,8,1,2,,9,,1,22,,121.5683153,25.08111442
112,9,30,22,33,2,03中山區,中山區八德路2段與龍江路口,0,0,1,1,C03,7,5,5,50,3,2,1,5,4,5,13,2,1,5,4,5,2,17,1,26,2,9,3,4,7,5,1,10,2,14,,96,,1,21,,121.5405219,25.0467472
112,9,30,22,33,2,03中山區,中山區八德路2段與龍江路口,0,0,1,2,B01,7,5,5,50,3,2,1,5,4,5,13,2,1,5,4,5,2,17,1,69,3,10,3,4,7,9,1,4,2,5,,44,,1,21,,121.5405219,25.0467472
112,9,30,23,8,2,02萬華區,萬華區武成街56巷與萬大路486巷59弄口,0,0,1,2,C03,8,5,5,30,3,1,1,5,4,5,13,4,4,9,5,4,2,13,1,60,2,8,6,1,7,9,1,10,1,13,,44,,1,22,,121.495078,25.0193529
112,9,30,23,8,2,02萬華區,萬華區武成街56巷與萬大路486巷59弄口,0,0,1,1,C03,8,5,5,30,3,1,1,5,4,5,13,4,4,9,5,4,2,13,4,0,,,,,,,,,11,,,119,,2,,,121.495078,25.0193529
112,9,30,23,13,2,07信義區,信義區市民大道5段與東興路口,0,0,3,3,H02,8,5,5,50,5,2,1,5,4,5,13,2,1,5,5,5,2,12,1,56,2,9,5,5,7,20,8,20,10,16,,67,,1,21,,121.5659023,25.0481959
112,9,30,23,13,2,07信義區,信義區市民大道5段與東興路口,0,0,3,1,C03,8,5,5,50,5,2,1,5,4,5,13,2,1,5,5,5,2,12,2,56,2,9,5,1,7,15,3,18,2,12,,100,,1,21,,121.5659023,25.0481959
112,9,30,23,13,2,07信義區,信義區市民大道5段與東興路口,0,0,3,2,C03,8,5,5,50,5,2,1,5,4,5,13,2,1,5,5,5,2,12,1,33,2,9,5,1,7,9,1,10,2,11,,13,,1,21,,121.5659023,25.0481959
112,9,30,23,21,2,05中正區,中正區中華路2段與西藏路口,0,0,2,2,F03,8,5,5,30,4,1,1,5,4,5,13,1,1,1,4,5,2,17,1,62,2,9,6,1,7,5,8,20,2,11,,96,,1,21,,121.5041507,25.0301077
112,9,30,23,21,2,05中正區,中正區中華路2段與西藏路口,0,0,2,1,C03,8,5,5,30,4,1,1,5,4,5,13,1,1,1,4,5,2,17,1,21,2,9,5,1,7,9,1,10,2,11,,44,,1,21,,121.5041507,25.0301077
112,9,30,23,25,2,10文山區,文山區興隆路1段與興順街口,0,0,2,2,C03,8,5,5,50,3,1,1,5,4,5,13,2,1,1,4,5,2,16,1,29,2,9,6,1,7,9,1,10,2,11,,13,,1,21,,121.5432379,25.0006182
112,9,30,23,25,2,10文山區,文山區興隆路1段與興順街口,0,0,2,1,C03,8,5,5,50,3,1,1,5,4,5,13,2,1,1,4,5,2,16,2,56,2,9,6,1,7,5,1,10,2,12,,74,,1,21,,121.5432379,25.0006182
112,9,30,23,26,2,07信義區,信義區和平東路3段463巷與和平東路3段口口,0,0,2,1,C03,7,5,8,50,22,22,1,5,4,5,13,1,1,1,4,5,2,17,1,23,2,8,6,1,7,8,1,10,2,13,,100,,1,22,,121.5590979,25.0183643
112,9,30,23,26,2,07信義區,信義區和平東路3段463巷與和平東路3段口口,0,0,2,2,C03,7,5,8,50,22,22,1,5,4,5,13,1,1,1,4,5,2,17,1,26,2,9,6,1,7,9,1,10,2,11,,108,,1,22,,121.5590979,25.0183643
112,10,1,0,24,2,08士林區,士林區基河路與基河路188巷口,0,0,3,1,C03,8,5,5,50,3,2,1,5,4,5,13,4,4,4,4,5,2,17,2,24,2,9,6,1,7,9,1,10,1,12,,44,,1,21,,121.5223329,25.090327
112,10,1,0,24,2,08士林區,士林區基河路與基河路188巷口,0,0,3,2,C03,8,5,5,50,3,2,1,5,4,5,13,4,4,4,4,5,2,17,1,31,2,8,6,1,7,5,1,10,1,14,,8,,1,21,,121.5223329,25.090327
112,10,1,0,24,2,08士林區,士林區基河路與基河路188巷口,0,0,3,3,H02,8,5,5,50,3,2,1,5,4,5,13,4,4,4,4,5,2,17,2,27,2,8,6,5,7,20,8,20,10,16,,67,,1,21,,121.5223329,25.090327
112,10,1,4,16,2,10文山區,文山區萬福橋(萬福005燈桿),0,0,1,2,C03,8,5,5,50,14,9,1,5,4,5,13,4,4,5,2,5,2,13,1,19,2,9,5,4,7,9,1,10,1,13,,44,,1,21,,121.5841414,25.00238974
112,10,1,4,16,2,10文山區,文山區萬福橋(萬福005燈桿),0,0,1,1,C03,8,5,5,50,14,9,1,5,4,5,13,4,4,5,2,5,2,13,1,19,3,10,5,4,7,9,1,10,1,11,,16,,1,21,,121.5841414,25.00238974
112,10,1,4,23,2,04大安區,大安區基隆路2段與樂業街口,0,0,2,3,H02,8,5,5,50,4,2,1,5,4,5,13,2,1,2,4,5,2,35,1,35,2,2,7,5,7,20,8,20,10,16,,67,,1,21,,121.5501477,25.0223217
112,10,1,4,23,2,04大安區,大安區基隆路2段與樂業街口,0,0,2,1,B01,8,5,5,50,4,2,1,5,4,5,13,2,1,2,4,5,2,35,1,60,2,9,7,1,7,9,1,4,2,1,,108,,1,21,,121.5501477,25.0223217
112,10,1,4,23,2,04大安區,大安區基隆路2段與樂業街口,0,0,2,2,,8,5,5,50,4,2,1,5,4,5,13,2,1,2,4,5,2,35,3,0,,,,,,,,,9,,,67,,1,,,121.5501477,25.0223217
112,10,1,5,15,2,09北投區,北投區中和街與泉源路口,0,0,2,1,C03,7,5,5,50,5,1,1,5,4,5,13,1,1,5,4,5,1,11,1,59,2,9,5,1,7,9,1,10,1,11,,4,,1,21,,121.5037752,25.13729971
112,10,1,5,15,2,09北投區,北投區中和街與泉源路口,0,0,2,2,C03,7,5,5,50,5,1,1,5,4,5,13,1,1,5,4,5,1,11,1,36,2,9,5,1,7,1,1,9,1,13,,44,,1,21,,121.5037752,25.13729971
112,10,1,7,24,2,09北投區,北投區大度路2段與承德路7段401巷620弄口,0,0,2,1,C03,8,6,5,50,14,12,1,5,4,5,13,1,1,1,4,1,1,13,1,19,2,8,5,1,7,9,1,10,2,11,,108,,1,21,,121.4855757,25.1218322