發生年度,發生月,發生日,發生時-Hours,發生分,處理別-編號,區序,肇事地點,死亡人數,2-30日死亡人數,受傷人數,當事人序號,車種,天候,光線,道路類別,速限-速度限制,道路型態,事故位置,路面狀況1,路面狀況2,路面狀況3,道路障礙1,道路障礙2,號誌1,號誌2,車道劃分-分向,車道劃分-分道1,車道劃分-分道2,車道劃分-分道3,事故類型及型態,性別,年齡,受傷程度,主要傷處,保護裝置,行動電話,車輛用途,當事者行動狀態,駕駛資格情形,駕駛執照種類,飲酒情形,車輛撞擊部位1,車輛撞擊部位2,肇因碼-個別,肇因碼-主要,個人肇逃否,職業,旅次目的,座標-X,座標-Y
112,10,6,15,39,2,04大安區,大安區辛亥路3段21巷健康服務中心側門前,0,0,1,2,C03,8,6,5,30,14,9,1,5,4,5,13,4,4,10,5,5,2,17,2,33,2,8,6,1,7,9,1,10,1,11,,44,,1,21,,121.5445701,25.02168541
112,10,6,15,39,2,04大安區,大安區辛亥路3段21巷健康服務中心側門前,0,0,1,1,C03,8,6,5,30,14,9,1,5,4,5,13,4,4,10,5,5,2,17,1,58,3,10,6,1,7,1,1,10,1,11,,19,,1,21,,121.5445701,25.02168541
112,10,6,15,40,2,03中山區,中山區中山北路2段36巷與中山北路2段口,0,0,2,1,C03,8,7,5,30,3,2,1,5,4,5,13,4,4,1,4,5,2,13,1,26,2,7,6,1,7,6,1,10,1,14,,72,,1,21,,121.5225621,25.0543189
112,10,6,15,40,2,03中山區,中山區中山北路2段36巷與中山北路2段口,0,0,2,2,C03,8,7,5,30,3,2,1,5,4,5,13,4,4,1,4,5,2,13,1,18,2,8,6,1,7,9,1,10,1,11,,14,,1,21,,121.5225621,25.0543189
112,10,6,16,0,2,01大同區,大同區昌吉街46號,0,0,1,1,C03,8,6,5,50,14,9,1,5,4,5,13,4,4,8,3,5,2,12,1,61,3,10,6,1,7,11,1,10,1,14,,10,,1,21,,121.5167317,25.06604309
112,10,6,16,0,2,01大同區,大同區昌吉街46號,0,0,1,2,C03,8,6,5,50,14,9,1,5,4,5,13,4,4,8,3,5,2,12,1,46,2,9,6,1,7,9,1,10,1,11,,118,,1,21,,121.5167317,25.06604309
112,10,6,16,0,2,02萬華區,萬華區環河南路1段與峨眉街口,0,0,1,1,C03,8,5,5,30,3,2,1,5,4,5,13,4,4,9,5,5,2,17,2,21,3,10,5,1,7,6,1,10,1,11,,107,,1,21,,121.5016527,25.0447412
112,10,6,16,0,2,02萬華區,萬華區環河南路1段與峨眉街口,0,0,1,2,F02,8,5,5,30,3,2,1,5,4,5,13,4,4,9,5,5,2,17,2,64,2,8,4,1,7,1,8,20,1,13,,19,,1,21,,121.5016527,25.0447412
112,10,6,16,20,2,03中山區,中山區新生北路2段與錦州街口,0,0,1,2,C03,8,7,5,50,3,1,1,5,4,5,13,4,4,9,4,5,2,17,2,27,2,9,5,1,7,9,1,10,1,12,,44,,1,21,,121.5275413,25.06123341
112,10,6,16,20,2,03中山區,中山區新生北路2段與錦州街口,0,0,1,1,B03,8,7,5,50,3,1,1,5,4,5,13,4,4,9,4,5,2,17,1,32,3,10,7,1,7,8,1,8,1,4,,100,,1,21,,121.5275413,25.06123341
112,10,6,16,25,2,05中正區,中正區同安街與廈門街113巷口,0,0,1,2,B03,6,6,5,30,5,1,1,4,4,5,13,4,4,10,5,5,1,16,1,43,3,10,7,1,7,9,1,4,1,8,,14,,1,21,,121.5211077,25.0232565
112,10,6,16,25,2,05中正區,中正區同安街與廈門街113巷口,0,0,1,1,C03,6,6,5,30,5,1,1,4,4,5,13,4,4,10,5,5,1,16,1,73,2,9,6,1,7,5,1,11,1,12,,72,,1,21,,121.5211077,25.0232565
112,10,6,16,33,2,04大安區,大安區仁愛路4段與延吉街口,0,0,2,3,H02,7,7,5,50,4,2,1,5,4,5,13,2,1,1,4,1,1,17,2,32,2,1,3,5,7,20,8,20,10,16,,67,,1,21,,121.5555982,25.0375279
112,10,6,16,33,2,04大安區,大安區仁愛路4段與延吉街口,0,0,2,2,F01,7,7,5,50,4,2,1,5,4,5,13,2,1,1,4,1,1,17,1,13,2,9,4,4,7,6,8,20,2,14,,108,,1,21,,121.5555982,25.0375279
112,10,6,16,33,2,04大安區,大安區仁愛路4段與延吉街口,0,0,2,1,B01,7,7,5,50,4,2,1,5,4,5,13,2,1,1,4,1,1,17,1,43,3,10,3,4,7,5,1,4,2,5,,8,,1,21,,121.5555982,25.0375279
112,10,6,16,45,2,04大安區,大安區基隆路4段43號,0,0,1,1,C03,8,6,5,40,14,8,1,5,4,5,13,1,1,1,4,4,2,13,1,18,3,10,6,1,7,9,1,10,1,11,,16,,1,21,,121.5403902,25.0136923
112,10,6,16,45,2,04大安區,大安區基隆路4段43號,0,0,1,2,C03,8,6,5,40,14,8,1,5,4,5,13,1,1,1,4,4,2,13,2,45,2,8,6,1,7,9,1,10,1,13,,44,,1,21,,121.5403902,25.0136923
112,10,6,17,8,2,02萬華區,萬華區中華路1段與桂林路口,0,0,2,3,B03,7,7,5,50,14,9,1,5,4,5,13,4,4,1,4,1,2,12,1,37,3,10,2,1,7,9,1,8,1,1,,44,,1,21,,121.506803,25.0377999
112,10,6,17,8,2,02萬華區,萬華區中華路1段與桂林路口,0,0,2,1,C03,7,7,5,50,14,9,1,5,4,5,13,4,4,1,4,1,2,12,2,62,2,8,6,1,7,9,1,11,1,14,,44,,1,21,,121.506803,25.0377999
112,10,6,17,8,2,02萬華區,萬華區中華路1段與桂林路口,0,0,2,2,C03,7,7,5,50,14,9,1,5,4,5,13,4,4,1,4,1,2,12,1,57,2,5,6,1,7,6,1,10,1,12,,9,,1,21,,121.506803,25.0377999
112,10,6,17,10,2,03中山區,中山區市民大道3段169號,0,0,1,3,B03,8,7,5,40,14,9,1,5,4,5,13,4,4,1,4,5,2,13,1,43,3,10,7,1,7,8,1,8,9,17,,100,,1,21,,121.5405706,25.04471575
112,10,6,17,10,2,03中山區,中山區市民大道3段169號,0,0,1,1,C03,8,7,5,40,14,9,1,5,4,5,13,4,4,1,4,5,2,13,1,46,2,9,6,1,7,9,1,10,1,11,,16,,1,21,,121.5405706,25.04471575
112,10,6,17,10,2,03中山區,中山區市民大道3段169號,0,0,1,2,C03,8,7,5,40,14,9,1,5,4,5,13,4,4,1,4,5,2,13,1,33,3,10,6,1,7,12,1,10,1,13,,44,,1,21,,121.5405706,25.04471575
112,10,6,17,45,2,09北投區,北投區承德路7段與石牌路1段口,0,0,1,2,C03,7,5,5,60,4,1,1,5,4,5,13,1,1,1,4,1,1,17,1,20,2,9,5,1,7,9,1,10,1,11,,44,,1,21,,121.5090602,25.1124042
112,10,6,17,45,2,09北投區,北投區承德路7段與石牌路1段口,0,0,1,1,C03,7,5,5,60,4,1,1,5,4,5,13,1,1,1,4,1,1,17,2,33,3,10,5,1,7,8,1,10,1,13,,100,,1,21,,121.5090602,25.1124042
112,10,6,17,58,2,09北投區,北投區公館路63巷與公館路口口,0,0,1,1,C03,7,5,5,50,5,1,1,5,4,5,13,4,4,5,5,5,2,3,2,41,3,10,5,1,7,9,1,10,1,11,,70,,1,21,,121.5038372,25.1325253
112,10,6,17,58,2,09北投區,北投區公館路63巷與公館路口口,0,0,1,2,H01,7,5,5,50,5,1,1,5,4,5,13,4,4,5,5,5,2,3,2,72,2,9,4,5,8,16,8,20,10,16,,67,,1,21,,121.5038372,25.1325253
112,10,6,18,0,2,10文山區,文山區木柵路4段與木柵路4段159巷口口,0,0,1,1,B03,8,5,5,50,3,1,1,5,4,5,13,2,1,4,4,5,1,17,1,49,3,10,3,4,7,6,1,8,1,2,,9,,1,21,,121.5756976,24.9998282
112,10,6,18,0,2,10文山區,文山區木柵路4段與木柵路4段159巷口口,0,0,1,2,C03,8,5,5,50,3,1,1,5,4,5,13,2,1,4,4,5,1,17,1,25,2,8,6,1,7,9,1,10,1,14,,108,,1,21,,121.5756976,24.9998282
112,10,6,18,4,2,04大安區,大安區辛亥路3段與辛亥路3段157巷口口,0,0,1,1,C03,7,5,5,50,4,1,1,5,4,5,13,2,1,5,4,5,2,16,2,54,2,7,3,4,7,5,1,10,1,14,,8,,1,22,,121.5495366,25.0174961
112,10,6,18,4,2,04大安區,大安區辛亥路3段與辛亥路3段157巷口口,0,0,1,2,B01,7,5,5,50,4,1,1,5,4,5,13,2,1,5,4,5,2,16,1,63,3,10,3,4,7,9,1,4,1,5,,44,,1,22,,121.5495366,25.0174961
112,10,6,18,4,2,11南港區,南港區三重路與重陽路口南湖大橋下方,0,0,1,2,C03,6,6,5,50,3,2,1,4,4,5,13,3,1,4,4,5,2,12,1,23,2,8,3,4,7,9,1,10,2,12,,44,,1,22,,121.6129562,25.0619747
112,10,6,18,4,2,11南港區,南港區三重路與重陽路口南湖大橋下方,0,0,1,1,B03,6,6,5,50,3,2,1,4,4,5,13,3,1,4,4,5,2,12,2,46,3,10,3,4,7,10,1,8,2,8,,100,,1,22,,121.6129562,25.0619747
112,10,6,18,7,2,05中正區,中正區中山北路1段與北平東路口,0,0,1,1,B03,8,5,6,50,4,2,1,5,4,5,13,1,1,5,4,1,1,13,1,73,3,10,7,1,7,9,1,8,1,1,,107,,1,21,,121.5203448,25.0469377
112,10,6,18,7,2,05中正區,中正區中山北路1段與北平東路口,0,0,1,2,C03,8,5,6,50,4,2,1,5,4,5,13,1,1,5,4,1,1,13,2,28,2,9,5,1,7,14,1,10,1,13,,44,,1,21,,121.5203448,25.0469377
112,10,6,18,19,2,03中山區,中山區自強隧道(外)北安路圓環南側,0,0,1,2,B03,7,5,5,50,18,9,1,5,4,5,13,1,1,1,3,4,1,12,2,43,3,10,3,4,7,9,1,8,2,4,,44,,1,21,,121.5503232,25.08523104
112,10,6,18,19,2,03中山區,中山區自強隧道(外)北安路圓環南側,0,0,1,1,C03,7,5,5,50,18,9,1,5,4,5,13,1,1,1,3,4,1,12,2,18,2,9,6,4,7,8,1,10,2,12,,100,,1,25,,121.5503232,25.08523104
112,10,6,18,28,2,01大同區,大同區承德路3段與酒泉街口,0,0,1,1,C03,8,5,5,50,4,1,1,5,4,5,13,2,1,1,2,1,2,16,1,19,2,9,5,1,7,9,1,10,1,11,,81,,1,21,,121.5185334,25.07060301
112,10,6,18,28,2,01大同區,大同區承德路3段與酒泉街口,0,0,1,2,B03,8,5,5,50,4,1,1,5,4,5,13,2,1,1,2,1,2,16,1,59,3,10,7,1,7,6,1,8,1,1,,44,,1,21,,121.5185334,25.07060301
112,10,6,18,53,2,01大同區,大同區大稻埕堤外便道五號水門停車場旁,0,0,3,3,H02,6,5,5,40,14,9,1,4,4,5,13,4,4,10,5,5,1,17,2,20,2,9,6,5,7,20,8,20,10,16,,67,,1,22,,121.5078788,25.05620752
112,10,6,18,53,2,01大同區,大同區大稻埕堤外便道五號水門停車場旁,0,0,3,1,C03,6,5,5,40,14,9,1,4,4,5,13,4,4,10,5,5,1,17,1,23,2,9,6,4,7,9,1,10,1,11,,107,,1,22,,121.5078788,25.05620752
112,10,6,18,53,2,01大同區,大同區大稻埕堤外便道五號水門停車場旁,0,0,3,2,C03,6,5,5,40,14,9,1,4,4,5,13,4,4,10,5,5,1,17,1,21,2,9,6,4,7,6,1,10,1,13,,44,,1,22,,121.5078788,25.05620752
112,10,6,19,18,2,12內湖區,內湖區內湖路1段372號,0,0,1,2,C03,6,5,5,50,14,7,1,4,4,5,13,4,4,1,4,4,2,17,1,31,2,5,5,1,7,12,1,10,1,14,,42,,1,21,,121.5721144,25.08103707
112,10,6,19,18,2,12內湖區,內湖區內湖路1段372號,0,0,1,1,C03,6,5,5,50,14,7,1,4,4,5,13,4,4,1,4,4,2,17,1,59,3,10,5,1,7,8,1,10,1,17,,100,,1,21,,121.5721144,25.08103707
112,10,6,19,23,2,12內湖區,內湖區潭美街852號旁,0,0,2,1,C03,6,5,5,0,14,9,1,4,4,5,13,4,4,5,5,5,2,13,1,50,2,9,6,1,7,12,1,10,2,11,,16,,1,21,,121.6082642,25.06295928
112,10,6,19,23,2,12內湖區,內湖區潭美街852號旁,0,0,2,2,C03,6,5,5,0,14,9,1,4,4,5,13,4,4,5,5,5,2,13,1,28,3,10,6,1,7,9,1,10,2,13,,118,,1,21,,121.6082642,25.06295928
112,10,6,19,23,2,12內湖區,內湖區潭美街852號旁,0,0,2,3,C03,6,5,5,0,14,9,1,4,4,5,13,4,4,5,5,5,2,13,1,65,2,9,6,1,7,12,1,10,2,11,,16,,1,21,,121.6082642,25.06295928
112,10,6,19,23,2,12內湖區,內湖區潭美街852號旁,0,0,2,4,C03,6,5,5,0,14,9,1,4,4,5,13,4,4,5,5,5,2,13,1,43,3,10,6,1,7,6,1,10,2,17,,44,,1,21,,121.6082642,25.06295928
112,10,6,20,3,2,12內湖區,內湖區民權東路6段280巷與民權東路6段口,0,0,1,1,B03,6,6,5,50,3,1,1,4,4,5,13,4,4,9,4,4,2,17,1,34,3,10,7,1,7,6,1,8,1,17,,9,,1,21,,121.6049456,25.0721445
112,10,6,20,3,2,12內湖區,內湖區民權東路6段280巷與民權東路6段口,0,0,1,2,C03,6,6,5,50,3,1,1,4,4,5,13,4,4,9,4,4,2,17,1,22,2,7,6,1,7,9,1,10,1,12,,13,,1,21,,121.6049456,25.0721445
112,10,6,20,14,2,05中正區,中正區市民大道2段與天津街口,0,0,1,2,H01,7,5,5,40,4,2,1,5,4,5,13,1,1,1,4,1,2,3,2,30,2,9,4,5,8,16,8,20,10,16,,67,,1,21,,121.522436,25.04780259
112,10,6,20,14,2,05中正區,中正區市民大道2段與天津街口,0,0,1,1,B01,7,5,5,40,4,2,1,5,4,5,13,1,1,1,4,1,2,3,1,62,3,10,7,1,7,5,1,4,2,8,,70,,1,21,,121.522436,25.04780259
112,10,6,21,0,2,10文山區,文山區政大一街與政大二街口口,0,0,1,1,C03,6,5,5,30,3,2,1,4,4,5,13,4,4,9,4,5,1,17,1,20,2,9,6,1,7,5,1,10,1,11,,72,,1,21,,121.5844571,24.9860041
112,10,6,21,0,2,10文山區,文山區政大一街與政大二街口口,0,0,1,2,B03,6,5,5,30,3,2,1,4,4,5,13,4,4,9,4,5,1,17,2,57,3,10,7,1,7,5,1,8,1,8,,14,,1,21,,121.5844571,24.9860041
112,10,6,21,18,2,03中山區,中山區市民大道3段與松江路口,0,0,2,1,C03,6,5,5,40,14,8,1,4,4,5,13,4,4,1,4,5,2,13,1,19,2,9,6,1,7,9,1,10,1,11,14,13,,1,21,,121.5323608,25.04570369
112,10,6,21,18,2,03中山區,中山區市民大道3段與松江路口,0,0,2,2,C03,6,5,5,40,14,8,1,4,4,5,13,4,4,1,4,5,2,13,1,27,2,8,6,1,7,9,1,10,1,13,12,44,,1,21,,121.5323608,25.04570369
112,10,6,21,45,2,10文山區,文山區景華街與景華街128巷口,0,0,1,1,C03,6,5,5,30,3,2,1,4,4,5,13,3,1,10,5,5,2,13,2,37,3,10,6,1,7,9,1,10,1,11,,16,,1,21,,121.5470916,24.9959243
112,10,6,21,45,2,10文山區,文山區景華街與景華街128巷口,0,0,1,2,C03,6,5,5,30,3,2,1,4,4,5,13,3,1,10,5,5,2,13,1,29,2,8,6,1,7,9,1,10,1,13,,44,,1,21,,121.5470916,24.9959243
112,10,6,22,1,2,04大安區,大安區辛亥路2段與和平東路2段76巷口,0,0,1,1,B03,6,5,5,50,3,1,1,4,4,5,13,4,4,9,4,5,1,16,1,38,3,10,7,1,7,6,1,8,11,17,,74,,2,22,,121.5385776,25.0220389
112,10,6,22,1,2,04大安區,大安區辛亥路2段與和平東路2段76巷口,0,0,1,2,C03,6,5,5,50,3,1,1,4,4,5,13,4,4,9,4,5,1,16,1,19,2,7,6,1,7,9,1,9,1,17,,42,,1,21,,121.5385776,25.0220389
112,10,6,22,28,2,05中正區,中正區愛國西路與公園路口口,0,0,1,1,B01,7,5,5,50,4,2,1,5,4,5,13,1,1,1,4,5,2,17,1,60,3,10,3,4,7,7,1,4,1,17,,101,,1,26,,121.5149741,25.0347431
112,10,6,22,28,2,05中正區,中正區愛國西路與公園路口口,0,0,1,2,C03,7,5,5,50,4,2,1,5,4,5,13,1,1,1,4,5,2,17,2,24,2,8,6,1,7,12,1,10,1,17,,44,,1,25,,121.5149741,25.0347431
112,10,6,22,28,2,05中正區,中正區愛國西路與公園路口口,0,0,1,3,B03,7,5,5,50,4,2,1,5,4,5,13,1,1,1,4,5,2,17,1,38,3,10,3,4,7,8,1,8,9,17,,100,,1,21,,121.5149741,25.0347431
112,10,6,23,10,2,03中山區,中山區錦州街319號,0,0,3,3,B03,8,5,5,50,14,9,1,5,4,5,13,4,4,9,4,5,2,17,2,37,3,10,7,1,7,13,1,8,11,3,,44,,1,21,,121.5385675,25.06025136
112,10,6,23,10,2,03中山區,中山區錦州街319號,0,0,3,1,B03,8,5,5,50,14,9,1,5,4,5,13,4,4,9,4,5,2,17,2,42,2,1,7,1,7,9,1,8,8,5,,21,,1,21,,121.5385675,25.06025136
112,10,6,23,10,2,03中山區,中山區錦州街319號,0,0,3,2,B03,8,5,5,50,14,9,1,5,4,5,13,4,4,9,4,5,2,17,1,31,2,1,7,1,7,14,1,8,2,7,,44,,1,21,,121.5385675,25.06025136
112,10,6,23,10,2,03中山區,中山區錦州街319號,0,0,3,4,H02,8,5,5,50,14,9,1,5,4,5,13,4,4,9,4,5,2,17,2,31,2,1,7,5,7,20,8,20,10,16,,67,,1,21,,121.5385675,25.06025136
112,10,6,23,23,2,04大安區,大安區市民大道3段與建國南路1段口,0,0,1,1,C03,8,5,5,50,4,1,1,5,4,5,13,1,1,10,5,5,2,16,1,19,2,9,5,1,7,6,1,10,9,14,,17,,1,21,,121.536883,25.044741
112,10,6,23,23,2,04大安區,大安區市民大道3段與建國南路1段口,0,0,1,2,B03,8,5,5,50,4,1,1,5,4,5,13,1,1,10,5,5,2,16,4,0,,,,,,,,,,,,119,,2,,,121.536883,25.044741
112,10,7,1,0,2,03中山區,中山區南京東路1段與林森北路口,0,0,1,1,F01,8,5,5,0,4,1,1,5,4,5,13,1,1,1,3,5,1,9,2,69,3,10,4,1,7,15,8,20,2,17,,44,,1,21,,121.5255104,25.0523013
112,10,7,1,0,2,03中山區,中山區南京東路1段與林森北路口,0,0,1,2,H01,8,5,5,0,4,1,1,5,4,5,13,1,1,1,3,5,1,9,2,36,2,8,4,5,8,20,8,20,10,16,,67,,1,21,,121.5255104,25.0523013
112,10,7,1,30,2,10文山區,文山區和平東路4段97號口,0,0,1,2,C03,8,5,5,40,14,9,2,5,4,5,13,1,1,10,5,5,2,17,1,29,2,9,5,4,7,9,1,10,1,12,,13,,1,21,,121.5677613,25.00509707
112,10,7,1,30,2,10文山區,文山區和平東路4段97號口,0,0,1,1,B03,8,5,5,40,14,9,2,5,4,5,13,1,1,10,5,5,2,17,1,43,3,10,3,4,7,1,1,8,1,8,,19,,1,21,,121.5677613,25.00509707
112,10,7,2,20,2,03中山區,中山區民權西路63號,0,0,1,1,C03,7,5,5,50,14,8,1,5,4,5,13,4,4,3,4,4,2,17,1,35,2,9,6,1,7,9,1,10,1,11,,108,,1,21,,121.5201466,25.06291163
112,10,7,2,20,2,03中山區,中山區民權西路63號,0,0,1,2,B12,7,5,5,50,14,8,1,5,4,5,13,4,4,3,4,4,2,17,1,29,3,10,7,1,7,13,1,8,1,7,,38,,1,21,,121.5201466,25.06291163
112,10,7,5,54,2,04大安區,大安區仁愛路3段與新生南路1段口,0,0,1,1,C03,7,6,5,50,4,2,1,5,4,5,13,2,1,1,4,5,1,13,1,63,2,8,5,1,7,9,1,10,1,12,,16,,1,21,,121.532934,25.0379096
112,10,7,5,54,2,04大安區,大安區仁愛路3段與新生南路1段口,0,0,1,2,B03,7,6,5,50,4,2,1,5,4,5,13,2,1,1,4,5,1,13,1,30,3,10,3,4,7,12,1,8,1,3,,44,,1,21,,121.532934,25.0379096
112,10,7,6,42,2,02萬華區,萬華區富民路37號,0,0,1,1,C03,8,7,5,50,14,9,1,5,4,5,13,4,4,5,4,5,2,9,1,66,3,10,5,1,7,9,1,10,1,14,,4,,1,21,,121.4977556,25.01919697
112,10,7,6,42,2,02萬華區,萬華區富民路37號,0,0,1,2,H01,8,7,5,50,14,9,1,5,4,5,13,4,4,5,4,5,2,9,2,83,2,8,4,5,8,16,8,20,10,16,,53,,1,21,,121.4977556,25.01919697
112,10,7,6,56,2,08士林區,士林區士商路與基河路396巷口,0,0,1,1,A05,8,6,5,50,3,2,1,5,4,5,13,1,1,9,4,5,2,3,1,59,3,10,7,1,7,6,1,2,2,1,,70,,1,21,,121.5167347,25.09483546
112,10,7,6,56,2,08士林區,士林區士商路與基河路396巷口,0,0,1,2,H01,8,6,5,50,3,2,1,5,4,5,13,1,1,9,4,5,2,3,2,60,2,1,4,5,8,16,8,20,10,16,,67,,1,21,,121.5167347,25.09483546
112,10,7,8,0,2,08士林區,士林區中正路與雨農路口,0,0,4,3,H02,7,6,5,50,4,2,1,5,4,5,13,1,1,7,5,5,2,13,1,56,2,2,7,5,7,21,8,20,10,16,,67,,1,22,,121.5320494,25.0965267
112,10,7,8,0,2,08士林區,士林區中正路與雨農路口,0,0,4,4,H02,7,6,5,50,4,2,1,5,4,5,13,1,1,7,5,5,2,13,2,16,2,2,7,5,7,21,8,20,10,16,,67,,1,22,,121.5320494,25.0965267
112,10,7,8,0,2,08士林區,士林區中正路與雨農路口,0,0,4,2,B03,7,6,5,50,4,2,1,5,4,5,13,1,1,7,5,5,2,13,2,54,2,2,7,1,7,15,1,8,2,3,,44,,1,22,,121.5320494,25.0965267
112,10,7,8,0,2,08士林區,士林區中正路與雨農路口,0,0,4,1,B03,7,6,5,50,4,2,1,5,4,5,13,1,1,7,5,5,2,13,1,63,3,10,7,1,7,9,1,8,2,1,,107,,1,22,,121.5320494,25.0965267
112,10,7,8,0,2,08士林區,士林區中正路與雨農路口,0,0,4,5,H02,7,6,5,50,4,2,1,5,4,5,13,1,1,7,5,5,2,13,2,16,2,2,2,5,7,21,8,20,10,16,,58,,1,22,,121.5320494,25.0965267
112,10,7,9,50,2,11南港區,南港區福德街與福德街339巷口,0,0,1,1,F01,8,6,5,50,3,1,1,5,4,5,13,4,4,5,5,5,2,17,2,75,3,10,4,4,7,1,8,20,1,12,,19,,1,22,,121.5885343,25.0395619
112,10,7,9,50,2,11南港區,南港區福德街與福德街339巷口,0,0,1,2,C03,8,6,5,50,3,1,1,5,4,5,13,4,4,5,5,5,2,17,1,50,2,7,5,4,7,9,1,10,1,12,,14,,1,22,,121.5885343,25.0395619
112,10,7,11,9,2,03中山區,中山區北安路美僑俱樂部,0,0,2,1,B03,8,7,5,50,14,9,1,5,4,5,13,4,4,1,4,5,2,17,1,48,3,10,7,1,7,8,1,8,1,7,,44,,1,22,,121.528197,25.07733357
112,10,7,11,9,2,03中山區,中山區北安路美僑俱樂部,0,0,2,2,C03,8,7,5,50,14,9,1,5,4,5,13,4,4,1,4,5,2,17,1,26,2,9,5,1,7,9,1,10,1,11,,107,,1,22,,121.528197,25.07733357
112,10,7,11,9,2,03中山區,中山區北安路美僑俱樂部,0,0,2,3,H02,8,7,5,50,14,9,1,5,4,5,13,4,4,1,4,5,2,17,2,26,2,9,5,5,7,20,8,20,10,16,,67,,1,22,,121.528197,25.07733357
112,10,7,11,9,2,12內湖區,內湖區內湖路3段60巷8號前,0,0,1,2,H01,8,6,5,0,14,20,1,5,4,5,13,4,4,10,5,5,2,9,1,3,2,1,4,5,8,18,8,20,10,16,,67,,1,21,,121.5922111,25.08665785
112,10,7,11,9,2,12內湖區,內湖區內湖路3段60巷8號前,0,0,1,1,B03,8,6,5,0,14,20,1,5,4,5,13,4,4,10,5,5,2,9,1,35,3,10,7,1,7,2,1,8,2,3,,12,,1,21,,121.5922111,25.08665785
112,10,7,11,25,2,04大安區,大安區敦化南路2段39號,0,0,1,1,C03,7,7,5,50,14,9,1,5,4,5,13,4,4,1,3,5,2,17,1,19,2,9,6,1,7,15,1,10,1,11,,100,,1,21,,121.5490277,25.03193256
112,10,7,11,25,2,04大安區,大安區敦化南路2段39號,0,0,1,2,B01,7,7,5,50,14,9,1,5,4,5,13,4,4,1,3,5,2,17,1,58,3,10,7,1,7,9,1,4,1,7,,44,,1,21,,121.5490277,25.03193256
112,10,7,11,28,2,11南港區,南港區南港路1段156號,0,0,2,1,C03,6,6,5,50,14,9,1,4,4,5,12,4,4,5,5,5,2,17,1,33,2,9,2,4,7,9,1,10,2,15,,44,,1,22,,121.613465,25.056454
112,10,7,11,28,2,11南港區,南港區南港路1段156號,0,0,2,2,C03,6,6,5,50,14,9,1,4,4,5,12,4,4,5,5,5,2,17,1,63,3,10,3,4,7,10,1,10,2,15,,100,,1,22,,121.613465,25.056454
112,10,7,11,28,2,11南港區,南港區南港路1段156號,0,0,2,3,H02,6,6,5,50,14,9,1,4,4,5,12,4,4,5,5,5,2,17,2,27,2,9,4,5,8,21,8,20,10,16,,67,,1,21,,121.613465,25.056454
112,10,7,11,30,2,08士林區,士林區重慶北路4段53號,0,0,1,1,B02,8,5,8,50,22,22,1,5,4,5,13,2,1,1,5,4,1,17,1,35,3,10,7,1,7,9,1,15,1,1,,81,,1,21,,121.5129942,25.08105948
112,10,7,11,30,2,08士林區,士林區重慶北路4段53號,0,0,1,2,C03,8,5,8,50,22,22,1,5,4,5,13,2,1,1,5,4,1,17,2,67,2,9,5,1,7,9,1,10,1,14,,44,,1,21,,121.5129942,25.08105948
112,10,7,11,32,2,04大安區,大安區復興南路2段346號,0,0,1,1,C03,8,6,5,50,14,9,1,5,4,5,13,4,4,1,4,5,2,16,2,27,2,9,5,1,7,8,1,10,1,14,,100,,1,21,,121.5433511,25.0222132
112,10,7,11,32,2,04大安區,大安區復興南路2段346號,0,0,1,2,B03,8,6,5,50,14,9,1,5,4,5,13,4,4,1,4,5,2,16,1,70,3,10,7,1,7,9,1,8,1,2,,44,,1,21,,121.5433511,25.0222132
112,10,7,12,1,2,02萬華區,萬華區大理街160巷與大理街160巷22弄口口,0,0,1,1,C03,8,5,5,30,5,1,1,5,4,5,13,4,4,10,5,5,2,16,2,22,2,8,5,4,7,5,1,10,1,11,,72,,1,21,,121.4932147,25.0331064
112,10,7,12,1,2,02萬華區,萬華區大理街160巷與大理街160巷22弄口口,0,0,1,2,B03,8,5,5,30,5,1,1,5,4,5,13,4,4,10,5,5,2,16,1,27,3,10,7,4,7,9,1,8,1,4,,14,,1,21,,121.4932147,25.0331064
112,10,7,12,13,2,01大同區,大同區民權西路與迪化街2段口,0,0,1,2,B03,8,6,8,30,4,1,1,5,4,5,13,4,4,1,5,5,2,15,1,50,3,10,7,1,7,9,1,8,1,1,,14,,1,21,,121.5094198,25.0633664
112,10,7,12,13,2,01大同區,大同區民權西路與迪化街2段口,0,0,1,1,F01,8,6,8,30,4,1,1,5,4,5,13,4,4,1,5,5,2,15,1,65,2,8,4,1,7,9,8,20,1,11,,72,,1,21,,121.5094198,25.0633664
112,10,7,12,20,2,12內湖區,內湖區康寧路3段99巷45號,0,0,2,5,C03,6,7,5,30,14,9,1,4,4,5,13,4,4,10,5,5,1,12,3,29,,,,,,,,,10,,,67,,1,,,121.6108008,25.0730844
112,10,7,12,20,2,12內湖區,內湖區康寧路3段99巷45號,0,0,2,2,C03,6,7,5,30,14,9,1,4,4,5,13,4,4,10,5,5,1,12,2,46,2,9,3,4,7,9,1,10,1,12,,13,,1,22,,121.6108008,25.0730844
112,10,7,12,20,2,12內湖區,內湖區康寧路3段99巷45號,0,0,2,1,C03,6,7,5,30,14,9,1,4,4,5,13,4,4,10,5,5,1,12,2,18,2,7,3,4,7,7,1,10,1,15,,100,,1,22,,121.6108008,25.0730844