發生年度,發生月,發生日,發生時-Hours,發生分,處理別-編號,區序,肇事地點,死亡人數,2-30日死亡人數,受傷人數,當事人序號,車種,天候,光線,道路類別,速限-速度限制,道路型態,事故位置,路面狀況1,路面狀況2,路面狀況3,道路障礙1,道路障礙2,號誌1,號誌2,車道劃分-分向,車道劃分-分道1,車道劃分-分道2,車道劃分-分道3,事故類型及型態,性別,年齡,受傷程度,主要傷處,保護裝置,行動電話,車輛用途,當事者行動狀態,駕駛資格情形,駕駛執照種類,飲酒情形,車輛撞擊部位1,車輛撞擊部位2,肇因碼-個別,肇因碼-主要,個人肇逃否,職業,旅次目的,座標-X,座標-Y
112,10,8,11,54,2,04大安區,大安區羅斯福路4段(捷運公館3號出口),0,0,3,1,C03,8,5,5,50,14,9,1,5,4,5,13,4,4,8,3,5,1,13,1,25,2,9,6,1,7,9,1,10,1,11,,107,,1,21,,121.5340076,25.0152179
112,10,8,11,54,2,04大安區,大安區信義路3段與建國南路2段口,0,0,1,1,B03,7,6,5,50,4,1,1,5,4,5,13,2,1,1,4,5,2,13,2,36,4,11,3,4,7,6,7,19,9,7,,9,,2,22,,121.5380945,25.0333656
112,10,8,11,54,2,04大安區,大安區信義路3段與建國南路2段口,0,0,1,2,C03,7,6,5,50,4,1,1,5,4,5,13,2,1,1,4,5,2,13,1,41,2,9,5,4,7,9,1,10,1,11,,108,,1,27,,121.5380945,25.0333656
112,10,8,12,2,2,01大同區,大同區承德路3段273號,0,0,2,3,H02,8,6,5,50,14,9,1,5,4,5,13,4,4,8,3,5,1,13,2,58,2,9,6,5,7,20,8,20,10,16,,67,,1,21,,121.5194113,25.07338294
112,10,8,12,2,2,01大同區,大同區承德路3段273號,0,0,2,1,B03,8,6,5,50,14,9,1,5,4,5,13,4,4,8,3,5,1,13,1,35,3,10,3,1,7,9,6,8,2,5,,16,,1,22,,121.5194113,25.07338294
112,10,8,12,2,2,01大同區,大同區承德路3段273號,0,0,2,2,C03,8,6,5,50,14,9,1,5,4,5,13,4,4,8,3,5,1,13,2,57,2,9,6,1,7,9,1,10,2,14,,44,,1,22,,121.5194113,25.07338294
112,10,8,12,3,2,04大安區,大安區光復南路180巷39號,0,0,1,1,B03,8,6,5,30,14,9,1,5,4,5,13,4,4,1,5,5,2,1,1,46,3,10,7,1,7,9,1,8,11,2,,107,,2,21,,121.5557374,25.0423232
112,10,8,12,3,2,04大安區,大安區光復南路180巷39號,0,0,1,2,H01,8,6,5,30,14,9,1,5,4,5,13,4,4,1,5,5,2,1,1,30,2,9,4,5,8,16,8,20,10,16,,67,,1,21,,121.5557374,25.0423232
112,10,8,12,20,2,08士林區,士林區美崙街118號,0,0,1,2,B03,8,5,8,30,22,22,1,5,4,5,13,4,4,4,5,5,1,17,1,27,3,10,2,1,7,9,1,8,1,1,,44,,1,21,,121.5193519,25.09686898
112,10,8,12,20,2,08士林區,士林區美崙街118號,0,0,1,3,H02,8,5,8,30,22,22,1,5,4,5,13,4,4,4,5,5,1,17,2,44,2,9,5,5,7,20,8,20,10,16,,67,,1,21,,121.5193519,25.09686898
112,10,8,12,20,2,08士林區,士林區美崙街118號,0,0,1,1,C03,8,5,8,30,22,22,1,5,4,5,13,4,4,4,5,5,1,17,1,44,3,10,5,1,7,6,1,10,1,17,,72,,1,21,,121.5193519,25.09686898
112,10,8,12,51,2,11南港區,南港區八德路4段與玉成街口,0,0,1,1,C03,8,6,5,50,4,1,1,5,4,5,13,2,1,5,5,5,2,16,1,31,2,7,5,1,7,5,1,10,1,12,,8,,1,22,,121.5815833,25.0511138
112,10,8,12,51,2,11南港區,南港區八德路4段與玉成街口,0,0,1,2,A02,8,6,5,50,4,1,1,5,4,5,13,2,1,5,5,5,2,16,1,45,3,10,3,4,7,9,1,6,1,1,,44,,1,22,,121.5815833,25.0511138
112,10,8,12,53,2,07信義區,信義區松仁路與松高路口,0,0,1,1,B12,7,6,5,50,4,2,1,5,4,5,13,2,1,1,4,5,2,16,1,30,3,10,7,1,7,6,6,8,2,2,,9,,1,21,,121.5683052,25.0391219
112,10,8,12,53,2,07信義區,信義區松仁路與松高路口,0,0,1,2,C03,7,6,5,50,4,2,1,5,4,5,13,2,1,1,4,5,2,16,2,30,2,8,5,1,7,9,1,10,2,14,,44,,1,21,,121.5683052,25.0391219
112,10,8,13,0,2,12內湖區,內湖區新明路92號,0,0,1,1,C03,8,6,5,50,14,9,1,5,4,5,13,4,4,5,4,5,2,17,2,22,2,9,6,2,7,9,1,10,1,11,,107,,1,21,,121.58963,25.05954888
112,10,8,13,0,2,12內湖區,內湖區新明路92號,0,0,1,2,B03,8,6,5,50,14,9,1,5,4,5,13,4,4,5,4,5,2,17,1,64,3,10,7,1,7,14,1,8,1,7,,38,,1,21,,121.58963,25.05954888
112,10,8,14,24,2,02萬華區,萬華區萬大路186巷與萬大路口,0,0,1,2,B03,7,6,5,30,4,1,2,5,4,5,13,2,1,1,4,5,2,17,1,28,3,10,7,1,7,9,1,8,2,4,,44,,1,21,,121.5004987,25.02771881
112,10,8,14,24,2,02萬華區,萬華區萬大路186巷與萬大路口,0,0,1,1,F02,7,6,5,30,4,1,2,5,4,5,13,2,1,1,4,5,2,17,1,50,2,6,2,1,7,6,8,20,8,11,,99,,1,21,,121.5004987,25.02771881
112,10,8,14,33,2,02萬華區,萬華區東園街66巷與東園街66巷24弄口,0,0,2,2,C03,7,7,5,30,4,1,1,5,4,5,13,4,4,9,5,5,2,15,1,36,3,10,6,1,7,9,1,10,1,12,,44,,1,22,,121.4952103,25.0251024
112,10,8,14,33,2,02萬華區,萬華區東園街66巷與東園街66巷24弄口,0,0,2,3,H02,7,7,5,30,4,1,1,5,4,5,13,4,4,9,5,5,2,15,2,47,2,9,3,5,7,21,8,20,10,16,,67,,1,22,,121.4952103,25.0251024
112,10,8,14,33,2,02萬華區,萬華區東園街66巷與東園街66巷24弄口,0,0,2,1,C03,7,7,5,30,4,1,1,5,4,5,13,4,4,9,5,5,2,15,1,13,2,8,6,1,7,9,2,18,1,11,,72,,2,22,,121.4952103,25.0251024
112,10,8,14,36,2,09北投區,北投區紗帽路3號,0,0,1,2,B03,6,7,5,50,22,9,1,4,4,5,13,4,4,4,5,5,1,12,1,51,3,10,7,1,7,15,1,8,1,2,,44,,1,21,,121.5332384,25.1514948
112,10,8,14,36,2,09北投區,北投區紗帽路3號,0,0,1,1,C03,6,7,5,50,22,9,1,4,4,5,13,4,4,4,5,5,1,12,1,19,2,7,6,1,7,4,1,10,1,14,,108,,1,21,,121.5332384,25.1514948
112,10,8,14,53,2,10文山區,文山區指南路3段(北往南0702465燈桿前),0,0,1,2,F01,6,5,5,30,14,9,1,4,4,1,11,4,4,5,5,5,2,11,1,15,2,9,5,1,7,9,8,20,2,14,,42,,1,15,,121.605045,24.97066368
112,10,8,14,53,2,10文山區,文山區指南路3段(北往南0702465燈桿前),0,0,1,3,B12,6,5,5,30,14,9,1,4,4,1,11,4,4,5,5,5,2,11,1,29,3,10,3,1,7,13,1,8,2,17,,44,,1,21,,121.605045,24.97066368
112,10,8,14,53,2,10文山區,文山區指南路3段(北往南0702465燈桿前),0,0,1,1,B03,6,5,5,30,14,9,1,4,4,1,11,4,4,5,5,5,2,11,1,36,3,10,7,1,7,9,1,8,2,4,,44,,1,21,,121.605045,24.97066368
112,10,8,15,37,2,01大同區,大同區錦西街與歸綏街79巷口,0,0,1,1,B01,7,6,5,0,3,2,1,5,4,5,13,4,4,5,5,5,2,9,1,56,4,11,3,4,7,21,7,19,11,15,,44,,2,21,,121.5161503,25.059836
112,10,8,15,37,2,01大同區,大同區錦西街與歸綏街79巷口,0,0,1,2,H01,7,6,5,0,3,2,1,5,4,5,13,4,4,5,5,5,2,9,1,66,2,9,4,5,8,20,8,20,10,16,,67,,1,22,,121.5161503,25.059836
112,10,8,15,43,2,10文山區,文山區木柵路4段24號對面,0,0,2,1,B03,7,6,5,50,14,9,1,5,4,5,13,4,4,5,4,5,2,17,2,67,2,3,3,4,7,9,6,18,2,5,,108,,1,22,,121.5729787,24.99677257
112,10,8,15,43,2,10文山區,文山區木柵路4段24號對面,0,0,2,2,A41,7,6,5,50,14,9,1,5,4,5,13,4,4,5,4,5,2,17,1,32,3,10,3,4,7,14,1,1,2,7,,38,,1,21,,121.5729787,24.99677257
112,10,8,15,43,2,10文山區,文山區木柵路4段24號對面,0,0,2,3,H02,7,6,5,50,14,9,1,5,4,5,13,4,4,5,4,5,2,17,2,30,2,9,3,5,7,20,8,20,10,16,,67,,1,21,,121.5729787,24.99677257
112,10,8,16,14,2,01大同區,大同區承德路2段與南京西路口,0,0,2,2,C03,7,6,5,50,4,1,1,5,4,5,13,1,1,1,4,5,2,17,2,53,2,8,5,1,7,9,1,10,2,14,,44,,1,21,,121.5176881,25.0534931
112,10,8,16,14,2,01大同區,大同區承德路2段與南京西路口,0,0,2,1,C03,7,6,5,50,4,1,1,5,4,5,13,1,1,1,4,5,2,17,1,50,2,9,5,1,7,9,1,10,2,12,,16,,1,21,,121.5176881,25.0534931
112,10,8,17,10,2,05中正區,中正區林森北路與市民大道2段口,0,0,2,2,C03,7,7,5,40,4,1,1,5,4,5,13,1,1,8,5,5,2,17,1,22,2,9,5,1,7,9,1,10,2,11,,108,,1,26,,121.5241923,25.0477347
112,10,8,17,10,2,05中正區,中正區林森北路與市民大道2段口,0,0,2,1,C03,7,7,5,40,4,1,1,5,4,5,13,1,1,8,5,5,2,17,1,19,2,9,5,1,7,5,1,10,2,13,,8,,1,26,,121.5241923,25.0477347
112,10,8,17,44,2,04大安區,大安區忠孝東路4段與仁愛路4段151巷口口,0,0,2,1,C03,6,5,5,50,3,2,1,4,4,5,13,4,4,1,4,5,2,12,2,20,2,9,5,1,7,7,1,10,2,14,,100,,1,21,,121.5517613,25.04139533
112,10,8,17,44,2,04大安區,大安區忠孝東路4段與仁愛路4段151巷口口,0,0,2,2,B01,6,5,5,50,3,2,1,4,4,5,13,4,4,1,4,5,2,12,1,36,2,2,7,1,7,9,1,4,2,2,,44,,1,21,,121.5517613,25.04139533
112,10,8,17,50,2,09北投區,北投區光明路200-9號,0,0,2,2,C03,6,5,5,50,14,9,1,4,4,5,13,4,4,9,5,5,2,3,1,18,2,8,6,1,7,9,1,10,1,11,,118,,1,25,,121.5037147,25.136071
112,10,8,17,50,2,09北投區,北投區光明路200-9號,0,0,2,1,H01,6,5,5,50,14,9,1,4,4,5,13,4,4,9,5,5,2,3,1,53,2,9,4,5,8,16,8,20,1,16,,67,,1,21,,121.5037147,25.136071
112,10,8,18,0,2,12內湖區,內湖區瑞光路253巷21號旁,0,0,1,1,B03,6,5,5,50,3,1,1,4,4,5,13,4,4,5,5,5,2,16,1,71,3,10,7,1,7,5,1,8,5,8,,8,,1,21,,121.5784563,25.07587008
112,10,8,18,0,2,12內湖區,內湖區瑞光路253巷21號旁,0,0,1,2,C03,6,5,5,50,3,1,1,4,4,5,13,4,4,5,5,5,2,16,2,21,2,9,6,1,7,14,1,10,2,12,,80,,1,21,,121.5784563,25.07587008
112,10,8,18,10,2,08士林區,士林區重陽橋026燈桿前,0,0,1,1,C03,6,5,5,50,14,11,1,4,4,5,13,4,4,1,4,5,2,17,1,63,4,11,3,4,7,7,7,19,11,15,,100,,2,22,,121.5067182,25.08612117
112,10,8,18,10,2,08士林區,士林區重陽橋026燈桿前,0,0,1,2,C03,6,5,5,50,14,11,1,4,4,5,13,4,4,1,4,5,2,17,1,26,2,9,6,1,7,9,1,10,1,14,,44,,1,21,,121.5067182,25.08612117
112,10,8,18,24,2,04大安區,大安區復興南路2段268號,0,0,2,3,H02,6,5,5,50,14,7,1,4,4,5,13,4,4,9,4,4,2,12,2,33,2,9,3,5,7,21,8,20,10,16,,67,,1,22,,121.543365,25.0246042
112,10,8,18,24,2,04大安區,大安區復興南路2段268號,0,0,2,1,B03,6,5,5,50,14,7,1,4,4,5,13,4,4,9,4,4,2,12,1,47,3,10,3,4,7,7,1,8,1,4,,100,,1,22,,121.543365,25.0246042
112,10,8,18,24,2,04大安區,大安區復興南路2段268號,0,0,2,2,C03,6,5,5,50,14,7,1,4,4,5,13,4,4,9,4,4,2,12,1,33,2,9,3,4,7,9,1,10,1,12,,44,,1,22,,121.543365,25.0246042
112,10,8,18,31,2,05中正區,中正區信義路2段1號前,0,0,1,3,C03,6,5,5,50,14,8,1,4,4,5,13,2,1,9,4,4,1,13,2,24,3,10,3,4,7,13,1,10,9,13,,44,,1,21,,121.5247789,25.0353668
112,10,8,18,31,2,05中正區,中正區信義路2段1號前,0,0,1,2,C03,6,5,5,50,14,8,1,4,4,5,13,2,1,9,4,4,1,13,1,67,3,10,3,1,7,13,1,10,11,14,,44,,1,21,,121.5247789,25.0353668
112,10,8,18,31,2,05中正區,中正區信義路2段1號前,0,0,1,1,C03,6,5,5,50,14,8,1,4,4,5,13,2,1,9,4,4,1,13,1,40,2,9,5,1,7,9,1,10,2,11,,107,,1,21,,121.5247789,25.0353668
112,10,8,18,50,2,11南港區,南港區忠孝東路7段與忠孝東路7段265巷口口,0,0,1,1,B03,6,5,5,50,3,1,1,4,4,5,13,2,1,1,4,4,2,16,1,51,3,10,7,1,7,5,1,8,2,5,,74,,1,21,,121.6035353,25.05176966
112,10,8,18,50,2,11南港區,南港區忠孝東路7段與忠孝東路7段265巷口口,0,0,1,2,C03,6,5,5,50,3,1,1,4,4,5,13,2,1,1,4,4,2,16,1,23,2,8,6,1,7,9,3,18,2,11,,44,,1,21,,121.6035353,25.05176966
112,10,8,19,19,2,05中正區,中正區中山北路1段與北平西路口,0,0,1,1,B01,6,5,5,50,4,1,1,4,4,5,13,2,1,8,5,5,2,2,1,68,3,10,7,1,7,5,1,4,2,5,,70,,1,26,,121.5201526,25.0473316
112,10,8,19,19,2,05中正區,中正區中山北路1段與北平西路口,0,0,1,2,H01,6,5,5,50,4,1,1,4,4,5,13,2,1,8,5,5,2,2,2,51,2,8,4,5,8,16,8,20,10,16,,67,,1,26,,121.5201526,25.0473316
112,10,8,19,45,2,01大同區,大同區長安西路與承德路1段口,0,0,1,2,C03,6,5,5,50,4,1,1,4,4,5,13,2,1,1,4,5,2,17,2,22,2,9,3,4,7,5,1,10,1,12,,8,,1,21,,121.5171714,25.05105215
112,10,8,19,45,2,01大同區,大同區長安西路與承德路1段口,0,0,1,1,B03,6,5,5,50,4,1,1,4,4,5,13,2,1,1,4,5,2,17,1,33,3,10,3,4,7,6,1,8,1,8,,9,,1,21,,121.5171714,25.05105215
112,10,8,19,58,2,05中正區,中正區中華路2段與南海路口,0,0,2,1,C03,6,5,5,50,4,1,1,4,4,5,13,1,1,5,4,4,2,16,1,49,2,7,5,1,7,5,6,10,2,12,,74,,1,21,,121.5070314,25.0268443
112,10,8,19,58,2,05中正區,中正區中華路2段與南海路口,0,0,2,2,C03,6,5,5,50,4,1,1,4,4,5,13,1,1,5,4,4,2,16,1,29,2,9,5,1,7,9,1,10,2,11,,44,,1,21,,121.5070314,25.0268443
112,10,8,20,0,2,10文山區,文山區羅斯福路6段136號,0,0,1,1,C03,6,5,5,50,14,9,1,4,4,5,13,4,4,1,4,5,2,17,1,22,2,9,6,1,7,9,1,10,2,11,,107,,1,21,,121.5409671,24.99667955
112,10,8,20,0,2,10文山區,文山區羅斯福路6段136號,0,0,1,2,B03,6,5,5,50,14,9,1,4,4,5,13,4,4,1,4,5,2,17,1,32,3,10,2,1,7,13,1,8,11,3,,44,,1,21,,121.5409671,24.99667955
112,10,8,20,35,2,11南港區,南港區研究院路1段與忠孝東路7段口,0,0,1,2,C03,6,5,5,50,3,1,1,4,4,5,13,2,1,1,3,5,2,17,1,44,2,9,3,4,7,6,1,10,2,12,,44,,1,22,,121.6164693,25.0535232
112,10,8,20,35,2,11南港區,南港區研究院路1段與忠孝東路7段口,0,0,1,1,B03,6,5,5,50,3,1,1,4,4,5,13,2,1,1,3,5,2,17,1,42,3,10,3,4,7,5,1,8,2,4,,17,,1,22,,121.6164693,25.0535232
112,10,8,20,50,2,09北投區,北投區西安街1段189號與致遠一路1段46巷口,0,0,1,1,B03,6,5,5,50,4,2,1,4,4,5,13,1,1,7,4,5,1,3,1,60,3,10,7,1,7,6,1,8,2,1,,70,,1,21,,121.518068,25.1103798
112,10,8,20,50,2,09北投區,北投區西安街1段189號與致遠一路1段46巷口,0,0,1,2,H01,6,5,5,50,4,2,1,4,4,5,13,1,1,7,4,5,1,3,2,73,2,8,4,5,8,16,8,20,10,17,,67,,1,21,,121.518068,25.1103798
112,10,8,22,57,2,03中山區,中山區民生東路1段23巷與民生東路1段口,0,0,1,1,C02,7,5,5,50,4,2,1,5,4,5,13,1,2,5,4,4,2,3,4,0,,,,,,,,,11,,,119,,2,,,121.5238957,25.058124
112,10,8,22,57,2,03中山區,中山區民生東路1段23巷與民生東路1段口,0,0,1,2,H01,7,5,5,50,4,2,1,5,4,5,13,1,2,5,4,4,2,3,1,70,2,9,4,5,8,18,8,20,1,16,,67,,1,21,,121.5238957,25.058124
112,10,8,22,57,2,03中山區,中山區民生東路1段23巷與民生東路1段口,0,0,1,3,B01,7,5,5,50,4,2,1,5,4,5,13,1,2,5,4,4,2,3,1,56,3,10,3,4,7,9,1,4,2,17,,44,,1,21,,121.5238957,25.058124
112,10,8,23,0,2,03中山區,中山區中山北路3段與民族東路口,0,0,1,2,C03,6,5,5,0,4,2,1,4,4,5,13,1,1,9,4,5,2,3,1,38,3,10,6,1,7,9,1,10,1,11,,70,,1,21,,121.5229938,25.06858418
112,10,8,23,0,2,03中山區,中山區中山北路3段與民族東路口,0,0,1,1,H01,6,5,5,0,4,2,1,4,4,5,13,1,1,9,4,5,2,3,1,29,2,1,4,5,8,18,8,20,10,16,,122,,1,21,,121.5229938,25.06858418
112,10,8,23,45,2,07信義區,信義區信義路5段與松德路口,0,0,1,1,B03,8,5,5,50,14,9,1,5,4,5,12,2,1,3,4,5,2,13,2,45,3,10,7,1,7,9,1,8,1,1,,107,,2,21,,121.5743659,25.03332
112,10,8,23,45,2,07信義區,信義區信義路5段與松德路口,0,0,1,2,C03,8,5,5,50,14,9,1,5,4,5,12,2,1,3,4,5,2,13,2,30,2,5,6,1,7,14,1,10,1,13,,44,,2,21,,121.5743659,25.03332
112,10,9,1,21,2,06松山區,松山區三民路與富錦街口,0,0,2,3,H02,6,7,5,50,4,1,1,4,4,5,13,2,1,1,4,5,2,15,2,50,2,9,7,5,7,20,8,20,10,16,,67,,1,21,,121.5631932,25.0609248
112,10,9,1,21,2,06松山區,松山區三民路與富錦街口,0,0,2,2,B03,6,7,5,50,4,1,1,4,4,5,13,2,1,1,4,5,2,15,1,51,2,9,7,1,7,9,1,8,2,6,,44,,1,21,,121.5631932,25.0609248
112,10,9,1,21,2,06松山區,松山區三民路與富錦街口,0,0,2,1,B01,6,7,5,50,4,1,1,4,4,5,13,2,1,1,4,5,2,15,1,53,3,10,7,1,7,9,1,8,2,1,,72,,1,21,,121.5631932,25.0609248
112,10,9,1,47,2,08士林區,士林區中山北路7段14巷與天母東路69巷口,0,0,1,2,H01,6,5,5,50,4,1,1,4,4,5,13,2,1,7,2,5,1,3,2,74,2,9,4,5,8,16,8,20,10,16,,67,,1,21,,121.5333691,25.11989197
112,10,9,1,47,2,08士林區,士林區中山北路7段14巷與天母東路69巷口,0,0,1,1,B03,6,5,5,50,4,1,1,4,4,5,13,2,1,7,2,5,1,3,2,33,3,10,7,1,7,6,1,8,2,1,,70,,1,21,,121.5333691,25.11989197
112,10,9,7,30,2,04大安區,大安區和平東路1段與羅斯福路2段口口,0,0,2,2,C03,6,6,5,50,14,9,1,4,4,5,13,4,4,1,4,4,2,17,1,28,2,9,5,1,7,9,1,10,2,13,,44,,1,21,,121.5228933,25.02697839
112,10,9,7,30,2,04大安區,大安區和平東路1段與羅斯福路2段口口,0,0,2,1,C03,6,6,5,50,14,9,1,4,4,5,13,4,4,1,4,4,2,17,1,45,3,10,5,1,7,7,1,10,2,13,,100,,1,21,,121.5228933,25.02697839
112,10,9,7,30,2,04大安區,大安區和平東路1段與羅斯福路2段口口,0,0,2,3,C03,6,6,5,50,14,9,1,4,4,5,13,4,4,1,4,4,2,17,1,29,2,7,5,1,7,9,1,10,2,11,,16,,1,21,,121.5228933,25.02697839
112,10,9,7,59,2,12內湖區,內湖區民權東路6段156號,0,0,1,1,B03,6,5,5,50,3,2,1,4,4,5,13,4,4,1,4,5,1,12,4,0,,,,,,,,,11,,,119,,2,,,121.5924086,25.0688557
112,10,9,7,59,2,12內湖區,內湖區民權東路6段156號,0,0,1,2,C03,6,5,5,50,3,2,1,4,4,5,13,4,4,1,4,5,1,12,1,27,2,9,6,1,7,9,1,10,1,11,,44,,1,21,,121.5924086,25.0688557
112,10,9,9,35,2,02萬華區,萬華區德昌街與德昌街125巷口,0,0,2,2,C03,7,7,5,30,4,1,1,4,4,5,13,4,4,10,5,5,2,15,2,31,2,9,5,1,7,9,1,10,1,12,,13,,1,21,,121.4967419,25.0242093
112,10,9,9,35,2,02萬華區,萬華區德昌街與德昌街125巷口,0,0,2,1,C03,7,7,5,30,4,1,1,4,4,5,13,4,4,10,5,5,2,15,1,46,2,8,5,1,7,9,1,10,1,11,,72,,1,21,,121.4967419,25.0242093
112,10,9,9,35,2,03中山區,中山區市民大道2段與林森北路口,0,0,1,2,C03,6,5,5,50,4,1,1,4,4,5,13,1,1,1,3,5,1,15,1,39,2,9,6,4,7,9,1,10,2,11,,44,,1,21,,121.5242729,25.04789959
112,10,9,9,35,2,03中山區,中山區市民大道2段與林森北路口,0,0,1,1,A05,6,5,5,50,4,1,1,4,4,5,13,1,1,1,3,5,1,15,1,54,3,10,3,4,7,9,1,1,2,6,,81,,1,21,,121.5242729,25.04789959
112,10,9,9,38,2,02萬華區,萬華區環河南路2段與桂林路口,0,0,2,3,H02,6,6,5,50,4,1,1,4,4,5,13,2,1,10,5,5,1,12,2,21,2,2,7,5,7,20,8,20,10,16,,67,,1,22,,121.4973008,25.03854552
112,10,9,9,38,2,02萬華區,萬華區環河南路2段與桂林路口,0,0,2,1,B01,6,6,5,50,4,1,1,4,4,5,13,2,1,10,5,5,1,12,1,62,3,10,7,4,7,15,1,8,1,2,,9,,1,21,,121.4973008,25.03854552
112,10,9,9,38,2,02萬華區,萬華區環河南路2段與桂林路口,0,0,2,2,C03,6,6,5,50,4,1,1,4,4,5,13,2,1,10,5,5,1,12,2,21,2,9,5,4,7,9,1,10,1,14,,44,,1,22,,121.4973008,25.03854552
112,10,9,9,50,2,01大同區,大同區西寧北路32號對面,0,0,1,2,B01,6,7,5,50,14,9,1,4,4,5,13,4,4,9,4,5,2,12,1,33,2,9,7,1,7,9,1,4,1,2,,44,,1,21,,121.508459,25.0514239
112,10,9,9,50,2,01大同區,大同區西寧北路32號對面,0,0,1,1,B01,6,7,5,50,14,9,1,4,4,5,13,4,4,9,4,5,2,12,1,60,3,10,7,1,7,15,1,4,1,8,,10,,1,21,,121.508459,25.0514239
112,10,9,10,6,2,01大同區,大同區承德路2段與民權西路口(西南角),0,0,1,2,C03,7,6,5,50,4,2,1,5,4,5,13,2,1,1,3,5,1,16,1,44,2,9,6,1,7,9,1,10,1,14,,44,,1,21,,121.5181523,25.0627688
112,10,9,10,6,2,01大同區,大同區承德路2段與民權西路口(西南角),0,0,1,1,B03,7,6,5,50,4,2,1,5,4,5,13,2,1,1,3,5,1,16,1,82,4,11,3,4,7,,7,,11,,,9,,2,,,121.5181523,25.0627688
112,10,9,10,35,2,08士林區,士林區通河西街2段107號與通河西街2段108巷口,0,0,2,1,B03,8,5,5,30,3,1,1,5,4,5,13,4,4,4,5,5,1,15,1,45,3,10,2,1,7,21,1,8,1,1,,72,,1,21,,121.507944,25.09280959
112,10,9,10,35,2,08士林區,士林區通河西街2段107號與通河西街2段108巷口,0,0,2,2,C03,8,5,5,30,3,1,1,5,4,5,13,4,4,4,5,5,1,15,2,38,2,9,5,1,7,21,1,10,1,11,,107,,1,21,,121.507944,25.09280959
112,10,9,10,35,2,08士林區,士林區通河西街2段107號與通河西街2段108巷口,0,0,2,3,H02,8,5,5,30,3,1,1,5,4,5,13,4,4,4,5,5,1,15,1,19,2,9,5,5,7,20,8,20,10,16,,67,,1,21,,121.507944,25.09280959
112,10,9,10,38,2,02萬華區,萬華區昆明街與廣州街口,0,0,1,2,C03,8,6,5,50,4,2,1,5,4,5,13,1,1,5,5,5,2,16,2,48,2,9,5,4,7,9,1,10,1,11,,44,,1,21,,121.503532,25.0365613
112,10,9,10,38,2,02萬華區,萬華區昆明街與廣州街口,0,0,1,1,B03,8,6,5,50,4,2,1,5,4,5,13,1,1,5,5,5,2,16,2,40,3,10,7,4,7,11,1,8,1,4,,10,,1,21,,121.503532,25.0365613
112,10,9,10,55,2,08士林區,士林區中山北路5段與中山北路5段699巷口,0,0,1,2,B03,8,5,5,50,5,2,1,5,4,5,13,2,1,1,4,5,2,16,2,41,3,10,7,1,7,9,1,8,1,8,,44,,1,21,,121.5272315,25.09778936
112,10,9,10,55,2,08士林區,士林區中山北路5段與中山北路5段699巷口,0,0,1,1,C03,8,5,5,50,5,2,1,5,4,5,13,2,1,1,4,5,2,16,1,34,2,9,5,1,7,6,1,10,1,12,,74,,1,21,,121.5272315,25.09778936
112,10,9,11,42,2,01大同區,大同區承德路2段12號,0,0,1,1,C03,8,6,5,50,14,9,1,5,4,1,12,4,4,1,4,5,2,17,1,74,2,9,5,1,7,7,1,10,2,14,,100,,1,21,,121.5181224,25.0552475
112,10,9,11,42,2,01大同區,大同區承德路2段12號,0,0,1,2,B03,8,6,5,50,14,9,1,5,4,1,12,4,4,1,4,5,2,17,1,35,3,10,7,1,7,9,1,8,2,2,,108,,1,21,,121.5181224,25.0552475
112,10,9,12,1,2,05中正區,中正區公園路與襄陽路口,0,0,1,1,B03,8,6,5,50,3,4,1,5,4,5,13,2,1,9,4,5,2,12,2,55,3,10,7,1,7,1,1,8,1,5,,118,,1,26,,121.5163759,25.0433559
112,10,9,12,1,2,05中正區,中正區公園路與襄陽路口,0,0,1,2,C03,8,6,5,50,3,4,1,5,4,5,13,2,1,9,4,5,2,12,1,53,2,8,6,1,7,14,1,10,1,11,,118,,1,26,,121.5163759,25.0433559
112,10,9,12,44,2,01大同區,大同區重慶北路1段與長安西路口,0,0,1,2,C03,7,6,5,50,4,1,1,5,4,5,13,1,1,1,3,5,1,16,2,23,3,10,6,1,7,9,1,10,2,14,,107,,1,21,,121.5139628,25.05156315
112,10,9,12,44,2,01大同區,大同區重慶北路1段與長安西路口,0,0,1,1,C03,7,6,5,50,4,1,1,5,4,5,13,1,1,1,3,5,1,16,1,23,2,9,6,1,7,6,1,10,2,12,,9,,1,21,,121.5139628,25.05156315
112,10,9,13,0,2,07信義區,信義區松高路與松智路口,0,0,1,1,B03,6,6,5,50,4,2,1,4,4,5,13,2,1,5,4,5,2,16,1,27,3,10,7,1,7,5,1,8,1,8,,71,,1,21,,121.5654743,25.0389949
112,10,9,13,0,2,07信義區,信義區松高路與松智路口,0,0,1,2,C03,6,6,5,50,4,2,1,4,4,5,13,2,1,5,4,5,2,16,1,23,2,9,5,1,7,9,1,10,1,12,,44,,1,21,,121.5654743,25.0389949
112,10,9,13,8,2,09北投區,北投區中央北路4段30巷臨79號,0,0,1,1,B12,8,5,5,30,11,9,1,5,4,5,13,4,4,10,5,5,1,11,1,65,3,10,7,1,7,9,1,8,2,8,,5,,1,21,,121.4758543,25.1370056