發生年度,發生月,發生日,發生時-Hours,發生分,處理別-編號,區序,肇事地點,死亡人數,2-30日死亡人數,受傷人數,當事人序號,車種,天候,光線,道路類別,速限-速度限制,道路型態,事故位置,路面狀況1,路面狀況2,路面狀況3,道路障礙1,道路障礙2,號誌1,號誌2,車道劃分-分向,車道劃分-分道1,車道劃分-分道2,車道劃分-分道3,事故類型及型態,性別,年齡,受傷程度,主要傷處,保護裝置,行動電話,車輛用途,當事者行動狀態,駕駛資格情形,駕駛執照種類,飲酒情形,車輛撞擊部位1,車輛撞擊部位2,肇因碼-個別,肇因碼-主要,個人肇逃否,職業,旅次目的,座標-X,座標-Y
112,10,10,16,2,2,01大同區,大同區環河快速道路北向南6011159號燈桿,0,0,5,1,A31,7,6,5,60,10,7,1,5,4,5,13,4,4,10,4,5,1,17,1,59,3,10,3,4,1,7,1,1,2,1,,100,,1,22,,121.5077954,25.05557989
112,10,10,16,6,2,10文山區,文山區辛亥路5段與辛亥路5段116巷口,0,0,1,2,C03,6,6,5,50,3,2,1,4,4,5,13,4,4,1,4,5,2,17,2,23,2,9,6,1,7,9,1,10,2,17,,14,,1,22,,121.5524392,24.9976568
112,10,10,16,6,2,10文山區,文山區辛亥路5段與辛亥路5段116巷口,0,0,1,1,B01,6,6,5,50,3,2,1,4,4,5,13,4,4,1,4,5,2,17,1,60,3,10,7,1,7,14,1,4,2,17,,40,,1,22,,121.5524392,24.9976568
112,10,10,17,15,2,10文山區,文山區辛亥路7段與光輝路21巷口,0,0,1,2,C03,6,6,5,50,3,1,1,4,4,5,13,3,1,5,4,4,2,16,1,26,2,9,6,1,7,9,1,10,1,11,,44,,1,21,,121.5538238,24.98552067
112,10,10,17,15,2,10文山區,文山區辛亥路7段與光輝路21巷口,0,0,1,1,B02,6,6,5,50,3,1,1,4,4,5,13,3,1,5,4,4,2,16,1,41,3,10,7,1,7,5,1,8,1,1,,74,,1,21,,121.5538238,24.98552067
112,10,10,17,30,2,03中山區,中山區植福路11號,0,0,1,1,C03,8,5,5,50,14,9,1,5,4,5,13,4,4,8,3,5,1,12,1,19,2,7,6,1,7,1,1,10,1,12,,19,,1,21,,121.5570078,25.0839451
112,10,10,17,30,2,03中山區,中山區植福路11號,0,0,1,2,B01,8,5,5,50,14,9,1,5,4,5,13,4,4,8,3,5,1,12,1,69,3,10,7,1,7,1,1,4,1,8,,19,,1,21,,121.5570078,25.0839451
112,10,10,17,45,2,04大安區,大安區市民大道3段與新生北路1段口,0,0,2,2,B03,6,5,5,40,14,9,1,4,4,5,13,4,4,1,4,5,2,13,1,34,3,10,7,1,7,14,1,8,1,7,,118,,1,21,,121.5331837,25.0452471
112,10,10,17,45,2,04大安區,大安區市民大道3段與新生北路1段口,0,0,2,3,H02,6,5,5,40,14,9,1,4,4,5,13,4,4,1,4,5,2,13,2,19,2,8,6,5,7,20,8,20,10,16,,67,,1,21,,121.5331837,25.0452471
112,10,10,17,45,2,04大安區,大安區市民大道3段與新生北路1段口,0,0,2,1,C03,6,5,5,40,14,9,1,4,4,5,13,4,4,1,4,5,2,13,1,21,2,7,6,1,7,9,1,10,1,11,,118,,1,21,,121.5331837,25.0452471
112,10,10,18,28,2,12內湖區,內湖區新明路219巷4弄3號與潭美街口,0,0,1,1,C03,6,5,5,0,14,9,1,4,4,5,13,4,4,9,5,5,2,5,1,18,3,10,6,1,7,9,1,10,2,12,,107,,1,21,,121.5878775,25.05730543
112,10,10,18,28,2,12內湖區,內湖區新明路219巷4弄3號與潭美街口,0,0,1,2,H01,6,5,5,0,14,9,1,4,4,5,13,4,4,9,5,5,2,5,2,33,2,5,4,5,8,20,8,20,1,16,,60,,1,21,,121.5878775,25.05730543
112,10,10,18,28,2,12內湖區,內湖區新明路219巷4弄3號與潭美街口,0,0,1,3,C03,6,5,5,0,14,9,1,4,4,5,13,4,4,9,5,5,2,5,1,46,3,10,6,1,7,9,1,10,2,12,,44,,1,21,,121.5878775,25.05730543
112,10,10,18,28,2,12內湖區,內湖區新明路219巷4弄3號與潭美街口,0,0,1,4,B12,6,5,5,0,14,9,1,4,4,5,13,4,4,9,5,5,2,5,1,36,3,10,2,1,7,13,1,8,9,17,,38,,1,21,,121.5878775,25.05730543
112,10,10,18,30,2,07信義區,信義區信義路5段與基隆路2段口,0,0,1,1,B03,6,5,5,50,4,1,1,4,4,5,13,1,1,1,4,5,2,17,1,39,3,10,3,4,7,6,1,8,1,2,,9,,1,21,,121.5596244,25.032956
112,10,10,18,30,2,07信義區,信義區信義路5段與基隆路2段口,0,0,1,2,C03,6,5,5,50,4,1,1,4,4,5,13,1,1,1,4,5,2,17,1,61,2,9,3,4,7,9,1,10,1,11,,99,,1,21,,121.5596244,25.032956
112,10,10,18,52,2,05中正區,中正區汀州路2段163號,0,0,1,3,H02,6,6,5,50,14,9,1,4,4,5,13,4,4,9,4,5,2,17,1,26,2,8,5,5,7,20,8,20,10,16,,67,,1,21,,121.5212249,25.02437565
112,10,10,18,52,2,05中正區,中正區汀州路2段163號,0,0,1,2,B03,6,6,5,50,14,9,1,4,4,5,13,4,4,9,4,5,2,17,1,41,3,10,7,1,7,9,1,8,1,4,,44,,1,21,,121.5212249,25.02437565
112,10,10,18,52,2,05中正區,中正區汀州路2段163號,0,0,1,1,C03,6,6,5,50,14,9,1,4,4,5,13,4,4,9,4,5,2,17,1,29,3,10,5,1,7,1,1,10,1,12,,19,,1,21,,121.5212249,25.02437565
112,10,10,19,0,2,02萬華區,萬華區西藏路320號,0,0,2,1,C04,8,5,5,50,14,9,1,5,4,5,13,4,4,2,3,5,2,13,1,51,3,10,3,4,7,8,1,10,1,13,,118,,1,22,,121.50023,25.0294728
112,10,10,19,0,2,02萬華區,萬華區西藏路320號,0,0,2,2,C03,8,5,5,50,14,9,1,5,4,5,13,4,4,2,3,5,2,13,1,25,2,9,3,4,7,9,1,10,1,11,,44,,1,22,,121.50023,25.0294728
112,10,10,19,0,2,02萬華區,萬華區西藏路320號,0,0,2,3,B01,8,5,5,50,14,9,1,5,4,5,13,4,4,2,3,5,2,13,4,0,4,11,3,4,7,21,7,19,9,15,,119,,2,22,,121.50023,25.0294728
112,10,10,19,0,2,02萬華區,萬華區西藏路320號,0,0,2,4,H02,8,5,5,50,14,9,1,5,4,5,13,4,4,2,3,5,2,13,2,25,2,9,3,5,7,20,8,20,10,16,,67,,1,22,,121.50023,25.0294728
112,10,10,20,0,2,10文山區,文山區辛亥路4段與萬美街2段口口,0,0,1,1,B03,6,5,5,50,3,1,1,4,4,5,13,2,1,5,2,5,2,13,1,28,3,10,7,1,7,9,1,8,1,1,,16,,1,21,,121.5582379,25.0062466
112,10,10,20,0,2,10文山區,文山區辛亥路4段與萬美街2段口口,0,0,1,2,C03,6,5,5,50,3,1,1,4,4,5,13,2,1,5,2,5,2,13,1,52,2,9,5,1,7,5,1,10,1,13,,27,,1,21,,121.5582379,25.0062466
112,10,10,21,45,2,07信義區,信義區松仁路與松壽路口口,0,0,1,1,B01,6,5,5,50,3,1,1,4,4,5,13,1,1,1,4,5,2,17,1,67,3,10,7,1,7,6,1,8,1,5,,44,,1,22,,121.5681869,25.0358035
112,10,10,21,45,2,07信義區,信義區松仁路與松壽路口口,0,0,1,2,C03,6,5,5,50,3,1,1,4,4,5,13,1,1,1,4,5,2,17,1,26,2,8,6,1,7,7,1,10,1,14,,100,,1,22,,121.5681869,25.0358035
112,10,10,22,12,2,05中正區,中正區南海路99-1號,0,0,2,1,B03,7,5,5,50,14,9,1,5,4,5,13,2,1,4,4,5,1,13,1,38,2,3,7,1,7,9,1,8,2,1,,107,,1,21,,121.5081292,25.02821926
112,10,10,22,12,2,05中正區,中正區南海路99-1號,0,0,2,2,C03,7,5,5,50,14,9,1,5,4,5,13,2,1,4,4,5,1,13,1,50,2,9,6,1,7,14,1,10,2,13,,44,,1,21,,121.5081292,25.02821926
112,10,10,22,25,2,03中山區,中山區民權東路2段與松江路口,0,0,3,1,C03,7,6,5,50,5,4,1,5,4,5,13,1,1,1,4,5,1,13,1,37,2,7,6,1,7,9,1,10,1,14,,107,,1,21,,121.5328664,25.0624078
112,10,10,22,25,2,03中山區,中山區民權東路2段與松江路口,0,0,3,2,C03,7,6,5,50,5,4,1,5,4,5,13,1,1,1,4,5,1,13,1,27,2,7,6,1,7,14,1,10,1,13,,44,,1,21,,121.5328664,25.0624078
112,10,10,22,25,2,03中山區,中山區民權東路2段與松江路口,0,0,3,3,H02,7,6,5,50,5,4,1,5,4,5,13,1,1,1,4,5,1,13,2,24,2,9,6,5,7,20,8,20,10,17,,67,,1,21,,121.5328664,25.0624078
112,10,10,23,33,2,01大同區,大同區民生西路與民樂街口,0,0,3,1,C03,8,5,5,50,5,2,1,5,4,5,13,1,1,5,5,5,2,13,1,47,2,9,6,1,7,9,1,10,2,11,,107,,1,21,,121.5109705,25.0569519
112,10,10,23,33,2,01大同區,大同區民生西路與民樂街口,0,0,3,2,C03,8,5,5,50,5,2,1,5,4,5,13,1,1,5,5,5,2,13,1,30,2,8,6,1,7,14,1,10,2,13,,44,,1,21,,121.5109705,25.0569519
112,10,10,23,33,2,01大同區,大同區民生西路與民樂街口,0,0,3,3,H02,8,5,5,50,5,2,1,5,4,5,13,1,1,5,5,5,2,13,2,28,2,8,6,5,7,20,8,20,10,16,,67,,1,21,,121.5109705,25.0569519
112,10,10,23,50,2,12內湖區,內湖區內湖路1段與內湖路1段288巷口,0,0,2,2,B03,8,5,5,50,3,1,1,5,4,5,13,1,1,1,5,5,2,17,1,35,2,7,7,1,7,9,1,8,1,1,,44,,1,21,,121.5683393,25.08203344
112,10,10,23,50,2,12內湖區,內湖區內湖路1段與內湖路1段288巷口,0,0,2,3,H02,8,5,5,50,3,1,1,5,4,5,13,1,1,1,5,5,2,17,2,29,2,7,7,5,7,20,8,20,10,16,,67,,1,21,,121.5683393,25.08203344
112,10,10,23,50,2,12內湖區,內湖區內湖路1段與內湖路1段288巷口,0,0,2,1,B03,8,5,5,50,3,1,1,5,4,5,13,1,1,1,5,5,2,17,1,32,3,10,7,1,7,5,1,8,1,2,,74,,1,21,,121.5683393,25.08203344
112,10,11,0,43,2,10文山區,文山區指南路3段40巷,0,0,1,1,C03,6,5,5,30,14,9,1,4,4,5,13,4,4,10,5,5,1,19,1,45,2,9,5,1,7,9,1,10,8,11,,21,,1,22,,121.5995221,24.96957919
112,10,11,0,43,2,10文山區,文山區指南路3段40巷,0,0,1,2,,6,5,5,30,14,9,1,4,4,5,13,4,4,10,5,5,1,19,3,0,,,,,,,,,10,,,67,,1,,,121.5995221,24.96957919
112,10,11,6,50,2,01大同區,大同區重慶北路1段與鄭州路口,0,0,1,2,C03,8,6,5,50,4,1,1,5,4,5,13,2,1,1,4,5,2,12,2,39,2,8,5,1,7,9,1,10,1,14,,44,,1,21,,121.5133081,25.04959001
112,10,11,6,50,2,01大同區,大同區重慶北路1段與鄭州路口,0,0,1,1,C03,8,6,5,50,4,1,1,5,4,5,13,2,1,1,4,5,2,12,1,24,3,10,5,1,7,8,1,10,1,12,,100,,1,21,,121.5133081,25.04959001
112,10,11,7,14,2,07信義區,信義區忠孝東路5段236巷與松高路口,0,0,1,1,B03,8,5,5,50,4,2,1,5,4,5,13,2,1,5,4,5,1,17,1,72,3,10,7,1,7,6,1,8,1,4,,74,,1,21,,121.5716051,25.0390673
112,10,11,7,14,2,07信義區,信義區忠孝東路5段236巷與松高路口,0,0,1,2,C03,8,5,5,50,4,2,1,5,4,5,13,2,1,5,4,5,1,17,1,33,2,9,6,1,7,9,1,10,1,12,,44,,1,21,,121.5716051,25.0390673
112,10,11,7,28,2,07信義區,信義區忠孝東路4段與逸仙路口,0,0,1,2,C03,8,7,5,50,3,1,1,5,4,5,13,1,1,3,4,5,2,13,2,39,2,9,6,4,7,6,1,10,1,13,,9,,1,21,,121.5615691,25.0411178
112,10,11,7,28,2,07信義區,信義區忠孝東路4段與逸仙路口,0,0,1,1,B03,8,7,5,50,3,1,1,5,4,5,13,1,1,3,4,5,2,13,1,38,3,10,3,4,7,5,1,8,1,8,,44,,1,21,,121.5615691,25.0411178
112,10,11,7,36,2,06松山區,松山區八德路4段114號,0,0,1,2,C03,7,5,5,30,14,9,1,4,4,5,13,2,1,9,4,5,2,17,1,64,2,9,5,1,7,5,1,10,1,12,,17,,1,22,,121.5610115,25.04852651
112,10,11,7,36,2,06松山區,松山區八德路4段114號,0,0,1,1,B03,7,5,5,30,14,9,1,4,4,5,13,2,1,9,4,5,2,17,1,76,3,10,2,1,7,5,1,8,1,4,,17,,1,22,,121.5610115,25.04852651
112,10,11,7,52,2,08士林區,士林區至善路2段202號與至善路2段口,0,0,2,1,C03,8,7,5,50,3,1,1,5,4,5,13,2,1,9,4,5,1,17,2,29,2,8,6,1,7,7,1,10,1,12,,100,,1,21,,121.5499941,25.10003667
112,10,11,7,52,2,08士林區,士林區至善路2段202號與至善路2段口,0,0,2,2,C03,8,7,5,50,3,1,1,5,4,5,13,2,1,9,4,5,1,17,1,27,2,9,6,1,7,9,1,10,1,11,,44,,1,21,,121.5499941,25.10003667
112,10,11,8,6,2,04大安區,"大安區基隆路3段(往北,和平高中旁)",0,0,2,3,C03,7,6,5,50,14,9,1,5,4,5,13,4,4,1,4,5,2,13,1,49,2,9,5,1,7,9,1,10,1,13,11,44,,1,21,,121.547457,25.0197217
112,10,11,8,6,2,04大安區,"大安區基隆路3段(往北,和平高中旁)",0,0,2,1,B03,7,6,5,50,14,9,1,5,4,5,13,4,4,1,4,5,2,13,1,46,3,10,7,1,7,9,1,8,1,1,,16,,1,21,,121.547457,25.0197217
112,10,11,8,6,2,04大安區,"大安區基隆路3段(往北,和平高中旁)",0,0,2,2,C03,7,6,5,50,14,9,1,5,4,5,13,4,4,1,4,5,2,13,1,41,2,9,5,1,7,9,1,10,1,13,11,44,,1,21,,121.547457,25.0197217
112,10,11,8,6,2,04大安區,"大安區基隆路3段(往北,和平高中旁)",0,0,2,4,B03,7,6,5,50,14,9,1,5,4,5,13,4,4,1,4,5,2,13,1,41,3,10,7,1,7,9,1,8,1,3,,44,,1,21,,121.547457,25.0197217
112,10,11,8,11,2,03中山區,中山區中山北路3段181號,0,0,1,1,C03,8,5,5,50,14,9,1,5,4,5,13,4,4,1,4,5,2,13,1,19,2,9,3,4,7,9,1,10,1,11,,107,,1,21,,121.5237558,25.0713265
112,10,11,8,11,2,03中山區,中山區中山北路3段181號,0,0,1,2,C03,8,5,5,50,14,9,1,5,4,5,13,4,4,1,4,5,2,13,2,38,3,10,3,4,7,9,1,10,1,13,,44,,1,21,,121.5237558,25.0713265
112,10,11,8,27,2,07信義區,信義區永吉路30巷103號,0,0,2,2,B01,7,5,8,30,14,9,1,5,4,5,13,4,4,5,5,5,2,13,1,66,3,10,7,1,7,9,1,4,1,3,,44,,1,21,,121.5687955,25.0434599
112,10,11,8,27,2,07信義區,信義區永吉路30巷103號,0,0,2,3,H02,7,5,8,30,14,9,1,5,4,5,13,4,4,5,5,5,2,13,2,20,2,7,6,5,7,20,8,20,10,16,,67,,1,21,,121.5687955,25.0434599
112,10,11,8,27,2,07信義區,信義區永吉路30巷103號,0,0,2,1,C04,7,5,8,30,14,9,1,5,4,5,13,4,4,5,5,5,2,13,1,19,2,7,6,1,7,9,1,10,1,11,,107,,1,21,,121.5687955,25.0434599
112,10,11,8,29,2,05中正區,中正區中華路1段與愛國西路口,0,0,1,1,B03,7,7,5,50,4,2,1,5,4,5,13,1,1,1,4,1,2,17,1,64,3,10,7,1,7,6,1,8,2,4,,108,,1,21,,121.5071909,25.03739053
112,10,11,8,29,2,05中正區,中正區中華路1段與愛國西路口,0,0,1,2,C03,7,7,5,50,4,2,1,5,4,5,13,1,1,1,4,1,2,17,1,53,2,8,5,1,7,14,1,10,2,12,,44,,1,21,,121.5071909,25.03739053
112,10,11,8,47,2,03中山區,中山區林森北路111號,0,0,1,2,C03,7,5,5,50,14,9,1,5,4,5,13,4,4,1,3,5,1,13,2,30,2,9,6,4,7,9,1,10,1,13,,44,,1,21,,121.5249951,25.05054207
112,10,11,8,47,2,03中山區,中山區林森北路111號,0,0,1,1,C03,7,5,5,50,14,9,1,5,4,5,13,4,4,1,3,5,1,13,1,38,3,10,6,4,7,9,1,10,1,11,,16,,1,21,,121.5249951,25.05054207
112,10,11,8,49,2,04大安區,大安區臥龍街61號,0,0,2,1,B03,8,5,5,30,14,9,1,5,4,5,13,4,4,10,5,5,2,12,2,57,3,10,3,4,7,1,1,8,1,8,,19,,1,22,,121.5471197,25.0223272
112,10,11,8,49,2,04大安區,大安區臥龍街61號,0,0,2,2,C03,8,5,5,30,14,9,1,5,4,5,13,4,4,10,5,5,2,12,2,41,2,9,3,4,7,9,1,10,1,11,,44,,1,22,,121.5471197,25.0223272
112,10,11,8,49,2,04大安區,大安區臥龍街61號,0,0,2,3,H02,8,5,5,30,14,9,1,5,4,5,13,4,4,10,5,5,2,12,2,5,2,1,3,5,7,21,8,20,10,16,,67,,1,22,,121.5471197,25.0223272
112,10,11,9,6,2,05中正區,中正區羅斯福路3段與羅斯福路3段210巷口,0,0,1,1,C03,8,7,5,50,3,1,1,5,4,5,13,4,4,1,4,5,2,16,1,22,3,10,5,4,7,5,1,10,1,13,,44,,1,21,,121.5296289,25.0190576
112,10,11,9,6,2,05中正區,中正區羅斯福路3段與羅斯福路3段210巷口,0,0,1,2,C03,8,7,5,50,3,1,1,5,4,5,13,4,4,1,4,5,2,16,1,25,2,9,5,4,7,9,1,10,1,11,,108,,1,21,,121.5296289,25.0190576
112,10,11,9,11,2,09北投區,北投區東華街1段22巷2弄與東華街1段22巷口,0,0,2,2,C03,7,5,5,30,3,1,1,5,4,5,13,4,4,10,5,5,2,16,1,79,2,9,5,1,7,9,1,10,1,12,,108,,1,21,,121.5205779,25.10790264
112,10,11,9,11,2,09北投區,北投區東華街1段22巷2弄與東華街1段22巷口,0,0,2,3,H02,7,5,5,30,3,1,1,5,4,5,13,4,4,10,5,5,2,16,2,70,2,9,5,5,7,20,8,20,10,16,,67,,1,21,,121.5205779,25.10790264
112,10,11,9,11,2,09北投區,北投區東華街1段22巷2弄與東華街1段22巷口,0,0,2,1,C03,7,5,5,30,3,1,1,5,4,5,13,4,4,10,5,5,2,16,1,42,3,10,6,1,7,5,1,9,1,11,,72,,1,21,,121.5205779,25.10790264
112,10,11,9,12,2,12內湖區,內湖區環山路1段12號,0,0,1,2,C04,8,7,5,50,14,8,1,5,4,5,13,4,4,4,3,4,1,12,2,50,2,9,6,1,7,9,1,10,1,14,,44,,1,21,,121.565511,25.08323234
112,10,11,9,12,2,12內湖區,內湖區環山路1段12號,0,0,1,1,B03,8,7,5,50,14,8,1,5,4,5,13,4,4,4,3,4,1,12,2,69,3,10,7,1,7,9,1,8,1,2,,87,,1,21,,121.565511,25.08323234
112,10,11,9,20,2,12內湖區,內湖區民權東路6段12-1號,0,0,1,1,B12,7,6,5,50,14,9,1,5,4,5,13,4,4,1,4,5,2,17,2,64,3,10,7,1,7,8,1,8,9,15,,100,,1,21,,121.5759375,25.06583936
112,10,11,9,20,2,12內湖區,內湖區民權東路6段12-1號,0,0,1,2,C03,7,6,5,50,14,9,1,5,4,5,13,4,4,1,4,5,2,17,2,31,2,8,6,1,7,9,1,10,9,15,,44,,1,21,,121.5759375,25.06583936
112,10,11,9,21,2,04大安區,大安區市民大道4段與敦化南路1段口,0,0,1,1,B03,7,6,5,40,4,1,1,5,4,5,13,1,1,10,5,5,2,16,1,51,3,10,7,1,7,5,1,8,1,4,,9,,1,21,,121.5488904,25.0447777
112,10,11,9,21,2,04大安區,大安區市民大道4段與敦化南路1段口,0,0,1,2,C03,7,6,5,40,4,1,1,5,4,5,13,1,1,10,5,5,2,16,1,22,2,8,5,1,7,9,1,10,1,12,,13,,1,21,,121.5488904,25.0447777
112,10,11,9,25,2,08士林區,士林區重慶北路4段與通河西街1段口,0,0,1,1,C03,7,6,5,50,3,1,1,5,4,5,13,2,1,1,4,5,2,17,1,54,3,10,5,1,7,5,1,10,1,14,,17,,1,21,,121.5129747,25.0819949
112,10,11,9,25,2,08士林區,士林區重慶北路4段與通河西街1段口,0,0,1,2,C03,7,6,5,50,3,1,1,5,4,5,13,2,1,1,4,5,2,17,2,21,2,8,6,1,7,6,1,10,1,12,,9,,1,25,,121.5129747,25.0819949
112,10,11,9,58,2,08士林區,士林區忠誠路2段207巷與士東路299巷口,0,0,1,1,B03,8,5,5,30,3,1,1,5,4,5,13,3,1,5,4,5,1,17,2,65,3,10,7,1,7,9,1,8,1,1,,107,,1,21,,121.5376035,25.11641893
112,10,11,9,58,2,08士林區,士林區忠誠路2段207巷與士東路299巷口,0,0,1,2,C03,8,5,5,30,3,1,1,5,4,5,13,3,1,5,4,5,1,17,2,20,2,8,6,1,7,5,1,10,1,12,,8,,1,21,,121.5376035,25.11641893
112,10,11,10,2,2,02萬華區,萬華區桂林路與桂林路40巷口,0,0,3,2,C03,7,5,5,30,4,1,1,5,4,5,13,4,4,8,3,5,1,15,2,25,2,9,3,4,7,9,1,10,1,11,,44,,1,22,,121.5046555,25.0378093
112,10,11,10,2,2,02萬華區,萬華區桂林路與桂林路40巷口,0,0,3,3,H02,7,5,5,30,4,1,1,5,4,5,13,4,4,8,3,5,1,15,2,69,2,9,3,5,7,21,8,20,10,16,,67,,1,22,,121.5046555,25.0378093
112,10,11,10,2,2,02萬華區,萬華區桂林路與桂林路40巷口,0,0,3,1,C03,7,5,5,30,4,1,1,5,4,5,13,4,4,8,3,5,1,15,1,71,2,9,3,4,7,9,1,10,1,12,,72,,1,22,,121.5046555,25.0378093
112,10,11,10,30,2,03中山區,中山區民權東路3段46號,0,0,1,1,B03,7,7,5,50,14,9,1,5,4,5,13,4,4,1,4,5,2,17,1,72,3,10,7,1,7,1,6,18,11,17,,19,,1,21,,121.5413472,25.06227218
112,10,11,10,30,2,03中山區,中山區民權東路3段46號,0,0,1,2,C03,7,7,5,50,14,9,1,5,4,5,13,4,4,1,4,5,2,17,2,45,2,9,6,1,7,9,1,10,1,12,,42,,1,21,,121.5413472,25.06227218
112,10,11,10,40,2,03中山區,中山區中山北路1段152號前,0,0,2,1,C03,7,5,5,50,14,9,1,5,4,5,13,4,4,5,4,5,2,12,1,24,2,8,3,4,7,7,1,10,1,14,,100,,1,21,,121.5223883,25.0517725
112,10,11,10,40,2,03中山區,中山區中山北路1段152號前,0,0,2,2,C03,7,5,5,50,14,9,1,5,4,5,13,4,4,5,4,5,2,12,1,61,2,8,3,4,7,9,1,10,1,12,,44,,1,21,,121.5223883,25.0517725
112,10,11,10,57,2,01大同區,大同區民權西路102巷與民權西路102巷4弄口,0,0,2,2,C03,8,5,5,30,4,2,1,5,4,5,13,4,4,10,5,5,2,15,2,27,2,9,3,4,7,9,1,10,2,11,,14,,1,21,,121.5176956,25.0615791
112,10,11,10,57,2,01大同區,大同區民權西路102巷與民權西路102巷4弄口,0,0,2,1,C03,8,5,5,30,4,2,1,5,4,5,13,4,4,10,5,5,2,15,1,49,2,9,3,4,7,9,1,10,2,14,,72,,1,21,,121.5176956,25.0615791
112,10,11,11,20,2,03中山區,中山區雙城街19巷與雙城街口,0,0,1,2,C03,8,7,5,30,4,1,1,5,4,5,13,4,4,10,5,5,2,15,1,20,2,9,6,1,7,9,1,10,1,11,,44,,1,21,,121.5243043,25.06541598
112,10,11,11,20,2,03中山區,中山區雙城街19巷與雙城街口,0,0,1,1,B03,8,7,5,30,4,1,1,5,4,5,13,4,4,10,5,5,2,15,1,30,3,10,7,1,7,9,1,8,1,8,,72,,1,21,,121.5243043,25.06541598
112,10,11,11,25,2,12內湖區,內湖區成功路4段61巷25弄10號,0,0,1,2,C03,7,6,5,30,3,1,1,5,4,5,13,4,4,10,5,5,2,16,2,69,2,8,6,1,7,9,1,10,1,14,,44,,1,21,,121.5926755,25.08053077
112,10,11,11,25,2,12內湖區,內湖區成功路4段61巷25弄10號,0,0,1,1,B03,7,6,5,30,3,1,1,5,4,5,13,4,4,10,5,5,2,16,1,47,3,10,7,1,7,5,1,8,1,8,,8,,1,21,,121.5926755,25.08053077
112,10,11,11,29,2,06松山區,松山區撫遠街451號,0,0,1,2,B03,8,5,5,40,14,9,1,5,4,5,13,4,4,9,4,4,2,12,2,39,3,10,7,1,7,7,1,8,1,6,,13,,1,21,,121.564494,25.07064697
112,10,11,11,29,2,06松山區,松山區撫遠街451號,0,0,1,3,B12,8,5,5,40,14,9,1,5,4,5,13,4,4,9,4,4,2,12,1,71,4,11,3,4,7,1,7,,11,15,,19,,2,21,,121.564494,25.07064697
112,10,11,11,29,2,06松山區,松山區撫遠街451號,0,0,1,1,C03,8,5,5,40,14,9,1,5,4,5,13,4,4,9,4,4,2,12,1,28,2,8,6,1,7,7,1,10,1,14,,102,,1,21,,121.564494,25.07064697
112,10,11,11,42,2,12內湖區,內湖區康樂街61巷與康樂街85巷口,0,0,1,1,B03,8,6,5,30,4,1,1,5,4,5,13,4,4,10,5,5,2,15,1,64,3,10,7,1,7,9,1,8,1,5,,108,,1,21,,121.619493,25.06956947
112,10,11,11,42,2,12內湖區,內湖區康樂街61巷與康樂街85巷口,0,0,1,2,C03,8,6,5,30,4,1,1,5,4,5,13,4,4,10,5,5,2,15,1,41,2,8,6,1,7,9,1,10,1,12,,75,,1,21,,121.619493,25.06956947
112,10,11,11,46,2,07信義區,信義區信義路6段76巷8弄39號與信義路6段76巷8弄口,0,0,1,2,C03,8,7,6,30,3,2,1,5,4,5,13,4,4,10,5,5,2,14,1,26,2,7,5,1,7,1,1,10,1,12,,19,,1,21,,121.5763673,25.0328782
112,10,11,11,46,2,07信義區,信義區信義路6段76巷8弄39號與信義路6段76巷8弄口,0,0,1,1,B03,8,7,6,30,3,2,1,5,4,5,13,4,4,10,5,5,2,14,2,29,3,10,7,1,7,2,1,8,1,6,,12,,1,21,,121.5763673,25.0328782
112,10,11,11,57,2,01大同區,大同區延平北路2段80號,0,0,1,1,C03,8,6,5,50,14,9,1,5,4,5,13,4,4,5,5,5,2,16,1,58,3,10,6,1,7,7,1,10,1,12,,100,,1,21,,121.5116232,25.05601768
112,10,11,11,57,2,01大同區,大同區延平北路2段80號,0,0,1,2,C03,8,6,5,50,14,9,1,5,4,5,13,4,4,5,5,5,2,16,2,30,2,9,6,1,7,9,1,10,1,11,,13,,1,21,,121.5116232,25.05601768
112,10,11,12,3,2,03中山區,中山區龍江路63號,0,0,1,3,H02,8,5,8,50,14,9,1,5,4,5,13,1,1,8,3,5,1,17,2,46,3,10,7,5,7,19,8,20,10,16,,126,,1,21,,121.5404792,25.050428
112,10,11,12,3,2,03中山區,中山區龍江路63號,0,0,1,1,B03,8,5,8,50,14,9,1,5,4,5,13,1,1,8,3,5,1,17,2,43,3,10,7,1,7,14,1,8,2,6,,40,,1,21,,121.5404792,25.050428
112,10,11,12,3,2,03中山區,中山區龍江路63號,0,0,1,2,C03,8,5,8,50,14,9,1,5,4,5,13,1,1,8,3,5,1,17,1,50,2,9,5,1,7,9,1,10,2,14,,44,,1,21,,121.5404792,25.050428
112,10,11,12,3,2,03中山區,中山區龍江路63號,0,0,1,4,C03,8,5,8,50,14,9,1,5,4,5,13,1,1,8,3,5,1,17,3,43,,,,,,,,,,,,67,,1,,,121.5404792,25.050428
112,10,11,12,3,2,03中山區,中山區龍江路63號,0,0,1,5,C03,8,5,8,50,14,9,1,5,4,5,13,1,1,8,3,5,1,17,3,28,,,,,,,,,,,,67,,1,,,121.5404792,25.050428