發生年度,發生月,發生日,發生時-Hours,發生分,處理別-編號,區序,肇事地點,死亡人數,2-30日死亡人數,受傷人數,當事人序號,車種,天候,光線,道路類別,速限-速度限制,道路型態,事故位置,路面狀況1,路面狀況2,路面狀況3,道路障礙1,道路障礙2,號誌1,號誌2,車道劃分-分向,車道劃分-分道1,車道劃分-分道2,車道劃分-分道3,事故類型及型態,性別,年齡,受傷程度,主要傷處,保護裝置,行動電話,車輛用途,當事者行動狀態,駕駛資格情形,駕駛執照種類,飲酒情形,車輛撞擊部位1,車輛撞擊部位2,肇因碼-個別,肇因碼-主要,個人肇逃否,職業,旅次目的,座標-X,座標-Y
112,10,12,6,48,2,09北投區,北投區磺港路228號,0,0,2,2,C03,8,6,5,30,14,9,1,5,4,5,13,4,4,1,5,5,2,13,1,36,2,8,5,1,7,14,1,10,2,13,,44,,1,21,,121.5031689,25.1262933
112,10,12,6,48,2,09北投區,北投區磺港路228號,0,0,2,3,B03,8,6,5,30,14,9,1,5,4,5,13,4,4,1,5,5,2,13,1,65,3,10,7,1,7,14,1,8,2,3,,44,,1,21,,121.5031689,25.1262933
112,10,12,7,52,2,05中正區,中正區貴陽街1段與懷寧街口,0,0,1,2,C03,8,7,5,50,3,1,1,5,4,5,13,4,4,4,5,5,2,12,1,18,2,9,6,1,7,4,1,10,2,12,,94,,1,21,,121.5136785,25.03874368
112,10,12,7,52,2,05中正區,中正區貴陽街1段與懷寧街口,0,0,1,1,B03,8,7,5,50,3,1,1,5,4,5,13,4,4,4,5,5,2,12,1,51,3,10,7,1,7,5,1,8,2,8,,8,,1,21,,121.5136785,25.03874368
112,10,12,8,54,2,01大同區,大同區西寧北路與迪化街1段72巷口,0,0,2,1,C03,8,6,5,50,3,2,1,5,4,5,13,4,4,5,2,5,2,15,2,24,2,8,5,4,7,9,1,10,1,15,,14,,1,21,,121.5084821,25.0554027
112,10,12,8,54,2,01大同區,大同區西寧北路與迪化街1段72巷口,0,0,2,2,F01,8,6,5,50,3,2,1,5,4,5,13,4,4,5,2,5,2,15,2,49,2,1,5,4,7,9,8,20,1,14,,72,,1,21,,121.5084821,25.0554027
112,10,12,9,5,2,11南港區,南港區南港路2段157號與向陽路口,0,0,1,2,C03,8,5,5,50,3,1,1,5,4,5,13,4,4,9,4,5,2,16,2,27,2,9,5,1,7,9,1,10,1,14,,44,,1,21,,121.5949642,25.0540817
112,10,12,9,5,2,11南港區,南港區南港路2段157號與向陽路口,0,0,1,1,B03,8,5,5,50,3,1,1,5,4,5,13,4,4,9,4,5,2,16,2,58,3,10,7,1,7,6,1,14,1,5,,9,,1,21,,121.5949642,25.0540817
112,10,12,9,11,2,02萬華區,萬華區西園路1段與廣州街口,0,0,1,2,C03,8,5,5,40,4,1,1,5,4,5,13,2,1,3,4,5,2,17,1,28,2,8,5,4,7,9,1,10,1,17,,44,,1,21,,121.4993872,25.03656
112,10,12,9,11,2,02萬華區,萬華區西園路1段與廣州街口,0,0,1,1,B02,8,5,5,40,4,1,1,5,4,5,13,2,1,3,4,5,2,17,1,40,3,10,2,4,7,15,1,8,1,17,,100,,1,21,,121.4993872,25.03656
112,10,12,9,28,2,12內湖區,內湖區環山路1段7號與環山路1段口,0,0,1,2,C03,8,6,5,40,3,1,1,5,4,5,13,4,4,9,5,4,2,12,1,19,2,9,6,1,7,9,1,10,1,11,,44,,1,22,,121.5655848,25.08290163
112,10,12,9,28,2,12內湖區,內湖區環山路1段7號與環山路1段口,0,0,1,1,B03,8,6,5,40,3,1,1,5,4,5,13,4,4,9,5,4,2,12,1,66,3,10,3,4,7,11,1,8,1,4,,10,,1,22,,121.5655848,25.08290163
112,10,12,9,49,2,08士林區,士林區文林路594巷與文林路口,0,0,1,2,C03,8,6,5,50,4,1,1,5,4,5,13,4,4,5,4,4,1,17,1,20,2,7,6,1,7,9,1,10,1,14,,14,,1,21,,121.5236947,25.09845037
112,10,12,9,49,2,08士林區,士林區文林路594巷與文林路口,0,0,1,1,B03,8,6,5,50,4,1,1,5,4,5,13,4,4,5,4,4,1,17,1,20,3,10,7,1,7,6,1,8,1,2,,9,,1,21,,121.5236947,25.09845037
112,10,12,9,50,2,04大安區,大安區市民大道3段與建國南路口側附近1段口,0,0,1,1,B03,8,7,5,40,4,1,1,5,4,5,13,1,1,1,3,4,2,17,1,31,3,10,7,1,7,5,1,8,1,7,,44,,1,21,,121.5363395,25.0446393
112,10,12,9,50,2,04大安區,大安區市民大道3段與建國南路口側附近1段口,0,0,1,3,C03,8,7,5,40,4,1,1,5,4,5,13,1,1,1,3,4,2,17,1,59,3,10,5,1,7,9,6,10,1,11,,44,,1,21,,121.5363395,25.0446393
112,10,12,9,50,2,04大安區,大安區市民大道3段與建國南路口側附近1段口,0,0,1,2,C03,8,7,5,40,4,1,1,5,4,5,13,1,1,1,3,4,2,17,2,66,2,8,5,1,7,9,1,10,1,11,,16,,1,21,,121.5363395,25.0446393
112,10,12,9,55,2,09北投區,北投區石牌路2段與石牌路2段90巷口,0,0,1,1,B03,8,6,5,30,3,2,1,5,4,5,13,4,4,5,4,5,2,13,2,32,3,10,7,1,7,5,1,8,2,1,,108,,1,21,,121.5163582,25.1171289
112,10,12,9,55,2,09北投區,北投區石牌路2段與石牌路2段90巷口,0,0,1,2,C03,8,6,5,30,3,2,1,5,4,5,13,4,4,5,4,5,2,13,2,48,2,6,5,1,7,6,1,10,2,13,,44,,1,21,,121.5163582,25.1171289
112,10,12,10,3,2,09北投區,北投區明德路118巷18號,0,0,1,1,C03,8,6,5,30,14,9,1,5,4,5,13,4,4,10,5,5,2,2,1,38,3,10,5,1,7,9,6,18,9,11,,108,,2,21,,121.5212939,25.1094371
112,10,12,10,3,2,09北投區,北投區明德路118巷18號,0,0,1,2,H01,8,6,5,30,14,9,1,5,4,5,13,4,4,10,5,5,2,2,2,20,2,9,4,5,8,16,8,20,10,16,,67,,1,21,,121.5212939,25.1094371
112,10,12,10,10,2,03中山區,中山區堤頂大道2段與基湖路口,0,0,1,1,B02,8,5,5,70,4,1,1,5,4,5,13,1,1,1,4,5,2,16,1,64,3,10,3,4,7,6,1,8,2,2,,9,,1,21,,121.5641028,25.0787568
112,10,12,10,10,2,03中山區,中山區堤頂大道2段與基湖路口,0,0,1,2,C03,8,5,5,70,4,1,1,5,4,5,13,1,1,1,4,5,2,16,1,36,2,9,3,4,7,9,1,10,2,11,,13,,1,21,,121.5641028,25.0787568
112,10,12,10,16,2,07信義區,信義區松智路與莊敬路325巷口,0,0,3,1,C03,8,5,8,50,4,2,1,5,4,5,13,1,1,5,5,5,2,17,2,38,2,8,6,1,7,5,1,10,1,11,,74,,1,21,,121.5649964,25.0291584
112,10,12,10,16,2,07信義區,信義區松智路與莊敬路325巷口,0,0,3,2,C03,8,5,8,50,4,2,1,5,4,5,13,1,1,5,5,5,2,17,1,66,2,9,6,1,7,9,1,9,1,14,,44,,1,21,,121.5649964,25.0291584
112,10,12,10,16,2,07信義區,信義區松智路與莊敬路325巷口,0,0,3,3,H02,8,5,8,50,4,2,1,5,4,5,13,1,1,5,5,5,2,17,2,40,2,8,6,5,7,21,8,20,10,16,,67,,1,21,,121.5649964,25.0291584
112,10,12,11,3,2,06松山區,松山區撫遠街453號,0,0,1,1,B02,8,6,8,50,22,22,1,5,4,5,13,4,4,1,3,4,1,17,2,49,3,10,7,1,7,11,1,8,2,2,,10,,1,21,,121.5641303,25.070637
112,10,12,11,3,2,06松山區,松山區撫遠街453號,0,0,1,2,C03,8,6,8,50,22,22,1,5,4,5,13,4,4,1,3,4,1,17,1,18,2,9,5,1,7,9,1,10,2,11,,13,,1,21,,121.5641303,25.070637
112,10,12,11,9,2,02萬華區,萬華區貴陽街2段82巷12號,0,0,1,2,H01,8,6,5,30,14,9,1,5,4,5,13,4,4,10,5,5,1,3,1,68,2,8,4,5,8,16,8,20,10,16,,121,,1,21,,121.5036365,25.0392843
112,10,12,11,9,2,02萬華區,萬華區貴陽街2段82巷12號,0,0,1,1,C03,8,6,5,30,14,9,1,5,4,5,13,4,4,10,5,5,1,3,1,40,3,10,5,1,7,9,1,10,1,11,,107,,1,21,,121.5036365,25.0392843
112,10,12,11,55,2,02萬華區,萬華區堤外便道往華中橋方向,0,0,1,2,C03,8,5,8,50,22,22,1,5,4,5,13,4,4,10,5,5,2,17,1,20,2,7,3,4,7,9,1,10,1,14,,108,,1,21,,121.498082,25.01614744
112,10,12,11,55,2,02萬華區,萬華區堤外便道往華中橋方向,0,0,1,1,B03,8,5,8,50,22,22,1,5,4,5,13,4,4,10,5,5,2,17,1,39,3,10,3,4,7,6,1,8,1,6,,14,,1,21,,121.498082,25.01614744
112,10,12,12,16,2,08士林區,士林區中山北路6段與天母西路口,0,0,1,1,C03,8,6,5,50,4,1,1,5,4,5,13,1,1,1,4,5,2,17,2,31,2,9,5,1,7,5,1,10,2,12,,83,,1,21,,121.5299516,25.1182835
112,10,12,12,16,2,08士林區,士林區中山北路6段與天母西路口,0,0,1,2,B03,8,6,5,50,4,1,1,5,4,5,13,1,1,1,4,5,2,17,1,43,3,10,7,1,7,9,1,8,2,1,,44,,1,21,,121.5299516,25.1182835
112,10,12,12,36,2,12內湖區,內湖區潭美街217號與潭美街口,0,0,1,2,C03,8,6,5,40,3,1,1,5,4,5,13,2,1,9,5,5,2,16,2,43,2,9,6,1,7,9,1,10,2,14,,44,,1,22,,121.584956,25.05587109
112,10,12,12,36,2,12內湖區,內湖區潭美街217號與潭美街口,0,0,1,1,B12,8,6,5,40,3,1,1,5,4,5,13,2,1,9,5,5,2,16,1,40,3,10,3,4,7,6,1,8,2,2,,9,,1,22,,121.584956,25.05587109
112,10,12,12,44,2,01大同區,大同區承德路2段與承德路2段1巷口,0,0,1,2,C03,8,6,5,50,3,2,1,5,4,5,13,4,4,1,4,5,2,17,1,45,3,10,6,4,7,9,1,10,2,13,,44,,1,22,,121.5179141,25.0535537
112,10,12,12,44,2,01大同區,大同區承德路2段與承德路2段1巷口,0,0,1,1,C03,8,6,5,50,3,2,1,5,4,5,13,4,4,1,4,5,2,17,2,53,2,9,6,4,7,9,1,10,2,15,,16,,1,22,,121.5179141,25.0535537
112,10,12,12,59,2,03中山區,中山區民權東路2段與松江路口,0,0,2,2,C03,8,6,5,50,4,1,1,5,4,5,13,1,1,3,4,5,2,17,1,19,2,9,6,1,7,9,1,10,1,11,,108,,1,21,,121.5331505,25.06246376
112,10,12,12,59,2,03中山區,中山區民權東路2段與松江路口,0,0,2,1,A02,8,6,5,50,4,1,1,5,4,5,13,1,1,3,4,5,2,17,1,53,3,10,7,1,7,6,1,2,1,1,,74,,1,21,,121.5331505,25.06246376
112,10,12,12,59,2,03中山區,中山區民權東路2段與松江路口,0,0,2,3,H02,8,6,5,50,4,1,1,5,4,5,13,1,1,3,4,5,2,17,1,60,2,1,4,5,7,20,8,20,10,16,,67,,1,21,,121.5331505,25.06246376
112,10,12,13,16,2,04大安區,大安區大安路2段132巷與瑞安街23巷24弄口,0,0,1,2,C03,8,7,5,30,4,1,1,5,4,5,13,4,4,10,5,5,2,15,1,61,2,7,6,4,7,9,1,10,1,11,,14,,1,21,,121.5451078,25.0299278
112,10,12,13,16,2,04大安區,大安區大安路2段132巷與瑞安街23巷24弄口,0,0,1,1,B02,8,7,5,30,4,1,1,5,4,5,13,4,4,10,5,5,2,15,1,23,3,10,3,4,7,9,1,8,1,4,,72,,1,22,,121.5451078,25.0299278
112,10,12,13,30,2,04大安區,大安區通化街與通化街38巷口,0,0,1,1,F01,8,6,5,0,4,1,1,5,4,5,13,4,4,5,5,5,2,3,1,80,3,10,2,1,7,6,8,20,1,14,,70,,1,21,,121.5541664,25.0308776
112,10,12,13,30,2,04大安區,大安區通化街與通化街38巷口,0,0,1,2,H01,8,6,5,0,4,1,1,5,4,5,13,4,4,5,5,5,2,3,2,81,2,5,4,5,8,16,8,20,10,16,,67,,1,21,,121.5541664,25.0308776
112,10,12,14,10,2,12內湖區,內湖區瑞湖街與民權東路6段15巷口,0,0,2,2,C03,8,6,5,50,4,1,1,5,4,5,13,1,1,5,5,5,2,16,1,45,2,9,6,1,7,9,1,10,2,11,,44,,1,21,,121.5756988,25.0691643
112,10,12,14,10,2,12內湖區,內湖區瑞湖街與民權東路6段15巷口,0,0,2,1,C03,8,6,5,50,4,1,1,5,4,5,13,1,1,5,5,5,2,16,1,34,2,9,6,1,7,5,3,18,2,11,,74,,1,21,,121.5756988,25.0691643
112,10,12,14,35,2,05中正區,中正區南海路與惠安街口,0,0,1,2,B03,8,6,5,50,3,1,1,5,4,5,13,2,1,5,4,5,2,13,1,28,3,10,7,1,7,12,1,8,1,6,,44,,1,21,,121.508048,25.027984
112,10,12,14,35,2,05中正區,中正區南海路與惠安街口,0,0,1,1,C03,8,6,5,50,3,1,1,5,4,5,13,2,1,5,4,5,2,13,2,45,2,9,5,1,7,9,1,10,1,11,,16,,1,21,,121.508048,25.027984
112,10,12,14,37,2,06松山區,松山區八德路3段158巷與光復南路22巷口,0,0,2,2,C03,8,6,5,30,4,1,1,5,4,5,13,4,4,10,5,5,2,15,1,29,2,7,5,1,7,9,1,10,1,11,,108,,1,21,,121.5552224,25.0468865
112,10,12,14,37,2,06松山區,松山區八德路3段158巷與光復南路22巷口,0,0,2,1,C03,8,6,5,30,4,1,1,5,4,5,13,4,4,10,5,5,2,15,2,47,2,9,6,1,7,9,1,10,1,11,,72,,1,21,,121.5552224,25.0468865
112,10,12,14,53,2,08士林區,士林區福林路229號,0,0,2,3,B03,8,5,5,50,14,9,1,5,4,5,13,4,4,5,4,5,2,13,1,35,3,10,7,1,7,1,1,8,2,17,,19,,1,22,,121.534186,25.0978533
112,10,12,14,53,2,08士林區,士林區福林路229號,0,0,2,1,C03,8,5,5,50,14,9,1,5,4,5,13,4,4,5,4,5,2,13,1,20,2,9,6,1,7,9,1,10,2,11,,16,,1,22,,121.534186,25.0978533
112,10,12,14,53,2,08士林區,士林區福林路229號,0,0,2,2,C03,8,5,5,50,14,9,1,5,4,5,13,4,4,5,4,5,2,13,2,48,2,9,6,1,7,9,1,10,2,13,,44,,1,22,,121.534186,25.0978533
112,10,12,15,9,2,12內湖區,內湖區文湖街與內湖路1段91巷25弄附近口,0,0,1,1,B03,8,6,5,50,3,2,1,5,4,5,13,4,4,5,4,5,2,16,1,38,3,10,7,1,7,1,1,7,1,8,,19,,1,21,,121.5618104,25.08661462
112,10,12,15,9,2,12內湖區,內湖區文湖街與內湖路1段91巷25弄附近口,0,0,1,2,C03,8,6,5,50,3,2,1,5,4,5,13,4,4,5,4,5,2,16,2,29,2,9,6,1,7,9,1,10,1,11,,44,,1,21,,121.5618104,25.08661462
112,10,12,15,35,2,08士林區,士林區仰德大道2段129號,0,0,1,2,C03,8,7,5,40,14,9,1,5,4,5,13,4,4,5,4,5,1,11,1,18,2,9,5,1,7,9,1,10,1,12,,44,,1,21,,121.5465142,25.1087931
112,10,12,15,35,2,08士林區,士林區仰德大道2段129號,0,0,1,1,B03,8,7,5,40,14,9,1,5,4,5,13,4,4,5,4,5,1,11,1,55,3,10,7,1,7,8,1,8,1,2,,100,,1,21,,121.5465142,25.1087931
112,10,12,15,42,2,10文山區,文山區羅斯福路5段227號前,0,0,1,2,C02,8,6,5,50,14,9,1,5,4,5,13,4,4,1,4,5,2,13,1,45,2,9,5,1,7,9,1,9,2,11,,107,,1,21,,121.5390931,25.00182491
112,10,12,15,42,2,10文山區,文山區羅斯福路5段227號前,0,0,1,1,B01,8,6,5,50,14,9,1,5,4,5,13,4,4,1,4,5,2,13,1,56,3,10,7,1,7,14,1,1,2,7,,38,,1,21,,121.5390931,25.00182491
112,10,12,15,49,2,04大安區,大安區富陽街115號與富陽街口,0,0,1,1,B12,7,5,5,50,3,2,1,5,4,5,13,4,4,8,4,5,2,17,1,48,3,10,7,1,7,15,1,4,9,17,,10,,2,21,,121.5567366,25.01954257
112,10,12,15,49,2,04大安區,大安區富陽街115號與富陽街口,0,0,1,2,C03,7,5,5,50,3,2,1,5,4,5,13,4,4,8,4,5,2,17,1,18,2,8,5,1,7,9,1,10,1,15,,44,,1,21,,121.5567366,25.01954257
112,10,12,15,54,2,09北投區,北投區文林北路與文林北路94巷口,0,0,2,1,H01,8,6,5,50,4,2,1,5,4,5,13,2,1,1,4,4,1,3,1,49,2,6,4,5,8,16,8,20,10,16,,121,,1,21,,121.5176346,25.10520612
112,10,12,15,54,2,09北投區,北投區文林北路與文林北路94巷口,0,0,2,2,C03,8,6,5,50,4,2,1,5,4,5,13,2,1,1,4,4,1,3,2,19,2,9,5,1,7,9,1,10,2,11,,107,,1,21,,121.5176346,25.10520612
112,10,12,16,10,2,02萬華區,萬華區中華路2段與中華路2段364巷口,0,0,2,1,C03,8,6,5,50,4,1,1,5,4,5,13,1,1,9,5,5,2,17,2,68,2,9,5,1,7,5,1,10,1,14,,8,,1,22,,121.5048823,25.0290998
112,10,12,16,10,2,02萬華區,萬華區中華路2段與中華路2段364巷口,0,0,2,2,C03,8,6,5,50,4,1,1,5,4,5,13,1,1,9,5,5,2,17,1,23,2,9,5,1,7,9,1,10,1,12,,4,,1,22,,121.5048823,25.0290998
112,10,12,16,18,2,01大同區,大同區民權西路256號,0,0,2,2,C03,8,6,5,50,14,9,1,5,4,5,13,2,1,10,5,5,2,12,1,69,2,9,3,4,7,9,1,10,1,14,,44,,1,21,,121.5122239,25.06284617
112,10,12,16,18,2,01大同區,大同區民權西路256號,0,0,2,1,C03,8,6,5,50,14,9,1,5,4,5,13,2,1,10,5,5,2,12,1,67,2,9,3,4,7,9,1,10,1,12,,108,,1,21,,121.5122239,25.06284617
112,10,12,16,22,2,10文山區,文山區興隆路3段與興德路口,0,0,2,2,H01,8,6,5,50,3,18,1,5,4,5,13,2,1,1,4,5,2,3,1,58,2,8,4,5,8,16,8,20,10,16,,67,,1,21,,121.5551295,25.0006886
112,10,12,16,22,2,10文山區,文山區興隆路3段與興德路口,0,0,2,1,C03,8,6,5,50,3,18,1,5,4,5,13,2,1,1,4,5,2,3,1,81,2,7,5,1,7,9,1,10,1,15,,70,,1,21,,121.5551295,25.0006886
112,10,12,16,30,2,07信義區,信義區永吉路與松隆路口,0,0,1,2,H02,8,7,5,50,5,1,1,5,4,5,13,2,1,3,4,5,2,9,2,58,2,1,3,5,7,20,8,20,10,17,,67,,1,21,,121.5699058,25.0453726
112,10,12,16,30,2,07信義區,信義區永吉路與松隆路口,0,0,1,1,A02,8,7,5,50,5,1,1,5,4,5,13,2,1,3,4,5,2,9,1,54,3,10,3,4,7,12,1,2,9,17,,118,,1,21,,121.5699058,25.0453726
112,10,12,16,34,2,10文山區,文山區羅斯福路6段與萬慶街口,0,0,2,2,C03,8,6,5,50,4,2,1,5,4,5,13,2,1,1,4,5,2,13,2,41,2,7,6,1,7,14,1,10,2,13,,44,,1,22,,121.5404997,24.9922568
112,10,12,16,34,2,10文山區,文山區羅斯福路6段與萬慶街口,0,0,2,1,C03,8,6,5,50,4,2,1,5,4,5,13,2,1,1,4,5,2,13,1,68,2,9,6,1,7,9,1,10,2,11,,107,,1,22,,121.5404997,24.9922568
112,10,12,16,47,2,08士林區,士林區中正路士林官邸(中正)公車站前,0,0,1,1,C03,8,5,5,40,14,8,1,5,4,5,13,4,4,1,4,4,2,13,1,27,2,9,6,1,7,9,1,10,2,12,,107,,1,22,,121.5316511,25.0965286
112,10,12,16,47,2,08士林區,士林區中正路士林官邸(中正)公車站前,0,0,1,2,A02,8,5,5,40,14,8,1,5,4,5,13,4,4,1,4,4,2,13,1,43,3,10,7,1,7,14,1,2,2,7,,44,,1,21,,121.5316511,25.0965286
112,10,12,16,55,2,06松山區,松山區八德路4段580號南側附近,0,0,3,1,B03,8,7,5,40,14,9,1,5,4,5,13,4,4,1,4,5,2,17,1,58,3,10,7,1,7,7,1,8,1,3,,100,,1,22,,121.571748,25.04946065
112,10,12,16,55,2,06松山區,松山區八德路4段580號南側附近,0,0,3,2,C03,8,7,5,40,14,9,1,5,4,5,13,4,4,1,4,5,2,17,1,33,2,8,5,1,7,12,1,10,1,12,,44,,1,22,,121.571748,25.04946065
112,10,12,16,55,2,06松山區,松山區八德路4段580號南側附近,0,0,3,4,C03,8,7,5,40,14,9,1,5,4,5,13,4,4,1,4,5,2,17,1,46,2,8,5,1,7,9,1,10,1,17,,44,,1,22,,121.571748,25.04946065
112,10,12,16,55,2,06松山區,松山區八德路4段580號南側附近,0,0,3,3,C03,8,7,5,40,14,9,1,5,4,5,13,4,4,1,4,5,2,17,1,33,2,8,5,1,7,9,1,10,1,14,,108,,1,22,,121.571748,25.04946065
112,10,12,16,55,2,12內湖區,內湖區堤頂大道1段與民權東路6段口,0,0,1,1,B02,8,6,5,70,14,9,1,5,4,5,13,1,1,1,4,5,1,13,2,57,3,10,3,4,7,9,1,8,1,1,,107,,1,21,,121.5722229,25.06508901
112,10,12,16,55,2,12內湖區,內湖區堤頂大道1段與民權東路6段口,0,0,1,2,B03,8,6,5,70,14,9,1,5,4,5,13,1,1,1,4,5,1,13,1,53,2,2,3,4,7,14,1,4,1,3,,44,,1,21,,121.5722229,25.06508901
112,10,12,17,5,2,03中山區,中山區新生北路2段與長春路口,0,0,1,2,C03,8,7,5,50,4,1,1,5,4,5,13,1,1,9,4,5,2,16,1,46,2,3,6,1,7,9,1,10,1,14,,44,,1,21,,121.5272423,25.0549849
112,10,12,17,5,2,03中山區,中山區新生北路2段與長春路口,0,0,1,1,B03,8,7,5,50,4,1,1,5,4,5,13,1,1,9,4,5,2,16,1,40,3,10,7,1,7,6,1,8,1,5,,9,,1,21,,121.5272423,25.0549849
112,10,12,17,8,2,05中正區,中正區羅斯福路1段與羅斯福路1段58巷口,0,0,1,1,C03,8,6,5,50,3,2,1,5,4,5,13,4,4,3,4,5,2,16,1,27,3,10,5,1,7,6,1,10,2,13,,9,,1,21,,121.519426,25.0309766
112,10,12,17,8,2,05中正區,中正區羅斯福路1段與羅斯福路1段58巷口,0,0,1,2,C03,8,6,5,50,3,2,1,5,4,5,13,4,4,3,4,5,2,16,1,57,2,9,5,1,7,9,1,10,9,11,,44,,1,21,,121.519426,25.0309766
112,10,12,17,15,2,07信義區,信義區松德路與松德路118巷口,0,0,1,1,B03,8,6,5,50,4,1,1,5,4,5,13,2,1,1,4,4,1,16,2,30,3,10,3,4,7,6,1,8,1,5,,9,,1,22,,121.5748297,25.0375166
112,10,12,17,15,2,07信義區,信義區松德路與松德路118巷口,0,0,1,2,C03,8,6,5,50,4,1,1,5,4,5,13,2,1,1,4,4,1,16,1,47,2,9,3,4,7,9,1,10,1,11,,13,,1,22,,121.5748297,25.0375166
112,10,12,17,33,2,06松山區,松山區民權東路3段103巷5弄與民權東路3段153巷口,0,0,2,3,H02,8,6,5,30,3,2,1,5,4,5,13,4,4,10,5,5,2,16,2,4,2,7,5,5,7,20,8,20,10,16,,67,,1,21,,121.546649,25.06281211
112,10,12,17,33,2,06松山區,松山區民權東路3段103巷5弄與民權東路3段153巷口,0,0,2,1,C03,8,6,5,30,3,2,1,5,4,5,13,4,4,10,5,5,2,16,1,31,3,10,6,4,7,6,1,9,1,12,,72,,1,22,,121.546649,25.06281211
112,10,12,17,33,2,06松山區,松山區民權東路3段103巷5弄與民權東路3段153巷口,0,0,2,2,C03,8,6,5,30,3,2,1,5,4,5,13,4,4,10,5,5,2,16,2,71,2,9,5,4,7,9,1,10,1,12,,32,,1,22,,121.546649,25.06281211
112,10,12,17,40,2,09北投區,北投區開明街與復興二路口,0,0,2,2,C04,8,5,5,30,4,1,1,5,4,5,13,4,4,10,5,5,2,15,1,43,2,9,5,1,7,9,1,10,1,14,,107,,1,21,,121.5021553,25.1414279
112,10,12,17,40,2,09北投區,北投區開明街與復興二路口,0,0,2,1,C03,8,5,5,30,4,1,1,5,4,5,13,4,4,10,5,5,2,15,2,67,2,5,5,1,7,9,1,10,1,11,,72,,1,21,,121.5021553,25.1414279
112,10,12,17,50,2,01大同區,大同區台北橋往三重機慢車道,0,0,1,1,C03,8,5,7,50,8,11,1,5,4,5,13,4,4,8,3,5,2,12,1,45,3,10,6,1,7,9,1,10,1,11,,16,,1,21,,121.5084525,25.06362631
112,10,12,17,50,2,01大同區,大同區台北橋往三重機慢車道,0,0,1,2,C03,8,5,7,50,8,11,1,5,4,5,13,4,4,8,3,5,2,12,1,45,2,9,6,1,7,9,1,10,1,11,,44,,1,21,,121.5084525,25.06362631
112,10,12,17,50,2,01大同區,大同區台北橋往三重機慢車道,0,0,1,3,C03,8,5,7,50,8,11,1,5,4,5,13,4,4,8,3,5,2,12,2,63,3,10,6,1,7,9,1,8,1,17,,30,,1,21,,121.5084525,25.06362631
112,10,12,17,50,2,08士林區,士林區凱旋路61巷4弄,0,0,2,3,H02,8,5,5,30,14,9,1,5,4,5,13,4,4,10,5,5,1,3,2,20,2,1,3,5,7,20,8,20,10,16,,67,,1,22,,121.5406898,25.13513022
112,10,12,17,50,2,08士林區,士林區凱旋路61巷4弄,0,0,2,1,C03,8,5,5,30,14,9,1,5,4,5,13,4,4,10,5,5,1,3,2,21,2,8,3,4,7,9,1,10,1,14,,108,,1,22,,121.5406898,25.13513022
112,10,12,17,50,2,08士林區,士林區凱旋路61巷4弄,0,0,2,2,H01,8,5,5,30,14,9,1,5,4,5,13,4,4,10,5,5,1,3,2,23,3,10,4,5,8,16,8,20,10,16,,53,,1,22,,121.5406898,25.13513022
112,10,12,17,50,2,12內湖區,內湖區民權東路6段15巷與瑞湖街口,0,0,1,2,C03,8,5,5,50,4,1,1,5,4,5,13,2,1,5,5,5,2,16,2,47,2,8,6,1,7,9,1,10,1,12,,44,,1,21,,121.5764403,25.06898099
112,10,12,17,50,2,12內湖區,內湖區民權東路6段15巷與瑞湖街口,0,0,1,1,C03,8,5,5,50,4,1,1,5,4,5,13,2,1,5,5,5,2,16,2,26,3,10,6,1,7,5,1,10,1,14,,8,,1,21,,121.5764403,25.06898099
112,10,12,17,53,2,12內湖區,內湖區民權東路6段與民權東路6段46巷口,0,0,1,1,B03,8,5,5,50,4,1,1,5,4,5,13,2,1,1,4,5,2,15,1,74,3,10,3,4,7,9,1,8,2,2,,81,,1,21,,121.5814821,25.0680449
112,10,12,17,53,2,12內湖區,內湖區民權東路6段與民權東路6段46巷口,0,0,1,2,C03,8,5,5,50,4,1,1,5,4,5,13,2,1,1,4,5,2,15,2,32,2,9,2,1,7,9,1,10,2,11,,44,,1,21,,121.5814821,25.0680449
112,10,12,18,0,2,06松山區,松山區光復北路266號,0,0,1,1,B03,8,5,5,50,14,8,1,5,4,5,13,4,4,4,5,4,2,16,1,54,3,10,7,1,7,5,1,8,1,2,,8,,1,22,,121.5550325,25.05931028
112,10,12,18,0,2,06松山區,松山區光復北路266號,0,0,1,2,C03,8,5,5,50,14,8,1,5,4,5,13,4,4,4,5,4,2,16,1,32,2,9,6,1,7,9,1,10,1,11,,14,,1,22,,121.5550325,25.05931028
112,10,12,18,0,2,09北投區,北投區公館路與承德路7段口,0,0,1,1,B03,8,5,5,50,4,1,1,5,4,5,13,1,1,5,4,5,2,15,1,38,3,10,7,1,7,9,1,8,1,1,,81,,1,21,,121.5013811,25.1194539
112,10,12,18,0,2,09北投區,北投區公館路與承德路7段口,0,0,1,2,C03,8,5,5,50,4,1,1,5,4,5,13,1,1,5,4,5,2,15,1,19,2,9,6,1,7,1,1,10,1,14,,44,,1,25,,121.5013811,25.1194539
112,10,12,18,5,2,08士林區,士林區中山北路7段81巷與中山北路7段口,0,0,1,1,B03,8,5,5,50,4,1,1,5,4,5,13,2,1,1,4,5,2,17,1,61,3,10,7,1,7,6,1,8,1,2,,9,,1,21,,121.5315001,25.1216142