發生年度,發生月,發生日,發生時-Hours,發生分,處理別-編號,區序,肇事地點,死亡人數,2-30日死亡人數,受傷人數,當事人序號,車種,天候,光線,道路類別,速限-速度限制,道路型態,事故位置,路面狀況1,路面狀況2,路面狀況3,道路障礙1,道路障礙2,號誌1,號誌2,車道劃分-分向,車道劃分-分道1,車道劃分-分道2,車道劃分-分道3,事故類型及型態,性別,年齡,受傷程度,主要傷處,保護裝置,行動電話,車輛用途,當事者行動狀態,駕駛資格情形,駕駛執照種類,飲酒情形,車輛撞擊部位1,車輛撞擊部位2,肇因碼-個別,肇因碼-主要,個人肇逃否,職業,旅次目的,座標-X,座標-Y
112,10,13,13,25,2,12內湖區,內湖區康寧路3段與安康路口涵洞,0,0,2,1,C03,8,5,5,50,9,9,1,5,4,5,13,4,4,1,5,5,2,2,1,86,2,9,6,1,7,9,1,10,1,15,,118,,1,21,,121.6100914,25.06490699
112,10,13,13,37,2,05中正區,中正區羅斯福路2段與和平西路1段口,0,0,1,1,B03,8,6,5,50,4,2,1,5,4,5,13,1,1,3,4,5,2,17,2,59,3,10,7,1,7,6,1,8,2,8,,9,,1,21,,121.5225082,25.0267795
112,10,13,13,37,2,05中正區,中正區羅斯福路2段與和平西路1段口,0,0,1,2,F01,8,6,5,50,4,2,1,5,4,5,13,1,1,3,4,5,2,17,1,19,2,9,4,1,7,11,8,20,2,12,,87,,1,21,,121.5225082,25.0267795
112,10,13,13,40,2,08士林區,士林區延平北路8段2巷56弄與延平北路8段2巷口,0,0,2,1,C03,8,6,5,30,4,1,1,5,4,5,13,4,4,10,5,5,1,15,1,58,2,9,5,1,7,9,1,10,2,12,,75,,1,22,,121.4869952,25.1052687
112,10,13,13,40,2,08士林區,士林區延平北路8段2巷56弄與延平北路8段2巷口,0,0,2,2,C03,8,6,5,30,4,1,1,5,4,5,13,4,4,10,5,5,1,15,2,24,2,9,6,1,7,9,1,10,2,11,,80,,1,22,,121.4869952,25.1052687
112,10,13,13,55,2,01大同區,大同區承德路3段與民族西路口,0,0,1,1,B02,8,6,5,50,4,1,1,5,4,5,13,2,1,8,5,1,2,17,1,23,3,10,7,1,7,5,1,8,1,2,,74,,1,21,,121.5184725,25.0685374
112,10,13,13,55,2,01大同區,大同區承德路3段與民族西路口,0,0,1,2,C03,8,6,5,50,4,1,1,5,4,5,13,2,1,8,5,1,2,17,1,25,2,7,5,1,7,9,1,10,1,11,,13,,1,21,,121.5184725,25.0685374
112,10,13,14,30,2,05中正區,中正區仁愛路1段與紹興南街口,0,0,1,2,C03,8,6,5,40,4,2,1,5,4,5,13,1,1,10,4,5,1,17,1,24,3,10,6,1,7,9,1,10,2,11,,44,,1,22,,121.5233762,25.0383326
112,10,13,14,30,2,05中正區,中正區仁愛路1段與紹興南街口,0,0,1,1,C03,8,6,5,40,4,2,1,5,4,5,13,1,1,10,4,5,1,17,1,68,3,10,6,1,7,7,1,10,2,14,,100,,1,22,,121.5233762,25.0383326
112,10,13,14,30,2,05中正區,中正區仁愛路1段與紹興南街口,0,0,1,3,H02,8,6,5,40,4,2,1,5,4,5,13,1,1,10,4,5,1,17,2,66,2,9,4,5,7,20,8,20,10,16,,67,,1,22,,121.5233762,25.0383326
112,10,13,14,43,2,05中正區,中正區和平西路1段與牯嶺街口,0,0,3,3,C03,8,6,5,50,4,2,1,5,4,5,13,1,1,1,4,5,2,12,1,20,2,8,5,1,7,9,1,10,2,11,,44,,1,21,,121.5191259,25.0263585
112,10,13,14,43,2,05中正區,中正區和平西路1段與牯嶺街口,0,0,3,1,C03,8,6,5,50,4,2,1,5,4,5,13,1,1,1,4,5,2,12,1,41,2,9,5,1,7,7,6,10,2,12,,100,,1,21,,121.5191259,25.0263585
112,10,13,14,43,2,05中正區,中正區和平西路1段與牯嶺街口,0,0,3,2,C03,8,6,5,50,4,2,1,5,4,5,13,1,1,1,4,5,2,12,1,66,2,9,5,1,7,9,1,10,2,14,,13,,1,21,,121.5191259,25.0263585
112,10,13,15,2,2,03中山區,中山區吉林路85號,0,0,1,1,C03,8,7,8,40,14,7,1,5,4,5,13,4,4,9,4,4,2,12,1,61,2,9,6,4,7,7,1,10,2,14,,100,,1,21,,121.5301736,25.0554685
112,10,13,15,2,2,03中山區,中山區吉林路85號,0,0,1,2,B03,8,7,8,40,14,7,1,5,4,5,13,4,4,9,4,4,2,12,2,58,3,10,3,4,7,9,1,8,2,2,,44,,1,21,,121.5301736,25.0554685
112,10,13,15,2,2,03中山區,中山區吉林路85號,0,0,1,3,B12,8,7,8,40,14,7,1,5,4,5,13,4,4,9,4,4,2,12,1,23,3,10,3,4,7,14,1,7,2,17,,38,,1,21,,121.5301736,25.0554685
112,10,13,15,5,2,03中山區,中山區長安東路2段與伊通街口,0,0,1,1,C03,8,6,5,50,4,1,1,5,4,5,13,1,1,5,4,5,2,17,1,55,3,10,5,1,7,5,1,10,1,17,,74,,1,22,,121.5347377,25.04845246
112,10,13,15,5,2,03中山區,中山區長安東路2段與伊通街口,0,0,1,2,C03,8,6,5,50,4,1,1,5,4,5,13,1,1,5,4,5,2,17,2,55,2,9,5,4,7,9,1,10,1,17,,107,,1,22,,121.5347377,25.04845246
112,10,13,15,10,2,10文山區,文山區興隆路2段與興隆路2段22巷口,0,0,4,4,H02,7,6,5,50,3,2,1,5,4,5,13,4,4,1,4,5,2,13,2,57,2,9,5,5,7,21,8,20,10,16,,67,,1,22,,121.5454764,24.9987102
112,10,13,15,10,2,10文山區,文山區興隆路2段與興隆路2段22巷口,0,0,4,2,C03,7,6,5,50,3,2,1,5,4,5,13,4,4,1,4,5,2,13,1,56,2,9,6,1,7,9,1,10,2,13,,44,,1,22,,121.5454764,24.9987102
112,10,13,15,10,2,10文山區,文山區興隆路2段與興隆路2段22巷口,0,0,4,3,H02,7,6,5,50,3,2,1,5,4,5,13,4,4,1,4,5,2,13,2,28,2,9,5,5,7,21,8,20,10,16,,67,,1,22,,121.5454764,24.9987102
112,10,13,15,10,2,10文山區,文山區興隆路2段與興隆路2段22巷口,0,0,4,1,C03,7,6,5,50,3,2,1,5,4,5,13,4,4,1,4,5,2,13,1,27,2,8,6,1,7,9,1,10,2,11,,108,,1,22,,121.5454764,24.9987102
112,10,13,15,18,2,01大同區,大同區承德路3段與承德路3段208巷口口,0,0,1,2,C03,7,6,5,50,4,1,1,5,4,5,13,2,1,1,5,4,2,16,2,19,2,8,6,1,7,9,1,10,1,11,,44,,1,25,,121.51834,25.07048236
112,10,13,15,18,2,01大同區,大同區承德路3段與承德路3段208巷口口,0,0,1,1,,7,6,5,50,4,1,1,5,4,5,13,2,1,1,5,4,2,16,4,0,4,11,3,4,7,21,7,19,9,15,,119,,2,22,,121.51834,25.07048236
112,10,13,15,18,2,12內湖區,內湖區民權東路6段451號前,0,0,1,2,C03,8,5,5,0,14,8,1,5,4,5,13,4,4,1,4,4,2,16,1,22,2,9,6,1,7,9,1,10,1,11,,108,,1,21,,121.6046202,25.07192386
112,10,13,15,18,2,12內湖區,內湖區民權東路6段451號前,0,0,1,1,B03,8,5,5,0,14,8,1,5,4,5,13,4,4,1,4,4,2,16,2,46,3,10,7,1,7,7,1,8,1,6,,100,,1,21,,121.6046202,25.07192386
112,10,13,15,29,2,10文山區,文山區永安街與永安街6巷口,0,0,1,1,C03,7,6,5,30,4,1,1,5,4,5,13,4,4,10,5,5,2,15,1,71,2,9,3,4,7,9,1,10,1,12,,75,,1,22,,121.5702177,24.98709314
112,10,13,15,29,2,10文山區,文山區永安街與永安街6巷口,0,0,1,2,B03,7,6,5,30,4,1,1,5,4,5,13,4,4,10,5,5,2,15,2,23,3,10,3,4,7,9,1,8,1,1,,107,,1,22,,121.5702177,24.98709314
112,10,13,16,9,2,01大同區,大同區重慶北路1段1-1號,0,0,1,1,C02,8,6,5,40,14,9,1,5,4,5,13,4,4,10,4,5,2,13,1,34,2,7,3,4,7,9,1,9,1,11,,16,,1,21,,121.5138395,25.04939978
112,10,13,16,9,2,01大同區,大同區重慶北路1段1-1號,0,0,1,2,B03,8,6,5,40,14,9,1,5,4,5,13,4,4,10,4,5,2,13,1,49,3,10,3,4,7,12,1,8,1,3,,44,,1,21,,121.5138395,25.04939978
112,10,13,16,10,2,04大安區,大安區和平東路1段與和平東路口側附近1段141巷口,0,0,1,1,B03,8,7,5,50,4,1,1,5,4,5,13,1,1,1,2,4,2,17,1,73,3,10,7,1,7,5,1,4,1,6,,74,,1,21,,121.5303936,25.0265218
112,10,13,16,10,2,04大安區,大安區和平東路1段與和平東路口側附近1段141巷口,0,0,1,2,C03,8,7,5,50,4,1,1,5,4,5,13,1,1,1,2,4,2,17,1,26,2,9,6,1,7,9,1,10,1,11,,13,,1,21,,121.5303936,25.0265218
112,10,13,16,19,2,04大安區,大安區復興南路1段136號,0,0,1,1,B01,8,6,5,50,14,9,1,5,4,5,13,4,4,1,4,5,1,12,1,68,3,10,7,1,7,8,1,4,1,2,,100,,1,21,,121.5437093,25.0427658
112,10,13,16,19,2,04大安區,大安區復興南路1段136號,0,0,1,2,C03,8,6,5,50,14,9,1,5,4,5,13,4,4,1,4,5,1,12,1,46,2,9,6,1,7,9,1,10,1,11,,44,,1,21,,121.5437093,25.0427658
112,10,13,16,56,2,03中山區,中山區敬業二路與敬業二路69巷口,0,0,2,1,C03,8,6,5,50,3,1,1,5,4,5,13,4,4,4,5,5,1,16,2,63,2,3,3,4,7,6,1,10,1,11,,72,,1,21,,121.554366,25.08194165
112,10,13,16,56,2,03中山區,中山區敬業二路與敬業二路69巷口,0,0,2,2,C03,8,6,5,50,3,1,1,5,4,5,13,4,4,4,5,5,1,16,2,18,2,8,3,4,7,9,1,10,1,11,,44,,1,21,,121.554366,25.08194165
112,10,13,17,20,2,05中正區,中正區中華路1段3號,0,0,1,1,C04,8,6,5,50,14,9,1,5,4,5,13,4,4,1,4,5,1,12,2,19,2,9,5,1,7,7,1,10,2,13,,100,,1,22,,121.5100659,25.0473772
112,10,13,17,20,2,05中正區,中正區中華路1段3號,0,0,1,2,B01,8,6,5,50,14,9,1,5,4,5,13,4,4,1,4,5,1,12,1,50,3,10,7,1,7,9,1,4,2,5,,44,,1,21,,121.5100659,25.0473772
112,10,13,17,20,2,09北投區,北投區學園路與學園路口1號,0,0,1,2,C03,8,6,5,40,3,1,1,5,4,5,13,2,1,5,4,5,2,17,1,20,3,10,5,1,7,5,1,10,1,17,,44,,1,21,,121.4659753,25.12970908
112,10,13,17,20,2,09北投區,北投區學園路與學園路口1號,0,0,1,1,C03,8,6,5,40,3,1,1,5,4,5,13,2,1,5,4,5,2,17,1,21,2,9,5,1,7,11,1,10,1,17,,10,,1,21,,121.4659753,25.12970908
112,10,13,17,24,2,12內湖區,內湖區瑞湖街與民權東路6段15巷口,0,0,1,1,B03,8,5,5,50,4,2,1,5,4,5,13,2,1,10,4,5,2,17,1,26,3,10,7,1,7,5,1,8,1,7,,8,,1,21,,121.5765267,25.06901546
112,10,13,17,24,2,12內湖區,內湖區瑞湖街與民權東路6段15巷口,0,0,1,2,C03,8,5,5,50,4,2,1,5,4,5,13,2,1,10,4,5,2,17,1,55,2,9,6,1,7,9,1,10,1,12,,44,,1,21,,121.5765267,25.06901546
112,10,13,17,39,2,05中正區,中正區同安街與同安街28巷口,0,0,1,2,F01,8,5,5,30,3,1,1,5,4,5,13,4,4,10,5,5,2,13,2,61,2,9,4,1,7,9,8,20,2,13,,44,,1,21,,121.5220137,25.0244585
112,10,13,17,39,2,05中正區,中正區同安街與同安街28巷口,0,0,1,1,B03,8,5,5,30,3,1,1,5,4,5,13,4,4,10,5,5,2,13,2,31,3,10,7,1,7,9,1,8,2,5,,108,,1,21,,121.5220137,25.0244585
112,10,13,17,40,2,03中山區,中山區北安路458巷往南、大直派出所旁,0,0,1,7,C03,8,5,5,50,14,9,1,5,4,5,13,4,4,1,4,5,2,29,3,33,,,,,,,,,,,,67,,1,,,121.5442246,25.07949955
112,10,13,17,40,2,03中山區,中山區北安路458巷往南、大直派出所旁,0,0,1,2,C03,8,5,5,50,14,9,1,5,4,5,13,4,4,1,4,5,2,29,3,33,,,,,,,,,,,,67,,1,,,121.5442246,25.07949955
112,10,13,17,40,2,03中山區,中山區北安路458巷往南、大直派出所旁,0,0,1,1,C03,8,5,5,50,14,9,1,5,4,5,13,4,4,1,4,5,2,29,1,18,2,8,6,4,7,15,3,18,2,11,,116,,1,21,,121.5442246,25.07949955
112,10,13,17,40,2,03中山區,中山區北安路458巷往南、大直派出所旁,0,0,1,3,C03,8,5,5,50,14,9,1,5,4,5,13,4,4,1,4,5,2,29,3,33,,,,,,,,,,,,67,,1,,,121.5442246,25.07949955
112,10,13,17,40,2,03中山區,中山區北安路458巷往南、大直派出所旁,0,0,1,4,C03,8,5,5,50,14,9,1,5,4,5,13,4,4,1,4,5,2,29,3,33,,,,,,,,,,,,67,,1,,,121.5442246,25.07949955
112,10,13,17,40,2,03中山區,中山區北安路458巷往南、大直派出所旁,0,0,1,5,C03,8,5,5,50,14,9,1,5,4,5,13,4,4,1,4,5,2,29,3,33,,,,,,,,,,,,67,,1,,,121.5442246,25.07949955
112,10,13,17,40,2,03中山區,中山區北安路458巷往南、大直派出所旁,0,0,1,6,C03,8,5,5,50,14,9,1,5,4,5,13,4,4,1,4,5,2,29,3,33,,,,,,,,,,,,67,,1,,,121.5442246,25.07949955
112,10,13,18,0,2,08士林區,士林區文林路與安平街口,0,0,1,2,C03,8,5,5,50,3,2,1,5,4,5,13,4,4,5,2,5,1,13,2,20,2,9,5,1,7,14,1,10,1,13,,44,,1,21,,121.5263795,25.08839637
112,10,13,18,0,2,08士林區,士林區文林路與安平街口,0,0,1,1,C03,8,5,5,50,3,2,1,5,4,5,13,4,4,5,2,5,1,13,1,79,3,10,5,1,7,9,1,10,1,11,,16,,1,21,,121.5263795,25.08839637
112,10,13,18,0,2,04大安區,大安區復興南路1段279巷10號,0,0,1,2,C03,8,5,5,30,14,9,1,5,4,5,13,4,4,10,5,5,1,17,2,30,2,9,6,1,7,9,1,10,1,11,,44,,1,21,,121.5443847,25.0356097
112,10,13,18,0,2,04大安區,大安區復興南路1段279巷10號,0,0,1,1,B03,8,5,5,30,14,9,1,5,4,5,13,4,4,10,5,5,1,17,2,49,3,10,7,1,7,1,1,8,1,2,,19,,1,21,,121.5443847,25.0356097
112,10,13,18,5,2,09北投區,北投區崇仁路1段與崇仁路1段166巷口,0,0,2,2,B03,8,5,5,30,3,1,1,5,4,5,13,4,4,9,4,5,2,16,1,44,2,2,2,1,7,9,1,8,2,1,,44,,1,21,,121.5024509,25.12293842
112,10,13,18,5,2,09北投區,北投區崇仁路1段與崇仁路1段166巷口,0,0,2,1,C03,8,5,5,30,3,1,1,5,4,5,13,4,4,9,4,5,2,16,2,21,2,8,5,1,7,6,3,18,2,11,,72,,1,21,,121.5024509,25.12293842
112,10,13,18,9,2,02萬華區,萬華區康定路與桂林路口,0,0,3,2,C03,8,5,5,50,4,1,1,5,4,5,13,1,1,9,4,5,2,12,2,28,2,9,5,1,7,7,1,10,1,12,,100,,1,21,,121.5016775,25.03838228
112,10,13,18,9,2,02萬華區,萬華區康定路與桂林路口,0,0,3,3,C03,8,5,5,50,4,1,1,5,4,5,13,1,1,9,4,5,2,12,1,30,2,8,5,1,7,14,1,10,1,14,,44,,1,21,,121.5016775,25.03838228
112,10,13,18,9,2,02萬華區,萬華區康定路與桂林路口,0,0,3,1,C03,8,5,5,50,4,1,1,5,4,5,13,1,1,9,4,5,2,12,2,39,2,8,5,1,7,9,1,10,1,14,,44,,1,21,,121.5016775,25.03838228
112,10,13,18,10,2,03中山區,中山區明水路383號,0,0,2,2,C03,8,5,5,50,14,9,1,5,4,5,13,4,4,1,4,5,2,16,1,42,2,7,6,1,7,3,1,10,1,12,,44,,1,21,,121.546053,25.07748995
112,10,13,18,10,2,03中山區,中山區明水路383號,0,0,2,1,C03,8,5,5,50,14,9,1,5,4,5,13,4,4,1,4,5,2,16,1,33,2,7,6,1,7,9,1,10,1,11,,107,,1,21,,121.546053,25.07748995
112,10,13,18,26,2,07信義區,信義區基隆路1段與基隆路1段102巷口,0,0,1,2,C03,7,5,5,50,5,2,1,5,4,5,13,4,4,10,4,5,2,17,1,26,2,9,5,1,7,9,1,10,1,14,,44,,1,21,,121.5668862,25.0454627
112,10,13,18,26,2,07信義區,信義區基隆路1段與基隆路1段102巷口,0,0,1,1,B03,7,5,5,50,5,2,1,5,4,5,13,4,4,10,4,5,2,17,1,61,3,10,7,1,7,6,1,8,1,5,,9,,1,21,,121.5668862,25.0454627
112,10,13,18,36,2,05中正區,中正區中華路1段與貴陽街1段口,0,0,1,1,C03,8,5,5,50,14,8,1,5,4,5,13,2,1,3,4,3,2,17,1,27,2,9,6,1,7,9,6,18,2,11,,44,,1,21,,121.5077039,25.039411
112,10,13,18,36,2,05中正區,中正區中華路1段與貴陽街1段口,0,0,1,2,C03,8,5,5,50,14,8,1,5,4,5,13,2,1,3,4,3,2,17,1,30,3,10,6,4,7,9,1,10,9,15,,30,,1,21,,121.5077039,25.039411
112,10,13,18,45,2,12內湖區,內湖區潭美街與安康路22巷口,0,0,1,1,B03,8,5,5,40,3,1,1,5,4,5,13,2,1,10,5,5,2,16,1,34,3,10,7,1,7,5,1,8,1,2,,74,,1,21,,121.5938281,25.06103442
112,10,13,18,45,2,12內湖區,內湖區潭美街與安康路22巷口,0,0,1,2,C03,8,5,5,40,3,1,1,5,4,5,13,2,1,10,5,5,2,16,1,45,2,9,5,1,7,9,1,10,1,11,,13,,1,21,,121.5938281,25.06103442
112,10,13,19,2,2,10文山區,文山區興隆路3段與興德路口,0,0,1,1,B03,8,5,5,30,3,18,1,5,4,5,13,4,4,10,5,5,1,9,2,66,3,10,3,4,7,6,1,8,11,1,,70,,2,22,,121.5550301,25.0007888
112,10,13,19,2,2,10文山區,文山區興隆路3段與興德路口,0,0,1,2,H01,8,5,5,30,3,18,1,5,4,5,13,4,4,10,5,5,1,9,1,20,2,8,4,5,8,16,8,20,10,16,,67,,1,21,,121.5550301,25.0007888
112,10,13,19,5,2,07信義區,信義區永吉路與永吉路326巷口,0,0,2,2,C03,8,5,5,50,4,1,1,5,4,5,13,2,1,1,4,4,2,15,2,63,2,8,5,1,7,1,1,10,1,11,,44,,1,21,,121.5755096,25.0454319
112,10,13,19,5,2,07信義區,信義區永吉路與永吉路326巷口,0,0,2,1,C03,8,5,5,50,4,1,1,5,4,5,13,2,1,1,4,4,2,15,1,65,2,8,6,1,7,9,1,10,1,12,,81,,1,21,,121.5755096,25.0454319
112,10,13,19,8,2,11南港區,南港區市民大道8段369號,0,0,1,1,C03,8,5,5,50,14,9,1,5,4,5,13,4,4,9,4,5,2,12,2,35,2,7,5,1,7,7,1,10,2,14,,100,,1,21,,121.6079603,25.0534534
112,10,13,19,8,2,11南港區,南港區市民大道8段369號,0,0,1,2,B03,8,5,5,50,14,9,1,5,4,5,13,4,4,9,4,5,2,12,1,48,3,10,7,1,7,9,1,8,2,2,,44,,1,21,,121.6079603,25.0534534
112,10,13,19,40,2,06松山區,松山區光復北路與延壽街口,0,0,2,2,C03,8,5,5,50,4,1,1,5,4,5,13,1,1,5,4,5,2,16,1,49,2,9,6,1,7,9,1,10,2,11,,44,,1,22,,121.5556628,25.0562652
112,10,13,19,40,2,06松山區,松山區光復北路與延壽街口,0,0,2,1,C03,8,5,5,50,4,1,1,5,4,5,13,1,1,5,4,5,2,16,1,20,2,9,6,1,7,6,1,10,2,12,,74,,1,22,,121.5556628,25.0562652
112,10,13,19,49,2,08士林區,士林區德行東路314號,0,0,1,2,B03,8,5,5,50,14,9,1,5,4,5,13,4,4,9,5,5,2,17,1,67,3,10,7,1,7,12,1,8,1,2,,44,,1,21,,121.5369509,25.1101918
112,10,13,19,49,2,08士林區,士林區德行東路314號,0,0,1,3,C03,8,5,5,50,14,9,1,5,4,5,13,4,4,9,5,5,2,17,1,61,3,10,6,1,7,12,1,10,1,15,,44,,1,21,,121.5369509,25.1101918
112,10,13,19,49,2,08士林區,士林區德行東路314號,0,0,1,1,C03,8,5,5,50,14,9,1,5,4,5,13,4,4,9,5,5,2,17,1,19,2,8,6,1,7,9,1,10,1,11,,107,,1,21,,121.5369509,25.1101918
112,10,13,20,26,2,09北投區,北投區中央北路4段與一心路口口,0,0,2,2,C03,8,5,5,50,3,1,1,5,4,5,13,2,1,4,4,5,2,17,1,68,2,9,6,1,7,9,1,10,1,11,,44,,1,22,,121.4748299,25.1325802
112,10,13,20,26,2,09北投區,北投區中央北路4段與一心路口口,0,0,2,1,C03,8,5,5,50,3,1,1,5,4,5,13,2,1,4,4,5,2,17,2,60,2,9,6,1,7,5,1,10,1,11,,74,,1,22,,121.4748299,25.1325802
112,10,13,20,55,2,01大同區,大同區延平北路3段與民權西路口,0,0,2,3,C03,8,6,5,50,4,2,1,5,4,5,13,2,1,8,3,5,1,13,1,36,2,8,6,1,7,9,1,10,1,13,,107,,1,21,,121.5111803,25.0629908
112,10,13,20,55,2,01大同區,大同區延平北路3段與民權西路口,0,0,2,1,C03,8,6,5,50,4,2,1,5,4,5,13,2,1,8,3,5,1,13,1,34,3,10,6,1,7,5,1,10,1,17,,8,,1,21,,121.5111803,25.0629908
112,10,13,20,55,2,01大同區,大同區延平北路3段與民權西路口,0,0,2,2,C03,8,6,5,50,4,2,1,5,4,5,13,2,1,8,3,5,1,13,2,22,2,9,6,1,7,9,1,10,1,11,,16,,1,21,,121.5111803,25.0629908
112,10,13,20,57,2,03中山區,中山區吉林路與錦州街口,0,0,1,1,C03,8,5,5,40,4,2,1,5,4,5,13,2,1,5,4,4,2,12,2,58,2,3,6,1,7,8,1,10,2,14,,100,,1,21,,121.5302301,25.0601075
112,10,13,20,57,2,03中山區,中山區吉林路與錦州街口,0,0,1,2,B03,8,5,5,40,4,2,1,5,4,5,13,2,1,5,4,4,2,12,2,22,3,10,7,1,7,9,1,8,2,2,,13,,1,21,,121.5302301,25.0601075
112,10,13,21,3,2,05中正區,中正區汀州路3段與汀州路3段24巷口,0,0,2,1,C03,8,5,5,50,3,1,1,5,4,5,13,4,4,5,4,5,2,16,1,45,2,9,6,4,7,9,1,10,1,11,,107,,1,21,,121.5284127,25.0177514
112,10,13,21,3,2,05中正區,中正區汀州路3段與汀州路3段24巷口,0,0,2,2,C03,8,5,5,50,3,1,1,5,4,5,13,4,4,5,4,5,2,16,1,18,2,9,6,4,7,5,1,10,1,14,,8,,1,21,,121.5284127,25.0177514
112,10,13,21,16,2,02萬華區,萬華區西園路2段與西藏路口,0,0,1,1,B03,8,5,5,50,4,1,1,5,4,5,13,2,1,1,3,5,1,16,1,30,3,10,3,4,7,5,1,8,1,1,,74,,1,22,,121.4955478,25.028774
112,10,13,21,16,2,02萬華區,萬華區西園路2段與西藏路口,0,0,1,2,C03,8,5,5,50,4,1,1,5,4,5,13,2,1,1,3,5,1,16,1,50,2,9,3,4,7,9,1,10,1,14,,44,,1,22,,121.4955478,25.028774
112,10,13,22,18,2,09北投區,北投區北投路2段與大業路452巷口,0,0,1,2,C03,8,5,5,50,5,1,1,5,4,5,13,2,1,5,5,5,2,17,1,19,2,7,6,1,7,9,1,10,2,11,,44,,1,21,,121.4975905,25.13252715
112,10,13,22,18,2,09北投區,北投區北投路2段與大業路452巷口,0,0,1,1,B03,8,5,5,50,5,1,1,5,4,5,13,2,1,5,5,5,2,17,1,54,3,10,7,1,7,5,1,8,2,6,,74,,1,21,,121.4975905,25.13252715
112,10,14,0,0,2,06松山區,松山區南京東路5段與寶清街口,0,0,1,1,B03,8,5,5,50,4,1,1,5,4,5,13,2,1,3,4,5,2,15,2,29,3,10,3,4,7,9,1,8,1,8,,81,,1,22,,121.5683371,25.05144964
112,10,14,0,0,2,06松山區,松山區南京東路5段與寶清街口,0,0,1,2,F01,8,5,5,50,4,1,1,5,4,5,13,2,1,3,4,5,2,15,1,23,2,8,4,4,7,9,8,20,1,11,,44,,1,22,,121.5683371,25.05144964
112,10,14,0,0,2,10文山區,文山區木柵路2段與木柵路2段109巷口,0,0,1,2,C03,8,5,5,50,4,1,1,5,4,5,13,2,1,5,4,5,2,17,2,26,2,9,6,1,7,9,1,10,1,11,,44,,1,22,,121.5617549,24.9888838
112,10,14,0,0,2,10文山區,文山區木柵路2段與木柵路2段109巷口,0,0,1,1,B01,8,5,5,50,4,1,1,5,4,5,13,2,1,5,4,5,2,17,1,45,3,10,7,1,7,15,1,4,1,1,,74,,1,21,,121.5617549,24.9888838
112,10,14,0,6,2,06松山區,松山區市民大道4段與復興南路1段口,0,0,2,1,B01,8,5,5,40,5,1,1,5,4,5,13,1,1,1,4,5,2,16,1,40,3,10,7,1,7,6,1,4,1,2,,9,,1,22,,121.544013,25.0449894
112,10,14,0,6,2,06松山區,松山區市民大道4段與復興南路1段口,0,0,2,2,C03,8,5,5,40,5,1,1,5,4,5,13,1,1,1,4,5,2,16,1,22,2,8,6,1,7,9,1,10,1,11,,44,,1,22,,121.544013,25.0449894
112,10,14,0,6,2,06松山區,松山區市民大道4段與復興南路1段口,0,0,2,3,H02,8,5,5,40,5,1,1,5,4,5,13,1,1,1,4,5,2,16,2,22,2,7,6,5,7,21,8,20,10,16,,67,,1,22,,121.544013,25.0449894
112,10,14,1,5,2,06松山區,松山區南京東路3段256巷與敦化北路4巷口,0,0,1,1,C03,8,5,5,30,4,1,1,5,4,5,13,4,4,9,4,5,2,15,2,18,2,8,6,4,7,9,1,10,2,11,,72,,1,22,,121.5446927,25.05020982
112,10,14,1,5,2,06松山區,松山區南京東路3段256巷與敦化北路4巷口,0,0,1,2,B01,8,5,5,30,4,1,1,5,4,5,13,4,4,9,4,5,2,15,1,52,3,10,3,4,7,9,1,4,2,6,,14,,1,22,,121.5446927,25.05020982
112,10,14,1,50,2,09北投區,北投區承德路7段與吉利街334巷口,0,0,1,1,C03,7,5,5,50,3,1,4,5,3,1,13,2,1,8,5,4,2,18,1,21,2,9,6,1,7,9,1,10,1,14,,107,,1,22,,121.5039978,25.11738048
112,10,14,1,50,2,09北投區,北投區承德路7段與吉利街334巷口,0,0,1,2,,7,5,5,50,3,1,4,5,3,1,13,2,1,8,5,4,2,18,3,0,,,,,,,,,10,,,67,,1,,,121.5039978,25.11738048
112,10,14,4,23,2,05中正區,中正區重慶南路2段7巷與南昌路1段口,0,0,2,1,B03,8,5,5,50,4,1,1,5,4,5,13,4,4,5,4,5,2,15,1,24,2,9,7,4,7,9,1,8,2,1,,72,,1,21,,121.5149399,25.0342648
112,10,14,4,23,2,05中正區,中正區重慶南路2段7巷與南昌路1段口,0,0,2,2,B03,8,5,5,50,4,1,1,5,4,5,13,4,4,5,4,5,2,15,1,59,2,9,7,4,7,9,1,8,2,5,,44,,1,21,,121.5149399,25.0342648
112,10,14,7,24,2,10文山區,文山區木柵路1段與木柵路1段59巷口口,0,0,1,5,,8,6,5,50,4,1,1,5,4,5,13,2,1,5,3,5,1,17,3,0,,,,,,,,,,,,67,,1,,,121.5462266,24.98684843
112,10,14,7,24,2,10文山區,文山區木柵路1段與木柵路1段59巷口口,0,0,1,4,C03,8,6,5,50,4,1,1,5,4,5,13,2,1,5,3,5,1,17,2,21,3,10,3,4,7,13,1,10,1,13,,44,,1,21,,121.5462266,24.98684843
112,10,14,7,24,2,10文山區,文山區木柵路1段與木柵路1段59巷口口,0,0,1,3,C03,8,6,5,50,4,1,1,5,4,5,13,2,1,5,3,5,1,17,1,18,3,10,3,4,7,13,1,10,1,13,,44,,1,21,,121.5462266,24.98684843