發生年度,發生月,發生日,發生時-Hours,發生分,處理別-編號,區序,肇事地點,死亡人數,2-30日死亡人數,受傷人數,當事人序號,車種,天候,光線,道路類別,速限-速度限制,道路型態,事故位置,路面狀況1,路面狀況2,路面狀況3,道路障礙1,道路障礙2,號誌1,號誌2,車道劃分-分向,車道劃分-分道1,車道劃分-分道2,車道劃分-分道3,事故類型及型態,性別,年齡,受傷程度,主要傷處,保護裝置,行動電話,車輛用途,當事者行動狀態,駕駛資格情形,駕駛執照種類,飲酒情形,車輛撞擊部位1,車輛撞擊部位2,肇因碼-個別,肇因碼-主要,個人肇逃否,職業,旅次目的,座標-X,座標-Y
112,10,16,11,35,2,03中山區,中山區敬業四路與樂群三路口,0,0,1,2,B12,8,7,5,50,4,1,1,5,4,5,13,2,1,5,5,5,2,13,1,61,3,10,3,4,7,6,1,2,2,3,,9,,1,21,,121.558359,25.0826154
112,10,16,11,40,2,03中山區,中山區長安東路1段52巷與市民大道2段口,0,0,1,2,C03,8,7,5,40,3,1,1,5,4,5,13,2,1,9,4,5,2,17,2,32,2,9,5,1,7,9,1,10,1,14,,44,,1,21,,121.527793,25.0470407
112,10,16,11,40,2,03中山區,中山區長安東路1段52巷與市民大道2段口,0,0,1,1,B02,8,7,5,40,3,1,1,5,4,5,13,2,1,9,4,5,2,17,1,30,3,10,7,1,7,6,3,18,1,2,,9,,1,21,,121.527793,25.0470407
112,10,16,11,40,2,08士林區,士林區中山北路5段與文林路口,0,0,1,2,C03,8,5,5,50,4,2,1,5,4,5,13,1,1,1,4,1,2,13,2,24,2,9,5,1,7,14,1,10,1,13,,44,,1,21,,121.5257407,25.08553504
112,10,16,11,40,2,08士林區,士林區中山北路5段與文林路口,0,0,1,1,B02,8,5,5,50,4,2,1,5,4,5,13,1,1,1,4,1,2,13,2,31,3,10,7,1,7,9,1,8,1,8,,107,,1,21,,121.5257407,25.08553504
112,10,16,11,42,2,02萬華區,萬華區西園路1段與廣州街口,0,0,2,2,C03,7,5,5,50,4,1,1,5,4,5,13,1,1,1,4,5,2,17,1,30,2,8,5,4,7,9,1,10,2,11,,44,,1,21,,121.4993174,25.03669643
112,10,16,11,42,2,02萬華區,萬華區西園路1段與廣州街口,0,0,2,1,C03,7,5,5,50,4,1,1,5,4,5,13,1,1,1,4,5,2,17,2,25,2,9,5,4,7,5,1,10,2,13,,74,,1,21,,121.4993174,25.03669643
112,10,16,11,55,2,01大同區,大同區延平北路3段與民權西路口,0,0,2,1,F03,8,5,5,50,4,2,1,5,4,5,13,2,1,1,4,5,2,17,1,17,2,9,3,4,7,8,8,20,1,14,,100,,1,21,,121.511793,25.0631258
112,10,16,11,55,2,01大同區,大同區延平北路3段與民權西路口,0,0,2,2,C03,8,5,5,50,4,2,1,5,4,5,13,2,1,1,4,5,2,17,2,20,2,9,3,4,7,9,1,10,1,11,,44,,1,21,,121.511793,25.0631258
112,10,16,11,56,2,03中山區,中山區南京東路1段100號,0,0,1,2,C04,8,7,5,50,14,7,1,5,4,5,13,4,4,1,4,4,2,16,1,30,2,9,5,1,7,9,1,11,1,12,,42,,1,22,,121.5265635,25.0520402
112,10,16,11,56,2,03中山區,中山區南京東路1段100號,0,0,1,1,B01,8,7,5,50,14,7,1,5,4,5,13,4,4,1,4,4,2,16,1,50,3,10,7,1,7,8,1,4,1,4,,100,,1,22,,121.5265635,25.0520402
112,10,16,12,19,2,03中山區,中山區民權東路2段與松江路口,0,0,1,1,A02,8,6,5,50,4,2,1,5,4,5,13,1,1,1,4,5,2,9,1,48,3,10,7,1,7,1,1,2,9,17,,44,,1,22,,121.5334021,25.06257003
112,10,16,12,19,2,03中山區,中山區民權東路2段與松江路口,0,0,1,2,H02,8,6,5,50,4,2,1,5,4,5,13,1,1,1,4,5,2,9,2,72,2,8,4,5,7,20,8,20,10,16,,67,,1,21,,121.5334021,25.06257003
112,10,16,12,41,2,04大安區,大安區和平東路2段205號,0,0,1,1,B03,8,6,5,50,14,7,1,5,4,5,13,4,4,1,4,4,2,13,2,66,3,10,7,1,7,1,1,8,1,6,,19,,1,21,,121.5423873,25.02505691
112,10,16,12,41,2,04大安區,大安區和平東路2段205號,0,0,1,2,C03,8,6,5,50,14,7,1,5,4,5,13,4,4,1,4,4,2,13,1,41,2,9,6,1,7,9,1,9,1,14,,108,,1,21,,121.5423873,25.02505691
112,10,16,12,44,2,09北投區,北投區中央北路1段73號,0,0,1,1,C03,8,6,5,50,14,9,1,5,4,5,13,2,1,9,4,5,2,12,1,57,3,10,5,1,7,8,1,10,2,12,,101,,1,21,,121.5002021,25.1343413
112,10,16,12,44,2,09北投區,北投區中央北路1段73號,0,0,1,2,,8,6,5,50,14,9,1,5,4,5,13,2,1,9,4,5,2,12,1,54,2,9,4,1,7,9,8,20,2,11,,108,,1,21,,121.5002021,25.1343413
112,10,16,12,50,2,06松山區,松山區復興北路與長安東路2段口,0,0,2,1,C03,8,5,5,50,4,1,1,5,4,5,13,2,1,3,4,5,2,12,1,22,2,9,6,4,7,9,1,10,2,12,,108,,1,22,,121.5440466,25.0482735
112,10,16,12,50,2,06松山區,松山區復興北路與長安東路2段口,0,0,2,2,C03,8,5,5,50,4,1,1,5,4,5,13,2,1,3,4,5,2,12,1,29,2,9,6,4,7,9,1,10,2,12,,44,,1,22,,121.5440466,25.0482735
112,10,16,12,50,2,06松山區,松山區復興北路與長安東路2段口,0,0,2,3,C03,8,5,5,50,4,1,1,5,4,5,13,2,1,3,4,5,2,12,1,54,3,10,6,4,7,9,1,10,2,14,,44,,1,22,,121.5440466,25.0482735
112,10,16,13,6,2,09北投區,北投區承德路6段往北投方向第1205005號燈桿前,0,0,1,1,C03,8,6,5,40,14,8,1,5,4,5,13,4,4,1,4,4,2,13,1,18,2,9,5,1,7,9,1,10,1,11,,16,,1,21,,121.5127154,25.0997861
112,10,16,13,6,2,09北投區,北投區承德路6段往北投方向第1205005號燈桿前,0,0,1,2,C03,8,6,5,40,14,8,1,5,4,5,13,4,4,1,4,4,2,13,1,18,3,10,5,1,7,9,1,10,1,13,,44,,1,21,,121.5127154,25.0997861
112,10,16,13,6,2,09北投區,北投區承德路6段往北投方向第1205005號燈桿前,0,0,1,3,B02,8,6,5,40,14,8,1,5,4,5,13,4,4,1,4,4,2,13,1,61,3,10,7,1,7,7,1,4,1,17,,100,,1,21,,121.5127154,25.0997861
112,10,16,13,10,2,02萬華區,萬華區中興橋機車道往北市,0,0,2,1,C03,8,6,8,30,14,11,1,5,4,5,13,4,4,10,5,5,1,17,2,18,2,8,3,4,7,9,1,10,1,11,,108,,1,22,,121.5004911,25.04443227
112,10,16,13,10,2,02萬華區,萬華區中興橋機車道往北市,0,0,2,2,F01,8,6,8,30,14,11,1,5,4,5,13,4,4,10,5,5,1,17,1,70,2,7,4,4,7,9,8,20,1,13,,44,,1,22,,121.5004911,25.04443227
112,10,16,13,10,2,07信義區,信義區信義路5段17號對面,0,0,1,2,C03,8,7,5,50,14,9,1,5,4,5,13,4,4,1,4,5,2,12,1,50,2,8,6,1,7,9,1,10,1,14,,100,,1,22,,121.5679596,25.0327834
112,10,16,13,10,2,07信義區,信義區信義路5段17號對面,0,0,1,1,B01,8,7,5,50,14,9,1,5,4,5,13,4,4,1,4,5,2,12,1,62,3,10,7,1,7,14,1,8,1,5,,108,,1,22,,121.5679596,25.0327834
112,10,16,13,11,2,10文山區,文山區景文街與景中街口口,0,0,1,1,B03,8,6,5,50,4,1,1,5,4,5,13,2,1,5,4,5,2,16,1,56,3,10,7,1,7,6,1,8,1,5,,9,,1,21,,121.5413393,24.9928079
112,10,16,13,11,2,10文山區,文山區景文街與景中街口口,0,0,1,2,C03,8,6,5,50,4,1,1,5,4,5,13,2,1,5,4,5,2,16,2,27,2,9,5,1,7,9,1,10,1,14,,108,,1,21,,121.5413393,24.9928079
112,10,16,13,29,2,05中正區,中正區徐州路與林森南路口,0,0,1,1,B01,8,7,5,50,4,1,1,5,4,5,13,1,1,9,4,5,2,16,1,42,3,10,7,1,7,5,1,8,2,5,,74,,1,21,,121.5222353,25.04099633
112,10,16,13,29,2,05中正區,中正區徐州路與林森南路口,0,0,1,2,C03,8,7,5,50,4,1,1,5,4,5,13,1,1,9,4,5,2,16,1,29,2,9,5,1,7,9,1,10,2,11,,13,,1,21,,121.5222353,25.04099633
112,10,16,13,31,2,03中山區,中山區中山北路1段27號,0,0,1,2,C03,8,6,5,50,14,8,1,5,4,5,13,4,4,1,3,1,1,12,1,18,3,10,3,4,7,9,1,10,2,12,,44,,1,21,,121.5212832,25.0488524
112,10,16,13,31,2,03中山區,中山區中山北路1段27號,0,0,1,1,C03,8,6,5,50,14,8,1,5,4,5,13,4,4,1,3,1,1,12,1,39,2,8,3,4,7,8,1,10,2,14,,17,,1,21,,121.5212832,25.0488524
112,10,16,13,45,2,06松山區,松山區光復北路與南京東路5段23巷7弄口,0,0,2,1,B01,8,6,5,50,4,1,1,5,4,5,13,4,4,5,4,5,2,17,1,60,3,10,7,1,7,11,1,4,2,8,,10,,1,21,,121.5571409,25.0522214
112,10,16,13,45,2,06松山區,松山區光復北路與南京東路5段23巷7弄口,0,0,2,2,C03,8,6,5,50,4,1,1,5,4,5,13,4,4,5,4,5,2,17,1,23,2,9,5,1,7,7,1,10,2,11,,99,,1,21,,121.5571409,25.0522214
112,10,16,13,45,2,06松山區,松山區光復北路與南京東路5段23巷7弄口,0,0,2,3,H02,8,6,5,50,4,1,1,5,4,5,13,4,4,5,4,5,2,17,2,21,2,8,5,5,7,20,8,20,10,16,,67,,1,21,,121.5571409,25.0522214
112,10,16,14,27,2,06松山區,松山區八德路4段與松信路口口,0,0,2,1,C02,8,7,5,50,5,2,1,5,4,5,13,2,1,5,2,5,2,17,1,28,2,9,6,1,7,8,1,9,2,11,,103,,1,21,,121.5721546,25.0499064
112,10,16,14,27,2,06松山區,松山區八德路4段與松信路口口,0,0,2,2,C03,8,7,5,50,5,2,1,5,4,5,13,2,1,5,2,5,2,17,1,31,2,9,6,1,7,9,1,10,11,11,,99,,1,21,,121.5721546,25.0499064
112,10,16,14,27,2,08士林區,士林區承德路5段與中正路口,0,0,1,2,E01,8,5,5,50,4,1,1,5,4,5,13,2,1,1,4,4,2,15,1,26,3,10,7,1,7,9,1,8,2,2,,44,,1,27,,121.5164544,25.0911193
112,10,16,14,27,2,08士林區,士林區承德路5段與中正路口,0,0,1,1,C03,8,5,5,50,4,1,1,5,4,5,13,2,1,1,4,4,2,15,1,19,2,9,6,1,7,9,1,10,2,11,,79,,1,21,,121.5164544,25.0911193
112,10,16,14,28,2,03中山區,中山區北安路303號,0,0,1,1,C03,8,7,5,50,14,9,1,5,3,5,13,4,4,9,4,5,2,17,1,43,2,9,5,1,7,9,1,10,1,11,,107,,1,21,,121.5361264,25.07793128
112,10,16,14,28,2,03中山區,中山區北安路303號,0,0,1,2,B01,8,7,5,50,14,9,1,5,3,5,13,4,4,9,4,5,2,17,1,55,3,10,7,1,7,14,1,4,1,3,,38,,1,21,,121.5361264,25.07793128
112,10,16,15,5,2,05中正區,中正區愛國西路與延平南路口,0,0,1,1,B03,8,7,5,50,4,1,1,5,4,5,13,1,1,1,4,4,2,16,1,32,3,10,7,1,7,6,1,8,1,2,,9,,1,22,,121.5076975,25.0366988
112,10,16,15,5,2,05中正區,中正區愛國西路與延平南路口,0,0,1,2,C03,8,7,5,50,4,1,1,5,4,5,13,1,1,1,4,4,2,16,2,48,2,9,6,1,7,9,1,10,1,14,,44,,1,22,,121.5076975,25.0366988
112,10,16,15,35,2,11南港區,南港區南港路1段西往東（捷運南展館6號出口附近）,0,0,1,1,C03,8,7,5,50,14,9,1,5,4,5,13,2,1,1,4,5,2,13,2,56,2,9,5,1,7,9,1,10,1,11,,108,,1,21,,121.6183029,25.0548562
112,10,16,15,35,2,11南港區,南港區南港路1段西往東（捷運南展館6號出口附近）,0,0,1,2,B03,8,7,5,50,14,9,1,5,4,5,13,2,1,1,4,5,2,13,1,25,3,10,7,1,7,14,1,8,1,6,,44,,1,21,,121.6183029,25.0548562
112,10,16,15,49,2,04大安區,大安區基隆路3段155巷25號,0,0,2,2,C03,8,6,5,50,14,9,1,5,4,3,13,4,4,9,5,5,2,16,2,66,2,7,5,1,7,9,1,10,1,11,,44,,1,21,,121.5431746,25.01509201
112,10,16,15,49,2,04大安區,大安區基隆路3段155巷25號,0,0,2,1,C03,8,6,5,50,14,9,1,5,4,3,13,4,4,9,5,5,2,16,2,19,2,8,5,1,7,7,1,10,1,15,,100,,1,21,,121.5431746,25.01509201
112,10,16,15,57,2,03中山區,中山區市民大道3段與八德路2段300巷口,0,0,1,1,B01,8,6,5,40,3,2,1,5,4,5,13,4,4,1,4,5,2,16,1,61,3,10,3,4,7,6,1,4,1,2,,9,,1,21,,121.5429129,25.0448808
112,10,16,15,57,2,03中山區,中山區市民大道3段與八德路2段300巷口,0,0,1,2,C03,8,6,5,40,3,2,1,5,4,5,13,4,4,1,4,5,2,16,1,53,2,9,3,4,7,9,1,10,1,11,,13,,1,21,,121.5429129,25.0448808
112,10,16,16,6,2,03中山區,中山區北安路301號,0,0,1,2,,8,5,8,50,14,9,1,5,4,5,13,4,4,1,3,5,1,29,3,0,,,,,,,,,10,,,67,,1,,,121.5367062,25.07796514
112,10,16,16,6,2,03中山區,中山區北安路301號,0,0,1,1,C03,8,5,8,50,14,9,1,5,4,5,13,4,4,1,3,5,1,29,2,30,2,8,6,1,7,9,1,10,1,11,,108,,1,21,,121.5367062,25.07796514
112,10,16,16,14,2,02萬華區,萬華區西園路2段281巷與西園路2段口,0,0,2,2,C03,8,7,5,50,4,1,1,5,4,5,13,3,1,9,5,5,2,15,1,38,2,9,5,1,7,9,1,10,1,11,,13,,1,22,,121.4915696,25.0249173
112,10,16,16,14,2,02萬華區,萬華區西園路2段281巷與西園路2段口,0,0,2,1,C03,8,7,5,50,4,1,1,5,4,5,13,3,1,9,5,5,2,15,2,54,2,9,5,1,7,9,1,10,1,12,,72,,1,22,,121.4915696,25.0249173
112,10,16,16,20,2,06松山區,松山區南京東路3段259號,0,0,1,1,C03,8,7,5,50,14,8,1,5,4,5,13,4,4,9,4,4,2,11,2,54,3,10,6,1,7,15,1,10,1,13,,100,,2,21,,121.5447652,25.05191146
112,10,16,16,20,2,06松山區,松山區南京東路3段259號,0,0,1,2,C03,8,7,5,50,14,8,1,5,4,5,13,4,4,9,4,4,2,11,1,31,2,7,6,1,7,9,1,10,1,11,,44,,1,21,,121.5447652,25.05191146
112,10,16,16,30,2,09北投區,北投區承德路6段2120143燈桿,0,0,1,1,C03,8,6,5,50,14,12,1,5,4,5,13,4,4,1,4,4,2,13,2,42,2,9,5,1,7,9,1,10,1,11,,16,,1,21,,121.5120722,25.10263375
112,10,16,16,30,2,09北投區,北投區承德路6段2120143燈桿,0,0,1,2,C03,8,6,5,50,14,12,1,5,4,5,13,4,4,1,4,4,2,13,2,19,3,10,5,1,7,9,1,10,1,12,,44,,1,21,,121.5120722,25.10263375
112,10,16,16,46,2,09北投區,北投區懷德街56巷與建民路口,0,0,2,1,C03,8,6,5,30,4,1,1,5,4,5,13,4,4,10,5,5,2,17,1,28,2,9,6,1,7,9,1,10,1,11,,72,,1,22,,121.520432,25.11271799
112,10,16,16,46,2,09北投區,北投區懷德街56巷與建民路口,0,0,2,2,C03,8,6,5,30,4,1,1,5,4,5,13,4,4,10,5,5,2,17,1,76,2,9,6,1,7,9,1,10,1,14,,42,,1,22,,121.520432,25.11271799
112,10,16,17,6,2,10文山區,文山區興隆路4段25號,0,0,2,3,C03,8,6,8,50,22,22,1,5,4,5,13,1,1,1,4,5,2,9,1,37,2,7,3,4,7,14,1,10,2,13,,44,,1,22,,121.5593437,24.9904968
112,10,16,17,6,2,10文山區,文山區興隆路4段25號,0,0,2,1,H01,8,6,8,50,22,22,1,5,4,5,13,1,1,1,4,5,2,9,2,85,3,10,4,5,8,16,8,20,10,17,,122,,1,22,,121.5593437,24.9904968
112,10,16,17,6,2,10文山區,文山區興隆路4段25號,0,0,2,2,C03,8,6,8,50,22,22,1,5,4,5,13,1,1,1,4,5,2,9,1,31,2,9,3,4,7,9,1,10,2,14,,13,,1,22,,121.5593437,24.9904968
112,10,16,17,10,2,03中山區,中山區朱崙街55號,0,0,2,1,C03,8,6,5,50,14,16,1,5,4,5,13,4,4,9,5,5,2,16,1,40,2,9,3,4,7,11,1,10,1,14,,10,,1,21,,121.5413847,25.05001885
112,10,16,17,10,2,03中山區,中山區朱崙街55號,0,0,2,2,C03,8,6,5,50,14,16,1,5,4,5,13,4,4,9,5,5,2,16,1,40,2,9,3,4,7,9,1,10,1,11,,44,,1,21,,121.5413847,25.05001885
112,10,16,17,10,2,05中正區,中正區重慶南路2段與重慶南路2段6巷口,0,0,2,1,C03,7,6,5,50,4,1,1,5,4,5,13,3,1,1,3,5,1,16,1,63,2,9,6,1,7,6,1,10,1,12,,74,,1,21,,121.5127525,25.03432238
112,10,16,17,10,2,05中正區,中正區重慶南路2段與重慶南路2段6巷口,0,0,2,2,C03,7,6,5,50,4,1,1,5,4,5,13,3,1,1,3,5,1,16,1,24,2,9,6,1,7,9,6,10,1,11,,14,,1,21,,121.5127525,25.03432238
112,10,16,17,15,2,03中山區,中山區松江路與民族東路口,0,0,1,1,A11,8,5,5,50,14,9,1,5,4,5,13,4,4,1,3,5,1,12,1,22,3,10,7,1,7,8,1,3,1,2,,100,,1,21,,121.5329843,25.06823329
112,10,16,17,15,2,03中山區,中山區松江路與民族東路口,0,0,1,2,C03,8,5,5,50,14,9,1,5,4,5,13,4,4,1,3,5,1,12,2,58,2,9,5,1,7,9,1,10,1,14,,44,,1,21,,121.5329843,25.06823329
112,10,16,17,53,2,08士林區,士林區中山北路7段114巷與中山北路7段154巷口,0,0,1,2,H01,8,5,5,30,5,1,1,5,4,5,13,4,4,10,5,5,1,3,2,80,2,8,4,5,8,16,8,20,10,16,,67,,1,21,,121.5333625,25.12207179
112,10,16,17,53,2,08士林區,士林區中山北路7段114巷與中山北路7段154巷口,0,0,1,1,B03,8,5,5,30,5,1,1,5,4,5,13,4,4,10,5,5,1,3,1,65,3,10,7,1,7,9,1,8,2,1,,70,,1,21,,121.5333625,25.12207179
112,10,16,18,6,2,07信義區,信義區和平東路3段509巷與無名巷口口,0,0,1,1,C03,8,5,5,30,3,2,1,5,4,5,13,4,4,10,5,5,2,16,1,31,3,10,6,1,7,9,1,10,1,11,,108,,1,21,,121.5599685,25.0188148
112,10,16,18,6,2,07信義區,信義區和平東路3段509巷與無名巷口口,0,0,1,2,C03,8,5,5,30,3,2,1,5,4,5,13,4,4,10,5,5,2,16,1,45,2,7,6,1,7,6,1,10,1,11,,74,,1,21,,121.5599685,25.0188148
112,10,16,18,20,2,11南港區,南港區松河街與松河街口基三號水門堤外道路,0,0,1,2,F01,7,5,8,0,22,22,1,5,4,5,13,4,4,9,5,5,2,12,1,31,3,10,4,4,7,4,8,20,1,11,,108,,1,21,,121.5856833,25.0464868
112,10,16,18,20,2,11南港區,南港區松河街與松河街口基三號水門堤外道路,0,0,1,1,F01,7,5,8,0,22,22,1,5,4,5,13,4,4,9,5,5,2,12,2,66,2,7,4,4,7,7,8,20,1,14,,100,,1,21,,121.5856833,25.0464868
112,10,16,18,21,2,03中山區,中山區中山北路1段與長安西路口,0,0,1,1,C03,8,5,5,50,4,1,1,5,4,5,13,1,1,1,3,5,1,13,1,23,3,10,6,4,7,9,1,10,1,11,,108,,1,21,,121.5214575,25.04979654
112,10,16,18,21,2,03中山區,中山區中山北路1段與長安西路口,0,0,1,2,B03,8,5,5,50,4,1,1,5,4,5,13,1,1,1,3,5,1,13,1,62,3,10,3,4,7,6,1,8,1,3,,44,,1,21,,121.5214575,25.04979654
112,10,16,18,21,2,03中山區,中山區中山北路1段與長安西路口,0,0,1,3,H02,8,5,5,50,4,1,1,5,4,5,13,1,1,1,3,5,1,13,2,28,2,5,6,5,7,17,8,20,10,16,,67,,1,21,,121.5214575,25.04979654
112,10,16,18,23,2,03中山區,中山區長安東路2段131號,0,0,3,3,H02,8,5,5,50,14,9,1,5,4,5,13,4,4,5,4,5,2,12,2,43,2,9,3,5,7,20,8,20,10,16,,67,,1,21,,121.5359129,25.0484755
112,10,16,18,23,2,03中山區,中山區長安東路2段131號,0,0,3,1,C04,8,5,5,50,14,9,1,5,4,5,13,4,4,5,4,5,2,12,2,25,2,9,3,4,7,7,1,10,1,12,,100,,1,21,,121.5359129,25.0484755
112,10,16,18,23,2,03中山區,中山區長安東路2段131號,0,0,3,2,C03,8,5,5,50,14,9,1,5,4,5,13,4,4,5,4,5,2,12,2,45,2,9,3,4,7,9,1,10,1,11,,44,,1,21,,121.5359129,25.0484755
112,10,16,18,30,2,04大安區,大安區羅斯福路3段與新生南路3段口,0,0,1,1,C03,8,5,5,50,5,1,1,5,4,5,13,2,1,1,4,5,2,17,1,67,2,9,3,4,7,5,1,10,1,14,,98,,1,21,,121.5327384,25.0163929
112,10,16,18,30,2,04大安區,大安區羅斯福路3段與新生南路3段口,0,0,1,2,B03,8,5,5,50,5,1,1,5,4,5,13,2,1,1,4,5,2,17,1,59,3,10,3,4,7,5,1,8,1,5,,44,,1,21,,121.5327384,25.0163929
112,10,16,18,47,2,08士林區,士林區仰德大道2段48號前,0,0,3,1,C03,8,5,8,40,14,9,1,5,4,5,13,4,4,5,2,5,1,13,2,26,2,7,6,1,7,9,1,10,1,11,,44,,1,25,,121.5440307,25.10520836
112,10,16,18,47,2,08士林區,士林區仰德大道2段48號前,0,0,3,2,C03,8,5,8,40,14,9,1,5,4,5,13,4,4,5,2,5,1,13,1,20,2,9,6,1,7,7,1,10,1,13,,100,,1,25,,121.5440307,25.10520836
112,10,16,18,47,2,08士林區,士林區仰德大道2段48號前,0,0,3,3,B03,8,5,8,40,14,9,1,5,4,5,13,4,4,5,2,5,1,13,1,51,3,10,7,1,7,15,1,8,1,2,,44,,1,21,,121.5440307,25.10520836
112,10,16,18,47,2,08士林區,士林區仰德大道2段48號前,0,0,3,4,H02,8,5,8,40,14,9,1,5,4,5,13,4,4,5,2,5,1,13,2,27,2,7,6,5,7,20,8,20,10,17,,67,,1,25,,121.5440307,25.10520836
112,10,16,18,48,2,02萬華區,萬華區長順街14巷與長順街46巷口,0,0,1,1,C03,8,5,5,30,3,1,1,5,4,5,13,4,4,10,5,5,2,16,1,35,3,10,5,4,7,5,1,10,1,11,,72,,1,22,,121.489487,25.02986192
112,10,16,18,48,2,02萬華區,萬華區長順街14巷與長順街46巷口,0,0,1,2,C03,8,5,5,30,3,1,1,5,4,5,13,4,4,10,5,5,2,16,2,55,2,9,5,4,7,9,1,10,1,11,,14,,1,22,,121.489487,25.02986192
112,10,16,18,48,2,02萬華區,萬華區長順街14巷與長順街46巷口,0,0,1,3,B03,8,5,5,30,3,1,1,5,4,5,13,4,4,10,5,5,2,16,1,56,3,10,3,4,7,13,1,8,9,1,,38,,1,22,,121.489487,25.02986192
112,10,16,18,50,2,12內湖區,內湖區行善路與新湖二路口,0,0,2,3,C03,8,5,5,50,4,2,1,5,4,5,13,1,1,1,1,5,1,13,2,42,2,9,6,1,7,9,1,10,1,11,,16,,1,21,,121.5856424,25.0648875
112,10,16,18,50,2,12內湖區,內湖區行善路與新湖二路口,0,0,2,2,C03,8,5,5,50,4,2,1,5,4,5,13,1,1,1,1,5,1,13,1,56,3,10,6,1,7,9,1,10,1,13,,44,,1,21,,121.5856424,25.0648875
112,10,16,18,50,2,12內湖區,內湖區行善路與新湖二路口,0,0,2,1,C03,8,5,5,50,4,2,1,5,4,5,13,1,1,1,1,5,1,13,1,64,2,9,6,1,7,9,1,10,1,11,,108,,1,21,,121.5856424,25.0648875
112,10,16,18,54,2,03中山區,中山區北安路462號,0,0,1,1,C04,8,5,5,50,14,9,1,5,4,5,13,1,1,1,3,5,1,17,2,47,2,9,6,1,7,9,1,10,2,11,,16,,1,21,,121.544662,25.0796892
112,10,16,18,54,2,03中山區,中山區北安路462號,0,0,1,2,B03,8,5,5,50,14,9,1,5,4,5,13,1,1,1,3,5,1,17,1,67,3,10,7,1,7,12,1,8,2,3,,44,,1,21,,121.544662,25.0796892
112,10,16,18,54,2,03中山區,中山區北安路462號,0,0,1,3,C03,8,5,5,50,14,9,1,5,4,5,13,1,1,1,3,5,1,17,1,68,3,10,5,1,7,11,1,10,9,17,,10,,1,21,,121.544662,25.0796892
112,10,16,19,13,2,04大安區,大安區基隆路2段與光復南路口,0,0,1,2,A04,8,5,5,50,14,9,1,5,4,5,13,2,1,3,3,3,2,12,1,60,3,10,2,1,3,9,1,1,2,2,,103,,1,21,,121.5575067,25.0297948
112,10,16,19,13,2,04大安區,大安區基隆路2段與光復南路口,0,0,1,1,C03,8,5,5,50,14,9,1,5,4,5,13,2,1,3,3,3,2,12,2,43,2,9,6,1,7,9,1,10,2,14,,17,,1,21,,121.5575067,25.0297948
112,10,16,19,30,2,07信義區,信義區松壽路2號,0,0,1,1,B03,8,5,5,50,14,9,1,5,4,5,13,4,4,9,4,5,2,17,1,52,3,10,7,1,7,11,1,8,1,2,,10,,1,22,,121.5627745,25.0359977
112,10,16,19,30,2,07信義區,信義區松壽路2號,0,0,1,2,C03,8,5,5,50,14,9,1,5,4,5,13,4,4,9,4,5,2,17,2,38,2,9,5,1,7,9,1,10,1,14,,44,,1,22,,121.5627745,25.0359977
112,10,16,19,49,2,11南港區,南港區成福路12號,0,0,1,1,C03,8,5,5,30,14,9,1,5,4,5,13,4,4,4,5,5,2,16,1,47,2,9,5,1,7,9,1,10,1,12,,4,,1,22,,121.5819716,25.0423742
112,10,16,19,49,2,11南港區,南港區成福路12號,0,0,1,2,B03,8,5,5,30,14,9,1,5,4,5,13,4,4,4,5,5,2,16,1,21,3,10,7,1,7,7,1,8,1,8,,27,,1,26,,121.5819716,25.0423742
112,10,16,20,10,2,04大安區,大安區四維路與四維路52巷口,0,0,2,2,C03,8,5,5,30,4,1,1,5,4,5,13,4,4,10,5,5,2,15,1,32,2,9,3,4,7,9,1,10,1,11,,44,,1,21,,121.5481003,25.0350791
112,10,16,20,10,2,04大安區,大安區四維路與四維路52巷口,0,0,2,1,C03,8,5,5,30,4,1,1,5,4,5,13,4,4,10,5,5,2,15,1,33,2,9,3,4,7,9,1,10,1,11,,72,,1,21,,121.5481003,25.0350791
112,10,16,20,31,2,03中山區,與無名巷口(中山北路2段44巷25號前),0,0,1,1,C03,8,5,5,30,4,1,1,5,4,5,13,4,4,10,5,5,2,15,2,20,2,7,3,4,7,9,1,10,1,12,,72,,1,21,,121.5210981,25.05506214
112,10,16,20,31,2,03中山區,與無名巷口(中山北路2段44巷25號前),0,0,1,2,B03,8,5,5,30,4,1,1,5,4,5,13,4,4,10,5,5,2,15,1,45,3,10,3,4,7,9,1,8,1,1,,44,,1,21,,121.5210981,25.05506214
112,10,16,20,59,2,04大安區,大安區敦化南路1段與信義路4段口口,0,0,3,2,C03,8,5,5,50,3,1,1,5,4,5,13,1,1,1,3,5,1,13,1,40,2,9,6,1,7,9,1,10,1,13,,44,,1,21,,121.5485495,25.03339697