發生年度,發生月,發生日,發生時-Hours,發生分,處理別-編號,區序,肇事地點,死亡人數,2-30日死亡人數,受傷人數,當事人序號,車種,天候,光線,道路類別,速限-速度限制,道路型態,事故位置,路面狀況1,路面狀況2,路面狀況3,道路障礙1,道路障礙2,號誌1,號誌2,車道劃分-分向,車道劃分-分道1,車道劃分-分道2,車道劃分-分道3,事故類型及型態,性別,年齡,受傷程度,主要傷處,保護裝置,行動電話,車輛用途,當事者行動狀態,駕駛資格情形,駕駛執照種類,飲酒情形,車輛撞擊部位1,車輛撞擊部位2,肇因碼-個別,肇因碼-主要,個人肇逃否,職業,旅次目的,座標-X,座標-Y
112,10,17,16,24,2,07信義區,信義區市民大道5段與東興路口,0,0,2,3,C03,8,6,5,40,4,1,1,5,4,5,13,2,1,1,4,5,1,16,1,23,2,8,3,4,7,9,1,10,2,11,,13,,1,21,,121.5658297,25.0482103
112,10,17,16,24,2,07信義區,信義區市民大道5段與東興路口,0,0,2,1,B12,8,6,5,40,4,1,1,5,4,5,13,2,1,1,4,5,1,16,1,53,3,10,3,4,7,5,1,8,2,2,,74,,1,21,,121.5658297,25.0482103
112,10,17,16,24,2,07信義區,信義區市民大道5段與東興路口,0,0,2,2,C03,8,6,5,40,4,1,1,5,4,5,13,2,1,1,4,5,1,16,1,56,2,8,3,4,7,9,1,10,2,11,,44,,1,21,,121.5658297,25.0482103
112,10,17,16,25,2,08士林區,士林區福林路與福林路254巷口,0,0,1,1,B03,8,6,5,50,4,1,1,5,4,5,13,2,1,5,4,5,1,16,1,61,3,10,7,1,7,6,1,8,2,6,,9,,1,21,,121.5344677,25.09794632
112,10,17,16,25,2,08士林區,士林區福林路與福林路254巷口,0,0,1,2,C03,8,6,5,50,4,1,1,5,4,5,13,2,1,5,4,5,1,16,1,28,2,2,5,1,7,9,6,10,2,14,,16,,1,21,,121.5344677,25.09794632
112,10,17,17,0,2,08士林區,士林區延平北路5段與延平北路5段163巷口,0,0,2,1,C03,8,5,5,50,3,2,1,5,4,5,13,4,4,1,4,5,1,13,1,20,2,8,5,1,7,9,1,10,1,11,,16,,1,21,,121.5101844,25.0826837
112,10,17,17,0,2,08士林區,士林區延平北路5段與延平北路5段163巷口,0,0,2,2,F01,8,5,5,50,3,2,1,5,4,5,13,4,4,1,4,5,1,13,1,93,2,9,4,1,7,9,8,20,1,13,,44,,1,21,,121.5101844,25.0826837
112,10,17,17,0,2,08士林區,士林區士東路與士東路2巷口,0,0,1,2,C03,8,6,5,50,4,2,1,5,4,5,13,1,1,9,4,5,2,17,1,22,2,9,5,1,7,4,1,10,1,12,,50,,1,21,,121.5261188,25.11173086
112,10,17,17,0,2,08士林區,士林區士東路與士東路2巷口,0,0,1,1,B03,8,6,5,50,4,2,1,5,4,5,13,1,1,9,4,5,2,17,1,50,3,10,7,1,7,5,1,8,1,4,,44,,1,21,,121.5261188,25.11173086
112,10,17,17,8,2,01大同區,大同區酒泉街與酒泉街50巷口,0,0,1,1,C03,8,6,5,30,4,1,1,5,4,5,13,4,4,10,5,5,2,17,1,19,2,5,6,1,7,9,1,10,1,11,,72,,1,21,,121.5166583,25.07172224
112,10,17,17,8,2,01大同區,大同區酒泉街與酒泉街50巷口,0,0,1,2,C03,8,6,5,30,4,1,1,5,4,5,13,4,4,10,5,5,2,17,1,48,3,10,6,1,7,9,1,10,1,14,,14,,1,21,,121.5166583,25.07172224
112,10,17,17,10,2,06松山區,松山區光復北路75號,0,0,1,2,C03,8,7,5,50,14,9,1,5,4,5,13,4,4,1,4,5,2,16,1,27,2,9,6,4,7,9,1,10,1,11,,107,,1,21,,121.5579506,25.05030928
112,10,17,17,10,2,06松山區,松山區光復北路75號,0,0,1,1,B03,8,7,5,50,14,9,1,5,4,5,13,4,4,1,4,5,2,16,1,61,3,10,7,4,7,8,1,8,1,2,,100,,1,21,,121.5579506,25.05030928
112,10,17,17,53,2,03中山區,中山區中山北路3段往北、中山橋、新生高架道下方,0,0,1,1,C03,8,5,5,40,8,9,1,5,4,5,13,4,4,1,3,5,1,13,1,22,3,10,6,4,7,9,1,10,1,11,,16,,1,21,,121.5253649,25.07424584
112,10,17,17,53,2,03中山區,中山區中山北路3段往北、中山橋、新生高架道下方,0,0,1,2,C03,8,5,5,40,8,9,1,5,4,5,13,4,4,1,3,5,1,13,2,56,2,9,6,4,7,9,1,10,1,13,,44,,1,21,,121.5253649,25.07424584
112,10,17,17,53,2,03中山區,中山區中山北路3段往北、中山橋、新生高架道下方,0,0,1,3,B03,8,5,5,40,8,9,1,5,4,5,13,4,4,1,3,5,1,13,1,41,3,10,3,4,7,14,1,8,1,2,,44,,1,21,,121.5253649,25.07424584
112,10,17,17,53,2,08士林區,士林區中山北路5段756巷與中山北路5段口,0,0,1,2,C03,8,5,5,30,3,2,1,5,4,5,13,4,4,10,5,5,1,13,1,58,3,10,5,1,7,9,1,10,1,13,,44,,1,21,,121.5269,25.0996169
112,10,17,17,53,2,08士林區,士林區中山北路5段756巷與中山北路5段口,0,0,1,3,F01,8,5,5,30,3,2,1,5,4,5,13,4,4,10,5,5,1,13,1,77,3,10,4,1,7,9,8,20,1,17,,44,,1,21,,121.5269,25.0996169
112,10,17,17,53,2,08士林區,士林區中山北路5段756巷與中山北路5段口,0,0,1,1,C03,8,5,5,30,3,2,1,5,4,5,13,4,4,10,5,5,1,13,1,25,2,8,5,1,7,9,1,10,1,11,,16,,1,21,,121.5269,25.0996169
112,10,17,18,1,2,01大同區,大同區承德路2段與承德路2段187巷口,0,0,2,3,B03,7,5,5,50,3,1,1,5,4,5,13,4,4,1,5,5,2,17,1,33,3,10,7,1,7,9,1,8,2,8,,44,,1,22,,121.5182649,25.0591617
112,10,17,18,1,2,01大同區,大同區承德路2段與承德路2段187巷口,0,0,2,4,H02,7,5,5,50,3,1,1,5,4,5,13,4,4,1,5,5,2,17,2,27,2,9,6,5,7,21,8,20,10,16,,67,,1,22,,121.5182649,25.0591617
112,10,17,18,1,2,01大同區,大同區承德路2段與承德路2段187巷口,0,0,2,2,B03,7,5,5,50,3,1,1,5,4,5,13,4,4,1,5,5,2,17,1,53,3,10,7,1,7,9,1,8,2,6,,44,,1,22,,121.5182649,25.0591617
112,10,17,18,1,2,01大同區,大同區承德路2段與承德路2段187巷口,0,0,2,1,C03,7,5,5,50,3,1,1,5,4,5,13,4,4,1,5,5,2,17,2,27,2,9,6,1,7,9,1,10,2,11,,16,,1,22,,121.5182649,25.0591617
112,10,17,18,8,2,12內湖區,內湖區民權東路6段與成功路2段口,0,0,1,2,C03,8,5,5,50,3,1,1,5,4,5,13,4,4,1,4,5,2,16,2,28,2,9,6,1,7,9,1,8,2,14,,44,,1,21,,121.5902942,25.06894665
112,10,17,18,8,2,12內湖區,內湖區民權東路6段與成功路2段口,0,0,1,1,C03,8,5,5,50,3,1,1,5,4,5,13,4,4,1,4,5,2,16,4,0,,,,,,,,,11,,,119,,2,,,121.5902942,25.06894665
112,10,17,18,14,2,01大同區,大同區鄭州路與西寧北路口,0,0,1,1,B03,8,5,5,40,4,1,1,5,4,5,13,2,1,1,4,1,2,16,1,32,3,10,7,1,7,15,1,8,1,5,,99,,1,21,,121.5082589,25.05062926
112,10,17,18,14,2,01大同區,大同區鄭州路與西寧北路口,0,0,1,2,C03,8,5,5,40,4,1,1,5,4,5,13,2,1,1,4,1,2,16,2,33,2,8,6,1,7,5,1,10,1,14,,8,,1,21,,121.5082589,25.05062926
112,10,17,18,15,2,09北投區,北投區光明路117號,0,0,1,1,C03,8,5,5,50,14,9,1,5,4,5,13,4,4,5,5,5,2,13,2,46,3,10,5,1,7,9,1,10,7,11,,16,,1,22,,121.5020335,25.13370224
112,10,17,18,15,2,09北投區,北投區光明路117號,0,0,1,2,C03,8,5,5,50,14,9,1,5,4,5,13,4,4,5,5,5,2,13,1,22,2,8,5,1,7,9,1,10,2,13,,44,,1,22,,121.5020335,25.13370224
112,10,17,19,13,2,03中山區,中山區龍江路與錦州街口,0,0,1,1,B01,8,5,6,50,4,1,1,5,4,5,13,1,1,4,5,5,1,14,1,36,3,10,3,4,7,11,1,4,2,7,,10,,1,21,,121.5407677,25.0602396
112,10,17,19,13,2,03中山區,中山區龍江路與錦州街口,0,0,1,2,C03,8,5,6,50,4,1,1,5,4,5,13,1,1,4,5,5,1,14,1,25,2,8,6,4,7,9,1,10,2,12,,44,,1,21,,121.5407677,25.0602396
112,10,17,19,18,2,02萬華區,萬華區西園路2段320巷與西園路2段320巷55弄口,0,0,2,2,B03,8,5,5,30,4,1,1,5,4,5,13,4,4,10,4,5,2,15,1,43,3,10,7,4,7,9,1,8,1,8,,44,,1,21,,121.4910005,25.0274935
112,10,17,19,18,2,02萬華區,萬華區西園路2段320巷與西園路2段320巷55弄口,0,0,2,3,H02,8,5,5,30,4,1,1,5,4,5,13,4,4,10,4,5,2,15,2,23,2,1,7,5,7,20,8,20,10,16,,67,,1,22,,121.4910005,25.0274935
112,10,17,19,18,2,02萬華區,萬華區西園路2段320巷與西園路2段320巷55弄口,0,0,2,1,B03,8,5,5,30,4,1,1,5,4,5,13,4,4,10,4,5,2,15,1,29,2,3,7,4,7,9,1,8,1,5,,75,,1,22,,121.4910005,25.0274935
112,10,17,19,40,2,05中正區,中正區莒光路與中華路2段口口,0,0,1,2,C03,8,5,5,50,4,1,1,5,4,5,13,1,1,3,4,5,2,16,2,26,2,8,5,1,7,9,1,10,1,11,,13,,1,21,,121.5042168,25.0312924
112,10,17,19,40,2,05中正區,中正區莒光路與中華路2段口口,0,0,1,3,H02,8,5,5,50,4,1,1,5,4,5,13,1,1,3,4,5,2,16,1,65,4,11,3,5,7,21,8,20,10,16,,67,,1,21,,121.5042168,25.0312924
112,10,17,19,40,2,05中正區,中正區莒光路與中華路2段口口,0,0,1,1,C03,8,5,5,50,4,1,1,5,4,5,13,1,1,3,4,5,2,16,1,62,4,11,3,4,7,15,7,19,11,15,,74,,2,22,,121.5042168,25.0312924
112,10,17,19,49,2,01大同區,大同區承德路3段與民權西路口,0,0,1,2,C03,7,5,5,50,4,1,1,5,4,5,13,2,1,1,5,5,2,17,2,23,2,9,6,1,7,9,1,10,1,11,,44,,1,22,,121.5183358,25.0630021
112,10,17,19,49,2,01大同區,大同區承德路3段與民權西路口,0,0,1,1,C03,7,5,5,50,4,1,1,5,4,5,13,2,1,1,5,5,2,17,1,25,3,10,6,1,7,15,1,10,1,13,,100,,1,22,,121.5183358,25.0630021
112,10,17,20,21,2,03中山區,中山區樂群二路147號前,0,0,1,2,B01,7,5,5,50,14,9,1,5,4,5,13,4,4,1,4,5,2,13,1,56,3,10,3,4,7,9,1,4,1,3,,44,,1,21,,121.5577095,25.079993
112,10,17,20,21,2,03中山區,中山區樂群二路147號前,0,0,1,1,C03,7,5,5,50,14,9,1,5,4,5,13,4,4,1,4,5,2,13,2,24,2,9,3,4,7,9,1,10,1,11,,107,,1,21,,121.5577095,25.079993
112,10,17,20,35,2,03中山區,中山區市民大道2段與長安東路1段52巷口,0,0,2,3,H02,7,5,5,50,3,1,1,5,4,5,13,3,1,1,4,5,2,17,2,22,2,9,6,5,7,20,8,20,10,16,,67,,1,25,,121.5275619,25.0470687
112,10,17,20,35,2,03中山區,中山區市民大道2段與長安東路1段52巷口,0,0,2,2,C03,7,5,5,50,3,1,1,5,4,5,13,3,1,1,4,5,2,17,2,23,2,9,6,1,7,9,1,10,1,12,,108,,1,25,,121.5275619,25.0470687
112,10,17,20,35,2,03中山區,中山區市民大道2段與長安東路1段52巷口,0,0,2,1,B03,7,5,5,50,3,1,1,5,4,5,13,3,1,1,4,5,2,17,1,41,3,10,7,1,7,5,1,8,1,8,,72,,1,22,,121.5275619,25.0470687
112,10,17,20,37,2,01大同區,大同區民生西路423巷23號,0,0,1,1,C03,8,5,5,30,14,9,1,5,4,5,13,4,4,10,5,5,2,17,1,78,2,8,6,1,7,5,1,10,1,14,,8,,1,21,,121.5086834,25.0576373
112,10,17,20,37,2,01大同區,大同區民生西路423巷23號,0,0,1,2,C03,8,5,5,30,14,9,1,5,4,5,13,4,4,10,5,5,2,17,1,42,3,10,6,1,7,15,1,10,1,12,,27,,1,21,,121.5086834,25.0576373
112,10,17,21,1,2,06松山區,松山區新東街30-1號,0,0,1,2,C03,7,5,5,50,14,9,1,5,4,5,13,3,1,5,5,5,2,13,1,32,3,10,6,1,7,5,1,10,2,13,,44,,1,21,,121.5658854,25.0595841
112,10,17,21,1,2,06松山區,松山區新東街30-1號,0,0,1,1,C03,7,5,5,50,14,9,1,5,4,5,13,3,1,5,5,5,2,13,2,39,2,9,6,1,7,9,1,10,2,11,,4,,1,21,,121.5658854,25.0595841
112,10,17,22,2,2,06松山區,松山區光復北路193號,0,0,1,1,B03,7,5,6,50,14,7,1,5,4,5,13,4,4,9,4,4,2,16,2,63,3,10,7,1,7,9,1,8,2,2,,44,,1,21,,121.5550091,25.0596201
112,10,17,22,2,2,06松山區,松山區光復北路193號,0,0,1,2,C03,7,5,6,50,14,7,1,5,4,5,13,4,4,9,4,4,2,16,2,61,2,1,5,1,7,8,1,10,2,14,,100,,1,21,,121.5550091,25.0596201
112,10,18,0,19,2,03中山區,中山區長春路258巷與龍江路132巷口,0,0,1,1,C02,7,5,5,30,4,1,1,5,4,5,13,4,4,9,4,5,2,15,1,24,3,10,6,1,7,9,1,9,1,14,,72,,1,22,,121.5390651,25.0542514
112,10,18,0,19,2,03中山區,中山區長春路258巷與龍江路132巷口,0,0,1,2,C04,7,5,5,30,4,1,1,5,4,5,13,4,4,9,4,5,2,15,1,45,2,7,6,1,7,9,1,10,1,12,,44,,1,22,,121.5390651,25.0542514
112,10,18,0,46,2,10文山區,文山區羅斯福路5段與羅斯福路5段212巷口口附近,0,0,1,1,C03,8,5,5,50,14,9,1,5,4,5,13,4,4,1,4,5,2,29,1,23,2,9,5,1,7,9,1,10,1,12,,13,,1,21,,121.5386629,25.0028926
112,10,18,0,46,2,10文山區,文山區羅斯福路5段與羅斯福路5段212巷口口附近,0,0,1,2,,8,5,5,50,14,9,1,5,4,5,13,4,4,1,4,5,2,29,3,0,,,,,,,,,,,,67,,1,,,121.5386629,25.0028926
112,10,18,0,46,2,10文山區,文山區羅斯福路5段與羅斯福路5段212巷口口附近,0,0,1,3,C03,8,5,5,50,14,9,1,5,4,5,13,4,4,1,4,5,2,29,1,20,3,10,5,1,7,9,1,10,1,17,,44,,1,21,,121.5386629,25.0028926
112,10,18,0,58,2,03中山區,中山區長安東路1段與林森北路口,0,0,1,2,C03,8,5,5,50,4,1,1,5,4,5,13,1,1,5,4,5,2,16,1,20,2,6,3,4,7,9,1,10,1,11,,44,,1,21,,121.5245293,25.0491741
112,10,18,0,58,2,03中山區,中山區長安東路1段與林森北路口,0,0,1,1,B01,8,5,5,50,4,1,1,5,4,5,13,1,1,5,4,5,2,16,1,54,3,10,3,4,7,5,1,4,1,2,,74,,1,21,,121.5245293,25.0491741
112,10,18,6,38,2,02萬華區,萬華區西園路2段與環河南路3段口,0,0,1,1,C03,8,5,5,50,3,2,1,5,4,5,13,1,1,10,5,5,2,17,1,57,2,9,3,4,7,9,1,10,1,11,,81,,1,21,,121.4907897,25.02463287
112,10,18,6,38,2,02萬華區,萬華區西園路2段與環河南路3段口,0,0,1,2,B01,8,5,5,50,3,2,1,5,4,5,13,1,1,10,5,5,2,17,1,43,3,10,3,4,7,6,1,4,1,8,,44,,1,21,,121.4907897,25.02463287
112,10,18,6,40,2,10文山區,文山區指南路3段34巷21-2號,0,0,1,2,F01,8,6,5,30,11,9,1,5,4,5,13,4,4,10,5,5,1,17,1,45,2,9,4,1,7,5,8,20,2,12,,5,,1,21,,121.5816611,24.9711829
112,10,18,6,40,2,10文山區,文山區指南路3段34巷21-2號,0,0,1,1,A02,8,6,5,30,11,9,1,5,4,5,13,4,4,10,5,5,1,17,1,48,3,10,7,1,7,6,1,2,2,17,,44,,1,21,,121.5816611,24.9711829
112,10,18,7,1,2,06松山區,松山區民生東路4段與光復北路口,0,0,1,2,B03,8,6,5,50,4,1,1,5,4,5,13,4,4,1,4,5,2,15,1,35,3,10,7,1,7,9,1,8,2,4,,44,,1,21,,121.5552061,25.0582227
112,10,18,7,1,2,06松山區,松山區民生東路4段與光復北路口,0,0,1,1,C03,8,6,5,50,4,1,1,5,4,5,13,4,4,1,4,5,2,15,1,57,2,9,5,1,7,9,1,10,2,11,,81,,1,21,,121.5552061,25.0582227
112,10,18,7,14,2,02萬華區,萬華區寶興街65巷與西園路2段225巷口,0,0,2,2,C03,8,7,8,30,4,1,5,5,4,5,13,4,4,10,5,5,2,15,1,33,2,7,5,1,7,9,1,9,1,14,,13,,1,21,,121.4948403,25.0271317
112,10,18,7,14,2,02萬華區,萬華區寶興街65巷與西園路2段225巷口,0,0,2,1,C03,8,7,8,30,4,1,5,5,4,5,13,4,4,10,5,5,2,15,2,41,2,7,5,1,7,9,1,10,1,11,,44,,1,21,,121.4948403,25.0271317
112,10,18,7,25,2,12內湖區,內湖區文德路向東文德捷運站2號出口,0,0,1,1,C03,8,7,5,40,14,8,1,5,4,5,13,4,4,1,3,4,1,12,2,55,2,9,3,4,7,9,1,10,1,12,,16,,1,22,,121.5845868,25.0783742
112,10,18,7,25,2,12內湖區,內湖區文德路向東文德捷運站2號出口,0,0,1,2,C03,8,7,5,40,14,8,1,5,4,5,13,4,4,1,3,4,1,12,2,51,3,10,3,4,7,9,1,10,1,14,,44,,1,22,,121.5845868,25.0783742
112,10,18,7,25,2,12內湖區,內湖區文德路向東文德捷運站2號出口,0,0,1,3,B03,8,7,5,40,14,8,1,5,4,5,13,4,4,1,3,4,1,12,1,68,4,11,3,4,7,1,7,19,11,17,,19,,2,22,,121.5845868,25.0783742
112,10,18,8,12,2,07信義區,信義區基隆路2段與嘉興街127巷口,0,0,2,2,C03,8,7,5,50,14,9,1,5,4,5,13,1,1,10,4,5,2,13,1,27,2,8,6,4,7,9,1,10,1,17,,16,,1,22,,121.5572244,25.02903
112,10,18,8,12,2,07信義區,信義區基隆路2段與嘉興街127巷口,0,0,2,1,C03,8,7,5,50,14,9,1,5,4,5,13,1,1,10,4,5,2,13,1,26,2,7,3,4,7,14,1,10,9,13,,44,,2,22,,121.5572244,25.02903
112,10,18,8,20,2,04大安區,大安區新生南路3段與和平東路2段口,0,0,2,1,C03,8,7,5,50,14,7,1,5,4,5,13,4,4,3,4,4,1,12,2,34,2,9,6,4,7,8,1,10,2,11,,108,,1,21,,121.5353131,25.0259111
112,10,18,8,20,2,04大安區,大安區新生南路3段與和平東路2段口,0,0,2,2,B03,8,7,5,50,14,7,1,5,4,5,13,4,4,3,4,4,1,12,2,56,3,10,3,4,7,14,1,8,2,7,,44,,1,21,,121.5353131,25.0259111
112,10,18,8,20,2,04大安區,大安區新生南路3段與和平東路2段口,0,0,2,3,H02,8,7,5,50,14,7,1,5,4,5,13,4,4,3,4,4,1,12,2,55,2,9,6,5,7,20,8,20,10,17,,67,,1,21,,121.5353131,25.0259111
112,10,18,8,30,2,07信義區,信義區信義快速道路往北,0,0,2,5,H02,8,5,5,50,6,7,1,5,4,5,13,4,4,7,2,5,2,13,2,16,2,9,7,5,7,20,8,20,10,16,,67,,1,21,,121.5721231,25.03089332
112,10,18,8,30,2,07信義區,信義區信義快速道路往北,0,0,2,4,B03,8,5,5,50,6,7,1,5,4,5,13,4,4,7,2,5,2,13,1,42,3,10,7,1,7,9,1,8,1,3,,44,,1,21,,121.5721231,25.03089332
112,10,18,8,30,2,07信義區,信義區信義快速道路往北,0,0,2,1,B03,8,5,5,50,6,7,1,5,4,5,13,4,4,7,2,5,2,13,2,50,3,10,7,1,7,9,1,8,1,1,,16,,1,21,,121.5721231,25.03089332
112,10,18,8,30,2,07信義區,信義區信義快速道路往北,0,0,2,2,B03,8,5,5,50,6,7,1,5,4,5,13,4,4,7,2,5,2,13,1,25,3,10,7,1,7,9,1,8,1,3,,44,,1,21,,121.5721231,25.03089332
112,10,18,8,30,2,07信義區,信義區信義快速道路往北,0,0,2,3,B03,8,5,5,50,6,7,1,5,4,5,13,4,4,7,2,5,2,13,1,51,2,1,7,1,7,9,1,8,1,3,,44,,1,21,,121.5721231,25.03089332
112,10,18,8,35,2,01大同區,大同區台北橋機慢車專用道往北市下橋處,0,0,1,1,C03,8,6,7,40,8,11,1,5,4,5,13,4,4,10,4,5,1,17,1,66,4,11,3,4,7,10,7,19,11,15,,100,,2,22,,121.5106295,25.0629347
112,10,18,8,35,2,01大同區,大同區台北橋機慢車專用道往北市下橋處,0,0,1,2,C03,8,6,7,40,8,11,1,5,4,5,13,4,4,10,4,5,1,17,2,32,2,8,6,4,7,9,1,10,1,12,,44,,1,21,,121.5106295,25.0629347
112,10,18,8,39,2,07信義區,信義區吳興街156巷11號,0,0,1,1,C03,8,7,5,30,14,9,1,5,4,5,13,4,4,5,5,5,2,12,1,53,3,10,3,4,7,9,1,10,1,12,,44,,1,21,,121.5613804,25.02891076
112,10,18,8,39,2,07信義區,信義區吳興街156巷11號,0,0,1,2,C04,8,7,5,30,14,9,1,5,4,5,13,4,4,5,5,5,2,12,2,36,2,9,3,4,7,9,1,8,1,14,,108,,1,21,,121.5613804,25.02891076
112,10,18,8,46,2,02萬華區,萬華區西藏路199巷與萬大路186巷口口,0,0,2,1,C03,8,5,8,30,22,22,1,5,4,5,13,4,4,10,5,5,2,9,1,29,2,9,3,4,7,9,1,10,1,11,,13,,1,21,,121.4998204,25.02787456
112,10,18,8,46,2,02萬華區,萬華區西藏路199巷與萬大路186巷口口,0,0,2,2,H01,8,5,8,30,22,22,1,5,4,5,13,4,4,10,5,5,2,9,2,28,2,9,4,5,8,16,8,20,1,16,,53,,1,21,,121.4998204,25.02787456
112,10,18,8,46,2,02萬華區,萬華區西藏路199巷與萬大路186巷口口,0,0,2,3,B03,8,5,8,30,22,22,1,5,4,5,13,4,4,10,5,5,2,9,1,67,3,10,3,4,7,15,1,8,1,2,,44,,1,21,,121.4998204,25.02787456
112,10,18,8,52,2,01大同區,大同區民權西路與民權西路118巷口,0,0,1,2,C03,8,6,5,50,3,2,1,5,4,5,13,4,4,1,4,5,2,12,1,25,2,9,6,4,7,9,1,10,1,14,,44,,1,22,,121.5171452,25.0629588
112,10,18,8,52,2,01大同區,大同區民權西路與民權西路118巷口,0,0,1,1,A12,8,6,5,50,3,2,1,5,4,5,13,4,4,1,4,5,2,12,1,52,3,10,3,4,7,9,1,1,1,2,,108,,1,22,,121.5171452,25.0629588
112,10,18,8,52,2,10文山區,文山區下崙路與光輝路71巷口,0,0,1,2,C03,8,7,5,50,4,2,1,5,4,5,13,2,1,5,5,5,2,16,1,34,2,9,6,1,7,9,1,9,2,11,,108,,1,21,,121.556303,24.9861477
112,10,18,8,52,2,10文山區,文山區下崙路與光輝路71巷口,0,0,1,1,B12,8,7,5,50,4,2,1,5,4,5,13,2,1,5,5,5,2,16,1,62,3,10,7,1,7,5,1,8,2,4,,8,,1,21,,121.556303,24.9861477
112,10,18,8,55,2,07信義區,信義區忠孝東路5段236巷與忠孝東路5段236巷3弄口,0,0,2,1,C03,8,7,5,30,4,1,1,5,4,5,13,4,4,5,4,5,2,15,2,43,2,9,3,4,7,9,1,10,1,14,,72,,1,21,,121.5719307,25.0404371
112,10,18,8,55,2,07信義區,信義區忠孝東路5段236巷與忠孝東路5段236巷3弄口,0,0,2,2,C03,8,7,5,30,4,1,1,5,4,5,13,4,4,5,4,5,2,15,1,30,2,7,3,4,7,9,1,10,1,11,,44,,1,21,,121.5719307,25.0404371
112,10,18,9,0,2,09北投區,北投區大度路3段大度陸橋第6510002號燈桿,0,0,1,1,C03,8,6,5,50,14,9,1,5,4,5,13,4,4,1,4,5,2,13,2,22,3,10,5,1,7,9,1,10,1,11,,16,,1,21,,121.4666596,25.1231107
112,10,18,9,0,2,09北投區,北投區大度路3段大度陸橋第6510002號燈桿,0,0,1,3,B03,8,6,5,50,14,9,1,5,4,5,13,4,4,1,4,5,2,13,2,31,3,10,7,1,7,7,1,8,1,17,,100,,1,21,,121.4666596,25.1231107
112,10,18,9,0,2,09北投區,北投區大度路3段大度陸橋第6510002號燈桿,0,0,1,2,C03,8,6,5,50,14,9,1,5,4,5,13,4,4,1,4,5,2,13,1,50,2,9,5,1,7,12,1,10,1,13,12,44,,1,21,,121.4666596,25.1231107
112,10,18,9,11,2,01大同區,大同區寧夏路17號,0,0,1,2,C03,8,6,5,40,14,9,1,5,4,5,13,4,4,10,4,5,2,14,2,32,2,8,5,1,7,9,1,10,1,11,,107,,1,21,,121.5150858,25.0549678
112,10,18,9,11,2,01大同區,大同區寧夏路17號,0,0,1,1,B03,8,6,5,40,14,9,1,5,4,5,13,4,4,10,4,5,2,14,1,32,3,10,7,1,7,2,1,8,1,8,,12,,1,21,,121.5150858,25.0549678
112,10,18,9,23,2,01大同區,大同區重慶北路3段與民權西路口,0,0,1,1,C03,8,6,5,0,14,9,1,5,4,5,13,1,1,9,4,4,2,13,1,20,2,7,6,1,7,15,1,8,1,11,,16,,1,21,,121.5138247,25.06314105
112,10,18,9,23,2,01大同區,大同區重慶北路3段與民權西路口,0,0,1,2,B03,8,6,5,0,14,9,1,5,4,5,13,1,1,9,4,4,2,13,1,42,3,10,7,1,7,9,1,10,1,7,,44,,1,21,,121.5138247,25.06314105
112,10,18,9,25,2,12內湖區,內湖區文湖街與環山路1段口,0,0,2,1,C01,8,7,5,50,3,1,1,5,4,5,13,1,1,4,3,5,1,12,2,19,2,9,3,4,7,11,3,18,1,14,,10,,1,21,,121.5653263,25.08641485
112,10,18,9,25,2,12內湖區,內湖區文湖街與環山路1段口,0,0,2,2,C03,8,7,5,50,3,1,1,5,4,5,13,1,1,4,3,5,1,12,2,62,2,9,3,4,7,9,1,10,1,11,,44,,1,21,,121.5653263,25.08641485
112,10,18,9,30,2,12內湖區,內湖區新湖三路與新湖二路146巷口,0,0,2,1,C03,8,6,5,50,4,1,1,5,4,5,13,1,1,10,5,5,2,16,1,35,2,9,6,1,7,9,1,10,2,11,,44,,1,21,,121.5781759,25.0642487
112,10,18,9,30,2,12內湖區,內湖區新湖三路與新湖二路146巷口,0,0,2,2,C03,8,6,5,50,4,1,1,5,4,5,13,1,1,10,5,5,2,16,2,33,2,9,6,1,7,5,1,10,2,11,,74,,1,21,,121.5781759,25.0642487
112,10,18,9,35,2,05中正區,中正區金山南路1段與仁愛路2段口,0,0,2,2,C03,8,6,5,50,4,1,1,5,4,5,13,1,1,10,3,5,2,16,1,27,2,8,2,4,7,7,1,10,2,12,,100,,1,22,,121.5284876,25.03831507
112,10,18,9,35,2,05中正區,中正區金山南路1段與仁愛路2段口,0,0,2,1,C03,8,6,5,50,4,1,1,5,4,5,13,1,1,10,3,5,2,16,1,24,2,8,2,4,7,9,1,10,2,14,,44,,2,22,,121.5284876,25.03831507
112,10,18,9,36,2,10文山區,文山區忠順街2段與保儀路口,0,0,1,1,C03,8,6,5,50,4,1,1,5,4,5,13,1,1,4,5,5,2,16,1,67,3,10,5,1,7,5,1,10,2,11,,74,,1,21,,121.5667922,24.9847814
112,10,18,9,36,2,10文山區,文山區忠順街2段與保儀路口,0,0,1,2,C03,8,6,5,50,4,1,1,5,4,5,13,1,1,4,5,5,2,16,1,27,2,9,5,1,7,9,1,10,2,14,,44,,1,21,,121.5667922,24.9847814
112,10,18,9,40,2,03中山區,中山區長安西路52巷與長安西路口,0,0,1,1,B01,8,7,5,50,4,1,1,5,4,5,13,2,1,5,2,5,2,17,1,54,3,10,7,1,7,6,1,4,1,2,,9,,1,21,,121.5201342,25.050123