發生年度,發生月,發生日,發生時-Hours,發生分,處理別-編號,區序,肇事地點,死亡人數,2-30日死亡人數,受傷人數,當事人序號,車種,天候,光線,道路類別,速限-速度限制,道路型態,事故位置,路面狀況1,路面狀況2,路面狀況3,道路障礙1,道路障礙2,號誌1,號誌2,車道劃分-分向,車道劃分-分道1,車道劃分-分道2,車道劃分-分道3,事故類型及型態,性別,年齡,受傷程度,主要傷處,保護裝置,行動電話,車輛用途,當事者行動狀態,駕駛資格情形,駕駛執照種類,飲酒情形,車輛撞擊部位1,車輛撞擊部位2,肇因碼-個別,肇因碼-主要,個人肇逃否,職業,旅次目的,座標-X,座標-Y
112,10,18,9,40,2,03中山區,中山區長安西路52巷與長安西路口,0,0,1,2,C03,8,7,5,50,4,1,1,5,4,5,13,2,1,5,2,5,2,17,1,43,2,9,5,1,7,9,1,10,1,14,,44,,1,21,,121.5201342,25.050123
112,10,18,9,49,2,12內湖區,內湖區康寧路3段13號前,0,0,1,1,C03,8,6,5,40,14,9,1,5,4,5,13,2,1,1,4,4,2,13,1,31,3,10,5,1,7,9,1,10,2,11,,16,,1,21,,121.606945,25.07290667
112,10,18,9,49,2,12內湖區,內湖區康寧路3段13號前,0,0,1,2,C03,8,6,5,40,14,9,1,5,4,5,13,2,1,1,4,4,2,13,1,59,2,9,5,1,7,12,1,10,2,13,,44,,1,21,,121.606945,25.07290667
112,10,18,10,5,2,03中山區,中山區復興北路430巷與民權東路3段75巷口,0,0,1,1,B02,8,7,5,30,4,1,1,5,4,5,13,3,1,9,4,5,2,17,1,38,3,10,7,1,7,9,1,8,1,4,,72,,1,22,,121.5436811,25.0633423
112,10,18,10,5,2,03中山區,中山區復興北路430巷與民權東路3段75巷口,0,0,1,2,C03,8,7,5,30,4,1,1,5,4,5,13,3,1,9,4,5,2,17,2,75,2,9,5,1,7,9,1,11,1,11,,44,,1,21,,121.5436811,25.0633423
112,10,18,10,22,2,09北投區,北投區承德路7段141號,0,0,1,1,C03,8,7,5,60,14,8,1,5,4,5,13,4,4,1,4,4,2,18,1,20,2,9,6,1,7,9,1,10,1,14,,42,,1,21,,121.5085116,25.1129574
112,10,18,10,22,2,09北投區,北投區承德路7段141號,0,0,1,2,,8,7,5,60,14,8,1,5,4,5,13,4,4,1,4,4,2,18,3,0,,,,,,,,,,,,67,,1,,,121.5085116,25.1129574
112,10,18,10,37,2,10文山區,文山區興隆路4段與興隆路4段179巷口,0,0,2,1,C03,8,5,5,0,4,2,1,5,4,5,13,4,4,9,4,5,1,17,1,44,2,7,6,1,7,9,1,10,1,11,,72,,1,21,,121.5620163,24.9834867
112,10,18,10,37,2,10文山區,文山區興隆路4段與興隆路4段179巷口,0,0,2,2,C03,8,5,5,0,4,2,1,5,4,5,13,4,4,9,4,5,1,17,1,29,2,9,6,1,7,9,1,10,1,14,,14,,1,21,,121.5620163,24.9834867
112,10,18,10,38,2,12內湖區,內湖區瑞光路與陽光街口,0,0,1,3,A02,8,5,5,50,4,1,1,5,4,5,13,1,1,5,5,5,1,17,1,48,3,10,7,1,7,14,1,6,1,8,,44,,1,21,,121.579198,25.07373546
112,10,18,10,38,2,12內湖區,內湖區瑞光路與陽光街口,0,0,1,1,C03,8,5,5,50,4,1,1,5,4,5,13,1,1,5,5,5,1,17,1,23,2,9,5,1,7,15,1,10,1,12,,99,,1,21,,121.579198,25.07373546
112,10,18,10,38,2,12內湖區,內湖區瑞光路與陽光街口,0,0,1,2,B01,8,5,5,50,4,1,1,5,4,5,13,1,1,5,5,5,1,17,1,60,3,10,7,1,7,9,1,8,1,4,,44,,1,21,,121.579198,25.07373546
112,10,18,11,25,2,05中正區,中正區延平南路與愛國西路口,0,0,1,2,C03,8,6,5,50,5,1,1,5,4,5,13,2,1,2,4,4,2,16,1,45,2,9,5,1,7,9,1,10,1,11,,13,,1,21,,121.5077732,25.0366639
112,10,18,11,25,2,05中正區,中正區延平南路與愛國西路口,0,0,1,1,B03,8,6,5,50,5,1,1,5,4,5,13,2,1,2,4,4,2,16,1,33,3,10,7,1,7,6,1,8,1,2,,9,,1,21,,121.5077732,25.0366639
112,10,18,11,27,2,10文山區,文山區興隆路4段27號,0,0,1,1,C03,8,6,5,50,14,9,1,5,4,5,13,3,1,1,3,4,2,13,1,21,2,9,5,1,7,9,1,10,1,11,,16,,1,21,,121.5594258,24.9903684
112,10,18,11,27,2,10文山區,文山區興隆路4段27號,0,0,1,2,B03,8,6,5,50,14,9,1,5,4,5,13,3,1,1,3,4,2,13,1,46,3,10,7,1,7,9,1,8,1,6,,44,,1,21,,121.5594258,24.9903684
112,10,18,11,30,2,09北投區,北投區立賢路與承德路7段口,0,0,1,1,C03,8,7,5,50,4,1,1,5,4,5,13,1,1,1,4,5,2,17,1,18,3,10,6,1,7,5,1,10,1,12,,17,,1,25,,121.5049282,25.1166289
112,10,18,11,30,2,09北投區,北投區立賢路與承德路7段口,0,0,1,2,C03,8,7,5,50,4,1,1,5,4,5,13,1,1,1,4,5,2,17,1,30,2,7,6,1,7,5,1,10,1,14,,17,,1,21,,121.5049282,25.1166289
112,10,18,11,47,2,08士林區,士林區中正路與基河路口,0,0,2,1,C03,8,5,5,50,4,1,1,5,4,5,13,2,1,5,4,5,2,17,1,36,2,9,5,1,7,5,1,10,1,12,,74,,1,21,,121.5200849,25.093398
112,10,18,11,47,2,08士林區,士林區中正路與基河路口,0,0,2,2,C03,8,5,5,50,4,1,1,5,4,5,13,2,1,5,4,5,2,17,1,47,2,9,5,1,7,9,1,10,1,11,,44,,1,21,,121.5200849,25.093398
112,10,18,12,2,2,12內湖區,內湖區內湖路1段91巷24弄20號,0,0,1,1,B03,8,7,8,30,14,9,1,5,4,5,12,4,4,10,5,5,2,17,1,43,3,10,7,1,7,14,1,8,2,17,,40,,1,21,,121.5632229,25.0846601
112,10,18,12,2,2,12內湖區,內湖區內湖路1段91巷24弄20號,0,0,1,2,C03,8,7,8,30,14,9,1,5,4,5,12,4,4,10,5,5,2,17,2,64,2,9,5,1,7,9,1,10,2,17,,44,,1,21,,121.5632229,25.0846601
112,10,18,12,10,2,02萬華區,萬華區桂林路與華西街口,0,0,1,2,C03,8,6,5,50,4,2,1,5,4,5,13,1,1,5,4,4,1,17,1,24,3,10,3,4,7,9,1,10,1,11,,44,,1,22,,121.4984131,25.0384827
112,10,18,12,10,2,02萬華區,萬華區桂林路與華西街口,0,0,1,1,C03,8,6,5,50,4,2,1,5,4,5,13,1,1,5,4,4,1,17,1,72,2,8,3,4,7,6,1,10,1,12,,74,,1,22,,121.4984131,25.0384827
112,10,18,12,15,2,08士林區,士林區德行西路與德行西路62巷口,0,0,2,2,H01,8,6,5,50,3,2,1,5,4,5,13,4,4,5,4,4,2,3,1,71,2,8,4,5,8,16,8,20,10,16,,121,,1,21,,121.5226883,25.105181
112,10,18,12,15,2,08士林區,士林區德行西路與德行西路62巷口,0,0,2,1,C01,8,6,5,50,3,2,1,5,4,5,13,4,4,5,4,4,2,3,1,21,2,9,6,1,7,9,3,18,1,12,,70,,1,21,,121.5226883,25.105181
112,10,18,12,18,2,05中正區,中正區衡陽路與延平南路口,0,0,1,2,C03,8,6,5,50,4,2,1,5,4,5,13,2,1,10,4,5,2,16,1,46,2,8,6,1,7,9,1,10,2,11,,44,,1,21,,121.5096517,25.0421496
112,10,18,12,18,2,05中正區,中正區衡陽路與延平南路口,0,0,1,1,B03,8,6,5,50,4,2,1,5,4,5,13,2,1,10,4,5,2,16,1,54,3,10,7,1,7,5,1,8,2,8,,8,,1,21,,121.5096517,25.0421496
112,10,18,12,30,2,12內湖區,內湖區東湖路113巷95弄與康寧路3段75巷口,0,0,1,2,C03,8,5,5,30,3,1,1,5,4,5,13,4,4,5,5,5,2,17,1,19,2,9,5,1,7,9,1,10,1,11,,44,,1,21,,121.615508,25.07391869
112,10,18,12,30,2,12內湖區,內湖區東湖路113巷95弄與康寧路3段75巷口,0,0,1,1,B03,8,5,5,30,3,1,1,5,4,5,13,4,4,5,5,5,2,17,1,38,3,10,7,1,7,11,1,8,1,4,,10,,1,21,,121.615508,25.07391869
112,10,18,12,33,2,06松山區,松山區敦化北路與南京東路3段口,0,0,2,1,C03,8,7,5,50,14,7,1,5,4,5,13,4,4,1,4,4,2,12,2,21,2,9,6,4,7,9,1,10,1,12,,108,,1,21,,121.5487391,25.05224141
112,10,18,12,33,2,06松山區,松山區敦化北路與南京東路3段口,0,0,2,2,C03,8,7,5,50,14,7,1,5,4,5,13,4,4,1,4,4,2,12,1,46,2,9,6,4,7,9,1,10,1,14,,101,,1,21,,121.5487391,25.05224141
112,10,18,12,33,2,06松山區,松山區敦化北路與南京東路3段口,0,0,2,3,B01,8,7,5,50,14,7,1,5,4,5,13,4,4,1,4,4,2,12,1,61,3,10,2,4,7,7,1,4,11,17,,101,,1,21,,121.5487391,25.05224141
112,10,18,12,47,2,05中正區,中正區中華路1段與中華路1段91巷口,0,0,1,1,B03,8,6,5,50,3,1,1,5,4,5,13,4,4,1,4,5,2,16,1,25,3,10,7,1,7,6,1,8,2,2,,9,,1,22,,121.507289,25.03798863
112,10,18,12,47,2,05中正區,中正區中華路1段與中華路1段91巷口,0,0,1,2,C03,8,6,5,50,3,1,1,5,4,5,13,4,4,1,4,5,2,16,1,18,2,9,5,1,7,9,1,10,2,14,,108,,1,22,,121.507289,25.03798863
112,10,18,13,30,2,07信義區,信義區松德路133巷與松德路169巷口,0,0,1,1,C03,8,5,5,30,4,1,1,5,4,5,13,4,4,5,5,5,2,15,1,35,3,10,6,1,7,9,1,10,1,13,,72,,1,21,,121.5759138,25.0363541
112,10,18,13,30,2,07信義區,信義區松德路133巷與松德路169巷口,0,0,1,2,C03,8,5,5,30,4,1,1,5,4,5,13,4,4,5,5,5,2,15,1,20,2,9,6,1,7,9,1,10,1,11,,44,,1,21,,121.5759138,25.0363541
112,10,18,13,31,2,06松山區,松山區三民路與民生東路5段口,0,0,1,1,B01,8,7,5,50,18,23,1,5,4,5,13,2,1,1,4,5,2,10,1,67,3,10,7,1,7,15,1,4,1,8,,100,,1,21,,121.5638104,25.0588646
112,10,18,13,31,2,06松山區,松山區三民路與民生東路5段口,0,0,1,2,F06,8,7,5,50,18,23,1,5,4,5,13,2,1,1,4,5,2,10,1,64,2,7,4,1,7,9,8,20,1,17,,42,,1,22,,121.5638104,25.0588646
112,10,18,13,37,2,04大安區,大安區市民大道4段與敦化南路1段口,0,0,2,1,C03,8,6,5,40,4,1,1,5,4,5,13,2,1,1,4,5,2,16,2,36,2,9,6,1,7,6,1,10,1,12,,9,,1,21,,121.5486388,25.0447574
112,10,18,13,37,2,04大安區,大安區市民大道4段與敦化南路1段口,0,0,2,2,C03,8,6,5,40,4,1,1,5,4,5,13,2,1,1,4,5,2,16,2,46,2,9,6,1,7,9,1,10,1,14,,44,,1,21,,121.5486388,25.0447574
112,10,18,13,40,2,09北投區,北投區光明路2巷31號,0,0,1,2,C03,8,6,5,50,14,9,1,5,4,5,13,4,4,9,4,5,2,17,2,47,2,4,6,1,7,9,1,10,1,13,,44,,1,21,,121.5000333,25.13077671
112,10,18,13,40,2,09北投區,北投區光明路2巷31號,0,0,1,1,C03,8,6,5,50,14,9,1,5,4,5,13,4,4,9,4,5,2,17,1,82,3,10,6,1,7,9,1,10,1,11,,108,,1,21,,121.5000333,25.13077671
112,10,18,13,40,2,09北投區,北投區光明路2巷31號,0,0,1,3,C03,8,6,5,50,14,9,1,5,4,5,13,4,4,9,4,5,2,17,1,33,3,10,6,1,7,11,1,10,1,17,,10,,1,21,,121.5000333,25.13077671
112,10,18,14,32,2,04大安區,大安區金山南路2段30巷7號,0,0,1,2,C03,8,6,5,30,14,9,1,5,4,5,13,4,4,9,4,5,1,17,1,61,2,8,5,1,7,4,1,10,1,12,,1,,1,21,,121.5263681,25.03312307
112,10,18,14,32,2,04大安區,大安區金山南路2段30巷7號,0,0,1,1,B12,8,6,5,30,14,9,1,5,4,5,13,4,4,9,4,5,1,17,1,33,3,10,3,4,7,11,1,8,1,8,,10,,1,21,,121.5263681,25.03312307
112,10,18,15,8,2,07信義區,信義區永吉路321巷與永吉路225巷3弄口,0,0,1,2,B03,8,6,5,30,3,1,1,5,4,5,13,4,4,10,4,5,1,16,2,39,3,10,3,4,7,9,1,8,1,4,,44,,1,21,,121.5755291,25.0461536
112,10,18,15,8,2,07信義區,信義區永吉路321巷與永吉路225巷3弄口,0,0,1,1,C03,8,6,5,30,3,1,1,5,4,5,13,4,4,10,4,5,1,16,2,40,2,8,3,4,7,6,1,10,1,12,,74,,1,21,,121.5755291,25.0461536
112,10,18,15,23,2,03中山區,中山區市民大道3段與新生北路1段口,0,0,1,2,C03,8,7,5,50,4,1,1,5,4,5,13,2,1,9,4,5,2,17,2,23,2,9,5,1,7,9,1,10,1,14,,44,,1,21,,121.5306144,25.0461292
112,10,18,15,23,2,03中山區,中山區市民大道3段與新生北路1段口,0,0,1,1,B03,8,7,5,50,4,1,1,5,4,5,13,2,1,9,4,5,2,17,1,66,3,10,7,1,7,6,1,8,1,2,,9,,1,21,,121.5306144,25.0461292
112,10,18,15,25,2,04大安區,大安區敦化南路2段63巷21弄16號,0,0,1,2,F06,8,7,5,30,14,9,1,5,4,5,13,4,4,10,5,5,1,11,2,52,2,7,4,4,7,9,8,20,1,14,,44,,1,21,,121.550171,25.0313256
112,10,18,15,25,2,04大安區,大安區敦化南路2段63巷21弄16號,0,0,1,1,B03,8,7,5,30,14,9,1,5,4,5,13,4,4,10,5,5,1,11,1,74,3,10,3,4,7,9,1,8,1,8,,13,,1,21,,121.550171,25.0313256
112,10,18,15,27,2,01大同區,大同區民族西路與民族西路187巷口,0,0,1,1,C03,8,6,5,50,4,2,1,5,4,5,13,1,1,5,4,5,2,17,1,38,3,10,6,1,7,10,1,10,1,12,,100,,1,22,,121.5148987,25.06861218
112,10,18,15,27,2,01大同區,大同區民族西路與民族西路187巷口,0,0,1,2,C03,8,6,5,50,4,2,1,5,4,5,13,1,1,5,4,5,2,17,2,20,2,8,6,1,7,9,1,10,1,11,,44,,1,22,,121.5148987,25.06861218
112,10,18,16,11,2,11南港區,南港區研究院路3段與研究院路3段20巷口,0,0,1,2,C03,8,6,5,50,3,2,1,5,4,5,13,1,1,5,4,5,2,13,1,19,2,9,6,1,7,9,1,10,1,14,,16,,1,21,,121.6157166,25.0347507
112,10,18,16,11,2,11南港區,南港區研究院路3段與研究院路3段20巷口,0,0,1,1,B01,8,6,5,50,3,2,1,5,4,5,13,1,1,5,4,5,2,13,1,59,3,10,7,1,7,6,1,4,1,6,,44,,1,21,,121.6157166,25.0347507
112,10,18,16,13,2,08士林區,士林區通河街76巷與承德路4段10巷口,0,0,1,3,H02,8,7,5,30,4,1,1,5,4,5,13,4,4,5,4,5,1,17,2,36,2,8,6,5,7,20,8,20,10,16,,67,,1,21,,121.5201487,25.0801317
112,10,18,16,13,2,08士林區,士林區通河街76巷與承德路4段10巷口,0,0,1,1,C03,8,7,5,30,4,1,1,5,4,5,13,4,4,5,4,5,1,17,1,38,3,10,6,1,7,9,1,10,1,11,,4,,1,21,,121.5201487,25.0801317
112,10,18,16,13,2,08士林區,士林區通河街76巷與承德路4段10巷口,0,0,1,2,B02,8,7,5,30,4,1,1,5,4,5,13,4,4,5,4,5,1,17,2,41,3,10,7,1,7,9,1,8,1,2,,44,,1,21,,121.5201487,25.0801317
112,10,18,16,30,2,03中山區,中山區南京東路3段與龍江路口,0,0,2,1,C03,8,7,5,50,4,1,1,5,4,5,13,2,1,5,2,5,2,9,1,71,2,9,5,1,7,6,1,10,1,11,,70,,1,21,,121.5406168,25.0518419
112,10,18,16,30,2,03中山區,中山區南京東路3段與龍江路口,0,0,2,2,H01,8,7,5,50,4,1,1,5,4,5,13,2,1,5,2,5,2,9,2,61,2,9,4,5,8,16,8,20,1,16,,67,,1,21,,121.5406168,25.0518419
112,10,18,16,43,2,11南港區,南港區研究院路2段61巷與研究院路2段口,0,0,1,1,C03,8,5,5,50,4,2,1,5,4,5,13,2,1,1,4,5,2,17,1,21,2,7,3,4,7,6,1,10,2,14,,44,,1,22,,121.6170241,25.0440728
112,10,18,16,43,2,11南港區,南港區研究院路2段61巷與研究院路2段口,0,0,1,2,C04,8,5,5,50,4,2,1,5,4,5,13,2,1,1,4,5,2,17,1,44,3,10,3,4,7,5,1,10,1,12,,8,,1,22,,121.6170241,25.0440728
112,10,18,16,58,2,03中山區,中山區建國北路3段與民權東路3段口,0,0,1,1,B03,7,5,8,50,4,2,1,5,4,5,13,1,1,1,3,5,1,15,1,34,3,10,2,1,7,9,1,8,1,1,,81,,1,21,,121.5372437,25.06244097
112,10,18,16,58,2,03中山區,中山區建國北路3段與民權東路3段口,0,0,1,2,C03,7,5,8,50,4,2,1,5,4,5,13,1,1,1,3,5,1,15,1,29,2,8,2,1,7,9,1,10,1,14,,44,,1,21,,121.5372437,25.06244097
112,10,18,17,13,2,08士林區,士林區承德路5段往百齡橋引道,0,0,1,1,C03,8,6,5,50,11,9,1,5,4,5,13,4,4,10,5,5,1,12,1,30,3,10,5,1,7,9,1,10,1,12,,17,,1,21,,121.5156998,25.0913552
112,10,18,17,13,2,08士林區,士林區承德路5段往百齡橋引道,0,0,1,2,C03,8,6,5,50,11,9,1,5,4,5,13,4,4,10,5,5,1,12,1,65,2,7,5,1,7,9,1,10,1,14,,44,,1,21,,121.5156998,25.0913552
112,10,18,17,35,2,04大安區,大安區復興南路2段154號,0,0,1,1,B03,8,7,5,50,14,9,1,5,4,5,13,4,4,1,4,5,2,12,1,38,3,10,3,4,7,7,1,8,2,4,,100,,1,22,,121.5434593,25.0281078
112,10,18,17,35,2,04大安區,大安區復興南路2段154號,0,0,1,2,C03,8,7,5,50,14,9,1,5,4,5,13,4,4,1,4,5,2,12,1,35,2,9,3,4,7,9,1,8,2,14,,97,,1,22,,121.5434593,25.0281078
112,10,18,17,40,2,05中正區,中正區中華路1段與中華路口側附近1段21巷口,0,0,2,1,C03,8,5,5,50,3,1,1,5,4,5,13,4,4,1,3,5,2,13,1,23,2,9,6,1,7,9,1,10,2,11,,108,,1,21,,121.5096327,25.04658551
112,10,18,17,40,2,05中正區,中正區中華路1段與中華路口側附近1段21巷口,0,0,2,2,C03,8,5,5,50,3,1,1,5,4,5,13,4,4,1,3,5,2,13,1,68,2,9,6,1,7,9,1,10,2,13,,44,,1,21,,121.5096327,25.04658551
112,10,18,17,43,2,02萬華區,萬華區堤外便道與堤外便道口(青年至華中段、新二號疏散門),0,0,1,2,C01,8,5,5,50,3,1,1,5,4,5,13,4,4,5,5,5,2,17,1,21,2,9,6,1,7,9,6,10,1,17,,42,,1,21,,121.4994253,25.016632
112,10,18,17,43,2,02萬華區,萬華區堤外便道與堤外便道口(青年至華中段、新二號疏散門),0,0,1,1,B02,8,5,5,50,3,1,1,5,4,5,13,4,4,5,5,5,2,17,1,29,3,10,7,1,7,5,1,8,1,17,,100,,1,21,,121.4994253,25.016632
112,10,18,17,46,2,03中山區,中山區中山北路3段與民族西路口,0,0,1,1,B12,7,5,5,50,4,2,1,5,4,5,13,2,1,5,4,5,2,12,1,66,4,11,3,4,7,9,1,8,9,15,,16,,2,21,,121.5224101,25.0685223
112,10,18,17,46,2,03中山區,中山區中山北路3段與民族西路口,0,0,1,2,C03,7,5,5,50,4,2,1,5,4,5,13,2,1,5,4,5,2,12,1,62,2,7,6,1,7,9,6,18,1,17,,16,,1,21,,121.5224101,25.0685223
112,10,18,18,9,2,04大安區,大安區復興南路2段176號,0,0,2,1,C03,8,5,5,50,14,9,1,5,4,5,13,4,4,1,4,5,2,13,1,40,2,9,6,1,7,9,1,10,7,11,,21,,1,26,,121.5434218,25.0274503
112,10,18,18,9,2,04大安區,大安區復興南路2段176號,0,0,2,2,C02,8,5,5,50,14,9,1,5,4,5,13,4,4,1,4,5,2,13,1,32,2,9,5,1,7,14,1,9,2,13,,44,,1,22,,121.5434218,25.0274503
112,10,18,18,9,2,04大安區,大安區復興南路2段176號,0,0,2,3,B03,8,5,5,50,14,9,1,5,4,5,13,4,4,1,4,5,2,13,1,44,3,10,7,1,7,14,1,8,2,3,,44,,1,22,,121.5434218,25.0274503
112,10,18,18,11,2,08士林區,士林區社中街340號,0,0,2,2,H01,8,5,5,50,14,9,1,5,4,5,13,4,4,8,5,5,1,1,2,58,2,7,4,5,8,16,8,20,10,16,,60,,1,21,,121.5046459,25.0922869
112,10,18,18,11,2,08士林區,士林區社中街340號,0,0,2,1,C03,8,5,5,50,14,9,1,5,4,5,13,4,4,8,5,5,1,1,1,67,2,7,5,1,7,9,1,10,2,11,,107,,1,21,,121.5046459,25.0922869
112,10,18,18,25,2,06松山區,松山區民生東路5段與新中街口,0,0,2,1,C03,8,5,5,50,4,1,1,5,4,5,13,1,1,1,4,5,2,16,2,45,2,9,6,1,7,5,1,10,1,12,,74,,1,22,,121.5604591,25.0586107
112,10,18,18,25,2,06松山區,松山區民生東路5段與新中街口,0,0,2,2,C03,8,5,5,50,4,1,1,5,4,5,13,1,1,1,4,5,2,16,2,65,2,9,6,1,7,9,1,10,1,11,,44,,1,22,,121.5604591,25.0586107
112,10,18,18,25,2,07信義區,信義區松仁路2號,0,0,1,1,C03,7,5,5,50,14,6,1,5,4,5,13,4,4,1,4,5,2,17,2,37,2,9,3,4,7,15,1,10,2,14,,4,,1,22,,121.5684375,25.0404803
112,10,18,18,25,2,07信義區,信義區松仁路2號,0,0,1,2,B01,7,5,5,50,14,6,1,5,4,5,13,4,4,1,4,5,2,17,1,67,3,10,3,4,7,9,1,4,2,8,,44,,1,21,,121.5684375,25.0404803
112,10,18,18,26,2,02萬華區,萬華區西園路2段249號,0,0,1,1,B03,8,5,5,50,14,9,1,5,4,5,13,4,4,3,4,5,2,17,1,28,3,10,7,4,7,14,3,18,1,4,,40,,1,21,,121.4929342,25.02621228
112,10,18,18,26,2,02萬華區,萬華區西園路2段249號,0,0,1,2,F01,8,5,5,50,14,9,1,5,4,5,13,4,4,3,4,5,2,17,2,15,2,9,4,4,7,9,8,20,1,11,,44,,1,16,,121.4929342,25.02621228
112,10,18,18,32,2,01大同區,大同區環河北路1段與鄭州路口,0,0,1,2,C03,8,5,5,40,4,1,1,5,4,5,13,1,1,1,4,5,2,17,2,21,2,9,6,1,7,9,1,10,1,12,,44,,1,21,,121.5068774,25.05077642
112,10,18,18,32,2,01大同區,大同區環河北路1段與鄭州路口,0,0,1,1,C03,8,5,5,40,4,1,1,5,4,5,13,1,1,1,4,5,2,17,2,37,3,10,6,1,7,5,1,10,1,14,,8,,1,21,,121.5068774,25.05077642
112,10,18,18,44,2,07信義區,信義區市民大道6段與松山路口,0,0,2,1,C03,8,5,5,40,4,1,1,5,4,5,13,2,1,8,3,5,2,12,1,22,2,9,3,4,7,15,1,10,1,11,,100,,1,22,,121.5775783,25.0489349
112,10,18,18,44,2,07信義區,信義區市民大道6段與松山路口,0,0,2,2,C03,8,5,5,40,4,1,1,5,4,5,13,2,1,8,3,5,2,12,1,22,2,7,3,4,7,9,1,10,1,11,,13,,1,22,,121.5775783,25.0489349
112,10,18,19,0,2,04大安區,大安區敦化南路1段187巷與忠孝東路4段147巷口,0,0,1,1,B03,8,5,5,30,4,1,1,5,4,5,13,4,4,10,5,5,2,15,2,27,3,10,3,4,7,9,1,8,1,8,,72,,1,21,,121.5496655,25.0425953
112,10,18,19,0,2,04大安區,大安區敦化南路1段187巷與忠孝東路4段147巷口,0,0,1,2,C03,8,5,5,30,4,1,1,5,4,5,13,4,4,10,5,5,2,15,1,40,2,7,3,4,7,9,1,10,1,12,,107,,1,21,,121.5496655,25.0425953
112,10,18,19,6,2,08士林區,士林區故宮路與故宮路48巷口口,0,0,1,1,B03,8,5,5,50,4,1,1,5,4,5,13,2,1,1,4,5,1,13,2,36,3,10,7,1,7,9,1,8,1,8,,108,,1,21,,121.5473929,25.0963369
112,10,18,19,6,2,08士林區,士林區故宮路與故宮路48巷口口,0,0,1,2,C03,8,5,5,50,4,1,1,5,4,5,13,2,1,1,4,5,1,13,1,38,2,9,5,1,7,14,1,9,1,12,,44,,1,21,,121.5473929,25.0963369
112,10,18,19,7,2,12內湖區,內湖區瑞光路與陽光街口,0,0,1,1,C03,8,5,5,50,4,2,1,5,4,5,13,1,1,9,4,5,2,17,2,35,2,8,5,1,7,15,1,10,1,12,,100,,1,21,,121.5791768,25.0737525
112,10,18,19,7,2,12內湖區,內湖區瑞光路與陽光街口,0,0,1,2,B03,8,5,5,50,4,2,1,5,4,5,13,1,1,9,4,5,2,17,2,45,3,10,7,1,7,9,1,8,1,8,,44,,1,21,,121.5791768,25.0737525
112,10,18,19,7,2,12內湖區,內湖區瑞光路與陽光街口,0,0,1,3,C03,8,5,5,50,4,2,1,5,4,5,13,1,1,9,4,5,2,17,1,26,3,10,5,1,7,9,1,10,1,11,,44,,1,21,,121.5791768,25.0737525
112,10,18,19,7,2,12內湖區,內湖區瑞光路與陽光街口,0,0,1,4,C03,8,5,5,50,4,2,1,5,4,5,13,1,1,9,4,5,2,17,1,42,3,10,5,1,7,15,1,10,1,11,,16,,1,21,,121.5791768,25.0737525
112,10,18,19,50,2,01大同區,大同區民生西路與太原路口,0,0,2,1,B01,8,5,5,50,3,1,1,5,4,5,13,2,1,9,4,5,2,16,1,49,2,7,7,1,7,5,1,4,2,2,,74,,1,21,,121.5169544,25.0571462
112,10,18,19,50,2,01大同區,大同區民生西路與太原路口,0,0,2,2,C03,8,5,5,50,3,1,1,5,4,5,13,2,1,9,4,5,2,16,2,60,2,9,5,1,7,9,1,10,2,11,,44,,1,21,,121.5169544,25.0571462
112,10,18,20,37,2,05中正區,中正區武昌街1段與延平南路口,0,0,1,1,B03,8,5,5,50,4,1,1,5,4,5,13,4,4,10,4,5,2,15,1,29,3,10,7,1,7,9,1,8,2,1,,72,,1,26,,121.5101549,25.04414119
112,10,18,20,37,2,05中正區,中正區武昌街1段與延平南路口,0,0,1,2,C03,8,5,5,50,4,1,1,5,4,5,13,4,4,10,4,5,2,15,1,24,2,9,6,1,7,9,1,10,2,12,,44,,1,26,,121.5101549,25.04414119
112,10,18,20,38,2,05中正區,中正區衡陽路與桃源街口,0,0,1,2,H01,8,5,5,50,3,1,1,5,4,5,13,4,4,9,5,5,1,1,1,33,2,8,4,5,8,16,8,20,10,16,,67,,1,21,,121.5104449,25.0422695
112,10,18,20,38,2,05中正區,中正區衡陽路與桃源街口,0,0,1,1,B03,8,5,5,50,3,1,1,5,4,5,13,4,4,9,5,5,1,1,2,43,3,10,7,1,7,5,3,18,2,8,,42,,1,21,,121.5104449,25.0422695
112,10,18,20,46,2,06松山區,松山區復興北路427巷與復興北路口,0,0,2,2,C03,7,5,5,50,4,1,1,5,4,5,13,2,1,1,4,5,2,15,1,19,2,9,6,4,7,9,1,10,2,11,,44,,1,22,,121.5443454,25.06335288
112,10,18,20,46,2,06松山區,松山區復興北路427巷與復興北路口,0,0,2,1,F01,7,5,5,50,4,1,1,5,4,5,13,2,1,1,4,5,2,15,2,66,2,9,4,4,7,9,8,20,2,12,,81,,1,22,,121.5443454,25.06335288
112,10,18,20,50,2,09北投區,北投區磺港路區公所旁,0,0,1,1,H01,7,5,5,50,14,9,1,5,4,5,13,4,4,9,4,5,1,3,1,56,3,10,4,5,8,16,8,20,1,16,,121,,1,21,,121.5029288,25.1323774