發生年度,發生月,發生日,發生時-Hours,發生分,處理別-編號,區序,肇事地點,死亡人數,2-30日死亡人數,受傷人數,當事人序號,車種,天候,光線,道路類別,速限-速度限制,道路型態,事故位置,路面狀況1,路面狀況2,路面狀況3,道路障礙1,道路障礙2,號誌1,號誌2,車道劃分-分向,車道劃分-分道1,車道劃分-分道2,車道劃分-分道3,事故類型及型態,性別,年齡,受傷程度,主要傷處,保護裝置,行動電話,車輛用途,當事者行動狀態,駕駛資格情形,駕駛執照種類,飲酒情形,車輛撞擊部位1,車輛撞擊部位2,肇因碼-個別,肇因碼-主要,個人肇逃否,職業,旅次目的,座標-X,座標-Y
112,10,18,20,50,2,09北投區,北投區磺港路區公所旁,0,0,1,2,C03,7,5,5,50,14,9,1,5,4,5,13,4,4,9,4,5,1,3,1,20,2,9,5,1,7,9,1,10,1,11,,108,,1,21,,121.5029288,25.1323774
112,10,18,21,5,2,08士林區,士林區百齡橋往社子(上重陽橋前),0,0,2,1,F03,8,5,5,50,8,9,1,5,4,5,13,4,4,3,4,5,1,12,2,26,2,9,5,1,7,7,8,20,2,14,,100,,1,21,,121.511708,25.0879487
112,10,18,21,5,2,08士林區,士林區百齡橋往社子(上重陽橋前),0,0,2,2,C03,8,5,5,50,8,9,1,5,4,5,13,4,4,3,4,5,1,12,1,21,2,9,6,1,7,9,1,10,2,12,,44,,1,21,,121.511708,25.0879487
112,10,18,21,30,2,09北投區,北投區承德路6段與文林北路口,0,0,1,2,C03,8,5,5,60,5,2,1,5,4,5,13,2,1,1,4,5,2,12,1,59,2,9,3,4,7,9,1,10,1,13,,44,,1,21,,121.5114153,25.1101387
112,10,18,21,30,2,09北投區,北投區承德路6段與文林北路口,0,0,1,1,B03,8,5,5,60,5,2,1,5,4,5,13,2,1,1,4,5,2,12,1,50,3,10,3,4,7,9,1,8,1,5,,107,,1,21,,121.5114153,25.1101387
112,10,18,22,24,2,07信義區,信義區忠孝東路5段22巷(W飯店前),0,0,1,1,B01,7,5,5,50,14,9,1,5,4,5,13,4,4,9,4,5,2,17,1,53,3,10,3,4,7,7,1,3,1,8,,100,,1,21,,121.5661039,25.0408066
112,10,18,22,24,2,07信義區,信義區忠孝東路5段22巷(W飯店前),0,0,1,2,C03,7,5,5,50,14,9,1,5,4,5,13,4,4,9,4,5,2,17,1,18,2,3,3,4,7,9,1,10,1,14,,44,,1,22,,121.5661039,25.0408066
112,10,18,22,35,2,02萬華區,萬華區環河南路1段與環河南路1段口中興橋機車道下橋處路口,0,0,3,4,H02,8,5,5,0,3,1,1,5,4,5,13,4,4,4,5,5,2,12,2,22,2,9,4,5,8,21,8,20,10,16,,67,,1,22,,121.5002288,25.04219907
112,10,18,22,35,2,02萬華區,萬華區環河南路1段與環河南路1段口中興橋機車道下橋處路口,0,0,3,3,C03,8,5,5,0,3,1,1,5,4,5,13,4,4,4,5,5,2,12,1,26,2,9,6,1,7,9,1,10,1,14,,44,,1,22,,121.5002288,25.04219907
112,10,18,22,35,2,02萬華區,萬華區環河南路1段與環河南路1段口中興橋機車道下橋處路口,0,0,3,1,C03,8,5,5,0,3,1,1,5,4,5,13,4,4,4,5,5,2,12,4,0,,,,,,,,,11,,,119,,2,,,121.5002288,25.04219907
112,10,18,22,35,2,02萬華區,萬華區環河南路1段與環河南路1段口中興橋機車道下橋處路口,0,0,3,2,C03,8,5,5,0,3,1,1,5,4,5,13,4,4,4,5,5,2,12,1,20,2,9,6,1,7,9,1,10,1,14,,44,,1,22,,121.5002288,25.04219907
112,10,18,22,45,2,08士林區,士林區中山北路5段與小北街口,0,0,3,5,C03,8,5,5,40,3,2,1,5,4,5,13,4,4,10,5,5,1,17,2,34,3,10,5,1,7,9,1,10,1,11,,13,,1,21,,121.5273546,25.0901418
112,10,18,22,45,2,08士林區,士林區中山北路5段與小北街口,0,0,3,4,C03,8,5,5,40,3,2,1,5,4,5,13,4,4,10,5,5,1,17,1,20,2,8,5,1,7,9,1,10,1,11,,44,,1,21,,121.5273546,25.0901418
112,10,18,22,45,2,08士林區,士林區中山北路5段與小北街口,0,0,3,3,C03,8,5,5,40,3,2,1,5,4,5,13,4,4,10,5,5,1,17,2,29,2,6,5,1,7,9,1,10,1,13,,44,,1,21,,121.5273546,25.0901418
112,10,18,22,45,2,08士林區,士林區中山北路5段與小北街口,0,0,3,2,C03,8,5,5,40,3,2,1,5,4,5,13,4,4,10,5,5,1,17,2,21,2,8,5,1,7,9,1,10,1,12,,44,,1,21,,121.5273546,25.0901418
112,10,18,22,45,2,08士林區,士林區中山北路5段與小北街口,0,0,3,1,A02,8,5,5,40,3,2,1,5,4,5,13,4,4,10,5,5,1,17,1,25,3,10,7,1,7,21,1,5,9,15,,30,,2,21,,121.5273546,25.0901418
112,10,18,23,17,2,06松山區,松山區八德路4段699之3號,0,0,1,1,B01,7,5,5,50,14,8,1,5,4,5,13,4,4,1,4,4,2,12,1,62,3,10,7,1,7,7,1,4,1,6,,100,,1,22,,121.5766478,25.05009593
112,10,18,23,17,2,06松山區,松山區八德路4段699之3號,0,0,1,2,C03,7,5,5,50,14,8,1,5,4,5,13,4,4,1,4,4,2,12,1,25,2,9,6,1,7,9,1,9,1,11,,44,,1,22,,121.5766478,25.05009593
112,10,18,23,42,2,04大安區,大安區和平東路3段與敦化南路2段口,0,0,1,1,B01,8,5,5,50,4,1,1,5,4,5,13,2,1,1,4,5,1,12,1,65,3,10,3,4,7,15,1,4,1,7,,100,,1,21,,121.548509,25.0246605
112,10,18,23,42,2,04大安區,大安區和平東路3段與敦化南路2段口,0,0,1,2,C04,8,5,5,50,4,1,1,5,4,5,13,2,1,1,4,5,1,12,2,26,2,7,5,1,7,9,1,8,1,12,,44,,1,21,,121.548509,25.0246605
112,10,18,23,56,1,12內湖區,內湖區堤頂大道2段與港墘路口,1,0,0,2,C03,7,5,5,70,3,1,1,5,4,5,13,1,1,1,3,1,1,16,1,19,1,9,6,1,7,9,1,10,9,11,,44,,1,21,,121.5724322,25.07461401
112,10,18,23,56,1,12內湖區,內湖區堤頂大道2段與港墘路口,1,0,0,1,B03,7,5,5,70,3,1,1,5,4,5,13,1,1,1,3,1,1,16,2,58,3,10,7,1,7,5,1,8,2,6,,8,,1,21,,121.5724322,25.07461401
112,10,19,1,4,2,08士林區,士林區承德路4段40巷與通河街179巷口,0,0,1,1,C03,8,5,5,50,3,1,1,5,4,5,13,4,4,4,5,5,1,17,1,23,2,8,5,1,7,5,1,10,1,12,,80,,1,21,,121.5199503,25.0818733
112,10,19,1,4,2,08士林區,士林區承德路4段40巷與通河街179巷口,0,0,1,2,A12,8,5,5,50,3,1,1,5,4,5,13,4,4,4,5,5,1,17,1,54,3,10,7,1,7,9,1,6,1,4,,4,,1,21,,121.5199503,25.0818733
112,10,19,1,12,2,07信義區,信義區永吉路30巷與永吉路30巷158弄口口,0,0,1,2,B01,7,5,5,30,4,1,1,5,4,5,13,4,4,9,5,5,2,15,1,56,2,1,3,4,7,4,1,4,1,4,,94,,1,21,,121.5687471,25.042328
112,10,19,1,12,2,07信義區,信義區永吉路30巷與永吉路30巷158弄口口,0,0,1,1,B01,7,5,5,30,4,1,1,5,4,5,13,4,4,9,5,5,2,15,1,55,3,10,3,4,7,9,1,4,1,1,,72,,1,21,,121.5687471,25.042328
112,10,19,5,32,2,12內湖區,內湖區東湖路133號,0,0,1,2,B03,8,5,5,0,14,9,1,5,4,5,13,4,4,5,4,5,2,3,1,58,3,10,7,1,7,9,1,8,2,1,,108,,1,21,,121.6168171,25.06815375
112,10,19,5,32,2,12內湖區,內湖區東湖路133號,0,0,1,1,H01,8,5,5,0,14,9,1,5,4,5,13,4,4,5,4,5,2,3,2,71,2,9,4,5,8,18,8,20,10,16,,121,,1,21,,121.6168171,25.06815375
112,10,19,6,51,2,02萬華區,萬華區中華路2段(南寧路46號前),0,0,2,1,C03,8,7,5,40,14,8,1,5,4,5,13,4,4,1,4,4,2,13,1,25,2,9,5,1,7,9,1,10,1,11,,108,,1,21,,121.5063361,25.0359029
112,10,19,6,51,2,02萬華區,萬華區中華路2段(南寧路46號前),0,0,2,2,C03,8,7,5,40,14,8,1,5,4,5,13,4,4,1,4,4,2,13,1,40,2,9,5,1,7,9,1,10,1,13,,44,,1,21,,121.5063361,25.0359029
112,10,19,7,22,2,08士林區,士林區延平北路8段2巷與延平北路8段2巷55弄口,0,0,4,3,H02,8,6,5,30,4,1,1,5,4,5,13,4,4,10,5,5,2,15,2,39,2,1,6,5,7,20,8,20,10,16,,67,,1,22,,121.4868857,25.1055521
112,10,19,7,22,2,08士林區,士林區延平北路8段2巷與延平北路8段2巷55弄口,0,0,4,4,H02,8,6,5,30,4,1,1,5,4,5,13,4,4,10,5,5,2,15,2,3,2,9,6,5,7,20,8,20,10,16,,67,,1,24,,121.4868857,25.1055521
112,10,19,7,22,2,08士林區,士林區延平北路8段2巷與延平北路8段2巷55弄口,0,0,4,2,C03,8,6,5,30,4,1,1,5,4,5,13,4,4,10,5,5,2,15,2,31,2,9,6,4,7,9,1,10,2,11,,80,,1,22,,121.4868857,25.1055521
112,10,19,7,22,2,08士林區,士林區延平北路8段2巷與延平北路8段2巷55弄口,0,0,4,1,C03,8,6,5,30,4,1,1,5,4,5,13,4,4,10,5,5,2,15,1,40,2,9,6,4,7,9,1,10,2,13,,75,,1,22,,121.4868857,25.1055521
112,10,19,7,25,2,07信義區,信義區忠孝東路5段677號,0,0,1,2,C03,8,7,5,50,14,9,1,5,4,5,13,4,4,10,4,5,2,12,1,19,2,8,6,4,7,9,1,10,1,14,,44,,1,21,,121.5802018,25.04233151
112,10,19,7,25,2,07信義區,信義區忠孝東路5段677號,0,0,1,1,B02,8,7,5,50,14,9,1,5,4,5,13,4,4,10,4,5,2,12,1,63,3,10,3,4,7,7,1,4,1,2,,100,,1,22,,121.5802018,25.04233151
112,10,19,7,25,2,07信義區,信義區忠孝東路5段423巷與虎林街120巷口,0,0,2,1,C03,8,6,5,30,4,1,1,5,4,5,13,4,4,9,4,5,1,15,2,58,2,8,3,4,7,9,1,10,1,11,,72,,1,22,,121.5753271,25.0421396
112,10,19,7,25,2,07信義區,信義區忠孝東路5段423巷與虎林街120巷口,0,0,2,2,C03,8,6,5,30,4,1,1,5,4,5,13,4,4,9,4,5,1,15,1,28,2,8,3,4,7,9,1,10,1,12,,44,,1,22,,121.5753271,25.0421396
112,10,19,7,30,2,10文山區,文山區指南路1段98號與道南橋口,0,0,1,1,C03,8,5,5,50,4,2,1,5,4,5,13,4,4,4,5,5,2,16,2,67,2,9,5,1,7,5,1,10,2,14,,8,,1,21,,121.571217,24.9876745
112,10,19,7,30,2,10文山區,文山區指南路1段98號與道南橋口,0,0,1,2,B03,8,5,5,50,4,2,1,5,4,5,13,4,4,4,5,5,2,16,2,45,3,10,7,1,7,9,1,8,2,5,,44,,1,21,,121.571217,24.9876745
112,10,19,7,35,2,08士林區,士林區延平北路8段2巷200弄與延平北路8段2巷口,0,0,2,1,C03,8,5,5,50,3,1,1,5,4,5,13,4,4,10,5,5,2,17,1,43,2,7,5,1,7,5,1,10,1,14,,74,,1,21,,121.4900501,25.10977626
112,10,19,7,35,2,08士林區,士林區延平北路8段2巷200弄與延平北路8段2巷口,0,0,2,2,C03,8,5,5,50,3,1,1,5,4,5,13,4,4,10,5,5,2,17,2,31,2,9,5,1,7,9,1,10,1,11,,107,,1,21,,121.4900501,25.10977626
112,10,19,7,38,2,10文山區,文山區辛亥路5段與辛亥路5段25巷口,0,0,3,3,H02,8,6,5,50,4,1,1,5,4,5,13,2,1,1,4,5,2,16,2,16,2,9,6,5,7,21,8,20,10,16,,67,,1,16,,121.5540541,24.9998009
112,10,19,7,38,2,10文山區,文山區辛亥路5段與辛亥路5段25巷口,0,0,3,1,C03,8,6,5,50,4,1,1,5,4,5,13,2,1,1,4,5,2,16,1,18,2,9,6,1,7,5,1,10,1,14,,83,,1,21,,121.5540541,24.9998009
112,10,19,7,38,2,10文山區,文山區辛亥路5段與辛亥路5段25巷口,0,0,3,2,C03,8,6,5,50,4,1,1,5,4,5,13,2,1,1,4,5,2,16,1,57,2,7,6,1,7,9,1,10,1,11,,44,,1,21,,121.5540541,24.9998009
112,10,19,7,40,2,02萬華區,萬華區華江橋往台北市機車道,0,0,1,1,C03,8,7,7,40,8,11,1,5,4,5,13,4,4,10,5,5,2,13,1,50,2,7,5,1,7,12,1,10,1,11,13,16,,1,21,,121.4874224,25.03562339
112,10,19,7,40,2,02萬華區,萬華區華江橋往台北市機車道,0,0,1,3,C03,8,7,7,40,8,11,1,5,4,5,13,4,4,10,5,5,2,13,1,24,3,10,5,1,7,12,1,10,1,11,13,16,,1,21,,121.4874224,25.03562339
112,10,19,7,40,2,02萬華區,萬華區華江橋往台北市機車道,0,0,1,2,C03,8,7,7,40,8,11,1,5,4,5,13,4,4,10,5,5,2,13,1,46,3,10,5,1,7,12,1,10,1,13,,44,,1,21,,121.4874224,25.03562339
112,10,19,7,40,2,02萬華區,萬華區華江橋往台北市機車道,0,0,1,4,C03,8,7,7,40,8,11,1,5,4,5,13,4,4,10,5,5,2,13,1,28,3,10,5,1,7,12,1,10,1,11,,16,,1,21,,121.4874224,25.03562339
112,10,19,7,51,2,04大安區,大安區浦城街與師大路80巷口,0,0,1,1,C03,8,6,5,30,4,1,1,5,4,5,13,4,4,10,5,5,1,15,1,47,2,9,3,4,7,9,1,10,1,11,,72,,1,21,,121.5267988,25.0234311
112,10,19,7,51,2,04大安區,大安區浦城街與師大路80巷口,0,0,1,2,B03,8,6,5,30,4,1,1,5,4,5,13,4,4,10,5,5,1,15,1,52,3,10,3,4,7,9,1,8,1,8,,44,,1,21,,121.5267988,25.0234311
112,10,19,7,58,2,08士林區,士林區文林路與雙溪街口,0,0,1,1,C03,8,6,5,40,4,2,1,5,4,5,13,2,1,5,4,4,1,17,1,68,3,10,5,1,7,5,1,10,1,14,,74,,1,21,,121.5233789,25.09968778
112,10,19,7,58,2,08士林區,士林區文林路與雙溪街口,0,0,1,2,C03,8,6,5,40,4,2,1,5,4,5,13,2,1,5,4,4,1,17,2,20,2,9,6,1,7,5,1,10,1,12,,44,,1,21,,121.5233789,25.09968778
112,10,19,8,12,2,06松山區,松山區民權東路5段民權大橋往內湖,0,0,3,1,C03,8,6,5,40,8,11,1,5,4,5,13,4,4,1,4,4,2,13,1,31,2,8,6,1,7,9,1,10,1,13,,16,,1,21,,121.5665502,25.0632279
112,10,19,8,12,2,06松山區,松山區民權東路5段民權大橋往內湖,0,0,3,3,C03,8,6,5,40,8,11,1,5,4,5,13,4,4,1,4,4,2,13,2,40,3,10,6,1,7,9,1,10,1,11,,108,,1,21,,121.5665502,25.0632279
112,10,19,8,12,2,06松山區,松山區民權東路5段民權大橋往內湖,0,0,3,4,H02,8,6,5,40,8,11,1,5,4,5,13,4,4,1,4,4,2,13,2,26,2,8,6,5,7,20,8,20,10,16,,67,,1,21,,121.5665502,25.0632279
112,10,19,8,12,2,06松山區,松山區民權東路5段民權大橋往內湖,0,0,3,2,C03,8,6,5,40,8,11,1,5,4,5,13,4,4,1,4,4,2,13,1,37,2,5,6,1,7,9,1,10,1,11,12,44,,1,21,,121.5665502,25.0632279
112,10,19,8,15,2,08士林區,士林區中山北路6段439號,0,0,1,2,B03,8,5,5,50,14,9,1,5,4,5,13,4,4,1,4,5,2,17,1,37,3,10,7,1,7,13,1,8,1,4,,40,,1,21,,121.5271899,25.114249
112,10,19,8,15,2,08士林區,士林區中山北路6段439號,0,0,1,1,C03,8,5,5,50,14,9,1,5,4,5,13,4,4,1,4,5,2,17,1,19,2,9,5,1,7,9,1,10,1,11,,107,,1,21,,121.5271899,25.114249
112,10,19,8,30,2,02萬華區,萬華區西藏路與西藏路286巷口,0,0,1,2,C03,7,5,8,50,3,2,1,5,4,5,13,4,4,1,4,5,2,17,2,64,2,9,6,1,7,9,1,10,1,11,,44,,1,21,,121.4953461,25.02839682
112,10,19,8,30,2,02萬華區,萬華區西藏路與西藏路286巷口,0,0,1,1,C03,7,5,8,50,3,2,1,5,4,5,13,4,4,1,4,5,2,17,2,23,3,10,6,1,7,6,1,10,1,12,,9,,1,21,,121.4953461,25.02839682
112,10,19,8,30,2,11南港區,南港區重陽路與重陽路263巷口,0,0,2,2,C04,8,7,5,40,4,1,1,5,4,5,13,4,4,5,5,4,2,13,1,27,2,8,5,1,7,14,1,11,1,13,,44,,1,21,,121.6035076,25.0577413
112,10,19,8,30,2,11南港區,南港區重陽路與重陽路263巷口,0,0,2,1,C03,8,7,5,40,4,1,1,5,4,5,13,4,4,5,5,4,2,13,2,22,2,8,5,1,7,9,1,10,1,11,,107,,1,21,,121.6035076,25.0577413
112,10,19,8,40,2,01大同區,大同區鄭州路與環河北路1段口,0,0,1,2,C03,8,6,5,40,5,1,1,5,4,5,13,4,4,1,5,5,2,17,1,40,2,9,6,1,7,5,1,10,1,11,,108,,1,21,,121.5067786,25.0506249
112,10,19,8,40,2,01大同區,大同區鄭州路與環河北路1段口,0,0,1,1,B03,8,6,5,40,5,1,1,5,4,5,13,4,4,1,5,5,2,17,2,58,3,10,7,1,7,5,1,8,1,7,,44,,1,21,,121.5067786,25.0506249
112,10,19,8,42,2,08士林區,士林區故宮路35巷與故宮路口,0,0,1,2,C03,8,6,5,50,4,1,1,5,4,5,13,2,1,3,4,5,1,17,2,68,2,9,6,1,7,9,1,11,1,14,,44,,1,21,,121.5471561,25.09679407
112,10,19,8,42,2,08士林區,士林區故宮路35巷與故宮路口,0,0,1,1,B03,8,6,5,50,4,1,1,5,4,5,13,2,1,3,4,5,1,17,1,35,3,10,7,1,7,5,1,8,1,8,,74,,1,21,,121.5471561,25.09679407
112,10,19,8,45,2,06松山區,松山區南京東路3段344號,0,0,2,1,C03,8,7,5,50,14,7,1,5,4,5,13,1,1,1,3,4,2,13,2,34,2,9,6,1,7,9,1,10,1,11,,44,,1,26,,121.5481272,25.05164766
112,10,19,8,45,2,06松山區,松山區南京東路3段344號,0,0,2,2,C03,8,7,5,50,14,7,1,5,4,5,13,1,1,1,3,4,2,13,1,32,2,9,6,1,7,14,1,10,1,14,,108,,1,7,,121.5481272,25.05164766
112,10,19,8,56,2,04大安區,大安區基隆路4段41巷68弄2號,0,0,1,1,C03,8,7,5,30,14,9,1,5,4,5,13,4,4,9,4,5,1,12,2,52,2,8,6,4,7,9,1,10,1,11,,16,,1,21,,121.5424458,25.0122789
112,10,19,8,56,2,04大安區,大安區基隆路4段41巷68弄2號,0,0,1,2,B02,8,7,5,30,14,9,1,5,4,5,13,4,4,9,4,5,1,12,1,59,3,10,3,4,7,9,1,4,1,3,,44,,1,21,,121.5424458,25.0122789
112,10,19,8,59,2,03中山區,中山區基湖路120巷與基湖路口側附近口,0,0,2,3,H02,8,6,5,30,4,2,1,5,4,5,13,2,1,10,5,5,2,12,2,42,2,9,3,5,7,20,8,20,10,16,,67,,1,21,,121.5633342,25.0780383
112,10,19,8,59,2,03中山區,中山區基湖路120巷與基湖路口側附近口,0,0,2,2,C03,8,6,5,30,4,2,1,5,4,5,13,2,1,10,5,5,2,12,1,44,2,9,3,4,7,9,1,10,1,11,,42,,1,21,,121.5633342,25.0780383
112,10,19,8,59,2,03中山區,中山區基湖路120巷與基湖路口側附近口,0,0,2,1,B03,8,6,5,30,4,2,1,5,4,5,13,2,1,10,5,5,2,12,2,40,3,10,3,4,7,15,1,8,1,8,,100,,1,21,,121.5633342,25.0780383
112,10,19,9,7,2,03中山區,中山區中山北路2段22-3號,0,0,2,1,C03,8,5,8,50,14,9,1,5,4,5,13,4,4,1,3,5,1,12,2,37,2,9,6,1,7,9,1,21,1,12,,17,,1,21,,121.5223749,25.0538867
112,10,19,9,7,2,03中山區,中山區中山北路2段22-3號,0,0,2,2,C03,8,5,8,50,14,9,1,5,4,5,13,4,4,1,3,5,1,12,2,30,2,9,6,1,7,9,1,10,1,14,,17,,1,21,,121.5223749,25.0538867
112,10,19,9,7,2,03中山區,中山區中山北路2段22-3號,0,0,2,3,C03,8,5,8,50,14,9,1,5,4,5,13,4,4,1,3,5,1,12,1,33,3,10,6,1,7,9,1,10,1,12,,44,,1,21,,121.5223749,25.0538867
112,10,19,9,7,2,03中山區,中山區中山北路2段22-3號,0,0,2,4,C03,8,5,8,50,14,9,1,5,4,5,13,4,4,1,3,5,1,12,2,48,3,10,5,1,7,13,1,10,9,17,,44,,1,21,,121.5223749,25.0538867
112,10,19,9,7,2,03中山區,中山區中山北路2段22-3號,0,0,2,5,C03,8,5,8,50,14,9,1,5,4,5,13,4,4,1,3,5,1,12,2,59,3,10,6,1,7,9,1,10,9,17,,44,,1,21,,121.5223749,25.0538867
112,10,19,9,8,2,08士林區,士林區百齡橋西往東機車道,0,0,1,2,C03,8,6,5,40,8,11,1,5,4,5,13,4,4,1,1,4,1,17,2,38,2,9,6,1,7,9,1,10,1,14,,17,,1,22,,121.513923,25.0891345
112,10,19,9,8,2,08士林區,士林區百齡橋西往東機車道,0,0,1,1,C03,8,6,5,40,8,11,1,5,4,5,13,4,4,1,1,4,1,17,4,0,4,11,3,1,7,9,7,19,11,15,,119,,2,22,,121.513923,25.0891345
112,10,19,9,28,2,03中山區,中山區民權東路2段與新生北路3段口,0,0,1,2,C03,8,6,5,50,4,1,1,5,4,5,13,1,1,1,3,5,1,13,1,35,3,10,6,1,7,14,1,10,2,13,,44,,1,21,,121.5276183,25.0627092
112,10,19,9,28,2,03中山區,中山區民權東路2段與新生北路3段口,0,0,1,1,C03,8,6,5,50,4,1,1,5,4,5,13,1,1,1,3,5,1,13,2,52,2,9,6,1,7,9,1,10,2,11,,108,,1,21,,121.5276183,25.0627092
112,10,19,9,28,2,08士林區,(延平北路7段42-7號前),0,0,1,1,C03,8,5,5,30,3,1,1,5,4,5,13,4,4,10,5,5,1,15,2,30,3,10,6,1,7,9,1,10,1,11,,107,,1,21,,121.4971806,25.09688757
112,10,19,9,28,2,08士林區,(延平北路7段42-7號前),0,0,1,2,F01,8,5,5,30,3,1,1,5,4,5,13,4,4,10,5,5,1,15,2,46,2,9,4,1,7,1,8,20,1,14,,108,,1,21,,121.4971806,25.09688757
112,10,19,9,58,2,02萬華區,萬華區環河南路1段與貴陽街2段口,0,0,2,2,C03,8,7,5,50,4,1,1,5,4,5,13,1,1,9,5,5,2,15,2,25,2,9,5,1,7,9,1,10,1,11,,44,,1,21,,121.4979797,25.0400933
112,10,19,9,58,2,02萬華區,萬華區環河南路1段與貴陽街2段口,0,0,2,1,C03,8,7,5,50,4,1,1,5,4,5,13,1,1,9,5,5,2,15,1,74,2,9,5,1,7,1,1,10,1,12,,44,,1,21,,121.4979797,25.0400933
112,10,19,10,12,2,01大同區,大同區台北橋機慢車專用道,0,0,1,1,B03,8,6,5,50,14,11,1,5,4,5,13,4,4,10,4,5,2,17,1,52,3,10,7,4,7,12,1,8,1,17,,14,,1,21,,121.5107766,25.0630935
112,10,19,10,12,2,01大同區,大同區台北橋機慢車專用道,0,0,1,2,C03,8,6,5,50,14,11,1,5,4,5,13,4,4,10,4,5,2,17,1,43,2,9,5,4,7,9,1,10,1,14,,107,,1,21,,121.5107766,25.0630935
112,10,19,10,33,2,07信義區,信義區信義路5段與松仁路口,0,0,1,1,B03,8,5,5,50,4,2,1,5,4,5,13,2,1,3,4,5,2,17,1,54,3,10,7,1,7,6,1,8,2,1,,9,,1,21,,121.5685076,25.0327824
112,10,19,10,33,2,07信義區,信義區信義路5段與松仁路口,0,0,1,2,F01,8,5,5,50,4,2,1,5,4,5,13,2,1,3,4,5,2,17,1,44,2,7,4,1,7,9,8,20,2,11,,44,,1,21,,121.5685076,25.0327824
112,10,19,10,40,2,06松山區,松山區民權東路3段156號,0,0,2,1,B03,8,7,5,50,14,9,1,5,4,5,13,1,1,1,4,5,2,13,1,82,2,9,7,4,7,9,1,8,1,1,,107,,1,21,,121.5477369,25.06196782
112,10,19,10,40,2,06松山區,松山區民權東路3段156號,0,0,2,2,B03,8,7,5,50,14,9,1,5,4,5,13,1,1,1,4,5,2,13,1,48,3,10,7,4,7,14,1,8,1,1,3,44,,1,21,,121.5477369,25.06196782
112,10,19,10,40,2,06松山區,松山區民權東路3段156號,0,0,2,3,B12,8,7,5,50,14,9,1,5,4,5,13,1,1,1,4,5,2,13,1,39,3,10,7,4,7,14,1,8,1,3,1,44,,1,21,,121.5477369,25.06196782
112,10,19,10,40,2,06松山區,松山區民權東路3段156號,0,0,2,4,C03,8,7,5,50,14,9,1,5,4,5,13,1,1,1,4,5,2,13,1,37,2,9,6,4,7,14,1,10,1,13,,44,,1,21,,121.5477369,25.06196782
112,10,19,10,40,2,06松山區,松山區民權東路3段156號,0,0,2,5,C03,8,7,5,50,14,9,1,5,4,5,13,1,1,1,4,5,2,13,1,25,3,10,5,4,7,14,1,10,1,13,,44,,1,21,,121.5477369,25.06196782
112,10,19,10,44,2,11南港區,南港區研究院路1段與研究院路1段130巷口,0,0,1,1,B01,8,6,5,50,4,2,1,5,4,5,13,1,1,1,4,5,2,16,1,29,3,10,7,1,7,11,1,4,1,17,,10,,1,21,,121.6157466,25.0490875
112,10,19,10,44,2,11南港區,南港區研究院路1段與研究院路1段130巷口,0,0,1,2,C03,8,6,5,50,4,2,1,5,4,5,13,1,1,1,4,5,2,16,1,49,2,9,6,1,7,9,1,9,1,14,,44,,1,21,,121.6157466,25.0490875
112,10,19,11,35,2,10文山區,文山區景文街171號,0,0,1,2,C03,8,6,5,40,14,7,1,5,4,5,13,4,4,5,5,4,2,14,1,47,2,7,6,1,7,9,1,10,2,12,,107,,1,21,,121.5408598,24.98899814
112,10,19,11,35,2,10文山區,文山區景文街171號,0,0,1,1,A12,8,6,5,40,14,7,1,5,4,5,13,4,4,5,5,4,2,14,1,56,3,10,7,1,7,11,1,1,2,7,,10,,1,21,,121.5408598,24.98899814
112,10,19,11,36,2,01大同區,大同區民權西路160巷26弄84號旁,0,0,1,1,B03,8,7,5,30,22,9,1,5,4,5,13,4,4,10,5,5,2,17,1,62,3,10,3,4,7,1,1,8,1,8,,19,,1,21,,121.5148481,25.06164737
112,10,19,11,36,2,01大同區,大同區民權西路160巷26弄84號旁,0,0,1,2,C03,8,7,5,30,22,9,1,5,4,5,13,4,4,10,5,5,2,17,2,58,2,9,5,1,7,9,1,10,1,11,,44,,1,21,,121.5148481,25.06164737
112,10,19,12,10,2,07信義區,信義區和平東路3段與信安街口,0,0,1,1,B02,8,7,5,50,4,1,1,5,4,5,13,2,1,5,4,5,2,17,1,76,3,10,7,1,7,5,1,8,1,1,,74,,1,21,,121.5547298,25.0224378
112,10,19,12,10,2,07信義區,信義區和平東路3段與信安街口,0,0,1,2,C03,8,7,5,50,4,1,1,5,4,5,13,2,1,5,4,5,2,17,1,21,2,6,6,1,7,9,1,10,1,11,,44,,1,21,,121.5547298,25.0224378
112,10,19,12,14,2,01大同區,大同區承德路1段與承德路1段口台北轉運站車道,0,0,1,1,A05,8,6,5,50,5,2,1,5,4,5,13,1,1,1,5,5,2,16,1,32,3,10,7,1,7,6,1,2,2,2,,9,,1,21,,121.5168385,25.0495964
112,10,19,12,14,2,01大同區,大同區承德路1段與承德路1段口台北轉運站車道,0,0,1,2,C03,8,6,5,50,5,2,1,5,4,5,13,1,1,1,5,5,2,16,1,38,2,9,6,1,7,9,1,10,2,11,,107,,1,21,,121.5168385,25.0495964
112,10,19,12,40,2,08士林區,士林區中正路與士商路口,0,0,1,1,A02,8,5,5,50,4,1,1,5,4,5,13,2,1,1,3,5,2,13,1,63,3,10,3,4,7,9,1,2,1,1,,16,,1,22,,121.5185707,25.09253964