發生年度,發生月,發生日,發生時-Hours,發生分,處理別-編號,區序,肇事地點,死亡人數,2-30日死亡人數,受傷人數,當事人序號,車種,天候,光線,道路類別,速限-速度限制,道路型態,事故位置,路面狀況1,路面狀況2,路面狀況3,道路障礙1,道路障礙2,號誌1,號誌2,車道劃分-分向,車道劃分-分道1,車道劃分-分道2,車道劃分-分道3,事故類型及型態,性別,年齡,受傷程度,主要傷處,保護裝置,行動電話,車輛用途,當事者行動狀態,駕駛資格情形,駕駛執照種類,飲酒情形,車輛撞擊部位1,車輛撞擊部位2,肇因碼-個別,肇因碼-主要,個人肇逃否,職業,旅次目的,座標-X,座標-Y
112,10,19,12,40,2,08士林區,士林區中正路與士商路口,0,0,1,2,C03,8,5,5,50,4,1,1,5,4,5,13,2,1,1,3,5,2,13,2,55,2,4,3,4,7,12,1,10,1,13,,44,,1,22,,121.5185707,25.09253964
112,10,19,12,40,2,07信義區,信義區忠孝東路5段436號,0,0,1,1,A02,8,6,5,50,14,9,1,5,4,5,13,4,4,3,3,5,2,9,1,58,3,10,7,1,7,3,1,2,1,17,,18,,1,21,,121.5758759,25.0407421
112,10,19,12,40,2,07信義區,信義區忠孝東路5段436號,0,0,1,2,H02,8,6,5,50,14,9,1,5,4,5,13,4,4,3,3,5,2,9,2,85,2,9,4,5,7,19,8,20,10,17,,67,,1,21,,121.5758759,25.0407421
112,10,19,12,45,2,10文山區,文山區汀州路4段261號,0,0,2,1,C03,8,6,5,30,14,9,1,5,4,5,13,4,4,10,5,5,2,1,1,55,2,1,6,1,7,15,1,10,2,11,,108,,1,21,,121.5364214,25.00143427
112,10,19,12,45,2,10文山區,文山區汀州路4段261號,0,0,2,2,H01,8,6,5,30,14,9,1,5,4,5,13,4,4,10,5,5,2,1,1,28,2,1,4,5,8,16,8,20,10,16,,60,,1,21,,121.5364214,25.00143427
112,10,19,13,18,2,08士林區,士林區延平北路7段106巷94弄與延平北路7段106巷口,0,0,1,2,C03,8,7,5,30,3,1,1,5,4,5,13,4,4,10,5,5,2,17,2,30,2,1,6,1,7,9,1,10,11,14,,44,,1,21,,121.4962417,25.0991489
112,10,19,13,18,2,08士林區,士林區延平北路7段106巷94弄與延平北路7段106巷口,0,0,1,1,B12,8,7,5,30,3,1,1,5,4,5,13,4,4,10,5,5,2,17,1,40,3,10,7,1,7,6,1,8,2,17,,72,,1,21,,121.4962417,25.0991489
112,10,19,13,39,2,12內湖區,內湖區成功路2段與成功交流道口(西南角),0,0,1,1,C03,8,5,5,50,4,1,1,5,4,5,13,1,1,1,5,5,2,17,1,25,2,7,5,1,7,5,1,10,1,14,,8,,1,21,,121.5901976,25.06432754
112,10,19,13,39,2,12內湖區,內湖區成功路2段與成功交流道口(西南角),0,0,1,2,B03,8,5,5,50,4,1,1,5,4,5,13,1,1,1,5,5,2,17,1,35,3,10,7,1,7,5,1,8,1,2,,27,,1,21,,121.5901976,25.06432754
112,10,19,13,58,2,07信義區,信義區基隆路2段131號,0,0,1,1,C03,8,6,5,50,14,9,1,5,4,5,13,4,4,5,4,5,2,12,2,32,2,6,6,1,7,9,1,10,1,11,,16,,1,21,,121.5567771,25.0282575
112,10,19,13,58,2,07信義區,信義區基隆路2段131號,0,0,1,2,B01,8,6,5,50,14,9,1,5,4,5,13,4,4,5,4,5,2,12,1,65,3,10,7,1,7,9,1,4,1,3,,44,,1,21,,121.5567771,25.0282575
112,10,19,14,29,2,04大安區,大安區信義路4段60-66號,0,0,2,2,C04,8,6,5,50,14,9,1,5,4,5,13,4,4,9,5,5,1,12,2,22,2,9,5,1,7,9,1,10,1,11,,44,,1,21,,121.5460068,25.0326045
112,10,19,14,29,2,04大安區,大安區信義路4段60-66號,0,0,2,3,C03,8,6,5,50,14,9,1,5,4,5,13,4,4,9,5,5,1,12,1,44,3,10,3,4,7,13,1,10,11,14,,44,,1,21,,121.5460068,25.0326045
112,10,19,14,29,2,04大安區,大安區信義路4段60-66號,0,0,2,1,B03,8,6,5,50,14,9,1,5,4,5,13,4,4,9,5,5,1,12,1,34,3,10,7,1,7,11,1,8,1,4,,10,,1,21,,121.5460068,25.0326045
112,10,19,14,29,2,04大安區,大安區信義路4段60-66號,0,0,2,4,H02,8,6,5,50,14,9,1,5,4,5,13,4,4,9,5,5,1,12,2,23,2,9,5,5,7,17,8,20,10,16,,67,,1,21,,121.5460068,25.0326045
112,10,19,14,30,2,12內湖區,內湖區康寧路1段與康寧路1段255巷口口,0,0,1,1,C03,8,5,5,40,3,1,1,5,4,5,13,4,4,10,5,5,2,17,1,59,3,10,5,1,7,4,1,10,1,12,,44,,1,21,,121.5981868,25.07870471
112,10,19,14,30,2,12內湖區,內湖區康寧路1段與康寧路1段255巷口口,0,0,1,2,C03,8,5,5,40,3,1,1,5,4,5,13,4,4,10,5,5,2,17,2,49,2,9,5,1,7,5,1,10,1,14,,8,,1,21,,121.5981868,25.07870471
112,10,19,14,41,2,04大安區,大安區濟南路3段與仁愛路3段51巷口,0,0,1,1,B01,8,6,5,30,3,1,1,5,4,5,13,4,4,9,5,5,2,16,1,51,3,10,7,1,7,6,1,4,1,5,,72,,1,21,,121.5362677,25.0402584
112,10,19,14,41,2,04大安區,大安區濟南路3段與仁愛路3段51巷口,0,0,1,2,C03,8,6,5,30,3,1,1,5,4,5,13,4,4,9,5,5,2,16,1,38,2,9,5,1,7,9,1,10,1,12,,108,,1,21,,121.5362677,25.0402584
112,10,19,14,41,2,04大安區,大安區濟南路3段與仁愛路3段51巷口,0,0,1,3,B12,8,6,5,30,3,1,1,5,4,5,13,4,4,9,5,5,2,16,1,39,3,10,7,1,7,14,1,8,1,17,,38,,1,21,,121.5362677,25.0402584
112,10,19,15,19,2,08士林區,士林區愛富一街2號,0,0,1,2,B03,8,7,5,30,11,9,1,5,4,5,13,4,4,10,5,5,2,17,1,23,3,10,7,1,7,9,1,8,1,4,,5,,1,21,,121.5459675,25.13822268
112,10,19,15,19,2,08士林區,士林區愛富一街2號,0,0,1,1,C03,8,7,5,30,11,9,1,5,4,5,13,4,4,10,5,5,2,17,1,20,2,8,5,1,7,9,1,10,1,11,,107,,1,21,,121.5459675,25.13822268
112,10,19,15,21,2,11南港區,南港區松河街666號,0,0,1,1,B12,8,6,5,50,14,9,1,5,4,5,13,4,4,9,5,5,2,16,1,31,3,10,3,4,7,11,1,8,1,7,,10,,1,22,,121.60987,25.0601268
112,10,19,15,21,2,11南港區,南港區松河街666號,0,0,1,2,C03,8,6,5,50,14,9,1,5,4,5,13,4,4,9,5,5,2,16,1,47,2,7,5,1,7,9,1,10,1,11,,44,,1,22,,121.60987,25.0601268
112,10,19,15,33,2,02萬華區,萬華區漢口街2段與漢口街2段83巷口,0,0,2,2,C03,8,5,5,50,3,1,1,5,4,5,13,4,4,10,3,5,2,11,1,63,2,9,6,1,7,9,1,10,1,12,,44,,1,21,,121.504962,25.04609958
112,10,19,15,33,2,02萬華區,萬華區漢口街2段與漢口街2段83巷口,0,0,2,1,B03,8,5,5,50,3,1,1,5,4,5,13,4,4,10,3,5,2,11,2,31,3,10,7,1,7,5,1,8,1,8,,8,,1,21,,121.504962,25.04609958
112,10,19,15,33,2,02萬華區,萬華區漢口街2段與漢口街2段83巷口,0,0,2,3,H02,8,5,5,50,3,1,1,5,4,5,13,4,4,10,3,5,2,11,2,62,2,9,4,5,8,21,8,20,1,16,,67,,1,21,,121.504962,25.04609958
112,10,19,15,35,2,07信義區,信義區永吉路與永吉路30巷口,0,0,1,1,B02,8,6,5,50,4,1,1,5,4,5,13,2,1,1,4,5,2,12,1,44,3,10,7,1,7,9,1,4,2,2,,44,,1,21,,121.5688509,25.0457452
112,10,19,15,35,2,07信義區,信義區永吉路與永吉路30巷口,0,0,1,2,F01,8,6,5,50,4,1,1,5,4,5,13,2,1,1,4,5,2,12,1,71,2,8,4,1,7,9,8,20,2,14,,108,,1,22,,121.5688509,25.0457452
112,10,19,15,39,2,03中山區,中山區市民大道2段與新生北路1段口,0,0,1,2,F01,8,6,5,40,4,2,1,5,4,5,13,2,1,1,4,5,2,17,1,74,2,9,4,4,7,9,8,20,2,15,,42,,1,21,,121.5305178,25.0461048
112,10,19,15,39,2,03中山區,中山區市民大道2段與新生北路1段口,0,0,1,1,B12,8,6,5,40,4,2,1,5,4,5,13,2,1,1,4,5,2,17,1,45,3,10,3,4,7,6,1,8,2,17,,108,,1,21,,121.5305178,25.0461048
112,10,19,16,32,2,07信義區,信義區市府路45號,0,0,1,2,H02,8,6,5,50,14,9,1,5,4,5,13,2,1,1,4,5,1,9,2,51,2,6,3,5,7,20,8,20,10,16,,67,,1,21,,121.5637199,25.0389229
112,10,19,16,32,2,07信義區,信義區市府路45號,0,0,1,1,A02,8,6,5,50,14,9,1,5,4,5,13,2,1,1,4,5,1,9,1,48,3,10,3,4,7,9,1,2,1,15,,44,,1,21,,121.5637199,25.0389229
112,10,19,16,44,2,06松山區,松山區光復北路與南京東路4段179巷15弄口,0,0,1,1,B03,8,5,5,50,3,1,1,5,4,5,13,1,1,4,3,5,2,16,1,59,3,10,7,1,7,6,1,8,1,2,,74,,1,22,,121.5568966,25.0526578
112,10,19,16,44,2,06松山區,松山區光復北路與南京東路4段179巷15弄口,0,0,1,2,C03,8,5,5,50,3,1,1,5,4,5,13,1,1,4,3,5,2,16,1,61,2,7,6,1,7,9,1,10,1,11,,13,,1,22,,121.5568966,25.0526578
112,10,19,16,55,2,04大安區,大安區復興南路2段151巷15號,0,0,2,1,C03,8,7,5,50,14,9,1,5,4,5,13,4,4,5,4,5,2,3,1,50,2,9,3,4,7,9,1,9,1,11,,44,,1,22,,121.5442507,25.0284223
112,10,19,16,55,2,04大安區,大安區復興南路2段151巷15號,0,0,2,2,H01,8,7,5,50,14,9,1,5,4,5,13,4,4,5,4,5,2,3,2,57,2,9,4,5,8,16,8,20,10,16,,121,,1,22,,121.5442507,25.0284223
112,10,19,17,0,2,09北投區,北投區行義路與泉源路口,0,0,1,1,C03,8,7,5,30,4,2,1,5,4,5,13,1,1,5,5,5,2,13,1,52,2,9,5,1,7,6,1,9,2,11,,16,,1,22,,121.526829,25.14386041
112,10,19,17,0,2,09北投區,北投區行義路與泉源路口,0,0,1,2,B03,8,7,5,30,4,2,1,5,4,5,13,1,1,5,5,5,2,13,1,63,3,10,3,4,7,5,3,18,2,3,,44,,1,21,,121.526829,25.14386041
112,10,19,17,13,2,06松山區,松山區市民大道6段東往西0607287燈桿,0,0,2,1,C03,8,5,5,40,14,9,1,5,4,5,13,4,4,1,4,5,2,13,1,23,2,9,6,1,7,9,1,10,1,11,,16,,1,22,,121.5749684,25.04945619
112,10,19,17,13,2,06松山區,松山區市民大道6段東往西0607287燈桿,0,0,2,2,C03,8,5,5,40,14,9,1,5,4,5,13,4,4,1,4,5,2,13,2,36,2,8,6,1,7,9,1,10,1,13,,14,,1,22,,121.5749684,25.04945619
112,10,19,17,15,2,03中山區,中山區市民大道3段與建國南路1段口,0,0,1,2,B03,8,5,5,50,4,1,2,5,4,5,13,1,1,1,4,5,2,17,1,46,3,10,3,4,7,9,1,8,1,5,,44,,1,21,,121.536886,25.0447221
112,10,19,17,15,2,03中山區,中山區市民大道3段與建國南路1段口,0,0,1,1,C03,8,5,5,50,4,1,2,5,4,5,13,1,1,1,4,5,2,17,2,53,2,9,3,4,7,5,1,10,1,14,,8,,1,21,,121.536886,25.0447221
112,10,19,17,24,2,06松山區,松山區東興路16號,0,0,2,2,C03,8,7,5,50,14,9,1,5,4,1,13,4,4,9,5,5,2,12,1,46,2,9,5,1,7,9,1,10,1,13,,44,,1,22,,121.5654155,25.04958819
112,10,19,17,24,2,06松山區,松山區東興路16號,0,0,2,1,C03,8,7,5,50,14,9,1,5,4,1,13,4,4,9,5,5,2,12,2,24,2,9,5,1,7,9,1,10,1,11,,16,,1,22,,121.5654155,25.04958819
112,10,19,17,25,2,05中正區,中正區公園路與凱達格蘭大道口,0,0,1,1,B03,8,7,5,50,4,1,1,5,4,5,13,1,1,9,4,5,2,16,1,50,3,10,7,1,7,1,1,8,2,5,,19,,1,21,,121.5155845,25.03951961
112,10,19,17,25,2,05中正區,中正區公園路與凱達格蘭大道口,0,0,1,2,C03,8,7,5,50,4,1,1,5,4,5,13,1,1,9,4,5,2,16,1,20,2,9,5,1,7,9,1,10,2,11,,13,,1,21,,121.5155845,25.03951961
112,10,19,17,27,2,03中山區,中山區林森北路85巷41號,0,0,1,2,C03,8,5,5,30,14,9,1,5,4,5,13,4,4,10,4,5,1,14,1,72,2,9,5,4,7,14,1,10,2,11,,44,,1,21,,121.5263456,25.04948822
112,10,19,17,27,2,03中山區,中山區林森北路85巷41號,0,0,1,1,B01,8,5,5,30,14,9,1,5,4,5,13,4,4,10,4,5,1,14,1,65,3,10,3,4,7,2,1,4,2,3,,12,,1,21,,121.5263456,25.04948822
112,10,19,17,31,2,07信義區,信義區松高路與松仁路口,0,0,1,1,C04,8,5,5,50,4,1,1,5,4,5,13,2,1,1,4,5,2,16,1,65,2,5,6,1,7,5,1,10,1,13,,8,,1,21,,121.5685185,25.0390826
112,10,19,17,31,2,07信義區,信義區松高路與松仁路口,0,0,1,2,B03,8,5,5,50,4,1,1,5,4,5,13,2,1,1,4,5,2,16,2,35,3,10,7,1,7,9,1,8,1,1,,44,,1,21,,121.5685185,25.0390826
112,10,19,17,43,2,01大同區,大同區鄭州路143巷與鄭州路口,0,0,1,1,B03,7,5,5,40,3,1,1,5,4,5,13,4,4,10,4,5,2,16,2,29,3,10,7,4,7,6,1,8,1,2,,9,,1,21,,121.5098267,25.0504013
112,10,19,17,43,2,01大同區,大同區鄭州路143巷與鄭州路口,0,0,1,2,C03,7,5,5,40,3,1,1,5,4,5,13,4,4,10,4,5,2,16,1,29,2,9,5,4,7,9,1,10,1,14,,13,,1,21,,121.5098267,25.0504013
112,10,19,17,45,2,03中山區,中山區民生東路2段與吉林路口,0,0,1,1,B03,8,5,5,50,4,2,1,5,4,5,13,1,1,9,4,5,2,12,1,62,3,10,7,1,7,9,1,8,2,2,,44,,1,21,,121.5304049,25.0580208
112,10,19,17,45,2,03中山區,中山區民生東路2段與吉林路口,0,0,1,2,C03,8,5,5,50,4,2,1,5,4,5,13,1,1,9,4,5,2,12,2,51,2,9,6,1,7,10,1,10,2,14,,100,,1,21,,121.5304049,25.0580208
112,10,19,17,54,2,07信義區,信義區和平東路3段509巷25號,0,0,1,2,C03,7,5,5,30,11,9,1,5,4,5,13,4,4,10,5,5,2,10,1,28,3,10,5,4,7,9,1,10,1,11,,13,,1,22,,121.5604943,25.0172221
112,10,19,17,54,2,07信義區,信義區和平東路3段509巷25號,0,0,1,1,C03,7,5,5,30,11,9,1,5,4,5,13,4,4,10,5,5,2,10,2,29,2,9,5,1,7,9,1,10,1,11,,13,,1,22,,121.5604943,25.0172221
112,10,19,18,0,2,04大安區,大安區和平東路2段228巷10號,0,0,1,2,F01,7,5,5,50,14,9,1,5,4,5,13,4,4,10,5,5,2,17,2,75,2,9,4,1,7,9,8,20,1,14,,11,,1,21,,121.5542605,25.0219565
112,10,19,18,0,2,04大安區,大安區和平東路2段228巷10號,0,0,1,1,C03,7,5,5,50,14,9,1,5,4,5,13,4,4,10,5,5,2,17,1,39,3,10,6,1,7,12,1,10,1,11,,108,,1,21,,121.5542605,25.0219565
112,10,19,18,10,2,08士林區,士林區承德路4段81號,0,0,1,1,B03,8,5,5,50,14,9,1,5,4,5,13,1,1,1,5,1,1,12,2,44,3,10,7,1,7,9,1,8,1,4,,44,,1,21,,121.5233459,25.08250787
112,10,19,18,10,2,08士林區,士林區承德路4段81號,0,0,1,2,C03,8,5,5,50,14,9,1,5,4,5,13,1,1,1,5,1,1,12,2,34,2,9,5,1,7,21,1,10,1,15,,44,,1,21,,121.5233459,25.08250787
112,10,19,18,15,2,05中正區,中正區中華路1段9巷與中華路口側附近1段口,0,0,1,2,B03,6,5,5,50,3,2,1,4,4,5,13,4,4,1,4,5,2,12,1,58,,,,,,,,,1,,,,,,,,121.5099364,25.0472618
112,10,19,18,15,2,05中正區,中正區中華路1段9巷與中華路口側附近1段口,0,0,1,1,B03,6,5,5,50,3,2,1,4,4,5,13,4,4,1,4,5,2,12,1,44,3,10,7,1,7,8,1,8,1,5,,100,,1,21,,121.5099364,25.0472618
112,10,19,18,25,2,01大同區,大同區錦西街48號對面,0,0,2,1,H01,7,5,5,0,14,9,1,5,4,5,13,4,4,5,4,5,2,3,1,55,2,8,4,5,8,16,8,20,2,16,,121,,1,22,,121.5200317,25.0603317
112,10,19,18,25,2,01大同區,大同區錦西街48號對面,0,0,2,2,C03,7,5,5,0,14,9,1,5,4,5,13,4,4,5,4,5,2,3,2,62,2,9,5,1,7,9,1,10,2,14,,44,,1,22,,121.5200317,25.0603317
112,10,19,18,28,2,04大安區,大安區敦化南路2段46號,0,0,1,3,B03,7,5,5,50,14,8,1,5,4,5,13,1,1,8,3,1,1,16,1,57,3,10,7,1,7,14,1,8,1,6,,44,,1,22,,121.5485469,25.0312846
112,10,19,18,28,2,04大安區,大安區敦化南路2段46號,0,0,1,2,A02,7,5,5,50,14,8,1,5,4,5,13,1,1,8,3,1,1,16,1,50,3,10,7,1,7,9,1,2,1,4,,44,,1,22,,121.5485469,25.0312846
112,10,19,18,28,2,04大安區,大安區敦化南路2段46號,0,0,1,1,C03,7,5,5,50,14,8,1,5,4,5,13,1,1,8,3,1,1,16,2,30,2,9,5,1,7,7,1,10,1,12,,16,,1,22,,121.5485469,25.0312846
112,10,19,18,46,2,01大同區,大同區環河北路2段181號,0,0,1,1,C03,7,5,5,50,14,9,1,5,4,5,13,4,4,1,4,5,2,17,1,31,2,9,5,1,7,9,1,10,1,11,,16,,1,21,,121.509174,25.0682051
112,10,19,18,46,2,01大同區,大同區環河北路2段181號,0,0,1,2,C03,7,5,5,50,14,9,1,5,4,5,13,4,4,1,4,5,2,17,1,54,3,10,5,1,7,9,1,10,1,13,,16,,1,21,,121.509174,25.0682051
112,10,19,18,49,2,03中山區,中山區中山北路2段11巷與南京東路1段13巷口,0,0,1,1,B01,7,5,5,30,4,1,1,5,4,5,13,4,4,8,5,5,1,15,1,68,3,10,3,4,7,9,1,4,1,2,,72,,1,21,,121.5236402,25.0527376
112,10,19,18,49,2,03中山區,中山區中山北路2段11巷與南京東路1段13巷口,0,0,1,2,C03,7,5,5,30,4,1,1,5,4,5,13,4,4,8,5,5,1,15,1,42,2,9,3,4,7,9,1,10,1,11,,44,,1,21,,121.5236402,25.0527376
112,10,19,18,55,2,03中山區,中山區濱江街169號前,0,0,2,1,C03,8,5,5,50,14,9,1,5,4,5,13,1,1,1,4,5,2,17,1,33,2,9,3,4,7,9,1,10,1,11,,44,,1,26,,121.5385988,25.0725909
112,10,19,18,55,2,03中山區,中山區濱江街169號前,0,0,2,2,F01,8,5,5,50,14,9,1,5,4,5,13,1,1,1,4,5,2,17,1,62,2,9,3,4,7,9,8,20,1,11,,42,,1,22,,121.5385988,25.0725909
112,10,19,19,4,2,07信義區,信義區基隆路2段117號,0,0,1,1,C03,8,5,5,50,14,9,1,5,4,5,13,4,4,1,4,5,2,13,2,60,2,7,5,1,7,9,1,10,1,11,,16,,1,22,,121.5568602,25.0283616
112,10,19,19,4,2,07信義區,信義區基隆路2段117號,0,0,1,2,A02,8,5,5,50,14,9,1,5,4,5,13,4,4,1,4,5,2,13,1,47,3,10,7,1,7,9,1,2,1,3,,44,,1,22,,121.5568602,25.0283616
112,10,19,19,22,2,06松山區,松山區八德路4段763巷與八德路4段口,0,0,1,2,H01,7,5,5,50,5,1,1,5,4,5,13,1,1,9,4,5,2,3,2,73,2,8,4,5,8,16,8,20,10,16,,67,,1,21,,121.5779021,25.0510437
112,10,19,19,22,2,06松山區,松山區八德路4段763巷與八德路4段口,0,0,1,1,B01,7,5,5,50,5,1,1,5,4,5,13,1,1,9,4,5,2,3,1,25,3,10,7,1,7,9,1,4,2,5,,107,,1,21,,121.5779021,25.0510437
112,10,19,19,30,2,03中山區,中山區北安路564號,0,0,1,1,B03,8,5,5,50,14,9,1,5,4,5,13,4,4,1,4,5,2,16,2,37,3,10,3,4,7,1,1,8,1,8,,19,,1,22,,121.5483919,25.08062993
112,10,19,19,30,2,03中山區,中山區北安路564號,0,0,1,2,C03,8,5,5,50,14,9,1,5,4,5,13,4,4,1,4,5,2,16,1,32,2,9,5,4,7,9,1,10,1,12,,44,,1,22,,121.5483919,25.08062993
112,10,19,19,44,2,02萬華區,萬華區華江橋往台北市機車道,0,0,1,1,C03,8,5,7,40,8,11,1,5,4,5,13,4,4,1,5,5,2,18,1,18,2,8,5,1,7,15,1,10,9,14,,42,,1,21,,121.4878261,25.03560744
112,10,19,19,44,2,02萬華區,萬華區華江橋往台北市機車道,0,0,1,2,,8,5,7,40,8,11,1,5,4,5,13,4,4,1,5,5,2,18,3,0,,,,,,,,,,,,67,,1,,,121.4878261,25.03560744
112,10,19,19,57,2,08士林區,士林區劍潭路與基河路口,0,0,1,1,B03,8,5,5,50,4,1,1,5,4,5,13,2,1,1,4,5,2,16,1,65,3,10,7,1,7,5,1,8,1,2,,8,,1,21,,121.5247391,25.08410764
112,10,19,19,57,2,08士林區,士林區劍潭路與基河路口,0,0,1,2,C03,8,5,5,50,4,1,1,5,4,5,13,2,1,1,4,5,2,16,2,20,2,9,6,1,7,9,1,10,1,11,,99,,1,21,,121.5247391,25.08410764
112,10,19,20,1,2,07信義區,信義區松仁路226號,0,0,1,3,H01,8,5,5,50,14,9,1,5,4,5,13,2,1,8,3,5,2,17,1,40,3,10,4,5,8,16,8,20,10,16,,121,,1,22,,121.5689409,25.0257237
112,10,19,20,1,2,07信義區,信義區松仁路226號,0,0,1,2,C03,8,5,5,50,14,9,1,5,4,5,13,2,1,8,3,5,2,17,1,50,3,10,3,4,7,14,1,10,1,13,,44,,1,22,,121.5689409,25.0257237
112,10,19,20,1,2,07信義區,信義區松仁路226號,0,0,1,1,C03,8,5,5,50,14,9,1,5,4,5,13,2,1,8,3,5,2,17,1,41,2,8,3,4,7,9,1,10,1,11,,107,,1,22,,121.5689409,25.0257237
112,10,19,20,1,2,07信義區,信義區松仁路226號,0,0,1,4,H01,8,5,5,50,14,9,1,5,4,5,13,2,1,8,3,5,2,17,2,42,3,10,4,5,8,16,8,20,10,16,,121,,1,22,,121.5689409,25.0257237
112,10,19,20,10,2,12內湖區,內湖區民權東路6段127號,0,0,1,3,B03,8,5,5,50,14,9,1,2,4,5,13,4,4,1,4,5,2,13,1,25,3,10,3,4,7,14,1,8,1,6,,44,,1,22,,121.5932092,25.0689812
112,10,19,20,10,2,12內湖區,內湖區民權東路6段127號,0,0,1,2,C03,8,5,5,50,14,9,1,2,4,5,13,4,4,1,4,5,2,13,1,62,3,10,6,1,7,9,1,10,1,11,,117,,1,22,,121.5932092,25.0689812
112,10,19,20,10,2,12內湖區,內湖區民權東路6段127號,0,0,1,1,A02,8,5,5,50,14,9,1,2,4,5,13,4,4,1,4,5,2,13,1,59,3,10,3,4,7,9,1,1,9,17,,60,,1,26,,121.5932092,25.0689812
112,10,19,20,10,2,12內湖區,內湖區民權東路6段127號,0,0,1,4,H02,8,5,5,50,14,9,1,2,4,5,13,4,4,1,4,5,2,13,2,48,2,9,6,5,7,20,8,20,10,16,,67,,1,22,,121.5932092,25.0689812
112,10,19,20,34,2,03中山區,中山區林森北路643號,0,0,1,2,C03,7,5,5,50,14,9,1,5,4,5,13,4,4,4,5,5,1,12,1,35,2,9,3,4,7,9,1,10,1,12,,14,,1,21,,121.5257462,25.067501
112,10,19,20,34,2,03中山區,中山區林森北路643號,0,0,1,1,B01,7,5,5,50,14,9,1,5,4,5,13,4,4,4,5,5,1,12,1,57,3,10,3,4,7,11,1,4,1,4,,10,,1,21,,121.5257462,25.067501
112,10,19,20,45,2,07信義區,信義區莊敬路313號,0,0,1,2,A02,8,5,5,40,14,8,1,5,4,5,13,4,4,5,5,4,2,17,1,57,3,10,7,1,7,1,1,2,9,17,,44,,2,21,,121.5634339,25.02819799
112,10,19,20,45,2,07信義區,信義區莊敬路313號,0,0,1,1,C03,8,5,5,40,14,8,1,5,4,5,13,4,4,5,5,4,2,17,1,32,2,8,5,1,7,15,1,10,9,12,,113,,1,21,,121.5634339,25.02819799
112,10,19,21,17,2,04大安區,大安區青田街5巷與青田街口,0,0,3,1,C03,8,5,5,30,4,1,1,5,4,5,13,4,4,10,5,5,1,15,1,63,2,8,5,1,7,9,1,10,1,12,,72,,1,21,,121.5319638,25.0285952
112,10,19,21,17,2,04大安區,大安區青田街5巷與青田街口,0,0,3,2,C03,8,5,5,30,4,1,1,5,4,5,13,4,4,10,5,5,1,15,1,19,2,9,5,1,7,9,1,10,1,11,,107,,1,21,,121.5319638,25.0285952
112,10,19,21,17,2,04大安區,大安區青田街5巷與青田街口,0,0,3,3,H02,8,5,5,30,4,1,1,5,4,5,13,4,4,10,5,5,1,15,2,19,2,9,5,5,7,17,8,20,10,16,,67,,1,21,,121.5319638,25.0285952
112,10,19,21,48,2,08士林區,士林區中正路與基河路口,0,0,2,1,C03,8,5,5,50,4,2,1,5,4,5,13,1,1,1,4,5,1,12,1,19,2,9,6,1,7,9,1,10,1,12,,42,,1,22,,121.5202288,25.0936496
112,10,19,21,48,2,08士林區,士林區中正路與基河路口,0,0,2,2,C03,8,5,5,50,4,2,1,5,4,5,13,1,1,1,4,5,1,12,2,67,2,9,6,1,7,9,1,10,1,11,,44,,1,22,,121.5202288,25.0936496
112,10,19,23,59,2,08士林區,士林區福華路164巷與中山北路6段口,0,0,1,1,B01,8,5,5,50,3,2,1,5,4,5,13,4,4,10,5,5,1,16,1,66,3,10,7,1,7,6,1,4,2,4,,72,,1,21,,121.524781,25.1042725
112,10,19,23,59,2,08士林區,士林區福華路164巷與中山北路6段口,0,0,1,2,C03,8,5,5,50,3,2,1,5,4,5,13,4,4,10,5,5,1,16,2,35,2,9,5,1,7,9,1,10,2,11,,44,,1,21,,121.524781,25.1042725
112,10,20,0,18,2,02萬華區,萬華區環河南路2段與環河南路2段100巷口,0,0,2,1,C03,7,5,5,50,4,1,2,4,4,5,13,1,1,4,3,5,2,13,1,18,3,10,6,1,7,6,1,10,1,13,,9,,1,21,,121.4957141,25.0368404
112,10,20,0,18,2,02萬華區,萬華區環河南路2段與環河南路2段100巷口,0,0,2,3,H02,7,5,5,50,4,1,2,4,4,5,13,1,1,4,3,5,2,13,1,22,2,9,4,5,7,21,8,20,10,16,,67,,1,21,,121.4957141,25.0368404
112,10,20,0,18,2,02萬華區,萬華區環河南路2段與環河南路2段100巷口,0,0,2,2,C03,7,5,5,50,4,1,2,4,4,5,13,1,1,4,3,5,2,13,2,54,2,3,6,1,7,10,1,10,1,14,,27,,1,21,,121.4957141,25.0368404
112,10,20,6,6,2,01大同區,大同區太原路與太原路115巷口,0,0,2,1,C03,7,6,5,30,3,2,1,5,4,5,13,4,4,9,4,5,2,17,1,40,2,9,5,1,7,1,1,10,2,11,,19,,1,21,,121.5158913,25.0526698
112,10,20,6,6,2,01大同區,大同區太原路與太原路115巷口,0,0,2,2,C03,7,6,5,30,3,2,1,5,4,5,13,4,4,9,4,5,2,17,1,65,2,3,6,4,7,9,1,10,11,15,,118,,2,21,,121.5158913,25.0526698