發生年度,發生月,發生日,發生時-Hours,發生分,處理別-編號,區序,肇事地點,死亡人數,2-30日死亡人數,受傷人數,當事人序號,車種,天候,光線,道路類別,速限-速度限制,道路型態,事故位置,路面狀況1,路面狀況2,路面狀況3,道路障礙1,道路障礙2,號誌1,號誌2,車道劃分-分向,車道劃分-分道1,車道劃分-分道2,車道劃分-分道3,事故類型及型態,性別,年齡,受傷程度,主要傷處,保護裝置,行動電話,車輛用途,當事者行動狀態,駕駛資格情形,駕駛執照種類,飲酒情形,車輛撞擊部位1,車輛撞擊部位2,肇因碼-個別,肇因碼-主要,個人肇逃否,職業,旅次目的,座標-X,座標-Y
112,10,20,6,53,2,07信義區,信義區永吉路30巷與忠孝東路5段165巷3弄口,0,0,1,1,F01,7,7,5,30,4,2,1,4,4,5,13,4,4,9,5,5,2,17,2,51,2,9,4,1,7,5,8,20,1,14,,8,,1,22,,121.5686851,25.041673
112,10,20,6,53,2,07信義區,信義區永吉路30巷與忠孝東路5段165巷3弄口,0,0,1,2,C03,7,7,5,30,4,2,1,4,4,5,13,4,4,9,5,5,2,17,1,21,3,10,5,1,7,9,1,10,2,11,,13,,1,25,,121.5686851,25.041673
112,10,20,6,55,2,09北投區,北投區承德路6段第156號停車格前,0,0,1,3,B03,8,6,5,60,14,8,1,5,4,5,13,4,4,1,4,4,2,17,1,33,3,10,2,1,7,13,1,8,1,8,,44,,1,21,,121.5117063,25.10885979
112,10,20,6,55,2,09北投區,北投區承德路6段第156號停車格前,0,0,1,2,B03,8,6,5,60,14,8,1,5,4,5,13,4,4,1,4,4,2,17,1,66,3,10,2,1,7,13,1,8,1,7,,44,,1,21,,121.5117063,25.10885979
112,10,20,6,55,2,09北投區,北投區承德路6段第156號停車格前,0,0,1,1,C03,8,6,5,60,14,8,1,5,4,5,13,4,4,1,4,4,2,17,1,66,2,9,5,1,7,9,1,10,1,12,,118,,1,21,,121.5117063,25.10885979
112,10,20,7,51,2,12內湖區,內湖區民權東路6段11巷與瑞湖街口,0,0,1,1,C03,7,6,5,50,4,1,1,5,4,5,13,1,1,4,3,5,2,11,1,49,3,10,5,1,7,7,1,10,1,17,,100,,1,21,,121.5765272,25.06756497
112,10,20,7,51,2,12內湖區,內湖區民權東路6段11巷與瑞湖街口,0,0,1,2,C03,7,6,5,50,4,1,1,5,4,5,13,1,1,4,3,5,2,11,1,35,2,9,5,1,7,9,1,10,1,17,,44,,1,21,,121.5765272,25.06756497
112,10,20,8,18,2,08士林區,士林區格致路與凱旋路口,0,0,2,2,C03,8,7,5,40,3,1,1,5,4,5,13,4,4,5,5,5,2,16,1,20,2,9,3,4,7,9,1,10,1,11,,14,,1,22,,121.5463921,25.1369698
112,10,20,8,18,2,08士林區,士林區格致路與凱旋路口,0,0,2,1,C03,8,7,5,40,3,1,1,5,4,5,13,4,4,5,5,5,2,16,2,18,2,9,3,4,7,5,1,10,1,12,,74,,1,22,,121.5463921,25.1369698
112,10,20,8,27,2,10文山區,文山區羅斯福路5段與萬盛街口,0,0,1,2,C03,8,6,5,50,4,1,1,5,4,5,13,2,1,1,4,5,2,12,2,36,2,9,5,1,7,9,1,10,1,14,,118,,1,21,,121.5385158,25.0077645
112,10,20,8,27,2,10文山區,文山區羅斯福路5段與萬盛街口,0,0,1,1,C03,8,6,5,50,4,1,1,5,4,5,13,2,1,1,4,5,2,12,1,61,3,10,5,1,7,9,1,10,1,12,,118,,1,21,,121.5385158,25.0077645
112,10,20,8,50,2,12內湖區,內湖區五分街14巷31號,0,0,2,1,C03,8,7,5,50,14,9,1,5,4,5,13,4,4,8,3,5,1,1,1,61,2,9,3,4,7,9,1,10,1,12,,107,,1,22,,121.613693,25.06669
112,10,20,8,50,2,12內湖區,內湖區五分街14巷31號,0,0,2,2,H01,8,7,5,50,14,9,1,5,4,5,13,4,4,8,3,5,1,1,1,25,2,9,4,5,8,16,8,20,10,16,,67,,1,22,,121.613693,25.06669
112,10,20,8,54,2,08士林區,士林區基河路128號,0,0,1,2,C03,8,5,5,50,14,9,1,5,4,5,13,4,4,5,4,5,2,17,1,59,3,10,5,1,7,9,1,10,1,12,,44,,1,21,,121.5234959,25.0884948
112,10,20,8,54,2,08士林區,士林區基河路128號,0,0,1,1,C04,8,5,5,50,14,9,1,5,4,5,13,4,4,5,4,5,2,17,2,67,2,9,5,1,7,9,1,11,1,14,,17,,1,21,,121.5234959,25.0884948
112,10,20,9,5,2,10文山區,文山區辛亥路7段與光輝路21巷口,0,0,2,2,C03,8,6,6,30,3,1,1,5,4,5,13,3,1,4,5,4,2,16,1,32,2,9,6,1,7,9,1,10,2,11,,13,,1,21,,121.5538422,24.9854992
112,10,20,9,5,2,10文山區,文山區辛亥路7段與光輝路21巷口,0,0,2,1,C04,8,6,6,30,3,1,1,5,4,5,13,3,1,4,5,4,2,16,2,36,2,9,6,1,7,5,1,11,2,11,,72,,1,21,,121.5538422,24.9854992
112,10,20,9,13,2,06松山區,松山區八德路4段與吉祥路口,0,0,3,3,H02,7,6,5,50,4,1,1,5,4,5,13,1,1,9,4,5,2,17,2,36,2,9,6,5,7,20,8,20,10,16,,67,,1,21,,121.5627098,25.04870191
112,10,20,9,13,2,06松山區,松山區八德路4段與吉祥路口,0,0,3,2,C03,7,6,5,50,4,1,1,5,4,5,13,1,1,9,4,5,2,17,2,28,2,9,6,1,7,9,1,10,1,12,,107,,1,21,,121.5627098,25.04870191
112,10,20,9,13,2,06松山區,松山區八德路4段與吉祥路口,0,0,3,1,C03,7,6,5,50,4,1,1,5,4,5,13,1,1,9,4,5,2,17,1,36,2,9,6,1,7,5,1,10,1,11,,8,,1,21,,121.5627098,25.04870191
112,10,20,9,57,2,03中山區,中山區樂群一路西往東(25號燈桿處),0,0,1,1,C03,8,5,5,50,14,9,1,5,4,5,13,4,4,1,4,5,2,13,1,51,2,9,3,4,7,9,1,10,1,11,,107,,1,21,,121.5544339,25.0772082
112,10,20,9,57,2,03中山區,中山區樂群一路西往東(25號燈桿處),0,0,1,2,B12,8,5,5,50,14,9,1,5,4,5,13,4,4,1,4,5,2,13,1,27,3,10,3,4,7,9,1,8,1,7,,44,,1,21,,121.5544339,25.0772082
112,10,20,9,58,2,12內湖區,內湖區瑞光路478巷與瑞光路478巷18弄口,0,0,1,1,C03,7,6,5,50,3,1,1,5,4,5,13,4,4,8,3,5,1,15,2,43,2,9,5,1,7,15,1,10,2,14,,72,,1,21,,121.5692361,25.07835157
112,10,20,9,58,2,12內湖區,內湖區瑞光路478巷與瑞光路478巷18弄口,0,0,1,2,B01,7,6,5,50,3,1,1,5,4,5,13,4,4,8,3,5,1,15,2,33,3,10,7,1,7,15,1,4,2,8,,44,,1,21,,121.5692361,25.07835157
112,10,20,10,10,2,01大同區,大同區承德路2段與平陽街口,0,0,1,1,B03,8,5,5,50,3,1,1,5,4,5,13,2,1,1,4,5,2,17,1,61,3,10,3,4,7,5,1,8,1,1,,74,,1,21,,121.5180617,25.0548135
112,10,20,10,10,2,01大同區,大同區承德路2段與平陽街口,0,0,1,2,C03,8,5,5,50,3,1,1,5,4,5,13,2,1,1,4,5,2,17,1,23,2,9,3,4,7,9,1,10,1,14,,44,,1,21,,121.5180617,25.0548135
112,10,20,10,10,2,08士林區,士林區仰德大道1段101號華興中學,0,0,2,1,C03,8,6,6,40,14,9,1,5,4,5,13,1,1,4,4,5,1,13,1,18,2,7,3,4,7,9,1,10,1,11,,16,,1,22,,121.5381923,25.10436402
112,10,20,10,10,2,08士林區,士林區仰德大道1段101號華興中學,0,0,2,2,C03,8,6,6,40,14,9,1,5,4,5,13,1,1,4,4,5,1,13,2,25,2,1,3,4,7,9,1,10,1,13,,44,,1,22,,121.5381923,25.10436402
112,10,20,10,20,2,01大同區,大同區民生西路280號,0,0,1,2,C03,8,6,5,50,14,9,1,5,4,5,13,4,4,9,5,5,2,16,2,23,2,7,5,1,7,9,1,10,1,11,,44,,1,21,,121.5130313,25.0568624
112,10,20,10,20,2,01大同區,大同區民生西路280號,0,0,1,1,B12,8,6,5,50,14,9,1,5,4,5,13,4,4,9,5,5,2,16,1,64,3,10,7,1,7,1,1,8,1,8,,19,,1,21,,121.5130313,25.0568624
112,10,20,10,22,2,06松山區,松山區健康路15巷與健康路口,0,0,2,1,C03,7,7,5,50,4,2,1,5,4,5,13,1,1,9,4,5,2,17,1,41,2,8,6,3,7,6,1,10,1,11,,9,,1,21,,121.5528663,25.05334795
112,10,20,10,22,2,06松山區,松山區健康路15巷與健康路口,0,0,2,2,C03,7,7,5,50,4,2,1,5,4,5,13,1,1,9,4,5,2,17,2,30,2,9,6,1,7,6,1,10,1,14,,44,,1,21,,121.5528663,25.05334795
112,10,20,10,25,2,03中山區,中山區市民大道3段與建國南路1段口,0,0,1,1,C03,8,5,5,40,4,1,1,5,4,5,13,1,1,1,3,4,1,15,1,33,2,9,6,1,7,9,6,18,2,12,,81,,1,21,,121.5363482,25.0448543
112,10,20,10,25,2,03中山區,中山區市民大道3段與建國南路1段口,0,0,1,2,B02,8,5,5,40,4,1,1,5,4,5,13,1,1,1,3,4,1,15,1,40,3,10,7,1,7,9,1,4,2,1,,44,,1,21,,121.5363482,25.0448543
112,10,20,10,31,2,03中山區,中山區中山北路1段與中山北路1段140巷口口,0,0,2,2,C03,8,6,5,50,3,2,1,5,4,5,13,4,4,5,4,5,2,16,1,35,2,9,3,4,7,9,1,10,1,11,,108,,1,21,,121.5222001,25.05140823
112,10,20,10,31,2,03中山區,中山區中山北路1段與中山北路1段140巷口口,0,0,2,1,C03,8,6,5,50,3,2,1,5,4,5,13,4,4,5,4,5,2,16,1,24,2,8,3,4,7,6,1,10,1,12,,9,,1,21,,121.5222001,25.05140823
112,10,20,10,49,2,12內湖區,內湖區民權東路6段與民權東路6段135巷口,0,0,1,1,B03,7,5,5,0,3,1,1,5,4,5,13,4,4,1,4,5,2,16,2,54,3,10,7,1,7,6,1,8,1,5,,9,,1,21,,121.5941113,25.06892131
112,10,20,10,49,2,12內湖區,內湖區民權東路6段與民權東路6段135巷口,0,0,1,2,C03,7,5,5,0,3,1,1,5,4,5,13,4,4,1,4,5,2,16,1,29,2,9,6,1,7,9,1,10,1,14,,44,,1,21,,121.5941113,25.06892131
112,10,20,10,51,2,06松山區,松山區敦化北路與民生東路3段口口,0,0,1,2,C03,7,7,5,50,5,1,1,4,4,5,13,1,1,9,4,4,2,16,2,30,2,9,5,1,7,9,1,10,1,14,,17,,1,22,,121.5487631,25.0576828
112,10,20,10,51,2,06松山區,松山區敦化北路與民生東路3段口口,0,0,1,1,B03,7,7,5,50,5,1,1,4,4,5,13,1,1,9,4,4,2,16,1,42,3,10,7,1,7,6,1,8,1,4,,17,,1,22,,121.5487631,25.0576828
112,10,20,10,59,2,02萬華區,萬華區德昌街132巷與民和街口,0,0,3,1,C03,8,7,5,30,4,1,1,5,4,5,13,4,4,10,5,5,2,15,1,33,2,9,5,1,7,9,6,18,4,12,,72,,1,21,,121.4962781,25.02490686
112,10,20,10,59,2,02萬華區,萬華區德昌街132巷與民和街口,0,0,3,3,H02,8,7,5,30,4,1,1,5,4,5,13,4,4,10,5,5,2,15,2,70,2,2,5,5,7,21,8,20,10,16,,67,,1,21,,121.4962781,25.02490686
112,10,20,10,59,2,02萬華區,萬華區德昌街132巷與民和街口,0,0,3,2,C03,8,7,5,30,4,1,1,5,4,5,13,4,4,10,5,5,2,15,1,44,2,7,5,1,7,9,1,10,2,11,,14,,1,21,,121.4962781,25.02490686
112,10,20,11,45,2,07信義區,信義區忠孝東路5段703巷1弄與松山路287巷6弄口,0,0,1,2,C03,7,6,5,30,3,2,1,5,4,5,13,4,4,10,5,5,2,16,2,25,2,8,6,1,7,9,1,10,1,11,,13,,1,21,,121.5783948,25.04250329
112,10,20,11,45,2,07信義區,信義區忠孝東路5段703巷1弄與松山路287巷6弄口,0,0,1,1,B01,7,6,5,30,3,2,1,5,4,5,13,4,4,10,5,5,2,16,1,51,3,10,3,4,7,6,1,4,1,1,,72,,1,21,,121.5783948,25.04250329
112,10,20,11,45,2,04大安區,大安區愛國東路210巷與杭州南路2段59巷口,0,0,3,2,C03,7,5,5,30,3,1,1,5,4,5,13,4,4,5,4,5,2,17,1,32,2,9,5,1,7,9,1,10,1,11,,107,,1,21,,121.523938,25.03135242
112,10,20,11,45,2,04大安區,大安區愛國東路210巷與杭州南路2段59巷口,0,0,3,3,H02,7,5,5,30,3,1,1,5,4,5,13,4,4,5,4,5,2,17,2,69,2,9,5,5,7,20,8,20,10,17,,67,,1,21,,121.523938,25.03135242
112,10,20,11,45,2,04大安區,大安區愛國東路210巷與杭州南路2段59巷口,0,0,3,1,C03,7,5,5,30,3,1,1,5,4,5,13,4,4,5,4,5,2,17,2,36,2,9,5,1,7,5,1,10,1,11,,72,,1,21,,121.523938,25.03135242
112,10,20,11,47,2,10文山區,文山區萬美街2段與萬美街2段2巷口,0,0,1,2,C03,8,6,5,40,3,1,1,5,4,5,13,4,4,4,5,5,2,17,1,19,2,9,6,1,7,9,1,10,2,11,,44,,1,21,,121.5623487,25.0035097
112,10,20,11,47,2,10文山區,文山區萬美街2段與萬美街2段2巷口,0,0,1,1,B03,8,6,5,40,3,1,1,5,4,5,13,4,4,4,5,5,2,17,1,76,3,10,7,1,7,7,1,8,2,2,,100,,1,21,,121.5623487,25.0035097
112,10,20,11,56,2,04大安區,大安區四維路170巷與大安路2段口,0,0,3,4,H02,7,6,5,50,3,2,1,5,4,5,13,1,1,5,5,5,1,13,1,4,2,9,5,5,7,17,8,20,10,16,,67,,1,21,,121.546024,25.0285957
112,10,20,11,56,2,04大安區,大安區四維路170巷與大安路2段口,0,0,3,1,C03,7,6,5,50,3,2,1,5,4,5,13,1,1,5,5,5,1,13,2,66,2,9,5,1,7,9,1,10,1,11,,16,,1,21,,121.546024,25.0285957
112,10,20,11,56,2,04大安區,大安區四維路170巷與大安路2段口,0,0,3,2,C03,7,6,5,50,3,2,1,5,4,5,13,1,1,5,5,5,1,13,2,46,2,8,5,1,7,9,1,10,1,13,,44,,1,21,,121.546024,25.0285957
112,10,20,11,56,2,04大安區,大安區四維路170巷與大安路2段口,0,0,3,3,C03,7,6,5,50,3,2,1,5,4,5,13,1,1,5,5,5,1,13,1,28,3,10,5,1,7,9,1,10,1,13,,44,,1,21,,121.546024,25.0285957
112,10,20,12,5,2,05中正區,中正區仁愛路2段與臨沂街口,0,0,1,1,C03,6,7,5,50,4,2,1,4,4,5,13,1,1,1,4,5,2,13,1,24,2,8,5,1,7,9,1,10,2,11,,16,,1,21,,121.5292435,25.0383484
112,10,20,12,5,2,05中正區,中正區仁愛路2段與臨沂街口,0,0,1,2,B02,6,7,5,50,4,2,1,4,4,5,13,1,1,1,4,5,2,13,1,56,3,10,7,1,7,3,1,8,2,3,,44,,1,21,,121.5292435,25.0383484
112,10,20,12,5,2,10文山區,文山區興隆路3段112巷9號,0,0,1,2,C03,7,6,5,30,14,9,1,5,4,5,13,4,4,9,5,5,2,13,1,48,2,7,6,1,7,14,1,15,2,13,,42,,1,21,,121.5570379,24.9984668
112,10,20,12,5,2,10文山區,文山區興隆路3段112巷9號,0,0,1,1,B01,7,6,5,30,14,9,1,5,4,5,13,4,4,9,5,5,2,13,1,68,3,10,7,1,7,9,1,4,2,1,,107,,1,21,,121.5570379,24.9984668
112,10,20,12,19,2,04大安區,大安區延吉街與延吉街241巷口,0,0,2,1,C03,7,5,5,50,3,2,1,5,4,5,13,4,4,9,4,5,2,16,1,44,2,7,6,1,7,6,1,10,1,11,,74,,1,21,,121.5556864,25.0359785
112,10,20,12,19,2,04大安區,大安區延吉街與延吉街241巷口,0,0,2,2,C03,7,5,5,50,3,2,1,5,4,5,13,4,4,9,4,5,2,16,1,40,2,7,6,1,7,9,1,10,1,11,,44,,1,21,,121.5556864,25.0359785
112,10,20,12,25,2,01大同區,大同區延平北路4段與延平北路4段口,0,0,1,1,B03,7,6,5,50,3,2,1,4,4,5,13,2,1,1,4,5,2,17,1,65,3,10,7,4,7,11,1,8,1,6,,10,,1,21,,121.5120453,25.0772645
112,10,20,12,25,2,01大同區,大同區延平北路4段與延平北路4段口,0,0,1,2,C03,7,6,5,50,3,2,1,4,4,5,13,2,1,1,4,5,2,17,1,20,2,9,5,4,7,9,1,10,1,12,,44,,1,21,,121.5120453,25.0772645
112,10,20,12,51,2,04大安區,大安區忠孝東路4段與仁愛路4段27巷口,0,0,1,4,B01,6,7,5,0,3,2,1,4,4,5,13,4,4,8,3,5,1,17,1,56,3,10,7,1,7,10,1,2,1,2,,100,,1,26,,121.5444475,25.04148469
112,10,20,12,51,2,04大安區,大安區忠孝東路4段與仁愛路4段27巷口,0,0,1,3,C03,6,7,5,0,3,2,1,4,4,5,13,4,4,8,3,5,1,17,1,45,3,10,5,1,7,12,1,10,1,14,,44,,1,26,,121.5444475,25.04148469
112,10,20,12,51,2,04大安區,大安區忠孝東路4段與仁愛路4段27巷口,0,0,1,1,B03,6,7,5,0,3,2,1,4,4,5,13,4,4,8,3,5,1,17,1,36,4,11,3,4,7,6,7,19,11,17,,9,,2,22,,121.5444475,25.04148469
112,10,20,12,51,2,04大安區,大安區忠孝東路4段與仁愛路4段27巷口,0,0,1,2,C03,6,7,5,0,3,2,1,4,4,5,13,4,4,8,3,5,1,17,1,47,2,9,5,1,7,12,1,9,1,11,,108,,1,21,,121.5444475,25.04148469
112,10,20,12,55,2,08士林區,士林區忠誠路2段與忠誠路2段21巷口,0,0,1,2,C03,8,6,5,40,3,1,1,5,4,5,13,4,4,1,4,4,2,17,1,18,3,10,6,1,7,9,1,10,2,14,,44,,1,22,,121.5304986,25.10906631
112,10,20,12,55,2,08士林區,士林區忠誠路2段與忠誠路2段21巷口,0,0,1,1,C04,8,6,5,40,3,1,1,5,4,5,13,4,4,1,4,4,2,17,2,66,2,9,6,1,7,6,1,10,2,12,,9,,1,22,,121.5304986,25.10906631
112,10,20,12,59,2,05中正區,中正區忠孝東路2段與八德路1段口,0,0,1,1,B03,8,6,5,50,5,2,1,5,4,5,13,2,1,3,4,4,2,13,2,47,2,8,7,1,7,12,1,8,9,3,,42,,1,22,,121.5290116,25.04330314
112,10,20,12,59,2,05中正區,中正區忠孝東路2段與八德路1段口,0,0,1,2,B12,8,6,5,50,5,2,1,5,4,5,13,2,1,3,4,4,2,13,1,59,3,10,7,1,7,9,1,8,9,1,,16,,1,22,,121.5290116,25.04330314
112,10,20,13,0,2,09北投區,北投區中央北路4段與學園路口,0,0,2,2,C03,7,5,5,50,3,1,1,4,4,5,13,1,1,5,4,5,2,12,2,18,2,9,5,1,7,9,1,10,1,12,,107,,1,21,,121.4659589,25.1265967
112,10,20,13,0,2,09北投區,北投區中央北路4段與學園路口,0,0,2,1,C03,7,5,5,50,3,1,1,4,4,5,13,1,1,5,4,5,2,12,1,20,2,8,5,1,7,5,1,10,1,14,,8,,1,21,,121.4659589,25.1265967
112,10,20,13,5,2,08士林區,士林區至誠路1段與雨聲街口,0,0,1,1,B02,6,5,5,50,3,1,1,4,4,5,13,3,1,5,5,5,1,17,2,55,3,10,7,1,7,5,1,8,1,1,,72,,1,21,,121.5336258,25.10132089
112,10,20,13,5,2,08士林區,士林區至誠路1段與雨聲街口,0,0,1,2,C03,6,5,5,50,3,1,1,4,4,5,13,3,1,5,5,5,1,17,1,25,2,9,6,1,7,9,1,10,1,12,,44,,1,21,,121.5336258,25.10132089
112,10,20,13,11,2,05中正區,中正區中華路1段85巷與中華路1段口口,0,0,4,1,C03,7,5,5,50,14,9,1,5,4,5,13,4,4,9,4,5,1,13,1,63,2,9,5,1,7,9,1,10,2,13,,44,,1,21,,121.5072458,25.0378107
112,10,20,13,11,2,05中正區,中正區中華路1段85巷與中華路1段口口,0,0,4,4,H02,7,5,5,50,14,9,1,5,4,5,13,4,4,9,4,5,1,13,2,16,2,9,5,5,7,20,8,20,10,16,,67,,1,21,,121.5072458,25.0378107
112,10,20,13,11,2,05中正區,中正區中華路1段85巷與中華路1段口口,0,0,4,3,H02,7,5,5,50,14,9,1,5,4,5,13,4,4,9,4,5,1,13,1,18,2,9,5,5,7,20,8,20,10,16,,67,,1,21,,121.5072458,25.0378107
112,10,20,13,11,2,05中正區,中正區中華路1段85巷與中華路1段口口,0,0,4,2,C03,7,5,5,50,14,9,1,5,4,5,13,4,4,9,4,5,1,13,2,18,2,9,6,1,7,9,1,10,2,11,,16,,1,21,,121.5072458,25.0378107
112,10,20,13,20,2,09北投區,北投區公館路與公館路口側附近423巷口,0,0,2,2,F01,7,6,5,30,3,1,1,5,4,5,13,4,4,5,2,5,2,17,2,25,2,9,4,1,7,9,8,20,2,11,14,99,,1,21,,121.5025453,25.1208667
112,10,20,13,20,2,09北投區,北投區公館路與公館路口側附近423巷口,0,0,2,1,C03,7,6,5,30,3,1,1,5,4,5,13,4,4,5,2,5,2,17,1,40,2,8,5,1,7,5,1,9,2,11,12,14,,1,21,,121.5025453,25.1208667
112,10,20,13,20,2,08士林區,士林區百齡右岸河濱公園自行車道,0,0,1,1,F01,7,5,5,0,14,23,1,5,4,5,13,4,4,9,4,5,2,29,1,66,2,1,3,4,7,21,8,20,1,15,,44,,1,22,,121.5239358,25.07678398
112,10,20,13,50,2,08士林區,士林區復興橋與至善路1段口,0,0,1,1,C03,8,5,5,50,3,2,1,5,4,5,13,1,1,5,4,5,2,17,1,18,2,9,5,1,7,6,1,10,1,14,,80,,1,21,,121.5366677,25.0997794
112,10,20,13,50,2,08士林區,士林區復興橋與至善路1段口,0,0,1,2,B03,8,5,5,50,3,2,1,5,4,5,13,1,1,5,4,5,2,17,1,30,3,10,7,1,7,6,1,8,1,2,,44,,1,21,,121.5366677,25.0997794
112,10,20,13,55,2,05中正區,中正區重慶南路3段與詔安街口口,0,0,1,1,C03,8,6,5,30,3,1,1,5,4,5,13,4,4,10,5,5,2,15,4,0,,,,,,,,,,,,119,,2,,,121.5163791,25.025224
112,10,20,13,55,2,05中正區,中正區重慶南路3段與詔安街口口,0,0,1,2,F01,8,6,5,30,3,1,1,5,4,5,13,4,4,10,5,5,2,15,2,58,2,1,4,1,7,9,8,20,9,11,,88,,1,21,,121.5163791,25.025224
112,10,20,14,0,2,07信義區,信義區虎林街264號,0,0,1,1,F01,7,6,5,30,14,9,1,5,4,5,13,4,4,10,5,5,2,16,1,66,3,10,4,1,7,5,8,20,1,11,,8,,1,21,,121.5780558,25.03548871
112,10,20,14,0,2,07信義區,信義區虎林街264號,0,0,1,2,F02,7,6,5,30,14,9,1,5,4,5,13,4,4,10,5,5,2,16,1,85,2,9,4,1,7,9,8,20,1,12,,44,,1,21,,121.5780558,25.03548871
112,10,20,14,6,2,02萬華區,萬華區西藏路與西藏路199巷口,0,0,1,1,C03,8,5,5,50,3,2,1,5,4,5,13,4,4,1,4,5,2,13,1,48,2,8,6,1,7,9,1,10,1,11,,107,,1,21,,121.4998563,25.02939178
112,10,20,14,6,2,02萬華區,萬華區西藏路與西藏路199巷口,0,0,1,2,B03,8,5,5,50,3,2,1,5,4,5,13,4,4,1,4,5,2,13,1,31,3,10,7,1,7,9,1,8,1,7,,44,,1,21,,121.4998563,25.02939178
112,10,20,14,6,2,07信義區,信義區信義路5段100號,0,0,1,2,C03,6,6,8,50,14,9,1,4,4,5,13,4,4,9,4,5,2,11,2,30,2,7,6,1,7,11,1,10,1,12,,44,,1,21,,121.5654307,25.0324976
112,10,20,14,6,2,07信義區,信義區信義路5段100號,0,0,1,1,B01,6,6,8,50,14,9,1,4,4,5,13,4,4,9,4,5,2,11,1,45,3,10,7,1,7,11,1,4,1,1,,10,,1,21,,121.5654307,25.0324976
112,10,20,14,13,2,04大安區,大安區忠孝東路3段30號,0,0,1,2,B01,6,5,5,50,14,9,1,4,4,5,13,4,4,1,4,5,2,12,1,67,3,10,7,1,7,9,1,4,1,2,,44,,1,21,,121.5339084,25.0420859
112,10,20,14,13,2,04大安區,大安區忠孝東路3段30號,0,0,1,3,B02,6,5,5,50,14,9,1,4,4,5,13,4,4,1,4,5,2,12,1,27,3,10,7,1,7,9,1,8,1,4,,44,,1,21,,121.5339084,25.0420859
112,10,20,14,13,2,04大安區,大安區忠孝東路3段30號,0,0,1,1,C03,6,5,5,50,14,9,1,4,4,5,13,4,4,1,4,5,2,12,2,62,2,9,6,1,7,8,1,10,1,14,,100,,1,21,,121.5339084,25.0420859
112,10,20,14,18,2,06松山區,松山區敦化南路1段與市民大道4段口,0,0,2,1,C03,6,5,5,40,4,1,1,4,4,5,13,2,1,3,4,5,2,16,1,27,2,9,6,4,7,5,1,8,1,14,,8,,1,22,,121.5486648,25.04500161
112,10,20,14,18,2,06松山區,松山區敦化南路1段與市民大道4段口,0,0,2,2,C03,6,5,5,40,4,1,1,4,4,5,13,2,1,3,4,5,2,16,1,42,2,7,6,4,7,9,1,10,1,12,,44,,1,22,,121.5486648,25.04500161
112,10,20,14,34,2,03中山區,中山區北安路552號,0,0,2,3,H02,8,5,5,50,14,9,1,5,4,5,13,1,1,3,4,5,2,12,1,18,2,8,3,5,7,20,8,20,10,16,,67,,1,21,,121.5481239,25.0804318
112,10,20,14,34,2,03中山區,中山區北安路552號,0,0,2,1,C03,8,5,5,50,14,9,1,5,4,5,13,1,1,3,4,5,2,12,2,65,3,10,3,4,7,8,1,10,1,13,,100,,1,21,,121.5481239,25.0804318
112,10,20,14,34,2,03中山區,中山區北安路552號,0,0,2,2,C03,8,5,5,50,14,9,1,5,4,5,13,1,1,3,4,5,2,12,1,18,2,9,3,4,7,9,1,10,1,11,,44,,1,21,,121.5481239,25.0804318
112,10,20,14,45,2,01大同區,大同區延平北路3段118號,0,0,1,2,B03,6,6,5,50,14,9,1,4,4,5,13,2,1,4,3,5,1,17,1,34,3,10,7,1,7,1,1,8,1,7,,19,,1,21,,121.5109214,25.067149
112,10,20,14,45,2,01大同區,大同區延平北路3段118號,0,0,1,1,C03,6,6,5,50,14,9,1,4,4,5,13,2,1,4,3,5,1,17,1,24,2,9,6,1,7,9,1,10,1,17,,116,,1,21,,121.5109214,25.067149
112,10,20,14,45,2,01大同區,大同區延平北路3段118號,0,0,1,3,B01,6,6,5,50,14,9,1,4,4,5,13,2,1,4,3,5,1,17,1,64,3,10,7,1,7,9,1,4,1,17,,44,,1,21,,121.5109214,25.067149
112,10,20,15,8,2,11南港區,南港區研究院路3段與研究院路3段86巷口,0,0,1,2,C01,8,6,5,0,3,1,1,5,4,5,12,4,4,9,4,5,2,17,1,20,2,9,3,4,7,9,3,18,1,11,,14,,1,21,,121.6128765,25.0336897
112,10,20,15,8,2,11南港區,南港區研究院路3段與研究院路3段86巷口,0,0,1,1,B12,8,6,5,0,3,1,1,5,4,5,12,4,4,9,4,5,2,17,1,73,3,10,3,4,7,11,1,8,1,2,,10,,1,21,,121.6128765,25.0336897
112,10,20,15,16,2,10文山區,文山區木柵路1段與景美溪橋口頭,0,0,1,2,C03,6,7,5,50,3,1,1,4,4,5,13,1,1,5,2,5,2,13,2,55,2,9,5,1,7,15,1,10,1,13,,42,,1,21,,121.5456055,24.9868
112,10,20,15,16,2,10文山區,文山區木柵路1段與景美溪橋口頭,0,0,1,1,B03,6,7,5,50,3,1,1,4,4,5,13,1,1,5,2,5,2,13,1,41,3,10,7,1,7,9,1,4,1,1,,16,,1,21,,121.5456055,24.9868
112,10,20,15,18,2,09北投區,北投區明德路365號,0,0,1,1,B02,7,6,5,50,3,1,1,5,4,5,13,3,1,5,4,5,2,16,1,57,3,10,7,1,7,11,1,4,2,4,,10,,1,21,,121.5215199,25.1173753