發生年度,發生月,發生日,發生時-Hours,發生分,處理別-編號,區序,肇事地點,死亡人數,2-30日死亡人數,受傷人數,當事人序號,車種,天候,光線,道路類別,速限-速度限制,道路型態,事故位置,路面狀況1,路面狀況2,路面狀況3,道路障礙1,道路障礙2,號誌1,號誌2,車道劃分-分向,車道劃分-分道1,車道劃分-分道2,車道劃分-分道3,事故類型及型態,性別,年齡,受傷程度,主要傷處,保護裝置,行動電話,車輛用途,當事者行動狀態,駕駛資格情形,駕駛執照種類,飲酒情形,車輛撞擊部位1,車輛撞擊部位2,肇因碼-個別,肇因碼-主要,個人肇逃否,職業,旅次目的,座標-X,座標-Y
112,10,20,15,18,2,09北投區,北投區明德路365號,0,0,1,2,C03,7,6,5,50,3,1,1,5,4,5,13,3,1,5,4,5,2,16,2,20,2,9,5,1,7,9,1,10,2,11,12,44,,1,21,,121.5215199,25.1173753
112,10,20,15,24,2,08士林區,士林區華岡路21號,0,0,2,2,H01,6,5,5,30,14,9,1,4,4,5,13,4,4,10,5,5,2,3,2,23,2,9,4,5,8,16,8,20,10,16,,53,,1,21,,121.5430415,25.13814552
112,10,20,15,24,2,08士林區,士林區華岡路21號,0,0,2,1,C03,6,5,5,30,14,9,1,4,4,5,13,4,4,10,5,5,2,3,1,21,2,9,6,1,7,9,1,10,2,11,,44,,1,21,,121.5430415,25.13814552
112,10,20,15,30,2,06松山區,松山區民族東路與民權東路3段191巷13弄口,0,0,2,2,C03,6,6,5,30,3,1,1,4,4,5,13,4,4,10,5,5,2,16,1,64,2,9,6,1,7,9,1,10,1,12,,44,,1,22,,121.5486451,25.06308563
112,10,20,15,30,2,06松山區,松山區民族東路與民權東路3段191巷13弄口,0,0,2,1,C03,6,6,5,30,3,1,1,4,4,5,13,4,4,10,5,5,2,16,1,21,2,9,6,1,7,5,1,10,1,14,,8,,1,22,,121.5486451,25.06308563
112,10,20,15,56,2,07信義區,信義區福德街64號,0,0,1,1,B03,6,6,5,50,14,9,1,4,4,5,13,1,1,10,4,5,2,13,1,60,3,10,7,1,7,9,6,8,1,1,,107,,1,22,,121.5807196,25.0369259
112,10,20,15,56,2,07信義區,信義區福德街64號,0,0,1,2,C03,6,6,5,50,14,9,1,4,4,5,13,1,1,10,4,5,2,13,2,28,2,8,6,1,7,14,1,10,1,13,,44,,1,21,,121.5807196,25.0369259
112,10,20,16,30,2,06松山區,松山區北寧路62號,0,0,2,1,C03,6,5,5,50,14,7,1,4,4,5,13,4,4,4,3,4,2,3,1,37,2,9,6,1,7,9,1,10,1,12,,107,,1,22,,121.5527294,25.0510226
112,10,20,16,30,2,06松山區,松山區北寧路62號,0,0,2,2,H01,6,5,5,50,14,7,1,4,4,5,13,4,4,4,3,4,2,3,1,32,2,6,4,5,8,16,8,20,10,16,,121,,1,22,,121.5527294,25.0510226
112,10,20,16,40,2,09北投區,北投區中央北路2段與中央北路2段95巷口,0,0,1,2,B12,8,7,5,50,4,2,1,5,4,5,13,2,1,5,4,5,2,17,1,20,3,10,7,1,7,9,1,8,1,7,,44,,1,22,,121.4949569,25.13706855
112,10,20,16,40,2,09北投區,北投區中央北路2段與中央北路2段95巷口,0,0,1,1,C03,8,7,5,50,4,2,1,5,4,5,13,2,1,5,4,5,2,17,1,63,2,9,6,1,7,1,1,10,1,12,,19,,1,22,,121.4949569,25.13706855
112,10,20,16,50,2,05中正區,中正區忠孝西路1段與重慶南路1段口,0,0,1,1,B01,7,5,5,50,4,1,1,4,4,5,13,1,1,3,4,5,2,16,1,65,3,10,7,1,7,6,1,4,2,5,,9,,1,21,,121.5132797,25.0471152
112,10,20,16,50,2,05中正區,中正區忠孝西路1段與重慶南路1段口,0,0,1,2,C03,7,5,5,50,4,1,1,4,4,5,13,1,1,3,4,5,2,16,1,19,2,7,6,1,7,7,1,10,2,14,,107,,1,22,,121.5132797,25.0471152
112,10,20,17,18,2,03中山區,中山區林森北路282號,0,0,1,2,B01,6,5,5,30,4,2,1,4,4,5,13,4,4,8,4,5,1,16,1,53,3,10,3,4,7,9,1,4,2,8,,44,,1,21,,121.5254537,25.05565846
112,10,20,17,18,2,03中山區,中山區林森北路282號,0,0,1,1,C03,6,5,5,30,4,2,1,4,4,5,13,4,4,8,4,5,1,16,1,22,2,7,6,4,7,5,1,10,2,13,,74,,1,21,,121.5254537,25.05565846
112,10,20,17,21,2,08士林區,士林區仰德大道3段與仰德大道3段125巷口,0,0,1,2,C03,6,5,5,40,3,1,1,4,4,5,13,2,1,5,5,5,1,16,2,23,2,9,6,1,7,9,1,10,1,11,,13,,1,21,,121.5516725,25.12273196
112,10,20,17,21,2,08士林區,士林區仰德大道3段與仰德大道3段125巷口,0,0,1,1,B03,6,5,5,40,3,1,1,4,4,5,13,2,1,5,5,5,1,16,1,22,3,10,7,1,7,5,1,4,1,2,,74,,1,21,,121.5516725,25.12273196
112,10,20,17,40,2,07信義區,信義區永吉路369號,0,0,1,1,B01,6,5,5,50,14,9,1,4,4,5,13,4,4,1,4,5,1,17,1,68,3,10,3,4,7,8,1,4,1,6,,118,,1,21,,121.5767545,25.0455234
112,10,20,17,40,2,07信義區,信義區永吉路369號,0,0,1,2,C03,6,5,5,50,14,9,1,4,4,5,13,4,4,1,4,5,1,17,2,25,2,9,3,4,7,9,1,10,1,14,,118,,1,21,,121.5767545,25.0455234
112,10,20,17,45,2,12內湖區,內湖區南京東路6段368巷與南京東路6段口口,0,0,1,1,C02,6,5,5,50,3,2,1,4,4,5,13,2,1,1,4,5,2,17,1,34,3,10,5,1,7,8,1,9,1,14,,100,,1,21,,121.5860448,25.05971143
112,10,20,17,45,2,12內湖區,內湖區南京東路6段368巷與南京東路6段口口,0,0,1,2,C03,6,5,5,50,3,2,1,4,4,5,13,2,1,1,4,5,2,17,1,32,2,9,5,1,7,5,1,10,1,12,,44,,2,21,,121.5860448,25.05971143
112,10,20,17,47,2,02萬華區,萬華區西園路2段與西藏路口,0,0,1,2,H01,6,5,5,50,4,18,1,4,4,5,13,2,1,1,4,5,2,3,2,30,2,9,4,5,8,16,8,20,10,16,,67,,1,21,,121.4957103,25.02891591
112,10,20,17,47,2,02萬華區,萬華區西園路2段與西藏路口,0,0,1,1,B01,6,5,5,50,4,18,1,4,4,5,13,2,1,1,4,5,2,3,1,66,3,10,7,1,7,5,1,4,1,8,,98,,1,21,,121.4957103,25.02891591
112,10,20,17,47,2,07信義區,信義區基隆路2段131-22號,0,0,1,1,C03,6,5,5,50,14,9,1,4,4,5,13,2,1,2,4,5,2,13,1,19,3,10,6,1,7,9,1,10,1,11,,16,,1,21,,121.5561805,25.0274975
112,10,20,17,47,2,07信義區,信義區基隆路2段131-22號,0,0,1,2,C03,6,5,5,50,14,9,1,4,4,5,13,2,1,2,4,5,2,13,1,64,2,7,6,1,7,12,1,10,1,13,,44,,1,21,,121.5561805,25.0274975
112,10,20,17,50,2,08士林區,士林區承德路5段與士商路口,0,0,2,1,C03,7,5,8,50,22,22,1,4,4,5,13,2,1,1,5,5,1,17,1,39,2,9,5,1,7,9,1,10,1,15,,42,,1,21,,121.5141575,25.09602447
112,10,20,17,50,2,08士林區,士林區承德路5段與士商路口,0,0,2,2,C03,7,5,8,50,22,22,1,4,4,5,13,2,1,1,5,5,1,17,1,18,2,9,5,1,7,9,1,10,1,15,,42,,1,21,,121.5141575,25.09602447
112,10,20,18,3,2,12內湖區,內湖區康寧路3段75巷與康寧路3段口,0,0,1,2,B03,6,5,5,40,3,1,1,4,4,5,13,1,1,1,1,5,1,17,2,48,3,10,7,1,7,5,1,8,1,5,,44,,1,21,,121.6088744,25.0719954
112,10,20,18,3,2,12內湖區,內湖區康寧路3段75巷與康寧路3段口,0,0,1,1,C03,6,5,5,40,3,1,1,4,4,5,13,1,1,1,1,5,1,17,2,58,2,9,5,1,7,5,1,10,1,14,,8,,1,22,,121.6088744,25.0719954
112,10,20,18,5,2,05中正區,中正區博愛路與重慶南路1段136巷口口,0,0,1,1,F01,6,5,5,30,3,1,1,4,4,5,13,4,4,5,4,5,2,15,1,69,2,9,4,1,7,1,8,20,2,12,,19,,1,21,,121.5108339,25.0364848
112,10,20,18,5,2,05中正區,中正區博愛路與重慶南路1段136巷口口,0,0,1,2,B03,6,5,5,30,3,1,1,4,4,5,13,4,4,5,4,5,2,15,1,74,3,10,7,1,7,9,1,8,2,5,,14,,1,21,,121.5108339,25.0364848
112,10,20,18,19,2,01大同區,大同區延平北路3段與民權西路口,0,0,1,2,B03,7,5,5,50,4,2,1,5,4,5,13,2,1,1,3,5,1,16,1,46,3,10,7,1,7,9,6,8,1,5,,108,,1,21,,121.5114111,25.0630026
112,10,20,18,19,2,01大同區,大同區延平北路3段與民權西路口,0,0,1,1,C03,7,5,5,50,4,2,1,5,4,5,13,2,1,1,3,5,1,16,2,65,2,9,6,1,7,7,1,10,1,14,,101,,1,21,,121.5114111,25.0630026
112,10,20,18,24,2,02萬華區,萬華區西寧南路與西寧南路196巷口,0,0,2,1,C03,6,5,5,50,3,2,1,4,4,5,13,4,4,9,4,5,2,17,1,59,2,9,5,1,7,11,1,10,1,12,,10,,1,21,,121.5062547,25.03880119
112,10,20,18,24,2,02萬華區,萬華區西寧南路與西寧南路196巷口,0,0,2,2,C03,6,5,5,50,3,2,1,4,4,5,13,4,4,9,4,5,2,17,2,20,2,8,5,1,7,9,1,10,1,11,12,44,,1,21,,121.5062547,25.03880119
112,10,20,18,40,2,07信義區,信義區和平東路3段447號,0,0,1,1,C03,7,5,5,50,14,9,1,4,4,5,13,1,1,1,4,5,2,17,1,46,3,10,3,4,7,5,1,9,2,17,,8,,1,21,,121.558576,25.0188002
112,10,20,18,40,2,07信義區,信義區和平東路3段447號,0,0,1,2,C03,7,5,5,50,14,9,1,4,4,5,13,1,1,1,4,5,2,17,1,66,2,3,3,4,7,9,1,10,2,14,,13,,1,21,,121.558576,25.0188002
112,10,20,19,4,2,07信義區,信義區松智路與松智路31巷口口,0,0,1,1,B02,6,5,5,50,3,2,1,4,4,5,13,4,4,9,5,5,2,13,1,53,3,10,3,4,7,6,1,8,2,5,,9,,1,21,,121.5654221,25.0309585
112,10,20,19,4,2,07信義區,信義區松智路與松智路31巷口口,0,0,1,2,C03,6,5,5,50,3,2,1,4,4,5,13,4,4,9,5,5,2,13,2,36,2,9,5,1,7,9,1,10,2,11,14,44,,1,21,,121.5654221,25.0309585
112,10,20,19,7,2,06松山區,松山區八德路3段與八德路3段12巷口,0,0,1,1,B03,7,5,5,50,4,2,1,5,4,5,13,1,1,4,3,5,2,17,1,27,3,10,3,4,7,6,1,14,1,2,,9,,1,21,,121.5506757,25.0481711
112,10,20,19,7,2,06松山區,松山區八德路3段與八德路3段12巷口,0,0,1,2,C03,7,5,5,50,4,2,1,5,4,5,13,1,1,4,3,5,2,17,1,33,2,9,6,4,7,9,1,10,1,14,,16,,1,21,,121.5506757,25.0481711
112,10,20,19,7,2,12內湖區,內湖區五分街14巷與康寧路3段245巷口,0,0,1,2,C03,6,5,5,50,3,1,1,4,4,5,13,4,4,5,4,5,2,17,2,50,2,9,5,1,7,9,1,10,9,14,,44,,1,21,,121.6133603,25.06635384
112,10,20,19,7,2,12內湖區,內湖區五分街14巷與康寧路3段245巷口,0,0,1,3,B03,6,5,5,50,3,1,1,4,4,5,13,4,4,5,4,5,2,17,1,55,3,10,2,4,7,15,7,19,11,15,,44,,1,21,,121.6133603,25.06635384
112,10,20,19,7,2,12內湖區,內湖區五分街14巷與康寧路3段245巷口,0,0,1,1,C03,6,5,5,50,3,1,1,4,4,5,13,4,4,5,4,5,2,17,4,0,,,,,,,,,,,,119,,2,,,121.6133603,25.06635384
112,10,20,19,28,2,04大安區,大安區辛亥路3段與芳蘭路口,0,0,2,3,H02,6,5,5,50,4,1,1,4,4,5,13,1,1,3,4,5,2,15,1,52,2,5,7,5,7,20,8,20,10,16,,67,,1,21,,121.5491418,25.0170734
112,10,20,19,28,2,04大安區,大安區辛亥路3段與芳蘭路口,0,0,2,2,B03,6,5,5,50,4,1,1,4,4,5,13,1,1,3,4,5,2,15,2,30,3,10,7,1,7,1,1,8,1,8,,44,,1,21,,121.5491418,25.0170734
112,10,20,19,28,2,04大安區,大安區辛亥路3段與芳蘭路口,0,0,2,1,B03,6,5,5,50,4,1,1,4,4,5,13,1,1,3,4,5,2,15,2,49,2,2,7,1,7,9,1,8,1,6,,42,,1,21,,121.5491418,25.0170734
112,10,20,19,57,2,02萬華區,萬華區西園路2段與西園路2段140巷口口,0,0,1,2,C03,8,5,5,50,4,1,1,5,4,5,13,2,1,3,4,5,2,17,2,22,2,9,5,4,7,9,1,10,1,17,,44,,1,21,,121.4963296,25.03021292
112,10,20,19,57,2,02萬華區,萬華區西園路2段與西園路2段140巷口口,0,0,1,1,B03,8,5,5,50,4,1,1,5,4,5,13,2,1,3,4,5,2,17,1,61,3,10,2,4,7,9,1,7,1,17,,81,,1,21,,121.4963296,25.03021292
112,10,20,20,2,2,04大安區,大安區四維路170巷2號對面,0,0,1,1,C03,6,5,5,40,14,9,1,4,4,5,13,4,4,5,5,5,2,16,1,36,3,10,6,1,7,5,1,10,1,15,,8,,1,21,,121.5478219,25.0281995
112,10,20,20,2,2,04大安區,大安區四維路170巷2號對面,0,0,1,2,C03,6,5,5,40,14,9,1,4,4,5,13,4,4,5,5,5,2,16,2,27,2,9,6,1,7,9,1,10,1,15,,42,,1,21,,121.5478219,25.0281995
112,10,20,20,13,2,03中山區,中山區松江路新生公園,0,0,1,1,C03,8,5,5,50,14,9,1,5,4,5,13,4,4,1,4,5,2,16,1,52,3,10,5,1,7,15,1,10,1,13,,100,,1,22,,121.5329928,25.068954
112,10,20,20,13,2,03中山區,中山區松江路新生公園,0,0,1,2,C03,8,5,5,50,14,9,1,5,4,5,13,4,4,1,4,5,2,16,1,34,2,9,5,1,7,9,1,10,1,12,,44,,1,22,,121.5329928,25.068954
112,10,20,20,26,2,02萬華區,萬華區青年路152巷與青年路152巷口51號旁無名巷,0,0,1,1,C03,6,5,5,30,4,2,1,4,4,5,13,4,4,5,5,5,2,17,1,76,2,8,6,1,7,2,1,10,1,13,,12,,1,21,,121.5011348,25.02000314
112,10,20,20,26,2,02萬華區,萬華區青年路152巷與青年路152巷口51號旁無名巷,0,0,1,2,B03,6,5,5,30,4,2,1,4,4,5,13,4,4,5,5,5,2,17,1,35,3,10,7,1,7,6,1,8,1,5,,108,,1,21,,121.5011348,25.02000314
112,10,20,20,31,2,06松山區,松山區塔悠路85號,0,0,1,2,,7,5,5,50,14,9,1,5,4,5,13,4,4,1,3,5,2,18,3,0,,,,,,,,,1,,,67,,1,,,121.5704303,25.05181375
112,10,20,20,31,2,06松山區,松山區塔悠路85號,0,0,1,1,F01,7,5,5,50,14,9,1,5,4,5,13,4,4,1,3,5,2,18,1,19,2,9,4,1,7,15,8,20,1,12,,44,,1,21,,121.5704303,25.05181375
112,10,20,20,50,2,05中正區,中正區重慶南路3段與和平西路1段口,0,0,1,2,C03,6,5,5,50,5,1,1,4,4,5,13,2,1,1,4,5,1,16,2,25,2,9,6,1,7,9,1,10,1,14,,107,,1,21,,121.5161557,25.02710729
112,10,20,20,50,2,05中正區,中正區重慶南路3段與和平西路1段口,0,0,1,1,B03,6,5,5,50,5,1,1,4,4,5,13,2,1,1,4,5,1,16,2,53,3,10,7,1,7,6,1,8,1,5,,9,,1,21,,121.5161557,25.02710729
112,10,20,20,51,2,08士林區,士林區文林路與文林路770巷口,0,0,1,2,C03,7,5,5,50,3,2,1,5,4,5,13,4,4,1,4,4,2,17,2,24,2,9,5,1,7,9,1,10,2,14,,13,,1,21,,121.5194539,25.1036746
112,10,20,20,51,2,08士林區,士林區文林路與文林路770巷口,0,0,1,1,B01,7,5,5,50,3,2,1,5,4,5,13,4,4,1,4,4,2,17,1,69,3,10,7,1,7,6,1,4,2,2,,9,,1,21,,121.5194539,25.1036746
112,10,20,22,0,2,03中山區,中山區長安東路2段與建國北路1段口,0,0,2,3,H02,7,5,5,50,4,2,1,5,4,5,13,2,1,1,4,5,2,3,2,24,2,5,4,5,7,20,8,20,10,16,,67,,1,21,,121.536932,25.0485234
112,10,20,22,0,2,03中山區,中山區長安東路2段與建國北路1段口,0,0,2,2,H01,7,5,5,50,4,2,1,5,4,5,13,2,1,1,4,5,2,3,1,57,2,9,4,5,8,16,8,20,10,16,,67,,1,21,,121.536932,25.0485234
112,10,20,22,0,2,03中山區,中山區長安東路2段與建國北路1段口,0,0,2,1,B01,7,5,5,50,4,2,1,5,4,5,13,2,1,1,4,5,2,3,1,67,3,10,3,4,7,6,1,4,2,1,,70,,1,21,,121.536932,25.0485234
112,10,20,22,10,2,01大同區,大同區重慶北路3段137巷與大龍街口,0,0,1,1,C03,8,5,5,30,3,2,1,5,4,5,13,4,4,10,5,5,2,17,1,23,3,10,6,1,7,5,1,10,1,12,,74,,1,22,,121.5158837,25.0678737
112,10,20,22,10,2,01大同區,大同區重慶北路3段137巷與大龍街口,0,0,1,2,C03,8,5,5,30,3,2,1,5,4,5,13,4,4,10,5,5,2,17,1,19,2,9,6,1,7,9,1,10,1,11,,13,,1,22,,121.5158837,25.0678737
112,10,20,22,29,2,07信義區,信義區永吉路30巷178弄1號與永吉路30巷口,0,0,2,1,F01,6,5,5,0,4,2,1,4,4,5,13,4,4,9,5,5,2,15,1,32,2,8,4,1,7,1,8,20,2,13,,19,,1,21,,121.5686629,25.0416066
112,10,20,22,29,2,07信義區,信義區永吉路30巷178弄1號與永吉路30巷口,0,0,2,2,C03,6,5,5,0,4,2,1,4,4,5,13,4,4,9,5,5,2,15,2,19,2,8,6,1,7,9,1,10,2,11,,13,,1,21,,121.5686629,25.0416066
112,10,20,22,45,2,07信義區,信義區松仁路58號,0,0,1,1,C03,6,5,5,50,14,7,1,4,4,5,13,4,4,1,4,4,1,17,1,28,2,9,3,4,7,7,1,10,1,12,,42,,1,21,,121.5683564,25.0366699
112,10,20,22,45,2,07信義區,信義區松仁路58號,0,0,1,2,A02,6,5,5,50,14,7,1,4,4,5,13,4,4,1,4,4,1,17,1,45,3,10,3,4,7,7,1,2,1,17,,44,,1,21,,121.5683564,25.0366699
112,10,20,22,50,2,12內湖區,內湖區陽光街265巷與瑞光路口,0,0,1,1,B03,6,5,5,0,3,2,1,4,4,5,13,4,4,5,4,5,2,17,4,0,,,,,,,,,11,,,119,,2,,,121.5796006,25.07340295
112,10,20,22,50,2,12內湖區,內湖區陽光街265巷與瑞光路口,0,0,1,2,C03,6,5,5,0,3,2,1,4,4,5,13,4,4,5,4,5,2,17,1,30,2,9,6,1,7,9,1,10,1,14,,42,,1,21,,121.5796006,25.07340295
112,10,20,23,0,2,09北投區,北投區三合街1段與三合街1段118巷口,0,0,1,1,C03,7,5,5,40,4,1,1,5,4,5,13,3,1,5,2,5,1,16,1,23,3,10,6,1,7,4,1,10,1,13,,107,,1,21,,121.504168,25.12681498
112,10,20,23,0,2,09北投區,北投區三合街1段與三合街1段118巷口,0,0,1,2,C03,7,5,5,40,4,1,1,5,4,5,13,3,1,5,2,5,1,16,2,26,2,9,6,1,7,5,1,10,1,11,,8,,1,21,,121.504168,25.12681498
112,10,21,0,15,2,08士林區,士林區中山北路6段與福國路口,0,0,1,2,C03,8,5,5,50,3,2,1,5,4,5,13,1,1,10,1,5,1,13,1,34,2,9,5,1,7,14,1,10,2,13,,99,,1,21,,121.5256625,25.1024828
112,10,21,0,15,2,08士林區,士林區中山北路6段與福國路口,0,0,1,1,B03,8,5,5,50,3,2,1,5,4,5,13,1,1,10,1,5,1,13,1,18,3,10,7,1,7,9,1,8,2,1,,99,,1,21,,121.5256625,25.1024828
112,10,21,1,4,2,03中山區,中山區松江路133巷與南京東路2段115巷口,0,0,1,2,B01,7,5,5,30,4,1,1,5,4,5,13,4,4,8,5,5,1,15,1,58,3,10,3,4,7,9,1,4,1,1,,14,,1,21,,121.5336742,25.0543365
112,10,21,1,4,2,03中山區,中山區松江路133巷與南京東路2段115巷口,0,0,1,1,C04,7,5,5,30,4,1,1,5,4,5,13,4,4,8,5,5,1,15,1,43,2,9,3,4,7,9,1,8,1,14,,72,,1,21,,121.5336742,25.0543365
112,10,21,1,30,2,08士林區,士林區中山北路6段與福國路口,0,0,2,1,C03,8,5,5,50,3,1,1,5,4,5,13,1,1,10,1,5,1,16,1,40,2,9,5,1,7,9,1,10,2,11,,13,,1,21,,121.525569,25.1025433
112,10,21,1,30,2,08士林區,士林區中山北路6段與福國路口,0,0,2,2,C01,8,5,5,50,3,1,1,5,4,5,13,1,1,10,1,5,1,16,1,55,2,9,5,1,7,5,1,9,2,14,,83,,1,21,,121.525569,25.1025433
112,10,21,2,52,2,12內湖區,內湖區內湖路1段285巷65弄與內湖路1段285巷口,0,0,1,2,B01,7,5,5,30,4,1,1,5,4,4,8,3,1,10,5,5,1,15,1,58,3,10,7,1,7,9,1,4,1,4,,14,,1,22,,121.5669412,25.08453573
112,10,21,2,52,2,12內湖區,內湖區內湖路1段285巷65弄與內湖路1段285巷口,0,0,1,1,C03,7,5,5,30,4,1,1,5,4,4,8,3,1,10,5,5,1,15,1,32,2,8,5,1,7,9,1,10,1,11,,72,,1,22,,121.5669412,25.08453573
112,10,21,5,58,2,11南港區,南港區松河街與重陽路423巷口,0,0,1,1,C03,6,5,5,50,3,2,1,4,4,5,13,4,4,5,5,5,2,17,1,39,3,10,5,1,7,6,1,10,2,15,,72,,1,22,,121.6087296,25.0596601
112,10,21,5,58,2,11南港區,南港區松河街與重陽路423巷口,0,0,1,2,C03,6,5,5,50,3,2,1,4,4,5,13,4,4,5,5,5,2,17,1,70,2,9,5,1,7,9,1,10,2,12,,44,,1,21,,121.6087296,25.0596601
112,10,21,6,21,2,07信義區,信義區基隆路1段與基隆路1段35巷口口,0,0,2,1,C03,8,6,5,50,3,2,1,5,4,5,13,2,1,9,5,5,2,13,1,23,2,9,5,4,7,9,1,10,1,11,14,16,,1,21,,121.5686011,25.0483417
112,10,21,6,21,2,07信義區,信義區基隆路1段與基隆路1段35巷口口,0,0,2,2,C03,8,6,5,50,3,2,1,5,4,5,13,2,1,9,5,5,2,13,1,58,2,9,5,4,7,1,1,10,1,13,12,44,,1,21,,121.5686011,25.0483417
112,10,21,7,40,2,06松山區,松山區敦化北路155巷與敦化北路155巷口3號旁無名巷,0,0,1,1,C03,7,6,5,30,4,1,1,5,4,5,13,4,4,10,4,5,2,15,2,61,2,9,6,1,7,9,1,10,1,11,,72,,1,21,,121.5499356,25.0542665
112,10,21,7,40,2,06松山區,松山區敦化北路155巷與敦化北路155巷口3號旁無名巷,0,0,1,2,B01,7,6,5,30,4,1,1,5,4,5,13,4,4,10,4,5,2,15,1,54,3,10,7,1,7,9,1,4,1,2,,108,,1,21,,121.5499356,25.0542665
112,10,21,7,43,2,08士林區,士林區通河西街1段百齡槌球場停車場旁河濱自行車道,0,0,1,3,,7,6,7,0,14,23,1,5,4,5,13,4,4,10,5,5,1,13,3,70,,,,,,,,,,,,66,,1,,,121.5131027,25.08722888
112,10,21,7,43,2,08士林區,士林區通河西街1段百齡槌球場停車場旁河濱自行車道,0,0,1,2,F01,7,6,7,0,14,23,1,5,4,5,13,4,4,10,5,5,1,13,1,39,3,10,5,4,7,9,8,20,1,13,,44,,1,22,,121.5131027,25.08722888
112,10,21,7,43,2,08士林區,士林區通河西街1段百齡槌球場停車場旁河濱自行車道,0,0,1,1,F01,7,6,7,0,14,23,1,5,4,5,13,4,4,10,5,5,1,13,2,50,2,9,5,4,7,9,8,20,1,11,,108,,1,22,,121.5131027,25.08722888
112,10,21,8,30,2,07信義區,信義區和平東路3段559號,0,0,1,2,,6,6,5,50,14,9,1,4,4,5,13,4,4,9,4,5,2,18,3,0,,,,,,,,,,,,67,,1,,,121.5610562,25.0156213
112,10,21,8,30,2,07信義區,信義區和平東路3段559號,0,0,1,1,C03,6,6,5,50,14,9,1,4,4,5,13,4,4,9,4,5,2,18,2,18,2,8,6,1,7,9,1,10,1,12,,42,,1,21,,121.5610562,25.0156213
112,10,21,8,30,2,07信義區,信義區基隆路2段88號,0,0,1,2,B01,6,7,5,50,14,9,1,4,4,5,13,4,4,1,4,5,2,17,1,55,3,10,7,1,7,9,1,4,1,17,,44,,1,21,,121.5580622,25.0306867
112,10,21,8,30,2,07信義區,信義區基隆路2段88號,0,0,1,1,C03,6,7,5,50,14,9,1,4,4,5,13,4,4,1,4,5,2,17,1,24,2,9,5,1,7,9,1,10,1,14,,13,,1,21,,121.5580622,25.0306867
112,10,21,9,0,2,02萬華區,萬華區萬大路22號,0,0,1,1,F02,7,7,5,50,14,9,1,5,4,5,13,4,4,5,4,4,2,17,1,67,3,10,4,1,7,5,8,20,1,17,,103,,1,21,,121.5004947,25.03180133
112,10,21,9,0,2,02萬華區,萬華區萬大路22號,0,0,1,2,C03,7,7,5,50,14,9,1,5,4,5,13,4,4,5,4,4,2,17,1,27,2,9,5,1,7,12,1,10,1,17,,42,,1,21,,121.5004947,25.03180133
112,10,21,9,13,2,06松山區,松山區塔悠路與撫遠街389巷口口,0,0,1,1,C03,6,7,5,40,4,2,1,4,4,5,13,2,1,1,4,4,2,17,2,18,3,10,6,1,7,15,1,10,11,17,,100,,1,21,,121.5678601,25.0652059
112,10,21,9,13,2,06松山區,松山區塔悠路與撫遠街389巷口口,0,0,1,2,C03,6,7,5,40,4,2,1,4,4,5,13,2,1,1,4,4,2,17,2,24,2,9,6,1,7,9,1,10,1,14,,13,,1,21,,121.5678601,25.0652059
112,10,21,9,20,2,10文山區,文山區秀明路1段與秀明路1段22巷口,0,0,1,1,B03,6,6,5,50,3,1,1,4,4,5,13,4,4,5,4,5,2,16,2,39,3,10,7,1,7,11,1,8,2,4,,10,,1,21,,121.5641357,24.98944824
112,10,21,9,20,2,10文山區,文山區秀明路1段與秀明路1段22巷口,0,0,1,2,C03,6,6,5,50,3,1,1,4,4,5,13,4,4,5,4,5,2,16,1,26,2,9,6,2,7,9,1,10,2,11,,44,,1,21,,121.5641357,24.98944824
112,10,21,9,20,2,11南港區,南港區舊莊街1段與舊莊街1段199巷口,0,0,1,2,H01,6,7,5,50,3,2,1,4,4,5,13,4,4,5,4,5,2,9,2,86,2,8,4,5,8,16,8,20,10,16,,67,,1,21,,121.6221386,25.03872018
112,10,21,9,20,2,11南港區,南港區舊莊街1段與舊莊街1段199巷口,0,0,1,1,B03,6,7,5,50,3,2,1,4,4,5,13,4,4,5,4,5,2,9,2,40,3,10,7,1,7,2,1,8,2,3,,12,,1,21,,121.6221386,25.03872018
112,10,21,9,41,2,08士林區,士林區延平北路5段與葫蘆街口,0,0,2,2,F01,8,6,5,50,3,1,1,5,4,5,10,1,1,1,4,5,2,15,1,17,2,9,4,1,7,9,8,20,1,11,,42,,1,22,,121.5109053,25.0799142
112,10,21,9,41,2,08士林區,士林區延平北路5段與葫蘆街口,0,0,2,3,B03,8,6,5,50,3,1,1,5,4,5,10,1,1,1,4,5,2,15,1,42,3,10,3,4,7,13,1,8,1,17,,38,,1,22,,121.5109053,25.0799142
112,10,21,9,41,2,08士林區,士林區延平北路5段與葫蘆街口,0,0,2,1,C03,8,6,5,50,3,1,1,5,4,5,10,1,1,1,4,5,2,15,2,74,2,9,5,1,7,9,3,18,1,11,,42,,1,22,,121.5109053,25.0799142
112,10,21,9,46,2,10文山區,文山區木柵路3段77號,0,0,2,1,B01,6,6,5,50,14,9,1,4,4,5,13,4,4,8,5,5,2,17,1,69,3,10,7,1,7,11,1,8,2,17,,10,,1,21,,121.5670167,24.9886678