發生年度,發生月,發生日,發生時-Hours,發生分,處理別-編號,區序,肇事地點,死亡人數,2-30日死亡人數,受傷人數,當事人序號,車種,天候,光線,道路類別,速限-速度限制,道路型態,事故位置,路面狀況1,路面狀況2,路面狀況3,道路障礙1,道路障礙2,號誌1,號誌2,車道劃分-分向,車道劃分-分道1,車道劃分-分道2,車道劃分-分道3,事故類型及型態,性別,年齡,受傷程度,主要傷處,保護裝置,行動電話,車輛用途,當事者行動狀態,駕駛資格情形,駕駛執照種類,飲酒情形,車輛撞擊部位1,車輛撞擊部位2,肇因碼-個別,肇因碼-主要,個人肇逃否,職業,旅次目的,座標-X,座標-Y
112,10,21,9,46,2,10文山區,文山區木柵路3段77號,0,0,2,2,C03,6,6,5,50,14,9,1,4,4,5,13,4,4,8,5,5,2,17,1,72,2,9,5,1,7,9,1,10,2,14,,42,,1,21,,121.5670167,24.9886678
112,10,21,9,46,2,10文山區,文山區木柵路3段77號,0,0,2,3,H02,6,6,5,50,14,9,1,4,4,5,13,4,4,8,5,5,2,17,2,71,2,9,5,5,7,20,8,20,10,17,,67,,1,21,,121.5670167,24.9886678
112,10,21,10,49,2,03中山區,中山區中山北路1段與長安西路口,0,0,1,2,H01,7,5,5,50,4,2,1,5,4,5,13,1,1,4,3,5,1,3,1,48,2,8,4,5,8,16,8,20,10,16,,67,,1,21,,121.5203305,25.05068687
112,10,21,10,49,2,03中山區,中山區中山北路1段與長安西路口,0,0,1,1,B03,7,5,5,50,4,2,1,5,4,5,13,1,1,4,3,5,1,3,1,62,3,10,3,4,7,9,1,8,2,5,,70,,1,21,,121.5203305,25.05068687
112,10,21,11,20,2,03中山區,中山區吉林路與新生北路2段45巷口,0,0,1,1,B03,8,7,5,50,4,2,1,5,4,5,13,4,4,5,5,4,2,16,1,64,3,10,7,4,7,10,1,8,1,2,,100,,1,22,,121.5300949,25.0557128
112,10,21,11,20,2,03中山區,中山區吉林路與新生北路2段45巷口,0,0,1,2,C03,8,7,5,50,4,2,1,5,4,5,13,4,4,5,5,4,2,16,1,20,2,9,6,1,7,9,1,10,1,14,,13,,1,22,,121.5300949,25.0557128
112,10,21,11,22,2,07信義區,信義區基隆路2段與嘉興街口,0,0,1,2,C03,8,7,5,50,3,2,1,5,4,5,13,4,4,9,4,5,2,17,1,25,2,9,5,1,7,9,1,10,1,14,,108,,1,21,,121.5592008,25.0325811
112,10,21,11,22,2,07信義區,信義區基隆路2段與嘉興街口,0,0,1,1,B01,8,7,5,50,3,2,1,5,4,5,13,4,4,9,4,5,2,17,1,42,3,10,7,1,7,6,1,4,1,2,,9,,1,21,,121.5592008,25.0325811
112,10,21,11,55,2,07信義區,信義區崇德街40號,0,0,1,1,B03,8,6,5,50,4,2,1,5,4,5,13,4,4,5,5,5,2,16,1,35,3,10,7,1,7,1,1,8,2,1,,19,,1,21,,121.5539854,25.0242699
112,10,21,11,55,2,07信義區,信義區崇德街40號,0,0,1,2,C03,8,6,5,50,4,2,1,5,4,5,13,4,4,5,5,5,2,16,2,70,2,9,6,1,7,9,1,8,2,11,,44,,1,21,,121.5539854,25.0242699
112,10,21,12,15,2,03中山區,中山區長春路147-1號,0,0,1,2,C03,8,7,5,40,14,8,1,5,4,5,13,4,4,9,4,4,2,17,1,36,3,10,6,1,7,13,1,10,1,13,,38,,1,21,,121.5324286,25.05483546
112,10,21,12,15,2,03中山區,中山區長春路147-1號,0,0,1,3,B03,8,7,5,40,14,8,1,5,4,5,13,4,4,9,4,4,2,17,1,69,3,10,7,1,7,13,1,8,1,7,,44,,1,21,,121.5324286,25.05483546
112,10,21,12,15,2,03中山區,中山區長春路147-1號,0,0,1,1,C03,8,7,5,40,14,8,1,5,4,5,13,4,4,9,4,4,2,17,2,47,2,9,6,1,7,9,1,10,1,11,,107,,1,21,,121.5324286,25.05483546
112,10,21,12,23,2,10文山區,文山區辛亥路4段與辛亥路4段166巷口,0,0,1,1,C03,6,6,5,50,3,1,1,4,4,5,13,2,1,1,4,5,2,17,1,22,3,10,6,1,7,5,1,10,2,17,,74,,1,21,,121.5563034,25.0036872
112,10,21,12,23,2,10文山區,文山區辛亥路4段與辛亥路4段166巷口,0,0,1,2,C03,6,6,5,50,3,1,1,4,4,5,13,2,1,1,4,5,2,17,2,45,2,9,6,1,7,9,1,10,2,14,,44,,1,21,,121.5563034,25.0036872
112,10,21,12,32,2,08士林區,士林區承德路5段北往南(1112396燈桿),0,0,3,1,B03,8,6,5,50,14,9,1,5,4,5,13,4,4,1,4,5,1,13,1,38,2,8,3,4,7,9,1,8,1,1,,107,,1,22,,121.5153883,25.09259418
112,10,21,12,32,2,08士林區,士林區承德路5段北往南(1112396燈桿),0,0,3,4,H02,8,6,5,50,14,9,1,5,4,5,13,4,4,1,4,5,1,13,1,8,2,1,3,5,7,20,8,20,10,17,,67,,1,22,,121.5153883,25.09259418
112,10,21,12,32,2,08士林區,士林區承德路5段北往南(1112396燈桿),0,0,3,3,B03,8,6,5,50,14,9,1,5,4,5,13,4,4,1,4,5,1,13,2,48,3,10,3,4,7,14,1,8,1,3,,44,,1,22,,121.5153883,25.09259418
112,10,21,12,32,2,08士林區,士林區承德路5段北往南(1112396燈桿),0,0,3,2,B03,8,6,5,50,14,9,1,5,4,5,13,4,4,1,4,5,1,13,1,46,2,2,3,4,7,9,1,8,1,3,,44,,1,22,,121.5153883,25.09259418
112,10,21,12,34,2,03中山區,中山區建國北路2段與長春路口,0,0,1,2,,7,5,5,50,4,2,1,5,4,2,11,2,1,1,4,5,2,24,3,0,,,,,,,,,10,,,128,,1,,,121.5371021,25.0550154
112,10,21,12,34,2,03中山區,中山區建國北路2段與長春路口,0,0,1,1,C03,7,5,5,50,4,2,1,5,4,2,11,2,1,1,4,5,2,24,1,27,2,9,3,4,7,9,1,10,2,11,,108,,1,21,,121.5371021,25.0550154
112,10,21,12,43,2,08士林區,士林區至善路3段與至善路3段150巷口,0,0,1,2,C02,6,5,5,50,3,1,1,4,4,5,13,3,1,5,4,4,1,17,1,55,2,9,6,1,7,9,1,9,1,12,,13,,1,21,,121.5740388,25.1163642
112,10,21,12,43,2,08士林區,士林區至善路3段與至善路3段150巷口,0,0,1,1,B03,6,5,5,50,3,1,1,4,4,5,13,3,1,5,4,4,1,17,2,47,3,10,7,1,7,5,1,8,1,1,,72,,1,21,,121.5740388,25.1163642
112,10,21,12,45,2,02萬華區,萬華區西藏路與艋舺大道口,0,0,1,1,B03,7,7,5,50,4,1,1,5,4,5,13,1,1,3,3,5,2,16,1,45,3,10,3,4,7,5,1,8,1,1,,74,,1,22,,121.4918044,25.0288931
112,10,21,12,45,2,02萬華區,萬華區西藏路與艋舺大道口,0,0,1,2,C03,7,7,5,50,4,1,1,5,4,5,13,1,1,3,3,5,2,16,1,47,2,9,5,4,7,9,1,10,1,14,,44,,1,22,,121.4918044,25.0288931
112,10,21,12,46,2,04大安區,大安區大安路1段84巷與大安路1段口,0,0,1,1,B03,7,6,5,50,4,2,1,5,4,5,13,4,4,10,5,5,2,17,1,35,3,10,3,4,7,9,1,14,9,7,,17,,2,22,,121.5459396,25.0408836
112,10,21,12,46,2,04大安區,大安區大安路1段84巷與大安路1段口,0,0,1,2,B03,7,6,5,50,4,2,1,5,4,5,13,4,4,10,5,5,2,17,1,54,3,10,3,4,7,14,1,8,1,17,,40,,1,21,,121.5459396,25.0408836
112,10,21,12,46,2,04大安區,大安區大安路1段84巷與大安路1段口,0,0,1,3,H02,7,6,5,50,4,2,1,5,4,5,13,4,4,10,5,5,2,17,2,20,2,8,3,5,7,20,8,20,10,16,,67,,1,22,,121.5459396,25.0408836
112,10,21,13,4,2,08士林區,士林區百齡橋東向西往社子方向,0,0,1,2,C03,7,7,5,50,14,11,1,5,4,5,13,4,4,1,3,5,2,17,1,23,2,9,3,4,7,9,1,10,1,12,,108,,1,21,,121.5141171,25.08959251
112,10,21,13,4,2,08士林區,士林區百齡橋東向西往社子方向,0,0,1,1,C03,7,7,5,50,14,11,1,5,4,5,13,4,4,1,3,5,2,17,1,47,3,10,3,4,7,5,1,10,1,13,,8,,1,21,,121.5141171,25.08959251
112,10,21,13,20,2,09北投區,北投區尊賢街247-4號郵局,0,0,1,1,C03,8,7,5,30,14,9,1,5,4,5,13,4,4,10,5,5,2,14,1,48,2,9,5,1,7,2,1,10,1,13,,12,,1,22,,121.5066974,25.11764499
112,10,21,13,20,2,09北投區,北投區尊賢街247-4號郵局,0,0,1,2,B03,8,7,5,30,14,9,1,5,4,5,13,4,4,10,5,5,2,14,2,65,3,10,7,1,7,9,1,8,1,5,,44,,1,22,,121.5066974,25.11764499
112,10,21,13,59,2,05中正區,中正區中正橋往永和,0,0,1,2,C03,7,7,5,30,14,9,1,5,4,5,13,4,4,1,4,5,2,17,1,24,3,10,5,4,7,9,1,10,1,11,,16,,1,21,,121.5166834,25.022549
112,10,21,13,59,2,05中正區,中正區中正橋往永和,0,0,1,3,C03,7,7,5,30,14,9,1,5,4,5,13,4,4,1,4,5,2,17,2,18,2,8,5,4,7,9,1,10,1,12,,44,,1,21,,121.5166834,25.022549
112,10,21,13,59,2,05中正區,中正區中正橋往永和,0,0,1,1,C03,7,7,5,30,14,9,1,5,4,5,13,4,4,1,4,5,2,17,1,26,3,10,5,4,7,15,1,10,1,13,,13,,1,21,,121.5166834,25.022549
112,10,21,14,10,2,06松山區,松山區敦化北路170號前迴轉道,0,0,1,2,B03,7,6,5,50,14,9,1,5,4,5,13,4,4,1,4,4,2,12,1,47,3,10,7,1,7,9,1,8,1,5,,44,,1,21,,121.5487676,25.0563582
112,10,21,14,10,2,06松山區,松山區敦化北路170號前迴轉道,0,0,1,1,C03,7,6,5,50,14,9,1,5,4,5,13,4,4,1,4,4,2,12,1,19,2,9,6,1,7,8,1,10,1,14,,100,,1,21,,121.5487676,25.0563582
112,10,21,15,12,2,12內湖區,內湖區內湖路2段263巷9弄7號,0,0,1,1,B03,7,6,5,30,14,9,1,5,4,5,13,4,4,10,5,5,2,9,1,66,3,10,7,1,7,1,1,8,2,8,,19,,1,21,,121.5904803,25.08281083
112,10,21,15,12,2,12內湖區,內湖區內湖路2段263巷9弄7號,0,0,1,2,H01,7,6,5,30,14,9,1,5,4,5,13,4,4,10,5,5,2,9,1,75,2,1,4,5,8,16,8,20,10,16,,60,,1,21,,121.5904803,25.08281083
112,10,21,16,19,2,12內湖區,內湖區民權東路6段180巷與民權東路6段口,0,0,1,1,B03,7,6,5,50,4,2,1,5,4,5,13,1,1,4,3,5,2,12,2,48,3,10,7,1,7,6,1,8,1,8,,9,,1,21,,121.592914,25.06882583
112,10,21,16,19,2,12內湖區,內湖區民權東路6段180巷與民權東路6段口,0,0,1,2,C03,7,6,5,50,4,2,1,5,4,5,13,1,1,4,3,5,2,12,2,65,2,9,5,1,7,1,1,10,1,12,,44,,1,21,,121.592914,25.06882583
112,10,21,16,35,2,04大安區,大安區市民大道4段與光復南路口,0,0,1,1,C04,7,6,5,40,14,9,1,5,4,5,13,1,1,8,3,5,2,12,2,23,2,8,5,4,7,9,1,10,1,12,,108,,1,21,,121.5574923,25.0449497
112,10,21,16,35,2,04大安區,大安區市民大道4段與光復南路口,0,0,1,2,B03,7,6,5,40,14,9,1,5,4,5,13,1,1,8,3,5,2,12,1,47,3,10,3,4,7,9,1,8,1,4,,42,,1,21,,121.5574923,25.0449497
112,10,21,17,0,2,01大同區,大同區鄭州路與重慶北路1段口口,0,0,1,2,C03,8,5,5,40,4,2,1,5,4,5,13,2,1,1,5,5,2,13,2,49,2,9,6,1,7,14,1,10,1,13,,44,,1,21,,121.5135163,25.04951282
112,10,21,17,0,2,01大同區,大同區鄭州路與重慶北路1段口口,0,0,1,1,C03,8,5,5,40,4,2,1,5,4,5,13,2,1,1,5,5,2,13,1,42,3,10,6,1,7,9,1,10,1,11,,108,,1,21,,121.5135163,25.04951282
112,10,21,17,0,2,11南港區,南港區忠孝東路7段與忠孝東路7段596巷口,0,0,1,1,B03,7,7,5,30,3,2,1,4,4,5,13,1,1,5,5,5,2,17,1,53,3,10,7,1,7,5,1,8,1,8,,17,,1,21,,121.6149664,25.0528835
112,10,21,17,0,2,11南港區,南港區忠孝東路7段與忠孝東路7段596巷口,0,0,1,2,C03,7,7,5,30,3,2,1,4,4,5,13,1,1,5,5,5,2,17,2,25,2,9,5,1,7,9,1,10,1,12,,44,,1,21,,121.6149664,25.0528835
112,10,21,17,51,2,05中正區,中正區林森南路與鎮江街1巷口,0,0,1,1,B03,8,7,5,30,3,1,1,5,4,5,13,4,4,9,4,5,1,9,1,45,3,10,7,4,7,2,1,4,11,3,,42,,2,21,,121.5230586,25.0441908
112,10,21,17,51,2,05中正區,中正區林森南路與鎮江街1巷口,0,0,1,2,H01,8,7,5,30,3,1,1,5,4,5,13,4,4,9,4,5,1,9,2,16,2,7,4,5,8,16,8,20,10,16,,67,,1,22,,121.5230586,25.0441908
112,10,21,18,2,2,01大同區,大同區萬全街與民生西路171巷口,0,0,1,1,C03,8,5,5,30,4,1,1,5,4,5,13,4,4,10,5,5,2,15,1,55,2,9,6,1,7,9,1,10,2,14,,72,,1,22,,121.5167032,25.0579789
112,10,21,18,2,2,01大同區,大同區萬全街與民生西路171巷口,0,0,1,2,B03,8,5,5,30,4,1,1,5,4,5,13,4,4,10,5,5,2,15,1,28,3,10,7,1,7,9,1,8,2,1,,14,,1,22,,121.5167032,25.0579789
112,10,21,18,23,2,07信義區,信義區信義路5段124號,0,0,1,1,B03,8,5,5,50,14,9,1,5,4,5,13,4,4,1,4,5,2,17,1,48,3,10,7,1,7,1,1,8,1,17,,19,,1,21,,121.5692557,25.0327196
112,10,21,18,23,2,07信義區,信義區信義路5段124號,0,0,1,2,C03,8,5,5,50,14,9,1,5,4,5,13,4,4,1,4,5,2,17,1,32,2,8,6,1,7,9,1,10,1,12,,44,,1,21,,121.5692557,25.0327196
112,10,21,18,32,2,09北投區,北投區立農街2段與義理街口,0,0,1,2,C03,8,6,5,50,3,1,1,5,4,5,13,4,4,5,5,5,1,12,2,62,2,8,6,1,7,8,1,10,1,14,,100,,1,21,,121.5163283,25.11862828
112,10,21,18,32,2,09北投區,北投區立農街2段與義理街口,0,0,1,1,B03,8,6,5,50,3,1,1,5,4,5,13,4,4,5,5,5,1,12,2,80,3,10,7,1,7,9,1,8,1,5,,108,,1,21,,121.5163283,25.11862828
112,10,21,18,51,2,08士林區,士林區中山北路7段與天母西路口,0,0,1,1,B03,7,5,5,50,4,1,1,5,4,5,13,1,1,1,4,5,2,17,1,55,3,10,7,1,7,6,1,8,2,2,,9,,1,22,,121.5301307,25.118495
112,10,21,18,51,2,08士林區,士林區中山北路7段與天母西路口,0,0,1,2,C03,7,5,5,50,4,1,1,5,4,5,13,1,1,1,4,5,2,17,1,44,2,9,6,1,7,9,1,10,2,11,,81,,1,22,,121.5301307,25.118495
112,10,21,19,10,2,02萬華區,萬華區國興路32號,0,0,1,1,B01,8,5,5,30,14,9,1,5,4,5,13,4,4,9,5,5,2,17,1,65,3,10,7,1,7,15,1,4,1,17,,10,,1,21,,121.5081289,25.02437505
112,10,21,19,10,2,02萬華區,萬華區國興路32號,0,0,1,2,C03,8,5,5,30,14,9,1,5,4,5,13,4,4,9,5,5,2,17,1,58,2,9,6,1,7,9,1,9,1,12,,44,,1,21,,121.5081289,25.02437505
112,10,21,19,30,2,01大同區,大同區民樂街與南京西路口,0,0,1,2,C03,8,5,5,50,3,2,1,5,4,5,13,2,1,8,3,5,2,12,2,41,2,8,5,1,7,14,1,10,1,13,,44,,1,21,,121.511175,25.05387905
112,10,21,19,30,2,01大同區,大同區民樂街與南京西路口,0,0,1,3,B01,8,5,5,50,3,2,1,5,4,5,13,2,1,8,3,5,2,12,2,56,3,10,7,1,7,14,1,4,1,3,,44,,1,21,,121.511175,25.05387905
112,10,21,19,30,2,01大同區,大同區民樂街與南京西路口,0,0,1,1,B03,8,5,5,50,3,2,1,5,4,5,13,2,1,8,3,5,2,12,1,46,3,10,7,1,7,9,1,8,1,1,,16,,1,21,,121.511175,25.05387905
112,10,21,19,40,2,01大同區,大同區忠孝西路1段與塔城街口,0,0,1,2,C03,8,5,6,50,4,2,1,5,4,5,13,2,1,1,4,5,2,16,1,52,2,9,3,4,7,9,1,10,1,14,,42,,1,21,,121.5101782,25.048254
112,10,21,19,40,2,01大同區,大同區忠孝西路1段與塔城街口,0,0,1,1,B03,8,5,6,50,4,2,1,5,4,5,13,2,1,1,4,5,2,16,1,38,3,10,3,4,7,15,1,8,1,1,,42,,1,21,,121.5101782,25.048254
112,10,21,19,40,2,08士林區,士林區德行西路39號,0,0,1,1,B03,8,5,5,50,14,9,1,5,4,5,13,4,4,9,4,5,1,16,1,65,3,10,3,4,7,7,1,8,2,2,,100,,1,22,,121.5234864,25.1058629
112,10,21,19,40,2,08士林區,士林區德行西路39號,0,0,1,2,C03,8,5,5,50,14,9,1,5,4,5,13,4,4,9,4,5,1,16,1,18,2,9,3,4,7,9,1,10,1,11,,44,,1,22,,121.5234864,25.1058629
112,10,21,20,15,2,09北投區,北投區大度路3段與中央北路4段口,0,0,1,2,C03,7,5,5,50,4,1,1,5,4,5,13,2,1,3,4,4,2,15,2,69,2,9,3,4,7,9,1,10,2,12,,44,,1,21,,121.4644373,25.1238717
112,10,21,20,15,2,09北投區,北投區大度路3段與中央北路4段口,0,0,1,1,B03,7,5,5,50,4,1,1,5,4,5,13,2,1,3,4,4,2,15,1,48,3,10,3,4,7,9,1,8,2,5,,81,,1,21,,121.4644373,25.1238717
112,10,21,21,1,2,12內湖區,內湖區內湖路1段737巷與內湖路1段737巷50弄口,0,0,1,2,B12,8,5,5,0,4,1,1,5,4,5,13,4,4,5,5,5,2,3,1,43,3,10,7,1,7,9,1,6,2,1,,42,,1,21,,121.5789817,25.08047482
112,10,21,21,1,2,12內湖區,內湖區內湖路1段737巷與內湖路1段737巷50弄口,0,0,1,1,H01,8,5,5,0,4,1,1,5,4,5,13,4,4,5,5,5,2,3,1,79,2,9,4,5,8,16,8,20,10,16,,121,,1,22,,121.5789817,25.08047482
112,10,21,21,29,2,08士林區,士林區承德路4段與承德路4段3巷口,0,0,1,1,C03,7,5,5,30,4,1,1,5,4,5,13,4,4,10,5,5,2,15,2,38,2,3,6,1,7,9,1,10,1,11,,72,,1,22,,121.5221354,25.0787106
112,10,21,21,29,2,08士林區,士林區承德路4段與承德路4段3巷口,0,0,1,2,B03,7,5,5,30,4,1,1,5,4,5,13,4,4,10,5,5,2,15,1,27,3,10,7,1,7,9,1,8,1,2,,14,,1,22,,121.5221354,25.0787106
112,10,21,21,41,2,04大安區,大安區建國南路1段65巷與建國南路1段65巷口,0,0,1,2,C03,8,5,5,30,3,1,1,5,4,5,13,4,4,10,5,5,2,16,2,24,2,9,6,1,7,9,1,10,1,11,,13,,1,21,,121.5377215,25.0437878
112,10,21,21,41,2,04大安區,大安區建國南路1段65巷與建國南路1段65巷口,0,0,1,1,B03,8,5,5,30,3,1,1,5,4,5,13,4,4,10,5,5,2,16,1,33,3,10,7,1,7,6,1,8,1,7,,74,,1,21,,121.5377215,25.0437878
112,10,21,21,51,2,02萬華區,萬華區和平西路3段302巷3弄34號,0,0,1,1,C03,8,5,5,30,14,9,1,5,4,5,13,4,4,10,5,5,2,17,1,18,2,8,6,1,7,9,1,10,9,12,,108,,2,22,,121.4925198,25.0348403
112,10,21,21,51,2,02萬華區,萬華區和平西路3段302巷3弄34號,0,0,1,2,C03,8,5,5,30,14,9,1,5,4,5,13,4,4,10,5,5,2,17,1,42,3,10,2,1,7,13,1,10,9,13,,44,,1,22,,121.4925198,25.0348403
112,10,21,22,16,2,08士林區,士林區中正路與延平北路5段口口,0,0,1,2,C03,8,5,5,50,4,1,1,5,4,5,13,2,1,1,4,5,1,13,2,50,2,9,6,1,7,9,1,10,2,11,,44,,1,21,,121.5092818,25.0865592
112,10,21,22,16,2,08士林區,士林區中正路與延平北路5段口口,0,0,1,1,B03,8,5,5,50,4,1,1,5,4,5,13,2,1,1,4,5,1,13,1,24,3,10,7,1,7,6,6,18,2,6,,9,,1,21,,121.5092818,25.0865592
112,10,21,22,26,2,09北投區,北投區承德路7段280巷與無名巷口,0,0,2,2,C03,8,5,5,30,4,1,1,5,3,5,13,4,4,10,5,5,2,15,1,20,2,9,5,1,7,9,1,10,1,14,,13,,1,21,,121.5064852,25.1165056
112,10,21,22,26,2,09北投區,北投區承德路7段280巷與無名巷口,0,0,2,1,C03,8,5,5,30,4,1,1,5,3,5,13,4,4,10,5,5,2,15,1,25,2,9,5,1,7,9,1,10,1,11,,72,,1,25,,121.5064852,25.1165056
112,10,21,22,56,2,03中山區,中山區新生北路3段與德惠街口北側迴轉道,0,0,1,1,B01,8,5,5,50,3,2,1,5,4,5,13,1,1,1,4,5,2,13,1,60,3,10,7,1,7,6,1,4,1,1,,107,,1,22,,121.5279232,25.06695259
112,10,21,22,56,2,03中山區,中山區新生北路3段與德惠街口北側迴轉道,0,0,1,2,F01,8,5,5,50,3,2,1,5,4,5,13,1,1,1,4,5,2,13,2,54,2,9,4,1,7,5,8,20,1,13,,44,,1,22,,121.5279232,25.06695259
112,10,21,23,40,2,04大安區,大安區市民大道4段100號,0,0,3,1,C03,7,5,5,40,22,9,1,5,4,5,13,4,4,8,3,5,2,12,2,20,2,9,5,4,7,5,1,10,1,15,,8,,1,21,,121.5497878,25.0446696
112,10,21,23,40,2,04大安區,大安區市民大道4段100號,0,0,3,2,C03,7,5,5,40,22,9,1,5,4,5,13,4,4,8,3,5,2,12,1,26,2,9,3,4,7,9,1,10,1,14,,44,,1,21,,121.5497878,25.0446696
112,10,21,23,40,2,04大安區,大安區市民大道4段100號,0,0,3,3,H02,7,5,5,40,22,9,1,5,4,5,13,4,4,8,3,5,2,12,2,28,2,9,5,5,7,20,8,20,10,16,,67,,1,21,,121.5497878,25.0446696
112,10,22,0,30,2,09北投區,北投區大業路與泉源路口,0,0,1,2,B03,8,5,5,50,4,1,1,5,4,5,13,1,1,3,4,3,2,17,1,31,3,10,3,4,7,5,1,8,1,17,,74,,1,21,,121.503635,25.1372731
112,10,22,0,30,2,09北投區,北投區大業路與泉源路口,0,0,1,1,C03,8,5,5,50,4,1,1,5,4,5,13,1,1,3,4,3,2,17,1,18,2,8,3,4,7,9,1,10,1,12,,42,,1,21,,121.503635,25.1372731
112,10,22,0,40,2,04大安區,大安區市民大道4段與敦化南路1段口,0,0,1,1,B03,7,5,5,40,4,1,1,5,4,5,13,4,4,8,4,5,2,17,1,30,3,10,3,4,7,6,1,8,1,6,,9,,1,21,,121.548612,25.0447622
112,10,22,0,40,2,04大安區,大安區市民大道4段與敦化南路1段口,0,0,1,2,C03,7,5,5,40,4,1,1,5,4,5,13,4,4,8,4,5,2,17,1,27,2,9,3,4,7,9,1,10,1,14,,44,,1,21,,121.548612,25.0447622
112,10,22,1,21,2,03中山區,中山區松江路與松江路45巷口,0,0,3,2,C04,8,5,5,50,3,2,1,5,4,5,13,4,4,1,4,5,2,13,1,21,2,9,5,1,7,9,1,10,2,13,,44,,1,22,,121.5331229,25.04788062
112,10,22,1,21,2,03中山區,中山區松江路與松江路45巷口,0,0,3,3,H02,8,5,5,50,3,2,1,5,4,5,13,4,4,1,4,5,2,13,2,21,2,9,5,5,7,17,8,20,10,16,,67,,1,22,,121.5331229,25.04788062
112,10,22,1,21,2,03中山區,中山區松江路與松江路45巷口,0,0,3,1,C03,8,5,5,50,3,2,1,5,4,5,13,4,4,1,4,5,2,13,1,25,2,9,5,1,7,9,1,10,8,11,,21,,2,22,,121.5331229,25.04788062
112,10,22,4,0,2,04大安區,大安區市民大道4段236號,0,0,2,3,H02,8,5,5,50,14,9,1,5,4,5,13,1,1,5,4,5,2,16,1,23,2,9,5,5,7,21,8,20,10,16,,67,,1,21,,121.5566674,25.0446017
112,10,22,4,0,2,04大安區,大安區市民大道4段236號,0,0,2,1,B03,8,5,5,50,14,9,1,5,4,5,13,1,1,5,4,5,2,16,1,29,3,10,7,1,7,9,1,8,2,1,,44,,1,21,,121.5566674,25.0446017
112,10,22,4,0,2,04大安區,大安區市民大道4段236號,0,0,2,2,C03,8,5,5,50,14,9,1,5,4,5,13,1,1,5,4,5,2,16,1,26,2,9,5,1,7,9,1,10,2,14,,42,,1,21,,121.5566674,25.0446017
112,10,22,5,46,2,03中山區,中山區中山北路2段與民生西路口,0,0,1,1,B01,8,5,5,50,4,19,1,5,4,5,13,2,1,1,4,5,2,1,1,55,3,10,3,4,7,6,1,4,2,1,,70,,1,21,,121.5226107,25.0579315
112,10,22,5,46,2,03中山區,中山區中山北路2段與民生西路口,0,0,1,2,H01,8,5,5,50,4,19,1,5,4,5,13,2,1,1,4,5,2,1,2,68,2,9,4,5,8,16,8,20,10,16,,121,,1,21,,121.5226107,25.0579315
112,10,22,7,51,2,02萬華區,萬華區青年路152巷與青年路168巷51弄口,0,0,1,1,F01,7,7,5,30,3,1,1,5,4,5,13,4,4,8,3,5,2,16,2,76,2,9,4,1,7,6,8,20,2,11,,72,,1,21,,121.5005472,25.02062352
112,10,22,7,51,2,02萬華區,萬華區青年路152巷與青年路168巷51弄口,0,0,1,2,C03,7,7,5,30,3,1,1,5,4,5,13,4,4,8,3,5,2,16,1,59,3,10,5,1,7,9,1,10,2,11,,107,,1,21,,121.5005472,25.02062352
112,10,22,8,50,2,09北投區,北投區文林北路與自強街5巷口,0,0,1,1,C03,8,6,5,50,3,2,1,5,4,5,13,4,4,1,4,4,2,13,1,21,2,9,5,1,7,9,1,8,1,11,,108,,1,21,,121.5119357,25.11022155
112,10,22,8,50,2,09北投區,北投區文林北路與自強街5巷口,0,0,1,2,A12,8,6,5,50,3,2,1,5,4,5,13,4,4,1,4,4,2,13,1,60,3,10,2,1,7,9,1,2,1,3,,44,,1,21,,121.5119357,25.11022155
112,10,22,9,0,2,03中山區,中山區新生北路3段與德惠街口北側迴轉道,0,0,1,2,C03,7,7,5,50,14,9,1,5,4,5,13,1,1,10,4,5,2,17,1,29,2,9,6,1,7,9,1,10,2,12,,44,,1,21,,121.5274956,25.0671151
112,10,22,9,0,2,03中山區,中山區新生北路3段與德惠街口北側迴轉道,0,0,1,1,B02,7,7,5,50,14,9,1,5,4,5,13,1,1,10,4,5,2,17,1,64,3,10,7,1,7,9,1,8,2,1,,81,,1,21,,121.5274956,25.0671151
112,10,22,9,0,2,03中山區,中山區民生東路1段13號,0,0,1,2,C03,7,5,5,50,14,9,1,5,4,5,13,1,1,4,4,5,1,16,2,27,2,8,6,1,7,9,1,10,1,14,,44,,1,21,,121.5238539,25.0581144
112,10,22,9,0,2,03中山區,中山區民生東路1段13號,0,0,1,1,B12,7,5,5,50,14,9,1,5,4,5,13,1,1,4,4,5,1,16,1,36,3,10,7,1,7,6,1,8,1,2,,9,,1,21,,121.5238539,25.0581144
112,10,22,9,40,2,03中山區,中山區長春路與合江街口,0,0,1,2,C02,7,5,5,50,4,1,1,5,4,5,13,1,1,4,3,5,1,16,1,24,2,8,6,1,7,9,3,18,1,11,,44,,1,21,,121.5390914,25.0546566
112,10,22,9,40,2,03中山區,中山區長春路與合江街口,0,0,1,1,B03,7,5,5,50,4,1,1,5,4,5,13,1,1,4,3,5,1,16,2,35,3,10,7,1,7,5,1,8,1,5,,74,,1,21,,121.5390914,25.0546566