發生年度,發生月,發生日,發生時-Hours,發生分,處理別-編號,區序,肇事地點,死亡人數,2-30日死亡人數,受傷人數,當事人序號,車種,天候,光線,道路類別,速限-速度限制,道路型態,事故位置,路面狀況1,路面狀況2,路面狀況3,道路障礙1,道路障礙2,號誌1,號誌2,車道劃分-分向,車道劃分-分道1,車道劃分-分道2,車道劃分-分道3,事故類型及型態,性別,年齡,受傷程度,主要傷處,保護裝置,行動電話,車輛用途,當事者行動狀態,駕駛資格情形,駕駛執照種類,飲酒情形,車輛撞擊部位1,車輛撞擊部位2,肇因碼-個別,肇因碼-主要,個人肇逃否,職業,旅次目的,座標-X,座標-Y
112,10,23,14,25,2,04大安區,大安區敦化南路1段與敦化南路1段190巷口,0,0,2,1,B01,8,5,5,50,14,10,1,5,4,5,13,1,1,1,1,5,1,17,1,45,3,10,7,1,7,10,1,4,9,17,,100,,2,21,,121.5488368,25.0436865
112,10,23,14,25,2,04大安區,大安區敦化南路1段與敦化南路1段190巷口,0,0,2,2,A04,8,5,5,50,14,10,1,5,4,5,13,1,1,1,1,5,1,17,1,53,3,10,7,1,7,9,1,2,9,17,,44,,1,21,,121.5488368,25.0436865
112,10,23,14,25,2,04大安區,大安區敦化南路1段與敦化南路1段190巷口,0,0,2,3,H02,8,5,5,50,14,10,1,5,4,5,13,1,1,1,1,5,1,17,2,23,2,9,4,5,7,20,8,20,10,16,,67,,1,21,,121.5488368,25.0436865
112,10,23,14,35,2,01大同區,大同區鄭州路與延平北路1段口,0,0,1,1,C03,8,7,5,40,4,1,1,5,4,5,13,2,1,9,4,5,2,13,1,47,2,9,5,1,7,9,1,10,1,11,,108,,1,21,,121.5120892,25.0499759
112,10,23,14,35,2,01大同區,大同區鄭州路與延平北路1段口,0,0,1,2,B01,8,7,5,40,4,1,1,5,4,5,13,2,1,9,4,5,2,13,1,60,3,10,7,1,7,6,1,4,1,3,,44,,1,21,,121.5120892,25.0499759
112,10,23,14,43,2,10文山區,文山區羅斯福路6段與景文街口口附近,0,0,2,1,C03,8,6,5,50,4,2,1,5,4,5,13,2,1,5,4,4,2,12,1,67,2,9,5,1,7,7,1,10,1,14,,101,,1,21,,121.5412427,24.9945064
112,10,23,14,43,2,10文山區,文山區羅斯福路6段與景文街口口附近,0,0,2,2,C03,8,6,5,50,4,2,1,5,4,5,13,2,1,5,4,4,2,12,1,58,2,9,5,1,7,9,1,10,1,12,,44,,1,21,,121.5412427,24.9945064
112,10,23,14,55,2,03中山區,中山區長春路258巷與長春路258巷10弄口,0,0,1,2,B02,8,6,5,50,4,1,1,5,4,5,13,4,4,10,5,5,2,16,1,42,3,10,3,4,7,6,1,4,1,5,,107,,1,22,,121.5390431,25.05390763
112,10,23,14,55,2,03中山區,中山區長春路258巷與長春路258巷10弄口,0,0,1,1,C03,8,6,5,50,4,1,1,5,4,5,13,4,4,10,5,5,2,16,2,57,2,9,5,1,7,9,1,10,1,14,,72,,1,21,,121.5390431,25.05390763
112,10,23,14,55,2,09北投區,北投區大業路527巷東往西,0,0,1,1,C03,8,5,5,40,14,9,1,5,4,5,13,4,4,5,2,5,2,12,1,23,3,10,5,1,7,4,1,10,1,14,,108,,1,21,,121.4957756,25.1349567
112,10,23,14,55,2,09北投區,北投區大業路527巷東往西,0,0,1,2,C03,8,5,5,40,14,9,1,5,4,5,13,4,4,5,2,5,2,12,1,80,2,9,5,1,7,9,1,10,1,12,,44,,1,21,,121.4957756,25.1349567
112,10,23,14,59,2,08士林區,士林區志成街22巷與志成街口,0,0,2,2,C04,8,6,5,30,4,2,1,5,4,5,13,4,4,10,5,5,1,15,1,72,2,9,3,4,7,9,1,10,2,14,,14,,1,22,,121.5301267,25.0968373
112,10,23,14,59,2,08士林區,士林區志成街22巷與志成街口,0,0,2,1,C03,8,6,5,30,4,2,1,5,4,5,13,4,4,10,5,5,1,15,2,18,2,9,3,4,7,9,1,10,2,11,,72,,1,22,,121.5301267,25.0968373
112,10,23,15,0,2,04大安區,大安區敦化南路1段370號,0,0,1,2,H02,8,6,5,50,14,9,1,5,4,5,13,4,4,1,4,5,1,9,2,37,2,7,4,5,7,20,8,20,10,16,,67,,1,21,,121.5485484,25.0337717
112,10,23,15,0,2,04大安區,大安區敦化南路1段370號,0,0,1,1,A04,8,6,5,50,14,9,1,5,4,5,13,4,4,1,4,5,1,9,1,45,3,10,7,1,7,9,1,2,1,17,,118,,1,21,,121.5485484,25.0337717
112,10,23,15,0,2,08士林區,士林區延平北路6段511巷(延平幹52L2B6252AA59號電桿前),0,0,1,1,B02,8,6,5,40,14,9,1,5,4,5,13,4,4,10,5,5,2,13,1,56,2,9,7,1,7,9,1,8,2,8,,107,,1,21,,121.5007837,25.09038277
112,10,23,15,0,2,08士林區,士林區延平北路6段511巷(延平幹52L2B6252AA59號電桿前),0,0,1,2,A12,8,6,5,40,14,9,1,5,4,5,13,4,4,10,5,5,2,13,1,35,3,10,3,4,7,14,1,6,2,6,,38,,1,21,,121.5007837,25.09038277
112,10,23,15,15,2,10文山區,文山區興隆路2段96巷與興隆路2段96巷2弄口,0,0,1,1,C03,8,6,5,30,3,1,1,5,4,5,13,4,4,10,5,5,2,17,4,0,,,,,,,,,,,,119,,2,,,121.5500871,25.0004127
112,10,23,15,15,2,10文山區,文山區興隆路2段96巷與興隆路2段96巷2弄口,0,0,1,2,F01,8,6,5,30,3,1,1,5,4,5,13,4,4,10,5,5,2,17,2,59,2,9,4,1,7,9,8,20,11,11,,44,,1,21,,121.5500871,25.0004127
112,10,23,15,20,2,04大安區,大安區基隆路3段155巷與基隆路4段41巷68弄口口,0,0,1,2,C03,8,7,5,50,3,1,1,5,4,5,13,4,4,5,5,5,1,17,1,20,2,9,6,1,7,9,1,10,1,14,,44,,1,25,,121.5439289,25.0139501
112,10,23,15,20,2,04大安區,大安區基隆路3段155巷與基隆路4段41巷68弄口口,0,0,1,1,A05,8,7,5,50,3,1,1,5,4,5,13,4,4,5,5,5,1,17,1,66,3,10,7,1,7,6,1,2,1,5,,9,,1,21,,121.5439289,25.0139501
112,10,23,15,23,2,02萬華區,萬華區環河南路2段與桂林路口,0,0,1,1,C03,8,6,5,50,4,1,1,5,4,5,13,2,1,3,4,2,2,17,2,25,3,10,6,4,7,15,1,10,11,15,,101,,2,22,,121.4976726,25.039
112,10,23,15,23,2,02萬華區,萬華區環河南路2段與桂林路口,0,0,1,2,C03,8,6,5,50,4,1,1,5,4,5,13,2,1,3,4,2,2,17,2,23,2,9,6,4,7,9,1,10,1,17,,42,,1,22,,121.4976726,25.039
112,10,23,15,36,2,12內湖區,內湖區潭美街與安康路106巷口,0,0,1,1,B03,7,7,5,40,4,1,1,5,4,5,13,1,1,5,5,5,2,16,1,64,3,10,7,1,7,11,1,8,1,8,,10,,1,21,,121.5993272,25.0606406
112,10,23,15,36,2,12內湖區,內湖區潭美街與安康路106巷口,0,0,1,2,C03,7,7,5,40,4,1,1,5,4,5,13,1,1,5,5,5,2,16,2,22,2,9,5,1,7,9,1,10,1,14,,44,,1,21,,121.5993272,25.0606406
112,10,23,15,50,2,12內湖區,內湖區行善路417巷與行善路口,0,0,2,1,C03,7,6,5,50,4,2,1,5,4,5,13,4,4,1,4,4,2,12,1,52,2,9,6,1,7,7,1,10,2,12,,100,,1,21,,121.5857509,25.06481357
112,10,23,15,50,2,12內湖區,內湖區行善路417巷與行善路口,0,0,2,2,C03,7,6,5,50,4,2,1,5,4,5,13,4,4,1,4,4,2,12,1,19,2,9,6,1,7,9,1,10,2,14,,44,,1,21,,121.5857509,25.06481357
112,10,23,16,0,2,01大同區,大同區西寧北路116號,0,0,1,1,B03,8,7,5,50,14,9,1,5,4,5,13,4,4,9,4,5,2,16,1,26,3,10,7,1,7,11,1,8,1,4,,10,,1,21,,121.5089853,25.0562387
112,10,23,16,0,2,01大同區,大同區西寧北路116號,0,0,1,2,C03,8,7,5,50,14,9,1,5,4,5,13,4,4,9,4,5,2,16,2,31,2,9,5,1,7,9,1,10,1,11,,44,,1,21,,121.5089853,25.0562387
112,10,23,16,14,2,11南港區,南港區三重路與經貿二路口,0,0,1,2,C03,7,7,5,50,4,2,1,5,4,5,13,2,1,3,4,5,2,12,1,48,2,7,3,4,7,9,1,10,2,14,,44,,1,21,,121.6141998,25.0605711
112,10,23,16,14,2,11南港區,南港區三重路與經貿二路口,0,0,1,1,C03,7,7,5,50,4,2,1,5,4,5,13,2,1,3,4,5,2,12,1,42,3,10,3,4,7,7,1,10,2,13,,100,,1,21,,121.6141998,25.0605711
112,10,23,16,35,2,03中山區,中山區市民大道3段與建國南路1段口,0,0,3,3,C03,8,6,5,40,4,1,1,5,4,5,13,1,1,1,4,4,2,13,1,28,2,9,6,1,7,9,1,10,1,11,,16,,1,22,,121.5364102,25.04486982
112,10,23,16,35,2,03中山區,中山區市民大道3段與建國南路1段口,0,0,3,1,C03,8,6,5,40,4,1,1,5,4,5,13,1,1,1,4,4,2,13,1,72,2,9,6,1,7,9,1,10,1,11,,16,,1,22,,121.5364102,25.04486982
112,10,23,16,35,2,03中山區,中山區市民大道3段與建國南路1段口,0,0,3,2,C03,8,6,5,40,4,1,1,5,4,5,13,1,1,1,4,4,2,13,2,31,2,9,6,1,7,14,1,10,1,13,,44,,1,22,,121.5364102,25.04486982
112,10,23,16,50,2,07信義區,信義區松高路市議會後門,0,0,1,2,B01,8,5,5,50,14,9,1,5,4,5,13,4,4,9,4,5,2,13,1,57,3,10,7,1,7,9,1,3,1,3,,44,,1,22,,121.562119,25.0392422
112,10,23,16,50,2,07信義區,信義區松高路市議會後門,0,0,1,4,B01,8,5,5,50,14,9,1,5,4,5,13,4,4,9,4,5,2,13,1,56,2,6,7,1,7,9,1,2,1,3,,44,,1,22,,121.562119,25.0392422
112,10,23,16,50,2,07信義區,信義區松高路市議會後門,0,0,1,3,B01,8,5,5,50,14,9,1,5,4,5,13,4,4,9,4,5,2,13,1,55,3,10,7,1,7,9,1,2,1,3,,44,,1,22,,121.562119,25.0392422
112,10,23,16,50,2,07信義區,信義區松高路市議會後門,0,0,1,1,B03,8,5,5,50,14,9,1,5,4,5,13,4,4,9,4,5,2,13,1,60,3,10,7,1,7,9,1,8,1,1,,16,,1,22,,121.562119,25.0392422
112,10,23,16,57,2,07信義區,信義區松壽路1號,0,0,1,2,C03,8,7,5,50,10,9,1,5,4,5,13,4,4,10,5,5,2,17,1,37,2,9,5,1,7,9,1,10,1,14,,44,,1,21,,121.5629798,25.0359879
112,10,23,16,57,2,07信義區,信義區松壽路1號,0,0,1,1,B03,8,7,5,50,10,9,1,5,4,5,13,4,4,10,5,5,2,17,2,44,3,10,7,1,7,7,1,8,1,1,,100,,1,21,,121.5629798,25.0359879
112,10,23,17,6,2,08士林區,士林區中山北路5段570號,0,0,1,1,B03,8,6,5,50,14,9,1,5,4,5,13,4,4,3,4,5,1,17,1,86,3,10,7,1,7,14,1,8,2,7,,38,,1,21,,121.5282293,25.09516985
112,10,23,17,6,2,08士林區,士林區中山北路5段570號,0,0,1,2,C03,8,6,5,50,14,9,1,5,4,5,13,4,4,3,4,5,1,17,1,18,2,9,5,1,7,9,1,10,2,11,,107,,1,21,,121.5282293,25.09516985
112,10,23,17,13,2,10文山區,文山區木柵路5段43巷(0706829燈桿)前,0,0,2,1,C03,8,5,5,30,14,9,1,5,4,5,13,4,4,9,4,5,2,16,1,62,2,9,3,4,7,7,1,10,2,11,,100,,1,22,,121.5888006,25.01037058
112,10,23,17,13,2,10文山區,文山區木柵路5段43巷(0706829燈桿)前,0,0,2,2,C03,8,5,5,30,14,9,1,5,4,5,13,4,4,9,4,5,2,16,2,22,2,9,3,4,7,9,1,10,2,11,,13,,1,21,,121.5888006,25.01037058
112,10,23,17,30,2,10文山區,文山區木柵路4段44號,0,0,2,1,B03,8,5,5,50,14,9,1,5,4,5,13,2,1,5,4,5,2,12,1,24,3,10,7,1,7,7,1,8,2,8,,100,,1,22,,121.5738367,24.9973853
112,10,23,17,30,2,10文山區,文山區木柵路4段44號,0,0,2,2,C03,8,5,5,50,14,9,1,5,4,5,13,2,1,5,4,5,2,12,1,25,2,9,6,1,7,9,1,10,2,12,,44,,1,22,,121.5738367,24.9973853
112,10,23,17,30,2,10文山區,文山區木柵路4段44號,0,0,2,3,H02,8,5,5,50,14,9,1,5,4,5,13,2,1,5,4,5,2,12,2,23,2,9,5,5,7,21,8,20,10,16,,67,,1,22,,121.5738367,24.9973853
112,10,23,17,31,2,03中山區,中山區錦州街24號,0,0,1,2,C03,8,5,5,50,14,9,1,5,4,5,13,4,4,4,5,5,1,17,1,25,2,9,3,4,7,9,1,10,1,14,,14,,1,21,,121.524231,25.06033312
112,10,23,17,31,2,03中山區,中山區錦州街24號,0,0,1,1,C03,8,5,5,50,14,9,1,5,4,5,13,4,4,4,5,5,1,17,2,29,3,10,3,4,7,11,1,10,1,15,,10,,1,21,,121.524231,25.06033312
112,10,23,17,40,2,12內湖區,內湖區瑞光路316巷與瑞光路口,0,0,1,1,C03,8,5,5,50,3,1,1,5,4,5,13,1,1,10,5,5,2,13,1,31,2,3,6,1,7,9,1,10,2,11,,16,,1,21,,121.5734016,25.0757267
112,10,23,17,40,2,12內湖區,內湖區瑞光路316巷與瑞光路口,0,0,1,2,C03,8,5,5,50,3,1,1,5,4,5,13,1,1,10,5,5,2,13,1,52,3,10,6,1,7,12,1,10,2,13,,37,,1,21,,121.5734016,25.0757267
112,10,23,17,41,2,01大同區,大同區鄭州路與西寧北路口,0,0,1,1,C03,8,5,6,40,14,9,1,5,4,5,13,2,1,9,5,5,1,16,1,70,2,9,3,4,7,5,1,10,1,14,,8,,1,21,,121.5082967,25.0505705
112,10,23,17,41,2,01大同區,大同區鄭州路與西寧北路口,0,0,1,2,B02,8,5,6,40,14,9,1,5,4,5,13,2,1,9,5,5,1,16,1,56,3,10,3,4,7,9,1,8,1,5,,99,,1,21,,121.5082967,25.0505705
112,10,23,17,45,2,04大安區,大安區辛亥路3段與芳蘭路口,0,0,2,4,H02,8,5,5,50,14,9,1,5,4,5,13,4,4,1,4,5,2,12,2,54,2,2,7,5,7,20,8,20,10,16,,67,,1,21,,121.5485015,25.0172302
112,10,23,17,45,2,04大安區,大安區辛亥路3段與芳蘭路口,0,0,2,1,E05,8,5,5,50,14,9,1,5,4,5,13,4,4,1,4,5,2,12,1,53,3,10,7,1,7,7,1,3,1,1,,107,,1,21,,121.5485015,25.0172302
112,10,23,17,45,2,04大安區,大安區辛亥路3段與芳蘭路口,0,0,2,3,B03,8,5,5,50,14,9,1,5,4,5,13,4,4,1,4,5,2,12,1,59,3,10,7,1,7,7,1,8,1,6,,44,,1,21,,121.5485015,25.0172302
112,10,23,17,45,2,04大安區,大安區辛亥路3段與芳蘭路口,0,0,2,2,B03,8,5,5,50,14,9,1,5,4,5,13,4,4,1,4,5,2,12,1,57,2,1,7,1,7,12,1,8,1,3,,44,,1,21,,121.5485015,25.0172302
112,10,23,18,11,2,01大同區,大同區鄭州路與環河北路1段口,0,0,1,2,B03,7,5,5,40,5,2,1,5,4,5,13,2,1,1,5,5,2,13,1,44,3,10,7,1,7,12,1,8,1,7,,44,,1,22,,121.5070391,25.0507293
112,10,23,18,11,2,01大同區,大同區鄭州路與環河北路1段口,0,0,1,1,C03,7,5,5,40,5,2,1,5,4,5,13,2,1,1,5,5,2,13,2,32,2,7,6,1,7,9,1,10,1,11,,16,,1,22,,121.5070391,25.0507293
112,10,23,18,15,2,05中正區,中正區臨沂街與忠孝東路2段口,0,0,1,1,B01,8,5,5,50,4,1,1,5,4,5,13,2,1,1,4,5,2,17,1,67,3,10,7,1,7,9,1,8,1,8,,108,,1,22,,121.5307647,25.0429555
112,10,23,18,15,2,05中正區,中正區臨沂街與忠孝東路2段口,0,0,1,2,C03,8,5,5,50,4,1,1,5,4,5,13,2,1,1,4,5,2,17,1,23,2,8,5,1,7,5,1,10,1,13,,44,,1,22,,121.5307647,25.0429555
112,10,23,18,23,2,12內湖區,內湖區民權東路6段與民權東路6段15巷口,0,0,1,1,B03,8,5,5,50,3,1,1,5,4,5,13,4,4,1,4,4,2,16,1,50,3,10,7,1,7,6,1,8,1,8,,72,,1,21,,121.5803986,25.0674784
112,10,23,18,23,2,12內湖區,內湖區民權東路6段與民權東路6段15巷口,0,0,1,2,C03,8,5,5,50,3,1,1,5,4,5,13,4,4,1,4,4,2,16,1,29,2,8,6,1,7,9,1,10,1,12,,44,,1,21,,121.5803986,25.0674784
112,10,23,18,35,2,08士林區,士林區天母東路50巷與天母東路口,0,0,3,1,B03,8,6,8,30,3,2,1,5,4,5,13,4,4,1,5,5,1,17,1,57,3,10,7,1,7,5,1,8,2,8,,72,,1,21,,121.5334636,25.1180151
112,10,23,18,35,2,08士林區,士林區天母東路50巷與天母東路口,0,0,3,2,C03,8,6,8,30,3,2,1,5,4,5,13,4,4,1,5,5,1,17,2,44,2,1,5,1,7,9,1,10,2,12,,44,,1,21,,121.5334636,25.1180151
112,10,23,18,35,2,08士林區,士林區天母東路50巷與天母東路口,0,0,3,3,H02,8,6,8,30,3,2,1,5,4,5,13,4,4,1,5,5,1,17,1,9,2,7,5,5,7,20,8,20,10,16,,67,,1,22,,121.5334636,25.1180151
112,10,23,18,35,2,08士林區,士林區天母東路50巷與天母東路口,0,0,3,4,H02,8,6,8,30,3,2,1,5,4,5,13,4,4,1,5,5,1,17,2,9,2,9,5,5,7,20,8,20,10,16,,67,,1,22,,121.5334636,25.1180151
112,10,23,18,38,2,10文山區,文山區辛亥路4段138號,0,0,2,1,C03,8,5,5,50,14,9,1,5,4,5,13,4,4,1,4,5,2,12,1,24,2,9,5,1,7,7,1,10,1,14,,100,,1,21,,121.556748,25.00439565
112,10,23,18,38,2,10文山區,文山區辛亥路4段138號,0,0,2,2,B03,8,5,5,50,14,9,1,5,4,5,13,4,4,1,4,5,2,12,1,48,3,10,7,1,7,9,1,8,1,2,,17,,1,21,,121.556748,25.00439565
112,10,23,18,38,2,10文山區,文山區辛亥路4段138號,0,0,2,3,C03,8,5,5,50,14,9,1,5,4,5,13,4,4,1,4,5,2,12,1,64,2,9,5,1,7,9,1,10,1,14,,44,,1,21,,121.556748,25.00439565
112,10,23,18,40,2,08士林區,士林區中山北路5段465號,0,0,2,2,C03,7,5,5,40,14,9,1,5,4,5,13,4,4,1,4,5,2,17,1,20,2,7,5,1,7,9,1,10,2,11,,108,,1,21,,121.5277002,25.09253414
112,10,23,18,40,2,08士林區,士林區中山北路5段465號,0,0,2,3,C03,7,5,5,40,14,9,1,5,4,5,13,4,4,1,4,5,2,17,2,41,2,9,5,1,7,9,1,10,2,15,,44,,1,21,,121.5277002,25.09253414
112,10,23,18,40,2,08士林區,士林區中山北路5段465號,0,0,2,1,C03,7,5,5,40,14,9,1,5,4,5,13,4,4,1,4,5,2,17,2,42,3,10,5,1,7,6,1,10,2,13,,44,,1,21,,121.5277002,25.09253414
112,10,23,18,50,2,02萬華區,萬華區桂林路與康定路口,0,0,1,1,C03,8,5,8,50,4,2,1,5,4,5,13,1,1,10,5,5,2,17,1,70,3,10,3,4,7,5,3,18,2,12,,74,,1,21,,121.5017199,25.03842186
112,10,23,18,50,2,02萬華區,萬華區桂林路與康定路口,0,0,1,2,C03,8,5,8,50,4,2,1,5,4,5,13,1,1,10,5,5,2,17,2,32,2,9,3,4,7,9,1,10,2,11,,13,,1,21,,121.5017199,25.03842186
112,10,23,18,55,2,05中正區,中正區中華路1段與貴陽街1段口口,0,0,1,3,C03,8,5,5,50,4,1,1,5,4,5,13,2,1,9,4,1,1,16,1,19,3,10,5,1,7,9,1,10,2,11,,108,,1,21,,121.5076336,25.0391891
112,10,23,18,55,2,05中正區,中正區中華路1段與貴陽街1段口口,0,0,1,2,C03,8,5,5,50,4,1,1,5,4,5,13,2,1,9,4,1,1,16,1,54,2,9,5,1,7,9,1,10,2,11,,44,,1,21,,121.5076336,25.0391891
112,10,23,18,55,2,05中正區,中正區中華路1段與貴陽街1段口口,0,0,1,1,B03,8,5,5,50,4,1,1,5,4,5,13,2,1,9,4,1,1,16,1,44,3,10,2,1,7,5,1,8,2,5,,85,,1,21,,121.5076336,25.0391891
112,10,23,19,47,2,02萬華區,萬華區西寧南路與開封街2段口,0,0,3,1,C03,8,5,5,50,4,1,1,5,4,5,13,1,1,8,3,5,1,17,2,36,2,8,5,1,7,15,1,10,1,11,,100,,1,21,,121.5070613,25.0465658
112,10,23,19,47,2,02萬華區,萬華區西寧南路與開封街2段口,0,0,3,2,C03,8,5,5,50,4,1,1,5,4,5,13,1,1,8,3,5,1,17,2,22,2,8,5,1,7,9,1,10,1,12,13,44,,1,21,,121.5070613,25.0465658
112,10,23,19,47,2,02萬華區,萬華區西寧南路與開封街2段口,0,0,3,3,C03,8,5,5,50,4,1,1,5,4,5,13,1,1,8,3,5,1,17,2,27,2,7,5,1,7,9,1,10,1,11,,16,,1,21,,121.5070613,25.0465658
112,10,23,19,47,2,02萬華區,萬華區西寧南路與開封街2段口,0,0,3,4,H02,8,5,5,50,4,1,1,5,4,5,13,1,1,8,3,5,1,17,2,21,3,10,5,5,7,21,8,20,10,16,,67,,1,21,,121.5070613,25.0465658
112,10,23,19,57,2,03中山區,中山區中山北路2段與民權東路1段口,0,0,2,4,B01,8,5,5,50,4,2,1,5,4,5,13,2,1,1,4,5,2,13,4,0,,,,,,,,,,,,119,,2,,,121.522695,25.0628567
112,10,23,19,57,2,03中山區,中山區中山北路2段與民權東路1段口,0,0,2,1,B01,8,5,5,50,4,2,1,5,4,5,13,2,1,1,4,5,2,13,1,42,3,10,7,1,7,9,1,8,1,1,,16,,1,21,,121.522695,25.0628567
112,10,23,19,57,2,03中山區,中山區中山北路2段與民權東路1段口,0,0,2,3,H02,8,5,5,50,4,2,1,5,4,5,13,2,1,1,4,5,2,13,2,27,2,9,6,5,7,20,8,20,10,16,,67,,1,21,,121.522695,25.0628567
112,10,23,19,57,2,03中山區,中山區中山北路2段與民權東路1段口,0,0,2,2,C03,8,5,5,50,4,2,1,5,4,5,13,2,1,1,4,5,2,13,2,24,2,9,6,1,7,12,1,10,1,13,,44,,1,21,,121.522695,25.0628567
112,10,23,19,59,2,03中山區,中山區中山北路3段與新生高架道口,0,0,1,1,C03,8,5,5,50,4,1,1,5,4,5,13,1,1,7,2,5,2,17,1,65,2,9,5,1,7,9,1,15,1,11,,81,,1,21,,121.525124,25.0768309
112,10,23,19,59,2,03中山區,中山區中山北路3段與新生高架道口,0,0,1,2,B03,8,5,5,50,4,1,1,5,4,5,13,1,1,7,2,5,2,17,1,40,3,10,7,1,7,9,1,8,1,2,,44,,1,29,,121.525124,25.0768309
112,10,23,20,1,2,12內湖區,內湖區民權大橋,0,0,1,1,B03,8,5,5,30,8,7,1,5,4,5,13,4,4,1,4,4,1,12,1,38,3,10,7,1,7,8,1,8,2,2,,108,,1,21,,121.5702311,25.06442988
112,10,23,20,1,2,12內湖區,內湖區民權大橋,0,0,1,2,C03,8,5,5,30,8,7,1,5,4,5,13,4,4,1,4,4,1,12,1,33,2,7,5,1,7,10,1,9,2,14,,13,,1,21,,121.5702311,25.06442988
112,10,23,20,5,2,04大安區,大安區忠孝東路4段216巷68號,0,0,1,1,C03,8,5,5,30,14,9,1,5,4,5,13,1,1,5,4,5,2,13,1,34,2,9,6,1,7,9,1,10,1,11,,107,,1,21,,121.5529153,25.0386439
112,10,23,20,5,2,04大安區,大安區忠孝東路4段216巷68號,0,0,1,2,B03,8,5,5,30,14,9,1,5,4,5,13,1,1,5,4,5,2,13,1,47,3,10,7,1,7,14,1,8,1,3,,44,,1,21,,121.5529153,25.0386439
112,10,23,20,14,2,04大安區,大安區仁愛路4段91巷與仁愛路4段71巷口,0,0,1,2,C03,8,5,5,30,4,1,1,5,4,5,13,4,4,10,5,5,1,15,1,20,2,7,5,1,7,10,1,10,2,14,,13,,1,21,,121.5471102,25.038587
112,10,23,20,14,2,04大安區,大安區仁愛路4段91巷與仁愛路4段71巷口,0,0,1,1,B03,8,5,5,30,4,1,1,5,4,5,13,4,4,10,5,5,1,15,1,48,3,10,3,4,7,9,1,8,2,5,,72,,1,21,,121.5471102,25.038587
112,10,23,20,35,2,05中正區,中正區汀州路3段與思源街口,0,0,1,2,C03,8,5,5,50,3,1,1,5,4,5,13,2,1,5,4,5,2,16,1,60,2,7,5,1,7,5,1,10,1,11,,44,,1,21,,121.5321599,25.0151068
112,10,23,20,35,2,05中正區,中正區汀州路3段與思源街口,0,0,1,1,C03,8,5,5,50,3,1,1,5,4,5,13,2,1,5,4,5,2,16,1,40,4,11,3,4,7,21,6,10,11,12,,4,,2,22,,121.5321599,25.0151068
112,10,23,21,2,2,02萬華區,萬華區堤外便道與無名巷口華中橋下,0,0,2,1,C03,8,5,8,50,4,2,1,5,4,5,13,1,1,10,5,5,2,17,1,22,2,9,3,4,7,6,1,10,1,12,,74,,1,21,,121.4955979,25.01616191
112,10,23,21,2,2,02萬華區,萬華區堤外便道與無名巷口華中橋下,0,0,2,2,C03,8,5,8,50,4,2,1,5,4,5,13,1,1,10,5,5,2,17,1,20,2,9,3,4,7,9,1,9,1,11,,44,,1,21,,121.4955979,25.01616191
112,10,23,21,45,2,04大安區,大安區忠孝東路4段305號,0,0,2,1,C03,8,5,5,50,14,9,1,5,4,5,13,4,4,5,4,5,2,13,2,27,2,9,5,1,7,6,1,10,2,13,,44,,1,21,,121.5555349,25.0415008
112,10,23,21,45,2,04大安區,大安區忠孝東路4段305號,0,0,2,2,C03,8,5,5,50,14,9,1,5,4,5,13,4,4,5,4,5,2,13,1,25,2,9,6,1,7,9,1,10,2,11,,14,,1,21,,121.5555349,25.0415008
112,10,24,0,32,2,10文山區,文山區秀明路1段與久康街135巷口,0,0,1,1,B03,8,5,5,50,14,7,2,5,4,5,13,1,1,1,4,4,2,13,2,44,3,10,3,4,7,9,1,8,2,1,,107,,1,21,,121.5664804,24.99057589
112,10,24,0,32,2,10文山區,文山區秀明路1段與久康街135巷口,0,0,1,2,C03,8,5,5,50,14,7,2,5,4,5,13,1,1,1,4,4,2,13,1,25,2,9,5,4,7,14,1,10,2,13,,44,,1,21,,121.5664804,24.99057589
112,10,24,0,45,2,08士林區,士林區仰德大道2段148巷與仰德大道2段口,0,0,1,2,,7,5,5,40,3,2,1,5,3,1,13,4,4,6,5,5,1,29,3,36,,,,,,,,,,,,67,,1,,,121.5478005,25.1099224
112,10,24,0,45,2,08士林區,士林區仰德大道2段148巷與仰德大道2段口,0,0,1,1,C03,7,5,5,40,3,2,1,5,3,1,13,4,4,6,5,5,1,29,1,20,2,9,5,1,7,8,1,9,1,11,,107,,1,21,,121.5478005,25.1099224
112,10,24,1,0,2,11南港區,南港區市民大道7段與玉成街口口,0,0,1,1,B02,8,5,5,50,4,1,1,5,4,5,13,1,1,1,3,5,2,15,1,48,3,10,7,1,7,9,1,8,2,5,,81,,1,21,,121.581633,25.04948466
112,10,24,1,0,2,11南港區,南港區市民大道7段與玉成街口口,0,0,1,2,C03,8,5,5,50,4,1,1,5,4,5,13,1,1,1,3,5,2,15,2,41,2,7,5,1,7,9,1,10,2,12,,44,,1,21,,121.581633,25.04948466
112,10,24,1,46,2,02萬華區,萬華區康定路與廣州街口,0,1,1,1,C03,8,5,5,50,4,1,1,5,4,5,13,2,1,5,4,5,2,3,1,24,2,7,5,1,7,9,1,10,2,15,,108,,1,21,,121.501482,25.0366245