發生年度,發生月,發生日,發生時-Hours,發生分,處理別-編號,區序,肇事地點,死亡人數,2-30日死亡人數,受傷人數,當事人序號,車種,天候,光線,道路類別,速限-速度限制,道路型態,事故位置,路面狀況1,路面狀況2,路面狀況3,道路障礙1,道路障礙2,號誌1,號誌2,車道劃分-分向,車道劃分-分道1,車道劃分-分道2,車道劃分-分道3,事故類型及型態,性別,年齡,受傷程度,主要傷處,保護裝置,行動電話,車輛用途,當事者行動狀態,駕駛資格情形,駕駛執照種類,飲酒情形,車輛撞擊部位1,車輛撞擊部位2,肇因碼-個別,肇因碼-主要,個人肇逃否,職業,旅次目的,座標-X,座標-Y
112,10,24,19,42,2,12內湖區,內湖區金湖路326巷與金湖路口側附近口,0,0,2,2,C03,8,5,5,50,4,1,1,5,4,5,13,1,1,3,4,5,2,13,1,20,2,9,6,1,7,9,1,10,2,14,,44,,1,22,,121.6018795,25.07407089
112,10,24,19,42,2,12內湖區,內湖區金湖路326巷與金湖路口側附近口,0,0,2,1,C03,8,5,5,50,4,1,1,5,4,5,13,1,1,3,4,5,2,13,2,28,2,9,6,1,7,9,1,10,1,12,,108,,1,22,,121.6018795,25.07407089
112,10,24,20,14,2,07信義區,信義區大道路11號,0,0,1,1,B03,7,5,5,50,14,9,1,5,4,5,13,1,1,5,4,5,2,13,1,46,3,10,7,1,7,9,1,8,2,1,,108,,1,22,,121.5815872,25.0424577
112,10,24,20,14,2,07信義區,信義區大道路11號,0,0,1,2,C03,7,5,5,50,14,9,1,5,4,5,13,1,1,5,4,5,2,13,1,55,2,9,6,1,7,14,1,10,2,13,,44,,1,22,,121.5815872,25.0424577
112,10,24,21,15,2,08士林區,士林區延平北路5段136巷與延平北路5段136巷27弄口,0,0,2,2,C03,8,5,8,30,3,2,1,5,4,5,13,4,4,10,5,5,1,17,1,28,2,9,5,1,7,9,1,10,1,11,,75,,1,21,,121.5115599,25.08224286
112,10,24,21,15,2,08士林區,士林區延平北路5段136巷與延平北路5段136巷27弄口,0,0,2,1,C03,8,5,8,30,3,2,1,5,4,5,13,4,4,10,5,5,1,17,1,29,2,9,5,1,7,9,1,10,1,14,,13,,1,21,,121.5115599,25.08224286
112,10,24,22,10,2,05中正區,中正區中華路2段303巷與中華路2段口,0,0,2,1,F01,8,5,5,50,4,1,1,5,4,5,13,2,1,5,4,4,2,15,1,28,2,9,4,1,7,9,8,20,2,11,,81,,1,21,,121.5047544,25.02926
112,10,24,22,10,2,05中正區,中正區中華路2段303巷與中華路2段口,0,0,2,2,C03,8,5,5,50,4,1,1,5,4,5,13,2,1,5,4,4,2,15,1,25,2,7,5,1,7,9,1,10,2,11,,44,,1,21,,121.5047544,25.02926
112,10,24,22,15,2,01大同區,大同區承德路2段141號,0,0,1,2,C03,7,5,5,50,14,9,1,5,4,5,13,4,4,1,4,5,2,17,2,33,2,9,3,4,7,15,1,10,9,14,,17,,1,21,,121.5183697,25.0595998
112,10,24,22,15,2,01大同區,大同區承德路2段141號,0,0,1,1,C03,7,5,5,50,14,9,1,5,4,5,13,4,4,1,4,5,2,17,2,20,3,10,3,4,7,9,1,10,9,12,,17,,1,21,,121.5183697,25.0595998
112,10,24,22,24,2,08士林區,士林區至善路2段與至善路2段1巷口,0,0,1,1,C03,8,5,5,40,3,2,1,5,4,5,13,4,4,1,5,4,1,17,1,29,3,10,5,1,7,6,1,10,1,13,,9,,1,21,,121.5427333,25.0972966
112,10,24,22,24,2,08士林區,士林區至善路2段與至善路2段1巷口,0,0,1,2,C03,8,5,5,40,3,2,1,5,4,5,13,4,4,1,5,4,1,17,1,39,2,9,5,1,7,9,1,10,1,11,,13,,1,21,,121.5427333,25.0972966
112,10,25,3,35,2,02萬華區,萬華區萬大路與富民路口,0,0,2,1,G06,8,5,5,30,3,1,1,5,4,3,10,4,4,8,3,5,1,17,1,45,2,3,4,1,7,6,8,20,1,16,,108,,1,21,,121.4975657,25.0192667
112,10,25,3,35,2,02萬華區,萬華區萬大路與富民路口,0,0,2,2,B12,8,5,5,30,3,1,1,5,4,3,10,4,4,8,3,5,1,17,1,53,3,10,7,1,7,14,1,7,1,7,,38,,1,21,,121.4975657,25.0192667
112,10,25,3,35,2,02萬華區,萬華區萬大路與富民路口,0,0,2,3,H02,8,5,5,30,3,1,1,5,4,3,10,4,4,8,3,5,1,17,2,19,2,1,4,5,7,21,8,20,10,16,,67,,1,21,,121.4975657,25.0192667
112,10,25,6,38,2,02萬華區,萬華區萬大路與環河南路3段口,0,0,1,2,B03,8,6,5,50,4,2,1,5,4,5,13,2,1,1,4,5,2,17,1,25,3,10,7,1,7,9,1,8,1,2,,44,,1,21,,121.4955776,25.01679314
112,10,25,6,38,2,02萬華區,萬華區萬大路與環河南路3段口,0,0,1,1,C03,8,6,5,50,4,2,1,5,4,5,13,2,1,1,4,5,2,17,2,58,2,8,5,1,7,8,1,10,1,14,,100,,1,21,,121.4955776,25.01679314
112,10,25,7,31,2,12內湖區,內湖區內湖路1段與文湖街口口,0,0,1,2,C03,8,6,5,50,3,2,1,5,4,5,13,4,4,1,4,4,2,12,1,34,2,7,5,1,7,9,1,10,9,12,,44,,1,21,,121.5597068,25.08501304
112,10,25,7,31,2,12內湖區,內湖區內湖路1段與文湖街口口,0,0,1,1,C03,8,6,5,50,3,2,1,5,4,5,13,4,4,1,4,4,2,12,1,49,4,11,3,4,7,21,7,19,11,15,,101,,1,21,,121.5597068,25.08501304
112,10,25,7,36,2,05中正區,中正區中華路1段23號,0,0,1,1,B03,8,6,5,50,14,9,1,5,4,5,12,4,4,1,4,5,2,12,1,38,3,10,2,1,7,9,1,8,2,2,,108,,1,22,,121.5096135,25.04642165
112,10,25,7,36,2,05中正區,中正區中華路1段23號,0,0,1,2,C03,8,6,5,50,14,9,1,5,4,5,12,4,4,1,4,5,2,12,2,52,2,7,6,1,7,8,1,10,2,14,,100,,1,22,,121.5096135,25.04642165
112,10,25,7,36,2,09北投區,北投區中央北路3段與中央北路3段236巷口,0,0,3,1,C03,8,6,5,50,3,1,1,5,4,5,13,4,4,4,4,5,2,17,2,34,2,9,5,1,7,6,1,10,1,13,,72,,1,21,,121.4802412,25.136039
112,10,25,7,36,2,09北投區,北投區中央北路3段與中央北路3段236巷口,0,0,3,2,C03,8,6,5,50,3,1,1,5,4,5,13,4,4,4,4,5,2,17,1,17,2,9,6,1,7,9,2,18,1,11,,44,,1,21,,121.4802412,25.136039
112,10,25,7,36,2,09北投區,北投區中央北路3段與中央北路3段236巷口,0,0,3,3,H02,8,6,5,50,3,1,1,5,4,5,13,4,4,4,4,5,2,17,2,10,2,8,6,5,7,20,8,20,10,16,,67,,1,21,,121.4802412,25.136039
112,10,25,7,38,2,07信義區,信義區松仁路與忠孝東路5段236巷2弄口,0,0,1,1,B01,8,6,5,50,4,1,1,5,4,5,13,4,4,1,4,5,1,17,1,39,3,10,3,4,7,6,1,4,1,2,,74,,1,21,,121.5685786,25.0404778
112,10,25,7,38,2,07信義區,信義區松仁路與忠孝東路5段236巷2弄口,0,0,1,2,C03,8,6,5,50,4,1,1,5,4,5,13,4,4,1,4,5,1,17,1,23,2,8,3,4,7,9,1,10,1,11,,44,,1,21,,121.5685786,25.0404778
112,10,25,7,49,2,01大同區,大同區民權西路184巷與民權西路160巷26弄口,0,0,2,2,C03,8,7,5,30,4,1,1,5,4,5,13,4,4,10,5,5,2,15,2,31,2,9,5,1,7,9,1,10,1,12,,13,,1,21,,121.5145616,25.06165475
112,10,25,7,49,2,01大同區,大同區民權西路184巷與民權西路160巷26弄口,0,0,2,1,C03,8,7,5,30,4,1,1,5,4,5,13,4,4,10,5,5,2,15,2,41,2,9,5,1,7,9,1,10,1,11,,72,,1,21,,121.5145616,25.06165475
112,10,25,8,0,2,06松山區,松山區濱江街863號對面,0,0,1,1,B03,8,6,5,50,14,7,1,5,4,5,13,4,4,3,4,4,2,13,2,59,3,10,7,1,7,7,1,8,2,7,,100,,1,21,,121.5629938,25.07072489
112,10,25,8,0,2,06松山區,松山區濱江街863號對面,0,0,1,2,C03,8,6,5,50,14,7,1,5,4,5,13,4,4,3,4,4,2,13,1,19,2,9,6,1,7,7,1,10,2,11,,108,,1,21,,121.5629938,25.07072489
112,10,25,8,0,2,06松山區,松山區塔悠路179號與塔悠路口(堤外便道),0,0,2,1,B03,8,7,5,30,3,2,1,5,4,5,13,4,4,10,4,5,2,17,1,39,3,10,7,4,7,6,1,8,1,4,,74,,1,21,,121.5699198,25.05631519
112,10,25,8,0,2,06松山區,松山區塔悠路179號與塔悠路口(堤外便道),0,0,2,3,H02,8,7,5,30,3,2,1,5,4,5,13,4,4,10,4,5,2,17,2,21,2,9,6,5,7,20,8,20,10,16,,67,,1,21,,121.5699198,25.05631519
112,10,25,8,0,2,06松山區,松山區塔悠路179號與塔悠路口(堤外便道),0,0,2,2,C03,8,7,5,30,3,2,1,5,4,5,13,4,4,10,4,5,2,17,1,25,2,9,6,4,7,9,1,10,1,11,,108,,1,21,,121.5699198,25.05631519
112,10,25,8,3,2,01大同區,大同區重慶北路2段與民權西路口,0,0,2,1,C03,8,6,5,50,4,1,1,5,4,5,13,1,1,1,4,5,2,17,1,19,2,9,6,1,7,15,1,10,7,11,,21,,1,21,,121.5135644,25.06293119
112,10,25,8,3,2,01大同區,大同區重慶北路2段與民權西路口,0,0,2,2,C03,8,6,5,50,4,1,1,5,4,5,13,1,1,1,4,5,2,17,2,67,2,9,6,1,7,1,1,10,2,14,,44,,1,21,,121.5135644,25.06293119
112,10,25,8,25,2,10文山區,文山區新光路2段圓環,0,0,1,1,C03,8,7,6,50,18,9,1,5,4,5,13,3,1,1,4,5,2,17,1,30,2,9,5,1,7,9,1,10,1,14,,84,,1,21,,121.5834855,25.0004001
112,10,25,8,25,2,10文山區,文山區新光路2段圓環,0,0,1,2,B03,8,7,6,50,18,9,1,5,4,5,13,3,1,1,4,5,2,17,1,45,3,10,7,1,7,9,1,8,1,1,,42,,1,21,,121.5834855,25.0004001
112,10,25,8,36,2,01大同區,大同區民族西路與民族西路252巷口,0,0,1,2,C03,8,7,5,50,4,1,1,5,4,5,13,2,1,5,4,5,2,16,2,34,2,9,5,1,7,9,1,10,1,14,,108,,1,22,,121.5121999,25.0685757
112,10,25,8,36,2,01大同區,大同區民族西路與民族西路252巷口,0,0,1,1,B03,8,7,5,50,4,1,1,5,4,5,13,2,1,5,4,5,2,16,1,46,3,10,7,1,7,6,1,8,1,2,,9,,1,22,,121.5121999,25.0685757
112,10,25,8,38,2,07信義區,(信義路5段126號前),0,0,1,1,B03,8,6,5,50,14,9,1,5,4,5,13,4,4,1,4,5,2,13,1,85,3,10,7,1,7,8,1,8,1,3,,44,,1,21,,121.5687028,25.0327377
112,10,25,8,38,2,07信義區,(信義路5段126號前),0,0,1,2,C03,8,6,5,50,14,9,1,5,4,5,13,4,4,1,4,5,2,13,2,22,2,1,6,1,7,7,1,10,1,11,,107,,1,21,,121.5687028,25.0327377
112,10,25,8,45,2,11南港區,南港區研究院路1段117號,0,0,1,1,B03,8,6,5,50,14,9,1,5,4,5,13,4,4,8,3,5,2,12,2,76,3,10,3,4,7,7,1,14,1,2,,100,,1,22,,121.6159177,25.0515003
112,10,25,8,45,2,11南港區,南港區研究院路1段117號,0,0,1,2,C03,8,6,5,50,14,9,1,5,4,5,13,4,4,8,3,5,2,12,2,67,2,7,6,4,7,9,1,10,1,14,,44,,1,22,,121.6159177,25.0515003
112,10,25,8,58,2,05中正區,中正區羅斯福路1段與寧波東街口,0,0,1,2,C03,8,6,5,40,4,1,1,5,4,5,13,1,1,3,4,5,2,13,1,44,2,9,6,1,7,6,1,10,1,13,,44,,1,21,,121.5191962,25.03163668
112,10,25,8,58,2,05中正區,中正區羅斯福路1段與寧波東街口,0,0,1,1,B03,8,6,5,40,4,1,1,5,4,5,13,1,1,3,4,5,2,13,1,43,3,10,7,1,7,6,1,8,1,5,,107,,1,21,,121.5191962,25.03163668
112,10,25,8,59,2,07信義區,信義區信義路5段124號,0,0,2,2,C03,8,6,5,50,14,9,1,5,4,5,13,4,4,1,4,5,1,13,1,39,2,8,3,4,7,9,1,10,1,13,,44,,1,21,,121.5687446,25.0327532
112,10,25,8,59,2,07信義區,信義區信義路5段124號,0,0,2,1,C03,8,6,5,50,14,9,1,5,4,5,13,4,4,1,4,5,1,13,1,39,2,7,3,4,7,9,1,10,1,11,,16,,1,21,,121.5687446,25.0327532
112,10,25,9,0,2,12內湖區,內湖區內湖路2段103巷與內湖路2段口,0,0,2,1,C03,8,6,5,50,4,1,1,5,4,5,13,1,1,10,5,5,2,16,2,27,2,9,6,1,7,5,1,10,1,14,,8,,1,21,,121.5827893,25.07981072
112,10,25,9,0,2,12內湖區,內湖區內湖路2段103巷與內湖路2段口,0,0,2,2,C03,8,6,5,50,4,1,1,5,4,5,13,1,1,10,5,5,2,16,1,20,2,9,6,1,7,9,1,10,1,12,,44,,1,21,,121.5827893,25.07981072
112,10,25,9,8,2,09北投區,北投區石牌路2段與東華街2段口,0,0,1,1,C03,8,6,5,50,14,9,1,5,4,5,13,1,1,9,4,5,2,16,2,33,2,8,5,1,7,5,1,10,1,14,,80,,1,21,,121.5152577,25.11527039
112,10,25,9,8,2,09北投區,北投區石牌路2段與東華街2段口,0,0,1,2,B03,8,6,5,50,14,9,1,5,4,5,13,1,1,9,4,5,2,16,1,77,3,10,7,1,7,9,1,8,1,5,,44,,1,21,,121.5152577,25.11527039
112,10,25,9,10,2,01大同區,大同區長安西路與貴德街口,0,0,1,1,C03,8,7,5,50,3,2,1,5,4,5,13,4,4,9,4,5,2,16,1,25,3,10,5,1,7,4,1,10,1,12,,94,,1,21,,121.5079993,25.0521734
112,10,25,9,10,2,01大同區,大同區長安西路與貴德街口,0,0,1,2,C03,8,7,5,50,3,2,1,5,4,5,13,4,4,9,4,5,2,16,2,39,2,9,5,1,7,15,1,10,1,14,,98,,1,21,,121.5079993,25.0521734
112,10,25,9,23,2,07信義區,信義區市民大道6段與中坡北路口,0,0,1,2,C03,8,6,5,40,4,1,1,5,4,5,13,1,1,10,4,5,2,17,1,33,2,8,3,4,7,9,1,10,1,14,,44,,1,22,,121.5799143,25.0488789
112,10,25,9,23,2,07信義區,信義區市民大道6段與中坡北路口,0,0,1,1,B03,8,6,5,40,4,1,1,5,4,5,13,1,1,10,4,5,2,17,1,30,3,10,3,4,7,6,1,8,1,5,,9,,1,22,,121.5799143,25.0488789
112,10,25,9,30,2,07信義區,信義區松信路與虎林街120巷口,0,0,1,2,F01,8,6,5,50,4,2,1,5,4,5,13,2,1,9,4,5,1,15,1,64,2,7,3,4,7,9,8,20,1,12,,44,,1,21,,121.5719673,25.0422576
112,10,25,9,30,2,07信義區,信義區松信路與虎林街120巷口,0,0,1,1,B03,8,6,5,50,4,2,1,5,4,5,13,2,1,9,4,5,1,15,1,74,3,10,3,4,7,9,1,1,2,1,,81,,1,21,,121.5719673,25.0422576
112,10,25,9,45,2,05中正區,中正區中山南路8號,0,0,1,2,C03,8,6,5,50,14,9,1,5,4,5,13,4,4,1,4,5,2,16,1,44,2,8,6,1,7,9,1,10,2,11,,108,,1,21,,121.5190209,25.0442863
112,10,25,9,45,2,05中正區,中正區中山南路8號,0,0,1,1,B03,8,6,5,50,14,9,1,5,4,5,13,4,4,1,4,5,2,16,2,44,3,10,7,1,7,6,1,8,2,6,,9,,1,21,,121.5190209,25.0442863
112,10,25,9,50,2,03中山區,中山區民權東路2段71巷,0,0,1,1,C03,8,7,5,50,14,9,1,5,4,5,13,4,4,1,4,5,2,18,1,30,2,9,5,1,7,9,1,10,1,12,,44,,1,22,,121.531448,25.0626364
112,10,25,9,50,2,03中山區,中山區民權東路2段71巷,0,0,1,3,B03,8,7,5,50,14,9,1,5,4,5,13,4,4,1,4,5,2,18,1,63,3,10,3,1,7,13,1,8,1,4,,44,,1,22,,121.531448,25.0626364
112,10,25,9,50,2,11南港區,南港區南港路1段(捷運南港展覽館3號出口),0,0,1,1,B03,8,7,5,50,14,9,1,5,4,5,13,4,4,1,4,5,2,12,1,33,3,10,7,1,7,9,1,8,1,2,,17,,1,21,,121.6181654,25.0549828
112,10,25,9,50,2,11南港區,南港區南港路1段(捷運南港展覽館3號出口),0,0,1,2,C03,8,7,5,50,14,9,1,5,4,5,13,4,4,1,4,5,2,12,2,34,2,8,5,1,7,9,1,10,1,14,,17,,1,21,,121.6181654,25.0549828
112,10,25,10,45,2,08士林區,士林區福林路251巷與福林路口,0,0,1,1,C03,8,5,5,50,3,1,1,5,4,5,13,4,4,5,4,5,2,17,1,24,2,8,5,1,7,9,1,10,1,11,,13,,1,21,,121.5350895,25.09840695
112,10,25,10,45,2,08士林區,士林區福林路251巷與福林路口,0,0,1,2,B03,8,5,5,50,3,1,1,5,4,5,13,4,4,5,4,5,2,17,2,58,3,10,7,1,7,11,1,8,1,3,,10,,1,21,,121.5350895,25.09840695
112,10,25,10,54,2,03中山區,中山區長安東路1段46-1號,0,0,1,1,C03,8,7,5,50,14,9,1,5,4,5,13,4,4,5,4,5,2,16,2,71,2,9,5,1,7,5,1,10,2,14,,8,,1,22,,121.5274373,25.0484761
112,10,25,10,54,2,03中山區,中山區長安東路1段46-1號,0,0,1,2,B02,8,7,5,50,14,9,1,5,4,5,13,4,4,5,4,5,2,16,2,43,3,10,7,1,7,9,1,8,2,5,,13,,1,22,,121.5274373,25.0484761
112,10,25,11,42,2,05中正區,中正區中山北路1段與市民大道1段口,0,0,2,1,C03,8,6,5,40,4,1,1,5,4,5,13,1,1,1,4,5,2,12,1,32,2,8,6,1,7,15,1,10,2,12,,100,,1,21,,121.5204483,25.0480175
112,10,25,11,42,2,05中正區,中正區中山北路1段與市民大道1段口,0,0,2,2,C03,8,6,5,40,4,1,1,5,4,5,13,1,1,1,4,5,2,12,2,37,2,7,6,1,7,9,1,10,2,14,,44,,1,21,,121.5204483,25.0480175
112,10,25,11,45,2,12內湖區,內湖區康寧路3段225號前,0,0,1,1,B03,8,7,5,50,14,9,1,5,4,5,13,4,4,1,4,4,2,17,1,41,3,10,7,1,7,8,1,8,1,2,,100,,1,21,,121.6117059,25.06730345
112,10,25,11,45,2,12內湖區,內湖區康寧路3段225號前,0,0,1,2,C03,8,7,5,50,14,9,1,5,4,5,13,4,4,1,4,4,2,17,1,50,2,9,5,1,7,9,1,9,1,14,,44,,1,21,,121.6117059,25.06730345
112,10,25,12,13,2,05中正區,中正區羅斯福路1段與愛國西路口,0,0,1,1,B03,8,6,5,50,4,1,1,5,4,5,13,1,1,1,4,5,2,17,1,44,3,10,7,1,7,6,1,8,1,6,,9,,1,21,,121.5167464,25.03463347
112,10,25,12,13,2,05中正區,中正區羅斯福路1段與愛國西路口,0,0,1,2,C03,8,6,5,50,4,1,1,5,4,5,13,1,1,1,4,5,2,17,2,29,2,9,5,1,7,9,1,10,1,11,,44,,1,21,,121.5167464,25.03463347
112,10,25,12,20,2,01大同區,大同區重慶北路1段與長安西路口,0,0,1,2,C03,8,7,5,50,4,2,1,5,4,5,13,2,1,9,5,5,2,12,2,45,2,7,5,1,7,9,1,10,1,14,,108,,1,21,,121.5137494,25.0516182
112,10,25,12,20,2,01大同區,大同區重慶北路1段與長安西路口,0,0,1,1,B03,8,7,5,50,4,2,1,5,4,5,13,2,1,9,5,5,2,12,2,55,3,10,7,1,7,9,1,8,1,5,,125,,1,21,,121.5137494,25.0516182
112,10,25,12,31,2,07信義區,信義區莊敬路391巷與莊敬路391巷11弄口,0,0,2,1,C03,8,6,5,30,3,1,1,5,4,5,13,4,4,9,5,5,2,17,1,26,2,1,5,1,7,5,1,10,1,11,,2,,1,22,,121.5659535,25.0285551
112,10,25,12,31,2,07信義區,信義區莊敬路391巷與莊敬路391巷11弄口,0,0,2,2,C03,8,6,5,30,3,1,1,5,4,5,13,4,4,9,5,5,2,17,1,39,2,9,5,1,7,9,1,10,1,14,,13,,1,21,,121.5659535,25.0285551
112,10,25,12,40,2,02萬華區,萬華區西園路2段198號,0,0,1,1,B01,8,5,5,50,14,9,1,5,4,5,13,4,4,1,3,5,1,17,1,64,3,10,3,4,7,8,1,4,1,17,,100,,1,22,,121.4957419,25.0291479
112,10,25,12,40,2,02萬華區,萬華區西園路2段198號,0,0,1,2,C03,8,5,5,50,14,9,1,5,4,5,13,4,4,1,3,5,1,17,1,22,2,9,3,4,7,9,1,10,1,17,,44,,1,22,,121.4957419,25.0291479
112,10,25,12,44,2,09北投區,北投區大度路3段與中央北路4段口,0,0,1,2,C03,8,5,5,50,4,2,1,5,4,5,13,1,1,1,2,4,1,16,2,41,2,9,5,1,7,9,1,10,1,14,,44,,1,21,,121.4640817,25.123844
112,10,25,12,44,2,09北投區,北投區大度路3段與中央北路4段口,0,0,1,1,C03,8,5,5,50,4,2,1,5,4,5,13,1,1,1,2,4,1,16,2,18,3,10,5,1,7,6,1,10,1,12,,9,,1,21,,121.4640817,25.123844
112,10,25,13,0,2,11南港區,南港區成美橋與南港路3段口,0,0,1,1,B03,8,5,6,50,5,1,1,5,4,5,13,1,1,9,4,5,2,16,2,29,3,10,7,1,7,6,1,8,1,8,,9,,1,21,,121.5829347,25.052
112,10,25,13,0,2,12內湖區,內湖區民權東路6段45號,0,0,1,1,B03,8,6,5,50,14,9,1,5,4,5,13,4,4,1,4,4,2,17,2,51,3,10,7,1,7,1,1,8,1,1,,19,,1,21,,121.5864351,25.06906043
112,10,25,13,0,2,12內湖區,內湖區民權東路6段45號,0,0,1,2,F01,8,6,5,50,14,9,1,5,4,5,13,4,4,1,4,4,2,17,2,39,2,9,4,1,7,9,8,20,1,14,,44,,1,21,,121.5864351,25.06906043
112,10,25,13,0,2,11南港區,南港區成美橋與南港路3段口,0,0,1,2,C03,8,5,6,50,5,1,1,5,4,5,13,1,1,9,4,5,2,16,1,40,2,9,5,1,7,9,1,10,1,12,,44,,1,21,,121.5829347,25.052
112,10,25,13,4,2,04大安區,大安區新生南路3段與新生南路3段98巷口,0,0,1,1,C03,8,7,5,50,4,1,1,5,4,5,13,2,1,1,3,5,1,12,1,19,2,9,6,1,7,15,1,10,1,14,,17,,1,22,,121.5332983,25.0170966
112,10,25,13,4,2,04大安區,大安區新生南路3段與新生南路3段98巷口,0,0,1,2,B12,8,7,5,50,4,1,1,5,4,5,13,2,1,1,3,5,1,12,1,63,3,10,3,4,7,15,1,8,1,2,,17,,1,21,,121.5332983,25.0170966
112,10,25,13,35,2,08士林區,士林區天母東路44號停車格,0,0,1,1,C03,8,5,5,50,14,9,1,5,4,5,13,4,4,1,4,5,2,17,1,21,2,9,5,1,7,8,1,10,1,11,,107,,1,25,,121.5386719,25.11823693
112,10,25,13,35,2,08士林區,士林區天母東路44號停車格,0,0,1,2,B03,8,5,5,50,14,9,1,5,4,5,13,4,4,1,4,5,2,17,1,66,3,10,7,1,7,3,1,8,1,3,,44,,1,21,,121.5386719,25.11823693
112,10,25,13,40,2,10文山區,文山區木新路3段與中崙路口口,0,0,1,1,B03,8,6,5,50,3,1,1,5,4,5,13,4,4,5,4,5,1,16,1,72,3,10,7,4,7,11,1,8,1,4,,10,,1,21,,121.5648872,24.98266944
112,10,25,13,40,2,10文山區,文山區木新路3段與中崙路口口,0,0,1,2,C02,8,6,5,50,3,1,1,5,4,5,13,4,4,5,4,5,1,16,1,50,2,8,6,1,7,9,1,9,1,11,,99,,1,21,,121.5648872,24.98266944
112,10,25,14,36,2,03中山區,中山區中山北路2段與中山北路2段65巷口,0,0,4,2,B01,8,7,5,50,3,2,1,5,4,5,13,4,4,1,4,5,2,13,1,45,3,10,3,4,7,9,1,4,1,7,,44,,1,21,,121.5229903,25.05691834
112,10,25,14,36,2,03中山區,中山區中山北路2段與中山北路2段65巷口,0,0,4,3,C04,8,7,5,50,3,2,1,5,4,5,13,4,4,1,4,5,2,13,2,35,2,3,5,4,7,9,1,11,1,11,,44,,1,21,,121.5229903,25.05691834
112,10,25,14,36,2,03中山區,中山區中山北路2段與中山北路2段65巷口,0,0,4,4,C03,8,7,5,50,3,2,1,5,4,5,13,4,4,1,4,5,2,13,1,38,3,10,6,4,7,9,1,10,1,11,,44,,1,21,,121.5229903,25.05691834
112,10,25,14,36,2,03中山區,中山區中山北路2段與中山北路2段65巷口,0,0,4,1,C03,8,7,5,50,3,2,1,5,4,5,13,4,4,1,4,5,2,13,1,40,2,9,5,4,7,9,1,10,1,11,,16,,1,21,,121.5229903,25.05691834
112,10,25,14,36,2,03中山區,中山區中山北路2段與中山北路2段65巷口,0,0,4,6,C03,8,7,5,50,3,2,1,5,4,5,13,4,4,1,4,5,2,13,2,39,2,9,6,4,7,9,1,10,1,13,,44,,1,21,,121.5229903,25.05691834
112,10,25,14,36,2,03中山區,中山區中山北路2段與中山北路2段65巷口,0,0,4,5,C03,8,7,5,50,3,2,1,5,4,5,13,4,4,1,4,5,2,13,1,51,2,9,5,4,7,9,1,10,1,11,,16,,1,21,,121.5229903,25.05691834
112,10,25,14,36,2,03中山區,中山區中山北路2段與中山北路2段65巷口,0,0,4,7,B01,8,7,5,50,3,2,1,5,4,5,13,4,4,1,4,5,2,13,1,56,3,10,3,4,7,14,1,4,9,17,,38,,1,21,,121.5229903,25.05691834
112,10,25,14,38,2,02萬華區,萬華區忠孝西路2段與西寧南路口,0,0,2,2,C03,8,7,5,50,4,2,1,5,4,5,13,1,1,1,2,5,2,17,2,36,2,7,5,1,7,9,1,9,2,14,,44,,1,21,,121.5075308,25.04845881
112,10,25,14,38,2,02萬華區,萬華區忠孝西路2段與西寧南路口,0,0,2,1,C03,8,7,5,50,4,2,1,5,4,5,13,1,1,1,2,5,2,17,1,31,2,8,5,1,7,5,1,9,2,12,,82,,1,21,,121.5075308,25.04845881
112,10,25,14,50,2,12內湖區,內湖區安康路183號,0,0,1,2,C03,8,6,5,30,14,9,1,5,4,5,13,4,4,10,5,5,2,17,1,24,2,9,5,1,7,9,1,10,2,12,,44,,1,21,,121.6112838,25.0659022
112,10,25,14,50,2,12內湖區,內湖區安康路183號,0,0,1,1,B12,8,6,5,30,14,9,1,5,4,5,13,4,4,10,5,5,2,17,1,29,3,10,7,1,7,14,1,8,2,8,,40,,1,21,,121.6112838,25.0659022
112,10,25,14,50,2,12內湖區,內湖區安康路183號,0,0,1,3,B02,8,6,5,30,14,9,1,5,4,5,13,4,4,10,5,5,2,17,1,52,3,10,2,1,7,14,1,8,1,5,,44,,1,21,,121.6112838,25.0659022
112,10,25,14,50,2,07信義區,信義區信安街與崇德街口,0,0,1,1,C03,8,5,5,50,4,2,1,5,4,5,13,2,1,5,4,5,2,17,1,30,2,9,5,1,7,5,1,10,1,14,,8,,1,22,,121.5557712,25.0240114
112,10,25,14,50,2,07信義區,信義區信安街與崇德街口,0,0,1,2,C03,8,5,5,50,4,2,1,5,4,5,13,2,1,5,4,5,2,17,1,25,3,10,5,1,7,9,1,9,1,12,,44,,1,22,,121.5557712,25.0240114
112,10,25,14,58,2,04大安區,大安區信義路3段與復興南路2段口,0,0,1,2,C03,8,7,5,50,4,1,1,5,4,5,13,2,1,5,4,5,2,17,1,75,2,9,6,1,7,9,1,10,1,14,,44,,1,21,,121.5434722,25.0332614
112,10,25,14,58,2,04大安區,大安區信義路3段與復興南路2段口,0,0,1,1,B11,8,7,5,50,4,1,1,5,4,5,13,2,1,5,4,5,2,17,1,62,3,10,7,1,7,6,1,3,1,2,,9,,1,21,,121.5434722,25.0332614