發生年度,發生月,發生日,發生時-Hours,發生分,處理別-編號,區序,肇事地點,死亡人數,2-30日死亡人數,受傷人數,當事人序號,車種,天候,光線,道路類別,速限-速度限制,道路型態,事故位置,路面狀況1,路面狀況2,路面狀況3,道路障礙1,道路障礙2,號誌1,號誌2,車道劃分-分向,車道劃分-分道1,車道劃分-分道2,車道劃分-分道3,事故類型及型態,性別,年齡,受傷程度,主要傷處,保護裝置,行動電話,車輛用途,當事者行動狀態,駕駛資格情形,駕駛執照種類,飲酒情形,車輛撞擊部位1,車輛撞擊部位2,肇因碼-個別,肇因碼-主要,個人肇逃否,職業,旅次目的,座標-X,座標-Y
112,10,25,15,0,2,02萬華區,萬華區民和街與東園街73巷口,0,0,1,2,C03,8,6,5,30,5,2,1,5,4,5,13,3,1,9,5,5,2,17,2,51,2,7,6,1,7,9,1,10,1,14,,107,,1,21,,121.4998123,25.02642793
112,10,25,15,0,2,02萬華區,萬華區民和街與東園街73巷口,0,0,1,1,B03,8,6,5,30,5,2,1,5,4,5,13,3,1,9,5,5,2,17,1,34,3,10,7,1,7,9,1,6,1,8,,107,,1,21,,121.4998123,25.02642793
112,10,25,15,17,2,05中正區,中正區重慶南路1段與衡陽路口,0,0,1,1,C03,8,7,5,50,4,2,1,5,4,5,13,1,1,9,4,5,2,16,1,21,3,10,5,1,7,6,1,10,2,13,,9,,1,21,,121.5131676,25.04232555
112,10,25,15,17,2,05中正區,中正區重慶南路1段與衡陽路口,0,0,1,2,C03,8,7,5,50,4,2,1,5,4,5,13,1,1,9,4,5,2,16,2,28,2,9,5,1,7,9,1,10,2,11,,44,,1,21,,121.5131676,25.04232555
112,10,25,15,21,2,08士林區,士林區仰德大道2段第159號燈桿,0,0,2,3,C03,8,7,5,40,14,9,1,5,4,5,13,4,4,4,5,5,1,17,1,21,3,10,5,1,7,12,1,10,1,13,,44,,1,21,,121.5496657,25.11197606
112,10,25,15,21,2,08士林區,士林區仰德大道2段第159號燈桿,0,0,2,2,C03,8,7,5,40,14,9,1,5,4,5,13,4,4,4,5,5,1,17,1,19,2,9,5,1,7,12,1,10,1,11,,16,,1,21,,121.5496657,25.11197606
112,10,25,15,21,2,08士林區,士林區仰德大道2段第159號燈桿,0,0,2,1,C03,8,7,5,40,14,9,1,5,4,5,13,4,4,4,5,5,1,17,1,19,2,9,5,1,7,12,1,10,1,11,,16,,1,21,,121.5496657,25.11197606
112,10,25,15,30,2,01大同區,大同區鄭州路與塔城街口,0,0,1,2,C03,8,6,5,40,4,1,1,5,4,5,13,2,1,8,4,5,2,17,1,30,2,9,6,1,7,15,1,10,1,11,,44,,1,21,,121.510424,25.05004767
112,10,25,15,30,2,01大同區,大同區鄭州路與塔城街口,0,0,1,1,F03,8,6,5,40,4,1,1,5,4,5,13,2,1,8,4,5,2,17,2,27,4,11,3,4,7,21,8,20,9,15,,81,,2,21,,121.510424,25.05004767
112,10,25,15,38,2,01大同區,大同區大稻埕堤外便道5號水門提外停車場旁,0,0,2,1,C03,8,5,5,50,14,9,1,5,4,5,13,4,4,10,4,5,2,16,1,36,2,9,5,1,7,7,1,10,1,14,,100,,1,21,,121.5080807,25.05685892
112,10,25,15,38,2,01大同區,大同區大稻埕堤外便道5號水門提外停車場旁,0,0,2,2,C03,8,5,5,50,14,9,1,5,4,5,13,4,4,10,4,5,2,16,1,18,2,9,5,1,7,9,1,10,1,12,,108,,1,21,,121.5080807,25.05685892
112,10,25,15,42,2,09北投區,北投區東華街2段與東華街2段340巷口,0,0,2,4,B03,8,7,5,50,3,2,1,5,4,5,13,2,1,10,4,5,2,17,1,29,3,10,7,1,7,13,1,8,9,2,,44,,1,22,,121.5057654,25.12112869
112,10,25,15,42,2,09北投區,北投區東華街2段與東華街2段340巷口,0,0,2,3,C03,8,7,5,50,3,2,1,5,4,5,13,2,1,10,4,5,2,17,2,44,2,9,6,1,7,7,1,10,1,12,,44,,1,22,,121.5057654,25.12112869
112,10,25,15,42,2,09北投區,北投區東華街2段與東華街2段340巷口,0,0,2,2,C03,8,7,5,50,3,2,1,5,4,5,13,2,1,10,4,5,2,17,2,26,3,10,6,1,7,7,1,10,9,12,,44,,1,22,,121.5057654,25.12112869
112,10,25,15,42,2,09北投區,北投區東華街2段與東華街2段340巷口,0,0,2,1,C03,8,7,5,50,3,2,1,5,4,5,13,2,1,10,4,5,2,17,2,18,2,9,6,1,7,7,3,18,1,14,,101,,1,22,,121.5057654,25.12112869
112,10,25,15,55,2,01大同區,大同區延平北路2段83號,0,0,1,1,B03,8,6,5,50,14,9,1,5,4,5,13,4,4,5,4,5,2,17,1,36,3,10,7,1,7,1,1,8,1,5,,19,,1,21,,121.5116113,25.0561497
112,10,25,15,55,2,01大同區,大同區延平北路2段83號,0,0,1,2,C03,8,6,5,50,14,9,1,5,4,5,13,4,4,5,4,5,2,17,1,69,2,9,5,1,7,9,1,10,1,11,,44,,1,21,,121.5116113,25.0561497
112,10,25,16,0,2,12內湖區,內湖區民權東路6段11巷與舊宗路2段口口,0,0,1,1,B03,8,6,5,50,3,1,1,5,4,5,13,1,1,10,5,5,2,17,1,35,3,10,7,1,7,5,1,8,2,1,,8,,1,21,,121.574628,25.06748204
112,10,25,16,0,2,12內湖區,內湖區民權東路6段11巷與舊宗路2段口口,0,0,1,2,F01,8,6,5,50,3,1,1,5,4,5,13,1,1,10,5,5,2,17,2,80,2,9,4,1,7,11,8,20,2,11,,11,,1,21,,121.574628,25.06748204
112,10,25,16,5,2,03中山區,中山區濱江街333號,0,0,1,1,C03,8,5,5,50,14,7,1,5,4,5,13,4,4,1,4,4,2,13,1,53,2,9,6,1,7,9,1,10,1,11,,16,,1,21,,121.5476598,25.07237792
112,10,25,16,5,2,03中山區,中山區濱江街333號,0,0,1,2,B12,8,5,5,50,14,7,1,5,4,5,13,4,4,1,4,4,2,13,1,66,3,10,7,1,7,12,1,8,1,3,,44,,1,21,,121.5476598,25.07237792
112,10,25,16,10,2,02萬華區,萬華區中華路1段150號,0,0,2,2,B02,8,7,5,50,14,9,1,5,4,5,13,4,4,1,4,5,2,13,2,43,2,8,7,1,7,9,1,8,1,6,,44,,1,21,,121.5082622,25.04275674
112,10,25,16,10,2,02萬華區,萬華區中華路1段150號,0,0,2,1,C03,8,7,5,50,14,9,1,5,4,5,13,4,4,1,4,5,2,13,2,60,2,3,5,1,7,9,3,18,1,11,,16,,1,21,,121.5082622,25.04275674
112,10,25,16,23,2,08士林區,士林區中山北路5段與劍潭路口,0,0,1,3,B03,8,6,5,50,14,9,1,5,4,5,13,4,4,10,1,5,1,16,1,44,3,10,7,1,7,14,1,4,2,6,,44,,1,21,,121.525502,25.0839111
112,10,25,16,23,2,08士林區,士林區中山北路5段與劍潭路口,0,0,1,2,B03,8,6,5,50,14,9,1,5,4,5,13,4,4,10,1,5,1,16,1,34,3,10,7,1,7,14,1,8,2,6,,44,,1,21,,121.525502,25.0839111
112,10,25,16,23,2,08士林區,士林區中山北路5段與劍潭路口,0,0,1,1,B03,8,6,5,50,14,9,1,5,4,5,13,4,4,10,1,5,1,16,1,78,2,3,7,1,7,8,1,8,2,8,,108,,1,21,,121.525502,25.0839111
112,10,25,16,23,2,08士林區,士林區中山北路5段與劍潭路口,0,0,1,4,B03,8,6,5,50,14,9,1,5,4,5,13,4,4,10,1,5,1,16,1,69,3,10,7,1,7,14,1,8,2,2,,44,,1,21,,121.525502,25.0839111
112,10,25,17,8,2,06松山區,松山區八德路4段與虎林街口,0,0,1,1,C03,8,5,5,50,4,1,1,5,4,5,13,2,1,1,4,4,2,17,2,41,2,9,5,1,7,11,1,10,1,14,,10,,1,21,,121.5759939,25.04998557
112,10,25,17,8,2,06松山區,松山區八德路4段與虎林街口,0,0,1,2,B03,8,5,5,50,4,1,1,5,4,5,13,2,1,1,4,4,2,17,2,47,3,10,7,1,7,9,1,8,1,5,,44,,1,21,,121.5759939,25.04998557
112,10,25,17,13,2,12內湖區,內湖區民權東路6段與成功路2段320巷31弄口,0,0,1,2,C03,8,5,5,50,3,1,1,5,4,5,13,2,1,1,4,5,2,17,1,42,2,8,5,1,7,9,1,10,1,12,,44,,1,21,,121.5892224,25.06893737
112,10,25,17,13,2,12內湖區,內湖區民權東路6段與成功路2段320巷31弄口,0,0,1,1,C03,8,5,5,50,3,1,1,5,4,5,13,2,1,1,4,5,2,17,1,38,3,10,5,1,7,6,1,10,1,17,,9,,1,21,,121.5892224,25.06893737
112,10,25,17,30,2,05中正區,中正區和平西路1段140號對面,0,0,1,1,C03,7,5,5,50,14,9,1,5,4,5,13,2,1,1,4,5,1,17,1,36,3,10,6,1,7,1,1,10,1,17,,37,,1,21,,121.5162629,25.02726906
112,10,25,17,30,2,05中正區,中正區和平西路1段140號對面,0,0,1,2,C03,7,5,5,50,14,9,1,5,4,5,13,2,1,1,4,5,1,17,1,48,2,9,6,1,7,9,1,10,1,14,,107,,1,21,,121.5162629,25.02726906
112,10,25,17,37,2,03中山區,中山區北安路與明水路口,0,0,2,3,H02,8,5,5,50,3,2,1,5,4,5,13,2,1,2,4,5,2,16,2,33,2,8,3,5,7,20,8,20,10,16,,67,,1,21,,121.5390474,25.0777947
112,10,25,17,37,2,03中山區,中山區北安路與明水路口,0,0,2,1,B03,8,5,5,50,3,2,1,5,4,5,13,2,1,2,4,5,2,16,2,52,3,10,3,4,7,6,1,8,1,2,,9,,1,21,,121.5390474,25.0777947
112,10,25,17,37,2,03中山區,中山區北安路與明水路口,0,0,2,2,C03,8,5,5,50,3,2,1,5,4,5,13,2,1,2,4,5,2,16,2,29,2,7,3,4,7,9,1,10,1,14,,44,,1,21,,121.5390474,25.0777947
112,10,25,17,40,2,11南港區,南港區興華路與興華路64巷口,0,0,1,1,C03,8,5,5,50,4,1,1,5,4,5,13,2,1,5,4,5,2,13,2,35,2,8,5,1,7,9,1,10,1,11,,16,,1,21,,121.6058912,25.055452
112,10,25,17,40,2,11南港區,南港區興華路與興華路64巷口,0,0,1,2,B03,8,5,5,50,4,1,1,5,4,5,13,2,1,5,4,5,2,13,1,61,3,10,7,1,7,6,1,8,1,7,,44,,1,21,,121.6058912,25.055452
112,10,25,17,45,2,07信義區,信義區松仁路38號,0,0,1,1,C03,8,5,5,50,14,9,1,5,4,5,13,4,4,10,3,5,2,17,2,26,2,9,3,4,7,15,1,10,1,14,,100,,1,22,,121.5683379,25.0376503
112,10,25,17,45,2,07信義區,信義區松仁路38號,0,0,1,2,B03,8,5,5,50,14,9,1,5,4,5,13,4,4,10,3,5,2,17,1,59,3,10,3,4,7,15,1,8,1,2,,44,,1,22,,121.5683379,25.0376503
112,10,25,17,56,2,05中正區,中正區中山南路與凱達格蘭大道口,0,0,1,1,B03,8,5,5,50,5,1,1,5,4,5,13,1,1,10,4,5,2,12,2,64,2,5,7,1,7,8,1,8,2,5,,17,,1,21,,121.5174239,25.03908828
112,10,25,17,56,2,05中正區,中正區中山南路與凱達格蘭大道口,0,0,1,2,B03,8,5,5,50,5,1,1,5,4,5,13,1,1,10,4,5,2,12,2,61,3,10,7,1,7,9,1,8,2,7,,44,,1,21,,121.5174239,25.03908828
112,10,25,18,7,2,08士林區,士林區仰德大道3段與新安路口,0,0,1,3,C03,7,5,5,40,3,2,1,5,4,5,13,2,1,4,5,5,1,17,1,42,3,10,5,1,7,13,1,10,2,17,,33,,1,21,,121.5528387,25.1189986
112,10,25,18,7,2,08士林區,士林區仰德大道3段與新安路口,0,0,1,2,C03,7,5,5,40,3,2,1,5,4,5,13,2,1,4,5,5,1,17,1,41,3,10,6,1,7,12,1,10,2,13,,44,,1,21,,121.5528387,25.1189986
112,10,25,18,7,2,08士林區,士林區仰德大道3段與新安路口,0,0,1,1,C03,7,5,5,40,3,2,1,5,4,5,13,2,1,4,5,5,1,17,1,21,2,9,5,1,7,12,1,10,2,11,,16,,1,21,,121.5528387,25.1189986
112,10,25,18,13,2,03中山區,中山區長安西路3號,0,0,1,1,C03,8,5,5,50,14,9,1,5,4,5,13,4,4,8,4,5,1,13,2,23,2,8,6,4,7,9,1,10,1,14,,42,,1,21,,121.5212277,25.049962
112,10,25,18,13,2,03中山區,中山區長安西路3號,0,0,1,2,C03,8,5,5,50,14,9,1,5,4,5,13,4,4,8,4,5,1,13,1,25,3,10,6,4,7,9,1,10,1,12,,44,,1,21,,121.5212277,25.049962
112,10,25,18,25,2,03中山區,中山區中原街與新生北路2段123巷口,0,0,2,3,H02,8,5,5,30,4,1,1,5,4,5,13,4,4,8,4,5,1,16,2,65,2,9,5,5,7,20,8,20,10,16,,67,,1,21,,121.5289313,25.0595104
112,10,25,18,25,2,03中山區,中山區中原街與新生北路2段123巷口,0,0,2,2,B01,8,5,5,30,4,1,1,5,4,5,13,4,4,8,4,5,1,16,1,60,3,10,7,1,7,9,1,4,2,4,,44,,1,21,,121.5289313,25.0595104
112,10,25,18,25,2,03中山區,中山區中原街與新生北路2段123巷口,0,0,2,1,C03,8,5,5,30,4,1,1,5,4,5,13,4,4,8,4,5,1,16,1,63,2,9,5,1,7,1,1,10,2,12,,19,,1,21,,121.5289313,25.0595104
112,10,25,18,26,2,12內湖區,內湖區彩虹河濱公園自行車道,0,0,1,1,H01,8,5,7,0,14,23,1,5,4,5,13,4,4,9,5,5,2,9,1,33,3,10,4,5,8,21,8,20,9,16,,60,,1,22,,121.5716739,25.06054391
112,10,25,18,26,2,12內湖區,內湖區彩虹河濱公園自行車道,0,0,1,2,F01,8,5,7,0,14,23,1,5,4,5,13,4,4,9,5,5,2,9,1,42,2,8,4,1,7,9,8,20,9,12,,44,,1,21,,121.5716739,25.06054391
112,10,25,18,34,2,10文山區,文山區木柵路4段與木柵路4段33巷口,0,0,1,2,C03,8,5,5,50,3,1,1,5,4,5,13,1,1,4,3,5,2,16,1,30,3,10,5,1,7,9,1,10,2,11,,44,,1,21,,121.5715432,24.9940692
112,10,25,18,34,2,10文山區,文山區木柵路4段與木柵路4段33巷口,0,0,1,1,C03,8,5,5,50,3,1,1,5,4,5,13,1,1,4,3,5,2,16,2,53,2,8,5,1,7,5,1,10,2,12,,74,,1,21,,121.5715432,24.9940692
112,10,25,18,37,2,02萬華區,萬華區環河南路1段與成都路口,0,0,1,1,B01,7,7,5,50,3,1,1,5,4,5,13,3,1,9,5,5,2,13,1,62,3,10,7,1,7,9,1,4,1,1,,107,,1,21,,121.5007818,25.04422436
112,10,25,18,37,2,02萬華區,萬華區環河南路1段與成都路口,0,0,1,2,C03,7,7,5,50,3,1,1,5,4,5,13,3,1,9,5,5,2,13,1,49,2,8,5,1,7,14,1,10,1,13,,44,,1,21,,121.5007818,25.04422436
112,10,25,18,44,2,05中正區,中正區重慶南路3段與和平西路1段口,0,0,2,1,C03,8,5,5,30,5,2,1,5,4,5,13,1,1,1,4,5,2,13,2,28,2,9,5,4,7,9,1,8,1,11,,16,,1,21,,121.5158943,25.0272212
112,10,25,18,44,2,05中正區,中正區重慶南路3段與和平西路1段口,0,0,2,2,C03,8,5,5,30,5,2,1,5,4,5,13,1,1,1,4,5,2,13,1,55,2,9,5,4,7,14,1,10,1,13,,44,,1,21,,121.5158943,25.0272212
112,10,25,18,46,2,12內湖區,內湖區南京東路6段西向東113號燈桿,0,0,1,3,B01,8,5,5,50,14,9,1,5,4,5,13,4,4,1,4,5,2,13,1,37,3,10,7,1,7,1,1,4,2,3,,44,,1,21,,121.5911839,25.06217053
112,10,25,18,46,2,12內湖區,內湖區南京東路6段西向東113號燈桿,0,0,1,2,B03,8,5,5,50,14,9,1,5,4,5,13,4,4,1,4,5,2,13,1,45,2,1,7,1,7,14,6,4,2,3,,44,,1,21,,121.5911839,25.06217053
112,10,25,18,46,2,12內湖區,內湖區南京東路6段西向東113號燈桿,0,0,1,1,B03,8,5,5,50,14,9,1,5,4,5,13,4,4,1,4,5,2,13,2,53,3,10,7,1,7,9,1,8,2,1,,16,,1,21,,121.5911839,25.06217053
112,10,25,18,55,2,05中正區,中正區林森南路與濟南路1段口,0,0,1,1,C03,8,5,5,50,4,2,1,5,4,5,13,1,1,5,4,5,2,12,2,41,2,8,5,1,7,8,1,9,2,14,,100,,1,21,,121.5227769,25.0426394
112,10,25,18,55,2,05中正區,中正區林森南路與濟南路1段口,0,0,1,2,B03,8,5,5,50,4,2,1,5,4,5,13,1,1,5,4,5,2,12,2,44,3,10,7,1,7,9,1,8,2,5,,44,,1,21,,121.5227769,25.0426394
112,10,25,18,55,2,05中正區,中正區林森南路與濟南路1段口,0,0,1,3,B03,8,5,5,50,4,2,1,5,4,5,13,1,1,5,4,5,2,12,3,45,,,,,,,,,10,,,67,,1,,,121.5227769,25.0426394
112,10,25,18,57,2,09北投區,北投區公館路與大興街口,0,0,1,2,C03,8,5,5,50,4,1,1,5,4,5,13,1,1,9,4,5,1,12,1,19,3,10,6,1,7,9,1,10,1,11,,44,,1,21,,121.5046587,25.1310409
112,10,25,18,57,2,09北投區,北投區公館路與大興街口,0,0,1,3,H02,8,5,5,50,4,1,1,5,4,5,13,1,1,9,4,5,1,12,2,45,2,8,3,5,7,20,8,20,10,17,,67,,1,21,,121.5046587,25.1310409
112,10,25,18,57,2,09北投區,北投區公館路與大興街口,0,0,1,1,C03,8,5,5,50,4,1,1,5,4,5,13,1,1,9,4,5,1,12,1,45,3,10,6,1,7,15,1,10,1,12,,74,,1,21,,121.5046587,25.1310409
112,10,25,20,17,2,07信義區,信義區光復南路與光復南路419巷口,0,0,1,2,F01,8,5,8,30,3,1,1,5,4,5,13,4,4,8,3,5,2,17,2,59,2,9,3,4,7,15,8,20,11,11,,99,,1,22,,121.5574827,25.0365165
112,10,25,20,17,2,07信義區,信義區光復南路與光復南路419巷口,0,0,1,1,C03,8,5,8,30,3,1,1,5,4,5,13,4,4,8,3,5,2,17,2,31,3,10,3,4,7,15,1,10,11,12,,9,,1,22,,121.5574827,25.0365165
112,10,25,20,20,2,03中山區,中山區吉林路與吉林路10巷口,0,0,1,2,C03,8,5,5,50,3,1,1,5,4,5,13,3,1,10,5,5,2,16,1,56,2,8,6,1,7,9,1,10,1,12,,44,,1,21,,121.530046,25.04972294
112,10,25,20,20,2,03中山區,中山區吉林路與吉林路10巷口,0,0,1,1,B03,8,5,5,50,3,1,1,5,4,5,13,3,1,10,5,5,2,16,1,24,3,10,7,1,7,11,1,8,1,4,,10,,1,21,,121.530046,25.04972294
112,10,25,20,38,2,04大安區,大安區仁愛路4段與延吉街口,0,0,1,2,C03,8,5,5,50,4,1,1,5,4,5,13,2,1,1,4,1,2,13,2,27,2,9,6,4,7,9,1,10,1,11,,107,,1,21,,121.555377,25.037833
112,10,25,20,38,2,04大安區,大安區仁愛路4段與延吉街口,0,0,1,1,B03,8,5,5,50,4,1,1,5,4,5,13,2,1,1,4,1,2,13,1,47,3,10,3,4,7,6,1,8,9,7,,9,,2,21,,121.555377,25.037833
112,10,25,21,13,2,05中正區,中正區忠孝西路1段西往東北門旁,0,0,2,4,C03,8,5,5,50,14,9,1,5,4,5,13,4,4,9,4,4,1,13,1,16,2,9,6,1,7,9,2,18,2,13,,44,,1,21,,121.5105176,25.0480263
112,10,25,21,13,2,05中正區,中正區忠孝西路1段西往東北門旁,0,0,2,3,A12,8,5,5,50,14,9,1,5,4,5,13,4,4,9,4,4,1,13,1,25,3,10,2,1,7,9,1,3,2,2,,44,,1,21,,121.5105176,25.0480263
112,10,25,21,13,2,05中正區,中正區忠孝西路1段西往東北門旁,0,0,2,2,C04,8,5,5,50,14,9,1,5,4,5,13,4,4,9,4,4,1,13,1,39,2,9,5,1,7,9,1,10,2,13,,44,,1,21,,121.5105176,25.0480263
112,10,25,21,13,2,05中正區,中正區忠孝西路1段西往東北門旁,0,0,2,1,B03,8,5,5,50,14,9,1,5,4,5,13,4,4,9,4,4,1,13,1,43,3,10,2,1,7,7,1,8,2,1,,100,,1,21,,121.5105176,25.0480263
112,10,25,22,13,2,03中山區,中山區新生北路3段與德惠街口,0,0,1,2,C03,8,5,5,50,4,2,1,5,4,5,13,1,1,1,3,5,1,11,1,24,2,7,6,4,7,8,1,10,2,14,,100,,1,21,,121.5279831,25.06670995
112,10,25,22,13,2,03中山區,中山區新生北路3段與德惠街口,0,0,1,1,C03,8,5,5,50,4,2,1,5,4,5,13,1,1,1,3,5,1,11,1,26,3,10,6,4,7,9,1,10,7,12,,21,,2,21,,121.5279831,25.06670995
112,10,25,22,30,2,09北投區,北投區公館路與公館路301巷口,0,0,1,1,B01,7,5,5,30,4,1,1,5,4,5,13,4,4,5,5,5,2,15,1,50,3,10,7,1,7,9,1,8,2,2,,13,,1,21,,121.5062683,25.1244413
112,10,25,22,30,2,09北投區,北投區公館路與公館路301巷口,0,0,1,2,C03,7,5,5,30,4,1,1,5,4,5,13,4,4,5,5,5,2,15,1,21,2,8,5,1,7,9,1,10,2,11,,72,,1,21,,121.5062683,25.1244413
112,10,25,23,10,2,05中正區,中正區中正橋往永和,0,0,1,1,B01,7,5,5,30,8,9,1,5,4,5,13,4,4,3,5,5,2,13,1,65,3,10,3,4,7,12,1,4,2,3,,44,,1,21,,121.5167184,25.022726
112,10,25,23,10,2,05中正區,中正區中正橋往永和,0,0,1,2,C03,7,5,5,30,8,9,1,5,4,5,13,4,4,3,5,5,2,13,1,20,2,3,5,1,7,9,1,10,2,11,,16,,1,21,,121.5167184,25.022726
112,10,25,23,10,2,05中正區,中正區中正橋往永和,0,0,1,3,H02,7,5,5,30,8,9,1,5,4,5,13,4,4,3,5,5,2,13,2,19,4,11,5,5,7,20,8,20,10,16,,67,,1,21,,121.5167184,25.022726
112,10,25,23,19,2,03中山區,中山區民權西路10巷10號,0,0,1,2,H01,8,5,5,30,14,9,1,5,4,5,13,4,4,10,5,5,1,3,1,41,2,9,4,5,8,16,8,20,10,16,,121,,1,21,,121.5221206,25.06212075
112,10,25,23,19,2,03中山區,中山區民權西路10巷10號,0,0,1,1,C03,8,5,5,30,14,9,1,5,4,5,13,4,4,10,5,5,1,3,1,28,3,10,3,4,7,9,1,9,2,11,,108,,1,21,,121.5221206,25.06212075
112,10,26,0,24,2,11南港區,南港區南港路1段263號,0,0,2,2,C03,8,5,5,50,14,9,1,5,4,5,13,4,4,5,4,5,2,16,1,49,2,9,6,1,7,9,1,10,1,11,,44,,1,21,,121.6095931,25.0548449
112,10,26,0,24,2,11南港區,南港區南港路1段263號,0,0,2,1,B01,8,5,5,50,14,9,1,5,4,5,13,4,4,5,4,5,2,16,1,60,2,1,7,1,7,11,1,4,1,4,,10,,1,21,,121.6095931,25.0548449
112,10,26,1,1,2,08士林區,士林區中山北路5段112號,0,0,1,1,B03,8,5,5,50,14,9,1,5,4,5,13,1,1,4,5,5,1,17,1,35,3,10,2,1,7,8,1,8,11,15,,100,,2,21,,121.5255109,25.085106
112,10,26,1,1,2,08士林區,士林區中山北路5段112號,0,0,1,2,C03,8,5,5,50,14,9,1,5,4,5,13,1,1,4,5,5,1,17,2,19,2,9,5,1,7,9,1,10,1,14,,44,,1,21,,121.5255109,25.085106
112,10,26,1,1,2,07信義區,信義區松信路與永吉路200巷56弄口,0,0,1,1,B03,8,5,5,50,4,1,1,5,4,5,13,2,1,8,3,5,2,17,1,39,3,10,3,4,7,9,1,8,1,6,,81,,1,22,,121.5720476,25.0434912
112,10,26,1,1,2,07信義區,信義區松信路與永吉路200巷56弄口,0,0,1,2,C03,8,5,5,50,4,1,1,5,4,5,13,2,1,8,3,5,2,17,1,19,2,9,3,4,7,9,1,10,1,11,,13,,1,22,,121.5720476,25.0434912
112,10,26,3,19,2,03中山區,中山區林森北路419號,0,0,2,3,H02,8,5,5,50,14,9,1,5,4,5,13,4,4,8,3,5,1,17,2,20,2,1,6,5,7,20,8,20,10,16,,67,,1,22,,121.5256,25.06071814
112,10,26,3,19,2,03中山區,中山區林森北路419號,0,0,2,2,B01,8,5,5,50,14,9,1,5,4,5,13,4,4,8,3,5,1,17,1,59,3,10,7,1,7,1,1,4,1,8,,19,,1,21,,121.5256,25.06071814
112,10,26,3,19,2,03中山區,中山區林森北路419號,0,0,2,1,C03,8,5,5,50,14,9,1,5,4,5,13,4,4,8,3,5,1,17,2,20,2,8,6,1,7,9,1,10,1,11,,107,,1,21,,121.5256,25.06071814
112,10,26,4,55,2,02萬華區,萬華區萬大路與莒光路口,0,0,1,2,H01,7,5,5,50,4,2,1,5,4,5,13,2,1,5,4,5,1,9,1,28,2,7,4,5,8,16,8,20,10,16,,67,,1,22,,121.5007011,25.0313026
112,10,26,4,55,2,02萬華區,萬華區萬大路與莒光路口,0,0,1,1,C03,7,5,5,50,4,2,1,5,4,5,13,2,1,5,4,5,1,9,2,68,4,11,3,4,7,21,7,19,11,15,,119,,2,22,,121.5007011,25.0313026
112,10,26,5,23,2,04大安區,大安區市民大道3段與建國南路1段口,0,0,2,3,H02,8,5,5,50,4,2,1,5,4,5,13,2,1,1,3,1,2,13,1,56,2,9,3,5,7,17,8,20,10,16,,67,,1,21,,121.5361653,25.0447625
112,10,26,5,23,2,04大安區,大安區市民大道3段與建國南路1段口,0,0,2,1,A12,8,5,5,50,4,2,1,5,4,5,13,2,1,1,3,1,2,13,1,52,3,10,7,1,7,9,1,3,2,1,,108,,1,21,,121.5361653,25.0447625
112,10,26,5,23,2,04大安區,大安區市民大道3段與建國南路1段口,0,0,2,2,B01,8,5,5,50,4,2,1,5,4,5,13,2,1,1,3,1,2,13,1,60,2,9,7,1,7,14,1,4,2,3,,44,,1,21,,121.5361653,25.0447625
112,10,26,6,21,2,07信義區,信義區忠孝東路4段559巷與基隆路1段172巷口口,0,0,1,1,C03,8,7,5,30,4,1,1,5,4,5,13,4,4,10,5,5,2,15,1,57,2,9,6,1,7,9,1,10,2,12,,72,,1,22,,121.5637018,25.0432522
112,10,26,6,21,2,07信義區,信義區忠孝東路4段559巷與基隆路1段172巷口口,0,0,1,2,B03,8,7,5,30,4,1,1,5,4,5,13,4,4,10,5,5,2,15,1,58,3,10,7,1,7,9,1,8,2,1,,13,,1,22,,121.5637018,25.0432522
112,10,26,6,43,2,01大同區,大同區鄭州路與塔城街口,0,0,1,1,C03,8,6,5,50,4,1,1,5,4,5,13,2,1,8,3,5,1,15,1,57,3,10,3,1,7,9,1,10,2,14,,81,,1,21,,121.5105683,25.0500701
112,10,26,6,43,2,01大同區,大同區鄭州路與塔城街口,0,0,1,2,C03,8,6,5,50,4,1,1,5,4,5,13,2,1,8,3,5,1,15,1,33,2,7,3,1,7,9,1,10,2,11,,44,,1,21,,121.5105683,25.0500701
112,10,26,6,53,2,07信義區,信義區松信路61號,0,0,1,2,F01,8,6,5,50,14,9,1,5,4,5,13,4,4,9,5,5,1,17,1,84,3,10,3,4,7,15,8,20,1,17,,42,,1,21,,121.572139,25.0472623
112,10,26,6,53,2,07信義區,信義區松信路61號,0,0,1,1,C03,8,6,5,50,14,9,1,5,4,5,13,4,4,9,5,5,1,17,1,64,2,8,3,4,7,9,1,10,1,12,,42,,1,21,,121.572139,25.0472623
112,10,26,6,59,2,08士林區,士林區延平北路6段405號前,0,0,1,2,B03,8,6,5,50,14,7,1,5,4,5,13,4,4,1,4,4,2,16,1,55,3,10,7,1,7,1,1,8,1,6,,44,,1,21,,121.5004222,25.0910212
112,10,26,6,59,2,08士林區,士林區延平北路6段405號前,0,0,1,3,H02,8,6,5,50,14,7,1,5,4,5,13,4,4,1,4,4,2,16,2,45,2,9,7,5,7,20,8,20,10,16,,67,,1,21,,121.5004222,25.0910212