發生年度,發生月,發生日,發生時-Hours,發生分,處理別-編號,區序,肇事地點,死亡人數,2-30日死亡人數,受傷人數,當事人序號,車種,天候,光線,道路類別,速限-速度限制,道路型態,事故位置,路面狀況1,路面狀況2,路面狀況3,道路障礙1,道路障礙2,號誌1,號誌2,車道劃分-分向,車道劃分-分道1,車道劃分-分道2,車道劃分-分道3,事故類型及型態,性別,年齡,受傷程度,主要傷處,保護裝置,行動電話,車輛用途,當事者行動狀態,駕駛資格情形,駕駛執照種類,飲酒情形,車輛撞擊部位1,車輛撞擊部位2,肇因碼-個別,肇因碼-主要,個人肇逃否,職業,旅次目的,座標-X,座標-Y
112,10,26,6,59,2,08士林區,士林區延平北路6段405號前,0,0,1,1,B03,8,6,5,50,14,7,1,5,4,5,13,4,4,1,4,4,2,16,1,27,3,10,7,1,7,8,3,18,1,8,,107,,1,21,,121.5004222,25.0910212
112,10,26,7,22,2,09北投區,北投區稻香路與中央北路2段口,0,0,1,2,B12,8,7,5,40,5,1,1,5,4,5,13,1,1,5,5,5,2,16,1,51,3,10,7,1,7,6,1,7,1,5,,44,,1,22,,121.491153,25.1386156
112,10,26,7,22,2,09北投區,北投區稻香路與中央北路2段口,0,0,1,1,C03,8,7,5,40,5,1,1,5,4,5,13,1,1,5,5,5,2,16,1,79,2,9,5,1,7,5,1,10,1,14,,8,,1,22,,121.491153,25.1386156
112,10,26,7,24,2,09北投區,北投區中央北路2段與稻香路口,0,0,1,1,C03,8,6,5,50,5,1,1,5,4,5,13,2,1,5,4,5,2,16,1,54,3,10,5,1,7,6,1,10,9,11,,71,,1,21,,121.4912901,25.1386809
112,10,26,7,24,2,09北投區,北投區中央北路2段與稻香路口,0,0,1,2,F01,8,6,5,50,5,1,1,5,4,5,13,2,1,5,4,5,2,16,2,40,2,9,4,1,7,9,8,20,9,14,,42,,1,21,,121.4912901,25.1386809
112,10,26,7,37,2,01大同區,大同區承德橋機慢車道往南下橋處,0,0,3,3,C03,8,6,5,40,8,11,1,5,4,5,13,4,4,4,2,5,2,13,1,59,2,8,6,1,7,9,1,10,1,11,,44,,1,21,,121.5201952,25.07561068
112,10,26,7,37,2,01大同區,大同區承德橋機慢車道往南下橋處,0,0,3,1,C03,8,6,5,40,8,11,1,5,4,5,13,4,4,4,2,5,2,13,1,18,3,10,6,1,7,9,1,10,1,11,,44,,1,21,,121.5201952,25.07561068
112,10,26,7,37,2,01大同區,大同區承德橋機慢車道往南下橋處,0,0,3,2,C03,8,6,5,40,8,11,1,5,4,5,13,4,4,4,2,5,2,13,1,37,3,10,6,1,7,9,1,10,1,13,,44,,1,21,,121.5201952,25.07561068
112,10,26,7,37,2,01大同區,大同區承德橋機慢車道往南下橋處,0,0,3,4,C03,8,6,5,40,8,11,1,5,4,5,13,4,4,4,2,5,2,13,2,18,3,10,6,1,7,9,1,10,1,11,,108,,1,21,,121.5201952,25.07561068
112,10,26,7,37,2,01大同區,大同區承德橋機慢車道往南下橋處,0,0,3,6,C03,8,6,5,40,8,11,1,5,4,5,13,4,4,4,2,5,2,13,2,18,2,9,6,1,7,9,1,10,1,11,,108,,1,21,,121.5201952,25.07561068
112,10,26,7,37,2,01大同區,大同區承德橋機慢車道往南下橋處,0,0,3,5,C03,8,6,5,40,8,11,1,5,4,5,13,4,4,4,2,5,2,13,2,18,2,9,6,1,7,9,1,10,1,13,,44,,1,21,,121.5201952,25.07561068
112,10,26,7,38,2,01大同區,大同區忠孝西路2段與西寧北路口,0,0,1,1,C03,8,6,5,50,14,9,1,5,4,5,13,2,1,8,3,5,1,13,2,28,2,8,6,1,7,9,1,10,1,11,,16,,1,21,,121.5076874,25.0490447
112,10,26,7,38,2,01大同區,大同區忠孝西路2段與西寧北路口,0,0,1,3,C03,8,6,5,50,14,9,1,5,4,5,13,2,1,8,3,5,1,13,1,67,3,10,6,1,7,9,1,10,1,13,,44,,1,21,,121.5076874,25.0490447
112,10,26,7,38,2,01大同區,大同區忠孝西路2段與西寧北路口,0,0,1,2,C03,8,6,5,50,14,9,1,5,4,5,13,2,1,8,3,5,1,13,1,35,3,10,6,1,7,9,1,10,1,12,,44,,1,21,,121.5076874,25.0490447
112,10,26,7,40,2,02萬華區,萬華區西園路2段與莒光路口,0,0,1,1,F01,8,7,5,50,3,1,1,5,4,5,13,1,1,3,3,5,2,16,2,62,2,9,4,4,7,8,8,20,1,14,,100,,1,22,,121.4970033,25.0310615
112,10,26,7,40,2,02萬華區,萬華區西園路2段與莒光路口,0,0,1,2,B03,8,7,5,50,3,1,1,5,4,5,13,1,1,3,3,5,2,16,1,53,3,10,3,4,7,6,1,8,1,2,,44,,1,22,,121.4970033,25.0310615
112,10,26,8,15,2,06松山區,松山區八德路3段與北寧路口,0,0,2,1,C03,8,7,5,50,4,1,1,5,4,5,13,2,1,9,4,5,2,15,1,44,2,8,5,1,7,1,1,10,1,11,,108,,1,22,,121.5526013,25.0482621
112,10,26,8,15,2,06松山區,松山區八德路3段與北寧路口,0,0,2,2,C03,8,7,5,50,4,1,1,5,4,5,13,2,1,9,4,5,2,15,2,50,2,9,5,1,7,15,1,10,1,12,,74,,1,22,,121.5526013,25.0482621
112,10,26,8,24,2,04大安區,大安區基隆路2段與樂業街口,0,0,2,1,C03,8,7,5,50,4,2,1,5,4,5,13,2,1,8,3,5,1,13,2,30,2,7,5,1,7,12,1,10,1,11,,16,,1,26,,121.5503002,25.02248181
112,10,26,8,24,2,04大安區,大安區基隆路2段與樂業街口,0,0,2,2,C03,8,7,5,50,4,2,1,5,4,5,13,2,1,8,3,5,1,13,1,27,3,10,5,1,7,6,1,10,1,13,,44,,1,26,,121.5503002,25.02248181
112,10,26,8,24,2,04大安區,大安區基隆路2段與樂業街口,0,0,2,3,C03,8,7,5,50,4,2,1,5,4,5,13,2,1,8,3,5,1,13,1,31,2,8,5,1,7,12,1,10,1,11,,16,,1,26,,121.5503002,25.02248181
112,10,26,8,25,2,09北投區,北投區承德路6段與無名巷口,0,0,1,1,C03,8,6,5,40,14,8,1,5,4,5,13,4,4,9,5,4,2,13,1,37,2,8,5,1,7,9,1,10,1,11,,16,,1,21,,121.5123037,25.103287
112,10,26,8,25,2,09北投區,北投區承德路6段與無名巷口,0,0,1,2,C03,8,6,5,40,14,8,1,5,4,5,13,4,4,9,5,4,2,13,1,42,3,10,5,1,7,9,1,10,1,13,,44,,1,21,,121.5123037,25.103287
112,10,26,8,25,2,12內湖區,內湖區民權東路6段45號前,0,0,2,1,B03,8,6,5,40,14,8,1,5,4,5,13,4,4,1,4,4,2,12,1,34,3,10,7,1,7,7,1,8,1,5,,100,,1,21,,121.5864614,25.06906686
112,10,26,8,25,2,12內湖區,內湖區民權東路6段45號前,0,0,2,2,C03,8,6,5,40,14,8,1,5,4,5,13,4,4,1,4,4,2,12,1,35,2,9,5,1,7,9,1,10,1,14,,44,,1,21,,121.5864614,25.06906686
112,10,26,8,25,2,12內湖區,內湖區民權東路6段45號前,0,0,2,3,H02,8,6,5,40,14,8,1,5,4,5,13,4,4,1,4,4,2,12,2,28,2,9,5,5,7,21,8,20,10,16,,67,,1,21,,121.5864614,25.06906686
112,10,26,8,33,2,08士林區,士林區承德路4段與劍潭路口,0,0,1,2,C03,8,5,5,50,14,9,1,5,4,5,13,4,4,1,4,5,2,17,1,24,2,9,5,1,7,9,1,10,1,12,,13,,1,21,,121.5234171,25.084533
112,10,26,8,33,2,08士林區,士林區承德路4段與劍潭路口,0,0,1,1,B03,8,5,5,50,14,9,1,5,4,5,13,4,4,1,4,5,2,17,1,44,3,10,7,1,7,7,1,8,1,17,,100,,1,21,,121.5234171,25.084533
112,10,26,8,35,2,05中正區,中正區市民大道2段與林森北路口,0,0,1,1,C03,8,7,5,40,4,1,1,5,4,5,13,1,1,1,4,5,2,16,1,23,3,10,5,1,7,7,1,10,2,12,,100,,1,21,,121.5242232,25.0476935
112,10,26,8,35,2,05中正區,中正區市民大道2段與林森北路口,0,0,1,2,C03,8,7,5,40,4,1,1,5,4,5,13,1,1,1,4,5,2,16,2,43,2,9,5,1,7,9,1,10,2,14,,44,,1,21,,121.5242232,25.0476935
112,10,26,8,35,2,06松山區,松山區市民大道4段與復興南路1段口,0,0,2,2,F02,8,5,5,40,4,1,1,5,4,5,13,2,1,3,4,5,2,16,2,40,2,9,4,4,7,9,8,20,1,11,,44,,1,22,,121.5491597,25.0449267
112,10,26,8,35,2,06松山區,松山區市民大道4段與復興南路1段口,0,0,2,3,H02,8,5,5,40,4,1,1,5,4,5,13,2,1,3,4,5,2,16,2,3,2,9,4,5,7,20,8,20,10,16,,67,,1,22,,121.5491597,25.0449267
112,10,26,8,35,2,06松山區,松山區市民大道4段與復興南路1段口,0,0,2,1,C03,8,5,5,40,4,1,1,5,4,5,13,2,1,3,4,5,2,16,1,29,3,10,6,4,7,6,1,10,2,12,,9,,1,22,,121.5491597,25.0449267
112,10,26,8,45,2,06松山區,松山區八德路4段181巷16弄與八德路4段181巷口,0,0,2,2,C03,8,6,5,30,4,1,1,5,4,5,13,4,4,10,5,5,2,15,1,24,2,9,6,1,7,9,1,10,2,11,,14,,1,21,,121.5631783,25.04920644
112,10,26,8,45,2,06松山區,松山區八德路4段181巷16弄與八德路4段181巷口,0,0,2,1,C03,8,6,5,30,4,1,1,5,4,5,13,4,4,10,5,5,2,15,1,25,2,7,6,1,7,9,1,10,2,12,,72,,1,21,,121.5631783,25.04920644
112,10,26,9,0,2,04大安區,大安區市民大道3段206號,0,0,1,2,,8,6,5,40,14,9,1,5,4,5,13,4,4,1,4,5,2,18,3,0,,,,,,,,,,,,67,,1,,,121.5403168,25.0444333
112,10,26,9,0,2,04大安區,大安區市民大道3段206號,0,0,1,1,C03,8,6,5,40,14,9,1,5,4,5,13,4,4,1,4,5,2,18,2,28,2,9,5,1,7,12,1,10,1,12,,42,,1,21,,121.5403168,25.0444333
112,10,26,9,0,2,12內湖區,內湖區內湖路1段316號,0,0,1,2,C03,8,6,5,40,14,8,1,5,4,5,13,4,4,1,4,4,2,17,1,37,2,9,5,1,7,9,1,10,1,14,,44,,1,21,,121.5696967,25.081843
112,10,26,9,0,2,12內湖區,內湖區內湖路1段316號,0,0,1,1,B03,8,6,5,40,14,8,1,5,4,5,13,4,4,1,4,4,2,17,1,37,3,10,7,1,7,8,1,8,1,2,,100,,1,21,,121.5696967,25.081843
112,10,26,9,5,2,03中山區,中山區南京東路3段與復興北路口,0,0,1,1,B03,8,7,5,50,4,1,1,5,4,5,13,2,1,9,4,5,2,17,1,56,3,10,7,1,7,9,1,8,1,1,,16,,1,21,,121.5436069,25.0518047
112,10,26,9,5,2,03中山區,中山區南京東路3段與復興北路口,0,0,1,2,C03,8,7,5,50,4,1,1,5,4,5,13,2,1,9,4,5,2,17,2,63,2,9,5,1,7,9,1,10,1,13,,44,,1,21,,121.5436069,25.0518047
112,10,26,9,12,2,10文山區,文山區景福街242巷與萬慶街口口,0,0,2,1,C03,8,6,5,30,4,1,1,5,4,5,13,4,4,10,5,5,2,15,1,37,2,9,6,1,7,9,1,10,2,12,,72,,1,21,,121.5394137,24.9927085
112,10,26,9,12,2,10文山區,文山區景福街242巷與萬慶街口口,0,0,2,2,B01,8,6,5,30,4,1,1,5,4,5,13,4,4,10,5,5,2,15,1,42,2,1,7,1,7,9,1,4,2,8,,14,,1,21,,121.5394137,24.9927085
112,10,26,9,15,2,03中山區,中山區松江路與渭水路口,0,0,1,1,B03,8,5,5,50,4,1,1,5,4,5,13,1,1,1,4,5,2,16,1,34,3,10,7,1,7,5,1,8,1,1,,8,,1,21,,121.5329897,25.04596133
112,10,26,9,15,2,03中山區,中山區松江路與渭水路口,0,0,1,2,F06,8,5,5,50,4,1,1,5,4,5,13,1,1,1,4,5,2,16,1,33,2,9,4,1,7,9,8,20,1,14,,44,,1,21,,121.5329897,25.04596133
112,10,26,9,16,2,07信義區,信義區松信路與松隆路159巷口,0,0,2,1,C03,8,7,5,50,3,1,1,5,4,5,13,4,4,9,3,4,2,16,1,69,2,9,6,4,7,5,1,10,1,11,,74,,1,21,,121.5722424,25.0482627
112,10,26,9,16,2,07信義區,信義區松信路與松隆路159巷口,0,0,2,2,C03,8,7,5,50,3,1,1,5,4,5,13,4,4,9,3,4,2,16,1,55,2,9,6,4,7,9,1,10,1,11,,13,,1,21,,121.5722424,25.0482627
112,10,26,9,31,2,04大安區,大安區忠孝東路3段與復興南路1段口,0,0,1,1,C03,8,6,5,50,14,9,1,5,4,5,13,4,4,1,4,5,1,17,1,36,3,10,5,1,7,15,1,10,1,17,,42,,1,21,,121.5428315,25.041519
112,10,26,9,31,2,04大安區,大安區忠孝東路3段與復興南路1段口,0,0,1,2,C03,8,6,5,50,14,9,1,5,4,5,13,4,4,1,4,5,1,17,1,30,2,9,5,1,7,9,1,10,1,11,,44,,1,21,,121.5428315,25.041519
112,10,26,9,35,2,12內湖區,內湖區成功交流道與成功交流道口西南角,0,0,2,2,C03,8,5,5,0,4,1,1,5,4,5,13,1,1,1,4,5,2,16,1,27,2,9,6,1,7,9,1,9,1,14,,44,,1,21,,121.590288,25.06446032
112,10,26,9,35,2,12內湖區,內湖區成功交流道與成功交流道口西南角,0,0,2,1,C03,8,5,5,0,4,1,1,5,4,5,13,1,1,1,4,5,2,16,2,26,2,9,6,1,7,9,1,10,1,12,,80,,1,21,,121.590288,25.06446032
112,10,26,9,37,2,04大安區,大安區和平東路2段118巷6弄6號,0,0,1,4,C03,8,6,5,30,14,9,1,5,4,5,13,4,4,10,5,5,2,12,3,65,,,,,,,,,10,,,67,,1,,,121.5425111,25.0237164
112,10,26,9,37,2,04大安區,大安區和平東路2段118巷6弄6號,0,0,1,3,C03,8,6,5,30,14,9,1,5,4,5,13,4,4,10,5,5,2,12,3,34,,,,,,,,,10,,,67,,1,,,121.5425111,25.0237164
112,10,26,9,37,2,04大安區,大安區和平東路2段118巷6弄6號,0,0,1,2,C03,8,6,5,30,14,9,1,5,4,5,13,4,4,10,5,5,2,12,2,29,2,9,6,1,7,9,1,10,1,11,,107,,1,21,,121.5425111,25.0237164
112,10,26,9,37,2,04大安區,大安區和平東路2段118巷6弄6號,0,0,1,1,B03,8,6,5,30,14,9,1,5,4,5,13,4,4,10,5,5,2,12,2,25,3,10,7,1,7,1,1,8,1,5,,19,,1,21,,121.5425111,25.0237164
112,10,26,9,45,2,08士林區,士林區承德橋012燈桿,0,0,2,1,C03,8,5,5,50,8,11,1,5,4,5,13,4,4,4,2,5,2,17,2,40,2,9,5,1,7,9,1,10,1,11,,16,,1,21,,121.5216179,25.0794773
112,10,26,9,45,2,08士林區,士林區承德橋012燈桿,0,0,2,2,C03,8,5,5,50,8,11,1,5,4,5,13,4,4,4,2,5,2,17,1,51,2,9,5,1,7,9,1,10,1,13,,44,,1,21,,121.5216179,25.0794773
112,10,26,9,46,2,12內湖區,內湖區成功路2段與石潭路口,0,0,1,1,C03,8,6,5,50,14,9,1,5,4,5,13,1,1,1,4,5,2,13,1,45,2,8,5,1,7,9,1,10,1,11,,16,,1,21,,121.5908186,25.06347892
112,10,26,9,46,2,12內湖區,內湖區成功路2段與石潭路口,0,0,1,2,B12,8,6,5,50,14,9,1,5,4,5,13,1,1,1,4,5,2,13,1,32,3,10,7,1,7,12,1,8,1,6,,44,,1,21,,121.5908186,25.06347892
112,10,26,10,0,2,12內湖區,內湖區民權東路6段與民權東路6段56巷口口,0,0,2,1,C03,8,6,5,50,4,4,1,5,4,5,13,2,1,1,4,5,2,13,1,19,2,1,5,1,7,9,1,10,1,11,,16,,1,21,,121.5841954,25.06865871
112,10,26,10,0,2,12內湖區,內湖區民權東路6段與民權東路6段56巷口口,0,0,2,2,C03,8,6,5,50,4,4,1,5,4,5,13,2,1,1,4,5,2,13,2,28,2,8,5,1,7,14,1,10,1,13,,44,,1,21,,121.5841954,25.06865871
112,10,26,10,1,2,09北投區,北投區公館路與承德路7段口400號出入道路,0,0,2,3,H02,8,7,5,50,3,1,1,5,4,5,13,3,1,5,4,5,2,15,2,71,2,9,5,5,7,20,8,20,10,16,,67,,1,22,,121.5019552,25.12018144
112,10,26,10,1,2,09北投區,北投區公館路與承德路7段口400號出入道路,0,0,2,1,B11,8,7,5,50,3,1,1,5,4,5,13,3,1,5,4,5,2,15,1,50,3,10,7,1,7,1,1,4,2,4,,19,,1,22,,121.5019552,25.12018144
112,10,26,10,1,2,09北投區,北投區公館路與承德路7段口400號出入道路,0,0,2,2,C03,8,7,5,50,3,1,1,5,4,5,13,3,1,5,4,5,2,15,1,68,2,9,5,1,7,9,1,10,2,11,,14,,1,22,,121.5019552,25.12018144
112,10,26,10,3,2,03中山區,中山區吉林路與南京東路2段口,0,0,1,2,C03,8,5,5,50,4,2,1,5,4,5,13,2,1,5,4,5,2,17,1,22,2,9,3,4,7,9,1,10,1,11,,13,,1,21,,121.5300986,25.0520435
112,10,26,10,3,2,03中山區,中山區吉林路與南京東路2段口,0,0,1,1,B11,8,5,5,50,4,2,1,5,4,5,13,2,1,5,4,5,2,17,1,47,3,10,3,4,7,5,1,4,1,2,,74,,1,21,,121.5300986,25.0520435
112,10,26,10,12,2,05中正區,中正區市民大道1段與市民大道1段口Y6出口,0,0,1,2,B01,8,6,5,40,14,9,1,5,4,5,13,4,4,1,4,5,2,12,1,65,3,10,7,1,7,14,1,4,2,7,,38,,1,21,,121.5175242,25.048473
112,10,26,10,12,2,05中正區,中正區市民大道1段與市民大道1段口Y6出口,0,0,1,3,B12,8,6,5,40,14,9,1,5,4,5,13,4,4,1,4,5,2,12,1,38,3,10,7,1,7,9,3,18,2,2,,44,,1,21,,121.5175242,25.048473
112,10,26,10,12,2,05中正區,中正區市民大道1段與市民大道1段口Y6出口,0,0,1,1,C03,8,6,5,40,14,9,1,5,4,5,13,4,4,1,4,5,2,12,1,39,2,9,6,1,7,15,1,10,2,11,,100,,1,21,,121.5175242,25.048473
112,10,26,10,27,2,04大安區,大安區和平東路1段274號,0,0,1,2,B01,8,6,5,50,14,9,1,5,4,5,13,4,4,8,3,5,2,13,1,48,3,10,3,4,7,9,1,8,1,6,,44,,1,21,,121.5337446,25.0260756
112,10,26,10,27,2,04大安區,大安區和平東路1段274號,0,0,1,3,C03,8,6,5,50,14,9,1,5,4,5,13,4,4,8,3,5,2,13,2,43,3,10,3,4,7,15,1,10,1,17,,14,,1,21,,121.5337446,25.0260756
112,10,26,10,27,2,04大安區,大安區和平東路1段274號,0,0,1,1,C03,8,6,5,50,14,9,1,5,4,5,13,4,4,8,3,5,2,13,2,64,2,9,6,4,7,9,1,10,1,14,,107,,1,21,,121.5337446,25.0260756
112,10,26,10,42,2,07信義區,信義區市府路與仁愛路4段口,0,0,1,2,B03,8,7,5,50,3,2,1,5,4,5,13,2,1,9,4,5,2,16,2,52,3,10,7,1,7,6,1,8,1,6,,44,,1,21,,121.5634424,25.037647
112,10,26,10,42,2,07信義區,信義區市府路與仁愛路4段口,0,0,1,1,C03,8,7,5,50,3,2,1,5,4,5,13,2,1,9,4,5,2,16,2,35,2,7,6,1,7,9,1,10,1,11,,99,,1,21,,121.5634424,25.037647
112,10,26,11,1,2,03中山區,中山區民權東路2段118號,0,0,1,2,C03,8,5,5,50,14,9,1,5,4,5,13,4,4,5,4,5,2,13,1,38,2,9,3,4,7,12,1,10,2,13,,44,,1,21,,121.5326512,25.0624076
112,10,26,11,1,2,03中山區,中山區民權東路2段118號,0,0,1,1,B03,8,5,5,50,14,9,1,5,4,5,13,4,4,5,4,5,2,13,1,25,3,10,3,4,7,9,3,18,2,1,,16,,1,21,,121.5326512,25.0624076
112,10,26,11,20,2,01大同區,大同區環河北路1段與民生西路423巷27弄口,0,0,2,1,C03,8,5,5,50,3,2,1,5,4,5,13,4,4,3,4,1,2,16,1,59,2,9,5,1,7,5,1,10,1,11,,72,,1,21,,121.5084706,25.05771107
112,10,26,11,20,2,01大同區,大同區環河北路1段與民生西路423巷27弄口,0,0,2,2,C03,8,5,5,50,3,2,1,5,4,5,13,4,4,3,4,1,2,16,2,44,2,9,5,1,7,9,1,10,1,11,,14,,1,21,,121.5084706,25.05771107
112,10,26,11,23,2,06松山區,松山區民生東路5段177巷與民生東路口側附近5段口,0,0,1,1,A02,8,5,5,50,4,2,1,5,4,5,13,2,1,1,4,5,2,9,2,54,3,10,7,1,7,12,1,2,11,17,,44,,1,22,,121.5648877,25.0589484
112,10,26,11,23,2,06松山區,松山區民生東路5段177巷與民生東路口側附近5段口,0,0,1,2,H02,8,5,5,50,4,2,1,5,4,5,13,2,1,1,4,5,2,9,1,85,2,9,4,5,7,17,8,20,10,16,,67,,1,22,,121.5648877,25.0589484
112,10,26,11,35,2,07信義區,信義區信義路5段與松德路口,0,0,2,1,C03,7,5,6,50,5,1,1,5,4,5,13,2,1,1,4,5,2,17,2,58,2,9,5,1,7,15,1,10,2,12,,99,,1,21,,121.5745114,25.0333804
112,10,26,11,35,2,07信義區,信義區信義路5段與松德路口,0,0,2,2,C03,7,5,6,50,5,1,1,5,4,5,13,2,1,1,4,5,2,17,1,35,2,9,5,1,7,9,1,10,2,14,,44,,1,21,,121.5745114,25.0333804
112,10,26,11,45,2,05中正區,中正區中華路1段與武昌街1段口,0,0,1,1,B01,8,7,5,50,4,1,1,5,4,5,13,1,1,1,4,1,2,12,1,60,3,10,7,1,7,7,1,4,2,6,,100,,1,21,,121.5090099,25.04424574
112,10,26,11,45,2,05中正區,中正區中華路1段與武昌街1段口,0,0,1,2,C03,8,7,5,50,4,1,1,5,4,5,13,1,1,1,4,1,2,12,1,42,2,9,5,1,7,9,1,10,2,14,,44,,1,21,,121.5090099,25.04424574
112,10,26,11,46,2,04大安區,大安區信義路3段與新生南路2段口,0,0,1,1,C03,8,7,5,50,4,1,1,5,4,5,13,2,1,1,4,5,2,15,2,65,2,9,3,4,7,9,1,10,1,11,,44,,1,22,,121.533439,25.0337603
112,10,26,11,46,2,04大安區,大安區信義路3段與新生南路2段口,0,0,1,2,B12,8,7,5,50,4,1,1,5,4,5,13,2,1,1,4,5,2,15,1,36,3,10,3,4,7,9,1,8,1,2,,31,,1,22,,121.533439,25.0337603
112,10,26,11,46,2,07信義區,信義區嘉興街與嘉興街216巷口口,0,0,1,1,B02,8,6,5,30,3,1,1,5,4,5,13,4,4,9,5,4,1,16,1,52,3,10,3,4,7,5,1,4,1,8,,72,,1,22,,121.556652,25.0268255
112,10,26,11,46,2,07信義區,信義區嘉興街與嘉興街216巷口口,0,0,1,2,C03,8,6,5,30,3,1,1,5,4,5,13,4,4,9,5,4,1,16,2,77,2,9,3,4,7,9,1,10,1,13,,14,,1,22,,121.556652,25.0268255
112,10,26,12,20,2,05中正區,中正區重慶南路2段與南海路口,0,0,2,1,C03,8,6,5,50,4,1,1,5,4,5,13,2,1,10,4,5,1,16,1,52,2,7,6,1,7,9,1,10,2,12,,13,,1,21,,121.5144363,25.03192524
112,10,26,12,20,2,05中正區,中正區重慶南路2段與南海路口,0,0,2,2,C03,8,6,5,50,4,1,1,5,4,5,13,2,1,10,4,5,1,16,2,42,2,9,6,1,7,5,1,10,2,14,,8,,1,21,,121.5144363,25.03192524
112,10,26,12,20,2,05中正區,中正區重慶南路2段與南海路口,0,0,2,3,H02,8,6,5,50,4,1,1,5,4,5,13,2,1,10,4,5,1,16,1,7,4,11,6,5,7,17,8,20,10,16,,67,,1,21,,121.5144363,25.03192524
112,10,26,12,25,2,09北投區,北投區行義路與行義路137巷口,0,0,2,1,C03,8,7,5,50,3,1,1,5,4,5,13,4,4,4,5,5,1,11,1,49,2,9,6,1,7,15,1,10,1,11,,74,,1,22,,121.5278139,25.12935757
112,10,26,12,25,2,09北投區,北投區行義路與行義路137巷口,0,0,2,2,C03,8,7,5,50,3,1,1,5,4,5,13,4,4,4,5,5,1,11,1,21,2,9,6,1,7,9,1,10,1,11,,44,,1,22,,121.5278139,25.12935757
112,10,26,12,33,2,03中山區,中山區中山北路2段57號,0,0,2,1,C03,8,5,5,50,14,9,1,5,4,5,13,4,4,5,4,5,2,17,1,23,2,9,3,4,7,9,1,10,2,12,,44,,1,21,,121.5232049,25.0552968
112,10,26,12,33,2,03中山區,中山區中山北路2段57號,0,0,2,2,C03,8,5,5,50,14,9,1,5,4,5,13,4,4,5,4,5,2,17,1,41,2,9,3,4,7,9,1,10,2,14,,44,,1,21,,121.5232049,25.0552968
112,10,26,13,1,2,12內湖區,內湖區康寧路3段與東湖路口,0,0,1,1,B03,8,5,5,0,3,1,1,5,4,5,13,1,1,5,4,5,2,13,2,50,3,10,7,1,7,12,1,8,1,1,,16,,1,21,,121.6122114,25.06885189
112,10,26,13,1,2,12內湖區,內湖區康寧路3段與東湖路口,0,0,1,2,B01,8,5,5,0,3,1,1,5,4,5,13,1,1,5,4,5,2,13,1,68,2,5,7,1,7,12,1,4,1,3,,44,,1,21,,121.6122114,25.06885189
112,10,26,14,35,2,04大安區,大安區仁愛路4段125號,0,0,1,2,C03,8,5,5,50,14,9,1,5,4,5,13,4,4,1,4,5,2,12,2,60,2,9,3,4,7,9,1,10,9,14,,17,,1,22,,121.5511043,25.0380165
112,10,26,14,35,2,04大安區,大安區仁愛路4段125號,0,0,1,1,C03,8,5,5,50,14,9,1,5,4,5,13,4,4,1,4,5,2,12,1,76,3,10,3,4,7,9,3,18,9,12,,17,,1,22,,121.5511043,25.0380165
112,10,26,15,0,2,06松山區,松山區塔悠路與撫遠街389巷口,0,0,1,2,B03,8,6,5,50,4,2,1,2,4,4,12,1,2,1,3,5,2,17,1,41,3,10,7,1,7,9,1,8,1,3,,44,,1,21,,121.568091,25.06496704
112,10,26,15,0,2,06松山區,松山區塔悠路與撫遠街389巷口,0,0,1,1,C03,8,6,5,50,4,2,1,2,4,4,12,1,2,1,3,5,2,17,2,31,2,9,6,1,7,9,1,10,1,11,,108,,1,21,,121.568091,25.06496704
112,10,26,15,0,2,06松山區,松山區塔悠路與撫遠街389巷口,0,0,1,3,G03,8,6,5,50,4,2,1,2,4,4,12,1,2,1,3,5,2,17,1,53,3,10,4,1,7,15,1,5,1,17,,37,,1,21,,121.568091,25.06496704
112,10,26,15,28,2,03中山區,中山區民權西路5號,0,0,1,1,C03,8,5,5,50,14,9,1,5,4,5,13,4,4,1,3,5,1,16,1,48,3,10,5,1,7,6,1,10,1,12,,9,,1,21,,121.5221971,25.05245162
112,10,26,15,28,2,03中山區,中山區民權西路5號,0,0,1,2,C03,8,5,5,50,14,9,1,5,4,5,13,4,4,1,3,5,1,16,2,40,2,9,5,1,7,9,1,10,1,11,,44,,1,21,,121.5221971,25.05245162
112,10,26,15,39,2,07信義區,信義區永吉路與虎林街口口,0,0,1,1,B03,8,6,5,50,4,1,1,5,4,5,13,2,1,9,5,4,2,15,1,82,3,10,3,4,7,9,6,8,2,1,,44,,1,21,,121.577025,25.0454879
112,10,26,15,39,2,07信義區,信義區永吉路與虎林街口口,0,0,1,2,C03,8,6,5,50,4,1,1,5,4,5,13,2,1,9,5,4,2,15,1,37,2,9,5,4,7,9,1,10,4,12,14,81,,1,21,,121.577025,25.0454879
112,10,26,15,45,2,01大同區,大同區民生西路與迪化街1段口,0,0,2,1,C03,7,6,5,50,4,2,1,5,4,5,13,2,1,5,4,5,2,17,1,20,2,9,6,4,7,7,3,18,2,13,,101,,1,22,,121.5096931,25.0569218
112,10,26,15,45,2,01大同區,大同區民生西路與迪化街1段口,0,0,2,2,B03,7,6,5,50,4,2,1,5,4,5,13,2,1,5,4,5,2,17,1,44,3,10,3,4,7,9,1,8,2,5,,107,,1,22,,121.5096931,25.0569218