發生年度,發生月,發生日,發生時-Hours,發生分,處理別-編號,區序,肇事地點,死亡人數,2-30日死亡人數,受傷人數,當事人序號,車種,天候,光線,道路類別,速限-速度限制,道路型態,事故位置,路面狀況1,路面狀況2,路面狀況3,道路障礙1,道路障礙2,號誌1,號誌2,車道劃分-分向,車道劃分-分道1,車道劃分-分道2,車道劃分-分道3,事故類型及型態,性別,年齡,受傷程度,主要傷處,保護裝置,行動電話,車輛用途,當事者行動狀態,駕駛資格情形,駕駛執照種類,飲酒情形,車輛撞擊部位1,車輛撞擊部位2,肇因碼-個別,肇因碼-主要,個人肇逃否,職業,旅次目的,座標-X,座標-Y
112,10,26,15,45,2,01大同區,大同區民生西路與迪化街1段口,0,0,2,3,H02,7,6,5,50,4,2,1,5,4,5,13,2,1,5,4,5,2,17,2,24,2,9,6,5,7,20,8,20,10,16,,67,,1,22,,121.5096931,25.0569218
112,10,26,15,51,2,09北投區,北投區學園路2號1207039燈桿,0,0,1,2,,8,7,5,30,14,9,1,5,4,5,13,4,4,9,4,5,2,18,3,0,,,,,,,,,,,,128,,1,,,121.4697659,25.1340171
112,10,26,15,51,2,09北投區,北投區學園路2號1207039燈桿,0,0,1,1,C03,8,7,5,30,14,9,1,5,4,5,13,4,4,9,4,5,2,18,1,18,2,9,3,4,7,9,1,10,2,14,,42,,1,25,,121.4697659,25.1340171
112,10,26,15,55,2,06松山區,松山區敦化北路145巷與敦化北路155巷100弄口,0,0,1,1,C03,8,6,5,30,4,1,1,4,4,5,13,4,4,5,5,5,2,15,2,22,2,9,6,1,7,9,1,10,1,11,,72,,1,22,,121.5521779,25.05375062
112,10,26,15,55,2,06松山區,松山區敦化北路145巷與敦化北路155巷100弄口,0,0,1,2,B02,8,6,5,30,4,1,1,4,4,5,13,4,4,5,5,5,2,15,1,58,3,10,3,4,7,9,1,14,1,1,,107,,1,22,,121.5521779,25.05375062
112,10,26,16,5,2,01大同區,大同區民權西路與蘭州街口,0,0,1,2,C03,8,6,5,50,4,1,1,5,4,5,13,1,1,9,4,5,2,17,2,31,2,9,5,1,7,9,1,10,2,11,,108,,1,21,,121.5147004,25.0629196
112,10,26,16,5,2,01大同區,大同區民權西路與蘭州街口,0,0,1,1,C03,8,6,5,50,4,1,1,5,4,5,13,1,1,9,4,5,2,17,2,19,3,10,5,1,7,5,1,10,2,13,,8,,1,21,,121.5147004,25.0629196
112,10,26,16,21,2,02萬華區,萬華區中華路2段與莒光路口,0,0,1,2,C03,8,6,5,50,4,1,1,5,4,5,13,1,1,8,3,5,1,12,2,57,2,9,5,1,7,10,1,10,1,14,,100,,1,21,,121.504217,25.03148432
112,10,26,16,21,2,02萬華區,萬華區中華路2段與莒光路口,0,0,1,1,B03,8,6,5,50,4,1,1,5,4,5,13,1,1,8,3,5,1,12,1,63,4,11,3,4,7,15,1,8,11,1,,42,,2,21,,121.504217,25.03148432
112,10,26,16,37,2,09北投區,北投區大同街與中正街口,0,0,1,1,B03,8,6,5,30,4,1,1,5,4,5,13,4,4,7,5,5,1,16,1,31,3,10,7,1,7,5,1,8,1,8,,74,,1,21,,121.4995156,25.13269243
112,10,26,16,37,2,09北投區,北投區大同街與中正街口,0,0,1,2,F01,8,6,5,30,4,1,1,5,4,5,13,4,4,7,5,5,1,16,2,70,2,9,4,1,7,9,8,20,1,14,,44,,1,21,,121.4995156,25.13269243
112,10,26,17,8,2,07信義區,信義區基隆路2段131-20號,0,0,1,1,B03,8,5,5,50,14,9,1,5,4,5,13,4,4,1,4,5,2,17,2,27,3,10,7,1,7,8,1,8,1,8,,100,,1,21,,121.5563732,25.0276673
112,10,26,17,8,2,07信義區,信義區基隆路2段131-20號,0,0,1,2,C03,8,5,5,50,14,9,1,5,4,5,13,4,4,1,4,5,2,17,1,30,2,9,5,1,7,9,1,10,1,12,,44,,1,21,,121.5563732,25.0276673
112,10,26,17,18,2,01大同區,大同區民生西路與西寧北路口,0,0,1,1,B01,8,5,5,50,4,2,1,5,4,5,13,1,1,8,3,5,1,16,1,54,4,11,,,7,,7,,11,,,108,,2,,,121.5088495,25.0569199
112,10,26,17,18,2,01大同區,大同區民生西路與西寧北路口,0,0,1,2,C03,8,5,5,50,4,2,1,5,4,5,13,1,1,8,3,5,1,16,2,30,2,7,6,1,7,9,1,10,1,14,,44,,1,21,,121.5088495,25.0569199
112,10,26,17,40,2,12內湖區,內湖區石潭路1號與石潭路口,0,0,1,1,C03,8,5,5,50,3,2,1,5,4,5,13,4,4,10,4,5,2,17,1,34,3,10,5,1,7,5,1,10,1,11,,74,,1,21,,121.5857056,25.06279
112,10,26,17,40,2,12內湖區,內湖區石潭路1號與石潭路口,0,0,1,2,C03,8,5,5,50,3,2,1,5,4,5,13,4,4,10,4,5,2,17,1,43,2,9,5,1,7,9,1,10,1,14,11,13,,1,21,,121.5857056,25.06279
112,10,26,17,42,2,05中正區,中正區重慶北路1段與忠孝西路1段口,0,0,1,2,C03,8,6,5,50,5,1,1,5,4,5,13,2,1,3,4,5,2,16,1,52,2,7,5,1,7,9,1,10,1,14,,44,,1,22,,121.5132875,25.04731273
112,10,26,17,42,2,05中正區,中正區重慶北路1段與忠孝西路1段口,0,0,1,1,B03,8,6,5,50,5,1,1,5,4,5,13,2,1,3,4,5,2,16,1,43,3,10,7,1,7,6,1,8,1,6,,9,,1,22,,121.5132875,25.04731273
112,10,26,17,51,2,01大同區,大同區民權西路144巷14號,0,0,1,13,C03,7,5,5,30,14,9,1,5,4,5,13,4,4,10,5,5,2,17,2,41,3,10,3,4,7,13,1,10,11,12,,44,,1,21,,121.5159209,25.0620047
112,10,26,17,51,2,01大同區,大同區民權西路144巷14號,0,0,1,1,B11,7,5,5,30,14,9,1,5,4,5,13,4,4,10,5,5,2,17,1,60,2,9,7,1,7,9,1,8,1,1,,22,,1,21,,121.5159209,25.0620047
112,10,26,17,51,2,01大同區,大同區民權西路144巷14號,0,0,1,6,C03,7,5,5,30,14,9,1,5,4,5,13,4,4,10,5,5,2,17,3,47,,,,,,,,,10,,,67,,1,,,121.5159209,25.0620047
112,10,26,17,51,2,01大同區,大同區民權西路144巷14號,0,0,1,18,C03,7,5,5,30,14,9,1,5,4,5,13,4,4,10,5,5,2,17,3,0,,,,,,,,,11,,,67,,1,,,121.5159209,25.0620047
112,10,26,17,51,2,01大同區,大同區民權西路144巷14號,0,0,1,17,C03,7,5,5,30,14,9,1,5,4,5,13,4,4,10,5,5,2,17,1,36,3,10,3,4,7,13,1,10,11,12,,44,,1,21,,121.5159209,25.0620047
112,10,26,17,51,2,01大同區,大同區民權西路144巷14號,0,0,1,7,C03,7,5,5,30,14,9,1,5,4,5,13,4,4,10,5,5,2,17,1,67,3,10,3,4,7,13,1,10,11,12,,44,,1,21,,121.5159209,25.0620047
112,10,26,17,51,2,01大同區,大同區民權西路144巷14號,0,0,1,5,C03,7,5,5,30,14,9,1,5,4,5,13,4,4,10,5,5,2,17,1,45,3,10,3,4,7,13,1,10,11,12,,44,,1,21,,121.5159209,25.0620047
112,10,26,17,51,2,01大同區,大同區民權西路144巷14號,0,0,1,4,C03,7,5,5,30,14,9,1,5,4,5,13,4,4,10,5,5,2,17,1,49,3,10,3,4,7,13,1,10,11,12,,44,,1,21,,121.5159209,25.0620047
112,10,26,17,51,2,01大同區,大同區民權西路144巷14號,0,0,1,14,C03,7,5,5,30,14,9,1,5,4,5,13,4,4,10,5,5,2,17,3,29,,,,,,,,,10,,,67,,1,,,121.5159209,25.0620047
112,10,26,17,51,2,01大同區,大同區民權西路144巷14號,0,0,1,2,C03,7,5,5,30,14,9,1,5,4,5,13,4,4,10,5,5,2,17,2,29,3,10,3,4,7,13,1,10,11,12,,44,,1,21,,121.5159209,25.0620047
112,10,26,17,51,2,01大同區,大同區民權西路144巷14號,0,0,1,8,C03,7,5,5,30,14,9,1,5,4,5,13,4,4,10,5,5,2,17,2,63,3,10,3,4,7,13,1,10,11,12,,44,,1,21,,121.5159209,25.0620047
112,10,26,17,51,2,01大同區,大同區民權西路144巷14號,0,0,1,9,C03,7,5,5,30,14,9,1,5,4,5,13,4,4,10,5,5,2,17,1,62,3,10,3,4,7,13,1,10,11,12,,44,,1,21,,121.5159209,25.0620047
112,10,26,17,51,2,01大同區,大同區民權西路144巷14號,0,0,1,11,C03,7,5,5,30,14,9,1,5,4,5,13,4,4,10,5,5,2,17,3,71,,,,,,,,,10,,,67,,1,,,121.5159209,25.0620047
112,10,26,17,51,2,01大同區,大同區民權西路144巷14號,0,0,1,12,C03,7,5,5,30,14,9,1,5,4,5,13,4,4,10,5,5,2,17,3,39,,,,,,,,,10,,,67,,1,,,121.5159209,25.0620047
112,10,26,17,51,2,01大同區,大同區民權西路144巷14號,0,0,1,16,H03,7,5,5,30,14,9,1,5,4,5,13,4,4,10,5,5,2,17,1,62,3,10,4,5,8,20,8,20,11,16,,67,,1,21,,121.5159209,25.0620047
112,10,26,17,51,2,01大同區,大同區民權西路144巷14號,0,0,1,15,C03,7,5,5,30,14,9,1,5,4,5,13,4,4,10,5,5,2,17,2,47,3,10,3,4,7,13,1,10,11,12,,44,,1,21,,121.5159209,25.0620047
112,10,26,17,51,2,01大同區,大同區民權西路144巷14號,0,0,1,10,C03,7,5,5,30,14,9,1,5,4,5,13,4,4,10,5,5,2,17,3,47,,,,,,,,,10,,,67,,1,,,121.5159209,25.0620047
112,10,26,17,51,2,01大同區,大同區民權西路144巷14號,0,0,1,3,C03,7,5,5,30,14,9,1,5,4,5,13,4,4,10,5,5,2,17,1,32,3,10,3,4,7,13,1,10,11,12,,44,,1,21,,121.5159209,25.0620047
112,10,26,17,54,2,08士林區,士林區百齡橋與百齡橋口引道,0,0,1,2,C03,8,5,5,50,3,1,1,5,4,5,13,4,4,3,4,5,1,16,1,37,2,8,6,1,7,9,1,10,1,13,,44,,1,21,,121.5160939,25.0906045
112,10,26,17,54,2,08士林區,士林區百齡橋與百齡橋口引道,0,0,1,1,B03,8,5,5,50,3,1,1,5,4,5,13,4,4,3,4,5,1,16,1,20,3,10,7,1,7,6,1,8,1,5,,9,,1,21,,121.5160939,25.0906045
112,10,26,17,57,2,01大同區,大同區重慶北路2段與民權西路口,0,0,3,4,C03,8,5,5,50,4,2,1,5,4,5,13,2,1,9,4,4,2,12,1,47,2,9,5,1,7,9,1,10,1,14,,44,,1,21,,121.5135537,25.0629296
112,10,26,17,57,2,01大同區,大同區重慶北路2段與民權西路口,0,0,3,3,C03,8,5,5,50,4,2,1,5,4,5,13,2,1,9,4,4,2,12,2,58,2,9,5,1,7,9,1,10,1,14,,44,,1,21,,121.5135537,25.0629296
112,10,26,17,57,2,01大同區,大同區重慶北路2段與民權西路口,0,0,3,2,C03,8,5,5,50,4,2,1,5,4,5,13,2,1,9,4,4,2,12,1,76,2,8,5,1,7,8,1,10,1,14,,101,,1,21,,121.5135537,25.0629296
112,10,26,17,57,2,01大同區,大同區重慶北路2段與民權西路口,0,0,3,1,A12,8,5,5,50,4,2,1,5,4,5,13,2,1,9,4,4,2,12,1,43,3,10,7,1,7,15,1,1,1,17,,44,,1,21,,121.5135537,25.0629296
112,10,26,18,0,2,03中山區,中山區建國北路3段83號對面,0,0,2,2,C03,8,5,5,50,14,9,1,5,4,5,13,4,4,1,4,5,2,16,1,23,2,9,6,4,7,9,1,9,2,12,,13,,1,22,,121.5426661,25.0764212
112,10,26,18,0,2,03中山區,中山區建國北路3段83號對面,0,0,2,1,C03,8,5,5,50,14,9,1,5,4,5,13,4,4,1,4,5,2,16,1,24,2,9,6,4,7,7,1,9,2,13,,100,,1,22,,121.5426661,25.0764212
112,10,26,18,0,2,09北投區,北投區文林北路260號,0,0,1,2,H01,8,5,5,0,14,20,4,5,4,5,13,4,4,10,5,5,2,9,2,53,2,9,4,5,8,16,8,20,10,16,,67,,1,22,,121.5134391,25.10897962
112,10,26,18,0,2,09北投區,北投區文林北路260號,0,0,1,1,F01,8,5,5,0,14,20,4,5,4,5,13,4,4,10,5,5,2,9,1,33,3,10,4,1,7,9,8,20,9,14,,118,,1,22,,121.5134391,25.10897962
112,10,26,18,18,2,06松山區,松山區敦化北路與敦化北路4巷口,0,0,2,3,H02,7,5,5,30,4,1,1,4,4,5,13,2,1,1,5,4,2,16,2,30,2,9,6,5,7,21,8,20,10,16,,67,,1,22,,121.5487119,25.0501053
112,10,26,18,18,2,06松山區,松山區敦化北路與敦化北路4巷口,0,0,2,1,B03,7,5,5,30,4,1,1,4,4,5,13,2,1,1,5,4,2,16,2,44,3,10,3,4,7,6,1,14,2,2,,9,,1,22,,121.5487119,25.0501053
112,10,26,18,18,2,06松山區,松山區敦化北路與敦化北路4巷口,0,0,2,2,C04,7,5,5,30,4,1,1,4,4,5,13,2,1,1,5,4,2,16,1,29,2,9,6,4,7,9,1,11,2,11,,44,,1,22,,121.5487119,25.0501053
112,10,26,18,38,2,12內湖區,內湖區民權東路6段210巷與民權東路6段口,0,0,1,2,C03,7,5,5,50,4,1,1,5,4,5,13,2,1,9,4,5,2,17,1,28,2,7,6,1,7,9,1,10,1,12,,42,,1,21,,121.5977244,25.06740876
112,10,26,18,38,2,12內湖區,內湖區民權東路6段210巷與民權東路6段口,0,0,1,1,C03,7,5,5,50,4,1,1,5,4,5,13,2,1,9,4,5,2,17,2,73,3,10,6,1,7,15,1,10,1,17,,74,,1,21,,121.5977244,25.06740876
112,10,26,18,51,2,01大同區,大同區民生西路與民生西路45巷口,0,0,2,1,C03,8,5,8,50,4,1,1,5,4,5,13,2,1,5,4,5,2,16,1,42,2,9,3,4,7,9,1,10,1,12,,44,,1,21,,121.5213299,25.0576831
112,10,26,18,51,2,01大同區,大同區民生西路與民生西路45巷口,0,0,2,2,C03,8,5,8,50,4,1,1,5,4,5,13,2,1,5,4,5,2,16,1,79,2,9,3,4,7,5,1,10,1,14,,96,,1,21,,121.5213299,25.0576831
112,10,26,18,53,2,09北投區,北投區承德路7段與承德路7段344巷口,0,0,2,1,B03,8,5,5,60,3,1,1,5,4,5,13,1,1,1,2,4,2,16,1,74,3,10,7,1,7,5,1,8,9,2,,83,,2,22,,121.5039569,25.1174128
112,10,26,18,53,2,09北投區,北投區承德路7段與承德路7段344巷口,0,0,2,2,C03,8,5,5,60,3,1,1,5,4,5,13,1,1,1,2,4,2,16,1,31,2,9,5,1,7,9,1,10,1,11,,44,,1,21,,121.5039569,25.1174128
112,10,26,18,53,2,09北投區,北投區承德路7段與承德路7段344巷口,0,0,2,3,H02,8,5,5,60,3,1,1,5,4,5,13,1,1,1,2,4,2,16,2,36,2,9,5,5,7,20,8,20,10,16,,67,,1,21,,121.5039569,25.1174128
112,10,26,18,56,2,11南港區,南港區興中路與興中路68巷口,0,0,2,1,C03,8,5,5,50,3,2,1,5,4,5,13,4,4,5,4,5,2,3,1,24,2,9,6,1,7,9,1,10,2,15,,70,,1,21,,121.6069037,25.0570033
112,10,26,18,56,2,11南港區,南港區興中路與興中路68巷口,0,0,2,2,H01,8,5,5,50,3,2,1,5,4,5,13,4,4,5,4,5,2,3,2,76,2,9,4,5,8,16,8,20,10,16,,67,,1,21,,121.6069037,25.0570033
112,10,26,19,1,2,03中山區,中山區自強隧道(外),0,0,1,1,C03,8,5,5,50,6,9,1,5,4,5,13,4,4,7,2,5,2,13,1,25,3,10,3,4,7,9,1,10,1,11,,16,,1,21,,121.549513,25.08872264
112,10,26,19,1,2,03中山區,中山區自強隧道(外),0,0,1,2,C03,8,5,5,50,6,9,1,5,4,5,13,4,4,7,2,5,2,13,1,52,2,3,3,4,7,9,1,10,1,13,,44,,1,21,,121.549513,25.08872264
112,10,26,19,14,2,11南港區,南港區松河街幹44電桿,0,0,2,1,C04,8,5,5,50,14,9,1,5,4,5,13,4,4,8,3,5,2,17,1,34,2,9,3,4,7,1,1,10,2,14,,19,,1,21,,121.5902652,25.0562909
112,10,26,19,14,2,11南港區,南港區松河街幹44電桿,0,0,2,2,C03,8,5,5,50,14,9,1,5,4,5,13,4,4,8,3,5,2,17,2,33,2,9,3,4,7,9,1,10,2,11,,44,,1,21,,121.5902652,25.0562909
112,10,26,19,30,2,07信義區,信義區松仁路與松仁路95巷口,0,0,1,2,C03,8,5,5,50,3,2,1,5,4,5,13,4,4,5,5,5,1,13,2,38,3,10,5,1,7,8,1,10,2,13,,102,,1,21,,121.5684068,25.0367581
112,10,26,19,30,2,07信義區,信義區松仁路與松仁路95巷口,0,0,1,3,C03,8,5,5,50,3,2,1,5,4,5,13,4,4,5,5,5,1,13,1,44,2,9,5,1,7,9,1,10,2,11,,13,,1,21,,121.5684068,25.0367581
112,10,26,19,30,2,07信義區,信義區松仁路與松仁路95巷口,0,0,1,1,A12,8,5,5,50,3,2,1,5,4,5,13,4,4,5,5,5,1,13,1,42,3,10,7,1,7,6,1,7,2,17,,72,,1,21,,121.5684068,25.0367581
112,10,26,19,45,2,02萬華區,萬華區華江橋往新北市機車道,0,0,2,1,C03,7,5,5,40,14,11,1,5,4,5,13,4,4,10,5,5,2,13,1,42,2,8,5,1,7,12,1,10,1,12,,14,,1,21,,121.490891,25.03609709
112,10,26,19,45,2,02萬華區,萬華區華江橋往新北市機車道,0,0,2,2,C03,7,5,5,40,14,11,1,5,4,5,13,4,4,10,5,5,2,13,2,40,2,9,5,1,7,9,1,10,1,14,,16,,1,21,,121.490891,25.03609709
112,10,26,19,45,2,02萬華區,萬華區華江橋往新北市機車道,0,0,2,3,C03,7,5,5,40,14,11,1,5,4,5,13,4,4,10,5,5,2,13,1,70,3,10,5,1,7,9,1,10,1,11,,108,,1,21,,121.490891,25.03609709
112,10,26,20,10,2,11南港區,南港區南港路2段與興華路口,0,0,3,1,C03,8,5,5,50,4,2,1,5,4,5,13,1,1,5,4,5,2,11,1,50,2,8,5,1,7,11,1,10,2,12,,10,,1,21,,121.6060652,25.054246
112,10,26,20,10,2,11南港區,南港區南港路2段與興華路口,0,0,3,2,C03,8,5,5,50,4,2,1,5,4,5,13,1,1,5,4,5,2,11,1,20,2,9,5,1,7,9,1,10,2,11,,107,,1,21,,121.6060652,25.054246
112,10,26,20,10,2,11南港區,南港區南港路2段與興華路口,0,0,3,3,H02,8,5,5,50,4,2,1,5,4,5,13,1,1,5,4,5,2,11,2,20,2,9,6,5,7,17,8,20,10,17,,67,,1,21,,121.6060652,25.054246
112,10,26,20,17,2,08士林區,士林區延平北路7段106巷(延平河濱289),0,0,1,1,C03,7,5,5,30,14,9,1,5,4,5,13,4,4,10,5,5,1,17,2,42,2,9,6,1,7,9,1,10,1,14,,44,,1,21,,121.4963977,25.09784268
112,10,26,20,17,2,08士林區,士林區延平北路7段106巷(延平河濱289),0,0,1,2,B03,7,5,5,30,14,9,1,5,4,5,13,4,4,10,5,5,1,17,2,51,3,10,7,1,7,9,1,4,1,17,,5,,1,21,,121.4963977,25.09784268
112,10,26,20,18,2,03中山區,中山區民權東路2段與民權東路2段113巷口,0,0,1,1,B03,8,5,5,50,3,1,1,5,4,5,13,4,4,1,3,5,1,16,1,33,3,10,7,1,7,6,1,8,1,2,,9,,1,21,,121.5341578,25.0627563
112,10,26,20,18,2,03中山區,中山區民權東路2段與民權東路2段113巷口,0,0,1,2,C03,8,5,5,50,3,1,1,5,4,5,13,4,4,1,3,5,1,16,1,18,3,10,6,1,7,9,1,10,1,14,,44,,1,21,,121.5341578,25.0627563
112,10,26,20,18,2,03中山區,中山區民權東路2段與民權東路2段113巷口,0,0,1,3,H02,8,5,5,50,3,1,1,5,4,5,13,4,4,1,3,5,1,16,1,18,2,8,6,5,7,20,8,20,10,16,,67,,1,21,,121.5341578,25.0627563
112,10,26,20,25,2,09北投區,北投區大度路3段與大度路3段296巷口,0,0,1,1,C03,7,5,5,30,4,1,1,5,4,5,13,3,1,9,4,5,2,15,1,27,2,9,6,1,7,9,1,10,1,11,,72,,1,21,,121.4663854,25.1234905
112,10,26,20,25,2,09北投區,北投區大度路3段與大度路3段296巷口,0,0,1,2,C03,7,5,5,30,4,1,1,5,4,5,13,3,1,9,4,5,2,15,2,40,3,10,6,1,7,9,1,10,1,12,,44,,1,21,,121.4663854,25.1234905
112,10,26,21,36,2,03中山區,中山區南京東路3段與遼寧街口,0,0,1,1,B03,8,5,5,50,3,1,1,5,4,5,13,1,1,1,4,4,2,16,1,82,3,10,3,4,7,5,1,8,2,2,,98,,1,21,,121.5420477,25.0520345
112,10,26,21,36,2,03中山區,中山區南京東路3段與遼寧街口,0,0,1,2,C03,8,5,5,50,3,1,1,5,4,5,13,1,1,1,4,4,2,16,1,37,2,9,3,4,7,9,1,10,2,11,,44,,1,21,,121.5420477,25.0520345
112,10,26,21,49,2,03中山區,中山區長安東路2段與復興北路口,0,0,1,1,B03,8,5,5,30,4,1,1,5,4,5,13,1,1,1,3,5,1,16,2,54,3,10,3,4,7,6,1,8,1,5,,9,,1,21,,121.5438338,25.04835036
112,10,26,21,49,2,03中山區,中山區長安東路2段與復興北路口,0,0,1,2,C03,8,5,5,30,4,1,1,5,4,5,13,1,1,1,3,5,1,16,2,30,2,8,6,4,7,9,1,10,1,14,,44,,1,21,,121.5438338,25.04835036
112,10,26,21,53,2,04大安區,大安區忠孝東路4段77巷與大安路1段75巷口,0,0,2,2,C03,8,5,5,30,4,1,1,5,4,3,12,4,4,1,5,5,2,15,1,21,2,9,5,1,7,9,1,10,1,12,,75,,1,21,,121.5471982,25.0421571
112,10,26,21,53,2,04大安區,大安區忠孝東路4段77巷與大安路1段75巷口,0,0,2,3,H02,8,5,5,30,4,1,1,5,4,3,12,4,4,1,5,5,2,15,2,20,2,9,6,5,7,17,8,20,10,16,,67,,1,21,,121.5471982,25.0421571
112,10,26,21,53,2,04大安區,大安區忠孝東路4段77巷與大安路1段75巷口,0,0,2,1,B03,8,5,5,30,4,1,1,5,4,3,12,4,4,1,5,5,2,15,1,25,3,10,7,1,7,9,1,8,1,1,,14,,1,21,,121.5471982,25.0421571
112,10,26,22,33,2,08士林區,士林區承德路4段33巷24號與基河路口,0,0,1,1,B01,7,5,5,50,3,2,1,5,4,5,13,4,4,10,4,5,1,12,1,68,3,10,7,1,7,9,1,4,2,2,,44,,1,21,,121.5238104,25.0803956
112,10,26,22,33,2,08士林區,士林區承德路4段33巷24號與基河路口,0,0,1,2,C03,7,5,5,50,3,2,1,5,4,5,13,4,4,10,4,5,1,12,2,22,2,9,6,1,7,9,1,10,2,14,,99,,1,21,,121.5238104,25.0803956
112,10,26,22,37,2,10文山區,文山區興隆路2段與興隆路2段244巷口,0,0,1,2,B03,8,5,5,50,3,2,1,5,4,5,13,4,4,1,4,5,2,13,1,35,3,10,7,1,7,14,1,8,1,7,,44,,1,21,,121.5539568,25.0010783
112,10,26,22,37,2,10文山區,文山區興隆路2段與興隆路2段244巷口,0,0,1,1,C03,8,5,5,50,3,2,1,5,4,5,13,4,4,1,4,5,2,13,1,26,2,9,5,1,7,9,1,10,1,11,,107,,1,21,,121.5539568,25.0010783
112,10,26,23,21,2,04大安區,大安區基隆路4段(台灣科技大學公車站),0,0,1,1,C03,7,5,5,40,14,9,1,5,4,5,13,4,4,10,3,4,2,12,2,23,2,8,6,1,7,9,1,10,1,11,,108,,1,21,,121.5403433,25.01361968
112,10,26,23,21,2,04大安區,大安區基隆路4段(台灣科技大學公車站),0,0,1,2,A02,7,5,5,40,14,9,1,5,4,5,13,4,4,10,3,4,2,12,1,42,3,10,7,1,7,14,1,2,1,6,,44,,1,21,,121.5403433,25.01361968
112,10,27,4,55,2,07信義區,信義區莊敬路168號,0,0,1,1,C03,8,5,8,0,22,20,1,5,4,5,13,4,4,10,5,5,2,29,1,23,2,9,5,1,7,9,1,10,8,14,,21,,1,21,,121.5612253,25.0317491
112,10,27,4,55,2,07信義區,信義區莊敬路168號,0,0,1,2,,8,5,8,0,22,20,1,5,4,5,13,4,4,10,5,5,2,29,3,0,,,,,,,,,10,,,67,,1,,,121.5612253,25.0317491
112,10,27,4,57,2,02萬華區,萬華區堤外便道華中52停車場前,0,0,1,1,G06,7,5,5,0,14,9,1,5,4,5,13,4,4,9,5,5,2,17,1,38,3,10,4,1,7,1,8,20,1,16,,19,,1,21,,121.4985125,25.01613058
112,10,27,4,57,2,02萬華區,萬華區堤外便道華中52停車場前,0,0,1,2,C03,7,5,5,0,14,9,1,5,4,5,13,4,4,9,5,5,2,17,1,55,2,9,5,1,7,9,1,10,1,14,,44,,1,21,,121.4985125,25.01613058
112,10,27,7,50,2,04大安區,大安區復興南路2段92號,0,0,1,1,C03,8,6,5,50,14,9,1,5,4,5,13,4,4,1,4,5,1,17,1,34,2,9,6,4,7,9,1,9,2,17,,101,,1,22,,121.5434704,25.03011
112,10,27,7,50,2,04大安區,大安區復興南路2段92號,0,0,1,2,B12,8,6,5,50,14,9,1,5,4,5,13,4,4,1,4,5,1,17,1,37,3,10,3,4,7,9,1,8,1,17,,44,,1,22,,121.5434704,25.03011
112,10,27,8,14,2,12內湖區,內湖區內湖路1段與麗山街口,0,0,1,1,B03,7,7,5,50,14,9,1,5,4,5,13,4,4,1,4,4,2,12,1,56,3,10,7,1,7,9,1,8,1,2,,44,,1,21,,121.5720814,25.0811896
112,10,27,8,14,2,12內湖區,內湖區內湖路1段與麗山街口,0,0,1,2,C03,7,7,5,50,14,9,1,5,4,5,13,4,4,1,4,4,2,12,1,63,2,9,5,1,7,7,1,10,1,14,,100,,1,21,,121.5720814,25.0811896
112,10,27,8,27,2,02萬華區,萬華區堤外便道(龍山第049號燈桿處),0,0,3,6,H01,7,6,5,40,14,11,1,5,4,5,13,4,4,2,4,5,1,17,4,0,,,,,,,,,10,,,119,,1,,,121.500222,25.04301587
112,10,27,8,27,2,02萬華區,萬華區堤外便道(龍山第049號燈桿處),0,0,3,5,C03,7,6,5,40,14,11,1,5,4,5,13,4,4,2,4,5,1,17,1,20,3,10,5,1,7,9,1,10,1,13,,13,,1,21,,121.500222,25.04301587
112,10,27,8,27,2,02萬華區,萬華區堤外便道(龍山第049號燈桿處),0,0,3,4,C03,7,6,5,40,14,11,1,5,4,5,13,4,4,2,4,5,1,17,2,44,2,9,5,1,7,9,6,11,1,14,,42,,1,21,,121.500222,25.04301587
112,10,27,8,27,2,02萬華區,萬華區堤外便道(龍山第049號燈桿處),0,0,3,3,C03,7,6,5,40,14,11,1,5,4,5,13,4,4,2,4,5,1,17,1,45,2,9,5,1,7,9,1,10,1,11,12,16,,1,21,,121.500222,25.04301587
112,10,27,8,27,2,02萬華區,萬華區堤外便道(龍山第049號燈桿處),0,0,3,1,C03,7,6,5,40,14,11,1,5,4,5,13,4,4,2,4,5,1,17,1,43,3,10,5,1,7,7,1,10,11,17,,100,,1,21,,121.500222,25.04301587
112,10,27,8,27,2,02萬華區,萬華區堤外便道(龍山第049號燈桿處),0,0,3,2,C03,7,6,5,40,14,11,1,5,4,5,13,4,4,2,4,5,1,17,1,24,2,9,5,1,7,9,1,10,1,12,,13,,1,21,,121.500222,25.04301587
112,10,27,8,36,2,05中正區,中正區中山南路與信義路1段口,0,0,1,2,H01,7,7,5,40,4,2,1,5,4,5,13,1,1,1,4,1,2,3,2,74,2,9,4,5,8,16,8,20,10,16,,67,,1,21,,121.5180563,25.03865634
112,10,27,8,36,2,05中正區,中正區中山南路與信義路1段口,0,0,1,1,B03,7,7,5,40,4,2,1,5,4,5,13,1,1,1,4,1,2,3,1,66,3,10,7,1,7,6,1,8,9,5,,70,,1,21,,121.5180563,25.03865634