發生年度,發生月,發生日,發生時-Hours,發生分,處理別-編號,區序,肇事地點,死亡人數,2-30日死亡人數,受傷人數,當事人序號,車種,天候,光線,道路類別,速限-速度限制,道路型態,事故位置,路面狀況1,路面狀況2,路面狀況3,道路障礙1,道路障礙2,號誌1,號誌2,車道劃分-分向,車道劃分-分道1,車道劃分-分道2,車道劃分-分道3,事故類型及型態,性別,年齡,受傷程度,主要傷處,保護裝置,行動電話,車輛用途,當事者行動狀態,駕駛資格情形,駕駛執照種類,飲酒情形,車輛撞擊部位1,車輛撞擊部位2,肇因碼-個別,肇因碼-主要,個人肇逃否,職業,旅次目的,座標-X,座標-Y
112,10,30,11,0,2,12內湖區,內湖區金湖路與金湖路14巷口,0,0,2,2,C03,8,6,5,50,4,1,1,5,4,5,13,1,1,1,4,5,2,16,1,22,2,8,5,1,7,9,1,10,1,11,,107,,1,21,,121.5957177,25.08349331
112,10,30,11,0,2,12內湖區,內湖區金湖路與金湖路14巷口,0,0,2,1,C03,8,6,5,50,4,1,1,5,4,5,13,1,1,1,4,5,2,16,2,66,2,9,5,1,7,11,1,10,1,12,,10,,1,21,,121.5957177,25.08349331
112,10,30,11,15,2,03中山區,中山區林森北路410號,0,0,1,2,C03,8,7,5,50,14,9,1,5,4,5,13,4,4,5,5,5,2,17,2,29,2,9,6,1,7,9,1,10,1,12,,44,,1,21,,121.5255407,25.05949045
112,10,30,11,15,2,03中山區,中山區林森北路410號,0,0,1,1,B01,8,7,5,50,14,9,1,5,4,5,13,4,4,5,5,5,2,17,1,62,3,10,7,1,7,8,1,4,1,17,,101,,1,21,,121.5255407,25.05949045
112,10,30,11,40,2,09北投區,北投區大業路與豐年路2段口,0,0,1,2,,8,6,8,0,4,1,1,5,4,5,13,2,1,1,4,4,2,18,3,0,,,,,,,,,,,,67,,1,,,121.4963814,25.13479415
112,10,30,11,40,2,09北投區,北投區大業路與豐年路2段口,0,0,1,1,C03,8,6,8,0,4,1,1,5,4,5,13,2,1,1,4,4,2,18,1,54,2,9,6,1,7,5,1,10,1,12,,42,,1,22,,121.4963814,25.13479415
112,10,30,12,43,2,02萬華區,萬華區昆明街與內江街口,0,0,2,2,C03,8,6,5,50,4,1,1,5,4,5,13,2,1,10,4,5,2,17,1,18,2,9,6,1,7,9,3,18,1,11,,42,,1,22,,121.5045297,25.0406941
112,10,30,12,43,2,02萬華區,萬華區昆明街與內江街口,0,0,2,1,C03,8,6,5,50,4,1,1,5,4,5,13,2,1,10,4,5,2,17,2,23,2,9,6,1,7,5,1,10,1,13,,8,,1,22,,121.5045297,25.0406941
112,10,30,12,45,2,07信義區,信義區基隆路2段與信義路5段口口,0,0,1,1,C03,8,6,5,50,4,1,1,5,4,5,13,2,1,1,4,5,2,17,1,44,3,10,6,1,7,8,1,10,2,17,,100,,1,22,,121.5596324,25.033022
112,10,30,12,45,2,07信義區,信義區基隆路2段與信義路5段口口,0,0,1,2,C03,8,6,5,50,4,1,1,5,4,5,13,2,1,1,4,5,2,17,1,38,3,10,6,1,7,12,1,10,2,17,,44,,1,22,,121.5596324,25.033022
112,10,30,12,45,2,07信義區,信義區基隆路2段與信義路5段口口,0,0,1,3,C03,8,6,5,50,4,1,1,5,4,5,13,2,1,1,4,5,2,17,2,37,2,9,6,1,7,9,1,10,2,14,,108,,1,22,,121.5596324,25.033022
112,10,30,13,27,2,04大安區,大安區芳蘭路與基隆路3段155巷口,0,0,1,1,C03,8,7,5,50,4,1,1,5,4,5,13,2,1,5,4,5,2,17,1,24,2,8,6,1,7,5,1,10,1,12,,74,,1,21,,121.5450147,25.0125
112,10,30,13,27,2,04大安區,大安區芳蘭路與基隆路3段155巷口,0,0,1,2,B03,8,7,5,50,4,1,1,5,4,5,13,2,1,5,4,5,2,17,1,58,3,10,7,1,7,9,1,8,1,5,,44,,1,21,,121.5450147,25.0125
112,10,30,13,44,2,07信義區,信義區忠孝東路5段790巷23弄與忠孝東路5段790巷口口,0,0,1,2,B03,8,7,5,30,4,1,1,5,4,5,13,4,4,10,4,5,2,15,2,65,3,10,7,1,7,9,1,8,9,2,,13,,1,22,,121.5824247,25.0426745
112,10,30,13,44,2,07信義區,信義區忠孝東路5段790巷23弄與忠孝東路5段790巷口口,0,0,1,1,C03,8,7,5,30,4,1,1,5,4,5,13,4,4,10,4,5,2,15,2,46,2,9,6,1,7,9,1,10,9,11,,72,,1,22,,121.5824247,25.0426745
112,10,30,13,51,2,05中正區,中正區思源街1號永福橋頭,0,0,2,2,C03,8,7,5,50,14,9,1,5,4,5,13,1,1,1,4,5,2,13,1,30,2,9,5,4,7,15,1,10,2,13,,44,,1,21,,121.5301009,25.0133585
112,10,30,13,51,2,05中正區,中正區思源街1號永福橋頭,0,0,2,1,C03,8,7,5,50,14,9,1,5,4,5,13,1,1,1,4,5,2,13,1,60,2,9,5,4,7,9,1,9,2,11,,108,,1,21,,121.5301009,25.0133585
112,10,30,14,12,2,03中山區,中山區中原街與新生北路3段11巷口,0,0,1,1,B03,8,6,5,30,4,1,1,5,4,5,13,4,4,9,4,5,2,15,1,52,3,10,7,1,7,9,1,8,2,2,,72,,1,21,,121.5289791,25.0635673
112,10,30,14,12,2,03中山區,中山區中原街與新生北路3段11巷口,0,0,1,2,C03,8,6,5,30,4,1,1,5,4,5,13,4,4,9,4,5,2,15,1,75,2,9,6,1,7,9,1,10,2,11,,107,,1,21,,121.5289791,25.0635673
112,10,30,14,28,2,04大安區,大安區和平東路3段與和平東路3段228巷口,0,0,1,1,C03,8,6,5,50,4,1,1,5,4,5,13,1,1,1,4,5,2,13,1,24,3,10,5,1,7,9,1,10,1,11,,108,,1,21,,121.5544637,25.0224484
112,10,30,14,28,2,04大安區,大安區和平東路3段與和平東路3段228巷口,0,0,1,2,C03,8,6,5,50,4,1,1,5,4,5,13,1,1,1,4,5,2,13,1,37,2,8,5,1,7,9,1,10,1,13,,44,,1,21,,121.5544637,25.0224484
112,10,30,14,28,2,04大安區,大安區和平東路3段與和平東路3段228巷口,0,0,1,3,C03,8,6,5,50,4,1,1,5,4,5,13,1,1,1,4,5,2,13,2,29,3,10,5,1,7,9,1,10,1,15,,44,,1,21,,121.5544637,25.0224484
112,10,30,14,43,2,10文山區,文山區木柵路1段與木柵路1段191巷口,0,0,1,2,B01,8,7,5,50,3,1,1,5,4,5,13,1,1,5,4,5,2,13,1,49,3,10,7,1,7,9,1,4,2,3,,44,,1,21,,121.5512454,24.9876411
112,10,30,14,43,2,10文山區,文山區木柵路1段與木柵路1段191巷口,0,0,1,1,B03,8,7,5,50,3,1,1,5,4,5,13,1,1,5,4,5,2,13,1,28,2,9,7,1,7,9,3,18,2,1,,16,,1,21,,121.5512454,24.9876411
112,10,30,15,2,2,10文山區,文山區萬壽路與政大一街口口,0,0,1,2,C03,8,5,5,30,3,1,1,5,4,5,13,4,4,4,5,5,2,12,1,81,2,9,5,1,7,15,6,18,2,14,,8,,1,21,,121.587666,24.9880054
112,10,30,15,2,2,10文山區,文山區萬壽路與政大一街口口,0,0,1,1,A02,8,5,5,30,3,1,1,5,4,5,13,4,4,4,5,5,2,12,2,40,3,10,7,1,7,9,1,2,2,2,,13,,1,21,,121.587666,24.9880054
112,10,30,15,45,2,07信義區,信義區信義路5段與松勇路口,0,0,1,1,B02,8,5,5,50,3,1,1,5,4,5,13,4,4,9,4,5,1,16,2,57,3,10,3,4,7,6,1,8,1,2,,9,,1,21,,121.5697036,25.0329525
112,10,30,15,45,2,07信義區,信義區信義路5段與松勇路口,0,0,1,2,C03,8,5,5,50,3,1,1,5,4,5,13,4,4,9,4,5,1,16,1,45,2,8,6,1,7,9,1,10,1,14,,14,,1,21,,121.5697036,25.0329525
112,10,30,16,25,2,05中正區,中正區思源街與汀州路3段口(前方右轉車道),0,0,1,2,C03,8,7,5,50,3,2,1,5,4,5,13,4,4,4,4,5,2,17,2,55,2,3,6,1,7,6,1,10,1,14,,44,,1,22,,121.5323344,25.0149196
112,10,30,16,25,2,05中正區,中正區思源街與汀州路3段口(前方右轉車道),0,0,1,1,A41,8,7,5,50,3,2,1,5,4,5,13,4,4,4,4,5,2,17,1,23,3,10,7,1,1,6,1,1,2,5,,97,,1,22,,121.5323344,25.0149196
112,10,30,16,35,2,10文山區,文山區木柵路1段與試院路口,0,0,1,2,B03,7,5,5,50,4,2,1,5,4,5,13,2,1,5,4,5,1,13,1,58,3,10,7,1,7,14,1,8,2,3,,44,,1,21,,121.5496953,24.9873495
112,10,30,16,35,2,10文山區,文山區木柵路1段與試院路口,0,0,1,1,C03,7,5,5,50,4,2,1,5,4,5,13,2,1,5,4,5,1,13,1,37,2,9,6,1,7,9,1,10,2,11,,108,,1,21,,121.5496953,24.9873495
112,10,30,17,5,2,12內湖區,內湖區內湖路2段與內湖路2段253巷口口,0,0,1,1,C04,8,6,8,50,3,1,1,5,4,5,13,4,4,10,5,5,2,17,2,55,2,9,5,1,7,12,1,10,1,12,,42,,1,21,,121.5899425,25.08196713
112,10,30,17,5,2,12內湖區,內湖區內湖路2段與內湖路2段253巷口口,0,0,1,2,C03,8,6,8,50,3,1,1,5,4,5,13,4,4,10,5,5,2,17,1,27,3,10,6,1,7,6,1,10,1,17,,72,,1,21,,121.5899425,25.08196713
112,10,30,17,30,2,01大同區,大同區環河北路2段215號,0,0,2,1,C03,8,5,5,50,14,9,1,5,4,5,13,4,4,1,4,5,2,12,1,73,2,9,3,4,7,15,1,10,2,13,,17,,1,21,,121.5093291,25.0696349
112,10,30,17,30,2,01大同區,大同區環河北路2段215號,0,0,2,2,C03,8,5,5,50,14,9,1,5,4,5,13,4,4,1,4,5,2,12,2,63,2,9,3,4,7,15,1,10,2,14,,44,,1,21,,121.5093291,25.0696349
112,10,30,17,30,2,05中正區,中正區重慶南路1段與衡陽路口,0,0,1,2,C03,8,6,5,50,4,1,1,5,4,5,12,2,1,10,5,5,2,16,1,25,3,10,6,1,7,9,1,10,9,12,,44,,1,23,,121.5132035,25.0422701
112,10,30,17,30,2,05中正區,中正區重慶南路1段與衡陽路口,0,0,1,1,C03,8,6,5,50,4,1,1,5,4,5,12,2,1,10,5,5,2,16,1,19,2,9,6,1,7,5,1,10,9,14,,8,,1,22,,121.5132035,25.0422701
112,10,30,17,35,2,08士林區,士林區承德路4段與中正路口,0,0,2,2,C03,7,5,5,40,4,2,1,5,4,5,13,1,1,1,4,4,2,12,2,42,2,9,5,1,7,9,1,10,1,14,,44,,1,21,,121.5166161,25.0909986
112,10,30,17,35,2,08士林區,士林區承德路4段與中正路口,0,0,2,1,C03,7,5,5,40,4,2,1,5,4,5,13,1,1,1,4,4,2,12,1,55,2,9,5,1,7,9,1,10,1,12,,108,,1,21,,121.5166161,25.0909986
112,10,30,17,55,2,04大安區,大安區和平東路3段與基隆路2段口,0,0,2,1,B03,7,5,5,50,5,1,1,5,4,5,13,2,1,1,4,5,1,15,1,20,3,10,3,4,7,9,1,8,1,2,,81,,1,21,,121.5525454,25.0242492
112,10,30,17,55,2,04大安區,大安區和平東路3段與基隆路2段口,0,0,2,2,C03,7,5,5,50,5,1,1,5,4,5,13,2,1,1,4,5,1,15,1,28,2,8,5,1,7,1,1,10,1,11,,44,,1,21,,121.5525454,25.0242492
112,10,30,17,55,2,04大安區,大安區和平東路3段與基隆路2段口,0,0,2,3,H02,7,5,5,50,5,1,1,5,4,5,13,2,1,1,4,5,1,15,2,26,2,8,4,5,7,20,8,20,10,16,,67,,1,21,,121.5525454,25.0242492
112,10,30,18,35,2,04大安區,大安區和平東路3段332號,0,0,1,1,C03,8,5,5,50,14,9,1,5,4,5,13,4,4,1,4,5,2,17,1,29,3,10,5,1,7,7,1,10,1,17,,100,,1,21,,121.5571533,25.0199973
112,10,30,18,35,2,04大安區,大安區和平東路3段332號,0,0,1,2,C03,8,5,5,50,14,9,1,5,4,5,13,4,4,1,4,5,2,17,1,25,2,9,5,1,7,9,1,10,1,17,,13,,1,21,,121.5571533,25.0199973
112,10,30,18,40,2,02萬華區,萬華區中華路2段與中華路2段484巷口,0,0,1,1,B03,7,5,5,50,4,2,1,5,4,5,13,2,1,4,4,4,2,17,1,43,3,10,7,1,7,5,1,8,1,4,,108,,1,21,,121.5071182,25.0267031
112,10,30,18,40,2,02萬華區,萬華區中華路2段與中華路2段484巷口,0,0,1,2,C03,7,5,5,50,4,2,1,5,4,5,13,2,1,4,4,4,2,17,1,59,2,9,5,1,7,14,1,10,1,13,12,44,,1,21,,121.5071182,25.0267031
112,10,30,18,46,2,02萬華區,萬華區西園路2段152號,0,0,1,3,B02,8,5,5,50,14,9,1,5,4,5,13,4,4,1,4,5,2,13,1,66,3,10,7,1,7,1,1,8,11,17,,19,,1,21,,121.4962157,25.03007142
112,10,30,18,46,2,02萬華區,萬華區西園路2段152號,0,0,1,2,C03,8,5,5,50,14,9,1,5,4,5,13,4,4,1,4,5,2,13,2,28,3,10,5,1,7,12,1,10,1,13,,44,,1,21,,121.4962157,25.03007142
112,10,30,18,46,2,02萬華區,萬華區西園路2段152號,0,0,1,1,C03,8,5,5,50,14,9,1,5,4,5,13,4,4,1,4,5,2,13,2,28,2,9,5,1,7,9,1,10,1,11,,16,,1,21,,121.4962157,25.03007142
112,10,30,18,48,2,04大安區,大安區文昌街與敦化南路2段11巷14弄口,0,0,1,2,C03,8,5,5,30,4,1,1,5,4,5,13,1,1,10,5,5,2,15,1,53,2,9,6,1,7,9,1,10,1,12,,44,,1,21,,121.5501245,25.0328591
112,10,30,18,48,2,04大安區,大安區文昌街與敦化南路2段11巷14弄口,0,0,1,1,B02,8,5,5,30,4,1,1,5,4,5,13,1,1,10,5,5,2,15,1,31,3,10,7,1,7,9,1,8,1,1,,81,,1,21,,121.5501245,25.0328591
112,10,30,18,50,2,08士林區,士林區百齡左岸河濱公園,0,0,1,2,C03,8,5,5,30,14,9,1,5,4,5,13,4,4,10,5,5,1,16,1,27,2,9,6,1,7,9,1,10,1,11,,107,,1,22,,121.5114492,25.0907822
112,10,30,18,50,2,08士林區,士林區百齡左岸河濱公園,0,0,1,1,C04,8,5,5,30,14,9,1,5,4,5,13,4,4,10,5,5,1,16,1,32,3,10,6,1,7,8,1,11,1,13,,100,,1,22,,121.5114492,25.0907822
112,10,30,18,53,2,05中正區,中正區忠孝東路2段與八德路1段口,0,0,1,1,A04,8,5,5,50,3,1,1,5,4,5,13,1,1,1,4,5,2,12,1,45,3,10,7,1,7,9,1,2,2,2,,44,,1,26,,121.5287035,25.0433829
112,10,30,18,53,2,05中正區,中正區忠孝東路2段與八德路1段口,0,0,1,2,C03,8,5,5,50,3,1,1,5,4,5,13,1,1,1,4,5,2,12,1,36,2,9,6,1,7,7,1,10,2,14,,101,,1,26,,121.5287035,25.0433829
112,10,30,18,54,2,05中正區,中正區忠孝東路1段與林森北路口,0,0,2,2,C03,7,5,5,50,4,1,1,5,4,5,13,1,1,10,4,5,2,17,1,24,2,9,6,4,7,9,1,10,2,11,,44,,1,22,,121.5234252,25.0448676
112,10,30,18,54,2,05中正區,中正區忠孝東路1段與林森北路口,0,0,2,1,C03,7,5,5,50,4,1,1,5,4,5,13,1,1,10,4,5,2,17,1,33,2,9,6,4,7,8,1,10,2,13,,100,,1,22,,121.5234252,25.0448676
112,10,30,18,54,2,12內湖區,內湖區新明路與南京東路6段368巷口,0,0,1,1,B03,7,5,5,50,3,1,1,5,4,5,13,2,1,9,4,4,2,16,2,33,3,10,7,1,7,6,1,8,2,5,,9,,1,21,,121.5871066,25.05808206
112,10,30,18,54,2,12內湖區,內湖區新明路與南京東路6段368巷口,0,0,1,2,C03,7,5,5,50,3,1,1,5,4,5,13,2,1,9,4,4,2,16,1,68,2,9,5,1,7,9,1,10,2,13,,44,,1,21,,121.5871066,25.05808206
112,10,30,18,54,2,12內湖區,內湖區新明路與南京東路6段368巷口,0,0,1,3,B03,7,5,5,50,3,1,1,5,4,5,13,2,1,9,4,4,2,16,1,60,3,10,3,3,7,14,1,8,2,7,,38,,1,21,,121.5871066,25.05808206
112,10,30,19,2,2,02萬華區,萬華區桂林路與西昌街口,0,0,1,1,C03,8,5,5,50,4,1,1,5,4,5,13,1,1,5,4,4,2,17,1,63,4,11,5,4,7,15,7,19,1,12,,101,,2,22,,121.5005429,25.0384698
112,10,30,19,2,2,02萬華區,萬華區桂林路與西昌街口,0,0,1,2,B01,8,5,5,50,4,1,1,5,4,5,13,1,1,5,4,4,2,17,1,62,3,10,7,4,7,12,1,4,1,8,3,44,,1,21,,121.5005429,25.0384698
112,10,30,19,2,2,02萬華區,萬華區桂林路與西昌街口,0,0,1,3,C03,8,5,5,50,4,1,1,5,4,5,13,1,1,5,4,4,2,17,2,59,2,9,5,4,7,9,1,10,1,11,,16,,1,21,,121.5005429,25.0384698
112,10,30,21,48,2,02萬華區,萬華區西園路2段與西藏路口,0,0,1,2,C03,7,5,5,50,4,1,1,5,4,5,13,2,1,1,4,5,2,17,2,28,2,9,5,1,7,9,1,10,1,14,,44,,1,21,,121.4954262,25.0287028
112,10,30,21,48,2,02萬華區,萬華區西園路2段與西藏路口,0,0,1,1,C03,7,5,5,50,4,1,1,5,4,5,13,2,1,1,4,5,2,17,1,39,3,10,5,1,7,6,1,10,1,12,,9,,1,21,,121.4954262,25.0287028
112,10,30,22,30,2,07信義區,信義區松仁路130號,0,0,1,2,F01,8,5,5,50,14,9,1,5,4,5,13,1,1,9,4,5,2,13,2,60,2,9,4,1,7,9,8,20,1,13,,44,,1,21,,121.5681983,25.0331442
112,10,30,22,30,2,07信義區,信義區松仁路130號,0,0,1,1,,8,5,5,50,14,9,1,5,4,5,13,1,1,9,4,5,2,13,4,0,,,,,,,,,,,,119,,2,,,121.5681983,25.0331442
112,10,30,22,38,2,03中山區,中山區中山北路1段與中山北路1段126巷口,0,0,1,1,A04,8,5,5,50,3,2,1,5,4,5,13,4,4,1,4,5,2,17,1,52,3,10,7,1,7,1,1,1,1,17,,19,,1,22,,121.5220795,25.0508365
112,10,30,22,38,2,03中山區,中山區中山北路1段與中山北路1段126巷口,0,0,1,2,C03,8,5,5,50,3,2,1,5,4,5,13,4,4,1,4,5,2,17,1,61,2,9,5,1,7,9,1,10,1,14,,44,,1,22,,121.5220795,25.0508365
112,10,30,22,38,2,03中山區,中山區中山北路1段與中山北路1段126巷口,0,0,1,3,B03,8,5,5,50,3,2,1,5,4,5,13,4,4,1,4,5,2,17,1,31,3,10,7,1,7,14,1,8,9,17,,38,,1,21,,121.5220795,25.0508365
112,10,30,22,42,2,09北投區,北投區大業路與大同街口,0,0,1,1,C03,7,5,5,50,4,1,1,5,3,5,13,1,1,10,5,5,2,29,2,24,2,1,5,1,7,9,1,10,1,12,,42,,1,21,,121.4990758,25.1370409
112,10,30,22,42,2,09北投區,北投區大業路與大同街口,0,0,1,2,,7,5,5,50,4,1,1,5,3,5,13,1,1,10,5,5,2,29,3,0,,,,,,,,,10,,,67,,1,,,121.4990758,25.1370409
112,10,30,22,45,2,12內湖區,內湖區康寧路3段與康寧路3段165巷口,0,0,2,2,C03,7,5,5,0,4,1,1,5,4,5,13,1,1,1,4,5,2,16,1,31,2,9,6,1,7,9,1,10,2,11,,44,,1,21,,121.6113246,25.070488
112,10,30,22,45,2,12內湖區,內湖區康寧路3段與康寧路3段165巷口,0,0,2,1,C03,7,5,5,0,4,1,1,5,4,5,13,1,1,1,4,5,2,16,1,18,2,9,6,1,7,5,3,18,2,11,,74,,1,21,,121.6113246,25.070488
112,10,30,23,5,2,10文山區,文山區辛亥路6段與辛亥路6段21巷口旁,0,0,1,1,C03,7,5,5,50,11,9,1,5,4,5,13,4,4,1,4,5,2,17,2,21,2,8,5,1,7,9,3,18,1,12,,108,,1,21,,121.5523141,24.9904627
112,10,30,23,5,2,10文山區,文山區辛亥路6段與辛亥路6段21巷口旁,0,0,1,2,B03,7,5,5,50,11,9,1,5,4,5,13,4,4,1,4,5,2,17,2,51,3,10,3,1,7,13,1,8,9,7,,44,,1,21,,121.5523141,24.9904627
112,10,30,23,44,2,03中山區,中山區民生東路1段25-12號,0,0,1,1,B01,8,5,5,50,14,9,1,5,4,5,13,4,4,4,5,5,1,17,1,56,3,10,3,4,7,1,1,4,1,7,,119,,1,21,,121.524834,25.0581105
112,10,30,23,44,2,03中山區,中山區民生東路1段25-12號,0,0,1,2,C03,8,5,5,50,14,9,1,5,4,5,13,4,4,4,5,5,1,17,1,29,2,9,3,4,7,9,1,10,1,11,,119,,1,21,,121.524834,25.0581105
112,10,30,23,44,2,03中山區,中山區民生東路1段25-12號,0,0,1,3,B01,8,5,5,50,14,9,1,5,4,5,13,4,4,4,5,5,1,17,4,0,,,,,,,,,,,,119,,2,,,121.524834,25.0581105
112,10,31,0,57,2,02萬華區,萬華區桂林路214號,0,0,1,2,C03,8,5,5,50,14,9,1,5,4,5,13,4,4,5,5,5,2,17,1,24,2,9,5,4,7,9,1,10,1,12,,42,,1,21,,121.4965504,25.03864091
112,10,31,0,57,2,02萬華區,萬華區桂林路214號,0,0,1,1,C03,8,5,5,50,14,9,1,5,4,5,13,4,4,5,5,5,2,17,1,61,3,10,5,4,7,11,1,10,1,17,,44,,1,21,,121.4965504,25.03864091
112,10,31,1,53,2,04大安區,大安區市民大道3段與建國南路1段口,0,0,2,1,C04,7,5,5,40,4,1,1,5,4,5,13,2,1,1,3,1,1,15,2,24,2,9,5,1,7,9,1,10,1,11,,81,,1,21,,121.5363691,25.0446657
112,10,31,1,53,2,04大安區,大安區市民大道3段與建國南路1段口,0,0,2,3,H02,7,5,5,40,4,1,1,5,4,5,13,2,1,1,3,1,1,15,2,24,2,9,5,5,7,20,8,20,10,17,,67,,1,21,,121.5363691,25.0446657
112,10,31,1,53,2,04大安區,大安區市民大道3段與建國南路1段口,0,0,2,2,B03,7,5,5,40,4,1,1,5,4,5,13,2,1,1,3,1,1,15,1,24,3,10,7,1,7,9,1,8,1,6,,44,,1,21,,121.5363691,25.0446657
112,10,31,2,58,2,04大安區,大安區潮州街37號,0,0,1,2,B03,8,5,5,30,14,9,1,5,4,5,13,4,4,9,5,5,2,12,1,51,3,10,3,1,7,13,1,8,1,4,,44,,1,22,,121.5232483,25.0294216
112,10,31,2,58,2,04大安區,大安區潮州街37號,0,0,1,1,C04,8,5,5,30,14,9,1,5,4,5,13,4,4,9,5,5,2,12,2,64,2,8,5,1,7,9,1,11,1,11,,107,,1,22,,121.5232483,25.0294216
112,10,31,5,7,2,10文山區,文山區新光路1段與萬壽橋口,0,0,1,1,B03,8,5,5,50,4,1,1,5,4,5,13,1,1,1,4,5,1,15,1,37,3,10,3,4,7,9,1,8,2,8,,81,,1,22,,121.5736592,24.9916071
112,10,31,5,7,2,10文山區,文山區新光路1段與萬壽橋口,0,0,1,2,C03,8,5,5,50,4,1,1,5,4,5,13,1,1,1,4,5,1,15,1,55,2,9,3,4,7,9,1,10,2,11,,13,,1,22,,121.5736592,24.9916071
112,10,31,6,24,2,03中山區,中山區民族東路與建國北路3段口,0,0,1,1,B12,8,5,5,50,5,1,1,5,4,5,13,1,1,1,4,5,2,17,1,23,4,11,3,4,7,9,1,8,9,15,,42,,2,21,,121.5330907,25.0682059
112,10,31,6,24,2,03中山區,中山區民族東路與建國北路3段口,0,0,1,2,C03,8,5,5,50,5,1,1,5,4,5,13,1,1,1,4,5,2,17,2,65,2,9,5,4,7,9,1,10,1,11,,108,,1,21,,121.5330907,25.0682059
112,10,31,6,59,2,04大安區,大安區復興南路1段103號,0,0,2,1,C03,8,6,5,50,22,9,1,5,4,5,13,1,1,8,3,5,2,12,1,20,2,9,3,4,7,15,1,10,1,12,,9,,1,21,,121.5439552,25.0436302
112,10,31,6,59,2,04大安區,大安區復興南路1段103號,0,0,2,2,C03,8,6,5,50,22,9,1,5,4,5,13,1,1,8,3,5,2,12,1,50,2,7,3,4,7,9,1,10,1,14,,13,,1,21,,121.5439552,25.0436302
112,10,31,7,27,2,12內湖區,內湖區康寧路3段與安康路口,0,0,1,2,C03,7,6,5,50,3,2,1,5,4,5,13,1,1,9,4,2,1,12,1,38,2,9,6,1,7,9,1,10,1,14,,42,,1,21,,121.61103,25.06501095
112,10,31,7,27,2,12內湖區,內湖區康寧路3段與安康路口,0,0,1,1,B03,7,6,5,50,3,2,1,5,4,5,13,1,1,9,4,2,1,12,1,66,3,10,7,1,7,15,1,8,1,5,,44,,1,21,,121.61103,25.06501095
112,10,31,7,45,2,04大安區,大安區羅斯福路4段1號,0,0,1,2,B03,7,6,6,50,14,9,1,5,4,5,13,2,1,9,4,5,1,12,1,52,3,10,3,4,7,9,1,8,1,2,,108,,1,21,,121.5335323,25.0170181
112,10,31,7,45,2,04大安區,大安區羅斯福路4段1號,0,0,1,1,C03,7,6,6,50,14,9,1,5,4,5,13,2,1,9,4,5,1,12,1,66,2,7,5,1,7,9,1,10,1,14,,44,,1,21,,121.5335323,25.0170181
112,10,31,7,55,2,07信義區,信義區和平東路3段563號,0,0,1,2,B01,8,7,5,50,14,9,1,5,4,5,13,4,4,9,5,5,2,17,1,54,3,10,7,1,7,14,1,4,1,3,,44,,1,21,,121.5611723,25.015493
112,10,31,7,55,2,07信義區,信義區和平東路3段563號,0,0,1,1,C03,8,7,5,50,14,9,1,5,4,5,13,4,4,9,5,5,2,17,1,18,2,9,5,1,7,9,1,10,1,11,,16,,1,21,,121.5611723,25.015493
112,10,31,8,10,2,01大同區,大同區承德路1段59號,0,0,2,2,C03,8,6,5,50,14,9,1,5,4,5,13,2,1,8,3,5,2,12,1,18,2,9,6,1,7,4,1,10,1,11,,107,,1,21,,121.5174082,25.05174509
112,10,31,8,10,2,01大同區,大同區承德路1段59號,0,0,2,1,B01,8,6,5,50,14,9,1,5,4,5,13,2,1,8,3,5,2,12,1,62,2,9,7,1,7,8,1,4,1,7,,100,,1,21,,121.5174082,25.05174509
112,10,31,8,20,2,12內湖區,內湖區陽光街與文德路22巷口,0,0,2,1,C03,8,6,5,50,4,1,1,5,4,5,13,2,1,5,5,5,2,17,2,48,2,9,6,1,7,5,1,10,1,11,,74,,1,21,,121.5810645,25.07455303
112,10,31,8,20,2,12內湖區,內湖區陽光街與文德路22巷口,0,0,2,2,C03,8,6,5,50,4,1,1,5,4,5,13,2,1,5,5,5,2,17,2,64,2,9,5,1,7,9,1,10,1,14,,44,,1,21,,121.5810645,25.07455303
112,10,31,8,22,2,10文山區,文山區辛亥路5段與懷恩隧道口,0,0,2,1,C03,8,6,5,50,14,9,1,5,4,5,13,4,4,1,4,5,2,12,2,50,2,9,6,1,7,1,1,10,2,14,,19,,1,21,,121.5517838,24.99664673
112,10,31,8,22,2,10文山區,文山區辛亥路5段與懷恩隧道口,0,0,2,2,C02,8,6,5,50,14,9,1,5,4,5,13,4,4,1,4,5,2,12,1,27,2,9,6,1,7,9,1,9,2,12,,13,,1,21,,121.5517838,24.99664673
112,10,31,8,35,2,08士林區,士林區文林路與文林路587巷口,0,0,1,1,B03,8,6,5,50,4,2,1,5,4,5,13,3,1,9,4,4,1,16,2,69,3,10,3,4,7,6,1,8,2,5,,74,,1,22,,121.5236636,25.0984306
112,10,31,8,35,2,08士林區,士林區文林路與文林路587巷口,0,0,1,2,C03,8,6,5,50,4,2,1,5,4,5,13,3,1,9,4,4,1,16,2,38,2,9,3,4,7,9,1,10,2,11,,107,,1,22,,121.5236636,25.0984306
112,10,31,8,35,2,12內湖區,內湖區康寧路3段16巷與康寧路口側附近3段口,0,0,2,1,C03,7,6,5,50,4,1,1,5,4,5,13,1,1,1,4,5,2,16,1,46,2,9,6,1,7,5,1,10,1,11,,74,,1,22,,121.6100454,25.0712041