發生年度,發生月,發生日,發生時-Hours,發生分,處理別-編號,區序,肇事地點,死亡人數,2-30日死亡人數,受傷人數,當事人序號,車種,天候,光線,道路類別,速限-速度限制,道路型態,事故位置,路面狀況1,路面狀況2,路面狀況3,道路障礙1,道路障礙2,號誌1,號誌2,車道劃分-分向,車道劃分-分道1,車道劃分-分道2,車道劃分-分道3,事故類型及型態,性別,年齡,受傷程度,主要傷處,保護裝置,行動電話,車輛用途,當事者行動狀態,駕駛資格情形,駕駛執照種類,飲酒情形,車輛撞擊部位1,車輛撞擊部位2,肇因碼-個別,肇因碼-主要,個人肇逃否,職業,旅次目的,座標-X,座標-Y
112,10,31,8,35,2,12內湖區,內湖區康寧路3段16巷與康寧路口側附近3段口,0,0,2,2,C03,7,6,5,50,4,1,1,5,4,5,13,1,1,1,4,5,2,16,1,31,2,8,6,1,7,9,1,9,1,14,,44,,1,22,,121.6100454,25.0712041
112,10,31,8,37,2,03中山區,中山區松江路與民權東路2段口,0,0,1,2,C03,8,5,5,50,4,1,1,5,4,5,13,1,1,1,4,5,2,13,1,70,2,9,3,4,7,8,1,10,1,13,,100,,1,21,,121.5330275,25.0624071
112,10,31,8,37,2,03中山區,中山區松江路與民權東路2段口,0,0,1,1,B02,8,5,5,50,4,1,1,5,4,5,13,1,1,1,4,5,2,13,1,43,3,10,3,4,7,9,1,8,1,5,,108,,1,21,,121.5330275,25.0624071
112,10,31,8,52,2,04大安區,大安區通化街與通化街39巷口,0,0,1,1,F01,8,6,5,0,4,1,1,5,4,5,13,4,4,9,5,5,1,15,2,59,2,9,4,4,7,9,8,20,1,11,,118,,1,21,,121.5543302,25.0309148
112,10,31,8,52,2,04大安區,大安區通化街與通化街39巷口,0,0,1,2,C03,8,6,5,0,4,1,1,5,4,5,13,4,4,9,5,5,1,15,2,33,4,11,3,4,7,15,7,19,11,12,,80,,2,22,,121.5543302,25.0309148
112,10,31,8,55,2,06松山區,松山區民權東路5段1號,0,0,2,1,C03,8,6,5,50,14,9,1,5,4,5,13,4,4,1,4,5,2,13,1,33,2,1,6,1,7,9,1,10,1,11,,16,,1,22,,121.5640831,25.0630465
112,10,31,8,55,2,06松山區,松山區民權東路5段1號,0,0,2,2,C03,8,6,5,50,14,9,1,5,4,5,13,4,4,1,4,5,2,13,1,59,2,7,6,1,7,9,1,10,1,13,,44,,1,22,,121.5640831,25.0630465
112,10,31,9,7,2,02萬華區,萬華區桂林路與華西街口,0,0,1,1,B01,7,6,5,50,4,1,1,5,4,5,13,1,1,8,3,4,1,16,1,66,3,10,3,4,7,11,1,4,1,4,,10,,1,21,,121.4984131,25.0384827
112,10,31,9,7,2,02萬華區,萬華區桂林路與華西街口,0,0,1,2,C04,7,6,5,50,4,1,1,5,4,5,13,1,1,8,3,4,1,16,2,28,2,9,3,4,7,9,1,10,1,12,,108,,1,21,,121.4984131,25.0384827
112,10,31,9,18,2,06松山區,松山區八德路4段21號與八德路4段口前,0,0,1,2,C03,8,6,5,50,3,1,1,5,4,5,13,1,1,9,4,5,2,16,1,32,2,9,5,1,7,9,1,10,1,12,,44,,1,21,,121.5584638,25.0482923
112,10,31,9,18,2,06松山區,松山區八德路4段21號與八德路4段口前,0,0,1,1,B01,8,6,5,50,3,1,1,5,4,5,13,1,1,9,4,5,2,16,1,55,3,10,7,1,7,11,1,4,1,4,,10,,1,21,,121.5584638,25.0482923
112,10,31,9,28,2,12內湖區,內湖區康寧路3段與五分街口,0,0,1,3,H01,7,6,5,50,3,2,1,5,4,5,13,1,1,1,4,5,1,13,4,0,,,,,,,,,10,,,119,,2,,,121.6117493,25.0678081
112,10,31,9,28,2,12內湖區,內湖區康寧路3段與五分街口,0,0,1,2,B03,7,6,5,50,3,2,1,5,4,5,13,1,1,1,4,5,1,13,2,70,3,10,7,2,7,9,1,8,1,6,,44,,1,21,,121.6117493,25.0678081
112,10,31,9,28,2,12內湖區,內湖區康寧路3段與五分街口,0,0,1,1,C03,7,6,5,50,3,2,1,5,4,5,13,1,1,1,4,5,1,13,2,42,2,9,6,1,7,9,1,10,1,11,,107,,1,21,,121.6117493,25.0678081
112,10,31,9,49,2,05中正區,中正區羅斯福路3段244巷2弄與羅斯福路3段284巷口口,0,0,1,1,B03,8,6,5,30,3,1,1,5,4,5,13,4,4,10,5,5,2,15,2,45,3,10,3,4,7,9,1,8,1,1,,72,,1,21,,121.5318849,25.01625127
112,10,31,9,49,2,05中正區,中正區羅斯福路3段244巷2弄與羅斯福路3段284巷口口,0,0,1,2,C03,8,6,5,30,3,1,1,5,4,5,13,4,4,10,5,5,2,15,2,42,2,8,6,1,7,9,1,10,1,12,,13,,1,21,,121.5318849,25.01625127
112,10,31,10,9,2,04大安區,大安區基隆路3段與辛亥路3段口,0,0,2,1,C03,8,6,8,50,14,9,1,5,4,5,13,2,1,7,4,5,2,12,1,39,3,10,3,4,7,9,7,19,11,11,,108,,2,26,,121.5462523,25.019266
112,10,31,10,9,2,04大安區,大安區基隆路3段與辛亥路3段口,0,0,2,3,H02,8,6,8,50,14,9,1,5,4,5,13,2,1,7,4,5,2,12,2,39,2,9,5,5,7,20,8,20,10,16,,67,,1,26,,121.5462523,25.019266
112,10,31,10,9,2,04大安區,大安區基隆路3段與辛亥路3段口,0,0,2,2,C03,8,6,8,50,14,9,1,5,4,5,13,2,1,7,4,5,2,12,1,48,2,8,6,1,7,15,1,10,2,14,,44,,1,22,,121.5462523,25.019266
112,10,31,10,10,2,08士林區,士林區德行東路與德行東路81巷口,0,0,1,2,C03,8,6,5,50,4,2,1,5,4,5,13,4,4,9,5,5,1,17,1,18,2,9,5,1,7,9,1,10,1,11,,107,,1,21,,121.5274289,25.10737293
112,10,31,10,10,2,08士林區,士林區德行東路與德行東路81巷口,0,0,1,1,B01,8,6,5,50,4,2,1,5,4,5,13,4,4,9,5,5,1,17,1,62,3,10,7,1,7,1,1,4,1,5,,19,,1,21,,121.5274289,25.10737293
112,10,31,10,33,2,03中山區,中山區復興北路446號,0,0,1,1,C03,8,5,5,50,14,9,1,5,4,5,13,4,4,1,3,5,1,12,2,50,2,9,6,1,7,7,1,10,2,14,,100,,1,21,,121.5441684,25.0640717
112,10,31,10,33,2,03中山區,中山區復興北路446號,0,0,1,2,B03,8,5,5,50,14,9,1,5,4,5,13,4,4,1,3,5,1,12,1,66,3,10,7,1,7,9,1,8,2,5,,44,,1,21,,121.5441684,25.0640717
112,10,31,10,42,2,03中山區,中山區市民高架道往西、建國南路出口匝道,0,0,1,2,B03,7,5,5,40,14,9,1,5,4,5,13,4,4,8,3,5,1,13,2,43,2,1,3,4,7,14,1,8,1,3,,44,,1,21,,121.5385514,25.0447814
112,10,31,10,42,2,03中山區,中山區市民高架道往西、建國南路出口匝道,0,0,1,1,B03,7,5,5,40,14,9,1,5,4,5,13,4,4,8,3,5,1,13,1,33,3,10,3,4,7,9,1,8,1,1,,108,,1,21,,121.5385514,25.0447814
112,10,31,11,3,2,04大安區,大安區和平東路1段與青田街口,0,0,1,3,B01,7,7,5,50,4,1,1,5,4,5,13,2,1,1,4,5,2,17,1,61,3,10,7,1,7,9,1,2,1,2,,44,,1,21,,121.5320442,25.0264313
112,10,31,11,3,2,04大安區,大安區和平東路1段與青田街口,0,0,1,2,C04,7,7,5,50,4,1,1,5,4,5,13,2,1,1,4,5,2,17,2,70,2,9,5,1,7,9,1,10,1,11,,108,,1,21,,121.5320442,25.0264313
112,10,31,11,3,2,04大安區,大安區和平東路1段與青田街口,0,0,1,1,,7,7,5,50,4,1,1,5,4,5,13,2,1,1,4,5,2,17,1,35,3,10,7,1,7,6,1,8,1,3,,44,,1,21,,121.5320442,25.0264313
112,10,31,11,30,2,01大同區,大同區塔城街與忠孝西路1段口,0,0,1,1,B03,8,6,5,50,14,9,1,5,4,5,13,4,4,5,4,4,2,17,2,52,3,10,7,1,7,9,1,8,2,2,,108,,1,21,,121.5101717,25.0486639
112,10,31,11,30,2,01大同區,大同區塔城街與忠孝西路1段口,0,0,1,2,C03,8,6,5,50,14,9,1,5,4,5,13,4,4,5,4,4,2,17,1,92,2,9,6,1,7,9,1,10,2,14,,44,,1,21,,121.5101717,25.0486639
112,10,31,11,30,2,09北投區,北投區中央北路2段66號與中央北路2段113巷口,0,0,2,2,C03,7,7,5,30,3,2,1,5,4,5,13,4,4,5,5,5,2,16,1,19,2,8,3,4,7,9,1,10,1,11,,13,,1,25,,121.4947001,25.1372162
112,10,31,11,30,2,09北投區,北投區中央北路2段66號與中央北路2段113巷口,0,0,2,1,C03,7,7,5,30,3,2,1,5,4,5,13,4,4,5,5,5,2,16,2,30,2,9,3,4,7,6,1,10,1,12,,72,,1,21,,121.4947001,25.1372162
112,10,31,11,53,2,02萬華區,萬華區萬大路與艋舺大道口,0,0,1,2,F02,8,7,5,50,4,1,1,5,4,5,13,1,1,1,3,1,2,16,2,79,2,9,4,1,7,9,8,20,1,12,,42,,1,21,,121.5005213,25.033117
112,10,31,11,53,2,02萬華區,萬華區萬大路與艋舺大道口,0,0,1,1,B02,8,7,5,50,4,1,1,5,4,5,13,1,1,1,3,1,2,16,1,52,3,10,7,1,7,9,1,8,1,1,,44,,1,21,,121.5005213,25.033117
112,10,31,12,1,2,08士林區,士林區文林路740巷9弄與文林路740巷口,0,0,1,2,C03,8,6,5,30,4,2,1,5,4,5,13,4,4,10,5,5,2,17,1,20,2,9,5,1,7,9,1,10,1,11,,13,,1,21,,121.5208188,25.1032466
112,10,31,12,1,2,08士林區,士林區文林路740巷9弄與文林路740巷口,0,0,1,1,B03,8,6,5,30,4,2,1,5,4,5,13,4,4,10,5,5,2,17,1,76,3,10,7,1,7,9,1,8,1,8,,72,,1,21,,121.5208188,25.1032466
112,10,31,12,5,2,07信義區,信義區和平東路3段與信安街口,0,0,2,1,C03,8,6,5,50,4,1,1,5,4,5,13,1,1,1,4,5,2,17,1,56,2,7,5,1,7,5,1,10,1,12,,96,,1,22,,121.5546861,25.0223961
112,10,31,12,5,2,07信義區,信義區和平東路3段與信安街口,0,0,2,2,C03,8,6,5,50,4,1,1,5,4,5,13,1,1,1,4,5,2,17,2,20,2,9,5,1,7,9,1,10,1,11,,44,,1,22,,121.5546861,25.0223961
112,10,31,12,18,2,02萬華區,萬華區堤外便道(貴陽疏散門),0,0,1,2,,8,7,7,40,22,11,1,5,4,5,13,3,1,1,5,5,2,18,3,0,,,,,,,,,,,,66,,1,,,121.4990473,25.0415061
112,10,31,12,18,2,02萬華區,萬華區堤外便道(貴陽疏散門),0,0,1,1,C03,8,7,7,40,22,11,1,5,4,5,13,3,1,1,5,5,2,18,1,48,2,7,5,1,7,12,1,10,1,12,,13,,1,21,,121.4990473,25.0415061
112,10,31,12,28,2,03中山區,中山區北安路與敬業四路口,0,0,1,2,C03,7,5,5,50,4,1,1,4,4,5,13,1,1,1,4,5,1,17,1,45,2,9,6,1,7,5,1,10,1,12,,8,,1,21,,121.5586195,25.0848265
112,10,31,12,28,2,03中山區,中山區北安路與敬業四路口,0,0,1,1,B01,7,5,5,50,4,1,1,4,4,5,13,1,1,1,4,5,1,17,1,52,3,10,7,1,7,6,1,4,1,1,,9,,1,21,,121.5586195,25.0848265
112,10,31,12,29,2,07信義區,信義區信義路4段與光復南路口,0,0,1,2,C03,7,6,5,50,4,1,1,5,4,5,13,2,1,1,4,5,1,13,1,20,3,10,3,4,7,9,1,10,1,13,,44,,1,21,,121.5575137,25.0329643
112,10,31,12,29,2,07信義區,信義區信義路4段與光復南路口,0,0,1,1,C04,7,6,5,50,4,1,1,5,4,5,13,2,1,1,4,5,1,13,1,29,2,8,3,4,7,9,1,10,1,11,,107,,1,21,,121.5575137,25.0329643
112,10,31,13,9,2,11南港區,南港區東新街與南港路3段口,0,0,1,1,C03,7,6,5,50,5,2,1,5,4,5,13,1,1,5,4,5,2,17,2,28,2,9,6,1,7,9,1,10,1,12,,116,,1,21,,121.5827506,25.0514286
112,10,31,13,9,2,11南港區,南港區東新街與南港路3段口,0,0,1,2,C03,7,6,5,50,5,2,1,5,4,5,13,1,1,5,4,5,2,17,1,24,3,10,6,2,7,9,1,10,1,17,,44,,1,21,,121.5827506,25.0514286
112,10,31,13,26,2,07信義區,信義區忠孝東路5段22巷往南,0,0,1,2,C03,8,6,5,50,14,9,1,5,4,5,13,4,4,5,4,5,2,16,1,27,2,8,6,1,7,9,1,10,2,11,,44,,1,21,,121.5661006,25.0402479
112,10,31,13,26,2,07信義區,信義區忠孝東路5段22巷往南,0,0,1,1,B01,8,6,5,50,14,9,1,5,4,5,13,4,4,5,4,5,2,16,1,54,3,10,7,1,7,11,1,4,2,4,,10,,1,21,,121.5661006,25.0402479
112,10,31,13,32,2,08士林區,士林區中山北路6段776巷(車堡寶停車場出口處),0,0,1,1,B03,8,6,5,0,14,9,1,5,4,5,13,4,4,10,5,5,2,17,1,62,3,10,7,1,7,14,1,8,1,8,,40,,1,21,,121.5295907,25.11458476
112,10,31,13,32,2,08士林區,士林區中山北路6段776巷(車堡寶停車場出口處),0,0,1,2,F02,8,6,5,0,14,9,1,5,4,5,13,4,4,10,5,5,2,17,2,40,2,9,4,1,7,9,8,20,1,11,,44,,1,21,,121.5295907,25.11458476
112,10,31,14,0,2,08士林區,士林區延平北路5段136巷與延平北路5段136巷27弄口,0,0,2,1,C03,8,5,5,30,4,1,1,5,4,5,13,4,4,10,5,5,1,15,2,33,2,9,5,1,7,9,1,10,1,11,,75,,1,21,,121.5112646,25.082295
112,10,31,14,0,2,08士林區,士林區延平北路5段136巷與延平北路5段136巷27弄口,0,0,2,2,C03,8,5,5,30,4,1,1,5,4,5,13,4,4,10,5,5,1,15,1,39,2,9,5,1,7,9,1,10,1,11,,14,,1,21,,121.5112646,25.082295
112,10,31,14,25,2,05中正區,中正區重慶南路3段與詔安街口,0,0,2,1,C03,8,6,5,50,3,1,1,5,4,5,8,4,4,3,4,5,2,15,2,63,2,7,5,1,7,1,1,10,1,11,,19,,1,21,,121.5163761,25.0252368
112,10,31,14,25,2,05中正區,中正區重慶南路3段與詔安街口,0,0,2,2,C03,8,6,5,50,3,1,1,5,4,5,8,4,4,3,4,5,2,15,1,55,2,9,5,1,7,9,1,10,1,11,,44,,1,21,,121.5163761,25.0252368
112,10,31,14,29,2,04大安區,大安區羅斯福路3段325號,0,0,1,1,C03,8,7,5,50,14,9,1,5,4,1,13,4,4,1,3,5,1,13,1,25,2,9,6,1,7,9,1,10,1,11,,16,,1,22,,121.5321277,25.0169745
112,10,31,14,29,2,04大安區,大安區羅斯福路3段325號,0,0,1,2,B03,8,7,5,50,14,9,1,5,4,1,13,4,4,1,3,5,1,13,1,42,3,10,3,4,7,9,1,8,1,3,,44,,1,22,,121.5321277,25.0169745
112,10,31,14,45,2,03中山區,中山區八德路2段300巷與市民大道3段口,0,0,1,1,B03,8,5,5,40,14,9,1,5,4,5,13,4,4,1,4,5,2,16,1,47,3,10,3,4,7,6,1,8,1,2,,9,,1,21,,121.5428986,25.04494361
112,10,31,14,45,2,03中山區,中山區八德路2段300巷與市民大道3段口,0,0,1,2,C03,8,5,5,40,14,9,1,5,4,5,13,4,4,1,4,5,2,16,1,37,2,9,3,4,7,9,1,10,1,14,,14,,1,21,,121.5428986,25.04494361
112,10,31,14,45,2,05中正區,中正區和平西路1段與重慶南路3段口,0,0,1,1,C03,7,7,5,50,5,2,1,5,4,5,13,1,1,1,4,5,2,17,1,45,2,8,5,1,7,9,1,10,1,11,,16,,1,22,,121.5162833,25.0272861
112,10,31,14,45,2,05中正區,中正區和平西路1段與重慶南路3段口,0,0,1,2,B01,7,7,5,50,5,2,1,5,4,5,13,1,1,1,4,5,2,17,1,49,3,10,7,1,7,12,1,2,1,3,,44,,1,22,,121.5162833,25.0272861
112,10,31,14,45,2,05中正區,中正區和平西路1段與重慶南路3段口,0,0,1,3,C03,7,7,5,50,5,2,1,5,4,5,13,1,1,1,4,5,2,17,2,23,3,10,5,1,7,6,1,10,9,17,,9,,2,22,,121.5162833,25.0272861
112,10,31,15,6,2,10文山區,文山區興隆路3段與辛亥路4段口口,0,0,2,1,C03,8,6,5,50,4,1,1,5,4,5,13,2,1,1,2,5,2,13,1,21,2,9,6,1,7,9,1,10,1,11,,86,,1,21,,121.5544237,25.0009778
112,10,31,15,6,2,10文山區,文山區興隆路3段與辛亥路4段口口,0,0,2,2,C03,8,6,5,50,4,1,1,5,4,5,13,2,1,1,2,5,2,13,1,63,2,7,6,1,7,9,1,10,1,13,,44,,1,21,,121.5544237,25.0009778
112,10,31,15,39,2,08士林區,士林區福華路與福國路口,0,0,2,2,C03,7,6,5,50,4,1,1,5,4,5,13,2,1,1,4,5,2,16,1,20,2,9,6,1,7,9,1,10,1,11,,99,,1,21,,121.5229443,25.10198205
112,10,31,15,39,2,08士林區,士林區福華路與福國路口,0,0,2,1,C03,7,6,5,50,4,1,1,5,4,5,13,2,1,1,4,5,2,16,2,44,2,9,6,1,7,5,1,10,1,14,,8,,1,21,,121.5229443,25.10198205
112,10,31,16,7,2,09北投區,北投區中央北路3段40巷20弄與新興路158巷口,0,0,2,2,C03,8,7,5,30,4,1,1,5,4,5,13,4,4,5,5,5,2,15,2,50,2,9,6,1,7,9,1,10,2,11,,14,,1,21,,121.4859131,25.1392203
112,10,31,16,7,2,09北投區,北投區中央北路3段40巷20弄與新興路158巷口,0,0,2,1,C03,8,7,5,30,4,1,1,5,4,5,13,4,4,5,5,5,2,15,2,73,2,1,6,1,7,9,1,10,2,11,,72,,1,21,,121.4859131,25.1392203
112,10,31,16,25,2,08士林區,士林區延平北路5段136巷與延平北路5段136巷27弄口,0,0,2,3,C03,8,6,5,30,4,1,1,5,4,5,13,4,4,10,5,5,1,15,1,34,3,10,3,4,7,13,1,10,11,13,,44,,1,21,,121.5115193,25.0822678
112,10,31,16,25,2,08士林區,士林區延平北路5段136巷與延平北路5段136巷27弄口,0,0,2,2,C03,8,6,5,30,4,1,1,5,4,5,13,4,4,10,5,5,1,15,1,31,2,9,6,1,7,9,1,10,1,11,,108,,1,22,,121.5115193,25.0822678
112,10,31,16,25,2,08士林區,士林區延平北路5段136巷與延平北路5段136巷27弄口,0,0,2,1,C03,8,6,5,30,4,1,1,5,4,5,13,4,4,10,5,5,1,15,1,18,2,9,6,1,7,9,1,10,1,11,,75,,1,22,,121.5115193,25.0822678
112,10,31,16,53,2,03中山區,中山區民生西路3巷,0,0,1,2,H01,7,5,5,30,14,9,1,5,4,5,13,4,4,7,5,5,2,9,1,69,2,8,4,5,8,20,8,20,10,16,,53,,1,21,,121.5218529,25.0601006
112,10,31,16,53,2,03中山區,中山區民生西路3巷,0,0,1,1,B03,7,5,5,30,14,9,1,5,4,5,13,4,4,7,5,5,2,9,1,50,3,10,3,4,7,9,1,8,1,5,,44,,1,21,,121.5218529,25.0601006
112,10,31,17,26,2,01大同區,大同區環河北路2段與民族西路口,0,0,1,1,C03,8,5,5,50,3,1,1,5,4,5,13,2,1,1,4,5,2,12,1,65,3,10,3,4,7,7,1,10,1,12,,100,,1,21,,121.5092035,25.068778
112,10,31,17,26,2,01大同區,大同區環河北路2段與民族西路口,0,0,1,2,C03,8,5,5,50,3,1,1,5,4,5,13,2,1,1,4,5,2,12,1,59,2,9,3,4,7,9,1,10,1,11,,99,,1,21,,121.5092035,25.068778
112,10,31,18,0,2,08士林區,士林區中山北路6段191號,0,0,1,1,B03,8,5,8,50,22,22,1,5,4,5,13,1,1,1,5,5,1,13,1,57,3,10,7,1,7,9,1,8,1,1,,16,,1,21,,121.5250253,25.10787017
112,10,31,18,0,2,08士林區,士林區中山北路6段191號,0,0,1,2,C03,8,5,8,50,22,22,1,5,4,5,13,1,1,1,5,5,1,13,1,48,2,9,5,1,7,9,1,10,1,13,,14,,1,21,,121.5250253,25.10787017
112,10,31,18,4,2,12內湖區,內湖區東湖路與東湖路94巷口,0,0,2,2,C03,6,5,5,50,4,2,1,4,4,5,13,2,1,5,5,5,2,16,1,42,2,8,5,1,7,9,1,10,1,11,,44,,1,22,,121.615061,25.0683975
112,10,31,18,4,2,12內湖區,內湖區東湖路與東湖路94巷口,0,0,2,1,C03,6,5,5,50,4,2,1,4,4,5,13,2,1,5,5,5,2,16,1,53,2,9,5,1,7,1,1,10,1,14,,19,,1,22,,121.615061,25.0683975
112,10,31,18,5,2,05中正區,中正區林森南路與青島東路口,0,0,1,1,C03,7,6,5,50,4,1,1,5,4,5,13,1,1,10,5,5,2,13,1,19,2,9,6,1,7,9,1,8,2,11,,107,,1,22,,121.5229511,25.043641
112,10,31,18,5,2,05中正區,中正區林森南路與青島東路口,0,0,1,2,B03,7,6,5,50,4,1,1,5,4,5,13,1,1,10,5,5,2,13,1,35,3,10,2,1,7,13,1,8,2,3,,44,,1,22,,121.5229511,25.043641
112,10,31,18,34,2,03中山區,中山區新生北路2段與南京東路1段口,0,0,1,1,C03,6,5,5,50,4,2,1,4,4,5,13,1,1,5,4,5,2,16,1,39,2,9,5,1,7,15,1,10,1,14,,100,,1,22,,121.527589,25.05219377
112,10,31,18,34,2,03中山區,中山區新生北路2段與南京東路1段口,0,0,1,2,B03,6,5,5,50,4,2,1,4,4,5,13,1,1,5,4,5,2,16,1,69,3,10,7,1,7,9,1,8,1,5,,44,,1,22,,121.527589,25.05219377
112,10,31,18,42,2,09北投區,北投區大度路150巷旁,0,0,1,3,B03,7,5,5,50,14,12,1,5,4,5,13,4,4,1,5,1,1,13,2,55,3,10,7,1,7,13,1,8,1,17,,44,,1,21,,121.4932235,25.1217058
112,10,31,18,42,2,09北投區,北投區大度路150巷旁,0,0,1,2,C03,7,5,5,50,14,12,1,5,4,5,13,4,4,1,5,1,1,13,2,20,3,10,5,1,7,9,1,10,1,13,,44,,1,21,,121.4932235,25.1217058
112,10,31,18,42,2,09北投區,北投區大度路150巷旁,0,0,1,1,C03,7,5,5,50,14,12,1,5,4,5,13,4,4,1,5,1,1,13,1,21,2,9,5,1,7,9,1,10,1,11,,16,,1,21,,121.4932235,25.1217058
112,10,31,19,10,2,07信義區,信義區莊敬路與吳興街345巷口,0,0,1,1,C03,8,5,5,40,5,2,1,5,4,5,13,4,4,9,5,5,1,16,1,50,3,10,6,1,7,6,1,10,1,13,,9,,1,22,,121.5657793,25.0271434
112,10,31,19,10,2,07信義區,信義區莊敬路與吳興街345巷口,0,0,1,2,C03,8,5,5,40,5,2,1,5,4,5,13,4,4,9,5,5,1,16,2,35,2,6,6,1,7,9,1,10,1,11,,44,,1,22,,121.5657793,25.0271434
112,10,31,19,30,2,03中山區,中山區民族東路410巷與龍江路342巷口,0,0,1,2,C03,6,5,5,30,4,2,5,4,4,5,13,4,4,10,5,5,2,17,1,42,2,9,5,1,7,9,1,10,1,11,,118,,1,22,,121.5383317,25.06548693
112,10,31,19,30,2,03中山區,中山區民族東路410巷與龍江路342巷口,0,0,1,1,C03,6,5,5,30,4,2,5,4,4,5,13,4,4,10,5,5,2,17,1,52,3,10,5,1,7,5,6,18,9,15,,118,,1,22,,121.5383317,25.06548693
112,10,31,20,4,2,10文山區,文山區萬壽橋與秀明路2段口,0,0,1,1,B03,7,5,5,50,4,1,1,5,4,5,13,1,1,1,4,5,1,17,1,63,3,10,3,4,7,5,1,8,1,6,,74,,1,22,,121.5736573,24.9916812
112,10,31,20,4,2,10文山區,文山區萬壽橋與秀明路2段口,0,0,1,2,C03,7,5,5,50,4,1,1,5,4,5,13,1,1,1,4,5,1,17,1,22,2,9,3,4,7,9,1,10,1,11,,44,,1,22,,121.5736573,24.9916812
112,10,31,20,16,2,04大安區,大安區忠孝東路4段77號,0,0,1,1,B01,6,5,5,50,14,9,1,4,4,5,13,1,1,1,4,5,2,17,1,61,4,11,3,4,7,10,7,19,11,15,,100,,2,21,,121.547367,25.0416442
112,10,31,20,16,2,04大安區,大安區忠孝東路4段77號,0,0,1,2,C03,6,5,5,50,14,9,1,4,4,5,13,1,1,1,4,5,2,17,2,27,2,9,5,1,7,9,1,10,1,17,,44,,1,27,,121.547367,25.0416442
112,10,31,20,50,2,12內湖區,內湖區內湖路1段285巷65弄40號,0,0,2,1,C03,6,5,5,30,14,9,1,4,4,5,13,4,4,5,5,5,2,3,1,19,2,1,6,1,7,9,1,10,2,11,,107,,1,21,,121.5691374,25.08442893
112,10,31,20,50,2,12內湖區,內湖區內湖路1段285巷65弄40號,0,0,2,2,H01,6,5,5,30,14,9,1,4,4,5,13,4,4,5,5,5,2,3,1,58,2,9,4,5,8,16,8,20,10,16,,121,,1,21,,121.5691374,25.08442893
112,10,31,20,56,2,12內湖區,內湖區成功路4段與成功路4段323巷口附近,0,0,1,1,B03,6,5,5,50,4,2,1,4,4,5,13,1,1,1,3,5,1,16,2,66,3,10,7,1,7,1,1,8,2,8,,19,,1,21,,121.5997891,25.0845963
112,10,31,20,56,2,12內湖區,內湖區成功路4段與成功路4段323巷口附近,0,0,1,2,C03,6,5,5,50,4,2,1,4,4,5,13,1,1,1,3,5,1,16,1,48,2,8,5,1,7,9,1,9,2,11,,44,,1,21,,121.5997891,25.0845963
112,10,31,21,30,2,07信義區,信義區忠孝東路4段與光復南路口口,0,0,1,1,B03,7,5,5,50,4,1,1,5,4,5,13,1,1,1,4,5,2,16,1,64,3,10,7,1,7,6,1,4,1,5,,9,,1,21,,121.5577518,25.0412313
112,10,31,21,30,2,07信義區,信義區忠孝東路4段與光復南路口口,0,0,1,2,C03,7,5,5,50,4,1,1,5,4,5,13,1,1,1,4,5,2,16,1,18,2,8,6,1,7,9,1,10,1,11,,44,,1,21,,121.5577518,25.0412313
112,10,31,22,1,2,12內湖區,內湖區民權東路6段與民權東路6段56巷口,0,0,1,1,B01,6,5,5,50,4,1,1,4,4,5,13,1,1,1,5,5,2,16,1,69,3,10,7,1,7,11,1,4,1,2,,10,,1,21,,121.5843593,25.068744
112,10,31,22,1,2,12內湖區,內湖區民權東路6段與民權東路6段56巷口,0,0,1,2,C03,6,5,5,50,4,1,1,4,4,5,13,1,1,1,5,5,2,16,1,28,2,9,6,1,7,9,1,10,1,11,,44,,1,21,,121.5843593,25.068744
112,10,31,22,18,2,06松山區,松山區延壽街72巷與三民路74巷口,0,0,2,1,B03,8,5,5,30,4,1,1,5,4,5,13,4,4,10,5,5,2,16,2,70,3,10,7,1,7,9,1,8,1,1,,72,,1,22,,121.5654807,25.0558145
112,10,31,22,18,2,06松山區,松山區延壽街72巷與三民路74巷口,0,0,2,2,C03,8,5,5,30,4,1,1,5,4,5,13,4,4,10,5,5,2,16,1,18,2,3,6,1,7,9,1,10,1,12,,107,,1,22,,121.5654807,25.0558145
112,10,31,22,18,2,06松山區,松山區延壽街72巷與三民路74巷口,0,0,2,3,H02,8,5,5,30,4,1,1,5,4,5,13,4,4,10,5,5,2,16,2,16,2,8,6,5,7,20,8,20,10,16,,67,,1,22,,121.5654807,25.0558145
112,10,31,22,30,2,12內湖區,內湖區內湖路2段192號旁,0,0,1,3,B01,8,5,5,50,14,9,1,4,4,5,13,4,4,5,5,5,1,17,1,52,3,10,7,1,7,9,1,4,2,1,,44,,1,21,,121.5851714,25.08079084
112,10,31,22,30,2,12內湖區,內湖區內湖路2段192號旁,0,0,1,2,C04,8,5,5,50,14,9,1,4,4,5,13,4,4,5,5,5,1,17,1,46,2,9,6,1,7,9,1,8,2,12,,107,,1,21,,121.5851714,25.08079084
112,10,31,22,30,2,12內湖區,內湖區內湖路2段192號旁,0,0,1,1,B03,8,5,5,50,14,9,1,4,4,5,13,4,4,5,5,5,1,17,1,32,3,10,7,1,7,1,1,8,2,4,,19,,1,21,,121.5851714,25.08079084