發生年度,發生月,發生日,發生時-Hours,發生分,處理別-編號,區序,肇事地點,死亡人數,2-30日死亡人數,受傷人數,當事人序號,車種,天候,光線,道路類別,速限-速度限制,道路型態,事故位置,路面狀況1,路面狀況2,路面狀況3,道路障礙1,道路障礙2,號誌1,號誌2,車道劃分-分向,車道劃分-分道1,車道劃分-分道2,車道劃分-分道3,事故類型及型態,性別,年齡,受傷程度,主要傷處,保護裝置,行動電話,車輛用途,當事者行動狀態,駕駛資格情形,駕駛執照種類,飲酒情形,車輛撞擊部位1,車輛撞擊部位2,肇因碼-個別,肇因碼-主要,個人肇逃否,職業,旅次目的,座標-X,座標-Y
112,10,31,22,31,2,02萬華區,萬華區西園路2段96巷與西園路2段52巷16弄口,0,0,1,2,C03,7,5,5,50,3,2,1,5,4,5,13,4,4,8,3,5,2,16,1,34,2,9,5,1,7,9,1,10,2,11,,44,,1,21,,121.4958579,25.03114249
112,10,31,22,31,2,02萬華區,萬華區西園路2段96巷與西園路2段52巷16弄口,0,0,1,1,C03,7,5,5,50,3,2,1,5,4,5,13,4,4,8,3,5,2,16,1,24,3,10,5,1,7,6,1,9,2,17,,9,,1,21,,121.4958579,25.03114249
112,10,31,22,42,2,07信義區,信義區忠孝東路4段560號,0,0,1,1,B01,6,5,5,50,14,9,1,4,4,5,13,4,4,1,4,1,2,13,1,42,3,10,7,1,7,9,1,8,1,1,,108,,1,21,,121.5640124,25.041143
112,10,31,22,42,2,07信義區,信義區忠孝東路4段560號,0,0,1,2,C02,6,5,5,50,14,9,1,4,4,5,13,4,4,1,4,1,2,13,1,32,2,9,6,1,7,14,1,9,1,13,,44,,1,21,,121.5640124,25.041143
112,10,31,22,58,2,03中山區,中山區長安東路2段與伊通街口,0,0,1,1,C03,6,5,5,50,4,1,1,4,4,5,13,2,1,5,4,5,2,13,1,35,2,9,5,4,7,9,1,10,2,11,,16,,1,21,,121.5349399,25.0484433
112,10,31,22,58,2,03中山區,中山區長安東路2段與伊通街口,0,0,1,2,B03,6,5,5,50,4,1,1,4,4,5,13,2,1,5,4,5,2,13,2,27,3,10,3,4,7,10,1,8,2,7,,44,,1,21,,121.5349399,25.0484433
112,10,31,23,14,2,01大同區,大同區延平北路3段與伊寧街口,0,0,1,3,B03,7,5,5,50,4,1,1,4,4,5,13,1,1,5,4,5,2,9,1,47,3,10,3,4,7,13,1,8,11,8,,38,,1,21,,121.5111244,25.06459946
112,10,31,23,14,2,01大同區,大同區延平北路3段與伊寧街口,0,0,1,2,H01,7,5,5,50,4,1,1,4,4,5,13,1,1,5,4,5,2,9,2,52,2,9,4,5,8,21,8,20,1,16,,67,,1,21,,121.5111244,25.06459946
112,10,31,23,14,2,01大同區,大同區延平北路3段與伊寧街口,0,0,1,1,B03,7,5,5,50,4,1,1,4,4,5,13,1,1,5,4,5,2,9,1,18,3,10,7,1,7,1,1,8,2,2,,19,,1,21,,121.5111244,25.06459946
112,11,1,0,8,2,04大安區,大安區忠孝東路3段與安東街口,0,0,1,2,C03,7,5,5,50,3,2,1,5,4,5,13,4,4,1,4,5,2,17,1,26,2,9,6,1,7,9,1,10,1,11,,44,,1,21,,121.5430765,25.04170079
112,11,1,0,8,2,04大安區,大安區忠孝東路3段與安東街口,0,0,1,1,B03,7,5,5,50,3,2,1,5,4,5,13,4,4,1,4,5,2,17,1,26,3,10,7,1,7,6,1,8,1,5,,9,,1,21,,121.5430765,25.04170079
112,11,1,0,8,2,04大安區,大安區忠孝東路3段與安東街口,0,0,1,3,B03,7,5,5,50,3,2,1,5,4,5,13,4,4,1,4,5,2,17,1,44,3,10,7,1,7,14,1,8,11,17,,38,,1,21,,121.5430765,25.04170079
112,11,1,2,53,2,08士林區,士林區中正路與文林路口,0,0,1,1,C03,7,5,5,50,4,1,1,5,4,5,13,1,1,1,2,5,2,16,1,14,2,9,5,1,7,5,2,18,2,14,,8,,1,21,,121.5245491,25.0949879
112,11,1,2,53,2,08士林區,士林區中正路與文林路口,0,0,1,2,B03,7,5,5,50,4,1,1,5,4,5,13,1,1,1,2,5,2,16,2,56,3,10,3,4,7,9,1,8,2,5,,99,,1,21,,121.5245491,25.0949879
112,11,1,3,0,2,07信義區,信義區市府路與松壽路口,0,0,1,1,C03,8,5,5,50,4,1,1,5,4,5,13,2,1,8,3,5,2,18,1,21,2,9,3,4,7,15,1,10,1,11,,44,,1,21,,121.5635921,25.0358058
112,11,1,3,0,2,07信義區,信義區市府路與松壽路口,0,0,1,2,,8,5,5,50,4,1,1,5,4,5,13,2,1,8,3,5,2,18,3,0,,,,,,,,,,,,67,,1,,,121.5635921,25.0358058
112,11,1,3,38,2,06松山區,松山區民生東路3段與民生東路3段127巷口,0,0,1,1,A12,8,5,5,30,3,1,1,5,4,5,13,4,4,9,4,5,1,15,1,44,3,10,7,1,7,9,1,2,2,7,,72,,1,21,,121.5474524,25.05779461
112,11,1,3,38,2,06松山區,松山區民生東路3段與民生東路3段127巷口,0,0,1,2,C03,8,5,5,30,3,1,1,5,4,5,13,4,4,9,4,5,1,15,1,26,2,6,5,1,7,9,1,10,2,11,,44,,1,21,,121.5474524,25.05779461
112,11,1,3,46,2,09北投區,北投區承德路6段與無名巷口,0,0,1,2,C03,8,5,5,50,3,1,1,5,4,5,13,4,4,1,4,4,2,17,1,23,2,5,6,1,7,9,1,10,1,14,,108,,1,21,,121.5118372,25.1044316
112,11,1,3,46,2,09北投區,北投區承德路6段與無名巷口,0,0,1,1,A11,8,5,5,50,3,1,1,5,4,5,13,4,4,1,4,4,2,17,1,46,3,10,2,1,7,6,1,3,1,5,,9,,1,21,,121.5118372,25.1044316
112,11,1,7,12,2,06松山區,松山區松河街218號,0,0,1,3,C03,8,7,5,40,14,9,1,5,4,5,13,4,4,9,4,5,2,17,2,20,3,10,6,1,7,9,1,10,1,14,,44,,1,21,,121.5786985,25.05185798
112,11,1,7,12,2,06松山區,松山區松河街218號,0,0,1,2,C03,8,7,5,40,14,9,1,5,4,5,13,4,4,9,4,5,2,17,1,30,2,9,6,1,7,9,1,10,1,12,,44,,1,21,,121.5786985,25.05185798
112,11,1,7,12,2,06松山區,松山區松河街218號,0,0,1,1,B03,8,7,5,40,14,9,1,5,4,5,13,4,4,9,4,5,2,17,1,44,3,10,7,1,7,1,1,8,1,1,,19,,1,21,,121.5786985,25.05185798
112,11,1,7,15,2,06松山區,松山區寶清街21號,0,0,2,2,C03,8,7,5,50,14,9,1,5,4,5,13,4,4,9,4,5,2,16,1,30,2,9,6,1,7,5,1,10,1,12,,44,,1,21,,121.56881,25.0501468
112,11,1,7,15,2,06松山區,松山區寶清街21號,0,0,2,1,C03,8,7,5,50,14,9,1,5,4,5,13,4,4,9,4,5,2,16,2,23,2,9,6,1,7,9,1,10,1,12,,86,,1,21,,121.56881,25.0501468
112,11,1,7,25,2,12內湖區,內湖區內湖路1段629巷42號,0,0,1,1,B03,8,5,5,50,14,9,1,5,4,5,13,4,4,9,5,5,2,12,2,53,3,10,7,1,7,1,1,8,1,8,,19,,1,21,,121.5755986,25.08152911
112,11,1,7,25,2,12內湖區,內湖區內湖路1段629巷42號,0,0,1,2,C03,8,5,5,50,14,9,1,5,4,5,13,4,4,9,5,5,2,12,1,44,2,9,5,1,7,1,1,10,1,11,,44,,1,21,,121.5755986,25.08152911
112,11,1,7,48,2,04大安區,大安區復興南路1段與復興南路1段253巷口,0,0,1,1,B03,8,6,5,30,3,2,1,5,4,5,13,4,4,8,3,5,2,17,1,50,4,11,3,4,7,21,7,19,11,15,,72,,2,22,,121.5437886,25.0368155
112,11,1,7,48,2,04大安區,大安區復興南路1段與復興南路1段253巷口,0,0,1,2,C03,8,6,5,30,3,2,1,5,4,5,13,4,4,8,3,5,2,17,1,39,2,9,6,4,7,9,1,10,1,11,,14,,1,21,,121.5437886,25.0368155
112,11,1,7,48,2,04大安區,大安區復興南路1段與復興南路1段253巷口,0,0,1,3,B03,8,6,5,30,3,2,1,5,4,5,13,4,4,8,3,5,2,17,1,42,3,10,3,4,7,14,1,8,1,6,,44,,1,21,,121.5437886,25.0368155
112,11,1,7,49,2,06松山區,松山區南京東路5段303號,0,0,3,3,H02,8,5,5,50,14,9,1,5,4,5,13,4,4,2,3,5,2,13,2,15,2,7,6,5,7,17,8,20,10,16,,67,,1,22,,121.5665539,25.0514426
112,11,1,7,49,2,06松山區,松山區南京東路5段303號,0,0,3,2,C03,8,5,5,50,14,9,1,5,4,5,13,4,4,2,3,5,2,13,2,42,2,7,6,1,7,9,1,10,1,11,,44,,1,22,,121.5665539,25.0514426
112,11,1,7,49,2,06松山區,松山區南京東路5段303號,0,0,3,1,C03,8,5,5,50,14,9,1,5,4,5,13,4,4,2,3,5,2,13,1,20,2,7,6,1,7,9,1,10,1,13,,16,,1,22,,121.5665539,25.0514426
112,11,1,8,5,2,04大安區,大安區敦化南路2段93號,0,0,2,3,B03,8,7,5,50,14,9,1,5,4,5,13,4,4,1,4,5,2,13,2,46,3,10,3,4,7,8,1,8,1,8,,100,,1,22,,121.549297,25.0286652
112,11,1,8,5,2,04大安區,大安區敦化南路2段93號,0,0,2,1,C03,8,7,5,50,14,9,1,5,4,5,13,4,4,1,4,5,2,13,1,35,2,8,3,4,7,9,1,10,1,11,,16,,1,22,,121.549297,25.0286652
112,11,1,8,5,2,04大安區,大安區敦化南路2段93號,0,0,2,2,C03,8,7,5,50,14,9,1,5,4,5,13,4,4,1,4,5,2,13,2,25,2,9,3,4,7,9,1,10,1,13,,44,,1,22,,121.549297,25.0286652
112,11,1,8,35,2,03中山區,中山區北安路(忠烈祠前),0,0,2,1,C03,8,5,5,30,18,9,1,5,4,5,13,4,4,1,4,5,2,17,1,36,2,9,3,4,7,9,1,10,1,17,,42,,1,21,,121.5331498,25.07789193
112,11,1,8,35,2,03中山區,中山區北安路(忠烈祠前),0,0,2,2,C03,8,5,5,30,18,9,1,5,4,5,13,4,4,1,4,5,2,17,2,40,2,9,3,4,7,9,1,10,1,17,,42,,1,21,,121.5331498,25.07789193
112,11,1,8,42,2,06松山區,松山區民權大橋往內湖(第751045號燈桿),0,0,2,2,C03,8,7,5,30,8,11,1,5,4,5,13,4,4,9,4,5,2,13,1,40,2,8,6,1,7,14,1,10,1,13,,44,,1,22,,121.5677323,25.06353314
112,11,1,8,42,2,06松山區,松山區民權大橋往內湖(第751045號燈桿),0,0,2,1,C03,8,7,5,30,8,11,1,5,4,5,13,4,4,9,4,5,2,13,2,51,2,8,6,1,7,9,1,10,1,11,,16,,1,22,,121.5677323,25.06353314
112,11,1,8,43,2,10文山區,文山區萬美街1段與萬美街1段19巷口,0,0,2,3,B12,8,6,5,40,3,2,1,5,4,3,12,3,1,5,4,5,2,16,1,43,3,10,3,4,7,13,1,8,2,17,,38,,1,27,,121.5686677,25.00240162
112,11,1,8,43,2,10文山區,文山區萬美街1段與萬美街1段19巷口,0,0,2,2,C03,8,6,5,40,3,2,1,5,4,3,12,3,1,5,4,5,2,16,1,31,2,9,3,4,7,9,1,10,2,11,,13,,1,22,,121.5686677,25.00240162
112,11,1,8,43,2,10文山區,文山區萬美街1段與萬美街1段19巷口,0,0,2,1,C03,8,6,5,40,3,2,1,5,4,3,12,3,1,5,4,5,2,16,1,45,2,9,3,4,7,1,1,10,2,11,,19,,1,22,,121.5686677,25.00240162
112,11,1,8,43,2,10文山區,文山區辛亥路4段191號,0,0,1,2,C03,8,6,5,50,14,9,1,5,4,5,13,2,1,1,4,5,2,11,2,40,2,9,5,1,7,9,3,18,1,11,,13,,1,21,,121.5571586,25.004984
112,11,1,8,43,2,10文山區,文山區辛亥路4段191號,0,0,1,1,C03,8,6,5,50,14,9,1,5,4,5,13,2,1,1,4,5,2,11,1,56,3,10,5,1,7,7,1,10,1,13,,100,,1,21,,121.5571586,25.004984
112,11,1,8,56,2,06松山區,松山區民生東路5段27巷與民生東路5段69巷21弄口,0,0,1,2,H01,8,5,5,30,3,2,1,5,4,5,13,4,4,8,5,5,2,3,1,55,2,9,4,5,8,16,8,20,10,16,,67,,1,22,,121.5568493,25.0596465
112,11,1,8,56,2,06松山區,松山區民生東路5段27巷與民生東路5段69巷21弄口,0,0,1,1,B03,8,5,5,30,3,2,1,5,4,5,13,4,4,8,5,5,2,3,1,41,3,10,7,1,7,5,1,8,3,1,,70,,1,22,,121.5568493,25.0596465
112,11,1,9,1,2,04大安區,大安區和平東路1段與和平東路1段104巷口口,0,0,2,2,C04,8,6,5,50,3,2,1,5,4,5,13,4,4,1,3,4,1,11,1,22,2,9,6,1,7,6,1,11,1,12,,9,,1,21,,121.5249503,25.02681354
112,11,1,9,1,2,04大安區,大安區和平東路1段與和平東路1段104巷口口,0,0,2,1,C03,8,6,5,50,3,2,1,5,4,5,13,4,4,1,3,4,1,11,2,26,2,9,6,1,7,9,1,10,1,14,,108,,1,21,,121.5249503,25.02681354
112,11,1,9,31,2,03中山區,中山區松江路579號,0,0,1,2,C03,8,5,5,50,14,9,1,5,4,5,13,4,4,1,4,5,2,17,2,45,3,10,3,4,7,9,1,10,11,17,,44,,1,21,,121.5337214,25.0700606
112,11,1,9,31,2,03中山區,中山區松江路579號,0,0,1,1,C03,8,5,5,50,14,9,1,5,4,5,13,4,4,1,4,5,2,17,1,40,2,9,3,4,7,8,1,10,1,17,,13,,1,21,,121.5337214,25.0700606
112,11,1,9,31,2,03中山區,中山區敬業三路161巷與樂群二路116巷口,0,0,1,2,C04,8,5,5,30,4,1,1,5,4,5,13,4,4,4,5,5,1,15,2,31,2,9,6,4,7,9,1,10,2,14,,13,,1,21,,121.5553824,25.0792634
112,11,1,9,31,2,03中山區,中山區敬業三路161巷與樂群二路116巷口,0,0,1,1,B03,8,5,5,30,4,1,1,5,4,5,13,4,4,4,5,5,1,15,2,34,3,10,3,4,7,9,1,8,1,1,,72,,1,21,,121.5553824,25.0792634
112,11,1,10,15,2,04大安區,大安區羅斯福路2段95號,0,0,2,2,C03,8,6,5,50,14,9,1,5,4,5,13,4,4,6,3,5,2,12,1,40,2,9,6,1,7,9,1,10,2,13,,44,,1,22,,121.5244886,25.0250353
112,11,1,10,15,2,04大安區,大安區羅斯福路2段95號,0,0,2,1,C03,8,6,5,50,14,9,1,5,4,5,13,4,4,6,3,5,2,12,1,34,2,9,6,1,7,9,1,10,2,11,,16,,1,21,,121.5244886,25.0250353
112,11,1,10,15,2,04大安區,大安區羅斯福路2段95號,0,0,2,3,B01,8,6,5,50,14,9,1,5,4,5,13,4,4,6,3,5,2,12,1,69,3,10,7,1,7,12,6,4,2,17,,14,,1,21,,121.5244886,25.0250353
112,11,1,10,23,2,01大同區,大同區延平北路2段與民生西路口,0,0,2,2,C03,8,6,5,50,4,1,1,5,4,5,13,1,1,5,2,5,2,17,1,66,2,7,5,1,7,9,1,10,2,11,,44,,1,21,,121.511551,25.0569889
112,11,1,10,23,2,01大同區,大同區延平北路2段與民生西路口,0,0,2,1,C03,8,6,5,50,4,1,1,5,4,5,13,1,1,5,2,5,2,17,2,62,2,9,5,1,7,5,1,10,2,12,,74,,1,21,,121.511551,25.0569889
112,11,1,10,30,2,03中山區,中山區濱江街180巷與民族東路口,0,0,1,2,C03,8,6,5,50,4,1,1,5,4,5,13,1,1,3,4,4,2,17,2,44,2,9,6,1,7,9,1,10,1,14,,13,,1,22,,121.538138,25.06823276
112,11,1,10,30,2,03中山區,中山區濱江街180巷與民族東路口,0,0,1,1,B03,8,6,5,50,4,1,1,5,4,5,13,1,1,3,4,4,2,17,2,29,3,10,7,1,7,6,1,8,1,2,,74,,1,22,,121.538138,25.06823276
112,11,1,10,43,2,03中山區,中山區長安東路1段與天津街口,0,0,1,2,C03,8,5,5,50,4,1,1,5,4,5,13,1,1,4,3,5,2,17,1,22,2,9,6,1,7,9,1,10,2,11,,44,,1,21,,121.5229185,25.0495079
112,11,1,10,43,2,03中山區,中山區長安東路1段與天津街口,0,0,1,1,B03,8,5,5,50,4,1,1,5,4,5,13,1,1,4,3,5,2,17,1,60,3,10,7,1,7,11,1,8,2,4,,10,,1,21,,121.5229185,25.0495079
112,11,1,10,46,2,09北投區,北投區中央北路3段53巷與中央北路3段口,0,0,1,2,C03,8,7,5,50,3,2,1,5,4,5,13,2,1,5,4,5,2,17,2,38,2,9,3,4,7,9,1,10,1,14,,13,,1,21,,121.4852059,25.13808654
112,11,1,10,46,2,09北投區,北投區中央北路3段53巷與中央北路3段口,0,0,1,1,B03,8,7,5,50,3,2,1,5,4,5,13,2,1,5,4,5,2,17,2,72,3,10,7,1,7,5,1,8,9,17,,74,,2,21,,121.4852059,25.13808654
112,11,1,10,46,2,09北投區,北投區中央北路3段53巷與中央北路3段口,0,0,1,3,C03,8,7,5,50,3,2,1,5,4,5,13,2,1,5,4,5,2,17,1,71,3,10,3,4,7,13,1,10,1,13,,44,,1,21,,121.4852059,25.13808654
112,11,1,10,46,2,09北投區,北投區中央北路3段53巷與中央北路3段口,0,0,1,5,C03,8,7,5,50,3,2,1,5,4,5,13,2,1,5,4,5,2,17,2,52,3,10,3,4,7,13,1,10,1,13,,44,,1,21,,121.4852059,25.13808654
112,11,1,10,46,2,09北投區,北投區中央北路3段53巷與中央北路3段口,0,0,1,4,C03,8,7,5,50,3,2,1,5,4,5,13,2,1,5,4,5,2,17,1,43,3,10,3,4,7,13,1,10,1,12,,44,,1,21,,121.4852059,25.13808654
112,11,1,11,8,2,04大安區,大安區敦化南路2段81巷與敦化南路2段口,0,0,1,1,B01,8,7,5,50,3,1,1,5,4,5,13,2,1,5,4,5,2,11,1,69,3,10,7,1,7,11,1,4,1,5,,10,,1,21,,121.5489899,25.0300522
112,11,1,11,8,2,04大安區,大安區敦化南路2段81巷與敦化南路2段口,0,0,1,2,C03,8,7,5,50,3,1,1,5,4,5,13,2,1,5,4,5,2,11,1,20,2,9,6,1,7,9,1,10,1,11,,44,,1,21,,121.5489899,25.0300522
112,11,1,11,16,2,03中山區,中山區長安東路2段80號,0,0,1,1,F01,8,5,5,50,14,9,1,5,4,5,13,4,4,5,4,5,2,12,1,70,2,5,3,4,7,9,8,20,1,14,,44,,1,21,,121.5340443,25.04838399
112,11,1,11,16,2,03中山區,中山區長安東路2段80號,0,0,1,2,B03,8,5,5,50,14,9,1,5,4,5,13,4,4,5,4,5,2,12,1,31,3,10,3,4,7,9,1,8,1,2,,108,,1,21,,121.5340443,25.04838399
112,11,1,11,35,2,08士林區,士林區中山北路4段出圓山隧道,0,0,1,1,C03,8,6,5,40,11,7,1,5,4,5,13,4,4,1,3,4,1,12,1,19,2,9,3,4,7,15,1,10,1,15,,13,,1,22,,121.5252385,25.0772711
112,11,1,11,35,2,08士林區,士林區中山北路4段出圓山隧道,0,0,1,2,B03,8,6,5,40,11,7,1,5,4,5,13,4,4,1,3,4,1,12,1,61,3,10,3,4,7,9,1,8,1,6,,44,,1,22,,121.5252385,25.0772711
112,11,1,11,52,2,05中正區,中正區重慶南路3段182號附近側附近,0,0,1,2,C03,8,6,5,30,14,9,1,5,4,5,13,4,4,1,4,5,1,17,1,36,3,10,6,1,7,9,1,10,2,14,,13,,1,21,,121.5167377,25.02292751
112,11,1,11,52,2,05中正區,中正區重慶南路3段182號附近側附近,0,0,1,1,C03,8,6,5,30,14,9,1,5,4,5,13,4,4,1,4,5,1,17,1,73,2,7,6,1,7,15,1,10,2,12,,100,,1,21,,121.5167377,25.02292751
112,11,1,11,52,2,05中正區,中正區重慶南路3段182號附近側附近,0,0,1,3,H02,8,6,5,30,14,9,1,5,4,5,13,4,4,1,4,5,1,17,2,64,4,11,6,5,7,20,8,20,10,16,,67,,1,21,,121.5167377,25.02292751
112,11,1,12,0,2,01大同區,大同區延平北路2段與延平北路2段210巷口,0,0,1,1,C03,8,6,8,0,22,25,1,5,4,5,13,4,4,10,5,5,2,11,1,20,4,11,3,4,7,9,7,,11,13,,119,,2,,,121.5113455,25.0592973
112,11,1,12,0,2,01大同區,大同區延平北路2段與延平北路2段210巷口,0,0,1,2,C03,8,6,8,0,22,25,1,5,4,5,13,4,4,10,5,5,2,11,1,31,2,3,6,1,7,13,1,10,9,12,,44,,1,21,,121.5113455,25.0592973
112,11,1,12,10,2,12內湖區,內湖區內湖路3段191巷與內湖路3段173巷口口,0,0,1,1,B01,8,6,5,30,4,1,1,5,4,5,13,4,4,10,5,5,2,16,2,48,3,10,7,1,7,6,1,8,1,1,,74,,1,21,,121.5884669,25.08779003
112,11,1,12,10,2,12內湖區,內湖區內湖路3段191巷與內湖路3段173巷口口,0,0,1,2,F01,8,6,5,30,4,1,1,5,4,5,13,4,4,10,5,5,2,16,1,54,2,9,2,1,7,9,8,20,1,12,,80,,1,21,,121.5884669,25.08779003
112,11,1,12,22,2,05中正區,中正區仁愛路2段71號,0,0,1,1,C03,8,6,5,50,14,9,1,5,4,5,13,4,4,5,4,5,2,13,1,44,2,9,5,1,7,9,1,10,2,11,,16,,1,22,,121.5307765,25.03830894
112,11,1,12,22,2,05中正區,中正區仁愛路2段71號,0,0,1,2,C03,8,6,5,50,14,9,1,5,4,5,13,4,4,5,4,5,2,13,1,21,3,10,5,1,7,14,1,10,2,14,,44,,1,22,,121.5307765,25.03830894
112,11,1,12,22,2,05中正區,中正區仁愛路2段71號,0,0,1,3,C03,8,6,5,50,14,9,1,5,4,5,13,4,4,5,4,5,2,13,1,64,3,10,5,1,7,14,1,10,2,13,,44,,1,22,,121.5307765,25.03830894
112,11,1,12,41,2,05中正區,中正區羅斯福路4段52巷,0,0,1,1,B03,8,7,5,30,14,9,1,5,4,5,13,4,4,10,5,5,2,1,1,47,3,10,7,1,7,9,1,8,1,2,,108,,1,22,,121.5339599,25.0148511
112,11,1,12,41,2,05中正區,中正區羅斯福路4段52巷,0,0,1,2,H01,8,7,5,30,14,9,1,5,4,5,13,4,4,10,5,5,2,1,2,68,2,7,4,5,8,16,8,20,10,16,,67,,1,22,,121.5339599,25.0148511
112,11,1,12,57,2,04大安區,大安區辛亥路3段308號,0,0,1,1,C03,8,6,5,50,14,9,1,5,4,5,13,2,1,10,3,5,2,17,2,72,3,10,6,1,7,9,1,10,1,15,,81,,1,21,,121.5495891,25.0164328
112,11,1,12,57,2,04大安區,大安區辛亥路3段308號,0,0,1,2,C03,8,6,5,50,14,9,1,5,4,5,13,2,1,10,3,5,2,17,1,19,2,9,6,1,7,9,1,10,1,14,,44,,1,21,,121.5495891,25.0164328
112,11,1,13,3,2,04大安區,大安區雲和街與泰順街口,0,0,2,1,B03,8,7,5,30,4,1,1,5,4,5,13,4,4,9,4,5,2,17,2,37,2,3,7,1,7,9,1,8,1,17,,72,,1,21,,121.5312137,25.0229311
112,11,1,13,3,2,04大安區,大安區雲和街與泰順街口,0,0,2,2,C03,8,7,5,30,4,1,1,5,4,5,13,4,4,9,4,5,2,17,1,60,2,9,5,1,7,9,1,10,1,17,,107,,1,21,,121.5312137,25.0229311
112,11,1,13,25,2,08士林區,士林區士東路與忠誠路2段口,0,0,1,1,C03,8,6,5,50,5,1,1,5,4,5,13,2,1,1,4,5,2,17,1,18,2,8,3,4,7,6,1,10,1,11,,108,,1,22,,121.531446,25.1124801
112,11,1,13,25,2,08士林區,士林區士東路與忠誠路2段口,0,0,1,2,B03,8,6,5,50,5,1,1,5,4,5,13,2,1,1,4,5,2,17,1,52,3,10,3,4,7,11,1,8,1,4,,10,,1,22,,121.531446,25.1124801
112,11,1,13,25,2,08士林區,士林區士東路與忠誠路2段口,0,0,1,3,H02,8,6,5,50,5,1,1,5,4,5,13,2,1,1,4,5,2,17,1,18,3,10,3,5,7,20,8,20,10,16,,67,,1,22,,121.531446,25.1124801
112,11,1,13,30,2,12內湖區,內湖區江南街71巷75弄與文德路22巷53弄口,0,0,3,1,C03,8,6,5,30,4,1,1,5,4,5,13,4,4,5,5,5,2,15,2,39,2,9,5,1,7,9,1,10,2,12,,75,,1,21,,121.5797646,25.07552418
112,11,1,13,30,2,12內湖區,內湖區江南街71巷75弄與文德路22巷53弄口,0,0,3,2,C03,8,6,5,30,4,1,1,5,4,5,13,4,4,5,5,5,2,15,1,27,2,9,5,1,7,9,1,10,2,11,,80,,1,21,,121.5797646,25.07552418
112,11,1,13,30,2,12內湖區,內湖區江南街71巷75弄與文德路22巷53弄口,0,0,3,3,H02,8,6,5,30,4,1,1,5,4,5,13,4,4,5,5,5,2,15,2,28,2,9,5,5,7,20,8,20,10,16,,67,,1,21,,121.5797646,25.07552418
112,11,1,13,33,2,01大同區,大同區大龍街91巷與無名巷口,0,0,1,1,B11,8,6,5,30,22,9,1,5,4,5,13,4,4,10,5,5,2,17,1,33,3,10,7,1,7,13,1,4,1,17,,40,,1,21,,121.5166971,25.0672933
112,11,1,13,33,2,01大同區,大同區大龍街91巷與無名巷口,0,0,1,2,C03,8,6,5,30,22,9,1,5,4,5,13,4,4,10,5,5,2,17,1,19,2,5,6,1,7,6,1,10,1,14,,42,,1,21,,121.5166971,25.0672933
112,11,1,13,43,2,07信義區,信義區永吉路181號,0,0,1,2,B01,8,7,5,50,22,9,1,5,4,3,12,1,1,10,3,4,2,12,1,51,3,10,7,1,7,9,1,4,1,2,,44,,1,21,,121.5717933,25.0456825
112,11,1,13,43,2,07信義區,信義區永吉路181號,0,0,1,3,A12,8,7,5,50,22,9,1,5,4,3,12,1,1,10,3,4,2,12,1,31,3,10,7,1,7,1,1,2,1,17,,19,,1,21,,121.5717933,25.0456825
112,11,1,13,43,2,07信義區,信義區永吉路181號,0,0,1,1,C03,8,7,5,50,22,9,1,5,4,3,12,1,1,10,3,4,2,12,1,37,2,7,5,1,7,9,1,10,1,11,,17,,1,21,,121.5717933,25.0456825
112,11,1,13,45,2,03中山區,中山區市民大道2段與林森北路口,0,0,2,1,C03,8,5,5,40,4,3,1,5,4,5,13,1,1,1,3,5,1,12,2,26,2,7,6,4,7,7,1,9,1,17,,100,,1,21,,121.5242153,25.04792212
112,11,1,13,45,2,03中山區,中山區市民大道2段與林森北路口,0,0,2,2,C03,8,5,5,40,4,3,1,5,4,5,13,1,1,1,3,5,1,12,2,22,2,8,6,4,7,9,1,10,1,14,,44,,1,21,,121.5242153,25.04792212
112,11,1,14,0,2,12內湖區,內湖區康樂街85巷與康樂街61巷口,0,0,2,1,C03,8,6,5,30,4,1,1,5,4,5,13,4,4,10,5,5,2,17,1,47,2,9,6,1,7,9,3,18,2,11,,75,,1,21,,121.6194924,25.06956843
112,11,1,14,0,2,12內湖區,內湖區康樂街85巷與康樂街61巷口,0,0,2,2,C03,8,6,5,30,4,1,1,5,4,5,13,4,4,10,5,5,2,17,2,30,2,9,6,1,7,9,1,10,2,14,,80,,1,21,,121.6194924,25.06956843
112,11,1,14,13,2,11南港區,南港區忠孝東路7段與忠孝東路7段415巷口,0,0,1,2,C03,8,6,5,50,4,4,1,4,4,5,13,2,1,1,3,5,2,17,1,22,3,10,3,4,7,9,1,10,2,15,,44,,1,21,,121.6093112,25.0524336
112,11,1,14,13,2,11南港區,南港區忠孝東路7段與忠孝東路7段415巷口,0,0,1,1,C03,8,6,5,50,4,4,1,4,4,5,13,2,1,1,3,5,2,17,1,55,2,9,3,4,7,9,1,10,2,15,,107,,1,21,,121.6093112,25.0524336
112,11,1,14,13,2,11南港區,南港區忠孝東路7段與忠孝東路7段415巷口,0,0,1,3,H03,8,6,5,50,4,4,1,4,4,5,13,2,1,1,3,5,2,17,1,54,3,10,4,5,8,20,8,20,10,16,,67,,1,21,,121.6093112,25.0524336
112,11,1,15,33,2,05中正區,中正區中山南路與信義路1段口,0,0,1,1,C04,8,6,5,50,5,1,1,5,4,5,13,2,1,5,4,5,2,17,2,21,2,9,5,1,7,5,1,10,2,14,,96,,1,22,,121.517986,25.03875612