發生年度,發生月,發生日,發生時-Hours,發生分,處理別-編號,區序,肇事地點,死亡人數,2-30日死亡人數,受傷人數,當事人序號,車種,天候,光線,道路類別,速限-速度限制,道路型態,事故位置,路面狀況1,路面狀況2,路面狀況3,道路障礙1,道路障礙2,號誌1,號誌2,車道劃分-分向,車道劃分-分道1,車道劃分-分道2,車道劃分-分道3,事故類型及型態,性別,年齡,受傷程度,主要傷處,保護裝置,行動電話,車輛用途,當事者行動狀態,駕駛資格情形,駕駛執照種類,飲酒情形,車輛撞擊部位1,車輛撞擊部位2,肇因碼-個別,肇因碼-主要,個人肇逃否,職業,旅次目的,座標-X,座標-Y
112,11,1,15,33,2,05中正區,中正區中山南路與信義路1段口,0,0,1,2,B01,8,6,5,50,5,1,1,5,4,5,13,2,1,5,4,5,2,17,1,67,3,10,7,1,7,9,1,8,2,5,,44,,1,22,,121.517986,25.03875612
112,11,1,15,35,2,05中正區,中正區和平西路2段與三元街口,0,0,1,1,B03,8,6,5,50,5,1,1,5,4,5,13,1,1,3,4,5,2,17,1,26,3,10,7,1,7,1,1,8,2,5,,19,,1,21,,121.5148035,25.0276505
112,11,1,15,35,2,05中正區,中正區和平西路2段與三元街口,0,0,1,2,C03,8,6,5,50,5,1,1,5,4,5,13,1,1,3,4,5,2,17,2,37,2,8,5,1,7,1,1,10,2,14,,19,,1,21,,121.5148035,25.0276505
112,11,1,16,15,2,03中山區,中山區市民高架道往西(天津街上方),0,0,1,1,B03,8,5,5,60,10,9,1,5,4,5,13,4,4,1,4,5,2,13,1,53,3,10,3,4,7,9,1,8,1,1,,108,,1,21,,121.5223833,25.04796542
112,11,1,16,15,2,03中山區,中山區市民高架道往西(天津街上方),0,0,1,2,C02,8,5,5,60,10,9,1,5,4,5,13,4,4,1,4,5,2,13,1,45,2,8,3,4,7,14,6,9,1,13,,44,,1,21,,121.5223833,25.04796542
112,11,1,16,22,2,05中正區,中正區杭州南路1段與徐州路口,0,0,1,1,,8,6,5,50,4,1,1,5,4,5,13,1,1,10,4,5,2,16,1,53,3,10,7,1,7,9,1,8,2,1,,44,,1,21,,121.5257255,25.0401918
112,11,1,16,22,2,05中正區,中正區杭州南路1段與徐州路口,0,0,1,2,C03,8,6,5,50,4,1,1,5,4,5,13,1,1,10,4,5,2,16,1,24,2,9,6,1,7,5,1,10,2,13,,8,,1,21,,121.5257255,25.0401918
112,11,1,16,40,2,03中山區,中山區復興北路與遼寧街185巷口,0,0,1,2,B03,8,6,5,50,4,1,1,5,4,5,13,1,1,1,4,5,2,13,1,61,3,10,3,4,7,9,1,8,1,7,,44,,1,22,,121.5439868,25.05329802
112,11,1,16,40,2,03中山區,中山區復興北路與遼寧街185巷口,0,0,1,1,C03,8,6,5,50,4,1,1,5,4,5,13,1,1,1,4,5,2,13,1,20,2,8,6,4,7,9,1,10,1,11,,16,,1,22,,121.5439868,25.05329802
112,11,1,16,50,2,08士林區,士林區仰德大道4段32巷與仰德大道4段口,0,0,2,2,C03,8,6,5,40,3,2,1,5,4,5,13,4,4,5,5,5,1,17,2,22,2,9,6,1,7,9,1,10,1,11,,108,,1,22,,121.5483598,25.1279909
112,11,1,16,50,2,08士林區,士林區仰德大道4段32巷與仰德大道4段口,0,0,2,1,C03,8,6,5,40,3,2,1,5,4,5,13,4,4,5,5,5,1,17,1,88,2,9,6,1,7,5,1,10,1,14,,8,,1,22,,121.5483598,25.1279909
112,11,1,17,16,2,03中山區,中山區農安街15號,0,0,2,1,C03,8,6,5,50,14,9,1,5,4,5,13,4,4,5,5,5,2,11,2,47,2,9,5,1,7,7,1,10,1,11,14,100,,1,21,,121.5240578,25.06493307
112,11,1,17,16,2,03中山區,中山區農安街15號,0,0,2,2,C03,8,6,5,50,14,9,1,5,4,5,13,4,4,5,5,5,2,11,1,18,2,9,5,1,7,9,1,10,1,11,14,44,,1,21,,121.5240578,25.06493307
112,11,1,17,16,2,03中山區,中山區農安街15號,0,0,2,3,B03,8,6,5,50,14,9,1,5,4,5,13,4,4,5,5,5,2,11,1,36,3,10,7,1,7,13,1,8,1,4,,44,,1,21,,121.5240578,25.06493307
112,11,1,17,20,2,08士林區,士林區至善路2段與故宮路口,0,0,1,1,B03,8,6,5,50,5,2,1,5,4,5,13,1,1,1,4,5,2,17,2,33,3,10,7,1,7,6,1,8,1,8,,9,,1,21,,121.5464315,25.09823505
112,11,1,17,20,2,08士林區,士林區至善路2段與故宮路口,0,0,1,2,C03,8,6,5,50,5,2,1,5,4,5,13,1,1,1,4,5,2,17,1,23,2,9,5,1,7,5,1,10,1,12,,8,,1,21,,121.5464315,25.09823505
112,11,1,17,43,2,04大安區,大安區忠孝東路3段150號前,0,0,2,1,A02,8,5,5,50,14,9,1,5,4,5,13,4,4,1,4,5,2,17,1,46,3,10,7,1,7,8,1,2,1,17,,44,,1,21,,121.5381718,25.04162019
112,11,1,17,43,2,04大安區,大安區忠孝東路3段150號前,0,0,2,2,C03,8,5,5,50,14,9,1,5,4,5,13,4,4,1,4,5,2,17,1,34,2,9,6,1,7,9,1,10,1,14,,42,,1,21,,121.5381718,25.04162019
112,11,1,17,43,2,04大安區,大安區忠孝東路3段150號前,0,0,2,3,H02,8,5,5,50,14,9,1,5,4,5,13,4,4,1,4,5,2,17,2,41,2,9,3,5,7,17,8,20,10,16,,67,,1,21,,121.5381718,25.04162019
112,11,1,17,58,2,04大安區,大安區辛亥路3段157巷與辛亥路3段157巷22弄口口,0,0,1,1,C03,8,5,5,50,3,1,1,5,4,5,13,4,4,9,4,5,2,15,1,44,3,10,5,1,7,9,1,10,1,11,,80,,1,21,,121.5500368,25.0180322
112,11,1,17,58,2,04大安區,大安區辛亥路3段157巷與辛亥路3段157巷22弄口口,0,0,1,2,F01,8,5,5,50,3,1,1,5,4,5,13,4,4,9,4,5,2,15,2,63,2,5,4,1,7,9,8,20,1,11,,80,,1,21,,121.5500368,25.0180322
112,11,1,18,36,2,02萬華區,萬華區中華路2段307巷與中華路2段口,0,0,1,3,H02,8,5,5,50,3,1,1,5,4,5,13,1,1,9,4,4,1,13,2,23,2,8,5,5,7,21,8,20,10,16,,67,,1,21,,121.5052191,25.0287223
112,11,1,18,36,2,02萬華區,萬華區中華路2段307巷與中華路2段口,0,0,1,2,C03,8,5,5,50,3,1,1,5,4,5,13,1,1,9,4,4,1,13,2,21,3,10,5,1,7,14,1,10,1,13,,44,,1,21,,121.5052191,25.0287223
112,11,1,18,36,2,02萬華區,萬華區中華路2段307巷與中華路2段口,0,0,1,1,B02,8,5,5,50,3,1,1,5,4,5,13,1,1,9,4,4,1,13,1,32,3,10,7,1,7,9,1,8,1,8,,107,,1,21,,121.5052191,25.0287223
112,11,1,18,40,2,08士林區,士林區忠誠路1段與忠義街口,0,0,2,1,G06,7,5,5,50,4,1,1,5,4,5,13,2,1,1,3,5,1,15,1,82,2,9,4,1,7,9,8,20,2,14,,85,,1,21,,121.5290233,25.1056039
112,11,1,18,40,2,08士林區,士林區忠誠路1段與忠義街口,0,0,2,2,B01,7,5,5,50,4,1,1,5,4,5,13,2,1,1,3,5,1,15,1,69,3,10,7,1,7,9,1,4,2,8,,44,,1,21,,121.5290233,25.1056039
112,11,1,18,40,2,08士林區,士林區忠誠路1段與忠義街口,0,0,2,3,H02,7,5,5,50,4,1,1,5,4,5,13,2,1,1,3,5,1,15,2,11,2,9,4,5,7,17,8,20,10,16,,67,,1,21,,121.5290233,25.1056039
112,11,1,18,49,2,08士林區,士林區百齡橋與中正路口,0,0,1,1,B03,7,5,5,50,3,2,1,5,4,5,13,4,4,3,4,5,1,12,1,54,3,10,7,1,7,8,1,8,1,4,,100,,1,22,,121.5151175,25.0902947
112,11,1,18,49,2,08士林區,士林區百齡橋與中正路口,0,0,1,2,C03,7,5,5,50,3,2,1,5,4,5,13,4,4,3,4,5,1,12,2,42,2,8,6,1,7,9,1,10,1,12,,44,,1,22,,121.5151175,25.0902947
112,11,1,19,15,2,10文山區,文山區羅斯福路4段與基隆路4段口,0,0,1,1,C03,8,5,5,50,5,1,1,5,4,5,13,1,1,1,4,5,2,16,1,51,2,9,6,1,7,9,1,10,1,12,,97,,1,21,,121.536948,25.0112398
112,11,1,19,15,2,10文山區,文山區羅斯福路4段與基隆路4段口,0,0,1,2,B03,8,5,5,50,5,1,1,5,4,5,13,1,1,1,4,5,2,16,1,33,3,10,7,1,7,5,1,8,2,8,,83,,1,21,,121.536948,25.0112398
112,11,1,19,21,2,04大安區,大安區信義路4段與敦化南路2段口,0,0,2,2,C03,8,5,5,50,14,9,1,5,4,5,13,2,1,10,4,5,2,11,1,21,2,4,6,1,7,9,1,8,2,14,,108,,1,21,,121.5490335,25.0331741
112,11,1,19,21,2,04大安區,大安區信義路4段與敦化南路2段口,0,0,2,4,H02,8,5,5,50,14,9,1,5,4,5,13,2,1,10,4,5,2,11,2,19,2,9,6,5,7,20,8,20,10,16,,67,,1,21,,121.5490335,25.0331741
112,11,1,19,21,2,04大安區,大安區信義路4段與敦化南路2段口,0,0,2,1,B03,8,5,5,50,14,9,1,5,4,5,13,2,1,10,4,5,2,11,1,20,3,10,7,1,7,9,3,18,11,15,,101,,2,22,,121.5490335,25.0331741
112,11,1,19,21,2,04大安區,大安區信義路4段與敦化南路2段口,0,0,2,3,A02,8,5,5,50,14,9,1,5,4,5,13,2,1,10,4,5,2,11,1,52,3,10,7,1,7,9,1,2,2,2,,44,,1,21,,121.5490335,25.0331741
112,11,1,19,56,2,03中山區,中山區遼寧街116巷與遼寧街口,0,0,1,2,H01,8,5,5,50,3,1,1,5,4,5,13,4,4,9,4,5,2,9,1,30,2,9,4,5,8,16,8,20,1,16,,67,,1,21,,121.5420667,25.05278773
112,11,1,19,56,2,03中山區,中山區遼寧街116巷與遼寧街口,0,0,1,1,B03,8,5,5,50,3,1,1,5,4,5,13,4,4,9,4,5,2,9,1,28,3,10,7,1,7,9,1,8,1,1,,16,,1,21,,121.5420667,25.05278773
112,11,1,20,0,2,05中正區,中正區青島西路10號,0,0,1,2,C03,8,5,5,50,14,9,1,5,4,5,13,4,4,9,4,5,2,12,2,37,2,9,6,1,7,14,1,10,1,14,,44,,1,26,,121.517857,25.0448306
112,11,1,20,0,2,05中正區,中正區青島西路10號,0,0,1,3,H02,8,5,5,50,14,9,1,5,4,5,13,4,4,9,4,5,2,12,2,18,3,10,6,5,7,20,8,20,10,16,,67,,1,25,,121.517857,25.0448306
112,11,1,20,0,2,05中正區,中正區青島西路10號,0,0,1,1,C03,8,5,5,50,14,9,1,5,4,5,13,4,4,9,4,5,2,12,1,17,3,10,6,1,7,9,2,18,1,12,,16,,1,21,,121.517857,25.0448306
112,11,1,20,27,2,01大同區,大同區民生西路與萬全街40巷口,0,0,2,1,C03,8,6,5,50,3,2,1,5,4,5,13,4,4,8,3,5,1,16,1,60,2,9,5,1,7,9,1,10,2,14,,99,,1,21,,121.5202931,25.057662
112,11,1,20,27,2,01大同區,大同區民生西路與萬全街40巷口,0,0,2,2,C03,8,6,5,50,3,2,1,5,4,5,13,4,4,8,3,5,1,16,1,20,2,9,6,1,7,9,1,10,2,11,,16,,1,21,,121.5202931,25.057662
112,11,1,21,0,2,03中山區,中山區建國北路2段7號,0,0,1,1,B03,8,5,5,50,14,9,1,5,4,5,13,4,4,9,4,5,2,17,2,33,3,10,7,1,7,8,1,8,1,2,,100,,1,21,,121.5370436,25.05277005
112,11,1,21,0,2,03中山區,中山區建國北路2段7號,0,0,1,2,C03,8,5,5,50,14,9,1,5,4,5,13,4,4,9,4,5,2,17,1,31,2,9,5,1,7,9,1,10,1,14,,44,,1,21,,121.5370436,25.05277005
112,11,1,21,27,2,08士林區,士林區臨溪路與至善路1段138巷口,0,0,2,2,C03,8,5,5,50,3,1,1,5,4,5,13,4,4,10,5,5,2,13,1,20,2,7,6,1,7,9,1,10,1,13,,14,,1,21,,121.5433071,25.09614236
112,11,1,21,27,2,08士林區,士林區臨溪路與至善路1段138巷口,0,0,2,1,C03,8,5,5,50,3,1,1,5,4,5,13,4,4,10,5,5,2,13,1,24,2,8,6,1,7,9,1,9,1,11,,108,,1,21,,121.5433071,25.09614236
112,11,1,21,30,2,02萬華區,萬華區萬大路534巷與武成街28巷口,0,0,1,2,B01,7,5,5,30,4,1,1,5,4,5,13,4,4,9,5,5,2,15,1,43,3,10,7,1,7,9,1,4,1,8,,13,,1,21,,121.4957482,25.01914
112,11,1,21,30,2,02萬華區,萬華區萬大路534巷與武成街28巷口,0,0,1,3,H02,7,5,5,30,4,1,1,5,4,5,13,4,4,9,5,5,2,15,1,9,2,7,2,5,7,20,8,20,10,16,,67,,1,14,,121.4957482,25.01914
112,11,1,21,30,2,02萬華區,萬華區萬大路534巷與武成街28巷口,0,0,1,1,C03,7,5,5,30,4,1,1,5,4,5,13,4,4,9,5,5,2,15,2,35,3,10,5,1,7,9,1,10,1,11,,72,,1,21,,121.4957482,25.01914
112,11,1,22,36,2,11南港區,南港區南港路2段99號與南港路2段口,0,0,1,1,B03,8,5,5,50,3,1,1,5,4,5,13,1,1,4,3,4,2,12,1,61,3,10,3,4,7,7,1,14,2,2,,100,,1,22,,121.5971816,25.0542105
112,11,1,22,36,2,11南港區,南港區南港路2段99號與南港路2段口,0,0,1,2,C03,8,5,5,50,3,1,1,5,4,5,13,1,1,4,3,4,2,12,2,29,2,9,6,4,7,9,1,10,2,12,,44,,1,22,,121.5971816,25.0542105
112,11,1,22,47,2,08士林區,士林區中山北路5段704巷與中山北路5段口,0,0,1,1,B01,8,5,5,50,4,1,1,5,4,5,13,1,1,1,5,5,1,12,1,69,3,10,7,1,7,8,1,8,1,2,,100,,1,21,,121.5274371,25.0978074
112,11,1,22,47,2,08士林區,士林區中山北路5段704巷與中山北路5段口,0,0,1,2,C03,8,5,5,50,4,1,1,5,4,5,13,1,1,1,5,5,1,12,1,29,2,9,6,1,7,7,1,10,1,14,,100,,1,21,,121.5274371,25.0978074
112,11,1,23,10,2,12內湖區,內湖區康樂街61巷與康樂街85巷口,0,0,2,1,C03,8,5,5,30,4,1,1,5,4,5,13,4,4,10,5,5,2,15,2,25,2,9,6,1,7,9,1,10,2,11,,75,,1,21,,121.6194928,25.0695705
112,11,1,23,10,2,12內湖區,內湖區康樂街61巷與康樂街85巷口,0,0,2,2,B03,8,5,5,30,4,1,1,5,4,5,13,4,4,10,5,5,2,15,1,62,2,2,7,1,7,9,1,8,2,8,,108,,1,21,,121.6194928,25.0695705
112,11,2,0,58,2,08士林區,士林區中正路612號與中正路口,0,0,1,1,B12,8,5,5,50,3,1,1,5,4,5,13,4,4,1,4,5,1,17,4,0,,,,,,21,,,11,,,119,,2,,,121.509542,25.0868768
112,11,2,0,58,2,08士林區,士林區中正路612號與中正路口,0,0,1,2,C03,8,5,5,50,3,1,1,5,4,5,13,4,4,1,4,5,1,17,1,49,2,9,5,1,7,9,1,10,1,17,,119,,1,21,,121.509542,25.0868768
112,11,2,6,6,2,11南港區,南港區忠孝東路7段與忠孝東路7段124巷17弄口,0,0,2,1,C03,8,6,5,50,3,1,1,5,4,5,13,2,1,5,4,4,2,15,1,62,2,6,5,1,7,9,1,10,1,11,,81,,1,22,,121.6039422,25.0517143
112,11,2,6,6,2,11南港區,南港區忠孝東路7段與忠孝東路7段124巷17弄口,0,0,2,2,C03,8,6,5,50,3,1,1,5,4,5,13,2,1,5,4,4,2,15,1,46,2,1,5,1,7,9,1,10,1,14,,44,,1,22,,121.6039422,25.0517143
112,11,2,6,42,2,05中正區,中正區漢口街1段與開封街1段34巷口,0,0,1,1,,8,6,5,30,3,1,1,5,4,5,13,4,4,10,5,5,2,27,3,0,,,,,,,,,11,,,66,,1,,,121.5124898,25.04518271
112,11,2,6,42,2,05中正區,中正區漢口街1段與開封街1段34巷口,0,0,1,2,C03,8,6,5,30,3,1,1,5,4,5,13,4,4,10,5,5,2,27,2,40,2,9,6,4,7,9,1,10,1,11,,44,,1,22,,121.5124898,25.04518271
112,11,2,7,31,2,06松山區,松山區東興路25號,0,0,1,1,C03,8,7,5,50,14,9,1,5,4,5,13,4,4,9,4,5,2,17,2,59,2,9,5,1,7,15,1,10,1,14,,100,,1,22,,121.5654468,25.04953114
112,11,2,7,31,2,06松山區,松山區東興路25號,0,0,1,2,B03,8,7,5,50,14,9,1,5,4,5,13,4,4,9,4,5,2,17,1,53,3,10,7,1,7,9,1,8,1,2,,44,,1,22,,121.5654468,25.04953114
112,11,2,7,40,2,11南港區,南港區南港路1段與經貿二路口,0,0,1,1,C03,8,5,8,50,4,1,1,5,4,5,13,1,1,5,5,5,2,16,1,35,3,10,5,1,7,15,1,10,1,14,,44,,1,22,,121.6167059,25.0552299
112,11,2,7,40,2,11南港區,南港區南港路1段與經貿二路口,0,0,1,2,C03,8,5,8,50,4,1,1,5,4,5,13,1,1,5,5,5,2,16,1,18,2,9,5,1,7,6,1,10,1,11,,44,,1,22,,121.6167059,25.0552299
112,11,2,7,48,2,04大安區,大安區信義路4段168號,0,0,1,2,C03,8,7,5,50,14,9,1,5,4,5,13,4,4,1,4,1,2,12,1,34,2,7,5,1,7,10,1,10,1,12,,80,,1,21,,121.5508295,25.0330667
112,11,2,7,48,2,04大安區,大安區信義路4段168號,0,0,1,1,C03,8,7,5,50,14,9,1,5,4,5,13,4,4,1,4,1,2,12,4,0,4,11,3,4,7,21,7,19,11,15,,119,,2,22,,121.5508295,25.0330667
112,11,2,7,50,2,12內湖區,內湖區永保街與安康路口口,0,0,2,1,C04,8,6,5,50,3,1,1,5,4,5,13,4,4,5,5,5,2,16,2,53,2,9,5,1,7,5,1,11,1,13,,8,,1,21,,121.6070121,25.06452401
112,11,2,7,50,2,12內湖區,內湖區永保街與安康路口口,0,0,2,2,C03,8,6,5,50,3,1,1,5,4,5,13,4,4,5,5,5,2,16,1,34,2,9,5,1,7,4,1,10,1,11,,1,,1,21,,121.6070121,25.06452401
112,11,2,7,52,2,08士林區,士林區承德路4段77巷與承德路4段口,0,0,1,1,B03,8,6,5,50,4,2,1,5,4,5,13,1,1,1,4,5,1,16,2,41,3,10,3,4,7,11,1,8,1,2,,10,,1,22,,121.5232822,25.0823605
112,11,2,7,52,2,08士林區,士林區承德路4段77巷與承德路4段口,0,0,1,2,C03,8,6,5,50,4,2,1,5,4,5,13,1,1,1,4,5,1,16,1,23,2,9,3,4,7,9,1,10,1,14,,44,,1,22,,121.5232822,25.0823605
112,11,2,8,0,2,10文山區,文山區木新路3段與木新路3段215巷口,0,0,2,2,C03,8,5,5,50,3,2,1,5,4,5,13,4,4,9,4,5,1,17,2,37,2,9,5,1,7,9,1,10,1,11,,44,,1,21,,121.5594732,24.9813667
112,11,2,8,0,2,10文山區,文山區木新路3段與木新路3段215巷口,0,0,2,3,H02,8,5,5,50,3,2,1,5,4,5,13,4,4,9,4,5,1,17,1,11,2,9,5,5,7,21,8,20,10,16,,67,,1,21,,121.5594732,24.9813667
112,11,2,8,0,2,10文山區,文山區木新路3段與木新路3段215巷口,0,0,2,1,C03,8,5,5,50,3,2,1,5,4,5,13,4,4,9,4,5,1,17,1,49,3,10,5,1,7,6,1,10,1,12,,9,,1,21,,121.5594732,24.9813667
112,11,2,8,5,2,10文山區,文山區木新路2段與永安街22巷口,0,0,1,3,B03,8,6,5,50,3,9,2,5,4,5,13,2,1,9,4,5,2,17,2,35,3,10,3,4,7,14,1,8,1,1,,44,,1,21,,121.5706765,24.98654902
112,11,2,8,5,2,10文山區,文山區木新路2段與永安街22巷口,0,0,1,2,C03,8,6,5,50,3,9,2,5,4,5,13,2,1,9,4,5,2,17,1,19,2,9,5,4,7,9,1,10,1,12,,44,,1,21,,121.5706765,24.98654902
112,11,2,8,5,2,10文山區,文山區木新路2段與永安街22巷口,0,0,1,1,B03,8,6,5,50,3,9,2,5,4,5,13,2,1,9,4,5,2,17,2,33,3,10,3,4,7,6,1,8,1,6,,74,,1,21,,121.5706765,24.98654902
112,11,2,8,8,2,05中正區,中正區和平西路1段與廈門街口口,0,0,1,1,B03,8,6,5,50,4,2,1,5,4,5,13,1,1,3,4,5,2,12,1,39,3,10,3,4,7,9,1,8,2,8,,44,,1,21,,121.5176538,25.0267801
112,11,2,8,8,2,05中正區,中正區和平西路1段與廈門街口口,0,0,1,2,C03,8,6,5,50,4,2,1,5,4,5,13,1,1,3,4,5,2,12,2,31,2,7,5,1,7,8,1,10,2,12,,100,,1,21,,121.5176538,25.0267801
112,11,2,8,10,2,12內湖區,內湖區民權東路6段15巷與瑞光路76巷口,0,0,1,2,B12,8,7,5,50,4,2,1,5,4,5,13,2,1,9,4,5,2,16,1,28,3,10,7,1,7,9,1,8,1,8,,44,,1,21,,121.5787285,25.06830013
112,11,2,8,10,2,12內湖區,內湖區民權東路6段15巷與瑞光路76巷口,0,0,1,1,C03,8,7,5,50,4,2,1,5,4,5,13,2,1,9,4,5,2,16,1,45,2,9,5,1,7,8,1,10,1,12,,101,,1,21,,121.5787285,25.06830013
112,11,2,8,12,2,03中山區,中山區建國北路2段238號前,0,0,1,2,C03,8,5,5,50,14,9,1,5,4,5,13,4,4,1,4,5,2,16,2,21,2,8,3,4,7,9,1,10,1,11,,107,,1,21,,121.5367792,25.06170957
112,11,2,8,12,2,03中山區,中山區建國北路2段238號前,0,0,1,1,B03,8,5,5,50,14,9,1,5,4,5,13,4,4,1,4,5,2,16,1,46,3,10,3,4,7,6,1,8,1,2,,9,,1,21,,121.5367792,25.06170957
112,11,2,8,18,2,02萬華區,萬華區中華路1段與成都路口,0,0,3,2,C03,8,5,5,50,14,8,1,5,4,5,13,1,1,9,4,3,2,17,1,34,2,7,5,4,7,9,1,10,1,13,,44,,1,22,,121.508174,25.04235247
112,11,2,8,18,2,02萬華區,萬華區中華路1段與成都路口,0,0,3,4,C03,8,5,5,50,14,8,1,5,4,5,13,1,1,9,4,3,2,17,1,53,3,10,5,4,7,9,1,10,1,11,,107,,1,22,,121.508174,25.04235247
112,11,2,8,18,2,02萬華區,萬華區中華路1段與成都路口,0,0,3,3,C03,8,5,5,50,14,8,1,5,4,5,13,1,1,9,4,3,2,17,1,29,2,8,3,4,7,9,1,10,1,11,,107,,1,22,,121.508174,25.04235247
112,11,2,8,18,2,02萬華區,萬華區中華路1段與成都路口,0,0,3,1,C03,8,5,5,50,14,8,1,5,4,5,13,1,1,9,4,3,2,17,2,50,2,9,5,4,7,9,1,10,1,11,,16,,1,22,,121.508174,25.04235247
112,11,2,8,30,2,11南港區,左岸 近成美橋,0,0,2,2,F01,8,5,5,0,14,23,1,5,4,5,13,4,4,5,4,5,2,2,1,65,2,9,4,4,7,9,8,20,9,11,,108,,1,22,,121.5843707,25.05348495
112,11,2,8,30,2,11南港區,左岸 近成美橋,0,0,2,1,H01,8,5,5,0,14,23,1,5,4,5,13,4,4,5,4,5,2,2,2,42,2,9,4,5,8,16,8,20,10,16,,53,,1,22,,121.5843707,25.05348495
112,11,2,8,33,2,03中山區,中山區北安路55號,0,0,1,2,C03,8,7,5,50,14,9,1,5,4,5,13,1,1,1,4,4,2,16,1,20,2,9,5,4,7,9,1,10,1,11,,44,,1,21,,121.5287737,25.077817
112,11,2,8,33,2,03中山區,中山區北安路55號,0,0,1,3,C03,8,7,5,50,14,9,1,5,4,5,13,1,1,1,4,4,2,16,2,44,3,10,3,4,7,13,7,19,1,13,,44,,1,21,,121.5287737,25.077817
112,11,2,8,33,2,03中山區,中山區北安路55號,0,0,1,4,C03,8,7,5,50,14,9,1,5,4,5,13,1,1,1,4,4,2,16,1,54,3,10,3,4,7,21,1,10,1,11,,44,,1,21,,121.5287737,25.077817
112,11,2,8,33,2,03中山區,中山區北安路55號,0,0,1,1,B03,8,7,5,50,14,9,1,5,4,5,13,1,1,1,4,4,2,16,1,48,3,10,3,4,7,7,1,8,1,2,,100,,1,21,,121.5287737,25.077817
112,11,2,9,6,2,09北投區,北投區懷德街與懷德街78巷口,0,0,1,1,B03,8,5,5,30,4,1,1,5,4,5,12,4,4,9,4,5,2,15,1,73,3,10,7,1,7,9,1,8,1,5,,72,,1,21,,121.5197627,25.1135613
112,11,2,9,6,2,09北投區,北投區懷德街與懷德街78巷口,0,0,1,2,C03,8,5,5,30,4,1,1,5,4,5,12,4,4,9,4,5,2,15,2,61,2,9,5,1,7,9,3,18,1,14,,44,,1,21,,121.5197627,25.1135613
112,11,2,9,32,2,10文山區,文山區試院路與試院路4巷口,0,0,2,2,C03,8,5,5,30,3,2,1,5,4,5,13,4,4,9,4,5,1,17,1,19,2,9,5,1,7,9,1,10,2,11,,108,,1,21,,121.5496216,24.9881663
112,11,2,9,32,2,10文山區,文山區試院路與試院路4巷口,0,0,2,1,C03,8,5,5,30,3,2,1,5,4,5,13,4,4,9,4,5,1,17,2,64,2,9,6,1,7,5,1,10,2,12,,8,,1,21,,121.5496216,24.9881663
112,11,2,9,47,2,02萬華區,萬華區桂林路與西昌街口,0,0,1,3,H02,8,6,5,50,4,1,1,5,4,5,13,2,1,9,4,4,2,16,1,18,2,8,5,5,7,20,8,20,10,16,,67,,1,22,,121.501271,25.0384121
112,11,2,9,47,2,02萬華區,萬華區桂林路與西昌街口,0,0,1,2,C03,8,6,5,50,4,1,1,5,4,5,13,2,1,9,4,4,2,16,1,25,3,10,5,1,7,9,1,10,1,12,,108,,1,22,,121.501271,25.0384121
112,11,2,9,47,2,02萬華區,萬華區桂林路與西昌街口,0,0,1,1,B03,8,6,5,50,4,1,1,5,4,5,13,2,1,9,4,4,2,16,1,37,3,10,3,4,7,5,1,8,1,6,,74,,1,22,,121.501271,25.0384121
112,11,2,9,47,2,12內湖區,內湖區瑞光路168號,0,0,2,1,C03,8,6,5,50,14,9,1,5,4,5,13,1,1,5,4,5,2,16,2,58,2,8,5,1,7,6,1,10,1,11,,9,,1,21,,121.5789115,25.07386361
112,11,2,9,47,2,12內湖區,內湖區瑞光路168號,0,0,2,2,C03,8,6,5,50,14,9,1,5,4,5,13,1,1,5,4,5,2,16,2,30,2,7,5,1,7,9,1,10,1,11,,44,,1,21,,121.5789115,25.07386361
112,11,2,9,50,2,06松山區,松山區八德路4段69號,0,0,1,3,B03,8,6,5,50,14,9,1,5,4,5,13,2,1,9,4,5,2,12,1,54,3,10,7,1,7,13,1,8,1,7,,44,,1,21,,121.5599816,25.04842375
112,11,2,9,50,2,06松山區,松山區八德路4段69號,0,0,1,2,C03,8,6,5,50,14,9,1,5,4,5,13,2,1,9,4,5,2,12,1,22,2,9,6,1,7,9,1,10,1,11,,44,,1,21,,121.5599816,25.04842375
112,11,2,9,50,2,06松山區,松山區八德路4段69號,0,0,1,1,B01,8,6,5,50,14,9,1,5,4,5,13,2,1,9,4,5,2,12,1,48,3,10,7,1,7,7,1,4,1,6,,100,,1,21,,121.5599816,25.04842375
112,11,2,9,52,2,10文山區,文山區秀明路1段與秀明路1段119巷口,0,0,1,3,H02,8,6,5,50,14,9,1,5,4,5,13,3,1,1,2,5,2,17,2,20,2,8,5,5,7,20,8,20,10,16,,67,,1,21,,121.5698032,24.9916458
112,11,2,9,52,2,10文山區,文山區秀明路1段與秀明路1段119巷口,0,0,1,1,B03,8,6,5,50,14,9,1,5,4,5,13,3,1,1,2,5,2,17,1,61,3,10,3,4,7,11,1,8,9,1,,44,,1,21,,121.5698032,24.9916458
112,11,2,9,52,2,10文山區,文山區秀明路1段與秀明路1段119巷口,0,0,1,2,C03,8,6,5,50,14,9,1,5,4,5,13,3,1,1,2,5,2,17,1,20,3,10,5,4,7,9,1,10,9,17,,44,,1,21,,121.5698032,24.9916458