發生年度,發生月,發生日,發生時-Hours,發生分,處理別-編號,區序,肇事地點,死亡人數,2-30日死亡人數,受傷人數,當事人序號,車種,天候,光線,道路類別,速限-速度限制,道路型態,事故位置,路面狀況1,路面狀況2,路面狀況3,道路障礙1,道路障礙2,號誌1,號誌2,車道劃分-分向,車道劃分-分道1,車道劃分-分道2,車道劃分-分道3,事故類型及型態,性別,年齡,受傷程度,主要傷處,保護裝置,行動電話,車輛用途,當事者行動狀態,駕駛資格情形,駕駛執照種類,飲酒情形,車輛撞擊部位1,車輛撞擊部位2,肇因碼-個別,肇因碼-主要,個人肇逃否,職業,旅次目的,座標-X,座標-Y
112,11,2,9,56,2,03中山區,中山區民權東路2段與吉林路口,0,0,2,1,C03,8,6,5,50,4,1,1,5,4,5,13,1,1,5,4,5,2,15,1,55,2,9,5,1,7,9,1,10,1,11,12,81,,1,21,,121.5303176,25.06265066
112,11,2,9,56,2,03中山區,中山區民權東路2段與吉林路口,0,0,2,2,C03,8,6,5,50,4,1,1,5,4,5,13,1,1,5,4,5,2,15,1,39,2,9,5,1,7,9,1,10,1,14,,44,,1,21,,121.5303176,25.06265066
112,11,2,9,56,2,03中山區,中山區吉林路161巷與吉林路口側附近口,0,0,1,1,C03,8,5,5,50,4,1,1,5,4,5,13,1,1,5,4,4,2,16,2,25,2,8,3,4,7,5,1,10,1,11,,71,,1,21,,121.5302416,25.0589807
112,11,2,9,56,2,03中山區,中山區吉林路161巷與吉林路口側附近口,0,0,1,2,C03,8,5,5,50,4,1,1,5,4,5,13,1,1,5,4,4,2,16,1,23,3,10,3,4,7,9,1,10,1,13,,13,,1,21,,121.5302416,25.0589807
112,11,2,10,5,2,07信義區,信義區莊敬路423巷8弄與莊敬路423巷口,0,0,1,1,B03,8,5,5,30,3,1,1,5,4,5,13,4,4,10,5,5,2,17,1,45,3,10,7,1,7,5,1,8,1,1,,72,,1,21,,121.5669894,25.0285344
112,11,2,10,5,2,07信義區,信義區莊敬路423巷8弄與莊敬路423巷口,0,0,1,2,C04,8,5,5,30,3,1,1,5,4,5,13,4,4,10,5,5,2,17,2,48,2,9,6,1,7,5,1,11,1,14,,44,,1,21,,121.5669894,25.0285344
112,11,2,10,8,2,01大同區,大同區重慶北路2段與民權西路口,0,0,1,1,C03,8,5,5,50,14,9,1,5,4,5,13,2,1,9,4,5,2,12,1,69,2,9,6,4,7,1,1,10,2,13,,19,,1,22,,121.5135815,25.0630718
112,11,2,10,8,2,01大同區,大同區重慶北路2段與民權西路口,0,0,1,2,B01,8,5,5,50,14,9,1,5,4,5,13,2,1,9,4,5,2,12,1,60,3,10,3,4,7,9,1,4,2,8,,44,,1,22,,121.5135815,25.0630718
112,11,2,10,8,2,05中正區,中正區市民大道1段168號,0,0,1,1,C03,8,6,5,40,22,6,1,5,4,5,13,4,4,1,4,5,2,12,2,20,2,9,5,1,7,9,1,10,1,11,,108,,1,22,,121.5186436,25.04829596
112,11,2,10,8,2,05中正區,中正區市民大道1段168號,0,0,1,2,B03,8,6,5,40,22,6,1,5,4,5,13,4,4,1,4,5,2,12,1,68,3,10,7,1,7,14,1,8,1,6,,44,,1,22,,121.5186436,25.04829596
112,11,2,10,16,2,05中正區,中正區中華路1段與寶慶路口,0,0,1,4,C03,8,6,5,50,5,1,1,5,4,5,13,1,1,5,4,5,2,17,2,21,2,9,6,4,7,15,1,10,2,12,14,108,,1,22,,121.5457666,25.1337465
112,11,2,10,16,2,05中正區,中正區中華路1段與寶慶路口,0,0,1,2,B01,8,6,5,50,5,1,1,5,4,5,13,1,1,5,4,5,2,17,1,51,3,10,7,4,7,8,1,4,11,17,,100,,1,21,,121.5457666,25.1337465
112,11,2,10,16,2,05中正區,中正區中華路1段與寶慶路口,0,0,1,3,C03,8,6,5,50,5,1,1,5,4,5,13,1,1,5,4,5,2,17,1,25,3,10,6,4,7,9,1,10,2,14,,44,,1,22,,121.5457666,25.1337465
112,11,2,10,16,2,05中正區,中正區中華路1段與寶慶路口,0,0,1,1,B01,8,6,5,50,5,1,1,5,4,5,13,1,1,5,4,5,2,17,1,60,3,10,7,4,7,14,1,4,11,17,,38,,1,21,,121.5457666,25.1337465
112,11,2,10,16,2,05中正區,中正區中華路1段與寶慶路口,0,0,1,5,B01,8,6,5,50,5,1,1,5,4,5,13,1,1,5,4,5,2,17,1,56,3,10,7,4,7,9,1,4,2,6,,44,,1,21,,121.5457666,25.1337465
112,11,2,10,50,2,11南港區,南港區東新街與東新街80巷口,0,0,3,2,C03,8,5,5,50,4,2,1,5,4,5,13,4,4,5,5,5,2,11,1,19,2,9,5,1,7,9,1,10,1,14,,44,,1,21,,121.5871555,25.0464299
112,11,2,10,50,2,11南港區,南港區東新街與東新街80巷口,0,0,3,3,H02,8,5,5,50,4,2,1,5,4,5,13,4,4,5,5,5,2,11,2,18,2,8,5,5,7,20,8,20,10,16,,67,,1,21,,121.5871555,25.0464299
112,11,2,10,50,2,11南港區,南港區東新街與東新街80巷口,0,0,3,1,C03,8,5,5,50,4,2,1,5,4,5,13,4,4,5,5,5,2,11,1,73,2,9,5,1,7,5,1,10,1,11,,94,,1,21,,121.5871555,25.0464299
112,11,2,10,50,2,07信義區,信義區永吉路120巷與松隆路口,0,0,1,2,C03,8,6,5,50,5,1,1,5,4,5,13,2,1,8,4,5,2,17,1,41,2,9,3,4,7,15,1,10,1,14,,44,,1,22,,121.5703232,25.045353
112,11,2,10,50,2,07信義區,信義區永吉路120巷與松隆路口,0,0,1,1,B03,8,6,5,50,5,1,1,5,4,5,13,2,1,8,4,5,2,17,1,31,3,10,3,4,7,15,1,8,1,6,,74,,1,22,,121.5703232,25.045353
112,11,2,11,5,2,12內湖區,內湖區陽光街92巷與陽光街68巷口,0,0,1,2,B03,8,7,5,30,4,1,1,5,4,5,13,4,4,4,3,5,1,15,1,34,3,10,3,4,7,9,1,8,1,1,,13,,1,22,,121.5850922,25.0763246
112,11,2,11,5,2,12內湖區,內湖區陽光街92巷與陽光街68巷口,0,0,1,1,C03,8,7,5,30,4,1,1,5,4,5,13,4,4,4,3,5,1,15,2,54,2,9,3,4,7,9,1,10,1,12,,72,,1,22,,121.5850922,25.0763246
112,11,2,11,14,2,11南港區,南港區昆陽街61號,0,0,1,1,C03,8,6,5,30,14,9,1,5,4,5,13,4,4,8,3,5,2,16,2,70,2,9,3,4,7,5,1,10,1,14,,8,,1,21,,121.5930868,25.0524348
112,11,2,11,14,2,11南港區,南港區昆陽街61號,0,0,1,2,C03,8,6,5,30,14,9,1,5,4,5,13,4,4,8,3,5,2,16,1,18,3,10,3,4,7,9,1,10,1,12,,44,,1,21,,121.5930868,25.0524348
112,11,2,11,19,2,08士林區,士林區德行東路與德行東路190巷口,0,0,1,3,B03,8,6,5,50,3,1,1,5,4,5,13,4,4,5,5,5,2,17,1,69,3,10,7,1,7,12,1,8,1,1,,72,,1,21,,121.5310825,25.10868053
112,11,2,11,19,2,08士林區,士林區德行東路與德行東路190巷口,0,0,1,2,C03,8,6,5,50,3,1,1,5,4,5,13,4,4,5,5,5,2,17,1,44,3,10,5,1,7,12,1,10,1,13,,44,,1,21,,121.5310825,25.10868053
112,11,2,11,19,2,08士林區,士林區德行東路與德行東路190巷口,0,0,1,1,C03,8,6,5,50,3,1,1,5,4,5,13,4,4,5,5,5,2,17,1,71,2,9,5,1,7,9,1,10,1,11,,16,,1,21,,121.5310825,25.10868053
112,11,2,11,34,2,04大安區,大安區辛亥路3段308號臨,0,0,1,1,C03,8,5,5,50,14,9,1,5,4,5,13,2,1,1,4,5,2,17,2,32,2,8,3,4,7,7,1,10,1,14,,100,,1,22,,121.5524381,25.0145409
112,11,2,11,34,2,04大安區,大安區辛亥路3段308號臨,0,0,1,2,B03,8,5,5,50,14,9,1,5,4,5,13,2,1,1,4,5,2,17,1,64,3,10,3,4,7,9,1,8,1,5,,44,,1,22,,121.5524381,25.0145409
112,11,2,11,39,2,08士林區,士林區光華路61巷4弄039燈桿,0,0,2,1,C03,8,6,5,30,14,9,1,5,4,5,13,1,1,10,5,5,1,12,2,64,2,7,5,1,7,9,6,21,1,14,,17,,1,21,,121.5409792,25.12290598
112,11,2,11,39,2,08士林區,士林區光華路61巷4弄039燈桿,0,0,2,2,C03,8,6,5,30,14,9,1,5,4,5,13,1,1,10,5,5,1,12,2,22,2,9,6,1,7,9,1,10,1,14,,17,,1,21,,121.5409792,25.12290598
112,11,2,12,0,2,01大同區,大同區民族西路118號,0,0,3,3,H02,8,6,5,50,22,9,1,5,4,5,13,2,1,8,3,5,2,11,2,55,2,9,6,5,7,20,8,20,10,16,,67,,1,21,,121.5168428,25.0684193
112,11,2,12,0,2,01大同區,大同區民族西路118號,0,0,3,2,C03,8,6,5,50,22,9,1,5,4,5,13,2,1,8,3,5,2,11,1,60,2,9,6,1,7,9,1,10,1,11,,44,,1,21,,121.5168428,25.0684193
112,11,2,12,0,2,01大同區,大同區民族西路118號,0,0,3,1,C03,8,6,5,50,22,9,1,5,4,5,13,2,1,8,3,5,2,11,2,58,2,7,6,1,7,1,1,10,1,11,,19,,1,21,,121.5168428,25.0684193
112,11,2,12,14,2,04大安區,大安區通化街39巷7號,0,0,1,2,H01,8,7,5,30,14,9,1,5,4,5,13,4,4,10,5,5,2,2,2,73,2,9,4,5,8,16,8,20,10,16,,67,,1,21,,121.554652,25.0309412
112,11,2,12,14,2,04大安區,大安區通化街39巷7號,0,0,1,1,B03,8,7,5,30,14,9,1,5,4,5,13,4,4,10,5,5,2,2,1,55,3,10,7,1,7,9,1,8,2,5,,107,,1,21,,121.554652,25.0309412
112,11,2,12,14,2,04大安區,大安區通化街39巷7號,0,0,1,3,B12,8,7,5,30,14,9,1,5,4,5,13,4,4,10,5,5,2,2,1,57,3,10,7,1,7,13,1,8,11,17,,38,,1,21,,121.554652,25.0309412
112,11,2,12,44,2,11南港區,南港區忠孝東路6段9巷與玉成街口,0,0,1,1,C03,8,7,5,30,3,2,1,5,4,5,13,4,4,5,4,5,2,12,1,26,2,9,5,1,7,9,1,10,2,11,,42,,1,21,,121.5829665,25.0462494
112,11,2,12,44,2,11南港區,南港區忠孝東路6段9巷與玉成街口,0,0,1,2,C03,8,7,5,30,3,2,1,5,4,5,13,4,4,5,4,5,2,12,1,28,3,10,5,1,7,13,1,10,11,12,,44,,1,21,,121.5829665,25.0462494
112,11,2,12,47,2,04大安區,大安區仁愛路4段169號,0,0,2,1,C03,8,6,5,50,14,9,1,5,4,5,13,4,4,1,3,1,1,12,1,21,2,9,6,1,7,1,1,10,1,14,,19,,1,21,,121.5522539,25.03797228
112,11,2,12,47,2,04大安區,大安區仁愛路4段169號,0,0,2,2,C03,8,6,5,50,14,9,1,5,4,5,13,4,4,1,3,1,1,12,1,56,2,9,6,1,7,9,1,10,1,12,,13,,1,21,,121.5522539,25.03797228
112,11,2,12,55,2,03中山區,中山區崇實路與大直街20巷口,0,0,2,2,C03,8,5,5,40,3,2,1,5,4,5,13,1,1,1,4,5,2,16,2,20,2,8,6,1,7,9,1,10,1,12,,44,,1,21,,121.544479,25.0810877
112,11,2,12,55,2,03中山區,中山區崇實路與大直街20巷口,0,0,2,1,C04,8,5,5,40,3,2,1,5,4,5,13,1,1,1,4,5,2,16,2,39,2,7,5,1,7,11,1,11,1,14,,10,,1,21,,121.544479,25.0810877
112,11,2,13,3,2,07信義區,信義區永吉路200巷24弄與永吉路200巷21弄口口,0,0,1,1,C03,8,7,5,30,4,1,2,5,4,5,13,4,4,10,5,5,2,15,1,27,2,9,5,1,7,9,1,10,1,11,,72,,1,21,,121.5726737,25.0446398
112,11,2,13,3,2,07信義區,信義區永吉路200巷24弄與永吉路200巷21弄口口,0,0,1,2,B12,8,7,5,30,4,1,2,5,4,5,13,4,4,10,5,5,2,15,1,49,3,10,7,1,7,9,1,8,1,4,,14,,1,21,,121.5726737,25.0446398
112,11,2,13,16,2,10文山區,文山區保儀路與木柵路3段66巷口永安街22巷多岔路口,0,0,1,2,C03,8,6,5,50,5,1,1,5,4,5,13,2,1,5,4,5,2,17,1,21,2,9,3,4,7,4,1,10,2,14,,44,,1,25,,121.5682972,24.98683891
112,11,2,13,16,2,10文山區,文山區保儀路與木柵路3段66巷口永安街22巷多岔路口,0,0,1,1,B03,8,6,5,50,5,1,1,5,4,5,13,2,1,5,4,5,2,17,1,48,3,10,3,4,7,5,1,8,2,17,,8,,1,26,,121.5682972,24.98683891
112,11,2,13,18,2,09北投區,北投區大度路27號,0,0,2,1,C03,8,6,5,50,3,2,1,5,4,5,13,1,1,1,4,4,1,13,2,54,2,9,5,1,7,9,1,10,1,11,12,16,,1,21,,121.4967911,25.1211373
112,11,2,13,18,2,09北投區,北投區大度路27號,0,0,2,2,C03,8,6,5,50,3,2,1,5,4,5,13,1,1,1,4,4,1,13,2,38,2,7,5,1,7,12,1,10,1,13,12,44,,1,21,,121.4967911,25.1211373
112,11,2,14,25,2,04大安區,大安區信義路4段與四維路口,0,0,1,1,B02,8,7,5,50,3,2,1,5,4,5,13,4,4,8,3,5,1,17,1,48,3,10,7,1,7,5,1,8,1,4,,8,,1,21,,121.5480563,25.03339354
112,11,2,14,25,2,04大安區,大安區信義路4段與四維路口,0,0,1,2,C03,8,7,5,50,3,2,1,5,4,5,13,4,4,8,3,5,1,17,1,43,2,8,5,1,7,9,1,10,1,12,,44,,1,21,,121.5480563,25.03339354
112,11,2,14,33,2,03中山區,中山區八德路2段174巷24弄與建國南路1段口,0,0,1,3,C01,8,6,5,50,14,9,1,5,4,5,13,4,4,1,5,5,2,16,1,40,2,8,3,4,7,9,1,10,1,12,,44,,1,21,,121.5369431,25.04541066
112,11,2,14,33,2,03中山區,中山區八德路2段174巷24弄與建國南路1段口,0,0,1,2,B12,8,6,5,50,14,9,1,5,4,5,13,4,4,1,5,5,2,16,1,50,3,10,3,4,7,6,1,2,1,6,,9,,1,21,,121.5369431,25.04541066
112,11,2,14,33,2,03中山區,中山區八德路2段174巷24弄與建國南路1段口,0,0,1,1,C03,8,6,5,50,14,9,1,5,4,5,13,4,4,1,5,5,2,16,2,49,3,10,3,4,7,1,1,10,1,11,,19,,1,21,,121.5369431,25.04541066
112,11,2,14,51,2,03中山區,中山區長安東路1段45-1號,0,0,1,2,C03,8,6,5,50,14,9,1,5,4,5,13,4,4,5,4,5,2,16,1,54,2,8,6,4,7,10,1,10,1,11,,100,,1,21,,121.5256641,25.04892438
112,11,2,14,51,2,03中山區,中山區長安東路1段45-1號,0,0,1,1,C03,8,6,5,50,14,9,1,5,4,5,13,4,4,5,4,5,2,16,1,67,3,10,5,1,7,11,1,10,1,14,,10,,1,21,,121.5256641,25.04892438
112,11,2,15,25,2,02萬華區,萬華區中華路1段與成都路口,0,0,1,2,C03,8,5,5,50,14,9,1,5,4,5,13,2,1,3,4,1,2,12,2,64,2,9,5,4,7,9,1,10,1,14,,100,,1,21,,121.5082296,25.04255185
112,11,2,15,25,2,02萬華區,萬華區中華路1段與成都路口,0,0,1,1,A02,8,5,5,50,14,9,1,5,4,5,13,2,1,3,4,1,2,12,1,62,3,10,7,4,7,9,1,2,1,2,,44,,1,21,,121.5082296,25.04255185
112,11,2,15,35,2,03中山區,中山區南京東路3段109巷9號,0,0,1,1,B01,8,5,5,30,14,9,1,5,4,5,13,4,4,10,5,5,2,2,1,68,3,10,7,1,7,9,1,4,1,2,,108,,1,21,,121.5398507,25.05279019
112,11,2,15,35,2,03中山區,中山區南京東路3段109巷9號,0,0,1,2,H01,8,5,5,30,14,9,1,5,4,5,13,4,4,10,5,5,2,2,1,27,2,7,4,5,8,16,8,20,1,16,,60,,1,21,,121.5398507,25.05279019
112,11,2,15,37,2,01大同區,大同區延平北路2段36巷與民樂街口,0,0,2,2,C03,8,7,5,50,3,1,1,5,4,5,13,4,4,9,2,5,2,17,1,25,2,9,6,1,7,9,1,10,1,11,,14,,1,21,,121.5109827,25.0548294
112,11,2,15,37,2,01大同區,大同區延平北路2段36巷與民樂街口,0,0,2,1,C03,8,7,5,50,3,1,1,5,4,5,13,4,4,9,2,5,2,17,1,31,2,9,6,1,7,15,1,10,1,12,,74,,1,21,,121.5109827,25.0548294
112,11,2,16,20,2,10文山區,文山區辛亥路7段與忠順街1段口,0,0,2,2,C03,8,6,5,50,3,7,2,5,4,5,13,2,1,5,4,4,2,17,1,23,2,9,5,4,7,9,1,10,1,11,,44,,1,21,,121.5540303,24.98320387
112,11,2,16,20,2,10文山區,文山區辛亥路7段與忠順街1段口,0,0,2,1,B03,8,6,5,50,3,7,2,5,4,5,13,2,1,5,4,4,2,17,1,27,3,10,3,4,7,6,1,8,1,2,,74,,1,21,,121.5540303,24.98320387
112,11,2,16,20,2,10文山區,文山區辛亥路7段與忠順街1段口,0,0,2,3,H02,8,6,5,50,3,7,2,5,4,5,13,2,1,5,4,4,2,17,2,24,2,8,4,5,7,17,8,20,10,16,,67,,1,21,,121.5540303,24.98320387
112,11,2,16,20,2,10文山區,文山區試院路26號,0,0,2,3,B12,8,7,5,50,14,9,1,5,4,5,13,4,4,9,5,5,2,16,1,40,3,10,7,1,7,13,3,18,11,8,,44,,1,21,,121.549334,24.98917165
112,11,2,16,20,2,10文山區,文山區試院路26號,0,0,2,1,C03,8,7,5,50,14,9,1,5,4,5,13,4,4,9,5,5,2,16,2,19,2,9,6,1,7,9,1,10,1,11,,108,,1,21,,121.549334,24.98917165
112,11,2,16,20,2,10文山區,文山區試院路26號,0,0,2,2,C03,8,7,5,50,14,9,1,5,4,5,13,4,4,9,5,5,2,16,2,20,2,7,5,1,7,7,1,10,1,11,,100,,1,21,,121.549334,24.98917165
112,11,2,16,26,2,03中山區,中山區敬業三路20號,0,0,1,1,B01,8,5,5,50,14,8,1,5,4,5,13,4,4,5,4,4,2,17,1,57,3,10,3,4,7,1,1,4,1,8,,19,,1,22,,121.5570025,25.08260389
112,11,2,16,26,2,03中山區,中山區敬業三路20號,0,0,1,2,C03,8,5,5,50,14,8,1,5,4,5,13,4,4,5,4,4,2,17,1,51,2,9,6,1,7,9,1,10,1,12,,108,,1,22,,121.5570025,25.08260389
112,11,2,16,52,2,04大安區,大安區信義路3段與新生南路1段口,0,0,1,1,B03,7,7,5,50,4,1,1,5,4,5,13,1,1,1,1,1,2,16,1,75,3,10,7,1,7,5,1,8,2,2,,8,,1,21,,121.5327562,25.0336816
112,11,2,16,52,2,04大安區,大安區信義路3段與新生南路1段口,0,0,1,2,C03,7,7,5,50,4,1,1,5,4,5,13,1,1,1,1,1,2,16,1,29,2,9,6,1,7,9,1,10,2,11,,44,,1,21,,121.5327562,25.0336816
112,11,2,16,57,2,02萬華區,萬華區中華路1段與南寧路口,0,0,1,1,C03,8,7,5,50,5,2,1,5,4,5,13,1,1,10,3,5,2,17,1,38,3,10,5,1,7,9,1,10,1,17,,42,,1,21,,121.5064531,25.0370224
112,11,2,16,57,2,02萬華區,萬華區中華路1段與南寧路口,0,0,1,2,C03,8,7,5,50,5,2,1,5,4,5,13,1,1,10,3,5,2,17,1,21,2,9,5,1,7,9,1,10,1,17,,42,,1,21,,121.5064531,25.0370224
112,11,2,17,20,2,03中山區,中山區建國北路3段與民權東路2段口,0,0,2,2,C03,8,5,5,50,4,4,1,5,4,5,13,2,1,5,4,5,2,13,1,31,2,9,6,4,7,14,1,10,2,14,,44,,1,21,,121.5369308,25.0624757
112,11,2,17,20,2,03中山區,中山區建國北路3段與民權東路2段口,0,0,2,1,C03,8,5,5,50,4,4,1,5,4,5,13,2,1,5,4,5,2,13,1,65,2,9,5,4,7,9,1,10,2,11,,16,,1,21,,121.5369308,25.0624757
112,11,2,17,25,2,04大安區,大安區辛亥路3段157巷26號,0,0,1,1,B03,8,5,5,50,14,9,1,5,4,5,13,1,1,5,4,5,2,12,1,33,3,10,7,1,7,9,1,8,2,5,,108,,1,21,,121.5505798,25.0181795
112,11,2,17,25,2,04大安區,大安區辛亥路3段157巷26號,0,0,1,2,C03,8,5,5,50,14,9,1,5,4,5,13,1,1,5,4,5,2,12,1,71,2,9,6,1,7,8,1,10,2,13,,100,,1,21,,121.5505798,25.0181795
112,11,2,18,2,2,09北投區,北投區中山路與光明路口,0,0,1,1,A05,8,5,5,50,11,9,1,5,4,5,13,4,4,4,3,5,1,12,1,26,3,10,7,1,7,5,1,2,2,2,,17,,1,21,,121.5087935,25.1374018
112,11,2,18,2,2,09北投區,北投區中山路與光明路口,0,0,1,2,C03,8,5,5,50,11,9,1,5,4,5,13,4,4,4,3,5,1,12,1,61,2,9,5,1,7,9,3,18,2,14,,17,,1,21,,121.5087935,25.1374018
112,11,2,18,14,2,03中山區,中山區北安路與崇實路口,0,0,1,1,C03,8,5,5,50,4,1,1,5,4,5,13,2,1,7,2,5,2,17,2,40,2,9,5,1,7,5,1,10,1,14,,8,,1,21,,121.5445831,25.079793
112,11,2,18,14,2,03中山區,中山區北安路與崇實路口,0,0,1,2,B02,8,5,5,50,4,1,1,5,4,5,13,2,1,7,2,5,2,17,1,55,3,10,7,1,7,9,1,10,1,5,,27,,1,21,,121.5445831,25.079793
112,11,2,18,16,2,07信義區,信義區松壽路32號,0,0,2,1,C03,7,5,8,50,22,22,1,5,4,5,13,4,4,5,4,5,2,13,1,32,2,8,6,1,7,9,1,10,1,11,,108,,1,22,,121.5679609,25.0358102
112,11,2,18,16,2,07信義區,信義區松壽路32號,0,0,2,2,B01,7,5,8,50,22,22,1,5,4,5,13,4,4,5,4,5,2,13,1,45,2,7,7,1,7,14,1,8,1,6,,44,,1,22,,121.5679609,25.0358102
112,11,2,18,26,2,12內湖區,內湖區內湖路1段711號,0,0,1,3,A05,8,5,5,50,14,9,1,5,4,5,13,4,4,1,3,5,2,12,1,59,3,10,7,1,7,14,1,1,1,2,,44,,1,21,,121.5774982,25.07926688
112,11,2,18,26,2,12內湖區,內湖區內湖路1段711號,0,0,1,1,B03,8,5,5,50,14,9,1,5,4,5,13,4,4,1,3,5,2,12,1,40,3,10,7,1,7,7,1,8,1,4,,100,,1,21,,121.5774982,25.07926688
112,11,2,18,26,2,12內湖區,內湖區內湖路1段711號,0,0,1,2,C03,8,5,5,50,14,9,1,5,4,5,13,4,4,1,3,5,2,12,1,29,2,9,5,1,7,9,1,10,1,12,,44,,1,21,,121.5774982,25.07926688
112,11,2,18,40,2,12內湖區,內湖區康寧路3段與五分街口,0,0,1,2,C03,8,7,8,50,4,2,1,5,4,5,13,1,1,1,3,5,1,12,2,32,2,9,3,4,7,6,1,10,1,12,,9,,1,22,,121.6117493,25.0678081
112,11,2,18,40,2,12內湖區,內湖區康寧路3段與五分街口,0,0,1,1,B03,8,7,8,50,4,2,1,5,4,5,13,1,1,1,3,5,1,12,1,34,3,10,3,4,7,1,1,8,1,1,,19,,1,22,,121.6117493,25.0678081
112,11,2,18,46,2,12內湖區,內湖區陽光街與瑞光路口,0,0,1,1,C03,8,5,5,0,4,1,1,5,4,5,13,1,1,5,4,5,2,13,2,33,2,8,6,1,7,9,1,10,1,11,,107,,1,21,,121.579155,25.07373226
112,11,2,18,46,2,12內湖區,內湖區陽光街與瑞光路口,0,0,1,2,C03,8,5,5,0,4,1,1,5,4,5,13,1,1,5,4,5,2,13,1,28,3,10,6,1,7,12,1,10,1,13,,99,,1,21,,121.579155,25.07373226
112,11,2,19,8,2,03中山區,中山區吉林路與吉林路108巷口,0,0,2,2,C03,8,6,5,40,4,2,1,5,4,5,13,4,4,9,4,4,2,16,1,40,2,9,6,4,7,9,1,9,1,11,,44,,1,21,,121.5300945,25.0532101
112,11,2,19,8,2,03中山區,中山區吉林路與吉林路108巷口,0,0,2,1,F01,8,6,5,40,4,2,1,5,4,5,13,4,4,9,4,4,2,16,2,79,2,9,4,4,7,7,8,20,1,14,,100,,1,21,,121.5300945,25.0532101
112,11,2,19,10,2,04大安區,大安區基隆路2段與臨江街口,0,0,1,1,B03,8,5,5,50,3,1,1,5,4,5,13,4,4,1,4,5,2,12,1,44,3,10,7,1,7,7,1,8,1,2,,100,,1,21,,121.5573482,25.0294491
112,11,2,19,10,2,04大安區,大安區基隆路2段與臨江街口,0,0,1,2,C03,8,5,5,50,3,1,1,5,4,5,13,4,4,1,4,5,2,12,1,27,2,9,5,1,7,9,1,10,1,14,,44,,1,21,,121.5573482,25.0294491
112,11,2,19,12,2,10文山區,文山區辛亥路5段與辛亥路5段25巷口口,0,0,3,1,C03,8,6,5,50,4,1,1,5,4,5,13,2,1,1,4,5,2,16,1,22,2,8,6,1,7,5,1,10,1,12,,74,,1,21,,121.5540264,24.9998667
112,11,2,19,12,2,10文山區,文山區辛亥路5段與辛亥路5段25巷口口,0,0,3,2,C03,8,6,5,50,4,1,1,5,4,5,13,2,1,1,4,5,2,16,1,44,2,8,6,1,7,9,1,10,1,11,,13,,1,21,,121.5540264,24.9998667
112,11,2,19,12,2,10文山區,文山區辛亥路5段與辛亥路5段25巷口口,0,0,3,3,H02,8,6,5,50,4,1,1,5,4,5,13,2,1,1,4,5,2,16,2,22,2,9,6,5,7,20,8,20,10,16,,67,,1,21,,121.5540264,24.9998667
112,11,2,19,16,2,01大同區,大同區重慶北路2段92號,0,0,1,1,C03,7,5,5,50,14,9,1,5,4,5,13,4,4,1,4,5,2,13,1,21,2,9,5,1,7,9,1,10,1,11,,16,,1,21,,121.5137253,25.05677945
112,11,2,19,16,2,01大同區,大同區重慶北路2段92號,0,0,1,2,C03,7,5,5,50,14,9,1,5,4,5,13,4,4,1,4,5,2,13,1,37,3,10,5,1,7,12,1,10,1,13,,44,,1,21,,121.5137253,25.05677945
112,11,2,19,27,2,05中正區,中正區長沙街1段20號,0,0,2,2,C03,8,5,5,50,14,9,1,5,4,5,13,4,4,9,4,5,2,14,1,19,2,9,6,1,7,9,1,10,2,11,,44,,1,29,,121.5084997,25.0404144
112,11,2,19,27,2,05中正區,中正區長沙街1段20號,0,0,2,1,B03,8,5,5,50,14,9,1,5,4,5,13,4,4,9,4,5,2,14,1,68,2,2,2,4,7,2,1,8,2,3,,12,,1,26,,121.5084997,25.0404144
112,11,2,19,36,2,11南港區,南港區忠孝東路7段與忠孝東路7段265巷口,0,0,1,2,C03,8,5,5,50,3,1,1,5,4,5,13,2,1,1,4,4,2,16,1,26,2,7,5,1,7,9,1,10,1,11,,44,,1,21,,121.603544,25.0518005
112,11,2,19,36,2,11南港區,南港區忠孝東路7段與忠孝東路7段265巷口,0,0,1,1,B02,8,5,5,50,3,1,1,5,4,5,13,2,1,1,4,4,2,16,1,25,3,10,7,1,7,5,1,8,1,2,,74,,1,21,,121.603544,25.0518005
112,11,2,20,0,2,06松山區,松山區八德路3段與八德路3段74巷口,0,0,1,2,H02,7,5,5,50,4,2,1,5,4,5,13,2,1,9,4,5,2,9,1,76,2,1,4,5,7,20,8,20,10,16,,67,,1,21,,121.5525021,25.04820871
112,11,2,20,0,2,06松山區,松山區八德路3段與八德路3段74巷口,0,0,1,1,A02,7,5,5,50,4,2,1,5,4,5,13,2,1,9,4,5,2,9,1,44,3,10,7,1,7,15,1,2,2,17,,118,,1,21,,121.5525021,25.04820871
112,11,2,20,48,2,04大安區,大安區通化街60號,0,0,1,1,C03,8,5,5,50,14,9,1,5,4,5,13,4,4,9,5,5,2,16,1,18,3,10,3,4,7,11,1,10,1,14,,10,,1,22,,121.5542276,25.0304571
112,11,2,20,48,2,04大安區,大安區通化街60號,0,0,1,2,C03,8,5,5,50,14,9,1,5,4,5,13,4,4,9,5,5,2,16,1,26,2,9,3,4,7,9,1,10,1,11,,44,,1,22,,121.5542276,25.0304571
112,11,2,21,53,2,05中正區,中正區汀州路3段與汀州路3段160巷口,0,0,1,2,C03,8,5,5,50,4,1,1,5,4,5,13,1,1,5,5,5,2,17,1,21,2,8,6,1,7,5,1,10,2,14,,44,,1,22,,121.5345054,25.0134662