發生年度,發生月,發生日,發生時-Hours,發生分,處理別-編號,區序,肇事地點,死亡人數,2-30日死亡人數,受傷人數,當事人序號,車種,天候,光線,道路類別,速限-速度限制,道路型態,事故位置,路面狀況1,路面狀況2,路面狀況3,道路障礙1,道路障礙2,號誌1,號誌2,車道劃分-分向,車道劃分-分道1,車道劃分-分道2,車道劃分-分道3,事故類型及型態,性別,年齡,受傷程度,主要傷處,保護裝置,行動電話,車輛用途,當事者行動狀態,駕駛資格情形,駕駛執照種類,飲酒情形,車輛撞擊部位1,車輛撞擊部位2,肇因碼-個別,肇因碼-主要,個人肇逃否,職業,旅次目的,座標-X,座標-Y
112,11,3,13,1,2,10文山區,文山區木柵路1段與試院路口(單號),0,0,2,2,C03,8,6,5,50,4,1,1,5,4,5,13,1,1,5,4,5,2,13,1,20,2,8,3,4,7,14,1,10,1,13,,42,,1,22,,121.5488941,24.9872494
112,11,3,13,10,2,11南港區,南港區忠孝東路7段與興中路口,0,0,1,1,B01,8,5,5,50,3,2,1,5,4,5,12,1,1,5,4,5,2,17,1,58,3,10,7,1,7,14,1,8,1,5,,40,,1,21,,121.6078115,25.0525523
112,11,3,13,10,2,11南港區,南港區忠孝東路7段與興中路口,0,0,1,2,C03,8,5,5,50,3,2,1,5,4,5,12,1,1,5,4,5,2,17,2,39,2,9,5,1,7,9,1,10,1,14,,44,,1,21,,121.6078115,25.0525523
112,11,3,13,10,2,11南港區,南港區忠孝東路7段與興中路口,0,0,1,3,H02,8,5,5,50,3,2,1,5,4,5,12,1,1,5,4,5,2,17,1,54,3,10,7,5,7,21,8,20,10,17,,126,,1,21,,121.6078115,25.0525523
112,11,3,13,30,2,11南港區,南港區東新街170號,0,0,3,1,C03,8,7,5,50,3,2,1,5,4,5,13,4,4,9,5,5,2,16,2,41,2,9,3,4,7,7,6,18,1,12,,100,,1,21,,121.5910696,25.0463704
112,11,3,13,30,2,11南港區,南港區東新街170號,0,0,3,2,C03,8,7,5,50,3,2,1,5,4,5,13,4,4,9,5,5,2,16,1,28,2,9,3,4,7,9,1,10,1,11,,44,,1,21,,121.5910696,25.0463704
112,11,3,13,30,2,11南港區,南港區東新街170號,0,0,3,3,H02,8,7,5,50,3,2,1,5,4,5,13,4,4,9,5,5,2,16,2,27,2,9,3,5,7,20,8,20,10,16,,67,,1,21,,121.5910696,25.0463704
112,11,3,13,54,2,10文山區,文山區萬美街1段與萬和街口,0,0,2,3,H02,8,5,5,50,3,2,1,5,4,5,13,4,4,5,5,5,2,16,2,19,2,8,6,5,7,20,8,20,10,16,,67,,1,21,,121.5671054,25.0022733
112,11,3,13,54,2,10文山區,文山區萬美街1段與萬和街口,0,0,2,2,C03,8,5,5,50,3,2,1,5,4,5,13,4,4,5,5,5,2,16,1,20,2,7,5,1,7,9,3,18,2,11,,13,,1,22,,121.5671054,25.0022733
112,11,3,13,54,2,10文山區,文山區萬美街1段與萬和街口,0,0,2,1,B03,8,5,5,50,3,2,1,5,4,5,13,4,4,5,5,5,2,16,2,70,3,10,7,1,7,11,1,8,2,5,,10,,1,22,,121.5671054,25.0022733
112,11,3,14,0,2,05中正區,中正區汀州路3段206號,0,0,2,1,C03,8,6,5,50,14,9,1,5,4,5,13,4,4,9,4,5,2,17,1,26,2,9,5,1,7,7,1,10,1,14,,100,,1,21,,121.5355074,25.01219648
112,11,3,14,0,2,05中正區,中正區汀州路3段206號,0,0,2,2,C02,8,6,5,50,14,9,1,5,4,5,13,4,4,9,4,5,2,17,1,43,2,9,5,1,7,9,1,9,1,12,,44,,1,21,,121.5355074,25.01219648
112,11,3,14,5,2,05中正區,中正區中山北路1段與北平東路口,0,0,2,1,C03,8,7,5,50,14,10,1,5,4,5,13,1,1,4,3,1,2,12,1,18,2,8,5,1,7,9,1,10,2,11,,108,,1,25,,121.5202892,25.0468172
112,11,3,14,5,2,05中正區,中正區中山北路1段與北平東路口,0,0,2,2,B01,8,7,5,50,14,10,1,5,4,5,13,1,1,4,3,1,2,12,1,52,3,10,7,1,7,9,1,4,2,7,,44,,1,26,,121.5202892,25.0468172
112,11,3,14,5,2,05中正區,中正區中山北路1段與北平東路口,0,0,2,3,B12,8,7,5,50,14,10,1,5,4,5,13,1,1,4,3,1,2,12,1,57,3,10,7,1,7,9,1,8,2,6,,44,,1,26,,121.5202892,25.0468172
112,11,3,14,5,2,05中正區,中正區中山北路1段與北平東路口,0,0,2,4,H02,8,7,5,50,14,10,1,5,4,5,13,1,1,4,3,1,2,12,2,19,2,8,5,5,7,20,8,20,10,16,,67,,1,26,,121.5202892,25.0468172
112,11,3,14,5,2,12內湖區,內湖區南京東路6段與新明路298巷口,0,0,1,1,B03,8,7,5,50,4,4,1,5,4,4,13,1,1,5,4,5,2,12,1,32,3,10,7,1,7,1,1,8,1,5,,108,,1,21,,121.5815844,25.0568018
112,11,3,14,5,2,12內湖區,內湖區南京東路6段與新明路298巷口,0,0,1,2,C03,8,7,5,50,4,4,1,5,4,4,13,1,1,5,4,5,2,12,1,32,2,8,5,1,7,8,1,10,1,13,,100,,1,21,,121.5815844,25.0568018
112,11,3,14,18,2,04大安區,大安區市民高架道與光復南路口附近,0,0,4,1,B03,8,5,5,80,3,2,1,5,4,5,13,4,4,5,4,5,2,13,1,64,2,9,7,1,7,9,1,8,1,1,,16,,1,21,,121.554907,25.0443903
112,11,3,14,18,2,04大安區,大安區市民高架道與光復南路口附近,0,0,4,4,H02,8,5,5,80,3,2,1,5,4,5,13,4,4,5,4,5,2,13,2,26,2,9,7,5,7,21,8,20,10,16,,67,,1,21,,121.554907,25.0443903
112,11,3,14,18,2,04大安區,大安區市民高架道與光復南路口附近,0,0,4,3,B01,8,5,5,80,3,2,1,5,4,5,13,4,4,5,4,5,2,13,1,46,3,10,7,1,7,9,1,4,1,3,,44,,1,21,,121.554907,25.0443903
112,11,3,14,18,2,04大安區,大安區市民高架道與光復南路口附近,0,0,4,5,H02,8,5,5,80,3,2,1,5,4,5,13,4,4,5,4,5,2,13,2,28,2,9,7,5,7,21,8,20,10,16,,67,,1,21,,121.554907,25.0443903
112,11,3,14,18,2,04大安區,大安區市民高架道與光復南路口附近,0,0,4,6,H02,8,5,5,80,3,2,1,5,4,5,13,4,4,5,4,5,2,13,2,30,2,9,7,5,7,21,8,20,10,16,,67,,1,21,,121.554907,25.0443903
112,11,3,14,18,2,04大安區,大安區市民高架道與光復南路口附近,0,0,4,2,B03,8,5,5,80,3,2,1,5,4,5,13,4,4,5,4,5,2,13,1,25,3,10,7,1,7,9,1,8,1,3,,44,,1,21,,121.554907,25.0443903
112,11,3,14,21,2,03中山區,中山區民權東路2段81號,0,0,1,2,B03,8,6,5,50,14,9,1,5,4,5,13,4,4,1,5,5,1,17,1,67,3,10,3,4,7,14,1,8,1,3,,44,,1,21,,121.5321599,25.06259991
112,11,3,14,21,2,03中山區,中山區民權東路2段81號,0,0,1,1,C03,8,6,5,50,14,9,1,5,4,5,13,4,4,1,5,5,1,17,1,30,2,9,3,4,7,9,1,10,1,11,,42,,1,21,,121.5321599,25.06259991
112,11,3,14,35,2,03中山區,中山區中山北路1段96巷與中山北路1段口,0,0,1,1,B01,8,6,5,50,3,1,1,5,4,5,13,4,4,1,4,1,2,16,1,54,3,10,7,1,7,6,1,4,2,2,,9,,1,22,,121.5225675,25.0554648
112,11,3,14,35,2,03中山區,中山區中山北路1段96巷與中山北路1段口,0,0,1,2,C03,8,6,5,50,3,1,1,5,4,5,13,4,4,1,4,1,2,16,2,67,2,9,5,1,7,9,1,10,2,14,,44,,1,22,,121.5225675,25.0554648
112,11,3,14,48,2,12內湖區,內湖區安康路與五分街口,0,0,1,2,C03,8,6,5,30,4,1,1,5,4,5,13,4,4,5,5,5,2,15,2,21,2,9,5,1,7,9,1,10,1,11,,14,,1,21,,121.615236,25.06732372
112,11,3,14,48,2,12內湖區,內湖區安康路與五分街口,0,0,1,1,B03,8,6,5,30,4,1,1,5,4,5,13,4,4,5,5,5,2,15,1,79,3,10,7,1,7,9,1,8,1,8,,72,,1,21,,121.615236,25.06732372
112,11,3,15,7,2,04大安區,大安區仁愛路4段與仁愛路4段91巷口口,0,0,1,1,C03,8,7,5,40,14,8,1,5,4,5,13,4,4,1,4,1,1,17,1,61,2,9,5,1,7,7,1,10,1,12,,100,,1,21,,121.5480707,25.0383319
112,11,3,15,7,2,04大安區,大安區仁愛路4段與仁愛路4段91巷口口,0,0,1,3,B03,8,7,5,40,14,8,1,5,4,5,13,4,4,1,4,1,1,17,1,34,3,10,7,1,7,14,1,8,1,2,,44,,1,21,,121.5480707,25.0383319
112,11,3,15,7,2,04大安區,大安區仁愛路4段與仁愛路4段91巷口口,0,0,1,2,B02,8,7,5,40,14,8,1,5,4,5,13,4,4,1,4,1,1,17,1,32,3,10,7,1,7,8,1,2,1,8,,80,,1,21,,121.5480707,25.0383319
112,11,3,15,17,2,08士林區,士林區承德路5段與通河東街2段10巷口,0,0,1,1,C03,8,6,5,30,8,9,1,5,4,4,13,1,1,10,5,5,2,13,2,30,3,10,5,1,7,9,1,10,1,11,,16,,1,21,,121.5156979,25.0913933
112,11,3,15,17,2,08士林區,士林區承德路5段與通河東街2段10巷口,0,0,1,2,C03,8,6,5,30,8,9,1,5,4,4,13,1,1,10,5,5,2,13,1,38,3,10,5,1,7,12,1,10,1,14,,44,,1,21,,121.5156979,25.0913933
112,11,3,15,17,2,08士林區,士林區承德路5段與通河東街2段10巷口,0,0,1,3,C03,8,6,5,30,8,9,1,5,4,4,13,1,1,10,5,5,2,13,2,61,2,9,5,1,7,12,1,10,1,13,,44,,1,21,,121.5156979,25.0913933
112,11,3,15,51,2,05中正區,中正區寧波西街10號,0,0,1,1,C03,8,7,5,50,14,9,1,2,4,5,13,4,4,10,4,5,2,17,1,24,2,9,5,4,7,9,1,10,1,11,,44,,1,21,,121.5186781,25.0313589
112,11,3,15,51,2,05中正區,中正區寧波西街10號,0,0,1,4,G03,8,7,5,50,14,9,1,2,4,5,13,4,4,10,4,5,2,17,1,32,3,10,7,4,7,15,1,8,9,17,,44,,1,21,,121.5186781,25.0313589
112,11,3,15,51,2,05中正區,中正區寧波西街10號,0,0,1,3,B01,8,7,5,50,14,9,1,2,4,5,13,4,4,10,4,5,2,17,1,69,3,10,7,4,7,14,1,4,1,3,,44,,1,21,,121.5186781,25.0313589
112,11,3,15,51,2,05中正區,中正區寧波西街10號,0,0,1,2,B12,8,7,5,50,14,9,1,2,4,5,13,4,4,10,4,5,2,17,1,45,3,10,7,4,7,14,1,8,1,5,,44,,1,21,,121.5186781,25.0313589
112,11,3,15,55,2,03中山區,中山區新生北路3段與民權東路2段口,0,0,1,1,B03,8,7,5,50,4,1,1,5,4,5,13,2,1,7,2,5,2,17,1,63,3,10,7,1,7,6,1,8,1,2,,16,,1,21,,121.5279646,25.0627393
112,11,3,15,55,2,03中山區,中山區新生北路3段與民權東路2段口,0,0,1,2,C03,8,7,5,50,4,1,1,5,4,5,13,2,1,7,2,5,2,17,1,20,2,9,5,1,7,9,1,10,1,14,,44,,1,21,,121.5279646,25.0627393
112,11,3,15,57,2,01大同區,大同區哈密街23巷與哈密街23巷19弄口口,0,0,1,2,C03,8,6,5,30,3,1,1,5,4,5,13,4,4,10,5,5,2,16,2,51,2,8,6,1,7,9,1,10,1,11,,44,,1,21,,121.5178703,25.07449043
112,11,3,15,57,2,01大同區,大同區哈密街23巷與哈密街23巷19弄口口,0,0,1,1,B01,8,6,5,30,3,1,1,5,4,5,13,4,4,10,5,5,2,16,1,61,3,10,7,1,7,6,1,3,1,8,,72,,1,21,,121.5178703,25.07449043
112,11,3,16,0,2,11南港區,南港區南港路3段與昆陽街口,0,0,1,2,C03,8,5,8,50,3,1,1,5,4,5,13,1,1,5,5,5,2,16,2,38,2,9,5,1,7,9,1,10,1,11,,44,,1,22,,121.5922979,25.0541456
112,11,3,16,0,2,11南港區,南港區南港路3段與昆陽街口,0,0,1,1,B03,8,5,8,50,3,1,1,5,4,5,13,1,1,5,5,5,2,16,2,49,3,10,3,4,7,5,1,8,1,5,,74,,1,22,,121.5922979,25.0541456
112,11,3,16,25,2,05中正區,中正區汀州路2段與泉州街口,0,0,1,1,B03,8,6,5,50,4,1,1,5,4,5,13,1,1,5,4,5,2,17,2,56,3,10,7,3,7,6,1,8,2,2,,9,,1,21,,121.5140829,25.026261
112,11,3,16,25,2,05中正區,中正區汀州路2段與泉州街口,0,0,1,2,C03,8,6,5,50,4,1,1,5,4,5,13,1,1,5,4,5,2,17,1,67,2,9,5,1,7,9,1,10,2,12,,44,,1,21,,121.5140829,25.026261
112,11,3,16,32,2,05中正區,中正區懷寧街44號,0,0,1,1,C03,7,7,5,0,14,9,1,5,4,5,13,4,4,10,4,5,2,13,4,0,,,,,,,,,9,,,119,,2,,,121.5141514,25.04493104
112,11,3,16,32,2,05中正區,中正區懷寧街44號,0,0,1,2,C03,7,7,5,0,14,9,1,5,4,5,13,4,4,10,4,5,2,13,2,36,2,8,5,1,7,14,1,10,2,13,,44,,1,21,,121.5141514,25.04493104
112,11,3,16,57,2,04大安區,大安區通化街165巷9號,0,0,2,2,C03,7,7,5,30,14,9,1,5,4,5,13,4,4,10,5,5,2,12,1,27,2,9,5,1,7,9,1,10,1,11,,44,,1,21,,121.5542307,25.028471
112,11,3,16,57,2,04大安區,大安區通化街165巷9號,0,0,2,1,F02,7,7,5,30,14,9,1,5,4,5,13,4,4,10,5,5,2,12,1,57,2,9,4,1,7,1,8,20,1,11,,19,,1,21,,121.5542307,25.028471
112,11,3,17,18,2,05中正區,中正區汀州路3段與羅斯福路4段108巷口,0,0,3,1,C03,8,5,5,50,3,1,1,5,4,5,13,4,4,5,4,5,2,13,2,30,2,8,5,4,7,9,1,10,1,11,,16,,1,21,,121.5351906,25.0128734
112,11,3,17,18,2,05中正區,中正區汀州路3段與羅斯福路4段108巷口,0,0,3,2,C03,8,5,5,50,3,1,1,5,4,5,13,4,4,5,4,5,2,13,1,22,2,8,5,4,7,15,1,10,1,13,,44,,1,21,,121.5351906,25.0128734
112,11,3,17,18,2,05中正區,中正區汀州路3段與羅斯福路4段108巷口,0,0,3,3,C03,8,5,5,50,3,1,1,5,4,5,13,4,4,5,4,5,2,13,1,22,2,8,5,4,7,9,1,10,1,11,,16,,1,21,,121.5351906,25.0128734
112,11,3,18,0,2,10文山區,文山區羅斯福路6段24號,0,0,1,1,C03,8,6,5,50,14,9,1,5,4,5,13,4,4,1,4,5,2,17,2,41,3,10,5,1,7,9,1,10,2,17,,30,,1,21,,121.5397087,24.99997467
112,11,3,18,0,2,10文山區,文山區羅斯福路6段24號,0,0,1,2,C03,8,6,5,50,14,9,1,5,4,5,13,4,4,1,4,5,2,17,2,43,2,7,5,1,7,9,1,10,2,11,,44,,1,21,,121.5397087,24.99997467
112,11,3,18,9,2,07信義區,信義區信安街與信安街103巷口,0,0,1,1,B03,7,5,5,50,4,1,1,5,4,5,13,4,4,5,5,5,1,17,1,28,3,10,3,4,7,9,1,14,2,1,,75,,1,21,,121.5564909,25.0253576
112,11,3,18,9,2,07信義區,信義區信安街與信安街103巷口,0,0,1,2,C03,7,5,5,50,4,1,1,5,4,5,13,4,4,5,5,5,1,17,1,57,2,9,3,4,7,14,1,10,2,14,,44,,1,21,,121.5564909,25.0253576
112,11,3,18,15,2,09北投區,北投區中央北路2段350巷與重三路口,0,0,1,2,C03,8,6,5,30,4,1,1,5,4,5,13,4,4,10,5,5,2,17,1,45,2,9,5,1,7,9,1,10,1,17,,42,,1,21,,121.4884014,25.1403229
112,11,3,18,15,2,09北投區,北投區中央北路2段350巷與重三路口,0,0,1,1,C03,8,6,5,30,4,1,1,5,4,5,13,4,4,10,5,5,2,17,2,43,3,10,5,1,7,6,1,10,1,17,,80,,1,21,,121.4884014,25.1403229
112,11,3,18,21,2,04大安區,大安區市民大道3段與八德路口側附近2段口,0,0,1,1,B03,8,5,5,40,4,1,1,5,4,5,13,1,1,1,3,5,2,17,1,52,3,10,7,1,7,6,6,8,1,2,,80,,1,21,,121.5342866,25.0449287
112,11,3,18,21,2,04大安區,大安區市民大道3段與八德路口側附近2段口,0,0,1,2,C03,8,5,5,40,4,1,1,5,4,5,13,1,1,1,3,5,2,17,1,56,2,8,5,1,7,9,1,10,1,14,,44,,1,21,,121.5342866,25.0449287
112,11,3,18,25,2,05中正區,中正區臨沂街14巷與臨沂街口口,0,0,1,2,H01,8,5,5,30,4,18,1,5,4,5,13,4,4,5,5,5,2,6,2,10,2,8,4,5,8,18,8,20,10,16,,53,,1,21,,121.5302536,25.04116081
112,11,3,18,25,2,05中正區,中正區臨沂街14巷與臨沂街口口,0,0,1,1,B02,8,5,5,30,4,18,1,5,4,5,13,4,4,5,5,5,2,6,2,35,3,10,7,1,7,9,1,8,2,5,,70,,1,21,,121.5302536,25.04116081
112,11,3,18,26,2,10文山區,文山區木新路2段與指南路1段口,0,0,1,2,C03,8,5,5,50,14,9,1,5,4,5,13,1,1,5,2,5,2,16,1,21,2,9,6,1,7,9,1,10,2,14,,44,,1,25,,121.5706994,24.9876014
112,11,3,18,26,2,10文山區,文山區木新路2段與指南路1段口,0,0,1,1,A02,8,5,5,50,14,9,1,5,4,5,13,1,1,5,2,5,2,16,1,31,3,10,7,1,7,6,1,2,2,4,,9,,1,21,,121.5706994,24.9876014
112,11,3,18,40,2,11南港區,南港區南港路1段0404977號燈桿旁,0,0,1,1,B01,8,5,5,50,14,9,1,5,4,5,13,4,4,3,4,5,2,12,1,42,2,5,3,4,7,1,1,4,1,8,,19,,1,21,,121.6176094,25.0549384
112,11,3,18,40,2,11南港區,南港區南港路1段0404977號燈桿旁,0,0,1,2,A02,8,5,5,50,14,9,1,5,4,5,13,4,4,3,4,5,2,12,1,48,3,10,3,4,7,9,1,6,1,2,,44,,1,21,,121.6176094,25.0549384
112,11,3,19,10,2,07信義區,信義區松信路與市民大道6段口,0,0,2,1,C03,8,5,5,50,4,2,1,5,4,5,13,2,1,9,4,5,2,12,1,73,2,9,5,1,7,5,1,10,1,14,,8,,1,21,,121.5721897,25.0492363
112,11,3,19,10,2,07信義區,信義區松信路與市民大道6段口,0,0,2,2,C03,8,5,5,50,4,2,1,5,4,5,13,2,1,9,4,5,2,12,2,28,2,9,5,1,7,9,1,10,1,11,,44,,1,21,,121.5721897,25.0492363
112,11,3,20,12,2,12內湖區,內湖區民權東路6段與行愛路口,0,0,1,1,B03,7,5,5,50,4,1,1,5,4,5,13,1,1,3,4,5,2,17,1,55,3,10,7,1,7,5,1,8,2,5,,8,,1,21,,121.5782785,25.0668098
112,11,3,20,12,2,12內湖區,內湖區民權東路6段與行愛路口,0,0,1,2,C03,7,5,5,50,4,1,1,5,4,5,13,1,1,3,4,5,2,17,1,23,2,9,5,1,7,6,1,9,2,13,,9,,1,21,,121.5782785,25.0668098
112,11,3,20,45,2,12內湖區,內湖區民權東路6段163巷19弄與民權東路6段口,0,0,1,2,C03,7,5,5,30,3,1,1,5,4,5,13,4,4,10,5,5,2,17,1,25,2,9,5,4,7,9,1,10,1,11,,108,,1,21,,121.5959904,25.06904605
112,11,3,20,45,2,12內湖區,內湖區民權東路6段163巷19弄與民權東路6段口,0,0,1,1,B03,7,5,5,30,3,1,1,5,4,5,13,4,4,10,5,5,2,17,1,73,3,10,7,1,7,14,1,8,1,1,,72,,1,21,,121.5959904,25.06904605
112,11,3,20,48,2,03中山區,中山區長春路154號,0,0,1,1,B03,8,5,5,50,14,7,1,5,4,5,13,4,4,9,4,4,2,16,2,50,3,10,7,1,7,11,1,8,1,4,,10,,1,21,,121.5319115,25.0548478
112,11,3,20,48,2,03中山區,中山區長春路154號,0,0,1,2,C03,8,5,5,50,14,7,1,5,4,5,13,4,4,9,4,4,2,16,1,36,2,9,6,1,7,9,1,10,1,11,,13,,1,21,,121.5319115,25.0548478
112,11,3,21,30,2,09北投區,北投區尊賢街與尊賢街206巷口,0,0,2,1,C03,8,5,5,30,3,2,1,5,4,5,13,4,4,10,5,5,2,16,1,69,3,10,5,1,7,6,1,10,2,11,,74,,1,22,,121.5080468,25.11534645
112,11,3,21,30,2,09北投區,北投區尊賢街與尊賢街206巷口,0,0,2,3,H02,8,5,5,30,3,2,1,5,4,5,13,4,4,10,5,5,2,16,1,9,2,9,2,5,7,20,8,20,10,16,,67,,1,14,,121.5080468,25.11534645
112,11,3,21,30,2,09北投區,北投區尊賢街與尊賢街206巷口,0,0,2,2,C03,8,5,5,30,3,2,1,5,4,5,13,4,4,10,5,5,2,16,1,44,2,8,5,1,7,9,1,10,2,11,,44,,1,22,,121.5080468,25.11534645
112,11,3,22,20,2,08士林區,士林區德行西路與德行西路62巷口,0,0,2,1,C03,8,5,5,50,3,1,1,5,4,5,13,4,4,5,5,5,2,17,1,43,2,7,6,1,7,6,1,10,2,12,,74,,1,21,,121.5226914,25.10517467
112,11,3,22,20,2,08士林區,士林區德行西路與德行西路62巷口,0,0,2,2,C03,8,5,5,50,3,1,1,5,4,5,13,4,4,5,5,5,2,17,1,23,2,7,6,1,7,9,1,10,2,11,,44,,1,21,,121.5226914,25.10517467
112,11,3,22,58,2,11南港區,南港區舊莊街1段與舊莊街1段212巷口,0,0,2,2,C03,8,5,5,50,4,1,1,5,4,5,13,2,1,5,5,5,2,15,1,32,2,7,5,1,7,9,1,9,1,11,,44,,1,22,,121.6225419,25.0383597
112,11,3,22,58,2,11南港區,南港區舊莊街1段與舊莊街1段212巷口,0,0,2,1,C03,8,5,5,50,4,1,1,5,4,5,13,2,1,5,5,5,2,15,2,27,2,8,5,1,7,15,1,10,1,11,,71,,1,22,,121.6225419,25.0383597
112,11,4,0,20,2,12內湖區,內湖區文德路66巷53弄與文德路66巷14弄口,0,0,2,1,B01,8,5,5,30,4,1,1,5,4,5,13,3,1,5,5,5,2,15,1,62,3,10,7,1,7,9,1,8,2,2,,72,,1,21,,121.5817291,25.07711184
112,11,4,0,20,2,12內湖區,內湖區文德路66巷53弄與文德路66巷14弄口,0,0,2,2,C03,8,5,5,30,4,1,1,5,4,5,13,3,1,5,5,5,2,15,2,22,2,9,5,1,7,9,1,10,2,11,,108,,1,21,,121.5817291,25.07711184
112,11,4,0,20,2,12內湖區,內湖區文德路66巷53弄與文德路66巷14弄口,0,0,2,3,H02,8,5,5,30,4,1,1,5,4,5,13,3,1,5,5,5,2,15,2,49,2,9,5,5,7,20,8,20,10,16,,67,,1,21,,121.5817291,25.07711184
112,11,4,0,45,2,06松山區,松山區南京東路5段與塔悠路口,0,0,1,1,B01,8,5,5,50,5,2,1,5,4,5,13,4,4,1,4,5,2,12,1,54,3,10,7,1,7,7,1,4,1,6,,100,,1,21,,121.5704613,25.05149064
112,11,4,0,45,2,06松山區,松山區南京東路5段與塔悠路口,0,0,1,2,C03,8,5,5,50,5,2,1,5,4,5,13,4,4,1,4,5,2,12,1,45,2,7,5,1,7,9,1,10,1,14,,13,,1,21,,121.5704613,25.05149064
112,11,4,1,46,2,07信義區,信義區基隆路1段與松隆路口,0,0,2,1,B03,8,5,5,50,5,1,1,5,4,5,13,2,1,1,2,4,2,16,1,22,3,10,3,4,7,5,1,8,3,6,,83,,1,21,,121.5659245,25.0433696
112,11,4,1,46,2,07信義區,信義區基隆路1段與松隆路口,0,0,2,2,C03,8,5,5,50,5,1,1,5,4,5,13,2,1,1,2,4,2,16,1,24,2,9,6,1,7,9,1,10,1,11,,13,,1,21,,121.5659245,25.0433696
112,11,4,1,46,2,07信義區,信義區基隆路1段與松隆路口,0,0,2,3,H02,8,5,5,50,5,1,1,5,4,5,13,2,1,1,2,4,2,16,2,24,2,9,5,5,7,20,8,20,10,16,,67,,1,22,,121.5659245,25.0433696
112,11,4,5,38,2,03中山區,中山區建國北路2段與民權東路2段口,0,0,2,2,C03,8,5,5,0,4,18,1,5,4,5,13,2,1,3,4,5,2,3,2,24,2,9,3,4,7,9,1,10,2,11,,108,,1,21,,121.5363872,25.0622473
112,11,4,5,38,2,03中山區,中山區建國北路2段與民權東路2段口,0,0,2,1,H01,8,5,5,0,4,18,1,5,4,5,13,2,1,3,4,5,2,3,2,86,2,9,4,5,8,16,8,20,10,16,,122,,1,21,,121.5363872,25.0622473
112,11,4,6,55,2,08士林區,士林區菁山路119號與菁山路101巷口無名巷,0,0,1,1,F01,8,7,5,40,3,1,1,5,4,5,13,4,4,9,4,5,1,15,2,32,2,1,5,1,7,15,8,20,1,13,,74,,1,21,,121.5589981,25.1427282
112,11,4,6,55,2,08士林區,士林區菁山路119號與菁山路101巷口無名巷,0,0,1,2,B03,8,7,5,40,3,1,1,5,4,5,13,4,4,9,4,5,1,15,1,74,3,10,7,1,7,9,1,8,1,1,,44,,1,21,,121.5589981,25.1427282
112,11,4,7,49,2,12內湖區,內湖區內湖路1段737巷50弄31號,0,0,1,2,F01,8,6,5,50,14,9,1,5,4,5,13,4,4,9,5,5,2,17,2,72,2,9,2,4,7,15,8,20,2,17,,44,,1,21,,121.5785144,25.08056639
112,11,4,7,49,2,12內湖區,內湖區內湖路1段737巷50弄31號,0,0,1,1,B03,8,6,5,50,14,9,1,5,4,5,13,4,4,9,5,5,2,17,1,64,3,10,7,1,7,9,1,8,2,5,,108,,1,21,,121.5785144,25.08056639
112,11,4,8,22,2,05中正區,中正區汀州路3段261號,0,0,2,2,C03,8,6,5,50,14,9,1,5,4,5,13,4,4,5,2,5,2,17,1,38,2,9,5,1,7,9,1,10,2,12,,44,,1,21,,121.5351404,25.01281395
112,11,4,8,22,2,05中正區,中正區汀州路3段261號,0,0,2,3,H02,8,6,5,50,14,9,1,5,4,5,13,4,4,5,2,5,2,17,1,34,4,11,5,5,7,20,8,20,10,16,,67,,1,21,,121.5351404,25.01281395
112,11,4,8,22,2,05中正區,中正區汀州路3段261號,0,0,2,1,C03,8,6,5,50,14,9,1,5,4,5,13,4,4,5,2,5,2,17,1,50,2,9,6,1,7,5,1,10,2,14,,8,,1,21,,121.5351404,25.01281395
112,11,4,8,50,2,09北投區,北投區洲美街基隆河自行車道(河雙95燈桿),0,0,3,1,F01,8,6,7,0,22,23,1,5,4,5,13,4,4,9,4,5,1,12,2,39,2,9,4,1,7,11,8,20,1,11,,10,,1,21,,121.4987443,25.10251651
112,11,4,8,50,2,09北投區,北投區洲美街基隆河自行車道(河雙95燈桿),0,0,3,2,F01,8,6,7,0,22,23,1,5,4,5,13,4,4,9,4,5,1,12,2,30,2,9,4,1,7,9,8,20,1,11,,107,,1,21,,121.4987443,25.10251651
112,11,4,8,50,2,09北投區,北投區洲美街基隆河自行車道(河雙95燈桿),0,0,3,3,F01,8,6,7,0,22,23,1,5,4,5,13,4,4,9,4,5,1,12,1,32,2,9,4,1,7,9,8,20,1,11,,44,,1,21,,121.4987443,25.10251651
112,11,4,8,54,2,04大安區,大安區安和路2段與安和路2段227巷口,0,0,1,2,B03,8,6,5,0,3,1,1,5,4,5,13,3,1,1,4,5,2,16,1,30,3,10,3,4,7,9,1,2,1,1,,107,,1,21,,121.5501901,25.0253284
112,11,4,8,54,2,04大安區,大安區安和路2段與安和路2段227巷口,0,0,1,1,F01,8,6,5,0,3,1,1,5,4,5,13,3,1,1,4,5,2,16,2,33,2,9,3,4,7,5,8,20,1,14,,8,,1,21,,121.5501901,25.0253284
112,11,4,9,2,2,05中正區,中正區羅斯福路4段與基隆路4段口,0,0,1,1,C03,8,7,5,50,4,2,1,5,4,5,13,1,1,1,4,5,2,17,2,21,2,9,5,1,7,5,1,10,9,14,,96,,1,22,,121.5370203,25.0113242
112,11,4,9,2,2,05中正區,中正區羅斯福路4段與基隆路4段口,0,0,1,2,B03,8,7,5,50,4,2,1,5,4,5,13,1,1,1,4,5,2,17,2,47,3,10,7,1,7,9,1,8,9,5,,44,,1,22,,121.5370203,25.0113242