發生年度,發生月,發生日,發生時-Hours,發生分,處理別-編號,區序,肇事地點,死亡人數,2-30日死亡人數,受傷人數,當事人序號,車種,天候,光線,道路類別,速限-速度限制,道路型態,事故位置,路面狀況1,路面狀況2,路面狀況3,道路障礙1,道路障礙2,號誌1,號誌2,車道劃分-分向,車道劃分-分道1,車道劃分-分道2,車道劃分-分道3,事故類型及型態,性別,年齡,受傷程度,主要傷處,保護裝置,行動電話,車輛用途,當事者行動狀態,駕駛資格情形,駕駛執照種類,飲酒情形,車輛撞擊部位1,車輛撞擊部位2,肇因碼-個別,肇因碼-主要,個人肇逃否,職業,旅次目的,座標-X,座標-Y
112,11,4,9,10,2,05中正區,中正區鄭州路35號,0,0,1,1,C03,8,6,5,40,14,9,1,5,4,5,13,4,4,1,4,5,2,12,2,22,2,8,6,1,7,7,1,10,2,14,,100,,1,22,,121.5140044,25.04914899
112,11,4,9,10,2,05中正區,中正區鄭州路35號,0,0,1,2,B03,8,6,5,40,14,9,1,5,4,5,13,4,4,1,4,5,2,12,1,41,3,10,7,1,7,9,1,8,2,5,,44,,1,22,,121.5140044,25.04914899
112,11,4,9,33,2,06松山區,松山區松河街266號,0,0,2,1,B03,8,6,5,40,14,9,1,4,4,5,13,4,4,9,5,5,2,13,2,56,3,10,3,4,7,1,1,8,1,4,,19,,1,22,,121.5792746,25.05194127
112,11,4,9,33,2,06松山區,松山區松河街266號,0,0,2,2,C03,8,6,5,40,14,9,1,4,4,5,13,4,4,9,5,5,2,13,1,36,2,9,6,4,7,9,6,10,1,11,,16,,1,22,,121.5792746,25.05194127
112,11,4,9,33,2,06松山區,松山區松河街266號,0,0,2,3,C03,8,6,5,40,14,9,1,4,4,5,13,4,4,9,5,5,2,13,2,43,2,9,6,4,7,9,1,10,1,13,,13,,1,22,,121.5792746,25.05194127
112,11,4,9,35,2,09北投區,北投區中央北路4段與學園路口,0,0,2,2,C03,8,6,5,50,3,1,1,5,4,5,13,2,1,4,4,5,2,16,1,49,2,9,5,1,7,9,1,9,2,11,,13,,1,21,,121.46595,25.126681
112,11,4,9,35,2,09北投區,北投區中央北路4段與學園路口,0,0,2,1,C03,8,6,5,50,3,1,1,5,4,5,13,2,1,4,4,5,2,16,1,35,2,9,5,1,7,5,1,9,2,12,,74,,1,21,,121.46595,25.126681
112,11,4,9,37,2,04大安區,大安區羅斯福路2段103號,0,0,1,1,B03,8,6,5,50,14,9,1,5,4,5,12,4,4,1,4,5,1,13,1,34,3,10,7,1,7,7,1,8,1,6,,100,,1,22,,121.5244191,25.0246161
112,11,4,9,37,2,04大安區,大安區羅斯福路2段103號,0,0,1,2,C03,8,6,5,50,14,9,1,5,4,5,12,4,4,1,4,5,1,13,1,18,2,9,5,1,7,9,1,10,1,11,,44,,1,22,,121.5244191,25.0246161
112,11,4,9,45,2,07信義區,信義區松山路447號,0,0,1,1,B03,8,7,5,50,14,9,1,5,4,5,13,4,4,3,4,5,2,12,1,24,3,10,7,1,7,7,3,18,2,4,,101,,1,21,,121.5778686,25.0401364
112,11,4,9,45,2,07信義區,信義區松山路447號,0,0,1,2,C03,8,7,5,50,14,9,1,5,4,5,13,4,4,3,4,5,2,12,2,30,2,8,6,1,7,9,1,10,2,12,,44,,1,21,,121.5778686,25.0401364
112,11,4,9,50,2,03中山區,中山區吉林路356號,0,0,2,2,C03,8,7,5,40,14,8,1,5,4,5,13,4,4,9,4,4,2,16,2,60,2,8,6,1,7,9,1,10,1,12,,44,,1,21,,121.5302855,25.06383628
112,11,4,9,50,2,03中山區,中山區吉林路356號,0,0,2,1,F01,8,7,5,40,14,8,1,5,4,5,13,4,4,9,4,4,2,16,2,72,2,7,4,1,7,7,8,20,1,14,,100,,1,21,,121.5302855,25.06383628
112,11,4,9,51,2,08士林區,士林區雨聲街雨農國小後面53停車格,0,0,1,1,B03,8,6,5,30,14,9,1,5,4,5,13,4,4,5,5,5,2,14,1,51,3,10,7,1,7,2,1,8,1,7,,12,,1,21,,121.5307064,25.10464962
112,11,4,9,51,2,08士林區,士林區雨聲街雨農國小後面53停車格,0,0,1,2,C03,8,6,5,30,14,9,1,5,4,5,13,4,4,5,5,5,2,14,2,67,2,9,6,1,7,9,1,10,1,12,,107,,1,21,,121.5307064,25.10464962
112,11,4,10,11,2,09北投區,北投區北投路1段與大業路280巷口,0,0,2,1,C04,8,6,5,50,4,1,1,5,4,5,13,2,1,5,4,5,2,16,2,24,2,7,5,1,7,6,1,8,1,12,,71,,1,21,,121.5003813,25.1277403
112,11,4,10,11,2,09北投區,北投區北投路1段與大業路280巷口,0,0,2,2,C03,8,6,5,50,4,1,1,5,4,5,13,2,1,5,4,5,2,16,2,49,2,9,5,1,7,9,1,10,1,11,,44,,1,21,,121.5003813,25.1277403
112,11,4,10,21,2,08士林區,士林區承德路4段與中正路口,0,0,1,1,C02,8,7,5,50,4,2,1,5,4,5,13,4,4,1,4,4,1,17,1,52,3,10,5,1,7,6,1,9,1,13,,9,,1,21,,121.5167296,25.0909852
112,11,4,10,21,2,08士林區,士林區承德路4段與中正路口,0,0,1,2,C03,8,7,5,50,4,2,1,5,4,5,13,4,4,1,4,4,1,17,1,53,2,9,5,1,7,12,1,10,1,11,,44,,1,21,,121.5167296,25.0909852
112,11,4,10,22,2,12內湖區,內湖區江南街55號,0,0,1,1,B01,8,5,8,30,14,9,1,5,4,5,13,4,4,10,5,5,2,17,4,0,,,,,,,,,,,,119,,2,,,121.5781122,25.07768508
112,11,4,10,22,2,12內湖區,內湖區江南街55號,0,0,1,2,B01,8,5,8,30,14,9,1,5,4,5,13,4,4,10,5,5,2,17,1,53,2,8,7,1,7,14,1,8,11,17,,118,,1,21,,121.5781122,25.07768508
112,11,4,10,24,2,12內湖區,內湖區金龍隧道北向南,0,0,2,2,F01,8,5,5,50,6,9,1,5,4,5,13,4,4,10,2,5,2,12,1,47,2,9,6,1,7,9,8,20,1,13,,44,,1,21,,121.5876307,25.08606026
112,11,4,10,24,2,12內湖區,內湖區金龍隧道北向南,0,0,2,1,C03,8,5,5,50,6,9,1,5,4,5,13,4,4,10,2,5,2,12,1,18,2,9,5,1,7,9,1,10,1,11,,108,,1,21,,121.5876307,25.08606026
112,11,4,10,56,2,07信義區,信義區永吉路30巷150號,0,0,1,3,C03,8,5,8,30,14,9,1,5,4,5,13,4,4,9,5,5,2,13,2,40,3,10,5,1,7,11,1,10,1,17,,10,,1,22,,121.5687506,25.042569
112,11,4,10,56,2,07信義區,信義區永吉路30巷150號,0,0,1,2,C04,8,5,8,30,14,9,1,5,4,5,13,4,4,9,5,5,2,13,2,30,2,8,5,1,7,9,1,10,1,13,,44,,1,22,,121.5687506,25.042569
112,11,4,10,56,2,07信義區,信義區永吉路30巷150號,0,0,1,1,B12,8,5,8,30,14,9,1,5,4,5,13,4,4,9,5,5,2,13,1,28,3,10,7,1,7,9,1,8,1,1,,107,,1,22,,121.5687506,25.042569
112,11,4,11,10,2,08士林區,士林區格致路與凱旋路口,0,0,1,1,C03,8,6,5,40,3,1,1,5,4,5,13,4,4,4,5,5,1,16,1,21,2,8,6,1,7,5,1,10,2,12,,74,,1,25,,121.5463782,25.1369821
112,11,4,11,10,2,08士林區,士林區格致路與凱旋路口,0,0,1,2,C03,8,6,5,40,3,1,1,5,4,5,13,4,4,4,5,5,1,16,1,41,3,10,6,1,7,9,1,9,2,11,,13,,1,21,,121.5463782,25.1369821
112,11,4,11,12,2,06松山區,松山區塔悠路195-3號,0,0,1,1,B03,8,5,5,50,14,8,1,5,4,5,13,4,4,1,4,4,2,16,1,29,3,10,7,1,7,6,1,8,1,2,,9,,1,22,,121.5694233,25.057514
112,11,4,11,12,2,06松山區,松山區塔悠路195-3號,0,0,1,2,C03,8,5,5,50,14,8,1,5,4,5,13,4,4,1,4,4,2,16,2,26,2,9,5,1,7,9,1,10,1,14,,14,,1,22,,121.5694233,25.057514
112,11,4,11,30,2,04大安區,大安區忠孝東路3段251巷13弄與安東街口,0,0,1,2,B03,8,6,5,30,4,1,1,5,4,5,13,4,4,10,5,5,2,15,1,38,3,10,3,4,7,9,1,8,1,1,,108,,1,21,,121.5422234,25.0438515
112,11,4,11,30,2,04大安區,大安區忠孝東路3段251巷13弄與安東街口,0,0,1,1,C03,8,6,5,30,4,1,1,5,4,5,13,4,4,10,5,5,2,15,1,36,2,9,5,1,7,9,1,10,1,12,,72,,1,21,,121.5422234,25.0438515
112,11,4,11,43,2,03中山區,中山區南京東路3段30號,0,0,1,2,B03,8,6,5,40,14,9,1,5,4,5,13,4,4,1,4,4,2,16,2,55,3,10,3,4,7,15,1,4,1,17,,16,,1,21,,121.5376693,25.0519141
112,11,4,11,43,2,03中山區,中山區南京東路3段30號,0,0,1,3,C03,8,6,5,40,14,9,1,5,4,5,13,4,4,1,4,4,2,16,1,46,2,9,3,4,7,9,1,10,1,13,,44,,1,21,,121.5376693,25.0519141
112,11,4,11,43,2,03中山區,中山區南京東路3段30號,0,0,1,4,B03,8,6,5,40,14,9,1,5,4,5,13,4,4,1,4,4,2,16,2,28,3,10,3,4,7,10,1,8,1,17,,100,,1,21,,121.5376693,25.0519141
112,11,4,11,43,2,03中山區,中山區南京東路3段30號,0,0,1,1,B03,8,6,5,40,14,9,1,5,4,5,13,4,4,1,4,4,2,16,1,33,3,10,7,4,7,10,1,8,1,17,,100,,1,21,,121.5376693,25.0519141
112,11,4,11,55,2,12內湖區,內湖區成功路2段與安康路口,0,0,2,2,B03,8,6,5,50,3,1,1,5,4,5,13,4,4,3,4,5,2,17,1,36,3,10,7,1,7,9,1,8,1,6,,14,,1,21,,121.5910375,25.06200233
112,11,4,11,55,2,12內湖區,內湖區成功路2段與安康路口,0,0,2,1,C03,8,6,5,50,3,1,1,5,4,5,13,4,4,3,4,5,2,17,1,23,2,9,6,1,7,5,1,10,1,11,,72,,1,21,,121.5910375,25.06200233
112,11,4,11,55,2,12內湖區,內湖區成功路2段與安康路口,0,0,2,3,H02,8,6,5,50,3,1,1,5,4,5,13,4,4,3,4,5,2,17,2,23,2,9,5,5,7,21,8,20,10,16,,67,,1,21,,121.5910375,25.06200233
112,11,4,12,0,2,10文山區,文山區興隆路3段與萬芳路口,0,0,1,1,C03,8,6,5,50,4,2,1,5,4,5,13,2,1,1,2,5,2,12,2,74,3,10,6,1,7,15,1,10,1,12,,100,,1,21,,121.559798,24.9969696
112,11,4,12,0,2,10文山區,文山區興隆路3段與萬芳路口,0,0,1,2,C03,8,6,5,50,4,2,1,5,4,5,13,2,1,1,2,5,2,12,1,75,2,8,6,1,7,9,1,10,1,14,,44,,1,21,,121.559798,24.9969696
112,11,4,12,0,2,11南港區,南港區忠孝東路7段與忠孝東路7段口西往東路邊停車格(273)前,0,0,2,1,C03,8,7,5,30,14,9,1,5,4,5,13,4,4,5,4,5,2,28,1,43,2,9,5,1,7,9,1,10,1,11,,108,,1,21,,121.5989068,25.0511141
112,11,4,12,0,2,11南港區,南港區忠孝東路7段與忠孝東路7段口西往東路邊停車格(273)前,0,0,2,2,,8,7,5,30,14,9,1,5,4,5,13,4,4,5,4,5,2,28,3,47,,,,,,,,,,,,67,,1,,,121.5989068,25.0511141
112,11,4,12,0,2,11南港區,南港區忠孝東路7段與忠孝東路7段口西往東路邊停車格(273)前,0,0,2,3,H02,8,7,5,30,14,9,1,5,4,5,13,4,4,5,4,5,2,28,2,43,2,9,5,5,7,17,8,20,10,17,,67,,1,21,,121.5989068,25.0511141
112,11,4,12,31,2,02萬華區,萬華區中華路2段424號,0,0,1,1,B03,8,6,5,50,14,8,1,5,4,5,13,4,4,9,4,4,1,17,1,62,3,10,3,4,7,8,1,8,1,2,,100,,1,22,,121.5065744,25.02732221
112,11,4,12,31,2,02萬華區,萬華區中華路2段424號,0,0,1,2,C03,8,6,5,50,14,8,1,5,4,5,13,4,4,9,4,4,1,17,1,26,2,8,3,4,7,9,1,10,1,14,,13,,1,22,,121.5065744,25.02732221
112,11,4,12,55,2,07信義區,信義區基隆路1段與東興路口,0,0,1,1,C03,8,7,5,50,4,2,1,5,4,5,13,2,1,5,5,5,2,18,2,21,2,9,5,1,7,15,1,10,1,12,,108,,1,21,,121.5669724,25.0459157
112,11,4,12,55,2,07信義區,信義區基隆路1段與東興路口,0,0,1,2,,8,7,5,50,4,2,1,5,4,5,13,2,1,5,5,5,2,18,3,0,,,,,,,,,,,,67,,1,,,121.5669724,25.0459157
112,11,4,13,24,2,06松山區,松山區長安東路2段270號,0,0,1,1,B03,8,5,5,50,14,9,1,5,4,5,13,4,4,9,4,5,2,16,1,32,3,10,7,1,7,11,1,8,1,8,,10,,1,22,,121.544584,25.0482221
112,11,4,13,24,2,06松山區,松山區長安東路2段270號,0,0,1,2,C03,8,5,5,50,14,9,1,5,4,5,13,4,4,9,4,5,2,16,1,19,2,9,5,1,7,9,1,10,1,11,,44,,1,22,,121.544584,25.0482221
112,11,4,13,26,2,04大安區,大安區羅斯福路4段與新生南路3段口口,0,0,1,1,B01,8,6,5,50,14,9,1,5,4,5,13,4,4,1,3,1,1,17,1,65,3,10,7,1,7,9,1,4,1,17,,108,,1,21,,121.5329833,25.01614671
112,11,4,13,26,2,04大安區,大安區羅斯福路4段與新生南路3段口口,0,0,1,2,C03,8,6,5,50,14,9,1,5,4,5,13,4,4,1,3,1,1,17,1,45,2,8,6,1,7,14,1,10,1,17,,44,,1,21,,121.5329833,25.01614671
112,11,4,13,45,2,03中山區,中山區民族東路與雙城街口,0,0,1,2,B03,8,6,5,50,3,2,1,5,4,5,13,2,1,1,4,5,2,16,1,35,3,10,3,4,7,9,1,8,1,4,,44,,1,21,,121.52488,25.0684656
112,11,4,13,45,2,03中山區,中山區民族東路與雙城街口,0,0,1,3,B03,8,6,5,50,3,2,1,5,4,5,13,2,1,1,4,5,2,16,1,52,3,10,3,4,7,9,1,8,1,5,,44,,1,21,,121.52488,25.0684656
112,11,4,13,45,2,03中山區,中山區民族東路與雙城街口,0,0,1,1,C03,8,6,5,50,3,2,1,5,4,5,13,2,1,1,4,5,2,16,2,40,2,9,6,4,7,9,1,10,1,12,,108,,1,21,,121.52488,25.0684656
112,11,4,13,45,2,05中正區,中正區重慶南路2段與愛國西路附近口,0,0,1,2,C03,8,6,5,50,4,2,1,5,4,5,13,4,4,1,4,5,1,17,1,38,3,10,6,1,7,9,1,10,2,13,,44,,1,21,,121.512755,25.03472778
112,11,4,13,45,2,05中正區,中正區重慶南路2段與愛國西路附近口,0,0,1,3,C03,8,6,5,50,4,2,1,5,4,5,13,4,4,1,4,5,1,17,2,29,2,7,6,1,7,9,1,10,2,11,,108,,1,21,,121.512755,25.03472778
112,11,4,13,45,2,05中正區,中正區重慶南路2段與愛國西路附近口,0,0,1,1,B12,8,6,5,50,4,2,1,5,4,5,13,4,4,1,4,5,1,17,1,52,3,10,7,1,7,8,1,8,2,17,,100,,1,21,,121.512755,25.03472778
112,11,4,13,57,2,10文山區,文山區忠順街1段26巷與木新路3段232巷6弄口,0,0,1,2,F03,8,6,5,30,4,1,1,5,4,5,13,4,4,5,4,5,2,15,2,64,2,8,5,1,7,9,8,20,1,14,,44,,1,21,,121.5597803,24.98203087
112,11,4,13,57,2,10文山區,文山區忠順街1段26巷與木新路3段232巷6弄口,0,0,1,1,B01,8,6,5,30,4,1,1,5,4,5,13,4,4,5,4,5,2,15,1,57,3,10,7,1,7,9,1,4,1,5,,75,,1,21,,121.5597803,24.98203087
112,11,4,14,8,2,02萬華區,萬華區西寧南路72-1號,0,0,1,2,B01,8,7,5,50,14,9,1,5,4,5,13,4,4,10,4,5,2,17,1,67,3,10,7,1,7,1,1,4,1,5,,108,,1,21,,121.5062389,25.045191
112,11,4,14,8,2,02萬華區,萬華區西寧南路72-1號,0,0,1,1,C03,8,7,5,50,14,9,1,5,4,5,13,4,4,10,4,5,2,17,1,24,2,9,5,1,7,2,1,10,1,13,,44,,1,21,,121.5062389,25.045191
112,11,4,14,8,2,05中正區,中正區水源路與泉州街口,0,0,1,1,B03,8,7,5,50,4,2,1,5,4,5,13,1,1,1,4,5,2,17,2,18,3,10,7,1,7,6,1,8,1,2,,9,,1,22,,121.5125822,25.0242098
112,11,4,14,8,2,05中正區,中正區水源路與泉州街口,0,0,1,2,C04,8,7,5,50,4,2,1,5,4,5,13,1,1,1,4,5,2,17,1,80,2,9,5,1,7,9,1,10,1,14,,44,,1,22,,121.5125822,25.0242098
112,11,4,14,13,2,01大同區,大同區民權西路與蘭州街口,0,0,2,1,C03,8,5,5,50,4,2,1,5,4,5,13,2,1,1,4,5,2,17,1,58,3,10,3,4,7,5,1,10,1,14,,101,,1,21,,121.5152038,25.062971
112,11,4,14,13,2,01大同區,大同區民權西路與蘭州街口,0,0,2,3,H02,8,5,5,50,4,2,1,5,4,5,13,2,1,1,4,5,2,17,2,54,2,9,3,5,7,20,8,20,10,16,,67,,1,21,,121.5152038,25.062971
112,11,4,14,13,2,01大同區,大同區民權西路與蘭州街口,0,0,2,2,C03,8,5,5,50,4,2,1,5,4,5,13,2,1,1,4,5,2,17,2,34,2,9,3,4,7,9,1,10,1,12,,108,,1,21,,121.5152038,25.062971
112,11,4,14,15,2,04大安區,大安區忠孝東路4段223巷與忠孝東路4段223巷20弄口,0,0,2,1,C03,8,6,5,30,4,1,1,5,4,5,13,4,4,5,5,5,2,15,1,19,2,8,6,4,7,9,1,10,1,11,,72,,1,22,,121.5535368,25.0425886
112,11,4,14,15,2,04大安區,大安區忠孝東路4段223巷與忠孝東路4段223巷20弄口,0,0,2,3,H02,8,6,5,30,4,1,1,5,4,5,13,4,4,5,5,5,2,15,2,24,2,8,6,5,7,17,8,20,10,16,,67,,1,22,,121.5535368,25.0425886
112,11,4,14,15,2,04大安區,大安區忠孝東路4段223巷與忠孝東路4段223巷20弄口,0,0,2,2,B03,8,6,5,30,4,1,1,5,4,5,13,4,4,5,5,5,2,15,1,20,3,10,3,4,7,9,1,8,1,8,,44,,1,22,,121.5535368,25.0425886
112,11,4,14,20,2,09北投區,北投區承德路7段與大度路1段口南往西,0,0,1,2,C03,8,5,5,60,5,2,1,5,4,5,13,1,1,9,4,5,1,16,2,55,2,7,6,1,7,5,1,10,2,12,,44,,1,21,,121.4995348,25.1212855
112,11,4,14,20,2,09北投區,北投區承德路7段與大度路1段口南往西,0,0,1,1,B03,8,5,5,60,5,2,1,5,4,5,13,1,1,9,4,5,1,16,1,54,3,10,7,1,7,15,1,8,2,8,,103,,1,21,,121.4995348,25.1212855
112,11,4,14,21,2,05中正區,中正區中山南路與凱達格蘭大道口,0,0,1,2,C03,8,6,5,50,5,1,1,5,4,5,13,1,1,10,2,5,2,16,1,23,3,10,6,4,7,14,1,10,1,13,,44,,1,22,,121.5173312,25.0387786
112,11,4,14,21,2,05中正區,中正區中山南路與凱達格蘭大道口,0,0,1,1,C03,8,6,5,50,5,1,1,5,4,5,13,1,1,10,2,5,2,16,1,21,2,8,6,4,7,5,1,10,11,15,,107,,1,25,,121.5173312,25.0387786
112,11,4,14,26,2,01大同區,大同區承德路2段與平陽街口,0,0,1,2,C03,8,5,5,50,4,2,1,5,4,5,13,2,1,1,4,5,2,16,1,21,2,9,3,4,7,9,1,10,2,14,,13,,1,21,,121.5181006,25.0547802
112,11,4,14,26,2,01大同區,大同區承德路2段與平陽街口,0,0,1,1,B03,8,5,5,50,4,2,1,5,4,5,13,2,1,1,4,5,2,16,2,47,3,10,3,4,7,5,1,8,2,2,,74,,1,21,,121.5181006,25.0547802
112,11,4,14,40,2,07信義區,信義區基隆路1段往環東大道引道,0,0,1,1,B01,8,5,5,50,14,9,1,5,4,5,13,4,4,10,4,5,2,13,1,67,3,10,7,1,7,9,1,4,1,1,,16,,1,21,,121.5662548,25.04411807
112,11,4,14,40,2,07信義區,信義區基隆路1段往環東大道引道,0,0,1,3,H02,8,5,5,50,14,9,1,5,4,5,13,4,4,10,4,5,2,13,1,45,2,1,3,5,7,21,8,20,10,17,,67,,1,21,,121.5662548,25.04411807
112,11,4,14,40,2,07信義區,信義區基隆路1段往環東大道引道,0,0,1,2,B03,8,5,5,50,14,9,1,5,4,5,13,4,4,10,4,5,2,13,1,30,3,10,7,1,7,12,1,8,1,3,,44,,1,21,,121.5662548,25.04411807
112,11,4,14,41,2,05中正區,中正區汀州路2段與重慶南路3段83巷口,0,0,2,3,B12,8,6,5,50,3,2,1,5,4,5,10,4,4,9,5,5,2,16,3,0,,,,,,,,,,,,38,,1,,,121.5165324,25.0256309
112,11,4,14,41,2,05中正區,中正區汀州路2段與重慶南路3段83巷口,0,0,2,1,C03,8,6,5,50,3,2,1,5,4,5,10,4,4,9,5,5,2,16,1,34,2,9,5,1,7,6,1,10,1,12,,42,,1,22,,121.5165324,25.0256309
112,11,4,14,41,2,05中正區,中正區汀州路2段與重慶南路3段83巷口,0,0,2,2,C03,8,6,5,50,3,2,1,5,4,5,10,4,4,9,5,5,2,16,2,45,2,9,5,4,7,9,6,18,1,11,,5,,1,22,,121.5165324,25.0256309
112,11,4,14,50,2,12內湖區,內湖區洲子街85號,0,0,1,1,B01,8,6,5,50,4,18,1,5,4,5,13,2,1,5,5,5,2,3,1,67,3,10,7,1,7,5,1,4,2,1,,42,,1,21,,121.5703361,25.0804575
112,11,4,14,50,2,12內湖區,內湖區洲子街85號,0,0,1,2,H01,8,6,5,50,4,18,1,5,4,5,13,2,1,5,5,5,2,3,2,42,2,9,4,5,8,16,8,20,10,16,,67,,1,21,,121.5703361,25.0804575
112,11,4,15,0,2,08士林區,士林區德行東路與忠誠路2段口,0,0,2,3,H02,8,6,5,50,4,2,1,5,4,5,13,2,1,1,4,5,1,15,2,44,2,5,5,5,7,20,8,20,10,16,,67,,1,21,,121.5301613,25.108361
112,11,4,15,0,2,08士林區,士林區德行東路與忠誠路2段口,0,0,2,1,B03,8,6,5,50,4,2,1,5,4,5,13,2,1,1,4,5,1,15,2,59,3,10,7,1,7,9,1,8,1,5,,42,,1,21,,121.5301613,25.108361
112,11,4,15,0,2,08士林區,士林區德行東路與忠誠路2段口,0,0,2,2,C03,8,6,5,50,4,2,1,5,4,5,13,2,1,1,4,5,1,15,2,34,2,8,5,1,7,9,1,10,1,11,,44,,1,21,,121.5301613,25.108361
112,11,4,15,24,2,12內湖區,內湖區瑞湖街與舊宗路2段121巷口,0,0,1,1,B03,8,7,5,50,4,1,1,5,4,5,13,1,1,5,5,5,2,16,1,41,3,10,7,1,7,5,1,8,1,8,,8,,1,21,,121.5764451,25.0689879
112,11,4,15,24,2,12內湖區,內湖區瑞湖街與舊宗路2段121巷口,0,0,1,2,C03,8,7,5,50,4,1,1,5,4,5,13,1,1,5,5,5,2,16,2,34,2,9,5,1,7,9,1,10,1,11,,44,,1,21,,121.5764451,25.0689879
112,11,4,15,27,2,09北投區,北投區竹子湖路與竹子湖路口小油坑入口,0,0,1,1,C03,8,6,5,40,3,1,1,5,4,5,13,4,4,5,4,5,2,16,1,46,2,9,5,1,7,9,1,10,2,14,,44,,1,21,,121.5478314,25.18048543
112,11,4,15,27,2,09北投區,北投區竹子湖路與竹子湖路口小油坑入口,0,0,1,2,B03,8,6,5,40,3,1,1,5,4,5,13,4,4,5,4,5,2,16,1,56,3,10,7,1,7,6,1,8,2,2,,9,,1,21,,121.5478314,25.18048543
112,11,4,15,55,2,12內湖區,內湖區康寧路3段30號,0,0,1,2,B03,8,7,5,50,14,9,1,5,4,5,13,4,4,1,4,5,2,12,1,49,3,10,7,1,7,9,1,8,2,2,,44,,1,21,,121.6084943,25.07208779
112,11,4,15,55,2,12內湖區,內湖區康寧路3段30號,0,0,1,1,C03,8,7,5,50,14,9,1,5,4,5,13,4,4,1,4,5,2,12,1,74,2,9,5,1,7,7,1,10,2,14,,100,,1,21,,121.6084943,25.07208779
112,11,4,17,34,2,08士林區,士林區基河路30號,0,0,2,3,H02,8,5,5,50,14,9,1,5,4,5,13,4,4,10,4,5,2,16,2,64,2,7,3,5,7,20,8,20,10,16,,67,,1,22,,121.5244239,25.0837107
112,11,4,17,34,2,08士林區,士林區基河路30號,0,0,2,2,C03,8,5,5,50,14,9,1,5,4,5,13,4,4,10,4,5,2,16,1,66,2,8,3,4,7,4,1,10,1,14,,107,,1,22,,121.5244239,25.0837107
112,11,4,17,34,2,08士林區,士林區基河路30號,0,0,2,1,B03,8,5,5,50,14,9,1,5,4,5,13,4,4,10,4,5,2,16,1,63,3,10,3,4,7,6,1,8,1,5,,9,,1,22,,121.5244239,25.0837107
112,11,4,17,53,2,10文山區,文山區萬芳路與興隆路3段口,0,0,1,1,B02,8,5,5,50,4,1,1,5,4,5,13,2,1,5,2,5,2,17,1,18,3,10,7,1,7,5,3,18,2,8,,8,,1,21,,121.5600698,24.9968163
112,11,4,17,53,2,10文山區,文山區萬芳路與興隆路3段口,0,0,1,2,C03,8,5,5,50,4,1,1,5,4,5,13,2,1,5,2,5,2,17,2,55,2,9,6,1,7,5,1,10,2,12,,44,,1,21,,121.5600698,24.9968163
112,11,4,18,0,2,07信義區,信義區莊敬路168號,0,0,4,1,B01,8,5,5,50,14,8,1,5,4,5,13,1,1,9,5,4,1,12,1,44,3,10,7,1,7,8,1,4,1,2,,100,,1,21,,121.5612417,25.0314598
112,11,4,18,0,2,07信義區,信義區莊敬路168號,0,0,4,4,H02,8,5,5,50,14,8,1,5,4,5,13,1,1,9,5,4,1,12,2,52,2,5,3,5,7,21,8,20,10,17,,67,,1,21,,121.5612417,25.0314598
112,11,4,18,0,2,07信義區,信義區莊敬路168號,0,0,4,3,H02,8,5,5,50,14,8,1,5,4,5,13,1,1,9,5,4,1,12,2,46,2,1,3,5,7,21,8,20,10,17,,67,,1,21,,121.5612417,25.0314598
112,11,4,18,0,2,07信義區,信義區莊敬路168號,0,0,4,2,A02,8,5,5,50,14,8,1,5,4,5,13,1,1,9,5,4,1,12,1,44,3,10,7,1,7,1,1,2,1,4,,19,,1,21,,121.5612417,25.0314598
112,11,4,18,0,2,07信義區,信義區莊敬路168號,0,0,4,6,H02,8,5,5,50,14,8,1,5,4,5,13,1,1,9,5,4,1,12,2,30,2,6,3,5,7,21,8,20,10,17,,67,,1,21,,121.5612417,25.0314598
112,11,4,18,0,2,07信義區,信義區莊敬路168號,0,0,4,5,H02,8,5,5,50,14,8,1,5,4,5,13,1,1,9,5,4,1,12,2,74,2,3,3,5,7,21,8,20,10,17,,67,,1,21,,121.5612417,25.0314598
112,11,4,18,6,2,03中山區,中山區復興北路與長安東路2段口,0,0,2,1,C03,8,5,5,50,4,2,1,5,4,5,13,2,1,1,4,5,2,12,2,28,2,9,6,1,7,7,1,10,1,14,,101,,1,21,,121.5438715,25.04834891
112,11,4,18,6,2,03中山區,中山區復興北路與長安東路2段口,0,0,2,2,C03,8,5,5,50,4,2,1,5,4,5,13,2,1,1,4,5,2,12,1,33,2,9,6,1,7,9,1,10,1,12,,44,,1,21,,121.5438715,25.04834891
112,11,4,18,15,2,11南港區,南港區興華路與南港路1段口,0,0,2,4,,7,5,5,50,4,1,1,5,4,5,13,2,1,5,4,5,2,16,3,38,,,,,,,,,,,,67,,1,,,121.6061993,25.054317
112,11,4,18,15,2,11南港區,南港區興華路與南港路1段口,0,0,2,1,B03,7,5,5,50,4,1,1,5,4,5,13,2,1,5,4,5,2,16,1,56,3,10,7,1,7,6,1,8,1,2,,9,,1,22,,121.6061993,25.054317
112,11,4,18,15,2,11南港區,南港區興華路與南港路1段口,0,0,2,2,C03,7,5,5,50,4,1,1,5,4,5,13,2,1,5,4,5,2,16,1,18,2,9,5,1,7,9,1,10,1,14,,44,,1,22,,121.6061993,25.054317