發生年度,發生月,發生日,發生時-Hours,發生分,處理別-編號,區序,肇事地點,死亡人數,2-30日死亡人數,受傷人數,當事人序號,車種,天候,光線,道路類別,速限-速度限制,道路型態,事故位置,路面狀況1,路面狀況2,路面狀況3,道路障礙1,道路障礙2,號誌1,號誌2,車道劃分-分向,車道劃分-分道1,車道劃分-分道2,車道劃分-分道3,事故類型及型態,性別,年齡,受傷程度,主要傷處,保護裝置,行動電話,車輛用途,當事者行動狀態,駕駛資格情形,駕駛執照種類,飲酒情形,車輛撞擊部位1,車輛撞擊部位2,肇因碼-個別,肇因碼-主要,個人肇逃否,職業,旅次目的,座標-X,座標-Y
112,11,6,18,51,2,10文山區,文山區景中街1號,0,0,1,2,C03,8,5,5,50,14,9,1,5,4,5,13,2,1,5,5,5,2,13,2,29,2,8,6,1,7,15,1,10,1,13,,44,,1,21,,121.5413362,24.9930904
112,11,6,19,34,2,09北投區,北投區學園路No.1207025燈桿,0,0,3,1,C03,8,5,5,40,14,9,1,5,4,5,13,4,4,5,5,5,1,17,2,20,2,9,6,1,7,1,1,10,1,14,,19,,1,25,,121.4663559,25.13212124
112,11,6,19,34,2,09北投區,北投區學園路No.1207025燈桿,0,0,3,2,C03,8,5,5,40,14,9,1,5,4,5,13,4,4,5,5,5,1,17,1,20,2,9,6,1,7,9,1,10,1,11,,108,,1,25,,121.4663559,25.13212124
112,11,6,19,34,2,09北投區,北投區學園路No.1207025燈桿,0,0,3,3,H02,8,5,5,40,14,9,1,5,4,5,13,4,4,5,5,5,1,17,2,20,2,9,6,5,7,20,8,20,10,16,,67,,1,25,,121.4663559,25.13212124
112,11,6,19,46,2,03中山區,中山區復興北路430巷與復興北路口,0,0,1,2,C03,8,5,5,50,14,9,1,5,4,5,13,1,1,1,4,5,2,16,1,24,2,9,3,4,7,9,1,10,2,14,,44,,1,21,,121.5440654,25.0634243
112,11,6,19,46,2,03中山區,中山區復興北路430巷與復興北路口,0,0,1,1,B01,8,5,5,50,14,9,1,5,4,5,13,1,1,1,4,5,2,16,1,51,3,10,3,4,7,6,1,4,2,2,,9,,1,21,,121.5440654,25.0634243
112,11,6,19,55,2,10文山區,文山區木柵路2段16號,0,0,1,1,B03,8,5,5,50,14,9,1,5,4,5,13,4,4,5,4,5,2,8,1,23,3,10,7,4,7,9,1,8,1,2,,108,,1,21,,121.5584977,24.98871827
112,11,6,19,55,2,10文山區,文山區木柵路2段16號,0,0,1,2,H01,8,5,5,50,14,9,1,5,4,5,13,4,4,5,4,5,2,8,1,43,2,7,4,5,8,17,8,20,1,16,,60,,1,21,,121.5584977,24.98871827
112,11,6,20,0,2,03中山區,中山區龍江路與龍江路223巷口,0,0,1,2,C03,7,5,5,30,4,1,1,5,4,5,13,4,4,10,5,5,2,15,2,49,2,3,6,1,7,9,1,10,1,11,,13,,1,21,,121.5405941,25.056891
112,11,6,20,0,2,03中山區,中山區龍江路與龍江路223巷口,0,0,1,1,C03,7,5,5,30,4,1,1,5,4,5,13,4,4,10,5,5,2,15,1,50,3,10,6,1,7,9,1,10,1,11,,72,,1,21,,121.5405941,25.056891
112,11,6,20,44,2,07信義區,信義區嘉興街181巷與嘉興街口,0,0,1,1,C03,6,5,5,50,3,1,1,4,4,5,13,3,1,5,5,5,2,17,2,64,2,9,3,4,7,9,3,18,2,11,,72,,1,21,,121.5565053,25.0263834
112,11,6,20,44,2,07信義區,信義區嘉興街181巷與嘉興街口,0,0,1,2,B03,6,5,5,50,3,1,1,4,4,5,13,3,1,5,5,5,2,17,2,40,3,10,3,4,7,5,1,8,2,8,,8,,1,21,,121.5565053,25.0263834
112,11,6,22,0,2,08士林區,士林區至善路2段123號,0,0,1,1,B03,7,5,5,50,14,8,1,5,4,5,13,4,4,1,3,1,1,17,1,36,3,10,3,4,7,13,1,8,2,4,,44,,1,21,,121.5471763,25.09859882
112,11,6,22,0,2,08士林區,士林區至善路2段123號,0,0,1,2,F01,7,5,5,50,14,8,1,5,4,5,13,4,4,1,3,1,1,17,1,50,2,9,3,4,7,9,8,20,2,11,,44,,1,21,,121.5471763,25.09859882
112,11,6,22,11,2,05中正區,中正區台北車站西側門西側聯絡道,0,0,1,1,B01,7,5,5,30,11,9,1,5,4,5,13,4,4,10,2,5,1,16,1,51,3,10,7,1,7,5,1,4,2,8,,44,,1,21,,121.5154166,25.0485629
112,11,6,22,11,2,05中正區,中正區台北車站西側門西側聯絡道,0,0,1,2,C03,7,5,5,30,11,9,1,5,4,5,13,4,4,10,2,5,1,16,1,25,2,7,6,1,7,1,1,10,2,12,,19,,1,22,,121.5154166,25.0485629
112,11,6,22,14,2,07信義區,信義區莊敬路322號,0,0,1,1,C03,8,5,5,50,14,9,1,5,4,5,13,1,1,5,4,5,2,12,2,31,2,8,6,1,7,8,1,10,1,12,,100,,1,21,,121.5633164,25.0279033
112,11,6,22,14,2,07信義區,信義區莊敬路322號,0,0,1,2,B03,8,5,5,50,14,9,1,5,4,5,13,1,1,5,4,5,2,12,1,39,3,10,7,1,7,1,1,8,1,8,,19,,1,21,,121.5633164,25.0279033
112,11,6,22,28,2,09北投區,北投區致遠一路1段與自強街口,0,0,3,1,C03,7,5,5,50,4,2,1,5,4,5,13,2,1,5,4,5,2,16,1,55,2,9,3,4,7,5,1,10,1,14,,8,,1,21,,121.5147316,25.1106312
112,11,6,22,28,2,09北投區,北投區致遠一路1段與自強街口,0,0,3,2,C03,7,5,5,50,4,2,1,5,4,5,13,2,1,5,4,5,2,16,1,26,2,7,3,4,7,9,1,10,1,12,,44,,1,21,,121.5147316,25.1106312
112,11,6,22,28,2,09北投區,北投區致遠一路1段與自強街口,0,0,3,3,H02,7,5,5,50,4,2,1,5,4,5,13,2,1,5,4,5,2,16,1,20,2,8,3,5,7,20,8,20,10,16,,67,,1,21,,121.5147316,25.1106312
112,11,6,22,45,2,06松山區,松山區民權大橋東往西橋中段,0,0,4,4,C03,7,5,8,30,8,11,1,5,4,5,13,4,4,2,4,5,2,13,2,37,2,9,5,1,7,9,1,10,1,11,,107,,1,21,,121.5691543,25.06396783
112,11,6,22,45,2,06松山區,松山區民權大橋東往西橋中段,0,0,4,2,C03,7,5,8,30,8,11,1,5,4,5,13,4,4,2,4,5,2,13,1,39,2,9,5,1,7,9,1,10,1,11,,13,,1,21,,121.5691543,25.06396783
112,11,6,22,45,2,06松山區,松山區民權大橋東往西橋中段,0,0,4,5,C03,7,5,8,30,8,11,1,5,4,5,13,4,4,2,4,5,2,13,1,19,3,10,5,1,7,9,1,10,1,11,,107,,1,21,,121.5691543,25.06396783
112,11,6,22,45,2,06松山區,松山區民權大橋東往西橋中段,0,0,4,6,C03,7,5,8,30,8,11,1,5,4,5,13,4,4,2,4,5,2,13,1,35,2,9,5,1,7,15,1,10,1,17,,44,,1,21,,121.5691543,25.06396783
112,11,6,22,45,2,06松山區,松山區民權大橋東往西橋中段,0,0,4,1,C03,7,5,8,30,8,11,1,5,4,5,13,4,4,2,4,5,2,13,1,24,2,9,5,1,7,9,1,10,1,11,,16,,1,21,,121.5691543,25.06396783
112,11,6,22,45,2,06松山區,松山區民權大橋東往西橋中段,0,0,4,3,C03,7,5,8,30,8,11,1,5,4,5,13,4,4,2,4,5,2,13,1,58,3,10,5,1,7,15,1,10,1,13,,30,,1,21,,121.5691543,25.06396783
112,11,6,23,13,2,03中山區,中山區中山北路3段181號,0,0,2,1,C03,8,5,5,50,8,9,1,5,4,5,13,4,4,1,4,5,2,13,1,20,2,9,3,4,7,9,1,10,1,11,,16,,1,21,,121.5244558,25.0741456
112,11,6,23,13,2,03中山區,中山區中山北路3段181號,0,0,2,3,H02,8,5,5,50,8,9,1,5,4,5,13,4,4,1,4,5,2,13,2,21,2,9,3,5,7,20,8,20,10,16,,67,,1,21,,121.5244558,25.0741456
112,11,6,23,13,2,03中山區,中山區中山北路3段181號,0,0,2,2,C03,8,5,5,50,8,9,1,5,4,5,13,4,4,1,4,5,2,13,1,51,3,10,3,4,7,9,1,10,1,13,,44,,1,21,,121.5244558,25.0741456
112,11,7,0,20,2,04大安區,大安區忠孝東路4段120號,0,0,1,2,,8,5,8,0,22,20,4,5,4,5,13,4,4,10,5,5,2,18,3,0,,,,,,,,,,,,67,,1,,,121.5473906,25.041372
112,11,7,0,20,2,04大安區,大安區忠孝東路4段120號,0,0,1,1,F01,8,5,8,0,22,20,4,5,4,5,13,4,4,10,5,5,2,18,1,39,2,1,4,4,7,9,8,20,9,15,,107,,1,21,,121.5473906,25.041372
112,11,7,5,1,2,07信義區,信義區信義路5段與基隆路1段口口,0,0,1,1,C03,9,5,5,50,4,1,1,5,4,5,13,2,1,1,4,5,2,13,2,22,2,8,5,1,7,9,1,10,1,11,,16,,1,21,,121.5598685,25.0330636
112,11,7,5,1,2,07信義區,信義區信義路5段與基隆路1段口口,0,0,1,2,C03,9,5,5,50,4,1,1,5,4,5,13,2,1,1,4,5,2,13,2,71,3,10,5,1,7,12,1,10,1,13,,44,,1,21,,121.5598685,25.0330636
112,11,7,5,59,2,02萬華區,萬華區西園路2段320巷55弄與寶興街口,0,0,1,2,H01,7,5,5,30,5,2,1,5,4,5,13,2,1,10,5,5,2,3,1,67,2,1,4,5,8,16,8,20,1,16,,122,,1,21,,121.4920534,25.02839424
112,11,7,5,59,2,02萬華區,萬華區西園路2段320巷55弄與寶興街口,0,0,1,1,C03,7,5,5,30,5,2,1,5,4,5,13,2,1,10,5,5,2,3,1,49,3,10,6,1,7,9,1,10,1,12,,70,,1,21,,121.4920534,25.02839424
112,11,7,7,32,2,08士林區,士林區德行東路與德行東路104巷口,0,0,2,1,C03,8,7,5,50,4,1,1,5,4,5,13,2,1,9,4,5,1,17,2,32,2,9,6,1,7,15,1,10,1,14,,100,,1,21,,121.5289929,25.107937
112,11,7,7,32,2,08士林區,士林區德行東路與德行東路104巷口,0,0,2,2,B02,8,7,5,50,4,1,1,5,4,5,13,2,1,9,4,5,1,17,1,56,3,10,7,1,7,9,1,8,1,2,,44,,1,21,,121.5289929,25.107937
112,11,7,7,32,2,08士林區,士林區德行東路與德行東路104巷口,0,0,2,3,H02,8,7,5,50,4,1,1,5,4,5,13,2,1,9,4,5,1,17,1,6,2,7,6,5,7,20,8,20,10,16,,67,,1,21,,121.5289929,25.107937
112,11,7,7,48,2,09北投區,北投區中央北路4段583巷與中央北路4段口,0,0,3,2,C03,8,7,5,50,4,1,1,5,4,5,13,1,1,4,4,5,2,16,1,50,3,10,6,1,7,9,1,10,1,14,,107,,1,21,,121.4655722,25.1259445
112,11,7,7,48,2,09北投區,北投區中央北路4段583巷與中央北路4段口,0,0,3,3,H02,8,7,5,50,4,1,1,5,4,5,13,1,1,4,4,5,2,16,2,10,2,9,5,5,7,20,8,20,10,16,,67,,1,14,,121.4655722,25.1259445
112,11,7,7,48,2,09北投區,北投區中央北路4段583巷與中央北路4段口,0,0,3,4,H02,8,7,5,50,4,1,1,5,4,5,13,1,1,4,4,5,2,16,1,11,2,7,5,5,7,20,8,20,10,16,,67,,1,14,,121.4655722,25.1259445
112,11,7,7,48,2,09北投區,北投區中央北路4段583巷與中央北路4段口,0,0,3,1,C03,8,7,5,50,4,1,1,5,4,5,13,1,1,4,4,5,2,16,2,47,2,9,6,1,7,6,1,11,1,12,,9,,1,21,,121.4655722,25.1259445
112,11,7,8,18,2,02萬華區,萬華區堤外便道(DSR341),0,0,1,3,C03,8,7,7,40,14,11,1,5,4,5,13,4,4,1,5,5,2,13,1,22,3,10,5,1,7,9,1,10,1,12,,107,,1,21,,121.499387,25.0417207
112,11,7,8,18,2,02萬華區,萬華區堤外便道(DSR341),0,0,1,2,C03,8,7,7,40,14,11,1,5,4,5,13,4,4,1,5,5,2,13,1,23,2,8,5,1,7,12,1,10,1,13,,44,,1,21,,121.499387,25.0417207
112,11,7,8,18,2,02萬華區,萬華區堤外便道(DSR341),0,0,1,1,C03,8,7,7,40,14,11,1,5,4,5,13,4,4,1,5,5,2,13,1,27,3,10,5,1,7,12,1,10,1,11,14,16,,1,21,,121.499387,25.0417207
112,11,7,8,24,2,01大同區,大同區民族西路250號,0,0,2,2,C03,8,6,8,50,22,22,1,5,4,5,13,2,1,5,4,5,2,16,1,20,2,7,6,1,7,9,1,10,1,11,,44,,1,21,,121.5122884,25.0685871
112,11,7,8,24,2,01大同區,大同區民族西路250號,0,0,2,1,C03,8,6,8,50,22,22,1,5,4,5,13,2,1,5,4,5,2,16,1,63,2,8,6,1,7,5,1,10,1,12,,74,,1,21,,121.5122884,25.0685871
112,11,7,8,37,2,04大安區,大安區八德路2段27號,0,0,1,1,C03,8,6,5,50,14,9,1,5,4,5,13,4,4,4,3,5,2,17,1,24,3,10,6,1,7,11,1,8,1,14,,10,,1,21,,121.5336681,25.04456142
112,11,7,8,37,2,04大安區,大安區八德路2段27號,0,0,1,2,C03,8,6,5,50,14,9,1,5,4,5,13,4,4,4,3,5,2,17,1,36,2,8,6,1,7,9,1,10,1,14,,44,,1,21,,121.5336681,25.04456142
112,11,7,8,37,2,04大安區,大安區八德路2段27號,0,0,1,3,B01,8,6,5,50,14,9,1,5,4,5,13,4,4,4,3,5,2,17,1,47,3,10,7,1,7,14,1,4,1,2,,44,,1,21,,121.5336681,25.04456142
112,11,7,8,37,2,10文山區,文山區木柵路4段與木柵路4段33巷口,0,0,1,1,C03,8,5,5,50,3,2,1,5,4,5,13,4,4,5,4,5,2,13,2,38,2,7,6,1,7,9,1,10,1,11,,16,,1,21,,121.5717168,24.994409
112,11,7,8,37,2,10文山區,文山區木柵路4段與木柵路4段33巷口,0,0,1,2,B03,8,5,5,50,3,2,1,5,4,5,13,4,4,5,4,5,2,13,1,40,3,10,7,1,7,14,1,8,1,3,,44,,1,21,,121.5717168,24.994409
112,11,7,8,39,2,05中正區,中正區八德路1段與忠孝東路2段口,0,0,1,1,E05,8,6,5,50,3,4,1,5,4,5,13,1,1,1,4,5,2,13,1,45,3,10,7,1,7,9,1,8,1,5,,107,,1,26,,121.5287179,25.0433543
112,11,7,8,39,2,05中正區,中正區八德路1段與忠孝東路2段口,0,0,1,2,C03,8,6,5,50,3,4,1,5,4,5,13,1,1,1,4,5,2,13,2,36,2,8,6,1,7,14,1,10,1,13,,44,,1,26,,121.5287179,25.0433543
112,11,7,8,40,2,03中山區,中山區樂群一路西往東天橋下方,0,0,1,1,B03,8,7,5,50,14,9,1,5,4,5,13,4,4,3,4,5,2,12,1,45,3,10,7,1,7,9,1,8,1,5,,108,,1,21,,121.5542339,25.07714049
112,11,7,8,40,2,03中山區,中山區樂群一路西往東天橋下方,0,0,1,2,C03,8,7,5,50,14,9,1,5,4,5,13,4,4,3,4,5,2,12,2,37,2,9,6,1,7,9,1,10,1,14,,44,,1,21,,121.5542339,25.07714049
112,11,7,8,47,2,02萬華區,萬華區西園路2段183號,0,0,1,2,B01,8,6,5,50,14,9,1,5,4,5,13,4,4,1,5,5,2,12,1,55,3,10,7,1,7,9,1,4,1,2,,44,,1,21,,121.4950081,25.02797749
112,11,7,8,47,2,02萬華區,萬華區西園路2段183號,0,0,1,1,C03,8,6,5,50,14,9,1,5,4,5,13,4,4,1,5,5,2,12,2,67,2,9,5,1,7,9,1,10,1,14,,17,,1,21,,121.4950081,25.02797749
112,11,7,9,10,2,11南港區,南港區市民大道7段與中坡北路口,0,0,1,1,B03,7,6,5,50,4,2,1,5,4,5,13,1,1,1,4,1,1,16,2,46,3,10,7,1,7,5,1,8,1,6,,74,,1,21,,121.5801791,25.0489498
112,11,7,9,10,2,11南港區,南港區市民大道7段與中坡北路口,0,0,1,2,C03,7,6,5,50,4,2,1,5,4,5,13,1,1,1,4,1,1,16,1,20,2,9,6,1,7,9,1,10,1,11,,108,,1,21,,121.5801791,25.0489498
112,11,7,9,25,2,04大安區,大安區建國南路2段25巷與建國南路2段口,0,0,1,1,C03,8,7,5,50,4,2,1,5,4,5,13,3,1,1,3,5,2,17,2,24,3,10,3,1,7,9,1,10,1,11,,16,,1,21,,121.5380652,25.0324166
112,11,7,9,25,2,04大安區,大安區建國南路2段25巷與建國南路2段口,0,0,1,3,F01,8,7,5,50,4,2,1,5,4,5,13,3,1,1,3,5,2,17,4,,,,,,,,,,11,,,119,,2,,,121.5380652,25.0324166
112,11,7,9,25,2,04大安區,大安區建國南路2段25巷與建國南路2段口,0,0,1,2,C03,8,7,5,50,4,2,1,5,4,5,13,3,1,1,3,5,2,17,1,30,2,9,3,1,7,9,1,10,1,13,,44,,1,21,,121.5380652,25.0324166
112,11,7,9,26,2,11南港區,南港區研究院路4段200-1號,0,0,1,1,B12,8,7,5,30,12,9,1,5,4,5,13,4,4,9,5,5,1,16,1,53,3,10,7,1,7,11,1,2,1,5,,10,,1,21,,121.5807687,25.01278489
112,11,7,9,26,2,11南港區,南港區研究院路4段200-1號,0,0,1,2,C03,8,7,5,30,12,9,1,5,4,5,13,4,4,9,5,5,1,16,1,19,2,9,6,1,7,9,1,10,1,11,,13,,1,21,,121.5807687,25.01278489
112,11,7,9,34,2,04大安區,大安區敦化南路1段233巷與忠孝東路4段216巷口口,0,0,2,2,C03,8,6,5,30,4,2,1,5,4,5,13,4,4,8,5,5,1,15,2,32,2,9,6,1,7,9,1,10,1,11,,13,,1,21,,121.5529522,25.04031536
112,11,7,9,34,2,04大安區,大安區敦化南路1段233巷與忠孝東路4段216巷口口,0,0,2,3,B12,8,6,5,30,4,2,1,5,4,5,13,4,4,8,5,5,1,15,1,41,3,10,7,1,7,13,1,8,1,17,,44,,1,21,,121.5529522,25.04031536
112,11,7,9,34,2,04大安區,大安區敦化南路1段233巷與忠孝東路4段216巷口口,0,0,2,1,C03,8,6,5,30,4,2,1,5,4,5,13,4,4,8,5,5,1,15,1,23,2,9,6,1,7,9,1,10,1,11,,72,,1,21,,121.5529522,25.04031536
112,11,7,9,34,2,08士林區,士林區文林路625號,0,0,1,1,B12,8,5,5,50,14,9,1,5,4,5,13,1,1,5,1,5,1,17,1,30,3,10,7,1,7,14,1,8,1,2,,40,,1,21,,121.5232794,25.09979193
112,11,7,9,34,2,08士林區,士林區文林路625號,0,0,1,2,C03,8,5,5,50,14,9,1,5,4,5,13,1,1,5,1,5,1,17,1,20,2,9,5,1,7,9,1,10,1,11,,42,,1,21,,121.5232794,25.09979193
112,11,7,9,34,2,08士林區,士林區文林路625號,0,0,1,3,H02,8,5,5,50,14,9,1,5,4,5,13,1,1,5,1,5,1,17,1,36,3,10,7,5,7,20,8,20,10,16,,126,,1,21,,121.5232794,25.09979193
112,11,7,9,34,2,07信義區,信義區信義路6段20號,0,0,1,3,H02,8,5,5,50,14,9,1,5,4,5,13,4,4,5,5,5,2,13,2,42,2,1,4,5,7,17,8,20,10,16,,67,,1,21,,121.5766902,25.0350981
112,11,7,9,34,2,07信義區,信義區信義路6段20號,0,0,1,1,A02,8,5,5,50,14,9,1,5,4,5,13,4,4,5,5,5,2,13,1,57,3,10,7,1,7,9,1,2,1,1,,16,,1,21,,121.5766902,25.0350981
112,11,7,9,34,2,07信義區,信義區信義路6段20號,0,0,1,2,B03,8,5,5,50,14,9,1,5,4,5,13,4,4,5,5,5,2,13,2,58,3,10,7,1,7,14,1,8,1,3,,44,,1,21,,121.5766902,25.0350981
112,11,7,9,36,2,03中山區,中山區長安東路1段與天津街口,0,0,1,2,C03,8,7,5,50,4,1,1,5,4,5,13,2,1,5,4,5,2,17,1,34,3,10,6,4,7,9,1,10,9,11,,44,,1,21,,121.5225774,25.0486193
112,11,7,9,36,2,03中山區,中山區長安東路1段與天津街口,0,0,1,1,C03,8,7,5,50,4,1,1,5,4,5,13,2,1,5,4,5,2,17,1,56,3,10,5,4,7,5,1,10,9,17,,44,,1,21,,121.5225774,25.0486193
112,11,7,9,36,2,03中山區,中山區長安東路1段與天津街口,0,0,1,4,C03,8,7,5,50,4,1,1,5,4,5,13,2,1,5,4,5,2,17,1,35,2,9,6,4,7,9,1,10,1,17,,42,,1,21,,121.5225774,25.0486193
112,11,7,9,36,2,03中山區,中山區長安東路1段與天津街口,0,0,1,3,C03,8,7,5,50,4,1,1,5,4,5,13,2,1,5,4,5,2,17,1,41,3,10,5,4,7,9,1,10,1,13,,16,,1,21,,121.5225774,25.0486193
112,11,7,9,37,2,03中山區,中山區北安路819號,0,0,1,2,C03,8,6,5,50,14,8,1,5,4,5,13,2,1,1,4,4,2,12,1,23,2,9,3,4,7,9,1,10,2,11,,44,,1,21,,121.5562205,25.0847825
112,11,7,9,37,2,03中山區,中山區北安路819號,0,0,1,1,B01,8,6,5,50,14,8,1,5,4,5,13,2,1,1,4,4,2,12,1,61,3,10,3,4,7,7,1,4,2,2,,100,,1,21,,121.5562205,25.0847825
112,11,7,9,40,2,08士林區,士林區文昌路58號,0,0,3,4,H02,8,7,5,50,14,9,1,5,4,5,13,4,4,9,4,5,1,17,2,65,2,9,6,5,7,20,8,20,10,16,,67,,1,21,,121.5213189,25.09591466
112,11,7,9,40,2,08士林區,士林區文昌路58號,0,0,3,2,C03,8,7,5,50,14,9,1,5,4,5,13,4,4,9,4,5,1,17,1,64,2,9,6,1,7,9,1,10,2,12,,108,,1,21,,121.5213189,25.09591466
112,11,7,9,40,2,08士林區,士林區文昌路58號,0,0,3,1,C03,8,7,5,50,14,9,1,5,4,5,13,4,4,9,4,5,1,17,1,70,2,9,6,1,7,8,1,10,2,14,,100,,1,21,,121.5213189,25.09591466
112,11,7,9,40,2,08士林區,士林區文昌路58號,0,0,3,3,C03,8,7,5,50,14,9,1,5,4,5,13,4,4,9,4,5,1,17,2,32,3,10,6,1,7,8,1,10,2,14,,100,,1,21,,121.5213189,25.09591466
112,11,7,9,41,2,02萬華區,萬華區桂林路246巷48號,0,0,1,2,C03,8,6,5,30,14,9,1,5,4,5,13,4,4,10,4,5,2,13,1,24,3,10,6,1,7,9,1,10,1,11,,108,,1,22,,121.4929866,25.0371701
112,11,7,9,41,2,02萬華區,萬華區桂林路246巷48號,0,0,1,1,C03,8,6,5,30,14,9,1,5,4,5,13,4,4,10,4,5,2,13,2,69,2,9,6,1,7,9,1,10,1,13,,44,,1,22,,121.4929866,25.0371701
112,11,7,9,50,2,03中山區,中山區錦西街與民生西路3巷口,0,0,1,1,C03,8,5,5,30,4,1,1,5,4,5,13,4,4,10,5,5,2,15,2,70,2,9,6,1,7,9,1,10,1,12,,72,,1,21,,121.5218618,25.060319
112,11,7,9,50,2,03中山區,中山區錦西街與民生西路3巷口,0,0,1,2,B01,8,5,5,30,4,1,1,5,4,5,13,4,4,10,5,5,2,15,1,60,3,10,7,1,7,9,1,4,1,1,,44,,1,21,,121.5218618,25.060319
112,11,7,9,54,2,03中山區,中山區林森北路與林森北路259巷口,0,0,3,2,C03,8,6,5,50,4,2,1,5,4,5,13,2,1,5,4,5,2,16,1,19,2,8,6,1,7,9,1,10,1,11,,44,,1,21,,121.5254836,25.0544219
112,11,7,9,54,2,03中山區,中山區林森北路與林森北路259巷口,0,0,3,3,H02,8,6,5,50,4,2,1,5,4,5,13,2,1,5,4,5,2,16,2,62,2,6,6,5,7,20,8,20,10,16,,67,,1,21,,121.5254836,25.0544219
112,11,7,9,54,2,03中山區,中山區林森北路與林森北路259巷口,0,0,3,1,C03,8,6,5,50,4,2,1,5,4,5,13,2,1,5,4,5,2,16,1,62,2,9,6,1,7,11,1,10,1,12,,10,,1,21,,121.5254836,25.0544219
112,11,7,10,16,2,03中山區,中山區大直橋往南,0,0,3,1,C03,8,7,5,50,14,9,1,5,4,5,13,4,4,1,3,5,1,13,1,35,2,9,5,1,7,9,1,10,2,11,,16,,1,21,,121.5442249,25.0744582
112,11,7,10,16,2,03中山區,中山區大直橋往南,0,0,3,2,C03,8,7,5,50,14,9,1,5,4,5,13,4,4,1,3,5,1,13,2,58,2,9,6,1,7,9,1,10,2,13,,44,,1,21,,121.5442249,25.0744582
112,11,7,10,16,2,03中山區,中山區大直橋往南,0,0,3,3,H02,8,7,5,50,14,9,1,5,4,5,13,4,4,1,3,5,1,13,2,28,2,9,6,5,7,17,8,20,10,16,,67,,1,21,,121.5442249,25.0744582
112,11,7,11,15,2,10文山區,文山區仙岩路19號,0,0,1,1,F02,8,6,5,50,14,9,1,5,4,5,13,4,4,9,5,5,2,18,2,73,2,9,4,4,7,9,8,20,1,14,,42,,1,22,,121.5486243,24.9988069
112,11,7,11,15,2,10文山區,文山區仙岩路19號,0,0,1,2,,8,6,5,50,14,9,1,5,4,5,13,4,4,9,5,5,2,18,3,0,,,,,,,,,10,,,67,,1,,,121.5486243,24.9988069
112,11,7,11,20,2,07信義區,信義區永吉路30巷與永吉路30巷157弄口口,0,0,1,2,C03,8,6,5,30,4,1,1,5,4,5,13,4,4,9,5,5,2,14,2,47,2,9,5,1,7,14,1,11,1,12,14,44,,1,21,,121.5687748,25.0423346
112,11,7,11,20,2,07信義區,信義區永吉路30巷與永吉路30巷157弄口口,0,0,1,1,B03,8,6,5,30,4,1,1,5,4,5,13,4,4,9,5,5,2,14,1,55,3,10,3,4,7,2,1,8,1,4,,12,,1,21,,121.5687748,25.0423346
112,11,7,11,26,2,07信義區,信義區松壽路與基隆路1段口,0,0,1,1,B12,8,5,5,50,4,2,1,5,4,5,13,2,1,1,4,5,2,17,4,0,,,,,,,,,11,,,119,,2,,,121.5615344,25.0360002
112,11,7,11,26,2,07信義區,信義區松壽路與基隆路1段口,0,0,1,2,C04,8,5,5,50,4,2,1,5,4,5,13,2,1,1,4,5,2,17,1,25,2,9,5,1,7,9,1,11,1,11,,44,,1,22,,121.5615344,25.0360002
112,11,7,11,28,2,09北投區,北投區大興街96號,0,0,1,2,H01,8,7,5,50,14,9,1,5,4,5,13,4,4,5,5,5,2,9,2,70,3,10,4,5,8,21,8,20,10,16,,53,,1,21,,121.5029462,25.1308357
112,11,7,11,28,2,09北投區,北投區大興街96號,0,0,1,3,H01,8,7,5,50,14,9,1,5,4,5,13,4,4,5,5,5,2,9,2,84,2,1,4,5,8,17,8,20,10,16,,67,,1,21,,121.5029462,25.1308357
112,11,7,11,28,2,09北投區,北投區大興街96號,0,0,1,1,B03,8,7,5,50,14,9,1,5,4,5,13,4,4,5,5,5,2,9,1,26,3,10,7,1,7,9,1,8,2,5,,108,,1,21,,121.5029462,25.1308357
112,11,7,11,34,2,04大安區,大安區忠孝東路4段147巷與敦化南路1段187巷口,0,0,2,1,C03,8,6,5,30,4,1,2,5,4,5,13,4,4,8,5,5,2,15,1,27,2,9,3,4,7,9,1,10,1,12,,72,,1,21,,121.5496609,25.0425965
112,11,7,11,34,2,04大安區,大安區忠孝東路4段147巷與敦化南路1段187巷口,0,0,2,2,C03,8,6,5,30,4,1,2,5,4,5,13,4,4,8,5,5,2,15,1,43,2,9,3,4,7,9,1,10,1,11,,13,,1,21,,121.5496609,25.0425965
112,11,7,11,42,2,03中山區,中山區民權東路2段與吉林路口,0,0,1,2,C03,8,5,5,50,5,1,1,5,4,5,13,2,1,5,4,5,2,16,1,68,2,8,5,1,7,9,1,10,1,11,,44,,1,21,,121.5303037,25.06264448
112,11,7,11,42,2,03中山區,中山區民權東路2段與吉林路口,0,0,1,1,B03,8,5,5,50,5,1,1,5,4,5,13,2,1,5,4,5,2,16,2,44,3,10,7,1,7,5,1,8,1,2,,74,,1,21,,121.5303037,25.06264448
112,11,7,11,50,2,08士林區,橋下迴轉道(延平北路7段42-7號旁),0,0,1,1,C03,8,5,8,30,3,1,1,5,4,5,13,4,4,10,5,5,1,17,1,75,2,9,5,1,7,5,1,10,1,14,,72,,1,21,,121.4968415,25.0954821