發生年度,發生月,發生日,發生時-Hours,發生分,處理別-編號,區序,肇事地點,死亡人數,2-30日死亡人數,受傷人數,當事人序號,車種,天候,光線,道路類別,速限-速度限制,道路型態,事故位置,路面狀況1,路面狀況2,路面狀況3,道路障礙1,道路障礙2,號誌1,號誌2,車道劃分-分向,車道劃分-分道1,車道劃分-分道2,車道劃分-分道3,事故類型及型態,性別,年齡,受傷程度,主要傷處,保護裝置,行動電話,車輛用途,當事者行動狀態,駕駛資格情形,駕駛執照種類,飲酒情形,車輛撞擊部位1,車輛撞擊部位2,肇因碼-個別,肇因碼-主要,個人肇逃否,職業,旅次目的,座標-X,座標-Y
112,11,7,23,42,2,05中正區,中正區汀州路3段40號前,0,0,1,2,,7,5,8,50,14,9,1,5,5,5,13,4,4,5,5,5,2,18,3,0,,,,,,,,,,,,67,,1,,,121.5298914,25.0166765
112,11,7,23,42,2,05中正區,中正區汀州路3段40號前,0,0,1,1,C03,7,5,8,50,14,9,1,5,5,5,13,4,4,5,5,5,2,18,1,18,2,9,5,1,7,9,1,10,1,14,,13,,1,22,,121.5298914,25.0166765
112,11,8,4,26,2,09北投區,北投區中和街與大業路口,0,0,3,1,C03,8,5,5,50,4,2,1,5,4,5,13,2,1,5,4,5,2,13,1,76,2,9,6,1,7,9,1,10,1,11,,108,,1,22,,121.5034047,25.1374393
112,11,8,4,26,2,09北投區,北投區中和街與大業路口,0,0,3,2,C03,8,5,5,50,4,2,1,5,4,5,13,2,1,5,4,5,2,13,2,47,2,9,5,1,7,14,1,10,1,13,,44,,1,22,,121.5034047,25.1374393
112,11,8,4,26,2,09北投區,北投區中和街與大業路口,0,0,3,3,H02,8,5,5,50,4,2,1,5,4,5,13,2,1,5,4,5,2,13,2,76,2,9,5,5,7,20,8,20,10,16,,67,,1,22,,121.5034047,25.1374393
112,11,8,5,28,2,03中山區,中山區長安東路1段30巷與林森北路67巷口,0,0,2,1,B01,8,5,6,30,4,1,1,5,4,5,13,4,4,10,5,5,2,15,1,63,2,7,7,1,7,9,1,4,1,5,1,72,,1,21,,121.52622,25.0482746
112,11,8,5,28,2,03中山區,中山區長安東路1段30巷與林森北路67巷口,0,0,2,2,B01,8,5,6,30,4,1,1,5,4,5,13,4,4,10,5,5,2,15,1,45,2,9,7,1,7,9,1,4,1,8,,13,,1,21,,121.52622,25.0482746
112,11,8,6,47,2,07信義區,信義區虎林街82巷與虎林街88巷18弄口,0,0,1,2,F01,8,5,6,30,4,2,1,5,4,5,13,4,4,5,5,5,2,17,2,78,2,9,2,4,7,15,8,20,1,11,,42,,1,21,,121.5767293,25.04324817
112,11,8,6,47,2,07信義區,信義區虎林街82巷與虎林街88巷18弄口,0,0,1,1,B03,8,5,6,30,4,2,1,5,4,5,13,4,4,5,5,5,2,17,1,25,3,10,7,1,7,1,1,8,2,1,,19,,1,21,,121.5767293,25.04324817
112,11,8,7,14,2,09北投區,北投區三合街1段79巷與三合街1段35巷口(1201563號燈桿),0,0,2,1,C03,8,7,5,30,4,1,1,5,4,5,13,4,4,10,5,5,2,16,1,30,2,7,6,1,7,5,1,10,1,11,,74,,1,21,,121.5051694,25.1262742
112,11,8,7,14,2,09北投區,北投區三合街1段79巷與三合街1段35巷口(1201563號燈桿),0,0,2,2,C03,8,7,5,30,4,1,1,5,4,5,13,4,4,10,5,5,2,16,1,26,2,9,6,1,7,9,1,10,1,11,,44,,1,21,,121.5051694,25.1262742
112,11,8,7,20,2,02萬華區,萬華區內江街與雅江街口,0,0,1,1,C03,8,6,5,50,4,1,1,5,4,5,13,4,4,9,4,5,1,17,1,41,3,10,5,1,7,9,1,10,1,14,,14,,1,21,,121.5015975,25.0417208
112,11,8,7,20,2,02萬華區,萬華區內江街與雅江街口,0,0,1,2,C03,8,6,5,50,4,1,1,5,4,5,13,4,4,9,4,5,1,17,1,58,2,8,5,1,7,15,1,10,1,12,,100,,1,21,,121.5015975,25.0417208
112,11,8,7,21,2,09北投區,北投區東華街2段322號,0,0,1,1,C03,8,7,5,50,14,9,1,5,4,5,13,4,4,10,4,5,2,16,1,46,2,9,5,1,7,9,1,10,9,11,,42,,1,22,,121.5065016,25.12103829
112,11,8,7,21,2,09北投區,北投區東華街2段322號,0,0,1,2,C03,8,7,5,50,14,9,1,5,4,5,13,4,4,10,4,5,2,16,1,58,3,10,3,1,7,13,1,10,9,12,,42,,1,22,,121.5065016,25.12103829
112,11,8,7,25,2,06松山區,松山區東興路2巷與東興路口,0,0,3,3,H02,7,7,5,50,4,18,1,5,4,5,13,4,4,8,3,5,2,3,1,38,2,9,4,5,7,17,8,20,10,16,,67,,1,26,,121.5653873,25.0507463
112,11,8,7,25,2,06松山區,松山區東興路2巷與東興路口,0,0,3,2,H01,7,7,5,50,4,18,1,5,4,5,13,4,4,8,3,5,2,3,1,66,2,9,4,5,8,16,8,20,10,16,,67,,1,26,,121.5653873,25.0507463
112,11,8,7,25,2,06松山區,松山區東興路2巷與東興路口,0,0,3,1,C03,7,7,5,50,4,18,1,5,4,5,13,4,4,8,3,5,2,3,1,25,2,9,5,1,7,9,1,10,2,11,,70,,1,26,,121.5653873,25.0507463
112,11,8,7,40,2,10文山區,文山區木新路3段與木新路3段278巷口,0,0,2,2,C03,8,6,5,50,3,1,1,5,4,5,13,1,1,5,4,5,2,17,2,29,2,9,5,4,7,9,1,10,2,15,,44,,1,22,,121.5580691,24.9810992
112,11,8,7,40,2,10文山區,文山區木新路3段與木新路3段278巷口,0,0,2,1,C03,8,6,5,50,3,1,1,5,4,5,13,1,1,5,4,5,2,17,1,61,2,8,5,4,7,5,1,10,2,15,,74,,1,22,,121.5580691,24.9810992
112,11,8,7,44,2,08士林區,士林區中正路601號與重慶北路4段口,0,0,1,1,B03,8,5,5,50,3,2,1,5,4,5,13,4,4,10,4,5,1,17,1,39,3,10,7,1,7,6,1,8,1,2,,9,,1,21,,121.5100041,25.0867059
112,11,8,7,44,2,08士林區,士林區中正路601號與重慶北路4段口,0,0,1,2,C03,8,5,5,50,3,2,1,5,4,5,13,4,4,10,4,5,1,17,2,20,2,9,6,1,7,9,1,10,1,11,,107,,1,21,,121.5100041,25.0867059
112,11,8,8,2,2,09北投區,北投區豐年路2段與大業路口,0,0,1,1,C03,8,7,5,30,5,1,1,5,4,5,13,1,1,5,5,5,2,16,1,28,2,9,6,1,7,6,1,10,1,11,,9,,1,21,,121.4963555,25.1347733
112,11,8,8,2,2,09北投區,北投區豐年路2段與大業路口,0,0,1,2,C03,8,7,5,30,5,1,1,5,4,5,13,1,1,5,5,5,2,16,1,49,3,10,6,1,7,9,1,9,1,13,,44,,1,21,,121.4963555,25.1347733
112,11,8,8,5,2,04大安區,大安區羅斯福路3段245號,0,0,2,3,H02,8,6,5,50,14,9,1,5,4,5,13,4,4,1,1,1,1,12,1,17,2,9,6,5,7,20,8,20,10,16,,67,,1,21,,121.5298074,25.01927621
112,11,8,8,5,2,04大安區,大安區羅斯福路3段245號,0,0,2,2,B03,8,6,5,50,14,9,1,5,4,5,13,4,4,1,1,1,1,12,2,36,3,10,7,1,7,9,1,10,1,2,,44,,1,21,,121.5298074,25.01927621
112,11,8,8,5,2,04大安區,大安區羅斯福路3段245號,0,0,2,1,C03,8,6,5,50,14,9,1,5,4,5,13,4,4,1,1,1,1,12,1,18,2,9,6,1,7,7,1,10,1,14,,100,,1,21,,121.5298074,25.01927621
112,11,8,8,8,2,08士林區,士林區承德路4段6巷與通河街76巷口,0,0,2,1,C03,8,6,5,30,4,1,1,5,4,5,13,4,4,9,5,5,1,15,2,22,2,9,5,1,7,9,1,10,2,14,,72,,1,21,,121.5200094,25.0797008
112,11,8,8,8,2,08士林區,士林區承德路4段6巷與通河街76巷口,0,0,2,2,C03,8,6,5,30,4,1,1,5,4,5,13,4,4,9,5,5,1,15,1,45,2,9,5,1,7,9,1,10,2,11,,44,,1,21,,121.5200094,25.0797008
112,11,8,8,8,2,08士林區,士林區承德路4段6巷與通河街76巷口,0,0,2,3,B03,8,6,5,30,4,1,1,5,4,5,13,4,4,9,5,5,1,15,2,42,4,11,3,1,7,21,7,19,11,15,,44,,1,22,,121.5200094,25.0797008
112,11,8,8,9,2,06松山區,松山區南京東路3段與敦化北路口,0,0,1,1,C04,8,6,8,50,4,2,1,5,4,5,13,1,1,1,3,4,2,12,2,35,2,9,6,1,7,7,1,8,1,14,,100,,1,21,,121.543912,25.05183905
112,11,8,8,9,2,06松山區,松山區南京東路3段與敦化北路口,0,0,1,2,B02,8,6,8,50,4,2,1,5,4,5,13,1,1,1,3,4,2,12,1,44,3,10,3,4,7,9,1,8,2,2,,17,,1,21,,121.543912,25.05183905
112,11,8,8,9,2,03中山區,中山區民權東路2段145號,0,0,1,2,C03,8,5,5,50,14,9,1,4,4,5,13,4,4,1,3,5,1,16,2,30,2,7,6,1,7,9,1,10,1,14,,44,,1,21,,121.536391,25.0625282
112,11,8,8,9,2,03中山區,中山區民權東路2段145號,0,0,1,1,B03,8,5,5,50,14,9,1,4,4,5,13,4,4,1,3,5,1,16,2,44,3,10,7,1,7,7,1,8,1,2,,100,,1,21,,121.536391,25.0625282
112,11,8,8,9,2,12內湖區,內湖區潭美街與安康路22巷口,0,0,1,2,C03,8,6,5,40,14,9,1,5,4,5,13,4,4,5,5,5,2,11,2,28,3,10,5,1,7,9,1,10,1,17,,44,,1,21,,121.5939688,25.06102453
112,11,8,8,9,2,12內湖區,內湖區潭美街與安康路22巷口,0,0,1,1,C03,8,6,5,40,14,9,1,5,4,5,13,4,4,5,5,5,2,11,1,23,2,9,5,1,7,10,3,18,1,12,,94,,1,21,,121.5939688,25.06102453
112,11,8,8,9,2,12內湖區,內湖區潭美街與安康路22巷口,0,0,1,3,B03,8,6,5,40,14,9,1,5,4,5,13,4,4,5,5,5,2,11,2,33,3,10,7,1,7,9,1,8,1,8,,44,,1,21,,121.5939688,25.06102453
112,11,8,8,15,2,02萬華區,萬華區華江橋往萬華機車道下橋處(編號EP8牌面前),0,0,1,2,C03,8,6,7,40,8,11,1,5,4,5,13,4,4,10,5,3,1,12,1,31,3,10,5,1,7,9,1,10,1,13,,44,,1,21,,121.490248,25.03496654
112,11,8,8,15,2,02萬華區,萬華區華江橋往萬華機車道下橋處(編號EP8牌面前),0,0,1,1,C03,8,6,7,40,8,11,1,5,4,5,13,4,4,10,5,3,1,12,1,25,2,8,5,1,7,9,1,10,1,11,,16,,1,21,,121.490248,25.03496654
112,11,8,8,19,2,03中山區,中山區吉林路與松江路64巷口,0,0,2,2,C02,8,6,5,50,4,1,1,5,4,5,13,4,4,5,4,5,2,16,1,57,2,9,6,1,7,9,1,10,1,11,,13,,1,21,,121.5300748,25.0490382
112,11,8,8,19,2,03中山區,中山區吉林路與松江路64巷口,0,0,2,1,C03,8,6,5,50,4,1,1,5,4,5,13,4,4,5,4,5,2,16,2,45,2,9,6,1,7,5,1,10,1,12,,74,,1,21,,121.5300748,25.0490382
112,11,8,8,20,2,03中山區,中山區市民大道3段與松江路口,0,0,2,1,C03,8,5,5,40,14,9,1,5,4,5,13,1,1,1,3,5,1,13,1,31,2,8,6,1,7,9,1,10,1,11,,108,,1,21,,121.5332249,25.0454788
112,11,8,8,20,2,03中山區,中山區市民大道3段與松江路口,0,0,2,2,C03,8,5,5,40,14,9,1,5,4,5,13,1,1,1,3,5,1,13,1,58,2,5,6,1,7,9,1,10,1,13,,44,,1,21,,121.5332249,25.0454788
112,11,8,8,20,2,11南港區,南港區三重路與新民街口,0,0,1,1,C03,8,6,5,50,4,1,1,5,4,5,13,1,1,8,3,5,2,16,2,29,2,9,5,1,7,5,1,10,1,12,,71,,1,21,,121.6146876,25.0560572
112,11,8,8,20,2,11南港區,南港區三重路與新民街口,0,0,1,2,C03,8,6,5,50,4,1,1,5,4,5,13,1,1,8,3,5,2,16,1,21,3,10,5,1,7,9,1,10,1,11,,44,,1,21,,121.6146876,25.0560572
112,11,8,8,42,2,03中山區,中山區北安路與劍南路口,0,0,1,1,C03,8,5,5,50,14,9,1,5,4,5,13,4,4,1,3,5,1,13,1,34,2,9,6,1,7,9,1,10,2,11,,108,,1,21,,121.5538592,25.0853448
112,11,8,8,42,2,03中山區,中山區北安路與劍南路口,0,0,1,2,B03,8,5,5,50,14,9,1,5,4,5,13,4,4,1,3,5,1,13,1,49,3,10,7,1,7,9,1,8,2,7,,44,,1,21,,121.5538592,25.0853448
112,11,8,8,43,2,09北投區,北投區大業路臨400號工地前人行道上,0,0,1,1,B03,8,5,5,0,22,20,4,5,4,5,13,4,4,10,5,5,2,17,1,46,3,10,7,1,7,13,1,8,1,3,,40,,1,21,,121.4970862,25.130046
112,11,8,8,43,2,09北投區,北投區大業路臨400號工地前人行道上,0,0,1,2,F01,8,5,5,0,22,20,4,5,4,5,13,4,4,10,5,5,2,17,2,61,2,1,4,1,7,15,8,20,1,17,,44,,1,21,,121.4970862,25.130046
112,11,8,8,45,2,12內湖區,內湖區舊宗路2段121巷與瑞湖街口,0,0,2,2,C03,8,5,5,50,4,1,1,5,4,5,13,1,1,4,3,5,1,11,1,29,2,9,3,4,7,5,1,10,1,12,,74,,1,21,,121.5764575,25.06895513
112,11,8,8,45,2,12內湖區,內湖區舊宗路2段121巷與瑞湖街口,0,0,2,1,C03,8,5,5,50,4,1,1,5,4,5,13,1,1,4,3,5,1,11,1,25,2,9,3,4,7,9,1,10,1,11,,13,,1,21,,121.5764575,25.06895513
112,11,8,8,50,2,01大同區,大同區承德路2段與歸綏街口,0,0,2,2,C03,8,6,5,50,3,2,1,5,4,5,13,4,4,1,4,5,2,12,1,28,2,9,3,4,7,9,1,10,1,14,,44,,1,21,,121.518128,25.0592801
112,11,8,8,50,2,01大同區,大同區承德路2段與歸綏街口,0,0,2,1,C03,8,6,5,50,3,2,1,5,4,5,13,4,4,1,4,5,2,12,1,69,2,8,3,4,7,8,1,10,1,12,,101,,1,21,,121.518128,25.0592801
112,11,8,8,56,2,07信義區,信義區光復南路473巷11弄50號,0,0,1,1,B03,8,5,5,30,14,9,1,5,4,5,13,4,4,5,5,5,2,12,2,51,3,10,7,1,7,9,1,8,1,4,,17,,1,21,,121.5590949,25.0340332
112,11,8,8,56,2,07信義區,信義區光復南路473巷11弄50號,0,0,1,2,C03,8,5,5,30,14,9,1,5,4,5,13,4,4,5,5,5,2,12,1,29,3,10,5,1,7,1,1,10,1,12,,19,,1,21,,121.5590949,25.0340332
112,11,8,8,56,2,07信義區,信義區光復南路473巷11弄50號,0,0,1,3,H02,8,5,5,30,14,9,1,5,4,5,13,4,4,5,5,5,2,12,2,29,2,8,5,5,7,20,8,20,10,16,,67,,1,21,,121.5590949,25.0340332
112,11,8,9,0,2,01大同區,大同區民生西路186號,0,0,1,1,B03,8,5,5,50,14,9,1,5,4,5,13,4,4,5,4,5,2,13,1,59,3,10,3,4,7,1,1,8,1,5,,19,,1,21,,121.5175291,25.0572561
112,11,8,9,0,2,01大同區,大同區民生西路186號,0,0,1,2,C03,8,5,5,50,14,9,1,5,4,5,13,4,4,5,4,5,2,13,2,53,2,9,3,4,7,15,1,10,1,13,,42,,1,21,,121.5175291,25.0572561
112,11,8,9,0,2,09北投區,北投區承德路7段與石牌路1段口,0,0,1,1,C03,8,6,5,60,3,2,1,5,4,5,13,2,1,8,3,4,2,15,1,71,2,8,6,1,7,9,3,18,1,11,,81,,1,22,,121.509197,25.11236447
112,11,8,9,0,2,09北投區,北投區承德路7段與石牌路1段口,0,0,1,2,C03,8,6,5,60,3,2,1,5,4,5,13,2,1,8,3,4,2,15,1,34,3,10,6,1,7,9,1,10,1,14,,44,,1,22,,121.509197,25.11236447
112,11,8,9,0,2,09北投區,北投區承德路7段與石牌路1段口,0,0,1,3,C03,8,6,5,60,3,2,1,5,4,5,13,2,1,8,3,4,2,15,1,27,3,10,6,1,7,9,1,10,1,14,,44,,1,22,,121.509197,25.11236447
112,11,8,9,25,2,10文山區,文山區木柵路3段與萬壽橋口,0,0,1,2,C03,8,5,5,50,4,2,1,5,4,5,13,2,1,5,4,5,1,16,1,30,2,9,6,1,7,9,1,10,2,11,,108,,1,21,,121.5711715,24.9915872
112,11,8,9,25,2,10文山區,文山區木柵路3段與萬壽橋口,0,0,1,1,B12,8,5,5,50,4,2,1,5,4,5,13,2,1,5,4,5,1,16,1,41,3,10,7,1,7,6,1,8,2,2,,9,,1,21,,121.5711715,24.9915872
112,11,8,9,33,2,10文山區,文山區新光路2段木柵動物園前(燈桿0707652號前),0,0,1,2,C03,8,6,5,50,14,9,1,5,4,5,13,4,4,1,2,5,2,17,2,20,2,9,5,4,7,9,1,10,2,11,,13,,1,22,,121.5806308,24.99890273
112,11,8,9,33,2,10文山區,文山區新光路2段木柵動物園前(燈桿0707652號前),0,0,1,1,B03,8,6,5,50,14,9,1,5,4,5,13,4,4,1,2,5,2,17,1,20,3,10,7,1,5,1,1,17,2,8,,19,,1,22,,121.5806308,24.99890273
112,11,8,9,38,2,08士林區,士林區德行西路與德行西路94巷口,0,0,2,2,C03,8,6,5,50,4,1,1,5,4,5,13,4,4,9,2,5,1,16,2,65,2,9,5,1,7,5,1,10,2,14,,8,,1,21,,121.5213007,25.10423345
112,11,8,9,38,2,08士林區,士林區德行西路與德行西路94巷口,0,0,2,1,C03,8,6,5,50,4,1,1,5,4,5,13,4,4,9,2,5,1,16,2,36,2,9,5,1,7,9,1,10,2,12,,108,,1,21,,121.5213007,25.10423345
112,11,8,9,52,2,11南港區,南港區東勢街與大坑街口,0,0,2,3,H02,8,6,5,50,4,1,1,5,4,5,13,4,4,4,1,5,2,10,2,64,2,8,3,5,7,20,8,20,10,16,,67,,1,21,,121.6238806,25.0388157
112,11,8,9,52,2,11南港區,南港區東勢街與大坑街口,0,0,2,2,B02,8,6,5,50,4,1,1,5,4,5,13,4,4,4,1,5,2,10,1,55,3,10,3,4,7,9,1,8,1,8,,108,,1,21,,121.6238806,25.0388157
112,11,8,9,52,2,11南港區,南港區東勢街與大坑街口,0,0,2,1,C03,8,6,5,50,4,1,1,5,4,5,13,4,4,4,1,5,2,10,1,63,2,8,3,4,7,9,1,10,1,12,,72,,1,21,,121.6238806,25.0388157
112,11,8,10,6,2,09北投區,北投區東昇路與行義路口近行義路惇敘工商側門,0,0,1,1,B03,8,7,5,50,14,9,1,5,4,1,13,4,4,7,4,5,1,16,1,45,3,10,7,1,7,9,1,8,2,2,,108,,1,21,,121.526047,25.1444452
112,11,8,10,6,2,09北投區,北投區東昇路與行義路口近行義路惇敘工商側門,0,0,1,2,C03,8,7,5,50,14,9,1,5,4,1,13,4,4,7,4,5,1,16,1,73,2,9,6,1,7,9,1,10,2,14,,44,,1,21,,121.526047,25.1444452
112,11,8,10,20,2,01大同區,大同區環河北路1段與民生西路口,0,0,1,2,B03,8,6,5,50,4,1,1,5,4,5,13,2,1,1,4,1,2,13,1,40,3,10,7,1,7,9,1,8,1,7,,118,,1,21,,121.5083091,25.05688691
112,11,8,10,20,2,01大同區,大同區環河北路1段與民生西路口,0,0,1,3,C03,8,6,5,50,4,1,1,5,4,5,13,2,1,1,4,1,2,13,1,27,2,8,5,1,7,9,1,10,1,14,,118,,1,21,,121.5083091,25.05688691
112,11,8,10,20,2,01大同區,大同區環河北路1段與民生西路口,0,0,1,1,A12,8,6,5,50,4,1,1,5,4,5,13,2,1,1,4,1,2,13,1,45,3,10,7,1,7,9,1,3,1,5,,118,,1,21,,121.5083091,25.05688691
112,11,8,11,18,2,03中山區,中山區南京東路1段118號對面停車場出入口,0,0,1,2,C03,8,6,5,40,14,8,1,5,4,5,13,4,4,1,4,5,2,16,2,20,2,9,6,1,7,9,1,10,1,11,,108,,1,21,,121.5265902,25.0522431
112,11,8,11,18,2,03中山區,中山區南京東路1段118號對面停車場出入口,0,0,1,1,B03,8,6,5,40,14,8,1,5,4,5,13,4,4,1,4,5,2,16,1,56,3,10,7,1,7,8,1,8,1,4,,100,,1,21,,121.5265902,25.0522431
112,11,8,11,19,2,09北投區,北投區公館路與公館路423巷口,0,0,1,2,B03,8,6,5,50,3,2,1,5,4,5,13,4,4,8,3,5,2,12,1,29,3,10,7,1,7,15,1,8,1,2,,44,,1,21,,121.5024591,25.12082564
112,11,8,11,19,2,09北投區,北投區公館路與公館路423巷口,0,0,1,1,C03,8,6,5,50,3,2,1,5,4,5,13,4,4,8,3,5,2,12,1,24,2,7,6,1,7,15,1,10,1,15,,17,,1,21,,121.5024591,25.12082564
112,11,8,11,32,2,07信義區,信義區莊敬路與莊敬路6巷口口,0,0,1,1,B01,8,6,5,50,3,2,1,5,4,5,13,4,4,8,5,5,2,16,1,43,3,10,3,4,7,5,1,8,1,2,,74,,1,21,,121.5612635,25.0325007
112,11,8,11,32,2,07信義區,信義區莊敬路與莊敬路6巷口口,0,0,1,2,C03,8,6,5,50,3,2,1,5,4,5,13,4,4,8,5,5,2,16,1,23,2,9,5,1,7,9,1,10,1,11,,44,,1,21,,121.5612635,25.0325007
112,11,8,12,59,2,05中正區,中正區南昌路2段與和平西路1段口口,0,0,2,2,C03,8,6,5,50,4,1,1,5,4,5,13,1,1,5,5,5,1,17,1,47,2,8,6,1,7,9,1,10,1,11,,44,,1,21,,121.520994,25.02697691
112,11,8,12,59,2,05中正區,中正區南昌路2段與和平西路1段口口,0,0,2,3,H02,8,6,5,50,4,1,1,5,4,5,13,1,1,5,5,5,1,17,2,37,4,11,6,5,7,20,8,20,10,16,,67,,1,21,,121.520994,25.02697691
112,11,8,12,59,2,05中正區,中正區南昌路2段與和平西路1段口口,0,0,2,1,C03,8,6,5,50,4,1,1,5,4,5,13,1,1,5,5,5,1,17,2,62,2,7,6,1,7,6,1,10,1,12,,9,,1,21,,121.520994,25.02697691
112,11,8,13,4,2,04大安區,大安區仁愛路4段258號,0,0,1,2,C03,8,5,5,50,22,9,1,5,4,5,13,4,4,10,4,5,2,16,1,43,2,9,5,1,7,9,1,10,1,12,,44,,1,21,,121.5524957,25.0375841
112,11,8,13,4,2,04大安區,大安區仁愛路4段258號,0,0,1,1,B03,8,5,5,50,22,9,1,5,4,5,13,4,4,10,4,5,2,16,1,88,3,10,7,1,7,1,1,8,1,4,,19,,1,21,,121.5524957,25.0375841
112,11,8,13,6,2,12內湖區,內湖區環東大道往西413號燈桿,0,0,1,1,B03,8,6,5,70,10,7,1,5,4,5,13,4,4,10,4,5,1,12,1,55,3,10,7,1,7,7,1,8,1,6,,100,,1,21,,121.5917194,25.06034608
112,11,8,13,6,2,12內湖區,內湖區環東大道往西413號燈桿,0,0,1,2,C01,8,6,5,70,10,7,1,5,4,5,13,4,4,10,4,5,1,12,1,47,2,9,5,1,7,9,1,9,1,14,,44,,1,21,,121.5917194,25.06034608
112,11,8,13,10,2,01大同區,大同區民權西路與承德路2段口,0,0,2,1,C03,8,6,5,50,5,1,1,5,4,5,13,2,1,1,4,5,2,12,2,23,2,9,6,1,7,15,1,10,1,12,,100,,1,21,,121.518287,25.0627687
112,11,8,13,10,2,01大同區,大同區民權西路與承德路2段口,0,0,2,2,C03,8,6,5,50,5,1,1,5,4,5,13,2,1,1,4,5,2,12,2,21,2,9,6,1,7,9,1,10,1,14,,44,,1,21,,121.518287,25.0627687
112,11,8,13,21,2,01大同區,大同區承德路3段與承德路3段176巷口,0,0,1,2,C03,8,6,5,50,3,1,1,5,4,5,13,4,4,1,4,5,2,17,1,28,3,10,6,1,7,9,1,10,2,14,,44,,1,21,,121.5183311,25.06910758
112,11,8,13,21,2,01大同區,大同區承德路3段與承德路3段176巷口,0,0,1,1,C03,8,6,5,50,3,1,1,5,4,5,13,4,4,1,4,5,2,17,1,26,2,9,6,1,7,15,1,10,2,12,,100,,1,21,,121.5183311,25.06910758
112,11,8,13,22,2,12內湖區,內湖區行善路與新湖二路口,0,0,1,2,C03,8,5,5,0,4,1,1,5,4,5,13,1,1,1,4,5,2,17,2,27,2,9,6,1,7,1,1,10,2,17,,19,,1,21,,121.5855728,25.06482818
112,11,8,13,22,2,12內湖區,內湖區行善路與新湖二路口,0,0,1,1,B02,8,5,5,0,4,1,1,5,4,5,13,1,1,1,4,5,2,17,1,30,3,10,7,1,7,15,1,8,2,17,,74,,1,21,,121.5855728,25.06482818
112,11,8,13,35,2,07信義區,信義區基隆路1段35巷與基隆路1段口口,0,0,1,1,B11,8,6,5,50,4,1,1,5,4,5,13,2,1,9,5,5,2,17,1,59,3,10,3,4,7,5,1,8,2,7,,8,,1,21,,121.5687745,25.0481715
112,11,8,13,35,2,07信義區,信義區基隆路1段35巷與基隆路1段口口,0,0,1,2,C03,8,6,5,50,4,1,1,5,4,5,13,2,1,9,5,5,2,17,1,32,2,9,5,4,7,9,1,10,2,11,,42,,1,21,,121.5687745,25.0481715
112,11,8,13,40,2,06松山區,松山區民生東路5段133號,0,0,1,2,B02,8,5,5,50,14,9,1,5,4,5,13,4,4,1,4,5,2,13,2,51,3,10,7,1,7,9,1,4,1,7,,44,,1,22,,121.560949,25.0587528
112,11,8,13,40,2,06松山區,松山區民生東路5段133號,0,0,1,1,C03,8,5,5,50,14,9,1,5,4,5,13,4,4,1,4,5,2,13,1,63,2,9,5,1,7,9,1,10,1,11,,16,,1,22,,121.560949,25.0587528
112,11,8,14,3,2,03中山區,中山區市民大道2段與中山北路1段口,0,0,2,2,C03,7,5,5,40,4,1,1,5,4,5,13,1,1,1,3,5,1,13,1,29,2,9,6,4,7,9,1,10,1,13,,44,,1,21,,121.5209296,25.04818132
112,11,8,14,3,2,03中山區,中山區市民大道2段與中山北路1段口,0,0,2,1,C03,7,5,5,40,4,1,1,5,4,5,13,1,1,1,3,5,1,13,1,19,2,9,6,4,7,9,1,10,1,11,,16,,1,21,,121.5209296,25.04818132
112,11,8,14,31,2,09北投區,北投區大業路與大業路517巷口,0,0,2,2,C03,8,6,5,60,4,2,1,5,4,5,13,4,4,9,4,4,2,16,1,41,2,9,5,1,7,9,1,10,2,11,,108,,1,21,,121.4957335,25.13351987
112,11,8,14,31,2,09北投區,北投區大業路與大業路517巷口,0,0,2,1,B03,8,6,5,60,4,2,1,5,4,5,13,4,4,9,4,4,2,16,2,28,2,7,7,1,7,6,1,8,2,4,,72,,1,21,,121.4957335,25.13351987
112,11,8,14,46,2,05中正區,中正區市民大道1段與中山北路1段口,0,0,2,2,C03,8,6,5,40,4,1,1,5,4,5,13,1,1,1,4,5,2,15,1,42,2,9,6,1,7,9,1,10,2,11,,13,,1,21,,121.5204942,25.0480381
112,11,8,14,46,2,05中正區,中正區市民大道1段與中山北路1段口,0,0,2,1,F06,8,6,5,40,4,1,1,5,4,5,13,1,1,1,4,5,2,15,1,48,2,9,4,1,7,9,8,20,6,11,,21,,1,21,,121.5204942,25.0480381
112,11,8,14,50,2,08士林區,士林區磺溪便道與克強路口,0,0,1,2,C03,8,6,5,30,4,1,1,5,4,5,13,4,4,10,5,5,2,15,2,18,2,9,5,1,7,9,1,10,1,11,,44,,1,21,,121.5225285,25.10928373
112,11,8,14,50,2,08士林區,士林區磺溪便道與克強路口,0,0,1,1,B12,8,6,5,30,4,1,1,5,4,5,13,4,4,10,5,5,2,15,1,49,3,10,7,1,7,9,1,8,1,5,,72,,1,21,,121.5225285,25.10928373
112,11,8,14,55,2,08士林區,士林區承德路4段2巷與通河街76巷口,0,0,1,1,B03,8,5,5,30,3,1,1,5,4,5,13,4,4,10,5,5,2,16,1,26,3,10,3,4,7,5,3,18,1,4,,8,,1,22,,121.5197852,25.0795141
112,11,8,14,55,2,08士林區,士林區承德路4段2巷與通河街76巷口,0,0,1,2,C03,8,5,5,30,3,1,1,5,4,5,13,4,4,10,5,5,2,16,1,18,2,8,3,4,7,4,1,10,1,12,,1,,1,22,,121.5197852,25.0795141