發生年度,發生月,發生日,發生時-Hours,發生分,處理別-編號,區序,肇事地點,死亡人數,2-30日死亡人數,受傷人數,當事人序號,車種,天候,光線,道路類別,速限-速度限制,道路型態,事故位置,路面狀況1,路面狀況2,路面狀況3,道路障礙1,道路障礙2,號誌1,號誌2,車道劃分-分向,車道劃分-分道1,車道劃分-分道2,車道劃分-分道3,事故類型及型態,性別,年齡,受傷程度,主要傷處,保護裝置,行動電話,車輛用途,當事者行動狀態,駕駛資格情形,駕駛執照種類,飲酒情形,車輛撞擊部位1,車輛撞擊部位2,肇因碼-個別,肇因碼-主要,個人肇逃否,職業,旅次目的,座標-X,座標-Y
112,11,8,15,27,2,03中山區,中山區民生東路2段159巷與錦州街口,0,0,2,1,C03,7,5,5,30,4,1,1,5,4,5,13,4,4,4,5,5,1,15,1,29,2,9,6,4,7,9,1,10,1,12,,72,,1,21,,121.5360743,25.0603202
112,11,8,15,27,2,03中山區,中山區民生東路2段159巷與錦州街口,0,0,2,2,C03,7,5,5,30,4,1,1,5,4,5,13,4,4,4,5,5,1,15,2,46,2,7,6,4,7,9,1,10,1,14,,107,,1,21,,121.5360743,25.0603202
112,11,8,16,9,2,10文山區,文山區羅斯福路6段237號,0,0,1,2,C03,8,6,5,50,14,9,1,5,4,5,13,4,4,1,4,5,2,12,1,82,2,9,5,1,7,8,1,10,2,14,,17,,1,21,,121.5412653,24.9957032
112,11,8,16,9,2,10文山區,文山區羅斯福路6段237號,0,0,1,1,B03,8,6,5,50,14,9,1,5,4,5,13,4,4,1,4,5,2,12,1,40,3,10,7,1,7,9,1,8,2,5,,44,,1,22,,121.5412653,24.9957032
112,11,8,16,31,2,04大安區,大安區辛亥路3段15號,0,0,1,1,C03,8,6,5,50,14,9,1,5,4,5,13,4,4,1,3,1,1,12,2,19,2,9,6,1,7,9,1,10,1,11,,44,,1,21,,121.5440289,25.02140374
112,11,8,16,31,2,04大安區,大安區辛亥路3段15號,0,0,1,2,B01,8,6,5,50,14,9,1,5,4,5,13,4,4,1,3,1,1,12,1,66,3,10,7,1,7,8,1,4,1,5,,100,,1,21,,121.5440289,25.02140374
112,11,8,16,37,2,03中山區,中山區民權東路2段59號,0,0,1,1,C03,8,5,5,50,14,9,1,5,4,5,13,4,4,1,3,5,1,17,2,60,3,10,6,4,7,9,1,10,9,11,,16,,1,21,,121.5311343,25.06266862
112,11,8,16,37,2,03中山區,中山區民權東路2段59號,0,0,1,3,H02,8,5,5,50,14,9,1,5,4,5,13,4,4,1,3,5,1,17,1,25,3,10,6,5,7,17,8,20,10,16,,67,,1,21,,121.5311343,25.06266862
112,11,8,16,37,2,03中山區,中山區民權東路2段59號,0,0,1,2,C03,8,5,5,50,14,9,1,5,4,5,13,4,4,1,3,5,1,17,2,25,2,9,6,4,7,9,1,10,2,13,,44,,1,21,,121.5311343,25.06266862
112,11,8,16,38,2,08士林區,士林區故宮路與至善路2段口口,0,0,1,1,B03,8,6,5,50,5,1,1,5,4,5,13,2,1,1,4,5,2,17,2,53,3,10,7,1,7,6,1,8,1,4,,9,,1,21,,121.5463216,25.09815228
112,11,8,16,38,2,08士林區,士林區故宮路與至善路2段口口,0,0,1,2,C03,8,6,5,50,5,1,1,5,4,5,13,2,1,1,4,5,2,17,2,65,2,9,6,1,7,5,3,18,1,12,,8,,1,21,,121.5463216,25.09815228
112,11,8,16,38,2,09北投區,北投區尊賢街與尊賢街218巷口口,0,0,2,3,H02,8,5,5,30,4,1,1,5,4,5,13,4,4,10,5,5,2,17,2,65,2,9,6,5,7,20,8,20,10,16,,67,,1,22,,121.507909,25.1156222
112,11,8,16,38,2,09北投區,北投區尊賢街與尊賢街218巷口口,0,0,2,2,C04,8,5,5,30,4,1,1,5,4,5,13,4,4,10,5,5,2,17,1,70,2,9,6,1,7,9,1,11,1,12,,14,,1,22,,121.507909,25.1156222
112,11,8,16,38,2,09北投區,北投區尊賢街與尊賢街218巷口口,0,0,2,1,C03,8,5,5,30,4,1,1,5,4,5,13,4,4,10,5,5,2,17,1,41,3,10,6,1,7,11,1,10,1,14,,10,,1,21,,121.507909,25.1156222
112,11,8,16,40,2,12內湖區,內湖區內湖路3段與內湖路2段355巷口,0,0,1,1,B12,8,6,5,30,5,1,1,5,4,5,13,4,4,9,4,5,2,15,1,47,3,10,7,1,7,9,1,8,2,5,,72,,1,21,,121.5927514,25.08461291
112,11,8,16,40,2,12內湖區,內湖區內湖路3段與內湖路2段355巷口,0,0,1,2,C04,8,6,5,30,5,1,1,5,4,5,13,4,4,9,4,5,2,15,2,60,2,9,6,1,7,9,1,10,2,11,,44,,1,21,,121.5927514,25.08461291
112,11,8,16,47,2,03中山區,中山區龍江路與錦州街口,0,0,1,1,C03,8,5,5,50,4,1,1,5,4,5,13,1,1,4,3,5,1,16,1,39,3,10,6,1,7,5,1,9,1,11,,74,,1,21,,121.540776,25.060264
112,11,8,16,47,2,03中山區,中山區龍江路與錦州街口,0,0,1,2,C03,8,5,5,50,4,1,1,5,4,5,13,1,1,4,3,5,1,16,1,24,2,9,6,1,7,9,1,10,1,11,,44,,1,21,,121.540776,25.060264
112,11,8,17,6,2,09北投區,北投區裕民一路14號,0,0,1,1,B02,8,5,5,50,14,9,1,5,4,5,13,4,4,9,5,5,2,2,4,0,,,,,,,,,,,,119,,2,,,121.5165674,25.11666708
112,11,8,17,6,2,09北投區,北投區裕民一路14號,0,0,1,2,H01,8,5,5,50,14,9,1,5,4,5,13,4,4,9,5,5,2,2,1,30,2,9,4,5,8,16,8,20,1,16,,67,,1,21,,121.5165674,25.11666708
112,11,8,17,15,2,03中山區,中山區建國北路2段206號,0,0,2,1,C03,8,7,5,50,14,9,1,5,4,5,13,4,4,1,4,5,2,13,2,56,2,9,6,1,7,9,1,10,1,11,,108,,1,21,,121.5367034,25.06043824
112,11,8,17,15,2,03中山區,中山區建國北路2段206號,0,0,2,2,C03,8,7,5,50,14,9,1,5,4,5,13,4,4,1,4,5,2,13,2,32,2,9,6,1,7,9,1,10,1,13,,42,,1,21,,121.5367034,25.06043824
112,11,8,17,24,2,12內湖區,內湖區金湖路367巷與金湖路363巷口,0,0,1,2,C03,8,5,5,0,4,2,1,5,4,5,13,1,1,1,4,5,2,13,1,47,3,10,6,1,7,12,1,10,2,12,,108,,1,21,,121.6031611,25.07355059
112,11,8,17,24,2,12內湖區,內湖區金湖路367巷與金湖路363巷口,0,0,1,3,C03,8,5,5,0,4,2,1,5,4,5,13,1,1,1,4,5,2,13,2,52,2,9,6,1,7,12,1,10,2,13,,44,,1,21,,121.6031611,25.07355059
112,11,8,17,24,2,12內湖區,內湖區金湖路367巷與金湖路363巷口,0,0,1,1,C03,8,5,5,0,4,2,1,5,4,5,13,1,1,1,4,5,2,13,2,24,3,10,6,1,7,12,1,10,2,13,,14,,1,21,,121.6031611,25.07355059
112,11,8,17,32,2,01大同區,大同區通河西街堤外便道(明倫高中後方，斜坡處),0,0,1,2,C03,8,5,5,30,14,9,1,5,4,5,13,4,4,10,5,5,1,11,1,55,2,9,6,1,7,9,6,10,2,14,,17,,1,21,,121.5203144,25.07659779
112,11,8,17,32,2,01大同區,大同區通河西街堤外便道(明倫高中後方，斜坡處),0,0,1,1,B03,8,5,5,30,14,9,1,5,4,5,13,4,4,10,5,5,1,11,1,25,3,10,7,1,7,9,1,8,2,4,,17,,1,21,,121.5203144,25.07659779
112,11,8,17,35,2,12內湖區,內湖區潭美街0302951燈桿附近,0,0,2,1,C03,8,5,5,40,14,9,1,5,4,5,13,4,4,10,3,5,1,12,2,33,2,9,5,1,7,9,1,10,2,11,,16,,1,21,,121.5867783,25.05672051
112,11,8,17,35,2,12內湖區,內湖區潭美街0302951燈桿附近,0,0,2,2,C03,8,5,5,40,14,9,1,5,4,5,13,4,4,10,3,5,1,12,2,38,2,9,5,1,7,14,1,10,2,13,,44,,1,21,,121.5867783,25.05672051
112,11,8,17,44,2,06松山區,松山區民族東路與復興北路口口,0,0,1,2,B03,8,5,5,50,4,2,1,5,4,5,13,2,1,10,4,5,2,17,2,56,3,10,7,1,7,9,1,8,1,1,,107,,1,21,,121.5444165,25.06641117
112,11,8,17,44,2,06松山區,松山區民族東路與復興北路口口,0,0,1,1,C03,8,5,5,50,4,2,1,5,4,5,13,2,1,10,4,5,2,17,1,65,2,9,5,1,7,15,1,10,1,14,,44,,1,21,,121.5444165,25.06641117
112,11,8,17,45,2,12內湖區,內湖區康寧路3段與成功路5段450巷23弄口口,0,0,1,1,B12,8,5,5,50,4,1,1,5,4,5,13,2,1,1,3,4,2,17,1,36,3,10,7,1,7,6,1,14,1,3,,74,,1,21,,121.6081629,25.07229627
112,11,8,17,45,2,12內湖區,內湖區康寧路3段與成功路5段450巷23弄口口,0,0,1,2,C03,8,5,5,50,4,1,1,5,4,5,13,2,1,1,3,4,2,17,2,67,2,9,5,1,7,9,1,10,1,11,,108,,1,21,,121.6081629,25.07229627
112,11,8,17,50,2,05中正區,中正區基隆路4段與羅斯福路4段口口,0,0,1,2,C03,7,5,5,50,5,1,1,5,4,5,13,1,1,10,4,5,2,16,2,40,2,8,6,1,7,9,1,10,1,12,,107,,1,21,,121.5369758,25.0112686
112,11,8,17,50,2,05中正區,中正區基隆路4段與羅斯福路4段口口,0,0,1,1,B03,7,5,5,50,5,1,1,5,4,5,13,1,1,10,4,5,2,16,1,34,3,10,3,4,7,11,1,8,1,4,,10,,1,21,,121.5369758,25.0112686
112,11,8,18,12,2,06松山區,松山區南京東路3段282巷16號,0,0,1,1,C03,8,5,8,30,22,22,1,5,4,5,13,4,4,10,5,5,2,17,2,40,2,9,5,1,7,6,1,10,1,14,,80,,1,21,,121.5456729,25.0510853
112,11,8,18,12,2,06松山區,松山區南京東路3段282巷16號,0,0,1,2,B03,8,5,8,30,22,22,1,5,4,5,13,4,4,10,5,5,2,17,1,43,3,10,7,1,7,9,1,8,1,2,,14,,1,21,,121.5456729,25.0510853
112,11,8,18,12,2,06松山區,松山區南京東路3段282巷16號,0,0,1,3,A11,8,5,8,30,22,22,1,5,4,5,13,4,4,10,5,5,2,17,1,52,3,10,7,1,7,14,1,3,1,17,,38,,1,21,,121.5456729,25.0510853
112,11,8,18,30,2,03中山區,中山區林森北路487號,0,0,1,1,A41,8,5,5,50,3,2,1,5,4,5,13,4,4,5,5,5,2,17,1,51,3,10,7,1,7,9,1,1,11,15,,30,,2,22,,121.5256067,25.06126815
112,11,8,18,30,2,03中山區,中山區林森北路487號,0,0,1,2,C03,8,5,5,50,3,2,1,5,4,5,13,4,4,5,5,5,2,17,1,35,2,9,5,1,7,9,1,10,1,12,,44,,1,21,,121.5256067,25.06126815
112,11,8,18,38,2,10文山區,文山區景文街與景文街103巷口,0,0,1,2,C03,8,5,5,40,3,2,1,5,4,5,13,4,4,5,5,4,2,13,2,59,2,9,5,1,7,14,1,10,1,13,,44,,1,21,,121.5412056,24.9906451
112,11,8,18,38,2,10文山區,文山區景文街與景文街103巷口,0,0,1,1,C03,8,5,5,40,3,2,1,5,4,5,13,4,4,5,5,4,2,13,2,25,3,10,5,1,7,9,1,10,1,11,,108,,1,21,,121.5412056,24.9906451
112,11,8,19,20,2,08士林區,士林區忠誠路2段與忠誠路2段130巷口,0,0,1,2,H02,7,5,5,40,3,2,1,5,4,5,13,4,4,1,4,4,2,9,2,57,2,6,4,5,7,19,8,20,10,17,,67,,1,22,,121.5321715,25.1141052
112,11,8,19,20,2,08士林區,士林區忠誠路2段與忠誠路2段130巷口,0,0,1,1,A02,7,5,5,40,3,2,1,5,4,5,13,4,4,1,4,4,2,9,1,60,3,10,7,1,7,15,1,2,9,17,,36,,1,22,,121.5321715,25.1141052
112,11,8,20,5,2,06松山區,松山區東興路1號與東興路2巷口,0,0,2,1,B03,8,5,5,50,4,2,1,5,4,5,13,4,4,5,4,5,2,17,1,34,3,10,3,4,7,5,1,8,2,2,,74,,1,22,,121.5654292,25.05073365
112,11,8,20,5,2,06松山區,松山區東興路1號與東興路2巷口,0,0,2,2,C03,8,5,5,50,4,2,1,5,4,5,13,4,4,5,4,5,2,17,1,59,2,9,5,4,7,9,1,10,2,11,,44,,1,22,,121.5654292,25.05073365
112,11,8,20,5,2,06松山區,松山區東興路1號與東興路2巷口,0,0,2,3,H02,8,5,5,50,4,2,1,5,4,5,13,4,4,5,4,5,2,17,2,27,2,9,6,5,7,20,8,20,10,16,,67,,1,22,,121.5654292,25.05073365
112,11,8,20,42,2,06松山區,松山區民權東路4段西往東第0201187號燈桿,0,0,2,1,C03,8,5,5,40,14,7,1,5,4,5,13,4,4,3,4,4,2,12,2,66,4,11,3,4,7,7,7,19,11,15,,100,,2,22,,121.5604649,25.0624314
112,11,8,20,42,2,06松山區,松山區民權東路4段西往東第0201187號燈桿,0,0,2,2,C03,8,5,5,40,14,7,1,5,4,5,13,4,4,3,4,4,2,12,2,26,2,9,6,1,7,9,1,10,2,12,,108,,1,21,,121.5604649,25.0624314
112,11,8,20,42,2,06松山區,松山區民權東路4段西往東第0201187號燈桿,0,0,2,3,C03,8,5,5,40,14,7,1,5,4,5,13,4,4,3,4,4,2,12,1,49,2,9,5,1,7,9,6,10,2,11,,108,,1,21,,121.5604649,25.0624314
112,11,8,21,26,2,12內湖區,內湖區瑞光路112巷,0,0,1,1,C03,8,5,5,50,14,9,1,5,4,5,13,4,4,5,4,5,2,13,2,57,2,1,5,1,7,9,1,10,1,11,,108,,1,21,,121.5808624,25.0720785
112,11,8,21,26,2,12內湖區,內湖區瑞光路112巷,0,0,1,2,B03,8,5,5,50,14,9,1,5,4,5,13,4,4,5,4,5,2,13,1,45,3,10,2,1,7,13,1,8,1,3,,99,,1,21,,121.5808624,25.0720785
112,11,8,22,20,2,06松山區,松山區塔悠路40號,0,0,1,1,B03,8,5,5,50,14,9,1,5,4,5,13,2,1,3,4,5,2,13,2,25,3,10,3,4,7,9,1,8,1,1,,16,,1,22,,121.5706801,25.05099727
112,11,8,22,20,2,06松山區,松山區塔悠路40號,0,0,1,2,C03,8,5,5,50,14,9,1,5,4,5,13,2,1,3,4,5,2,13,2,22,2,9,6,4,7,15,1,10,1,13,,44,,1,22,,121.5706801,25.05099727
112,11,8,22,45,2,05中正區,中正區愛國東路66號,0,0,2,2,H02,8,5,5,50,14,8,1,5,3,5,13,4,4,1,4,4,2,9,2,31,2,9,6,5,7,20,8,20,10,16,,67,,1,22,,121.5195411,25.03382563
112,11,8,22,45,2,05中正區,中正區愛國東路66號,0,0,2,3,,8,5,5,50,14,8,1,5,3,5,13,4,4,1,4,4,2,9,3,0,,,,,,,,,,,,128,,1,,,121.5195411,25.03382563
112,11,8,22,45,2,05中正區,中正區愛國東路66號,0,0,2,1,C03,8,5,5,50,14,8,1,5,3,5,13,4,4,1,4,4,2,9,1,28,2,9,6,4,7,9,1,10,2,14,,42,,1,22,,121.5195411,25.03382563
112,11,9,0,26,2,10文山區,文山區木新路3段311號,0,0,1,2,,8,5,5,50,14,9,2,5,4,5,13,4,4,5,4,5,2,18,3,0,,,,,,,,,10,,,67,,1,,,121.5568746,24.98071693
112,11,9,0,26,2,10文山區,文山區木新路3段311號,0,0,1,1,C03,8,5,5,50,14,9,2,5,4,5,13,4,4,5,4,5,2,18,2,18,2,9,5,1,7,9,1,10,2,14,,42,,1,21,,121.5568746,24.98071693
112,11,9,4,12,2,01大同區,大同區民權西路268號與民權西路225巷口,0,0,1,2,C03,8,5,5,0,4,2,1,5,4,5,13,1,1,9,4,5,2,17,1,28,2,9,6,4,7,9,1,10,2,11,,14,,1,22,,121.5122185,25.06287
112,11,9,4,12,2,01大同區,大同區民權西路268號與民權西路225巷口,0,0,1,1,B01,8,5,5,0,4,2,1,5,4,5,13,1,1,9,4,5,2,17,1,52,3,10,3,4,7,11,1,4,2,2,,72,,1,22,,121.5122185,25.06287
112,11,9,4,30,2,09北投區,北投區行義路10巷9弄與行義路10巷口,0,0,2,1,F01,8,5,5,30,3,1,1,5,4,5,13,4,4,10,5,5,2,16,2,29,2,9,3,4,7,6,8,20,2,11,,72,,1,21,,121.5267116,25.1242355
112,11,9,4,30,2,09北投區,北投區行義路10巷9弄與行義路10巷口,0,0,2,2,C03,8,5,5,30,3,1,1,5,4,5,13,4,4,10,5,5,2,16,1,75,2,9,3,4,7,9,1,10,2,11,,44,,1,21,,121.5267116,25.1242355
112,11,9,4,43,2,03中山區,中山區北安路忠烈祠前西往東,0,0,1,3,,8,5,5,50,14,9,1,5,4,5,13,4,4,1,4,5,2,27,3,0,,,,,,,,,,,,67,,1,,,121.531414,25.07805955
112,11,9,4,43,2,03中山區,中山區北安路忠烈祠前西往東,0,0,1,2,C03,8,5,5,50,14,9,1,5,4,5,13,4,4,1,4,5,2,27,1,27,2,9,6,1,7,9,1,10,9,11,,44,,1,21,,121.531414,25.07805955
112,11,9,4,43,2,03中山區,中山區北安路忠烈祠前西往東,0,0,1,1,,8,5,5,50,14,9,1,5,4,5,13,4,4,1,4,5,2,27,3,0,,,,,,,,,,,,66,,1,,,121.531414,25.07805955
112,11,9,5,36,2,07信義區,信義區松仁路221號,0,0,2,2,C03,8,5,5,50,14,9,1,5,4,5,13,4,4,9,5,5,1,3,2,63,2,9,3,4,7,9,1,10,1,11,,44,,1,22,,121.5685093,25.0264752
112,11,9,5,36,2,07信義區,信義區松仁路221號,0,0,2,1,H01,8,5,5,50,14,9,1,5,4,5,13,4,4,9,5,5,1,3,2,79,2,9,4,5,8,16,8,20,10,16,,121,,1,22,,121.5685093,25.0264752
112,11,9,7,16,2,10文山區,文山區羅斯福路5段與萬隆街口口,0,0,2,5,C03,8,6,5,50,4,1,1,5,4,5,13,2,1,1,4,5,2,17,2,29,3,10,6,1,7,9,1,10,1,14,,108,,1,21,,121.5395954,25.0005543
112,11,9,7,16,2,10文山區,文山區羅斯福路5段與萬隆街口口,0,0,2,4,B03,8,6,5,50,4,1,1,5,4,5,13,2,1,1,4,5,2,17,1,50,3,10,7,1,7,9,1,8,1,2,,17,,1,21,,121.5395954,25.0005543
112,11,9,7,16,2,10文山區,文山區羅斯福路5段與萬隆街口口,0,0,2,2,C03,8,6,5,50,4,1,1,5,4,5,13,2,1,1,4,5,2,17,1,36,3,10,6,1,7,9,1,10,1,13,,16,,1,27,,121.5395954,25.0005543
112,11,9,7,16,2,10文山區,文山區羅斯福路5段與萬隆街口口,0,0,2,1,C03,8,6,5,50,4,1,1,5,4,5,13,2,1,1,4,5,2,17,2,46,2,7,6,1,7,9,1,10,1,11,,16,,1,21,,121.5395954,25.0005543
112,11,9,7,16,2,10文山區,文山區羅斯福路5段與萬隆街口口,0,0,2,3,C03,8,6,5,50,4,1,1,5,4,5,13,2,1,1,4,5,2,17,2,45,2,9,6,1,7,9,1,10,1,12,,13,,1,21,,121.5395954,25.0005543
112,11,9,7,19,2,02萬華區,萬華區莒光路283巷與莒光路口,0,0,3,4,H02,8,6,5,50,14,9,1,5,4,5,13,4,4,9,4,5,1,17,2,10,2,1,3,5,7,20,8,20,10,16,,67,,1,22,,121.4996361,25.03109621
112,11,9,7,19,2,02萬華區,萬華區莒光路283巷與莒光路口,0,0,3,2,C03,8,6,5,50,14,9,1,5,4,5,13,4,4,9,4,5,1,17,2,45,2,1,3,4,7,9,1,10,1,11,,32,,1,22,,121.4996361,25.03109621
112,11,9,7,19,2,02萬華區,萬華區莒光路283巷與莒光路口,0,0,3,3,H02,8,6,5,50,14,9,1,5,4,5,13,4,4,9,4,5,1,17,2,15,2,7,3,5,7,20,8,20,10,16,,67,,1,22,,121.4996361,25.03109621
112,11,9,7,19,2,02萬華區,萬華區莒光路283巷與莒光路口,0,0,3,1,C03,8,6,5,50,14,9,1,5,4,5,13,4,4,9,4,5,1,17,2,19,3,10,3,4,7,6,1,10,1,12,,9,,1,22,,121.4996361,25.03109621
112,11,9,7,23,2,01大同區,大同區環河北路1段與環河北路1段口玉泉公園停車場出入口,0,0,1,2,B03,8,6,5,50,5,2,1,5,4,5,13,2,1,5,4,5,2,13,2,39,3,10,7,1,7,12,1,8,1,6,,44,,1,21,,121.5066707,25.0500227
112,11,9,7,23,2,01大同區,大同區環河北路1段與環河北路1段口玉泉公園停車場出入口,0,0,1,1,C03,8,6,5,50,5,2,1,5,4,5,13,2,1,5,4,5,2,13,1,71,2,8,6,1,7,9,1,10,1,11,,16,,1,21,,121.5066707,25.0500227
112,11,9,7,36,2,08士林區,士林區承德路4段6巷與通河街76巷口,0,0,2,1,C03,8,6,5,30,4,1,1,5,4,5,13,4,4,10,2,5,2,15,1,59,2,9,6,1,7,9,1,10,1,11,,44,,1,21,,121.5198986,25.0797197
112,11,9,7,36,2,08士林區,士林區承德路4段6巷與通河街76巷口,0,0,2,2,C03,8,6,5,30,4,1,1,5,4,5,13,4,4,10,2,5,2,15,1,61,2,9,6,1,7,9,1,10,1,14,,72,,1,21,,121.5198986,25.0797197
112,11,9,7,47,2,06松山區,松山區南京東路5段與八德路4段245巷口,0,0,3,3,H02,8,6,5,30,4,1,1,5,4,5,13,1,1,8,3,5,1,16,2,30,2,7,3,5,7,21,8,20,10,16,,67,,1,22,,121.5639789,25.0513495
112,11,9,7,47,2,06松山區,松山區南京東路5段與八德路4段245巷口,0,0,3,2,C04,8,6,5,30,4,1,1,5,4,5,13,1,1,8,3,5,1,16,2,30,2,8,3,1,7,4,1,10,1,12,,108,,1,22,,121.5639789,25.0513495
112,11,9,7,47,2,06松山區,松山區南京東路5段與八德路4段245巷口,0,0,3,1,C03,8,6,5,30,4,1,1,5,4,5,13,1,1,8,3,5,1,16,2,44,2,8,3,1,7,5,1,10,1,14,,44,,1,22,,121.5639789,25.0513495
112,11,9,7,49,2,08士林區,士林區延平北路6段與社正路口,0,0,1,1,C03,8,6,5,50,4,1,1,5,4,5,13,2,1,5,5,5,2,16,2,24,2,9,6,1,7,6,1,10,1,12,,74,,1,21,,121.5083409,25.0887079
112,11,9,7,49,2,08士林區,士林區延平北路6段與社正路口,0,0,1,2,C03,8,6,5,50,4,1,1,5,4,5,13,2,1,5,5,5,2,16,1,72,3,10,5,1,7,9,1,10,1,12,,44,,1,21,,121.5083409,25.0887079
112,11,9,7,53,2,04大安區,大安區金山南路2段55號,0,0,1,3,F01,8,6,5,0,22,20,1,5,4,5,13,4,4,10,5,5,2,9,2,25,2,7,4,1,7,9,8,20,1,17,,44,,1,21,,121.5270459,25.03228795
112,11,9,7,53,2,04大安區,大安區金山南路2段55號,0,0,1,2,H02,8,6,5,0,22,20,1,5,4,5,13,4,4,10,5,5,2,9,2,45,3,10,4,5,7,19,8,20,10,16,,126,,1,21,,121.5270459,25.03228795
112,11,9,7,53,2,04大安區,大安區金山南路2段55號,0,0,1,1,B03,8,6,5,0,22,20,1,5,4,5,13,4,4,10,5,5,2,9,1,45,3,10,7,1,7,14,1,8,1,2,,38,,1,21,,121.5270459,25.03228795
112,11,9,7,57,2,03中山區,中山區大直橋北往南,0,0,1,1,B01,8,5,5,50,8,9,1,5,4,5,13,4,4,1,4,5,2,12,1,66,3,10,3,4,7,7,1,4,1,2,,100,,1,21,,121.544295,25.07843332
112,11,9,7,57,2,03中山區,中山區大直橋北往南,0,0,1,2,C03,8,5,5,50,8,9,1,5,4,5,13,4,4,1,4,5,2,12,1,71,2,9,3,4,7,9,1,10,1,14,,44,,1,21,,121.544295,25.07843332
112,11,9,7,57,2,03中山區,中山區大直橋北往南,0,0,1,3,C03,8,5,5,50,8,9,1,5,4,5,13,4,4,1,4,5,2,12,2,43,3,10,3,4,7,15,1,10,1,17,,39,,1,21,,121.544295,25.07843332
112,11,9,8,0,2,06松山區,松山區松河街與饒河街61巷口,0,0,1,3,B12,8,6,5,50,3,2,1,5,4,5,13,4,4,5,3,5,2,17,1,45,3,10,3,1,7,13,1,8,1,7,,42,,1,21,,121.5729865,25.05075095
112,11,9,8,0,2,06松山區,松山區松河街與饒河街61巷口,0,0,1,2,B03,8,6,5,50,3,2,1,5,4,5,13,4,4,5,3,5,2,17,1,50,3,10,3,1,7,9,1,8,1,2,,42,,1,21,,121.5729865,25.05075095
112,11,9,8,0,2,06松山區,松山區松河街與饒河街61巷口,0,0,1,1,C03,8,6,5,50,3,2,1,5,4,5,13,4,4,5,3,5,2,17,1,19,2,9,6,1,7,9,1,10,1,14,,42,,1,21,,121.5729865,25.05075095
112,11,9,8,0,2,04大安區,大安區信義路3段與信義路3段73巷口,0,0,1,2,C03,8,5,5,50,3,1,1,5,4,5,13,4,4,10,4,5,2,17,1,51,2,8,6,1,7,9,1,10,1,12,,17,,1,21,,121.5370667,25.03364153
112,11,9,8,0,2,04大安區,大安區信義路3段與信義路3段73巷口,0,0,1,3,B03,8,5,5,50,3,1,1,5,4,5,13,4,4,10,4,5,2,17,1,40,3,10,7,1,7,14,1,8,1,2,,72,,1,21,,121.5370667,25.03364153
112,11,9,8,0,2,04大安區,大安區信義路3段與信義路3段73巷口,0,0,1,1,B03,8,5,5,50,3,1,1,5,4,5,13,4,4,10,4,5,2,17,2,54,3,10,7,1,7,9,1,8,1,8,,108,,1,21,,121.5370667,25.03364153
112,11,9,8,4,2,08士林區,士林區重慶北路4段與葫東街口,0,0,1,1,C04,8,6,5,50,5,2,1,5,4,5,13,2,1,1,4,4,1,17,2,72,4,11,3,4,7,1,7,19,11,15,,19,,2,22,,121.5118023,25.08386499
112,11,9,8,4,2,08士林區,士林區重慶北路4段與葫東街口,0,0,1,2,C01,8,6,5,50,5,2,1,5,4,5,13,2,1,1,4,4,1,17,1,41,2,9,5,1,7,12,1,9,1,17,,118,,1,21,,121.5118023,25.08386499
112,11,9,8,10,2,06松山區,松山區敦化北路與南京東路3段口,0,0,1,2,F01,8,7,5,40,4,1,1,5,4,5,13,1,1,9,4,4,1,17,1,15,2,9,5,1,7,21,8,20,1,12,,44,,1,15,,121.5486946,25.05161669
112,11,9,8,10,2,06松山區,松山區敦化北路與南京東路3段口,0,0,1,1,B03,8,7,5,40,4,1,1,5,4,5,13,1,1,9,4,4,1,17,1,50,3,10,7,4,7,6,1,8,1,1,,9,,1,22,,121.5486946,25.05161669
112,11,9,8,34,2,03中山區,中山區南京東路3段與龍江路口,0,0,4,4,H02,8,6,5,50,4,1,1,5,4,5,13,2,1,3,4,4,2,13,1,29,2,9,3,5,7,21,8,20,10,16,,67,,1,21,,121.5406714,25.0520112
112,11,9,8,34,2,03中山區,中山區南京東路3段與龍江路口,0,0,4,1,C03,8,6,5,50,4,1,1,5,4,5,13,2,1,3,4,4,2,13,2,57,2,9,3,4,7,12,1,10,2,13,,44,,1,21,,121.5406714,25.0520112
112,11,9,8,34,2,03中山區,中山區南京東路3段與龍江路口,0,0,4,2,C03,8,6,5,50,4,1,1,5,4,5,13,2,1,3,4,4,2,13,1,49,2,9,3,4,7,9,1,10,2,11,,13,,1,21,,121.5406714,25.0520112
112,11,9,8,34,2,03中山區,中山區南京東路3段與龍江路口,0,0,4,3,C03,8,6,5,50,4,1,1,5,4,5,13,2,1,3,4,4,2,13,2,28,2,9,3,4,7,9,1,10,2,11,,16,,1,21,,121.5406714,25.0520112
112,11,9,8,35,2,12內湖區,內湖區陽光街1號,0,0,2,4,C03,8,6,5,50,3,1,1,5,4,5,13,2,1,5,5,5,2,13,2,24,2,8,6,1,7,9,1,10,2,11,,16,,1,21,,121.5883842,25.077105
112,11,9,8,35,2,12內湖區,內湖區陽光街1號,0,0,2,1,C03,8,6,5,50,3,1,1,5,4,5,13,2,1,5,5,5,2,13,1,26,3,10,6,1,7,12,1,10,2,13,,44,,1,21,,121.5883842,25.077105
112,11,9,8,35,2,12內湖區,內湖區陽光街1號,0,0,2,2,C03,8,6,5,50,3,1,1,5,4,5,13,2,1,5,5,5,2,13,2,41,2,8,6,1,7,12,1,10,2,13,,44,,1,21,,121.5883842,25.077105