發生年度,發生月,發生日,發生時-Hours,發生分,處理別-編號,區序,肇事地點,死亡人數,2-30日死亡人數,受傷人數,當事人序號,車種,天候,光線,道路類別,速限-速度限制,道路型態,事故位置,路面狀況1,路面狀況2,路面狀況3,道路障礙1,道路障礙2,號誌1,號誌2,車道劃分-分向,車道劃分-分道1,車道劃分-分道2,車道劃分-分道3,事故類型及型態,性別,年齡,受傷程度,主要傷處,保護裝置,行動電話,車輛用途,當事者行動狀態,駕駛資格情形,駕駛執照種類,飲酒情形,車輛撞擊部位1,車輛撞擊部位2,肇因碼-個別,肇因碼-主要,個人肇逃否,職業,旅次目的,座標-X,座標-Y
112,11,9,8,35,2,12內湖區,內湖區陽光街1號,0,0,2,3,C03,8,6,5,50,3,1,1,5,4,5,13,2,1,5,5,5,2,13,1,37,3,10,6,1,7,9,1,10,2,11,,16,,1,21,,121.5883842,25.077105
112,11,9,8,50,2,03中山區,中山區民權東路2段與建國北路2段口,0,0,3,3,C03,8,7,5,50,4,1,1,5,4,5,13,1,1,10,5,5,2,12,2,18,2,9,6,1,7,9,1,10,1,11,,44,,1,25,,121.5372417,25.06230066
112,11,9,8,50,2,03中山區,中山區民權東路2段與建國北路2段口,0,0,3,1,C03,8,7,5,50,4,1,1,5,4,5,13,1,1,10,5,5,2,12,2,55,2,7,6,1,7,7,1,10,1,12,,108,,1,21,,121.5372417,25.06230066
112,11,9,8,50,2,03中山區,中山區民權東路2段與建國北路2段口,0,0,3,2,C03,8,7,5,50,4,1,1,5,4,5,13,1,1,10,5,5,2,12,2,40,2,9,6,1,7,9,1,10,1,14,,44,,1,21,,121.5372417,25.06230066
112,11,9,9,10,2,05中正區,中正區襄陽路9號對面(公車停靠區),0,0,1,1,A02,8,6,6,40,14,9,1,5,4,5,13,4,4,5,4,5,2,8,1,46,3,10,2,1,7,9,1,2,2,2,,107,,1,22,,121.515649,25.0433124
112,11,9,9,10,2,05中正區,中正區襄陽路9號對面(公車停靠區),0,0,1,2,H01,8,6,6,40,14,9,1,5,4,5,13,4,4,5,4,5,2,8,1,22,2,1,4,5,8,17,8,20,10,16,,67,,1,22,,121.515649,25.0433124
112,11,9,9,15,2,07信義區,信義區仁愛路4段與逸仙路口,0,0,1,1,B03,8,5,5,50,5,1,1,5,4,5,13,1,1,1,5,5,2,17,1,58,3,10,7,1,7,6,1,8,9,6,,9,,1,22,,121.5615466,25.0376126
112,11,9,9,15,2,07信義區,信義區仁愛路4段與逸仙路口,0,0,1,2,B01,8,5,5,50,5,1,1,5,4,5,13,1,1,1,5,5,2,17,1,56,3,10,7,1,7,9,1,4,9,8,,44,,1,21,,121.5615466,25.0376126
112,11,9,9,15,2,07信義區,信義區仁愛路4段與逸仙路口,0,0,1,3,H02,8,5,5,50,5,1,1,5,4,5,13,1,1,1,5,5,2,17,2,38,2,6,4,5,7,20,8,20,10,16,,58,,1,21,,121.5615466,25.0376126
112,11,9,9,26,2,03中山區,中山區建國高架道與民族東路口往北,0,0,3,1,B12,8,5,5,70,10,9,1,5,4,5,13,4,4,1,4,5,2,13,1,29,2,8,3,4,7,9,1,8,1,1,,16,,1,21,,121.53351,25.06797462
112,11,9,9,26,2,03中山區,中山區建國高架道與民族東路口往北,0,0,3,2,B03,8,5,5,70,10,9,1,5,4,5,13,4,4,1,4,5,2,13,1,36,2,1,3,4,7,9,1,8,1,3,,44,,1,21,,121.53351,25.06797462
112,11,9,9,26,2,03中山區,中山區建國高架道與民族東路口往北,0,0,3,3,B03,8,5,5,70,10,9,1,5,4,5,13,4,4,1,4,5,2,13,1,43,3,10,3,4,7,9,1,8,1,3,,44,,1,21,,121.53351,25.06797462
112,11,9,9,26,2,03中山區,中山區建國高架道與民族東路口往北,0,0,3,4,H02,8,5,5,70,10,9,1,5,4,5,13,4,4,1,4,5,2,13,2,31,2,1,3,5,7,20,8,20,10,16,,67,,1,21,,121.53351,25.06797462
112,11,9,9,35,2,02萬華區,萬華區艋舺大道281號對面,0,0,1,2,B03,8,6,5,50,14,9,1,5,4,5,13,4,4,1,4,5,1,17,1,71,3,10,3,4,7,9,1,8,1,8,,44,,1,22,,121.4980011,25.03318787
112,11,9,9,35,2,02萬華區,萬華區艋舺大道281號對面,0,0,1,3,H02,8,6,5,50,14,9,1,5,4,5,13,4,4,1,4,5,1,17,2,32,2,1,3,5,7,20,8,20,10,16,,67,,1,22,,121.4980011,25.03318787
112,11,9,9,35,2,02萬華區,萬華區艋舺大道281號對面,0,0,1,1,B03,8,6,5,50,14,9,1,5,4,5,13,4,4,1,4,5,1,17,1,30,3,10,3,4,7,8,1,8,1,5,,100,,1,22,,121.4980011,25.03318787
112,11,9,9,35,2,07信義區,信義區松勤街116號,0,0,1,2,C03,8,5,5,50,14,9,1,5,4,5,12,4,4,9,5,5,2,16,2,30,2,9,5,1,7,9,1,10,1,11,,44,,1,21,,121.5677388,25.0320018
112,11,9,9,35,2,07信義區,信義區松勤街116號,0,0,1,1,B03,8,5,5,50,14,9,1,5,4,5,12,4,4,9,5,5,2,16,1,81,3,10,7,1,7,5,1,8,1,2,,80,,1,21,,121.5677388,25.0320018
112,11,9,9,56,2,04大安區,大安區仁愛路3段與新生南路1段口,0,0,1,1,,8,6,5,50,4,1,1,5,4,5,13,2,1,1,4,1,2,17,1,34,3,10,3,4,7,5,1,8,1,8,,17,,1,22,,121.53274,25.0380231
112,11,9,9,56,2,04大安區,大安區仁愛路3段與新生南路1段口,0,0,1,2,C03,8,6,5,50,4,1,1,5,4,5,13,2,1,1,4,1,2,17,1,43,2,9,3,4,7,9,1,10,1,11,,44,,1,22,,121.53274,25.0380231
112,11,9,10,0,2,09北投區,北投區中和街318號西往東方向,0,0,1,1,C03,8,5,5,50,14,9,1,5,4,5,13,4,4,9,4,5,1,16,1,47,3,10,6,1,7,11,1,10,1,12,,94,,1,21,,121.499771,25.1409739
112,11,9,10,0,2,09北投區,北投區中和街318號西往東方向,0,0,1,2,C03,8,5,5,50,14,9,1,5,4,5,13,4,4,9,4,5,1,16,1,43,2,8,6,1,7,7,1,10,1,14,,100,,1,21,,121.499771,25.1409739
112,11,9,10,10,2,03中山區,中山區北安路139號忠烈祠前往東,0,0,1,2,,8,6,5,50,14,9,1,5,4,5,13,4,4,1,4,5,2,18,3,0,,,,,,,,,,,,67,,1,,,121.5334425,25.07794906
112,11,9,10,10,2,03中山區,中山區北安路139號忠烈祠前往東,0,0,1,1,C04,8,6,5,50,14,9,1,5,4,5,13,4,4,1,4,5,2,18,2,20,2,9,5,1,7,9,1,10,1,14,,108,,1,22,,121.5334425,25.07794906
112,11,9,10,32,2,10文山區,文山區木新路2段與指南路1段口,0,0,1,2,B03,8,6,5,50,4,2,1,5,4,5,13,1,1,5,4,5,2,17,2,36,3,10,3,4,7,9,1,8,1,5,,16,,1,22,,121.5706968,24.9876434
112,11,9,10,32,2,10文山區,文山區木新路2段與指南路1段口,0,0,1,1,C03,8,6,5,50,4,2,1,5,4,5,13,1,1,5,4,5,2,17,2,59,2,8,3,4,7,6,1,10,1,13,,9,,1,22,,121.5706968,24.9876434
112,11,9,10,50,2,07信義區,信義區松壽路11號與松壽路20巷口,0,0,1,2,C03,8,7,5,50,4,2,1,5,4,5,13,4,4,5,4,5,2,16,2,44,2,9,6,1,7,9,1,10,1,12,,118,,1,21,,121.5674776,25.0358787
112,11,9,10,50,2,07信義區,信義區松壽路11號與松壽路20巷口,0,0,1,1,B03,8,7,5,50,4,2,1,5,4,5,13,4,4,5,4,5,2,16,1,64,3,10,7,1,7,6,6,18,1,4,,118,,1,21,,121.5674776,25.0358787
112,11,9,11,26,2,03中山區,中山區長安東路2段與建國北路1段口,0,0,2,2,C03,8,6,5,50,4,1,1,5,4,5,13,1,1,1,4,1,2,16,1,35,2,8,5,1,7,9,1,10,2,14,,13,,1,22,,121.5369982,25.0483797
112,11,9,11,26,2,03中山區,中山區長安東路2段與建國北路1段口,0,0,2,1,C03,8,6,5,50,4,1,1,5,4,5,13,1,1,1,4,1,2,16,1,75,2,9,5,1,7,6,1,10,2,11,,44,,1,22,,121.5369982,25.0483797
112,11,9,11,30,2,02萬華區,萬華區長順街123巷與環河南路2段280巷口,0,0,2,1,C03,7,7,5,50,3,1,1,5,4,5,13,4,4,10,3,5,2,16,2,56,2,9,3,4,7,1,1,10,1,11,,19,,1,22,,121.4893503,25.0333779
112,11,9,11,30,2,02萬華區,萬華區長順街123巷與環河南路2段280巷口,0,0,2,2,C03,7,7,5,50,3,1,1,5,4,5,13,4,4,10,3,5,2,16,1,43,2,9,3,4,7,9,1,10,1,11,,44,,1,22,,121.4893503,25.0333779
112,11,9,11,30,2,06松山區,松山區民權東路5段與三民路口,0,0,2,1,C03,8,6,5,50,4,1,1,5,4,5,13,2,1,1,4,5,2,15,1,25,2,7,6,1,7,9,3,18,2,11,,118,,1,21,,121.5629889,25.06288822
112,11,9,11,30,2,06松山區,松山區民權東路5段與三民路口,0,0,2,2,C04,8,6,5,50,4,1,1,5,4,5,13,2,1,1,4,5,2,15,1,32,2,9,5,1,7,9,1,8,2,14,,44,,1,21,,121.5629889,25.06288822
112,11,9,12,23,2,05中正區,中正區汀州路3段與汀州路3段104巷口,0,0,2,1,C03,8,7,5,50,4,1,1,5,4,5,13,4,4,5,4,5,2,16,1,22,2,7,5,4,7,5,1,10,9,14,,8,,1,21,,121.533347,25.0141919
112,11,9,12,23,2,05中正區,中正區汀州路3段與汀州路3段104巷口,0,0,2,2,C03,8,7,5,50,4,1,1,5,4,5,13,4,4,5,4,5,2,16,1,45,2,7,5,4,7,9,1,10,9,11,,44,,1,21,,121.533347,25.0141919
112,11,9,12,59,2,01大同區,大同區民生西路78號,0,0,1,1,H01,8,5,5,50,14,9,1,5,4,5,13,4,4,9,4,5,1,3,1,33,2,9,4,5,8,16,8,20,10,16,,121,,1,21,,121.5203633,25.0576158
112,11,9,12,59,2,01大同區,大同區民生西路78號,0,0,1,2,B01,8,5,5,50,14,9,1,5,4,5,13,4,4,9,4,5,1,3,1,35,3,10,3,4,7,9,1,4,9,2,,108,,1,22,,121.5203633,25.0576158
112,11,9,13,12,2,07信義區,信義區基隆路1段與市民大道6段口,0,0,2,1,C03,8,6,5,50,4,2,1,5,4,5,13,2,1,9,3,5,2,15,2,18,2,8,5,1,7,9,1,10,1,12,,44,,1,21,,121.5693719,25.0490851
112,11,9,13,12,2,07信義區,信義區基隆路1段與市民大道6段口,0,0,2,2,C03,8,6,5,50,4,2,1,5,4,5,13,2,1,9,3,5,2,15,1,20,2,9,5,1,7,1,1,10,1,11,14,19,,1,21,,121.5693719,25.0490851
112,11,9,13,50,2,03中山區,中山區合江街122巷與合江街口,0,0,1,3,B12,8,7,5,30,4,1,1,5,4,3,10,4,4,10,5,5,2,15,1,59,3,10,7,1,7,13,1,8,1,17,,38,,1,21,,121.5391966,25.05874744
112,11,9,13,50,2,03中山區,中山區合江街122巷與合江街口,0,0,1,2,C03,8,7,5,30,4,1,1,5,4,3,10,4,4,10,5,5,2,15,1,70,2,9,6,1,7,9,1,10,1,11,,44,,1,21,,121.5391966,25.05874744
112,11,9,13,50,2,03中山區,中山區合江街122巷與合江街口,0,0,1,1,B02,8,7,5,30,4,1,1,5,4,3,10,4,4,10,5,5,2,15,1,41,3,10,7,1,7,9,1,8,1,4,,72,,1,21,,121.5391966,25.05874744
112,11,9,14,0,2,07信義區,信義區市民大道5段與基隆路1段口口,0,0,1,3,C03,8,7,5,50,4,1,1,5,4,5,13,1,1,1,4,5,2,13,1,59,2,9,6,1,7,9,1,10,1,17,,42,,1,22,,121.5688866,25.0489582
112,11,9,14,0,2,07信義區,信義區市民大道5段與基隆路1段口口,0,0,1,1,B03,8,7,5,50,4,1,1,5,4,5,13,1,1,1,4,5,2,13,1,32,3,10,7,1,7,12,1,8,1,3,,44,,1,22,,121.5688866,25.0489582
112,11,9,14,0,2,07信義區,信義區市民大道5段與基隆路1段口口,0,0,1,2,C03,8,7,5,50,4,1,1,5,4,5,13,1,1,1,4,5,2,13,1,37,3,10,6,1,7,9,1,10,1,11,,16,,1,22,,121.5688866,25.0489582
112,11,9,14,31,2,03中山區,中山區林森北路426號對面,0,0,2,2,C03,8,6,5,50,14,16,1,5,4,5,13,4,4,9,5,5,2,7,1,39,2,8,3,4,7,9,1,10,2,11,,107,,1,21,,121.5256032,25.0598897
112,11,9,14,31,2,03中山區,中山區林森北路426號對面,0,0,2,1,H01,8,6,5,50,14,16,1,5,4,5,13,4,4,9,5,5,2,7,2,30,2,9,4,5,8,16,8,20,10,16,,121,,1,21,,121.5256032,25.0598897
112,11,9,14,36,2,08士林區,士林區延平北路6段與社正路口,0,0,1,1,B03,8,6,5,50,4,1,1,5,4,5,13,4,4,5,4,5,2,17,1,48,3,10,7,1,7,5,1,1,1,4,,8,,1,21,,121.5089398,25.0881535
112,11,9,14,36,2,08士林區,士林區延平北路6段與社正路口,0,0,1,2,C03,8,6,5,50,4,1,1,5,4,5,13,4,4,5,4,5,2,17,1,34,2,7,6,1,7,5,1,10,1,12,,108,,1,21,,121.5089398,25.0881535
112,11,9,14,40,2,09北投區,北投區竹子湖路小油坑橋7010014號燈桿,0,0,1,1,B02,8,7,5,40,11,9,1,5,4,5,13,4,4,4,5,5,1,11,2,27,3,10,7,1,7,4,3,18,2,4,,4,,1,22,,121.5443086,25.17603328
112,11,9,14,40,2,09北投區,北投區竹子湖路小油坑橋7010014號燈桿,0,0,1,2,C03,8,7,5,40,11,9,1,5,4,5,13,4,4,4,5,5,1,11,1,20,2,7,5,1,7,9,1,10,2,14,,13,,1,22,,121.5443086,25.17603328
112,11,9,14,46,2,11南港區,南港區南港路2段41巷與市民大道8段口,0,0,1,1,B03,8,6,5,50,4,1,1,5,4,1,13,2,1,3,4,5,2,12,2,59,3,10,3,4,7,15,1,8,1,7,,100,,1,22,,121.6033076,25.05274913
112,11,9,14,46,2,11南港區,南港區南港路2段41巷與市民大道8段口,0,0,1,2,C03,8,6,5,50,4,1,1,5,4,1,13,2,1,3,4,5,2,12,1,37,2,8,6,4,7,9,1,10,1,11,,44,,1,22,,121.6033076,25.05274913
112,11,9,14,46,2,07信義區,信義區中坡北路與市民大道6段口,0,0,2,1,B03,8,5,5,50,4,1,1,5,4,5,13,2,1,9,4,5,2,15,2,63,2,1,7,1,7,9,1,8,1,4,,81,,1,21,,121.5800303,25.0489065
112,11,9,14,46,2,07信義區,信義區中坡北路與市民大道6段口,0,0,2,2,B03,8,5,5,50,4,1,1,5,4,5,13,2,1,9,4,5,2,15,1,38,2,1,7,1,7,9,1,8,1,1,,44,,1,21,,121.5800303,25.0489065
112,11,9,14,47,2,10文山區,文山區基隆路高架道引道往水源快速道路(北往南),0,0,2,1,B12,8,6,5,40,10,9,1,5,4,5,13,4,4,1,5,5,1,13,1,34,3,10,7,1,7,9,1,8,2,1,,16,,1,21,,121.5352649,25.01059832
112,11,9,14,47,2,10文山區,文山區基隆路高架道引道往水源快速道路(北往南),0,0,2,2,B01,8,6,5,40,10,9,1,5,4,5,13,4,4,1,5,5,1,13,1,61,2,9,7,1,7,14,1,4,2,3,,44,,1,21,,121.5352649,25.01059832
112,11,9,14,47,2,10文山區,文山區基隆路高架道引道往水源快速道路(北往南),0,0,2,3,H02,8,6,5,40,10,9,1,5,4,5,13,4,4,1,5,5,1,13,2,39,2,2,7,5,7,20,8,20,10,16,,67,,1,21,,121.5352649,25.01059832
112,11,9,14,58,2,03中山區,中山區民生東路2段43號,0,0,1,1,A02,8,5,5,50,14,9,1,5,4,5,13,4,4,4,3,5,1,9,1,56,3,10,7,1,7,9,1,2,2,17,,44,,1,21,,121.5291443,25.0580374
112,11,9,14,58,2,03中山區,中山區民生東路2段43號,0,0,1,2,H02,8,5,5,50,14,9,1,5,4,5,13,4,4,4,3,5,1,9,2,72,2,9,2,5,7,20,8,20,10,16,,67,,1,21,,121.5291443,25.0580374
112,11,9,15,2,2,08士林區,士林區格致路與凱旋路口,0,0,2,2,C03,8,5,5,40,3,1,1,5,4,5,13,4,4,5,5,5,2,16,2,19,2,7,6,1,7,9,1,10,1,11,,14,,1,25,,121.5463642,25.1369773
112,11,9,15,2,2,08士林區,士林區格致路與凱旋路口,0,0,2,1,C03,8,5,5,40,3,1,1,5,4,5,13,4,4,5,5,5,2,16,1,20,2,9,6,1,7,5,1,10,1,12,,74,,1,25,,121.5463642,25.1369773
112,11,9,15,40,2,12內湖區,內湖區文德路66巷12弄與文德路66巷口,0,0,1,1,B03,8,7,5,30,4,1,1,5,4,5,13,4,4,10,5,5,2,16,2,56,3,10,7,1,7,11,1,8,1,5,,10,,1,21,,121.5815677,25.07756756
112,11,9,15,40,2,12內湖區,內湖區文德路66巷12弄與文德路66巷口,0,0,1,2,C03,8,7,5,30,4,1,1,5,4,5,13,4,4,10,5,5,2,16,1,57,2,9,5,1,7,9,1,10,1,14,12,108,,1,21,,121.5815677,25.07756756
112,11,9,16,26,2,03中山區,中山區松江路2號與新生北路1段口,0,0,1,1,B03,8,5,5,30,5,1,1,5,4,5,13,1,1,1,4,5,2,13,1,41,3,10,3,4,7,5,1,8,1,1,,107,,1,21,,121.5327916,25.0460368
112,11,9,16,26,2,03中山區,中山區松江路2號與新生北路1段口,0,0,1,2,C03,8,5,5,30,5,1,1,5,4,5,13,1,1,1,4,5,2,13,1,55,2,8,3,4,7,14,1,10,1,13,,44,,1,21,,121.5327916,25.0460368
112,11,9,16,30,2,10文山區,文山區三福街與羅斯福路6段159巷1弄口口,0,0,2,1,C04,8,6,5,30,4,1,1,5,4,5,13,3,1,10,5,5,2,15,2,26,2,9,6,1,7,9,1,10,1,14,,72,,1,21,,121.5412177,24.997247
112,11,9,16,30,2,10文山區,文山區三福街與羅斯福路6段159巷1弄口口,0,0,2,2,C03,8,6,5,30,4,1,1,5,4,5,13,3,1,10,5,5,2,15,1,18,2,9,5,1,7,9,1,10,1,11,,13,,1,21,,121.5412177,24.997247
112,11,9,16,44,2,03中山區,中山區民權東路2段與中原街口,0,0,1,2,C03,8,5,5,50,4,1,1,5,4,5,13,1,1,1,3,5,1,17,1,21,2,9,6,1,7,9,1,10,1,11,,44,,1,21,,121.5292009,25.0627094
112,11,9,16,44,2,03中山區,中山區民權東路2段與中原街口,0,0,1,1,B03,8,5,5,50,4,1,1,5,4,5,13,1,1,1,3,5,1,17,1,57,3,10,7,1,7,6,1,8,1,7,,9,,1,21,,121.5292009,25.0627094
112,11,9,16,45,2,08士林區,士林區葫蘆街29巷與延平北路5段1巷口,0,0,2,2,C03,8,5,5,30,3,1,1,5,4,5,13,4,4,10,5,5,2,16,1,18,2,9,6,1,7,9,1,10,1,11,,108,,1,21,,121.5098002,25.078846
112,11,9,16,45,2,08士林區,士林區葫蘆街29巷與延平北路5段1巷口,0,0,2,1,C03,8,5,5,30,3,1,1,5,4,5,13,4,4,10,5,5,2,16,1,46,2,9,5,1,7,5,1,10,1,11,,72,,1,21,,121.5098002,25.078846
112,11,9,16,48,2,09北投區,北投區大業路與大興街口口,0,0,1,2,C03,8,6,5,50,3,2,1,5,4,5,13,2,1,1,4,4,2,17,1,20,2,9,6,1,7,9,1,10,1,13,,42,,1,22,,121.4972015,25.1295152
112,11,9,16,48,2,09北投區,北投區大業路與大興街口口,0,0,1,3,B03,8,6,5,50,3,2,1,5,4,5,13,2,1,1,4,4,2,17,1,68,3,10,7,1,7,13,1,8,9,4,,44,,1,22,,121.4972015,25.1295152
112,11,9,16,48,2,09北投區,北投區大業路與大興街口口,0,0,1,1,B01,8,6,5,50,3,2,1,5,4,5,13,2,1,1,4,4,2,17,1,69,3,10,7,1,7,9,1,4,1,1,,42,,1,21,,121.4972015,25.1295152
112,11,9,16,52,2,07信義區,信義區基隆路1段141號,0,0,1,2,B02,8,5,5,50,14,9,1,5,4,5,13,1,1,1,2,5,2,12,1,65,3,10,7,1,7,1,1,4,2,8,,44,,1,21,,121.5657434,25.042994
112,11,9,16,52,2,07信義區,信義區基隆路1段141號,0,0,1,1,C03,8,5,5,50,14,9,1,5,4,5,13,1,1,1,2,5,2,12,1,25,2,8,6,1,7,7,1,10,2,12,,100,,1,21,,121.5657434,25.042994
112,11,9,16,54,2,09北投區,北投區承德路7段與大度路9巷口,0,0,1,1,E01,8,6,5,50,5,1,1,5,4,5,13,1,1,1,1,1,2,15,1,43,3,10,7,1,7,9,1,8,2,1,,108,,1,21,,121.4999667,25.1209715
112,11,9,16,54,2,09北投區,北投區承德路7段與大度路9巷口,0,0,1,2,C03,8,6,5,50,5,1,1,5,4,5,13,1,1,1,1,1,2,15,2,39,2,9,5,1,6,9,1,10,2,12,,69,,1,21,,121.4999667,25.1209715
112,11,9,17,10,2,07信義區,信義區和平東路3段與和平東路3段575巷口,0,0,1,2,C03,8,5,5,30,3,1,1,5,4,5,13,4,4,9,4,5,2,17,1,18,2,9,5,1,7,9,1,10,1,11,,108,,1,21,,121.5617445,25.0150303
112,11,9,17,10,2,07信義區,信義區和平東路3段與和平東路3段575巷口,0,0,1,1,C03,8,5,5,30,3,1,1,5,4,5,13,4,4,9,4,5,2,17,1,80,4,11,3,4,7,15,1,14,11,14,,72,,2,22,,121.5617445,25.0150303
112,11,9,17,36,2,06松山區,松山區塔悠路101號,0,0,1,1,B12,8,5,5,50,14,9,1,5,4,5,13,4,4,1,4,5,2,17,1,32,3,10,7,1,7,1,1,8,2,4,,19,,1,21,,121.5701066,25.05380977
112,11,9,17,36,2,06松山區,松山區塔悠路101號,0,0,1,2,C03,8,5,5,50,14,9,1,5,4,5,13,4,4,1,4,5,2,17,1,21,2,9,6,1,7,9,1,10,2,11,,13,,1,21,,121.5701066,25.05380977
112,11,9,17,39,2,10文山區,文山區興隆路3段36巷與興隆路3段36巷17弄口,0,0,1,1,B03,8,5,5,30,3,2,1,5,4,5,13,3,1,10,5,5,2,17,1,72,3,10,2,1,7,5,1,8,11,17,,107,,1,21,,121.5550127,24.9995973
112,11,9,17,39,2,10文山區,文山區興隆路3段36巷與興隆路3段36巷17弄口,0,0,1,2,C01,8,5,5,30,3,2,1,5,4,5,13,3,1,10,5,5,2,17,1,23,2,8,5,1,7,6,1,9,2,17,,116,,1,21,,121.5550127,24.9995973
112,11,9,17,44,2,09北投區,北投區公館路1號,0,0,1,1,B03,8,5,5,50,14,9,1,5,4,5,13,4,4,5,5,5,2,9,2,68,3,10,7,1,7,9,1,8,2,2,,108,,1,22,,121.502222,25.1334995
112,11,9,17,44,2,09北投區,北投區公館路1號,0,0,1,2,H01,8,5,5,50,14,9,1,5,4,5,13,4,4,5,5,5,2,9,2,65,2,9,4,5,8,16,8,20,10,16,,67,,1,22,,121.502222,25.1334995
112,11,9,17,50,2,09北投區,北投區大同街與大同街228巷口,0,0,1,1,C03,8,5,5,50,3,1,1,5,4,5,13,4,4,9,5,5,2,18,1,29,2,8,5,1,7,9,1,10,9,14,,118,,1,22,,121.4992827,25.13928267
112,11,9,17,50,2,09北投區,北投區大同街與大同街228巷口,0,0,1,2,,8,5,5,50,3,1,1,5,4,5,13,4,4,9,5,5,2,18,3,0,,,,,,,,,,,,67,,1,,,121.4992827,25.13928267
112,11,9,17,59,2,08士林區,士林區文林路235號,0,0,1,2,C03,8,5,5,50,14,9,1,5,4,5,13,4,4,5,5,5,2,17,1,22,2,9,5,1,7,9,1,10,1,14,,42,,1,21,,121.526892,25.09062877
112,11,9,17,59,2,08士林區,士林區文林路235號,0,0,1,1,C03,8,5,5,50,14,9,1,5,4,5,13,4,4,5,5,5,2,17,2,43,4,11,3,4,7,9,1,10,11,15,,44,,2,21,,121.526892,25.09062877
112,11,9,18,20,2,08士林區,士林區通河西街1段與堤外便道口堤外停車場前,0,0,1,1,C03,8,5,5,50,3,1,1,5,4,5,13,4,4,5,5,5,1,16,1,49,2,7,6,1,7,5,1,10,1,11,,74,,1,21,,121.5126595,25.08589768
112,11,9,18,20,2,08士林區,士林區通河西街1段與堤外便道口堤外停車場前,0,0,1,2,C03,8,5,5,50,3,1,1,5,4,5,13,4,4,5,5,5,1,16,1,38,3,10,6,1,7,9,1,10,1,11,,44,,1,21,,121.5126595,25.08589768
112,11,9,18,35,2,03中山區,中山區中山北路3段與北安路口,0,0,1,2,F01,8,6,5,0,22,20,4,5,4,5,13,4,4,10,5,5,2,16,1,56,3,10,4,4,7,9,8,20,2,11,,108,,1,21,,121.5275304,25.076473
112,11,9,18,35,2,03中山區,中山區中山北路3段與北安路口,0,0,1,1,F01,8,6,5,0,22,20,4,5,4,5,13,4,4,10,5,5,2,16,1,53,2,9,4,4,7,9,8,20,2,11,,108,,1,21,,121.5275304,25.076473
112,11,9,18,40,2,07信義區,信義區信義路4段與基隆路1段口,0,0,1,2,C03,8,5,5,50,4,1,1,5,4,5,13,1,1,1,4,5,2,12,2,42,2,8,6,1,7,9,1,10,1,14,,118,,1,21,,121.559544,25.0332
112,11,9,18,40,2,07信義區,信義區信義路4段與基隆路1段口,0,0,1,1,B03,8,5,5,50,4,1,1,5,4,5,13,1,1,1,4,5,2,12,1,73,3,10,7,1,7,9,1,8,1,5,,118,,1,21,,121.559544,25.0332
112,11,9,18,50,2,10文山區,文山區忠順街1段26巷與忠順街1段26巷12弄口,0,0,1,1,C05,8,5,5,30,4,1,1,5,4,5,13,4,4,9,4,5,1,17,1,41,3,10,6,1,7,9,1,8,1,12,,72,,1,21,,121.5593733,24.9834893
112,11,9,18,50,2,10文山區,文山區忠順街1段26巷與忠順街1段26巷12弄口,0,0,1,2,C03,8,5,5,30,4,1,1,5,4,5,13,4,4,9,4,5,1,17,2,18,2,9,6,1,7,9,1,10,1,11,,13,,1,21,,121.5593733,24.9834893
112,11,9,18,55,2,04大安區,大安區仁愛路4段與敦化南路1段口,0,0,2,2,B03,8,5,5,50,18,9,1,5,4,5,13,4,4,9,4,5,1,16,2,42,2,9,3,4,7,9,1,8,1,8,,44,,1,21,,121.5486389,25.0374281
112,11,9,18,55,2,04大安區,大安區仁愛路4段與敦化南路1段口,0,0,2,1,B03,8,5,5,50,18,9,1,5,4,5,13,4,4,9,4,5,1,16,2,54,2,1,3,4,7,8,1,8,1,2,,100,,1,21,,121.5486389,25.0374281
112,11,9,19,19,2,02萬華區,萬華區環河快速高架道往南(2層往三重),0,0,2,3,B03,8,5,5,40,8,7,1,5,4,5,13,4,4,9,4,5,2,17,1,24,3,10,7,4,7,9,1,8,1,3,,44,,1,22,,121.4962415,25.03911866
112,11,9,19,19,2,02萬華區,萬華區環河快速高架道往南(2層往三重),0,0,2,4,H02,8,5,5,40,8,7,1,5,4,5,13,4,4,9,4,5,2,17,2,25,2,1,7,5,7,20,8,20,10,16,,67,,1,22,,121.4962415,25.03911866
112,11,9,19,19,2,02萬華區,萬華區環河快速高架道往南(2層往三重),0,0,2,1,B03,8,5,5,40,8,7,1,5,4,5,13,4,4,9,4,5,2,17,1,33,3,10,7,4,7,9,1,8,1,1,,16,,1,22,,121.4962415,25.03911866
112,11,9,19,19,2,02萬華區,萬華區環河快速高架道往南(2層往三重),0,0,2,2,B03,8,5,5,40,8,7,1,5,4,5,13,4,4,9,4,5,2,17,2,56,2,1,7,4,7,9,1,8,1,3,,44,,1,22,,121.4962415,25.03911866
112,11,9,19,34,2,03中山區,中山區民權東路1段與新生北路2段口,0,0,1,1,B03,8,5,5,50,4,2,1,5,4,5,13,1,1,1,4,5,2,16,1,50,3,10,7,1,7,6,1,8,1,6,,9,,1,22,,121.5275258,25.0625486
112,11,9,19,34,2,03中山區,中山區民權東路1段與新生北路2段口,0,0,1,2,C03,8,5,5,50,4,2,1,5,4,5,13,1,1,1,4,5,2,16,1,19,2,9,5,1,7,9,1,10,1,11,,13,,1,22,,121.5275258,25.0625486