發生年度,發生月,發生日,發生時-Hours,發生分,處理別-編號,區序,肇事地點,死亡人數,2-30日死亡人數,受傷人數,當事人序號,車種,天候,光線,道路類別,速限-速度限制,道路型態,事故位置,路面狀況1,路面狀況2,路面狀況3,道路障礙1,道路障礙2,號誌1,號誌2,車道劃分-分向,車道劃分-分道1,車道劃分-分道2,車道劃分-分道3,事故類型及型態,性別,年齡,受傷程度,主要傷處,保護裝置,行動電話,車輛用途,當事者行動狀態,駕駛資格情形,駕駛執照種類,飲酒情形,車輛撞擊部位1,車輛撞擊部位2,肇因碼-個別,肇因碼-主要,個人肇逃否,職業,旅次目的,座標-X,座標-Y
112,11,11,21,57,2,09北投區,北投區承德路6段與福國路口,0,0,1,1,C03,7,5,5,60,4,1,1,5,4,5,13,2,1,1,4,1,1,13,1,72,2,7,5,1,7,9,1,10,1,11,,44,,1,21,,121.4694909,25.1222907
112,11,11,21,57,2,09北投區,北投區承德路6段與福國路口,0,0,1,2,C03,7,5,5,60,4,1,1,5,4,5,13,2,1,1,4,1,1,13,1,20,3,10,5,1,7,9,1,10,1,13,,44,,1,21,,121.4694909,25.1222907
112,11,11,22,46,2,03中山區,中山區民族東路與林森北路口,0,0,1,1,C03,7,5,5,50,3,2,1,5,4,5,13,2,1,1,4,5,2,17,2,25,3,10,3,4,7,6,1,10,1,13,,9,,1,21,,121.5255921,25.0683299
112,11,11,22,46,2,03中山區,中山區民族東路與林森北路口,0,0,1,2,C03,7,5,5,50,3,2,1,5,4,5,13,2,1,1,4,5,2,17,1,29,2,9,6,4,7,9,1,10,1,11,,44,,1,21,,121.5255921,25.0683299
112,11,11,22,56,2,02萬華區,萬華區環河南路2段149巷與大理街170巷口,0,0,3,1,C03,8,5,6,30,4,1,1,5,4,5,13,4,4,10,5,5,2,15,1,18,2,8,5,1,7,9,1,10,1,11,,75,,1,21,,121.4935611,25.0335089
112,11,11,22,56,2,02萬華區,萬華區環河南路2段149巷與大理街170巷口,0,0,3,2,C03,8,5,6,30,4,1,1,5,4,5,13,4,4,10,5,5,2,15,1,19,2,7,5,1,7,9,1,10,1,11,,14,,1,21,,121.4935611,25.0335089
112,11,11,22,56,2,02萬華區,萬華區環河南路2段149巷與大理街170巷口,0,0,3,3,H02,8,5,6,30,4,1,1,5,4,5,13,4,4,10,5,5,2,15,1,19,2,7,4,5,7,21,8,20,10,16,,67,,1,21,,121.4935611,25.0335089
112,11,11,23,0,2,04大安區,大安區市民大道3段226號,0,0,1,1,B03,6,5,5,40,14,6,1,4,4,5,13,4,4,1,4,5,2,17,1,71,3,10,7,1,7,5,1,8,1,7,,8,,1,22,,121.5412241,25.0445251
112,11,11,23,0,2,04大安區,大安區市民大道3段226號,0,0,1,2,C03,6,5,5,40,14,6,1,4,4,5,13,4,4,1,4,5,2,17,1,42,2,8,5,1,7,9,1,10,1,11,,44,,1,22,,121.5412241,25.0445251
112,11,12,0,30,2,03中山區,與無名巷口(林森北路419號前),0,0,1,1,B01,7,5,5,50,3,2,1,5,4,5,13,4,4,9,4,5,2,16,1,66,3,10,3,4,7,5,1,4,1,6,,8,,1,21,,121.5256229,25.06073375
112,11,12,0,30,2,03中山區,與無名巷口(林森北路419號前),0,0,1,2,C03,7,5,5,50,3,2,1,5,4,5,13,4,4,9,4,5,2,16,2,22,2,9,6,4,7,9,1,10,1,11,,108,,1,21,,121.5256229,25.06073375
112,11,12,0,39,2,07信義區,信義區吳興街381巷與吳興街口,0,0,1,2,C03,8,5,5,30,4,1,1,4,4,5,13,4,4,9,4,5,2,17,1,23,2,9,5,1,7,9,1,10,1,11,,13,,1,21,,121.5681084,25.0242706
112,11,12,0,39,2,07信義區,信義區吳興街381巷與吳興街口,0,0,1,1,B01,8,5,5,30,4,1,1,4,4,5,13,4,4,9,4,5,2,17,1,47,3,10,7,1,7,9,1,4,1,8,,72,,1,21,,121.5681084,25.0242706
112,11,12,2,25,2,02萬華區,萬華區環河南路1段與成都路口,0,0,2,2,C03,8,5,5,50,3,2,1,5,4,5,13,3,1,5,4,5,2,13,1,63,2,9,5,1,7,9,1,10,2,13,,44,,1,21,,121.5080229,25.06380398
112,11,12,2,25,2,02萬華區,萬華區環河南路1段與成都路口,0,0,2,3,H02,8,5,5,50,3,2,1,5,4,5,13,3,1,5,4,5,2,13,2,61,2,9,5,5,7,21,8,20,10,16,,67,,1,21,,121.5080229,25.06380398
112,11,12,2,25,2,02萬華區,萬華區環河南路1段與成都路口,0,0,2,1,B03,8,5,5,50,3,2,1,5,4,5,13,3,1,5,4,5,2,13,1,42,3,10,7,4,7,9,3,18,1,1,,107,,1,21,,121.5080229,25.06380398
112,11,12,5,0,2,06松山區,松山區東興路與東興路2巷口口,0,0,1,2,C03,6,5,5,50,3,1,1,4,4,5,13,4,4,5,4,5,2,16,2,28,2,9,5,1,7,9,3,18,1,11,,44,,1,22,,121.5653536,25.0507459
112,11,12,5,0,2,06松山區,松山區東興路與東興路2巷口口,0,0,1,1,B03,6,5,5,50,3,1,1,4,4,5,13,4,4,5,4,5,2,16,2,36,3,10,7,1,7,5,1,8,1,2,,74,,1,22,,121.5653536,25.0507459
112,11,12,5,47,2,08士林區,士林區格致路10號,0,0,3,1,B03,6,5,5,40,14,9,1,4,4,5,13,4,4,5,5,5,2,16,1,64,2,7,3,4,7,11,1,8,1,4,,10,,1,22,,121.5462261,25.13631988
112,11,12,5,47,2,08士林區,士林區格致路10號,0,0,3,2,B12,6,5,5,40,14,9,1,4,4,5,13,4,4,5,5,5,2,16,1,49,2,8,3,4,7,9,1,8,1,1,,13,,1,22,,121.5462261,25.13631988
112,11,12,5,47,2,08士林區,士林區格致路10號,0,0,3,3,H02,6,5,5,40,14,9,1,4,4,5,13,4,4,5,5,5,2,16,2,49,2,8,3,5,7,21,8,20,10,16,,67,,1,22,,121.5462261,25.13631988
112,11,12,6,11,2,03中山區,中山區松江路與德惠街口,0,0,1,2,H01,7,6,5,50,4,18,1,5,4,5,13,2,1,1,4,5,2,3,2,78,2,9,4,5,8,16,8,20,10,16,,67,,1,21,,121.533323,25.06662987
112,11,12,6,11,2,03中山區,中山區松江路與德惠街口,0,0,1,1,B02,7,6,5,50,4,18,1,5,4,5,13,2,1,1,4,5,2,3,1,62,3,10,3,4,7,5,1,8,2,1,,70,,1,21,,121.533323,25.06662987
112,11,12,7,20,2,01大同區,大同區重慶北路2段64巷與南京西路167巷口,0,0,2,2,C03,7,6,5,30,4,1,1,5,4,5,13,4,4,10,5,5,2,15,1,71,2,8,6,1,7,9,1,10,2,12,,14,,1,21,,121.5125569,25.0555749
112,11,12,7,20,2,01大同區,大同區重慶北路2段64巷與南京西路167巷口,0,0,2,1,C03,7,6,5,30,4,1,1,5,4,5,13,4,4,10,5,5,2,15,1,26,2,8,6,1,7,9,1,10,2,14,,72,,1,21,,121.5125569,25.0555749
112,11,12,7,27,2,07信義區,信義區忠孝東路5段與松仁路口,0,0,1,1,C03,6,5,5,50,4,3,1,4,4,5,13,2,1,1,4,5,2,15,1,67,3,10,5,1,7,9,1,10,2,11,,81,,1,21,,121.5695259,25.0407676
112,11,12,7,27,2,07信義區,信義區忠孝東路5段與松仁路口,0,0,1,2,C03,6,5,5,50,4,3,1,4,4,5,13,2,1,1,4,5,2,15,2,60,2,8,3,4,7,9,1,10,2,17,,44,,1,21,,121.5695259,25.0407676
112,11,12,8,46,2,03中山區,中山區中山北路2段與中山北路2段11巷口,0,0,1,1,C03,7,6,5,50,3,2,1,5,4,5,13,4,4,1,5,1,1,16,1,24,2,9,3,4,7,8,1,10,1,12,,100,,1,21,,121.5227256,25.0528431
112,11,12,8,46,2,03中山區,中山區中山北路2段與中山北路2段11巷口,0,0,1,2,B02,7,6,5,50,3,2,1,5,4,5,13,4,4,1,5,1,1,16,1,25,3,10,3,4,7,9,1,4,1,8,,44,,1,21,,121.5227256,25.0528431
112,11,12,8,54,2,03中山區,中山區大直橋往北上坡第四支燈桿,0,0,3,1,C04,8,6,5,50,8,11,1,5,4,5,13,4,4,3,2,5,2,13,2,21,2,8,5,1,7,15,1,10,2,13,12,50,,1,21,,121.5443986,25.07352441
112,11,12,8,54,2,03中山區,中山區大直橋往北上坡第四支燈桿,0,0,3,2,C03,8,6,5,50,8,11,1,5,4,5,13,4,4,3,2,5,2,13,2,42,2,9,5,1,7,9,1,10,2,11,14,108,,1,21,,121.5443986,25.07352441
112,11,12,8,54,2,03中山區,中山區大直橋往北上坡第四支燈桿,0,0,3,3,H02,8,6,5,50,8,11,1,5,4,5,13,4,4,3,2,5,2,13,2,25,2,9,5,5,7,20,8,20,10,16,,67,,1,21,,121.5443986,25.07352441
112,11,12,9,3,2,11南港區,南港區東新街77巷4弄與東新街口,0,0,2,1,F01,6,6,5,0,3,1,1,4,4,5,13,4,4,4,4,5,2,12,1,80,2,7,4,4,7,5,8,20,1,14,,8,,1,22,,121.5877826,25.0468668
112,11,12,9,3,2,11南港區,南港區東新街77巷4弄與東新街口,0,0,2,2,C03,6,6,5,0,3,1,1,4,4,5,13,4,4,4,4,5,2,12,2,64,2,8,5,4,7,9,1,10,1,12,,108,,1,22,,121.5877826,25.0468668
112,11,12,9,37,2,01大同區,大同區長安西路與貴德街口,0,0,1,1,B03,8,6,5,50,3,2,1,5,4,5,13,4,4,5,5,5,2,17,1,60,3,10,7,1,7,13,1,8,2,4,,40,,1,21,,121.5078631,25.0521743
112,11,12,9,37,2,01大同區,大同區長安西路與貴德街口,0,0,1,2,C04,8,6,5,50,3,2,1,5,4,5,13,4,4,5,5,5,2,17,1,41,2,9,5,1,7,9,6,10,2,12,,42,,1,21,,121.5078631,25.0521743
112,11,12,9,42,2,05中正區,中正區市民大道2段與林森北路口,0,0,2,1,C03,7,6,5,40,4,1,1,5,4,5,13,1,1,1,4,5,1,12,2,27,4,11,5,4,7,15,1,10,11,15,,118,,2,21,,121.5241215,25.0477317
112,11,12,9,42,2,05中正區,中正區市民大道2段與林森北路口,0,0,2,2,C03,7,6,5,40,4,1,1,5,4,5,13,1,1,1,4,5,1,12,1,20,2,9,6,1,7,5,1,10,2,14,,8,,1,22,,121.5241215,25.0477317
112,11,12,9,42,2,05中正區,中正區市民大道2段與林森北路口,0,0,2,3,C03,7,6,5,40,4,1,1,5,4,5,13,1,1,1,4,5,1,12,1,30,2,9,5,1,7,9,1,10,2,11,,44,,1,22,,121.5241215,25.0477317
112,11,12,10,15,2,09北投區,北投區榮華一路20巷與榮華一路4巷口,0,0,1,2,B03,8,6,5,30,3,1,1,5,4,5,13,4,4,10,5,5,2,16,1,49,3,10,7,1,7,9,1,8,1,8,,14,,1,21,,121.5232921,25.11254159
112,11,12,10,15,2,09北投區,北投區榮華一路20巷與榮華一路4巷口,0,0,1,1,F01,8,6,5,30,3,1,1,5,4,5,13,4,4,10,5,5,2,16,1,11,2,9,4,1,7,6,8,20,1,11,,72,,1,21,,121.5232921,25.11254159
112,11,12,11,40,2,03中山區,中山區吉林路22巷25號,0,0,1,3,H02,7,7,5,30,14,9,1,5,4,5,13,4,4,10,5,5,1,17,2,80,3,10,4,5,7,19,8,20,10,16,,58,,1,22,,121.5282735,25.0510606
112,11,12,11,40,2,03中山區,中山區吉林路22巷25號,0,0,1,1,B01,7,7,5,30,14,9,1,5,4,5,13,4,4,10,5,5,1,17,1,65,3,10,7,1,7,14,1,4,2,2,,38,,1,21,,121.5282735,25.0510606
112,11,12,11,40,2,03中山區,中山區吉林路22巷25號,0,0,1,2,C03,7,7,5,30,14,9,1,5,4,5,13,4,4,10,5,5,1,17,2,60,2,9,6,1,7,9,1,10,9,14,,44,,1,21,,121.5282735,25.0510606
112,11,12,11,55,2,12內湖區,內湖區民權東路6段180巷41弄與民權東路6段180巷42弄口,0,0,1,1,B03,6,5,5,50,4,1,1,4,4,5,13,1,1,5,5,5,2,17,1,62,3,10,7,1,7,5,1,8,1,2,,74,,1,21,,121.5926994,25.06742083
112,11,12,11,55,2,12內湖區,內湖區民權東路6段180巷41弄與民權東路6段180巷42弄口,0,0,1,2,C03,6,5,5,50,4,1,1,4,4,5,13,1,1,5,5,5,2,17,1,64,2,9,5,1,7,9,1,10,1,11,,108,,1,21,,121.5926994,25.06742083
112,11,12,11,55,2,10文山區,文山區辛亥路4段132號,0,0,1,1,B03,6,6,5,0,14,9,1,4,4,5,13,4,4,10,5,5,2,17,2,34,3,10,7,1,7,1,1,8,1,8,,19,,1,21,,121.5566352,25.00423701
112,11,12,11,55,2,10文山區,文山區辛亥路4段132號,0,0,1,2,C03,6,6,5,0,14,9,1,4,4,5,13,4,4,10,5,5,2,17,1,32,2,8,6,1,7,9,1,10,1,14,,42,,1,21,,121.5566352,25.00423701
112,11,12,12,24,2,07信義區,信義區吳興街260巷台北醫院東側門,0,0,1,2,C03,8,6,5,30,14,9,1,4,4,5,13,4,4,10,5,5,2,17,1,19,2,8,5,1,7,9,1,10,1,12,,13,,1,21,,121.5634185,25.0263881
112,11,12,12,24,2,07信義區,信義區吳興街260巷台北醫院東側門,0,0,1,1,C03,8,6,5,30,14,9,1,4,4,5,13,4,4,10,5,5,2,17,1,45,3,10,5,1,7,8,1,10,1,17,,100,,1,21,,121.5634185,25.0263881
112,11,12,12,52,2,08士林區,士林區文林路428號,0,0,1,1,B03,7,6,5,50,14,9,1,5,4,5,13,1,1,9,4,5,2,13,1,53,3,10,7,1,7,9,1,8,2,1,,107,,1,21,,121.5247739,25.0944777
112,11,12,12,52,2,08士林區,士林區文林路428號,0,0,1,2,C03,7,6,5,50,14,9,1,5,4,5,13,1,1,9,4,5,2,13,2,65,2,9,5,1,7,14,1,10,2,13,,44,,1,21,,121.5247739,25.0944777
112,11,12,13,50,2,10文山區,文山區木新路3段與興隆路4段口,0,0,1,1,C03,7,6,5,50,3,1,1,4,4,5,13,2,1,1,2,5,2,17,1,28,2,9,5,4,7,5,1,10,1,14,,8,,1,21,,121.5624364,24.982074
112,11,12,13,50,2,10文山區,文山區木新路3段與興隆路4段口,0,0,1,2,B03,7,6,5,50,3,1,1,4,4,5,13,2,1,1,2,5,2,17,1,25,3,10,3,4,7,9,1,8,1,2,,44,,1,21,,121.5624364,24.982074
112,11,12,13,51,2,10文山區,文山區木新路3段與忠順街1段26巷口,0,0,1,1,B03,7,6,5,50,14,9,1,4,4,5,13,1,1,5,2,5,2,16,2,54,3,10,7,1,7,6,1,8,2,5,,9,,1,21,,121.5600662,24.98155934
112,11,12,13,51,2,10文山區,文山區木新路3段與忠順街1段26巷口,0,0,1,2,C03,7,6,5,50,14,9,1,4,4,5,13,1,1,5,2,5,2,16,2,38,2,9,6,1,7,9,1,10,2,14,,44,,1,21,,121.5600662,24.98155934
112,11,12,14,5,2,05中正區,中正區鄭州路與承德路1段口,0,0,1,1,B02,8,6,5,40,5,1,1,5,4,5,13,2,1,1,4,5,2,16,1,27,3,10,7,1,7,6,1,8,1,2,,44,,1,22,,121.5162786,25.04866719
112,11,12,14,5,2,05中正區,中正區鄭州路與承德路1段口,0,0,1,2,C03,8,6,5,40,5,1,1,5,4,5,13,2,1,1,4,5,2,16,1,31,2,8,5,1,7,9,1,10,1,11,,108,,1,22,,121.5162786,25.04866719
112,11,12,14,28,2,03中山區,中山區新生北路2段與錦州街口,0,0,2,2,C03,7,5,5,50,4,1,1,5,4,5,13,1,1,1,4,5,2,16,1,27,2,9,6,1,7,9,1,10,1,11,,13,,1,21,,121.5274828,25.06031973
112,11,12,14,28,2,03中山區,中山區新生北路2段與錦州街口,0,0,2,3,H02,7,5,5,50,4,1,1,5,4,5,13,1,1,1,4,5,2,16,2,27,2,8,6,5,7,21,8,20,10,16,,67,,1,21,,121.5274828,25.06031973
112,11,12,14,28,2,03中山區,中山區新生北路2段與錦州街口,0,0,2,1,B03,7,5,5,50,4,1,1,5,4,5,13,1,1,1,4,5,2,16,2,54,3,10,7,1,7,5,1,8,1,4,,8,,1,21,,121.5274828,25.06031973
112,11,12,14,40,2,03中山區,中山區建國北路1段與八德路2段口北側迴轉道,0,0,1,2,C03,7,7,5,50,14,9,1,5,4,5,13,4,4,10,4,5,2,13,1,19,3,10,6,1,7,12,1,10,1,13,,44,,1,21,,121.5369685,25.04657691
112,11,12,14,40,2,03中山區,中山區建國北路1段與八德路2段口北側迴轉道,0,0,1,1,C03,7,7,5,50,14,9,1,5,4,5,13,4,4,10,4,5,2,13,1,43,2,7,6,1,7,9,1,10,1,11,,16,,1,21,,121.5369685,25.04657691
112,11,12,14,55,2,04大安區,大安區仁愛路3段與信義路3段147巷口,0,0,1,1,B03,6,6,5,30,3,1,1,4,4,5,13,4,4,5,5,5,2,17,1,53,3,10,7,1,7,5,1,8,1,17,,72,,1,21,,121.5419384,25.0378024
112,11,12,14,55,2,04大安區,大安區仁愛路3段與信義路3段147巷口,0,0,1,2,C03,6,6,5,30,3,1,1,4,4,5,13,4,4,5,5,5,2,17,1,30,2,9,5,1,7,12,1,10,1,14,,44,,1,21,,121.5419384,25.0378024
112,11,12,14,57,2,04大安區,大安區市民大道4段與敦化南路1段口,0,0,1,1,B03,6,6,5,40,5,1,1,4,4,5,13,2,1,1,4,5,2,15,1,26,3,10,7,1,7,9,1,8,1,1,,42,,1,21,,121.5491334,25.04466557
112,11,12,14,57,2,04大安區,大安區市民大道4段與敦化南路1段口,0,0,1,2,C03,6,6,5,40,5,1,1,4,4,5,13,2,1,1,4,5,2,15,1,20,2,9,5,1,7,9,1,10,1,14,,44,,1,21,,121.5491334,25.04466557
112,11,12,15,32,2,03中山區,中山區林森北路133巷與南京東路1段132巷口,0,0,1,2,B01,7,7,5,30,4,1,1,5,4,5,13,4,4,10,5,5,2,15,1,59,3,10,7,1,7,9,1,4,1,8,,14,,1,21,,121.526935,25.05072891
112,11,12,15,32,2,03中山區,中山區林森北路133巷與南京東路1段132巷口,0,0,1,1,C03,7,7,5,30,4,1,1,5,4,5,13,4,4,10,5,5,2,15,2,37,2,9,5,1,7,9,1,10,1,11,12,72,,1,21,,121.526935,25.05072891
112,11,12,16,45,2,04大安區,大安區復興南路1段180號與忠孝東路3段248巷13弄口,0,0,1,1,B03,7,6,5,30,3,2,1,5,4,5,13,4,4,5,5,5,2,17,1,31,3,10,3,4,7,9,1,8,2,17,,80,,1,21,,121.5435751,25.0406364
112,11,12,16,45,2,04大安區,大安區復興南路1段180號與忠孝東路3段248巷13弄口,0,0,1,2,F01,7,6,5,30,3,2,1,5,4,5,13,4,4,5,5,5,2,17,2,32,2,9,3,4,7,9,8,20,2,17,,42,,1,21,,121.5435751,25.0406364
112,11,12,17,0,2,07信義區,信義區吳興街432巷與吳興街口,0,0,1,1,C03,6,6,8,30,4,2,1,4,4,5,13,4,4,9,4,5,2,29,2,36,2,1,6,1,7,9,1,10,1,14,,42,,1,22,,121.5681603,25.0241919
112,11,12,17,0,2,07信義區,信義區吳興街432巷與吳興街口,0,0,1,2,,6,6,8,30,4,2,1,4,4,5,13,4,4,9,4,5,2,29,3,0,,,,,,,,,,,,67,,1,,,121.5681603,25.0241919
112,11,12,17,20,2,02萬華區,萬華區堤外便道與富民路口水門口,0,0,2,3,H02,8,5,5,30,3,1,1,5,4,5,13,4,4,10,5,5,2,16,1,9,2,8,4,5,7,21,8,20,10,16,,67,,1,21,,121.5005974,25.01725183
112,11,12,17,20,2,02萬華區,萬華區堤外便道與富民路口水門口,0,0,2,2,C03,8,5,5,30,3,1,1,5,4,5,13,4,4,10,5,5,2,16,1,19,2,8,5,4,7,9,1,10,1,11,,107,,1,21,,121.5005974,25.01725183
112,11,12,17,20,2,02萬華區,萬華區堤外便道與富民路口水門口,0,0,2,1,B03,8,5,5,30,3,1,1,5,4,5,13,4,4,10,5,5,2,16,1,24,3,10,7,4,7,6,1,8,1,8,,72,,1,21,,121.5005974,25.01725183
112,11,12,17,45,2,06松山區,松山區民權東路4段與新中街口,0,0,1,1,C03,6,5,5,50,3,1,1,4,4,5,13,2,1,3,4,4,2,16,1,47,3,10,5,4,7,9,6,10,11,11,,16,,1,22,,121.5601759,25.06252482
112,11,12,17,45,2,06松山區,松山區民權東路4段與新中街口,0,0,1,2,C03,6,5,5,50,3,1,1,4,4,5,13,2,1,3,4,4,2,16,2,49,2,9,5,4,7,15,3,18,2,12,,16,,1,22,,121.5601759,25.06252482
112,11,12,18,10,2,08士林區,士林區至善路1段與福林路254巷口,0,0,2,2,C03,6,5,5,40,3,1,1,4,4,5,13,3,1,1,2,5,2,17,2,18,2,9,5,1,7,9,1,10,1,11,,16,,1,22,,121.537829,25.0978896
112,11,12,18,10,2,08士林區,士林區至善路1段與福林路254巷口,0,0,2,1,C03,6,5,5,40,3,1,1,4,4,5,13,3,1,1,2,5,2,17,2,20,2,9,5,1,7,12,1,10,1,14,,42,,1,22,,121.537829,25.0978896
112,11,12,18,10,2,08士林區,士林區至善路1段與福林路254巷口,0,0,2,3,B03,6,5,5,40,3,1,1,4,4,5,13,3,1,1,2,5,2,17,1,47,3,10,3,4,7,9,1,8,1,6,,44,,1,22,,121.537829,25.0978896
112,11,12,18,10,2,07信義區,信義區忠孝東路4段516號,0,0,1,1,C03,6,5,5,50,14,9,1,4,4,5,13,1,1,1,4,5,1,18,1,19,2,9,3,4,7,9,1,10,1,14,,44,,1,21,,121.5628934,25.0411218
112,11,12,18,10,2,07信義區,信義區忠孝東路4段516號,0,0,1,2,,6,5,5,50,14,9,1,4,4,5,13,1,1,1,4,5,1,18,3,0,,,,,,,,,,,,67,,1,,,121.5628934,25.0411218
112,11,12,18,36,2,03中山區,中山區林森北路107巷與長安東路1段53巷口,0,0,3,2,C03,6,5,5,30,4,1,1,4,4,5,13,4,4,10,5,5,2,15,2,23,2,9,6,1,7,9,1,10,1,11,,13,,1,21,,121.5267081,25.049937
112,11,12,18,36,2,03中山區,中山區林森北路107巷與長安東路1段53巷口,0,0,3,1,C03,6,5,5,30,4,1,1,4,4,5,13,4,4,10,5,5,2,15,2,25,2,9,6,1,7,9,1,10,1,12,,72,,1,21,,121.5267081,25.049937
112,11,12,18,36,2,03中山區,中山區林森北路107巷與長安東路1段53巷口,0,0,3,3,H02,6,5,5,30,4,1,1,4,4,5,13,4,4,10,5,5,2,15,2,19,2,9,6,5,7,20,8,20,10,16,,67,,1,21,,121.5267081,25.049937
112,11,12,18,50,2,07信義區,信義區基隆路1段139號,0,0,2,3,H02,6,5,5,50,14,9,1,4,4,5,13,1,1,1,4,5,2,13,1,71,2,8,3,5,7,17,8,20,10,16,,67,,1,22,,121.5657857,25.0431205
112,11,12,18,50,2,07信義區,信義區基隆路1段139號,0,0,2,2,A02,6,5,5,50,14,9,1,4,4,5,13,1,1,1,4,5,2,13,1,45,3,10,3,4,7,9,1,2,2,1,,107,,1,21,,121.5657857,25.0431205
112,11,12,18,50,2,07信義區,信義區基隆路1段139號,0,0,2,1,C03,6,5,5,50,14,9,1,4,4,5,13,1,1,1,4,5,2,13,1,36,2,5,3,4,7,3,1,10,2,13,,42,,1,22,,121.5657857,25.0431205
112,11,12,19,40,2,12內湖區,內湖區成功路2段456巷北往南,0,0,2,2,C03,6,5,5,30,14,9,1,4,4,5,13,4,4,10,5,5,2,17,1,66,2,8,6,1,7,9,1,10,2,11,,44,,1,21,,121.5867413,25.07402253
112,11,12,19,40,2,12內湖區,內湖區成功路2段456巷北往南,0,0,2,1,C03,6,5,5,30,14,9,1,4,4,5,13,4,4,10,5,5,2,17,2,33,2,8,6,1,7,4,1,10,2,11,,1,,1,21,,121.5867413,25.07402253
112,11,12,19,45,2,04大安區,大安區忠孝東路4段與忠孝東路口側附近4段17巷口,0,0,1,2,C03,6,5,5,50,3,1,1,4,4,5,13,4,4,10,4,5,2,15,1,32,2,9,6,1,7,12,1,10,1,11,,13,,1,21,,121.5444423,25.0417311
112,11,12,19,45,2,04大安區,大安區忠孝東路4段與忠孝東路口側附近4段17巷口,0,0,1,1,C03,6,5,5,50,3,1,1,4,4,5,13,4,4,10,4,5,2,15,1,28,3,10,6,1,7,12,1,10,1,11,,72,,1,21,,121.5444423,25.0417311
112,11,12,19,48,2,07信義區,信義區松智路與信義路5段口7號旁,0,0,1,1,B02,6,5,5,50,14,9,1,4,4,5,13,4,4,5,4,5,2,17,1,33,3,10,7,1,7,8,1,8,1,17,,100,,1,22,,121.5653433,25.0336864
112,11,12,19,48,2,07信義區,信義區松智路與信義路5段口7號旁,0,0,1,2,C03,6,5,5,50,14,9,1,4,4,5,13,4,4,5,4,5,2,17,1,32,2,9,6,1,7,9,1,10,1,12,,116,,1,22,,121.5653433,25.0336864
112,11,12,20,15,2,02萬華區,萬華區康定路與峨眉街口,0,0,2,2,C03,6,5,5,50,4,1,1,4,4,5,13,1,1,8,3,5,1,13,1,28,2,8,5,1,7,14,1,10,1,13,,44,,1,21,,121.5028644,25.0445559
112,11,12,20,15,2,02萬華區,萬華區康定路與峨眉街口,0,0,2,1,B01,6,5,5,50,4,1,1,4,4,5,13,1,1,8,3,5,1,13,1,53,3,10,7,1,7,9,1,2,1,5,,16,,1,21,,121.5028644,25.0445559
112,11,12,20,15,2,02萬華區,萬華區康定路與峨眉街口,0,0,2,3,H02,6,5,5,50,4,1,1,4,4,5,13,1,1,8,3,5,1,13,2,21,2,8,5,5,7,21,8,20,10,16,,67,,1,21,,121.5028644,25.0445559
112,11,12,21,0,2,05中正區,中正區中華路1段與漢口街1段口,0,0,1,2,C03,6,5,5,50,4,1,1,4,4,5,13,1,1,1,4,5,2,17,2,19,2,9,5,1,7,9,1,10,1,12,,42,,1,21,,121.5093619,25.0451328
112,11,12,21,0,2,05中正區,中正區中華路1段與漢口街1段口,0,0,1,1,C03,6,5,5,50,4,1,1,4,4,5,13,1,1,1,4,5,2,17,1,26,3,10,5,1,7,6,1,10,9,17,,9,,2,21,,121.5093619,25.0451328
112,11,12,21,44,2,03中山區,中山區林森北路與錦州街口,0,0,2,2,C03,6,5,5,50,4,1,1,4,4,5,13,2,1,5,1,5,2,17,1,20,2,7,5,1,7,5,1,10,1,11,,71,,1,21,,121.5255935,25.0603839
112,11,12,21,44,2,03中山區,中山區林森北路與錦州街口,0,0,2,3,B03,6,5,5,50,4,1,1,4,4,5,13,2,1,5,1,5,2,17,1,28,3,10,3,1,7,14,1,8,1,7,,44,,1,21,,121.5255935,25.0603839
112,11,12,21,44,2,03中山區,中山區林森北路與錦州街口,0,0,2,1,C03,6,5,5,50,4,1,1,4,4,5,13,2,1,5,1,5,2,17,1,27,2,7,5,1,7,9,1,10,1,11,,14,,1,21,,121.5255935,25.0603839
112,11,13,0,17,2,02萬華區,萬華區西園路1段與廣州街口,0,0,1,2,C03,6,5,5,40,4,1,1,4,4,5,13,1,1,3,4,5,2,17,2,21,2,9,5,4,7,9,1,10,1,17,,44,,1,21,,121.4993795,25.0366874
112,11,13,0,17,2,02萬華區,萬華區西園路1段與廣州街口,0,0,1,1,B03,6,5,5,40,4,1,1,4,4,5,13,1,1,3,4,5,2,17,1,65,3,10,7,4,7,1,1,8,1,17,,19,,1,22,,121.4993795,25.0366874
112,11,13,1,2,2,01大同區,大同區延平北路4段205號,0,0,1,1,C03,8,5,5,50,14,18,1,5,4,5,13,2,1,5,4,5,2,3,1,41,3,10,5,1,7,9,6,18,2,11,,70,,1,21,,121.5115243,25.0745221
112,11,13,1,2,2,01大同區,大同區延平北路4段205號,0,0,1,2,H01,8,5,5,50,14,18,1,5,4,5,13,2,1,5,4,5,2,3,2,20,2,9,4,5,8,16,8,20,10,16,,67,,1,21,,121.5115243,25.0745221