發生年度,發生月,發生日,發生時-Hours,發生分,處理別-編號,區序,肇事地點,死亡人數,2-30日死亡人數,受傷人數,當事人序號,車種,天候,光線,道路類別,速限-速度限制,道路型態,事故位置,路面狀況1,路面狀況2,路面狀況3,道路障礙1,道路障礙2,號誌1,號誌2,車道劃分-分向,車道劃分-分道1,車道劃分-分道2,車道劃分-分道3,事故類型及型態,性別,年齡,受傷程度,主要傷處,保護裝置,行動電話,車輛用途,當事者行動狀態,駕駛資格情形,駕駛執照種類,飲酒情形,車輛撞擊部位1,車輛撞擊部位2,肇因碼-個別,肇因碼-主要,個人肇逃否,職業,旅次目的,座標-X,座標-Y
112,11,13,5,36,1,11南港區,南港區南港路1段與三重路口,1,0,1,3,B03,6,5,5,50,4,1,1,4,4,5,13,1,1,1,4,5,2,15,1,59,3,10,7,1,7,9,1,8,2,10,,108,,2,21,,121.6139816,25.0553438
112,11,13,5,36,1,11南港區,南港區南港路1段與三重路口,1,0,1,2,C03,6,5,5,50,4,1,1,4,4,5,13,1,1,1,4,5,2,15,1,52,2,7,6,1,7,9,6,18,2,11,,44,,1,21,,121.6139816,25.0553438
112,11,13,5,36,1,11南港區,南港區南港路1段與三重路口,1,0,1,1,F03,6,5,5,50,4,1,1,4,4,5,13,1,1,1,4,5,2,15,2,53,1,9,5,1,7,9,8,20,9,12,,81,,1,21,,121.6139816,25.0553438
112,11,13,5,42,2,07信義區,信義區忠孝東路5段與中坡南路口,0,0,2,2,C03,6,5,5,50,4,1,1,4,4,5,13,2,1,1,4,5,2,3,1,27,2,8,6,1,7,9,1,10,2,11,,108,,1,22,,121.5818664,25.0440211
112,11,13,5,42,2,07信義區,信義區忠孝東路5段與中坡南路口,0,0,2,1,H01,6,5,5,50,4,1,1,4,4,5,13,2,1,1,4,5,2,3,2,78,2,9,4,5,8,16,8,20,10,16,,122,,1,22,,121.5818664,25.0440211
112,11,13,7,34,2,12內湖區,內湖區民權東路6段180巷與民權東路6段180巷42弄口,0,0,2,1,C03,6,6,5,30,4,1,1,4,4,5,13,1,1,5,4,5,2,16,1,30,2,9,5,1,7,5,1,10,2,12,,74,,1,21,,121.592683,25.06740484
112,11,13,7,34,2,12內湖區,內湖區民權東路6段180巷與民權東路6段180巷42弄口,0,0,2,2,C03,6,6,5,30,4,1,1,4,4,5,13,1,1,5,4,5,2,16,1,26,2,9,5,1,7,9,1,10,2,11,,44,,1,21,,121.592683,25.06740484
112,11,13,7,37,2,02萬華區,萬華區寶興街與寶興街38巷口,0,0,2,3,B03,7,7,5,50,4,1,1,5,4,5,13,4,4,8,3,5,2,16,1,63,3,10,3,4,7,14,1,8,1,3,,38,,1,22,,121.4933478,25.02736988
112,11,13,7,37,2,02萬華區,萬華區寶興街與寶興街38巷口,0,0,2,1,C03,7,7,5,50,4,1,1,5,4,5,13,4,4,8,3,5,2,16,1,49,2,9,5,4,7,6,5,18,1,12,,74,,1,22,,121.4933478,25.02736988
112,11,13,7,37,2,02萬華區,萬華區寶興街與寶興街38巷口,0,0,2,2,C03,7,7,5,50,4,1,1,5,4,5,13,4,4,8,3,5,2,16,2,30,2,9,5,4,7,9,1,10,1,11,,14,,1,22,,121.4933478,25.02736988
112,11,13,7,52,2,10文山區,文山區木新路3段與木柵路3段243巷口,0,0,1,1,C03,7,6,5,30,3,1,1,4,4,5,13,4,4,5,2,5,2,17,2,40,3,10,6,1,7,5,1,10,2,17,,72,,1,21,,121.5586857,24.98119536
112,11,13,7,52,2,10文山區,文山區木新路3段與木柵路3段243巷口,0,0,1,2,C03,7,6,5,30,3,1,1,4,4,5,13,4,4,5,2,5,2,17,1,48,2,9,6,1,7,9,1,10,2,11,12,44,,1,21,,121.5586857,24.98119536
112,11,13,8,3,2,12內湖區,內湖區新明路與成美橋口,0,0,1,2,B03,6,6,5,50,4,1,1,4,4,5,13,1,1,4,4,5,2,12,1,40,3,10,7,1,7,1,1,8,2,5,,44,,1,21,,121.5822366,25.05573007
112,11,13,8,3,2,12內湖區,內湖區新明路與成美橋口,0,0,1,1,C03,6,6,5,50,4,1,1,4,4,5,13,1,1,4,4,5,2,12,1,80,2,9,5,1,7,1,1,10,2,13,,101,,1,21,,121.5822366,25.05573007
112,11,13,8,10,2,12內湖區,內湖區堤頂大道2段與內湖路1段口,0,0,1,1,A05,6,5,5,50,4,2,1,4,4,5,13,1,1,1,1,4,1,12,1,53,3,10,3,4,7,9,1,2,1,5,,100,,1,21,,121.5610851,25.08437209
112,11,13,8,10,2,12內湖區,內湖區堤頂大道2段與內湖路1段口,0,0,1,2,C03,6,5,5,50,4,2,1,4,4,5,13,1,1,1,1,4,1,12,1,20,2,8,3,4,7,9,1,10,1,14,,17,,1,21,,121.5610851,25.08437209
112,11,13,8,20,2,05中正區,中正區中華路2段與中華路2段39巷口,0,0,2,1,C03,7,6,5,50,3,1,1,5,4,5,13,4,4,1,4,5,2,12,2,33,2,5,5,1,7,9,1,10,2,12,,17,,1,21,,121.5063289,25.0351934
112,11,13,8,20,2,05中正區,中正區中華路2段與中華路2段39巷口,0,0,2,2,C03,7,6,5,50,3,1,1,5,4,5,13,4,4,1,4,5,2,12,2,61,2,9,5,1,7,9,1,10,2,14,,17,,1,21,,121.5063289,25.0351934
112,11,13,8,21,2,12內湖區,內湖區基湖路與堤頂大道2段口,0,0,1,2,B01,7,6,5,50,4,2,1,5,4,5,13,1,1,4,4,5,2,11,1,62,3,10,7,1,7,6,1,4,1,7,,9,,1,21,,121.5642942,25.07896101
112,11,13,8,21,2,12內湖區,內湖區基湖路與堤頂大道2段口,0,0,1,1,F01,7,6,5,50,4,2,1,5,4,5,13,1,1,4,4,5,2,11,2,44,2,8,4,1,7,15,8,20,1,11,,,,1,21,,121.5642942,25.07896101
112,11,13,8,35,2,06松山區,松山區市民大道5段往西第0607106號燈桿,0,0,2,2,C03,8,5,5,40,14,9,1,5,4,5,13,4,4,9,4,5,2,13,1,29,2,8,6,1,7,9,1,10,1,11,,107,,1,21,,121.5687736,25.04905938
112,11,13,8,35,2,06松山區,松山區市民大道5段往西第0607106號燈桿,0,0,2,3,B03,8,5,5,40,14,9,1,5,4,5,13,4,4,9,4,5,2,13,1,49,3,10,7,1,7,9,1,8,1,3,,44,,1,21,,121.5687736,25.04905938
112,11,13,8,35,2,06松山區,松山區市民大道5段往西第0607106號燈桿,0,0,2,1,C03,8,5,5,40,14,9,1,5,4,5,13,4,4,9,4,5,2,13,1,38,2,7,5,1,7,9,1,10,1,12,,116,,1,21,,121.5687736,25.04905938
112,11,13,8,35,2,06松山區,松山區市民大道5段往西第0607106號燈桿,0,0,2,4,B03,8,5,5,40,14,9,1,5,4,5,13,4,4,9,4,5,2,13,1,43,3,10,7,1,7,15,1,8,9,17,,44,,1,21,,121.5687736,25.04905938
112,11,13,8,49,2,08士林區,士林區仰德大道3段48巷與仰德大道3段口,0,0,1,1,C03,7,6,5,40,3,2,1,4,4,5,13,4,4,4,5,5,1,13,2,19,2,9,6,1,7,15,1,10,1,11,,42,,1,21,,121.5525568,25.118496
112,11,13,8,49,2,08士林區,士林區仰德大道3段48巷與仰德大道3段口,0,0,1,2,C03,7,6,5,40,3,2,1,4,4,5,13,4,4,4,5,5,1,13,1,64,3,10,3,4,7,13,1,10,9,13,,38,,1,21,,121.5525568,25.118496
112,11,13,8,58,2,10文山區,文山區木柵路5段與無名巷口(木柵焚化廠),0,0,1,1,C03,6,6,5,50,14,9,1,4,4,4,13,1,1,5,2,5,2,18,1,18,2,9,6,1,7,9,1,10,2,12,,44,,1,25,,121.5865074,25.00314655
112,11,13,8,58,2,10文山區,文山區木柵路5段與無名巷口(木柵焚化廠),0,0,1,2,,6,6,5,50,14,9,1,4,4,4,13,1,1,5,2,5,2,18,3,0,,,,,,,,,,,,67,,1,,,121.5865074,25.00314655
112,11,13,8,59,2,02萬華區,萬華區柳州街2號,0,0,1,1,B03,7,6,8,50,14,9,1,5,4,5,13,4,4,9,5,5,2,12,2,58,3,10,7,1,7,1,1,8,1,4,,19,,1,21,,121.505421,25.0392389
112,11,13,8,59,2,02萬華區,萬華區柳州街2號,0,0,1,2,C03,7,6,8,50,14,9,1,5,4,5,13,4,4,9,5,5,2,12,1,34,2,9,6,1,7,9,1,10,1,11,,44,,1,21,,121.505421,25.0392389
112,11,13,9,0,2,06松山區,松山區南京東路5段56號,0,0,1,2,A41,8,5,5,40,14,9,1,3,1,5,13,4,4,5,4,4,2,17,1,32,3,10,7,1,7,9,1,1,9,17,,37,,1,21,,121.5602568,25.05140673
112,11,13,9,0,2,06松山區,松山區南京東路5段56號,0,0,1,1,C03,8,5,5,40,14,9,1,3,1,5,13,4,4,5,4,4,2,17,2,32,2,8,6,1,7,9,1,10,1,12,,13,,1,21,,121.5602568,25.05140673
112,11,13,9,11,2,12內湖區,內湖區港墘路與港墘路82巷口,0,0,1,1,C03,6,5,5,0,4,1,1,4,4,5,13,1,1,1,4,5,2,16,1,67,2,9,6,1,7,6,1,11,1,12,,74,,1,21,,121.5777755,25.08075755
112,11,13,9,11,2,12內湖區,內湖區港墘路與港墘路82巷口,0,0,1,2,B03,6,5,5,0,4,1,1,4,4,5,13,1,1,1,4,5,2,16,2,58,3,10,7,1,7,8,1,8,1,1,,44,,1,21,,121.5777755,25.08075755
112,11,13,9,21,2,03中山區,中山區民權東路1段與新生北路2段口,0,0,2,1,C03,8,5,5,50,4,2,1,5,4,5,13,2,1,3,4,5,2,12,1,45,2,7,3,4,7,8,1,10,1,12,,100,,1,21,,121.5271001,25.062538
112,11,13,9,21,2,03中山區,中山區民權東路1段與新生北路2段口,0,0,2,2,C03,8,5,5,50,4,2,1,5,4,5,13,2,1,3,4,5,2,12,2,29,2,9,3,4,7,9,1,10,1,14,,44,,1,21,,121.5271001,25.062538
112,11,13,9,38,2,03中山區,中山區建國北路3段與民權東路3段口,0,0,1,2,B03,7,7,5,50,4,1,1,5,4,5,13,1,1,1,4,5,2,16,1,59,3,10,7,1,7,5,1,8,1,6,,44,,1,22,,121.5371491,25.0624722
112,11,13,9,38,2,03中山區,中山區建國北路3段與民權東路3段口,0,0,1,1,C04,7,7,5,50,4,1,1,5,4,5,13,1,1,1,4,5,2,16,1,79,2,9,5,1,7,5,1,10,1,14,,96,,1,22,,121.5371491,25.0624722
112,11,13,9,50,2,12內湖區,內湖區內湖路1段66號,0,0,1,1,B03,6,5,5,40,14,8,1,4,4,5,13,4,4,1,3,4,1,12,1,47,3,10,3,4,7,15,1,8,1,2,,100,,1,22,,121.5626916,25.08363481
112,11,13,9,50,2,12內湖區,內湖區內湖路1段66號,0,0,1,2,C03,6,5,5,40,14,8,1,4,4,5,13,4,4,1,3,4,1,12,1,66,2,7,3,4,7,9,1,10,1,14,,44,,1,22,,121.5626916,25.08363481
112,11,13,10,8,2,03中山區,中山區大直橋向北P03燈桿,0,0,3,2,C03,8,5,5,50,12,11,1,5,4,5,13,4,4,3,4,5,2,13,1,19,2,8,3,4,7,12,1,10,2,13,,44,,1,21,,121.5444369,25.074348
112,11,13,10,8,2,03中山區,中山區大直橋向北P03燈桿,0,0,3,3,C03,8,5,5,50,12,11,1,5,4,5,13,4,4,3,4,5,2,13,2,65,2,9,3,4,7,9,1,10,2,11,,107,,1,21,,121.5444369,25.074348
112,11,13,10,8,2,03中山區,中山區大直橋向北P03燈桿,0,0,3,4,C03,8,5,5,50,12,11,1,5,4,5,13,4,4,3,4,5,2,13,2,26,2,9,3,4,7,9,1,10,2,11,,107,,1,21,,121.5444369,25.074348
112,11,13,10,8,2,03中山區,中山區大直橋向北P03燈桿,0,0,3,1,C03,8,5,5,50,12,11,1,5,4,5,13,4,4,3,4,5,2,13,1,72,3,10,3,4,7,15,1,10,2,13,,42,,1,21,,121.5444369,25.074348
112,11,13,10,35,2,07信義區,信義區莊敬路與莊敬路341巷口,0,0,1,2,C03,6,5,5,50,3,2,1,4,4,5,13,4,4,5,5,4,2,11,2,19,2,8,5,1,7,9,1,10,1,14,,14,,1,21,,121.5642481,25.0279109
112,11,13,10,35,2,07信義區,信義區莊敬路與莊敬路341巷口,0,0,1,1,B01,6,5,5,50,3,2,1,4,4,5,13,4,4,5,5,4,2,11,1,45,3,10,7,1,7,15,1,4,1,1,,74,,1,21,,121.5642481,25.0279109
112,11,13,11,0,2,02萬華區,萬華區環河南路1段與峨眉街口,0,0,1,1,B03,7,7,5,30,3,1,1,5,4,5,13,4,4,8,3,5,1,16,1,24,3,10,3,4,7,6,7,19,11,2,,9,,2,21,,121.5014365,25.04496293
112,11,13,11,0,2,02萬華區,萬華區環河南路1段與峨眉街口,0,0,1,2,C03,7,7,5,30,3,1,1,5,4,5,13,4,4,8,3,5,1,16,1,42,2,9,3,4,7,9,1,10,2,14,,13,,1,21,,121.5014365,25.04496293
112,11,13,11,15,2,10文山區,文山區興隆路2段96巷與興隆路2段220巷65弄口,0,0,1,1,C03,7,6,5,30,4,1,1,4,4,5,13,4,4,10,5,5,2,15,2,65,2,9,5,1,7,9,1,10,2,12,,75,,1,21,,121.551333,24.9977651
112,11,13,11,15,2,10文山區,文山區興隆路2段96巷與興隆路2段220巷65弄口,0,0,1,2,A02,7,6,5,30,4,1,1,4,4,5,13,4,4,10,5,5,2,15,1,44,3,10,7,1,7,9,1,2,2,1,,108,,1,21,,121.551333,24.9977651
112,11,13,11,18,2,10文山區,文山區木柵路1段160號,0,0,1,1,A02,7,6,5,50,14,9,1,4,4,5,13,4,4,5,4,5,2,9,1,63,3,10,7,4,7,14,1,2,9,15,,40,,1,21,,121.551912,24.9876913
112,11,13,11,18,2,10文山區,文山區木柵路1段160號,0,0,1,2,H02,7,6,5,50,14,9,1,4,4,5,13,4,4,5,4,5,2,9,1,62,2,9,3,5,7,20,8,20,10,16,,67,,1,21,,121.551912,24.9876913
112,11,13,11,20,2,04大安區,大安區市民大道4段68巷與市民大道4段口,0,0,1,2,C03,8,5,5,40,3,2,1,5,4,5,13,4,4,1,4,5,1,16,1,26,2,7,5,1,7,9,1,10,1,11,,14,,1,21,,121.547226,25.0449128
112,11,13,11,20,2,04大安區,大安區市民大道4段68巷與市民大道4段口,0,0,1,1,B02,8,5,5,40,3,2,1,5,4,5,13,4,4,1,4,5,1,16,1,59,3,10,7,1,7,6,1,8,1,6,,9,,1,21,,121.547226,25.0449128
112,11,13,11,24,2,03中山區,中山區錦州街402號,0,0,1,3,C03,8,6,5,50,14,9,1,5,4,5,13,4,4,9,5,5,2,16,1,44,3,10,3,1,7,13,1,10,11,14,,44,,1,22,,121.5415532,25.06020043
112,11,13,11,24,2,03中山區,中山區錦州街402號,0,0,1,2,C03,8,6,5,50,14,9,1,5,4,5,13,4,4,9,5,5,2,16,1,29,2,7,6,1,7,9,1,10,1,11,,44,,1,22,,121.5415532,25.06020043
112,11,13,11,24,2,03中山區,中山區錦州街402號,0,0,1,1,C03,8,6,5,50,14,9,1,5,4,5,13,4,4,9,5,5,2,16,1,28,3,10,6,1,7,5,1,10,1,12,,8,,1,21,,121.5415532,25.06020043
112,11,13,11,37,2,01大同區,大同區環河北路1段與南京西路口,0,0,2,1,B03,7,6,5,40,3,2,1,5,4,5,13,1,1,8,3,5,1,16,1,30,3,10,7,1,7,6,6,4,2,5,,9,,1,22,,121.5075126,25.0536361
112,11,13,11,37,2,01大同區,大同區環河北路1段與南京西路口,0,0,2,2,C03,7,6,5,40,3,2,1,5,4,5,13,1,1,8,3,5,1,16,1,28,2,9,6,1,7,9,1,10,2,14,,44,,1,22,,121.5075126,25.0536361
112,11,13,11,37,2,01大同區,大同區環河北路1段與南京西路口,0,0,2,3,H02,7,6,5,40,3,2,1,5,4,5,13,1,1,8,3,5,1,16,2,24,2,9,6,5,7,17,8,20,10,16,,67,,1,22,,121.5075126,25.0536361
112,11,13,11,51,2,01大同區,大同區台北橋機慢車道(東往西),0,0,2,1,C03,7,7,5,50,8,9,1,5,4,5,13,4,4,10,4,5,2,17,1,20,2,7,5,1,7,9,3,18,1,15,,107,,1,21,,121.5086359,25.0635379
112,11,13,11,51,2,01大同區,大同區台北橋機慢車道(東往西),0,0,2,2,C03,7,7,5,50,8,9,1,5,4,5,13,4,4,10,4,5,2,17,1,80,2,8,5,1,7,9,6,18,1,11,,101,,1,21,,121.5086359,25.0635379
112,11,13,12,19,2,03中山區,中山區中山北路1段與南京東路1段口,0,0,2,1,C03,8,6,5,50,4,2,1,5,4,5,13,1,1,1,4,1,2,12,1,18,2,9,6,1,7,9,1,10,1,14,,44,,1,22,,121.5226536,25.05209235
112,11,13,12,19,2,03中山區,中山區中山北路1段與南京東路1段口,0,0,2,2,C03,8,6,5,50,4,2,1,5,4,5,13,1,1,1,4,1,2,12,1,60,2,9,5,1,7,15,1,10,1,12,,100,,1,22,,121.5226536,25.05209235
112,11,13,12,20,2,09北投區,北投區學園路與學園路口,0,0,1,1,C02,7,6,5,30,3,1,1,5,4,5,13,2,1,5,4,5,2,17,1,30,3,10,6,1,7,5,1,9,1,17,,74,,1,21,,121.467099,25.1329479
112,11,13,12,20,2,09北投區,北投區學園路與學園路口,0,0,1,2,C03,7,6,5,30,3,1,1,5,4,5,13,2,1,5,4,5,2,17,1,19,2,9,6,1,7,6,1,10,1,12,,108,,1,25,,121.467099,25.1329479
112,11,13,12,22,2,07信義區,信義區基隆路1段101巷1號,0,0,1,2,C03,6,6,5,40,14,8,1,4,4,5,13,4,4,9,4,4,2,12,1,43,2,8,5,1,7,9,1,10,1,12,,44,,1,21,,121.5673858,25.045305
112,11,13,12,22,2,07信義區,信義區基隆路1段101巷1號,0,0,1,1,B01,6,6,5,40,14,8,1,4,4,5,13,4,4,9,4,4,2,12,1,41,3,10,7,1,7,1,1,4,1,8,,19,,1,21,,121.5673858,25.045305
112,11,13,12,28,2,02萬華區,萬華區西園路2段45號,0,0,1,2,C03,8,7,5,50,14,9,1,5,4,5,13,4,4,1,4,5,2,12,1,61,3,10,6,1,7,9,1,10,1,13,,101,,1,21,,121.4972987,25.0318022
112,11,13,12,28,2,02萬華區,萬華區西園路2段45號,0,0,1,1,C03,8,7,5,50,14,9,1,5,4,5,13,4,4,1,4,5,2,12,1,40,2,9,6,1,7,4,6,18,1,14,,13,,1,21,,121.4972987,25.0318022
112,11,13,13,50,2,09北投區,北投區大度路與大度路150巷口,0,0,1,1,C03,7,7,5,50,3,2,1,5,4,5,13,1,1,3,4,5,1,12,1,52,3,10,3,4,7,7,1,8,2,13,,100,,1,21,,121.4937879,25.1216577
112,11,13,13,50,2,09北投區,北投區大度路與大度路150巷口,0,0,1,2,C03,7,7,5,50,3,2,1,5,4,5,13,1,1,3,4,5,1,12,2,23,2,9,3,4,7,9,1,8,2,11,,44,,1,23,,121.4937879,25.1216577
112,11,13,14,0,2,09北投區,北投區大度路與大業路口,0,0,1,1,B12,8,7,5,50,5,1,1,5,4,5,13,2,1,1,4,5,1,15,1,55,3,10,7,1,7,15,1,8,1,6,,107,,1,22,,121.4996227,25.12091153
112,11,13,14,0,2,09北投區,北投區大度路與大業路口,0,0,1,2,C03,8,7,5,50,5,1,1,5,4,5,13,2,1,1,4,5,1,15,1,22,2,9,6,1,7,9,1,10,1,11,,108,,1,22,,121.4996227,25.12091153
112,11,13,14,15,2,12內湖區,內湖區行忠路與行善路口,0,0,1,1,C03,7,6,5,50,4,1,1,5,4,5,13,1,1,5,4,5,2,17,1,34,2,9,5,1,7,9,1,10,2,14,,44,,1,21,,121.5855832,25.06635991
112,11,13,14,15,2,12內湖區,內湖區行忠路與行善路口,0,0,1,2,B03,7,6,5,50,4,1,1,5,4,5,13,1,1,5,4,5,2,17,2,33,3,10,7,1,7,5,1,8,2,17,,74,,1,21,,121.5855832,25.06635991
112,11,13,14,52,2,04大安區,大安區市民大道3段206號,0,0,1,1,C03,7,6,5,40,14,9,1,5,4,5,13,4,4,1,4,5,2,18,1,27,2,9,5,1,7,12,1,10,1,14,,13,,1,21,,121.540074,25.04448
112,11,13,14,52,2,04大安區,大安區市民大道3段206號,0,0,1,2,,7,6,5,40,14,9,1,5,4,5,13,4,4,1,4,5,2,18,3,0,,,,,,,,,10,,,67,,1,,,121.540074,25.04448
112,11,13,15,15,2,02萬華區,萬華區萬大路與興寧街66巷22弄口,0,0,2,3,H02,8,5,5,30,4,1,1,5,4,5,13,4,4,9,4,5,2,17,2,30,2,3,5,5,7,20,8,20,10,16,,67,,1,22,,121.5005707,25.03154425
112,11,13,15,15,2,02萬華區,萬華區萬大路與興寧街66巷22弄口,0,0,2,2,C03,8,5,5,30,4,1,1,5,4,5,13,4,4,9,4,5,2,17,2,29,3,10,5,1,7,9,1,10,1,11,,14,,1,21,,121.5005707,25.03154425
112,11,13,15,15,2,02萬華區,萬華區萬大路與興寧街66巷22弄口,0,0,2,1,C03,8,5,5,30,4,1,1,5,4,5,13,4,4,9,4,5,2,17,2,73,2,8,5,1,7,9,1,10,1,12,,72,,1,22,,121.5005707,25.03154425
112,11,13,15,27,2,09北投區,北投區承德路7段與公館路口,0,0,1,2,B03,8,7,5,60,4,2,1,5,4,5,13,2,1,1,4,4,2,13,1,66,3,10,7,2,7,15,1,8,1,4,,27,,1,22,,121.5016699,25.11954758
112,11,13,15,27,2,09北投區,北投區承德路7段與公館路口,0,0,1,1,C03,8,7,5,60,4,2,1,5,4,5,13,2,1,1,4,4,2,13,2,30,2,9,6,1,7,9,1,10,1,12,,107,,1,22,,121.5016699,25.11954758
112,11,13,15,40,2,02萬華區,萬華區忠孝西路2段與環河南路1段口,0,0,2,1,B03,8,5,5,50,3,1,1,5,4,5,13,2,1,5,4,5,2,16,1,84,3,10,7,4,7,9,1,8,1,4,,81,,1,21,,121.506087,25.04877438
112,11,13,15,40,2,02萬華區,萬華區忠孝西路2段與環河南路1段口,0,0,2,2,C03,8,5,5,50,3,1,1,5,4,5,13,2,1,5,4,5,2,16,2,62,2,9,5,4,7,5,1,10,1,12,,44,,1,21,,121.506087,25.04877438
112,11,13,15,40,2,02萬華區,萬華區忠孝西路2段與環河南路1段口,0,0,2,3,H02,8,5,5,50,3,1,1,5,4,5,13,2,1,5,4,5,2,16,2,33,2,9,4,5,7,20,8,20,10,16,,67,,1,21,,121.506087,25.04877438
112,11,13,16,18,2,08士林區,士林區德行東路152號,0,0,1,1,B03,7,5,5,50,14,9,1,5,4,5,13,4,4,9,5,5,2,12,2,45,3,10,7,1,7,7,1,8,1,5,,100,,1,22,,121.52973,25.10815609
112,11,13,16,18,2,08士林區,士林區德行東路152號,0,0,1,2,C03,7,5,5,50,14,9,1,5,4,5,13,4,4,9,5,5,2,12,1,50,2,8,5,1,7,9,1,10,1,14,,44,,1,22,,121.52973,25.10815609
112,11,13,16,40,2,12內湖區,內湖區瑞光路548巷與瑞光路口,0,0,2,1,C03,7,6,5,50,4,1,1,5,4,5,13,2,1,9,4,5,2,16,2,66,2,9,5,1,7,5,1,10,1,12,,74,,1,21,,121.5675111,25.0797436
112,11,13,16,40,2,12內湖區,內湖區瑞光路548巷與瑞光路口,0,0,2,2,C03,7,6,5,50,4,1,1,5,4,5,13,2,1,9,4,5,2,16,1,29,2,9,6,1,7,9,1,10,1,11,,44,,1,21,,121.5675111,25.0797436
112,11,13,17,10,2,12內湖區,內湖區瑞光路407號車道口前,0,0,1,1,B03,8,5,5,50,14,9,1,5,4,5,13,4,4,9,4,5,2,16,2,44,3,10,3,4,7,1,1,8,2,8,,19,,1,21,,121.5715302,25.07794163
112,11,13,17,10,2,12內湖區,內湖區瑞光路407號車道口前,0,0,1,2,C03,8,5,5,50,14,9,1,5,4,5,13,4,4,9,4,5,2,16,2,28,2,9,6,1,7,9,1,10,2,14,,44,,1,21,,121.5715302,25.07794163
112,11,13,17,26,2,07信義區,信義區松仁路97號,0,0,1,1,B01,8,5,5,50,14,9,1,5,4,5,13,4,4,1,4,5,2,12,1,62,3,10,3,4,7,14,1,4,1,4,,40,,1,21,,121.5684716,25.03624872
112,11,13,17,26,2,07信義區,信義區松仁路97號,0,0,1,3,H02,8,5,5,50,14,9,1,5,4,5,13,4,4,1,4,5,2,12,2,18,2,8,3,5,7,20,8,20,10,16,,67,,1,21,,121.5684716,25.03624872
112,11,13,17,26,2,07信義區,信義區松仁路97號,0,0,1,2,C03,8,5,5,50,14,9,1,5,4,5,13,4,4,1,4,5,2,12,1,24,3,10,3,4,7,9,1,10,1,12,,44,,1,21,,121.5684716,25.03624872
112,11,13,18,0,2,03中山區,中山區市民大道3段與八德路2段300巷口,0,0,1,2,C03,7,5,5,40,3,2,1,5,4,5,13,4,4,1,5,5,1,16,2,29,2,9,3,4,7,9,1,10,1,14,,44,,1,21,,121.5428866,25.0448793
112,11,13,18,0,2,03中山區,中山區市民大道3段與八德路2段300巷口,0,0,1,1,B03,7,5,5,40,3,2,1,5,4,5,13,4,4,1,5,5,1,16,1,55,3,10,3,4,7,6,1,8,1,2,,9,,1,21,,121.5428866,25.0448793
112,11,13,18,16,2,06松山區,松山區市民大道4段21號,0,0,2,3,C03,8,5,5,40,14,9,1,5,4,5,13,4,4,3,4,5,2,13,2,38,2,8,3,4,7,9,1,10,1,13,,44,,1,22,,121.5444667,25.0450423
112,11,13,18,16,2,06松山區,松山區市民大道4段21號,0,0,2,1,B03,8,5,5,40,14,9,1,5,4,5,13,4,4,3,4,5,2,13,1,40,3,10,3,4,7,9,3,18,1,1,,108,,1,22,,121.5444667,25.0450423
112,11,13,18,16,2,06松山區,松山區市民大道4段21號,0,0,2,2,C03,8,5,5,40,14,9,1,5,4,5,13,4,4,3,4,5,2,13,2,27,2,8,6,4,7,14,1,10,1,13,,44,,1,22,,121.5444667,25.0450423
112,11,13,18,19,2,03中山區,中山區民權東路3段與復興北路口,0,0,1,1,C03,8,7,5,50,4,2,1,5,4,5,13,1,1,1,3,5,1,12,2,24,2,9,6,1,7,9,1,10,1,14,,107,,1,21,,121.5440506,25.06220579
112,11,13,18,19,2,03中山區,中山區民權東路3段與復興北路口,0,0,1,2,B01,8,7,5,50,4,2,1,5,4,5,13,1,1,1,3,5,1,12,1,61,3,10,7,1,7,9,1,4,1,5,,108,,1,21,,121.5440506,25.06220579
112,11,13,18,19,2,05中正區,中正區博愛路60號前,0,0,1,1,B03,7,5,5,50,14,9,1,5,4,5,13,4,4,9,4,5,1,17,2,58,3,10,7,1,7,1,1,8,2,5,,44,,1,21,,121.5113297,25.0455038
112,11,13,18,19,2,05中正區,中正區博愛路60號前,0,0,1,2,C03,7,5,5,50,14,9,1,5,4,5,13,4,4,9,4,5,1,17,1,27,2,8,6,1,7,6,1,10,2,11,,108,,1,21,,121.5113297,25.0455038
112,11,13,18,19,2,05中正區,中正區博愛路60號前,0,0,1,3,B03,7,5,5,50,14,9,1,5,4,5,13,4,4,9,4,5,1,17,1,42,3,10,7,1,7,14,1,10,2,17,,38,,1,21,,121.5113297,25.0455038
112,11,13,18,25,2,01大同區,大同區延平北路1段51號,0,0,1,1,B03,7,5,5,50,14,9,1,5,4,5,13,4,4,5,4,5,2,17,1,48,3,10,3,4,7,11,1,8,1,8,,10,,1,22,,121.5118412,25.0512463
112,11,13,18,25,2,01大同區,大同區延平北路1段51號,0,0,1,2,C03,7,5,5,50,14,9,1,5,4,5,13,4,4,5,4,5,2,17,1,34,2,9,6,4,7,9,1,9,1,11,,44,,1,22,,121.5118412,25.0512463
112,11,13,18,25,2,07信義區,信義區忠孝東路5段68號,0,0,1,3,C03,7,5,8,50,22,22,1,5,4,5,13,2,1,1,4,5,2,9,1,32,2,9,6,1,7,9,1,10,9,14,,44,,1,22,,121.5663344,25.0410068