發生年度,發生月,發生日,發生時-Hours,發生分,處理別-編號,區序,肇事地點,死亡人數,2-30日死亡人數,受傷人數,當事人序號,車種,天候,光線,道路類別,速限-速度限制,道路型態,事故位置,路面狀況1,路面狀況2,路面狀況3,道路障礙1,道路障礙2,號誌1,號誌2,車道劃分-分向,車道劃分-分道1,車道劃分-分道2,車道劃分-分道3,事故類型及型態,性別,年齡,受傷程度,主要傷處,保護裝置,行動電話,車輛用途,當事者行動狀態,駕駛資格情形,駕駛執照種類,飲酒情形,車輛撞擊部位1,車輛撞擊部位2,肇因碼-個別,肇因碼-主要,個人肇逃否,職業,旅次目的,座標-X,座標-Y
112,11,15,10,15,2,09北投區,北投區承德路7段與立農街1段口,0,0,1,2,C04,8,6,5,30,3,1,1,5,4,5,10,4,4,1,4,5,2,17,2,64,2,7,6,1,7,5,1,21,1,14,,42,,1,21,,121.5026984,25.1187954
112,11,15,10,15,2,08士林區,士林區中山北路5段與中山北路5段704巷口,0,0,1,2,C03,8,5,5,50,5,1,1,5,4,5,13,2,1,1,4,5,2,16,1,31,2,8,3,4,7,9,1,10,1,17,,44,,1,22,,121.5273842,25.09781815
112,11,15,10,15,2,08士林區,士林區中山北路5段與中山北路5段704巷口,0,0,1,1,B01,8,5,5,50,5,1,1,5,4,5,13,2,1,1,4,5,2,16,1,64,4,11,3,4,7,11,7,19,11,15,,10,,2,22,,121.5273842,25.09781815
112,11,15,10,23,2,12內湖區,內湖區瑞湖街與舊宗路2段121巷口,0,0,1,1,B03,8,5,5,50,4,1,1,5,4,5,13,1,1,5,5,5,2,17,2,59,3,10,7,1,7,6,1,8,1,5,,9,,1,21,,121.5764203,25.06904114
112,11,15,10,23,2,12內湖區,內湖區瑞湖街與舊宗路2段121巷口,0,0,1,2,C03,8,5,5,50,4,1,1,5,4,5,13,1,1,5,5,5,2,17,2,43,2,9,5,1,7,9,1,10,1,14,,44,,1,21,,121.5764203,25.06904114
112,11,15,10,29,2,03中山區,中山區明水路526巷與敬業三路161巷口,0,0,1,1,B03,8,7,5,30,4,1,1,5,4,5,13,4,4,5,5,5,2,15,2,49,3,10,7,1,7,9,1,8,1,1,,72,,1,21,,121.5544088,25.0792299
112,11,15,10,29,2,03中山區,中山區明水路526巷與敬業三路161巷口,0,0,1,2,C03,8,7,5,30,4,1,1,5,4,5,13,4,4,5,5,5,2,15,1,41,2,9,5,1,7,9,1,10,1,14,,44,,1,21,,121.5544088,25.0792299
112,11,15,11,0,2,11南港區,南港區南港路3段133號,0,0,1,1,C03,8,5,8,50,22,22,1,5,4,5,13,4,4,5,5,5,2,17,1,36,2,8,5,1,7,9,3,18,1,11,,116,,1,21,,121.5864219,25.05296628
112,11,15,11,0,2,11南港區,南港區南港路3段133號,0,0,1,2,B03,8,5,8,50,22,22,1,5,4,5,13,4,4,5,5,5,2,17,1,48,3,10,3,4,7,13,1,8,1,6,,44,,1,21,,121.5864219,25.05296628
112,11,15,11,0,2,11南港區,南港區南港路3段133號,0,0,1,3,C03,8,5,8,50,22,22,1,5,4,5,13,4,4,5,5,5,2,17,1,53,3,10,5,1,7,13,1,10,9,14,,44,,1,22,,121.5864219,25.05296628
112,11,15,11,46,2,09北投區,北投區中央北路2段257巷第1209610號燈桿旁,0,0,1,1,F01,8,6,5,0,14,20,1,5,4,5,13,4,4,10,5,5,2,18,1,67,2,9,4,1,7,9,8,20,1,11,,108,,1,21,,121.4861944,25.12289234
112,11,15,11,46,2,09北投區,北投區中央北路2段257巷第1209610號燈桿旁,0,0,1,2,,8,6,5,0,14,20,1,5,4,5,13,4,4,10,5,5,2,18,3,0,,,,,,,,,,,,67,,1,,,121.4861944,25.12289234
112,11,15,11,52,2,10文山區,文山區羅斯福路4段與基隆路4段口,0,0,2,2,C03,8,6,5,50,4,1,1,5,4,5,13,2,1,1,4,5,2,16,1,41,2,9,6,1,7,7,1,9,2,11,,13,,1,21,,121.5370526,25.01098582
112,11,15,11,52,2,10文山區,文山區羅斯福路4段與基隆路4段口,0,0,2,1,C03,8,6,5,50,4,1,1,5,4,5,13,2,1,1,4,5,2,16,1,51,2,9,6,1,7,5,1,9,2,14,,96,,1,21,,121.5370526,25.01098582
112,11,15,12,0,2,06松山區,松山區民權東路3段107號,0,0,1,1,B03,8,5,5,50,14,9,1,5,4,5,13,4,4,3,4,5,2,17,1,74,3,10,3,4,7,7,1,8,2,5,,100,,1,22,,121.545,25.06218922
112,11,15,12,0,2,06松山區,松山區民權東路3段107號,0,0,1,2,C03,8,5,5,50,14,9,1,5,4,5,13,4,4,3,4,5,2,17,2,65,2,9,6,4,7,9,1,10,2,13,,14,,1,22,,121.545,25.06218922
112,11,15,12,15,2,12內湖區,內湖區康寧路3段189巷與康寧路3段165巷口,0,0,1,1,C03,8,7,5,30,3,1,1,5,4,5,13,4,4,10,5,5,2,15,2,59,2,9,5,1,7,9,1,10,1,12,,72,,1,21,,121.6126747,25.07180466
112,11,15,12,15,2,12內湖區,內湖區康寧路3段189巷與康寧路3段165巷口,0,0,1,2,B02,8,7,5,30,3,1,1,5,4,5,13,4,4,10,5,5,2,15,1,33,3,10,7,1,7,9,1,8,1,1,,14,,1,21,,121.6126747,25.07180466
112,11,15,12,15,2,09北投區,北投區懷德街56巷16號與榮華三路41巷口,0,0,1,1,C03,8,6,5,30,4,1,1,5,4,5,13,4,4,10,5,5,2,17,1,69,2,7,6,1,7,9,1,10,2,12,,72,,1,21,,121.520439,25.11274233
112,11,15,12,15,2,09北投區,北投區懷德街56巷16號與榮華三路41巷口,0,0,1,2,B12,8,6,5,30,4,1,1,5,4,5,13,4,4,10,5,5,2,17,1,34,3,10,7,1,7,9,1,8,2,1,,5,,1,21,,121.520439,25.11274233
112,11,15,13,6,2,10文山區,文山區興隆路4段122巷與興隆路4段122巷8弄口口,0,0,2,1,C03,8,5,5,30,3,1,1,5,4,5,13,4,4,5,5,5,2,12,1,68,2,7,5,1,7,5,1,10,2,14,,8,,1,21,,121.5616718,24.9824861
112,11,15,13,6,2,10文山區,文山區興隆路4段122巷與興隆路4段122巷8弄口口,0,0,2,2,C03,8,5,5,30,3,1,1,5,4,5,13,4,4,5,5,5,2,12,2,19,2,8,5,1,7,9,1,10,2,11,,44,,1,21,,121.5616718,24.9824861
112,11,15,13,12,2,06松山區,松山區光復北路與光復北路11巷口,0,0,1,2,B03,8,6,5,50,14,9,1,5,3,5,13,1,1,1,4,5,2,12,1,73,3,10,7,1,7,9,1,8,1,5,,44,,1,21,,121.5578935,25.0489418
112,11,15,13,12,2,06松山區,松山區光復北路與光復北路11巷口,0,0,1,1,C03,8,6,5,50,14,9,1,5,3,5,13,1,1,1,4,5,2,12,2,43,2,9,5,1,7,9,1,10,1,13,,101,,1,21,,121.5578935,25.0489418
112,11,15,13,31,2,12內湖區,內湖區內湖路2段103巷no.62車格,0,0,1,1,B12,8,6,5,30,14,9,1,5,4,5,13,4,4,9,4,5,2,12,1,33,3,10,7,1,7,1,1,8,1,8,,19,,1,21,,121.5815293,25.08146409
112,11,15,13,31,2,12內湖區,內湖區內湖路2段103巷no.62車格,0,0,1,2,C03,8,6,5,30,14,9,1,5,4,5,13,4,4,9,4,5,2,12,1,25,2,9,6,1,7,9,1,10,1,12,,44,,1,21,,121.5815293,25.08146409
112,11,15,13,49,2,12內湖區,內湖區成功路2段與新明路口,0,0,1,2,C03,8,7,5,50,4,1,1,5,4,5,13,1,1,5,4,5,2,16,2,41,2,1,5,1,7,9,1,10,1,11,,44,,1,21,,121.5912351,25.06056739
112,11,15,13,49,2,12內湖區,內湖區成功路2段與新明路口,0,0,1,1,B12,8,7,5,50,4,1,1,5,4,5,13,1,1,5,4,5,2,16,1,27,3,10,7,1,7,5,1,8,1,5,,98,,1,21,,121.5912351,25.06056739
112,11,15,13,54,2,10文山區,文山區興隆路3段與萬芳路口,0,0,1,1,C04,8,6,5,50,4,1,1,5,4,5,13,2,1,1,4,5,2,16,1,46,2,7,6,1,7,5,1,10,2,11,,96,,1,21,,121.559866,24.9967379
112,11,15,13,54,2,10文山區,文山區興隆路3段與萬芳路口,0,0,1,2,B03,8,6,5,50,4,1,1,5,4,5,13,2,1,1,4,5,2,16,1,69,3,10,7,1,7,9,1,8,2,8,,44,,1,21,,121.559866,24.9967379
112,11,15,14,35,2,06松山區,松山區基隆路1段與八德路4段口,0,0,2,2,C03,8,7,5,50,5,1,1,5,4,5,13,2,1,1,2,5,2,17,1,54,2,9,6,1,7,9,1,10,2,11,,44,,1,21,,121.5696429,25.04954817
112,11,15,14,35,2,06松山區,松山區基隆路1段與八德路4段口,0,0,2,1,C03,8,7,5,50,5,1,1,5,4,5,13,2,1,1,2,5,2,17,1,32,2,9,6,1,7,15,1,10,2,11,,101,,1,21,,121.5696429,25.04954817
112,11,15,14,40,2,03中山區,中山區林森北路557巷與林森北路口,0,0,1,1,B03,8,7,5,50,3,1,1,5,4,5,13,4,4,5,2,5,2,17,1,41,3,10,7,1,7,11,1,8,1,4,,10,,1,21,,121.5256825,25.0643934
112,11,15,14,40,2,03中山區,中山區林森北路557巷與林森北路口,0,0,1,2,C03,8,7,5,50,3,1,1,5,4,5,13,4,4,5,2,5,2,17,1,27,2,9,5,1,7,9,1,10,1,11,,44,,1,21,,121.5256825,25.0643934
112,11,15,14,40,2,08士林區,士林區忠誠路1段96號與德行東路口,0,0,1,2,C03,8,5,8,30,3,2,1,5,4,5,13,4,4,1,4,4,1,17,1,20,2,9,5,1,7,9,1,10,1,11,,44,,1,21,,121.5303568,25.10912397
112,11,15,14,40,2,08士林區,士林區忠誠路1段96號與德行東路口,0,0,1,1,B12,8,5,8,30,3,2,1,5,4,5,13,4,4,1,4,4,1,17,1,30,3,10,7,1,7,5,1,8,1,8,,72,,1,21,,121.5303568,25.10912397
112,11,15,14,49,2,03中山區,中山區農安街227巷與松江路431巷口,0,0,2,2,C03,8,7,5,30,4,2,1,5,4,5,13,4,4,10,5,5,1,15,1,61,2,7,6,1,7,9,1,10,1,11,,14,,1,21,,121.5338897,25.065583
112,11,15,14,49,2,03中山區,中山區農安街227巷與松江路431巷口,0,0,2,1,C03,8,7,5,30,4,2,1,5,4,5,13,4,4,10,5,5,1,15,1,47,2,9,5,1,7,9,1,10,1,12,,72,,1,21,,121.5338897,25.065583
112,11,15,14,49,2,03中山區,中山區吉林路與民權東路2段口,0,0,1,1,B12,8,5,5,50,4,1,1,5,4,5,13,1,1,5,4,5,2,12,4,69,,,,,,,,,11,,,119,,2,,,121.5303213,25.06246281
112,11,15,14,49,2,03中山區,中山區吉林路與民權東路2段口,0,0,1,2,F01,8,5,5,50,4,1,1,5,4,5,13,1,1,5,4,5,2,12,2,58,2,8,4,1,7,9,8,20,1,14,,17,,1,21,,121.5303213,25.06246281
112,11,15,15,36,2,08士林區,士林區承德路5段1101938號電燈桿,0,0,1,1,C03,8,6,5,60,14,7,1,5,4,5,13,4,4,1,4,4,2,13,2,30,2,7,6,1,7,9,1,10,1,11,,16,,1,21,,121.5143284,25.0956624
112,11,15,15,36,2,08士林區,士林區承德路5段1101938號電燈桿,0,0,1,2,B03,8,6,5,60,14,7,1,5,4,5,13,4,4,1,4,4,2,13,1,37,3,10,7,1,7,9,1,8,1,3,,44,,1,21,,121.5143284,25.0956624
112,11,15,15,44,2,08士林區,士林區中山北路6段與中山北路6段405巷口,0,0,1,1,C03,8,6,5,50,3,1,1,5,4,5,13,2,1,1,4,5,2,17,2,20,3,10,3,4,7,6,1,10,1,12,,9,,1,21,,121.5266019,25.1130781
112,11,15,15,44,2,08士林區,士林區中山北路6段與中山北路6段405巷口,0,0,1,2,C03,8,6,5,50,3,1,1,5,4,5,13,2,1,1,4,5,2,17,2,23,2,9,3,4,7,9,1,10,1,14,,44,,1,21,,121.5266019,25.1130781
112,11,15,16,22,2,10文山區,文山區景中街與景文街口,0,0,1,1,C03,8,6,5,50,4,1,1,5,4,5,13,2,1,1,4,5,2,16,2,35,2,7,5,1,7,5,1,10,1,12,,74,,1,21,,121.5413274,24.9928816
112,11,15,16,22,2,10文山區,文山區景中街與景文街口,0,0,1,2,B03,8,6,5,50,4,1,1,5,4,5,13,2,1,1,4,5,2,16,2,44,3,10,7,1,7,9,1,8,1,1,,44,,1,21,,121.5413274,24.9928816
112,11,15,16,24,2,08士林區,士林區延平北路5段與延平北路5段136巷口,0,0,2,2,C03,8,7,5,50,3,1,1,5,4,5,13,1,1,1,5,5,2,12,1,45,2,8,6,1,7,9,1,10,1,11,,44,,1,21,,121.5102938,25.0822309
112,11,15,16,24,2,08士林區,士林區延平北路5段與延平北路5段136巷口,0,0,2,1,C03,8,7,5,50,3,1,1,5,4,5,13,1,1,1,5,5,2,12,1,72,2,8,6,1,7,8,1,10,1,13,,100,,1,21,,121.5102938,25.0822309
112,11,15,16,25,2,05中正區,中正區水源路與師大路口,0,0,1,1,B03,8,7,5,50,4,1,1,5,4,5,13,1,1,1,1,2,2,12,1,32,3,10,7,1,7,7,1,8,11,15,,99,,2,22,,121.522551,25.0204349
112,11,15,16,25,2,05中正區,中正區水源路與師大路口,0,0,1,2,C01,8,7,5,50,4,1,1,5,4,5,13,1,1,1,1,2,2,12,1,36,2,9,6,1,7,9,1,9,2,12,,44,,1,21,,121.522551,25.0204349
112,11,15,16,46,2,08士林區,士林區仰德大道1段過國安局上山,0,0,1,2,C03,8,6,5,40,11,9,1,4,4,5,13,4,4,1,3,5,2,29,1,36,2,9,5,1,7,9,1,10,1,12,,44,,1,21,,121.5370484,25.1074204
112,11,15,16,46,2,08士林區,士林區仰德大道1段過國安局上山,0,0,1,1,A05,8,6,5,40,11,9,1,4,4,5,13,4,4,1,3,5,2,29,1,57,4,11,3,4,7,9,1,2,11,17,,42,,1,22,,121.5370484,25.1074204
112,11,15,17,32,2,11南港區,南港區南港路3段30號,0,0,1,1,C03,8,5,5,50,3,1,1,5,4,5,13,2,1,5,4,5,2,16,1,24,2,6,5,1,7,5,1,10,1,14,,8,,1,22,,121.592335,25.0542253
112,11,15,17,32,2,11南港區,南港區南港路3段30號,0,0,1,2,B01,8,5,5,50,3,1,1,5,4,5,13,2,1,5,4,5,2,16,1,54,3,10,3,4,7,9,1,4,1,1,,44,,1,22,,121.592335,25.0542253
112,11,15,17,35,2,09北投區,北投區西安街1段313巷16弄與西安街1段313巷口,0,0,1,1,F01,8,5,5,30,4,1,1,5,4,5,13,4,4,10,5,5,2,15,2,55,2,9,4,1,7,9,8,20,1,12,,75,,1,21,,121.5155994,25.11258457
112,11,15,17,35,2,09北投區,北投區西安街1段313巷16弄與西安街1段313巷口,0,0,1,2,B12,8,5,5,30,4,1,1,5,4,5,13,4,4,10,5,5,2,15,1,46,3,10,7,1,7,9,1,8,1,1,,44,,1,26,,121.5155994,25.11258457
112,11,15,17,49,2,06松山區,松山區復興北路15號,0,0,2,2,C03,8,6,5,50,14,9,1,5,4,5,13,4,4,1,4,5,2,13,4,0,,,,,7,21,7,19,11,15,,119,,2,,,121.5440643,25.0486222
112,11,15,17,49,2,06松山區,松山區復興北路15號,0,0,2,3,H02,8,6,5,50,14,9,1,5,4,5,13,4,4,1,4,5,2,13,2,22,2,8,6,5,7,20,8,20,10,16,,67,,1,21,,121.5440643,25.0486222
112,11,15,17,49,2,06松山區,松山區復興北路15號,0,0,2,1,C03,8,6,5,50,14,9,1,5,4,5,13,4,4,1,4,5,2,13,1,21,2,9,6,4,7,9,1,10,11,11,,16,,1,21,,121.5440643,25.0486222
112,11,15,17,50,2,10文山區,文山區辛亥路5段95號,0,0,1,1,C03,8,5,5,50,14,9,1,5,4,5,13,4,4,1,4,5,2,17,2,33,2,1,5,1,7,9,1,10,2,11,,107,,1,21,,121.5525248,24.99762339
112,11,15,17,50,2,10文山區,文山區辛亥路5段95號,0,0,1,2,B12,8,5,5,50,14,9,1,5,4,5,13,4,4,1,4,5,2,17,1,48,3,10,3,1,7,13,1,8,2,7,,38,,1,21,,121.5525248,24.99762339
112,11,15,17,56,2,08士林區,士林區德行東路109巷107號,0,0,2,1,C04,8,5,5,30,14,9,1,5,4,5,13,4,4,7,5,5,1,1,2,58,2,9,5,1,7,9,1,11,1,14,,107,,1,21,,121.5287391,25.1107555
112,11,15,17,56,2,08士林區,士林區德行東路109巷107號,0,0,2,2,H01,8,5,5,30,14,9,1,5,4,5,13,4,4,7,5,5,1,1,2,81,2,9,4,5,8,16,8,20,1,16,,121,,1,21,,121.5287391,25.1107555
112,11,15,18,0,2,07信義區,信義區福德街309巷與福德街口,0,0,1,2,B03,8,5,5,50,4,1,1,5,4,5,13,1,1,5,4,5,2,16,1,30,3,10,7,1,7,9,1,2,1,8,,44,,1,21,,121.5875754,25.0393078
112,11,15,18,0,2,07信義區,信義區福德街309巷與福德街口,0,0,1,1,C03,8,5,5,50,4,1,1,5,4,5,13,1,1,5,4,5,2,16,1,46,2,8,6,1,7,6,1,10,1,11,,74,,1,21,,121.5875754,25.0393078
112,11,15,18,1,2,05中正區,中正區公園路與常德街口,0,0,1,1,C03,8,5,8,50,22,22,1,5,4,1,13,2,1,9,4,5,2,11,2,28,2,9,6,1,7,15,1,10,2,11,,44,,1,21,,121.5160027,25.0409857
112,11,15,18,1,2,05中正區,中正區公園路與常德街口,0,0,1,2,B03,8,5,8,50,22,22,1,5,4,1,13,2,1,9,4,5,2,11,1,55,3,10,7,1,7,9,1,8,2,5,,108,,1,21,,121.5160027,25.0409857
112,11,15,18,9,2,01大同區,大同區延平北路3段與昌吉街口,0,0,2,1,C03,7,5,5,50,4,2,1,5,4,5,13,1,1,5,2,5,2,17,2,49,3,10,5,1,7,6,1,10,1,15,,9,,1,21,,121.5109704,25.0659851
112,11,15,18,9,2,01大同區,大同區延平北路3段與昌吉街口,0,0,2,2,C03,7,5,5,50,4,2,1,5,4,5,13,1,1,5,2,5,2,17,1,72,2,7,5,1,7,9,1,10,1,14,,44,,1,21,,121.5109704,25.0659851
112,11,15,18,9,2,01大同區,大同區延平北路3段與昌吉街口,0,0,2,3,H02,7,5,5,50,4,2,1,5,4,5,13,1,1,5,2,5,2,17,2,68,2,8,5,5,7,21,8,20,10,16,,67,,1,21,,121.5109704,25.0659851
112,11,15,18,40,2,06松山區,松山區民生東路5段與三民路口,0,0,1,1,C03,7,5,5,50,18,9,1,5,4,5,13,2,1,1,4,5,2,17,2,44,2,6,6,4,7,9,1,10,2,11,,78,,1,21,,121.5638039,25.0587949
112,11,15,18,40,2,06松山區,松山區民生東路5段與三民路口,0,0,1,2,B03,7,5,5,50,18,9,1,5,4,5,13,2,1,1,4,5,2,17,1,47,3,10,3,4,7,9,1,8,2,2,,9,,1,21,,121.5638039,25.0587949
112,11,15,18,42,2,03中山區,中山區北安路595巷與北安路口,0,0,1,1,C03,7,5,5,50,4,1,1,5,4,5,13,1,1,1,3,5,1,16,1,25,3,10,6,4,7,5,1,10,1,13,,8,,1,21,,121.54883,25.0820224
112,11,15,18,42,2,03中山區,中山區北安路595巷與北安路口,0,0,1,2,C03,7,5,5,50,4,1,1,5,4,5,13,1,1,1,3,5,1,16,1,28,2,8,6,4,7,9,1,10,1,11,,44,,1,21,,121.54883,25.0820224
112,11,15,18,56,2,02萬華區,萬華區西園路1段與桂林路口,0,0,1,1,C03,8,5,5,50,4,1,1,5,4,5,13,1,1,8,3,4,1,13,1,41,3,10,5,1,7,9,1,10,1,11,,16,,1,21,,121.5000211,25.0384994
112,11,15,18,56,2,02萬華區,萬華區西園路1段與桂林路口,0,0,1,2,C03,8,5,5,50,4,1,1,5,4,5,13,1,1,8,3,4,1,13,1,43,2,8,5,1,7,9,1,9,1,13,11,44,,1,21,,121.5000211,25.0384994
112,11,15,18,56,2,02萬華區,萬華區西園路1段與桂林路口,0,0,1,3,C03,8,5,5,50,4,1,1,5,4,5,13,1,1,8,3,4,1,13,2,23,3,10,5,1,7,9,1,10,1,13,,44,,1,21,,121.5000211,25.0384994
112,11,15,19,1,2,01大同區,大同區重慶北路3段236巷與民族西路221巷口口,0,0,2,1,C03,8,5,5,30,4,1,1,5,4,5,13,4,4,10,5,5,2,15,2,62,2,7,6,1,7,9,1,10,1,13,,72,,1,21,,121.5132138,25.0705382
112,11,15,19,1,2,01大同區,大同區重慶北路3段236巷與民族西路221巷口口,0,0,2,2,C03,8,5,5,30,4,1,1,5,4,5,13,4,4,10,5,5,2,15,1,28,2,9,6,1,7,9,1,10,1,11,,13,,1,21,,121.5132138,25.0705382
112,11,15,19,1,2,09北投區,北投區中央南路1段與中正街口,0,0,2,1,C03,8,5,5,50,4,1,1,5,4,5,13,4,4,5,5,5,2,3,2,23,2,9,6,1,7,9,1,10,2,11,,70,,1,25,,121.5012857,25.1316988
112,11,15,19,1,2,09北投區,北投區中央南路1段與中正街口,0,0,2,2,H01,8,5,5,50,4,1,1,5,4,5,13,4,4,5,5,5,2,3,1,55,2,4,4,5,8,16,8,20,10,16,,67,,1,21,,121.5012857,25.1316988
112,11,15,19,29,2,07信義區,信義區松隆路33號,0,0,1,1,C03,7,5,5,50,14,9,1,5,4,5,13,4,4,1,4,5,1,13,1,19,2,7,3,4,7,9,1,10,1,11,,108,,1,21,,121.5678664,25.0439564
112,11,15,19,29,2,07信義區,信義區松隆路33號,0,0,1,2,B03,7,5,5,50,14,9,1,5,4,5,13,4,4,1,4,5,1,13,1,46,3,10,3,4,7,14,1,8,1,7,,44,,1,21,,121.5678664,25.0439564
112,11,15,19,30,2,03中山區,中山區中山北路3段與德惠街口,0,0,1,2,C04,7,5,5,50,3,1,1,5,4,5,13,1,1,5,4,3,2,17,2,26,2,9,6,1,7,9,1,10,1,14,,42,,1,21,,121.5225603,25.06686841
112,11,15,19,30,2,03中山區,中山區中山北路3段與德惠街口,0,0,1,1,B01,7,5,5,50,3,1,1,5,4,5,13,1,1,5,4,3,2,17,1,57,3,10,7,1,7,8,1,4,1,17,,100,,1,21,,121.5225603,25.06686841
112,11,15,19,33,2,07信義區,信義區吳興街與吳興街220巷口,0,0,2,1,C03,8,5,5,30,4,1,1,5,4,5,13,2,1,5,5,5,2,17,2,38,2,8,6,1,7,5,1,10,2,12,,74,,1,21,,121.56318,25.0276491
112,11,15,19,33,2,07信義區,信義區吳興街與吳興街220巷口,0,0,2,2,C03,8,5,5,30,4,1,1,5,4,5,13,2,1,5,5,5,2,17,1,28,2,3,5,1,7,9,1,10,2,11,,44,,1,21,,121.56318,25.0276491
112,11,15,20,6,2,08士林區,士林區延平北路7段106巷與社子大橋口,0,0,3,1,C03,7,5,5,40,3,1,1,5,4,5,13,1,1,9,5,5,1,16,1,51,2,7,5,1,7,11,1,10,1,12,,10,,1,21,,121.4926641,25.11188875
112,11,15,20,6,2,08士林區,士林區延平北路7段106巷與社子大橋口,0,0,3,2,C03,7,5,5,40,3,1,1,5,4,5,13,1,1,9,5,5,1,16,1,19,2,9,6,1,7,9,1,10,1,11,,13,,1,21,,121.4926641,25.11188875
112,11,15,20,6,2,08士林區,士林區延平北路7段106巷與社子大橋口,0,0,3,3,H02,7,5,5,40,3,1,1,5,4,5,13,1,1,9,5,5,1,16,1,19,2,9,6,5,7,17,8,20,10,16,,67,,1,21,,121.4926641,25.11188875
112,11,15,20,50,2,04大安區,大安區大安路1段與敦化南路1段190巷口,0,0,2,1,C03,7,5,5,30,4,1,1,5,4,5,13,4,4,5,4,5,2,15,2,28,2,9,5,1,7,9,1,10,1,11,,72,,1,21,,121.5461513,25.04267
112,11,15,20,50,2,04大安區,大安區大安路1段與敦化南路1段190巷口,0,0,2,2,C03,7,5,5,30,4,1,1,5,4,5,13,4,4,5,4,5,2,15,2,23,2,9,5,1,7,9,1,10,1,12,,14,,1,21,,121.5461513,25.04267
112,11,15,21,2,2,04大安區,大安區仁愛路4段與安和路1段口,0,0,1,1,B01,7,6,5,50,4,1,1,5,4,5,13,2,1,1,4,5,2,3,1,60,3,10,7,1,7,5,1,4,1,1,,70,,1,21,,121.5510343,25.0377828
112,11,15,21,2,2,04大安區,大安區仁愛路4段與安和路1段口,0,0,1,2,H01,7,6,5,50,4,1,1,5,4,5,13,2,1,1,4,5,2,3,1,42,2,8,4,5,8,16,8,20,10,16,,67,,1,21,,121.5510343,25.0377828
112,11,15,21,25,2,05中正區,中正區市民大道2段與華山公園附近口車站前迴轉道,0,0,1,1,B01,7,6,5,40,3,2,1,5,4,5,13,4,4,1,4,5,1,16,1,68,3,10,2,1,7,11,1,4,2,5,,72,,1,22,,121.5269227,25.04706297
112,11,15,21,25,2,05中正區,中正區市民大道2段與華山公園附近口車站前迴轉道,0,0,1,2,C03,7,6,5,40,3,2,1,5,4,5,13,4,4,1,4,5,1,16,1,22,2,9,6,1,7,9,1,10,2,11,,13,,1,22,,121.5269227,25.04706297
112,11,15,21,45,2,11南港區,南港區南港路1段32號,0,0,1,1,C03,8,5,5,50,14,9,1,5,4,5,13,4,4,1,3,5,2,13,1,21,2,8,3,4,7,7,1,10,1,11,,108,,1,21,,121.6170235,25.0550348
112,11,15,21,45,2,11南港區,南港區南港路1段32號,0,0,1,2,B03,8,5,5,50,14,9,1,5,4,5,13,4,4,1,3,5,2,13,1,34,3,10,3,4,7,9,1,8,1,7,,44,,1,21,,121.6170235,25.0550348
112,11,15,21,56,2,05中正區,中正區重慶南路3段與汀州路2段口,0,0,1,1,C03,8,5,5,50,4,1,1,5,4,5,13,1,1,1,4,5,2,13,1,23,2,9,5,4,7,9,1,10,1,11,,107,,1,21,,121.5164898,25.0255585
112,11,15,21,56,2,05中正區,中正區重慶南路3段與汀州路2段口,0,0,1,2,B01,8,5,5,50,4,1,1,5,4,5,13,1,1,1,4,5,2,13,1,54,3,10,7,4,7,8,1,4,1,7,,44,,1,21,,121.5164898,25.0255585
112,11,15,21,59,2,04大安區,大安區復興南路1段與忠孝東路3段248巷13弄口,0,0,1,1,C03,8,5,5,50,3,2,1,5,4,5,13,4,4,1,4,5,1,13,1,31,2,9,5,1,7,9,1,10,1,11,,107,,1,21,,121.5436431,25.0403609
112,11,15,21,59,2,04大安區,大安區復興南路1段與忠孝東路3段248巷13弄口,0,0,1,2,B03,8,5,5,50,3,2,1,5,4,5,13,4,4,1,4,5,1,13,2,51,3,10,7,1,7,1,1,8,1,4,,101,,1,21,,121.5436431,25.0403609
112,11,15,21,59,2,04大安區,大安區復興南路1段與忠孝東路3段248巷13弄口,0,0,1,3,C03,8,5,5,50,3,2,1,5,4,5,13,4,4,1,4,5,1,13,2,53,3,10,5,1,7,12,1,10,1,13,,44,,1,21,,121.5436431,25.0403609
112,11,15,22,3,2,02萬華區,萬華區西藏路與西園路2段口,0,0,1,1,B03,7,5,5,50,4,1,1,5,4,5,13,1,1,10,4,5,2,16,1,47,3,10,7,1,7,7,1,8,2,2,,99,,1,21,,121.4957342,25.0287251
112,11,15,22,3,2,02萬華區,萬華區西藏路與西園路2段口,0,0,1,2,C03,7,5,5,50,4,1,1,5,4,5,13,1,1,10,4,5,2,16,2,28,2,9,5,1,7,5,1,10,2,14,,8,,1,21,,121.4957342,25.0287251
112,11,16,1,17,2,07信義區,信義區基隆路2段與光復南路口,0,0,1,1,B03,8,6,5,50,4,1,1,5,4,5,13,2,1,1,4,5,1,17,1,38,3,10,3,4,7,5,1,8,1,17,,8,,1,22,,121.5576129,25.029936
112,11,16,1,17,2,07信義區,信義區基隆路2段與光復南路口,0,0,1,2,C03,8,6,5,50,4,1,1,5,4,5,13,2,1,1,4,5,1,17,1,32,2,9,3,4,7,12,1,10,1,14,,14,,1,22,,121.5576129,25.029936