發生年度,發生月,發生日,發生時-Hours,發生分,處理別-編號,區序,肇事地點,死亡人數,2-30日死亡人數,受傷人數,當事人序號,車種,天候,光線,道路類別,速限-速度限制,道路型態,事故位置,路面狀況1,路面狀況2,路面狀況3,道路障礙1,道路障礙2,號誌1,號誌2,車道劃分-分向,車道劃分-分道1,車道劃分-分道2,車道劃分-分道3,事故類型及型態,性別,年齡,受傷程度,主要傷處,保護裝置,行動電話,車輛用途,當事者行動狀態,駕駛資格情形,駕駛執照種類,飲酒情形,車輛撞擊部位1,車輛撞擊部位2,肇因碼-個別,肇因碼-主要,個人肇逃否,職業,旅次目的,座標-X,座標-Y
112,11,17,20,38,2,06松山區,松山區八德路3段99巷與八德路3段口,0,0,1,1,B03,7,5,5,50,4,1,1,5,4,5,13,1,1,9,4,5,2,13,2,39,3,10,7,1,7,9,1,8,2,1,,108,,1,21,,121.5537114,25.048194
112,11,17,20,44,2,10文山區,文山區萬美街1段與萬和街口,0,0,1,1,C03,8,5,5,40,5,1,1,5,4,5,13,3,1,10,5,5,2,17,1,22,3,10,6,1,7,9,1,10,2,11,,79,,1,21,,121.5667711,25.0020588
112,11,17,20,44,2,10文山區,文山區萬美街1段與萬和街口,0,0,1,2,E01,8,5,5,40,5,1,1,5,4,5,13,3,1,10,5,5,2,17,1,47,3,10,7,1,7,15,1,6,2,5,,44,,1,27,,121.5667711,25.0020588
112,11,17,20,44,2,10文山區,文山區萬美街1段與萬和街口,0,0,1,3,H02,8,5,5,40,5,1,1,5,4,5,13,3,1,10,5,5,2,17,2,21,2,8,6,5,7,20,8,20,10,16,,67,,1,21,,121.5667711,25.0020588
112,11,17,20,50,2,11南港區,南港區南港路1段與興東街口,0,0,1,2,C03,7,5,5,50,5,2,1,5,4,5,13,2,1,3,4,5,2,16,1,23,2,9,3,4,7,9,1,10,1,11,,44,,1,21,,121.6137277,25.0554501
112,11,17,20,50,2,11南港區,南港區南港路1段與興東街口,0,0,1,1,B01,7,5,5,50,5,2,1,5,4,5,13,2,1,3,4,5,2,16,1,50,3,10,3,4,7,6,1,4,1,6,,74,,1,21,,121.6137277,25.0554501
112,11,17,21,1,2,09北投區,北投區中央北路4段515巷與立功街口口,0,0,1,2,B03,7,5,5,50,3,1,1,5,4,5,13,1,1,5,5,5,2,16,1,42,3,10,7,1,7,9,1,8,1,4,,44,,1,21,,121.470151,25.1259509
112,11,17,21,1,2,09北投區,北投區中央北路4段515巷與立功街口口,0,0,1,1,C03,7,5,5,50,3,1,1,5,4,5,13,1,1,5,5,5,2,16,1,20,2,7,5,1,7,5,1,10,1,11,,83,,1,21,,121.470151,25.1259509
112,11,17,21,25,2,04大安區,大安區和平東路3段308巷15弄與富陽街108巷口,0,0,1,1,C04,8,5,5,30,3,2,1,5,4,5,13,4,4,10,5,5,1,17,2,29,2,9,5,1,7,9,1,10,1,14,,14,,1,21,,121.556171,25.0198336
112,11,17,21,25,2,04大安區,大安區和平東路3段308巷15弄與富陽街108巷口,0,0,1,2,F01,8,5,5,30,3,2,1,5,4,5,13,4,4,10,5,5,1,17,1,45,3,10,4,1,7,5,8,20,1,17,,8,,1,21,,121.556171,25.0198336
112,11,17,21,50,2,09北投區,北投區大度路與中央北路2段257巷口,0,0,1,1,C03,7,5,8,50,4,1,1,5,4,5,13,1,1,1,3,5,1,18,2,22,2,9,6,1,7,15,1,10,1,14,,42,,1,21,,121.4865808,25.1221118
112,11,17,21,50,2,09北投區,北投區大度路與中央北路2段257巷口,0,0,1,2,,7,5,8,50,4,1,1,5,4,5,13,1,1,1,3,5,1,18,3,0,,,,,,,,,,,,67,,1,,,121.4865808,25.1221118
112,11,17,21,51,2,02萬華區,萬華區艋舺大道與雙園街口,0,0,1,2,C03,7,5,5,50,4,2,1,5,4,5,13,1,1,1,4,5,2,13,1,19,2,9,5,1,7,9,1,10,1,11,,108,,1,21,,121.4934444,25.03063669
112,11,17,21,51,2,02萬華區,萬華區艋舺大道與雙園街口,0,0,1,1,B03,7,5,5,50,4,2,1,5,4,5,13,1,1,1,4,5,2,13,1,60,3,10,7,1,7,6,1,8,1,6,,44,,1,21,,121.4934444,25.03063669
112,11,17,21,54,2,06松山區,松山區民生東路5段159號,0,0,1,3,H02,8,5,5,50,14,9,1,5,4,5,13,4,4,1,4,5,2,12,1,55,3,10,4,5,7,19,8,20,10,16,,126,,1,21,,121.5625496,25.058947
112,11,17,21,54,2,06松山區,松山區民生東路5段159號,0,0,1,2,C03,8,5,5,50,14,9,1,5,4,5,13,4,4,1,4,5,2,12,2,25,2,9,6,1,7,9,1,10,1,11,,42,,1,21,,121.5625496,25.058947
112,11,17,21,54,2,06松山區,松山區民生東路5段159號,0,0,1,1,B02,8,5,5,50,14,9,1,5,4,5,13,4,4,1,4,5,2,12,1,45,3,10,7,1,7,14,1,8,1,6,,42,,1,21,,121.5625496,25.058947
112,11,17,22,22,2,03中山區,中山區新生北路2段錦州橋,0,0,1,1,B03,7,5,5,50,8,9,1,5,4,5,13,4,4,5,4,5,2,17,1,37,3,10,7,1,7,8,1,8,1,2,,100,,1,21,,121.5275597,25.06033531
112,11,17,22,22,2,03中山區,中山區新生北路2段錦州橋,0,0,1,2,C03,7,5,5,50,8,9,1,5,4,5,13,4,4,5,4,5,2,17,2,18,2,9,5,1,7,9,1,10,1,12,,44,,1,21,,121.5275597,25.06033531
112,11,17,22,40,2,03中山區,中山區龍江路與龍江路55巷口,0,0,1,1,B01,8,5,5,50,4,1,1,5,4,5,13,4,4,7,4,5,2,17,1,56,3,10,3,4,7,5,1,4,1,1,,72,,1,21,,121.5404342,25.04959801
112,11,17,22,40,2,03中山區,中山區龍江路與龍江路55巷口,0,0,1,2,B01,8,5,5,50,4,1,1,5,4,5,13,4,4,7,4,5,2,17,1,39,2,8,3,4,7,9,1,4,1,4,,44,,1,21,,121.5404342,25.04959801
112,11,17,22,50,2,08士林區,士林區福林路與自祥街口,0,0,2,3,H02,8,5,5,50,3,1,1,5,4,5,13,3,1,4,3,5,1,16,2,13,2,9,5,5,7,17,8,20,10,16,,67,,1,21,,121.5329996,25.0969327
112,11,17,22,50,2,08士林區,士林區福林路與自祥街口,0,0,2,1,B01,8,5,5,50,3,1,1,5,4,5,13,3,1,4,3,5,1,16,1,67,3,10,7,1,7,5,1,4,2,8,,74,,1,21,,121.5329996,25.0969327
112,11,17,22,50,2,08士林區,士林區福林路與自祥街口,0,0,2,2,C03,8,5,5,50,3,1,1,5,4,5,13,3,1,4,3,5,1,16,1,18,2,9,5,1,7,9,1,10,2,14,,14,,1,21,,121.5329996,25.0969327
112,11,17,23,4,2,09北投區,北投區北投路2段與大興街口口,0,0,2,2,C03,7,5,5,50,4,1,1,5,4,5,13,1,1,5,4,4,2,16,2,24,2,9,5,1,7,5,1,10,2,11,12,44,,1,21,,121.4995621,25.1303263
112,11,17,23,4,2,09北投區,北投區北投路2段與大興街口口,0,0,2,1,C03,7,5,5,50,4,1,1,5,4,5,13,1,1,5,4,4,2,16,1,19,2,8,5,1,7,5,1,10,2,13,12,103,,1,21,,121.4995621,25.1303263
112,11,17,23,17,2,05中正區,中正區南海路與惠安街口,0,0,2,1,B03,7,5,5,50,4,1,1,5,4,5,13,3,1,5,5,5,2,17,1,44,3,10,7,1,7,9,1,8,2,5,,108,,1,22,,121.5080866,25.0282574
112,11,17,23,17,2,05中正區,中正區南海路與惠安街口,0,0,2,2,C03,7,5,5,50,4,1,1,5,4,5,13,3,1,5,5,5,2,17,1,42,2,9,5,1,7,12,1,10,2,14,,44,,1,22,,121.5080866,25.0282574
112,11,17,23,17,2,05中正區,中正區南海路與惠安街口,0,0,2,3,C03,7,5,5,50,4,1,1,5,4,5,13,3,1,5,5,5,2,17,1,21,2,9,5,1,7,12,1,10,2,12,,44,,1,22,,121.5080866,25.0282574
112,11,17,23,24,2,07信義區,信義區信義路5段與市府路口,0,0,1,1,B01,8,5,5,50,4,1,1,5,4,5,13,1,1,3,4,5,2,12,1,65,3,10,7,1,7,8,1,4,2,2,,100,,1,21,,121.5637176,25.0328484
112,11,17,23,24,2,07信義區,信義區信義路5段與市府路口,0,0,1,2,C03,8,5,5,50,4,1,1,5,4,5,13,1,1,3,4,5,2,12,1,25,2,9,6,1,7,9,3,18,2,14,,13,,1,21,,121.5637176,25.0328484
112,11,18,0,7,2,06松山區,松山區基隆路1段6號,0,0,1,1,B01,7,5,5,50,14,9,1,5,4,5,13,4,4,1,4,5,2,16,1,54,3,10,7,1,7,8,1,4,1,6,,100,,1,21,,121.5699733,25.0507262
112,11,18,0,7,2,06松山區,松山區基隆路1段6號,0,0,1,2,C03,7,5,5,50,14,9,1,5,4,5,13,4,4,1,4,5,2,16,1,33,2,9,6,1,7,9,1,10,1,14,,44,,1,21,,121.5699733,25.0507262
112,11,18,1,53,2,05中正區,中正區中山南路7號台大醫院前,0,0,1,1,C03,7,5,5,50,14,9,1,5,4,5,13,4,4,1,4,5,2,17,2,44,4,11,3,4,7,8,1,10,9,15,,100,,2,22,,121.5182425,25.0404795
112,11,18,1,53,2,05中正區,中正區中山南路7號台大醫院前,0,0,1,2,C03,7,5,5,50,14,9,1,5,4,5,13,4,4,1,4,5,2,17,2,21,2,9,6,1,7,12,1,10,1,14,,42,,1,26,,121.5182425,25.0404795
112,11,18,2,48,2,12內湖區,內湖區康寧路3段75巷與康寧路3段口,0,0,2,3,H02,8,5,5,50,3,1,1,5,4,5,13,2,1,1,2,5,2,16,1,16,2,9,5,5,7,20,8,20,10,16,,67,,1,21,,121.6088674,25.07201162
112,11,18,2,48,2,12內湖區,內湖區康寧路3段75巷與康寧路3段口,0,0,2,2,B12,8,5,5,50,3,1,1,5,4,5,13,2,1,1,2,5,2,16,1,41,3,10,7,1,7,9,1,4,2,1,,13,,1,21,,121.6088674,25.07201162
112,11,18,2,48,2,12內湖區,內湖區康寧路3段75巷與康寧路3段口,0,0,2,1,F03,8,5,5,50,3,1,1,5,4,5,13,2,1,1,2,5,2,16,1,15,2,9,5,1,7,5,8,20,2,12,,85,,1,21,,121.6088674,25.07201162
112,11,18,3,31,2,03中山區,中山區林森北路與長春路口,0,0,1,2,C03,8,5,5,50,4,1,1,5,4,5,13,1,1,5,4,5,2,16,1,28,2,7,5,1,7,9,3,18,1,14,,44,,1,22,,121.525449,25.0549753
112,11,18,3,31,2,03中山區,中山區林森北路與長春路口,0,0,1,1,B01,8,5,5,50,4,1,1,5,4,5,13,1,1,5,4,5,2,16,1,62,3,10,3,4,7,6,1,4,1,2,,9,,1,22,,121.525449,25.0549753
112,11,18,6,25,2,12內湖區,內湖區內湖路1段591巷與內湖路1段591巷11弄口,0,0,3,3,,8,5,5,30,4,1,1,5,4,5,13,4,4,5,3,5,1,15,3,0,,,,,,,,,,,,67,,1,,,121.5733333,25.08141667
112,11,18,6,25,2,12內湖區,內湖區內湖路1段591巷與內湖路1段591巷11弄口,0,0,3,2,C03,8,5,5,30,4,1,1,5,4,5,13,4,4,5,3,5,1,15,2,35,2,9,3,4,7,9,1,10,1,11,,13,,1,22,,121.5733333,25.08141667
112,11,18,6,25,2,12內湖區,內湖區內湖路1段591巷與內湖路1段591巷11弄口,0,0,3,1,C03,8,5,5,30,4,1,1,5,4,5,13,4,4,5,3,5,1,15,1,15,2,9,3,4,7,15,2,18,1,14,,72,,1,22,,121.5733333,25.08141667
112,11,18,6,25,2,12內湖區,內湖區內湖路1段591巷與內湖路1段591巷11弄口,0,0,3,4,H02,8,5,5,30,4,1,1,5,4,5,13,4,4,5,3,5,1,15,1,16,2,9,3,5,7,20,8,20,10,16,,67,,1,22,,121.5733333,25.08141667
112,11,18,7,33,2,09北投區,北投區西安街2段269號,0,0,1,2,B03,8,5,5,50,14,9,1,5,4,5,13,4,4,1,4,5,2,17,2,48,2,7,4,5,7,15,8,20,1,16,,108,,1,21,,121.5068443,25.1204815
112,11,18,7,33,2,09北投區,北投區西安街2段269號,0,0,1,1,B01,8,5,5,50,14,9,1,5,4,5,13,4,4,1,4,5,2,17,1,48,3,10,7,1,7,9,1,4,11,2,,107,,2,21,,121.5068443,25.1204815
112,11,18,7,58,2,05中正區,中正區和平西路1段66號,0,0,2,2,C03,8,7,5,40,14,7,1,5,4,5,13,4,4,1,4,4,2,12,2,52,2,9,5,4,7,9,1,10,2,11,,17,,1,21,,121.5193588,25.0264222
112,11,18,7,58,2,05中正區,中正區和平西路1段66號,0,0,2,3,H02,8,7,5,40,14,7,1,5,4,5,13,4,4,1,4,4,2,12,2,67,2,7,5,5,7,20,8,20,10,16,,67,,1,21,,121.5193588,25.0264222
112,11,18,7,58,2,05中正區,中正區和平西路1段66號,0,0,2,1,C03,8,7,5,40,14,7,1,5,4,5,13,4,4,1,4,4,2,12,1,72,3,10,5,4,7,9,1,10,11,11,,17,,2,22,,121.5193588,25.0264222
112,11,18,9,27,2,10文山區,文山區羅斯福路6段與景文街142巷口,0,0,2,3,H02,8,6,5,30,3,1,1,5,4,5,13,3,1,10,5,5,2,16,2,40,2,8,6,5,7,21,8,20,10,16,,67,,1,22,,121.5394976,24.98848
112,11,18,9,27,2,10文山區,文山區羅斯福路6段與景文街142巷口,0,0,2,1,C03,8,6,5,30,3,1,1,5,4,5,13,3,1,10,5,5,2,16,1,65,3,10,6,1,7,6,1,10,2,12,,72,,1,22,,121.5394976,24.98848
112,11,18,9,27,2,10文山區,文山區羅斯福路6段與景文街142巷口,0,0,2,4,H02,8,6,5,30,3,1,1,5,4,5,13,3,1,10,5,5,2,16,1,3,2,9,6,5,7,21,8,20,10,16,,67,,1,24,,121.5394976,24.98848
112,11,18,9,27,2,10文山區,文山區羅斯福路6段與景文街142巷口,0,0,2,2,B03,8,6,5,30,3,1,1,5,4,5,13,3,1,10,5,5,2,16,1,58,3,10,7,1,7,9,1,8,2,8,,14,,1,22,,121.5394976,24.98848
112,11,18,9,30,2,08士林區,士林區百齡左岸河濱公園257燈桿,0,0,2,1,F02,8,5,5,40,14,9,1,5,4,5,13,4,4,5,5,5,2,17,1,75,2,9,5,1,7,1,8,20,1,14,,19,,1,21,,121.5044687,25.093683
112,11,18,9,30,2,08士林區,士林區百齡左岸河濱公園257燈桿,0,0,2,2,C03,8,5,5,40,14,9,1,5,4,5,13,4,4,5,5,5,2,17,2,20,2,9,6,1,7,9,1,10,1,11,,108,,1,21,,121.5044687,25.093683
112,11,18,9,30,2,10文山區,文山區木新路3段278巷3號,0,0,1,1,B03,8,5,5,30,14,9,1,5,4,5,13,4,4,10,5,5,1,2,2,67,3,10,7,1,7,9,1,8,1,1,,44,,1,21,,121.5579675,24.98146749
112,11,18,9,30,2,10文山區,文山區木新路3段278巷3號,0,0,1,2,H01,8,5,5,30,14,9,1,5,4,5,13,4,4,10,5,5,1,2,2,83,2,8,4,5,8,16,8,20,1,16,,67,,1,21,,121.5579675,24.98146749
112,11,18,9,45,2,08士林區,士林區忠義街120號,0,0,1,2,C03,8,1,5,40,14,9,1,5,4,5,7,4,4,5,5,5,2,13,1,18,3,10,5,1,7,15,1,10,9,13,,44,,1,22,,121.5326558,25.1074908
112,11,18,9,45,2,08士林區,士林區忠義街120號,0,0,1,1,C03,8,1,5,40,14,9,1,5,4,5,7,4,4,5,5,5,2,13,1,33,2,8,5,1,7,9,1,10,9,11,,107,,1,22,,121.5326558,25.1074908
112,11,18,9,54,2,05中正區,中正區重慶南路3段與和平西路1段口,0,0,1,1,C03,8,6,5,50,5,1,1,5,4,5,13,2,1,3,4,5,2,16,1,44,3,10,5,1,7,6,1,10,1,12,,9,,1,21,,121.5161122,25.0271966
112,11,18,9,54,2,05中正區,中正區重慶南路3段與和平西路1段口,0,0,1,2,C03,8,6,5,50,5,1,1,5,4,5,13,2,1,3,4,5,2,16,1,49,2,7,5,1,7,9,1,10,1,11,,44,,1,21,,121.5161122,25.0271966
112,11,18,9,54,2,05中正區,中正區重慶南路3段與和平西路1段口,0,0,1,3,H02,8,6,5,50,5,1,1,5,4,5,13,2,1,3,4,5,2,16,2,50,4,11,5,5,7,20,8,20,10,16,,67,,1,21,,121.5161122,25.0271966
112,11,18,9,57,2,12內湖區,內湖區麗山街348巷20號,0,0,2,2,C03,8,7,5,0,14,9,1,5,4,5,13,4,4,5,5,5,2,3,1,42,2,1,5,1,7,9,1,10,1,11,,13,,1,21,,121.5740628,25.0819055
112,11,18,9,57,2,12內湖區,內湖區麗山街348巷20號,0,0,2,1,H01,8,7,5,0,14,9,1,5,4,5,13,4,4,5,5,5,2,3,2,26,2,1,4,5,8,16,8,20,10,16,,123,,1,21,,121.5740628,25.0819055
112,11,18,10,1,2,07信義區,信義區基隆路2段149-49號,0,0,1,1,C03,8,7,5,50,14,9,1,5,4,5,13,1,1,9,4,5,2,17,1,21,3,10,5,1,7,9,1,10,1,11,,108,,1,21,,121.5549458,25.0263784
112,11,18,10,1,2,07信義區,信義區基隆路2段149-49號,0,0,1,2,C03,8,7,5,50,14,9,1,5,4,5,13,1,1,9,4,5,2,17,1,52,2,9,5,1,7,9,1,10,1,11,,108,,1,21,,121.5549458,25.0263784
112,11,18,10,1,2,07信義區,信義區基隆路2段149-49號,0,0,1,3,C03,8,7,5,50,14,9,1,5,4,5,13,1,1,9,4,5,2,17,1,42,3,10,5,1,7,12,1,10,1,13,,44,,1,21,,121.5549458,25.0263784
112,11,18,10,1,2,07信義區,信義區基隆路2段149-49號,0,0,1,4,C03,8,7,5,50,14,9,1,5,4,5,13,1,1,9,4,5,2,17,1,20,3,10,5,1,7,9,1,10,1,13,,44,,1,21,,121.5549458,25.0263784
112,11,18,10,1,2,07信義區,信義區基隆路2段149-49號,0,0,1,5,C03,8,7,5,50,14,9,1,5,4,5,13,1,1,9,4,5,2,17,2,37,3,10,5,1,7,9,1,10,1,11,,108,,1,21,,121.5549458,25.0263784
112,11,18,10,30,2,03中山區,中山區市民大道2段5巷與市民大道2段口,0,0,1,2,C03,8,7,5,30,3,1,1,5,4,5,13,4,4,1,4,5,2,16,1,35,2,9,6,1,7,9,1,10,1,11,,44,,1,21,,121.5215368,25.04810312
112,11,18,10,30,2,03中山區,中山區市民大道2段5巷與市民大道2段口,0,0,1,1,B01,8,7,5,30,3,1,1,5,4,5,13,4,4,1,4,5,2,16,1,67,3,10,7,1,7,6,1,4,1,8,,72,,1,21,,121.5215368,25.04810312
112,11,18,10,30,2,08士林區,士林區福林路與福林路口、士林官邸,0,0,1,1,C03,8,6,5,50,3,1,1,5,4,5,13,2,1,4,5,5,2,13,2,51,2,9,3,4,7,9,1,10,2,11,,16,,1,21,,121.5307986,25.0955714
112,11,18,10,30,2,08士林區,士林區福林路與福林路口、士林官邸,0,0,1,2,C03,8,6,5,50,3,1,1,5,4,5,13,2,1,4,5,5,2,13,1,46,3,10,3,4,7,14,1,10,2,13,,44,,1,21,,121.5307986,25.0955714
112,11,18,11,2,2,02萬華區,萬華區莒光路178巷與莒光路口,0,0,1,2,C03,8,6,5,50,3,1,1,5,4,5,13,4,4,8,3,5,1,17,2,33,2,9,5,1,7,12,1,10,1,14,,42,,1,21,,121.5018834,25.0312412
112,11,18,11,2,2,02萬華區,萬華區莒光路178巷與莒光路口,0,0,1,1,B03,8,6,5,50,3,1,1,5,4,5,13,4,4,8,3,5,1,17,1,50,3,10,3,4,7,1,1,8,11,17,,19,,2,21,,121.5018834,25.0312412
112,11,18,11,14,2,09北投區,北投區吉利街280巷與吉利街280巷27弄口,0,0,2,1,C03,8,7,5,30,4,1,1,5,4,5,13,4,4,10,5,5,2,15,2,30,3,10,5,1,7,9,1,10,1,11,,80,,1,22,,121.5103874,25.11766654
112,11,18,11,14,2,09北投區,北投區吉利街280巷與吉利街280巷27弄口,0,0,2,2,C03,8,7,5,30,4,1,1,5,4,5,13,4,4,10,5,5,2,15,1,73,2,8,5,1,7,9,1,10,1,14,,14,,1,22,,121.5103874,25.11766654
112,11,18,11,14,2,09北投區,北投區吉利街280巷與吉利街280巷27弄口,0,0,2,3,H01,8,7,5,30,4,1,1,5,4,5,13,4,4,10,5,5,2,15,2,39,2,7,4,5,8,16,8,20,10,16,,67,,1,22,,121.5103874,25.11766654
112,11,18,11,15,2,04大安區,大安區仁愛路4段與敦化南路1段口,0,0,2,3,H02,8,6,5,50,18,9,1,5,4,5,13,1,1,1,5,5,2,18,1,52,2,9,5,5,7,20,8,20,10,16,,67,,1,21,,121.5478778,25.0380869
112,11,18,11,15,2,04大安區,大安區仁愛路4段與敦化南路1段口,0,0,2,1,C03,8,6,5,50,18,9,1,5,4,5,13,1,1,1,5,5,2,18,1,19,2,9,5,1,7,6,1,10,1,12,,42,,1,21,,121.5478778,25.0380869
112,11,18,11,15,2,04大安區,大安區仁愛路4段與敦化南路1段口,0,0,2,2,,8,6,5,50,18,9,1,5,4,5,13,1,1,1,5,5,2,18,3,0,,,,,,,,,10,,,67,,1,,,121.5478778,25.0380869
112,11,18,11,30,2,07信義區,信義區福德街84巷與林口街38巷口,0,0,2,1,C03,8,7,5,30,4,1,1,5,4,5,13,4,4,9,5,5,2,15,1,32,2,9,5,1,7,9,1,10,1,11,,72,,1,21,,121.5814884,25.0384151
112,11,18,11,30,2,07信義區,信義區福德街84巷與林口街38巷口,0,0,2,2,C03,8,7,5,30,4,1,1,5,4,5,13,4,4,9,5,5,2,15,1,54,2,9,5,1,7,9,1,10,1,12,,44,,1,21,,121.5814884,25.0384151
112,11,18,11,33,2,04大安區,大安區和平東路1段與新生南路3段口,0,0,1,2,C03,8,5,5,50,4,1,1,5,4,5,13,2,1,10,5,5,2,12,1,74,2,9,3,4,7,9,1,10,1,11,,44,,1,22,,121.5349441,25.0259102
112,11,18,11,33,2,04大安區,大安區和平東路1段與新生南路3段口,0,0,1,1,C03,8,5,5,50,4,1,1,5,4,5,13,2,1,10,5,5,2,12,1,19,3,10,3,4,7,15,1,10,1,12,,100,,1,22,,121.5349441,25.0259102
112,11,18,11,38,2,09北投區,北投區三合街1段與三合街1段82巷口,0,0,3,2,C03,8,5,5,40,4,1,1,5,4,5,13,3,1,5,4,5,2,15,1,29,2,9,5,1,7,9,1,10,1,14,,108,,1,21,,121.5041641,25.126765
112,11,18,11,38,2,09北投區,北投區三合街1段與三合街1段82巷口,0,0,3,3,H02,8,5,5,40,4,1,1,5,4,5,13,3,1,5,4,5,2,15,2,25,2,9,5,5,7,20,8,20,10,16,,67,,1,21,,121.5041641,25.126765
112,11,18,11,38,2,09北投區,北投區三合街1段與三合街1段82巷口,0,0,3,1,C03,8,5,5,40,4,1,1,5,4,5,13,3,1,5,4,5,2,15,1,30,2,9,5,1,7,9,1,10,1,11,,72,,1,21,,121.5041641,25.126765
112,11,18,11,56,2,05中正區,中正區中山南路與信義路1段口,0,0,1,2,B01,8,6,5,50,5,1,1,5,4,5,13,1,1,9,4,5,1,17,1,57,3,10,7,1,7,9,1,4,2,5,,44,,1,21,,121.5178039,25.0386126
112,11,18,11,56,2,05中正區,中正區中山南路與信義路1段口,0,0,1,1,C03,8,6,5,50,5,1,1,5,4,5,13,1,1,9,4,5,1,17,1,24,2,9,6,1,7,6,1,10,2,14,,96,,1,22,,121.5178039,25.0386126
112,11,18,11,58,2,06松山區,松山區長安東路2段與南京東路3段256巷口,0,0,1,2,C03,8,6,5,30,3,1,1,5,4,5,13,4,4,5,2,5,2,15,1,39,2,8,6,4,7,9,1,10,1,11,,44,,1,21,,121.5446076,25.04828169
112,11,18,11,58,2,06松山區,松山區長安東路2段與南京東路3段256巷口,0,0,1,1,B03,8,6,5,30,3,1,1,5,4,5,13,4,4,5,2,5,2,15,1,24,3,10,7,4,7,11,1,8,1,8,,72,,1,21,,121.5446076,25.04828169
112,11,18,12,5,2,04大安區,大安區基隆路4段與羅斯福路4段口,0,0,1,1,C03,8,6,5,50,5,1,1,5,4,5,13,2,1,1,4,5,2,17,4,0,,,,,,,,,11,,,119,,2,,,121.5370737,25.01142277
112,11,18,12,5,2,04大安區,大安區基隆路4段與羅斯福路4段口,0,0,1,2,C03,8,6,5,50,5,1,1,5,4,5,13,2,1,1,4,5,2,17,1,43,2,9,5,1,7,12,1,9,2,17,,42,,1,21,,121.5370737,25.01142277
112,11,18,12,8,2,07信義區,信義區松德路165號,0,0,2,1,C03,7,5,8,50,14,8,1,5,4,5,13,4,4,1,4,4,2,12,2,40,2,9,5,1,7,8,1,10,1,13,,100,,1,21,,121.5747313,25.0363417
112,11,18,12,8,2,07信義區,信義區松德路165號,0,0,2,2,C03,7,5,8,50,14,8,1,5,4,5,13,4,4,1,4,4,2,12,1,19,2,9,5,1,7,9,1,10,1,11,,13,,1,21,,121.5747313,25.0363417
112,11,18,12,29,2,11南港區,南港區研究院路1段與研究院路1段101巷口,0,0,1,1,B02,8,5,5,50,4,1,1,5,4,5,13,2,1,1,4,5,2,16,2,62,3,10,3,4,7,5,1,8,1,1,,74,,1,22,,121.6168349,25.0519529
112,11,18,12,29,2,11南港區,南港區研究院路1段與研究院路1段101巷口,0,0,1,2,C02,8,5,5,50,4,1,1,5,4,5,13,2,1,1,4,5,2,16,1,43,2,8,6,4,7,9,1,9,1,14,,44,,1,22,,121.6168349,25.0519529
112,11,18,12,34,2,03中山區,中山區龍江路與合江街61巷口,0,0,1,1,C03,8,6,5,30,4,1,1,5,4,5,13,4,4,7,3,5,2,16,1,42,2,9,5,1,7,9,1,10,1,11,,72,,1,22,,121.5405889,25.0572384
112,11,18,12,34,2,03中山區,中山區龍江路與合江街61巷口,0,0,1,2,C03,8,6,5,30,4,1,1,5,4,5,13,4,4,7,3,5,2,16,1,30,3,10,5,1,7,9,1,10,1,11,,13,,1,22,,121.5405889,25.0572384
112,11,18,12,49,2,07信義區,信義區光復南路與信義路4段口,0,0,1,1,B03,8,5,5,50,4,2,1,5,4,5,13,1,1,1,4,5,2,3,1,30,3,10,7,1,7,11,1,8,9,7,,70,,1,21,,121.5575652,25.0332806
112,11,18,12,49,2,07信義區,信義區光復南路與信義路4段口,0,0,1,2,H01,8,5,5,50,4,2,1,5,4,5,13,1,1,1,4,5,2,3,1,36,2,8,4,5,8,16,8,20,10,16,,67,,1,21,,121.5575652,25.0332806
112,11,18,12,50,2,08士林區,士林區中正路與承德路5段口,0,0,1,2,E01,8,6,5,50,4,1,1,5,4,5,13,2,1,1,4,5,2,17,1,35,3,10,3,4,7,5,1,2,2,2,,44,,1,21,,121.5164777,25.0911211
112,11,18,12,50,2,08士林區,士林區中正路與承德路5段口,0,0,1,1,C03,8,6,5,50,4,1,1,5,4,5,13,2,1,1,4,5,2,17,1,25,2,9,3,4,7,9,1,10,2,11,,79,,1,21,,121.5164777,25.0911211
112,11,18,12,56,2,05中正區,中正區青島東路與鎮江街口,0,0,1,2,C03,8,6,5,40,4,2,1,5,4,5,13,1,1,5,5,4,2,16,1,33,2,9,6,4,7,9,1,10,2,11,,44,,1,22,,121.5209093,25.04410112
112,11,18,12,56,2,05中正區,中正區青島東路與鎮江街口,0,0,1,1,B03,8,6,5,40,4,2,1,5,4,5,13,1,1,5,5,4,2,16,1,52,3,10,7,4,7,11,1,8,2,8,,10,,1,22,,121.5209093,25.04410112
112,11,18,13,15,2,04大安區,大安區羅斯福路4段與基隆路4段口,0,0,2,1,C03,8,6,5,50,5,1,1,5,4,5,13,1,1,1,4,5,2,16,1,53,2,8,5,1,7,5,1,10,1,14,,96,,1,21,,121.5374288,25.0112414
112,11,18,13,15,2,04大安區,大安區羅斯福路4段與基隆路4段口,0,0,2,2,C03,8,6,5,50,5,1,1,5,4,5,13,1,1,1,4,5,2,16,1,45,2,9,5,1,7,9,1,10,1,12,,44,,1,21,,121.5374288,25.0112414