發生年度,發生月,發生日,發生時-Hours,發生分,處理別-編號,區序,肇事地點,死亡人數,2-30日死亡人數,受傷人數,當事人序號,車種,天候,光線,道路類別,速限-速度限制,道路型態,事故位置,路面狀況1,路面狀況2,路面狀況3,道路障礙1,道路障礙2,號誌1,號誌2,車道劃分-分向,車道劃分-分道1,車道劃分-分道2,車道劃分-分道3,事故類型及型態,性別,年齡,受傷程度,主要傷處,保護裝置,行動電話,車輛用途,當事者行動狀態,駕駛資格情形,駕駛執照種類,飲酒情形,車輛撞擊部位1,車輛撞擊部位2,肇因碼-個別,肇因碼-主要,個人肇逃否,職業,旅次目的,座標-X,座標-Y
112,11,18,13,51,2,03中山區,中山區中山北路2段與德惠街口,0,0,4,4,C03,7,7,5,50,3,2,1,5,4,5,13,4,4,1,3,5,1,17,1,19,2,8,6,1,7,9,1,10,1,11,,108,,1,21,,121.5223478,25.06646007
112,11,18,13,51,2,03中山區,中山區中山北路2段與德惠街口,0,0,4,5,C03,7,7,5,50,3,2,1,5,4,5,13,4,4,1,3,5,1,17,1,24,2,8,6,1,7,14,1,10,1,14,,44,,1,21,,121.5223478,25.06646007
112,11,18,13,51,2,03中山區,中山區中山北路2段與德惠街口,0,0,4,3,B01,7,7,5,50,3,2,1,5,4,5,13,4,4,1,3,5,1,17,1,65,3,10,7,1,7,9,1,4,1,3,,44,,1,21,,121.5223478,25.06646007
112,11,18,13,51,2,03中山區,中山區中山北路2段與德惠街口,0,0,4,2,C03,7,7,5,50,3,2,1,5,4,5,13,4,4,1,3,5,1,17,1,79,2,9,6,1,7,9,1,10,1,12,,44,,1,21,,121.5223478,25.06646007
112,11,18,13,51,2,03中山區,中山區中山北路2段與德惠街口,0,0,4,1,C03,7,7,5,50,3,2,1,5,4,5,13,4,4,1,3,5,1,17,1,29,3,10,5,1,7,4,1,10,1,14,,108,,1,21,,121.5223478,25.06646007
112,11,18,13,51,2,03中山區,中山區中山北路2段與德惠街口,0,0,4,6,C03,7,7,5,50,3,2,1,5,4,5,13,4,4,1,3,5,1,17,2,21,2,9,6,1,7,9,1,10,1,11,,108,,1,21,,121.5223478,25.06646007
112,11,18,14,3,2,10文山區,文山區羅斯福路6段與景中街口口,0,0,1,1,B01,8,6,5,50,4,2,1,5,4,5,13,2,1,1,4,5,2,17,1,57,3,10,7,1,7,8,1,4,2,17,,100,,1,21,,121.5410036,24.9931768
112,11,18,14,3,2,10文山區,文山區羅斯福路6段與景中街口口,0,0,1,2,C03,8,6,5,50,4,2,1,5,4,5,13,2,1,1,4,5,2,17,2,26,2,9,6,1,7,9,1,10,2,17,,44,,1,21,,121.5410036,24.9931768
112,11,18,14,14,2,08士林區,士林區中正路與基河路口,0,0,3,1,C03,8,6,5,50,4,2,1,5,4,5,13,2,1,1,4,4,1,13,2,24,2,5,5,1,7,9,1,10,2,11,,16,,1,21,,121.5200383,25.09326051
112,11,18,14,14,2,08士林區,士林區中正路與基河路口,0,0,3,2,C03,8,6,5,50,4,2,1,5,4,5,13,2,1,1,4,4,1,13,2,38,2,9,5,1,7,9,1,10,2,13,,44,,1,21,,121.5200383,25.09326051
112,11,18,14,14,2,08士林區,士林區中正路與基河路口,0,0,3,3,H02,8,6,5,50,4,2,1,5,4,5,13,2,1,1,4,4,1,13,2,22,2,9,5,5,7,20,8,20,10,16,,67,,1,21,,121.5200383,25.09326051
112,11,18,14,20,2,09北投區,北投區大業路31號與大度路口,0,0,1,2,C03,8,6,5,50,3,2,1,5,4,5,13,4,4,1,4,4,2,16,1,69,2,9,5,1,7,9,1,10,2,14,,44,,1,21,,121.4993908,25.12180533
112,11,18,14,20,2,09北投區,北投區大業路31號與大度路口,0,0,1,1,B03,8,6,5,50,3,2,1,5,4,5,13,4,4,1,4,4,2,16,1,50,3,10,7,1,7,6,1,8,2,6,,9,,1,21,,121.4993908,25.12180533
112,11,18,14,30,2,11南港區,南港區市民大道7段與南港路3段47巷口,0,0,1,1,B12,8,7,5,50,3,1,1,5,4,5,13,1,1,1,3,5,2,16,2,27,3,10,7,1,7,5,1,8,1,1,,74,,1,21,,121.5909432,25.0508118
112,11,18,14,30,2,11南港區,南港區市民大道7段與南港路3段47巷口,0,0,1,2,C03,8,7,5,50,3,1,1,5,4,5,13,1,1,1,3,5,2,16,1,22,2,8,5,1,7,9,1,10,1,14,,44,,1,21,,121.5909432,25.0508118
112,11,18,14,41,2,01大同區,大同區延平北路1段與鄭州路口,0,0,1,1,C03,8,6,5,50,4,1,1,5,4,5,13,2,1,1,4,5,2,13,1,59,4,11,3,4,7,6,7,19,11,17,,82,,2,22,,121.5119846,25.0499981
112,11,18,14,41,2,01大同區,大同區延平北路1段與鄭州路口,0,0,1,2,C04,8,6,5,50,4,1,1,5,4,5,13,2,1,1,4,5,2,13,2,46,2,7,5,1,7,9,1,11,1,14,,44,,1,21,,121.5119846,25.0499981
112,11,18,14,41,2,01大同區,大同區延平北路1段與鄭州路口,0,0,1,3,C03,8,6,5,50,4,1,1,5,4,5,13,2,1,1,4,5,2,13,2,58,3,10,5,1,7,9,1,10,11,11,,108,,2,21,,121.5119846,25.0499981
112,11,18,14,50,2,09北投區,北投區大度路3段與關渡路口,0,0,2,1,C03,8,6,5,30,3,1,1,5,4,5,13,1,1,1,4,5,2,16,1,52,2,7,5,1,7,9,1,10,1,14,,81,,1,21,,121.4694979,25.1228643
112,11,18,14,50,2,09北投區,北投區大度路3段與關渡路口,0,0,2,2,C03,8,6,5,30,3,1,1,5,4,5,13,1,1,1,4,5,2,16,2,21,2,9,5,1,7,6,1,10,1,11,,44,,1,21,,121.4694979,25.1228643
112,11,18,15,19,2,03中山區,中山區林森北路557巷與民權東路1段71巷口,0,0,1,2,C03,8,5,6,30,4,1,1,5,4,5,13,4,4,10,3,5,1,15,1,69,2,9,6,1,7,9,1,10,1,11,,108,,1,21,,121.5271529,25.06437604
112,11,18,15,19,2,03中山區,中山區林森北路557巷與民權東路1段71巷口,0,0,1,1,B03,8,5,6,30,4,1,1,5,4,5,13,4,4,10,3,5,1,15,1,26,3,10,7,1,7,9,1,8,1,2,,72,,1,21,,121.5271529,25.06437604
112,11,18,16,28,2,08士林區,士林區中山北路5段740巷與中山北路5段口,0,0,2,2,B01,8,6,5,30,14,9,1,5,4,5,13,4,4,10,5,5,2,13,2,67,2,1,7,1,7,14,1,4,1,3,,44,,1,22,,121.5271377,25.0990583
112,11,18,16,28,2,08士林區,士林區中山北路5段740巷與中山北路5段口,0,0,2,1,B03,8,6,5,30,14,9,1,5,4,5,13,4,4,10,5,5,2,13,1,37,2,1,7,1,7,9,1,8,1,1,,42,,1,22,,121.5271377,25.0990583
112,11,18,16,48,2,10文山區,文山區新光路2段圓環,0,0,2,3,H02,8,7,5,50,18,9,1,5,4,5,13,3,1,1,5,5,2,15,1,20,2,9,6,5,7,20,8,20,10,16,,67,,1,21,,121.583475,25.0004357
112,11,18,16,48,2,10文山區,文山區新光路2段圓環,0,0,2,1,C03,8,7,5,50,18,9,1,5,4,5,13,3,1,1,5,5,2,15,1,23,2,9,6,1,7,9,1,10,1,11,,72,,1,21,,121.583475,25.0004357
112,11,18,16,48,2,10文山區,文山區新光路2段圓環,0,0,2,2,B03,8,7,5,50,18,9,1,5,4,5,13,3,1,1,5,5,2,15,2,48,3,10,7,1,7,9,1,8,1,2,,42,,1,21,,121.583475,25.0004357
112,11,18,16,54,2,05中正區,中正區林森南路與信義路1段口,0,0,1,1,B03,7,7,5,40,3,1,1,5,4,5,13,1,1,1,4,1,2,16,1,36,3,10,7,1,7,5,1,8,2,15,,8,,1,21,,121.5210983,25.03727995
112,11,18,16,54,2,05中正區,中正區林森南路與信義路1段口,0,0,1,2,C04,7,7,5,40,3,1,1,5,4,5,13,1,1,1,4,1,2,16,2,56,2,9,5,1,7,9,1,21,2,14,,44,,1,21,,121.5210983,25.03727995
112,11,18,17,56,2,10文山區,文山區木柵路3段與木新路1段口,0,0,1,1,B03,8,5,5,50,3,1,1,5,4,5,13,2,1,5,5,5,2,16,2,62,3,10,7,1,7,6,1,8,1,2,,9,,1,21,,121.5708725,24.9907037
112,11,18,17,56,2,10文山區,文山區木柵路3段與木新路1段口,0,0,1,2,A02,8,5,5,50,3,1,1,5,4,5,13,2,1,5,5,5,2,16,1,40,3,10,7,1,7,9,1,2,1,8,,44,,1,21,,121.5708725,24.9907037
112,11,18,17,56,2,10文山區,文山區木柵路3段與木新路1段口,0,0,1,3,H02,8,5,5,50,3,1,1,5,4,5,13,2,1,5,5,5,2,16,2,15,2,9,4,5,7,20,8,20,10,16,,67,,1,21,,121.5708725,24.9907037
112,11,18,17,58,2,04大安區,大安區新生南路3段58-3號,0,0,1,1,B01,8,5,5,50,14,9,1,5,4,5,13,1,1,3,4,5,2,12,1,55,3,10,7,4,7,1,1,4,1,4,,19,,1,22,,121.5339626,25.0203756
112,11,18,17,58,2,04大安區,大安區新生南路3段58-3號,0,0,1,2,C03,8,5,5,50,14,9,1,5,4,5,13,1,1,3,4,5,2,12,1,26,2,7,6,4,7,9,1,10,1,12,,44,,1,22,,121.5339626,25.0203756
112,11,18,18,12,2,10文山區,文山區羅斯福路6段與羅斯福路6段142巷口口,0,0,1,2,F01,8,5,5,50,4,2,1,5,4,5,13,2,1,1,4,5,2,16,2,66,2,9,4,1,7,11,8,20,2,12,,11,,1,21,,121.5409575,24.996077
112,11,18,18,12,2,10文山區,文山區羅斯福路6段與羅斯福路6段142巷口口,0,0,1,1,B03,8,5,5,50,4,2,1,5,4,5,13,2,1,1,4,5,2,16,1,23,3,10,7,1,7,6,1,8,2,5,,9,,1,21,,121.5409575,24.996077
112,11,18,18,19,2,08士林區,士林區雨聲街105號,0,0,1,2,C03,8,5,5,50,14,9,1,5,4,5,13,4,4,4,5,5,1,12,2,66,2,8,5,1,7,9,1,10,2,14,,101,,1,21,,121.5312178,25.1049274
112,11,18,18,19,2,08士林區,士林區雨聲街105號,0,0,1,1,B03,8,5,5,50,14,9,1,5,4,5,13,4,4,4,5,5,1,12,2,50,3,10,7,1,7,9,1,4,2,5,,44,,1,21,,121.5312178,25.1049274
112,11,18,18,55,2,11南港區,南港區研究院路2段182巷與研究院路2段182巷79弄口,0,0,1,1,C03,7,5,5,30,4,2,1,5,4,5,13,4,4,10,5,5,2,15,1,63,2,8,3,4,7,9,1,10,1,12,,75,,1,21,,121.6140141,25.0366879
112,11,18,18,55,2,11南港區,南港區研究院路2段182巷與研究院路2段182巷79弄口,0,0,1,2,B03,7,5,5,30,4,2,1,5,4,5,13,4,4,10,5,5,2,15,1,31,3,10,3,4,7,9,1,8,1,1,,44,,1,21,,121.6140141,25.0366879
112,11,18,19,35,2,10文山區,文山區萬慶街106號,0,0,2,2,C03,8,5,5,30,14,9,1,5,4,5,13,4,4,9,5,5,2,17,1,21,2,9,5,1,7,9,1,10,1,11,,13,,1,21,,121.5357944,24.99568399
112,11,18,19,35,2,10文山區,文山區萬慶街106號,0,0,2,1,C03,8,5,5,30,14,9,1,5,4,5,13,4,4,9,5,5,2,17,2,47,2,9,2,1,7,1,1,10,1,13,,19,,1,21,,121.5357944,24.99568399
112,11,18,19,46,2,01大同區,大同區鄭州路33-1號,0,0,2,1,C03,7,5,5,40,14,9,1,5,4,5,13,4,4,1,5,5,1,12,1,35,2,7,6,1,7,9,1,10,1,12,,17,,1,21,,121.5140325,25.0493588
112,11,18,19,46,2,01大同區,大同區鄭州路33-1號,0,0,2,3,H02,7,5,5,40,14,9,1,5,4,5,13,4,4,1,5,5,1,12,1,27,2,8,6,5,7,20,8,20,10,16,,67,,1,21,,121.5140325,25.0493588
112,11,18,19,46,2,01大同區,大同區鄭州路33-1號,0,0,2,2,C03,7,5,5,40,14,9,1,5,4,5,13,4,4,1,5,5,1,12,1,31,3,10,6,1,7,9,1,10,1,14,,17,,1,21,,121.5140325,25.0493588
112,11,18,19,50,2,01大同區,大同區環河北路2段135號,0,0,1,2,B12,8,5,5,50,14,9,1,5,4,5,13,4,4,1,5,5,2,17,1,38,3,10,7,1,7,14,1,8,2,6,,44,,1,22,,121.5089582,25.0670675
112,11,18,19,50,2,01大同區,大同區環河北路2段135號,0,0,1,1,B01,8,5,5,50,14,9,1,5,4,5,13,4,4,1,5,5,2,17,2,54,2,3,7,1,7,9,1,4,2,8,,108,,1,22,,121.5089582,25.0670675
112,11,18,20,5,2,04大安區,大安區和平東路3段與敦化南路2段口,0,0,1,1,C03,7,5,5,50,4,1,1,5,4,5,13,2,1,10,5,5,2,16,1,18,3,10,6,4,7,6,1,10,1,12,,9,,1,22,,121.5490075,25.0246388
112,11,18,20,5,2,04大安區,大安區和平東路3段與敦化南路2段口,0,0,1,2,C03,7,5,5,50,4,1,1,5,4,5,13,2,1,10,5,5,2,16,1,66,2,9,6,4,7,9,1,10,1,11,,44,,1,22,,121.5490075,25.0246388
112,11,18,20,18,2,07信義區,信義區虎林街120巷268-3號,0,0,1,2,C03,8,5,5,30,14,9,1,5,4,5,13,4,4,10,5,5,1,17,2,34,2,8,5,1,7,9,1,10,1,12,,44,,1,22,,121.5716341,25.0422287
112,11,18,20,18,2,07信義區,信義區虎林街120巷268-3號,0,0,1,1,B03,8,5,5,30,14,9,1,5,4,5,13,4,4,10,5,5,1,17,1,32,3,10,7,1,7,1,1,8,1,1,,19,,1,22,,121.5716341,25.0422287
112,11,18,21,20,2,03中山區,中山區民族東路與中山北路3段口往中山北路引道,0,0,2,3,H02,8,5,5,50,3,1,1,5,4,5,13,4,4,1,4,5,2,16,2,47,2,9,6,5,7,17,8,20,10,16,,67,,1,22,,121.5239858,25.06844638
112,11,18,21,20,2,03中山區,中山區民族東路與中山北路3段口往中山北路引道,0,0,2,2,C03,8,5,5,50,3,1,1,5,4,5,13,4,4,1,4,5,2,16,1,20,2,9,6,1,7,9,1,10,1,14,,44,,1,22,,121.5239858,25.06844638
112,11,18,21,20,2,03中山區,中山區民族東路與中山北路3段口往中山北路引道,0,0,2,1,B03,8,5,5,50,3,1,1,5,4,5,13,4,4,1,4,5,2,16,1,22,3,10,3,4,7,6,3,18,1,5,,9,,1,22,,121.5239858,25.06844638
112,11,18,22,42,2,09北投區,北投區大業路與大業路527巷口,0,0,1,1,B03,8,5,5,60,5,1,1,5,4,5,13,2,1,1,4,5,2,16,1,42,3,10,7,1,7,6,1,8,1,2,,9,,1,21,,121.4962014,25.13452846
112,11,18,22,42,2,09北投區,北投區大業路與大業路527巷口,0,0,1,2,C03,8,5,5,60,5,1,1,5,4,5,13,2,1,1,4,5,2,16,2,18,2,9,5,1,7,9,1,10,1,14,,99,,1,21,,121.4962014,25.13452846
112,11,18,22,55,2,01大同區,大同區大稻埕堤外便道與五號水門停車場口出入口,0,0,1,2,C03,8,5,5,30,3,2,1,5,4,5,13,4,4,10,5,5,2,17,1,21,2,7,5,1,7,9,1,10,1,11,,13,,1,21,,121.5079447,25.0564334
112,11,18,22,55,2,01大同區,大同區大稻埕堤外便道與五號水門停車場口出入口,0,0,1,1,C03,8,5,5,30,3,2,1,5,4,5,13,4,4,10,5,5,2,17,1,20,3,10,5,1,7,5,1,10,1,14,,8,,1,21,,121.5079447,25.0564334
112,11,18,23,3,2,08士林區,士林區中正路與志成街口,0,0,1,1,B02,8,5,5,50,3,2,1,5,4,5,13,3,1,1,4,4,1,17,1,55,4,11,3,4,7,11,7,19,11,17,,10,,2,22,,121.5301869,25.0962606
112,11,18,23,3,2,08士林區,士林區中正路與志成街口,0,0,1,2,C01,8,5,5,50,3,2,1,5,4,5,13,3,1,1,4,4,1,17,1,50,2,9,6,1,7,9,1,9,9,12,,13,,1,21,,121.5301869,25.0962606
112,11,18,23,8,2,06松山區,松山區八德路4段729號與八德路4段口,0,0,2,3,H02,7,5,5,30,4,2,1,5,4,5,13,2,1,1,3,5,2,16,2,24,2,9,6,5,7,20,8,20,10,17,,67,,1,22,,121.5776617,25.0501208
112,11,18,23,8,2,06松山區,松山區八德路4段729號與八德路4段口,0,0,2,1,C03,7,5,5,30,4,2,1,5,4,5,13,2,1,1,3,5,2,16,1,24,2,8,6,1,7,9,1,10,1,12,,80,,1,22,,121.5776617,25.0501208
112,11,18,23,8,2,06松山區,松山區八德路4段729號與八德路4段口,0,0,2,2,C03,7,5,5,30,4,2,1,5,4,5,13,2,1,1,3,5,2,16,1,31,3,10,6,1,7,9,1,10,1,14,,108,,1,22,,121.5776617,25.0501208
112,11,18,23,23,2,02萬華區,萬華區長順街與長順街123巷口,0,0,2,3,H02,8,5,8,50,4,2,1,5,4,5,13,1,1,10,5,5,2,17,1,9,2,9,4,5,7,20,8,20,10,16,,67,,1,14,,121.488876,25.03244482
112,11,18,23,23,2,02萬華區,萬華區長順街與長順街123巷口,0,0,2,2,F06,8,5,8,50,4,2,1,5,4,5,13,1,1,10,5,5,2,17,2,65,2,1,2,4,7,15,8,20,2,17,,44,,1,21,,121.488876,25.03244482
112,11,18,23,23,2,02萬華區,萬華區長順街與長順街123巷口,0,0,2,1,B03,8,5,8,50,4,2,1,5,4,5,13,1,1,10,5,5,2,17,1,41,3,10,3,4,7,5,6,18,2,1,,83,,1,21,,121.488876,25.03244482
112,11,18,23,35,2,08士林區,士林區中山北路6段與中山北路6段405巷口,0,0,4,2,B03,8,5,5,50,3,1,1,5,4,5,13,2,1,1,4,5,2,16,1,20,2,3,7,1,7,9,1,8,1,1,,107,,1,21,,121.5265885,25.1129724
112,11,18,23,35,2,08士林區,士林區中山北路6段與中山北路6段405巷口,0,0,4,4,H02,8,5,5,50,3,1,1,5,4,5,13,2,1,1,4,5,2,16,2,22,2,3,7,5,7,17,8,20,10,16,,67,,1,21,,121.5265885,25.1129724
112,11,18,23,35,2,08士林區,士林區中山北路6段與中山北路6段405巷口,0,0,4,5,,8,5,5,50,3,1,1,5,4,5,13,2,1,1,4,5,2,16,3,0,,,,,,,,,,,,67,,1,,,121.5265885,25.1129724
112,11,18,23,35,2,08士林區,士林區中山北路6段與中山北路6段405巷口,0,0,4,3,H02,8,5,5,50,3,1,1,5,4,5,13,2,1,1,4,5,2,16,2,37,2,8,7,5,7,17,8,20,10,16,,67,,1,21,,121.5265885,25.1129724
112,11,18,23,35,2,08士林區,士林區中山北路6段與中山北路6段405巷口,0,0,4,1,B02,8,5,5,50,3,1,1,5,4,5,13,2,1,1,4,5,2,16,1,41,2,8,7,1,7,5,1,8,1,5,,83,,1,21,,121.5265885,25.1129724
112,11,19,1,17,2,05中正區,中正區羅斯福路4段90巷與汀州路3段口,0,0,1,1,B03,8,5,5,30,4,1,1,5,4,5,13,3,1,10,5,5,2,15,2,23,3,10,7,1,7,9,1,8,2,5,,72,,1,21,,121.5345072,25.01353266
112,11,19,1,17,2,05中正區,中正區羅斯福路4段90巷與汀州路3段口,0,0,1,2,C03,8,5,5,30,4,1,1,5,4,5,13,3,1,10,5,5,2,15,1,19,2,9,5,1,7,9,1,10,2,11,,44,,1,21,,121.5345072,25.01353266
112,11,19,6,5,2,09北投區,北投區西安街2段與致遠三路口口,0,0,1,1,C03,8,6,5,50,4,2,1,5,4,5,13,1,1,5,4,5,2,13,1,28,2,7,5,1,7,9,1,10,1,11,14,16,,1,21,,121.5113147,25.1195146
112,11,19,6,5,2,09北投區,北投區西安街2段與致遠三路口口,0,0,1,2,B01,8,6,5,50,4,2,1,5,4,5,13,1,1,5,4,5,2,13,1,50,3,10,7,1,7,12,1,4,1,7,,44,,1,21,,121.5113147,25.1195146
112,11,19,6,43,2,02萬華區,萬華區華江橋機車道往台北市,0,0,3,1,C03,8,5,5,40,8,11,1,5,4,5,13,4,4,8,3,5,1,13,1,45,2,9,3,4,7,9,1,9,1,11,,16,,1,22,,121.4878976,25.03558166
112,11,19,6,43,2,02萬華區,萬華區華江橋機車道往台北市,0,0,3,3,H02,8,5,5,40,8,11,1,5,4,5,13,4,4,8,3,5,1,13,2,43,2,2,3,5,7,21,8,20,10,16,,67,,1,22,,121.4878976,25.03558166
112,11,19,6,43,2,02萬華區,萬華區華江橋機車道往台北市,0,0,3,2,C03,8,5,5,40,8,11,1,5,4,5,13,4,4,8,3,5,1,13,1,59,2,9,3,4,7,9,1,10,1,15,,108,,1,22,,121.4878976,25.03558166
112,11,19,7,10,2,01大同區,大同區延平北路2段88號,0,0,1,1,B01,8,6,5,50,14,9,1,5,4,5,13,4,4,8,3,5,2,12,1,65,3,10,7,1,7,11,1,4,1,8,,10,,1,21,,121.5115876,25.05618235
112,11,19,7,10,2,01大同區,大同區延平北路2段88號,0,0,1,2,C03,8,6,5,50,14,9,1,5,4,5,13,4,4,8,3,5,2,12,1,53,2,9,6,1,7,9,3,18,1,12,,108,,1,21,,121.5115876,25.05618235
112,11,19,7,52,2,11南港區,南港區研究院路2段12巷57弄與研究院路2段12巷口,0,0,1,2,H01,8,6,5,30,4,1,1,5,4,5,13,2,1,10,5,5,2,3,1,45,2,7,4,5,8,16,8,20,10,16,,67,,1,21,,121.6138624,25.04747185
112,11,19,7,52,2,11南港區,南港區研究院路2段12巷57弄與研究院路2段12巷口,0,0,1,1,B03,8,6,5,30,4,1,1,5,4,5,13,2,1,10,5,5,2,3,1,45,3,10,7,1,7,6,1,8,1,8,,70,,1,21,,121.6138624,25.04747185
112,11,19,9,23,2,04大安區,大安區愛國東路35號,0,0,1,2,B03,8,6,5,40,14,8,1,5,4,5,13,3,1,1,4,4,2,17,1,24,3,10,7,1,7,13,1,8,9,7,,44,,1,21,,121.5253762,25.03200433
112,11,19,9,23,2,04大安區,大安區愛國東路35號,0,0,1,1,C03,8,6,5,40,14,8,1,5,4,5,13,3,1,1,4,4,2,17,1,49,2,8,5,1,7,9,3,18,2,15,,108,,1,21,,121.5253762,25.03200433
112,11,19,9,25,2,10文山區,文山區景美街與景後街口口,0,0,1,1,C03,8,6,6,50,4,2,1,5,4,5,13,4,4,5,5,5,2,16,1,67,2,7,5,1,7,5,1,10,2,12,,72,,1,21,,121.5425609,24.991429
112,11,19,9,25,2,10文山區,文山區景美街與景後街口口,0,0,1,2,B03,8,6,6,50,4,2,1,5,4,5,13,4,4,5,5,5,2,16,1,69,3,10,7,1,7,9,1,8,2,1,,108,,1,21,,121.5425609,24.991429
112,11,19,9,49,2,10文山區,文山區老泉街45巷燈桿60號旁,0,0,2,1,B03,8,6,5,40,11,9,1,5,4,5,13,4,4,10,5,5,2,10,1,19,3,10,7,1,7,9,1,8,2,8,,13,,1,21,,121.5718569,24.97215805
112,11,19,9,49,2,10文山區,文山區老泉街45巷燈桿60號旁,0,0,2,2,C03,8,6,5,40,11,9,1,5,4,5,13,4,4,10,5,5,2,10,1,64,2,8,5,1,7,9,1,10,2,11,,42,,1,21,,121.5718569,24.97215805
112,11,19,9,49,2,10文山區,文山區老泉街45巷燈桿60號旁,0,0,2,3,H02,8,6,5,40,11,9,1,5,4,5,13,4,4,10,5,5,2,10,2,68,2,8,5,5,7,21,8,20,10,17,,67,,1,21,,121.5718569,24.97215805
112,11,19,10,49,2,04大安區,大安區安東街與忠孝東路3段251巷13弄口,0,0,2,1,C03,8,5,5,30,4,1,1,5,4,5,13,4,4,10,5,5,2,15,2,25,2,9,3,4,7,9,1,10,1,11,,72,,1,22,,121.5422294,25.0438489
112,11,19,10,49,2,04大安區,大安區安東街與忠孝東路3段251巷13弄口,0,0,2,2,C03,8,5,5,30,4,1,1,5,4,5,13,4,4,10,5,5,2,15,1,53,2,9,3,4,7,9,1,10,1,11,,44,,1,22,,121.5422294,25.0438489
112,11,19,11,29,2,04大安區,大安區辛亥路3段310號(臨)旁,0,0,1,1,C03,8,6,5,50,14,9,1,5,4,5,13,4,4,1,4,5,2,13,1,29,2,1,5,1,7,8,1,10,1,13,,42,,1,21,,121.5526377,25.014313
112,11,19,11,29,2,04大安區,大安區辛亥路3段310號(臨)旁,0,0,1,2,C03,8,6,5,50,14,9,1,5,4,5,13,4,4,1,4,5,2,13,1,69,3,10,5,1,7,9,1,10,1,11,,42,,1,21,,121.5526377,25.014313
112,11,19,11,40,2,10文山區,文山區木新路2段與木新路2段158巷口口,0,0,3,1,C03,8,6,5,50,4,1,1,5,4,5,13,2,1,5,4,5,2,17,2,25,2,8,5,1,7,5,1,10,1,11,,74,,1,21,,121.5687333,24.98395626
112,11,19,11,40,2,10文山區,文山區木新路2段與木新路2段158巷口口,0,0,3,2,C03,8,6,5,50,4,1,1,5,4,5,13,2,1,5,4,5,2,17,1,42,2,1,5,1,7,9,1,10,1,11,,44,,1,21,,121.5687333,24.98395626
112,11,19,11,40,2,10文山區,文山區木新路2段與木新路2段158巷口口,0,0,3,3,H02,8,6,5,50,4,1,1,5,4,5,13,2,1,5,4,5,2,17,2,42,2,7,5,5,7,21,8,20,10,17,,67,,1,21,,121.5687333,24.98395626
112,11,19,12,22,2,07信義區,信義區福德街300巷與福德街268巷26弄口,0,0,1,3,B03,7,7,5,30,4,1,1,5,4,3,13,4,4,5,5,5,2,15,1,29,3,10,3,4,7,13,1,8,9,17,,38,,2,21,,121.5868119,25.0399775
112,11,19,12,22,2,07信義區,信義區福德街300巷與福德街268巷26弄口,0,0,1,2,B03,7,7,5,30,4,1,1,5,4,3,13,4,4,5,5,5,2,15,1,60,3,10,3,4,7,9,1,8,1,5,,44,,1,21,,121.5868119,25.0399775
112,11,19,12,22,2,07信義區,信義區福德街300巷與福德街268巷26弄口,0,0,1,1,C03,7,7,5,30,4,1,1,5,4,3,13,4,4,5,5,5,2,15,2,64,2,9,6,4,7,9,1,10,1,11,,80,,1,21,,121.5868119,25.0399775
112,11,19,12,30,2,11南港區,南港區忠孝東路6段與東新街口,0,0,1,1,F02,8,6,5,30,5,2,1,5,4,5,13,2,1,1,4,5,2,16,2,52,2,9,3,1,7,9,8,20,1,14,,98,,1,21,,121.5864191,25.0480648
112,11,19,12,30,2,11南港區,南港區忠孝東路6段與東新街口,0,0,1,2,B03,8,6,5,30,5,2,1,5,4,5,13,2,1,1,4,5,2,16,1,44,3,10,3,4,7,6,1,8,1,2,,44,,1,21,,121.5864191,25.0480648
112,11,19,12,35,2,12內湖區,內湖區環東大道東向西411燈桿,0,0,2,1,C01,8,6,5,70,10,7,1,5,4,5,13,4,4,10,4,5,1,17,1,26,2,9,6,1,7,7,1,9,1,11,,100,,1,21,,121.5753243,25.05384069
112,11,19,12,35,2,12內湖區,內湖區環東大道東向西411燈桿,0,0,2,2,B03,8,6,5,70,10,7,1,5,4,5,13,4,4,10,4,5,1,17,1,64,3,10,7,1,7,9,1,8,1,2,,44,,1,21,,121.5753243,25.05384069
112,11,19,12,35,2,12內湖區,內湖區環東大道東向西411燈桿,0,0,2,3,H02,8,6,5,70,10,7,1,5,4,5,13,4,4,10,4,5,1,17,2,35,2,9,6,5,7,21,8,20,10,16,,67,,1,21,,121.5753243,25.05384069
112,11,19,12,50,2,05中正區,中正區襄陽路與南陽街口,0,0,1,2,H01,8,7,5,50,3,2,1,5,4,5,13,4,4,5,4,4,2,3,2,37,2,9,4,5,8,16,8,20,10,16,,67,,1,21,,121.5159753,25.0434073
112,11,19,12,50,2,05中正區,中正區襄陽路與南陽街口,0,0,1,1,C03,8,7,5,50,3,2,1,5,4,5,13,4,4,5,4,4,2,3,1,18,3,10,5,1,7,9,1,10,2,14,,70,,1,21,,121.5159753,25.0434073
112,11,19,13,22,2,04大安區,大安區和平東路3段與和平東路3段464巷口,0,0,1,2,C03,8,7,5,50,4,1,1,5,4,5,13,1,1,1,4,5,2,17,1,29,2,9,6,1,7,9,1,10,1,11,,13,,1,21,,121.5601083,25.0170539