發生年度,發生月,發生日,發生時-Hours,發生分,處理別-編號,區序,肇事地點,死亡人數,2-30日死亡人數,受傷人數,當事人序號,車種,天候,光線,道路類別,速限-速度限制,道路型態,事故位置,路面狀況1,路面狀況2,路面狀況3,道路障礙1,道路障礙2,號誌1,號誌2,車道劃分-分向,車道劃分-分道1,車道劃分-分道2,車道劃分-分道3,事故類型及型態,性別,年齡,受傷程度,主要傷處,保護裝置,行動電話,車輛用途,當事者行動狀態,駕駛資格情形,駕駛執照種類,飲酒情形,車輛撞擊部位1,車輛撞擊部位2,肇因碼-個別,肇因碼-主要,個人肇逃否,職業,旅次目的,座標-X,座標-Y
112,11,22,13,54,2,03中山區,中山區長春路137巷與松江路164巷口,0,0,1,1,B03,8,5,5,30,4,1,1,5,4,5,13,4,4,9,5,5,2,15,1,72,3,10,3,4,7,9,1,8,1,1,,72,,1,21,,121.5315494,25.055637
112,11,22,13,54,2,03中山區,中山區長春路137巷與松江路164巷口,0,0,1,2,C03,8,5,5,30,4,1,1,5,4,5,13,4,4,9,5,5,2,15,2,23,2,9,3,4,7,9,1,10,1,14,,13,,1,21,,121.5315494,25.055637
112,11,22,13,54,2,09北投區,北投區承德路7段139號,0,0,1,1,B12,8,7,5,60,14,8,1,5,4,5,13,4,4,1,4,4,2,17,1,39,3,10,7,1,7,15,1,8,2,5,,100,,1,21,,121.5088051,25.1126439
112,11,22,13,54,2,09北投區,北投區承德路7段139號,0,0,1,2,C03,8,7,5,60,14,8,1,5,4,5,13,4,4,1,4,4,2,17,1,34,2,9,6,1,7,9,1,10,2,14,,44,,1,21,,121.5088051,25.1126439
112,11,22,14,35,2,05中正區,中正區信義路2段243巷與新生南路1段160巷口口,0,0,1,1,C03,8,5,5,30,4,1,1,5,4,5,13,4,4,9,4,5,1,17,1,68,3,10,2,1,7,9,1,10,9,12,,72,,2,21,,121.5312063,25.0345809
112,11,22,14,35,2,05中正區,中正區信義路2段243巷與新生南路1段160巷口口,0,0,1,2,C03,8,5,5,30,4,1,1,5,4,5,13,4,4,9,4,5,1,17,1,30,2,7,6,1,7,9,1,10,1,11,,14,,1,21,,121.5312063,25.0345809
112,11,22,15,12,2,03中山區,中山區中山北路4段圓山飯店下坡道處,0,0,1,1,B03,8,6,5,50,3,1,1,5,4,5,13,4,4,10,4,5,2,12,2,26,3,10,7,1,7,7,1,8,1,4,,100,,1,21,,121.5258378,25.07470849
112,11,22,15,12,2,03中山區,中山區中山北路4段圓山飯店下坡道處,0,0,1,2,C03,8,6,5,50,3,1,1,5,4,5,13,4,4,10,4,5,2,12,2,21,2,9,5,1,7,9,1,10,1,12,,44,,1,21,,121.5258378,25.07470849
112,11,22,15,48,2,07信義區,信義區虎林街164巷與松德路118巷口,0,0,1,1,B02,8,6,5,30,4,1,1,5,4,5,13,4,4,10,5,5,2,15,1,46,3,10,7,1,7,9,1,4,2,1,,72,,1,21,,121.5744721,25.0378463
112,11,22,15,48,2,07信義區,信義區虎林街164巷與松德路118巷口,0,0,1,2,C03,8,6,5,30,4,1,1,5,4,5,13,4,4,10,5,5,2,15,1,20,2,7,6,1,7,9,1,10,2,14,,13,,1,21,,121.5744721,25.0378463
112,11,22,15,54,2,07信義區,信義區吳興街與吳興街583巷1弄口,0,0,1,1,C03,8,7,5,30,3,2,1,5,4,5,13,4,4,9,4,5,2,17,2,32,2,7,6,1,7,1,1,10,1,14,,8,,1,22,,121.5697791,25.0233301
112,11,22,15,54,2,07信義區,信義區吳興街與吳興街583巷1弄口,0,0,1,2,B03,8,7,5,30,3,2,1,5,4,5,13,4,4,9,4,5,2,17,2,56,3,10,2,1,7,9,1,8,1,1,,99,,1,22,,121.5697791,25.0233301
112,11,22,16,17,2,09北投區,北投區立德路1號大門旁,0,0,2,2,C03,8,7,5,50,14,9,1,5,4,5,13,3,1,5,4,5,2,3,1,50,2,8,6,1,7,9,1,10,2,11,,70,,1,21,,121.4714831,25.1240937
112,11,22,16,17,2,09北投區,北投區立德路1號大門旁,0,0,2,1,H01,8,7,5,50,14,9,1,5,4,5,13,3,1,5,4,5,2,3,1,35,2,9,4,5,8,18,8,20,10,16,,123,,1,21,,121.4714831,25.1240937
112,11,22,16,30,2,12內湖區,內湖區金湖路363巷19號前,0,0,3,1,C03,8,6,5,50,14,9,1,5,4,5,13,4,4,5,5,5,2,12,2,63,2,9,5,1,7,1,1,10,2,14,,19,,1,21,,121.6016985,25.07330914
112,11,22,16,30,2,12內湖區,內湖區金湖路363巷19號前,0,0,3,2,C03,8,6,5,50,14,9,1,5,4,5,13,4,4,5,5,5,2,12,2,39,2,9,5,1,7,9,1,10,2,12,,44,,1,21,,121.6016985,25.07330914
112,11,22,16,30,2,12內湖區,內湖區金湖路363巷19號前,0,0,3,3,H02,8,6,5,50,14,9,1,5,4,5,13,4,4,5,5,5,2,12,2,2,2,7,5,5,7,20,8,20,10,16,,67,,1,21,,121.6016985,25.07330914
112,11,22,16,41,2,05中正區,中正區南海路與牯嶺街口,0,0,1,1,B02,8,7,5,30,4,1,1,5,4,5,13,1,1,10,4,5,2,16,1,53,3,10,7,4,7,5,1,8,1,4,,8,,1,21,,121.5154171,25.0322069
112,11,22,16,41,2,05中正區,中正區南海路與牯嶺街口,0,0,1,2,C03,8,7,5,30,4,1,1,5,4,5,13,1,1,10,4,5,2,16,1,22,2,7,5,4,7,9,1,10,1,11,,13,,1,21,,121.5154171,25.0322069
112,11,22,17,0,2,01大同區,大同區鄭州路與西寧北路口,0,0,1,2,C03,8,5,5,40,4,2,1,5,4,5,13,2,1,1,4,5,2,17,2,20,2,8,3,4,7,5,1,10,2,14,,42,,1,21,,121.508145,25.0505864
112,11,22,17,0,2,01大同區,大同區鄭州路與西寧北路口,0,0,1,1,B03,8,5,5,40,4,2,1,5,4,5,13,2,1,1,4,5,2,17,1,39,3,10,3,4,7,9,1,8,2,1,,99,,1,21,,121.508145,25.0505864
112,11,22,17,30,2,09北投區,北投區中央南路1段77號,0,0,1,2,B03,8,5,5,50,14,9,1,5,4,5,13,4,4,9,5,5,2,17,1,30,3,10,3,1,7,14,1,8,1,7,,38,,1,21,,121.5012683,25.1312108
112,11,22,17,30,2,09北投區,北投區中央南路1段77號,0,0,1,1,C03,8,5,5,50,14,9,1,5,4,5,13,4,4,9,5,5,2,17,1,60,2,9,6,1,7,9,1,10,1,11,,108,,1,21,,121.5012683,25.1312108
112,11,22,17,39,2,06松山區,松山區民生東路4段80巷與健康路15巷口,0,0,1,1,C04,7,5,5,50,4,1,1,5,4,5,13,1,1,1,4,5,2,16,2,64,2,9,5,1,7,9,1,11,2,12,,44,,1,21,,121.5528477,25.0562975
112,11,22,17,39,2,06松山區,松山區民生東路4段80巷與健康路15巷口,0,0,1,2,C03,7,5,5,50,4,1,1,5,4,5,13,1,1,1,4,5,2,16,2,46,3,10,5,1,7,5,1,10,2,11,,8,,1,21,,121.5528477,25.0562975
112,11,22,17,42,2,03中山區,中山區中山北路2段與民權西路口,0,0,2,2,B12,8,6,5,50,4,1,1,5,4,5,13,1,1,1,4,5,2,13,1,51,3,10,3,4,7,9,1,8,1,6,,44,,1,22,,121.5224919,25.06270002
112,11,22,17,42,2,03中山區,中山區中山北路2段與民權西路口,0,0,2,1,C03,8,6,5,50,4,1,1,5,4,5,13,1,1,1,4,5,2,13,1,21,2,8,6,1,7,9,1,10,1,11,,107,,1,22,,121.5224919,25.06270002
112,11,22,17,42,2,03中山區,中山區中山北路2段與民權西路口,0,0,2,3,H02,8,6,5,50,4,1,1,5,4,5,13,1,1,1,4,5,2,13,2,22,2,8,6,5,7,17,8,20,10,16,,67,,1,22,,121.5224919,25.06270002
112,11,22,17,57,2,03中山區,中山區建國北路3段113巷與建國北路3段口,0,0,2,2,C03,8,6,5,50,3,2,1,5,4,5,13,1,1,10,4,4,2,3,1,47,2,9,5,1,7,9,1,10,2,11,14,70,,1,21,,121.5358476,25.06638366
112,11,22,17,57,2,03中山區,中山區建國北路3段113巷與建國北路3段口,0,0,2,1,H01,8,6,5,50,3,2,1,5,4,5,13,1,1,10,4,4,2,3,1,72,2,9,4,5,8,18,8,20,1,16,,122,,1,21,,121.5358476,25.06638366
112,11,22,18,1,2,02萬華區,萬華區艋舺大道27號,0,0,1,3,H02,7,5,5,50,14,9,1,5,4,5,13,1,1,1,3,4,2,12,2,46,2,9,5,5,7,17,8,20,10,16,,67,,1,21,,121.5049295,25.0341112
112,11,22,18,1,2,02萬華區,萬華區艋舺大道27號,0,0,1,2,C03,7,5,5,50,14,9,1,5,4,5,13,1,1,1,3,4,2,12,1,60,3,10,5,1,7,9,1,10,1,12,,17,,1,21,,121.5049295,25.0341112
112,11,22,18,1,2,02萬華區,萬華區艋舺大道27號,0,0,1,1,B03,7,5,5,50,14,9,1,5,4,5,13,1,1,1,3,4,2,12,1,23,3,10,7,1,7,9,1,8,1,8,,44,,1,21,,121.5049295,25.0341112
112,11,22,18,3,2,01大同區,大同區台北橋與台北橋口往三重環河北路機慢車專用道（路燈282559）,0,0,3,1,C03,8,5,5,50,8,11,1,5,4,5,13,4,4,10,5,5,2,13,1,43,2,8,6,1,7,9,1,10,1,11,,16,,1,21,,121.5060755,25.06387092
112,11,22,18,3,2,01大同區,大同區台北橋與台北橋口往三重環河北路機慢車專用道（路燈282559）,0,0,3,3,C03,8,5,5,50,8,11,1,5,4,5,13,4,4,10,5,5,2,13,1,52,2,9,6,1,7,12,1,10,1,13,,44,,1,21,,121.5060755,25.06387092
112,11,22,18,3,2,01大同區,大同區台北橋與台北橋口往三重環河北路機慢車專用道（路燈282559）,0,0,3,2,C03,8,5,5,50,8,11,1,5,4,5,13,4,4,10,5,5,2,13,2,24,2,8,6,1,7,9,1,10,1,11,13,16,,1,21,,121.5060755,25.06387092
112,11,22,18,8,2,04大安區,大安區信義路4段與安和路1段口,0,0,1,1,B03,8,5,5,50,4,2,1,5,4,5,13,1,1,10,5,5,2,12,1,64,3,10,7,1,7,9,1,8,1,2,,108,,1,21,,121.552533,25.033126
112,11,22,18,8,2,04大安區,大安區信義路4段與安和路1段口,0,0,1,2,C03,8,5,5,50,4,2,1,5,4,5,13,1,1,10,5,5,2,12,1,26,2,9,6,1,7,9,1,10,1,14,,44,,1,21,,121.552533,25.033126
112,11,22,18,14,2,03中山區,中山區北安路與通北街口,0,0,2,2,C03,7,5,5,50,4,2,1,5,4,5,13,2,1,1,4,5,2,16,1,75,2,9,6,1,7,9,1,10,1,11,,118,,1,21,,121.5413543,25.0794884
112,11,22,18,14,2,03中山區,中山區北安路與通北街口,0,0,2,1,C03,7,5,5,50,4,2,1,5,4,5,13,2,1,1,4,5,2,16,2,18,2,9,6,1,7,11,1,10,1,12,,10,,1,21,,121.5413543,25.0794884
112,11,22,18,32,2,05中正區,中正區中華路2段與愛國西路口,0,0,1,1,C03,8,5,5,50,5,1,1,5,4,5,13,2,1,3,4,5,2,17,2,44,2,9,5,1,7,6,1,10,1,13,,101,,1,21,,121.5068449,25.0370391
112,11,22,18,32,2,05中正區,中正區中華路2段與愛國西路口,0,0,1,2,B03,8,5,5,50,5,1,1,5,4,5,13,2,1,3,4,5,2,17,1,21,3,10,7,1,7,9,1,8,1,1,,107,,1,21,,121.5068449,25.0370391
112,11,22,19,0,2,03中山區,中山區八德路2段與復興南路1段口,0,0,1,1,C03,8,5,5,50,4,1,1,5,4,5,13,2,1,7,2,5,2,17,2,31,3,10,5,1,7,8,1,10,1,12,,16,,1,21,,121.5438056,25.0475463
112,11,22,19,0,2,03中山區,中山區八德路2段與復興南路1段口,0,0,1,2,C03,8,5,5,50,4,1,1,5,4,5,13,2,1,7,2,5,2,17,2,26,2,9,5,1,7,9,1,10,1,14,,16,,1,22,,121.5438056,25.0475463
112,11,22,19,2,2,05中正區,中正區中山南路與信義路1段口,0,0,1,1,B03,8,5,5,50,5,1,1,5,4,5,13,1,1,1,3,1,2,16,1,18,3,10,7,1,7,8,1,8,2,2,,17,,1,21,,121.5180354,25.03876248
112,11,22,19,2,2,05中正區,中正區中山南路與信義路1段口,0,0,1,2,C03,8,5,5,50,5,1,1,5,4,5,13,1,1,1,3,1,2,16,2,65,2,9,6,1,7,9,1,10,2,14,,44,,1,21,,121.5180354,25.03876248
112,11,22,19,5,2,01大同區,大同區承德路2段167號,0,0,1,2,C03,8,5,5,50,14,9,1,5,4,5,13,4,4,9,4,5,2,17,1,49,2,9,5,1,7,9,1,10,2,11,,16,,1,21,,121.5182863,25.0590214
112,11,22,19,5,2,01大同區,大同區承德路2段167號,0,0,1,1,B03,8,5,5,50,14,9,1,5,4,5,13,4,4,9,4,5,2,17,1,42,3,10,7,1,7,7,1,8,2,6,,100,,1,21,,121.5182863,25.0590214
112,11,22,19,5,2,01大同區,大同區哈密街59巷56弄與哈密街59巷78弄口,0,0,1,1,C03,8,5,5,30,4,1,1,5,4,5,13,4,4,10,4,5,2,15,1,43,2,9,5,1,7,9,1,10,2,12,,72,,1,21,,121.5156319,25.0752925
112,11,22,19,5,2,01大同區,大同區哈密街59巷56弄與哈密街59巷78弄口,0,0,1,2,B03,8,5,5,30,4,1,1,5,4,5,13,4,4,10,4,5,2,15,2,64,3,10,7,1,7,9,1,8,2,1,,13,,1,21,,121.5156319,25.0752925
112,11,22,19,50,2,08士林區,士林區天母東路8巷31弄與忠誠路2段166巷28弄口,0,0,2,1,C03,8,5,5,30,3,2,1,5,4,5,13,4,4,9,4,5,1,16,2,53,2,9,3,4,7,9,1,10,2,14,,108,,1,22,,121.5329823,25.11688329
112,11,22,19,50,2,08士林區,士林區天母東路8巷31弄與忠誠路2段166巷28弄口,0,0,2,2,C03,8,5,5,30,3,2,1,5,4,5,13,4,4,9,4,5,1,16,1,52,2,9,3,4,7,9,1,10,2,11,,108,,1,22,,121.5329823,25.11688329
112,11,22,20,9,2,07信義區,信義區嘉興街與嘉興街219巷口,0,0,2,1,C03,8,5,5,30,3,2,1,5,4,5,13,4,4,9,5,5,2,17,1,59,3,10,3,4,7,5,1,10,1,14,,8,,1,22,,121.5562383,25.0258586
112,11,22,20,9,2,07信義區,信義區嘉興街與嘉興街219巷口,0,0,2,2,C03,8,5,5,30,3,2,1,5,4,5,13,4,4,9,5,5,2,17,2,25,2,9,3,4,7,5,1,9,1,11,,44,,1,22,,121.5562383,25.0258586
112,11,22,20,9,2,07信義區,信義區嘉興街與嘉興街219巷口,0,0,2,3,H02,8,5,5,30,3,2,1,5,4,5,13,4,4,9,5,5,2,17,2,25,2,9,3,5,7,20,8,20,10,16,,67,,1,22,,121.5562383,25.0258586
112,11,22,20,10,2,08士林區,士林區仰德大道1段與復興橋口,0,0,2,1,C03,7,5,5,50,4,2,1,5,4,5,13,1,1,5,2,5,2,13,1,18,2,9,6,1,7,9,1,10,2,11,,107,,1,22,,121.5373571,25.1004689
112,11,22,20,10,2,08士林區,士林區仰德大道1段與復興橋口,0,0,2,4,H02,7,5,5,50,4,2,1,5,4,5,13,1,1,5,2,5,2,13,2,18,2,8,6,5,7,17,8,20,10,17,,67,,1,22,,121.5373571,25.1004689
112,11,22,20,10,2,08士林區,士林區仰德大道1段與復興橋口,0,0,2,3,B03,7,5,5,50,4,2,1,5,4,5,13,1,1,5,2,5,2,13,2,44,3,10,7,1,7,9,1,8,2,1,,44,,1,22,,121.5373571,25.1004689
112,11,22,20,10,2,08士林區,士林區仰德大道1段與復興橋口,0,0,2,2,B03,7,5,5,50,4,2,1,5,4,5,13,1,1,5,2,5,2,13,1,39,3,10,7,1,7,14,1,8,2,6,,44,,1,22,,121.5373571,25.1004689
112,11,22,20,20,2,02萬華區,萬華區康定路與成都路口,0,0,2,1,C03,8,5,5,50,4,2,1,5,4,5,13,1,1,9,4,4,2,17,1,20,2,9,5,1,7,12,1,10,1,12,,44,,1,21,,121.502692,25.0439321
112,11,22,20,20,2,02萬華區,萬華區康定路與成都路口,0,0,2,2,C03,8,5,5,50,4,2,1,5,4,5,13,1,1,9,4,4,2,17,1,32,3,10,5,1,7,11,1,10,1,17,,10,,1,21,,121.502692,25.0439321
112,11,22,20,20,2,02萬華區,萬華區康定路與成都路口,0,0,2,3,H02,8,5,5,50,4,2,1,5,4,5,13,1,1,9,4,4,2,17,2,21,2,9,5,5,7,17,8,20,10,16,,67,,1,21,,121.502692,25.0439321
112,11,22,21,5,2,07信義區,信義區忠孝東路5段與基隆路1段口,0,0,2,2,C03,8,5,5,30,3,2,1,5,4,5,13,2,1,8,1,5,2,13,2,47,2,9,5,1,7,12,1,10,1,13,12,99,,1,21,,121.5645348,25.0410302
112,11,22,21,5,2,07信義區,信義區忠孝東路5段與基隆路1段口,0,0,2,1,C03,8,5,5,30,3,2,1,5,4,5,13,2,1,8,1,5,2,13,2,36,2,9,5,1,7,9,1,10,1,11,14,107,,1,21,,121.5645348,25.0410302
112,11,22,21,26,2,06松山區,松山區民權東路3段140巷與民權東路3段106巷3弄口,0,0,2,3,C03,7,5,5,30,4,2,1,5,4,5,13,4,4,10,3,5,2,17,2,28,2,9,6,1,7,9,1,10,1,12,,107,,1,21,,121.5466718,25.06145397
112,11,22,21,26,2,06松山區,松山區民權東路3段140巷與民權東路3段106巷3弄口,0,0,2,2,C03,7,5,5,30,4,2,1,5,4,5,13,4,4,10,3,5,2,17,2,30,2,9,6,1,7,5,1,10,1,14,,102,,1,21,,121.5466718,25.06145397
112,11,22,21,26,2,06松山區,松山區民權東路3段140巷與民權東路3段106巷3弄口,0,0,2,1,B01,7,5,5,30,4,2,1,5,4,5,13,4,4,10,3,5,2,17,1,36,3,10,3,4,7,6,1,4,1,17,,72,,1,21,,121.5466718,25.06145397
112,11,22,22,30,2,08士林區,士林區仰德大道3段26號,0,0,1,1,B03,7,5,5,40,14,9,1,5,4,5,13,4,4,5,5,5,1,11,2,18,3,10,7,1,7,4,1,8,2,2,,107,,1,22,,121.5515538,25.117138
112,11,22,22,30,2,08士林區,士林區仰德大道3段26號,0,0,1,2,C03,7,5,5,40,14,9,1,5,4,5,13,4,4,5,5,5,1,11,2,47,2,9,6,1,7,9,1,10,2,14,,44,,1,22,,121.5515538,25.117138
112,11,22,23,14,2,05中正區,中正區愛國西路與延平南路口,0,0,2,3,H02,8,5,5,50,4,1,1,5,4,5,13,1,1,1,4,4,2,16,2,24,2,9,6,5,7,20,8,20,10,16,,67,,1,22,,121.5078271,25.0366338
112,11,22,23,14,2,05中正區,中正區愛國西路與延平南路口,0,0,2,2,C03,8,5,5,50,4,1,1,5,4,5,13,1,1,1,4,4,2,16,1,24,2,8,6,1,7,9,1,10,2,14,,44,,1,22,,121.5078271,25.0366338
112,11,22,23,14,2,05中正區,中正區愛國西路與延平南路口,0,0,2,1,B03,8,5,5,50,4,1,1,5,4,5,13,1,1,1,4,4,2,16,1,46,3,10,7,1,7,6,1,7,6,5,,9,,1,22,,121.5078271,25.0366338
112,11,22,23,46,2,02萬華區,萬華區忠孝西路2段與西寧南路口,0,0,1,1,C04,7,5,5,50,5,1,1,5,4,5,13,1,1,1,4,4,2,12,1,47,2,9,5,1,7,9,1,10,1,12,,80,,1,21,,121.5075998,25.0484935
112,11,22,23,46,2,02萬華區,萬華區忠孝西路2段與西寧南路口,0,0,1,2,B01,7,5,5,50,5,1,1,5,4,5,13,1,1,1,4,4,2,12,2,43,3,10,7,1,7,9,1,8,1,8,,44,,1,21,,121.5075998,25.0484935
112,11,23,5,36,2,08士林區,士林區中正路234號,0,0,1,1,B03,7,6,5,50,14,18,1,5,4,5,13,1,1,9,4,5,2,3,1,39,3,10,7,1,7,9,1,8,2,1,,70,,1,21,,121.5255606,25.09528079
112,11,23,5,36,2,08士林區,士林區中正路234號,0,0,1,2,H01,7,6,5,50,14,18,1,5,4,5,13,1,1,9,4,5,2,3,1,79,2,9,4,5,8,16,8,20,10,16,,122,,1,21,,121.5255606,25.09528079
112,11,23,6,9,2,06松山區,松山區南京東路4段與北寧路口口,0,0,1,1,A02,8,5,5,50,14,10,1,4,4,5,13,1,1,1,3,4,1,9,2,62,3,10,7,1,7,3,1,2,2,17,,44,,1,21,,121.5529289,25.0516856
112,11,23,6,9,2,06松山區,松山區南京東路4段與北寧路口口,0,0,1,2,H02,8,5,5,50,14,10,1,4,4,5,13,1,1,1,3,4,1,9,1,52,2,9,3,5,7,19,8,20,10,17,,67,,1,22,,121.5529289,25.0516856
112,11,23,6,35,2,05中正區,中正區愛國西路與博愛路口口,0,0,2,2,H01,8,6,5,50,4,1,1,5,4,5,13,1,1,1,4,5,1,3,2,79,2,1,4,5,8,20,8,20,10,16,,67,,1,21,,121.5106426,25.03546858
112,11,23,6,35,2,05中正區,中正區愛國西路與博愛路口口,0,0,2,1,C03,8,6,5,50,4,1,1,5,4,5,13,1,1,1,4,5,1,3,1,44,2,7,6,1,7,9,1,10,2,14,,81,,1,21,,121.5106426,25.03546858
112,11,23,7,35,2,05中正區,中正區重慶南路3段與廈門街114巷口,0,0,1,1,B03,8,6,5,30,4,1,1,5,4,5,13,1,1,3,4,5,2,13,2,40,3,10,7,1,7,9,1,8,1,8,,16,,1,21,,121.5167691,25.0233048
112,11,23,7,35,2,05中正區,中正區重慶南路3段與廈門街114巷口,0,0,1,3,H01,8,6,5,30,4,1,1,5,4,5,13,1,1,3,4,5,2,13,4,0,,,,,,,,,,,,119,,2,,,121.5167691,25.0233048
112,11,23,7,35,2,05中正區,中正區重慶南路3段與廈門街114巷口,0,0,1,4,H02,8,6,5,30,4,1,1,5,4,5,13,1,1,3,4,5,2,13,2,42,2,5,7,5,7,20,8,20,10,16,,67,,1,21,,121.5167691,25.0233048
112,11,23,7,35,2,05中正區,中正區重慶南路3段與廈門街114巷口,0,0,1,2,B03,8,6,5,30,4,1,1,5,4,5,13,1,1,3,4,5,2,13,1,38,3,10,7,1,7,14,1,8,1,6,,44,,1,21,,121.5167691,25.0233048
112,11,23,7,46,2,12內湖區,內湖區內湖路2段103巷與麗山街37巷口,0,0,3,2,C03,8,6,5,30,3,1,1,5,4,5,13,4,4,5,5,5,2,16,1,31,2,8,6,1,7,9,1,10,2,11,,44,,1,22,,121.5820382,25.08075815
112,11,23,7,46,2,12內湖區,內湖區內湖路2段103巷與麗山街37巷口,0,0,3,3,H02,8,6,5,30,3,1,1,5,4,5,13,4,4,5,5,5,2,16,2,11,2,9,6,5,7,20,8,20,10,16,,67,,1,22,,121.5820382,25.08075815
112,11,23,7,46,2,12內湖區,內湖區內湖路2段103巷與麗山街37巷口,0,0,3,1,C03,8,6,5,30,3,1,1,5,4,5,13,4,4,5,5,5,2,16,2,43,2,8,6,1,7,5,1,10,2,12,,74,,1,22,,121.5820382,25.08075815
112,11,23,8,0,2,08士林區,士林區延平北路6段46號電桿,0,0,1,1,C03,8,6,5,50,3,2,1,5,4,5,13,4,4,4,5,5,1,16,2,49,2,9,5,1,7,6,1,10,2,14,,72,,1,21,,121.5032791,25.0894608
112,11,23,8,0,2,08士林區,士林區延平北路6段46號電桿,0,0,1,2,B03,8,6,5,50,3,2,1,5,4,5,13,4,4,4,5,5,1,16,1,63,3,10,7,1,7,9,1,8,2,2,,14,,1,21,,121.5032791,25.0894608
112,11,23,8,2,2,07信義區,信義區仁愛路4段與光復南路口,0,0,2,1,B03,8,6,5,50,4,2,1,5,4,5,13,1,1,1,4,1,2,13,1,38,3,10,7,1,7,5,1,8,2,5,,16,,1,21,,121.5576363,25.0378904
112,11,23,8,2,2,07信義區,信義區仁愛路4段與光復南路口,0,0,2,2,C03,8,6,5,50,4,2,1,5,4,5,13,1,1,1,4,1,2,13,1,41,2,1,6,1,7,14,1,10,2,13,,44,,1,21,,121.5576363,25.0378904
112,11,23,8,2,2,07信義區,信義區仁愛路4段與光復南路口,0,0,2,3,H02,8,6,5,50,4,2,1,5,4,5,13,1,1,1,4,1,2,13,2,4,2,1,6,5,7,20,8,20,10,16,,67,,1,21,,121.5576363,25.0378904
112,11,23,8,3,2,08士林區,士林區中正路603號,0,0,1,2,C03,8,6,5,50,3,1,1,5,4,5,13,4,4,1,4,5,1,16,1,27,3,10,3,4,7,9,1,10,1,14,,14,,1,22,,121.5099931,25.08673112
112,11,23,8,3,2,08士林區,士林區中正路603號,0,0,1,1,C03,8,6,5,50,3,1,1,5,4,5,13,4,4,1,4,5,1,16,1,29,2,8,3,4,7,6,1,10,1,12,,9,,1,22,,121.5099931,25.08673112
112,11,23,8,5,2,02萬華區,萬華區環河南路2段與長順街口,0,0,1,2,C03,8,6,5,50,4,1,1,5,4,5,13,2,1,3,4,5,2,17,1,51,2,9,6,1,7,9,1,10,1,15,,42,,1,22,,121.4900374,25.0308178
112,11,23,8,5,2,02萬華區,萬華區環河南路2段與長順街口,0,0,1,1,B12,8,6,5,50,4,1,1,5,4,5,13,2,1,3,4,5,2,17,1,66,3,10,3,4,7,5,1,10,1,2,,71,,1,22,,121.4900374,25.0308178
112,11,23,8,15,2,10文山區,文山區試院路4巷與試院路口,0,0,2,3,H02,8,5,5,30,3,2,1,5,4,5,13,4,4,5,5,5,2,16,1,21,2,8,6,5,7,20,8,20,10,16,,67,,1,25,,121.5495914,24.9882396
112,11,23,8,15,2,10文山區,文山區試院路4巷與試院路口,0,0,2,2,C03,8,5,5,30,3,2,1,5,4,5,13,4,4,5,5,5,2,16,1,20,2,7,6,1,7,6,1,10,2,11,,44,,1,25,,121.5495914,24.9882396
112,11,23,8,15,2,10文山區,文山區試院路4巷與試院路口,0,0,2,1,B03,8,5,5,30,3,2,1,5,4,5,13,4,4,5,5,5,2,16,2,45,3,10,7,1,7,11,1,8,2,4,,10,,1,22,,121.5495914,24.9882396
112,11,23,8,15,2,10文山區,文山區興隆路4段66巷與興隆路4段口,0,0,1,2,C03,8,6,5,50,4,1,1,5,4,5,13,4,4,1,4,5,2,16,1,68,2,9,6,1,7,9,1,10,1,14,,44,,1,21,,121.5614729,24.98500049
112,11,23,8,15,2,10文山區,文山區興隆路4段66巷與興隆路4段口,0,0,1,1,C03,8,6,5,50,4,1,1,5,4,5,13,4,4,1,4,5,2,16,1,62,3,10,6,1,7,5,1,8,1,13,,74,,1,21,,121.5614729,24.98500049
112,11,23,8,17,2,03中山區,中山區新生北路2段137巷與中原街口,0,0,1,2,C03,8,5,5,30,4,2,1,5,4,5,13,4,4,5,5,5,2,15,1,48,2,9,3,4,7,9,1,10,2,12,,44,,1,21,,121.5289466,25.061243
112,11,23,8,17,2,03中山區,中山區新生北路2段137巷與中原街口,0,0,1,1,B03,8,5,5,30,4,2,1,5,4,5,13,4,4,5,5,5,2,15,2,35,3,10,3,4,7,9,1,8,2,1,,72,,1,21,,121.5289466,25.061243
112,11,23,8,18,2,12內湖區,內湖區瑞湖街與民權東路6段15巷口,0,0,1,3,C03,8,6,5,50,4,2,1,5,4,5,13,2,1,5,5,5,2,17,2,29,2,8,6,1,7,9,1,10,1,11,,107,,1,21,,121.5764451,25.0689879
112,11,23,8,18,2,12內湖區,內湖區瑞湖街與民權東路6段15巷口,0,0,1,1,B03,8,6,5,50,4,2,1,5,4,5,13,2,1,5,5,5,2,17,1,38,3,10,7,1,7,6,1,8,1,17,,74,,1,21,,121.5764451,25.0689879
112,11,23,8,18,2,12內湖區,內湖區瑞湖街與民權東路6段15巷口,0,0,1,2,C02,8,6,5,50,4,2,1,5,4,5,13,2,1,5,5,5,2,17,1,49,3,10,6,1,7,9,1,9,1,13,,101,,1,21,,121.5764451,25.0689879
112,11,23,8,25,2,03中山區,中山區南京東路1段17號,0,0,2,1,C03,8,6,5,40,14,8,1,5,4,5,13,4,4,1,3,4,1,13,2,45,2,8,3,4,7,9,1,10,1,11,,16,,1,21,,121.523867,25.05228036