發生年度,發生月,發生日,發生時-Hours,發生分,處理別-編號,區序,肇事地點,死亡人數,2-30日死亡人數,受傷人數,當事人序號,車種,天候,光線,道路類別,速限-速度限制,道路型態,事故位置,路面狀況1,路面狀況2,路面狀況3,道路障礙1,道路障礙2,號誌1,號誌2,車道劃分-分向,車道劃分-分道1,車道劃分-分道2,車道劃分-分道3,事故類型及型態,性別,年齡,受傷程度,主要傷處,保護裝置,行動電話,車輛用途,當事者行動狀態,駕駛資格情形,駕駛執照種類,飲酒情形,車輛撞擊部位1,車輛撞擊部位2,肇因碼-個別,肇因碼-主要,個人肇逃否,職業,旅次目的,座標-X,座標-Y
112,11,23,17,50,2,12內湖區,內湖區成功路5段2號,0,0,1,2,C03,8,5,5,50,14,8,1,5,4,5,13,4,4,1,4,4,2,17,1,57,2,9,5,1,7,9,1,10,1,14,,44,,1,21,,121.600854,25.08462315
112,11,23,17,57,2,07信義區,信義區永吉路30巷與松隆路73巷口,0,0,1,1,C04,8,5,5,50,4,1,1,5,4,5,13,4,4,9,4,5,2,17,1,33,2,7,5,1,7,5,1,10,1,14,,8,,1,21,,121.568808,25.0451964
112,11,23,17,57,2,07信義區,信義區永吉路30巷與松隆路73巷口,0,0,1,2,C03,8,5,5,50,4,1,1,5,4,5,13,4,4,9,4,5,2,17,1,39,3,10,6,1,7,9,1,9,1,12,,107,,1,21,,121.568808,25.0451964
112,11,23,18,25,2,12內湖區,內湖區港墘路與堤頂大道1段口,0,0,2,1,C03,7,6,5,50,3,1,1,5,4,5,13,2,1,9,4,4,2,16,1,51,2,8,6,1,7,9,1,10,1,11,,86,,1,21,,121.572361,25.07461448
112,11,23,18,25,2,12內湖區,內湖區港墘路與堤頂大道1段口,0,0,2,2,C03,7,6,5,50,3,1,1,5,4,5,13,2,1,9,4,4,2,16,1,41,2,8,6,1,7,6,1,10,1,15,,9,,1,21,,121.572361,25.07461448
112,11,23,18,30,2,08士林區,士林區重慶北路4段131號,0,0,1,1,C03,8,5,8,0,22,22,1,5,4,5,13,4,4,1,4,5,1,9,1,37,2,9,5,1,7,6,1,10,1,12,,42,,1,21,,121.5123643,25.08241692
112,11,23,18,30,2,08士林區,士林區重慶北路4段131號,0,0,1,2,H01,8,5,8,0,22,22,1,5,4,5,13,4,4,1,4,5,1,9,2,12,3,10,4,5,8,16,8,20,10,17,,121,,1,21,,121.5123643,25.08241692
112,11,23,18,34,2,01大同區,大同區民族西路與重慶北路3段口(東北角),0,0,1,2,H01,7,5,5,50,4,18,1,5,4,5,13,2,1,8,3,5,1,3,2,45,2,9,4,5,8,16,8,20,10,16,,67,,1,21,,121.5138551,25.0687698
112,11,23,18,34,2,01大同區,大同區民族西路與重慶北路3段口(東北角),0,0,1,1,B03,7,5,5,50,4,18,1,5,4,5,13,2,1,8,3,5,1,3,2,26,3,10,7,1,7,6,1,8,2,1,,9,,1,21,,121.5138551,25.0687698
112,11,23,18,43,2,05中正區,中正區汀州路3段與汀州路3段24巷口口,0,0,2,3,C03,7,5,5,50,3,1,1,5,4,5,13,4,4,5,5,5,2,16,2,72,3,10,3,4,7,13,7,19,9,13,,44,,1,21,,121.5285855,25.0176723
112,11,23,18,43,2,05中正區,中正區汀州路3段與汀州路3段24巷口口,0,0,2,2,C03,7,5,5,50,3,1,1,5,4,5,13,4,4,5,5,5,2,16,1,44,2,8,6,4,7,9,1,10,1,11,,14,,1,21,,121.5285855,25.0176723
112,11,23,18,43,2,05中正區,中正區汀州路3段與汀州路3段24巷口口,0,0,2,1,C03,7,5,5,50,3,1,1,5,4,5,13,4,4,5,5,5,2,16,1,22,2,8,5,4,7,11,1,10,1,13,,10,,1,21,,121.5285855,25.0176723
112,11,23,19,5,2,12內湖區,內湖區民權東路6段50號旁,0,0,1,2,A02,8,5,5,0,14,8,1,5,4,5,13,4,4,1,4,4,2,12,1,52,3,10,7,1,7,9,1,2,1,6,,44,,1,21,,121.5832884,25.06843623
112,11,23,19,5,2,12內湖區,內湖區民權東路6段50號旁,0,0,1,1,F02,8,5,5,0,14,8,1,5,4,5,13,4,4,1,4,4,2,12,2,64,2,7,4,1,7,15,8,20,1,14,,101,,1,21,,121.5832884,25.06843623
112,11,23,19,28,2,04大安區,大安區基隆路4段43號對面,0,0,2,2,C03,8,5,5,50,14,9,1,5,4,5,13,4,4,9,4,4,1,12,1,38,2,9,3,4,7,9,1,10,1,14,,17,,1,22,,121.5427043,25.0128577
112,11,23,19,28,2,04大安區,大安區基隆路4段43號對面,0,0,2,1,C03,8,5,5,50,14,9,1,5,4,5,13,4,4,9,4,4,1,12,2,40,2,9,3,4,7,9,1,10,1,14,,17,,1,22,,121.5427043,25.0128577
112,11,23,19,38,2,03中山區,中山區中山北路1段39號,0,0,1,2,B03,8,5,5,50,14,8,1,5,4,5,13,4,4,10,3,4,2,13,1,41,3,10,3,1,7,14,1,8,2,7,,44,,1,21,,121.5214123,25.0490921
112,11,23,19,38,2,03中山區,中山區中山北路1段39號,0,0,1,3,B03,8,5,5,50,14,8,1,5,4,5,13,4,4,10,3,4,2,13,1,51,3,10,3,1,7,9,1,8,2,1,,44,,1,21,,121.5214123,25.0490921
112,11,23,19,38,2,03中山區,中山區中山北路1段39號,0,0,1,4,H02,8,5,5,50,14,8,1,5,4,5,13,4,4,10,3,4,2,13,2,48,2,1,4,5,7,21,8,20,10,16,,67,,1,21,,121.5214123,25.0490921
112,11,23,19,38,2,03中山區,中山區中山北路1段39號,0,0,1,5,C03,8,5,5,50,14,8,1,5,4,5,13,4,4,10,3,4,2,13,1,33,4,11,3,4,7,13,7,19,11,14,,44,,1,22,,121.5214123,25.0490921
112,11,23,19,38,2,03中山區,中山區中山北路1段39號,0,0,1,6,C03,8,5,5,50,14,8,1,5,4,5,13,4,4,10,3,4,2,13,2,27,4,11,3,4,7,13,7,19,11,12,,44,,1,22,,121.5214123,25.0490921
112,11,23,19,38,2,03中山區,中山區中山北路1段39號,0,0,1,1,B03,8,5,5,50,14,8,1,5,4,5,13,4,4,10,3,4,2,13,1,73,3,10,3,1,7,9,1,8,2,1,,107,,1,21,,121.5214123,25.0490921
112,11,23,20,12,2,08士林區,士林區仰德大道3段27號,0,0,1,1,C03,8,5,5,40,14,9,1,5,4,5,13,4,4,8,5,5,1,13,1,18,2,9,3,4,7,9,3,18,1,11,,108,,1,22,,121.5505621,25.11443126
112,11,23,20,12,2,08士林區,士林區仰德大道3段27號,0,0,1,2,B03,8,5,5,40,14,9,1,5,4,5,13,4,4,8,5,5,1,13,2,42,3,10,3,4,7,9,1,8,1,3,,44,,1,22,,121.5505621,25.11443126
112,11,23,20,16,2,04大安區,大安區新生南路1段121號,0,0,2,1,C03,8,5,5,50,14,8,1,5,4,5,13,4,4,1,4,5,2,13,2,38,2,9,5,1,7,9,1,10,1,11,,16,,1,21,,121.5333773,25.0391905
112,11,23,20,16,2,04大安區,大安區新生南路1段121號,0,0,2,2,C03,8,5,5,50,14,8,1,5,4,5,13,4,4,1,4,5,2,13,1,61,2,9,5,1,7,9,1,10,1,13,,44,,1,21,,121.5333773,25.0391905
112,11,23,20,28,2,10文山區,文山區新光路2段017燈桿,0,0,1,2,C03,8,5,5,50,14,9,1,5,4,5,13,4,4,9,5,5,1,10,1,58,3,10,6,1,7,9,1,10,1,11,,44,,1,21,,121.5965258,25.00197983
112,11,23,20,28,2,10文山區,文山區新光路2段017燈桿,0,0,1,1,B03,8,5,5,50,14,9,1,5,4,5,13,4,4,9,5,5,1,10,1,25,3,10,7,4,7,9,1,4,1,1,,5,,1,21,,121.5965258,25.00197983
112,11,23,20,28,2,10文山區,文山區新光路2段017燈桿,0,0,1,3,H02,8,5,5,50,14,9,1,5,4,5,13,4,4,9,5,5,1,10,2,52,2,8,6,5,7,20,8,20,10,16,,67,,1,21,,121.5965258,25.00197983
112,11,23,20,38,2,10文山區,文山區辛亥路4段與辛亥路4段166巷口口,0,0,1,2,B03,8,5,5,50,3,1,1,5,4,5,13,2,1,1,4,5,2,17,1,48,3,10,7,1,7,12,1,8,2,7,,44,,1,21,,121.5562429,25.0035754
112,11,23,20,38,2,10文山區,文山區辛亥路4段與辛亥路4段166巷口口,0,0,1,3,B01,8,5,5,50,3,1,1,5,4,5,13,2,1,1,4,5,2,17,1,63,3,10,7,1,7,12,1,4,2,17,,44,,1,21,,121.5562429,25.0035754
112,11,23,20,38,2,10文山區,文山區辛亥路4段與辛亥路4段166巷口口,0,0,1,1,C03,8,5,5,50,3,1,1,5,4,5,13,2,1,1,4,5,2,17,1,31,2,9,5,1,7,9,1,10,2,14,,42,,1,21,,121.5562429,25.0035754
112,11,23,21,0,2,03中山區,中山區市民大道3段169號,0,0,1,2,,8,5,5,40,14,9,1,5,4,5,13,4,4,1,4,5,2,18,3,0,,,,,,,,,,,,67,,1,,,121.5406143,25.04472437
112,11,23,21,0,2,03中山區,中山區市民大道3段169號,0,0,1,1,C03,8,5,5,40,14,9,1,5,4,5,13,4,4,1,4,5,2,18,2,34,2,9,5,1,7,9,1,10,1,14,,42,,1,21,,121.5406143,25.04472437
112,11,23,21,22,2,11南港區,南港區經貿二路與經貿二路105巷口,0,0,1,1,B03,8,5,5,50,4,2,1,5,4,5,13,1,1,9,4,1,2,16,2,54,3,10,7,1,7,6,1,8,2,5,,9,,1,21,,121.6169894,25.0580706
112,11,23,21,22,2,11南港區,南港區經貿二路與經貿二路105巷口,0,0,1,2,C03,8,5,5,50,4,2,1,5,4,5,13,1,1,9,4,1,2,16,1,18,2,9,6,1,7,9,1,8,2,11,,44,,1,21,,121.6169894,25.0580706
112,11,23,21,38,2,05中正區,中正區重慶南路2段與南海路口,0,0,1,2,C03,8,5,5,30,4,1,1,5,4,5,13,1,1,1,4,5,2,16,2,28,2,9,5,4,7,5,1,10,2,14,,44,,1,21,,121.5143949,25.0318707
112,11,23,21,38,2,05中正區,中正區重慶南路2段與南海路口,0,0,1,1,C03,8,5,5,30,4,1,1,5,4,5,13,1,1,1,4,5,2,16,1,20,4,11,3,4,7,9,7,19,11,15,,107,,2,22,,121.5143949,25.0318707
112,11,24,0,12,2,11南港區,南港區忠孝東路6段與忠孝東路6段370巷口,0,0,3,1,C03,8,5,5,50,3,2,1,5,4,5,13,4,4,1,4,4,2,12,1,19,2,9,3,4,7,8,1,10,1,12,,100,,1,21,,121.5915298,25.0497708
112,11,24,0,12,2,11南港區,南港區忠孝東路6段與忠孝東路6段370巷口,0,0,3,2,C03,8,5,5,50,3,2,1,5,4,5,13,4,4,1,4,4,2,12,1,52,2,9,3,4,7,9,1,10,1,12,,17,,1,21,,121.5915298,25.0497708
112,11,24,0,12,2,11南港區,南港區忠孝東路6段與忠孝東路6段370巷口,0,0,3,3,H02,8,5,5,50,3,2,1,5,4,5,13,4,4,1,4,4,2,12,2,21,2,9,3,5,7,20,8,20,10,16,,67,,1,21,,121.5915298,25.0497708
112,11,24,1,36,2,10文山區,文山區萬美街2段與興德路口,0,0,3,2,C03,8,5,5,30,22,9,1,5,4,5,13,4,4,10,5,5,2,10,1,21,2,9,6,1,7,9,1,10,2,11,,17,,1,21,,121.5588058,25.005344
112,11,24,1,36,2,10文山區,文山區萬美街2段與興德路口,0,0,3,3,H02,8,5,5,30,22,9,1,5,4,5,13,4,4,10,5,5,2,10,2,21,2,9,6,5,7,20,8,20,10,16,,67,,1,21,,121.5588058,25.005344
112,11,24,1,36,2,10文山區,文山區萬美街2段與興德路口,0,0,3,1,C03,8,5,5,30,22,9,1,5,4,5,13,4,4,10,5,5,2,10,2,44,2,9,6,1,7,9,6,10,2,11,,17,,1,21,,121.5588058,25.005344
112,11,24,5,50,2,09北投區,北投區承德路7段與石牌路1段口,0,0,1,1,C03,8,5,5,50,4,2,1,5,4,4,13,4,4,1,3,4,2,24,2,66,2,9,6,1,7,9,1,10,9,12,,107,,1,22,,121.509625,25.11235891
112,11,24,5,50,2,09北投區,北投區承德路7段與石牌路1段口,0,0,1,2,,8,5,5,50,4,2,1,5,4,4,13,4,4,1,3,4,2,24,3,0,,,,,,,,,,,,128,,1,,,121.509625,25.11235891
112,11,24,7,13,2,03中山區,中山區民族東路與雙城街口,0,0,1,1,C03,8,5,5,50,3,2,1,5,4,5,13,2,1,3,4,5,2,17,1,59,2,9,3,4,7,11,1,10,1,14,,10,,1,21,,121.5245575,25.0684257
112,11,24,7,13,2,03中山區,中山區民族東路與雙城街口,0,0,1,2,B03,8,5,5,50,3,2,1,5,4,5,13,2,1,3,4,5,2,17,2,50,3,10,3,4,7,9,1,8,1,1,,44,,1,21,,121.5245575,25.0684257
112,11,24,7,27,2,07信義區,信義區虎林街與虎林街56巷口,0,0,2,3,H02,7,7,5,30,4,2,1,5,4,5,13,4,4,5,5,5,2,17,2,10,2,8,7,5,7,20,8,20,10,16,,67,,1,21,,121.5770141,25.0464864
112,11,24,7,27,2,07信義區,信義區虎林街與虎林街56巷口,0,0,2,1,C03,7,7,5,30,4,2,1,5,4,5,13,4,4,5,5,5,2,17,2,47,2,8,5,1,7,9,1,10,1,12,,72,,1,21,,121.5770141,25.0464864
112,11,24,7,27,2,07信義區,信義區虎林街與虎林街56巷口,0,0,2,2,B03,7,7,5,30,4,2,1,5,4,5,13,4,4,5,5,5,2,17,1,43,3,10,7,1,7,9,1,8,1,5,,108,,1,21,,121.5770141,25.0464864
112,11,24,7,31,2,04大安區,大安區仁愛路4段與大安路1段口,0,0,1,1,B03,6,6,8,50,4,1,1,4,4,5,13,2,1,9,4,1,1,12,2,48,3,10,3,4,7,1,1,8,1,6,,19,,1,22,,121.5461771,25.0380771
112,11,24,7,31,2,04大安區,大安區仁愛路4段與大安路1段口,0,0,1,2,C03,6,6,8,50,4,1,1,4,4,5,13,2,1,9,4,1,1,12,1,65,2,9,3,4,7,9,1,10,1,11,,44,,1,22,,121.5461771,25.0380771
112,11,24,7,31,2,05中正區,中正區信義路2段31號,0,0,1,1,C03,6,5,5,50,14,9,1,4,4,5,13,4,4,9,4,5,2,18,1,41,2,9,5,1,7,9,1,10,2,12,,42,,1,21,,121.5257528,25.03486552
112,11,24,7,31,2,05中正區,中正區信義路2段31號,0,0,1,2,,6,5,5,50,14,9,1,4,4,5,13,4,4,9,4,5,2,18,3,0,,,,,,,,,,,,67,,1,,,121.5257528,25.03486552
112,11,24,7,47,2,06松山區,松山區饒河街125號,0,0,1,2,B03,7,5,5,30,14,9,1,4,4,5,13,4,4,9,5,5,2,17,1,32,3,10,7,1,7,9,1,8,1,17,,44,,1,26,,121.5741401,25.0504242
112,11,24,7,47,2,06松山區,松山區饒河街125號,0,0,1,1,C03,7,5,5,30,14,9,1,4,4,5,13,4,4,9,5,5,2,17,1,26,2,9,5,1,7,9,1,10,1,12,,42,,1,26,,121.5741401,25.0504242
112,11,24,7,49,2,02萬華區,萬華區中華路1段與開封街2段口,0,0,4,3,C03,7,6,5,50,4,1,1,5,4,5,13,2,1,1,4,1,2,13,1,44,2,9,6,1,7,9,1,10,1,15,,44,,1,22,,121.5089669,25.0456929
112,11,24,7,49,2,02萬華區,萬華區中華路1段與開封街2段口,0,0,4,1,C03,7,6,5,50,4,1,1,5,4,5,13,2,1,1,4,1,2,13,1,30,2,9,6,1,7,9,1,10,1,11,,16,,1,22,,121.5089669,25.0456929
112,11,24,7,49,2,02萬華區,萬華區中華路1段與開封街2段口,0,0,4,4,H02,7,6,5,50,4,1,1,5,4,5,13,2,1,1,4,1,2,13,2,37,2,9,6,5,7,20,8,20,10,16,,67,,1,22,,121.5089669,25.0456929
112,11,24,7,49,2,02萬華區,萬華區中華路1段與開封街2段口,0,0,4,2,C03,7,6,5,50,4,1,1,5,4,5,13,2,1,1,4,1,2,13,1,40,2,9,6,1,7,9,1,10,1,13,,44,,1,22,,121.5089669,25.0456929
112,11,24,7,49,2,04大安區,大安區杭州南路2段與潮州街口,0,0,1,1,C03,7,6,5,50,4,2,1,4,4,5,13,1,1,5,4,5,2,16,4,0,4,11,3,4,7,21,7,19,9,15,,119,,2,22,,121.5220818,25.0296985
112,11,24,7,49,2,04大安區,大安區杭州南路2段與潮州街口,0,0,1,2,C03,7,6,5,50,4,2,1,4,4,5,13,1,1,5,4,5,2,16,1,66,2,9,5,1,7,5,1,10,1,11,,44,,1,21,,121.5220818,25.0296985
112,11,24,8,0,2,12內湖區,內湖區麥帥一橋機車道,0,0,1,1,C03,8,7,5,40,8,11,1,5,4,5,13,4,4,1,4,5,2,18,2,29,2,9,5,1,7,9,1,10,1,17,,42,,1,21,,121.5740936,25.05337815
112,11,24,8,0,2,12內湖區,內湖區麥帥一橋機車道,0,0,1,2,C03,8,7,5,40,8,11,1,5,4,5,13,4,4,1,4,5,2,18,4,0,,,,,,,,,11,,,119,,2,,,121.5740936,25.05337815
112,11,24,8,15,2,04大安區,大安區忠孝東路4段與忠孝東路4段77巷口,0,0,1,1,,6,6,5,50,14,9,1,4,4,5,13,2,1,3,4,4,2,17,1,47,3,10,7,1,7,7,1,8,1,17,,100,,1,21,,121.5476596,25.0416504
112,11,24,8,15,2,04大安區,大安區忠孝東路4段與忠孝東路4段77巷口,0,0,1,2,C03,6,6,5,50,14,9,1,4,4,5,13,2,1,3,4,4,2,17,2,36,2,9,5,1,7,9,1,10,1,17,,108,,1,21,,121.5476596,25.0416504
112,11,24,8,15,2,04大安區,大安區忠孝東路4段與忠孝東路4段77巷口,0,0,1,3,B12,6,6,5,50,14,9,1,4,4,5,13,2,1,3,4,4,2,17,1,50,3,10,7,1,7,9,1,8,1,17,,44,,1,21,,121.5476596,25.0416504
112,11,24,8,31,2,12內湖區,內湖區舊宗路2段189號,0,0,1,1,C03,7,6,5,50,22,8,1,5,4,5,13,4,4,3,4,5,1,17,1,27,3,10,5,1,7,6,1,10,1,13,,80,,1,22,,121.5744798,25.0718101
112,11,24,8,31,2,12內湖區,內湖區舊宗路2段189號,0,0,1,2,C03,7,6,5,50,22,8,1,5,4,5,13,4,4,3,4,5,1,17,2,40,2,9,5,1,7,9,1,10,1,11,,44,,1,22,,121.5744798,25.0718101
112,11,24,9,0,2,10文山區,文山區老泉街45巷與老泉街口政大自強宿舍私人土地口,0,0,1,1,B03,7,5,5,50,5,2,1,5,4,5,13,4,4,5,5,5,2,15,1,57,3,10,7,1,7,9,1,8,2,1,,44,,1,22,,121.5678756,24.9796447
112,11,24,9,0,2,10文山區,文山區老泉街45巷與老泉街口政大自強宿舍私人土地口,0,0,1,2,C03,7,5,5,50,5,2,1,5,4,5,13,4,4,5,5,5,2,15,1,23,2,8,6,1,7,1,1,10,2,14,,19,,1,25,,121.5678756,24.9796447
112,11,24,9,2,2,04大安區,大安區新生南路2段與信義路2段口,0,0,1,1,B03,6,6,5,50,4,1,1,4,4,5,13,2,1,9,4,4,2,12,1,35,3,10,3,4,7,9,1,8,1,2,,44,,1,22,,121.532585,25.0333351
112,11,24,9,2,2,04大安區,大安區新生南路2段與信義路2段口,0,0,1,2,C03,6,6,5,50,4,1,1,4,4,5,13,2,1,9,4,4,2,12,1,65,2,9,3,4,7,9,6,18,1,11,,44,,1,22,,121.532585,25.0333351
112,11,24,9,21,2,05中正區,中正區臨沂街與臨沂街6巷口,0,0,2,1,C03,7,6,5,30,4,1,1,5,4,5,13,4,4,10,5,5,2,15,1,26,2,8,5,1,7,9,1,10,1,14,,72,,1,22,,121.5305795,25.04239674
112,11,24,9,21,2,05中正區,中正區臨沂街與臨沂街6巷口,0,0,2,2,C03,7,6,5,30,4,1,1,5,4,5,13,4,4,10,5,5,2,15,2,51,2,8,6,1,7,9,1,11,1,11,,44,,1,22,,121.5305795,25.04239674
112,11,24,9,25,2,08士林區,士林區福林路100巷11弄,0,0,1,2,C03,8,5,5,50,14,9,1,5,4,5,13,4,4,5,5,5,2,17,1,22,2,9,5,1,7,9,1,10,1,12,,107,,1,21,,121.5318136,25.095462
112,11,24,9,25,2,08士林區,士林區福林路100巷11弄,0,0,1,1,B03,8,5,5,50,14,9,1,5,4,5,13,4,4,5,5,5,2,17,2,38,3,10,7,1,7,5,1,8,1,4,,8,,1,21,,121.5318136,25.095462
112,11,24,9,30,2,05中正區,中正區銅山街與銅山街11巷口,0,0,1,1,B12,7,6,5,30,4,1,1,5,4,5,13,4,4,10,5,5,2,14,1,69,3,10,2,1,7,2,1,7,2,7,,12,,1,21,,121.5267183,25.0399949
112,11,24,9,30,2,05中正區,中正區銅山街與銅山街11巷口,0,0,1,2,C03,7,6,5,30,4,1,1,5,4,5,13,4,4,10,5,5,2,14,2,35,2,9,2,1,7,9,1,10,2,12,,44,,1,21,,121.5267183,25.0399949
112,11,24,9,35,2,06松山區,松山區南京東路3段與南京東路3段338巷口口,0,0,1,2,C03,6,5,5,50,3,1,1,4,4,5,13,3,1,1,3,4,1,13,1,36,3,10,5,1,7,8,1,10,1,13,,100,,1,26,,121.5475487,25.051578
112,11,24,9,35,2,06松山區,松山區南京東路3段與南京東路3段338巷口口,0,0,1,1,C03,6,5,5,50,3,1,1,4,4,5,13,3,1,1,3,4,1,13,1,22,2,9,5,1,7,9,1,10,1,14,,14,,1,26,,121.5475487,25.051578
112,11,24,9,40,2,03中山區,中山區民權東路1段與林森北路口,0,0,1,1,C03,7,7,5,50,4,1,1,5,4,5,13,1,1,1,4,5,2,17,1,45,2,9,5,1,7,6,1,10,1,12,,9,,1,22,,121.5255191,25.0625806
112,11,24,9,40,2,03中山區,中山區民權東路1段與林森北路口,0,0,1,2,C03,7,7,5,50,4,1,1,5,4,5,13,1,1,1,4,5,2,17,1,69,3,10,5,1,7,9,1,10,1,14,,107,,1,22,,121.5255191,25.0625806
112,11,24,10,17,2,09北投區,北投區承德路6段與文林北路5巷口,0,0,1,1,B03,8,6,5,60,4,1,1,5,4,5,13,2,1,3,4,4,2,16,1,45,3,10,7,1,7,6,1,8,1,6,,9,,1,21,,121.5129735,25.09890292
112,11,24,10,17,2,09北投區,北投區承德路6段與文林北路5巷口,0,0,1,2,C03,8,6,5,60,4,1,1,5,4,5,13,2,1,3,4,4,2,16,1,24,2,9,5,1,7,9,1,10,1,11,,44,,1,21,,121.5129735,25.09890292
112,11,24,12,10,2,12內湖區,內湖區民權東路6段13號,0,0,1,1,C03,7,6,5,50,14,9,1,5,4,5,13,4,4,3,4,5,2,13,1,51,3,10,6,1,7,14,1,10,1,13,,130,,1,21,,121.5783428,25.06675412
112,11,24,12,10,2,12內湖區,內湖區民權東路6段13號,0,0,1,2,C03,7,6,5,50,14,9,1,5,4,5,13,4,4,3,4,5,2,13,2,42,2,8,5,1,7,9,1,10,1,11,,107,,1,21,,121.5783428,25.06675412
112,11,24,13,12,2,09北投區,北投區石牌路2段與立農街2段口,0,0,1,1,B03,7,6,5,50,4,1,1,5,4,5,13,1,1,5,4,5,2,12,1,85,3,10,7,1,7,8,1,8,1,2,,101,,1,21,,121.5188446,25.1188363
112,11,24,13,12,2,09北投區,北投區石牌路2段與立農街2段口,0,0,1,2,A02,7,6,5,50,4,1,1,5,4,5,13,1,1,5,4,5,2,12,2,36,3,10,7,1,7,9,1,2,1,8,,101,,1,21,,121.5188446,25.1188363
112,11,24,13,12,2,09北投區,北投區石牌路2段與立農街2段口,0,0,1,3,H02,7,6,5,50,4,1,1,5,4,5,13,1,1,5,4,5,2,12,2,79,2,9,4,5,7,17,8,20,10,16,,67,,1,21,,121.5188446,25.1188363
112,11,24,13,25,2,04大安區,大安區基隆路2段265號,0,0,1,2,C03,8,6,5,50,14,9,1,5,4,5,13,1,1,3,4,4,2,17,2,52,2,9,5,4,7,9,1,10,1,12,,44,,1,21,,121.5502466,25.0222379
112,11,24,13,25,2,04大安區,大安區基隆路2段265號,0,0,1,1,A41,8,6,5,50,14,9,1,5,4,5,13,1,1,3,4,4,2,17,1,54,3,10,7,4,1,9,1,1,1,17,,37,,2,21,,121.5502466,25.0222379
112,11,24,14,12,2,09北投區,北投區明德路18巷1弄與明德路18巷口口,0,0,1,2,C03,7,5,5,30,3,1,1,5,4,5,13,4,4,10,5,5,2,14,1,33,2,9,5,1,7,9,1,10,1,12,,13,,1,21,,121.5177447,25.10678427
112,11,24,14,12,2,09北投區,北投區明德路18巷1弄與明德路18巷口口,0,0,1,1,B12,7,5,5,30,3,1,1,5,4,5,13,4,4,10,5,5,2,14,1,64,3,10,7,1,7,2,1,8,11,6,,12,,2,21,,121.5177447,25.10678427
112,11,24,14,13,2,04大安區,大安區建國南路2段79巷21號,0,0,1,3,H02,9,5,5,30,14,9,1,5,4,5,13,4,4,8,3,5,2,17,1,55,3,10,2,5,7,19,8,20,10,17,,126,,1,21,,121.5388135,25.0309596
112,11,24,14,13,2,04大安區,大安區建國南路2段79巷21號,0,0,1,1,B03,9,5,5,30,14,9,1,5,4,5,13,4,4,8,3,5,2,17,1,21,3,10,7,1,7,14,1,8,1,4,,38,,1,21,,121.5388135,25.0309596
112,11,24,14,13,2,04大安區,大安區建國南路2段79巷21號,0,0,1,2,C03,9,5,5,30,14,9,1,5,4,5,13,4,4,8,3,5,2,17,2,20,2,9,5,1,7,9,3,18,1,11,,44,,1,21,,121.5388135,25.0309596
112,11,24,14,16,2,10文山區,文山區辛亥路4段與辛亥路4段166巷口,0,0,1,1,C03,8,6,5,50,3,2,1,5,4,5,13,1,1,1,4,5,2,13,1,40,2,9,5,1,7,8,1,10,1,11,,108,,1,21,,121.5563702,25.0037457
112,11,24,14,16,2,10文山區,文山區辛亥路4段與辛亥路4段166巷口,0,0,1,2,B03,8,6,5,50,3,2,1,5,4,5,13,1,1,1,4,5,2,13,2,43,3,10,7,1,7,14,1,8,1,6,,44,,1,21,,121.5563702,25.0037457
112,11,24,14,40,2,11南港區,南港區南港路1段與興中路口,0,0,1,1,B03,7,7,5,50,4,2,1,5,4,5,13,2,1,9,4,4,2,16,1,56,3,10,3,4,7,5,1,8,1,6,,74,,1,21,,121.6075328,25.05448
112,11,24,14,40,2,11南港區,南港區南港路1段與興中路口,0,0,1,2,C03,7,7,5,50,4,2,1,5,4,5,13,2,1,9,4,4,2,16,2,27,2,9,3,4,7,9,1,10,1,11,,44,,1,21,,121.6075328,25.05448
112,11,24,15,0,2,06松山區,松山區敦化北路與敦化北路4巷口,0,0,1,1,B03,7,6,5,50,5,19,1,4,4,5,13,2,1,1,5,1,2,3,1,69,3,10,3,4,7,9,1,8,2,1,,70,,1,22,,121.5489242,25.0500975
112,11,24,15,0,2,06松山區,松山區敦化北路與敦化北路4巷口,0,0,1,2,H01,7,6,5,50,5,19,1,4,4,5,13,2,1,1,5,1,2,3,1,11,2,9,4,5,8,18,8,20,10,16,,121,,1,14,,121.5489242,25.0500975
112,11,24,15,13,2,09北投區,北投區承德路7段393巷與立賢路口,0,0,1,1,B03,7,6,5,50,4,1,1,5,4,5,13,1,1,5,5,4,2,16,1,59,3,10,7,1,7,15,1,7,1,5,,71,,1,21,,121.4988015,25.1120368
112,11,24,15,13,2,09北投區,北投區承德路7段393巷與立賢路口,0,0,1,2,C03,7,6,5,50,4,1,1,5,4,5,13,1,1,5,5,4,2,16,1,18,2,9,5,1,7,9,1,10,1,14,,44,,1,21,,121.4988015,25.1120368
112,11,24,15,15,2,10文山區,文山區羅斯福路5段與萬盛街口,0,0,1,2,A02,8,6,5,50,4,1,1,5,4,5,13,2,1,1,4,1,1,15,1,48,3,10,7,1,7,9,1,2,2,5,,44,,1,21,,121.5381581,25.0081088
112,11,24,15,15,2,10文山區,文山區羅斯福路5段與萬盛街口,0,0,1,1,F01,8,6,5,50,4,1,1,5,4,5,13,2,1,1,4,1,1,15,1,57,2,9,4,1,7,11,8,20,2,14,,96,,1,21,,121.5381581,25.0081088