發生年度,發生月,發生日,發生時-Hours,發生分,處理別-編號,區序,肇事地點,死亡人數,2-30日死亡人數,受傷人數,當事人序號,車種,天候,光線,道路類別,速限-速度限制,道路型態,事故位置,路面狀況1,路面狀況2,路面狀況3,道路障礙1,道路障礙2,號誌1,號誌2,車道劃分-分向,車道劃分-分道1,車道劃分-分道2,車道劃分-分道3,事故類型及型態,性別,年齡,受傷程度,主要傷處,保護裝置,行動電話,車輛用途,當事者行動狀態,駕駛資格情形,駕駛執照種類,飲酒情形,車輛撞擊部位1,車輛撞擊部位2,肇因碼-個別,肇因碼-主要,個人肇逃否,職業,旅次目的,座標-X,座標-Y
112,11,26,18,50,2,03中山區,中山區農安街77巷(往北)稻江護家旁機車停車格,0,0,1,3,C03,8,5,5,30,14,9,1,5,4,5,13,4,4,10,5,5,2,17,1,63,3,10,3,4,7,13,1,10,11,13,,44,,1,21,,121.5293352,25.0655949
112,11,26,18,50,2,03中山區,中山區農安街77巷(往北)稻江護家旁機車停車格,0,0,1,1,C03,8,5,5,30,14,9,1,5,4,5,13,4,4,10,5,5,2,17,1,75,2,8,3,4,7,9,1,10,1,12,,108,,1,21,,121.5293352,25.0655949
112,11,26,19,0,2,05中正區,中正區羅斯福路1段與愛國東路口,0,0,2,1,C03,8,5,5,40,4,1,1,5,4,5,13,1,1,3,4,4,2,17,1,20,2,9,5,1,7,6,1,10,2,12,,17,,1,21,,121.5171587,25.0344781
112,11,26,19,0,2,05中正區,中正區羅斯福路1段與愛國東路口,0,0,2,2,C03,8,5,5,40,4,1,1,5,4,5,13,1,1,3,4,4,2,17,1,18,2,9,5,1,7,6,1,10,2,14,,17,,1,21,,121.5171587,25.0344781
112,11,26,19,20,2,09北投區,北投區承德路7段400號,0,0,2,1,B03,8,5,5,50,14,9,1,5,4,5,13,4,4,7,4,5,2,13,1,59,2,2,7,1,7,7,1,8,1,3,,100,,1,21,,121.5004172,25.12055028
112,11,26,19,20,2,09北投區,北投區承德路7段400號,0,0,2,2,B03,8,5,5,50,14,9,1,5,4,5,13,4,4,7,4,5,2,13,1,33,3,10,7,1,7,9,1,8,1,1,,13,,1,21,,121.5004172,25.12055028
112,11,26,19,20,2,09北投區,北投區承德路7段400號,0,0,2,3,H02,8,5,5,50,14,9,1,5,4,5,13,4,4,7,4,5,2,13,2,33,2,4,7,5,7,21,8,20,10,16,,67,,1,21,,121.5004172,25.12055028
112,11,26,19,40,2,10文山區,文山區羅斯福路5段108號,0,0,1,1,C03,8,5,5,50,14,9,1,5,4,5,13,4,4,1,4,5,2,12,1,22,2,9,6,1,7,8,1,9,1,12,,108,,1,21,,121.5384262,25.0075123
112,11,26,19,40,2,10文山區,文山區羅斯福路5段108號,0,0,1,2,B03,8,5,5,50,14,9,1,5,4,5,13,4,4,1,4,5,2,12,1,21,3,10,7,1,7,8,1,8,1,4,,100,,1,21,,121.5384262,25.0075123
112,11,26,20,13,2,01大同區,大同區延平北路2段與涼州街口,0,0,1,1,B01,7,5,5,50,4,1,1,5,4,5,13,1,1,5,2,5,2,17,1,30,3,10,7,1,7,7,1,8,1,17,,101,,1,21,,121.5112854,25.0606448
112,11,26,20,13,2,01大同區,大同區延平北路2段與涼州街口,0,0,1,2,C03,7,5,5,50,4,1,1,5,4,5,13,1,1,5,2,5,2,17,1,46,2,9,5,1,7,9,1,9,1,14,,44,,1,21,,121.5112854,25.0606448
112,11,26,22,25,2,07信義區,信義區松信路與基隆路1段35巷7弄口口,0,0,1,1,C03,7,5,5,40,3,1,1,5,4,5,13,1,1,5,4,4,2,17,1,27,3,10,6,1,7,5,1,10,1,14,,98,,1,22,,121.5722402,25.047861
112,11,26,22,25,2,07信義區,信義區松信路與基隆路1段35巷7弄口口,0,0,1,2,B03,7,5,5,40,3,1,1,5,4,5,13,1,1,5,4,4,2,17,1,23,3,10,7,1,7,9,1,4,1,5,,107,,1,22,,121.5722402,25.047861
112,11,26,22,25,2,07信義區,信義區松信路與基隆路1段35巷7弄口口,0,0,1,3,H02,7,5,5,40,3,1,1,5,4,5,13,1,1,5,4,4,2,17,2,27,2,9,5,5,7,19,8,20,10,16,,67,,1,22,,121.5722402,25.047861
112,11,26,23,6,2,03中山區,中山區松江路與民權東路2段口,0,0,1,3,B01,7,5,5,50,14,9,1,4,4,5,13,1,1,1,4,5,2,12,1,55,3,10,3,4,7,9,1,4,11,17,,42,,1,21,,121.5331267,25.06265165
112,11,26,23,6,2,03中山區,中山區松江路與民權東路2段口,0,0,1,2,B03,7,5,5,50,14,9,1,4,4,5,13,1,1,1,4,5,2,12,1,53,3,10,3,4,7,9,1,8,1,5,,44,,1,21,,121.5331267,25.06265165
112,11,26,23,6,2,03中山區,中山區松江路與民權東路2段口,0,0,1,1,C03,7,5,5,50,14,9,1,4,4,5,13,1,1,1,4,5,2,12,1,20,2,8,3,4,7,7,1,10,1,14,,100,,1,21,,121.5331267,25.06265165
112,11,27,0,30,2,01大同區,大同區鄭州路與西寧北路口,0,0,1,1,B01,7,5,5,40,4,1,1,5,4,5,13,1,1,1,4,5,2,17,1,60,3,10,7,1,7,9,1,8,11,5,,42,,1,21,,121.5082103,25.0505847
112,11,27,0,30,2,01大同區,大同區鄭州路與西寧北路口,0,0,1,2,C03,7,5,5,40,4,1,1,5,4,5,13,1,1,1,4,5,2,17,2,33,2,8,5,1,7,5,1,10,11,13,,8,,1,21,,121.5082103,25.0505847
112,11,27,1,16,2,03中山區,中山區自強隧道(外)往南近迴轉道,0,0,1,2,,8,5,5,50,11,6,1,5,5,1,13,4,4,1,4,5,2,18,3,0,,,,,,,,,,,,128,,1,,,121.5483011,25.08715026
112,11,27,1,16,2,03中山區,中山區自強隧道(外)往南近迴轉道,0,0,1,1,C03,8,5,5,50,11,6,1,5,5,1,13,4,4,1,4,5,2,18,1,27,2,7,3,4,7,6,1,10,1,17,,44,,1,21,,121.5483011,25.08715026
112,11,27,2,29,2,02萬華區,萬華區長順街與艋舺大道口,0,0,1,1,C03,8,5,5,30,3,2,1,5,4,5,13,4,4,5,4,5,2,13,1,23,2,8,5,4,7,5,1,10,1,11,,108,,1,21,,121.492504,25.02998014
112,11,27,2,29,2,02萬華區,萬華區長順街與艋舺大道口,0,0,1,2,B03,8,5,5,30,3,2,1,5,4,5,13,4,4,5,4,5,2,13,1,42,3,10,7,4,7,14,1,8,1,7,,38,,1,21,,121.492504,25.02998014
112,11,27,4,17,2,02萬華區,萬華區和平西路3段與西園路1段口,0,0,2,1,H01,8,5,5,50,4,18,1,5,4,5,13,2,1,3,4,5,2,9,2,60,2,9,4,5,8,16,8,20,1,16,,121,,1,21,,121.4993772,25.03541246
112,11,27,4,17,2,02萬華區,萬華區和平西路3段與西園路1段口,0,0,2,2,C03,8,5,5,50,4,18,1,5,4,5,13,2,1,3,4,5,2,9,1,72,2,9,5,1,7,9,1,10,1,11,,44,,1,21,,121.4993772,25.03541246
112,11,27,4,35,2,05中正區,中正區中華路2段與愛國西路口,0,0,1,1,B03,8,5,5,50,4,2,1,5,4,5,13,1,1,1,4,5,2,17,1,51,3,10,7,1,7,6,1,7,2,2,,9,,1,22,,121.5068943,25.0369319
112,11,27,4,35,2,05中正區,中正區中華路2段與愛國西路口,0,0,1,2,C03,8,5,5,50,4,2,1,5,4,5,13,1,1,1,4,5,2,17,1,24,2,9,5,1,7,9,1,10,2,14,,99,,1,22,,121.5068943,25.0369319
112,11,27,5,51,2,10文山區,文山區木新路3段(東往西0706635燈桿旁）,0,0,1,2,,8,5,5,50,14,9,1,5,4,5,13,4,4,1,3,5,2,37,3,0,,,,,,,,,,,,67,,1,,,121.5544815,24.9801264
112,11,27,5,51,2,10文山區,文山區木新路3段(東往西0706635燈桿旁）,0,0,1,1,C03,8,5,5,50,14,9,1,5,4,5,13,4,4,1,3,5,2,37,1,66,2,9,5,1,7,9,1,10,1,14,,42,,1,21,,121.5544815,24.9801264
112,11,27,7,9,2,08士林區,士林區中正路與延平北路5段口,0,0,1,2,C03,8,6,5,50,14,9,1,5,4,5,13,1,1,9,4,5,2,17,1,48,3,10,5,1,7,9,1,10,9,13,,44,,1,21,,121.5092067,25.0865706
112,11,27,7,9,2,08士林區,士林區中正路與延平北路5段口,0,0,1,3,A02,8,6,5,50,14,9,1,5,4,5,13,1,1,9,4,5,2,17,1,58,3,10,7,1,7,9,1,2,9,1,,44,,1,21,,121.5092067,25.0865706
112,11,27,7,9,2,08士林區,士林區中正路與延平北路5段口,0,0,1,4,H02,8,6,5,50,14,9,1,5,4,5,13,1,1,9,4,5,2,17,2,15,2,1,4,5,7,20,8,20,10,16,,67,,1,21,,121.5092067,25.0865706
112,11,27,7,9,2,08士林區,士林區中正路與延平北路5段口,0,0,1,1,C03,8,6,5,50,14,9,1,5,4,5,13,1,1,9,4,5,2,17,1,47,3,10,5,1,7,9,1,10,9,11,,16,,1,21,,121.5092067,25.0865706
112,11,27,7,17,2,10文山區,文山區木柵路4段與木柵路4段33巷口,0,0,2,1,C03,8,7,5,50,3,1,1,5,4,5,13,2,1,10,5,5,2,16,1,38,2,9,5,1,7,6,1,10,1,12,,74,,1,21,,121.5715375,24.994082
112,11,27,7,17,2,10文山區,文山區木柵路4段與木柵路4段33巷口,0,0,2,2,C03,8,7,5,50,3,1,1,5,4,5,13,2,1,10,5,5,2,16,1,25,2,7,5,1,7,9,1,10,1,11,,42,,1,21,,121.5715375,24.994082
112,11,27,7,55,2,12內湖區,內湖區麥帥一橋,0,0,1,1,C03,8,6,5,40,14,11,1,5,4,5,13,4,4,10,4,5,2,12,2,34,2,8,6,1,7,9,1,10,1,15,,44,,1,22,,121.576747,25.0542334
112,11,27,7,55,2,12內湖區,內湖區麥帥一橋,0,0,1,2,C03,8,6,5,40,14,11,1,5,4,5,13,4,4,10,4,5,2,12,1,46,3,10,6,1,7,10,1,10,1,15,,101,,1,22,,121.576747,25.0542334
112,11,27,8,3,2,04大安區,大安區和平東路3段228巷20號與和平東路3段228巷口,0,0,2,2,C03,7,7,5,50,3,1,1,5,4,5,13,4,4,8,5,5,2,13,1,41,2,8,6,1,7,14,1,10,1,13,,44,,1,21,,121.5542612,25.0219145
112,11,27,8,3,2,04大安區,大安區和平東路3段228巷20號與和平東路3段228巷口,0,0,2,1,C03,7,7,5,50,3,1,1,5,4,5,13,4,4,8,5,5,2,13,1,20,2,8,6,1,7,9,1,10,1,11,,16,,1,21,,121.5542612,25.0219145
112,11,27,8,5,2,04大安區,大安區復興南路2段125巷與無名巷口,0,0,1,1,F02,8,6,5,30,3,2,1,5,4,5,13,4,4,10,5,5,1,9,4,0,,,,,,,,,11,,,119,,2,,,121.5438264,25.029134
112,11,27,8,5,2,04大安區,大安區復興南路2段125巷與無名巷口,0,0,1,2,H01,8,6,5,30,3,2,1,5,4,5,13,4,4,10,5,5,1,9,2,25,2,9,4,5,8,16,8,20,10,16,,67,,1,21,,121.5438264,25.029134
112,11,27,8,7,2,02萬華區,萬華區萬大路423巷與萬大路423巷45弄口,0,0,2,1,B01,8,7,5,50,3,1,1,5,4,5,13,4,4,9,5,5,2,17,1,64,3,10,7,1,7,11,1,4,2,8,,10,,1,21,,121.5004948,25.0212673
112,11,27,8,7,2,02萬華區,萬華區萬大路423巷與萬大路423巷45弄口,0,0,2,2,C03,8,7,5,50,3,1,1,5,4,5,13,4,4,9,5,5,2,17,1,52,2,9,5,1,7,9,1,10,2,11,,44,,1,21,,121.5004948,25.0212673
112,11,27,8,7,2,02萬華區,萬華區萬大路423巷與萬大路423巷45弄口,0,0,2,3,H02,8,7,5,50,3,1,1,5,4,5,13,4,4,9,5,5,2,17,2,43,2,9,5,5,7,17,8,20,10,16,,67,,1,21,,121.5004948,25.0212673
112,11,27,8,11,2,10文山區,文山區辛亥路6段108號旁,0,0,1,2,C03,7,6,5,50,14,9,1,5,4,5,13,4,4,1,4,5,2,17,1,25,2,9,6,1,7,9,1,10,2,12,,44,,1,21,,121.5522862,24.9880506
112,11,27,8,11,2,10文山區,文山區辛亥路6段108號旁,0,0,1,1,B03,7,6,5,50,14,9,1,5,4,5,13,4,4,1,4,5,2,17,2,59,3,10,3,4,7,7,1,8,11,17,,100,,1,21,,121.5522862,24.9880506
112,11,27,8,15,2,03中山區,中山區長春路與復興北路口,0,0,2,1,C03,8,7,5,50,4,2,1,5,4,5,13,2,1,5,4,5,2,13,1,57,2,9,6,1,7,9,1,10,1,11,,42,,1,21,,121.5439678,25.0545501
112,11,27,8,15,2,03中山區,中山區長春路與復興北路口,0,0,2,2,C03,8,7,5,50,4,2,1,5,4,5,13,2,1,5,4,5,2,13,2,41,2,9,6,1,7,14,1,10,1,13,,44,,1,21,,121.5439678,25.0545501
112,11,27,8,17,2,06松山區,松山區南京東路3段300號,0,0,2,1,C03,7,5,5,50,14,7,1,5,4,5,13,2,1,1,3,4,2,13,2,28,2,9,6,1,7,9,1,10,1,11,,107,,1,22,,121.5467745,25.05166022
112,11,27,8,17,2,06松山區,松山區南京東路3段300號,0,0,2,2,C03,7,5,5,50,14,7,1,5,4,5,13,2,1,1,3,4,2,13,1,68,2,9,6,1,7,9,1,10,1,13,,44,,1,22,,121.5467745,25.05166022
112,11,27,8,23,2,06松山區,松山區塔悠路98號,0,0,2,3,B03,7,5,5,40,14,7,1,5,4,5,13,1,1,8,3,4,1,13,1,67,2,1,7,1,7,7,1,8,1,4,,44,,1,21,,121.5696789,25.0548506
112,11,27,8,23,2,06松山區,松山區塔悠路98號,0,0,2,2,B03,7,5,5,40,14,7,1,5,4,5,13,1,1,8,3,4,1,13,1,42,3,10,7,1,7,9,1,8,1,5,,16,,1,26,,121.5696789,25.0548506
112,11,27,8,23,2,06松山區,松山區塔悠路98號,0,0,2,1,C03,7,5,5,40,14,7,1,5,4,5,13,1,1,8,3,4,1,13,2,61,2,5,5,1,7,7,3,18,1,13,,100,,1,26,,121.5696789,25.0548506
112,11,27,8,25,2,06松山區,松山區塔悠路與無名巷口,0,0,1,1,C03,7,6,5,50,3,2,1,5,4,5,13,3,1,1,4,5,2,13,2,65,3,10,6,1,7,9,1,10,1,11,,16,,1,22,,121.5695759,25.05638193
112,11,27,8,25,2,06松山區,松山區塔悠路與無名巷口,0,0,1,2,C03,7,6,5,50,3,2,1,5,4,5,13,3,1,1,4,5,2,13,2,40,2,7,6,1,7,9,1,10,1,13,,44,,1,22,,121.5695759,25.05638193
112,11,27,8,52,2,03中山區,中山區中山北路3段水晶橋,0,0,1,1,C03,8,6,5,50,14,9,1,5,4,5,13,4,4,3,4,5,2,13,2,47,3,10,3,4,7,9,1,10,9,11,,16,,1,21,,121.523517,25.07124429
112,11,27,8,52,2,03中山區,中山區中山北路3段水晶橋,0,0,1,2,C03,8,6,5,50,14,9,1,5,4,5,13,4,4,3,4,5,2,13,2,51,2,8,3,4,7,12,1,10,1,13,,44,,1,21,,121.523517,25.07124429
112,11,27,8,52,2,03中山區,中山區中山北路3段水晶橋,0,0,1,3,B01,8,6,5,50,14,9,1,5,4,5,13,4,4,3,4,5,2,13,1,67,3,10,3,4,7,7,1,4,9,17,,99,,1,21,,121.523517,25.07124429
112,11,27,9,10,2,03中山區,中山區北安路海總前,0,0,2,2,C03,8,5,5,50,14,9,1,5,4,5,13,1,1,1,3,5,1,13,1,52,2,9,6,1,7,9,1,10,1,13,,44,,1,21,,121.535645,25.07796411
112,11,27,9,10,2,03中山區,中山區北安路海總前,0,0,2,3,H02,8,5,5,50,14,9,1,5,4,5,13,1,1,1,3,5,1,13,2,,2,9,6,5,7,17,8,20,10,16,,67,,1,21,,121.535645,25.07796411
112,11,27,9,10,2,03中山區,中山區北安路海總前,0,0,2,1,C03,8,5,5,50,14,9,1,5,4,5,13,1,1,1,3,5,1,13,1,31,3,10,6,1,7,9,1,10,1,11,,16,,1,21,,121.535645,25.07796411
112,11,27,9,10,2,10文山區,文山區木柵路1段與木柵路1段278巷口,0,0,1,1,B03,8,6,5,50,14,9,1,5,4,5,13,4,4,5,4,5,2,12,1,45,3,10,3,4,7,1,1,8,1,4,,19,,1,21,,121.554996,24.98822042
112,11,27,9,10,2,10文山區,文山區木柵路1段與木柵路1段278巷口,0,0,1,2,C03,8,6,5,50,14,9,1,5,4,5,13,4,4,5,4,5,2,12,1,37,2,8,6,4,7,9,1,10,1,12,,44,,1,21,,121.554996,24.98822042
112,11,27,9,38,2,02萬華區,萬華區萬大路424巷與長泰街231巷口,0,0,2,2,C03,8,5,5,30,4,1,1,5,4,5,13,4,4,10,5,5,2,15,1,20,2,9,3,4,7,9,1,10,1,12,,108,,1,21,,121.4950322,25.02107534
112,11,27,9,38,2,02萬華區,萬華區萬大路424巷與長泰街231巷口,0,0,2,1,C03,8,5,5,30,4,1,1,5,4,5,13,4,4,10,5,5,2,15,2,34,2,9,3,4,7,9,1,10,1,11,,72,,1,21,,121.4950322,25.02107534
112,11,27,9,50,2,03中山區,中山區八德路2段214號,0,0,1,1,C03,8,7,5,50,14,9,1,5,4,5,13,4,4,5,4,5,2,13,2,59,2,2,6,1,7,9,1,11,1,11,,108,,1,21,,121.539214,25.04644432
112,11,27,9,50,2,03中山區,中山區八德路2段214號,0,0,1,2,B02,8,7,5,50,14,9,1,5,4,5,13,4,4,5,4,5,2,13,1,44,3,10,7,1,7,14,1,7,1,3,,44,,1,21,,121.539214,25.04644432
112,11,27,9,51,2,06松山區,松山區南京東路4段10號對面,0,0,1,1,B01,7,6,5,50,14,8,1,5,4,5,13,4,4,1,4,4,2,13,1,60,3,10,7,1,7,7,1,4,2,5,,107,,1,21,,121.552456,25.05175679
112,11,27,9,51,2,06松山區,松山區南京東路4段10號對面,0,0,1,2,C03,7,6,5,50,14,8,1,5,4,5,13,4,4,1,4,4,2,13,2,37,2,9,6,1,7,9,1,10,2,13,,80,,1,21,,121.552456,25.05175679
112,11,27,11,10,2,01大同區,大同區環河快速道路與民生西路口往南五號水門口,0,0,2,2,B03,8,6,5,60,4,1,1,5,4,5,13,1,1,1,4,5,2,13,1,44,2,5,7,1,7,9,1,8,2,3,,44,,1,22,,121.5081949,25.05690062
112,11,27,11,10,2,01大同區,大同區環河快速道路與民生西路口往南五號水門口,0,0,2,3,H02,8,6,5,60,4,1,1,5,4,5,13,1,1,1,4,5,2,13,2,43,2,6,7,5,7,20,8,20,10,16,,67,,1,22,,121.5081949,25.05690062
112,11,27,11,10,2,01大同區,大同區環河快速道路與民生西路口往南五號水門口,0,0,2,1,B03,8,6,5,60,4,1,1,5,4,5,13,1,1,1,4,5,2,13,1,40,3,10,7,1,7,9,1,8,2,1,,16,,1,22,,121.5081949,25.05690062
112,11,27,11,24,2,06松山區,松山區敦化北路5號前,0,0,1,5,B02,8,6,5,50,22,5,1,5,4,5,13,4,4,5,4,4,2,16,2,36,3,10,7,1,7,14,1,8,1,4,,44,,1,21,,121.5489439,25.0496224
112,11,27,11,24,2,06松山區,松山區敦化北路5號前,0,0,1,1,B01,8,6,5,50,22,5,1,5,4,5,13,4,4,5,4,4,2,16,1,53,3,10,7,1,7,11,1,4,1,5,,10,,1,21,,121.5489439,25.0496224
112,11,27,11,24,2,06松山區,松山區敦化北路5號前,0,0,1,2,B03,8,6,5,50,22,5,1,5,4,5,13,4,4,5,4,4,2,16,2,69,3,10,7,1,7,9,1,8,1,4,,44,,1,21,,121.5489439,25.0496224
112,11,27,11,24,2,06松山區,松山區敦化北路5號前,0,0,1,4,B03,8,6,5,50,22,5,1,5,4,5,13,4,4,5,4,4,2,16,1,66,3,10,7,1,7,14,1,8,1,7,,44,,1,21,,121.5489439,25.0496224
112,11,27,11,24,2,06松山區,松山區敦化北路5號前,0,0,1,3,C01,8,6,5,50,22,5,1,5,4,5,13,4,4,5,4,4,2,16,1,26,2,9,6,1,7,9,1,9,1,14,,13,,1,21,,121.5489439,25.0496224
112,11,27,11,26,2,06松山區,松山區南京東路4段170號,0,0,1,3,C03,8,6,5,50,14,9,1,5,4,5,13,4,4,1,4,5,2,9,1,34,2,9,6,4,7,9,1,10,1,14,,44,,1,21,,121.5566964,25.0514815
112,11,27,11,26,2,06松山區,松山區南京東路4段170號,0,0,1,1,H02,8,6,5,50,14,9,1,5,4,5,13,4,4,1,4,5,2,9,2,60,3,10,3,5,7,19,8,20,10,16,,126,,1,21,,121.5566964,25.0514815
112,11,27,11,26,2,06松山區,松山區南京東路4段170號,0,0,1,2,B01,8,6,5,50,14,9,1,5,4,5,13,4,4,1,4,5,2,9,1,65,3,10,3,4,7,14,1,4,1,6,,38,,1,21,,121.5566964,25.0514815
112,11,27,11,30,2,05中正區,中正區延平南路169號對面,0,0,1,1,F01,8,6,5,0,14,20,4,5,4,5,13,4,4,10,5,5,2,9,4,0,,,,,,,,,11,,,119,,2,,,121.5075321,25.0349598
112,11,27,11,30,2,05中正區,中正區延平南路169號對面,0,0,1,2,H01,8,6,5,0,14,20,4,5,4,5,13,4,4,10,5,5,2,9,2,69,2,9,4,5,8,16,8,20,10,16,,67,,1,21,,121.5075321,25.0349598
112,11,27,11,39,2,04大安區,大安區光復南路460號,0,0,1,2,B01,8,7,5,50,14,9,1,5,4,5,13,4,4,3,4,5,1,13,1,68,3,10,3,4,7,12,1,4,1,3,,14,,1,21,,121.5574543,25.0351548
112,11,27,11,39,2,04大安區,大安區光復南路460號,0,0,1,1,C03,8,7,5,50,14,9,1,5,4,5,13,4,4,3,4,5,1,13,2,24,2,9,6,4,7,9,1,10,1,11,,16,,1,21,,121.5574543,25.0351548
112,11,27,11,45,2,12內湖區,內湖區星雲街與星雲街88巷口,0,0,1,1,C03,8,5,5,0,3,1,1,5,4,5,13,4,4,5,5,5,2,3,1,26,3,10,6,1,7,9,1,10,9,12,,42,,1,21,,121.593066,25.07910262
112,11,27,11,45,2,12內湖區,內湖區星雲街與星雲街88巷口,0,0,1,2,H01,8,5,5,0,3,1,1,5,4,5,13,4,4,5,5,5,2,3,2,70,2,9,4,5,8,16,8,20,10,16,,67,,1,21,,121.593066,25.07910262
112,11,27,11,58,2,12內湖區,內湖區陽光街266號,0,0,1,2,C03,8,5,5,50,14,9,1,5,4,5,13,4,4,9,5,5,2,12,1,60,2,8,5,1,7,9,1,10,1,14,,119,,1,21,,121.5766781,25.0731145
112,11,27,11,58,2,12內湖區,內湖區陽光街266號,0,0,1,1,B12,8,5,5,50,14,9,1,5,4,5,13,4,4,9,5,5,2,12,4,0,4,11,3,4,7,21,7,19,11,15,,119,,2,22,,121.5766781,25.0731145
112,11,27,12,32,2,08士林區,士林區社中街410號,0,0,2,3,B03,8,7,5,50,14,9,1,5,4,5,13,4,4,9,4,5,1,17,2,50,3,10,3,4,7,13,1,8,11,8,,44,,1,21,,121.5029396,25.09200607
112,11,27,12,32,2,08士林區,士林區社中街410號,0,0,2,1,C03,8,7,5,50,14,9,1,5,4,5,13,4,4,9,4,5,1,17,1,28,2,7,6,1,7,15,1,10,2,12,,101,,1,21,,121.5029396,25.09200607
112,11,27,12,32,2,08士林區,士林區社中街410號,0,0,2,2,C03,8,7,5,50,14,9,1,5,4,5,13,4,4,9,4,5,1,17,1,49,2,8,2,1,7,9,1,10,2,11,,44,,1,21,,121.5029396,25.09200607
112,11,27,12,55,2,08士林區,士林區福林路254巷60號,0,0,1,1,B03,8,6,5,40,14,9,1,5,4,5,13,4,4,10,5,5,1,16,1,52,3,10,7,1,7,5,1,8,1,4,,8,,1,22,,121.5364533,25.0980836
112,11,27,12,55,2,08士林區,士林區福林路254巷60號,0,0,1,2,C03,8,6,5,40,14,9,1,5,4,5,13,4,4,10,5,5,1,16,1,26,2,9,6,1,7,9,1,10,1,11,,13,,1,22,,121.5364533,25.0980836
112,11,27,13,0,2,08士林區,士林區劍潭路與後港街口口,0,0,2,1,C03,8,6,5,30,4,1,1,5,4,5,13,4,4,10,5,5,1,15,1,26,2,7,6,1,7,9,1,10,1,11,,72,,1,21,,121.5227714,25.0840974
112,11,27,13,0,2,08士林區,士林區劍潭路與後港街口口,0,0,2,2,C03,8,6,5,30,4,1,1,5,4,5,13,4,4,10,5,5,1,15,2,50,2,9,6,1,7,9,1,10,1,13,,107,,1,21,,121.5227714,25.0840974
112,11,27,13,1,2,01大同區,大同區延平北路2段與延平北路2段247巷口,0,0,1,2,H01,8,6,5,50,4,2,4,5,4,5,13,1,1,5,4,5,2,9,2,71,2,9,4,5,8,16,8,20,10,16,,67,,1,21,,121.5112746,25.06226283
112,11,27,13,1,2,01大同區,大同區延平北路2段與延平北路2段247巷口,0,0,1,1,F02,8,6,5,50,4,2,4,5,4,5,13,1,1,5,4,5,2,9,1,30,3,10,6,1,7,9,8,20,1,11,,107,,1,21,,121.5112746,25.06226283
112,11,27,13,2,1,11南港區,南港區松河街294號2040473號燈桿,1,0,1,2,H01,8,6,5,50,14,9,1,5,4,5,13,4,4,5,5,5,2,2,2,76,1,1,4,5,8,21,8,20,10,16,,60,,1,22,,121.5804604,25.0522079
112,11,27,13,2,1,11南港區,南港區松河街294號2040473號燈桿,1,0,1,1,C03,8,6,5,50,14,9,1,5,4,5,13,4,4,5,5,5,2,2,1,25,2,6,6,4,7,15,1,10,2,12,,107,,1,22,,121.5804604,25.0522079
112,11,27,13,6,2,12內湖區,內湖區康寧路3段與康寧路3段165巷口,0,0,2,1,B03,8,6,5,50,4,1,1,5,4,5,13,1,1,1,3,5,1,15,4,0,4,11,3,4,7,21,7,19,11,2,,119,,2,21,,121.6113244,25.07050106
112,11,27,13,6,2,12內湖區,內湖區康寧路3段與康寧路3段165巷口,0,0,2,2,C03,8,6,5,50,4,1,1,5,4,5,13,1,1,1,3,5,1,15,1,18,2,8,5,1,7,9,1,10,1,11,,44,,1,21,,121.6113244,25.07050106
112,11,27,13,6,2,12內湖區,內湖區康寧路3段與康寧路3段165巷口,0,0,2,3,H02,8,6,5,50,4,1,1,5,4,5,13,1,1,1,3,5,1,15,2,19,2,9,5,5,7,20,8,20,10,16,,67,,1,21,,121.6113244,25.07050106
112,11,27,13,31,2,12內湖區,內湖區內湖路1段285巷西湖國中前,0,0,2,2,C03,7,5,5,30,14,9,1,5,4,5,12,4,4,5,5,5,2,17,2,40,2,9,5,1,7,9,1,10,1,11,,44,,1,21,,121.5669358,25.08544154
112,11,27,13,31,2,12內湖區,內湖區內湖路1段285巷西湖國中前,0,0,2,3,C03,7,5,5,30,14,9,1,5,4,5,12,4,4,5,5,5,2,17,2,58,2,9,5,1,7,9,1,10,1,11,,44,,1,21,,121.5669358,25.08544154
112,11,27,13,31,2,12內湖區,內湖區內湖路1段285巷西湖國中前,0,0,2,1,B02,7,5,5,30,14,9,1,5,4,5,12,4,4,5,5,5,2,17,1,54,3,10,3,4,7,13,1,8,1,4,,40,,1,21,,121.5669358,25.08544154
112,11,27,13,40,2,05中正區,中正區南海路與牯嶺街口,0,0,2,1,C03,8,6,5,30,4,1,1,5,4,5,13,2,1,10,4,5,2,16,2,22,2,9,5,1,7,11,1,10,1,11,,10,,1,21,,121.5149553,25.0320083
112,11,27,13,40,2,05中正區,中正區南海路與牯嶺街口,0,0,2,2,C03,8,6,5,30,4,1,1,5,4,5,13,2,1,10,4,5,2,16,2,45,2,9,5,1,7,5,1,10,1,11,,44,,1,21,,121.5149553,25.0320083
112,11,27,14,25,2,05中正區,中正區市民大道2段與天津街口,0,0,1,1,C03,8,6,5,40,14,9,1,5,4,5,13,1,1,1,4,5,2,12,1,45,2,8,6,1,7,9,1,10,1,15,,44,,1,22,,121.5220775,25.04785202