發生年度,發生月,發生日,發生時-Hours,發生分,處理別-編號,區序,肇事地點,死亡人數,2-30日死亡人數,受傷人數,當事人序號,車種,天候,光線,道路類別,速限-速度限制,道路型態,事故位置,路面狀況1,路面狀況2,路面狀況3,道路障礙1,道路障礙2,號誌1,號誌2,車道劃分-分向,車道劃分-分道1,車道劃分-分道2,車道劃分-分道3,事故類型及型態,性別,年齡,受傷程度,主要傷處,保護裝置,行動電話,車輛用途,當事者行動狀態,駕駛資格情形,駕駛執照種類,飲酒情形,車輛撞擊部位1,車輛撞擊部位2,肇因碼-個別,肇因碼-主要,個人肇逃否,職業,旅次目的,座標-X,座標-Y
112,11,27,14,25,2,05中正區,中正區市民大道2段與天津街口,0,0,1,2,C03,8,6,5,40,14,9,1,5,4,5,13,1,1,1,4,5,2,12,1,62,3,10,6,1,7,12,1,10,1,12,,101,,1,22,,121.5220775,25.04785202
112,11,27,14,26,2,12內湖區,內湖區民權東路6段與成功路2段口,0,0,1,1,B03,8,5,5,50,4,1,1,5,4,5,13,1,1,1,4,5,2,16,1,59,3,10,7,1,7,6,1,8,1,2,,9,,1,21,,121.5907963,25.0690296
112,11,27,14,26,2,12內湖區,內湖區民權東路6段與成功路2段口,0,0,1,2,C03,8,5,5,50,4,1,1,5,4,5,13,1,1,1,4,5,2,16,1,51,2,9,5,1,7,9,1,10,1,14,,44,,1,21,,121.5907963,25.0690296
112,11,27,14,36,2,03中山區,中山區民權東路2段145號,0,0,1,1,B03,8,7,5,50,14,9,1,5,4,5,13,4,4,1,3,5,1,16,1,73,3,10,7,1,7,6,1,8,1,2,,9,,1,21,,121.5366289,25.06248048
112,11,27,14,36,2,03中山區,中山區民權東路2段145號,0,0,1,2,C03,8,7,5,50,14,9,1,5,4,5,13,4,4,1,3,5,1,16,1,48,2,9,6,1,7,9,1,10,1,11,,13,,1,21,,121.5366289,25.06248048
112,11,27,14,40,2,06松山區,松山區民權東路3段164號,0,0,1,2,H01,7,7,5,0,14,20,4,5,4,5,13,4,4,10,5,5,2,9,1,30,2,9,4,5,8,17,8,20,10,16,,67,,1,16,,121.5482384,25.06192903
112,11,27,14,40,2,06松山區,松山區民權東路3段164號,0,0,1,1,F01,7,7,5,0,14,20,4,5,4,5,13,4,4,10,5,5,2,9,2,59,3,10,4,1,7,9,8,20,2,11,,70,,1,25,,121.5482384,25.06192903
112,11,27,15,15,2,08士林區,士林區格致路與凱旋路口,0,0,2,3,H02,8,6,5,40,3,1,1,5,4,5,13,4,4,4,5,5,2,16,2,21,2,8,6,5,7,20,8,20,10,16,,67,,1,25,,121.546375,25.1370128
112,11,27,15,15,2,08士林區,士林區格致路與凱旋路口,0,0,2,1,B03,8,6,5,40,3,1,1,5,4,5,13,4,4,4,5,5,2,16,2,22,3,10,7,1,7,6,1,8,1,2,,9,,1,29,,121.546375,25.1370128
112,11,27,15,15,2,08士林區,士林區格致路與凱旋路口,0,0,2,2,C03,8,6,5,40,3,1,1,5,4,5,13,4,4,4,5,5,2,16,1,20,2,9,6,1,7,9,1,10,1,14,,14,,1,25,,121.546375,25.1370128
112,11,27,15,20,2,03中山區,中山區民生東路3段32號,0,0,2,2,C03,8,7,5,50,14,9,1,5,4,5,13,4,4,1,4,5,2,12,1,54,2,9,6,1,7,8,1,10,1,12,,101,,1,21,,121.5396957,25.05774828
112,11,27,15,20,2,03中山區,中山區民生東路3段32號,0,0,2,1,C03,8,7,5,50,14,9,1,5,4,5,13,4,4,1,4,5,2,12,1,47,2,9,6,1,7,9,1,10,1,11,,107,,1,21,,121.5396957,25.05774828
112,11,27,15,20,2,07信義區,信義區基隆路1段與一之六號道路口,0,0,1,1,B03,8,6,5,30,3,1,1,5,4,5,13,4,4,10,3,5,2,17,1,49,3,10,3,4,7,1,1,8,1,8,,19,,1,22,,121.5605726,25.0343922
112,11,27,15,20,2,07信義區,信義區基隆路1段與一之六號道路口,0,0,1,2,C03,8,6,5,30,3,1,1,5,4,5,13,4,4,10,3,5,2,17,1,43,2,9,3,4,7,9,1,10,1,11,,16,,1,21,,121.5605726,25.0343922
112,11,27,15,22,2,03中山區,中山區中山北路1段與市民大道1段口,0,0,1,2,B03,8,5,5,50,14,9,1,5,4,5,13,4,4,9,4,5,2,13,1,51,3,10,7,1,7,9,1,8,1,5,,17,,1,21,,121.5208317,25.0485086
112,11,27,15,22,2,03中山區,中山區中山北路1段與市民大道1段口,0,0,1,3,C03,8,5,5,50,14,9,1,5,4,5,13,4,4,9,4,5,2,13,1,21,3,10,5,1,7,9,1,10,1,11,,17,,1,21,,121.5208317,25.0485086
112,11,27,15,22,2,03中山區,中山區中山北路1段與市民大道1段口,0,0,1,1,C03,8,5,5,50,14,9,1,5,4,5,13,4,4,9,4,5,2,13,2,21,2,9,5,1,7,9,1,10,1,14,,44,,1,21,,121.5208317,25.0485086
112,11,27,15,28,2,01大同區,大同區重慶北路1段與長安西路口,0,0,2,2,C03,7,6,5,50,4,1,1,5,4,5,13,2,1,1,3,5,1,16,1,19,2,9,6,1,7,9,1,10,1,14,,13,,1,21,,121.5138914,25.0516385
112,11,27,15,28,2,01大同區,大同區重慶北路1段與長安西路口,0,0,2,1,F03,7,6,5,50,4,1,1,5,4,5,13,2,1,1,3,5,1,16,2,39,2,9,3,1,7,5,8,20,1,11,,8,,1,21,,121.5138914,25.0516385
112,11,27,16,8,2,12內湖區,內湖區麥帥一橋,0,0,1,1,C03,8,6,5,40,14,11,1,5,4,5,13,4,4,10,4,5,1,13,1,42,3,10,6,1,7,14,1,10,1,17,,68,,1,22,,121.5764943,25.054195
112,11,27,16,8,2,12內湖區,內湖區麥帥一橋,0,0,1,3,C03,8,6,5,40,14,11,1,5,4,5,13,4,4,10,4,5,1,13,1,36,3,10,6,1,7,9,1,10,1,11,,107,,1,22,,121.5764943,25.054195
112,11,27,16,8,2,12內湖區,內湖區麥帥一橋,0,0,1,2,C03,8,6,5,40,14,11,1,5,4,5,13,4,4,10,4,5,1,13,1,44,2,9,6,1,7,14,1,10,1,13,,42,,1,22,,121.5764943,25.054195
112,11,27,16,13,2,01大同區,大同區南京西路與承德路2段口,0,0,1,1,C03,8,5,5,50,4,2,1,5,4,5,13,2,1,1,4,5,2,17,1,31,3,10,3,4,7,9,1,10,1,11,,16,,1,21,,121.5184675,25.0532228
112,11,27,16,13,2,01大同區,大同區南京西路與承德路2段口,0,0,1,2,C04,8,5,5,50,4,2,1,5,4,5,13,2,1,1,4,5,2,17,1,37,2,9,3,4,7,9,1,10,1,12,,44,,1,21,,121.5184675,25.0532228
112,11,27,16,13,2,01大同區,大同區南京西路與承德路2段口,0,0,1,3,C03,8,5,5,50,4,2,1,5,4,5,13,2,1,1,4,5,2,17,1,52,3,10,3,4,7,14,1,10,1,12,,44,,1,21,,121.5184675,25.0532228
112,11,27,16,24,2,08士林區,士林區福國路與文昌路口文昌橋,0,0,2,3,C03,8,5,5,50,5,1,1,5,4,5,13,2,1,1,5,5,1,17,1,64,3,10,5,1,7,9,1,10,1,14,,44,,1,21,,121.5213567,25.1010199
112,11,27,16,24,2,08士林區,士林區福國路與文昌路口文昌橋,0,0,2,4,H02,8,5,5,50,5,1,1,5,4,5,13,2,1,1,5,5,1,17,2,65,2,9,5,5,7,20,8,20,10,16,,67,,1,21,,121.5213567,25.1010199
112,11,27,16,24,2,08士林區,士林區福國路與文昌路口文昌橋,0,0,2,2,C03,8,5,5,50,5,1,1,5,4,5,13,2,1,1,5,5,1,17,2,38,2,9,5,1,7,7,1,10,1,14,,100,,1,21,,121.5213567,25.1010199
112,11,27,16,24,2,08士林區,士林區福國路與文昌路口文昌橋,0,0,2,1,B03,8,5,5,50,5,1,1,5,4,5,13,2,1,1,5,5,1,17,1,33,3,10,7,1,7,9,1,8,1,6,,42,,2,28,,121.5213567,25.1010199
112,11,27,16,40,2,02萬華區,萬華區忠孝西路2段與西寧南路口,0,0,2,1,C03,8,5,5,50,4,1,1,5,4,5,13,2,1,1,3,5,1,16,2,43,2,8,3,4,7,6,1,10,1,12,,9,,1,22,,121.5075547,25.0484869
112,11,27,16,40,2,02萬華區,萬華區忠孝西路2段與西寧南路口,0,0,2,2,B03,8,5,5,50,4,1,1,5,4,5,13,2,1,1,3,5,1,16,1,36,3,10,3,4,7,9,1,8,1,8,,44,,1,22,,121.5075547,25.0484869
112,11,27,16,40,2,02萬華區,萬華區忠孝西路2段與西寧南路口,0,0,2,3,H02,8,5,5,50,4,1,1,5,4,5,13,2,1,1,3,5,1,16,2,43,2,8,3,5,7,21,8,20,10,16,,67,,1,22,,121.5075547,25.0484869
112,11,27,16,40,2,10文山區,文山區興隆路2段與興隆路2段153巷口,0,0,2,1,C03,8,6,5,50,3,2,1,5,4,5,13,2,1,1,4,5,2,17,1,64,2,9,5,1,7,9,1,9,2,11,,16,,1,21,,121.5483655,25.0002805
112,11,27,16,40,2,10文山區,文山區興隆路2段與興隆路2段153巷口,0,0,2,2,C03,8,6,5,50,3,2,1,5,4,5,13,2,1,1,4,5,2,17,2,45,2,9,6,1,7,9,1,10,2,13,,101,,1,21,,121.5483655,25.0002805
112,11,27,16,40,2,10文山區,文山區興隆路2段與興隆路2段153巷口,0,0,2,3,B02,8,6,5,50,3,2,1,5,4,5,13,2,1,1,4,5,2,17,2,58,3,10,3,4,7,13,1,8,11,7,,44,,1,21,,121.5483655,25.0002805
112,11,27,17,0,2,07信義區,信義區基隆路1段與嘉興街216巷口口,0,0,1,1,C03,8,6,5,50,4,2,1,5,4,5,13,2,1,9,5,5,2,13,2,68,2,9,5,1,7,6,1,10,1,11,12,107,,1,21,,121.5560907,25.02746972
112,11,27,17,0,2,07信義區,信義區基隆路1段與嘉興街216巷口口,0,0,1,2,B03,8,6,5,50,4,2,1,5,4,5,13,2,1,9,5,5,2,13,1,32,3,10,3,4,7,5,1,8,1,3,,44,,1,21,,121.5560907,25.02746972
112,11,27,17,34,2,04大安區,大安區仁愛路3段80號,0,0,2,1,C03,8,5,5,50,11,9,1,5,4,5,13,4,4,10,3,5,2,12,1,57,2,9,6,1,7,10,1,10,1,14,,101,,1,21,,121.5388415,25.0377251
112,11,27,17,34,2,04大安區,大安區仁愛路3段80號,0,0,2,2,C03,8,5,5,50,11,9,1,5,4,5,13,4,4,10,3,5,2,12,1,27,2,9,6,1,7,9,1,10,1,12,,44,,1,21,,121.5388415,25.0377251
112,11,27,17,45,2,10文山區,文山區木新路2段與永安街22巷口,0,0,1,2,C03,8,5,5,50,3,1,1,5,4,5,13,1,1,5,4,5,2,16,1,27,2,9,5,1,7,9,1,10,2,11,,13,,1,21,,121.5706787,24.9865553
112,11,27,17,45,2,10文山區,文山區木新路2段與永安街22巷口,0,0,1,1,B03,8,5,5,50,3,1,1,5,4,5,13,1,1,5,4,5,2,16,1,68,3,10,7,1,7,6,1,8,2,2,,74,,1,21,,121.5706787,24.9865553
112,11,27,17,55,2,07信義區,信義區信安街與崇德街口,0,0,2,1,B01,8,5,5,50,4,2,1,5,4,5,13,2,1,5,4,5,2,13,1,61,2,9,7,1,7,12,1,4,1,3,,42,,1,22,,121.5557076,25.0240442
112,11,27,17,55,2,07信義區,信義區信安街與崇德街口,0,0,2,2,C03,8,5,5,50,4,2,1,5,4,5,13,2,1,5,4,5,2,13,2,28,2,4,5,1,7,9,1,10,1,11,,16,,1,22,,121.5557076,25.0240442
112,11,27,18,23,2,12內湖區,內湖區瑞光路451號前,0,0,2,1,C03,8,5,5,0,14,9,1,5,4,5,13,4,4,5,4,5,2,16,1,35,2,9,6,1,7,1,1,10,2,14,,19,,1,21,,121.570105,25.07859406
112,11,27,18,23,2,12內湖區,內湖區瑞光路451號前,0,0,2,2,C03,8,5,5,0,14,9,1,5,4,5,13,4,4,5,4,5,2,16,1,32,2,9,6,1,7,9,1,9,2,11,,42,,1,21,,121.570105,25.07859406
112,11,27,18,33,2,07信義區,信義區松信路與基隆路1段35巷7弄口,0,0,2,2,C03,8,5,5,50,3,2,1,5,4,5,13,1,1,5,5,5,1,12,1,48,2,8,5,1,7,14,1,10,1,14,,118,,1,21,,121.5721669,25.0472779
112,11,27,18,33,2,07信義區,信義區松信路與基隆路1段35巷7弄口,0,0,2,3,H02,8,5,5,50,3,2,1,5,4,5,13,1,1,5,5,5,1,12,2,43,2,8,4,5,7,20,8,20,10,16,,67,,1,21,,121.5721669,25.0472779
112,11,27,18,33,2,07信義區,信義區松信路與基隆路1段35巷7弄口,0,0,2,1,B03,8,5,5,50,3,2,1,5,4,5,13,1,1,5,5,5,1,12,1,27,3,10,7,1,7,15,1,8,1,2,,118,,1,21,,121.5721669,25.0472779
112,11,27,19,5,2,07信義區,信義區市民大道5段與基隆路1段口,0,0,1,1,C03,8,5,5,50,5,1,1,5,4,5,13,2,1,1,4,1,2,18,1,33,2,9,5,1,7,9,1,10,1,14,,42,,1,21,,121.5689586,25.0489891
112,11,27,19,5,2,07信義區,信義區市民大道5段與基隆路1段口,0,0,1,2,,8,5,5,50,5,1,1,5,4,5,13,2,1,1,4,1,2,18,3,0,,,,,,,,,,,,67,,1,,,121.5689586,25.0489891
112,11,27,19,13,2,05中正區,中正區水源快速道路131號燈桿處,0,0,1,2,B03,8,6,5,50,14,7,1,5,4,5,13,4,4,3,4,5,1,17,2,37,2,2,7,1,7,9,1,8,2,5,,44,,1,21,,121.5232759,25.01937078
112,11,27,19,13,2,05中正區,中正區水源快速道路131號燈桿處,0,0,1,3,H02,8,6,5,50,14,7,1,5,4,5,13,4,4,3,4,5,1,17,2,4,4,11,2,5,7,20,8,20,10,16,,67,,1,21,,121.5232759,25.01937078
112,11,27,19,13,2,05中正區,中正區水源快速道路131號燈桿處,0,0,1,1,B02,8,6,5,50,14,7,1,5,4,5,13,4,4,3,4,5,1,17,2,50,3,10,7,1,7,7,1,8,2,4,,100,,1,21,,121.5232759,25.01937078
112,11,27,20,6,2,07信義區,信義區松信路與市民大道6段口,0,0,1,1,B01,8,5,5,50,5,1,1,5,4,5,13,2,1,1,4,1,2,13,1,53,3,10,7,1,7,9,1,4,1,1,,16,,1,21,,121.5722596,25.0493522
112,11,27,20,6,2,07信義區,信義區松信路與市民大道6段口,0,0,1,2,C03,8,5,5,50,5,1,1,5,4,5,13,2,1,1,4,1,2,13,2,26,2,7,5,1,7,9,1,10,1,13,,44,,1,21,,121.5722596,25.0493522
112,11,27,20,15,2,03中山區,中山區龍江路413號,0,0,2,1,C03,8,5,5,50,14,9,1,5,4,5,13,4,4,9,5,5,2,3,2,70,2,4,6,1,7,9,1,10,2,11,,70,,1,21,,121.5410109,25.06635633
112,11,27,20,15,2,03中山區,中山區龍江路413號,0,0,2,2,H01,8,5,5,50,14,9,1,5,4,5,13,4,4,9,5,5,2,3,2,69,2,9,4,5,8,16,8,20,10,16,,67,,1,21,,121.5410109,25.06635633
112,11,27,20,25,2,10文山區,文山區木柵路1段142號前,0,0,1,1,C03,8,5,5,50,14,9,1,5,4,5,13,4,4,4,4,5,2,17,1,30,2,8,5,1,7,9,1,10,1,17,,108,,1,21,,121.551588,24.9876564
112,11,27,20,25,2,10文山區,文山區木柵路1段142號前,0,0,1,2,C03,8,5,5,50,14,9,1,5,4,5,13,4,4,4,4,5,2,17,1,61,3,10,5,1,7,9,1,10,1,17,,44,,1,21,,121.551588,24.9876564
112,11,27,20,50,2,03中山區,中山區復興北路與遼寧街185巷口,0,0,1,2,C03,8,5,5,50,4,2,1,5,4,5,13,1,1,1,4,5,2,17,2,52,2,9,3,4,7,8,1,10,1,12,,44,,1,21,,121.5439574,25.0533717
112,11,27,20,50,2,03中山區,中山區復興北路與遼寧街185巷口,0,0,1,1,C03,8,5,5,50,4,2,1,5,4,5,13,1,1,1,4,5,2,17,4,0,,,,,,,,,11,,,119,,2,,,121.5439574,25.0533717
112,11,27,21,7,2,08士林區,士林區格致路與格致路20巷口,0,0,1,2,C03,7,5,5,40,5,2,1,5,4,5,13,1,1,5,2,5,2,17,1,24,2,9,5,1,7,9,1,10,2,14,,13,,1,21,,121.5463451,25.136679
112,11,27,21,7,2,08士林區,士林區格致路與格致路20巷口,0,0,1,1,B03,7,5,5,40,5,2,1,5,4,5,13,1,1,5,2,5,2,17,2,29,3,10,7,1,7,6,1,8,2,5,,9,,1,21,,121.5463451,25.136679
112,11,27,21,13,2,05中正區,中正區羅斯福路4段與基隆路4段口,0,0,1,2,C03,8,5,5,50,4,1,1,5,4,5,13,1,1,1,4,5,2,13,2,42,2,9,5,1,7,9,1,11,2,13,,44,,1,21,,121.5369343,25.01127528
112,11,27,21,13,2,05中正區,中正區羅斯福路4段與基隆路4段口,0,0,1,1,C03,8,5,5,50,4,1,1,5,4,5,13,1,1,1,4,5,2,13,2,19,3,10,5,1,7,9,1,10,2,11,,16,,1,21,,121.5369343,25.01127528
112,11,27,21,16,2,05中正區,中正區中正橋往永和橋上,0,0,3,5,H02,8,5,5,30,10,9,1,5,4,5,13,4,4,1,4,5,2,17,2,21,2,8,5,5,7,20,8,20,10,16,,67,,1,22,,121.516435,25.0222066
112,11,27,21,16,2,05中正區,中正區中正橋往永和橋上,0,0,3,6,H02,8,5,5,30,10,9,1,5,4,5,13,4,4,1,4,5,2,17,2,32,2,8,5,5,7,20,8,20,10,16,,67,,1,22,,121.516435,25.0222066
112,11,27,21,16,2,05中正區,中正區中正橋往永和橋上,0,0,3,4,C03,8,5,5,30,10,9,1,5,4,5,13,4,4,1,4,5,2,17,1,35,3,10,5,1,7,9,1,10,2,11,,16,,1,22,,121.516435,25.0222066
112,11,27,21,16,2,05中正區,中正區中正橋往永和橋上,0,0,3,3,B03,8,5,5,30,10,9,1,5,4,5,13,4,4,1,4,5,2,17,1,31,3,10,7,1,7,9,1,8,2,5,,16,,1,22,,121.516435,25.0222066
112,11,27,21,16,2,05中正區,中正區中正橋往永和橋上,0,0,3,2,C03,8,5,5,30,10,9,1,5,4,5,13,4,4,1,4,5,2,17,1,22,2,9,5,1,7,9,1,10,2,14,,118,,1,22,,121.516435,25.0222066
112,11,27,21,16,2,05中正區,中正區中正橋往永和橋上,0,0,3,1,B03,8,5,5,30,10,9,1,5,4,5,13,4,4,1,4,5,2,17,1,57,3,10,7,1,7,9,1,8,2,2,,118,,1,22,,121.516435,25.0222066
112,11,27,21,54,2,10文山區,文山區秀明路1段與秀明路1段22巷口口旁,0,0,1,2,A02,8,5,5,50,14,9,1,5,4,5,13,4,4,4,3,5,2,17,1,57,3,10,7,1,7,9,1,2,9,17,,44,,1,21,,121.5638171,24.989294
112,11,27,21,54,2,10文山區,文山區秀明路1段與秀明路1段22巷口口旁,0,0,1,3,H02,8,5,5,50,14,9,1,5,4,5,13,4,4,4,3,5,2,17,1,7,2,1,7,5,7,20,8,20,10,16,,67,,1,14,,121.5638171,24.989294
112,11,27,21,54,2,10文山區,文山區秀明路1段與秀明路1段22巷口口旁,0,0,1,1,B03,8,5,5,50,14,9,1,5,4,5,13,4,4,4,3,5,2,17,1,56,3,10,7,1,7,10,1,7,9,17,,100,,1,21,,121.5638171,24.989294
112,11,27,22,10,2,05中正區,中正區福和橋機車道(往新北市方向),0,0,2,1,C03,8,5,5,40,14,11,1,5,4,5,13,4,4,2,4,5,1,17,1,21,2,9,5,1,7,9,1,10,1,13,,108,,1,21,,121.532956,25.00925189
112,11,27,22,10,2,05中正區,中正區福和橋機車道(往新北市方向),0,0,2,2,C03,8,5,5,40,14,11,1,5,4,5,13,4,4,2,4,5,1,17,1,33,2,9,5,1,7,9,1,10,1,11,,44,,1,21,,121.532956,25.00925189
112,11,27,22,10,2,05中正區,中正區福和橋機車道(往新北市方向),0,0,2,3,C03,8,5,5,40,14,11,1,5,4,5,13,4,4,2,4,5,1,17,1,33,3,10,5,1,7,12,1,10,1,13,,44,,1,21,,121.532956,25.00925189
112,11,27,22,11,2,03中山區,中山區南京東路3段223巷與南京東路3段口,0,0,1,1,B03,8,5,5,50,3,1,1,5,4,5,13,4,4,3,4,5,2,12,1,27,3,10,7,1,7,8,1,8,1,2,,101,,1,21,,121.5434584,25.05196005
112,11,27,22,11,2,03中山區,中山區南京東路3段223巷與南京東路3段口,0,0,1,2,C04,8,5,5,50,3,1,1,5,4,5,13,4,4,3,4,5,2,12,1,32,2,9,5,1,7,9,1,8,1,14,,44,,1,21,,121.5434584,25.05196005
112,11,27,22,23,2,05中正區,中正區福和橋往永和機車道,0,0,2,2,C03,8,5,5,40,14,11,1,5,4,5,13,4,4,1,4,5,2,13,1,18,2,3,5,1,7,9,1,10,1,11,,16,,1,22,,121.5335534,25.0096227
112,11,27,22,23,2,05中正區,中正區福和橋往永和機車道,0,0,2,3,C03,8,5,5,40,14,11,1,5,4,5,13,4,4,1,4,5,2,13,1,22,3,10,5,1,7,12,1,10,1,13,,44,,1,22,,121.5335534,25.0096227
112,11,27,22,23,2,05中正區,中正區福和橋往永和機車道,0,0,2,1,C03,8,5,5,40,14,11,1,5,4,5,13,4,4,1,4,5,2,13,1,19,2,8,5,1,7,9,1,10,1,11,,16,,1,22,,121.5335534,25.0096227
112,11,27,23,55,2,10文山區,文山區新光路2段28號,0,0,1,2,,8,5,5,50,14,9,1,5,4,5,13,4,4,1,4,5,1,18,3,0,,,,,,,,,,,,67,,1,,,121.5751972,24.99564595
112,11,27,23,55,2,10文山區,文山區新光路2段28號,0,0,1,1,C01,8,5,5,50,14,9,1,5,4,5,13,4,4,1,4,5,1,18,1,27,2,9,6,1,7,9,1,9,1,11,,116,,1,21,,121.5751972,24.99564595
112,11,28,2,40,2,04大安區,大安區建國南路2段與建國南路2段151巷口,0,0,3,3,H02,8,5,5,50,4,1,1,5,4,5,13,3,1,5,4,5,2,15,2,19,2,9,6,5,7,21,8,20,10,16,,67,,1,21,,121.5379492,25.0287838
112,11,28,2,40,2,04大安區,大安區建國南路2段與建國南路2段151巷口,0,0,3,2,B01,8,5,5,50,4,1,1,5,4,5,13,3,1,5,4,5,2,15,1,61,2,1,7,1,7,9,1,2,1,4,,14,,1,21,,121.5379492,25.0287838
112,11,28,2,40,2,04大安區,大安區建國南路2段與建國南路2段151巷口,0,0,3,1,C03,8,5,5,50,4,1,1,5,4,5,13,3,1,5,4,5,2,15,1,22,2,9,6,1,7,9,1,10,1,11,,72,,1,21,,121.5379492,25.0287838
112,11,28,5,35,2,04大安區,大安區市民大道4段62號,0,0,1,2,C03,8,5,5,40,22,6,1,5,4,5,13,4,4,1,4,5,2,12,2,64,2,9,6,1,7,9,1,10,2,14,,44,,1,21,,121.5468185,25.0449713
112,11,28,5,35,2,04大安區,大安區市民大道4段62號,0,0,1,1,C03,8,5,5,40,22,6,1,5,4,5,13,4,4,1,4,5,2,12,1,27,3,10,6,1,7,1,1,10,2,13,,19,,1,21,,121.5468185,25.0449713
112,11,28,7,10,2,01大同區,大同區重慶北路3段236巷與民族西路221巷口口,0,0,1,1,C03,8,6,5,30,4,1,1,5,4,4,12,4,4,10,5,5,2,15,1,62,2,9,6,1,7,9,1,10,2,11,,72,,1,21,,121.5132032,25.07052279
112,11,28,7,10,2,01大同區,大同區重慶北路3段236巷與民族西路221巷口口,0,0,1,2,B12,8,6,5,30,4,1,1,5,4,4,12,4,4,10,5,5,2,15,1,42,3,10,7,1,7,9,1,8,2,8,,14,,1,21,,121.5132032,25.07052279
112,11,28,7,15,2,08士林區,士林區中正路601號與中正路口前迴轉道,0,0,1,1,C03,8,7,5,50,3,2,1,5,4,5,13,4,4,1,4,5,2,17,1,26,2,9,5,1,7,6,1,10,1,12,,72,,1,21,,121.509714,25.08672893
112,11,28,7,15,2,08士林區,士林區中正路601號與中正路口前迴轉道,0,0,1,2,C03,8,7,5,50,3,2,1,5,4,5,13,4,4,1,4,5,2,17,1,45,3,10,5,1,7,9,1,10,1,14,,44,,1,21,,121.509714,25.08672893
112,11,28,7,35,2,02萬華區,萬華區華江橋機車道往台北市方向(編號P18牌面前),0,0,1,4,H02,8,6,7,40,8,11,1,5,4,5,13,4,4,10,5,3,1,13,2,24,2,8,5,5,7,21,8,20,10,16,,67,,1,21,,121.4886986,25.0354346
112,11,28,7,35,2,02萬華區,萬華區華江橋機車道往台北市方向(編號P18牌面前),0,0,1,1,C03,8,6,7,40,8,11,1,5,4,5,13,4,4,10,5,3,1,13,1,31,3,10,5,1,7,12,1,10,1,11,13,16,,1,21,,121.4886986,25.0354346
112,11,28,7,35,2,02萬華區,萬華區華江橋機車道往台北市方向(編號P18牌面前),0,0,1,2,C03,8,6,7,40,8,11,1,5,4,5,13,4,4,10,5,3,1,13,1,31,3,10,5,1,7,12,1,10,1,13,,44,,1,21,,121.4886986,25.0354346
112,11,28,7,35,2,02萬華區,萬華區華江橋機車道往台北市方向(編號P18牌面前),0,0,1,3,C03,8,6,7,40,8,11,1,5,4,5,13,4,4,10,5,3,1,13,1,52,3,10,5,1,7,12,1,10,1,11,,16,,1,21,,121.4886986,25.0354346
112,11,28,8,0,2,06松山區,松山區撫遠街與撫遠街255巷口口,0,0,3,1,C04,8,5,5,50,3,1,1,5,4,5,13,1,1,10,3,5,1,16,2,68,2,8,5,1,7,6,1,14,1,11,,101,,1,26,,121.5671437,25.06066614
112,11,28,8,0,2,06松山區,松山區撫遠街與撫遠街255巷口口,0,0,3,2,C03,8,5,5,50,3,1,1,5,4,5,13,1,1,10,3,5,1,16,1,62,2,9,5,1,7,9,1,10,1,14,,44,,1,26,,121.5671437,25.06066614
112,11,28,8,0,2,06松山區,松山區撫遠街與撫遠街255巷口口,0,0,3,3,H02,8,5,5,50,3,1,1,5,4,5,13,1,1,10,3,5,1,16,2,62,2,9,5,5,7,20,8,20,10,17,,67,,1,26,,121.5671437,25.06066614
112,11,28,8,2,2,05中正區,中正區市民大道2段1001804號燈桿,0,0,1,2,C03,8,5,5,40,14,9,1,5,4,5,13,4,4,9,4,5,1,12,1,55,3,10,6,1,7,9,1,10,2,12,,44,,1,21,,121.5233676,25.0477208
112,11,28,8,2,2,05中正區,中正區市民大道2段1001804號燈桿,0,0,1,1,C03,8,5,5,40,14,9,1,5,4,5,13,4,4,9,4,5,1,12,2,39,2,8,5,1,7,9,1,10,2,14,,44,,1,21,,121.5233676,25.0477208
112,11,28,8,13,2,10文山區,文山區木柵路4段與萬芳路口1-1號,0,0,2,1,C03,8,6,5,50,14,9,1,5,4,5,13,4,4,5,2,5,2,16,2,58,2,9,6,1,7,6,1,10,2,12,14,74,,1,21,,121.571592,24.99431923
112,11,28,8,13,2,10文山區,文山區木柵路4段與萬芳路口1-1號,0,0,2,2,C03,8,6,5,50,14,9,1,5,4,5,13,4,4,5,2,5,2,16,1,25,2,9,6,1,7,9,1,10,2,11,12,14,,1,21,,121.571592,24.99431923
112,11,28,8,13,2,11南港區,南港區南港路3段與南港路3段47巷口,0,0,2,2,C03,8,7,5,50,3,2,1,5,4,5,12,4,4,5,4,5,2,16,1,39,2,9,5,1,7,9,1,10,2,11,,14,,1,21,,121.5901196,25.0534819
112,11,28,8,13,2,11南港區,南港區南港路3段與南港路3段47巷口,0,0,2,1,C03,8,7,5,50,3,2,1,5,4,5,12,4,4,5,4,5,2,16,1,29,2,9,5,1,7,6,1,8,2,14,,72,,1,21,,121.5901196,25.0534819
112,11,28,8,30,2,01大同區,大同區承德路3段212-3號,0,0,2,2,C03,8,6,5,50,14,9,1,5,4,5,13,4,4,1,4,5,2,13,1,33,2,9,6,1,7,9,1,10,1,13,,44,,1,21,,121.5183714,25.0710542
112,11,28,8,30,2,01大同區,大同區承德路3段212-3號,0,0,2,1,C03,8,6,5,50,14,9,1,5,4,5,13,4,4,1,4,5,2,13,1,23,2,8,6,1,7,9,1,10,1,11,,16,,1,21,,121.5183714,25.0710542