發生年度,發生月,發生日,發生時-Hours,發生分,處理別-編號,區序,肇事地點,死亡人數,2-30日死亡人數,受傷人數,當事人序號,車種,天候,光線,道路類別,速限-速度限制,道路型態,事故位置,路面狀況1,路面狀況2,路面狀況3,道路障礙1,道路障礙2,號誌1,號誌2,車道劃分-分向,車道劃分-分道1,車道劃分-分道2,車道劃分-分道3,事故類型及型態,性別,年齡,受傷程度,主要傷處,保護裝置,行動電話,車輛用途,當事者行動狀態,駕駛資格情形,駕駛執照種類,飲酒情形,車輛撞擊部位1,車輛撞擊部位2,肇因碼-個別,肇因碼-主要,個人肇逃否,職業,旅次目的,座標-X,座標-Y
112,11,28,8,30,2,09北投區,北投區石牌路2段與石牌路2段343巷口,0,0,1,1,B12,8,6,5,30,4,1,1,5,4,5,13,4,4,5,4,5,1,16,1,52,3,10,7,1,7,6,1,8,1,5,,72,,1,21,,121.5248754,25.12310163
112,11,28,8,30,2,09北投區,北投區石牌路2段與石牌路2段343巷口,0,0,1,2,C03,8,6,5,30,4,1,1,5,4,5,13,4,4,5,4,5,1,16,2,42,2,9,5,1,7,9,1,10,1,11,,44,,1,21,,121.5248754,25.12310163
112,11,28,8,42,2,07信義區,信義區和平東路3段635號,0,0,1,2,C03,8,6,5,40,11,9,1,5,4,5,13,3,1,9,4,4,1,13,2,33,3,10,3,4,7,14,1,10,1,13,,44,,1,21,,121.5630755,25.0134064
112,11,28,8,42,2,07信義區,信義區和平東路3段635號,0,0,1,1,C03,8,6,5,40,11,9,1,5,4,5,13,3,1,9,4,4,1,13,2,19,2,8,3,4,7,9,1,10,1,11,,108,,1,21,,121.5630755,25.0134064
112,11,28,8,43,2,06松山區,松山區松山路與市民大道6段口,0,0,2,1,C03,7,5,5,40,14,9,1,5,4,5,13,2,1,1,3,5,2,13,2,38,2,9,6,1,7,9,1,10,1,11,,107,,1,22,,121.5779599,25.0495304
112,11,28,8,43,2,06松山區,松山區松山路與市民大道6段口,0,0,2,2,C03,7,5,5,40,14,9,1,5,4,5,13,2,1,1,3,5,2,13,1,28,2,9,6,1,7,9,1,10,1,13,,44,,1,22,,121.5779599,25.0495304
112,11,28,8,43,2,06松山區,松山區松山路與市民大道6段口,0,0,2,3,B03,7,5,5,40,14,9,1,5,4,5,13,2,1,1,3,5,2,13,1,49,3,10,7,1,7,9,1,8,1,1,,108,,1,22,,121.5779599,25.0495304
112,11,28,8,50,2,06松山區,松山區民權大橋西往東上橋處(第一根燈桿),0,0,3,2,C03,8,5,5,30,8,11,1,5,4,5,13,4,4,9,4,4,2,13,1,29,2,8,6,4,7,9,1,10,2,13,,108,,1,22,,121.5663889,25.06323603
112,11,28,8,50,2,06松山區,松山區民權大橋西往東上橋處(第一根燈桿),0,0,3,5,H02,8,5,5,30,8,11,1,5,4,5,13,4,4,9,4,4,2,13,2,37,2,7,6,5,7,20,8,20,10,16,,67,,1,22,,121.5663889,25.06323603
112,11,28,8,50,2,06松山區,松山區民權大橋西往東上橋處(第一根燈桿),0,0,3,3,C03,8,5,5,30,8,11,1,5,4,5,13,4,4,9,4,4,2,13,1,38,3,10,6,4,7,9,1,10,2,13,,44,,1,22,,121.5663889,25.06323603
112,11,28,8,50,2,06松山區,松山區民權大橋西往東上橋處(第一根燈桿),0,0,3,1,C03,8,5,5,30,8,11,1,5,4,5,13,4,4,9,4,4,2,13,2,26,2,9,6,4,7,9,1,10,2,11,,108,,1,22,,121.5663889,25.06323603
112,11,28,8,50,2,06松山區,松山區民權大橋西往東上橋處(第一根燈桿),0,0,3,4,C03,8,5,5,30,8,11,1,5,4,5,13,4,4,9,4,4,2,13,2,37,3,10,6,4,7,9,1,10,2,13,,44,,1,22,,121.5663889,25.06323603
112,11,28,8,50,2,09北投區,北投區石牌路2段與石牌路2段130巷口,0,0,1,1,H01,8,6,5,0,4,1,1,5,4,5,13,2,1,8,3,5,2,3,2,75,2,9,4,5,8,16,8,20,1,16,,67,,1,22,,121.5175517,25.11809318
112,11,28,8,50,2,09北投區,北投區石牌路2段與石牌路2段130巷口,0,0,1,2,B01,8,6,5,0,4,1,1,5,4,5,13,2,1,8,3,5,2,3,1,59,3,10,7,1,7,6,1,4,1,1,,108,,1,22,,121.5175517,25.11809318
112,11,28,8,55,2,03中山區,中山區錦州街與錦州街4巷口,0,0,1,2,C03,8,5,5,50,14,9,1,5,4,5,13,4,4,9,4,5,2,12,2,36,2,9,5,1,7,9,1,10,1,11,,44,,1,21,,121.5234711,25.0603405
112,11,28,8,55,2,03中山區,中山區錦州街與錦州街4巷口,0,0,1,1,B12,8,5,5,50,14,9,1,5,4,5,13,4,4,9,4,5,2,12,1,49,3,10,7,1,7,1,1,8,1,8,,19,,1,21,,121.5234711,25.0603405
112,11,28,9,8,2,12內湖區,內湖區瑞湖街193號,0,0,1,1,C03,8,6,5,50,14,9,1,5,4,5,13,4,4,9,5,5,2,16,1,35,2,8,6,1,7,4,1,10,1,12,,4,,1,21,,121.5764859,25.06823002
112,11,28,9,8,2,12內湖區,內湖區瑞湖街193號,0,0,1,2,B03,8,6,5,50,14,9,1,5,4,5,13,4,4,9,5,5,2,16,2,49,3,10,7,1,7,5,1,8,1,4,,44,,1,21,,121.5764859,25.06823002
112,11,28,9,9,2,12內湖區,內湖區瑞光路與江南街口,0,0,1,1,B03,8,6,8,50,3,1,1,5,4,5,13,1,1,5,4,5,2,16,1,49,3,10,7,1,7,5,1,8,1,6,,74,,1,21,,121.5759535,25.07564841
112,11,28,9,9,2,12內湖區,內湖區瑞光路與江南街口,0,0,1,2,C03,8,6,8,50,3,1,1,5,4,5,13,1,1,5,4,5,2,16,2,52,2,9,5,1,7,9,1,10,1,11,,44,,1,21,,121.5759535,25.07564841
112,11,28,9,11,2,11南港區,南港區忠孝東路7段325巷(萬怡酒店停車場出入口),0,0,1,1,B03,8,7,5,50,14,9,1,5,4,5,13,4,4,3,4,5,2,16,2,41,3,10,7,1,7,6,1,8,1,2,,9,,1,21,,121.6058082,25.0524153
112,11,28,9,11,2,11南港區,南港區忠孝東路7段325巷(萬怡酒店停車場出入口),0,0,1,2,C03,8,7,5,50,14,9,1,5,4,5,13,4,4,3,4,5,2,16,2,34,2,8,6,1,7,9,1,10,1,14,,44,,1,21,,121.6058082,25.0524153
112,11,28,9,18,2,07信義區,信義區松智路9巷,0,0,2,1,C03,8,6,5,50,11,9,1,5,4,5,13,4,4,9,5,5,2,16,2,31,2,8,5,1,7,5,1,10,2,11,,44,,1,21,,121.5664211,25.0379135
112,11,28,9,18,2,07信義區,信義區松智路9巷,0,0,2,2,C03,8,6,5,50,11,9,1,5,4,5,13,4,4,9,5,5,2,16,2,51,2,3,5,1,7,4,1,10,2,13,,1,,1,21,,121.5664211,25.0379135
112,11,28,9,38,2,04大安區,大安區延吉街66號,0,0,1,1,C03,8,6,5,50,14,9,1,5,4,5,13,4,4,4,5,5,2,13,2,24,2,9,6,1,7,9,1,10,1,11,,16,,1,21,,121.5539695,25.0433295
112,11,28,9,38,2,04大安區,大安區延吉街66號,0,0,1,2,C03,8,6,5,50,14,9,1,5,4,5,13,4,4,4,5,5,2,13,1,49,3,10,6,1,7,14,1,10,1,13,,44,,1,21,,121.5539695,25.0433295
112,11,28,9,49,2,03中山區,中山區建國北路2段35號,0,0,1,1,B03,8,5,5,50,14,9,1,5,4,5,13,4,4,1,3,5,1,16,4,0,,,,,,,,,11,,,119,,2,,,121.5371411,25.05537886
112,11,28,9,49,2,03中山區,中山區建國北路2段35號,0,0,1,2,C03,8,5,5,50,14,9,1,5,4,5,13,4,4,1,3,5,1,16,1,24,2,9,6,4,7,9,1,9,1,12,,44,,1,21,,121.5371411,25.05537886
112,11,28,10,7,2,10文山區,文山區木柵路1段與和興路口,0,0,1,1,C03,8,6,5,50,14,9,1,5,4,5,13,1,1,5,2,5,2,13,1,21,2,8,6,1,7,9,1,10,2,12,,16,,1,25,,121.5457781,24.98667827
112,11,28,10,7,2,10文山區,文山區木柵路1段與和興路口,0,0,1,3,C03,8,6,5,50,14,9,1,5,4,5,13,1,1,5,2,5,2,13,2,21,3,10,6,1,7,9,1,10,2,13,,16,,1,25,,121.5457781,24.98667827
112,11,28,10,7,2,10文山區,文山區木柵路1段與和興路口,0,0,1,2,C03,8,6,5,50,14,9,1,5,4,5,13,1,1,5,2,5,2,13,2,22,3,10,6,1,7,9,1,10,2,11,13,16,,1,25,,121.5457781,24.98667827
112,11,28,10,7,2,10文山區,文山區木柵路1段與和興路口,0,0,1,4,C03,8,6,5,50,14,9,1,5,4,5,13,1,1,5,2,5,2,13,2,19,3,10,6,1,7,12,1,10,2,12,,44,,1,25,,121.5457781,24.98667827
112,11,28,10,8,2,07信義區,信義區信安街與信安街67巷口口,0,0,1,2,C03,8,7,5,50,4,1,1,5,4,5,13,1,1,5,4,5,1,12,2,59,2,8,5,1,7,9,1,10,1,12,,16,,1,21,,121.5575683,25.026082
112,11,28,10,8,2,07信義區,信義區信安街與信安街67巷口口,0,0,1,1,B03,8,7,5,50,4,1,1,5,4,5,13,1,1,5,4,5,1,12,1,38,3,10,7,1,7,11,1,8,1,4,,10,,1,21,,121.5575683,25.026082
112,11,28,10,15,2,07信義區,信義區基隆路1段139號,0,0,4,5,H02,8,6,5,50,14,9,1,5,4,5,13,2,1,1,4,5,1,17,2,58,2,7,3,5,7,20,8,20,10,16,,67,,1,21,,121.565826,25.0431901
112,11,28,10,15,2,07信義區,信義區基隆路1段139號,0,0,4,1,C03,8,6,5,50,14,9,1,5,4,5,13,2,1,1,4,5,1,17,2,46,3,10,3,4,7,12,1,10,1,17,,108,,1,21,,121.565826,25.0431901
112,11,28,10,15,2,07信義區,信義區基隆路1段139號,0,0,4,2,C03,8,6,5,50,14,9,1,5,4,5,13,2,1,1,4,5,1,17,2,44,2,8,3,4,7,9,1,10,1,12,,44,,1,21,,121.565826,25.0431901
112,11,28,10,15,2,07信義區,信義區基隆路1段139號,0,0,4,3,C03,8,6,5,50,14,9,1,5,4,5,13,2,1,1,4,5,1,17,1,60,2,8,3,4,7,9,6,10,1,14,,16,,1,21,,121.565826,25.0431901
112,11,28,10,15,2,07信義區,信義區基隆路1段139號,0,0,4,4,C03,8,6,5,50,14,9,1,5,4,5,13,2,1,1,4,5,1,17,2,23,2,8,3,4,7,9,1,10,1,11,,44,,1,21,,121.565826,25.0431901
112,11,28,10,17,2,01大同區,大同區南京西路與民樂街口,0,0,2,2,C03,8,6,5,50,3,1,1,5,4,5,13,2,1,5,5,5,2,16,1,28,2,7,6,1,7,9,1,10,1,11,,81,,1,21,,121.5110722,25.05386577
112,11,28,10,17,2,01大同區,大同區南京西路與民樂街口,0,0,2,1,C03,8,6,5,50,3,1,1,5,4,5,13,2,1,5,5,5,2,16,2,33,2,8,6,1,7,5,1,10,1,11,,5,,1,21,,121.5110722,25.05386577
112,11,28,10,30,2,05中正區,中正區汀州路3段與基隆路4段口,0,0,1,1,B02,8,6,5,50,5,1,1,5,4,5,13,2,1,1,4,5,1,17,1,49,3,10,7,1,7,9,6,18,11,2,,118,,2,21,,121.5362709,25.0110025
112,11,28,10,30,2,05中正區,中正區汀州路3段與基隆路4段口,0,0,1,2,C03,8,6,5,50,5,1,1,5,4,5,13,2,1,1,4,5,1,17,1,69,2,9,6,1,7,15,1,10,2,11,,44,,1,21,,121.5362709,25.0110025
112,11,28,11,0,2,02萬華區,萬華區青年路20號,0,0,2,2,C03,7,7,5,30,14,9,1,5,4,5,13,4,4,8,3,5,2,16,1,64,2,9,5,4,7,9,1,10,1,11,,44,,1,22,,121.5046762,25.0255094
112,11,28,11,0,2,02萬華區,萬華區青年路20號,0,0,2,1,F01,7,7,5,30,14,9,1,5,4,5,13,4,4,8,3,5,2,16,1,48,2,9,4,4,7,5,8,20,7,11,,4,,1,22,,121.5046762,25.0255094
112,11,28,11,4,2,08士林區,士林區劍潭路1號,0,0,1,1,B03,8,6,5,50,14,9,1,5,4,5,13,4,4,1,2,5,2,17,2,79,3,10,3,4,7,9,1,10,2,5,,16,,1,22,,121.5247248,25.0845806
112,11,28,11,4,2,08士林區,士林區劍潭路1號,0,0,1,2,C03,8,6,5,50,14,9,1,5,4,5,13,4,4,1,2,5,2,17,1,74,2,9,5,4,7,9,1,8,2,14,,101,,1,21,,121.5247248,25.0845806
112,11,28,11,10,2,11南港區,南港區大坑街與弘道橋口,0,0,1,1,C03,7,7,5,50,3,1,1,5,4,5,13,4,4,4,4,5,2,15,1,46,2,9,5,1,7,15,1,10,2,11,,74,,1,22,,121.6168325,25.0488749
112,11,28,11,10,2,11南港區,南港區大坑街與弘道橋口,0,0,1,2,B01,7,7,5,50,3,1,1,5,4,5,13,4,4,4,4,5,2,15,1,62,3,10,7,1,7,9,1,4,2,1,,44,,1,26,,121.6168325,25.0488749
112,11,28,11,22,2,05中正區,中正區重慶南路1段與貴陽街1段口,0,0,1,1,B01,8,6,5,50,4,1,1,5,4,5,13,1,1,5,4,5,2,16,1,62,3,10,7,1,7,9,1,4,2,5,,44,,1,21,,121.512723,25.0387812
112,11,28,11,22,2,05中正區,中正區重慶南路1段與貴陽街1段口,0,0,1,2,C03,8,6,5,50,4,1,1,5,4,5,13,1,1,5,4,5,2,16,1,32,2,9,6,1,7,5,3,18,2,13,,103,,1,21,,121.512723,25.0387812
112,11,28,11,25,2,03中山區,中山區龍江路與龍江路223巷口,0,0,1,1,C03,8,7,5,30,4,2,1,5,4,5,13,4,4,10,5,5,1,15,1,32,2,8,6,1,7,9,1,10,1,12,,72,,1,21,,121.5210959,25.05020511
112,11,28,11,25,2,03中山區,中山區龍江路與龍江路223巷口,0,0,1,2,B03,8,7,5,30,4,2,1,5,4,5,13,4,4,10,5,5,1,15,1,52,3,10,7,1,7,9,1,8,1,1,,44,,1,21,,121.5210959,25.05020511
112,11,28,11,48,2,05中正區,中正區杭州南路2段與羅斯福路2段口口,0,0,2,1,C03,8,6,5,50,5,1,1,5,4,5,13,1,1,1,4,5,2,17,2,40,2,8,6,1,7,6,1,10,1,14,,74,,1,21,,121.5217479,25.028198
112,11,28,11,48,2,05中正區,中正區杭州南路2段與羅斯福路2段口口,0,0,2,2,C03,8,6,5,50,5,1,1,5,4,5,13,1,1,1,4,5,2,17,1,52,2,3,6,1,7,9,1,10,1,11,,44,,1,21,,121.5217479,25.028198
112,11,28,12,31,2,10文山區,文山區萬芳路與木柵路4段33巷口,0,0,2,1,C03,8,7,5,30,3,1,1,5,4,5,13,4,4,10,5,5,2,16,1,31,2,7,5,1,7,6,1,10,1,13,,72,,1,21,,121.5710335,24.9953381
112,11,28,12,31,2,10文山區,文山區萬芳路與木柵路4段33巷口,0,0,2,2,C03,8,7,5,30,3,1,1,5,4,5,13,4,4,10,5,5,2,16,1,19,2,9,5,1,7,9,1,10,1,11,,44,,1,21,,121.5710335,24.9953381
112,11,28,12,33,2,06松山區,松山區民權東路3段164號,0,0,1,1,C03,8,6,5,50,14,9,1,5,4,5,13,4,4,1,3,5,2,13,1,23,2,8,6,1,7,9,1,10,1,11,,16,,1,21,,121.5487699,25.06179252
112,11,28,12,33,2,06松山區,松山區民權東路3段164號,0,0,1,2,B03,8,6,5,50,14,9,1,5,4,5,13,4,4,1,3,5,2,13,2,56,3,10,3,4,7,9,1,8,1,6,,42,,1,21,,121.5487699,25.06179252
112,11,28,12,34,2,08士林區,士林區菁山路101巷與菁山路101巷71弄口,0,0,2,3,H02,8,5,5,50,3,1,1,5,4,5,13,3,1,5,5,5,2,17,1,32,2,8,6,5,7,20,8,20,10,16,,67,,1,21,,121.5618444,25.15123304
112,11,28,12,34,2,08士林區,士林區菁山路101巷與菁山路101巷71弄口,0,0,2,1,B12,8,5,5,50,3,1,1,5,4,5,13,3,1,5,5,5,2,17,1,60,3,10,7,1,7,6,1,8,1,15,,72,,1,21,,121.5618444,25.15123304
112,11,28,12,34,2,08士林區,士林區菁山路101巷與菁山路101巷71弄口,0,0,2,2,C03,8,5,5,50,3,1,1,5,4,5,13,3,1,5,5,5,2,17,1,22,2,7,6,1,7,9,1,10,1,15,,13,,1,21,,121.5618444,25.15123304
112,11,28,12,35,2,03中山區,中山區中原街與新生北路3段3巷口,0,0,1,1,C03,8,6,5,30,4,2,1,5,4,5,13,4,4,9,4,5,2,16,2,40,2,9,6,1,7,6,1,10,1,13,,72,,1,21,,121.5289723,25.063149
112,11,28,12,35,2,03中山區,中山區中原街與新生北路3段3巷口,0,0,1,2,B03,8,6,5,30,4,2,1,5,4,5,13,4,4,9,4,5,2,16,2,54,3,10,7,1,7,9,1,10,1,5,,44,,1,21,,121.5289723,25.063149
112,11,28,12,49,2,08士林區,士林區福華路與福華路174巷口,0,0,1,2,B03,8,6,5,50,14,9,1,5,4,5,13,4,4,10,4,5,2,17,1,88,3,10,7,1,7,9,1,8,1,5,,44,,1,21,,121.5220085,25.10555967
112,11,28,12,49,2,08士林區,士林區福華路與福華路174巷口,0,0,1,1,C03,8,6,5,50,14,9,1,5,4,5,13,4,4,10,4,5,2,17,1,18,2,7,5,1,7,1,1,10,1,14,,19,,1,21,,121.5220085,25.10555967
112,11,28,13,0,2,03中山區,中山區復興北路488巷與復興北路口,0,0,1,2,C03,8,7,5,30,3,1,1,5,4,5,13,4,4,9,4,5,2,17,1,38,2,9,5,1,7,9,1,10,1,12,,44,,1,21,,121.5441973,25.0650452
112,11,28,13,0,2,03中山區,中山區復興北路488巷與復興北路口,0,0,1,1,B12,8,7,5,30,3,1,1,5,4,5,13,4,4,9,4,5,2,17,1,45,3,10,7,1,7,5,1,4,1,8,,72,,1,21,,121.5441973,25.0650452
112,11,28,13,5,2,02萬華區,萬華區堤外便道,0,0,2,2,C03,8,6,5,40,14,9,5,5,4,5,13,4,4,10,5,5,2,12,2,45,2,8,6,1,7,9,1,10,1,14,,44,,1,21,,121.4947635,25.0383288
112,11,28,13,5,2,02萬華區,萬華區堤外便道,0,0,2,1,C03,8,6,5,40,14,9,5,5,4,5,13,4,4,10,5,5,2,12,2,67,2,8,6,1,7,9,1,10,1,12,,101,,1,21,,121.4947635,25.0383288
112,11,28,13,25,2,05中正區,中正區中山南路與濟南路1段口,0,0,1,2,C03,8,6,5,50,3,1,1,5,4,5,13,1,1,1,5,5,2,17,1,42,2,9,6,1,7,9,1,10,2,14,,44,,1,21,,121.5187257,25.0432117
112,11,28,13,25,2,05中正區,中正區中山南路與濟南路1段口,0,0,1,1,C03,8,6,5,50,3,1,1,5,4,5,13,1,1,1,5,5,2,17,1,46,3,10,6,1,7,15,1,10,2,15,,19,,1,21,,121.5187257,25.0432117
112,11,28,13,42,2,08士林區,士林區東山路25巷與東山路口,0,0,2,2,C03,8,6,5,50,4,1,1,5,4,5,13,3,1,1,4,5,1,15,1,31,2,8,3,4,7,9,1,10,2,11,,14,,1,22,,121.5390895,25.1164295
112,11,28,13,42,2,08士林區,士林區東山路25巷與東山路口,0,0,2,1,C03,8,6,5,50,4,1,1,5,4,5,13,3,1,1,4,5,1,15,2,18,2,7,3,4,7,9,1,10,2,14,,72,,1,22,,121.5390895,25.1164295
112,11,28,13,58,2,10文山區,文山區萬芳路與萬和街口,0,0,1,1,B03,8,6,5,50,14,9,1,5,4,5,13,4,4,5,2,5,2,12,1,30,3,10,7,1,7,7,1,8,2,8,,100,,1,21,,121.5684953,24.9988429
112,11,28,13,58,2,10文山區,文山區萬芳路與萬和街口,0,0,1,2,C03,8,6,5,50,14,9,1,5,4,5,13,4,4,5,2,5,2,12,1,60,2,9,6,1,7,9,1,10,2,12,,44,,1,21,,121.5684953,24.9988429
112,11,28,14,27,2,08士林區,士林區文林路與德行西路口,0,0,1,1,B03,8,6,5,50,4,2,1,5,4,5,13,4,4,1,4,5,1,16,2,68,3,10,3,4,7,5,1,8,2,8,,74,,1,22,,121.5196618,25.1033025
112,11,28,14,27,2,08士林區,士林區文林路與德行西路口,0,0,1,2,C03,8,6,5,50,4,2,1,5,4,5,13,4,4,1,4,5,1,16,1,27,2,9,3,4,7,9,1,10,2,14,,44,,1,22,,121.5196618,25.1033025
112,11,28,14,31,2,09北投區,北投區承德路6段與福國路口,0,0,1,1,C03,8,6,5,60,14,12,1,5,4,5,13,1,1,1,4,4,2,13,1,67,2,9,5,1,7,9,1,10,1,11,,108,,1,21,,121.5121408,25.1018741
112,11,28,14,31,2,09北投區,北投區承德路6段與福國路口,0,0,1,2,C03,8,6,5,60,14,12,1,5,4,5,13,1,1,1,4,4,2,13,1,20,3,10,5,1,7,12,1,10,1,13,,44,,1,21,,121.5121408,25.1018741
112,11,28,15,1,2,03中山區,中山區民生東路1段25號,0,0,1,1,B03,8,6,5,50,14,9,1,5,4,5,13,2,1,5,4,5,2,17,1,56,3,10,3,4,7,11,1,8,1,8,,10,,1,21,,121.5242817,25.0580993
112,11,28,15,1,2,03中山區,中山區民生東路1段25號,0,0,1,2,C03,8,6,5,50,14,9,1,5,4,5,13,2,1,5,4,5,2,17,1,36,2,9,3,4,7,9,1,10,1,12,,108,,1,21,,121.5242817,25.0580993
112,11,28,15,3,2,04大安區,大安區敦化南路1段與仁愛路4段口,0,0,1,1,B01,7,6,5,50,4,1,1,5,4,5,13,1,1,1,4,1,1,16,1,48,3,10,7,1,7,5,1,4,1,4,,8,,1,21,,121.5479441,25.0378006
112,11,28,15,3,2,04大安區,大安區敦化南路1段與仁愛路4段口,0,0,1,2,C03,7,6,5,50,4,1,1,5,4,5,13,1,1,1,4,1,1,16,2,34,2,9,5,1,7,9,1,10,1,12,,107,,1,21,,121.5479441,25.0378006
112,11,28,15,28,2,03中山區,中山區樂群一路與基湖路口,0,0,1,1,B03,8,5,5,50,3,1,1,5,4,5,13,1,1,1,3,5,1,16,2,55,3,10,3,4,7,9,1,8,2,5,,86,,1,21,,121.5631587,25.0761061
112,11,28,15,28,2,03中山區,中山區樂群一路與基湖路口,0,0,1,2,C03,8,5,5,50,3,1,1,5,4,5,13,1,1,1,3,5,1,16,1,38,2,9,6,4,7,11,1,10,2,14,,10,,1,21,,121.5631587,25.0761061
112,11,28,15,35,2,12內湖區,內湖區民權東路6段90巷16弄與民權東路口側附近6段56巷口,0,0,1,2,C03,8,6,5,50,3,1,1,5,4,5,13,4,4,5,4,4,2,17,1,55,2,9,6,1,7,9,1,10,1,17,,13,,1,22,,121.5851204,25.06791495
112,11,28,15,35,2,12內湖區,內湖區民權東路6段90巷16弄與民權東路口側附近6段56巷口,0,0,1,1,C03,8,6,5,50,3,1,1,5,4,5,13,4,4,5,4,4,2,17,2,51,3,10,6,1,7,5,1,10,1,17,,44,,1,22,,121.5851204,25.06791495
112,11,28,15,38,2,04大安區,大安區仁愛路3段與建國南路1段口,0,0,1,2,F01,8,5,5,50,5,2,1,5,4,5,13,2,1,8,3,5,1,16,2,55,2,9,4,1,7,9,8,20,1,14,,80,,1,21,,121.5380078,25.0382863
112,11,28,15,38,2,04大安區,大安區仁愛路3段與建國南路1段口,0,0,1,1,B03,8,5,5,50,5,2,1,5,4,5,13,2,1,8,3,5,1,16,1,71,3,10,3,4,7,6,1,8,9,2,,69,,1,21,,121.5380078,25.0382863
112,11,28,15,54,2,12內湖區,內湖區內湖路1段與堤頂大道2段口,0,0,1,2,F01,8,5,5,50,3,1,1,5,4,5,13,2,1,1,4,1,2,12,2,21,2,8,2,1,7,9,8,20,1,14,,42,,1,21,,121.5607144,25.08447841
112,11,28,15,54,2,12內湖區,內湖區內湖路1段與堤頂大道2段口,0,0,1,1,A05,8,5,5,50,3,1,1,5,4,5,13,2,1,1,4,1,2,12,1,62,3,10,7,1,7,9,1,2,1,2,,44,,1,21,,121.5607144,25.08447841
112,11,28,16,5,2,04大安區,大安區基隆路3段與辛亥路3段口,0,0,1,2,C03,8,6,5,50,3,1,1,5,4,5,13,4,4,9,4,5,1,16,1,21,2,9,6,1,7,9,1,10,1,11,,13,,1,21,,121.5461361,25.0192907
112,11,28,16,5,2,04大安區,大安區基隆路3段與辛亥路3段口,0,0,1,1,B11,8,6,5,50,3,1,1,5,4,5,13,4,4,9,4,5,1,16,1,46,3,10,3,4,7,6,1,4,1,1,,72,,1,21,,121.5461361,25.0192907
112,11,28,16,42,2,05中正區,中正區金山南路1段79巷與金山南路1段口口,0,0,1,1,B01,8,5,5,30,3,2,1,5,4,5,13,4,4,9,4,4,1,17,1,43,3,10,7,1,7,5,1,4,2,17,,72,,1,21,,121.5279782,25.03688766
112,11,28,16,42,2,05中正區,中正區金山南路1段79巷與金山南路1段口口,0,0,1,2,C03,8,5,5,30,3,2,1,5,4,5,13,4,4,9,4,4,1,17,1,31,2,9,5,1,7,9,1,10,2,17,,108,,1,21,,121.5279782,25.03688766
112,11,28,16,45,2,03中山區,中山區北安路47號,0,0,2,1,C03,8,7,5,50,11,9,1,5,4,5,13,4,4,1,4,5,2,13,1,20,2,8,6,1,7,9,1,10,1,11,,107,,1,21,,121.5286768,25.07776396
112,11,28,16,45,2,03中山區,中山區北安路47號,0,0,2,2,C03,8,7,5,50,11,9,1,5,4,5,13,4,4,1,4,5,2,13,2,55,2,4,6,1,7,12,1,10,1,13,,44,,1,21,,121.5286768,25.07776396
112,11,28,16,53,2,07信義區,信義區松高路11號,0,0,1,2,H01,8,5,5,50,14,9,1,5,4,5,13,4,4,9,5,5,2,9,2,57,2,9,4,5,8,16,8,20,10,16,,67,,1,21,,121.5660064,25.0399397
112,11,28,16,53,2,07信義區,信義區松高路11號,0,0,1,1,B03,8,5,5,50,14,9,1,5,4,5,13,4,4,9,5,5,2,9,2,42,3,10,3,4,7,9,1,8,2,8,,108,,1,21,,121.5660064,25.0399397
112,11,28,16,54,2,03中山區,中山區民權東路3段43號,0,0,1,1,C03,8,5,5,50,14,9,1,5,4,5,13,1,1,1,3,5,1,12,2,65,2,9,6,1,7,9,1,10,1,14,,17,,1,21,,121.5426106,25.0624516
112,11,28,16,54,2,03中山區,中山區民權東路3段43號,0,0,1,2,B03,8,5,5,50,14,9,1,5,4,5,13,1,1,1,3,5,1,12,1,41,3,10,7,1,7,9,1,8,1,5,,44,,1,21,,121.5426106,25.0624516
112,11,28,16,58,2,03中山區,中山區建國北路1段73號,0,0,1,2,C03,7,6,5,50,14,9,1,5,4,5,13,4,4,1,4,5,2,17,1,46,2,9,3,4,7,9,1,10,2,17,,44,,1,21,,121.53706,25.05142938
112,11,28,16,58,2,03中山區,中山區建國北路1段73號,0,0,1,1,B03,7,6,5,50,14,9,1,5,4,5,13,4,4,1,4,5,2,17,1,49,3,10,3,4,7,8,1,8,2,17,,100,,1,21,,121.53706,25.05142938
112,11,28,17,7,2,05中正區,中正區中華路2段301巷與中華路2段口,0,0,1,1,B12,8,5,5,30,3,1,1,5,4,5,13,4,4,5,4,4,2,16,1,57,3,10,7,4,7,6,1,8,1,7,,72,,1,21,,121.5046291,25.0294436
112,11,28,17,7,2,05中正區,中正區中華路2段301巷與中華路2段口,0,0,1,2,C03,8,5,5,30,3,1,1,5,4,5,13,4,4,5,4,4,2,16,1,21,2,9,5,4,7,9,1,10,1,11,,14,,1,21,,121.5046291,25.0294436
112,11,28,17,15,2,06松山區,松山區南京東路5段284號,0,0,1,1,A04,7,5,5,50,14,9,1,5,4,5,13,4,4,1,4,5,2,16,1,52,3,10,7,1,7,1,1,2,1,17,,19,,1,16,,121.5670114,25.0512512
112,11,28,17,15,2,06松山區,松山區南京東路5段284號,0,0,1,2,C03,7,5,5,50,14,9,1,5,4,5,13,4,4,1,4,5,2,16,1,69,2,9,5,1,7,9,1,10,1,14,,102,,1,16,,121.5670114,25.0512512