發生年度,發生月,發生日,發生時-Hours,發生分,處理別-編號,區序,肇事地點,死亡人數,2-30日死亡人數,受傷人數,當事人序號,車種,天候,光線,道路類別,速限-速度限制,道路型態,事故位置,路面狀況1,路面狀況2,路面狀況3,道路障礙1,道路障礙2,號誌1,號誌2,車道劃分-分向,車道劃分-分道1,車道劃分-分道2,車道劃分-分道3,事故類型及型態,性別,年齡,受傷程度,主要傷處,保護裝置,行動電話,車輛用途,當事者行動狀態,駕駛資格情形,駕駛執照種類,飲酒情形,車輛撞擊部位1,車輛撞擊部位2,肇因碼-個別,肇因碼-主要,個人肇逃否,職業,旅次目的,座標-X,座標-Y
112,11,28,17,15,2,06松山區,松山區南京東路5段284號,0,0,1,3,B03,7,5,5,50,14,9,1,5,4,5,13,4,4,1,4,5,2,16,1,61,3,10,7,1,7,9,1,8,1,2,,44,,1,16,,121.5670114,25.0512512
112,11,28,17,28,2,03中山區,中山區長安東路1段59號,0,0,1,3,H02,7,5,5,50,14,9,1,5,4,5,13,4,4,4,3,5,1,17,1,71,3,10,3,5,7,20,8,20,10,16,,126,,1,21,,121.5269183,25.0486228
112,11,28,17,28,2,03中山區,中山區長安東路1段59號,0,0,1,1,B03,7,5,5,50,14,9,1,5,4,5,13,4,4,4,3,5,1,17,1,35,3,10,3,4,7,13,1,8,1,7,,44,,1,21,,121.5269183,25.0486228
112,11,28,17,28,2,03中山區,中山區長安東路1段59號,0,0,1,2,C04,7,5,5,50,14,9,1,5,4,5,13,4,4,4,3,5,1,17,1,44,2,8,5,4,7,9,1,10,1,12,,44,,1,21,,121.5269183,25.0486228
112,11,28,17,43,2,10文山區,文山區興隆路3段與興隆路3段口(61號),0,0,1,1,C03,7,5,5,50,3,1,1,5,4,5,13,1,1,1,4,5,2,16,2,33,2,7,5,1,7,5,1,10,2,13,,103,,1,21,,121.5560682,25.0001981
112,11,28,17,43,2,10文山區,文山區興隆路3段與興隆路3段口(61號),0,0,1,2,B03,7,5,5,50,3,1,1,5,4,5,13,1,1,1,4,5,2,16,1,38,3,10,7,1,7,9,1,8,2,1,,44,,1,21,,121.5560682,25.0001981
112,11,28,17,50,2,07信義區,信義區忠孝東路5段69號,0,0,1,3,F01,8,5,8,50,14,18,1,5,4,5,12,4,4,1,4,5,2,9,2,39,2,9,4,4,7,9,8,20,1,14,,88,,1,22,,121.5669153,25.0412339
112,11,28,17,50,2,07信義區,信義區忠孝東路5段69號,0,0,1,2,H02,8,5,8,50,14,18,1,5,4,5,12,4,4,1,4,5,2,9,2,40,3,10,3,5,7,19,8,20,10,16,,126,,1,22,,121.5669153,25.0412339
112,11,28,17,50,2,07信義區,信義區忠孝東路5段69號,0,0,1,1,B03,8,5,8,50,14,18,1,5,4,5,12,4,4,1,4,5,2,9,1,28,3,10,3,4,7,14,1,8,1,4,,38,,1,22,,121.5669153,25.0412339
112,11,28,17,55,2,01大同區,大同區承德路3段176巷與承德路3段口,0,0,2,2,C03,7,5,5,50,3,1,1,5,4,5,13,4,4,1,4,5,2,16,2,21,2,9,5,1,7,9,1,10,1,14,,14,,1,21,,121.5183668,25.0691259
112,11,28,17,55,2,01大同區,大同區承德路3段176巷與承德路3段口,0,0,2,1,C03,7,5,5,50,3,1,1,5,4,5,13,4,4,1,4,5,2,16,1,48,2,9,5,1,7,6,1,10,1,12,,80,,1,21,,121.5183668,25.0691259
112,11,28,18,0,2,06松山區,松山區塔悠路與堤外便道口（六號水門）,0,0,1,1,B03,7,5,5,30,4,18,1,5,4,5,13,1,1,1,3,1,2,3,1,46,3,10,7,1,7,6,1,8,2,5,,70,,1,26,,121.5680769,25.06536932
112,11,28,18,0,2,06松山區,松山區塔悠路與堤外便道口（六號水門）,0,0,1,2,H01,7,5,5,30,4,18,1,5,4,5,13,1,1,1,3,1,2,3,2,81,2,9,4,5,8,16,8,20,10,16,,67,,1,22,,121.5680769,25.06536932
112,11,28,18,4,2,02萬華區,萬華區環河南路1段與漢口街2段口,0,0,1,2,H02,7,5,5,50,3,2,1,5,4,5,13,3,1,5,4,5,1,9,2,64,2,6,3,5,7,20,8,20,10,16,,67,,1,22,,121.5035253,25.04637542
112,11,28,18,4,2,02萬華區,萬華區環河南路1段與漢口街2段口,0,0,1,1,A02,7,5,5,50,3,2,1,5,4,5,13,3,1,5,4,5,1,9,1,47,3,10,3,4,7,6,1,2,9,17,,42,,1,22,,121.5035253,25.04637542
112,11,28,18,15,2,05中正區,中正區市民大道1段168號,0,0,1,1,C03,7,5,5,40,14,9,1,5,4,5,13,4,4,1,4,5,2,13,1,69,2,9,6,1,7,9,1,10,2,11,,107,,1,22,,121.5197864,25.0481628
112,11,28,18,15,2,05中正區,中正區市民大道1段168號,0,0,1,2,B01,7,5,5,40,14,9,1,5,4,5,13,4,4,1,4,5,2,13,1,62,3,10,7,1,7,14,1,4,2,3,,44,,1,21,,121.5197864,25.0481628
112,11,28,18,15,2,07信義區,信義區吳興街364巷20號,0,0,1,3,,8,5,5,50,14,9,1,5,4,5,13,4,4,9,4,5,2,17,3,0,,,,,,,,,10,,,67,,1,,,121.5654331,25.02459905
112,11,28,18,15,2,07信義區,信義區吳興街364巷20號,0,0,1,1,B03,8,5,5,50,14,9,1,5,4,5,13,4,4,9,4,5,2,17,1,76,2,9,2,1,7,15,1,8,1,1,,42,,1,22,,121.5654331,25.02459905
112,11,28,18,15,2,07信義區,信義區吳興街364巷20號,0,0,1,2,B03,8,5,5,50,14,9,1,5,4,5,13,4,4,9,4,5,2,17,1,42,3,10,2,1,7,13,1,8,9,4,,44,,1,22,,121.5654331,25.02459905
112,11,28,18,18,2,04大安區,大安區光復南路180巷與延吉街131巷口,0,0,1,2,C03,8,5,5,30,4,2,1,5,4,5,13,4,4,9,5,5,1,12,1,30,2,8,5,1,7,9,1,10,1,12,,108,,1,21,,121.5566978,25.04222197
112,11,28,18,18,2,04大安區,大安區光復南路180巷與延吉街131巷口,0,0,1,1,C03,8,5,5,30,4,2,1,5,4,5,13,4,4,9,5,5,1,12,1,27,3,10,5,1,7,15,1,10,1,14,,74,,1,26,,121.5566978,25.04222197
112,11,28,18,23,2,01大同區,大同區重慶北路2段與歸綏街口,0,0,2,3,C03,8,5,5,50,4,2,1,5,4,5,13,2,1,1,5,5,2,17,1,39,2,9,6,1,7,9,1,9,1,11,,16,,1,22,,121.5137135,25.0581331
112,11,28,18,23,2,01大同區,大同區重慶北路2段與歸綏街口,0,0,2,2,B03,8,5,5,50,4,2,1,5,4,5,13,2,1,1,5,5,2,17,1,71,3,10,7,1,7,9,1,8,1,1,,44,,1,22,,121.5137135,25.0581331
112,11,28,18,23,2,01大同區,大同區重慶北路2段與歸綏街口,0,0,2,1,F01,8,5,5,50,4,2,1,5,4,5,13,2,1,1,5,5,2,17,1,76,2,8,2,1,7,9,8,20,1,12,,81,,1,22,,121.5137135,25.0581331
112,11,28,18,23,2,03中山區,中山區中山北路3段往南接中山橋,0,0,1,1,C03,7,5,5,50,14,9,1,5,4,5,13,4,4,1,5,5,1,12,1,47,2,9,3,4,7,7,1,10,1,14,,86,,1,21,,121.5258034,25.07478905
112,11,28,18,23,2,03中山區,中山區中山北路3段往南接中山橋,0,0,1,2,B03,7,5,5,50,14,9,1,5,4,5,13,4,4,1,5,5,1,12,1,39,3,10,3,4,7,9,1,8,1,2,,44,,1,21,,121.5258034,25.07478905
112,11,28,18,28,2,09北投區,北投區東華街2段與公館路口口,0,0,1,1,C03,8,5,5,30,4,2,1,5,4,5,13,2,1,10,5,5,2,16,1,61,3,10,5,1,7,6,1,10,11,14,,9,,2,21,,121.5027345,25.1218466
112,11,28,18,28,2,09北投區,北投區東華街2段與公館路口口,0,0,1,2,C03,8,5,5,30,4,2,1,5,4,5,13,2,1,10,5,5,2,16,2,65,2,9,5,1,7,5,1,10,1,11,,8,,1,21,,121.5027345,25.1218466
112,11,28,18,30,2,03中山區,中山區中山北路3段62號,0,0,2,1,C03,8,5,5,50,3,2,1,5,4,5,13,4,4,2,4,5,2,12,1,22,2,9,5,1,7,9,3,18,1,11,12,16,,1,21,,121.5239888,25.07285864
112,11,28,18,30,2,03中山區,中山區中山北路3段62號,0,0,2,2,C03,8,5,5,50,3,2,1,5,4,5,13,4,4,2,4,5,2,12,1,35,2,8,5,1,7,12,1,10,1,13,12,44,,1,21,,121.5239888,25.07285864
112,11,28,18,37,2,09北投區,北投區北投路1段與三合街2段口,0,0,1,1,C03,8,5,5,50,4,1,1,5,4,5,13,2,1,5,4,4,2,16,1,27,2,9,6,1,7,5,1,10,1,13,,8,,1,22,,121.5007149,25.12623717
112,11,28,18,37,2,09北投區,北投區北投路1段與三合街2段口,0,0,1,2,B01,8,5,5,50,4,1,1,5,4,5,13,2,1,5,4,4,2,16,2,59,3,10,7,1,7,9,1,4,1,5,,44,,1,22,,121.5007149,25.12623717
112,11,28,19,9,2,06松山區,松山區光復南路與市民大道4段口,0,0,2,1,C03,8,5,5,50,5,1,1,5,4,5,13,2,1,3,4,5,2,12,1,36,,,,,7,21,7,,11,15,,101,,2,,,121.5578374,25.04521967
112,11,28,19,9,2,06松山區,松山區光復南路與市民大道4段口,0,0,2,2,C03,8,5,5,50,5,1,1,5,4,5,13,2,1,3,4,5,2,12,2,24,2,9,5,1,7,9,1,10,1,11,,119,,1,22,,121.5578374,25.04521967
112,11,28,19,9,2,06松山區,松山區光復南路與市民大道4段口,0,0,2,3,C03,8,5,5,50,5,1,1,5,4,5,13,2,1,3,4,5,2,12,2,23,2,7,5,1,7,9,1,10,1,11,,119,,1,22,,121.5578374,25.04521967
112,11,28,19,43,2,06松山區,松山區市民大道4段與敦化南路1段口,0,0,1,1,C03,8,5,5,40,4,2,1,5,4,5,13,2,1,1,4,5,2,12,1,31,2,7,5,1,7,9,1,10,1,12,,13,,1,21,,121.5491499,25.04492911
112,11,28,19,43,2,06松山區,松山區市民大道4段與敦化南路1段口,0,0,1,2,B03,8,5,5,40,4,2,1,5,4,5,13,2,1,1,4,5,2,12,1,29,3,10,7,1,7,15,1,8,1,4,,101,,1,21,,121.5491499,25.04492911
112,11,28,19,44,2,07信義區,信義區松信路與虎林街120巷口口,0,0,1,2,C03,7,5,6,30,4,1,1,5,4,5,13,1,1,5,4,5,2,17,2,40,2,9,6,1,7,9,1,10,1,11,,44,,1,22,,121.5719547,25.0422596
112,11,28,19,44,2,07信義區,信義區松信路與虎林街120巷口口,0,0,1,1,B03,7,5,6,30,4,1,1,5,4,5,13,1,1,5,4,5,2,17,2,26,3,10,7,1,7,6,1,8,1,5,,74,,1,22,,121.5719547,25.0422596
112,11,28,19,50,2,07信義區,信義區忠孝東路5段與忠孝東路5段215巷口,0,0,2,1,,8,5,5,50,4,1,1,5,4,5,13,2,1,3,4,5,2,27,3,39,,,,,,,,,,,,66,,1,,,121.570238,25.0410905
112,11,28,19,50,2,07信義區,信義區忠孝東路5段與忠孝東路5段215巷口,0,0,2,3,C03,8,5,5,50,4,1,1,5,4,5,13,2,1,3,4,5,2,27,1,59,3,10,3,4,7,7,3,18,2,13,,102,,1,21,,121.570238,25.0410905
112,11,28,19,50,2,07信義區,信義區忠孝東路5段與忠孝東路5段215巷口,0,0,2,2,C03,8,5,5,50,4,1,1,5,4,5,13,2,1,3,4,5,2,27,1,23,2,9,3,4,7,9,1,10,2,11,,44,,1,21,,121.570238,25.0410905
112,11,28,19,50,2,07信義區,信義區忠孝東路5段與忠孝東路5段215巷口,0,0,2,4,C03,8,5,5,50,4,1,1,5,4,5,13,2,1,3,4,5,2,27,1,42,2,7,3,4,7,9,1,10,2,11,,107,,1,21,,121.570238,25.0410905
112,11,28,19,59,2,07信義區,信義區松廉路與松仁路口,0,0,1,2,F01,8,5,5,50,3,2,1,5,4,5,13,4,4,5,5,5,2,15,1,66,2,9,2,4,7,15,8,20,1,14,,44,,1,21,,121.5681631,25.0339891
112,11,28,19,59,2,07信義區,信義區松廉路與松仁路口,0,0,1,1,B03,8,5,5,50,3,2,1,5,4,5,13,4,4,5,5,5,2,15,1,23,3,10,7,1,7,15,1,8,1,1,,80,,1,21,,121.5681631,25.0339891
112,11,28,20,5,2,08士林區,士林區福林路與自祥街口,0,0,1,2,C03,8,5,5,50,3,1,1,5,4,5,13,2,1,5,4,5,2,16,1,24,2,9,3,4,7,9,1,10,1,11,,44,,1,21,,121.5329901,25.0969627
112,11,28,20,5,2,08士林區,士林區福林路與自祥街口,0,0,1,1,B01,8,5,5,50,3,1,1,5,4,5,13,2,1,5,4,5,2,16,1,62,3,10,3,4,7,6,1,4,1,5,,74,,1,22,,121.5329901,25.0969627
112,11,28,20,10,2,10文山區,文山區興隆路2段220巷與興隆路2段154巷口口,0,0,1,1,B03,8,5,5,50,4,1,1,5,4,5,13,2,1,5,5,5,2,17,1,70,3,10,7,1,7,5,1,8,1,8,,8,,1,21,,121.5522584,25.0005359
112,11,28,20,10,2,10文山區,文山區興隆路2段220巷與興隆路2段154巷口口,0,0,1,2,C03,8,5,5,50,4,1,1,5,4,5,13,2,1,5,5,5,2,17,2,33,2,8,6,1,7,14,1,10,1,14,,99,,1,21,,121.5522584,25.0005359
112,11,28,20,21,2,10文山區,文山區辛亥路4段與辛亥路4段209巷口,0,0,2,1,C03,8,5,5,50,3,2,1,5,4,5,13,4,4,1,4,5,2,12,2,48,2,9,5,1,7,9,1,10,1,12,,101,,1,22,,121.5555886,25.0023575
112,11,28,20,21,2,10文山區,文山區辛亥路4段與辛亥路4段209巷口,0,0,2,2,C03,8,5,5,50,3,2,1,5,4,5,13,4,4,1,4,5,2,12,2,25,2,9,5,1,7,9,1,10,1,14,,44,,1,22,,121.5555886,25.0023575
112,11,28,20,30,2,08士林區,士林區通河西街2段與重慶北路4段口,0,0,1,1,C03,7,5,5,50,3,1,1,5,4,5,13,1,1,5,5,5,1,17,1,19,2,9,6,1,7,9,1,10,2,11,,81,,1,22,,121.5118727,25.0877655
112,11,28,20,30,2,08士林區,士林區通河西街2段與重慶北路4段口,0,0,1,2,B03,7,5,5,50,3,1,1,5,4,5,13,1,1,5,5,5,1,17,1,25,3,10,7,1,7,5,1,8,2,8,,44,,1,22,,121.5118727,25.0877655
112,11,28,20,50,2,07信義區,信義區松山路346號,0,0,1,1,C03,7,5,5,50,14,9,1,5,4,5,13,4,4,1,4,5,2,13,2,20,2,8,6,1,7,9,1,10,1,11,,107,,1,22,,121.5777813,25.0413785
112,11,28,20,50,2,07信義區,信義區松山路346號,0,0,1,2,B03,7,5,5,50,14,9,1,5,4,5,13,4,4,1,4,5,2,13,1,47,3,10,2,1,7,14,1,8,1,6,,44,,1,22,,121.5777813,25.0413785
112,11,28,21,0,2,03中山區,中山區長安東路1段21號,0,0,1,2,C03,8,5,5,50,14,9,1,5,4,5,13,4,4,5,4,5,2,17,2,33,2,8,5,1,7,9,1,10,1,11,12,44,,1,21,,121.5230081,25.04954376
112,11,28,21,0,2,03中山區,中山區長安東路1段21號,0,0,1,3,H02,8,5,5,50,14,9,1,5,4,5,13,4,4,5,4,5,2,17,2,23,3,10,4,5,7,19,8,20,10,16,,126,,1,21,,121.5230081,25.04954376
112,11,28,21,0,2,03中山區,中山區長安東路1段21號,0,0,1,1,B01,8,5,5,50,14,9,1,5,4,5,13,4,4,5,4,5,2,17,1,60,3,10,7,1,7,14,1,4,1,2,,38,,1,21,,121.5230081,25.04954376
112,11,28,21,58,2,04大安區,大安區忠孝東路4段與仁愛路4段27巷口,0,0,1,2,,8,5,5,0,3,2,1,5,4,5,13,4,4,3,4,5,2,18,3,0,,,,,,,,,,,,67,,1,,,121.545053,25.0414799
112,11,28,21,58,2,04大安區,大安區忠孝東路4段與仁愛路4段27巷口,0,0,1,1,F02,8,5,5,0,3,2,1,5,4,5,13,4,4,3,4,5,2,18,1,45,2,1,4,4,7,9,8,20,7,12,,21,,1,22,,121.545053,25.0414799
112,11,28,22,51,2,07信義區,信義區信安街與信安街115巷口,0,0,2,1,C03,8,5,5,50,3,2,1,5,4,5,13,4,4,5,4,5,2,13,2,21,2,7,5,1,7,9,1,10,1,11,,44,,1,22,,121.5561359,25.0248374
112,11,28,22,51,2,07信義區,信義區信安街與信安街115巷口,0,0,2,2,C03,8,5,5,50,3,2,1,5,4,5,13,4,4,5,4,5,2,13,1,48,2,9,5,1,7,9,1,10,1,13,,44,,1,22,,121.5561359,25.0248374
112,11,29,0,1,2,04大安區,大安區大安路1段與敦化南路1段190巷口,0,0,1,1,C03,8,5,5,30,4,2,1,5,4,5,13,4,4,8,3,5,1,17,1,22,2,9,5,1,7,9,1,10,1,14,,72,,1,26,,121.5438621,25.04503002
112,11,29,0,1,2,04大安區,大安區大安路1段與敦化南路1段190巷口,0,0,1,2,B03,8,5,5,30,4,2,1,5,4,5,13,4,4,8,3,5,1,17,1,56,3,10,7,1,7,9,1,8,1,2,,14,,1,21,,121.5438621,25.04503002
112,11,29,5,50,2,01大同區,大同區承德路2段與民權西路口,0,0,1,1,C03,8,5,5,50,4,2,1,5,4,5,13,2,1,1,4,5,2,17,2,63,2,7,3,4,7,9,6,18,7,11,,81,,1,21,,121.5180023,25.0628051
112,11,29,5,50,2,01大同區,大同區承德路2段與民權西路口,0,0,1,2,A02,8,5,5,50,4,2,1,5,4,5,13,2,1,1,4,5,2,17,1,50,3,10,3,4,7,14,1,2,2,6,,44,,1,21,,121.5180023,25.0628051
112,11,29,6,6,2,05中正區,中正區愛國東路100號,0,0,1,2,F01,8,5,5,50,14,7,1,5,4,5,13,1,1,1,4,4,2,17,2,94,2,9,4,1,7,9,8,20,2,11,,81,,1,21,,121.5209561,25.03295672
112,11,29,6,6,2,05中正區,中正區愛國東路100號,0,0,1,1,C03,8,5,5,50,14,7,1,5,4,5,13,1,1,1,4,4,2,17,1,32,3,10,5,1,7,9,1,10,2,14,,13,,1,21,,121.5209561,25.03295672
112,11,29,6,40,2,11南港區,南港區三重路與園區街口,0,0,1,1,C03,8,5,5,50,3,2,1,5,4,5,13,4,4,9,4,5,2,13,2,69,3,10,3,4,7,9,1,8,1,11,,16,,1,21,,121.6147551,25.0592614
112,11,29,6,40,2,11南港區,南港區三重路與園區街口,0,0,1,2,C03,8,5,5,50,3,2,1,5,4,5,13,4,4,9,4,5,2,13,2,30,2,7,3,4,7,14,1,10,1,13,,44,,1,21,,121.6147551,25.0592614
112,11,29,6,55,2,08士林區,士林區仰德大道1段(NO.1106211燈桿前),0,0,2,1,C03,7,6,5,40,11,9,1,2,4,5,13,4,4,8,5,5,1,18,1,32,2,9,5,1,7,9,1,9,2,17,,44,,1,21,,121.5345179,25.1080793
112,11,29,6,55,2,08士林區,士林區仰德大道1段(NO.1106211燈桿前),0,0,2,3,C03,7,6,5,40,11,9,1,2,4,5,13,4,4,8,5,5,1,18,2,25,2,9,5,1,7,9,1,10,2,17,,44,,1,21,,121.5345179,25.1080793
112,11,29,6,55,2,08士林區,士林區仰德大道1段(NO.1106211燈桿前),0,0,2,4,,7,6,5,40,11,9,1,2,4,5,13,4,4,8,5,5,1,18,3,0,,,,,,,,,,,,67,,1,,,121.5345179,25.1080793
112,11,29,6,55,2,08士林區,士林區仰德大道1段(NO.1106211燈桿前),0,0,2,2,A05,7,6,5,40,11,9,1,2,4,5,13,4,4,8,5,5,1,18,1,66,3,10,7,1,7,9,1,1,11,17,,131,,1,21,,121.5345179,25.1080793
112,11,29,7,9,2,07信義區,信義區松平路48號,0,0,1,1,C03,8,7,5,30,11,9,1,5,4,5,12,4,4,9,4,5,1,10,1,34,2,9,5,1,7,9,1,10,1,11,,107,,1,21,,121.5639623,25.0305022
112,11,29,7,9,2,07信義區,信義區松平路48號,0,0,1,2,B03,8,7,5,30,11,9,1,5,4,5,12,4,4,9,4,5,1,10,1,65,3,10,7,1,7,3,1,8,1,5,,44,,1,21,,121.5639623,25.0305022
112,11,29,7,13,2,03中山區,中山區復興南路1段28號,0,0,1,1,B03,7,5,5,50,14,9,1,5,4,5,13,4,4,1,3,5,1,16,1,45,3,10,7,1,7,6,1,8,1,2,,9,,1,21,,121.5437382,25.046473
112,11,29,7,13,2,03中山區,中山區復興南路1段28號,0,0,1,2,C03,7,5,5,50,14,9,1,5,4,5,13,4,4,1,3,5,1,16,1,37,2,9,6,1,7,9,1,10,1,14,,107,,1,21,,121.5437382,25.046473
112,11,29,7,13,2,03中山區,中山區復興南路1段28號,0,0,1,3,A05,7,5,5,50,14,9,1,5,4,5,13,4,4,1,3,5,1,16,1,60,3,10,7,1,7,14,1,2,9,17,,38,,1,21,,121.5437382,25.046473
112,11,29,7,40,2,07信義區,信義區忠孝東路5段與忠孝東路5段22巷口,0,0,1,1,C03,8,5,5,50,3,1,1,5,4,5,13,1,1,1,4,5,1,16,2,30,3,10,6,1,7,6,1,10,9,15,,9,,1,21,,121.5660749,25.0410336
112,11,29,7,40,2,07信義區,信義區忠孝東路5段與忠孝東路5段22巷口,0,0,1,2,C03,8,5,5,50,3,1,1,5,4,5,13,1,1,1,4,5,1,16,2,51,2,9,6,1,7,9,1,10,9,11,,107,,1,21,,121.5660749,25.0410336
112,11,29,7,53,2,09北投區,北投區大業路與三合街2段口,0,0,1,1,C03,7,7,5,60,14,9,1,5,4,5,13,4,4,1,4,5,2,17,4,0,,,,,,,,,11,,,119,,2,,,121.4985466,25.1252126
112,11,29,7,53,2,09北投區,北投區大業路與三合街2段口,0,0,1,2,C03,7,7,5,60,14,9,1,5,4,5,13,4,4,1,4,5,2,17,2,28,2,9,6,1,7,9,1,9,1,11,,44,,1,21,,121.4985466,25.1252126
112,11,29,8,0,2,10文山區,文山區辛亥路7段與木柵路1段口,0,0,1,2,,6,6,5,50,14,9,1,4,4,5,13,1,1,5,2,5,2,18,3,0,,,,,,,,,,,,67,,1,,,121.5524084,24.98769258
112,11,29,8,0,2,10文山區,文山區辛亥路7段與木柵路1段口,0,0,1,1,C03,6,6,5,50,14,9,1,4,4,5,13,1,1,5,2,5,2,18,2,60,2,9,6,1,7,12,1,10,2,14,,42,,1,21,,121.5524084,24.98769258
112,11,29,8,5,2,03中山區,中山區市民大道2段與林森北路口,0,0,3,1,C03,8,5,5,40,4,1,1,5,4,5,13,1,1,1,4,5,2,16,1,26,2,9,3,4,7,11,1,10,1,13,,10,,1,21,,121.5242268,25.04800004
112,11,29,8,5,2,03中山區,中山區市民大道2段與林森北路口,0,0,3,3,H02,8,5,5,40,4,1,1,5,4,5,13,1,1,1,4,5,2,16,2,26,2,9,3,5,7,21,8,20,10,16,,67,,1,21,,121.5242268,25.04800004
112,11,29,8,5,2,03中山區,中山區市民大道2段與林森北路口,0,0,3,2,C03,8,5,5,40,4,1,1,5,4,5,13,1,1,1,4,5,2,16,1,19,2,9,3,4,7,9,1,10,1,13,,13,,1,21,,121.5242268,25.04800004
112,11,29,8,30,2,04大安區,大安區和平東路1段113巷與金山南路2段231巷口,0,0,3,3,H02,8,6,5,30,4,1,1,5,4,5,13,4,4,9,5,5,1,15,2,54,2,1,3,5,7,21,8,20,10,16,,67,,1,21,,121.5268208,25.0273247
112,11,29,8,30,2,04大安區,大安區和平東路1段113巷與金山南路2段231巷口,0,0,3,2,C03,8,6,5,30,4,1,1,5,4,5,13,4,4,9,5,5,1,15,1,28,2,7,3,4,7,9,1,10,1,11,,44,,1,21,,121.5268208,25.0273247
112,11,29,8,30,2,04大安區,大安區和平東路1段113巷與金山南路2段231巷口,0,0,3,1,C03,8,6,5,30,4,1,1,5,4,5,13,4,4,9,5,5,1,15,2,54,2,7,3,4,7,9,1,10,1,12,,75,,1,21,,121.5268208,25.0273247
112,11,29,8,36,2,03中山區,中山區北安路與北安路口側附近87巷口,0,0,1,1,C03,8,5,8,50,14,9,1,5,4,5,13,4,4,1,3,5,1,13,1,48,3,10,6,1,7,9,1,10,1,11,,16,,1,21,,121.5301915,25.07793545
112,11,29,8,36,2,03中山區,中山區北安路與北安路口側附近87巷口,0,0,1,2,C03,8,5,8,50,14,9,1,5,4,5,13,4,4,1,3,5,1,13,2,37,2,9,6,1,7,14,1,10,1,13,,44,,1,21,,121.5301915,25.07793545
112,11,29,8,38,2,05中正區,中正區中華路1段與開封街1段口,0,0,1,1,C03,8,6,5,50,4,2,1,5,4,5,13,1,1,1,4,5,2,12,1,29,2,8,6,1,7,15,1,10,2,13,,44,,1,21,,121.5095631,25.04613715
112,11,29,8,38,2,05中正區,中正區中華路1段與開封街1段口,0,0,1,3,,8,6,5,50,4,2,1,5,4,5,13,1,1,1,4,5,2,12,4,0,4,11,3,4,,21,7,,11,15,,119,,2,22,,121.5095631,25.04613715
112,11,29,8,38,2,05中正區,中正區中華路1段與開封街1段口,0,0,1,2,B01,8,6,5,50,4,2,1,5,4,5,13,1,1,1,4,5,2,12,1,57,3,10,7,1,7,8,1,4,2,5,,44,,1,21,,121.5095631,25.04613715
112,11,29,8,52,2,08士林區,士林區中正路與基河路口,0,0,1,2,C03,8,6,5,50,4,1,1,5,4,5,13,1,1,5,2,5,2,11,2,20,3,10,6,1,7,9,1,10,1,14,,44,,1,22,,121.5200692,25.0934144
112,11,29,8,52,2,08士林區,士林區中正路與基河路口,0,0,1,1,C03,8,6,5,50,4,1,1,5,4,5,13,1,1,5,2,5,2,11,2,29,2,7,6,1,7,1,1,10,1,12,,19,,1,22,,121.5200692,25.0934144
112,11,29,8,55,2,03中山區,中山區堤頂大道2段470巷與植福路口,0,0,1,1,B03,8,6,5,50,4,1,1,5,4,5,13,2,1,5,5,5,2,16,2,27,3,10,3,4,7,6,1,8,2,8,,74,,1,21,,121.5611444,25.0816806
112,11,29,8,55,2,03中山區,中山區堤頂大道2段470巷與植福路口,0,0,1,2,C03,8,6,5,50,4,1,1,5,4,5,13,2,1,5,5,5,2,16,2,22,2,9,3,4,7,9,1,10,2,11,,107,,1,21,,121.5611444,25.0816806
112,11,29,9,20,2,12內湖區,內湖區南京東路6段與堤頂大道1段口,0,0,1,1,B12,8,7,5,50,4,1,1,5,4,5,13,2,1,1,4,1,1,16,1,34,3,10,7,1,7,9,3,18,1,5,,81,,1,21,,121.576718,25.05440504
112,11,29,9,20,2,12內湖區,內湖區南京東路6段與堤頂大道1段口,0,0,1,2,C04,8,7,5,50,4,1,1,5,4,5,13,2,1,1,4,1,1,16,2,27,2,9,5,1,7,5,1,10,1,14,,44,,1,21,,121.576718,25.05440504
112,11,29,9,28,2,03中山區,中山區中山北路2段與錦州街口,0,0,2,2,C03,7,5,5,50,4,1,1,5,4,5,13,1,1,1,3,5,1,13,2,30,2,8,6,4,7,9,1,10,1,13,,44,,1,21,,121.5230754,25.06038932
112,11,29,9,28,2,03中山區,中山區中山北路2段與錦州街口,0,0,2,1,C03,7,5,5,50,4,1,1,5,4,5,13,1,1,1,3,5,1,13,1,26,2,8,6,4,7,9,1,10,1,11,,16,,1,21,,121.5230754,25.06038932
112,11,29,9,56,2,01大同區,大同區貴德街與西寧北路86巷口,0,0,3,4,H02,8,6,5,30,4,1,1,5,4,5,13,4,4,10,5,5,2,15,1,20,2,9,6,5,7,20,8,20,10,16,,67,,1,21,,121.5083496,25.0552337
112,11,29,9,56,2,01大同區,大同區貴德街與西寧北路86巷口,0,0,3,3,B12,8,6,5,30,4,1,1,5,4,5,13,4,4,10,5,5,2,15,1,51,3,10,7,1,7,13,1,8,2,5,,38,,1,21,,121.5083496,25.0552337