發生年度,發生月,發生日,發生時-Hours,發生分,處理別-編號,區序,肇事地點,死亡人數,2-30日死亡人數,受傷人數,當事人序號,車種,天候,光線,道路類別,速限-速度限制,道路型態,事故位置,路面狀況1,路面狀況2,路面狀況3,道路障礙1,道路障礙2,號誌1,號誌2,車道劃分-分向,車道劃分-分道1,車道劃分-分道2,車道劃分-分道3,事故類型及型態,性別,年齡,受傷程度,主要傷處,保護裝置,行動電話,車輛用途,當事者行動狀態,駕駛資格情形,駕駛執照種類,飲酒情形,車輛撞擊部位1,車輛撞擊部位2,肇因碼-個別,肇因碼-主要,個人肇逃否,職業,旅次目的,座標-X,座標-Y
112,12,3,11,39,2,09北投區,北投區永興路2段與復興一路口,0,0,1,2,C03,8,6,5,50,3,2,1,5,4,5,13,4,4,9,4,5,2,16,1,73,2,8,5,1,7,9,3,18,1,11,,44,,1,21,,121.5036124,25.14041322
112,12,3,11,50,2,03中山區,中山區八德路2段與八德路2段199巷口,0,0,2,2,C03,7,7,5,50,4,1,1,5,4,5,13,1,1,9,4,5,2,16,1,34,2,9,6,1,7,9,1,10,2,11,,44,,1,21,,121.5390879,25.0465089
112,12,3,11,50,2,03中山區,中山區八德路2段與八德路2段199巷口,0,0,2,3,H02,7,7,5,50,4,1,1,5,4,5,13,1,1,9,4,5,2,16,2,27,2,9,6,5,7,20,8,20,10,16,,67,,1,21,,121.5390879,25.0465089
112,12,3,11,50,2,03中山區,中山區八德路2段與八德路2段199巷口,0,0,2,1,B03,7,7,5,50,4,1,1,5,4,5,13,1,1,9,4,5,2,16,1,29,3,10,7,1,7,6,1,15,2,8,,74,,1,21,,121.5390879,25.0465089
112,12,3,12,12,2,07信義區,信義區吳興街284巷18弄與吳興街284巷24弄口,0,0,1,1,C03,6,6,5,30,5,1,1,4,4,5,13,4,4,10,5,5,2,15,2,23,2,8,6,1,7,9,1,10,2,12,,80,,1,21,,121.5635113,25.024515
112,12,3,12,12,2,07信義區,信義區吳興街284巷18弄與吳興街284巷24弄口,0,0,1,2,C03,6,6,5,30,5,1,1,4,4,5,13,4,4,10,5,5,2,15,1,20,3,10,6,1,7,9,1,10,2,12,,75,,1,21,,121.5635113,25.024515
112,12,3,13,52,2,12內湖區,內湖區康樂街136巷與康樂街136巷30弄口,0,0,1,1,B03,6,5,5,30,3,1,1,4,4,5,13,4,4,10,5,5,1,17,1,38,3,10,7,1,7,5,1,8,1,17,,72,,1,22,,121.6178496,25.07195785
112,12,3,13,52,2,12內湖區,內湖區康樂街136巷與康樂街136巷30弄口,0,0,1,2,C03,6,5,5,30,3,1,1,4,4,5,13,4,4,10,5,5,1,17,2,57,2,9,6,1,7,9,1,10,1,17,,14,,1,21,,121.6178496,25.07195785
112,12,3,14,0,2,04大安區,大安區敦化南路1段與仁愛路4段口,0,0,2,2,F02,7,6,5,50,4,2,1,5,4,5,13,1,1,1,5,5,1,16,2,59,2,9,4,1,7,9,8,20,1,14,,44,,1,21,,121.5485487,25.0369808
112,12,3,14,0,2,04大安區,大安區敦化南路1段與仁愛路4段口,0,0,2,1,C03,7,6,5,50,4,2,1,5,4,5,13,1,1,1,5,5,1,16,1,28,2,8,6,1,7,6,1,10,1,11,,9,,1,21,,121.5485487,25.0369808
112,12,3,15,22,2,05中正區,中正區中華路2段與中華路2段313巷口口,0,0,1,2,C03,7,6,5,40,4,1,1,5,4,5,13,1,1,5,5,4,2,17,1,32,2,8,5,1,7,9,1,10,1,17,,13,,1,21,,121.505834,25.0281418
112,12,3,15,22,2,05中正區,中正區中華路2段與中華路2段313巷口口,0,0,1,1,B12,7,6,5,40,4,1,1,5,4,5,13,1,1,5,5,4,2,17,1,44,3,10,3,4,7,7,1,8,1,17,,100,,1,21,,121.505834,25.0281418
112,12,3,16,41,2,01大同區,大同區塔城街與鄭州路口,0,0,1,1,C03,7,5,5,40,4,1,1,5,4,5,13,1,1,1,4,5,2,17,2,29,2,8,5,1,7,9,1,10,1,11,,44,,1,21,,121.5105664,25.0502822
112,12,3,16,41,2,01大同區,大同區塔城街與鄭州路口,0,0,1,2,C03,7,5,5,40,4,1,1,5,4,5,13,1,1,1,4,5,2,17,1,49,3,10,5,1,7,9,1,10,1,14,,108,,1,21,,121.5105664,25.0502822
112,12,3,17,14,2,05中正區,中正區重慶南路3段與和平西路1段口口,0,0,1,4,H02,7,5,5,50,5,1,1,5,4,5,13,1,1,1,4,5,2,16,2,8,4,11,6,5,7,20,8,20,10,16,,67,,1,14,,121.5160836,25.0272005
112,12,3,17,14,2,05中正區,中正區重慶南路3段與和平西路1段口口,0,0,1,3,H02,7,5,5,50,5,1,1,5,4,5,13,1,1,1,4,5,2,16,2,40,4,11,6,5,7,20,8,20,10,16,,67,,1,21,,121.5160836,25.0272005
112,12,3,17,14,2,05中正區,中正區重慶南路3段與和平西路1段口口,0,0,1,1,B03,7,5,5,50,5,1,1,5,4,5,13,1,1,1,4,5,2,16,2,58,3,10,3,4,7,6,1,8,1,2,,9,,1,21,,121.5160836,25.0272005
112,12,3,17,14,2,05中正區,中正區重慶南路3段與和平西路1段口口,0,0,1,2,C03,7,5,5,50,5,1,1,5,4,5,13,1,1,1,4,5,2,16,1,41,2,8,6,1,7,9,1,10,1,14,,42,,1,21,,121.5160836,25.0272005
112,12,3,17,17,2,05中正區,中正區中山南路與貴陽街1段口,0,0,3,1,C03,7,5,5,50,3,1,1,5,4,5,13,1,1,5,4,5,2,17,1,18,2,9,6,4,7,9,1,10,2,11,,16,,1,22,,121.5172678,25.03817003
112,12,3,17,17,2,05中正區,中正區中山南路與貴陽街1段口,0,0,3,2,C03,7,5,5,50,3,1,1,5,4,5,13,1,1,5,4,5,2,17,2,56,2,9,6,4,7,9,1,10,2,13,11,44,,1,22,,121.5172678,25.03817003
112,12,3,17,17,2,05中正區,中正區中山南路與貴陽街1段口,0,0,3,3,B03,7,5,5,50,3,1,1,5,4,5,13,1,1,5,4,5,2,17,2,30,3,10,7,4,7,6,1,8,2,6,3,9,,1,22,,121.5172678,25.03817003
112,12,3,17,17,2,05中正區,中正區中山南路與貴陽街1段口,0,0,3,4,H02,7,5,5,50,3,1,1,5,4,5,13,1,1,5,4,5,2,17,2,16,2,9,6,5,7,20,8,20,10,16,,67,,1,22,,121.5172678,25.03817003
112,12,3,17,20,2,07信義區,信義區和平東路3段391巷8弄36號,0,0,2,1,F01,7,5,8,30,22,22,1,5,4,5,13,4,4,10,5,5,2,1,2,69,2,9,2,1,7,9,8,20,2,14,,108,,1,22,,121.554404,25.023524
112,12,3,17,20,2,07信義區,信義區和平東路3段391巷8弄36號,0,0,2,2,H01,7,5,8,30,22,22,1,5,4,5,13,4,4,10,5,5,2,1,1,42,2,1,4,5,8,16,8,20,10,16,,67,,1,22,,121.554404,25.023524
112,12,3,17,25,2,12內湖區,內湖區潭美街399號,0,0,1,2,C03,6,5,5,40,14,9,1,4,4,5,13,4,4,5,5,5,1,12,2,27,2,9,6,1,7,9,1,10,2,14,,44,,1,21,,121.5928191,25.06070484
112,12,3,17,25,2,12內湖區,內湖區潭美街399號,0,0,1,1,B03,6,5,5,40,14,9,1,4,4,5,13,4,4,5,5,5,1,12,1,59,3,10,7,1,7,1,1,8,2,8,,19,,1,21,,121.5928191,25.06070484
112,12,3,17,27,2,04大安區,大安區新生南路3段30號,0,0,3,2,C03,8,5,5,50,14,9,1,5,4,5,13,4,4,10,5,5,2,17,1,31,2,7,6,1,7,12,1,10,1,14,,32,,1,21,,121.5345463,25.0237585
112,12,3,17,27,2,04大安區,大安區新生南路3段30號,0,0,3,3,B03,8,5,5,50,14,9,1,5,4,5,13,4,4,10,5,5,2,17,1,37,3,10,7,1,7,7,1,8,1,15,,44,,1,21,,121.5345463,25.0237585
112,12,3,17,27,2,04大安區,大安區新生南路3段30號,0,0,3,4,H02,8,5,5,50,14,9,1,5,4,5,13,4,4,10,5,5,2,17,2,28,2,9,6,5,7,21,8,20,10,16,,67,,1,21,,121.5345463,25.0237585
112,12,3,17,27,2,04大安區,大安區新生南路3段30號,0,0,3,1,B03,8,5,5,50,14,9,1,5,4,5,13,4,4,10,5,5,2,17,1,42,3,10,7,1,7,7,1,8,1,17,,100,,1,21,,121.5345463,25.0237585
112,12,3,17,27,2,04大安區,大安區新生南路3段30號,0,0,3,5,H02,8,5,5,50,14,9,1,5,4,5,13,4,4,10,5,5,2,17,2,5,2,9,6,5,7,21,8,20,10,16,,67,,1,21,,121.5345463,25.0237585
112,12,3,17,45,2,07信義區,信義區信安街67巷與嘉興街181巷口,0,0,2,2,C03,6,5,5,50,4,2,1,4,4,5,13,1,1,5,5,5,2,11,1,45,2,9,5,1,7,9,1,10,1,11,,13,,1,21,,121.557416,25.0261811
112,12,3,17,45,2,07信義區,信義區信安街67巷與嘉興街181巷口,0,0,2,1,C03,6,5,5,50,4,2,1,4,4,5,13,1,1,5,5,5,2,11,1,50,2,9,5,1,7,15,1,10,1,12,,74,,1,21,,121.557416,25.0261811
112,12,3,18,5,2,09北投區,北投區公館路與東華街2段口,0,0,1,2,B03,8,5,5,0,4,1,1,5,4,5,13,2,1,9,4,5,2,17,1,36,3,10,7,1,7,6,1,14,1,4,,44,,1,22,,121.5027367,25.12189017
112,12,3,18,5,2,09北投區,北投區公館路與東華街2段口,0,0,1,1,C03,8,5,5,0,4,1,1,5,4,5,13,2,1,9,4,5,2,17,1,24,2,8,6,1,7,5,1,10,1,12,,44,,1,22,,121.5027367,25.12189017
112,12,3,18,8,2,09北投區,北投區復興三路與復興四路口,0,0,2,2,,8,5,5,50,3,2,1,5,4,5,13,4,4,5,5,5,1,18,3,0,,,,,,,,,,,,67,,1,,,121.5028232,25.14429023
112,12,3,18,8,2,09北投區,北投區復興三路與復興四路口,0,0,2,3,H02,8,5,5,50,3,2,1,5,4,5,13,4,4,5,5,5,1,18,2,68,2,9,5,5,7,20,8,20,10,16,,67,,1,22,,121.5028232,25.14429023
112,12,3,18,8,2,09北投區,北投區復興三路與復興四路口,0,0,2,1,C03,8,5,5,50,3,2,1,5,4,5,13,4,4,5,5,5,1,18,2,66,2,9,6,1,7,6,3,18,1,14,,42,,1,22,,121.5028232,25.14429023
112,12,3,18,13,2,05中正區,中正區羅斯福路4段與基隆路4段口,0,0,2,2,C03,6,5,5,50,4,1,1,4,4,5,13,1,1,1,4,5,2,17,1,24,2,9,5,1,7,9,1,9,1,12,,44,,1,21,,121.5369256,25.01125181
112,12,3,18,13,2,05中正區,中正區羅斯福路4段與基隆路4段口,0,0,2,3,H02,6,5,5,50,4,1,1,4,4,5,13,1,1,1,4,5,2,17,2,20,4,11,5,5,7,20,8,20,10,16,,67,,1,21,,121.5369256,25.01125181
112,12,3,18,13,2,05中正區,中正區羅斯福路4段與基隆路4段口,0,0,2,1,C03,6,5,5,50,4,1,1,4,4,5,13,1,1,1,4,5,2,17,2,20,2,9,5,1,7,5,1,10,1,14,,8,,1,21,,121.5369256,25.01125181
112,12,3,18,42,2,10文山區,文山區景隆街與興隆路2段口,0,0,1,2,C03,6,5,5,50,4,1,1,4,4,5,13,2,1,4,5,4,2,12,1,67,2,9,5,1,7,9,1,10,2,12,11,44,,1,21,,121.544425,24.9986131
112,12,3,18,42,2,10文山區,文山區景隆街與興隆路2段口,0,0,1,1,B03,6,5,5,50,4,1,1,4,4,5,13,2,1,4,5,4,2,12,1,49,3,10,7,1,7,9,1,8,2,4,,107,,1,21,,121.544425,24.9986131
112,12,3,18,45,2,06松山區,松山區麥帥一橋機慢車專用道往市區7510334號燈桿,0,0,2,1,C03,7,5,5,40,8,11,1,5,4,5,13,4,4,1,4,1,2,12,2,64,2,9,6,1,7,8,1,10,2,12,14,108,,1,21,,121.5681249,25.051408
112,12,3,18,45,2,06松山區,松山區麥帥一橋機慢車專用道往市區7510334號燈桿,0,0,2,2,F01,7,5,5,40,8,11,1,5,4,5,13,4,4,1,4,1,2,12,2,63,2,6,4,1,7,9,8,20,2,13,,27,,1,21,,121.5681249,25.051408
112,12,3,18,51,2,12內湖區,內湖區舊宗路2段與舊宗路2段121巷口,0,0,1,1,C03,8,5,5,50,5,1,1,4,4,5,13,2,1,1,4,5,2,13,1,60,3,10,6,1,7,12,1,10,1,13,,107,,1,21,,121.5748169,25.06904007
112,12,3,18,51,2,12內湖區,內湖區舊宗路2段與舊宗路2段121巷口,0,0,1,2,B03,8,5,5,50,5,1,1,4,4,5,13,2,1,1,4,5,2,13,2,51,3,10,7,1,7,9,1,8,1,1,,107,,1,21,,121.5748169,25.06904007
112,12,3,18,51,2,12內湖區,內湖區舊宗路2段與舊宗路2段121巷口,0,0,1,3,H02,8,5,5,50,5,1,1,4,4,5,13,2,1,1,4,5,2,13,2,57,2,9,6,5,7,20,8,20,10,16,,67,,1,21,,121.5748169,25.06904007
112,12,3,18,53,2,11南港區,南港區松河街第122號車格,0,0,1,1,B12,6,5,5,50,14,9,1,4,4,5,13,4,4,9,4,5,2,16,1,38,3,10,7,1,7,11,1,8,1,7,,10,,1,21,,121.608009,25.0594143
112,12,3,18,53,2,11南港區,南港區松河街第122號車格,0,0,1,2,C03,6,5,5,50,14,9,1,4,4,5,13,4,4,9,4,5,2,16,1,38,2,9,6,1,7,9,1,10,1,11,,16,,1,21,,121.608009,25.0594143
112,12,3,19,0,2,03中山區,中山區新生北路2段與長春路口,0,0,1,1,B03,8,5,5,50,14,9,1,5,4,5,13,1,1,1,4,5,2,13,2,25,3,10,7,1,7,9,1,8,1,1,,108,,1,21,,121.5273984,25.05500787
112,12,3,19,0,2,03中山區,中山區新生北路2段與長春路口,0,0,1,2,C03,8,5,5,50,14,9,1,5,4,5,13,1,1,1,4,5,2,13,1,54,2,5,6,1,7,14,1,10,1,13,,44,,1,21,,121.5273984,25.05500787
112,12,3,19,0,2,07信義區,信義區松仁路105號,0,0,1,1,C03,7,5,5,50,14,9,1,5,4,5,13,4,4,1,4,5,2,13,1,20,2,9,6,1,7,9,1,10,1,11,,16,,1,21,,121.5684742,25.0352969
112,12,3,19,0,2,07信義區,信義區松仁路105號,0,0,1,2,B03,7,5,5,50,14,9,1,5,4,5,13,4,4,1,4,5,2,13,1,38,3,10,7,1,7,14,1,8,1,3,,44,,1,21,,121.5684742,25.0352969
112,12,3,19,6,2,06松山區,松山區新東街與新東街26巷口口,0,0,1,1,B03,8,5,5,50,3,1,1,5,4,5,13,4,4,9,5,5,2,17,2,29,3,10,7,1,7,1,1,8,2,1,,19,,1,21,,121.5659742,25.0586695
112,12,3,19,6,2,06松山區,松山區新東街與新東街26巷口口,0,0,1,2,C03,8,5,5,50,3,1,1,5,4,5,13,4,4,9,5,5,2,17,2,25,2,9,6,1,7,9,1,10,2,14,,108,,1,21,,121.5659742,25.0586695
112,12,3,19,31,2,09北投區,北投區公館路與三合街1段口,0,0,2,2,C03,7,5,5,50,4,1,1,5,4,5,13,1,1,9,4,5,1,16,2,24,2,9,5,1,7,9,1,10,1,11,,44,,1,21,,121.5048031,25.1268672
112,12,3,19,31,2,09北投區,北投區公館路與三合街1段口,0,0,2,1,F02,7,5,5,50,4,1,1,5,4,5,13,1,1,9,4,5,1,16,2,59,2,9,5,1,7,5,8,20,1,12,,8,,1,21,,121.5048031,25.1268672
112,12,3,19,33,2,01大同區,大同區西寧北路與忠孝西路2段口,0,0,2,2,C03,8,5,5,50,5,1,1,5,4,5,13,2,1,1,4,1,1,13,1,33,2,9,5,1,7,9,1,10,2,14,,44,,1,22,,121.5076878,25.0487139
112,12,3,19,33,2,01大同區,大同區西寧北路與忠孝西路2段口,0,0,2,1,B03,8,5,5,50,5,1,1,5,4,5,13,2,1,1,4,1,1,13,1,28,3,10,7,1,7,6,1,8,2,2,,9,,1,22,,121.5076878,25.0487139
112,12,3,19,33,2,01大同區,大同區西寧北路與忠孝西路2段口,0,0,2,3,C03,8,5,5,50,5,1,1,5,4,5,13,2,1,1,4,1,1,13,2,42,2,9,5,1,7,9,1,11,2,14,,44,,1,22,,121.5076878,25.0487139
112,12,3,19,44,2,02萬華區,萬華區成都路27巷與成都路口,0,0,1,2,B03,8,5,5,50,3,1,1,5,4,5,13,4,4,8,3,5,1,17,1,45,3,10,7,1,7,14,1,8,1,2,,44,,1,21,,121.5070154,25.0425126
112,12,3,19,44,2,02萬華區,萬華區成都路27巷與成都路口,0,0,1,1,F01,8,5,5,50,3,1,1,5,4,5,13,4,4,8,3,5,1,17,1,37,2,8,4,1,7,12,8,20,1,14,,17,,1,21,,121.5070154,25.0425126
112,12,3,19,45,2,08士林區,士林區中山北路6段與德行東路口,0,0,3,3,H02,7,5,5,50,4,1,1,5,4,5,13,1,1,1,4,5,2,17,2,37,2,8,6,5,7,17,8,20,10,16,,67,,1,22,,121.5249474,25.1063528
112,12,3,19,45,2,08士林區,士林區中山北路6段與德行東路口,0,0,3,1,C03,7,5,5,50,4,1,1,5,4,5,13,1,1,1,4,5,2,17,2,60,2,8,6,1,7,6,1,10,2,12,,101,,1,22,,121.5249474,25.1063528
112,12,3,19,45,2,08士林區,士林區中山北路6段與德行東路口,0,0,3,2,C03,7,5,5,50,4,1,1,5,4,5,13,1,1,1,4,5,2,17,1,36,2,7,6,1,7,9,1,10,2,14,,44,,1,22,,121.5249474,25.1063528
112,12,3,20,48,2,07信義區,信義區中坡北路與中坡北路50巷口,0,0,1,1,B01,7,5,5,30,4,1,1,4,4,5,13,1,1,1,4,5,2,1,1,49,3,10,7,1,7,5,1,4,1,1,,70,,1,21,,121.5806273,25.046429
112,12,3,20,48,2,07信義區,信義區中坡北路與中坡北路50巷口,0,0,1,2,H01,7,5,5,30,4,1,1,4,4,5,13,1,1,1,4,5,2,1,2,72,2,5,4,5,8,16,8,20,10,16,,67,,1,21,,121.5806273,25.046429
112,12,3,21,13,2,02萬華區,萬華區康定路250巷與康定路口,0,0,1,1,B01,8,5,5,50,3,1,1,5,4,5,13,4,4,8,3,5,1,17,1,42,3,10,7,1,7,5,1,4,1,5,,74,,1,21,,121.5015861,25.0375739
112,12,3,21,13,2,02萬華區,萬華區康定路250巷與康定路口,0,0,1,2,C03,8,5,5,50,3,1,1,5,4,5,13,4,4,8,3,5,1,17,1,47,2,7,5,1,7,9,1,10,1,11,,44,,1,21,,121.5015861,25.0375739
112,12,3,21,28,2,03中山區,中山區民族東路與雙城街口,0,0,1,1,B01,7,5,5,50,4,1,1,5,4,5,13,2,1,1,4,4,2,15,1,60,3,10,3,4,7,11,1,4,1,5,,10,,1,21,,121.5247714,25.0683601
112,12,3,21,28,2,03中山區,中山區民族東路與雙城街口,0,0,1,2,C03,7,5,5,50,4,1,1,5,4,5,13,2,1,1,4,4,2,15,1,24,2,9,3,4,7,9,1,10,1,11,,13,,1,21,,121.5247714,25.0683601
112,12,3,21,55,2,01大同區,大同區承德路3段249號,0,0,2,1,B12,8,5,5,50,14,9,1,5,4,5,13,1,1,1,4,1,1,12,1,38,3,10,7,1,7,9,1,8,2,2,,17,,1,22,,121.5186336,25.0714693
112,12,3,21,55,2,01大同區,大同區承德路3段249號,0,0,2,2,C03,8,5,5,50,14,9,1,5,4,5,13,1,1,1,4,1,1,12,1,19,2,9,5,1,7,9,1,10,2,14,,44,,1,22,,121.5186336,25.0714693
112,12,3,21,55,2,01大同區,大同區承德路3段249號,0,0,2,3,H02,8,5,5,50,14,9,1,5,4,5,13,1,1,1,4,1,1,12,2,18,2,8,5,5,7,21,8,20,10,16,,67,,1,21,,121.5186336,25.0714693
112,12,3,22,30,2,03中山區,中山區民權東路1段與林森北路口,0,0,2,1,C01,7,5,5,50,4,2,1,5,4,5,13,2,1,5,5,5,2,16,1,28,2,9,6,1,7,6,1,9,1,12,,118,,1,21,,121.5255719,25.0628752
112,12,3,22,30,2,03中山區,中山區民權東路1段與林森北路口,0,0,2,2,C03,7,5,5,50,4,2,1,5,4,5,13,2,1,5,5,5,2,16,1,39,2,8,6,1,7,9,1,10,1,14,,118,,1,21,,121.5255719,25.0628752
112,12,3,23,20,2,01大同區,大同區台北橋與台北橋口往西282528號燈桿,0,0,3,1,C03,7,5,5,50,8,11,1,5,4,5,13,4,4,1,4,1,2,17,1,54,2,8,6,1,7,15,1,10,1,12,,101,,1,21,,121.5074512,25.0637478
112,12,3,23,20,2,01大同區,大同區台北橋與台北橋口往西282528號燈桿,0,0,3,3,C03,7,5,5,50,8,11,1,5,4,5,13,4,4,1,4,1,2,17,2,24,2,9,6,1,7,9,1,10,1,11,,44,,1,21,,121.5074512,25.0637478
112,12,3,23,20,2,01大同區,大同區台北橋與台北橋口往西282528號燈桿,0,0,3,2,C03,7,5,5,50,8,11,1,5,4,5,13,4,4,1,4,1,2,17,2,73,2,9,6,1,7,9,3,18,1,11,,108,,1,21,,121.5074512,25.0637478
112,12,3,23,56,2,05中正區,中正區南昌路2段婦幼醫院急診室前,0,0,1,1,B01,8,5,5,50,14,9,1,5,4,5,13,4,4,5,4,5,2,9,1,39,3,10,7,1,7,1,1,4,1,15,,19,,1,21,,121.5190565,25.0288433
112,12,3,23,56,2,05中正區,中正區南昌路2段婦幼醫院急診室前,0,0,1,2,H01,8,5,5,50,14,9,1,5,4,5,13,4,4,5,4,5,2,9,2,33,2,8,4,5,8,16,8,20,10,16,,67,,1,21,,121.5190565,25.0288433
112,12,4,0,38,2,01大同區,大同區重慶北路3段與民權西路口,0,0,2,1,C03,7,5,5,50,4,2,1,5,4,5,13,2,1,1,4,5,2,17,1,52,2,7,3,4,7,9,1,10,1,11,,16,,1,21,,121.5142797,25.0632592
112,12,4,0,38,2,01大同區,大同區重慶北路3段與民權西路口,0,0,2,4,H02,7,5,5,50,4,2,1,5,4,5,13,2,1,1,4,5,2,17,2,53,2,9,4,5,7,20,8,20,10,16,,67,,1,21,,121.5142797,25.0632592
112,12,4,0,38,2,01大同區,大同區重慶北路3段與民權西路口,0,0,2,2,C03,7,5,5,50,4,2,1,5,4,5,13,2,1,1,4,5,2,17,1,52,3,10,3,4,7,15,1,10,1,13,,14,,1,21,,121.5142797,25.0632592
112,12,4,0,38,2,01大同區,大同區重慶北路3段與民權西路口,0,0,2,3,C03,7,5,5,50,4,2,1,5,4,5,13,2,1,1,4,5,2,17,1,20,3,10,3,4,7,9,1,10,1,11,,108,,1,21,,121.5142797,25.0632592
112,12,4,0,51,2,03中山區,中山區林森北路59號,0,0,1,1,B01,6,5,5,50,14,9,1,4,4,5,13,4,4,5,4,5,2,12,1,59,3,10,7,1,7,11,1,1,2,1,,10,,1,21,,121.5244642,25.04882359
112,12,4,0,51,2,03中山區,中山區林森北路59號,0,0,1,2,C03,6,5,5,50,14,9,1,4,4,5,13,4,4,5,4,5,2,12,1,45,2,9,5,1,7,9,1,10,2,12,,44,,1,21,,121.5244642,25.04882359
112,12,4,0,51,2,03中山區,中山區林森北路59號,0,0,1,3,B03,6,5,5,50,14,9,1,4,4,5,13,4,4,5,4,5,2,12,1,31,3,10,7,1,7,13,1,8,9,4,,44,,1,22,,121.5244642,25.04882359
112,12,4,1,8,2,05中正區,中正區三元街與三元街230巷口,0,0,2,1,F01,6,5,5,30,4,1,1,4,4,5,13,3,1,3,4,5,2,15,2,77,2,8,4,1,7,9,8,20,1,13,,72,,1,21,,121.5128957,25.0275247
112,12,4,1,8,2,05中正區,中正區三元街與三元街230巷口,0,0,2,2,C03,6,5,5,30,4,1,1,4,4,5,13,3,1,3,4,5,2,15,2,66,2,9,5,1,7,9,1,10,1,11,,97,,1,21,,121.5128957,25.0275247
112,12,4,1,10,2,06松山區,松山區松河街與饒河街221巷口,0,0,1,2,H01,6,5,5,50,3,2,1,4,4,5,13,2,1,9,5,5,2,8,2,22,2,5,4,5,8,17,8,20,10,16,,54,,1,21,,121.5766169,25.05139731
112,12,4,1,10,2,06松山區,松山區松河街與饒河街221巷口,0,0,1,1,B01,6,5,5,50,3,2,1,4,4,5,13,2,1,9,5,5,2,8,1,64,3,10,3,4,7,9,1,4,9,2,,108,,2,21,,121.5766169,25.05139731
112,12,4,5,39,2,11南港區,南港區忠孝東路6段223號,0,0,1,1,C03,6,5,5,40,14,8,1,4,4,5,13,4,4,3,4,4,2,18,2,36,2,7,6,1,7,9,1,10,1,17,,42,,1,21,,121.5890268,25.0493105
112,12,4,5,39,2,11南港區,南港區忠孝東路6段223號,0,0,1,2,,6,5,5,40,14,8,1,4,4,5,13,4,4,3,4,4,2,18,3,0,,,,,,,,,,,,67,,1,,,121.5890268,25.0493105
112,12,4,7,27,2,07信義區,信義區永吉路63號,0,0,1,2,C03,6,5,5,50,14,9,1,4,4,5,13,4,4,1,4,5,2,17,2,41,2,9,6,1,7,9,1,10,1,14,,44,,1,22,,121.5692235,25.0457598
112,12,4,7,27,2,07信義區,信義區永吉路63號,0,0,1,1,B01,6,5,5,50,14,9,1,4,4,5,13,4,4,1,4,5,2,17,1,67,3,10,7,1,7,8,1,4,1,2,,108,,1,22,,121.5692235,25.0457598
112,12,4,7,35,2,04大安區,大安區信義路4段199巷與安和路1段102巷口,0,0,1,1,B03,6,7,5,30,4,1,1,4,4,5,13,4,4,10,5,5,2,15,2,42,3,10,7,1,7,9,1,8,1,8,,107,,1,21,,121.5516646,25.0342902
112,12,4,7,35,2,04大安區,大安區信義路4段199巷與安和路1段102巷口,0,0,1,2,C03,6,7,5,30,4,1,1,4,4,5,13,4,4,10,5,5,2,15,2,43,2,9,5,1,7,9,1,10,1,11,,75,,1,21,,121.5516646,25.0342902
112,12,4,7,40,2,08士林區,士林區仰德大道2段與莊頂路口,0,0,1,1,B03,6,6,5,40,3,2,1,4,4,5,13,1,1,9,4,5,1,16,1,60,3,10,3,4,7,15,1,8,1,4,,80,,1,22,,121.5489108,25.1107992
112,12,4,7,40,2,08士林區,士林區仰德大道2段與莊頂路口,0,0,1,2,C03,6,6,5,40,3,2,1,4,4,5,13,1,1,9,4,5,1,16,2,68,2,9,3,4,7,9,1,10,1,14,,44,,1,22,,121.5489108,25.1107992
112,12,4,7,46,2,08士林區,士林區中山北路7段與中山北路7段154巷口,0,0,1,1,B03,6,6,5,50,3,1,1,4,4,5,13,3,1,1,4,5,1,3,2,32,3,10,7,1,7,9,1,15,2,1,,70,,1,21,,121.5324095,25.12391608
112,12,4,7,46,2,08士林區,士林區中山北路7段與中山北路7段154巷口,0,0,1,2,H01,6,6,5,50,3,1,1,4,4,5,13,3,1,1,4,5,1,3,2,67,2,1,4,5,8,16,8,20,10,16,,67,,1,21,,121.5324095,25.12391608
112,12,4,7,46,2,08士林區,士林區中山北路7段與中山北路7段154巷口,0,0,1,3,B12,6,6,5,50,3,1,1,4,4,5,13,3,1,1,4,5,1,3,1,57,3,10,7,1,7,14,1,8,11,17,,99,,1,21,,121.5324095,25.12391608
112,12,4,8,0,2,08士林區,士林區中正路與延平北路6段口,0,0,1,1,C03,6,7,5,50,4,2,1,4,4,5,13,2,1,1,4,5,1,13,1,36,3,10,5,1,7,12,1,10,2,11,,42,,1,21,,121.5092801,25.08658261
112,12,4,8,0,2,08士林區,士林區中正路與延平北路6段口,0,0,1,2,C03,6,7,5,50,4,2,1,4,4,5,13,2,1,1,4,5,1,13,2,64,2,9,5,1,7,14,1,10,2,13,,44,,1,21,,121.5092801,25.08658261
112,12,4,8,5,2,12內湖區,內湖區大湖街190-1號,0,0,1,2,C03,6,6,5,30,12,9,1,4,4,5,13,4,4,10,5,5,2,17,2,30,2,8,6,1,7,6,1,10,2,14,,42,,1,21,,121.6055266,25.09384867
112,12,4,8,5,2,12內湖區,內湖區大湖街190-1號,0,0,1,1,B03,6,6,5,30,12,9,1,4,4,5,13,4,4,10,5,5,2,17,1,50,3,10,7,1,7,5,6,18,2,7,,44,,1,21,,121.6055266,25.09384867