發生年度,發生月,發生日,發生時-Hours,發生分,處理別-編號,區序,肇事地點,死亡人數,2-30日死亡人數,受傷人數,當事人序號,車種,天候,光線,道路類別,速限-速度限制,道路型態,事故位置,路面狀況1,路面狀況2,路面狀況3,道路障礙1,道路障礙2,號誌1,號誌2,車道劃分-分向,車道劃分-分道1,車道劃分-分道2,車道劃分-分道3,事故類型及型態,性別,年齡,受傷程度,主要傷處,保護裝置,行動電話,車輛用途,當事者行動狀態,駕駛資格情形,駕駛執照種類,飲酒情形,車輛撞擊部位1,車輛撞擊部位2,肇因碼-個別,肇因碼-主要,個人肇逃否,職業,旅次目的,座標-X,座標-Y
112,12,5,23,10,2,03中山區,中山區市民大道3段與松江路口,0,0,3,1,C04,8,5,5,40,5,1,1,5,4,5,13,1,1,1,3,5,1,16,1,29,2,8,5,1,7,6,1,10,1,12,,9,,1,21,,121.5330269,25.0455373
112,12,5,23,10,2,03中山區,中山區市民大道3段與松江路口,0,0,3,2,C03,8,5,5,40,5,1,1,5,4,5,13,1,1,1,3,5,1,16,2,23,2,9,6,1,7,9,1,10,1,14,,44,,1,21,,121.5330269,25.0455373
112,12,5,23,10,2,03中山區,中山區市民大道3段與松江路口,0,0,3,3,H02,8,5,5,40,5,1,1,5,4,5,13,1,1,1,3,5,1,16,2,36,2,8,5,5,7,20,8,20,10,16,,67,,1,21,,121.5330269,25.0455373
112,12,5,23,38,2,07信義區,信義區松壽路34號,0,0,1,1,B01,7,5,8,50,22,22,1,4,4,5,13,1,1,5,4,5,2,17,1,35,3,10,7,1,7,9,1,4,2,1,,16,,1,22,,121.5680113,25.035812
112,12,5,23,38,2,07信義區,信義區松壽路34號,0,0,1,2,C03,7,5,8,50,22,22,1,4,4,5,13,1,1,5,4,5,2,17,1,23,2,9,6,1,7,12,1,10,2,13,,44,,1,22,,121.5680113,25.035812
112,12,5,23,44,2,07信義區,信義區虎林街120巷與松信路口口,0,0,1,1,C03,7,5,6,30,4,1,1,4,4,5,13,3,1,5,4,5,2,15,2,42,2,9,5,1,7,9,3,18,2,11,,80,,1,22,,121.5719701,25.0422526
112,12,5,23,44,2,07信義區,信義區虎林街120巷與松信路口口,0,0,1,2,B03,7,5,6,30,4,1,1,4,4,5,13,3,1,5,4,5,2,15,1,21,3,10,2,1,7,9,3,18,2,4,,14,,1,22,,121.5719701,25.0422526
112,12,6,0,8,2,08士林區,士林區前港街與後港街口,0,0,1,1,B01,7,5,5,30,4,1,1,5,4,5,13,4,4,10,5,5,2,15,1,50,3,10,7,1,7,9,1,4,1,1,,72,,1,21,,121.5213969,25.08472433
112,12,6,0,8,2,08士林區,士林區前港街與後港街口,0,0,1,2,C03,7,5,5,30,4,1,1,5,4,5,13,4,4,10,5,5,2,15,2,19,2,9,5,1,7,9,1,10,1,14,,108,,1,21,,121.5213969,25.08472433
112,12,6,1,40,2,08士林區,士林區光華路與光華路26巷口,0,0,1,1,C03,8,5,5,30,4,1,1,5,4,5,13,4,4,10,5,5,2,15,1,20,2,9,5,1,7,9,1,10,1,11,,72,,1,25,,121.5425142,25.1369522
112,12,6,1,40,2,08士林區,士林區光華路與光華路26巷口,0,0,1,2,B02,8,5,5,30,4,1,1,5,4,5,13,4,4,10,5,5,2,15,2,19,3,10,7,1,7,9,1,8,1,6,,108,,1,21,,121.5425142,25.1369522
112,12,6,1,49,2,03中山區,中山區長安東路1段59號,0,0,2,2,C03,7,5,5,50,14,9,1,5,4,5,13,4,4,4,3,4,1,13,1,28,2,8,6,4,7,9,1,10,1,13,,44,,1,21,,121.5279999,25.04839143
112,12,6,1,49,2,03中山區,中山區長安東路1段59號,0,0,2,3,C03,7,5,5,50,14,9,1,5,4,5,13,4,4,4,3,4,1,13,1,68,4,11,3,4,7,13,1,10,9,13,,44,,1,21,,121.5279999,25.04839143
112,12,6,1,49,2,03中山區,中山區長安東路1段59號,0,0,2,1,C04,7,5,5,50,14,9,1,5,4,5,13,4,4,4,3,4,1,13,1,25,2,9,5,4,7,9,1,10,1,11,,108,,1,21,,121.5279999,25.04839143
112,12,6,1,49,2,03中山區,中山區長安東路1段59號,0,0,2,4,C03,7,5,5,50,14,9,1,5,4,5,13,4,4,4,3,4,1,13,3,0,,,,,,,,,,,,67,,1,,,121.5279999,25.04839143
112,12,6,3,10,2,04大安區,大安區仁愛路4段27巷與復興南路1段219巷口,0,0,2,1,B01,7,5,5,30,4,1,1,5,4,5,13,4,4,10,5,5,2,15,1,33,2,1,7,1,7,9,1,4,2,8,,72,,1,21,,121.5452027,25.03900078
112,12,6,3,10,2,04大安區,大安區仁愛路4段27巷與復興南路1段219巷口,0,0,2,2,C03,7,5,5,30,4,1,1,5,4,5,13,4,4,10,5,5,2,15,1,52,2,9,6,1,7,9,1,10,2,11,,13,,1,21,,121.5452027,25.03900078
112,12,6,5,8,2,03中山區,中山區建國北路3段與建國北路3段86巷口,0,0,1,1,B03,8,5,5,50,3,1,1,5,4,5,13,1,1,10,4,5,2,15,1,41,3,10,3,4,7,15,1,8,2,8,,72,,1,21,,121.5353732,25.0660438
112,12,6,5,8,2,03中山區,中山區建國北路3段與建國北路3段86巷口,0,0,1,2,C03,8,5,5,50,3,1,1,5,4,5,13,1,1,10,4,5,2,15,1,42,2,9,3,4,7,9,1,10,2,12,,14,,1,21,,121.5353732,25.0660438
112,12,6,6,56,2,09北投區,北投區大度路往淡水方向第1208628號燈桿旁,0,0,1,1,C03,8,6,5,50,14,12,1,5,4,5,13,4,4,1,4,1,1,13,1,47,3,10,5,1,7,9,1,10,2,11,,108,,1,21,,121.4891037,25.1219458
112,12,6,6,56,2,09北投區,北投區大度路往淡水方向第1208628號燈桿旁,0,0,1,2,F01,8,6,5,50,14,12,1,5,4,5,13,4,4,1,4,1,1,13,1,66,2,9,4,1,7,9,8,20,2,13,,44,,1,21,,121.4891037,25.1219458
112,12,6,6,58,2,01大同區,大同區承德路1段與市民大道1段口,0,0,1,2,C04,7,5,5,40,4,2,1,4,4,5,13,2,1,9,4,5,2,17,2,29,2,7,6,1,7,9,1,10,9,14,,44,,1,21,,121.5161209,25.0489047
112,12,6,6,58,2,01大同區,大同區承德路1段與市民大道1段口,0,0,1,1,C03,7,5,5,40,4,2,1,4,4,5,13,2,1,9,4,5,2,17,1,38,4,11,3,4,7,15,7,19,11,15,,17,,2,22,,121.5161209,25.0489047
112,12,6,8,8,2,12內湖區,內湖區五分街與安康路口,0,0,1,1,B03,6,5,5,0,4,1,1,4,4,5,13,4,4,10,5,5,2,3,1,56,3,10,7,1,7,9,1,8,9,5,,80,,1,21,,121.6152451,25.0673211
112,12,6,8,8,2,12內湖區,內湖區五分街與安康路口,0,0,1,2,H01,6,5,5,0,4,1,1,4,4,5,13,4,4,10,5,5,2,3,2,69,2,9,4,5,8,16,8,20,10,16,,121,,1,21,,121.6152451,25.0673211
112,12,6,8,30,2,12內湖區,內湖區洲子街18號,0,0,2,1,C03,6,7,5,50,14,9,1,4,4,5,13,4,4,4,4,5,1,11,1,38,2,9,3,4,7,11,1,10,1,12,,80,,1,22,,121.5745366,25.07868662
112,12,6,8,30,2,12內湖區,內湖區洲子街18號,0,0,2,2,C03,6,7,5,50,14,9,1,4,4,5,13,4,4,4,4,5,1,11,1,46,2,9,3,4,7,9,1,10,1,11,,44,,1,22,,121.5745366,25.07868662
112,12,6,8,32,2,01大同區,大同區酒泉街25號,0,0,1,2,B01,6,6,5,50,14,9,1,4,4,5,13,4,4,10,5,5,2,17,1,49,2,9,7,1,7,9,1,8,2,3,,44,,1,22,,121.5191544,25.0706172
112,12,6,8,32,2,01大同區,大同區酒泉街25號,0,0,1,1,A04,6,6,5,50,14,9,1,4,4,5,13,4,4,10,5,5,2,17,1,59,3,10,7,1,7,9,1,2,2,1,,16,,1,22,,121.5191544,25.0706172
112,12,6,8,32,2,01大同區,大同區酒泉街25號,0,0,1,3,B03,6,6,5,50,14,9,1,4,4,5,13,4,4,10,5,5,2,17,1,26,4,11,3,4,7,14,7,19,11,15,,40,,2,22,,121.5191544,25.0706172
112,12,6,8,37,2,04大安區,大安區復興南路1段與復興南路1段295巷口,0,0,1,1,B03,7,6,5,50,4,1,1,4,4,5,13,1,1,9,5,5,2,16,1,70,3,10,7,1,7,6,1,8,1,2,,108,,1,21,,121.5435944,25.0350764
112,12,6,8,37,2,04大安區,大安區復興南路1段與復興南路1段295巷口,0,0,1,2,C03,7,6,5,50,4,1,1,4,4,5,13,1,1,9,5,5,2,16,2,36,2,7,5,1,7,5,1,10,1,14,,44,,1,26,,121.5435944,25.0350764
112,12,6,8,43,2,06松山區,松山區南京東路5段250巷與南京東路5段250巷2弄口,0,0,1,1,C03,6,6,5,30,4,1,1,4,4,5,13,4,4,10,5,5,2,15,1,35,2,9,6,1,7,9,1,10,1,11,,72,,1,21,,121.5661163,25.05071756
112,12,6,8,43,2,06松山區,松山區南京東路5段250巷與南京東路5段250巷2弄口,0,0,1,2,B12,6,6,5,30,4,1,1,4,4,5,13,4,4,10,5,5,2,15,1,44,3,10,7,1,7,9,1,8,1,8,,42,,1,21,,121.5661163,25.05071756
112,12,6,8,52,2,12內湖區,內湖區安康路與安康路口,0,0,1,2,C03,6,6,5,30,3,1,1,4,4,5,13,4,4,9,5,5,2,16,1,55,2,9,5,1,7,9,1,10,1,12,,44,,1,21,,121.6016121,25.06335551
112,12,6,8,52,2,12內湖區,內湖區安康路與安康路口,0,0,1,1,B03,6,6,5,30,3,1,1,4,4,5,13,4,4,9,5,5,2,16,1,61,3,10,7,1,7,6,1,8,1,1,,72,,1,21,,121.6016121,25.06335551
112,12,6,9,0,2,12內湖區,內湖區江南街71巷65弄15號,0,0,2,1,C03,6,6,5,30,3,2,1,4,4,5,13,4,4,5,5,5,2,3,2,23,2,8,6,1,7,9,1,10,1,11,,108,,1,21,,121.5787422,25.07606558
112,12,6,9,0,2,12內湖區,內湖區江南街71巷65弄15號,0,0,2,2,H01,6,6,5,30,3,2,1,4,4,5,13,4,4,5,5,5,2,3,2,37,2,5,4,5,8,18,8,20,10,16,,121,,1,21,,121.5787422,25.07606558
112,12,6,9,14,2,02萬華區,萬華區青年路與水源路口,0,0,1,1,B12,6,6,5,50,4,2,1,4,4,5,13,2,1,9,4,5,2,9,1,42,3,10,7,1,7,5,1,8,1,1,,70,,1,21,,121.5041537,25.0200302
112,12,6,9,14,2,02萬華區,萬華區青年路與水源路口,0,0,1,2,H01,6,6,5,50,4,2,1,4,4,5,13,2,1,9,4,5,2,9,2,77,2,8,4,5,8,16,8,20,10,16,,67,,1,21,,121.5041537,25.0200302
112,12,6,9,16,2,04大安區,大安區市民大道3段與八德路2段口,0,0,2,1,C03,6,6,5,50,4,1,1,4,4,5,13,2,1,1,4,4,2,12,1,65,2,8,6,1,7,9,1,10,1,12,,108,,1,21,,121.5346656,25.045032
112,12,6,9,16,2,04大安區,大安區市民大道3段與八德路2段口,0,0,2,2,C03,6,6,5,50,4,1,1,4,4,5,13,2,1,1,4,4,2,12,2,21,2,7,6,1,7,15,1,10,1,11,,44,,1,21,,121.5346656,25.045032
112,12,6,9,34,2,03中山區,中山區民生東路1段與林森北路口,0,0,1,1,B01,6,5,5,50,4,1,1,4,4,5,13,1,1,5,4,5,2,16,1,56,3,10,7,1,7,5,1,4,1,5,,74,,1,21,,121.5255106,25.05804226
112,12,6,9,34,2,03中山區,中山區民生東路1段與林森北路口,0,0,1,2,C03,6,5,5,50,4,1,1,4,4,5,13,1,1,5,4,5,2,16,1,37,2,8,6,1,7,9,1,10,1,14,,44,,1,21,,121.5255106,25.05804226
112,12,6,9,34,2,07信義區,信義區松仁路與信義路5段150巷14弄口口,0,0,1,1,B03,6,6,5,50,4,1,1,4,4,5,13,2,1,9,5,5,2,16,2,38,3,10,3,4,7,5,1,8,1,1,5,74,,1,21,,121.5683819,25.028532
112,12,6,9,34,2,07信義區,信義區松仁路與信義路5段150巷14弄口口,0,0,1,2,C03,6,6,5,50,4,1,1,4,4,5,13,2,1,9,5,5,2,16,1,32,2,7,5,1,7,9,1,10,1,11,12,44,,1,21,,121.5683819,25.028532
112,12,6,9,50,2,08士林區,士林區格致路與愛富一街口,0,0,2,1,C03,6,6,5,50,3,1,1,4,4,5,13,4,4,4,5,5,1,16,2,21,2,8,5,1,7,5,1,10,1,14,,74,,1,21,,121.5465611,25.1382052
112,12,6,9,50,2,08士林區,士林區格致路與愛富一街口,0,0,2,2,C03,6,6,5,50,3,1,1,4,4,5,13,4,4,4,5,5,1,16,1,22,2,7,5,1,7,9,1,10,1,12,,108,,1,21,,121.5465611,25.1382052
112,12,6,10,0,2,05中正區,中正區仁愛路1段59號,0,0,1,1,C03,6,6,5,50,14,9,1,4,4,5,13,1,1,1,4,5,2,16,1,44,2,9,6,1,7,5,1,10,2,14,,103,,1,21,,121.5252051,25.0383486
112,12,6,10,0,2,05中正區,中正區仁愛路1段59號,0,0,1,2,B01,6,6,5,50,14,9,1,4,4,5,13,1,1,1,4,5,2,16,1,69,3,10,7,1,7,9,1,4,2,1,,44,,1,21,,121.5252051,25.0383486
112,12,6,10,39,2,08士林區,士林區中正路與承德路4段口,0,0,3,3,C03,6,6,5,50,4,1,1,4,4,5,13,2,1,1,4,1,2,17,1,37,2,9,5,1,7,9,1,10,2,11,,16,,1,21,,121.5165611,25.0909235
112,12,6,10,39,2,08士林區,士林區中正路與承德路4段口,0,0,3,2,C03,6,6,5,50,4,1,1,4,4,5,13,2,1,1,4,1,2,17,1,57,2,9,5,1,7,14,1,10,2,13,,44,,1,21,,121.5165611,25.0909235
112,12,6,10,39,2,08士林區,士林區中正路與承德路4段口,0,0,3,1,C03,6,6,5,50,4,1,1,4,4,5,13,2,1,1,4,1,2,17,2,65,2,9,5,1,7,9,1,10,2,11,,16,,1,21,,121.5165611,25.0909235
112,12,6,12,9,2,02萬華區,萬華區長沙街2段107號,0,0,1,1,C03,8,6,5,50,14,9,1,5,4,5,13,4,4,9,5,5,2,17,2,66,2,9,5,4,7,15,1,10,1,13,,42,,1,21,,121.5038006,25.0404969
112,12,6,12,9,2,02萬華區,萬華區長沙街2段107號,0,0,1,2,B01,8,6,5,50,14,9,1,5,4,5,13,4,4,9,5,5,2,17,1,68,3,10,7,4,7,9,1,4,1,5,,44,,1,21,,121.5038006,25.0404969
112,12,6,12,40,2,08士林區,士林區中山北路6段291號,0,0,2,1,F01,6,6,5,0,14,20,4,4,4,4,12,4,4,10,5,5,2,3,1,33,2,8,4,1,7,9,8,20,2,15,,42,,1,21,,121.5254069,25.1104465
112,12,6,12,40,2,08士林區,士林區中山北路6段291號,0,0,2,2,H01,6,6,5,0,14,20,4,4,4,4,12,4,4,10,5,5,2,3,1,68,2,1,4,5,8,16,8,20,10,16,,67,,1,21,,121.5254069,25.1104465
112,12,6,13,10,2,08士林區,士林區中正路與福林路口,0,0,1,2,F01,6,6,5,50,4,2,1,4,4,5,13,2,1,1,4,4,2,17,1,18,2,9,4,1,7,9,8,20,1,14,,99,,1,21,,121.5319918,25.0963696
112,12,6,13,10,2,08士林區,士林區中正路與福林路口,0,0,1,1,B01,6,6,5,50,4,2,1,4,4,5,13,2,1,1,4,4,2,17,2,61,3,10,7,1,7,11,1,4,1,1,,8,,1,21,,121.5319918,25.0963696
112,12,6,13,30,2,03中山區,中山區八德路2段167巷與建國北路1段23巷口,0,0,2,1,C03,6,5,5,30,4,1,1,4,4,5,13,4,4,10,5,5,2,15,2,30,2,9,6,1,7,9,1,10,1,12,,72,,1,21,,121.5379698,25.0473833
112,12,6,13,30,2,03中山區,中山區八德路2段167巷與建國北路1段23巷口,0,0,2,2,C03,6,5,5,30,4,1,1,4,4,5,13,4,4,10,5,5,2,15,1,35,2,9,6,1,7,9,1,10,1,11,,14,,1,21,,121.5379698,25.0473833
112,12,6,13,30,2,07信義區,信義區和平東路3段575巷與和平東路口側附近3段口,0,0,1,1,C03,6,6,5,40,3,1,1,4,4,5,13,4,4,9,4,5,2,17,1,33,2,9,6,1,7,9,1,10,1,11,,16,,1,22,,121.5617091,25.0150458
112,12,6,13,30,2,07信義區,信義區和平東路3段575巷與和平東路口側附近3段口,0,0,1,2,C03,6,6,5,40,3,1,1,4,4,5,13,4,4,9,4,5,2,17,1,23,3,10,6,1,7,9,1,10,1,13,,44,,1,22,,121.5617091,25.0150458
112,12,6,13,44,2,07信義區,信義區基隆路1段333號,0,0,1,1,B01,6,7,5,50,22,9,1,4,4,5,13,4,4,9,4,5,1,17,1,65,3,10,7,1,7,1,1,4,1,8,,19,,1,21,,121.5605879,25.0343899
112,12,6,13,44,2,07信義區,信義區基隆路1段333號,0,0,1,2,C03,6,7,5,50,22,9,1,4,4,5,13,4,4,9,4,5,1,17,2,38,2,9,5,1,7,9,1,10,1,12,,44,,1,21,,121.5605879,25.0343899
112,12,6,14,0,2,08士林區,士林區延平北路6段482號,0,0,1,1,B03,6,5,5,50,14,8,1,4,4,5,13,4,4,1,4,4,2,17,2,77,4,11,3,4,7,1,7,19,11,15,,19,,2,22,,121.4986694,25.09311057
112,12,6,14,0,2,08士林區,士林區延平北路6段482號,0,0,1,2,C03,6,5,5,50,14,8,1,4,4,5,13,4,4,1,4,4,2,17,1,21,3,10,5,4,7,9,1,10,1,17,,4,,1,22,,121.4986694,25.09311057
112,12,6,14,0,2,08士林區,士林區延平北路6段482號,0,0,1,3,H02,6,5,5,50,14,8,1,4,4,5,13,4,4,1,4,4,2,17,2,21,2,8,5,5,7,17,8,20,10,16,,67,,1,22,,121.4986694,25.09311057
112,12,6,14,5,2,05中正區,中正區市民大道1段168號,0,0,2,1,C03,6,6,5,40,3,2,1,4,4,5,13,4,4,1,4,5,2,16,1,19,2,9,6,1,7,11,1,10,2,13,,10,,1,22,,121.5186251,25.0483837
112,12,6,14,5,2,05中正區,中正區市民大道1段168號,0,0,2,2,C03,6,6,5,40,3,2,1,4,4,5,13,4,4,1,4,5,2,16,1,30,2,9,6,1,7,9,1,10,2,11,,44,,1,21,,121.5186251,25.0483837
112,12,6,14,35,2,02萬華區,萬華區中華路1段124號,0,0,1,2,C03,6,6,5,50,14,5,1,4,4,5,13,4,4,1,3,1,2,12,1,57,2,9,6,1,7,9,1,10,1,14,,42,,1,21,,121.5082811,25.0436422
112,12,6,14,35,2,02萬華區,萬華區中華路1段124號,0,0,1,1,B01,6,6,5,50,14,5,1,4,4,5,13,4,4,1,3,1,2,12,1,53,3,10,7,1,7,1,1,4,1,7,,19,,1,21,,121.5082811,25.0436422
112,12,6,14,50,2,04大安區,大安區建國南路1段與濟南路3段口,0,0,1,1,C03,6,7,5,40,14,8,1,4,4,5,13,4,4,1,4,4,1,17,1,37,3,10,6,1,7,9,1,10,1,11,,16,,1,21,,121.5381172,25.03983646
112,12,6,14,50,2,04大安區,大安區建國南路1段與濟南路3段口,0,0,1,2,C03,6,7,5,40,14,8,1,4,4,5,13,4,4,1,4,4,1,17,1,43,2,8,6,1,7,9,1,10,1,13,,44,,1,21,,121.5381172,25.03983646
112,12,6,14,55,2,05中正區,中正區和平西路2段160號,0,0,1,1,C03,6,6,5,40,14,8,1,4,4,5,13,4,4,1,4,4,1,17,1,54,2,7,6,1,7,9,1,10,2,12,,42,,1,21,,121.5056589,25.0331015
112,12,6,14,55,2,05中正區,中正區和平西路2段160號,0,0,1,2,B12,6,6,5,40,14,8,1,4,4,5,13,4,4,1,4,4,1,17,1,31,3,10,7,1,7,9,1,8,2,6,,44,,1,21,,121.5056589,25.0331015
112,12,6,14,56,2,03中山區,中山區長安西路19巷2弄與南京西路口,0,0,1,1,C03,6,5,5,50,4,2,1,4,4,5,13,1,1,1,4,4,2,16,2,25,3,10,6,1,7,15,1,10,1,17,,98,,1,21,,121.5205265,25.052596
112,12,6,14,56,2,03中山區,中山區長安西路19巷2弄與南京西路口,0,0,1,2,C03,6,5,5,50,4,2,1,4,4,5,13,1,1,1,4,4,2,16,1,29,2,9,6,1,7,9,1,10,1,12,,13,,1,21,,121.5205265,25.052596
112,12,6,15,8,2,07信義區,信義區市民大道5段與東寧路口,0,0,1,1,B11,6,7,5,50,3,2,1,4,4,5,13,1,1,1,4,4,1,12,1,45,3,10,2,4,7,15,1,7,1,2,,17,,1,21,,121.5628615,25.0471633
112,12,6,15,8,2,07信義區,信義區市民大道5段與東寧路口,0,0,1,2,C03,6,7,5,50,3,2,1,4,4,5,13,1,1,1,4,4,1,12,1,32,2,9,5,1,7,15,1,10,1,14,,17,,1,21,,121.5628615,25.0471633
112,12,6,15,13,2,08士林區,士林區通河西街1段1101303燈桿,0,0,1,2,C03,6,6,5,40,14,9,1,4,4,5,13,4,4,8,3,5,1,17,1,54,2,7,5,1,7,9,1,10,1,14,,13,,1,21,,121.5145625,25.0800793
112,12,6,15,13,2,08士林區,士林區通河西街1段1101303燈桿,0,0,1,1,E05,6,6,5,40,14,9,1,4,4,5,13,4,4,8,3,5,1,17,1,38,3,10,7,1,7,1,1,8,1,17,,19,,1,21,,121.5145625,25.0800793
112,12,6,15,24,2,08士林區,士林區承德路4段與通河東街2段口,0,0,1,2,B12,6,6,5,40,4,1,1,4,4,5,13,2,1,3,4,4,1,17,1,67,3,10,3,4,7,6,1,8,2,2,,44,,1,22,,121.5137976,25.0961219
112,12,6,15,24,2,08士林區,士林區承德路4段與通河東街2段口,0,0,1,1,C03,6,6,5,40,4,1,1,4,4,5,13,2,1,3,4,4,1,17,1,43,2,9,3,4,7,9,1,10,2,11,,81,,1,22,,121.5137976,25.0961219
112,12,6,15,25,2,03中山區,中山區民生東路1段與民生東路1段70巷口,0,0,1,1,B03,6,5,5,50,14,9,1,4,4,5,13,4,4,4,3,5,1,12,2,49,3,10,3,4,7,7,1,8,2,8,,100,,1,21,,121.526519,25.05803362
112,12,6,15,25,2,03中山區,中山區民生東路1段與民生東路1段70巷口,0,0,1,2,C03,6,5,5,50,14,9,1,4,4,5,13,4,4,4,3,5,1,12,1,34,2,8,6,4,7,9,1,10,2,12,,44,,1,21,,121.526519,25.05803362
112,12,6,15,31,2,04大安區,大安區復興南路2段與復興南路2段151巷口,0,0,1,2,C03,6,6,5,50,4,1,1,4,4,5,13,2,1,1,4,5,2,15,2,55,2,9,6,1,7,9,1,10,1,11,,44,,1,21,,121.5434709,25.0284432
112,12,6,15,31,2,04大安區,大安區復興南路2段與復興南路2段151巷口,0,0,1,1,B03,6,6,5,50,4,1,1,4,4,5,13,2,1,1,4,5,2,15,1,39,3,10,7,1,7,9,1,7,1,4,,81,,1,21,,121.5434709,25.0284432
112,12,6,15,46,2,11南港區,南港區研究院路1段與研究院路1段101巷口,0,0,1,1,B03,6,6,5,50,4,1,1,4,4,5,13,1,1,1,4,5,2,15,1,69,3,10,3,4,7,15,1,8,1,2,,74,,1,21,,121.6159902,25.051917
112,12,6,15,46,2,11南港區,南港區研究院路1段與研究院路1段101巷口,0,0,1,2,C03,6,6,5,50,4,1,1,4,4,5,13,1,1,1,4,5,2,15,2,18,2,9,3,4,7,9,1,10,1,11,,13,,1,21,,121.6159902,25.051917
112,12,6,15,46,2,07信義區,信義區基隆路2段51號,0,0,1,2,C03,8,5,5,50,14,9,1,4,4,5,13,4,4,1,4,5,2,12,1,29,2,8,5,1,7,9,1,10,1,12,,44,,1,21,,121.5588788,25.0311185
112,12,6,15,46,2,07信義區,信義區基隆路2段51號,0,0,1,1,B03,8,5,5,50,14,9,1,4,4,5,13,4,4,1,4,5,2,12,2,32,3,10,7,1,7,13,1,8,1,8,,40,,1,21,,121.5588788,25.0311185
112,12,6,16,47,2,07信義區,信義區基隆路1段180號,0,0,1,1,C03,6,5,5,50,14,9,1,4,4,5,13,4,4,1,4,5,1,17,1,23,2,9,5,1,7,8,1,10,1,12,,100,,1,21,,121.5649953,25.04232748
112,12,6,16,47,2,07信義區,信義區基隆路1段180號,0,0,1,2,B03,6,5,5,50,14,9,1,4,4,5,13,4,4,1,4,5,1,17,1,29,3,10,3,4,7,9,1,8,1,5,,44,,1,21,,121.5649953,25.04232748
112,12,6,17,15,2,05中正區,中正區林森南路與濟南路1段口,0,0,3,2,H01,6,5,5,50,4,1,1,4,4,5,13,2,1,9,4,5,2,2,2,72,2,6,4,5,8,16,8,20,10,16,,67,,1,26,,121.5227237,25.0425135
112,12,6,17,15,2,05中正區,中正區林森南路與濟南路1段口,0,0,3,3,H01,6,5,5,50,4,1,1,4,4,5,13,2,1,9,4,5,2,2,2,71,2,1,4,5,8,16,8,20,10,16,,67,,1,26,,121.5227237,25.0425135
112,12,6,17,15,2,05中正區,中正區林森南路與濟南路1段口,0,0,3,1,C03,6,5,5,50,4,1,1,4,4,5,13,2,1,9,4,5,2,2,1,32,2,8,6,1,7,5,1,10,2,11,,70,,1,26,,121.5227237,25.0425135
112,12,6,17,15,2,03中山區,中山區北安路387號前,0,0,1,1,B03,6,5,5,50,14,9,1,4,4,5,13,4,4,1,3,5,1,17,2,32,3,10,3,4,7,11,1,8,1,17,,10,,1,21,,121.5400994,25.07944512
112,12,6,17,15,2,03中山區,中山區北安路387號前,0,0,1,2,C03,6,5,5,50,14,9,1,4,4,5,13,4,4,1,3,5,1,17,2,47,2,9,6,4,7,9,1,10,1,14,,44,,1,21,,121.5400994,25.07944512
112,12,6,17,15,2,12內湖區,內湖區內湖路2段355巷與內湖路3段口,0,0,1,1,B03,6,5,5,30,4,1,1,4,4,5,13,4,4,10,5,5,2,17,1,34,3,10,7,1,7,6,1,8,1,8,,72,,1,21,,121.5927001,25.08458982
112,12,6,17,15,2,12內湖區,內湖區內湖路2段355巷與內湖路3段口,0,0,1,2,C03,6,5,5,30,4,1,1,4,4,5,13,4,4,10,5,5,2,17,1,68,2,9,5,1,7,9,1,10,1,11,,44,,1,21,,121.5927001,25.08458982
112,12,6,17,15,2,07信義區,信義區仁愛路4段與逸仙路口側附近口,0,0,1,2,B03,6,5,5,50,3,2,1,4,4,5,13,2,1,3,4,1,2,12,1,57,3,10,3,4,7,9,1,8,2,4,,44,,1,21,,121.5613231,25.03767899
112,12,6,17,15,2,07信義區,信義區仁愛路4段與逸仙路口側附近口,0,0,1,1,C03,6,5,5,50,3,2,1,4,4,5,13,2,1,3,4,1,2,12,1,37,2,8,3,4,7,9,1,10,2,12,,80,,1,21,,121.5613231,25.03767899
112,12,6,17,35,2,05中正區,中正區林森南路與青島東路口,0,0,1,2,C03,6,5,5,50,4,1,1,4,4,5,13,1,1,10,5,5,2,16,1,39,2,9,5,1,7,9,1,10,2,12,,108,,1,22,,121.5229511,25.043641
112,12,6,17,35,2,05中正區,中正區林森南路與青島東路口,0,0,1,1,B12,6,5,5,50,4,1,1,4,4,5,13,1,1,10,5,5,2,16,1,61,3,10,2,1,7,5,1,1,2,6,,44,,1,22,,121.5229511,25.043641
112,12,6,17,38,2,02萬華區,萬華區西寧南路與內江街口,0,0,1,2,H01,6,5,5,50,4,2,1,4,4,5,13,1,1,10,3,5,2,3,2,62,2,9,4,5,8,16,8,20,10,16,,67,,1,21,,121.5060458,25.0416437
112,12,6,17,38,2,02萬華區,萬華區西寧南路與內江街口,0,0,1,1,B03,6,5,5,50,4,2,1,4,4,5,13,1,1,10,3,5,2,3,2,61,3,10,7,1,7,5,1,8,2,1,,70,,1,21,,121.5060458,25.0416437
112,12,6,17,40,2,07信義區,信義區吳興街220巷67號,0,0,3,1,C03,8,7,8,50,14,9,1,4,4,5,13,1,1,9,5,5,2,2,2,39,2,9,5,1,7,9,1,10,1,11,,108,,1,21,,121.5611282,25.02612312
112,12,6,17,40,2,07信義區,信義區吳興街220巷67號,0,0,3,2,,8,7,8,50,14,9,1,4,4,5,13,1,1,9,5,5,2,2,1,76,2,9,4,5,8,16,8,20,1,16,,60,,1,21,,121.5611282,25.02612312