發生年度,發生月,發生日,發生時-Hours,發生分,處理別-編號,區序,肇事地點,死亡人數,2-30日死亡人數,受傷人數,當事人序號,車種,天候,光線,道路類別,速限-速度限制,道路型態,事故位置,路面狀況1,路面狀況2,路面狀況3,道路障礙1,道路障礙2,號誌1,號誌2,車道劃分-分向,車道劃分-分道1,車道劃分-分道2,車道劃分-分道3,事故類型及型態,性別,年齡,受傷程度,主要傷處,保護裝置,行動電話,車輛用途,當事者行動狀態,駕駛資格情形,駕駛執照種類,飲酒情形,車輛撞擊部位1,車輛撞擊部位2,肇因碼-個別,肇因碼-主要,個人肇逃否,職業,旅次目的,座標-X,座標-Y
112,12,7,9,30,2,10文山區,文山區木柵路1段323號斜對面,0,0,1,2,C03,8,5,5,50,14,9,1,5,4,5,13,4,4,4,3,5,2,12,1,90,2,8,5,1,7,7,1,10,2,14,,100,,1,21,,121.5559213,24.988314
112,12,7,9,30,2,07信義區,信義區市民大道5段與光復南路口,0,0,1,1,B03,8,7,5,40,4,1,1,5,4,5,13,1,1,1,4,1,2,12,1,35,3,10,7,1,7,9,1,8,1,2,,99,,1,21,,121.5579234,25.0450565
112,12,7,9,30,2,07信義區,信義區市民大道5段與光復南路口,0,0,1,2,C03,8,7,5,40,4,1,1,5,4,5,13,1,1,1,4,1,2,12,1,37,2,8,6,1,7,9,1,10,1,14,,13,,1,21,,121.5579234,25.0450565
112,12,7,9,30,2,07信義區,信義區忠孝東路5段743巷與忠孝東路5段口,0,0,1,2,C03,8,5,5,50,5,1,1,5,4,5,13,2,1,10,5,5,2,17,1,23,2,9,5,1,7,9,1,10,1,14,,1,,1,21,,121.5814283,25.0436835
112,12,7,9,30,2,07信義區,信義區忠孝東路5段743巷與忠孝東路5段口,0,0,1,1,B01,8,5,5,50,5,1,1,5,4,5,13,2,1,10,5,5,2,17,1,56,3,10,7,1,7,6,1,4,1,2,,9,,1,21,,121.5814283,25.0436835
112,12,7,9,40,2,11南港區,南港區向陽路139號號旁,0,0,2,4,B03,8,6,5,50,14,9,1,5,4,5,13,4,4,9,4,5,2,12,1,35,3,10,3,4,7,14,1,8,1,2,,44,,1,21,,121.5939874,25.0556879
112,12,7,9,40,2,11南港區,南港區向陽路139號號旁,0,0,2,3,B12,8,6,5,50,14,9,1,5,4,5,13,4,4,9,4,5,2,12,1,71,3,10,3,4,7,14,1,8,1,6,,44,,1,21,,121.5939874,25.0556879
112,12,7,9,40,2,11南港區,南港區向陽路139號號旁,0,0,2,2,C03,8,6,5,50,14,9,1,5,4,5,13,4,4,9,4,5,2,12,1,58,2,9,3,4,7,8,1,10,1,13,,100,,1,21,,121.5939874,25.0556879
112,12,7,9,40,2,11南港區,南港區向陽路139號號旁,0,0,2,1,C03,8,6,5,50,14,9,1,5,4,5,13,4,4,9,4,5,2,12,2,29,2,8,3,4,7,9,1,10,1,11,,44,,1,21,,121.5939874,25.0556879
112,12,7,10,15,2,10文山區,文山區木新路3段232巷7弄9-3號,0,0,1,1,C03,8,7,5,30,14,9,1,5,4,5,13,4,4,10,5,5,2,2,2,48,3,10,5,1,7,9,1,10,2,11,,108,,1,21,,121.5588553,24.981868
112,12,7,10,15,2,10文山區,文山區木新路3段232巷7弄9-3號,0,0,1,2,H01,8,7,5,30,14,9,1,5,4,5,13,4,4,10,5,5,2,2,2,58,2,9,4,5,8,16,8,20,10,16,,67,,1,21,,121.5588553,24.981868
112,12,7,10,35,2,02萬華區,萬華區西寧南路與內江街口,0,0,2,1,C03,8,5,5,50,14,9,1,5,4,5,13,1,1,9,4,5,2,17,2,59,2,9,5,4,7,7,1,10,1,14,,100,,1,22,,121.5060226,25.0415011
112,12,7,10,35,2,02萬華區,萬華區西寧南路與內江街口,0,0,2,2,C03,8,5,5,50,14,9,1,5,4,5,13,1,1,9,4,5,2,17,1,28,2,8,5,4,7,9,1,10,1,11,,44,,1,22,,121.5060226,25.0415011
112,12,7,10,39,2,08士林區,士林區建業路與格致路口,0,0,1,1,B03,8,5,5,40,3,1,1,5,4,5,13,2,1,4,5,5,1,17,1,57,3,10,7,1,7,5,1,8,1,2,,8,,1,21,,121.5460329,25.1352907
112,12,7,10,39,2,08士林區,士林區建業路與格致路口,0,0,1,2,C03,8,5,5,40,3,1,1,5,4,5,13,2,1,4,5,5,1,17,1,23,2,9,5,1,7,9,1,10,1,11,,14,,1,21,,121.5460329,25.1352907
112,12,7,10,45,2,05中正區,中正區汀州路3段與羅斯福路4段24巷口,0,0,2,1,F01,8,6,5,50,4,1,1,5,4,5,12,2,1,5,4,5,2,15,1,73,2,7,4,1,7,9,8,20,1,12,,81,,1,21,,121.5325493,25.0148299
112,12,7,10,45,2,05中正區,中正區汀州路3段與羅斯福路4段24巷口,0,0,2,2,C03,8,6,5,50,4,1,1,5,4,5,12,2,1,5,4,5,2,15,2,58,2,9,5,1,7,9,1,10,1,11,,44,,1,21,,121.5325493,25.0148299
112,12,7,10,49,2,07信義區,信義區基隆路2段41號,0,0,1,3,C03,8,5,5,50,14,9,1,5,4,5,13,4,4,1,4,5,2,17,1,39,3,10,5,1,7,9,6,10,1,12,,44,,1,22,,121.5587136,25.0313398
112,12,7,10,49,2,07信義區,信義區基隆路2段41號,0,0,1,1,C03,8,5,5,50,14,9,1,5,4,5,13,4,4,1,4,5,2,17,2,49,2,9,5,1,7,9,1,10,1,11,,107,,1,22,,121.5587136,25.0313398
112,12,7,10,49,2,07信義區,信義區基隆路2段41號,0,0,1,2,B02,8,5,5,50,14,9,1,5,4,5,13,4,4,1,4,5,2,17,1,63,3,10,7,1,7,6,1,4,1,7,,44,,1,22,,121.5587136,25.0313398
112,12,7,10,50,2,10文山區,文山區指南路3段115-8號,0,0,1,2,C03,7,6,5,30,11,9,1,5,4,5,13,4,4,10,5,5,2,10,1,40,2,9,6,1,7,9,1,10,2,11,,13,,1,21,,121.582079,24.9812103
112,12,7,10,50,2,10文山區,文山區指南路3段115-8號,0,0,1,1,A02,7,6,5,30,11,9,1,5,4,5,13,4,4,10,5,5,2,10,1,53,3,10,7,1,7,9,1,2,2,8,,44,,1,21,,121.582079,24.9812103
112,12,7,10,52,2,09北投區,北投區大興街與光明路2巷口,0,0,1,1,C03,8,6,5,50,14,9,1,5,4,5,13,4,4,9,4,5,2,16,1,85,2,7,5,1,7,6,1,10,1,14,,80,,1,21,,121.5002258,25.13048176
112,12,7,10,52,2,09北投區,北投區大興街與光明路2巷口,0,0,1,2,C03,8,6,5,50,14,9,1,5,4,5,13,4,4,9,4,5,2,16,2,45,3,10,5,1,7,9,1,10,1,12,,44,,1,21,,121.5002258,25.13048176
112,12,7,11,51,2,09北投區,北投區振興街與天母西路130巷口,0,0,1,1,C03,8,6,5,50,3,1,1,5,4,5,13,4,4,10,5,5,2,16,1,43,2,9,5,1,7,5,1,10,1,12,,72,,1,21,,121.5219805,25.1183293
112,12,7,11,51,2,09北投區,北投區振興街與天母西路130巷口,0,0,1,2,B03,8,6,5,50,3,1,1,5,4,5,13,4,4,10,5,5,2,16,1,37,3,10,7,1,7,9,1,8,1,4,,44,,1,21,,121.5219805,25.1183293
112,12,7,11,58,2,02萬華區,萬華區萬大路414號,0,0,1,2,C03,8,6,5,50,14,9,1,5,4,5,13,4,4,1,4,5,2,12,1,75,2,8,3,4,7,9,1,10,1,14,,118,,1,22,,121.4984397,25.02124823
112,12,7,11,58,2,02萬華區,萬華區萬大路414號,0,0,1,1,C03,8,6,5,50,14,9,1,5,4,5,13,4,4,1,4,5,2,12,1,42,3,10,3,4,7,9,1,10,1,12,,118,,1,22,,121.4984397,25.02124823
112,12,7,12,25,2,03中山區,中山區南京東路2段115巷與南京東路2段115巷3弄口,0,0,1,1,B02,8,7,8,30,14,9,1,5,4,5,13,4,4,10,5,5,2,9,1,28,3,10,3,4,7,9,1,8,1,2,,108,,1,21,,121.5336489,25.05341233
112,12,7,12,25,2,03中山區,中山區南京東路2段115巷與南京東路2段115巷3弄口,0,0,1,2,H01,8,7,8,30,14,9,1,5,4,5,13,4,4,10,5,5,2,9,1,45,2,5,4,5,8,17,8,20,10,16,,67,,1,21,,121.5336489,25.05341233
112,12,7,12,30,2,01大同區,大同區環河北路2段與延平北路3段18巷口,0,0,2,3,H02,8,5,5,50,3,2,1,5,4,5,13,2,1,9,4,5,1,16,2,54,2,9,6,5,7,20,8,20,10,16,,67,,1,21,,121.5088806,25.0639585
112,12,7,12,30,2,01大同區,大同區環河北路2段與延平北路3段18巷口,0,0,2,2,C03,8,5,5,50,3,2,1,5,4,5,13,2,1,9,4,5,1,16,2,29,2,9,5,4,7,9,1,10,1,11,,44,,1,21,,121.5088806,25.0639585
112,12,7,12,30,2,01大同區,大同區環河北路2段與延平北路3段18巷口,0,0,2,1,C03,8,5,5,50,3,2,1,5,4,5,13,2,1,9,4,5,1,16,1,33,3,10,5,4,7,6,1,10,1,12,,9,,1,21,,121.5088806,25.0639585
112,12,7,12,30,2,12內湖區,內湖區民權東路6段56巷與民權東路6段90巷16弄口,0,0,2,1,C03,8,6,5,40,3,1,1,5,4,5,13,4,4,5,4,4,2,17,2,40,2,9,5,1,7,1,1,10,2,14,,19,,1,21,,121.5851275,25.06790304
112,12,7,12,30,2,12內湖區,內湖區民權東路6段56巷與民權東路6段90巷16弄口,0,0,2,2,C03,8,6,5,40,3,1,1,5,4,5,13,4,4,5,4,4,2,17,1,21,2,9,5,1,7,9,1,10,2,11,,13,,1,21,,121.5851275,25.06790304
112,12,7,12,32,2,03中山區,中山區松江路305號,0,0,1,1,C03,8,7,5,50,14,9,1,5,4,5,13,4,4,7,2,5,2,17,2,42,2,9,5,1,7,9,1,10,1,11,,16,,1,26,,121.5332841,25.06152481
112,12,7,12,32,2,03中山區,中山區松江路305號,0,0,1,2,B01,8,7,5,50,14,9,1,5,4,5,13,4,4,7,2,5,2,17,1,56,3,10,7,1,7,9,1,4,1,3,,16,,1,21,,121.5332841,25.06152481
112,12,7,12,40,2,07信義區,信義區忠孝東路5段與松信路口,0,0,2,1,B01,8,5,5,50,4,2,1,5,4,5,13,2,1,10,4,5,2,17,1,64,3,10,7,1,7,15,1,4,1,2,,118,,1,21,,121.5717681,25.0409986
112,12,7,12,40,2,07信義區,信義區忠孝東路5段與松信路口,0,0,2,3,H02,8,5,5,50,4,2,1,5,4,5,13,2,1,10,4,5,2,17,2,24,2,9,7,5,7,21,8,20,10,16,,67,,1,21,,121.5717681,25.0409986
112,12,7,12,40,2,07信義區,信義區忠孝東路5段與松信路口,0,0,2,2,C03,8,5,5,50,4,2,1,5,4,5,13,2,1,10,4,5,2,17,2,31,2,9,5,1,7,9,1,10,1,14,,44,,1,21,,121.5717681,25.0409986
112,12,7,12,40,2,07信義區,信義區忠孝東路5段與松信路口,0,0,2,4,,8,5,5,50,4,2,1,5,4,5,13,2,1,10,4,5,2,17,4,0,,,,,,,,,,17,,119,,2,,,121.5717681,25.0409986
112,12,7,12,47,2,06松山區,松山區民生東路4段59號,0,0,1,1,A02,8,6,5,50,14,9,1,5,4,5,13,4,4,9,4,5,1,9,1,48,3,10,7,1,7,9,1,2,1,17,,44,,1,22,,121.5505532,25.05788929
112,12,7,12,47,2,06松山區,松山區民生東路4段59號,0,0,1,2,H02,8,6,5,50,14,9,1,5,4,5,13,4,4,9,4,5,1,9,2,90,2,1,4,5,7,20,8,20,10,16,,67,,1,22,,121.5505532,25.05788929
112,12,7,12,50,2,04大安區,大安區通化街19巷與文昌街250巷口口,0,0,1,1,C03,8,6,5,30,4,1,1,5,4,5,13,4,4,10,5,5,2,15,1,21,2,8,3,4,7,9,1,10,1,11,,72,,1,22,,121.5560742,25.0317747
112,12,7,12,50,2,04大安區,大安區通化街19巷與文昌街250巷口口,0,0,1,2,B12,8,6,5,30,4,1,1,5,4,5,13,4,4,10,5,5,2,15,1,57,3,10,3,4,7,9,1,8,1,8,,108,,1,22,,121.5560742,25.0317747
112,12,7,13,7,2,01大同區,大同區市民高架道往西(6510989號燈桿),0,0,1,1,B03,8,6,5,50,10,9,1,5,4,5,13,4,4,1,4,5,1,13,1,58,3,10,3,4,7,9,6,8,2,1,,108,,1,22,,121.5162987,25.04888373
112,12,7,13,7,2,01大同區,大同區市民高架道往西(6510989號燈桿),0,0,1,2,C02,8,6,5,50,10,9,1,5,4,5,13,4,4,1,4,5,1,13,1,30,2,8,6,4,7,9,1,9,2,13,,44,,1,22,,121.5162987,25.04888373
112,12,7,13,7,2,01大同區,大同區市民高架道往西(6510989號燈桿),0,0,1,3,B01,8,6,5,50,10,9,1,5,4,5,13,4,4,1,4,5,1,13,1,53,3,10,3,4,7,9,1,1,2,3,,44,,1,22,,121.5162987,25.04888373
112,12,7,13,29,2,07信義區,(永吉路321巷11號前),0,0,1,1,B01,8,5,5,50,14,9,1,5,4,5,13,4,4,9,5,5,2,17,1,59,3,10,7,1,7,5,1,4,1,4,,8,,1,22,,121.5755178,25.0460975
112,12,7,13,29,2,07信義區,(永吉路321巷11號前),0,0,1,2,C03,8,5,5,50,14,9,1,5,4,5,13,4,4,9,5,5,2,17,2,59,2,9,6,1,7,10,1,10,1,12,,44,,1,22,,121.5755178,25.0460975
112,12,7,13,31,2,07信義區,信義區松智路與信義路5段口11-1號,0,0,1,2,B01,8,6,5,50,14,9,1,5,4,5,13,4,4,9,4,5,2,17,1,41,3,10,7,1,7,9,1,3,1,8,,44,,1,26,,121.5654077,25.0325306
112,12,7,13,31,2,07信義區,信義區松智路與信義路5段口11-1號,0,0,1,1,C03,8,6,5,50,14,9,1,5,4,5,13,4,4,9,4,5,2,17,2,28,2,8,6,1,7,1,1,10,1,13,,19,,1,22,,121.5654077,25.0325306
112,12,7,13,35,2,03中山區,中山區新生北路2段與錦州街口,0,0,1,2,B12,8,5,5,50,4,1,1,5,4,5,13,1,1,1,4,5,2,16,1,35,3,10,7,1,7,9,1,8,1,5,,44,,1,21,,121.5273781,25.06030164
112,12,7,13,35,2,03中山區,中山區新生北路2段與錦州街口,0,0,1,1,C03,8,5,5,50,4,1,1,5,4,5,13,1,1,1,4,5,2,16,1,30,2,9,6,1,7,5,1,10,1,14,,8,,1,21,,121.5273781,25.06030164
112,12,7,13,40,2,12內湖區,內湖區民權東路6段26號附近側附近,0,0,1,1,C03,8,6,5,50,14,9,1,5,4,5,13,4,4,1,4,5,2,13,2,45,2,9,5,1,7,9,1,10,1,11,,42,,1,21,,121.5792369,25.06681155
112,12,7,13,40,2,12內湖區,內湖區民權東路6段26號附近側附近,0,0,1,2,C03,8,6,5,50,14,9,1,5,4,5,13,4,4,1,4,5,2,13,1,43,3,10,5,1,7,14,1,10,1,13,,44,,1,21,,121.5792369,25.06681155
112,12,7,13,45,2,03中山區,中山區南京西路12巷7號,0,0,1,1,H01,8,7,6,30,14,9,1,5,4,5,13,4,4,10,5,5,2,3,2,50,2,9,4,5,8,16,8,20,10,16,,53,,1,21,,121.5214403,25.05203264
112,12,7,13,45,2,03中山區,中山區南京西路12巷7號,0,0,1,2,C01,8,7,6,30,14,9,1,5,4,5,13,4,4,10,5,5,2,3,1,34,3,10,6,4,7,9,1,9,1,12,,108,,1,21,,121.5214403,25.05203264
112,12,7,13,50,2,05中正區,中正區公園路30號,0,0,1,1,H01,8,6,5,50,14,9,1,5,4,5,13,1,1,5,4,5,2,3,1,63,2,9,4,5,8,18,8,20,10,16,,122,,1,22,,121.5169017,25.044313
112,12,7,13,50,2,05中正區,中正區公園路30號,0,0,1,2,B03,8,6,5,50,14,9,1,5,4,5,13,1,1,5,4,5,2,3,1,58,3,10,7,1,7,9,1,8,2,2,,44,,1,22,,121.5169017,25.044313
112,12,7,14,0,2,07信義區,信義區松智路與松平路口,0,0,1,1,C04,7,6,5,30,4,1,1,5,4,5,13,1,1,9,5,5,2,17,1,29,3,10,5,1,7,5,1,10,1,12,,71,,1,22,,121.5653812,25.0305098
112,12,7,14,0,2,07信義區,信義區松智路與松平路口,0,0,1,2,C03,7,6,5,30,4,1,1,5,4,5,13,1,1,9,5,5,2,17,1,26,2,8,5,1,7,9,1,10,1,11,,44,,1,22,,121.5653812,25.0305098
112,12,7,14,3,2,10文山區,文山區萬寧街與萬寧街23巷口,0,0,1,2,C03,7,6,5,30,3,1,1,5,4,5,13,4,4,8,5,5,2,16,2,49,2,9,6,1,7,9,1,10,1,11,,44,,1,21,,121.5645448,25.0033087
112,12,7,14,3,2,10文山區,文山區萬寧街與萬寧街23巷口,0,0,1,1,B03,7,6,5,30,3,1,1,5,4,5,13,4,4,8,5,5,2,16,1,40,3,10,7,1,7,5,1,8,1,6,,8,,1,21,,121.5645448,25.0033087
112,12,7,14,15,2,05中正區,中正區中山北路1段22號,0,0,2,3,H02,8,6,5,50,14,9,1,5,4,5,13,4,4,1,4,5,2,12,2,45,2,8,6,5,7,20,8,20,10,16,,67,,1,26,,121.519896,25.0465361
112,12,7,14,15,2,05中正區,中正區中山北路1段22號,0,0,2,1,C03,8,6,5,50,14,9,1,5,4,5,13,4,4,1,4,5,2,12,1,18,3,10,6,1,7,7,1,10,1,14,,101,,1,25,,121.519896,25.0465361
112,12,7,14,15,2,05中正區,中正區中山北路1段22號,0,0,2,2,C03,8,6,5,50,14,9,1,5,4,5,13,4,4,1,4,5,2,12,1,47,2,8,6,1,7,9,1,10,1,11,,44,,1,26,,121.519896,25.0465361
112,12,7,14,25,2,04大安區,大安區安和路2段與安和路2段171巷口,0,0,1,2,H01,8,6,5,50,4,1,1,5,4,5,13,2,1,10,5,5,2,2,2,50,2,9,4,5,8,16,8,20,10,16,,67,,1,22,,121.5497593,25.0279839
112,12,7,14,25,2,04大安區,大安區安和路2段與安和路2段171巷口,0,0,1,1,B12,8,6,5,50,4,1,1,5,4,5,13,2,1,10,5,5,2,2,1,64,3,10,3,4,7,6,1,8,1,1,,70,,1,22,,121.5497593,25.0279839
112,12,7,15,40,2,12內湖區,內湖區環山路1段與文湖街口,0,0,1,1,B01,8,5,8,50,3,2,1,5,4,5,13,1,1,4,1,5,1,15,1,67,3,10,3,4,7,15,1,4,1,1,,71,,1,21,,121.5655708,25.08638248
112,12,7,15,40,2,12內湖區,內湖區環山路1段與文湖街口,0,0,1,2,C03,8,5,8,50,3,2,1,5,4,5,13,1,1,4,1,5,1,15,1,39,2,9,3,4,7,9,1,10,1,12,,44,,1,21,,121.5655708,25.08638248
112,12,7,15,45,2,07信義區,信義區吳興街156巷65弄5號與信安街15巷口,0,0,1,1,C03,8,7,5,30,4,1,1,5,4,5,13,4,4,9,5,5,2,15,1,64,2,8,5,1,7,9,1,10,2,11,,72,,1,21,,121.5591104,25.0278639
112,12,7,15,45,2,07信義區,信義區吳興街156巷65弄5號與信安街15巷口,0,0,1,2,B11,8,7,5,30,4,1,1,5,4,5,13,4,4,9,5,5,2,15,1,55,3,10,3,4,7,9,1,4,2,4,,13,,1,21,,121.5591104,25.0278639
112,12,7,16,15,2,02萬華區,萬華區西園路1段與桂林路口,0,0,1,2,C03,8,5,5,50,4,1,1,5,4,5,13,1,1,10,5,5,2,17,1,21,2,9,3,4,7,9,1,10,1,11,,13,,1,21,,121.4997871,25.03845678
112,12,7,16,15,2,02萬華區,萬華區西園路1段與桂林路口,0,0,1,1,B01,8,5,5,50,4,1,1,5,4,5,13,1,1,10,5,5,2,17,1,57,3,10,3,4,7,5,1,4,1,5,,74,,1,21,,121.4997871,25.03845678
112,12,7,16,21,2,04大安區,大安區辛亥路3段與復興南路2段口,0,0,1,3,H02,7,5,5,50,4,2,1,5,4,5,13,1,1,1,4,1,2,13,2,42,2,9,2,5,7,21,8,20,10,16,,67,,1,21,,121.5431437,25.0212258
112,12,7,16,21,2,04大安區,大安區辛亥路3段與復興南路2段口,0,0,1,1,B12,7,5,5,50,4,2,1,5,4,5,13,1,1,1,4,1,2,13,1,29,3,10,7,1,7,9,1,8,2,1,,16,,1,21,,121.5431437,25.0212258
112,12,7,16,21,2,04大安區,大安區辛亥路3段與復興南路2段口,0,0,1,2,B03,7,5,5,50,4,2,1,5,4,5,13,1,1,1,4,1,2,13,1,43,3,10,7,1,7,9,1,8,2,3,,44,,1,21,,121.5431437,25.0212258
112,12,7,16,25,2,09北投區,北投區承德路7段與石牌路1段口,0,0,2,1,C03,8,6,5,50,4,1,1,5,4,5,13,2,1,1,4,5,1,16,1,71,2,9,5,1,7,5,1,10,1,14,,83,,1,21,,121.5093085,25.11248726
112,12,7,16,25,2,09北投區,北投區承德路7段與石牌路1段口,0,0,2,2,B01,8,6,5,50,4,1,1,5,4,5,13,2,1,1,4,5,1,16,1,59,3,10,7,1,7,9,1,4,1,1,,44,,1,21,,121.5093085,25.11248726
112,12,7,16,25,2,09北投區,北投區承德路7段與石牌路1段口,0,0,2,3,H02,8,6,5,50,4,1,1,5,4,5,13,2,1,1,4,5,1,16,2,70,2,9,5,5,7,20,8,20,10,16,,67,,1,21,,121.5093085,25.11248726
112,12,7,16,37,2,05中正區,中正區許昌街24號前,0,0,1,2,C03,8,5,5,30,14,9,1,5,4,5,13,4,4,10,5,5,1,17,1,21,3,10,6,1,7,4,1,10,1,17,,108,,1,21,,121.516922,25.0454785
112,12,7,16,37,2,05中正區,中正區許昌街24號前,0,0,1,3,C03,8,5,5,30,14,9,1,5,4,5,13,4,4,10,5,5,1,17,3,35,,,,,,,,,,,,67,,1,,,121.516922,25.0454785
112,12,7,16,37,2,05中正區,中正區許昌街24號前,0,0,1,1,C03,8,5,5,30,14,9,1,5,4,5,13,4,4,10,5,5,1,17,2,34,2,8,5,1,7,9,1,10,1,15,,44,,1,21,,121.516922,25.0454785
112,12,7,16,37,2,05中正區,中正區許昌街24號前,0,0,1,4,C03,8,5,5,30,14,9,1,5,4,5,13,4,4,10,5,5,1,17,3,31,,,,,,,,,,,,67,,1,,,121.516922,25.0454785
112,12,7,16,38,2,12內湖區,內湖區康寧路3段74號停車場出入口,0,0,1,1,B03,8,6,5,50,14,8,1,5,4,5,13,4,4,9,4,4,2,17,2,28,3,10,7,1,7,6,1,8,1,2,,101,,1,21,,121.6118766,25.06967281
112,12,7,16,38,2,12內湖區,內湖區康寧路3段74號停車場出入口,0,0,1,2,C03,8,6,5,50,14,8,1,5,4,5,13,4,4,9,4,4,2,17,1,77,2,9,5,1,7,9,1,10,1,11,,44,,1,21,,121.6118766,25.06967281
112,12,7,17,15,2,11南港區,南港區忠孝東路6段86號,0,0,1,2,H01,8,5,5,50,14,8,1,5,4,5,13,4,4,1,4,4,2,2,2,79,2,1,4,5,8,16,8,20,1,16,,67,,1,21,,121.5847371,25.0476034
112,12,7,17,15,2,11南港區,南港區忠孝東路6段86號,0,0,1,1,C03,8,5,5,50,14,8,1,5,4,5,13,4,4,1,4,4,2,2,1,48,3,10,3,4,7,9,1,10,1,11,,16,,1,21,,121.5847371,25.0476034
112,12,7,17,22,2,12內湖區,內湖區新湖一路與新湖二路口,0,0,1,1,B02,8,6,5,40,4,1,1,5,4,5,13,4,4,5,5,5,2,17,1,42,3,10,7,1,7,9,1,8,2,1,,80,,1,21,,121.5846783,25.0650208
112,12,7,17,22,2,12內湖區,內湖區新湖一路與新湖二路口,0,0,1,2,B03,8,6,5,40,4,1,1,5,4,5,13,4,4,5,5,5,2,17,2,60,2,6,7,1,7,9,1,8,2,4,,44,,1,21,,121.5846783,25.0650208
112,12,7,17,25,2,03中山區,中山區新生北路1段與吉林路12巷口,0,0,1,1,B03,8,5,5,50,3,2,1,5,4,5,13,3,1,10,5,5,2,16,2,49,3,10,7,1,7,5,1,8,1,4,,8,,1,21,,121.5286185,25.05008106
112,12,7,17,25,2,03中山區,中山區新生北路1段與吉林路12巷口,0,0,1,2,C03,8,5,5,50,3,2,1,5,4,5,13,3,1,10,5,5,2,16,1,38,2,9,6,1,7,4,1,10,1,12,,44,,1,21,,121.5286185,25.05008106
112,12,7,17,25,2,05中正區,中正區中山南路與貴陽街1段口,0,0,1,1,C03,8,5,5,50,3,2,1,5,4,5,13,1,1,1,4,5,2,13,1,42,2,8,6,1,7,9,1,10,2,11,,107,,1,21,,121.5174518,25.037756
112,12,7,17,25,2,05中正區,中正區中山南路與貴陽街1段口,0,0,1,2,B03,8,5,5,50,3,2,1,5,4,5,13,1,1,1,4,5,2,13,2,47,3,10,7,1,7,14,1,8,2,3,,44,,1,21,,121.5174518,25.037756
112,12,7,17,58,2,05中正區,中正區博愛路與長沙街1段口,0,0,1,1,B03,7,5,5,50,3,1,1,5,4,5,13,4,4,10,5,5,2,16,1,66,3,10,2,1,7,5,1,8,2,8,,44,,1,22,,121.5112122,25.04009835
112,12,7,17,58,2,05中正區,中正區博愛路與長沙街1段口,0,0,1,2,C03,7,5,5,50,3,1,1,5,4,5,13,4,4,10,5,5,2,16,1,27,2,9,5,1,7,9,1,10,2,14,,44,,1,22,,121.5112122,25.04009835
112,12,7,17,58,2,05中正區,中正區博愛路與長沙街1段口,0,0,1,3,,7,5,5,50,3,1,1,5,4,5,13,4,4,10,5,5,2,16,3,0,,,,,,,,,,,,67,,1,,,121.5112122,25.04009835
112,12,7,18,7,2,10文山區,文山區木柵路1段與辛亥路6段口,0,0,1,1,C03,8,5,5,50,4,1,1,5,4,5,13,1,1,10,5,5,2,16,1,62,3,10,5,1,7,9,1,10,1,11,,67,,1,21,,121.552317,24.9878861
112,12,7,18,7,2,10文山區,文山區木柵路1段與辛亥路6段口,0,0,1,2,F01,8,5,5,50,4,1,1,5,4,5,13,1,1,10,5,5,2,16,1,40,2,9,4,1,7,5,8,20,1,11,,8,,1,21,,121.552317,24.9878861
112,12,7,18,25,2,01大同區,大同區大稻埕堤外便道(延平宮旁),0,0,1,2,C03,8,5,5,40,14,9,1,5,4,5,13,3,1,10,5,5,1,15,2,25,2,8,6,1,7,9,1,10,2,11,,44,,1,21,,121.5073305,25.05363742
112,12,7,18,25,2,01大同區,大同區大稻埕堤外便道(延平宮旁),0,0,1,1,C03,8,5,5,40,14,9,1,5,4,5,13,3,1,10,5,5,1,15,1,93,3,10,5,1,7,11,1,10,5,14,,99,,1,21,,121.5073305,25.05363742
112,12,7,18,32,2,04大安區,大安區羅斯福路4段85號,0,0,2,3,C03,8,5,5,50,14,9,1,5,4,5,13,4,4,1,4,5,2,13,2,24,2,9,3,4,7,9,1,9,1,11,,108,,1,22,,121.5364162,25.0126695
112,12,7,18,32,2,04大安區,大安區羅斯福路4段85號,0,0,2,1,C02,8,5,5,50,14,9,1,5,4,5,13,4,4,1,4,5,2,13,1,47,2,9,3,4,7,9,1,9,1,11,,16,,1,22,,121.5364162,25.0126695
112,12,7,18,32,2,04大安區,大安區羅斯福路4段85號,0,0,2,2,B01,8,5,5,50,14,9,1,5,4,5,13,4,4,1,4,5,2,13,1,56,3,10,3,4,7,8,1,4,1,3,,44,,1,22,,121.5364162,25.0126695
112,12,7,18,42,2,05中正區,中正區中山北路1段與北平西路口,0,0,1,2,C03,8,6,5,50,5,1,1,5,4,5,13,2,1,5,4,5,2,12,1,21,2,9,5,1,7,9,1,10,1,14,,44,,1,22,,121.5201427,25.04707161
112,12,7,18,42,2,05中正區,中正區中山北路1段與北平西路口,0,0,1,1,B01,8,6,5,50,5,1,1,5,4,5,13,2,1,5,4,5,2,12,1,59,3,10,7,1,7,8,1,8,1,2,,100,,1,22,,121.5201427,25.04707161
112,12,7,18,50,2,06松山區,松山區八德路4段與松信路口,0,0,1,1,C03,8,5,5,50,5,1,1,5,4,5,13,2,1,3,4,4,2,16,2,64,2,8,6,4,7,5,1,10,1,14,,8,,1,22,,121.5721444,25.04997069
112,12,7,18,50,2,06松山區,松山區八德路4段與松信路口,0,0,1,2,B03,8,5,5,50,5,1,1,5,4,5,13,2,1,3,4,4,2,16,1,50,3,10,3,4,7,9,1,8,1,5,,44,,1,22,,121.5721444,25.04997069