發生年度,發生月,發生日,發生時-Hours,發生分,處理別-編號,區序,肇事地點,死亡人數,2-30日死亡人數,受傷人數,當事人序號,車種,天候,光線,道路類別,速限-速度限制,道路型態,事故位置,路面狀況1,路面狀況2,路面狀況3,道路障礙1,道路障礙2,號誌1,號誌2,車道劃分-分向,車道劃分-分道1,車道劃分-分道2,車道劃分-分道3,事故類型及型態,性別,年齡,受傷程度,主要傷處,保護裝置,行動電話,車輛用途,當事者行動狀態,駕駛資格情形,駕駛執照種類,飲酒情形,車輛撞擊部位1,車輛撞擊部位2,肇因碼-個別,肇因碼-主要,個人肇逃否,職業,旅次目的,座標-X,座標-Y
112,12,7,18,52,2,01大同區,大同區延平北路2段與歸綏街口,0,0,2,2,C03,8,5,5,50,5,1,1,5,4,5,13,1,1,5,5,5,2,16,1,35,2,9,6,1,7,9,1,10,2,11,,44,,1,21,,121.5115113,25.0582879
112,12,7,18,52,2,01大同區,大同區延平北路2段與歸綏街口,0,0,2,1,F01,8,5,5,50,5,1,1,5,4,5,13,1,1,5,5,5,2,16,2,66,2,1,4,1,7,5,8,20,2,14,,103,,1,21,,121.5115113,25.0582879
112,12,7,19,21,2,06松山區,松山區市民大道5段東往西第0202306號燈桿,0,0,2,1,B03,8,5,5,40,14,9,1,5,4,5,13,4,4,3,4,5,2,17,1,62,3,10,7,1,7,8,1,8,2,17,,95,,1,21,,121.5624515,25.04714776
112,12,7,19,21,2,06松山區,松山區市民大道5段東往西第0202306號燈桿,0,0,2,2,C03,8,5,5,40,14,9,1,5,4,5,13,4,4,3,4,5,2,17,1,57,2,9,6,1,7,9,1,10,2,13,,44,,1,21,,121.5624515,25.04714776
112,12,7,19,21,2,06松山區,松山區市民大道5段東往西第0202306號燈桿,0,0,2,3,C03,8,5,5,40,14,9,1,5,4,5,13,4,4,3,4,5,2,17,1,36,3,10,6,1,7,9,1,10,2,11,,16,,1,21,,121.5624515,25.04714776
112,12,7,19,21,2,06松山區,松山區市民大道5段東往西第0202306號燈桿,0,0,2,4,C03,8,5,5,40,14,9,1,5,4,5,13,4,4,3,4,5,2,17,1,35,2,9,6,1,7,9,1,10,2,11,,44,,1,21,,121.5624515,25.04714776
112,12,7,19,21,2,06松山區,松山區市民大道5段東往西第0202306號燈桿,0,0,2,5,C03,8,5,5,40,14,9,1,5,4,5,13,4,4,3,4,5,2,17,1,30,3,10,6,1,7,9,1,10,2,11,,13,,1,21,,121.5624515,25.04714776
112,12,7,19,24,2,01大同區,大同區西寧北路與西寧北路口南往北第2支路燈,0,0,1,1,C03,8,5,5,50,14,9,1,5,4,5,13,4,4,9,4,5,1,12,2,20,2,9,5,1,7,7,1,10,2,14,,2,,1,22,,121.5078261,25.0492225
112,12,7,19,24,2,01大同區,大同區西寧北路與西寧北路口南往北第2支路燈,0,0,1,2,B03,8,5,5,50,14,9,1,5,4,5,13,4,4,9,4,5,1,12,2,24,3,10,7,1,7,9,1,8,2,6,,16,,1,22,,121.5078261,25.0492225
112,12,7,19,25,2,03中山區,中山區民權東路1段與雙城街口,0,0,2,1,C03,8,5,6,50,3,2,1,5,4,5,13,1,1,1,4,5,2,16,2,19,2,9,6,1,7,6,1,10,1,12,,9,,1,21,,121.5244186,25.0628382
112,12,7,19,25,2,03中山區,中山區民權東路1段與雙城街口,0,0,2,2,C03,8,5,6,50,3,2,1,5,4,5,13,1,1,1,4,5,2,16,1,19,2,9,6,1,7,9,1,10,1,14,,107,,1,21,,121.5244186,25.0628382
112,12,7,20,9,2,09北投區,北投區泉源路法藏寺入口旁,0,0,1,2,C03,8,5,5,40,14,9,1,5,4,5,13,4,4,5,5,5,1,11,1,41,2,9,6,1,7,9,1,10,2,14,,44,,1,21,,121.5139411,25.1395243
112,12,7,20,9,2,09北投區,北投區泉源路法藏寺入口旁,0,0,1,1,B03,8,5,5,40,14,9,1,5,4,5,13,4,4,5,5,5,1,11,2,32,3,10,7,1,7,9,1,8,2,4,,4,,1,21,,121.5139411,25.1395243
112,12,7,20,20,2,03中山區,中山區林森北路與錦州街口,0,0,2,1,C03,8,5,5,50,4,1,1,5,4,5,13,1,1,5,4,5,2,17,2,22,2,9,5,1,7,6,1,10,1,12,14,74,,1,21,,121.5255607,25.0603052
112,12,7,20,20,2,03中山區,中山區林森北路與錦州街口,0,0,2,2,C03,8,5,5,50,4,1,1,5,4,5,13,1,1,5,4,5,2,17,2,24,2,8,5,1,7,9,1,10,1,11,14,44,,1,21,,121.5255607,25.0603052
112,12,7,20,22,2,12內湖區,內湖區行善路與舊宗路1段口,0,0,1,1,C03,8,5,5,50,4,1,1,3,4,5,13,1,1,3,4,5,1,17,1,46,2,8,5,1,7,6,1,10,1,12,,44,,1,22,,121.5805635,25.05886351
112,12,7,20,22,2,12內湖區,內湖區行善路與舊宗路1段口,0,0,1,2,,8,5,5,50,4,1,1,3,4,5,13,1,1,3,4,5,1,17,4,0,,,,,,,,,,,,119,,2,,,121.5805635,25.05886351
112,12,7,20,35,2,02萬華區,萬華區西園路2段與東園街口,0,0,1,1,C03,8,5,5,50,3,2,1,5,4,5,13,1,1,1,5,5,2,13,1,38,2,9,5,1,7,12,1,9,1,12,,16,,1,21,,121.4951783,25.0281402
112,12,7,20,35,2,02萬華區,萬華區西園路2段與東園街口,0,0,1,2,C03,8,5,5,50,3,2,1,5,4,5,13,1,1,1,5,5,2,13,1,18,3,10,5,1,7,12,1,10,1,13,,44,,1,21,,121.4951783,25.0281402
112,12,7,20,44,2,12內湖區,內湖區內湖路2段207號,0,0,2,1,C03,8,5,5,50,14,9,1,5,4,5,13,4,4,9,5,5,2,17,2,55,2,9,6,1,7,5,1,10,1,12,,8,,1,21,,121.5885546,25.08158136
112,12,7,20,44,2,12內湖區,內湖區內湖路2段207號,0,0,2,2,C03,8,5,5,50,14,9,1,5,4,5,13,4,4,9,5,5,2,17,2,51,2,9,6,1,7,9,1,10,1,11,,44,,1,21,,121.5885546,25.08158136
112,12,7,21,4,2,02萬華區,萬華區華中橋往北市方向,0,0,3,1,C03,7,5,7,40,14,11,1,5,4,5,13,4,4,1,4,1,2,17,2,66,3,10,5,1,7,15,3,18,1,17,,44,,1,21,,121.4955853,25.01232184
112,12,7,21,4,2,02萬華區,萬華區華中橋往北市方向,0,0,3,2,C03,7,5,7,40,14,11,1,5,4,5,13,4,4,1,4,1,2,17,1,20,2,9,5,1,7,9,1,10,1,11,,16,,1,21,,121.4955853,25.01232184
112,12,7,21,4,2,02萬華區,萬華區華中橋往北市方向,0,0,3,3,C03,7,5,7,40,14,11,1,5,4,5,13,4,4,1,4,1,2,17,1,53,2,9,5,1,7,9,1,10,1,11,,44,,1,21,,121.4955853,25.01232184
112,12,7,21,4,2,02萬華區,萬華區華中橋往北市方向,0,0,3,4,H02,7,5,7,40,14,11,1,5,4,5,13,4,4,1,4,1,2,17,1,20,2,9,5,5,7,20,8,20,10,16,,67,,1,21,,121.4955853,25.01232184
112,12,7,21,10,2,05中正區,中正區三元街與南海路口,0,0,1,2,C03,8,5,8,50,4,2,1,5,4,5,13,1,1,5,4,5,2,13,1,22,2,9,5,1,7,6,1,10,1,13,,9,,1,22,,121.5089209,25.0298495
112,12,7,21,10,2,05中正區,中正區三元街與南海路口,0,0,1,1,B03,8,5,8,50,4,2,1,5,4,5,13,1,1,5,4,5,2,13,1,51,3,10,7,1,7,6,1,4,1,1,,44,,1,22,,121.5089209,25.0298495
112,12,7,21,24,2,03中山區,中山區松江路與南京東路2段口,0,0,1,1,B02,8,5,5,50,4,1,1,5,4,5,13,1,1,1,4,5,2,15,1,19,3,10,3,4,7,9,1,8,1,2,,81,,1,21,,121.532898,25.05191052
112,12,7,21,24,2,03中山區,中山區松江路與南京東路2段口,0,0,1,2,C03,8,5,5,50,4,1,1,5,4,5,13,1,1,1,4,5,2,15,1,31,2,9,6,1,7,9,1,10,1,11,,108,,1,21,,121.532898,25.05191052
112,12,7,21,32,2,01大同區,大同區延平北路4段與延平北路4段179巷口,0,0,1,1,C03,8,5,5,50,14,9,1,5,4,5,13,2,1,5,4,5,2,13,1,19,2,8,5,1,7,9,1,10,2,11,,108,,1,22,,121.5114738,25.0738271
112,12,7,21,32,2,01大同區,大同區延平北路4段與延平北路4段179巷口,0,0,1,2,B01,8,5,5,50,14,9,1,5,4,5,13,2,1,5,4,5,2,13,2,67,3,10,7,1,7,14,1,4,2,7,,99,,1,22,,121.5114738,25.0738271
112,12,7,21,50,2,05中正區,中正區和平西路2段與延平南路口,0,0,1,2,B01,8,5,5,50,3,2,1,5,4,5,13,1,1,1,4,5,2,17,1,56,3,10,7,1,7,9,1,4,1,2,,44,,1,22,,121.5069004,25.0320377
112,12,7,21,50,2,05中正區,中正區和平西路2段與延平南路口,0,0,1,1,C03,8,5,5,50,3,2,1,5,4,5,13,1,1,1,4,5,2,17,1,34,2,8,5,1,7,5,1,10,1,14,,8,,1,22,,121.5069004,25.0320377
112,12,7,22,6,2,05中正區,中正區汀州路3段與師大路口,0,0,1,2,B03,8,5,5,50,5,1,1,5,4,5,13,1,1,3,4,5,1,16,1,71,3,10,7,1,7,9,1,8,2,8,,44,,1,21,,121.5252957,25.0208947
112,12,7,22,6,2,05中正區,中正區汀州路3段與師大路口,0,0,1,3,H02,8,5,5,50,5,1,1,5,4,5,13,1,1,3,4,5,1,16,2,62,2,7,7,5,7,20,8,20,10,16,,67,,1,21,,121.5252957,25.0208947
112,12,7,22,6,2,05中正區,中正區汀州路3段與師大路口,0,0,1,1,B03,8,5,5,50,5,1,1,5,4,5,13,1,1,3,4,5,1,16,1,53,3,10,7,1,7,6,1,8,2,2,,9,,1,21,,121.5252957,25.0208947
112,12,7,23,55,2,03中山區,中山區松江路與松江路330巷口,0,0,1,1,B12,8,5,5,30,3,2,1,5,4,5,13,4,4,10,5,5,2,16,1,64,3,10,7,1,7,6,1,8,1,8,,72,,1,21,,121.533046,25.06109024
112,12,7,23,55,2,03中山區,中山區松江路與松江路330巷口,0,0,1,2,C03,8,5,5,30,3,2,1,5,4,5,13,4,4,10,5,5,2,16,1,31,2,9,6,1,7,9,1,10,1,12,,44,,1,21,,121.533046,25.06109024
112,12,8,1,50,2,07信義區,信義區信義路5段與松仁路口,0,0,1,1,C03,8,5,5,50,14,9,1,5,4,5,13,4,4,1,4,5,2,18,1,29,2,9,5,1,7,9,1,10,1,12,,13,,1,21,,121.5674949,25.0329273
112,12,8,1,50,2,07信義區,信義區信義路5段與松仁路口,0,0,1,2,,8,5,5,50,14,9,1,5,4,5,13,4,4,1,4,5,2,18,3,0,,,,,,,,,,,,67,,1,,,121.5674949,25.0329273
112,12,8,2,55,2,02萬華區,萬華區康定路與廣州街口,0,0,1,2,H01,7,5,5,50,4,18,1,5,4,5,13,1,1,9,4,5,2,2,2,57,2,9,4,5,8,16,8,20,10,16,,67,,1,21,,121.5014884,25.03667253
112,12,8,2,55,2,02萬華區,萬華區康定路與廣州街口,0,0,1,1,B03,7,5,5,50,4,18,1,5,4,5,13,1,1,9,4,5,2,2,1,25,3,10,7,1,7,5,1,8,1,8,,44,,1,21,,121.5014884,25.03667253
112,12,8,4,22,2,02萬華區,萬華區康定路與康定路56巷口,0,0,2,1,B03,7,5,5,50,3,1,1,5,4,5,13,4,4,9,4,5,2,12,1,43,3,10,7,1,7,11,1,8,1,4,,10,,1,21,,121.502465,25.0426887
112,12,8,4,22,2,02萬華區,萬華區康定路與康定路56巷口,0,0,2,2,C03,7,5,5,50,3,1,1,5,4,5,13,4,4,9,4,5,2,12,1,18,2,9,5,1,7,9,1,10,1,12,,44,,1,21,,121.502465,25.0426887
112,12,8,4,22,2,02萬華區,萬華區康定路與康定路56巷口,0,0,2,3,H02,7,5,5,50,3,1,1,5,4,5,13,4,4,9,4,5,2,12,1,18,2,9,5,5,7,20,8,20,10,16,,67,,1,21,,121.502465,25.0426887
112,12,8,5,55,2,03中山區,中山區新生北路2段62巷與新生北路2段68巷13弄口,0,0,1,2,B03,8,5,5,30,4,1,1,5,4,5,13,4,4,10,5,5,2,15,1,32,3,10,3,4,7,9,1,8,1,8,,107,,1,22,,121.5264011,25.0562001
112,12,8,5,55,2,03中山區,中山區新生北路2段62巷與新生北路2段68巷13弄口,0,0,1,1,C03,8,5,5,30,4,1,1,5,4,5,13,4,4,10,5,5,2,15,1,60,2,8,5,1,7,9,1,10,1,11,,72,,1,22,,121.5264011,25.0562001
112,12,8,6,43,2,12內湖區,內湖區內湖路2段355巷與內湖路2段口,0,0,1,2,C03,8,5,5,30,4,2,1,5,4,5,13,2,1,5,5,5,2,17,1,39,3,10,5,1,7,9,1,10,1,12,,108,,1,21,,121.592113,25.08344981
112,12,8,6,43,2,12內湖區,內湖區內湖路2段355巷與內湖路2段口,0,0,1,1,F01,8,5,5,30,4,2,1,5,4,5,13,2,1,5,5,5,2,17,2,81,2,1,4,1,7,6,8,20,1,14,,82,,1,21,,121.592113,25.08344981
112,12,8,6,53,2,02萬華區,萬華區萬青街與青年路68巷口,0,0,1,1,C03,8,7,5,30,4,1,1,5,4,5,13,3,1,8,3,5,2,17,1,50,3,10,6,1,7,9,1,10,1,15,,72,,1,22,,121.5015894,25.0235359
112,12,8,6,53,2,02萬華區,萬華區萬青街與青年路68巷口,0,0,1,2,C03,8,7,5,30,4,1,1,5,4,5,13,3,1,8,3,5,2,17,1,52,2,7,6,1,7,9,1,10,1,12,,13,,1,22,,121.5015894,25.0235359
112,12,8,6,53,2,02萬華區,萬華區中華路2段416巷與國興路口,0,0,1,1,C03,8,5,5,50,4,1,1,5,4,5,13,2,1,8,3,5,1,13,1,45,3,10,3,4,7,9,1,10,1,11,,16,,1,22,,121.5050973,25.0274054
112,12,8,6,53,2,02萬華區,萬華區中華路2段416巷與國興路口,0,0,1,2,C03,8,5,5,50,4,1,1,5,4,5,13,2,1,8,3,5,1,13,1,72,2,8,3,4,7,9,1,10,1,13,,44,,1,22,,121.5050973,25.0274054
112,12,8,7,20,2,06松山區,松山區南京東路4段與健康路口,0,0,2,2,C03,7,7,5,40,4,1,1,5,4,5,13,2,1,2,4,4,2,16,1,55,2,9,6,1,7,9,1,10,1,11,,107,,1,22,,121.5527877,25.051768
112,12,8,7,20,2,06松山區,松山區南京東路4段與健康路口,0,0,2,1,C03,7,7,5,40,4,1,1,5,4,5,13,2,1,2,4,4,2,16,2,64,2,9,6,1,7,8,1,10,1,13,,100,,1,22,,121.5527877,25.051768
112,12,8,7,40,2,02萬華區,萬華區寶興街與寶興街68巷口,0,0,1,1,C03,8,6,5,50,4,2,1,5,4,5,13,4,4,9,5,5,1,13,1,40,3,10,6,1,7,9,1,10,1,11,,107,,1,21,,121.4941357,25.02648446
112,12,8,7,40,2,02萬華區,萬華區寶興街與寶興街68巷口,0,0,1,2,C03,8,6,5,50,4,2,1,5,4,5,13,4,4,9,5,5,1,13,1,20,2,8,6,1,7,12,1,10,1,13,,44,,1,21,,121.4941357,25.02648446
112,12,8,7,40,2,10文山區,文山區辛亥路7段65巷與辛亥路7段口,0,0,1,2,C03,8,6,5,50,3,1,1,5,4,5,13,4,4,5,5,4,2,16,1,23,2,8,6,1,7,9,1,10,1,14,,44,,1,21,,121.5541986,24.98369016
112,12,8,7,40,2,10文山區,文山區辛亥路7段65巷與辛亥路7段口,0,0,1,1,B03,8,6,5,50,3,1,1,5,4,5,13,4,4,5,5,4,2,16,1,47,3,10,7,1,7,6,1,8,9,6,,9,,1,21,,121.5541986,24.98369016
112,12,8,7,40,2,12內湖區,內湖區成功路2段三總大門,0,0,1,2,C03,8,6,5,50,3,1,1,5,4,5,13,2,1,9,4,5,2,13,1,58,2,8,5,1,7,14,1,10,1,13,,118,,1,21,,121.5896656,25.0719612
112,12,8,7,40,2,12內湖區,內湖區成功路2段三總大門,0,0,1,1,B03,8,6,5,50,3,1,1,5,4,5,13,2,1,9,4,5,2,13,2,51,3,10,7,1,7,9,1,8,1,5,,108,,1,21,,121.5896656,25.0719612
112,12,8,7,46,2,03中山區,中山區新生北路2段與南京東路1段口,0,0,2,2,C03,8,5,5,50,14,9,1,5,4,5,13,1,1,4,3,4,1,12,1,44,2,7,6,4,7,14,1,10,2,12,,44,,1,21,,121.5274044,25.0521801
112,12,8,7,46,2,03中山區,中山區新生北路2段與南京東路1段口,0,0,2,1,C03,8,5,5,50,14,9,1,5,4,5,13,1,1,4,3,4,1,12,1,40,2,9,6,4,7,9,1,10,2,14,,108,,1,21,,121.5274044,25.0521801
112,12,8,7,50,2,02萬華區,萬華區西藏路與艋舺大道口,0,0,1,1,B03,8,7,5,50,5,1,1,5,4,5,13,1,1,1,1,5,2,16,1,44,3,10,7,1,7,5,1,8,1,2,,74,,1,22,,121.4914776,25.0290007
112,12,8,7,50,2,02萬華區,萬華區西藏路與艋舺大道口,0,0,1,2,C03,8,7,5,50,5,1,1,5,4,5,13,1,1,1,1,5,2,16,1,18,2,7,6,1,7,9,1,10,1,11,,13,,1,22,,121.4914776,25.0290007
112,12,8,8,0,2,03中山區,中山區復興北路與興安街口,0,0,1,1,C03,8,7,5,50,4,2,1,5,4,5,13,2,1,1,4,5,2,13,1,39,2,9,6,1,7,9,1,10,1,11,,16,,1,21,,121.5442399,25.05614647
112,12,8,8,0,2,03中山區,中山區復興北路與興安街口,0,0,1,2,B02,8,7,5,50,4,2,1,5,4,5,13,2,1,1,4,5,2,13,2,59,3,10,7,1,7,14,1,8,1,6,,81,,1,21,,121.5442399,25.05614647
112,12,8,8,7,2,02萬華區,萬華區艋舺大道與西園路2段口,0,0,1,2,C03,8,5,5,50,4,1,1,5,4,5,13,2,1,1,3,5,1,16,1,42,2,9,3,4,7,9,1,10,1,14,,44,,1,22,,121.4977351,25.03305855
112,12,8,8,7,2,02萬華區,萬華區艋舺大道與西園路2段口,0,0,1,1,B03,8,5,5,50,4,1,1,5,4,5,13,2,1,1,3,5,1,16,2,43,3,10,3,4,7,6,1,8,1,2,,80,,1,22,,121.4977351,25.03305855
112,12,8,8,19,2,06松山區,松山區復興北路489號,0,0,1,3,B03,8,6,5,50,14,9,1,5,4,3,13,4,4,1,3,5,2,17,1,71,3,10,3,4,7,14,1,8,1,17,,38,,1,21,,121.5443862,25.06498906
112,12,8,8,19,2,06松山區,松山區復興北路489號,0,0,1,2,C03,8,6,5,50,14,9,1,5,4,3,13,4,4,1,3,5,2,17,1,50,3,10,6,1,7,15,1,10,1,14,,16,,1,21,,121.5443862,25.06498906
112,12,8,8,19,2,06松山區,松山區復興北路489號,0,0,1,1,C03,8,6,5,50,14,9,1,5,4,3,13,4,4,1,3,5,2,17,2,21,2,9,6,1,7,9,1,10,1,12,,16,,1,21,,121.5443862,25.06498906
112,12,8,8,30,2,05中正區,中正區中山北路1段與北平東路口,0,0,2,2,C03,8,6,5,50,4,1,1,5,4,5,13,1,1,10,5,5,2,13,1,23,2,8,6,1,7,9,1,10,2,11,,108,,1,22,,121.5203864,25.04712211
112,12,8,8,30,2,05中正區,中正區中山北路1段與北平東路口,0,0,2,1,C03,8,6,5,50,4,1,1,5,4,5,13,1,1,10,5,5,2,13,2,27,2,9,6,1,7,9,1,10,2,13,,44,,1,22,,121.5203864,25.04712211
112,12,8,8,31,2,08士林區,士林區忠誠路2段與忠誠路2段40巷口,0,0,1,4,B01,8,6,5,50,14,9,1,5,4,5,12,4,4,1,4,5,2,17,1,45,3,10,7,1,7,9,1,8,2,7,,44,,1,21,,121.5304855,25.11008361
112,12,8,8,31,2,08士林區,士林區忠誠路2段與忠誠路2段40巷口,0,0,1,3,C03,8,6,5,50,14,9,1,5,4,5,12,4,4,1,4,5,2,17,1,43,2,9,5,1,7,9,1,10,2,14,,44,,1,21,,121.5304855,25.11008361
112,12,8,8,31,2,08士林區,士林區忠誠路2段與忠誠路2段40巷口,0,0,1,2,B03,8,6,5,50,14,9,1,5,4,5,12,4,4,1,4,5,2,17,2,33,3,10,7,1,7,9,1,8,2,2,,13,,1,21,,121.5304855,25.11008361
112,12,8,8,31,2,08士林區,士林區忠誠路2段與忠誠路2段40巷口,0,0,1,1,B03,8,6,5,50,14,9,1,5,4,5,12,4,4,1,4,5,2,17,1,60,3,10,7,1,7,7,1,8,2,4,,100,,1,21,,121.5304855,25.11008361
112,12,8,8,44,2,12內湖區,內湖區成功路4段61巷55號旁,0,0,1,1,B03,8,5,5,50,14,9,1,5,4,5,13,4,4,5,5,5,2,16,1,38,3,10,7,1,7,6,1,8,9,5,,80,,1,21,,121.5939882,25.07995522
112,12,8,8,44,2,12內湖區,內湖區成功路4段61巷55號旁,0,0,1,2,C04,8,5,5,50,14,9,1,5,4,5,13,4,4,5,5,5,2,16,1,48,2,8,6,1,7,9,1,8,9,14,,108,,1,21,,121.5939882,25.07995522
112,12,8,8,44,2,07信義區,信義區信安街67巷與吳興街220巷口口,0,0,2,2,C03,8,7,5,50,3,2,1,5,4,5,13,2,1,5,5,4,2,12,2,32,2,8,5,1,7,9,1,10,2,14,,44,,1,21,,121.5605421,25.0259138
112,12,8,8,44,2,07信義區,信義區信安街67巷與吳興街220巷口口,0,0,2,1,C03,8,7,5,50,3,2,1,5,4,5,13,2,1,5,5,4,2,12,1,33,2,9,6,1,7,9,1,9,2,12,,108,,1,21,,121.5605421,25.0259138
112,12,8,8,49,2,09北投區,北投區大度路3段與關渡路口,0,0,1,1,C03,8,6,5,50,14,9,1,5,4,5,13,4,4,1,4,1,1,11,1,18,2,9,5,1,7,9,1,10,1,14,,17,,1,21,,121.4690572,25.12295037
112,12,8,8,49,2,09北投區,北投區大度路3段與關渡路口,0,0,1,2,B03,8,6,5,50,14,9,1,5,4,5,13,4,4,1,4,1,1,11,1,44,3,10,7,1,7,9,1,8,1,5,,44,,1,21,,121.4690572,25.12295037
112,12,8,8,50,2,04大安區,大安區信義路4段184號,0,0,2,1,B01,8,6,5,50,14,9,1,5,4,5,13,4,4,1,4,5,2,17,1,65,2,3,7,1,7,10,1,4,1,4,,100,,1,21,,121.5477496,25.0332272
112,12,8,8,50,2,04大安區,大安區信義路4段184號,0,0,2,2,C03,8,6,5,50,14,9,1,5,4,5,13,4,4,1,4,5,2,17,1,46,2,7,6,1,7,9,1,10,1,12,,44,,1,21,,121.5477496,25.0332272
112,12,8,8,52,2,01大同區,大同區保安街1-4號,0,0,2,1,C03,8,6,5,50,14,9,1,5,4,5,13,4,4,9,4,5,2,17,1,39,2,7,5,4,7,1,1,10,1,12,,19,,1,21,,121.5143593,25.05933288
112,12,8,8,52,2,01大同區,大同區保安街1-4號,0,0,2,2,C03,8,6,5,50,14,9,1,5,4,5,13,4,4,9,4,5,2,17,1,28,2,9,5,4,7,9,1,10,1,14,,44,,1,21,,121.5143593,25.05933288
112,12,8,8,55,2,10文山區,文山區水源快速道路(南向北030接縫處),0,0,1,2,B03,8,6,5,60,14,9,1,5,4,5,13,4,4,10,2,5,2,12,1,24,3,10,7,1,7,9,1,8,2,2,,44,,1,21,,121.5352767,25.00038467
112,12,8,8,55,2,10文山區,文山區水源快速道路(南向北030接縫處),0,0,1,1,A05,8,6,5,60,14,9,1,5,4,5,13,4,4,10,2,5,2,12,2,62,3,10,7,1,7,7,1,2,2,4,,100,,1,21,,121.5352767,25.00038467
112,12,8,8,55,2,10文山區,文山區水源快速道路(南向北030接縫處),0,0,1,3,H02,8,6,5,60,14,9,1,5,4,5,13,4,4,10,2,5,2,12,2,26,2,1,7,5,7,20,8,20,10,16,,67,,1,21,,121.5352767,25.00038467
112,12,8,8,57,2,07信義區,信義區莊敬路325巷與莊敬路391巷11弄口,0,0,1,1,B03,8,6,5,30,4,1,1,5,4,5,13,2,2,9,5,5,2,15,2,32,3,10,7,1,7,3,1,8,1,17,,80,,1,21,,121.5649651,25.0291334
112,12,8,8,57,2,07信義區,信義區莊敬路325巷與莊敬路391巷11弄口,0,0,1,2,C03,8,6,5,30,4,1,1,5,4,5,13,2,2,9,5,5,2,15,1,26,2,8,6,1,7,9,1,10,1,12,,44,,1,21,,121.5649651,25.0291334
112,12,8,9,0,2,11南港區,南港區市民大道8段與興中路口,0,0,1,2,C03,8,7,5,50,14,9,1,5,4,5,13,4,4,9,4,5,2,16,1,42,2,9,5,1,7,9,1,10,1,11,,44,,1,21,,121.6078076,25.052788
112,12,8,9,0,2,11南港區,南港區市民大道8段與興中路口,0,0,1,1,B01,8,7,5,50,14,9,1,5,4,5,13,4,4,9,4,5,2,16,1,68,3,10,7,1,7,5,1,4,1,4,,44,,1,21,,121.6078076,25.052788
112,12,8,9,7,2,12內湖區,內湖區文德路22巷53弄與文德路22巷59弄口,0,0,1,2,C03,8,7,5,30,4,1,1,5,4,5,13,4,4,10,5,5,2,16,2,32,2,9,5,1,7,9,1,10,2,14,12,14,,1,21,,121.5797592,25.07552559
112,12,8,9,7,2,12內湖區,內湖區文德路22巷53弄與文德路22巷59弄口,0,0,1,1,B01,8,7,5,30,4,1,1,5,4,5,13,4,4,10,5,5,2,16,1,56,3,10,7,1,7,9,1,4,2,1,,75,,1,21,,121.5797592,25.07552559
112,12,8,9,10,2,03中山區,中山區松江路330巷與松江路口,0,0,1,1,C03,7,6,5,30,3,2,1,5,4,5,13,4,4,1,5,5,1,16,2,43,3,10,3,4,7,5,1,10,1,14,,72,,1,21,,121.5331093,25.06109884
112,12,8,9,10,2,03中山區,中山區松江路330巷與松江路口,0,0,1,2,C03,7,6,5,30,3,2,1,5,4,5,13,4,4,1,5,5,1,16,2,60,2,9,3,4,7,9,1,10,1,12,,44,,1,21,,121.5331093,25.06109884
112,12,8,9,24,2,06松山區,松山區八德路3段與敦化南路1段口,0,0,1,1,B03,8,7,5,40,4,1,1,5,4,5,13,2,1,1,4,4,2,16,1,51,3,10,7,1,7,6,1,8,1,1,,80,,1,22,,121.5493035,25.048095
112,12,8,9,24,2,06松山區,松山區八德路3段與敦化南路1段口,0,0,1,2,F01,8,7,5,40,4,1,1,5,4,5,13,2,1,1,4,4,2,16,2,58,2,9,4,1,7,9,8,20,1,12,,44,,1,22,,121.5493035,25.048095
112,12,8,9,30,2,09北投區,北投區溫泉路8號,0,0,1,1,B03,8,6,5,30,14,9,1,5,4,5,13,4,4,10,5,5,2,2,1,50,3,10,7,1,7,15,6,8,2,6,,108,,1,21,,121.5026043,25.13384122
112,12,8,9,30,2,09北投區,北投區溫泉路8號,0,0,1,2,H01,8,6,5,30,14,9,1,5,4,5,13,4,4,10,5,5,2,2,2,90,2,9,4,5,8,16,8,20,10,16,,67,,1,21,,121.5026043,25.13384122
112,12,8,10,10,2,03中山區,中山區中山北路3段與農安街口,0,0,2,1,C03,8,6,5,50,4,1,1,5,4,5,13,2,1,1,4,5,2,12,1,21,2,9,3,4,7,9,1,10,1,14,,16,,1,21,,121.5223832,25.0649201
112,12,8,10,10,2,03中山區,中山區中山北路3段與農安街口,0,0,2,2,C03,8,6,5,50,4,1,1,5,4,5,13,2,1,1,4,5,2,12,1,49,2,9,3,4,7,15,1,10,1,12,,100,,1,21,,121.5223832,25.0649201
112,12,8,10,20,2,08士林區,士林區克強路3號,0,0,1,2,C03,8,7,5,50,14,9,1,5,4,5,13,4,4,5,5,5,2,17,1,62,2,9,3,4,7,9,1,10,2,12,,44,,1,21,,121.5249414,25.1087327
112,12,8,10,20,2,08士林區,士林區克強路3號,0,0,1,3,C04,8,7,5,50,14,9,1,5,4,5,13,4,4,5,5,5,2,17,2,59,3,10,3,4,7,14,1,11,2,13,,44,,1,21,,121.5249414,25.1087327
112,12,8,10,20,2,08士林區,士林區克強路3號,0,0,1,1,B03,8,7,5,50,14,9,1,5,4,5,13,4,4,5,5,5,2,17,2,55,3,10,3,4,7,14,1,8,2,4,,40,,1,21,,121.5249414,25.1087327