發生年度,發生月,發生日,發生時-Hours,發生分,處理別-編號,區序,肇事地點,死亡人數,2-30日死亡人數,受傷人數,當事人序號,車種,天候,光線,道路類別,速限-速度限制,道路型態,事故位置,路面狀況1,路面狀況2,路面狀況3,道路障礙1,道路障礙2,號誌1,號誌2,車道劃分-分向,車道劃分-分道1,車道劃分-分道2,車道劃分-分道3,事故類型及型態,性別,年齡,受傷程度,主要傷處,保護裝置,行動電話,車輛用途,當事者行動狀態,駕駛資格情形,駕駛執照種類,飲酒情形,車輛撞擊部位1,車輛撞擊部位2,肇因碼-個別,肇因碼-主要,個人肇逃否,職業,旅次目的,座標-X,座標-Y
112,12,10,16,49,2,10文山區,文山區辛亥路7段與木新路3段口,0,0,1,2,B12,8,6,5,50,3,2,1,5,4,5,13,1,1,1,4,1,2,17,1,57,3,10,3,4,7,6,1,8,9,2,,44,,1,22,,121.5540043,24.98027466
112,12,10,17,0,2,03中山區,中山區明水路與明水路439巷口,0,0,2,3,H02,8,7,5,50,3,1,1,5,4,5,13,4,4,1,4,5,2,16,2,18,2,9,6,5,7,20,8,20,10,16,,67,,1,21,,121.5492981,25.0774827
112,12,10,17,0,2,03中山區,中山區明水路與明水路439巷口,0,0,2,1,B01,8,7,5,50,3,1,1,5,4,5,13,4,4,1,4,5,2,16,1,68,3,10,7,1,7,6,1,4,1,5,,9,,1,21,,121.5492981,25.0774827
112,12,10,17,0,2,03中山區,中山區明水路與明水路439巷口,0,0,2,2,C03,8,7,5,50,3,1,1,5,4,5,13,4,4,1,4,5,2,16,1,18,2,9,6,1,7,9,1,10,1,14,,44,,1,21,,121.5492981,25.0774827
112,12,10,17,1,2,07信義區,信義區崇德街146巷與富陽街21巷口,0,0,1,2,C04,8,5,5,30,4,2,1,5,4,5,13,4,4,10,5,5,2,16,2,69,2,9,5,1,7,4,1,11,2,11,,1,,1,21,,121.5572285,25.0229981
112,12,10,17,1,2,07信義區,信義區崇德街146巷與富陽街21巷口,0,0,1,1,C03,8,5,5,30,4,2,1,5,4,5,13,4,4,10,5,5,2,16,1,63,3,10,6,1,7,9,1,10,2,11,,14,,1,21,,121.5572285,25.0229981
112,12,10,17,18,2,05中正區,中正區市民大道1段與中山北路1段口,0,0,1,2,B03,8,5,5,40,4,2,1,5,4,5,13,2,1,1,3,5,2,13,1,41,3,10,7,1,7,14,1,8,1,6,,44,,1,22,,121.520538,25.04797949
112,12,10,17,18,2,05中正區,中正區市民大道1段與中山北路1段口,0,0,1,1,C04,8,5,5,40,4,2,1,5,4,5,13,2,1,1,3,5,2,13,2,63,2,8,5,1,7,9,1,11,1,14,,16,,1,22,,121.520538,25.04797949
112,12,10,17,20,2,04大安區,大安區羅斯福路3段297-5號,0,0,1,2,C03,8,5,5,50,14,9,1,5,4,5,13,2,1,1,4,5,2,13,1,40,2,8,6,1,7,14,1,10,1,13,,44,,1,21,,121.5316708,25.0174493
112,12,10,17,20,2,04大安區,大安區羅斯福路3段297-5號,0,0,1,1,B03,8,5,5,50,14,9,1,5,4,5,13,2,1,1,4,5,2,13,1,23,3,10,7,1,7,5,1,8,1,1,,108,,1,21,,121.5316708,25.0174493
112,12,10,17,26,2,02萬華區,萬華區長沙街2段177號,0,0,1,2,,8,7,5,50,14,9,1,5,4,5,13,4,4,8,3,5,2,13,1,39,3,10,7,1,7,14,1,8,1,7,,38,,1,21,,121.5014549,25.0407053
112,12,10,17,26,2,02萬華區,萬華區長沙街2段177號,0,0,1,1,C03,8,7,5,50,14,9,1,5,4,5,13,4,4,8,3,5,2,13,1,22,2,9,6,1,7,9,1,10,1,11,,107,,1,21,,121.5014549,25.0407053
112,12,10,17,42,2,07信義區,信義區和平東路3段341巷與和平東路3段391巷8弄口,0,0,1,2,F01,7,5,5,30,4,2,1,5,4,5,13,4,4,5,5,5,1,17,2,69,2,9,2,1,7,6,8,20,1,14,,101,,1,21,,121.5571112,25.0208916
112,12,10,17,42,2,07信義區,信義區和平東路3段341巷與和平東路3段391巷8弄口,0,0,1,1,B03,7,5,5,30,4,2,1,5,4,5,13,4,4,5,5,5,1,17,1,70,3,10,7,1,7,6,1,8,1,2,,44,,1,21,,121.5571112,25.0208916
112,12,10,17,52,2,05中正區,中正區中華路1段21號,0,0,1,2,C03,8,5,5,50,14,9,1,5,4,5,13,1,1,3,4,5,2,16,1,33,2,7,6,1,7,9,1,10,1,14,,44,,1,21,,121.5097109,25.0464251
112,12,10,17,52,2,05中正區,中正區中華路1段21號,0,0,1,1,B01,8,5,5,50,14,9,1,5,4,5,13,1,1,3,4,5,2,16,1,63,3,10,7,1,7,8,1,8,1,5,,100,,1,21,,121.5097109,25.0464251
112,12,10,17,55,2,08士林區,士林區德行西路與德行西路62巷口,0,0,1,1,C03,8,5,5,50,3,1,1,5,4,5,13,4,4,5,4,5,2,16,2,41,2,8,3,4,7,5,1,10,1,12,,71,,1,22,,121.5226904,25.10517178
112,12,10,17,55,2,08士林區,士林區德行西路與德行西路62巷口,0,0,1,2,C03,8,5,5,50,3,1,1,5,4,5,13,4,4,5,4,5,2,16,1,22,3,10,3,4,7,9,1,10,1,14,,44,,1,22,,121.5226904,25.10517178
112,12,10,18,35,2,03中山區,中山區長春路與吉林路口,0,0,1,2,C03,8,5,5,50,4,1,1,5,4,5,13,2,1,5,4,4,2,16,1,19,2,9,6,4,7,9,1,10,1,11,,13,,1,21,,121.5301594,25.0549055
112,12,10,18,35,2,03中山區,中山區長春路與吉林路口,0,0,1,1,B03,8,5,5,50,4,1,1,5,4,5,13,2,1,5,4,4,2,16,1,51,3,10,3,4,7,6,1,8,1,2,,74,,1,22,,121.5301594,25.0549055
112,12,10,19,0,2,02萬華區,萬華區德昌街249號,0,0,1,1,C03,8,5,5,30,14,9,1,5,4,5,13,4,4,5,5,5,2,17,2,60,2,9,5,1,7,9,1,10,1,11,,108,,1,21,,121.4924234,25.02315586
112,12,10,19,0,2,02萬華區,萬華區德昌街249號,0,0,1,2,C03,8,5,5,30,14,9,1,5,4,5,13,4,4,5,5,5,2,17,1,30,3,10,3,1,7,13,1,10,1,11,,38,,1,21,,121.4924234,25.02315586
112,12,10,19,1,2,02萬華區,萬華區堤外便道機車道(第060號燈桿處),0,0,6,6,H02,7,5,5,40,14,11,1,5,4,5,13,3,1,3,4,5,1,17,2,4,2,1,5,5,7,20,8,20,10,16,,67,,1,24,,121.5028262,25.0463543
112,12,10,19,1,2,02萬華區,萬華區堤外便道機車道(第060號燈桿處),0,0,6,3,C03,7,5,5,40,14,11,1,5,4,5,13,3,1,3,4,5,1,17,1,23,2,6,5,1,7,14,1,10,1,13,,44,,1,21,,121.5028262,25.0463543
112,12,10,19,1,2,02萬華區,萬華區堤外便道機車道(第060號燈桿處),0,0,6,2,C03,7,5,5,40,14,11,1,5,4,5,13,3,1,3,4,5,1,17,1,55,2,8,5,1,7,14,1,10,1,13,11,44,,1,21,,121.5028262,25.0463543
112,12,10,19,1,2,02萬華區,萬華區堤外便道機車道(第060號燈桿處),0,0,6,1,C03,7,5,5,40,14,11,1,5,4,5,13,3,1,3,4,5,1,17,1,37,2,8,5,1,7,9,1,10,1,11,12,16,,1,21,,121.5028262,25.0463543
112,12,10,19,1,2,02萬華區,萬華區堤外便道機車道(第060號燈桿處),0,0,6,4,H02,7,5,5,40,14,11,1,5,4,5,13,3,1,3,4,5,1,17,2,35,2,8,5,5,7,20,8,20,10,16,,67,,1,21,,121.5028262,25.0463543
112,12,10,19,1,2,02萬華區,萬華區堤外便道機車道(第060號燈桿處),0,0,6,5,H02,7,5,5,40,14,11,1,5,4,5,13,3,1,3,4,5,1,17,2,7,2,8,5,5,7,20,8,20,10,16,,67,,1,14,,121.5028262,25.0463543
112,12,10,19,13,2,04大安區,大安區和平東路1段143號,0,0,1,2,C03,8,5,5,50,14,9,1,5,4,5,13,2,1,3,1,4,2,17,1,25,2,8,5,1,7,9,1,10,1,11,,14,,1,21,,121.5304046,25.0265168
112,12,10,19,13,2,04大安區,大安區和平東路1段143號,0,0,1,1,B03,8,5,5,50,14,9,1,5,4,5,13,2,1,3,1,4,2,17,4,51,,,,,,,,,11,,,119,,2,,,121.5304046,25.0265168
112,12,10,19,25,2,02萬華區,萬華區康定路與廣州街口,0,0,1,2,C03,8,5,5,50,4,1,1,5,4,5,13,1,1,9,5,5,2,17,1,21,3,10,5,1,7,9,1,10,1,11,,44,,1,21,,121.5014251,25.0366271
112,12,10,19,25,2,02萬華區,萬華區康定路與廣州街口,0,0,1,1,C03,8,5,5,50,4,1,1,5,4,5,13,1,1,9,5,5,2,17,2,31,2,8,5,1,7,5,1,10,1,12,,8,,1,21,,121.5014251,25.0366271
112,12,10,19,47,2,08士林區,士林區文林路255巷對面,0,0,1,1,B03,8,6,5,50,11,9,1,5,4,5,13,4,4,9,5,5,1,11,1,43,4,11,3,4,7,21,7,19,11,15,,99,,2,22,,121.5267397,25.09114585
112,12,10,19,47,2,08士林區,士林區文林路255巷對面,0,0,1,2,C03,8,6,5,50,11,9,1,5,4,5,13,4,4,9,5,5,1,11,1,31,2,8,5,1,7,9,1,10,11,12,,13,,1,21,,121.5267397,25.09114585
112,12,10,20,23,2,01大同區,大同區鄭州路與重慶北路1段口,0,0,1,2,C03,8,5,5,40,4,1,1,5,4,5,13,2,1,1,5,5,2,15,1,45,2,9,6,1,7,9,1,10,2,11,,44,,1,22,,121.5132806,25.0495232
112,12,10,20,23,2,01大同區,大同區鄭州路與重慶北路1段口,0,0,1,1,B03,8,5,5,40,4,1,1,5,4,5,13,2,1,1,5,5,2,15,1,56,3,10,7,1,7,9,6,18,2,2,,81,,1,22,,121.5132806,25.0495232
112,12,10,20,37,2,03中山區,中山區中山北路3段181號對面,0,0,1,1,C03,8,5,5,50,14,9,1,5,4,5,13,4,4,3,4,5,2,13,1,19,2,8,3,4,7,9,1,10,1,11,,16,,1,21,,121.5235585,25.0713752
112,12,10,20,37,2,03中山區,中山區中山北路3段181號對面,0,0,1,2,B01,8,5,5,50,14,9,1,5,4,5,13,4,4,3,4,5,2,13,1,63,3,10,3,4,7,9,1,4,1,6,,44,,1,21,,121.5235585,25.0713752
112,12,10,21,30,2,08士林區,士林區德行東路109巷69號,0,0,1,2,H01,8,5,5,50,14,9,1,5,4,5,13,4,4,9,5,5,2,3,1,111,2,9,4,5,8,16,8,20,10,16,,121,,1,21,,121.528535,25.1097711
112,12,10,21,30,2,08士林區,士林區德行東路109巷69號,0,0,1,1,B03,8,5,5,50,14,9,1,5,4,5,13,4,4,9,5,5,2,3,2,26,3,10,7,1,7,9,1,8,1,1,,16,,1,21,,121.528535,25.1097711
112,12,10,21,49,2,06松山區,松山區南京東路5段與南京東路5段389巷口,0,0,2,1,C04,8,5,5,50,3,1,1,5,4,5,13,4,4,10,3,5,1,13,1,23,2,9,5,1,7,6,1,8,2,13,,9,,1,21,,121.5693464,25.0514424
112,12,10,21,49,2,06松山區,松山區南京東路5段與南京東路5段389巷口,0,0,2,2,C03,8,5,5,50,3,1,1,5,4,5,13,4,4,10,3,5,1,13,1,62,2,9,5,1,7,9,1,10,2,11,,14,,1,21,,121.5693464,25.0514424
112,12,10,21,53,2,04大安區,大安區仁愛路3段與仁愛路3段123巷口,0,0,2,3,H02,7,5,5,50,3,2,1,5,4,5,13,4,4,1,3,1,2,16,2,35,2,8,7,5,7,17,8,20,10,17,,67,,1,21,,121.5420218,25.0381969
112,12,10,21,53,2,04大安區,大安區仁愛路3段與仁愛路3段123巷口,0,0,2,2,C03,7,5,5,50,3,2,1,5,4,5,13,4,4,1,3,1,2,16,1,48,2,9,6,1,7,9,1,10,1,11,,14,,1,21,,121.5420218,25.0381969
112,12,10,21,53,2,04大安區,大安區仁愛路3段與仁愛路3段123巷口,0,0,2,1,B03,7,5,5,50,3,2,1,5,4,5,13,4,4,1,3,1,2,16,1,29,3,10,7,1,7,6,1,8,1,5,,9,,1,21,,121.5420218,25.0381969
112,12,10,22,0,2,10文山區,文山區景明街與景明街29巷口,0,0,1,1,C03,8,5,5,30,4,1,1,5,4,5,13,4,4,10,5,5,2,15,2,52,2,1,6,1,7,9,1,10,1,12,,72,,1,21,,121.5411541,25.0012166
112,12,10,22,0,2,10文山區,文山區景明街與景明街29巷口,0,0,1,2,B03,8,5,5,30,4,1,1,5,4,5,13,4,4,10,5,5,2,15,1,25,3,10,7,1,7,9,1,8,2,8,,14,,1,21,,121.5411541,25.0012166
112,12,10,22,3,2,07信義區,信義區仁愛路4段與逸仙路口,0,0,1,2,C03,8,5,5,0,4,2,1,5,4,5,13,1,1,1,4,1,2,17,1,35,2,8,3,4,7,6,1,10,1,14,,44,,1,21,,121.5612603,25.0376838
112,12,10,22,3,2,07信義區,信義區仁愛路4段與逸仙路口,0,0,1,1,,8,5,5,0,4,2,1,5,4,5,13,1,1,1,4,1,2,17,4,0,4,11,3,4,7,9,8,20,11,15,,119,,2,21,,121.5612603,25.0376838
112,12,10,22,51,2,02萬華區,萬華區環河南路2段與環河南路2段175巷口,0,0,1,1,B03,8,5,5,50,4,1,1,5,4,5,13,1,1,1,4,5,2,17,1,43,2,1,7,4,7,6,3,18,1,5,,74,,1,21,,121.4921527,25.032884
112,12,10,22,51,2,02萬華區,萬華區環河南路2段與環河南路2段175巷口,0,0,1,2,B03,8,5,5,50,4,1,1,5,4,5,13,1,1,1,4,5,2,17,1,19,3,10,7,4,7,9,1,8,1,5,,13,,1,21,,121.4921527,25.032884
112,12,10,22,55,2,05中正區,中正區汀州路3段與羅斯福路3段316巷口,0,0,1,1,A12,8,5,5,50,3,1,1,5,4,5,13,4,4,5,2,5,2,16,1,36,3,10,7,1,7,6,1,6,1,2,,74,,1,21,,121.5320348,25.0152833
112,12,10,22,55,2,05中正區,中正區汀州路3段與羅斯福路3段316巷口,0,0,1,2,C03,8,5,5,50,3,1,1,5,4,5,13,4,4,5,2,5,2,16,2,29,2,8,6,1,7,9,1,10,1,14,,107,,1,21,,121.5320348,25.0152833
112,12,10,23,18,2,05中正區,中正區中山南路與信義路1段口,0,0,1,1,C03,8,5,8,50,22,22,1,5,4,1,13,2,1,10,4,5,2,11,1,18,2,9,6,1,7,5,1,10,2,11,,96,,1,21,,121.5179303,25.038728
112,12,10,23,18,2,05中正區,中正區中山南路與信義路1段口,0,0,1,2,B03,8,5,8,50,22,22,1,5,4,1,13,2,1,10,4,5,2,11,2,34,3,10,7,1,7,9,1,8,2,2,,44,,1,21,,121.5179303,25.038728
112,12,11,0,3,2,03中山區,中山區敬業三路與樂群一路口,0,0,2,1,C02,8,5,5,50,3,2,1,5,4,5,13,2,1,3,4,5,2,16,1,19,2,9,3,4,7,1,1,10,2,13,,19,,1,21,,121.5559486,25.0771211
112,12,11,0,3,2,03中山區,中山區敬業三路與樂群一路口,0,0,2,2,C03,8,5,5,50,3,2,1,5,4,5,13,2,1,3,4,5,2,16,2,18,2,9,3,4,7,9,3,18,2,11,,44,,1,21,,121.5559486,25.0771211
112,12,11,2,51,2,07信義區,信義區基隆路1段35巷與基隆路1段口口,0,0,1,1,B01,8,5,5,50,4,1,1,5,4,5,13,2,1,1,4,5,1,16,1,45,3,10,3,4,7,15,1,4,1,2,,81,,1,22,,121.5687856,25.0480905
112,12,11,2,51,2,07信義區,信義區基隆路1段35巷與基隆路1段口口,0,0,1,2,C03,8,5,5,50,4,1,1,5,4,5,13,2,1,1,4,5,1,16,1,39,2,9,3,4,7,9,1,10,1,11,,13,,1,22,,121.5687856,25.0480905
112,12,11,5,10,2,03中山區,中山區濱江街與濱江街口國道匝道處,0,0,1,1,B03,8,5,5,50,3,1,1,5,4,5,13,4,4,1,4,5,2,16,1,64,3,10,3,4,7,5,1,8,2,8,,74,,1,21,,121.5347769,25.07305791
112,12,11,5,10,2,03中山區,中山區濱江街與濱江街口國道匝道處,0,0,1,2,C03,8,5,5,50,3,1,1,5,4,5,13,4,4,1,4,5,2,16,1,39,2,9,5,4,7,9,1,10,2,14,,14,,1,21,,121.5347769,25.07305791
112,12,11,7,23,2,12內湖區,內湖區內湖路1段與港墘路口,0,0,1,2,B03,8,5,5,50,4,1,1,5,4,5,13,1,1,1,4,5,2,12,1,63,3,10,7,1,7,9,1,8,2,5,,44,,1,21,,121.5767182,25.07938314
112,12,11,7,23,2,12內湖區,內湖區內湖路1段與港墘路口,0,0,1,1,C03,8,5,5,50,4,1,1,5,4,5,13,1,1,1,4,5,2,12,1,43,2,9,6,1,7,9,1,10,2,14,,101,,1,21,,121.5767182,25.07938314
112,12,11,7,45,2,08士林區,士林區格致路與菁山路口,0,0,1,1,C03,7,6,5,40,3,2,1,5,4,5,13,4,4,5,5,5,1,17,2,45,2,9,5,1,7,5,1,10,2,12,,94,,1,22,,121.5464586,25.1373573
112,12,11,7,45,2,08士林區,士林區格致路與菁山路口,0,0,1,2,B02,7,6,5,40,3,2,1,5,4,5,13,4,4,5,5,5,1,17,1,44,3,10,7,1,7,9,1,8,2,8,,44,,1,22,,121.5464586,25.1373573
112,12,11,7,55,2,02萬華區,萬華區國興路46號,0,0,1,1,B03,8,7,8,30,14,9,1,5,4,5,13,4,4,5,5,5,2,13,2,41,3,10,7,1,7,9,1,8,1,8,,108,,1,21,,121.5074949,25.02523056
112,12,11,7,55,2,02萬華區,萬華區國興路46號,0,0,1,2,C03,8,7,8,30,14,9,1,5,4,5,13,4,4,5,5,5,2,13,1,53,2,9,5,1,7,9,1,10,1,13,,44,,1,21,,121.5074949,25.02523056
112,12,11,8,25,2,12內湖區,內湖區行善路與民善街口,0,0,1,2,C03,8,6,5,50,3,1,1,5,4,5,13,2,1,5,5,5,2,12,2,22,2,7,6,1,7,9,1,10,1,14,,44,,1,21,,121.5771644,25.0573247
112,12,11,8,25,2,12內湖區,內湖區行善路與民善街口,0,0,1,1,B03,8,6,5,50,3,1,1,5,4,5,13,2,1,5,5,5,2,12,1,33,3,10,7,1,7,9,1,8,1,2,,42,,1,21,,121.5771644,25.0573247
112,12,11,8,52,2,11南港區,南港區忠孝東路6段與向陽路口,0,0,1,2,C03,8,5,8,50,5,2,1,5,4,5,13,1,1,2,4,5,2,13,2,34,2,9,5,1,7,9,1,10,1,13,,44,,1,22,,121.5953436,25.05074496
112,12,11,8,52,2,11南港區,南港區忠孝東路6段與向陽路口,0,0,1,1,B03,8,5,8,50,5,2,1,5,4,5,13,1,1,2,4,5,2,13,1,36,3,10,7,4,7,6,1,8,1,5,,80,,1,22,,121.5953436,25.05074496
112,12,11,8,56,2,02萬華區,萬華區堤外便道華中189號燈桿,0,0,2,2,C03,8,6,5,40,14,9,1,5,4,5,13,4,4,10,5,5,2,12,2,45,2,9,5,1,7,9,1,10,1,13,,44,,1,21,,121.4916042,25.02176351
112,12,11,8,56,2,02萬華區,萬華區堤外便道華中189號燈桿,0,0,2,1,C03,8,6,5,40,14,9,1,5,4,5,13,4,4,10,5,5,2,12,1,24,2,9,6,1,7,9,1,10,1,11,,16,,1,21,,121.4916042,25.02176351
112,12,11,9,28,2,04大安區,大安區市民大道3段與建國南路1段口,0,0,3,1,C03,8,6,5,40,4,1,1,5,4,5,13,2,1,1,4,5,2,15,1,25,2,9,6,1,7,9,1,10,1,14,,81,,1,21,,121.5363456,25.0446735
112,12,11,9,28,2,04大安區,大安區市民大道3段與建國南路1段口,0,0,3,2,C02,8,6,5,40,4,1,1,5,4,5,13,2,1,1,4,5,2,15,1,23,2,9,5,1,7,9,1,10,1,11,,44,,1,21,,121.5363456,25.0446735
112,12,11,9,28,2,04大安區,大安區市民大道3段與建國南路1段口,0,0,3,3,H02,8,6,5,40,4,1,1,5,4,5,13,2,1,1,4,5,2,15,2,27,2,7,6,5,7,20,8,20,10,16,,67,,1,21,,121.5363456,25.0446735
112,12,11,10,10,2,12內湖區,內湖區洲子街55號,0,0,2,3,H02,8,5,5,30,14,9,1,5,4,5,13,4,4,9,5,5,2,17,2,32,2,9,5,5,7,20,8,20,10,16,,67,,1,21,,121.5737795,25.07965836
112,12,11,10,10,2,12內湖區,內湖區洲子街55號,0,0,2,2,C03,8,5,5,30,14,9,1,5,4,5,13,4,4,9,5,5,2,17,1,33,2,9,5,1,7,9,1,10,1,11,,44,,1,21,,121.5737795,25.07965836
112,12,11,10,10,2,12內湖區,內湖區洲子街55號,0,0,2,1,B03,8,5,5,30,14,9,1,5,4,5,13,4,4,9,5,5,2,17,2,45,3,10,7,1,7,7,1,8,1,6,,101,,1,21,,121.5737795,25.07965836
112,12,11,10,13,2,08士林區,士林區承德路4段與大南路口,0,0,1,1,C03,8,6,5,50,5,2,1,5,4,5,13,1,1,9,4,5,1,16,1,66,2,9,5,1,7,5,1,10,2,11,,71,,1,22,,121.5216298,25.0888588
112,12,11,10,13,2,08士林區,士林區承德路4段與大南路口,0,0,1,2,C03,8,6,5,50,5,2,1,5,4,5,13,1,1,9,4,5,1,16,1,34,3,10,6,1,7,9,1,10,2,13,,44,,1,21,,121.5216298,25.0888588
112,12,11,10,15,2,10文山區,文山區辛亥路7段與木柵路1段口,0,0,1,1,B03,8,6,5,50,4,1,1,5,4,5,13,1,1,1,4,4,2,17,1,74,3,10,3,4,7,5,1,8,2,1,,8,,1,22,,121.5522896,24.9877973
112,12,11,10,15,2,10文山區,文山區辛亥路7段與木柵路1段口,0,0,1,2,C03,8,6,5,50,4,1,1,5,4,5,13,1,1,1,4,4,2,17,1,28,2,8,3,4,7,9,1,10,2,11,,42,,1,22,,121.5522896,24.9877973
112,12,11,10,19,2,04大安區,大安區辛亥路3段車行地下道往東接平面車道,0,0,1,2,B03,8,7,5,50,14,7,1,5,4,5,13,2,1,8,1,5,1,13,1,39,3,10,7,1,7,14,1,8,1,3,,44,,1,21,,121.5488988,25.01701311
112,12,11,10,19,2,04大安區,大安區辛亥路3段車行地下道往東接平面車道,0,0,1,1,C02,8,7,5,50,14,7,1,5,4,5,13,2,1,8,1,5,1,13,1,29,2,8,5,1,7,12,1,9,1,11,,108,,1,26,,121.5488988,25.01701311
112,12,11,10,50,2,12內湖區,內湖區康寧路3段與東湖路口,0,0,1,2,C03,8,6,5,50,3,1,1,5,4,5,13,2,1,1,4,5,1,17,2,56,2,8,6,1,7,11,1,10,2,15,,10,,1,21,,121.6120398,25.0688609
112,12,11,10,50,2,12內湖區,內湖區康寧路3段與東湖路口,0,0,1,1,B02,8,6,5,50,3,1,1,5,4,5,13,2,1,1,4,5,1,17,1,48,3,10,7,1,7,6,1,8,2,5,,108,,1,21,,121.6120398,25.0688609
112,12,11,11,13,2,03中山區,中山區吉林路117號,0,0,1,2,C03,8,7,5,40,14,8,1,5,4,5,13,4,4,9,4,4,2,17,1,44,2,9,3,4,7,9,1,10,1,17,,14,,1,21,,121.5302883,25.0567407
112,12,11,11,13,2,03中山區,中山區吉林路117號,0,0,1,1,B12,8,7,5,40,14,8,1,5,4,5,13,4,4,9,4,4,2,17,1,51,3,10,3,4,7,11,1,8,1,17,,10,,1,21,,121.5302883,25.0567407
112,12,11,11,14,2,04大安區,大安區新生南路3段46號,0,0,1,3,H03,8,6,5,50,14,9,1,5,4,5,13,4,4,1,4,5,2,16,1,33,3,10,4,5,8,20,8,20,10,17,,67,,1,21,,121.534057,25.0212048
112,12,11,11,14,2,04大安區,大安區新生南路3段46號,0,0,1,2,B03,8,6,5,50,14,9,1,5,4,5,13,4,4,1,4,5,2,16,2,47,3,10,7,1,7,9,1,8,1,5,,44,,1,21,,121.534057,25.0212048
112,12,11,11,14,2,04大安區,大安區新生南路3段46號,0,0,1,1,C03,8,6,5,50,14,9,1,5,4,5,13,4,4,1,4,5,2,16,2,65,2,9,5,1,7,7,1,10,1,14,,100,,1,21,,121.534057,25.0212048
112,12,11,11,22,2,01大同區,大同區延平北路3段與延平北路3段17巷口,0,0,1,1,B03,8,6,5,50,3,1,1,5,4,5,13,4,4,9,4,5,2,16,2,40,3,10,7,4,7,5,1,8,1,5,,8,,1,21,,121.5112054,25.063776
112,12,11,11,22,2,01大同區,大同區延平北路3段與延平北路3段17巷口,0,0,1,2,C03,8,6,5,50,3,1,1,5,4,5,13,4,4,9,4,5,2,16,1,35,2,9,6,4,7,9,1,10,1,11,,14,,1,21,,121.5112054,25.063776
112,12,11,11,26,2,03中山區,往中山北路引道,0,0,1,1,B01,8,7,5,30,3,2,1,5,4,5,13,4,4,8,4,1,2,16,1,62,3,10,7,1,7,6,1,3,1,1,,73,,1,21,,121.5231036,25.068862
112,12,11,11,26,2,03中山區,往中山北路引道,0,0,1,2,C03,8,7,5,30,3,2,1,5,4,5,13,4,4,8,4,1,2,16,1,20,2,9,6,1,7,9,1,10,1,12,,44,,1,21,,121.5231036,25.068862
112,12,11,11,42,2,02萬華區,萬華區萬大路與萬大路322巷口,0,0,2,2,C03,8,7,5,30,4,1,1,5,4,5,13,1,1,1,5,5,2,17,1,36,2,9,5,1,7,9,1,10,1,11,,44,,1,21,,121.5002005,25.0242838
112,12,11,11,42,2,02萬華區,萬華區萬大路與萬大路322巷口,0,0,2,1,C03,8,7,5,30,4,1,1,5,4,5,13,1,1,1,5,5,2,17,2,49,2,9,5,1,7,5,1,10,1,14,,8,,1,21,,121.5002005,25.0242838
112,12,11,11,50,2,01大同區,大同區民權西路194號,0,0,2,1,C03,8,6,8,50,22,22,1,5,4,5,13,4,4,1,4,5,2,17,2,42,3,10,5,1,7,5,1,10,1,13,,8,,1,21,,121.5142506,25.0629277
112,12,11,11,50,2,01大同區,大同區民權西路194號,0,0,2,2,C03,8,6,8,50,22,22,1,5,4,5,13,4,4,1,4,5,2,17,2,43,2,9,5,1,7,9,1,10,1,13,,44,,1,21,,121.5142506,25.0629277
112,12,11,11,50,2,01大同區,大同區民權西路194號,0,0,2,3,C03,8,6,8,50,22,22,1,5,4,5,13,4,4,1,4,5,2,17,2,23,2,8,5,1,7,9,1,10,1,11,,16,,1,21,,121.5142506,25.0629277
112,12,11,11,50,2,01大同區,大同區民權西路194號,0,0,2,4,C03,8,6,8,50,22,22,1,5,4,5,13,4,4,1,4,5,2,17,1,30,3,10,5,1,7,9,1,10,1,14,,16,,1,21,,121.5142506,25.0629277
112,12,11,12,10,2,02萬華區,萬華區中華路1段90號,0,0,1,2,C03,8,5,5,50,14,8,1,5,4,5,13,4,4,10,5,5,2,17,1,71,2,9,3,4,7,7,1,10,1,14,,100,,1,21,,121.508863,25.04471855
112,12,11,12,10,2,02萬華區,萬華區中華路1段90號,0,0,1,1,B12,8,5,5,50,14,8,1,5,4,5,13,4,4,10,5,5,2,17,1,25,3,10,3,4,7,10,1,8,1,2,,44,,1,21,,121.508863,25.04471855
112,12,11,12,15,2,08士林區,士林區中山北路5段與文林路口,0,0,1,1,C03,8,5,8,50,3,1,1,5,4,5,13,1,1,2,5,1,1,17,2,44,2,8,5,1,7,7,1,10,1,17,,99,,1,21,,121.5258307,25.08579979
112,12,11,12,15,2,08士林區,士林區中山北路5段與文林路口,0,0,1,2,C03,8,5,8,50,3,1,1,5,4,5,13,1,1,2,5,1,1,17,1,32,3,10,5,1,7,7,1,10,1,12,,95,,1,21,,121.5258307,25.08579979
112,12,11,12,20,2,07信義區,信義區基隆路1段與松隆路口口,0,0,1,2,C03,8,7,5,50,5,2,1,5,4,5,13,2,1,9,3,5,2,13,1,70,2,9,5,4,7,9,1,10,2,11,14,108,,1,21,,121.5658048,25.04315