發生年度,發生月,發生日,發生時-Hours,發生分,處理別-編號,區序,肇事地點,死亡人數,2-30日死亡人數,受傷人數,當事人序號,車種,天候,光線,道路類別,速限-速度限制,道路型態,事故位置,路面狀況1,路面狀況2,路面狀況3,道路障礙1,道路障礙2,號誌1,號誌2,車道劃分-分向,車道劃分-分道1,車道劃分-分道2,車道劃分-分道3,事故類型及型態,性別,年齡,受傷程度,主要傷處,保護裝置,行動電話,車輛用途,當事者行動狀態,駕駛資格情形,駕駛執照種類,飲酒情形,車輛撞擊部位1,車輛撞擊部位2,肇因碼-個別,肇因碼-主要,個人肇逃否,職業,旅次目的,座標-X,座標-Y
112,12,11,12,20,2,07信義區,信義區基隆路1段與松隆路口口,0,0,1,1,C03,8,7,5,50,5,2,1,5,4,5,13,2,1,9,3,5,2,13,2,23,3,10,5,4,7,12,1,10,2,13,,42,,1,21,,121.5658048,25.04315
112,12,11,12,30,2,09北投區,北投區承德路6段427號,0,0,1,2,C03,8,6,5,60,14,8,1,5,4,5,13,4,4,3,3,4,2,16,2,66,2,9,5,1,7,9,1,10,2,11,,44,,1,21,,121.5115301,25.1080629
112,12,11,12,30,2,09北投區,北投區承德路6段427號,0,0,1,1,B03,8,6,5,60,14,8,1,5,4,5,13,4,4,3,3,4,2,16,1,34,3,10,7,1,7,6,1,8,2,6,,9,,1,21,,121.5115301,25.1080629
112,12,11,12,42,2,05中正區,中正區中山北路1段與北平西路口,0,0,1,2,C03,8,6,5,50,5,2,1,5,4,5,13,2,1,1,4,5,2,12,1,70,2,9,6,1,7,9,1,10,2,14,,44,,1,26,,121.5200021,25.046783
112,12,11,12,42,2,05中正區,中正區中山北路1段與北平西路口,0,0,1,1,B01,8,6,5,50,5,2,1,5,4,5,13,2,1,1,4,5,2,12,1,69,3,10,7,1,7,8,1,4,2,2,,100,,1,26,,121.5200021,25.046783
112,12,11,12,50,2,12內湖區,內湖區康寧路3段與安康路口,0,0,1,2,C03,8,6,5,50,4,1,1,5,4,5,13,2,1,1,4,5,2,16,2,26,2,9,6,1,7,9,1,10,2,14,,107,,1,21,,121.6108311,25.0656333
112,12,11,12,50,2,12內湖區,內湖區康寧路3段與安康路口,0,0,1,1,B03,8,6,5,50,4,1,1,5,4,5,13,2,1,1,4,5,2,16,1,40,3,10,7,1,7,6,1,8,2,2,,9,,1,21,,121.6108311,25.0656333
112,12,11,13,20,2,06松山區,松山區市民大道4段與復興南路1段口,0,0,1,1,C03,8,7,5,40,4,1,1,5,4,5,13,2,1,1,4,5,2,17,2,57,4,11,3,4,7,6,1,10,11,12,,9,,2,22,,121.5439281,25.04497499
112,12,11,13,20,2,06松山區,松山區市民大道4段與復興南路1段口,0,0,1,2,C03,8,7,5,40,4,1,1,5,4,5,13,2,1,1,4,5,2,17,2,19,2,8,5,1,7,6,1,10,1,12,,80,,1,22,,121.5439281,25.04497499
112,12,11,14,2,2,02萬華區,萬華區西藏路與雙園街口,0,0,1,2,F01,8,7,5,50,3,1,1,5,4,5,13,3,1,1,5,5,2,15,2,72,2,1,4,1,7,9,8,20,1,14,,72,,1,21,,121.4950929,25.0288563
112,12,11,14,2,2,02萬華區,萬華區西藏路與雙園街口,0,0,1,1,B03,8,7,5,50,3,1,1,5,4,5,13,3,1,1,5,5,2,15,1,37,3,10,7,1,7,9,1,8,1,1,,44,,1,21,,121.4950929,25.0288563
112,12,11,14,5,2,06松山區,松山區敦化北路與敦化北路238巷口,0,0,1,1,C03,7,6,5,50,3,1,1,5,4,5,13,4,4,1,4,1,1,17,1,23,2,9,5,1,7,9,1,10,1,11,,16,,1,21,,121.5496424,25.0598032
112,12,11,14,5,2,06松山區,松山區敦化北路與敦化北路238巷口,0,0,1,2,B02,7,6,5,50,3,1,1,5,4,5,13,4,4,1,4,1,1,17,1,50,3,10,7,1,7,6,1,8,1,7,,44,,1,21,,121.5496424,25.0598032
112,12,11,14,51,2,03中山區,中山區中山北路2段與錦西街口,0,0,1,3,H02,8,7,5,50,14,9,1,5,4,5,13,2,1,5,2,5,2,17,2,37,2,9,4,5,7,20,8,20,10,16,,67,,1,21,,121.5229178,25.0605899
112,12,11,14,51,2,03中山區,中山區中山北路2段與錦西街口,0,0,1,1,B01,8,7,5,50,14,9,1,5,4,5,13,2,1,5,2,5,2,17,1,55,3,10,7,1,7,9,1,4,1,1,,108,,1,21,,121.5229178,25.0605899
112,12,11,14,51,2,03中山區,中山區中山北路2段與錦西街口,0,0,1,2,B02,8,7,5,50,14,9,1,5,4,5,13,2,1,5,2,5,2,17,1,37,3,10,7,1,7,9,1,8,1,3,,44,,1,21,,121.5229178,25.0605899
112,12,11,15,25,2,04大安區,大安區文昌街與文昌街278巷口,0,0,2,2,C03,8,5,5,30,4,1,1,5,4,5,13,4,4,10,4,5,2,15,2,54,2,9,6,1,7,9,1,10,1,14,,44,,1,21,,121.5565901,25.03221
112,12,11,15,25,2,04大安區,大安區文昌街與文昌街278巷口,0,0,2,1,C03,8,5,5,30,4,1,1,5,4,5,13,4,4,10,4,5,2,15,1,22,2,8,6,1,7,9,1,10,1,12,,75,,1,21,,121.5565901,25.03221
112,12,11,15,36,2,01大同區,大同區鄭州路與西寧北路口,0,0,1,1,B03,8,5,5,40,4,2,1,5,4,5,13,2,1,1,4,5,2,17,1,68,4,11,3,4,7,6,7,19,11,2,,119,,2,22,,121.5087099,25.0507155
112,12,11,15,36,2,01大同區,大同區鄭州路與西寧北路口,0,0,1,2,C03,8,5,5,40,4,2,1,5,4,5,13,2,1,1,4,5,2,17,1,19,2,9,3,4,7,9,1,10,1,14,,107,,1,21,,121.5087099,25.0507155
112,12,11,15,42,2,04大安區,大安區敦化南路2段11巷與敦化南路2段11巷14弄口,0,0,1,2,C03,8,6,5,30,4,1,1,5,4,5,13,4,4,10,5,5,2,15,1,36,2,8,6,4,7,9,1,10,1,14,,13,,1,22,,121.5501615,25.0325957
112,12,11,15,42,2,04大安區,大安區敦化南路2段11巷與敦化南路2段11巷14弄口,0,0,1,1,B03,8,6,5,30,4,1,1,5,4,5,13,4,4,10,5,5,2,15,1,28,3,10,3,4,7,15,1,8,1,1,,72,,1,22,,121.5501615,25.0325957
112,12,11,16,25,2,09北投區,北投區承德路7段與立賢路口,0,0,1,1,C03,8,6,5,60,14,7,1,5,4,5,13,2,1,1,4,4,2,17,1,16,3,10,5,1,7,9,2,18,1,15,,44,,1,21,,121.5047703,25.11638699
112,12,11,16,25,2,09北投區,北投區承德路7段與立賢路口,0,0,1,2,C03,8,6,5,60,14,7,1,5,4,5,13,2,1,1,4,4,2,17,1,57,2,9,5,1,7,9,1,10,1,15,,44,,1,21,,121.5047703,25.11638699
112,12,11,16,49,2,12內湖區,內湖區舊宗路2段121巷與瑞湖街口,0,0,1,1,B03,7,6,5,50,4,1,1,5,4,5,13,1,1,5,5,5,2,16,2,22,3,10,3,4,7,6,1,8,1,5,,9,,1,22,,121.5764476,25.06910045
112,12,11,16,49,2,12內湖區,內湖區舊宗路2段121巷與瑞湖街口,0,0,1,2,C03,7,6,5,50,4,1,1,5,4,5,13,1,1,5,5,5,2,16,1,37,2,9,6,1,7,9,1,10,1,14,,44,,1,22,,121.5764476,25.06910045
112,12,11,16,57,2,09北投區,北投區大業路529號,0,0,1,1,C03,8,5,5,50,14,9,1,5,4,5,13,4,4,5,5,5,2,17,1,33,2,8,6,1,7,11,1,10,1,14,,118,,1,22,,121.4961834,25.1350662
112,12,11,16,57,2,09北投區,北投區大業路529號,0,0,1,2,C03,8,5,5,50,14,9,1,5,4,5,13,4,4,5,5,5,2,17,2,35,3,10,6,1,7,9,1,10,1,11,,44,,1,22,,121.4961834,25.1350662
112,12,11,17,5,2,08士林區,士林區忠誠路2段207巷與東山路口,0,0,1,1,C03,8,6,6,30,4,1,1,5,4,5,13,2,1,5,5,1,1,17,1,64,3,10,5,1,7,9,1,10,1,12,,1,,1,21,,121.5388781,25.11639483
112,12,11,17,5,2,08士林區,士林區忠誠路2段207巷與東山路口,0,0,1,2,C03,8,6,6,30,4,1,1,5,4,5,13,2,1,5,5,1,1,17,2,40,2,9,5,1,7,5,1,10,1,14,,44,,1,21,,121.5388781,25.11639483
112,12,11,17,10,2,03中山區,中山區市民大道2段與新生北路1段62巷口口,0,0,1,1,C03,8,5,5,50,4,1,1,5,4,5,13,1,1,5,4,5,2,15,1,30,3,10,3,4,7,9,1,10,1,12,,42,,1,21,,121.5308374,25.0461361
112,12,11,17,10,2,03中山區,中山區市民大道2段與新生北路1段62巷口口,0,0,1,2,C03,8,5,5,50,4,1,1,5,4,5,13,1,1,5,4,5,2,15,1,43,2,9,3,4,7,1,1,10,1,11,,44,,1,21,,121.5308374,25.0461361
112,12,11,17,13,2,12內湖區,內湖區行愛路與新湖三路口,0,0,1,1,B03,8,5,5,50,4,1,1,5,4,5,13,2,1,5,5,5,2,15,1,54,3,10,7,1,7,9,1,8,1,5,,42,,1,21,,121.5795502,25.0649156
112,12,11,17,13,2,12內湖區,內湖區行愛路與新湖三路口,0,0,1,2,C02,8,5,5,50,4,1,1,5,4,5,13,2,1,5,5,5,2,15,1,41,2,7,5,1,7,9,1,9,1,11,,44,,1,21,,121.5795502,25.0649156
112,12,11,17,54,2,07信義區,信義區莊敬路366號,0,0,1,1,F01,8,5,5,50,14,7,1,5,4,5,13,4,4,9,4,4,2,16,1,72,2,3,4,1,7,11,8,20,2,11,,10,,1,21,,121.5646666,25.0277293
112,12,11,17,54,2,07信義區,信義區莊敬路366號,0,0,1,2,C03,8,5,5,50,14,7,1,5,4,5,13,4,4,9,4,4,2,16,1,35,3,10,6,1,7,9,1,10,2,11,,13,,1,21,,121.5646666,25.0277293
112,12,11,18,11,2,03中山區,中山區松江路與長春路口,0,0,1,1,B01,8,5,5,50,4,2,1,5,4,5,13,1,1,3,4,5,2,13,1,59,3,10,7,1,7,9,1,4,1,5,,107,,1,21,,121.5429391,25.0792996
112,12,11,18,11,2,03中山區,中山區松江路與長春路口,0,0,1,2,C03,8,5,5,50,4,2,1,5,4,5,13,1,1,3,4,5,2,13,2,61,2,9,5,1,7,14,1,8,1,13,14,44,,1,21,,121.5429391,25.0792996
112,12,11,18,37,2,07信義區,信義區福德街232巷與福德街232巷16弄口口,0,0,3,2,C03,8,5,5,30,5,1,1,5,4,5,13,1,1,9,5,5,1,15,1,47,2,9,3,4,7,9,1,10,1,11,,13,,1,22,,121.5842808,25.03927422
112,12,11,18,37,2,07信義區,信義區福德街232巷與福德街232巷16弄口口,0,0,3,3,H02,8,5,5,30,5,1,1,5,4,5,13,1,1,9,5,5,1,15,2,43,2,9,3,5,7,17,8,20,10,16,,67,,1,22,,121.5842808,25.03927422
112,12,11,18,37,2,07信義區,信義區福德街232巷與福德街232巷16弄口口,0,0,3,1,C03,8,5,5,30,5,1,1,5,4,5,13,1,1,9,5,5,1,15,1,24,2,9,3,4,7,9,1,10,1,11,,81,,1,22,,121.5842808,25.03927422
112,12,11,18,48,2,06松山區,松山區健康路與光復北路口,0,0,1,1,B03,8,5,5,50,4,1,1,5,4,5,13,2,1,9,4,4,2,16,1,63,3,10,7,1,7,5,1,8,1,6,,71,,1,22,,121.5566403,25.0535601
112,12,11,18,48,2,06松山區,松山區健康路與光復北路口,0,0,1,2,C03,8,5,5,50,4,1,1,5,4,5,13,2,1,9,4,4,2,16,1,39,2,9,5,1,7,9,1,10,1,11,,44,,1,22,,121.5566403,25.0535601
112,12,11,19,23,2,10文山區,文山區興隆路3段112巷2弄11號,0,0,1,1,B03,8,5,5,30,14,9,1,5,4,5,13,4,4,10,5,5,1,9,1,60,3,10,7,1,7,9,1,8,1,10,,108,,1,21,,121.5567684,24.99912923
112,12,11,19,23,2,10文山區,文山區興隆路3段112巷2弄11號,0,0,1,2,H01,8,5,5,30,14,9,1,5,4,5,13,4,4,10,5,5,1,9,2,30,2,8,4,5,8,17,8,20,10,16,,67,,1,21,,121.5567684,24.99912923
112,12,11,19,33,2,07信義區,信義區松智路與松智路9巷口,0,0,1,1,B03,7,5,5,50,3,2,1,4,4,5,13,4,4,9,5,5,2,3,4,0,,,,4,7,,7,,11,,,119,,2,,,121.5656506,25.0379217
112,12,11,19,33,2,07信義區,信義區松智路與松智路9巷口,0,0,1,2,H01,7,5,5,50,3,2,1,4,4,5,13,4,4,9,5,5,2,3,1,26,2,8,4,5,8,16,8,20,10,16,,53,,1,22,,121.5656506,25.0379217
112,12,11,20,18,2,02萬華區,萬華區萬大路486巷與萬大路486巷68弄口,0,0,2,2,G06,7,5,5,30,5,1,1,5,4,5,13,4,4,10,5,5,2,17,1,43,2,8,4,1,7,6,8,20,1,16,,44,,1,21,,121.4954463,25.0208489
112,12,11,20,18,2,02萬華區,萬華區萬大路486巷與萬大路486巷68弄口,0,0,2,1,F01,7,5,5,30,5,1,1,5,4,5,13,4,4,10,5,5,2,17,2,13,2,9,4,1,7,9,8,20,1,11,,99,,1,15,,121.4954463,25.0208489
112,12,11,20,30,2,01大同區,大同區民生西路與雙連街口,0,0,2,1,C03,8,5,5,50,4,1,1,5,4,5,13,2,1,9,4,5,2,16,1,33,2,9,5,1,7,4,1,10,1,12,,44,,1,21,,121.5191733,25.057492
112,12,11,20,30,2,01大同區,大同區民生西路與雙連街口,0,0,2,2,C03,8,5,5,50,4,1,1,5,4,5,13,2,1,9,4,5,2,16,1,38,2,9,5,1,7,14,1,10,1,12,,71,,1,21,,121.5191733,25.057492
112,12,11,21,10,2,05中正區,中正區忠孝西路1段與公園路口,0,0,1,1,B03,7,5,5,50,3,1,1,5,4,5,13,3,1,1,2,5,2,17,1,32,4,11,3,4,7,6,7,19,11,17,,9,,1,22,,121.5165506,25.04670692
112,12,11,21,10,2,05中正區,中正區忠孝西路1段與公園路口,0,0,1,2,A01,7,5,5,50,3,1,1,5,4,5,13,3,1,1,2,5,2,17,1,53,3,10,7,4,7,9,1,2,2,17,,44,,1,21,,121.5165506,25.04670692
112,12,11,21,10,2,05中正區,中正區忠孝西路1段與公園路口,0,0,1,3,H02,7,5,5,50,3,1,1,5,4,5,13,3,1,1,2,5,2,17,2,85,2,9,4,5,7,20,8,20,10,16,,67,,1,22,,121.5165506,25.04670692
112,12,11,23,45,2,08士林區,士林區基河路141號,0,0,1,2,C03,8,5,5,50,14,9,1,5,4,5,13,4,4,4,3,5,1,12,2,46,2,9,5,1,7,9,1,10,2,12,,44,,1,22,,121.5236996,25.0883709
112,12,11,23,45,2,08士林區,士林區基河路141號,0,0,1,1,B03,8,5,5,50,14,9,1,5,4,5,13,4,4,4,3,5,1,12,1,20,3,10,7,1,7,9,3,18,2,4,,108,,1,22,,121.5236996,25.0883709
112,12,12,1,40,2,04大安區,大安區敦化南路1段187巷與忠孝東路4段181巷口,0,0,1,1,C03,7,5,8,30,4,1,1,5,4,5,13,4,4,10,4,5,2,15,1,29,2,9,5,1,7,9,1,10,2,11,,72,,1,21,,121.5507576,25.04256927
112,12,12,1,40,2,04大安區,大安區敦化南路1段187巷與忠孝東路4段181巷口,0,0,1,2,B01,7,5,8,30,4,1,1,5,4,5,13,4,4,10,4,5,2,15,1,49,3,10,7,1,7,9,1,2,2,4,,44,,1,21,,121.5507576,25.04256927
112,12,12,7,36,2,01大同區,大同區延平北路4段與酒泉街口,0,0,1,1,B02,7,7,5,50,4,1,1,5,4,5,13,2,1,5,4,5,2,17,1,54,3,10,3,4,7,15,1,1,1,1,,42,,1,22,,121.51096,25.0720913
112,12,12,7,36,2,01大同區,大同區延平北路4段與酒泉街口,0,0,1,2,C03,7,7,5,50,4,1,1,5,4,5,13,2,1,5,4,5,2,17,1,21,2,6,6,4,7,14,1,9,1,13,,103,,1,22,,121.51096,25.0720913
112,12,12,8,0,2,04大安區,大安區復興南路1段237號,0,0,2,3,B02,7,6,5,50,14,9,1,5,4,5,13,4,4,9,4,5,1,12,1,59,3,10,3,4,7,14,1,8,1,6,,44,,1,21,,121.5437633,25.0372567
112,12,12,8,0,2,04大安區,大安區復興南路1段237號,0,0,2,2,C03,7,6,5,50,14,9,1,5,4,5,13,4,4,9,4,5,1,12,1,25,2,7,5,1,7,9,1,10,1,11,,44,,1,21,,121.5437633,25.0372567
112,12,12,8,0,2,04大安區,大安區復興南路1段237號,0,0,2,1,C03,7,6,5,50,14,9,1,5,4,5,13,4,4,9,4,5,1,12,1,24,2,7,5,1,7,8,1,10,1,12,,100,,1,21,,121.5437633,25.0372567
112,12,12,8,0,2,04大安區,大安區復興南路1段237號,0,0,2,4,B12,7,6,5,50,14,9,1,5,4,5,13,4,4,9,4,5,1,12,1,47,3,10,3,4,7,14,6,18,1,7,,44,,1,21,,121.5437633,25.0372567
112,12,12,8,17,2,10文山區,文山區和平東路4段與萬寧街口,0,0,1,1,C03,7,6,5,40,4,1,1,5,4,5,13,1,1,4,1,5,2,17,1,66,3,10,3,4,7,9,1,10,11,15,,44,,2,22,,121.56786,25.0050065
112,12,12,8,17,2,10文山區,文山區和平東路4段與萬寧街口,0,0,1,2,C03,7,6,5,40,4,1,1,5,4,5,13,1,1,4,1,5,2,17,1,36,2,9,5,1,7,9,1,10,9,17,,44,,1,21,,121.56786,25.0050065
112,12,12,8,17,2,08士林區,士林區忠義街73號與中山北路6段2巷口,0,0,1,2,B03,7,5,5,30,4,2,1,5,4,5,13,4,4,5,5,5,2,13,1,49,3,10,7,1,7,14,1,8,2,3,,44,,1,21,,121.5286982,25.1038068
112,12,12,8,17,2,08士林區,士林區忠義街73號與中山北路6段2巷口,0,0,1,1,C03,7,5,5,30,4,2,1,5,4,5,13,4,4,5,5,5,2,13,1,58,2,8,5,1,7,9,1,10,2,11,,16,,1,21,,121.5286982,25.1038068
112,12,12,8,20,2,12內湖區,內湖區民權東路6段19巷與民權東路6段15巷口,0,0,1,1,B03,8,5,8,50,14,9,1,5,4,5,13,4,4,9,5,5,2,17,1,23,3,10,7,1,7,6,1,8,1,2,,9,,1,21,,121.5769306,25.06883852
112,12,12,8,20,2,12內湖區,內湖區民權東路6段19巷與民權東路6段15巷口,0,0,1,2,C03,8,5,8,50,14,9,1,5,4,5,13,4,4,9,5,5,2,17,1,29,2,9,5,1,7,9,1,10,1,14,,44,,1,21,,121.5769306,25.06883852
112,12,12,8,25,2,04大安區,大安區市民大道4段與敦化南路1段口,0,0,3,2,C03,8,6,5,50,4,1,1,5,4,5,13,2,1,10,5,5,2,13,1,38,2,9,6,4,7,9,1,10,1,13,,101,,1,22,,121.5491561,25.0446282
112,12,12,8,25,2,04大安區,大安區市民大道4段與敦化南路1段口,0,0,3,3,H02,8,6,5,50,4,1,1,5,4,5,13,2,1,10,5,5,2,13,2,53,2,9,6,5,7,20,8,20,10,16,,67,,1,22,,121.5491561,25.0446282
112,12,12,8,25,2,04大安區,大安區市民大道4段與敦化南路1段口,0,0,3,1,C03,8,6,5,50,4,1,1,5,4,5,13,2,1,10,5,5,2,13,1,53,2,9,6,4,7,9,1,10,1,11,,107,,1,22,,121.5491561,25.0446282
112,12,12,8,30,2,10文山區,文山區羅斯福路6段與羅斯福路6段159巷口,0,0,2,1,C03,7,6,5,50,4,1,1,5,4,5,13,2,1,1,4,5,2,12,2,46,2,8,6,1,7,9,1,10,1,11,,101,,1,22,,121.5409888,24.9971972
112,12,12,8,30,2,10文山區,文山區羅斯福路6段與羅斯福路6段159巷口,0,0,2,2,C03,7,6,5,50,4,1,1,5,4,5,13,2,1,1,4,5,2,12,1,50,2,9,6,1,7,7,1,10,1,12,,107,,1,22,,121.5409888,24.9971972
112,12,12,8,31,2,03中山區,中山區長春路2號,0,0,1,1,B03,7,6,5,40,14,8,1,5,4,5,13,4,4,4,5,4,1,17,1,49,3,10,3,4,7,1,1,8,1,5,,19,,1,21,,121.5230863,25.0549295
112,12,12,8,31,2,03中山區,中山區長春路2號,0,0,1,2,C03,7,6,5,40,14,8,1,5,4,5,13,4,4,4,5,4,1,17,2,35,2,9,3,4,7,14,1,10,1,12,,9,,1,21,,121.5230863,25.0549295
112,12,12,8,48,2,05中正區,中正區汀州路3段24巷與汀州路3段口,0,0,1,1,C03,8,6,5,50,3,2,1,5,4,5,12,4,4,5,4,5,2,13,2,44,2,8,5,1,7,9,1,10,9,11,,16,,1,21,,121.5287765,25.0175463
112,12,12,8,48,2,05中正區,中正區汀州路3段24巷與汀州路3段口,0,0,1,2,C03,8,6,5,50,3,2,1,5,4,5,12,4,4,5,4,5,2,13,2,26,3,10,5,1,7,12,1,10,1,13,,44,,1,21,,121.5287765,25.0175463
112,12,12,9,10,2,12內湖區,內湖區洲子街12號,0,0,2,1,C03,8,5,5,50,14,9,1,5,4,5,13,4,4,5,5,5,2,3,1,29,2,9,5,1,7,9,1,10,2,11,,44,,1,21,,121.574889,25.07852469
112,12,12,9,10,2,12內湖區,內湖區洲子街12號,0,0,2,2,H01,8,5,5,50,14,9,1,5,4,5,13,4,4,5,5,5,2,3,1,92,2,9,4,5,8,16,8,20,1,16,,53,,1,21,,121.574889,25.07852469
112,12,12,9,10,2,12內湖區,內湖區洲子街12號,0,0,2,3,,8,5,5,50,14,9,1,5,4,5,13,4,4,5,5,5,2,3,4,0,4,11,3,4,7,21,7,19,11,15,,119,,2,21,,121.574889,25.07852469
112,12,12,9,10,2,12內湖區,內湖區舊宗路1段18號,0,0,1,1,C03,7,6,5,50,14,9,1,5,4,5,13,4,4,1,4,5,2,12,2,42,2,9,5,1,7,9,1,10,2,14,,100,,1,21,,121.5808909,25.05784019
112,12,12,9,10,2,12內湖區,內湖區舊宗路1段18號,0,0,1,2,B12,7,6,5,50,14,9,1,5,4,5,13,4,4,1,4,5,2,12,1,46,3,10,7,1,7,9,1,8,2,2,,44,,1,21,,121.5808909,25.05784019
112,12,12,9,10,2,12內湖區,內湖區舊宗路1段18號,0,0,1,3,B03,7,6,5,50,14,9,1,5,4,5,13,4,4,1,4,5,2,12,2,66,3,10,7,1,7,14,1,8,2,7,,44,,1,21,,121.5808909,25.05784019
112,12,12,9,13,2,03中山區,中山區北安路與敬業三路口,0,0,2,2,C03,8,6,5,50,4,2,1,5,4,5,13,1,1,1,4,5,2,17,2,27,2,9,5,1,7,9,1,10,1,11,14,13,,1,21,,121.5562463,25.08456729
112,12,12,9,13,2,03中山區,中山區北安路與敬業三路口,0,0,2,1,C03,8,6,5,50,4,2,1,5,4,5,13,1,1,1,4,5,2,17,1,52,2,9,5,1,7,6,1,10,1,12,,71,,1,21,,121.5562463,25.08456729
112,12,12,9,19,2,10文山區,文山區木新路2段79巷12弄與無名巷口,0,0,1,2,C03,7,7,5,30,3,1,1,5,4,5,13,4,4,9,5,5,2,17,2,40,2,9,5,1,7,9,1,10,1,12,,13,,1,21,,121.5709363,24.9840784
112,12,12,9,19,2,10文山區,文山區木新路2段79巷12弄與無名巷口,0,0,1,1,C03,7,7,5,30,3,1,1,5,4,5,13,4,4,9,5,5,2,17,1,34,3,10,5,1,7,9,1,10,1,11,,72,,1,21,,121.5709363,24.9840784
112,12,12,9,32,2,08士林區,士林區天母西路與天母西路38巷口,0,0,1,2,H01,8,6,5,50,5,2,1,5,4,5,13,2,1,9,2,5,1,1,2,87,2,1,4,5,8,20,8,20,10,16,,67,,1,21,,121.5261125,25.1184569
112,12,12,9,32,2,08士林區,士林區天母西路與天母西路38巷口,0,0,1,1,B01,8,6,5,50,5,2,1,5,4,5,13,2,1,9,2,5,1,1,1,63,3,10,7,1,7,5,1,4,2,4,,70,,1,21,,121.5261125,25.1184569
112,12,12,9,36,2,07信義區,信義區吳興街220巷59號,0,0,1,2,C03,8,6,5,50,14,9,1,5,4,5,13,4,4,9,5,5,2,13,1,40,4,11,3,4,7,9,7,19,11,15,,44,,2,22,,121.5620077,25.0268054
112,12,12,9,36,2,07信義區,信義區吳興街220巷59號,0,0,1,1,F01,8,6,5,50,14,9,1,5,4,5,13,4,4,9,5,5,2,13,2,71,2,9,3,4,7,5,8,20,2,13,,8,,1,21,,121.5620077,25.0268054
112,12,12,9,40,2,08士林區,士林區德行東路與芝玉路1段口,0,0,1,1,C03,8,5,5,30,5,1,1,5,4,5,13,3,1,10,4,5,1,17,1,29,2,7,6,1,7,9,1,10,2,11,,72,,1,21,,121.5341274,25.1097654
112,12,12,9,40,2,08士林區,士林區德行東路與芝玉路1段口,0,0,1,2,B02,8,5,5,30,5,1,1,5,4,5,13,3,1,10,4,5,1,17,1,66,3,10,7,1,7,9,1,8,2,8,,44,,1,21,,121.5341274,25.1097654
112,12,12,9,44,2,04大安區,大安區信義路3段與仁愛路3段24巷口,0,0,1,1,C03,7,6,5,50,3,1,1,5,4,4,13,2,1,1,4,5,1,13,1,61,2,7,5,1,7,9,1,9,1,11,,16,,1,21,,121.5358872,25.0336262
112,12,12,9,44,2,04大安區,大安區信義路3段與仁愛路3段24巷口,0,0,1,2,B01,7,6,5,50,3,1,1,5,4,4,13,2,1,1,4,5,1,13,1,42,3,10,3,4,7,14,1,4,1,6,,44,,1,21,,121.5358872,25.0336262
112,12,12,9,53,2,12內湖區,內湖區民權東路6段180巷77弄與民權東路口側附近6段180巷口,0,0,2,1,C03,7,6,5,30,4,1,1,5,4,5,13,4,4,5,5,5,2,15,1,29,2,8,6,1,7,9,1,10,2,12,,72,,1,22,,121.5926408,25.0663551
112,12,12,9,53,2,12內湖區,內湖區民權東路6段180巷77弄與民權東路口側附近6段180巷口,0,0,2,2,C03,7,6,5,30,4,1,1,5,4,5,13,4,4,5,5,5,2,15,1,19,2,9,6,1,7,9,1,10,2,11,,13,,1,22,,121.5926408,25.0663551
112,12,12,10,0,2,03中山區,中山區民權東路2段與松江路口,0,0,2,1,C03,8,6,5,50,4,2,1,5,4,5,13,1,1,1,4,5,2,16,1,28,2,9,3,4,7,6,1,10,1,12,,9,,1,21,,121.533449,25.06251774
112,12,12,10,0,2,03中山區,中山區民權東路2段與松江路口,0,0,2,2,C03,8,6,5,50,4,2,1,5,4,5,13,1,1,1,4,5,2,16,1,74,2,9,3,4,7,9,1,10,1,14,,44,,1,21,,121.533449,25.06251774
112,12,12,10,10,2,06松山區,松山區敦化北路與長春路口,0,0,1,1,A02,7,5,5,50,4,2,1,5,4,5,13,1,1,1,4,5,2,9,1,66,3,10,7,1,7,14,1,2,9,17,,40,,1,22,,121.5489326,25.054621
112,12,12,10,10,2,06松山區,松山區敦化北路與長春路口,0,0,1,2,H02,7,5,5,50,4,2,1,5,4,5,13,1,1,1,4,5,2,9,1,74,2,7,4,5,7,19,8,20,10,16,,56,,1,22,,121.5489326,25.054621
112,12,12,10,21,2,03中山區,中山區敬業四路與內湖路1段口,0,0,1,1,B03,7,5,5,40,4,1,1,5,4,5,13,1,1,1,3,4,1,17,1,40,3,10,3,4,7,7,1,8,1,17,,99,,1,21,,121.5584171,25.084716
112,12,12,10,21,2,03中山區,中山區敬業四路與內湖路1段口,0,0,1,2,C03,7,5,5,40,4,1,1,5,4,5,13,1,1,1,3,4,1,17,1,23,2,9,3,4,7,9,1,10,1,14,,42,,1,21,,121.5584171,25.084716
112,12,12,10,30,2,09北投區,北投區中央北路4段與一德街口,0,0,1,2,C03,8,7,5,50,3,2,1,5,4,5,13,2,1,5,4,5,2,12,1,55,2,9,6,1,7,9,1,10,1,14,,44,,1,22,,121.4688716,25.12839418
112,12,12,10,30,2,09北投區,北投區中央北路4段與一德街口,0,0,1,1,B03,8,7,5,50,3,2,1,5,4,5,13,2,1,5,4,5,2,12,2,36,3,10,7,1,7,9,1,8,1,2,,108,,1,22,,121.4688716,25.12839418
112,12,12,10,45,2,08士林區,士林區延平北路5段225號,0,0,1,1,B03,8,6,5,50,14,9,1,5,4,5,13,4,4,5,5,5,1,14,1,53,3,10,7,1,7,2,1,8,2,3,,12,,1,21,,121.5098419,25.0842639