發生年度,發生月,發生日,發生時-Hours,發生分,處理別-編號,區序,肇事地點,死亡人數,2-30日死亡人數,受傷人數,當事人序號,車種,天候,光線,道路類別,速限-速度限制,道路型態,事故位置,路面狀況1,路面狀況2,路面狀況3,道路障礙1,道路障礙2,號誌1,號誌2,車道劃分-分向,車道劃分-分道1,車道劃分-分道2,車道劃分-分道3,事故類型及型態,性別,年齡,受傷程度,主要傷處,保護裝置,行動電話,車輛用途,當事者行動狀態,駕駛資格情形,駕駛執照種類,飲酒情形,車輛撞擊部位1,車輛撞擊部位2,肇因碼-個別,肇因碼-主要,個人肇逃否,職業,旅次目的,座標-X,座標-Y
112,12,13,8,7,2,12內湖區,內湖區內湖路3段143巷與內湖路3段191巷口,0,0,1,2,C03,7,7,5,30,4,1,1,4,4,5,13,4,4,10,5,5,2,15,1,33,2,9,5,1,7,9,1,10,1,11,,99,,1,21,,121.5884658,25.0877988
112,12,13,8,7,2,12內湖區,內湖區內湖路3段143巷與內湖路3段191巷口,0,0,1,1,B03,7,7,5,30,4,1,1,4,4,5,13,4,4,10,5,5,2,15,1,51,3,10,7,1,7,9,1,8,1,4,,75,,1,21,,121.5884658,25.0877988
112,12,13,8,16,2,04大安區,大安區基隆路2段134號,0,0,1,1,C03,7,6,5,50,14,9,1,5,4,5,13,4,4,1,4,5,2,13,2,36,2,9,6,1,7,8,1,10,1,14,,42,,1,21,,121.5568858,25.0286835
112,12,13,8,16,2,04大安區,大安區基隆路2段134號,0,0,1,2,B03,7,6,5,50,14,9,1,5,4,5,13,4,4,1,4,5,2,13,1,46,3,10,7,1,7,8,1,8,1,17,,44,,1,21,,121.5568858,25.0286835
112,12,13,8,20,2,10文山區,文山區老泉街(34號燈桿),0,0,2,1,C03,8,6,5,40,14,9,1,5,4,5,12,4,4,9,5,5,2,17,1,70,2,9,5,4,7,11,1,10,1,11,,10,,1,21,,121.561564,24.97820454
112,12,13,8,20,2,10文山區,文山區老泉街(34號燈桿),0,0,2,2,C03,8,6,5,40,14,9,1,5,4,5,12,4,4,9,5,5,2,17,1,43,2,9,5,4,7,9,1,10,1,11,,108,,1,21,,121.561564,24.97820454
112,12,13,8,22,2,12內湖區,內湖區內湖路1段285巷與內湖路1段285巷59弄口,0,0,1,1,C03,8,7,5,30,3,2,1,5,4,5,13,4,4,10,5,5,2,13,2,27,2,9,5,1,7,9,1,10,2,11,,108,,1,21,,121.5669364,25.0841759
112,12,13,8,22,2,12內湖區,內湖區內湖路1段285巷與內湖路1段285巷59弄口,0,0,1,2,C03,8,7,5,30,3,2,1,5,4,5,13,4,4,10,5,5,2,13,2,52,3,10,5,1,7,15,1,10,2,14,,42,,1,21,,121.5669364,25.0841759
112,12,13,8,34,2,07信義區,信義區忠孝東路5段與中坡南路口,0,0,2,3,H02,8,7,5,50,4,1,1,5,4,5,13,1,1,9,4,4,2,17,1,4,2,8,5,5,7,20,8,20,10,17,,67,,1,21,,121.581941,25.0441596
112,12,13,8,34,2,07信義區,信義區忠孝東路5段與中坡南路口,0,0,2,1,B03,8,7,5,50,4,1,1,5,4,5,13,1,1,9,4,4,2,17,1,51,3,10,7,1,7,6,1,8,1,1,,74,,1,21,,121.581941,25.0441596
112,12,13,8,34,2,07信義區,信義區忠孝東路5段與中坡南路口,0,0,2,2,C03,8,7,5,50,4,1,1,5,4,5,13,1,1,9,4,4,2,17,1,31,2,9,5,1,7,9,1,10,1,11,,13,,1,21,,121.581941,25.0441596
112,12,13,8,35,2,07信義區,信義區莊敬路與吳興街156巷口,0,0,1,2,C03,8,6,5,50,4,1,1,5,4,5,13,2,1,5,4,5,2,13,2,41,2,9,6,1,7,5,1,10,1,13,,8,,1,21,,121.5622171,25.0295189
112,12,13,8,35,2,07信義區,信義區莊敬路與吳興街156巷口,0,0,1,1,B02,8,6,5,50,4,1,1,5,4,5,13,2,1,5,4,5,2,13,2,48,3,10,7,1,7,9,1,8,1,1,,108,,1,21,,121.5622171,25.0295189
112,12,13,8,37,2,03中山區,中山區林森北路與民生東路1段口,0,0,2,1,C03,7,7,5,50,4,1,1,5,4,5,13,1,1,9,4,5,2,16,2,35,2,9,6,1,7,5,1,10,1,11,,8,,1,21,,121.5256036,25.0581032
112,12,13,8,37,2,03中山區,中山區林森北路與民生東路1段口,0,0,2,2,C03,7,7,5,50,4,1,1,5,4,5,13,1,1,9,4,5,2,16,1,26,3,10,6,1,7,9,1,10,1,17,,44,,1,21,,121.5256036,25.0581032
112,12,13,8,37,2,03中山區,中山區林森北路與民生東路1段口,0,0,2,3,H02,7,7,5,50,4,1,1,5,4,5,13,1,1,9,4,5,2,16,2,28,2,8,6,5,7,20,8,20,10,16,,67,,1,21,,121.5256036,25.0581032
112,12,13,8,42,2,03中山區,中山區民族東路246號,0,0,1,1,C03,8,6,5,40,14,9,1,5,4,5,13,4,4,1,4,4,2,17,1,27,2,9,6,4,7,9,1,10,1,12,,118,,1,22,,121.5341392,25.0680581
112,12,13,8,42,2,03中山區,中山區民族東路246號,0,0,1,2,B03,8,6,5,40,14,9,1,5,4,5,13,4,4,1,4,4,2,17,1,52,3,10,3,4,7,9,1,8,1,17,,118,,1,22,,121.5341392,25.0680581
112,12,13,8,51,2,12內湖區,內湖區民權東路6段與民權東路6段413巷口,0,0,1,1,B03,7,5,5,40,3,2,1,5,4,5,13,4,4,1,4,4,2,16,2,63,3,10,7,1,7,6,1,8,2,5,,80,,1,21,,121.6033479,25.07003713
112,12,13,8,51,2,12內湖區,內湖區民權東路6段與民權東路6段413巷口,0,0,1,2,C03,7,5,5,40,3,2,1,5,4,5,13,4,4,1,4,4,2,16,2,33,2,9,3,4,7,21,1,10,2,15,,44,,1,21,,121.6033479,25.07003713
112,12,13,8,51,2,07信義區,信義區和平東路3段與富陽街口口,0,0,1,1,C03,8,6,5,50,14,9,1,5,4,5,13,2,1,5,5,5,2,18,1,30,2,8,3,4,7,9,1,10,1,17,,116,,1,21,,121.5565832,25.020986
112,12,13,8,51,2,07信義區,信義區和平東路3段與富陽街口口,0,0,1,2,,8,6,5,50,14,9,1,5,4,5,13,2,1,5,5,5,2,18,3,0,,,,,,,,,,,,67,,1,,,121.5565832,25.020986
112,12,13,8,56,2,05中正區,中正區汀州路3段與基隆路4段口,0,0,1,2,C03,8,7,5,50,4,1,1,5,4,5,13,1,1,1,4,1,2,16,1,29,2,9,5,4,7,9,1,10,2,11,,44,,1,21,,121.5363185,25.0110558
112,12,13,8,56,2,05中正區,中正區汀州路3段與基隆路4段口,0,0,1,1,B03,8,7,5,50,4,1,1,5,4,5,13,1,1,1,4,1,2,16,1,65,3,10,7,4,7,5,1,8,2,2,,98,,1,21,,121.5363185,25.0110558
112,12,13,9,17,2,02萬華區,萬華區水源快速道路(近燈桿176）,0,0,1,1,B03,8,6,5,60,10,7,1,5,4,5,13,4,4,10,4,5,2,17,1,49,2,9,3,4,7,10,1,8,2,6,,100,,1,22,,121.498153,25.0166516
112,12,13,9,17,2,02萬華區,萬華區水源快速道路(近燈桿176）,0,0,1,2,G03,8,6,5,60,10,7,1,5,4,5,13,4,4,10,4,5,2,17,1,42,3,10,3,4,7,9,1,8,2,16,,118,,1,22,,121.498153,25.0166516
112,12,13,9,29,2,02萬華區,萬華區堤外便道機車專用道龍山96號燈桿,0,0,2,2,C03,8,6,5,40,14,11,1,5,4,5,13,4,4,4,5,5,2,12,2,38,2,9,6,1,7,9,1,10,1,12,,108,,1,21,,121.5039314,25.04731903
112,12,13,9,29,2,02萬華區,萬華區堤外便道機車專用道龍山96號燈桿,0,0,2,1,C03,8,6,5,40,14,11,1,5,4,5,13,4,4,4,5,5,2,12,2,63,2,9,6,1,7,9,1,10,1,14,,17,,1,21,,121.5039314,25.04731903
112,12,13,9,30,2,06松山區,松山區光復南路22巷與光復南路32巷16弄口,0,0,1,1,B03,8,5,5,30,4,1,1,5,4,5,13,4,4,10,5,5,1,15,1,30,3,10,7,1,7,9,1,8,1,6,,72,,1,22,,121.556381,25.04702163
112,12,13,9,30,2,06松山區,松山區光復南路22巷與光復南路32巷16弄口,0,0,1,2,C03,8,5,5,30,4,1,1,5,4,5,13,4,4,10,5,5,1,15,2,33,2,9,6,1,7,9,1,10,1,11,,107,,1,22,,121.556381,25.04702163
112,12,13,9,32,2,01大同區,大同區重慶北路2段與民生西路口,0,0,1,2,B03,8,5,5,50,5,1,1,5,4,5,13,2,1,9,4,5,1,13,1,61,3,10,2,1,7,7,1,8,2,4,,100,,1,22,,121.514051,25.0569994
112,12,13,9,32,2,01大同區,大同區重慶北路2段與民生西路口,0,0,1,1,C03,8,5,5,50,5,1,1,5,4,5,13,2,1,9,4,5,1,13,1,27,2,9,6,1,7,9,1,10,2,12,,13,,1,22,,121.514051,25.0569994
112,12,13,9,40,2,04大安區,大安區敦化南路1段206號,0,0,1,1,C03,7,6,5,50,14,9,1,5,4,5,13,4,4,1,5,5,2,12,1,61,3,10,6,1,7,12,1,10,1,12,,44,,1,21,,121.5486472,25.0419572
112,12,13,9,40,2,04大安區,大安區敦化南路1段206號,0,0,1,2,C03,7,6,5,50,14,9,1,5,4,5,13,4,4,1,5,5,2,12,2,27,2,9,6,1,7,15,1,10,1,14,,101,,1,21,,121.5486472,25.0419572
112,12,13,9,50,2,04大安區,大安區延吉街131巷1弄45號,0,0,1,1,B03,8,6,5,30,14,9,1,5,4,5,13,4,4,10,5,5,1,12,1,50,3,10,3,4,7,5,1,8,1,4,,8,,1,21,,121.5552421,25.0434015
112,12,13,9,50,2,04大安區,大安區延吉街131巷1弄45號,0,0,1,2,C03,8,6,5,30,14,9,1,5,4,5,13,4,4,10,5,5,1,12,2,38,2,7,5,1,7,9,1,10,1,11,,13,,1,21,,121.5552421,25.0434015
112,12,13,9,50,2,10文山區,文山區木柵路1段與試院路口(雙號),0,0,1,1,C03,8,6,5,50,3,2,1,5,4,5,13,2,1,5,2,5,2,13,1,20,2,8,5,4,7,9,1,10,1,11,,16,,1,21,,121.5496871,24.9873652
112,12,13,9,50,2,10文山區,文山區木柵路1段與試院路口(雙號),0,0,1,2,B01,8,6,5,50,3,2,1,5,4,5,13,2,1,5,2,5,2,13,1,63,3,10,3,4,7,14,1,4,1,6,,99,,1,21,,121.5496871,24.9873652
112,12,13,9,57,2,02萬華區,萬華區艋舺大道84號,0,0,1,2,C03,8,5,8,50,22,22,1,5,4,5,13,4,4,10,5,5,2,17,2,27,2,9,3,4,7,9,1,10,1,14,,118,,1,21,,121.5033466,25.03342352
112,12,13,9,57,2,02萬華區,萬華區艋舺大道84號,0,0,1,1,C03,8,5,8,50,22,22,1,5,4,5,13,4,4,10,5,5,2,17,1,21,3,10,3,4,7,8,1,10,1,17,,42,,1,21,,121.5033466,25.03342352
112,12,13,10,0,2,08士林區,士林區承德路5段與中正路口,0,0,1,2,C02,8,6,5,50,11,7,1,5,4,5,13,4,4,1,4,4,2,17,1,32,2,9,3,4,7,9,1,9,1,14,,108,,1,22,,121.5159443,25.0913806
112,12,13,10,0,2,08士林區,士林區承德路5段與中正路口,0,0,1,1,B01,8,6,5,50,11,7,1,5,4,5,13,4,4,1,4,4,2,17,1,61,4,11,3,4,7,21,7,19,11,15,,44,,2,22,,121.5159443,25.0913806
112,12,13,10,10,2,07信義區,信義區松勇路與松高路口,0,0,1,1,B03,8,7,5,50,4,2,1,5,4,5,13,1,1,5,4,5,1,17,2,31,3,10,3,1,7,5,1,8,1,2,,44,,1,21,,121.569616,25.0390739
112,12,13,10,10,2,07信義區,信義區松勇路與松高路口,0,0,1,2,C03,8,7,5,50,4,2,1,5,4,5,13,1,1,5,4,5,1,17,2,22,2,9,5,1,7,5,1,10,1,14,,101,,1,21,,121.569616,25.0390739
112,12,13,10,14,2,12內湖區,內湖區內湖路1段120巷15弄與內湖路1段120巷口,0,0,1,1,F01,8,6,5,50,3,1,1,5,4,5,13,4,4,5,5,5,2,15,2,61,2,9,4,1,7,15,8,20,1,11,,80,,1,21,,121.5624866,25.08236312
112,12,13,10,14,2,12內湖區,內湖區內湖路1段120巷15弄與內湖路1段120巷口,0,0,1,2,B03,8,6,5,50,3,1,1,5,4,5,13,4,4,5,5,5,2,15,1,41,3,10,7,1,7,15,1,8,1,8,,107,,1,21,,121.5624866,25.08236312
112,12,13,10,15,2,08士林區,士林區承德路4段與劍潭路口,0,0,1,1,A12,8,6,5,50,4,1,1,5,4,5,13,2,1,1,2,5,2,16,1,44,3,10,7,1,6,5,1,2,1,1,,71,,1,21,,121.5234984,25.0840606
112,12,13,10,15,2,08士林區,士林區承德路4段與劍潭路口,0,0,1,2,C03,8,6,5,50,4,1,1,5,4,5,13,2,1,1,2,5,2,16,1,22,2,9,6,1,7,9,1,10,1,14,,108,,1,21,,121.5234984,25.0840606
112,12,13,10,38,2,03中山區,中山區民權東路2段2號前,0,0,1,1,C03,8,5,5,50,14,9,1,5,4,5,13,4,4,1,4,5,2,13,1,34,2,9,3,2,7,9,1,10,1,11,,108,,1,21,,121.5334866,25.0623668
112,12,13,10,38,2,03中山區,中山區民權東路2段2號前,0,0,1,2,C03,8,5,5,50,14,9,1,5,4,5,13,4,4,1,4,5,2,13,1,50,3,10,3,4,7,9,1,10,1,13,,44,,1,21,,121.5334866,25.0623668
112,12,13,11,19,2,05中正區,中正區南海路與牯嶺街口,0,0,2,1,C03,8,6,6,30,4,1,1,5,4,5,13,1,1,10,4,5,2,17,1,22,2,9,5,1,7,5,3,18,2,14,,8,,1,21,,121.5149883,25.03201455
112,12,13,11,19,2,05中正區,中正區南海路與牯嶺街口,0,0,2,2,C04,8,6,6,30,4,1,1,5,4,5,13,1,1,10,4,5,2,17,2,29,2,9,6,1,7,9,1,10,2,12,,107,,1,21,,121.5149883,25.03201455
112,12,13,11,37,2,01大同區,大同區迪化街1段56號,0,0,2,2,H01,8,6,5,30,14,9,1,5,4,5,13,4,4,10,5,5,2,3,2,71,2,9,4,5,8,16,8,20,10,16,,67,,1,22,,121.5100146,25.0552322
112,12,13,11,37,2,01大同區,大同區迪化街1段56號,0,0,2,1,C03,8,6,5,30,14,9,1,5,4,5,13,4,4,10,5,5,2,3,1,72,2,9,5,1,7,9,6,10,2,11,,107,,1,22,,121.5100146,25.0552322
112,12,13,11,50,2,08士林區,士林區福林橋往北下橋處,0,0,1,1,C03,8,6,5,50,8,9,1,5,4,5,13,4,4,3,4,5,1,17,1,38,2,9,3,4,7,9,1,10,1,14,,108,,1,21,,121.5258337,25.1020997
112,12,13,11,50,2,08士林區,士林區福林橋往北下橋處,0,0,1,2,C03,8,6,5,50,8,9,1,5,4,5,13,4,4,3,4,5,1,17,2,32,3,10,3,4,7,15,1,10,1,17,,30,,1,21,,121.5258337,25.1020997
112,12,13,11,50,2,10文山區,文山區木柵路1段17巷1號,0,0,2,1,C03,8,6,5,50,14,9,1,5,4,5,13,4,4,5,2,5,2,17,2,23,2,8,5,4,7,9,1,10,1,14,,42,,1,21,,121.5437197,24.98855939
112,12,13,11,50,2,10文山區,文山區木柵路1段17巷1號,0,0,2,3,B03,8,6,5,50,14,9,1,5,4,5,13,4,4,5,2,5,2,17,2,36,3,10,3,4,7,9,1,8,1,1,,42,,1,21,,121.5437197,24.98855939
112,12,13,11,50,2,10文山區,文山區木柵路1段17巷1號,0,0,2,2,C03,8,6,5,50,14,9,1,5,4,5,13,4,4,5,2,5,2,17,2,40,2,8,5,4,7,9,1,10,1,11,,42,,1,21,,121.5437197,24.98855939
112,12,13,11,52,2,01大同區,大同區民權西路144巷5弄13號,0,0,1,1,C03,8,6,5,30,14,9,1,5,4,5,13,4,4,10,5,5,2,16,1,28,2,8,6,1,7,1,1,10,1,11,,19,,1,21,,121.5164688,25.06216365
112,12,13,11,52,2,01大同區,大同區民權西路144巷5弄13號,0,0,1,2,B01,8,6,5,30,14,9,1,5,4,5,13,4,4,10,5,5,2,16,1,54,3,10,7,1,7,9,1,4,1,8,,44,,1,21,,121.5164688,25.06216365
112,12,13,12,45,2,02萬華區,萬華區環河南路2段184號,0,0,2,2,C03,8,7,5,50,14,9,1,5,4,5,13,4,4,1,5,5,2,12,2,42,2,9,6,1,7,9,1,10,1,12,,13,,1,21,,121.4935351,25.03462161
112,12,13,12,45,2,02萬華區,萬華區環河南路2段184號,0,0,2,1,C03,8,7,5,50,14,9,1,5,4,5,13,4,4,1,5,5,2,12,2,47,2,9,6,1,7,1,1,10,1,14,,19,,1,21,,121.4935351,25.03462161
112,12,13,12,59,2,11南港區,內湖區新明路與新明路219巷口,0,0,2,2,B03,7,6,5,50,3,1,1,5,4,5,13,1,1,5,4,5,2,10,1,43,2,8,7,1,7,9,1,8,2,1,,44,,1,21,,121.5877312,25.0583483
112,12,13,12,59,2,11南港區,內湖區新明路與新明路219巷口,0,0,2,1,E03,7,6,5,50,3,1,1,5,4,5,13,1,1,5,4,5,2,10,1,54,2,3,7,1,7,9,1,8,2,1,,108,,1,23,,121.5877312,25.0583483
112,12,13,13,0,2,08士林區,士林區格致路與和平路口,0,0,1,1,B03,8,6,5,40,4,2,1,5,4,5,13,2,1,4,5,5,2,13,1,56,3,10,3,4,7,9,1,8,2,1,,108,,1,21,,121.5465233,25.1387492
112,12,13,13,0,2,08士林區,士林區格致路與和平路口,0,0,1,2,B12,8,6,5,40,4,2,1,5,4,5,13,2,1,4,5,5,2,13,1,41,2,1,3,4,7,14,1,8,2,3,,44,,1,21,,121.5465233,25.1387492
112,12,13,13,10,2,07信義區,信義區莊敬路與莊敬路6巷口,0,0,1,1,C04,8,7,5,50,3,1,1,5,4,5,13,4,4,9,4,5,2,17,1,22,3,10,5,1,7,6,1,10,1,17,,9,,1,21,,121.5612752,25.0325373
112,12,13,13,10,2,07信義區,信義區莊敬路與莊敬路6巷口,0,0,1,2,C03,8,7,5,50,3,1,1,5,4,5,13,4,4,9,4,5,2,17,1,49,2,9,6,1,7,9,1,10,1,12,,44,,1,21,,121.5612752,25.0325373
112,12,13,13,19,2,03中山區,中山區民族西路往東公車停靠區,0,0,1,1,B01,8,7,5,50,14,9,1,5,4,5,13,4,4,9,4,5,2,17,1,67,3,10,7,1,7,14,1,4,1,2,,42,,1,21,,121.52214,25.0683702
112,12,13,13,19,2,03中山區,中山區民族西路往東公車停靠區,0,0,1,2,C03,8,7,5,50,14,9,1,5,4,5,13,4,4,9,4,5,2,17,1,51,2,9,6,1,7,9,1,10,1,14,,44,,1,21,,121.52214,25.0683702
112,12,13,13,19,2,03中山區,中山區民族西路往東公車停靠區,0,0,1,3,H02,8,7,5,50,14,9,1,5,4,5,13,4,4,9,4,5,2,17,2,47,3,10,7,5,7,19,8,20,10,16,,67,,1,21,,121.52214,25.0683702
112,12,13,13,40,2,10文山區,文山區興隆路4段與興隆路4段96巷口,0,0,1,2,C03,8,6,5,50,4,1,1,5,4,5,13,4,4,1,4,5,2,12,1,18,2,9,3,4,7,9,1,10,1,12,,44,,1,21,,121.5619917,24.9835981
112,12,13,13,40,2,10文山區,文山區興隆路4段與興隆路4段96巷口,0,0,1,1,B12,8,6,5,50,4,1,1,5,4,5,13,4,4,1,4,5,2,12,1,34,3,10,3,4,7,11,1,8,1,8,,10,,1,21,,121.5619917,24.9835981
112,12,13,14,2,2,11南港區,南港區福德街373巷23號,0,0,1,2,C03,8,7,5,30,3,2,1,5,4,5,13,4,4,5,5,5,2,16,1,50,2,8,6,1,7,9,1,10,1,12,,13,,1,22,,121.5920495,25.0394653
112,12,13,14,2,2,11南港區,南港區福德街373巷23號,0,0,1,1,B03,8,7,5,30,3,2,1,5,4,5,13,4,4,5,5,5,2,16,2,50,3,10,3,4,7,1,1,8,1,1,,19,,1,22,,121.5920495,25.0394653
112,12,13,14,15,2,10文山區,文山區景福街與羅斯福路6段142巷口,0,0,1,2,B01,8,6,5,50,4,2,1,5,4,5,13,2,1,10,4,5,2,12,1,48,3,10,7,1,7,9,1,4,2,5,,44,,1,21,,121.5368043,24.9980055
112,12,13,14,15,2,10文山區,文山區景福街與羅斯福路6段142巷口,0,0,1,1,C03,8,6,5,50,4,2,1,5,4,5,13,2,1,10,4,5,2,12,1,26,2,8,6,1,7,15,1,10,2,14,,101,,1,21,,121.5368043,24.9980055
112,12,13,14,45,2,08士林區,士林區仰德大道1段NO.1106010燈桿,0,0,1,2,C03,8,6,5,40,11,9,1,5,4,5,13,4,4,8,4,5,1,12,1,18,2,9,5,1,7,9,1,10,2,14,,108,,1,21,,121.5344952,25.1078185
112,12,13,14,45,2,08士林區,士林區仰德大道1段NO.1106010燈桿,0,0,1,1,B02,8,6,5,40,11,9,1,5,4,5,13,4,4,8,4,5,1,12,1,42,3,10,7,1,7,9,1,4,2,6,,44,,1,21,,121.5344952,25.1078185
112,12,13,15,22,2,04大安區,大安區建國南路1段與濟南路3段口,0,0,2,1,C03,8,5,5,50,4,2,1,5,4,5,13,2,1,1,4,4,2,16,1,29,2,9,3,4,7,9,1,10,1,11,,42,,1,21,,121.5379689,25.0401461
112,12,13,15,22,2,04大安區,大安區建國南路1段與濟南路3段口,0,0,2,2,C03,8,5,5,50,4,2,1,5,4,5,13,2,1,1,4,4,2,16,1,47,2,9,3,4,7,8,1,10,1,13,,100,,1,21,,121.5379689,25.0401461
112,12,13,16,14,2,12內湖區,內湖區內湖路1段285號西湖捷運站1號出口附近,0,0,1,1,A02,8,6,5,0,22,20,1,5,4,5,13,4,4,10,5,5,2,9,1,44,3,10,7,1,7,14,1,6,9,17,,44,,1,21,,121.5658866,25.08242237
112,12,13,16,14,2,12內湖區,內湖區內湖路1段285號西湖捷運站1號出口附近,0,0,1,2,H02,8,6,5,0,22,20,1,5,4,5,13,4,4,10,5,5,2,9,2,78,2,9,4,5,7,19,8,20,10,16,,60,,1,21,,121.5658866,25.08242237
112,12,13,16,19,2,08士林區,士林區天母西路62巷與天母西路62巷口(192號燈桿),0,0,1,2,C03,8,7,5,30,3,1,1,5,4,5,13,4,4,10,5,5,2,16,2,47,2,9,5,1,7,9,1,10,2,11,,13,,1,21,,121.524007,25.1178795
112,12,13,16,19,2,08士林區,士林區天母西路62巷與天母西路62巷口(192號燈桿),0,0,1,1,C03,8,7,5,30,3,1,1,5,4,5,13,4,4,10,5,5,2,16,1,24,3,10,5,1,7,6,1,10,2,12,,9,,1,21,,121.524007,25.1178795
112,12,13,16,30,2,09北投區,北投區致遠一路1段與致遠一路1段125巷口,0,0,1,2,H01,8,5,5,50,4,2,1,5,4,5,13,4,4,9,4,4,1,9,1,27,2,8,4,5,8,16,8,20,10,16,,67,,1,21,,121.5149671,25.1101591
112,12,13,16,30,2,09北投區,北投區致遠一路1段與致遠一路1段125巷口,0,0,1,1,C03,8,5,5,50,4,2,1,5,4,5,13,4,4,9,4,4,1,9,2,62,3,10,5,1,7,6,6,11,9,13,,108,,1,21,,121.5149671,25.1101591
112,12,13,16,38,2,02萬華區,萬華區中華路2段(近廣州街),0,0,1,1,B01,8,7,5,50,14,7,1,5,4,5,13,4,4,1,4,4,2,13,1,59,3,10,7,1,7,9,1,4,1,5,,100,,1,21,,121.5065063,25.03628158
112,12,13,16,38,2,02萬華區,萬華區中華路2段(近廣州街),0,0,1,2,C03,8,7,5,50,14,7,1,5,4,5,13,4,4,1,4,4,2,13,1,60,2,8,5,1,7,9,1,10,1,13,,44,,1,21,,121.5065063,25.03628158
112,12,13,16,38,2,02萬華區,萬華區中華路2段(近廣州街),0,0,1,3,C03,8,7,5,50,14,7,1,5,4,5,13,4,4,1,4,4,2,13,1,61,3,10,5,1,7,9,1,10,1,11,,108,,1,21,,121.5065063,25.03628158
112,12,13,16,39,2,12內湖區,內湖區康寧路3段189巷與東湖路43巷口,0,0,1,2,C03,7,5,5,30,4,2,1,5,4,5,13,4,4,10,5,5,2,13,2,44,2,9,6,1,7,14,1,10,1,13,,44,,1,21,,121.6129429,25.0705861
112,12,13,16,39,2,12內湖區,內湖區康寧路3段189巷與東湖路43巷口,0,0,1,1,B12,7,5,5,30,4,2,1,5,4,5,13,4,4,10,5,5,2,13,1,51,3,10,7,1,7,5,1,8,1,8,,16,,1,21,,121.6129429,25.0705861
112,12,13,16,55,2,05中正區,中正區中山南路與仁愛路1段口,0,0,1,2,C03,8,6,5,50,5,1,1,5,4,5,13,1,1,1,4,1,2,12,2,24,2,8,5,1,7,15,1,10,2,14,,78,,1,21,,121.5179535,25.0394568
112,12,13,16,55,2,05中正區,中正區中山南路與仁愛路1段口,0,0,1,1,B01,8,6,5,50,5,1,1,5,4,5,13,1,1,1,4,1,2,12,1,69,3,10,7,1,7,9,1,4,2,5,,44,,1,21,,121.5179535,25.0394568
112,12,13,17,26,2,01大同區,大同區長安西路與西寧北路口,0,0,1,2,C03,8,5,5,50,4,1,1,5,4,5,13,2,1,9,4,5,1,12,2,73,2,9,5,1,7,15,1,10,2,14,,8,,1,22,,121.5087165,25.0520072
112,12,13,17,26,2,01大同區,大同區長安西路與西寧北路口,0,0,1,3,C03,8,5,5,50,4,1,1,5,4,5,13,2,1,9,4,5,1,12,1,49,3,10,5,1,7,1,1,10,2,14,,44,,1,22,,121.5087165,25.0520072
112,12,13,17,26,2,01大同區,大同區長安西路與西寧北路口,0,0,1,1,B03,8,5,5,50,4,1,1,5,4,5,13,2,1,9,4,5,1,12,2,37,3,10,7,1,7,15,1,8,2,5,,44,,1,22,,121.5087165,25.0520072
112,12,13,17,41,2,06松山區,松山區光復北路266號,0,0,1,2,C03,8,5,5,50,14,8,1,5,4,5,13,4,4,5,4,4,2,17,1,46,2,9,6,4,7,9,1,10,1,17,,44,,1,22,,121.5550645,25.05919893
112,12,13,17,41,2,06松山區,松山區光復北路266號,0,0,1,1,B03,8,5,5,50,14,8,1,5,4,5,13,4,4,5,4,4,2,17,1,50,3,10,3,4,7,11,1,8,1,17,,10,,1,22,,121.5550645,25.05919893
112,12,13,17,55,2,12內湖區,內湖區民權東路6段11巷9號對面,0,0,2,1,C03,8,5,5,50,14,9,1,5,4,5,13,4,4,5,5,5,2,17,1,42,2,8,5,1,7,1,1,10,2,14,,19,,1,21,,121.5782934,25.06719455
112,12,13,17,55,2,12內湖區,內湖區民權東路6段11巷9號對面,0,0,2,2,C03,8,5,5,50,14,9,1,5,4,5,13,4,4,5,5,5,2,17,1,27,2,8,6,1,7,10,1,10,2,11,,44,,1,21,,121.5782934,25.06719455
112,12,13,17,58,2,02萬華區,萬華區中華路2段662號,0,0,1,1,B02,8,5,5,50,14,9,1,5,4,5,13,2,1,5,5,4,2,17,1,63,3,10,7,1,7,1,1,8,1,5,,19,,1,21,,121.510865,25.02443154
112,12,13,17,58,2,02萬華區,萬華區中華路2段662號,0,0,1,2,C03,8,5,5,50,14,9,1,5,4,5,13,2,1,5,5,4,2,17,1,38,2,9,5,1,7,9,5,10,1,11,,13,,1,21,,121.510865,25.02443154
112,12,13,18,6,2,04大安區,大安區和平東路3段與臥龍街口,0,0,2,1,C03,8,5,5,50,4,1,1,5,4,5,13,1,1,1,4,4,2,12,1,75,3,10,3,4,7,9,1,10,11,15,,119,,2,22,,121.5467666,25.024612
112,12,13,18,6,2,04大安區,大安區和平東路3段與臥龍街口,0,0,2,2,C03,8,5,5,50,4,1,1,5,4,5,13,1,1,1,4,4,2,12,1,19,2,9,3,4,7,9,1,10,1,14,,44,,1,21,,121.5467666,25.024612
112,12,13,18,6,2,04大安區,大安區和平東路3段與臥龍街口,0,0,2,3,H02,8,5,5,50,4,1,1,5,4,5,13,1,1,1,4,4,2,12,2,19,2,9,3,5,7,20,8,20,10,16,,67,,1,21,,121.5467666,25.024612