發生年度,發生月,發生日,發生時-Hours,發生分,處理別-編號,區序,肇事地點,死亡人數,2-30日死亡人數,受傷人數,當事人序號,車種,天候,光線,道路類別,速限-速度限制,道路型態,事故位置,路面狀況1,路面狀況2,路面狀況3,道路障礙1,道路障礙2,號誌1,號誌2,車道劃分-分向,車道劃分-分道1,車道劃分-分道2,車道劃分-分道3,事故類型及型態,性別,年齡,受傷程度,主要傷處,保護裝置,行動電話,車輛用途,當事者行動狀態,駕駛資格情形,駕駛執照種類,飲酒情形,車輛撞擊部位1,車輛撞擊部位2,肇因碼-個別,肇因碼-主要,個人肇逃否,職業,旅次目的,座標-X,座標-Y
112,12,13,18,14,2,12內湖區,內湖區環山路2段135號,0,0,1,1,B03,7,6,5,50,14,9,1,5,4,5,13,4,4,9,4,5,2,12,1,53,3,10,7,1,7,7,1,8,2,8,,80,,1,21,,121.5769457,25.08404072
112,12,13,18,14,2,12內湖區,內湖區環山路2段135號,0,0,1,2,C03,7,6,5,50,14,9,1,5,4,5,13,4,4,9,4,5,2,12,1,41,2,9,6,1,7,9,1,10,2,12,,44,,1,21,,121.5769457,25.08404072
112,12,13,18,15,2,12內湖區,內湖區基湖路3巷與基湖路10巷口,0,0,1,2,C03,8,5,5,50,4,1,1,5,4,5,13,1,1,5,4,5,2,17,1,50,3,10,6,1,7,9,1,10,2,13,,44,,1,21,,121.5652128,25.08145116
112,12,13,18,15,2,12內湖區,內湖區基湖路3巷與基湖路10巷口,0,0,1,1,C03,8,5,5,50,4,1,1,5,4,5,13,1,1,5,4,5,2,17,2,23,2,8,6,1,7,5,1,10,2,11,,8,,1,21,,121.5652128,25.08145116
112,12,13,18,25,2,03中山區,中山區長春路與吉林路口,0,0,1,1,B01,8,5,5,50,4,2,1,5,4,5,13,2,1,5,4,5,2,2,1,41,3,10,7,1,7,6,1,4,1,1,,118,,1,21,,121.5301427,25.05489107
112,12,13,18,25,2,03中山區,中山區長春路與吉林路口,0,0,1,2,H01,8,5,5,50,4,2,1,5,4,5,13,2,1,5,4,5,2,2,1,36,2,8,4,5,8,16,8,20,10,16,,67,,1,21,,121.5301427,25.05489107
112,12,13,18,43,2,12內湖區,內湖區成功路5段與成功路5段420巷口,0,0,1,3,A05,8,5,5,50,3,2,1,5,4,5,13,2,1,1,4,5,2,17,1,62,3,10,7,1,7,9,1,2,2,17,,44,,1,21,,121.6072428,25.07571859
112,12,13,18,43,2,12內湖區,內湖區成功路5段與成功路5段420巷口,0,0,1,1,C03,8,5,5,50,3,2,1,5,4,5,13,2,1,1,4,5,2,17,2,56,2,9,6,1,7,7,1,10,2,14,,100,,1,21,,121.6072428,25.07571859
112,12,13,18,43,2,12內湖區,內湖區成功路5段與成功路5段420巷口,0,0,1,2,B03,8,5,5,50,3,2,1,5,4,5,13,2,1,1,4,5,2,17,1,23,3,10,7,1,7,9,1,8,2,8,,44,,1,21,,121.6072428,25.07571859
112,12,13,18,53,2,01大同區,大同區重慶北路2段與歸綏街口,0,0,1,2,C03,8,5,5,50,4,2,1,5,4,5,13,2,1,1,5,5,2,17,1,43,2,9,6,1,7,9,1,10,2,14,,44,,1,22,,121.5137449,25.0580688
112,12,13,18,53,2,01大同區,大同區重慶北路2段與歸綏街口,0,0,1,3,B03,8,5,5,50,4,2,1,5,4,5,13,2,1,1,5,5,2,17,1,51,3,10,7,1,7,9,1,8,2,3,,44,,1,22,,121.5137449,25.0580688
112,12,13,18,53,2,01大同區,大同區重慶北路2段與歸綏街口,0,0,1,1,B03,8,5,5,50,4,2,1,5,4,5,13,2,1,1,5,5,2,17,1,40,3,10,7,1,7,9,1,8,2,2,,101,,1,22,,121.5137449,25.0580688
112,12,13,20,25,2,06松山區,松山區南京東路5段59巷28弄與南京東路5段23巷口,0,0,1,1,C03,7,5,5,30,4,1,1,5,4,5,13,4,4,10,5,5,2,15,1,39,3,10,6,1,7,9,1,10,2,14,,72,,1,21,,121.5580442,25.05259711
112,12,13,20,25,2,06松山區,松山區南京東路5段59巷28弄與南京東路5段23巷口,0,0,1,2,C03,7,5,5,30,4,1,1,5,4,5,13,4,4,10,5,5,2,15,2,47,2,7,6,1,7,9,1,10,2,11,,108,,1,21,,121.5580442,25.05259711
112,12,13,20,46,2,04大安區,與迴轉道(市民大道4段190號),0,0,2,2,C03,8,5,5,40,3,1,1,5,4,5,13,2,1,1,4,5,1,17,1,29,2,9,6,1,7,9,1,10,1,12,,13,,1,21,,121.5543357,25.0443622
112,12,13,20,46,2,04大安區,與迴轉道(市民大道4段190號),0,0,2,1,C03,8,5,5,40,3,1,1,5,4,5,13,2,1,1,4,5,1,17,2,42,2,8,6,1,7,11,1,10,1,11,,10,,1,21,,121.5543357,25.0443622
112,12,13,20,48,2,07信義區,信義區吳興街220巷與吳興街220巷37弄口,0,0,2,2,C03,7,5,5,50,4,2,1,5,4,5,13,2,1,9,5,5,2,15,1,20,2,9,5,1,7,9,1,10,1,11,,14,,1,21,,121.5621673,25.0269879
112,12,13,20,48,2,07信義區,信義區吳興街220巷與吳興街220巷37弄口,0,0,2,1,F03,7,5,5,50,4,2,1,5,4,5,13,2,1,9,5,5,2,15,2,83,2,9,5,1,7,5,8,20,1,11,,8,,1,21,,121.5621673,25.0269879
112,12,13,20,51,2,06松山區,松山區八德路3段34號,0,0,1,3,B03,8,5,5,50,14,9,1,5,4,5,13,4,4,5,4,5,2,12,1,57,3,10,7,1,7,15,1,4,1,6,,44,,1,22,,121.5521394,25.04820681
112,12,13,20,51,2,06松山區,松山區八德路3段34號,,,1,2,C03,7,,,,,,,,,,,,,,,,,,1,,,,,,,,,,1,,,,,,,,,
112,12,13,20,51,2,06松山區,松山區八德路3段34號,,,1,3,B01,7,,,,,,,,,,,,,,,,,,1,,,,,,,,,,1,,,,,,,,,
112,12,13,20,51,2,06松山區,松山區八德路3段34號,,,1,1,B03,7,,,,,,,,,,,,,,,,,,1,,,,,,,,,,1,,,,,,,,,
112,12,13,20,51,2,06松山區,松山區八德路3段34號,0,0,1,2,C03,8,5,5,50,14,9,1,5,4,5,13,4,4,5,4,5,2,12,1,26,2,9,6,1,7,9,1,10,1,11,,44,,1,22,,121.5521394,25.04820681
112,12,13,20,51,2,06松山區,松山區八德路3段34號,0,0,1,1,B03,8,5,5,50,14,9,1,5,4,5,13,4,4,5,4,5,2,12,1,72,3,10,7,1,7,14,1,8,1,8,,40,,1,22,,121.5521394,25.04820681
112,12,13,21,27,2,05中正區,中正區杭州南路1段與濟南路2段口,0,0,1,2,B03,7,5,5,50,4,2,1,5,4,5,13,1,1,10,5,4,2,16,1,21,3,10,7,4,7,5,1,8,2,6,,2,,1,22,,121.5261968,25.04177323
112,12,13,21,27,2,05中正區,中正區杭州南路1段與濟南路2段口,0,0,1,1,C03,7,5,5,50,4,2,1,5,4,5,13,1,1,10,5,4,2,16,1,23,2,9,6,4,7,6,1,10,2,11,14,9,,1,22,,121.5261968,25.04177323
112,12,13,21,41,2,07信義區,信義區信義路5段106號,0,0,1,1,B03,7,5,5,50,14,9,1,5,4,5,13,4,4,1,4,5,2,16,1,36,3,10,7,1,7,8,1,8,1,6,,100,,1,22,,121.5658654,25.032825
112,12,13,21,41,2,07信義區,信義區信義路5段106號,0,0,1,2,C03,7,5,5,50,14,9,1,5,4,5,13,4,4,1,4,5,2,16,1,24,2,9,5,1,7,9,1,10,1,11,,44,,1,22,,121.5658654,25.032825
112,12,13,21,48,2,04大安區,大安區通化街45號,0,0,1,1,C03,8,5,5,50,14,9,1,5,4,5,13,4,4,5,5,5,2,17,1,27,3,10,6,1,7,11,1,10,2,17,,10,,1,21,,121.5542695,25.03074285
112,12,13,21,48,2,04大安區,大安區通化街45號,0,0,1,2,C03,8,5,5,50,14,9,1,5,4,5,13,4,4,5,5,5,2,17,1,28,2,9,5,1,7,9,1,10,2,17,,44,,1,21,,121.5542695,25.03074285
112,12,13,21,59,2,01大同區,大同區敦煌路與哈密街59巷口,0,0,1,2,C03,8,5,5,50,4,2,1,5,4,5,13,3,1,5,5,5,2,15,1,18,2,8,6,1,7,9,1,10,1,11,,14,,1,21,,121.515726,25.0762662
112,12,13,21,59,2,01大同區,大同區敦煌路與哈密街59巷口,0,0,1,1,B03,8,5,5,50,4,2,1,5,4,5,13,3,1,5,5,5,2,15,1,65,3,10,7,1,7,9,1,8,1,5,,72,,1,21,,121.515726,25.0762662
112,12,13,22,24,2,08士林區,士林區百齡橋往社子機慢車道,0,0,2,1,C03,8,5,5,50,14,8,1,5,4,5,13,4,4,10,4,4,2,16,1,24,2,8,6,1,7,9,1,10,1,12,,118,,1,22,,121.5129905,25.08893308
112,12,13,22,24,2,08士林區,士林區百齡橋往社子機慢車道,0,0,2,2,F01,8,5,5,50,14,8,1,5,4,5,13,4,4,10,4,4,2,16,2,35,2,9,2,4,7,9,8,20,1,14,,118,,1,22,,121.5129905,25.08893308
112,12,13,23,8,2,08士林區,士林區華岡路停車場前,0,0,2,2,C03,8,5,8,0,22,22,1,5,4,5,13,4,4,10,5,5,1,17,1,21,2,7,5,1,7,4,1,10,1,12,,1,,1,21,,121.5414241,25.13791471
112,12,13,23,8,2,08士林區,士林區華岡路停車場前,0,0,2,1,C03,8,5,8,0,22,22,1,5,4,5,13,4,4,10,5,5,1,17,1,20,2,8,5,1,7,5,1,10,1,11,,8,,1,21,,121.5414241,25.13791471
112,12,14,0,22,2,06松山區,松山區松河街262號,0,0,2,3,C03,8,5,5,40,14,9,1,5,4,5,13,4,4,9,4,5,2,16,1,19,3,10,3,4,7,13,1,10,11,13,,44,,1,22,,121.5792032,25.05197219
112,12,14,0,22,2,06松山區,松山區松河街262號,0,0,2,1,C03,8,5,5,40,14,9,1,5,4,5,13,4,4,9,4,5,2,16,1,35,2,9,5,4,7,7,1,10,2,14,,101,,1,22,,121.5792032,25.05197219
112,12,14,0,22,2,06松山區,松山區松河街262號,0,0,2,2,C03,8,5,5,40,14,9,1,5,4,5,13,4,4,9,4,5,2,16,1,24,2,9,6,4,7,9,1,10,2,11,,44,,1,22,,121.5792032,25.05197219
112,12,14,0,37,2,02萬華區,萬華區中華路1段與中華路1段114巷口,0,0,1,1,B03,7,5,5,50,14,9,1,5,4,5,13,4,4,1,4,1,2,17,1,29,3,10,7,1,7,1,1,8,1,4,,19,,1,21,,121.508501,25.0435731
112,12,14,0,37,2,02萬華區,萬華區中華路1段與中華路1段114巷口,0,0,1,2,C03,7,5,5,50,14,9,1,5,4,5,13,4,4,1,4,1,2,17,1,20,2,8,6,1,7,9,1,9,1,12,,44,,1,21,,121.508501,25.0435731
112,12,14,0,46,2,04大安區,大安區基隆路4段與羅斯福路4段口,0,0,2,1,C03,7,5,5,50,4,1,1,5,4,5,13,1,1,8,3,5,1,16,1,37,2,9,5,1,7,9,1,10,1,13,,17,,1,21,,121.5373467,25.01149
112,12,14,0,46,2,04大安區,大安區基隆路4段與羅斯福路4段口,0,0,2,2,C03,7,5,5,50,4,1,1,5,4,5,13,1,1,8,3,5,1,16,1,34,2,9,5,1,7,9,1,10,1,11,,17,,1,21,,121.5373467,25.01149
112,12,14,1,14,2,01大同區,大同區延平北路2段與民生西路口,0,0,1,1,B03,8,5,5,50,14,9,1,5,4,5,13,1,1,9,4,5,1,16,1,64,3,10,3,4,7,6,1,8,1,2,,9,,1,21,,121.5116372,25.057003
112,12,14,1,14,2,01大同區,大同區延平北路2段與民生西路口,0,0,1,2,C02,8,5,5,50,14,9,1,5,4,5,13,1,1,9,4,5,1,16,2,23,2,9,3,4,7,9,1,9,1,11,,44,,1,21,,121.5116372,25.057003
112,12,14,3,10,2,10文山區,文山區木新路3段232巷7弄與木新路3段232巷口,0,0,2,2,C03,7,5,5,30,4,1,1,5,4,5,13,4,4,10,5,5,2,15,1,33,2,9,5,1,7,9,1,10,2,11,,13,,1,21,,121.5589711,24.9818515
112,12,14,3,10,2,10文山區,文山區木新路3段232巷7弄與木新路3段232巷口,0,0,2,1,C03,7,5,5,30,4,1,1,5,4,5,13,4,4,10,5,5,2,15,2,22,2,9,5,1,7,9,1,10,2,12,,72,,1,21,,121.5589711,24.9818515
112,12,14,6,15,2,08士林區,士林區基河路劍潭捷運站轉乘停車場出入口,0,0,1,1,B12,7,6,8,30,22,22,1,5,4,5,13,4,4,10,4,5,1,9,1,59,3,10,2,1,7,1,1,8,1,5,,19,,1,21,,121.5243291,25.08248018
112,12,14,6,15,2,08士林區,士林區基河路劍潭捷運站轉乘停車場出入口,0,0,1,2,H01,7,6,8,30,22,22,1,5,4,5,13,4,4,10,4,5,1,9,2,71,2,8,4,5,8,16,8,20,10,16,,121,,1,21,,121.5243291,25.08248018
112,12,14,6,45,2,09北投區,北投區承德路7段413巷,0,0,1,2,C03,8,7,5,30,14,9,5,3,4,5,13,4,4,10,5,5,1,11,1,67,2,9,3,4,7,9,1,10,1,12,,44,,1,7,,121.5000359,25.1180955
112,12,14,6,45,2,09北投區,北投區承德路7段413巷,0,0,1,1,B12,8,7,5,30,14,9,5,3,4,5,13,4,4,10,5,5,1,11,1,72,3,10,3,4,7,9,1,8,1,8,,101,,1,21,,121.5000359,25.1180955
112,12,14,7,2,2,02萬華區,萬華區西園路2段與西園路2段13巷口,0,0,2,1,C03,8,7,5,30,4,1,1,5,4,5,13,4,4,5,4,5,2,15,1,42,2,8,6,1,7,9,1,10,1,11,,80,,1,21,,121.498159,25.03224955
112,12,14,7,2,2,02萬華區,萬華區西園路2段與西園路2段13巷口,0,0,2,2,C03,8,7,5,30,4,1,1,5,4,5,13,4,4,5,4,5,2,15,1,25,2,9,6,1,7,9,1,10,1,12,,13,,1,21,,121.498159,25.03224955
112,12,14,7,29,2,08士林區,士林區環河北路3段南往北1100900號燈號,0,0,1,1,B01,8,5,5,50,14,9,1,5,4,5,13,4,4,1,4,5,2,16,1,46,3,10,3,4,7,1,1,4,1,8,,19,,1,22,,121.5071884,25.0830877
112,12,14,7,29,2,08士林區,士林區環河北路3段南往北1100900號燈號,0,0,1,2,C03,8,5,5,50,14,9,1,5,4,5,13,4,4,1,4,5,2,16,1,22,2,8,3,4,7,9,1,10,1,12,,107,,1,22,,121.5071884,25.0830877
112,12,14,7,33,2,05中正區,中正區三元街60號,0,0,3,3,C03,8,6,5,50,14,7,1,5,4,5,13,4,4,1,4,4,1,17,1,34,2,8,6,1,7,9,1,9,2,12,,44,,1,21,,121.5095223,25.02890373
112,12,14,7,33,2,05中正區,中正區三元街60號,0,0,3,2,C03,8,6,5,50,14,7,1,5,4,5,13,4,4,1,4,4,1,17,2,62,2,7,6,1,7,9,1,10,2,14,,44,,1,21,,121.5095223,25.02890373
112,12,14,7,33,2,05中正區,中正區三元街60號,0,0,3,1,C03,8,6,5,50,14,7,1,5,4,5,13,4,4,1,4,4,1,17,1,33,2,8,6,1,7,9,1,10,2,12,,108,,1,21,,121.5095223,25.02890373
112,12,14,7,38,2,04大安區,大安區和平東路2段與建國南路2段口,0,0,1,2,C03,8,6,5,50,4,1,1,5,4,5,13,1,1,1,4,5,2,16,1,62,2,9,6,1,7,9,1,10,1,14,,17,,1,21,,121.5374159,25.0258896
112,12,14,7,38,2,04大安區,大安區和平東路2段與建國南路2段口,0,0,1,1,B03,8,6,5,50,4,1,1,5,4,5,13,1,1,1,4,5,2,16,2,51,3,10,7,1,7,9,1,8,1,2,,17,,1,21,,121.5374159,25.0258896
112,12,14,7,40,2,08士林區,士林區福國路15巷與中山北路5段829巷口,0,0,2,2,C03,8,5,5,30,4,2,1,5,4,5,13,4,4,5,5,5,2,16,1,73,2,9,5,1,7,9,1,10,1,11,,14,,1,21,,121.524638,25.1015107
112,12,14,7,40,2,08士林區,士林區福國路15巷與中山北路5段829巷口,0,0,2,1,C03,8,5,5,30,4,2,1,5,4,5,13,4,4,5,5,5,2,16,1,49,2,9,5,1,7,9,1,10,1,11,,72,,1,21,,121.524638,25.1015107
112,12,14,8,14,2,12內湖區,內湖區潭美街與安美街口,0,0,2,1,C03,8,7,5,40,3,2,1,5,4,5,13,1,1,5,5,5,2,13,2,25,2,9,5,1,7,9,1,10,1,11,,108,,1,21,,121.6027617,25.0610652
112,12,14,8,14,2,12內湖區,內湖區潭美街與安美街口,0,0,2,2,C03,8,7,5,40,3,2,1,5,4,5,13,1,1,5,5,5,2,13,1,30,2,9,5,1,7,14,1,10,1,13,,44,,1,21,,121.6027617,25.0610652
112,12,14,8,18,2,11南港區,南港區市民大道8段與南港路2段178巷口,0,0,1,1,C03,8,6,5,50,3,2,1,5,4,5,13,1,1,1,4,5,2,16,1,18,2,9,6,1,7,7,1,10,1,14,,100,,1,21,,121.5997682,25.0521392
112,12,14,8,18,2,11南港區,南港區市民大道8段與南港路2段178巷口,0,0,1,2,B12,8,6,5,50,3,2,1,5,4,5,13,1,1,1,4,5,2,16,1,62,3,10,7,1,7,9,1,8,1,2,,108,,1,21,,121.5997682,25.0521392
112,12,14,8,30,2,08士林區,士林區至誠路2段與雨聲街口,0,0,1,2,B03,8,6,5,40,4,1,1,5,4,5,13,2,1,5,5,5,2,17,1,41,3,10,3,4,7,9,1,8,1,5,,44,,1,21,,121.529099,25.1018942
112,12,14,8,30,2,08士林區,士林區至誠路2段與雨聲街口,0,0,1,1,C03,8,6,5,40,4,1,1,5,4,5,13,2,1,5,5,5,2,17,2,20,2,8,3,4,7,5,1,10,1,12,,8,,1,21,,121.529099,25.1018942
112,12,14,8,35,2,10文山區,文山區景文街與車前路口,0,0,1,1,B03,8,6,5,50,3,1,1,5,4,5,13,2,1,5,5,4,2,13,1,68,3,10,7,1,7,9,1,8,2,5,,107,,1,21,,121.5413435,24.9913069
112,12,14,8,35,2,10文山區,文山區景文街與車前路口,0,0,1,2,C04,8,6,5,50,3,1,1,5,4,5,13,2,1,5,5,4,2,13,2,74,2,9,6,1,7,9,1,11,2,13,,44,,1,21,,121.5413435,24.9913069
112,12,14,8,38,2,03中山區,中山區自強隧道(外)與北安路口,0,0,1,1,C03,8,5,5,50,14,9,1,5,4,5,13,1,1,1,4,5,2,13,1,42,3,10,3,4,7,7,1,10,2,13,,44,,1,21,,121.5491526,25.0863898
112,12,14,8,38,2,03中山區,中山區自強隧道(外)與北安路口,0,0,1,2,C03,8,5,5,50,14,9,1,5,4,5,13,1,1,1,4,5,2,13,2,47,2,8,3,4,7,8,1,10,2,11,,108,,1,21,,121.5491526,25.0863898
112,12,14,8,40,2,03中山區,中山區濱江街5號,0,0,2,1,C03,8,6,5,50,3,1,1,5,4,5,13,1,1,10,4,4,2,17,2,36,2,8,5,1,7,5,1,10,1,14,,8,,1,21,,121.5300279,25.071429
112,12,14,8,40,2,03中山區,中山區濱江街5號,0,0,2,2,C03,8,6,5,50,3,1,1,5,4,5,13,1,1,10,4,4,2,17,2,28,2,8,5,1,7,9,1,10,1,11,12,108,,1,21,,121.5300279,25.071429
112,12,14,8,40,2,04大安區,大安區辛亥路3段55號對面,0,0,2,1,B03,8,6,5,50,14,9,1,5,4,5,13,4,4,1,4,5,2,17,2,44,3,10,3,4,7,8,1,8,2,5,,17,,1,22,,121.5454504,25.02002536
112,12,14,8,40,2,04大安區,大安區辛亥路3段55號對面,0,0,2,2,C03,8,6,5,50,14,9,1,5,4,5,13,4,4,1,4,5,2,17,1,47,2,9,6,4,7,9,1,10,2,13,,17,,1,22,,121.5454504,25.02002536
112,12,14,8,40,2,04大安區,大安區辛亥路3段55號對面,0,0,2,3,H02,8,6,5,50,14,9,1,5,4,5,13,4,4,1,4,5,2,17,1,12,2,1,2,5,7,20,8,20,10,16,,67,,1,22,,121.5454504,25.02002536
112,12,14,8,45,2,11南港區,南港區南港路3段50巷與南港路3段口,0,0,2,1,C03,8,6,5,50,3,1,1,5,4,5,13,2,1,5,4,5,2,16,2,27,2,9,6,1,7,11,1,10,1,14,,10,,1,21,,121.5923812,25.0540198
112,12,14,8,45,2,11南港區,南港區南港路3段50巷與南港路3段口,0,0,2,2,C03,8,6,5,50,3,1,1,5,4,5,13,2,1,5,4,5,2,16,1,36,2,9,6,1,7,9,1,10,1,12,,13,,1,21,,121.5923812,25.0540198
112,12,14,8,55,2,08士林區,(德行西路5號前),0,0,2,2,C03,8,5,5,50,14,9,1,5,4,5,13,2,1,9,4,5,1,17,2,53,2,8,6,1,7,5,1,10,1,11,,99,,1,21,,121.5246965,25.1064081
112,12,14,8,55,2,08士林區,(德行西路5號前),0,0,2,1,C04,8,5,5,50,14,9,1,5,4,5,13,2,1,9,4,5,1,17,2,28,2,8,6,1,7,11,1,10,1,14,,44,,1,21,,121.5246965,25.1064081
112,12,14,8,59,2,11南港區,南港區忠孝東路7段265巷,0,0,1,1,B03,8,6,5,50,14,9,1,5,4,5,13,4,4,4,1,5,2,10,1,34,3,10,3,4,7,10,1,8,2,1,,99,,1,22,,121.6035161,25.0520457
112,12,14,8,59,2,11南港區,南港區忠孝東路7段265巷,0,0,1,2,C03,8,6,5,50,14,9,1,5,4,5,13,4,4,4,1,5,2,10,1,70,2,1,3,4,7,9,1,10,2,11,,108,,1,22,,121.6035161,25.0520457
112,12,14,9,17,2,02萬華區,萬華區環河南路2段250巷33弄與環河南路2段280巷口,0,0,1,2,C03,8,6,5,50,3,1,1,5,4,5,13,4,4,9,5,5,2,17,2,23,3,10,5,1,7,9,1,10,1,12,,108,,1,22,,121.4893525,25.03348363
112,12,14,9,17,2,02萬華區,萬華區環河南路2段250巷33弄與環河南路2段280巷口,0,0,1,1,C03,8,6,5,50,3,1,1,5,4,5,13,4,4,9,5,5,2,17,2,51,2,9,5,1,7,5,1,10,1,11,,8,,1,22,,121.4893525,25.03348363
112,12,14,9,34,2,07信義區,信義區松壽路0605041燈桿前,0,0,1,1,C03,8,7,5,50,14,9,1,5,4,5,13,4,4,9,5,5,2,13,2,40,2,9,5,4,7,9,1,10,2,11,,13,,1,21,,121.5648587,25.0359001
112,12,14,9,34,2,07信義區,信義區松壽路0605041燈桿前,0,0,1,2,B02,8,7,5,50,14,9,1,5,4,5,13,4,4,9,5,5,2,13,1,44,3,10,3,4,7,8,1,8,2,3,,100,,1,21,,121.5648587,25.0359001
112,12,14,9,44,2,04大安區,大安區基隆路3段第68號燈桿,0,0,2,3,B03,8,6,5,50,14,9,1,5,4,5,13,4,4,9,4,5,1,12,1,72,3,10,3,4,7,7,1,8,1,5,,108,,1,21,,121.5457863,25.01831262
112,12,14,9,44,2,04大安區,大安區基隆路3段第68號燈桿,0,0,2,2,C03,8,6,5,50,14,9,1,5,4,5,13,4,4,9,4,5,1,12,1,42,2,7,5,1,7,9,1,10,1,12,,108,,1,21,,121.5457863,25.01831262
112,12,14,9,44,2,04大安區,大安區基隆路3段第68號燈桿,0,0,2,1,C03,8,6,5,50,14,9,1,5,4,5,13,4,4,9,4,5,1,12,2,28,2,8,5,1,7,7,1,10,1,14,,100,,1,21,,121.5457863,25.01831262
112,12,14,10,1,2,08士林區,士林區格致路與建業路口,0,0,1,1,C03,8,5,5,40,4,1,1,5,4,5,13,2,1,9,4,5,1,17,1,84,3,10,6,1,7,5,3,18,2,14,,42,,1,21,,121.5461274,25.135673
112,12,14,10,1,2,08士林區,士林區格致路與建業路口,0,0,1,2,C03,8,5,5,40,4,1,1,5,4,5,13,2,1,9,4,5,1,17,1,19,2,8,6,1,7,9,1,10,2,11,,13,,1,21,,121.5461274,25.135673
112,12,14,10,2,2,06松山區,松山區民生東路5段137巷4弄與三民路口,0,0,1,1,C03,8,5,5,30,4,2,1,5,4,5,13,2,1,10,5,5,2,1,1,70,2,9,5,1,7,9,1,10,1,14,,13,,1,21,,121.5630874,25.0599076
112,12,14,10,2,2,06松山區,松山區民生東路5段137巷4弄與三民路口,0,0,1,2,H01,8,5,5,30,4,2,1,5,4,5,13,2,1,10,5,5,2,1,2,71,3,10,4,5,8,16,8,20,1,17,,122,,1,21,,121.5630874,25.0599076
112,12,14,10,2,2,06松山區,松山區民生東路5段137巷4弄與三民路口,0,0,1,3,H01,8,5,5,30,4,2,1,5,4,5,13,2,1,10,5,5,2,1,2,72,3,10,4,5,8,16,8,20,1,17,,122,,1,21,,121.5630874,25.0599076
112,12,14,10,2,2,06松山區,松山區民生東路5段137巷4弄與三民路口,0,0,1,4,H01,8,5,5,30,4,2,1,5,4,5,13,2,1,10,5,5,2,1,2,55,3,10,4,5,8,16,8,20,1,17,,122,,1,21,,121.5630874,25.0599076
112,12,14,10,34,2,03中山區,中山區南京東路2段206號,0,0,2,2,C03,8,5,5,50,14,9,1,5,4,5,13,4,4,3,4,4,1,12,2,52,2,7,3,4,7,9,1,10,2,14,,44,,1,21,,121.5359267,25.0519223
112,12,14,10,34,2,03中山區,中山區南京東路2段206號,0,0,2,1,C02,8,5,5,50,14,9,1,5,4,5,13,4,4,3,4,4,1,12,1,25,2,8,3,4,7,9,3,18,2,12,,108,,1,21,,121.5359267,25.0519223
112,12,14,10,35,2,02萬華區,萬華區環河南路1段與成都路口,0,0,1,1,B03,8,7,5,50,3,1,1,5,4,5,13,4,4,5,5,5,2,16,1,64,3,10,7,1,7,6,1,8,1,2,,44,,1,21,,121.5008197,25.04401263
112,12,14,10,35,2,02萬華區,萬華區環河南路1段與成都路口,0,0,1,2,C03,8,7,5,50,3,1,1,5,4,5,13,4,4,5,5,5,2,16,2,33,2,9,5,1,7,9,1,10,1,14,,44,,1,21,,121.5008197,25.04401263
112,12,14,10,35,2,04大安區,大安區仁愛路4段與復興南路1段口,0,0,1,1,B02,8,7,5,50,4,1,1,5,4,5,13,2,1,1,4,4,2,15,2,18,3,10,7,1,7,9,1,8,1,5,,81,,1,21,,121.543746,25.0381691
112,12,14,10,35,2,04大安區,大安區仁愛路4段與復興南路1段口,0,0,1,2,C03,8,7,5,50,4,1,1,5,4,5,13,2,1,1,4,4,2,15,2,61,2,9,6,1,7,9,1,10,1,11,,44,,1,21,,121.543746,25.0381691
112,12,14,10,36,2,05中正區,中正區和平西路2段與莒光路口,0,0,2,1,C03,8,7,5,50,3,2,1,5,4,5,13,1,1,1,4,5,2,12,1,60,2,9,5,1,7,9,1,10,2,14,,118,,1,22,,121.5078931,25.0313183
112,12,14,10,36,2,05中正區,中正區和平西路2段與莒光路口,0,0,2,2,C03,8,7,5,50,3,2,1,5,4,5,13,1,1,1,4,5,2,12,1,30,2,9,5,1,7,9,1,10,2,12,,118,,1,22,,121.5078931,25.0313183
112,12,14,10,36,2,05中正區,中正區和平西路2段與莒光路口,0,0,2,3,H02,8,7,5,50,3,2,1,5,4,5,13,1,1,1,4,5,2,12,2,29,4,11,5,5,7,20,8,20,10,16,,67,,1,22,,121.5078931,25.0313183
112,12,14,10,36,2,10文山區,文山區萬芳路與木柵路4段口,0,0,1,1,C03,8,6,5,50,3,2,1,5,4,5,13,2,1,5,2,5,2,13,2,71,3,10,5,4,7,9,1,10,1,11,,42,,1,21,,121.5714816,24.9949791
112,12,14,10,36,2,10文山區,文山區萬芳路與木柵路4段口,0,0,1,2,C03,8,6,5,50,3,2,1,5,4,5,13,2,1,5,2,5,2,13,1,46,2,8,5,4,7,14,1,10,1,13,,42,,1,21,,121.5714816,24.9949791
112,12,14,10,39,2,07信義區,信義區基隆路1段200號,0,0,1,2,,8,6,5,30,14,9,1,5,4,5,13,4,4,1,5,1,2,13,1,45,3,10,7,1,7,9,1,2,1,3,,89,,1,21,,121.5636929,25.0400841
112,12,14,10,39,2,07信義區,信義區基隆路1段200號,0,0,1,1,C03,8,6,5,30,14,9,1,5,4,5,13,4,4,1,5,1,2,13,1,19,2,9,5,1,7,9,1,10,1,11,,108,,1,21,,121.5636929,25.0400841