發生年度,發生月,發生日,發生時-Hours,發生分,處理別-編號,區序,肇事地點,死亡人數,2-30日死亡人數,受傷人數,當事人序號,車種,天候,光線,道路類別,速限-速度限制,道路型態,事故位置,路面狀況1,路面狀況2,路面狀況3,道路障礙1,道路障礙2,號誌1,號誌2,車道劃分-分向,車道劃分-分道1,車道劃分-分道2,車道劃分-分道3,事故類型及型態,性別,年齡,受傷程度,主要傷處,保護裝置,行動電話,車輛用途,當事者行動狀態,駕駛資格情形,駕駛執照種類,飲酒情形,車輛撞擊部位1,車輛撞擊部位2,肇因碼-個別,肇因碼-主要,個人肇逃否,職業,旅次目的,座標-X,座標-Y
112,12,14,10,47,2,04大安區,大安區基隆路2段329號,0,0,2,1,C03,8,5,5,50,14,9,1,5,4,5,13,4,4,1,4,4,2,13,2,38,2,9,3,4,7,9,1,10,1,11,,16,,1,21,,121.5489734,25.0209902
112,12,14,10,47,2,04大安區,大安區基隆路2段329號,0,0,2,2,C03,8,5,5,50,14,9,1,5,4,5,13,4,4,1,4,4,2,13,1,47,3,10,3,4,7,9,1,10,1,13,,44,,1,21,,121.5489734,25.0209902
112,12,14,10,47,2,04大安區,大安區基隆路2段329號,0,0,2,3,H02,8,5,5,50,14,9,1,5,4,5,13,4,4,1,4,4,2,13,2,74,2,5,3,5,7,21,8,20,10,17,,67,,1,21,,121.5489734,25.0209902
112,12,14,11,2,2,04大安區,大安區大安路2段與瑞安街23巷口口,0,0,1,1,B03,8,7,5,30,4,1,1,5,4,1,13,2,1,9,5,5,1,17,1,32,3,10,7,1,7,5,1,8,1,4,,80,,1,21,,121.5461148,25.0310133
112,12,14,11,2,2,04大安區,大安區大安路2段與瑞安街23巷口口,0,0,1,2,C03,8,7,5,30,4,1,1,5,4,1,13,2,1,9,5,5,1,17,1,38,2,9,6,1,7,9,1,9,1,12,,44,,1,21,,121.5461148,25.0310133
112,12,14,11,12,2,11南港區,南港區忠孝東路6段與玉成街口,0,0,1,1,B01,8,6,5,50,5,1,1,5,4,5,13,1,1,1,3,5,2,10,1,46,3,10,3,4,7,15,1,8,2,2,,103,,1,22,,121.5828681,25.0453964
112,12,14,11,12,2,11南港區,南港區忠孝東路6段與玉成街口,0,0,1,2,C03,8,6,5,50,5,1,1,5,4,5,13,1,1,1,3,5,2,10,1,41,2,8,3,4,7,9,1,10,2,11,,44,,1,22,,121.5828681,25.0453964
112,12,14,11,24,2,02萬華區,萬華區青年路184號,0,0,1,1,B12,8,5,5,30,14,9,1,5,4,5,13,4,4,5,5,5,2,17,1,55,3,10,7,4,7,11,1,8,1,4,,10,,1,21,,121.5035083,25.02050552
112,12,14,11,24,2,02萬華區,萬華區青年路184號,0,0,1,2,C03,8,5,5,30,14,9,1,5,4,5,13,4,4,5,5,5,2,17,1,60,2,1,5,4,7,9,1,10,1,11,,108,,1,21,,121.5035083,25.02050552
112,12,14,11,30,2,03中山區,中山區復興北路與南京東路3段口(往南未到南京東),0,0,1,2,B03,8,6,6,50,14,9,1,5,4,5,13,4,4,1,4,5,2,16,2,31,3,10,3,4,7,9,1,4,1,5,,44,,1,22,,121.5439798,25.0523052
112,12,14,11,30,2,03中山區,中山區復興北路與南京東路3段口(往南未到南京東),0,0,1,1,C03,8,6,6,50,14,9,1,5,4,5,13,4,4,1,4,5,2,16,1,57,2,9,6,1,7,7,5,18,1,13,,100,,1,22,,121.5439798,25.0523052
112,12,14,11,30,2,08士林區,士林區中山北路5段86號與中山北路口無名巷,0,0,1,2,C03,8,5,5,50,3,1,1,5,4,5,13,2,1,9,4,5,1,17,1,22,2,3,6,1,7,9,1,10,2,11,,44,,1,21,,121.5256005,25.0840171
112,12,14,11,30,2,08士林區,士林區中山北路5段86號與中山北路口無名巷,0,0,1,1,B02,8,5,5,50,3,1,1,5,4,5,13,2,1,9,4,5,1,17,1,60,3,10,7,1,7,6,1,8,2,2,,9,,1,21,,121.5256005,25.0840171
112,12,14,11,45,2,08士林區,士林區福林路100巷與福林路口,0,0,1,2,C03,8,7,5,50,3,1,1,5,4,5,13,3,1,9,4,5,1,17,2,57,2,9,5,1,7,9,1,10,1,14,,44,,1,21,,121.5312415,25.09583511
112,12,14,11,45,2,08士林區,士林區福林路100巷與福林路口,0,0,1,1,B03,8,7,5,50,3,1,1,5,4,5,13,3,1,9,4,5,1,17,1,64,3,10,7,1,7,6,1,8,1,2,,44,,1,21,,121.5312415,25.09583511
112,12,14,12,0,2,12內湖區,內湖區金湖路289號,0,0,2,2,C03,8,7,5,50,14,9,1,5,4,5,13,4,4,1,4,5,2,13,1,51,3,10,5,1,7,14,1,10,1,13,,44,,1,21,,121.6011751,25.07541266
112,12,14,12,0,2,12內湖區,內湖區金湖路289號,0,0,2,1,C03,8,7,5,50,14,9,1,5,4,5,13,4,4,1,4,5,2,13,2,42,2,4,5,1,7,9,1,10,1,11,,16,,1,21,,121.6011751,25.07541266
112,12,14,12,0,2,12內湖區,內湖區金湖路289號,0,0,2,3,H02,8,7,5,50,14,9,1,5,4,5,13,4,4,1,4,5,2,13,2,70,2,7,5,5,7,21,8,20,10,16,,67,,1,21,,121.6011751,25.07541266
112,12,14,12,54,2,04大安區,與無名巷口(信義路4段140號前),0,0,2,2,C03,8,6,5,50,3,1,1,5,4,5,13,4,4,1,4,5,2,13,1,49,2,8,3,4,7,9,1,10,1,13,,44,,1,21,,121.5499906,25.0331302
112,12,14,12,54,2,04大安區,與無名巷口(信義路4段140號前),0,0,2,1,C03,8,6,5,50,3,1,1,5,4,5,13,4,4,1,4,5,2,13,2,24,2,9,3,4,7,9,1,10,1,11,,16,,1,21,,121.5499906,25.0331302
112,12,14,12,54,2,04大安區,與無名巷口(信義路4段140號前),0,0,2,3,B01,8,6,5,50,3,1,1,5,4,5,13,4,4,1,4,5,2,13,1,54,3,10,3,4,7,6,1,4,1,3,,44,,1,21,,121.5499906,25.0331302
112,12,14,13,5,2,05中正區,中正區西藏路114號,0,0,2,1,B03,8,7,5,30,14,9,4,5,4,3,10,1,1,1,4,5,2,17,1,65,3,10,7,1,7,1,1,8,1,4,,19,,1,22,,121.5049891,25.0302661
112,12,14,13,5,2,05中正區,中正區西藏路114號,0,0,2,2,C03,8,7,5,30,14,9,4,5,4,3,10,1,1,1,4,5,2,17,1,19,2,9,6,1,7,9,1,10,1,11,,13,,1,22,,121.5049891,25.0302661
112,12,14,13,5,2,05中正區,中正區西藏路114號,0,0,2,3,B12,8,7,5,30,14,9,4,5,4,3,10,1,1,1,4,5,2,17,1,54,3,10,7,1,7,13,1,8,11,17,,38,,1,22,,121.5049891,25.0302661
112,12,14,13,5,2,05中正區,中正區西藏路114號,0,0,2,4,H02,8,7,5,30,14,9,4,5,4,3,10,1,1,1,4,5,2,17,2,53,2,9,5,5,7,20,8,20,10,16,,67,,1,22,,121.5049891,25.0302661
112,12,14,13,8,2,03中山區,中山區南京西路14號與長安西路19巷2弄口內,0,0,1,1,B12,8,6,5,30,14,9,1,5,4,5,13,4,4,10,5,5,2,6,1,47,3,10,3,4,7,1,6,8,11,1,,118,,2,22,,121.5204392,25.05176783
112,12,14,13,8,2,03中山區,中山區南京西路14號與長安西路19巷2弄口內,0,0,1,2,H01,8,6,5,30,14,9,1,5,4,5,13,4,4,10,5,5,2,6,1,35,2,8,4,5,8,18,8,20,10,16,,66,,1,22,,121.5204392,25.05176783
112,12,14,13,38,2,01大同區,大同區環河北路1段與民生西路口,0,0,1,2,B03,8,6,5,50,5,2,1,5,4,5,13,4,4,1,4,5,2,13,2,31,3,10,7,1,7,14,1,8,2,6,,44,,1,21,,121.5082196,25.0565145
112,12,14,13,38,2,01大同區,大同區環河北路1段與民生西路口,0,0,1,1,C03,8,6,5,50,5,2,1,5,4,5,13,4,4,1,4,5,2,13,1,72,2,9,6,1,7,9,6,18,2,14,,107,,1,21,,121.5082196,25.0565145
112,12,14,13,40,2,08士林區,士林區社子街22巷22弄與社子街22巷口,0,0,1,2,B12,8,6,5,30,4,1,1,5,4,5,13,4,4,10,5,5,1,15,1,57,3,10,3,4,7,9,1,8,2,1,,14,,1,22,,121.507564,25.08724701
112,12,14,13,40,2,08士林區,士林區社子街22巷22弄與社子街22巷口,0,0,1,1,C03,8,6,5,30,4,1,1,5,4,5,13,4,4,10,5,5,1,15,1,27,2,8,3,4,7,9,1,10,2,14,,72,,1,22,,121.507564,25.08724701
112,12,14,14,8,2,02萬華區,萬華區萬大路423巷10弄與萬大路449巷口,0,0,2,1,C03,8,7,5,30,4,1,1,5,4,5,13,4,4,10,5,5,2,15,2,66,2,9,5,1,7,9,1,10,1,12,,72,,1,21,,121.4987908,25.02069183
112,12,14,14,8,2,02萬華區,萬華區萬大路423巷10弄與萬大路449巷口,0,0,2,2,C03,8,7,5,30,4,1,1,5,4,5,13,4,4,10,5,5,2,15,1,26,2,9,5,1,7,9,1,10,1,11,,13,,1,21,,121.4987908,25.02069183
112,12,14,14,18,2,02萬華區,萬華區貴陽街2段與貴陽街2段115巷口,0,0,2,1,C03,8,7,5,50,4,18,1,5,4,5,13,4,4,10,4,5,2,3,1,47,2,9,6,1,7,9,1,9,1,11,,70,,1,21,,121.5031561,25.0399443
112,12,14,14,18,2,02萬華區,萬華區貴陽街2段與貴陽街2段115巷口,0,0,2,2,H01,8,7,5,50,4,18,1,5,4,5,13,4,4,10,4,5,2,3,2,82,2,9,4,5,8,16,8,20,1,16,,67,,1,21,,121.5031561,25.0399443
112,12,14,14,25,2,09北投區,北投區中和街365號,0,0,1,2,C03,8,5,5,50,14,9,1,5,4,5,13,4,4,9,4,5,1,16,2,44,2,8,5,1,7,9,1,10,1,14,,44,,1,21,,121.498852,25.1420058
112,12,14,14,25,2,09北投區,北投區中和街365號,0,0,1,1,C03,8,5,5,50,14,9,1,5,4,5,13,4,4,9,4,5,1,16,2,54,3,10,5,1,7,1,1,10,1,11,,19,,1,21,,121.498852,25.1420058
112,12,14,14,27,2,06松山區,松山區塔悠路82號,0,0,1,2,C03,8,6,5,50,14,9,1,5,4,5,13,3,1,1,4,5,2,12,2,21,2,9,5,4,7,9,1,10,2,14,,108,,1,21,,121.5700024,25.05280395
112,12,14,14,27,2,06松山區,松山區塔悠路82號,0,0,1,1,B01,8,6,5,50,14,9,1,5,4,5,13,3,1,1,4,5,2,12,1,34,3,10,7,1,7,8,1,4,2,2,,100,,1,21,,121.5700024,25.05280395
112,12,14,14,42,2,10文山區,文山區景興路288號對面,0,0,2,2,C03,8,6,5,50,14,9,1,5,4,5,13,4,4,9,5,5,2,16,1,32,2,9,6,1,7,9,1,10,1,14,,44,,1,21,,121.5422672,24.9891967
112,12,14,14,42,2,10文山區,文山區景興路288號對面,0,0,2,1,C03,8,6,5,50,14,9,1,5,4,5,13,4,4,9,5,5,2,16,1,21,2,7,6,1,7,15,1,10,1,12,,100,,1,21,,121.5422672,24.9891967
112,12,14,14,55,2,05中正區,中正區金山南路1段108號與杭州南路1段143巷口,0,0,1,1,B03,8,7,5,50,3,2,1,5,4,5,10,4,4,2,4,2,2,17,2,59,3,10,7,1,7,9,1,8,1,5,,14,,1,21,,121.5274463,25.03549465
112,12,14,14,55,2,05中正區,中正區金山南路1段108號與杭州南路1段143巷口,0,0,1,3,B03,8,7,5,50,3,2,1,5,4,5,10,4,4,2,4,2,2,17,1,56,3,10,7,1,7,14,1,8,1,17,,38,,1,21,,121.5274463,25.03549465
112,12,14,14,55,2,05中正區,中正區金山南路1段108號與杭州南路1段143巷口,0,0,1,2,C03,8,7,5,50,3,2,1,5,4,5,10,4,4,2,4,2,2,17,1,40,2,9,6,1,7,5,1,10,1,13,,73,,1,21,,121.5274463,25.03549465
112,12,14,14,57,2,05中正區,中正區林森南路7號前,0,0,1,3,H02,8,5,5,50,14,9,1,5,4,5,13,4,4,9,4,5,1,17,2,35,3,10,7,5,7,20,8,20,10,16,,126,,1,21,,121.5231903,25.0440178
112,12,14,14,57,2,05中正區,中正區林森南路7號前,0,0,1,2,C03,8,5,5,50,14,9,1,5,4,5,13,4,4,9,4,5,1,17,1,32,2,8,5,1,7,9,1,10,2,11,,44,,1,21,,121.5231903,25.0440178
112,12,14,14,57,2,05中正區,中正區林森南路7號前,0,0,1,1,B01,8,5,5,50,14,9,1,5,4,5,13,4,4,9,4,5,1,17,1,57,3,10,7,1,7,14,1,4,2,6,,99,,1,21,,121.5231903,25.0440178
112,12,14,14,58,2,01大同區,大同區鄭州路與延平北路1段口,0,0,1,1,B03,8,6,5,40,4,1,1,5,4,5,13,1,1,1,4,5,2,17,2,42,3,10,7,1,7,6,1,8,2,5,,9,,1,22,,121.5120007,25.05000027
112,12,14,14,58,2,01大同區,大同區鄭州路與延平北路1段口,0,0,1,2,C03,8,6,5,40,4,1,1,5,4,5,13,1,1,1,4,5,2,17,1,43,2,9,6,1,7,9,1,9,2,14,,107,,1,22,,121.5120007,25.05000027
112,12,14,14,58,2,03中山區,中山區民族東路282號,0,0,1,1,C03,8,5,5,50,14,5,1,5,4,5,13,4,4,1,4,4,2,17,1,34,2,9,3,4,7,9,1,10,1,14,,44,,1,21,,121.5354819,25.0681669
112,12,14,14,58,2,03中山區,中山區民族東路282號,0,0,1,2,B03,8,5,5,50,14,5,1,5,4,5,13,4,4,1,4,4,2,17,1,44,3,10,3,4,7,5,1,8,1,17,,44,,1,21,,121.5354819,25.0681669
112,12,14,15,0,2,12內湖區,內湖區潭美街789號,0,0,1,1,B03,8,6,5,40,14,9,1,5,4,5,13,4,4,8,3,5,1,16,1,35,3,10,7,1,7,6,1,8,2,2,,9,,1,21,,121.6098828,25.0634932
112,12,14,15,0,2,12內湖區,內湖區潭美街789號,0,0,1,2,C03,8,6,5,40,14,9,1,5,4,5,13,4,4,8,3,5,1,16,2,18,2,9,5,1,7,9,1,10,2,14,,44,,1,21,,121.6098828,25.0634932
112,12,14,15,10,2,12內湖區,內湖區新湖二路與新湖一路128巷口,0,0,2,1,C03,8,7,5,50,4,1,1,5,4,5,13,4,4,9,4,5,2,16,2,60,2,9,5,1,7,6,3,18,1,14,,72,,1,21,,121.5763748,25.0610343
112,12,14,15,10,2,12內湖區,內湖區新湖二路與新湖一路128巷口,0,0,2,2,C03,8,7,5,50,4,1,1,5,4,5,13,4,4,9,4,5,2,16,2,31,2,9,5,1,7,9,1,10,1,12,,27,,1,21,,121.5763748,25.0610343
112,12,14,15,15,2,03中山區,中山區中山北路2段11巷與南京東路1段13巷口,0,0,1,3,,8,7,5,30,4,1,1,5,4,3,10,4,4,10,5,5,2,15,4,0,,,,,,,,,11,,,,,,,,121.523637,25.0527679
112,12,14,15,15,2,03中山區,中山區中山北路2段11巷與南京東路1段13巷口,0,0,1,2,C03,8,7,5,30,4,1,1,5,4,3,10,4,4,10,5,5,2,15,1,35,2,9,5,1,7,9,1,10,2,11,,44,,1,21,,121.523637,25.0527679
112,12,14,15,15,2,03中山區,中山區中山北路2段11巷與南京東路1段13巷口,0,0,1,1,,8,7,5,30,4,1,1,5,4,3,10,4,4,10,5,5,2,15,1,34,3,10,7,1,7,9,1,3,2,2,,72,,1,21,,121.523637,25.0527679
112,12,14,15,15,2,03中山區,中山區復興南路1段22號,0,0,1,2,B03,8,7,8,50,14,9,1,5,4,5,13,4,4,1,4,5,2,13,1,36,3,10,3,4,7,14,1,8,1,6,,44,,1,21,,121.5437894,25.04662144
112,12,14,15,15,2,03中山區,中山區復興南路1段22號,0,0,1,1,C03,8,7,8,50,14,9,1,5,4,5,13,4,4,1,4,5,2,13,1,33,2,8,6,4,7,9,1,9,1,14,,108,,1,21,,121.5437894,25.04662144
112,12,14,15,21,2,06松山區,松山區延壽街與延壽街119巷口,0,0,2,2,C03,8,5,5,30,3,1,1,5,4,5,13,4,4,9,4,5,2,17,1,41,2,9,6,4,7,9,1,10,2,11,,44,,1,22,,121.5648623,25.0569789
112,12,14,15,21,2,06松山區,松山區延壽街與延壽街119巷口,0,0,2,1,C03,8,5,5,30,3,1,1,5,4,5,13,4,4,9,4,5,2,17,2,32,2,9,6,4,7,5,1,10,2,11,,74,,1,22,,121.5648623,25.0569789
112,12,14,16,5,2,05中正區,中正區林森南路69號與林森南路口,0,0,1,2,C03,8,5,5,50,3,2,1,5,4,5,13,4,4,9,5,5,2,17,1,32,2,9,6,1,7,9,1,10,1,14,14,108,,1,21,,121.5218895,25.03962406
112,12,14,16,5,2,05中正區,中正區林森南路69號與林森南路口,0,0,1,1,B02,8,5,5,50,3,2,1,5,4,5,13,4,4,9,5,5,2,17,2,24,3,10,7,1,7,6,1,8,1,2,2,17,,1,21,,121.5218895,25.03962406
112,12,14,16,10,2,03中山區,中山區市民大道3段與松江路口,0,0,1,1,B03,8,5,5,40,4,2,1,5,4,5,13,1,1,1,4,5,2,16,1,34,3,10,7,1,7,6,1,8,1,5,,9,,1,22,,121.5330519,25.0455271
112,12,14,16,10,2,03中山區,中山區市民大道3段與松江路口,0,0,1,2,C03,8,5,5,40,4,2,1,5,4,5,13,1,1,1,4,5,2,16,1,42,3,10,5,1,7,9,1,9,1,14,,13,,1,22,,121.5330519,25.0455271
112,12,14,16,10,2,03中山區,中山區市民大道3段與松江路口,0,0,1,3,H02,8,5,5,40,4,2,1,5,4,5,13,1,1,1,4,5,2,16,2,39,2,9,5,5,7,20,8,20,10,16,,67,,1,22,,121.5330519,25.0455271
112,12,14,16,13,2,08士林區,士林區福國路與文林路口,0,0,2,1,C03,8,5,5,50,5,1,1,5,4,5,13,2,1,1,4,5,2,17,1,23,2,7,6,1,7,5,1,10,1,14,,17,,1,21,,121.5215298,25.10173252
112,12,14,16,13,2,08士林區,士林區福國路與文林路口,0,0,2,2,C03,8,5,5,50,5,1,1,5,4,5,13,2,1,1,4,5,2,17,2,22,2,9,6,1,7,5,1,10,1,12,,17,,1,21,,121.5215298,25.10173252
112,12,14,16,14,2,05中正區,中正區忠孝西路1段與館前路口,0,0,1,1,A02,8,6,5,50,4,2,1,5,4,5,13,1,1,1,4,5,2,17,1,50,3,10,7,4,7,12,1,2,11,17,,42,,1,21,,121.5159649,25.04664906
112,12,14,16,14,2,05中正區,中正區忠孝西路1段與館前路口,0,0,1,2,B03,8,6,5,50,4,2,1,5,4,5,13,1,1,1,4,5,2,17,2,23,3,10,7,4,7,12,7,19,11,17,,42,,1,22,,121.5159649,25.04664906
112,12,14,16,14,2,05中正區,中正區忠孝西路1段與館前路口,0,0,1,3,H02,8,6,5,50,4,2,1,5,4,5,13,1,1,1,4,5,2,17,1,72,2,9,4,5,7,20,8,20,10,16,,67,,1,22,,121.5159649,25.04664906
112,12,14,16,23,2,03中山區,中山區市民大道2段與新生北路1段口,0,0,1,1,C03,8,5,5,50,4,2,1,5,4,5,13,2,1,1,3,5,2,13,2,39,2,8,6,4,7,9,1,10,1,12,,108,,1,22,,121.5306576,25.046184
112,12,14,16,23,2,03中山區,中山區市民大道2段與新生北路1段口,0,0,1,2,B03,8,5,5,50,4,2,1,5,4,5,13,2,1,1,3,5,2,13,1,43,3,10,3,4,7,6,1,8,1,3,,44,,1,22,,121.5306576,25.046184
112,12,14,16,48,2,05中正區,中正區中華路1段9巷旁,0,0,1,2,C03,8,5,5,50,14,9,1,5,4,5,13,2,1,9,4,4,1,12,1,21,2,9,6,1,7,9,1,10,2,14,,44,,1,21,,121.5098716,25.046827
112,12,14,16,48,2,05中正區,中正區中華路1段9巷旁,0,0,1,1,B01,8,5,5,50,14,9,1,5,4,5,13,2,1,9,4,4,1,12,1,27,3,10,7,1,7,9,1,4,2,2,,108,,1,21,,121.5098716,25.046827
112,12,14,17,8,2,09北投區,北投區中央北路1段與中央北路1段197巷口,0,0,1,1,C03,7,5,5,50,4,2,1,5,4,5,13,4,4,5,5,5,2,13,1,19,3,10,5,1,7,9,1,10,2,11,,108,,1,21,,121.4975621,25.1358849
112,12,14,17,8,2,09北投區,北投區中央北路1段與中央北路1段197巷口,0,0,1,2,C03,7,5,5,50,4,2,1,5,4,5,13,4,4,5,5,5,2,13,1,61,2,9,5,1,7,12,1,10,2,14,12,44,,1,21,,121.4975621,25.1358849
112,12,14,17,15,2,02萬華區,萬華區西藏路125巷與青年路口,0,0,1,2,C03,8,6,5,30,3,1,1,5,4,5,13,2,1,5,4,5,2,17,1,27,3,10,5,1,7,9,1,10,1,13,,44,,1,21,,121.5037131,25.02518248
112,12,14,17,15,2,02萬華區,萬華區西藏路125巷與青年路口,0,0,1,1,F01,8,6,5,30,3,1,1,5,4,5,13,2,1,5,4,5,2,17,1,82,2,5,4,1,7,5,8,20,1,11,14,83,,1,21,,121.5037131,25.02518248
112,12,14,17,30,2,05中正區,中正區南昌路2段與同安街口口,0,0,2,1,F01,8,5,5,30,4,1,1,5,4,5,13,3,1,10,5,5,1,15,1,71,2,8,4,1,7,9,8,20,2,14,,72,,1,21,,121.5224976,25.02567069
112,12,14,17,30,2,05中正區,中正區南昌路2段與同安街口口,0,0,2,2,C03,8,5,5,30,4,1,1,5,4,5,13,3,1,10,5,5,1,15,1,55,2,7,6,1,7,9,1,10,2,11,,44,,1,21,,121.5224976,25.02567069
112,12,14,17,45,2,05中正區,中正區思源街1號,0,0,1,2,C03,8,5,5,50,14,9,1,5,4,5,13,4,4,1,4,5,2,17,1,21,2,9,5,1,7,12,1,10,9,11,,13,,1,22,,121.5317476,25.0145637
112,12,14,17,45,2,05中正區,中正區思源街1號,0,0,1,1,B03,8,5,5,50,14,9,1,5,4,5,13,4,4,1,4,5,2,17,1,63,3,10,7,1,7,8,1,8,9,17,,100,,1,22,,121.5317476,25.0145637
112,12,14,17,53,2,04大安區,大安區忠孝東路4段223巷與市民大道4段口,0,0,1,1,B01,7,5,5,40,4,1,1,5,4,5,13,1,1,8,3,5,1,16,1,61,3,10,7,1,7,6,1,2,1,5,,9,,1,21,,121.5531102,25.0443358
112,12,14,17,53,2,04大安區,大安區忠孝東路4段223巷與市民大道4段口,0,0,1,2,C03,7,5,5,40,4,1,1,5,4,5,13,1,1,8,3,5,1,16,2,39,2,9,5,1,7,9,1,10,1,14,,44,,1,21,,121.5531102,25.0443358
112,12,14,18,4,2,06松山區,松山區塔悠路95號,0,0,2,1,C03,8,5,5,50,14,9,1,5,4,5,13,4,4,9,4,5,2,13,1,29,2,8,6,4,7,9,1,10,1,11,,16,,1,22,,121.57035,25.05238838
112,12,14,18,4,2,06松山區,松山區塔悠路95號,0,0,2,2,C03,8,5,5,50,14,9,1,5,4,5,13,4,4,9,4,5,2,13,1,25,2,9,6,4,7,9,1,10,1,13,,44,,1,22,,121.57035,25.05238838
112,12,14,18,8,2,12內湖區,內湖區康寧路3段245巷與安康路口,0,0,1,1,B03,8,5,5,40,4,2,1,5,4,5,13,2,1,5,5,5,2,17,2,27,3,10,7,1,7,11,1,8,1,4,,10,,1,21,,121.6136687,25.06618951
112,12,14,18,8,2,12內湖區,內湖區康寧路3段245巷與安康路口,0,0,1,2,C04,8,5,5,40,4,2,1,5,4,5,13,2,1,5,5,5,2,17,2,39,2,8,6,1,7,9,1,10,1,12,,44,,1,21,,121.6136687,25.06618951
112,12,14,18,20,2,07信義區,信義區松壽路2號,0,0,1,1,C03,7,5,5,50,14,9,1,5,4,5,13,4,4,9,4,5,2,13,2,39,2,9,5,1,7,5,1,10,11,13,,8,,1,21,,121.5629034,25.0359053
112,12,14,18,20,2,07信義區,信義區松壽路2號,0,0,1,2,B03,7,5,5,50,14,9,1,5,4,5,13,4,4,9,4,5,2,13,2,60,3,10,7,1,7,9,1,8,11,1,,108,,1,21,,121.5629034,25.0359053
112,12,14,18,21,2,03中山區,中山區中山北路3段與民族東路口,0,0,1,1,B03,8,5,5,50,14,9,1,5,4,5,13,1,1,1,3,5,1,13,1,59,3,10,3,4,7,7,1,8,1,5,,107,,1,21,,121.5228409,25.06845506
112,12,14,18,21,2,03中山區,中山區中山北路3段與民族東路口,0,0,1,2,C03,8,5,5,50,14,9,1,5,4,5,13,1,1,1,3,5,1,13,2,30,3,10,6,4,7,9,1,10,1,14,,44,,1,21,,121.5228409,25.06845506
112,12,14,18,21,2,03中山區,中山區中山北路3段與民族東路口,0,0,1,3,C03,8,5,5,50,14,9,1,5,4,5,13,1,1,1,3,5,1,13,2,46,2,8,6,4,7,9,1,10,1,14,,44,,1,21,,121.5228409,25.06845506
112,12,14,18,21,2,10文山區,文山區木柵路4段與木柵路4段33巷口,0,0,1,1,C03,8,5,5,50,3,1,1,5,4,5,13,2,1,5,4,5,2,16,1,47,3,10,6,1,7,5,1,10,2,13,,71,,1,21,,121.5715322,24.9940737
112,12,14,18,21,2,10文山區,文山區木柵路4段與木柵路4段33巷口,0,0,1,2,C03,8,5,5,50,3,1,1,5,4,5,13,2,1,5,4,5,2,16,2,50,2,1,6,1,7,9,1,10,2,11,,44,,1,21,,121.5715322,24.9940737
112,12,14,18,30,2,08士林區,士林區至誠路2段與至誠路2段120巷口口,0,0,2,1,C03,7,5,5,40,3,1,1,5,4,5,13,4,4,9,4,5,1,17,2,21,2,9,5,1,7,5,1,10,2,11,,74,,1,21,,121.5270681,25.1011491
112,12,14,18,30,2,08士林區,士林區至誠路2段與至誠路2段120巷口口,0,0,2,2,C03,7,5,5,40,3,1,1,5,4,5,13,4,4,9,4,5,1,17,1,22,2,8,5,1,7,9,1,10,2,12,,44,,1,21,,121.5270681,25.1011491
112,12,14,18,36,2,12內湖區,內湖區港墘路82巷與港墘路82巷7弄口,0,0,1,1,C03,8,5,5,50,3,1,1,5,4,5,13,4,4,9,5,5,2,16,2,80,2,9,5,1,7,5,3,18,1,11,,72,,1,21,,121.5775725,25.08088823
112,12,14,18,36,2,12內湖區,內湖區港墘路82巷與港墘路82巷7弄口,0,0,1,2,B03,8,5,5,50,3,1,1,5,4,5,13,4,4,9,5,5,2,16,2,39,3,10,7,1,7,9,1,8,1,4,,44,,1,21,,121.5775725,25.08088823
112,12,14,19,0,2,07信義區,信義區信安街與無名巷口,0,0,2,2,C03,8,5,5,30,4,1,1,5,4,5,13,4,4,5,5,5,2,15,1,25,2,8,6,1,7,9,1,10,1,12,,75,,1,22,,121.5564977,25.0253719
112,12,14,19,0,2,07信義區,信義區信安街與無名巷口,0,0,2,1,C03,8,5,5,30,4,1,1,5,4,5,13,4,4,5,5,5,2,15,1,31,2,8,6,1,7,9,1,10,1,11,,44,,1,22,,121.5564977,25.0253719
112,12,14,19,0,2,04大安區,大安區復興南路2段與瑞安街23巷口口,0,0,1,2,,8,5,5,30,4,2,1,5,4,5,13,2,1,1,4,4,1,17,4,0,,,,,,,,,11,,,119,,2,,,121.5437091,25.0310117
112,12,14,19,0,2,04大安區,大安區復興南路2段與瑞安街23巷口口,0,0,1,1,F01,8,5,5,30,4,2,1,5,4,5,13,2,1,1,4,4,1,17,2,20,2,7,2,1,7,9,8,20,1,12,,44,,1,22,,121.5437091,25.0310117
112,12,14,19,10,2,06松山區,松山區南京東路4段與南京東路4段133巷口,0,0,1,2,H01,8,5,5,50,4,1,1,5,4,5,13,1,1,1,4,4,2,3,2,62,2,5,4,5,8,16,8,20,10,16,,67,,1,22,,121.5551308,25.051774
112,12,14,19,10,2,06松山區,松山區南京東路4段與南京東路4段133巷口,0,0,1,1,F01,8,5,5,50,4,1,1,5,4,5,13,1,1,1,4,4,2,3,2,24,3,10,4,1,7,9,8,20,1,15,,85,,1,22,,121.5551308,25.051774
112,12,14,19,27,2,04大安區,大安區仁愛路4段345巷與仁愛路4段345巷2弄口,0,0,2,1,C04,8,5,5,30,4,1,1,5,4,5,13,4,4,10,5,5,2,15,1,22,2,9,6,1,7,9,1,10,1,14,,80,,1,21,,121.5540541,25.0384691