發生年度,發生月,發生日,發生時-Hours,發生分,處理別-編號,區序,肇事地點,死亡人數,2-30日死亡人數,受傷人數,當事人序號,車種,天候,光線,道路類別,速限-速度限制,道路型態,事故位置,路面狀況1,路面狀況2,路面狀況3,道路障礙1,道路障礙2,號誌1,號誌2,車道劃分-分向,車道劃分-分道1,車道劃分-分道2,車道劃分-分道3,事故類型及型態,性別,年齡,受傷程度,主要傷處,保護裝置,行動電話,車輛用途,當事者行動狀態,駕駛資格情形,駕駛執照種類,飲酒情形,車輛撞擊部位1,車輛撞擊部位2,肇因碼-個別,肇因碼-主要,個人肇逃否,職業,旅次目的,座標-X,座標-Y
112,12,16,2,12,2,04大安區,大安區大安路2段與四維路154巷口,0,0,3,3,H02,7,5,5,30,4,1,1,5,4,5,11,3,1,5,5,5,2,15,1,33,2,1,4,5,7,20,8,20,10,16,,67,,1,22,,121.5460406,25.0310223
112,12,16,2,12,2,04大安區,大安區大安路2段與四維路154巷口,0,0,3,2,B01,7,5,5,30,4,1,1,5,4,5,11,3,1,5,5,5,2,15,1,52,2,3,7,1,7,9,1,2,2,1,,44,,1,21,,121.5460406,25.0310223
112,12,16,2,12,2,04大安區,大安區大安路2段與四維路154巷口,0,0,3,1,B01,7,5,5,30,4,1,1,5,4,5,11,3,1,5,5,5,2,15,1,52,2,7,7,1,7,9,1,3,2,2,,80,,1,21,,121.5460406,25.0310223
112,12,16,2,56,2,06松山區,松山區撫遠街(377號停車格),0,0,1,2,B03,7,5,5,50,14,9,1,5,4,5,13,4,4,1,4,4,2,12,1,33,3,10,3,4,7,13,7,19,11,4,,44,,1,21,,121.5683369,25.06912151
112,12,16,2,56,2,06松山區,松山區撫遠街(377號停車格),0,0,1,3,B03,7,5,5,50,14,9,1,5,4,5,13,4,4,1,4,4,2,12,1,64,3,10,3,4,7,13,3,18,11,7,,44,,1,21,,121.5683369,25.06912151
112,12,16,2,56,2,06松山區,松山區撫遠街(377號停車格),0,0,1,4,B03,7,5,5,50,14,9,1,5,4,5,13,4,4,1,4,4,2,12,1,48,3,10,3,4,7,13,7,19,11,3,,44,,1,21,,121.5683369,25.06912151
112,12,16,2,56,2,06松山區,松山區撫遠街(377號停車格),0,0,1,1,B02,7,5,5,50,14,9,1,5,4,5,13,4,4,1,4,4,2,12,1,22,2,9,3,4,7,7,1,8,2,5,,107,,1,21,,121.5683369,25.06912151
112,12,16,4,23,2,02萬華區,萬華區寶興街140巷與西園路2段261巷口,0,0,1,2,C03,8,5,5,30,3,1,1,5,4,5,13,4,4,9,5,5,2,16,2,15,2,8,6,1,7,9,2,18,1,11,,5,,1,21,,121.4936669,25.0240087
112,12,16,4,23,2,02萬華區,萬華區寶興街140巷與西園路2段261巷口,0,0,1,1,B03,8,5,5,30,3,1,1,5,4,5,13,4,4,9,5,5,2,16,1,44,3,10,7,1,7,6,1,8,1,1,,72,,1,21,,121.4936669,25.0240087
112,12,16,4,39,2,05中正區,中正區重慶南路3段1-1號,0,0,2,1,,8,5,5,0,14,9,1,2,4,5,13,1,1,1,4,5,2,18,3,0,,,,,,,,,,,,129,,1,,,121.5154201,25.0297352
112,12,16,4,39,2,05中正區,中正區重慶南路3段1-1號,0,0,2,2,C03,8,5,5,0,14,9,1,2,4,5,13,1,1,1,4,5,2,18,1,60,2,7,5,1,7,6,1,10,1,12,,44,,1,22,,121.5154201,25.0297352
112,12,16,4,39,2,05中正區,中正區重慶南路3段1-1號,0,0,2,3,H02,8,5,5,0,14,9,1,2,4,5,13,1,1,1,4,5,2,18,2,61,2,8,5,5,7,20,8,20,10,16,,67,,1,22,,121.5154201,25.0297352
112,12,16,6,0,2,10文山區,文山區興隆路4段62巷與興隆路4段口,0,0,1,2,C03,7,5,5,30,3,2,1,5,4,5,13,4,4,1,4,5,1,17,1,71,2,1,5,1,7,9,1,10,2,17,,42,,1,21,,121.5613879,24.98517716
112,12,16,6,0,2,10文山區,文山區興隆路4段62巷與興隆路4段口,0,0,1,1,C03,7,5,5,30,3,2,1,5,4,5,13,4,4,1,4,5,1,17,2,29,3,10,6,1,7,6,1,10,2,17,,72,,1,21,,121.5613879,24.98517716
112,12,16,6,11,2,02萬華區,萬華區長沙街2段與漢中街口,0,0,1,2,C03,8,5,5,50,5,1,1,5,4,5,13,1,1,8,3,5,1,13,1,25,2,6,5,1,7,14,1,10,1,13,,44,,1,21,,121.5062552,25.0406981
112,12,16,6,11,2,02萬華區,萬華區長沙街2段與漢中街口,0,0,1,1,B03,8,5,5,50,5,1,1,5,4,5,13,1,1,8,3,5,1,13,1,26,3,10,7,1,7,6,1,8,1,1,,108,,1,21,,121.5062552,25.0406981
112,12,16,7,51,2,12內湖區,內湖區康寧路3段與民權東路6段口,0,0,1,2,B03,6,6,5,50,4,1,1,4,4,5,13,2,1,3,4,5,2,17,1,43,3,10,7,1,7,9,1,8,1,2,,44,,1,21,,121.6056993,25.07338351
112,12,16,7,51,2,12內湖區,內湖區康寧路3段與民權東路6段口,0,0,1,1,C03,6,6,5,50,4,1,1,4,4,5,13,2,1,3,4,5,2,17,2,21,2,9,6,1,7,5,1,10,1,14,,8,,1,21,,121.6056993,25.07338351
112,12,16,7,51,2,07信義區,信義區福德街與福德街84巷口,0,0,1,2,A02,8,7,5,30,4,1,1,5,4,5,13,1,1,9,4,5,2,17,1,29,3,10,3,4,7,9,1,2,2,8,,44,,1,21,,121.5814496,25.0371967
112,12,16,7,51,2,07信義區,信義區福德街與福德街84巷口,0,0,1,1,F02,8,7,5,30,4,1,1,5,4,5,13,1,1,9,4,5,2,17,2,36,2,9,6,1,7,5,8,20,2,12,,86,,1,21,,121.5814496,25.0371967
112,12,16,8,20,2,07信義區,信義區永吉路與永吉路30巷口,0,0,1,1,B01,7,5,5,50,4,1,1,5,4,5,13,1,1,1,4,5,1,15,1,57,3,10,7,1,7,9,1,4,2,8,,81,,1,21,,121.5688589,25.0457192
112,12,16,8,20,2,07信義區,信義區永吉路與永吉路30巷口,0,0,1,2,C03,7,5,5,50,4,1,1,5,4,5,13,1,1,1,4,5,1,15,1,32,2,9,6,1,7,9,1,10,2,12,,44,,1,21,,121.5688589,25.0457192
112,12,16,8,35,2,12內湖區,內湖區瑞光路與江南街口,0,0,1,2,C03,7,6,5,50,3,1,1,5,4,5,13,3,1,5,4,5,2,17,1,28,2,8,5,1,7,9,1,9,1,12,,44,,1,21,,121.5754364,25.0760766
112,12,16,8,35,2,12內湖區,內湖區瑞光路與江南街口,0,0,1,1,B03,7,6,5,50,3,1,1,5,4,5,13,3,1,5,4,5,2,17,1,52,3,10,7,1,7,5,1,8,1,7,,72,,1,21,,121.5754364,25.0760766
112,12,16,8,40,2,01大同區,大同區重慶北路3段與酒泉街口,0,0,1,1,B01,8,5,5,50,4,2,1,5,4,5,13,2,1,5,4,5,2,17,1,62,3,10,3,4,7,5,1,4,1,5,,71,,1,21,,121.5137916,25.0720271
112,12,16,8,40,2,01大同區,大同區重慶北路3段與酒泉街口,0,0,1,2,C03,8,5,5,50,4,2,1,5,4,5,13,2,1,5,4,5,2,17,1,78,2,9,3,4,7,9,1,10,1,11,,44,,1,21,,121.5137916,25.0720271
112,12,16,8,45,2,03中山區,中山區復興南路1段52號,0,0,1,1,B03,8,7,5,0,14,20,1,5,4,5,13,4,4,10,5,5,2,14,1,68,3,10,3,4,7,2,1,8,1,3,,12,,1,21,,121.5435038,25.0449914
112,12,16,8,45,2,03中山區,中山區復興南路1段52號,0,0,1,2,F01,8,7,5,0,14,20,1,5,4,5,13,4,4,10,5,5,2,14,2,54,2,9,4,4,7,9,8,20,1,14,,44,,1,21,,121.5435038,25.0449914
112,12,16,9,15,2,12內湖區,內湖區行善路與民善街口,0,0,1,1,A02,8,7,5,50,3,2,1,5,4,5,13,1,1,4,4,5,1,9,1,53,3,10,7,1,7,12,1,2,1,17,,14,,1,21,,121.577215,25.05740518
112,12,16,9,15,2,12內湖區,內湖區行善路與民善街口,0,0,1,2,H02,8,7,5,50,3,2,1,5,4,5,13,1,1,4,4,5,1,9,2,64,2,9,3,5,7,17,8,20,10,17,,67,,1,21,,121.577215,25.05740518
112,12,16,9,15,2,12內湖區,內湖區行善路與民善街口,0,0,1,3,B01,8,7,5,50,3,2,1,5,4,5,13,1,1,4,4,5,1,9,1,49,3,10,7,1,7,5,1,8,11,17,,42,,1,21,,121.577215,25.05740518
112,12,16,9,32,2,02萬華區,萬華區西園路2段與西藏路口,0,0,1,1,C03,8,6,5,50,4,1,1,5,4,5,13,1,1,8,3,5,1,17,1,64,2,9,5,1,7,12,1,10,1,12,,44,,1,21,,121.495817,25.0289489
112,12,16,9,32,2,02萬華區,萬華區西園路2段與西藏路口,0,0,1,2,B03,8,6,5,50,4,1,1,5,4,5,13,1,1,8,3,5,1,17,1,54,3,10,7,1,7,11,1,8,1,17,,10,,1,21,,121.495817,25.0289489
112,12,16,10,0,2,05中正區,中正區中山北路1段與北平東路口口,0,0,1,1,B01,8,5,5,50,4,2,1,5,4,5,13,2,1,9,4,4,1,13,1,70,3,10,7,1,7,9,6,18,9,2,,108,,2,21,,121.5204293,25.0470912
112,12,16,10,0,2,05中正區,中正區中山北路1段與北平東路口口,0,0,1,2,C03,8,5,5,50,4,2,1,5,4,5,13,2,1,9,4,4,1,13,2,27,2,9,5,1,7,9,1,10,1,13,,44,,1,21,,121.5204293,25.0470912
112,12,16,10,17,2,07信義區,信義區基隆路2段與嘉興街216巷口,0,0,1,2,B03,8,7,5,50,4,2,1,5,4,5,13,1,1,3,4,5,2,12,1,54,3,10,3,4,7,9,1,8,1,2,,44,,1,21,,121.5560558,25.0273722
112,12,16,10,17,2,07信義區,信義區基隆路2段與嘉興街216巷口,0,0,1,1,C03,8,7,5,50,4,2,1,5,4,5,13,1,1,3,4,5,2,12,1,43,2,9,5,4,7,9,1,10,1,15,,42,,1,21,,121.5560558,25.0273722
112,12,16,10,35,2,02萬華區,萬華區艋舺大道與艋舺大道86巷口,0,0,2,1,C03,7,7,5,50,3,2,1,5,4,5,13,4,4,1,4,5,2,16,2,41,2,8,5,1,7,6,1,10,1,14,,72,,1,21,,121.5031962,25.0333844
112,12,16,10,35,2,02萬華區,萬華區艋舺大道與艋舺大道86巷口,0,0,2,2,C03,7,7,5,50,3,2,1,5,4,5,13,4,4,1,4,5,2,16,1,23,2,9,5,1,7,9,1,10,1,11,,14,,1,21,,121.5031962,25.0333844
112,12,16,10,45,2,12內湖區,內湖區陽光街與舊宗路2段口,0,0,1,1,B03,7,6,5,50,3,1,1,5,4,5,13,4,4,3,4,5,2,16,1,43,3,10,3,4,7,6,1,10,2,6,,9,,1,22,,121.5741685,25.0722675
112,12,16,10,45,2,12內湖區,內湖區陽光街與舊宗路2段口,0,0,1,2,C03,7,6,5,50,3,1,1,5,4,5,13,4,4,3,4,5,2,16,1,18,2,8,6,1,7,9,1,10,2,14,,13,,1,22,,121.5741685,25.0722675
112,12,16,11,12,2,12內湖區,內湖區環山路1段24巷30號,0,0,1,1,B03,7,5,5,30,14,9,1,4,4,5,13,4,4,9,4,5,2,13,1,60,3,10,7,1,7,11,1,8,1,6,,10,,1,21,,121.5643611,25.08451409
112,12,16,11,12,2,12內湖區,內湖區環山路1段24巷30號,0,0,1,2,C04,7,5,5,30,14,9,1,4,4,5,13,4,4,9,4,5,2,13,2,25,2,9,6,1,7,9,1,10,1,11,,108,,1,21,,121.5643611,25.08451409
112,12,16,11,15,2,01大同區,大同區通河西街堤外便道與通河西街堤外便道口,0,0,1,2,C03,7,6,5,25,3,1,1,5,4,5,13,4,4,9,4,5,2,10,1,45,2,9,6,1,7,9,1,10,9,11,,44,,1,21,,121.5168035,25.0786499
112,12,16,11,15,2,01大同區,大同區通河西街堤外便道與通河西街堤外便道口,0,0,1,1,B12,7,6,5,25,3,1,1,5,4,5,13,4,4,9,4,5,2,10,1,42,3,10,7,1,7,15,1,8,1,8,,2,,1,21,,121.5168035,25.0786499
112,12,16,11,23,2,09北投區,北投區北投路1段與大興街口側附近口,0,0,1,1,B11,7,6,5,50,4,1,1,5,4,5,13,1,1,5,4,4,2,17,1,52,3,10,7,1,7,5,1,2,1,8,,71,,1,21,,121.49968,25.1301731
112,12,16,11,23,2,09北投區,北投區北投路1段與大興街口側附近口,0,0,1,2,C03,7,6,5,50,4,1,1,5,4,5,13,1,1,5,4,4,2,17,1,18,2,9,5,1,7,12,1,10,1,12,,44,,1,21,,121.49968,25.1301731
112,12,16,12,21,2,05中正區,中正區林森南路69號與林森南路口,0,0,1,2,H01,8,5,5,50,3,2,1,5,4,5,13,1,1,5,5,4,2,9,2,47,2,9,4,5,8,18,8,20,10,16,16,121,,1,21,,121.5218802,25.03971679
112,12,16,12,21,2,05中正區,中正區林森南路69號與林森南路口,0,0,1,1,B03,8,5,5,50,3,2,1,5,4,5,13,1,1,5,5,4,2,9,2,60,3,10,7,1,7,6,1,8,1,1,1,108,,1,21,,121.5218802,25.03971679
112,12,16,12,32,2,11南港區,南港區玉成街與玉成街140巷口,0,0,2,1,C03,7,7,5,50,3,1,1,5,4,5,13,4,4,5,4,5,2,13,1,25,2,8,5,1,7,9,1,10,1,11,,108,,1,21,,121.5833734,25.0451421
112,12,16,12,32,2,11南港區,南港區玉成街與玉成街140巷口,0,0,2,2,C03,7,7,5,50,3,1,1,5,4,5,13,4,4,5,4,5,2,13,1,53,2,7,5,1,7,9,1,10,1,13,,44,,1,21,,121.5833734,25.0451421
112,12,16,13,15,2,03中山區,中山區一江街與松江路124巷口,0,0,1,1,B01,7,7,5,30,4,1,1,5,4,5,13,4,4,9,4,5,2,15,1,67,3,10,3,4,7,10,1,4,1,5,,72,,1,21,,121.5315216,25.0525985
112,12,16,13,15,2,03中山區,中山區一江街與松江路124巷口,0,0,1,2,C03,7,7,5,30,4,1,1,5,4,5,13,4,4,9,4,5,2,15,1,28,2,9,6,4,7,9,1,10,1,14,,44,,1,21,,121.5315216,25.0525985
112,12,16,13,28,2,08士林區,士林區中正路與承德路5段口,0,0,1,2,C03,7,6,5,50,14,9,1,5,4,5,13,4,4,3,3,5,1,17,1,23,2,7,5,1,7,9,1,10,1,12,,44,,1,21,,121.5169527,25.0915054
112,12,16,13,28,2,08士林區,士林區中正路與承德路5段口,0,0,1,1,B01,7,6,5,50,14,9,1,5,4,5,13,4,4,3,3,5,1,17,1,57,3,10,7,1,7,6,1,4,1,17,,101,,1,21,,121.5169527,25.0915054
112,12,16,13,31,2,03中山區,中山區民權東路2段178號,0,0,1,1,C03,8,7,5,50,14,9,1,5,4,5,13,4,4,1,4,5,2,13,1,64,2,9,5,1,7,9,1,10,1,11,,16,,1,22,,121.5357331,25.06234493
112,12,16,13,31,2,03中山區,中山區民權東路2段178號,0,0,1,2,C03,8,7,5,50,14,9,1,5,4,5,13,4,4,1,4,5,2,13,2,42,3,10,5,1,7,9,1,11,1,13,,44,,1,22,,121.5357331,25.06234493
112,12,16,13,55,2,07信義區,信義區市府路與松高路口口,0,0,2,2,C03,7,5,5,50,4,1,1,5,4,5,13,2,1,5,4,5,2,17,2,42,2,9,6,1,7,9,1,10,1,14,,44,,1,22,,121.5635526,25.0390845
112,12,16,13,55,2,07信義區,信義區市府路與松高路口口,0,0,2,1,C03,7,5,5,50,4,1,1,5,4,5,13,2,1,5,4,5,2,17,1,19,2,9,6,1,7,6,1,10,1,12,,17,,1,22,,121.5635526,25.0390845
112,12,16,14,10,2,03中山區,中山區大直橋上往南,0,0,1,1,B02,7,6,5,50,14,9,1,5,4,5,13,4,4,2,4,5,2,12,1,47,3,10,7,1,7,9,1,8,2,15,,13,,1,22,,121.5442555,25.0743564
112,12,16,14,10,2,03中山區,中山區大直橋上往南,0,0,1,2,C03,7,6,5,50,14,9,1,5,4,5,13,4,4,2,4,5,2,12,1,35,2,9,5,1,7,9,1,10,2,15,,44,,1,22,,121.5442555,25.0743564
112,12,16,14,20,2,02萬華區,萬華區環河快速道路往北,0,0,1,1,B03,7,6,7,70,14,7,1,5,4,5,13,4,4,1,4,5,1,17,1,61,3,10,3,4,7,9,1,8,1,1,,108,,1,22,,121.5056324,25.04893596
112,12,16,14,20,2,02萬華區,萬華區環河快速道路往北,0,0,1,2,B01,7,6,7,70,14,7,1,5,4,5,13,4,4,1,4,5,1,17,1,65,2,2,3,4,7,14,1,8,1,3,,44,,1,22,,121.5056324,25.04893596
112,12,16,14,29,2,01大同區,大同區民生西路與重慶北路2段口,0,0,2,2,C03,8,6,5,50,5,1,1,5,4,5,13,2,1,5,4,5,2,17,1,40,2,9,6,1,7,9,1,10,1,11,,44,,1,21,,121.5138316,25.0570655
112,12,16,14,29,2,01大同區,大同區民生西路與重慶北路2段口,0,0,2,1,C03,8,6,5,50,5,1,1,5,4,5,13,2,1,5,4,5,2,17,1,30,2,9,6,1,7,5,1,10,1,12,,74,,1,21,,121.5138316,25.0570655
112,12,16,14,51,2,03中山區,中山區北安路忠烈祠圓環前,0,0,2,3,H02,7,5,5,30,18,9,1,5,4,5,13,4,4,8,3,5,1,16,2,13,2,9,6,5,7,20,8,20,10,16,,67,,1,21,,121.5332765,25.0779389
112,12,16,14,51,2,03中山區,中山區北安路忠烈祠圓環前,0,0,2,2,C03,7,5,5,30,18,9,1,5,4,5,13,4,4,8,3,5,1,16,2,45,2,9,6,1,7,9,1,10,2,11,,44,,1,21,,121.5332765,25.0779389
112,12,16,14,51,2,03中山區,中山區北安路忠烈祠圓環前,0,0,2,1,B03,7,5,5,30,18,9,1,5,4,5,13,4,4,8,3,5,1,16,1,29,3,10,7,1,7,11,1,8,2,4,,10,,1,21,,121.5332765,25.0779389
112,12,16,16,5,2,03中山區,中山區建國北路1段與長安東路2段口,0,0,1,2,C03,7,5,5,50,4,1,1,5,4,5,13,1,1,1,3,5,1,16,1,22,2,3,6,4,7,9,1,10,1,14,,44,,1,21,,121.5368821,25.0484541
112,12,16,16,5,2,03中山區,中山區建國北路1段與長安東路2段口,0,0,1,1,B02,7,5,5,50,4,1,1,5,4,5,13,1,1,1,3,5,1,16,1,53,3,10,3,4,7,6,1,8,1,5,,9,,1,21,,121.5368821,25.0484541
112,12,16,16,32,2,11南港區,南港區南港路3段與南港路3段47巷口,0,0,1,1,B01,6,6,5,50,3,1,1,4,4,5,13,4,4,8,3,5,2,16,1,53,3,10,3,4,7,5,1,4,2,5,,71,,1,21,,121.5901044,25.0534544
112,12,16,16,32,2,11南港區,南港區南港路3段與南港路3段47巷口,0,0,1,2,C03,6,6,5,50,3,1,1,4,4,5,13,4,4,8,3,5,2,16,1,24,2,9,3,4,7,9,1,9,2,11,,44,,1,21,,121.5901044,25.0534544
112,12,16,16,33,2,05中正區,中正區思源街14號,0,0,1,1,B03,7,6,5,50,14,9,1,5,4,5,13,4,4,3,4,5,2,12,1,40,3,10,7,1,7,8,1,8,1,2,,80,,1,21,,121.5313277,25.0143429
112,12,16,16,33,2,05中正區,中正區思源街14號,0,0,1,2,C03,7,6,5,50,14,9,1,5,4,5,13,4,4,3,4,5,2,12,2,18,2,8,5,1,7,9,1,10,1,14,,13,,1,21,,121.5313277,25.0143429
112,12,16,16,49,2,10文山區,文山區辛亥路4段與辛亥路4段166巷口,0,0,1,2,C03,6,6,5,50,3,3,1,4,4,5,13,2,1,1,4,5,2,12,1,25,3,10,6,1,7,9,1,10,1,14,,44,,1,21,,121.5563773,25.0035996
112,12,16,16,49,2,10文山區,文山區辛亥路4段與辛亥路4段166巷口,0,0,1,1,C03,6,6,5,50,3,3,1,4,4,5,13,2,1,1,4,5,2,12,2,33,2,9,6,1,7,8,1,10,1,12,,101,,1,21,,121.5563773,25.0035996
112,12,16,17,15,2,08士林區,士林區至善路1段與復興橋口,0,0,1,2,C03,8,5,5,50,5,1,1,5,4,5,13,1,1,1,2,5,1,12,1,50,3,10,5,1,7,9,1,10,1,12,,17,,1,21,,121.5366565,25.09958731
112,12,16,17,15,2,08士林區,士林區至善路1段與復興橋口,0,0,1,3,H02,8,5,5,50,5,1,1,5,4,5,13,1,1,1,2,5,1,12,2,44,2,8,5,5,7,20,8,20,10,16,,67,,1,21,,121.5366565,25.09958731
112,12,16,17,15,2,08士林區,士林區至善路1段與復興橋口,0,0,1,1,B02,8,5,5,50,5,1,1,5,4,5,13,1,1,1,2,5,1,12,1,52,3,10,7,1,7,9,1,8,1,6,,17,,1,21,,121.5366565,25.09958731
112,12,16,17,35,2,06松山區,松山區松信路與市民大道6段口,0,0,2,1,C03,8,5,5,50,4,2,1,5,4,5,13,1,1,4,4,5,1,16,1,45,2,9,5,1,7,5,1,10,1,14,,8,,1,22,,121.5722521,25.049472
112,12,16,17,35,2,06松山區,松山區松信路與市民大道6段口,0,0,2,3,H02,8,5,5,50,4,2,1,5,4,5,13,1,1,4,4,5,1,16,2,47,2,8,5,1,7,5,7,19,1,14,,8,,1,22,,121.5722521,25.049472
112,12,16,17,35,2,06松山區,松山區松信路與市民大道6段口,0,0,2,2,B03,8,5,5,50,4,2,1,5,4,5,13,1,1,4,4,5,1,16,1,36,3,10,7,1,7,9,1,8,1,5,,44,,1,22,,121.5722521,25.049472
112,12,16,18,32,2,02萬華區,萬華區西園路2段11巷與西園路2段口,0,0,2,3,H02,7,5,5,50,4,1,1,5,4,5,13,2,1,1,4,5,2,17,2,19,2,6,6,5,7,20,8,20,10,16,,67,,1,21,,121.4975296,25.03194359
112,12,16,18,32,2,02萬華區,萬華區西園路2段11巷與西園路2段口,0,0,2,2,C03,7,5,5,50,4,1,1,5,4,5,13,2,1,1,4,5,2,17,2,18,2,8,6,1,7,9,1,10,1,14,,107,,1,21,,121.4975296,25.03194359
112,12,16,18,32,2,02萬華區,萬華區西園路2段11巷與西園路2段口,0,0,2,1,B01,7,5,5,50,4,1,1,5,4,5,13,2,1,1,4,5,2,17,1,49,3,10,7,1,7,6,1,4,1,5,,9,,1,21,,121.4975296,25.03194359
112,12,16,18,48,2,05中正區,中正區水源路153號,0,0,1,1,F01,8,5,5,60,14,9,1,5,4,5,13,4,4,1,4,5,2,17,1,53,2,7,2,4,7,9,8,20,1,11,,4,,2,22,,121.5158195,25.023595
112,12,16,18,48,2,05中正區,中正區水源路153號,0,0,1,2,B03,8,5,5,60,14,9,1,5,4,5,13,4,4,1,4,5,2,17,1,67,3,10,7,1,7,9,1,8,1,1,,44,,1,22,,121.5158195,25.023595
112,12,16,19,56,2,09北投區,北投區尊賢街與尊賢街242巷口,0,0,1,1,B03,7,5,5,30,4,1,1,5,4,5,13,4,4,10,5,5,2,16,2,60,3,10,7,1,7,6,1,8,1,8,,72,,1,21,,121.5073579,25.1167548
112,12,16,19,56,2,09北投區,北投區尊賢街與尊賢街242巷口,0,0,1,2,C03,7,5,5,30,4,1,1,5,4,5,13,4,4,10,5,5,2,16,1,22,2,9,5,1,7,9,1,10,1,14,,16,,1,21,,121.5073579,25.1167548
112,12,16,20,20,2,09北投區,北投區行義路與行義路85巷口,0,0,1,1,C03,7,5,5,50,3,1,1,5,1,5,13,4,4,5,5,5,2,13,1,54,2,9,5,1,7,9,1,10,1,11,,16,,1,21,,121.5284919,25.1268918
112,12,16,20,20,2,09北投區,北投區行義路與行義路85巷口,0,0,1,2,B03,7,5,5,50,3,1,1,5,1,5,13,4,4,5,5,5,2,13,1,65,3,10,7,1,7,12,1,8,1,3,,44,,1,21,,121.5284919,25.1268918
112,12,16,20,20,2,09北投區,北投區行義路與行義路85巷口,0,0,1,3,B12,7,5,5,50,3,1,1,5,1,5,13,4,4,5,5,5,2,13,2,64,3,10,7,1,7,15,1,8,1,17,,74,,1,21,,121.5284919,25.1268918
112,12,16,20,21,2,07信義區,信義區忠孝東路5段236弄與松高路口口,0,0,1,1,B03,6,5,5,50,4,1,1,4,4,5,13,2,1,5,4,5,2,2,1,58,3,10,7,1,7,5,1,8,1,8,,70,,1,22,,121.5718763,25.0391264
112,12,16,20,21,2,07信義區,信義區忠孝東路5段236弄與松高路口口,0,0,1,2,H01,6,5,5,50,4,1,1,4,4,5,13,2,1,5,4,5,2,2,1,23,2,9,4,5,8,16,8,20,1,16,,67,,1,22,,121.5718763,25.0391264
112,12,16,20,35,2,10文山區,文山區木柵路3段與保儀路口,0,0,1,2,H01,6,5,5,50,3,1,1,4,4,5,13,2,1,5,5,5,2,3,1,49,2,7,4,5,8,16,8,20,10,16,,67,,1,21,,121.5685295,24.98881769
112,12,16,20,35,2,10文山區,文山區木柵路3段與保儀路口,0,0,1,1,A04,6,5,5,50,3,1,1,4,4,5,13,2,1,5,5,5,2,3,4,0,,,,,,,,,,,,119,,2,,,121.5685295,24.98881769
112,12,16,20,49,2,02萬華區,萬華區桂林路與梧州街口,0,0,1,2,B03,7,5,5,50,4,1,1,5,4,5,13,4,4,5,5,5,2,3,1,67,3,10,7,1,7,9,1,8,2,8,,108,,1,21,,121.4977807,25.0385454
112,12,16,20,49,2,02萬華區,萬華區桂林路與梧州街口,0,0,1,1,H01,7,5,5,50,4,1,1,5,4,5,13,4,4,5,5,5,2,3,1,56,2,8,4,5,8,16,8,20,10,16,,121,,1,21,,121.4977807,25.0385454
112,12,16,20,51,2,10文山區,文山區興隆路3段與興隆路3段192巷口,0,0,1,1,C03,6,5,5,50,5,1,1,4,4,5,13,2,1,1,4,5,2,17,1,25,3,10,6,1,7,5,1,10,2,13,,71,,2,21,,121.5588021,24.9980356
112,12,16,20,51,2,10文山區,文山區興隆路3段與興隆路3段192巷口,0,0,1,2,C03,6,5,5,50,5,1,1,4,4,5,13,2,1,1,4,5,2,17,1,22,2,9,6,1,7,9,1,10,1,11,,44,,1,21,,121.5588021,24.9980356
112,12,16,20,56,2,10文山區,文山區木新路3段50巷與木新路3段50巷7弄口,0,0,1,1,B01,6,5,5,30,4,1,1,4,4,5,13,4,4,5,5,5,1,15,1,52,3,10,7,1,7,9,1,2,2,8,,72,,1,21,,121.5633597,24.9828936
112,12,16,20,56,2,10文山區,文山區木新路3段50巷與木新路3段50巷7弄口,0,0,1,2,C03,6,5,5,30,4,1,1,4,4,5,13,4,4,5,5,5,1,15,2,32,2,8,6,1,7,9,1,10,2,11,,107,,1,21,,121.5633597,24.9828936
112,12,16,21,24,2,04大安區,大安區忠孝東路3段與建國南路1段口,0,0,1,1,C03,6,5,5,50,4,2,1,4,4,5,13,1,1,10,5,5,2,17,2,19,2,7,5,1,7,6,1,10,1,12,,17,,1,21,,121.5374963,25.041806
112,12,16,21,24,2,04大安區,大安區忠孝東路3段與建國南路1段口,0,0,1,2,B03,6,5,5,50,4,2,1,4,4,5,13,1,1,10,5,5,2,17,1,24,3,10,7,1,7,6,1,8,1,4,,17,,1,21,,121.5374963,25.041806
112,12,16,21,28,2,05中正區,中正區愛國西路與公園路口,0,0,3,1,C03,8,6,5,50,4,1,1,5,4,5,13,2,1,1,4,5,2,16,1,19,2,8,5,1,7,5,1,10,2,14,,8,,1,22,,121.5147545,25.03525332
112,12,16,21,28,2,05中正區,中正區愛國西路與公園路口,0,0,3,3,H02,8,6,5,50,4,1,1,5,4,5,13,2,1,1,4,5,2,16,2,20,2,8,5,5,7,20,8,20,10,16,,67,,1,22,,121.5147545,25.03525332
112,12,16,21,28,2,05中正區,中正區愛國西路與公園路口,0,0,3,2,C03,8,6,5,50,4,1,1,5,4,5,13,2,1,1,4,5,2,16,1,57,2,9,6,1,7,9,1,10,2,12,,44,,1,22,,121.5147545,25.03525332
112,12,16,21,40,2,04大安區,大安區羅斯福路3段37號,0,0,1,2,B03,7,5,4,50,14,9,1,4,4,5,13,2,1,4,4,5,2,12,1,41,3,10,7,1,7,8,1,8,1,3,,44,,1,21,,121.5253049,25.02338838
112,12,16,21,40,2,04大安區,大安區羅斯福路3段37號,0,0,1,1,C03,7,5,4,50,14,9,1,4,4,5,13,2,1,4,4,5,2,12,2,19,2,8,6,1,7,9,1,10,1,11,,107,,1,21,,121.5253049,25.02338838