發生年度,發生月,發生日,發生時-Hours,發生分,處理別-編號,區序,肇事地點,死亡人數,2-30日死亡人數,受傷人數,當事人序號,車種,天候,光線,道路類別,速限-速度限制,道路型態,事故位置,路面狀況1,路面狀況2,路面狀況3,道路障礙1,道路障礙2,號誌1,號誌2,車道劃分-分向,車道劃分-分道1,車道劃分-分道2,車道劃分-分道3,事故類型及型態,性別,年齡,受傷程度,主要傷處,保護裝置,行動電話,車輛用途,當事者行動狀態,駕駛資格情形,駕駛執照種類,飲酒情形,車輛撞擊部位1,車輛撞擊部位2,肇因碼-個別,肇因碼-主要,個人肇逃否,職業,旅次目的,座標-X,座標-Y
112,12,18,11,0,2,09北投區,北投區光明路244號,0,0,1,2,B03,7,6,5,30,14,9,1,5,4,5,13,4,4,10,5,5,2,12,1,64,3,10,7,1,7,9,1,8,2,2,,13,,1,21,,121.507753,25.13653362
112,12,18,11,23,2,03中山區,中山區市民大道2段與林森北路口,0,0,2,2,B03,7,6,5,40,4,1,1,5,4,5,13,2,1,1,4,5,2,16,2,35,3,10,7,1,7,5,1,8,1,6,,44,,1,21,,121.5242263,25.0478749
112,12,18,11,23,2,03中山區,中山區市民大道2段與林森北路口,0,0,2,3,H02,7,6,5,40,4,1,1,5,4,5,13,2,1,1,4,5,2,16,1,21,2,9,7,5,7,20,8,20,10,16,,67,,1,21,,121.5242263,25.0478749
112,12,18,11,23,2,03中山區,中山區市民大道2段與林森北路口,0,0,2,1,C03,7,6,5,40,4,1,1,5,4,5,13,2,1,1,4,5,2,16,2,19,2,9,6,1,7,9,1,10,1,14,,17,,1,21,,121.5242263,25.0478749
112,12,18,11,28,2,06松山區,松山區延壽街330巷17弄與健康路225巷口,0,0,1,3,B01,8,6,5,30,4,1,1,5,4,5,13,4,4,10,5,5,2,15,1,68,3,10,7,4,7,9,1,4,9,17,,67,,1,21,,121.562333,25.05489433
112,12,18,11,28,2,06松山區,松山區延壽街330巷17弄與健康路225巷口,0,0,1,1,B03,8,6,5,30,4,1,1,5,4,5,13,4,4,10,5,5,2,15,1,41,3,10,7,4,7,9,1,8,1,4,,72,,1,21,,121.562333,25.05489433
112,12,18,11,28,2,06松山區,松山區延壽街330巷17弄與健康路225巷口,0,0,1,2,C03,8,6,5,30,4,1,1,5,4,5,13,4,4,10,5,5,2,15,1,28,2,9,6,4,7,9,1,10,1,11,,14,,1,21,,121.562333,25.05489433
112,12,18,11,43,2,02萬華區,萬華區大理街與西園路1段306巷口,0,0,1,1,B03,8,7,5,30,4,1,4,5,4,5,13,4,4,5,5,5,2,15,1,67,3,10,7,1,7,9,1,8,1,5,,72,,1,21,,121.499398,25.03448085
112,12,18,11,43,2,02萬華區,萬華區大理街與西園路1段306巷口,0,0,1,2,C03,8,7,5,30,4,1,4,5,4,5,13,4,4,5,5,5,2,15,1,32,2,9,5,1,7,9,1,10,1,14,,14,,1,21,,121.499398,25.03448085
112,12,18,11,50,2,06松山區,松山區北寧路18號,0,0,1,1,B01,8,5,5,50,14,7,1,5,4,5,13,4,4,9,4,4,1,12,1,46,3,10,7,1,7,11,1,4,1,4,,10,,1,22,,121.5526313,25.04886972
112,12,18,11,50,2,06松山區,松山區北寧路18號,0,0,1,2,C03,8,5,5,50,14,7,1,5,4,5,13,4,4,9,4,4,1,12,2,35,2,1,5,1,7,9,1,10,1,15,,108,,1,22,,121.5526313,25.04886972
112,12,18,11,55,2,03中山區,中山區遼寧街38號,0,0,1,2,H01,8,5,5,50,14,9,1,5,4,5,13,4,4,8,3,5,1,9,2,46,2,8,4,5,8,17,8,20,10,16,,67,,1,21,,121.5420816,25.04858104
112,12,18,11,55,2,03中山區,中山區遼寧街38號,0,0,1,1,B03,8,5,5,50,14,9,1,5,4,5,13,4,4,8,3,5,1,9,2,57,3,10,7,1,7,5,1,8,9,1,,107,,1,21,,121.5420816,25.04858104
112,12,18,12,5,2,12內湖區,內湖區內湖路1段91巷與文湖街口口,0,0,1,1,B03,8,6,5,30,4,18,1,5,4,5,13,2,1,10,5,5,2,3,2,27,3,10,7,1,7,5,1,8,1,1,,70,,1,21,,121.5628199,25.0866976
112,12,18,12,5,2,12內湖區,內湖區內湖路1段91巷與文湖街口口,0,0,1,2,H01,8,6,5,30,4,18,1,5,4,5,13,2,1,10,5,5,2,3,2,20,2,9,4,5,8,16,8,20,10,16,,67,,1,21,,121.5628199,25.0866976
112,12,18,12,10,2,09北投區,北投區湖山路1段第1207727號燈桿,0,0,1,1,A02,7,6,5,50,14,9,1,5,4,5,13,4,4,4,5,5,2,11,1,38,3,10,7,1,7,9,1,2,1,8,,99,,1,21,,121.5480864,25.1524825
112,12,18,12,10,2,09北投區,北投區湖山路1段第1207727號燈桿,0,0,1,3,H02,7,6,5,50,14,9,1,5,4,5,13,4,4,4,5,5,2,11,2,78,2,9,4,5,7,17,8,20,10,16,,67,,1,21,,121.5480864,25.1524825
112,12,18,12,10,2,09北投區,北投區湖山路1段第1207727號燈桿,0,0,1,2,B01,7,6,5,50,14,9,1,5,4,5,13,4,4,4,5,5,2,11,1,54,3,10,7,1,7,9,1,4,1,4,,44,,1,21,,121.5480864,25.1524825
112,12,18,12,13,2,03中山區,中山區市民大道3段與八德路2段210巷口,0,0,2,1,B03,8,6,5,40,3,2,1,5,4,5,13,2,1,1,4,5,2,16,1,70,3,10,3,4,7,6,1,8,1,2,,9,,1,21,,121.5395609,25.0447449
112,12,18,12,13,2,03中山區,中山區市民大道3段與八德路2段210巷口,0,0,2,2,C03,8,6,5,40,3,2,1,5,4,5,13,2,1,1,4,5,2,16,2,25,2,9,3,4,7,9,1,10,1,11,,44,,1,21,,121.5395609,25.0447449
112,12,18,12,13,2,03中山區,中山區市民大道3段與八德路2段210巷口,0,0,2,3,H02,8,6,5,40,3,2,1,5,4,5,13,2,1,1,4,5,2,16,2,26,2,9,3,5,7,20,8,20,10,16,,67,,1,21,,121.5395609,25.0447449
112,12,18,12,24,2,09北投區,北投區榮華一路20巷與榮華二路19巷口,0,0,1,2,H01,8,5,6,30,3,2,1,5,4,5,13,4,4,10,5,4,1,7,2,86,2,9,4,5,8,16,8,20,10,16,,67,,1,21,,121.5233234,25.1128632
112,12,18,12,24,2,09北投區,北投區榮華一路20巷與榮華二路19巷口,0,0,1,1,B03,8,5,6,30,3,2,1,5,4,5,13,4,4,10,5,4,1,7,1,52,3,10,7,1,7,2,1,8,2,3,,12,,1,21,,121.5233234,25.1128632
112,12,18,13,15,2,09北投區,北投區中央北路2段與大業路口,0,0,1,1,B02,8,6,5,50,4,1,1,5,4,5,13,2,1,1,4,5,1,16,1,42,3,10,2,1,7,5,1,8,2,5,,8,,1,21,,121.4971194,25.1360556
112,12,18,13,15,2,09北投區,北投區中央北路2段與大業路口,0,0,1,2,C03,8,6,5,50,4,1,1,5,4,5,13,2,1,1,4,5,1,16,1,66,2,9,5,1,7,9,1,10,2,11,,44,,1,21,,121.4971194,25.1360556
112,12,18,13,23,2,02萬華區,萬華區堤外便道果菜市場第三區停車場出入口前,0,0,1,1,B03,8,6,5,30,14,9,1,5,4,5,13,4,4,8,3,5,1,17,2,26,3,10,7,1,7,1,1,8,1,8,,19,,1,21,,121.5018977,25.0181285
112,12,18,13,23,2,02萬華區,萬華區堤外便道果菜市場第三區停車場出入口前,0,0,1,2,C03,8,6,5,30,14,9,1,5,4,5,13,4,4,8,3,5,1,17,2,39,2,8,5,1,7,9,1,10,1,11,,44,,1,21,,121.5018977,25.0181285
112,12,18,14,7,2,04大安區,大安區羅斯福路3段與羅斯福路3段17巷口口,0,0,1,1,C03,8,5,5,50,3,1,1,5,4,5,13,4,4,8,3,4,1,13,2,29,2,9,5,1,7,8,1,10,1,11,,16,,1,21,,121.5250365,25.0237891
112,12,18,14,7,2,04大安區,大安區羅斯福路3段與羅斯福路3段17巷口口,0,0,1,2,C03,8,5,5,50,3,1,1,5,4,5,13,4,4,8,3,4,1,13,1,21,3,10,5,1,7,9,1,10,1,13,,44,,1,21,,121.5250365,25.0237891
112,12,18,14,7,2,04大安區,大安區羅斯福路3段與羅斯福路3段17巷口口,0,0,1,3,C03,8,5,5,50,3,1,1,5,4,5,13,4,4,8,3,4,1,13,1,72,3,10,5,1,7,9,1,10,1,12,,44,,1,21,,121.5250365,25.0237891
112,12,18,14,45,2,09北投區,北投區裕民一路40巷與振華街口,0,0,1,2,C03,8,5,5,50,3,2,1,5,4,5,13,4,4,7,4,5,1,16,1,29,2,9,5,1,7,9,1,10,2,11,,14,,1,21,,121.5178062,25.1159275
112,12,18,14,45,2,09北投區,北投區裕民一路40巷與振華街口,0,0,1,1,B03,8,5,5,50,3,2,1,5,4,5,13,4,4,7,4,5,1,16,1,42,3,10,7,1,7,5,1,8,2,1,,74,,1,21,,121.5178062,25.1159275
112,12,18,14,55,2,03中山區,中山區濱江街337號,0,0,1,1,B03,8,7,5,40,14,8,1,5,4,5,13,4,4,1,4,4,2,13,1,65,3,10,7,1,7,1,1,8,1,3,,19,,1,21,,121.5481139,25.07234373
112,12,18,14,55,2,03中山區,中山區濱江街337號,0,0,1,2,C03,8,7,5,40,14,8,1,5,4,5,13,4,4,1,4,4,2,13,1,53,2,1,6,1,7,9,1,10,1,11,,108,,1,21,,121.5481139,25.07234373
112,12,18,15,0,2,08士林區,士林區承德路5段與承德路5段150巷口,0,0,1,1,B03,8,6,5,50,4,1,1,5,4,5,13,1,1,1,4,5,2,17,1,65,3,10,3,4,7,6,1,8,1,6,,9,,1,21,,121.5131558,25.0977944
112,12,18,15,0,2,08士林區,士林區承德路5段與承德路5段150巷口,0,0,1,2,C03,8,6,5,50,4,1,1,5,4,5,13,1,1,1,4,5,2,17,1,31,2,8,5,1,7,9,1,10,1,14,,44,,1,21,,121.5131558,25.0977944
112,12,18,15,6,2,07信義區,信義區基隆路2段131-2號,0,0,1,2,H02,8,6,5,50,14,9,1,5,4,5,13,4,4,1,4,5,2,9,2,79,2,7,4,5,7,17,8,20,10,16,,67,,1,21,,121.5568355,25.0283584
112,12,18,15,6,2,07信義區,信義區基隆路2段131-2號,0,0,1,1,A04,8,6,5,50,14,9,1,5,4,5,13,4,4,1,4,5,2,9,1,62,3,10,7,1,7,12,1,3,2,10,,14,,1,21,,121.5568355,25.0283584
112,12,18,15,34,2,12內湖區,內湖區民權東路6段81巷與民權東路6段81巷11弄口,0,0,2,1,C03,8,6,5,30,3,1,1,5,4,5,13,4,4,10,5,5,2,17,1,75,2,8,5,1,7,5,1,10,1,12,,80,,1,21,,121.587841,25.06963756
112,12,18,15,34,2,12內湖區,內湖區民權東路6段81巷與民權東路6段81巷11弄口,0,0,2,2,C03,8,6,5,30,3,1,1,5,4,5,13,4,4,10,5,5,2,17,1,33,2,7,5,1,7,9,1,10,1,11,,13,,1,21,,121.587841,25.06963756
112,12,18,15,44,2,10文山區,文山區興隆路2段與興隆路2段244巷口,0,0,2,1,C03,8,6,5,50,3,1,1,5,4,5,13,4,4,1,4,5,2,16,1,24,2,9,6,1,7,9,1,10,1,11,,16,,1,21,,121.5537296,25.0011302
112,12,18,15,44,2,10文山區,文山區興隆路2段與興隆路2段244巷口,0,0,2,2,C03,8,6,5,50,3,1,1,5,4,5,13,4,4,1,4,5,2,16,1,24,2,9,6,1,7,11,1,10,1,14,,10,,1,21,,121.5537296,25.0011302
112,12,18,15,54,2,09北投區,北投區明德路與懷德街口,0,0,1,1,C03,8,6,5,50,4,1,1,5,4,5,13,2,1,5,4,5,2,13,1,33,3,10,5,1,7,9,1,10,1,11,,107,,1,21,,121.5202139,25.10990391
112,12,18,15,54,2,09北投區,北投區明德路與懷德街口,0,0,1,2,F01,8,6,5,50,4,1,1,5,4,5,13,2,1,5,4,5,2,13,2,61,2,9,4,1,7,9,8,20,1,13,,44,,1,21,,121.5202139,25.10990391
112,12,18,15,59,2,08士林區,士林區延平北路7段106巷94弄與延平北路7段口河濱便道口,0,0,1,1,B03,8,6,5,30,3,1,1,5,4,5,13,4,4,10,5,5,2,17,1,70,3,10,3,4,7,6,1,8,1,8,,72,,1,21,,121.4962409,25.0991235
112,12,18,15,59,2,08士林區,士林區延平北路7段106巷94弄與延平北路7段口河濱便道口,0,0,1,2,C03,8,6,5,30,3,1,1,5,4,5,13,4,4,10,5,5,2,17,1,72,2,9,3,4,7,9,1,10,1,12,,44,,1,21,,121.4962409,25.0991235
112,12,18,16,12,2,07信義區,信義區吳興街450巷與吳興街450巷5弄口,0,0,1,1,C03,8,6,5,30,4,1,1,5,4,5,13,4,4,10,5,5,1,15,1,37,3,10,3,4,7,9,1,9,1,14,,80,,1,22,,121.5685013,25.02386469
112,12,18,16,12,2,07信義區,信義區吳興街450巷與吳興街450巷5弄口,0,0,1,2,C03,8,6,5,30,4,1,1,5,4,5,13,4,4,10,5,5,1,15,2,56,2,9,3,4,7,9,1,10,1,11,,14,,1,22,,121.5685013,25.02386469
112,12,18,16,20,2,11南港區,南港區忠孝東路7段與忠孝東路7段415巷口,0,0,1,1,B03,8,7,5,50,3,2,1,5,4,5,13,1,1,5,4,5,2,17,1,32,3,10,7,1,7,6,1,8,1,6,,9,,1,21,,121.6091031,25.0524192
112,12,18,16,20,2,11南港區,南港區忠孝東路7段與忠孝東路7段415巷口,0,0,1,2,C03,8,7,5,50,3,2,1,5,4,5,13,1,1,5,4,5,2,17,1,19,2,8,5,1,7,9,1,10,1,14,,44,,1,21,,121.6091031,25.0524192
112,12,18,16,24,2,03中山區,中山區農安街227巷9弄與農安街227巷口,0,0,1,6,C03,8,6,8,30,3,2,1,5,4,5,13,4,4,10,5,5,2,17,3,29,,,,,,,,,,,,67,,1,,,121.5339016,25.0659294
112,12,18,16,24,2,03中山區,中山區農安街227巷9弄與農安街227巷口,0,0,1,5,C03,8,6,8,30,3,2,1,5,4,5,13,4,4,10,5,5,2,17,3,0,,,,,,,,,,,,67,,1,,,121.5339016,25.0659294
112,12,18,16,24,2,03中山區,中山區農安街227巷9弄與農安街227巷口,0,0,1,4,C03,8,6,8,30,3,2,1,5,4,5,13,4,4,10,5,5,2,17,3,45,,,,,,,,,,,,67,,1,,,121.5339016,25.0659294
112,12,18,16,24,2,03中山區,中山區農安街227巷9弄與農安街227巷口,0,0,1,3,C03,8,6,8,30,3,2,1,5,4,5,13,4,4,10,5,5,2,17,3,57,,,,,,,,,,,,67,,1,,,121.5339016,25.0659294
112,12,18,16,24,2,03中山區,中山區農安街227巷9弄與農安街227巷口,0,0,1,1,B03,8,6,8,30,3,2,1,5,4,5,13,4,4,10,5,5,2,17,1,74,3,10,3,4,7,5,1,10,1,5,,72,,1,21,,121.5339016,25.0659294
112,12,18,16,24,2,03中山區,中山區農安街227巷9弄與農安街227巷口,0,0,1,2,C03,8,6,8,30,3,2,1,5,4,5,13,4,4,10,5,5,2,17,1,21,2,9,3,4,7,9,1,10,1,11,,44,,1,21,,121.5339016,25.0659294
112,12,18,16,37,2,03中山區,中山區建國北路2段12號,0,0,1,1,B12,8,5,5,50,14,9,1,5,4,5,13,4,4,1,3,5,1,13,1,40,3,10,7,1,7,9,1,8,2,1,,107,,1,21,,121.5365566,25.05266206
112,12,18,16,37,2,03中山區,中山區建國北路2段12號,0,0,1,2,C03,8,5,5,50,14,9,1,5,4,5,13,4,4,1,3,5,1,13,1,19,2,8,6,1,7,14,1,10,2,13,,44,,1,21,,121.5365566,25.05266206
112,12,18,16,40,2,02萬華區,萬華區東園街與東園街35巷口,0,0,2,2,C03,8,7,5,50,3,1,1,5,4,5,13,1,1,5,4,5,2,17,1,70,2,9,6,1,7,9,1,10,1,11,,44,,1,21,,121.4957643,25.0274897
112,12,18,16,40,2,02萬華區,萬華區東園街與東園街35巷口,0,0,2,1,C03,8,7,5,50,3,1,1,5,4,5,13,1,1,5,4,5,2,17,2,75,2,8,6,1,7,5,1,10,1,12,,80,,1,21,,121.4957643,25.0274897
112,12,18,17,10,2,03中山區,中山區市民大道3段3號,0,0,1,3,C03,8,5,5,40,14,9,1,5,4,5,13,4,4,1,3,5,1,13,1,25,3,10,6,1,7,9,1,10,1,13,,44,,1,21,,121.5313607,25.0459818
112,12,18,17,10,2,03中山區,中山區市民大道3段3號,0,0,1,2,C03,8,5,5,40,14,9,1,5,4,5,13,4,4,1,3,5,1,13,1,57,3,10,6,1,7,9,1,10,1,13,,44,,1,21,,121.5313607,25.0459818
112,12,18,17,10,2,03中山區,中山區市民大道3段3號,0,0,1,1,C03,8,5,5,40,14,9,1,5,4,5,13,4,4,1,3,5,1,13,1,29,2,9,6,1,7,9,1,10,1,11,,16,,1,21,,121.5313607,25.0459818
112,12,18,17,28,2,01大同區,大同區忠孝西路2段與西寧北路口,0,0,1,1,C03,7,5,5,50,4,1,1,5,4,5,13,1,1,5,2,5,2,17,2,60,2,9,5,1,7,6,1,10,2,15,,9,,1,21,,121.507485,25.0485889
112,12,18,17,28,2,01大同區,大同區忠孝西路2段與西寧北路口,0,0,1,2,B03,7,5,5,50,4,1,1,5,4,5,13,1,1,5,2,5,2,17,2,72,3,10,7,1,7,6,1,8,2,1,,44,,1,21,,121.507485,25.0485889
112,12,18,17,32,2,10文山區,文山區木柵路4段與木柵路4段33巷口,0,0,2,3,H02,8,5,5,50,3,1,1,5,4,5,13,2,1,5,2,5,2,17,2,13,2,8,5,5,7,20,8,20,10,17,,67,,1,21,,121.5715397,24.9940823
112,12,18,17,32,2,10文山區,文山區木柵路4段與木柵路4段33巷口,0,0,2,1,C03,8,5,5,50,3,1,1,5,4,5,13,2,1,5,2,5,2,17,2,54,2,9,5,4,7,5,1,10,2,11,,74,,1,21,,121.5715397,24.9940823
112,12,18,17,32,2,10文山區,文山區木柵路4段與木柵路4段33巷口,0,0,2,2,C03,8,5,5,50,3,1,1,5,4,5,13,2,1,5,2,5,2,17,1,19,3,10,5,4,7,9,1,10,2,11,,42,,1,21,,121.5715397,24.9940823
112,12,18,17,35,2,06松山區,松山區三民路10號對面,0,0,1,2,C03,7,5,5,50,14,9,1,5,4,5,13,2,1,5,4,5,2,11,2,58,2,8,6,1,7,9,1,10,1,15,,101,,1,22,,121.5637883,25.0523826
112,12,18,17,35,2,06松山區,松山區三民路10號對面,0,0,1,1,B01,7,5,5,50,14,9,1,5,4,5,13,2,1,5,4,5,2,11,1,61,3,10,7,1,7,9,1,4,1,5,,67,,1,22,,121.5637883,25.0523826
112,12,18,17,35,2,11南港區,南港區昆陽街與昆陽街191巷口,0,0,1,1,B03,7,5,5,50,3,2,1,5,4,5,13,4,4,5,4,5,2,17,1,69,3,10,7,1,7,5,1,8,1,5,,8,,1,21,,121.5934641,25.0481758
112,12,18,17,35,2,11南港區,南港區昆陽街與昆陽街191巷口,0,0,1,2,C03,7,5,5,50,3,2,1,5,4,5,13,4,4,5,4,5,2,17,2,66,2,8,5,1,7,14,1,10,1,11,,44,,1,21,,121.5934641,25.0481758
112,12,18,17,40,2,10文山區,文山區萬壽路與萬壽路口,0,0,1,1,B03,7,5,5,40,3,1,1,5,4,5,13,4,4,4,5,5,2,1,2,44,3,10,7,1,7,6,1,8,2,1,,70,,1,21,,121.5765461,24.98827797
112,12,18,17,40,2,10文山區,文山區萬壽路與萬壽路口,0,0,1,2,H01,7,5,5,40,3,1,1,5,4,5,13,4,4,4,5,5,2,1,1,22,2,9,4,5,8,16,8,20,10,16,,67,,1,21,,121.5765461,24.98827797
112,12,18,17,44,2,03中山區,中山區中山北路1段與市民大道1段口,0,0,1,1,B03,8,6,5,50,4,2,1,5,4,5,13,2,1,1,4,5,2,16,1,23,3,10,3,4,7,6,1,8,1,2,,9,,1,21,,121.5210519,25.04815447
112,12,18,17,44,2,03中山區,中山區中山北路1段與市民大道1段口,0,0,1,2,C03,8,6,5,50,4,2,1,5,4,5,13,2,1,1,4,5,2,16,2,19,2,9,3,4,7,9,1,10,1,12,,44,,1,21,,121.5210519,25.04815447
112,12,18,18,5,2,06松山區,松山區南京東路5段6號與光復北路口,0,0,1,3,C03,7,5,5,50,4,2,1,5,4,5,13,2,1,8,3,4,1,13,2,18,3,10,5,1,7,5,1,8,1,11,,16,,1,21,,121.5582477,25.0514154
112,12,18,18,5,2,06松山區,松山區南京東路5段6號與光復北路口,0,0,1,1,C03,7,5,5,50,4,2,1,5,4,5,13,2,1,8,3,4,1,13,1,33,3,10,5,1,7,5,1,10,1,17,,44,,1,21,,121.5582477,25.0514154
112,12,18,18,5,2,06松山區,松山區南京東路5段6號與光復北路口,0,0,1,4,H02,7,5,5,50,4,2,1,5,4,5,13,2,1,8,3,4,1,13,2,17,2,9,5,5,7,21,8,20,10,16,,67,,1,21,,121.5582477,25.0514154
112,12,18,18,5,2,06松山區,松山區南京東路5段6號與光復北路口,0,0,1,2,B03,7,5,5,50,4,2,1,5,4,5,13,2,1,8,3,4,1,13,2,41,3,10,7,1,7,5,1,8,1,1,,16,,1,21,,121.5582477,25.0514154
112,12,18,18,21,2,08士林區,士林區中山北路6段與中山北路6段405巷口,0,0,1,1,B03,8,5,5,50,4,1,1,5,4,5,13,2,1,1,2,5,2,17,1,41,3,10,7,1,7,9,1,8,1,1,,86,,1,21,,121.5278125,25.1151469
112,12,18,18,21,2,08士林區,士林區中山北路6段與中山北路6段405巷口,0,0,1,2,C03,8,5,5,50,4,1,1,5,4,5,13,2,1,1,2,5,2,17,1,53,2,9,6,1,7,5,1,10,1,13,,8,,1,21,,121.5278125,25.1151469
112,12,18,19,16,2,08士林區,士林區延平北路7段106巷與洲美快速道路口橋下,0,0,2,1,C03,7,5,5,50,3,1,1,5,4,5,13,4,4,10,5,5,2,12,1,24,2,9,5,1,7,9,1,10,1,12,,14,,1,21,,121.4971228,25.0969604
112,12,18,19,16,2,08士林區,士林區延平北路7段106巷與洲美快速道路口橋下,0,0,2,2,F01,7,5,5,50,3,1,1,5,4,5,13,4,4,10,5,5,2,12,1,66,2,9,4,1,7,1,8,20,1,14,,19,,1,21,,121.4971228,25.0969604
112,12,18,19,20,2,09北投區,北投區承德路7段與立賢路口與尊賢街243巷口,0,0,1,1,B03,8,5,5,50,4,1,1,5,4,5,13,2,1,1,4,5,2,17,2,23,3,10,7,1,7,5,1,8,1,4,,44,,1,22,,121.5051898,25.1161602
112,12,18,19,20,2,09北投區,北投區承德路7段與立賢路口與尊賢街243巷口,0,0,1,2,F01,8,5,5,50,4,1,1,5,4,5,13,2,1,1,4,5,2,17,1,49,2,9,4,1,7,9,8,20,1,11,,81,,1,22,,121.5051898,25.1161602
112,12,18,19,29,2,07信義區,信義區嘉興街215號,0,0,1,2,B03,8,5,5,30,14,9,1,5,4,5,13,4,4,5,2,5,2,13,1,48,3,10,7,1,7,12,1,8,1,6,,14,,1,21,,121.5563181,25.0261139
112,12,18,19,29,2,07信義區,信義區嘉興街215號,0,0,1,1,C03,8,5,5,30,14,9,1,5,4,5,13,4,4,5,2,5,2,13,2,20,2,9,5,1,7,9,1,10,1,11,,16,,1,21,,121.5563181,25.0261139
112,12,18,19,46,2,07信義區,信義區莊敬路336號與吳興街269巷1弄口,0,0,2,2,C03,8,5,5,50,3,2,1,5,4,5,13,4,4,5,4,4,2,16,2,30,2,8,6,1,7,9,1,10,2,14,,44,,1,21,,121.5639186,25.0279173
112,12,18,19,46,2,07信義區,信義區莊敬路336號與吳興街269巷1弄口,0,0,2,1,C02,8,5,5,50,3,2,1,5,4,5,13,4,4,5,4,4,2,16,1,20,2,8,6,1,7,6,1,9,2,12,,9,,1,21,,121.5639186,25.0279173
112,12,18,19,47,2,08士林區,士林區通河東街1段157號,0,0,1,1,C03,8,5,5,30,14,9,1,5,4,5,13,4,4,10,5,5,1,18,2,23,2,9,3,4,7,9,1,10,1,12,,108,,1,22,,121.5166477,25.0873295
112,12,18,19,47,2,08士林區,士林區通河東街1段157號,0,0,1,2,B12,8,5,5,30,14,9,1,5,4,5,13,4,4,10,5,5,1,18,3,57,,,,,,,,,,,,67,,1,,,121.5166477,25.0873295
112,12,18,20,6,2,06松山區,松山區市民大道4段223號,0,0,1,2,C03,8,5,5,40,14,9,1,5,4,5,13,4,4,9,4,5,2,17,1,21,2,9,6,1,7,9,3,18,1,14,,42,,1,22,,121.5535335,25.04452245
112,12,18,20,6,2,06松山區,松山區市民大道4段223號,0,0,1,1,B03,8,5,5,40,14,9,1,5,4,5,13,4,4,9,4,5,2,17,1,55,3,10,7,1,7,8,1,8,9,17,,100,,1,22,,121.5535335,25.04452245
112,12,18,21,19,2,02萬華區,萬華區桂林路246巷34號,0,0,1,2,B02,8,5,5,30,14,9,1,5,4,5,13,4,4,10,5,5,2,13,2,46,3,10,7,4,7,14,1,8,1,3,,44,,1,21,,121.4929512,25.03713009
112,12,18,21,19,2,02萬華區,萬華區桂林路246巷34號,0,0,1,1,C03,8,5,5,30,14,9,1,5,4,5,13,4,4,10,5,5,2,13,1,48,2,8,5,1,7,9,1,9,1,11,,13,,1,21,,121.4929512,25.03713009
112,12,18,21,19,2,03中山區,中山區中山北路3段181號,0,0,3,3,H02,8,5,5,50,14,9,1,5,4,5,13,4,4,2,4,5,2,12,2,39,2,9,5,5,7,20,8,20,10,16,,67,,1,21,,121.5238439,25.07177119
112,12,18,21,19,2,03中山區,中山區中山北路3段181號,0,0,3,2,C03,8,5,5,50,14,9,1,5,4,5,13,4,4,2,4,5,2,12,1,40,2,9,5,1,7,9,1,10,2,13,14,44,,1,21,,121.5238439,25.07177119
112,12,18,21,19,2,03中山區,中山區中山北路3段181號,0,0,3,1,C03,8,5,5,50,14,9,1,5,4,5,13,4,4,2,4,5,2,12,1,46,2,9,5,1,7,7,6,10,2,11,12,100,,1,21,,121.5238439,25.07177119
112,12,18,21,30,2,05中正區,中正區羅斯福路2段與和平西路1段口,0,0,1,2,B03,8,5,5,50,4,1,1,5,4,5,13,1,1,3,4,5,2,15,2,62,3,10,7,1,7,9,1,8,2,8,,44,,1,21,,121.5222375,25.0271929
112,12,18,21,30,2,05中正區,中正區羅斯福路2段與和平西路1段口,0,0,1,1,C04,8,5,5,50,4,1,1,5,4,5,13,1,1,3,4,5,2,15,2,22,2,9,6,1,7,9,1,10,2,12,,42,,1,21,,121.5222375,25.0271929
112,12,18,22,0,2,07信義區,信義區松隆路與松信路口,0,0,1,1,B03,8,5,5,50,4,1,1,5,4,5,13,1,1,5,4,4,2,16,1,20,3,10,7,1,7,6,1,8,1,5,,71,,1,21,,121.572089,25.0468989
112,12,18,22,0,2,07信義區,信義區松隆路與松信路口,0,0,1,2,C03,8,5,5,50,4,1,1,5,4,5,13,1,1,5,4,4,2,16,2,28,2,8,6,1,7,9,1,10,1,14,,44,,1,21,,121.572089,25.0468989
112,12,18,22,35,2,05中正區,中正區中華路1段與秀山街口,0,0,1,1,C03,8,5,5,50,3,2,1,5,4,5,13,4,4,1,4,1,2,17,2,26,3,10,5,1,7,9,1,10,9,13,,44,,1,21,,121.508758,25.04309733
112,12,18,22,35,2,05中正區,中正區中華路1段與秀山街口,0,0,1,2,C03,8,5,5,50,3,2,1,5,4,5,13,4,4,1,4,1,2,17,1,31,2,9,5,1,7,9,1,10,2,12,,16,,1,21,,121.508758,25.04309733
112,12,18,23,30,2,08士林區,士林區承德橋NO.7010611燈桿,0,0,1,2,C03,8,6,5,40,14,11,1,5,4,5,13,4,4,8,4,4,1,17,1,29,2,9,5,1,7,9,1,10,2,12,,107,,1,21,,121.5209666,25.07727908