發生年度,發生月,發生日,發生時-Hours,發生分,處理別-編號,區序,肇事地點,死亡人數,2-30日死亡人數,受傷人數,當事人序號,車種,天候,光線,道路類別,速限-速度限制,道路型態,事故位置,路面狀況1,路面狀況2,路面狀況3,道路障礙1,道路障礙2,號誌1,號誌2,車道劃分-分向,車道劃分-分道1,車道劃分-分道2,車道劃分-分道3,事故類型及型態,性別,年齡,受傷程度,主要傷處,保護裝置,行動電話,車輛用途,當事者行動狀態,駕駛資格情形,駕駛執照種類,飲酒情形,車輛撞擊部位1,車輛撞擊部位2,肇因碼-個別,肇因碼-主要,個人肇逃否,職業,旅次目的,座標-X,座標-Y
112,12,18,23,30,2,08士林區,士林區承德橋NO.7010611燈桿,0,0,1,1,C03,8,6,5,40,14,11,1,5,4,5,13,4,4,8,4,4,1,17,1,21,3,10,5,1,7,14,1,10,2,14,,38,,1,21,,121.5209666,25.07727908
112,12,18,23,56,2,10文山區,文山區木新路2段與永安街22巷口,0,0,1,1,C03,7,5,5,50,3,1,1,5,4,5,13,2,1,10,5,5,2,16,1,21,3,10,5,1,7,5,1,10,1,17,,71,,1,21,,121.5706652,24.9865402
112,12,18,23,56,2,10文山區,文山區木新路2段與永安街22巷口,0,0,1,2,C03,7,5,5,50,3,1,1,5,4,5,13,2,1,10,5,5,2,16,1,20,2,9,5,1,7,9,1,10,1,14,,44,,1,21,,121.5706652,24.9865402
112,12,19,6,9,2,05中正區,中正區牯嶺街與廈門街口,0,0,1,2,B03,8,5,5,50,3,2,1,5,4,5,13,1,1,5,2,5,2,17,2,43,3,10,3,4,7,13,1,8,11,7,,44,,1,21,,121.5182168,25.0276927
112,12,19,6,9,2,05中正區,中正區牯嶺街與廈門街口,0,0,1,1,C03,8,5,5,50,3,2,1,5,4,5,13,1,1,5,2,5,2,17,1,64,2,9,5,1,7,6,6,10,2,11,,107,,1,21,,121.5182168,25.0276927
112,12,19,6,45,2,08士林區,士林區士東路91巷36號,0,0,1,1,B01,7,7,5,30,14,9,1,5,4,5,13,4,4,9,5,5,2,12,1,39,3,10,3,4,7,4,1,4,2,2,,1,,1,21,,121.529761,25.1138966
112,12,19,6,45,2,08士林區,士林區士東路91巷36號,0,0,1,2,C03,7,7,5,30,14,9,1,5,4,5,13,4,4,9,5,5,2,12,1,42,2,9,3,4,7,9,1,10,2,14,,44,,1,21,,121.529761,25.1138966
112,12,19,7,17,2,10文山區,文山區和平東路4段與萬美街1段口,0,0,2,2,C03,7,6,5,40,3,2,2,5,4,5,13,2,1,5,4,5,2,17,1,42,2,9,5,4,7,9,1,10,2,11,,13,,1,21,,121.5718947,25.00236874
112,12,19,7,17,2,10文山區,文山區和平東路4段與萬美街1段口,0,0,2,1,B03,7,6,5,40,3,2,2,5,4,5,13,2,1,5,4,5,2,17,2,38,2,6,3,4,7,5,1,8,2,2,,71,,1,21,,121.5718947,25.00236874
112,12,19,7,22,2,07信義區,信義區莊敬路與莊敬路6巷口,0,0,2,1,C03,7,7,5,50,3,2,1,5,4,5,13,4,4,9,4,5,2,17,1,28,2,8,6,1,7,6,1,10,1,12,,9,,1,21,,121.5612663,25.0325378
112,12,19,7,22,2,07信義區,信義區莊敬路與莊敬路6巷口,0,0,2,2,C03,7,7,5,50,3,2,1,5,4,5,13,4,4,9,4,5,2,17,2,30,2,8,6,1,7,15,1,10,1,11,,44,,1,21,,121.5612663,25.0325378
112,12,19,7,26,2,12內湖區,內湖區瑞光路194號對面,0,0,1,1,C03,8,7,5,50,14,9,1,5,4,5,13,4,4,5,4,5,2,13,1,20,2,9,5,1,7,9,1,10,1,11,,108,,1,21,,121.5774531,25.074875
112,12,19,7,26,2,12內湖區,內湖區瑞光路194號對面,0,0,1,2,B03,8,7,5,50,14,9,1,5,4,5,13,4,4,5,4,5,2,13,1,50,3,10,7,1,7,9,1,8,1,6,,44,,1,21,,121.5774531,25.074875
112,12,19,7,32,2,10文山區,文山區羅斯福路6段與車前路口,0,0,1,1,C03,7,6,5,50,3,2,1,5,4,5,13,2,1,1,4,5,2,13,1,39,2,9,6,1,7,9,1,9,1,11,,16,,1,22,,121.5403274,24.9918497
112,12,19,7,32,2,10文山區,文山區羅斯福路6段與車前路口,0,0,1,2,B12,7,6,5,50,3,2,1,5,4,5,13,2,1,1,4,5,2,13,2,61,3,10,7,1,7,14,1,8,1,6,,44,,1,22,,121.5403274,24.9918497
112,12,19,7,34,2,01大同區,大同區民族西路75巷與承德路3段176巷口,0,0,1,1,B03,7,7,5,30,3,1,1,5,4,5,13,4,4,10,5,5,2,15,1,56,3,10,3,4,7,9,1,8,1,8,,72,,1,21,,121.5180727,25.06911898
112,12,19,7,34,2,01大同區,大同區民族西路75巷與承德路3段176巷口,0,0,1,3,B03,7,7,5,30,3,1,1,5,4,5,13,4,4,10,5,5,2,15,1,67,3,10,3,4,7,13,1,8,9,17,,44,,1,21,,121.5180727,25.06911898
112,12,19,7,34,2,01大同區,大同區民族西路75巷與承德路3段176巷口,0,0,1,2,C03,7,7,5,30,3,1,1,5,4,5,13,4,4,10,5,5,2,15,1,56,2,9,5,1,7,9,1,10,1,11,,108,,1,21,,121.5180727,25.06911898
112,12,19,8,8,2,02萬華區,萬華區環河南路2段與和平西路3段口,0,0,1,1,A02,7,7,5,50,4,2,1,5,4,5,13,1,1,1,4,5,1,17,1,52,3,10,7,1,7,6,1,2,1,2,,42,,1,22,,121.4944069,25.0353109
112,12,19,8,8,2,02萬華區,萬華區環河南路2段與和平西路3段口,0,0,1,2,C03,7,7,5,50,4,2,1,5,4,5,13,1,1,1,4,5,1,17,1,42,2,9,5,1,7,9,1,10,1,11,,42,,1,22,,121.4944069,25.0353109
112,12,19,8,10,2,08士林區,士林區雙溪街與雨聲街51巷口,0,0,1,1,C03,8,5,8,0,22,22,1,5,4,5,13,4,4,10,5,5,1,17,1,21,3,10,5,1,7,5,1,10,1,14,,8,,1,21,,121.5284752,25.10084869
112,12,19,8,10,2,08士林區,士林區雙溪街與雨聲街51巷口,0,0,1,2,C03,8,5,8,0,22,22,1,5,4,5,13,4,4,10,5,5,1,17,2,28,2,9,5,1,7,9,1,10,1,12,,5,,1,21,,121.5284752,25.10084869
112,12,19,8,25,2,06松山區,松山區民權大橋西往東第1支燈桿,0,0,1,1,C03,7,6,5,40,14,11,1,5,4,5,13,4,4,1,4,5,2,13,1,40,3,10,6,4,7,9,1,10,1,11,,16,,1,21,,121.5664617,25.06323843
112,12,19,8,25,2,06松山區,松山區民權大橋西往東第1支燈桿,0,0,1,2,C03,7,6,5,40,14,11,1,5,4,5,13,4,4,1,4,5,2,13,1,66,2,9,6,4,7,9,1,10,1,13,,44,,1,21,,121.5664617,25.06323843
112,12,19,8,25,2,06松山區,松山區民權大橋西往東第1支燈桿,0,0,1,3,C03,7,6,5,40,14,11,1,5,4,5,13,4,4,1,4,5,2,13,1,33,3,10,6,4,7,9,1,10,1,11,,16,,1,21,,121.5664617,25.06323843
112,12,19,8,25,2,06松山區,松山區民權大橋西往東第1支燈桿,0,0,1,4,C03,7,6,5,40,14,11,1,5,4,5,13,4,4,1,4,5,2,13,1,23,3,10,6,4,7,9,1,10,1,11,,44,,1,21,,121.5664617,25.06323843
112,12,19,8,31,2,03中山區,中山區錦西街與民生西路3巷口,0,0,1,2,B01,7,5,5,30,4,1,1,5,4,5,13,4,4,8,5,5,1,15,1,65,3,10,3,4,7,9,1,4,1,1,,108,,1,21,,121.5218955,25.06032998
112,12,19,8,31,2,03中山區,中山區錦西街與民生西路3巷口,0,0,1,1,C03,7,5,5,30,4,1,1,5,4,5,13,4,4,8,5,5,1,15,1,28,2,9,6,4,7,9,1,10,1,12,,80,,1,21,,121.5218955,25.06032998
112,12,19,8,34,2,04大安區,大安區市民大道4段與忠孝東路4段147巷口,0,0,2,1,C03,7,5,5,40,3,1,1,5,4,5,13,4,4,5,4,5,2,16,1,25,2,7,3,4,7,6,1,10,2,12,,9,,1,21,,121.5496694,25.0446311
112,12,19,8,34,2,04大安區,大安區市民大道4段與忠孝東路4段147巷口,0,0,2,2,C03,7,5,5,40,3,1,1,5,4,5,13,4,4,5,4,5,2,16,1,35,2,9,3,4,7,9,1,10,2,11,,13,,1,21,,121.5496694,25.0446311
112,12,19,8,36,2,08士林區,士林區通河街76巷與承德路4段10巷口,0,0,1,1,C03,7,7,5,30,4,1,1,5,4,5,13,4,4,5,5,5,2,15,1,60,2,9,3,4,7,9,1,10,2,12,,72,,1,21,,121.5204984,25.0800758
112,12,19,8,36,2,08士林區,士林區通河街76巷與承德路4段10巷口,0,0,1,2,B01,7,7,5,30,4,1,1,5,4,5,13,4,4,5,5,5,2,15,1,59,3,10,3,4,7,9,1,4,2,1,,14,,1,21,,121.5204984,25.0800758
112,12,19,8,39,2,10文山區,指南路3段2巷多岔路口,0,0,1,1,B03,6,6,5,30,5,2,1,4,4,5,13,3,1,10,5,5,2,17,1,39,3,10,3,4,7,11,1,8,2,17,,10,,1,22,,121.5798645,24.9855735
112,12,19,8,39,2,10文山區,指南路3段2巷多岔路口,0,0,1,2,C03,6,6,5,30,5,2,1,4,4,5,13,3,1,10,5,5,2,17,2,58,2,9,3,4,7,9,1,10,2,17,,13,,1,22,,121.5798645,24.9855735
112,12,19,9,3,2,07信義區,信義區吳興街220巷與信安街67巷口,0,0,1,1,B01,7,6,5,50,3,2,1,5,4,5,13,2,1,5,4,4,2,17,1,69,3,10,7,1,7,6,1,8,1,1,,9,,1,21,,121.5606998,25.0259377
112,12,19,9,3,2,07信義區,信義區吳興街220巷與信安街67巷口,0,0,1,2,C03,7,6,5,50,3,2,1,5,4,5,13,2,1,5,4,4,2,17,2,65,2,7,6,1,7,5,1,10,1,12,,94,,1,21,,121.5606998,25.0259377
112,12,19,9,13,2,03中山區,中山區樂群一路往東基湖路前,0,0,2,2,C03,8,5,5,50,14,9,1,5,4,5,13,4,4,1,3,5,1,13,1,39,2,9,6,1,7,9,1,10,1,13,,44,,1,21,,121.562678,25.0760641
112,12,19,9,13,2,03中山區,中山區樂群一路往東基湖路前,0,0,2,1,C03,8,5,5,50,14,9,1,5,4,5,13,4,4,1,3,5,1,13,1,26,2,7,6,1,7,9,1,10,1,11,,16,,1,21,,121.562678,25.0760641
112,12,19,9,14,2,07信義區,信義區基隆路2段與信義路5段口,0,0,1,2,C03,7,6,5,50,4,2,1,5,4,5,13,1,1,3,3,5,2,13,2,27,2,5,6,1,7,6,1,10,1,14,,44,,1,21,,121.5597841,25.0329966
112,12,19,9,14,2,07信義區,信義區基隆路2段與信義路5段口,0,0,1,1,B01,7,6,5,50,4,2,1,5,4,5,13,1,1,3,3,5,2,13,1,58,3,10,3,4,7,6,1,4,1,5,,17,,1,21,,121.5597841,25.0329966
112,12,19,9,36,2,02萬華區,萬華區德昌街與寶興街140巷17弄口,0,0,1,2,B03,7,7,5,30,4,1,1,5,4,3,10,4,4,10,5,5,2,15,2,31,3,10,7,1,7,10,1,8,2,8,,44,,1,21,,121.4944195,25.0235237
112,12,19,9,36,2,02萬華區,萬華區德昌街與寶興街140巷17弄口,0,0,1,4,B11,7,7,5,30,4,1,1,5,4,3,10,4,4,10,5,5,2,15,1,53,4,11,3,4,7,14,7,19,9,15,,38,,2,22,,121.4944195,25.0235237
112,12,19,9,36,2,02萬華區,萬華區德昌街與寶興街140巷17弄口,0,0,1,3,B03,7,7,5,30,4,1,1,5,4,3,10,4,4,10,5,5,2,15,1,57,3,10,7,1,7,13,1,8,9,1,,44,,1,21,,121.4944195,25.0235237
112,12,19,9,36,2,02萬華區,萬華區德昌街與寶興街140巷17弄口,0,0,1,1,C03,7,7,5,30,4,1,1,5,4,3,10,4,4,10,5,5,2,15,1,74,2,9,5,1,7,9,1,10,2,12,,72,,1,21,,121.4944195,25.0235237
112,12,19,10,0,2,12內湖區,內湖區環東大道東向西,0,0,1,2,B03,8,7,5,70,10,7,1,5,4,5,13,4,4,1,4,5,1,13,2,61,3,10,7,1,7,9,1,8,2,3,,44,,1,21,,121.5748824,25.0537207
112,12,19,10,0,2,12內湖區,內湖區環東大道東向西,0,0,1,1,B03,8,7,5,70,10,7,1,5,4,5,13,4,4,1,4,5,1,13,1,71,2,9,7,1,7,9,1,8,2,1,,107,,1,21,,121.5748824,25.0537207
112,12,19,10,50,2,01大同區,大同區忠孝西路2段與塔城街口,0,0,1,1,C03,6,6,5,50,4,2,1,4,4,5,13,2,1,1,2,5,2,17,2,67,3,10,6,1,7,6,1,10,2,17,,80,,1,22,,121.510202,25.0482991
112,12,19,10,50,2,01大同區,大同區忠孝西路2段與塔城街口,0,0,1,2,C03,6,6,5,50,4,2,1,4,4,5,13,2,1,1,2,5,2,17,1,67,2,9,6,1,7,9,1,10,2,12,,44,,1,22,,121.510202,25.0482991
112,12,19,10,54,2,02萬華區,萬華區康定路與貴陽街2段口,0,0,1,1,C03,7,5,5,0,4,2,1,4,4,5,13,1,1,8,3,5,2,13,2,69,3,10,3,4,7,14,3,18,9,15,,107,,1,22,,121.5020087,25.0399973
112,12,19,10,54,2,02萬華區,萬華區康定路與貴陽街2段口,0,0,1,2,C04,7,5,5,0,4,2,1,4,4,5,13,1,1,8,3,5,2,13,2,28,2,9,3,4,7,14,1,10,9,13,,44,,1,22,,121.5020087,25.0399973
112,12,19,11,28,2,07信義區,信義區忠孝東路4段與忠孝東路4段554巷口口,0,0,1,1,C03,8,7,5,50,3,2,1,5,4,5,13,4,4,3,4,5,2,13,1,40,2,7,6,1,7,9,1,10,1,11,12,16,,1,21,,121.5633814,25.0411005
112,12,19,11,28,2,07信義區,信義區忠孝東路4段與忠孝東路4段554巷口口,0,0,1,2,C03,8,7,5,50,3,2,1,5,4,5,13,4,4,3,4,5,2,13,2,21,3,10,6,1,7,8,1,10,1,13,14,44,,1,21,,121.5633814,25.0411005
112,12,19,11,28,2,07信義區,信義區忠孝東路4段與忠孝東路4段554巷口口,0,0,1,3,C03,8,7,5,50,3,2,1,5,4,5,13,4,4,3,4,5,2,13,2,20,3,10,6,1,7,8,1,10,1,13,,44,,1,21,,121.5633814,25.0411005
112,12,19,11,32,2,01大同區,大同區重慶北路1段與長安西路口,0,0,1,1,B03,6,6,5,50,5,1,1,4,4,5,13,4,4,1,5,5,2,17,1,67,4,11,3,4,7,5,7,19,11,15,,74,,2,22,,121.5138802,25.051619
112,12,19,11,32,2,01大同區,大同區重慶北路1段與長安西路口,0,0,1,2,C03,6,6,5,50,5,1,1,4,4,5,13,4,4,1,5,5,2,17,2,32,2,8,6,1,7,9,1,10,2,17,,42,,1,21,,121.5138802,25.051619
112,12,19,11,36,2,02萬華區,萬華區中華路2段與西藏路口,0,0,2,1,B01,6,6,5,50,4,1,1,4,4,5,13,2,1,1,4,5,2,17,1,56,2,5,7,1,7,6,1,4,1,6,,9,,1,21,,121.5040034,25.0299183
112,12,19,11,36,2,02萬華區,萬華區中華路2段與西藏路口,0,0,2,2,C03,6,6,5,50,4,1,1,4,4,5,13,2,1,1,4,5,2,17,2,23,2,8,5,1,7,9,1,10,1,11,14,13,,1,21,,121.5040034,25.0299183
112,12,19,11,40,2,03中山區,中山區北安路東往西823公園旁,0,0,1,3,H02,8,7,5,50,14,9,1,5,4,5,13,4,4,1,4,4,2,13,2,16,2,8,6,5,7,20,8,20,10,16,,67,,1,26,,121.5273711,25.07684626
112,12,19,11,40,2,03中山區,中山區北安路東往西823公園旁,0,0,1,1,C03,8,7,5,50,14,9,1,5,4,5,13,4,4,1,4,4,2,13,1,18,3,10,6,1,7,9,3,18,1,11,,42,,1,26,,121.5273711,25.07684626
112,12,19,11,40,2,03中山區,中山區北安路東往西823公園旁,0,0,1,2,B03,8,7,5,50,14,9,1,5,4,5,13,4,4,1,4,4,2,13,2,50,3,10,7,1,7,9,1,8,1,7,,44,,1,21,,121.5273711,25.07684626
112,12,19,11,46,2,02萬華區,萬華區大理街與西園路1段306巷口,0,0,2,1,C03,7,5,5,50,4,1,4,5,4,5,13,4,4,8,3,5,2,15,2,66,2,9,5,4,7,9,1,10,1,11,,72,,1,22,,121.4978666,25.03489599
112,12,19,11,46,2,02萬華區,萬華區大理街與西園路1段306巷口,0,0,2,2,C03,7,5,5,50,4,1,4,5,4,5,13,4,4,8,3,5,2,15,1,52,2,9,5,4,7,9,1,10,1,12,,14,,1,22,,121.4978666,25.03489599
112,12,19,11,48,2,12內湖區,內湖區民權東路6段415號,0,0,1,1,C03,7,6,5,50,14,9,1,5,4,5,13,4,4,1,4,5,2,13,1,48,2,9,5,1,7,9,1,10,1,11,,13,,1,21,,121.5866719,25.04648341
112,12,19,11,48,2,12內湖區,內湖區民權東路6段415號,0,0,1,2,B03,7,6,5,50,14,9,1,5,4,5,13,4,4,1,4,5,2,13,1,31,3,10,3,4,7,13,7,19,11,7,,44,,1,21,,121.5866719,25.04648341
112,12,19,11,51,2,06松山區,松山區健康路122號與健康路口,0,0,1,2,C03,8,5,5,50,3,2,1,5,4,5,13,4,4,7,2,5,2,17,1,45,2,9,6,4,7,9,1,10,1,11,,44,,1,21,,121.5562013,25.05354019
112,12,19,11,51,2,06松山區,松山區健康路122號與健康路口,0,0,1,1,B12,8,5,5,50,3,2,1,5,4,5,13,4,4,7,2,5,2,17,1,40,3,10,3,4,7,6,1,8,1,5,,74,,1,22,,121.5562013,25.05354019
112,12,19,12,0,2,03中山區,中山區吉林路323號,0,0,1,1,C03,8,6,5,40,14,8,1,5,4,5,13,4,4,9,4,5,2,16,1,52,2,8,6,1,7,6,1,10,1,12,,9,,1,22,,121.5303743,25.0637045
112,12,19,12,0,2,03中山區,中山區吉林路323號,0,0,1,2,C03,8,6,5,40,14,8,1,5,4,5,13,4,4,9,4,5,2,16,1,43,3,10,6,1,7,9,1,10,1,11,,44,,1,22,,121.5303743,25.0637045
112,12,19,12,24,2,02萬華區,萬華區忠孝西路2段與西寧南路口,0,0,2,3,H02,7,5,5,50,4,1,1,5,4,5,13,2,1,3,2,4,2,17,2,23,2,8,6,5,7,20,8,20,10,16,,67,,1,21,,121.5075616,25.048519
112,12,19,12,24,2,02萬華區,萬華區忠孝西路2段與西寧南路口,0,0,2,2,B03,7,5,5,50,4,1,1,5,4,5,13,2,1,3,2,4,2,17,1,48,3,10,7,1,7,9,1,8,1,8,,44,,1,21,,121.5075616,25.048519
112,12,19,12,24,2,02萬華區,萬華區忠孝西路2段與西寧南路口,0,0,2,1,C03,7,5,5,50,4,1,1,5,4,5,13,2,1,3,2,4,2,17,1,25,2,7,6,1,7,6,1,10,1,12,,85,,1,21,,121.5075616,25.048519
112,12,19,12,27,2,12內湖區,內湖區行善路158號,0,0,1,2,C03,8,7,5,50,14,9,1,5,4,5,13,4,4,5,5,5,2,16,1,27,2,9,5,1,7,9,1,10,2,14,,107,,1,21,,121.5786757,25.0581908
112,12,19,12,27,2,12內湖區,內湖區行善路158號,0,0,1,1,B03,8,7,5,50,14,9,1,5,4,5,13,4,4,5,5,5,2,16,1,47,3,10,7,1,7,6,1,8,2,2,,101,,1,21,,121.5786757,25.0581908
112,12,19,12,44,2,01大同區,大同區承德路2段91巷19號,0,0,1,1,B02,7,6,5,30,14,9,1,4,4,5,13,4,4,10,5,5,2,16,1,30,3,10,7,1,7,7,1,8,1,8,,101,,1,22,,121.5192374,25.0562058
112,12,19,12,44,2,01大同區,大同區承德路2段91巷19號,0,0,1,2,C03,7,6,5,30,14,9,1,4,4,5,13,4,4,10,5,5,2,16,1,25,2,9,6,1,7,9,1,10,1,12,,1,,1,22,,121.5192374,25.0562058
112,12,19,12,50,2,04大安區,大安區市民大道4段136-1號,0,0,1,1,C03,8,7,5,40,14,9,1,5,4,5,13,4,4,1,4,5,2,13,1,20,2,9,3,4,7,9,1,10,1,11,,108,,1,21,,121.5507061,25.044519
112,12,19,12,50,2,04大安區,大安區市民大道4段136-1號,0,0,1,2,B03,8,7,5,40,14,9,1,5,4,5,13,4,4,1,4,5,2,13,2,47,3,10,3,4,7,14,3,18,1,6,,38,,1,21,,121.5507061,25.044519
112,12,19,13,0,2,01大同區,大同區環河北路1段與長安西路口,0,0,1,1,B12,7,6,5,50,5,1,1,5,4,5,13,4,4,1,5,5,2,16,1,34,3,10,7,1,7,6,1,8,2,6,,44,,1,21,,121.5073368,25.0523261
112,12,19,13,0,2,01大同區,大同區環河北路1段與長安西路口,0,0,1,2,C03,7,6,5,50,5,1,1,5,4,5,13,4,4,1,5,5,2,16,1,69,2,9,6,1,7,6,1,10,2,11,,44,,1,21,,121.5073368,25.0523261
112,12,19,13,27,2,07信義區,信義區林口街與松山路615巷口,0,0,1,1,C03,8,7,5,30,4,1,1,5,4,5,13,4,4,5,5,4,1,17,1,36,3,10,5,1,7,5,6,10,1,11,,72,,1,21,,121.5791967,25.0369276
112,12,19,13,27,2,07信義區,信義區林口街與松山路615巷口,0,0,1,2,C03,8,7,5,30,4,1,1,5,4,5,13,4,4,5,5,4,1,17,2,32,2,9,5,1,7,9,1,10,1,11,,108,,1,21,,121.5791967,25.0369276
112,12,19,14,57,2,02萬華區,萬華區艋舺大道與西園路1段口,0,0,1,1,C03,6,7,5,50,4,1,1,4,4,5,13,2,1,3,4,5,2,13,1,28,2,9,6,1,7,9,1,10,1,11,,16,,1,21,,121.4982492,25.03325832
112,12,19,14,57,2,02萬華區,萬華區艋舺大道與西園路1段口,0,0,1,2,C03,6,7,5,50,4,1,1,4,4,5,13,2,1,3,4,5,2,13,1,77,3,10,6,1,7,12,1,10,1,13,,44,,1,21,,121.4982492,25.03325832
112,12,19,15,0,2,08士林區,士林區延平北路6段511巷與延平北路6段511巷口全國加油站出口,0,0,1,1,B12,7,6,5,30,3,2,1,5,4,3,10,4,4,10,5,5,2,17,1,29,3,10,3,4,7,1,1,8,1,7,,19,,1,21,,121.4977317,25.093195
112,12,19,15,0,2,08士林區,士林區延平北路6段511巷與延平北路6段511巷口全國加油站出口,0,0,1,2,C03,7,6,5,30,3,2,1,5,4,3,10,4,4,10,5,5,2,17,1,40,2,8,3,4,7,9,1,10,1,14,,44,,1,21,,121.4977317,25.093195
112,12,19,15,46,2,12內湖區,內湖區金龍路70號,0,0,2,3,B12,8,7,5,50,14,9,1,5,4,5,13,4,4,5,4,5,2,9,1,41,3,10,3,1,7,14,1,8,11,7,,42,,1,21,,121.5925022,25.0849954
112,12,19,15,46,2,12內湖區,內湖區金龍路70號,0,0,2,2,H01,8,7,5,50,14,9,1,5,4,5,13,4,4,5,4,5,2,9,2,77,2,1,4,5,8,16,8,20,10,16,,60,,1,21,,121.5925022,25.0849954
112,12,19,15,46,2,12內湖區,內湖區金龍路70號,0,0,2,1,C03,8,7,5,50,14,9,1,5,4,5,13,4,4,5,4,5,2,9,1,85,2,7,5,1,7,9,1,10,2,11,,108,,1,21,,121.5925022,25.0849954
112,12,19,16,0,2,12內湖區,內湖區星雲街210巷與星雲街150巷口口,0,0,2,1,B03,8,6,5,30,3,1,1,5,4,5,8,4,4,10,5,5,2,16,2,59,3,10,7,1,7,5,1,8,1,5,,72,,1,21,,121.5977849,25.07989406
112,12,19,16,0,2,12內湖區,內湖區星雲街210巷與星雲街150巷口口,0,0,2,2,F03,8,6,5,30,3,1,1,5,4,5,8,4,4,10,5,5,2,16,1,24,2,8,5,1,7,9,8,20,1,12,,108,,1,21,,121.5977849,25.07989406
112,12,19,16,0,2,12內湖區,內湖區星雲街210巷與星雲街150巷口口,0,0,2,3,H02,8,6,5,30,3,1,1,5,4,5,8,4,4,10,5,5,2,16,2,58,2,9,5,5,7,20,8,20,10,16,,67,,1,21,,121.5977849,25.07989406
112,12,19,17,22,2,08士林區,士林區格致路與凱旋路口,0,0,1,1,B03,6,5,5,40,3,2,1,4,4,5,13,1,1,9,4,5,2,17,1,21,3,10,7,1,7,6,1,8,1,2,,9,,1,21,,121.5464111,25.13701502
112,12,19,17,22,2,08士林區,士林區格致路與凱旋路口,0,0,1,2,C03,6,5,5,40,3,2,1,4,4,5,13,1,1,9,4,5,2,17,1,45,2,7,5,1,7,9,1,10,1,14,,44,,1,21,,121.5464111,25.13701502
112,12,19,17,39,2,02萬華區,萬華區中興橋,0,0,1,2,C03,7,5,5,30,14,11,1,5,4,5,13,4,4,10,5,5,2,13,1,61,2,8,6,1,7,9,1,10,1,13,,44,,1,21,,121.50225,25.0457709
112,12,19,17,39,2,02萬華區,萬華區中興橋,0,0,1,1,C03,7,5,5,30,14,11,1,5,4,5,13,4,4,10,5,5,2,13,1,27,3,10,6,1,7,9,1,10,1,11,,16,,1,21,,121.50225,25.0457709
112,12,19,17,43,2,09北投區,北投區中央北路3段與中央北路3段40巷口,0,0,2,3,H02,7,5,5,50,3,2,1,5,4,5,13,2,1,5,4,5,2,15,2,72,2,9,5,5,7,20,8,20,10,17,,67,,1,21,,121.485878,25.138109
112,12,19,17,43,2,09北投區,北投區中央北路3段與中央北路3段40巷口,0,0,2,2,C03,7,5,5,50,3,2,1,5,4,5,13,2,1,5,4,5,2,15,1,72,3,10,5,1,7,9,1,21,1,11,,44,,1,21,,121.485878,25.138109
112,12,19,17,43,2,09北投區,北投區中央北路3段與中央北路3段40巷口,0,0,2,1,C03,7,5,5,50,3,2,1,5,4,5,13,2,1,5,4,5,2,15,1,32,2,9,5,1,7,11,1,8,1,12,,10,,1,21,,121.485878,25.138109
112,12,19,18,14,2,12內湖區,內湖區永保街與安康路106巷口,0,0,3,1,C03,7,5,5,50,3,1,1,5,4,5,13,4,4,5,5,5,2,16,2,41,2,8,5,1,7,5,1,10,1,13,,74,,1,21,,121.5988183,25.06348039
112,12,19,18,14,2,12內湖區,內湖區永保街與安康路106巷口,0,0,3,2,C03,7,5,5,50,3,1,1,5,4,5,13,4,4,5,5,5,2,16,1,26,2,9,5,1,7,9,1,10,1,11,,13,,1,21,,121.5988183,25.06348039
112,12,19,18,14,2,12內湖區,內湖區永保街與安康路106巷口,0,0,3,3,B11,7,5,5,50,3,1,1,5,4,5,13,4,4,5,5,5,2,16,1,48,3,10,3,4,7,13,7,19,11,3,,44,,1,21,,121.5988183,25.06348039
112,12,19,18,14,2,12內湖區,內湖區永保街與安康路106巷口,0,0,3,4,H02,7,5,5,50,3,1,1,5,4,5,13,4,4,5,5,5,2,16,2,32,2,9,5,5,7,21,8,20,10,16,,67,,1,21,,121.5988183,25.06348039
112,12,19,18,46,2,01大同區,大同區鄭州路與西寧北路口,0,0,1,1,B03,8,5,5,40,14,9,1,5,4,5,13,2,1,9,5,5,2,12,1,42,3,10,7,4,7,9,1,8,1,8,,17,,1,22,,121.5082279,25.0505839
112,12,19,18,46,2,01大同區,大同區鄭州路與西寧北路口,0,0,1,2,C03,8,5,5,40,14,9,1,5,4,5,13,2,1,9,5,5,2,12,1,26,2,9,6,4,7,9,1,10,1,13,,44,,1,22,,121.5082279,25.0505839
112,12,19,18,50,2,01大同區,大同區鄭州路與塔城街口,0,0,2,1,C03,8,5,5,40,4,1,1,5,4,5,13,2,1,1,4,4,1,12,1,45,2,7,6,1,7,5,1,10,2,12,,101,,1,22,,121.5105343,25.0502985
112,12,19,18,50,2,01大同區,大同區鄭州路與塔城街口,0,0,2,2,C03,8,5,5,40,4,1,1,5,4,5,13,2,1,1,4,4,1,12,2,28,2,8,6,1,7,5,1,10,2,11,,13,,1,22,,121.5105343,25.0502985
112,12,19,19,8,2,10文山區,文山區保儀路127號,0,0,2,2,H01,7,5,5,50,14,9,1,5,4,5,13,4,4,10,5,5,2,2,2,81,2,9,4,5,8,16,8,20,10,16,,67,,1,21,,121.5672764,24.9854494
112,12,19,19,8,2,10文山區,文山區保儀路127號,0,0,2,1,C03,7,5,5,50,14,9,1,5,4,5,13,4,4,10,5,5,2,2,1,50,2,9,5,1,7,9,1,10,2,11,,42,,1,21,,121.5672764,24.9854494