發生年度,發生月,發生日,發生時-Hours,發生分,處理別-編號,區序,肇事地點,死亡人數,2-30日死亡人數,受傷人數,當事人序號,車種,天候,光線,道路類別,速限-速度限制,道路型態,事故位置,路面狀況1,路面狀況2,路面狀況3,道路障礙1,道路障礙2,號誌1,號誌2,車道劃分-分向,車道劃分-分道1,車道劃分-分道2,車道劃分-分道3,事故類型及型態,性別,年齡,受傷程度,主要傷處,保護裝置,行動電話,車輛用途,當事者行動狀態,駕駛資格情形,駕駛執照種類,飲酒情形,車輛撞擊部位1,車輛撞擊部位2,肇因碼-個別,肇因碼-主要,個人肇逃否,職業,旅次目的,座標-X,座標-Y
112,12,19,19,12,2,10文山區,文山區木柵路1段與和興路口,0,0,1,1,C03,7,6,5,50,14,9,1,5,4,5,13,1,1,5,2,5,2,16,2,19,2,8,6,1,7,7,1,10,2,11,14,100,,1,25,,121.5458827,24.98670548
112,12,19,19,12,2,10文山區,文山區木柵路1段與和興路口,0,0,1,2,B03,7,6,5,50,14,9,1,5,4,5,13,1,1,5,2,5,2,16,1,72,3,10,7,1,7,9,1,8,2,5,,44,,1,21,,121.5458827,24.98670548
112,12,19,19,55,2,05中正區,中正區重慶南路3段182號前(中正橋往永和),0,0,1,1,B03,7,5,5,30,14,9,1,5,4,5,13,2,1,2,3,5,1,12,1,58,3,10,7,1,7,4,1,8,2,6,,17,,1,21,,121.516757,25.02270975
112,12,19,19,55,2,05中正區,中正區重慶南路3段182號前(中正橋往永和),0,0,1,2,C03,7,5,5,30,14,9,1,5,4,5,13,2,1,2,3,5,1,12,1,35,2,9,6,1,7,9,1,10,2,14,,44,,1,21,,121.516757,25.02270975
112,12,19,20,0,2,12內湖區,內湖區新明路243號,0,0,2,1,C03,7,5,5,50,3,1,1,5,4,5,13,2,1,5,4,5,2,16,1,39,2,9,6,1,7,5,1,9,1,11,,71,,1,21,,121.5871005,25.0580302
112,12,19,20,0,2,12內湖區,內湖區新明路243號,0,0,2,2,C03,7,5,5,50,3,1,1,5,4,5,13,2,1,5,4,5,2,16,1,55,2,7,6,1,7,9,1,9,1,11,,44,,1,21,,121.5871005,25.0580302
112,12,19,20,14,2,02萬華區,萬華區西園路2段與西藏路口,0,0,1,1,B01,7,5,5,50,4,1,2,5,4,5,13,2,1,1,5,5,2,17,1,54,3,10,7,1,7,5,1,4,2,6,,8,,1,21,,121.4955873,25.0287695
112,12,19,20,14,2,02萬華區,萬華區西園路2段與西藏路口,0,0,1,2,C03,7,5,5,50,4,1,2,5,4,5,13,2,1,1,5,5,2,17,2,51,2,9,6,1,7,9,1,10,2,11,,108,,1,21,,121.4955873,25.0287695
112,12,19,20,21,2,05中正區,中正區忠孝西路1段98號,0,0,1,1,B01,8,5,5,50,14,9,1,5,4,5,13,4,4,3,4,5,2,13,1,47,3,10,7,1,7,12,1,8,2,3,,42,,1,22,,121.5129042,25.04725398
112,12,19,20,21,2,05中正區,中正區忠孝西路1段98號,0,0,1,2,C03,8,5,5,50,14,9,1,5,4,5,13,4,4,3,4,5,2,13,2,26,2,8,6,1,7,9,1,10,2,11,,16,,1,22,,121.5129042,25.04725398
112,12,19,21,3,2,02萬華區,萬華區東園街148號,0,0,1,3,H02,8,5,5,0,14,9,1,5,4,5,13,4,4,5,4,5,2,3,2,72,2,7,6,5,7,20,8,20,10,16,,67,,1,21,,121.4976393,25.02333298
112,12,19,21,3,2,02萬華區,萬華區東園街148號,0,0,1,1,H01,8,5,5,0,14,9,1,5,4,5,13,4,4,5,4,5,2,3,2,47,3,10,4,5,8,16,8,20,10,16,,121,,1,21,,121.4976393,25.02333298
112,12,19,21,3,2,02萬華區,萬華區東園街148號,0,0,1,2,C03,8,5,5,0,14,9,1,5,4,5,13,4,4,5,4,5,2,3,1,72,3,10,6,1,7,9,1,10,1,17,,44,,1,21,,121.4976393,25.02333298
112,12,19,21,5,2,12內湖區,內湖區內湖路2段與內湖路2段339巷口,0,0,1,2,C03,7,5,5,50,14,9,1,5,4,5,13,4,4,10,4,5,1,16,1,28,2,8,5,1,7,5,1,10,2,14,,8,,1,21,,121.5914129,25.08287575
112,12,19,21,5,2,12內湖區,內湖區內湖路2段與內湖路2段339巷口,0,0,1,1,C03,7,5,5,50,14,9,1,5,4,5,13,4,4,10,4,5,1,16,1,25,3,10,5,1,7,10,1,8,2,12,,100,,1,21,,121.5914129,25.08287575
112,12,19,21,15,2,12內湖區,內湖區南京東路6段380號車道口前,0,0,1,2,C03,6,5,5,30,14,9,1,4,4,5,13,4,4,10,5,5,2,16,2,26,2,9,6,1,7,9,1,10,2,11,,44,,1,21,,121.5868406,25.05956656
112,12,19,21,15,2,12內湖區,內湖區南京東路6段380號車道口前,0,0,1,1,B03,6,5,5,30,14,9,1,4,4,5,13,4,4,10,5,5,2,16,1,67,3,10,3,4,7,1,1,8,2,6,,19,,1,21,,121.5868406,25.05956656
112,12,19,21,18,2,03中山區,中山區合江街與龍江路298巷口,0,0,1,1,B03,8,5,5,30,4,2,1,5,4,5,13,4,4,5,5,5,2,15,1,65,3,10,3,4,7,9,1,8,2,1,,72,,1,21,,121.5392587,25.0618194
112,12,19,21,18,2,03中山區,中山區合江街與龍江路298巷口,0,0,1,2,C03,8,5,5,30,4,2,1,5,4,5,13,4,4,5,5,5,2,15,2,37,2,9,3,4,7,9,1,10,2,12,,44,,1,21,,121.5392587,25.0618194
112,12,19,21,27,2,01大同區,大同區鄭州路與西寧北路口,0,0,2,1,C03,8,5,5,40,4,1,1,5,4,5,13,2,1,1,4,5,1,17,1,19,3,10,6,1,7,5,1,10,2,12,,8,,1,22,,121.5082062,25.0506119
112,12,19,21,27,2,01大同區,大同區鄭州路與西寧北路口,0,0,2,2,C03,8,5,5,40,4,1,1,5,4,5,13,2,1,1,4,5,1,17,1,23,2,9,5,1,7,5,1,10,2,14,,44,,1,22,,121.5082062,25.0506119
112,12,19,21,27,2,01大同區,大同區鄭州路與西寧北路口,0,0,2,3,H02,8,5,5,40,4,1,1,5,4,5,13,2,1,1,4,5,1,17,2,23,2,9,6,5,7,20,8,20,10,16,,67,,1,22,,121.5082062,25.0506119
112,12,19,23,28,2,05中正區,中正區林森南路與仁愛路1段口,0,0,2,1,C02,7,5,5,50,4,1,1,5,4,5,13,1,1,1,4,1,2,16,1,68,2,9,5,1,7,6,1,10,9,12,,9,,1,21,,121.5216234,25.0388698
112,12,19,23,28,2,05中正區,中正區林森南路與仁愛路1段口,0,0,2,2,C03,7,5,5,50,4,1,1,5,4,5,13,1,1,1,4,1,2,16,1,37,2,9,5,1,7,9,1,10,2,11,,13,,1,21,,121.5216234,25.0388698
112,12,19,23,50,2,12內湖區,內湖區基湖路與基湖路10巷口,0,0,2,1,C03,6,5,5,30,4,1,1,4,4,5,13,3,1,10,5,5,2,15,2,28,2,9,6,1,7,9,1,10,2,11,,72,,1,21,,121.5651291,25.08148396
112,12,19,23,50,2,12內湖區,內湖區基湖路與基湖路10巷口,0,0,2,2,C03,6,5,5,30,4,1,1,4,4,5,13,3,1,10,5,5,2,15,1,23,2,9,6,1,7,9,1,10,2,11,,14,,1,21,,121.5651291,25.08148396
112,12,20,0,24,2,08士林區,士林區基河路與劍潭路口,0,0,1,2,H01,7,5,5,50,4,1,1,5,4,5,13,2,1,3,3,5,1,3,1,25,2,1,4,5,8,16,8,20,10,16,,67,,1,21,,121.5248224,25.0841583
112,12,20,0,24,2,08士林區,士林區基河路與劍潭路口,0,0,1,1,B03,7,5,5,50,4,1,1,5,4,5,13,2,1,3,3,5,1,3,1,28,3,10,7,1,7,5,1,8,2,5,,70,,1,21,,121.5248224,25.0841583
112,12,20,5,12,2,03中山區,中山區民權東路2段57號,0,0,1,11,C03,8,5,5,50,14,9,1,5,4,5,13,4,4,3,4,5,2,29,3,19,,,,,,,,,10,,,67,,1,,,121.5308109,25.0626675
112,12,20,5,12,2,03中山區,中山區民權東路2段57號,0,0,1,12,C03,8,5,5,50,14,9,1,5,4,5,13,4,4,3,4,5,2,29,3,27,,,,,,,,,10,,,67,,1,,,121.5308109,25.0626675
112,12,20,5,12,2,03中山區,中山區民權東路2段57號,0,0,1,4,C03,8,5,5,50,14,9,1,5,4,5,13,4,4,3,4,5,2,29,3,0,,,,,,,,,10,,,67,,1,,,121.5308109,25.0626675
112,12,20,5,12,2,03中山區,中山區民權東路2段57號,0,0,1,5,C04,8,5,5,50,14,9,1,5,4,5,13,4,4,3,4,5,2,29,3,37,,,,,,,,,10,,,67,,1,,,121.5308109,25.0626675
112,12,20,5,12,2,03中山區,中山區民權東路2段57號,0,0,1,6,C03,8,5,5,50,14,9,1,5,4,5,13,4,4,3,4,5,2,29,3,37,,,,,,,,,10,,,67,,1,,,121.5308109,25.0626675
112,12,20,5,12,2,03中山區,中山區民權東路2段57號,0,0,1,7,C03,8,5,5,50,14,9,1,5,4,5,13,4,4,3,4,5,2,29,3,51,,,,,,,,,10,,,67,,1,,,121.5308109,25.0626675
112,12,20,5,12,2,03中山區,中山區民權東路2段57號,0,0,1,8,C03,8,5,5,50,14,9,1,5,4,5,13,4,4,3,4,5,2,29,3,35,,,,,,,,,10,,,67,,1,,,121.5308109,25.0626675
112,12,20,5,12,2,03中山區,中山區民權東路2段57號,0,0,1,10,C03,8,5,5,50,14,9,1,5,4,5,13,4,4,3,4,5,2,29,3,19,,,,,,,,,10,,,67,,1,,,121.5308109,25.0626675
112,12,20,5,12,2,03中山區,中山區民權東路2段57號,0,0,1,3,C03,8,5,5,50,14,9,1,5,4,5,13,4,4,3,4,5,2,29,3,52,,,,,,,,,10,,,67,,1,,,121.5308109,25.0626675
112,12,20,5,12,2,03中山區,中山區民權東路2段57號,0,0,1,2,C03,8,5,5,50,14,9,1,5,4,5,13,4,4,3,4,5,2,29,3,78,,,,,,,,,10,,,67,,1,,,121.5308109,25.0626675
112,12,20,5,12,2,03中山區,中山區民權東路2段57號,0,0,1,1,C03,8,5,5,50,14,9,1,5,4,5,13,4,4,3,4,5,2,29,1,59,2,9,3,4,7,9,3,18,2,11,,108,,1,21,,121.5308109,25.0626675
112,12,20,5,12,2,03中山區,中山區民權東路2段57號,0,0,1,9,C03,8,5,5,50,14,9,1,5,4,5,13,4,4,3,4,5,2,29,3,19,,,,,,,,,10,,,67,,1,,,121.5308109,25.0626675
112,12,20,7,38,2,12內湖區,內湖區民權東路6段191巷與民權東路6段口,0,0,2,1,C03,6,5,5,50,4,1,1,4,4,5,13,1,1,9,4,4,2,12,1,18,2,9,6,1,7,9,1,10,2,12,,17,,1,16,,121.5976891,25.06753768
112,12,20,7,38,2,12內湖區,內湖區民權東路6段191巷與民權東路6段口,0,0,2,2,C03,6,5,5,50,4,1,1,4,4,5,13,1,1,9,4,4,2,12,2,46,2,9,6,1,7,9,1,10,2,14,,44,,1,21,,121.5976891,25.06753768
112,12,20,7,38,2,12內湖區,內湖區民權東路6段191巷與民權東路6段口,0,0,2,3,,6,5,5,50,4,1,1,4,4,5,13,1,1,9,4,4,2,12,4,0,,,,,,,,,11,,,44,,,,,121.5976891,25.06753768
112,12,20,8,0,2,08士林區,士林區延平北路6段與社子街口,0,0,1,2,C03,7,7,5,30,3,2,1,5,4,5,13,1,1,5,5,5,2,17,1,59,2,9,3,4,7,9,1,10,2,12,,44,,1,21,,121.5048324,25.0893512
112,12,20,8,0,2,08士林區,士林區延平北路6段與社子街口,0,0,1,1,B12,7,7,5,30,3,2,1,5,4,5,13,1,1,5,5,5,2,17,1,50,3,10,3,4,7,10,1,8,2,4,,80,,1,21,,121.5048324,25.0893512
112,12,20,8,7,2,03中山區,中山區民權東路3段6號,0,0,1,2,C03,7,5,5,50,14,9,1,5,4,5,13,4,4,1,3,5,1,13,1,34,2,9,6,1,7,14,1,10,1,13,,44,,1,21,,121.5376207,25.0622986
112,12,20,8,7,2,03中山區,中山區民權東路3段6號,0,0,1,1,C03,7,5,5,50,14,9,1,5,4,5,13,4,4,1,3,5,1,13,1,33,3,10,6,1,7,9,1,10,1,11,,16,,1,21,,121.5376207,25.0622986
112,12,20,8,12,2,03中山區,中山區民族西路與玉門街口,0,0,2,3,C03,8,5,5,50,14,9,1,2,4,5,13,4,4,5,4,5,2,17,1,51,2,8,3,4,7,9,1,10,1,17,,44,,1,21,,121.5203631,25.06846174
112,12,20,8,12,2,03中山區,中山區民族西路與玉門街口,0,0,2,2,C03,8,5,5,50,14,9,1,2,4,5,13,4,4,5,4,5,2,17,1,56,2,7,3,4,7,9,1,10,1,17,,44,,1,21,,121.5203631,25.06846174
112,12,20,8,12,2,03中山區,中山區民族西路與玉門街口,0,0,2,1,C03,8,5,5,50,14,9,1,2,4,5,13,4,4,5,4,5,2,17,1,64,3,10,3,4,7,9,1,10,1,17,,30,,1,21,,121.5203631,25.06846174
112,12,20,8,15,2,02萬華區,萬華區桂林路246巷(0904441燈桿),0,0,3,1,C03,8,7,5,30,14,9,1,5,4,5,13,1,1,10,5,5,2,13,2,23,2,8,5,1,7,9,1,10,1,11,,16,,1,21,,121.4943521,25.03779793
112,12,20,8,15,2,02萬華區,萬華區桂林路246巷(0904441燈桿),0,0,3,2,C03,8,7,5,30,14,9,1,5,4,5,13,1,1,10,5,5,2,13,2,53,2,9,5,1,7,12,1,10,1,13,,44,,1,21,,121.4943521,25.03779793
112,12,20,8,15,2,02萬華區,萬華區桂林路246巷(0904441燈桿),0,0,3,3,H02,8,7,5,30,14,9,1,5,4,5,13,1,1,10,5,5,2,13,2,51,2,9,5,5,7,21,8,20,10,16,,67,,1,21,,121.4943521,25.03779793
112,12,20,8,20,2,11南港區,南港區研究院路1段114號,0,0,1,1,A01,6,6,5,50,14,9,1,4,4,5,13,4,4,1,3,5,2,9,1,32,3,10,7,1,7,7,1,6,1,17,,42,,1,21,,121.6155117,25.050705
112,12,20,8,20,2,11南港區,南港區研究院路1段114號,0,0,1,2,H02,6,6,5,50,14,9,1,4,4,5,13,4,4,1,3,5,2,9,2,59,2,9,4,5,7,17,8,20,10,16,,67,,1,21,,121.6155117,25.050705
112,12,20,8,22,2,05中正區,中正區重慶南路3段與和平西路1段口,0,0,2,3,C03,7,7,5,50,4,1,1,4,4,5,13,1,1,1,4,5,2,17,1,37,2,9,5,1,7,9,1,10,1,12,,16,,1,22,,121.5157974,25.0275926
112,12,20,8,22,2,05中正區,中正區重慶南路3段與和平西路1段口,0,0,2,4,C03,7,7,5,50,4,1,1,4,4,5,13,1,1,1,4,5,2,17,1,32,2,8,5,1,7,12,1,10,1,12,,44,,1,22,,121.5157974,25.0275926
112,12,20,8,22,2,05中正區,中正區重慶南路3段與和平西路1段口,0,0,2,2,C03,7,7,5,50,4,1,1,4,4,5,13,1,1,1,4,5,2,17,1,39,3,10,5,1,7,14,1,10,1,12,,44,,1,22,,121.5157974,25.0275926
112,12,20,8,22,2,05中正區,中正區重慶南路3段與和平西路1段口,0,0,2,1,C03,7,7,5,50,4,1,1,4,4,5,13,1,1,1,4,5,2,17,1,42,3,10,5,1,7,9,1,10,1,14,,16,,1,22,,121.5157974,25.0275926
112,12,20,8,40,2,03中山區,中山區中山北路3段美術館對面,0,0,1,2,C03,7,5,5,50,14,9,1,5,4,5,13,4,4,1,3,5,1,17,1,52,3,10,6,4,7,8,1,10,1,17,,100,,1,21,,121.5238233,25.07250626
112,12,20,8,40,2,03中山區,中山區中山北路3段美術館對面,0,0,1,1,C03,7,5,5,50,14,9,1,5,4,5,13,4,4,1,3,5,1,17,1,37,2,9,6,4,7,10,1,10,1,14,,100,,1,21,,121.5238233,25.07250626
112,12,20,8,54,2,02萬華區,萬華區和平西路3段與桂林路246巷口,0,0,1,1,B03,6,7,5,50,3,2,1,4,4,5,13,3,1,10,5,5,2,17,2,54,3,10,7,1,7,6,1,8,1,6,,44,,1,21,,121.4910338,25.0357616
112,12,20,8,54,2,02萬華區,萬華區和平西路3段與桂林路246巷口,0,0,1,2,C03,6,7,5,50,3,2,1,4,4,5,13,3,1,10,5,5,2,17,2,27,2,7,5,1,7,9,1,10,1,11,,44,,1,21,,121.4910338,25.0357616
112,12,20,8,58,2,07信義區,信義區基隆路2段與光復南路口,0,0,1,1,C03,8,6,5,50,4,1,1,5,4,5,13,2,1,5,4,5,2,13,2,60,4,11,3,4,7,15,7,19,11,15,,16,,1,22,,121.5576463,25.0298315
112,12,20,8,58,2,07信義區,信義區基隆路2段與光復南路口,0,0,1,2,C03,8,6,5,50,4,1,1,5,4,5,13,2,1,5,4,5,2,13,2,29,2,8,6,1,7,12,1,10,2,13,,44,,1,22,,121.5576463,25.0298315
112,12,20,9,5,2,11南港區,南港區經貿二路與經貿二路157巷口,0,0,1,1,B03,6,6,5,50,3,2,1,4,4,5,13,1,1,1,3,5,2,13,1,40,3,10,3,4,7,9,1,8,1,1,,16,,1,22,,121.6161209,25.0594738
112,12,20,9,5,2,11南港區,南港區經貿二路與經貿二路157巷口,0,0,1,2,C02,6,6,5,50,3,2,1,4,4,5,13,1,1,1,3,5,2,13,1,43,2,8,3,4,7,9,1,9,1,13,,44,,1,21,,121.6161209,25.0594738
112,12,20,9,20,2,12內湖區,內湖區舊宗路2段167號與堤頂交流道口南下出口,0,0,1,1,B03,6,5,5,50,4,2,1,4,4,5,13,1,1,9,4,4,2,12,1,44,3,10,7,1,7,7,1,8,2,1,,100,,1,21,,121.57479,25.07088553
112,12,20,9,20,2,12內湖區,內湖區舊宗路2段167號與堤頂交流道口南下出口,0,0,1,2,C03,6,5,5,50,4,2,1,4,4,5,13,1,1,9,4,4,2,12,1,41,2,9,5,1,7,8,1,10,2,12,,100,,1,21,,121.57479,25.07088553
112,12,20,9,45,2,12內湖區,內湖區永保街188號,0,0,1,1,C03,6,7,5,40,14,9,1,4,4,5,13,4,4,5,5,5,2,16,1,30,2,9,5,1,7,4,1,10,1,12,,4,,1,21,,121.6026681,25.063954
112,12,20,9,45,2,12內湖區,內湖區永保街188號,0,0,1,2,B11,6,7,5,40,14,9,1,4,4,5,13,4,4,5,5,5,2,16,1,18,3,10,7,1,7,5,1,8,2,8,,99,,1,21,,121.6026681,25.063954
112,12,20,9,48,2,08士林區,士林區天玉街與中山北路7段141巷口,0,0,1,1,C03,7,7,5,50,4,1,1,5,4,5,13,3,1,5,5,5,2,15,2,45,2,9,3,4,7,9,1,10,2,12,,72,,1,21,,121.5312942,25.1230601
112,12,20,9,48,2,08士林區,士林區天玉街與中山北路7段141巷口,0,0,1,2,B03,7,7,5,50,4,1,1,5,4,5,13,3,1,5,5,5,2,15,2,44,3,10,3,4,7,9,1,8,2,8,,44,,1,21,,121.5312942,25.1230601
112,12,20,10,13,2,04大安區,大安區忠孝東路3段48號,0,0,1,1,C03,8,5,5,50,14,9,1,5,4,5,13,4,4,1,4,4,2,12,1,23,2,9,3,4,7,4,1,10,2,11,,101,,1,21,,121.5348676,25.0418945
112,12,20,10,13,2,04大安區,大安區忠孝東路3段48號,0,0,1,2,C03,8,5,5,50,14,9,1,5,4,5,13,4,4,1,4,4,2,12,1,29,3,10,3,4,7,9,1,10,2,14,,44,,1,21,,121.5348676,25.0418945
112,12,20,10,19,2,07信義區,信義區崇德街36號,0,0,1,1,C04,6,7,5,30,14,9,1,4,4,5,13,4,4,10,5,5,2,12,2,69,2,8,5,4,7,1,1,10,2,14,,19,,1,21,,121.553923,25.0241468
112,12,20,10,19,2,07信義區,信義區崇德街36號,0,0,1,2,B03,6,7,5,30,14,9,1,4,4,5,13,4,4,10,5,5,2,12,1,24,3,10,3,4,7,9,1,8,2,2,,44,,1,21,,121.553923,25.0241468
112,12,20,10,45,2,08士林區,士林區德行西路與福華路口,0,0,1,2,C03,8,6,5,50,4,2,1,5,4,5,13,2,1,9,2,4,1,17,1,50,2,9,5,1,7,9,1,10,2,14,,118,,1,21,,121.5224884,25.10501098
112,12,20,10,45,2,08士林區,士林區德行西路與福華路口,0,0,1,1,,8,6,5,50,4,2,1,5,4,5,13,2,1,9,2,4,1,17,4,0,,,,,,,,,,,,119,,2,,,121.5224884,25.10501098
112,12,20,11,12,2,10文山區,文山區老泉街42號旁(0709338燈桿),0,0,2,1,C03,6,6,5,30,14,9,2,4,4,5,12,4,4,10,5,5,2,17,2,31,2,8,5,4,7,9,1,10,2,13,,17,,1,21,,121.5635649,24.97844717
112,12,20,11,12,2,10文山區,文山區老泉街42號旁(0709338燈桿),0,0,2,2,B01,6,6,5,30,14,9,2,4,4,5,12,4,4,10,5,5,2,17,1,69,2,6,3,4,7,9,1,4,2,4,,17,,1,21,,121.5635649,24.97844717
112,12,20,11,22,2,11南港區,南港區重陽路120號與重陽路187巷口,0,0,2,1,C03,6,5,5,50,3,1,1,4,4,5,13,1,1,9,4,5,2,6,1,60,2,9,5,1,7,9,1,10,1,11,,81,,1,21,,121.5991104,25.0565916
112,12,20,11,22,2,11南港區,南港區重陽路120號與重陽路187巷口,0,0,2,2,H01,6,5,5,50,3,1,1,4,4,5,13,1,1,9,4,5,2,6,2,31,2,1,4,5,8,18,8,20,1,16,,67,,1,21,,121.5991104,25.0565916
112,12,20,11,45,2,05中正區,中正區金山南路1段與臨沂街6巷口,0,0,2,2,C03,8,7,5,50,4,1,1,5,4,5,13,4,4,1,5,5,2,16,2,22,2,8,5,1,7,9,1,10,2,14,,108,,1,21,,121.529837,25.0425896
112,12,20,11,45,2,05中正區,中正區金山南路1段與臨沂街6巷口,0,0,2,1,C03,8,7,5,50,4,1,1,5,4,5,13,4,4,1,5,5,2,16,2,22,2,9,5,1,7,6,1,10,2,12,,80,,1,21,,121.529837,25.0425896
112,12,20,12,20,2,12內湖區,內湖區環山路1段與環山路1段60巷口,0,0,2,1,C03,6,5,5,50,3,2,1,4,4,5,13,4,4,4,3,5,1,12,2,19,2,9,3,4,7,1,1,10,1,13,,19,,1,22,,121.5666376,25.08639311
112,12,20,12,20,2,12內湖區,內湖區環山路1段與環山路1段60巷口,0,0,2,2,C03,6,5,5,50,3,2,1,4,4,5,13,4,4,4,3,5,1,12,1,21,2,9,3,4,7,9,1,10,1,11,,44,,1,22,,121.5666376,25.08639311
112,12,20,12,20,2,07信義區,信義區松山路與林口街口,0,0,1,1,C03,6,7,5,50,5,1,1,4,4,5,13,1,1,9,5,5,2,18,2,46,2,9,5,4,7,5,1,10,2,17,,42,,1,21,,121.579041,25.0355219
112,12,20,12,20,2,07信義區,信義區松山路與林口街口,0,0,1,2,,6,7,5,50,5,1,1,4,4,5,13,1,1,9,5,5,2,18,3,0,,,,,,,,,,,,67,,1,,,121.579041,25.0355219
112,12,20,12,24,2,03中山區,中山區建國北路1段23巷34號,0,0,2,1,C03,7,6,5,30,14,9,1,5,4,5,13,4,4,10,5,5,2,12,1,69,2,8,3,4,7,15,1,10,2,12,,17,,1,21,,121.5386458,25.047335
112,12,20,12,24,2,03中山區,中山區建國北路1段23巷34號,0,0,2,3,C03,7,6,5,30,14,9,1,5,4,5,13,4,4,10,5,5,2,12,1,25,3,10,3,4,7,13,1,10,9,13,,44,,1,21,,121.5386458,25.047335
112,12,20,12,24,2,03中山區,中山區建國北路1段23巷34號,0,0,2,2,C03,7,6,5,30,14,9,1,5,4,5,13,4,4,10,5,5,2,12,1,58,2,9,3,4,7,9,1,10,2,14,,44,,1,21,,121.5386458,25.047335
112,12,20,12,30,2,02萬華區,萬華區西園路2段與艋舺大道口,0,0,1,1,B12,7,6,5,50,4,1,1,5,4,5,13,1,1,1,1,5,2,16,1,51,3,10,7,1,7,6,1,8,1,2,,80,,1,21,,121.4967316,25.03288587
112,12,20,12,30,2,02萬華區,萬華區西園路2段與艋舺大道口,0,0,1,2,C03,7,6,5,50,4,1,1,5,4,5,13,1,1,1,1,5,2,16,1,30,2,7,6,1,7,9,1,10,1,14,,44,,1,21,,121.4967316,25.03288587
112,12,20,14,5,2,03中山區,中山區中山北路1段53巷與天津街口,0,0,1,2,C03,8,6,6,30,4,1,1,5,4,5,13,3,1,10,5,5,2,15,1,39,2,9,5,4,7,9,1,10,1,11,,44,,1,22,,121.5226855,25.0490908
112,12,20,14,5,2,03中山區,中山區中山北路1段53巷與天津街口,0,0,1,1,B01,8,6,6,30,4,1,1,5,4,5,13,3,1,10,5,5,2,15,1,28,3,10,3,4,7,9,1,4,1,5,,80,,1,22,,121.5226855,25.0490908
112,12,20,14,16,2,06松山區,松山區八德路4段與基隆路1段口,0,0,1,2,C03,7,5,5,50,4,1,1,5,4,5,13,2,1,5,4,5,2,17,1,23,2,8,6,4,7,9,1,10,1,14,,44,,1,22,,121.5695635,25.04949858
112,12,20,14,16,2,06松山區,松山區八德路4段與基隆路1段口,0,0,1,1,C03,7,5,5,50,4,1,1,5,4,5,13,2,1,5,4,5,2,17,2,51,3,10,6,4,7,15,1,10,1,13,,100,,1,22,,121.5695635,25.04949858
112,12,20,14,43,2,08士林區,士林區至誠路2段115號,0,0,1,1,C03,7,6,5,50,14,9,1,5,4,5,13,4,4,9,5,5,1,17,1,31,2,9,6,1,7,15,1,10,1,14,,42,,1,21,,121.5272248,25.10120388
112,12,20,14,43,2,08士林區,士林區至誠路2段115號,0,0,1,2,B03,7,6,5,50,14,9,1,5,4,5,13,4,4,9,5,5,1,17,1,51,3,10,7,1,7,15,1,2,1,17,,44,,1,21,,121.5272248,25.10120388
112,12,20,15,23,2,01大同區,大同區鄭州路與塔城街口,0,0,1,1,B03,8,6,5,40,4,2,1,5,4,5,13,1,1,1,4,5,2,13,1,25,3,10,7,1,7,9,1,8,1,1,,16,,1,21,,121.5105454,25.05027946
112,12,20,15,23,2,01大同區,大同區鄭州路與塔城街口,0,0,1,2,C03,8,6,5,40,4,2,1,5,4,5,13,1,1,1,4,5,2,13,1,30,2,8,6,1,7,9,1,10,1,13,,44,,1,21,,121.5105454,25.05027946
112,12,20,15,25,2,10文山區,文山區景美堤外便道(景一號疏散門往南),0,0,1,2,C03,7,6,5,30,11,9,1,4,4,5,13,4,4,10,5,5,1,17,2,23,2,8,6,1,7,9,1,10,2,12,,44,,1,21,,121.5372376,24.9892193
112,12,20,15,25,2,10文山區,文山區景美堤外便道(景一號疏散門往南),0,0,1,1,B03,7,6,5,30,11,9,1,4,4,5,13,4,4,10,5,5,1,17,1,46,3,10,7,1,7,1,1,8,2,8,,19,,1,21,,121.5372376,24.9892193
112,12,20,15,44,2,08士林區,士林區芝玉路2段20巷與芝玉路2段口,0,0,2,1,C03,7,6,5,30,4,1,1,5,4,5,13,4,4,10,5,5,1,17,2,41,3,10,5,1,7,9,1,10,11,15,,44,,1,21,,121.5343963,25.1104267
112,12,20,15,44,2,08士林區,士林區芝玉路2段20巷與芝玉路2段口,0,0,2,2,C03,7,6,5,30,4,1,1,5,4,5,13,4,4,10,5,5,1,17,1,42,2,9,6,1,7,9,1,10,1,14,,108,,1,21,,121.5343963,25.1104267
112,12,20,15,44,2,08士林區,士林區芝玉路2段20巷與芝玉路2段口,0,0,2,3,C03,7,6,5,30,4,1,1,5,4,5,13,4,4,10,5,5,1,17,2,23,2,9,6,1,7,9,1,10,1,11,,75,,1,21,,121.5343963,25.1104267
112,12,20,15,51,2,05中正區,中正區寧波西街與南昌路1段口,0,0,1,1,B01,7,7,5,50,4,2,1,5,4,5,13,1,1,10,4,5,2,17,1,63,3,10,7,1,7,5,1,4,1,3,,8,,1,22,,121.5174987,25.0307353
112,12,20,15,51,2,05中正區,中正區寧波西街與南昌路1段口,0,0,1,2,C03,7,7,5,50,4,2,1,5,4,5,13,1,1,10,4,5,2,17,1,24,2,8,5,1,7,12,1,10,1,14,,108,,1,22,,121.5174987,25.0307353