發生年度,發生月,發生日,發生時-Hours,發生分,處理別-編號,區序,肇事地點,死亡人數,2-30日死亡人數,受傷人數,當事人序號,車種,天候,光線,道路類別,速限-速度限制,道路型態,事故位置,路面狀況1,路面狀況2,路面狀況3,道路障礙1,道路障礙2,號誌1,號誌2,車道劃分-分向,車道劃分-分道1,車道劃分-分道2,車道劃分-分道3,事故類型及型態,性別,年齡,受傷程度,主要傷處,保護裝置,行動電話,車輛用途,當事者行動狀態,駕駛資格情形,駕駛執照種類,飲酒情形,車輛撞擊部位1,車輛撞擊部位2,肇因碼-個別,肇因碼-主要,個人肇逃否,職業,旅次目的,座標-X,座標-Y
112,12,20,16,23,2,09北投區,北投區西安街1段313巷與西安街1段313巷16弄口,0,0,2,3,H02,8,6,5,30,4,1,1,5,4,5,12,4,4,10,5,5,2,15,2,7,2,8,2,5,7,20,8,20,10,16,,67,,1,21,,121.5156028,25.1125908
112,12,20,16,23,2,09北投區,北投區西安街1段313巷與西安街1段313巷16弄口,0,0,2,1,C03,8,6,5,30,4,1,1,5,4,5,12,4,4,10,5,5,2,15,1,29,3,10,5,1,7,9,1,9,1,11,,75,,1,21,,121.5156028,25.1125908
112,12,20,16,23,2,09北投區,北投區西安街1段313巷與西安街1段313巷16弄口,0,0,2,2,C03,8,6,5,30,4,1,1,5,4,5,12,4,4,10,5,5,2,15,1,42,2,7,5,1,7,9,1,9,1,11,,44,,1,21,,121.5156028,25.1125908
112,12,20,16,35,2,06松山區,松山區八德路3段251號,0,0,1,1,C03,7,6,5,50,14,9,1,5,4,5,13,4,4,1,4,5,2,13,1,22,3,10,6,4,7,9,1,10,2,14,,108,,1,21,,121.5577633,25.0484212
112,12,20,16,35,2,06松山區,松山區八德路3段251號,0,0,1,2,C03,7,6,5,50,14,9,1,5,4,5,13,4,4,1,4,5,2,13,2,35,2,9,6,4,7,15,1,10,2,12,,67,,1,21,,121.5577633,25.0484212
112,12,20,17,7,2,03中山區,中山區松江路182號,0,0,1,2,C03,7,5,5,30,14,9,1,5,4,5,13,4,4,10,5,5,2,17,1,26,2,7,3,4,7,1,1,10,2,12,,19,,1,21,,121.5329436,25.05647477
112,12,20,17,7,2,03中山區,中山區松江路182號,0,0,1,1,B03,7,5,5,30,14,9,1,5,4,5,13,4,4,10,5,5,2,17,2,47,3,10,3,4,7,9,1,8,2,8,,80,,1,21,,121.5329436,25.05647477
112,12,20,17,15,2,12內湖區,內湖區內湖路1段411巷與港華街口,0,0,1,1,,6,5,5,30,4,1,1,4,4,5,13,1,1,5,5,5,2,12,1,36,3,10,7,1,7,11,1,8,2,8,,8,,1,21,,121.5719097,25.08394846
112,12,20,17,15,2,12內湖區,內湖區內湖路1段411巷與港華街口,0,0,1,2,C03,6,5,5,30,4,1,1,4,4,5,13,1,1,5,5,5,2,12,2,45,2,9,5,1,7,9,1,10,2,11,,44,,1,21,,121.5719097,25.08394846
112,12,20,17,20,2,02萬華區,萬華區光復橋往臺北市,0,0,1,2,B03,8,5,5,50,8,9,1,5,4,5,13,4,4,3,4,5,2,13,1,42,3,10,7,1,7,12,1,8,1,7,,44,,1,21,,121.4895013,25.02373522
112,12,20,17,20,2,02萬華區,萬華區光復橋往臺北市,0,0,1,1,C03,8,5,5,50,8,9,1,5,4,5,13,4,4,3,4,5,2,13,1,30,2,8,6,1,7,9,1,10,1,11,,16,,1,21,,121.4895013,25.02373522
112,12,20,17,27,2,08士林區,士林區文林路與文林路681巷口,0,0,1,1,,7,5,5,50,4,2,1,5,4,5,13,1,1,9,4,5,2,13,1,34,3,10,7,1,7,9,1,8,1,1,,16,,1,21,,121.5220921,25.1011071
112,12,20,17,27,2,08士林區,士林區文林路與文林路681巷口,0,0,1,2,C03,7,5,5,50,4,2,1,5,4,5,13,1,1,9,4,5,2,13,2,38,2,8,5,1,7,9,1,10,1,13,,44,,1,21,,121.5220921,25.1011071
112,12,20,17,27,2,09北投區,北投區立農街2段265號,0,0,1,2,B02,7,6,5,50,14,9,1,5,4,5,13,4,4,9,4,5,2,12,1,46,3,10,7,1,7,14,1,8,2,4,,44,,1,21,,121.5146535,25.11881047
112,12,20,17,27,2,09北投區,北投區立農街2段265號,0,0,1,1,C03,7,6,5,50,14,9,1,5,4,5,13,4,4,9,4,5,2,12,2,45,2,8,5,1,7,15,1,10,7,12,,4,,1,21,,121.5146535,25.11881047
112,12,20,17,32,2,10文山區,文山區興隆路3段153號,0,0,1,2,B01,6,6,5,50,11,9,1,4,4,5,13,1,1,1,4,5,2,12,1,68,3,10,7,1,7,9,1,4,2,4,,44,,1,21,,121.5593748,24.9977355
112,12,20,17,32,2,10文山區,文山區興隆路3段153號,0,0,1,1,C03,6,6,5,50,11,9,1,4,4,5,13,1,1,1,4,5,2,12,1,20,2,7,5,1,7,9,1,10,2,17,,17,,1,21,,121.5593748,24.9977355
112,12,20,17,48,2,03中山區,中山區明水路581巷23號,0,0,1,2,B03,6,5,5,50,14,9,1,4,4,5,13,4,4,9,5,5,2,17,1,46,3,10,3,4,7,1,1,8,11,17,,19,,1,21,,121.5505435,25.0801169
112,12,20,17,48,2,03中山區,中山區明水路581巷23號,0,0,1,1,C03,6,5,5,50,14,9,1,4,4,5,13,4,4,9,5,5,2,17,2,26,2,8,3,4,7,9,1,10,1,17,,16,,1,21,,121.5505435,25.0801169
112,12,20,17,50,2,12內湖區,內湖區南京東路6段368巷30號,0,0,1,1,C03,6,5,5,30,14,9,1,4,4,5,13,4,4,10,5,5,1,12,2,26,2,8,3,4,7,1,1,10,1,13,,19,,1,22,,121.5865296,25.0593123
112,12,20,17,50,2,12內湖區,內湖區南京東路6段368巷30號,0,0,1,2,B03,6,5,5,30,14,9,1,4,4,5,13,4,4,10,5,5,1,12,1,38,3,10,3,4,7,9,1,8,1,8,,44,,1,22,,121.5865296,25.0593123
112,12,20,17,57,2,04大安區,大安區安東街40巷與忠孝東路3段251巷14弄口,0,0,1,1,B03,7,5,5,30,4,2,1,5,4,5,13,4,4,1,5,5,2,13,1,53,3,10,3,4,7,9,1,8,1,1,,108,,1,22,,121.5416337,25.04399647
112,12,20,17,57,2,04大安區,大安區安東街40巷與忠孝東路3段251巷14弄口,0,0,1,2,C03,7,5,5,30,4,2,1,5,4,5,13,4,4,1,5,5,2,13,1,33,2,9,6,4,7,14,1,10,1,13,,44,,1,22,,121.5416337,25.04399647
112,12,20,18,0,2,03中山區,中山區復興南路1段與八德路2段312巷口口,0,0,1,1,C03,7,5,5,50,3,1,1,5,4,5,13,4,4,1,4,5,2,17,1,19,2,9,3,4,7,9,1,10,1,15,,14,,1,21,,121.5441811,25.0474029
112,12,20,18,0,2,03中山區,中山區復興南路1段與八德路2段312巷口口,0,0,1,2,C03,7,5,5,50,3,1,1,5,4,5,13,4,4,1,4,5,2,17,1,48,3,10,3,4,7,1,1,10,1,17,,19,,1,21,,121.5441811,25.0474029
112,12,20,18,0,2,03中山區,中山區復興南路1段與八德路2段312巷口口,0,0,1,3,C03,7,5,5,50,3,1,1,5,4,5,13,4,4,1,4,5,2,17,2,28,3,10,3,4,7,9,1,10,1,13,,44,,1,21,,121.5441811,25.0474029
112,12,20,18,1,2,06松山區,松山區南京東路5段與東興路口,0,0,1,2,C03,6,5,5,50,4,1,1,4,4,5,13,2,1,3,4,5,2,17,2,46,2,9,6,4,7,5,1,10,1,12,,8,,1,22,,121.5651047,25.05144508
112,12,20,18,1,2,06松山區,松山區南京東路5段與東興路口,0,0,1,1,B03,6,5,5,50,4,1,1,4,4,5,13,2,1,3,4,5,2,17,1,62,3,10,3,4,7,6,1,8,1,4,,108,,1,22,,121.5651047,25.05144508
112,12,20,18,9,2,01大同區,大同區蘭州街與昌吉街口,0,0,1,2,C03,8,5,5,50,3,2,1,5,4,5,13,4,4,5,5,5,2,17,2,36,2,8,3,4,7,15,1,10,2,11,,42,,1,21,,121.5154873,25.0659158
112,12,20,18,9,2,01大同區,大同區蘭州街與昌吉街口,0,0,1,1,C03,8,5,5,50,3,2,1,5,4,5,13,4,4,5,5,5,2,17,1,50,3,10,3,4,7,15,6,10,2,11,,42,,1,21,,121.5154873,25.0659158
112,12,20,18,17,2,07信義區,信義區基隆路1段52號,0,0,1,1,C03,6,5,5,50,14,9,1,4,4,5,13,4,4,1,4,5,2,17,1,24,2,9,5,1,7,9,1,10,1,12,,16,,1,21,,121.568409,25.0480847
112,12,20,18,17,2,07信義區,信義區基隆路1段52號,0,0,1,2,B12,6,5,5,50,14,9,1,4,4,5,13,4,4,1,4,5,2,17,1,58,3,10,7,1,7,8,1,8,1,17,,100,,1,21,,121.568409,25.0480847
112,12,20,18,18,2,05中正區,中正區中華路2段與中華路2段467巷口口,0,0,1,1,B03,8,5,5,50,3,1,1,5,4,5,13,1,1,5,5,4,1,15,1,61,3,10,7,1,7,9,1,2,2,1,,44,,1,21,,121.5112014,25.02438016
112,12,20,18,18,2,05中正區,中正區中華路2段與中華路2段467巷口口,0,0,1,2,C04,8,5,5,50,3,1,1,5,4,5,13,1,1,5,5,4,1,15,2,65,2,6,6,1,7,11,1,8,2,12,,103,,1,21,,121.5112014,25.02438016
112,12,20,18,20,2,01大同區,大同區通河西街堤外便道與通河西街堤外便道口承德路越堤道,0,0,1,1,B02,7,5,5,25,3,2,1,5,4,5,13,4,4,9,5,5,2,17,1,26,3,10,7,1,7,6,1,8,1,1,,74,,1,21,,121.5168148,25.0786316
112,12,20,18,20,2,01大同區,大同區通河西街堤外便道與通河西街堤外便道口承德路越堤道,0,0,1,2,C03,7,5,5,25,3,2,1,5,4,5,13,4,4,9,5,5,2,17,1,26,2,9,6,1,7,9,1,10,1,11,,13,,1,21,,121.5168148,25.0786316
112,12,20,18,25,2,05中正區,中正區重慶南路1段與寶慶路口,0,0,2,1,F01,8,5,5,50,4,2,1,5,4,5,13,1,1,9,5,5,2,17,1,65,2,9,5,1,7,5,8,20,1,14,12,8,,1,21,,121.5130251,25.0411174
112,12,20,18,25,2,05中正區,中正區重慶南路1段與寶慶路口,0,0,2,2,C03,8,5,5,50,4,2,1,5,4,5,13,1,1,9,5,5,2,17,2,43,2,8,6,1,7,9,1,10,1,11,11,16,,1,21,,121.5130251,25.0411174
112,12,20,18,35,2,08士林區,士林區德行東路與德行東路132巷口,0,0,1,2,B03,8,5,5,50,4,1,1,5,4,5,13,4,4,4,5,5,1,16,2,70,3,10,7,1,7,9,1,8,2,1,,44,,1,21,,121.5290177,25.1079237
112,12,20,18,35,2,08士林區,士林區德行東路與德行東路132巷口,0,0,1,1,C03,8,5,5,50,4,1,1,5,4,5,13,4,4,4,5,5,1,16,1,51,2,9,5,1,7,5,1,10,2,14,,74,,1,21,,121.5290177,25.1079237
112,12,20,18,56,2,08士林區,士林區長春街6巷5號,0,0,3,1,C03,6,5,5,30,14,9,1,4,4,5,13,4,4,10,5,5,1,2,2,21,2,9,5,1,7,9,1,10,1,11,,107,,1,21,,121.5440982,25.1376366
112,12,20,18,56,2,08士林區,士林區長春街6巷5號,0,0,3,2,H01,6,5,5,30,14,9,1,4,4,5,13,4,4,10,5,5,1,2,2,19,2,9,4,5,8,16,8,20,10,16,,67,,1,21,,121.5440982,25.1376366
112,12,20,18,56,2,08士林區,士林區長春街6巷5號,0,0,3,3,H02,6,5,5,30,14,9,1,4,4,5,13,4,4,10,5,5,1,2,2,22,2,9,5,5,7,20,8,20,10,16,,67,,1,21,,121.5440982,25.1376366
112,12,20,18,58,2,07信義區,信義區基隆路1段與忠孝東路4段口,0,0,1,2,C03,8,5,5,50,4,1,1,5,4,5,13,2,1,2,4,5,2,17,1,34,3,10,6,1,7,9,1,10,1,11,,44,,1,22,,121.5642316,25.0410413
112,12,20,18,58,2,07信義區,信義區基隆路1段與忠孝東路4段口,0,0,1,1,C03,8,5,5,50,4,1,1,5,4,5,13,2,1,2,4,5,2,17,2,53,2,6,6,1,7,15,1,10,1,12,,101,,1,22,,121.5642316,25.0410413
112,12,20,19,3,2,02萬華區,萬華區桂林路與昆明街口,0,0,1,1,C03,8,5,5,50,4,1,1,5,4,5,13,1,1,8,3,5,1,12,2,21,2,7,5,1,7,7,1,10,1,14,,17,,1,21,,121.5039691,25.0380152
112,12,20,19,3,2,02萬華區,萬華區桂林路與昆明街口,0,0,1,2,A04,8,5,5,50,4,1,1,5,4,5,13,1,1,8,3,5,1,12,1,44,3,10,7,1,7,9,1,2,1,2,,44,,1,21,,121.5039691,25.0380152
112,12,20,19,3,2,06松山區,松山區富錦街370號,0,0,1,2,C03,7,5,5,50,14,9,1,5,4,5,13,4,4,8,3,5,2,17,1,44,2,9,6,1,7,9,1,10,1,14,,42,,1,21,,121.5586064,25.06056532
112,12,20,19,3,2,06松山區,松山區富錦街370號,0,0,1,1,B03,7,5,5,50,14,9,1,5,4,5,13,4,4,8,3,5,2,17,2,35,3,10,3,4,7,11,1,8,1,4,,80,,1,21,,121.5586064,25.06056532
112,12,20,19,24,2,09北投區,北投區北投路1段與大興街口,0,0,1,2,C03,8,5,5,50,4,1,1,5,4,5,13,2,1,5,5,4,2,16,1,52,3,10,6,1,7,9,1,10,1,14,,44,,1,22,,121.4997054,25.13025582
112,12,20,19,24,2,09北投區,北投區北投路1段與大興街口,0,0,1,1,C03,8,5,5,50,4,1,1,5,4,5,13,2,1,5,5,4,2,16,1,51,2,9,6,1,7,5,1,10,1,11,,74,,1,22,,121.4997054,25.13025582
112,12,20,19,45,2,06松山區,松山區民權東路4段東往西029燈桿,0,0,1,2,A02,6,5,5,40,14,8,1,4,4,5,13,4,4,1,5,4,2,17,1,50,3,10,3,4,7,8,1,2,1,17,,44,,1,21,,121.5558948,25.06205186
112,12,20,19,45,2,06松山區,松山區民權東路4段東往西029燈桿,0,0,1,3,C03,6,5,5,40,14,8,1,4,4,5,13,4,4,1,5,4,2,17,1,20,2,9,6,4,7,12,1,10,1,14,,42,,1,21,,121.5558948,25.06205186
112,12,20,19,45,2,06松山區,松山區民權東路4段東往西029燈桿,0,0,1,1,C03,6,5,5,40,14,8,1,4,4,5,13,4,4,1,5,4,2,17,2,33,3,10,6,4,7,12,1,10,1,17,,44,,1,22,,121.5558948,25.06205186
112,12,20,19,50,2,02萬華區,萬華區西園路2段與西藏路口,0,0,1,1,B03,8,5,5,50,4,1,1,5,4,5,13,1,1,1,5,5,2,17,1,55,3,10,7,1,7,5,1,8,2,2,,71,,1,21,,121.4956052,25.02878025
112,12,20,19,50,2,02萬華區,萬華區西園路2段與西藏路口,0,0,1,2,C02,8,5,5,50,4,1,1,5,4,5,13,1,1,1,5,5,2,17,1,34,2,9,6,1,7,9,1,9,2,11,,44,,1,21,,121.4956052,25.02878025
112,12,20,19,55,2,03中山區,中山區北安路往西、七海園區前,0,0,3,2,C03,7,5,5,50,14,9,1,5,4,5,13,4,4,1,4,5,2,13,1,51,2,8,5,4,7,13,1,9,1,13,,38,,1,21,,121.5359825,25.0780207
112,12,20,19,55,2,03中山區,中山區北安路往西、七海園區前,0,0,3,3,C03,7,5,5,50,14,9,1,5,4,5,13,4,4,1,4,5,2,13,1,36,2,9,6,4,7,9,1,10,1,12,,44,,1,21,,121.5359825,25.0780207
112,12,20,19,55,2,03中山區,中山區北安路往西、七海園區前,0,0,3,1,C03,7,5,5,50,14,9,1,5,4,5,13,4,4,1,4,5,2,13,1,26,2,9,6,4,7,9,1,10,1,11,,107,,1,21,,121.5359825,25.0780207
112,12,20,20,30,2,07信義區,信義區忠孝東路5段189號,0,0,1,2,H01,6,5,8,0,22,25,4,4,4,5,13,4,4,10,5,5,2,9,2,38,2,7,4,5,8,16,8,20,10,16,,67,,1,22,,121.5692336,25.0411847
112,12,20,20,30,2,07信義區,信義區忠孝東路5段189號,0,0,1,1,,6,5,8,0,22,25,4,4,4,5,13,4,4,10,5,5,2,9,4,0,,,,,,,,,,,,119,,2,,,121.5692336,25.0411847
112,12,20,20,56,2,06松山區,松山區南京東路5段與東興路口,0,0,1,2,B03,6,5,5,50,3,1,1,4,4,5,13,2,1,9,4,5,2,17,1,29,3,10,7,1,7,9,6,8,2,8,,44,,1,22,,121.5654437,25.05143424
112,12,20,20,56,2,06松山區,松山區南京東路5段與東興路口,0,0,1,1,F01,6,5,5,50,3,1,1,4,4,5,13,2,1,9,4,5,2,17,1,68,2,9,4,1,7,5,8,20,2,12,,42,,1,22,,121.5654437,25.05143424
112,12,20,21,4,2,04大安區,大安區辛亥路3段與基隆路3段口,0,0,2,1,C03,6,5,5,50,4,1,1,4,4,5,13,2,1,1,4,5,2,17,1,26,2,9,5,1,7,9,1,10,1,17,,42,,1,21,,121.5465491,25.0189103
112,12,20,21,4,2,04大安區,大安區辛亥路3段與基隆路3段口,0,0,2,2,C03,6,5,5,50,4,1,1,4,4,5,13,2,1,1,4,5,2,17,2,25,2,9,5,1,7,9,1,10,1,17,,42,,1,21,,121.5465491,25.0189103
112,12,20,21,20,2,10文山區,文山區景興路與景興路23巷口,0,0,1,1,C03,6,5,5,50,3,18,1,4,4,5,13,4,4,1,4,5,2,3,1,44,3,10,6,1,7,9,1,10,2,11,,4,,1,21,,121.544684,24.9976998
112,12,20,21,20,2,10文山區,文山區景興路與景興路23巷口,0,0,1,2,H01,6,5,5,50,3,18,1,4,4,5,13,4,4,1,4,5,2,3,1,51,2,1,4,5,8,16,8,20,10,16,,67,,1,21,,121.544684,24.9976998
112,12,20,21,28,2,04大安區,大安區市民大道4段190號,0,0,1,1,C03,6,5,5,40,14,9,1,4,4,5,13,4,4,1,4,5,2,12,2,56,3,10,6,1,7,7,1,10,1,13,,100,,1,21,,121.5539889,25.0442963
112,12,20,21,28,2,04大安區,大安區市民大道4段190號,0,0,1,2,C03,6,5,5,40,14,9,1,4,4,5,13,4,4,1,4,5,2,12,2,27,2,7,6,1,7,9,1,10,1,12,,13,,1,21,,121.5539889,25.0442963
112,12,20,21,30,2,08士林區,士林區至善路2段與臨溪路口,0,0,3,1,C03,8,5,5,50,3,3,1,5,4,5,13,1,1,3,5,5,1,17,1,23,2,9,5,1,7,8,1,10,1,12,,100,,1,21,,121.5430404,25.0973696
112,12,20,21,30,2,08士林區,士林區至善路2段與臨溪路口,0,0,3,2,C03,8,5,5,50,3,3,1,5,4,5,13,1,1,3,5,5,1,17,2,27,2,9,5,1,7,9,1,10,1,14,,108,,1,21,,121.5430404,25.0973696
112,12,20,21,30,2,08士林區,士林區至善路2段與臨溪路口,0,0,3,3,H02,8,5,5,50,3,3,1,5,4,5,13,1,1,3,5,5,1,17,2,24,2,9,5,5,7,21,8,20,10,16,,67,,1,21,,121.5430404,25.0973696
112,12,20,21,37,2,06松山區,松山區市民大道4段35號,0,0,2,1,C03,7,5,5,40,14,9,1,5,4,5,13,4,4,1,3,5,2,17,1,26,3,10,6,1,7,5,1,10,1,14,,118,,1,21,,121.5450169,25.04514326
112,12,20,21,37,2,06松山區,松山區市民大道4段35號,0,0,2,3,H02,7,5,5,40,14,9,1,5,4,5,13,4,4,1,3,5,2,17,1,25,2,9,6,5,7,20,8,20,10,16,,67,,1,21,,121.5450169,25.04514326
112,12,20,21,37,2,06松山區,松山區市民大道4段35號,0,0,2,2,C03,7,5,5,40,14,9,1,5,4,5,13,4,4,1,3,5,2,17,1,25,2,9,6,1,7,9,1,10,1,11,,118,,1,21,,121.5450169,25.04514326
112,12,20,21,40,2,05中正區,中正區羅斯福路1段與林森南路口,0,0,2,3,H02,7,5,5,30,5,2,1,5,4,5,13,2,1,8,4,5,1,17,2,58,2,9,6,5,7,17,8,20,10,16,,67,,1,21,,121.5182567,25.03306989
112,12,20,21,40,2,05中正區,中正區羅斯福路1段與林森南路口,0,0,2,1,B01,7,5,5,30,5,2,1,5,4,5,13,2,1,8,4,5,1,17,1,64,3,10,7,1,7,6,1,2,1,8,,118,,1,21,,121.5182567,25.03306989
112,12,20,21,40,2,05中正區,中正區羅斯福路1段與林森南路口,0,0,2,2,C03,7,5,5,30,5,2,1,5,4,5,13,2,1,8,4,5,1,17,1,61,2,9,6,1,7,6,1,10,1,12,,118,,1,21,,121.5182567,25.03306989
112,12,20,21,50,2,08士林區,士林區承德路5段第1101940號電燈桿前,0,0,1,1,C03,7,5,5,60,14,7,1,5,4,5,13,4,4,1,4,4,2,17,1,56,2,7,5,1,7,9,1,10,1,12,,107,,1,21,,121.5144149,25.095453
112,12,20,21,50,2,08士林區,士林區承德路5段第1101940號電燈桿前,0,0,1,2,B03,7,5,5,60,14,7,1,5,4,5,13,4,4,1,4,4,2,17,1,44,3,10,7,1,7,9,1,8,1,7,,44,,1,21,,121.5144149,25.095453
112,12,20,21,50,2,08士林區,士林區承德路5段第1101940號電燈桿前,0,0,1,3,B03,7,5,5,60,14,7,1,5,4,5,13,4,4,1,4,4,2,17,1,55,3,10,7,1,7,9,1,8,1,2,,44,,1,21,,121.5144149,25.095453
112,12,20,21,52,2,02萬華區,萬華區康定路370號,0,0,1,2,F01,8,5,5,50,14,9,1,5,4,5,13,1,1,9,5,5,2,12,2,49,2,9,4,1,7,9,8,20,1,14,,44,,1,21,,121.5009959,25.0342065
112,12,20,21,52,2,02萬華區,萬華區康定路370號,0,0,1,1,B01,8,5,5,50,14,9,1,5,4,5,13,1,1,9,5,5,2,12,1,44,3,10,7,1,7,9,1,8,1,2,,44,,1,21,,121.5009959,25.0342065
112,12,20,22,7,2,11南港區,南港區松河街與松河街口無名巷,0,0,1,2,C03,6,5,5,40,5,1,1,4,4,5,13,4,4,4,3,5,2,16,2,26,2,9,3,4,7,9,1,10,1,14,,44,,1,21,,121.5832483,25.0528748
112,12,20,22,7,2,11南港區,南港區松河街與松河街口無名巷,0,0,1,1,B03,6,5,5,40,5,1,1,4,4,5,13,4,4,4,3,5,2,16,1,31,3,10,3,4,7,5,1,8,1,8,,74,,1,21,,121.5832483,25.0528748
112,12,21,0,7,2,09北投區,北投區中央北路2段52號,0,0,1,1,C03,7,5,5,50,14,9,1,5,4,5,12,4,4,5,4,5,2,18,1,29,2,9,3,4,7,9,1,10,1,12,,118,,1,22,,121.494663,25.1372288
112,12,21,0,7,2,09北投區,北投區中央北路2段52號,0,0,1,2,,7,5,5,50,14,9,1,5,4,5,12,4,4,5,4,5,2,18,3,0,,,,,,,,,,,,67,,1,,,121.494663,25.1372288
112,12,21,1,34,2,07信義區,信義區和平東路3段391巷8弄12號,0,0,2,2,H01,6,5,5,30,14,9,1,4,4,5,13,4,4,10,5,5,2,1,2,22,2,8,4,5,8,16,8,20,10,16,,60,,1,21,,121.5580666,25.0203401
112,12,21,1,34,2,07信義區,信義區和平東路3段391巷8弄12號,0,0,2,1,C03,6,5,5,30,14,9,1,4,4,5,13,4,4,10,5,5,2,1,1,28,2,7,6,1,7,9,1,10,2,11,,13,,1,21,,121.5580666,25.0203401
112,12,21,3,15,2,07信義區,信義區基隆路1段430號,0,0,1,1,B01,6,5,5,50,14,9,1,4,4,5,13,4,4,1,4,5,2,17,1,65,3,10,7,1,7,1,1,4,1,17,,19,,1,21,,121.559813,25.03367
112,12,21,3,15,2,07信義區,信義區基隆路1段430號,0,0,1,2,C03,6,5,5,50,14,9,1,4,4,5,13,4,4,1,4,5,2,17,1,63,2,7,6,1,7,9,1,10,1,14,,44,,1,21,,121.559813,25.03367
112,12,21,4,35,2,08士林區,士林區中山北路7段190巷與中山北路7段232巷口,0,0,1,1,B03,6,5,5,30,3,1,1,4,4,5,13,4,4,10,5,5,1,3,1,64,3,10,7,1,7,5,1,8,2,4,,70,,1,21,,121.5351049,25.1260549
112,12,21,4,35,2,08士林區,士林區中山北路7段190巷與中山北路7段232巷口,0,0,1,2,H01,6,5,5,30,3,1,1,4,4,5,13,4,4,10,5,5,1,3,1,79,2,9,4,5,8,16,8,20,1,16,,67,,1,21,,121.5351049,25.1260549
112,12,21,5,20,2,01大同區,大同區鄭州路與環河北路1段口,0,0,1,2,C03,8,5,5,0,4,1,1,5,4,5,13,2,1,1,4,5,2,17,1,41,2,9,3,4,7,9,1,10,2,14,,42,,1,21,,121.5068562,25.05061536
112,12,21,5,20,2,01大同區,大同區鄭州路與環河北路1段口,0,0,1,1,B01,8,5,5,0,4,1,1,5,4,5,13,2,1,1,4,5,2,17,1,53,4,11,3,4,7,15,7,19,11,15,,82,,2,22,,121.5068562,25.05061536
112,12,21,6,5,2,03中山區,中山區民生東路1段與中山北路2段口,0,0,1,2,C03,8,5,5,50,4,1,1,5,4,5,13,1,1,1,4,5,2,16,2,41,2,8,6,1,7,9,1,10,1,14,,13,,1,21,,121.5230125,25.05794807
112,12,21,6,5,2,03中山區,中山區民生東路1段與中山北路2段口,0,0,1,1,B03,8,5,5,50,4,1,1,5,4,5,13,1,1,1,4,5,2,16,1,30,3,10,7,1,7,6,1,8,1,6,,9,,1,21,,121.5230125,25.05794807
112,12,21,6,47,2,07信義區,信義區松仁路與松仁路315巷口口,0,0,2,2,C03,6,7,5,30,3,2,1,4,4,5,13,4,4,10,5,5,2,17,2,52,2,8,6,1,7,5,1,10,1,11,12,44,,1,21,,121.5706071,25.0228375
112,12,21,6,47,2,07信義區,信義區松仁路與松仁路315巷口口,0,0,2,1,F01,6,7,5,30,3,2,1,4,4,5,13,4,4,10,5,5,2,17,1,16,2,9,4,1,7,6,8,20,1,11,12,4,,1,21,,121.5706071,25.0228375
112,12,21,7,0,2,04大安區,大安區建國南路1段275號,0,0,1,2,B03,7,6,5,50,14,9,1,5,4,5,13,4,4,5,4,5,2,12,1,51,3,10,7,1,7,1,1,8,1,7,,19,,1,21,,121.5382563,25.0368711
112,12,21,7,0,2,04大安區,大安區建國南路1段275號,0,0,1,1,C03,7,6,5,50,14,9,1,5,4,5,13,4,4,5,4,5,2,12,1,46,2,9,6,1,7,9,1,10,1,11,,108,,1,21,,121.5382563,25.0368711
112,12,21,7,0,2,04大安區,大安區建國南路1段275號,0,0,1,3,A04,7,6,5,50,14,9,1,5,4,5,13,4,4,5,4,5,2,12,1,56,3,10,7,1,7,1,1,1,1,17,,19,,1,22,,121.5382563,25.0368711
112,12,21,7,1,2,06松山區,松山區光復北路與民權東路4段口,0,0,1,3,F01,7,5,5,0,22,20,1,5,4,5,13,4,4,10,5,5,2,17,1,9,3,10,4,4,7,5,8,20,1,11,,44,,1,22,,121.554585,25.06183129
112,12,21,7,1,2,06松山區,松山區光復北路與民權東路4段口,0,0,1,1,F01,7,5,5,0,22,20,1,5,4,5,13,4,4,10,5,5,2,17,1,79,2,9,4,4,7,9,8,20,1,11,,44,,1,22,,121.554585,25.06183129
112,12,21,7,1,2,06松山區,松山區光復北路與民權東路4段口,0,0,1,2,F01,7,5,5,0,22,20,1,5,4,5,13,4,4,10,5,5,2,17,1,10,3,10,4,4,7,5,8,20,1,11,,44,,1,22,,121.554585,25.06183129
112,12,21,7,45,2,04大安區,大安區辛亥路1段113號,0,0,1,1,B03,7,5,5,50,14,9,1,5,4,5,13,4,4,1,4,5,2,12,1,45,3,10,7,1,7,7,1,8,9,8,,100,,1,21,,121.5322328,25.0223563
112,12,21,7,45,2,04大安區,大安區辛亥路1段113號,0,0,1,2,C03,7,5,5,50,14,9,1,5,4,5,13,4,4,1,4,5,2,12,1,26,2,8,6,1,7,9,1,10,9,12,,97,,1,21,,121.5322328,25.0223563