發生年度,發生月,發生日,發生時-Hours,發生分,處理別-編號,區序,肇事地點,死亡人數,2-30日死亡人數,受傷人數,當事人序號,車種,天候,光線,道路類別,速限-速度限制,道路型態,事故位置,路面狀況1,路面狀況2,路面狀況3,道路障礙1,道路障礙2,號誌1,號誌2,車道劃分-分向,車道劃分-分道1,車道劃分-分道2,車道劃分-分道3,事故類型及型態,性別,年齡,受傷程度,主要傷處,保護裝置,行動電話,車輛用途,當事者行動狀態,駕駛資格情形,駕駛執照種類,飲酒情形,車輛撞擊部位1,車輛撞擊部位2,肇因碼-個別,肇因碼-主要,個人肇逃否,職業,旅次目的,座標-X,座標-Y
112,12,21,18,48,2,04大安區,大安區建國南路1段與濟南路3段口,0,0,1,3,C03,6,5,5,50,4,2,1,4,4,5,13,2,1,1,4,5,2,17,1,54,3,10,5,1,7,9,1,10,1,15,,44,,1,21,,121.5374105,25.0402602
112,12,21,18,48,2,04大安區,大安區建國南路1段與濟南路3段口,0,0,1,2,C03,6,5,5,50,4,2,1,4,4,5,13,2,1,1,4,5,2,17,2,45,2,9,5,1,7,9,1,10,1,15,,108,,1,21,,121.5374105,25.0402602
112,12,21,18,48,2,04大安區,大安區建國南路1段與濟南路3段口,0,0,1,1,B12,6,5,5,50,4,2,1,4,4,5,13,2,1,1,4,5,2,17,1,41,3,10,7,4,7,9,1,8,1,5,,108,,1,21,,121.5374105,25.0402602
112,12,21,19,0,2,06松山區,松山區市民大道5段37號,0,0,1,2,B03,6,5,5,40,14,9,1,4,4,3,13,4,4,1,3,5,2,17,1,34,3,10,3,4,7,13,1,8,1,6,,38,,1,21,,121.5600291,25.04610676
112,12,21,19,0,2,06松山區,松山區市民大道5段37號,0,0,1,1,C03,6,5,5,40,14,9,1,4,4,3,13,4,4,1,3,5,2,17,1,22,2,9,6,1,7,5,1,10,1,11,,16,,1,21,,121.5600291,25.04610676
112,12,21,19,0,2,08士林區,士林區天母東路22巷與天母東路口,0,0,2,1,C03,6,5,5,30,4,2,1,4,4,5,13,2,1,1,4,5,1,17,1,58,2,8,5,1,7,5,1,10,2,14,,83,,1,21,,121.5325494,25.11800895
112,12,21,19,0,2,08士林區,士林區天母東路22巷與天母東路口,0,0,2,2,C03,6,5,5,30,4,2,1,4,4,5,13,2,1,1,4,5,1,17,1,27,2,9,5,1,7,9,1,10,2,11,,44,,1,21,,121.5325494,25.11800895
112,12,21,19,45,2,09北投區,北投區承德路7段188巷與承德路7段168巷口,0,0,2,1,C03,8,5,5,30,4,2,1,5,4,5,13,4,4,10,5,5,1,15,2,25,2,9,5,1,7,9,1,10,9,14,,14,,1,21,,121.5086616,25.1143639
112,12,21,19,45,2,09北投區,北投區承德路7段188巷與承德路7段168巷口,0,0,2,2,C03,8,5,5,30,4,2,1,5,4,5,13,4,4,10,5,5,1,15,2,41,2,8,5,1,7,9,1,10,9,12,,75,,1,21,,121.5086616,25.1143639
112,12,21,20,5,2,10文山區,文山區木柵路1段與辛亥路6段口,0,0,1,1,B01,6,5,5,50,14,9,1,4,4,5,13,1,1,3,4,1,2,16,1,62,3,10,7,1,7,7,1,4,2,4,,119,,1,21,,121.5523124,24.98790975
112,12,21,20,5,2,10文山區,文山區木柵路1段與辛亥路6段口,0,0,1,2,C03,6,5,5,50,14,9,1,4,4,5,13,1,1,3,4,1,2,16,2,34,2,9,6,1,7,9,1,10,2,11,12,119,,1,21,,121.5523124,24.98790975
112,12,21,20,11,2,01大同區,大同區承德路1段與華陰街口,0,0,1,2,C03,7,5,5,50,5,1,1,5,4,5,13,2,1,1,4,5,2,17,1,23,2,9,6,1,7,9,1,10,2,11,,44,,1,21,,121.516833,25.0499865
112,12,21,20,11,2,01大同區,大同區承德路1段與華陰街口,0,0,1,1,B03,7,5,5,50,5,1,1,5,4,5,13,2,1,1,4,5,2,17,1,24,3,10,7,1,7,11,1,8,2,5,,98,,1,21,,121.516833,25.0499865
112,12,21,20,48,2,07信義區,信義區福德街84巷9號,0,0,2,2,F01,6,5,5,50,14,9,1,4,4,5,13,4,4,9,5,5,2,13,2,52,2,9,4,1,7,9,8,20,1,15,,44,,1,21,,121.5810084,25.0382513
112,12,21,20,48,2,07信義區,信義區福德街84巷9號,0,0,2,1,C03,6,5,5,50,14,9,1,4,4,5,13,4,4,9,5,5,2,13,1,35,2,8,5,1,7,9,1,10,1,11,,16,,1,21,,121.5810084,25.0382513
112,12,21,21,15,2,03中山區,中山區長春路與伊通街口,0,0,1,1,B02,8,5,5,50,3,1,1,5,4,5,13,2,1,5,4,5,2,16,2,41,3,10,3,4,7,11,1,8,2,4,,10,,1,22,,121.534794,25.0547921
112,12,21,21,15,2,03中山區,中山區長春路與伊通街口,0,0,1,2,C03,8,5,5,50,3,1,1,5,4,5,13,2,1,5,4,5,2,16,1,61,2,9,5,4,7,9,1,10,3,11,,13,,1,21,,121.534794,25.0547921
112,12,21,22,21,2,06松山區,松山區新東街41-7號,0,0,1,2,H01,7,5,5,50,14,9,1,5,4,5,13,4,4,8,3,5,2,3,2,68,3,10,4,5,8,16,8,20,10,16,,121,,1,21,,121.5655373,25.06061374
112,12,21,22,21,2,06松山區,松山區新東街41-7號,0,0,1,1,C03,7,5,5,50,14,9,1,5,4,5,13,4,4,8,3,5,2,3,1,62,2,9,6,4,7,15,1,10,1,14,,44,,1,21,,121.5655373,25.06061374
112,12,21,22,43,2,08士林區,士林區文林路與福國路口,0,0,2,1,C03,8,5,5,50,5,1,1,5,4,5,13,1,1,1,4,5,1,16,1,27,2,9,6,1,7,5,1,10,1,11,,96,,1,22,,121.5214058,25.1017826
112,12,21,22,43,2,08士林區,士林區文林路與福國路口,0,0,2,2,C03,8,5,5,50,5,1,1,5,4,5,13,1,1,1,4,5,1,16,1,26,2,9,6,1,7,9,1,10,1,11,,44,,1,22,,121.5214058,25.1017826
112,12,21,23,15,2,01大同區,大同區承德路2段與民生西路口,0,0,1,1,B01,8,5,5,50,4,1,1,5,4,5,13,2,1,1,4,5,1,16,1,68,3,10,3,4,7,5,1,4,1,8,,8,,1,21,,121.5180771,25.0572194
112,12,21,23,15,2,01大同區,大同區承德路2段與民生西路口,0,0,1,2,F01,8,5,5,50,4,1,1,5,4,5,13,2,1,1,4,5,1,16,2,54,2,9,3,4,7,9,8,20,1,14,,42,,1,21,,121.5180771,25.0572194
112,12,22,2,26,2,05中正區,中正區重慶南路2段與重慶南路2段6巷口,0,0,1,1,B01,8,5,5,50,3,1,1,5,4,5,13,3,1,1,4,5,2,16,1,48,3,10,7,1,7,5,1,4,1,5,,74,,1,22,,121.5127886,25.0343821
112,12,22,2,26,2,05中正區,中正區重慶南路2段與重慶南路2段6巷口,0,0,1,2,C03,8,5,5,50,3,1,1,5,4,5,13,3,1,1,4,5,2,16,2,31,2,9,6,1,7,9,1,10,1,11,,44,,1,22,,121.5127886,25.0343821
112,12,22,4,6,2,03中山區,中山區林森北路342號,0,0,1,2,C03,8,5,5,50,14,9,1,5,4,5,13,4,4,9,4,5,2,17,1,52,2,9,5,1,7,9,1,10,1,15,,44,,1,21,,121.5254922,25.05690758
112,12,22,4,6,2,03中山區,中山區林森北路342號,0,0,1,1,B01,8,5,5,50,14,9,1,5,4,5,13,4,4,9,4,5,2,17,1,47,3,10,7,1,7,1,1,4,1,15,,19,,1,21,,121.5254922,25.05690758
112,12,22,6,25,2,07信義區,信義區松山路292巷與松山路口,0,0,2,1,H01,6,6,5,50,3,2,1,4,4,5,13,1,1,1,4,5,2,3,2,92,2,1,4,5,8,16,8,20,10,16,,122,,1,22,,121.5777432,25.0431676
112,12,22,6,25,2,07信義區,信義區松山路292巷與松山路口,0,0,2,2,C03,6,6,5,50,3,2,1,4,4,5,13,1,1,1,4,5,2,3,1,40,2,9,5,1,7,9,1,10,2,14,,70,,1,22,,121.5777432,25.0431676
112,12,22,6,48,2,04大安區,大安區信義路4段265巷20弄與安和路1段127巷口口,0,0,2,1,F02,7,6,5,30,3,1,1,5,4,5,13,4,4,10,5,5,1,15,2,53,2,3,2,4,7,9,8,20,1,17,,72,,1,21,,121.5540096,25.03510532
112,12,22,6,48,2,04大安區,大安區信義路4段265巷20弄與安和路1段127巷口口,0,0,2,2,C03,7,6,5,30,3,1,1,5,4,5,13,4,4,10,5,5,1,15,2,24,2,8,6,1,7,9,1,10,1,11,,44,,1,21,,121.5540096,25.03510532
112,12,22,7,9,2,01大同區,大同區承德路2段與萬全街口,0,0,1,1,B03,8,6,5,50,4,1,1,5,4,5,13,1,1,1,4,5,2,17,2,50,3,10,7,1,7,6,1,8,1,5,,80,,1,22,,121.5181197,25.05842714
112,12,22,7,9,2,01大同區,大同區承德路2段與萬全街口,0,0,1,2,C03,8,6,5,50,4,1,1,5,4,5,13,1,1,1,4,5,2,17,1,24,2,8,6,1,7,9,1,10,1,14,,13,,1,22,,121.5181197,25.05842714
112,12,22,7,20,2,04大安區,大安區金山南路2段與愛國東路口,0,0,1,1,C03,7,6,5,50,4,2,1,5,4,5,13,2,1,1,3,4,2,12,1,27,2,9,6,1,7,9,1,10,1,11,,16,,1,21,,121.527069,25.0318702
112,12,22,7,20,2,04大安區,大安區金山南路2段與愛國東路口,0,0,1,2,B03,7,6,5,50,4,2,1,5,4,5,13,2,1,1,3,4,2,12,1,34,3,10,7,1,7,9,1,8,1,7,,44,,1,21,,121.527069,25.0318702
112,12,22,7,22,2,08士林區,士林區承德路4段198號,0,0,2,1,C03,8,6,5,40,14,12,1,5,4,5,13,4,4,1,4,4,2,12,1,69,2,1,6,1,7,21,1,10,1,11,,17,,1,21,,121.5221646,25.087675
112,12,22,7,22,2,08士林區,士林區承德路4段198號,0,0,2,2,C03,8,6,5,40,14,12,1,5,4,5,13,4,4,1,4,4,2,12,1,26,2,1,6,1,7,9,1,10,1,13,,17,,1,21,,121.5221646,25.087675
112,12,22,7,24,2,01大同區,大同區承德路3段與敦煌路口,0,0,1,2,B03,8,5,5,50,4,1,1,5,4,5,13,1,1,1,4,5,2,16,2,23,3,10,7,1,7,9,1,8,2,5,,108,,1,21,,121.5199797,25.07517773
112,12,22,7,24,2,01大同區,大同區承德路3段與敦煌路口,0,0,1,1,C03,8,5,5,50,4,1,1,5,4,5,13,1,1,1,4,5,2,16,2,56,2,9,5,1,7,5,1,10,2,14,,8,,1,21,,121.5199797,25.07517773
112,12,22,7,31,2,03中山區,中山區八德路2段167巷與建國北路1段23巷口,0,0,1,2,B03,8,5,5,30,4,1,1,5,4,5,13,4,4,10,5,5,2,15,1,34,3,10,3,4,7,9,1,8,1,2,,107,,1,22,,121.5379342,25.04738831
112,12,22,7,31,2,03中山區,中山區八德路2段167巷與建國北路1段23巷口,0,0,1,1,C03,8,5,5,30,4,1,1,5,4,5,13,4,4,10,5,5,2,15,1,26,2,9,6,1,7,9,1,10,1,11,,107,,1,22,,121.5379342,25.04738831
112,12,22,7,47,2,10文山區,文山區木新路3段與保儀路口,0,0,1,1,B03,8,5,5,50,3,2,1,5,4,5,13,2,1,9,4,5,1,17,1,47,3,10,7,1,7,5,1,8,1,2,,74,,1,21,,121.5656492,24.9829209
112,12,22,7,47,2,10文山區,文山區木新路3段與保儀路口,0,0,1,2,C03,8,5,5,50,3,2,1,5,4,5,13,2,1,9,4,5,1,17,1,39,2,8,5,1,7,9,1,10,1,11,,44,,1,21,,121.5656492,24.9829209
112,12,22,8,6,2,04大安區,大安區忠孝東路3段237巷與忠孝東路3段口,0,0,1,2,C03,7,7,5,50,3,2,1,5,4,5,13,4,4,1,4,5,2,17,1,31,2,9,6,1,7,9,1,10,1,17,,118,,1,21,,121.5407184,25.0417827
112,12,22,8,6,2,04大安區,大安區忠孝東路3段237巷與忠孝東路3段口,0,0,1,1,B03,7,7,5,50,3,2,1,5,4,5,13,4,4,1,4,5,2,17,4,0,,,,,,,,,,,,119,,2,,,121.5407184,25.0417827
112,12,22,8,25,2,07信義區,信義區信安街104號,0,0,1,1,C03,7,7,5,50,14,9,1,5,4,5,13,4,4,5,5,5,2,12,1,49,2,9,3,4,7,9,1,10,1,14,,44,,1,21,,121.5563551,25.0252334
112,12,22,8,25,2,07信義區,信義區信安街104號,0,0,1,2,B12,7,7,5,50,14,9,1,5,4,5,13,4,4,5,5,5,2,12,1,45,3,10,3,4,7,9,1,8,1,2,,44,,1,21,,121.5563551,25.0252334
112,12,22,8,26,2,12內湖區,內湖區瑞光路26巷與民權東路6段21巷口,0,0,1,2,C03,7,6,8,50,3,1,1,5,4,5,13,4,4,5,5,5,2,16,2,37,2,9,5,1,7,9,1,10,1,11,,44,,1,21,,121.5822903,25.06883509
112,12,22,8,26,2,12內湖區,內湖區瑞光路26巷與民權東路6段21巷口,0,0,1,1,C03,7,6,8,50,3,1,1,5,4,5,13,4,4,5,5,5,2,16,1,31,3,10,5,1,7,15,1,10,1,14,,10,,1,21,,121.5822903,25.06883509
112,12,22,8,28,2,11南港區,南港區忠孝東路6段與永吉路口,0,0,1,2,C04,8,6,5,50,5,1,1,5,4,5,13,2,1,5,4,5,2,17,1,29,2,1,3,4,7,9,1,11,1,12,,44,,1,22,,121.5827124,25.0454035
112,12,22,8,28,2,11南港區,南港區忠孝東路6段與永吉路口,0,0,1,1,B01,8,6,5,50,5,1,1,5,4,5,13,2,1,5,4,5,2,17,1,62,3,10,3,4,7,6,1,4,1,17,,9,,1,22,,121.5827124,25.0454035
112,12,22,8,33,2,09北投區,北投區承德路7段310號南往北,0,0,1,2,C03,8,5,5,60,14,9,1,5,4,5,13,4,4,9,4,4,1,11,1,44,2,8,6,1,7,9,1,10,1,14,,17,,1,21,,121.504573,25.1168919
112,12,22,8,33,2,09北投區,北投區承德路7段310號南往北,0,0,1,1,C03,8,5,5,60,14,9,1,5,4,5,13,4,4,9,4,4,1,11,1,49,3,10,6,1,7,9,1,10,1,12,,17,,1,21,,121.504573,25.1168919
112,12,22,8,35,2,08士林區,士林區承德路5段80號對面,0,0,2,4,B03,7,5,5,40,14,8,1,5,4,5,13,4,4,1,4,4,2,12,1,24,3,10,7,1,7,14,1,8,1,3,,44,,1,21,,121.5145573,25.09504931
112,12,22,8,35,2,08士林區,士林區承德路5段80號對面,0,0,2,1,C03,7,5,5,40,14,8,1,5,4,5,13,4,4,1,4,4,2,12,1,21,2,8,6,1,7,9,1,10,1,11,,16,,1,21,,121.5145573,25.09504931
112,12,22,8,35,2,08士林區,士林區承德路5段80號對面,0,0,2,2,C03,7,5,5,40,14,8,1,5,4,5,13,4,4,1,4,4,2,12,2,31,2,8,6,1,7,14,1,10,1,14,,44,,1,21,,121.5145573,25.09504931
112,12,22,8,35,2,08士林區,士林區承德路5段80號對面,0,0,2,3,C03,7,5,5,40,14,8,1,5,4,5,13,4,4,1,4,4,2,12,1,25,3,10,6,1,7,14,1,10,1,14,,44,,1,21,,121.5145573,25.09504931
112,12,22,8,53,2,11南港區,南港區昆陽街與昆陽街134巷口,0,0,1,1,C03,8,7,5,30,3,1,1,5,4,5,13,4,4,9,4,5,2,13,2,49,2,8,5,1,7,9,1,10,1,11,,108,,1,21,,121.5941555,25.0480589
112,12,22,8,53,2,11南港區,南港區昆陽街與昆陽街134巷口,0,0,1,2,C03,8,7,5,30,3,1,1,5,4,5,13,4,4,9,4,5,2,13,1,30,3,10,5,1,7,9,1,10,1,13,,44,,1,21,,121.5941555,25.0480589
112,12,22,9,0,2,07信義區,信義區松智路與信義路5段口,0,0,1,2,C03,7,7,5,50,4,1,1,5,4,5,13,1,1,1,4,5,2,17,1,39,2,8,5,1,7,9,1,10,1,12,,17,,1,21,,121.5655818,25.032983
112,12,22,9,0,2,07信義區,信義區松智路與信義路5段口,0,0,1,1,B03,7,7,5,50,4,1,1,5,4,5,13,1,1,1,4,5,2,17,1,48,3,10,7,1,7,6,1,8,1,8,,44,,1,21,,121.5655818,25.032983
112,12,22,9,0,2,07信義區,信義區忠孝東路4段與逸仙路口,0,0,2,2,C03,8,6,5,50,4,1,1,5,4,5,13,1,1,3,4,5,2,12,1,29,2,9,6,1,7,9,1,10,2,11,,44,,1,21,,121.561741,25.0413467
112,12,22,9,0,2,07信義區,信義區忠孝東路4段與逸仙路口,0,0,2,1,C03,8,6,5,50,4,1,1,5,4,5,13,1,1,3,4,5,2,12,1,41,2,9,6,1,7,8,1,10,2,13,,101,,1,21,,121.561741,25.0413467
112,12,22,9,10,2,04大安區,大安區和平東路2段107巷與和平東路2段口,0,0,1,2,B03,7,7,5,50,3,2,1,5,4,5,13,1,1,1,4,4,2,12,1,41,3,10,7,1,7,9,1,8,1,8,,44,,1,21,,121.5403698,25.0252116
112,12,22,9,10,2,04大安區,大安區和平東路2段107巷與和平東路2段口,0,0,1,1,C03,7,7,5,50,3,2,1,5,4,5,13,1,1,1,4,4,2,12,2,59,2,9,6,1,7,9,1,10,1,12,,101,,1,21,,121.5403698,25.0252116
112,12,22,9,24,2,12內湖區,內湖區康寧路3段70巷與康寧路3段190巷口,0,0,1,1,C03,7,7,5,30,4,1,1,5,4,4,13,3,1,10,5,5,2,16,2,30,2,9,5,1,7,9,1,10,2,14,12,84,,1,21,,121.6099768,25.0685816
112,12,22,9,24,2,12內湖區,內湖區康寧路3段70巷與康寧路3段190巷口,0,0,1,2,E04,7,7,5,30,4,1,1,5,4,4,13,3,1,10,5,5,2,16,1,41,3,10,7,1,7,9,1,8,2,5,,44,,1,21,,121.6099768,25.0685816
112,12,22,9,27,2,08士林區,士林區後港街66號,0,0,1,1,C03,8,6,5,30,14,9,1,5,4,5,13,4,4,10,5,5,2,17,1,23,2,9,5,1,7,9,1,10,2,11,,13,,1,21,,121.5214084,25.08533343
112,12,22,9,27,2,08士林區,士林區後港街66號,0,0,1,2,B03,8,6,5,30,14,9,1,5,4,5,13,4,4,10,5,5,2,17,1,66,3,10,3,4,7,9,1,8,2,8,,44,,1,21,,121.5214084,25.08533343
112,12,22,9,27,2,08士林區,士林區後港街66號,0,0,1,3,B11,8,6,5,30,14,9,1,5,4,5,13,4,4,10,5,5,2,17,1,57,3,10,3,4,7,9,1,3,2,17,,44,,1,21,,121.5214084,25.08533343
112,12,22,9,27,2,09北投區,北投區承德路6段往南2121279號燈桿,0,0,2,1,C03,7,7,5,60,14,9,1,5,4,5,13,4,4,1,4,5,2,17,1,21,2,8,6,1,7,15,1,10,2,15,,42,,1,21,,121.512217,25.101016
112,12,22,9,27,2,09北投區,北投區承德路6段往南2121279號燈桿,0,0,2,2,C03,7,7,5,60,14,9,1,5,4,5,13,4,4,1,4,5,2,17,1,70,2,1,5,1,7,21,1,10,2,15,,44,,1,21,,121.512217,25.101016
112,12,22,10,6,2,10文山區,文山區指南路3段34巷電桿編號指南幹73B7227AC76旁,0,0,1,2,,7,6,5,30,11,9,1,4,4,5,13,4,4,10,5,5,2,18,3,0,,,,,,,,,1,,,67,,1,,,121.5795134,24.97890846
112,12,22,10,6,2,10文山區,文山區指南路3段34巷電桿編號指南幹73B7227AC76旁,0,0,1,1,C03,7,6,5,30,11,9,1,4,4,5,13,4,4,10,5,5,2,18,1,29,2,9,5,1,7,9,1,10,1,12,,44,,1,21,,121.5795134,24.97890846
112,12,22,10,17,2,03中山區,中山區民生東路2段159巷與建國北路2段116巷口,0,0,2,1,B03,7,5,5,30,4,1,1,5,4,3,10,4,4,10,5,5,2,15,1,27,3,10,3,4,7,9,1,8,2,8,,72,,1,21,,121.5360461,25.0588125
112,12,22,10,17,2,03中山區,中山區民生東路2段159巷與建國北路2段116巷口,0,0,2,3,H02,7,5,5,30,4,1,1,5,4,3,10,4,4,10,5,5,2,15,2,48,2,9,3,5,7,21,8,20,10,16,,67,,1,21,,121.5360461,25.0588125
112,12,22,10,17,2,03中山區,中山區民生東路2段159巷與建國北路2段116巷口,0,0,2,2,C04,7,5,5,30,4,1,1,5,4,3,10,4,4,10,5,5,2,15,2,20,2,9,3,4,7,9,1,10,2,12,,108,,1,21,,121.5360461,25.0588125
112,12,22,10,17,2,03中山區,中山區民生東路2段159巷與建國北路2段116巷口,0,0,2,4,,7,5,5,30,4,1,1,5,4,3,10,4,4,10,5,5,2,15,1,43,3,10,3,4,7,13,1,10,11,17,,38,,1,21,,121.5360461,25.0588125
112,12,22,10,19,2,10文山區,文山區興隆路2段46號,0,0,1,1,B03,7,6,5,50,14,9,1,5,4,5,10,3,1,1,4,5,2,17,1,46,3,10,7,1,7,1,1,8,2,8,,19,,1,21,,121.5464822,24.9990172
112,12,22,10,19,2,10文山區,文山區興隆路2段46號,0,0,1,2,C03,7,6,5,50,14,9,1,5,4,5,10,3,1,1,4,5,2,17,1,46,2,9,5,1,7,9,1,10,2,11,,13,,1,21,,121.5464822,24.9990172
112,12,22,10,30,2,10文山區,文山區興隆路4段與興隆路4段66巷口,0,0,2,2,C03,8,5,5,50,4,1,1,5,4,5,13,4,4,9,4,5,1,17,1,59,2,9,5,1,7,9,1,10,2,12,,44,,1,21,,121.5614838,24.984933
112,12,22,10,30,2,10文山區,文山區興隆路4段與興隆路4段66巷口,0,0,2,1,C03,8,5,5,50,4,1,1,5,4,5,13,4,4,9,4,5,1,17,2,71,2,9,5,1,7,1,1,10,2,11,,19,,1,21,,121.5614838,24.984933
112,12,22,10,36,2,07信義區,信義區忠孝東路5段353號,0,0,1,2,C03,7,7,5,50,14,9,1,5,4,5,13,1,1,3,4,5,2,12,2,26,2,9,3,4,7,9,1,10,1,14,,119,,1,21,,121.5741667,25.0409493
112,12,22,10,36,2,07信義區,信義區忠孝東路5段353號,0,0,1,1,B03,7,7,5,50,14,9,1,5,4,5,13,1,1,3,4,5,2,12,1,42,3,10,3,4,7,8,1,8,1,2,,119,,1,21,,121.5741667,25.0409493
112,12,22,10,45,2,01大同區,大同區重慶北路1段與長安西路口,0,0,1,2,C03,7,6,5,50,4,2,1,5,4,5,13,2,1,1,4,5,2,17,2,32,2,8,6,1,7,9,1,10,1,11,,13,,1,21,,121.5138577,25.0515971
112,12,22,10,45,2,01大同區,大同區重慶北路1段與長安西路口,0,0,1,1,B03,7,6,5,50,4,2,1,5,4,5,13,2,1,1,4,5,2,17,1,54,3,10,7,1,7,15,1,8,1,17,,71,,1,21,,121.5138577,25.0515971
112,12,22,11,2,2,01大同區,大同區安西街與延平北路2段272巷口,0,0,1,1,C03,8,5,5,30,4,1,1,5,4,5,13,4,4,10,5,5,2,15,1,58,2,9,5,1,7,9,1,10,1,12,,72,,1,21,,121.5097736,25.06208775
112,12,22,11,2,2,01大同區,大同區安西街與延平北路2段272巷口,0,0,1,2,B03,8,5,5,30,4,1,1,5,4,5,13,4,4,10,5,5,2,15,1,36,3,10,7,1,7,9,1,8,1,1,,44,,1,21,,121.5097736,25.06208775
112,12,22,11,10,2,12內湖區,內湖區陽光街55號,0,0,1,1,C03,7,6,5,50,14,9,1,5,4,5,13,4,4,5,5,5,1,16,1,74,2,8,6,1,7,5,1,10,1,14,,42,,1,21,,121.5868293,25.0766431
112,12,22,11,10,2,12內湖區,內湖區陽光街55號,0,0,1,2,C03,7,6,5,50,14,9,1,5,4,5,13,4,4,5,5,5,1,16,1,45,3,10,6,1,7,9,1,10,1,11,,42,,1,21,,121.5868293,25.0766431
112,12,22,11,48,2,05中正區,中正區水源路139號,0,0,2,1,B12,7,6,5,50,14,9,1,5,4,5,13,4,4,10,4,5,2,12,1,52,3,10,7,1,7,9,1,8,2,5,,108,,1,21,,121.5163147,25.02314238
112,12,22,11,48,2,05中正區,中正區水源路139號,0,0,2,2,C03,7,6,5,50,14,9,1,5,4,5,13,4,4,10,4,5,2,12,1,72,2,9,5,1,7,9,3,18,2,14,,44,,1,21,,121.5163147,25.02314238
112,12,22,11,48,2,05中正區,中正區水源路139號,0,0,2,3,H02,7,6,5,50,14,9,1,5,4,5,13,4,4,10,4,5,2,12,2,35,2,8,5,5,7,20,8,20,10,16,,67,,1,21,,121.5163147,25.02314238
112,12,22,12,5,2,04大安區,大安區光復南路180巷、廢鐵道口,0,0,2,1,C03,7,7,5,30,4,1,1,2,4,5,13,4,4,1,5,5,2,17,1,24,2,9,6,1,7,5,1,10,1,11,,71,,1,21,,121.5566393,25.0423521
112,12,22,12,5,2,04大安區,大安區光復南路180巷、廢鐵道口,0,0,2,2,C03,7,7,5,30,4,1,1,2,4,5,13,4,4,1,5,5,2,17,1,66,2,9,6,1,7,9,1,10,1,11,,14,,1,21,,121.5566393,25.0423521
112,12,22,12,12,2,07信義區,信義區松勇路29號,0,0,1,1,C03,6,7,5,30,14,9,1,4,4,5,13,4,4,9,5,5,2,13,1,39,2,9,5,4,7,9,1,10,1,11,,13,,1,21,,121.5698009,25.037153
112,12,22,12,12,2,07信義區,信義區松勇路29號,0,0,1,2,B03,6,7,5,30,14,9,1,4,4,5,13,4,4,9,5,5,2,13,1,47,3,10,3,4,7,6,1,8,1,3,,44,,1,21,,121.5698009,25.037153
112,12,22,12,40,2,05中正區,中正區中山北路1段與市民大道2段口,0,0,2,3,,7,6,5,40,4,1,1,5,4,5,13,1,1,10,5,5,2,17,3,0,,,,,,,,,10,,,67,,1,,,121.5208392,25.0479773
112,12,22,12,40,2,05中正區,中正區中山北路1段與市民大道2段口,0,0,2,4,H02,7,6,5,40,4,1,1,5,4,5,13,1,1,10,5,5,2,17,2,26,2,9,2,5,7,20,8,20,10,16,,67,,1,22,,121.5208392,25.0479773
112,12,22,12,40,2,05中正區,中正區中山北路1段與市民大道2段口,0,0,2,1,A41,7,6,5,40,4,1,1,5,4,5,13,1,1,10,5,5,2,17,1,48,,,,,,,,,11,,,119,,2,,,121.5208392,25.0479773
112,12,22,12,40,2,05中正區,中正區中山北路1段與市民大道2段口,0,0,2,2,C03,7,6,5,40,4,1,1,5,4,5,13,1,1,10,5,5,2,17,1,25,2,8,5,1,7,9,1,10,2,11,,44,,1,22,,121.5208392,25.0479773
112,12,22,12,42,2,11南港區,南港區忠孝東路6段與昆陽街157巷口,0,0,1,1,B03,7,7,5,50,5,1,1,5,4,5,13,1,1,1,1,4,2,15,2,38,3,10,7,1,7,15,1,8,1,6,,17,,1,22,,121.5955655,25.0508266
112,12,22,12,42,2,11南港區,南港區忠孝東路6段與昆陽街157巷口,0,0,1,2,C03,7,7,5,50,5,1,1,5,4,5,13,1,1,1,1,4,2,15,1,60,2,9,5,1,7,9,1,10,1,11,,44,,1,22,,121.5955655,25.0508266
112,12,22,13,2,2,11南港區,南港區經貿一路與經貿二路157巷口,0,0,3,1,B03,8,6,5,50,3,1,1,5,4,5,13,2,1,1,4,5,1,16,1,50,2,1,3,4,7,5,1,8,1,5,,8,,1,22,,121.617947,25.0609429
112,12,22,13,2,2,11南港區,南港區經貿一路與經貿二路157巷口,0,0,3,2,B03,8,6,5,50,3,1,1,5,4,5,13,2,1,1,4,5,1,16,1,19,2,1,3,4,7,9,1,8,1,8,,86,,1,22,,121.617947,25.0609429
112,12,22,13,2,2,11南港區,南港區經貿一路與經貿二路157巷口,0,0,3,3,H02,8,6,5,50,3,1,1,5,4,5,13,2,1,1,4,5,1,16,2,44,2,8,3,5,7,17,8,20,10,17,,67,,1,22,,121.617947,25.0609429
112,12,22,13,13,2,05中正區,中正區羅斯福路1段129號,0,0,2,1,C03,7,7,5,50,14,9,1,5,4,5,13,4,4,1,4,5,2,17,1,51,2,8,5,1,7,1,1,10,1,14,,19,,1,22,,121.5202927,25.0301634
112,12,22,13,13,2,05中正區,中正區羅斯福路1段129號,0,0,2,2,C03,7,7,5,50,14,9,1,5,4,5,13,4,4,1,4,5,2,17,1,27,2,9,5,1,7,9,1,10,1,12,,44,,1,22,,121.5202927,25.0301634