發生年度,發生月,發生日,發生時-Hours,發生分,處理別-編號,區序,肇事地點,死亡人數,2-30日死亡人數,受傷人數,當事人序號,車種,天候,光線,道路類別,速限-速度限制,道路型態,事故位置,路面狀況1,路面狀況2,路面狀況3,道路障礙1,道路障礙2,號誌1,號誌2,車道劃分-分向,車道劃分-分道1,車道劃分-分道2,車道劃分-分道3,事故類型及型態,性別,年齡,受傷程度,主要傷處,保護裝置,行動電話,車輛用途,當事者行動狀態,駕駛資格情形,駕駛執照種類,飲酒情形,車輛撞擊部位1,車輛撞擊部位2,肇因碼-個別,肇因碼-主要,個人肇逃否,職業,旅次目的,座標-X,座標-Y
112,12,23,21,40,2,07信義區,信義區莊敬路356號,0,0,1,1,C03,6,5,5,30,14,9,1,4,4,5,13,4,4,10,5,5,2,29,1,31,2,9,5,1,7,15,1,10,9,15,,118,,1,22,,121.5639509,25.027896
112,12,23,21,54,2,05中正區,中正區南海路與重慶南路2段口口,0,0,1,1,C03,6,5,5,30,4,1,1,4,4,5,13,1,1,1,5,5,2,2,1,34,3,10,5,1,7,6,1,10,1,11,,107,,1,21,,121.5145116,25.0318657
112,12,23,21,54,2,05中正區,中正區南海路與重慶南路2段口口,0,0,1,2,H01,6,5,5,30,4,1,1,4,4,5,13,1,1,1,5,5,2,2,2,76,2,8,4,5,8,16,8,20,10,16,,121,,1,21,,121.5145116,25.0318657
112,12,23,21,55,2,07信義區,信義區吳興街220巷11弄與吳興街220巷口,0,0,2,1,C03,6,6,5,50,4,2,1,4,4,5,13,4,4,10,5,5,2,9,1,26,2,9,5,1,7,9,1,10,1,11,,14,,1,21,,121.5628237,25.0274989
112,12,23,21,55,2,07信義區,信義區吳興街220巷11弄與吳興街220巷口,0,0,2,2,H01,6,6,5,50,4,2,1,4,4,5,13,4,4,10,5,5,2,9,1,59,2,9,4,5,8,16,8,20,10,16,,67,,1,21,,121.5628237,25.0274989
112,12,23,22,22,2,12內湖區,內湖區民權大橋東向西,0,0,3,1,F01,6,5,5,30,14,11,1,4,4,5,13,4,4,1,4,4,2,13,2,45,2,9,4,1,7,9,8,20,1,15,,29,,1,21,,121.5696476,25.0639486
112,12,23,22,22,2,12內湖區,內湖區民權大橋東向西,0,0,3,3,C03,6,5,5,30,14,11,1,4,4,5,13,4,4,1,4,4,2,13,1,22,2,9,5,1,7,9,1,10,1,11,,108,,1,21,,121.5696476,25.0639486
112,12,23,22,22,2,12內湖區,內湖區民權大橋東向西,0,0,3,2,C03,6,5,5,30,14,11,1,4,4,5,13,4,4,1,4,4,2,13,1,52,2,9,5,1,7,9,1,10,1,15,,17,,1,21,,121.5696476,25.0639486
112,12,23,23,16,2,03中山區,中山區南京東路3段與遼寧街口,0,0,1,1,B02,6,5,5,50,3,18,1,4,4,5,13,2,1,9,4,5,2,2,1,47,3,10,7,1,7,5,1,8,1,4,,70,,1,21,,121.5420515,25.05194949
112,12,23,23,16,2,03中山區,中山區南京東路3段與遼寧街口,0,0,1,2,H01,6,5,5,50,3,18,1,4,4,5,13,2,1,9,4,5,2,2,1,38,2,7,4,5,8,16,8,20,10,16,,67,,1,21,,121.5420515,25.05194949
112,12,23,23,35,2,03中山區,中山區復興北路402巷與民權東路3段60巷口,0,0,1,1,B02,6,6,5,30,4,1,1,4,4,5,13,4,4,9,4,5,2,15,1,26,3,10,3,4,7,9,1,8,1,2,,72,,1,21,,121.5424659,25.06178829
112,12,23,23,35,2,03中山區,中山區復興北路402巷與民權東路3段60巷口,0,0,1,2,B01,6,6,5,30,4,1,1,4,4,5,13,4,4,9,4,5,2,15,1,35,3,10,3,4,7,9,1,4,1,1,,44,,1,21,,121.5424659,25.06178829
112,12,23,23,35,2,03中山區,中山區復興北路402巷與民權東路3段60巷口,0,0,1,3,H02,6,6,5,30,4,1,1,4,4,5,13,4,4,9,4,5,2,15,2,25,2,3,3,5,7,21,8,20,10,16,,67,,1,21,,121.5424659,25.06178829
112,12,24,0,45,2,04大安區,大安區基隆路3段與長興街口,0,0,2,2,B03,6,5,5,50,4,2,1,4,4,5,13,2,1,1,4,5,2,17,1,35,2,8,7,1,7,1,1,8,2,6,,44,,1,21,,121.5442867,25.01737098
112,12,24,0,45,2,04大安區,大安區基隆路3段與長興街口,0,0,2,1,C03,6,5,5,50,4,2,1,4,4,5,13,2,1,1,4,5,2,17,1,33,2,8,6,1,7,9,1,10,2,11,,44,,1,21,,121.5442867,25.01737098
112,12,24,3,15,2,05中正區,中正區重慶北路1段與鄭州路口口,0,0,1,1,B03,6,5,5,40,4,1,1,4,4,5,13,2,1,9,4,5,1,15,1,30,3,10,7,1,7,9,1,8,2,6,,98,,1,21,,121.5133221,25.0493339
112,12,24,3,15,2,05中正區,中正區重慶北路1段與鄭州路口口,0,0,1,2,B03,6,5,5,40,4,1,1,4,4,5,13,2,1,9,4,5,1,15,1,17,3,10,7,1,7,9,2,18,2,1,,13,,1,21,,121.5133221,25.0493339
112,12,24,3,15,2,05中正區,中正區重慶北路1段與鄭州路口口,0,0,1,3,H02,6,5,5,40,4,1,1,4,4,5,13,2,1,9,4,5,1,15,1,17,2,1,7,5,7,20,8,20,10,16,,67,,1,21,,121.5133221,25.0493339
112,12,24,6,49,2,04大安區,大安區市民大道4段與光復南路口,0,0,1,1,B01,6,5,5,40,4,1,1,4,4,5,13,1,1,1,3,1,1,16,1,57,3,10,7,1,7,5,1,1,1,2,,8,,1,21,,121.5576664,25.0449813
112,12,24,6,49,2,04大安區,大安區市民大道4段與光復南路口,0,0,1,2,C03,6,5,5,40,4,1,1,4,4,5,13,1,1,1,3,1,1,16,1,26,2,9,5,1,7,9,3,18,1,11,,13,,1,21,,121.5576664,25.0449813
112,12,24,7,20,2,04大安區,大安區敦化南路2段與安和路2段171巷口,0,0,2,1,A12,8,7,5,50,4,1,1,5,4,5,13,2,1,1,4,5,2,15,1,58,3,10,3,4,7,9,1,2,1,1,,81,,1,21,,121.5487387,25.0281365
112,12,24,7,20,2,04大安區,大安區敦化南路2段與安和路2段171巷口,0,0,2,2,B03,8,7,5,50,4,1,1,5,4,5,13,2,1,1,4,5,2,15,1,66,2,5,3,4,7,9,1,8,1,6,,44,,1,21,,121.5487387,25.0281365
112,12,24,7,20,2,04大安區,大安區敦化南路2段與安和路2段171巷口,0,0,2,3,H02,8,7,5,50,4,1,1,5,4,5,13,2,1,1,4,5,2,15,2,64,2,7,3,5,7,20,8,20,10,16,,67,,1,21,,121.5487387,25.0281365
112,12,24,8,31,2,11南港區,南港區研究院路2段與研究院路2段12巷口口,0,0,1,2,C03,6,6,5,50,3,1,1,4,4,5,13,2,1,1,4,5,1,17,1,22,2,9,5,1,7,9,1,10,1,11,,13,,1,21,,121.6156574,25.0477186
112,12,24,8,31,2,11南港區,南港區研究院路2段與研究院路2段12巷口口,0,0,1,1,B03,6,6,5,50,3,1,1,4,4,5,13,2,1,1,4,5,1,17,1,50,3,10,7,1,7,1,1,8,1,7,,19,,1,21,,121.6156574,25.0477186
112,12,24,9,54,2,06松山區,松山區新東街41-6號對面,0,0,1,1,B03,8,5,5,50,14,9,1,5,4,5,13,4,4,4,5,5,2,17,1,54,3,10,7,1,7,14,1,8,1,4,,40,,1,21,,121.5656469,25.06049602
112,12,24,9,54,2,06松山區,松山區新東街41-6號對面,0,0,1,2,C03,8,5,5,50,14,9,1,5,4,5,13,4,4,4,5,5,2,17,1,55,2,9,5,1,7,9,1,10,1,12,,44,,1,22,,121.5656469,25.06049602
112,12,24,11,13,2,07信義區,信義區松壽路1號與松智路口,0,0,1,2,C03,6,5,5,50,3,2,1,4,4,5,13,4,4,5,4,5,2,17,1,68,2,5,6,1,7,15,1,10,1,14,,44,,1,21,,121.5650086,25.0359576
112,12,24,11,13,2,07信義區,信義區松壽路1號與松智路口,0,0,1,1,B03,6,5,5,50,3,2,1,4,4,5,13,4,4,5,4,5,2,17,1,35,3,10,7,1,7,5,1,8,1,1,,74,,1,21,,121.5650086,25.0359576
112,12,24,11,31,2,07信義區,信義區松山路與松山路342巷口,0,0,1,1,C03,7,6,5,30,3,2,1,4,4,5,13,4,4,10,5,5,2,16,1,64,3,10,5,1,7,5,1,10,1,11,,107,,1,21,,121.5778586,25.0414185
112,12,24,11,31,2,07信義區,信義區松山路與松山路342巷口,0,0,1,2,F01,7,6,5,30,3,2,1,4,4,5,13,4,4,10,5,5,2,16,1,67,2,5,4,1,7,9,8,20,1,13,,44,,1,21,,121.5778586,25.0414185
112,12,24,11,35,2,06松山區,松山區三民路與延壽街口,0,0,1,1,B03,7,6,5,50,4,1,1,5,4,5,13,1,1,1,4,5,2,13,1,30,3,10,7,1,7,9,1,8,1,1,,108,,1,22,,121.5635757,25.056868
112,12,24,11,35,2,06松山區,松山區三民路與延壽街口,0,0,1,2,C03,7,6,5,50,4,1,1,5,4,5,13,1,1,1,4,5,2,13,2,48,2,9,6,1,7,5,1,10,1,15,,27,,1,22,,121.5635757,25.056868
112,12,24,11,38,2,03中山區,中山區敬業三路與樂群一路口,0,0,1,2,C03,7,5,5,50,4,1,1,5,4,5,13,1,1,3,4,5,2,12,1,22,2,9,5,4,7,9,1,10,1,12,,13,,1,21,,121.5558209,25.076983
112,12,24,11,38,2,03中山區,中山區敬業三路與樂群一路口,0,0,1,1,B03,7,5,5,50,4,1,1,5,4,5,13,1,1,3,4,5,2,12,1,44,3,10,3,4,7,7,1,8,1,4,,8,,1,21,,121.5558209,25.076983
112,12,24,11,44,2,01大同區,大同區民權西路136號,0,0,1,3,C03,7,6,5,50,14,9,1,5,4,5,13,4,4,1,4,5,2,17,1,41,3,10,5,1,7,9,1,10,2,12,,44,,1,21,,121.5162657,25.0628374
112,12,24,11,44,2,01大同區,大同區民權西路136號,0,0,1,2,C03,7,6,5,50,14,9,1,5,4,5,13,4,4,1,4,5,2,17,1,54,2,8,5,1,7,9,1,10,2,11,,16,,1,21,,121.5162657,25.0628374
112,12,24,11,44,2,01大同區,大同區民權西路136號,0,0,1,1,B01,7,6,5,50,14,9,1,5,4,5,13,4,4,1,4,5,2,17,1,64,3,10,7,1,7,8,1,4,2,17,,100,,1,21,,121.5162657,25.0628374
112,12,24,11,50,2,05中正區,中正區仁愛路2段14巷與杭州南路1段101巷口,0,0,1,1,C03,7,7,5,30,4,1,1,5,4,5,13,4,4,10,5,5,2,15,1,47,2,9,5,1,7,9,1,9,1,11,,80,,1,21,,121.5259146,25.0373229
112,12,24,11,50,2,05中正區,中正區仁愛路2段14巷與杭州南路1段101巷口,0,0,1,2,B03,7,7,5,30,4,1,1,5,4,5,13,4,4,10,5,5,2,15,1,36,3,10,7,1,7,9,1,15,1,4,,44,,1,21,,121.5259146,25.0373229
112,12,24,11,51,2,03中山區,中山區民權東路2段71巷與民權東路2段口口,0,0,1,1,C03,8,5,5,50,4,1,1,5,4,5,13,1,1,1,4,5,2,15,2,57,2,9,6,1,7,9,1,10,1,12,,80,,1,22,,121.5317073,25.06259618
112,12,24,11,51,2,03中山區,中山區民權東路2段71巷與民權東路2段口口,0,0,1,2,B01,8,5,5,50,4,1,1,5,4,5,13,1,1,1,4,5,2,15,1,53,3,10,3,4,7,9,1,4,1,1,,44,,1,22,,121.5317073,25.06259618
112,12,24,11,54,2,06松山區,松山區南京東路5段229號,0,0,1,3,H02,8,7,5,50,14,9,1,5,4,5,13,4,4,9,4,5,2,29,2,79,2,9,4,5,7,17,8,20,10,16,,67,,1,21,,121.5645829,25.0514204
112,12,24,11,54,2,06松山區,松山區南京東路5段229號,0,0,1,2,A02,8,7,5,50,14,9,1,5,4,5,13,4,4,9,4,5,2,29,1,39,3,10,7,1,7,9,1,2,1,4,,44,,1,21,,121.5645829,25.0514204
112,12,24,11,54,2,06松山區,松山區南京東路5段229號,0,0,1,1,B03,8,7,5,50,14,9,1,5,4,5,13,4,4,9,4,5,2,29,1,53,3,10,3,4,7,8,1,8,9,17,,95,,1,21,,121.5645829,25.0514204
112,12,24,11,55,2,12內湖區,內湖區內湖路2段396號,0,0,1,1,C03,7,6,5,50,3,18,1,4,4,5,13,4,4,5,5,5,2,3,1,75,3,10,6,1,7,9,3,18,2,12,,44,,1,21,,121.5915915,25.08300666
112,12,24,11,55,2,12內湖區,內湖區內湖路2段396號,0,0,1,2,H01,7,6,5,50,3,18,1,4,4,5,13,4,4,5,5,5,2,3,2,71,2,9,4,5,8,16,8,20,10,16,,67,,1,21,,121.5915915,25.08300666
112,12,24,11,56,2,02萬華區,萬華區昆明街與峨眉街口,0,0,1,1,B02,7,5,5,50,14,9,1,5,4,5,13,4,4,8,3,5,1,16,4,0,,,,,,,,,11,,,19,,2,,,121.5050502,25.0437165
112,12,24,11,56,2,02萬華區,萬華區昆明街與峨眉街口,0,0,1,2,C03,7,5,5,50,14,9,1,5,4,5,13,4,4,8,3,5,1,16,1,28,3,10,3,4,7,9,1,10,9,12,,44,,1,22,,121.5050502,25.0437165
112,12,24,11,56,2,02萬華區,萬華區昆明街與峨眉街口,0,0,1,3,H02,7,5,5,50,14,9,1,5,4,5,13,4,4,8,3,5,1,16,2,28,2,8,3,5,7,21,8,20,10,16,,67,,1,22,,121.5050502,25.0437165
112,12,24,11,59,2,07信義區,信義區信義路5段與松勇路口,0,0,1,2,C03,7,7,5,50,3,1,1,4,4,5,12,4,4,3,4,5,2,17,1,31,2,9,6,4,7,9,1,10,1,14,,44,,1,21,,121.5696983,25.0329473
112,12,24,11,59,2,07信義區,信義區信義路5段與松勇路口,0,0,1,1,B03,7,7,5,50,3,1,1,4,4,5,12,4,4,3,4,5,2,17,2,50,3,10,3,4,7,6,1,8,1,5,,9,,1,21,,121.5696983,25.0329473
112,12,24,13,0,2,12內湖區,內湖區內湖路1段317號前,0,0,1,1,C03,6,5,5,40,14,8,1,4,4,5,13,4,4,1,4,4,2,17,1,27,2,9,6,1,7,12,1,10,1,17,,44,,1,21,,121.5682323,25.08222137
112,12,24,13,0,2,12內湖區,內湖區內湖路1段317號前,0,0,1,2,B03,6,5,5,40,14,8,1,4,4,5,13,4,4,1,4,4,2,17,1,67,3,10,7,1,7,8,1,8,1,17,,100,,1,21,,121.5682323,25.08222137
112,12,24,13,3,2,09北投區,北投區西安街2段255號,0,0,1,1,C03,7,7,5,50,14,9,1,5,4,5,13,4,4,10,4,5,2,17,1,37,2,9,5,1,7,9,1,10,2,12,,42,,1,22,,121.5076701,25.12037736
112,12,24,13,3,2,09北投區,北投區西安街2段255號,0,0,1,2,B03,7,7,5,50,14,9,1,5,4,5,13,4,4,10,4,5,2,17,1,62,3,10,7,1,7,8,1,8,2,17,,44,,1,22,,121.5076701,25.12037736
112,12,24,13,40,2,12內湖區,內湖區南湖大橋橋頭,0,0,2,2,C03,7,6,5,50,4,1,1,4,4,5,13,2,1,1,4,5,2,13,1,35,2,8,6,1,7,9,1,10,1,13,,44,,1,21,,121.610989,25.06448033
112,12,24,13,40,2,12內湖區,內湖區南湖大橋橋頭,0,0,2,3,C03,7,6,5,50,4,1,1,4,4,5,13,2,1,1,4,5,2,13,1,25,2,8,6,1,7,9,1,10,1,11,,16,,1,21,,121.610989,25.06448033
112,12,24,13,40,2,12內湖區,內湖區南湖大橋橋頭,0,0,2,1,C03,7,6,5,50,4,1,1,4,4,5,13,2,1,1,4,5,2,13,1,26,3,10,6,1,7,9,1,10,1,13,,44,,1,21,,121.610989,25.06448033
112,12,24,13,53,2,12內湖區,內湖區瑞光路513巷與瑞光路478巷口,0,0,1,1,B03,8,6,5,50,4,1,1,5,4,5,13,2,1,5,4,5,2,17,1,74,3,10,7,1,7,5,1,8,1,8,,8,,1,21,,121.5694803,25.07884757
112,12,24,13,53,2,12內湖區,內湖區瑞光路513巷與瑞光路478巷口,0,0,1,2,C03,8,6,5,50,4,1,1,5,4,5,13,2,1,5,4,5,2,17,1,42,2,9,5,2,7,9,6,10,1,11,,111,,1,21,,121.5694803,25.07884757
112,12,24,14,0,2,09北投區,北投區承德路7段與中央南路2段口,0,0,1,1,B01,7,6,5,50,14,9,1,5,4,5,13,4,4,1,2,1,2,12,1,61,3,10,7,1,7,8,1,4,2,2,,100,,1,21,,121.5003144,25.1207283
112,12,24,14,0,2,09北投區,北投區承德路7段與中央南路2段口,0,0,1,2,C03,7,6,5,50,14,9,1,5,4,5,13,4,4,1,2,1,2,12,1,62,2,9,5,1,7,9,1,8,2,14,,44,,1,21,,121.5003144,25.1207283
112,12,24,14,30,2,09北投區,北投區行義路與行義路402巷口,0,0,1,2,B03,7,7,5,50,3,2,1,5,4,5,13,4,4,5,5,5,1,13,1,38,3,10,7,1,7,5,1,8,1,3,,44,,1,22,,121.5278371,25.14078629
112,12,24,14,30,2,09北投區,北投區行義路與行義路402巷口,0,0,1,1,C03,7,7,5,50,3,2,1,5,4,5,13,4,4,5,5,5,1,13,2,55,2,9,5,1,7,9,1,10,1,11,,16,,1,22,,121.5278371,25.14078629
112,12,24,15,14,2,09北投區,北投區立德路8號停車場出入口前,0,0,1,1,B03,8,5,5,50,14,9,1,5,4,5,13,4,4,10,5,5,2,16,1,40,3,10,7,1,7,5,1,8,2,1,,8,,1,21,,121.4716658,25.1249158
112,12,24,15,14,2,09北投區,北投區立德路8號停車場出入口前,0,0,1,2,C03,8,5,5,50,14,9,1,5,4,5,13,4,4,10,5,5,2,16,2,24,2,9,5,1,7,9,1,10,2,11,,44,,1,21,,121.4716658,25.1249158
112,12,24,15,16,2,02萬華區,萬華區中華路2段416巷與中華路2段口口,0,0,1,2,C03,7,6,5,50,4,1,1,5,4,5,13,2,1,5,5,4,2,17,2,32,2,8,6,1,7,6,1,10,1,13,,44,,1,21,,121.5040576,25.02713532
112,12,24,15,16,2,02萬華區,萬華區中華路2段416巷與中華路2段口口,0,0,1,1,F01,7,6,5,50,4,1,1,5,4,5,13,2,1,5,5,4,2,17,1,111,4,11,3,4,7,21,8,20,11,15,,44,,1,21,,121.5040576,25.02713532
112,12,24,15,55,2,09北投區,北投區吉利街142巷與尊賢街264巷口,0,0,1,1,C03,7,7,5,30,4,1,1,5,4,5,13,4,4,10,5,5,2,16,2,47,2,9,5,1,7,5,1,10,2,11,,80,,1,22,,121.5079586,25.11759844
112,12,24,15,55,2,09北投區,北投區吉利街142巷與尊賢街264巷口,0,0,1,2,C03,7,7,5,30,4,1,1,5,4,5,13,4,4,10,5,5,2,16,1,32,3,10,5,1,7,9,1,10,2,11,,108,,1,22,,121.5079586,25.11759844
112,12,24,16,3,2,07信義區,信義區基隆路2段149號,0,0,1,1,C03,7,6,5,50,14,9,1,5,4,5,13,4,4,1,4,5,1,13,2,21,2,8,3,4,7,9,1,10,1,11,,108,,1,21,,121.5554182,25.0268358
112,12,24,16,3,2,07信義區,信義區基隆路2段149號,0,0,1,2,B01,7,6,5,50,14,9,1,5,4,5,13,4,4,1,4,5,1,13,1,56,3,10,3,4,7,14,1,4,1,7,,44,,1,21,,121.5554182,25.0268358
112,12,24,16,30,2,07信義區,信義區松廉路5號,0,0,1,2,H01,8,6,5,50,14,18,1,5,4,5,10,4,4,9,5,5,2,3,2,43,2,8,4,5,8,16,8,20,10,16,,67,,1,21,,121.5667155,25.0339755
112,12,24,16,30,2,07信義區,信義區松廉路5號,0,0,1,1,C03,8,6,5,50,14,18,1,5,4,5,10,4,4,9,5,5,2,3,1,42,3,10,5,1,7,9,1,10,1,11,,70,,1,21,,121.5667155,25.0339755
112,12,24,16,40,2,03中山區,中山區大直街與北安路口,0,0,1,1,B03,8,5,5,50,4,2,1,5,4,5,13,2,1,3,4,5,2,17,2,51,3,10,3,4,7,5,1,8,2,1,,74,,1,21,,121.5471246,25.0799589
112,12,24,16,40,2,03中山區,中山區大直街與北安路口,0,0,1,2,C03,8,5,5,50,4,2,1,5,4,5,13,2,1,3,4,5,2,17,1,48,2,9,3,4,7,9,1,10,2,11,,44,,1,21,,121.5471246,25.0799589
112,12,24,17,24,2,09北投區,北投區育仁路與育仁路119巷口,0,0,2,1,C03,7,5,5,30,3,1,1,5,4,5,13,4,4,9,4,5,2,10,2,26,2,9,5,1,7,15,1,10,9,11,,72,,1,22,,121.5000557,25.1356546
112,12,24,17,24,2,09北投區,北投區育仁路與育仁路119巷口,0,0,2,2,C03,7,5,5,30,3,1,1,5,4,5,13,4,4,9,4,5,2,10,1,18,2,9,5,1,7,9,1,10,9,11,,14,,1,22,,121.5000557,25.1356546
112,12,24,17,52,2,05中正區,中正區市民大道2段與市民大道2段口長安東路一段30巷,0,0,2,1,C03,8,5,8,40,14,9,1,5,4,5,13,3,1,1,4,1,2,3,2,23,2,9,5,1,7,9,1,10,2,11,,16,,1,21,,121.5259603,25.04734555
112,12,24,17,52,2,05中正區,中正區市民大道2段與市民大道2段口長安東路一段30巷,0,0,2,2,H01,8,5,8,40,14,9,1,5,4,5,13,3,1,1,4,1,2,3,2,84,2,6,4,5,8,16,8,20,10,16,,121,,1,21,,121.5259603,25.04734555
112,12,24,18,1,2,03中山區,中山區建國高架道往南錦州街上方,0,0,1,2,B03,8,6,5,70,10,9,1,5,4,5,13,4,4,1,4,5,2,12,1,40,2,9,3,4,7,9,1,8,1,6,,44,,1,21,,121.5368786,25.06001042
112,12,24,18,1,2,03中山區,中山區建國高架道往南錦州街上方,0,0,1,1,B03,8,6,5,70,10,9,1,5,4,5,13,4,4,1,4,5,2,12,1,26,3,10,3,4,7,8,1,8,1,8,,107,,1,21,,121.5368786,25.06001042
112,12,24,18,40,2,12內湖區,內湖區民權東路6段56巷與民權東路6段口,0,0,1,2,C03,7,5,5,50,4,1,1,5,4,5,13,4,4,5,4,4,2,12,1,30,3,10,6,1,7,9,1,10,2,14,,42,,1,21,,121.5846723,25.0683891
112,12,24,18,40,2,12內湖區,內湖區民權東路6段56巷與民權東路6段口,0,0,1,3,H02,7,5,5,50,4,1,1,5,4,5,13,4,4,5,4,4,2,12,2,31,2,8,6,5,7,21,8,20,10,16,,67,,1,21,,121.5846723,25.0683891
112,12,24,18,40,2,12內湖區,內湖區民權東路6段56巷與民權東路6段口,0,0,1,1,B03,7,5,5,50,4,1,1,5,4,5,13,4,4,5,4,4,2,12,1,32,3,10,7,1,7,9,1,8,2,2,,42,,1,21,,121.5846723,25.0683891
112,12,24,19,0,2,02萬華區,萬華區桂林路55號,0,0,2,1,C01,7,5,5,50,22,9,1,5,4,5,13,4,4,9,4,5,2,12,1,26,2,9,5,1,7,15,1,9,1,14,,19,,2,21,,121.5030974,25.0381687
112,12,24,19,0,2,02萬華區,萬華區桂林路55號,0,0,2,2,C03,7,5,5,50,22,9,1,5,4,5,13,4,4,9,4,5,2,12,1,24,2,9,5,1,7,9,1,10,1,12,,44,,1,21,,121.5030974,25.0381687
112,12,24,19,20,2,10文山區,文山區木柵路2段與興隆路4段口口,0,0,1,2,C03,8,5,5,50,4,1,1,5,4,5,13,2,1,5,4,5,1,17,1,24,2,8,6,1,7,9,1,10,2,11,,44,,1,25,,121.5602325,24.98871641
112,12,24,19,20,2,10文山區,文山區木柵路2段與興隆路4段口口,0,0,1,1,B03,8,5,5,50,4,1,1,5,4,5,13,2,1,5,4,5,1,17,1,75,3,10,7,4,7,5,1,8,2,1,,83,,1,21,,121.5602325,24.98871641
112,12,24,19,32,2,03中山區,中山區南京東路2段與吉林路口,0,0,1,1,B01,8,5,5,50,4,1,1,5,4,5,13,1,1,1,3,4,1,16,1,49,3,10,7,1,7,5,1,4,2,1,,8,,1,21,,121.5299551,25.0521302
112,12,24,19,32,2,03中山區,中山區南京東路2段與吉林路口,0,0,1,2,F01,8,5,5,50,4,1,1,5,4,5,13,1,1,1,3,4,1,16,2,70,2,9,4,1,7,9,8,20,2,14,,99,,1,21,,121.5299551,25.0521302
112,12,24,20,43,2,04大安區,大安區忠孝東路3段1號,0,0,1,1,B01,8,5,5,50,14,9,1,5,4,5,13,1,1,1,4,5,2,12,1,60,3,10,3,4,7,8,1,4,1,3,,100,,1,22,,121.5364947,25.0418819
112,12,24,20,43,2,04大安區,大安區忠孝東路3段1號,0,0,1,2,C03,8,5,5,50,14,9,1,5,4,5,13,1,1,1,4,5,2,12,1,29,2,9,3,4,7,9,1,10,1,11,,108,,1,22,,121.5364947,25.0418819
112,12,24,21,7,2,03中山區,中山區中山北路1段140巷與中山北路1段口,0,0,1,2,C03,7,5,5,50,14,8,1,5,4,5,13,4,4,1,3,1,2,16,2,18,2,8,5,1,7,9,1,10,1,11,,108,,1,22,,121.5222088,25.05140815
112,12,24,21,7,2,03中山區,中山區中山北路1段140巷與中山北路1段口,0,0,1,1,C03,7,5,5,50,14,8,1,5,4,5,13,4,4,1,3,1,2,16,1,20,3,10,5,1,7,6,1,10,1,12,,9,,1,22,,121.5222088,25.05140815
112,12,24,21,18,2,03中山區,中山區南京東路3段200號,0,0,1,2,B01,8,6,5,50,14,9,1,5,4,5,13,1,1,1,4,4,2,13,1,65,3,10,3,4,7,12,1,10,1,3,,44,,1,21,,121.5428413,25.0517988
112,12,24,21,18,2,03中山區,中山區南京東路3段200號,0,0,1,1,C03,8,6,5,50,14,9,1,5,4,5,13,1,1,1,4,4,2,13,1,23,2,8,3,4,7,9,1,10,1,11,,16,,1,21,,121.5428413,25.0517988
112,12,24,21,57,2,07信義區,信義區和平東路3段與信安街口口,0,0,1,2,B03,8,5,5,50,4,2,1,5,4,5,13,2,1,9,5,5,2,13,1,23,3,10,3,4,7,6,1,8,1,7,,44,,1,21,,121.5547336,25.0224879
112,12,24,21,57,2,07信義區,信義區和平東路3段與信安街口口,0,0,1,1,C03,8,5,5,50,4,2,1,5,4,5,13,2,1,9,5,5,2,13,1,19,2,8,5,1,7,9,1,10,1,11,,16,,1,21,,121.5547336,25.0224879
112,12,24,22,40,2,12內湖區,內湖區東湖路與安康路口口,0,0,2,2,C03,8,5,5,50,5,1,1,5,4,5,13,2,1,5,4,5,2,13,1,46,2,5,5,1,7,14,1,10,1,13,,44,,1,21,,121.6159906,25.0683139
112,12,24,22,40,2,12內湖區,內湖區東湖路與安康路口口,0,0,2,1,B03,8,5,5,50,5,1,1,5,4,5,13,2,1,5,4,5,2,13,2,72,3,10,7,1,7,9,1,8,1,1,,108,,1,21,,121.6159906,25.0683139
112,12,24,22,40,2,12內湖區,內湖區東湖路與安康路口口,0,0,2,3,H02,8,5,5,50,5,1,1,5,4,5,13,2,1,5,4,5,2,13,2,42,2,5,5,5,7,20,8,20,10,16,,67,,1,21,,121.6159906,25.0683139
112,12,24,22,44,2,04大安區,大安區基隆路4段與基隆路4段73巷口,0,0,1,2,B03,8,5,5,50,3,2,1,5,4,5,13,2,1,1,4,4,2,17,2,45,2,2,7,1,7,14,1,8,1,3,,44,,1,21,,121.5394255,25.0129033
112,12,24,22,44,2,04大安區,大安區基隆路4段與基隆路4段73巷口,0,0,1,1,B03,8,5,5,50,3,2,1,5,4,5,13,2,1,1,4,4,2,17,1,57,3,10,7,1,7,9,1,8,1,1,,44,,1,21,,121.5394255,25.0129033
112,12,25,0,53,2,03中山區,中山區林森北路與長安東路1段口,0,0,2,2,H01,8,6,5,50,4,18,1,5,4,5,13,2,1,1,4,5,2,3,2,42,2,9,4,5,8,16,8,20,10,16,,121,,1,21,,121.5246622,25.0492545
112,12,25,0,53,2,03中山區,中山區林森北路與長安東路1段口,0,0,2,1,C03,8,6,5,50,4,18,1,5,4,5,13,2,1,1,4,5,2,3,1,25,2,9,3,4,7,9,1,10,1,11,,70,,1,21,,121.5246622,25.0492545
112,12,25,4,20,2,12內湖區,內湖區東湖路43巷與東湖路43巷32弄口口,0,0,1,1,C03,8,5,5,30,3,2,1,5,4,5,13,4,4,10,5,5,2,18,2,21,2,9,5,1,7,12,1,10,1,14,,42,,1,21,,121.6133867,25.07010961