發生年度,發生月,發生日,發生時-Hours,發生分,處理別-編號,區序,肇事地點,死亡人數,2-30日死亡人數,受傷人數,當事人序號,車種,天候,光線,道路類別,速限-速度限制,道路型態,事故位置,路面狀況1,路面狀況2,路面狀況3,道路障礙1,道路障礙2,號誌1,號誌2,車道劃分-分向,車道劃分-分道1,車道劃分-分道2,車道劃分-分道3,事故類型及型態,性別,年齡,受傷程度,主要傷處,保護裝置,行動電話,車輛用途,當事者行動狀態,駕駛資格情形,駕駛執照種類,飲酒情形,車輛撞擊部位1,車輛撞擊部位2,肇因碼-個別,肇因碼-主要,個人肇逃否,職業,旅次目的,座標-X,座標-Y
112,12,26,9,7,2,05中正區,中正區羅斯福路2段與和平西路1段口,0,0,1,2,C03,8,7,5,50,4,1,1,5,4,5,13,1,1,2,4,5,2,13,2,28,3,10,6,1,7,9,1,10,1,11,,16,,1,22,,121.5221077,25.0269635
112,12,26,9,7,2,05中正區,中正區羅斯福路2段與和平西路1段口,0,0,1,3,C03,8,7,5,50,4,1,1,5,4,5,13,1,1,2,4,5,2,13,1,23,3,10,6,1,7,9,1,10,1,12,,44,,1,22,,121.5221077,25.0269635
112,12,26,9,7,2,05中正區,中正區羅斯福路2段與和平西路1段口,0,0,1,1,C03,8,7,5,50,4,1,1,5,4,5,13,1,1,2,4,5,2,13,2,51,2,8,6,1,7,9,1,10,1,14,,16,,1,22,,121.5221077,25.0269635
112,12,26,9,8,2,10文山區,文山區木柵路4段14號旁,0,0,3,1,C03,8,5,5,50,14,9,1,5,4,5,13,3,1,5,4,5,2,13,1,61,2,9,6,1,7,9,1,10,2,11,,108,,1,21,,121.5719109,24.99560525
112,12,26,9,8,2,10文山區,文山區木柵路4段14號旁,0,0,3,2,C03,8,5,5,50,14,9,1,5,4,5,13,3,1,5,4,5,2,13,1,29,3,10,6,1,7,13,1,10,2,13,,44,,1,21,,121.5719109,24.99560525
112,12,26,9,8,2,10文山區,文山區木柵路4段14號旁,0,0,3,3,C03,8,5,5,50,14,9,1,5,4,5,13,3,1,5,4,5,2,13,1,48,2,9,6,1,7,9,1,10,2,11,,44,,1,21,,121.5719109,24.99560525
112,12,26,9,8,2,10文山區,文山區木柵路4段14號旁,0,0,3,4,H02,8,5,5,50,14,9,1,5,4,5,13,3,1,5,4,5,2,13,2,43,2,8,6,5,7,17,8,20,10,16,,67,,1,21,,121.5719109,24.99560525
112,12,26,9,18,2,05中正區,中正區牯嶺街61-6號,0,0,1,1,B12,8,6,5,50,14,9,1,5,4,5,13,4,4,9,4,5,2,17,1,27,3,10,7,1,7,6,1,8,2,5,,9,,1,21,,121.5172137,25.0290484
112,12,26,9,18,2,05中正區,中正區牯嶺街61-6號,0,0,1,2,C03,8,6,5,50,14,9,1,5,4,5,13,4,4,9,4,5,2,17,1,25,2,9,5,1,7,9,1,10,2,14,,44,,1,21,,121.5172137,25.0290484
112,12,26,9,18,2,05中正區,中正區牯嶺街61-6號,0,0,1,3,B03,8,6,5,50,14,9,1,5,4,5,13,4,4,9,4,5,2,17,1,46,3,10,3,4,7,13,1,8,11,7,,44,,1,21,,121.5172137,25.0290484
112,12,26,9,25,2,12內湖區,內湖區民權東路6段與民權東路6段123巷口,0,0,1,1,B03,8,6,5,50,4,1,1,5,4,5,13,2,1,9,4,5,2,16,1,71,3,10,7,1,7,6,1,8,1,8,,9,,1,21,,121.5927651,25.06895368
112,12,26,9,25,2,12內湖區,內湖區民權東路6段與民權東路6段123巷口,0,0,1,2,C03,8,6,5,50,4,1,1,5,4,5,13,2,1,9,4,5,2,16,2,44,2,9,6,1,7,5,1,10,1,12,,44,,1,21,,121.5927651,25.06895368
112,12,26,9,28,2,10文山區,文山區景文街與景文街142巷口口,0,0,1,2,C03,8,7,5,30,5,1,1,5,4,5,13,2,1,5,5,5,2,13,1,26,2,5,6,1,7,9,1,10,1,13,,44,,1,22,,121.5408035,24.9883769
112,12,26,9,28,2,10文山區,文山區景文街與景文街142巷口口,0,0,1,3,H01,8,7,5,30,5,1,1,5,4,5,13,2,1,5,5,5,2,13,2,72,3,10,4,5,8,18,8,20,10,16,,122,,1,22,,121.5408035,24.9883769
112,12,26,9,28,2,10文山區,文山區景文街與景文街142巷口口,0,0,1,1,B03,8,7,5,30,5,1,1,5,4,5,13,2,1,5,5,5,2,13,1,41,3,10,7,1,7,9,1,8,1,5,,16,,1,22,,121.5408035,24.9883769
112,12,26,9,49,2,06松山區,松山區民權東路3段170號,0,0,1,1,C03,8,5,5,50,14,9,1,5,4,5,13,4,4,3,4,5,2,13,2,28,2,8,6,4,7,9,1,10,1,11,,16,,1,22,,121.5488768,25.06178112
112,12,26,9,49,2,06松山區,松山區民權東路3段170號,0,0,1,2,B03,8,5,5,50,14,9,1,5,4,5,13,4,4,3,4,5,2,13,1,63,3,10,3,4,7,9,1,8,1,7,,44,,1,22,,121.5488768,25.06178112
112,12,26,9,49,2,06松山區,松山區民權東路3段170號,0,0,1,3,B03,8,5,5,50,14,9,1,5,4,5,13,4,4,3,4,5,2,13,1,82,3,10,3,4,7,7,1,8,11,17,,100,,1,22,,121.5488768,25.06178112
112,12,26,10,10,2,03中山區,中山區市民大道2段與林森北路口,0,0,2,3,H01,8,7,5,40,4,1,1,5,4,5,13,1,1,1,4,5,2,16,2,34,2,9,4,5,8,16,8,20,10,16,,67,,1,22,,121.5242571,25.0479273
112,12,26,10,10,2,03中山區,中山區市民大道2段與林森北路口,0,0,2,1,B03,8,7,5,40,4,1,1,5,4,5,13,1,1,1,4,5,2,16,1,29,3,10,7,1,7,15,1,8,1,2,,101,,1,22,,121.5242571,25.0479273
112,12,26,10,10,2,03中山區,中山區市民大道2段與林森北路口,0,0,2,2,C03,8,7,5,40,4,1,1,5,4,5,13,1,1,1,4,5,2,16,1,42,2,9,5,1,7,9,1,10,1,14,,44,,1,22,,121.5242571,25.0479273
112,12,26,10,15,2,02萬華區,萬華區國興路與中華路2段416巷口,0,0,1,2,B01,8,6,5,50,4,1,1,5,4,5,13,2,1,5,4,5,2,17,1,64,3,10,7,1,7,9,1,4,1,7,,44,,1,21,,121.5052098,25.0274952
112,12,26,10,15,2,02萬華區,萬華區國興路與中華路2段416巷口,0,0,1,1,C03,8,6,5,50,4,1,1,5,4,5,13,2,1,5,4,5,2,17,1,28,2,1,5,1,7,9,1,10,1,14,,44,,1,21,,121.5052098,25.0274952
112,12,26,10,58,2,10文山區,文山區溪口街49號,0,0,1,1,B02,8,6,5,30,14,9,5,5,4,5,13,4,4,10,5,5,2,2,2,42,3,10,7,1,7,9,1,8,2,5,,107,,1,21,,121.5399235,24.99489982
112,12,26,10,58,2,10文山區,文山區溪口街49號,0,0,1,2,H01,8,6,5,30,14,9,5,5,4,5,13,4,4,10,5,5,2,2,2,77,2,9,4,5,8,16,8,20,10,16,,60,,1,21,,121.5399235,24.99489982
112,12,26,10,59,2,09北投區,北投區新民路60號,0,0,2,1,H01,8,6,5,30,14,9,1,5,4,5,13,4,4,5,5,5,1,3,2,30,2,9,4,5,8,16,8,20,10,16,,121,,1,21,,121.509917,25.139976
112,12,26,10,59,2,09北投區,北投區新民路60號,0,0,2,2,C03,8,6,5,30,14,9,1,5,4,5,13,4,4,5,5,5,1,3,2,78,2,9,5,1,7,9,1,10,2,12,,108,,1,21,,121.509917,25.139976
112,12,26,11,18,2,02萬華區,萬華區德昌街與德昌街35巷口,0,0,2,2,C03,8,6,5,30,4,1,1,5,4,3,10,4,4,10,5,5,2,16,2,27,2,9,6,1,7,9,1,10,1,11,,108,,1,21,,121.4990325,25.02509583
112,12,26,11,18,2,02萬華區,萬華區德昌街與德昌街35巷口,0,0,2,1,F01,8,6,5,30,4,1,1,5,4,3,10,4,4,10,5,5,2,16,1,56,2,9,4,1,7,5,8,20,1,11,,72,,1,21,,121.4990325,25.02509583
112,12,26,11,30,2,05中正區,中正區中華路2段與廣州街口,0,0,1,1,B02,8,7,5,50,4,1,1,5,4,3,13,1,1,2,4,5,2,16,1,52,3,10,7,1,7,6,1,6,1,5,,42,,1,22,,121.5067049,25.036098
112,12,26,11,30,2,05中正區,中正區中華路2段與廣州街口,0,0,1,2,C03,8,7,5,50,4,1,1,5,4,3,13,1,1,2,4,5,2,16,1,51,2,8,6,1,7,9,1,10,1,14,,44,,1,22,,121.5067049,25.036098
112,12,26,12,35,2,07信義區,信義區永吉路87號,0,0,1,1,C03,8,7,5,50,14,9,1,5,4,5,13,4,4,9,4,5,2,12,1,41,2,9,5,1,7,15,1,10,1,14,,17,,1,21,,121.5698286,25.0457352
112,12,26,12,35,2,07信義區,信義區永吉路87號,0,0,1,2,B03,8,7,5,50,14,9,1,5,4,5,13,4,4,9,4,5,2,12,1,37,3,10,7,1,7,9,1,4,1,2,,44,,1,21,,121.5698286,25.0457352
112,12,26,12,38,2,12內湖區,內湖區港墘路與麗山街口,0,0,2,1,C03,8,5,5,30,4,1,1,5,4,5,13,4,4,1,4,5,2,15,1,80,2,9,5,1,7,9,1,10,1,13,,72,,1,21,,121.5780691,25.0831213
112,12,26,12,38,2,12內湖區,內湖區港墘路與麗山街口,0,0,2,2,C02,8,5,5,30,4,1,1,5,4,5,13,4,4,1,4,5,2,15,2,19,2,9,5,1,7,9,3,18,1,11,,44,,1,21,,121.5780691,25.0831213
112,12,26,13,7,2,12內湖區,內湖區行愛路與行忠路口,0,0,2,1,B03,8,6,5,50,4,1,1,5,4,5,13,2,1,1,4,5,2,17,1,36,2,3,7,1,7,11,1,8,2,5,,10,,1,21,,121.5788322,25.0659523
112,12,26,13,7,2,12內湖區,內湖區行愛路與行忠路口,0,0,2,2,C03,8,6,5,50,4,1,1,5,4,5,13,2,1,1,4,5,2,17,2,23,2,9,6,1,7,9,1,10,2,11,,44,,1,21,,121.5788322,25.0659523
112,12,26,13,14,2,10文山區,文山區萬和街與萬和街3巷口,0,0,1,1,B03,8,6,5,30,3,2,1,5,4,5,13,1,1,9,5,5,2,16,1,62,3,10,7,1,7,11,1,8,2,8,,19,,1,21,,121.5670266,25.00175805
112,12,26,13,14,2,10文山區,文山區萬和街與萬和街3巷口,0,0,1,2,C03,8,6,5,30,3,2,1,5,4,5,13,1,1,9,5,5,2,16,1,26,2,9,6,1,7,9,1,10,2,11,,44,,1,21,,121.5670266,25.00175805
112,12,26,13,16,2,04大安區,大安區和平東路3段228巷與安居街8巷口,0,0,1,1,B12,8,6,5,50,3,1,1,5,4,5,13,4,4,9,5,5,2,17,1,21,3,10,3,4,7,6,1,8,1,17,,9,,1,22,,121.5542778,25.0218395
112,12,26,13,16,2,04大安區,大安區和平東路3段228巷與安居街8巷口,0,0,1,2,F01,8,6,5,50,3,1,1,5,4,5,13,4,4,9,5,5,2,17,2,55,2,9,3,4,7,9,8,20,1,17,,108,,1,22,,121.5542778,25.0218395
112,12,26,13,23,2,07信義區,信義區信義路5段與松仁路口,0,0,1,1,B03,8,7,5,50,4,1,1,5,4,5,13,2,1,3,4,5,2,16,1,25,3,10,7,1,7,6,3,18,2,2,,101,,1,21,,121.5682518,25.0329457
112,12,26,13,23,2,07信義區,信義區信義路5段與松仁路口,0,0,1,2,C03,8,7,5,50,4,1,1,5,4,5,13,2,1,3,4,5,2,16,2,68,2,8,6,1,7,15,1,10,2,14,,44,,1,21,,121.5682518,25.0329457
112,12,26,13,30,2,05中正區,中正區中山南路監察院旁,0,0,1,2,B01,8,6,5,50,14,9,1,5,4,5,13,4,4,1,4,5,2,13,2,34,3,10,7,1,7,9,1,4,1,6,,44,,1,21,,121.5195493,25.0449733
112,12,26,13,30,2,05中正區,中正區中山南路監察院旁,0,0,1,1,C03,8,6,5,50,14,9,1,5,4,5,13,4,4,1,4,5,2,13,1,69,2,7,6,1,7,9,1,10,1,11,,108,,1,22,,121.5195493,25.0449733
112,12,26,14,0,2,03中山區,中山區中山北路3段與民族東路1段口,0,0,1,2,B01,8,5,5,50,4,2,1,5,4,5,13,2,1,3,4,5,2,12,1,67,3,10,3,4,7,14,1,4,1,2,,38,,1,21,,121.5230358,25.0685883
112,12,26,14,0,2,03中山區,中山區中山北路3段與民族東路1段口,0,0,1,3,B01,8,5,5,50,4,2,1,5,4,5,13,2,1,3,4,5,2,12,1,57,3,10,3,4,7,8,1,4,1,17,,44,,1,21,,121.5230358,25.0685883
112,12,26,14,0,2,03中山區,中山區中山北路3段與民族東路1段口,0,0,1,1,C03,8,5,5,50,4,2,1,5,4,5,13,2,1,3,4,5,2,12,1,21,2,7,3,4,7,9,1,9,1,11,,44,,1,21,,121.5230358,25.0685883
112,12,26,14,22,2,02萬華區,萬華區華中橋下自行車道(第309號燈桿處),0,0,2,1,F01,8,6,7,0,14,23,1,5,4,5,13,4,4,5,4,5,1,17,2,80,2,1,4,1,7,9,8,20,1,14,,44,,1,21,,121.4946163,25.01190966
112,12,26,14,22,2,02萬華區,萬華區華中橋下自行車道(第309號燈桿處),0,0,2,2,F01,8,6,7,0,14,23,1,5,4,5,13,4,4,5,4,5,1,17,1,15,2,9,4,1,7,9,8,20,1,12,14,44,,1,15,,121.4946163,25.01190966
112,12,26,14,27,2,04大安區,大安區復興南路1段與復興南路1段340巷口,0,0,2,5,C03,8,6,5,50,4,1,1,5,4,5,13,2,1,1,4,5,2,17,3,0,,,,,,,,,11,,,67,,1,,,121.5445364,25.035945
112,12,26,14,27,2,04大安區,大安區復興南路1段與復興南路1段340巷口,0,0,2,8,C03,8,6,5,50,4,1,1,5,4,5,13,2,1,1,4,5,2,17,3,0,,,,,,,,,11,,,67,,1,,,121.5445364,25.035945
112,12,26,14,27,2,04大安區,大安區復興南路1段與復興南路1段340巷口,0,0,2,7,C03,8,6,5,50,4,1,1,5,4,5,13,2,1,1,4,5,2,17,3,0,,,,,,,,,11,,,67,,1,,,121.5445364,25.035945
112,12,26,14,27,2,04大安區,大安區復興南路1段與復興南路1段340巷口,0,0,2,6,C04,8,6,5,50,4,1,1,5,4,5,13,2,1,1,4,5,2,17,3,0,,,,,,,,,11,,,67,,1,,,121.5445364,25.035945
112,12,26,14,27,2,04大安區,大安區復興南路1段與復興南路1段340巷口,0,0,2,3,C03,8,6,5,50,4,1,1,5,4,5,13,2,1,1,4,5,2,17,1,52,3,10,5,1,7,14,7,19,1,15,,44,,1,21,,121.5445364,25.035945
112,12,26,14,27,2,04大安區,大安區復興南路1段與復興南路1段340巷口,0,0,2,2,B12,8,6,5,50,4,1,1,5,4,5,13,2,1,1,4,5,2,17,1,40,3,10,7,1,7,5,1,8,1,17,,8,,1,21,,121.5445364,25.035945
112,12,26,14,27,2,04大安區,大安區復興南路1段與復興南路1段340巷口,0,0,2,1,C03,8,6,5,50,4,1,1,5,4,5,13,2,1,1,4,5,2,17,1,59,2,9,5,1,7,9,1,10,1,11,,74,,1,21,,121.5445364,25.035945
112,12,26,14,27,2,04大安區,大安區復興南路1段與復興南路1段340巷口,0,0,2,9,C03,8,6,5,50,4,1,1,5,4,5,13,2,1,1,4,5,2,17,3,0,,,,,,,,,11,,,67,,1,,,121.5445364,25.035945
112,12,26,14,27,2,04大安區,大安區復興南路1段與復興南路1段340巷口,0,0,2,4,C03,8,6,5,50,4,1,1,5,4,5,13,2,1,1,4,5,2,17,2,55,2,9,5,1,7,14,1,10,1,14,,44,,1,21,,121.5445364,25.035945
112,12,26,14,30,2,02萬華區,萬華區中華路2段與中華路2段150巷口,0,0,1,1,B03,8,6,5,30,4,1,1,5,4,5,13,4,4,5,4,5,2,17,1,63,3,10,7,1,7,6,1,8,1,8,,72,,1,21,,121.5040881,25.03039986
112,12,26,14,30,2,02萬華區,萬華區中華路2段與中華路2段150巷口,0,0,1,2,C03,8,6,5,30,4,1,1,5,4,5,13,4,4,5,4,5,2,17,2,60,2,7,6,1,7,9,3,18,1,12,,44,,1,21,,121.5040881,25.03039986
112,12,26,15,8,2,04大安區,大安區羅斯福路4段113巷27號,0,0,1,2,C03,8,5,5,30,14,9,1,5,4,5,13,4,4,9,4,5,2,12,2,43,2,9,5,1,7,9,1,10,1,11,,44,,1,21,,121.5406318,25.0113353
112,12,26,15,8,2,04大安區,大安區羅斯福路4段113巷27號,0,0,1,1,B01,8,5,5,30,14,9,1,5,4,5,13,4,4,9,4,5,2,12,1,53,3,10,3,4,7,14,1,4,1,4,,118,,1,21,,121.5406318,25.0113353
112,12,26,15,8,2,04大安區,大安區羅斯福路4段113巷27號,0,0,1,3,H02,8,5,5,30,14,9,1,5,4,5,13,4,4,9,4,5,2,12,1,39,3,10,3,5,7,20,8,20,10,16,,126,,1,29,,121.5406318,25.0113353
112,12,26,15,9,2,10文山區,文山區和平東路4段與和平東路4段356巷口,0,0,1,2,C03,8,6,5,40,3,1,1,5,4,5,13,2,1,5,4,5,2,16,1,39,2,9,6,1,7,9,1,10,2,12,,108,,1,21,,121.5741219,24.99914408
112,12,26,15,9,2,10文山區,文山區和平東路4段與和平東路4段356巷口,0,0,1,1,B01,8,6,5,40,3,1,1,5,4,5,13,2,1,5,4,5,2,16,1,56,3,10,7,1,7,5,1,4,2,4,,71,,1,21,,121.5741219,24.99914408
112,12,26,15,20,2,10文山區,文山區辛亥路7段與光輝路21巷口,0,0,1,1,C03,8,7,5,40,14,8,1,5,4,5,13,3,1,5,4,4,2,17,1,18,2,8,6,2,7,9,1,10,2,11,,108,,1,21,,121.5538658,24.9853594
112,12,26,15,20,2,10文山區,文山區辛亥路7段與光輝路21巷口,0,0,1,2,B03,8,7,5,40,14,8,1,5,4,5,13,3,1,5,4,4,2,17,1,31,3,10,7,4,7,13,7,19,11,7,,44,,1,21,,121.5538658,24.9853594
112,12,26,15,26,2,02萬華區,萬華區西寧南路20號,0,0,1,1,H01,8,6,5,50,14,9,1,5,4,5,13,4,4,9,4,5,2,3,2,83,2,9,4,5,8,16,8,20,10,16,,121,,1,22,,121.5069607,25.04633485
112,12,26,15,26,2,02萬華區,萬華區西寧南路20號,0,0,1,2,C03,8,6,5,50,14,9,1,5,4,5,13,4,4,9,4,5,2,3,4,0,4,11,3,1,7,9,7,19,11,11,,119,,2,22,,121.5069607,25.04633485
112,12,26,15,28,2,12內湖區,內湖區內湖路1段411巷74弄與港華街口,0,0,2,1,C03,8,5,5,50,4,1,1,5,4,5,13,2,1,5,4,5,2,17,1,61,3,10,5,1,7,5,1,10,2,17,,74,,1,21,,121.5719137,25.08395012
112,12,26,15,28,2,12內湖區,內湖區內湖路1段411巷74弄與港華街口,0,0,2,2,C03,8,5,5,50,4,1,1,5,4,5,13,2,1,5,4,5,2,17,1,67,2,9,5,1,7,9,1,10,2,17,,13,,1,21,,121.5719137,25.08395012
112,12,26,15,28,2,12內湖區,內湖區內湖路1段411巷74弄與港華街口,0,0,2,3,H02,8,5,5,50,4,1,1,5,4,5,13,2,1,5,4,5,2,17,2,67,2,9,5,1,7,9,1,10,1,17,,44,,1,21,,121.5719137,25.08395012
112,12,26,15,55,2,07信義區,信義區逸仙路50巷與忠孝東路4段554巷口,0,0,1,1,C03,8,5,8,30,4,2,1,5,4,5,13,4,4,10,5,5,1,13,1,36,3,10,5,1,7,9,1,10,1,11,,16,,1,22,,121.5633533,25.0404752
112,12,26,15,55,2,07信義區,信義區逸仙路50巷與忠孝東路4段554巷口,0,0,1,3,B01,8,5,8,30,4,2,1,5,4,5,13,4,4,10,5,5,1,13,1,52,3,10,2,1,7,14,1,4,1,8,,44,,1,22,,121.5633533,25.0404752
112,12,26,15,55,2,07信義區,信義區逸仙路50巷與忠孝東路4段554巷口,0,0,1,2,C03,8,5,8,30,4,2,1,5,4,5,13,4,4,10,5,5,1,13,1,73,2,7,5,1,7,11,1,10,1,13,,44,,1,22,,121.5633533,25.0404752
112,12,26,16,18,2,08士林區,士林區中山北路5段6號南往北,0,0,1,1,B03,8,5,5,50,14,9,1,5,4,5,13,4,4,1,4,5,2,16,1,19,3,10,3,4,7,6,1,8,1,5,,9,,1,22,,121.525274,25.0820813
112,12,26,16,18,2,08士林區,士林區中山北路5段6號南往北,0,0,1,2,C03,8,5,5,50,14,9,1,5,4,5,13,4,4,1,4,5,2,16,1,33,2,9,3,4,7,9,1,10,1,14,,108,,1,22,,121.525274,25.0820813
112,12,26,16,28,2,03中山區,中山區長安東路1段與長安東路1段53巷口,0,0,1,2,C03,7,5,5,30,4,1,1,5,4,5,13,1,1,4,3,5,1,15,1,60,2,8,5,4,7,9,1,10,2,11,,44,,1,21,,121.526371,25.0487155
112,12,26,16,28,2,03中山區,中山區長安東路1段與長安東路1段53巷口,0,0,1,1,B03,7,5,5,30,4,1,1,5,4,5,13,1,1,4,3,5,1,15,2,39,3,10,3,4,7,9,1,8,2,2,,81,,1,21,,121.526371,25.0487155
112,12,26,17,8,2,12內湖區,內湖區成功路5段與康湖路口,0,0,1,1,B03,8,5,5,50,3,1,1,5,4,5,13,2,1,1,2,4,2,16,1,50,3,10,7,1,7,9,1,3,1,2,,99,,1,21,,121.6064788,25.0818817
112,12,26,17,8,2,12內湖區,內湖區成功路5段與康湖路口,0,0,1,2,C03,8,5,5,50,3,1,1,5,4,5,13,2,1,1,2,4,2,16,2,60,2,9,5,1,7,5,1,10,1,14,,103,,1,21,,121.6064788,25.0818817
112,12,26,17,10,2,09北投區,北投區泉源路260號,0,0,1,2,B03,8,7,5,50,11,9,1,5,4,5,13,4,4,5,5,5,1,17,1,70,3,10,7,1,7,9,1,8,2,8,,44,,1,22,,121.53225,25.1510949
112,12,26,17,10,2,09北投區,北投區泉源路260號,0,0,1,3,B03,8,7,5,50,11,9,1,5,4,5,13,4,4,5,5,5,1,17,1,52,3,10,7,1,7,9,1,8,2,8,,44,,1,22,,121.53225,25.1510949
112,12,26,17,10,2,09北投區,北投區泉源路260號,0,0,1,1,C03,8,7,5,50,11,9,1,5,4,5,13,4,4,5,5,5,1,17,2,20,2,9,6,1,7,4,1,10,9,12,,100,,1,25,,121.53225,25.1510949
112,12,26,17,38,2,12內湖區,內湖區新湖一路191號前,0,0,1,1,C03,8,5,5,50,14,9,1,5,4,5,13,4,4,9,5,5,2,12,1,78,2,9,6,1,7,1,6,10,2,14,,19,,1,21,,121.5802203,25.06089184
112,12,26,17,38,2,12內湖區,內湖區新湖一路191號前,0,0,1,2,B03,8,5,5,50,14,9,1,5,4,5,13,4,4,9,5,5,2,12,1,62,3,10,7,1,7,9,1,8,2,6,,44,,1,21,,121.5802203,25.06089184
112,12,26,17,56,2,08士林區,士林區中山北路5段與劍潭路口,0,0,1,1,C03,7,5,5,50,5,2,1,5,4,5,13,1,1,1,4,5,2,17,1,18,2,8,5,1,7,15,1,10,1,14,,17,,1,21,,121.5253885,25.08400387
112,12,26,17,56,2,08士林區,士林區中山北路5段與劍潭路口,0,0,1,2,B03,7,5,5,50,5,2,1,5,4,5,13,1,1,1,4,5,2,17,1,54,3,10,7,1,7,9,1,8,1,5,,17,,1,21,,121.5253885,25.08400387
112,12,26,18,3,2,02萬華區,萬華區忠孝橋往台北市機車道(編號7010680燈桿前),0,0,1,1,C03,8,5,7,50,8,11,1,5,4,5,13,1,1,8,3,5,1,13,2,19,2,7,5,1,7,12,1,10,1,11,,16,,1,21,,121.5069725,25.0486617
112,12,26,18,3,2,02萬華區,萬華區忠孝橋往台北市機車道(編號7010680燈桿前),0,0,1,4,C03,8,5,7,50,8,11,1,5,4,5,13,1,1,8,3,5,1,13,1,22,3,10,5,1,7,12,1,10,1,13,,44,,1,21,,121.5069725,25.0486617
112,12,26,18,3,2,02萬華區,萬華區忠孝橋往台北市機車道(編號7010680燈桿前),0,0,1,2,C03,8,5,7,50,8,11,1,5,4,5,13,1,1,8,3,5,1,13,1,19,3,10,5,1,7,12,1,10,1,13,11,44,,1,21,,121.5069725,25.0486617
112,12,26,18,3,2,02萬華區,萬華區忠孝橋往台北市機車道(編號7010680燈桿前),0,0,1,3,C03,8,5,7,50,8,11,1,5,4,5,13,1,1,8,3,5,1,13,1,42,3,10,5,1,7,12,1,10,1,13,11,44,,1,21,,121.5069725,25.0486617
112,12,26,18,7,2,07信義區,信義區松仁路2號,0,0,1,1,B01,8,5,5,50,14,9,1,5,4,5,13,4,4,1,3,5,2,17,1,63,3,10,7,1,7,9,1,4,1,4,,44,,1,22,,121.5684138,25.0407648
112,12,26,18,7,2,07信義區,信義區松仁路2號,0,0,1,2,C03,8,5,5,50,14,9,1,5,4,5,13,4,4,1,3,5,2,17,1,22,2,9,6,1,7,9,1,10,1,14,,44,,1,22,,121.5684138,25.0407648
112,12,26,18,27,2,01大同區,大同區長安西路與貴德街口,0,0,1,1,C03,7,5,6,30,3,1,1,5,4,5,13,4,4,5,5,5,2,17,1,57,3,10,6,4,7,15,1,10,2,13,,72,,1,22,,121.5081083,25.0521719
112,12,26,18,27,2,01大同區,大同區長安西路與貴德街口,0,0,1,2,C03,7,5,6,30,3,1,1,5,4,5,13,4,4,5,5,5,2,17,2,37,2,9,6,4,7,9,1,10,2,11,,44,,1,22,,121.5081083,25.0521719
112,12,26,18,29,2,02萬華區,萬華區艋舺大道167號,0,0,1,2,B12,8,5,5,50,14,9,1,5,4,5,13,4,4,1,5,5,2,12,1,47,3,10,7,1,7,9,1,8,1,2,,17,,1,21,,121.4994435,25.03302579
112,12,26,18,29,2,02萬華區,萬華區艋舺大道167號,0,0,1,1,C03,8,5,5,50,14,9,1,5,4,5,13,4,4,1,5,5,2,12,2,24,2,9,6,1,7,9,1,10,1,14,,44,,1,21,,121.4994435,25.03302579
112,12,26,18,35,2,07信義區,信義區信義路6段47號,0,0,1,3,B03,8,5,5,50,14,9,1,5,4,5,13,4,4,5,4,5,2,13,1,48,3,10,3,4,7,14,1,8,1,3,,44,,1,22,,121.5763264,25.0349023
112,12,26,18,35,2,07信義區,信義區信義路6段47號,0,0,1,2,,8,5,5,50,14,9,1,5,4,5,13,4,4,5,4,5,2,13,1,48,2,8,3,4,7,14,1,8,1,3,,44,,1,22,,121.5763264,25.0349023
112,12,26,18,35,2,07信義區,信義區信義路6段47號,0,0,1,1,B03,8,5,5,50,14,9,1,5,4,5,13,4,4,5,4,5,2,13,1,24,3,10,3,4,7,9,1,8,1,1,,16,,1,22,,121.5763264,25.0349023
112,12,26,18,35,2,06松山區,松山區民權東路3段與民權東路3段140巷口,0,0,1,2,,7,5,5,50,3,1,1,5,4,5,13,1,1,1,3,5,2,18,3,0,,,,,,,,,10,,,67,,1,,,121.546658,25.06199394
112,12,26,18,35,2,06松山區,松山區民權東路3段與民權東路3段140巷口,0,0,1,1,C03,7,5,5,50,3,1,1,5,4,5,13,1,1,1,3,5,2,18,1,43,2,9,6,1,7,9,1,10,1,14,,44,,1,21,,121.546658,25.06199394
112,12,26,18,43,2,03中山區,中山區明水路636號前,0,0,1,2,C03,8,5,5,40,14,8,1,5,4,5,13,4,4,1,4,4,2,17,1,52,2,9,3,4,7,9,1,10,1,12,,44,,1,21,,121.5511859,25.0828555
112,12,26,18,43,2,03中山區,中山區明水路636號前,0,0,1,1,B03,8,5,5,40,14,8,1,5,4,5,13,4,4,1,4,4,2,17,2,19,3,10,3,4,7,1,1,8,1,4,,44,,1,21,,121.5511859,25.0828555
112,12,26,18,43,2,03中山區,中山區明水路與北安路670巷口,0,0,1,1,B03,7,5,5,50,4,1,1,5,4,5,13,1,1,5,5,5,2,16,1,35,3,10,3,4,7,5,1,8,1,4,,8,,1,21,,121.5506178,25.0838062
112,12,26,18,43,2,03中山區,中山區明水路與北安路670巷口,0,0,1,2,C03,7,5,5,50,4,1,1,5,4,5,13,1,1,5,5,5,2,16,1,30,2,9,3,4,7,9,1,10,1,12,,99,,1,21,,121.5506178,25.0838062