發生年度,發生月,發生日,發生時-Hours,發生分,處理別-編號,區序,肇事地點,死亡人數,2-30日死亡人數,受傷人數,當事人序號,車種,天候,光線,道路類別,速限-速度限制,道路型態,事故位置,路面狀況1,路面狀況2,路面狀況3,道路障礙1,道路障礙2,號誌1,號誌2,車道劃分-分向,車道劃分-分道1,車道劃分-分道2,車道劃分-分道3,事故類型及型態,性別,年齡,受傷程度,主要傷處,保護裝置,行動電話,車輛用途,當事者行動狀態,駕駛資格情形,駕駛執照種類,飲酒情形,車輛撞擊部位1,車輛撞擊部位2,肇因碼-個別,肇因碼-主要,個人肇逃否,職業,旅次目的,座標-X,座標-Y
112,12,26,19,19,2,02萬華區,萬華區青年路與水源路口,0,0,2,1,C03,8,5,5,50,4,1,1,5,4,5,13,1,1,1,4,5,2,15,1,40,2,8,5,4,7,9,1,10,1,12,,81,,1,21,,121.5043145,25.01990449
112,12,26,19,19,2,02萬華區,萬華區青年路與水源路口,0,0,2,2,B03,8,5,5,50,4,1,1,5,4,5,13,1,1,1,4,5,2,15,2,59,3,10,7,4,7,9,1,8,1,5,,44,,1,21,,121.5043145,25.01990449
112,12,26,19,19,2,02萬華區,萬華區青年路與水源路口,0,0,2,3,H02,8,5,5,50,4,1,1,5,4,5,13,1,1,1,4,5,2,15,2,59,2,1,7,5,7,20,8,20,10,16,,67,,1,21,,121.5043145,25.01990449
112,12,26,19,21,2,04大安區,大安區敦化南路1段與東豐街口,0,0,1,1,B03,8,5,5,50,3,2,1,5,4,5,13,4,4,1,3,5,2,17,2,52,3,10,7,1,7,6,1,8,1,5,,9,,1,21,,121.5485323,25.0360633
112,12,26,19,21,2,04大安區,大安區敦化南路1段與東豐街口,0,0,1,2,C03,8,5,5,50,3,2,1,5,4,5,13,4,4,1,3,5,2,17,2,23,2,9,5,1,7,9,1,10,1,14,,44,,1,21,,121.5485323,25.0360633
112,12,26,19,40,2,10文山區,文山區木柵路1段165號,0,0,1,2,B03,8,5,5,50,14,9,2,5,4,5,13,4,4,5,4,5,2,17,1,20,3,10,3,1,7,9,1,8,1,2,,44,,1,21,,121.5507263,24.98753552
112,12,26,19,40,2,10文山區,文山區木柵路1段165號,0,0,1,1,C03,8,5,5,50,14,9,2,5,4,5,13,4,4,5,4,5,2,17,2,18,2,8,5,4,7,7,1,10,1,14,,100,,1,21,,121.5507263,24.98753552
112,12,26,19,50,2,05中正區,中正區和平西路1段88號,0,0,1,1,C03,8,5,5,50,14,9,1,5,4,5,13,4,4,1,4,5,2,17,1,29,3,10,5,1,7,1,1,10,2,17,,19,,1,21,,121.5186614,25.0264856
112,12,26,19,50,2,05中正區,中正區和平西路1段88號,0,0,1,2,C03,8,5,5,50,14,9,1,5,4,5,13,4,4,1,4,5,2,17,1,43,2,9,5,1,7,9,1,10,2,11,,16,,1,21,,121.5186614,25.0264856
112,12,26,19,50,2,05中正區,中正區和平西路1段88號,0,0,1,3,C03,8,5,5,50,14,9,1,5,4,5,13,4,4,1,4,5,2,17,1,25,3,10,5,1,7,9,1,10,1,13,,44,,1,21,,121.5186614,25.0264856
112,12,26,20,30,2,12內湖區,內湖區舊宗路2段121巷與舊宗路2段口,0,0,1,1,A05,8,5,5,50,4,1,1,5,4,5,13,1,1,1,5,5,2,17,1,54,3,10,7,1,7,5,1,1,2,15,,8,,1,21,,121.5751292,25.0690308
112,12,26,20,30,2,12內湖區,內湖區舊宗路2段121巷與舊宗路2段口,0,0,1,2,C03,8,5,5,50,4,1,1,5,4,5,13,1,1,1,5,5,2,17,2,22,2,9,6,1,7,9,1,10,2,12,,44,,1,21,,121.5751292,25.0690308
112,12,26,20,36,2,05中正區,中正區重慶南路3段98號,0,0,1,1,B03,7,5,5,50,14,9,1,5,4,5,13,4,4,1,4,5,2,17,2,26,3,10,7,1,7,9,1,8,1,5,,107,,1,22,,121.51632,25.0256067
112,12,26,20,36,2,05中正區,中正區重慶南路3段98號,0,0,1,2,C03,7,5,5,50,14,9,1,5,4,5,13,4,4,1,4,5,2,17,2,69,2,9,5,1,7,9,1,10,1,13,,101,,1,22,,121.51632,25.0256067
112,12,26,21,4,2,08士林區,士林區通河西街2段142號,0,0,2,1,C03,7,5,5,40,14,9,1,5,4,5,13,4,4,9,4,5,2,17,1,49,2,7,5,1,7,15,1,10,2,12,,108,,1,21,,121.5056178,25.09317467
112,12,26,21,4,2,08士林區,士林區通河西街2段142號,0,0,2,2,F01,7,5,5,40,14,9,1,5,4,5,13,4,4,9,4,5,2,17,2,41,2,9,4,1,7,15,8,20,2,14,,44,,1,21,,121.5056178,25.09317467
112,12,26,21,7,2,03中山區,中山區敬業三路與樂群三路口,0,0,1,1,B03,8,5,5,50,4,2,1,5,4,5,13,1,2,1,4,5,2,17,1,64,3,10,3,4,7,11,1,8,1,5,,10,,1,21,,121.556285,25.0825713
112,12,26,21,7,2,03中山區,中山區敬業三路與樂群三路口,0,0,1,2,C02,8,5,5,50,4,2,1,5,4,5,13,1,2,1,4,5,2,17,1,21,2,9,3,4,7,9,3,18,1,11,,44,,1,21,,121.556285,25.0825713
112,12,26,21,57,2,01大同區,大同區承德路3段與民族西路口,0,0,1,1,B03,8,5,5,50,4,1,1,5,4,5,13,1,1,5,4,5,2,17,1,55,3,10,7,1,7,5,1,1,1,6,,71,,1,21,,121.5183752,25.06853751
112,12,26,21,57,2,01大同區,大同區承德路3段與民族西路口,0,0,1,2,C03,8,5,5,50,4,1,1,5,4,5,13,1,1,5,4,5,2,17,1,21,2,9,6,1,7,9,1,10,1,11,,44,,1,21,,121.5183752,25.06853751
112,12,26,22,0,2,04大安區,大安區金華街與愛國東路210巷口,0,0,3,1,C03,8,5,5,30,4,1,1,5,4,5,13,4,4,8,3,5,1,16,2,32,2,7,5,1,7,5,1,10,1,11,,72,,1,21,,121.5238419,25.0306322
112,12,26,22,0,2,04大安區,大安區金華街與愛國東路210巷口,0,0,3,3,H02,8,5,5,30,4,1,1,5,4,5,13,4,4,8,3,5,1,16,2,31,2,7,5,5,7,20,8,20,10,17,,67,,1,21,,121.5238419,25.0306322
112,12,26,22,0,2,04大安區,大安區金華街與愛國東路210巷口,0,0,3,2,C03,8,5,5,30,4,1,1,5,4,5,13,4,4,8,3,5,1,16,1,49,2,7,5,1,7,9,1,10,1,11,,44,,1,21,,121.5238419,25.0306322
112,12,26,22,26,2,11南港區,南港區研究院路1段19號,0,0,3,1,C02,7,5,5,50,14,9,1,5,4,5,13,2,1,1,4,5,2,13,1,24,2,8,6,1,7,9,1,9,1,11,,16,,1,21,,121.6164983,25.0539169
112,12,26,22,26,2,11南港區,南港區研究院路1段19號,0,0,3,4,H02,7,5,5,50,14,9,1,5,4,5,13,2,1,1,4,5,2,13,2,23,2,7,6,5,7,20,8,20,10,16,,67,,1,21,,121.6164983,25.0539169
112,12,26,22,26,2,11南港區,南港區研究院路1段19號,0,0,3,2,C03,7,5,5,50,14,9,1,5,4,5,13,2,1,1,4,5,2,13,2,24,2,3,6,1,7,9,1,10,1,11,,16,,1,21,,121.6164983,25.0539169
112,12,26,22,26,2,11南港區,南港區研究院路1段19號,0,0,3,3,C03,7,5,5,50,14,9,1,5,4,5,13,2,1,1,4,5,2,13,1,22,3,10,6,1,7,9,1,10,1,13,,44,,1,21,,121.6164983,25.0539169
112,12,26,23,0,2,06松山區,松山區塔悠路與八德路4段口,0,0,1,3,C03,7,5,5,50,14,9,1,5,4,5,13,1,1,1,3,1,2,9,1,27,2,9,6,1,7,9,1,10,1,14,,44,,1,26,,121.5719224,25.0501394
112,12,26,23,0,2,06松山區,松山區塔悠路與八德路4段口,0,0,1,1,H02,7,5,5,50,14,9,1,5,4,5,13,1,1,1,3,1,2,9,2,48,3,10,7,5,7,19,8,20,10,16,,126,,1,26,,121.5719224,25.0501394
112,12,26,23,0,2,06松山區,松山區塔悠路與八德路4段口,0,0,1,2,B03,7,5,5,50,14,9,1,5,4,5,13,1,1,1,3,1,2,9,1,45,3,10,7,1,7,14,1,8,1,2,,40,,1,26,,121.5719224,25.0501394
112,12,27,0,7,2,04大安區,大安區通安街與安和路2段23巷口口,0,0,1,1,C03,8,5,5,30,4,1,1,5,4,5,13,4,4,10,5,5,2,15,1,30,2,9,6,1,7,9,1,9,1,11,,72,,1,21,,121.5533051,25.0320881
112,12,27,0,7,2,04大安區,大安區通安街與安和路2段23巷口口,0,0,1,2,B11,8,5,5,30,4,1,1,5,4,5,13,4,4,10,5,5,2,15,1,42,3,10,7,1,7,9,1,2,1,2,,44,,1,21,,121.5533051,25.0320881
112,12,27,0,19,2,06松山區,松山區敦化北路與民生東路4段口,0,0,1,2,,8,5,5,50,4,1,1,5,4,1,11,1,1,4,3,4,1,23,3,33,,,,,,,,,,,,129,,1,,,121.5492107,25.0579341
112,12,27,0,19,2,06松山區,松山區敦化北路與民生東路4段口,0,0,1,3,,8,5,5,50,4,1,1,5,4,1,11,1,1,4,3,4,1,23,3,0,,,,,,,,,,,,67,,1,,,121.5492107,25.0579341
112,12,27,0,19,2,06松山區,松山區敦化北路與民生東路4段口,0,0,1,1,C03,8,5,5,50,4,1,1,5,4,1,11,1,1,4,3,4,1,23,1,53,2,9,3,1,7,15,1,10,1,11,,100,,1,22,,121.5492107,25.0579341
112,12,27,2,30,2,02萬華區,萬華區華中橋機車道往新北市(華中051),0,0,2,1,C03,8,5,5,40,8,11,1,5,4,5,13,4,4,1,4,5,2,13,2,24,2,9,5,4,7,9,1,10,1,11,,16,,1,22,,121.4953787,25.01288221
112,12,27,2,30,2,02萬華區,萬華區華中橋機車道往新北市(華中051),0,0,2,2,C04,8,5,5,40,8,11,1,5,4,5,13,4,4,1,4,5,2,13,2,70,2,9,5,4,7,9,1,11,1,13,,44,,1,22,,121.4953787,25.01288221
112,12,27,5,12,2,01大同區,大同區長安西路與太原路口,0,0,3,3,H02,8,5,5,50,4,1,1,5,4,5,13,1,1,5,5,5,2,17,2,61,2,8,6,5,7,20,8,20,10,16,,67,,1,21,,121.5154636,25.0512719
112,12,27,5,12,2,01大同區,大同區長安西路與太原路口,0,0,3,1,F03,8,5,5,50,4,1,1,5,4,5,13,1,1,5,5,5,2,17,2,55,2,9,6,1,7,5,8,20,2,14,,80,,1,21,,121.5154636,25.0512719
112,12,27,5,12,2,01大同區,大同區長安西路與太原路口,0,0,3,2,C03,8,5,5,50,4,1,1,5,4,5,13,1,1,5,5,5,2,17,1,66,2,8,6,1,7,9,1,10,2,12,,108,,1,21,,121.5154636,25.0512719
112,12,27,6,47,2,08士林區,士林區重慶北路4段49巷與重慶北路4段49巷10弄口,0,0,1,1,B03,8,7,5,30,4,1,1,5,4,5,13,4,4,10,5,5,2,16,2,49,3,10,7,1,7,1,1,8,1,8,,19,,1,21,,121.512504,25.0809665
112,12,27,6,47,2,08士林區,士林區重慶北路4段49巷與重慶北路4段49巷10弄口,0,0,1,2,C03,8,7,5,30,4,1,1,5,4,5,13,4,4,10,5,5,2,16,2,43,2,9,6,1,7,9,1,10,1,12,,44,,1,21,,121.512504,25.0809665
112,12,27,6,52,2,03中山區,中山區民權東路1段與中山北路2段口,0,0,3,2,C03,8,6,5,50,3,1,1,5,4,5,13,2,1,9,4,5,2,12,2,52,2,9,5,1,7,9,1,10,1,11,,44,,1,21,,121.522735,25.0626592
112,12,27,6,52,2,03中山區,中山區民權東路1段與中山北路2段口,0,0,3,3,H02,8,6,5,50,3,1,1,5,4,5,13,2,1,9,4,5,2,12,2,52,2,9,5,5,7,21,8,20,10,16,,67,,1,21,,121.522735,25.0626592
112,12,27,6,52,2,03中山區,中山區民權東路1段與中山北路2段口,0,0,3,1,C03,8,6,5,50,3,1,1,5,4,5,13,2,1,9,4,5,2,12,1,22,2,8,5,1,7,8,1,10,1,13,,101,,1,21,,121.522735,25.0626592
112,12,27,7,5,2,12內湖區,內湖區環山路2段125號,0,0,1,1,B03,8,6,5,50,3,2,1,5,4,5,13,4,4,5,5,4,2,16,2,48,3,10,7,1,7,1,1,8,1,8,,19,,1,21,,121.5765031,25.08425728
112,12,27,7,5,2,12內湖區,內湖區環山路2段125號,0,0,1,2,C03,8,6,5,50,3,2,1,5,4,5,13,4,4,5,5,4,2,16,2,24,2,9,6,1,7,9,1,10,1,12,,14,,1,21,,121.5765031,25.08425728
112,12,27,7,30,2,01大同區,大同區延平北路2段與涼州街口,0,0,1,1,C03,8,6,5,50,4,1,1,5,4,5,13,2,1,8,3,5,2,17,1,43,2,8,6,1,7,9,1,10,1,17,,42,,1,21,,121.5113453,25.0606564
112,12,27,7,30,2,01大同區,大同區延平北路2段與涼州街口,0,0,1,2,B03,8,6,5,50,4,1,1,5,4,5,13,2,1,8,3,5,2,17,1,43,3,10,7,1,7,5,1,8,1,17,,44,,1,21,,121.5113453,25.0606564
112,12,27,7,34,2,05中正區,中正區重慶南路3段與詔安街口,0,0,1,1,C03,8,6,5,30,3,2,1,5,4,5,13,4,4,3,4,5,2,17,2,39,2,9,5,1,7,6,1,10,1,14,,72,,1,21,,121.5164404,25.0251657
112,12,27,7,34,2,05中正區,中正區重慶南路3段與詔安街口,0,0,1,2,C03,8,6,5,30,3,2,1,5,4,5,13,4,4,3,4,5,2,17,2,26,3,10,5,1,7,9,1,10,1,12,,44,,1,21,,121.5164404,25.0251657
112,12,27,7,35,2,12內湖區,內湖區民權大橋東往西編號7510482路燈桿處,0,0,2,1,C03,8,6,5,30,8,11,1,5,4,5,13,4,4,5,2,4,1,13,1,59,2,9,5,1,7,9,1,10,1,11,,16,,1,21,,121.5715184,25.06464382
112,12,27,7,35,2,12內湖區,內湖區民權大橋東往西編號7510482路燈桿處,0,0,2,2,C03,8,6,5,30,8,11,1,5,4,5,13,4,4,5,2,4,1,13,1,47,2,8,5,1,7,9,1,10,1,13,,44,,1,21,,121.5715184,25.06464382
112,12,27,7,41,2,06松山區,松山區復興北路與復興北路17巷口,0,0,1,2,C03,7,5,5,50,14,9,1,5,4,5,13,4,4,1,3,5,2,12,2,19,2,8,6,1,7,9,1,10,1,14,,44,,1,22,,121.544215,25.04927229
112,12,27,7,41,2,06松山區,松山區復興北路與復興北路17巷口,0,0,1,1,C03,7,5,5,50,14,9,1,5,4,5,13,4,4,1,3,5,2,12,1,28,3,10,6,1,7,6,1,10,1,12,,9,,1,22,,121.544215,25.04927229
112,12,27,7,45,2,10文山區,文山區木柵路1段331-2號,0,0,1,2,C03,8,7,5,50,14,9,1,5,4,5,13,4,4,5,2,5,2,12,1,55,2,8,5,1,7,14,1,10,1,17,,44,,1,21,,121.5579643,24.99939201
112,12,27,7,45,2,10文山區,文山區木柵路1段331-2號,0,0,1,1,B03,8,7,5,50,14,9,1,5,4,5,13,4,4,5,2,5,2,12,2,44,3,10,7,1,7,9,1,8,1,17,,106,,1,21,,121.5579643,24.99939201
112,12,27,7,55,2,09北投區,北投區中央南路1段與大度路口,0,0,2,1,C03,7,5,5,50,5,2,1,5,4,5,13,2,2,10,5,5,2,17,2,47,2,9,5,1,7,6,1,10,1,11,,107,,1,21,,121.4997578,25.1211632
112,12,27,7,55,2,09北投區,北投區中央南路1段與大度路口,0,0,2,2,C03,7,5,5,50,5,2,1,5,4,5,13,2,2,10,5,5,2,17,1,21,2,9,5,1,7,9,1,10,1,11,,107,,1,21,,121.4997578,25.1211632
112,12,27,8,4,2,02萬華區,萬華區華江橋機車道往台北市（燈桿001027）,0,0,1,2,C03,7,5,7,40,8,11,1,5,4,5,13,4,4,8,3,5,1,13,2,38,3,10,3,4,7,9,1,10,1,13,,44,,1,22,,121.486685,25.0355462
112,12,27,8,4,2,02萬華區,萬華區華江橋機車道往台北市（燈桿001027）,0,0,1,3,C03,7,5,7,40,8,11,1,5,4,5,13,4,4,8,3,5,1,13,2,28,3,10,3,4,7,9,1,10,1,11,,17,,1,22,,121.486685,25.0355462
112,12,27,8,4,2,02萬華區,萬華區華江橋機車道往台北市（燈桿001027）,0,0,1,4,C03,7,5,7,40,8,11,1,5,4,5,13,4,4,8,3,5,1,13,1,26,3,10,3,4,7,9,1,10,1,13,,44,,1,22,,121.486685,25.0355462
112,12,27,8,4,2,02萬華區,萬華區華江橋機車道往台北市（燈桿001027）,0,0,1,1,C03,7,5,7,40,8,11,1,5,4,5,13,4,4,8,3,5,1,13,1,33,2,8,3,4,7,9,3,18,1,11,,16,,1,22,,121.486685,25.0355462
112,12,27,8,4,2,11南港區,南港區忠孝東路6段81巷與東新街口,0,0,1,1,B03,8,6,5,50,3,1,1,5,4,5,13,4,4,1,4,5,2,16,1,38,3,10,7,1,7,6,1,8,1,6,,9,,1,22,,121.584625,25.0484848
112,12,27,8,4,2,11南港區,南港區忠孝東路6段81巷與東新街口,0,0,1,2,C03,8,6,5,50,3,1,1,5,4,5,13,4,4,1,4,5,2,16,1,39,2,8,5,1,7,9,1,10,1,11,,44,,1,22,,121.584625,25.0484848
112,12,27,8,20,2,03中山區,中山區朱崙街與建國北路1段口,0,0,1,2,B03,8,6,5,50,14,9,1,5,4,5,13,4,4,9,4,5,2,13,1,55,3,10,7,1,7,12,1,8,1,6,,44,,1,21,,121.5369702,25.0486302
112,12,27,8,20,2,03中山區,中山區朱崙街與建國北路1段口,0,0,1,1,C03,8,6,5,50,14,9,1,5,4,5,13,4,4,9,4,5,2,13,1,34,2,9,5,1,7,9,1,10,1,11,,16,,1,21,,121.5369702,25.0486302
112,12,27,9,0,2,11南港區,南港區福德街373巷15號對面,0,0,2,2,H03,8,6,5,30,11,9,1,5,4,5,13,4,4,5,5,5,2,9,1,46,2,7,4,5,8,16,8,20,1,16,,60,,1,22,,121.5911087,25.0399242
112,12,27,9,0,2,11南港區,南港區福德街373巷15號對面,0,0,2,1,C03,8,6,5,30,11,9,1,5,4,5,13,4,4,5,5,5,2,9,2,54,2,9,6,1,7,9,1,10,1,14,,44,,1,22,,121.5911087,25.0399242
112,12,27,9,0,2,11南港區,南港區福德街373巷15號對面,0,0,2,3,B03,8,6,5,30,11,9,1,5,4,5,13,4,4,5,5,5,2,9,1,69,3,10,7,1,7,13,1,8,9,17,,44,,1,22,,121.5911087,25.0399242
112,12,27,9,10,2,03中山區,中山區復興北路514巷2號,0,0,1,1,F01,8,7,8,50,14,9,1,5,4,5,13,4,4,5,4,5,2,12,2,80,2,9,4,4,7,7,8,20,1,14,,100,,1,21,,121.5439758,25.0659461
112,12,27,9,10,2,03中山區,中山區復興北路514巷2號,0,0,1,2,,8,7,8,50,14,9,1,5,4,5,13,4,4,5,4,5,2,12,1,27,3,10,3,4,7,9,1,8,1,6,,44,,1,21,,121.5439758,25.0659461
112,12,27,9,28,2,06松山區,松山區吉祥路49號對面,0,0,1,2,C03,8,6,5,30,14,9,1,5,4,5,13,4,4,5,5,5,2,13,1,26,2,8,6,1,7,9,1,10,1,13,,80,,1,22,,121.5625565,25.05022327
112,12,27,9,28,2,06松山區,松山區吉祥路49號對面,0,0,1,1,B03,8,6,5,30,14,9,1,5,4,5,13,4,4,5,5,5,2,13,1,70,3,10,7,1,7,9,1,7,1,5,,80,,1,22,,121.5625565,25.05022327
112,12,27,9,58,2,04大安區,大安區和平東路2段265巷與和平東路2段311巷34弄口,0,0,1,2,B01,8,5,5,30,4,1,1,5,4,5,13,4,4,10,5,5,2,15,1,48,3,10,7,1,7,9,1,4,1,1,,107,,1,22,,121.5440453,25.02571681
112,12,27,9,58,2,04大安區,大安區和平東路2段265巷與和平東路2段311巷34弄口,0,0,1,1,C03,8,5,5,30,4,1,1,5,4,5,13,4,4,10,5,5,2,15,2,21,2,8,6,1,7,9,1,10,1,12,,72,,1,22,,121.5440453,25.02571681
112,12,27,10,15,2,06松山區,松山區長春路452號,0,0,1,1,B03,8,5,5,50,14,9,1,5,4,5,13,4,4,8,3,4,2,16,1,53,3,10,7,1,7,11,1,8,2,4,,10,,1,22,,121.5456366,25.0545198
112,12,27,10,15,2,06松山區,松山區長春路452號,0,0,1,2,C03,8,5,5,50,14,9,1,5,4,5,13,4,4,8,3,4,2,16,1,40,2,8,6,1,7,9,1,10,2,11,,13,,1,22,,121.5456366,25.0545198
112,12,27,10,20,2,06松山區,松山區松河街與饒河街61巷口,0,0,2,2,C03,8,6,5,40,3,2,1,5,4,5,13,1,1,9,4,5,2,13,2,29,2,8,6,1,7,5,1,10,1,13,,44,,1,22,,121.5728983,25.0507715
112,12,27,10,20,2,06松山區,松山區松河街與饒河街61巷口,0,0,2,1,C03,8,6,5,40,3,2,1,5,4,5,13,1,1,9,4,5,2,13,1,40,2,8,6,1,7,9,1,10,1,11,,16,,1,22,,121.5728983,25.0507715
112,12,27,10,43,2,07信義區,信義區基隆路1段333號,0,0,1,2,C03,8,7,5,50,14,9,1,5,4,5,13,4,4,5,4,5,2,12,1,28,2,9,2,4,7,9,1,10,1,14,,44,,1,21,,121.5611738,25.0353414
112,12,27,10,43,2,07信義區,信義區基隆路1段333號,0,0,1,1,C03,8,7,5,50,14,9,1,5,4,5,13,4,4,5,4,5,2,12,1,23,3,10,2,4,7,15,1,10,1,11,,101,,1,21,,121.5611738,25.0353414
112,12,27,10,50,2,09北投區,北投區大業路280巷與北投路1段口,0,0,2,2,C02,8,6,5,50,4,1,1,5,4,5,13,2,1,5,4,5,2,17,1,57,2,8,6,1,7,9,1,9,1,14,,13,,1,21,,121.5003919,25.127696
112,12,27,10,50,2,09北投區,北投區大業路280巷與北投路1段口,0,0,2,1,B03,8,6,5,50,4,1,1,5,4,5,13,2,1,5,4,5,2,17,1,60,3,10,7,1,7,9,1,8,1,1,,81,,2,21,,121.5003919,25.127696
112,12,27,10,50,2,09北投區,北投區大業路280巷與北投路1段口,0,0,2,3,H02,8,6,5,50,4,1,1,5,4,5,13,2,1,5,4,5,2,17,2,48,2,9,6,5,7,21,8,20,10,17,,67,,1,21,,121.5003919,25.127696
112,12,27,11,4,2,01大同區,大同區環河北路1段往南(玉泉公園對面),0,0,1,2,B01,8,6,5,50,14,9,1,5,4,5,13,4,4,5,4,5,1,12,1,60,3,10,3,4,7,9,1,4,1,2,,44,,1,22,,121.5064258,25.0497961
112,12,27,11,4,2,01大同區,大同區環河北路1段往南(玉泉公園對面),0,0,1,1,C03,8,6,5,50,14,9,1,5,4,5,13,4,4,5,4,5,1,12,1,34,2,8,6,4,7,7,1,10,1,14,,99,,1,22,,121.5064258,25.0497961
112,12,27,11,8,2,05中正區,中正區鄭州路與台北車站西側門口,0,0,1,3,B01,8,6,5,40,4,2,1,5,4,5,13,1,1,1,4,5,2,13,1,62,3,10,2,1,7,9,1,4,2,6,,44,,1,22,,121.5163716,25.04862973
112,12,27,11,8,2,05中正區,中正區鄭州路與台北車站西側門口,0,0,1,1,C03,8,6,5,40,4,2,1,5,4,5,13,1,1,1,4,5,2,13,1,32,2,7,5,1,7,9,1,10,2,11,,44,,1,22,,121.5163716,25.04862973
112,12,27,11,8,2,05中正區,中正區鄭州路與台北車站西側門口,0,0,1,2,C03,8,6,5,40,4,2,1,5,4,5,13,1,1,1,4,5,2,13,1,21,3,10,5,1,7,12,1,10,2,14,,44,,1,22,,121.5163716,25.04862973
112,12,27,11,15,2,09北投區,北投區承德路7段231號,0,0,2,1,C03,8,7,5,50,14,7,1,5,4,5,13,4,4,1,4,4,2,13,1,19,2,4,5,1,7,9,1,10,1,11,,42,,1,22,,121.5053949,25.11582211
112,12,27,11,15,2,09北投區,北投區承德路7段231號,0,0,2,2,B03,8,7,5,50,14,7,1,5,4,5,13,4,4,1,4,4,2,13,2,70,3,10,7,1,7,9,1,8,1,7,,44,,1,22,,121.5053949,25.11582211
112,12,27,11,15,2,09北投區,北投區承德路7段231號,0,0,2,3,H02,8,7,5,50,14,7,1,5,4,5,13,4,4,1,4,4,2,13,2,19,2,9,5,5,7,20,8,20,10,16,,67,,1,22,,121.5053949,25.11582211
112,12,27,11,18,2,05中正區,中正區中華路1段與貴陽街1段口,0,0,2,2,C03,8,7,5,50,4,1,1,5,4,5,13,1,1,1,4,1,2,12,1,34,2,9,6,1,7,9,1,10,2,11,,44,,1,21,,121.5076131,25.03917006
112,12,27,11,18,2,05中正區,中正區中華路1段與貴陽街1段口,0,0,2,1,C03,8,7,5,50,4,1,1,5,4,5,13,1,1,1,4,1,2,12,1,26,2,5,6,1,7,15,1,10,2,12,,9,,1,21,,121.5076131,25.03917006
112,12,27,11,35,2,01大同區,大同區環河北路2段與敦煌路口堤外自行車道PB3柱子,0,0,2,2,F01,8,5,5,0,14,23,1,5,4,5,13,4,4,10,5,5,2,17,1,23,2,9,3,4,7,9,8,20,1,11,,107,,1,21,,121.5082467,25.0768188
112,12,27,11,35,2,01大同區,大同區環河北路2段與敦煌路口堤外自行車道PB3柱子,0,0,2,1,F01,8,5,5,0,14,23,1,5,4,5,13,4,4,10,5,5,2,17,1,33,2,9,3,4,7,9,8,20,1,11,,107,,1,21,,121.5082467,25.0768188
112,12,27,12,0,2,03中山區,中山區民族東路410巷1號,0,0,3,1,C03,7,7,5,50,14,9,1,5,4,5,13,4,4,8,5,5,1,11,1,69,2,7,5,1,7,1,1,10,1,14,,19,,1,21,,121.5381357,25.06723466
112,12,27,12,0,2,03中山區,中山區民族東路410巷1號,0,0,3,2,C03,7,7,5,50,14,9,1,5,4,5,13,4,4,8,5,5,1,11,1,44,2,7,6,1,7,9,1,10,1,11,,44,,1,21,,121.5381357,25.06723466
112,12,27,12,0,2,03中山區,中山區民族東路410巷1號,0,0,3,3,B12,7,7,5,50,14,9,1,5,4,5,13,4,4,8,5,5,1,11,1,48,3,10,7,1,7,14,1,8,1,17,,38,,1,21,,121.5381357,25.06723466
112,12,27,12,0,2,03中山區,中山區民族東路410巷1號,0,0,3,4,H01,7,7,5,50,14,9,1,5,4,5,13,4,4,8,5,5,1,11,2,52,2,1,4,5,8,16,8,20,10,16,,67,,1,21,,121.5381357,25.06723466
112,12,27,12,14,2,03中山區,中山區新生北路2段111號,0,0,1,1,C03,8,7,5,50,14,9,1,5,4,5,13,4,4,1,4,5,2,17,1,51,3,10,5,4,7,9,1,10,11,17,,44,,1,22,,121.5278363,25.05831891
112,12,27,12,14,2,03中山區,中山區新生北路2段111號,0,0,1,2,C03,8,7,5,50,14,9,1,5,4,5,13,4,4,1,4,5,2,17,2,43,2,8,6,4,7,9,1,10,1,17,,44,,1,22,,121.5278363,25.05831891
112,12,27,12,15,2,03中山區,中山區南京東路1段108號,0,0,1,1,B12,8,5,5,40,14,8,1,5,4,5,13,4,4,1,4,4,2,17,1,49,3,10,7,1,7,1,1,8,1,4,,19,,1,21,,121.5270222,25.05199522
112,12,27,12,15,2,03中山區,中山區南京東路1段108號,0,0,1,2,C03,8,5,5,40,14,8,1,5,4,5,13,4,4,1,4,4,2,17,2,20,2,9,6,1,7,9,3,18,1,11,,13,,1,22,,121.5270222,25.05199522
112,12,27,12,30,2,08士林區,士林區天母東路69巷與中山北路7段14巷口,0,0,1,1,B03,8,6,5,30,4,2,1,5,4,5,13,2,1,9,1,5,1,17,1,44,3,10,7,1,7,1,1,8,2,17,,19,,1,21,,121.5320892,25.12068176
112,12,27,12,30,2,08士林區,士林區天母東路69巷與中山北路7段14巷口,0,0,1,2,C03,8,6,5,30,4,2,1,5,4,5,13,2,1,9,1,5,1,17,1,40,2,9,5,1,7,9,1,10,2,12,,13,,1,21,,121.5320892,25.12068176