發生年度,發生月,發生日,發生時-Hours,發生分,處理別-編號,區序,肇事地點,死亡人數,2-30日死亡人數,受傷人數,當事人序號,車種,天候,光線,道路類別,速限-速度限制,道路型態,事故位置,路面狀況1,路面狀況2,路面狀況3,道路障礙1,道路障礙2,號誌1,號誌2,車道劃分-分向,車道劃分-分道1,車道劃分-分道2,車道劃分-分道3,事故類型及型態,性別,年齡,受傷程度,主要傷處,保護裝置,行動電話,車輛用途,當事者行動狀態,駕駛資格情形,駕駛執照種類,飲酒情形,車輛撞擊部位1,車輛撞擊部位2,肇因碼-個別,肇因碼-主要,個人肇逃否,職業,旅次目的,座標-X,座標-Y
112,12,27,12,39,2,02萬華區,萬華區環河南路1段與峨眉街口,0,0,1,2,C03,8,5,5,30,3,1,1,5,4,5,13,4,4,5,5,5,2,16,1,32,2,8,5,4,7,15,1,10,1,14,,44,,1,21,,121.501721,25.04495902
112,12,27,12,39,2,02萬華區,萬華區環河南路1段與峨眉街口,0,0,1,1,B03,8,5,5,30,3,1,1,5,4,5,13,4,4,5,5,5,2,16,1,31,3,10,7,4,7,6,1,8,1,5,,9,,1,21,,121.501721,25.04495902
112,12,27,13,29,2,07信義區,信義區吳興街50巷與基隆路2段39巷口,0,0,1,1,C03,8,6,5,30,4,1,1,5,4,5,13,4,4,7,4,5,2,15,2,54,2,9,6,1,7,9,1,10,1,11,,73,,1,21,,121.5595618,25.0306136
112,12,27,13,29,2,07信義區,信義區吳興街50巷與基隆路2段39巷口,0,0,1,2,C03,8,6,5,30,4,1,1,5,4,5,13,4,4,7,4,5,2,15,1,47,3,10,6,1,7,9,1,10,1,14,,14,,1,21,,121.5595618,25.0306136
112,12,27,13,52,2,09北投區,北投區光明路2巷與中正街49巷口,0,0,1,1,C03,8,7,5,50,3,1,1,5,4,5,13,4,4,5,5,5,2,13,2,23,2,9,6,1,7,9,1,10,1,11,,108,,1,22,,121.4995194,25.1313565
112,12,27,13,52,2,09北投區,北投區光明路2巷與中正街49巷口,0,0,1,2,C03,8,7,5,50,3,1,1,5,4,5,13,4,4,5,5,5,2,13,1,60,3,10,5,1,7,9,1,10,1,13,,44,,1,22,,121.4995194,25.1313565
112,12,27,14,49,2,02萬華區,萬華區康定路與峨眉街口,0,0,1,2,B12,8,7,5,50,4,2,1,5,4,5,13,1,1,9,5,5,2,17,1,39,3,10,3,4,7,13,1,8,1,17,,34,,1,21,,121.5028613,25.0446069
112,12,27,14,49,2,02萬華區,萬華區康定路與峨眉街口,0,0,1,1,C03,8,7,5,50,4,2,1,5,4,5,13,1,1,9,5,5,2,17,2,25,2,8,5,1,7,9,1,10,1,12,,107,,1,21,,121.5028613,25.0446069
112,12,27,15,11,2,04大安區,大安區仁愛路3段與建國南路1段口,0,0,1,1,C03,8,6,5,50,11,9,1,5,4,5,13,1,1,1,4,5,2,12,1,24,2,9,6,1,7,9,1,10,1,14,,17,,1,21,,121.5389041,25.03841887
112,12,27,15,11,2,04大安區,大安區仁愛路3段與建國南路1段口,0,0,1,2,B03,8,6,5,50,11,9,1,5,4,5,13,1,1,1,4,5,2,12,1,53,3,10,7,1,7,9,1,8,1,2,,17,,1,21,,121.5389041,25.03841887
112,12,27,16,2,2,02萬華區,萬華區西園路2段32號,0,0,1,2,,8,5,5,50,14,9,1,5,5,5,13,4,4,10,5,5,2,18,3,0,,,,,,,,,,,,67,,1,,,121.4976833,25.03243203
112,12,27,16,2,2,02萬華區,萬華區西園路2段32號,0,0,1,1,C03,8,5,5,50,14,9,1,5,5,5,13,4,4,10,5,5,2,18,2,47,2,9,3,4,7,9,1,10,1,17,,42,,1,21,,121.4976833,25.03243203
112,12,27,16,10,2,06松山區,松山區南京東路5段286巷與南京東路5段口,0,0,2,2,C03,8,5,5,30,3,1,1,5,4,3,10,4,4,8,3,4,1,16,1,20,2,9,3,1,7,9,1,9,1,11,,13,,1,22,,121.5672916,25.051224
112,12,27,16,10,2,06松山區,松山區南京東路5段286巷與南京東路5段口,0,0,2,3,C03,8,5,5,30,3,1,1,5,4,3,10,4,4,8,3,4,1,16,1,21,2,9,3,1,7,9,1,10,1,11,,13,,1,22,,121.5672916,25.051224
112,12,27,16,10,2,06松山區,松山區南京東路5段286巷與南京東路5段口,0,0,2,1,,8,5,5,30,3,1,1,5,4,3,10,4,4,8,3,4,1,16,1,57,3,10,3,1,7,6,1,8,1,5,,80,,1,22,,121.5672916,25.051224
112,12,27,16,43,2,03中山區,中山區松江路133巷與南京東路2段115巷口,0,0,1,1,B01,8,6,5,30,4,1,1,5,4,5,13,4,4,10,5,5,2,15,1,60,3,10,7,1,7,9,1,4,1,1,,72,,1,21,,121.5336403,25.05435342
112,12,27,16,43,2,03中山區,中山區松江路133巷與南京東路2段115巷口,0,0,1,2,C03,8,6,5,30,4,1,1,5,4,5,13,4,4,10,5,5,2,15,1,61,2,9,6,1,7,9,1,10,1,12,,14,,1,21,,121.5336403,25.05435342
112,12,27,16,51,1,09北投區,北投區榮華三路3號,1,0,0,2,C03,7,7,5,30,14,9,1,5,4,5,13,4,4,5,4,5,2,11,1,69,1,4,3,4,7,9,1,10,1,14,,42,,1,21,,121.5241947,25.1137143
112,12,27,16,51,1,09北投區,北投區榮華三路3號,1,0,0,1,B02,7,7,5,30,14,9,1,5,4,5,13,4,4,5,4,5,2,11,2,44,3,10,3,4,7,7,1,8,2,8,,4,,1,22,,121.5241947,25.1137143
112,12,27,16,51,1,09北投區,北投區榮華三路3號,1,0,0,3,B03,7,7,5,30,14,9,1,5,4,5,13,4,4,5,4,5,2,11,1,52,3,10,3,4,7,13,1,8,9,17,,38,,1,21,,121.5241947,25.1137143
112,12,27,16,56,2,02萬華區,萬華區桂林路與環河南路2段口水門口,0,0,1,2,C03,8,5,5,50,4,1,1,5,4,5,13,1,1,5,4,5,2,17,1,26,2,8,5,4,7,9,1,10,1,11,,44,,1,22,,121.49598,25.03887851
112,12,27,16,56,2,02萬華區,萬華區桂林路與環河南路2段口水門口,0,0,1,1,C03,8,5,5,50,4,1,1,5,4,5,13,1,1,5,4,5,2,17,1,29,3,10,5,4,7,6,1,10,1,13,,9,,1,22,,121.49598,25.03887851
112,12,27,17,7,2,07信義區,信義區信安街67巷與信安街口,0,0,1,2,C03,7,7,5,50,4,1,1,5,4,5,13,2,1,5,5,5,2,17,2,25,2,8,5,1,7,5,1,10,1,14,,17,,1,21,,121.5575595,25.0260945
112,12,27,17,7,2,07信義區,信義區信安街67巷與信安街口,0,0,1,1,B03,7,7,5,50,4,1,1,5,4,5,13,2,1,5,5,5,2,17,1,35,3,10,7,1,7,15,1,8,1,5,,101,,1,21,,121.5575595,25.0260945
112,12,27,17,53,2,03中山區,中山區中山北路2段與民生西路口,0,0,1,1,B03,7,5,5,50,14,9,1,5,4,5,13,1,1,5,4,5,2,16,1,35,3,10,3,4,7,8,1,8,1,2,,9,,1,21,,121.5227077,25.05791996
112,12,27,17,53,2,03中山區,中山區中山北路2段與民生西路口,0,0,1,2,C03,7,5,5,50,14,9,1,5,4,5,13,1,1,5,4,5,2,16,1,30,2,4,3,4,7,9,1,10,1,14,,44,,1,21,,121.5227077,25.05791996
112,12,27,18,6,2,05中正區,中正區杭州南路2段與愛國東路口,0,0,1,2,F01,7,5,5,50,4,2,1,5,4,5,13,1,1,10,5,5,2,16,1,14,2,4,4,1,7,9,8,20,2,11,,44,,1,15,,121.5223942,25.03243073
112,12,27,18,6,2,05中正區,中正區杭州南路2段與愛國東路口,0,0,1,1,B03,7,5,5,50,4,2,1,5,4,5,13,1,1,10,5,5,2,16,1,42,3,10,7,1,7,5,1,8,2,4,,74,,1,22,,121.5223942,25.03243073
112,12,27,18,21,2,07信義區,信義區忠孝東路4段345號對面西往東,0,0,1,1,C03,6,5,5,50,14,9,1,4,4,5,13,4,4,10,4,5,2,17,1,74,2,9,5,1,7,9,1,10,1,11,,108,,1,22,,121.5591795,25.04119979
112,12,27,18,21,2,07信義區,信義區忠孝東路4段345號對面西往東,0,0,1,2,B01,6,5,5,50,14,9,1,4,4,5,13,4,4,10,4,5,2,17,1,44,3,10,2,1,7,14,1,3,1,7,,44,,1,22,,121.5591795,25.04119979
112,12,27,18,25,2,01大同區,大同區民權西路與延平北路2段口,0,0,1,1,C03,6,5,5,40,5,1,1,4,4,5,13,4,4,1,5,5,2,17,1,57,3,10,6,1,7,5,1,10,2,17,,8,,1,21,,121.5112225,25.062837
112,12,27,18,25,2,01大同區,大同區民權西路與延平北路2段口,0,0,1,2,C03,6,5,5,40,5,1,1,4,4,5,13,4,4,1,5,5,2,17,2,43,2,9,6,1,7,9,1,10,2,14,,44,,1,21,,121.5112225,25.062837
112,12,27,18,25,2,03中山區,中山區吉林路與松江路330巷口口,0,0,1,1,B03,7,5,5,50,4,1,1,5,4,5,13,1,1,5,4,5,2,17,2,34,3,10,3,4,7,5,1,8,1,2,,8,,1,21,,121.5303182,25.061223
112,12,27,18,25,2,03中山區,中山區吉林路與松江路330巷口口,0,0,1,2,C03,7,5,5,50,4,1,1,5,4,5,13,1,1,5,4,5,2,17,2,44,2,9,3,4,7,9,3,18,1,11,,44,,1,21,,121.5303182,25.061223
112,12,27,18,28,2,07信義區,信義區松智路17號對面,0,0,1,2,H02,6,5,5,50,14,9,1,4,4,5,13,4,4,5,4,5,2,9,1,62,2,1,4,5,7,20,8,20,10,16,,67,,1,22,,121.5653599,25.0342233
112,12,27,18,28,2,07信義區,信義區松智路17號對面,0,0,1,1,A02,6,5,5,50,14,9,1,4,4,5,13,4,4,5,4,5,2,9,1,46,3,10,3,4,7,12,1,2,1,17,,36,,1,21,,121.5653599,25.0342233
112,12,27,18,30,2,04大安區,大安區和平東路2段175巷與和平東路2段175巷44弄口,0,0,1,2,C03,6,5,5,30,4,1,1,4,4,5,13,4,4,10,5,5,2,15,2,28,2,8,6,1,7,15,1,10,1,14,,44,,1,21,,121.5418129,25.0270573
112,12,27,18,30,2,04大安區,大安區和平東路2段175巷與和平東路2段175巷44弄口,0,0,1,1,B03,6,5,5,30,4,1,1,4,4,5,13,4,4,10,5,5,2,15,2,37,3,10,7,1,7,15,1,8,1,8,,72,,1,21,,121.5418129,25.0270573
112,12,27,18,40,2,05中正區,中正區汀州路1段與西藏路口,0,0,2,1,C03,6,5,8,50,4,1,1,4,4,5,13,1,1,5,5,5,2,17,1,29,2,8,5,1,7,5,5,18,2,14,,8,,1,22,,121.507233,25.0306242
112,12,27,18,40,2,05中正區,中正區汀州路1段與西藏路口,0,0,2,2,C03,6,5,8,50,4,1,1,4,4,5,13,1,1,5,5,5,2,17,2,22,2,9,5,1,7,9,1,10,2,11,,44,,1,22,,121.507233,25.0306242
112,12,27,18,52,2,01大同區,大同區昌吉街51號,0,0,1,1,B03,6,5,5,50,14,9,1,4,4,5,13,4,4,5,5,5,2,17,1,43,4,11,3,4,7,9,1,8,9,4,,44,,1,22,,121.5164137,25.0658836
112,12,27,18,52,2,01大同區,大同區昌吉街51號,0,0,1,2,C03,6,5,5,50,14,9,1,4,4,5,13,4,4,5,5,5,2,17,2,55,2,8,6,1,7,1,1,10,1,12,,19,,1,21,,121.5164137,25.0658836
112,12,27,18,59,2,07信義區,信義區莊敬路與吳興街361巷口口,0,0,1,1,C03,7,5,5,50,3,1,1,5,4,5,13,4,4,9,5,4,2,16,1,24,3,10,6,1,7,5,1,10,1,12,,74,,1,21,,121.5678615,25.0267654
112,12,27,18,59,2,07信義區,信義區莊敬路與吳興街361巷口口,0,0,1,2,C03,7,5,5,50,3,1,1,5,4,5,13,4,4,9,5,4,2,16,2,33,2,8,6,1,7,9,1,10,1,11,,44,,1,21,,121.5678615,25.0267654
112,12,27,19,0,2,07信義區,信義區永吉路223號,0,0,1,1,C03,6,5,5,40,14,8,1,4,4,5,13,4,4,9,4,4,2,12,2,45,2,8,6,1,7,1,1,10,1,15,,19,,1,21,,121.5738967,25.0456454
112,12,27,19,0,2,07信義區,信義區永吉路223號,0,0,1,2,B03,6,5,5,40,14,8,1,4,4,5,13,4,4,9,4,4,2,12,1,56,3,10,7,1,7,15,1,8,1,15,,17,,1,21,,121.5738967,25.0456454
112,12,27,19,30,2,10文山區,文山區辛亥路7段1號前,0,0,1,1,C03,6,5,5,50,14,9,1,4,4,5,13,2,1,5,4,5,2,18,2,28,2,9,5,1,7,9,1,10,9,14,,118,,1,21,,121.5523644,24.98771825
112,12,27,19,30,2,10文山區,文山區辛亥路7段1號前,0,0,1,2,,6,5,5,50,14,9,1,4,4,5,13,2,1,5,4,5,2,18,3,0,,,,,,,,,,,,67,,1,,,121.5523644,24.98771825
112,12,27,19,53,2,08士林區,士林區社中街與社正路口,0,0,1,1,B03,6,5,5,50,4,1,1,4,4,5,13,2,1,5,5,5,1,9,1,68,3,10,7,1,7,5,1,8,2,4,,70,,1,21,,121.510605,25.0889423
112,12,27,19,53,2,08士林區,士林區社中街與社正路口,0,0,1,2,H01,6,5,5,50,4,1,1,4,4,5,13,2,1,5,5,5,1,9,2,69,2,9,4,5,8,16,8,20,10,16,,67,,1,21,,121.510605,25.0889423
112,12,27,20,0,2,07信義區,信義區吳興街與吳興街365巷口,0,0,2,5,H02,6,5,5,30,4,1,1,4,4,4,13,4,4,10,5,5,2,13,1,6,2,8,6,5,7,20,8,20,10,16,,67,,1,21,,121.5665585,25.0256065
112,12,27,20,0,2,07信義區,信義區吳興街與吳興街365巷口,0,0,2,4,H01,6,5,5,30,4,1,1,4,4,4,13,4,4,10,5,5,2,13,1,21,3,10,4,5,8,16,8,20,10,16,,67,,1,21,,121.5665585,25.0256065
112,12,27,20,0,2,07信義區,信義區吳興街與吳興街365巷口,0,0,2,3,C03,6,5,5,30,4,1,1,4,4,4,13,4,4,10,5,5,2,13,1,49,3,10,6,1,7,9,1,10,1,13,,16,,1,21,,121.5665585,25.0256065
112,12,27,20,0,2,07信義區,信義區吳興街與吳興街365巷口,0,0,2,2,C03,6,5,5,30,4,1,1,4,4,4,13,4,4,10,5,5,2,13,2,40,2,8,6,1,7,9,1,11,1,11,,16,,1,21,,121.5665585,25.0256065
112,12,27,20,0,2,07信義區,信義區吳興街與吳興街365巷口,0,0,2,1,B03,6,5,5,30,4,1,1,4,4,4,13,4,4,10,5,5,2,13,1,50,3,10,7,1,7,9,1,8,1,1,,16,,1,21,,121.5665585,25.0256065
112,12,27,20,21,2,06松山區,松山區三民路80巷與無名巷口消防通道,0,0,1,1,C03,6,5,5,30,3,1,1,4,4,5,13,4,4,10,5,5,2,16,2,25,3,10,5,1,7,5,1,10,1,11,,72,,1,22,,121.5645943,25.05631222
112,12,27,20,21,2,06松山區,松山區三民路80巷與無名巷口消防通道,0,0,1,2,C03,6,5,5,30,3,1,1,4,4,5,13,4,4,10,5,5,2,16,2,33,2,9,6,1,7,9,1,10,1,11,,14,,1,22,,121.5645943,25.05631222
112,12,27,20,45,2,12內湖區,內湖區金豐街與石潭路口,0,0,1,2,A11,6,5,5,50,4,1,1,4,4,5,13,1,1,4,1,5,1,15,1,60,3,10,7,1,7,9,1,3,1,5,,44,,1,21,,121.5904395,25.06354442
112,12,27,20,45,2,12內湖區,內湖區金豐街與石潭路口,0,0,1,1,C03,6,5,5,50,4,1,1,4,4,5,13,1,1,4,1,5,1,15,2,30,2,9,6,4,7,9,1,10,1,11,,81,,1,21,,121.5904395,25.06354442
112,12,27,20,57,2,05中正區,中正區福州街與牯嶺街口,0,0,1,1,B12,6,5,5,50,4,1,1,4,4,5,13,1,1,5,4,5,2,16,1,63,3,10,7,1,7,5,1,8,1,6,,8,,1,21,,121.5177389,25.0282818
112,12,27,20,57,2,05中正區,中正區福州街與牯嶺街口,0,0,1,2,C03,6,5,5,50,4,1,1,4,4,5,13,1,1,5,4,5,2,16,2,58,2,9,5,1,7,9,1,10,1,11,,44,,1,21,,121.5177389,25.0282818
112,12,27,21,38,2,04大安區,大安區和平東路2段與和平東路2段90巷口,0,0,1,1,B03,6,5,5,50,3,1,1,4,4,5,13,4,4,9,4,4,2,3,1,57,3,10,7,1,7,9,1,8,2,5,,70,,1,21,,121.5397379,25.025152
112,12,27,21,38,2,04大安區,大安區和平東路2段與和平東路2段90巷口,0,0,1,2,H01,6,5,5,50,3,1,1,4,4,5,13,4,4,9,4,4,2,3,1,43,2,9,4,5,8,16,8,20,10,16,,121,,1,21,,121.5397379,25.025152
112,12,27,22,30,2,07信義區,信義區市民大道5段與光復南路口,0,0,1,1,B03,6,5,5,40,4,1,1,4,4,5,13,2,1,1,4,5,2,17,1,32,3,10,7,1,7,9,1,8,1,17,,101,,1,22,,121.5580876,25.0450997
112,12,27,22,30,2,07信義區,信義區市民大道5段與光復南路口,0,0,1,2,C03,6,5,5,40,4,1,1,4,4,5,13,2,1,1,4,5,2,17,1,27,2,9,5,1,7,9,1,10,1,12,,13,,1,22,,121.5580876,25.0450997
112,12,27,22,59,2,07信義區,信義區松仁路3號,0,0,1,3,B03,6,5,5,50,14,9,1,4,4,5,13,4,4,9,4,5,2,13,2,42,3,10,7,1,7,14,1,8,1,3,,44,,1,21,,121.5685259,25.0402741
112,12,27,22,59,2,07信義區,信義區松仁路3號,0,0,1,1,B01,6,5,5,50,14,9,1,4,4,5,13,4,4,9,4,5,2,13,1,42,3,10,7,1,7,9,1,8,1,1,,16,,1,21,,121.5685259,25.0402741
112,12,27,22,59,2,07信義區,信義區松仁路3號,0,0,1,2,C03,6,5,5,50,14,9,1,4,4,5,13,4,4,9,4,5,2,13,1,22,2,9,5,1,7,9,1,10,1,13,,44,,1,21,,121.5685259,25.0402741
112,12,27,23,7,2,07信義區,信義區忠孝東路5段與虎林街口,0,0,1,2,C03,6,5,5,50,4,1,1,4,4,5,13,2,1,3,5,5,2,17,2,51,2,9,6,1,7,9,1,10,1,11,,44,,1,22,,121.5769407,25.0407737
112,12,27,23,7,2,07信義區,信義區忠孝東路5段與虎林街口,0,0,1,1,B02,6,5,5,50,4,1,1,4,4,5,13,2,1,3,5,5,2,17,1,35,3,10,7,1,7,5,1,8,1,2,,71,,1,22,,121.5769407,25.0407737
112,12,28,0,45,2,04大安區,大安區仁愛路4段與敦化南路1段口,0,0,2,2,B01,6,5,5,50,18,8,1,4,4,5,13,2,1,10,3,4,2,17,1,54,3,10,3,4,7,9,1,1,1,2,,44,,1,22,,121.5479338,25.0380368
112,12,28,0,45,2,04大安區,大安區仁愛路4段與敦化南路1段口,0,0,2,3,H02,6,5,5,50,18,8,1,4,4,5,13,2,1,10,3,4,2,17,2,18,2,9,3,5,7,21,8,20,10,16,,67,,1,22,,121.5479338,25.0380368
112,12,28,0,45,2,04大安區,大安區仁愛路4段與敦化南路1段口,0,0,2,1,C03,6,5,5,50,18,8,1,4,4,5,13,2,1,10,3,4,2,17,2,22,2,9,3,4,7,9,1,10,1,11,,44,,1,22,,121.5479338,25.0380368
112,12,28,1,30,2,05中正區,中正區三元街與寧波西街口,0,0,1,1,B01,6,5,5,50,4,1,1,4,4,5,13,1,1,1,4,4,2,17,1,61,3,10,7,1,7,9,1,4,2,8,,107,,1,22,,121.511182,25.0280228
112,12,28,1,30,2,05中正區,中正區三元街與寧波西街口,0,0,1,2,C03,6,5,5,50,4,1,1,4,4,5,13,1,1,1,4,4,2,17,1,53,2,9,5,1,7,14,1,9,2,12,,44,,1,22,,121.511182,25.0280228
112,12,28,2,6,2,03中山區,中山區林森北路403號,0,0,1,1,B01,8,5,5,50,14,9,1,5,4,5,13,4,4,9,4,5,2,9,1,56,3,10,7,1,7,9,1,4,1,2,,108,,1,21,,121.5255683,25.0592162
112,12,28,2,6,2,03中山區,中山區林森北路403號,0,0,1,2,H01,8,5,5,50,14,9,1,5,4,5,13,4,4,9,4,5,2,9,1,42,2,9,4,5,8,16,8,20,1,16,,67,,1,21,,121.5255683,25.0592162
112,12,28,5,9,2,05中正區,中正區重慶南路3段65號,0,0,2,2,H01,6,5,5,50,14,9,1,4,4,5,13,4,4,1,4,5,2,2,2,90,2,1,4,5,8,16,8,20,10,16,,54,,1,21,,121.5162467,25.02669906
112,12,28,5,9,2,05中正區,中正區重慶南路3段65號,0,0,2,1,C03,6,5,5,50,14,9,1,4,4,5,13,4,4,1,4,5,2,2,1,53,2,9,5,1,7,9,1,10,2,11,,107,,1,21,,121.5162467,25.02669906
112,12,28,5,43,2,04大安區,大安區復興南路2段與瑞安街23巷口,0,0,2,1,C03,6,5,5,50,4,1,1,4,4,5,13,1,1,8,3,5,2,3,1,66,2,1,5,1,7,9,1,10,1,11,,70,,1,21,,121.5436296,25.031019
112,12,28,5,43,2,04大安區,大安區復興南路2段與瑞安街23巷口,0,0,2,2,H01,6,5,5,50,4,1,1,4,4,5,13,1,1,8,3,5,2,3,1,69,2,1,4,5,8,16,8,20,10,16,,122,,1,21,,121.5436296,25.031019
112,12,28,6,3,2,11南港區,南港區福德街333號,0,0,2,2,C03,6,5,5,0,3,1,1,4,4,5,13,4,4,5,4,5,2,3,1,69,2,8,5,1,7,9,1,10,2,11,,107,,1,21,,121.5884137,25.0395197
112,12,28,6,3,2,11南港區,南港區福德街333號,0,0,2,1,H01,6,5,5,0,3,1,1,4,4,5,13,4,4,5,4,5,2,3,2,77,2,4,4,5,8,16,8,20,10,16,,53,,1,21,,121.5884137,25.0395197
112,12,28,6,15,2,10文山區,文山區木新路2段211巷10弄與恆光街口,0,0,1,1,B03,6,6,5,30,4,1,1,4,4,5,13,2,1,10,5,5,2,3,1,55,3,10,7,1,7,5,1,8,2,4,,70,,1,21,,121.5670438,24.9824443
112,12,28,6,15,2,10文山區,文山區木新路2段211巷10弄與恆光街口,0,0,1,2,H01,6,6,5,30,4,1,1,4,4,5,13,2,1,10,5,5,2,3,2,72,2,8,4,5,8,16,8,20,10,16,,123,,1,21,,121.5670438,24.9824443
112,12,28,7,23,2,10文山區,文山區秀明路1段211號對面,0,0,2,2,,6,6,5,50,14,9,1,4,4,5,13,4,4,5,2,5,2,18,3,0,,,,,,,,,10,,,67,,1,,,121.5707953,24.99163588
112,12,28,7,23,2,10文山區,文山區秀明路1段211號對面,0,0,2,1,C03,6,6,5,50,14,9,1,4,4,5,13,4,4,5,2,5,2,18,1,18,2,9,3,4,7,9,1,10,2,14,,42,,1,22,,121.5707953,24.99163588
112,12,28,7,23,2,10文山區,文山區秀明路1段211號對面,0,0,2,3,H02,6,6,5,50,14,9,1,4,4,5,13,4,4,5,2,5,2,18,2,13,2,9,3,5,7,20,8,20,10,16,,67,,1,22,,121.5707953,24.99163588
112,12,28,7,32,2,09北投區,北投區石仙路與稻香路口,0,0,2,4,H02,6,6,5,50,5,1,1,4,4,5,13,1,1,10,5,5,2,17,2,111,4,11,5,5,7,20,8,20,10,16,,67,,1,21,,121.4895709,25.1411211
112,12,28,7,32,2,09北投區,北投區石仙路與稻香路口,0,0,2,1,C03,6,6,5,50,5,1,1,4,4,5,13,1,1,10,5,5,2,17,1,54,2,9,5,1,7,6,1,10,2,11,,82,,1,21,,121.4895709,25.1411211
112,12,28,7,32,2,09北投區,北投區石仙路與稻香路口,0,0,2,2,C03,6,6,5,50,5,1,1,4,4,5,13,1,1,10,5,5,2,17,1,49,3,10,5,1,7,1,1,10,2,14,,44,,1,21,,121.4895709,25.1411211
112,12,28,7,32,2,09北投區,北投區石仙路與稻香路口,0,0,2,3,H02,6,6,5,50,5,1,1,4,4,5,13,1,1,10,5,5,2,17,2,9,2,8,5,5,7,20,8,20,10,16,,67,,1,14,,121.4895709,25.1411211
112,12,28,7,51,2,07信義區,信義區忠孝東路5段372巷29弄1號,0,0,1,1,C03,6,6,5,30,14,9,1,4,4,5,13,4,4,9,5,5,2,17,2,54,2,1,5,1,7,9,1,10,2,14,,116,,1,22,,121.5739752,25.0390341
112,12,28,7,51,2,07信義區,信義區忠孝東路5段372巷29弄1號,0,0,1,2,B03,6,6,5,30,14,9,1,4,4,5,13,4,4,9,5,5,2,17,1,58,3,10,3,4,7,9,1,8,2,4,,44,,1,22,,121.5739752,25.0390341
112,12,28,7,51,2,07信義區,信義區忠孝東路5段372巷29弄1號,0,0,1,3,B03,6,6,5,30,14,9,1,4,4,5,13,4,4,9,5,5,2,17,1,55,3,10,3,4,7,9,1,8,2,17,,44,,1,22,,121.5739752,25.0390341
112,12,28,8,8,2,03中山區,中山區敬業一路1段172號,0,0,1,1,B03,8,6,5,50,14,9,1,5,4,5,13,4,4,9,5,5,2,16,1,50,3,10,7,1,7,1,1,8,1,4,,19,,1,21,,121.5535026,25.08408799
112,12,28,8,8,2,03中山區,中山區敬業一路1段172號,0,0,1,2,C03,8,6,5,50,14,9,1,5,4,5,13,4,4,9,5,5,2,16,2,34,2,9,5,1,7,9,1,10,1,11,,44,,1,21,,121.5535026,25.08408799
112,12,28,8,12,2,07信義區,信義區忠孝東路4段445號對面,0,0,1,1,C03,6,5,5,50,14,9,1,4,4,5,13,4,4,1,4,5,2,13,2,22,2,9,5,1,7,7,1,10,1,11,,16,,1,21,,121.56081,25.0411503
112,12,28,8,12,2,07信義區,信義區忠孝東路4段445號對面,0,0,1,2,B12,6,5,5,50,14,9,1,4,4,5,13,4,4,1,4,5,2,13,1,51,3,10,7,1,7,14,1,8,1,7,,44,,1,21,,121.56081,25.0411503
112,12,28,8,12,2,07信義區,信義區忠孝東路4段445號對面,0,0,1,3,B02,6,5,5,50,14,9,1,4,4,5,13,4,4,1,4,5,2,13,1,54,3,10,7,1,7,9,1,8,1,1,,44,,1,21,,121.56081,25.0411503
112,12,28,8,20,2,03中山區,中山區民權東路2段178號,0,0,1,1,C03,6,7,5,50,14,9,1,4,4,5,13,4,4,1,4,4,2,18,1,39,2,9,6,1,7,9,1,10,1,12,,42,,1,21,,121.535721,25.06234492
112,12,28,8,20,2,03中山區,中山區民權東路2段178號,0,0,1,2,,6,7,5,50,14,9,1,4,4,5,13,4,4,1,4,4,2,18,3,0,,,,,,,,,,,,67,,1,,,121.535721,25.06234492
112,12,28,8,25,2,12內湖區,內湖區新湖二路與新湖二路259巷口,0,0,1,1,B03,6,6,5,50,4,1,1,4,4,5,13,4,4,5,4,5,2,15,2,27,3,10,7,1,7,9,1,8,1,2,,72,,1,21,,121.581801,25.06401555
112,12,28,8,25,2,12內湖區,內湖區新湖二路與新湖二路259巷口,0,0,1,2,C03,6,6,5,50,4,1,1,4,4,5,13,4,4,5,4,5,2,15,2,30,2,8,5,1,7,9,1,10,1,11,,14,,1,21,,121.581801,25.06401555
112,12,28,8,28,2,03中山區,中山區松江路5號,0,0,1,2,C03,6,6,5,50,14,9,1,4,4,5,13,4,4,1,4,5,2,12,2,37,2,9,3,4,7,9,1,10,1,14,,17,,1,21,,121.5329972,25.04621196
112,12,28,8,28,2,03中山區,中山區松江路5號,0,0,1,1,B03,6,6,5,50,14,9,1,4,4,5,13,4,4,1,4,5,2,12,1,61,3,10,3,4,7,9,1,8,1,5,,17,,1,21,,121.5329972,25.04621196
112,12,28,8,32,2,05中正區,中正區金山南路1段與仁愛路1段口,0,0,1,1,B03,6,7,5,50,4,2,1,4,4,5,13,1,1,3,3,3,2,12,1,26,3,10,2,1,7,8,1,6,1,5,,100,,1,21,,121.5283146,25.03802613
112,12,28,8,32,2,05中正區,中正區金山南路1段與仁愛路1段口,0,0,1,2,B03,6,7,5,50,4,2,1,4,4,5,13,1,1,3,3,3,2,12,2,43,2,2,7,1,7,7,1,8,1,4,,44,,1,21,,121.5283146,25.03802613
112,12,28,8,38,2,07信義區,信義區市民大道6段與虎林街口,0,0,1,1,C03,6,6,5,40,4,1,1,4,4,5,13,2,1,1,4,5,2,16,1,21,3,10,6,1,7,5,1,10,1,13,,8,,1,22,,121.5759805,25.0491743