發生年度,發生月,發生日,發生時-Hours,發生分,處理別-編號,區序,肇事地點,死亡人數,2-30日死亡人數,受傷人數,當事人序號,車種,天候,光線,道路類別,速限-速度限制,道路型態,事故位置,路面狀況1,路面狀況2,路面狀況3,道路障礙1,道路障礙2,號誌1,號誌2,車道劃分-分向,車道劃分-分道1,車道劃分-分道2,車道劃分-分道3,事故類型及型態,性別,年齡,受傷程度,主要傷處,保護裝置,行動電話,車輛用途,當事者行動狀態,駕駛資格情形,駕駛執照種類,飲酒情形,車輛撞擊部位1,車輛撞擊部位2,肇因碼-個別,肇因碼-主要,個人肇逃否,職業,旅次目的,座標-X,座標-Y
112,12,28,8,38,2,07信義區,信義區市民大道6段與虎林街口,0,0,1,2,C03,6,6,5,40,4,1,1,4,4,5,13,2,1,1,4,5,2,16,1,28,2,9,6,1,7,9,1,10,1,11,,13,,1,22,,121.5759805,25.0491743
112,12,28,8,41,2,12內湖區,內湖區文德路66巷與文德路66巷14弄口,0,0,2,2,C03,6,6,5,30,4,1,1,4,4,5,13,2,1,9,5,5,2,16,1,28,2,7,6,1,7,9,1,10,1,11,,13,,1,21,,121.581729,25.07710829
112,12,28,8,41,2,12內湖區,內湖區文德路66巷與文德路66巷14弄口,0,0,2,1,C03,6,6,5,30,4,1,1,4,4,5,13,2,1,9,5,5,2,16,1,32,2,8,6,1,7,5,1,10,1,11,,71,,1,21,,121.581729,25.07710829
112,12,28,8,45,2,12內湖區,內湖區舊宗路1段279號,0,0,1,1,B03,6,6,5,50,14,9,1,4,4,5,13,4,4,1,4,5,2,12,1,29,3,10,7,1,7,1,1,8,1,8,,19,,1,21,,121.5775571,25.06260412
112,12,28,8,45,2,12內湖區,內湖區舊宗路1段279號,0,0,1,2,C03,6,6,5,50,14,9,1,4,4,5,13,4,4,1,4,5,2,12,1,33,2,8,6,1,7,9,1,10,1,12,,42,,1,21,,121.5775571,25.06260412
112,12,28,8,55,2,04大安區,大安區忠孝東路4段與延吉街口,0,0,2,1,C03,6,6,5,50,4,1,1,4,4,5,13,1,1,10,5,5,2,16,1,64,3,10,3,4,7,21,1,10,9,17,,44,,1,21,,121.554516,25.0412913
112,12,28,8,55,2,04大安區,大安區忠孝東路4段與延吉街口,0,0,2,2,C04,6,6,5,50,4,1,1,4,4,5,13,1,1,10,5,5,2,16,2,79,2,8,5,1,7,9,1,11,9,14,,44,,1,21,,121.554516,25.0412913
112,12,28,8,55,2,04大安區,大安區忠孝東路4段與延吉街口,0,0,2,3,H02,6,6,5,50,4,1,1,4,4,5,13,1,1,10,5,5,2,16,2,56,2,9,5,5,7,20,8,20,10,16,,67,,1,21,,121.554516,25.0412913
112,12,28,8,55,2,04大安區,大安區信義路3段與建國南路1段口,0,0,1,1,B01,6,7,5,50,4,1,1,4,4,5,13,1,1,7,4,5,2,17,1,61,3,10,7,1,7,5,1,4,1,7,,86,,1,21,,121.5375955,25.03343397
112,12,28,8,55,2,04大安區,大安區信義路3段與建國南路1段口,0,0,1,2,C03,6,7,5,50,4,1,1,4,4,5,13,1,1,7,4,5,2,17,1,23,2,9,6,1,7,9,1,10,1,14,,16,,1,21,,121.5375955,25.03343397
112,12,28,8,55,2,04大安區,大安區信義路3段與建國南路1段口,0,0,1,3,A05,6,7,5,50,4,1,1,4,4,5,13,1,1,7,4,5,2,17,2,51,3,10,7,1,7,5,1,2,1,2,,44,,1,21,,121.5375955,25.03343397
112,12,28,9,4,2,11南港區,南港區向陽路與市民大道7段口,0,0,1,1,C03,6,6,5,50,4,1,1,4,4,5,13,2,1,1,4,5,2,16,1,56,2,8,6,1,7,6,1,10,2,15,,9,,1,22,,121.5953927,25.051413
112,12,28,9,4,2,11南港區,南港區向陽路與市民大道7段口,0,0,1,2,C03,6,6,5,50,4,1,1,4,4,5,13,2,1,1,4,5,2,16,2,26,3,10,6,1,7,9,1,10,2,14,,44,,1,22,,121.5953927,25.051413
112,12,28,9,11,2,03中山區,中山區長春路130號,0,0,1,2,C03,6,5,5,50,14,8,1,4,4,5,13,4,4,8,3,4,1,17,1,31,2,9,6,1,7,9,1,10,1,11,,44,,1,21,,121.5309508,25.05479288
112,12,28,9,11,2,03中山區,中山區長春路130號,0,0,1,1,B03,6,5,5,50,14,8,1,4,4,5,13,4,4,8,3,4,1,17,1,36,3,10,7,1,7,8,1,8,1,6,,100,,1,21,,121.5309508,25.05479288
112,12,28,9,50,2,12內湖區,內湖區內湖路1段205號,0,0,2,1,C03,6,6,5,50,4,1,1,4,4,5,13,2,1,1,4,4,2,16,1,27,2,8,6,1,7,5,1,10,2,11,,42,,1,21,,121.563487,25.08338881
112,12,28,9,50,2,12內湖區,內湖區內湖路1段205號,0,0,2,2,C03,6,6,5,50,4,1,1,4,4,5,13,2,1,1,4,4,2,16,2,19,2,7,6,1,7,9,1,10,2,11,,85,,1,21,,121.563487,25.08338881
112,12,28,10,0,2,09北投區,北投區明德路與西安街1段口,0,0,1,2,C03,6,6,5,50,4,1,1,4,4,5,13,2,1,5,4,5,2,17,1,20,2,7,6,1,7,9,1,10,1,12,,44,,1,21,,121.5193817,25.10911099
112,12,28,10,0,2,09北投區,北投區明德路與西安街1段口,0,0,1,1,B02,6,6,5,50,4,1,1,4,4,5,13,2,1,5,4,5,2,17,1,34,3,10,7,1,7,5,1,8,1,17,,8,,1,21,,121.5193817,25.10911099
112,12,28,10,10,2,03中山區,中山區民權西路26號,0,0,1,3,B03,6,7,5,50,14,9,1,4,4,5,13,4,4,3,4,5,2,12,1,38,3,10,7,1,7,9,1,8,1,6,,44,,1,21,,121.5214747,25.06269176
112,12,28,10,10,2,03中山區,中山區民權西路26號,0,0,1,4,C03,6,7,5,50,14,9,1,4,4,5,13,4,4,3,4,5,2,12,1,25,3,10,6,1,7,9,1,10,1,11,,16,,1,21,,121.5214747,25.06269176
112,12,28,10,10,2,03中山區,中山區民權西路26號,0,0,1,2,C03,6,7,5,50,14,9,1,4,4,5,13,4,4,3,4,5,2,12,2,18,2,9,6,1,7,9,1,10,1,12,,108,,1,21,,121.5214747,25.06269176
112,12,28,10,10,2,03中山區,中山區民權西路26號,0,0,1,1,C03,6,7,5,50,14,9,1,4,4,5,13,4,4,3,4,5,2,12,2,53,3,10,6,1,7,7,1,10,1,14,,100,,1,21,,121.5214747,25.06269176
112,12,28,10,12,2,03中山區,中山區北安路780號,0,0,2,1,B12,6,6,5,50,14,9,1,4,4,5,13,4,4,1,4,5,2,17,1,47,2,7,3,4,7,8,1,8,1,17,,100,,1,21,,121.5541034,25.0852168
112,12,28,10,12,2,03中山區,中山區北安路780號,0,0,2,2,C03,6,6,5,50,14,9,1,4,4,5,13,4,4,1,4,5,2,17,2,50,2,9,3,4,7,9,1,10,1,12,,44,,1,21,,121.5541034,25.0852168
112,12,28,10,20,2,11南港區,南港區松河街與重陽路203巷口,0,0,1,1,C03,6,6,5,50,3,2,1,4,4,5,13,4,4,5,2,5,2,13,2,27,3,10,6,1,7,9,1,10,1,11,,16,,1,21,,121.6002662,25.05830474
112,12,28,10,20,2,11南港區,南港區松河街與重陽路203巷口,0,0,1,2,F01,6,6,5,50,3,2,1,4,4,5,13,4,4,5,2,5,2,13,2,57,2,8,4,4,7,5,8,20,1,13,,17,,1,21,,121.6002662,25.05830474
112,12,28,10,30,2,07信義區,信義區信義路5段(象山站1號出口),0,0,1,1,B03,7,6,5,50,14,9,1,4,4,5,13,4,4,1,4,5,2,17,2,71,3,10,3,4,7,14,1,8,1,4,,44,,1,22,,121.5693186,25.0328888
112,12,28,10,30,2,07信義區,信義區信義路5段(象山站1號出口),0,0,1,2,C03,7,6,5,50,14,9,1,4,4,5,13,4,4,1,4,5,2,17,1,28,2,9,5,4,7,9,1,10,1,12,,44,,1,22,,121.5693186,25.0328888
112,12,28,11,2,2,05中正區,中正區寧波西街與南昌路1段口口,0,0,2,1,C03,7,6,5,50,4,1,1,4,4,5,13,1,1,5,2,5,2,16,1,51,2,8,6,1,7,5,1,10,1,14,,8,,1,26,,121.5175371,25.03074
112,12,28,11,2,2,05中正區,中正區寧波西街與南昌路1段口口,0,0,2,2,C03,7,6,5,50,4,1,1,4,4,5,13,1,1,5,2,5,2,16,2,28,2,8,5,1,7,9,1,10,1,11,,44,,1,21,,121.5175371,25.03074
112,12,28,11,10,2,01大同區,大同區承德路3段254巷與承德路3段口,0,0,1,2,C03,8,5,5,50,3,2,1,4,4,5,13,2,1,10,5,5,1,13,2,58,2,9,6,1,7,9,1,10,2,13,,44,,1,21,,121.5192182,25.0733529
112,12,28,11,10,2,01大同區,大同區承德路3段254巷與承德路3段口,0,0,1,1,C03,8,5,5,50,3,2,1,4,4,5,13,2,1,10,5,5,1,13,1,48,3,10,5,1,7,9,1,10,2,11,,107,,1,22,,121.5192182,25.0733529
112,12,28,11,14,2,12內湖區,內湖區陽光街與文德路220巷口,0,0,1,1,B03,6,7,5,50,3,1,1,4,4,5,13,2,1,5,5,5,2,16,1,47,3,10,7,1,7,5,1,8,1,2,,71,,1,21,,121.5881389,25.07702105
112,12,28,11,14,2,12內湖區,內湖區陽光街與文德路220巷口,0,0,1,2,C03,6,7,5,50,3,1,1,4,4,5,13,2,1,5,5,5,2,16,1,28,2,9,5,1,7,9,1,10,1,11,12,44,,1,21,,121.5881389,25.07702105
112,12,28,11,28,2,12內湖區,內湖區石潭路與金莊路口,0,0,1,1,B03,6,6,5,50,4,1,1,4,4,5,13,2,1,9,4,5,2,16,1,47,3,10,7,1,7,5,1,8,2,8,,71,,1,21,,121.5876382,25.0627483
112,12,28,11,28,2,12內湖區,內湖區石潭路與金莊路口,0,0,1,2,C03,6,6,5,50,4,1,1,4,4,5,13,2,1,9,4,5,2,16,2,36,2,9,6,1,7,9,1,10,2,11,,44,,1,21,,121.5876382,25.0627483
112,12,28,12,50,2,08士林區,士林區延平北路6段與永平街口,0,0,1,1,B03,7,5,5,50,3,1,1,4,4,5,13,4,4,5,5,5,2,17,1,61,3,10,7,1,7,11,1,4,1,5,,10,,1,21,,121.5053061,25.0893769
112,12,28,12,50,2,08士林區,士林區延平北路6段與永平街口,0,0,1,2,C03,7,5,5,50,3,1,1,4,4,5,13,4,4,5,5,5,2,17,1,40,2,9,5,1,7,9,1,10,1,11,,44,,1,21,,121.5053061,25.0893769
112,12,28,12,55,2,10文山區,文山區辛亥路4段辛亥隧道出口(北往南70~80公尺處),0,0,1,2,C03,6,6,5,50,14,9,1,4,4,5,13,4,4,1,4,5,2,12,1,47,3,10,6,1,7,9,1,10,1,13,,108,,1,21,,121.5576848,25.0094356
112,12,28,12,55,2,10文山區,文山區辛亥路4段辛亥隧道出口(北往南70~80公尺處),0,0,1,1,C03,6,6,5,50,14,9,1,4,4,5,13,4,4,1,4,5,2,12,1,20,2,9,6,1,7,9,1,10,1,11,,44,,1,21,,121.5576848,25.0094356
112,12,28,12,55,2,07信義區,信義區忠孝東路4段500號,0,0,1,2,B03,7,5,5,50,14,9,1,4,4,5,13,4,4,1,4,5,2,12,1,30,3,10,7,1,7,8,1,8,2,5,,100,,1,21,,121.5620498,25.0411757
112,12,28,12,55,2,07信義區,信義區忠孝東路4段500號,0,0,1,1,B01,7,5,5,50,14,9,1,4,4,5,13,4,4,1,4,5,2,12,1,47,2,9,7,1,7,7,1,4,2,7,,100,,1,21,,121.5620498,25.0411757
112,12,28,14,5,2,10文山區,文山區興隆路3段192巷8弄42號,0,0,2,2,C03,6,6,5,30,14,9,1,4,4,5,13,4,4,9,5,5,2,13,1,51,2,9,6,1,7,9,1,10,2,13,,44,,1,21,,121.5575105,24.99791253
112,12,28,14,5,2,10文山區,文山區興隆路3段192巷8弄42號,0,0,2,1,C03,6,6,5,30,14,9,1,4,4,5,13,4,4,9,5,5,2,13,1,34,2,9,6,1,7,5,1,10,2,11,,16,,1,21,,121.5575105,24.99791253
112,12,28,14,40,2,05中正區,中正區仁愛路2段與仁愛路2段20巷口旁,0,0,1,2,F01,6,6,5,50,3,2,4,4,4,5,13,4,4,1,4,5,2,17,2,53,2,9,4,1,7,9,8,20,2,12,,44,,1,21,,121.5260825,25.0381329
112,12,28,14,40,2,05中正區,中正區仁愛路2段與仁愛路2段20巷口旁,0,0,1,1,B12,6,6,5,50,3,2,4,4,4,5,13,4,4,1,4,5,2,17,1,47,3,10,7,1,7,9,1,6,2,8,,108,,1,21,,121.5260825,25.0381329
112,12,28,15,1,2,01大同區,大同區重慶北路2段176號,0,0,2,5,,7,6,5,50,14,9,1,5,4,5,13,4,4,1,4,5,2,17,4,0,,,,,,,,,11,,,119,,2,,,121.5134765,25.0597571
112,12,28,15,1,2,01大同區,大同區重慶北路2段176號,0,0,2,3,H02,7,6,5,50,14,9,1,5,4,5,13,4,4,1,4,5,2,17,2,45,2,8,5,5,7,21,8,20,10,16,,67,,1,21,,121.5134765,25.0597571
112,12,28,15,1,2,01大同區,大同區重慶北路2段176號,0,0,2,2,C03,7,6,5,50,14,9,1,5,4,5,13,4,4,1,4,5,2,17,1,44,2,9,5,1,7,9,1,10,2,11,,44,,1,21,,121.5134765,25.0597571
112,12,28,15,1,2,01大同區,大同區重慶北路2段176號,0,0,2,1,C03,7,6,5,50,14,9,1,5,4,5,13,4,4,1,4,5,2,17,2,24,3,10,5,1,7,8,1,10,2,13,,100,,1,21,,121.5134765,25.0597571
112,12,28,15,1,2,01大同區,大同區重慶北路2段176號,0,0,2,4,,7,6,5,50,14,9,1,5,4,5,13,4,4,1,4,5,2,17,4,0,,,,,,,,,11,,,119,,2,,,121.5134765,25.0597571
112,12,28,15,7,2,10文山區,文山區試院路38號,0,0,2,2,C03,7,6,5,50,14,9,1,5,4,5,13,4,4,9,5,5,2,13,2,20,2,9,6,1,7,14,1,10,2,13,,44,,1,21,,121.5493547,24.9893333
112,12,28,15,7,2,10文山區,文山區試院路38號,0,0,2,1,C03,7,6,5,50,14,9,1,5,4,5,13,4,4,9,5,5,2,13,1,20,2,9,6,1,7,9,1,10,2,11,,16,,1,21,,121.5493547,24.9893333
112,12,28,15,40,2,03中山區,中山區中山北路2段44巷無名巷,0,0,1,1,C03,7,7,5,30,4,1,1,5,4,5,13,4,4,10,5,5,2,15,1,34,2,8,6,1,7,9,1,10,1,12,,75,,1,21,,121.5216688,25.0550641
112,12,28,15,40,2,03中山區,中山區中山北路2段44巷無名巷,0,0,1,2,B03,7,7,5,30,4,1,1,5,4,5,13,4,4,10,5,5,2,15,1,40,3,10,7,1,7,9,1,8,1,8,,14,,1,21,,121.5216688,25.0550641
112,12,28,15,48,2,05中正區,中正區南海路與牯嶺街口口,0,0,1,1,C03,7,6,5,30,4,1,1,4,4,1,11,1,1,10,4,5,1,17,1,27,3,10,6,1,7,7,1,10,1,14,,100,,1,21,,121.515006,25.03203227
112,12,28,15,48,2,05中正區,中正區南海路與牯嶺街口口,0,0,1,2,C03,7,6,5,30,4,1,1,4,4,1,11,1,1,10,4,5,1,17,2,28,2,7,6,1,7,9,1,10,1,14,,44,,1,21,,121.515006,25.03203227
112,12,28,15,55,2,12內湖區,內湖區星雲街15巷18弄與無名巷口,0,0,1,2,C03,6,7,5,30,3,1,1,4,4,5,13,4,4,10,5,5,2,16,2,61,2,9,5,1,7,9,1,10,1,11,,44,,1,21,,121.5908437,25.0789652
112,12,28,15,55,2,12內湖區,內湖區星雲街15巷18弄與無名巷口,0,0,1,1,C03,6,7,5,30,3,1,1,4,4,5,13,4,4,10,5,5,2,16,1,34,3,10,5,1,7,5,1,10,1,14,,74,,1,21,,121.5908437,25.0789652
112,12,28,15,55,2,12內湖區,內湖區星雲街15巷18弄與無名巷口,0,0,1,3,B12,6,7,5,30,3,1,1,4,4,5,13,4,4,10,5,5,2,16,1,64,3,10,3,4,7,13,1,8,9,17,,38,,1,21,,121.5908437,25.0789652
112,12,28,16,54,2,07信義區,信義區松高路27號,0,0,1,1,C03,6,6,5,50,14,7,1,4,4,5,13,4,4,8,3,5,2,17,1,20,2,9,3,4,7,9,1,10,1,11,,16,,1,21,,121.5646824,25.0391448
112,12,28,16,54,2,07信義區,信義區松高路27號,0,0,1,2,B03,6,6,5,50,14,7,1,4,4,5,13,4,4,8,3,5,2,17,1,61,3,10,3,4,7,15,1,8,1,8,,44,,1,21,,121.5646824,25.0391448
112,12,28,16,54,2,07信義區,信義區松高路27號,0,0,1,3,B01,6,6,5,50,14,7,1,4,4,5,13,4,4,8,3,5,2,17,1,51,3,10,3,4,7,14,1,8,1,8,,44,,1,21,,121.5646824,25.0391448
112,12,28,17,9,2,01大同區,大同區民生西路與雙連街口,0,0,2,1,C03,7,5,5,50,3,1,1,5,4,5,13,1,1,5,2,5,2,17,1,18,2,9,5,1,7,15,1,10,2,13,,42,,1,21,,121.5190603,25.0574434
112,12,28,17,9,2,01大同區,大同區民生西路與雙連街口,0,0,2,2,C03,7,5,5,50,3,1,1,5,4,5,13,1,1,5,2,5,2,17,1,26,2,9,5,1,7,9,1,9,2,11,,16,,1,21,,121.5190603,25.0574434
112,12,28,17,15,2,08士林區,士林區文林路與福德路口,0,0,1,2,C03,8,5,5,50,4,1,1,5,4,5,13,1,1,4,3,5,1,17,2,22,2,8,5,1,7,9,1,10,1,14,,17,,1,21,,121.525986,25.0922596
112,12,28,17,15,2,08士林區,士林區文林路與福德路口,0,0,1,1,B03,8,5,5,50,4,1,1,5,4,5,13,1,1,4,3,5,1,17,2,23,3,10,7,1,7,11,1,8,1,1,,80,,1,21,,121.525986,25.0922596
112,12,28,17,18,2,09北投區,北投區湖山路1段與竹子湖路口,0,0,1,1,B03,6,5,5,50,3,1,1,4,4,5,13,4,4,4,4,5,2,16,1,48,3,10,7,1,7,5,1,8,2,1,,8,,1,21,,121.5460091,25.1521781
112,12,28,17,18,2,09北投區,北投區湖山路1段與竹子湖路口,0,0,1,2,C03,6,5,5,50,3,1,1,4,4,5,13,4,4,4,4,5,2,16,1,64,2,9,5,1,7,9,1,10,2,14,,44,,1,21,,121.5460091,25.1521781
112,12,28,17,20,2,03中山區,中山區林森北路104號,0,0,3,1,C03,7,5,5,50,14,9,1,5,4,5,13,4,4,1,4,5,2,13,2,27,2,7,6,1,7,9,1,10,1,11,,16,,1,21,,121.5249657,25.0508122
112,12,28,17,20,2,03中山區,中山區林森北路104號,0,0,3,3,H02,7,5,5,50,14,9,1,5,4,5,13,4,4,1,4,5,2,13,2,45,2,8,6,5,7,20,8,20,10,16,,67,,1,22,,121.5249657,25.0508122
112,12,28,17,20,2,03中山區,中山區林森北路104號,0,0,3,2,C03,7,5,5,50,14,9,1,5,4,5,13,4,4,1,4,5,2,13,1,45,2,8,6,1,7,9,1,10,1,13,,44,,1,21,,121.5249657,25.0508122
112,12,28,17,29,2,05中正區,中正區中華路1段與秀山街口,0,0,1,1,B02,7,5,5,50,3,1,1,4,4,5,13,4,4,1,4,5,2,16,1,44,3,10,7,1,7,6,1,3,2,5,,44,,1,21,,121.5087521,25.0429752
112,12,28,17,29,2,05中正區,中正區中華路1段與秀山街口,0,0,1,2,C03,7,5,5,50,3,1,1,4,4,5,13,4,4,1,4,5,2,16,1,20,2,9,6,1,7,9,1,10,2,14,,108,,1,21,,121.5087521,25.0429752
112,12,28,17,47,2,02萬華區,萬華區忠孝西路2段16巷與忠孝西路2段口,0,0,1,1,B03,8,5,5,50,3,1,1,4,4,5,13,4,4,8,3,5,1,17,2,60,3,10,7,1,7,6,1,8,1,2,,74,,1,21,,121.5085808,25.0482513
112,12,28,17,47,2,02萬華區,萬華區忠孝西路2段16巷與忠孝西路2段口,0,0,1,2,C03,8,5,5,50,3,1,1,4,4,5,13,4,4,8,3,5,1,17,1,39,2,7,5,1,7,9,1,10,1,14,,108,,1,21,,121.5085808,25.0482513
112,12,28,18,2,2,03中山區,中山區中山北路3段與農安街口,0,0,1,1,C03,8,5,5,50,14,9,1,5,4,5,13,1,1,1,3,5,1,13,1,21,2,9,6,1,7,9,1,10,1,11,,108,,1,21,,121.522349,25.064775
112,12,28,18,2,2,03中山區,中山區中山北路3段與農安街口,0,0,1,2,C03,8,5,5,50,14,9,1,5,4,5,13,1,1,1,3,5,1,13,1,27,3,10,6,1,7,14,1,10,1,13,,47,,1,21,,121.522349,25.064775
112,12,28,18,7,2,07信義區,信義區和平東路3段247號,0,0,1,1,B03,6,5,5,50,14,9,1,4,4,5,13,4,4,1,4,5,2,17,1,55,3,10,2,1,7,13,1,8,2,2,,40,,1,22,,121.5542588,25.02289728
112,12,28,18,7,2,07信義區,信義區和平東路3段247號,0,0,1,2,F01,6,5,5,50,14,9,1,4,4,5,13,4,4,1,4,5,2,17,2,63,2,9,2,1,7,9,8,20,2,14,,44,,1,22,,121.5542588,25.02289728
112,12,28,18,7,2,07信義區,信義區和平東路3段247號,0,0,1,3,A02,6,5,5,50,14,9,1,4,4,5,13,4,4,1,4,5,2,17,1,59,3,10,7,1,7,9,1,2,2,6,,44,,1,22,,121.5542588,25.02289728
112,12,28,18,9,2,04大安區,大安區建國南路2段269號,0,0,1,2,C03,6,5,5,50,14,12,1,4,4,5,13,4,4,1,4,4,2,17,1,25,2,9,5,1,7,9,1,10,1,11,,44,,1,21,,121.5379419,25.0245731
112,12,28,18,9,2,04大安區,大安區建國南路2段269號,0,0,1,1,B03,6,5,5,50,14,12,1,4,4,5,13,4,4,1,4,4,2,17,1,41,3,10,7,1,7,1,1,8,1,17,,19,,1,21,,121.5379419,25.0245731
112,12,28,18,10,2,07信義區,信義區松仁路275巷與松仁路253巷4弄口,0,0,1,1,C03,7,5,5,30,4,1,1,4,4,5,13,4,4,10,5,5,2,15,1,33,2,9,5,1,7,9,1,10,1,12,,72,,1,21,,121.5698499,25.0250165
112,12,28,18,10,2,07信義區,信義區松仁路275巷與松仁路253巷4弄口,0,0,1,2,B01,7,5,5,30,4,1,1,4,4,5,13,4,4,10,5,5,2,15,1,50,3,10,7,1,7,9,1,4,1,1,,14,,1,21,,121.5698499,25.0250165
112,12,28,18,16,2,01大同區,大同區民族西路與民族西路32巷口,0,0,1,2,C03,8,5,5,50,4,1,1,5,4,5,13,2,1,4,4,5,1,16,1,19,2,9,3,4,7,9,1,10,1,11,,44,,1,21,,121.5195327,25.0684526
112,12,28,18,16,2,01大同區,大同區民族西路與民族西路32巷口,0,0,1,1,B03,8,5,5,50,4,1,1,5,4,5,13,2,1,4,4,5,1,16,1,25,3,10,3,4,7,5,1,8,1,2,,8,,1,21,,121.5195327,25.0684526
112,12,28,18,50,2,01大同區,大同區甘州街與涼州街口,0,0,1,1,C03,7,5,5,50,3,2,1,5,4,5,13,4,4,8,5,5,1,16,1,89,2,9,6,1,7,5,1,10,2,13,,8,,1,21,,121.5125562,25.0607529
112,12,28,18,50,2,01大同區,大同區甘州街與涼州街口,0,0,1,2,B01,7,5,5,50,3,2,1,5,4,5,13,4,4,8,5,5,1,16,1,68,3,10,7,1,7,9,1,4,2,8,,44,,1,21,,121.5125562,25.0607529
112,12,28,19,15,2,04大安區,大安區基隆路3段與長興街口,0,0,2,1,C03,7,5,5,50,14,9,1,5,4,5,13,4,4,1,4,4,1,13,1,61,2,8,6,1,7,9,1,10,1,11,,16,,1,21,,121.5439463,25.017074
112,12,28,19,15,2,04大安區,大安區基隆路3段與長興街口,0,0,2,2,C03,7,5,5,50,14,9,1,5,4,5,13,4,4,1,4,4,1,13,2,50,2,9,6,1,7,9,1,10,9,13,,44,,1,21,,121.5439463,25.017074
112,12,28,19,45,2,03中山區,中山區市民大道3段與八德路2段210巷口,0,0,1,1,B03,8,5,5,40,3,1,1,5,4,5,13,4,4,1,4,5,2,16,1,27,3,10,3,4,7,6,1,8,1,2,,9,,1,22,,121.5395318,25.04477027
112,12,28,19,45,2,03中山區,中山區市民大道3段與八德路2段210巷口,0,0,1,2,C03,8,5,5,40,3,1,1,5,4,5,13,4,4,1,4,5,2,16,1,36,2,8,6,1,7,9,1,10,1,14,,13,,1,22,,121.5395318,25.04477027
112,12,28,21,1,2,12內湖區,內湖區內湖路2段185號,0,0,1,1,C03,7,5,5,50,14,9,1,5,4,5,13,4,4,10,5,5,2,12,1,45,3,10,5,1,7,1,1,9,1,14,,19,,1,21,,121.5879328,25.0814388
112,12,28,21,1,2,12內湖區,內湖區內湖路2段185號,0,0,1,2,C03,7,5,5,50,14,9,1,5,4,5,13,4,4,10,5,5,2,12,2,55,2,9,5,1,7,9,3,18,1,12,,44,,1,21,,121.5879328,25.0814388
112,12,28,21,14,2,12內湖區,內湖區民權東路6段與民權東路6段46巷口,0,0,1,1,B03,8,5,5,50,4,1,1,5,4,5,13,1,1,1,3,1,1,17,2,29,3,10,7,1,7,5,1,8,1,1,,71,,1,21,,121.5816143,25.06789236
112,12,28,21,14,2,12內湖區,內湖區民權東路6段與民權東路6段46巷口,0,0,1,2,C03,8,5,5,50,4,1,1,5,4,5,13,1,1,1,3,1,1,17,1,16,2,9,6,1,7,9,2,18,1,14,,13,,1,21,,121.5816143,25.06789236
112,12,28,21,24,2,06松山區,松山區敦化北路1號,0,0,1,2,H01,8,5,5,0,14,20,1,5,4,5,13,4,4,10,5,5,2,9,1,20,2,9,4,5,8,17,8,20,10,16,,67,,1,25,,121.5503132,25.04818989
112,12,28,21,24,2,06松山區,松山區敦化北路1號,0,0,1,1,A04,8,5,5,0,14,20,1,5,4,5,13,4,4,10,5,5,2,9,1,53,3,10,3,4,7,7,1,3,11,5,,108,,2,21,,121.5503132,25.04818989
112,12,28,21,26,2,03中山區,中山區建國北路2段與南京東路3段口,0,0,2,3,F01,8,7,5,50,4,1,1,5,4,5,13,1,1,1,4,5,2,13,4,0,,,,,,,,,,,,119,,1,,,121.5370291,25.0520637
112,12,28,21,26,2,03中山區,中山區建國北路2段與南京東路3段口,0,0,2,1,C03,8,7,5,50,4,1,1,5,4,5,13,1,1,1,4,5,2,13,1,23,2,8,6,1,7,9,1,10,1,11,,107,,1,22,,121.5370291,25.0520637
112,12,28,21,26,2,03中山區,中山區建國北路2段與南京東路3段口,0,0,2,2,C03,8,7,5,50,4,1,1,5,4,5,13,1,1,1,4,5,2,13,2,49,2,9,6,1,7,9,1,10,1,13,,44,,1,22,,121.5370291,25.0520637
112,12,28,22,7,2,04大安區,大安區敦化南路1段233巷36號,0,0,2,2,C03,6,5,5,30,14,9,1,4,4,3,10,4,4,10,5,5,2,14,2,27,2,8,5,1,7,14,1,10,1,13,,44,,1,21,,121.5514062,25.0403606
112,12,28,22,7,2,04大安區,大安區敦化南路1段233巷36號,0,0,2,1,B03,6,5,5,30,14,9,1,4,4,3,10,4,4,10,5,5,2,14,1,66,2,8,7,1,7,2,1,8,1,3,,12,,1,21,,121.5514062,25.0403606
112,12,28,22,7,2,04大安區,大安區敦化南路1段233巷36號,0,0,2,4,C03,6,5,5,30,14,9,1,4,4,3,10,4,4,10,5,5,2,14,3,42,,,,,,,,,,,,67,,1,,,121.5514062,25.0403606
112,12,28,22,7,2,04大安區,大安區敦化南路1段233巷36號,0,0,2,3,C03,6,5,5,30,14,9,1,4,4,3,10,4,4,10,5,5,2,14,3,35,,,,,,,,,,,,67,,1,,,121.5514062,25.0403606
112,12,28,22,20,2,01大同區,大同區西寧北路與忠孝西路2段口,0,0,1,1,C03,8,5,5,0,4,1,1,5,4,5,13,1,1,5,4,5,2,17,2,21,4,11,3,4,7,9,1,10,11,14,,44,,2,21,,121.5076257,25.04872171
112,12,28,22,20,2,01大同區,大同區西寧北路與忠孝西路2段口,0,0,1,2,C03,8,5,5,0,4,1,1,5,4,5,13,1,1,5,4,5,2,17,1,43,2,9,6,1,7,9,1,10,1,14,,44,,1,21,,121.5076257,25.04872171