發生年度,發生月,發生日,發生時-Hours,發生分,處理別-編號,區序,肇事地點,死亡人數,2-30日死亡人數,受傷人數,當事人序號,車種,天候,光線,道路類別,速限-速度限制,道路型態,事故位置,路面狀況1,路面狀況2,路面狀況3,道路障礙1,道路障礙2,號誌1,號誌2,車道劃分-分向,車道劃分-分道1,車道劃分-分道2,車道劃分-分道3,事故類型及型態,性別,年齡,受傷程度,主要傷處,保護裝置,行動電話,車輛用途,當事者行動狀態,駕駛資格情形,駕駛執照種類,飲酒情形,車輛撞擊部位1,車輛撞擊部位2,肇因碼-個別,肇因碼-主要,個人肇逃否,職業,旅次目的,座標-X,座標-Y
112,12,28,23,51,2,04大安區,大安區復興南路2段17號,0,0,1,1,C03,8,5,5,50,14,9,1,5,4,5,13,4,4,9,4,4,2,16,2,29,2,9,3,4,7,7,1,10,1,14,,100,,1,22,,121.5436372,25.0318253
112,12,28,23,51,2,04大安區,大安區復興南路2段17號,0,0,1,2,B01,8,5,5,50,14,9,1,5,4,5,13,4,4,9,4,4,2,16,1,55,3,10,3,4,7,9,1,4,1,5,,13,,1,22,,121.5436372,25.0318253
112,12,29,0,0,2,12內湖區,內湖區南京東路6段與堤頂大道口側附近1段口西南角,0,0,1,1,C03,8,5,5,50,14,11,1,5,4,5,13,4,4,1,4,5,2,18,2,25,2,9,5,1,7,9,1,10,1,14,,118,,1,21,,121.5765934,25.05422473
112,12,29,0,0,2,12內湖區,內湖區南京東路6段與堤頂大道口側附近1段口西南角,0,0,1,2,,8,5,5,50,14,11,1,5,4,5,13,4,4,1,4,5,2,18,3,0,,,,,,,,,,,,67,,1,,,121.5765934,25.05422473
112,12,29,0,0,2,12內湖區,內湖區南京東路6段與堤頂大道口側附近1段口西南角,0,0,1,3,H03,8,5,5,50,14,11,1,5,4,5,13,4,4,1,4,5,2,18,1,44,3,10,4,5,8,20,8,20,10,16,,118,,1,21,,121.5765934,25.05422473
112,12,29,0,20,2,03中山區,中山區新生北路3段68巷與新生北路3段口,0,0,1,1,C03,8,5,5,30,3,2,1,5,4,5,13,4,4,10,5,5,2,17,1,30,3,10,5,1,7,9,1,10,1,15,,4,,1,21,,121.5274186,25.0661779
112,12,29,0,20,2,03中山區,中山區新生北路3段68巷與新生北路3段口,0,0,1,2,C03,8,5,5,30,3,2,1,5,4,5,13,4,4,10,5,5,2,17,1,27,2,9,5,1,7,6,1,10,1,12,,44,,1,21,,121.5274186,25.0661779
112,12,29,3,45,2,08士林區,士林區社子街3號,0,0,1,1,F01,8,7,5,0,14,9,1,5,3,1,12,4,4,9,4,5,1,28,2,76,2,9,3,1,7,9,8,20,9,15,,93,,1,21,,121.5086998,25.0876497
112,12,29,3,45,2,08士林區,士林區社子街3號,0,0,1,2,,8,7,5,0,14,9,1,5,3,1,12,4,4,9,4,5,1,28,3,67,,,,,,,,,,,,128,,1,,,121.5086998,25.0876497
112,12,29,6,0,2,04大安區,大安區忠孝東路4段248巷與忠孝東路4段216巷19弄口,0,0,2,3,H02,7,5,5,30,4,1,1,5,4,5,13,4,4,10,5,5,2,17,2,37,2,9,6,5,7,20,8,20,10,16,,67,,1,21,,121.5540885,25.0403279
112,12,29,6,0,2,04大安區,大安區忠孝東路4段248巷與忠孝東路4段216巷19弄口,0,0,2,2,C04,7,5,5,30,4,1,1,5,4,5,13,4,4,10,5,5,2,17,1,19,2,9,6,1,7,9,1,10,1,12,,14,,1,21,,121.5540885,25.0403279
112,12,29,6,0,2,04大安區,大安區忠孝東路4段248巷與忠孝東路4段216巷19弄口,0,0,2,1,B12,7,5,5,30,4,1,1,5,4,5,13,4,4,10,5,5,2,17,1,52,3,10,7,1,7,15,1,8,1,8,,74,,1,21,,121.5540885,25.0403279
112,12,29,6,22,2,01大同區,大同區寧夏路83號,0,0,2,1,C03,7,6,5,50,14,9,1,5,4,5,13,4,4,8,3,5,1,12,1,57,2,5,6,1,7,1,1,10,2,14,,19,,1,21,,121.5150216,25.0587881
112,12,29,6,22,2,01大同區,大同區寧夏路83號,0,0,2,2,F01,7,6,5,50,14,9,1,5,4,5,13,4,4,8,3,5,1,12,2,56,2,9,4,1,7,9,8,20,2,13,,44,,1,21,,121.5150216,25.0587881
112,12,29,6,46,2,10文山區,文山區羅斯福路5段155號前,0,0,1,2,C03,7,6,5,50,14,9,1,4,4,5,13,2,1,1,4,5,2,12,2,68,2,9,6,1,7,9,3,18,2,12,,17,,1,21,,121.5387864,25.0037904
112,12,29,6,46,2,10文山區,文山區羅斯福路5段155號前,0,0,1,1,C03,7,6,5,50,14,9,1,4,4,5,13,2,1,1,4,5,2,12,2,50,3,10,6,1,7,9,1,10,2,14,,17,,1,21,,121.5387864,25.0037904
112,12,29,6,48,2,12內湖區,內湖區民權東路6段280巷與康寧路3段26巷口,0,0,2,1,C03,6,5,5,30,3,2,1,4,4,5,13,4,4,10,5,5,2,16,2,37,2,9,6,1,7,5,1,10,1,11,,80,,1,21,,121.6071678,25.0707944
112,12,29,6,48,2,12內湖區,內湖區民權東路6段280巷與康寧路3段26巷口,0,0,2,2,C03,6,5,5,30,3,2,1,4,4,5,13,4,4,10,5,5,2,16,1,18,2,9,6,1,7,9,1,10,1,11,,44,,1,21,,121.6071678,25.0707944
112,12,29,7,19,2,12內湖區,內湖區內湖路2段與內湖路2段179巷口,0,0,2,2,C03,7,6,5,50,3,2,1,5,4,5,13,1,1,5,5,5,2,9,2,45,2,8,5,1,7,9,1,10,1,14,,44,,1,21,,121.5875882,25.08146923
112,12,29,7,19,2,12內湖區,內湖區內湖路2段與內湖路2段179巷口,0,0,2,1,H02,7,6,5,50,3,2,1,5,4,5,13,1,1,5,5,5,2,9,2,12,3,10,4,5,7,19,8,20,10,16,,126,,1,14,,121.5875882,25.08146923
112,12,29,7,19,2,12內湖區,內湖區內湖路2段與內湖路2段179巷口,0,0,2,3,B03,7,6,5,50,3,2,1,5,4,5,13,1,1,5,5,5,2,9,2,46,3,10,7,1,7,14,1,8,1,2,,40,,1,21,,121.5875882,25.08146923
112,12,29,7,19,2,12內湖區,內湖區內湖路2段與內湖路2段179巷口,0,0,2,4,H02,7,6,5,50,3,2,1,5,4,5,13,1,1,5,5,5,2,9,1,12,2,9,5,5,7,20,8,20,10,16,,67,,1,14,,121.5875882,25.08146923
112,12,29,7,21,2,04大安區,大安區泰順街與泰順街26巷口,0,0,2,2,C03,7,7,5,30,3,1,1,5,4,5,13,4,4,10,4,5,2,17,2,65,2,9,6,1,7,9,1,10,1,11,,14,,1,21,,121.53146,25.02509106
112,12,29,7,21,2,04大安區,大安區泰順街與泰順街26巷口,0,0,2,3,H02,7,7,5,30,3,1,1,5,4,5,13,4,4,10,4,5,2,17,2,10,2,7,6,5,7,20,8,20,10,16,,67,,1,21,,121.53146,25.02509106
112,12,29,7,21,2,04大安區,大安區泰順街與泰順街26巷口,0,0,2,1,F01,7,7,5,30,3,1,1,5,4,5,13,4,4,10,4,5,2,17,2,13,3,10,4,1,7,5,8,20,1,11,,72,,1,21,,121.53146,25.02509106
112,12,29,7,27,2,05中正區,中正區重慶南路3段與詔安街口口,0,0,3,1,F01,8,6,5,30,3,1,1,5,4,5,13,4,4,1,4,5,1,17,2,26,2,7,4,1,7,1,8,20,2,14,,19,,1,21,,121.5164447,25.02523231
112,12,29,7,27,2,05中正區,中正區重慶南路3段與詔安街口口,0,0,3,3,H02,8,6,5,30,3,1,1,5,4,5,13,4,4,1,4,5,1,17,2,48,2,8,6,5,7,20,8,20,10,16,,67,,1,21,,121.5164447,25.02523231
112,12,29,7,27,2,05中正區,中正區重慶南路3段與詔安街口口,0,0,3,2,C03,8,6,5,30,3,1,1,5,4,5,13,4,4,1,4,5,1,17,1,44,2,8,6,1,7,6,1,10,2,11,,42,,1,21,,121.5164447,25.02523231
112,12,29,7,32,2,09北投區,北投區光明路200-9號,0,0,1,1,,8,6,5,50,14,9,1,5,4,5,13,4,4,9,4,5,2,6,4,0,,,,,,,,,,,,119,,2,,,121.503875,25.1361356
112,12,29,7,32,2,09北投區,北投區光明路200-9號,0,0,1,2,H01,8,6,5,50,14,9,1,5,4,5,13,4,4,9,4,5,2,6,2,10,2,7,4,5,8,18,8,20,10,16,,53,,1,14,,121.503875,25.1361356
112,12,29,7,34,2,03中山區,中山區南京東路2段100號,0,0,1,3,H02,8,5,5,40,14,8,1,5,4,5,13,4,4,3,4,4,2,16,2,45,2,8,3,5,7,21,8,20,10,16,,67,,1,21,,121.5323605,25.0519455
112,12,29,7,34,2,03中山區,中山區南京東路2段100號,0,0,1,2,C03,8,5,5,40,14,8,1,5,4,5,13,4,4,3,4,4,2,16,1,25,3,10,3,4,7,9,1,10,1,11,,44,,1,21,,121.5323605,25.0519455
112,12,29,7,34,2,03中山區,中山區南京東路2段100號,0,0,1,1,C03,8,5,5,40,14,8,1,5,4,5,13,4,4,3,4,4,2,16,1,47,3,10,3,4,7,6,1,10,1,12,,9,,1,21,,121.5323605,25.0519455
112,12,29,8,3,2,03中山區,中山區民族東路與新生北路3段口,0,0,1,1,C03,8,7,5,50,4,1,1,5,4,5,13,1,1,10,5,5,2,13,1,20,2,8,6,1,7,9,1,10,1,11,,16,,1,21,,121.5276065,25.0683503
112,12,29,8,3,2,03中山區,中山區民族東路與新生北路3段口,0,0,1,2,C03,8,7,5,50,4,1,1,5,4,5,13,1,1,10,5,5,2,13,1,45,3,10,6,1,7,9,1,10,1,13,,44,,1,21,,121.5276065,25.0683503
112,12,29,8,6,2,06松山區,松山區八德路4段與八德路4段106巷口,0,0,1,2,C03,8,6,5,50,4,1,1,5,4,5,13,1,1,5,4,5,2,16,1,28,2,9,6,1,7,9,1,9,1,11,,13,,1,21,,121.5609916,25.04849127
112,12,29,8,6,2,06松山區,松山區八德路4段與八德路4段106巷口,0,0,1,1,B03,8,6,5,50,4,1,1,5,4,5,13,1,1,5,4,5,2,16,1,29,3,10,7,1,7,5,1,8,1,6,,8,,1,21,,121.5609916,25.04849127
112,12,29,8,12,2,10文山區,文山區木柵路1段與辛亥路6段口,0,0,1,1,B03,6,7,5,50,4,2,1,4,4,5,13,2,1,10,5,5,2,16,1,50,3,10,7,1,7,6,1,8,1,5,,107,,1,21,,121.5523677,24.9879001
112,12,29,8,12,2,10文山區,文山區木柵路1段與辛亥路6段口,0,0,1,2,C03,6,7,5,50,4,2,1,4,4,5,13,2,1,10,5,5,2,16,2,26,2,8,5,1,7,9,1,10,1,14,,108,,1,21,,121.5523677,24.9879001
112,12,29,8,22,2,05中正區,中正區南海路與南海路112巷口口,0,0,1,1,C03,7,6,5,50,3,1,1,4,4,5,13,1,1,5,4,5,1,17,2,39,3,10,6,1,7,6,1,10,1,12,,9,,1,21,,121.5078063,25.02760568
112,12,29,8,22,2,05中正區,中正區南海路與南海路112巷口口,0,0,1,2,C03,7,6,5,50,3,1,1,4,4,5,13,1,1,5,4,5,1,17,2,50,2,8,6,1,7,9,1,10,1,11,,44,,1,21,,121.5078063,25.02760568
112,12,29,8,37,2,08士林區,士林區中正路與文昌路口,0,0,1,1,,7,5,5,50,4,1,1,5,4,5,13,2,1,1,4,5,2,17,1,26,3,10,7,1,7,9,1,8,1,2,,17,,1,21,,121.521971,25.0944956
112,12,29,8,37,2,08士林區,士林區中正路與文昌路口,0,0,1,2,C03,7,5,5,50,4,1,1,5,4,5,13,2,1,1,4,5,2,17,1,67,2,9,5,1,7,9,1,10,1,14,,17,,1,21,,121.521971,25.0944956
112,12,29,8,45,2,10文山區,文山區木柵路1段與光輝路口,0,0,1,1,C03,6,7,5,30,3,2,1,4,4,5,13,1,1,10,5,5,2,13,1,25,3,10,5,1,7,6,1,10,1,11,,16,,1,21,,121.5550995,24.9880283
112,12,29,8,45,2,10文山區,文山區木柵路1段與光輝路口,0,0,1,2,C03,6,7,5,30,3,2,1,4,4,5,13,1,1,10,5,5,2,13,2,45,2,9,5,1,7,5,1,10,1,13,,42,,1,21,,121.5550995,24.9880283
112,12,29,8,50,2,12內湖區,內湖區康寧路3段與康寧路3段99巷口,0,0,1,2,B03,6,6,5,50,4,1,1,4,4,5,13,1,1,1,4,4,2,16,1,43,3,10,7,1,7,1,1,8,1,1,,44,,1,21,,121.6102341,25.07107734
112,12,29,8,50,2,12內湖區,內湖區康寧路3段與康寧路3段99巷口,0,0,1,1,C03,6,6,5,50,4,1,1,4,4,5,13,1,1,1,4,4,2,16,2,27,2,8,5,1,7,5,1,10,1,13,,8,,1,21,,121.6102341,25.07107734
112,12,29,9,2,2,01大同區,大同區昌吉街與延平北路3段口,0,0,1,1,B01,7,6,5,50,4,19,1,5,4,5,13,2,1,5,4,5,2,3,1,64,4,11,3,4,7,5,1,4,11,1,,70,,2,21,,121.5110079,25.0659749
112,12,29,9,2,2,01大同區,大同區昌吉街與延平北路3段口,0,0,1,2,H01,7,6,5,50,4,19,1,5,4,5,13,2,1,5,4,5,2,3,2,65,2,8,4,5,8,16,8,20,10,16,,122,,1,21,,121.5110079,25.0659749
112,12,29,9,51,2,04大安區,大安區敦南街台北教育大學機車停車場出入口,0,0,1,2,C03,6,6,5,30,14,9,1,4,4,5,13,4,4,10,5,5,2,17,1,22,2,8,6,1,7,6,1,10,9,12,,44,,1,21,,121.5466242,25.02321405
112,12,29,9,51,2,04大安區,大安區敦南街台北教育大學機車停車場出入口,0,0,1,1,B12,6,6,5,30,14,9,1,4,4,5,13,4,4,10,5,5,2,17,1,41,3,10,7,1,7,1,1,8,9,1,,19,,1,21,,121.5466242,25.02321405
112,12,29,10,10,2,07信義區,信義區松德路與松德路133巷口,0,0,1,2,C03,6,6,5,30,4,1,1,4,4,5,13,2,1,1,4,1,1,16,1,30,2,8,3,4,7,9,1,10,1,14,,13,,1,21,,121.5748742,25.037472
112,12,29,10,10,2,07信義區,信義區松德路與松德路133巷口,0,0,1,1,B01,6,6,5,30,4,1,1,4,4,5,13,2,1,1,4,1,1,16,1,69,3,10,3,4,7,5,1,4,1,1,,8,,1,21,,121.5748742,25.037472
112,12,29,10,32,2,07信義區,信義區松高路與松智路口口,0,0,1,2,C03,6,6,5,50,3,1,1,4,4,5,13,2,1,9,4,5,1,16,1,30,2,9,3,4,7,9,1,10,1,12,,44,,1,22,,121.5654904,25.0389851
112,12,29,10,32,2,07信義區,信義區松高路與松智路口口,0,0,1,1,B12,6,6,5,50,3,1,1,4,4,5,13,2,1,9,4,5,1,16,2,68,3,10,3,4,7,6,1,8,1,8,,71,,1,22,,121.5654904,25.0389851
112,12,29,10,34,2,10文山區,文山區溪洲街137巷23弄與萬隆街口,0,0,1,2,C03,6,6,5,30,4,1,1,4,4,5,13,4,4,10,5,5,2,15,2,24,2,9,6,1,7,9,1,10,1,14,,99,,1,21,,121.5363635,25.0009687
112,12,29,10,34,2,10文山區,文山區溪洲街137巷23弄與萬隆街口,0,0,1,1,B03,6,6,5,30,4,1,1,4,4,5,13,4,4,10,5,5,2,15,1,42,3,10,7,1,7,9,1,8,1,1,,73,,1,21,,121.5363635,25.0009687
112,12,29,11,44,2,03中山區,中山區市民大道3段與八德路2段300巷口,0,0,1,2,C03,8,6,6,40,4,1,1,5,4,5,13,4,4,1,4,5,2,16,1,22,2,9,6,4,7,9,1,10,1,14,,108,,1,22,,121.5428849,25.044874
112,12,29,11,44,2,03中山區,中山區市民大道3段與八德路2段300巷口,0,0,1,1,B11,8,6,6,40,4,1,1,5,4,5,13,4,4,1,4,5,2,16,1,43,3,10,3,4,7,6,1,4,1,5,,9,,1,22,,121.5428849,25.044874
112,12,29,11,47,2,01大同區,大同區長安西路243號,0,0,2,1,C03,7,6,5,50,14,9,1,5,4,5,13,4,4,5,2,5,2,17,1,50,2,9,5,1,7,11,1,10,1,12,,10,,1,21,,121.511437,25.0520551
112,12,29,11,47,2,01大同區,大同區長安西路243號,0,0,2,2,C03,7,6,5,50,14,9,1,5,4,5,13,4,4,5,2,5,2,17,1,23,2,7,5,1,7,9,1,10,1,11,,44,,1,21,,121.511437,25.0520551
112,12,29,11,52,2,04大安區,大安區安和路2段184巷與安和路2段口,0,0,1,3,H02,8,5,5,50,3,1,1,5,4,5,13,4,4,1,3,1,2,17,2,22,2,7,5,5,7,20,8,20,10,17,,67,,1,21,,121.5501102,25.02497997
112,12,29,11,52,2,04大安區,大安區安和路2段184巷與安和路2段口,0,0,1,2,C03,8,5,5,50,3,1,1,5,4,5,13,4,4,1,3,1,2,17,1,22,3,10,5,1,7,9,1,10,1,11,,14,,1,21,,121.5501102,25.02497997
112,12,29,11,52,2,04大安區,大安區安和路2段184巷與安和路2段口,0,0,1,1,C03,8,5,5,50,3,1,1,5,4,5,13,4,4,1,3,1,2,17,2,55,3,10,5,1,7,6,1,10,1,12,,16,,1,21,,121.5501102,25.02497997
112,12,29,11,54,2,02萬華區,萬華區萬大路329巷3弄與萬大路329巷3弄口,0,0,2,2,C03,8,5,5,30,3,1,1,5,4,5,13,4,4,10,5,5,2,17,2,44,2,9,6,4,7,9,1,10,1,12,,14,,1,22,,121.5006434,25.02394017
112,12,29,11,54,2,02萬華區,萬華區萬大路329巷3弄與萬大路329巷3弄口,0,0,2,1,C03,8,5,5,30,3,1,1,5,4,5,13,4,4,10,5,5,2,17,2,44,2,9,6,4,7,9,3,18,1,15,,72,,1,22,,121.5006434,25.02394017
112,12,29,12,2,2,05中正區,中正區和平西路1段與牯嶺街口,0,0,2,2,B01,7,7,5,50,4,1,1,5,4,5,13,1,1,1,4,4,2,12,1,63,3,10,7,4,7,9,1,3,2,8,,44,,1,21,,121.5194636,25.0263254
112,12,29,12,2,2,05中正區,中正區和平西路1段與牯嶺街口,0,0,2,3,H02,7,7,5,50,4,1,1,5,4,5,13,1,1,1,4,4,2,12,2,27,2,8,5,5,7,20,8,20,10,16,,67,,1,21,,121.5194636,25.0263254
112,12,29,12,2,2,05中正區,中正區和平西路1段與牯嶺街口,0,0,2,1,C03,7,7,5,50,4,1,1,5,4,5,13,1,1,1,4,4,2,12,2,65,2,9,5,4,7,9,1,10,2,12,,108,,1,21,,121.5194636,25.0263254
112,12,29,12,9,2,04大安區,大安區光復南路與延吉街口,0,0,2,1,C03,6,6,5,50,3,1,1,4,4,5,13,4,4,1,4,5,2,17,2,50,2,9,6,1,7,6,1,10,1,13,,44,,1,21,,121.55744,25.0338589
112,12,29,12,9,2,04大安區,大安區光復南路與延吉街口,0,0,2,2,C03,6,6,5,50,3,1,1,4,4,5,13,4,4,1,4,5,2,17,1,24,2,9,6,1,7,9,1,10,1,15,,44,,1,21,,121.55744,25.0338589
112,12,29,12,10,2,12內湖區,內湖區新湖三路與新湖二路口,0,0,2,2,C03,6,7,5,40,4,1,1,4,4,5,13,4,4,5,4,5,2,16,1,28,2,9,5,1,7,9,1,9,2,11,,44,,1,21,,121.5846389,25.0650553
112,12,29,12,10,2,12內湖區,內湖區新湖三路與新湖二路口,0,0,2,1,C03,6,7,5,40,4,1,1,4,4,5,13,4,4,5,4,5,2,16,1,30,2,9,5,1,7,9,1,10,2,11,,72,,1,21,,121.5846389,25.0650553
112,12,29,12,48,2,01大同區,大同區西寧北路114號,0,0,1,1,B03,8,6,5,50,14,9,1,5,4,5,13,4,4,4,4,5,2,17,1,35,3,10,3,4,7,11,1,8,1,5,,10,,1,21,,121.5089419,25.056256
112,12,29,12,48,2,01大同區,大同區西寧北路114號,0,0,1,2,C03,8,6,5,50,14,9,1,5,4,5,13,4,4,4,4,5,2,17,1,28,2,9,3,4,7,9,1,10,1,14,,42,,1,21,,121.5089419,25.056256
112,12,29,12,48,2,01大同區,大同區西寧北路114號,0,0,1,3,B03,8,6,5,50,14,9,1,5,4,5,13,4,4,4,4,5,2,17,3,43,,,,,,,,,,,,67,,1,,,121.5089419,25.056256
112,12,29,13,10,2,04大安區,大安區延吉街與延吉街138巷口,0,0,1,2,C03,6,7,5,50,4,1,1,4,4,5,13,4,4,7,5,5,1,16,1,28,2,8,5,1,7,9,1,10,1,11,,44,,1,21,,121.5548826,25.0398205
112,12,29,13,10,2,04大安區,大安區延吉街與延吉街138巷口,0,0,1,1,B01,6,7,5,50,4,1,1,4,4,5,13,4,4,7,5,5,1,16,1,43,3,10,7,1,7,5,1,4,1,5,,74,,1,21,,121.5548826,25.0398205
112,12,29,13,14,2,08士林區,士林區基河路258號對面,0,0,1,2,B01,7,6,5,50,14,9,1,5,4,5,13,4,4,5,4,5,1,11,1,63,3,10,7,1,7,9,1,4,1,5,,16,,1,21,,121.520403,25.09286732
112,12,29,13,14,2,08士林區,士林區基河路258號對面,0,0,1,3,B11,7,6,5,50,14,9,1,5,4,5,13,4,4,5,4,5,1,11,1,29,3,10,7,1,7,14,1,4,1,2,,44,,1,21,,121.520403,25.09286732
112,12,29,13,14,2,08士林區,士林區基河路258號對面,0,0,1,1,C03,7,6,5,50,14,9,1,5,4,5,13,4,4,5,4,5,1,11,2,63,2,9,5,1,7,11,1,10,1,13,,10,,1,21,,121.520403,25.09286732
112,12,29,13,15,2,07信義區,信義區松德路200巷與信義路5段91巷15弄口,0,0,2,1,C03,6,7,5,30,4,1,1,4,4,5,13,3,1,9,5,5,2,15,1,51,2,8,3,4,7,9,1,10,1,12,,72,,1,21,,121.5735173,25.0347069
112,12,29,13,15,2,07信義區,信義區松德路200巷與信義路5段91巷15弄口,0,0,2,2,C03,6,7,5,30,4,1,1,4,4,5,13,3,1,9,5,5,2,15,1,42,2,9,3,4,7,9,1,10,1,11,,13,,1,21,,121.5735173,25.0347069
112,12,29,13,20,2,10文山區,文山區辛亥路7段與辛亥路7段26巷口,0,0,2,1,C03,6,7,5,50,11,7,1,4,4,5,13,2,1,5,2,4,2,13,1,18,2,5,5,2,7,9,1,10,1,11,,108,,1,21,,121.5532962,24.986255
112,12,29,13,20,2,10文山區,文山區辛亥路7段與辛亥路7段26巷口,0,0,2,2,C05,6,7,5,50,11,7,1,4,4,5,13,2,1,5,2,4,2,13,1,41,2,9,5,1,7,14,1,10,1,13,,44,,1,21,,121.5532962,24.986255
112,12,29,13,35,2,10文山區,文山區景華街與景華街52巷口,0,0,1,1,C04,7,6,5,30,3,1,1,4,4,5,13,4,4,5,5,5,2,16,2,19,2,8,6,1,7,6,1,10,1,11,,72,,1,22,,121.5438122,24.9950706
112,12,29,13,35,2,10文山區,文山區景華街與景華街52巷口,0,0,1,2,B03,7,6,5,30,3,1,1,4,4,5,13,4,4,5,5,5,2,16,1,65,3,10,7,1,7,9,1,8,1,5,,44,,1,22,,121.5438122,24.9950706
112,12,29,13,56,2,07信義區,信義區吳興街600巷56號對面,0,0,1,1,B03,6,6,5,30,14,9,1,4,4,5,13,4,4,10,5,5,1,12,1,35,3,10,3,4,7,14,1,8,2,4,,40,,1,22,,121.5704185,25.01974698
112,12,29,13,56,2,07信義區,信義區吳興街600巷56號對面,0,0,1,2,C03,6,6,5,30,14,9,1,4,4,5,13,4,4,10,5,5,1,12,1,28,3,10,3,4,7,9,1,10,2,17,,44,,1,23,,121.5704185,25.01974698
112,12,29,13,56,2,07信義區,信義區吳興街600巷56號對面,0,0,1,3,H02,6,6,5,30,14,9,1,4,4,5,13,4,4,10,5,5,1,12,2,27,2,8,3,5,7,20,8,20,10,17,,67,,1,23,,121.5704185,25.01974698
112,12,29,14,22,2,12內湖區,內湖區金龍路與金龍路13巷口,0,0,1,1,B11,6,6,5,50,3,1,1,4,4,5,13,4,4,5,4,5,2,17,1,47,3,10,7,1,7,5,1,4,1,2,,80,,1,21,,121.5947452,25.08448807
112,12,29,14,22,2,12內湖區,內湖區金龍路與金龍路13巷口,0,0,1,2,C03,6,6,5,50,3,1,1,4,4,5,13,4,4,5,4,5,2,17,1,30,2,9,5,1,7,9,1,9,1,11,,108,,1,21,,121.5947452,25.08448807
112,12,29,14,37,2,09北投區,北投區大度路與怡和巷口,0,0,3,1,C03,8,7,5,30,3,2,1,5,4,5,13,4,4,1,4,5,1,13,2,48,2,7,3,4,7,6,1,10,1,13,,44,,1,22,,121.4956761,25.12159905
112,12,29,14,37,2,09北投區,北投區大度路與怡和巷口,0,0,3,2,C03,8,7,5,30,3,2,1,5,4,5,13,4,4,1,4,5,1,13,2,19,2,9,3,4,7,9,1,10,1,11,,108,,1,22,,121.4956761,25.12159905
112,12,29,14,37,2,09北投區,北投區大度路與怡和巷口,0,0,3,3,H02,8,7,5,30,3,2,1,5,4,5,13,4,4,1,4,5,1,13,2,19,2,8,3,5,7,21,8,20,10,16,,67,,1,22,,121.4956761,25.12159905
112,12,29,14,45,2,02萬華區,萬華區環河南路1段131號,0,0,1,2,C03,7,7,5,50,14,9,1,5,4,5,13,4,4,9,4,5,2,13,1,31,2,8,5,1,7,9,1,10,1,11,,44,,1,21,,121.5004534,25.04266609
112,12,29,14,45,2,02萬華區,萬華區環河南路1段131號,0,0,1,1,B03,7,7,5,50,14,9,1,5,4,5,13,4,4,9,4,5,2,13,2,47,3,10,7,1,7,11,1,8,1,7,,10,,1,21,,121.5004534,25.04266609
112,12,29,14,51,2,04大安區,大安區永康街12-5號前,0,0,2,1,F01,8,6,5,30,22,9,1,5,4,5,13,4,4,9,4,5,2,17,4,0,4,11,3,4,7,1,8,20,11,17,,106,,2,21,,121.5295086,25.03141577
112,12,29,14,51,2,04大安區,大安區永康街12-5號前,0,0,2,2,F02,8,6,5,30,22,9,1,5,4,5,13,4,4,9,4,5,2,17,2,41,2,9,4,1,7,12,8,20,9,17,,116,,1,21,,121.5295086,25.03141577
112,12,29,14,51,2,04大安區,大安區永康街12-5號前,0,0,2,3,H02,8,6,5,30,22,9,1,5,4,5,13,4,4,9,4,5,2,17,2,8,2,9,4,5,7,20,8,20,10,17,,67,,1,21,,121.5295086,25.03141577
112,12,29,15,0,2,02萬華區,萬華區中華路2段307巷與中華路2段口,0,0,1,1,B02,8,6,5,30,4,1,1,5,4,5,13,2,1,5,5,4,2,3,1,21,3,10,7,1,7,5,1,8,2,8,,70,,1,21,,121.505291,25.02859698
112,12,29,15,0,2,02萬華區,萬華區中華路2段307巷與中華路2段口,0,0,1,2,H01,8,6,5,30,4,1,1,5,4,5,13,2,1,5,5,4,2,3,1,90,2,7,4,5,8,16,8,20,10,16,,67,,1,21,,121.505291,25.02859698
112,12,29,15,2,2,07信義區,信義區忠孝東路5段與松仁路口,0,0,1,2,C03,8,7,5,50,4,1,1,5,4,5,13,2,1,8,3,5,2,17,1,25,2,9,3,4,7,15,1,10,1,13,,44,,1,21,,121.5686668,25.0409604
112,12,29,15,2,2,07信義區,信義區忠孝東路5段與松仁路口,0,0,1,1,B03,8,7,5,50,4,1,1,5,4,5,13,2,1,8,3,5,2,17,1,40,3,10,3,4,7,15,1,8,1,1,,108,,1,21,,121.5686668,25.0409604
112,12,29,15,25,2,07信義區,信義區永吉路與松山路口,0,0,1,1,C03,6,5,5,50,4,2,1,4,4,5,13,2,1,1,4,5,2,17,1,63,2,9,5,1,7,15,1,10,1,14,,16,,1,22,,121.5777547,25.0456014
112,12,29,15,25,2,07信義區,信義區永吉路與松山路口,0,0,1,2,B01,6,5,5,50,4,2,1,4,4,5,13,2,1,1,4,5,2,17,1,69,3,10,7,1,7,14,1,4,1,7,,44,,1,22,,121.5777547,25.0456014
112,12,29,15,51,2,08士林區,士林區通河東街2段與百齡橋口,0,0,1,2,C03,8,7,5,30,3,1,1,5,4,5,13,4,4,1,5,5,1,15,1,80,2,9,5,1,7,9,1,10,2,13,,44,,1,21,,121.5153016,25.09047187